근거브리지ID,시도명,시군구명,작물명,관측연도,관측월,NCPMS관측행수,NCPMS고유조사일수,스마트팜동일연도행수,스마트팜동일연도사례수,스마트팜역사행수,스마트팜역사사례수,스마트팜보유연도,시설유형,재배면적합계,시도작물동일연도행수,시도작물시군구수,연결등급,연결근거,직접필지공통키,위험점수보정허용,연결용도,한계
EB-BE3C28721BE2809D,강원특별자치도,강릉시,논벼,2024,,8,0,0,0,0,0,,,,0,0,미연결,공통 공간·작물 근거 없음,아니오,아니오,재배환경 맥락·현장 표본 후보 탐색,동일 농가·필지를 식별하지 않으므로 인과효과나 개별농가 위험값으로 해석할 수 없음
EB-4975D3ED3B320A1A,강원특별자치도,고성군,논벼,2024,,8,0,0,0,0,0,,,,0,0,미연결,공통 공간·작물 근거 없음,아니오,아니오,재배환경 맥락·현장 표본 후보 탐색,동일 농가·필지를 식별하지 않으므로 인과효과나 개별농가 위험값으로 해석할 수 없음
EB-E5A407D2BA764243,강원특별자치도,삼척시,고추,2024,,7,0,0,0,0,0,,,,0,0,미연결,공통 공간·작물 근거 없음,아니오,아니오,재배환경 맥락·현장 표본 후보 탐색,동일 농가·필지를 식별하지 않으므로 인과효과나 개별농가 위험값으로 해석할 수 없음
EB-1150A0E566E5B1BA,강원특별자치도,삼척시,논벼,2024,,8,0,0,0,0,0,,,,0,0,미연결,공통 공간·작물 근거 없음,아니오,아니오,재배환경 맥락·현장 표본 후보 탐색,동일 농가·필지를 식별하지 않으므로 인과효과나 개별농가 위험값으로 해석할 수 없음
EB-943E58519D224D69,강원특별자치도,삼척시,마늘,2024,,6,0,0,0,0,0,,,,0,0,미연결,공통 공간·작물 근거 없음,아니오,아니오,재배환경 맥락·현장 표본 후보 탐색,동일 농가·필지를 식별하지 않으므로 인과효과나 개별농가 위험값으로 해석할 수 없음
EB-3358A3AD74F2DA69,강원특별자치도,양구군,논벼,2024,,8,0,0,0,0,0,,,,0,0,미연결,공통 공간·작물 근거 없음,아니오,아니오,재배환경 맥락·현장 표본 후보 탐색,동일 농가·필지를 식별하지 않으므로 인과효과나 개별농가 위험값으로 해석할 수 없음
EB-B6A7335C69D085A0,강원특별자치도,양양군,논벼,2024,,8,0,0,0,0,0,,,,0,0,미연결,공통 공간·작물 근거 없음,아니오,아니오,재배환경 맥락·현장 표본 후보 탐색,동일 농가·필지를 식별하지 않으므로 인과효과나 개별농가 위험값으로 해석할 수 없음
EB-22ED670799CA5089,강원특별자치도,영월군,고추,2024,,3,0,0,0,0,0,,,,0,0,미연결,공통 공간·작물 근거 없음,아니오,아니오,재배환경 맥락·현장 표본 후보 탐색,동일 농가·필지를 식별하지 않으므로 인과효과나 개별농가 위험값으로 해석할 수 없음
EB-6BE9C05448555852,강원특별자치도,영월군,논벼,2024,,8,0,0,0,0,0,,,,0,0,미연결,공통 공간·작물 근거 없음,아니오,아니오,재배환경 맥락·현장 표본 후보 탐색,동일 농가·필지를 식별하지 않으므로 인과효과나 개별농가 위험값으로 해석할 수 없음
EB-7EE7EF47627847AD,강원특별자치도,영월군,사과,2024,,5,0,0,0,0,0,,,,0,0,미연결,공통 공간·작물 근거 없음,아니오,아니오,재배환경 맥락·현장 표본 후보 탐색,동일 농가·필지를 식별하지 않으므로 인과효과나 개별농가 위험값으로 해석할 수 없음
EB-6EF941D22C778D01,강원특별자치도,원주시,고추,2024,,7,0,0,0,0,0,,,,0,0,미연결,공통 공간·작물 근거 없음,아니오,아니오,재배환경 맥락·현장 표본 후보 탐색,동일 농가·필지를 식별하지 않으므로 인과효과나 개별농가 위험값으로 해석할 수 없음
EB-F5F7CBEE17A0B96F,강원특별자치도,원주시,논벼,2024,,8,0,0,0,0,0,,,,0,0,미연결,공통 공간·작물 근거 없음,아니오,아니오,재배환경 맥락·현장 표본 후보 탐색,동일 농가·필지를 식별하지 않으므로 인과효과나 개별농가 위험값으로 해석할 수 없음
EB-E58E31EFB47AA075,강원특별자치도,원주시,배,2024,,9,0,0,0,0,0,,,,0,0,미연결,공통 공간·작물 근거 없음,아니오,아니오,재배환경 맥락·현장 표본 후보 탐색,동일 농가·필지를 식별하지 않으므로 인과효과나 개별농가 위험값으로 해석할 수 없음
EB-4491184EADC0DF9C,강원특별자치도,원주시,복숭아,2024,,7,0,0,0,0,0,,,,0,0,미연결,공통 공간·작물 근거 없음,아니오,아니오,재배환경 맥락·현장 표본 후보 탐색,동일 농가·필지를 식별하지 않으므로 인과효과나 개별농가 위험값으로 해석할 수 없음
EB-A64089C3A42A0A42,강원특별자치도,인제군,논벼,2024,,8,0,0,0,0,0,,,,0,0,미연결,공통 공간·작물 근거 없음,아니오,아니오,재배환경 맥락·현장 표본 후보 탐색,동일 농가·필지를 식별하지 않으므로 인과효과나 개별농가 위험값으로 해석할 수 없음
EB-14F4AEDE443998B8,강원특별자치도,정선군,고추,2024,,5,0,0,0,0,0,,,,0,0,미연결,공통 공간·작물 근거 없음,아니오,아니오,재배환경 맥락·현장 표본 후보 탐색,동일 농가·필지를 식별하지 않으므로 인과효과나 개별농가 위험값으로 해석할 수 없음
EB-6CE2E1AEEBA17969,강원특별자치도,철원군,논벼,2024,,8,0,0,0,0,0,,,,0,0,미연결,공통 공간·작물 근거 없음,아니오,아니오,재배환경 맥락·현장 표본 후보 탐색,동일 농가·필지를 식별하지 않으므로 인과효과나 개별농가 위험값으로 해석할 수 없음
EB-48C70C507E926A19,강원특별자치도,춘천시,논벼,2024,,8,0,0,0,0,0,,,,0,0,미연결,공통 공간·작물 근거 없음,아니오,아니오,재배환경 맥락·현장 표본 후보 탐색,동일 농가·필지를 식별하지 않으므로 인과효과나 개별농가 위험값으로 해석할 수 없음
EB-D7239E5E21E53676,강원특별자치도,춘천시,복숭아,2024,,8,0,0,0,0,0,,,,0,0,미연결,공통 공간·작물 근거 없음,아니오,아니오,재배환경 맥락·현장 표본 후보 탐색,동일 농가·필지를 식별하지 않으므로 인과효과나 개별농가 위험값으로 해석할 수 없음
EB-69EF3E17D6F6CDEC,강원특별자치도,춘천시,사과,2024,,10,0,0,0,0,0,,,,0,0,미연결,공통 공간·작물 근거 없음,아니오,아니오,재배환경 맥락·현장 표본 후보 탐색,동일 농가·필지를 식별하지 않으므로 인과효과나 개별농가 위험값으로 해석할 수 없음
EB-396002F8CACC1CEA,강원특별자치도,평창군,고추,2024,,7,0,0,0,0,0,,,,0,0,미연결,공통 공간·작물 근거 없음,아니오,아니오,재배환경 맥락·현장 표본 후보 탐색,동일 농가·필지를 식별하지 않으므로 인과효과나 개별농가 위험값으로 해석할 수 없음
EB-71994DB9CCA07BDB,강원특별자치도,평창군,논벼,2024,,8,0,0,0,0,0,,,,0,0,미연결,공통 공간·작물 근거 없음,아니오,아니오,재배환경 맥락·현장 표본 후보 탐색,동일 농가·필지를 식별하지 않으므로 인과효과나 개별농가 위험값으로 해석할 수 없음
EB-66A2D6A87F162950,강원특별자치도,홍천군,고추,2024,,7,0,0,0,0,0,,,,0,0,미연결,공통 공간·작물 근거 없음,아니오,아니오,재배환경 맥락·현장 표본 후보 탐색,동일 농가·필지를 식별하지 않으므로 인과효과나 개별농가 위험값으로 해석할 수 없음
EB-ECD873C4BF74B4FA,강원특별자치도,홍천군,논벼,2024,,8,0,0,0,0,0,,,,0,0,미연결,공통 공간·작물 근거 없음,아니오,아니오,재배환경 맥락·현장 표본 후보 탐색,동일 농가·필지를 식별하지 않으므로 인과효과나 개별농가 위험값으로 해석할 수 없음
EB-2EAA99742DC78FC8,강원특별자치도,화천군,논벼,2024,,8,0,0,0,0,0,,,,0,0,미연결,공통 공간·작물 근거 없음,아니오,아니오,재배환경 맥락·현장 표본 후보 탐색,동일 농가·필지를 식별하지 않으므로 인과효과나 개별농가 위험값으로 해석할 수 없음
EB-42A355D2427193AE,강원특별자치도,횡성군,고추,2024,,7,0,0,0,0,0,,,,0,0,미연결,공통 공간·작물 근거 없음,아니오,아니오,재배환경 맥락·현장 표본 후보 탐색,동일 농가·필지를 식별하지 않으므로 인과효과나 개별농가 위험값으로 해석할 수 없음
EB-3E4E9D2F46C2E908,강원특별자치도,횡성군,논벼,2024,,8,0,0,0,0,0,,,,0,0,미연결,공통 공간·작물 근거 없음,아니오,아니오,재배환경 맥락·현장 표본 후보 탐색,동일 농가·필지를 식별하지 않으므로 인과효과나 개별농가 위험값으로 해석할 수 없음
EB-7C1B12B62C3931A4,경기도,가평군,논벼,2024,,8,0,0,0,0,0,,,,0,0,미연결,공통 공간·작물 근거 없음,아니오,아니오,재배환경 맥락·현장 표본 후보 탐색,동일 농가·필지를 식별하지 않으므로 인과효과나 개별농가 위험값으로 해석할 수 없음
EB-44A5C781D5C7DB31,경기도,가평군,사과,2024,,10,0,0,0,0,0,,,,0,0,미연결,공통 공간·작물 근거 없음,아니오,아니오,재배환경 맥락·현장 표본 후보 탐색,동일 농가·필지를 식별하지 않으므로 인과효과나 개별농가 위험값으로 해석할 수 없음
EB-6C6833E99F5FECDF,경기도,가평군,포도,2024,,15,0,0,0,0,0,,,,0,0,미연결,공통 공간·작물 근거 없음,아니오,아니오,재배환경 맥락·현장 표본 후보 탐색,동일 농가·필지를 식별하지 않으므로 인과효과나 개별농가 위험값으로 해석할 수 없음
EB-D3C44263EDFB9716,경기도,고양시,논벼,2024,,8,0,0,0,0,0,,,,0,0,미연결,공통 공간·작물 근거 없음,아니오,아니오,재배환경 맥락·현장 표본 후보 탐색,동일 농가·필지를 식별하지 않으므로 인과효과나 개별농가 위험값으로 해석할 수 없음
EB-AF3631A2344D3712,경기도,광주시,논벼,2024,,8,0,0,0,0,0,,,,0,0,미연결,공통 공간·작물 근거 없음,아니오,아니오,재배환경 맥락·현장 표본 후보 탐색,동일 농가·필지를 식별하지 않으므로 인과효과나 개별농가 위험값으로 해석할 수 없음
EB-7AE71D1A32F9BD89,경기도,김포시,논벼,2024,,8,0,0,0,0,0,,,,0,0,미연결,공통 공간·작물 근거 없음,아니오,아니오,재배환경 맥락·현장 표본 후보 탐색,동일 농가·필지를 식별하지 않으므로 인과효과나 개별농가 위험값으로 해석할 수 없음
EB-DE048482ED7BBCA0,경기도,남양주시,배,2024,,11,0,0,0,0,0,,,,0,0,미연결,공통 공간·작물 근거 없음,아니오,아니오,재배환경 맥락·현장 표본 후보 탐색,동일 농가·필지를 식별하지 않으므로 인과효과나 개별농가 위험값으로 해석할 수 없음
EB-8381C1EBFE6F21D2,경기도,시흥시,논벼,2024,,8,0,0,0,0,0,,,,0,0,미연결,공통 공간·작물 근거 없음,아니오,아니오,재배환경 맥락·현장 표본 후보 탐색,동일 농가·필지를 식별하지 않으므로 인과효과나 개별농가 위험값으로 해석할 수 없음
EB-11A9E2C023A6D920,경기도,안성시,고추,2024,,7,0,0,0,0,0,,,,0,0,미연결,공통 공간·작물 근거 없음,아니오,아니오,재배환경 맥락·현장 표본 후보 탐색,동일 농가·필지를 식별하지 않으므로 인과효과나 개별농가 위험값으로 해석할 수 없음
EB-A8E3D486CE663C0B,경기도,안성시,논벼,2024,,8,0,0,0,0,0,,,,0,0,미연결,공통 공간·작물 근거 없음,아니오,아니오,재배환경 맥락·현장 표본 후보 탐색,동일 농가·필지를 식별하지 않으므로 인과효과나 개별농가 위험값으로 해석할 수 없음
EB-E513E4505B4F9A1C,경기도,안성시,배,2024,,11,0,0,0,0,0,,,,0,0,미연결,공통 공간·작물 근거 없음,아니오,아니오,재배환경 맥락·현장 표본 후보 탐색,동일 농가·필지를 식별하지 않으므로 인과효과나 개별농가 위험값으로 해석할 수 없음
EB-F19392E087AB87FA,경기도,안성시,포도,2024,,15,0,0,0,0,0,,,,0,0,미연결,공통 공간·작물 근거 없음,아니오,아니오,재배환경 맥락·현장 표본 후보 탐색,동일 농가·필지를 식별하지 않으므로 인과효과나 개별농가 위험값으로 해석할 수 없음
EB-2D2F090C79CCC602,경기도,양주시,논벼,2024,,8,0,0,0,0,0,,,,0,0,미연결,공통 공간·작물 근거 없음,아니오,아니오,재배환경 맥락·현장 표본 후보 탐색,동일 농가·필지를 식별하지 않으므로 인과효과나 개별농가 위험값으로 해석할 수 없음
EB-F4D6B860744CAEDD,경기도,양평군,고추,2024,,7,0,0,0,0,0,,,,0,0,미연결,공통 공간·작물 근거 없음,아니오,아니오,재배환경 맥락·현장 표본 후보 탐색,동일 농가·필지를 식별하지 않으므로 인과효과나 개별농가 위험값으로 해석할 수 없음
EB-9AD8A36FDFB942C5,경기도,양평군,논벼,2024,,8,0,0,0,0,0,,,,0,0,미연결,공통 공간·작물 근거 없음,아니오,아니오,재배환경 맥락·현장 표본 후보 탐색,동일 농가·필지를 식별하지 않으므로 인과효과나 개별농가 위험값으로 해석할 수 없음
EB-DDD1E5816BE212ED,경기도,여주시,고추,2024,,7,0,0,0,0,0,,,,0,0,미연결,공통 공간·작물 근거 없음,아니오,아니오,재배환경 맥락·현장 표본 후보 탐색,동일 농가·필지를 식별하지 않으므로 인과효과나 개별농가 위험값으로 해석할 수 없음
EB-6DCCEBDF61CEC471,경기도,여주시,논벼,2024,,8,0,0,0,0,0,,,,0,0,미연결,공통 공간·작물 근거 없음,아니오,아니오,재배환경 맥락·현장 표본 후보 탐색,동일 농가·필지를 식별하지 않으므로 인과효과나 개별농가 위험값으로 해석할 수 없음
EB-7C2F98C52721EE22,경기도,여주시,복숭아,2024,,9,0,0,0,0,0,,,,0,0,미연결,공통 공간·작물 근거 없음,아니오,아니오,재배환경 맥락·현장 표본 후보 탐색,동일 농가·필지를 식별하지 않으므로 인과효과나 개별농가 위험값으로 해석할 수 없음
EB-916279E3E83E91E8,경기도,연천군,논벼,2024,,8,0,0,0,0,0,,,,0,0,미연결,공통 공간·작물 근거 없음,아니오,아니오,재배환경 맥락·현장 표본 후보 탐색,동일 농가·필지를 식별하지 않으므로 인과효과나 개별농가 위험값으로 해석할 수 없음
EB-35AA7563DF87E65E,경기도,용인시,논벼,2024,,8,0,0,0,0,0,,,,0,0,미연결,공통 공간·작물 근거 없음,아니오,아니오,재배환경 맥락·현장 표본 후보 탐색,동일 농가·필지를 식별하지 않으므로 인과효과나 개별농가 위험값으로 해석할 수 없음
EB-837F203A6305B37A,경기도,이천시,고추,2024,,7,0,0,0,0,0,,,,0,0,미연결,공통 공간·작물 근거 없음,아니오,아니오,재배환경 맥락·현장 표본 후보 탐색,동일 농가·필지를 식별하지 않으므로 인과효과나 개별농가 위험값으로 해석할 수 없음
EB-75B0899FA1E5DD74,경기도,이천시,논벼,2024,,8,0,0,0,0,0,,,,0,0,미연결,공통 공간·작물 근거 없음,아니오,아니오,재배환경 맥락·현장 표본 후보 탐색,동일 농가·필지를 식별하지 않으므로 인과효과나 개별농가 위험값으로 해석할 수 없음
EB-55E9953227CD6042,경기도,이천시,복숭아,2024,,8,0,0,0,0,0,,,,0,0,미연결,공통 공간·작물 근거 없음,아니오,아니오,재배환경 맥락·현장 표본 후보 탐색,동일 농가·필지를 식별하지 않으므로 인과효과나 개별농가 위험값으로 해석할 수 없음
EB-C40DB96FEB8127BA,경기도,파주시,논벼,2024,,8,0,0,0,0,0,,,,0,0,미연결,공통 공간·작물 근거 없음,아니오,아니오,재배환경 맥락·현장 표본 후보 탐색,동일 농가·필지를 식별하지 않으므로 인과효과나 개별농가 위험값으로 해석할 수 없음
EB-1D7B6240FAC31E5B,경기도,평택시,논벼,2024,,8,0,0,0,0,0,,,,0,0,미연결,공통 공간·작물 근거 없음,아니오,아니오,재배환경 맥락·현장 표본 후보 탐색,동일 농가·필지를 식별하지 않으므로 인과효과나 개별농가 위험값으로 해석할 수 없음
EB-44433DCC85399616,경기도,평택시,배,2024,,11,0,0,0,0,0,,,,0,0,미연결,공통 공간·작물 근거 없음,아니오,아니오,재배환경 맥락·현장 표본 후보 탐색,동일 농가·필지를 식별하지 않으므로 인과효과나 개별농가 위험값으로 해석할 수 없음
EB-82B9AF0A13738FCF,경기도,포천시,논벼,2024,,8,0,0,0,0,0,,,,0,0,미연결,공통 공간·작물 근거 없음,아니오,아니오,재배환경 맥락·현장 표본 후보 탐색,동일 농가·필지를 식별하지 않으므로 인과효과나 개별농가 위험값으로 해석할 수 없음
EB-6551EDA8CF874539,경기도,포천시,사과,2024,,10,0,0,0,0,0,,,,0,0,미연결,공통 공간·작물 근거 없음,아니오,아니오,재배환경 맥락·현장 표본 후보 탐색,동일 농가·필지를 식별하지 않으므로 인과효과나 개별농가 위험값으로 해석할 수 없음
EB-DCB69C2E7CB00D30,경기도,화성시,고추,2024,,7,0,0,0,0,0,,,,0,0,미연결,공통 공간·작물 근거 없음,아니오,아니오,재배환경 맥락·현장 표본 후보 탐색,동일 농가·필지를 식별하지 않으므로 인과효과나 개별농가 위험값으로 해석할 수 없음
EB-035ECC0EDAA9E71E,경기도,화성시,논벼,2024,,8,0,0,0,0,0,,,,0,0,미연결,공통 공간·작물 근거 없음,아니오,아니오,재배환경 맥락·현장 표본 후보 탐색,동일 농가·필지를 식별하지 않으므로 인과효과나 개별농가 위험값으로 해석할 수 없음
EB-86E065B28B7FBAD3,경기도,화성시,포도,2024,,13,0,0,0,0,0,,,,0,0,미연결,공통 공간·작물 근거 없음,아니오,아니오,재배환경 맥락·현장 표본 후보 탐색,동일 농가·필지를 식별하지 않으므로 인과효과나 개별농가 위험값으로 해석할 수 없음
EB-8841F399E3C6BBB7,경상남도,거제시,논벼,2024,,8,0,0,0,0,0,,,,0,0,미연결,공통 공간·작물 근거 없음,아니오,아니오,재배환경 맥락·현장 표본 후보 탐색,동일 농가·필지를 식별하지 않으므로 인과효과나 개별농가 위험값으로 해석할 수 없음
EB-0AFBB6B575170CC7,경상남도,거제시,마늘,2024,,6,0,0,0,0,0,,,,0,0,미연결,공통 공간·작물 근거 없음,아니오,아니오,재배환경 맥락·현장 표본 후보 탐색,동일 농가·필지를 식별하지 않으므로 인과효과나 개별농가 위험값으로 해석할 수 없음
EB-76A7EF9EF63F38A1,경상남도,거제시,양파,2024,,6,0,0,0,0,0,,,,0,0,미연결,공통 공간·작물 근거 없음,아니오,아니오,재배환경 맥락·현장 표본 후보 탐색,동일 농가·필지를 식별하지 않으므로 인과효과나 개별농가 위험값으로 해석할 수 없음
EB-F328DADF25805FD6,경상남도,거창군,논벼,2024,,8,0,0,0,0,0,,,,0,0,미연결,공통 공간·작물 근거 없음,아니오,아니오,재배환경 맥락·현장 표본 후보 탐색,동일 농가·필지를 식별하지 않으므로 인과효과나 개별농가 위험값으로 해석할 수 없음
EB-EFE7ED689719D9CD,경상남도,거창군,사과,2024,,7,0,0,0,0,0,,,,0,0,미연결,공통 공간·작물 근거 없음,아니오,아니오,재배환경 맥락·현장 표본 후보 탐색,동일 농가·필지를 식별하지 않으므로 인과효과나 개별농가 위험값으로 해석할 수 없음
EB-6CE637210AC69CC5,경상남도,거창군,양파,2024,,6,0,0,0,0,0,,,,0,0,미연결,공통 공간·작물 근거 없음,아니오,아니오,재배환경 맥락·현장 표본 후보 탐색,동일 농가·필지를 식별하지 않으므로 인과효과나 개별농가 위험값으로 해석할 수 없음
EB-4354A23C850B99F8,경상남도,거창군,포도,2024,,10,0,0,0,0,0,,,,0,0,미연결,공통 공간·작물 근거 없음,아니오,아니오,재배환경 맥락·현장 표본 후보 탐색,동일 농가·필지를 식별하지 않으므로 인과효과나 개별농가 위험값으로 해석할 수 없음
EB-258875E73259CC27,경상남도,고성군,논벼,2024,,8,0,0,0,0,0,,,,0,0,미연결,공통 공간·작물 근거 없음,아니오,아니오,재배환경 맥락·현장 표본 후보 탐색,동일 농가·필지를 식별하지 않으므로 인과효과나 개별농가 위험값으로 해석할 수 없음
EB-6143EE7ED58D822A,경상남도,김해시,논벼,2024,,8,0,0,0,0,0,,,,0,0,미연결,공통 공간·작물 근거 없음,아니오,아니오,재배환경 맥락·현장 표본 후보 탐색,동일 농가·필지를 식별하지 않으므로 인과효과나 개별농가 위험값으로 해석할 수 없음
EB-D273F2740FD7E342,경상남도,남해군,논벼,2024,,8,0,0,0,0,0,,,,0,0,미연결,공통 공간·작물 근거 없음,아니오,아니오,재배환경 맥락·현장 표본 후보 탐색,동일 농가·필지를 식별하지 않으므로 인과효과나 개별농가 위험값으로 해석할 수 없음
EB-F0238E4F474C0F00,경상남도,남해군,마늘,2024,,6,0,0,0,0,0,,,,0,0,미연결,공통 공간·작물 근거 없음,아니오,아니오,재배환경 맥락·현장 표본 후보 탐색,동일 농가·필지를 식별하지 않으므로 인과효과나 개별농가 위험값으로 해석할 수 없음
EB-7BC884A8868E8F00,경상남도,밀양시,논벼,2024,,8,0,0,0,0,0,,,,0,0,미연결,공통 공간·작물 근거 없음,아니오,아니오,재배환경 맥락·현장 표본 후보 탐색,동일 농가·필지를 식별하지 않으므로 인과효과나 개별농가 위험값으로 해석할 수 없음
EB-FAFA37C26739658E,경상남도,밀양시,사과,2024,,9,0,0,0,0,0,,,,0,0,미연결,공통 공간·작물 근거 없음,아니오,아니오,재배환경 맥락·현장 표본 후보 탐색,동일 농가·필지를 식별하지 않으므로 인과효과나 개별농가 위험값으로 해석할 수 없음
EB-92DFA218ED4A3998,경상남도,사천시,논벼,2024,,8,0,0,0,0,0,,,,0,0,미연결,공통 공간·작물 근거 없음,아니오,아니오,재배환경 맥락·현장 표본 후보 탐색,동일 농가·필지를 식별하지 않으므로 인과효과나 개별농가 위험값으로 해석할 수 없음
EB-987EF42D8AF1667E,경상남도,사천시,마늘,2024,,6,0,0,0,0,0,,,,0,0,미연결,공통 공간·작물 근거 없음,아니오,아니오,재배환경 맥락·현장 표본 후보 탐색,동일 농가·필지를 식별하지 않으므로 인과효과나 개별농가 위험값으로 해석할 수 없음
EB-1020CA88D4F8FEA5,경상남도,산청군,논벼,2024,,8,0,0,0,0,0,,,,0,0,미연결,공통 공간·작물 근거 없음,아니오,아니오,재배환경 맥락·현장 표본 후보 탐색,동일 농가·필지를 식별하지 않으므로 인과효과나 개별농가 위험값으로 해석할 수 없음
EB-9B5410ED83E0A384,경상남도,산청군,배,2024,,6,0,0,0,0,0,,,,0,0,미연결,공통 공간·작물 근거 없음,아니오,아니오,재배환경 맥락·현장 표본 후보 탐색,동일 농가·필지를 식별하지 않으므로 인과효과나 개별농가 위험값으로 해석할 수 없음
EB-7C3F2AF8A6CFF3EB,경상남도,산청군,양파,2024,,6,0,0,0,0,0,,,,0,0,미연결,공통 공간·작물 근거 없음,아니오,아니오,재배환경 맥락·현장 표본 후보 탐색,동일 농가·필지를 식별하지 않으므로 인과효과나 개별농가 위험값으로 해석할 수 없음
EB-14DDD1A1372CE073,경상남도,양산시,논벼,2024,,8,0,0,0,0,0,,,,0,0,미연결,공통 공간·작물 근거 없음,아니오,아니오,재배환경 맥락·현장 표본 후보 탐색,동일 농가·필지를 식별하지 않으므로 인과효과나 개별농가 위험값으로 해석할 수 없음
EB-D29A3B24F4A17443,경상남도,의령군,논벼,2024,,8,0,0,0,0,0,,,,0,0,미연결,공통 공간·작물 근거 없음,아니오,아니오,재배환경 맥락·현장 표본 후보 탐색,동일 농가·필지를 식별하지 않으므로 인과효과나 개별농가 위험값으로 해석할 수 없음
EB-92B63E18240E4396,경상남도,의령군,마늘,2024,,6,0,0,0,0,0,,,,0,0,미연결,공통 공간·작물 근거 없음,아니오,아니오,재배환경 맥락·현장 표본 후보 탐색,동일 농가·필지를 식별하지 않으므로 인과효과나 개별농가 위험값으로 해석할 수 없음
EB-6FAF2CF5D9F50BF2,경상남도,의령군,양파,2024,,6,0,0,0,0,0,,,,0,0,미연결,공통 공간·작물 근거 없음,아니오,아니오,재배환경 맥락·현장 표본 후보 탐색,동일 농가·필지를 식별하지 않으므로 인과효과나 개별농가 위험값으로 해석할 수 없음
EB-64DD7867D7075276,경상남도,진주시,논벼,2024,,8,0,0,0,0,0,,,,0,0,미연결,공통 공간·작물 근거 없음,아니오,아니오,재배환경 맥락·현장 표본 후보 탐색,동일 농가·필지를 식별하지 않으므로 인과효과나 개별농가 위험값으로 해석할 수 없음
EB-2074CA1F63C6A43B,경상남도,진주시,배,2024,,9,0,0,0,0,0,,,,0,0,미연결,공통 공간·작물 근거 없음,아니오,아니오,재배환경 맥락·현장 표본 후보 탐색,동일 농가·필지를 식별하지 않으므로 인과효과나 개별농가 위험값으로 해석할 수 없음
EB-69221AAD20B4B19B,경상남도,진주시,복숭아,2024,,7,0,0,0,0,0,,,,0,0,미연결,공통 공간·작물 근거 없음,아니오,아니오,재배환경 맥락·현장 표본 후보 탐색,동일 농가·필지를 식별하지 않으므로 인과효과나 개별농가 위험값으로 해석할 수 없음
EB-57CFD7E1787078F3,경상남도,창녕군,고추,2024,,7,0,0,0,0,0,,,,0,0,미연결,공통 공간·작물 근거 없음,아니오,아니오,재배환경 맥락·현장 표본 후보 탐색,동일 농가·필지를 식별하지 않으므로 인과효과나 개별농가 위험값으로 해석할 수 없음
EB-C16ACFADD5E2600D,경상남도,창녕군,논벼,2024,,8,0,0,0,0,0,,,,0,0,미연결,공통 공간·작물 근거 없음,아니오,아니오,재배환경 맥락·현장 표본 후보 탐색,동일 농가·필지를 식별하지 않으므로 인과효과나 개별농가 위험값으로 해석할 수 없음
EB-2CB812727F8BEA3D,경상남도,창녕군,마늘,2024,,6,0,0,0,0,0,,,,0,0,미연결,공통 공간·작물 근거 없음,아니오,아니오,재배환경 맥락·현장 표본 후보 탐색,동일 농가·필지를 식별하지 않으므로 인과효과나 개별농가 위험값으로 해석할 수 없음
EB-304BCB5AC696DC77,경상남도,창녕군,복숭아,2024,,9,0,0,0,0,0,,,,0,0,미연결,공통 공간·작물 근거 없음,아니오,아니오,재배환경 맥락·현장 표본 후보 탐색,동일 농가·필지를 식별하지 않으므로 인과효과나 개별농가 위험값으로 해석할 수 없음
EB-587B1843D817DD79,경상남도,창녕군,양파,2024,,6,0,0,0,0,0,,,,0,0,미연결,공통 공간·작물 근거 없음,아니오,아니오,재배환경 맥락·현장 표본 후보 탐색,동일 농가·필지를 식별하지 않으므로 인과효과나 개별농가 위험값으로 해석할 수 없음
EB-7DD1D971F25FFE33,경상남도,창원시,논벼,2024,,8,0,0,0,0,0,,,,0,0,미연결,공통 공간·작물 근거 없음,아니오,아니오,재배환경 맥락·현장 표본 후보 탐색,동일 농가·필지를 식별하지 않으므로 인과효과나 개별농가 위험값으로 해석할 수 없음
EB-BC21BEA71E543E26,경상남도,통영시,논벼,2024,,8,0,0,0,0,0,,,,0,0,미연결,공통 공간·작물 근거 없음,아니오,아니오,재배환경 맥락·현장 표본 후보 탐색,동일 농가·필지를 식별하지 않으므로 인과효과나 개별농가 위험값으로 해석할 수 없음
EB-31CB790DF60E1A28,경상남도,통영시,마늘,2024,,6,0,0,0,0,0,,,,0,0,미연결,공통 공간·작물 근거 없음,아니오,아니오,재배환경 맥락·현장 표본 후보 탐색,동일 농가·필지를 식별하지 않으므로 인과효과나 개별농가 위험값으로 해석할 수 없음
EB-33E572A93E391D49,경상남도,하동군,논벼,2024,,8,0,0,0,0,0,,,,0,0,미연결,공통 공간·작물 근거 없음,아니오,아니오,재배환경 맥락·현장 표본 후보 탐색,동일 농가·필지를 식별하지 않으므로 인과효과나 개별농가 위험값으로 해석할 수 없음
EB-285228BF720EA9BE,경상남도,하동군,마늘,2024,,6,0,0,0,0,0,,,,0,0,미연결,공통 공간·작물 근거 없음,아니오,아니오,재배환경 맥락·현장 표본 후보 탐색,동일 농가·필지를 식별하지 않으므로 인과효과나 개별농가 위험값으로 해석할 수 없음
EB-97982D65A36D15FB,경상남도,하동군,배,2024,,11,0,0,0,0,0,,,,0,0,미연결,공통 공간·작물 근거 없음,아니오,아니오,재배환경 맥락·현장 표본 후보 탐색,동일 농가·필지를 식별하지 않으므로 인과효과나 개별농가 위험값으로 해석할 수 없음
EB-FF5399D715CA0B57,경상남도,함안군,논벼,2024,,8,0,0,0,0,0,,,,0,0,미연결,공통 공간·작물 근거 없음,아니오,아니오,재배환경 맥락·현장 표본 후보 탐색,동일 농가·필지를 식별하지 않으므로 인과효과나 개별농가 위험값으로 해석할 수 없음
EB-384B6DA9209463B7,경상남도,함안군,마늘,2024,,6,0,0,0,0,0,,,,0,0,미연결,공통 공간·작물 근거 없음,아니오,아니오,재배환경 맥락·현장 표본 후보 탐색,동일 농가·필지를 식별하지 않으므로 인과효과나 개별농가 위험값으로 해석할 수 없음
EB-FBFD60493C084881,경상남도,함안군,포도,2024,,8,0,0,0,0,0,,,,0,0,미연결,공통 공간·작물 근거 없음,아니오,아니오,재배환경 맥락·현장 표본 후보 탐색,동일 농가·필지를 식별하지 않으므로 인과효과나 개별농가 위험값으로 해석할 수 없음
EB-DDC5EBCB4E30A8E3,경상남도,함양군,고추,2024,,7,0,0,0,0,0,,,,0,0,미연결,공통 공간·작물 근거 없음,아니오,아니오,재배환경 맥락·현장 표본 후보 탐색,동일 농가·필지를 식별하지 않으므로 인과효과나 개별농가 위험값으로 해석할 수 없음
EB-4BF1E08D54B52899,경상남도,함양군,논벼,2024,,8,0,0,0,0,0,,,,0,0,미연결,공통 공간·작물 근거 없음,아니오,아니오,재배환경 맥락·현장 표본 후보 탐색,동일 농가·필지를 식별하지 않으므로 인과효과나 개별농가 위험값으로 해석할 수 없음
EB-429E4233447E52A5,경상남도,함양군,양파,2024,,6,0,0,0,0,0,,,,0,0,미연결,공통 공간·작물 근거 없음,아니오,아니오,재배환경 맥락·현장 표본 후보 탐색,동일 농가·필지를 식별하지 않으므로 인과효과나 개별농가 위험값으로 해석할 수 없음
EB-C660525B2498E9BB,경상남도,합천군,논벼,2024,,8,0,0,0,0,0,,,,0,0,미연결,공통 공간·작물 근거 없음,아니오,아니오,재배환경 맥락·현장 표본 후보 탐색,동일 농가·필지를 식별하지 않으므로 인과효과나 개별농가 위험값으로 해석할 수 없음
EB-C1947FE765D2E682,경상남도,합천군,마늘,2024,,6,0,0,0,0,0,,,,0,0,미연결,공통 공간·작물 근거 없음,아니오,아니오,재배환경 맥락·현장 표본 후보 탐색,동일 농가·필지를 식별하지 않으므로 인과효과나 개별농가 위험값으로 해석할 수 없음
EB-C0A62C0B4B425751,경상남도,합천군,양파,2024,,6,0,0,0,0,0,,,,0,0,미연결,공통 공간·작물 근거 없음,아니오,아니오,재배환경 맥락·현장 표본 후보 탐색,동일 농가·필지를 식별하지 않으므로 인과효과나 개별농가 위험값으로 해석할 수 없음
EB-848D1A06C05D60B1,경상북도,경산시,논벼,2024,,8,0,0,0,0,0,,,,0,0,미연결,공통 공간·작물 근거 없음,아니오,아니오,재배환경 맥락·현장 표본 후보 탐색,동일 농가·필지를 식별하지 않으므로 인과효과나 개별농가 위험값으로 해석할 수 없음
EB-7A0E6947A1CF7057,경상북도,경산시,복숭아,2024,,7,0,0,0,0,0,,,,0,0,미연결,공통 공간·작물 근거 없음,아니오,아니오,재배환경 맥락·현장 표본 후보 탐색,동일 농가·필지를 식별하지 않으므로 인과효과나 개별농가 위험값으로 해석할 수 없음
EB-125B28961BA309C5,경상북도,경산시,포도,2024,,10,0,0,0,0,0,,,,0,0,미연결,공통 공간·작물 근거 없음,아니오,아니오,재배환경 맥락·현장 표본 후보 탐색,동일 농가·필지를 식별하지 않으므로 인과효과나 개별농가 위험값으로 해석할 수 없음
EB-3DD2A4DA9E8B8871,경상북도,경주시,논벼,2024,,8,0,0,0,0,0,,,,0,0,미연결,공통 공간·작물 근거 없음,아니오,아니오,재배환경 맥락·현장 표본 후보 탐색,동일 농가·필지를 식별하지 않으므로 인과효과나 개별농가 위험값으로 해석할 수 없음
EB-5340F3A0FC54DA1D,경상북도,경주시,마늘,2024,,6,0,0,0,0,0,,,,0,0,미연결,공통 공간·작물 근거 없음,아니오,아니오,재배환경 맥락·현장 표본 후보 탐색,동일 농가·필지를 식별하지 않으므로 인과효과나 개별농가 위험값으로 해석할 수 없음
EB-FD4EA1FAF19EE4E2,경상북도,고령군,논벼,2024,,8,0,0,0,0,0,,,,0,0,미연결,공통 공간·작물 근거 없음,아니오,아니오,재배환경 맥락·현장 표본 후보 탐색,동일 농가·필지를 식별하지 않으므로 인과효과나 개별농가 위험값으로 해석할 수 없음
EB-3CE4820EE9C097A4,경상북도,고령군,양파,2024,,6,0,0,0,0,0,,,,0,0,미연결,공통 공간·작물 근거 없음,아니오,아니오,재배환경 맥락·현장 표본 후보 탐색,동일 농가·필지를 식별하지 않으므로 인과효과나 개별농가 위험값으로 해석할 수 없음
EB-94AEA9971C61D0A0,경상북도,구미시,고추,2024,,18,0,0,0,0,0,,,,0,0,미연결,공통 공간·작물 근거 없음,아니오,아니오,재배환경 맥락·현장 표본 후보 탐색,동일 농가·필지를 식별하지 않으므로 인과효과나 개별농가 위험값으로 해석할 수 없음
EB-ECE968570B75760B,경상북도,구미시,논벼,2024,,8,0,0,0,0,0,,,,0,0,미연결,공통 공간·작물 근거 없음,아니오,아니오,재배환경 맥락·현장 표본 후보 탐색,동일 농가·필지를 식별하지 않으므로 인과효과나 개별농가 위험값으로 해석할 수 없음
EB-4C6266C0E44F48BF,경상북도,김천시,논벼,2024,,8,0,0,0,0,0,,,,0,0,미연결,공통 공간·작물 근거 없음,아니오,아니오,재배환경 맥락·현장 표본 후보 탐색,동일 농가·필지를 식별하지 않으므로 인과효과나 개별농가 위험값으로 해석할 수 없음
EB-3A5121729FF539FD,경상북도,김천시,복숭아,2024,,9,0,0,0,0,0,,,,0,0,미연결,공통 공간·작물 근거 없음,아니오,아니오,재배환경 맥락·현장 표본 후보 탐색,동일 농가·필지를 식별하지 않으므로 인과효과나 개별농가 위험값으로 해석할 수 없음
EB-1DE53F0DF563C6ED,경상북도,김천시,양파,2024,,6,0,0,0,0,0,,,,0,0,미연결,공통 공간·작물 근거 없음,아니오,아니오,재배환경 맥락·현장 표본 후보 탐색,동일 농가·필지를 식별하지 않으므로 인과효과나 개별농가 위험값으로 해석할 수 없음
EB-63D2AB6595ABAB9C,경상북도,김천시,포도,2024,,15,0,0,0,0,0,,,,0,0,미연결,공통 공간·작물 근거 없음,아니오,아니오,재배환경 맥락·현장 표본 후보 탐색,동일 농가·필지를 식별하지 않으므로 인과효과나 개별농가 위험값으로 해석할 수 없음
EB-B67CFAA7F2774E51,경상북도,문경시,고추,2024,,7,0,0,0,0,0,,,,0,0,미연결,공통 공간·작물 근거 없음,아니오,아니오,재배환경 맥락·현장 표본 후보 탐색,동일 농가·필지를 식별하지 않으므로 인과효과나 개별농가 위험값으로 해석할 수 없음
EB-C684735B7E192A91,경상북도,문경시,논벼,2024,,8,0,0,0,0,0,,,,0,0,미연결,공통 공간·작물 근거 없음,아니오,아니오,재배환경 맥락·현장 표본 후보 탐색,동일 농가·필지를 식별하지 않으므로 인과효과나 개별농가 위험값으로 해석할 수 없음
EB-133D6C3AF8995371,경상북도,봉화군,고추,2024,,7,0,0,0,0,0,,,,0,0,미연결,공통 공간·작물 근거 없음,아니오,아니오,재배환경 맥락·현장 표본 후보 탐색,동일 농가·필지를 식별하지 않으므로 인과효과나 개별농가 위험값으로 해석할 수 없음
EB-63BB0B6962EEBAE8,경상북도,봉화군,논벼,2024,,8,0,0,0,0,0,,,,0,0,미연결,공통 공간·작물 근거 없음,아니오,아니오,재배환경 맥락·현장 표본 후보 탐색,동일 농가·필지를 식별하지 않으므로 인과효과나 개별농가 위험값으로 해석할 수 없음
EB-58982A4640258CBD,경상북도,상주시,고추,2024,,4,0,0,0,0,0,,,,0,0,미연결,공통 공간·작물 근거 없음,아니오,아니오,재배환경 맥락·현장 표본 후보 탐색,동일 농가·필지를 식별하지 않으므로 인과효과나 개별농가 위험값으로 해석할 수 없음
EB-1072AB41E066D90E,경상북도,상주시,논벼,2024,,8,0,0,0,0,0,,,,0,0,미연결,공통 공간·작물 근거 없음,아니오,아니오,재배환경 맥락·현장 표본 후보 탐색,동일 농가·필지를 식별하지 않으므로 인과효과나 개별농가 위험값으로 해석할 수 없음
EB-33189758DD150F41,경상북도,상주시,배,2024,,11,0,0,0,0,0,,,,0,0,미연결,공통 공간·작물 근거 없음,아니오,아니오,재배환경 맥락·현장 표본 후보 탐색,동일 농가·필지를 식별하지 않으므로 인과효과나 개별농가 위험값으로 해석할 수 없음
EB-04A901A1D55215DB,경상북도,상주시,사과,2024,,10,0,0,0,0,0,,,,0,0,미연결,공통 공간·작물 근거 없음,아니오,아니오,재배환경 맥락·현장 표본 후보 탐색,동일 농가·필지를 식별하지 않으므로 인과효과나 개별농가 위험값으로 해석할 수 없음
EB-7948C3AA919238DA,경상북도,상주시,포도,2024,,14,0,0,0,0,0,,,,0,0,미연결,공통 공간·작물 근거 없음,아니오,아니오,재배환경 맥락·현장 표본 후보 탐색,동일 농가·필지를 식별하지 않으므로 인과효과나 개별농가 위험값으로 해석할 수 없음
EB-29FDE08298F81C40,경상북도,성주군,논벼,2024,,8,0,0,0,0,0,,,,0,0,미연결,공통 공간·작물 근거 없음,아니오,아니오,재배환경 맥락·현장 표본 후보 탐색,동일 농가·필지를 식별하지 않으므로 인과효과나 개별농가 위험값으로 해석할 수 없음
EB-A097A5E46D088B4B,경상북도,안동시,고추,2024,,6,0,0,0,0,0,,,,0,0,미연결,공통 공간·작물 근거 없음,아니오,아니오,재배환경 맥락·현장 표본 후보 탐색,동일 농가·필지를 식별하지 않으므로 인과효과나 개별농가 위험값으로 해석할 수 없음
EB-525E99AA2EAF4802,경상북도,안동시,논벼,2024,,8,0,0,0,0,0,,,,0,0,미연결,공통 공간·작물 근거 없음,아니오,아니오,재배환경 맥락·현장 표본 후보 탐색,동일 농가·필지를 식별하지 않으므로 인과효과나 개별농가 위험값으로 해석할 수 없음
EB-0F83B37A43502431,경상북도,안동시,마늘,2024,,6,0,0,0,0,0,,,,0,0,미연결,공통 공간·작물 근거 없음,아니오,아니오,재배환경 맥락·현장 표본 후보 탐색,동일 농가·필지를 식별하지 않으므로 인과효과나 개별농가 위험값으로 해석할 수 없음
EB-96F62293714195AC,경상북도,안동시,사과,2024,,9,0,0,0,0,0,,,,0,0,미연결,공통 공간·작물 근거 없음,아니오,아니오,재배환경 맥락·현장 표본 후보 탐색,동일 농가·필지를 식별하지 않으므로 인과효과나 개별농가 위험값으로 해석할 수 없음
EB-ECF980CB6DF20584,경상북도,안동시,양파,2024,,6,0,0,0,0,0,,,,0,0,미연결,공통 공간·작물 근거 없음,아니오,아니오,재배환경 맥락·현장 표본 후보 탐색,동일 농가·필지를 식별하지 않으므로 인과효과나 개별농가 위험값으로 해석할 수 없음
EB-75027EEEBF4DBE76,경상북도,영덕군,고추,2024,,7,0,0,0,0,0,,,,0,0,미연결,공통 공간·작물 근거 없음,아니오,아니오,재배환경 맥락·현장 표본 후보 탐색,동일 농가·필지를 식별하지 않으므로 인과효과나 개별농가 위험값으로 해석할 수 없음
EB-EC86D9CD42A34AA0,경상북도,영덕군,논벼,2024,,8,0,0,0,0,0,,,,0,0,미연결,공통 공간·작물 근거 없음,아니오,아니오,재배환경 맥락·현장 표본 후보 탐색,동일 농가·필지를 식별하지 않으므로 인과효과나 개별농가 위험값으로 해석할 수 없음
EB-3751B1D9BAFDE1A5,경상북도,영덕군,복숭아,2024,,9,0,0,0,0,0,,,,0,0,미연결,공통 공간·작물 근거 없음,아니오,아니오,재배환경 맥락·현장 표본 후보 탐색,동일 농가·필지를 식별하지 않으므로 인과효과나 개별농가 위험값으로 해석할 수 없음
EB-358E3297F78BAA21,경상북도,영양군,고추,2024,,7,0,0,0,0,0,,,,0,0,미연결,공통 공간·작물 근거 없음,아니오,아니오,재배환경 맥락·현장 표본 후보 탐색,동일 농가·필지를 식별하지 않으므로 인과효과나 개별농가 위험값으로 해석할 수 없음
EB-991F7FE02F3F43F7,경상북도,영양군,논벼,2024,,8,0,0,0,0,0,,,,0,0,미연결,공통 공간·작물 근거 없음,아니오,아니오,재배환경 맥락·현장 표본 후보 탐색,동일 농가·필지를 식별하지 않으므로 인과효과나 개별농가 위험값으로 해석할 수 없음
EB-D50390570F46859C,경상북도,영주시,고추,2024,,7,0,0,0,0,0,,,,0,0,미연결,공통 공간·작물 근거 없음,아니오,아니오,재배환경 맥락·현장 표본 후보 탐색,동일 농가·필지를 식별하지 않으므로 인과효과나 개별농가 위험값으로 해석할 수 없음
EB-EB8D6DE7D77DE5FC,경상북도,영주시,논벼,2024,,8,0,0,0,0,0,,,,0,0,미연결,공통 공간·작물 근거 없음,아니오,아니오,재배환경 맥락·현장 표본 후보 탐색,동일 농가·필지를 식별하지 않으므로 인과효과나 개별농가 위험값으로 해석할 수 없음
EB-4D0563183837B2D9,경상북도,영주시,사과,2024,,9,0,0,0,0,0,,,,0,0,미연결,공통 공간·작물 근거 없음,아니오,아니오,재배환경 맥락·현장 표본 후보 탐색,동일 농가·필지를 식별하지 않으므로 인과효과나 개별농가 위험값으로 해석할 수 없음
EB-C4C566B4BEC8D197,경상북도,영천시,고추,2024,,6,0,0,0,0,0,,,,0,0,미연결,공통 공간·작물 근거 없음,아니오,아니오,재배환경 맥락·현장 표본 후보 탐색,동일 농가·필지를 식별하지 않으므로 인과효과나 개별농가 위험값으로 해석할 수 없음
EB-59687B283A9DD9CE,경상북도,영천시,논벼,2024,,8,0,0,0,0,0,,,,0,0,미연결,공통 공간·작물 근거 없음,아니오,아니오,재배환경 맥락·현장 표본 후보 탐색,동일 농가·필지를 식별하지 않으므로 인과효과나 개별농가 위험값으로 해석할 수 없음
EB-937F2F2D045C9921,경상북도,영천시,마늘,2024,,6,0,0,0,0,0,,,,0,0,미연결,공통 공간·작물 근거 없음,아니오,아니오,재배환경 맥락·현장 표본 후보 탐색,동일 농가·필지를 식별하지 않으므로 인과효과나 개별농가 위험값으로 해석할 수 없음
EB-16406C3C96CFC15B,경상북도,영천시,사과,2024,,10,0,0,0,0,0,,,,0,0,미연결,공통 공간·작물 근거 없음,아니오,아니오,재배환경 맥락·현장 표본 후보 탐색,동일 농가·필지를 식별하지 않으므로 인과효과나 개별농가 위험값으로 해석할 수 없음
EB-F2626AEAC84CEA9C,경상북도,영천시,양파,2024,,6,0,0,0,0,0,,,,0,0,미연결,공통 공간·작물 근거 없음,아니오,아니오,재배환경 맥락·현장 표본 후보 탐색,동일 농가·필지를 식별하지 않으므로 인과효과나 개별농가 위험값으로 해석할 수 없음
EB-5B2A86E8D69EDAB4,경상북도,영천시,포도,2024,,12,0,0,0,0,0,,,,0,0,미연결,공통 공간·작물 근거 없음,아니오,아니오,재배환경 맥락·현장 표본 후보 탐색,동일 농가·필지를 식별하지 않으므로 인과효과나 개별농가 위험값으로 해석할 수 없음
EB-C74C0015BB27F432,경상북도,예천군,고추,2024,,6,0,0,0,0,0,,,,0,0,미연결,공통 공간·작물 근거 없음,아니오,아니오,재배환경 맥락·현장 표본 후보 탐색,동일 농가·필지를 식별하지 않으므로 인과효과나 개별농가 위험값으로 해석할 수 없음
EB-0A5BE0FFFC1FFB1C,경상북도,예천군,논벼,2024,,8,0,0,0,0,0,,,,0,0,미연결,공통 공간·작물 근거 없음,아니오,아니오,재배환경 맥락·현장 표본 후보 탐색,동일 농가·필지를 식별하지 않으므로 인과효과나 개별농가 위험값으로 해석할 수 없음
EB-889A100951CEE85B,경상북도,예천군,마늘,2024,,6,0,0,0,0,0,,,,0,0,미연결,공통 공간·작물 근거 없음,아니오,아니오,재배환경 맥락·현장 표본 후보 탐색,동일 농가·필지를 식별하지 않으므로 인과효과나 개별농가 위험값으로 해석할 수 없음
EB-22BC9F8FA9E66C5F,경상북도,예천군,양파,2024,,6,0,0,0,0,0,,,,0,0,미연결,공통 공간·작물 근거 없음,아니오,아니오,재배환경 맥락·현장 표본 후보 탐색,동일 농가·필지를 식별하지 않으므로 인과효과나 개별농가 위험값으로 해석할 수 없음
EB-8473913F1B27E0B9,경상북도,울진군,고추,2024,,11,0,0,0,0,0,,,,0,0,미연결,공통 공간·작물 근거 없음,아니오,아니오,재배환경 맥락·현장 표본 후보 탐색,동일 농가·필지를 식별하지 않으므로 인과효과나 개별농가 위험값으로 해석할 수 없음
EB-7E7071A46EC089D5,경상북도,울진군,논벼,2024,,8,0,0,0,0,0,,,,0,0,미연결,공통 공간·작물 근거 없음,아니오,아니오,재배환경 맥락·현장 표본 후보 탐색,동일 농가·필지를 식별하지 않으므로 인과효과나 개별농가 위험값으로 해석할 수 없음
EB-F19D5E925B8B3E98,경상북도,울진군,마늘,2024,,6,0,0,0,0,0,,,,0,0,미연결,공통 공간·작물 근거 없음,아니오,아니오,재배환경 맥락·현장 표본 후보 탐색,동일 농가·필지를 식별하지 않으므로 인과효과나 개별농가 위험값으로 해석할 수 없음
EB-929A2545E1F64ACC,경상북도,의성군,고추,2024,,7,0,0,0,0,0,,,,0,0,미연결,공통 공간·작물 근거 없음,아니오,아니오,재배환경 맥락·현장 표본 후보 탐색,동일 농가·필지를 식별하지 않으므로 인과효과나 개별농가 위험값으로 해석할 수 없음
EB-4D7CD1FBD7FD9695,경상북도,의성군,논벼,2024,,8,0,0,0,0,0,,,,0,0,미연결,공통 공간·작물 근거 없음,아니오,아니오,재배환경 맥락·현장 표본 후보 탐색,동일 농가·필지를 식별하지 않으므로 인과효과나 개별농가 위험값으로 해석할 수 없음
EB-3F44889502A20139,경상북도,의성군,마늘,2024,,6,0,0,0,0,0,,,,0,0,미연결,공통 공간·작물 근거 없음,아니오,아니오,재배환경 맥락·현장 표본 후보 탐색,동일 농가·필지를 식별하지 않으므로 인과효과나 개별농가 위험값으로 해석할 수 없음
EB-8894C84E2496634C,경상북도,의성군,복숭아,2024,,4,0,0,0,0,0,,,,0,0,미연결,공통 공간·작물 근거 없음,아니오,아니오,재배환경 맥락·현장 표본 후보 탐색,동일 농가·필지를 식별하지 않으므로 인과효과나 개별농가 위험값으로 해석할 수 없음
EB-14BACF0FF462BCD5,경상북도,의성군,사과,2024,,5,0,0,0,0,0,,,,0,0,미연결,공통 공간·작물 근거 없음,아니오,아니오,재배환경 맥락·현장 표본 후보 탐색,동일 농가·필지를 식별하지 않으므로 인과효과나 개별농가 위험값으로 해석할 수 없음
EB-5E5B8D8AFEF822AE,경상북도,의성군,양파,2024,,5,0,0,0,0,0,,,,0,0,미연결,공통 공간·작물 근거 없음,아니오,아니오,재배환경 맥락·현장 표본 후보 탐색,동일 농가·필지를 식별하지 않으므로 인과효과나 개별농가 위험값으로 해석할 수 없음
EB-B3580AB9500525BA,경상북도,청도군,고추,2024,,5,0,0,0,0,0,,,,0,0,미연결,공통 공간·작물 근거 없음,아니오,아니오,재배환경 맥락·현장 표본 후보 탐색,동일 농가·필지를 식별하지 않으므로 인과효과나 개별농가 위험값으로 해석할 수 없음
EB-ED0785B3C02D8BCC,경상북도,청도군,논벼,2024,,8,0,0,0,0,0,,,,0,0,미연결,공통 공간·작물 근거 없음,아니오,아니오,재배환경 맥락·현장 표본 후보 탐색,동일 농가·필지를 식별하지 않으므로 인과효과나 개별농가 위험값으로 해석할 수 없음
EB-AD7DE26736F67EB9,경상북도,청도군,복숭아,2024,,9,0,0,0,0,0,,,,0,0,미연결,공통 공간·작물 근거 없음,아니오,아니오,재배환경 맥락·현장 표본 후보 탐색,동일 농가·필지를 식별하지 않으므로 인과효과나 개별농가 위험값으로 해석할 수 없음
EB-952715E473ACFE92,경상북도,청도군,양파,2024,,6,0,0,0,0,0,,,,0,0,미연결,공통 공간·작물 근거 없음,아니오,아니오,재배환경 맥락·현장 표본 후보 탐색,동일 농가·필지를 식별하지 않으므로 인과효과나 개별농가 위험값으로 해석할 수 없음
EB-ACE5A3D27EF2E167,경상북도,청송군,논벼,2024,,8,0,0,0,0,0,,,,0,0,미연결,공통 공간·작물 근거 없음,아니오,아니오,재배환경 맥락·현장 표본 후보 탐색,동일 농가·필지를 식별하지 않으므로 인과효과나 개별농가 위험값으로 해석할 수 없음
EB-BB4D0CCA53862D75,경상북도,칠곡군,논벼,2024,,8,0,0,0,0,0,,,,0,0,미연결,공통 공간·작물 근거 없음,아니오,아니오,재배환경 맥락·현장 표본 후보 탐색,동일 농가·필지를 식별하지 않으므로 인과효과나 개별농가 위험값으로 해석할 수 없음
EB-3FECAA186FBF5749,경상북도,포항시,고추,2024,,12,0,0,0,0,0,,,,0,0,미연결,공통 공간·작물 근거 없음,아니오,아니오,재배환경 맥락·현장 표본 후보 탐색,동일 농가·필지를 식별하지 않으므로 인과효과나 개별농가 위험값으로 해석할 수 없음
EB-9E5BF607936918FF,경상북도,포항시,논벼,2024,,8,0,0,0,0,0,,,,0,0,미연결,공통 공간·작물 근거 없음,아니오,아니오,재배환경 맥락·현장 표본 후보 탐색,동일 농가·필지를 식별하지 않으므로 인과효과나 개별농가 위험값으로 해석할 수 없음
EB-83AEA7F0E936E9DC,경상북도,포항시,사과,2024,,5,0,0,0,0,0,,,,0,0,미연결,공통 공간·작물 근거 없음,아니오,아니오,재배환경 맥락·현장 표본 후보 탐색,동일 농가·필지를 식별하지 않으므로 인과효과나 개별농가 위험값으로 해석할 수 없음
EB-09879DB473CA2129,대구광역시,군위군,고추,2024,,6,0,0,0,0,0,,,,0,0,미연결,공통 공간·작물 근거 없음,아니오,아니오,재배환경 맥락·현장 표본 후보 탐색,동일 농가·필지를 식별하지 않으므로 인과효과나 개별농가 위험값으로 해석할 수 없음
EB-1D81B895A467BE62,대구광역시,군위군,논벼,2024,,8,0,0,0,0,0,,,,0,0,미연결,공통 공간·작물 근거 없음,아니오,아니오,재배환경 맥락·현장 표본 후보 탐색,동일 농가·필지를 식별하지 않으므로 인과효과나 개별농가 위험값으로 해석할 수 없음
EB-10521FB84A8D3118,대구광역시,군위군,마늘,2024,,6,0,0,0,0,0,,,,0,0,미연결,공통 공간·작물 근거 없음,아니오,아니오,재배환경 맥락·현장 표본 후보 탐색,동일 농가·필지를 식별하지 않으므로 인과효과나 개별농가 위험값으로 해석할 수 없음
EB-8BB90544518C9253,대구광역시,군위군,사과,2024,,6,0,0,0,0,0,,,,0,0,미연결,공통 공간·작물 근거 없음,아니오,아니오,재배환경 맥락·현장 표본 후보 탐색,동일 농가·필지를 식별하지 않으므로 인과효과나 개별농가 위험값으로 해석할 수 없음
EB-570E8F533C50A6F2,대구광역시,군위군,양파,2024,,6,0,0,0,0,0,,,,0,0,미연결,공통 공간·작물 근거 없음,아니오,아니오,재배환경 맥락·현장 표본 후보 탐색,동일 농가·필지를 식별하지 않으므로 인과효과나 개별농가 위험값으로 해석할 수 없음
EB-CBC663607DC27FE9,대구광역시,달성군,논벼,2024,,8,0,0,0,0,0,,,,0,0,미연결,공통 공간·작물 근거 없음,아니오,아니오,재배환경 맥락·현장 표본 후보 탐색,동일 농가·필지를 식별하지 않으므로 인과효과나 개별농가 위험값으로 해석할 수 없음
EB-32F9F3BF6D7846AF,대구광역시,달성군,마늘,2024,,6,0,0,0,0,0,,,,0,0,미연결,공통 공간·작물 근거 없음,아니오,아니오,재배환경 맥락·현장 표본 후보 탐색,동일 농가·필지를 식별하지 않으므로 인과효과나 개별농가 위험값으로 해석할 수 없음
EB-AC9BE1E805CD2AEB,대구광역시,달성군,양파,2024,,6,0,0,0,0,0,,,,0,0,미연결,공통 공간·작물 근거 없음,아니오,아니오,재배환경 맥락·현장 표본 후보 탐색,동일 농가·필지를 식별하지 않으므로 인과효과나 개별농가 위험값으로 해석할 수 없음
EB-AAD1BCD0CEE0DD22,대전광역시,동구,포도,2024,,14,0,0,0,0,0,,,,0,0,미연결,공통 공간·작물 근거 없음,아니오,아니오,재배환경 맥락·현장 표본 후보 탐색,동일 농가·필지를 식별하지 않으므로 인과효과나 개별농가 위험값으로 해석할 수 없음
EB-3A12E446B8E21503,대전광역시,유성구,논벼,2024,,8,0,0,0,0,0,,,,0,0,미연결,공통 공간·작물 근거 없음,아니오,아니오,재배환경 맥락·현장 표본 후보 탐색,동일 농가·필지를 식별하지 않으므로 인과효과나 개별농가 위험값으로 해석할 수 없음
EB-46359E1DDA2DC4C0,부산광역시,강서구,논벼,2024,,8,0,0,0,0,0,,,,0,0,미연결,공통 공간·작물 근거 없음,아니오,아니오,재배환경 맥락·현장 표본 후보 탐색,동일 농가·필지를 식별하지 않으므로 인과효과나 개별농가 위험값으로 해석할 수 없음
EB-CD06C046ACBFD4AF,세종특별자치시,세종특별자치시,논벼,2024,,8,0,0,0,0,0,,,,0,0,미연결,공통 공간·작물 근거 없음,아니오,아니오,재배환경 맥락·현장 표본 후보 탐색,동일 농가·필지를 식별하지 않으므로 인과효과나 개별농가 위험값으로 해석할 수 없음
EB-2A3DC1FD73D4076A,세종특별자치시,세종특별자치시,배,2024,,11,0,0,0,0,0,,,,0,0,미연결,공통 공간·작물 근거 없음,아니오,아니오,재배환경 맥락·현장 표본 후보 탐색,동일 농가·필지를 식별하지 않으므로 인과효과나 개별농가 위험값으로 해석할 수 없음
EB-798BF6928E8817B0,세종특별자치시,세종특별자치시,복숭아,2024,,9,0,0,0,0,0,,,,0,0,미연결,공통 공간·작물 근거 없음,아니오,아니오,재배환경 맥락·현장 표본 후보 탐색,동일 농가·필지를 식별하지 않으므로 인과효과나 개별농가 위험값으로 해석할 수 없음
EB-B3FECAB009848060,울산광역시,북구,논벼,2024,,8,0,0,0,0,0,,,,0,0,미연결,공통 공간·작물 근거 없음,아니오,아니오,재배환경 맥락·현장 표본 후보 탐색,동일 농가·필지를 식별하지 않으므로 인과효과나 개별농가 위험값으로 해석할 수 없음
EB-40962EC557FFD8A9,울산광역시,울주군,논벼,2024,,8,0,0,0,0,0,,,,0,0,미연결,공통 공간·작물 근거 없음,아니오,아니오,재배환경 맥락·현장 표본 후보 탐색,동일 농가·필지를 식별하지 않으므로 인과효과나 개별농가 위험값으로 해석할 수 없음
EB-18664B3FE4D27AA8,울산광역시,울주군,배,2024,,7,0,0,0,0,0,,,,0,0,미연결,공통 공간·작물 근거 없음,아니오,아니오,재배환경 맥락·현장 표본 후보 탐색,동일 농가·필지를 식별하지 않으므로 인과효과나 개별농가 위험값으로 해석할 수 없음
EB-3C89A600325EBEFF,울산광역시,중구,배,2024,,7,0,0,0,0,0,,,,0,0,미연결,공통 공간·작물 근거 없음,아니오,아니오,재배환경 맥락·현장 표본 후보 탐색,동일 농가·필지를 식별하지 않으므로 인과효과나 개별농가 위험값으로 해석할 수 없음
EB-8CC2BE24F5653768,인천광역시,강화군,논벼,2024,,8,0,0,0,0,0,,,,0,0,미연결,공통 공간·작물 근거 없음,아니오,아니오,재배환경 맥락·현장 표본 후보 탐색,동일 농가·필지를 식별하지 않으므로 인과효과나 개별농가 위험값으로 해석할 수 없음
EB-B4B0AC508E5411DD,인천광역시,계양구,논벼,2024,,8,0,0,0,0,0,,,,0,0,미연결,공통 공간·작물 근거 없음,아니오,아니오,재배환경 맥락·현장 표본 후보 탐색,동일 농가·필지를 식별하지 않으므로 인과효과나 개별농가 위험값으로 해석할 수 없음
EB-D10EBDD95D39DBB5,인천광역시,서해구,논벼,2024,,8,0,0,0,0,0,,,,0,0,미연결,공통 공간·작물 근거 없음,아니오,아니오,재배환경 맥락·현장 표본 후보 탐색,동일 농가·필지를 식별하지 않으므로 인과효과나 개별농가 위험값으로 해석할 수 없음
EB-E363018A19CB5103,인천광역시,옹진군,논벼,2024,,8,0,0,0,0,0,,,,0,0,미연결,공통 공간·작물 근거 없음,아니오,아니오,재배환경 맥락·현장 표본 후보 탐색,동일 농가·필지를 식별하지 않으므로 인과효과나 개별농가 위험값으로 해석할 수 없음
EB-1C354592597727C1,인천광역시,제물포구,논벼,2024,,8,0,0,0,0,0,,,,0,0,미연결,공통 공간·작물 근거 없음,아니오,아니오,재배환경 맥락·현장 표본 후보 탐색,동일 농가·필지를 식별하지 않으므로 인과효과나 개별농가 위험값으로 해석할 수 없음
EB-20C78CDF2E8951CC,전남광주통합특별시,강진군,고추,2024,,7,0,0,0,0,0,,,,0,0,미연결,공통 공간·작물 근거 없음,아니오,아니오,재배환경 맥락·현장 표본 후보 탐색,동일 농가·필지를 식별하지 않으므로 인과효과나 개별농가 위험값으로 해석할 수 없음
EB-13E0B57C56641169,전남광주통합특별시,강진군,논벼,2024,,8,0,0,0,0,0,,,,0,0,미연결,공통 공간·작물 근거 없음,아니오,아니오,재배환경 맥락·현장 표본 후보 탐색,동일 농가·필지를 식별하지 않으므로 인과효과나 개별농가 위험값으로 해석할 수 없음
EB-D2039FED50D06F73,전남광주통합특별시,강진군,마늘,2024,,6,0,0,0,0,0,,,,0,0,미연결,공통 공간·작물 근거 없음,아니오,아니오,재배환경 맥락·현장 표본 후보 탐색,동일 농가·필지를 식별하지 않으므로 인과효과나 개별농가 위험값으로 해석할 수 없음
EB-C5DE8139DC1D8549,전남광주통합특별시,고흥군,논벼,2024,,8,0,0,0,0,0,,,,0,0,미연결,공통 공간·작물 근거 없음,아니오,아니오,재배환경 맥락·현장 표본 후보 탐색,동일 농가·필지를 식별하지 않으므로 인과효과나 개별농가 위험값으로 해석할 수 없음
EB-95C203F503F2142D,전남광주통합특별시,고흥군,마늘,2024,,5,0,0,0,0,0,,,,0,0,미연결,공통 공간·작물 근거 없음,아니오,아니오,재배환경 맥락·현장 표본 후보 탐색,동일 농가·필지를 식별하지 않으므로 인과효과나 개별농가 위험값으로 해석할 수 없음
EB-E3A7722D18CA3754,전남광주통합특별시,고흥군,양파,2024,,4,0,0,0,0,0,,,,0,0,미연결,공통 공간·작물 근거 없음,아니오,아니오,재배환경 맥락·현장 표본 후보 탐색,동일 농가·필지를 식별하지 않으므로 인과효과나 개별농가 위험값으로 해석할 수 없음
EB-04E0D218FA42ACEE,전남광주통합특별시,곡성군,논벼,2024,,8,0,0,0,0,0,,,,0,0,미연결,공통 공간·작물 근거 없음,아니오,아니오,재배환경 맥락·현장 표본 후보 탐색,동일 농가·필지를 식별하지 않으므로 인과효과나 개별농가 위험값으로 해석할 수 없음
EB-6E4C4DAB05F7E8DD,전남광주통합특별시,광산구,논벼,2024,,8,0,0,0,0,0,,,,0,0,미연결,공통 공간·작물 근거 없음,아니오,아니오,재배환경 맥락·현장 표본 후보 탐색,동일 농가·필지를 식별하지 않으므로 인과효과나 개별농가 위험값으로 해석할 수 없음
EB-EF105ECDB3D4F8C8,전남광주통합특별시,광양시,논벼,2024,,8,0,0,0,0,0,,,,0,0,미연결,공통 공간·작물 근거 없음,아니오,아니오,재배환경 맥락·현장 표본 후보 탐색,동일 농가·필지를 식별하지 않으므로 인과효과나 개별농가 위험값으로 해석할 수 없음
EB-679EE580E3F65454,전남광주통합특별시,구례군,논벼,2024,,8,0,0,0,0,0,,,,0,0,미연결,공통 공간·작물 근거 없음,아니오,아니오,재배환경 맥락·현장 표본 후보 탐색,동일 농가·필지를 식별하지 않으므로 인과효과나 개별농가 위험값으로 해석할 수 없음
EB-6A056797CEC96C44,전남광주통합특별시,나주시,고추,2024,,7,0,0,0,0,0,,,,0,0,미연결,공통 공간·작물 근거 없음,아니오,아니오,재배환경 맥락·현장 표본 후보 탐색,동일 농가·필지를 식별하지 않으므로 인과효과나 개별농가 위험값으로 해석할 수 없음
EB-B0B3A958D66BFC3D,전남광주통합특별시,나주시,논벼,2024,,8,0,0,0,0,0,,,,0,0,미연결,공통 공간·작물 근거 없음,아니오,아니오,재배환경 맥락·현장 표본 후보 탐색,동일 농가·필지를 식별하지 않으므로 인과효과나 개별농가 위험값으로 해석할 수 없음
EB-8D72CE4F2C72FDBC,전남광주통합특별시,나주시,배,2024,,3,0,0,0,0,0,,,,0,0,미연결,공통 공간·작물 근거 없음,아니오,아니오,재배환경 맥락·현장 표본 후보 탐색,동일 농가·필지를 식별하지 않으므로 인과효과나 개별농가 위험값으로 해석할 수 없음
EB-A7CB5CA05D966963,전남광주통합특별시,나주시,양파,2024,,6,0,0,0,0,0,,,,0,0,미연결,공통 공간·작물 근거 없음,아니오,아니오,재배환경 맥락·현장 표본 후보 탐색,동일 농가·필지를 식별하지 않으므로 인과효과나 개별농가 위험값으로 해석할 수 없음
EB-F13A8E96D06C5385,전남광주통합특별시,남구,논벼,2024,,8,0,0,0,0,0,,,,0,0,미연결,공통 공간·작물 근거 없음,아니오,아니오,재배환경 맥락·현장 표본 후보 탐색,동일 농가·필지를 식별하지 않으므로 인과효과나 개별농가 위험값으로 해석할 수 없음
EB-C181BF9CB01196EF,전남광주통합특별시,담양군,논벼,2024,,8,0,0,0,0,0,,,,0,0,미연결,공통 공간·작물 근거 없음,아니오,아니오,재배환경 맥락·현장 표본 후보 탐색,동일 농가·필지를 식별하지 않으므로 인과효과나 개별농가 위험값으로 해석할 수 없음
EB-FE91E9DCB7A80490,전남광주통합특별시,담양군,포도,2024,,8,0,0,0,0,0,,,,0,0,미연결,공통 공간·작물 근거 없음,아니오,아니오,재배환경 맥락·현장 표본 후보 탐색,동일 농가·필지를 식별하지 않으므로 인과효과나 개별농가 위험값으로 해석할 수 없음
EB-B0DA68C9C6F96940,전남광주통합특별시,무안군,고추,2024,,7,0,0,0,0,0,,,,0,0,미연결,공통 공간·작물 근거 없음,아니오,아니오,재배환경 맥락·현장 표본 후보 탐색,동일 농가·필지를 식별하지 않으므로 인과효과나 개별농가 위험값으로 해석할 수 없음
EB-E2E1D191AF2C2A52,전남광주통합특별시,무안군,논벼,2024,,8,0,0,0,0,0,,,,0,0,미연결,공통 공간·작물 근거 없음,아니오,아니오,재배환경 맥락·현장 표본 후보 탐색,동일 농가·필지를 식별하지 않으므로 인과효과나 개별농가 위험값으로 해석할 수 없음
EB-22CB7C4EC99EA485,전남광주통합특별시,무안군,마늘,2024,,6,0,0,0,0,0,,,,0,0,미연결,공통 공간·작물 근거 없음,아니오,아니오,재배환경 맥락·현장 표본 후보 탐색,동일 농가·필지를 식별하지 않으므로 인과효과나 개별농가 위험값으로 해석할 수 없음
EB-C831372508BEBA57,전남광주통합특별시,무안군,양파,2024,,6,0,0,0,0,0,,,,0,0,미연결,공통 공간·작물 근거 없음,아니오,아니오,재배환경 맥락·현장 표본 후보 탐색,동일 농가·필지를 식별하지 않으므로 인과효과나 개별농가 위험값으로 해석할 수 없음
EB-A993D3FF59244233,전남광주통합특별시,보성군,논벼,2024,,8,0,0,0,0,0,,,,0,0,미연결,공통 공간·작물 근거 없음,아니오,아니오,재배환경 맥락·현장 표본 후보 탐색,동일 농가·필지를 식별하지 않으므로 인과효과나 개별농가 위험값으로 해석할 수 없음
EB-827B98E0BC33CCEB,전남광주통합특별시,북구,논벼,2024,,8,0,0,0,0,0,,,,0,0,미연결,공통 공간·작물 근거 없음,아니오,아니오,재배환경 맥락·현장 표본 후보 탐색,동일 농가·필지를 식별하지 않으므로 인과효과나 개별농가 위험값으로 해석할 수 없음
EB-50F24D1D99AB43C7,전남광주통합특별시,서구,논벼,2024,,8,0,0,0,0,0,,,,0,0,미연결,공통 공간·작물 근거 없음,아니오,아니오,재배환경 맥락·현장 표본 후보 탐색,동일 농가·필지를 식별하지 않으므로 인과효과나 개별농가 위험값으로 해석할 수 없음
EB-B14FA1DDB6EDBB4D,전남광주통합특별시,순천시,고추,2024,,7,0,0,0,0,0,,,,0,0,미연결,공통 공간·작물 근거 없음,아니오,아니오,재배환경 맥락·현장 표본 후보 탐색,동일 농가·필지를 식별하지 않으므로 인과효과나 개별농가 위험값으로 해석할 수 없음
EB-3B57D7BCB050F02C,전남광주통합특별시,순천시,논벼,2024,,8,0,0,0,0,0,,,,0,0,미연결,공통 공간·작물 근거 없음,아니오,아니오,재배환경 맥락·현장 표본 후보 탐색,동일 농가·필지를 식별하지 않으므로 인과효과나 개별농가 위험값으로 해석할 수 없음
EB-300AA0571C191334,전남광주통합특별시,순천시,배,2024,,8,0,0,0,0,0,,,,0,0,미연결,공통 공간·작물 근거 없음,아니오,아니오,재배환경 맥락·현장 표본 후보 탐색,동일 농가·필지를 식별하지 않으므로 인과효과나 개별농가 위험값으로 해석할 수 없음
EB-FC9EC0D8D6EE7D17,전남광주통합특별시,순천시,복숭아,2024,,6,0,0,0,0,0,,,,0,0,미연결,공통 공간·작물 근거 없음,아니오,아니오,재배환경 맥락·현장 표본 후보 탐색,동일 농가·필지를 식별하지 않으므로 인과효과나 개별농가 위험값으로 해석할 수 없음
EB-9CC21B89E1410452,전남광주통합특별시,신안군,고추,2024,,7,0,0,0,0,0,,,,0,0,미연결,공통 공간·작물 근거 없음,아니오,아니오,재배환경 맥락·현장 표본 후보 탐색,동일 농가·필지를 식별하지 않으므로 인과효과나 개별농가 위험값으로 해석할 수 없음
EB-89E27126B9EDE463,전남광주통합특별시,신안군,논벼,2024,,8,0,0,0,0,0,,,,0,0,미연결,공통 공간·작물 근거 없음,아니오,아니오,재배환경 맥락·현장 표본 후보 탐색,동일 농가·필지를 식별하지 않으므로 인과효과나 개별농가 위험값으로 해석할 수 없음
EB-1443534610CCD9AA,전남광주통합특별시,신안군,마늘,2024,,6,0,0,0,0,0,,,,0,0,미연결,공통 공간·작물 근거 없음,아니오,아니오,재배환경 맥락·현장 표본 후보 탐색,동일 농가·필지를 식별하지 않으므로 인과효과나 개별농가 위험값으로 해석할 수 없음
EB-3A06D9C1837CBEED,전남광주통합특별시,신안군,양파,2024,,6,0,0,0,0,0,,,,0,0,미연결,공통 공간·작물 근거 없음,아니오,아니오,재배환경 맥락·현장 표본 후보 탐색,동일 농가·필지를 식별하지 않으므로 인과효과나 개별농가 위험값으로 해석할 수 없음
EB-96450995E6F39E7E,전남광주통합특별시,여수시,고추,2024,,7,0,0,0,0,0,,,,0,0,미연결,공통 공간·작물 근거 없음,아니오,아니오,재배환경 맥락·현장 표본 후보 탐색,동일 농가·필지를 식별하지 않으므로 인과효과나 개별농가 위험값으로 해석할 수 없음
EB-7381CEA31152CE87,전남광주통합특별시,여수시,논벼,2024,,8,0,0,0,0,0,,,,0,0,미연결,공통 공간·작물 근거 없음,아니오,아니오,재배환경 맥락·현장 표본 후보 탐색,동일 농가·필지를 식별하지 않으므로 인과효과나 개별농가 위험값으로 해석할 수 없음
EB-DFAB29E97FE31602,전남광주통합특별시,여수시,마늘,2024,,6,0,0,0,0,0,,,,0,0,미연결,공통 공간·작물 근거 없음,아니오,아니오,재배환경 맥락·현장 표본 후보 탐색,동일 농가·필지를 식별하지 않으므로 인과효과나 개별농가 위험값으로 해석할 수 없음
EB-21B08F10546659C4,전남광주통합특별시,여수시,양파,2024,,6,0,0,0,0,0,,,,0,0,미연결,공통 공간·작물 근거 없음,아니오,아니오,재배환경 맥락·현장 표본 후보 탐색,동일 농가·필지를 식별하지 않으므로 인과효과나 개별농가 위험값으로 해석할 수 없음
EB-8B462B75705DCB13,전남광주통합특별시,영광군,고추,2024,,7,0,0,0,0,0,,,,0,0,미연결,공통 공간·작물 근거 없음,아니오,아니오,재배환경 맥락·현장 표본 후보 탐색,동일 농가·필지를 식별하지 않으므로 인과효과나 개별농가 위험값으로 해석할 수 없음
EB-714F57BE51286840,전남광주통합특별시,영광군,논벼,2024,,8,0,0,0,0,0,,,,0,0,미연결,공통 공간·작물 근거 없음,아니오,아니오,재배환경 맥락·현장 표본 후보 탐색,동일 농가·필지를 식별하지 않으므로 인과효과나 개별농가 위험값으로 해석할 수 없음
EB-798543C479BAF7AB,전남광주통합특별시,영암군,논벼,2024,,8,0,0,0,0,0,,,,0,0,미연결,공통 공간·작물 근거 없음,아니오,아니오,재배환경 맥락·현장 표본 후보 탐색,동일 농가·필지를 식별하지 않으므로 인과효과나 개별농가 위험값으로 해석할 수 없음
EB-89B79A19450C603B,전남광주통합특별시,영암군,배,2024,,10,0,0,0,0,0,,,,0,0,미연결,공통 공간·작물 근거 없음,아니오,아니오,재배환경 맥락·현장 표본 후보 탐색,동일 농가·필지를 식별하지 않으므로 인과효과나 개별농가 위험값으로 해석할 수 없음
EB-0F9C6BF4FFCCC469,전남광주통합특별시,완도군,논벼,2024,,8,0,0,0,0,0,,,,0,0,미연결,공통 공간·작물 근거 없음,아니오,아니오,재배환경 맥락·현장 표본 후보 탐색,동일 농가·필지를 식별하지 않으므로 인과효과나 개별농가 위험값으로 해석할 수 없음
EB-708ED35475C7CCBE,전남광주통합특별시,완도군,마늘,2024,,6,0,0,0,0,0,,,,0,0,미연결,공통 공간·작물 근거 없음,아니오,아니오,재배환경 맥락·현장 표본 후보 탐색,동일 농가·필지를 식별하지 않으므로 인과효과나 개별농가 위험값으로 해석할 수 없음
EB-B076DB04C689F8D8,전남광주통합특별시,장성군,논벼,2024,,8,0,0,0,0,0,,,,0,0,미연결,공통 공간·작물 근거 없음,아니오,아니오,재배환경 맥락·현장 표본 후보 탐색,동일 농가·필지를 식별하지 않으므로 인과효과나 개별농가 위험값으로 해석할 수 없음
EB-2B5397E423683B8E,전남광주통합특별시,장성군,사과,2024,,10,0,0,0,0,0,,,,0,0,미연결,공통 공간·작물 근거 없음,아니오,아니오,재배환경 맥락·현장 표본 후보 탐색,동일 농가·필지를 식별하지 않으므로 인과효과나 개별농가 위험값으로 해석할 수 없음
EB-ADC559CC5100F1FC,전남광주통합특별시,장성군,포도,2024,,15,0,0,0,0,0,,,,0,0,미연결,공통 공간·작물 근거 없음,아니오,아니오,재배환경 맥락·현장 표본 후보 탐색,동일 농가·필지를 식별하지 않으므로 인과효과나 개별농가 위험값으로 해석할 수 없음
EB-6947C5FA50392C51,전남광주통합특별시,장흥군,논벼,2024,,8,0,0,0,0,0,,,,0,0,미연결,공통 공간·작물 근거 없음,아니오,아니오,재배환경 맥락·현장 표본 후보 탐색,동일 농가·필지를 식별하지 않으므로 인과효과나 개별농가 위험값으로 해석할 수 없음
EB-8857F3489C87CC32,전남광주통합특별시,진도군,고추,2024,,7,0,0,0,0,0,,,,0,0,미연결,공통 공간·작물 근거 없음,아니오,아니오,재배환경 맥락·현장 표본 후보 탐색,동일 농가·필지를 식별하지 않으므로 인과효과나 개별농가 위험값으로 해석할 수 없음
EB-50F198B823E2A8CE,전남광주통합특별시,진도군,논벼,2024,,8,0,0,0,0,0,,,,0,0,미연결,공통 공간·작물 근거 없음,아니오,아니오,재배환경 맥락·현장 표본 후보 탐색,동일 농가·필지를 식별하지 않으므로 인과효과나 개별농가 위험값으로 해석할 수 없음
EB-3476661251A9E020,전남광주통합특별시,함평군,고추,2024,,7,0,0,0,0,0,,,,0,0,미연결,공통 공간·작물 근거 없음,아니오,아니오,재배환경 맥락·현장 표본 후보 탐색,동일 농가·필지를 식별하지 않으므로 인과효과나 개별농가 위험값으로 해석할 수 없음
EB-B9B35B577481C49A,전남광주통합특별시,함평군,논벼,2024,,8,0,0,0,0,0,,,,0,0,미연결,공통 공간·작물 근거 없음,아니오,아니오,재배환경 맥락·현장 표본 후보 탐색,동일 농가·필지를 식별하지 않으므로 인과효과나 개별농가 위험값으로 해석할 수 없음
EB-4C41A89C023F6352,전남광주통합특별시,함평군,마늘,2024,,6,0,0,0,0,0,,,,0,0,미연결,공통 공간·작물 근거 없음,아니오,아니오,재배환경 맥락·현장 표본 후보 탐색,동일 농가·필지를 식별하지 않으므로 인과효과나 개별농가 위험값으로 해석할 수 없음
EB-7C3914356D889085,전남광주통합특별시,함평군,양파,2024,,6,0,0,0,0,0,,,,0,0,미연결,공통 공간·작물 근거 없음,아니오,아니오,재배환경 맥락·현장 표본 후보 탐색,동일 농가·필지를 식별하지 않으므로 인과효과나 개별농가 위험값으로 해석할 수 없음
EB-7483959A4CF211D5,전남광주통합특별시,해남군,고추,2024,,7,0,0,0,0,0,,,,0,0,미연결,공통 공간·작물 근거 없음,아니오,아니오,재배환경 맥락·현장 표본 후보 탐색,동일 농가·필지를 식별하지 않으므로 인과효과나 개별농가 위험값으로 해석할 수 없음
EB-2C3B12BBE379655E,전남광주통합특별시,해남군,논벼,2024,,8,0,0,0,0,0,,,,0,0,미연결,공통 공간·작물 근거 없음,아니오,아니오,재배환경 맥락·현장 표본 후보 탐색,동일 농가·필지를 식별하지 않으므로 인과효과나 개별농가 위험값으로 해석할 수 없음
EB-09C80E39075E2C96,전남광주통합특별시,해남군,마늘,2024,,5,0,0,0,0,0,,,,0,0,미연결,공통 공간·작물 근거 없음,아니오,아니오,재배환경 맥락·현장 표본 후보 탐색,동일 농가·필지를 식별하지 않으므로 인과효과나 개별농가 위험값으로 해석할 수 없음
EB-7C08C975A09148DC,전남광주통합특별시,해남군,양파,2024,,6,0,0,0,0,0,,,,0,0,미연결,공통 공간·작물 근거 없음,아니오,아니오,재배환경 맥락·현장 표본 후보 탐색,동일 농가·필지를 식별하지 않으므로 인과효과나 개별농가 위험값으로 해석할 수 없음
EB-1BC97B83BA36283F,전남광주통합특별시,화순군,고추,2024,,7,0,0,0,0,0,,,,0,0,미연결,공통 공간·작물 근거 없음,아니오,아니오,재배환경 맥락·현장 표본 후보 탐색,동일 농가·필지를 식별하지 않으므로 인과효과나 개별농가 위험값으로 해석할 수 없음
EB-B50C858BDB8659F5,전남광주통합특별시,화순군,논벼,2024,,8,0,0,0,0,0,,,,0,0,미연결,공통 공간·작물 근거 없음,아니오,아니오,재배환경 맥락·현장 표본 후보 탐색,동일 농가·필지를 식별하지 않으므로 인과효과나 개별농가 위험값으로 해석할 수 없음
EB-4E3F4DB081215E2F,전남광주통합특별시,화순군,복숭아,2024,,7,0,0,0,0,0,,,,0,0,미연결,공통 공간·작물 근거 없음,아니오,아니오,재배환경 맥락·현장 표본 후보 탐색,동일 농가·필지를 식별하지 않으므로 인과효과나 개별농가 위험값으로 해석할 수 없음
EB-18A51DB0516D6C0B,전북특별자치도,고창군,고추,2024,,5,0,0,0,0,0,,,,0,0,미연결,공통 공간·작물 근거 없음,아니오,아니오,재배환경 맥락·현장 표본 후보 탐색,동일 농가·필지를 식별하지 않으므로 인과효과나 개별농가 위험값으로 해석할 수 없음
EB-AFB2A5549D1966AA,전북특별자치도,고창군,논벼,2024,,8,0,0,0,0,0,,,,0,0,미연결,공통 공간·작물 근거 없음,아니오,아니오,재배환경 맥락·현장 표본 후보 탐색,동일 농가·필지를 식별하지 않으므로 인과효과나 개별농가 위험값으로 해석할 수 없음
EB-F53EAE291A9234BB,전북특별자치도,고창군,배,2024,,7,0,0,0,0,0,,,,0,0,미연결,공통 공간·작물 근거 없음,아니오,아니오,재배환경 맥락·현장 표본 후보 탐색,동일 농가·필지를 식별하지 않으므로 인과효과나 개별농가 위험값으로 해석할 수 없음
EB-26A0562E90D38D2C,전북특별자치도,군산시,논벼,2024,,8,0,0,0,0,0,,,,0,0,미연결,공통 공간·작물 근거 없음,아니오,아니오,재배환경 맥락·현장 표본 후보 탐색,동일 농가·필지를 식별하지 않으므로 인과효과나 개별농가 위험값으로 해석할 수 없음
EB-0EC9D40180F812E8,전북특별자치도,김제시,고추,2024,,1,0,0,0,0,0,,,,0,0,미연결,공통 공간·작물 근거 없음,아니오,아니오,재배환경 맥락·현장 표본 후보 탐색,동일 농가·필지를 식별하지 않으므로 인과효과나 개별농가 위험값으로 해석할 수 없음
EB-A862ABF49D73D478,전북특별자치도,김제시,논벼,2024,,8,0,0,0,0,0,,,,0,0,미연결,공통 공간·작물 근거 없음,아니오,아니오,재배환경 맥락·현장 표본 후보 탐색,동일 농가·필지를 식별하지 않으므로 인과효과나 개별농가 위험값으로 해석할 수 없음
EB-96F7F8CCED177FDD,전북특별자치도,김제시,배,2024,,7,0,0,0,0,0,,,,0,0,미연결,공통 공간·작물 근거 없음,아니오,아니오,재배환경 맥락·현장 표본 후보 탐색,동일 농가·필지를 식별하지 않으므로 인과효과나 개별농가 위험값으로 해석할 수 없음
EB-E58F86A5343EF659,전북특별자치도,김제시,포도,2024,,10,0,0,0,0,0,,,,0,0,미연결,공통 공간·작물 근거 없음,아니오,아니오,재배환경 맥락·현장 표본 후보 탐색,동일 농가·필지를 식별하지 않으므로 인과효과나 개별농가 위험값으로 해석할 수 없음
EB-D28061956AAFBCF2,전북특별자치도,남원시,논벼,2024,,8,0,0,0,0,0,,,,0,0,미연결,공통 공간·작물 근거 없음,아니오,아니오,재배환경 맥락·현장 표본 후보 탐색,동일 농가·필지를 식별하지 않으므로 인과효과나 개별농가 위험값으로 해석할 수 없음
EB-9AE7F626C39F67BC,전북특별자치도,남원시,복숭아,2024,,7,0,0,0,0,0,,,,0,0,미연결,공통 공간·작물 근거 없음,아니오,아니오,재배환경 맥락·현장 표본 후보 탐색,동일 농가·필지를 식별하지 않으므로 인과효과나 개별농가 위험값으로 해석할 수 없음
EB-E80FB7EB06F7C187,전북특별자치도,남원시,포도,2024,,8,0,0,0,0,0,,,,0,0,미연결,공통 공간·작물 근거 없음,아니오,아니오,재배환경 맥락·현장 표본 후보 탐색,동일 농가·필지를 식별하지 않으므로 인과효과나 개별농가 위험값으로 해석할 수 없음
EB-1C84DEAFBE8FBFE7,전북특별자치도,무주군,고추,2024,,7,0,0,0,0,0,,,,0,0,미연결,공통 공간·작물 근거 없음,아니오,아니오,재배환경 맥락·현장 표본 후보 탐색,동일 농가·필지를 식별하지 않으므로 인과효과나 개별농가 위험값으로 해석할 수 없음
EB-9169C86D1694E985,전북특별자치도,무주군,논벼,2024,,8,0,0,0,0,0,,,,0,0,미연결,공통 공간·작물 근거 없음,아니오,아니오,재배환경 맥락·현장 표본 후보 탐색,동일 농가·필지를 식별하지 않으므로 인과효과나 개별농가 위험값으로 해석할 수 없음
EB-99F491D789CE14C5,전북특별자치도,무주군,사과,2024,,10,0,0,0,0,0,,,,0,0,미연결,공통 공간·작물 근거 없음,아니오,아니오,재배환경 맥락·현장 표본 후보 탐색,동일 농가·필지를 식별하지 않으므로 인과효과나 개별농가 위험값으로 해석할 수 없음
EB-F482E06C71BF33BC,전북특별자치도,부안군,고추,2024,,5,0,0,0,0,0,,,,0,0,미연결,공통 공간·작물 근거 없음,아니오,아니오,재배환경 맥락·현장 표본 후보 탐색,동일 농가·필지를 식별하지 않으므로 인과효과나 개별농가 위험값으로 해석할 수 없음
EB-688729FD25437C82,전북특별자치도,부안군,논벼,2024,,8,0,0,0,0,0,,,,0,0,미연결,공통 공간·작물 근거 없음,아니오,아니오,재배환경 맥락·현장 표본 후보 탐색,동일 농가·필지를 식별하지 않으므로 인과효과나 개별농가 위험값으로 해석할 수 없음
EB-001DB69F009BFE75,전북특별자치도,부안군,마늘,2024,,6,0,0,0,0,0,,,,0,0,미연결,공통 공간·작물 근거 없음,아니오,아니오,재배환경 맥락·현장 표본 후보 탐색,동일 농가·필지를 식별하지 않으므로 인과효과나 개별농가 위험값으로 해석할 수 없음
EB-D7C0605826FE5071,전북특별자치도,부안군,양파,2024,,6,0,0,0,0,0,,,,0,0,미연결,공통 공간·작물 근거 없음,아니오,아니오,재배환경 맥락·현장 표본 후보 탐색,동일 농가·필지를 식별하지 않으므로 인과효과나 개별농가 위험값으로 해석할 수 없음
EB-7D5E47BD408BC154,전북특별자치도,순창군,고추,2024,,7,0,0,0,0,0,,,,0,0,미연결,공통 공간·작물 근거 없음,아니오,아니오,재배환경 맥락·현장 표본 후보 탐색,동일 농가·필지를 식별하지 않으므로 인과효과나 개별농가 위험값으로 해석할 수 없음
EB-5B2B0F75CFCB4892,전북특별자치도,순창군,논벼,2024,,8,0,0,0,0,0,,,,0,0,미연결,공통 공간·작물 근거 없음,아니오,아니오,재배환경 맥락·현장 표본 후보 탐색,동일 농가·필지를 식별하지 않으므로 인과효과나 개별농가 위험값으로 해석할 수 없음
EB-70BA4CD31DB83202,전북특별자치도,완주군,고추,2024,,7,0,0,0,0,0,,,,0,0,미연결,공통 공간·작물 근거 없음,아니오,아니오,재배환경 맥락·현장 표본 후보 탐색,동일 농가·필지를 식별하지 않으므로 인과효과나 개별농가 위험값으로 해석할 수 없음
EB-20692C0A692042E0,전북특별자치도,완주군,논벼,2024,,8,0,0,0,0,0,,,,0,0,미연결,공통 공간·작물 근거 없음,아니오,아니오,재배환경 맥락·현장 표본 후보 탐색,동일 농가·필지를 식별하지 않으므로 인과효과나 개별농가 위험값으로 해석할 수 없음
EB-48E7D50DE0F92356,전북특별자치도,완주군,마늘,2024,,6,0,0,0,0,0,,,,0,0,미연결,공통 공간·작물 근거 없음,아니오,아니오,재배환경 맥락·현장 표본 후보 탐색,동일 농가·필지를 식별하지 않으므로 인과효과나 개별농가 위험값으로 해석할 수 없음
EB-9AEA215B856FD81F,전북특별자치도,완주군,배,2024,,2,0,0,0,0,0,,,,0,0,미연결,공통 공간·작물 근거 없음,아니오,아니오,재배환경 맥락·현장 표본 후보 탐색,동일 농가·필지를 식별하지 않으므로 인과효과나 개별농가 위험값으로 해석할 수 없음
EB-C8CA797655687F71,전북특별자치도,익산시,논벼,2024,,8,0,0,0,0,0,,,,0,0,미연결,공통 공간·작물 근거 없음,아니오,아니오,재배환경 맥락·현장 표본 후보 탐색,동일 농가·필지를 식별하지 않으므로 인과효과나 개별농가 위험값으로 해석할 수 없음
EB-51FDE292AE57A7B2,전북특별자치도,임실군,고추,2024,,6,0,0,0,0,0,,,,0,0,미연결,공통 공간·작물 근거 없음,아니오,아니오,재배환경 맥락·현장 표본 후보 탐색,동일 농가·필지를 식별하지 않으므로 인과효과나 개별농가 위험값으로 해석할 수 없음
EB-4D694C6BFC1CF955,전북특별자치도,임실군,논벼,2024,,8,0,0,0,0,0,,,,0,0,미연결,공통 공간·작물 근거 없음,아니오,아니오,재배환경 맥락·현장 표본 후보 탐색,동일 농가·필지를 식별하지 않으므로 인과효과나 개별농가 위험값으로 해석할 수 없음
EB-883E95F417583DB7,전북특별자치도,임실군,복숭아,2024,,9,0,0,0,0,0,,,,0,0,미연결,공통 공간·작물 근거 없음,아니오,아니오,재배환경 맥락·현장 표본 후보 탐색,동일 농가·필지를 식별하지 않으므로 인과효과나 개별농가 위험값으로 해석할 수 없음
EB-62ED22EC94C1AF22,전북특별자치도,장수군,고추,2024,,7,0,0,0,0,0,,,,0,0,미연결,공통 공간·작물 근거 없음,아니오,아니오,재배환경 맥락·현장 표본 후보 탐색,동일 농가·필지를 식별하지 않으므로 인과효과나 개별농가 위험값으로 해석할 수 없음
EB-E0057C8345D103F0,전북특별자치도,장수군,논벼,2024,,8,0,0,0,0,0,,,,0,0,미연결,공통 공간·작물 근거 없음,아니오,아니오,재배환경 맥락·현장 표본 후보 탐색,동일 농가·필지를 식별하지 않으므로 인과효과나 개별농가 위험값으로 해석할 수 없음
EB-8B0E212C8A1915E5,전북특별자치도,전주시,복숭아,2024,,7,0,0,0,0,0,,,,0,0,미연결,공통 공간·작물 근거 없음,아니오,아니오,재배환경 맥락·현장 표본 후보 탐색,동일 농가·필지를 식별하지 않으므로 인과효과나 개별농가 위험값으로 해석할 수 없음
EB-CC4AC7EA67B084EA,전북특별자치도,정읍시,고추,2024,,5,0,0,0,0,0,,,,0,0,미연결,공통 공간·작물 근거 없음,아니오,아니오,재배환경 맥락·현장 표본 후보 탐색,동일 농가·필지를 식별하지 않으므로 인과효과나 개별농가 위험값으로 해석할 수 없음
EB-C83733393868931D,전북특별자치도,정읍시,논벼,2024,,8,0,0,0,0,0,,,,0,0,미연결,공통 공간·작물 근거 없음,아니오,아니오,재배환경 맥락·현장 표본 후보 탐색,동일 농가·필지를 식별하지 않으므로 인과효과나 개별농가 위험값으로 해석할 수 없음
EB-FC74B1538EEBFF8C,전북특별자치도,정읍시,사과,2024,,5,0,0,0,0,0,,,,0,0,미연결,공통 공간·작물 근거 없음,아니오,아니오,재배환경 맥락·현장 표본 후보 탐색,동일 농가·필지를 식별하지 않으므로 인과효과나 개별농가 위험값으로 해석할 수 없음
EB-F8F6C0652222B0D9,전북특별자치도,진안군,고추,2024,,5,0,0,0,0,0,,,,0,0,미연결,공통 공간·작물 근거 없음,아니오,아니오,재배환경 맥락·현장 표본 후보 탐색,동일 농가·필지를 식별하지 않으므로 인과효과나 개별농가 위험값으로 해석할 수 없음
EB-23AED74101DE7152,전북특별자치도,진안군,논벼,2024,,8,0,0,0,0,0,,,,0,0,미연결,공통 공간·작물 근거 없음,아니오,아니오,재배환경 맥락·현장 표본 후보 탐색,동일 농가·필지를 식별하지 않으므로 인과효과나 개별농가 위험값으로 해석할 수 없음
EB-436935269882FA26,충청남도,공주시,고추,2024,,5,0,0,0,0,0,,,,0,0,미연결,공통 공간·작물 근거 없음,아니오,아니오,재배환경 맥락·현장 표본 후보 탐색,동일 농가·필지를 식별하지 않으므로 인과효과나 개별농가 위험값으로 해석할 수 없음
EB-8166132DB767B118,충청남도,공주시,논벼,2024,,8,0,0,0,0,0,,,,0,0,미연결,공통 공간·작물 근거 없음,아니오,아니오,재배환경 맥락·현장 표본 후보 탐색,동일 농가·필지를 식별하지 않으므로 인과효과나 개별농가 위험값으로 해석할 수 없음
EB-291716AD949E6492,충청남도,공주시,복숭아,2024,,9,0,0,0,0,0,,,,0,0,미연결,공통 공간·작물 근거 없음,아니오,아니오,재배환경 맥락·현장 표본 후보 탐색,동일 농가·필지를 식별하지 않으므로 인과효과나 개별농가 위험값으로 해석할 수 없음
EB-BADE1FE7A75B4041,충청남도,금산군,논벼,2024,,8,0,0,0,0,0,,,,0,0,미연결,공통 공간·작물 근거 없음,아니오,아니오,재배환경 맥락·현장 표본 후보 탐색,동일 농가·필지를 식별하지 않으므로 인과효과나 개별농가 위험값으로 해석할 수 없음
EB-5B7DBBCDAE80AD87,충청남도,논산시,논벼,2024,,8,0,0,0,0,0,,,,0,0,미연결,공통 공간·작물 근거 없음,아니오,아니오,재배환경 맥락·현장 표본 후보 탐색,동일 농가·필지를 식별하지 않으므로 인과효과나 개별농가 위험값으로 해석할 수 없음
EB-B9F1A524793839CC,충청남도,논산시,배,2024,,10,0,0,0,0,0,,,,0,0,미연결,공통 공간·작물 근거 없음,아니오,아니오,재배환경 맥락·현장 표본 후보 탐색,동일 농가·필지를 식별하지 않으므로 인과효과나 개별농가 위험값으로 해석할 수 없음
EB-8B11C3EBEB83208A,충청남도,당진시,고추,2024,,7,0,0,0,0,0,,,,0,0,미연결,공통 공간·작물 근거 없음,아니오,아니오,재배환경 맥락·현장 표본 후보 탐색,동일 농가·필지를 식별하지 않으므로 인과효과나 개별농가 위험값으로 해석할 수 없음
EB-E9BBE215063BB430,충청남도,당진시,논벼,2024,,8,0,0,0,0,0,,,,0,0,미연결,공통 공간·작물 근거 없음,아니오,아니오,재배환경 맥락·현장 표본 후보 탐색,동일 농가·필지를 식별하지 않으므로 인과효과나 개별농가 위험값으로 해석할 수 없음
EB-330E50C3E9BDA023,충청남도,당진시,사과,2024,,10,0,0,0,0,0,,,,0,0,미연결,공통 공간·작물 근거 없음,아니오,아니오,재배환경 맥락·현장 표본 후보 탐색,동일 농가·필지를 식별하지 않으므로 인과효과나 개별농가 위험값으로 해석할 수 없음
EB-87ACCE0427C9306B,충청남도,보령시,고추,2024,,8,0,0,0,0,0,,,,0,0,미연결,공통 공간·작물 근거 없음,아니오,아니오,재배환경 맥락·현장 표본 후보 탐색,동일 농가·필지를 식별하지 않으므로 인과효과나 개별농가 위험값으로 해석할 수 없음
EB-6ED52B4711CB7120,충청남도,보령시,논벼,2024,,8,0,0,0,0,0,,,,0,0,미연결,공통 공간·작물 근거 없음,아니오,아니오,재배환경 맥락·현장 표본 후보 탐색,동일 농가·필지를 식별하지 않으므로 인과효과나 개별농가 위험값으로 해석할 수 없음
EB-3929616F6F4216FB,충청남도,보령시,포도,2024,,4,0,0,0,0,0,,,,0,0,미연결,공통 공간·작물 근거 없음,아니오,아니오,재배환경 맥락·현장 표본 후보 탐색,동일 농가·필지를 식별하지 않으므로 인과효과나 개별농가 위험값으로 해석할 수 없음
EB-514A2453A05AAE59,충청남도,부여군,논벼,2024,,8,0,0,0,0,0,,,,0,0,미연결,공통 공간·작물 근거 없음,아니오,아니오,재배환경 맥락·현장 표본 후보 탐색,동일 농가·필지를 식별하지 않으므로 인과효과나 개별농가 위험값으로 해석할 수 없음
EB-65381F3DE2FDDEA4,충청남도,서산시,고추,2024,,5,0,0,0,0,0,,,,0,0,미연결,공통 공간·작물 근거 없음,아니오,아니오,재배환경 맥락·현장 표본 후보 탐색,동일 농가·필지를 식별하지 않으므로 인과효과나 개별농가 위험값으로 해석할 수 없음
EB-B20E06F22751390E,충청남도,서산시,논벼,2024,,8,0,0,0,0,0,,,,0,0,미연결,공통 공간·작물 근거 없음,아니오,아니오,재배환경 맥락·현장 표본 후보 탐색,동일 농가·필지를 식별하지 않으므로 인과효과나 개별농가 위험값으로 해석할 수 없음
EB-F1C90FB143C89E11,충청남도,서천군,논벼,2024,,8,0,0,0,0,0,,,,0,0,미연결,공통 공간·작물 근거 없음,아니오,아니오,재배환경 맥락·현장 표본 후보 탐색,동일 농가·필지를 식별하지 않으므로 인과효과나 개별농가 위험값으로 해석할 수 없음
EB-BE9BD1AF275B9E10,충청남도,아산시,고추,2024,,5,0,0,0,0,0,,,,0,0,미연결,공통 공간·작물 근거 없음,아니오,아니오,재배환경 맥락·현장 표본 후보 탐색,동일 농가·필지를 식별하지 않으므로 인과효과나 개별농가 위험값으로 해석할 수 없음
EB-14D210F42BBC4161,충청남도,아산시,논벼,2024,,8,0,0,0,0,0,,,,0,0,미연결,공통 공간·작물 근거 없음,아니오,아니오,재배환경 맥락·현장 표본 후보 탐색,동일 농가·필지를 식별하지 않으므로 인과효과나 개별농가 위험값으로 해석할 수 없음
EB-740A7C7E8FD94EA9,충청남도,아산시,배,2024,,1,0,0,0,0,0,,,,0,0,미연결,공통 공간·작물 근거 없음,아니오,아니오,재배환경 맥락·현장 표본 후보 탐색,동일 농가·필지를 식별하지 않으므로 인과효과나 개별농가 위험값으로 해석할 수 없음
EB-BE91592F4E5917D6,충청남도,아산시,사과,2024,,1,0,0,0,0,0,,,,0,0,미연결,공통 공간·작물 근거 없음,아니오,아니오,재배환경 맥락·현장 표본 후보 탐색,동일 농가·필지를 식별하지 않으므로 인과효과나 개별농가 위험값으로 해석할 수 없음
EB-F010064043B2A779,충청남도,아산시,포도,2024,,3,0,0,0,0,0,,,,0,0,미연결,공통 공간·작물 근거 없음,아니오,아니오,재배환경 맥락·현장 표본 후보 탐색,동일 농가·필지를 식별하지 않으므로 인과효과나 개별농가 위험값으로 해석할 수 없음
EB-DCD79D358CCE947A,충청남도,예산군,고추,2024,,7,0,0,0,0,0,,,,0,0,미연결,공통 공간·작물 근거 없음,아니오,아니오,재배환경 맥락·현장 표본 후보 탐색,동일 농가·필지를 식별하지 않으므로 인과효과나 개별농가 위험값으로 해석할 수 없음
EB-182F630454D04ABC,충청남도,예산군,논벼,2024,,8,0,0,0,0,0,,,,0,0,미연결,공통 공간·작물 근거 없음,아니오,아니오,재배환경 맥락·현장 표본 후보 탐색,동일 농가·필지를 식별하지 않으므로 인과효과나 개별농가 위험값으로 해석할 수 없음
EB-7B39B83CBC3FDA5F,충청남도,예산군,배,2024,,5,0,0,0,0,0,,,,0,0,미연결,공통 공간·작물 근거 없음,아니오,아니오,재배환경 맥락·현장 표본 후보 탐색,동일 농가·필지를 식별하지 않으므로 인과효과나 개별농가 위험값으로 해석할 수 없음
EB-C44CE632439E4A93,충청남도,예산군,사과,2024,,1,0,0,0,0,0,,,,0,0,미연결,공통 공간·작물 근거 없음,아니오,아니오,재배환경 맥락·현장 표본 후보 탐색,동일 농가·필지를 식별하지 않으므로 인과효과나 개별농가 위험값으로 해석할 수 없음
EB-8B7D598EC503EADC,충청남도,천안시,고추,2024,,7,0,0,0,0,0,,,,0,0,미연결,공통 공간·작물 근거 없음,아니오,아니오,재배환경 맥락·현장 표본 후보 탐색,동일 농가·필지를 식별하지 않으므로 인과효과나 개별농가 위험값으로 해석할 수 없음
EB-59F7F1DBC02660BF,충청남도,천안시,논벼,2024,,8,0,0,0,0,0,,,,0,0,미연결,공통 공간·작물 근거 없음,아니오,아니오,재배환경 맥락·현장 표본 후보 탐색,동일 농가·필지를 식별하지 않으므로 인과효과나 개별농가 위험값으로 해석할 수 없음
EB-CAD1C453B2699A97,충청남도,천안시,배,2024,,4,0,0,0,0,0,,,,0,0,미연결,공통 공간·작물 근거 없음,아니오,아니오,재배환경 맥락·현장 표본 후보 탐색,동일 농가·필지를 식별하지 않으므로 인과효과나 개별농가 위험값으로 해석할 수 없음
EB-0FB4996739CA511A,충청남도,천안시,포도,2024,,6,0,0,0,0,0,,,,0,0,미연결,공통 공간·작물 근거 없음,아니오,아니오,재배환경 맥락·현장 표본 후보 탐색,동일 농가·필지를 식별하지 않으므로 인과효과나 개별농가 위험값으로 해석할 수 없음
EB-33E8A2930D64EB20,충청남도,청양군,고추,2024,,7,0,0,0,0,0,,,,0,0,미연결,공통 공간·작물 근거 없음,아니오,아니오,재배환경 맥락·현장 표본 후보 탐색,동일 농가·필지를 식별하지 않으므로 인과효과나 개별농가 위험값으로 해석할 수 없음
EB-E8E0306C5422E06E,충청남도,청양군,논벼,2024,,8,0,0,0,0,0,,,,0,0,미연결,공통 공간·작물 근거 없음,아니오,아니오,재배환경 맥락·현장 표본 후보 탐색,동일 농가·필지를 식별하지 않으므로 인과효과나 개별농가 위험값으로 해석할 수 없음
EB-ADAF26D92D53289B,충청남도,태안군,고추,2024,,7,0,0,0,0,0,,,,0,0,미연결,공통 공간·작물 근거 없음,아니오,아니오,재배환경 맥락·현장 표본 후보 탐색,동일 농가·필지를 식별하지 않으므로 인과효과나 개별농가 위험값으로 해석할 수 없음
EB-52A8079C6BB10433,충청남도,태안군,논벼,2024,,8,0,0,0,0,0,,,,0,0,미연결,공통 공간·작물 근거 없음,아니오,아니오,재배환경 맥락·현장 표본 후보 탐색,동일 농가·필지를 식별하지 않으므로 인과효과나 개별농가 위험값으로 해석할 수 없음
EB-2C03133F7BB2D9FD,충청남도,태안군,마늘,2024,,12,0,0,0,0,0,,,,0,0,미연결,공통 공간·작물 근거 없음,아니오,아니오,재배환경 맥락·현장 표본 후보 탐색,동일 농가·필지를 식별하지 않으므로 인과효과나 개별농가 위험값으로 해석할 수 없음
EB-C5D58FC024602AE4,충청남도,홍성군,논벼,2024,,8,0,0,0,0,0,,,,0,0,미연결,공통 공간·작물 근거 없음,아니오,아니오,재배환경 맥락·현장 표본 후보 탐색,동일 농가·필지를 식별하지 않으므로 인과효과나 개별농가 위험값으로 해석할 수 없음
EB-F8955E16FDE93EC9,충청북도,괴산군,고추,2024,,7,0,0,0,0,0,,,,0,0,미연결,공통 공간·작물 근거 없음,아니오,아니오,재배환경 맥락·현장 표본 후보 탐색,동일 농가·필지를 식별하지 않으므로 인과효과나 개별농가 위험값으로 해석할 수 없음
EB-45E690CA7D3EBA46,충청북도,괴산군,논벼,2024,,8,0,0,0,0,0,,,,0,0,미연결,공통 공간·작물 근거 없음,아니오,아니오,재배환경 맥락·현장 표본 후보 탐색,동일 농가·필지를 식별하지 않으므로 인과효과나 개별농가 위험값으로 해석할 수 없음
EB-59750DF5C7152A66,충청북도,단양군,고추,2024,,7,0,0,0,0,0,,,,0,0,미연결,공통 공간·작물 근거 없음,아니오,아니오,재배환경 맥락·현장 표본 후보 탐색,동일 농가·필지를 식별하지 않으므로 인과효과나 개별농가 위험값으로 해석할 수 없음
EB-44880B7F80B17537,충청북도,단양군,마늘,2024,,6,0,0,0,0,0,,,,0,0,미연결,공통 공간·작물 근거 없음,아니오,아니오,재배환경 맥락·현장 표본 후보 탐색,동일 농가·필지를 식별하지 않으므로 인과효과나 개별농가 위험값으로 해석할 수 없음
EB-8CD24D71CA3CF586,충청북도,보은군,고추,2024,,7,0,0,0,0,0,,,,0,0,미연결,공통 공간·작물 근거 없음,아니오,아니오,재배환경 맥락·현장 표본 후보 탐색,동일 농가·필지를 식별하지 않으므로 인과효과나 개별농가 위험값으로 해석할 수 없음
EB-2075A46F62F717D2,충청북도,보은군,논벼,2024,,8,0,0,0,0,0,,,,0,0,미연결,공통 공간·작물 근거 없음,아니오,아니오,재배환경 맥락·현장 표본 후보 탐색,동일 농가·필지를 식별하지 않으므로 인과효과나 개별농가 위험값으로 해석할 수 없음
EB-86E6970B5EEF92A7,충청북도,보은군,사과,2024,,10,0,0,0,0,0,,,,0,0,미연결,공통 공간·작물 근거 없음,아니오,아니오,재배환경 맥락·현장 표본 후보 탐색,동일 농가·필지를 식별하지 않으므로 인과효과나 개별농가 위험값으로 해석할 수 없음
EB-97DB9E4E1CDD10E9,충청북도,영동군,고추,2024,,7,0,0,0,0,0,,,,0,0,미연결,공통 공간·작물 근거 없음,아니오,아니오,재배환경 맥락·현장 표본 후보 탐색,동일 농가·필지를 식별하지 않으므로 인과효과나 개별농가 위험값으로 해석할 수 없음
EB-AD7957E52419AAEF,충청북도,영동군,논벼,2024,,8,0,0,0,0,0,,,,0,0,미연결,공통 공간·작물 근거 없음,아니오,아니오,재배환경 맥락·현장 표본 후보 탐색,동일 농가·필지를 식별하지 않으므로 인과효과나 개별농가 위험값으로 해석할 수 없음
EB-A41BC312FFFAFEDE,충청북도,영동군,복숭아,2024,,9,0,0,0,0,0,,,,0,0,미연결,공통 공간·작물 근거 없음,아니오,아니오,재배환경 맥락·현장 표본 후보 탐색,동일 농가·필지를 식별하지 않으므로 인과효과나 개별농가 위험값으로 해석할 수 없음
EB-A37796FE96A0B97F,충청북도,영동군,사과,2024,,10,0,0,0,0,0,,,,0,0,미연결,공통 공간·작물 근거 없음,아니오,아니오,재배환경 맥락·현장 표본 후보 탐색,동일 농가·필지를 식별하지 않으므로 인과효과나 개별농가 위험값으로 해석할 수 없음
EB-828DF2BFCC93852B,충청북도,영동군,포도,2024,,15,0,0,0,0,0,,,,0,0,미연결,공통 공간·작물 근거 없음,아니오,아니오,재배환경 맥락·현장 표본 후보 탐색,동일 농가·필지를 식별하지 않으므로 인과효과나 개별농가 위험값으로 해석할 수 없음
EB-700032D361A3C79A,충청북도,옥천군,고추,2024,,7,0,0,0,0,0,,,,0,0,미연결,공통 공간·작물 근거 없음,아니오,아니오,재배환경 맥락·현장 표본 후보 탐색,동일 농가·필지를 식별하지 않으므로 인과효과나 개별농가 위험값으로 해석할 수 없음
EB-2F5CA17EA6A228CF,충청북도,옥천군,논벼,2024,,8,0,0,0,0,0,,,,0,0,미연결,공통 공간·작물 근거 없음,아니오,아니오,재배환경 맥락·현장 표본 후보 탐색,동일 농가·필지를 식별하지 않으므로 인과효과나 개별농가 위험값으로 해석할 수 없음
EB-579B1D5A15B1375D,충청북도,옥천군,포도,2024,,15,0,0,0,0,0,,,,0,0,미연결,공통 공간·작물 근거 없음,아니오,아니오,재배환경 맥락·현장 표본 후보 탐색,동일 농가·필지를 식별하지 않으므로 인과효과나 개별농가 위험값으로 해석할 수 없음
EB-25488546EC7E435A,충청북도,음성군,고추,2024,,7,0,0,0,0,0,,,,0,0,미연결,공통 공간·작물 근거 없음,아니오,아니오,재배환경 맥락·현장 표본 후보 탐색,동일 농가·필지를 식별하지 않으므로 인과효과나 개별농가 위험값으로 해석할 수 없음
EB-4760A0340B7E6FFD,충청북도,음성군,논벼,2024,,8,0,0,0,0,0,,,,0,0,미연결,공통 공간·작물 근거 없음,아니오,아니오,재배환경 맥락·현장 표본 후보 탐색,동일 농가·필지를 식별하지 않으므로 인과효과나 개별농가 위험값으로 해석할 수 없음
EB-70E155C64F7512C1,충청북도,음성군,복숭아,2024,,9,0,0,0,0,0,,,,0,0,미연결,공통 공간·작물 근거 없음,아니오,아니오,재배환경 맥락·현장 표본 후보 탐색,동일 농가·필지를 식별하지 않으므로 인과효과나 개별농가 위험값으로 해석할 수 없음
EB-B04DA7B34D3F5FD5,충청북도,제천시,고추,2024,,7,0,0,0,0,0,,,,0,0,미연결,공통 공간·작물 근거 없음,아니오,아니오,재배환경 맥락·현장 표본 후보 탐색,동일 농가·필지를 식별하지 않으므로 인과효과나 개별농가 위험값으로 해석할 수 없음
EB-4E00EAD034C19BDA,충청북도,제천시,논벼,2024,,8,0,0,0,0,0,,,,0,0,미연결,공통 공간·작물 근거 없음,아니오,아니오,재배환경 맥락·현장 표본 후보 탐색,동일 농가·필지를 식별하지 않으므로 인과효과나 개별농가 위험값으로 해석할 수 없음
EB-14A433CC20600F05,충청북도,제천시,마늘,2024,,6,0,0,0,0,0,,,,0,0,미연결,공통 공간·작물 근거 없음,아니오,아니오,재배환경 맥락·현장 표본 후보 탐색,동일 농가·필지를 식별하지 않으므로 인과효과나 개별농가 위험값으로 해석할 수 없음
EB-7478141A28FE50EE,충청북도,제천시,사과,2024,,10,0,0,0,0,0,,,,0,0,미연결,공통 공간·작물 근거 없음,아니오,아니오,재배환경 맥락·현장 표본 후보 탐색,동일 농가·필지를 식별하지 않으므로 인과효과나 개별농가 위험값으로 해석할 수 없음
EB-58DB5BF5604E2874,충청북도,증평군,고추,2024,,7,0,0,0,0,0,,,,0,0,미연결,공통 공간·작물 근거 없음,아니오,아니오,재배환경 맥락·현장 표본 후보 탐색,동일 농가·필지를 식별하지 않으므로 인과효과나 개별농가 위험값으로 해석할 수 없음
EB-1452A8FCC68AA98B,충청북도,진천군,고추,2024,,7,0,0,0,0,0,,,,0,0,미연결,공통 공간·작물 근거 없음,아니오,아니오,재배환경 맥락·현장 표본 후보 탐색,동일 농가·필지를 식별하지 않으므로 인과효과나 개별농가 위험값으로 해석할 수 없음
EB-531B4E70B0F75EA5,충청북도,진천군,논벼,2024,,8,0,0,0,0,0,,,,0,0,미연결,공통 공간·작물 근거 없음,아니오,아니오,재배환경 맥락·현장 표본 후보 탐색,동일 농가·필지를 식별하지 않으므로 인과효과나 개별농가 위험값으로 해석할 수 없음
EB-0B5FE2764CC95D03,충청북도,진천군,마늘,2024,,6,0,0,0,0,0,,,,0,0,미연결,공통 공간·작물 근거 없음,아니오,아니오,재배환경 맥락·현장 표본 후보 탐색,동일 농가·필지를 식별하지 않으므로 인과효과나 개별농가 위험값으로 해석할 수 없음
EB-533E57B64593C3AB,충청북도,청주시,고추,2024,,7,0,0,0,0,0,,,,0,0,미연결,공통 공간·작물 근거 없음,아니오,아니오,재배환경 맥락·현장 표본 후보 탐색,동일 농가·필지를 식별하지 않으므로 인과효과나 개별농가 위험값으로 해석할 수 없음
EB-5BC4F90EE83A1621,충청북도,청주시,논벼,2024,,8,0,0,0,0,0,,,,0,0,미연결,공통 공간·작물 근거 없음,아니오,아니오,재배환경 맥락·현장 표본 후보 탐색,동일 농가·필지를 식별하지 않으므로 인과효과나 개별농가 위험값으로 해석할 수 없음
EB-5FF01B1441F0AFAF,충청북도,청주시,배,2024,,11,0,0,0,0,0,,,,0,0,미연결,공통 공간·작물 근거 없음,아니오,아니오,재배환경 맥락·현장 표본 후보 탐색,동일 농가·필지를 식별하지 않으므로 인과효과나 개별농가 위험값으로 해석할 수 없음
EB-5CA121631DF2B09F,충청북도,충주시,고추,2024,,7,0,0,0,0,0,,,,0,0,미연결,공통 공간·작물 근거 없음,아니오,아니오,재배환경 맥락·현장 표본 후보 탐색,동일 농가·필지를 식별하지 않으므로 인과효과나 개별농가 위험값으로 해석할 수 없음
EB-44F2BA1EFC4DA357,충청북도,충주시,논벼,2024,,8,0,0,0,0,0,,,,0,0,미연결,공통 공간·작물 근거 없음,아니오,아니오,재배환경 맥락·현장 표본 후보 탐색,동일 농가·필지를 식별하지 않으므로 인과효과나 개별농가 위험값으로 해석할 수 없음
EB-BA96E5565405C282,충청북도,충주시,복숭아,2024,,9,0,0,0,0,0,,,,0,0,미연결,공통 공간·작물 근거 없음,아니오,아니오,재배환경 맥락·현장 표본 후보 탐색,동일 농가·필지를 식별하지 않으므로 인과효과나 개별농가 위험값으로 해석할 수 없음
EB-E978934EA98428FD,충청북도,충주시,사과,2024,,10,0,0,0,0,0,,,,0,0,미연결,공통 공간·작물 근거 없음,아니오,아니오,재배환경 맥락·현장 표본 후보 탐색,동일 농가·필지를 식별하지 않으므로 인과효과나 개별농가 위험값으로 해석할 수 없음
EB-63157ADD447AFFC3,강원특별자치도,강릉시,논벼,2026,,4,0,0,0,0,0,,,,0,0,미연결,공통 공간·작물 근거 없음,아니오,아니오,재배환경 맥락·현장 표본 후보 탐색,동일 농가·필지를 식별하지 않으므로 인과효과나 개별농가 위험값으로 해석할 수 없음
EB-9EC5C5D2314BF6ED,강원특별자치도,강릉시,배추,2026,,1,0,0,0,0,0,,,,0,0,미연결,공통 공간·작물 근거 없음,아니오,아니오,재배환경 맥락·현장 표본 후보 탐색,동일 농가·필지를 식별하지 않으므로 인과효과나 개별농가 위험값으로 해석할 수 없음
EB-E439A33A7E7C9B03,강원특별자치도,고성군,논벼,2026,,3,0,0,0,0,0,,,,0,0,미연결,공통 공간·작물 근거 없음,아니오,아니오,재배환경 맥락·현장 표본 후보 탐색,동일 농가·필지를 식별하지 않으므로 인과효과나 개별농가 위험값으로 해석할 수 없음
EB-0A5393D4DABC9373,강원특별자치도,삼척시,고추,2026,,6,0,0,0,0,0,,,,0,0,미연결,공통 공간·작물 근거 없음,아니오,아니오,재배환경 맥락·현장 표본 후보 탐색,동일 농가·필지를 식별하지 않으므로 인과효과나 개별농가 위험값으로 해석할 수 없음
EB-BC11678782C6BE24,강원특별자치도,삼척시,논벼,2026,,7,0,0,0,0,0,,,,0,0,미연결,공통 공간·작물 근거 없음,아니오,아니오,재배환경 맥락·현장 표본 후보 탐색,동일 농가·필지를 식별하지 않으므로 인과효과나 개별농가 위험값으로 해석할 수 없음
EB-7B49705628588C41,강원특별자치도,삼척시,마늘,2026,,5,0,0,0,0,0,,,,0,0,미연결,공통 공간·작물 근거 없음,아니오,아니오,재배환경 맥락·현장 표본 후보 탐색,동일 농가·필지를 식별하지 않으므로 인과효과나 개별농가 위험값으로 해석할 수 없음
EB-FCF501A78DFED225,강원특별자치도,삼척시,배추,2026,,5,0,0,0,0,0,,,,0,0,미연결,공통 공간·작물 근거 없음,아니오,아니오,재배환경 맥락·현장 표본 후보 탐색,동일 농가·필지를 식별하지 않으므로 인과효과나 개별농가 위험값으로 해석할 수 없음
EB-0E8A0700D778D918,강원특별자치도,양구군,논벼,2026,,8,0,0,0,0,0,,,,0,0,미연결,공통 공간·작물 근거 없음,아니오,아니오,재배환경 맥락·현장 표본 후보 탐색,동일 농가·필지를 식별하지 않으므로 인과효과나 개별농가 위험값으로 해석할 수 없음
EB-CB01C2896ED0354B,강원특별자치도,양양군,논벼,2026,,6,0,0,0,0,0,,,,0,0,미연결,공통 공간·작물 근거 없음,아니오,아니오,재배환경 맥락·현장 표본 후보 탐색,동일 농가·필지를 식별하지 않으므로 인과효과나 개별농가 위험값으로 해석할 수 없음
EB-13BC28C46C76F81B,강원특별자치도,영월군,고추,2026,,6,0,0,0,0,0,,,,0,0,미연결,공통 공간·작물 근거 없음,아니오,아니오,재배환경 맥락·현장 표본 후보 탐색,동일 농가·필지를 식별하지 않으므로 인과효과나 개별농가 위험값으로 해석할 수 없음
EB-0B1DE13F9F9DF893,강원특별자치도,영월군,논벼,2026,,7,0,0,0,0,0,,,,0,0,미연결,공통 공간·작물 근거 없음,아니오,아니오,재배환경 맥락·현장 표본 후보 탐색,동일 농가·필지를 식별하지 않으므로 인과효과나 개별농가 위험값으로 해석할 수 없음
EB-EDB3F92083D07B75,강원특별자치도,영월군,사과,2026,,5,0,0,0,0,0,,,,0,0,미연결,공통 공간·작물 근거 없음,아니오,아니오,재배환경 맥락·현장 표본 후보 탐색,동일 농가·필지를 식별하지 않으므로 인과효과나 개별농가 위험값으로 해석할 수 없음
EB-A4968E842FD3FCFB,강원특별자치도,원주시,고추,2026,,6,0,0,0,0,0,,,,0,0,미연결,공통 공간·작물 근거 없음,아니오,아니오,재배환경 맥락·현장 표본 후보 탐색,동일 농가·필지를 식별하지 않으므로 인과효과나 개별농가 위험값으로 해석할 수 없음
EB-D3D3FF3841BA7AB3,강원특별자치도,원주시,논벼,2026,,8,0,0,0,0,0,,,,0,0,미연결,공통 공간·작물 근거 없음,아니오,아니오,재배환경 맥락·현장 표본 후보 탐색,동일 농가·필지를 식별하지 않으므로 인과효과나 개별농가 위험값으로 해석할 수 없음
EB-63951BED9313542C,강원특별자치도,원주시,배,2026,,7,0,0,0,0,0,,,,0,0,미연결,공통 공간·작물 근거 없음,아니오,아니오,재배환경 맥락·현장 표본 후보 탐색,동일 농가·필지를 식별하지 않으므로 인과효과나 개별농가 위험값으로 해석할 수 없음
EB-3057D3B9EE25EC35,강원특별자치도,원주시,복숭아,2026,,7,0,0,0,0,0,,,,0,0,미연결,공통 공간·작물 근거 없음,아니오,아니오,재배환경 맥락·현장 표본 후보 탐색,동일 농가·필지를 식별하지 않으므로 인과효과나 개별농가 위험값으로 해석할 수 없음
EB-12374BDCEEE2FDA5,강원특별자치도,원주시,콩,2026,,6,0,0,0,0,0,,,,0,0,미연결,공통 공간·작물 근거 없음,아니오,아니오,재배환경 맥락·현장 표본 후보 탐색,동일 농가·필지를 식별하지 않으므로 인과효과나 개별농가 위험값으로 해석할 수 없음
EB-445BF6CB70103090,강원특별자치도,인제군,논벼,2026,,7,0,0,0,0,0,,,,0,0,미연결,공통 공간·작물 근거 없음,아니오,아니오,재배환경 맥락·현장 표본 후보 탐색,동일 농가·필지를 식별하지 않으므로 인과효과나 개별농가 위험값으로 해석할 수 없음
EB-C521C247F2A1C514,강원특별자치도,정선군,고추,2026,,6,0,0,0,0,0,,,,0,0,미연결,공통 공간·작물 근거 없음,아니오,아니오,재배환경 맥락·현장 표본 후보 탐색,동일 농가·필지를 식별하지 않으므로 인과효과나 개별농가 위험값으로 해석할 수 없음
EB-729239EA9A003C92,강원특별자치도,정선군,무,2026,,5,0,0,0,0,0,,,,0,0,미연결,공통 공간·작물 근거 없음,아니오,아니오,재배환경 맥락·현장 표본 후보 탐색,동일 농가·필지를 식별하지 않으므로 인과효과나 개별농가 위험값으로 해석할 수 없음
EB-3412096D39FCDFA9,강원특별자치도,정선군,배추,2026,,5,0,0,0,0,0,,,,0,0,미연결,공통 공간·작물 근거 없음,아니오,아니오,재배환경 맥락·현장 표본 후보 탐색,동일 농가·필지를 식별하지 않으므로 인과효과나 개별농가 위험값으로 해석할 수 없음
EB-2A9E87DEFE95B494,강원특별자치도,정선군,콩,2026,,6,0,0,0,0,0,,,,0,0,미연결,공통 공간·작물 근거 없음,아니오,아니오,재배환경 맥락·현장 표본 후보 탐색,동일 농가·필지를 식별하지 않으므로 인과효과나 개별농가 위험값으로 해석할 수 없음
EB-21FA986F0F5C5893,강원특별자치도,철원군,논벼,2026,,8,0,0,0,0,0,,,,0,0,미연결,공통 공간·작물 근거 없음,아니오,아니오,재배환경 맥락·현장 표본 후보 탐색,동일 농가·필지를 식별하지 않으므로 인과효과나 개별농가 위험값으로 해석할 수 없음
EB-D3953CE5A25EF17E,강원특별자치도,춘천시,논벼,2026,,8,0,0,0,0,0,,,,0,0,미연결,공통 공간·작물 근거 없음,아니오,아니오,재배환경 맥락·현장 표본 후보 탐색,동일 농가·필지를 식별하지 않으므로 인과효과나 개별농가 위험값으로 해석할 수 없음
EB-A1A1CB5C28C2ADF6,강원특별자치도,춘천시,복숭아,2026,,8,0,0,0,0,0,,,,0,0,미연결,공통 공간·작물 근거 없음,아니오,아니오,재배환경 맥락·현장 표본 후보 탐색,동일 농가·필지를 식별하지 않으므로 인과효과나 개별농가 위험값으로 해석할 수 없음
EB-910D5657FB0D52F6,강원특별자치도,춘천시,사과,2026,,7,0,0,0,0,0,,,,0,0,미연결,공통 공간·작물 근거 없음,아니오,아니오,재배환경 맥락·현장 표본 후보 탐색,동일 농가·필지를 식별하지 않으므로 인과효과나 개별농가 위험값으로 해석할 수 없음
EB-48F80362F7FAD4FF,강원특별자치도,태백시,배추,2026,,5,0,0,0,0,0,,,,0,0,미연결,공통 공간·작물 근거 없음,아니오,아니오,재배환경 맥락·현장 표본 후보 탐색,동일 농가·필지를 식별하지 않으므로 인과효과나 개별농가 위험값으로 해석할 수 없음
EB-24D4EEE70523B2CA,강원특별자치도,평창군,고추,2026,,6,0,0,0,0,0,,,,0,0,미연결,공통 공간·작물 근거 없음,아니오,아니오,재배환경 맥락·현장 표본 후보 탐색,동일 농가·필지를 식별하지 않으므로 인과효과나 개별농가 위험값으로 해석할 수 없음
EB-3E83FE90B20D89DD,강원특별자치도,평창군,논벼,2026,,7,0,0,0,0,0,,,,0,0,미연결,공통 공간·작물 근거 없음,아니오,아니오,재배환경 맥락·현장 표본 후보 탐색,동일 농가·필지를 식별하지 않으므로 인과효과나 개별농가 위험값으로 해석할 수 없음
EB-0DA106F941E20311,강원특별자치도,평창군,무,2026,,5,0,0,0,0,0,,,,0,0,미연결,공통 공간·작물 근거 없음,아니오,아니오,재배환경 맥락·현장 표본 후보 탐색,동일 농가·필지를 식별하지 않으므로 인과효과나 개별농가 위험값으로 해석할 수 없음
EB-74A67DCCC345613E,강원특별자치도,평창군,배추,2026,,5,0,0,0,0,0,,,,0,0,미연결,공통 공간·작물 근거 없음,아니오,아니오,재배환경 맥락·현장 표본 후보 탐색,동일 농가·필지를 식별하지 않으므로 인과효과나 개별농가 위험값으로 해석할 수 없음
EB-9D5AE7482D542E32,강원특별자치도,홍천군,고추,2026,,6,0,0,0,0,0,,,,0,0,미연결,공통 공간·작물 근거 없음,아니오,아니오,재배환경 맥락·현장 표본 후보 탐색,동일 농가·필지를 식별하지 않으므로 인과효과나 개별농가 위험값으로 해석할 수 없음
EB-BF73ED337570BD44,강원특별자치도,홍천군,논벼,2026,,8,0,0,0,0,0,,,,0,0,미연결,공통 공간·작물 근거 없음,아니오,아니오,재배환경 맥락·현장 표본 후보 탐색,동일 농가·필지를 식별하지 않으므로 인과효과나 개별농가 위험값으로 해석할 수 없음
EB-2BF0D092CB72C0A1,강원특별자치도,홍천군,무,2026,,5,0,0,0,0,0,,,,0,0,미연결,공통 공간·작물 근거 없음,아니오,아니오,재배환경 맥락·현장 표본 후보 탐색,동일 농가·필지를 식별하지 않으므로 인과효과나 개별농가 위험값으로 해석할 수 없음
EB-4DAC11D8F151761F,강원특별자치도,홍천군,콩,2026,,6,0,0,0,0,0,,,,0,0,미연결,공통 공간·작물 근거 없음,아니오,아니오,재배환경 맥락·현장 표본 후보 탐색,동일 농가·필지를 식별하지 않으므로 인과효과나 개별농가 위험값으로 해석할 수 없음
EB-FBCE52AEE522DFFD,강원특별자치도,화천군,논벼,2026,,8,0,0,0,0,0,,,,0,0,미연결,공통 공간·작물 근거 없음,아니오,아니오,재배환경 맥락·현장 표본 후보 탐색,동일 농가·필지를 식별하지 않으므로 인과효과나 개별농가 위험값으로 해석할 수 없음
EB-95DC20ACC8C28E10,강원특별자치도,횡성군,고추,2026,,6,0,0,0,0,0,,,,0,0,미연결,공통 공간·작물 근거 없음,아니오,아니오,재배환경 맥락·현장 표본 후보 탐색,동일 농가·필지를 식별하지 않으므로 인과효과나 개별농가 위험값으로 해석할 수 없음
EB-A7721E126855AD02,강원특별자치도,횡성군,논벼,2026,,8,0,0,0,0,0,,,,0,0,미연결,공통 공간·작물 근거 없음,아니오,아니오,재배환경 맥락·현장 표본 후보 탐색,동일 농가·필지를 식별하지 않으므로 인과효과나 개별농가 위험값으로 해석할 수 없음
EB-8AD5A52AA5ED8DBB,강원특별자치도,횡성군,콩,2026,,6,0,0,0,0,0,,,,0,0,미연결,공통 공간·작물 근거 없음,아니오,아니오,재배환경 맥락·현장 표본 후보 탐색,동일 농가·필지를 식별하지 않으므로 인과효과나 개별농가 위험값으로 해석할 수 없음
EB-96FF53181715189A,경기도,가평군,논벼,2026,,8,0,0,0,0,0,,,,0,0,미연결,공통 공간·작물 근거 없음,아니오,아니오,재배환경 맥락·현장 표본 후보 탐색,동일 농가·필지를 식별하지 않으므로 인과효과나 개별농가 위험값으로 해석할 수 없음
EB-9F925E983A120A2B,경기도,가평군,사과,2026,,7,0,0,0,0,0,,,,0,0,미연결,공통 공간·작물 근거 없음,아니오,아니오,재배환경 맥락·현장 표본 후보 탐색,동일 농가·필지를 식별하지 않으므로 인과효과나 개별농가 위험값으로 해석할 수 없음
EB-7DA86B732E7BB1A7,경기도,가평군,포도,2026,,9,0,0,0,0,0,,,,0,0,미연결,공통 공간·작물 근거 없음,아니오,아니오,재배환경 맥락·현장 표본 후보 탐색,동일 농가·필지를 식별하지 않으므로 인과효과나 개별농가 위험값으로 해석할 수 없음
EB-F2AA499A8B3F30CF,경기도,고양시,논벼,2026,,8,0,0,0,0,0,,,,0,0,미연결,공통 공간·작물 근거 없음,아니오,아니오,재배환경 맥락·현장 표본 후보 탐색,동일 농가·필지를 식별하지 않으므로 인과효과나 개별농가 위험값으로 해석할 수 없음
EB-B5716E6399E895CD,경기도,광주시,논벼,2026,,8,0,0,0,0,0,,,,0,0,미연결,공통 공간·작물 근거 없음,아니오,아니오,재배환경 맥락·현장 표본 후보 탐색,동일 농가·필지를 식별하지 않으므로 인과효과나 개별농가 위험값으로 해석할 수 없음
EB-B144EF56354BFACD,경기도,김포시,논벼,2026,,8,0,0,0,0,0,,,,0,0,미연결,공통 공간·작물 근거 없음,아니오,아니오,재배환경 맥락·현장 표본 후보 탐색,동일 농가·필지를 식별하지 않으므로 인과효과나 개별농가 위험값으로 해석할 수 없음
EB-C11D71D8C31FED50,경기도,남양주시,배,2026,,8,0,0,0,0,0,,,,0,0,미연결,공통 공간·작물 근거 없음,아니오,아니오,재배환경 맥락·현장 표본 후보 탐색,동일 농가·필지를 식별하지 않으므로 인과효과나 개별농가 위험값으로 해석할 수 없음
EB-F801CDB6778A2C91,경기도,시흥시,논벼,2026,,8,0,0,0,0,0,,,,0,0,미연결,공통 공간·작물 근거 없음,아니오,아니오,재배환경 맥락·현장 표본 후보 탐색,동일 농가·필지를 식별하지 않으므로 인과효과나 개별농가 위험값으로 해석할 수 없음
EB-523D3E3D2A8D96F8,경기도,안성시,고추,2026,,6,0,0,0,0,0,,,,0,0,미연결,공통 공간·작물 근거 없음,아니오,아니오,재배환경 맥락·현장 표본 후보 탐색,동일 농가·필지를 식별하지 않으므로 인과효과나 개별농가 위험값으로 해석할 수 없음
EB-8B700C81F45F093B,경기도,안성시,논벼,2026,,8,0,0,0,0,0,,,,0,0,미연결,공통 공간·작물 근거 없음,아니오,아니오,재배환경 맥락·현장 표본 후보 탐색,동일 농가·필지를 식별하지 않으므로 인과효과나 개별농가 위험값으로 해석할 수 없음
EB-A8C0AB2DD9FD630D,경기도,안성시,배,2026,,8,0,0,0,0,0,,,,0,0,미연결,공통 공간·작물 근거 없음,아니오,아니오,재배환경 맥락·현장 표본 후보 탐색,동일 농가·필지를 식별하지 않으므로 인과효과나 개별농가 위험값으로 해석할 수 없음
EB-3B888C2775DA7172,경기도,안성시,포도,2026,,9,0,0,0,0,0,,,,0,0,미연결,공통 공간·작물 근거 없음,아니오,아니오,재배환경 맥락·현장 표본 후보 탐색,동일 농가·필지를 식별하지 않으므로 인과효과나 개별농가 위험값으로 해석할 수 없음
EB-2BE725C393446E33,경기도,양주시,논벼,2026,,8,0,0,0,0,0,,,,0,0,미연결,공통 공간·작물 근거 없음,아니오,아니오,재배환경 맥락·현장 표본 후보 탐색,동일 농가·필지를 식별하지 않으므로 인과효과나 개별농가 위험값으로 해석할 수 없음
EB-2EDDE1C57D772490,경기도,양평군,고추,2026,,6,0,0,0,0,0,,,,0,0,미연결,공통 공간·작물 근거 없음,아니오,아니오,재배환경 맥락·현장 표본 후보 탐색,동일 농가·필지를 식별하지 않으므로 인과효과나 개별농가 위험값으로 해석할 수 없음
EB-084C846828FB3557,경기도,양평군,논벼,2026,,8,0,0,0,0,0,,,,0,0,미연결,공통 공간·작물 근거 없음,아니오,아니오,재배환경 맥락·현장 표본 후보 탐색,동일 농가·필지를 식별하지 않으므로 인과효과나 개별농가 위험값으로 해석할 수 없음
EB-018A05EEAAB0BDF2,경기도,양평군,콩,2026,,6,0,0,0,0,0,,,,0,0,미연결,공통 공간·작물 근거 없음,아니오,아니오,재배환경 맥락·현장 표본 후보 탐색,동일 농가·필지를 식별하지 않으므로 인과효과나 개별농가 위험값으로 해석할 수 없음
EB-696EC1E4CDDB61A3,경기도,여주시,고추,2026,,6,0,0,0,0,0,,,,0,0,미연결,공통 공간·작물 근거 없음,아니오,아니오,재배환경 맥락·현장 표본 후보 탐색,동일 농가·필지를 식별하지 않으므로 인과효과나 개별농가 위험값으로 해석할 수 없음
EB-FEFAA7958B23EE43,경기도,여주시,논벼,2026,,8,0,0,0,0,0,,,,0,0,미연결,공통 공간·작물 근거 없음,아니오,아니오,재배환경 맥락·현장 표본 후보 탐색,동일 농가·필지를 식별하지 않으므로 인과효과나 개별농가 위험값으로 해석할 수 없음
EB-719A83C3BA864C59,경기도,여주시,복숭아,2026,,8,0,0,0,0,0,,,,0,0,미연결,공통 공간·작물 근거 없음,아니오,아니오,재배환경 맥락·현장 표본 후보 탐색,동일 농가·필지를 식별하지 않으므로 인과효과나 개별농가 위험값으로 해석할 수 없음
EB-5A341D056C56287D,경기도,여주시,콩,2026,,6,0,0,0,0,0,,,,0,0,미연결,공통 공간·작물 근거 없음,아니오,아니오,재배환경 맥락·현장 표본 후보 탐색,동일 농가·필지를 식별하지 않으므로 인과효과나 개별농가 위험값으로 해석할 수 없음
EB-452472CD5D933AA4,경기도,연천군,논벼,2026,,8,0,0,0,0,0,,,,0,0,미연결,공통 공간·작물 근거 없음,아니오,아니오,재배환경 맥락·현장 표본 후보 탐색,동일 농가·필지를 식별하지 않으므로 인과효과나 개별농가 위험값으로 해석할 수 없음
EB-B634491F4B0E64D8,경기도,연천군,콩,2026,,6,0,0,0,0,0,,,,0,0,미연결,공통 공간·작물 근거 없음,아니오,아니오,재배환경 맥락·현장 표본 후보 탐색,동일 농가·필지를 식별하지 않으므로 인과효과나 개별농가 위험값으로 해석할 수 없음
EB-1A6040B9A16B2E26,경기도,용인시,논벼,2026,,7,0,0,0,0,0,,,,0,0,미연결,공통 공간·작물 근거 없음,아니오,아니오,재배환경 맥락·현장 표본 후보 탐색,동일 농가·필지를 식별하지 않으므로 인과효과나 개별농가 위험값으로 해석할 수 없음
EB-7E6D490BBF79529B,경기도,이천시,고추,2026,,6,0,0,0,0,0,,,,0,0,미연결,공통 공간·작물 근거 없음,아니오,아니오,재배환경 맥락·현장 표본 후보 탐색,동일 농가·필지를 식별하지 않으므로 인과효과나 개별농가 위험값으로 해석할 수 없음
EB-8CF943566FEF7EB2,경기도,이천시,논벼,2026,,8,0,0,0,0,0,,,,0,0,미연결,공통 공간·작물 근거 없음,아니오,아니오,재배환경 맥락·현장 표본 후보 탐색,동일 농가·필지를 식별하지 않으므로 인과효과나 개별농가 위험값으로 해석할 수 없음
EB-441BD3C87BE3EF9F,경기도,이천시,복숭아,2026,,8,0,0,0,0,0,,,,0,0,미연결,공통 공간·작물 근거 없음,아니오,아니오,재배환경 맥락·현장 표본 후보 탐색,동일 농가·필지를 식별하지 않으므로 인과효과나 개별농가 위험값으로 해석할 수 없음
EB-44F19E2515734866,경기도,이천시,콩,2026,,6,0,0,0,0,0,,,,0,0,미연결,공통 공간·작물 근거 없음,아니오,아니오,재배환경 맥락·현장 표본 후보 탐색,동일 농가·필지를 식별하지 않으므로 인과효과나 개별농가 위험값으로 해석할 수 없음
EB-D041446D916EB53B,경기도,파주시,논벼,2026,,8,0,0,0,0,0,,,,0,0,미연결,공통 공간·작물 근거 없음,아니오,아니오,재배환경 맥락·현장 표본 후보 탐색,동일 농가·필지를 식별하지 않으므로 인과효과나 개별농가 위험값으로 해석할 수 없음
EB-BD9BD85E46D40005,경기도,파주시,콩,2026,,6,0,0,0,0,0,,,,0,0,미연결,공통 공간·작물 근거 없음,아니오,아니오,재배환경 맥락·현장 표본 후보 탐색,동일 농가·필지를 식별하지 않으므로 인과효과나 개별농가 위험값으로 해석할 수 없음
EB-A72FFF36D4F3A8B3,경기도,평택시,논벼,2026,,7,0,0,0,0,0,,,,0,0,미연결,공통 공간·작물 근거 없음,아니오,아니오,재배환경 맥락·현장 표본 후보 탐색,동일 농가·필지를 식별하지 않으므로 인과효과나 개별농가 위험값으로 해석할 수 없음
EB-DE9186148D65A708,경기도,평택시,배,2026,,8,0,0,0,0,0,,,,0,0,미연결,공통 공간·작물 근거 없음,아니오,아니오,재배환경 맥락·현장 표본 후보 탐색,동일 농가·필지를 식별하지 않으므로 인과효과나 개별농가 위험값으로 해석할 수 없음
EB-F660F3181B58D1DC,경기도,포천시,논벼,2026,,8,0,0,0,0,0,,,,0,0,미연결,공통 공간·작물 근거 없음,아니오,아니오,재배환경 맥락·현장 표본 후보 탐색,동일 농가·필지를 식별하지 않으므로 인과효과나 개별농가 위험값으로 해석할 수 없음
EB-5C8A754089C55F4B,경기도,포천시,사과,2026,,7,0,0,0,0,0,,,,0,0,미연결,공통 공간·작물 근거 없음,아니오,아니오,재배환경 맥락·현장 표본 후보 탐색,동일 농가·필지를 식별하지 않으므로 인과효과나 개별농가 위험값으로 해석할 수 없음
EB-5EE5FE4970F6A5DE,경기도,포천시,콩,2026,,6,0,0,0,0,0,,,,0,0,미연결,공통 공간·작물 근거 없음,아니오,아니오,재배환경 맥락·현장 표본 후보 탐색,동일 농가·필지를 식별하지 않으므로 인과효과나 개별농가 위험값으로 해석할 수 없음
EB-A09A36061448D9E8,경기도,화성시,고추,2026,,6,0,0,0,0,0,,,,0,0,미연결,공통 공간·작물 근거 없음,아니오,아니오,재배환경 맥락·현장 표본 후보 탐색,동일 농가·필지를 식별하지 않으므로 인과효과나 개별농가 위험값으로 해석할 수 없음
EB-836FE39372FB176B,경기도,화성시,논벼,2026,,8,0,0,0,0,0,,,,0,0,미연결,공통 공간·작물 근거 없음,아니오,아니오,재배환경 맥락·현장 표본 후보 탐색,동일 농가·필지를 식별하지 않으므로 인과효과나 개별농가 위험값으로 해석할 수 없음
EB-BBD202605DFDE965,경기도,화성시,콩,2026,,6,0,0,0,0,0,,,,0,0,미연결,공통 공간·작물 근거 없음,아니오,아니오,재배환경 맥락·현장 표본 후보 탐색,동일 농가·필지를 식별하지 않으므로 인과효과나 개별농가 위험값으로 해석할 수 없음
EB-3D039A6C62DD2933,경기도,화성시,포도,2026,,8,0,0,0,0,0,,,,0,0,미연결,공통 공간·작물 근거 없음,아니오,아니오,재배환경 맥락·현장 표본 후보 탐색,동일 농가·필지를 식별하지 않으므로 인과효과나 개별농가 위험값으로 해석할 수 없음
EB-1A94DD9C36703459,경상남도,거제시,논벼,2026,,8,0,0,0,0,0,,,,0,0,미연결,공통 공간·작물 근거 없음,아니오,아니오,재배환경 맥락·현장 표본 후보 탐색,동일 농가·필지를 식별하지 않으므로 인과효과나 개별농가 위험값으로 해석할 수 없음
EB-ADCB1C67CC79C9C5,경상남도,거제시,마늘,2026,,5,0,0,0,0,0,,,,0,0,미연결,공통 공간·작물 근거 없음,아니오,아니오,재배환경 맥락·현장 표본 후보 탐색,동일 농가·필지를 식별하지 않으므로 인과효과나 개별농가 위험값으로 해석할 수 없음
EB-BB40EDD67C78B070,경상남도,거제시,보리,2026,,6,0,0,0,0,0,,,,0,0,미연결,공통 공간·작물 근거 없음,아니오,아니오,재배환경 맥락·현장 표본 후보 탐색,동일 농가·필지를 식별하지 않으므로 인과효과나 개별농가 위험값으로 해석할 수 없음
EB-082D797625897778,경상남도,거제시,양파,2026,,5,0,0,0,0,0,,,,0,0,미연결,공통 공간·작물 근거 없음,아니오,아니오,재배환경 맥락·현장 표본 후보 탐색,동일 농가·필지를 식별하지 않으므로 인과효과나 개별농가 위험값으로 해석할 수 없음
EB-5C635AD2402D25C2,경상남도,거창군,논벼,2026,,8,0,0,0,0,0,,,,0,0,미연결,공통 공간·작물 근거 없음,아니오,아니오,재배환경 맥락·현장 표본 후보 탐색,동일 농가·필지를 식별하지 않으므로 인과효과나 개별농가 위험값으로 해석할 수 없음
EB-C4EF1C6027261D78,경상남도,거창군,보리,2026,,6,0,0,0,0,0,,,,0,0,미연결,공통 공간·작물 근거 없음,아니오,아니오,재배환경 맥락·현장 표본 후보 탐색,동일 농가·필지를 식별하지 않으므로 인과효과나 개별농가 위험값으로 해석할 수 없음
EB-CDF078F6DDA26E43,경상남도,거창군,사과,2026,,7,0,0,0,0,0,,,,0,0,미연결,공통 공간·작물 근거 없음,아니오,아니오,재배환경 맥락·현장 표본 후보 탐색,동일 농가·필지를 식별하지 않으므로 인과효과나 개별농가 위험값으로 해석할 수 없음
EB-EE596E2F3D5B6AB2,경상남도,거창군,양파,2026,,5,0,0,0,0,0,,,,0,0,미연결,공통 공간·작물 근거 없음,아니오,아니오,재배환경 맥락·현장 표본 후보 탐색,동일 농가·필지를 식별하지 않으므로 인과효과나 개별농가 위험값으로 해석할 수 없음
EB-36B0004EA3B9D8E4,경상남도,거창군,포도,2026,,9,0,0,0,0,0,,,,0,0,미연결,공통 공간·작물 근거 없음,아니오,아니오,재배환경 맥락·현장 표본 후보 탐색,동일 농가·필지를 식별하지 않으므로 인과효과나 개별농가 위험값으로 해석할 수 없음
EB-177AD8598E7A4A63,경상남도,고성군,논벼,2026,,8,0,0,0,0,0,,,,0,0,미연결,공통 공간·작물 근거 없음,아니오,아니오,재배환경 맥락·현장 표본 후보 탐색,동일 농가·필지를 식별하지 않으므로 인과효과나 개별농가 위험값으로 해석할 수 없음
EB-7AFFA18E375AC491,경상남도,고성군,보리,2026,,6,0,0,0,0,0,,,,0,0,미연결,공통 공간·작물 근거 없음,아니오,아니오,재배환경 맥락·현장 표본 후보 탐색,동일 농가·필지를 식별하지 않으므로 인과효과나 개별농가 위험값으로 해석할 수 없음
EB-10671E87552E3DBF,경상남도,고성군,콩,2026,,6,0,0,0,0,0,,,,0,0,미연결,공통 공간·작물 근거 없음,아니오,아니오,재배환경 맥락·현장 표본 후보 탐색,동일 농가·필지를 식별하지 않으므로 인과효과나 개별농가 위험값으로 해석할 수 없음
EB-05B6ADAFDE6CD295,경상남도,김해시,감,2026,,8,0,0,0,0,0,,,,0,0,미연결,공통 공간·작물 근거 없음,아니오,아니오,재배환경 맥락·현장 표본 후보 탐색,동일 농가·필지를 식별하지 않으므로 인과효과나 개별농가 위험값으로 해석할 수 없음
EB-9D4884B8D2D8E125,경상남도,김해시,논벼,2026,,8,0,0,0,0,0,,,,0,0,미연결,공통 공간·작물 근거 없음,아니오,아니오,재배환경 맥락·현장 표본 후보 탐색,동일 농가·필지를 식별하지 않으므로 인과효과나 개별농가 위험값으로 해석할 수 없음
EB-54AB219D0BB273DF,경상남도,남해군,논벼,2026,,8,0,0,0,0,0,,,,0,0,미연결,공통 공간·작물 근거 없음,아니오,아니오,재배환경 맥락·현장 표본 후보 탐색,동일 농가·필지를 식별하지 않으므로 인과효과나 개별농가 위험값으로 해석할 수 없음
EB-75BBD4152E1FBF33,경상남도,남해군,마늘,2026,,5,0,0,0,0,0,,,,0,0,미연결,공통 공간·작물 근거 없음,아니오,아니오,재배환경 맥락·현장 표본 후보 탐색,동일 농가·필지를 식별하지 않으므로 인과효과나 개별농가 위험값으로 해석할 수 없음
EB-112FDE801D11E1EF,경상남도,남해군,보리,2026,,6,0,0,0,0,0,,,,0,0,미연결,공통 공간·작물 근거 없음,아니오,아니오,재배환경 맥락·현장 표본 후보 탐색,동일 농가·필지를 식별하지 않으므로 인과효과나 개별농가 위험값으로 해석할 수 없음
EB-534FB4D7C42D02DC,경상남도,밀양시,감,2026,,8,0,0,0,0,0,,,,0,0,미연결,공통 공간·작물 근거 없음,아니오,아니오,재배환경 맥락·현장 표본 후보 탐색,동일 농가·필지를 식별하지 않으므로 인과효과나 개별농가 위험값으로 해석할 수 없음
EB-301FF61F4EA88681,경상남도,밀양시,논벼,2026,,8,0,0,0,0,0,,,,0,0,미연결,공통 공간·작물 근거 없음,아니오,아니오,재배환경 맥락·현장 표본 후보 탐색,동일 농가·필지를 식별하지 않으므로 인과효과나 개별농가 위험값으로 해석할 수 없음
EB-DF85D73DFB9799C8,경상남도,밀양시,보리,2026,,6,0,0,0,0,0,,,,0,0,미연결,공통 공간·작물 근거 없음,아니오,아니오,재배환경 맥락·현장 표본 후보 탐색,동일 농가·필지를 식별하지 않으므로 인과효과나 개별농가 위험값으로 해석할 수 없음
EB-FA887CB5C5419008,경상남도,밀양시,사과,2026,,7,0,0,0,0,0,,,,0,0,미연결,공통 공간·작물 근거 없음,아니오,아니오,재배환경 맥락·현장 표본 후보 탐색,동일 농가·필지를 식별하지 않으므로 인과효과나 개별농가 위험값으로 해석할 수 없음
EB-46413443FE901AB4,경상남도,밀양시,콩,2026,,6,0,0,0,0,0,,,,0,0,미연결,공통 공간·작물 근거 없음,아니오,아니오,재배환경 맥락·현장 표본 후보 탐색,동일 농가·필지를 식별하지 않으므로 인과효과나 개별농가 위험값으로 해석할 수 없음
EB-FD83F8CC58C0CAD2,경상남도,사천시,감,2026,,8,0,0,0,0,0,,,,0,0,미연결,공통 공간·작물 근거 없음,아니오,아니오,재배환경 맥락·현장 표본 후보 탐색,동일 농가·필지를 식별하지 않으므로 인과효과나 개별농가 위험값으로 해석할 수 없음
EB-AEC2C7D3FE0A437F,경상남도,사천시,논벼,2026,,8,0,0,0,0,0,,,,0,0,미연결,공통 공간·작물 근거 없음,아니오,아니오,재배환경 맥락·현장 표본 후보 탐색,동일 농가·필지를 식별하지 않으므로 인과효과나 개별농가 위험값으로 해석할 수 없음
EB-BDD67864C91082FE,경상남도,사천시,마늘,2026,,5,0,0,0,0,0,,,,0,0,미연결,공통 공간·작물 근거 없음,아니오,아니오,재배환경 맥락·현장 표본 후보 탐색,동일 농가·필지를 식별하지 않으므로 인과효과나 개별농가 위험값으로 해석할 수 없음
EB-FCCD0009D2EB8BC1,경상남도,사천시,보리,2026,,6,0,0,0,0,0,,,,0,0,미연결,공통 공간·작물 근거 없음,아니오,아니오,재배환경 맥락·현장 표본 후보 탐색,동일 농가·필지를 식별하지 않으므로 인과효과나 개별농가 위험값으로 해석할 수 없음
EB-F5AF46EB21D0D9B8,경상남도,산청군,논벼,2026,,8,0,0,0,0,0,,,,0,0,미연결,공통 공간·작물 근거 없음,아니오,아니오,재배환경 맥락·현장 표본 후보 탐색,동일 농가·필지를 식별하지 않으므로 인과효과나 개별농가 위험값으로 해석할 수 없음
EB-CB847AD5C5F46BA6,경상남도,산청군,배,2026,,8,0,0,0,0,0,,,,0,0,미연결,공통 공간·작물 근거 없음,아니오,아니오,재배환경 맥락·현장 표본 후보 탐색,동일 농가·필지를 식별하지 않으므로 인과효과나 개별농가 위험값으로 해석할 수 없음
EB-C667B44EF884EE02,경상남도,산청군,보리,2026,,6,0,0,0,0,0,,,,0,0,미연결,공통 공간·작물 근거 없음,아니오,아니오,재배환경 맥락·현장 표본 후보 탐색,동일 농가·필지를 식별하지 않으므로 인과효과나 개별농가 위험값으로 해석할 수 없음
EB-1AEF86DB051337D1,경상남도,산청군,양파,2026,,5,0,0,0,0,0,,,,0,0,미연결,공통 공간·작물 근거 없음,아니오,아니오,재배환경 맥락·현장 표본 후보 탐색,동일 농가·필지를 식별하지 않으므로 인과효과나 개별농가 위험값으로 해석할 수 없음
EB-A4CFD560AB32E872,경상남도,양산시,논벼,2026,,8,0,0,0,0,0,,,,0,0,미연결,공통 공간·작물 근거 없음,아니오,아니오,재배환경 맥락·현장 표본 후보 탐색,동일 농가·필지를 식별하지 않으므로 인과효과나 개별농가 위험값으로 해석할 수 없음
EB-6C99D4520DBE7015,경상남도,의령군,논벼,2026,,8,0,0,0,0,0,,,,0,0,미연결,공통 공간·작물 근거 없음,아니오,아니오,재배환경 맥락·현장 표본 후보 탐색,동일 농가·필지를 식별하지 않으므로 인과효과나 개별농가 위험값으로 해석할 수 없음
EB-882EEC28F8122A58,경상남도,의령군,마늘,2026,,5,0,0,0,0,0,,,,0,0,미연결,공통 공간·작물 근거 없음,아니오,아니오,재배환경 맥락·현장 표본 후보 탐색,동일 농가·필지를 식별하지 않으므로 인과효과나 개별농가 위험값으로 해석할 수 없음
EB-2FDAA3C536D6497B,경상남도,의령군,보리,2026,,6,0,0,0,0,0,,,,0,0,미연결,공통 공간·작물 근거 없음,아니오,아니오,재배환경 맥락·현장 표본 후보 탐색,동일 농가·필지를 식별하지 않으므로 인과효과나 개별농가 위험값으로 해석할 수 없음
EB-403CE0398FF3CB4E,경상남도,의령군,양파,2026,,5,0,0,0,0,0,,,,0,0,미연결,공통 공간·작물 근거 없음,아니오,아니오,재배환경 맥락·현장 표본 후보 탐색,동일 농가·필지를 식별하지 않으므로 인과효과나 개별농가 위험값으로 해석할 수 없음
EB-F812061F75467598,경상남도,의령군,콩,2026,,6,0,0,0,0,0,,,,0,0,미연결,공통 공간·작물 근거 없음,아니오,아니오,재배환경 맥락·현장 표본 후보 탐색,동일 농가·필지를 식별하지 않으므로 인과효과나 개별농가 위험값으로 해석할 수 없음
EB-559E6B59C6823934,경상남도,진주시,감,2026,,8,0,0,0,0,0,,,,0,0,미연결,공통 공간·작물 근거 없음,아니오,아니오,재배환경 맥락·현장 표본 후보 탐색,동일 농가·필지를 식별하지 않으므로 인과효과나 개별농가 위험값으로 해석할 수 없음
EB-C2E49FEC201A7E6E,경상남도,진주시,논벼,2026,,8,0,0,0,0,0,,,,0,0,미연결,공통 공간·작물 근거 없음,아니오,아니오,재배환경 맥락·현장 표본 후보 탐색,동일 농가·필지를 식별하지 않으므로 인과효과나 개별농가 위험값으로 해석할 수 없음
EB-0F1BA97F13FADF43,경상남도,진주시,배,2026,,8,0,0,0,0,0,,,,0,0,미연결,공통 공간·작물 근거 없음,아니오,아니오,재배환경 맥락·현장 표본 후보 탐색,동일 농가·필지를 식별하지 않으므로 인과효과나 개별농가 위험값으로 해석할 수 없음
EB-EC15B8AA4EA27ACB,경상남도,진주시,보리,2026,,6,0,0,0,0,0,,,,0,0,미연결,공통 공간·작물 근거 없음,아니오,아니오,재배환경 맥락·현장 표본 후보 탐색,동일 농가·필지를 식별하지 않으므로 인과효과나 개별농가 위험값으로 해석할 수 없음
EB-E001E58ADEB85202,경상남도,진주시,복숭아,2026,,8,0,0,0,0,0,,,,0,0,미연결,공통 공간·작물 근거 없음,아니오,아니오,재배환경 맥락·현장 표본 후보 탐색,동일 농가·필지를 식별하지 않으므로 인과효과나 개별농가 위험값으로 해석할 수 없음
EB-EBE9FD73DB68B305,경상남도,진주시,콩,2026,,6,0,0,0,0,0,,,,0,0,미연결,공통 공간·작물 근거 없음,아니오,아니오,재배환경 맥락·현장 표본 후보 탐색,동일 농가·필지를 식별하지 않으므로 인과효과나 개별농가 위험값으로 해석할 수 없음
EB-DE001DAC62253D21,경상남도,창녕군,감,2026,,8,0,0,0,0,0,,,,0,0,미연결,공통 공간·작물 근거 없음,아니오,아니오,재배환경 맥락·현장 표본 후보 탐색,동일 농가·필지를 식별하지 않으므로 인과효과나 개별농가 위험값으로 해석할 수 없음
EB-AC3D5537A3D7336C,경상남도,창녕군,고추,2026,,6,0,0,0,0,0,,,,0,0,미연결,공통 공간·작물 근거 없음,아니오,아니오,재배환경 맥락·현장 표본 후보 탐색,동일 농가·필지를 식별하지 않으므로 인과효과나 개별농가 위험값으로 해석할 수 없음
EB-D1824AF5F532C2A5,경상남도,창녕군,논벼,2026,,8,0,0,0,0,0,,,,0,0,미연결,공통 공간·작물 근거 없음,아니오,아니오,재배환경 맥락·현장 표본 후보 탐색,동일 농가·필지를 식별하지 않으므로 인과효과나 개별농가 위험값으로 해석할 수 없음
EB-FE2F66A215E258E9,경상남도,창녕군,마늘,2026,,5,0,0,0,0,0,,,,0,0,미연결,공통 공간·작물 근거 없음,아니오,아니오,재배환경 맥락·현장 표본 후보 탐색,동일 농가·필지를 식별하지 않으므로 인과효과나 개별농가 위험값으로 해석할 수 없음
EB-CECF46D4A05E6FF2,경상남도,창녕군,보리,2026,,6,0,0,0,0,0,,,,0,0,미연결,공통 공간·작물 근거 없음,아니오,아니오,재배환경 맥락·현장 표본 후보 탐색,동일 농가·필지를 식별하지 않으므로 인과효과나 개별농가 위험값으로 해석할 수 없음
EB-2BFE17D87F9AAD5C,경상남도,창녕군,복숭아,2026,,8,0,0,0,0,0,,,,0,0,미연결,공통 공간·작물 근거 없음,아니오,아니오,재배환경 맥락·현장 표본 후보 탐색,동일 농가·필지를 식별하지 않으므로 인과효과나 개별농가 위험값으로 해석할 수 없음
EB-31F42CD0E9750F74,경상남도,창녕군,양파,2026,,5,0,0,0,0,0,,,,0,0,미연결,공통 공간·작물 근거 없음,아니오,아니오,재배환경 맥락·현장 표본 후보 탐색,동일 농가·필지를 식별하지 않으므로 인과효과나 개별농가 위험값으로 해석할 수 없음
EB-9EB8435869EF4818,경상남도,창원시,감,2026,,8,0,0,0,0,0,,,,0,0,미연결,공통 공간·작물 근거 없음,아니오,아니오,재배환경 맥락·현장 표본 후보 탐색,동일 농가·필지를 식별하지 않으므로 인과효과나 개별농가 위험값으로 해석할 수 없음
EB-15F382E515E4B43C,경상남도,창원시,논벼,2026,,8,0,0,0,0,0,,,,0,0,미연결,공통 공간·작물 근거 없음,아니오,아니오,재배환경 맥락·현장 표본 후보 탐색,동일 농가·필지를 식별하지 않으므로 인과효과나 개별농가 위험값으로 해석할 수 없음
EB-2DAAEC3BA48CC62A,경상남도,창원시,보리,2026,,6,0,0,0,0,0,,,,0,0,미연결,공통 공간·작물 근거 없음,아니오,아니오,재배환경 맥락·현장 표본 후보 탐색,동일 농가·필지를 식별하지 않으므로 인과효과나 개별농가 위험값으로 해석할 수 없음
EB-4B1624B30F5E7F75,경상남도,통영시,논벼,2026,,8,0,0,0,0,0,,,,0,0,미연결,공통 공간·작물 근거 없음,아니오,아니오,재배환경 맥락·현장 표본 후보 탐색,동일 농가·필지를 식별하지 않으므로 인과효과나 개별농가 위험값으로 해석할 수 없음
EB-CC37CB951AA7426E,경상남도,통영시,마늘,2026,,5,0,0,0,0,0,,,,0,0,미연결,공통 공간·작물 근거 없음,아니오,아니오,재배환경 맥락·현장 표본 후보 탐색,동일 농가·필지를 식별하지 않으므로 인과효과나 개별농가 위험값으로 해석할 수 없음
EB-F06B6AA81161277B,경상남도,하동군,논벼,2026,,8,0,0,0,0,0,,,,0,0,미연결,공통 공간·작물 근거 없음,아니오,아니오,재배환경 맥락·현장 표본 후보 탐색,동일 농가·필지를 식별하지 않으므로 인과효과나 개별농가 위험값으로 해석할 수 없음
EB-1ADC4F0924124C7B,경상남도,하동군,마늘,2026,,5,0,0,0,0,0,,,,0,0,미연결,공통 공간·작물 근거 없음,아니오,아니오,재배환경 맥락·현장 표본 후보 탐색,동일 농가·필지를 식별하지 않으므로 인과효과나 개별농가 위험값으로 해석할 수 없음
EB-D5332A0E44DB2D1C,경상남도,하동군,배,2026,,8,0,0,0,0,0,,,,0,0,미연결,공통 공간·작물 근거 없음,아니오,아니오,재배환경 맥락·현장 표본 후보 탐색,동일 농가·필지를 식별하지 않으므로 인과효과나 개별농가 위험값으로 해석할 수 없음
EB-C759D994B9767D78,경상남도,하동군,보리,2026,,6,0,0,0,0,0,,,,0,0,미연결,공통 공간·작물 근거 없음,아니오,아니오,재배환경 맥락·현장 표본 후보 탐색,동일 농가·필지를 식별하지 않으므로 인과효과나 개별농가 위험값으로 해석할 수 없음
EB-4236C869D44AD01A,경상남도,함안군,감,2026,,8,0,0,0,0,0,,,,0,0,미연결,공통 공간·작물 근거 없음,아니오,아니오,재배환경 맥락·현장 표본 후보 탐색,동일 농가·필지를 식별하지 않으므로 인과효과나 개별농가 위험값으로 해석할 수 없음
EB-B1DA33F3C7704B31,경상남도,함안군,논벼,2026,,8,0,0,0,0,0,,,,0,0,미연결,공통 공간·작물 근거 없음,아니오,아니오,재배환경 맥락·현장 표본 후보 탐색,동일 농가·필지를 식별하지 않으므로 인과효과나 개별농가 위험값으로 해석할 수 없음
EB-4FB64B20F6DBC802,경상남도,함안군,마늘,2026,,5,0,0,0,0,0,,,,0,0,미연결,공통 공간·작물 근거 없음,아니오,아니오,재배환경 맥락·현장 표본 후보 탐색,동일 농가·필지를 식별하지 않으므로 인과효과나 개별농가 위험값으로 해석할 수 없음
EB-BB56AC48690B8A49,경상남도,함안군,보리,2026,,6,0,0,0,0,0,,,,0,0,미연결,공통 공간·작물 근거 없음,아니오,아니오,재배환경 맥락·현장 표본 후보 탐색,동일 농가·필지를 식별하지 않으므로 인과효과나 개별농가 위험값으로 해석할 수 없음
EB-C4E1F5F97CE0DBF0,경상남도,함안군,포도,2026,,9,0,0,0,0,0,,,,0,0,미연결,공통 공간·작물 근거 없음,아니오,아니오,재배환경 맥락·현장 표본 후보 탐색,동일 농가·필지를 식별하지 않으므로 인과효과나 개별농가 위험값으로 해석할 수 없음
EB-5683BA4D12AF94FE,경상남도,함양군,고추,2026,,6,0,0,0,0,0,,,,0,0,미연결,공통 공간·작물 근거 없음,아니오,아니오,재배환경 맥락·현장 표본 후보 탐색,동일 농가·필지를 식별하지 않으므로 인과효과나 개별농가 위험값으로 해석할 수 없음
EB-5AAD218697383042,경상남도,함양군,논벼,2026,,8,0,0,0,0,0,,,,0,0,미연결,공통 공간·작물 근거 없음,아니오,아니오,재배환경 맥락·현장 표본 후보 탐색,동일 농가·필지를 식별하지 않으므로 인과효과나 개별농가 위험값으로 해석할 수 없음
EB-3B4DB1161D398FD8,경상남도,함양군,양파,2026,,5,0,0,0,0,0,,,,0,0,미연결,공통 공간·작물 근거 없음,아니오,아니오,재배환경 맥락·현장 표본 후보 탐색,동일 농가·필지를 식별하지 않으므로 인과효과나 개별농가 위험값으로 해석할 수 없음
EB-854539C77E73B575,경상남도,합천군,논벼,2026,,8,0,0,0,0,0,,,,0,0,미연결,공통 공간·작물 근거 없음,아니오,아니오,재배환경 맥락·현장 표본 후보 탐색,동일 농가·필지를 식별하지 않으므로 인과효과나 개별농가 위험값으로 해석할 수 없음
EB-5409DAACB5A7DD87,경상남도,합천군,마늘,2026,,5,0,0,0,0,0,,,,0,0,미연결,공통 공간·작물 근거 없음,아니오,아니오,재배환경 맥락·현장 표본 후보 탐색,동일 농가·필지를 식별하지 않으므로 인과효과나 개별농가 위험값으로 해석할 수 없음
EB-36DEAA80E9871BD9,경상남도,합천군,보리,2026,,6,0,0,0,0,0,,,,0,0,미연결,공통 공간·작물 근거 없음,아니오,아니오,재배환경 맥락·현장 표본 후보 탐색,동일 농가·필지를 식별하지 않으므로 인과효과나 개별농가 위험값으로 해석할 수 없음
EB-F35E79092BCDEE7F,경상남도,합천군,양파,2026,,5,0,0,0,0,0,,,,0,0,미연결,공통 공간·작물 근거 없음,아니오,아니오,재배환경 맥락·현장 표본 후보 탐색,동일 농가·필지를 식별하지 않으므로 인과효과나 개별농가 위험값으로 해석할 수 없음
EB-0BB5E8F3157480EE,경상북도,경산시,논벼,2026,,7,0,0,0,0,0,,,,0,0,미연결,공통 공간·작물 근거 없음,아니오,아니오,재배환경 맥락·현장 표본 후보 탐색,동일 농가·필지를 식별하지 않으므로 인과효과나 개별농가 위험값으로 해석할 수 없음
EB-1FB1B1C57D524975,경상북도,경산시,복숭아,2026,,8,0,0,0,0,0,,,,0,0,미연결,공통 공간·작물 근거 없음,아니오,아니오,재배환경 맥락·현장 표본 후보 탐색,동일 농가·필지를 식별하지 않으므로 인과효과나 개별농가 위험값으로 해석할 수 없음
EB-AB522CEF87731A86,경상북도,경산시,포도,2026,,8,0,0,0,0,0,,,,0,0,미연결,공통 공간·작물 근거 없음,아니오,아니오,재배환경 맥락·현장 표본 후보 탐색,동일 농가·필지를 식별하지 않으므로 인과효과나 개별농가 위험값으로 해석할 수 없음
EB-09B3ECE662F6BCC5,경상북도,경주시,감,2026,,8,0,0,0,0,0,,,,0,0,미연결,공통 공간·작물 근거 없음,아니오,아니오,재배환경 맥락·현장 표본 후보 탐색,동일 농가·필지를 식별하지 않으므로 인과효과나 개별농가 위험값으로 해석할 수 없음
EB-55597B10E0E53580,경상북도,경주시,논벼,2026,,7,0,0,0,0,0,,,,0,0,미연결,공통 공간·작물 근거 없음,아니오,아니오,재배환경 맥락·현장 표본 후보 탐색,동일 농가·필지를 식별하지 않으므로 인과효과나 개별농가 위험값으로 해석할 수 없음
EB-C55D140B05ED5A9E,경상북도,경주시,마늘,2026,,5,0,0,0,0,0,,,,0,0,미연결,공통 공간·작물 근거 없음,아니오,아니오,재배환경 맥락·현장 표본 후보 탐색,동일 농가·필지를 식별하지 않으므로 인과효과나 개별농가 위험값으로 해석할 수 없음
EB-8C4396B28EDD5720,경상북도,경주시,배,2026,,8,0,0,0,0,0,,,,0,0,미연결,공통 공간·작물 근거 없음,아니오,아니오,재배환경 맥락·현장 표본 후보 탐색,동일 농가·필지를 식별하지 않으므로 인과효과나 개별농가 위험값으로 해석할 수 없음
EB-59E4D84767276168,경상북도,고령군,논벼,2026,,7,0,0,0,0,0,,,,0,0,미연결,공통 공간·작물 근거 없음,아니오,아니오,재배환경 맥락·현장 표본 후보 탐색,동일 농가·필지를 식별하지 않으므로 인과효과나 개별농가 위험값으로 해석할 수 없음
EB-A86C065BB2D5B089,경상북도,구미시,논벼,2026,,7,0,0,0,0,0,,,,0,0,미연결,공통 공간·작물 근거 없음,아니오,아니오,재배환경 맥락·현장 표본 후보 탐색,동일 농가·필지를 식별하지 않으므로 인과효과나 개별농가 위험값으로 해석할 수 없음
EB-8AC24067D1D71AD1,경상북도,김천시,논벼,2026,,8,0,0,0,0,0,,,,0,0,미연결,공통 공간·작물 근거 없음,아니오,아니오,재배환경 맥락·현장 표본 후보 탐색,동일 농가·필지를 식별하지 않으므로 인과효과나 개별농가 위험값으로 해석할 수 없음
EB-48BE8AC774588367,경상북도,김천시,복숭아,2026,,8,0,0,0,0,0,,,,0,0,미연결,공통 공간·작물 근거 없음,아니오,아니오,재배환경 맥락·현장 표본 후보 탐색,동일 농가·필지를 식별하지 않으므로 인과효과나 개별농가 위험값으로 해석할 수 없음
EB-13D44823B7CC4F31,경상북도,김천시,양파,2026,,5,0,0,0,0,0,,,,0,0,미연결,공통 공간·작물 근거 없음,아니오,아니오,재배환경 맥락·현장 표본 후보 탐색,동일 농가·필지를 식별하지 않으므로 인과효과나 개별농가 위험값으로 해석할 수 없음
EB-2BFBD6E02FA5C027,경상북도,김천시,포도,2026,,9,0,0,0,0,0,,,,0,0,미연결,공통 공간·작물 근거 없음,아니오,아니오,재배환경 맥락·현장 표본 후보 탐색,동일 농가·필지를 식별하지 않으므로 인과효과나 개별농가 위험값으로 해석할 수 없음
EB-5694499579B08F47,경상북도,문경시,고추,2026,,6,0,0,0,0,0,,,,0,0,미연결,공통 공간·작물 근거 없음,아니오,아니오,재배환경 맥락·현장 표본 후보 탐색,동일 농가·필지를 식별하지 않으므로 인과효과나 개별농가 위험값으로 해석할 수 없음
EB-B11FCCA6C7ED3E8B,경상북도,문경시,논벼,2026,,7,0,0,0,0,0,,,,0,0,미연결,공통 공간·작물 근거 없음,아니오,아니오,재배환경 맥락·현장 표본 후보 탐색,동일 농가·필지를 식별하지 않으므로 인과효과나 개별농가 위험값으로 해석할 수 없음
EB-5A4368A00071B03C,경상북도,문경시,콩,2026,,5,0,0,0,0,0,,,,0,0,미연결,공통 공간·작물 근거 없음,아니오,아니오,재배환경 맥락·현장 표본 후보 탐색,동일 농가·필지를 식별하지 않으므로 인과효과나 개별농가 위험값으로 해석할 수 없음
EB-02F09692402429CF,경상북도,봉화군,고추,2026,,6,0,0,0,0,0,,,,0,0,미연결,공통 공간·작물 근거 없음,아니오,아니오,재배환경 맥락·현장 표본 후보 탐색,동일 농가·필지를 식별하지 않으므로 인과효과나 개별농가 위험값으로 해석할 수 없음
EB-3144C42AAC882EF4,경상북도,봉화군,논벼,2026,,8,0,0,0,0,0,,,,0,0,미연결,공통 공간·작물 근거 없음,아니오,아니오,재배환경 맥락·현장 표본 후보 탐색,동일 농가·필지를 식별하지 않으므로 인과효과나 개별농가 위험값으로 해석할 수 없음
EB-878C0D60EBE65198,경상북도,상주시,고추,2026,,6,0,0,0,0,0,,,,0,0,미연결,공통 공간·작물 근거 없음,아니오,아니오,재배환경 맥락·현장 표본 후보 탐색,동일 농가·필지를 식별하지 않으므로 인과효과나 개별농가 위험값으로 해석할 수 없음
EB-6C284C28E0EE2500,경상북도,상주시,논벼,2026,,8,0,0,0,0,0,,,,0,0,미연결,공통 공간·작물 근거 없음,아니오,아니오,재배환경 맥락·현장 표본 후보 탐색,동일 농가·필지를 식별하지 않으므로 인과효과나 개별농가 위험값으로 해석할 수 없음
EB-FEF87883B2A9ABA0,경상북도,상주시,배,2026,,8,0,0,0,0,0,,,,0,0,미연결,공통 공간·작물 근거 없음,아니오,아니오,재배환경 맥락·현장 표본 후보 탐색,동일 농가·필지를 식별하지 않으므로 인과효과나 개별농가 위험값으로 해석할 수 없음
EB-35D49F9A4A54EF09,경상북도,상주시,사과,2026,,7,0,0,0,0,0,,,,0,0,미연결,공통 공간·작물 근거 없음,아니오,아니오,재배환경 맥락·현장 표본 후보 탐색,동일 농가·필지를 식별하지 않으므로 인과효과나 개별농가 위험값으로 해석할 수 없음
EB-5F85E5ABEC7DC7A6,경상북도,상주시,콩,2026,,6,0,0,0,0,0,,,,0,0,미연결,공통 공간·작물 근거 없음,아니오,아니오,재배환경 맥락·현장 표본 후보 탐색,동일 농가·필지를 식별하지 않으므로 인과효과나 개별농가 위험값으로 해석할 수 없음
EB-A4DB6C24EAF308C9,경상북도,상주시,포도,2026,,9,0,0,0,0,0,,,,0,0,미연결,공통 공간·작물 근거 없음,아니오,아니오,재배환경 맥락·현장 표본 후보 탐색,동일 농가·필지를 식별하지 않으므로 인과효과나 개별농가 위험값으로 해석할 수 없음
EB-4599E96192E67E98,경상북도,성주군,논벼,2026,,8,0,0,0,0,0,,,,0,0,미연결,공통 공간·작물 근거 없음,아니오,아니오,재배환경 맥락·현장 표본 후보 탐색,동일 농가·필지를 식별하지 않으므로 인과효과나 개별농가 위험값으로 해석할 수 없음
EB-349407052FE2AA9F,경상북도,안동시,고추,2026,,6,0,0,0,0,0,,,,0,0,미연결,공통 공간·작물 근거 없음,아니오,아니오,재배환경 맥락·현장 표본 후보 탐색,동일 농가·필지를 식별하지 않으므로 인과효과나 개별농가 위험값으로 해석할 수 없음
EB-189E71AB5B8B5F23,경상북도,안동시,논벼,2026,,8,0,0,0,0,0,,,,0,0,미연결,공통 공간·작물 근거 없음,아니오,아니오,재배환경 맥락·현장 표본 후보 탐색,동일 농가·필지를 식별하지 않으므로 인과효과나 개별농가 위험값으로 해석할 수 없음
EB-4E37B660AD6D1E51,경상북도,안동시,마늘,2026,,5,0,0,0,0,0,,,,0,0,미연결,공통 공간·작물 근거 없음,아니오,아니오,재배환경 맥락·현장 표본 후보 탐색,동일 농가·필지를 식별하지 않으므로 인과효과나 개별농가 위험값으로 해석할 수 없음
EB-07FA3C1E7E619F81,경상북도,안동시,사과,2026,,7,0,0,0,0,0,,,,0,0,미연결,공통 공간·작물 근거 없음,아니오,아니오,재배환경 맥락·현장 표본 후보 탐색,동일 농가·필지를 식별하지 않으므로 인과효과나 개별농가 위험값으로 해석할 수 없음
EB-F04C514A962AF5CC,경상북도,안동시,양파,2026,,5,0,0,0,0,0,,,,0,0,미연결,공통 공간·작물 근거 없음,아니오,아니오,재배환경 맥락·현장 표본 후보 탐색,동일 농가·필지를 식별하지 않으므로 인과효과나 개별농가 위험값으로 해석할 수 없음
EB-F65BA3605408A207,경상북도,안동시,콩,2026,,6,0,0,0,0,0,,,,0,0,미연결,공통 공간·작물 근거 없음,아니오,아니오,재배환경 맥락·현장 표본 후보 탐색,동일 농가·필지를 식별하지 않으므로 인과효과나 개별농가 위험값으로 해석할 수 없음
EB-A3F3B6433C66A744,경상북도,영덕군,고추,2026,,6,0,0,0,0,0,,,,0,0,미연결,공통 공간·작물 근거 없음,아니오,아니오,재배환경 맥락·현장 표본 후보 탐색,동일 농가·필지를 식별하지 않으므로 인과효과나 개별농가 위험값으로 해석할 수 없음
EB-E99B6D41C11B0BC3,경상북도,영덕군,논벼,2026,,7,0,0,0,0,0,,,,0,0,미연결,공통 공간·작물 근거 없음,아니오,아니오,재배환경 맥락·현장 표본 후보 탐색,동일 농가·필지를 식별하지 않으므로 인과효과나 개별농가 위험값으로 해석할 수 없음
EB-77DA8D0CFDD87B7C,경상북도,영덕군,보리,2026,,6,0,0,0,0,0,,,,0,0,미연결,공통 공간·작물 근거 없음,아니오,아니오,재배환경 맥락·현장 표본 후보 탐색,동일 농가·필지를 식별하지 않으므로 인과효과나 개별농가 위험값으로 해석할 수 없음
EB-0E7DCC9FB421C0E7,경상북도,영덕군,복숭아,2026,,8,0,0,0,0,0,,,,0,0,미연결,공통 공간·작물 근거 없음,아니오,아니오,재배환경 맥락·현장 표본 후보 탐색,동일 농가·필지를 식별하지 않으므로 인과효과나 개별농가 위험값으로 해석할 수 없음
EB-8BE43C70AEA7CDC3,경상북도,영덕군,콩,2026,,6,0,0,0,0,0,,,,0,0,미연결,공통 공간·작물 근거 없음,아니오,아니오,재배환경 맥락·현장 표본 후보 탐색,동일 농가·필지를 식별하지 않으므로 인과효과나 개별농가 위험값으로 해석할 수 없음
EB-3F5662C5BB9ED94F,경상북도,영양군,고추,2026,,6,0,0,0,0,0,,,,0,0,미연결,공통 공간·작물 근거 없음,아니오,아니오,재배환경 맥락·현장 표본 후보 탐색,동일 농가·필지를 식별하지 않으므로 인과효과나 개별농가 위험값으로 해석할 수 없음
EB-FBFE3B9EE18E0798,경상북도,영양군,논벼,2026,,7,0,0,0,0,0,,,,0,0,미연결,공통 공간·작물 근거 없음,아니오,아니오,재배환경 맥락·현장 표본 후보 탐색,동일 농가·필지를 식별하지 않으므로 인과효과나 개별농가 위험값으로 해석할 수 없음
EB-2FDD98FC7D155D73,경상북도,영주시,고추,2026,,6,0,0,0,0,0,,,,0,0,미연결,공통 공간·작물 근거 없음,아니오,아니오,재배환경 맥락·현장 표본 후보 탐색,동일 농가·필지를 식별하지 않으므로 인과효과나 개별농가 위험값으로 해석할 수 없음
EB-FFE374EA4851E0D3,경상북도,영주시,논벼,2026,,8,0,0,0,0,0,,,,0,0,미연결,공통 공간·작물 근거 없음,아니오,아니오,재배환경 맥락·현장 표본 후보 탐색,동일 농가·필지를 식별하지 않으므로 인과효과나 개별농가 위험값으로 해석할 수 없음
EB-B000450462CD77E5,경상북도,영주시,사과,2026,,7,0,0,0,0,0,,,,0,0,미연결,공통 공간·작물 근거 없음,아니오,아니오,재배환경 맥락·현장 표본 후보 탐색,동일 농가·필지를 식별하지 않으므로 인과효과나 개별농가 위험값으로 해석할 수 없음
EB-87CDB351942097F2,경상북도,영주시,콩,2026,,6,0,0,0,0,0,,,,0,0,미연결,공통 공간·작물 근거 없음,아니오,아니오,재배환경 맥락·현장 표본 후보 탐색,동일 농가·필지를 식별하지 않으므로 인과효과나 개별농가 위험값으로 해석할 수 없음
EB-B8C09772C00D147C,경상북도,영천시,고추,2026,,6,0,0,0,0,0,,,,0,0,미연결,공통 공간·작물 근거 없음,아니오,아니오,재배환경 맥락·현장 표본 후보 탐색,동일 농가·필지를 식별하지 않으므로 인과효과나 개별농가 위험값으로 해석할 수 없음
EB-288F80AF05EF007B,경상북도,영천시,논벼,2026,,8,0,0,0,0,0,,,,0,0,미연결,공통 공간·작물 근거 없음,아니오,아니오,재배환경 맥락·현장 표본 후보 탐색,동일 농가·필지를 식별하지 않으므로 인과효과나 개별농가 위험값으로 해석할 수 없음
EB-1D6467B7FA5B2718,경상북도,영천시,마늘,2026,,5,0,0,0,0,0,,,,0,0,미연결,공통 공간·작물 근거 없음,아니오,아니오,재배환경 맥락·현장 표본 후보 탐색,동일 농가·필지를 식별하지 않으므로 인과효과나 개별농가 위험값으로 해석할 수 없음
EB-413CE492355942D9,경상북도,영천시,사과,2026,,7,0,0,0,0,0,,,,0,0,미연결,공통 공간·작물 근거 없음,아니오,아니오,재배환경 맥락·현장 표본 후보 탐색,동일 농가·필지를 식별하지 않으므로 인과효과나 개별농가 위험값으로 해석할 수 없음
EB-8A0A3F929369BA13,경상북도,영천시,양파,2026,,5,0,0,0,0,0,,,,0,0,미연결,공통 공간·작물 근거 없음,아니오,아니오,재배환경 맥락·현장 표본 후보 탐색,동일 농가·필지를 식별하지 않으므로 인과효과나 개별농가 위험값으로 해석할 수 없음
EB-22E15462BEDF8152,경상북도,영천시,포도,2026,,9,0,0,0,0,0,,,,0,0,미연결,공통 공간·작물 근거 없음,아니오,아니오,재배환경 맥락·현장 표본 후보 탐색,동일 농가·필지를 식별하지 않으므로 인과효과나 개별농가 위험값으로 해석할 수 없음
EB-2332240F49195A6F,경상북도,예천군,고추,2026,,6,0,0,0,0,0,,,,0,0,미연결,공통 공간·작물 근거 없음,아니오,아니오,재배환경 맥락·현장 표본 후보 탐색,동일 농가·필지를 식별하지 않으므로 인과효과나 개별농가 위험값으로 해석할 수 없음
EB-DD9E7578D939D25E,경상북도,예천군,논벼,2026,,6,0,0,0,0,0,,,,0,0,미연결,공통 공간·작물 근거 없음,아니오,아니오,재배환경 맥락·현장 표본 후보 탐색,동일 농가·필지를 식별하지 않으므로 인과효과나 개별농가 위험값으로 해석할 수 없음
EB-7F3331F1E16ECC0B,경상북도,예천군,마늘,2026,,5,0,0,0,0,0,,,,0,0,미연결,공통 공간·작물 근거 없음,아니오,아니오,재배환경 맥락·현장 표본 후보 탐색,동일 농가·필지를 식별하지 않으므로 인과효과나 개별농가 위험값으로 해석할 수 없음
EB-64E9E2FB69D49115,경상북도,예천군,양파,2026,,5,0,0,0,0,0,,,,0,0,미연결,공통 공간·작물 근거 없음,아니오,아니오,재배환경 맥락·현장 표본 후보 탐색,동일 농가·필지를 식별하지 않으므로 인과효과나 개별농가 위험값으로 해석할 수 없음
EB-12A7F9F6F5EDD2C0,경상북도,예천군,콩,2026,,6,0,0,0,0,0,,,,0,0,미연결,공통 공간·작물 근거 없음,아니오,아니오,재배환경 맥락·현장 표본 후보 탐색,동일 농가·필지를 식별하지 않으므로 인과효과나 개별농가 위험값으로 해석할 수 없음
EB-496767AEA2944E24,경상북도,울진군,고추,2026,,6,0,0,0,0,0,,,,0,0,미연결,공통 공간·작물 근거 없음,아니오,아니오,재배환경 맥락·현장 표본 후보 탐색,동일 농가·필지를 식별하지 않으므로 인과효과나 개별농가 위험값으로 해석할 수 없음
EB-E50BF0ADB566F708,경상북도,울진군,논벼,2026,,8,0,0,0,0,0,,,,0,0,미연결,공통 공간·작물 근거 없음,아니오,아니오,재배환경 맥락·현장 표본 후보 탐색,동일 농가·필지를 식별하지 않으므로 인과효과나 개별농가 위험값으로 해석할 수 없음
EB-55D56BCABCA3CE0D,경상북도,울진군,마늘,2026,,5,0,0,0,0,0,,,,0,0,미연결,공통 공간·작물 근거 없음,아니오,아니오,재배환경 맥락·현장 표본 후보 탐색,동일 농가·필지를 식별하지 않으므로 인과효과나 개별농가 위험값으로 해석할 수 없음
EB-93BF632D8738908F,경상북도,울진군,보리,2026,,6,0,0,0,0,0,,,,0,0,미연결,공통 공간·작물 근거 없음,아니오,아니오,재배환경 맥락·현장 표본 후보 탐색,동일 농가·필지를 식별하지 않으므로 인과효과나 개별농가 위험값으로 해석할 수 없음
EB-B34761E440C544A1,경상북도,의성군,고추,2026,,6,0,0,0,0,0,,,,0,0,미연결,공통 공간·작물 근거 없음,아니오,아니오,재배환경 맥락·현장 표본 후보 탐색,동일 농가·필지를 식별하지 않으므로 인과효과나 개별농가 위험값으로 해석할 수 없음
EB-B493E0015DA3BFE4,경상북도,의성군,논벼,2026,,7,0,0,0,0,0,,,,0,0,미연결,공통 공간·작물 근거 없음,아니오,아니오,재배환경 맥락·현장 표본 후보 탐색,동일 농가·필지를 식별하지 않으므로 인과효과나 개별농가 위험값으로 해석할 수 없음
EB-4D7675CD43B6EB7C,경상북도,의성군,마늘,2026,,5,0,0,0,0,0,,,,0,0,미연결,공통 공간·작물 근거 없음,아니오,아니오,재배환경 맥락·현장 표본 후보 탐색,동일 농가·필지를 식별하지 않으므로 인과효과나 개별농가 위험값으로 해석할 수 없음
EB-65A00448FFF2B82C,경상북도,의성군,복숭아,2026,,8,0,0,0,0,0,,,,0,0,미연결,공통 공간·작물 근거 없음,아니오,아니오,재배환경 맥락·현장 표본 후보 탐색,동일 농가·필지를 식별하지 않으므로 인과효과나 개별농가 위험값으로 해석할 수 없음
EB-B152D45124A7D0D4,경상북도,의성군,사과,2026,,7,0,0,0,0,0,,,,0,0,미연결,공통 공간·작물 근거 없음,아니오,아니오,재배환경 맥락·현장 표본 후보 탐색,동일 농가·필지를 식별하지 않으므로 인과효과나 개별농가 위험값으로 해석할 수 없음
EB-B64686DF3B379F98,경상북도,의성군,양파,2026,,5,0,0,0,0,0,,,,0,0,미연결,공통 공간·작물 근거 없음,아니오,아니오,재배환경 맥락·현장 표본 후보 탐색,동일 농가·필지를 식별하지 않으므로 인과효과나 개별농가 위험값으로 해석할 수 없음
EB-E1520CA3F75D7CAB,경상북도,청도군,고추,2026,,6,0,0,0,0,0,,,,0,0,미연결,공통 공간·작물 근거 없음,아니오,아니오,재배환경 맥락·현장 표본 후보 탐색,동일 농가·필지를 식별하지 않으므로 인과효과나 개별농가 위험값으로 해석할 수 없음
EB-56BFBD120B4BD124,경상북도,청도군,논벼,2026,,8,0,0,0,0,0,,,,0,0,미연결,공통 공간·작물 근거 없음,아니오,아니오,재배환경 맥락·현장 표본 후보 탐색,동일 농가·필지를 식별하지 않으므로 인과효과나 개별농가 위험값으로 해석할 수 없음
EB-F3D4C7076793F288,경상북도,청도군,보리,2026,,6,0,0,0,0,0,,,,0,0,미연결,공통 공간·작물 근거 없음,아니오,아니오,재배환경 맥락·현장 표본 후보 탐색,동일 농가·필지를 식별하지 않으므로 인과효과나 개별농가 위험값으로 해석할 수 없음
EB-CAEB30433D522286,경상북도,청도군,복숭아,2026,,8,0,0,0,0,0,,,,0,0,미연결,공통 공간·작물 근거 없음,아니오,아니오,재배환경 맥락·현장 표본 후보 탐색,동일 농가·필지를 식별하지 않으므로 인과효과나 개별농가 위험값으로 해석할 수 없음
EB-1B1A1564AEB2873B,경상북도,청도군,양파,2026,,5,0,0,0,0,0,,,,0,0,미연결,공통 공간·작물 근거 없음,아니오,아니오,재배환경 맥락·현장 표본 후보 탐색,동일 농가·필지를 식별하지 않으므로 인과효과나 개별농가 위험값으로 해석할 수 없음
EB-6652F7864C136C81,경상북도,청도군,콩,2026,,6,0,0,0,0,0,,,,0,0,미연결,공통 공간·작물 근거 없음,아니오,아니오,재배환경 맥락·현장 표본 후보 탐색,동일 농가·필지를 식별하지 않으므로 인과효과나 개별농가 위험값으로 해석할 수 없음
EB-19BC60CC25A92F7B,경상북도,청송군,고추,2026,,6,0,0,0,0,0,,,,0,0,미연결,공통 공간·작물 근거 없음,아니오,아니오,재배환경 맥락·현장 표본 후보 탐색,동일 농가·필지를 식별하지 않으므로 인과효과나 개별농가 위험값으로 해석할 수 없음
EB-E298B4186B981B06,경상북도,청송군,논벼,2026,,6,0,0,0,0,0,,,,0,0,미연결,공통 공간·작물 근거 없음,아니오,아니오,재배환경 맥락·현장 표본 후보 탐색,동일 농가·필지를 식별하지 않으므로 인과효과나 개별농가 위험값으로 해석할 수 없음
EB-18DC64A849F6506B,경상북도,청송군,사과,2026,,7,0,0,0,0,0,,,,0,0,미연결,공통 공간·작물 근거 없음,아니오,아니오,재배환경 맥락·현장 표본 후보 탐색,동일 농가·필지를 식별하지 않으므로 인과효과나 개별농가 위험값으로 해석할 수 없음
EB-26D3C710240F4EE1,경상북도,칠곡군,감,2026,,7,0,0,0,0,0,,,,0,0,미연결,공통 공간·작물 근거 없음,아니오,아니오,재배환경 맥락·현장 표본 후보 탐색,동일 농가·필지를 식별하지 않으므로 인과효과나 개별농가 위험값으로 해석할 수 없음
EB-CFEE65F2C899622F,경상북도,칠곡군,논벼,2026,,7,0,0,0,0,0,,,,0,0,미연결,공통 공간·작물 근거 없음,아니오,아니오,재배환경 맥락·현장 표본 후보 탐색,동일 농가·필지를 식별하지 않으므로 인과효과나 개별농가 위험값으로 해석할 수 없음
EB-AA256060734C1E81,경상북도,칠곡군,보리,2026,,3,0,0,0,0,0,,,,0,0,미연결,공통 공간·작물 근거 없음,아니오,아니오,재배환경 맥락·현장 표본 후보 탐색,동일 농가·필지를 식별하지 않으므로 인과효과나 개별농가 위험값으로 해석할 수 없음
EB-63C0DBC6BCFFAA30,경상북도,포항시,논벼,2026,,8,0,0,0,0,0,,,,0,0,미연결,공통 공간·작물 근거 없음,아니오,아니오,재배환경 맥락·현장 표본 후보 탐색,동일 농가·필지를 식별하지 않으므로 인과효과나 개별농가 위험값으로 해석할 수 없음
EB-520BA9F1BC39B221,경상북도,포항시,보리,2026,,6,0,0,0,0,0,,,,0,0,미연결,공통 공간·작물 근거 없음,아니오,아니오,재배환경 맥락·현장 표본 후보 탐색,동일 농가·필지를 식별하지 않으므로 인과효과나 개별농가 위험값으로 해석할 수 없음
EB-A948C22772D54F1D,경상북도,포항시,사과,2026,,7,0,0,0,0,0,,,,0,0,미연결,공통 공간·작물 근거 없음,아니오,아니오,재배환경 맥락·현장 표본 후보 탐색,동일 농가·필지를 식별하지 않으므로 인과효과나 개별농가 위험값으로 해석할 수 없음
EB-5942339058E44724,대구광역시,군위군,고추,2026,,6,0,0,0,0,0,,,,0,0,미연결,공통 공간·작물 근거 없음,아니오,아니오,재배환경 맥락·현장 표본 후보 탐색,동일 농가·필지를 식별하지 않으므로 인과효과나 개별농가 위험값으로 해석할 수 없음
EB-181C6DD21255C4BE,대구광역시,군위군,논벼,2026,,3,0,0,0,0,0,,,,0,0,미연결,공통 공간·작물 근거 없음,아니오,아니오,재배환경 맥락·현장 표본 후보 탐색,동일 농가·필지를 식별하지 않으므로 인과효과나 개별농가 위험값으로 해석할 수 없음
EB-4158E63F5D916732,대구광역시,군위군,마늘,2026,,5,0,0,0,0,0,,,,0,0,미연결,공통 공간·작물 근거 없음,아니오,아니오,재배환경 맥락·현장 표본 후보 탐색,동일 농가·필지를 식별하지 않으므로 인과효과나 개별농가 위험값으로 해석할 수 없음
EB-61545FF5B5CC8F08,대구광역시,군위군,양파,2026,,5,0,0,0,0,0,,,,0,0,미연결,공통 공간·작물 근거 없음,아니오,아니오,재배환경 맥락·현장 표본 후보 탐색,동일 농가·필지를 식별하지 않으므로 인과효과나 개별농가 위험값으로 해석할 수 없음
EB-297BD316743F9A0E,대구광역시,달성군,논벼,2026,,8,0,0,0,0,0,,,,0,0,미연결,공통 공간·작물 근거 없음,아니오,아니오,재배환경 맥락·현장 표본 후보 탐색,동일 농가·필지를 식별하지 않으므로 인과효과나 개별농가 위험값으로 해석할 수 없음
EB-05C2576F5EFCE658,대구광역시,달성군,마늘,2026,,5,0,0,0,0,0,,,,0,0,미연결,공통 공간·작물 근거 없음,아니오,아니오,재배환경 맥락·현장 표본 후보 탐색,동일 농가·필지를 식별하지 않으므로 인과효과나 개별농가 위험값으로 해석할 수 없음
EB-52AE7A5D6C322ED7,대구광역시,달성군,양파,2026,,5,0,0,0,0,0,,,,0,0,미연결,공통 공간·작물 근거 없음,아니오,아니오,재배환경 맥락·현장 표본 후보 탐색,동일 농가·필지를 식별하지 않으므로 인과효과나 개별농가 위험값으로 해석할 수 없음
EB-21E2D9DC65BF3AD9,대전광역시,동구,포도,2026,,9,0,0,0,0,0,,,,0,0,미연결,공통 공간·작물 근거 없음,아니오,아니오,재배환경 맥락·현장 표본 후보 탐색,동일 농가·필지를 식별하지 않으므로 인과효과나 개별농가 위험값으로 해석할 수 없음
EB-BEA90A50488C54D6,대전광역시,서구,논벼,2026,,8,0,0,0,0,0,,,,0,0,미연결,공통 공간·작물 근거 없음,아니오,아니오,재배환경 맥락·현장 표본 후보 탐색,동일 농가·필지를 식별하지 않으므로 인과효과나 개별농가 위험값으로 해석할 수 없음
EB-57321210586881ED,대전광역시,유성구,논벼,2026,,8,0,0,0,0,0,,,,0,0,미연결,공통 공간·작물 근거 없음,아니오,아니오,재배환경 맥락·현장 표본 후보 탐색,동일 농가·필지를 식별하지 않으므로 인과효과나 개별농가 위험값으로 해석할 수 없음
EB-CB4EACEFF9685A8E,부산광역시,강서구,논벼,2026,,6,0,0,0,0,0,,,,0,0,미연결,공통 공간·작물 근거 없음,아니오,아니오,재배환경 맥락·현장 표본 후보 탐색,동일 농가·필지를 식별하지 않으므로 인과효과나 개별농가 위험값으로 해석할 수 없음
EB-91737215A2B65542,세종특별자치시,세종특별자치시,논벼,2026,,7,0,0,0,0,0,,,,0,0,미연결,공통 공간·작물 근거 없음,아니오,아니오,재배환경 맥락·현장 표본 후보 탐색,동일 농가·필지를 식별하지 않으므로 인과효과나 개별농가 위험값으로 해석할 수 없음
EB-4014D26CB1516894,세종특별자치시,세종특별자치시,배,2026,,7,0,0,0,0,0,,,,0,0,미연결,공통 공간·작물 근거 없음,아니오,아니오,재배환경 맥락·현장 표본 후보 탐색,동일 농가·필지를 식별하지 않으므로 인과효과나 개별농가 위험값으로 해석할 수 없음
EB-1A612E1336F16E64,세종특별자치시,세종특별자치시,복숭아,2026,,7,0,0,0,0,0,,,,0,0,미연결,공통 공간·작물 근거 없음,아니오,아니오,재배환경 맥락·현장 표본 후보 탐색,동일 농가·필지를 식별하지 않으므로 인과효과나 개별농가 위험값으로 해석할 수 없음
EB-05AAEA38FC95BA14,울산광역시,북구,감,2026,,6,0,0,0,0,0,,,,0,0,미연결,공통 공간·작물 근거 없음,아니오,아니오,재배환경 맥락·현장 표본 후보 탐색,동일 농가·필지를 식별하지 않으므로 인과효과나 개별농가 위험값으로 해석할 수 없음
EB-605166CA16EAEFF8,울산광역시,울주군,감,2026,,6,0,0,0,0,0,,,,0,0,미연결,공통 공간·작물 근거 없음,아니오,아니오,재배환경 맥락·현장 표본 후보 탐색,동일 농가·필지를 식별하지 않으므로 인과효과나 개별농가 위험값으로 해석할 수 없음
EB-A798C048F1723525,울산광역시,울주군,논벼,2026,,7,0,0,0,0,0,,,,0,0,미연결,공통 공간·작물 근거 없음,아니오,아니오,재배환경 맥락·현장 표본 후보 탐색,동일 농가·필지를 식별하지 않으므로 인과효과나 개별농가 위험값으로 해석할 수 없음
EB-5657E371DCE39CF6,울산광역시,울주군,배,2026,,6,0,0,0,0,0,,,,0,0,미연결,공통 공간·작물 근거 없음,아니오,아니오,재배환경 맥락·현장 표본 후보 탐색,동일 농가·필지를 식별하지 않으므로 인과효과나 개별농가 위험값으로 해석할 수 없음
EB-47B66B19B69EEE66,울산광역시,중구,배,2026,,6,0,0,0,0,0,,,,0,0,미연결,공통 공간·작물 근거 없음,아니오,아니오,재배환경 맥락·현장 표본 후보 탐색,동일 농가·필지를 식별하지 않으므로 인과효과나 개별농가 위험값으로 해석할 수 없음
EB-BFD48E3857199083,인천광역시,강화군,논벼,2026,,7,0,0,0,0,0,,,,0,0,미연결,공통 공간·작물 근거 없음,아니오,아니오,재배환경 맥락·현장 표본 후보 탐색,동일 농가·필지를 식별하지 않으므로 인과효과나 개별농가 위험값으로 해석할 수 없음
EB-A75389904BF3B2DC,인천광역시,계양구,논벼,2026,,8,0,0,0,0,0,,,,0,0,미연결,공통 공간·작물 근거 없음,아니오,아니오,재배환경 맥락·현장 표본 후보 탐색,동일 농가·필지를 식별하지 않으므로 인과효과나 개별농가 위험값으로 해석할 수 없음
EB-3B26F22D2D81C0EA,인천광역시,부평구,논벼,2026,,8,0,0,0,0,0,,,,0,0,미연결,공통 공간·작물 근거 없음,아니오,아니오,재배환경 맥락·현장 표본 후보 탐색,동일 농가·필지를 식별하지 않으므로 인과효과나 개별농가 위험값으로 해석할 수 없음
EB-2C584B7CD1C457FE,인천광역시,영종구,논벼,2026,,8,0,0,0,0,0,,,,0,0,미연결,공통 공간·작물 근거 없음,아니오,아니오,재배환경 맥락·현장 표본 후보 탐색,동일 농가·필지를 식별하지 않으므로 인과효과나 개별농가 위험값으로 해석할 수 없음
EB-11BA60EDFB2B0EE6,인천광역시,옹진군,논벼,2026,,8,0,0,0,0,0,,,,0,0,미연결,공통 공간·작물 근거 없음,아니오,아니오,재배환경 맥락·현장 표본 후보 탐색,동일 농가·필지를 식별하지 않으므로 인과효과나 개별농가 위험값으로 해석할 수 없음
EB-E136923BDE477F92,전남광주통합특별시,강진군,감,2026,,6,0,0,0,0,0,,,,0,0,미연결,공통 공간·작물 근거 없음,아니오,아니오,재배환경 맥락·현장 표본 후보 탐색,동일 농가·필지를 식별하지 않으므로 인과효과나 개별농가 위험값으로 해석할 수 없음
EB-89E51A2672672674,전남광주통합특별시,강진군,고추,2026,,6,0,0,0,0,0,,,,0,0,미연결,공통 공간·작물 근거 없음,아니오,아니오,재배환경 맥락·현장 표본 후보 탐색,동일 농가·필지를 식별하지 않으므로 인과효과나 개별농가 위험값으로 해석할 수 없음
EB-D1948900A3AA2190,전남광주통합특별시,강진군,논벼,2026,,8,0,0,0,0,0,,,,0,0,미연결,공통 공간·작물 근거 없음,아니오,아니오,재배환경 맥락·현장 표본 후보 탐색,동일 농가·필지를 식별하지 않으므로 인과효과나 개별농가 위험값으로 해석할 수 없음
EB-D4A5C9615EB68328,전남광주통합특별시,강진군,마늘,2026,,4,0,0,0,0,0,,,,0,0,미연결,공통 공간·작물 근거 없음,아니오,아니오,재배환경 맥락·현장 표본 후보 탐색,동일 농가·필지를 식별하지 않으므로 인과효과나 개별농가 위험값으로 해석할 수 없음
EB-EF708C379AA13A64,전남광주통합특별시,강진군,보리,2026,,6,0,0,0,0,0,,,,0,0,미연결,공통 공간·작물 근거 없음,아니오,아니오,재배환경 맥락·현장 표본 후보 탐색,동일 농가·필지를 식별하지 않으므로 인과효과나 개별농가 위험값으로 해석할 수 없음
EB-E802BEE15CFEAAF6,전남광주통합특별시,고흥군,논벼,2026,,8,0,0,0,0,0,,,,0,0,미연결,공통 공간·작물 근거 없음,아니오,아니오,재배환경 맥락·현장 표본 후보 탐색,동일 농가·필지를 식별하지 않으므로 인과효과나 개별농가 위험값으로 해석할 수 없음
EB-A1B198B86271CDC1,전남광주통합특별시,고흥군,마늘,2026,,5,0,0,0,0,0,,,,0,0,미연결,공통 공간·작물 근거 없음,아니오,아니오,재배환경 맥락·현장 표본 후보 탐색,동일 농가·필지를 식별하지 않으므로 인과효과나 개별농가 위험값으로 해석할 수 없음
EB-97B52C3BD771494D,전남광주통합특별시,고흥군,보리,2026,,6,0,0,0,0,0,,,,0,0,미연결,공통 공간·작물 근거 없음,아니오,아니오,재배환경 맥락·현장 표본 후보 탐색,동일 농가·필지를 식별하지 않으므로 인과효과나 개별농가 위험값으로 해석할 수 없음
EB-94D73C48400D9961,전남광주통합특별시,고흥군,양파,2026,,5,0,0,0,0,0,,,,0,0,미연결,공통 공간·작물 근거 없음,아니오,아니오,재배환경 맥락·현장 표본 후보 탐색,동일 농가·필지를 식별하지 않으므로 인과효과나 개별농가 위험값으로 해석할 수 없음
EB-F3721D3E593673FC,전남광주통합특별시,고흥군,콩,2026,,4,0,0,0,0,0,,,,0,0,미연결,공통 공간·작물 근거 없음,아니오,아니오,재배환경 맥락·현장 표본 후보 탐색,동일 농가·필지를 식별하지 않으므로 인과효과나 개별농가 위험값으로 해석할 수 없음
EB-8AA731F1C6DE3866,전남광주통합특별시,곡성군,논벼,2026,,8,0,0,0,0,0,,,,0,0,미연결,공통 공간·작물 근거 없음,아니오,아니오,재배환경 맥락·현장 표본 후보 탐색,동일 농가·필지를 식별하지 않으므로 인과효과나 개별농가 위험값으로 해석할 수 없음
EB-AA142C598FB3BD80,전남광주통합특별시,곡성군,사과,2026,,7,0,0,0,0,0,,,,0,0,미연결,공통 공간·작물 근거 없음,아니오,아니오,재배환경 맥락·현장 표본 후보 탐색,동일 농가·필지를 식별하지 않으므로 인과효과나 개별농가 위험값으로 해석할 수 없음
EB-ED659B4C1F83B838,전남광주통합특별시,광산구,감,2026,,8,0,0,0,0,0,,,,0,0,미연결,공통 공간·작물 근거 없음,아니오,아니오,재배환경 맥락·현장 표본 후보 탐색,동일 농가·필지를 식별하지 않으므로 인과효과나 개별농가 위험값으로 해석할 수 없음
EB-1E44E401CE1B9201,전남광주통합특별시,광산구,논벼,2026,,8,0,0,0,0,0,,,,0,0,미연결,공통 공간·작물 근거 없음,아니오,아니오,재배환경 맥락·현장 표본 후보 탐색,동일 농가·필지를 식별하지 않으므로 인과효과나 개별농가 위험값으로 해석할 수 없음
EB-6613E0ADAF0116AC,전남광주통합특별시,광양시,감,2026,,8,0,0,0,0,0,,,,0,0,미연결,공통 공간·작물 근거 없음,아니오,아니오,재배환경 맥락·현장 표본 후보 탐색,동일 농가·필지를 식별하지 않으므로 인과효과나 개별농가 위험값으로 해석할 수 없음
EB-4B06DF92B7DF4F92,전남광주통합특별시,광양시,논벼,2026,,8,0,0,0,0,0,,,,0,0,미연결,공통 공간·작물 근거 없음,아니오,아니오,재배환경 맥락·현장 표본 후보 탐색,동일 농가·필지를 식별하지 않으므로 인과효과나 개별농가 위험값으로 해석할 수 없음
EB-42663CAE63E27726,전남광주통합특별시,광양시,보리,2026,,6,0,0,0,0,0,,,,0,0,미연결,공통 공간·작물 근거 없음,아니오,아니오,재배환경 맥락·현장 표본 후보 탐색,동일 농가·필지를 식별하지 않으므로 인과효과나 개별농가 위험값으로 해석할 수 없음
EB-6782058D535D9DF1,전남광주통합특별시,구례군,감,2026,,8,0,0,0,0,0,,,,0,0,미연결,공통 공간·작물 근거 없음,아니오,아니오,재배환경 맥락·현장 표본 후보 탐색,동일 농가·필지를 식별하지 않으므로 인과효과나 개별농가 위험값으로 해석할 수 없음
EB-7289658E702E13E6,전남광주통합특별시,구례군,논벼,2026,,8,0,0,0,0,0,,,,0,0,미연결,공통 공간·작물 근거 없음,아니오,아니오,재배환경 맥락·현장 표본 후보 탐색,동일 농가·필지를 식별하지 않으므로 인과효과나 개별농가 위험값으로 해석할 수 없음
EB-1F2C70145C379D2B,전남광주통합특별시,나주시,고추,2026,,6,0,0,0,0,0,,,,0,0,미연결,공통 공간·작물 근거 없음,아니오,아니오,재배환경 맥락·현장 표본 후보 탐색,동일 농가·필지를 식별하지 않으므로 인과효과나 개별농가 위험값으로 해석할 수 없음
EB-8E1A0BABDD742C9F,전남광주통합특별시,나주시,논벼,2026,,8,0,0,0,0,0,,,,0,0,미연결,공통 공간·작물 근거 없음,아니오,아니오,재배환경 맥락·현장 표본 후보 탐색,동일 농가·필지를 식별하지 않으므로 인과효과나 개별농가 위험값으로 해석할 수 없음
EB-3DF53190DD791E2C,전남광주통합특별시,나주시,배,2026,,5,0,0,0,0,0,,,,0,0,미연결,공통 공간·작물 근거 없음,아니오,아니오,재배환경 맥락·현장 표본 후보 탐색,동일 농가·필지를 식별하지 않으므로 인과효과나 개별농가 위험값으로 해석할 수 없음
EB-C2A741914E13A594,전남광주통합특별시,나주시,보리,2026,,6,0,0,0,0,0,,,,0,0,미연결,공통 공간·작물 근거 없음,아니오,아니오,재배환경 맥락·현장 표본 후보 탐색,동일 농가·필지를 식별하지 않으므로 인과효과나 개별농가 위험값으로 해석할 수 없음
EB-C375A6C12ED25767,전남광주통합특별시,나주시,양파,2026,,5,0,0,0,0,0,,,,0,0,미연결,공통 공간·작물 근거 없음,아니오,아니오,재배환경 맥락·현장 표본 후보 탐색,동일 농가·필지를 식별하지 않으므로 인과효과나 개별농가 위험값으로 해석할 수 없음
EB-B135CDDAFAF73B94,전남광주통합특별시,남구,감,2026,,8,0,0,0,0,0,,,,0,0,미연결,공통 공간·작물 근거 없음,아니오,아니오,재배환경 맥락·현장 표본 후보 탐색,동일 농가·필지를 식별하지 않으므로 인과효과나 개별농가 위험값으로 해석할 수 없음
EB-35F4B40A8A9D7E87,전남광주통합특별시,남구,논벼,2026,,8,0,0,0,0,0,,,,0,0,미연결,공통 공간·작물 근거 없음,아니오,아니오,재배환경 맥락·현장 표본 후보 탐색,동일 농가·필지를 식별하지 않으므로 인과효과나 개별농가 위험값으로 해석할 수 없음
EB-196E304B7D6EC359,전남광주통합특별시,담양군,감,2026,,8,0,0,0,0,0,,,,0,0,미연결,공통 공간·작물 근거 없음,아니오,아니오,재배환경 맥락·현장 표본 후보 탐색,동일 농가·필지를 식별하지 않으므로 인과효과나 개별농가 위험값으로 해석할 수 없음
EB-D69140E804DB92A2,전남광주통합특별시,담양군,논벼,2026,,8,0,0,0,0,0,,,,0,0,미연결,공통 공간·작물 근거 없음,아니오,아니오,재배환경 맥락·현장 표본 후보 탐색,동일 농가·필지를 식별하지 않으므로 인과효과나 개별농가 위험값으로 해석할 수 없음
EB-1D698E66636E5C7F,전남광주통합특별시,담양군,보리,2026,,6,0,0,0,0,0,,,,0,0,미연결,공통 공간·작물 근거 없음,아니오,아니오,재배환경 맥락·현장 표본 후보 탐색,동일 농가·필지를 식별하지 않으므로 인과효과나 개별농가 위험값으로 해석할 수 없음
EB-D9A8AA809DA48ED0,전남광주통합특별시,담양군,포도,2026,,9,0,0,0,0,0,,,,0,0,미연결,공통 공간·작물 근거 없음,아니오,아니오,재배환경 맥락·현장 표본 후보 탐색,동일 농가·필지를 식별하지 않으므로 인과효과나 개별농가 위험값으로 해석할 수 없음
EB-75805B8B457B3185,전남광주통합특별시,무안군,고추,2026,,6,0,0,0,0,0,,,,0,0,미연결,공통 공간·작물 근거 없음,아니오,아니오,재배환경 맥락·현장 표본 후보 탐색,동일 농가·필지를 식별하지 않으므로 인과효과나 개별농가 위험값으로 해석할 수 없음
EB-CF4F14E08632BFAF,전남광주통합특별시,무안군,논벼,2026,,8,0,0,0,0,0,,,,0,0,미연결,공통 공간·작물 근거 없음,아니오,아니오,재배환경 맥락·현장 표본 후보 탐색,동일 농가·필지를 식별하지 않으므로 인과효과나 개별농가 위험값으로 해석할 수 없음
EB-211D33E31105DEC9,전남광주통합특별시,무안군,양파,2026,,5,0,0,0,0,0,,,,0,0,미연결,공통 공간·작물 근거 없음,아니오,아니오,재배환경 맥락·현장 표본 후보 탐색,동일 농가·필지를 식별하지 않으므로 인과효과나 개별농가 위험값으로 해석할 수 없음
EB-04BDAC9266608DB3,전남광주통합특별시,보성군,감,2026,,8,0,0,0,0,0,,,,0,0,미연결,공통 공간·작물 근거 없음,아니오,아니오,재배환경 맥락·현장 표본 후보 탐색,동일 농가·필지를 식별하지 않으므로 인과효과나 개별농가 위험값으로 해석할 수 없음
EB-2F26A9AC7820AAFB,전남광주통합특별시,보성군,논벼,2026,,8,0,0,0,0,0,,,,0,0,미연결,공통 공간·작물 근거 없음,아니오,아니오,재배환경 맥락·현장 표본 후보 탐색,동일 농가·필지를 식별하지 않으므로 인과효과나 개별농가 위험값으로 해석할 수 없음
EB-BFF22C4821AACA60,전남광주통합특별시,북구,논벼,2026,,8,0,0,0,0,0,,,,0,0,미연결,공통 공간·작물 근거 없음,아니오,아니오,재배환경 맥락·현장 표본 후보 탐색,동일 농가·필지를 식별하지 않으므로 인과효과나 개별농가 위험값으로 해석할 수 없음
EB-5B98BE78E86FEF85,전남광주통합특별시,서구,논벼,2026,,8,0,0,0,0,0,,,,0,0,미연결,공통 공간·작물 근거 없음,아니오,아니오,재배환경 맥락·현장 표본 후보 탐색,동일 농가·필지를 식별하지 않으므로 인과효과나 개별농가 위험값으로 해석할 수 없음
EB-D57CB837BEF2D54B,전남광주통합특별시,순천시,감,2026,,7,0,0,0,0,0,,,,0,0,미연결,공통 공간·작물 근거 없음,아니오,아니오,재배환경 맥락·현장 표본 후보 탐색,동일 농가·필지를 식별하지 않으므로 인과효과나 개별농가 위험값으로 해석할 수 없음
EB-CBB01907A3410F67,전남광주통합특별시,순천시,고추,2026,,6,0,0,0,0,0,,,,0,0,미연결,공통 공간·작물 근거 없음,아니오,아니오,재배환경 맥락·현장 표본 후보 탐색,동일 농가·필지를 식별하지 않으므로 인과효과나 개별농가 위험값으로 해석할 수 없음
EB-8DC2D1652EC6FCD1,전남광주통합특별시,순천시,논벼,2026,,8,0,0,0,0,0,,,,0,0,미연결,공통 공간·작물 근거 없음,아니오,아니오,재배환경 맥락·현장 표본 후보 탐색,동일 농가·필지를 식별하지 않으므로 인과효과나 개별농가 위험값으로 해석할 수 없음
EB-3F6EE4C2948BF943,전남광주통합특별시,순천시,배,2026,,7,0,0,0,0,0,,,,0,0,미연결,공통 공간·작물 근거 없음,아니오,아니오,재배환경 맥락·현장 표본 후보 탐색,동일 농가·필지를 식별하지 않으므로 인과효과나 개별농가 위험값으로 해석할 수 없음
EB-4C41DEE7A1318663,전남광주통합특별시,순천시,보리,2026,,6,0,0,0,0,0,,,,0,0,미연결,공통 공간·작물 근거 없음,아니오,아니오,재배환경 맥락·현장 표본 후보 탐색,동일 농가·필지를 식별하지 않으므로 인과효과나 개별농가 위험값으로 해석할 수 없음
EB-44D0B7F860D3916B,전남광주통합특별시,순천시,복숭아,2026,,7,0,0,0,0,0,,,,0,0,미연결,공통 공간·작물 근거 없음,아니오,아니오,재배환경 맥락·현장 표본 후보 탐색,동일 농가·필지를 식별하지 않으므로 인과효과나 개별농가 위험값으로 해석할 수 없음
EB-EE579783E126D496,전남광주통합특별시,신안군,논벼,2026,,8,0,0,0,0,0,,,,0,0,미연결,공통 공간·작물 근거 없음,아니오,아니오,재배환경 맥락·현장 표본 후보 탐색,동일 농가·필지를 식별하지 않으므로 인과효과나 개별농가 위험값으로 해석할 수 없음
EB-30FB75B7119B3194,전남광주통합특별시,신안군,마늘,2026,,5,0,0,0,0,0,,,,0,0,미연결,공통 공간·작물 근거 없음,아니오,아니오,재배환경 맥락·현장 표본 후보 탐색,동일 농가·필지를 식별하지 않으므로 인과효과나 개별농가 위험값으로 해석할 수 없음
EB-9B9B30AA2B7DABC6,전남광주통합특별시,신안군,양파,2026,,5,0,0,0,0,0,,,,0,0,미연결,공통 공간·작물 근거 없음,아니오,아니오,재배환경 맥락·현장 표본 후보 탐색,동일 농가·필지를 식별하지 않으므로 인과효과나 개별농가 위험값으로 해석할 수 없음
EB-ECA8862726B1E065,전남광주통합특별시,여수시,고추,2026,,6,0,0,0,0,0,,,,0,0,미연결,공통 공간·작물 근거 없음,아니오,아니오,재배환경 맥락·현장 표본 후보 탐색,동일 농가·필지를 식별하지 않으므로 인과효과나 개별농가 위험값으로 해석할 수 없음
EB-99CC1CF8CCA4AF31,전남광주통합특별시,여수시,논벼,2026,,8,0,0,0,0,0,,,,0,0,미연결,공통 공간·작물 근거 없음,아니오,아니오,재배환경 맥락·현장 표본 후보 탐색,동일 농가·필지를 식별하지 않으므로 인과효과나 개별농가 위험값으로 해석할 수 없음
EB-1A0C523A48CBFBCE,전남광주통합특별시,여수시,마늘,2026,,5,0,0,0,0,0,,,,0,0,미연결,공통 공간·작물 근거 없음,아니오,아니오,재배환경 맥락·현장 표본 후보 탐색,동일 농가·필지를 식별하지 않으므로 인과효과나 개별농가 위험값으로 해석할 수 없음
EB-17A58AF91619F94B,전남광주통합특별시,여수시,양파,2026,,5,0,0,0,0,0,,,,0,0,미연결,공통 공간·작물 근거 없음,아니오,아니오,재배환경 맥락·현장 표본 후보 탐색,동일 농가·필지를 식별하지 않으므로 인과효과나 개별농가 위험값으로 해석할 수 없음
EB-0611074D1C4DA738,전남광주통합특별시,여수시,콩,2026,,2,0,0,0,0,0,,,,0,0,미연결,공통 공간·작물 근거 없음,아니오,아니오,재배환경 맥락·현장 표본 후보 탐색,동일 농가·필지를 식별하지 않으므로 인과효과나 개별농가 위험값으로 해석할 수 없음
EB-CEA4001BDEFCB76E,전남광주통합특별시,영광군,고추,2026,,6,0,0,0,0,0,,,,0,0,미연결,공통 공간·작물 근거 없음,아니오,아니오,재배환경 맥락·현장 표본 후보 탐색,동일 농가·필지를 식별하지 않으므로 인과효과나 개별농가 위험값으로 해석할 수 없음
EB-649F4E7B46ED98AE,전남광주통합특별시,영광군,논벼,2026,,7,0,0,0,0,0,,,,0,0,미연결,공통 공간·작물 근거 없음,아니오,아니오,재배환경 맥락·현장 표본 후보 탐색,동일 농가·필지를 식별하지 않으므로 인과효과나 개별농가 위험값으로 해석할 수 없음
EB-2ED79179C671160A,전남광주통합특별시,영암군,감,2026,,8,0,0,0,0,0,,,,0,0,미연결,공통 공간·작물 근거 없음,아니오,아니오,재배환경 맥락·현장 표본 후보 탐색,동일 농가·필지를 식별하지 않으므로 인과효과나 개별농가 위험값으로 해석할 수 없음
EB-7C0204A025DFAE3E,전남광주통합특별시,영암군,논벼,2026,,8,0,0,0,0,0,,,,0,0,미연결,공통 공간·작물 근거 없음,아니오,아니오,재배환경 맥락·현장 표본 후보 탐색,동일 농가·필지를 식별하지 않으므로 인과효과나 개별농가 위험값으로 해석할 수 없음
EB-37E1D53B28D50947,전남광주통합특별시,영암군,배,2026,,8,0,0,0,0,0,,,,0,0,미연결,공통 공간·작물 근거 없음,아니오,아니오,재배환경 맥락·현장 표본 후보 탐색,동일 농가·필지를 식별하지 않으므로 인과효과나 개별농가 위험값으로 해석할 수 없음
EB-2555C4FD092CE243,전남광주통합특별시,영암군,보리,2026,,3,0,0,0,0,0,,,,0,0,미연결,공통 공간·작물 근거 없음,아니오,아니오,재배환경 맥락·현장 표본 후보 탐색,동일 농가·필지를 식별하지 않으므로 인과효과나 개별농가 위험값으로 해석할 수 없음
EB-8DA9577A4446A217,전남광주통합특별시,완도군,논벼,2026,,8,0,0,0,0,0,,,,0,0,미연결,공통 공간·작물 근거 없음,아니오,아니오,재배환경 맥락·현장 표본 후보 탐색,동일 농가·필지를 식별하지 않으므로 인과효과나 개별농가 위험값으로 해석할 수 없음
EB-DFE5B00E1D75B032,전남광주통합특별시,완도군,마늘,2026,,5,0,0,0,0,0,,,,0,0,미연결,공통 공간·작물 근거 없음,아니오,아니오,재배환경 맥락·현장 표본 후보 탐색,동일 농가·필지를 식별하지 않으므로 인과효과나 개별농가 위험값으로 해석할 수 없음
EB-09CA7846745FED4A,전남광주통합특별시,완도군,보리,2026,,6,0,0,0,0,0,,,,0,0,미연결,공통 공간·작물 근거 없음,아니오,아니오,재배환경 맥락·현장 표본 후보 탐색,동일 농가·필지를 식별하지 않으므로 인과효과나 개별농가 위험값으로 해석할 수 없음
EB-DEB397FC3E564C34,전남광주통합특별시,장성군,감,2026,,6,0,0,0,0,0,,,,0,0,미연결,공통 공간·작물 근거 없음,아니오,아니오,재배환경 맥락·현장 표본 후보 탐색,동일 농가·필지를 식별하지 않으므로 인과효과나 개별농가 위험값으로 해석할 수 없음
EB-D5717C4B6E8C5968,전남광주통합특별시,장성군,논벼,2026,,8,0,0,0,0,0,,,,0,0,미연결,공통 공간·작물 근거 없음,아니오,아니오,재배환경 맥락·현장 표본 후보 탐색,동일 농가·필지를 식별하지 않으므로 인과효과나 개별농가 위험값으로 해석할 수 없음
EB-E9A3791AC46707A3,전남광주통합특별시,장성군,사과,2026,,4,0,0,0,0,0,,,,0,0,미연결,공통 공간·작물 근거 없음,아니오,아니오,재배환경 맥락·현장 표본 후보 탐색,동일 농가·필지를 식별하지 않으므로 인과효과나 개별농가 위험값으로 해석할 수 없음
EB-2713321E65EC6381,전남광주통합특별시,장성군,포도,2026,,6,0,0,0,0,0,,,,0,0,미연결,공통 공간·작물 근거 없음,아니오,아니오,재배환경 맥락·현장 표본 후보 탐색,동일 농가·필지를 식별하지 않으므로 인과효과나 개별농가 위험값으로 해석할 수 없음
EB-F4EFADF4D1D3C186,전남광주통합특별시,장흥군,논벼,2026,,8,0,0,0,0,0,,,,0,0,미연결,공통 공간·작물 근거 없음,아니오,아니오,재배환경 맥락·현장 표본 후보 탐색,동일 농가·필지를 식별하지 않으므로 인과효과나 개별농가 위험값으로 해석할 수 없음
EB-20E4180320E6F9F4,전남광주통합특별시,장흥군,보리,2026,,6,0,0,0,0,0,,,,0,0,미연결,공통 공간·작물 근거 없음,아니오,아니오,재배환경 맥락·현장 표본 후보 탐색,동일 농가·필지를 식별하지 않으므로 인과효과나 개별농가 위험값으로 해석할 수 없음
EB-5A9C3DC43E925EFA,전남광주통합특별시,진도군,고추,2026,,6,0,0,0,0,0,,,,0,0,미연결,공통 공간·작물 근거 없음,아니오,아니오,재배환경 맥락·현장 표본 후보 탐색,동일 농가·필지를 식별하지 않으므로 인과효과나 개별농가 위험값으로 해석할 수 없음
EB-7DA18117B9E70CC4,전남광주통합특별시,진도군,논벼,2026,,8,0,0,0,0,0,,,,0,0,미연결,공통 공간·작물 근거 없음,아니오,아니오,재배환경 맥락·현장 표본 후보 탐색,동일 농가·필지를 식별하지 않으므로 인과효과나 개별농가 위험값으로 해석할 수 없음
EB-9EC12E4A1296230F,전남광주통합특별시,진도군,보리,2026,,6,0,0,0,0,0,,,,0,0,미연결,공통 공간·작물 근거 없음,아니오,아니오,재배환경 맥락·현장 표본 후보 탐색,동일 농가·필지를 식별하지 않으므로 인과효과나 개별농가 위험값으로 해석할 수 없음
EB-59EF81DDEDE130F3,전남광주통합특별시,함평군,고추,2026,,6,0,0,0,0,0,,,,0,0,미연결,공통 공간·작물 근거 없음,아니오,아니오,재배환경 맥락·현장 표본 후보 탐색,동일 농가·필지를 식별하지 않으므로 인과효과나 개별농가 위험값으로 해석할 수 없음
EB-8579C4B0BBFDDCF3,전남광주통합특별시,함평군,논벼,2026,,8,0,0,0,0,0,,,,0,0,미연결,공통 공간·작물 근거 없음,아니오,아니오,재배환경 맥락·현장 표본 후보 탐색,동일 농가·필지를 식별하지 않으므로 인과효과나 개별농가 위험값으로 해석할 수 없음
EB-DA65D3CDCC33F10C,전남광주통합특별시,함평군,마늘,2026,,5,0,0,0,0,0,,,,0,0,미연결,공통 공간·작물 근거 없음,아니오,아니오,재배환경 맥락·현장 표본 후보 탐색,동일 농가·필지를 식별하지 않으므로 인과효과나 개별농가 위험값으로 해석할 수 없음
EB-73CD472BFB836937,전남광주통합특별시,함평군,보리,2026,,6,0,0,0,0,0,,,,0,0,미연결,공통 공간·작물 근거 없음,아니오,아니오,재배환경 맥락·현장 표본 후보 탐색,동일 농가·필지를 식별하지 않으므로 인과효과나 개별농가 위험값으로 해석할 수 없음
EB-44CB71154302882C,전남광주통합특별시,함평군,양파,2026,,5,0,0,0,0,0,,,,0,0,미연결,공통 공간·작물 근거 없음,아니오,아니오,재배환경 맥락·현장 표본 후보 탐색,동일 농가·필지를 식별하지 않으므로 인과효과나 개별농가 위험값으로 해석할 수 없음
EB-D2ABAB73F5B02B6E,전남광주통합특별시,함평군,콩,2026,,6,0,0,0,0,0,,,,0,0,미연결,공통 공간·작물 근거 없음,아니오,아니오,재배환경 맥락·현장 표본 후보 탐색,동일 농가·필지를 식별하지 않으므로 인과효과나 개별농가 위험값으로 해석할 수 없음
EB-6D405A218C370107,전남광주통합특별시,해남군,고추,2026,,6,0,0,0,0,0,,,,0,0,미연결,공통 공간·작물 근거 없음,아니오,아니오,재배환경 맥락·현장 표본 후보 탐색,동일 농가·필지를 식별하지 않으므로 인과효과나 개별농가 위험값으로 해석할 수 없음
EB-496DD98BD141CB7A,전남광주통합특별시,해남군,논벼,2026,,8,0,0,0,0,0,,,,0,0,미연결,공통 공간·작물 근거 없음,아니오,아니오,재배환경 맥락·현장 표본 후보 탐색,동일 농가·필지를 식별하지 않으므로 인과효과나 개별농가 위험값으로 해석할 수 없음
EB-03D68F17CA59AD71,전남광주통합특별시,해남군,마늘,2026,,4,0,0,0,0,0,,,,0,0,미연결,공통 공간·작물 근거 없음,아니오,아니오,재배환경 맥락·현장 표본 후보 탐색,동일 농가·필지를 식별하지 않으므로 인과효과나 개별농가 위험값으로 해석할 수 없음
EB-3EAE0D2C448917A7,전남광주통합특별시,해남군,보리,2026,,6,0,0,0,0,0,,,,0,0,미연결,공통 공간·작물 근거 없음,아니오,아니오,재배환경 맥락·현장 표본 후보 탐색,동일 농가·필지를 식별하지 않으므로 인과효과나 개별농가 위험값으로 해석할 수 없음
EB-2F4BD3D90BD6C6E9,전남광주통합특별시,해남군,양파,2026,,5,0,0,0,0,0,,,,0,0,미연결,공통 공간·작물 근거 없음,아니오,아니오,재배환경 맥락·현장 표본 후보 탐색,동일 농가·필지를 식별하지 않으므로 인과효과나 개별농가 위험값으로 해석할 수 없음
EB-CBADB55618F5E313,전남광주통합특별시,화순군,고추,2026,,6,0,0,0,0,0,,,,0,0,미연결,공통 공간·작물 근거 없음,아니오,아니오,재배환경 맥락·현장 표본 후보 탐색,동일 농가·필지를 식별하지 않으므로 인과효과나 개별농가 위험값으로 해석할 수 없음
EB-BB54409D489EA418,전남광주통합특별시,화순군,논벼,2026,,8,0,0,0,0,0,,,,0,0,미연결,공통 공간·작물 근거 없음,아니오,아니오,재배환경 맥락·현장 표본 후보 탐색,동일 농가·필지를 식별하지 않으므로 인과효과나 개별농가 위험값으로 해석할 수 없음
EB-C876746BCE3E13F7,전남광주통합특별시,화순군,복숭아,2026,,7,0,0,0,0,0,,,,0,0,미연결,공통 공간·작물 근거 없음,아니오,아니오,재배환경 맥락·현장 표본 후보 탐색,동일 농가·필지를 식별하지 않으므로 인과효과나 개별농가 위험값으로 해석할 수 없음
EB-8915DE8138844B1B,전북특별자치도,고창군,고추,2026,,6,0,0,0,0,0,,,,0,0,미연결,공통 공간·작물 근거 없음,아니오,아니오,재배환경 맥락·현장 표본 후보 탐색,동일 농가·필지를 식별하지 않으므로 인과효과나 개별농가 위험값으로 해석할 수 없음
EB-D00CD9AE6A99404F,전북특별자치도,고창군,논벼,2026,,6,0,0,0,0,0,,,,0,0,미연결,공통 공간·작물 근거 없음,아니오,아니오,재배환경 맥락·현장 표본 후보 탐색,동일 농가·필지를 식별하지 않으므로 인과효과나 개별농가 위험값으로 해석할 수 없음
EB-BF87AB74C689FB30,전북특별자치도,고창군,배,2026,,8,0,0,0,0,0,,,,0,0,미연결,공통 공간·작물 근거 없음,아니오,아니오,재배환경 맥락·현장 표본 후보 탐색,동일 농가·필지를 식별하지 않으므로 인과효과나 개별농가 위험값으로 해석할 수 없음
EB-063FD1F5AD553056,전북특별자치도,고창군,콩,2026,,3,0,0,0,0,0,,,,0,0,미연결,공통 공간·작물 근거 없음,아니오,아니오,재배환경 맥락·현장 표본 후보 탐색,동일 농가·필지를 식별하지 않으므로 인과효과나 개별농가 위험값으로 해석할 수 없음
EB-BE9FDD0A0D281049,전북특별자치도,군산시,논벼,2026,,6,0,0,0,0,0,,,,0,0,미연결,공통 공간·작물 근거 없음,아니오,아니오,재배환경 맥락·현장 표본 후보 탐색,동일 농가·필지를 식별하지 않으므로 인과효과나 개별농가 위험값으로 해석할 수 없음
EB-C2C7CD8092A3D1F1,전북특별자치도,군산시,콩,2026,,1,0,0,0,0,0,,,,0,0,미연결,공통 공간·작물 근거 없음,아니오,아니오,재배환경 맥락·현장 표본 후보 탐색,동일 농가·필지를 식별하지 않으므로 인과효과나 개별농가 위험값으로 해석할 수 없음
EB-5F4147B74C0DEB34,전북특별자치도,김제시,논벼,2026,,1,0,0,0,0,0,,,,0,0,미연결,공통 공간·작물 근거 없음,아니오,아니오,재배환경 맥락·현장 표본 후보 탐색,동일 농가·필지를 식별하지 않으므로 인과효과나 개별농가 위험값으로 해석할 수 없음
EB-4246A36A6E12B32D,전북특별자치도,김제시,배,2026,,3,0,0,0,0,0,,,,0,0,미연결,공통 공간·작물 근거 없음,아니오,아니오,재배환경 맥락·현장 표본 후보 탐색,동일 농가·필지를 식별하지 않으므로 인과효과나 개별농가 위험값으로 해석할 수 없음
EB-DADF931765640B55,전북특별자치도,김제시,포도,2026,,6,0,0,0,0,0,,,,0,0,미연결,공통 공간·작물 근거 없음,아니오,아니오,재배환경 맥락·현장 표본 후보 탐색,동일 농가·필지를 식별하지 않으므로 인과효과나 개별농가 위험값으로 해석할 수 없음
EB-626AF727E0348F49,전북특별자치도,남원시,논벼,2026,,8,0,0,0,0,0,,,,0,0,미연결,공통 공간·작물 근거 없음,아니오,아니오,재배환경 맥락·현장 표본 후보 탐색,동일 농가·필지를 식별하지 않으므로 인과효과나 개별농가 위험값으로 해석할 수 없음
EB-565C62C550A6D327,전북특별자치도,무주군,논벼,2026,,8,0,0,0,0,0,,,,0,0,미연결,공통 공간·작물 근거 없음,아니오,아니오,재배환경 맥락·현장 표본 후보 탐색,동일 농가·필지를 식별하지 않으므로 인과효과나 개별농가 위험값으로 해석할 수 없음
EB-CC4EE5DFA55F507C,전북특별자치도,무주군,사과,2026,,7,0,0,0,0,0,,,,0,0,미연결,공통 공간·작물 근거 없음,아니오,아니오,재배환경 맥락·현장 표본 후보 탐색,동일 농가·필지를 식별하지 않으므로 인과효과나 개별농가 위험값으로 해석할 수 없음
EB-97C9E9AEC2CF80A3,전북특별자치도,부안군,고추,2026,,5,0,0,0,0,0,,,,0,0,미연결,공통 공간·작물 근거 없음,아니오,아니오,재배환경 맥락·현장 표본 후보 탐색,동일 농가·필지를 식별하지 않으므로 인과효과나 개별농가 위험값으로 해석할 수 없음
EB-A4846DAD78C427E8,전북특별자치도,부안군,논벼,2026,,5,0,0,0,0,0,,,,0,0,미연결,공통 공간·작물 근거 없음,아니오,아니오,재배환경 맥락·현장 표본 후보 탐색,동일 농가·필지를 식별하지 않으므로 인과효과나 개별농가 위험값으로 해석할 수 없음
EB-DD7C9932747B7933,전북특별자치도,부안군,마늘,2026,,4,0,0,0,0,0,,,,0,0,미연결,공통 공간·작물 근거 없음,아니오,아니오,재배환경 맥락·현장 표본 후보 탐색,동일 농가·필지를 식별하지 않으므로 인과효과나 개별농가 위험값으로 해석할 수 없음
EB-3A32D73FDAE26447,전북특별자치도,부안군,보리,2026,,6,0,0,0,0,0,,,,0,0,미연결,공통 공간·작물 근거 없음,아니오,아니오,재배환경 맥락·현장 표본 후보 탐색,동일 농가·필지를 식별하지 않으므로 인과효과나 개별농가 위험값으로 해석할 수 없음
EB-102528D97C402568,전북특별자치도,부안군,양파,2026,,5,0,0,0,0,0,,,,0,0,미연결,공통 공간·작물 근거 없음,아니오,아니오,재배환경 맥락·현장 표본 후보 탐색,동일 농가·필지를 식별하지 않으므로 인과효과나 개별농가 위험값으로 해석할 수 없음
EB-F7B74D7E98E5B54D,전북특별자치도,부안군,콩,2026,,1,0,0,0,0,0,,,,0,0,미연결,공통 공간·작물 근거 없음,아니오,아니오,재배환경 맥락·현장 표본 후보 탐색,동일 농가·필지를 식별하지 않으므로 인과효과나 개별농가 위험값으로 해석할 수 없음
EB-6CCB8E799D4A3481,전북특별자치도,순창군,논벼,2026,,7,0,0,0,0,0,,,,0,0,미연결,공통 공간·작물 근거 없음,아니오,아니오,재배환경 맥락·현장 표본 후보 탐색,동일 농가·필지를 식별하지 않으므로 인과효과나 개별농가 위험값으로 해석할 수 없음
EB-5695D198BA7AFB47,전북특별자치도,순창군,보리,2026,,6,0,0,0,0,0,,,,0,0,미연결,공통 공간·작물 근거 없음,아니오,아니오,재배환경 맥락·현장 표본 후보 탐색,동일 농가·필지를 식별하지 않으므로 인과효과나 개별농가 위험값으로 해석할 수 없음
EB-471B1F7C49F6C2AC,전북특별자치도,완주군,고추,2026,,6,0,0,0,0,0,,,,0,0,미연결,공통 공간·작물 근거 없음,아니오,아니오,재배환경 맥락·현장 표본 후보 탐색,동일 농가·필지를 식별하지 않으므로 인과효과나 개별농가 위험값으로 해석할 수 없음
EB-2C3895DB0A5E453A,전북특별자치도,완주군,논벼,2026,,3,0,0,0,0,0,,,,0,0,미연결,공통 공간·작물 근거 없음,아니오,아니오,재배환경 맥락·현장 표본 후보 탐색,동일 농가·필지를 식별하지 않으므로 인과효과나 개별농가 위험값으로 해석할 수 없음
EB-40FBF96D9FB28B24,전북특별자치도,완주군,마늘,2026,,5,0,0,0,0,0,,,,0,0,미연결,공통 공간·작물 근거 없음,아니오,아니오,재배환경 맥락·현장 표본 후보 탐색,동일 농가·필지를 식별하지 않으므로 인과효과나 개별농가 위험값으로 해석할 수 없음
EB-D3E673A2A43A776B,전북특별자치도,완주군,배,2026,,4,0,0,0,0,0,,,,0,0,미연결,공통 공간·작물 근거 없음,아니오,아니오,재배환경 맥락·현장 표본 후보 탐색,동일 농가·필지를 식별하지 않으므로 인과효과나 개별농가 위험값으로 해석할 수 없음
EB-401FFFEEF8C606CC,전북특별자치도,완주군,보리,2026,,6,0,0,0,0,0,,,,0,0,미연결,공통 공간·작물 근거 없음,아니오,아니오,재배환경 맥락·현장 표본 후보 탐색,동일 농가·필지를 식별하지 않으므로 인과효과나 개별농가 위험값으로 해석할 수 없음
EB-CF859A1F7E696F7F,전북특별자치도,익산시,논벼,2026,,8,0,0,0,0,0,,,,0,0,미연결,공통 공간·작물 근거 없음,아니오,아니오,재배환경 맥락·현장 표본 후보 탐색,동일 농가·필지를 식별하지 않으므로 인과효과나 개별농가 위험값으로 해석할 수 없음
EB-AD0CC26D463A1E9F,전북특별자치도,익산시,보리,2026,,6,0,0,0,0,0,,,,0,0,미연결,공통 공간·작물 근거 없음,아니오,아니오,재배환경 맥락·현장 표본 후보 탐색,동일 농가·필지를 식별하지 않으므로 인과효과나 개별농가 위험값으로 해석할 수 없음
EB-CA762A84EA373D2D,전북특별자치도,임실군,고추,2026,,5,0,0,0,0,0,,,,0,0,미연결,공통 공간·작물 근거 없음,아니오,아니오,재배환경 맥락·현장 표본 후보 탐색,동일 농가·필지를 식별하지 않으므로 인과효과나 개별농가 위험값으로 해석할 수 없음
EB-E91682526A8B9D8C,전북특별자치도,임실군,논벼,2026,,8,0,0,0,0,0,,,,0,0,미연결,공통 공간·작물 근거 없음,아니오,아니오,재배환경 맥락·현장 표본 후보 탐색,동일 농가·필지를 식별하지 않으므로 인과효과나 개별농가 위험값으로 해석할 수 없음
EB-C177F09203D50AF5,전북특별자치도,임실군,복숭아,2026,,8,0,0,0,0,0,,,,0,0,미연결,공통 공간·작물 근거 없음,아니오,아니오,재배환경 맥락·현장 표본 후보 탐색,동일 농가·필지를 식별하지 않으므로 인과효과나 개별농가 위험값으로 해석할 수 없음
EB-6E44400949BBA8B5,전북특별자치도,장수군,고추,2026,,6,0,0,0,0,0,,,,0,0,미연결,공통 공간·작물 근거 없음,아니오,아니오,재배환경 맥락·현장 표본 후보 탐색,동일 농가·필지를 식별하지 않으므로 인과효과나 개별농가 위험값으로 해석할 수 없음
EB-B77DC8FFB0F6162F,전북특별자치도,장수군,논벼,2026,,7,0,0,0,0,0,,,,0,0,미연결,공통 공간·작물 근거 없음,아니오,아니오,재배환경 맥락·현장 표본 후보 탐색,동일 농가·필지를 식별하지 않으므로 인과효과나 개별농가 위험값으로 해석할 수 없음
EB-9041468B6A71CB82,전북특별자치도,전주시,복숭아,2026,,8,0,0,0,0,0,,,,0,0,미연결,공통 공간·작물 근거 없음,아니오,아니오,재배환경 맥락·현장 표본 후보 탐색,동일 농가·필지를 식별하지 않으므로 인과효과나 개별농가 위험값으로 해석할 수 없음
EB-58DE4FD42155710F,전북특별자치도,정읍시,논벼,2026,,7,0,0,0,0,0,,,,0,0,미연결,공통 공간·작물 근거 없음,아니오,아니오,재배환경 맥락·현장 표본 후보 탐색,동일 농가·필지를 식별하지 않으므로 인과효과나 개별농가 위험값으로 해석할 수 없음
EB-E3691D3AA61CE028,전북특별자치도,정읍시,보리,2026,,6,0,0,0,0,0,,,,0,0,미연결,공통 공간·작물 근거 없음,아니오,아니오,재배환경 맥락·현장 표본 후보 탐색,동일 농가·필지를 식별하지 않으므로 인과효과나 개별농가 위험값으로 해석할 수 없음
EB-1D66520E271CF2B7,전북특별자치도,정읍시,사과,2026,,7,0,0,0,0,0,,,,0,0,미연결,공통 공간·작물 근거 없음,아니오,아니오,재배환경 맥락·현장 표본 후보 탐색,동일 농가·필지를 식별하지 않으므로 인과효과나 개별농가 위험값으로 해석할 수 없음
EB-744B74B15606A607,전북특별자치도,진안군,고추,2026,,6,0,0,0,0,0,,,,0,0,미연결,공통 공간·작물 근거 없음,아니오,아니오,재배환경 맥락·현장 표본 후보 탐색,동일 농가·필지를 식별하지 않으므로 인과효과나 개별농가 위험값으로 해석할 수 없음
EB-136A5289BAEABDD3,전북특별자치도,진안군,논벼,2026,,7,0,0,0,0,0,,,,0,0,미연결,공통 공간·작물 근거 없음,아니오,아니오,재배환경 맥락·현장 표본 후보 탐색,동일 농가·필지를 식별하지 않으므로 인과효과나 개별농가 위험값으로 해석할 수 없음
EB-F3AB16C0FED8454A,제주특별자치도,서귀포시,감귤,2026,,8,0,0,0,0,0,,,,0,0,미연결,공통 공간·작물 근거 없음,아니오,아니오,재배환경 맥락·현장 표본 후보 탐색,동일 농가·필지를 식별하지 않으므로 인과효과나 개별농가 위험값으로 해석할 수 없음
EB-8692468F0B3E9088,제주특별자치도,제주시,감귤,2026,,8,0,0,0,0,0,,,,0,0,미연결,공통 공간·작물 근거 없음,아니오,아니오,재배환경 맥락·현장 표본 후보 탐색,동일 농가·필지를 식별하지 않으므로 인과효과나 개별농가 위험값으로 해석할 수 없음
EB-7937E506E96CEA4C,제주특별자치도,제주시,콩,2026,,6,0,0,0,0,0,,,,0,0,미연결,공통 공간·작물 근거 없음,아니오,아니오,재배환경 맥락·현장 표본 후보 탐색,동일 농가·필지를 식별하지 않으므로 인과효과나 개별농가 위험값으로 해석할 수 없음
EB-EC6E4DC05EDCD8E8,충청남도,공주시,고추,2026,,6,0,0,0,0,0,,,,0,0,미연결,공통 공간·작물 근거 없음,아니오,아니오,재배환경 맥락·현장 표본 후보 탐색,동일 농가·필지를 식별하지 않으므로 인과효과나 개별농가 위험값으로 해석할 수 없음
EB-63C41BB665890FB9,충청남도,공주시,논벼,2026,,6,0,0,0,0,0,,,,0,0,미연결,공통 공간·작물 근거 없음,아니오,아니오,재배환경 맥락·현장 표본 후보 탐색,동일 농가·필지를 식별하지 않으므로 인과효과나 개별농가 위험값으로 해석할 수 없음
EB-0379D37918F04449,충청남도,공주시,복숭아,2026,,8,0,0,0,0,0,,,,0,0,미연결,공통 공간·작물 근거 없음,아니오,아니오,재배환경 맥락·현장 표본 후보 탐색,동일 농가·필지를 식별하지 않으므로 인과효과나 개별농가 위험값으로 해석할 수 없음
EB-9148F0CEDEAA9F88,충청남도,공주시,콩,2026,,6,0,0,0,0,0,,,,0,0,미연결,공통 공간·작물 근거 없음,아니오,아니오,재배환경 맥락·현장 표본 후보 탐색,동일 농가·필지를 식별하지 않으므로 인과효과나 개별농가 위험값으로 해석할 수 없음
EB-6A3ED6BB6E50242F,충청남도,금산군,논벼,2026,,7,0,0,0,0,0,,,,0,0,미연결,공통 공간·작물 근거 없음,아니오,아니오,재배환경 맥락·현장 표본 후보 탐색,동일 농가·필지를 식별하지 않으므로 인과효과나 개별농가 위험값으로 해석할 수 없음
EB-0DA32F6D052634A7,충청남도,논산시,논벼,2026,,8,0,0,0,0,0,,,,0,0,미연결,공통 공간·작물 근거 없음,아니오,아니오,재배환경 맥락·현장 표본 후보 탐색,동일 농가·필지를 식별하지 않으므로 인과효과나 개별농가 위험값으로 해석할 수 없음
EB-375788585EE9BB03,충청남도,논산시,배,2026,,8,0,0,0,0,0,,,,0,0,미연결,공통 공간·작물 근거 없음,아니오,아니오,재배환경 맥락·현장 표본 후보 탐색,동일 농가·필지를 식별하지 않으므로 인과효과나 개별농가 위험값으로 해석할 수 없음
EB-4EB82C7169695F90,충청남도,논산시,보리,2026,,6,0,0,0,0,0,,,,0,0,미연결,공통 공간·작물 근거 없음,아니오,아니오,재배환경 맥락·현장 표본 후보 탐색,동일 농가·필지를 식별하지 않으므로 인과효과나 개별농가 위험값으로 해석할 수 없음
EB-151DF1E2C8E9698B,충청남도,당진시,고추,2026,,4,0,0,0,0,0,,,,0,0,미연결,공통 공간·작물 근거 없음,아니오,아니오,재배환경 맥락·현장 표본 후보 탐색,동일 농가·필지를 식별하지 않으므로 인과효과나 개별농가 위험값으로 해석할 수 없음
EB-0923509D77829DA6,충청남도,당진시,논벼,2026,,7,0,0,0,0,0,,,,0,0,미연결,공통 공간·작물 근거 없음,아니오,아니오,재배환경 맥락·현장 표본 후보 탐색,동일 농가·필지를 식별하지 않으므로 인과효과나 개별농가 위험값으로 해석할 수 없음
EB-F10770EDDB279064,충청남도,당진시,사과,2026,,7,0,0,0,0,0,,,,0,0,미연결,공통 공간·작물 근거 없음,아니오,아니오,재배환경 맥락·현장 표본 후보 탐색,동일 농가·필지를 식별하지 않으므로 인과효과나 개별농가 위험값으로 해석할 수 없음
EB-33ED4A5B8D18AC97,충청남도,보령시,고추,2026,,6,0,0,0,0,0,,,,0,0,미연결,공통 공간·작물 근거 없음,아니오,아니오,재배환경 맥락·현장 표본 후보 탐색,동일 농가·필지를 식별하지 않으므로 인과효과나 개별농가 위험값으로 해석할 수 없음
EB-CD152FF806BFF729,충청남도,보령시,논벼,2026,,7,0,0,0,0,0,,,,0,0,미연결,공통 공간·작물 근거 없음,아니오,아니오,재배환경 맥락·현장 표본 후보 탐색,동일 농가·필지를 식별하지 않으므로 인과효과나 개별농가 위험값으로 해석할 수 없음
EB-E8B9A21B6A62846C,충청남도,보령시,콩,2026,,4,0,0,0,0,0,,,,0,0,미연결,공통 공간·작물 근거 없음,아니오,아니오,재배환경 맥락·현장 표본 후보 탐색,동일 농가·필지를 식별하지 않으므로 인과효과나 개별농가 위험값으로 해석할 수 없음
EB-E208DC86ECA4D8C6,충청남도,보령시,포도,2026,,5,0,0,0,0,0,,,,0,0,미연결,공통 공간·작물 근거 없음,아니오,아니오,재배환경 맥락·현장 표본 후보 탐색,동일 농가·필지를 식별하지 않으므로 인과효과나 개별농가 위험값으로 해석할 수 없음
EB-1852067D21903A71,충청남도,부여군,논벼,2026,,2,0,0,0,0,0,,,,0,0,미연결,공통 공간·작물 근거 없음,아니오,아니오,재배환경 맥락·현장 표본 후보 탐색,동일 농가·필지를 식별하지 않으므로 인과효과나 개별농가 위험값으로 해석할 수 없음
EB-88E1314271F2F16C,충청남도,부여군,보리,2026,,4,0,0,0,0,0,,,,0,0,미연결,공통 공간·작물 근거 없음,아니오,아니오,재배환경 맥락·현장 표본 후보 탐색,동일 농가·필지를 식별하지 않으므로 인과효과나 개별농가 위험값으로 해석할 수 없음
EB-8FB16A8B1DCA0214,충청남도,서산시,고추,2026,,6,0,0,0,0,0,,,,0,0,미연결,공통 공간·작물 근거 없음,아니오,아니오,재배환경 맥락·현장 표본 후보 탐색,동일 농가·필지를 식별하지 않으므로 인과효과나 개별농가 위험값으로 해석할 수 없음
EB-596C44492C308D74,충청남도,서산시,논벼,2026,,8,0,0,0,0,0,,,,0,0,미연결,공통 공간·작물 근거 없음,아니오,아니오,재배환경 맥락·현장 표본 후보 탐색,동일 농가·필지를 식별하지 않으므로 인과효과나 개별농가 위험값으로 해석할 수 없음
EB-826D3022EF841468,충청남도,서산시,보리,2026,,6,0,0,0,0,0,,,,0,0,미연결,공통 공간·작물 근거 없음,아니오,아니오,재배환경 맥락·현장 표본 후보 탐색,동일 농가·필지를 식별하지 않으므로 인과효과나 개별농가 위험값으로 해석할 수 없음
EB-F2CAEB3D1BA75B35,충청남도,서산시,콩,2026,,6,0,0,0,0,0,,,,0,0,미연결,공통 공간·작물 근거 없음,아니오,아니오,재배환경 맥락·현장 표본 후보 탐색,동일 농가·필지를 식별하지 않으므로 인과효과나 개별농가 위험값으로 해석할 수 없음
EB-FE9E728B2F6BE9E2,충청남도,서천군,논벼,2026,,8,0,0,0,0,0,,,,0,0,미연결,공통 공간·작물 근거 없음,아니오,아니오,재배환경 맥락·현장 표본 후보 탐색,동일 농가·필지를 식별하지 않으므로 인과효과나 개별농가 위험값으로 해석할 수 없음
EB-AE8E595BE86DB9D6,충청남도,아산시,고추,2026,,6,0,0,0,0,0,,,,0,0,미연결,공통 공간·작물 근거 없음,아니오,아니오,재배환경 맥락·현장 표본 후보 탐색,동일 농가·필지를 식별하지 않으므로 인과효과나 개별농가 위험값으로 해석할 수 없음
EB-DE7C235E10C53289,충청남도,아산시,논벼,2026,,8,0,0,0,0,0,,,,0,0,미연결,공통 공간·작물 근거 없음,아니오,아니오,재배환경 맥락·현장 표본 후보 탐색,동일 농가·필지를 식별하지 않으므로 인과효과나 개별농가 위험값으로 해석할 수 없음
EB-F6CB44D9A05DE5F9,충청남도,아산시,배,2026,,5,0,0,0,0,0,,,,0,0,미연결,공통 공간·작물 근거 없음,아니오,아니오,재배환경 맥락·현장 표본 후보 탐색,동일 농가·필지를 식별하지 않으므로 인과효과나 개별농가 위험값으로 해석할 수 없음
EB-5FA27E69C7FCF55D,충청남도,아산시,사과,2026,,4,0,0,0,0,0,,,,0,0,미연결,공통 공간·작물 근거 없음,아니오,아니오,재배환경 맥락·현장 표본 후보 탐색,동일 농가·필지를 식별하지 않으므로 인과효과나 개별농가 위험값으로 해석할 수 없음
EB-FBF700E86B7D9A5F,충청남도,아산시,포도,2026,,6,0,0,0,0,0,,,,0,0,미연결,공통 공간·작물 근거 없음,아니오,아니오,재배환경 맥락·현장 표본 후보 탐색,동일 농가·필지를 식별하지 않으므로 인과효과나 개별농가 위험값으로 해석할 수 없음
EB-FB12E437613F0535,충청남도,예산군,고추,2026,,6,0,0,0,0,0,,,,0,0,미연결,공통 공간·작물 근거 없음,아니오,아니오,재배환경 맥락·현장 표본 후보 탐색,동일 농가·필지를 식별하지 않으므로 인과효과나 개별농가 위험값으로 해석할 수 없음
EB-5A66C6992241CC5B,충청남도,예산군,논벼,2026,,7,0,0,0,0,0,,,,0,0,미연결,공통 공간·작물 근거 없음,아니오,아니오,재배환경 맥락·현장 표본 후보 탐색,동일 농가·필지를 식별하지 않으므로 인과효과나 개별농가 위험값으로 해석할 수 없음
EB-912899C18C6A4162,충청남도,예산군,배,2026,,5,0,0,0,0,0,,,,0,0,미연결,공통 공간·작물 근거 없음,아니오,아니오,재배환경 맥락·현장 표본 후보 탐색,동일 농가·필지를 식별하지 않으므로 인과효과나 개별농가 위험값으로 해석할 수 없음
EB-A0D351621D7BC9AC,충청남도,예산군,보리,2026,,6,0,0,0,0,0,,,,0,0,미연결,공통 공간·작물 근거 없음,아니오,아니오,재배환경 맥락·현장 표본 후보 탐색,동일 농가·필지를 식별하지 않으므로 인과효과나 개별농가 위험값으로 해석할 수 없음
EB-593E8E7CCC9B6B69,충청남도,예산군,사과,2026,,5,0,0,0,0,0,,,,0,0,미연결,공통 공간·작물 근거 없음,아니오,아니오,재배환경 맥락·현장 표본 후보 탐색,동일 농가·필지를 식별하지 않으므로 인과효과나 개별농가 위험값으로 해석할 수 없음
EB-D9F7C3B7F1BAF310,충청남도,예산군,콩,2026,,6,0,0,0,0,0,,,,0,0,미연결,공통 공간·작물 근거 없음,아니오,아니오,재배환경 맥락·현장 표본 후보 탐색,동일 농가·필지를 식별하지 않으므로 인과효과나 개별농가 위험값으로 해석할 수 없음
EB-2FB9C3C223414A74,충청남도,천안시,고추,2026,,6,0,0,0,0,0,,,,0,0,미연결,공통 공간·작물 근거 없음,아니오,아니오,재배환경 맥락·현장 표본 후보 탐색,동일 농가·필지를 식별하지 않으므로 인과효과나 개별농가 위험값으로 해석할 수 없음
EB-C19E64FDA9EFC209,충청남도,천안시,논벼,2026,,8,0,0,0,0,0,,,,0,0,미연결,공통 공간·작물 근거 없음,아니오,아니오,재배환경 맥락·현장 표본 후보 탐색,동일 농가·필지를 식별하지 않으므로 인과효과나 개별농가 위험값으로 해석할 수 없음
EB-EB301822D0126ACA,충청남도,천안시,배,2026,,5,0,0,0,0,0,,,,0,0,미연결,공통 공간·작물 근거 없음,아니오,아니오,재배환경 맥락·현장 표본 후보 탐색,동일 농가·필지를 식별하지 않으므로 인과효과나 개별농가 위험값으로 해석할 수 없음
EB-18342CAFAAF17C1B,충청남도,천안시,포도,2026,,7,0,0,0,0,0,,,,0,0,미연결,공통 공간·작물 근거 없음,아니오,아니오,재배환경 맥락·현장 표본 후보 탐색,동일 농가·필지를 식별하지 않으므로 인과효과나 개별농가 위험값으로 해석할 수 없음
EB-4CFEA810EA355675,충청남도,청양군,고추,2026,,6,0,0,0,0,0,,,,0,0,미연결,공통 공간·작물 근거 없음,아니오,아니오,재배환경 맥락·현장 표본 후보 탐색,동일 농가·필지를 식별하지 않으므로 인과효과나 개별농가 위험값으로 해석할 수 없음
EB-4ACDF8CB7BE37237,충청남도,청양군,논벼,2026,,8,0,0,0,0,0,,,,0,0,미연결,공통 공간·작물 근거 없음,아니오,아니오,재배환경 맥락·현장 표본 후보 탐색,동일 농가·필지를 식별하지 않으므로 인과효과나 개별농가 위험값으로 해석할 수 없음
EB-8F3FB6930CBD84FD,충청남도,태안군,고추,2026,,6,0,0,0,0,0,,,,0,0,미연결,공통 공간·작물 근거 없음,아니오,아니오,재배환경 맥락·현장 표본 후보 탐색,동일 농가·필지를 식별하지 않으므로 인과효과나 개별농가 위험값으로 해석할 수 없음
EB-3646E559FEE9B7B7,충청남도,태안군,논벼,2026,,7,0,0,0,0,0,,,,0,0,미연결,공통 공간·작물 근거 없음,아니오,아니오,재배환경 맥락·현장 표본 후보 탐색,동일 농가·필지를 식별하지 않으므로 인과효과나 개별농가 위험값으로 해석할 수 없음
EB-0D138B05BF0D25A6,충청남도,태안군,마늘,2026,,10,0,0,0,0,0,,,,0,0,미연결,공통 공간·작물 근거 없음,아니오,아니오,재배환경 맥락·현장 표본 후보 탐색,동일 농가·필지를 식별하지 않으므로 인과효과나 개별농가 위험값으로 해석할 수 없음
EB-52D5DC23261D7B19,충청남도,태안군,보리,2026,,6,0,0,0,0,0,,,,0,0,미연결,공통 공간·작물 근거 없음,아니오,아니오,재배환경 맥락·현장 표본 후보 탐색,동일 농가·필지를 식별하지 않으므로 인과효과나 개별농가 위험값으로 해석할 수 없음
EB-1490204BA8865357,충청남도,홍성군,논벼,2026,,7,0,0,0,0,0,,,,0,0,미연결,공통 공간·작물 근거 없음,아니오,아니오,재배환경 맥락·현장 표본 후보 탐색,동일 농가·필지를 식별하지 않으므로 인과효과나 개별농가 위험값으로 해석할 수 없음
EB-D8E50387FF72ABDB,충청남도,홍성군,콩,2026,,6,0,0,0,0,0,,,,0,0,미연결,공통 공간·작물 근거 없음,아니오,아니오,재배환경 맥락·현장 표본 후보 탐색,동일 농가·필지를 식별하지 않으므로 인과효과나 개별농가 위험값으로 해석할 수 없음
EB-016159C4A0FE47DD,충청북도,괴산군,고추,2026,,6,0,0,0,0,0,,,,0,0,미연결,공통 공간·작물 근거 없음,아니오,아니오,재배환경 맥락·현장 표본 후보 탐색,동일 농가·필지를 식별하지 않으므로 인과효과나 개별농가 위험값으로 해석할 수 없음
EB-F88C5CD0E8CEEB64,충청북도,괴산군,논벼,2026,,7,0,0,0,0,0,,,,0,0,미연결,공통 공간·작물 근거 없음,아니오,아니오,재배환경 맥락·현장 표본 후보 탐색,동일 농가·필지를 식별하지 않으므로 인과효과나 개별농가 위험값으로 해석할 수 없음
EB-D121611FEAAFAFE6,충청북도,괴산군,콩,2026,,6,0,0,0,0,0,,,,0,0,미연결,공통 공간·작물 근거 없음,아니오,아니오,재배환경 맥락·현장 표본 후보 탐색,동일 농가·필지를 식별하지 않으므로 인과효과나 개별농가 위험값으로 해석할 수 없음
EB-1AB28E1D64E6E31A,충청북도,단양군,고추,2026,,6,0,0,0,0,0,,,,0,0,미연결,공통 공간·작물 근거 없음,아니오,아니오,재배환경 맥락·현장 표본 후보 탐색,동일 농가·필지를 식별하지 않으므로 인과효과나 개별농가 위험값으로 해석할 수 없음
EB-9C4C63D8A1EC2B0F,충청북도,단양군,마늘,2026,,5,0,0,0,0,0,,,,0,0,미연결,공통 공간·작물 근거 없음,아니오,아니오,재배환경 맥락·현장 표본 후보 탐색,동일 농가·필지를 식별하지 않으므로 인과효과나 개별농가 위험값으로 해석할 수 없음
EB-328874C37337D6E8,충청북도,단양군,콩,2026,,3,0,0,0,0,0,,,,0,0,미연결,공통 공간·작물 근거 없음,아니오,아니오,재배환경 맥락·현장 표본 후보 탐색,동일 농가·필지를 식별하지 않으므로 인과효과나 개별농가 위험값으로 해석할 수 없음
EB-62D6808FC2525C26,충청북도,보은군,고추,2026,,6,0,0,0,0,0,,,,0,0,미연결,공통 공간·작물 근거 없음,아니오,아니오,재배환경 맥락·현장 표본 후보 탐색,동일 농가·필지를 식별하지 않으므로 인과효과나 개별농가 위험값으로 해석할 수 없음
EB-485F9AB2455D6217,충청북도,보은군,논벼,2026,,8,0,0,0,0,0,,,,0,0,미연결,공통 공간·작물 근거 없음,아니오,아니오,재배환경 맥락·현장 표본 후보 탐색,동일 농가·필지를 식별하지 않으므로 인과효과나 개별농가 위험값으로 해석할 수 없음
EB-9C46BE12FBD2457E,충청북도,보은군,사과,2026,,7,0,0,0,0,0,,,,0,0,미연결,공통 공간·작물 근거 없음,아니오,아니오,재배환경 맥락·현장 표본 후보 탐색,동일 농가·필지를 식별하지 않으므로 인과효과나 개별농가 위험값으로 해석할 수 없음
EB-7AEC934E31404C43,충청북도,보은군,콩,2026,,6,0,0,0,0,0,,,,0,0,미연결,공통 공간·작물 근거 없음,아니오,아니오,재배환경 맥락·현장 표본 후보 탐색,동일 농가·필지를 식별하지 않으므로 인과효과나 개별농가 위험값으로 해석할 수 없음
EB-01E24ACE0AE73D9B,충청북도,영동군,고추,2026,,6,0,0,0,0,0,,,,0,0,미연결,공통 공간·작물 근거 없음,아니오,아니오,재배환경 맥락·현장 표본 후보 탐색,동일 농가·필지를 식별하지 않으므로 인과효과나 개별농가 위험값으로 해석할 수 없음
EB-A4E9B4C240CDABC3,충청북도,영동군,논벼,2026,,8,0,0,0,0,0,,,,0,0,미연결,공통 공간·작물 근거 없음,아니오,아니오,재배환경 맥락·현장 표본 후보 탐색,동일 농가·필지를 식별하지 않으므로 인과효과나 개별농가 위험값으로 해석할 수 없음
EB-2AEA4B1427F20F58,충청북도,영동군,보리,2026,,6,0,0,0,0,0,,,,0,0,미연결,공통 공간·작물 근거 없음,아니오,아니오,재배환경 맥락·현장 표본 후보 탐색,동일 농가·필지를 식별하지 않으므로 인과효과나 개별농가 위험값으로 해석할 수 없음
EB-386BEB7840CE3789,충청북도,영동군,복숭아,2026,,8,0,0,0,0,0,,,,0,0,미연결,공통 공간·작물 근거 없음,아니오,아니오,재배환경 맥락·현장 표본 후보 탐색,동일 농가·필지를 식별하지 않으므로 인과효과나 개별농가 위험값으로 해석할 수 없음
EB-50418F4912398E88,충청북도,영동군,사과,2026,,7,0,0,0,0,0,,,,0,0,미연결,공통 공간·작물 근거 없음,아니오,아니오,재배환경 맥락·현장 표본 후보 탐색,동일 농가·필지를 식별하지 않으므로 인과효과나 개별농가 위험값으로 해석할 수 없음
EB-DBDFFA37713B47C0,충청북도,영동군,포도,2026,,6,0,0,0,0,0,,,,0,0,미연결,공통 공간·작물 근거 없음,아니오,아니오,재배환경 맥락·현장 표본 후보 탐색,동일 농가·필지를 식별하지 않으므로 인과효과나 개별농가 위험값으로 해석할 수 없음
EB-419FDD63E292A1CE,충청북도,옥천군,고추,2026,,6,0,0,0,0,0,,,,0,0,미연결,공통 공간·작물 근거 없음,아니오,아니오,재배환경 맥락·현장 표본 후보 탐색,동일 농가·필지를 식별하지 않으므로 인과효과나 개별농가 위험값으로 해석할 수 없음
EB-28CEE5BDA16453E9,충청북도,옥천군,논벼,2026,,7,0,0,0,0,0,,,,0,0,미연결,공통 공간·작물 근거 없음,아니오,아니오,재배환경 맥락·현장 표본 후보 탐색,동일 농가·필지를 식별하지 않으므로 인과효과나 개별농가 위험값으로 해석할 수 없음
EB-C1BD6B069B4546F6,충청북도,옥천군,보리,2026,,6,0,0,0,0,0,,,,0,0,미연결,공통 공간·작물 근거 없음,아니오,아니오,재배환경 맥락·현장 표본 후보 탐색,동일 농가·필지를 식별하지 않으므로 인과효과나 개별농가 위험값으로 해석할 수 없음
EB-DDC27020E7D9FF9D,충청북도,옥천군,포도,2026,,9,0,0,0,0,0,,,,0,0,미연결,공통 공간·작물 근거 없음,아니오,아니오,재배환경 맥락·현장 표본 후보 탐색,동일 농가·필지를 식별하지 않으므로 인과효과나 개별농가 위험값으로 해석할 수 없음
EB-0256DBC03C02BEBF,충청북도,음성군,고추,2026,,6,0,0,0,0,0,,,,0,0,미연결,공통 공간·작물 근거 없음,아니오,아니오,재배환경 맥락·현장 표본 후보 탐색,동일 농가·필지를 식별하지 않으므로 인과효과나 개별농가 위험값으로 해석할 수 없음
EB-4DD69DEE909952BC,충청북도,음성군,논벼,2026,,8,0,0,0,0,0,,,,0,0,미연결,공통 공간·작물 근거 없음,아니오,아니오,재배환경 맥락·현장 표본 후보 탐색,동일 농가·필지를 식별하지 않으므로 인과효과나 개별농가 위험값으로 해석할 수 없음
EB-7D0D51A66C28D5AB,충청북도,음성군,복숭아,2026,,8,0,0,0,0,0,,,,0,0,미연결,공통 공간·작물 근거 없음,아니오,아니오,재배환경 맥락·현장 표본 후보 탐색,동일 농가·필지를 식별하지 않으므로 인과효과나 개별농가 위험값으로 해석할 수 없음
EB-0B466BA46A96C716,충청북도,제천시,고추,2026,,6,0,0,0,0,0,,,,0,0,미연결,공통 공간·작물 근거 없음,아니오,아니오,재배환경 맥락·현장 표본 후보 탐색,동일 농가·필지를 식별하지 않으므로 인과효과나 개별농가 위험값으로 해석할 수 없음
EB-DA32BB8A3FC02411,충청북도,제천시,논벼,2026,,7,0,0,0,0,0,,,,0,0,미연결,공통 공간·작물 근거 없음,아니오,아니오,재배환경 맥락·현장 표본 후보 탐색,동일 농가·필지를 식별하지 않으므로 인과효과나 개별농가 위험값으로 해석할 수 없음
EB-E942440BEA8E91D1,충청북도,제천시,마늘,2026,,5,0,0,0,0,0,,,,0,0,미연결,공통 공간·작물 근거 없음,아니오,아니오,재배환경 맥락·현장 표본 후보 탐색,동일 농가·필지를 식별하지 않으므로 인과효과나 개별농가 위험값으로 해석할 수 없음
EB-F7C3EA5978516F6C,충청북도,제천시,사과,2026,,7,0,0,0,0,0,,,,0,0,미연결,공통 공간·작물 근거 없음,아니오,아니오,재배환경 맥락·현장 표본 후보 탐색,동일 농가·필지를 식별하지 않으므로 인과효과나 개별농가 위험값으로 해석할 수 없음
EB-7AEF68DDEC45190F,충청북도,제천시,콩,2026,,6,0,0,0,0,0,,,,0,0,미연결,공통 공간·작물 근거 없음,아니오,아니오,재배환경 맥락·현장 표본 후보 탐색,동일 농가·필지를 식별하지 않으므로 인과효과나 개별농가 위험값으로 해석할 수 없음
EB-7D25639EBB6A5D95,충청북도,증평군,고추,2026,,6,0,0,0,0,0,,,,0,0,미연결,공통 공간·작물 근거 없음,아니오,아니오,재배환경 맥락·현장 표본 후보 탐색,동일 농가·필지를 식별하지 않으므로 인과효과나 개별농가 위험값으로 해석할 수 없음
EB-9B8C0DDF1AF3FDC3,충청북도,진천군,고추,2026,,6,0,0,0,0,0,,,,0,0,미연결,공통 공간·작물 근거 없음,아니오,아니오,재배환경 맥락·현장 표본 후보 탐색,동일 농가·필지를 식별하지 않으므로 인과효과나 개별농가 위험값으로 해석할 수 없음
EB-E0D320BC02C7CC16,충청북도,진천군,논벼,2026,,8,0,0,0,0,0,,,,0,0,미연결,공통 공간·작물 근거 없음,아니오,아니오,재배환경 맥락·현장 표본 후보 탐색,동일 농가·필지를 식별하지 않으므로 인과효과나 개별농가 위험값으로 해석할 수 없음
EB-36B76C1ABA2390B7,충청북도,진천군,마늘,2026,,5,0,0,0,0,0,,,,0,0,미연결,공통 공간·작물 근거 없음,아니오,아니오,재배환경 맥락·현장 표본 후보 탐색,동일 농가·필지를 식별하지 않으므로 인과효과나 개별농가 위험값으로 해석할 수 없음
EB-9524EF82E5FF1B76,충청북도,청주시,고추,2026,,6,0,0,0,0,0,,,,0,0,미연결,공통 공간·작물 근거 없음,아니오,아니오,재배환경 맥락·현장 표본 후보 탐색,동일 농가·필지를 식별하지 않으므로 인과효과나 개별농가 위험값으로 해석할 수 없음
EB-59DD900CE5CED1B6,충청북도,청주시,논벼,2026,,8,0,0,0,0,0,,,,0,0,미연결,공통 공간·작물 근거 없음,아니오,아니오,재배환경 맥락·현장 표본 후보 탐색,동일 농가·필지를 식별하지 않으므로 인과효과나 개별농가 위험값으로 해석할 수 없음
EB-FA58938B9CB81921,충청북도,청주시,배,2026,,8,0,0,0,0,0,,,,0,0,미연결,공통 공간·작물 근거 없음,아니오,아니오,재배환경 맥락·현장 표본 후보 탐색,동일 농가·필지를 식별하지 않으므로 인과효과나 개별농가 위험값으로 해석할 수 없음
EB-AB5354A786B338F1,충청북도,청주시,콩,2026,,6,0,0,0,0,0,,,,0,0,미연결,공통 공간·작물 근거 없음,아니오,아니오,재배환경 맥락·현장 표본 후보 탐색,동일 농가·필지를 식별하지 않으므로 인과효과나 개별농가 위험값으로 해석할 수 없음
EB-22333B2FBAA43360,충청북도,충주시,고추,2026,,6,0,0,0,0,0,,,,0,0,미연결,공통 공간·작물 근거 없음,아니오,아니오,재배환경 맥락·현장 표본 후보 탐색,동일 농가·필지를 식별하지 않으므로 인과효과나 개별농가 위험값으로 해석할 수 없음
EB-AE9391AB722DDA5E,충청북도,충주시,논벼,2026,,8,0,0,0,0,0,,,,0,0,미연결,공통 공간·작물 근거 없음,아니오,아니오,재배환경 맥락·현장 표본 후보 탐색,동일 농가·필지를 식별하지 않으므로 인과효과나 개별농가 위험값으로 해석할 수 없음
EB-7A3F80414CCA7BBF,충청북도,충주시,복숭아,2026,,8,0,0,0,0,0,,,,0,0,미연결,공통 공간·작물 근거 없음,아니오,아니오,재배환경 맥락·현장 표본 후보 탐색,동일 농가·필지를 식별하지 않으므로 인과효과나 개별농가 위험값으로 해석할 수 없음
EB-D946977380F12506,충청북도,충주시,사과,2026,,7,0,0,0,0,0,,,,0,0,미연결,공통 공간·작물 근거 없음,아니오,아니오,재배환경 맥락·현장 표본 후보 탐색,동일 농가·필지를 식별하지 않으므로 인과효과나 개별농가 위험값으로 해석할 수 없음
EB-2FF5238D96781E61,충청북도,충주시,콩,2026,,6,0,0,0,0,0,,,,0,0,미연결,공통 공간·작물 근거 없음,아니오,아니오,재배환경 맥락·현장 표본 후보 탐색,동일 농가·필지를 식별하지 않으므로 인과효과나 개별농가 위험값으로 해석할 수 없음
