병해충,작물,특징코드,기상특징,순위상관계수,비교단위수,근거등급,2024학습계수,2024학습단위수,관계방향,중요도지수,해석주의
갈색무늬병,사과,기온평균_7일,조사 전 7일 평균기온,0.3475,74,참고 가능,0.4172,27,같이 증가,0.3475,조사일 이전 기상과 상대위험의 연관성이며 인과관계나 발생확률이 아님
갈색무늬병,사과,기온평균_14일,조사 전 14일 평균기온,0.359,74,참고 가능,0.4394,27,같이 증가,0.359,조사일 이전 기상과 상대위험의 연관성이며 인과관계나 발생확률이 아님
갈색무늬병,사과,기온평균_30일,조사 전 30일 평균기온,0.3355,74,참고 가능,0.4609,27,같이 증가,0.3355,조사일 이전 기상과 상대위험의 연관성이며 인과관계나 발생확률이 아님
갈색무늬병,사과,기온최고_30일,조사 전 30일 최고기온,0.178,74,약함,0.2839,27,같이 증가,0.178,조사일 이전 기상과 상대위험의 연관성이며 인과관계나 발생확률이 아님
갈색무늬병,사과,습도평균_7일,조사 전 7일 평균습도,0.2718,74,참고 가능,0.2322,27,같이 증가,0.2718,조사일 이전 기상과 상대위험의 연관성이며 인과관계나 발생확률이 아님
갈색무늬병,사과,습도평균_14일,조사 전 14일 평균습도,0.252,74,참고 가능,0.2086,27,같이 증가,0.252,조사일 이전 기상과 상대위험의 연관성이며 인과관계나 발생확률이 아님
갈색무늬병,사과,습도평균_30일,조사 전 30일 평균습도,0.2019,74,약함,0.0955,27,같이 증가,0.2019,조사일 이전 기상과 상대위험의 연관성이며 인과관계나 발생확률이 아님
갈색무늬병,사과,고습노출_30일,조사 전 30일 고습 노출시간,0.1473,74,약함,0.0,27,같이 증가,0.1473,조사일 이전 기상과 상대위험의 연관성이며 인과관계나 발생확률이 아님
갈색무늬병,사과,강수누적_7일,조사 전 7일 누적강수,,4,자료 부족,,0,뚜렷한 방향 없음,,조사일 이전 기상과 상대위험의 연관성이며 인과관계나 발생확률이 아님
갈색무늬병,사과,강수누적_14일,조사 전 14일 누적강수,0.315,9,자료 부족,,0,같이 증가,0.1725,조사일 이전 기상과 상대위험의 연관성이며 인과관계나 발생확률이 아님
갈색무늬병,사과,강수누적_30일,조사 전 30일 누적강수,,5,자료 부족,,0,뚜렷한 방향 없음,,조사일 이전 기상과 상대위험의 연관성이며 인과관계나 발생확률이 아님
갈색무늬병,사과,풍속평균_30일,조사 전 30일 평균풍속,-0.0216,74,약함,0.0292,27,뚜렷한 방향 없음,0.0216,조사일 이전 기상과 상대위험의 연관성이며 인과관계나 발생확률이 아님
갈색무늬병,사과,풍속최대_30일,조사 전 30일 최대풍속,-0.1188,74,약함,0.0023,27,반대 방향,0.1188,조사일 이전 기상과 상대위험의 연관성이며 인과관계나 발생확률이 아님
갈색무늬병,사과,고온노출_30일,조사 전 30일 고온 노출시간,0.2771,74,참고 가능,0.2731,27,같이 증가,0.2771,조사일 이전 기상과 상대위험의 연관성이며 인과관계나 발생확률이 아님
갈색무늬병,사과,강풍노출_30일,조사 전 30일 강풍 노출시간,-0.0976,74,약함,-0.0897,27,뚜렷한 방향 없음,0.0976,조사일 이전 기상과 상대위험의 연관성이며 인과관계나 발생확률이 아님
갈색무늬병,포도,기온평균_7일,조사 전 7일 평균기온,0.4584,90,비교적 뚜렷,0.1617,27,같이 증가,0.4584,조사일 이전 기상과 상대위험의 연관성이며 인과관계나 발생확률이 아님
갈색무늬병,포도,기온평균_14일,조사 전 14일 평균기온,0.4745,90,비교적 뚜렷,0.1897,27,같이 증가,0.4745,조사일 이전 기상과 상대위험의 연관성이며 인과관계나 발생확률이 아님
갈색무늬병,포도,기온평균_30일,조사 전 30일 평균기온,0.4963,90,비교적 뚜렷,0.2367,27,같이 증가,0.4963,조사일 이전 기상과 상대위험의 연관성이며 인과관계나 발생확률이 아님
갈색무늬병,포도,기온최고_30일,조사 전 30일 최고기온,0.5178,90,비교적 뚜렷,0.1674,27,같이 증가,0.5178,조사일 이전 기상과 상대위험의 연관성이며 인과관계나 발생확률이 아님
갈색무늬병,포도,습도평균_7일,조사 전 7일 평균습도,0.4711,90,비교적 뚜렷,0.3833,27,같이 증가,0.4711,조사일 이전 기상과 상대위험의 연관성이며 인과관계나 발생확률이 아님
갈색무늬병,포도,습도평균_14일,조사 전 14일 평균습도,0.514,90,비교적 뚜렷,0.4376,27,같이 증가,0.514,조사일 이전 기상과 상대위험의 연관성이며 인과관계나 발생확률이 아님
갈색무늬병,포도,습도평균_30일,조사 전 30일 평균습도,0.5109,90,비교적 뚜렷,0.4655,27,같이 증가,0.5109,조사일 이전 기상과 상대위험의 연관성이며 인과관계나 발생확률이 아님
갈색무늬병,포도,고습노출_30일,조사 전 30일 고습 노출시간,0.4827,90,비교적 뚜렷,0.4482,27,같이 증가,0.4827,조사일 이전 기상과 상대위험의 연관성이며 인과관계나 발생확률이 아님
갈색무늬병,포도,강수누적_7일,조사 전 7일 누적강수,,3,자료 부족,,0,뚜렷한 방향 없음,,조사일 이전 기상과 상대위험의 연관성이며 인과관계나 발생확률이 아님
갈색무늬병,포도,강수누적_14일,조사 전 14일 누적강수,,7,자료 부족,,0,뚜렷한 방향 없음,,조사일 이전 기상과 상대위험의 연관성이며 인과관계나 발생확률이 아님
갈색무늬병,포도,강수누적_30일,조사 전 30일 누적강수,,3,자료 부족,,0,뚜렷한 방향 없음,,조사일 이전 기상과 상대위험의 연관성이며 인과관계나 발생확률이 아님
갈색무늬병,포도,풍속평균_30일,조사 전 30일 평균풍속,-0.0482,90,약함,0.4829,27,뚜렷한 방향 없음,0.0482,조사일 이전 기상과 상대위험의 연관성이며 인과관계나 발생확률이 아님
갈색무늬병,포도,풍속최대_30일,조사 전 30일 최대풍속,0.1981,90,약함,0.4807,27,같이 증가,0.1981,조사일 이전 기상과 상대위험의 연관성이며 인과관계나 발생확률이 아님
갈색무늬병,포도,고온노출_30일,조사 전 30일 고온 노출시간,0.4739,90,비교적 뚜렷,0.0272,27,같이 증가,0.4739,조사일 이전 기상과 상대위험의 연관성이며 인과관계나 발생확률이 아님
갈색무늬병,포도,강풍노출_30일,조사 전 30일 강풍 노출시간,0.1811,90,약함,0.4605,27,같이 증가,0.1811,조사일 이전 기상과 상대위험의 연관성이며 인과관계나 발생확률이 아님
갈색여치,배,기온평균_7일,조사 전 7일 평균기온,,34,자료 부족,,34,뚜렷한 방향 없음,,조사일 이전 기상과 상대위험의 연관성이며 인과관계나 발생확률이 아님
갈색여치,배,기온평균_14일,조사 전 14일 평균기온,,34,자료 부족,,34,뚜렷한 방향 없음,,조사일 이전 기상과 상대위험의 연관성이며 인과관계나 발생확률이 아님
갈색여치,배,기온평균_30일,조사 전 30일 평균기온,,34,자료 부족,,34,뚜렷한 방향 없음,,조사일 이전 기상과 상대위험의 연관성이며 인과관계나 발생확률이 아님
갈색여치,배,기온최고_30일,조사 전 30일 최고기온,,34,자료 부족,,34,뚜렷한 방향 없음,,조사일 이전 기상과 상대위험의 연관성이며 인과관계나 발생확률이 아님
갈색여치,배,습도평균_7일,조사 전 7일 평균습도,,34,자료 부족,,34,뚜렷한 방향 없음,,조사일 이전 기상과 상대위험의 연관성이며 인과관계나 발생확률이 아님
갈색여치,배,습도평균_14일,조사 전 14일 평균습도,,34,자료 부족,,34,뚜렷한 방향 없음,,조사일 이전 기상과 상대위험의 연관성이며 인과관계나 발생확률이 아님
갈색여치,배,습도평균_30일,조사 전 30일 평균습도,,34,자료 부족,,34,뚜렷한 방향 없음,,조사일 이전 기상과 상대위험의 연관성이며 인과관계나 발생확률이 아님
갈색여치,배,고습노출_30일,조사 전 30일 고습 노출시간,,34,자료 부족,,34,뚜렷한 방향 없음,,조사일 이전 기상과 상대위험의 연관성이며 인과관계나 발생확률이 아님
갈색여치,배,강수누적_7일,조사 전 7일 누적강수,,0,자료 부족,,0,뚜렷한 방향 없음,,조사일 이전 기상과 상대위험의 연관성이며 인과관계나 발생확률이 아님
갈색여치,배,강수누적_14일,조사 전 14일 누적강수,,0,자료 부족,,0,뚜렷한 방향 없음,,조사일 이전 기상과 상대위험의 연관성이며 인과관계나 발생확률이 아님
갈색여치,배,강수누적_30일,조사 전 30일 누적강수,,0,자료 부족,,0,뚜렷한 방향 없음,,조사일 이전 기상과 상대위험의 연관성이며 인과관계나 발생확률이 아님
갈색여치,배,풍속평균_30일,조사 전 30일 평균풍속,,34,자료 부족,,34,뚜렷한 방향 없음,,조사일 이전 기상과 상대위험의 연관성이며 인과관계나 발생확률이 아님
갈색여치,배,풍속최대_30일,조사 전 30일 최대풍속,,34,자료 부족,,34,뚜렷한 방향 없음,,조사일 이전 기상과 상대위험의 연관성이며 인과관계나 발생확률이 아님
갈색여치,배,고온노출_30일,조사 전 30일 고온 노출시간,,34,자료 부족,,34,뚜렷한 방향 없음,,조사일 이전 기상과 상대위험의 연관성이며 인과관계나 발생확률이 아님
갈색여치,배,강풍노출_30일,조사 전 30일 강풍 노출시간,,34,자료 부족,,34,뚜렷한 방향 없음,,조사일 이전 기상과 상대위험의 연관성이며 인과관계나 발생확률이 아님
갈색여치,사과,기온평균_7일,조사 전 7일 평균기온,0.2518,27,참고 가능,0.2518,27,같이 증가,0.2389,조사일 이전 기상과 상대위험의 연관성이며 인과관계나 발생확률이 아님
갈색여치,사과,기온평균_14일,조사 전 14일 평균기온,0.277,27,참고 가능,0.277,27,같이 증가,0.2628,조사일 이전 기상과 상대위험의 연관성이며 인과관계나 발생확률이 아님
갈색여치,사과,기온평균_30일,조사 전 30일 평균기온,0.2266,27,약함,0.2266,27,같이 증가,0.215,조사일 이전 기상과 상대위험의 연관성이며 인과관계나 발생확률이 아님
갈색여치,사과,기온최고_30일,조사 전 30일 최고기온,0.126,27,약함,0.126,27,같이 증가,0.1195,조사일 이전 기상과 상대위험의 연관성이며 인과관계나 발생확률이 아님
갈색여치,사과,습도평균_7일,조사 전 7일 평균습도,-0.0755,27,약함,-0.0755,27,뚜렷한 방향 없음,0.0717,조사일 이전 기상과 상대위험의 연관성이며 인과관계나 발생확률이 아님
갈색여치,사과,습도평균_14일,조사 전 14일 평균습도,-0.1763,27,약함,-0.1763,27,반대 방향,0.1672,조사일 이전 기상과 상대위험의 연관성이며 인과관계나 발생확률이 아님
갈색여치,사과,습도평균_30일,조사 전 30일 평균습도,-0.2266,27,약함,-0.2266,27,반대 방향,0.215,조사일 이전 기상과 상대위험의 연관성이며 인과관계나 발생확률이 아님
갈색여치,사과,고습노출_30일,조사 전 30일 고습 노출시간,-0.277,27,참고 가능,-0.277,27,반대 방향,0.2628,조사일 이전 기상과 상대위험의 연관성이며 인과관계나 발생확률이 아님
갈색여치,사과,강수누적_7일,조사 전 7일 누적강수,,0,자료 부족,,0,뚜렷한 방향 없음,,조사일 이전 기상과 상대위험의 연관성이며 인과관계나 발생확률이 아님
갈색여치,사과,강수누적_14일,조사 전 14일 누적강수,,0,자료 부족,,0,뚜렷한 방향 없음,,조사일 이전 기상과 상대위험의 연관성이며 인과관계나 발생확률이 아님
갈색여치,사과,강수누적_30일,조사 전 30일 누적강수,,0,자료 부족,,0,뚜렷한 방향 없음,,조사일 이전 기상과 상대위험의 연관성이며 인과관계나 발생확률이 아님
갈색여치,사과,풍속평균_30일,조사 전 30일 평균풍속,-0.2518,27,참고 가능,-0.2518,27,반대 방향,0.2389,조사일 이전 기상과 상대위험의 연관성이며 인과관계나 발생확률이 아님
갈색여치,사과,풍속최대_30일,조사 전 30일 최대풍속,-0.2774,27,참고 가능,-0.2774,27,반대 방향,0.2632,조사일 이전 기상과 상대위험의 연관성이며 인과관계나 발생확률이 아님
갈색여치,사과,고온노출_30일,조사 전 30일 고온 노출시간,0.2266,27,약함,0.2266,27,같이 증가,0.215,조사일 이전 기상과 상대위험의 연관성이며 인과관계나 발생확률이 아님
갈색여치,사과,강풍노출_30일,조사 전 30일 강풍 노출시간,-0.2659,27,참고 가능,-0.2659,27,반대 방향,0.2523,조사일 이전 기상과 상대위험의 연관성이며 인과관계나 발생확률이 아님
감꼭지나방,감,기온평균_7일,조사 전 7일 평균기온,0.3225,27,참고 가능,,0,같이 증가,0.3059,조사일 이전 기상과 상대위험의 연관성이며 인과관계나 발생확률이 아님
감꼭지나방,감,기온평균_14일,조사 전 14일 평균기온,0.3718,27,참고 가능,,0,같이 증가,0.3528,조사일 이전 기상과 상대위험의 연관성이며 인과관계나 발생확률이 아님
감꼭지나방,감,기온평균_30일,조사 전 30일 평균기온,0.3358,27,참고 가능,,0,같이 증가,0.3185,조사일 이전 기상과 상대위험의 연관성이며 인과관계나 발생확률이 아님
감꼭지나방,감,기온최고_30일,조사 전 30일 최고기온,0.3233,27,참고 가능,,0,같이 증가,0.3067,조사일 이전 기상과 상대위험의 연관성이며 인과관계나 발생확률이 아님
감꼭지나방,감,습도평균_7일,조사 전 7일 평균습도,-0.0104,27,약함,,0,뚜렷한 방향 없음,0.0099,조사일 이전 기상과 상대위험의 연관성이며 인과관계나 발생확률이 아님
감꼭지나방,감,습도평균_14일,조사 전 14일 평균습도,0.0481,27,약함,,0,뚜렷한 방향 없음,0.0456,조사일 이전 기상과 상대위험의 연관성이며 인과관계나 발생확률이 아님
감꼭지나방,감,습도평균_30일,조사 전 30일 평균습도,0.1608,27,약함,,0,같이 증가,0.1525,조사일 이전 기상과 상대위험의 연관성이며 인과관계나 발생확률이 아님
감꼭지나방,감,고습노출_30일,조사 전 30일 고습 노출시간,0.2373,27,약함,,0,같이 증가,0.2252,조사일 이전 기상과 상대위험의 연관성이며 인과관계나 발생확률이 아님
감꼭지나방,감,강수누적_7일,조사 전 7일 누적강수,,2,자료 부족,,0,뚜렷한 방향 없음,,조사일 이전 기상과 상대위험의 연관성이며 인과관계나 발생확률이 아님
감꼭지나방,감,강수누적_14일,조사 전 14일 누적강수,,4,자료 부족,,0,뚜렷한 방향 없음,,조사일 이전 기상과 상대위험의 연관성이며 인과관계나 발생확률이 아님
감꼭지나방,감,강수누적_30일,조사 전 30일 누적강수,,2,자료 부족,,0,뚜렷한 방향 없음,,조사일 이전 기상과 상대위험의 연관성이며 인과관계나 발생확률이 아님
감꼭지나방,감,풍속평균_30일,조사 전 30일 평균풍속,-0.231,27,약함,,0,반대 방향,0.2192,조사일 이전 기상과 상대위험의 연관성이며 인과관계나 발생확률이 아님
감꼭지나방,감,풍속최대_30일,조사 전 30일 최대풍속,-0.1154,27,약함,,0,반대 방향,0.1094,조사일 이전 기상과 상대위험의 연관성이며 인과관계나 발생확률이 아님
감꼭지나방,감,고온노출_30일,조사 전 30일 고온 노출시간,0.3793,27,참고 가능,,0,같이 증가,0.3599,조사일 이전 기상과 상대위험의 연관성이며 인과관계나 발생확률이 아님
감꼭지나방,감,강풍노출_30일,조사 전 30일 강풍 노출시간,-0.1858,27,약함,,0,반대 방향,0.1763,조사일 이전 기상과 상대위험의 연관성이며 인과관계나 발생확률이 아님
검은무늬병,양파,기온평균_7일,조사 전 7일 평균기온,,25,자료 부족,,0,뚜렷한 방향 없음,,조사일 이전 기상과 상대위험의 연관성이며 인과관계나 발생확률이 아님
검은무늬병,양파,기온평균_14일,조사 전 14일 평균기온,,25,자료 부족,,0,뚜렷한 방향 없음,,조사일 이전 기상과 상대위험의 연관성이며 인과관계나 발생확률이 아님
검은무늬병,양파,기온평균_30일,조사 전 30일 평균기온,,25,자료 부족,,0,뚜렷한 방향 없음,,조사일 이전 기상과 상대위험의 연관성이며 인과관계나 발생확률이 아님
검은무늬병,양파,기온최고_30일,조사 전 30일 최고기온,,25,자료 부족,,0,뚜렷한 방향 없음,,조사일 이전 기상과 상대위험의 연관성이며 인과관계나 발생확률이 아님
검은무늬병,양파,습도평균_7일,조사 전 7일 평균습도,,25,자료 부족,,0,뚜렷한 방향 없음,,조사일 이전 기상과 상대위험의 연관성이며 인과관계나 발생확률이 아님
검은무늬병,양파,습도평균_14일,조사 전 14일 평균습도,,25,자료 부족,,0,뚜렷한 방향 없음,,조사일 이전 기상과 상대위험의 연관성이며 인과관계나 발생확률이 아님
검은무늬병,양파,습도평균_30일,조사 전 30일 평균습도,,25,자료 부족,,0,뚜렷한 방향 없음,,조사일 이전 기상과 상대위험의 연관성이며 인과관계나 발생확률이 아님
검은무늬병,양파,고습노출_30일,조사 전 30일 고습 노출시간,,25,자료 부족,,0,뚜렷한 방향 없음,,조사일 이전 기상과 상대위험의 연관성이며 인과관계나 발생확률이 아님
검은무늬병,양파,강수누적_7일,조사 전 7일 누적강수,,0,자료 부족,,0,뚜렷한 방향 없음,,조사일 이전 기상과 상대위험의 연관성이며 인과관계나 발생확률이 아님
검은무늬병,양파,강수누적_14일,조사 전 14일 누적강수,,0,자료 부족,,0,뚜렷한 방향 없음,,조사일 이전 기상과 상대위험의 연관성이며 인과관계나 발생확률이 아님
검은무늬병,양파,강수누적_30일,조사 전 30일 누적강수,,0,자료 부족,,0,뚜렷한 방향 없음,,조사일 이전 기상과 상대위험의 연관성이며 인과관계나 발생확률이 아님
검은무늬병,양파,풍속평균_30일,조사 전 30일 평균풍속,,25,자료 부족,,0,뚜렷한 방향 없음,,조사일 이전 기상과 상대위험의 연관성이며 인과관계나 발생확률이 아님
검은무늬병,양파,풍속최대_30일,조사 전 30일 최대풍속,,25,자료 부족,,0,뚜렷한 방향 없음,,조사일 이전 기상과 상대위험의 연관성이며 인과관계나 발생확률이 아님
검은무늬병,양파,고온노출_30일,조사 전 30일 고온 노출시간,,25,자료 부족,,0,뚜렷한 방향 없음,,조사일 이전 기상과 상대위험의 연관성이며 인과관계나 발생확률이 아님
검은무늬병,양파,강풍노출_30일,조사 전 30일 강풍 노출시간,,25,자료 부족,,0,뚜렷한 방향 없음,,조사일 이전 기상과 상대위험의 연관성이며 인과관계나 발생확률이 아님
검은별무늬병,배,기온평균_7일,조사 전 7일 평균기온,0.2169,135,약함,0.3106,68,같이 증가,0.2169,조사일 이전 기상과 상대위험의 연관성이며 인과관계나 발생확률이 아님
검은별무늬병,배,기온평균_14일,조사 전 14일 평균기온,0.1903,135,약함,0.2736,68,같이 증가,0.1903,조사일 이전 기상과 상대위험의 연관성이며 인과관계나 발생확률이 아님
검은별무늬병,배,기온평균_30일,조사 전 30일 평균기온,0.1491,135,약함,0.2342,68,같이 증가,0.1491,조사일 이전 기상과 상대위험의 연관성이며 인과관계나 발생확률이 아님
검은별무늬병,배,기온최고_30일,조사 전 30일 최고기온,0.1905,135,약함,0.3242,68,같이 증가,0.1905,조사일 이전 기상과 상대위험의 연관성이며 인과관계나 발생확률이 아님
검은별무늬병,배,습도평균_7일,조사 전 7일 평균습도,0.0332,135,약함,-0.177,68,뚜렷한 방향 없음,0.0332,조사일 이전 기상과 상대위험의 연관성이며 인과관계나 발생확률이 아님
검은별무늬병,배,습도평균_14일,조사 전 14일 평균습도,0.0754,135,약함,-0.1384,68,뚜렷한 방향 없음,0.0754,조사일 이전 기상과 상대위험의 연관성이며 인과관계나 발생확률이 아님
검은별무늬병,배,습도평균_30일,조사 전 30일 평균습도,0.1619,135,약함,-0.0235,68,같이 증가,0.1619,조사일 이전 기상과 상대위험의 연관성이며 인과관계나 발생확률이 아님
검은별무늬병,배,고습노출_30일,조사 전 30일 고습 노출시간,0.1156,135,약함,-0.1288,68,같이 증가,0.1156,조사일 이전 기상과 상대위험의 연관성이며 인과관계나 발생확률이 아님
검은별무늬병,배,강수누적_7일,조사 전 7일 누적강수,,4,자료 부족,,0,뚜렷한 방향 없음,,조사일 이전 기상과 상대위험의 연관성이며 인과관계나 발생확률이 아님
검은별무늬병,배,강수누적_14일,조사 전 14일 누적강수,-0.3466,9,자료 부족,,0,반대 방향,0.1898,조사일 이전 기상과 상대위험의 연관성이며 인과관계나 발생확률이 아님
검은별무늬병,배,강수누적_30일,조사 전 30일 누적강수,,5,자료 부족,,0,뚜렷한 방향 없음,,조사일 이전 기상과 상대위험의 연관성이며 인과관계나 발생확률이 아님
검은별무늬병,배,풍속평균_30일,조사 전 30일 평균풍속,0.2516,135,참고 가능,0.3079,68,같이 증가,0.2516,조사일 이전 기상과 상대위험의 연관성이며 인과관계나 발생확률이 아님
검은별무늬병,배,풍속최대_30일,조사 전 30일 최대풍속,0.1948,135,약함,0.2706,68,같이 증가,0.1948,조사일 이전 기상과 상대위험의 연관성이며 인과관계나 발생확률이 아님
검은별무늬병,배,고온노출_30일,조사 전 30일 고온 노출시간,0.1733,135,약함,0.3898,68,같이 증가,0.1733,조사일 이전 기상과 상대위험의 연관성이며 인과관계나 발생확률이 아님
검은별무늬병,배,강풍노출_30일,조사 전 30일 강풍 노출시간,0.1343,135,약함,0.2343,68,같이 증가,0.1343,조사일 이전 기상과 상대위험의 연관성이며 인과관계나 발생확률이 아님
검은점무늬병,감귤,기온평균_7일,조사 전 7일 평균기온,,7,자료 부족,,0,뚜렷한 방향 없음,,조사일 이전 기상과 상대위험의 연관성이며 인과관계나 발생확률이 아님
검은점무늬병,감귤,기온평균_14일,조사 전 14일 평균기온,,7,자료 부족,,0,뚜렷한 방향 없음,,조사일 이전 기상과 상대위험의 연관성이며 인과관계나 발생확률이 아님
검은점무늬병,감귤,기온평균_30일,조사 전 30일 평균기온,,7,자료 부족,,0,뚜렷한 방향 없음,,조사일 이전 기상과 상대위험의 연관성이며 인과관계나 발생확률이 아님
검은점무늬병,감귤,기온최고_30일,조사 전 30일 최고기온,,7,자료 부족,,0,뚜렷한 방향 없음,,조사일 이전 기상과 상대위험의 연관성이며 인과관계나 발생확률이 아님
검은점무늬병,감귤,습도평균_7일,조사 전 7일 평균습도,,7,자료 부족,,0,뚜렷한 방향 없음,,조사일 이전 기상과 상대위험의 연관성이며 인과관계나 발생확률이 아님
검은점무늬병,감귤,습도평균_14일,조사 전 14일 평균습도,,7,자료 부족,,0,뚜렷한 방향 없음,,조사일 이전 기상과 상대위험의 연관성이며 인과관계나 발생확률이 아님
검은점무늬병,감귤,습도평균_30일,조사 전 30일 평균습도,,7,자료 부족,,0,뚜렷한 방향 없음,,조사일 이전 기상과 상대위험의 연관성이며 인과관계나 발생확률이 아님
검은점무늬병,감귤,고습노출_30일,조사 전 30일 고습 노출시간,,7,자료 부족,,0,뚜렷한 방향 없음,,조사일 이전 기상과 상대위험의 연관성이며 인과관계나 발생확률이 아님
검은점무늬병,감귤,강수누적_7일,조사 전 7일 누적강수,,0,자료 부족,,0,뚜렷한 방향 없음,,조사일 이전 기상과 상대위험의 연관성이며 인과관계나 발생확률이 아님
검은점무늬병,감귤,강수누적_14일,조사 전 14일 누적강수,,0,자료 부족,,0,뚜렷한 방향 없음,,조사일 이전 기상과 상대위험의 연관성이며 인과관계나 발생확률이 아님
검은점무늬병,감귤,강수누적_30일,조사 전 30일 누적강수,,1,자료 부족,,0,뚜렷한 방향 없음,,조사일 이전 기상과 상대위험의 연관성이며 인과관계나 발생확률이 아님
검은점무늬병,감귤,풍속평균_30일,조사 전 30일 평균풍속,,7,자료 부족,,0,뚜렷한 방향 없음,,조사일 이전 기상과 상대위험의 연관성이며 인과관계나 발생확률이 아님
검은점무늬병,감귤,풍속최대_30일,조사 전 30일 최대풍속,,7,자료 부족,,0,뚜렷한 방향 없음,,조사일 이전 기상과 상대위험의 연관성이며 인과관계나 발생확률이 아님
검은점무늬병,감귤,고온노출_30일,조사 전 30일 고온 노출시간,,7,자료 부족,,0,뚜렷한 방향 없음,,조사일 이전 기상과 상대위험의 연관성이며 인과관계나 발생확률이 아님
검은점무늬병,감귤,강풍노출_30일,조사 전 30일 강풍 노출시간,,7,자료 부족,,0,뚜렷한 방향 없음,,조사일 이전 기상과 상대위험의 연관성이며 인과관계나 발생확률이 아님
겹무늬병,배,기온평균_7일,조사 전 7일 평균기온,0.2067,101,약함,,34,같이 증가,0.2067,조사일 이전 기상과 상대위험의 연관성이며 인과관계나 발생확률이 아님
겹무늬병,배,기온평균_14일,조사 전 14일 평균기온,0.2541,101,참고 가능,,34,같이 증가,0.2541,조사일 이전 기상과 상대위험의 연관성이며 인과관계나 발생확률이 아님
겹무늬병,배,기온평균_30일,조사 전 30일 평균기온,0.2597,101,참고 가능,,34,같이 증가,0.2597,조사일 이전 기상과 상대위험의 연관성이며 인과관계나 발생확률이 아님
겹무늬병,배,기온최고_30일,조사 전 30일 최고기온,0.2602,101,참고 가능,,34,같이 증가,0.2602,조사일 이전 기상과 상대위험의 연관성이며 인과관계나 발생확률이 아님
겹무늬병,배,습도평균_7일,조사 전 7일 평균습도,0.1047,101,약함,,34,같이 증가,0.1047,조사일 이전 기상과 상대위험의 연관성이며 인과관계나 발생확률이 아님
겹무늬병,배,습도평균_14일,조사 전 14일 평균습도,0.183,101,약함,,34,같이 증가,0.183,조사일 이전 기상과 상대위험의 연관성이며 인과관계나 발생확률이 아님
겹무늬병,배,습도평균_30일,조사 전 30일 평균습도,0.2389,101,약함,,34,같이 증가,0.2389,조사일 이전 기상과 상대위험의 연관성이며 인과관계나 발생확률이 아님
겹무늬병,배,고습노출_30일,조사 전 30일 고습 노출시간,0.2248,101,약함,,34,같이 증가,0.2248,조사일 이전 기상과 상대위험의 연관성이며 인과관계나 발생확률이 아님
겹무늬병,배,강수누적_7일,조사 전 7일 누적강수,,4,자료 부족,,0,뚜렷한 방향 없음,,조사일 이전 기상과 상대위험의 연관성이며 인과관계나 발생확률이 아님
겹무늬병,배,강수누적_14일,조사 전 14일 누적강수,-0.5477,9,자료 부족,,0,반대 방향,0.3,조사일 이전 기상과 상대위험의 연관성이며 인과관계나 발생확률이 아님
겹무늬병,배,강수누적_30일,조사 전 30일 누적강수,,5,자료 부족,,0,뚜렷한 방향 없음,,조사일 이전 기상과 상대위험의 연관성이며 인과관계나 발생확률이 아님
겹무늬병,배,풍속평균_30일,조사 전 30일 평균풍속,0.0039,101,약함,,34,뚜렷한 방향 없음,0.0039,조사일 이전 기상과 상대위험의 연관성이며 인과관계나 발생확률이 아님
겹무늬병,배,풍속최대_30일,조사 전 30일 최대풍속,0.1198,101,약함,,34,같이 증가,0.1198,조사일 이전 기상과 상대위험의 연관성이며 인과관계나 발생확률이 아님
겹무늬병,배,고온노출_30일,조사 전 30일 고온 노출시간,0.2654,101,참고 가능,,34,같이 증가,0.2654,조사일 이전 기상과 상대위험의 연관성이며 인과관계나 발생확률이 아님
겹무늬병,배,강풍노출_30일,조사 전 30일 강풍 노출시간,0.0324,101,약함,,34,뚜렷한 방향 없음,0.0324,조사일 이전 기상과 상대위험의 연관성이며 인과관계나 발생확률이 아님
겹무늬썩음병,사과,기온평균_7일,조사 전 7일 평균기온,0.0959,74,약함,0.2518,27,뚜렷한 방향 없음,0.0959,조사일 이전 기상과 상대위험의 연관성이며 인과관계나 발생확률이 아님
겹무늬썩음병,사과,기온평균_14일,조사 전 14일 평균기온,0.063,74,약함,0.277,27,뚜렷한 방향 없음,0.063,조사일 이전 기상과 상대위험의 연관성이며 인과관계나 발생확률이 아님
겹무늬썩음병,사과,기온평균_30일,조사 전 30일 평균기온,0.0137,74,약함,0.2266,27,뚜렷한 방향 없음,0.0137,조사일 이전 기상과 상대위험의 연관성이며 인과관계나 발생확률이 아님
겹무늬썩음병,사과,기온최고_30일,조사 전 30일 최고기온,0.0301,74,약함,0.126,27,뚜렷한 방향 없음,0.0301,조사일 이전 기상과 상대위험의 연관성이며 인과관계나 발생확률이 아님
겹무늬썩음병,사과,습도평균_7일,조사 전 7일 평균습도,-0.1068,74,약함,-0.0755,27,반대 방향,0.1068,조사일 이전 기상과 상대위험의 연관성이며 인과관계나 발생확률이 아님
겹무늬썩음병,사과,습도평균_14일,조사 전 14일 평균습도,-0.1397,74,약함,-0.1763,27,반대 방향,0.1397,조사일 이전 기상과 상대위험의 연관성이며 인과관계나 발생확률이 아님
겹무늬썩음병,사과,습도평균_30일,조사 전 30일 평균습도,-0.1397,74,약함,-0.2266,27,반대 방향,0.1397,조사일 이전 기상과 상대위험의 연관성이며 인과관계나 발생확률이 아님
겹무늬썩음병,사과,고습노출_30일,조사 전 30일 고습 노출시간,-0.1562,74,약함,-0.277,27,반대 방향,0.1562,조사일 이전 기상과 상대위험의 연관성이며 인과관계나 발생확률이 아님
겹무늬썩음병,사과,강수누적_7일,조사 전 7일 누적강수,,4,자료 부족,,0,뚜렷한 방향 없음,,조사일 이전 기상과 상대위험의 연관성이며 인과관계나 발생확률이 아님
겹무늬썩음병,사과,강수누적_14일,조사 전 14일 누적강수,,9,자료 부족,,0,뚜렷한 방향 없음,,조사일 이전 기상과 상대위험의 연관성이며 인과관계나 발생확률이 아님
겹무늬썩음병,사과,강수누적_30일,조사 전 30일 누적강수,,5,자료 부족,,0,뚜렷한 방향 없음,,조사일 이전 기상과 상대위험의 연관성이며 인과관계나 발생확률이 아님
겹무늬썩음병,사과,풍속평균_30일,조사 전 30일 평균풍속,-0.1342,74,약함,-0.2518,27,반대 방향,0.1342,조사일 이전 기상과 상대위험의 연관성이며 인과관계나 발생확률이 아님
겹무늬썩음병,사과,풍속최대_30일,조사 전 30일 최대풍속,-0.1425,74,약함,-0.2774,27,반대 방향,0.1425,조사일 이전 기상과 상대위험의 연관성이며 인과관계나 발생확률이 아님
겹무늬썩음병,사과,고온노출_30일,조사 전 30일 고온 노출시간,0.0247,74,약함,0.2266,27,뚜렷한 방향 없음,0.0247,조사일 이전 기상과 상대위험의 연관성이며 인과관계나 발생확률이 아님
겹무늬썩음병,사과,강풍노출_30일,조사 전 30일 강풍 노출시간,-0.152,74,약함,-0.2659,27,반대 방향,0.152,조사일 이전 기상과 상대위험의 연관성이며 인과관계나 발생확률이 아님
고자리파리,양파,기온평균_7일,조사 전 7일 평균기온,0.2654,55,참고 가능,0.4231,30,같이 증가,0.2654,조사일 이전 기상과 상대위험의 연관성이며 인과관계나 발생확률이 아님
고자리파리,양파,기온평균_14일,조사 전 14일 평균기온,0.2421,55,약함,0.3982,30,같이 증가,0.2421,조사일 이전 기상과 상대위험의 연관성이며 인과관계나 발생확률이 아님
고자리파리,양파,기온평균_30일,조사 전 30일 평균기온,0.2621,55,참고 가능,0.4196,30,같이 증가,0.2621,조사일 이전 기상과 상대위험의 연관성이며 인과관계나 발생확률이 아님
고자리파리,양파,기온최고_30일,조사 전 30일 최고기온,0.2964,55,참고 가능,0.4443,30,같이 증가,0.2964,조사일 이전 기상과 상대위험의 연관성이며 인과관계나 발생확률이 아님
고자리파리,양파,습도평균_7일,조사 전 7일 평균습도,0.1375,55,약함,-0.1075,30,같이 증가,0.1375,조사일 이전 기상과 상대위험의 연관성이며 인과관계나 발생확률이 아님
고자리파리,양파,습도평균_14일,조사 전 14일 평균습도,0.1874,55,약함,-0.1035,30,같이 증가,0.1874,조사일 이전 기상과 상대위험의 연관성이며 인과관계나 발생확률이 아님
고자리파리,양파,습도평균_30일,조사 전 30일 평균습도,0.2019,55,약함,-0.0824,30,같이 증가,0.2019,조사일 이전 기상과 상대위험의 연관성이며 인과관계나 발생확률이 아님
고자리파리,양파,고습노출_30일,조사 전 30일 고습 노출시간,0.2223,55,약함,-0.0779,30,같이 증가,0.2223,조사일 이전 기상과 상대위험의 연관성이며 인과관계나 발생확률이 아님
고자리파리,양파,강수누적_7일,조사 전 7일 누적강수,,0,자료 부족,,0,뚜렷한 방향 없음,,조사일 이전 기상과 상대위험의 연관성이며 인과관계나 발생확률이 아님
고자리파리,양파,강수누적_14일,조사 전 14일 누적강수,,0,자료 부족,,0,뚜렷한 방향 없음,,조사일 이전 기상과 상대위험의 연관성이며 인과관계나 발생확률이 아님
고자리파리,양파,강수누적_30일,조사 전 30일 누적강수,,0,자료 부족,,0,뚜렷한 방향 없음,,조사일 이전 기상과 상대위험의 연관성이며 인과관계나 발생확률이 아님
고자리파리,양파,풍속평균_30일,조사 전 30일 평균풍속,0.3724,55,참고 가능,0.4756,30,같이 증가,0.3724,조사일 이전 기상과 상대위험의 연관성이며 인과관계나 발생확률이 아님
고자리파리,양파,풍속최대_30일,조사 전 30일 최대풍속,0.2827,55,참고 가능,0.3545,30,같이 증가,0.2827,조사일 이전 기상과 상대위험의 연관성이며 인과관계나 발생확률이 아님
고자리파리,양파,고온노출_30일,조사 전 30일 고온 노출시간,0.3051,55,참고 가능,0.4094,30,같이 증가,0.3051,조사일 이전 기상과 상대위험의 연관성이며 인과관계나 발생확률이 아님
고자리파리,양파,강풍노출_30일,조사 전 30일 강풍 노출시간,0.3229,55,참고 가능,0.3623,30,같이 증가,0.3229,조사일 이전 기상과 상대위험의 연관성이며 인과관계나 발생확률이 아님
과심곰팡이,사과,기온평균_7일,조사 전 7일 평균기온,0.0694,27,약함,0.0694,27,뚜렷한 방향 없음,0.0659,조사일 이전 기상과 상대위험의 연관성이며 인과관계나 발생확률이 아님
과심곰팡이,사과,기온평균_14일,조사 전 14일 평균기온,0.0685,27,약함,0.0685,27,뚜렷한 방향 없음,0.065,조사일 이전 기상과 상대위험의 연관성이며 인과관계나 발생확률이 아님
과심곰팡이,사과,기온평균_30일,조사 전 30일 평균기온,0.0284,27,약함,0.0284,27,뚜렷한 방향 없음,0.027,조사일 이전 기상과 상대위험의 연관성이며 인과관계나 발생확률이 아님
과심곰팡이,사과,기온최고_30일,조사 전 30일 최고기온,-0.0449,27,약함,-0.0449,27,뚜렷한 방향 없음,0.0426,조사일 이전 기상과 상대위험의 연관성이며 인과관계나 발생확률이 아님
과심곰팡이,사과,습도평균_7일,조사 전 7일 평균습도,-0.2931,27,참고 가능,-0.2931,27,반대 방향,0.2781,조사일 이전 기상과 상대위험의 연관성이며 인과관계나 발생확률이 아님
과심곰팡이,사과,습도평균_14일,조사 전 14일 평균습도,-0.2904,27,참고 가능,-0.2904,27,반대 방향,0.2755,조사일 이전 기상과 상대위험의 연관성이며 인과관계나 발생확률이 아님
과심곰팡이,사과,습도평균_30일,조사 전 30일 평균습도,-0.2773,27,참고 가능,-0.2773,27,반대 방향,0.2631,조사일 이전 기상과 상대위험의 연관성이며 인과관계나 발생확률이 아님
과심곰팡이,사과,고습노출_30일,조사 전 30일 고습 노출시간,-0.326,27,참고 가능,-0.326,27,반대 방향,0.3093,조사일 이전 기상과 상대위험의 연관성이며 인과관계나 발생확률이 아님
과심곰팡이,사과,강수누적_7일,조사 전 7일 누적강수,,0,자료 부족,,0,뚜렷한 방향 없음,,조사일 이전 기상과 상대위험의 연관성이며 인과관계나 발생확률이 아님
과심곰팡이,사과,강수누적_14일,조사 전 14일 누적강수,,0,자료 부족,,0,뚜렷한 방향 없음,,조사일 이전 기상과 상대위험의 연관성이며 인과관계나 발생확률이 아님
과심곰팡이,사과,강수누적_30일,조사 전 30일 누적강수,,0,자료 부족,,0,뚜렷한 방향 없음,,조사일 이전 기상과 상대위험의 연관성이며 인과관계나 발생확률이 아님
과심곰팡이,사과,풍속평균_30일,조사 전 30일 평균풍속,-0.0392,27,약함,-0.0392,27,뚜렷한 방향 없음,0.0372,조사일 이전 기상과 상대위험의 연관성이며 인과관계나 발생확률이 아님
과심곰팡이,사과,풍속최대_30일,조사 전 30일 최대풍속,0.0285,27,약함,0.0285,27,뚜렷한 방향 없음,0.027,조사일 이전 기상과 상대위험의 연관성이며 인과관계나 발생확률이 아님
과심곰팡이,사과,고온노출_30일,조사 전 30일 고온 노출시간,0.0794,27,약함,0.0794,27,뚜렷한 방향 없음,0.0753,조사일 이전 기상과 상대위험의 연관성이며 인과관계나 발생확률이 아님
과심곰팡이,사과,강풍노출_30일,조사 전 30일 강풍 노출시간,-0.1036,27,약함,-0.1036,27,반대 방향,0.0983,조사일 이전 기상과 상대위험의 연관성이며 인과관계나 발생확률이 아님
과피얼룩병,배,기온평균_7일,조사 전 7일 평균기온,-0.0798,34,약함,-0.0798,34,뚜렷한 방향 없음,0.0798,조사일 이전 기상과 상대위험의 연관성이며 인과관계나 발생확률이 아님
과피얼룩병,배,기온평균_14일,조사 전 14일 평균기온,-0.1331,34,약함,-0.1331,34,반대 방향,0.1331,조사일 이전 기상과 상대위험의 연관성이며 인과관계나 발생확률이 아님
과피얼룩병,배,기온평균_30일,조사 전 30일 평균기온,-0.1863,34,약함,-0.1863,34,반대 방향,0.1863,조사일 이전 기상과 상대위험의 연관성이며 인과관계나 발생확률이 아님
과피얼룩병,배,기온최고_30일,조사 전 30일 최고기온,0.0356,34,약함,0.0356,34,뚜렷한 방향 없음,0.0356,조사일 이전 기상과 상대위험의 연관성이며 인과관계나 발생확률이 아님
과피얼룩병,배,습도평균_7일,조사 전 7일 평균습도,0.2395,34,약함,0.2395,34,같이 증가,0.2395,조사일 이전 기상과 상대위험의 연관성이며 인과관계나 발생확률이 아님
과피얼룩병,배,습도평균_14일,조사 전 14일 평균습도,0.2395,34,약함,0.2395,34,같이 증가,0.2395,조사일 이전 기상과 상대위험의 연관성이며 인과관계나 발생확률이 아님
과피얼룩병,배,습도평균_30일,조사 전 30일 평균습도,0.1331,34,약함,0.1331,34,같이 증가,0.1331,조사일 이전 기상과 상대위험의 연관성이며 인과관계나 발생확률이 아님
과피얼룩병,배,고습노출_30일,조사 전 30일 고습 노출시간,0.1686,34,약함,0.1686,34,같이 증가,0.1686,조사일 이전 기상과 상대위험의 연관성이며 인과관계나 발생확률이 아님
과피얼룩병,배,강수누적_7일,조사 전 7일 누적강수,,0,자료 부족,,0,뚜렷한 방향 없음,,조사일 이전 기상과 상대위험의 연관성이며 인과관계나 발생확률이 아님
과피얼룩병,배,강수누적_14일,조사 전 14일 누적강수,,0,자료 부족,,0,뚜렷한 방향 없음,,조사일 이전 기상과 상대위험의 연관성이며 인과관계나 발생확률이 아님
과피얼룩병,배,강수누적_30일,조사 전 30일 누적강수,,0,자료 부족,,0,뚜렷한 방향 없음,,조사일 이전 기상과 상대위험의 연관성이며 인과관계나 발생확률이 아님
과피얼룩병,배,풍속평균_30일,조사 전 30일 평균풍속,-0.2928,34,참고 가능,-0.2928,34,반대 방향,0.2928,조사일 이전 기상과 상대위험의 연관성이며 인과관계나 발생확률이 아님
과피얼룩병,배,풍속최대_30일,조사 전 30일 최대풍속,-0.1509,34,약함,-0.1509,34,반대 방향,0.1509,조사일 이전 기상과 상대위험의 연관성이며 인과관계나 발생확률이 아님
과피얼룩병,배,고온노출_30일,조사 전 30일 고온 노출시간,-0.0266,34,약함,-0.0266,34,뚜렷한 방향 없음,0.0266,조사일 이전 기상과 상대위험의 연관성이며 인과관계나 발생확률이 아님
과피얼룩병,배,강풍노출_30일,조사 전 30일 강풍 노출시간,-0.184,34,약함,-0.184,34,반대 방향,0.184,조사일 이전 기상과 상대위험의 연관성이며 인과관계나 발생확률이 아님
궤양병,감귤,기온평균_7일,조사 전 7일 평균기온,,7,자료 부족,,0,뚜렷한 방향 없음,,조사일 이전 기상과 상대위험의 연관성이며 인과관계나 발생확률이 아님
궤양병,감귤,기온평균_14일,조사 전 14일 평균기온,,7,자료 부족,,0,뚜렷한 방향 없음,,조사일 이전 기상과 상대위험의 연관성이며 인과관계나 발생확률이 아님
궤양병,감귤,기온평균_30일,조사 전 30일 평균기온,,7,자료 부족,,0,뚜렷한 방향 없음,,조사일 이전 기상과 상대위험의 연관성이며 인과관계나 발생확률이 아님
궤양병,감귤,기온최고_30일,조사 전 30일 최고기온,,7,자료 부족,,0,뚜렷한 방향 없음,,조사일 이전 기상과 상대위험의 연관성이며 인과관계나 발생확률이 아님
궤양병,감귤,습도평균_7일,조사 전 7일 평균습도,,7,자료 부족,,0,뚜렷한 방향 없음,,조사일 이전 기상과 상대위험의 연관성이며 인과관계나 발생확률이 아님
궤양병,감귤,습도평균_14일,조사 전 14일 평균습도,,7,자료 부족,,0,뚜렷한 방향 없음,,조사일 이전 기상과 상대위험의 연관성이며 인과관계나 발생확률이 아님
궤양병,감귤,습도평균_30일,조사 전 30일 평균습도,,7,자료 부족,,0,뚜렷한 방향 없음,,조사일 이전 기상과 상대위험의 연관성이며 인과관계나 발생확률이 아님
궤양병,감귤,고습노출_30일,조사 전 30일 고습 노출시간,,7,자료 부족,,0,뚜렷한 방향 없음,,조사일 이전 기상과 상대위험의 연관성이며 인과관계나 발생확률이 아님
궤양병,감귤,강수누적_7일,조사 전 7일 누적강수,,0,자료 부족,,0,뚜렷한 방향 없음,,조사일 이전 기상과 상대위험의 연관성이며 인과관계나 발생확률이 아님
궤양병,감귤,강수누적_14일,조사 전 14일 누적강수,,0,자료 부족,,0,뚜렷한 방향 없음,,조사일 이전 기상과 상대위험의 연관성이며 인과관계나 발생확률이 아님
궤양병,감귤,강수누적_30일,조사 전 30일 누적강수,,1,자료 부족,,0,뚜렷한 방향 없음,,조사일 이전 기상과 상대위험의 연관성이며 인과관계나 발생확률이 아님
궤양병,감귤,풍속평균_30일,조사 전 30일 평균풍속,,7,자료 부족,,0,뚜렷한 방향 없음,,조사일 이전 기상과 상대위험의 연관성이며 인과관계나 발생확률이 아님
궤양병,감귤,풍속최대_30일,조사 전 30일 최대풍속,,7,자료 부족,,0,뚜렷한 방향 없음,,조사일 이전 기상과 상대위험의 연관성이며 인과관계나 발생확률이 아님
궤양병,감귤,고온노출_30일,조사 전 30일 고온 노출시간,,7,자료 부족,,0,뚜렷한 방향 없음,,조사일 이전 기상과 상대위험의 연관성이며 인과관계나 발생확률이 아님
궤양병,감귤,강풍노출_30일,조사 전 30일 강풍 노출시간,,7,자료 부족,,0,뚜렷한 방향 없음,,조사일 이전 기상과 상대위험의 연관성이며 인과관계나 발생확률이 아님
귤굴나방,감귤,기온평균_7일,조사 전 7일 평균기온,,7,자료 부족,,0,뚜렷한 방향 없음,,조사일 이전 기상과 상대위험의 연관성이며 인과관계나 발생확률이 아님
귤굴나방,감귤,기온평균_14일,조사 전 14일 평균기온,,7,자료 부족,,0,뚜렷한 방향 없음,,조사일 이전 기상과 상대위험의 연관성이며 인과관계나 발생확률이 아님
귤굴나방,감귤,기온평균_30일,조사 전 30일 평균기온,,7,자료 부족,,0,뚜렷한 방향 없음,,조사일 이전 기상과 상대위험의 연관성이며 인과관계나 발생확률이 아님
귤굴나방,감귤,기온최고_30일,조사 전 30일 최고기온,,7,자료 부족,,0,뚜렷한 방향 없음,,조사일 이전 기상과 상대위험의 연관성이며 인과관계나 발생확률이 아님
귤굴나방,감귤,습도평균_7일,조사 전 7일 평균습도,,7,자료 부족,,0,뚜렷한 방향 없음,,조사일 이전 기상과 상대위험의 연관성이며 인과관계나 발생확률이 아님
귤굴나방,감귤,습도평균_14일,조사 전 14일 평균습도,,7,자료 부족,,0,뚜렷한 방향 없음,,조사일 이전 기상과 상대위험의 연관성이며 인과관계나 발생확률이 아님
귤굴나방,감귤,습도평균_30일,조사 전 30일 평균습도,,7,자료 부족,,0,뚜렷한 방향 없음,,조사일 이전 기상과 상대위험의 연관성이며 인과관계나 발생확률이 아님
귤굴나방,감귤,고습노출_30일,조사 전 30일 고습 노출시간,,7,자료 부족,,0,뚜렷한 방향 없음,,조사일 이전 기상과 상대위험의 연관성이며 인과관계나 발생확률이 아님
귤굴나방,감귤,강수누적_7일,조사 전 7일 누적강수,,0,자료 부족,,0,뚜렷한 방향 없음,,조사일 이전 기상과 상대위험의 연관성이며 인과관계나 발생확률이 아님
귤굴나방,감귤,강수누적_14일,조사 전 14일 누적강수,,0,자료 부족,,0,뚜렷한 방향 없음,,조사일 이전 기상과 상대위험의 연관성이며 인과관계나 발생확률이 아님
귤굴나방,감귤,강수누적_30일,조사 전 30일 누적강수,,1,자료 부족,,0,뚜렷한 방향 없음,,조사일 이전 기상과 상대위험의 연관성이며 인과관계나 발생확률이 아님
귤굴나방,감귤,풍속평균_30일,조사 전 30일 평균풍속,,7,자료 부족,,0,뚜렷한 방향 없음,,조사일 이전 기상과 상대위험의 연관성이며 인과관계나 발생확률이 아님
귤굴나방,감귤,풍속최대_30일,조사 전 30일 최대풍속,,7,자료 부족,,0,뚜렷한 방향 없음,,조사일 이전 기상과 상대위험의 연관성이며 인과관계나 발생확률이 아님
귤굴나방,감귤,고온노출_30일,조사 전 30일 고온 노출시간,,7,자료 부족,,0,뚜렷한 방향 없음,,조사일 이전 기상과 상대위험의 연관성이며 인과관계나 발생확률이 아님
귤굴나방,감귤,강풍노출_30일,조사 전 30일 강풍 노출시간,,7,자료 부족,,0,뚜렷한 방향 없음,,조사일 이전 기상과 상대위험의 연관성이며 인과관계나 발생확률이 아님
귤응애,감귤,기온평균_7일,조사 전 7일 평균기온,,7,자료 부족,,0,뚜렷한 방향 없음,,조사일 이전 기상과 상대위험의 연관성이며 인과관계나 발생확률이 아님
귤응애,감귤,기온평균_14일,조사 전 14일 평균기온,,7,자료 부족,,0,뚜렷한 방향 없음,,조사일 이전 기상과 상대위험의 연관성이며 인과관계나 발생확률이 아님
귤응애,감귤,기온평균_30일,조사 전 30일 평균기온,,7,자료 부족,,0,뚜렷한 방향 없음,,조사일 이전 기상과 상대위험의 연관성이며 인과관계나 발생확률이 아님
귤응애,감귤,기온최고_30일,조사 전 30일 최고기온,,7,자료 부족,,0,뚜렷한 방향 없음,,조사일 이전 기상과 상대위험의 연관성이며 인과관계나 발생확률이 아님
귤응애,감귤,습도평균_7일,조사 전 7일 평균습도,,7,자료 부족,,0,뚜렷한 방향 없음,,조사일 이전 기상과 상대위험의 연관성이며 인과관계나 발생확률이 아님
귤응애,감귤,습도평균_14일,조사 전 14일 평균습도,,7,자료 부족,,0,뚜렷한 방향 없음,,조사일 이전 기상과 상대위험의 연관성이며 인과관계나 발생확률이 아님
귤응애,감귤,습도평균_30일,조사 전 30일 평균습도,,7,자료 부족,,0,뚜렷한 방향 없음,,조사일 이전 기상과 상대위험의 연관성이며 인과관계나 발생확률이 아님
귤응애,감귤,고습노출_30일,조사 전 30일 고습 노출시간,,7,자료 부족,,0,뚜렷한 방향 없음,,조사일 이전 기상과 상대위험의 연관성이며 인과관계나 발생확률이 아님
귤응애,감귤,강수누적_7일,조사 전 7일 누적강수,,0,자료 부족,,0,뚜렷한 방향 없음,,조사일 이전 기상과 상대위험의 연관성이며 인과관계나 발생확률이 아님
귤응애,감귤,강수누적_14일,조사 전 14일 누적강수,,0,자료 부족,,0,뚜렷한 방향 없음,,조사일 이전 기상과 상대위험의 연관성이며 인과관계나 발생확률이 아님
귤응애,감귤,강수누적_30일,조사 전 30일 누적강수,,1,자료 부족,,0,뚜렷한 방향 없음,,조사일 이전 기상과 상대위험의 연관성이며 인과관계나 발생확률이 아님
귤응애,감귤,풍속평균_30일,조사 전 30일 평균풍속,,7,자료 부족,,0,뚜렷한 방향 없음,,조사일 이전 기상과 상대위험의 연관성이며 인과관계나 발생확률이 아님
귤응애,감귤,풍속최대_30일,조사 전 30일 최대풍속,,7,자료 부족,,0,뚜렷한 방향 없음,,조사일 이전 기상과 상대위험의 연관성이며 인과관계나 발생확률이 아님
귤응애,감귤,고온노출_30일,조사 전 30일 고온 노출시간,,7,자료 부족,,0,뚜렷한 방향 없음,,조사일 이전 기상과 상대위험의 연관성이며 인과관계나 발생확률이 아님
귤응애,감귤,강풍노출_30일,조사 전 30일 강풍 노출시간,,7,자료 부족,,0,뚜렷한 방향 없음,,조사일 이전 기상과 상대위험의 연관성이며 인과관계나 발생확률이 아님
그을음병,사과,기온평균_7일,조사 전 7일 평균기온,,27,자료 부족,,27,뚜렷한 방향 없음,,조사일 이전 기상과 상대위험의 연관성이며 인과관계나 발생확률이 아님
그을음병,사과,기온평균_14일,조사 전 14일 평균기온,,27,자료 부족,,27,뚜렷한 방향 없음,,조사일 이전 기상과 상대위험의 연관성이며 인과관계나 발생확률이 아님
그을음병,사과,기온평균_30일,조사 전 30일 평균기온,,27,자료 부족,,27,뚜렷한 방향 없음,,조사일 이전 기상과 상대위험의 연관성이며 인과관계나 발생확률이 아님
그을음병,사과,기온최고_30일,조사 전 30일 최고기온,,27,자료 부족,,27,뚜렷한 방향 없음,,조사일 이전 기상과 상대위험의 연관성이며 인과관계나 발생확률이 아님
그을음병,사과,습도평균_7일,조사 전 7일 평균습도,,27,자료 부족,,27,뚜렷한 방향 없음,,조사일 이전 기상과 상대위험의 연관성이며 인과관계나 발생확률이 아님
그을음병,사과,습도평균_14일,조사 전 14일 평균습도,,27,자료 부족,,27,뚜렷한 방향 없음,,조사일 이전 기상과 상대위험의 연관성이며 인과관계나 발생확률이 아님
그을음병,사과,습도평균_30일,조사 전 30일 평균습도,,27,자료 부족,,27,뚜렷한 방향 없음,,조사일 이전 기상과 상대위험의 연관성이며 인과관계나 발생확률이 아님
그을음병,사과,고습노출_30일,조사 전 30일 고습 노출시간,,27,자료 부족,,27,뚜렷한 방향 없음,,조사일 이전 기상과 상대위험의 연관성이며 인과관계나 발생확률이 아님
그을음병,사과,강수누적_7일,조사 전 7일 누적강수,,0,자료 부족,,0,뚜렷한 방향 없음,,조사일 이전 기상과 상대위험의 연관성이며 인과관계나 발생확률이 아님
그을음병,사과,강수누적_14일,조사 전 14일 누적강수,,0,자료 부족,,0,뚜렷한 방향 없음,,조사일 이전 기상과 상대위험의 연관성이며 인과관계나 발생확률이 아님
그을음병,사과,강수누적_30일,조사 전 30일 누적강수,,0,자료 부족,,0,뚜렷한 방향 없음,,조사일 이전 기상과 상대위험의 연관성이며 인과관계나 발생확률이 아님
그을음병,사과,풍속평균_30일,조사 전 30일 평균풍속,,27,자료 부족,,27,뚜렷한 방향 없음,,조사일 이전 기상과 상대위험의 연관성이며 인과관계나 발생확률이 아님
그을음병,사과,풍속최대_30일,조사 전 30일 최대풍속,,27,자료 부족,,27,뚜렷한 방향 없음,,조사일 이전 기상과 상대위험의 연관성이며 인과관계나 발생확률이 아님
그을음병,사과,고온노출_30일,조사 전 30일 고온 노출시간,,27,자료 부족,,27,뚜렷한 방향 없음,,조사일 이전 기상과 상대위험의 연관성이며 인과관계나 발생확률이 아님
그을음병,사과,강풍노출_30일,조사 전 30일 강풍 노출시간,,27,자료 부족,,27,뚜렷한 방향 없음,,조사일 이전 기상과 상대위험의 연관성이며 인과관계나 발생확률이 아님
깍지벌레,감귤,기온평균_7일,조사 전 7일 평균기온,,7,자료 부족,,0,뚜렷한 방향 없음,,조사일 이전 기상과 상대위험의 연관성이며 인과관계나 발생확률이 아님
깍지벌레,감귤,기온평균_14일,조사 전 14일 평균기온,,7,자료 부족,,0,뚜렷한 방향 없음,,조사일 이전 기상과 상대위험의 연관성이며 인과관계나 발생확률이 아님
깍지벌레,감귤,기온평균_30일,조사 전 30일 평균기온,,7,자료 부족,,0,뚜렷한 방향 없음,,조사일 이전 기상과 상대위험의 연관성이며 인과관계나 발생확률이 아님
깍지벌레,감귤,기온최고_30일,조사 전 30일 최고기온,,7,자료 부족,,0,뚜렷한 방향 없음,,조사일 이전 기상과 상대위험의 연관성이며 인과관계나 발생확률이 아님
깍지벌레,감귤,습도평균_7일,조사 전 7일 평균습도,,7,자료 부족,,0,뚜렷한 방향 없음,,조사일 이전 기상과 상대위험의 연관성이며 인과관계나 발생확률이 아님
깍지벌레,감귤,습도평균_14일,조사 전 14일 평균습도,,7,자료 부족,,0,뚜렷한 방향 없음,,조사일 이전 기상과 상대위험의 연관성이며 인과관계나 발생확률이 아님
깍지벌레,감귤,습도평균_30일,조사 전 30일 평균습도,,7,자료 부족,,0,뚜렷한 방향 없음,,조사일 이전 기상과 상대위험의 연관성이며 인과관계나 발생확률이 아님
깍지벌레,감귤,고습노출_30일,조사 전 30일 고습 노출시간,,7,자료 부족,,0,뚜렷한 방향 없음,,조사일 이전 기상과 상대위험의 연관성이며 인과관계나 발생확률이 아님
깍지벌레,감귤,강수누적_7일,조사 전 7일 누적강수,,0,자료 부족,,0,뚜렷한 방향 없음,,조사일 이전 기상과 상대위험의 연관성이며 인과관계나 발생확률이 아님
깍지벌레,감귤,강수누적_14일,조사 전 14일 누적강수,,0,자료 부족,,0,뚜렷한 방향 없음,,조사일 이전 기상과 상대위험의 연관성이며 인과관계나 발생확률이 아님
깍지벌레,감귤,강수누적_30일,조사 전 30일 누적강수,,1,자료 부족,,0,뚜렷한 방향 없음,,조사일 이전 기상과 상대위험의 연관성이며 인과관계나 발생확률이 아님
깍지벌레,감귤,풍속평균_30일,조사 전 30일 평균풍속,,7,자료 부족,,0,뚜렷한 방향 없음,,조사일 이전 기상과 상대위험의 연관성이며 인과관계나 발생확률이 아님
깍지벌레,감귤,풍속최대_30일,조사 전 30일 최대풍속,,7,자료 부족,,0,뚜렷한 방향 없음,,조사일 이전 기상과 상대위험의 연관성이며 인과관계나 발생확률이 아님
깍지벌레,감귤,고온노출_30일,조사 전 30일 고온 노출시간,,7,자료 부족,,0,뚜렷한 방향 없음,,조사일 이전 기상과 상대위험의 연관성이며 인과관계나 발생확률이 아님
깍지벌레,감귤,강풍노출_30일,조사 전 30일 강풍 노출시간,,7,자료 부족,,0,뚜렷한 방향 없음,,조사일 이전 기상과 상대위험의 연관성이며 인과관계나 발생확률이 아님
깍지벌레류,감,기온평균_7일,조사 전 7일 평균기온,0.3957,27,참고 가능,,0,같이 증가,0.3754,조사일 이전 기상과 상대위험의 연관성이며 인과관계나 발생확률이 아님
깍지벌레류,감,기온평균_14일,조사 전 14일 평균기온,0.4207,27,참고 가능,,0,같이 증가,0.3991,조사일 이전 기상과 상대위험의 연관성이며 인과관계나 발생확률이 아님
깍지벌레류,감,기온평균_30일,조사 전 30일 평균기온,0.4021,27,참고 가능,,0,같이 증가,0.3814,조사일 이전 기상과 상대위험의 연관성이며 인과관계나 발생확률이 아님
깍지벌레류,감,기온최고_30일,조사 전 30일 최고기온,0.4609,27,참고 가능,,0,같이 증가,0.4372,조사일 이전 기상과 상대위험의 연관성이며 인과관계나 발생확률이 아님
깍지벌레류,감,습도평균_7일,조사 전 7일 평균습도,0.0779,27,약함,,0,뚜렷한 방향 없음,0.0739,조사일 이전 기상과 상대위험의 연관성이며 인과관계나 발생확률이 아님
깍지벌레류,감,습도평균_14일,조사 전 14일 평균습도,0.1192,27,약함,,0,같이 증가,0.113,조사일 이전 기상과 상대위험의 연관성이며 인과관계나 발생확률이 아님
깍지벌레류,감,습도평균_30일,조사 전 30일 평균습도,0.1891,27,약함,,0,같이 증가,0.1794,조사일 이전 기상과 상대위험의 연관성이며 인과관계나 발생확률이 아님
깍지벌레류,감,고습노출_30일,조사 전 30일 고습 노출시간,0.245,27,약함,,0,같이 증가,0.2325,조사일 이전 기상과 상대위험의 연관성이며 인과관계나 발생확률이 아님
깍지벌레류,감,강수누적_7일,조사 전 7일 누적강수,,2,자료 부족,,0,뚜렷한 방향 없음,,조사일 이전 기상과 상대위험의 연관성이며 인과관계나 발생확률이 아님
깍지벌레류,감,강수누적_14일,조사 전 14일 누적강수,,4,자료 부족,,0,뚜렷한 방향 없음,,조사일 이전 기상과 상대위험의 연관성이며 인과관계나 발생확률이 아님
깍지벌레류,감,강수누적_30일,조사 전 30일 누적강수,,2,자료 부족,,0,뚜렷한 방향 없음,,조사일 이전 기상과 상대위험의 연관성이며 인과관계나 발생확률이 아님
깍지벌레류,감,풍속평균_30일,조사 전 30일 평균풍속,-0.0749,27,약함,,0,뚜렷한 방향 없음,0.071,조사일 이전 기상과 상대위험의 연관성이며 인과관계나 발생확률이 아님
깍지벌레류,감,풍속최대_30일,조사 전 30일 최대풍속,-0.0171,27,약함,,0,뚜렷한 방향 없음,0.0163,조사일 이전 기상과 상대위험의 연관성이며 인과관계나 발생확률이 아님
깍지벌레류,감,고온노출_30일,조사 전 30일 고온 노출시간,0.4558,27,참고 가능,,0,같이 증가,0.4324,조사일 이전 기상과 상대위험의 연관성이며 인과관계나 발생확률이 아님
깍지벌레류,감,강풍노출_30일,조사 전 30일 강풍 노출시간,-0.0857,27,약함,,0,뚜렷한 방향 없음,0.0813,조사일 이전 기상과 상대위험의 연관성이며 인과관계나 발생확률이 아님
깍지벌레류,배,기온평균_7일,조사 전 7일 평균기온,0.1413,135,약함,-0.0302,68,같이 증가,0.1413,조사일 이전 기상과 상대위험의 연관성이며 인과관계나 발생확률이 아님
깍지벌레류,배,기온평균_14일,조사 전 14일 평균기온,0.1323,135,약함,-0.0421,68,같이 증가,0.1323,조사일 이전 기상과 상대위험의 연관성이며 인과관계나 발생확률이 아님
깍지벌레류,배,기온평균_30일,조사 전 30일 평균기온,0.1462,135,약함,-0.0176,68,같이 증가,0.1462,조사일 이전 기상과 상대위험의 연관성이며 인과관계나 발생확률이 아님
깍지벌레류,배,기온최고_30일,조사 전 30일 최고기온,0.0666,135,약함,-0.1134,68,뚜렷한 방향 없음,0.0666,조사일 이전 기상과 상대위험의 연관성이며 인과관계나 발생확률이 아님
깍지벌레류,배,습도평균_7일,조사 전 7일 평균습도,0.1471,135,약함,0.1711,68,같이 증가,0.1471,조사일 이전 기상과 상대위험의 연관성이며 인과관계나 발생확률이 아님
깍지벌레류,배,습도평균_14일,조사 전 14일 평균습도,0.2008,135,약함,0.2286,68,같이 증가,0.2008,조사일 이전 기상과 상대위험의 연관성이며 인과관계나 발생확률이 아님
깍지벌레류,배,습도평균_30일,조사 전 30일 평균습도,0.2137,135,약함,0.2337,68,같이 증가,0.2137,조사일 이전 기상과 상대위험의 연관성이며 인과관계나 발생확률이 아님
깍지벌레류,배,고습노출_30일,조사 전 30일 고습 노출시간,0.1931,135,약함,0.183,68,같이 증가,0.1931,조사일 이전 기상과 상대위험의 연관성이며 인과관계나 발생확률이 아님
깍지벌레류,배,강수누적_7일,조사 전 7일 누적강수,,4,자료 부족,,0,뚜렷한 방향 없음,,조사일 이전 기상과 상대위험의 연관성이며 인과관계나 발생확률이 아님
깍지벌레류,배,강수누적_14일,조사 전 14일 누적강수,-0.6441,9,자료 부족,,0,반대 방향,0.3528,조사일 이전 기상과 상대위험의 연관성이며 인과관계나 발생확률이 아님
깍지벌레류,배,강수누적_30일,조사 전 30일 누적강수,,5,자료 부족,,0,뚜렷한 방향 없음,,조사일 이전 기상과 상대위험의 연관성이며 인과관계나 발생확률이 아님
깍지벌레류,배,풍속평균_30일,조사 전 30일 평균풍속,0.1429,135,약함,-0.1366,68,같이 증가,0.1429,조사일 이전 기상과 상대위험의 연관성이며 인과관계나 발생확률이 아님
깍지벌레류,배,풍속최대_30일,조사 전 30일 최대풍속,0.0936,135,약함,-0.0931,68,뚜렷한 방향 없음,0.0936,조사일 이전 기상과 상대위험의 연관성이며 인과관계나 발생확률이 아님
깍지벌레류,배,고온노출_30일,조사 전 30일 고온 노출시간,0.0935,135,약함,-0.0147,68,뚜렷한 방향 없음,0.0935,조사일 이전 기상과 상대위험의 연관성이며 인과관계나 발생확률이 아님
깍지벌레류,배,강풍노출_30일,조사 전 30일 강풍 노출시간,-0.0061,135,약함,-0.196,68,뚜렷한 방향 없음,0.0061,조사일 이전 기상과 상대위험의 연관성이며 인과관계나 발생확률이 아님
깜부기병,보리,기온평균_7일,조사 전 7일 평균기온,0.6644,36,비교적 뚜렷,,0,같이 증가,0.6644,조사일 이전 기상과 상대위험의 연관성이며 인과관계나 발생확률이 아님
깜부기병,보리,기온평균_14일,조사 전 14일 평균기온,0.6728,36,비교적 뚜렷,,0,같이 증가,0.6728,조사일 이전 기상과 상대위험의 연관성이며 인과관계나 발생확률이 아님
깜부기병,보리,기온평균_30일,조사 전 30일 평균기온,0.6595,36,비교적 뚜렷,,0,같이 증가,0.6595,조사일 이전 기상과 상대위험의 연관성이며 인과관계나 발생확률이 아님
깜부기병,보리,기온최고_30일,조사 전 30일 최고기온,0.6185,36,비교적 뚜렷,,0,같이 증가,0.6185,조사일 이전 기상과 상대위험의 연관성이며 인과관계나 발생확률이 아님
깜부기병,보리,습도평균_7일,조사 전 7일 평균습도,0.2539,36,참고 가능,,0,같이 증가,0.2539,조사일 이전 기상과 상대위험의 연관성이며 인과관계나 발생확률이 아님
깜부기병,보리,습도평균_14일,조사 전 14일 평균습도,0.2887,36,참고 가능,,0,같이 증가,0.2887,조사일 이전 기상과 상대위험의 연관성이며 인과관계나 발생확률이 아님
깜부기병,보리,습도평균_30일,조사 전 30일 평균습도,0.2934,36,참고 가능,,0,같이 증가,0.2934,조사일 이전 기상과 상대위험의 연관성이며 인과관계나 발생확률이 아님
깜부기병,보리,고습노출_30일,조사 전 30일 고습 노출시간,0.1997,36,약함,,0,같이 증가,0.1997,조사일 이전 기상과 상대위험의 연관성이며 인과관계나 발생확률이 아님
깜부기병,보리,강수누적_7일,조사 전 7일 누적강수,,0,자료 부족,,0,뚜렷한 방향 없음,,조사일 이전 기상과 상대위험의 연관성이며 인과관계나 발생확률이 아님
깜부기병,보리,강수누적_14일,조사 전 14일 누적강수,,0,자료 부족,,0,뚜렷한 방향 없음,,조사일 이전 기상과 상대위험의 연관성이며 인과관계나 발생확률이 아님
깜부기병,보리,강수누적_30일,조사 전 30일 누적강수,,0,자료 부족,,0,뚜렷한 방향 없음,,조사일 이전 기상과 상대위험의 연관성이며 인과관계나 발생확률이 아님
깜부기병,보리,풍속평균_30일,조사 전 30일 평균풍속,-0.01,36,약함,,0,뚜렷한 방향 없음,0.01,조사일 이전 기상과 상대위험의 연관성이며 인과관계나 발생확률이 아님
깜부기병,보리,풍속최대_30일,조사 전 30일 최대풍속,0.0088,36,약함,,0,뚜렷한 방향 없음,0.0088,조사일 이전 기상과 상대위험의 연관성이며 인과관계나 발생확률이 아님
깜부기병,보리,고온노출_30일,조사 전 30일 고온 노출시간,0.6147,36,비교적 뚜렷,,0,같이 증가,0.6147,조사일 이전 기상과 상대위험의 연관성이며 인과관계나 발생확률이 아님
깜부기병,보리,강풍노출_30일,조사 전 30일 강풍 노출시간,-0.0771,36,약함,,0,뚜렷한 방향 없음,0.0771,조사일 이전 기상과 상대위험의 연관성이며 인과관계나 발생확률이 아님
깨씨무늬병,논벼,기온평균_7일,조사 전 7일 평균기온,0.2853,444,참고 가능,,112,같이 증가,0.2853,조사일 이전 기상과 상대위험의 연관성이며 인과관계나 발생확률이 아님
깨씨무늬병,논벼,기온평균_14일,조사 전 14일 평균기온,0.2207,444,약함,,112,같이 증가,0.2207,조사일 이전 기상과 상대위험의 연관성이며 인과관계나 발생확률이 아님
깨씨무늬병,논벼,기온평균_30일,조사 전 30일 평균기온,0.2254,444,약함,,112,같이 증가,0.2254,조사일 이전 기상과 상대위험의 연관성이며 인과관계나 발생확률이 아님
깨씨무늬병,논벼,기온최고_30일,조사 전 30일 최고기온,0.1801,444,약함,,112,같이 증가,0.1801,조사일 이전 기상과 상대위험의 연관성이며 인과관계나 발생확률이 아님
깨씨무늬병,논벼,습도평균_7일,조사 전 7일 평균습도,0.2764,444,참고 가능,,112,같이 증가,0.2764,조사일 이전 기상과 상대위험의 연관성이며 인과관계나 발생확률이 아님
깨씨무늬병,논벼,습도평균_14일,조사 전 14일 평균습도,0.3232,444,참고 가능,,112,같이 증가,0.3232,조사일 이전 기상과 상대위험의 연관성이며 인과관계나 발생확률이 아님
깨씨무늬병,논벼,습도평균_30일,조사 전 30일 평균습도,0.3695,444,참고 가능,,112,같이 증가,0.3695,조사일 이전 기상과 상대위험의 연관성이며 인과관계나 발생확률이 아님
깨씨무늬병,논벼,고습노출_30일,조사 전 30일 고습 노출시간,0.3751,444,참고 가능,,112,같이 증가,0.3751,조사일 이전 기상과 상대위험의 연관성이며 인과관계나 발생확률이 아님
깨씨무늬병,논벼,강수누적_7일,조사 전 7일 누적강수,-0.2037,28,약함,,0,반대 방향,0.1968,조사일 이전 기상과 상대위험의 연관성이며 인과관계나 발생확률이 아님
깨씨무늬병,논벼,강수누적_14일,조사 전 14일 누적강수,-0.1739,40,약함,,0,반대 방향,0.1739,조사일 이전 기상과 상대위험의 연관성이며 인과관계나 발생확률이 아님
깨씨무늬병,논벼,강수누적_30일,조사 전 30일 누적강수,0.5169,24,참고 가능,,0,같이 증가,0.4623,조사일 이전 기상과 상대위험의 연관성이며 인과관계나 발생확률이 아님
깨씨무늬병,논벼,풍속평균_30일,조사 전 30일 평균풍속,0.0919,444,약함,,112,뚜렷한 방향 없음,0.0919,조사일 이전 기상과 상대위험의 연관성이며 인과관계나 발생확률이 아님
깨씨무늬병,논벼,풍속최대_30일,조사 전 30일 최대풍속,0.2074,444,약함,,112,같이 증가,0.2074,조사일 이전 기상과 상대위험의 연관성이며 인과관계나 발생확률이 아님
깨씨무늬병,논벼,고온노출_30일,조사 전 30일 고온 노출시간,0.1883,444,약함,,112,같이 증가,0.1883,조사일 이전 기상과 상대위험의 연관성이며 인과관계나 발생확률이 아님
깨씨무늬병,논벼,강풍노출_30일,조사 전 30일 강풍 노출시간,0.2271,444,약함,,112,같이 증가,0.2271,조사일 이전 기상과 상대위험의 연관성이며 인과관계나 발생확률이 아님
꼬마배나무이,배,기온평균_7일,조사 전 7일 평균기온,,34,자료 부족,,34,뚜렷한 방향 없음,,조사일 이전 기상과 상대위험의 연관성이며 인과관계나 발생확률이 아님
꼬마배나무이,배,기온평균_14일,조사 전 14일 평균기온,,34,자료 부족,,34,뚜렷한 방향 없음,,조사일 이전 기상과 상대위험의 연관성이며 인과관계나 발생확률이 아님
꼬마배나무이,배,기온평균_30일,조사 전 30일 평균기온,,34,자료 부족,,34,뚜렷한 방향 없음,,조사일 이전 기상과 상대위험의 연관성이며 인과관계나 발생확률이 아님
꼬마배나무이,배,기온최고_30일,조사 전 30일 최고기온,,34,자료 부족,,34,뚜렷한 방향 없음,,조사일 이전 기상과 상대위험의 연관성이며 인과관계나 발생확률이 아님
꼬마배나무이,배,습도평균_7일,조사 전 7일 평균습도,,34,자료 부족,,34,뚜렷한 방향 없음,,조사일 이전 기상과 상대위험의 연관성이며 인과관계나 발생확률이 아님
꼬마배나무이,배,습도평균_14일,조사 전 14일 평균습도,,34,자료 부족,,34,뚜렷한 방향 없음,,조사일 이전 기상과 상대위험의 연관성이며 인과관계나 발생확률이 아님
꼬마배나무이,배,습도평균_30일,조사 전 30일 평균습도,,34,자료 부족,,34,뚜렷한 방향 없음,,조사일 이전 기상과 상대위험의 연관성이며 인과관계나 발생확률이 아님
꼬마배나무이,배,고습노출_30일,조사 전 30일 고습 노출시간,,34,자료 부족,,34,뚜렷한 방향 없음,,조사일 이전 기상과 상대위험의 연관성이며 인과관계나 발생확률이 아님
꼬마배나무이,배,강수누적_7일,조사 전 7일 누적강수,,0,자료 부족,,0,뚜렷한 방향 없음,,조사일 이전 기상과 상대위험의 연관성이며 인과관계나 발생확률이 아님
꼬마배나무이,배,강수누적_14일,조사 전 14일 누적강수,,0,자료 부족,,0,뚜렷한 방향 없음,,조사일 이전 기상과 상대위험의 연관성이며 인과관계나 발생확률이 아님
꼬마배나무이,배,강수누적_30일,조사 전 30일 누적강수,,0,자료 부족,,0,뚜렷한 방향 없음,,조사일 이전 기상과 상대위험의 연관성이며 인과관계나 발생확률이 아님
꼬마배나무이,배,풍속평균_30일,조사 전 30일 평균풍속,,34,자료 부족,,34,뚜렷한 방향 없음,,조사일 이전 기상과 상대위험의 연관성이며 인과관계나 발생확률이 아님
꼬마배나무이,배,풍속최대_30일,조사 전 30일 최대풍속,,34,자료 부족,,34,뚜렷한 방향 없음,,조사일 이전 기상과 상대위험의 연관성이며 인과관계나 발생확률이 아님
꼬마배나무이,배,고온노출_30일,조사 전 30일 고온 노출시간,,34,자료 부족,,34,뚜렷한 방향 없음,,조사일 이전 기상과 상대위험의 연관성이며 인과관계나 발생확률이 아님
꼬마배나무이,배,강풍노출_30일,조사 전 30일 강풍 노출시간,,34,자료 부족,,34,뚜렷한 방향 없음,,조사일 이전 기상과 상대위험의 연관성이며 인과관계나 발생확률이 아님
꽃노랑총채벌레,고추,기온평균_7일,조사 전 7일 평균기온,0.0133,52,약함,0.0133,52,뚜렷한 방향 없음,0.0133,조사일 이전 기상과 상대위험의 연관성이며 인과관계나 발생확률이 아님
꽃노랑총채벌레,고추,기온평균_14일,조사 전 14일 평균기온,-0.0566,50,약함,-0.0566,50,뚜렷한 방향 없음,0.0566,조사일 이전 기상과 상대위험의 연관성이며 인과관계나 발생확률이 아님
꽃노랑총채벌레,고추,기온평균_30일,조사 전 30일 평균기온,0.0283,50,약함,0.0283,50,뚜렷한 방향 없음,0.0283,조사일 이전 기상과 상대위험의 연관성이며 인과관계나 발생확률이 아님
꽃노랑총채벌레,고추,기온최고_30일,조사 전 30일 최고기온,0.0,50,약함,0.0,50,뚜렷한 방향 없음,0.0,조사일 이전 기상과 상대위험의 연관성이며 인과관계나 발생확률이 아님
꽃노랑총채벌레,고추,습도평균_7일,조사 전 7일 평균습도,0.2267,52,약함,0.2267,52,같이 증가,0.2267,조사일 이전 기상과 상대위험의 연관성이며 인과관계나 발생확률이 아님
꽃노랑총채벌레,고추,습도평균_14일,조사 전 14일 평균습도,0.0283,50,약함,0.0283,50,뚜렷한 방향 없음,0.0283,조사일 이전 기상과 상대위험의 연관성이며 인과관계나 발생확률이 아님
꽃노랑총채벌레,고추,습도평균_30일,조사 전 30일 평균습도,-0.0566,50,약함,-0.0566,50,뚜렷한 방향 없음,0.0566,조사일 이전 기상과 상대위험의 연관성이며 인과관계나 발생확률이 아님
꽃노랑총채벌레,고추,고습노출_30일,조사 전 30일 고습 노출시간,-0.1415,50,약함,-0.1415,50,반대 방향,0.1415,조사일 이전 기상과 상대위험의 연관성이며 인과관계나 발생확률이 아님
꽃노랑총채벌레,고추,강수누적_7일,조사 전 7일 누적강수,,0,자료 부족,,0,뚜렷한 방향 없음,,조사일 이전 기상과 상대위험의 연관성이며 인과관계나 발생확률이 아님
꽃노랑총채벌레,고추,강수누적_14일,조사 전 14일 누적강수,,0,자료 부족,,0,뚜렷한 방향 없음,,조사일 이전 기상과 상대위험의 연관성이며 인과관계나 발생확률이 아님
꽃노랑총채벌레,고추,강수누적_30일,조사 전 30일 누적강수,,0,자료 부족,,0,뚜렷한 방향 없음,,조사일 이전 기상과 상대위험의 연관성이며 인과관계나 발생확률이 아님
꽃노랑총채벌레,고추,풍속평균_30일,조사 전 30일 평균풍속,0.1132,50,약함,0.1132,50,같이 증가,0.1132,조사일 이전 기상과 상대위험의 연관성이며 인과관계나 발생확률이 아님
꽃노랑총채벌레,고추,풍속최대_30일,조사 전 30일 최대풍속,0.2695,50,참고 가능,0.2695,50,같이 증가,0.2695,조사일 이전 기상과 상대위험의 연관성이며 인과관계나 발생확률이 아님
꽃노랑총채벌레,고추,고온노출_30일,조사 전 30일 고온 노출시간,0.0283,50,약함,0.0283,50,뚜렷한 방향 없음,0.0283,조사일 이전 기상과 상대위험의 연관성이며 인과관계나 발생확률이 아님
꽃노랑총채벌레,고추,강풍노출_30일,조사 전 30일 강풍 노출시간,0.1421,50,약함,0.1421,50,같이 증가,0.1421,조사일 이전 기상과 상대위험의 연관성이며 인과관계나 발생확률이 아님
꽃매미,포도,기온평균_7일,조사 전 7일 평균기온,0.2094,171,약함,-0.0339,108,같이 증가,0.2094,조사일 이전 기상과 상대위험의 연관성이며 인과관계나 발생확률이 아님
꽃매미,포도,기온평균_14일,조사 전 14일 평균기온,0.2073,171,약함,-0.0131,108,같이 증가,0.2073,조사일 이전 기상과 상대위험의 연관성이며 인과관계나 발생확률이 아님
꽃매미,포도,기온평균_30일,조사 전 30일 평균기온,0.1994,171,약함,-0.0497,108,같이 증가,0.1994,조사일 이전 기상과 상대위험의 연관성이며 인과관계나 발생확률이 아님
꽃매미,포도,기온최고_30일,조사 전 30일 최고기온,0.2033,171,약함,-0.0853,108,같이 증가,0.2033,조사일 이전 기상과 상대위험의 연관성이며 인과관계나 발생확률이 아님
꽃매미,포도,습도평균_7일,조사 전 7일 평균습도,0.1745,171,약함,0.0788,108,같이 증가,0.1745,조사일 이전 기상과 상대위험의 연관성이며 인과관계나 발생확률이 아님
꽃매미,포도,습도평균_14일,조사 전 14일 평균습도,0.1611,171,약함,0.0647,108,같이 증가,0.1611,조사일 이전 기상과 상대위험의 연관성이며 인과관계나 발생확률이 아님
꽃매미,포도,습도평균_30일,조사 전 30일 평균습도,0.0754,171,약함,-0.0393,108,뚜렷한 방향 없음,0.0754,조사일 이전 기상과 상대위험의 연관성이며 인과관계나 발생확률이 아님
꽃매미,포도,고습노출_30일,조사 전 30일 고습 노출시간,0.0912,171,약함,-0.0228,108,뚜렷한 방향 없음,0.0912,조사일 이전 기상과 상대위험의 연관성이며 인과관계나 발생확률이 아님
꽃매미,포도,강수누적_7일,조사 전 7일 누적강수,,3,자료 부족,,0,뚜렷한 방향 없음,,조사일 이전 기상과 상대위험의 연관성이며 인과관계나 발생확률이 아님
꽃매미,포도,강수누적_14일,조사 전 14일 누적강수,,7,자료 부족,,0,뚜렷한 방향 없음,,조사일 이전 기상과 상대위험의 연관성이며 인과관계나 발생확률이 아님
꽃매미,포도,강수누적_30일,조사 전 30일 누적강수,,3,자료 부족,,0,뚜렷한 방향 없음,,조사일 이전 기상과 상대위험의 연관성이며 인과관계나 발생확률이 아님
꽃매미,포도,풍속평균_30일,조사 전 30일 평균풍속,-0.1942,171,약함,-0.2594,108,반대 방향,0.1942,조사일 이전 기상과 상대위험의 연관성이며 인과관계나 발생확률이 아님
꽃매미,포도,풍속최대_30일,조사 전 30일 최대풍속,-0.0324,171,약함,-0.1613,108,뚜렷한 방향 없음,0.0324,조사일 이전 기상과 상대위험의 연관성이며 인과관계나 발생확률이 아님
꽃매미,포도,고온노출_30일,조사 전 30일 고온 노출시간,0.2593,171,참고 가능,-0.0393,108,같이 증가,0.2593,조사일 이전 기상과 상대위험의 연관성이며 인과관계나 발생확률이 아님
꽃매미,포도,강풍노출_30일,조사 전 30일 강풍 노출시간,-0.0725,171,약함,-0.1767,108,뚜렷한 방향 없음,0.0725,조사일 이전 기상과 상대위험의 연관성이며 인과관계나 발생확률이 아님
끝동매미충,논벼,기온평균_7일,조사 전 7일 평균기온,0.225,444,약함,0.1228,112,같이 증가,0.225,조사일 이전 기상과 상대위험의 연관성이며 인과관계나 발생확률이 아님
끝동매미충,논벼,기온평균_14일,조사 전 14일 평균기온,0.1684,444,약함,0.1621,112,같이 증가,0.1684,조사일 이전 기상과 상대위험의 연관성이며 인과관계나 발생확률이 아님
끝동매미충,논벼,기온평균_30일,조사 전 30일 평균기온,0.1403,444,약함,0.2006,112,같이 증가,0.1403,조사일 이전 기상과 상대위험의 연관성이며 인과관계나 발생확률이 아님
끝동매미충,논벼,기온최고_30일,조사 전 30일 최고기온,0.1643,444,약함,0.2301,112,같이 증가,0.1643,조사일 이전 기상과 상대위험의 연관성이며 인과관계나 발생확률이 아님
끝동매미충,논벼,습도평균_7일,조사 전 7일 평균습도,0.2106,444,약함,0.1904,112,같이 증가,0.2106,조사일 이전 기상과 상대위험의 연관성이며 인과관계나 발생확률이 아님
끝동매미충,논벼,습도평균_14일,조사 전 14일 평균습도,0.2517,444,참고 가능,0.2002,112,같이 증가,0.2517,조사일 이전 기상과 상대위험의 연관성이며 인과관계나 발생확률이 아님
끝동매미충,논벼,습도평균_30일,조사 전 30일 평균습도,0.275,444,참고 가능,0.2305,112,같이 증가,0.275,조사일 이전 기상과 상대위험의 연관성이며 인과관계나 발생확률이 아님
끝동매미충,논벼,고습노출_30일,조사 전 30일 고습 노출시간,0.2807,444,참고 가능,0.1914,112,같이 증가,0.2807,조사일 이전 기상과 상대위험의 연관성이며 인과관계나 발생확률이 아님
끝동매미충,논벼,강수누적_7일,조사 전 7일 누적강수,-0.5422,28,참고 가능,,0,반대 방향,0.5238,조사일 이전 기상과 상대위험의 연관성이며 인과관계나 발생확률이 아님
끝동매미충,논벼,강수누적_14일,조사 전 14일 누적강수,-0.5467,40,비교적 뚜렷,,0,반대 방향,0.5467,조사일 이전 기상과 상대위험의 연관성이며 인과관계나 발생확률이 아님
끝동매미충,논벼,강수누적_30일,조사 전 30일 누적강수,-0.726,24,참고 가능,,0,반대 방향,0.6494,조사일 이전 기상과 상대위험의 연관성이며 인과관계나 발생확률이 아님
끝동매미충,논벼,풍속평균_30일,조사 전 30일 평균풍속,0.0528,444,약함,-0.0666,112,뚜렷한 방향 없음,0.0528,조사일 이전 기상과 상대위험의 연관성이며 인과관계나 발생확률이 아님
끝동매미충,논벼,풍속최대_30일,조사 전 30일 최대풍속,0.2427,444,약함,-0.0371,112,같이 증가,0.2427,조사일 이전 기상과 상대위험의 연관성이며 인과관계나 발생확률이 아님
끝동매미충,논벼,고온노출_30일,조사 전 30일 고온 노출시간,0.0889,444,약함,0.122,112,뚜렷한 방향 없음,0.0889,조사일 이전 기상과 상대위험의 연관성이며 인과관계나 발생확률이 아님
끝동매미충,논벼,강풍노출_30일,조사 전 30일 강풍 노출시간,0.2107,444,약함,-0.0584,112,같이 증가,0.2107,조사일 이전 기상과 상대위험의 연관성이며 인과관계나 발생확률이 아님
나무좀,사과,기온평균_7일,조사 전 7일 평균기온,-0.1128,27,약함,-0.1128,27,반대 방향,0.107,조사일 이전 기상과 상대위험의 연관성이며 인과관계나 발생확률이 아님
나무좀,사과,기온평균_14일,조사 전 14일 평균기온,-0.0967,27,약함,-0.0967,27,뚜렷한 방향 없음,0.0918,조사일 이전 기상과 상대위험의 연관성이며 인과관계나 발생확률이 아님
나무좀,사과,기온평균_30일,조사 전 30일 평균기온,-0.1008,27,약함,-0.1008,27,반대 방향,0.0957,조사일 이전 기상과 상대위험의 연관성이며 인과관계나 발생확률이 아님
나무좀,사과,기온최고_30일,조사 전 30일 최고기온,-0.045,27,약함,-0.045,27,뚜렷한 방향 없음,0.0427,조사일 이전 기상과 상대위험의 연관성이며 인과관계나 발생확률이 아님
나무좀,사과,습도평균_7일,조사 전 7일 평균습도,0.1396,27,약함,0.1396,27,같이 증가,0.1324,조사일 이전 기상과 상대위험의 연관성이며 인과관계나 발생확률이 아님
나무좀,사과,습도평균_14일,조사 전 14일 평균습도,0.1804,27,약함,0.1804,27,같이 증가,0.1711,조사일 이전 기상과 상대위험의 연관성이며 인과관계나 발생확률이 아님
나무좀,사과,습도평균_30일,조사 전 30일 평균습도,0.202,27,약함,0.202,27,같이 증가,0.1916,조사일 이전 기상과 상대위험의 연관성이며 인과관계나 발생확률이 아님
나무좀,사과,고습노출_30일,조사 전 30일 고습 노출시간,0.1739,27,약함,0.1739,27,같이 증가,0.165,조사일 이전 기상과 상대위험의 연관성이며 인과관계나 발생확률이 아님
나무좀,사과,강수누적_7일,조사 전 7일 누적강수,,0,자료 부족,,0,뚜렷한 방향 없음,,조사일 이전 기상과 상대위험의 연관성이며 인과관계나 발생확률이 아님
나무좀,사과,강수누적_14일,조사 전 14일 누적강수,,0,자료 부족,,0,뚜렷한 방향 없음,,조사일 이전 기상과 상대위험의 연관성이며 인과관계나 발생확률이 아님
나무좀,사과,강수누적_30일,조사 전 30일 누적강수,,0,자료 부족,,0,뚜렷한 방향 없음,,조사일 이전 기상과 상대위험의 연관성이며 인과관계나 발생확률이 아님
나무좀,사과,풍속평균_30일,조사 전 30일 평균풍속,-0.2051,27,약함,-0.2051,27,반대 방향,0.1946,조사일 이전 기상과 상대위험의 연관성이며 인과관계나 발생확률이 아님
나무좀,사과,풍속최대_30일,조사 전 30일 최대풍속,-0.1115,27,약함,-0.1115,27,반대 방향,0.1057,조사일 이전 기상과 상대위험의 연관성이며 인과관계나 발생확률이 아님
나무좀,사과,고온노출_30일,조사 전 30일 고온 노출시간,-0.106,27,약함,-0.106,27,반대 방향,0.1005,조사일 이전 기상과 상대위험의 연관성이며 인과관계나 발생확률이 아님
나무좀,사과,강풍노출_30일,조사 전 30일 강풍 노출시간,-0.1097,27,약함,-0.1097,27,반대 방향,0.1041,조사일 이전 기상과 상대위험의 연관성이며 인과관계나 발생확률이 아님
난지형마늘-고자리파리,마늘,기온평균_7일,조사 전 7일 평균기온,-0.0178,78,약함,0.0448,48,뚜렷한 방향 없음,0.0178,조사일 이전 기상과 상대위험의 연관성이며 인과관계나 발생확률이 아님
난지형마늘-고자리파리,마늘,기온평균_14일,조사 전 14일 평균기온,0.008,78,약함,0.0619,48,뚜렷한 방향 없음,0.008,조사일 이전 기상과 상대위험의 연관성이며 인과관계나 발생확률이 아님
난지형마늘-고자리파리,마늘,기온평균_30일,조사 전 30일 평균기온,0.0227,78,약함,0.0875,48,뚜렷한 방향 없음,0.0227,조사일 이전 기상과 상대위험의 연관성이며 인과관계나 발생확률이 아님
난지형마늘-고자리파리,마늘,기온최고_30일,조사 전 30일 최고기온,0.009,78,약함,-0.0014,48,뚜렷한 방향 없음,0.009,조사일 이전 기상과 상대위험의 연관성이며 인과관계나 발생확률이 아님
난지형마늘-고자리파리,마늘,습도평균_7일,조사 전 7일 평균습도,0.1498,78,약함,0.1692,48,같이 증가,0.1498,조사일 이전 기상과 상대위험의 연관성이며 인과관계나 발생확률이 아님
난지형마늘-고자리파리,마늘,습도평균_14일,조사 전 14일 평균습도,0.1363,78,약함,0.1791,48,같이 증가,0.1363,조사일 이전 기상과 상대위험의 연관성이며 인과관계나 발생확률이 아님
난지형마늘-고자리파리,마늘,습도평균_30일,조사 전 30일 평균습도,0.1966,78,약함,0.2427,48,같이 증가,0.1966,조사일 이전 기상과 상대위험의 연관성이며 인과관계나 발생확률이 아님
난지형마늘-고자리파리,마늘,고습노출_30일,조사 전 30일 고습 노출시간,0.1495,78,약함,0.1904,48,같이 증가,0.1495,조사일 이전 기상과 상대위험의 연관성이며 인과관계나 발생확률이 아님
난지형마늘-고자리파리,마늘,강수누적_7일,조사 전 7일 누적강수,,0,자료 부족,,0,뚜렷한 방향 없음,,조사일 이전 기상과 상대위험의 연관성이며 인과관계나 발생확률이 아님
난지형마늘-고자리파리,마늘,강수누적_14일,조사 전 14일 누적강수,,0,자료 부족,,0,뚜렷한 방향 없음,,조사일 이전 기상과 상대위험의 연관성이며 인과관계나 발생확률이 아님
난지형마늘-고자리파리,마늘,강수누적_30일,조사 전 30일 누적강수,,0,자료 부족,,0,뚜렷한 방향 없음,,조사일 이전 기상과 상대위험의 연관성이며 인과관계나 발생확률이 아님
난지형마늘-고자리파리,마늘,풍속평균_30일,조사 전 30일 평균풍속,0.3031,78,참고 가능,0.1456,48,같이 증가,0.3031,조사일 이전 기상과 상대위험의 연관성이며 인과관계나 발생확률이 아님
난지형마늘-고자리파리,마늘,풍속최대_30일,조사 전 30일 최대풍속,0.5218,78,비교적 뚜렷,0.4652,48,같이 증가,0.5218,조사일 이전 기상과 상대위험의 연관성이며 인과관계나 발생확률이 아님
난지형마늘-고자리파리,마늘,고온노출_30일,조사 전 30일 고온 노출시간,-0.134,78,약함,-0.1628,48,반대 방향,0.134,조사일 이전 기상과 상대위험의 연관성이며 인과관계나 발생확률이 아님
난지형마늘-고자리파리,마늘,강풍노출_30일,조사 전 30일 강풍 노출시간,0.4227,78,참고 가능,0.2504,48,같이 증가,0.4227,조사일 이전 기상과 상대위험의 연관성이며 인과관계나 발생확률이 아님
난지형마늘-녹병,마늘,기온평균_7일,조사 전 7일 평균기온,0.3397,30,참고 가능,,0,같이 증가,0.3397,조사일 이전 기상과 상대위험의 연관성이며 인과관계나 발생확률이 아님
난지형마늘-녹병,마늘,기온평균_14일,조사 전 14일 평균기온,0.3551,30,참고 가능,,0,같이 증가,0.3551,조사일 이전 기상과 상대위험의 연관성이며 인과관계나 발생확률이 아님
난지형마늘-녹병,마늘,기온평균_30일,조사 전 30일 평균기온,0.3705,30,참고 가능,,0,같이 증가,0.3705,조사일 이전 기상과 상대위험의 연관성이며 인과관계나 발생확률이 아님
난지형마늘-녹병,마늘,기온최고_30일,조사 전 30일 최고기온,0.3785,30,참고 가능,,0,같이 증가,0.3785,조사일 이전 기상과 상대위험의 연관성이며 인과관계나 발생확률이 아님
난지형마늘-녹병,마늘,습도평균_7일,조사 전 7일 평균습도,0.1853,30,약함,,0,같이 증가,0.1853,조사일 이전 기상과 상대위험의 연관성이며 인과관계나 발생확률이 아님
난지형마늘-녹병,마늘,습도평균_14일,조사 전 14일 평균습도,0.1081,30,약함,,0,같이 증가,0.1081,조사일 이전 기상과 상대위험의 연관성이며 인과관계나 발생확률이 아님
난지형마늘-녹병,마늘,습도평균_30일,조사 전 30일 평균습도,0.0463,30,약함,,0,뚜렷한 방향 없음,0.0463,조사일 이전 기상과 상대위험의 연관성이며 인과관계나 발생확률이 아님
난지형마늘-녹병,마늘,고습노출_30일,조사 전 30일 고습 노출시간,0.0463,30,약함,,0,뚜렷한 방향 없음,0.0463,조사일 이전 기상과 상대위험의 연관성이며 인과관계나 발생확률이 아님
난지형마늘-녹병,마늘,강수누적_7일,조사 전 7일 누적강수,,0,자료 부족,,0,뚜렷한 방향 없음,,조사일 이전 기상과 상대위험의 연관성이며 인과관계나 발생확률이 아님
난지형마늘-녹병,마늘,강수누적_14일,조사 전 14일 누적강수,,0,자료 부족,,0,뚜렷한 방향 없음,,조사일 이전 기상과 상대위험의 연관성이며 인과관계나 발생확률이 아님
난지형마늘-녹병,마늘,강수누적_30일,조사 전 30일 누적강수,,0,자료 부족,,0,뚜렷한 방향 없음,,조사일 이전 기상과 상대위험의 연관성이며 인과관계나 발생확률이 아님
난지형마늘-녹병,마늘,풍속평균_30일,조사 전 30일 평균풍속,0.2161,30,약함,,0,같이 증가,0.2161,조사일 이전 기상과 상대위험의 연관성이며 인과관계나 발생확률이 아님
난지형마늘-녹병,마늘,풍속최대_30일,조사 전 30일 최대풍속,0.1777,30,약함,,0,같이 증가,0.1777,조사일 이전 기상과 상대위험의 연관성이며 인과관계나 발생확률이 아님
난지형마늘-녹병,마늘,고온노출_30일,조사 전 30일 고온 노출시간,0.3631,30,참고 가능,,0,같이 증가,0.3631,조사일 이전 기상과 상대위험의 연관성이며 인과관계나 발생확률이 아님
난지형마늘-녹병,마늘,강풍노출_30일,조사 전 30일 강풍 노출시간,0.265,30,참고 가능,,0,같이 증가,0.265,조사일 이전 기상과 상대위험의 연관성이며 인과관계나 발생확률이 아님
난지형마늘-무름병,마늘,기온평균_7일,조사 전 7일 평균기온,0.2693,30,참고 가능,,0,같이 증가,0.2693,조사일 이전 기상과 상대위험의 연관성이며 인과관계나 발생확률이 아님
난지형마늘-무름병,마늘,기온평균_14일,조사 전 14일 평균기온,0.2736,30,참고 가능,,0,같이 증가,0.2736,조사일 이전 기상과 상대위험의 연관성이며 인과관계나 발생확률이 아님
난지형마늘-무름병,마늘,기온평균_30일,조사 전 30일 평균기온,0.3066,30,참고 가능,,0,같이 증가,0.3066,조사일 이전 기상과 상대위험의 연관성이며 인과관계나 발생확률이 아님
난지형마늘-무름병,마늘,기온최고_30일,조사 전 30일 최고기온,0.5467,30,비교적 뚜렷,,0,같이 증가,0.5467,조사일 이전 기상과 상대위험의 연관성이며 인과관계나 발생확률이 아님
난지형마늘-무름병,마늘,습도평균_7일,조사 전 7일 평균습도,0.4024,30,참고 가능,,0,같이 증가,0.4024,조사일 이전 기상과 상대위험의 연관성이며 인과관계나 발생확률이 아님
난지형마늘-무름병,마늘,습도평균_14일,조사 전 14일 평균습도,0.4708,30,비교적 뚜렷,,0,같이 증가,0.4708,조사일 이전 기상과 상대위험의 연관성이며 인과관계나 발생확률이 아님
난지형마늘-무름병,마늘,습도평균_30일,조사 전 30일 평균습도,0.4386,30,참고 가능,,0,같이 증가,0.4386,조사일 이전 기상과 상대위험의 연관성이며 인과관계나 발생확률이 아님
난지형마늘-무름병,마늘,고습노출_30일,조사 전 30일 고습 노출시간,0.5977,30,비교적 뚜렷,,0,같이 증가,0.5977,조사일 이전 기상과 상대위험의 연관성이며 인과관계나 발생확률이 아님
난지형마늘-무름병,마늘,강수누적_7일,조사 전 7일 누적강수,,0,자료 부족,,0,뚜렷한 방향 없음,,조사일 이전 기상과 상대위험의 연관성이며 인과관계나 발생확률이 아님
난지형마늘-무름병,마늘,강수누적_14일,조사 전 14일 누적강수,,0,자료 부족,,0,뚜렷한 방향 없음,,조사일 이전 기상과 상대위험의 연관성이며 인과관계나 발생확률이 아님
난지형마늘-무름병,마늘,강수누적_30일,조사 전 30일 누적강수,,0,자료 부족,,0,뚜렷한 방향 없음,,조사일 이전 기상과 상대위험의 연관성이며 인과관계나 발생확률이 아님
난지형마늘-무름병,마늘,풍속평균_30일,조사 전 30일 평균풍속,-0.0266,30,약함,,0,뚜렷한 방향 없음,0.0266,조사일 이전 기상과 상대위험의 연관성이며 인과관계나 발생확률이 아님
난지형마늘-무름병,마늘,풍속최대_30일,조사 전 30일 최대풍속,0.1036,30,약함,,0,같이 증가,0.1036,조사일 이전 기상과 상대위험의 연관성이며 인과관계나 발생확률이 아님
난지형마늘-무름병,마늘,고온노출_30일,조사 전 30일 고온 노출시간,0.55,30,비교적 뚜렷,,0,같이 증가,0.55,조사일 이전 기상과 상대위험의 연관성이며 인과관계나 발생확률이 아님
난지형마늘-무름병,마늘,강풍노출_30일,조사 전 30일 강풍 노출시간,0.0101,30,약함,,0,뚜렷한 방향 없음,0.0101,조사일 이전 기상과 상대위험의 연관성이며 인과관계나 발생확률이 아님
난지형마늘-바이러스,마늘,기온평균_7일,조사 전 7일 평균기온,0.0772,30,약함,,0,뚜렷한 방향 없음,0.0772,조사일 이전 기상과 상대위험의 연관성이며 인과관계나 발생확률이 아님
난지형마늘-바이러스,마늘,기온평균_14일,조사 전 14일 평균기온,0.1235,30,약함,,0,같이 증가,0.1235,조사일 이전 기상과 상대위험의 연관성이며 인과관계나 발생확률이 아님
난지형마늘-바이러스,마늘,기온평균_30일,조사 전 30일 평균기온,0.1698,30,약함,,0,같이 증가,0.1698,조사일 이전 기상과 상대위험의 연관성이며 인과관계나 발생확률이 아님
난지형마늘-바이러스,마늘,기온최고_30일,조사 전 30일 최고기온,0.1931,30,약함,,0,같이 증가,0.1931,조사일 이전 기상과 상대위험의 연관성이며 인과관계나 발생확률이 아님
난지형마늘-바이러스,마늘,습도평균_7일,조사 전 7일 평균습도,-0.2161,30,약함,,0,반대 방향,0.2161,조사일 이전 기상과 상대위험의 연관성이며 인과관계나 발생확률이 아님
난지형마늘-바이러스,마늘,습도평균_14일,조사 전 14일 평균습도,0.0463,30,약함,,0,뚜렷한 방향 없음,0.0463,조사일 이전 기상과 상대위험의 연관성이며 인과관계나 발생확률이 아님
난지형마늘-바이러스,마늘,습도평균_30일,조사 전 30일 평균습도,0.2779,30,참고 가능,,0,같이 증가,0.2779,조사일 이전 기상과 상대위험의 연관성이며 인과관계나 발생확률이 아님
난지형마늘-바이러스,마늘,고습노출_30일,조사 전 30일 고습 노출시간,0.247,30,약함,,0,같이 증가,0.247,조사일 이전 기상과 상대위험의 연관성이며 인과관계나 발생확률이 아님
난지형마늘-바이러스,마늘,강수누적_7일,조사 전 7일 누적강수,,0,자료 부족,,0,뚜렷한 방향 없음,,조사일 이전 기상과 상대위험의 연관성이며 인과관계나 발생확률이 아님
난지형마늘-바이러스,마늘,강수누적_14일,조사 전 14일 누적강수,,0,자료 부족,,0,뚜렷한 방향 없음,,조사일 이전 기상과 상대위험의 연관성이며 인과관계나 발생확률이 아님
난지형마늘-바이러스,마늘,강수누적_30일,조사 전 30일 누적강수,,0,자료 부족,,0,뚜렷한 방향 없음,,조사일 이전 기상과 상대위험의 연관성이며 인과관계나 발생확률이 아님
난지형마늘-바이러스,마늘,풍속평균_30일,조사 전 30일 평균풍속,0.139,30,약함,,0,같이 증가,0.139,조사일 이전 기상과 상대위험의 연관성이며 인과관계나 발생확률이 아님
난지형마늘-바이러스,마늘,풍속최대_30일,조사 전 30일 최대풍속,0.2936,30,참고 가능,,0,같이 증가,0.2936,조사일 이전 기상과 상대위험의 연관성이며 인과관계나 발생확률이 아님
난지형마늘-바이러스,마늘,고온노출_30일,조사 전 30일 고온 노출시간,0.1568,30,약함,,0,같이 증가,0.1568,조사일 이전 기상과 상대위험의 연관성이며 인과관계나 발생확률이 아님
난지형마늘-바이러스,마늘,강풍노출_30일,조사 전 30일 강풍 노출시간,0.2026,30,약함,,0,같이 증가,0.2026,조사일 이전 기상과 상대위험의 연관성이며 인과관계나 발생확률이 아님
난지형마늘-뿌리응애,마늘,기온평균_7일,조사 전 7일 평균기온,0.1091,30,약함,,0,같이 증가,0.1091,조사일 이전 기상과 상대위험의 연관성이며 인과관계나 발생확률이 아님
난지형마늘-뿌리응애,마늘,기온평균_14일,조사 전 14일 평균기온,0.1348,30,약함,,0,같이 증가,0.1348,조사일 이전 기상과 상대위험의 연관성이며 인과관계나 발생확률이 아님
난지형마늘-뿌리응애,마늘,기온평균_30일,조사 전 30일 평균기온,0.1605,30,약함,,0,같이 증가,0.1605,조사일 이전 기상과 상대위험의 연관성이며 인과관계나 발생확률이 아님
난지형마늘-뿌리응애,마늘,기온최고_30일,조사 전 30일 최고기온,0.167,30,약함,,0,같이 증가,0.167,조사일 이전 기상과 상대위험의 연관성이며 인과관계나 발생확률이 아님
난지형마늘-뿌리응애,마늘,습도평균_7일,조사 전 7일 평균습도,0.276,30,참고 가능,,0,같이 증가,0.276,조사일 이전 기상과 상대위험의 연관성이며 인과관계나 발생확률이 아님
난지형마늘-뿌리응애,마늘,습도평균_14일,조사 전 14일 평균습도,0.3017,30,참고 가능,,0,같이 증가,0.3017,조사일 이전 기상과 상대위험의 연관성이며 인과관계나 발생확률이 아님
난지형마늘-뿌리응애,마늘,습도평균_30일,조사 전 30일 평균습도,0.4686,30,비교적 뚜렷,,0,같이 증가,0.4686,조사일 이전 기상과 상대위험의 연관성이며 인과관계나 발생확률이 아님
난지형마늘-뿌리응애,마늘,고습노출_30일,조사 전 30일 고습 노출시간,0.3787,30,참고 가능,,0,같이 증가,0.3787,조사일 이전 기상과 상대위험의 연관성이며 인과관계나 발생확률이 아님
난지형마늘-뿌리응애,마늘,강수누적_7일,조사 전 7일 누적강수,,0,자료 부족,,0,뚜렷한 방향 없음,,조사일 이전 기상과 상대위험의 연관성이며 인과관계나 발생확률이 아님
난지형마늘-뿌리응애,마늘,강수누적_14일,조사 전 14일 누적강수,,0,자료 부족,,0,뚜렷한 방향 없음,,조사일 이전 기상과 상대위험의 연관성이며 인과관계나 발생확률이 아님
난지형마늘-뿌리응애,마늘,강수누적_30일,조사 전 30일 누적강수,,0,자료 부족,,0,뚜렷한 방향 없음,,조사일 이전 기상과 상대위험의 연관성이며 인과관계나 발생확률이 아님
난지형마늘-뿌리응애,마늘,풍속평균_30일,조사 전 30일 평균풍속,0.4557,30,비교적 뚜렷,,0,같이 증가,0.4557,조사일 이전 기상과 상대위험의 연관성이며 인과관계나 발생확률이 아님
난지형마늘-뿌리응애,마늘,풍속최대_30일,조사 전 30일 최대풍속,0.3726,30,참고 가능,,0,같이 증가,0.3726,조사일 이전 기상과 상대위험의 연관성이며 인과관계나 발생확률이 아님
난지형마늘-뿌리응애,마늘,고온노출_30일,조사 전 30일 고온 노출시간,0.0549,30,약함,,0,뚜렷한 방향 없음,0.0549,조사일 이전 기상과 상대위험의 연관성이며 인과관계나 발생확률이 아님
난지형마늘-뿌리응애,마늘,강풍노출_30일,조사 전 30일 강풍 노출시간,0.4471,30,참고 가능,,0,같이 증가,0.4471,조사일 이전 기상과 상대위험의 연관성이며 인과관계나 발생확률이 아님
난지형마늘-잎마름병,마늘,기온평균_7일,조사 전 7일 평균기온,0.2089,30,약함,,0,같이 증가,0.2089,조사일 이전 기상과 상대위험의 연관성이며 인과관계나 발생확률이 아님
난지형마늘-잎마름병,마늘,기온평균_14일,조사 전 14일 평균기온,0.202,30,약함,,0,같이 증가,0.202,조사일 이전 기상과 상대위험의 연관성이며 인과관계나 발생확률이 아님
난지형마늘-잎마름병,마늘,기온평균_30일,조사 전 30일 평균기온,0.179,30,약함,,0,같이 증가,0.179,조사일 이전 기상과 상대위험의 연관성이며 인과관계나 발생확률이 아님
난지형마늘-잎마름병,마늘,기온최고_30일,조사 전 30일 최고기온,-0.0214,30,약함,,0,뚜렷한 방향 없음,0.0214,조사일 이전 기상과 상대위험의 연관성이며 인과관계나 발생확률이 아님
난지형마늘-잎마름병,마늘,습도평균_7일,조사 전 7일 평균습도,-0.1783,30,약함,,0,반대 방향,0.1783,조사일 이전 기상과 상대위험의 연관성이며 인과관계나 발생확률이 아님
난지형마늘-잎마름병,마늘,습도평균_14일,조사 전 14일 평균습도,-0.2566,30,참고 가능,,0,반대 방향,0.2566,조사일 이전 기상과 상대위험의 연관성이며 인과관계나 발생확률이 아님
난지형마늘-잎마름병,마늘,습도평균_30일,조사 전 30일 평균습도,-0.1739,30,약함,,0,반대 방향,0.1739,조사일 이전 기상과 상대위험의 연관성이며 인과관계나 발생확률이 아님
난지형마늘-잎마름병,마늘,고습노출_30일,조사 전 30일 고습 노출시간,-0.1535,30,약함,,0,반대 방향,0.1535,조사일 이전 기상과 상대위험의 연관성이며 인과관계나 발생확률이 아님
난지형마늘-잎마름병,마늘,강수누적_7일,조사 전 7일 누적강수,,0,자료 부족,,0,뚜렷한 방향 없음,,조사일 이전 기상과 상대위험의 연관성이며 인과관계나 발생확률이 아님
난지형마늘-잎마름병,마늘,강수누적_14일,조사 전 14일 누적강수,,0,자료 부족,,0,뚜렷한 방향 없음,,조사일 이전 기상과 상대위험의 연관성이며 인과관계나 발생확률이 아님
난지형마늘-잎마름병,마늘,강수누적_30일,조사 전 30일 누적강수,,0,자료 부족,,0,뚜렷한 방향 없음,,조사일 이전 기상과 상대위험의 연관성이며 인과관계나 발생확률이 아님
난지형마늘-잎마름병,마늘,풍속평균_30일,조사 전 30일 평균풍속,0.5534,30,비교적 뚜렷,,0,같이 증가,0.5534,조사일 이전 기상과 상대위험의 연관성이며 인과관계나 발생확률이 아님
난지형마늘-잎마름병,마늘,풍속최대_30일,조사 전 30일 최대풍속,-0.1444,30,약함,,0,반대 방향,0.1444,조사일 이전 기상과 상대위험의 연관성이며 인과관계나 발생확률이 아님
난지형마늘-잎마름병,마늘,고온노출_30일,조사 전 30일 고온 노출시간,-0.1275,30,약함,,0,반대 방향,0.1275,조사일 이전 기상과 상대위험의 연관성이며 인과관계나 발생확률이 아님
난지형마늘-잎마름병,마늘,강풍노출_30일,조사 전 30일 강풍 노출시간,0.0306,30,약함,,0,뚜렷한 방향 없음,0.0306,조사일 이전 기상과 상대위험의 연관성이며 인과관계나 발생확률이 아님
난지형마늘-잎집썩음병,마늘,기온평균_7일,조사 전 7일 평균기온,0.2038,30,약함,,0,같이 증가,0.2038,조사일 이전 기상과 상대위험의 연관성이며 인과관계나 발생확률이 아님
난지형마늘-잎집썩음병,마늘,기온평균_14일,조사 전 14일 평균기온,0.2253,30,약함,,0,같이 증가,0.2253,조사일 이전 기상과 상대위험의 연관성이며 인과관계나 발생확률이 아님
난지형마늘-잎집썩음병,마늘,기온평균_30일,조사 전 30일 평균기온,0.2467,30,약함,,0,같이 증가,0.2467,조사일 이전 기상과 상대위험의 연관성이며 인과관계나 발생확률이 아님
난지형마늘-잎집썩음병,마늘,기온최고_30일,조사 전 30일 최고기온,0.2254,30,약함,,0,같이 증가,0.2254,조사일 이전 기상과 상대위험의 연관성이며 인과관계나 발생확률이 아님
난지형마늘-잎집썩음병,마늘,습도평균_7일,조사 전 7일 평균습도,0.2896,30,참고 가능,,0,같이 증가,0.2896,조사일 이전 기상과 상대위험의 연관성이며 인과관계나 발생확률이 아님
난지형마늘-잎집썩음병,마늘,습도평균_14일,조사 전 14일 평균습도,0.2896,30,참고 가능,,0,같이 증가,0.2896,조사일 이전 기상과 상대위험의 연관성이며 인과관계나 발생확률이 아님
난지형마늘-잎집썩음병,마늘,습도평균_30일,조사 전 30일 평균습도,0.2467,30,약함,,0,같이 증가,0.2467,조사일 이전 기상과 상대위험의 연관성이며 인과관계나 발생확률이 아님
난지형마늘-잎집썩음병,마늘,고습노출_30일,조사 전 30일 고습 노출시간,0.2038,30,약함,,0,같이 증가,0.2038,조사일 이전 기상과 상대위험의 연관성이며 인과관계나 발생확률이 아님
난지형마늘-잎집썩음병,마늘,강수누적_7일,조사 전 7일 누적강수,,0,자료 부족,,0,뚜렷한 방향 없음,,조사일 이전 기상과 상대위험의 연관성이며 인과관계나 발생확률이 아님
난지형마늘-잎집썩음병,마늘,강수누적_14일,조사 전 14일 누적강수,,0,자료 부족,,0,뚜렷한 방향 없음,,조사일 이전 기상과 상대위험의 연관성이며 인과관계나 발생확률이 아님
난지형마늘-잎집썩음병,마늘,강수누적_30일,조사 전 30일 누적강수,,0,자료 부족,,0,뚜렷한 방향 없음,,조사일 이전 기상과 상대위험의 연관성이며 인과관계나 발생확률이 아님
난지형마늘-잎집썩음병,마늘,풍속평균_30일,조사 전 30일 평균풍속,0.2253,30,약함,,0,같이 증가,0.2253,조사일 이전 기상과 상대위험의 연관성이며 인과관계나 발생확률이 아님
난지형마늘-잎집썩음병,마늘,풍속최대_30일,조사 전 30일 최대풍속,0.0751,30,약함,,0,뚜렷한 방향 없음,0.0751,조사일 이전 기상과 상대위험의 연관성이며 인과관계나 발생확률이 아님
난지형마늘-잎집썩음병,마늘,고온노출_30일,조사 전 30일 고온 노출시간,0.2179,30,약함,,0,같이 증가,0.2179,조사일 이전 기상과 상대위험의 연관성이며 인과관계나 발생확률이 아님
난지형마늘-잎집썩음병,마늘,강풍노출_30일,조사 전 30일 강풍 노출시간,0.2058,30,약함,,0,같이 증가,0.2058,조사일 이전 기상과 상대위험의 연관성이며 인과관계나 발생확률이 아님
난지형마늘-흑색썩음균핵병,마늘,기온평균_7일,조사 전 7일 평균기온,0.3269,78,참고 가능,0.3774,48,같이 증가,0.3269,조사일 이전 기상과 상대위험의 연관성이며 인과관계나 발생확률이 아님
난지형마늘-흑색썩음균핵병,마늘,기온평균_14일,조사 전 14일 평균기온,0.3467,78,참고 가능,0.4188,48,같이 증가,0.3467,조사일 이전 기상과 상대위험의 연관성이며 인과관계나 발생확률이 아님
난지형마늘-흑색썩음균핵병,마늘,기온평균_30일,조사 전 30일 평균기온,0.3639,78,참고 가능,0.4437,48,같이 증가,0.3639,조사일 이전 기상과 상대위험의 연관성이며 인과관계나 발생확률이 아님
난지형마늘-흑색썩음균핵병,마늘,기온최고_30일,조사 전 30일 최고기온,0.3397,78,참고 가능,0.314,48,같이 증가,0.3397,조사일 이전 기상과 상대위험의 연관성이며 인과관계나 발생확률이 아님
난지형마늘-흑색썩음균핵병,마늘,습도평균_7일,조사 전 7일 평균습도,0.2434,78,약함,0.191,48,같이 증가,0.2434,조사일 이전 기상과 상대위험의 연관성이며 인과관계나 발생확률이 아님
난지형마늘-흑색썩음균핵병,마늘,습도평균_14일,조사 전 14일 평균습도,0.2803,78,참고 가능,0.2129,48,같이 증가,0.2803,조사일 이전 기상과 상대위험의 연관성이며 인과관계나 발생확률이 아님
난지형마늘-흑색썩음균핵병,마늘,습도평균_30일,조사 전 30일 평균습도,0.2995,78,참고 가능,0.2264,48,같이 증가,0.2995,조사일 이전 기상과 상대위험의 연관성이며 인과관계나 발생확률이 아님
난지형마늘-흑색썩음균핵병,마늘,고습노출_30일,조사 전 30일 고습 노출시간,0.3508,78,참고 가능,0.2839,48,같이 증가,0.3508,조사일 이전 기상과 상대위험의 연관성이며 인과관계나 발생확률이 아님
난지형마늘-흑색썩음균핵병,마늘,강수누적_7일,조사 전 7일 누적강수,,0,자료 부족,,0,뚜렷한 방향 없음,,조사일 이전 기상과 상대위험의 연관성이며 인과관계나 발생확률이 아님
난지형마늘-흑색썩음균핵병,마늘,강수누적_14일,조사 전 14일 누적강수,,0,자료 부족,,0,뚜렷한 방향 없음,,조사일 이전 기상과 상대위험의 연관성이며 인과관계나 발생확률이 아님
난지형마늘-흑색썩음균핵병,마늘,강수누적_30일,조사 전 30일 누적강수,,0,자료 부족,,0,뚜렷한 방향 없음,,조사일 이전 기상과 상대위험의 연관성이며 인과관계나 발생확률이 아님
난지형마늘-흑색썩음균핵병,마늘,풍속평균_30일,조사 전 30일 평균풍속,-0.0549,78,약함,-0.1965,48,뚜렷한 방향 없음,0.0549,조사일 이전 기상과 상대위험의 연관성이며 인과관계나 발생확률이 아님
난지형마늘-흑색썩음균핵병,마늘,풍속최대_30일,조사 전 30일 최대풍속,0.252,78,참고 가능,0.1373,48,같이 증가,0.252,조사일 이전 기상과 상대위험의 연관성이며 인과관계나 발생확률이 아님
난지형마늘-흑색썩음균핵병,마늘,고온노출_30일,조사 전 30일 고온 노출시간,0.2696,78,참고 가능,0.1911,48,같이 증가,0.2696,조사일 이전 기상과 상대위험의 연관성이며 인과관계나 발생확률이 아님
난지형마늘-흑색썩음균핵병,마늘,강풍노출_30일,조사 전 30일 강풍 노출시간,0.1396,78,약함,-0.0057,48,같이 증가,0.1396,조사일 이전 기상과 상대위험의 연관성이며 인과관계나 발생확률이 아님
노균병,양파,기온평균_7일,조사 전 7일 평균기온,0.334,55,참고 가능,0.6687,30,같이 증가,0.334,조사일 이전 기상과 상대위험의 연관성이며 인과관계나 발생확률이 아님
노균병,양파,기온평균_14일,조사 전 14일 평균기온,0.367,55,참고 가능,0.6866,30,같이 증가,0.367,조사일 이전 기상과 상대위험의 연관성이며 인과관계나 발생확률이 아님
노균병,양파,기온평균_30일,조사 전 30일 평균기온,0.3697,55,참고 가능,0.6834,30,같이 증가,0.3697,조사일 이전 기상과 상대위험의 연관성이며 인과관계나 발생확률이 아님
노균병,양파,기온최고_30일,조사 전 30일 최고기온,0.4253,55,참고 가능,0.6576,30,같이 증가,0.4253,조사일 이전 기상과 상대위험의 연관성이며 인과관계나 발생확률이 아님
노균병,양파,습도평균_7일,조사 전 7일 평균습도,0.3944,55,참고 가능,0.1519,30,같이 증가,0.3944,조사일 이전 기상과 상대위험의 연관성이며 인과관계나 발생확률이 아님
노균병,양파,습도평균_14일,조사 전 14일 평균습도,0.4136,55,참고 가능,0.1621,30,같이 증가,0.4136,조사일 이전 기상과 상대위험의 연관성이며 인과관계나 발생확률이 아님
노균병,양파,습도평균_30일,조사 전 30일 평균습도,0.4014,55,참고 가능,0.1276,30,같이 증가,0.4014,조사일 이전 기상과 상대위험의 연관성이며 인과관계나 발생확률이 아님
노균병,양파,고습노출_30일,조사 전 30일 고습 노출시간,0.4997,55,비교적 뚜렷,0.2561,30,같이 증가,0.4997,조사일 이전 기상과 상대위험의 연관성이며 인과관계나 발생확률이 아님
노균병,양파,강수누적_7일,조사 전 7일 누적강수,,0,자료 부족,,0,뚜렷한 방향 없음,,조사일 이전 기상과 상대위험의 연관성이며 인과관계나 발생확률이 아님
노균병,양파,강수누적_14일,조사 전 14일 누적강수,,0,자료 부족,,0,뚜렷한 방향 없음,,조사일 이전 기상과 상대위험의 연관성이며 인과관계나 발생확률이 아님
노균병,양파,강수누적_30일,조사 전 30일 누적강수,,0,자료 부족,,0,뚜렷한 방향 없음,,조사일 이전 기상과 상대위험의 연관성이며 인과관계나 발생확률이 아님
노균병,양파,풍속평균_30일,조사 전 30일 평균풍속,-0.1258,55,약함,-0.473,30,반대 방향,0.1258,조사일 이전 기상과 상대위험의 연관성이며 인과관계나 발생확률이 아님
노균병,양파,풍속최대_30일,조사 전 30일 최대풍속,0.3011,55,참고 가능,0.0383,30,같이 증가,0.3011,조사일 이전 기상과 상대위험의 연관성이며 인과관계나 발생확률이 아님
노균병,양파,고온노출_30일,조사 전 30일 고온 노출시간,0.4302,55,참고 가능,0.6092,30,같이 증가,0.4302,조사일 이전 기상과 상대위험의 연관성이며 인과관계나 발생확률이 아님
노균병,양파,강풍노출_30일,조사 전 30일 강풍 노출시간,0.1974,55,약함,-0.0682,30,같이 증가,0.1974,조사일 이전 기상과 상대위험의 연관성이며 인과관계나 발생확률이 아님
노균병,포도,기온평균_7일,조사 전 7일 평균기온,0.1876,63,약함,,0,같이 증가,0.1876,조사일 이전 기상과 상대위험의 연관성이며 인과관계나 발생확률이 아님
노균병,포도,기온평균_14일,조사 전 14일 평균기온,0.1733,63,약함,,0,같이 증가,0.1733,조사일 이전 기상과 상대위험의 연관성이며 인과관계나 발생확률이 아님
노균병,포도,기온평균_30일,조사 전 30일 평균기온,0.1867,63,약함,,0,같이 증가,0.1867,조사일 이전 기상과 상대위험의 연관성이며 인과관계나 발생확률이 아님
노균병,포도,기온최고_30일,조사 전 30일 최고기온,0.3419,63,참고 가능,,0,같이 증가,0.3419,조사일 이전 기상과 상대위험의 연관성이며 인과관계나 발생확률이 아님
노균병,포도,습도평균_7일,조사 전 7일 평균습도,0.0916,63,약함,,0,뚜렷한 방향 없음,0.0916,조사일 이전 기상과 상대위험의 연관성이며 인과관계나 발생확률이 아님
노균병,포도,습도평균_14일,조사 전 14일 평균습도,0.1646,63,약함,,0,같이 증가,0.1646,조사일 이전 기상과 상대위험의 연관성이며 인과관계나 발생확률이 아님
노균병,포도,습도평균_30일,조사 전 30일 평균습도,0.154,63,약함,,0,같이 증가,0.154,조사일 이전 기상과 상대위험의 연관성이며 인과관계나 발생확률이 아님
노균병,포도,고습노출_30일,조사 전 30일 고습 노출시간,0.1502,63,약함,,0,같이 증가,0.1502,조사일 이전 기상과 상대위험의 연관성이며 인과관계나 발생확률이 아님
노균병,포도,강수누적_7일,조사 전 7일 누적강수,,3,자료 부족,,0,뚜렷한 방향 없음,,조사일 이전 기상과 상대위험의 연관성이며 인과관계나 발생확률이 아님
노균병,포도,강수누적_14일,조사 전 14일 누적강수,,7,자료 부족,,0,뚜렷한 방향 없음,,조사일 이전 기상과 상대위험의 연관성이며 인과관계나 발생확률이 아님
노균병,포도,강수누적_30일,조사 전 30일 누적강수,,3,자료 부족,,0,뚜렷한 방향 없음,,조사일 이전 기상과 상대위험의 연관성이며 인과관계나 발생확률이 아님
노균병,포도,풍속평균_30일,조사 전 30일 평균풍속,-0.062,63,약함,,0,뚜렷한 방향 없음,0.062,조사일 이전 기상과 상대위험의 연관성이며 인과관계나 발생확률이 아님
노균병,포도,풍속최대_30일,조사 전 30일 최대풍속,0.2649,63,참고 가능,,0,같이 증가,0.2649,조사일 이전 기상과 상대위험의 연관성이며 인과관계나 발생확률이 아님
노균병,포도,고온노출_30일,조사 전 30일 고온 노출시간,0.2238,63,약함,,0,같이 증가,0.2238,조사일 이전 기상과 상대위험의 연관성이며 인과관계나 발생확률이 아님
노균병,포도,강풍노출_30일,조사 전 30일 강풍 노출시간,0.2286,63,약함,,0,같이 증가,0.2286,조사일 이전 기상과 상대위험의 연관성이며 인과관계나 발생확률이 아님
노린재류,감,기온평균_7일,조사 전 7일 평균기온,0.1326,27,약함,,0,같이 증가,0.1258,조사일 이전 기상과 상대위험의 연관성이며 인과관계나 발생확률이 아님
노린재류,감,기온평균_14일,조사 전 14일 평균기온,0.1881,27,약함,,0,같이 증가,0.1784,조사일 이전 기상과 상대위험의 연관성이며 인과관계나 발생확률이 아님
노린재류,감,기온평균_30일,조사 전 30일 평균기온,0.1681,27,약함,,0,같이 증가,0.1595,조사일 이전 기상과 상대위험의 연관성이며 인과관계나 발생확률이 아님
노린재류,감,기온최고_30일,조사 전 30일 최고기온,0.3481,27,참고 가능,,0,같이 증가,0.3303,조사일 이전 기상과 상대위험의 연관성이며 인과관계나 발생확률이 아님
노린재류,감,습도평균_7일,조사 전 7일 평균습도,-0.1372,27,약함,,0,반대 방향,0.1302,조사일 이전 기상과 상대위험의 연관성이며 인과관계나 발생확률이 아님
노린재류,감,습도평균_14일,조사 전 14일 평균습도,-0.1127,27,약함,,0,반대 방향,0.1069,조사일 이전 기상과 상대위험의 연관성이며 인과관계나 발생확률이 아님
노린재류,감,습도평균_30일,조사 전 30일 평균습도,-0.0622,27,약함,,0,뚜렷한 방향 없음,0.059,조사일 이전 기상과 상대위험의 연관성이며 인과관계나 발생확률이 아님
노린재류,감,고습노출_30일,조사 전 30일 고습 노출시간,-0.0349,27,약함,,0,뚜렷한 방향 없음,0.0331,조사일 이전 기상과 상대위험의 연관성이며 인과관계나 발생확률이 아님
노린재류,감,강수누적_7일,조사 전 7일 누적강수,,2,자료 부족,,0,뚜렷한 방향 없음,,조사일 이전 기상과 상대위험의 연관성이며 인과관계나 발생확률이 아님
노린재류,감,강수누적_14일,조사 전 14일 누적강수,,4,자료 부족,,0,뚜렷한 방향 없음,,조사일 이전 기상과 상대위험의 연관성이며 인과관계나 발생확률이 아님
노린재류,감,강수누적_30일,조사 전 30일 누적강수,,2,자료 부족,,0,뚜렷한 방향 없음,,조사일 이전 기상과 상대위험의 연관성이며 인과관계나 발생확률이 아님
노린재류,감,풍속평균_30일,조사 전 30일 평균풍속,-0.2533,27,참고 가능,,0,반대 방향,0.2403,조사일 이전 기상과 상대위험의 연관성이며 인과관계나 발생확률이 아님
노린재류,감,풍속최대_30일,조사 전 30일 최대풍속,0.107,27,약함,,0,같이 증가,0.1015,조사일 이전 기상과 상대위험의 연관성이며 인과관계나 발생확률이 아님
노린재류,감,고온노출_30일,조사 전 30일 고온 노출시간,0.337,27,참고 가능,,0,같이 증가,0.3197,조사일 이전 기상과 상대위험의 연관성이며 인과관계나 발생확률이 아님
노린재류,감,강풍노출_30일,조사 전 30일 강풍 노출시간,0.0241,27,약함,,0,뚜렷한 방향 없음,0.0229,조사일 이전 기상과 상대위험의 연관성이며 인과관계나 발생확률이 아님
노린재류,사과,기온평균_7일,조사 전 7일 평균기온,0.0363,121,약함,-0.1953,27,뚜렷한 방향 없음,0.0363,조사일 이전 기상과 상대위험의 연관성이며 인과관계나 발생확률이 아님
노린재류,사과,기온평균_14일,조사 전 14일 평균기온,0.0149,121,약함,-0.1834,27,뚜렷한 방향 없음,0.0149,조사일 이전 기상과 상대위험의 연관성이며 인과관계나 발생확률이 아님
노린재류,사과,기온평균_30일,조사 전 30일 평균기온,0.0083,121,약함,-0.1659,27,뚜렷한 방향 없음,0.0083,조사일 이전 기상과 상대위험의 연관성이며 인과관계나 발생확률이 아님
노린재류,사과,기온최고_30일,조사 전 30일 최고기온,0.0056,121,약함,-0.1868,27,뚜렷한 방향 없음,0.0056,조사일 이전 기상과 상대위험의 연관성이며 인과관계나 발생확률이 아님
노린재류,사과,습도평균_7일,조사 전 7일 평균습도,-0.0211,121,약함,-0.162,27,뚜렷한 방향 없음,0.0211,조사일 이전 기상과 상대위험의 연관성이며 인과관계나 발생확률이 아님
노린재류,사과,습도평균_14일,조사 전 14일 평균습도,0.0045,121,약함,-0.1275,27,뚜렷한 방향 없음,0.0045,조사일 이전 기상과 상대위험의 연관성이며 인과관계나 발생확률이 아님
노린재류,사과,습도평균_30일,조사 전 30일 평균습도,0.0217,121,약함,-0.1361,27,뚜렷한 방향 없음,0.0217,조사일 이전 기상과 상대위험의 연관성이며 인과관계나 발생확률이 아님
노린재류,사과,고습노출_30일,조사 전 30일 고습 노출시간,0.0238,121,약함,-0.0892,27,뚜렷한 방향 없음,0.0238,조사일 이전 기상과 상대위험의 연관성이며 인과관계나 발생확률이 아님
노린재류,사과,강수누적_7일,조사 전 7일 누적강수,-0.2879,8,자료 부족,,0,반대 방향,0.1487,조사일 이전 기상과 상대위험의 연관성이며 인과관계나 발생확률이 아님
노린재류,사과,강수누적_14일,조사 전 14일 누적강수,-0.2917,18,참고 가능,,0,반대 방향,0.2259,조사일 이전 기상과 상대위험의 연관성이며 인과관계나 발생확률이 아님
노린재류,사과,강수누적_30일,조사 전 30일 누적강수,-0.4872,10,자료 부족,,0,반대 방향,0.2813,조사일 이전 기상과 상대위험의 연관성이며 인과관계나 발생확률이 아님
노린재류,사과,풍속평균_30일,조사 전 30일 평균풍속,0.1913,121,약함,-0.2093,27,같이 증가,0.1913,조사일 이전 기상과 상대위험의 연관성이며 인과관계나 발생확률이 아님
노린재류,사과,풍속최대_30일,조사 전 30일 최대풍속,0.1557,121,약함,-0.3079,27,같이 증가,0.1557,조사일 이전 기상과 상대위험의 연관성이며 인과관계나 발생확률이 아님
노린재류,사과,고온노출_30일,조사 전 30일 고온 노출시간,-0.0229,121,약함,-0.1659,27,뚜렷한 방향 없음,0.0229,조사일 이전 기상과 상대위험의 연관성이며 인과관계나 발생확률이 아님
노린재류,사과,강풍노출_30일,조사 전 30일 강풍 노출시간,0.0564,121,약함,-0.4378,27,뚜렷한 방향 없음,0.0564,조사일 이전 기상과 상대위험의 연관성이며 인과관계나 발생확률이 아님
노지고추-담배나방,고추,기온평균_7일,조사 전 7일 평균기온,0.372,45,참고 가능,,0,같이 증가,0.372,조사일 이전 기상과 상대위험의 연관성이며 인과관계나 발생확률이 아님
노지고추-담배나방,고추,기온평균_14일,조사 전 14일 평균기온,0.4978,45,비교적 뚜렷,,0,같이 증가,0.4978,조사일 이전 기상과 상대위험의 연관성이며 인과관계나 발생확률이 아님
노지고추-담배나방,고추,기온평균_30일,조사 전 30일 평균기온,0.5239,45,비교적 뚜렷,,0,같이 증가,0.5239,조사일 이전 기상과 상대위험의 연관성이며 인과관계나 발생확률이 아님
노지고추-담배나방,고추,기온최고_30일,조사 전 30일 최고기온,0.3338,45,참고 가능,,0,같이 증가,0.3338,조사일 이전 기상과 상대위험의 연관성이며 인과관계나 발생확률이 아님
노지고추-담배나방,고추,습도평균_7일,조사 전 7일 평균습도,0.4506,45,비교적 뚜렷,,0,같이 증가,0.4506,조사일 이전 기상과 상대위험의 연관성이며 인과관계나 발생확률이 아님
노지고추-담배나방,고추,습도평균_14일,조사 전 14일 평균습도,0.5779,45,비교적 뚜렷,,0,같이 증가,0.5779,조사일 이전 기상과 상대위험의 연관성이며 인과관계나 발생확률이 아님
노지고추-담배나방,고추,습도평균_30일,조사 전 30일 평균습도,0.6901,45,비교적 뚜렷,,0,같이 증가,0.6901,조사일 이전 기상과 상대위험의 연관성이며 인과관계나 발생확률이 아님
노지고추-담배나방,고추,고습노출_30일,조사 전 30일 고습 노출시간,0.6485,45,비교적 뚜렷,,0,같이 증가,0.6485,조사일 이전 기상과 상대위험의 연관성이며 인과관계나 발생확률이 아님
노지고추-담배나방,고추,강수누적_7일,조사 전 7일 누적강수,,4,자료 부족,,0,뚜렷한 방향 없음,,조사일 이전 기상과 상대위험의 연관성이며 인과관계나 발생확률이 아님
노지고추-담배나방,고추,강수누적_14일,조사 전 14일 누적강수,0.0,9,자료 부족,,0,뚜렷한 방향 없음,0.0,조사일 이전 기상과 상대위험의 연관성이며 인과관계나 발생확률이 아님
노지고추-담배나방,고추,강수누적_30일,조사 전 30일 누적강수,,5,자료 부족,,0,뚜렷한 방향 없음,,조사일 이전 기상과 상대위험의 연관성이며 인과관계나 발생확률이 아님
노지고추-담배나방,고추,풍속평균_30일,조사 전 30일 평균풍속,-0.0067,45,약함,,0,뚜렷한 방향 없음,0.0067,조사일 이전 기상과 상대위험의 연관성이며 인과관계나 발생확률이 아님
노지고추-담배나방,고추,풍속최대_30일,조사 전 30일 최대풍속,0.408,45,참고 가능,,0,같이 증가,0.408,조사일 이전 기상과 상대위험의 연관성이며 인과관계나 발생확률이 아님
노지고추-담배나방,고추,고온노출_30일,조사 전 30일 고온 노출시간,0.4123,45,참고 가능,,0,같이 증가,0.4123,조사일 이전 기상과 상대위험의 연관성이며 인과관계나 발생확률이 아님
노지고추-담배나방,고추,강풍노출_30일,조사 전 30일 강풍 노출시간,0.3568,45,참고 가능,,0,같이 증가,0.3568,조사일 이전 기상과 상대위험의 연관성이며 인과관계나 발생확률이 아님
노지고추-무름병,고추,기온평균_7일,조사 전 7일 평균기온,0.2311,45,약함,,0,같이 증가,0.2311,조사일 이전 기상과 상대위험의 연관성이며 인과관계나 발생확률이 아님
노지고추-무름병,고추,기온평균_14일,조사 전 14일 평균기온,0.2719,45,참고 가능,,0,같이 증가,0.2719,조사일 이전 기상과 상대위험의 연관성이며 인과관계나 발생확률이 아님
노지고추-무름병,고추,기온평균_30일,조사 전 30일 평균기온,0.2897,45,참고 가능,,0,같이 증가,0.2897,조사일 이전 기상과 상대위험의 연관성이며 인과관계나 발생확률이 아님
노지고추-무름병,고추,기온최고_30일,조사 전 30일 최고기온,0.3013,45,참고 가능,,0,같이 증가,0.3013,조사일 이전 기상과 상대위험의 연관성이며 인과관계나 발생확률이 아님
노지고추-무름병,고추,습도평균_7일,조사 전 7일 평균습도,0.0632,45,약함,,0,뚜렷한 방향 없음,0.0632,조사일 이전 기상과 상대위험의 연관성이며 인과관계나 발생확률이 아님
노지고추-무름병,고추,습도평균_14일,조사 전 14일 평균습도,0.2008,45,약함,,0,같이 증가,0.2008,조사일 이전 기상과 상대위험의 연관성이며 인과관계나 발생확률이 아님
노지고추-무름병,고추,습도평균_30일,조사 전 30일 평균습도,0.237,45,약함,,0,같이 증가,0.237,조사일 이전 기상과 상대위험의 연관성이며 인과관계나 발생확률이 아님
노지고추-무름병,고추,고습노출_30일,조사 전 30일 고습 노출시간,0.1909,45,약함,,0,같이 증가,0.1909,조사일 이전 기상과 상대위험의 연관성이며 인과관계나 발생확률이 아님
노지고추-무름병,고추,강수누적_7일,조사 전 7일 누적강수,,4,자료 부족,,0,뚜렷한 방향 없음,,조사일 이전 기상과 상대위험의 연관성이며 인과관계나 발생확률이 아님
노지고추-무름병,고추,강수누적_14일,조사 전 14일 누적강수,,9,자료 부족,,0,뚜렷한 방향 없음,,조사일 이전 기상과 상대위험의 연관성이며 인과관계나 발생확률이 아님
노지고추-무름병,고추,강수누적_30일,조사 전 30일 누적강수,,5,자료 부족,,0,뚜렷한 방향 없음,,조사일 이전 기상과 상대위험의 연관성이며 인과관계나 발생확률이 아님
노지고추-무름병,고추,풍속평균_30일,조사 전 30일 평균풍속,-0.1326,45,약함,,0,반대 방향,0.1326,조사일 이전 기상과 상대위험의 연관성이며 인과관계나 발생확률이 아님
노지고추-무름병,고추,풍속최대_30일,조사 전 30일 최대풍속,0.2615,45,참고 가능,,0,같이 증가,0.2615,조사일 이전 기상과 상대위험의 연관성이며 인과관계나 발생확률이 아님
노지고추-무름병,고추,고온노출_30일,조사 전 30일 고온 노출시간,0.3615,45,참고 가능,,0,같이 증가,0.3615,조사일 이전 기상과 상대위험의 연관성이며 인과관계나 발생확률이 아님
노지고추-무름병,고추,강풍노출_30일,조사 전 30일 강풍 노출시간,0.2105,45,약함,,0,같이 증가,0.2105,조사일 이전 기상과 상대위험의 연관성이며 인과관계나 발생확률이 아님
노지고추-바이러스,고추,기온평균_7일,조사 전 7일 평균기온,0.3684,26,참고 가능,0.3684,26,같이 증가,0.343,조사일 이전 기상과 상대위험의 연관성이며 인과관계나 발생확률이 아님
노지고추-바이러스,고추,기온평균_14일,조사 전 14일 평균기온,0.373,25,참고 가능,0.373,25,같이 증가,0.3405,조사일 이전 기상과 상대위험의 연관성이며 인과관계나 발생확률이 아님
노지고추-바이러스,고추,기온평균_30일,조사 전 30일 평균기온,0.3976,25,참고 가능,0.3976,25,같이 증가,0.3629,조사일 이전 기상과 상대위험의 연관성이며 인과관계나 발생확률이 아님
노지고추-바이러스,고추,기온최고_30일,조사 전 30일 최고기온,0.3287,25,참고 가능,0.3287,25,같이 증가,0.3,조사일 이전 기상과 상대위험의 연관성이며 인과관계나 발생확률이 아님
노지고추-바이러스,고추,습도평균_7일,조사 전 7일 평균습도,0.1844,26,약함,0.1844,26,같이 증가,0.1717,조사일 이전 기상과 상대위험의 연관성이며 인과관계나 발생확률이 아님
노지고추-바이러스,고추,습도평균_14일,조사 전 14일 평균습도,0.2554,25,참고 가능,0.2554,25,같이 증가,0.2332,조사일 이전 기상과 상대위험의 연관성이며 인과관계나 발생확률이 아님
노지고추-바이러스,고추,습도평균_30일,조사 전 30일 평균습도,0.339,25,참고 가능,0.339,25,같이 증가,0.3095,조사일 이전 기상과 상대위험의 연관성이며 인과관계나 발생확률이 아님
노지고추-바이러스,고추,고습노출_30일,조사 전 30일 고습 노출시간,0.2336,25,약함,0.2336,25,같이 증가,0.2133,조사일 이전 기상과 상대위험의 연관성이며 인과관계나 발생확률이 아님
노지고추-바이러스,고추,강수누적_7일,조사 전 7일 누적강수,,0,자료 부족,,0,뚜렷한 방향 없음,,조사일 이전 기상과 상대위험의 연관성이며 인과관계나 발생확률이 아님
노지고추-바이러스,고추,강수누적_14일,조사 전 14일 누적강수,,0,자료 부족,,0,뚜렷한 방향 없음,,조사일 이전 기상과 상대위험의 연관성이며 인과관계나 발생확률이 아님
노지고추-바이러스,고추,강수누적_30일,조사 전 30일 누적강수,,0,자료 부족,,0,뚜렷한 방향 없음,,조사일 이전 기상과 상대위험의 연관성이며 인과관계나 발생확률이 아님
노지고추-바이러스,고추,풍속평균_30일,조사 전 30일 평균풍속,0.0469,25,약함,0.0469,25,뚜렷한 방향 없음,0.0428,조사일 이전 기상과 상대위험의 연관성이며 인과관계나 발생확률이 아님
노지고추-바이러스,고추,풍속최대_30일,조사 전 30일 최대풍속,0.0479,25,약함,0.0479,25,뚜렷한 방향 없음,0.0438,조사일 이전 기상과 상대위험의 연관성이며 인과관계나 발생확률이 아님
노지고추-바이러스,고추,고온노출_30일,조사 전 30일 고온 노출시간,0.2926,25,참고 가능,0.2926,25,같이 증가,0.2671,조사일 이전 기상과 상대위험의 연관성이며 인과관계나 발생확률이 아님
노지고추-바이러스,고추,강풍노출_30일,조사 전 30일 강풍 노출시간,0.0396,25,약함,0.0396,25,뚜렷한 방향 없음,0.0362,조사일 이전 기상과 상대위험의 연관성이며 인과관계나 발생확률이 아님
노지고추-세균점무늬병,고추,기온평균_7일,조사 전 7일 평균기온,0.3366,45,참고 가능,,0,같이 증가,0.3366,조사일 이전 기상과 상대위험의 연관성이며 인과관계나 발생확률이 아님
노지고추-세균점무늬병,고추,기온평균_14일,조사 전 14일 평균기온,0.3414,45,참고 가능,,0,같이 증가,0.3414,조사일 이전 기상과 상대위험의 연관성이며 인과관계나 발생확률이 아님
노지고추-세균점무늬병,고추,기온평균_30일,조사 전 30일 평균기온,0.3591,45,참고 가능,,0,같이 증가,0.3591,조사일 이전 기상과 상대위험의 연관성이며 인과관계나 발생확률이 아님
노지고추-세균점무늬병,고추,기온최고_30일,조사 전 30일 최고기온,0.2849,45,참고 가능,,0,같이 증가,0.2849,조사일 이전 기상과 상대위험의 연관성이며 인과관계나 발생확률이 아님
노지고추-세균점무늬병,고추,습도평균_7일,조사 전 7일 평균습도,0.4617,45,비교적 뚜렷,,0,같이 증가,0.4617,조사일 이전 기상과 상대위험의 연관성이며 인과관계나 발생확률이 아님
노지고추-세균점무늬병,고추,습도평균_14일,조사 전 14일 평균습도,0.4907,45,비교적 뚜렷,,0,같이 증가,0.4907,조사일 이전 기상과 상대위험의 연관성이며 인과관계나 발생확률이 아님
노지고추-세균점무늬병,고추,습도평균_30일,조사 전 30일 평균습도,0.5428,45,비교적 뚜렷,,0,같이 증가,0.5428,조사일 이전 기상과 상대위험의 연관성이며 인과관계나 발생확률이 아님
노지고추-세균점무늬병,고추,고습노출_30일,조사 전 30일 고습 노출시간,0.5069,45,비교적 뚜렷,,0,같이 증가,0.5069,조사일 이전 기상과 상대위험의 연관성이며 인과관계나 발생확률이 아님
노지고추-세균점무늬병,고추,강수누적_7일,조사 전 7일 누적강수,,4,자료 부족,,0,뚜렷한 방향 없음,,조사일 이전 기상과 상대위험의 연관성이며 인과관계나 발생확률이 아님
노지고추-세균점무늬병,고추,강수누적_14일,조사 전 14일 누적강수,0.1287,9,자료 부족,,0,같이 증가,0.0705,조사일 이전 기상과 상대위험의 연관성이며 인과관계나 발생확률이 아님
노지고추-세균점무늬병,고추,강수누적_30일,조사 전 30일 누적강수,,5,자료 부족,,0,뚜렷한 방향 없음,,조사일 이전 기상과 상대위험의 연관성이며 인과관계나 발생확률이 아님
노지고추-세균점무늬병,고추,풍속평균_30일,조사 전 30일 평균풍속,0.3132,45,참고 가능,,0,같이 증가,0.3132,조사일 이전 기상과 상대위험의 연관성이며 인과관계나 발생확률이 아님
노지고추-세균점무늬병,고추,풍속최대_30일,조사 전 30일 최대풍속,0.2946,45,참고 가능,,0,같이 증가,0.2946,조사일 이전 기상과 상대위험의 연관성이며 인과관계나 발생확률이 아님
노지고추-세균점무늬병,고추,고온노출_30일,조사 전 30일 고온 노출시간,0.2895,45,참고 가능,,0,같이 증가,0.2895,조사일 이전 기상과 상대위험의 연관성이며 인과관계나 발생확률이 아님
노지고추-세균점무늬병,고추,강풍노출_30일,조사 전 30일 강풍 노출시간,0.2472,45,약함,,0,같이 증가,0.2472,조사일 이전 기상과 상대위험의 연관성이며 인과관계나 발생확률이 아님
노지고추-역병,고추,기온평균_7일,조사 전 7일 평균기온,0.3607,45,참고 가능,,0,같이 증가,0.3607,조사일 이전 기상과 상대위험의 연관성이며 인과관계나 발생확률이 아님
노지고추-역병,고추,기온평균_14일,조사 전 14일 평균기온,0.371,45,참고 가능,,0,같이 증가,0.371,조사일 이전 기상과 상대위험의 연관성이며 인과관계나 발생확률이 아님
노지고추-역병,고추,기온평균_30일,조사 전 30일 평균기온,0.3572,45,참고 가능,,0,같이 증가,0.3572,조사일 이전 기상과 상대위험의 연관성이며 인과관계나 발생확률이 아님
노지고추-역병,고추,기온최고_30일,조사 전 30일 최고기온,0.1914,45,약함,,0,같이 증가,0.1914,조사일 이전 기상과 상대위험의 연관성이며 인과관계나 발생확률이 아님
노지고추-역병,고추,습도평균_7일,조사 전 7일 평균습도,0.4193,45,참고 가능,,0,같이 증가,0.4193,조사일 이전 기상과 상대위험의 연관성이며 인과관계나 발생확률이 아님
노지고추-역병,고추,습도평균_14일,조사 전 14일 평균습도,0.4713,45,비교적 뚜렷,,0,같이 증가,0.4713,조사일 이전 기상과 상대위험의 연관성이며 인과관계나 발생확률이 아님
노지고추-역병,고추,습도평균_30일,조사 전 30일 평균습도,0.5008,45,비교적 뚜렷,,0,같이 증가,0.5008,조사일 이전 기상과 상대위험의 연관성이며 인과관계나 발생확률이 아님
노지고추-역병,고추,고습노출_30일,조사 전 30일 고습 노출시간,0.4512,45,비교적 뚜렷,,0,같이 증가,0.4512,조사일 이전 기상과 상대위험의 연관성이며 인과관계나 발생확률이 아님
노지고추-역병,고추,강수누적_7일,조사 전 7일 누적강수,,4,자료 부족,,0,뚜렷한 방향 없음,,조사일 이전 기상과 상대위험의 연관성이며 인과관계나 발생확률이 아님
노지고추-역병,고추,강수누적_14일,조사 전 14일 누적강수,-0.0099,9,자료 부족,,0,뚜렷한 방향 없음,0.0054,조사일 이전 기상과 상대위험의 연관성이며 인과관계나 발생확률이 아님
노지고추-역병,고추,강수누적_30일,조사 전 30일 누적강수,,5,자료 부족,,0,뚜렷한 방향 없음,,조사일 이전 기상과 상대위험의 연관성이며 인과관계나 발생확률이 아님
노지고추-역병,고추,풍속평균_30일,조사 전 30일 평균풍속,0.3976,45,참고 가능,,0,같이 증가,0.3976,조사일 이전 기상과 상대위험의 연관성이며 인과관계나 발생확률이 아님
노지고추-역병,고추,풍속최대_30일,조사 전 30일 최대풍속,0.1917,45,약함,,0,같이 증가,0.1917,조사일 이전 기상과 상대위험의 연관성이며 인과관계나 발생확률이 아님
노지고추-역병,고추,고온노출_30일,조사 전 30일 고온 노출시간,0.2336,45,약함,,0,같이 증가,0.2336,조사일 이전 기상과 상대위험의 연관성이며 인과관계나 발생확률이 아님
노지고추-역병,고추,강풍노출_30일,조사 전 30일 강풍 노출시간,0.1744,45,약함,,0,같이 증가,0.1744,조사일 이전 기상과 상대위험의 연관성이며 인과관계나 발생확률이 아님
노지고추-진딧물류,고추,기온평균_7일,조사 전 7일 평균기온,0.0505,45,약함,,0,뚜렷한 방향 없음,0.0505,조사일 이전 기상과 상대위험의 연관성이며 인과관계나 발생확률이 아님
노지고추-진딧물류,고추,기온평균_14일,조사 전 14일 평균기온,0.075,45,약함,,0,뚜렷한 방향 없음,0.075,조사일 이전 기상과 상대위험의 연관성이며 인과관계나 발생확률이 아님
노지고추-진딧물류,고추,기온평균_30일,조사 전 30일 평균기온,0.0899,45,약함,,0,뚜렷한 방향 없음,0.0899,조사일 이전 기상과 상대위험의 연관성이며 인과관계나 발생확률이 아님
노지고추-진딧물류,고추,기온최고_30일,조사 전 30일 최고기온,0.0117,45,약함,,0,뚜렷한 방향 없음,0.0117,조사일 이전 기상과 상대위험의 연관성이며 인과관계나 발생확률이 아님
노지고추-진딧물류,고추,습도평균_7일,조사 전 7일 평균습도,0.3972,45,참고 가능,,0,같이 증가,0.3972,조사일 이전 기상과 상대위험의 연관성이며 인과관계나 발생확률이 아님
노지고추-진딧물류,고추,습도평균_14일,조사 전 14일 평균습도,0.3821,45,참고 가능,,0,같이 증가,0.3821,조사일 이전 기상과 상대위험의 연관성이며 인과관계나 발생확률이 아님
노지고추-진딧물류,고추,습도평균_30일,조사 전 30일 평균습도,0.3804,45,참고 가능,,0,같이 증가,0.3804,조사일 이전 기상과 상대위험의 연관성이며 인과관계나 발생확률이 아님
노지고추-진딧물류,고추,고습노출_30일,조사 전 30일 고습 노출시간,0.4123,45,참고 가능,,0,같이 증가,0.4123,조사일 이전 기상과 상대위험의 연관성이며 인과관계나 발생확률이 아님
노지고추-진딧물류,고추,강수누적_7일,조사 전 7일 누적강수,,4,자료 부족,,0,뚜렷한 방향 없음,,조사일 이전 기상과 상대위험의 연관성이며 인과관계나 발생확률이 아님
노지고추-진딧물류,고추,강수누적_14일,조사 전 14일 누적강수,0.1849,9,자료 부족,,0,같이 증가,0.1013,조사일 이전 기상과 상대위험의 연관성이며 인과관계나 발생확률이 아님
노지고추-진딧물류,고추,강수누적_30일,조사 전 30일 누적강수,,5,자료 부족,,0,뚜렷한 방향 없음,,조사일 이전 기상과 상대위험의 연관성이며 인과관계나 발생확률이 아님
노지고추-진딧물류,고추,풍속평균_30일,조사 전 30일 평균풍속,-0.0296,45,약함,,0,뚜렷한 방향 없음,0.0296,조사일 이전 기상과 상대위험의 연관성이며 인과관계나 발생확률이 아님
노지고추-진딧물류,고추,풍속최대_30일,조사 전 30일 최대풍속,0.2736,45,참고 가능,,0,같이 증가,0.2736,조사일 이전 기상과 상대위험의 연관성이며 인과관계나 발생확률이 아님
노지고추-진딧물류,고추,고온노출_30일,조사 전 30일 고온 노출시간,0.038,45,약함,,0,뚜렷한 방향 없음,0.038,조사일 이전 기상과 상대위험의 연관성이며 인과관계나 발생확률이 아님
노지고추-진딧물류,고추,강풍노출_30일,조사 전 30일 강풍 노출시간,0.2809,45,참고 가능,,0,같이 증가,0.2809,조사일 이전 기상과 상대위험의 연관성이며 인과관계나 발생확률이 아님
노지고추-총채벌레류,고추,기온평균_7일,조사 전 7일 평균기온,0.0126,45,약함,,0,뚜렷한 방향 없음,0.0126,조사일 이전 기상과 상대위험의 연관성이며 인과관계나 발생확률이 아님
노지고추-총채벌레류,고추,기온평균_14일,조사 전 14일 평균기온,0.1204,45,약함,,0,같이 증가,0.1204,조사일 이전 기상과 상대위험의 연관성이며 인과관계나 발생확률이 아님
노지고추-총채벌레류,고추,기온평균_30일,조사 전 30일 평균기온,0.1438,45,약함,,0,같이 증가,0.1438,조사일 이전 기상과 상대위험의 연관성이며 인과관계나 발생확률이 아님
노지고추-총채벌레류,고추,기온최고_30일,조사 전 30일 최고기온,-0.1006,45,약함,,0,반대 방향,0.1006,조사일 이전 기상과 상대위험의 연관성이며 인과관계나 발생확률이 아님
노지고추-총채벌레류,고추,습도평균_7일,조사 전 7일 평균습도,0.4301,45,참고 가능,,0,같이 증가,0.4301,조사일 이전 기상과 상대위험의 연관성이며 인과관계나 발생확률이 아님
노지고추-총채벌레류,고추,습도평균_14일,조사 전 14일 평균습도,0.4266,45,참고 가능,,0,같이 증가,0.4266,조사일 이전 기상과 상대위험의 연관성이며 인과관계나 발생확률이 아님
노지고추-총채벌레류,고추,습도평균_30일,조사 전 30일 평균습도,0.4839,45,비교적 뚜렷,,0,같이 증가,0.4839,조사일 이전 기상과 상대위험의 연관성이며 인과관계나 발생확률이 아님
노지고추-총채벌레류,고추,고습노출_30일,조사 전 30일 고습 노출시간,0.4728,45,비교적 뚜렷,,0,같이 증가,0.4728,조사일 이전 기상과 상대위험의 연관성이며 인과관계나 발생확률이 아님
노지고추-총채벌레류,고추,강수누적_7일,조사 전 7일 누적강수,,4,자료 부족,,0,뚜렷한 방향 없음,,조사일 이전 기상과 상대위험의 연관성이며 인과관계나 발생확률이 아님
노지고추-총채벌레류,고추,강수누적_14일,조사 전 14일 누적강수,0.3193,9,자료 부족,,0,같이 증가,0.1749,조사일 이전 기상과 상대위험의 연관성이며 인과관계나 발생확률이 아님
노지고추-총채벌레류,고추,강수누적_30일,조사 전 30일 누적강수,,5,자료 부족,,0,뚜렷한 방향 없음,,조사일 이전 기상과 상대위험의 연관성이며 인과관계나 발생확률이 아님
노지고추-총채벌레류,고추,풍속평균_30일,조사 전 30일 평균풍속,-0.0535,45,약함,,0,뚜렷한 방향 없음,0.0535,조사일 이전 기상과 상대위험의 연관성이며 인과관계나 발생확률이 아님
노지고추-총채벌레류,고추,풍속최대_30일,조사 전 30일 최대풍속,0.2202,45,약함,,0,같이 증가,0.2202,조사일 이전 기상과 상대위험의 연관성이며 인과관계나 발생확률이 아님
노지고추-총채벌레류,고추,고온노출_30일,조사 전 30일 고온 노출시간,0.0054,45,약함,,0,뚜렷한 방향 없음,0.0054,조사일 이전 기상과 상대위험의 연관성이며 인과관계나 발생확률이 아님
노지고추-총채벌레류,고추,강풍노출_30일,조사 전 30일 강풍 노출시간,0.2367,45,약함,,0,같이 증가,0.2367,조사일 이전 기상과 상대위험의 연관성이며 인과관계나 발생확률이 아님
노지고추-탄저병,고추,기온평균_7일,조사 전 7일 평균기온,0.5145,45,비교적 뚜렷,,0,같이 증가,0.5145,조사일 이전 기상과 상대위험의 연관성이며 인과관계나 발생확률이 아님
노지고추-탄저병,고추,기온평균_14일,조사 전 14일 평균기온,0.5633,45,비교적 뚜렷,,0,같이 증가,0.5633,조사일 이전 기상과 상대위험의 연관성이며 인과관계나 발생확률이 아님
노지고추-탄저병,고추,기온평균_30일,조사 전 30일 평균기온,0.5892,45,비교적 뚜렷,,0,같이 증가,0.5892,조사일 이전 기상과 상대위험의 연관성이며 인과관계나 발생확률이 아님
노지고추-탄저병,고추,기온최고_30일,조사 전 30일 최고기온,0.4025,45,참고 가능,,0,같이 증가,0.4025,조사일 이전 기상과 상대위험의 연관성이며 인과관계나 발생확률이 아님
노지고추-탄저병,고추,습도평균_7일,조사 전 7일 평균습도,0.5743,45,비교적 뚜렷,,0,같이 증가,0.5743,조사일 이전 기상과 상대위험의 연관성이며 인과관계나 발생확률이 아님
노지고추-탄저병,고추,습도평균_14일,조사 전 14일 평균습도,0.6785,45,비교적 뚜렷,,0,같이 증가,0.6785,조사일 이전 기상과 상대위험의 연관성이며 인과관계나 발생확률이 아님
노지고추-탄저병,고추,습도평균_30일,조사 전 30일 평균습도,0.6829,45,비교적 뚜렷,,0,같이 증가,0.6829,조사일 이전 기상과 상대위험의 연관성이며 인과관계나 발생확률이 아님
노지고추-탄저병,고추,고습노출_30일,조사 전 30일 고습 노출시간,0.6116,45,비교적 뚜렷,,0,같이 증가,0.6116,조사일 이전 기상과 상대위험의 연관성이며 인과관계나 발생확률이 아님
노지고추-탄저병,고추,강수누적_7일,조사 전 7일 누적강수,,4,자료 부족,,0,뚜렷한 방향 없음,,조사일 이전 기상과 상대위험의 연관성이며 인과관계나 발생확률이 아님
노지고추-탄저병,고추,강수누적_14일,조사 전 14일 누적강수,0.2712,9,자료 부족,,0,같이 증가,0.1486,조사일 이전 기상과 상대위험의 연관성이며 인과관계나 발생확률이 아님
노지고추-탄저병,고추,강수누적_30일,조사 전 30일 누적강수,,5,자료 부족,,0,뚜렷한 방향 없음,,조사일 이전 기상과 상대위험의 연관성이며 인과관계나 발생확률이 아님
노지고추-탄저병,고추,풍속평균_30일,조사 전 30일 평균풍속,0.106,45,약함,,0,같이 증가,0.106,조사일 이전 기상과 상대위험의 연관성이며 인과관계나 발생확률이 아님
노지고추-탄저병,고추,풍속최대_30일,조사 전 30일 최대풍속,0.3467,45,참고 가능,,0,같이 증가,0.3467,조사일 이전 기상과 상대위험의 연관성이며 인과관계나 발생확률이 아님
노지고추-탄저병,고추,고온노출_30일,조사 전 30일 고온 노출시간,0.4918,45,비교적 뚜렷,,0,같이 증가,0.4918,조사일 이전 기상과 상대위험의 연관성이며 인과관계나 발생확률이 아님
노지고추-탄저병,고추,강풍노출_30일,조사 전 30일 강풍 노출시간,0.3216,45,참고 가능,,0,같이 증가,0.3216,조사일 이전 기상과 상대위험의 연관성이며 인과관계나 발생확률이 아님
노지고추-풋마름병,고추,기온평균_7일,조사 전 7일 평균기온,0.2829,45,참고 가능,,0,같이 증가,0.2829,조사일 이전 기상과 상대위험의 연관성이며 인과관계나 발생확률이 아님
노지고추-풋마름병,고추,기온평균_14일,조사 전 14일 평균기온,0.345,45,참고 가능,,0,같이 증가,0.345,조사일 이전 기상과 상대위험의 연관성이며 인과관계나 발생확률이 아님
노지고추-풋마름병,고추,기온평균_30일,조사 전 30일 평균기온,0.3572,45,참고 가능,,0,같이 증가,0.3572,조사일 이전 기상과 상대위험의 연관성이며 인과관계나 발생확률이 아님
노지고추-풋마름병,고추,기온최고_30일,조사 전 30일 최고기온,0.2769,45,참고 가능,,0,같이 증가,0.2769,조사일 이전 기상과 상대위험의 연관성이며 인과관계나 발생확률이 아님
노지고추-풋마름병,고추,습도평균_7일,조사 전 7일 평균습도,0.4016,45,참고 가능,,0,같이 증가,0.4016,조사일 이전 기상과 상대위험의 연관성이며 인과관계나 발생확률이 아님
노지고추-풋마름병,고추,습도평균_14일,조사 전 14일 평균습도,0.4946,45,비교적 뚜렷,,0,같이 증가,0.4946,조사일 이전 기상과 상대위험의 연관성이며 인과관계나 발생확률이 아님
노지고추-풋마름병,고추,습도평균_30일,조사 전 30일 평균습도,0.5288,45,비교적 뚜렷,,0,같이 증가,0.5288,조사일 이전 기상과 상대위험의 연관성이며 인과관계나 발생확률이 아님
노지고추-풋마름병,고추,고습노출_30일,조사 전 30일 고습 노출시간,0.4799,45,비교적 뚜렷,,0,같이 증가,0.4799,조사일 이전 기상과 상대위험의 연관성이며 인과관계나 발생확률이 아님
노지고추-풋마름병,고추,강수누적_7일,조사 전 7일 누적강수,,4,자료 부족,,0,뚜렷한 방향 없음,,조사일 이전 기상과 상대위험의 연관성이며 인과관계나 발생확률이 아님
노지고추-풋마름병,고추,강수누적_14일,조사 전 14일 누적강수,0.3307,9,자료 부족,,0,같이 증가,0.1812,조사일 이전 기상과 상대위험의 연관성이며 인과관계나 발생확률이 아님
노지고추-풋마름병,고추,강수누적_30일,조사 전 30일 누적강수,,5,자료 부족,,0,뚜렷한 방향 없음,,조사일 이전 기상과 상대위험의 연관성이며 인과관계나 발생확률이 아님
노지고추-풋마름병,고추,풍속평균_30일,조사 전 30일 평균풍속,-0.0006,45,약함,,0,뚜렷한 방향 없음,0.0006,조사일 이전 기상과 상대위험의 연관성이며 인과관계나 발생확률이 아님
노지고추-풋마름병,고추,풍속최대_30일,조사 전 30일 최대풍속,0.1997,45,약함,,0,같이 증가,0.1997,조사일 이전 기상과 상대위험의 연관성이며 인과관계나 발생확률이 아님
노지고추-풋마름병,고추,고온노출_30일,조사 전 30일 고온 노출시간,0.2884,45,참고 가능,,0,같이 증가,0.2884,조사일 이전 기상과 상대위험의 연관성이며 인과관계나 발생확률이 아님
노지고추-풋마름병,고추,강풍노출_30일,조사 전 30일 강풍 노출시간,0.1893,45,약함,,0,같이 증가,0.1893,조사일 이전 기상과 상대위험의 연관성이며 인과관계나 발생확률이 아님
녹병,마늘,기온평균_7일,조사 전 7일 평균기온,0.4678,48,비교적 뚜렷,0.4678,48,같이 증가,0.4678,조사일 이전 기상과 상대위험의 연관성이며 인과관계나 발생확률이 아님
녹병,마늘,기온평균_14일,조사 전 14일 평균기온,0.5203,48,비교적 뚜렷,0.5203,48,같이 증가,0.5203,조사일 이전 기상과 상대위험의 연관성이며 인과관계나 발생확률이 아님
녹병,마늘,기온평균_30일,조사 전 30일 평균기온,0.5383,48,비교적 뚜렷,0.5383,48,같이 증가,0.5383,조사일 이전 기상과 상대위험의 연관성이며 인과관계나 발생확률이 아님
녹병,마늘,기온최고_30일,조사 전 30일 최고기온,0.4269,48,참고 가능,0.4269,48,같이 증가,0.4269,조사일 이전 기상과 상대위험의 연관성이며 인과관계나 발생확률이 아님
녹병,마늘,습도평균_7일,조사 전 7일 평균습도,0.0681,48,약함,0.0681,48,뚜렷한 방향 없음,0.0681,조사일 이전 기상과 상대위험의 연관성이며 인과관계나 발생확률이 아님
녹병,마늘,습도평균_14일,조사 전 14일 평균습도,0.2382,48,약함,0.2382,48,같이 증가,0.2382,조사일 이전 기상과 상대위험의 연관성이며 인과관계나 발생확률이 아님
녹병,마늘,습도평균_30일,조사 전 30일 평균습도,0.2655,48,참고 가능,0.2655,48,같이 증가,0.2655,조사일 이전 기상과 상대위험의 연관성이며 인과관계나 발생확률이 아님
녹병,마늘,고습노출_30일,조사 전 30일 고습 노출시간,0.3531,48,참고 가능,0.3531,48,같이 증가,0.3531,조사일 이전 기상과 상대위험의 연관성이며 인과관계나 발생확률이 아님
녹병,마늘,강수누적_7일,조사 전 7일 누적강수,,0,자료 부족,,0,뚜렷한 방향 없음,,조사일 이전 기상과 상대위험의 연관성이며 인과관계나 발생확률이 아님
녹병,마늘,강수누적_14일,조사 전 14일 누적강수,,0,자료 부족,,0,뚜렷한 방향 없음,,조사일 이전 기상과 상대위험의 연관성이며 인과관계나 발생확률이 아님
녹병,마늘,강수누적_30일,조사 전 30일 누적강수,,0,자료 부족,,0,뚜렷한 방향 없음,,조사일 이전 기상과 상대위험의 연관성이며 인과관계나 발생확률이 아님
녹병,마늘,풍속평균_30일,조사 전 30일 평균풍속,-0.3056,48,참고 가능,-0.3056,48,반대 방향,0.3056,조사일 이전 기상과 상대위험의 연관성이며 인과관계나 발생확률이 아님
녹병,마늘,풍속최대_30일,조사 전 30일 최대풍속,-0.038,48,약함,-0.038,48,뚜렷한 방향 없음,0.038,조사일 이전 기상과 상대위험의 연관성이며 인과관계나 발생확률이 아님
녹병,마늘,고온노출_30일,조사 전 30일 고온 노출시간,0.4604,48,비교적 뚜렷,0.4604,48,같이 증가,0.4604,조사일 이전 기상과 상대위험의 연관성이며 인과관계나 발생확률이 아님
녹병,마늘,강풍노출_30일,조사 전 30일 강풍 노출시간,-0.123,48,약함,-0.123,48,반대 방향,0.123,조사일 이전 기상과 상대위험의 연관성이며 인과관계나 발생확률이 아님
녹병,보리,기온평균_7일,조사 전 7일 평균기온,,36,자료 부족,,0,뚜렷한 방향 없음,,조사일 이전 기상과 상대위험의 연관성이며 인과관계나 발생확률이 아님
녹병,보리,기온평균_14일,조사 전 14일 평균기온,,36,자료 부족,,0,뚜렷한 방향 없음,,조사일 이전 기상과 상대위험의 연관성이며 인과관계나 발생확률이 아님
녹병,보리,기온평균_30일,조사 전 30일 평균기온,,36,자료 부족,,0,뚜렷한 방향 없음,,조사일 이전 기상과 상대위험의 연관성이며 인과관계나 발생확률이 아님
녹병,보리,기온최고_30일,조사 전 30일 최고기온,,36,자료 부족,,0,뚜렷한 방향 없음,,조사일 이전 기상과 상대위험의 연관성이며 인과관계나 발생확률이 아님
녹병,보리,습도평균_7일,조사 전 7일 평균습도,,36,자료 부족,,0,뚜렷한 방향 없음,,조사일 이전 기상과 상대위험의 연관성이며 인과관계나 발생확률이 아님
녹병,보리,습도평균_14일,조사 전 14일 평균습도,,36,자료 부족,,0,뚜렷한 방향 없음,,조사일 이전 기상과 상대위험의 연관성이며 인과관계나 발생확률이 아님
녹병,보리,습도평균_30일,조사 전 30일 평균습도,,36,자료 부족,,0,뚜렷한 방향 없음,,조사일 이전 기상과 상대위험의 연관성이며 인과관계나 발생확률이 아님
녹병,보리,고습노출_30일,조사 전 30일 고습 노출시간,,36,자료 부족,,0,뚜렷한 방향 없음,,조사일 이전 기상과 상대위험의 연관성이며 인과관계나 발생확률이 아님
녹병,보리,강수누적_7일,조사 전 7일 누적강수,,0,자료 부족,,0,뚜렷한 방향 없음,,조사일 이전 기상과 상대위험의 연관성이며 인과관계나 발생확률이 아님
녹병,보리,강수누적_14일,조사 전 14일 누적강수,,0,자료 부족,,0,뚜렷한 방향 없음,,조사일 이전 기상과 상대위험의 연관성이며 인과관계나 발생확률이 아님
녹병,보리,강수누적_30일,조사 전 30일 누적강수,,0,자료 부족,,0,뚜렷한 방향 없음,,조사일 이전 기상과 상대위험의 연관성이며 인과관계나 발생확률이 아님
녹병,보리,풍속평균_30일,조사 전 30일 평균풍속,,36,자료 부족,,0,뚜렷한 방향 없음,,조사일 이전 기상과 상대위험의 연관성이며 인과관계나 발생확률이 아님
녹병,보리,풍속최대_30일,조사 전 30일 최대풍속,,36,자료 부족,,0,뚜렷한 방향 없음,,조사일 이전 기상과 상대위험의 연관성이며 인과관계나 발생확률이 아님
녹병,보리,고온노출_30일,조사 전 30일 고온 노출시간,,36,자료 부족,,0,뚜렷한 방향 없음,,조사일 이전 기상과 상대위험의 연관성이며 인과관계나 발생확률이 아님
녹병,보리,강풍노출_30일,조사 전 30일 강풍 노출시간,,36,자료 부족,,0,뚜렷한 방향 없음,,조사일 이전 기상과 상대위험의 연관성이며 인과관계나 발생확률이 아님
녹병,양파,기온평균_7일,조사 전 7일 평균기온,0.2454,25,약함,,0,같이 증가,0.224,조사일 이전 기상과 상대위험의 연관성이며 인과관계나 발생확률이 아님
녹병,양파,기온평균_14일,조사 전 14일 평균기온,0.3067,25,참고 가능,,0,같이 증가,0.28,조사일 이전 기상과 상대위험의 연관성이며 인과관계나 발생확률이 아님
녹병,양파,기온평균_30일,조사 전 30일 평균기온,0.2863,25,참고 가능,,0,같이 증가,0.2613,조사일 이전 기상과 상대위험의 연관성이며 인과관계나 발생확률이 아님
녹병,양파,기온최고_30일,조사 전 30일 최고기온,0.2661,25,참고 가능,,0,같이 증가,0.2429,조사일 이전 기상과 상대위험의 연관성이며 인과관계나 발생확률이 아님
녹병,양파,습도평균_7일,조사 전 7일 평균습도,-0.0818,25,약함,,0,뚜렷한 방향 없음,0.0747,조사일 이전 기상과 상대위험의 연관성이며 인과관계나 발생확률이 아님
녹병,양파,습도평균_14일,조사 전 14일 평균습도,-0.2454,25,약함,,0,반대 방향,0.224,조사일 이전 기상과 상대위험의 연관성이며 인과관계나 발생확률이 아님
녹병,양파,습도평균_30일,조사 전 30일 평균습도,-0.2045,25,약함,,0,반대 방향,0.1867,조사일 이전 기상과 상대위험의 연관성이며 인과관계나 발생확률이 아님
녹병,양파,고습노출_30일,조사 전 30일 고습 노출시간,-0.1022,25,약함,,0,반대 방향,0.0933,조사일 이전 기상과 상대위험의 연관성이며 인과관계나 발생확률이 아님
녹병,양파,강수누적_7일,조사 전 7일 누적강수,,0,자료 부족,,0,뚜렷한 방향 없음,,조사일 이전 기상과 상대위험의 연관성이며 인과관계나 발생확률이 아님
녹병,양파,강수누적_14일,조사 전 14일 누적강수,,0,자료 부족,,0,뚜렷한 방향 없음,,조사일 이전 기상과 상대위험의 연관성이며 인과관계나 발생확률이 아님
녹병,양파,강수누적_30일,조사 전 30일 누적강수,,0,자료 부족,,0,뚜렷한 방향 없음,,조사일 이전 기상과 상대위험의 연관성이며 인과관계나 발생확률이 아님
녹병,양파,풍속평균_30일,조사 전 30일 평균풍속,0.0204,25,약함,,0,뚜렷한 방향 없음,0.0187,조사일 이전 기상과 상대위험의 연관성이며 인과관계나 발생확률이 아님
녹병,양파,풍속최대_30일,조사 전 30일 최대풍속,0.2251,25,약함,,0,같이 증가,0.2055,조사일 이전 기상과 상대위험의 연관성이며 인과관계나 발생확률이 아님
녹병,양파,고온노출_30일,조사 전 30일 고온 노출시간,0.2647,25,참고 가능,,0,같이 증가,0.2416,조사일 이전 기상과 상대위험의 연관성이며 인과관계나 발생확률이 아님
녹병,양파,강풍노출_30일,조사 전 30일 강풍 노출시간,0.1844,25,약함,,0,같이 증가,0.1683,조사일 이전 기상과 상대위험의 연관성이며 인과관계나 발생확률이 아님
담배가루이,고추,기온평균_7일,조사 전 7일 평균기온,,26,자료 부족,,26,뚜렷한 방향 없음,,조사일 이전 기상과 상대위험의 연관성이며 인과관계나 발생확률이 아님
담배가루이,고추,기온평균_14일,조사 전 14일 평균기온,,25,자료 부족,,25,뚜렷한 방향 없음,,조사일 이전 기상과 상대위험의 연관성이며 인과관계나 발생확률이 아님
담배가루이,고추,기온평균_30일,조사 전 30일 평균기온,,25,자료 부족,,25,뚜렷한 방향 없음,,조사일 이전 기상과 상대위험의 연관성이며 인과관계나 발생확률이 아님
담배가루이,고추,기온최고_30일,조사 전 30일 최고기온,,25,자료 부족,,25,뚜렷한 방향 없음,,조사일 이전 기상과 상대위험의 연관성이며 인과관계나 발생확률이 아님
담배가루이,고추,습도평균_7일,조사 전 7일 평균습도,,26,자료 부족,,26,뚜렷한 방향 없음,,조사일 이전 기상과 상대위험의 연관성이며 인과관계나 발생확률이 아님
담배가루이,고추,습도평균_14일,조사 전 14일 평균습도,,25,자료 부족,,25,뚜렷한 방향 없음,,조사일 이전 기상과 상대위험의 연관성이며 인과관계나 발생확률이 아님
담배가루이,고추,습도평균_30일,조사 전 30일 평균습도,,25,자료 부족,,25,뚜렷한 방향 없음,,조사일 이전 기상과 상대위험의 연관성이며 인과관계나 발생확률이 아님
담배가루이,고추,고습노출_30일,조사 전 30일 고습 노출시간,,25,자료 부족,,25,뚜렷한 방향 없음,,조사일 이전 기상과 상대위험의 연관성이며 인과관계나 발생확률이 아님
담배가루이,고추,강수누적_7일,조사 전 7일 누적강수,,0,자료 부족,,0,뚜렷한 방향 없음,,조사일 이전 기상과 상대위험의 연관성이며 인과관계나 발생확률이 아님
담배가루이,고추,강수누적_14일,조사 전 14일 누적강수,,0,자료 부족,,0,뚜렷한 방향 없음,,조사일 이전 기상과 상대위험의 연관성이며 인과관계나 발생확률이 아님
담배가루이,고추,강수누적_30일,조사 전 30일 누적강수,,0,자료 부족,,0,뚜렷한 방향 없음,,조사일 이전 기상과 상대위험의 연관성이며 인과관계나 발생확률이 아님
담배가루이,고추,풍속평균_30일,조사 전 30일 평균풍속,,25,자료 부족,,25,뚜렷한 방향 없음,,조사일 이전 기상과 상대위험의 연관성이며 인과관계나 발생확률이 아님
담배가루이,고추,풍속최대_30일,조사 전 30일 최대풍속,,25,자료 부족,,25,뚜렷한 방향 없음,,조사일 이전 기상과 상대위험의 연관성이며 인과관계나 발생확률이 아님
담배가루이,고추,고온노출_30일,조사 전 30일 고온 노출시간,,25,자료 부족,,25,뚜렷한 방향 없음,,조사일 이전 기상과 상대위험의 연관성이며 인과관계나 발생확률이 아님
담배가루이,고추,강풍노출_30일,조사 전 30일 강풍 노출시간,,25,자료 부족,,25,뚜렷한 방향 없음,,조사일 이전 기상과 상대위험의 연관성이며 인과관계나 발생확률이 아님
담배거세미나방,콩,기온평균_7일,조사 전 7일 평균기온,0.3511,90,참고 가능,,0,같이 증가,0.3511,조사일 이전 기상과 상대위험의 연관성이며 인과관계나 발생확률이 아님
담배거세미나방,콩,기온평균_14일,조사 전 14일 평균기온,0.3669,90,참고 가능,,0,같이 증가,0.3669,조사일 이전 기상과 상대위험의 연관성이며 인과관계나 발생확률이 아님
담배거세미나방,콩,기온평균_30일,조사 전 30일 평균기온,0.3615,90,참고 가능,,0,같이 증가,0.3615,조사일 이전 기상과 상대위험의 연관성이며 인과관계나 발생확률이 아님
담배거세미나방,콩,기온최고_30일,조사 전 30일 최고기온,0.2069,90,약함,,0,같이 증가,0.2069,조사일 이전 기상과 상대위험의 연관성이며 인과관계나 발생확률이 아님
담배거세미나방,콩,습도평균_7일,조사 전 7일 평균습도,0.2791,90,참고 가능,,0,같이 증가,0.2791,조사일 이전 기상과 상대위험의 연관성이며 인과관계나 발생확률이 아님
담배거세미나방,콩,습도평균_14일,조사 전 14일 평균습도,0.326,90,참고 가능,,0,같이 증가,0.326,조사일 이전 기상과 상대위험의 연관성이며 인과관계나 발생확률이 아님
담배거세미나방,콩,습도평균_30일,조사 전 30일 평균습도,0.3875,90,참고 가능,,0,같이 증가,0.3875,조사일 이전 기상과 상대위험의 연관성이며 인과관계나 발생확률이 아님
담배거세미나방,콩,고습노출_30일,조사 전 30일 고습 노출시간,0.387,90,참고 가능,,0,같이 증가,0.387,조사일 이전 기상과 상대위험의 연관성이며 인과관계나 발생확률이 아님
담배거세미나방,콩,강수누적_7일,조사 전 7일 누적강수,-0.2582,8,자료 부족,,0,반대 방향,0.1333,조사일 이전 기상과 상대위험의 연관성이며 인과관계나 발생확률이 아님
담배거세미나방,콩,강수누적_14일,조사 전 14일 누적강수,-0.1369,18,약함,,0,반대 방향,0.1061,조사일 이전 기상과 상대위험의 연관성이며 인과관계나 발생확률이 아님
담배거세미나방,콩,강수누적_30일,조사 전 30일 누적강수,-0.3928,12,약함,,0,반대 방향,0.2484,조사일 이전 기상과 상대위험의 연관성이며 인과관계나 발생확률이 아님
담배거세미나방,콩,풍속평균_30일,조사 전 30일 평균풍속,0.3198,90,참고 가능,,0,같이 증가,0.3198,조사일 이전 기상과 상대위험의 연관성이며 인과관계나 발생확률이 아님
담배거세미나방,콩,풍속최대_30일,조사 전 30일 최대풍속,0.3292,90,참고 가능,,0,같이 증가,0.3292,조사일 이전 기상과 상대위험의 연관성이며 인과관계나 발생확률이 아님
담배거세미나방,콩,고온노출_30일,조사 전 30일 고온 노출시간,0.347,90,참고 가능,,0,같이 증가,0.347,조사일 이전 기상과 상대위험의 연관성이며 인과관계나 발생확률이 아님
담배거세미나방,콩,강풍노출_30일,조사 전 30일 강풍 노출시간,0.3845,90,참고 가능,,0,같이 증가,0.3845,조사일 이전 기상과 상대위험의 연관성이며 인과관계나 발생확률이 아님
담배나방,고추,기온평균_7일,조사 전 7일 평균기온,0.5445,26,참고 가능,0.5445,26,같이 증가,0.5069,조사일 이전 기상과 상대위험의 연관성이며 인과관계나 발생확률이 아님
담배나방,고추,기온평균_14일,조사 전 14일 평균기온,0.5972,25,참고 가능,0.5972,25,같이 증가,0.5452,조사일 이전 기상과 상대위험의 연관성이며 인과관계나 발생확률이 아님
담배나방,고추,기온평균_30일,조사 전 30일 평균기온,0.6085,25,참고 가능,0.6085,25,같이 증가,0.5555,조사일 이전 기상과 상대위험의 연관성이며 인과관계나 발생확률이 아님
담배나방,고추,기온최고_30일,조사 전 30일 최고기온,0.4708,25,참고 가능,0.4708,25,같이 증가,0.4298,조사일 이전 기상과 상대위험의 연관성이며 인과관계나 발생확률이 아님
담배나방,고추,습도평균_7일,조사 전 7일 평균습도,-0.0835,26,약함,-0.0835,26,뚜렷한 방향 없음,0.0778,조사일 이전 기상과 상대위험의 연관성이며 인과관계나 발생확률이 아님
담배나방,고추,습도평균_14일,조사 전 14일 평균습도,-0.1429,25,약함,-0.1429,25,반대 방향,0.1304,조사일 이전 기상과 상대위험의 연관성이며 인과관계나 발생확률이 아님
담배나방,고추,습도평균_30일,조사 전 30일 평균습도,-0.0517,25,약함,-0.0517,25,뚜렷한 방향 없음,0.0472,조사일 이전 기상과 상대위험의 연관성이며 인과관계나 발생확률이 아님
담배나방,고추,고습노출_30일,조사 전 30일 고습 노출시간,-0.1333,25,약함,-0.1333,25,반대 방향,0.1217,조사일 이전 기상과 상대위험의 연관성이며 인과관계나 발생확률이 아님
담배나방,고추,강수누적_7일,조사 전 7일 누적강수,,0,자료 부족,,0,뚜렷한 방향 없음,,조사일 이전 기상과 상대위험의 연관성이며 인과관계나 발생확률이 아님
담배나방,고추,강수누적_14일,조사 전 14일 누적강수,,0,자료 부족,,0,뚜렷한 방향 없음,,조사일 이전 기상과 상대위험의 연관성이며 인과관계나 발생확률이 아님
담배나방,고추,강수누적_30일,조사 전 30일 누적강수,,0,자료 부족,,0,뚜렷한 방향 없음,,조사일 이전 기상과 상대위험의 연관성이며 인과관계나 발생확률이 아님
담배나방,고추,풍속평균_30일,조사 전 30일 평균풍속,0.2545,25,참고 가능,0.2545,25,같이 증가,0.2323,조사일 이전 기상과 상대위험의 연관성이며 인과관계나 발생확률이 아님
담배나방,고추,풍속최대_30일,조사 전 30일 최대풍속,-0.2325,25,약함,-0.2325,25,반대 방향,0.2122,조사일 이전 기상과 상대위험의 연관성이며 인과관계나 발생확률이 아님
담배나방,고추,고온노출_30일,조사 전 30일 고온 노출시간,0.5842,25,참고 가능,0.5842,25,같이 증가,0.5333,조사일 이전 기상과 상대위험의 연관성이며 인과관계나 발생확률이 아님
담배나방,고추,강풍노출_30일,조사 전 30일 강풍 노출시간,-0.1386,25,약함,-0.1386,25,반대 방향,0.1266,조사일 이전 기상과 상대위험의 연관성이며 인과관계나 발생확률이 아님
더뎅이병,감귤,기온평균_7일,조사 전 7일 평균기온,,7,자료 부족,,0,뚜렷한 방향 없음,,조사일 이전 기상과 상대위험의 연관성이며 인과관계나 발생확률이 아님
더뎅이병,감귤,기온평균_14일,조사 전 14일 평균기온,,7,자료 부족,,0,뚜렷한 방향 없음,,조사일 이전 기상과 상대위험의 연관성이며 인과관계나 발생확률이 아님
더뎅이병,감귤,기온평균_30일,조사 전 30일 평균기온,,7,자료 부족,,0,뚜렷한 방향 없음,,조사일 이전 기상과 상대위험의 연관성이며 인과관계나 발생확률이 아님
더뎅이병,감귤,기온최고_30일,조사 전 30일 최고기온,,7,자료 부족,,0,뚜렷한 방향 없음,,조사일 이전 기상과 상대위험의 연관성이며 인과관계나 발생확률이 아님
더뎅이병,감귤,습도평균_7일,조사 전 7일 평균습도,,7,자료 부족,,0,뚜렷한 방향 없음,,조사일 이전 기상과 상대위험의 연관성이며 인과관계나 발생확률이 아님
더뎅이병,감귤,습도평균_14일,조사 전 14일 평균습도,,7,자료 부족,,0,뚜렷한 방향 없음,,조사일 이전 기상과 상대위험의 연관성이며 인과관계나 발생확률이 아님
더뎅이병,감귤,습도평균_30일,조사 전 30일 평균습도,,7,자료 부족,,0,뚜렷한 방향 없음,,조사일 이전 기상과 상대위험의 연관성이며 인과관계나 발생확률이 아님
더뎅이병,감귤,고습노출_30일,조사 전 30일 고습 노출시간,,7,자료 부족,,0,뚜렷한 방향 없음,,조사일 이전 기상과 상대위험의 연관성이며 인과관계나 발생확률이 아님
더뎅이병,감귤,강수누적_7일,조사 전 7일 누적강수,,0,자료 부족,,0,뚜렷한 방향 없음,,조사일 이전 기상과 상대위험의 연관성이며 인과관계나 발생확률이 아님
더뎅이병,감귤,강수누적_14일,조사 전 14일 누적강수,,0,자료 부족,,0,뚜렷한 방향 없음,,조사일 이전 기상과 상대위험의 연관성이며 인과관계나 발생확률이 아님
더뎅이병,감귤,강수누적_30일,조사 전 30일 누적강수,,1,자료 부족,,0,뚜렷한 방향 없음,,조사일 이전 기상과 상대위험의 연관성이며 인과관계나 발생확률이 아님
더뎅이병,감귤,풍속평균_30일,조사 전 30일 평균풍속,,7,자료 부족,,0,뚜렷한 방향 없음,,조사일 이전 기상과 상대위험의 연관성이며 인과관계나 발생확률이 아님
더뎅이병,감귤,풍속최대_30일,조사 전 30일 최대풍속,,7,자료 부족,,0,뚜렷한 방향 없음,,조사일 이전 기상과 상대위험의 연관성이며 인과관계나 발생확률이 아님
더뎅이병,감귤,고온노출_30일,조사 전 30일 고온 노출시간,,7,자료 부족,,0,뚜렷한 방향 없음,,조사일 이전 기상과 상대위험의 연관성이며 인과관계나 발생확률이 아님
더뎅이병,감귤,강풍노출_30일,조사 전 30일 강풍 노출시간,,7,자료 부족,,0,뚜렷한 방향 없음,,조사일 이전 기상과 상대위험의 연관성이며 인과관계나 발생확률이 아님
둥근무늬낙엽병,감,기온평균_7일,조사 전 7일 평균기온,0.0775,27,약함,,0,뚜렷한 방향 없음,0.0735,조사일 이전 기상과 상대위험의 연관성이며 인과관계나 발생확률이 아님
둥근무늬낙엽병,감,기온평균_14일,조사 전 14일 평균기온,0.1434,27,약함,,0,같이 증가,0.1361,조사일 이전 기상과 상대위험의 연관성이며 인과관계나 발생확률이 아님
둥근무늬낙엽병,감,기온평균_30일,조사 전 30일 평균기온,0.1533,27,약함,,0,같이 증가,0.1454,조사일 이전 기상과 상대위험의 연관성이며 인과관계나 발생확률이 아님
둥근무늬낙엽병,감,기온최고_30일,조사 전 30일 최고기온,0.2854,27,참고 가능,,0,같이 증가,0.2708,조사일 이전 기상과 상대위험의 연관성이며 인과관계나 발생확률이 아님
둥근무늬낙엽병,감,습도평균_7일,조사 전 7일 평균습도,0.2735,27,참고 가능,,0,같이 증가,0.2594,조사일 이전 기상과 상대위험의 연관성이며 인과관계나 발생확률이 아님
둥근무늬낙엽병,감,습도평균_14일,조사 전 14일 평균습도,0.1949,27,약함,,0,같이 증가,0.1849,조사일 이전 기상과 상대위험의 연관성이며 인과관계나 발생확률이 아님
둥근무늬낙엽병,감,습도평균_30일,조사 전 30일 평균습도,0.1117,27,약함,,0,같이 증가,0.106,조사일 이전 기상과 상대위험의 연관성이며 인과관계나 발생확률이 아님
둥근무늬낙엽병,감,고습노출_30일,조사 전 30일 고습 노출시간,0.1529,27,약함,,0,같이 증가,0.1451,조사일 이전 기상과 상대위험의 연관성이며 인과관계나 발생확률이 아님
둥근무늬낙엽병,감,강수누적_7일,조사 전 7일 누적강수,,2,자료 부족,,0,뚜렷한 방향 없음,,조사일 이전 기상과 상대위험의 연관성이며 인과관계나 발생확률이 아님
둥근무늬낙엽병,감,강수누적_14일,조사 전 14일 누적강수,,4,자료 부족,,0,뚜렷한 방향 없음,,조사일 이전 기상과 상대위험의 연관성이며 인과관계나 발생확률이 아님
둥근무늬낙엽병,감,강수누적_30일,조사 전 30일 누적강수,,2,자료 부족,,0,뚜렷한 방향 없음,,조사일 이전 기상과 상대위험의 연관성이며 인과관계나 발생확률이 아님
둥근무늬낙엽병,감,풍속평균_30일,조사 전 30일 평균풍속,-0.1843,27,약함,,0,반대 방향,0.1748,조사일 이전 기상과 상대위험의 연관성이며 인과관계나 발생확률이 아님
둥근무늬낙엽병,감,풍속최대_30일,조사 전 30일 최대풍속,0.2269,27,약함,,0,같이 증가,0.2153,조사일 이전 기상과 상대위험의 연관성이며 인과관계나 발생확률이 아님
둥근무늬낙엽병,감,고온노출_30일,조사 전 30일 고온 노출시간,0.2122,27,약함,,0,같이 증가,0.2013,조사일 이전 기상과 상대위험의 연관성이며 인과관계나 발생확률이 아님
둥근무늬낙엽병,감,강풍노출_30일,조사 전 30일 강풍 노출시간,0.0967,27,약함,,0,뚜렷한 방향 없음,0.0917,조사일 이전 기상과 상대위험의 연관성이며 인과관계나 발생확률이 아님
매점병,감,기온평균_7일,조사 전 7일 평균기온,0.3604,27,참고 가능,,0,같이 증가,0.3419,조사일 이전 기상과 상대위험의 연관성이며 인과관계나 발생확률이 아님
매점병,감,기온평균_14일,조사 전 14일 평균기온,0.3933,27,참고 가능,,0,같이 증가,0.3731,조사일 이전 기상과 상대위험의 연관성이며 인과관계나 발생확률이 아님
매점병,감,기온평균_30일,조사 전 30일 평균기온,0.4037,27,참고 가능,,0,같이 증가,0.3829,조사일 이전 기상과 상대위험의 연관성이며 인과관계나 발생확률이 아님
매점병,감,기온최고_30일,조사 전 30일 최고기온,0.3104,27,참고 가능,,0,같이 증가,0.2944,조사일 이전 기상과 상대위험의 연관성이며 인과관계나 발생확률이 아님
매점병,감,습도평균_7일,조사 전 7일 평균습도,0.4762,27,참고 가능,,0,같이 증가,0.4518,조사일 이전 기상과 상대위험의 연관성이며 인과관계나 발생확률이 아님
매점병,감,습도평균_14일,조사 전 14일 평균습도,0.5181,27,참고 가능,,0,같이 증가,0.4915,조사일 이전 기상과 상대위험의 연관성이며 인과관계나 발생확률이 아님
매점병,감,습도평균_30일,조사 전 30일 평균습도,0.5604,27,참고 가능,,0,같이 증가,0.5317,조사일 이전 기상과 상대위험의 연관성이며 인과관계나 발생확률이 아님
매점병,감,고습노출_30일,조사 전 30일 고습 노출시간,0.5388,27,참고 가능,,0,같이 증가,0.5112,조사일 이전 기상과 상대위험의 연관성이며 인과관계나 발생확률이 아님
매점병,감,강수누적_7일,조사 전 7일 누적강수,,2,자료 부족,,0,뚜렷한 방향 없음,,조사일 이전 기상과 상대위험의 연관성이며 인과관계나 발생확률이 아님
매점병,감,강수누적_14일,조사 전 14일 누적강수,,4,자료 부족,,0,뚜렷한 방향 없음,,조사일 이전 기상과 상대위험의 연관성이며 인과관계나 발생확률이 아님
매점병,감,강수누적_30일,조사 전 30일 누적강수,,2,자료 부족,,0,뚜렷한 방향 없음,,조사일 이전 기상과 상대위험의 연관성이며 인과관계나 발생확률이 아님
매점병,감,풍속평균_30일,조사 전 30일 평균풍속,0.4613,27,참고 가능,,0,같이 증가,0.4376,조사일 이전 기상과 상대위험의 연관성이며 인과관계나 발생확률이 아님
매점병,감,풍속최대_30일,조사 전 30일 최대풍속,0.4216,27,참고 가능,,0,같이 증가,0.3999,조사일 이전 기상과 상대위험의 연관성이며 인과관계나 발생확률이 아님
매점병,감,고온노출_30일,조사 전 30일 고온 노출시간,0.2487,27,약함,,0,같이 증가,0.236,조사일 이전 기상과 상대위험의 연관성이며 인과관계나 발생확률이 아님
매점병,감,강풍노출_30일,조사 전 30일 강풍 노출시간,0.514,27,참고 가능,,0,같이 증가,0.4876,조사일 이전 기상과 상대위험의 연관성이며 인과관계나 발생확률이 아님
먹노린재,논벼,기온평균_7일,조사 전 7일 평균기온,0.1902,444,약함,0.1424,112,같이 증가,0.1902,조사일 이전 기상과 상대위험의 연관성이며 인과관계나 발생확률이 아님
먹노린재,논벼,기온평균_14일,조사 전 14일 평균기온,0.1283,444,약함,0.0835,112,같이 증가,0.1283,조사일 이전 기상과 상대위험의 연관성이며 인과관계나 발생확률이 아님
먹노린재,논벼,기온평균_30일,조사 전 30일 평균기온,0.1184,444,약함,0.1227,112,같이 증가,0.1184,조사일 이전 기상과 상대위험의 연관성이며 인과관계나 발생확률이 아님
먹노린재,논벼,기온최고_30일,조사 전 30일 최고기온,0.0639,444,약함,0.0344,112,뚜렷한 방향 없음,0.0639,조사일 이전 기상과 상대위험의 연관성이며 인과관계나 발생확률이 아님
먹노린재,논벼,습도평균_7일,조사 전 7일 평균습도,0.262,444,참고 가능,0.2307,112,같이 증가,0.262,조사일 이전 기상과 상대위험의 연관성이며 인과관계나 발생확률이 아님
먹노린재,논벼,습도평균_14일,조사 전 14일 평균습도,0.3078,444,참고 가능,0.2896,112,같이 증가,0.3078,조사일 이전 기상과 상대위험의 연관성이며 인과관계나 발생확률이 아님
먹노린재,논벼,습도평균_30일,조사 전 30일 평균습도,0.2552,444,참고 가능,0.1325,112,같이 증가,0.2552,조사일 이전 기상과 상대위험의 연관성이며 인과관계나 발생확률이 아님
먹노린재,논벼,고습노출_30일,조사 전 30일 고습 노출시간,0.244,444,약함,-0.0638,112,같이 증가,0.244,조사일 이전 기상과 상대위험의 연관성이며 인과관계나 발생확률이 아님
먹노린재,논벼,강수누적_7일,조사 전 7일 누적강수,-0.3307,28,참고 가능,,0,반대 방향,0.3195,조사일 이전 기상과 상대위험의 연관성이며 인과관계나 발생확률이 아님
먹노린재,논벼,강수누적_14일,조사 전 14일 누적강수,-0.2789,40,참고 가능,,0,반대 방향,0.2789,조사일 이전 기상과 상대위험의 연관성이며 인과관계나 발생확률이 아님
먹노린재,논벼,강수누적_30일,조사 전 30일 누적강수,-0.5426,24,참고 가능,,0,반대 방향,0.4853,조사일 이전 기상과 상대위험의 연관성이며 인과관계나 발생확률이 아님
먹노린재,논벼,풍속평균_30일,조사 전 30일 평균풍속,0.0787,444,약함,0.0147,112,뚜렷한 방향 없음,0.0787,조사일 이전 기상과 상대위험의 연관성이며 인과관계나 발생확률이 아님
먹노린재,논벼,풍속최대_30일,조사 전 30일 최대풍속,0.2974,444,참고 가능,0.0147,112,같이 증가,0.2974,조사일 이전 기상과 상대위험의 연관성이며 인과관계나 발생확률이 아님
먹노린재,논벼,고온노출_30일,조사 전 30일 고온 노출시간,0.0487,444,약함,0.1129,112,뚜렷한 방향 없음,0.0487,조사일 이전 기상과 상대위험의 연관성이며 인과관계나 발생확률이 아님
먹노린재,논벼,강풍노출_30일,조사 전 30일 강풍 노출시간,0.2745,444,참고 가능,-0.0557,112,같이 증가,0.2745,조사일 이전 기상과 상대위험의 연관성이며 인과관계나 발생확률이 아님
멸강나방,논벼,기온평균_7일,조사 전 7일 평균기온,-0.0051,444,약함,0.0719,112,뚜렷한 방향 없음,0.0051,조사일 이전 기상과 상대위험의 연관성이며 인과관계나 발생확률이 아님
멸강나방,논벼,기온평균_14일,조사 전 14일 평균기온,-0.0257,444,약함,0.113,112,뚜렷한 방향 없음,0.0257,조사일 이전 기상과 상대위험의 연관성이며 인과관계나 발생확률이 아님
멸강나방,논벼,기온평균_30일,조사 전 30일 평균기온,-0.0566,444,약함,0.0924,112,뚜렷한 방향 없음,0.0566,조사일 이전 기상과 상대위험의 연관성이며 인과관계나 발생확률이 아님
멸강나방,논벼,기온최고_30일,조사 전 30일 최고기온,-0.0077,444,약함,0.113,112,뚜렷한 방향 없음,0.0077,조사일 이전 기상과 상대위험의 연관성이며 인과관계나 발생확률이 아님
멸강나방,논벼,습도평균_7일,조사 전 7일 평균습도,-0.0026,444,약함,0.0924,112,뚜렷한 방향 없음,0.0026,조사일 이전 기상과 상대위험의 연관성이며 인과관계나 발생확률이 아님
멸강나방,논벼,습도평균_14일,조사 전 14일 평균습도,-0.036,444,약함,0.0924,112,뚜렷한 방향 없음,0.036,조사일 이전 기상과 상대위험의 연관성이며 인과관계나 발생확률이 아님
멸강나방,논벼,습도평균_30일,조사 전 30일 평균습도,-0.0051,444,약함,0.1746,112,뚜렷한 방향 없음,0.0051,조사일 이전 기상과 상대위험의 연관성이며 인과관계나 발생확률이 아님
멸강나방,논벼,고습노출_30일,조사 전 30일 고습 노출시간,0.0026,444,약함,0.154,112,뚜렷한 방향 없음,0.0026,조사일 이전 기상과 상대위험의 연관성이며 인과관계나 발생확률이 아님
멸강나방,논벼,강수누적_7일,조사 전 7일 누적강수,,28,자료 부족,,0,뚜렷한 방향 없음,,조사일 이전 기상과 상대위험의 연관성이며 인과관계나 발생확률이 아님
멸강나방,논벼,강수누적_14일,조사 전 14일 누적강수,,40,자료 부족,,0,뚜렷한 방향 없음,,조사일 이전 기상과 상대위험의 연관성이며 인과관계나 발생확률이 아님
멸강나방,논벼,강수누적_30일,조사 전 30일 누적강수,,24,자료 부족,,0,뚜렷한 방향 없음,,조사일 이전 기상과 상대위험의 연관성이며 인과관계나 발생확률이 아님
멸강나방,논벼,풍속평균_30일,조사 전 30일 평균풍속,-0.1055,444,약함,-0.2362,112,반대 방향,0.1055,조사일 이전 기상과 상대위험의 연관성이며 인과관계나 발생확률이 아님
멸강나방,논벼,풍속최대_30일,조사 전 30일 최대풍속,-0.0528,444,약함,-0.1746,112,뚜렷한 방향 없음,0.0528,조사일 이전 기상과 상대위험의 연관성이며 인과관계나 발생확률이 아님
멸강나방,논벼,고온노출_30일,조사 전 30일 고온 노출시간,-0.0824,444,약함,0.0103,112,뚜렷한 방향 없음,0.0824,조사일 이전 기상과 상대위험의 연관성이며 인과관계나 발생확률이 아님
멸강나방,논벼,강풍노출_30일,조사 전 30일 강풍 노출시간,-0.0791,444,약함,-0.1801,112,뚜렷한 방향 없음,0.0791,조사일 이전 기상과 상대위험의 연관성이며 인과관계나 발생확률이 아님
멸강나방_유충,보리,기온평균_7일,조사 전 7일 평균기온,0.1058,36,약함,,0,같이 증가,0.1058,조사일 이전 기상과 상대위험의 연관성이며 인과관계나 발생확률이 아님
멸강나방_유충,보리,기온평균_14일,조사 전 14일 평균기온,0.1383,36,약함,,0,같이 증가,0.1383,조사일 이전 기상과 상대위험의 연관성이며 인과관계나 발생확률이 아님
멸강나방_유충,보리,기온평균_30일,조사 전 30일 평균기온,0.1383,36,약함,,0,같이 증가,0.1383,조사일 이전 기상과 상대위험의 연관성이며 인과관계나 발생확률이 아님
멸강나방_유충,보리,기온최고_30일,조사 전 30일 최고기온,0.1058,36,약함,,0,같이 증가,0.1058,조사일 이전 기상과 상대위험의 연관성이며 인과관계나 발생확률이 아님
멸강나방_유충,보리,습도평균_7일,조사 전 7일 평균습도,0.2197,36,약함,,0,같이 증가,0.2197,조사일 이전 기상과 상대위험의 연관성이며 인과관계나 발생확률이 아님
멸강나방_유충,보리,습도평균_14일,조사 전 14일 평균습도,0.1871,36,약함,,0,같이 증가,0.1871,조사일 이전 기상과 상대위험의 연관성이며 인과관계나 발생확률이 아님
멸강나방_유충,보리,습도평균_30일,조사 전 30일 평균습도,0.1871,36,약함,,0,같이 증가,0.1871,조사일 이전 기상과 상대위험의 연관성이며 인과관계나 발생확률이 아님
멸강나방_유충,보리,고습노출_30일,조사 전 30일 고습 노출시간,0.1546,36,약함,,0,같이 증가,0.1546,조사일 이전 기상과 상대위험의 연관성이며 인과관계나 발생확률이 아님
멸강나방_유충,보리,강수누적_7일,조사 전 7일 누적강수,,0,자료 부족,,0,뚜렷한 방향 없음,,조사일 이전 기상과 상대위험의 연관성이며 인과관계나 발생확률이 아님
멸강나방_유충,보리,강수누적_14일,조사 전 14일 누적강수,,0,자료 부족,,0,뚜렷한 방향 없음,,조사일 이전 기상과 상대위험의 연관성이며 인과관계나 발생확률이 아님
멸강나방_유충,보리,강수누적_30일,조사 전 30일 누적강수,,0,자료 부족,,0,뚜렷한 방향 없음,,조사일 이전 기상과 상대위험의 연관성이며 인과관계나 발생확률이 아님
멸강나방_유충,보리,풍속평균_30일,조사 전 30일 평균풍속,0.2034,36,약함,,0,같이 증가,0.2034,조사일 이전 기상과 상대위험의 연관성이며 인과관계나 발생확률이 아님
멸강나방_유충,보리,풍속최대_30일,조사 전 30일 최대풍속,0.0896,36,약함,,0,뚜렷한 방향 없음,0.0896,조사일 이전 기상과 상대위험의 연관성이며 인과관계나 발생확률이 아님
멸강나방_유충,보리,고온노출_30일,조사 전 30일 고온 노출시간,0.0922,36,약함,,0,뚜렷한 방향 없음,0.0922,조사일 이전 기상과 상대위험의 연관성이며 인과관계나 발생확률이 아님
멸강나방_유충,보리,강풍노출_30일,조사 전 30일 강풍 노출시간,0.1878,36,약함,,0,같이 증가,0.1878,조사일 이전 기상과 상대위험의 연관성이며 인과관계나 발생확률이 아님
모무늬낙엽병,감,기온평균_7일,조사 전 7일 평균기온,0.0726,27,약함,,0,뚜렷한 방향 없음,0.0689,조사일 이전 기상과 상대위험의 연관성이며 인과관계나 발생확률이 아님
모무늬낙엽병,감,기온평균_14일,조사 전 14일 평균기온,0.1634,27,약함,,0,같이 증가,0.155,조사일 이전 기상과 상대위험의 연관성이며 인과관계나 발생확률이 아님
모무늬낙엽병,감,기온평균_30일,조사 전 30일 평균기온,0.1634,27,약함,,0,같이 증가,0.155,조사일 이전 기상과 상대위험의 연관성이며 인과관계나 발생확률이 아님
모무늬낙엽병,감,기온최고_30일,조사 전 30일 최고기온,0.1363,27,약함,,0,같이 증가,0.1293,조사일 이전 기상과 상대위험의 연관성이며 인과관계나 발생확률이 아님
모무늬낙엽병,감,습도평균_7일,조사 전 7일 평균습도,0.1453,27,약함,,0,같이 증가,0.1378,조사일 이전 기상과 상대위험의 연관성이며 인과관계나 발생확률이 아님
모무늬낙엽병,감,습도평균_14일,조사 전 14일 평균습도,0.1453,27,약함,,0,같이 증가,0.1378,조사일 이전 기상과 상대위험의 연관성이며 인과관계나 발생확률이 아님
모무늬낙엽병,감,습도평균_30일,조사 전 30일 평균습도,0.236,27,약함,,0,같이 증가,0.2239,조사일 이전 기상과 상대위험의 연관성이며 인과관계나 발생확률이 아님
모무늬낙엽병,감,고습노출_30일,조사 전 30일 고습 노출시간,0.236,27,약함,,0,같이 증가,0.2239,조사일 이전 기상과 상대위험의 연관성이며 인과관계나 발생확률이 아님
모무늬낙엽병,감,강수누적_7일,조사 전 7일 누적강수,,2,자료 부족,,0,뚜렷한 방향 없음,,조사일 이전 기상과 상대위험의 연관성이며 인과관계나 발생확률이 아님
모무늬낙엽병,감,강수누적_14일,조사 전 14일 누적강수,,4,자료 부족,,0,뚜렷한 방향 없음,,조사일 이전 기상과 상대위험의 연관성이며 인과관계나 발생확률이 아님
모무늬낙엽병,감,강수누적_30일,조사 전 30일 누적강수,,2,자료 부족,,0,뚜렷한 방향 없음,,조사일 이전 기상과 상대위험의 연관성이며 인과관계나 발생확률이 아님
모무늬낙엽병,감,풍속평균_30일,조사 전 30일 평균풍속,0.1271,27,약함,,0,같이 증가,0.1206,조사일 이전 기상과 상대위험의 연관성이며 인과관계나 발생확률이 아님
모무늬낙엽병,감,풍속최대_30일,조사 전 30일 최대풍속,0.3455,27,참고 가능,,0,같이 증가,0.3277,조사일 이전 기상과 상대위험의 연관성이며 인과관계나 발생확률이 아님
모무늬낙엽병,감,고온노출_30일,조사 전 30일 고온 노출시간,0.0908,27,약함,,0,뚜렷한 방향 없음,0.0861,조사일 이전 기상과 상대위험의 연관성이며 인과관계나 발생확률이 아님
모무늬낙엽병,감,강풍노출_30일,조사 전 30일 강풍 노출시간,0.2198,27,약함,,0,같이 증가,0.2085,조사일 이전 기상과 상대위험의 연관성이며 인과관계나 발생확률이 아님
바이러스,콩,기온평균_7일,조사 전 7일 평균기온,,45,자료 부족,,0,뚜렷한 방향 없음,,조사일 이전 기상과 상대위험의 연관성이며 인과관계나 발생확률이 아님
바이러스,콩,기온평균_14일,조사 전 14일 평균기온,,45,자료 부족,,0,뚜렷한 방향 없음,,조사일 이전 기상과 상대위험의 연관성이며 인과관계나 발생확률이 아님
바이러스,콩,기온평균_30일,조사 전 30일 평균기온,,45,자료 부족,,0,뚜렷한 방향 없음,,조사일 이전 기상과 상대위험의 연관성이며 인과관계나 발생확률이 아님
바이러스,콩,기온최고_30일,조사 전 30일 최고기온,,45,자료 부족,,0,뚜렷한 방향 없음,,조사일 이전 기상과 상대위험의 연관성이며 인과관계나 발생확률이 아님
바이러스,콩,습도평균_7일,조사 전 7일 평균습도,,45,자료 부족,,0,뚜렷한 방향 없음,,조사일 이전 기상과 상대위험의 연관성이며 인과관계나 발생확률이 아님
바이러스,콩,습도평균_14일,조사 전 14일 평균습도,,45,자료 부족,,0,뚜렷한 방향 없음,,조사일 이전 기상과 상대위험의 연관성이며 인과관계나 발생확률이 아님
바이러스,콩,습도평균_30일,조사 전 30일 평균습도,,45,자료 부족,,0,뚜렷한 방향 없음,,조사일 이전 기상과 상대위험의 연관성이며 인과관계나 발생확률이 아님
바이러스,콩,고습노출_30일,조사 전 30일 고습 노출시간,,45,자료 부족,,0,뚜렷한 방향 없음,,조사일 이전 기상과 상대위험의 연관성이며 인과관계나 발생확률이 아님
바이러스,콩,강수누적_7일,조사 전 7일 누적강수,,4,자료 부족,,0,뚜렷한 방향 없음,,조사일 이전 기상과 상대위험의 연관성이며 인과관계나 발생확률이 아님
바이러스,콩,강수누적_14일,조사 전 14일 누적강수,,9,자료 부족,,0,뚜렷한 방향 없음,,조사일 이전 기상과 상대위험의 연관성이며 인과관계나 발생확률이 아님
바이러스,콩,강수누적_30일,조사 전 30일 누적강수,,6,자료 부족,,0,뚜렷한 방향 없음,,조사일 이전 기상과 상대위험의 연관성이며 인과관계나 발생확률이 아님
바이러스,콩,풍속평균_30일,조사 전 30일 평균풍속,,45,자료 부족,,0,뚜렷한 방향 없음,,조사일 이전 기상과 상대위험의 연관성이며 인과관계나 발생확률이 아님
바이러스,콩,풍속최대_30일,조사 전 30일 최대풍속,,45,자료 부족,,0,뚜렷한 방향 없음,,조사일 이전 기상과 상대위험의 연관성이며 인과관계나 발생확률이 아님
바이러스,콩,고온노출_30일,조사 전 30일 고온 노출시간,,45,자료 부족,,0,뚜렷한 방향 없음,,조사일 이전 기상과 상대위험의 연관성이며 인과관계나 발생확률이 아님
바이러스,콩,강풍노출_30일,조사 전 30일 강풍 노출시간,,45,자료 부족,,0,뚜렷한 방향 없음,,조사일 이전 기상과 상대위험의 연관성이며 인과관계나 발생확률이 아님
바이러스병,논벼,기온평균_7일,조사 전 7일 평균기온,-0.0223,332,약함,,0,뚜렷한 방향 없음,0.0223,조사일 이전 기상과 상대위험의 연관성이며 인과관계나 발생확률이 아님
바이러스병,논벼,기온평균_14일,조사 전 14일 평균기온,-0.0297,332,약함,,0,뚜렷한 방향 없음,0.0297,조사일 이전 기상과 상대위험의 연관성이며 인과관계나 발생확률이 아님
바이러스병,논벼,기온평균_30일,조사 전 30일 평균기온,-0.032,332,약함,,0,뚜렷한 방향 없음,0.032,조사일 이전 기상과 상대위험의 연관성이며 인과관계나 발생확률이 아님
바이러스병,논벼,기온최고_30일,조사 전 30일 최고기온,-0.0803,332,약함,,0,뚜렷한 방향 없음,0.0803,조사일 이전 기상과 상대위험의 연관성이며 인과관계나 발생확률이 아님
바이러스병,논벼,습도평균_7일,조사 전 7일 평균습도,0.0515,332,약함,,0,뚜렷한 방향 없음,0.0515,조사일 이전 기상과 상대위험의 연관성이며 인과관계나 발생확률이 아님
바이러스병,논벼,습도평균_14일,조사 전 14일 평균습도,0.0263,332,약함,,0,뚜렷한 방향 없음,0.0263,조사일 이전 기상과 상대위험의 연관성이며 인과관계나 발생확률이 아님
바이러스병,논벼,습도평균_30일,조사 전 30일 평균습도,0.0629,332,약함,,0,뚜렷한 방향 없음,0.0629,조사일 이전 기상과 상대위험의 연관성이며 인과관계나 발생확률이 아님
바이러스병,논벼,고습노출_30일,조사 전 30일 고습 노출시간,0.0813,332,약함,,0,뚜렷한 방향 없음,0.0813,조사일 이전 기상과 상대위험의 연관성이며 인과관계나 발생확률이 아님
바이러스병,논벼,강수누적_7일,조사 전 7일 누적강수,-0.1387,28,약함,,0,반대 방향,0.134,조사일 이전 기상과 상대위험의 연관성이며 인과관계나 발생확률이 아님
바이러스병,논벼,강수누적_14일,조사 전 14일 누적강수,-0.1198,40,약함,,0,반대 방향,0.1198,조사일 이전 기상과 상대위험의 연관성이며 인과관계나 발생확률이 아님
바이러스병,논벼,강수누적_30일,조사 전 30일 누적강수,-0.2648,24,참고 가능,,0,반대 방향,0.2369,조사일 이전 기상과 상대위험의 연관성이며 인과관계나 발생확률이 아님
바이러스병,논벼,풍속평균_30일,조사 전 30일 평균풍속,0.0262,332,약함,,0,뚜렷한 방향 없음,0.0262,조사일 이전 기상과 상대위험의 연관성이며 인과관계나 발생확률이 아님
바이러스병,논벼,풍속최대_30일,조사 전 30일 최대풍속,0.0687,332,약함,,0,뚜렷한 방향 없음,0.0687,조사일 이전 기상과 상대위험의 연관성이며 인과관계나 발생확률이 아님
바이러스병,논벼,고온노출_30일,조사 전 30일 고온 노출시간,-0.0574,332,약함,,0,뚜렷한 방향 없음,0.0574,조사일 이전 기상과 상대위험의 연관성이며 인과관계나 발생확률이 아님
바이러스병,논벼,강풍노출_30일,조사 전 30일 강풍 노출시간,0.0491,332,약함,,0,뚜렷한 방향 없음,0.0491,조사일 이전 기상과 상대위험의 연관성이며 인과관계나 발생확률이 아님
바이러스병,보리,기온평균_7일,조사 전 7일 평균기온,,36,자료 부족,,0,뚜렷한 방향 없음,,조사일 이전 기상과 상대위험의 연관성이며 인과관계나 발생확률이 아님
바이러스병,보리,기온평균_14일,조사 전 14일 평균기온,,36,자료 부족,,0,뚜렷한 방향 없음,,조사일 이전 기상과 상대위험의 연관성이며 인과관계나 발생확률이 아님
바이러스병,보리,기온평균_30일,조사 전 30일 평균기온,,36,자료 부족,,0,뚜렷한 방향 없음,,조사일 이전 기상과 상대위험의 연관성이며 인과관계나 발생확률이 아님
바이러스병,보리,기온최고_30일,조사 전 30일 최고기온,,36,자료 부족,,0,뚜렷한 방향 없음,,조사일 이전 기상과 상대위험의 연관성이며 인과관계나 발생확률이 아님
바이러스병,보리,습도평균_7일,조사 전 7일 평균습도,,36,자료 부족,,0,뚜렷한 방향 없음,,조사일 이전 기상과 상대위험의 연관성이며 인과관계나 발생확률이 아님
바이러스병,보리,습도평균_14일,조사 전 14일 평균습도,,36,자료 부족,,0,뚜렷한 방향 없음,,조사일 이전 기상과 상대위험의 연관성이며 인과관계나 발생확률이 아님
바이러스병,보리,습도평균_30일,조사 전 30일 평균습도,,36,자료 부족,,0,뚜렷한 방향 없음,,조사일 이전 기상과 상대위험의 연관성이며 인과관계나 발생확률이 아님
바이러스병,보리,고습노출_30일,조사 전 30일 고습 노출시간,,36,자료 부족,,0,뚜렷한 방향 없음,,조사일 이전 기상과 상대위험의 연관성이며 인과관계나 발생확률이 아님
바이러스병,보리,강수누적_7일,조사 전 7일 누적강수,,0,자료 부족,,0,뚜렷한 방향 없음,,조사일 이전 기상과 상대위험의 연관성이며 인과관계나 발생확률이 아님
바이러스병,보리,강수누적_14일,조사 전 14일 누적강수,,0,자료 부족,,0,뚜렷한 방향 없음,,조사일 이전 기상과 상대위험의 연관성이며 인과관계나 발생확률이 아님
바이러스병,보리,강수누적_30일,조사 전 30일 누적강수,,0,자료 부족,,0,뚜렷한 방향 없음,,조사일 이전 기상과 상대위험의 연관성이며 인과관계나 발생확률이 아님
바이러스병,보리,풍속평균_30일,조사 전 30일 평균풍속,,36,자료 부족,,0,뚜렷한 방향 없음,,조사일 이전 기상과 상대위험의 연관성이며 인과관계나 발생확률이 아님
바이러스병,보리,풍속최대_30일,조사 전 30일 최대풍속,,36,자료 부족,,0,뚜렷한 방향 없음,,조사일 이전 기상과 상대위험의 연관성이며 인과관계나 발생확률이 아님
바이러스병,보리,고온노출_30일,조사 전 30일 고온 노출시간,,36,자료 부족,,0,뚜렷한 방향 없음,,조사일 이전 기상과 상대위험의 연관성이며 인과관계나 발생확률이 아님
바이러스병,보리,강풍노출_30일,조사 전 30일 강풍 노출시간,,36,자료 부족,,0,뚜렷한 방향 없음,,조사일 이전 기상과 상대위험의 연관성이며 인과관계나 발생확률이 아님
벼검은줄오갈병,논벼,기온평균_7일,조사 전 7일 평균기온,,112,자료 부족,,112,뚜렷한 방향 없음,,조사일 이전 기상과 상대위험의 연관성이며 인과관계나 발생확률이 아님
벼검은줄오갈병,논벼,기온평균_14일,조사 전 14일 평균기온,,112,자료 부족,,112,뚜렷한 방향 없음,,조사일 이전 기상과 상대위험의 연관성이며 인과관계나 발생확률이 아님
벼검은줄오갈병,논벼,기온평균_30일,조사 전 30일 평균기온,,112,자료 부족,,112,뚜렷한 방향 없음,,조사일 이전 기상과 상대위험의 연관성이며 인과관계나 발생확률이 아님
벼검은줄오갈병,논벼,기온최고_30일,조사 전 30일 최고기온,,112,자료 부족,,112,뚜렷한 방향 없음,,조사일 이전 기상과 상대위험의 연관성이며 인과관계나 발생확률이 아님
벼검은줄오갈병,논벼,습도평균_7일,조사 전 7일 평균습도,,112,자료 부족,,112,뚜렷한 방향 없음,,조사일 이전 기상과 상대위험의 연관성이며 인과관계나 발생확률이 아님
벼검은줄오갈병,논벼,습도평균_14일,조사 전 14일 평균습도,,112,자료 부족,,112,뚜렷한 방향 없음,,조사일 이전 기상과 상대위험의 연관성이며 인과관계나 발생확률이 아님
벼검은줄오갈병,논벼,습도평균_30일,조사 전 30일 평균습도,,112,자료 부족,,112,뚜렷한 방향 없음,,조사일 이전 기상과 상대위험의 연관성이며 인과관계나 발생확률이 아님
벼검은줄오갈병,논벼,고습노출_30일,조사 전 30일 고습 노출시간,,112,자료 부족,,112,뚜렷한 방향 없음,,조사일 이전 기상과 상대위험의 연관성이며 인과관계나 발생확률이 아님
벼검은줄오갈병,논벼,강수누적_7일,조사 전 7일 누적강수,,0,자료 부족,,0,뚜렷한 방향 없음,,조사일 이전 기상과 상대위험의 연관성이며 인과관계나 발생확률이 아님
벼검은줄오갈병,논벼,강수누적_14일,조사 전 14일 누적강수,,0,자료 부족,,0,뚜렷한 방향 없음,,조사일 이전 기상과 상대위험의 연관성이며 인과관계나 발생확률이 아님
벼검은줄오갈병,논벼,강수누적_30일,조사 전 30일 누적강수,,0,자료 부족,,0,뚜렷한 방향 없음,,조사일 이전 기상과 상대위험의 연관성이며 인과관계나 발생확률이 아님
벼검은줄오갈병,논벼,풍속평균_30일,조사 전 30일 평균풍속,,112,자료 부족,,112,뚜렷한 방향 없음,,조사일 이전 기상과 상대위험의 연관성이며 인과관계나 발생확률이 아님
벼검은줄오갈병,논벼,풍속최대_30일,조사 전 30일 최대풍속,,112,자료 부족,,112,뚜렷한 방향 없음,,조사일 이전 기상과 상대위험의 연관성이며 인과관계나 발생확률이 아님
벼검은줄오갈병,논벼,고온노출_30일,조사 전 30일 고온 노출시간,,112,자료 부족,,112,뚜렷한 방향 없음,,조사일 이전 기상과 상대위험의 연관성이며 인과관계나 발생확률이 아님
벼검은줄오갈병,논벼,강풍노출_30일,조사 전 30일 강풍 노출시간,,112,자료 부족,,112,뚜렷한 방향 없음,,조사일 이전 기상과 상대위험의 연관성이며 인과관계나 발생확률이 아님
벼멸구,논벼,기온평균_7일,조사 전 7일 평균기온,0.1762,444,약함,0.2156,112,같이 증가,0.1762,조사일 이전 기상과 상대위험의 연관성이며 인과관계나 발생확률이 아님
벼멸구,논벼,기온평균_14일,조사 전 14일 평균기온,0.219,444,약함,0.0924,112,같이 증가,0.219,조사일 이전 기상과 상대위험의 연관성이며 인과관계나 발생확률이 아님
벼멸구,논벼,기온평균_30일,조사 전 30일 평균기온,0.2108,444,약함,0.0719,112,같이 증가,0.2108,조사일 이전 기상과 상대위험의 연관성이며 인과관계나 발생확률이 아님
벼멸구,논벼,기온최고_30일,조사 전 30일 최고기온,0.2797,444,참고 가능,0.2362,112,같이 증가,0.2797,조사일 이전 기상과 상대위험의 연관성이며 인과관계나 발생확률이 아님
벼멸구,논벼,습도평균_7일,조사 전 7일 평균습도,0.0413,444,약함,-0.0103,112,뚜렷한 방향 없음,0.0413,조사일 이전 기상과 상대위험의 연관성이며 인과관계나 발생확률이 아님
벼멸구,논벼,습도평균_14일,조사 전 14일 평균습도,0.0303,444,약함,0.0103,112,뚜렷한 방향 없음,0.0303,조사일 이전 기상과 상대위험의 연관성이며 인과관계나 발생확률이 아님
벼멸구,논벼,습도평균_30일,조사 전 30일 평균습도,0.1331,444,약함,-0.0308,112,같이 증가,0.1331,조사일 이전 기상과 상대위험의 연관성이며 인과관계나 발생확률이 아님
벼멸구,논벼,고습노출_30일,조사 전 30일 고습 노출시간,0.1034,444,약함,-0.0719,112,같이 증가,0.1034,조사일 이전 기상과 상대위험의 연관성이며 인과관계나 발생확률이 아님
벼멸구,논벼,강수누적_7일,조사 전 7일 누적강수,0.0,28,약함,,0,뚜렷한 방향 없음,0.0,조사일 이전 기상과 상대위험의 연관성이며 인과관계나 발생확률이 아님
벼멸구,논벼,강수누적_14일,조사 전 14일 누적강수,-0.1951,40,약함,,0,반대 방향,0.1951,조사일 이전 기상과 상대위험의 연관성이며 인과관계나 발생확률이 아님
벼멸구,논벼,강수누적_30일,조사 전 30일 누적강수,,24,자료 부족,,0,뚜렷한 방향 없음,,조사일 이전 기상과 상대위험의 연관성이며 인과관계나 발생확률이 아님
벼멸구,논벼,풍속평균_30일,조사 전 30일 평균풍속,0.0314,444,약함,0.0308,112,뚜렷한 방향 없음,0.0314,조사일 이전 기상과 상대위험의 연관성이며 인과관계나 발생확률이 아님
벼멸구,논벼,풍속최대_30일,조사 전 30일 최대풍속,0.1005,444,약함,0.1541,112,같이 증가,0.1005,조사일 이전 기상과 상대위험의 연관성이며 인과관계나 발생확률이 아님
벼멸구,논벼,고온노출_30일,조사 전 30일 고온 노출시간,0.2286,444,약함,0.2156,112,같이 증가,0.2286,조사일 이전 기상과 상대위험의 연관성이며 인과관계나 발생확률이 아님
벼멸구,논벼,강풍노출_30일,조사 전 30일 강풍 노출시간,0.0815,444,약함,0.2013,112,뚜렷한 방향 없음,0.0815,조사일 이전 기상과 상대위험의 연관성이며 인과관계나 발생확률이 아님
벼물바구미,논벼,기온평균_7일,조사 전 7일 평균기온,-0.2209,444,약함,0.0468,112,반대 방향,0.2209,조사일 이전 기상과 상대위험의 연관성이며 인과관계나 발생확률이 아님
벼물바구미,논벼,기온평균_14일,조사 전 14일 평균기온,-0.3203,444,참고 가능,0.0083,112,반대 방향,0.3203,조사일 이전 기상과 상대위험의 연관성이며 인과관계나 발생확률이 아님
벼물바구미,논벼,기온평균_30일,조사 전 30일 평균기온,-0.3261,444,참고 가능,0.002,112,반대 방향,0.3261,조사일 이전 기상과 상대위험의 연관성이며 인과관계나 발생확률이 아님
벼물바구미,논벼,기온최고_30일,조사 전 30일 최고기온,-0.0655,444,약함,0.3401,112,뚜렷한 방향 없음,0.0655,조사일 이전 기상과 상대위험의 연관성이며 인과관계나 발생확률이 아님
벼물바구미,논벼,습도평균_7일,조사 전 7일 평균습도,0.0351,444,약함,0.4621,112,뚜렷한 방향 없음,0.0351,조사일 이전 기상과 상대위험의 연관성이며 인과관계나 발생확률이 아님
벼물바구미,논벼,습도평균_14일,조사 전 14일 평균습도,-0.0043,444,약함,0.4241,112,뚜렷한 방향 없음,0.0043,조사일 이전 기상과 상대위험의 연관성이며 인과관계나 발생확률이 아님
벼물바구미,논벼,습도평균_30일,조사 전 30일 평균습도,-0.0567,444,약함,0.3616,112,뚜렷한 방향 없음,0.0567,조사일 이전 기상과 상대위험의 연관성이며 인과관계나 발생확률이 아님
벼물바구미,논벼,고습노출_30일,조사 전 30일 고습 노출시간,0.03,444,약함,0.3711,112,뚜렷한 방향 없음,0.03,조사일 이전 기상과 상대위험의 연관성이며 인과관계나 발생확률이 아님
벼물바구미,논벼,강수누적_7일,조사 전 7일 누적강수,0.0756,28,약함,,0,뚜렷한 방향 없음,0.0731,조사일 이전 기상과 상대위험의 연관성이며 인과관계나 발생확률이 아님
벼물바구미,논벼,강수누적_14일,조사 전 14일 누적강수,-0.2706,40,참고 가능,,0,반대 방향,0.2706,조사일 이전 기상과 상대위험의 연관성이며 인과관계나 발생확률이 아님
벼물바구미,논벼,강수누적_30일,조사 전 30일 누적강수,0.0858,24,약함,,0,뚜렷한 방향 없음,0.0767,조사일 이전 기상과 상대위험의 연관성이며 인과관계나 발생확률이 아님
벼물바구미,논벼,풍속평균_30일,조사 전 30일 평균풍속,-0.1289,444,약함,-0.3812,112,반대 방향,0.1289,조사일 이전 기상과 상대위험의 연관성이며 인과관계나 발생확률이 아님
벼물바구미,논벼,풍속최대_30일,조사 전 30일 최대풍속,0.3475,444,참고 가능,0.29,112,같이 증가,0.3475,조사일 이전 기상과 상대위험의 연관성이며 인과관계나 발생확률이 아님
벼물바구미,논벼,고온노출_30일,조사 전 30일 고온 노출시간,-0.2732,444,참고 가능,0.1496,112,반대 방향,0.2732,조사일 이전 기상과 상대위험의 연관성이며 인과관계나 발생확률이 아님
벼물바구미,논벼,강풍노출_30일,조사 전 30일 강풍 노출시간,0.3009,444,참고 가능,0.2003,112,같이 증가,0.3009,조사일 이전 기상과 상대위험의 연관성이며 인과관계나 발생확률이 아님
벼애나방,논벼,기온평균_7일,조사 전 7일 평균기온,0.1462,332,약함,,0,같이 증가,0.1462,조사일 이전 기상과 상대위험의 연관성이며 인과관계나 발생확률이 아님
벼애나방,논벼,기온평균_14일,조사 전 14일 평균기온,0.0672,332,약함,,0,뚜렷한 방향 없음,0.0672,조사일 이전 기상과 상대위험의 연관성이며 인과관계나 발생확률이 아님
벼애나방,논벼,기온평균_30일,조사 전 30일 평균기온,0.0759,332,약함,,0,뚜렷한 방향 없음,0.0759,조사일 이전 기상과 상대위험의 연관성이며 인과관계나 발생확률이 아님
벼애나방,논벼,기온최고_30일,조사 전 30일 최고기온,0.0084,332,약함,,0,뚜렷한 방향 없음,0.0084,조사일 이전 기상과 상대위험의 연관성이며 인과관계나 발생확률이 아님
벼애나방,논벼,습도평균_7일,조사 전 7일 평균습도,0.1972,332,약함,,0,같이 증가,0.1972,조사일 이전 기상과 상대위험의 연관성이며 인과관계나 발생확률이 아님
벼애나방,논벼,습도평균_14일,조사 전 14일 평균습도,0.2258,332,약함,,0,같이 증가,0.2258,조사일 이전 기상과 상대위험의 연관성이며 인과관계나 발생확률이 아님
벼애나방,논벼,습도평균_30일,조사 전 30일 평균습도,0.1953,332,약함,,0,같이 증가,0.1953,조사일 이전 기상과 상대위험의 연관성이며 인과관계나 발생확률이 아님
벼애나방,논벼,고습노출_30일,조사 전 30일 고습 노출시간,0.1991,332,약함,,0,같이 증가,0.1991,조사일 이전 기상과 상대위험의 연관성이며 인과관계나 발생확률이 아님
벼애나방,논벼,강수누적_7일,조사 전 7일 누적강수,-0.1386,28,약함,,0,반대 방향,0.1339,조사일 이전 기상과 상대위험의 연관성이며 인과관계나 발생확률이 아님
벼애나방,논벼,강수누적_14일,조사 전 14일 누적강수,-0.1198,40,약함,,0,반대 방향,0.1198,조사일 이전 기상과 상대위험의 연관성이며 인과관계나 발생확률이 아님
벼애나방,논벼,강수누적_30일,조사 전 30일 누적강수,-0.2646,24,참고 가능,,0,반대 방향,0.2366,조사일 이전 기상과 상대위험의 연관성이며 인과관계나 발생확률이 아님
벼애나방,논벼,풍속평균_30일,조사 전 30일 평균풍속,-0.0826,332,약함,,0,뚜렷한 방향 없음,0.0826,조사일 이전 기상과 상대위험의 연관성이며 인과관계나 발생확률이 아님
벼애나방,논벼,풍속최대_30일,조사 전 30일 최대풍속,0.0405,332,약함,,0,뚜렷한 방향 없음,0.0405,조사일 이전 기상과 상대위험의 연관성이며 인과관계나 발생확률이 아님
벼애나방,논벼,고온노출_30일,조사 전 30일 고온 노출시간,0.0512,332,약함,,0,뚜렷한 방향 없음,0.0512,조사일 이전 기상과 상대위험의 연관성이며 인과관계나 발생확률이 아님
벼애나방,논벼,강풍노출_30일,조사 전 30일 강풍 노출시간,0.0527,332,약함,,0,뚜렷한 방향 없음,0.0527,조사일 이전 기상과 상대위험의 연관성이며 인과관계나 발생확률이 아님
벼애잎굴파리,논벼,기온평균_7일,조사 전 7일 평균기온,-0.2473,444,약함,-0.1397,112,반대 방향,0.2473,조사일 이전 기상과 상대위험의 연관성이며 인과관계나 발생확률이 아님
벼애잎굴파리,논벼,기온평균_14일,조사 전 14일 평균기온,-0.303,444,참고 가능,-0.1909,112,반대 방향,0.303,조사일 이전 기상과 상대위험의 연관성이며 인과관계나 발생확률이 아님
벼애잎굴파리,논벼,기온평균_30일,조사 전 30일 평균기온,-0.3028,444,참고 가능,-0.1739,112,반대 방향,0.3028,조사일 이전 기상과 상대위험의 연관성이며 인과관계나 발생확률이 아님
벼애잎굴파리,논벼,기온최고_30일,조사 전 30일 최고기온,-0.1345,444,약함,0.0836,112,반대 방향,0.1345,조사일 이전 기상과 상대위험의 연관성이며 인과관계나 발생확률이 아님
벼애잎굴파리,논벼,습도평균_7일,조사 전 7일 평균습도,-0.0106,444,약함,0.3394,112,뚜렷한 방향 없음,0.0106,조사일 이전 기상과 상대위험의 연관성이며 인과관계나 발생확률이 아님
벼애잎굴파리,논벼,습도평균_14일,조사 전 14일 평균습도,-0.0716,444,약함,0.3557,112,뚜렷한 방향 없음,0.0716,조사일 이전 기상과 상대위험의 연관성이며 인과관계나 발생확률이 아님
벼애잎굴파리,논벼,습도평균_30일,조사 전 30일 평균습도,-0.0953,444,약함,0.3057,112,뚜렷한 방향 없음,0.0953,조사일 이전 기상과 상대위험의 연관성이며 인과관계나 발생확률이 아님
벼애잎굴파리,논벼,고습노출_30일,조사 전 30일 고습 노출시간,-0.0122,444,약함,0.422,112,뚜렷한 방향 없음,0.0122,조사일 이전 기상과 상대위험의 연관성이며 인과관계나 발생확률이 아님
벼애잎굴파리,논벼,강수누적_7일,조사 전 7일 누적강수,,28,자료 부족,,0,뚜렷한 방향 없음,,조사일 이전 기상과 상대위험의 연관성이며 인과관계나 발생확률이 아님
벼애잎굴파리,논벼,강수누적_14일,조사 전 14일 누적강수,,40,자료 부족,,0,뚜렷한 방향 없음,,조사일 이전 기상과 상대위험의 연관성이며 인과관계나 발생확률이 아님
벼애잎굴파리,논벼,강수누적_30일,조사 전 30일 누적강수,,24,자료 부족,,0,뚜렷한 방향 없음,,조사일 이전 기상과 상대위험의 연관성이며 인과관계나 발생확률이 아님
벼애잎굴파리,논벼,풍속평균_30일,조사 전 30일 평균풍속,-0.0627,444,약함,-0.2531,112,뚜렷한 방향 없음,0.0627,조사일 이전 기상과 상대위험의 연관성이며 인과관계나 발생확률이 아님
벼애잎굴파리,논벼,풍속최대_30일,조사 전 30일 최대풍속,0.2146,444,약함,0.2314,112,같이 증가,0.2146,조사일 이전 기상과 상대위험의 연관성이며 인과관계나 발생확률이 아님
벼애잎굴파리,논벼,고온노출_30일,조사 전 30일 고온 노출시간,-0.2977,444,참고 가능,-0.1572,112,반대 방향,0.2977,조사일 이전 기상과 상대위험의 연관성이며 인과관계나 발생확률이 아님
벼애잎굴파리,논벼,강풍노출_30일,조사 전 30일 강풍 노출시간,0.1889,444,약함,0.1519,112,같이 증가,0.1889,조사일 이전 기상과 상대위험의 연관성이며 인과관계나 발생확률이 아님
벼잎벌레,논벼,기온평균_7일,조사 전 7일 평균기온,-0.001,444,약함,0.1641,112,뚜렷한 방향 없음,0.001,조사일 이전 기상과 상대위험의 연관성이며 인과관계나 발생확률이 아님
벼잎벌레,논벼,기온평균_14일,조사 전 14일 평균기온,-0.0529,444,약함,0.0924,112,뚜렷한 방향 없음,0.0529,조사일 이전 기상과 상대위험의 연관성이며 인과관계나 발생확률이 아님
벼잎벌레,논벼,기온평균_30일,조사 전 30일 평균기온,-0.0669,444,약함,0.0578,112,뚜렷한 방향 없음,0.0669,조사일 이전 기상과 상대위험의 연관성이며 인과관계나 발생확률이 아님
벼잎벌레,논벼,기온최고_30일,조사 전 30일 최고기온,-0.0735,444,약함,0.1417,112,뚜렷한 방향 없음,0.0735,조사일 이전 기상과 상대위험의 연관성이며 인과관계나 발생확률이 아님
벼잎벌레,논벼,습도평균_7일,조사 전 7일 평균습도,0.0999,444,약함,0.1704,112,뚜렷한 방향 없음,0.0999,조사일 이전 기상과 상대위험의 연관성이며 인과관계나 발생확률이 아님
벼잎벌레,논벼,습도평균_14일,조사 전 14일 평균습도,0.0578,444,약함,0.1115,112,뚜렷한 방향 없음,0.0578,조사일 이전 기상과 상대위험의 연관성이며 인과관계나 발생확률이 아님
벼잎벌레,논벼,습도평균_30일,조사 전 30일 평균습도,0.0597,444,약함,0.1748,112,뚜렷한 방향 없음,0.0597,조사일 이전 기상과 상대위험의 연관성이며 인과관계나 발생확률이 아님
벼잎벌레,논벼,고습노출_30일,조사 전 30일 고습 노출시간,0.0918,444,약함,0.1984,112,뚜렷한 방향 없음,0.0918,조사일 이전 기상과 상대위험의 연관성이며 인과관계나 발생확률이 아님
벼잎벌레,논벼,강수누적_7일,조사 전 7일 누적강수,-0.2037,28,약함,,0,반대 방향,0.1968,조사일 이전 기상과 상대위험의 연관성이며 인과관계나 발생확률이 아님
벼잎벌레,논벼,강수누적_14일,조사 전 14일 누적강수,-0.3494,40,참고 가능,,0,반대 방향,0.3494,조사일 이전 기상과 상대위험의 연관성이며 인과관계나 발생확률이 아님
벼잎벌레,논벼,강수누적_30일,조사 전 30일 누적강수,-0.3916,24,참고 가능,,0,반대 방향,0.3502,조사일 이전 기상과 상대위험의 연관성이며 인과관계나 발생확률이 아님
벼잎벌레,논벼,풍속평균_30일,조사 전 30일 평균풍속,-0.0051,444,약함,-0.1179,112,뚜렷한 방향 없음,0.0051,조사일 이전 기상과 상대위험의 연관성이며 인과관계나 발생확률이 아님
벼잎벌레,논벼,풍속최대_30일,조사 전 30일 최대풍속,0.1789,444,약함,0.0413,112,같이 증가,0.1789,조사일 이전 기상과 상대위험의 연관성이며 인과관계나 발생확률이 아님
벼잎벌레,논벼,고온노출_30일,조사 전 30일 고온 노출시간,-0.1169,444,약함,0.0363,112,반대 방향,0.1169,조사일 이전 기상과 상대위험의 연관성이며 인과관계나 발생확률이 아님
벼잎벌레,논벼,강풍노출_30일,조사 전 30일 강풍 노출시간,0.1717,444,약함,0.0247,112,같이 증가,0.1717,조사일 이전 기상과 상대위험의 연관성이며 인과관계나 발생확률이 아님
벼잎선충,논벼,기온평균_7일,조사 전 7일 평균기온,0.1398,332,약함,,0,같이 증가,0.1398,조사일 이전 기상과 상대위험의 연관성이며 인과관계나 발생확률이 아님
벼잎선충,논벼,기온평균_14일,조사 전 14일 평균기온,0.1049,332,약함,,0,같이 증가,0.1049,조사일 이전 기상과 상대위험의 연관성이며 인과관계나 발생확률이 아님
벼잎선충,논벼,기온평균_30일,조사 전 30일 평균기온,0.0754,332,약함,,0,뚜렷한 방향 없음,0.0754,조사일 이전 기상과 상대위험의 연관성이며 인과관계나 발생확률이 아님
벼잎선충,논벼,기온최고_30일,조사 전 30일 최고기온,0.0882,332,약함,,0,뚜렷한 방향 없음,0.0882,조사일 이전 기상과 상대위험의 연관성이며 인과관계나 발생확률이 아님
벼잎선충,논벼,습도평균_7일,조사 전 7일 평균습도,0.1126,332,약함,,0,같이 증가,0.1126,조사일 이전 기상과 상대위험의 연관성이며 인과관계나 발생확률이 아님
벼잎선충,논벼,습도평균_14일,조사 전 14일 평균습도,0.1711,332,약함,,0,같이 증가,0.1711,조사일 이전 기상과 상대위험의 연관성이며 인과관계나 발생확률이 아님
벼잎선충,논벼,습도평균_30일,조사 전 30일 평균습도,0.1877,332,약함,,0,같이 증가,0.1877,조사일 이전 기상과 상대위험의 연관성이며 인과관계나 발생확률이 아님
벼잎선충,논벼,고습노출_30일,조사 전 30일 고습 노출시간,0.2023,332,약함,,0,같이 증가,0.2023,조사일 이전 기상과 상대위험의 연관성이며 인과관계나 발생확률이 아님
벼잎선충,논벼,강수누적_7일,조사 전 7일 누적강수,-0.1387,28,약함,,0,반대 방향,0.134,조사일 이전 기상과 상대위험의 연관성이며 인과관계나 발생확률이 아님
벼잎선충,논벼,강수누적_14일,조사 전 14일 누적강수,-0.2288,40,약함,,0,반대 방향,0.2288,조사일 이전 기상과 상대위험의 연관성이며 인과관계나 발생확률이 아님
벼잎선충,논벼,강수누적_30일,조사 전 30일 누적강수,-0.2648,24,참고 가능,,0,반대 방향,0.2369,조사일 이전 기상과 상대위험의 연관성이며 인과관계나 발생확률이 아님
벼잎선충,논벼,풍속평균_30일,조사 전 30일 평균풍속,0.1502,332,약함,,0,같이 증가,0.1502,조사일 이전 기상과 상대위험의 연관성이며 인과관계나 발생확률이 아님
벼잎선충,논벼,풍속최대_30일,조사 전 30일 최대풍속,0.2063,332,약함,,0,같이 증가,0.2063,조사일 이전 기상과 상대위험의 연관성이며 인과관계나 발생확률이 아님
벼잎선충,논벼,고온노출_30일,조사 전 30일 고온 노출시간,0.0198,332,약함,,0,뚜렷한 방향 없음,0.0198,조사일 이전 기상과 상대위험의 연관성이며 인과관계나 발생확률이 아님
벼잎선충,논벼,강풍노출_30일,조사 전 30일 강풍 노출시간,0.2116,332,약함,,0,같이 증가,0.2116,조사일 이전 기상과 상대위험의 연관성이며 인과관계나 발생확률이 아님
벼줄기굴파리,논벼,기온평균_7일,조사 전 7일 평균기온,-0.1219,444,약함,0.1032,112,반대 방향,0.1219,조사일 이전 기상과 상대위험의 연관성이며 인과관계나 발생확률이 아님
벼줄기굴파리,논벼,기온평균_14일,조사 전 14일 평균기온,-0.2161,444,약함,-0.0379,112,반대 방향,0.2161,조사일 이전 기상과 상대위험의 연관성이며 인과관계나 발생확률이 아님
벼줄기굴파리,논벼,기온평균_30일,조사 전 30일 평균기온,-0.2106,444,약함,-0.0487,112,반대 방향,0.2106,조사일 이전 기상과 상대위험의 연관성이며 인과관계나 발생확률이 아님
벼줄기굴파리,논벼,기온최고_30일,조사 전 30일 최고기온,-0.0025,444,약함,0.1797,112,뚜렷한 방향 없음,0.0025,조사일 이전 기상과 상대위험의 연관성이며 인과관계나 발생확률이 아님
벼줄기굴파리,논벼,습도평균_7일,조사 전 7일 평균습도,-0.0066,444,약함,0.1231,112,뚜렷한 방향 없음,0.0066,조사일 이전 기상과 상대위험의 연관성이며 인과관계나 발생확률이 아님
벼줄기굴파리,논벼,습도평균_14일,조사 전 14일 평균습도,-0.0571,444,약함,0.0978,112,뚜렷한 방향 없음,0.0571,조사일 이전 기상과 상대위험의 연관성이며 인과관계나 발생확률이 아님
벼줄기굴파리,논벼,습도평균_30일,조사 전 30일 평균습도,-0.0943,444,약함,0.0729,112,뚜렷한 방향 없음,0.0943,조사일 이전 기상과 상대위험의 연관성이며 인과관계나 발생확률이 아님
벼줄기굴파리,논벼,고습노출_30일,조사 전 30일 고습 노출시간,-0.0349,444,약함,0.1104,112,뚜렷한 방향 없음,0.0349,조사일 이전 기상과 상대위험의 연관성이며 인과관계나 발생확률이 아님
벼줄기굴파리,논벼,강수누적_7일,조사 전 7일 누적강수,,28,자료 부족,,0,뚜렷한 방향 없음,,조사일 이전 기상과 상대위험의 연관성이며 인과관계나 발생확률이 아님
벼줄기굴파리,논벼,강수누적_14일,조사 전 14일 누적강수,,40,자료 부족,,0,뚜렷한 방향 없음,,조사일 이전 기상과 상대위험의 연관성이며 인과관계나 발생확률이 아님
벼줄기굴파리,논벼,강수누적_30일,조사 전 30일 누적강수,,24,자료 부족,,0,뚜렷한 방향 없음,,조사일 이전 기상과 상대위험의 연관성이며 인과관계나 발생확률이 아님
벼줄기굴파리,논벼,풍속평균_30일,조사 전 30일 평균풍속,0.0984,444,약함,0.0248,112,뚜렷한 방향 없음,0.0984,조사일 이전 기상과 상대위험의 연관성이며 인과관계나 발생확률이 아님
벼줄기굴파리,논벼,풍속최대_30일,조사 전 30일 최대풍속,0.2204,444,약함,0.2305,112,같이 증가,0.2204,조사일 이전 기상과 상대위험의 연관성이며 인과관계나 발생확률이 아님
벼줄기굴파리,논벼,고온노출_30일,조사 전 30일 고온 노출시간,-0.1759,444,약함,0.0449,112,반대 방향,0.1759,조사일 이전 기상과 상대위험의 연관성이며 인과관계나 발생확률이 아님
벼줄기굴파리,논벼,강풍노출_30일,조사 전 30일 강풍 노출시간,0.2346,444,약함,0.2278,112,같이 증가,0.2346,조사일 이전 기상과 상대위험의 연관성이며 인과관계나 발생확률이 아님
보리굴파리,보리,기온평균_7일,조사 전 7일 평균기온,0.1058,36,약함,,0,같이 증가,0.1058,조사일 이전 기상과 상대위험의 연관성이며 인과관계나 발생확률이 아님
보리굴파리,보리,기온평균_14일,조사 전 14일 평균기온,0.1383,36,약함,,0,같이 증가,0.1383,조사일 이전 기상과 상대위험의 연관성이며 인과관계나 발생확률이 아님
보리굴파리,보리,기온평균_30일,조사 전 30일 평균기온,0.1383,36,약함,,0,같이 증가,0.1383,조사일 이전 기상과 상대위험의 연관성이며 인과관계나 발생확률이 아님
보리굴파리,보리,기온최고_30일,조사 전 30일 최고기온,0.1058,36,약함,,0,같이 증가,0.1058,조사일 이전 기상과 상대위험의 연관성이며 인과관계나 발생확률이 아님
보리굴파리,보리,습도평균_7일,조사 전 7일 평균습도,0.2197,36,약함,,0,같이 증가,0.2197,조사일 이전 기상과 상대위험의 연관성이며 인과관계나 발생확률이 아님
보리굴파리,보리,습도평균_14일,조사 전 14일 평균습도,0.1871,36,약함,,0,같이 증가,0.1871,조사일 이전 기상과 상대위험의 연관성이며 인과관계나 발생확률이 아님
보리굴파리,보리,습도평균_30일,조사 전 30일 평균습도,0.1871,36,약함,,0,같이 증가,0.1871,조사일 이전 기상과 상대위험의 연관성이며 인과관계나 발생확률이 아님
보리굴파리,보리,고습노출_30일,조사 전 30일 고습 노출시간,0.1546,36,약함,,0,같이 증가,0.1546,조사일 이전 기상과 상대위험의 연관성이며 인과관계나 발생확률이 아님
보리굴파리,보리,강수누적_7일,조사 전 7일 누적강수,,0,자료 부족,,0,뚜렷한 방향 없음,,조사일 이전 기상과 상대위험의 연관성이며 인과관계나 발생확률이 아님
보리굴파리,보리,강수누적_14일,조사 전 14일 누적강수,,0,자료 부족,,0,뚜렷한 방향 없음,,조사일 이전 기상과 상대위험의 연관성이며 인과관계나 발생확률이 아님
보리굴파리,보리,강수누적_30일,조사 전 30일 누적강수,,0,자료 부족,,0,뚜렷한 방향 없음,,조사일 이전 기상과 상대위험의 연관성이며 인과관계나 발생확률이 아님
보리굴파리,보리,풍속평균_30일,조사 전 30일 평균풍속,0.2034,36,약함,,0,같이 증가,0.2034,조사일 이전 기상과 상대위험의 연관성이며 인과관계나 발생확률이 아님
보리굴파리,보리,풍속최대_30일,조사 전 30일 최대풍속,0.0896,36,약함,,0,뚜렷한 방향 없음,0.0896,조사일 이전 기상과 상대위험의 연관성이며 인과관계나 발생확률이 아님
보리굴파리,보리,고온노출_30일,조사 전 30일 고온 노출시간,0.0922,36,약함,,0,뚜렷한 방향 없음,0.0922,조사일 이전 기상과 상대위험의 연관성이며 인과관계나 발생확률이 아님
보리굴파리,보리,강풍노출_30일,조사 전 30일 강풍 노출시간,0.1878,36,약함,,0,같이 증가,0.1878,조사일 이전 기상과 상대위험의 연관성이며 인과관계나 발생확률이 아님
복숭아순나방,배,기온평균_7일,조사 전 7일 평균기온,0.0918,236,약함,0.0448,102,뚜렷한 방향 없음,0.0918,조사일 이전 기상과 상대위험의 연관성이며 인과관계나 발생확률이 아님
복숭아순나방,배,기온평균_14일,조사 전 14일 평균기온,0.1055,236,약함,0.044,102,같이 증가,0.1055,조사일 이전 기상과 상대위험의 연관성이며 인과관계나 발생확률이 아님
복숭아순나방,배,기온평균_30일,조사 전 30일 평균기온,0.1195,236,약함,0.0404,102,같이 증가,0.1195,조사일 이전 기상과 상대위험의 연관성이며 인과관계나 발생확률이 아님
복숭아순나방,배,기온최고_30일,조사 전 30일 최고기온,0.1656,236,약함,0.1854,102,같이 증가,0.1656,조사일 이전 기상과 상대위험의 연관성이며 인과관계나 발생확률이 아님
복숭아순나방,배,습도평균_7일,조사 전 7일 평균습도,0.005,236,약함,-0.0252,102,뚜렷한 방향 없음,0.005,조사일 이전 기상과 상대위험의 연관성이며 인과관계나 발생확률이 아님
복숭아순나방,배,습도평균_14일,조사 전 14일 평균습도,0.0173,236,약함,-0.0243,102,뚜렷한 방향 없음,0.0173,조사일 이전 기상과 상대위험의 연관성이며 인과관계나 발생확률이 아님
복숭아순나방,배,습도평균_30일,조사 전 30일 평균습도,0.0133,236,약함,-0.0086,102,뚜렷한 방향 없음,0.0133,조사일 이전 기상과 상대위험의 연관성이며 인과관계나 발생확률이 아님
복숭아순나방,배,고습노출_30일,조사 전 30일 고습 노출시간,0.0383,236,약함,0.0403,102,뚜렷한 방향 없음,0.0383,조사일 이전 기상과 상대위험의 연관성이며 인과관계나 발생확률이 아님
복숭아순나방,배,강수누적_7일,조사 전 7일 누적강수,-0.3194,8,자료 부족,,0,반대 방향,0.165,조사일 이전 기상과 상대위험의 연관성이며 인과관계나 발생확률이 아님
복숭아순나방,배,강수누적_14일,조사 전 14일 누적강수,-0.0251,18,약함,,0,뚜렷한 방향 없음,0.0194,조사일 이전 기상과 상대위험의 연관성이며 인과관계나 발생확률이 아님
복숭아순나방,배,강수누적_30일,조사 전 30일 누적강수,-0.0606,10,자료 부족,,0,뚜렷한 방향 없음,0.035,조사일 이전 기상과 상대위험의 연관성이며 인과관계나 발생확률이 아님
복숭아순나방,배,풍속평균_30일,조사 전 30일 평균풍속,-0.0844,236,약함,-0.0314,102,뚜렷한 방향 없음,0.0844,조사일 이전 기상과 상대위험의 연관성이며 인과관계나 발생확률이 아님
복숭아순나방,배,풍속최대_30일,조사 전 30일 최대풍속,-0.0102,236,약함,0.0898,102,뚜렷한 방향 없음,0.0102,조사일 이전 기상과 상대위험의 연관성이며 인과관계나 발생확률이 아님
복숭아순나방,배,고온노출_30일,조사 전 30일 고온 노출시간,0.1729,236,약함,0.1423,102,같이 증가,0.1729,조사일 이전 기상과 상대위험의 연관성이며 인과관계나 발생확률이 아님
복숭아순나방,배,강풍노출_30일,조사 전 30일 강풍 노출시간,-0.0224,236,약함,0.1389,102,뚜렷한 방향 없음,0.0224,조사일 이전 기상과 상대위험의 연관성이며 인과관계나 발생확률이 아님
복숭아순나방,복숭아,기온평균_7일,조사 전 7일 평균기온,0.3428,161,참고 가능,0.2171,99,같이 증가,0.3428,조사일 이전 기상과 상대위험의 연관성이며 인과관계나 발생확률이 아님
복숭아순나방,복숭아,기온평균_14일,조사 전 14일 평균기온,0.3347,161,참고 가능,0.2004,99,같이 증가,0.3347,조사일 이전 기상과 상대위험의 연관성이며 인과관계나 발생확률이 아님
복숭아순나방,복숭아,기온평균_30일,조사 전 30일 평균기온,0.3224,161,참고 가능,0.1894,99,같이 증가,0.3224,조사일 이전 기상과 상대위험의 연관성이며 인과관계나 발생확률이 아님
복숭아순나방,복숭아,기온최고_30일,조사 전 30일 최고기온,0.3719,161,참고 가능,0.2608,99,같이 증가,0.3719,조사일 이전 기상과 상대위험의 연관성이며 인과관계나 발생확률이 아님
복숭아순나방,복숭아,습도평균_7일,조사 전 7일 평균습도,0.1094,161,약함,-0.1656,99,같이 증가,0.1094,조사일 이전 기상과 상대위험의 연관성이며 인과관계나 발생확률이 아님
복숭아순나방,복숭아,습도평균_14일,조사 전 14일 평균습도,0.1008,161,약함,-0.2295,99,같이 증가,0.1008,조사일 이전 기상과 상대위험의 연관성이며 인과관계나 발생확률이 아님
복숭아순나방,복숭아,습도평균_30일,조사 전 30일 평균습도,0.1151,161,약함,-0.2384,99,같이 증가,0.1151,조사일 이전 기상과 상대위험의 연관성이며 인과관계나 발생확률이 아님
복숭아순나방,복숭아,고습노출_30일,조사 전 30일 고습 노출시간,0.1023,161,약함,-0.2333,99,같이 증가,0.1023,조사일 이전 기상과 상대위험의 연관성이며 인과관계나 발생확률이 아님
복숭아순나방,복숭아,강수누적_7일,조사 전 7일 누적강수,,4,자료 부족,,0,뚜렷한 방향 없음,,조사일 이전 기상과 상대위험의 연관성이며 인과관계나 발생확률이 아님
복숭아순나방,복숭아,강수누적_14일,조사 전 14일 누적강수,-0.4167,9,자료 부족,,0,반대 방향,0.2282,조사일 이전 기상과 상대위험의 연관성이며 인과관계나 발생확률이 아님
복숭아순나방,복숭아,강수누적_30일,조사 전 30일 누적강수,,5,자료 부족,,0,뚜렷한 방향 없음,,조사일 이전 기상과 상대위험의 연관성이며 인과관계나 발생확률이 아님
복숭아순나방,복숭아,풍속평균_30일,조사 전 30일 평균풍속,0.0592,161,약함,-0.0501,99,뚜렷한 방향 없음,0.0592,조사일 이전 기상과 상대위험의 연관성이며 인과관계나 발생확률이 아님
복숭아순나방,복숭아,풍속최대_30일,조사 전 30일 최대풍속,0.1454,161,약함,0.0718,99,같이 증가,0.1454,조사일 이전 기상과 상대위험의 연관성이며 인과관계나 발생확률이 아님
복숭아순나방,복숭아,고온노출_30일,조사 전 30일 고온 노출시간,0.3402,161,참고 가능,0.2855,99,같이 증가,0.3402,조사일 이전 기상과 상대위험의 연관성이며 인과관계나 발생확률이 아님
복숭아순나방,복숭아,강풍노출_30일,조사 전 30일 강풍 노출시간,0.1467,161,약함,0.1103,99,같이 증가,0.1467,조사일 이전 기상과 상대위험의 연관성이며 인과관계나 발생확률이 아님
복숭아순나방,사과,기온평균_7일,조사 전 7일 평균기온,0.0807,175,약함,-0.0009,81,뚜렷한 방향 없음,0.0807,조사일 이전 기상과 상대위험의 연관성이며 인과관계나 발생확률이 아님
복숭아순나방,사과,기온평균_14일,조사 전 14일 평균기온,0.0858,175,약함,0.0135,81,뚜렷한 방향 없음,0.0858,조사일 이전 기상과 상대위험의 연관성이며 인과관계나 발생확률이 아님
복숭아순나방,사과,기온평균_30일,조사 전 30일 평균기온,0.0776,175,약함,-0.0161,81,뚜렷한 방향 없음,0.0776,조사일 이전 기상과 상대위험의 연관성이며 인과관계나 발생확률이 아님
복숭아순나방,사과,기온최고_30일,조사 전 30일 최고기온,-0.0265,175,약함,-0.1263,81,뚜렷한 방향 없음,0.0265,조사일 이전 기상과 상대위험의 연관성이며 인과관계나 발생확률이 아님
복숭아순나방,사과,습도평균_7일,조사 전 7일 평균습도,0.0128,175,약함,-0.1131,81,뚜렷한 방향 없음,0.0128,조사일 이전 기상과 상대위험의 연관성이며 인과관계나 발생확률이 아님
복숭아순나방,사과,습도평균_14일,조사 전 14일 평균습도,0.038,175,약함,-0.0471,81,뚜렷한 방향 없음,0.038,조사일 이전 기상과 상대위험의 연관성이며 인과관계나 발생확률이 아님
복숭아순나방,사과,습도평균_30일,조사 전 30일 평균습도,0.0119,175,약함,0.0018,81,뚜렷한 방향 없음,0.0119,조사일 이전 기상과 상대위험의 연관성이며 인과관계나 발생확률이 아님
복숭아순나방,사과,고습노출_30일,조사 전 30일 고습 노출시간,-0.0197,175,약함,-0.0152,81,뚜렷한 방향 없음,0.0197,조사일 이전 기상과 상대위험의 연관성이며 인과관계나 발생확률이 아님
복숭아순나방,사과,강수누적_7일,조사 전 7일 누적강수,0.6498,8,자료 부족,,0,같이 증가,0.3356,조사일 이전 기상과 상대위험의 연관성이며 인과관계나 발생확률이 아님
복숭아순나방,사과,강수누적_14일,조사 전 14일 누적강수,0.3016,18,참고 가능,,0,같이 증가,0.2337,조사일 이전 기상과 상대위험의 연관성이며 인과관계나 발생확률이 아님
복숭아순나방,사과,강수누적_30일,조사 전 30일 누적강수,0.1392,10,자료 부족,,0,같이 증가,0.0804,조사일 이전 기상과 상대위험의 연관성이며 인과관계나 발생확률이 아님
복숭아순나방,사과,풍속평균_30일,조사 전 30일 평균풍속,-0.0373,175,약함,-0.0858,81,뚜렷한 방향 없음,0.0373,조사일 이전 기상과 상대위험의 연관성이며 인과관계나 발생확률이 아님
복숭아순나방,사과,풍속최대_30일,조사 전 30일 최대풍속,-0.144,175,약함,-0.1822,81,반대 방향,0.144,조사일 이전 기상과 상대위험의 연관성이며 인과관계나 발생확률이 아님
복숭아순나방,사과,고온노출_30일,조사 전 30일 고온 노출시간,0.0842,175,약함,-0.0325,81,뚜렷한 방향 없음,0.0842,조사일 이전 기상과 상대위험의 연관성이며 인과관계나 발생확률이 아님
복숭아순나방,사과,강풍노출_30일,조사 전 30일 강풍 노출시간,-0.2062,175,약함,-0.2608,81,반대 방향,0.2062,조사일 이전 기상과 상대위험의 연관성이며 인과관계나 발생확률이 아님
복숭아순나방붙이,사과,기온평균_7일,조사 전 7일 평균기온,-0.012,101,약함,-0.0733,54,뚜렷한 방향 없음,0.012,조사일 이전 기상과 상대위험의 연관성이며 인과관계나 발생확률이 아님
복숭아순나방붙이,사과,기온평균_14일,조사 전 14일 평균기온,-0.0003,101,약함,-0.0597,54,뚜렷한 방향 없음,0.0003,조사일 이전 기상과 상대위험의 연관성이며 인과관계나 발생확률이 아님
복숭아순나방붙이,사과,기온평균_30일,조사 전 30일 평균기온,0.0015,101,약함,-0.0831,54,뚜렷한 방향 없음,0.0015,조사일 이전 기상과 상대위험의 연관성이며 인과관계나 발생확률이 아님
복숭아순나방붙이,사과,기온최고_30일,조사 전 30일 최고기온,-0.0055,101,약함,-0.0371,54,뚜렷한 방향 없음,0.0055,조사일 이전 기상과 상대위험의 연관성이며 인과관계나 발생확률이 아님
복숭아순나방붙이,사과,습도평균_7일,조사 전 7일 평균습도,-0.0625,101,약함,-0.0385,54,뚜렷한 방향 없음,0.0625,조사일 이전 기상과 상대위험의 연관성이며 인과관계나 발생확률이 아님
복숭아순나방붙이,사과,습도평균_14일,조사 전 14일 평균습도,-0.0383,101,약함,0.014,54,뚜렷한 방향 없음,0.0383,조사일 이전 기상과 상대위험의 연관성이며 인과관계나 발생확률이 아님
복숭아순나방붙이,사과,습도평균_30일,조사 전 30일 평균습도,-0.027,101,약함,0.0949,54,뚜렷한 방향 없음,0.027,조사일 이전 기상과 상대위험의 연관성이며 인과관계나 발생확률이 아님
복숭아순나방붙이,사과,고습노출_30일,조사 전 30일 고습 노출시간,-0.0716,101,약함,0.0602,54,뚜렷한 방향 없음,0.0716,조사일 이전 기상과 상대위험의 연관성이며 인과관계나 발생확률이 아님
복숭아순나방붙이,사과,강수누적_7일,조사 전 7일 누적강수,,4,자료 부족,,0,뚜렷한 방향 없음,,조사일 이전 기상과 상대위험의 연관성이며 인과관계나 발생확률이 아님
복숭아순나방붙이,사과,강수누적_14일,조사 전 14일 누적강수,0.5934,9,자료 부족,,0,같이 증가,0.325,조사일 이전 기상과 상대위험의 연관성이며 인과관계나 발생확률이 아님
복숭아순나방붙이,사과,강수누적_30일,조사 전 30일 누적강수,,5,자료 부족,,0,뚜렷한 방향 없음,,조사일 이전 기상과 상대위험의 연관성이며 인과관계나 발생확률이 아님
복숭아순나방붙이,사과,풍속평균_30일,조사 전 30일 평균풍속,0.034,101,약함,-0.0606,54,뚜렷한 방향 없음,0.034,조사일 이전 기상과 상대위험의 연관성이며 인과관계나 발생확률이 아님
복숭아순나방붙이,사과,풍속최대_30일,조사 전 30일 최대풍속,-0.0838,101,약함,-0.0513,54,뚜렷한 방향 없음,0.0838,조사일 이전 기상과 상대위험의 연관성이며 인과관계나 발생확률이 아님
복숭아순나방붙이,사과,고온노출_30일,조사 전 30일 고온 노출시간,0.0295,101,약함,-0.074,54,뚜렷한 방향 없음,0.0295,조사일 이전 기상과 상대위험의 연관성이며 인과관계나 발생확률이 아님
복숭아순나방붙이,사과,강풍노출_30일,조사 전 30일 강풍 노출시간,-0.1547,101,약함,-0.1295,54,반대 방향,0.1547,조사일 이전 기상과 상대위험의 연관성이며 인과관계나 발생확률이 아님
복숭아심식나방,배,기온평균_7일,조사 전 7일 평균기온,0.3286,101,참고 가능,0.3635,34,같이 증가,0.3286,조사일 이전 기상과 상대위험의 연관성이며 인과관계나 발생확률이 아님
복숭아심식나방,배,기온평균_14일,조사 전 14일 평균기온,0.3449,101,참고 가능,0.382,34,같이 증가,0.3449,조사일 이전 기상과 상대위험의 연관성이며 인과관계나 발생확률이 아님
복숭아심식나방,배,기온평균_30일,조사 전 30일 평균기온,0.3592,101,참고 가능,0.4268,34,같이 증가,0.3592,조사일 이전 기상과 상대위험의 연관성이며 인과관계나 발생확률이 아님
복숭아심식나방,배,기온최고_30일,조사 전 30일 최고기온,0.3403,101,참고 가능,0.4135,34,같이 증가,0.3403,조사일 이전 기상과 상대위험의 연관성이며 인과관계나 발생확률이 아님
복숭아심식나방,배,습도평균_7일,조사 전 7일 평균습도,0.1759,101,약함,0.1615,34,같이 증가,0.1759,조사일 이전 기상과 상대위험의 연관성이며 인과관계나 발생확률이 아님
복숭아심식나방,배,습도평균_14일,조사 전 14일 평균습도,0.1913,101,약함,0.1323,34,같이 증가,0.1913,조사일 이전 기상과 상대위험의 연관성이며 인과관계나 발생확률이 아님
복숭아심식나방,배,습도평균_30일,조사 전 30일 평균습도,0.2303,101,약함,0.1453,34,같이 증가,0.2303,조사일 이전 기상과 상대위험의 연관성이며 인과관계나 발생확률이 아님
복숭아심식나방,배,고습노출_30일,조사 전 30일 고습 노출시간,0.2098,101,약함,0.0779,34,같이 증가,0.2098,조사일 이전 기상과 상대위험의 연관성이며 인과관계나 발생확률이 아님
복숭아심식나방,배,강수누적_7일,조사 전 7일 누적강수,,4,자료 부족,,0,뚜렷한 방향 없음,,조사일 이전 기상과 상대위험의 연관성이며 인과관계나 발생확률이 아님
복숭아심식나방,배,강수누적_14일,조사 전 14일 누적강수,0.3984,9,자료 부족,,0,같이 증가,0.2182,조사일 이전 기상과 상대위험의 연관성이며 인과관계나 발생확률이 아님
복숭아심식나방,배,강수누적_30일,조사 전 30일 누적강수,,5,자료 부족,,0,뚜렷한 방향 없음,,조사일 이전 기상과 상대위험의 연관성이며 인과관계나 발생확률이 아님
복숭아심식나방,배,풍속평균_30일,조사 전 30일 평균풍속,-0.2455,101,약함,-0.0896,34,반대 방향,0.2455,조사일 이전 기상과 상대위험의 연관성이며 인과관계나 발생확률이 아님
복숭아심식나방,배,풍속최대_30일,조사 전 30일 최대풍속,-0.1565,101,약함,0.0821,34,반대 방향,0.1565,조사일 이전 기상과 상대위험의 연관성이며 인과관계나 발생확률이 아님
복숭아심식나방,배,고온노출_30일,조사 전 30일 고온 노출시간,0.3591,101,참고 가능,0.3799,34,같이 증가,0.3591,조사일 이전 기상과 상대위험의 연관성이며 인과관계나 발생확률이 아님
복숭아심식나방,배,강풍노출_30일,조사 전 30일 강풍 노출시간,-0.1519,101,약함,0.1777,34,반대 방향,0.1519,조사일 이전 기상과 상대위험의 연관성이며 인과관계나 발생확률이 아님
복숭아심식나방,복숭아,기온평균_7일,조사 전 7일 평균기온,0.4996,128,비교적 뚜렷,0.5081,66,같이 증가,0.4996,조사일 이전 기상과 상대위험의 연관성이며 인과관계나 발생확률이 아님
복숭아심식나방,복숭아,기온평균_14일,조사 전 14일 평균기온,0.4931,128,비교적 뚜렷,0.5172,66,같이 증가,0.4931,조사일 이전 기상과 상대위험의 연관성이며 인과관계나 발생확률이 아님
복숭아심식나방,복숭아,기온평균_30일,조사 전 30일 평균기온,0.4775,128,비교적 뚜렷,0.5228,66,같이 증가,0.4775,조사일 이전 기상과 상대위험의 연관성이며 인과관계나 발생확률이 아님
복숭아심식나방,복숭아,기온최고_30일,조사 전 30일 최고기온,0.5272,128,비교적 뚜렷,0.4964,66,같이 증가,0.5272,조사일 이전 기상과 상대위험의 연관성이며 인과관계나 발생확률이 아님
복숭아심식나방,복숭아,습도평균_7일,조사 전 7일 평균습도,0.2111,128,약함,-0.0363,66,같이 증가,0.2111,조사일 이전 기상과 상대위험의 연관성이며 인과관계나 발생확률이 아님
복숭아심식나방,복숭아,습도평균_14일,조사 전 14일 평균습도,0.2248,128,약함,-0.1035,66,같이 증가,0.2248,조사일 이전 기상과 상대위험의 연관성이며 인과관계나 발생확률이 아님
복숭아심식나방,복숭아,습도평균_30일,조사 전 30일 평균습도,0.2705,128,참고 가능,-0.0068,66,같이 증가,0.2705,조사일 이전 기상과 상대위험의 연관성이며 인과관계나 발생확률이 아님
복숭아심식나방,복숭아,고습노출_30일,조사 전 30일 고습 노출시간,0.2008,128,약함,-0.1201,66,같이 증가,0.2008,조사일 이전 기상과 상대위험의 연관성이며 인과관계나 발생확률이 아님
복숭아심식나방,복숭아,강수누적_7일,조사 전 7일 누적강수,,4,자료 부족,,0,뚜렷한 방향 없음,,조사일 이전 기상과 상대위험의 연관성이며 인과관계나 발생확률이 아님
복숭아심식나방,복숭아,강수누적_14일,조사 전 14일 누적강수,0.2809,9,자료 부족,,0,같이 증가,0.1539,조사일 이전 기상과 상대위험의 연관성이며 인과관계나 발생확률이 아님
복숭아심식나방,복숭아,강수누적_30일,조사 전 30일 누적강수,,5,자료 부족,,0,뚜렷한 방향 없음,,조사일 이전 기상과 상대위험의 연관성이며 인과관계나 발생확률이 아님
복숭아심식나방,복숭아,풍속평균_30일,조사 전 30일 평균풍속,0.1335,128,약함,0.0097,66,같이 증가,0.1335,조사일 이전 기상과 상대위험의 연관성이며 인과관계나 발생확률이 아님
복숭아심식나방,복숭아,풍속최대_30일,조사 전 30일 최대풍속,0.2032,128,약함,0.1103,66,같이 증가,0.2032,조사일 이전 기상과 상대위험의 연관성이며 인과관계나 발생확률이 아님
복숭아심식나방,복숭아,고온노출_30일,조사 전 30일 고온 노출시간,0.4608,128,비교적 뚜렷,0.5134,66,같이 증가,0.4608,조사일 이전 기상과 상대위험의 연관성이며 인과관계나 발생확률이 아님
복숭아심식나방,복숭아,강풍노출_30일,조사 전 30일 강풍 노출시간,0.1547,128,약함,0.1113,66,같이 증가,0.1547,조사일 이전 기상과 상대위험의 연관성이며 인과관계나 발생확률이 아님
복숭아심식나방,사과,기온평균_7일,조사 전 7일 평균기온,0.104,148,약함,0.1635,54,같이 증가,0.104,조사일 이전 기상과 상대위험의 연관성이며 인과관계나 발생확률이 아님
복숭아심식나방,사과,기온평균_14일,조사 전 14일 평균기온,0.1,148,약함,0.1659,54,같이 증가,0.1,조사일 이전 기상과 상대위험의 연관성이며 인과관계나 발생확률이 아님
복숭아심식나방,사과,기온평균_30일,조사 전 30일 평균기온,0.1033,148,약함,0.152,54,같이 증가,0.1033,조사일 이전 기상과 상대위험의 연관성이며 인과관계나 발생확률이 아님
복숭아심식나방,사과,기온최고_30일,조사 전 30일 최고기온,0.0365,148,약함,0.0517,54,뚜렷한 방향 없음,0.0365,조사일 이전 기상과 상대위험의 연관성이며 인과관계나 발생확률이 아님
복숭아심식나방,사과,습도평균_7일,조사 전 7일 평균습도,-0.1317,148,약함,-0.1009,54,반대 방향,0.1317,조사일 이전 기상과 상대위험의 연관성이며 인과관계나 발생확률이 아님
복숭아심식나방,사과,습도평균_14일,조사 전 14일 평균습도,-0.1104,148,약함,-0.1357,54,반대 방향,0.1104,조사일 이전 기상과 상대위험의 연관성이며 인과관계나 발생확률이 아님
복숭아심식나방,사과,습도평균_30일,조사 전 30일 평균습도,-0.0925,148,약함,-0.1385,54,뚜렷한 방향 없음,0.0925,조사일 이전 기상과 상대위험의 연관성이며 인과관계나 발생확률이 아님
복숭아심식나방,사과,고습노출_30일,조사 전 30일 고습 노출시간,-0.1439,148,약함,-0.1839,54,반대 방향,0.1439,조사일 이전 기상과 상대위험의 연관성이며 인과관계나 발생확률이 아님
복숭아심식나방,사과,강수누적_7일,조사 전 7일 누적강수,0.5071,8,자료 부족,,0,같이 증가,0.2619,조사일 이전 기상과 상대위험의 연관성이며 인과관계나 발생확률이 아님
복숭아심식나방,사과,강수누적_14일,조사 전 14일 누적강수,0.5043,18,참고 가능,,0,같이 증가,0.3906,조사일 이전 기상과 상대위험의 연관성이며 인과관계나 발생확률이 아님
복숭아심식나방,사과,강수누적_30일,조사 전 30일 누적강수,0.2357,10,자료 부족,,0,같이 증가,0.1361,조사일 이전 기상과 상대위험의 연관성이며 인과관계나 발생확률이 아님
복숭아심식나방,사과,풍속평균_30일,조사 전 30일 평균풍속,-0.1607,148,약함,-0.2041,54,반대 방향,0.1607,조사일 이전 기상과 상대위험의 연관성이며 인과관계나 발생확률이 아님
복숭아심식나방,사과,풍속최대_30일,조사 전 30일 최대풍속,-0.199,148,약함,-0.2026,54,반대 방향,0.199,조사일 이전 기상과 상대위험의 연관성이며 인과관계나 발생확률이 아님
복숭아심식나방,사과,고온노출_30일,조사 전 30일 고온 노출시간,0.1281,148,약함,0.1399,54,같이 증가,0.1281,조사일 이전 기상과 상대위험의 연관성이며 인과관계나 발생확률이 아님
복숭아심식나방,사과,강풍노출_30일,조사 전 30일 강풍 노출시간,-0.2771,148,참고 가능,-0.3003,54,반대 방향,0.2771,조사일 이전 기상과 상대위험의 연관성이며 인과관계나 발생확률이 아님
볼록총채벌레,감귤,기온평균_7일,조사 전 7일 평균기온,0.3928,14,약함,,0,같이 증가,0.2684,조사일 이전 기상과 상대위험의 연관성이며 인과관계나 발생확률이 아님
볼록총채벌레,감귤,기온평균_14일,조사 전 14일 평균기온,0.3928,14,약함,,0,같이 증가,0.2684,조사일 이전 기상과 상대위험의 연관성이며 인과관계나 발생확률이 아님
볼록총채벌레,감귤,기온평균_30일,조사 전 30일 평균기온,0.3928,14,약함,,0,같이 증가,0.2684,조사일 이전 기상과 상대위험의 연관성이며 인과관계나 발생확률이 아님
볼록총채벌레,감귤,기온최고_30일,조사 전 30일 최고기온,0.3614,14,약함,,0,같이 증가,0.2469,조사일 이전 기상과 상대위험의 연관성이며 인과관계나 발생확률이 아님
볼록총채벌레,감귤,습도평균_7일,조사 전 7일 평균습도,0.2172,14,약함,,0,같이 증가,0.1484,조사일 이전 기상과 상대위험의 연관성이며 인과관계나 발생확률이 아님
볼록총채벌레,감귤,습도평균_14일,조사 전 14일 평균습도,0.2681,14,약함,,0,같이 증가,0.1831,조사일 이전 기상과 상대위험의 연관성이며 인과관계나 발생확률이 아님
볼록총채벌레,감귤,습도평균_30일,조사 전 30일 평균습도,0.305,14,약함,,0,같이 증가,0.2084,조사일 이전 기상과 상대위험의 연관성이며 인과관계나 발생확률이 아님
볼록총채벌레,감귤,고습노출_30일,조사 전 30일 고습 노출시간,0.305,14,약함,,0,같이 증가,0.2084,조사일 이전 기상과 상대위험의 연관성이며 인과관계나 발생확률이 아님
볼록총채벌레,감귤,강수누적_7일,조사 전 7일 누적강수,,0,자료 부족,,0,뚜렷한 방향 없음,,조사일 이전 기상과 상대위험의 연관성이며 인과관계나 발생확률이 아님
볼록총채벌레,감귤,강수누적_14일,조사 전 14일 누적강수,,0,자료 부족,,0,뚜렷한 방향 없음,,조사일 이전 기상과 상대위험의 연관성이며 인과관계나 발생확률이 아님
볼록총채벌레,감귤,강수누적_30일,조사 전 30일 누적강수,,2,자료 부족,,0,뚜렷한 방향 없음,,조사일 이전 기상과 상대위험의 연관성이며 인과관계나 발생확률이 아님
볼록총채벌레,감귤,풍속평균_30일,조사 전 30일 평균풍속,-0.2172,14,약함,,0,반대 방향,0.1484,조사일 이전 기상과 상대위험의 연관성이며 인과관계나 발생확률이 아님
볼록총채벌레,감귤,풍속최대_30일,조사 전 30일 최대풍속,-0.2871,14,약함,,0,반대 방향,0.1961,조사일 이전 기상과 상대위험의 연관성이며 인과관계나 발생확률이 아님
볼록총채벌레,감귤,고온노출_30일,조사 전 30일 고온 노출시간,0.3498,14,약함,,0,같이 증가,0.2389,조사일 이전 기상과 상대위험의 연관성이며 인과관계나 발생확률이 아님
볼록총채벌레,감귤,강풍노출_30일,조사 전 30일 강풍 노출시간,-0.1849,14,약함,,0,반대 방향,0.1263,조사일 이전 기상과 상대위험의 연관성이며 인과관계나 발생확률이 아님
부란병,사과,기온평균_7일,조사 전 7일 평균기온,-0.0345,101,약함,-0.1279,54,뚜렷한 방향 없음,0.0345,조사일 이전 기상과 상대위험의 연관성이며 인과관계나 발생확률이 아님
부란병,사과,기온평균_14일,조사 전 14일 평균기온,-0.0345,101,약함,-0.1296,54,뚜렷한 방향 없음,0.0345,조사일 이전 기상과 상대위험의 연관성이며 인과관계나 발생확률이 아님
부란병,사과,기온평균_30일,조사 전 30일 평균기온,-0.0507,101,약함,-0.1455,54,뚜렷한 방향 없음,0.0507,조사일 이전 기상과 상대위험의 연관성이며 인과관계나 발생확률이 아님
부란병,사과,기온최고_30일,조사 전 30일 최고기온,0.0232,101,약함,-0.0451,54,뚜렷한 방향 없음,0.0232,조사일 이전 기상과 상대위험의 연관성이며 인과관계나 발생확률이 아님
부란병,사과,습도평균_7일,조사 전 7일 평균습도,-0.1135,101,약함,-0.2795,54,반대 방향,0.1135,조사일 이전 기상과 상대위험의 연관성이며 인과관계나 발생확률이 아님
부란병,사과,습도평균_14일,조사 전 14일 평균습도,-0.065,101,약함,-0.1724,54,뚜렷한 방향 없음,0.065,조사일 이전 기상과 상대위험의 연관성이며 인과관계나 발생확률이 아님
부란병,사과,습도평균_30일,조사 전 30일 평균습도,-0.1039,101,약함,-0.1344,54,반대 방향,0.1039,조사일 이전 기상과 상대위험의 연관성이며 인과관계나 발생확률이 아님
부란병,사과,고습노출_30일,조사 전 30일 고습 노출시간,-0.1057,101,약함,-0.0963,54,반대 방향,0.1057,조사일 이전 기상과 상대위험의 연관성이며 인과관계나 발생확률이 아님
부란병,사과,강수누적_7일,조사 전 7일 누적강수,,4,자료 부족,,0,뚜렷한 방향 없음,,조사일 이전 기상과 상대위험의 연관성이며 인과관계나 발생확률이 아님
부란병,사과,강수누적_14일,조사 전 14일 누적강수,-0.055,9,자료 부족,,0,뚜렷한 방향 없음,0.0302,조사일 이전 기상과 상대위험의 연관성이며 인과관계나 발생확률이 아님
부란병,사과,강수누적_30일,조사 전 30일 누적강수,,5,자료 부족,,0,뚜렷한 방향 없음,,조사일 이전 기상과 상대위험의 연관성이며 인과관계나 발생확률이 아님
부란병,사과,풍속평균_30일,조사 전 30일 평균풍속,0.0964,101,약함,0.075,54,뚜렷한 방향 없음,0.0964,조사일 이전 기상과 상대위험의 연관성이며 인과관계나 발생확률이 아님
부란병,사과,풍속최대_30일,조사 전 30일 최대풍속,0.0289,101,약함,0.0338,54,뚜렷한 방향 없음,0.0289,조사일 이전 기상과 상대위험의 연관성이며 인과관계나 발생확률이 아님
부란병,사과,고온노출_30일,조사 전 30일 고온 노출시간,0.0318,101,약함,-0.048,54,뚜렷한 방향 없음,0.0318,조사일 이전 기상과 상대위험의 연관성이며 인과관계나 발생확률이 아님
부란병,사과,강풍노출_30일,조사 전 30일 강풍 노출시간,-0.1056,101,약함,-0.1199,54,반대 방향,0.1056,조사일 이전 기상과 상대위험의 연관성이며 인과관계나 발생확률이 아님
붉은곰팡이병,보리,기온평균_7일,조사 전 7일 평균기온,0.3631,36,참고 가능,,0,같이 증가,0.3631,조사일 이전 기상과 상대위험의 연관성이며 인과관계나 발생확률이 아님
붉은곰팡이병,보리,기온평균_14일,조사 전 14일 평균기온,0.4141,36,참고 가능,,0,같이 증가,0.4141,조사일 이전 기상과 상대위험의 연관성이며 인과관계나 발생확률이 아님
붉은곰팡이병,보리,기온평균_30일,조사 전 30일 평균기온,0.4079,36,참고 가능,,0,같이 증가,0.4079,조사일 이전 기상과 상대위험의 연관성이며 인과관계나 발생확률이 아님
붉은곰팡이병,보리,기온최고_30일,조사 전 30일 최고기온,0.4042,36,참고 가능,,0,같이 증가,0.4042,조사일 이전 기상과 상대위험의 연관성이며 인과관계나 발생확률이 아님
붉은곰팡이병,보리,습도평균_7일,조사 전 7일 평균습도,0.2448,36,약함,,0,같이 증가,0.2448,조사일 이전 기상과 상대위험의 연관성이며 인과관계나 발생확률이 아님
붉은곰팡이병,보리,습도평균_14일,조사 전 14일 평균습도,0.3111,36,참고 가능,,0,같이 증가,0.3111,조사일 이전 기상과 상대위험의 연관성이며 인과관계나 발생확률이 아님
붉은곰팡이병,보리,습도평균_30일,조사 전 30일 평균습도,0.396,36,참고 가능,,0,같이 증가,0.396,조사일 이전 기상과 상대위험의 연관성이며 인과관계나 발생확률이 아님
붉은곰팡이병,보리,고습노출_30일,조사 전 30일 고습 노출시간,0.3483,36,참고 가능,,0,같이 증가,0.3483,조사일 이전 기상과 상대위험의 연관성이며 인과관계나 발생확률이 아님
붉은곰팡이병,보리,강수누적_7일,조사 전 7일 누적강수,,0,자료 부족,,0,뚜렷한 방향 없음,,조사일 이전 기상과 상대위험의 연관성이며 인과관계나 발생확률이 아님
붉은곰팡이병,보리,강수누적_14일,조사 전 14일 누적강수,,0,자료 부족,,0,뚜렷한 방향 없음,,조사일 이전 기상과 상대위험의 연관성이며 인과관계나 발생확률이 아님
붉은곰팡이병,보리,강수누적_30일,조사 전 30일 누적강수,,0,자료 부족,,0,뚜렷한 방향 없음,,조사일 이전 기상과 상대위험의 연관성이며 인과관계나 발생확률이 아님
붉은곰팡이병,보리,풍속평균_30일,조사 전 30일 평균풍속,0.3254,36,참고 가능,,0,같이 증가,0.3254,조사일 이전 기상과 상대위험의 연관성이며 인과관계나 발생확률이 아님
붉은곰팡이병,보리,풍속최대_30일,조사 전 30일 최대풍속,0.2086,36,약함,,0,같이 증가,0.2086,조사일 이전 기상과 상대위험의 연관성이며 인과관계나 발생확률이 아님
붉은곰팡이병,보리,고온노출_30일,조사 전 30일 고온 노출시간,0.3516,36,참고 가능,,0,같이 증가,0.3516,조사일 이전 기상과 상대위험의 연관성이며 인과관계나 발생확률이 아님
붉은곰팡이병,보리,강풍노출_30일,조사 전 30일 강풍 노출시간,0.1683,36,약함,,0,같이 증가,0.1683,조사일 이전 기상과 상대위험의 연관성이며 인과관계나 발생확률이 아님
붉은별무늬병,배,기온평균_7일,조사 전 7일 평균기온,0.0859,135,약함,0.227,68,뚜렷한 방향 없음,0.0859,조사일 이전 기상과 상대위험의 연관성이며 인과관계나 발생확률이 아님
붉은별무늬병,배,기온평균_14일,조사 전 14일 평균기온,0.0819,135,약함,0.189,68,뚜렷한 방향 없음,0.0819,조사일 이전 기상과 상대위험의 연관성이며 인과관계나 발생확률이 아님
붉은별무늬병,배,기온평균_30일,조사 전 30일 평균기온,0.072,135,약함,0.147,68,뚜렷한 방향 없음,0.072,조사일 이전 기상과 상대위험의 연관성이며 인과관계나 발생확률이 아님
붉은별무늬병,배,기온최고_30일,조사 전 30일 최고기온,0.1319,135,약함,0.4241,68,같이 증가,0.1319,조사일 이전 기상과 상대위험의 연관성이며 인과관계나 발생확률이 아님
붉은별무늬병,배,습도평균_7일,조사 전 7일 평균습도,-0.053,135,약함,-0.2294,68,뚜렷한 방향 없음,0.053,조사일 이전 기상과 상대위험의 연관성이며 인과관계나 발생확률이 아님
붉은별무늬병,배,습도평균_14일,조사 전 14일 평균습도,-0.0138,135,약함,-0.2021,68,뚜렷한 방향 없음,0.0138,조사일 이전 기상과 상대위험의 연관성이며 인과관계나 발생확률이 아님
붉은별무늬병,배,습도평균_30일,조사 전 30일 평균습도,0.0451,135,약함,-0.0787,68,뚜렷한 방향 없음,0.0451,조사일 이전 기상과 상대위험의 연관성이며 인과관계나 발생확률이 아님
붉은별무늬병,배,고습노출_30일,조사 전 30일 고습 노출시간,0.0688,135,약함,-0.0169,68,뚜렷한 방향 없음,0.0688,조사일 이전 기상과 상대위험의 연관성이며 인과관계나 발생확률이 아님
붉은별무늬병,배,강수누적_7일,조사 전 7일 누적강수,,4,자료 부족,,0,뚜렷한 방향 없음,,조사일 이전 기상과 상대위험의 연관성이며 인과관계나 발생확률이 아님
붉은별무늬병,배,강수누적_14일,조사 전 14일 누적강수,-0.6208,9,자료 부족,,0,반대 방향,0.34,조사일 이전 기상과 상대위험의 연관성이며 인과관계나 발생확률이 아님
붉은별무늬병,배,강수누적_30일,조사 전 30일 누적강수,,5,자료 부족,,0,뚜렷한 방향 없음,,조사일 이전 기상과 상대위험의 연관성이며 인과관계나 발생확률이 아님
붉은별무늬병,배,풍속평균_30일,조사 전 30일 평균풍속,0.0554,135,약함,-0.0072,68,뚜렷한 방향 없음,0.0554,조사일 이전 기상과 상대위험의 연관성이며 인과관계나 발생확률이 아님
붉은별무늬병,배,풍속최대_30일,조사 전 30일 최대풍속,0.1857,135,약함,0.3022,68,같이 증가,0.1857,조사일 이전 기상과 상대위험의 연관성이며 인과관계나 발생확률이 아님
붉은별무늬병,배,고온노출_30일,조사 전 30일 고온 노출시간,0.0715,135,약함,0.401,68,뚜렷한 방향 없음,0.0715,조사일 이전 기상과 상대위험의 연관성이며 인과관계나 발생확률이 아님
붉은별무늬병,배,강풍노출_30일,조사 전 30일 강풍 노출시간,0.1892,135,약함,0.307,68,같이 증가,0.1892,조사일 이전 기상과 상대위험의 연관성이며 인과관계나 발생확률이 아님
붉은별무늬병,사과,기온평균_7일,조사 전 7일 평균기온,-0.1975,74,약함,-0.0151,27,반대 방향,0.1975,조사일 이전 기상과 상대위험의 연관성이며 인과관계나 발생확률이 아님
붉은별무늬병,사과,기온평균_14일,조사 전 14일 평균기온,-0.187,74,약함,0.0006,27,반대 방향,0.187,조사일 이전 기상과 상대위험의 연관성이며 인과관계나 발생확률이 아님
붉은별무늬병,사과,기온평균_30일,조사 전 30일 평균기온,-0.1756,74,약함,-0.0028,27,반대 방향,0.1756,조사일 이전 기상과 상대위험의 연관성이며 인과관계나 발생확률이 아님
붉은별무늬병,사과,기온최고_30일,조사 전 30일 최고기온,-0.0456,74,약함,0.0006,27,뚜렷한 방향 없음,0.0456,조사일 이전 기상과 상대위험의 연관성이며 인과관계나 발생확률이 아님
붉은별무늬병,사과,습도평균_7일,조사 전 7일 평균습도,-0.1099,74,약함,0.0733,27,반대 방향,0.1099,조사일 이전 기상과 상대위험의 연관성이며 인과관계나 발생확률이 아님
붉은별무늬병,사과,습도평균_14일,조사 전 14일 평균습도,-0.0739,74,약함,0.183,27,뚜렷한 방향 없음,0.0739,조사일 이전 기상과 상대위험의 연관성이며 인과관계나 발생확률이 아님
붉은별무늬병,사과,습도평균_30일,조사 전 30일 평균습도,-0.0694,74,약함,0.249,27,뚜렷한 방향 없음,0.0694,조사일 이전 기상과 상대위험의 연관성이며 인과관계나 발생확률이 아님
붉은별무늬병,사과,고습노출_30일,조사 전 30일 고습 노출시간,-0.02,74,약함,0.2507,27,뚜렷한 방향 없음,0.02,조사일 이전 기상과 상대위험의 연관성이며 인과관계나 발생확률이 아님
붉은별무늬병,사과,강수누적_7일,조사 전 7일 누적강수,,4,자료 부족,,0,뚜렷한 방향 없음,,조사일 이전 기상과 상대위험의 연관성이며 인과관계나 발생확률이 아님
붉은별무늬병,사과,강수누적_14일,조사 전 14일 누적강수,0.1369,9,자료 부족,,0,같이 증가,0.075,조사일 이전 기상과 상대위험의 연관성이며 인과관계나 발생확률이 아님
붉은별무늬병,사과,강수누적_30일,조사 전 30일 누적강수,,5,자료 부족,,0,뚜렷한 방향 없음,,조사일 이전 기상과 상대위험의 연관성이며 인과관계나 발생확률이 아님
붉은별무늬병,사과,풍속평균_30일,조사 전 30일 평균풍속,0.0632,74,약함,0.1113,27,뚜렷한 방향 없음,0.0632,조사일 이전 기상과 상대위험의 연관성이며 인과관계나 발생확률이 아님
붉은별무늬병,사과,풍속최대_30일,조사 전 30일 최대풍속,-0.034,74,약함,-0.0476,27,뚜렷한 방향 없음,0.034,조사일 이전 기상과 상대위험의 연관성이며 인과관계나 발생확률이 아님
붉은별무늬병,사과,고온노출_30일,조사 전 30일 고온 노출시간,-0.1322,74,약함,-0.0638,27,반대 방향,0.1322,조사일 이전 기상과 상대위험의 연관성이며 인과관계나 발생확률이 아님
붉은별무늬병,사과,강풍노출_30일,조사 전 30일 강풍 노출시간,-0.0507,74,약함,-0.132,27,뚜렷한 방향 없음,0.0507,조사일 이전 기상과 상대위험의 연관성이며 인과관계나 발생확률이 아님
사과굴나방,사과,기온평균_7일,조사 전 7일 평균기온,0.1258,101,약함,0.0729,54,같이 증가,0.1258,조사일 이전 기상과 상대위험의 연관성이며 인과관계나 발생확률이 아님
사과굴나방,사과,기온평균_14일,조사 전 14일 평균기온,0.1136,101,약함,0.0542,54,같이 증가,0.1136,조사일 이전 기상과 상대위험의 연관성이며 인과관계나 발생확률이 아님
사과굴나방,사과,기온평균_30일,조사 전 30일 평균기온,0.109,101,약함,0.0181,54,같이 증가,0.109,조사일 이전 기상과 상대위험의 연관성이며 인과관계나 발생확률이 아님
사과굴나방,사과,기온최고_30일,조사 전 30일 최고기온,0.1081,101,약함,0.0371,54,같이 증가,0.1081,조사일 이전 기상과 상대위험의 연관성이며 인과관계나 발생확률이 아님
사과굴나방,사과,습도평균_7일,조사 전 7일 평균습도,-0.0434,101,약함,-0.1092,54,뚜렷한 방향 없음,0.0434,조사일 이전 기상과 상대위험의 연관성이며 인과관계나 발생확률이 아님
사과굴나방,사과,습도평균_14일,조사 전 14일 평균습도,-0.008,101,약함,-0.0332,54,뚜렷한 방향 없음,0.008,조사일 이전 기상과 상대위험의 연관성이며 인과관계나 발생확률이 아님
사과굴나방,사과,습도평균_30일,조사 전 30일 평균습도,0.0065,101,약함,0.0015,54,뚜렷한 방향 없음,0.0065,조사일 이전 기상과 상대위험의 연관성이며 인과관계나 발생확률이 아님
사과굴나방,사과,고습노출_30일,조사 전 30일 고습 노출시간,-0.0565,101,약함,-0.0696,54,뚜렷한 방향 없음,0.0565,조사일 이전 기상과 상대위험의 연관성이며 인과관계나 발생확률이 아님
사과굴나방,사과,강수누적_7일,조사 전 7일 누적강수,,4,자료 부족,,0,뚜렷한 방향 없음,,조사일 이전 기상과 상대위험의 연관성이며 인과관계나 발생확률이 아님
사과굴나방,사과,강수누적_14일,조사 전 14일 누적강수,0.8398,9,자료 부족,,0,같이 증가,0.46,조사일 이전 기상과 상대위험의 연관성이며 인과관계나 발생확률이 아님
사과굴나방,사과,강수누적_30일,조사 전 30일 누적강수,,5,자료 부족,,0,뚜렷한 방향 없음,,조사일 이전 기상과 상대위험의 연관성이며 인과관계나 발생확률이 아님
사과굴나방,사과,풍속평균_30일,조사 전 30일 평균풍속,-0.0489,101,약함,-0.0735,54,뚜렷한 방향 없음,0.0489,조사일 이전 기상과 상대위험의 연관성이며 인과관계나 발생확률이 아님
사과굴나방,사과,풍속최대_30일,조사 전 30일 최대풍속,-0.0917,101,약함,-0.0772,54,뚜렷한 방향 없음,0.0917,조사일 이전 기상과 상대위험의 연관성이며 인과관계나 발생확률이 아님
사과굴나방,사과,고온노출_30일,조사 전 30일 고온 노출시간,0.1557,101,약함,0.0532,54,같이 증가,0.1557,조사일 이전 기상과 상대위험의 연관성이며 인과관계나 발생확률이 아님
사과굴나방,사과,강풍노출_30일,조사 전 30일 강풍 노출시간,-0.1764,101,약함,-0.1665,54,반대 방향,0.1764,조사일 이전 기상과 상대위험의 연관성이며 인과관계나 발생확률이 아님
사과무늬잎말이나방,배,기온평균_7일,조사 전 7일 평균기온,0.0727,101,약함,0.3066,34,뚜렷한 방향 없음,0.0727,조사일 이전 기상과 상대위험의 연관성이며 인과관계나 발생확률이 아님
사과무늬잎말이나방,배,기온평균_14일,조사 전 14일 평균기온,0.0566,101,약함,0.2545,34,뚜렷한 방향 없음,0.0566,조사일 이전 기상과 상대위험의 연관성이며 인과관계나 발생확률이 아님
사과무늬잎말이나방,배,기온평균_30일,조사 전 30일 평균기온,0.0563,101,약함,0.2547,34,뚜렷한 방향 없음,0.0563,조사일 이전 기상과 상대위험의 연관성이며 인과관계나 발생확률이 아님
사과무늬잎말이나방,배,기온최고_30일,조사 전 30일 최고기온,0.1643,101,약함,0.4405,34,같이 증가,0.1643,조사일 이전 기상과 상대위험의 연관성이며 인과관계나 발생확률이 아님
사과무늬잎말이나방,배,습도평균_7일,조사 전 7일 평균습도,-0.0178,101,약함,-0.264,34,뚜렷한 방향 없음,0.0178,조사일 이전 기상과 상대위험의 연관성이며 인과관계나 발생확률이 아님
사과무늬잎말이나방,배,습도평균_14일,조사 전 14일 평균습도,-0.049,101,약함,-0.202,34,뚜렷한 방향 없음,0.049,조사일 이전 기상과 상대위험의 연관성이며 인과관계나 발생확률이 아님
사과무늬잎말이나방,배,습도평균_30일,조사 전 30일 평균습도,-0.099,101,약함,-0.2268,34,뚜렷한 방향 없음,0.099,조사일 이전 기상과 상대위험의 연관성이며 인과관계나 발생확률이 아님
사과무늬잎말이나방,배,고습노출_30일,조사 전 30일 고습 노출시간,-0.0794,101,약함,-0.1475,34,뚜렷한 방향 없음,0.0794,조사일 이전 기상과 상대위험의 연관성이며 인과관계나 발생확률이 아님
사과무늬잎말이나방,배,강수누적_7일,조사 전 7일 누적강수,,4,자료 부족,,0,뚜렷한 방향 없음,,조사일 이전 기상과 상대위험의 연관성이며 인과관계나 발생확률이 아님
사과무늬잎말이나방,배,강수누적_14일,조사 전 14일 누적강수,0.4108,9,자료 부족,,0,같이 증가,0.225,조사일 이전 기상과 상대위험의 연관성이며 인과관계나 발생확률이 아님
사과무늬잎말이나방,배,강수누적_30일,조사 전 30일 누적강수,,5,자료 부족,,0,뚜렷한 방향 없음,,조사일 이전 기상과 상대위험의 연관성이며 인과관계나 발생확률이 아님
사과무늬잎말이나방,배,풍속평균_30일,조사 전 30일 평균풍속,-0.0713,101,약함,0.0739,34,뚜렷한 방향 없음,0.0713,조사일 이전 기상과 상대위험의 연관성이며 인과관계나 발생확률이 아님
사과무늬잎말이나방,배,풍속최대_30일,조사 전 30일 최대풍속,0.0617,101,약함,0.324,34,뚜렷한 방향 없음,0.0617,조사일 이전 기상과 상대위험의 연관성이며 인과관계나 발생확률이 아님
사과무늬잎말이나방,배,고온노출_30일,조사 전 30일 고온 노출시간,0.1414,101,약함,0.4235,34,같이 증가,0.1414,조사일 이전 기상과 상대위험의 연관성이며 인과관계나 발생확률이 아님
사과무늬잎말이나방,배,강풍노출_30일,조사 전 30일 강풍 노출시간,0.0415,101,약함,0.4133,34,뚜렷한 방향 없음,0.0415,조사일 이전 기상과 상대위험의 연관성이며 인과관계나 발생확률이 아님
사과무늬잎말이나방,사과,기온평균_7일,조사 전 7일 평균기온,0.0452,101,약함,-0.0105,54,뚜렷한 방향 없음,0.0452,조사일 이전 기상과 상대위험의 연관성이며 인과관계나 발생확률이 아님
사과무늬잎말이나방,사과,기온평균_14일,조사 전 14일 평균기온,0.0341,101,약함,-0.0265,54,뚜렷한 방향 없음,0.0341,조사일 이전 기상과 상대위험의 연관성이며 인과관계나 발생확률이 아님
사과무늬잎말이나방,사과,기온평균_30일,조사 전 30일 평균기온,0.0504,101,약함,-0.0025,54,뚜렷한 방향 없음,0.0504,조사일 이전 기상과 상대위험의 연관성이며 인과관계나 발생확률이 아님
사과무늬잎말이나방,사과,기온최고_30일,조사 전 30일 최고기온,0.0816,101,약함,0.0228,54,뚜렷한 방향 없음,0.0816,조사일 이전 기상과 상대위험의 연관성이며 인과관계나 발생확률이 아님
사과무늬잎말이나방,사과,습도평균_7일,조사 전 7일 평균습도,-0.2016,101,약함,-0.2112,54,반대 방향,0.2016,조사일 이전 기상과 상대위험의 연관성이며 인과관계나 발생확률이 아님
사과무늬잎말이나방,사과,습도평균_14일,조사 전 14일 평균습도,-0.1863,101,약함,-0.2053,54,반대 방향,0.1863,조사일 이전 기상과 상대위험의 연관성이며 인과관계나 발생확률이 아님
사과무늬잎말이나방,사과,습도평균_30일,조사 전 30일 평균습도,-0.1998,101,약함,-0.2141,54,반대 방향,0.1998,조사일 이전 기상과 상대위험의 연관성이며 인과관계나 발생확률이 아님
사과무늬잎말이나방,사과,고습노출_30일,조사 전 30일 고습 노출시간,-0.2391,101,약함,-0.2469,54,반대 방향,0.2391,조사일 이전 기상과 상대위험의 연관성이며 인과관계나 발생확률이 아님
사과무늬잎말이나방,사과,강수누적_7일,조사 전 7일 누적강수,,4,자료 부족,,0,뚜렷한 방향 없음,,조사일 이전 기상과 상대위험의 연관성이며 인과관계나 발생확률이 아님
사과무늬잎말이나방,사과,강수누적_14일,조사 전 14일 누적강수,0.7303,9,자료 부족,,0,같이 증가,0.4,조사일 이전 기상과 상대위험의 연관성이며 인과관계나 발생확률이 아님
사과무늬잎말이나방,사과,강수누적_30일,조사 전 30일 누적강수,,5,자료 부족,,0,뚜렷한 방향 없음,,조사일 이전 기상과 상대위험의 연관성이며 인과관계나 발생확률이 아님
사과무늬잎말이나방,사과,풍속평균_30일,조사 전 30일 평균풍속,-0.1101,101,약함,-0.0033,54,반대 방향,0.1101,조사일 이전 기상과 상대위험의 연관성이며 인과관계나 발생확률이 아님
사과무늬잎말이나방,사과,풍속최대_30일,조사 전 30일 최대풍속,-0.0357,101,약함,-0.0433,54,뚜렷한 방향 없음,0.0357,조사일 이전 기상과 상대위험의 연관성이며 인과관계나 발생확률이 아님
사과무늬잎말이나방,사과,고온노출_30일,조사 전 30일 고온 노출시간,0.1427,101,약함,0.1017,54,같이 증가,0.1427,조사일 이전 기상과 상대위험의 연관성이며 인과관계나 발생확률이 아님
사과무늬잎말이나방,사과,강풍노출_30일,조사 전 30일 강풍 노출시간,-0.0311,101,약함,-0.0467,54,뚜렷한 방향 없음,0.0311,조사일 이전 기상과 상대위험의 연관성이며 인과관계나 발생확률이 아님
사과애모무늬잎말이나방,배,기온평균_7일,조사 전 7일 평균기온,0.062,101,약함,0.2706,34,뚜렷한 방향 없음,0.062,조사일 이전 기상과 상대위험의 연관성이며 인과관계나 발생확률이 아님
사과애모무늬잎말이나방,배,기온평균_14일,조사 전 14일 평균기온,0.0504,101,약함,0.2374,34,뚜렷한 방향 없음,0.0504,조사일 이전 기상과 상대위험의 연관성이며 인과관계나 발생확률이 아님
사과애모무늬잎말이나방,배,기온평균_30일,조사 전 30일 평균기온,0.0331,101,약함,0.2224,34,뚜렷한 방향 없음,0.0331,조사일 이전 기상과 상대위험의 연관성이며 인과관계나 발생확률이 아님
사과애모무늬잎말이나방,배,기온최고_30일,조사 전 30일 최고기온,0.1394,101,약함,0.3558,34,같이 증가,0.1394,조사일 이전 기상과 상대위험의 연관성이며 인과관계나 발생확률이 아님
사과애모무늬잎말이나방,배,습도평균_7일,조사 전 7일 평균습도,-0.0244,101,약함,-0.1852,34,뚜렷한 방향 없음,0.0244,조사일 이전 기상과 상대위험의 연관성이며 인과관계나 발생확률이 아님
사과애모무늬잎말이나방,배,습도평균_14일,조사 전 14일 평균습도,-0.0379,101,약함,-0.1385,34,뚜렷한 방향 없음,0.0379,조사일 이전 기상과 상대위험의 연관성이며 인과관계나 발생확률이 아님
사과애모무늬잎말이나방,배,습도평균_30일,조사 전 30일 평균습도,0.0085,101,약함,-0.0302,34,뚜렷한 방향 없음,0.0085,조사일 이전 기상과 상대위험의 연관성이며 인과관계나 발생확률이 아님
사과애모무늬잎말이나방,배,고습노출_30일,조사 전 30일 고습 노출시간,0.0377,101,약함,0.029,34,뚜렷한 방향 없음,0.0377,조사일 이전 기상과 상대위험의 연관성이며 인과관계나 발생확률이 아님
사과애모무늬잎말이나방,배,강수누적_7일,조사 전 7일 누적강수,,4,자료 부족,,0,뚜렷한 방향 없음,,조사일 이전 기상과 상대위험의 연관성이며 인과관계나 발생확률이 아님
사과애모무늬잎말이나방,배,강수누적_14일,조사 전 14일 누적강수,,9,자료 부족,,0,뚜렷한 방향 없음,,조사일 이전 기상과 상대위험의 연관성이며 인과관계나 발생확률이 아님
사과애모무늬잎말이나방,배,강수누적_30일,조사 전 30일 누적강수,,5,자료 부족,,0,뚜렷한 방향 없음,,조사일 이전 기상과 상대위험의 연관성이며 인과관계나 발생확률이 아님
사과애모무늬잎말이나방,배,풍속평균_30일,조사 전 30일 평균풍속,0.1097,101,약함,0.0686,34,같이 증가,0.1097,조사일 이전 기상과 상대위험의 연관성이며 인과관계나 발생확률이 아님
사과애모무늬잎말이나방,배,풍속최대_30일,조사 전 30일 최대풍속,0.2536,101,참고 가능,0.273,34,같이 증가,0.2536,조사일 이전 기상과 상대위험의 연관성이며 인과관계나 발생확률이 아님
사과애모무늬잎말이나방,배,고온노출_30일,조사 전 30일 고온 노출시간,0.081,101,약함,0.3528,34,뚜렷한 방향 없음,0.081,조사일 이전 기상과 상대위험의 연관성이며 인과관계나 발생확률이 아님
사과애모무늬잎말이나방,배,강풍노출_30일,조사 전 30일 강풍 노출시간,0.2225,101,약함,0.3403,34,같이 증가,0.2225,조사일 이전 기상과 상대위험의 연관성이며 인과관계나 발생확률이 아님
사과애모무늬잎말이나방,사과,기온평균_7일,조사 전 7일 평균기온,0.046,101,약함,-0.0284,54,뚜렷한 방향 없음,0.046,조사일 이전 기상과 상대위험의 연관성이며 인과관계나 발생확률이 아님
사과애모무늬잎말이나방,사과,기온평균_14일,조사 전 14일 평균기온,0.0617,101,약함,-0.028,54,뚜렷한 방향 없음,0.0617,조사일 이전 기상과 상대위험의 연관성이며 인과관계나 발생확률이 아님
사과애모무늬잎말이나방,사과,기온평균_30일,조사 전 30일 평균기온,0.0919,101,약함,-0.0408,54,뚜렷한 방향 없음,0.0919,조사일 이전 기상과 상대위험의 연관성이며 인과관계나 발생확률이 아님
사과애모무늬잎말이나방,사과,기온최고_30일,조사 전 30일 최고기온,0.0342,101,약함,-0.0581,54,뚜렷한 방향 없음,0.0342,조사일 이전 기상과 상대위험의 연관성이며 인과관계나 발생확률이 아님
사과애모무늬잎말이나방,사과,습도평균_7일,조사 전 7일 평균습도,-0.1222,101,약함,-0.1201,54,반대 방향,0.1222,조사일 이전 기상과 상대위험의 연관성이며 인과관계나 발생확률이 아님
사과애모무늬잎말이나방,사과,습도평균_14일,조사 전 14일 평균습도,-0.0866,101,약함,-0.0684,54,뚜렷한 방향 없음,0.0866,조사일 이전 기상과 상대위험의 연관성이며 인과관계나 발생확률이 아님
사과애모무늬잎말이나방,사과,습도평균_30일,조사 전 30일 평균습도,-0.0771,101,약함,-0.0375,54,뚜렷한 방향 없음,0.0771,조사일 이전 기상과 상대위험의 연관성이며 인과관계나 발생확률이 아님
사과애모무늬잎말이나방,사과,고습노출_30일,조사 전 30일 고습 노출시간,-0.1293,101,약함,-0.0502,54,반대 방향,0.1293,조사일 이전 기상과 상대위험의 연관성이며 인과관계나 발생확률이 아님
사과애모무늬잎말이나방,사과,강수누적_7일,조사 전 7일 누적강수,,4,자료 부족,,0,뚜렷한 방향 없음,,조사일 이전 기상과 상대위험의 연관성이며 인과관계나 발생확률이 아님
사과애모무늬잎말이나방,사과,강수누적_14일,조사 전 14일 누적강수,0.7327,9,자료 부족,,0,같이 증가,0.4013,조사일 이전 기상과 상대위험의 연관성이며 인과관계나 발생확률이 아님
사과애모무늬잎말이나방,사과,강수누적_30일,조사 전 30일 누적강수,,5,자료 부족,,0,뚜렷한 방향 없음,,조사일 이전 기상과 상대위험의 연관성이며 인과관계나 발생확률이 아님
사과애모무늬잎말이나방,사과,풍속평균_30일,조사 전 30일 평균풍속,-0.1755,101,약함,-0.1006,54,반대 방향,0.1755,조사일 이전 기상과 상대위험의 연관성이며 인과관계나 발생확률이 아님
사과애모무늬잎말이나방,사과,풍속최대_30일,조사 전 30일 최대풍속,-0.1915,101,약함,-0.17,54,반대 방향,0.1915,조사일 이전 기상과 상대위험의 연관성이며 인과관계나 발생확률이 아님
사과애모무늬잎말이나방,사과,고온노출_30일,조사 전 30일 고온 노출시간,0.1293,101,약함,-0.0407,54,같이 증가,0.1293,조사일 이전 기상과 상대위험의 연관성이며 인과관계나 발생확률이 아님
사과애모무늬잎말이나방,사과,강풍노출_30일,조사 전 30일 강풍 노출시간,-0.2137,101,약함,-0.2228,54,반대 방향,0.2137,조사일 이전 기상과 상대위험의 연관성이며 인과관계나 발생확률이 아님
사과응애,사과,기온평균_7일,조사 전 7일 평균기온,0.1327,27,약함,0.1327,27,같이 증가,0.1259,조사일 이전 기상과 상대위험의 연관성이며 인과관계나 발생확률이 아님
사과응애,사과,기온평균_14일,조사 전 14일 평균기온,0.1252,27,약함,0.1252,27,같이 증가,0.1188,조사일 이전 기상과 상대위험의 연관성이며 인과관계나 발생확률이 아님
사과응애,사과,기온평균_30일,조사 전 30일 평균기온,0.1414,27,약함,0.1414,27,같이 증가,0.1342,조사일 이전 기상과 상대위험의 연관성이며 인과관계나 발생확률이 아님
사과응애,사과,기온최고_30일,조사 전 30일 최고기온,0.049,27,약함,0.049,27,뚜렷한 방향 없음,0.0465,조사일 이전 기상과 상대위험의 연관성이며 인과관계나 발생확률이 아님
사과응애,사과,습도평균_7일,조사 전 7일 평균습도,-0.2892,27,참고 가능,-0.2892,27,반대 방향,0.2744,조사일 이전 기상과 상대위험의 연관성이며 인과관계나 발생확률이 아님
사과응애,사과,습도평균_14일,조사 전 14일 평균습도,-0.2821,27,참고 가능,-0.2821,27,반대 방향,0.2676,조사일 이전 기상과 상대위험의 연관성이며 인과관계나 발생확률이 아님
사과응애,사과,습도평균_30일,조사 전 30일 평균습도,-0.2405,27,약함,-0.2405,27,반대 방향,0.2281,조사일 이전 기상과 상대위험의 연관성이며 인과관계나 발생확률이 아님
사과응애,사과,고습노출_30일,조사 전 30일 고습 노출시간,-0.2591,27,참고 가능,-0.2591,27,반대 방향,0.2458,조사일 이전 기상과 상대위험의 연관성이며 인과관계나 발생확률이 아님
사과응애,사과,강수누적_7일,조사 전 7일 누적강수,,0,자료 부족,,0,뚜렷한 방향 없음,,조사일 이전 기상과 상대위험의 연관성이며 인과관계나 발생확률이 아님
사과응애,사과,강수누적_14일,조사 전 14일 누적강수,,0,자료 부족,,0,뚜렷한 방향 없음,,조사일 이전 기상과 상대위험의 연관성이며 인과관계나 발생확률이 아님
사과응애,사과,강수누적_30일,조사 전 30일 누적강수,,0,자료 부족,,0,뚜렷한 방향 없음,,조사일 이전 기상과 상대위험의 연관성이며 인과관계나 발생확률이 아님
사과응애,사과,풍속평균_30일,조사 전 30일 평균풍속,0.2892,27,참고 가능,0.2892,27,같이 증가,0.2744,조사일 이전 기상과 상대위험의 연관성이며 인과관계나 발생확률이 아님
사과응애,사과,풍속최대_30일,조사 전 30일 최대풍속,0.0056,27,약함,0.0056,27,뚜렷한 방향 없음,0.0053,조사일 이전 기상과 상대위험의 연관성이며 인과관계나 발생확률이 아님
사과응애,사과,고온노출_30일,조사 전 30일 고온 노출시간,0.1977,27,약함,0.1977,27,같이 증가,0.1875,조사일 이전 기상과 상대위험의 연관성이며 인과관계나 발생확률이 아님
사과응애,사과,강풍노출_30일,조사 전 30일 강풍 노출시간,0.052,27,약함,0.052,27,뚜렷한 방향 없음,0.0493,조사일 이전 기상과 상대위험의 연관성이며 인과관계나 발생확률이 아님
사과혹진딧물,사과,기온평균_7일,조사 전 7일 평균기온,-0.1164,27,약함,-0.1164,27,반대 방향,0.1105,조사일 이전 기상과 상대위험의 연관성이며 인과관계나 발생확률이 아님
사과혹진딧물,사과,기온평균_14일,조사 전 14일 평균기온,-0.0899,27,약함,-0.0899,27,뚜렷한 방향 없음,0.0853,조사일 이전 기상과 상대위험의 연관성이며 인과관계나 발생확률이 아님
사과혹진딧물,사과,기온평균_30일,조사 전 30일 평균기온,-0.1437,27,약함,-0.1437,27,반대 방향,0.1363,조사일 이전 기상과 상대위험의 연관성이며 인과관계나 발생확률이 아님
사과혹진딧물,사과,기온최고_30일,조사 전 30일 최고기온,-0.2839,27,참고 가능,-0.2839,27,반대 방향,0.2693,조사일 이전 기상과 상대위험의 연관성이며 인과관계나 발생확률이 아님
사과혹진딧물,사과,습도평균_7일,조사 전 7일 평균습도,-0.1335,27,약함,-0.1335,27,반대 방향,0.1267,조사일 이전 기상과 상대위험의 연관성이며 인과관계나 발생확률이 아님
사과혹진딧물,사과,습도평균_14일,조사 전 14일 평균습도,0.0389,27,약함,0.0389,27,뚜렷한 방향 없음,0.0369,조사일 이전 기상과 상대위험의 연관성이며 인과관계나 발생확률이 아님
사과혹진딧물,사과,습도평균_30일,조사 전 30일 평균습도,0.1175,27,약함,0.1175,27,같이 증가,0.1115,조사일 이전 기상과 상대위험의 연관성이며 인과관계나 발생확률이 아님
사과혹진딧물,사과,고습노출_30일,조사 전 30일 고습 노출시간,0.1517,27,약함,0.1517,27,같이 증가,0.1439,조사일 이전 기상과 상대위험의 연관성이며 인과관계나 발생확률이 아님
사과혹진딧물,사과,강수누적_7일,조사 전 7일 누적강수,,0,자료 부족,,0,뚜렷한 방향 없음,,조사일 이전 기상과 상대위험의 연관성이며 인과관계나 발생확률이 아님
사과혹진딧물,사과,강수누적_14일,조사 전 14일 누적강수,,0,자료 부족,,0,뚜렷한 방향 없음,,조사일 이전 기상과 상대위험의 연관성이며 인과관계나 발생확률이 아님
사과혹진딧물,사과,강수누적_30일,조사 전 30일 누적강수,,0,자료 부족,,0,뚜렷한 방향 없음,,조사일 이전 기상과 상대위험의 연관성이며 인과관계나 발생확률이 아님
사과혹진딧물,사과,풍속평균_30일,조사 전 30일 평균풍속,-0.1783,27,약함,-0.1783,27,반대 방향,0.1691,조사일 이전 기상과 상대위험의 연관성이며 인과관계나 발생확률이 아님
사과혹진딧물,사과,풍속최대_30일,조사 전 30일 최대풍속,-0.1519,27,약함,-0.1519,27,반대 방향,0.1442,조사일 이전 기상과 상대위험의 연관성이며 인과관계나 발생확률이 아님
사과혹진딧물,사과,고온노출_30일,조사 전 30일 고온 노출시간,-0.219,27,약함,-0.219,27,반대 방향,0.2078,조사일 이전 기상과 상대위험의 연관성이며 인과관계나 발생확률이 아님
사과혹진딧물,사과,강풍노출_30일,조사 전 30일 강풍 노출시간,-0.3358,27,참고 가능,-0.3358,27,반대 방향,0.3185,조사일 이전 기상과 상대위험의 연관성이며 인과관계나 발생확률이 아님
세균구멍병,복숭아,기온평균_7일,조사 전 7일 평균기온,0.5099,128,비교적 뚜렷,0.5559,66,같이 증가,0.5099,조사일 이전 기상과 상대위험의 연관성이며 인과관계나 발생확률이 아님
세균구멍병,복숭아,기온평균_14일,조사 전 14일 평균기온,0.4956,128,비교적 뚜렷,0.5498,66,같이 증가,0.4956,조사일 이전 기상과 상대위험의 연관성이며 인과관계나 발생확률이 아님
세균구멍병,복숭아,기온평균_30일,조사 전 30일 평균기온,0.4986,128,비교적 뚜렷,0.5627,66,같이 증가,0.4986,조사일 이전 기상과 상대위험의 연관성이며 인과관계나 발생확률이 아님
세균구멍병,복숭아,기온최고_30일,조사 전 30일 최고기온,0.537,128,비교적 뚜렷,0.5351,66,같이 증가,0.537,조사일 이전 기상과 상대위험의 연관성이며 인과관계나 발생확률이 아님
세균구멍병,복숭아,습도평균_7일,조사 전 7일 평균습도,0.207,128,약함,-0.1299,66,같이 증가,0.207,조사일 이전 기상과 상대위험의 연관성이며 인과관계나 발생확률이 아님
세균구멍병,복숭아,습도평균_14일,조사 전 14일 평균습도,0.2036,128,약함,-0.1712,66,같이 증가,0.2036,조사일 이전 기상과 상대위험의 연관성이며 인과관계나 발생확률이 아님
세균구멍병,복숭아,습도평균_30일,조사 전 30일 평균습도,0.2305,128,약함,-0.0113,66,같이 증가,0.2305,조사일 이전 기상과 상대위험의 연관성이며 인과관계나 발생확률이 아님
세균구멍병,복숭아,고습노출_30일,조사 전 30일 고습 노출시간,0.2058,128,약함,-0.0844,66,같이 증가,0.2058,조사일 이전 기상과 상대위험의 연관성이며 인과관계나 발생확률이 아님
세균구멍병,복숭아,강수누적_7일,조사 전 7일 누적강수,,4,자료 부족,,0,뚜렷한 방향 없음,,조사일 이전 기상과 상대위험의 연관성이며 인과관계나 발생확률이 아님
세균구멍병,복숭아,강수누적_14일,조사 전 14일 누적강수,0.0333,9,자료 부족,,0,뚜렷한 방향 없음,0.0183,조사일 이전 기상과 상대위험의 연관성이며 인과관계나 발생확률이 아님
세균구멍병,복숭아,강수누적_30일,조사 전 30일 누적강수,,5,자료 부족,,0,뚜렷한 방향 없음,,조사일 이전 기상과 상대위험의 연관성이며 인과관계나 발생확률이 아님
세균구멍병,복숭아,풍속평균_30일,조사 전 30일 평균풍속,0.0472,128,약함,0.1549,66,뚜렷한 방향 없음,0.0472,조사일 이전 기상과 상대위험의 연관성이며 인과관계나 발생확률이 아님
세균구멍병,복숭아,풍속최대_30일,조사 전 30일 최대풍속,0.1476,128,약함,0.3899,66,같이 증가,0.1476,조사일 이전 기상과 상대위험의 연관성이며 인과관계나 발생확률이 아님
세균구멍병,복숭아,고온노출_30일,조사 전 30일 고온 노출시간,0.507,128,비교적 뚜렷,0.5889,66,같이 증가,0.507,조사일 이전 기상과 상대위험의 연관성이며 인과관계나 발생확률이 아님
세균구멍병,복숭아,강풍노출_30일,조사 전 30일 강풍 노출시간,0.1479,128,약함,0.3921,66,같이 증가,0.1479,조사일 이전 기상과 상대위험의 연관성이며 인과관계나 발생확률이 아님
세균벼알마름병,논벼,기온평균_7일,조사 전 7일 평균기온,0.0426,444,약함,,112,뚜렷한 방향 없음,0.0426,조사일 이전 기상과 상대위험의 연관성이며 인과관계나 발생확률이 아님
세균벼알마름병,논벼,기온평균_14일,조사 전 14일 평균기온,0.0363,444,약함,,112,뚜렷한 방향 없음,0.0363,조사일 이전 기상과 상대위험의 연관성이며 인과관계나 발생확률이 아님
세균벼알마름병,논벼,기온평균_30일,조사 전 30일 평균기온,0.0329,444,약함,,112,뚜렷한 방향 없음,0.0329,조사일 이전 기상과 상대위험의 연관성이며 인과관계나 발생확률이 아님
세균벼알마름병,논벼,기온최고_30일,조사 전 30일 최고기온,0.0213,444,약함,,112,뚜렷한 방향 없음,0.0213,조사일 이전 기상과 상대위험의 연관성이며 인과관계나 발생확률이 아님
세균벼알마름병,논벼,습도평균_7일,조사 전 7일 평균습도,0.0651,444,약함,,112,뚜렷한 방향 없음,0.0651,조사일 이전 기상과 상대위험의 연관성이며 인과관계나 발생확률이 아님
세균벼알마름병,논벼,습도평균_14일,조사 전 14일 평균습도,0.0606,444,약함,,112,뚜렷한 방향 없음,0.0606,조사일 이전 기상과 상대위험의 연관성이며 인과관계나 발생확률이 아님
세균벼알마름병,논벼,습도평균_30일,조사 전 30일 평균습도,0.0884,444,약함,,112,뚜렷한 방향 없음,0.0884,조사일 이전 기상과 상대위험의 연관성이며 인과관계나 발생확률이 아님
세균벼알마름병,논벼,고습노출_30일,조사 전 30일 고습 노출시간,0.0976,444,약함,,112,뚜렷한 방향 없음,0.0976,조사일 이전 기상과 상대위험의 연관성이며 인과관계나 발생확률이 아님
세균벼알마름병,논벼,강수누적_7일,조사 전 7일 누적강수,-0.5196,28,참고 가능,,0,반대 방향,0.502,조사일 이전 기상과 상대위험의 연관성이며 인과관계나 발생확률이 아님
세균벼알마름병,논벼,강수누적_14일,조사 전 14일 누적강수,-0.4461,40,참고 가능,,0,반대 방향,0.4461,조사일 이전 기상과 상대위험의 연관성이며 인과관계나 발생확률이 아님
세균벼알마름병,논벼,강수누적_30일,조사 전 30일 누적강수,-0.5533,24,참고 가능,,0,반대 방향,0.4949,조사일 이전 기상과 상대위험의 연관성이며 인과관계나 발생확률이 아님
세균벼알마름병,논벼,풍속평균_30일,조사 전 30일 평균풍속,-0.0724,444,약함,,112,뚜렷한 방향 없음,0.0724,조사일 이전 기상과 상대위험의 연관성이며 인과관계나 발생확률이 아님
세균벼알마름병,논벼,풍속최대_30일,조사 전 30일 최대풍속,0.0662,444,약함,,112,뚜렷한 방향 없음,0.0662,조사일 이전 기상과 상대위험의 연관성이며 인과관계나 발생확률이 아님
세균벼알마름병,논벼,고온노출_30일,조사 전 30일 고온 노출시간,0.0302,444,약함,,112,뚜렷한 방향 없음,0.0302,조사일 이전 기상과 상대위험의 연관성이며 인과관계나 발생확률이 아님
세균벼알마름병,논벼,강풍노출_30일,조사 전 30일 강풍 노출시간,0.0093,444,약함,,112,뚜렷한 방향 없음,0.0093,조사일 이전 기상과 상대위험의 연관성이며 인과관계나 발생확률이 아님
세균병,콩,기온평균_7일,조사 전 7일 평균기온,0.2675,45,참고 가능,,0,같이 증가,0.2675,조사일 이전 기상과 상대위험의 연관성이며 인과관계나 발생확률이 아님
세균병,콩,기온평균_14일,조사 전 14일 평균기온,0.2881,45,참고 가능,,0,같이 증가,0.2881,조사일 이전 기상과 상대위험의 연관성이며 인과관계나 발생확률이 아님
세균병,콩,기온평균_30일,조사 전 30일 평균기온,0.3087,45,참고 가능,,0,같이 증가,0.3087,조사일 이전 기상과 상대위험의 연관성이며 인과관계나 발생확률이 아님
세균병,콩,기온최고_30일,조사 전 30일 최고기온,0.1957,45,약함,,0,같이 증가,0.1957,조사일 이전 기상과 상대위험의 연관성이며 인과관계나 발생확률이 아님
세균병,콩,습도평균_7일,조사 전 7일 평균습도,0.3155,45,참고 가능,,0,같이 증가,0.3155,조사일 이전 기상과 상대위험의 연관성이며 인과관계나 발생확률이 아님
세균병,콩,습도평균_14일,조사 전 14일 평균습도,0.295,45,참고 가능,,0,같이 증가,0.295,조사일 이전 기상과 상대위험의 연관성이며 인과관계나 발생확률이 아님
세균병,콩,습도평균_30일,조사 전 30일 평균습도,0.2607,45,참고 가능,,0,같이 증가,0.2607,조사일 이전 기상과 상대위험의 연관성이며 인과관계나 발생확률이 아님
세균병,콩,고습노출_30일,조사 전 30일 고습 노출시간,0.2607,45,참고 가능,,0,같이 증가,0.2607,조사일 이전 기상과 상대위험의 연관성이며 인과관계나 발생확률이 아님
세균병,콩,강수누적_7일,조사 전 7일 누적강수,,4,자료 부족,,0,뚜렷한 방향 없음,,조사일 이전 기상과 상대위험의 연관성이며 인과관계나 발생확률이 아님
세균병,콩,강수누적_14일,조사 전 14일 누적강수,0.4108,9,자료 부족,,0,같이 증가,0.225,조사일 이전 기상과 상대위험의 연관성이며 인과관계나 발생확률이 아님
세균병,콩,강수누적_30일,조사 전 30일 누적강수,,6,자료 부족,,0,뚜렷한 방향 없음,,조사일 이전 기상과 상대위험의 연관성이며 인과관계나 발생확률이 아님
세균병,콩,풍속평균_30일,조사 전 30일 평균풍속,-0.1646,45,약함,,0,반대 방향,0.1646,조사일 이전 기상과 상대위험의 연관성이며 인과관계나 발생확률이 아님
세균병,콩,풍속최대_30일,조사 전 30일 최대풍속,-0.1339,45,약함,,0,반대 방향,0.1339,조사일 이전 기상과 상대위험의 연관성이며 인과관계나 발생확률이 아님
세균병,콩,고온노출_30일,조사 전 30일 고온 노출시간,0.295,45,참고 가능,,0,같이 증가,0.295,조사일 이전 기상과 상대위험의 연관성이며 인과관계나 발생확률이 아님
세균병,콩,강풍노출_30일,조사 전 30일 강풍 노출시간,-0.1175,45,약함,,0,반대 방향,0.1175,조사일 이전 기상과 상대위험의 연관성이며 인과관계나 발생확률이 아님
세균점무늬병,마늘,기온평균_7일,조사 전 7일 평균기온,0.3324,48,참고 가능,0.3324,48,같이 증가,0.3324,조사일 이전 기상과 상대위험의 연관성이며 인과관계나 발생확률이 아님
세균점무늬병,마늘,기온평균_14일,조사 전 14일 평균기온,0.351,48,참고 가능,0.351,48,같이 증가,0.351,조사일 이전 기상과 상대위험의 연관성이며 인과관계나 발생확률이 아님
세균점무늬병,마늘,기온평균_30일,조사 전 30일 평균기온,0.3448,48,참고 가능,0.3448,48,같이 증가,0.3448,조사일 이전 기상과 상대위험의 연관성이며 인과관계나 발생확률이 아님
세균점무늬병,마늘,기온최고_30일,조사 전 30일 최고기온,0.2549,48,참고 가능,0.2549,48,같이 증가,0.2549,조사일 이전 기상과 상대위험의 연관성이며 인과관계나 발생확률이 아님
세균점무늬병,마늘,습도평균_7일,조사 전 7일 평균습도,0.0839,48,약함,0.0839,48,뚜렷한 방향 없음,0.0839,조사일 이전 기상과 상대위험의 연관성이며 인과관계나 발생확률이 아님
세균점무늬병,마늘,습도평균_14일,조사 전 14일 평균습도,0.2392,48,약함,0.2392,48,같이 증가,0.2392,조사일 이전 기상과 상대위험의 연관성이며 인과관계나 발생확률이 아님
세균점무늬병,마늘,습도평균_30일,조사 전 30일 평균습도,0.2951,48,참고 가능,0.2951,48,같이 증가,0.2951,조사일 이전 기상과 상대위험의 연관성이며 인과관계나 발생확률이 아님
세균점무늬병,마늘,고습노출_30일,조사 전 30일 고습 노출시간,0.3137,48,참고 가능,0.3137,48,같이 증가,0.3137,조사일 이전 기상과 상대위험의 연관성이며 인과관계나 발생확률이 아님
세균점무늬병,마늘,강수누적_7일,조사 전 7일 누적강수,,0,자료 부족,,0,뚜렷한 방향 없음,,조사일 이전 기상과 상대위험의 연관성이며 인과관계나 발생확률이 아님
세균점무늬병,마늘,강수누적_14일,조사 전 14일 누적강수,,0,자료 부족,,0,뚜렷한 방향 없음,,조사일 이전 기상과 상대위험의 연관성이며 인과관계나 발생확률이 아님
세균점무늬병,마늘,강수누적_30일,조사 전 30일 누적강수,,0,자료 부족,,0,뚜렷한 방향 없음,,조사일 이전 기상과 상대위험의 연관성이며 인과관계나 발생확률이 아님
세균점무늬병,마늘,풍속평균_30일,조사 전 30일 평균풍속,0.028,48,약함,0.028,48,뚜렷한 방향 없음,0.028,조사일 이전 기상과 상대위험의 연관성이며 인과관계나 발생확률이 아님
세균점무늬병,마늘,풍속최대_30일,조사 전 30일 최대풍속,0.3108,48,참고 가능,0.3108,48,같이 증가,0.3108,조사일 이전 기상과 상대위험의 연관성이며 인과관계나 발생확률이 아님
세균점무늬병,마늘,고온노출_30일,조사 전 30일 고온 노출시간,0.2021,48,약함,0.2021,48,같이 증가,0.2021,조사일 이전 기상과 상대위험의 연관성이며 인과관계나 발생확률이 아님
세균점무늬병,마늘,강풍노출_30일,조사 전 30일 강풍 노출시간,0.1839,48,약함,0.1839,48,같이 증가,0.1839,조사일 이전 기상과 상대위험의 연관성이며 인과관계나 발생확률이 아님
시설고추-바이러스,고추,기온평균_7일,조사 전 7일 평균기온,,26,자료 부족,,26,뚜렷한 방향 없음,,조사일 이전 기상과 상대위험의 연관성이며 인과관계나 발생확률이 아님
시설고추-바이러스,고추,기온평균_14일,조사 전 14일 평균기온,,25,자료 부족,,25,뚜렷한 방향 없음,,조사일 이전 기상과 상대위험의 연관성이며 인과관계나 발생확률이 아님
시설고추-바이러스,고추,기온평균_30일,조사 전 30일 평균기온,,25,자료 부족,,25,뚜렷한 방향 없음,,조사일 이전 기상과 상대위험의 연관성이며 인과관계나 발생확률이 아님
시설고추-바이러스,고추,기온최고_30일,조사 전 30일 최고기온,,25,자료 부족,,25,뚜렷한 방향 없음,,조사일 이전 기상과 상대위험의 연관성이며 인과관계나 발생확률이 아님
시설고추-바이러스,고추,습도평균_7일,조사 전 7일 평균습도,,26,자료 부족,,26,뚜렷한 방향 없음,,조사일 이전 기상과 상대위험의 연관성이며 인과관계나 발생확률이 아님
시설고추-바이러스,고추,습도평균_14일,조사 전 14일 평균습도,,25,자료 부족,,25,뚜렷한 방향 없음,,조사일 이전 기상과 상대위험의 연관성이며 인과관계나 발생확률이 아님
시설고추-바이러스,고추,습도평균_30일,조사 전 30일 평균습도,,25,자료 부족,,25,뚜렷한 방향 없음,,조사일 이전 기상과 상대위험의 연관성이며 인과관계나 발생확률이 아님
시설고추-바이러스,고추,고습노출_30일,조사 전 30일 고습 노출시간,,25,자료 부족,,25,뚜렷한 방향 없음,,조사일 이전 기상과 상대위험의 연관성이며 인과관계나 발생확률이 아님
시설고추-바이러스,고추,강수누적_7일,조사 전 7일 누적강수,,0,자료 부족,,0,뚜렷한 방향 없음,,조사일 이전 기상과 상대위험의 연관성이며 인과관계나 발생확률이 아님
시설고추-바이러스,고추,강수누적_14일,조사 전 14일 누적강수,,0,자료 부족,,0,뚜렷한 방향 없음,,조사일 이전 기상과 상대위험의 연관성이며 인과관계나 발생확률이 아님
시설고추-바이러스,고추,강수누적_30일,조사 전 30일 누적강수,,0,자료 부족,,0,뚜렷한 방향 없음,,조사일 이전 기상과 상대위험의 연관성이며 인과관계나 발생확률이 아님
시설고추-바이러스,고추,풍속평균_30일,조사 전 30일 평균풍속,,25,자료 부족,,25,뚜렷한 방향 없음,,조사일 이전 기상과 상대위험의 연관성이며 인과관계나 발생확률이 아님
시설고추-바이러스,고추,풍속최대_30일,조사 전 30일 최대풍속,,25,자료 부족,,25,뚜렷한 방향 없음,,조사일 이전 기상과 상대위험의 연관성이며 인과관계나 발생확률이 아님
시설고추-바이러스,고추,고온노출_30일,조사 전 30일 고온 노출시간,,25,자료 부족,,25,뚜렷한 방향 없음,,조사일 이전 기상과 상대위험의 연관성이며 인과관계나 발생확률이 아님
시설고추-바이러스,고추,강풍노출_30일,조사 전 30일 강풍 노출시간,,25,자료 부족,,25,뚜렷한 방향 없음,,조사일 이전 기상과 상대위험의 연관성이며 인과관계나 발생확률이 아님
애매미충,배,기온평균_7일,조사 전 7일 평균기온,,34,자료 부족,,34,뚜렷한 방향 없음,,조사일 이전 기상과 상대위험의 연관성이며 인과관계나 발생확률이 아님
애매미충,배,기온평균_14일,조사 전 14일 평균기온,,34,자료 부족,,34,뚜렷한 방향 없음,,조사일 이전 기상과 상대위험의 연관성이며 인과관계나 발생확률이 아님
애매미충,배,기온평균_30일,조사 전 30일 평균기온,,34,자료 부족,,34,뚜렷한 방향 없음,,조사일 이전 기상과 상대위험의 연관성이며 인과관계나 발생확률이 아님
애매미충,배,기온최고_30일,조사 전 30일 최고기온,,34,자료 부족,,34,뚜렷한 방향 없음,,조사일 이전 기상과 상대위험의 연관성이며 인과관계나 발생확률이 아님
애매미충,배,습도평균_7일,조사 전 7일 평균습도,,34,자료 부족,,34,뚜렷한 방향 없음,,조사일 이전 기상과 상대위험의 연관성이며 인과관계나 발생확률이 아님
애매미충,배,습도평균_14일,조사 전 14일 평균습도,,34,자료 부족,,34,뚜렷한 방향 없음,,조사일 이전 기상과 상대위험의 연관성이며 인과관계나 발생확률이 아님
애매미충,배,습도평균_30일,조사 전 30일 평균습도,,34,자료 부족,,34,뚜렷한 방향 없음,,조사일 이전 기상과 상대위험의 연관성이며 인과관계나 발생확률이 아님
애매미충,배,고습노출_30일,조사 전 30일 고습 노출시간,,34,자료 부족,,34,뚜렷한 방향 없음,,조사일 이전 기상과 상대위험의 연관성이며 인과관계나 발생확률이 아님
애매미충,배,강수누적_7일,조사 전 7일 누적강수,,0,자료 부족,,0,뚜렷한 방향 없음,,조사일 이전 기상과 상대위험의 연관성이며 인과관계나 발생확률이 아님
애매미충,배,강수누적_14일,조사 전 14일 누적강수,,0,자료 부족,,0,뚜렷한 방향 없음,,조사일 이전 기상과 상대위험의 연관성이며 인과관계나 발생확률이 아님
애매미충,배,강수누적_30일,조사 전 30일 누적강수,,0,자료 부족,,0,뚜렷한 방향 없음,,조사일 이전 기상과 상대위험의 연관성이며 인과관계나 발생확률이 아님
애매미충,배,풍속평균_30일,조사 전 30일 평균풍속,,34,자료 부족,,34,뚜렷한 방향 없음,,조사일 이전 기상과 상대위험의 연관성이며 인과관계나 발생확률이 아님
애매미충,배,풍속최대_30일,조사 전 30일 최대풍속,,34,자료 부족,,34,뚜렷한 방향 없음,,조사일 이전 기상과 상대위험의 연관성이며 인과관계나 발생확률이 아님
애매미충,배,고온노출_30일,조사 전 30일 고온 노출시간,,34,자료 부족,,34,뚜렷한 방향 없음,,조사일 이전 기상과 상대위험의 연관성이며 인과관계나 발생확률이 아님
애매미충,배,강풍노출_30일,조사 전 30일 강풍 노출시간,,34,자료 부족,,34,뚜렷한 방향 없음,,조사일 이전 기상과 상대위험의 연관성이며 인과관계나 발생확률이 아님
애멸구,논벼,기온평균_7일,조사 전 7일 평균기온,0.105,444,약함,0.1139,112,같이 증가,0.105,조사일 이전 기상과 상대위험의 연관성이며 인과관계나 발생확률이 아님
애멸구,논벼,기온평균_14일,조사 전 14일 평균기온,0.074,444,약함,0.1331,112,뚜렷한 방향 없음,0.074,조사일 이전 기상과 상대위험의 연관성이며 인과관계나 발생확률이 아님
애멸구,논벼,기온평균_30일,조사 전 30일 평균기온,0.0542,444,약함,0.1991,112,뚜렷한 방향 없음,0.0542,조사일 이전 기상과 상대위험의 연관성이며 인과관계나 발생확률이 아님
애멸구,논벼,기온최고_30일,조사 전 30일 최고기온,0.0814,444,약함,0.2514,112,뚜렷한 방향 없음,0.0814,조사일 이전 기상과 상대위험의 연관성이며 인과관계나 발생확률이 아님
애멸구,논벼,습도평균_7일,조사 전 7일 평균습도,0.2519,444,참고 가능,0.3505,112,같이 증가,0.2519,조사일 이전 기상과 상대위험의 연관성이며 인과관계나 발생확률이 아님
애멸구,논벼,습도평균_14일,조사 전 14일 평균습도,0.2665,444,참고 가능,0.3598,112,같이 증가,0.2665,조사일 이전 기상과 상대위험의 연관성이며 인과관계나 발생확률이 아님
애멸구,논벼,습도평균_30일,조사 전 30일 평균습도,0.2495,444,약함,0.2716,112,같이 증가,0.2495,조사일 이전 기상과 상대위험의 연관성이며 인과관계나 발생확률이 아님
애멸구,논벼,고습노출_30일,조사 전 30일 고습 노출시간,0.2703,444,참고 가능,0.2339,112,같이 증가,0.2703,조사일 이전 기상과 상대위험의 연관성이며 인과관계나 발생확률이 아님
애멸구,논벼,강수누적_7일,조사 전 7일 누적강수,-0.6325,28,참고 가능,,0,반대 방향,0.611,조사일 이전 기상과 상대위험의 연관성이며 인과관계나 발생확률이 아님
애멸구,논벼,강수누적_14일,조사 전 14일 누적강수,-0.8253,40,비교적 뚜렷,,0,반대 방향,0.8253,조사일 이전 기상과 상대위험의 연관성이며 인과관계나 발생확률이 아님
애멸구,논벼,강수누적_30일,조사 전 30일 누적강수,-0.8281,24,참고 가능,,0,반대 방향,0.7407,조사일 이전 기상과 상대위험의 연관성이며 인과관계나 발생확률이 아님
애멸구,논벼,풍속평균_30일,조사 전 30일 평균풍속,0.1147,444,약함,-0.1624,112,같이 증가,0.1147,조사일 이전 기상과 상대위험의 연관성이며 인과관계나 발생확률이 아님
애멸구,논벼,풍속최대_30일,조사 전 30일 최대풍속,0.3572,444,참고 가능,0.1282,112,같이 증가,0.3572,조사일 이전 기상과 상대위험의 연관성이며 인과관계나 발생확률이 아님
애멸구,논벼,고온노출_30일,조사 전 30일 고온 노출시간,-0.0334,444,약함,0.1129,112,뚜렷한 방향 없음,0.0334,조사일 이전 기상과 상대위험의 연관성이며 인과관계나 발생확률이 아님
애멸구,논벼,강풍노출_30일,조사 전 30일 강풍 노출시간,0.3107,444,참고 가능,0.1226,112,같이 증가,0.3107,조사일 이전 기상과 상대위험의 연관성이며 인과관계나 발생확률이 아님
여름무-검은썩음병,무,기온평균_7일,조사 전 7일 평균기온,,4,자료 부족,,0,뚜렷한 방향 없음,,조사일 이전 기상과 상대위험의 연관성이며 인과관계나 발생확률이 아님
여름무-검은썩음병,무,기온평균_14일,조사 전 14일 평균기온,,4,자료 부족,,0,뚜렷한 방향 없음,,조사일 이전 기상과 상대위험의 연관성이며 인과관계나 발생확률이 아님
여름무-검은썩음병,무,기온평균_30일,조사 전 30일 평균기온,,4,자료 부족,,0,뚜렷한 방향 없음,,조사일 이전 기상과 상대위험의 연관성이며 인과관계나 발생확률이 아님
여름무-검은썩음병,무,기온최고_30일,조사 전 30일 최고기온,,4,자료 부족,,0,뚜렷한 방향 없음,,조사일 이전 기상과 상대위험의 연관성이며 인과관계나 발생확률이 아님
여름무-검은썩음병,무,습도평균_7일,조사 전 7일 평균습도,,4,자료 부족,,0,뚜렷한 방향 없음,,조사일 이전 기상과 상대위험의 연관성이며 인과관계나 발생확률이 아님
여름무-검은썩음병,무,습도평균_14일,조사 전 14일 평균습도,,4,자료 부족,,0,뚜렷한 방향 없음,,조사일 이전 기상과 상대위험의 연관성이며 인과관계나 발생확률이 아님
여름무-검은썩음병,무,습도평균_30일,조사 전 30일 평균습도,,4,자료 부족,,0,뚜렷한 방향 없음,,조사일 이전 기상과 상대위험의 연관성이며 인과관계나 발생확률이 아님
여름무-검은썩음병,무,고습노출_30일,조사 전 30일 고습 노출시간,,4,자료 부족,,0,뚜렷한 방향 없음,,조사일 이전 기상과 상대위험의 연관성이며 인과관계나 발생확률이 아님
여름무-검은썩음병,무,강수누적_7일,조사 전 7일 누적강수,,1,자료 부족,,0,뚜렷한 방향 없음,,조사일 이전 기상과 상대위험의 연관성이며 인과관계나 발생확률이 아님
여름무-검은썩음병,무,강수누적_14일,조사 전 14일 누적강수,,2,자료 부족,,0,뚜렷한 방향 없음,,조사일 이전 기상과 상대위험의 연관성이며 인과관계나 발생확률이 아님
여름무-검은썩음병,무,강수누적_30일,조사 전 30일 누적강수,,2,자료 부족,,0,뚜렷한 방향 없음,,조사일 이전 기상과 상대위험의 연관성이며 인과관계나 발생확률이 아님
여름무-검은썩음병,무,풍속평균_30일,조사 전 30일 평균풍속,,4,자료 부족,,0,뚜렷한 방향 없음,,조사일 이전 기상과 상대위험의 연관성이며 인과관계나 발생확률이 아님
여름무-검은썩음병,무,풍속최대_30일,조사 전 30일 최대풍속,,4,자료 부족,,0,뚜렷한 방향 없음,,조사일 이전 기상과 상대위험의 연관성이며 인과관계나 발생확률이 아님
여름무-검은썩음병,무,고온노출_30일,조사 전 30일 고온 노출시간,,4,자료 부족,,0,뚜렷한 방향 없음,,조사일 이전 기상과 상대위험의 연관성이며 인과관계나 발생확률이 아님
여름무-검은썩음병,무,강풍노출_30일,조사 전 30일 강풍 노출시간,,4,자료 부족,,0,뚜렷한 방향 없음,,조사일 이전 기상과 상대위험의 연관성이며 인과관계나 발생확률이 아님
여름무-노균병,무,기온평균_7일,조사 전 7일 평균기온,,4,자료 부족,,0,뚜렷한 방향 없음,,조사일 이전 기상과 상대위험의 연관성이며 인과관계나 발생확률이 아님
여름무-노균병,무,기온평균_14일,조사 전 14일 평균기온,,4,자료 부족,,0,뚜렷한 방향 없음,,조사일 이전 기상과 상대위험의 연관성이며 인과관계나 발생확률이 아님
여름무-노균병,무,기온평균_30일,조사 전 30일 평균기온,,4,자료 부족,,0,뚜렷한 방향 없음,,조사일 이전 기상과 상대위험의 연관성이며 인과관계나 발생확률이 아님
여름무-노균병,무,기온최고_30일,조사 전 30일 최고기온,,4,자료 부족,,0,뚜렷한 방향 없음,,조사일 이전 기상과 상대위험의 연관성이며 인과관계나 발생확률이 아님
여름무-노균병,무,습도평균_7일,조사 전 7일 평균습도,,4,자료 부족,,0,뚜렷한 방향 없음,,조사일 이전 기상과 상대위험의 연관성이며 인과관계나 발생확률이 아님
여름무-노균병,무,습도평균_14일,조사 전 14일 평균습도,,4,자료 부족,,0,뚜렷한 방향 없음,,조사일 이전 기상과 상대위험의 연관성이며 인과관계나 발생확률이 아님
여름무-노균병,무,습도평균_30일,조사 전 30일 평균습도,,4,자료 부족,,0,뚜렷한 방향 없음,,조사일 이전 기상과 상대위험의 연관성이며 인과관계나 발생확률이 아님
여름무-노균병,무,고습노출_30일,조사 전 30일 고습 노출시간,,4,자료 부족,,0,뚜렷한 방향 없음,,조사일 이전 기상과 상대위험의 연관성이며 인과관계나 발생확률이 아님
여름무-노균병,무,강수누적_7일,조사 전 7일 누적강수,,1,자료 부족,,0,뚜렷한 방향 없음,,조사일 이전 기상과 상대위험의 연관성이며 인과관계나 발생확률이 아님
여름무-노균병,무,강수누적_14일,조사 전 14일 누적강수,,2,자료 부족,,0,뚜렷한 방향 없음,,조사일 이전 기상과 상대위험의 연관성이며 인과관계나 발생확률이 아님
여름무-노균병,무,강수누적_30일,조사 전 30일 누적강수,,2,자료 부족,,0,뚜렷한 방향 없음,,조사일 이전 기상과 상대위험의 연관성이며 인과관계나 발생확률이 아님
여름무-노균병,무,풍속평균_30일,조사 전 30일 평균풍속,,4,자료 부족,,0,뚜렷한 방향 없음,,조사일 이전 기상과 상대위험의 연관성이며 인과관계나 발생확률이 아님
여름무-노균병,무,풍속최대_30일,조사 전 30일 최대풍속,,4,자료 부족,,0,뚜렷한 방향 없음,,조사일 이전 기상과 상대위험의 연관성이며 인과관계나 발생확률이 아님
여름무-노균병,무,고온노출_30일,조사 전 30일 고온 노출시간,,4,자료 부족,,0,뚜렷한 방향 없음,,조사일 이전 기상과 상대위험의 연관성이며 인과관계나 발생확률이 아님
여름무-노균병,무,강풍노출_30일,조사 전 30일 강풍 노출시간,,4,자료 부족,,0,뚜렷한 방향 없음,,조사일 이전 기상과 상대위험의 연관성이며 인과관계나 발생확률이 아님
여름무-무름병,무,기온평균_7일,조사 전 7일 평균기온,,4,자료 부족,,0,뚜렷한 방향 없음,,조사일 이전 기상과 상대위험의 연관성이며 인과관계나 발생확률이 아님
여름무-무름병,무,기온평균_14일,조사 전 14일 평균기온,,4,자료 부족,,0,뚜렷한 방향 없음,,조사일 이전 기상과 상대위험의 연관성이며 인과관계나 발생확률이 아님
여름무-무름병,무,기온평균_30일,조사 전 30일 평균기온,,4,자료 부족,,0,뚜렷한 방향 없음,,조사일 이전 기상과 상대위험의 연관성이며 인과관계나 발생확률이 아님
여름무-무름병,무,기온최고_30일,조사 전 30일 최고기온,,4,자료 부족,,0,뚜렷한 방향 없음,,조사일 이전 기상과 상대위험의 연관성이며 인과관계나 발생확률이 아님
여름무-무름병,무,습도평균_7일,조사 전 7일 평균습도,,4,자료 부족,,0,뚜렷한 방향 없음,,조사일 이전 기상과 상대위험의 연관성이며 인과관계나 발생확률이 아님
여름무-무름병,무,습도평균_14일,조사 전 14일 평균습도,,4,자료 부족,,0,뚜렷한 방향 없음,,조사일 이전 기상과 상대위험의 연관성이며 인과관계나 발생확률이 아님
여름무-무름병,무,습도평균_30일,조사 전 30일 평균습도,,4,자료 부족,,0,뚜렷한 방향 없음,,조사일 이전 기상과 상대위험의 연관성이며 인과관계나 발생확률이 아님
여름무-무름병,무,고습노출_30일,조사 전 30일 고습 노출시간,,4,자료 부족,,0,뚜렷한 방향 없음,,조사일 이전 기상과 상대위험의 연관성이며 인과관계나 발생확률이 아님
여름무-무름병,무,강수누적_7일,조사 전 7일 누적강수,,1,자료 부족,,0,뚜렷한 방향 없음,,조사일 이전 기상과 상대위험의 연관성이며 인과관계나 발생확률이 아님
여름무-무름병,무,강수누적_14일,조사 전 14일 누적강수,,2,자료 부족,,0,뚜렷한 방향 없음,,조사일 이전 기상과 상대위험의 연관성이며 인과관계나 발생확률이 아님
여름무-무름병,무,강수누적_30일,조사 전 30일 누적강수,,2,자료 부족,,0,뚜렷한 방향 없음,,조사일 이전 기상과 상대위험의 연관성이며 인과관계나 발생확률이 아님
여름무-무름병,무,풍속평균_30일,조사 전 30일 평균풍속,,4,자료 부족,,0,뚜렷한 방향 없음,,조사일 이전 기상과 상대위험의 연관성이며 인과관계나 발생확률이 아님
여름무-무름병,무,풍속최대_30일,조사 전 30일 최대풍속,,4,자료 부족,,0,뚜렷한 방향 없음,,조사일 이전 기상과 상대위험의 연관성이며 인과관계나 발생확률이 아님
여름무-무름병,무,고온노출_30일,조사 전 30일 고온 노출시간,,4,자료 부족,,0,뚜렷한 방향 없음,,조사일 이전 기상과 상대위험의 연관성이며 인과관계나 발생확률이 아님
여름무-무름병,무,강풍노출_30일,조사 전 30일 강풍 노출시간,,4,자료 부족,,0,뚜렷한 방향 없음,,조사일 이전 기상과 상대위험의 연관성이며 인과관계나 발생확률이 아님
여름무-바이러스병,무,기온평균_7일,조사 전 7일 평균기온,,4,자료 부족,,0,뚜렷한 방향 없음,,조사일 이전 기상과 상대위험의 연관성이며 인과관계나 발생확률이 아님
여름무-바이러스병,무,기온평균_14일,조사 전 14일 평균기온,,4,자료 부족,,0,뚜렷한 방향 없음,,조사일 이전 기상과 상대위험의 연관성이며 인과관계나 발생확률이 아님
여름무-바이러스병,무,기온평균_30일,조사 전 30일 평균기온,,4,자료 부족,,0,뚜렷한 방향 없음,,조사일 이전 기상과 상대위험의 연관성이며 인과관계나 발생확률이 아님
여름무-바이러스병,무,기온최고_30일,조사 전 30일 최고기온,,4,자료 부족,,0,뚜렷한 방향 없음,,조사일 이전 기상과 상대위험의 연관성이며 인과관계나 발생확률이 아님
여름무-바이러스병,무,습도평균_7일,조사 전 7일 평균습도,,4,자료 부족,,0,뚜렷한 방향 없음,,조사일 이전 기상과 상대위험의 연관성이며 인과관계나 발생확률이 아님
여름무-바이러스병,무,습도평균_14일,조사 전 14일 평균습도,,4,자료 부족,,0,뚜렷한 방향 없음,,조사일 이전 기상과 상대위험의 연관성이며 인과관계나 발생확률이 아님
여름무-바이러스병,무,습도평균_30일,조사 전 30일 평균습도,,4,자료 부족,,0,뚜렷한 방향 없음,,조사일 이전 기상과 상대위험의 연관성이며 인과관계나 발생확률이 아님
여름무-바이러스병,무,고습노출_30일,조사 전 30일 고습 노출시간,,4,자료 부족,,0,뚜렷한 방향 없음,,조사일 이전 기상과 상대위험의 연관성이며 인과관계나 발생확률이 아님
여름무-바이러스병,무,강수누적_7일,조사 전 7일 누적강수,,1,자료 부족,,0,뚜렷한 방향 없음,,조사일 이전 기상과 상대위험의 연관성이며 인과관계나 발생확률이 아님
여름무-바이러스병,무,강수누적_14일,조사 전 14일 누적강수,,2,자료 부족,,0,뚜렷한 방향 없음,,조사일 이전 기상과 상대위험의 연관성이며 인과관계나 발생확률이 아님
여름무-바이러스병,무,강수누적_30일,조사 전 30일 누적강수,,2,자료 부족,,0,뚜렷한 방향 없음,,조사일 이전 기상과 상대위험의 연관성이며 인과관계나 발생확률이 아님
여름무-바이러스병,무,풍속평균_30일,조사 전 30일 평균풍속,,4,자료 부족,,0,뚜렷한 방향 없음,,조사일 이전 기상과 상대위험의 연관성이며 인과관계나 발생확률이 아님
여름무-바이러스병,무,풍속최대_30일,조사 전 30일 최대풍속,,4,자료 부족,,0,뚜렷한 방향 없음,,조사일 이전 기상과 상대위험의 연관성이며 인과관계나 발생확률이 아님
여름무-바이러스병,무,고온노출_30일,조사 전 30일 고온 노출시간,,4,자료 부족,,0,뚜렷한 방향 없음,,조사일 이전 기상과 상대위험의 연관성이며 인과관계나 발생확률이 아님
여름무-바이러스병,무,강풍노출_30일,조사 전 30일 강풍 노출시간,,4,자료 부족,,0,뚜렷한 방향 없음,,조사일 이전 기상과 상대위험의 연관성이며 인과관계나 발생확률이 아님
여름무-뿌리혹병,무,기온평균_7일,조사 전 7일 평균기온,,4,자료 부족,,0,뚜렷한 방향 없음,,조사일 이전 기상과 상대위험의 연관성이며 인과관계나 발생확률이 아님
여름무-뿌리혹병,무,기온평균_14일,조사 전 14일 평균기온,,4,자료 부족,,0,뚜렷한 방향 없음,,조사일 이전 기상과 상대위험의 연관성이며 인과관계나 발생확률이 아님
여름무-뿌리혹병,무,기온평균_30일,조사 전 30일 평균기온,,4,자료 부족,,0,뚜렷한 방향 없음,,조사일 이전 기상과 상대위험의 연관성이며 인과관계나 발생확률이 아님
여름무-뿌리혹병,무,기온최고_30일,조사 전 30일 최고기온,,4,자료 부족,,0,뚜렷한 방향 없음,,조사일 이전 기상과 상대위험의 연관성이며 인과관계나 발생확률이 아님
여름무-뿌리혹병,무,습도평균_7일,조사 전 7일 평균습도,,4,자료 부족,,0,뚜렷한 방향 없음,,조사일 이전 기상과 상대위험의 연관성이며 인과관계나 발생확률이 아님
여름무-뿌리혹병,무,습도평균_14일,조사 전 14일 평균습도,,4,자료 부족,,0,뚜렷한 방향 없음,,조사일 이전 기상과 상대위험의 연관성이며 인과관계나 발생확률이 아님
여름무-뿌리혹병,무,습도평균_30일,조사 전 30일 평균습도,,4,자료 부족,,0,뚜렷한 방향 없음,,조사일 이전 기상과 상대위험의 연관성이며 인과관계나 발생확률이 아님
여름무-뿌리혹병,무,고습노출_30일,조사 전 30일 고습 노출시간,,4,자료 부족,,0,뚜렷한 방향 없음,,조사일 이전 기상과 상대위험의 연관성이며 인과관계나 발생확률이 아님
여름무-뿌리혹병,무,강수누적_7일,조사 전 7일 누적강수,,1,자료 부족,,0,뚜렷한 방향 없음,,조사일 이전 기상과 상대위험의 연관성이며 인과관계나 발생확률이 아님
여름무-뿌리혹병,무,강수누적_14일,조사 전 14일 누적강수,,2,자료 부족,,0,뚜렷한 방향 없음,,조사일 이전 기상과 상대위험의 연관성이며 인과관계나 발생확률이 아님
여름무-뿌리혹병,무,강수누적_30일,조사 전 30일 누적강수,,2,자료 부족,,0,뚜렷한 방향 없음,,조사일 이전 기상과 상대위험의 연관성이며 인과관계나 발생확률이 아님
여름무-뿌리혹병,무,풍속평균_30일,조사 전 30일 평균풍속,,4,자료 부족,,0,뚜렷한 방향 없음,,조사일 이전 기상과 상대위험의 연관성이며 인과관계나 발생확률이 아님
여름무-뿌리혹병,무,풍속최대_30일,조사 전 30일 최대풍속,,4,자료 부족,,0,뚜렷한 방향 없음,,조사일 이전 기상과 상대위험의 연관성이며 인과관계나 발생확률이 아님
여름무-뿌리혹병,무,고온노출_30일,조사 전 30일 고온 노출시간,,4,자료 부족,,0,뚜렷한 방향 없음,,조사일 이전 기상과 상대위험의 연관성이며 인과관계나 발생확률이 아님
여름무-뿌리혹병,무,강풍노출_30일,조사 전 30일 강풍 노출시간,,4,자료 부족,,0,뚜렷한 방향 없음,,조사일 이전 기상과 상대위험의 연관성이며 인과관계나 발생확률이 아님
여름배추-검은무늬병,배추,기온평균_7일,조사 전 7일 평균기온,,4,자료 부족,,0,뚜렷한 방향 없음,,조사일 이전 기상과 상대위험의 연관성이며 인과관계나 발생확률이 아님
여름배추-검은무늬병,배추,기온평균_14일,조사 전 14일 평균기온,,4,자료 부족,,0,뚜렷한 방향 없음,,조사일 이전 기상과 상대위험의 연관성이며 인과관계나 발생확률이 아님
여름배추-검은무늬병,배추,기온평균_30일,조사 전 30일 평균기온,,4,자료 부족,,0,뚜렷한 방향 없음,,조사일 이전 기상과 상대위험의 연관성이며 인과관계나 발생확률이 아님
여름배추-검은무늬병,배추,기온최고_30일,조사 전 30일 최고기온,,4,자료 부족,,0,뚜렷한 방향 없음,,조사일 이전 기상과 상대위험의 연관성이며 인과관계나 발생확률이 아님
여름배추-검은무늬병,배추,습도평균_7일,조사 전 7일 평균습도,,4,자료 부족,,0,뚜렷한 방향 없음,,조사일 이전 기상과 상대위험의 연관성이며 인과관계나 발생확률이 아님
여름배추-검은무늬병,배추,습도평균_14일,조사 전 14일 평균습도,,4,자료 부족,,0,뚜렷한 방향 없음,,조사일 이전 기상과 상대위험의 연관성이며 인과관계나 발생확률이 아님
여름배추-검은무늬병,배추,습도평균_30일,조사 전 30일 평균습도,,4,자료 부족,,0,뚜렷한 방향 없음,,조사일 이전 기상과 상대위험의 연관성이며 인과관계나 발생확률이 아님
여름배추-검은무늬병,배추,고습노출_30일,조사 전 30일 고습 노출시간,,4,자료 부족,,0,뚜렷한 방향 없음,,조사일 이전 기상과 상대위험의 연관성이며 인과관계나 발생확률이 아님
여름배추-검은무늬병,배추,강수누적_7일,조사 전 7일 누적강수,,1,자료 부족,,0,뚜렷한 방향 없음,,조사일 이전 기상과 상대위험의 연관성이며 인과관계나 발생확률이 아님
여름배추-검은무늬병,배추,강수누적_14일,조사 전 14일 누적강수,,2,자료 부족,,0,뚜렷한 방향 없음,,조사일 이전 기상과 상대위험의 연관성이며 인과관계나 발생확률이 아님
여름배추-검은무늬병,배추,강수누적_30일,조사 전 30일 누적강수,,2,자료 부족,,0,뚜렷한 방향 없음,,조사일 이전 기상과 상대위험의 연관성이며 인과관계나 발생확률이 아님
여름배추-검은무늬병,배추,풍속평균_30일,조사 전 30일 평균풍속,,4,자료 부족,,0,뚜렷한 방향 없음,,조사일 이전 기상과 상대위험의 연관성이며 인과관계나 발생확률이 아님
여름배추-검은무늬병,배추,풍속최대_30일,조사 전 30일 최대풍속,,4,자료 부족,,0,뚜렷한 방향 없음,,조사일 이전 기상과 상대위험의 연관성이며 인과관계나 발생확률이 아님
여름배추-검은무늬병,배추,고온노출_30일,조사 전 30일 고온 노출시간,,4,자료 부족,,0,뚜렷한 방향 없음,,조사일 이전 기상과 상대위험의 연관성이며 인과관계나 발생확률이 아님
여름배추-검은무늬병,배추,강풍노출_30일,조사 전 30일 강풍 노출시간,,4,자료 부족,,0,뚜렷한 방향 없음,,조사일 이전 기상과 상대위험의 연관성이며 인과관계나 발생확률이 아님
여름배추-노균병,배추,기온평균_7일,조사 전 7일 평균기온,,4,자료 부족,,0,뚜렷한 방향 없음,,조사일 이전 기상과 상대위험의 연관성이며 인과관계나 발생확률이 아님
여름배추-노균병,배추,기온평균_14일,조사 전 14일 평균기온,,4,자료 부족,,0,뚜렷한 방향 없음,,조사일 이전 기상과 상대위험의 연관성이며 인과관계나 발생확률이 아님
여름배추-노균병,배추,기온평균_30일,조사 전 30일 평균기온,,4,자료 부족,,0,뚜렷한 방향 없음,,조사일 이전 기상과 상대위험의 연관성이며 인과관계나 발생확률이 아님
여름배추-노균병,배추,기온최고_30일,조사 전 30일 최고기온,,4,자료 부족,,0,뚜렷한 방향 없음,,조사일 이전 기상과 상대위험의 연관성이며 인과관계나 발생확률이 아님
여름배추-노균병,배추,습도평균_7일,조사 전 7일 평균습도,,4,자료 부족,,0,뚜렷한 방향 없음,,조사일 이전 기상과 상대위험의 연관성이며 인과관계나 발생확률이 아님
여름배추-노균병,배추,습도평균_14일,조사 전 14일 평균습도,,4,자료 부족,,0,뚜렷한 방향 없음,,조사일 이전 기상과 상대위험의 연관성이며 인과관계나 발생확률이 아님
여름배추-노균병,배추,습도평균_30일,조사 전 30일 평균습도,,4,자료 부족,,0,뚜렷한 방향 없음,,조사일 이전 기상과 상대위험의 연관성이며 인과관계나 발생확률이 아님
여름배추-노균병,배추,고습노출_30일,조사 전 30일 고습 노출시간,,4,자료 부족,,0,뚜렷한 방향 없음,,조사일 이전 기상과 상대위험의 연관성이며 인과관계나 발생확률이 아님
여름배추-노균병,배추,강수누적_7일,조사 전 7일 누적강수,,1,자료 부족,,0,뚜렷한 방향 없음,,조사일 이전 기상과 상대위험의 연관성이며 인과관계나 발생확률이 아님
여름배추-노균병,배추,강수누적_14일,조사 전 14일 누적강수,,2,자료 부족,,0,뚜렷한 방향 없음,,조사일 이전 기상과 상대위험의 연관성이며 인과관계나 발생확률이 아님
여름배추-노균병,배추,강수누적_30일,조사 전 30일 누적강수,,2,자료 부족,,0,뚜렷한 방향 없음,,조사일 이전 기상과 상대위험의 연관성이며 인과관계나 발생확률이 아님
여름배추-노균병,배추,풍속평균_30일,조사 전 30일 평균풍속,,4,자료 부족,,0,뚜렷한 방향 없음,,조사일 이전 기상과 상대위험의 연관성이며 인과관계나 발생확률이 아님
여름배추-노균병,배추,풍속최대_30일,조사 전 30일 최대풍속,,4,자료 부족,,0,뚜렷한 방향 없음,,조사일 이전 기상과 상대위험의 연관성이며 인과관계나 발생확률이 아님
여름배추-노균병,배추,고온노출_30일,조사 전 30일 고온 노출시간,,4,자료 부족,,0,뚜렷한 방향 없음,,조사일 이전 기상과 상대위험의 연관성이며 인과관계나 발생확률이 아님
여름배추-노균병,배추,강풍노출_30일,조사 전 30일 강풍 노출시간,,4,자료 부족,,0,뚜렷한 방향 없음,,조사일 이전 기상과 상대위험의 연관성이며 인과관계나 발생확률이 아님
여름배추-무름병,배추,기온평균_7일,조사 전 7일 평균기온,,4,자료 부족,,0,뚜렷한 방향 없음,,조사일 이전 기상과 상대위험의 연관성이며 인과관계나 발생확률이 아님
여름배추-무름병,배추,기온평균_14일,조사 전 14일 평균기온,,4,자료 부족,,0,뚜렷한 방향 없음,,조사일 이전 기상과 상대위험의 연관성이며 인과관계나 발생확률이 아님
여름배추-무름병,배추,기온평균_30일,조사 전 30일 평균기온,,4,자료 부족,,0,뚜렷한 방향 없음,,조사일 이전 기상과 상대위험의 연관성이며 인과관계나 발생확률이 아님
여름배추-무름병,배추,기온최고_30일,조사 전 30일 최고기온,,4,자료 부족,,0,뚜렷한 방향 없음,,조사일 이전 기상과 상대위험의 연관성이며 인과관계나 발생확률이 아님
여름배추-무름병,배추,습도평균_7일,조사 전 7일 평균습도,,4,자료 부족,,0,뚜렷한 방향 없음,,조사일 이전 기상과 상대위험의 연관성이며 인과관계나 발생확률이 아님
여름배추-무름병,배추,습도평균_14일,조사 전 14일 평균습도,,4,자료 부족,,0,뚜렷한 방향 없음,,조사일 이전 기상과 상대위험의 연관성이며 인과관계나 발생확률이 아님
여름배추-무름병,배추,습도평균_30일,조사 전 30일 평균습도,,4,자료 부족,,0,뚜렷한 방향 없음,,조사일 이전 기상과 상대위험의 연관성이며 인과관계나 발생확률이 아님
여름배추-무름병,배추,고습노출_30일,조사 전 30일 고습 노출시간,,4,자료 부족,,0,뚜렷한 방향 없음,,조사일 이전 기상과 상대위험의 연관성이며 인과관계나 발생확률이 아님
여름배추-무름병,배추,강수누적_7일,조사 전 7일 누적강수,,1,자료 부족,,0,뚜렷한 방향 없음,,조사일 이전 기상과 상대위험의 연관성이며 인과관계나 발생확률이 아님
여름배추-무름병,배추,강수누적_14일,조사 전 14일 누적강수,,2,자료 부족,,0,뚜렷한 방향 없음,,조사일 이전 기상과 상대위험의 연관성이며 인과관계나 발생확률이 아님
여름배추-무름병,배추,강수누적_30일,조사 전 30일 누적강수,,2,자료 부족,,0,뚜렷한 방향 없음,,조사일 이전 기상과 상대위험의 연관성이며 인과관계나 발생확률이 아님
여름배추-무름병,배추,풍속평균_30일,조사 전 30일 평균풍속,,4,자료 부족,,0,뚜렷한 방향 없음,,조사일 이전 기상과 상대위험의 연관성이며 인과관계나 발생확률이 아님
여름배추-무름병,배추,풍속최대_30일,조사 전 30일 최대풍속,,4,자료 부족,,0,뚜렷한 방향 없음,,조사일 이전 기상과 상대위험의 연관성이며 인과관계나 발생확률이 아님
여름배추-무름병,배추,고온노출_30일,조사 전 30일 고온 노출시간,,4,자료 부족,,0,뚜렷한 방향 없음,,조사일 이전 기상과 상대위험의 연관성이며 인과관계나 발생확률이 아님
여름배추-무름병,배추,강풍노출_30일,조사 전 30일 강풍 노출시간,,4,자료 부족,,0,뚜렷한 방향 없음,,조사일 이전 기상과 상대위험의 연관성이며 인과관계나 발생확률이 아님
여름배추-바이러스병,배추,기온평균_7일,조사 전 7일 평균기온,,4,자료 부족,,0,뚜렷한 방향 없음,,조사일 이전 기상과 상대위험의 연관성이며 인과관계나 발생확률이 아님
여름배추-바이러스병,배추,기온평균_14일,조사 전 14일 평균기온,,4,자료 부족,,0,뚜렷한 방향 없음,,조사일 이전 기상과 상대위험의 연관성이며 인과관계나 발생확률이 아님
여름배추-바이러스병,배추,기온평균_30일,조사 전 30일 평균기온,,4,자료 부족,,0,뚜렷한 방향 없음,,조사일 이전 기상과 상대위험의 연관성이며 인과관계나 발생확률이 아님
여름배추-바이러스병,배추,기온최고_30일,조사 전 30일 최고기온,,4,자료 부족,,0,뚜렷한 방향 없음,,조사일 이전 기상과 상대위험의 연관성이며 인과관계나 발생확률이 아님
여름배추-바이러스병,배추,습도평균_7일,조사 전 7일 평균습도,,4,자료 부족,,0,뚜렷한 방향 없음,,조사일 이전 기상과 상대위험의 연관성이며 인과관계나 발생확률이 아님
여름배추-바이러스병,배추,습도평균_14일,조사 전 14일 평균습도,,4,자료 부족,,0,뚜렷한 방향 없음,,조사일 이전 기상과 상대위험의 연관성이며 인과관계나 발생확률이 아님
여름배추-바이러스병,배추,습도평균_30일,조사 전 30일 평균습도,,4,자료 부족,,0,뚜렷한 방향 없음,,조사일 이전 기상과 상대위험의 연관성이며 인과관계나 발생확률이 아님
여름배추-바이러스병,배추,고습노출_30일,조사 전 30일 고습 노출시간,,4,자료 부족,,0,뚜렷한 방향 없음,,조사일 이전 기상과 상대위험의 연관성이며 인과관계나 발생확률이 아님
여름배추-바이러스병,배추,강수누적_7일,조사 전 7일 누적강수,,1,자료 부족,,0,뚜렷한 방향 없음,,조사일 이전 기상과 상대위험의 연관성이며 인과관계나 발생확률이 아님
여름배추-바이러스병,배추,강수누적_14일,조사 전 14일 누적강수,,2,자료 부족,,0,뚜렷한 방향 없음,,조사일 이전 기상과 상대위험의 연관성이며 인과관계나 발생확률이 아님
여름배추-바이러스병,배추,강수누적_30일,조사 전 30일 누적강수,,2,자료 부족,,0,뚜렷한 방향 없음,,조사일 이전 기상과 상대위험의 연관성이며 인과관계나 발생확률이 아님
여름배추-바이러스병,배추,풍속평균_30일,조사 전 30일 평균풍속,,4,자료 부족,,0,뚜렷한 방향 없음,,조사일 이전 기상과 상대위험의 연관성이며 인과관계나 발생확률이 아님
여름배추-바이러스병,배추,풍속최대_30일,조사 전 30일 최대풍속,,4,자료 부족,,0,뚜렷한 방향 없음,,조사일 이전 기상과 상대위험의 연관성이며 인과관계나 발생확률이 아님
여름배추-바이러스병,배추,고온노출_30일,조사 전 30일 고온 노출시간,,4,자료 부족,,0,뚜렷한 방향 없음,,조사일 이전 기상과 상대위험의 연관성이며 인과관계나 발생확률이 아님
여름배추-바이러스병,배추,강풍노출_30일,조사 전 30일 강풍 노출시간,,4,자료 부족,,0,뚜렷한 방향 없음,,조사일 이전 기상과 상대위험의 연관성이며 인과관계나 발생확률이 아님
여름배추-배추좀나방,배추,기온평균_7일,조사 전 7일 평균기온,,4,자료 부족,,0,뚜렷한 방향 없음,,조사일 이전 기상과 상대위험의 연관성이며 인과관계나 발생확률이 아님
여름배추-배추좀나방,배추,기온평균_14일,조사 전 14일 평균기온,,4,자료 부족,,0,뚜렷한 방향 없음,,조사일 이전 기상과 상대위험의 연관성이며 인과관계나 발생확률이 아님
여름배추-배추좀나방,배추,기온평균_30일,조사 전 30일 평균기온,,4,자료 부족,,0,뚜렷한 방향 없음,,조사일 이전 기상과 상대위험의 연관성이며 인과관계나 발생확률이 아님
여름배추-배추좀나방,배추,기온최고_30일,조사 전 30일 최고기온,,4,자료 부족,,0,뚜렷한 방향 없음,,조사일 이전 기상과 상대위험의 연관성이며 인과관계나 발생확률이 아님
여름배추-배추좀나방,배추,습도평균_7일,조사 전 7일 평균습도,,4,자료 부족,,0,뚜렷한 방향 없음,,조사일 이전 기상과 상대위험의 연관성이며 인과관계나 발생확률이 아님
여름배추-배추좀나방,배추,습도평균_14일,조사 전 14일 평균습도,,4,자료 부족,,0,뚜렷한 방향 없음,,조사일 이전 기상과 상대위험의 연관성이며 인과관계나 발생확률이 아님
여름배추-배추좀나방,배추,습도평균_30일,조사 전 30일 평균습도,,4,자료 부족,,0,뚜렷한 방향 없음,,조사일 이전 기상과 상대위험의 연관성이며 인과관계나 발생확률이 아님
여름배추-배추좀나방,배추,고습노출_30일,조사 전 30일 고습 노출시간,,4,자료 부족,,0,뚜렷한 방향 없음,,조사일 이전 기상과 상대위험의 연관성이며 인과관계나 발생확률이 아님
여름배추-배추좀나방,배추,강수누적_7일,조사 전 7일 누적강수,,1,자료 부족,,0,뚜렷한 방향 없음,,조사일 이전 기상과 상대위험의 연관성이며 인과관계나 발생확률이 아님
여름배추-배추좀나방,배추,강수누적_14일,조사 전 14일 누적강수,,2,자료 부족,,0,뚜렷한 방향 없음,,조사일 이전 기상과 상대위험의 연관성이며 인과관계나 발생확률이 아님
여름배추-배추좀나방,배추,강수누적_30일,조사 전 30일 누적강수,,2,자료 부족,,0,뚜렷한 방향 없음,,조사일 이전 기상과 상대위험의 연관성이며 인과관계나 발생확률이 아님
여름배추-배추좀나방,배추,풍속평균_30일,조사 전 30일 평균풍속,,4,자료 부족,,0,뚜렷한 방향 없음,,조사일 이전 기상과 상대위험의 연관성이며 인과관계나 발생확률이 아님
여름배추-배추좀나방,배추,풍속최대_30일,조사 전 30일 최대풍속,,4,자료 부족,,0,뚜렷한 방향 없음,,조사일 이전 기상과 상대위험의 연관성이며 인과관계나 발생확률이 아님
여름배추-배추좀나방,배추,고온노출_30일,조사 전 30일 고온 노출시간,,4,자료 부족,,0,뚜렷한 방향 없음,,조사일 이전 기상과 상대위험의 연관성이며 인과관계나 발생확률이 아님
여름배추-배추좀나방,배추,강풍노출_30일,조사 전 30일 강풍 노출시간,,4,자료 부족,,0,뚜렷한 방향 없음,,조사일 이전 기상과 상대위험의 연관성이며 인과관계나 발생확률이 아님
여름배추-뿌리마름병,배추,기온평균_7일,조사 전 7일 평균기온,,4,자료 부족,,0,뚜렷한 방향 없음,,조사일 이전 기상과 상대위험의 연관성이며 인과관계나 발생확률이 아님
여름배추-뿌리마름병,배추,기온평균_14일,조사 전 14일 평균기온,,4,자료 부족,,0,뚜렷한 방향 없음,,조사일 이전 기상과 상대위험의 연관성이며 인과관계나 발생확률이 아님
여름배추-뿌리마름병,배추,기온평균_30일,조사 전 30일 평균기온,,4,자료 부족,,0,뚜렷한 방향 없음,,조사일 이전 기상과 상대위험의 연관성이며 인과관계나 발생확률이 아님
여름배추-뿌리마름병,배추,기온최고_30일,조사 전 30일 최고기온,,4,자료 부족,,0,뚜렷한 방향 없음,,조사일 이전 기상과 상대위험의 연관성이며 인과관계나 발생확률이 아님
여름배추-뿌리마름병,배추,습도평균_7일,조사 전 7일 평균습도,,4,자료 부족,,0,뚜렷한 방향 없음,,조사일 이전 기상과 상대위험의 연관성이며 인과관계나 발생확률이 아님
여름배추-뿌리마름병,배추,습도평균_14일,조사 전 14일 평균습도,,4,자료 부족,,0,뚜렷한 방향 없음,,조사일 이전 기상과 상대위험의 연관성이며 인과관계나 발생확률이 아님
여름배추-뿌리마름병,배추,습도평균_30일,조사 전 30일 평균습도,,4,자료 부족,,0,뚜렷한 방향 없음,,조사일 이전 기상과 상대위험의 연관성이며 인과관계나 발생확률이 아님
여름배추-뿌리마름병,배추,고습노출_30일,조사 전 30일 고습 노출시간,,4,자료 부족,,0,뚜렷한 방향 없음,,조사일 이전 기상과 상대위험의 연관성이며 인과관계나 발생확률이 아님
여름배추-뿌리마름병,배추,강수누적_7일,조사 전 7일 누적강수,,1,자료 부족,,0,뚜렷한 방향 없음,,조사일 이전 기상과 상대위험의 연관성이며 인과관계나 발생확률이 아님
여름배추-뿌리마름병,배추,강수누적_14일,조사 전 14일 누적강수,,2,자료 부족,,0,뚜렷한 방향 없음,,조사일 이전 기상과 상대위험의 연관성이며 인과관계나 발생확률이 아님
여름배추-뿌리마름병,배추,강수누적_30일,조사 전 30일 누적강수,,2,자료 부족,,0,뚜렷한 방향 없음,,조사일 이전 기상과 상대위험의 연관성이며 인과관계나 발생확률이 아님
여름배추-뿌리마름병,배추,풍속평균_30일,조사 전 30일 평균풍속,,4,자료 부족,,0,뚜렷한 방향 없음,,조사일 이전 기상과 상대위험의 연관성이며 인과관계나 발생확률이 아님
여름배추-뿌리마름병,배추,풍속최대_30일,조사 전 30일 최대풍속,,4,자료 부족,,0,뚜렷한 방향 없음,,조사일 이전 기상과 상대위험의 연관성이며 인과관계나 발생확률이 아님
여름배추-뿌리마름병,배추,고온노출_30일,조사 전 30일 고온 노출시간,,4,자료 부족,,0,뚜렷한 방향 없음,,조사일 이전 기상과 상대위험의 연관성이며 인과관계나 발생확률이 아님
여름배추-뿌리마름병,배추,강풍노출_30일,조사 전 30일 강풍 노출시간,,4,자료 부족,,0,뚜렷한 방향 없음,,조사일 이전 기상과 상대위험의 연관성이며 인과관계나 발생확률이 아님
여름배추-진딧물류,배추,기온평균_7일,조사 전 7일 평균기온,,4,자료 부족,,0,뚜렷한 방향 없음,,조사일 이전 기상과 상대위험의 연관성이며 인과관계나 발생확률이 아님
여름배추-진딧물류,배추,기온평균_14일,조사 전 14일 평균기온,,4,자료 부족,,0,뚜렷한 방향 없음,,조사일 이전 기상과 상대위험의 연관성이며 인과관계나 발생확률이 아님
여름배추-진딧물류,배추,기온평균_30일,조사 전 30일 평균기온,,4,자료 부족,,0,뚜렷한 방향 없음,,조사일 이전 기상과 상대위험의 연관성이며 인과관계나 발생확률이 아님
여름배추-진딧물류,배추,기온최고_30일,조사 전 30일 최고기온,,4,자료 부족,,0,뚜렷한 방향 없음,,조사일 이전 기상과 상대위험의 연관성이며 인과관계나 발생확률이 아님
여름배추-진딧물류,배추,습도평균_7일,조사 전 7일 평균습도,,4,자료 부족,,0,뚜렷한 방향 없음,,조사일 이전 기상과 상대위험의 연관성이며 인과관계나 발생확률이 아님
여름배추-진딧물류,배추,습도평균_14일,조사 전 14일 평균습도,,4,자료 부족,,0,뚜렷한 방향 없음,,조사일 이전 기상과 상대위험의 연관성이며 인과관계나 발생확률이 아님
여름배추-진딧물류,배추,습도평균_30일,조사 전 30일 평균습도,,4,자료 부족,,0,뚜렷한 방향 없음,,조사일 이전 기상과 상대위험의 연관성이며 인과관계나 발생확률이 아님
여름배추-진딧물류,배추,고습노출_30일,조사 전 30일 고습 노출시간,,4,자료 부족,,0,뚜렷한 방향 없음,,조사일 이전 기상과 상대위험의 연관성이며 인과관계나 발생확률이 아님
여름배추-진딧물류,배추,강수누적_7일,조사 전 7일 누적강수,,1,자료 부족,,0,뚜렷한 방향 없음,,조사일 이전 기상과 상대위험의 연관성이며 인과관계나 발생확률이 아님
여름배추-진딧물류,배추,강수누적_14일,조사 전 14일 누적강수,,2,자료 부족,,0,뚜렷한 방향 없음,,조사일 이전 기상과 상대위험의 연관성이며 인과관계나 발생확률이 아님
여름배추-진딧물류,배추,강수누적_30일,조사 전 30일 누적강수,,2,자료 부족,,0,뚜렷한 방향 없음,,조사일 이전 기상과 상대위험의 연관성이며 인과관계나 발생확률이 아님
여름배추-진딧물류,배추,풍속평균_30일,조사 전 30일 평균풍속,,4,자료 부족,,0,뚜렷한 방향 없음,,조사일 이전 기상과 상대위험의 연관성이며 인과관계나 발생확률이 아님
여름배추-진딧물류,배추,풍속최대_30일,조사 전 30일 최대풍속,,4,자료 부족,,0,뚜렷한 방향 없음,,조사일 이전 기상과 상대위험의 연관성이며 인과관계나 발생확률이 아님
여름배추-진딧물류,배추,고온노출_30일,조사 전 30일 고온 노출시간,,4,자료 부족,,0,뚜렷한 방향 없음,,조사일 이전 기상과 상대위험의 연관성이며 인과관계나 발생확률이 아님
여름배추-진딧물류,배추,강풍노출_30일,조사 전 30일 강풍 노출시간,,4,자료 부족,,0,뚜렷한 방향 없음,,조사일 이전 기상과 상대위험의 연관성이며 인과관계나 발생확률이 아님
여름배추-흰무늬병,배추,기온평균_7일,조사 전 7일 평균기온,,4,자료 부족,,0,뚜렷한 방향 없음,,조사일 이전 기상과 상대위험의 연관성이며 인과관계나 발생확률이 아님
여름배추-흰무늬병,배추,기온평균_14일,조사 전 14일 평균기온,,4,자료 부족,,0,뚜렷한 방향 없음,,조사일 이전 기상과 상대위험의 연관성이며 인과관계나 발생확률이 아님
여름배추-흰무늬병,배추,기온평균_30일,조사 전 30일 평균기온,,4,자료 부족,,0,뚜렷한 방향 없음,,조사일 이전 기상과 상대위험의 연관성이며 인과관계나 발생확률이 아님
여름배추-흰무늬병,배추,기온최고_30일,조사 전 30일 최고기온,,4,자료 부족,,0,뚜렷한 방향 없음,,조사일 이전 기상과 상대위험의 연관성이며 인과관계나 발생확률이 아님
여름배추-흰무늬병,배추,습도평균_7일,조사 전 7일 평균습도,,4,자료 부족,,0,뚜렷한 방향 없음,,조사일 이전 기상과 상대위험의 연관성이며 인과관계나 발생확률이 아님
여름배추-흰무늬병,배추,습도평균_14일,조사 전 14일 평균습도,,4,자료 부족,,0,뚜렷한 방향 없음,,조사일 이전 기상과 상대위험의 연관성이며 인과관계나 발생확률이 아님
여름배추-흰무늬병,배추,습도평균_30일,조사 전 30일 평균습도,,4,자료 부족,,0,뚜렷한 방향 없음,,조사일 이전 기상과 상대위험의 연관성이며 인과관계나 발생확률이 아님
여름배추-흰무늬병,배추,고습노출_30일,조사 전 30일 고습 노출시간,,4,자료 부족,,0,뚜렷한 방향 없음,,조사일 이전 기상과 상대위험의 연관성이며 인과관계나 발생확률이 아님
여름배추-흰무늬병,배추,강수누적_7일,조사 전 7일 누적강수,,1,자료 부족,,0,뚜렷한 방향 없음,,조사일 이전 기상과 상대위험의 연관성이며 인과관계나 발생확률이 아님
여름배추-흰무늬병,배추,강수누적_14일,조사 전 14일 누적강수,,2,자료 부족,,0,뚜렷한 방향 없음,,조사일 이전 기상과 상대위험의 연관성이며 인과관계나 발생확률이 아님
여름배추-흰무늬병,배추,강수누적_30일,조사 전 30일 누적강수,,2,자료 부족,,0,뚜렷한 방향 없음,,조사일 이전 기상과 상대위험의 연관성이며 인과관계나 발생확률이 아님
여름배추-흰무늬병,배추,풍속평균_30일,조사 전 30일 평균풍속,,4,자료 부족,,0,뚜렷한 방향 없음,,조사일 이전 기상과 상대위험의 연관성이며 인과관계나 발생확률이 아님
여름배추-흰무늬병,배추,풍속최대_30일,조사 전 30일 최대풍속,,4,자료 부족,,0,뚜렷한 방향 없음,,조사일 이전 기상과 상대위험의 연관성이며 인과관계나 발생확률이 아님
여름배추-흰무늬병,배추,고온노출_30일,조사 전 30일 고온 노출시간,,4,자료 부족,,0,뚜렷한 방향 없음,,조사일 이전 기상과 상대위험의 연관성이며 인과관계나 발생확률이 아님
여름배추-흰무늬병,배추,강풍노출_30일,조사 전 30일 강풍 노출시간,,4,자료 부족,,0,뚜렷한 방향 없음,,조사일 이전 기상과 상대위험의 연관성이며 인과관계나 발생확률이 아님
역병,감귤,기온평균_7일,조사 전 7일 평균기온,,7,자료 부족,,0,뚜렷한 방향 없음,,조사일 이전 기상과 상대위험의 연관성이며 인과관계나 발생확률이 아님
역병,감귤,기온평균_14일,조사 전 14일 평균기온,,7,자료 부족,,0,뚜렷한 방향 없음,,조사일 이전 기상과 상대위험의 연관성이며 인과관계나 발생확률이 아님
역병,감귤,기온평균_30일,조사 전 30일 평균기온,,7,자료 부족,,0,뚜렷한 방향 없음,,조사일 이전 기상과 상대위험의 연관성이며 인과관계나 발생확률이 아님
역병,감귤,기온최고_30일,조사 전 30일 최고기온,,7,자료 부족,,0,뚜렷한 방향 없음,,조사일 이전 기상과 상대위험의 연관성이며 인과관계나 발생확률이 아님
역병,감귤,습도평균_7일,조사 전 7일 평균습도,,7,자료 부족,,0,뚜렷한 방향 없음,,조사일 이전 기상과 상대위험의 연관성이며 인과관계나 발생확률이 아님
역병,감귤,습도평균_14일,조사 전 14일 평균습도,,7,자료 부족,,0,뚜렷한 방향 없음,,조사일 이전 기상과 상대위험의 연관성이며 인과관계나 발생확률이 아님
역병,감귤,습도평균_30일,조사 전 30일 평균습도,,7,자료 부족,,0,뚜렷한 방향 없음,,조사일 이전 기상과 상대위험의 연관성이며 인과관계나 발생확률이 아님
역병,감귤,고습노출_30일,조사 전 30일 고습 노출시간,,7,자료 부족,,0,뚜렷한 방향 없음,,조사일 이전 기상과 상대위험의 연관성이며 인과관계나 발생확률이 아님
역병,감귤,강수누적_7일,조사 전 7일 누적강수,,0,자료 부족,,0,뚜렷한 방향 없음,,조사일 이전 기상과 상대위험의 연관성이며 인과관계나 발생확률이 아님
역병,감귤,강수누적_14일,조사 전 14일 누적강수,,0,자료 부족,,0,뚜렷한 방향 없음,,조사일 이전 기상과 상대위험의 연관성이며 인과관계나 발생확률이 아님
역병,감귤,강수누적_30일,조사 전 30일 누적강수,,1,자료 부족,,0,뚜렷한 방향 없음,,조사일 이전 기상과 상대위험의 연관성이며 인과관계나 발생확률이 아님
역병,감귤,풍속평균_30일,조사 전 30일 평균풍속,,7,자료 부족,,0,뚜렷한 방향 없음,,조사일 이전 기상과 상대위험의 연관성이며 인과관계나 발생확률이 아님
역병,감귤,풍속최대_30일,조사 전 30일 최대풍속,,7,자료 부족,,0,뚜렷한 방향 없음,,조사일 이전 기상과 상대위험의 연관성이며 인과관계나 발생확률이 아님
역병,감귤,고온노출_30일,조사 전 30일 고온 노출시간,,7,자료 부족,,0,뚜렷한 방향 없음,,조사일 이전 기상과 상대위험의 연관성이며 인과관계나 발생확률이 아님
역병,감귤,강풍노출_30일,조사 전 30일 강풍 노출시간,,7,자료 부족,,0,뚜렷한 방향 없음,,조사일 이전 기상과 상대위험의 연관성이며 인과관계나 발생확률이 아님
역병,고추,기온평균_7일,조사 전 7일 평균기온,0.154,26,약함,0.154,26,같이 증가,0.1433,조사일 이전 기상과 상대위험의 연관성이며 인과관계나 발생확률이 아님
역병,고추,기온평균_14일,조사 전 14일 평균기온,0.1636,25,약함,0.1636,25,같이 증가,0.1493,조사일 이전 기상과 상대위험의 연관성이며 인과관계나 발생확률이 아님
역병,고추,기온평균_30일,조사 전 30일 평균기온,0.184,25,약함,0.184,25,같이 증가,0.168,조사일 이전 기상과 상대위험의 연관성이며 인과관계나 발생확률이 아님
역병,고추,기온최고_30일,조사 전 30일 최고기온,0.0614,25,약함,0.0614,25,뚜렷한 방향 없음,0.056,조사일 이전 기상과 상대위험의 연관성이며 인과관계나 발생확률이 아님
역병,고추,습도평균_7일,조사 전 7일 평균습도,0.0385,26,약함,0.0385,26,뚜렷한 방향 없음,0.0358,조사일 이전 기상과 상대위험의 연관성이며 인과관계나 발생확률이 아님
역병,고추,습도평균_14일,조사 전 14일 평균습도,0.1431,25,약함,0.1431,25,같이 증가,0.1307,조사일 이전 기상과 상대위험의 연관성이며 인과관계나 발생확률이 아님
역병,고추,습도평균_30일,조사 전 30일 평균습도,0.2045,25,약함,0.2045,25,같이 증가,0.1867,조사일 이전 기상과 상대위험의 연관성이며 인과관계나 발생확률이 아님
역병,고추,고습노출_30일,조사 전 30일 고습 노출시간,0.2045,25,약함,0.2045,25,같이 증가,0.1867,조사일 이전 기상과 상대위험의 연관성이며 인과관계나 발생확률이 아님
역병,고추,강수누적_7일,조사 전 7일 누적강수,,0,자료 부족,,0,뚜렷한 방향 없음,,조사일 이전 기상과 상대위험의 연관성이며 인과관계나 발생확률이 아님
역병,고추,강수누적_14일,조사 전 14일 누적강수,,0,자료 부족,,0,뚜렷한 방향 없음,,조사일 이전 기상과 상대위험의 연관성이며 인과관계나 발생확률이 아님
역병,고추,강수누적_30일,조사 전 30일 누적강수,,0,자료 부족,,0,뚜렷한 방향 없음,,조사일 이전 기상과 상대위험의 연관성이며 인과관계나 발생확률이 아님
역병,고추,풍속평균_30일,조사 전 30일 평균풍속,-0.0613,25,약함,-0.0613,25,뚜렷한 방향 없음,0.056,조사일 이전 기상과 상대위험의 연관성이며 인과관계나 발생확률이 아님
역병,고추,풍속최대_30일,조사 전 30일 최대풍속,-0.2049,25,약함,-0.2049,25,반대 방향,0.1871,조사일 이전 기상과 상대위험의 연관성이며 인과관계나 발생확률이 아님
역병,고추,고온노출_30일,조사 전 30일 고온 노출시간,0.0818,25,약함,0.0818,25,뚜렷한 방향 없음,0.0747,조사일 이전 기상과 상대위험의 연관성이며 인과관계나 발생확률이 아님
역병,고추,강풍노출_30일,조사 전 30일 강풍 노출시간,-0.2668,25,참고 가능,-0.2668,25,반대 방향,0.2436,조사일 이전 기상과 상대위험의 연관성이며 인과관계나 발생확률이 아님
역병,사과,기온평균_7일,조사 전 7일 평균기온,0.02,101,약함,,54,뚜렷한 방향 없음,0.02,조사일 이전 기상과 상대위험의 연관성이며 인과관계나 발생확률이 아님
역병,사과,기온평균_14일,조사 전 14일 평균기온,-0.01,101,약함,,54,뚜렷한 방향 없음,0.01,조사일 이전 기상과 상대위험의 연관성이며 인과관계나 발생확률이 아님
역병,사과,기온평균_30일,조사 전 30일 평균기온,-0.028,101,약함,,54,뚜렷한 방향 없음,0.028,조사일 이전 기상과 상대위험의 연관성이며 인과관계나 발생확률이 아님
역병,사과,기온최고_30일,조사 전 30일 최고기온,-0.012,101,약함,,54,뚜렷한 방향 없음,0.012,조사일 이전 기상과 상대위험의 연관성이며 인과관계나 발생확률이 아님
역병,사과,습도평균_7일,조사 전 7일 평균습도,0.178,101,약함,,54,같이 증가,0.178,조사일 이전 기상과 상대위험의 연관성이며 인과관계나 발생확률이 아님
역병,사과,습도평균_14일,조사 전 14일 평균습도,0.146,101,약함,,54,같이 증가,0.146,조사일 이전 기상과 상대위험의 연관성이며 인과관계나 발생확률이 아님
역병,사과,습도평균_30일,조사 전 30일 평균습도,0.034,101,약함,,54,뚜렷한 방향 없음,0.034,조사일 이전 기상과 상대위험의 연관성이며 인과관계나 발생확률이 아님
역병,사과,고습노출_30일,조사 전 30일 고습 노출시간,0.058,101,약함,,54,뚜렷한 방향 없음,0.058,조사일 이전 기상과 상대위험의 연관성이며 인과관계나 발생확률이 아님
역병,사과,강수누적_7일,조사 전 7일 누적강수,,4,자료 부족,,0,뚜렷한 방향 없음,,조사일 이전 기상과 상대위험의 연관성이며 인과관계나 발생확률이 아님
역병,사과,강수누적_14일,조사 전 14일 누적강수,,9,자료 부족,,0,뚜렷한 방향 없음,,조사일 이전 기상과 상대위험의 연관성이며 인과관계나 발생확률이 아님
역병,사과,강수누적_30일,조사 전 30일 누적강수,,5,자료 부족,,0,뚜렷한 방향 없음,,조사일 이전 기상과 상대위험의 연관성이며 인과관계나 발생확률이 아님
역병,사과,풍속평균_30일,조사 전 30일 평균풍속,-0.026,101,약함,,54,뚜렷한 방향 없음,0.026,조사일 이전 기상과 상대위험의 연관성이며 인과관계나 발생확률이 아님
역병,사과,풍속최대_30일,조사 전 30일 최대풍속,-0.1291,101,약함,,54,반대 방향,0.1291,조사일 이전 기상과 상대위험의 연관성이며 인과관계나 발생확률이 아님
역병,사과,고온노출_30일,조사 전 30일 고온 노출시간,0.026,101,약함,,54,뚜렷한 방향 없음,0.026,조사일 이전 기상과 상대위험의 연관성이며 인과관계나 발생확률이 아님
역병,사과,강풍노출_30일,조사 전 30일 강풍 노출시간,-0.0907,101,약함,,54,뚜렷한 방향 없음,0.0907,조사일 이전 기상과 상대위험의 연관성이며 인과관계나 발생확률이 아님
역병,콩,기온평균_7일,조사 전 7일 평균기온,,45,자료 부족,,0,뚜렷한 방향 없음,,조사일 이전 기상과 상대위험의 연관성이며 인과관계나 발생확률이 아님
역병,콩,기온평균_14일,조사 전 14일 평균기온,,45,자료 부족,,0,뚜렷한 방향 없음,,조사일 이전 기상과 상대위험의 연관성이며 인과관계나 발생확률이 아님
역병,콩,기온평균_30일,조사 전 30일 평균기온,,45,자료 부족,,0,뚜렷한 방향 없음,,조사일 이전 기상과 상대위험의 연관성이며 인과관계나 발생확률이 아님
역병,콩,기온최고_30일,조사 전 30일 최고기온,,45,자료 부족,,0,뚜렷한 방향 없음,,조사일 이전 기상과 상대위험의 연관성이며 인과관계나 발생확률이 아님
역병,콩,습도평균_7일,조사 전 7일 평균습도,,45,자료 부족,,0,뚜렷한 방향 없음,,조사일 이전 기상과 상대위험의 연관성이며 인과관계나 발생확률이 아님
역병,콩,습도평균_14일,조사 전 14일 평균습도,,45,자료 부족,,0,뚜렷한 방향 없음,,조사일 이전 기상과 상대위험의 연관성이며 인과관계나 발생확률이 아님
역병,콩,습도평균_30일,조사 전 30일 평균습도,,45,자료 부족,,0,뚜렷한 방향 없음,,조사일 이전 기상과 상대위험의 연관성이며 인과관계나 발생확률이 아님
역병,콩,고습노출_30일,조사 전 30일 고습 노출시간,,45,자료 부족,,0,뚜렷한 방향 없음,,조사일 이전 기상과 상대위험의 연관성이며 인과관계나 발생확률이 아님
역병,콩,강수누적_7일,조사 전 7일 누적강수,,4,자료 부족,,0,뚜렷한 방향 없음,,조사일 이전 기상과 상대위험의 연관성이며 인과관계나 발생확률이 아님
역병,콩,강수누적_14일,조사 전 14일 누적강수,,9,자료 부족,,0,뚜렷한 방향 없음,,조사일 이전 기상과 상대위험의 연관성이며 인과관계나 발생확률이 아님
역병,콩,강수누적_30일,조사 전 30일 누적강수,,6,자료 부족,,0,뚜렷한 방향 없음,,조사일 이전 기상과 상대위험의 연관성이며 인과관계나 발생확률이 아님
역병,콩,풍속평균_30일,조사 전 30일 평균풍속,,45,자료 부족,,0,뚜렷한 방향 없음,,조사일 이전 기상과 상대위험의 연관성이며 인과관계나 발생확률이 아님
역병,콩,풍속최대_30일,조사 전 30일 최대풍속,,45,자료 부족,,0,뚜렷한 방향 없음,,조사일 이전 기상과 상대위험의 연관성이며 인과관계나 발생확률이 아님
역병,콩,고온노출_30일,조사 전 30일 고온 노출시간,,45,자료 부족,,0,뚜렷한 방향 없음,,조사일 이전 기상과 상대위험의 연관성이며 인과관계나 발생확률이 아님
역병,콩,강풍노출_30일,조사 전 30일 강풍 노출시간,,45,자료 부족,,0,뚜렷한 방향 없음,,조사일 이전 기상과 상대위험의 연관성이며 인과관계나 발생확률이 아님
오갈병,논벼,기온평균_7일,조사 전 7일 평균기온,,112,자료 부족,,112,뚜렷한 방향 없음,,조사일 이전 기상과 상대위험의 연관성이며 인과관계나 발생확률이 아님
오갈병,논벼,기온평균_14일,조사 전 14일 평균기온,,112,자료 부족,,112,뚜렷한 방향 없음,,조사일 이전 기상과 상대위험의 연관성이며 인과관계나 발생확률이 아님
오갈병,논벼,기온평균_30일,조사 전 30일 평균기온,,112,자료 부족,,112,뚜렷한 방향 없음,,조사일 이전 기상과 상대위험의 연관성이며 인과관계나 발생확률이 아님
오갈병,논벼,기온최고_30일,조사 전 30일 최고기온,,112,자료 부족,,112,뚜렷한 방향 없음,,조사일 이전 기상과 상대위험의 연관성이며 인과관계나 발생확률이 아님
오갈병,논벼,습도평균_7일,조사 전 7일 평균습도,,112,자료 부족,,112,뚜렷한 방향 없음,,조사일 이전 기상과 상대위험의 연관성이며 인과관계나 발생확률이 아님
오갈병,논벼,습도평균_14일,조사 전 14일 평균습도,,112,자료 부족,,112,뚜렷한 방향 없음,,조사일 이전 기상과 상대위험의 연관성이며 인과관계나 발생확률이 아님
오갈병,논벼,습도평균_30일,조사 전 30일 평균습도,,112,자료 부족,,112,뚜렷한 방향 없음,,조사일 이전 기상과 상대위험의 연관성이며 인과관계나 발생확률이 아님
오갈병,논벼,고습노출_30일,조사 전 30일 고습 노출시간,,112,자료 부족,,112,뚜렷한 방향 없음,,조사일 이전 기상과 상대위험의 연관성이며 인과관계나 발생확률이 아님
오갈병,논벼,강수누적_7일,조사 전 7일 누적강수,,0,자료 부족,,0,뚜렷한 방향 없음,,조사일 이전 기상과 상대위험의 연관성이며 인과관계나 발생확률이 아님
오갈병,논벼,강수누적_14일,조사 전 14일 누적강수,,0,자료 부족,,0,뚜렷한 방향 없음,,조사일 이전 기상과 상대위험의 연관성이며 인과관계나 발생확률이 아님
오갈병,논벼,강수누적_30일,조사 전 30일 누적강수,,0,자료 부족,,0,뚜렷한 방향 없음,,조사일 이전 기상과 상대위험의 연관성이며 인과관계나 발생확률이 아님
오갈병,논벼,풍속평균_30일,조사 전 30일 평균풍속,,112,자료 부족,,112,뚜렷한 방향 없음,,조사일 이전 기상과 상대위험의 연관성이며 인과관계나 발생확률이 아님
오갈병,논벼,풍속최대_30일,조사 전 30일 최대풍속,,112,자료 부족,,112,뚜렷한 방향 없음,,조사일 이전 기상과 상대위험의 연관성이며 인과관계나 발생확률이 아님
오갈병,논벼,고온노출_30일,조사 전 30일 고온 노출시간,,112,자료 부족,,112,뚜렷한 방향 없음,,조사일 이전 기상과 상대위험의 연관성이며 인과관계나 발생확률이 아님
오갈병,논벼,강풍노출_30일,조사 전 30일 강풍 노출시간,,112,자료 부족,,112,뚜렷한 방향 없음,,조사일 이전 기상과 상대위험의 연관성이며 인과관계나 발생확률이 아님
은무늬굴나방,사과,기온평균_7일,조사 전 7일 평균기온,0.0978,101,약함,0.002,54,뚜렷한 방향 없음,0.0978,조사일 이전 기상과 상대위험의 연관성이며 인과관계나 발생확률이 아님
은무늬굴나방,사과,기온평균_14일,조사 전 14일 평균기온,0.1151,101,약함,0.0129,54,같이 증가,0.1151,조사일 이전 기상과 상대위험의 연관성이며 인과관계나 발생확률이 아님
은무늬굴나방,사과,기온평균_30일,조사 전 30일 평균기온,0.1322,101,약함,-0.0081,54,같이 증가,0.1322,조사일 이전 기상과 상대위험의 연관성이며 인과관계나 발생확률이 아님
은무늬굴나방,사과,기온최고_30일,조사 전 30일 최고기온,0.0865,101,약함,-0.045,54,뚜렷한 방향 없음,0.0865,조사일 이전 기상과 상대위험의 연관성이며 인과관계나 발생확률이 아님
은무늬굴나방,사과,습도평균_7일,조사 전 7일 평균습도,-0.0457,101,약함,-0.0943,54,뚜렷한 방향 없음,0.0457,조사일 이전 기상과 상대위험의 연관성이며 인과관계나 발생확률이 아님
은무늬굴나방,사과,습도평균_14일,조사 전 14일 평균습도,-0.0417,101,약함,-0.0965,54,뚜렷한 방향 없음,0.0417,조사일 이전 기상과 상대위험의 연관성이며 인과관계나 발생확률이 아님
은무늬굴나방,사과,습도평균_30일,조사 전 30일 평균습도,-0.0785,101,약함,-0.074,54,뚜렷한 방향 없음,0.0785,조사일 이전 기상과 상대위험의 연관성이며 인과관계나 발생확률이 아님
은무늬굴나방,사과,고습노출_30일,조사 전 30일 고습 노출시간,-0.1407,101,약함,-0.1087,54,반대 방향,0.1407,조사일 이전 기상과 상대위험의 연관성이며 인과관계나 발생확률이 아님
은무늬굴나방,사과,강수누적_7일,조사 전 7일 누적강수,,4,자료 부족,,0,뚜렷한 방향 없음,,조사일 이전 기상과 상대위험의 연관성이며 인과관계나 발생확률이 아님
은무늬굴나방,사과,강수누적_14일,조사 전 14일 누적강수,0.6931,9,자료 부족,,0,같이 증가,0.3796,조사일 이전 기상과 상대위험의 연관성이며 인과관계나 발생확률이 아님
은무늬굴나방,사과,강수누적_30일,조사 전 30일 누적강수,,5,자료 부족,,0,뚜렷한 방향 없음,,조사일 이전 기상과 상대위험의 연관성이며 인과관계나 발생확률이 아님
은무늬굴나방,사과,풍속평균_30일,조사 전 30일 평균풍속,-0.2603,101,참고 가능,-0.1672,54,반대 방향,0.2603,조사일 이전 기상과 상대위험의 연관성이며 인과관계나 발생확률이 아님
은무늬굴나방,사과,풍속최대_30일,조사 전 30일 최대풍속,-0.1587,101,약함,-0.1027,54,반대 방향,0.1587,조사일 이전 기상과 상대위험의 연관성이며 인과관계나 발생확률이 아님
은무늬굴나방,사과,고온노출_30일,조사 전 30일 고온 노출시간,0.1861,101,약함,0.0101,54,같이 증가,0.1861,조사일 이전 기상과 상대위험의 연관성이며 인과관계나 발생확률이 아님
은무늬굴나방,사과,강풍노출_30일,조사 전 30일 강풍 노출시간,-0.1763,101,약함,-0.1711,54,반대 방향,0.1763,조사일 이전 기상과 상대위험의 연관성이며 인과관계나 발생확률이 아님
응애류,배,기온평균_7일,조사 전 7일 평균기온,0.3629,101,참고 가능,0.3676,34,같이 증가,0.3629,조사일 이전 기상과 상대위험의 연관성이며 인과관계나 발생확률이 아님
응애류,배,기온평균_14일,조사 전 14일 평균기온,0.358,101,참고 가능,0.3181,34,같이 증가,0.358,조사일 이전 기상과 상대위험의 연관성이며 인과관계나 발생확률이 아님
응애류,배,기온평균_30일,조사 전 30일 평균기온,0.3635,101,참고 가능,0.3626,34,같이 증가,0.3635,조사일 이전 기상과 상대위험의 연관성이며 인과관계나 발생확률이 아님
응애류,배,기온최고_30일,조사 전 30일 최고기온,0.338,101,참고 가능,0.3571,34,같이 증가,0.338,조사일 이전 기상과 상대위험의 연관성이며 인과관계나 발생확률이 아님
응애류,배,습도평균_7일,조사 전 7일 평균습도,0.3256,101,참고 가능,0.2504,34,같이 증가,0.3256,조사일 이전 기상과 상대위험의 연관성이며 인과관계나 발생확률이 아님
응애류,배,습도평균_14일,조사 전 14일 평균습도,0.3477,101,참고 가능,0.234,34,같이 증가,0.3477,조사일 이전 기상과 상대위험의 연관성이며 인과관계나 발생확률이 아님
응애류,배,습도평균_30일,조사 전 30일 평균습도,0.3844,101,참고 가능,0.1502,34,같이 증가,0.3844,조사일 이전 기상과 상대위험의 연관성이며 인과관계나 발생확률이 아님
응애류,배,고습노출_30일,조사 전 30일 고습 노출시간,0.3375,101,참고 가능,-0.0669,34,같이 증가,0.3375,조사일 이전 기상과 상대위험의 연관성이며 인과관계나 발생확률이 아님
응애류,배,강수누적_7일,조사 전 7일 누적강수,,4,자료 부족,,0,뚜렷한 방향 없음,,조사일 이전 기상과 상대위험의 연관성이며 인과관계나 발생확률이 아님
응애류,배,강수누적_14일,조사 전 14일 누적강수,-0.7822,9,자료 부족,,0,반대 방향,0.4284,조사일 이전 기상과 상대위험의 연관성이며 인과관계나 발생확률이 아님
응애류,배,강수누적_30일,조사 전 30일 누적강수,,5,자료 부족,,0,뚜렷한 방향 없음,,조사일 이전 기상과 상대위험의 연관성이며 인과관계나 발생확률이 아님
응애류,배,풍속평균_30일,조사 전 30일 평균풍속,0.2429,101,약함,0.2613,34,같이 증가,0.2429,조사일 이전 기상과 상대위험의 연관성이며 인과관계나 발생확률이 아님
응애류,배,풍속최대_30일,조사 전 30일 최대풍속,0.2542,101,참고 가능,0.2335,34,같이 증가,0.2542,조사일 이전 기상과 상대위험의 연관성이며 인과관계나 발생확률이 아님
응애류,배,고온노출_30일,조사 전 30일 고온 노출시간,0.3241,101,참고 가능,0.36,34,같이 증가,0.3241,조사일 이전 기상과 상대위험의 연관성이며 인과관계나 발생확률이 아님
응애류,배,강풍노출_30일,조사 전 30일 강풍 노출시간,0.1881,101,약함,0.2158,34,같이 증가,0.1881,조사일 이전 기상과 상대위험의 연관성이며 인과관계나 발생확률이 아님
응애류,사과,기온평균_7일,조사 전 7일 평균기온,0.3008,47,참고 가능,,0,같이 증가,0.3008,조사일 이전 기상과 상대위험의 연관성이며 인과관계나 발생확률이 아님
응애류,사과,기온평균_14일,조사 전 14일 평균기온,0.3265,47,참고 가능,,0,같이 증가,0.3265,조사일 이전 기상과 상대위험의 연관성이며 인과관계나 발생확률이 아님
응애류,사과,기온평균_30일,조사 전 30일 평균기온,0.3473,47,참고 가능,,0,같이 증가,0.3473,조사일 이전 기상과 상대위험의 연관성이며 인과관계나 발생확률이 아님
응애류,사과,기온최고_30일,조사 전 30일 최고기온,0.4818,47,비교적 뚜렷,,0,같이 증가,0.4818,조사일 이전 기상과 상대위험의 연관성이며 인과관계나 발생확률이 아님
응애류,사과,습도평균_7일,조사 전 7일 평균습도,0.1116,47,약함,,0,같이 증가,0.1116,조사일 이전 기상과 상대위험의 연관성이며 인과관계나 발생확률이 아님
응애류,사과,습도평균_14일,조사 전 14일 평균습도,0.2598,47,참고 가능,,0,같이 증가,0.2598,조사일 이전 기상과 상대위험의 연관성이며 인과관계나 발생확률이 아님
응애류,사과,습도평균_30일,조사 전 30일 평균습도,0.3389,47,참고 가능,,0,같이 증가,0.3389,조사일 이전 기상과 상대위험의 연관성이며 인과관계나 발생확률이 아님
응애류,사과,고습노출_30일,조사 전 30일 고습 노출시간,0.3588,47,참고 가능,,0,같이 증가,0.3588,조사일 이전 기상과 상대위험의 연관성이며 인과관계나 발생확률이 아님
응애류,사과,강수누적_7일,조사 전 7일 누적강수,,4,자료 부족,,0,뚜렷한 방향 없음,,조사일 이전 기상과 상대위험의 연관성이며 인과관계나 발생확률이 아님
응애류,사과,강수누적_14일,조사 전 14일 누적강수,-0.1788,9,자료 부족,,0,반대 방향,0.0979,조사일 이전 기상과 상대위험의 연관성이며 인과관계나 발생확률이 아님
응애류,사과,강수누적_30일,조사 전 30일 누적강수,,5,자료 부족,,0,뚜렷한 방향 없음,,조사일 이전 기상과 상대위험의 연관성이며 인과관계나 발생확률이 아님
응애류,사과,풍속평균_30일,조사 전 30일 평균풍속,0.1789,47,약함,,0,같이 증가,0.1789,조사일 이전 기상과 상대위험의 연관성이며 인과관계나 발생확률이 아님
응애류,사과,풍속최대_30일,조사 전 30일 최대풍속,0.3387,47,참고 가능,,0,같이 증가,0.3387,조사일 이전 기상과 상대위험의 연관성이며 인과관계나 발생확률이 아님
응애류,사과,고온노출_30일,조사 전 30일 고온 노출시간,0.3547,47,참고 가능,,0,같이 증가,0.3547,조사일 이전 기상과 상대위험의 연관성이며 인과관계나 발생확률이 아님
응애류,사과,강풍노출_30일,조사 전 30일 강풍 노출시간,0.3537,47,참고 가능,,0,같이 증가,0.3537,조사일 이전 기상과 상대위험의 연관성이며 인과관계나 발생확률이 아님
이삭누룩병,논벼,기온평균_7일,조사 전 7일 평균기온,,444,자료 부족,,112,뚜렷한 방향 없음,,조사일 이전 기상과 상대위험의 연관성이며 인과관계나 발생확률이 아님
이삭누룩병,논벼,기온평균_14일,조사 전 14일 평균기온,,444,자료 부족,,112,뚜렷한 방향 없음,,조사일 이전 기상과 상대위험의 연관성이며 인과관계나 발생확률이 아님
이삭누룩병,논벼,기온평균_30일,조사 전 30일 평균기온,,444,자료 부족,,112,뚜렷한 방향 없음,,조사일 이전 기상과 상대위험의 연관성이며 인과관계나 발생확률이 아님
이삭누룩병,논벼,기온최고_30일,조사 전 30일 최고기온,,444,자료 부족,,112,뚜렷한 방향 없음,,조사일 이전 기상과 상대위험의 연관성이며 인과관계나 발생확률이 아님
이삭누룩병,논벼,습도평균_7일,조사 전 7일 평균습도,,444,자료 부족,,112,뚜렷한 방향 없음,,조사일 이전 기상과 상대위험의 연관성이며 인과관계나 발생확률이 아님
이삭누룩병,논벼,습도평균_14일,조사 전 14일 평균습도,,444,자료 부족,,112,뚜렷한 방향 없음,,조사일 이전 기상과 상대위험의 연관성이며 인과관계나 발생확률이 아님
이삭누룩병,논벼,습도평균_30일,조사 전 30일 평균습도,,444,자료 부족,,112,뚜렷한 방향 없음,,조사일 이전 기상과 상대위험의 연관성이며 인과관계나 발생확률이 아님
이삭누룩병,논벼,고습노출_30일,조사 전 30일 고습 노출시간,,444,자료 부족,,112,뚜렷한 방향 없음,,조사일 이전 기상과 상대위험의 연관성이며 인과관계나 발생확률이 아님
이삭누룩병,논벼,강수누적_7일,조사 전 7일 누적강수,,28,자료 부족,,0,뚜렷한 방향 없음,,조사일 이전 기상과 상대위험의 연관성이며 인과관계나 발생확률이 아님
이삭누룩병,논벼,강수누적_14일,조사 전 14일 누적강수,,40,자료 부족,,0,뚜렷한 방향 없음,,조사일 이전 기상과 상대위험의 연관성이며 인과관계나 발생확률이 아님
이삭누룩병,논벼,강수누적_30일,조사 전 30일 누적강수,,24,자료 부족,,0,뚜렷한 방향 없음,,조사일 이전 기상과 상대위험의 연관성이며 인과관계나 발생확률이 아님
이삭누룩병,논벼,풍속평균_30일,조사 전 30일 평균풍속,,444,자료 부족,,112,뚜렷한 방향 없음,,조사일 이전 기상과 상대위험의 연관성이며 인과관계나 발생확률이 아님
이삭누룩병,논벼,풍속최대_30일,조사 전 30일 최대풍속,,444,자료 부족,,112,뚜렷한 방향 없음,,조사일 이전 기상과 상대위험의 연관성이며 인과관계나 발생확률이 아님
이삭누룩병,논벼,고온노출_30일,조사 전 30일 고온 노출시간,,444,자료 부족,,112,뚜렷한 방향 없음,,조사일 이전 기상과 상대위험의 연관성이며 인과관계나 발생확률이 아님
이삭누룩병,논벼,강풍노출_30일,조사 전 30일 강풍 노출시간,,444,자료 부족,,112,뚜렷한 방향 없음,,조사일 이전 기상과 상대위험의 연관성이며 인과관계나 발생확률이 아님
이삭도열병,논벼,기온평균_7일,조사 전 7일 평균기온,0.1029,444,약함,,112,같이 증가,0.1029,조사일 이전 기상과 상대위험의 연관성이며 인과관계나 발생확률이 아님
이삭도열병,논벼,기온평균_14일,조사 전 14일 평균기온,0.0987,444,약함,,112,뚜렷한 방향 없음,0.0987,조사일 이전 기상과 상대위험의 연관성이며 인과관계나 발생확률이 아님
이삭도열병,논벼,기온평균_30일,조사 전 30일 평균기온,0.0756,444,약함,,112,뚜렷한 방향 없음,0.0756,조사일 이전 기상과 상대위험의 연관성이며 인과관계나 발생확률이 아님
이삭도열병,논벼,기온최고_30일,조사 전 30일 최고기온,0.0903,444,약함,,112,뚜렷한 방향 없음,0.0903,조사일 이전 기상과 상대위험의 연관성이며 인과관계나 발생확률이 아님
이삭도열병,논벼,습도평균_7일,조사 전 7일 평균습도,0.0735,444,약함,,112,뚜렷한 방향 없음,0.0735,조사일 이전 기상과 상대위험의 연관성이며 인과관계나 발생확률이 아님
이삭도열병,논벼,습도평균_14일,조사 전 14일 평균습도,0.0861,444,약함,,112,뚜렷한 방향 없음,0.0861,조사일 이전 기상과 상대위험의 연관성이며 인과관계나 발생확률이 아님
이삭도열병,논벼,습도평균_30일,조사 전 30일 평균습도,0.1113,444,약함,,112,같이 증가,0.1113,조사일 이전 기상과 상대위험의 연관성이며 인과관계나 발생확률이 아님
이삭도열병,논벼,고습노출_30일,조사 전 30일 고습 노출시간,0.1134,444,약함,,112,같이 증가,0.1134,조사일 이전 기상과 상대위험의 연관성이며 인과관계나 발생확률이 아님
이삭도열병,논벼,강수누적_7일,조사 전 7일 누적강수,,28,자료 부족,,0,뚜렷한 방향 없음,,조사일 이전 기상과 상대위험의 연관성이며 인과관계나 발생확률이 아님
이삭도열병,논벼,강수누적_14일,조사 전 14일 누적강수,,40,자료 부족,,0,뚜렷한 방향 없음,,조사일 이전 기상과 상대위험의 연관성이며 인과관계나 발생확률이 아님
이삭도열병,논벼,강수누적_30일,조사 전 30일 누적강수,,24,자료 부족,,0,뚜렷한 방향 없음,,조사일 이전 기상과 상대위험의 연관성이며 인과관계나 발생확률이 아님
이삭도열병,논벼,풍속평균_30일,조사 전 30일 평균풍속,0.1008,444,약함,,112,같이 증가,0.1008,조사일 이전 기상과 상대위험의 연관성이며 인과관계나 발생확률이 아님
이삭도열병,논벼,풍속최대_30일,조사 전 30일 최대풍속,0.1081,444,약함,,112,같이 증가,0.1081,조사일 이전 기상과 상대위험의 연관성이며 인과관계나 발생확률이 아님
이삭도열병,논벼,고온노출_30일,조사 전 30일 고온 노출시간,0.0735,444,약함,,112,뚜렷한 방향 없음,0.0735,조사일 이전 기상과 상대위험의 연관성이며 인과관계나 발생확률이 아님
이삭도열병,논벼,강풍노출_30일,조사 전 30일 강풍 노출시간,0.1156,444,약함,,112,같이 증가,0.1156,조사일 이전 기상과 상대위험의 연관성이며 인과관계나 발생확률이 아님
이화명나방,논벼,기온평균_7일,조사 전 7일 평균기온,0.2639,332,참고 가능,,0,같이 증가,0.2639,조사일 이전 기상과 상대위험의 연관성이며 인과관계나 발생확률이 아님
이화명나방,논벼,기온평균_14일,조사 전 14일 평균기온,0.1512,332,약함,,0,같이 증가,0.1512,조사일 이전 기상과 상대위험의 연관성이며 인과관계나 발생확률이 아님
이화명나방,논벼,기온평균_30일,조사 전 30일 평균기온,0.1423,332,약함,,0,같이 증가,0.1423,조사일 이전 기상과 상대위험의 연관성이며 인과관계나 발생확률이 아님
이화명나방,논벼,기온최고_30일,조사 전 30일 최고기온,0.1804,332,약함,,0,같이 증가,0.1804,조사일 이전 기상과 상대위험의 연관성이며 인과관계나 발생확률이 아님
이화명나방,논벼,습도평균_7일,조사 전 7일 평균습도,0.249,332,약함,,0,같이 증가,0.249,조사일 이전 기상과 상대위험의 연관성이며 인과관계나 발생확률이 아님
이화명나방,논벼,습도평균_14일,조사 전 14일 평균습도,0.3175,332,참고 가능,,0,같이 증가,0.3175,조사일 이전 기상과 상대위험의 연관성이며 인과관계나 발생확률이 아님
이화명나방,논벼,습도평균_30일,조사 전 30일 평균습도,0.3388,332,참고 가능,,0,같이 증가,0.3388,조사일 이전 기상과 상대위험의 연관성이며 인과관계나 발생확률이 아님
이화명나방,논벼,고습노출_30일,조사 전 30일 고습 노출시간,0.3388,332,참고 가능,,0,같이 증가,0.3388,조사일 이전 기상과 상대위험의 연관성이며 인과관계나 발생확률이 아님
이화명나방,논벼,강수누적_7일,조사 전 7일 누적강수,-0.1732,28,약함,,0,반대 방향,0.1673,조사일 이전 기상과 상대위험의 연관성이며 인과관계나 발생확률이 아님
이화명나방,논벼,강수누적_14일,조사 전 14일 누적강수,0.0228,40,약함,,0,뚜렷한 방향 없음,0.0228,조사일 이전 기상과 상대위험의 연관성이며 인과관계나 발생확률이 아님
이화명나방,논벼,강수누적_30일,조사 전 30일 누적강수,0.2974,24,참고 가능,,0,같이 증가,0.266,조사일 이전 기상과 상대위험의 연관성이며 인과관계나 발생확률이 아님
이화명나방,논벼,풍속평균_30일,조사 전 30일 평균풍속,0.1476,332,약함,,0,같이 증가,0.1476,조사일 이전 기상과 상대위험의 연관성이며 인과관계나 발생확률이 아님
이화명나방,논벼,풍속최대_30일,조사 전 30일 최대풍속,0.327,332,참고 가능,,0,같이 증가,0.327,조사일 이전 기상과 상대위험의 연관성이며 인과관계나 발생확률이 아님
이화명나방,논벼,고온노출_30일,조사 전 30일 고온 노출시간,0.1038,332,약함,,0,같이 증가,0.1038,조사일 이전 기상과 상대위험의 연관성이며 인과관계나 발생확률이 아님
이화명나방,논벼,강풍노출_30일,조사 전 30일 강풍 노출시간,0.3195,332,참고 가능,,0,같이 증가,0.3195,조사일 이전 기상과 상대위험의 연관성이며 인과관계나 발생확률이 아님
이화명나방1화기,논벼,기온평균_7일,조사 전 7일 평균기온,0.1252,112,약함,0.1252,112,같이 증가,0.1252,조사일 이전 기상과 상대위험의 연관성이며 인과관계나 발생확률이 아님
이화명나방1화기,논벼,기온평균_14일,조사 전 14일 평균기온,0.1252,112,약함,0.1252,112,같이 증가,0.1252,조사일 이전 기상과 상대위험의 연관성이며 인과관계나 발생확률이 아님
이화명나방1화기,논벼,기온평균_30일,조사 전 30일 평균기온,0.1419,112,약함,0.1419,112,같이 증가,0.1419,조사일 이전 기상과 상대위험의 연관성이며 인과관계나 발생확률이 아님
이화명나방1화기,논벼,기온최고_30일,조사 전 30일 최고기온,0.1586,112,약함,0.1586,112,같이 증가,0.1586,조사일 이전 기상과 상대위험의 연관성이며 인과관계나 발생확률이 아님
이화명나방1화기,논벼,습도평균_7일,조사 전 7일 평균습도,0.0417,112,약함,0.0417,112,뚜렷한 방향 없음,0.0417,조사일 이전 기상과 상대위험의 연관성이며 인과관계나 발생확률이 아님
이화명나방1화기,논벼,습도평균_14일,조사 전 14일 평균습도,0.0584,112,약함,0.0584,112,뚜렷한 방향 없음,0.0584,조사일 이전 기상과 상대위험의 연관성이며 인과관계나 발생확률이 아님
이화명나방1화기,논벼,습도평균_30일,조사 전 30일 평균습도,0.0751,112,약함,0.0751,112,뚜렷한 방향 없음,0.0751,조사일 이전 기상과 상대위험의 연관성이며 인과관계나 발생확률이 아님
이화명나방1화기,논벼,고습노출_30일,조사 전 30일 고습 노출시간,0.0584,112,약함,0.0584,112,뚜렷한 방향 없음,0.0584,조사일 이전 기상과 상대위험의 연관성이며 인과관계나 발생확률이 아님
이화명나방1화기,논벼,강수누적_7일,조사 전 7일 누적강수,,0,자료 부족,,0,뚜렷한 방향 없음,,조사일 이전 기상과 상대위험의 연관성이며 인과관계나 발생확률이 아님
이화명나방1화기,논벼,강수누적_14일,조사 전 14일 누적강수,,0,자료 부족,,0,뚜렷한 방향 없음,,조사일 이전 기상과 상대위험의 연관성이며 인과관계나 발생확률이 아님
이화명나방1화기,논벼,강수누적_30일,조사 전 30일 누적강수,,0,자료 부족,,0,뚜렷한 방향 없음,,조사일 이전 기상과 상대위험의 연관성이며 인과관계나 발생확률이 아님
이화명나방1화기,논벼,풍속평균_30일,조사 전 30일 평균풍속,-0.025,112,약함,-0.025,112,뚜렷한 방향 없음,0.025,조사일 이전 기상과 상대위험의 연관성이며 인과관계나 발생확률이 아님
이화명나방1화기,논벼,풍속최대_30일,조사 전 30일 최대풍속,-0.1085,112,약함,-0.1085,112,반대 방향,0.1085,조사일 이전 기상과 상대위험의 연관성이며 인과관계나 발생확률이 아님
이화명나방1화기,논벼,고온노출_30일,조사 전 30일 고온 노출시간,0.1586,112,약함,0.1586,112,같이 증가,0.1586,조사일 이전 기상과 상대위험의 연관성이며 인과관계나 발생확률이 아님
이화명나방1화기,논벼,강풍노출_30일,조사 전 30일 강풍 노출시간,-0.1464,112,약함,-0.1464,112,반대 방향,0.1464,조사일 이전 기상과 상대위험의 연관성이며 인과관계나 발생확률이 아님
이화명나방2화기,논벼,기온평균_7일,조사 전 7일 평균기온,,112,자료 부족,,112,뚜렷한 방향 없음,,조사일 이전 기상과 상대위험의 연관성이며 인과관계나 발생확률이 아님
이화명나방2화기,논벼,기온평균_14일,조사 전 14일 평균기온,,112,자료 부족,,112,뚜렷한 방향 없음,,조사일 이전 기상과 상대위험의 연관성이며 인과관계나 발생확률이 아님
이화명나방2화기,논벼,기온평균_30일,조사 전 30일 평균기온,,112,자료 부족,,112,뚜렷한 방향 없음,,조사일 이전 기상과 상대위험의 연관성이며 인과관계나 발생확률이 아님
이화명나방2화기,논벼,기온최고_30일,조사 전 30일 최고기온,,112,자료 부족,,112,뚜렷한 방향 없음,,조사일 이전 기상과 상대위험의 연관성이며 인과관계나 발생확률이 아님
이화명나방2화기,논벼,습도평균_7일,조사 전 7일 평균습도,,112,자료 부족,,112,뚜렷한 방향 없음,,조사일 이전 기상과 상대위험의 연관성이며 인과관계나 발생확률이 아님
이화명나방2화기,논벼,습도평균_14일,조사 전 14일 평균습도,,112,자료 부족,,112,뚜렷한 방향 없음,,조사일 이전 기상과 상대위험의 연관성이며 인과관계나 발생확률이 아님
이화명나방2화기,논벼,습도평균_30일,조사 전 30일 평균습도,,112,자료 부족,,112,뚜렷한 방향 없음,,조사일 이전 기상과 상대위험의 연관성이며 인과관계나 발생확률이 아님
이화명나방2화기,논벼,고습노출_30일,조사 전 30일 고습 노출시간,,112,자료 부족,,112,뚜렷한 방향 없음,,조사일 이전 기상과 상대위험의 연관성이며 인과관계나 발생확률이 아님
이화명나방2화기,논벼,강수누적_7일,조사 전 7일 누적강수,,0,자료 부족,,0,뚜렷한 방향 없음,,조사일 이전 기상과 상대위험의 연관성이며 인과관계나 발생확률이 아님
이화명나방2화기,논벼,강수누적_14일,조사 전 14일 누적강수,,0,자료 부족,,0,뚜렷한 방향 없음,,조사일 이전 기상과 상대위험의 연관성이며 인과관계나 발생확률이 아님
이화명나방2화기,논벼,강수누적_30일,조사 전 30일 누적강수,,0,자료 부족,,0,뚜렷한 방향 없음,,조사일 이전 기상과 상대위험의 연관성이며 인과관계나 발생확률이 아님
이화명나방2화기,논벼,풍속평균_30일,조사 전 30일 평균풍속,,112,자료 부족,,112,뚜렷한 방향 없음,,조사일 이전 기상과 상대위험의 연관성이며 인과관계나 발생확률이 아님
이화명나방2화기,논벼,풍속최대_30일,조사 전 30일 최대풍속,,112,자료 부족,,112,뚜렷한 방향 없음,,조사일 이전 기상과 상대위험의 연관성이며 인과관계나 발생확률이 아님
이화명나방2화기,논벼,고온노출_30일,조사 전 30일 고온 노출시간,,112,자료 부족,,112,뚜렷한 방향 없음,,조사일 이전 기상과 상대위험의 연관성이며 인과관계나 발생확률이 아님
이화명나방2화기,논벼,강풍노출_30일,조사 전 30일 강풍 노출시간,,112,자료 부족,,112,뚜렷한 방향 없음,,조사일 이전 기상과 상대위험의 연관성이며 인과관계나 발생확률이 아님
잎검은점병,배,기온평균_7일,조사 전 7일 평균기온,0.2013,101,약함,0.2805,34,같이 증가,0.2013,조사일 이전 기상과 상대위험의 연관성이며 인과관계나 발생확률이 아님
잎검은점병,배,기온평균_14일,조사 전 14일 평균기온,0.1811,101,약함,0.234,34,같이 증가,0.1811,조사일 이전 기상과 상대위험의 연관성이며 인과관계나 발생확률이 아님
잎검은점병,배,기온평균_30일,조사 전 30일 평균기온,0.1672,101,약함,0.2321,34,같이 증가,0.1672,조사일 이전 기상과 상대위험의 연관성이며 인과관계나 발생확률이 아님
잎검은점병,배,기온최고_30일,조사 전 30일 최고기온,0.2601,101,참고 가능,0.4723,34,같이 증가,0.2601,조사일 이전 기상과 상대위험의 연관성이며 인과관계나 발생확률이 아님
잎검은점병,배,습도평균_7일,조사 전 7일 평균습도,0.1756,101,약함,0.0473,34,같이 증가,0.1756,조사일 이전 기상과 상대위험의 연관성이며 인과관계나 발생확률이 아님
잎검은점병,배,습도평균_14일,조사 전 14일 평균습도,0.2391,101,약함,0.0917,34,같이 증가,0.2391,조사일 이전 기상과 상대위험의 연관성이며 인과관계나 발생확률이 아님
잎검은점병,배,습도평균_30일,조사 전 30일 평균습도,0.2663,101,참고 가능,0.108,34,같이 증가,0.2663,조사일 이전 기상과 상대위험의 연관성이며 인과관계나 발생확률이 아님
잎검은점병,배,고습노출_30일,조사 전 30일 고습 노출시간,0.2534,101,참고 가능,-0.0395,34,같이 증가,0.2534,조사일 이전 기상과 상대위험의 연관성이며 인과관계나 발생확률이 아님
잎검은점병,배,강수누적_7일,조사 전 7일 누적강수,,4,자료 부족,,0,뚜렷한 방향 없음,,조사일 이전 기상과 상대위험의 연관성이며 인과관계나 발생확률이 아님
잎검은점병,배,강수누적_14일,조사 전 14일 누적강수,-0.4984,9,자료 부족,,0,반대 방향,0.273,조사일 이전 기상과 상대위험의 연관성이며 인과관계나 발생확률이 아님
잎검은점병,배,강수누적_30일,조사 전 30일 누적강수,,5,자료 부족,,0,뚜렷한 방향 없음,,조사일 이전 기상과 상대위험의 연관성이며 인과관계나 발생확률이 아님
잎검은점병,배,풍속평균_30일,조사 전 30일 평균풍속,0.3956,101,참고 가능,0.4626,34,같이 증가,0.3956,조사일 이전 기상과 상대위험의 연관성이며 인과관계나 발생확률이 아님
잎검은점병,배,풍속최대_30일,조사 전 30일 최대풍속,0.4096,101,참고 가능,0.4833,34,같이 증가,0.4096,조사일 이전 기상과 상대위험의 연관성이며 인과관계나 발생확률이 아님
잎검은점병,배,고온노출_30일,조사 전 30일 고온 노출시간,0.1628,101,약함,0.4243,34,같이 증가,0.1628,조사일 이전 기상과 상대위험의 연관성이며 인과관계나 발생확률이 아님
잎검은점병,배,강풍노출_30일,조사 전 30일 강풍 노출시간,0.3774,101,참고 가능,0.5157,34,같이 증가,0.3774,조사일 이전 기상과 상대위험의 연관성이며 인과관계나 발생확률이 아님
잎도열병,논벼,기온평균_7일,조사 전 7일 평균기온,0.3729,444,참고 가능,,112,같이 증가,0.3729,조사일 이전 기상과 상대위험의 연관성이며 인과관계나 발생확률이 아님
잎도열병,논벼,기온평균_14일,조사 전 14일 평균기온,0.3038,444,참고 가능,,112,같이 증가,0.3038,조사일 이전 기상과 상대위험의 연관성이며 인과관계나 발생확률이 아님
잎도열병,논벼,기온평균_30일,조사 전 30일 평균기온,0.2919,444,참고 가능,,112,같이 증가,0.2919,조사일 이전 기상과 상대위험의 연관성이며 인과관계나 발생확률이 아님
잎도열병,논벼,기온최고_30일,조사 전 30일 최고기온,0.268,444,참고 가능,,112,같이 증가,0.268,조사일 이전 기상과 상대위험의 연관성이며 인과관계나 발생확률이 아님
잎도열병,논벼,습도평균_7일,조사 전 7일 평균습도,0.3526,444,참고 가능,,112,같이 증가,0.3526,조사일 이전 기상과 상대위험의 연관성이며 인과관계나 발생확률이 아님
잎도열병,논벼,습도평균_14일,조사 전 14일 평균습도,0.4273,444,참고 가능,,112,같이 증가,0.4273,조사일 이전 기상과 상대위험의 연관성이며 인과관계나 발생확률이 아님
잎도열병,논벼,습도평균_30일,조사 전 30일 평균습도,0.4545,444,비교적 뚜렷,,112,같이 증가,0.4545,조사일 이전 기상과 상대위험의 연관성이며 인과관계나 발생확률이 아님
잎도열병,논벼,고습노출_30일,조사 전 30일 고습 노출시간,0.4301,444,참고 가능,,112,같이 증가,0.4301,조사일 이전 기상과 상대위험의 연관성이며 인과관계나 발생확률이 아님
잎도열병,논벼,강수누적_7일,조사 전 7일 누적강수,0.0378,28,약함,,0,뚜렷한 방향 없음,0.0365,조사일 이전 기상과 상대위험의 연관성이며 인과관계나 발생확률이 아님
잎도열병,논벼,강수누적_14일,조사 전 14일 누적강수,-0.2266,40,약함,,0,반대 방향,0.2266,조사일 이전 기상과 상대위험의 연관성이며 인과관계나 발생확률이 아님
잎도열병,논벼,강수누적_30일,조사 전 30일 누적강수,0.175,24,약함,,0,같이 증가,0.1566,조사일 이전 기상과 상대위험의 연관성이며 인과관계나 발생확률이 아님
잎도열병,논벼,풍속평균_30일,조사 전 30일 평균풍속,0.0984,444,약함,,112,뚜렷한 방향 없음,0.0984,조사일 이전 기상과 상대위험의 연관성이며 인과관계나 발생확률이 아님
잎도열병,논벼,풍속최대_30일,조사 전 30일 최대풍속,0.2617,444,참고 가능,,112,같이 증가,0.2617,조사일 이전 기상과 상대위험의 연관성이며 인과관계나 발생확률이 아님
잎도열병,논벼,고온노출_30일,조사 전 30일 고온 노출시간,0.2361,444,약함,,112,같이 증가,0.2361,조사일 이전 기상과 상대위험의 연관성이며 인과관계나 발생확률이 아님
잎도열병,논벼,강풍노출_30일,조사 전 30일 강풍 노출시간,0.2016,444,약함,,112,같이 증가,0.2016,조사일 이전 기상과 상대위험의 연관성이며 인과관계나 발생확률이 아님
잎마름병,마늘,기온평균_7일,조사 전 7일 평균기온,0.8516,48,비교적 뚜렷,0.8516,48,같이 증가,0.8516,조사일 이전 기상과 상대위험의 연관성이며 인과관계나 발생확률이 아님
잎마름병,마늘,기온평균_14일,조사 전 14일 평균기온,0.8677,48,비교적 뚜렷,0.8677,48,같이 증가,0.8677,조사일 이전 기상과 상대위험의 연관성이며 인과관계나 발생확률이 아님
잎마름병,마늘,기온평균_30일,조사 전 30일 평균기온,0.8746,48,비교적 뚜렷,0.8746,48,같이 증가,0.8746,조사일 이전 기상과 상대위험의 연관성이며 인과관계나 발생확률이 아님
잎마름병,마늘,기온최고_30일,조사 전 30일 최고기온,0.7727,48,비교적 뚜렷,0.7727,48,같이 증가,0.7727,조사일 이전 기상과 상대위험의 연관성이며 인과관계나 발생확률이 아님
잎마름병,마늘,습도평균_7일,조사 전 7일 평균습도,-0.118,48,약함,-0.118,48,반대 방향,0.118,조사일 이전 기상과 상대위험의 연관성이며 인과관계나 발생확률이 아님
잎마름병,마늘,습도평균_14일,조사 전 14일 평균습도,0.0219,48,약함,0.0219,48,뚜렷한 방향 없음,0.0219,조사일 이전 기상과 상대위험의 연관성이며 인과관계나 발생확률이 아님
잎마름병,마늘,습도평균_30일,조사 전 30일 평균습도,-0.1492,48,약함,-0.1492,48,반대 방향,0.1492,조사일 이전 기상과 상대위험의 연관성이며 인과관계나 발생확률이 아님
잎마름병,마늘,고습노출_30일,조사 전 30일 고습 노출시간,-0.0805,48,약함,-0.0805,48,뚜렷한 방향 없음,0.0805,조사일 이전 기상과 상대위험의 연관성이며 인과관계나 발생확률이 아님
잎마름병,마늘,강수누적_7일,조사 전 7일 누적강수,,0,자료 부족,,0,뚜렷한 방향 없음,,조사일 이전 기상과 상대위험의 연관성이며 인과관계나 발생확률이 아님
잎마름병,마늘,강수누적_14일,조사 전 14일 누적강수,,0,자료 부족,,0,뚜렷한 방향 없음,,조사일 이전 기상과 상대위험의 연관성이며 인과관계나 발생확률이 아님
잎마름병,마늘,강수누적_30일,조사 전 30일 누적강수,,0,자료 부족,,0,뚜렷한 방향 없음,,조사일 이전 기상과 상대위험의 연관성이며 인과관계나 발생확률이 아님
잎마름병,마늘,풍속평균_30일,조사 전 30일 평균풍속,0.1219,48,약함,0.1219,48,같이 증가,0.1219,조사일 이전 기상과 상대위험의 연관성이며 인과관계나 발생확률이 아님
잎마름병,마늘,풍속최대_30일,조사 전 30일 최대풍속,-0.0384,48,약함,-0.0384,48,뚜렷한 방향 없음,0.0384,조사일 이전 기상과 상대위험의 연관성이며 인과관계나 발생확률이 아님
잎마름병,마늘,고온노출_30일,조사 전 30일 고온 노출시간,0.7327,48,비교적 뚜렷,0.7327,48,같이 증가,0.7327,조사일 이전 기상과 상대위험의 연관성이며 인과관계나 발생확률이 아님
잎마름병,마늘,강풍노출_30일,조사 전 30일 강풍 노출시간,-0.1304,48,약함,-0.1304,48,반대 방향,0.1304,조사일 이전 기상과 상대위험의 연관성이며 인과관계나 발생확률이 아님
잎마름병,양파,기온평균_7일,조사 전 7일 평균기온,0.6287,55,비교적 뚜렷,0.7802,30,같이 증가,0.6287,조사일 이전 기상과 상대위험의 연관성이며 인과관계나 발생확률이 아님
잎마름병,양파,기온평균_14일,조사 전 14일 평균기온,0.6295,55,비교적 뚜렷,0.7692,30,같이 증가,0.6295,조사일 이전 기상과 상대위험의 연관성이며 인과관계나 발생확률이 아님
잎마름병,양파,기온평균_30일,조사 전 30일 평균기온,0.6363,55,비교적 뚜렷,0.7575,30,같이 증가,0.6363,조사일 이전 기상과 상대위험의 연관성이며 인과관계나 발생확률이 아님
잎마름병,양파,기온최고_30일,조사 전 30일 최고기온,0.5753,55,비교적 뚜렷,0.7474,30,같이 증가,0.5753,조사일 이전 기상과 상대위험의 연관성이며 인과관계나 발생확률이 아님
잎마름병,양파,습도평균_7일,조사 전 7일 평균습도,-0.195,55,약함,-0.1465,30,반대 방향,0.195,조사일 이전 기상과 상대위험의 연관성이며 인과관계나 발생확률이 아님
잎마름병,양파,습도평균_14일,조사 전 14일 평균습도,-0.1558,55,약함,-0.0685,30,반대 방향,0.1558,조사일 이전 기상과 상대위험의 연관성이며 인과관계나 발생확률이 아님
잎마름병,양파,습도평균_30일,조사 전 30일 평균습도,-0.1579,55,약함,-0.0605,30,반대 방향,0.1579,조사일 이전 기상과 상대위험의 연관성이며 인과관계나 발생확률이 아님
잎마름병,양파,고습노출_30일,조사 전 30일 고습 노출시간,-0.0953,55,약함,0.006,30,뚜렷한 방향 없음,0.0953,조사일 이전 기상과 상대위험의 연관성이며 인과관계나 발생확률이 아님
잎마름병,양파,강수누적_7일,조사 전 7일 누적강수,,0,자료 부족,,0,뚜렷한 방향 없음,,조사일 이전 기상과 상대위험의 연관성이며 인과관계나 발생확률이 아님
잎마름병,양파,강수누적_14일,조사 전 14일 누적강수,,0,자료 부족,,0,뚜렷한 방향 없음,,조사일 이전 기상과 상대위험의 연관성이며 인과관계나 발생확률이 아님
잎마름병,양파,강수누적_30일,조사 전 30일 누적강수,,0,자료 부족,,0,뚜렷한 방향 없음,,조사일 이전 기상과 상대위험의 연관성이며 인과관계나 발생확률이 아님
잎마름병,양파,풍속평균_30일,조사 전 30일 평균풍속,0.2263,55,약함,0.0363,30,같이 증가,0.2263,조사일 이전 기상과 상대위험의 연관성이며 인과관계나 발생확률이 아님
잎마름병,양파,풍속최대_30일,조사 전 30일 최대풍속,-0.1036,55,약함,-0.0026,30,반대 방향,0.1036,조사일 이전 기상과 상대위험의 연관성이며 인과관계나 발생확률이 아님
잎마름병,양파,고온노출_30일,조사 전 30일 고온 노출시간,0.4741,55,비교적 뚜렷,0.6878,30,같이 증가,0.4741,조사일 이전 기상과 상대위험의 연관성이며 인과관계나 발생확률이 아님
잎마름병,양파,강풍노출_30일,조사 전 30일 강풍 노출시간,-0.0708,55,약함,-0.0122,30,뚜렷한 방향 없음,0.0708,조사일 이전 기상과 상대위험의 연관성이며 인과관계나 발생확률이 아님
잎말이나방,배,기온평균_7일,조사 전 7일 평균기온,,68,자료 부족,,68,뚜렷한 방향 없음,,조사일 이전 기상과 상대위험의 연관성이며 인과관계나 발생확률이 아님
잎말이나방,배,기온평균_14일,조사 전 14일 평균기온,,68,자료 부족,,68,뚜렷한 방향 없음,,조사일 이전 기상과 상대위험의 연관성이며 인과관계나 발생확률이 아님
잎말이나방,배,기온평균_30일,조사 전 30일 평균기온,,68,자료 부족,,68,뚜렷한 방향 없음,,조사일 이전 기상과 상대위험의 연관성이며 인과관계나 발생확률이 아님
잎말이나방,배,기온최고_30일,조사 전 30일 최고기온,,68,자료 부족,,68,뚜렷한 방향 없음,,조사일 이전 기상과 상대위험의 연관성이며 인과관계나 발생확률이 아님
잎말이나방,배,습도평균_7일,조사 전 7일 평균습도,,68,자료 부족,,68,뚜렷한 방향 없음,,조사일 이전 기상과 상대위험의 연관성이며 인과관계나 발생확률이 아님
잎말이나방,배,습도평균_14일,조사 전 14일 평균습도,,68,자료 부족,,68,뚜렷한 방향 없음,,조사일 이전 기상과 상대위험의 연관성이며 인과관계나 발생확률이 아님
잎말이나방,배,습도평균_30일,조사 전 30일 평균습도,,68,자료 부족,,68,뚜렷한 방향 없음,,조사일 이전 기상과 상대위험의 연관성이며 인과관계나 발생확률이 아님
잎말이나방,배,고습노출_30일,조사 전 30일 고습 노출시간,,68,자료 부족,,68,뚜렷한 방향 없음,,조사일 이전 기상과 상대위험의 연관성이며 인과관계나 발생확률이 아님
잎말이나방,배,강수누적_7일,조사 전 7일 누적강수,,0,자료 부족,,0,뚜렷한 방향 없음,,조사일 이전 기상과 상대위험의 연관성이며 인과관계나 발생확률이 아님
잎말이나방,배,강수누적_14일,조사 전 14일 누적강수,,0,자료 부족,,0,뚜렷한 방향 없음,,조사일 이전 기상과 상대위험의 연관성이며 인과관계나 발생확률이 아님
잎말이나방,배,강수누적_30일,조사 전 30일 누적강수,,0,자료 부족,,0,뚜렷한 방향 없음,,조사일 이전 기상과 상대위험의 연관성이며 인과관계나 발생확률이 아님
잎말이나방,배,풍속평균_30일,조사 전 30일 평균풍속,,68,자료 부족,,68,뚜렷한 방향 없음,,조사일 이전 기상과 상대위험의 연관성이며 인과관계나 발생확률이 아님
잎말이나방,배,풍속최대_30일,조사 전 30일 최대풍속,,68,자료 부족,,68,뚜렷한 방향 없음,,조사일 이전 기상과 상대위험의 연관성이며 인과관계나 발생확률이 아님
잎말이나방,배,고온노출_30일,조사 전 30일 고온 노출시간,,68,자료 부족,,68,뚜렷한 방향 없음,,조사일 이전 기상과 상대위험의 연관성이며 인과관계나 발생확률이 아님
잎말이나방,배,강풍노출_30일,조사 전 30일 강풍 노출시간,,68,자료 부족,,68,뚜렷한 방향 없음,,조사일 이전 기상과 상대위험의 연관성이며 인과관계나 발생확률이 아님
잎오갈병,복숭아,기온평균_7일,조사 전 7일 평균기온,0.2054,62,약함,,0,같이 증가,0.2054,조사일 이전 기상과 상대위험의 연관성이며 인과관계나 발생확률이 아님
잎오갈병,복숭아,기온평균_14일,조사 전 14일 평균기온,0.2097,62,약함,,0,같이 증가,0.2097,조사일 이전 기상과 상대위험의 연관성이며 인과관계나 발생확률이 아님
잎오갈병,복숭아,기온평균_30일,조사 전 30일 평균기온,0.2141,62,약함,,0,같이 증가,0.2141,조사일 이전 기상과 상대위험의 연관성이며 인과관계나 발생확률이 아님
잎오갈병,복숭아,기온최고_30일,조사 전 30일 최고기온,0.1985,62,약함,,0,같이 증가,0.1985,조사일 이전 기상과 상대위험의 연관성이며 인과관계나 발생확률이 아님
잎오갈병,복숭아,습도평균_7일,조사 전 7일 평균습도,0.1293,62,약함,,0,같이 증가,0.1293,조사일 이전 기상과 상대위험의 연관성이며 인과관계나 발생확률이 아님
잎오갈병,복숭아,습도평균_14일,조사 전 14일 평균습도,0.1782,62,약함,,0,같이 증가,0.1782,조사일 이전 기상과 상대위험의 연관성이며 인과관계나 발생확률이 아님
잎오갈병,복숭아,습도평균_30일,조사 전 30일 평균습도,0.1848,62,약함,,0,같이 증가,0.1848,조사일 이전 기상과 상대위험의 연관성이며 인과관계나 발생확률이 아님
잎오갈병,복숭아,고습노출_30일,조사 전 30일 고습 노출시간,0.1933,62,약함,,0,같이 증가,0.1933,조사일 이전 기상과 상대위험의 연관성이며 인과관계나 발생확률이 아님
잎오갈병,복숭아,강수누적_7일,조사 전 7일 누적강수,,4,자료 부족,,0,뚜렷한 방향 없음,,조사일 이전 기상과 상대위험의 연관성이며 인과관계나 발생확률이 아님
잎오갈병,복숭아,강수누적_14일,조사 전 14일 누적강수,,9,자료 부족,,0,뚜렷한 방향 없음,,조사일 이전 기상과 상대위험의 연관성이며 인과관계나 발생확률이 아님
잎오갈병,복숭아,강수누적_30일,조사 전 30일 누적강수,,5,자료 부족,,0,뚜렷한 방향 없음,,조사일 이전 기상과 상대위험의 연관성이며 인과관계나 발생확률이 아님
잎오갈병,복숭아,풍속평균_30일,조사 전 30일 평균풍속,-0.1534,62,약함,,0,반대 방향,0.1534,조사일 이전 기상과 상대위험의 연관성이며 인과관계나 발생확률이 아님
잎오갈병,복숭아,풍속최대_30일,조사 전 30일 최대풍속,-0.0883,62,약함,,0,뚜렷한 방향 없음,0.0883,조사일 이전 기상과 상대위험의 연관성이며 인과관계나 발생확률이 아님
잎오갈병,복숭아,고온노출_30일,조사 전 30일 고온 노출시간,0.2138,62,약함,,0,같이 증가,0.2138,조사일 이전 기상과 상대위험의 연관성이며 인과관계나 발생확률이 아님
잎오갈병,복숭아,강풍노출_30일,조사 전 30일 강풍 노출시간,-0.0374,62,약함,,0,뚜렷한 방향 없음,0.0374,조사일 이전 기상과 상대위험의 연관성이며 인과관계나 발생확률이 아님
잎집눈무늬병,보리,기온평균_7일,조사 전 7일 평균기온,-0.0435,36,약함,,0,뚜렷한 방향 없음,0.0435,조사일 이전 기상과 상대위험의 연관성이며 인과관계나 발생확률이 아님
잎집눈무늬병,보리,기온평균_14일,조사 전 14일 평균기온,-0.0532,36,약함,,0,뚜렷한 방향 없음,0.0532,조사일 이전 기상과 상대위험의 연관성이며 인과관계나 발생확률이 아님
잎집눈무늬병,보리,기온평균_30일,조사 전 30일 평균기온,-0.0435,36,약함,,0,뚜렷한 방향 없음,0.0435,조사일 이전 기상과 상대위험의 연관성이며 인과관계나 발생확률이 아님
잎집눈무늬병,보리,기온최고_30일,조사 전 30일 최고기온,-0.0048,36,약함,,0,뚜렷한 방향 없음,0.0048,조사일 이전 기상과 상대위험의 연관성이며 인과관계나 발생확률이 아님
잎집눈무늬병,보리,습도평균_7일,조사 전 7일 평균습도,0.1693,36,약함,,0,같이 증가,0.1693,조사일 이전 기상과 상대위험의 연관성이며 인과관계나 발생확률이 아님
잎집눈무늬병,보리,습도평균_14일,조사 전 14일 평균습도,0.1403,36,약함,,0,같이 증가,0.1403,조사일 이전 기상과 상대위험의 연관성이며 인과관계나 발생확률이 아님
잎집눈무늬병,보리,습도평균_30일,조사 전 30일 평균습도,0.3725,36,참고 가능,,0,같이 증가,0.3725,조사일 이전 기상과 상대위험의 연관성이며 인과관계나 발생확률이 아님
잎집눈무늬병,보리,고습노출_30일,조사 전 30일 고습 노출시간,0.3338,36,참고 가능,,0,같이 증가,0.3338,조사일 이전 기상과 상대위험의 연관성이며 인과관계나 발생확률이 아님
잎집눈무늬병,보리,강수누적_7일,조사 전 7일 누적강수,,0,자료 부족,,0,뚜렷한 방향 없음,,조사일 이전 기상과 상대위험의 연관성이며 인과관계나 발생확률이 아님
잎집눈무늬병,보리,강수누적_14일,조사 전 14일 누적강수,,0,자료 부족,,0,뚜렷한 방향 없음,,조사일 이전 기상과 상대위험의 연관성이며 인과관계나 발생확률이 아님
잎집눈무늬병,보리,강수누적_30일,조사 전 30일 누적강수,,0,자료 부족,,0,뚜렷한 방향 없음,,조사일 이전 기상과 상대위험의 연관성이며 인과관계나 발생확률이 아님
잎집눈무늬병,보리,풍속평균_30일,조사 전 30일 평균풍속,0.4499,36,참고 가능,,0,같이 증가,0.4499,조사일 이전 기상과 상대위험의 연관성이며 인과관계나 발생확률이 아님
잎집눈무늬병,보리,풍속최대_30일,조사 전 30일 최대풍속,0.4696,36,비교적 뚜렷,,0,같이 증가,0.4696,조사일 이전 기상과 상대위험의 연관성이며 인과관계나 발생확률이 아님
잎집눈무늬병,보리,고온노출_30일,조사 전 30일 고온 노출시간,-0.1496,36,약함,,0,반대 방향,0.1496,조사일 이전 기상과 상대위험의 연관성이며 인과관계나 발생확률이 아님
잎집눈무늬병,보리,강풍노출_30일,조사 전 30일 강풍 노출시간,0.4516,36,비교적 뚜렷,,0,같이 증가,0.4516,조사일 이전 기상과 상대위험의 연관성이며 인과관계나 발생확률이 아님
잎집무늬마름병,논벼,기온평균_7일,조사 전 7일 평균기온,0.4493,444,참고 가능,0.0103,112,같이 증가,0.4493,조사일 이전 기상과 상대위험의 연관성이며 인과관계나 발생확률이 아님
잎집무늬마름병,논벼,기온평균_14일,조사 전 14일 평균기온,0.3269,444,참고 가능,-0.0513,112,같이 증가,0.3269,조사일 이전 기상과 상대위험의 연관성이며 인과관계나 발생확률이 아님
잎집무늬마름병,논벼,기온평균_30일,조사 전 30일 평균기온,0.3234,444,참고 가능,-0.0513,112,같이 증가,0.3234,조사일 이전 기상과 상대위험의 연관성이며 인과관계나 발생확률이 아님
잎집무늬마름병,논벼,기온최고_30일,조사 전 30일 최고기온,0.2793,444,참고 가능,-0.2362,112,같이 증가,0.2793,조사일 이전 기상과 상대위험의 연관성이며 인과관계나 발생확률이 아님
잎집무늬마름병,논벼,습도평균_7일,조사 전 7일 평균습도,0.4783,444,비교적 뚜렷,0.2773,112,같이 증가,0.4783,조사일 이전 기상과 상대위험의 연관성이며 인과관계나 발생확률이 아님
잎집무늬마름병,논벼,습도평균_14일,조사 전 14일 평균습도,0.5293,444,비교적 뚜렷,0.2362,112,같이 증가,0.5293,조사일 이전 기상과 상대위험의 연관성이며 인과관계나 발생확률이 아님
잎집무늬마름병,논벼,습도평균_30일,조사 전 30일 평균습도,0.5324,444,비교적 뚜렷,0.2773,112,같이 증가,0.5324,조사일 이전 기상과 상대위험의 연관성이며 인과관계나 발생확률이 아님
잎집무늬마름병,논벼,고습노출_30일,조사 전 30일 고습 노출시간,0.524,444,비교적 뚜렷,0.2773,112,같이 증가,0.524,조사일 이전 기상과 상대위험의 연관성이며 인과관계나 발생확률이 아님
잎집무늬마름병,논벼,강수누적_7일,조사 전 7일 누적강수,-0.3748,28,참고 가능,,0,반대 방향,0.3621,조사일 이전 기상과 상대위험의 연관성이며 인과관계나 발생확률이 아님
잎집무늬마름병,논벼,강수누적_14일,조사 전 14일 누적강수,-0.1885,40,약함,,0,반대 방향,0.1885,조사일 이전 기상과 상대위험의 연관성이며 인과관계나 발생확률이 아님
잎집무늬마름병,논벼,강수누적_30일,조사 전 30일 누적강수,0.4273,24,참고 가능,,0,같이 증가,0.3822,조사일 이전 기상과 상대위험의 연관성이며 인과관계나 발생확률이 아님
잎집무늬마름병,논벼,풍속평균_30일,조사 전 30일 평균풍속,-0.015,444,약함,0.1951,112,뚜렷한 방향 없음,0.015,조사일 이전 기상과 상대위험의 연관성이며 인과관계나 발생확률이 아님
잎집무늬마름병,논벼,풍속최대_30일,조사 전 30일 최대풍속,0.2232,444,약함,0.0411,112,같이 증가,0.2232,조사일 이전 기상과 상대위험의 연관성이며 인과관계나 발생확률이 아님
잎집무늬마름병,논벼,고온노출_30일,조사 전 30일 고온 노출시간,0.2892,444,참고 가능,-0.2567,112,같이 증가,0.2892,조사일 이전 기상과 상대위험의 연관성이며 인과관계나 발생확률이 아님
잎집무늬마름병,논벼,강풍노출_30일,조사 전 30일 강풍 노출시간,0.2478,444,약함,0.0212,112,같이 증가,0.2478,조사일 이전 기상과 상대위험의 연관성이며 인과관계나 발생확률이 아님
잎집썩음병,마늘,기온평균_7일,조사 전 7일 평균기온,0.0219,48,약함,0.0219,48,뚜렷한 방향 없음,0.0219,조사일 이전 기상과 상대위험의 연관성이며 인과관계나 발생확률이 아님
잎집썩음병,마늘,기온평균_14일,조사 전 14일 평균기온,0.056,48,약함,0.056,48,뚜렷한 방향 없음,0.056,조사일 이전 기상과 상대위험의 연관성이며 인과관계나 발생확률이 아님
잎집썩음병,마늘,기온평균_30일,조사 전 30일 평균기온,0.0794,48,약함,0.0794,48,뚜렷한 방향 없음,0.0794,조사일 이전 기상과 상대위험의 연관성이며 인과관계나 발생확률이 아님
잎집썩음병,마늘,기온최고_30일,조사 전 30일 최고기온,-0.1405,48,약함,-0.1405,48,반대 방향,0.1405,조사일 이전 기상과 상대위험의 연관성이며 인과관계나 발생확률이 아님
잎집썩음병,마늘,습도평균_7일,조사 전 7일 평균습도,0.3504,48,참고 가능,0.3504,48,같이 증가,0.3504,조사일 이전 기상과 상대위험의 연관성이며 인과관계나 발생확률이 아님
잎집썩음병,마늘,습도평균_14일,조사 전 14일 평균습도,0.3747,48,참고 가능,0.3747,48,같이 증가,0.3747,조사일 이전 기상과 상대위험의 연관성이며 인과관계나 발생확률이 아님
잎집썩음병,마늘,습도평균_30일,조사 전 30일 평균습도,0.4194,48,참고 가능,0.4194,48,같이 증가,0.4194,조사일 이전 기상과 상대위험의 연관성이며 인과관계나 발생확률이 아님
잎집썩음병,마늘,고습노출_30일,조사 전 30일 고습 노출시간,0.458,48,비교적 뚜렷,0.458,48,같이 증가,0.458,조사일 이전 기상과 상대위험의 연관성이며 인과관계나 발생확률이 아님
잎집썩음병,마늘,강수누적_7일,조사 전 7일 누적강수,,0,자료 부족,,0,뚜렷한 방향 없음,,조사일 이전 기상과 상대위험의 연관성이며 인과관계나 발생확률이 아님
잎집썩음병,마늘,강수누적_14일,조사 전 14일 누적강수,,0,자료 부족,,0,뚜렷한 방향 없음,,조사일 이전 기상과 상대위험의 연관성이며 인과관계나 발생확률이 아님
잎집썩음병,마늘,강수누적_30일,조사 전 30일 누적강수,,0,자료 부족,,0,뚜렷한 방향 없음,,조사일 이전 기상과 상대위험의 연관성이며 인과관계나 발생확률이 아님
잎집썩음병,마늘,풍속평균_30일,조사 전 30일 평균풍속,-0.163,48,약함,-0.163,48,반대 방향,0.163,조사일 이전 기상과 상대위험의 연관성이며 인과관계나 발생확률이 아님
잎집썩음병,마늘,풍속최대_30일,조사 전 30일 최대풍속,0.0257,48,약함,0.0257,48,뚜렷한 방향 없음,0.0257,조사일 이전 기상과 상대위험의 연관성이며 인과관계나 발생확률이 아님
잎집썩음병,마늘,고온노출_30일,조사 전 30일 고온 노출시간,-0.1722,48,약함,-0.1722,48,반대 방향,0.1722,조사일 이전 기상과 상대위험의 연관성이며 인과관계나 발생확률이 아님
잎집썩음병,마늘,강풍노출_30일,조사 전 30일 강풍 노출시간,-0.0245,48,약함,-0.0245,48,뚜렷한 방향 없음,0.0245,조사일 이전 기상과 상대위험의 연관성이며 인과관계나 발생확률이 아님
잿빛곰팡이,사과,기온평균_7일,조사 전 7일 평균기온,,27,자료 부족,,27,뚜렷한 방향 없음,,조사일 이전 기상과 상대위험의 연관성이며 인과관계나 발생확률이 아님
잿빛곰팡이,사과,기온평균_14일,조사 전 14일 평균기온,,27,자료 부족,,27,뚜렷한 방향 없음,,조사일 이전 기상과 상대위험의 연관성이며 인과관계나 발생확률이 아님
잿빛곰팡이,사과,기온평균_30일,조사 전 30일 평균기온,,27,자료 부족,,27,뚜렷한 방향 없음,,조사일 이전 기상과 상대위험의 연관성이며 인과관계나 발생확률이 아님
잿빛곰팡이,사과,기온최고_30일,조사 전 30일 최고기온,,27,자료 부족,,27,뚜렷한 방향 없음,,조사일 이전 기상과 상대위험의 연관성이며 인과관계나 발생확률이 아님
잿빛곰팡이,사과,습도평균_7일,조사 전 7일 평균습도,,27,자료 부족,,27,뚜렷한 방향 없음,,조사일 이전 기상과 상대위험의 연관성이며 인과관계나 발생확률이 아님
잿빛곰팡이,사과,습도평균_14일,조사 전 14일 평균습도,,27,자료 부족,,27,뚜렷한 방향 없음,,조사일 이전 기상과 상대위험의 연관성이며 인과관계나 발생확률이 아님
잿빛곰팡이,사과,습도평균_30일,조사 전 30일 평균습도,,27,자료 부족,,27,뚜렷한 방향 없음,,조사일 이전 기상과 상대위험의 연관성이며 인과관계나 발생확률이 아님
잿빛곰팡이,사과,고습노출_30일,조사 전 30일 고습 노출시간,,27,자료 부족,,27,뚜렷한 방향 없음,,조사일 이전 기상과 상대위험의 연관성이며 인과관계나 발생확률이 아님
잿빛곰팡이,사과,강수누적_7일,조사 전 7일 누적강수,,0,자료 부족,,0,뚜렷한 방향 없음,,조사일 이전 기상과 상대위험의 연관성이며 인과관계나 발생확률이 아님
잿빛곰팡이,사과,강수누적_14일,조사 전 14일 누적강수,,0,자료 부족,,0,뚜렷한 방향 없음,,조사일 이전 기상과 상대위험의 연관성이며 인과관계나 발생확률이 아님
잿빛곰팡이,사과,강수누적_30일,조사 전 30일 누적강수,,0,자료 부족,,0,뚜렷한 방향 없음,,조사일 이전 기상과 상대위험의 연관성이며 인과관계나 발생확률이 아님
잿빛곰팡이,사과,풍속평균_30일,조사 전 30일 평균풍속,,27,자료 부족,,27,뚜렷한 방향 없음,,조사일 이전 기상과 상대위험의 연관성이며 인과관계나 발생확률이 아님
잿빛곰팡이,사과,풍속최대_30일,조사 전 30일 최대풍속,,27,자료 부족,,27,뚜렷한 방향 없음,,조사일 이전 기상과 상대위험의 연관성이며 인과관계나 발생확률이 아님
잿빛곰팡이,사과,고온노출_30일,조사 전 30일 고온 노출시간,,27,자료 부족,,27,뚜렷한 방향 없음,,조사일 이전 기상과 상대위험의 연관성이며 인과관계나 발생확률이 아님
잿빛곰팡이,사과,강풍노출_30일,조사 전 30일 강풍 노출시간,,27,자료 부족,,27,뚜렷한 방향 없음,,조사일 이전 기상과 상대위험의 연관성이며 인과관계나 발생확률이 아님
점무늬낙엽병,사과,기온평균_7일,조사 전 7일 평균기온,0.26,74,참고 가능,0.2718,27,같이 증가,0.26,조사일 이전 기상과 상대위험의 연관성이며 인과관계나 발생확률이 아님
점무늬낙엽병,사과,기온평균_14일,조사 전 14일 평균기온,0.3021,74,참고 가능,0.2937,27,같이 증가,0.3021,조사일 이전 기상과 상대위험의 연관성이며 인과관계나 발생확률이 아님
점무늬낙엽병,사과,기온평균_30일,조사 전 30일 평균기온,0.2984,74,참고 가능,0.3145,27,같이 증가,0.2984,조사일 이전 기상과 상대위험의 연관성이며 인과관계나 발생확률이 아님
점무늬낙엽병,사과,기온최고_30일,조사 전 30일 최고기온,0.2291,74,약함,0.0788,27,같이 증가,0.2291,조사일 이전 기상과 상대위험의 연관성이며 인과관계나 발생확률이 아님
점무늬낙엽병,사과,습도평균_7일,조사 전 7일 평균습도,0.2376,74,약함,0.3076,27,같이 증가,0.2376,조사일 이전 기상과 상대위험의 연관성이며 인과관계나 발생확률이 아님
점무늬낙엽병,사과,습도평균_14일,조사 전 14일 평균습도,0.2584,74,참고 가능,0.2949,27,같이 증가,0.2584,조사일 이전 기상과 상대위험의 연관성이며 인과관계나 발생확률이 아님
점무늬낙엽병,사과,습도평균_30일,조사 전 30일 평균습도,0.2788,74,참고 가능,0.3006,27,같이 증가,0.2788,조사일 이전 기상과 상대위험의 연관성이며 인과관계나 발생확률이 아님
점무늬낙엽병,사과,고습노출_30일,조사 전 30일 고습 노출시간,0.2586,74,참고 가능,0.1884,27,같이 증가,0.2586,조사일 이전 기상과 상대위험의 연관성이며 인과관계나 발생확률이 아님
점무늬낙엽병,사과,강수누적_7일,조사 전 7일 누적강수,,4,자료 부족,,0,뚜렷한 방향 없음,,조사일 이전 기상과 상대위험의 연관성이며 인과관계나 발생확률이 아님
점무늬낙엽병,사과,강수누적_14일,조사 전 14일 누적강수,0.1345,9,자료 부족,,0,같이 증가,0.0736,조사일 이전 기상과 상대위험의 연관성이며 인과관계나 발생확률이 아님
점무늬낙엽병,사과,강수누적_30일,조사 전 30일 누적강수,,5,자료 부족,,0,뚜렷한 방향 없음,,조사일 이전 기상과 상대위험의 연관성이며 인과관계나 발생확률이 아님
점무늬낙엽병,사과,풍속평균_30일,조사 전 30일 평균풍속,0.1466,74,약함,0.3227,27,같이 증가,0.1466,조사일 이전 기상과 상대위험의 연관성이며 인과관계나 발생확률이 아님
점무늬낙엽병,사과,풍속최대_30일,조사 전 30일 최대풍속,0.2214,74,약함,0.2207,27,같이 증가,0.2214,조사일 이전 기상과 상대위험의 연관성이며 인과관계나 발생확률이 아님
점무늬낙엽병,사과,고온노출_30일,조사 전 30일 고온 노출시간,0.2484,74,약함,0.1151,27,같이 증가,0.2484,조사일 이전 기상과 상대위험의 연관성이며 인과관계나 발생확률이 아님
점무늬낙엽병,사과,강풍노출_30일,조사 전 30일 강풍 노출시간,0.2552,74,참고 가능,0.2785,27,같이 증가,0.2552,조사일 이전 기상과 상대위험의 연관성이며 인과관계나 발생확률이 아님
점무늬병,콩,기온평균_7일,조사 전 7일 평균기온,0.2812,45,참고 가능,,0,같이 증가,0.2812,조사일 이전 기상과 상대위험의 연관성이며 인과관계나 발생확률이 아님
점무늬병,콩,기온평균_14일,조사 전 14일 평균기온,0.3018,45,참고 가능,,0,같이 증가,0.3018,조사일 이전 기상과 상대위험의 연관성이며 인과관계나 발생확률이 아님
점무늬병,콩,기온평균_30일,조사 전 30일 평균기온,0.295,45,참고 가능,,0,같이 증가,0.295,조사일 이전 기상과 상대위험의 연관성이며 인과관계나 발생확률이 아님
점무늬병,콩,기온최고_30일,조사 전 30일 최고기온,0.2404,45,약함,,0,같이 증가,0.2404,조사일 이전 기상과 상대위험의 연관성이며 인과관계나 발생확률이 아님
점무늬병,콩,습도평균_7일,조사 전 7일 평균습도,0.2812,45,참고 가능,,0,같이 증가,0.2812,조사일 이전 기상과 상대위험의 연관성이며 인과관계나 발생확률이 아님
점무늬병,콩,습도평균_14일,조사 전 14일 평균습도,0.2538,45,참고 가능,,0,같이 증가,0.2538,조사일 이전 기상과 상대위험의 연관성이며 인과관계나 발생확률이 아님
점무늬병,콩,습도평균_30일,조사 전 30일 평균습도,0.2675,45,참고 가능,,0,같이 증가,0.2675,조사일 이전 기상과 상대위험의 연관성이며 인과관계나 발생확률이 아님
점무늬병,콩,고습노출_30일,조사 전 30일 고습 노출시간,0.2538,45,참고 가능,,0,같이 증가,0.2538,조사일 이전 기상과 상대위험의 연관성이며 인과관계나 발생확률이 아님
점무늬병,콩,강수누적_7일,조사 전 7일 누적강수,,4,자료 부족,,0,뚜렷한 방향 없음,,조사일 이전 기상과 상대위험의 연관성이며 인과관계나 발생확률이 아님
점무늬병,콩,강수누적_14일,조사 전 14일 누적강수,0.5477,9,자료 부족,,0,같이 증가,0.3,조사일 이전 기상과 상대위험의 연관성이며 인과관계나 발생확률이 아님
점무늬병,콩,강수누적_30일,조사 전 30일 누적강수,,6,자료 부족,,0,뚜렷한 방향 없음,,조사일 이전 기상과 상대위험의 연관성이며 인과관계나 발생확률이 아님
점무늬병,콩,풍속평균_30일,조사 전 30일 평균풍속,-0.1235,45,약함,,0,반대 방향,0.1235,조사일 이전 기상과 상대위험의 연관성이며 인과관계나 발생확률이 아님
점무늬병,콩,풍속최대_30일,조사 전 30일 최대풍속,-0.0446,45,약함,,0,뚜렷한 방향 없음,0.0446,조사일 이전 기상과 상대위험의 연관성이며 인과관계나 발생확률이 아님
점무늬병,콩,고온노출_30일,조사 전 30일 고온 노출시간,0.3087,45,참고 가능,,0,같이 증가,0.3087,조사일 이전 기상과 상대위험의 연관성이며 인과관계나 발생확률이 아님
점무늬병,콩,강풍노출_30일,조사 전 30일 강풍 노출시간,-0.0207,45,약함,,0,뚜렷한 방향 없음,0.0207,조사일 이전 기상과 상대위험의 연관성이며 인과관계나 발생확률이 아님
점박이응애,사과,기온평균_7일,조사 전 7일 평균기온,-0.0064,54,약함,-0.0064,54,뚜렷한 방향 없음,0.0064,조사일 이전 기상과 상대위험의 연관성이며 인과관계나 발생확률이 아님
점박이응애,사과,기온평균_14일,조사 전 14일 평균기온,0.0163,54,약함,0.0163,54,뚜렷한 방향 없음,0.0163,조사일 이전 기상과 상대위험의 연관성이며 인과관계나 발생확률이 아님
점박이응애,사과,기온평균_30일,조사 전 30일 평균기온,-0.0392,54,약함,-0.0392,54,뚜렷한 방향 없음,0.0392,조사일 이전 기상과 상대위험의 연관성이며 인과관계나 발생확률이 아님
점박이응애,사과,기온최고_30일,조사 전 30일 최고기온,-0.1172,54,약함,-0.1172,54,반대 방향,0.1172,조사일 이전 기상과 상대위험의 연관성이며 인과관계나 발생확률이 아님
점박이응애,사과,습도평균_7일,조사 전 7일 평균습도,-0.1417,54,약함,-0.1417,54,반대 방향,0.1417,조사일 이전 기상과 상대위험의 연관성이며 인과관계나 발생확률이 아님
점박이응애,사과,습도평균_14일,조사 전 14일 평균습도,-0.0697,54,약함,-0.0697,54,뚜렷한 방향 없음,0.0697,조사일 이전 기상과 상대위험의 연관성이며 인과관계나 발생확률이 아님
점박이응애,사과,습도평균_30일,조사 전 30일 평균습도,0.0126,54,약함,0.0126,54,뚜렷한 방향 없음,0.0126,조사일 이전 기상과 상대위험의 연관성이며 인과관계나 발생확률이 아님
점박이응애,사과,고습노출_30일,조사 전 30일 고습 노출시간,-0.0162,54,약함,-0.0162,54,뚜렷한 방향 없음,0.0162,조사일 이전 기상과 상대위험의 연관성이며 인과관계나 발생확률이 아님
점박이응애,사과,강수누적_7일,조사 전 7일 누적강수,,0,자료 부족,,0,뚜렷한 방향 없음,,조사일 이전 기상과 상대위험의 연관성이며 인과관계나 발생확률이 아님
점박이응애,사과,강수누적_14일,조사 전 14일 누적강수,,0,자료 부족,,0,뚜렷한 방향 없음,,조사일 이전 기상과 상대위험의 연관성이며 인과관계나 발생확률이 아님
점박이응애,사과,강수누적_30일,조사 전 30일 누적강수,,0,자료 부족,,0,뚜렷한 방향 없음,,조사일 이전 기상과 상대위험의 연관성이며 인과관계나 발생확률이 아님
점박이응애,사과,풍속평균_30일,조사 전 30일 평균풍속,-0.0554,54,약함,-0.0554,54,뚜렷한 방향 없음,0.0554,조사일 이전 기상과 상대위험의 연관성이며 인과관계나 발생확률이 아님
점박이응애,사과,풍속최대_30일,조사 전 30일 최대풍속,-0.0931,54,약함,-0.0931,54,뚜렷한 방향 없음,0.0931,조사일 이전 기상과 상대위험의 연관성이며 인과관계나 발생확률이 아님
점박이응애,사과,고온노출_30일,조사 전 30일 고온 노출시간,-0.0744,54,약함,-0.0744,54,뚜렷한 방향 없음,0.0744,조사일 이전 기상과 상대위험의 연관성이며 인과관계나 발생확률이 아님
점박이응애,사과,강풍노출_30일,조사 전 30일 강풍 노출시간,-0.2654,54,참고 가능,-0.2654,54,반대 방향,0.2654,조사일 이전 기상과 상대위험의 연관성이며 인과관계나 발생확률이 아님
조팝나무진딧물,사과,기온평균_7일,조사 전 7일 평균기온,-0.0271,74,약함,0.071,27,뚜렷한 방향 없음,0.0271,조사일 이전 기상과 상대위험의 연관성이며 인과관계나 발생확률이 아님
조팝나무진딧물,사과,기온평균_14일,조사 전 14일 평균기온,-0.05,74,약함,0.0246,27,뚜렷한 방향 없음,0.05,조사일 이전 기상과 상대위험의 연관성이며 인과관계나 발생확률이 아님
조팝나무진딧물,사과,기온평균_30일,조사 전 30일 평균기온,-0.0767,74,약함,-0.0348,27,뚜렷한 방향 없음,0.0767,조사일 이전 기상과 상대위험의 연관성이며 인과관계나 발생확률이 아님
조팝나무진딧물,사과,기온최고_30일,조사 전 30일 최고기온,0.0491,74,약함,0.1188,27,뚜렷한 방향 없음,0.0491,조사일 이전 기상과 상대위험의 연관성이며 인과관계나 발생확률이 아님
조팝나무진딧물,사과,습도평균_7일,조사 전 7일 평균습도,-0.1664,74,약함,-0.3861,27,반대 방향,0.1664,조사일 이전 기상과 상대위험의 연관성이며 인과관계나 발생확률이 아님
조팝나무진딧물,사과,습도평균_14일,조사 전 14일 평균습도,-0.1739,74,약함,-0.3845,27,반대 방향,0.1739,조사일 이전 기상과 상대위험의 연관성이며 인과관계나 발생확률이 아님
조팝나무진딧물,사과,습도평균_30일,조사 전 30일 평균습도,-0.2018,74,약함,-0.3493,27,반대 방향,0.2018,조사일 이전 기상과 상대위험의 연관성이며 인과관계나 발생확률이 아님
조팝나무진딧물,사과,고습노출_30일,조사 전 30일 고습 노출시간,-0.2076,74,약함,-0.3465,27,반대 방향,0.2076,조사일 이전 기상과 상대위험의 연관성이며 인과관계나 발생확률이 아님
조팝나무진딧물,사과,강수누적_7일,조사 전 7일 누적강수,,4,자료 부족,,0,뚜렷한 방향 없음,,조사일 이전 기상과 상대위험의 연관성이며 인과관계나 발생확률이 아님
조팝나무진딧물,사과,강수누적_14일,조사 전 14일 누적강수,0.1219,9,자료 부족,,0,같이 증가,0.0667,조사일 이전 기상과 상대위험의 연관성이며 인과관계나 발생확률이 아님
조팝나무진딧물,사과,강수누적_30일,조사 전 30일 누적강수,,5,자료 부족,,0,뚜렷한 방향 없음,,조사일 이전 기상과 상대위험의 연관성이며 인과관계나 발생확률이 아님
조팝나무진딧물,사과,풍속평균_30일,조사 전 30일 평균풍속,0.1307,74,약함,0.0342,27,같이 증가,0.1307,조사일 이전 기상과 상대위험의 연관성이며 인과관계나 발생확률이 아님
조팝나무진딧물,사과,풍속최대_30일,조사 전 30일 최대풍속,0.1155,74,약함,0.1045,27,같이 증가,0.1155,조사일 이전 기상과 상대위험의 연관성이며 인과관계나 발생확률이 아님
조팝나무진딧물,사과,고온노출_30일,조사 전 30일 고온 노출시간,0.0455,74,약함,0.202,27,뚜렷한 방향 없음,0.0455,조사일 이전 기상과 상대위험의 연관성이며 인과관계나 발생확률이 아님
조팝나무진딧물,사과,강풍노출_30일,조사 전 30일 강풍 노출시간,0.1532,74,약함,0.1619,27,같이 증가,0.1532,조사일 이전 기상과 상대위험의 연관성이며 인과관계나 발생확률이 아님
주경배나무이,배,기온평균_7일,조사 전 7일 평균기온,0.0753,67,약함,,0,뚜렷한 방향 없음,0.0753,조사일 이전 기상과 상대위험의 연관성이며 인과관계나 발생확률이 아님
주경배나무이,배,기온평균_14일,조사 전 14일 평균기온,0.1114,67,약함,,0,같이 증가,0.1114,조사일 이전 기상과 상대위험의 연관성이며 인과관계나 발생확률이 아님
주경배나무이,배,기온평균_30일,조사 전 30일 평균기온,0.1072,67,약함,,0,같이 증가,0.1072,조사일 이전 기상과 상대위험의 연관성이며 인과관계나 발생확률이 아님
주경배나무이,배,기온최고_30일,조사 전 30일 최고기온,0.0669,67,약함,,0,뚜렷한 방향 없음,0.0669,조사일 이전 기상과 상대위험의 연관성이며 인과관계나 발생확률이 아님
주경배나무이,배,습도평균_7일,조사 전 7일 평균습도,-0.0053,67,약함,,0,뚜렷한 방향 없음,0.0053,조사일 이전 기상과 상대위험의 연관성이며 인과관계나 발생확률이 아님
주경배나무이,배,습도평균_14일,조사 전 14일 평균습도,-0.0286,67,약함,,0,뚜렷한 방향 없음,0.0286,조사일 이전 기상과 상대위험의 연관성이며 인과관계나 발생확률이 아님
주경배나무이,배,습도평균_30일,조사 전 30일 평균습도,0.0169,67,약함,,0,뚜렷한 방향 없음,0.0169,조사일 이전 기상과 상대위험의 연관성이며 인과관계나 발생확률이 아님
주경배나무이,배,고습노출_30일,조사 전 30일 고습 노출시간,0.0043,67,약함,,0,뚜렷한 방향 없음,0.0043,조사일 이전 기상과 상대위험의 연관성이며 인과관계나 발생확률이 아님
주경배나무이,배,강수누적_7일,조사 전 7일 누적강수,,4,자료 부족,,0,뚜렷한 방향 없음,,조사일 이전 기상과 상대위험의 연관성이며 인과관계나 발생확률이 아님
주경배나무이,배,강수누적_14일,조사 전 14일 누적강수,0.1598,9,자료 부족,,0,같이 증가,0.0875,조사일 이전 기상과 상대위험의 연관성이며 인과관계나 발생확률이 아님
주경배나무이,배,강수누적_30일,조사 전 30일 누적강수,,5,자료 부족,,0,뚜렷한 방향 없음,,조사일 이전 기상과 상대위험의 연관성이며 인과관계나 발생확률이 아님
주경배나무이,배,풍속평균_30일,조사 전 30일 평균풍속,0.0047,67,약함,,0,뚜렷한 방향 없음,0.0047,조사일 이전 기상과 상대위험의 연관성이며 인과관계나 발생확률이 아님
주경배나무이,배,풍속최대_30일,조사 전 30일 최대풍속,-0.0322,67,약함,,0,뚜렷한 방향 없음,0.0322,조사일 이전 기상과 상대위험의 연관성이며 인과관계나 발생확률이 아님
주경배나무이,배,고온노출_30일,조사 전 30일 고온 노출시간,0.075,67,약함,,0,뚜렷한 방향 없음,0.075,조사일 이전 기상과 상대위험의 연관성이며 인과관계나 발생확률이 아님
주경배나무이,배,강풍노출_30일,조사 전 30일 강풍 노출시간,-0.0627,67,약함,,0,뚜렷한 방향 없음,0.0627,조사일 이전 기상과 상대위험의 연관성이며 인과관계나 발생확률이 아님
줄무늬병,보리,기온평균_7일,조사 전 7일 평균기온,,36,자료 부족,,0,뚜렷한 방향 없음,,조사일 이전 기상과 상대위험의 연관성이며 인과관계나 발생확률이 아님
줄무늬병,보리,기온평균_14일,조사 전 14일 평균기온,,36,자료 부족,,0,뚜렷한 방향 없음,,조사일 이전 기상과 상대위험의 연관성이며 인과관계나 발생확률이 아님
줄무늬병,보리,기온평균_30일,조사 전 30일 평균기온,,36,자료 부족,,0,뚜렷한 방향 없음,,조사일 이전 기상과 상대위험의 연관성이며 인과관계나 발생확률이 아님
줄무늬병,보리,기온최고_30일,조사 전 30일 최고기온,,36,자료 부족,,0,뚜렷한 방향 없음,,조사일 이전 기상과 상대위험의 연관성이며 인과관계나 발생확률이 아님
줄무늬병,보리,습도평균_7일,조사 전 7일 평균습도,,36,자료 부족,,0,뚜렷한 방향 없음,,조사일 이전 기상과 상대위험의 연관성이며 인과관계나 발생확률이 아님
줄무늬병,보리,습도평균_14일,조사 전 14일 평균습도,,36,자료 부족,,0,뚜렷한 방향 없음,,조사일 이전 기상과 상대위험의 연관성이며 인과관계나 발생확률이 아님
줄무늬병,보리,습도평균_30일,조사 전 30일 평균습도,,36,자료 부족,,0,뚜렷한 방향 없음,,조사일 이전 기상과 상대위험의 연관성이며 인과관계나 발생확률이 아님
줄무늬병,보리,고습노출_30일,조사 전 30일 고습 노출시간,,36,자료 부족,,0,뚜렷한 방향 없음,,조사일 이전 기상과 상대위험의 연관성이며 인과관계나 발생확률이 아님
줄무늬병,보리,강수누적_7일,조사 전 7일 누적강수,,0,자료 부족,,0,뚜렷한 방향 없음,,조사일 이전 기상과 상대위험의 연관성이며 인과관계나 발생확률이 아님
줄무늬병,보리,강수누적_14일,조사 전 14일 누적강수,,0,자료 부족,,0,뚜렷한 방향 없음,,조사일 이전 기상과 상대위험의 연관성이며 인과관계나 발생확률이 아님
줄무늬병,보리,강수누적_30일,조사 전 30일 누적강수,,0,자료 부족,,0,뚜렷한 방향 없음,,조사일 이전 기상과 상대위험의 연관성이며 인과관계나 발생확률이 아님
줄무늬병,보리,풍속평균_30일,조사 전 30일 평균풍속,,36,자료 부족,,0,뚜렷한 방향 없음,,조사일 이전 기상과 상대위험의 연관성이며 인과관계나 발생확률이 아님
줄무늬병,보리,풍속최대_30일,조사 전 30일 최대풍속,,36,자료 부족,,0,뚜렷한 방향 없음,,조사일 이전 기상과 상대위험의 연관성이며 인과관계나 발생확률이 아님
줄무늬병,보리,고온노출_30일,조사 전 30일 고온 노출시간,,36,자료 부족,,0,뚜렷한 방향 없음,,조사일 이전 기상과 상대위험의 연관성이며 인과관계나 발생확률이 아님
줄무늬병,보리,강풍노출_30일,조사 전 30일 강풍 노출시간,,36,자료 부족,,0,뚜렷한 방향 없음,,조사일 이전 기상과 상대위험의 연관성이며 인과관계나 발생확률이 아님
줄무늬잎마름병,논벼,기온평균_7일,조사 전 7일 평균기온,,112,자료 부족,,112,뚜렷한 방향 없음,,조사일 이전 기상과 상대위험의 연관성이며 인과관계나 발생확률이 아님
줄무늬잎마름병,논벼,기온평균_14일,조사 전 14일 평균기온,,112,자료 부족,,112,뚜렷한 방향 없음,,조사일 이전 기상과 상대위험의 연관성이며 인과관계나 발생확률이 아님
줄무늬잎마름병,논벼,기온평균_30일,조사 전 30일 평균기온,,112,자료 부족,,112,뚜렷한 방향 없음,,조사일 이전 기상과 상대위험의 연관성이며 인과관계나 발생확률이 아님
줄무늬잎마름병,논벼,기온최고_30일,조사 전 30일 최고기온,,112,자료 부족,,112,뚜렷한 방향 없음,,조사일 이전 기상과 상대위험의 연관성이며 인과관계나 발생확률이 아님
줄무늬잎마름병,논벼,습도평균_7일,조사 전 7일 평균습도,,112,자료 부족,,112,뚜렷한 방향 없음,,조사일 이전 기상과 상대위험의 연관성이며 인과관계나 발생확률이 아님
줄무늬잎마름병,논벼,습도평균_14일,조사 전 14일 평균습도,,112,자료 부족,,112,뚜렷한 방향 없음,,조사일 이전 기상과 상대위험의 연관성이며 인과관계나 발생확률이 아님
줄무늬잎마름병,논벼,습도평균_30일,조사 전 30일 평균습도,,112,자료 부족,,112,뚜렷한 방향 없음,,조사일 이전 기상과 상대위험의 연관성이며 인과관계나 발생확률이 아님
줄무늬잎마름병,논벼,고습노출_30일,조사 전 30일 고습 노출시간,,112,자료 부족,,112,뚜렷한 방향 없음,,조사일 이전 기상과 상대위험의 연관성이며 인과관계나 발생확률이 아님
줄무늬잎마름병,논벼,강수누적_7일,조사 전 7일 누적강수,,0,자료 부족,,0,뚜렷한 방향 없음,,조사일 이전 기상과 상대위험의 연관성이며 인과관계나 발생확률이 아님
줄무늬잎마름병,논벼,강수누적_14일,조사 전 14일 누적강수,,0,자료 부족,,0,뚜렷한 방향 없음,,조사일 이전 기상과 상대위험의 연관성이며 인과관계나 발생확률이 아님
줄무늬잎마름병,논벼,강수누적_30일,조사 전 30일 누적강수,,0,자료 부족,,0,뚜렷한 방향 없음,,조사일 이전 기상과 상대위험의 연관성이며 인과관계나 발생확률이 아님
줄무늬잎마름병,논벼,풍속평균_30일,조사 전 30일 평균풍속,,112,자료 부족,,112,뚜렷한 방향 없음,,조사일 이전 기상과 상대위험의 연관성이며 인과관계나 발생확률이 아님
줄무늬잎마름병,논벼,풍속최대_30일,조사 전 30일 최대풍속,,112,자료 부족,,112,뚜렷한 방향 없음,,조사일 이전 기상과 상대위험의 연관성이며 인과관계나 발생확률이 아님
줄무늬잎마름병,논벼,고온노출_30일,조사 전 30일 고온 노출시간,,112,자료 부족,,112,뚜렷한 방향 없음,,조사일 이전 기상과 상대위험의 연관성이며 인과관계나 발생확률이 아님
줄무늬잎마름병,논벼,강풍노출_30일,조사 전 30일 강풍 노출시간,,112,자료 부족,,112,뚜렷한 방향 없음,,조사일 이전 기상과 상대위험의 연관성이며 인과관계나 발생확률이 아님
진딧물류,감귤,기온평균_7일,조사 전 7일 평균기온,,7,자료 부족,,0,뚜렷한 방향 없음,,조사일 이전 기상과 상대위험의 연관성이며 인과관계나 발생확률이 아님
진딧물류,감귤,기온평균_14일,조사 전 14일 평균기온,,7,자료 부족,,0,뚜렷한 방향 없음,,조사일 이전 기상과 상대위험의 연관성이며 인과관계나 발생확률이 아님
진딧물류,감귤,기온평균_30일,조사 전 30일 평균기온,,7,자료 부족,,0,뚜렷한 방향 없음,,조사일 이전 기상과 상대위험의 연관성이며 인과관계나 발생확률이 아님
진딧물류,감귤,기온최고_30일,조사 전 30일 최고기온,,7,자료 부족,,0,뚜렷한 방향 없음,,조사일 이전 기상과 상대위험의 연관성이며 인과관계나 발생확률이 아님
진딧물류,감귤,습도평균_7일,조사 전 7일 평균습도,,7,자료 부족,,0,뚜렷한 방향 없음,,조사일 이전 기상과 상대위험의 연관성이며 인과관계나 발생확률이 아님
진딧물류,감귤,습도평균_14일,조사 전 14일 평균습도,,7,자료 부족,,0,뚜렷한 방향 없음,,조사일 이전 기상과 상대위험의 연관성이며 인과관계나 발생확률이 아님
진딧물류,감귤,습도평균_30일,조사 전 30일 평균습도,,7,자료 부족,,0,뚜렷한 방향 없음,,조사일 이전 기상과 상대위험의 연관성이며 인과관계나 발생확률이 아님
진딧물류,감귤,고습노출_30일,조사 전 30일 고습 노출시간,,7,자료 부족,,0,뚜렷한 방향 없음,,조사일 이전 기상과 상대위험의 연관성이며 인과관계나 발생확률이 아님
진딧물류,감귤,강수누적_7일,조사 전 7일 누적강수,,0,자료 부족,,0,뚜렷한 방향 없음,,조사일 이전 기상과 상대위험의 연관성이며 인과관계나 발생확률이 아님
진딧물류,감귤,강수누적_14일,조사 전 14일 누적강수,,0,자료 부족,,0,뚜렷한 방향 없음,,조사일 이전 기상과 상대위험의 연관성이며 인과관계나 발생확률이 아님
진딧물류,감귤,강수누적_30일,조사 전 30일 누적강수,,1,자료 부족,,0,뚜렷한 방향 없음,,조사일 이전 기상과 상대위험의 연관성이며 인과관계나 발생확률이 아님
진딧물류,감귤,풍속평균_30일,조사 전 30일 평균풍속,,7,자료 부족,,0,뚜렷한 방향 없음,,조사일 이전 기상과 상대위험의 연관성이며 인과관계나 발생확률이 아님
진딧물류,감귤,풍속최대_30일,조사 전 30일 최대풍속,,7,자료 부족,,0,뚜렷한 방향 없음,,조사일 이전 기상과 상대위험의 연관성이며 인과관계나 발생확률이 아님
진딧물류,감귤,고온노출_30일,조사 전 30일 고온 노출시간,,7,자료 부족,,0,뚜렷한 방향 없음,,조사일 이전 기상과 상대위험의 연관성이며 인과관계나 발생확률이 아님
진딧물류,감귤,강풍노출_30일,조사 전 30일 강풍 노출시간,,7,자료 부족,,0,뚜렷한 방향 없음,,조사일 이전 기상과 상대위험의 연관성이며 인과관계나 발생확률이 아님
진딧물류,보리,기온평균_7일,조사 전 7일 평균기온,0.2588,36,참고 가능,,0,같이 증가,0.2588,조사일 이전 기상과 상대위험의 연관성이며 인과관계나 발생확률이 아님
진딧물류,보리,기온평균_14일,조사 전 14일 평균기온,0.2787,36,참고 가능,,0,같이 증가,0.2787,조사일 이전 기상과 상대위험의 연관성이며 인과관계나 발생확률이 아님
진딧물류,보리,기온평균_30일,조사 전 30일 평균기온,0.239,36,약함,,0,같이 증가,0.239,조사일 이전 기상과 상대위험의 연관성이며 인과관계나 발생확률이 아님
진딧물류,보리,기온최고_30일,조사 전 30일 최고기온,0.2386,36,약함,,0,같이 증가,0.2386,조사일 이전 기상과 상대위험의 연관성이며 인과관계나 발생확률이 아님
진딧물류,보리,습도평균_7일,조사 전 7일 평균습도,0.0854,36,약함,,0,뚜렷한 방향 없음,0.0854,조사일 이전 기상과 상대위험의 연관성이며 인과관계나 발생확률이 아님
진딧물류,보리,습도평균_14일,조사 전 14일 평균습도,0.1576,36,약함,,0,같이 증가,0.1576,조사일 이전 기상과 상대위험의 연관성이며 인과관계나 발생확률이 아님
진딧물류,보리,습도평균_30일,조사 전 30일 평균습도,0.127,36,약함,,0,같이 증가,0.127,조사일 이전 기상과 상대위험의 연관성이며 인과관계나 발생확률이 아님
진딧물류,보리,고습노출_30일,조사 전 30일 고습 노출시간,0.044,36,약함,,0,뚜렷한 방향 없음,0.044,조사일 이전 기상과 상대위험의 연관성이며 인과관계나 발생확률이 아님
진딧물류,보리,강수누적_7일,조사 전 7일 누적강수,,0,자료 부족,,0,뚜렷한 방향 없음,,조사일 이전 기상과 상대위험의 연관성이며 인과관계나 발생확률이 아님
진딧물류,보리,강수누적_14일,조사 전 14일 누적강수,,0,자료 부족,,0,뚜렷한 방향 없음,,조사일 이전 기상과 상대위험의 연관성이며 인과관계나 발생확률이 아님
진딧물류,보리,강수누적_30일,조사 전 30일 누적강수,,0,자료 부족,,0,뚜렷한 방향 없음,,조사일 이전 기상과 상대위험의 연관성이며 인과관계나 발생확률이 아님
진딧물류,보리,풍속평균_30일,조사 전 30일 평균풍속,0.0201,36,약함,,0,뚜렷한 방향 없음,0.0201,조사일 이전 기상과 상대위험의 연관성이며 인과관계나 발생확률이 아님
진딧물류,보리,풍속최대_30일,조사 전 30일 최대풍속,-0.0854,36,약함,,0,뚜렷한 방향 없음,0.0854,조사일 이전 기상과 상대위험의 연관성이며 인과관계나 발생확률이 아님
진딧물류,보리,고온노출_30일,조사 전 30일 고온 노출시간,0.2544,36,참고 가능,,0,같이 증가,0.2544,조사일 이전 기상과 상대위험의 연관성이며 인과관계나 발생확률이 아님
진딧물류,보리,강풍노출_30일,조사 전 30일 강풍 노출시간,-0.193,36,약함,,0,반대 방향,0.193,조사일 이전 기상과 상대위험의 연관성이며 인과관계나 발생확률이 아님
콩꼬투리혹파리,콩,기온평균_7일,조사 전 7일 평균기온,,45,자료 부족,,0,뚜렷한 방향 없음,,조사일 이전 기상과 상대위험의 연관성이며 인과관계나 발생확률이 아님
콩꼬투리혹파리,콩,기온평균_14일,조사 전 14일 평균기온,,45,자료 부족,,0,뚜렷한 방향 없음,,조사일 이전 기상과 상대위험의 연관성이며 인과관계나 발생확률이 아님
콩꼬투리혹파리,콩,기온평균_30일,조사 전 30일 평균기온,,45,자료 부족,,0,뚜렷한 방향 없음,,조사일 이전 기상과 상대위험의 연관성이며 인과관계나 발생확률이 아님
콩꼬투리혹파리,콩,기온최고_30일,조사 전 30일 최고기온,,45,자료 부족,,0,뚜렷한 방향 없음,,조사일 이전 기상과 상대위험의 연관성이며 인과관계나 발생확률이 아님
콩꼬투리혹파리,콩,습도평균_7일,조사 전 7일 평균습도,,45,자료 부족,,0,뚜렷한 방향 없음,,조사일 이전 기상과 상대위험의 연관성이며 인과관계나 발생확률이 아님
콩꼬투리혹파리,콩,습도평균_14일,조사 전 14일 평균습도,,45,자료 부족,,0,뚜렷한 방향 없음,,조사일 이전 기상과 상대위험의 연관성이며 인과관계나 발생확률이 아님
콩꼬투리혹파리,콩,습도평균_30일,조사 전 30일 평균습도,,45,자료 부족,,0,뚜렷한 방향 없음,,조사일 이전 기상과 상대위험의 연관성이며 인과관계나 발생확률이 아님
콩꼬투리혹파리,콩,고습노출_30일,조사 전 30일 고습 노출시간,,45,자료 부족,,0,뚜렷한 방향 없음,,조사일 이전 기상과 상대위험의 연관성이며 인과관계나 발생확률이 아님
콩꼬투리혹파리,콩,강수누적_7일,조사 전 7일 누적강수,,4,자료 부족,,0,뚜렷한 방향 없음,,조사일 이전 기상과 상대위험의 연관성이며 인과관계나 발생확률이 아님
콩꼬투리혹파리,콩,강수누적_14일,조사 전 14일 누적강수,,9,자료 부족,,0,뚜렷한 방향 없음,,조사일 이전 기상과 상대위험의 연관성이며 인과관계나 발생확률이 아님
콩꼬투리혹파리,콩,강수누적_30일,조사 전 30일 누적강수,,6,자료 부족,,0,뚜렷한 방향 없음,,조사일 이전 기상과 상대위험의 연관성이며 인과관계나 발생확률이 아님
콩꼬투리혹파리,콩,풍속평균_30일,조사 전 30일 평균풍속,,45,자료 부족,,0,뚜렷한 방향 없음,,조사일 이전 기상과 상대위험의 연관성이며 인과관계나 발생확률이 아님
콩꼬투리혹파리,콩,풍속최대_30일,조사 전 30일 최대풍속,,45,자료 부족,,0,뚜렷한 방향 없음,,조사일 이전 기상과 상대위험의 연관성이며 인과관계나 발생확률이 아님
콩꼬투리혹파리,콩,고온노출_30일,조사 전 30일 고온 노출시간,,45,자료 부족,,0,뚜렷한 방향 없음,,조사일 이전 기상과 상대위험의 연관성이며 인과관계나 발생확률이 아님
콩꼬투리혹파리,콩,강풍노출_30일,조사 전 30일 강풍 노출시간,,45,자료 부족,,0,뚜렷한 방향 없음,,조사일 이전 기상과 상대위험의 연관성이며 인과관계나 발생확률이 아님
키다리병,논벼,기온평균_7일,조사 전 7일 평균기온,0.2755,332,참고 가능,,0,같이 증가,0.2755,조사일 이전 기상과 상대위험의 연관성이며 인과관계나 발생확률이 아님
키다리병,논벼,기온평균_14일,조사 전 14일 평균기온,0.1601,332,약함,,0,같이 증가,0.1601,조사일 이전 기상과 상대위험의 연관성이며 인과관계나 발생확률이 아님
키다리병,논벼,기온평균_30일,조사 전 30일 평균기온,0.1481,332,약함,,0,같이 증가,0.1481,조사일 이전 기상과 상대위험의 연관성이며 인과관계나 발생확률이 아님
키다리병,논벼,기온최고_30일,조사 전 30일 최고기온,0.1389,332,약함,,0,같이 증가,0.1389,조사일 이전 기상과 상대위험의 연관성이며 인과관계나 발생확률이 아님
키다리병,논벼,습도평균_7일,조사 전 7일 평균습도,0.3726,332,참고 가능,,0,같이 증가,0.3726,조사일 이전 기상과 상대위험의 연관성이며 인과관계나 발생확률이 아님
키다리병,논벼,습도평균_14일,조사 전 14일 평균습도,0.4365,332,참고 가능,,0,같이 증가,0.4365,조사일 이전 기상과 상대위험의 연관성이며 인과관계나 발생확률이 아님
키다리병,논벼,습도평균_30일,조사 전 30일 평균습도,0.3836,332,참고 가능,,0,같이 증가,0.3836,조사일 이전 기상과 상대위험의 연관성이며 인과관계나 발생확률이 아님
키다리병,논벼,고습노출_30일,조사 전 30일 고습 노출시간,0.3855,332,참고 가능,,0,같이 증가,0.3855,조사일 이전 기상과 상대위험의 연관성이며 인과관계나 발생확률이 아님
키다리병,논벼,강수누적_7일,조사 전 7일 누적강수,-0.0145,28,약함,,0,뚜렷한 방향 없음,0.014,조사일 이전 기상과 상대위험의 연관성이며 인과관계나 발생확률이 아님
키다리병,논벼,강수누적_14일,조사 전 14일 누적강수,-0.4852,40,비교적 뚜렷,,0,반대 방향,0.4852,조사일 이전 기상과 상대위험의 연관성이며 인과관계나 발생확률이 아님
키다리병,논벼,강수누적_30일,조사 전 30일 누적강수,0.1769,24,약함,,0,같이 증가,0.1583,조사일 이전 기상과 상대위험의 연관성이며 인과관계나 발생확률이 아님
키다리병,논벼,풍속평균_30일,조사 전 30일 평균풍속,0.0701,332,약함,,0,뚜렷한 방향 없음,0.0701,조사일 이전 기상과 상대위험의 연관성이며 인과관계나 발생확률이 아님
키다리병,논벼,풍속최대_30일,조사 전 30일 최대풍속,0.3947,332,참고 가능,,0,같이 증가,0.3947,조사일 이전 기상과 상대위험의 연관성이며 인과관계나 발생확률이 아님
키다리병,논벼,고온노출_30일,조사 전 30일 고온 노출시간,0.1,332,약함,,0,같이 증가,0.1,조사일 이전 기상과 상대위험의 연관성이며 인과관계나 발생확률이 아님
키다리병,논벼,강풍노출_30일,조사 전 30일 강풍 노출시간,0.4125,332,참고 가능,,0,같이 증가,0.4125,조사일 이전 기상과 상대위험의 연관성이며 인과관계나 발생확률이 아님
탄저병,감,기온평균_7일,조사 전 7일 평균기온,0.479,27,참고 가능,,0,같이 증가,0.4544,조사일 이전 기상과 상대위험의 연관성이며 인과관계나 발생확률이 아님
탄저병,감,기온평균_14일,조사 전 14일 평균기온,0.5701,27,참고 가능,,0,같이 증가,0.5408,조사일 이전 기상과 상대위험의 연관성이며 인과관계나 발생확률이 아님
탄저병,감,기온평균_30일,조사 전 30일 평균기온,0.5665,27,참고 가능,,0,같이 증가,0.5374,조사일 이전 기상과 상대위험의 연관성이며 인과관계나 발생확률이 아님
탄저병,감,기온최고_30일,조사 전 30일 최고기온,0.5896,27,참고 가능,,0,같이 증가,0.5594,조사일 이전 기상과 상대위험의 연관성이며 인과관계나 발생확률이 아님
탄저병,감,습도평균_7일,조사 전 7일 평균습도,0.2508,27,참고 가능,,0,같이 증가,0.2379,조사일 이전 기상과 상대위험의 연관성이며 인과관계나 발생확률이 아님
탄저병,감,습도평균_14일,조사 전 14일 평균습도,0.3728,27,참고 가능,,0,같이 증가,0.3537,조사일 이전 기상과 상대위험의 연관성이며 인과관계나 발생확률이 아님
탄저병,감,습도평균_30일,조사 전 30일 평균습도,0.5312,27,참고 가능,,0,같이 증가,0.504,조사일 이전 기상과 상대위험의 연관성이며 인과관계나 발생확률이 아님
탄저병,감,고습노출_30일,조사 전 30일 고습 노출시간,0.5312,27,참고 가능,,0,같이 증가,0.504,조사일 이전 기상과 상대위험의 연관성이며 인과관계나 발생확률이 아님
탄저병,감,강수누적_7일,조사 전 7일 누적강수,,2,자료 부족,,0,뚜렷한 방향 없음,,조사일 이전 기상과 상대위험의 연관성이며 인과관계나 발생확률이 아님
탄저병,감,강수누적_14일,조사 전 14일 누적강수,,4,자료 부족,,0,뚜렷한 방향 없음,,조사일 이전 기상과 상대위험의 연관성이며 인과관계나 발생확률이 아님
탄저병,감,강수누적_30일,조사 전 30일 누적강수,,2,자료 부족,,0,뚜렷한 방향 없음,,조사일 이전 기상과 상대위험의 연관성이며 인과관계나 발생확률이 아님
탄저병,감,풍속평균_30일,조사 전 30일 평균풍속,-0.3142,27,참고 가능,,0,반대 방향,0.298,조사일 이전 기상과 상대위험의 연관성이며 인과관계나 발생확률이 아님
탄저병,감,풍속최대_30일,조사 전 30일 최대풍속,0.1018,27,약함,,0,같이 증가,0.0965,조사일 이전 기상과 상대위험의 연관성이며 인과관계나 발생확률이 아님
탄저병,감,고온노출_30일,조사 전 30일 고온 노출시간,0.6098,27,참고 가능,,0,같이 증가,0.5785,조사일 이전 기상과 상대위험의 연관성이며 인과관계나 발생확률이 아님
탄저병,감,강풍노출_30일,조사 전 30일 강풍 노출시간,-0.1754,27,약함,,0,반대 방향,0.1664,조사일 이전 기상과 상대위험의 연관성이며 인과관계나 발생확률이 아님
탄저병,고추,기온평균_7일,조사 전 7일 평균기온,0.154,26,약함,0.154,26,같이 증가,0.1433,조사일 이전 기상과 상대위험의 연관성이며 인과관계나 발생확률이 아님
탄저병,고추,기온평균_14일,조사 전 14일 평균기온,0.1636,25,약함,0.1636,25,같이 증가,0.1493,조사일 이전 기상과 상대위험의 연관성이며 인과관계나 발생확률이 아님
탄저병,고추,기온평균_30일,조사 전 30일 평균기온,0.184,25,약함,0.184,25,같이 증가,0.168,조사일 이전 기상과 상대위험의 연관성이며 인과관계나 발생확률이 아님
탄저병,고추,기온최고_30일,조사 전 30일 최고기온,0.0614,25,약함,0.0614,25,뚜렷한 방향 없음,0.056,조사일 이전 기상과 상대위험의 연관성이며 인과관계나 발생확률이 아님
탄저병,고추,습도평균_7일,조사 전 7일 평균습도,0.0385,26,약함,0.0385,26,뚜렷한 방향 없음,0.0358,조사일 이전 기상과 상대위험의 연관성이며 인과관계나 발생확률이 아님
탄저병,고추,습도평균_14일,조사 전 14일 평균습도,0.1431,25,약함,0.1431,25,같이 증가,0.1307,조사일 이전 기상과 상대위험의 연관성이며 인과관계나 발생확률이 아님
탄저병,고추,습도평균_30일,조사 전 30일 평균습도,0.2045,25,약함,0.2045,25,같이 증가,0.1867,조사일 이전 기상과 상대위험의 연관성이며 인과관계나 발생확률이 아님
탄저병,고추,고습노출_30일,조사 전 30일 고습 노출시간,0.2045,25,약함,0.2045,25,같이 증가,0.1867,조사일 이전 기상과 상대위험의 연관성이며 인과관계나 발생확률이 아님
탄저병,고추,강수누적_7일,조사 전 7일 누적강수,,0,자료 부족,,0,뚜렷한 방향 없음,,조사일 이전 기상과 상대위험의 연관성이며 인과관계나 발생확률이 아님
탄저병,고추,강수누적_14일,조사 전 14일 누적강수,,0,자료 부족,,0,뚜렷한 방향 없음,,조사일 이전 기상과 상대위험의 연관성이며 인과관계나 발생확률이 아님
탄저병,고추,강수누적_30일,조사 전 30일 누적강수,,0,자료 부족,,0,뚜렷한 방향 없음,,조사일 이전 기상과 상대위험의 연관성이며 인과관계나 발생확률이 아님
탄저병,고추,풍속평균_30일,조사 전 30일 평균풍속,-0.0613,25,약함,-0.0613,25,뚜렷한 방향 없음,0.056,조사일 이전 기상과 상대위험의 연관성이며 인과관계나 발생확률이 아님
탄저병,고추,풍속최대_30일,조사 전 30일 최대풍속,-0.2049,25,약함,-0.2049,25,반대 방향,0.1871,조사일 이전 기상과 상대위험의 연관성이며 인과관계나 발생확률이 아님
탄저병,고추,고온노출_30일,조사 전 30일 고온 노출시간,0.0818,25,약함,0.0818,25,뚜렷한 방향 없음,0.0747,조사일 이전 기상과 상대위험의 연관성이며 인과관계나 발생확률이 아님
탄저병,고추,강풍노출_30일,조사 전 30일 강풍 노출시간,-0.2668,25,참고 가능,-0.2668,25,반대 방향,0.2436,조사일 이전 기상과 상대위험의 연관성이며 인과관계나 발생확률이 아님
탄저병,복숭아,기온평균_7일,조사 전 7일 평균기온,0.5443,62,비교적 뚜렷,,0,같이 증가,0.5443,조사일 이전 기상과 상대위험의 연관성이며 인과관계나 발생확률이 아님
탄저병,복숭아,기온평균_14일,조사 전 14일 평균기온,0.5703,62,비교적 뚜렷,,0,같이 증가,0.5703,조사일 이전 기상과 상대위험의 연관성이며 인과관계나 발생확률이 아님
탄저병,복숭아,기온평균_30일,조사 전 30일 평균기온,0.5455,62,비교적 뚜렷,,0,같이 증가,0.5455,조사일 이전 기상과 상대위험의 연관성이며 인과관계나 발생확률이 아님
탄저병,복숭아,기온최고_30일,조사 전 30일 최고기온,0.5224,62,비교적 뚜렷,,0,같이 증가,0.5224,조사일 이전 기상과 상대위험의 연관성이며 인과관계나 발생확률이 아님
탄저병,복숭아,습도평균_7일,조사 전 7일 평균습도,0.5371,62,비교적 뚜렷,,0,같이 증가,0.5371,조사일 이전 기상과 상대위험의 연관성이며 인과관계나 발생확률이 아님
탄저병,복숭아,습도평균_14일,조사 전 14일 평균습도,0.5735,62,비교적 뚜렷,,0,같이 증가,0.5735,조사일 이전 기상과 상대위험의 연관성이며 인과관계나 발생확률이 아님
탄저병,복숭아,습도평균_30일,조사 전 30일 평균습도,0.5908,62,비교적 뚜렷,,0,같이 증가,0.5908,조사일 이전 기상과 상대위험의 연관성이며 인과관계나 발생확률이 아님
탄저병,복숭아,고습노출_30일,조사 전 30일 고습 노출시간,0.5801,62,비교적 뚜렷,,0,같이 증가,0.5801,조사일 이전 기상과 상대위험의 연관성이며 인과관계나 발생확률이 아님
탄저병,복숭아,강수누적_7일,조사 전 7일 누적강수,,4,자료 부족,,0,뚜렷한 방향 없음,,조사일 이전 기상과 상대위험의 연관성이며 인과관계나 발생확률이 아님
탄저병,복숭아,강수누적_14일,조사 전 14일 누적강수,0.3221,9,자료 부족,,0,같이 증가,0.1764,조사일 이전 기상과 상대위험의 연관성이며 인과관계나 발생확률이 아님
탄저병,복숭아,강수누적_30일,조사 전 30일 누적강수,,5,자료 부족,,0,뚜렷한 방향 없음,,조사일 이전 기상과 상대위험의 연관성이며 인과관계나 발생확률이 아님
탄저병,복숭아,풍속평균_30일,조사 전 30일 평균풍속,0.0318,62,약함,,0,뚜렷한 방향 없음,0.0318,조사일 이전 기상과 상대위험의 연관성이며 인과관계나 발생확률이 아님
탄저병,복숭아,풍속최대_30일,조사 전 30일 최대풍속,0.2158,62,약함,,0,같이 증가,0.2158,조사일 이전 기상과 상대위험의 연관성이며 인과관계나 발생확률이 아님
탄저병,복숭아,고온노출_30일,조사 전 30일 고온 노출시간,0.5034,62,비교적 뚜렷,,0,같이 증가,0.5034,조사일 이전 기상과 상대위험의 연관성이며 인과관계나 발생확률이 아님
탄저병,복숭아,강풍노출_30일,조사 전 30일 강풍 노출시간,0.1946,62,약함,,0,같이 증가,0.1946,조사일 이전 기상과 상대위험의 연관성이며 인과관계나 발생확률이 아님
탄저병,사과,기온평균_7일,조사 전 7일 평균기온,0.3172,74,참고 가능,,27,같이 증가,0.3172,조사일 이전 기상과 상대위험의 연관성이며 인과관계나 발생확률이 아님
탄저병,사과,기온평균_14일,조사 전 14일 평균기온,0.3051,74,참고 가능,,27,같이 증가,0.3051,조사일 이전 기상과 상대위험의 연관성이며 인과관계나 발생확률이 아님
탄저병,사과,기온평균_30일,조사 전 30일 평균기온,0.2908,74,참고 가능,,27,같이 증가,0.2908,조사일 이전 기상과 상대위험의 연관성이며 인과관계나 발생확률이 아님
탄저병,사과,기온최고_30일,조사 전 30일 최고기온,0.1931,74,약함,,27,같이 증가,0.1931,조사일 이전 기상과 상대위험의 연관성이며 인과관계나 발생확률이 아님
탄저병,사과,습도평균_7일,조사 전 7일 평균습도,0.3734,74,참고 가능,,27,같이 증가,0.3734,조사일 이전 기상과 상대위험의 연관성이며 인과관계나 발생확률이 아님
탄저병,사과,습도평균_14일,조사 전 14일 평균습도,0.3636,74,참고 가능,,27,같이 증가,0.3636,조사일 이전 기상과 상대위험의 연관성이며 인과관계나 발생확률이 아님
탄저병,사과,습도평균_30일,조사 전 30일 평균습도,0.3597,74,참고 가능,,27,같이 증가,0.3597,조사일 이전 기상과 상대위험의 연관성이며 인과관계나 발생확률이 아님
탄저병,사과,고습노출_30일,조사 전 30일 고습 노출시간,0.3693,74,참고 가능,,27,같이 증가,0.3693,조사일 이전 기상과 상대위험의 연관성이며 인과관계나 발생확률이 아님
탄저병,사과,강수누적_7일,조사 전 7일 누적강수,,4,자료 부족,,0,뚜렷한 방향 없음,,조사일 이전 기상과 상대위험의 연관성이며 인과관계나 발생확률이 아님
탄저병,사과,강수누적_14일,조사 전 14일 누적강수,,9,자료 부족,,0,뚜렷한 방향 없음,,조사일 이전 기상과 상대위험의 연관성이며 인과관계나 발생확률이 아님
탄저병,사과,강수누적_30일,조사 전 30일 누적강수,,5,자료 부족,,0,뚜렷한 방향 없음,,조사일 이전 기상과 상대위험의 연관성이며 인과관계나 발생확률이 아님
탄저병,사과,풍속평균_30일,조사 전 30일 평균풍속,0.0265,74,약함,,27,뚜렷한 방향 없음,0.0265,조사일 이전 기상과 상대위험의 연관성이며 인과관계나 발생확률이 아님
탄저병,사과,풍속최대_30일,조사 전 30일 최대풍속,-0.0302,74,약함,,27,뚜렷한 방향 없음,0.0302,조사일 이전 기상과 상대위험의 연관성이며 인과관계나 발생확률이 아님
탄저병,사과,고온노출_30일,조사 전 30일 고온 노출시간,0.2904,74,참고 가능,,27,같이 증가,0.2904,조사일 이전 기상과 상대위험의 연관성이며 인과관계나 발생확률이 아님
탄저병,사과,강풍노출_30일,조사 전 30일 강풍 노출시간,0.058,74,약함,,27,뚜렷한 방향 없음,0.058,조사일 이전 기상과 상대위험의 연관성이며 인과관계나 발생확률이 아님
탄저병,콩,기온평균_7일,조사 전 7일 평균기온,,45,자료 부족,,0,뚜렷한 방향 없음,,조사일 이전 기상과 상대위험의 연관성이며 인과관계나 발생확률이 아님
탄저병,콩,기온평균_14일,조사 전 14일 평균기온,,45,자료 부족,,0,뚜렷한 방향 없음,,조사일 이전 기상과 상대위험의 연관성이며 인과관계나 발생확률이 아님
탄저병,콩,기온평균_30일,조사 전 30일 평균기온,,45,자료 부족,,0,뚜렷한 방향 없음,,조사일 이전 기상과 상대위험의 연관성이며 인과관계나 발생확률이 아님
탄저병,콩,기온최고_30일,조사 전 30일 최고기온,,45,자료 부족,,0,뚜렷한 방향 없음,,조사일 이전 기상과 상대위험의 연관성이며 인과관계나 발생확률이 아님
탄저병,콩,습도평균_7일,조사 전 7일 평균습도,,45,자료 부족,,0,뚜렷한 방향 없음,,조사일 이전 기상과 상대위험의 연관성이며 인과관계나 발생확률이 아님
탄저병,콩,습도평균_14일,조사 전 14일 평균습도,,45,자료 부족,,0,뚜렷한 방향 없음,,조사일 이전 기상과 상대위험의 연관성이며 인과관계나 발생확률이 아님
탄저병,콩,습도평균_30일,조사 전 30일 평균습도,,45,자료 부족,,0,뚜렷한 방향 없음,,조사일 이전 기상과 상대위험의 연관성이며 인과관계나 발생확률이 아님
탄저병,콩,고습노출_30일,조사 전 30일 고습 노출시간,,45,자료 부족,,0,뚜렷한 방향 없음,,조사일 이전 기상과 상대위험의 연관성이며 인과관계나 발생확률이 아님
탄저병,콩,강수누적_7일,조사 전 7일 누적강수,,4,자료 부족,,0,뚜렷한 방향 없음,,조사일 이전 기상과 상대위험의 연관성이며 인과관계나 발생확률이 아님
탄저병,콩,강수누적_14일,조사 전 14일 누적강수,,9,자료 부족,,0,뚜렷한 방향 없음,,조사일 이전 기상과 상대위험의 연관성이며 인과관계나 발생확률이 아님
탄저병,콩,강수누적_30일,조사 전 30일 누적강수,,6,자료 부족,,0,뚜렷한 방향 없음,,조사일 이전 기상과 상대위험의 연관성이며 인과관계나 발생확률이 아님
탄저병,콩,풍속평균_30일,조사 전 30일 평균풍속,,45,자료 부족,,0,뚜렷한 방향 없음,,조사일 이전 기상과 상대위험의 연관성이며 인과관계나 발생확률이 아님
탄저병,콩,풍속최대_30일,조사 전 30일 최대풍속,,45,자료 부족,,0,뚜렷한 방향 없음,,조사일 이전 기상과 상대위험의 연관성이며 인과관계나 발생확률이 아님
탄저병,콩,고온노출_30일,조사 전 30일 고온 노출시간,,45,자료 부족,,0,뚜렷한 방향 없음,,조사일 이전 기상과 상대위험의 연관성이며 인과관계나 발생확률이 아님
탄저병,콩,강풍노출_30일,조사 전 30일 강풍 노출시간,,45,자료 부족,,0,뚜렷한 방향 없음,,조사일 이전 기상과 상대위험의 연관성이며 인과관계나 발생확률이 아님
톱다리개미허리노린재,콩,기온평균_7일,조사 전 7일 평균기온,0.4501,45,비교적 뚜렷,,0,같이 증가,0.4501,조사일 이전 기상과 상대위험의 연관성이며 인과관계나 발생확률이 아님
톱다리개미허리노린재,콩,기온평균_14일,조사 전 14일 평균기온,0.4444,45,참고 가능,,0,같이 증가,0.4444,조사일 이전 기상과 상대위험의 연관성이며 인과관계나 발생확률이 아님
톱다리개미허리노린재,콩,기온평균_30일,조사 전 30일 평균기온,0.4146,45,참고 가능,,0,같이 증가,0.4146,조사일 이전 기상과 상대위험의 연관성이며 인과관계나 발생확률이 아님
톱다리개미허리노린재,콩,기온최고_30일,조사 전 30일 최고기온,0.2664,45,참고 가능,,0,같이 증가,0.2664,조사일 이전 기상과 상대위험의 연관성이며 인과관계나 발생확률이 아님
톱다리개미허리노린재,콩,습도평균_7일,조사 전 7일 평균습도,0.2807,45,참고 가능,,0,같이 증가,0.2807,조사일 이전 기상과 상대위험의 연관성이며 인과관계나 발생확률이 아님
톱다리개미허리노린재,콩,습도평균_14일,조사 전 14일 평균습도,0.3332,45,참고 가능,,0,같이 증가,0.3332,조사일 이전 기상과 상대위험의 연관성이며 인과관계나 발생확률이 아님
톱다리개미허리노린재,콩,습도평균_30일,조사 전 30일 평균습도,0.4001,45,참고 가능,,0,같이 증가,0.4001,조사일 이전 기상과 상대위험의 연관성이며 인과관계나 발생확률이 아님
톱다리개미허리노린재,콩,고습노출_30일,조사 전 30일 고습 노출시간,0.4082,45,참고 가능,,0,같이 증가,0.4082,조사일 이전 기상과 상대위험의 연관성이며 인과관계나 발생확률이 아님
톱다리개미허리노린재,콩,강수누적_7일,조사 전 7일 누적강수,,4,자료 부족,,0,뚜렷한 방향 없음,,조사일 이전 기상과 상대위험의 연관성이며 인과관계나 발생확률이 아님
톱다리개미허리노린재,콩,강수누적_14일,조사 전 14일 누적강수,-0.1369,9,자료 부족,,0,반대 방향,0.075,조사일 이전 기상과 상대위험의 연관성이며 인과관계나 발생확률이 아님
톱다리개미허리노린재,콩,강수누적_30일,조사 전 30일 누적강수,,6,자료 부족,,0,뚜렷한 방향 없음,,조사일 이전 기상과 상대위험의 연관성이며 인과관계나 발생확률이 아님
톱다리개미허리노린재,콩,풍속평균_30일,조사 전 30일 평균풍속,0.2968,45,참고 가능,,0,같이 증가,0.2968,조사일 이전 기상과 상대위험의 연관성이며 인과관계나 발생확률이 아님
톱다리개미허리노린재,콩,풍속최대_30일,조사 전 30일 최대풍속,0.344,45,참고 가능,,0,같이 증가,0.344,조사일 이전 기상과 상대위험의 연관성이며 인과관계나 발생확률이 아님
톱다리개미허리노린재,콩,고온노출_30일,조사 전 30일 고온 노출시간,0.4151,45,참고 가능,,0,같이 증가,0.4151,조사일 이전 기상과 상대위험의 연관성이며 인과관계나 발생확률이 아님
톱다리개미허리노린재,콩,강풍노출_30일,조사 전 30일 강풍 노출시간,0.4124,45,참고 가능,,0,같이 증가,0.4124,조사일 이전 기상과 상대위험의 연관성이며 인과관계나 발생확률이 아님
파밤나방,콩,기온평균_7일,조사 전 7일 평균기온,0.3675,90,참고 가능,,0,같이 증가,0.3675,조사일 이전 기상과 상대위험의 연관성이며 인과관계나 발생확률이 아님
파밤나방,콩,기온평균_14일,조사 전 14일 평균기온,0.3847,90,참고 가능,,0,같이 증가,0.3847,조사일 이전 기상과 상대위험의 연관성이며 인과관계나 발생확률이 아님
파밤나방,콩,기온평균_30일,조사 전 30일 평균기온,0.3625,90,참고 가능,,0,같이 증가,0.3625,조사일 이전 기상과 상대위험의 연관성이며 인과관계나 발생확률이 아님
파밤나방,콩,기온최고_30일,조사 전 30일 최고기온,0.2382,90,약함,,0,같이 증가,0.2382,조사일 이전 기상과 상대위험의 연관성이며 인과관계나 발생확률이 아님
파밤나방,콩,습도평균_7일,조사 전 7일 평균습도,0.2333,90,약함,,0,같이 증가,0.2333,조사일 이전 기상과 상대위험의 연관성이며 인과관계나 발생확률이 아님
파밤나방,콩,습도평균_14일,조사 전 14일 평균습도,0.2814,90,참고 가능,,0,같이 증가,0.2814,조사일 이전 기상과 상대위험의 연관성이며 인과관계나 발생확률이 아님
파밤나방,콩,습도평균_30일,조사 전 30일 평균습도,0.337,90,참고 가능,,0,같이 증가,0.337,조사일 이전 기상과 상대위험의 연관성이며 인과관계나 발생확률이 아님
파밤나방,콩,고습노출_30일,조사 전 30일 고습 노출시간,0.3289,90,참고 가능,,0,같이 증가,0.3289,조사일 이전 기상과 상대위험의 연관성이며 인과관계나 발생확률이 아님
파밤나방,콩,강수누적_7일,조사 전 7일 누적강수,0.0,8,자료 부족,,0,뚜렷한 방향 없음,0.0,조사일 이전 기상과 상대위험의 연관성이며 인과관계나 발생확률이 아님
파밤나방,콩,강수누적_14일,조사 전 14일 누적강수,0.083,18,약함,,0,뚜렷한 방향 없음,0.0643,조사일 이전 기상과 상대위험의 연관성이며 인과관계나 발생확률이 아님
파밤나방,콩,강수누적_30일,조사 전 30일 누적강수,-0.3912,12,약함,,0,반대 방향,0.2474,조사일 이전 기상과 상대위험의 연관성이며 인과관계나 발생확률이 아님
파밤나방,콩,풍속평균_30일,조사 전 30일 평균풍속,0.2612,90,참고 가능,,0,같이 증가,0.2612,조사일 이전 기상과 상대위험의 연관성이며 인과관계나 발생확률이 아님
파밤나방,콩,풍속최대_30일,조사 전 30일 최대풍속,0.351,90,참고 가능,,0,같이 증가,0.351,조사일 이전 기상과 상대위험의 연관성이며 인과관계나 발생확률이 아님
파밤나방,콩,고온노출_30일,조사 전 30일 고온 노출시간,0.3762,90,참고 가능,,0,같이 증가,0.3762,조사일 이전 기상과 상대위험의 연관성이며 인과관계나 발생확률이 아님
파밤나방,콩,강풍노출_30일,조사 전 30일 강풍 노출시간,0.3767,90,참고 가능,,0,같이 증가,0.3767,조사일 이전 기상과 상대위험의 연관성이며 인과관계나 발생확률이 아님
한지형마늘-고자리파리,마늘,기온평균_7일,조사 전 7일 평균기온,,73,자료 부족,,48,뚜렷한 방향 없음,,조사일 이전 기상과 상대위험의 연관성이며 인과관계나 발생확률이 아님
한지형마늘-고자리파리,마늘,기온평균_14일,조사 전 14일 평균기온,,73,자료 부족,,48,뚜렷한 방향 없음,,조사일 이전 기상과 상대위험의 연관성이며 인과관계나 발생확률이 아님
한지형마늘-고자리파리,마늘,기온평균_30일,조사 전 30일 평균기온,,73,자료 부족,,48,뚜렷한 방향 없음,,조사일 이전 기상과 상대위험의 연관성이며 인과관계나 발생확률이 아님
한지형마늘-고자리파리,마늘,기온최고_30일,조사 전 30일 최고기온,,73,자료 부족,,48,뚜렷한 방향 없음,,조사일 이전 기상과 상대위험의 연관성이며 인과관계나 발생확률이 아님
한지형마늘-고자리파리,마늘,습도평균_7일,조사 전 7일 평균습도,,73,자료 부족,,48,뚜렷한 방향 없음,,조사일 이전 기상과 상대위험의 연관성이며 인과관계나 발생확률이 아님
한지형마늘-고자리파리,마늘,습도평균_14일,조사 전 14일 평균습도,,73,자료 부족,,48,뚜렷한 방향 없음,,조사일 이전 기상과 상대위험의 연관성이며 인과관계나 발생확률이 아님
한지형마늘-고자리파리,마늘,습도평균_30일,조사 전 30일 평균습도,,73,자료 부족,,48,뚜렷한 방향 없음,,조사일 이전 기상과 상대위험의 연관성이며 인과관계나 발생확률이 아님
한지형마늘-고자리파리,마늘,고습노출_30일,조사 전 30일 고습 노출시간,,73,자료 부족,,48,뚜렷한 방향 없음,,조사일 이전 기상과 상대위험의 연관성이며 인과관계나 발생확률이 아님
한지형마늘-고자리파리,마늘,강수누적_7일,조사 전 7일 누적강수,,0,자료 부족,,0,뚜렷한 방향 없음,,조사일 이전 기상과 상대위험의 연관성이며 인과관계나 발생확률이 아님
한지형마늘-고자리파리,마늘,강수누적_14일,조사 전 14일 누적강수,,0,자료 부족,,0,뚜렷한 방향 없음,,조사일 이전 기상과 상대위험의 연관성이며 인과관계나 발생확률이 아님
한지형마늘-고자리파리,마늘,강수누적_30일,조사 전 30일 누적강수,,0,자료 부족,,0,뚜렷한 방향 없음,,조사일 이전 기상과 상대위험의 연관성이며 인과관계나 발생확률이 아님
한지형마늘-고자리파리,마늘,풍속평균_30일,조사 전 30일 평균풍속,,73,자료 부족,,48,뚜렷한 방향 없음,,조사일 이전 기상과 상대위험의 연관성이며 인과관계나 발생확률이 아님
한지형마늘-고자리파리,마늘,풍속최대_30일,조사 전 30일 최대풍속,,73,자료 부족,,48,뚜렷한 방향 없음,,조사일 이전 기상과 상대위험의 연관성이며 인과관계나 발생확률이 아님
한지형마늘-고자리파리,마늘,고온노출_30일,조사 전 30일 고온 노출시간,,73,자료 부족,,48,뚜렷한 방향 없음,,조사일 이전 기상과 상대위험의 연관성이며 인과관계나 발생확률이 아님
한지형마늘-고자리파리,마늘,강풍노출_30일,조사 전 30일 강풍 노출시간,,73,자료 부족,,48,뚜렷한 방향 없음,,조사일 이전 기상과 상대위험의 연관성이며 인과관계나 발생확률이 아님
한지형마늘-녹병,마늘,기온평균_7일,조사 전 7일 평균기온,,25,자료 부족,,0,뚜렷한 방향 없음,,조사일 이전 기상과 상대위험의 연관성이며 인과관계나 발생확률이 아님
한지형마늘-녹병,마늘,기온평균_14일,조사 전 14일 평균기온,,25,자료 부족,,0,뚜렷한 방향 없음,,조사일 이전 기상과 상대위험의 연관성이며 인과관계나 발생확률이 아님
한지형마늘-녹병,마늘,기온평균_30일,조사 전 30일 평균기온,,25,자료 부족,,0,뚜렷한 방향 없음,,조사일 이전 기상과 상대위험의 연관성이며 인과관계나 발생확률이 아님
한지형마늘-녹병,마늘,기온최고_30일,조사 전 30일 최고기온,,25,자료 부족,,0,뚜렷한 방향 없음,,조사일 이전 기상과 상대위험의 연관성이며 인과관계나 발생확률이 아님
한지형마늘-녹병,마늘,습도평균_7일,조사 전 7일 평균습도,,25,자료 부족,,0,뚜렷한 방향 없음,,조사일 이전 기상과 상대위험의 연관성이며 인과관계나 발생확률이 아님
한지형마늘-녹병,마늘,습도평균_14일,조사 전 14일 평균습도,,25,자료 부족,,0,뚜렷한 방향 없음,,조사일 이전 기상과 상대위험의 연관성이며 인과관계나 발생확률이 아님
한지형마늘-녹병,마늘,습도평균_30일,조사 전 30일 평균습도,,25,자료 부족,,0,뚜렷한 방향 없음,,조사일 이전 기상과 상대위험의 연관성이며 인과관계나 발생확률이 아님
한지형마늘-녹병,마늘,고습노출_30일,조사 전 30일 고습 노출시간,,25,자료 부족,,0,뚜렷한 방향 없음,,조사일 이전 기상과 상대위험의 연관성이며 인과관계나 발생확률이 아님
한지형마늘-녹병,마늘,강수누적_7일,조사 전 7일 누적강수,,0,자료 부족,,0,뚜렷한 방향 없음,,조사일 이전 기상과 상대위험의 연관성이며 인과관계나 발생확률이 아님
한지형마늘-녹병,마늘,강수누적_14일,조사 전 14일 누적강수,,0,자료 부족,,0,뚜렷한 방향 없음,,조사일 이전 기상과 상대위험의 연관성이며 인과관계나 발생확률이 아님
한지형마늘-녹병,마늘,강수누적_30일,조사 전 30일 누적강수,,0,자료 부족,,0,뚜렷한 방향 없음,,조사일 이전 기상과 상대위험의 연관성이며 인과관계나 발생확률이 아님
한지형마늘-녹병,마늘,풍속평균_30일,조사 전 30일 평균풍속,,25,자료 부족,,0,뚜렷한 방향 없음,,조사일 이전 기상과 상대위험의 연관성이며 인과관계나 발생확률이 아님
한지형마늘-녹병,마늘,풍속최대_30일,조사 전 30일 최대풍속,,25,자료 부족,,0,뚜렷한 방향 없음,,조사일 이전 기상과 상대위험의 연관성이며 인과관계나 발생확률이 아님
한지형마늘-녹병,마늘,고온노출_30일,조사 전 30일 고온 노출시간,,25,자료 부족,,0,뚜렷한 방향 없음,,조사일 이전 기상과 상대위험의 연관성이며 인과관계나 발생확률이 아님
한지형마늘-녹병,마늘,강풍노출_30일,조사 전 30일 강풍 노출시간,,25,자료 부족,,0,뚜렷한 방향 없음,,조사일 이전 기상과 상대위험의 연관성이며 인과관계나 발생확률이 아님
한지형마늘-무름병,마늘,기온평균_7일,조사 전 7일 평균기온,,25,자료 부족,,0,뚜렷한 방향 없음,,조사일 이전 기상과 상대위험의 연관성이며 인과관계나 발생확률이 아님
한지형마늘-무름병,마늘,기온평균_14일,조사 전 14일 평균기온,,25,자료 부족,,0,뚜렷한 방향 없음,,조사일 이전 기상과 상대위험의 연관성이며 인과관계나 발생확률이 아님
한지형마늘-무름병,마늘,기온평균_30일,조사 전 30일 평균기온,,25,자료 부족,,0,뚜렷한 방향 없음,,조사일 이전 기상과 상대위험의 연관성이며 인과관계나 발생확률이 아님
한지형마늘-무름병,마늘,기온최고_30일,조사 전 30일 최고기온,,25,자료 부족,,0,뚜렷한 방향 없음,,조사일 이전 기상과 상대위험의 연관성이며 인과관계나 발생확률이 아님
한지형마늘-무름병,마늘,습도평균_7일,조사 전 7일 평균습도,,25,자료 부족,,0,뚜렷한 방향 없음,,조사일 이전 기상과 상대위험의 연관성이며 인과관계나 발생확률이 아님
한지형마늘-무름병,마늘,습도평균_14일,조사 전 14일 평균습도,,25,자료 부족,,0,뚜렷한 방향 없음,,조사일 이전 기상과 상대위험의 연관성이며 인과관계나 발생확률이 아님
한지형마늘-무름병,마늘,습도평균_30일,조사 전 30일 평균습도,,25,자료 부족,,0,뚜렷한 방향 없음,,조사일 이전 기상과 상대위험의 연관성이며 인과관계나 발생확률이 아님
한지형마늘-무름병,마늘,고습노출_30일,조사 전 30일 고습 노출시간,,25,자료 부족,,0,뚜렷한 방향 없음,,조사일 이전 기상과 상대위험의 연관성이며 인과관계나 발생확률이 아님
한지형마늘-무름병,마늘,강수누적_7일,조사 전 7일 누적강수,,0,자료 부족,,0,뚜렷한 방향 없음,,조사일 이전 기상과 상대위험의 연관성이며 인과관계나 발생확률이 아님
한지형마늘-무름병,마늘,강수누적_14일,조사 전 14일 누적강수,,0,자료 부족,,0,뚜렷한 방향 없음,,조사일 이전 기상과 상대위험의 연관성이며 인과관계나 발생확률이 아님
한지형마늘-무름병,마늘,강수누적_30일,조사 전 30일 누적강수,,0,자료 부족,,0,뚜렷한 방향 없음,,조사일 이전 기상과 상대위험의 연관성이며 인과관계나 발생확률이 아님
한지형마늘-무름병,마늘,풍속평균_30일,조사 전 30일 평균풍속,,25,자료 부족,,0,뚜렷한 방향 없음,,조사일 이전 기상과 상대위험의 연관성이며 인과관계나 발생확률이 아님
한지형마늘-무름병,마늘,풍속최대_30일,조사 전 30일 최대풍속,,25,자료 부족,,0,뚜렷한 방향 없음,,조사일 이전 기상과 상대위험의 연관성이며 인과관계나 발생확률이 아님
한지형마늘-무름병,마늘,고온노출_30일,조사 전 30일 고온 노출시간,,25,자료 부족,,0,뚜렷한 방향 없음,,조사일 이전 기상과 상대위험의 연관성이며 인과관계나 발생확률이 아님
한지형마늘-무름병,마늘,강풍노출_30일,조사 전 30일 강풍 노출시간,,25,자료 부족,,0,뚜렷한 방향 없음,,조사일 이전 기상과 상대위험의 연관성이며 인과관계나 발생확률이 아님
한지형마늘-바이러스,마늘,기온평균_7일,조사 전 7일 평균기온,0.2064,25,약함,,0,같이 증가,0.1884,조사일 이전 기상과 상대위험의 연관성이며 인과관계나 발생확률이 아님
한지형마늘-바이러스,마늘,기온평균_14일,조사 전 14일 평균기온,0.2221,25,약함,,0,같이 증가,0.2027,조사일 이전 기상과 상대위험의 연관성이며 인과관계나 발생확률이 아님
한지형마늘-바이러스,마늘,기온평균_30일,조사 전 30일 평균기온,0.2197,25,약함,,0,같이 증가,0.2005,조사일 이전 기상과 상대위험의 연관성이며 인과관계나 발생확률이 아님
한지형마늘-바이러스,마늘,기온최고_30일,조사 전 30일 최고기온,0.4124,25,참고 가능,,0,같이 증가,0.3765,조사일 이전 기상과 상대위험의 연관성이며 인과관계나 발생확률이 아님
한지형마늘-바이러스,마늘,습도평균_7일,조사 전 7일 평균습도,-0.233,25,약함,,0,반대 방향,0.2127,조사일 이전 기상과 상대위험의 연관성이며 인과관계나 발생확률이 아님
한지형마늘-바이러스,마늘,습도평균_14일,조사 전 14일 평균습도,-0.2354,25,약함,,0,반대 방향,0.2149,조사일 이전 기상과 상대위험의 연관성이며 인과관계나 발생확률이 아님
한지형마늘-바이러스,마늘,습도평균_30일,조사 전 30일 평균습도,-0.2752,25,참고 가능,,0,반대 방향,0.2512,조사일 이전 기상과 상대위험의 연관성이며 인과관계나 발생확률이 아님
한지형마늘-바이러스,마늘,고습노출_30일,조사 전 30일 고습 노출시간,-0.1811,25,약함,,0,반대 방향,0.1653,조사일 이전 기상과 상대위험의 연관성이며 인과관계나 발생확률이 아님
한지형마늘-바이러스,마늘,강수누적_7일,조사 전 7일 누적강수,,0,자료 부족,,0,뚜렷한 방향 없음,,조사일 이전 기상과 상대위험의 연관성이며 인과관계나 발생확률이 아님
한지형마늘-바이러스,마늘,강수누적_14일,조사 전 14일 누적강수,,0,자료 부족,,0,뚜렷한 방향 없음,,조사일 이전 기상과 상대위험의 연관성이며 인과관계나 발생확률이 아님
한지형마늘-바이러스,마늘,강수누적_30일,조사 전 30일 누적강수,,0,자료 부족,,0,뚜렷한 방향 없음,,조사일 이전 기상과 상대위험의 연관성이며 인과관계나 발생확률이 아님
한지형마늘-바이러스,마늘,풍속평균_30일,조사 전 30일 평균풍속,-0.1376,25,약함,,0,반대 방향,0.1256,조사일 이전 기상과 상대위험의 연관성이며 인과관계나 발생확률이 아님
한지형마늘-바이러스,마늘,풍속최대_30일,조사 전 30일 최대풍속,0.0767,25,약함,,0,뚜렷한 방향 없음,0.07,조사일 이전 기상과 상대위험의 연관성이며 인과관계나 발생확률이 아님
한지형마늘-바이러스,마늘,고온노출_30일,조사 전 30일 고온 노출시간,0.3679,25,참고 가능,,0,같이 증가,0.3359,조사일 이전 기상과 상대위험의 연관성이며 인과관계나 발생확률이 아님
한지형마늘-바이러스,마늘,강풍노출_30일,조사 전 30일 강풍 노출시간,-0.0061,25,약함,,0,뚜렷한 방향 없음,0.0056,조사일 이전 기상과 상대위험의 연관성이며 인과관계나 발생확률이 아님
한지형마늘-뿌리응애,마늘,기온평균_7일,조사 전 7일 평균기온,-0.0151,25,약함,,0,뚜렷한 방향 없음,0.0138,조사일 이전 기상과 상대위험의 연관성이며 인과관계나 발생확률이 아님
한지형마늘-뿌리응애,마늘,기온평균_14일,조사 전 14일 평균기온,0.0151,25,약함,,0,뚜렷한 방향 없음,0.0138,조사일 이전 기상과 상대위험의 연관성이며 인과관계나 발생확률이 아님
한지형마늘-뿌리응애,마늘,기온평균_30일,조사 전 30일 평균기온,-0.0151,25,약함,,0,뚜렷한 방향 없음,0.0138,조사일 이전 기상과 상대위험의 연관성이며 인과관계나 발생확률이 아님
한지형마늘-뿌리응애,마늘,기온최고_30일,조사 전 30일 최고기온,0.2195,25,약함,,0,같이 증가,0.2004,조사일 이전 기상과 상대위험의 연관성이며 인과관계나 발생확률이 아님
한지형마늘-뿌리응애,마늘,습도평균_7일,조사 전 7일 평균습도,0.121,25,약함,,0,같이 증가,0.1105,조사일 이전 기상과 상대위험의 연관성이며 인과관계나 발생확률이 아님
한지형마늘-뿌리응애,마늘,습도평균_14일,조사 전 14일 평균습도,-0.0908,25,약함,,0,뚜렷한 방향 없음,0.0829,조사일 이전 기상과 상대위험의 연관성이며 인과관계나 발생확률이 아님
한지형마늘-뿌리응애,마늘,습도평균_30일,조사 전 30일 평균습도,0.0,25,약함,,0,뚜렷한 방향 없음,0.0,조사일 이전 기상과 상대위험의 연관성이며 인과관계나 발생확률이 아님
한지형마늘-뿌리응애,마늘,고습노출_30일,조사 전 30일 고습 노출시간,0.1513,25,약함,,0,같이 증가,0.1381,조사일 이전 기상과 상대위험의 연관성이며 인과관계나 발생확률이 아님
한지형마늘-뿌리응애,마늘,강수누적_7일,조사 전 7일 누적강수,,0,자료 부족,,0,뚜렷한 방향 없음,,조사일 이전 기상과 상대위험의 연관성이며 인과관계나 발생확률이 아님
한지형마늘-뿌리응애,마늘,강수누적_14일,조사 전 14일 누적강수,,0,자료 부족,,0,뚜렷한 방향 없음,,조사일 이전 기상과 상대위험의 연관성이며 인과관계나 발생확률이 아님
한지형마늘-뿌리응애,마늘,강수누적_30일,조사 전 30일 누적강수,,0,자료 부족,,0,뚜렷한 방향 없음,,조사일 이전 기상과 상대위험의 연관성이며 인과관계나 발생확률이 아님
한지형마늘-뿌리응애,마늘,풍속평균_30일,조사 전 30일 평균풍속,-0.0908,25,약함,,0,뚜렷한 방향 없음,0.0829,조사일 이전 기상과 상대위험의 연관성이며 인과관계나 발생확률이 아님
한지형마늘-뿌리응애,마늘,풍속최대_30일,조사 전 30일 최대풍속,0.2272,25,약함,,0,같이 증가,0.2074,조사일 이전 기상과 상대위험의 연관성이며 인과관계나 발생확률이 아님
한지형마늘-뿌리응애,마늘,고온노출_30일,조사 전 30일 고온 노출시간,0.1537,25,약함,,0,같이 증가,0.1403,조사일 이전 기상과 상대위험의 연관성이며 인과관계나 발생확률이 아님
한지형마늘-뿌리응애,마늘,강풍노출_30일,조사 전 30일 강풍 노출시간,0.123,25,약함,,0,같이 증가,0.1123,조사일 이전 기상과 상대위험의 연관성이며 인과관계나 발생확률이 아님
한지형마늘-잎마름병,마늘,기온평균_7일,조사 전 7일 평균기온,0.4768,25,참고 가능,,0,같이 증가,0.4352,조사일 이전 기상과 상대위험의 연관성이며 인과관계나 발생확률이 아님
한지형마늘-잎마름병,마늘,기온평균_14일,조사 전 14일 평균기온,0.4872,25,참고 가능,,0,같이 증가,0.4448,조사일 이전 기상과 상대위험의 연관성이며 인과관계나 발생확률이 아님
한지형마늘-잎마름병,마늘,기온평균_30일,조사 전 30일 평균기온,0.5181,25,참고 가능,,0,같이 증가,0.4729,조사일 이전 기상과 상대위험의 연관성이며 인과관계나 발생확률이 아님
한지형마늘-잎마름병,마늘,기온최고_30일,조사 전 30일 최고기온,0.4602,25,참고 가능,,0,같이 증가,0.4201,조사일 이전 기상과 상대위험의 연관성이며 인과관계나 발생확률이 아님
한지형마늘-잎마름병,마늘,습도평균_7일,조사 전 7일 평균습도,0.2654,25,참고 가능,,0,같이 증가,0.2422,조사일 이전 기상과 상대위험의 연관성이며 인과관계나 발생확률이 아님
한지형마늘-잎마름병,마늘,습도평균_14일,조사 전 14일 평균습도,0.2731,25,참고 가능,,0,같이 증가,0.2493,조사일 이전 기상과 상대위험의 연관성이며 인과관계나 발생확률이 아님
한지형마늘-잎마름병,마늘,습도평균_30일,조사 전 30일 평균습도,0.0495,25,약함,,0,뚜렷한 방향 없음,0.0452,조사일 이전 기상과 상대위험의 연관성이며 인과관계나 발생확률이 아님
한지형마늘-잎마름병,마늘,고습노출_30일,조사 전 30일 고습 노출시간,0.0974,25,약함,,0,뚜렷한 방향 없음,0.089,조사일 이전 기상과 상대위험의 연관성이며 인과관계나 발생확률이 아님
한지형마늘-잎마름병,마늘,강수누적_7일,조사 전 7일 누적강수,,0,자료 부족,,0,뚜렷한 방향 없음,,조사일 이전 기상과 상대위험의 연관성이며 인과관계나 발생확률이 아님
한지형마늘-잎마름병,마늘,강수누적_14일,조사 전 14일 누적강수,,0,자료 부족,,0,뚜렷한 방향 없음,,조사일 이전 기상과 상대위험의 연관성이며 인과관계나 발생확률이 아님
한지형마늘-잎마름병,마늘,강수누적_30일,조사 전 30일 누적강수,,0,자료 부족,,0,뚜렷한 방향 없음,,조사일 이전 기상과 상대위험의 연관성이며 인과관계나 발생확률이 아님
한지형마늘-잎마름병,마늘,풍속평균_30일,조사 전 30일 평균풍속,0.0611,25,약함,,0,뚜렷한 방향 없음,0.0558,조사일 이전 기상과 상대위험의 연관성이며 인과관계나 발생확률이 아님
한지형마늘-잎마름병,마늘,풍속최대_30일,조사 전 30일 최대풍속,0.3042,25,참고 가능,,0,같이 증가,0.2777,조사일 이전 기상과 상대위험의 연관성이며 인과관계나 발생확률이 아님
한지형마늘-잎마름병,마늘,고온노출_30일,조사 전 30일 고온 노출시간,0.4494,25,참고 가능,,0,같이 증가,0.4102,조사일 이전 기상과 상대위험의 연관성이며 인과관계나 발생확률이 아님
한지형마늘-잎마름병,마늘,강풍노출_30일,조사 전 30일 강풍 노출시간,0.2283,25,약함,,0,같이 증가,0.2084,조사일 이전 기상과 상대위험의 연관성이며 인과관계나 발생확률이 아님
한지형마늘-잎집썩음병,마늘,기온평균_7일,조사 전 7일 평균기온,,25,자료 부족,,0,뚜렷한 방향 없음,,조사일 이전 기상과 상대위험의 연관성이며 인과관계나 발생확률이 아님
한지형마늘-잎집썩음병,마늘,기온평균_14일,조사 전 14일 평균기온,,25,자료 부족,,0,뚜렷한 방향 없음,,조사일 이전 기상과 상대위험의 연관성이며 인과관계나 발생확률이 아님
한지형마늘-잎집썩음병,마늘,기온평균_30일,조사 전 30일 평균기온,,25,자료 부족,,0,뚜렷한 방향 없음,,조사일 이전 기상과 상대위험의 연관성이며 인과관계나 발생확률이 아님
한지형마늘-잎집썩음병,마늘,기온최고_30일,조사 전 30일 최고기온,,25,자료 부족,,0,뚜렷한 방향 없음,,조사일 이전 기상과 상대위험의 연관성이며 인과관계나 발생확률이 아님
한지형마늘-잎집썩음병,마늘,습도평균_7일,조사 전 7일 평균습도,,25,자료 부족,,0,뚜렷한 방향 없음,,조사일 이전 기상과 상대위험의 연관성이며 인과관계나 발생확률이 아님
한지형마늘-잎집썩음병,마늘,습도평균_14일,조사 전 14일 평균습도,,25,자료 부족,,0,뚜렷한 방향 없음,,조사일 이전 기상과 상대위험의 연관성이며 인과관계나 발생확률이 아님
한지형마늘-잎집썩음병,마늘,습도평균_30일,조사 전 30일 평균습도,,25,자료 부족,,0,뚜렷한 방향 없음,,조사일 이전 기상과 상대위험의 연관성이며 인과관계나 발생확률이 아님
한지형마늘-잎집썩음병,마늘,고습노출_30일,조사 전 30일 고습 노출시간,,25,자료 부족,,0,뚜렷한 방향 없음,,조사일 이전 기상과 상대위험의 연관성이며 인과관계나 발생확률이 아님
한지형마늘-잎집썩음병,마늘,강수누적_7일,조사 전 7일 누적강수,,0,자료 부족,,0,뚜렷한 방향 없음,,조사일 이전 기상과 상대위험의 연관성이며 인과관계나 발생확률이 아님
한지형마늘-잎집썩음병,마늘,강수누적_14일,조사 전 14일 누적강수,,0,자료 부족,,0,뚜렷한 방향 없음,,조사일 이전 기상과 상대위험의 연관성이며 인과관계나 발생확률이 아님
한지형마늘-잎집썩음병,마늘,강수누적_30일,조사 전 30일 누적강수,,0,자료 부족,,0,뚜렷한 방향 없음,,조사일 이전 기상과 상대위험의 연관성이며 인과관계나 발생확률이 아님
한지형마늘-잎집썩음병,마늘,풍속평균_30일,조사 전 30일 평균풍속,,25,자료 부족,,0,뚜렷한 방향 없음,,조사일 이전 기상과 상대위험의 연관성이며 인과관계나 발생확률이 아님
한지형마늘-잎집썩음병,마늘,풍속최대_30일,조사 전 30일 최대풍속,,25,자료 부족,,0,뚜렷한 방향 없음,,조사일 이전 기상과 상대위험의 연관성이며 인과관계나 발생확률이 아님
한지형마늘-잎집썩음병,마늘,고온노출_30일,조사 전 30일 고온 노출시간,,25,자료 부족,,0,뚜렷한 방향 없음,,조사일 이전 기상과 상대위험의 연관성이며 인과관계나 발생확률이 아님
한지형마늘-잎집썩음병,마늘,강풍노출_30일,조사 전 30일 강풍 노출시간,,25,자료 부족,,0,뚜렷한 방향 없음,,조사일 이전 기상과 상대위험의 연관성이며 인과관계나 발생확률이 아님
한지형마늘-흑색썩음균핵병,마늘,기온평균_7일,조사 전 7일 평균기온,0.0657,73,약함,0.0762,48,뚜렷한 방향 없음,0.0657,조사일 이전 기상과 상대위험의 연관성이며 인과관계나 발생확률이 아님
한지형마늘-흑색썩음균핵병,마늘,기온평균_14일,조사 전 14일 평균기온,0.08,73,약함,0.1088,48,뚜렷한 방향 없음,0.08,조사일 이전 기상과 상대위험의 연관성이며 인과관계나 발생확률이 아님
한지형마늘-흑색썩음균핵병,마늘,기온평균_30일,조사 전 30일 평균기온,0.1028,73,약함,0.136,48,같이 증가,0.1028,조사일 이전 기상과 상대위험의 연관성이며 인과관계나 발생확률이 아님
한지형마늘-흑색썩음균핵병,마늘,기온최고_30일,조사 전 30일 최고기온,0.0286,73,약함,0.0436,48,뚜렷한 방향 없음,0.0286,조사일 이전 기상과 상대위험의 연관성이며 인과관계나 발생확률이 아님
한지형마늘-흑색썩음균핵병,마늘,습도평균_7일,조사 전 7일 평균습도,0.2171,73,약함,0.1632,48,같이 증가,0.2171,조사일 이전 기상과 상대위험의 연관성이며 인과관계나 발생확률이 아님
한지형마늘-흑색썩음균핵병,마늘,습도평균_14일,조사 전 14일 평균습도,0.1685,73,약함,0.0925,48,같이 증가,0.1685,조사일 이전 기상과 상대위험의 연관성이며 인과관계나 발생확률이 아님
한지형마늘-흑색썩음균핵병,마늘,습도평균_30일,조사 전 30일 평균습도,0.1543,73,약함,0.0381,48,같이 증가,0.1543,조사일 이전 기상과 상대위험의 연관성이며 인과관계나 발생확률이 아님
한지형마늘-흑색썩음균핵병,마늘,고습노출_30일,조사 전 30일 고습 노출시간,0.1914,73,약함,0.1088,48,같이 증가,0.1914,조사일 이전 기상과 상대위험의 연관성이며 인과관계나 발생확률이 아님
한지형마늘-흑색썩음균핵병,마늘,강수누적_7일,조사 전 7일 누적강수,,0,자료 부족,,0,뚜렷한 방향 없음,,조사일 이전 기상과 상대위험의 연관성이며 인과관계나 발생확률이 아님
한지형마늘-흑색썩음균핵병,마늘,강수누적_14일,조사 전 14일 누적강수,,0,자료 부족,,0,뚜렷한 방향 없음,,조사일 이전 기상과 상대위험의 연관성이며 인과관계나 발생확률이 아님
한지형마늘-흑색썩음균핵병,마늘,강수누적_30일,조사 전 30일 누적강수,,0,자료 부족,,0,뚜렷한 방향 없음,,조사일 이전 기상과 상대위험의 연관성이며 인과관계나 발생확률이 아님
한지형마늘-흑색썩음균핵병,마늘,풍속평균_30일,조사 전 30일 평균풍속,-0.2114,73,약함,-0.2557,48,반대 방향,0.2114,조사일 이전 기상과 상대위험의 연관성이며 인과관계나 발생확률이 아님
한지형마늘-흑색썩음균핵병,마늘,풍속최대_30일,조사 전 30일 최대풍속,-0.1915,73,약함,-0.2831,48,반대 방향,0.1915,조사일 이전 기상과 상대위험의 연관성이며 인과관계나 발생확률이 아님
한지형마늘-흑색썩음균핵병,마늘,고온노출_30일,조사 전 30일 고온 노출시간,-0.0063,73,약함,-0.018,48,뚜렷한 방향 없음,0.0063,조사일 이전 기상과 상대위험의 연관성이며 인과관계나 발생확률이 아님
한지형마늘-흑색썩음균핵병,마늘,강풍노출_30일,조사 전 30일 강풍 노출시간,-0.1581,73,약함,-0.2238,48,반대 방향,0.1581,조사일 이전 기상과 상대위험의 연관성이며 인과관계나 발생확률이 아님
혹명나방,논벼,기온평균_7일,조사 전 7일 평균기온,0.3841,444,참고 가능,,112,같이 증가,0.3841,조사일 이전 기상과 상대위험의 연관성이며 인과관계나 발생확률이 아님
혹명나방,논벼,기온평균_14일,조사 전 14일 평균기온,0.2972,444,참고 가능,,112,같이 증가,0.2972,조사일 이전 기상과 상대위험의 연관성이며 인과관계나 발생확률이 아님
혹명나방,논벼,기온평균_30일,조사 전 30일 평균기온,0.2526,444,참고 가능,,112,같이 증가,0.2526,조사일 이전 기상과 상대위험의 연관성이며 인과관계나 발생확률이 아님
혹명나방,논벼,기온최고_30일,조사 전 30일 최고기온,0.2734,444,참고 가능,,112,같이 증가,0.2734,조사일 이전 기상과 상대위험의 연관성이며 인과관계나 발생확률이 아님
혹명나방,논벼,습도평균_7일,조사 전 7일 평균습도,0.2801,444,참고 가능,,112,같이 증가,0.2801,조사일 이전 기상과 상대위험의 연관성이며 인과관계나 발생확률이 아님
혹명나방,논벼,습도평균_14일,조사 전 14일 평균습도,0.3581,444,참고 가능,,112,같이 증가,0.3581,조사일 이전 기상과 상대위험의 연관성이며 인과관계나 발생확률이 아님
혹명나방,논벼,습도평균_30일,조사 전 30일 평균습도,0.3994,444,참고 가능,,112,같이 증가,0.3994,조사일 이전 기상과 상대위험의 연관성이며 인과관계나 발생확률이 아님
혹명나방,논벼,고습노출_30일,조사 전 30일 고습 노출시간,0.4042,444,참고 가능,,112,같이 증가,0.4042,조사일 이전 기상과 상대위험의 연관성이며 인과관계나 발생확률이 아님
혹명나방,논벼,강수누적_7일,조사 전 7일 누적강수,-0.5551,28,참고 가능,,0,반대 방향,0.5363,조사일 이전 기상과 상대위험의 연관성이며 인과관계나 발생확률이 아님
혹명나방,논벼,강수누적_14일,조사 전 14일 누적강수,-0.5813,40,비교적 뚜렷,,0,반대 방향,0.5813,조사일 이전 기상과 상대위험의 연관성이며 인과관계나 발생확률이 아님
혹명나방,논벼,강수누적_30일,조사 전 30일 누적강수,-0.8955,24,참고 가능,,0,반대 방향,0.801,조사일 이전 기상과 상대위험의 연관성이며 인과관계나 발생확률이 아님
혹명나방,논벼,풍속평균_30일,조사 전 30일 평균풍속,0.1312,444,약함,,112,같이 증가,0.1312,조사일 이전 기상과 상대위험의 연관성이며 인과관계나 발생확률이 아님
혹명나방,논벼,풍속최대_30일,조사 전 30일 최대풍속,0.2877,444,참고 가능,,112,같이 증가,0.2877,조사일 이전 기상과 상대위험의 연관성이며 인과관계나 발생확률이 아님
혹명나방,논벼,고온노출_30일,조사 전 30일 고온 노출시간,0.231,444,약함,,112,같이 증가,0.231,조사일 이전 기상과 상대위험의 연관성이며 인과관계나 발생확률이 아님
혹명나방,논벼,강풍노출_30일,조사 전 30일 강풍 노출시간,0.2483,444,약함,,112,같이 증가,0.2483,조사일 이전 기상과 상대위험의 연관성이며 인과관계나 발생확률이 아님
흑색썩음균핵병,양파,기온평균_7일,조사 전 7일 평균기온,0.2571,55,참고 가능,0.2803,30,같이 증가,0.2571,조사일 이전 기상과 상대위험의 연관성이며 인과관계나 발생확률이 아님
흑색썩음균핵병,양파,기온평균_14일,조사 전 14일 평균기온,0.2764,55,참고 가능,0.3249,30,같이 증가,0.2764,조사일 이전 기상과 상대위험의 연관성이며 인과관계나 발생확률이 아님
흑색썩음균핵병,양파,기온평균_30일,조사 전 30일 평균기온,0.2928,55,참고 가능,0.3549,30,같이 증가,0.2928,조사일 이전 기상과 상대위험의 연관성이며 인과관계나 발생확률이 아님
흑색썩음균핵병,양파,기온최고_30일,조사 전 30일 최고기온,0.2706,55,참고 가능,0.25,30,같이 증가,0.2706,조사일 이전 기상과 상대위험의 연관성이며 인과관계나 발생확률이 아님
흑색썩음균핵병,양파,습도평균_7일,조사 전 7일 평균습도,0.3123,55,참고 가능,0.3606,30,같이 증가,0.3123,조사일 이전 기상과 상대위험의 연관성이며 인과관계나 발생확률이 아님
흑색썩음균핵병,양파,습도평균_14일,조사 전 14일 평균습도,0.3566,55,참고 가능,0.4333,30,같이 증가,0.3566,조사일 이전 기상과 상대위험의 연관성이며 인과관계나 발생확률이 아님
흑색썩음균핵병,양파,습도평균_30일,조사 전 30일 평균습도,0.3432,55,참고 가능,0.4505,30,같이 증가,0.3432,조사일 이전 기상과 상대위험의 연관성이며 인과관계나 발생확률이 아님
흑색썩음균핵병,양파,고습노출_30일,조사 전 30일 고습 노출시간,0.3774,55,참고 가능,0.5288,30,같이 증가,0.3774,조사일 이전 기상과 상대위험의 연관성이며 인과관계나 발생확률이 아님
흑색썩음균핵병,양파,강수누적_7일,조사 전 7일 누적강수,,0,자료 부족,,0,뚜렷한 방향 없음,,조사일 이전 기상과 상대위험의 연관성이며 인과관계나 발생확률이 아님
흑색썩음균핵병,양파,강수누적_14일,조사 전 14일 누적강수,,0,자료 부족,,0,뚜렷한 방향 없음,,조사일 이전 기상과 상대위험의 연관성이며 인과관계나 발생확률이 아님
흑색썩음균핵병,양파,강수누적_30일,조사 전 30일 누적강수,,0,자료 부족,,0,뚜렷한 방향 없음,,조사일 이전 기상과 상대위험의 연관성이며 인과관계나 발생확률이 아님
흑색썩음균핵병,양파,풍속평균_30일,조사 전 30일 평균풍속,0.0652,55,약함,0.0586,30,뚜렷한 방향 없음,0.0652,조사일 이전 기상과 상대위험의 연관성이며 인과관계나 발생확률이 아님
흑색썩음균핵병,양파,풍속최대_30일,조사 전 30일 최대풍속,0.3233,55,참고 가능,0.3788,30,같이 증가,0.3233,조사일 이전 기상과 상대위험의 연관성이며 인과관계나 발생확률이 아님
흑색썩음균핵병,양파,고온노출_30일,조사 전 30일 고온 노출시간,0.2244,55,약함,0.1782,30,같이 증가,0.2244,조사일 이전 기상과 상대위험의 연관성이며 인과관계나 발생확률이 아님
흑색썩음균핵병,양파,강풍노출_30일,조사 전 30일 강풍 노출시간,0.2347,55,약함,0.269,30,같이 증가,0.2347,조사일 이전 기상과 상대위험의 연관성이며 인과관계나 발생확률이 아님
흰가루병,감,기온평균_7일,조사 전 7일 평균기온,0.0989,27,약함,,0,뚜렷한 방향 없음,0.0939,조사일 이전 기상과 상대위험의 연관성이며 인과관계나 발생확률이 아님
흰가루병,감,기온평균_14일,조사 전 14일 평균기온,0.1881,27,약함,,0,같이 증가,0.1785,조사일 이전 기상과 상대위험의 연관성이며 인과관계나 발생확률이 아님
흰가루병,감,기온평균_30일,조사 전 30일 평균기온,0.1878,27,약함,,0,같이 증가,0.1782,조사일 이전 기상과 상대위험의 연관성이며 인과관계나 발생확률이 아님
흰가루병,감,기온최고_30일,조사 전 30일 최고기온,0.298,27,참고 가능,,0,같이 증가,0.2827,조사일 이전 기상과 상대위험의 연관성이며 인과관계나 발생확률이 아님
흰가루병,감,습도평균_7일,조사 전 7일 평균습도,0.4672,27,참고 가능,,0,같이 증가,0.4432,조사일 이전 기상과 상대위험의 연관성이며 인과관계나 발생확률이 아님
흰가루병,감,습도평균_14일,조사 전 14일 평균습도,0.4065,27,참고 가능,,0,같이 증가,0.3856,조사일 이전 기상과 상대위험의 연관성이며 인과관계나 발생확률이 아님
흰가루병,감,습도평균_30일,조사 전 30일 평균습도,0.3307,27,참고 가능,,0,같이 증가,0.3137,조사일 이전 기상과 상대위험의 연관성이며 인과관계나 발생확률이 아님
흰가루병,감,고습노출_30일,조사 전 30일 고습 노출시간,0.4266,27,참고 가능,,0,같이 증가,0.4047,조사일 이전 기상과 상대위험의 연관성이며 인과관계나 발생확률이 아님
흰가루병,감,강수누적_7일,조사 전 7일 누적강수,,2,자료 부족,,0,뚜렷한 방향 없음,,조사일 이전 기상과 상대위험의 연관성이며 인과관계나 발생확률이 아님
흰가루병,감,강수누적_14일,조사 전 14일 누적강수,,4,자료 부족,,0,뚜렷한 방향 없음,,조사일 이전 기상과 상대위험의 연관성이며 인과관계나 발생확률이 아님
흰가루병,감,강수누적_30일,조사 전 30일 누적강수,,2,자료 부족,,0,뚜렷한 방향 없음,,조사일 이전 기상과 상대위험의 연관성이며 인과관계나 발생확률이 아님
흰가루병,감,풍속평균_30일,조사 전 30일 평균풍속,0.4199,27,참고 가능,,0,같이 증가,0.3983,조사일 이전 기상과 상대위험의 연관성이며 인과관계나 발생확률이 아님
흰가루병,감,풍속최대_30일,조사 전 30일 최대풍속,0.6754,27,참고 가능,,0,같이 증가,0.6407,조사일 이전 기상과 상대위험의 연관성이며 인과관계나 발생확률이 아님
흰가루병,감,고온노출_30일,조사 전 30일 고온 노출시간,0.2244,27,약함,,0,같이 증가,0.2129,조사일 이전 기상과 상대위험의 연관성이며 인과관계나 발생확률이 아님
흰가루병,감,강풍노출_30일,조사 전 30일 강풍 노출시간,0.6577,27,참고 가능,,0,같이 증가,0.624,조사일 이전 기상과 상대위험의 연관성이며 인과관계나 발생확률이 아님
흰가루병,보리,기온평균_7일,조사 전 7일 평균기온,,36,자료 부족,,0,뚜렷한 방향 없음,,조사일 이전 기상과 상대위험의 연관성이며 인과관계나 발생확률이 아님
흰가루병,보리,기온평균_14일,조사 전 14일 평균기온,,36,자료 부족,,0,뚜렷한 방향 없음,,조사일 이전 기상과 상대위험의 연관성이며 인과관계나 발생확률이 아님
흰가루병,보리,기온평균_30일,조사 전 30일 평균기온,,36,자료 부족,,0,뚜렷한 방향 없음,,조사일 이전 기상과 상대위험의 연관성이며 인과관계나 발생확률이 아님
흰가루병,보리,기온최고_30일,조사 전 30일 최고기온,,36,자료 부족,,0,뚜렷한 방향 없음,,조사일 이전 기상과 상대위험의 연관성이며 인과관계나 발생확률이 아님
흰가루병,보리,습도평균_7일,조사 전 7일 평균습도,,36,자료 부족,,0,뚜렷한 방향 없음,,조사일 이전 기상과 상대위험의 연관성이며 인과관계나 발생확률이 아님
흰가루병,보리,습도평균_14일,조사 전 14일 평균습도,,36,자료 부족,,0,뚜렷한 방향 없음,,조사일 이전 기상과 상대위험의 연관성이며 인과관계나 발생확률이 아님
흰가루병,보리,습도평균_30일,조사 전 30일 평균습도,,36,자료 부족,,0,뚜렷한 방향 없음,,조사일 이전 기상과 상대위험의 연관성이며 인과관계나 발생확률이 아님
흰가루병,보리,고습노출_30일,조사 전 30일 고습 노출시간,,36,자료 부족,,0,뚜렷한 방향 없음,,조사일 이전 기상과 상대위험의 연관성이며 인과관계나 발생확률이 아님
흰가루병,보리,강수누적_7일,조사 전 7일 누적강수,,0,자료 부족,,0,뚜렷한 방향 없음,,조사일 이전 기상과 상대위험의 연관성이며 인과관계나 발생확률이 아님
흰가루병,보리,강수누적_14일,조사 전 14일 누적강수,,0,자료 부족,,0,뚜렷한 방향 없음,,조사일 이전 기상과 상대위험의 연관성이며 인과관계나 발생확률이 아님
흰가루병,보리,강수누적_30일,조사 전 30일 누적강수,,0,자료 부족,,0,뚜렷한 방향 없음,,조사일 이전 기상과 상대위험의 연관성이며 인과관계나 발생확률이 아님
흰가루병,보리,풍속평균_30일,조사 전 30일 평균풍속,,36,자료 부족,,0,뚜렷한 방향 없음,,조사일 이전 기상과 상대위험의 연관성이며 인과관계나 발생확률이 아님
흰가루병,보리,풍속최대_30일,조사 전 30일 최대풍속,,36,자료 부족,,0,뚜렷한 방향 없음,,조사일 이전 기상과 상대위험의 연관성이며 인과관계나 발생확률이 아님
흰가루병,보리,고온노출_30일,조사 전 30일 고온 노출시간,,36,자료 부족,,0,뚜렷한 방향 없음,,조사일 이전 기상과 상대위험의 연관성이며 인과관계나 발생확률이 아님
흰가루병,보리,강풍노출_30일,조사 전 30일 강풍 노출시간,,36,자료 부족,,0,뚜렷한 방향 없음,,조사일 이전 기상과 상대위험의 연관성이며 인과관계나 발생확률이 아님
흰등멸구,논벼,기온평균_7일,조사 전 7일 평균기온,0.2653,444,참고 가능,,112,같이 증가,0.2653,조사일 이전 기상과 상대위험의 연관성이며 인과관계나 발생확률이 아님
흰등멸구,논벼,기온평균_14일,조사 전 14일 평균기온,0.3233,444,참고 가능,,112,같이 증가,0.3233,조사일 이전 기상과 상대위험의 연관성이며 인과관계나 발생확률이 아님
흰등멸구,논벼,기온평균_30일,조사 전 30일 평균기온,0.3235,444,참고 가능,,112,같이 증가,0.3235,조사일 이전 기상과 상대위험의 연관성이며 인과관계나 발생확률이 아님
흰등멸구,논벼,기온최고_30일,조사 전 30일 최고기온,0.2808,444,참고 가능,,112,같이 증가,0.2808,조사일 이전 기상과 상대위험의 연관성이며 인과관계나 발생확률이 아님
흰등멸구,논벼,습도평균_7일,조사 전 7일 평균습도,0.2028,444,약함,,112,같이 증가,0.2028,조사일 이전 기상과 상대위험의 연관성이며 인과관계나 발생확률이 아님
흰등멸구,논벼,습도평균_14일,조사 전 14일 평균습도,0.205,444,약함,,112,같이 증가,0.205,조사일 이전 기상과 상대위험의 연관성이며 인과관계나 발생확률이 아님
흰등멸구,논벼,습도평균_30일,조사 전 30일 평균습도,0.3191,444,참고 가능,,112,같이 증가,0.3191,조사일 이전 기상과 상대위험의 연관성이며 인과관계나 발생확률이 아님
흰등멸구,논벼,고습노출_30일,조사 전 30일 고습 노출시간,0.2854,444,참고 가능,,112,같이 증가,0.2854,조사일 이전 기상과 상대위험의 연관성이며 인과관계나 발생확률이 아님
흰등멸구,논벼,강수누적_7일,조사 전 7일 누적강수,-0.192,28,약함,,0,반대 방향,0.1855,조사일 이전 기상과 상대위험의 연관성이며 인과관계나 발생확률이 아님
흰등멸구,논벼,강수누적_14일,조사 전 14일 누적강수,-0.4451,40,참고 가능,,0,반대 방향,0.4451,조사일 이전 기상과 상대위험의 연관성이며 인과관계나 발생확률이 아님
흰등멸구,논벼,강수누적_30일,조사 전 30일 누적강수,-0.391,24,참고 가능,,0,반대 방향,0.3497,조사일 이전 기상과 상대위험의 연관성이며 인과관계나 발생확률이 아님
흰등멸구,논벼,풍속평균_30일,조사 전 30일 평균풍속,0.122,444,약함,,112,같이 증가,0.122,조사일 이전 기상과 상대위험의 연관성이며 인과관계나 발생확률이 아님
흰등멸구,논벼,풍속최대_30일,조사 전 30일 최대풍속,0.2077,444,약함,,112,같이 증가,0.2077,조사일 이전 기상과 상대위험의 연관성이며 인과관계나 발생확률이 아님
흰등멸구,논벼,고온노출_30일,조사 전 30일 고온 노출시간,0.2679,444,참고 가능,,112,같이 증가,0.2679,조사일 이전 기상과 상대위험의 연관성이며 인과관계나 발생확률이 아님
흰등멸구,논벼,강풍노출_30일,조사 전 30일 강풍 노출시간,0.2312,444,약함,,112,같이 증가,0.2312,조사일 이전 기상과 상대위험의 연관성이며 인과관계나 발생확률이 아님
흰잎마름병,논벼,기온평균_7일,조사 전 7일 평균기온,0.2376,444,약함,,112,같이 증가,0.2376,조사일 이전 기상과 상대위험의 연관성이며 인과관계나 발생확률이 아님
흰잎마름병,논벼,기온평균_14일,조사 전 14일 평균기온,0.2124,444,약함,,112,같이 증가,0.2124,조사일 이전 기상과 상대위험의 연관성이며 인과관계나 발생확률이 아님
흰잎마름병,논벼,기온평균_30일,조사 전 30일 평균기온,0.1847,444,약함,,112,같이 증가,0.1847,조사일 이전 기상과 상대위험의 연관성이며 인과관계나 발생확률이 아님
흰잎마름병,논벼,기온최고_30일,조사 전 30일 최고기온,0.1678,444,약함,,112,같이 증가,0.1678,조사일 이전 기상과 상대위험의 연관성이며 인과관계나 발생확률이 아님
흰잎마름병,논벼,습도평균_7일,조사 전 7일 평균습도,0.1656,444,약함,,112,같이 증가,0.1656,조사일 이전 기상과 상대위험의 연관성이며 인과관계나 발생확률이 아님
흰잎마름병,논벼,습도평균_14일,조사 전 14일 평균습도,0.2348,444,약함,,112,같이 증가,0.2348,조사일 이전 기상과 상대위험의 연관성이며 인과관계나 발생확률이 아님
흰잎마름병,논벼,습도평균_30일,조사 전 30일 평균습도,0.2662,444,참고 가능,,112,같이 증가,0.2662,조사일 이전 기상과 상대위험의 연관성이며 인과관계나 발생확률이 아님
흰잎마름병,논벼,고습노출_30일,조사 전 30일 고습 노출시간,0.2745,444,참고 가능,,112,같이 증가,0.2745,조사일 이전 기상과 상대위험의 연관성이며 인과관계나 발생확률이 아님
흰잎마름병,논벼,강수누적_7일,조사 전 7일 누적강수,-0.1387,28,약함,,0,반대 방향,0.134,조사일 이전 기상과 상대위험의 연관성이며 인과관계나 발생확률이 아님
흰잎마름병,논벼,강수누적_14일,조사 전 14일 누적강수,-0.2304,40,약함,,0,반대 방향,0.2304,조사일 이전 기상과 상대위험의 연관성이며 인과관계나 발생확률이 아님
흰잎마름병,논벼,강수누적_30일,조사 전 30일 누적강수,-0.2648,24,참고 가능,,0,반대 방향,0.2369,조사일 이전 기상과 상대위험의 연관성이며 인과관계나 발생확률이 아님
흰잎마름병,논벼,풍속평균_30일,조사 전 30일 평균풍속,0.2234,444,약함,,112,같이 증가,0.2234,조사일 이전 기상과 상대위험의 연관성이며 인과관계나 발생확률이 아님
흰잎마름병,논벼,풍속최대_30일,조사 전 30일 최대풍속,0.2385,444,약함,,112,같이 증가,0.2385,조사일 이전 기상과 상대위험의 연관성이며 인과관계나 발생확률이 아님
흰잎마름병,논벼,고온노출_30일,조사 전 30일 고온 노출시간,0.1448,444,약함,,112,같이 증가,0.1448,조사일 이전 기상과 상대위험의 연관성이며 인과관계나 발생확률이 아님
흰잎마름병,논벼,강풍노출_30일,조사 전 30일 강풍 노출시간,0.2978,444,참고 가능,,112,같이 증가,0.2978,조사일 이전 기상과 상대위험의 연관성이며 인과관계나 발생확률이 아님
