콘텐츠ID,대분류,위험분류,제목,자료형,재생시간,재생시간초,게시일,콘텐츠URL,다운로드URL,상세키,원천페이지,원천HTML,제공기관,인증키필요,미디어다운로드여부
1888cda538aa6aad,안전보건 기본교육,안전교육,농작업 안전진단과 조치계획,동영상,01:52,112,,https://farmer.rda.go.kr/portal/menu3/contentMainPlay1_1.do?m_id=9002_5218_5220&menuId=PS03487,https://farmer.rda.go.kr/farmAttach/healthSafety/basicEducation/A0005587_1.mp4,13:30|A0005587,https://farmer.rda.go.kr/portal/menu3/contentMainPlay1_1.do?m_id=9002_5218_5220&menuId=PS03487,html/001_PS03487.html,농촌진흥청 농업인안전365,N,N
4cc143317077e2a0,안전보건 기본교육,안전교육,Step1 자가 점검 체크리스트 활용,동영상,01:57,117,,https://farmer.rda.go.kr/portal/menu3/contentMainPlay1_1.do?m_id=9002_5218_5220&menuId=PS03487,https://farmer.rda.go.kr/farmAttach/healthSafety/basicEducation/A0005589_1.mp4,13:31|A0005589,https://farmer.rda.go.kr/portal/menu3/contentMainPlay1_1.do?m_id=9002_5218_5220&menuId=PS03487,html/001_PS03487.html,농촌진흥청 농업인안전365,N,N
9b7a1c4b01580833,안전보건 기본교육,온열·한랭,Step2 온열환경 측정과 관리,동영상,02:17,137,,https://farmer.rda.go.kr/portal/menu3/contentMainPlay1_1.do?m_id=9002_5218_5220&menuId=PS03487,https://farmer.rda.go.kr/farmAttach/healthSafety/basicEducation/A0005591_1.mp4,13:32|A0005591,https://farmer.rda.go.kr/portal/menu3/contentMainPlay1_1.do?m_id=9002_5218_5220&menuId=PS03487,html/001_PS03487.html,농촌진흥청 농업인안전365,N,N
7872975ac21c157d,안전보건 기본교육,작업환경,Step3 소음환경 측정과 관리,동영상,01:40,100,,https://farmer.rda.go.kr/portal/menu3/contentMainPlay1_1.do?m_id=9002_5218_5220&menuId=PS03487,https://farmer.rda.go.kr/farmAttach/healthSafety/basicEducation/A0005593_1.mp4,13:33|A0005593,https://farmer.rda.go.kr/portal/menu3/contentMainPlay1_1.do?m_id=9002_5218_5220&menuId=PS03487,html/001_PS03487.html,농촌진흥청 농업인안전365,N,N
679551ce42a56394,안전보건 기본교육,안전교육,Step4 조도환경 측정과 관리,동영상,01:22,82,,https://farmer.rda.go.kr/portal/menu3/contentMainPlay1_1.do?m_id=9002_5218_5220&menuId=PS03487,https://farmer.rda.go.kr/farmAttach/healthSafety/basicEducation/A0005595_1.mp4,13:34|A0005595,https://farmer.rda.go.kr/portal/menu3/contentMainPlay1_1.do?m_id=9002_5218_5220&menuId=PS03487,html/001_PS03487.html,농촌진흥청 농업인안전365,N,N
5c3cd4b12cabfafa,안전보건 기본교육,안전교육,Step5 위험요소 조치계획 작성,동영상,02:22,142,,https://farmer.rda.go.kr/portal/menu3/contentMainPlay1_1.do?m_id=9002_5218_5220&menuId=PS03487,https://farmer.rda.go.kr/farmAttach/healthSafety/basicEducation/A0005597_1.mp4,13:35|A0005597,https://farmer.rda.go.kr/portal/menu3/contentMainPlay1_1.do?m_id=9002_5218_5220&menuId=PS03487,html/001_PS03487.html,농촌진흥청 농업인안전365,N,N
5102445823c9f30f,안전보건 기본교육,안전교육,농작업 안전진단과 조치계획(통합본),동영상,11:32,692,,https://farmer.rda.go.kr/portal/menu3/contentMainPlay1_1.do?m_id=9002_5218_5220&menuId=PS03487,https://farmer.rda.go.kr/farmAttach/healthSafety/basicEducation/A0005599_1.mp4,13:36|A0005599,https://farmer.rda.go.kr/portal/menu3/contentMainPlay1_1.do?m_id=9002_5218_5220&menuId=PS03487,html/001_PS03487.html,농촌진흥청 농업인안전365,N,N
315249431527608d,안전보건 기본교육,안전교육,기본작업관리,동영상,21:35,1295,,https://farmer.rda.go.kr/portal/menu3/contentMainPlay1_1.do?m_id=9002_5218_5220&menuId=PS03487,https://farmer.rda.go.kr/farmAttach/healthSafety/basicEducation/A0002253_1.mp4,13:1|A0002253,https://farmer.rda.go.kr/portal/menu3/contentMainPlay1_1.do?m_id=9002_5218_5220&menuId=PS03487,html/001_PS03487.html,농촌진흥청 농업인안전365,N,N
443149968cc422a8,안전보건 기본교육,안전교육,농작업 위험요인과 농작업 재해,동영상,13:45,825,,https://farmer.rda.go.kr/portal/menu3/contentMainPlay1_1.do?m_id=9002_5218_5220&menuId=PS03487,https://farmer.rda.go.kr/farmAttach/healthSafety/basicEducation/A0002256_1.mp4,13:2|A0002256,https://farmer.rda.go.kr/portal/menu3/contentMainPlay1_1.do?m_id=9002_5218_5220&menuId=PS03487,html/001_PS03487.html,농촌진흥청 농업인안전365,N,N
d9d3fec82bb62acd,안전보건 기본교육,안전교육,위험요인별 작업안전관리,동영상,35:22,2122,,https://farmer.rda.go.kr/portal/menu3/contentMainPlay1_1.do?m_id=9002_5218_5220&menuId=PS03487,https://farmer.rda.go.kr/farmAttach/healthSafety/basicEducation/A0002259_1.mp4,13:3|A0002259,https://farmer.rda.go.kr/portal/menu3/contentMainPlay1_1.do?m_id=9002_5218_5220&menuId=PS03487,html/001_PS03487.html,농촌진흥청 농업인안전365,N,N
5d9d77eb8ae5298a,안전보건 기본교육,안전교육,직업병과 산업재해 관리,동영상,15:02,902,,https://farmer.rda.go.kr/portal/menu3/contentMainPlay1_1.do?m_id=9002_5218_5220&menuId=PS03487,https://farmer.rda.go.kr/farmAttach/healthSafety/basicEducation/A0002262_1.mp4,13:4|A0002262,https://farmer.rda.go.kr/portal/menu3/contentMainPlay1_1.do?m_id=9002_5218_5220&menuId=PS03487,html/001_PS03487.html,농촌진흥청 농업인안전365,N,N
6695dc965aa6122e,안전보건 기본교육,안전교육,농업인의 업무상 재해 및 관리,동영상,12:56,776,,https://farmer.rda.go.kr/portal/menu3/contentMainPlay1_1.do?m_id=9002_5218_5220&menuId=PS03487,https://farmer.rda.go.kr/farmAttach/healthSafety/basicEducation/A0002265_1.mp4,13:5|A0002265,https://farmer.rda.go.kr/portal/menu3/contentMainPlay1_1.do?m_id=9002_5218_5220&menuId=PS03487,html/001_PS03487.html,농촌진흥청 농업인안전365,N,N
73cca12ce0d4dafe,안전보건 기본교육,안전교육,기본안전교육,동영상,58:50,3530,,https://farmer.rda.go.kr/portal/menu3/contentMainPlay1_1.do?m_id=9002_5218_5220&menuId=PS03487,https://farmer.rda.go.kr/farmAttach/healthSafety/basicEducation/안전보건_기본교육_농작업_안전관리_기본안전교육.mp4,13:6|A0002268,https://farmer.rda.go.kr/portal/menu3/contentMainPlay1_1.do?m_id=9002_5218_5220&menuId=PS03487,html/001_PS03487.html,농촌진흥청 농업인안전365,N,N
6057b77f01a16e36,안전보건 기본교육,안전교육,기본 안전점검의 기초이해,동영상,07:17,437,,https://farmer.rda.go.kr/portal/menu3/contentMainPlay1_1.do?m_id=9002_5218_5220&menuId=PS03487,https://farmer.rda.go.kr/farmAttach/healthSafety/basicEducation/A0002271_1.mp4,13:7|A0002271,https://farmer.rda.go.kr/portal/menu3/contentMainPlay1_1.do?m_id=9002_5218_5220&menuId=PS03487,html/001_PS03487.html,농촌진흥청 농업인안전365,N,N
f79891618de82605,안전보건 기본교육,농약·화학물질,농약 안전점검을 위한 기초,동영상,07:52,472,,https://farmer.rda.go.kr/portal/menu3/contentMainPlay1_1.do?m_id=9002_5218_5220&menuId=PS03487,https://farmer.rda.go.kr/farmAttach/healthSafety/basicEducation/A0002274_1.mp4,13:8|A0002274,https://farmer.rda.go.kr/portal/menu3/contentMainPlay1_1.do?m_id=9002_5218_5220&menuId=PS03487,html/001_PS03487.html,농촌진흥청 농업인안전365,N,N
c81aaf53d2914b04,안전보건 기본교육,농약·화학물질,농약 안전점검의 실제,동영상,10:16,616,,https://farmer.rda.go.kr/portal/menu3/contentMainPlay1_1.do?m_id=9002_5218_5220&menuId=PS03487,https://farmer.rda.go.kr/farmAttach/healthSafety/basicEducation/A0002277_1.mp4,13:9|A0002277,https://farmer.rda.go.kr/portal/menu3/contentMainPlay1_1.do?m_id=9002_5218_5220&menuId=PS03487,html/001_PS03487.html,농촌진흥청 농업인안전365,N,N
ee05ce02755c8e26,안전보건 기본교육,농기계,농기계 안전점검을 위한 기초,동영상,13:08,788,,https://farmer.rda.go.kr/portal/menu3/contentMainPlay1_1.do?m_id=9002_5218_5220&menuId=PS03487,https://farmer.rda.go.kr/farmAttach/healthSafety/basicEducation/A0002280_1.mp4,13:10|A0002280,https://farmer.rda.go.kr/portal/menu3/contentMainPlay1_1.do?m_id=9002_5218_5220&menuId=PS03487,html/001_PS03487.html,농촌진흥청 농업인안전365,N,N
e074d386305c4dd1,안전보건 기본교육,농기계,농기계 안전점검의 실제,동영상,16:16,976,,https://farmer.rda.go.kr/portal/menu3/contentMainPlay1_1.do?m_id=9002_5218_5220&menuId=PS03487,https://farmer.rda.go.kr/farmAttach/healthSafety/basicEducation/A0002283_1.mp4,13:11|A0002283,https://farmer.rda.go.kr/portal/menu3/contentMainPlay1_1.do?m_id=9002_5218_5220&menuId=PS03487,html/001_PS03487.html,농촌진흥청 농업인안전365,N,N
d568800f8217170a,안전보건 기본교육,안전교육,농작업 시설의 이해,동영상,04:28,268,,https://farmer.rda.go.kr/portal/menu3/contentMainPlay1_1.do?m_id=9002_5218_5220&menuId=PS03487,https://farmer.rda.go.kr/farmAttach/healthSafety/basicEducation/안전보건_기본교육_농작업_안전점검_농작업_시설의_이해.mp4,13:12|A0002286,https://farmer.rda.go.kr/portal/menu3/contentMainPlay1_1.do?m_id=9002_5218_5220&menuId=PS03487,html/001_PS03487.html,농촌진흥청 농업인안전365,N,N
ecc3e5f61a0899ea,안전보건 기본교육,안전교육,비닐하우스 및 축사의 시설 안전점검,동영상,10:51,651,,https://farmer.rda.go.kr/portal/menu3/contentMainPlay1_1.do?m_id=9002_5218_5220&menuId=PS03487,https://farmer.rda.go.kr/farmAttach/healthSafety/basicEducation/안전보건_기본교육_농작업_안전점검_비닐하우스_및_축사의_시설_안전점검.mp4,13:13|A0002289,https://farmer.rda.go.kr/portal/menu3/contentMainPlay1_1.do?m_id=9002_5218_5220&menuId=PS03487,html/001_PS03487.html,농촌진흥청 농업인안전365,N,N
8296491e3db76782,안전보건 기본교육,안전교육,안전표지의 이해,동영상,04:50,290,,https://farmer.rda.go.kr/portal/menu3/contentMainPlay1_1.do?m_id=9002_5218_5220&menuId=PS03487,https://farmer.rda.go.kr/farmAttach/healthSafety/basicEducation/안전보건_기본교육_농작업_안전점검_안전표지의_이해.mp4,13:14|A0002292,https://farmer.rda.go.kr/portal/menu3/contentMainPlay1_1.do?m_id=9002_5218_5220&menuId=PS03487,html/001_PS03487.html,농촌진흥청 농업인안전365,N,N
c55e60b99c65dbdc,안전보건 기본교육,안전교육,안전표지의 설치 및 관리,동영상,05:51,351,,https://farmer.rda.go.kr/portal/menu3/contentMainPlay1_1.do?m_id=9002_5218_5220&menuId=PS03487,https://farmer.rda.go.kr/farmAttach/healthSafety/basicEducation/안전보건_기본교육_농작업_안전점검_안전표지의_설치_및_관리.mp4,13:15|A0002295,https://farmer.rda.go.kr/portal/menu3/contentMainPlay1_1.do?m_id=9002_5218_5220&menuId=PS03487,html/001_PS03487.html,농촌진흥청 농업인안전365,N,N
9149a21241e3879f,안전보건 기본교육,농약·화학물질,농작업 보호구의 기초 이해,동영상,09:02,542,,https://farmer.rda.go.kr/portal/menu3/contentMainPlay1_1.do?m_id=9002_5218_5220&menuId=PS03487,https://farmer.rda.go.kr/farmAttach/healthSafety/basicEducation/A0002298_1.mp4,13:16|A0002298,https://farmer.rda.go.kr/portal/menu3/contentMainPlay1_1.do?m_id=9002_5218_5220&menuId=PS03487,html/001_PS03487.html,농촌진흥청 농업인안전365,N,N
ed287bbfc04fa098,안전보건 기본교육,농약·화학물질,안면 보호구 및 호흡용 보호구의 활용,동영상,22:49,1369,,https://farmer.rda.go.kr/portal/menu3/contentMainPlay1_1.do?m_id=9002_5218_5220&menuId=PS03487,https://farmer.rda.go.kr/farmAttach/healthSafety/basicEducation/A0002301_1.mp4,13:17|A0002301,https://farmer.rda.go.kr/portal/menu3/contentMainPlay1_1.do?m_id=9002_5218_5220&menuId=PS03487,html/001_PS03487.html,농촌진흥청 농업인안전365,N,N
498ce9a702fe38ad,안전보건 기본교육,농약·화학물질,피복형 보호구의 활용,동영상,18:22,1102,,https://farmer.rda.go.kr/portal/menu3/contentMainPlay1_1.do?m_id=9002_5218_5220&menuId=PS03487,https://farmer.rda.go.kr/farmAttach/healthSafety/basicEducation/A0002304_1.mp4,13:18|A0002304,https://farmer.rda.go.kr/portal/menu3/contentMainPlay1_1.do?m_id=9002_5218_5220&menuId=PS03487,html/001_PS03487.html,농촌진흥청 농업인안전365,N,N
569097373cdaa819,안전보건 기본교육,안전교육,농작업 보조장비의 기초이해,동영상,09:32,572,,https://farmer.rda.go.kr/portal/menu3/contentMainPlay1_1.do?m_id=9002_5218_5220&menuId=PS03487,https://farmer.rda.go.kr/farmAttach/healthSafety/basicEducation/A0002307_1.mp4,13:19|A0002307,https://farmer.rda.go.kr/portal/menu3/contentMainPlay1_1.do?m_id=9002_5218_5220&menuId=PS03487,html/001_PS03487.html,농촌진흥청 농업인안전365,N,N
643aaa7983eca8ff,안전보건 기본교육,안전교육,농작업 유형별 보조장비,동영상,06:35,395,,https://farmer.rda.go.kr/portal/menu3/contentMainPlay1_1.do?m_id=9002_5218_5220&menuId=PS03487,https://farmer.rda.go.kr/farmAttach/healthSafety/basicEducation/A0002310_1.mp4,13:20|A0002310,https://farmer.rda.go.kr/portal/menu3/contentMainPlay1_1.do?m_id=9002_5218_5220&menuId=PS03487,html/001_PS03487.html,농촌진흥청 농업인안전365,N,N
56ded18d24c52fce,안전보건 기본교육,안전교육,농작업 재해의 심각성,동영상,07:40,460,,https://farmer.rda.go.kr/portal/menu3/contentMainPlay1_1.do?m_id=9002_5218_5220&menuId=PS03487,https://farmer.rda.go.kr/farmAttach/healthSafety/basicEducation/A0002313_1.mp4,13:21|A0002313,https://farmer.rda.go.kr/portal/menu3/contentMainPlay1_1.do?m_id=9002_5218_5220&menuId=PS03487,html/001_PS03487.html,농촌진흥청 농업인안전365,N,N
50d6abb0bccff101,안전보건 기본교육,응급대응,응급처치의 이해,동영상,06:17,377,,https://farmer.rda.go.kr/portal/menu3/contentMainPlay1_1.do?m_id=9002_5218_5220&menuId=PS03487,https://farmer.rda.go.kr/farmAttach/healthSafety/basicEducation/A0002316_1.mp4,13:22|A0002316,https://farmer.rda.go.kr/portal/menu3/contentMainPlay1_1.do?m_id=9002_5218_5220&menuId=PS03487,html/001_PS03487.html,농촌진흥청 농업인안전365,N,N
425c91bc86d03071,안전보건 기본교육,응급대응,심폐소생술,동영상,14:33,873,,https://farmer.rda.go.kr/portal/menu3/contentMainPlay1_1.do?m_id=9002_5218_5220&menuId=PS03487,https://farmer.rda.go.kr/farmAttach/healthSafety/basicEducation/A0002319_1.mp4,13:23|A0002319,https://farmer.rda.go.kr/portal/menu3/contentMainPlay1_1.do?m_id=9002_5218_5220&menuId=PS03487,html/001_PS03487.html,농촌진흥청 농업인안전365,N,N
e60c654cd335bec4,안전보건 기본교육,안전교육,기도폐쇄,동영상,05:53,353,,https://farmer.rda.go.kr/portal/menu3/contentMainPlay1_1.do?m_id=9002_5218_5220&menuId=PS03487,https://farmer.rda.go.kr/farmAttach/healthSafety/basicEducation/A0002322_1.mp4,13:24|A0002322,https://farmer.rda.go.kr/portal/menu3/contentMainPlay1_1.do?m_id=9002_5218_5220&menuId=PS03487,html/001_PS03487.html,농촌진흥청 농업인안전365,N,N
518abd1de247c1e3,안전보건 기본교육,안전교육,뇌졸중,동영상,06:52,412,,https://farmer.rda.go.kr/portal/menu3/contentMainPlay1_1.do?m_id=9002_5218_5220&menuId=PS03487,https://farmer.rda.go.kr/farmAttach/healthSafety/basicEducation/A0002325_1.mp4,13:25|A0002325,https://farmer.rda.go.kr/portal/menu3/contentMainPlay1_1.do?m_id=9002_5218_5220&menuId=PS03487,html/001_PS03487.html,농촌진흥청 농업인안전365,N,N
a0efed09c176d848,안전보건 기본교육,안전교육,심근경색,동영상,07:23,443,,https://farmer.rda.go.kr/portal/menu3/contentMainPlay1_1.do?m_id=9002_5218_5220&menuId=PS03487,https://farmer.rda.go.kr/farmAttach/healthSafety/basicEducation/안전보건_기본교육_응급처치의_이해_심근경색.mp4,13:26|A0002328,https://farmer.rda.go.kr/portal/menu3/contentMainPlay1_1.do?m_id=9002_5218_5220&menuId=PS03487,html/001_PS03487.html,농촌진흥청 농업인안전365,N,N
92a2e7a02b29c006,안전보건 기본교육,안전교육,외상에 의한 손상,동영상,27:45,1665,,https://farmer.rda.go.kr/portal/menu3/contentMainPlay1_1.do?m_id=9002_5218_5220&menuId=PS03487,https://farmer.rda.go.kr/farmAttach/healthSafety/basicEducation/안전보건_기본교육_응급처치의_이해_외상에_의한_손상.mp4,13:27|A0002331,https://farmer.rda.go.kr/portal/menu3/contentMainPlay1_1.do?m_id=9002_5218_5220&menuId=PS03487,html/001_PS03487.html,농촌진흥청 농업인안전365,N,N
c9787243666d5371,안전보건 기본교육,농약·화학물질,중독에 의한 손상,동영상,26:40,1600,,https://farmer.rda.go.kr/portal/menu3/contentMainPlay1_1.do?m_id=9002_5218_5220&menuId=PS03487,https://farmer.rda.go.kr/farmAttach/healthSafety/basicEducation/안전보건_기본교육_응급처치의_이해_중독에_의한_손상.mp4,13:28|A0002334,https://farmer.rda.go.kr/portal/menu3/contentMainPlay1_1.do?m_id=9002_5218_5220&menuId=PS03487,html/001_PS03487.html,농촌진흥청 농업인안전365,N,N
9021342da7df6eba,안전보건 기본교육,안전교육,환경에 의한 손상,동영상,33:19,1999,,https://farmer.rda.go.kr/portal/menu3/contentMainPlay1_1.do?m_id=9002_5218_5220&menuId=PS03487,https://farmer.rda.go.kr/farmAttach/healthSafety/basicEducation/안전보건_기본교육_응급처치의_이해_환경에_의한_손상.mp4,13:29|A0002337,https://farmer.rda.go.kr/portal/menu3/contentMainPlay1_1.do?m_id=9002_5218_5220&menuId=PS03487,html/001_PS03487.html,농촌진흥청 농업인안전365,N,N
2b474cbff74ab251,안전보건 기본교육,응급대응,구급상황 행동요령 및 심폐소생술(CPR),동영상,02:10,130,,https://farmer.rda.go.kr/portal/menu3/contentMainPlay1_1.do?m_id=9002_5218_5220&menuId=PS03487,https://farmer.rda.go.kr/farmAttach/healthSafety/basicEducation/foreignWorkers/A0005850_1.mp4,13:37|A0005850,https://farmer.rda.go.kr/portal/menu3/contentMainPlay1_1.do?m_id=9002_5218_5220&menuId=PS03487,html/001_PS03487.html,농촌진흥청 농업인안전365,N,N
fa05783b8cb9f287,안전보건 기본교육,안전교육,"작업 전 준비, 후 정리",동영상,01:38,98,,https://farmer.rda.go.kr/portal/menu3/contentMainPlay1_1.do?m_id=9002_5218_5220&menuId=PS03487,https://farmer.rda.go.kr/farmAttach/healthSafety/basicEducation/foreignWorkers/A0005861_1.mp4,13:38|A0005861,https://farmer.rda.go.kr/portal/menu3/contentMainPlay1_1.do?m_id=9002_5218_5220&menuId=PS03487,html/001_PS03487.html,농촌진흥청 농업인안전365,N,N
64f414cf4a446d4a,안전보건 기본교육,온열·한랭,온열질환 예방관리,동영상,02:07,127,,https://farmer.rda.go.kr/portal/menu3/contentMainPlay1_1.do?m_id=9002_5218_5220&menuId=PS03487,https://farmer.rda.go.kr/farmAttach/healthSafety/basicEducation/foreignWorkers/A0005872_1.mp4,13:39|A0005872,https://farmer.rda.go.kr/portal/menu3/contentMainPlay1_1.do?m_id=9002_5218_5220&menuId=PS03487,html/001_PS03487.html,농촌진흥청 농업인안전365,N,N
b3efa7c3a701bb6c,안전보건 기본교육,응급대응,응급처치 요령,동영상,02:06,126,,https://farmer.rda.go.kr/portal/menu3/contentMainPlay1_1.do?m_id=9002_5218_5220&menuId=PS03487,https://farmer.rda.go.kr/farmAttach/healthSafety/basicEducation/foreignWorkers/A0005883_1.mp4,13:40|A0005883,https://farmer.rda.go.kr/portal/menu3/contentMainPlay1_1.do?m_id=9002_5218_5220&menuId=PS03487,html/001_PS03487.html,농촌진흥청 농업인안전365,N,N
a41063094343fdff,안전보건 기본교육,안전교육,작업환경 관리,동영상,01:28,88,,https://farmer.rda.go.kr/portal/menu3/contentMainPlay1_1.do?m_id=9002_5218_5220&menuId=PS03487,https://farmer.rda.go.kr/farmAttach/healthSafety/basicEducation/foreignWorkers/A0005894_1.mp4,13:41|A0005894,https://farmer.rda.go.kr/portal/menu3/contentMainPlay1_1.do?m_id=9002_5218_5220&menuId=PS03487,html/001_PS03487.html,농촌진흥청 농업인안전365,N,N
327d4db6e2f26ca8,안전보건 기본교육,농약·화학물질,농약 중독 방지,동영상,03:15,195,,https://farmer.rda.go.kr/portal/menu3/contentMainPlay1_1.do?m_id=9002_5218_5220&menuId=PS03487,https://farmer.rda.go.kr/farmAttach/healthSafety/basicEducation/foreignWorkers/A0005905_1.mp4,13:42|A0005905,https://farmer.rda.go.kr/portal/menu3/contentMainPlay1_1.do?m_id=9002_5218_5220&menuId=PS03487,html/001_PS03487.html,농촌진흥청 농업인안전365,N,N
b253e93a78381767,안전보건 기본교육,추락·넘어짐,추락 사고 방지,동영상,02:50,170,,https://farmer.rda.go.kr/portal/menu3/contentMainPlay1_1.do?m_id=9002_5218_5220&menuId=PS03487,https://farmer.rda.go.kr/farmAttach/healthSafety/basicEducation/foreignWorkers/A0005915_1.mp4,13:43|A0005915,https://farmer.rda.go.kr/portal/menu3/contentMainPlay1_1.do?m_id=9002_5218_5220&menuId=PS03487,html/001_PS03487.html,농촌진흥청 농업인안전365,N,N
14dcf6461118dca2,안전보건 기본교육,근골격계,근골격계 질환 예방관리,동영상,03:00,180,,https://farmer.rda.go.kr/portal/menu3/contentMainPlay1_1.do?m_id=9002_5218_5220&menuId=PS03487,https://farmer.rda.go.kr/farmAttach/healthSafety/basicEducation/foreignWorkers/A0005927_1.mp4,13:44|A0005927,https://farmer.rda.go.kr/portal/menu3/contentMainPlay1_1.do?m_id=9002_5218_5220&menuId=PS03487,html/001_PS03487.html,농촌진흥청 농업인안전365,N,N
9e77152358ceb599,안전보건 기본교육,안전교육,질식사고 예방,동영상,02:35,155,,https://farmer.rda.go.kr/portal/menu3/contentMainPlay1_1.do?m_id=9002_5218_5220&menuId=PS03487,https://farmer.rda.go.kr/farmAttach/healthSafety/basicEducation/foreignWorkers/A0005938_1.mp4,13:45|A0005938,https://farmer.rda.go.kr/portal/menu3/contentMainPlay1_1.do?m_id=9002_5218_5220&menuId=PS03487,html/001_PS03487.html,농촌진흥청 농업인안전365,N,N
b005b7623b13b225,안전보건 기본교육,감염·생물학적 위험,진드기 매개 감염병 예방,동영상,03:10,190,,https://farmer.rda.go.kr/portal/menu3/contentMainPlay1_1.do?m_id=9002_5218_5220&menuId=PS03487,https://farmer.rda.go.kr/farmAttach/healthSafety/basicEducation/foreignWorkers/A0005949_1.mp4,13:46|A0005949,https://farmer.rda.go.kr/portal/menu3/contentMainPlay1_1.do?m_id=9002_5218_5220&menuId=PS03487,html/001_PS03487.html,농촌진흥청 농업인안전365,N,N
c43525ed2c7b7def,작목별 안전교육,안전교육,벼,동영상,17:59,1079,,https://farmer.rda.go.kr/portal/menu3/contentMainPlay_Ep.do?m_id=9002_5217&menuId=PS03434,https://farmer.rda.go.kr/farmAttach/healthSafety/safetyEducation/A0002339_1.mp4,14:1|A0002339,https://farmer.rda.go.kr/portal/menu3/contentMainPlay_Ep.do?m_id=9002_5217&menuId=PS03434,html/002_PS03434.html,농촌진흥청 농업인안전365,N,N
7d10af4d6b25bb29,작목별 안전교육,안전교육,상추,동영상,31:40,1900,,https://farmer.rda.go.kr/portal/menu3/contentMainPlay_Ep.do?m_id=9002_5217&menuId=PS03434,https://farmer.rda.go.kr/farmAttach/healthSafety/safetyEducation/A0002341_1.mp4,14:2|A0002341,https://farmer.rda.go.kr/portal/menu3/contentMainPlay_Ep.do?m_id=9002_5217&menuId=PS03434,html/002_PS03434.html,농촌진흥청 농업인안전365,N,N
6b9a38ebea1e4c82,작목별 안전교육,안전교육,오이,동영상,14:04,844,,https://farmer.rda.go.kr/portal/menu3/contentMainPlay_Ep.do?m_id=9002_5217&menuId=PS03434,https://farmer.rda.go.kr/farmAttach/healthSafety/safetyEducation/A0002343_1.mp4,14:3|A0002343,https://farmer.rda.go.kr/portal/menu3/contentMainPlay_Ep.do?m_id=9002_5217&menuId=PS03434,html/002_PS03434.html,농촌진흥청 농업인안전365,N,N
dc6afd1609af9977,작목별 안전교육,안전교육,고추,동영상,28:31,1711,,https://farmer.rda.go.kr/portal/menu3/contentMainPlay_Ep.do?m_id=9002_5217&menuId=PS03434,https://farmer.rda.go.kr/farmAttach/healthSafety/safetyEducation/A0002345_1.mp4,14:4|A0002345,https://farmer.rda.go.kr/portal/menu3/contentMainPlay_Ep.do?m_id=9002_5217&menuId=PS03434,html/002_PS03434.html,농촌진흥청 농업인안전365,N,N
f8782eeab99ab82a,작목별 안전교육,안전교육,배추,동영상,23:13,1393,,https://farmer.rda.go.kr/portal/menu3/contentMainPlay_Ep.do?m_id=9002_5217&menuId=PS03434,https://farmer.rda.go.kr/farmAttach/healthSafety/safetyEducation/A0002348_1.mp4,14:5|A0002348,https://farmer.rda.go.kr/portal/menu3/contentMainPlay_Ep.do?m_id=9002_5217&menuId=PS03434,html/002_PS03434.html,농촌진흥청 농업인안전365,N,N
d08845f7a9b65563,작목별 안전교육,안전교육,수박,동영상,14:18,858,,https://farmer.rda.go.kr/portal/menu3/contentMainPlay_Ep.do?m_id=9002_5217&menuId=PS03434,https://farmer.rda.go.kr/farmAttach/healthSafety/safetyEducation/A0002350_1.mp4,14:6|A0002350,https://farmer.rda.go.kr/portal/menu3/contentMainPlay_Ep.do?m_id=9002_5217&menuId=PS03434,html/002_PS03434.html,농촌진흥청 농업인안전365,N,N
95f0f1b0e0acb083,작목별 안전교육,안전교육,참외,동영상,28:43,1723,,https://farmer.rda.go.kr/portal/menu3/contentMainPlay_Ep.do?m_id=9002_5217&menuId=PS03434,https://farmer.rda.go.kr/farmAttach/healthSafety/safetyEducation/A0002352_1.mp4,14:7|A0002352,https://farmer.rda.go.kr/portal/menu3/contentMainPlay_Ep.do?m_id=9002_5217&menuId=PS03434,html/002_PS03434.html,농촌진흥청 농업인안전365,N,N
01593e3d8c635568,작목별 안전교육,안전교육,토마토,동영상,17:46,1066,,https://farmer.rda.go.kr/portal/menu3/contentMainPlay_Ep.do?m_id=9002_5217&menuId=PS03434,https://farmer.rda.go.kr/farmAttach/healthSafety/safetyEducation/A0002354_1.mp4,14:8|A0002354,https://farmer.rda.go.kr/portal/menu3/contentMainPlay_Ep.do?m_id=9002_5217&menuId=PS03434,html/002_PS03434.html,농촌진흥청 농업인안전365,N,N
2411ccf95d13166b,작목별 안전교육,안전교육,감,동영상,11:59,719,,https://farmer.rda.go.kr/portal/menu3/contentMainPlay_Ep.do?m_id=9002_5217&menuId=PS03434,https://farmer.rda.go.kr/farmAttach/healthSafety/safetyEducation/A0002356_1.mp4,14:9|A0002356,https://farmer.rda.go.kr/portal/menu3/contentMainPlay_Ep.do?m_id=9002_5217&menuId=PS03434,html/002_PS03434.html,농촌진흥청 농업인안전365,N,N
e391dbb3f3268688,작목별 안전교육,안전교육,사과,동영상,17:23,1043,,https://farmer.rda.go.kr/portal/menu3/contentMainPlay_Ep.do?m_id=9002_5217&menuId=PS03434,https://farmer.rda.go.kr/farmAttach/healthSafety/safetyEducation/A0002358_1.mp4,14:10|A0002358,https://farmer.rda.go.kr/portal/menu3/contentMainPlay_Ep.do?m_id=9002_5217&menuId=PS03434,html/002_PS03434.html,농촌진흥청 농업인안전365,N,N
d06bcb529e194322,작목별 안전교육,안전교육,포도,동영상,33:32,2012,,https://farmer.rda.go.kr/portal/menu3/contentMainPlay_Ep.do?m_id=9002_5217&menuId=PS03434,https://farmer.rda.go.kr/farmAttach/healthSafety/safetyEducation/작목별_안전교육_과채_및_과수_포도.mp4,14:11|A0002360,https://farmer.rda.go.kr/portal/menu3/contentMainPlay_Ep.do?m_id=9002_5217&menuId=PS03434,html/002_PS03434.html,농촌진흥청 농업인안전365,N,N
0b1f352ce4eaa6f1,작목별 안전교육,안전교육,"블루베리,복분자",동영상,29:14,1754,,https://farmer.rda.go.kr/portal/menu3/contentMainPlay_Ep.do?m_id=9002_5217&menuId=PS03434,"https://farmer.rda.go.kr/farmAttach/healthSafety/safetyEducation/작목별_안전교육_과채_및_과수_블루베리,복분자.mp4",14:12|A0002362,https://farmer.rda.go.kr/portal/menu3/contentMainPlay_Ep.do?m_id=9002_5217&menuId=PS03434,html/002_PS03434.html,농촌진흥청 농업인안전365,N,N
daee83d2f26a0a14,작목별 안전교육,안전교육,딸기,동영상,24:26,1466,,https://farmer.rda.go.kr/portal/menu3/contentMainPlay_Ep.do?m_id=9002_5217&menuId=PS03434,https://farmer.rda.go.kr/farmAttach/healthSafety/safetyEducation/작목별_안전교육_과채_및_과수_딸기.mp4,14:13|A0002364,https://farmer.rda.go.kr/portal/menu3/contentMainPlay_Ep.do?m_id=9002_5217&menuId=PS03434,html/002_PS03434.html,농촌진흥청 농업인안전365,N,N
932babf9421961ba,작목별 안전교육,안전교육,복숭아,동영상,29:55,1795,,https://farmer.rda.go.kr/portal/menu3/contentMainPlay_Ep.do?m_id=9002_5217&menuId=PS03434,https://farmer.rda.go.kr/farmAttach/healthSafety/safetyEducation/작목별_안전교육_과채_및_과수_복숭아.mp4,14:14|A0002366,https://farmer.rda.go.kr/portal/menu3/contentMainPlay_Ep.do?m_id=9002_5217&menuId=PS03434,html/002_PS03434.html,농촌진흥청 농업인안전365,N,N
682ddb29cde6edca,작목별 안전교육,안전교육,감귤,동영상,27:47,1667,,https://farmer.rda.go.kr/portal/menu3/contentMainPlay_Ep.do?m_id=9002_5217&menuId=PS03434,https://farmer.rda.go.kr/farmAttach/healthSafety/safetyEducation/작목별_안전교육_과채_및_과수_감귤.mp4,14:15|A0002369,https://farmer.rda.go.kr/portal/menu3/contentMainPlay_Ep.do?m_id=9002_5217&menuId=PS03434,html/002_PS03434.html,농촌진흥청 농업인안전365,N,N
f287dbb03dcb6c74,작목별 안전교육,안전교육,국화,동영상,26:39,1599,,https://farmer.rda.go.kr/portal/menu3/contentMainPlay_Ep.do?m_id=9002_5217&menuId=PS03434,https://farmer.rda.go.kr/farmAttach/healthSafety/safetyEducation/A0002371_1.mp4,14:16|A0002371,https://farmer.rda.go.kr/portal/menu3/contentMainPlay_Ep.do?m_id=9002_5217&menuId=PS03434,html/002_PS03434.html,농촌진흥청 농업인안전365,N,N
45613fa4fcb1e3df,작목별 안전교육,안전교육,장미,동영상,14:09,849,,https://farmer.rda.go.kr/portal/menu3/contentMainPlay_Ep.do?m_id=9002_5217&menuId=PS03434,https://farmer.rda.go.kr/farmAttach/healthSafety/safetyEducation/A0002373_1.mp4,14:17|A0002373,https://farmer.rda.go.kr/portal/menu3/contentMainPlay_Ep.do?m_id=9002_5217&menuId=PS03434,html/002_PS03434.html,농촌진흥청 농업인안전365,N,N
507943b7e4e168ba,작목별 안전교육,안전교육,감자,동영상,17:14,1034,,https://farmer.rda.go.kr/portal/menu3/contentMainPlay_Ep.do?m_id=9002_5217&menuId=PS03434,https://farmer.rda.go.kr/farmAttach/healthSafety/safetyEducation/A0002375_1.mp4,14:18|A0002375,https://farmer.rda.go.kr/portal/menu3/contentMainPlay_Ep.do?m_id=9002_5217&menuId=PS03434,html/002_PS03434.html,농촌진흥청 농업인안전365,N,N
d4b91765aaa01337,작목별 안전교육,안전교육,콩류,동영상,21:29,1289,,https://farmer.rda.go.kr/portal/menu3/contentMainPlay_Ep.do?m_id=9002_5217&menuId=PS03434,https://farmer.rda.go.kr/farmAttach/healthSafety/safetyEducation/작목별_안전교육_화훼_및_두류_콩류.mp4,14:19|A0002378,https://farmer.rda.go.kr/portal/menu3/contentMainPlay_Ep.do?m_id=9002_5217&menuId=PS03434,html/002_PS03434.html,농촌진흥청 농업인안전365,N,N
489984ef41a30cd3,작목별 안전교육,안전교육,표고,동영상,29:00,1740,,https://farmer.rda.go.kr/portal/menu3/contentMainPlay_Ep.do?m_id=9002_5217&menuId=PS03434,https://farmer.rda.go.kr/farmAttach/healthSafety/safetyEducation/A0002380_1.mp4,14:20|A0002380,https://farmer.rda.go.kr/portal/menu3/contentMainPlay_Ep.do?m_id=9002_5217&menuId=PS03434,html/002_PS03434.html,농촌진흥청 농업인안전365,N,N
f6ca4952dd7c1282,작목별 안전교육,안전교육,"마늘,생강",동영상,28:06,1686,,https://farmer.rda.go.kr/portal/menu3/contentMainPlay_Ep.do?m_id=9002_5217&menuId=PS03434,https://farmer.rda.go.kr/farmAttach/healthSafety/safetyEducation/A0002383_1.mp4,14:21|A0002383,https://farmer.rda.go.kr/portal/menu3/contentMainPlay_Ep.do?m_id=9002_5217&menuId=PS03434,html/002_PS03434.html,농촌진흥청 농업인안전365,N,N
79ec0850bc8bd00e,작목별 안전교육,안전교육,담배,동영상,14:46,886,,https://farmer.rda.go.kr/portal/menu3/contentMainPlay_Ep.do?m_id=9002_5217&menuId=PS03434,https://farmer.rda.go.kr/farmAttach/healthSafety/safetyEducation/A0002385_1.mp4,14:22|A0002385,https://farmer.rda.go.kr/portal/menu3/contentMainPlay_Ep.do?m_id=9002_5217&menuId=PS03434,html/002_PS03434.html,농촌진흥청 농업인안전365,N,N
6d821af4ee987ff4,작목별 안전교육,안전교육,인삼,동영상,31:56,1916,,https://farmer.rda.go.kr/portal/menu3/contentMainPlay_Ep.do?m_id=9002_5217&menuId=PS03434,https://farmer.rda.go.kr/farmAttach/healthSafety/safetyEducation/작목별_안전교육_축산_및_기타_인삼.mp4,14:23|A0002388,https://farmer.rda.go.kr/portal/menu3/contentMainPlay_Ep.do?m_id=9002_5217&menuId=PS03434,html/002_PS03434.html,농촌진흥청 농업인안전365,N,N
523f7d84a5e76646,작목별 안전교육,안전교육,"들깨,참깨",동영상,26:13,1573,,https://farmer.rda.go.kr/portal/menu3/contentMainPlay_Ep.do?m_id=9002_5217&menuId=PS03434,"https://farmer.rda.go.kr/farmAttach/healthSafety/safetyEducation/작목별_안전교육_축산_및_기타_들깨,참깨.mp4",14:24|A0002391,https://farmer.rda.go.kr/portal/menu3/contentMainPlay_Ep.do?m_id=9002_5217&menuId=PS03434,html/002_PS03434.html,농촌진흥청 농업인안전365,N,N
093c37064113c902,작목별 안전교육,안전교육,축산,동영상,15:08,908,,https://farmer.rda.go.kr/portal/menu3/contentMainPlay_Ep.do?m_id=9002_5217&menuId=PS03434,https://farmer.rda.go.kr/farmAttach/healthSafety/safetyEducation/작목별_안전교육_축산_및_기타_축산.mp4,14:25|A0002393,https://farmer.rda.go.kr/portal/menu3/contentMainPlay_Ep.do?m_id=9002_5217&menuId=PS03434,html/002_PS03434.html,농촌진흥청 농업인안전365,N,N
f83810dafe970b52,작목별 안전교육,안전교육,양돈,동영상,26:04,1564,,https://farmer.rda.go.kr/portal/menu3/contentMainPlay_Ep.do?m_id=9002_5217&menuId=PS03434,https://farmer.rda.go.kr/farmAttach/healthSafety/safetyEducation/작목별_안전교육_축산_및_기타_양돈.mp4,14:26|A0002396,https://farmer.rda.go.kr/portal/menu3/contentMainPlay_Ep.do?m_id=9002_5217&menuId=PS03434,html/002_PS03434.html,농촌진흥청 농업인안전365,N,N
df920b0202c24d4c,작목별 안전교육,안전교육,양계 농작업 안전보건 관리의 필요성,동영상,02:30,150,,https://farmer.rda.go.kr/portal/menu3/contentMainPlay_Ep.do?m_id=9002_5217&menuId=PS03434,https://farmer.rda.go.kr/farmAttach/healthSafety/safetyEducation/작목별_안전교육_축산_및_기타_(양계)농작업_안전보건_관리의_필요성.mp4,14:27|A0002399,https://farmer.rda.go.kr/portal/menu3/contentMainPlay_Ep.do?m_id=9002_5217&menuId=PS03434,html/002_PS03434.html,농촌진흥청 농업인안전365,N,N
979694fc007af753,작목별 안전교육,안전교육,양계작업자 안전보건관리의 기초,동영상,10:00,600,,https://farmer.rda.go.kr/portal/menu3/contentMainPlay_Ep.do?m_id=9002_5217&menuId=PS03434,https://farmer.rda.go.kr/farmAttach/healthSafety/safetyEducation/작목별_안전교육_축산_및_기타_(양계)농작업_안전보건_실천.mp4,14:28|A0002402,https://farmer.rda.go.kr/portal/menu3/contentMainPlay_Ep.do?m_id=9002_5217&menuId=PS03434,html/002_PS03434.html,농촌진흥청 농업인안전365,N,N
99a1ee280db041b2,작목별 안전교육,안전교육,농작업재해 발생 사례 및 관리방안,동영상,09:58,598,,https://farmer.rda.go.kr/portal/menu3/contentMainPlay_Ep.do?m_id=9002_5217&menuId=PS03434,https://farmer.rda.go.kr/farmAttach/healthSafety/safetyEducation/작목별_안전교육_축산_및_기타_(양계)농작업재해_발생_사례_및_관리방안.mp4,14:29|A0002405,https://farmer.rda.go.kr/portal/menu3/contentMainPlay_Ep.do?m_id=9002_5217&menuId=PS03434,html/002_PS03434.html,농촌진흥청 농업인안전365,N,N
3d4b1e36872a3994,작목별 안전교육,안전교육,농작업 안전보건 실천,동영상,10:00,600,,https://farmer.rda.go.kr/portal/menu3/contentMainPlay_Ep.do?m_id=9002_5217&menuId=PS03434,https://farmer.rda.go.kr/farmAttach/healthSafety/safetyEducation/작목별_안전교육_축산_및_기타_(양계)농작업_안전보건_실천.mp4,14:30|A0002408,https://farmer.rda.go.kr/portal/menu3/contentMainPlay_Ep.do?m_id=9002_5217&menuId=PS03434,html/002_PS03434.html,농촌진흥청 농업인안전365,N,N
a39ca23027daac79,작목별 안전교육,안전교육,양돈 농작업 안전보건 관리의 필요성,동영상,02:47,167,,https://farmer.rda.go.kr/portal/menu3/contentMainPlay_Ep.do?m_id=9002_5217&menuId=PS03434,https://farmer.rda.go.kr/farmAttach/healthSafety/safetyEducation/작목별_안전교육_축산_및_기타_(양돈)농작업_안전보건_관리의_필요성.mp4,14:31|A0002411,https://farmer.rda.go.kr/portal/menu3/contentMainPlay_Ep.do?m_id=9002_5217&menuId=PS03434,html/002_PS03434.html,농촌진흥청 농업인안전365,N,N
b2ce6ccf0d171b31,작목별 안전교육,안전교육,양돈 작업장 안전보건 관리의 기초,동영상,10:15,615,,https://farmer.rda.go.kr/portal/menu3/contentMainPlay_Ep.do?m_id=9002_5217&menuId=PS03434,https://farmer.rda.go.kr/farmAttach/healthSafety/safetyEducation/작목별_안전교육_축산_및_기타_(양돈)양돈_작업장_안전보건_관리의_기초.mp4,14:32|A0002414,https://farmer.rda.go.kr/portal/menu3/contentMainPlay_Ep.do?m_id=9002_5217&menuId=PS03434,html/002_PS03434.html,농촌진흥청 농업인안전365,N,N
8d2db2c04fce5ab9,작목별 안전교육,안전교육,양돈작업장 재해 발생 사례 및 개선 방안,동영상,15:43,943,,https://farmer.rda.go.kr/portal/menu3/contentMainPlay_Ep.do?m_id=9002_5217&menuId=PS03434,https://farmer.rda.go.kr/farmAttach/healthSafety/safetyEducation/작목별_안전교육_축산_및_기타_(양돈)양돈작업장_재해_발생_사례_및_개선_방안.mp4,14:33|A0002417,https://farmer.rda.go.kr/portal/menu3/contentMainPlay_Ep.do?m_id=9002_5217&menuId=PS03434,html/002_PS03434.html,농촌진흥청 농업인안전365,N,N
bf07f001daea25e1,작목별 안전교육,감염·생물학적 위험,양돈 작업자의 인수공통감영병 예방 및 관리,동영상,02:46,166,,https://farmer.rda.go.kr/portal/menu3/contentMainPlay_Ep.do?m_id=9002_5217&menuId=PS03434,https://farmer.rda.go.kr/farmAttach/healthSafety/safetyEducation/작목별_안전교육_축산_및_기타_(양돈)양돈_작업자의_인수공통감영병_예방_및_관리.mp4,14:34|A0002420,https://farmer.rda.go.kr/portal/menu3/contentMainPlay_Ep.do?m_id=9002_5217&menuId=PS03434,html/002_PS03434.html,농촌진흥청 농업인안전365,N,N
3fb2c0cb306c77fb,농업인 재해예방 영상,안전교육,Step01 마음 재 설정,동영상,02:09,129,,https://farmer.rda.go.kr/portal/menu3/contentMainPlay.do?m_id=9002_55&menuId=PS03436,https://farmer.rda.go.kr/farmAttach/healthSafety/disasterPreventionVideo/농업인_재해예방_영상_지금.재설정_마음_재_설정.mp4,15:1|A0002423,https://farmer.rda.go.kr/portal/menu3/contentMainPlay.do?m_id=9002_55&menuId=PS03436,html/004_PS03436.html,농촌진흥청 농업인안전365,N,N
acab087e267c9d64,농업인 재해예방 영상,안전교육,Step02 환경 재 설정,동영상,02:46,166,,https://farmer.rda.go.kr/portal/menu3/contentMainPlay.do?m_id=9002_55&menuId=PS03436,https://farmer.rda.go.kr/farmAttach/healthSafety/disasterPreventionVideo/농업인_재해예방_영상_지금.재설정_환경_재_설정.mp4,15:2|A0002426,https://farmer.rda.go.kr/portal/menu3/contentMainPlay.do?m_id=9002_55&menuId=PS03436,html/004_PS03436.html,농촌진흥청 농업인안전365,N,N
8f1e44ab948ee955,농업인 재해예방 영상,안전교육,Step03 장비 재 설정,동영상,02:17,137,,https://farmer.rda.go.kr/portal/menu3/contentMainPlay.do?m_id=9002_55&menuId=PS03436,https://farmer.rda.go.kr/farmAttach/healthSafety/disasterPreventionVideo/농업인_재해예방_영상_지금.재설정_장비_재_설정.mp4,15:3|A0002429,https://farmer.rda.go.kr/portal/menu3/contentMainPlay.do?m_id=9002_55&menuId=PS03436,html/004_PS03436.html,농촌진흥청 농업인안전365,N,N
3f68ebbc5d2786e8,농업인 재해예방 영상,안전교육,Step04 생활 재 설정,동영상,02:22,142,,https://farmer.rda.go.kr/portal/menu3/contentMainPlay.do?m_id=9002_55&menuId=PS03436,https://farmer.rda.go.kr/farmAttach/healthSafety/disasterPreventionVideo/농업인_재해예방_영상_지금.재설정_생활_재_설정.mp4,15:4|A0002432,https://farmer.rda.go.kr/portal/menu3/contentMainPlay.do?m_id=9002_55&menuId=PS03436,html/004_PS03436.html,농촌진흥청 농업인안전365,N,N
f2872ec9dbe35aba,농업인 재해예방 영상,응급대응,Step05 응급 재 설정,동영상,07:22,442,,https://farmer.rda.go.kr/portal/menu3/contentMainPlay.do?m_id=9002_55&menuId=PS03436,https://farmer.rda.go.kr/farmAttach/healthSafety/disasterPreventionVideo/농업인_재해예방_영상_지금.재설정_응급_재_설정.mp4,15:5|A0002435,https://farmer.rda.go.kr/portal/menu3/contentMainPlay.do?m_id=9002_55&menuId=PS03436,html/004_PS03436.html,농촌진흥청 농업인안전365,N,N
d3e92e79d7a9b4ac,농업인 재해예방 영상,근골격계,근골격계 질환 예방,동영상,04:42,282,,https://farmer.rda.go.kr/portal/menu3/contentMainPlay.do?m_id=9002_55&menuId=PS03436,https://farmer.rda.go.kr/farmAttach/healthSafety/disasterPreventionVideo/A0002438_1.mp4,15:6|A0002438,https://farmer.rda.go.kr/portal/menu3/contentMainPlay.do?m_id=9002_55&menuId=PS03436,html/004_PS03436.html,농촌진흥청 농업인안전365,N,N
2c572aa2a4611883,농업인 재해예방 영상,근골격계,상지근골격질환 관리,동영상,09:13,553,,https://farmer.rda.go.kr/portal/menu3/contentMainPlay.do?m_id=9002_55&menuId=PS03436,https://farmer.rda.go.kr/farmAttach/healthSafety/disasterPreventionVideo/A0002441_1.mp4,15:7|A0002441,https://farmer.rda.go.kr/portal/menu3/contentMainPlay.do?m_id=9002_55&menuId=PS03436,html/004_PS03436.html,농촌진흥청 농업인안전365,N,N
cee42d41de34d575,농업인 재해예방 영상,근골격계,농업인 무릎병 예방,동영상,07:32,452,,https://farmer.rda.go.kr/portal/menu3/contentMainPlay.do?m_id=9002_55&menuId=PS03436,https://farmer.rda.go.kr/farmAttach/healthSafety/disasterPreventionVideo/A0002444_1.mp4,15:8|A0002444,https://farmer.rda.go.kr/portal/menu3/contentMainPlay.do?m_id=9002_55&menuId=PS03436,html/004_PS03436.html,농촌진흥청 농업인안전365,N,N
577694f42dbf52e7,농업인 재해예방 영상,농약·화학물질,농약중독 예방,동영상,05:05,305,,https://farmer.rda.go.kr/portal/menu3/contentMainPlay.do?m_id=9002_55&menuId=PS03436,https://farmer.rda.go.kr/farmAttach/healthSafety/disasterPreventionVideo/A0002447_1.mp4,15:9|A0002447,https://farmer.rda.go.kr/portal/menu3/contentMainPlay.do?m_id=9002_55&menuId=PS03436,html/004_PS03436.html,농촌진흥청 농업인안전365,N,N
dbcfeb9c7c88b3b8,농업인 재해예방 영상,안전교육,농업인의 건강을 위한 노력,동영상,04:16,256,,https://farmer.rda.go.kr/portal/menu3/contentMainPlay.do?m_id=9002_55&menuId=PS03436,https://farmer.rda.go.kr/farmAttach/healthSafety/disasterPreventionVideo/A0002450_1.mp4,15:10|A0002450,https://farmer.rda.go.kr/portal/menu3/contentMainPlay.do?m_id=9002_55&menuId=PS03436,html/004_PS03436.html,농촌진흥청 농업인안전365,N,N
b509effa0ac13791,농업인 재해예방 영상,안전교육,농작업 안전관리,동영상,06:37,397,,https://farmer.rda.go.kr/portal/menu3/contentMainPlay.do?m_id=9002_55&menuId=PS03436,https://farmer.rda.go.kr/farmAttach/healthSafety/disasterPreventionVideo/A0002453_1.mp4,15:11|A0002453,https://farmer.rda.go.kr/portal/menu3/contentMainPlay.do?m_id=9002_55&menuId=PS03436,html/004_PS03436.html,농촌진흥청 농업인안전365,N,N
ae9a3feab890df1a,농업인 재해예방 영상,추락·넘어짐,넘어짐 사고 예방,동영상,05:43,343,,https://farmer.rda.go.kr/portal/menu3/contentMainPlay.do?m_id=9002_55&menuId=PS03436,https://farmer.rda.go.kr/farmAttach/healthSafety/disasterPreventionVideo/A0002456_1.mp4,15:12|A0002456,https://farmer.rda.go.kr/portal/menu3/contentMainPlay.do?m_id=9002_55&menuId=PS03436,html/004_PS03436.html,농촌진흥청 농업인안전365,N,N
c96e8843c6efd149,농업인 재해예방 영상,온열·한랭,폭염시 안전하게 농사일하기,동영상,05:43,343,,https://farmer.rda.go.kr/portal/menu3/contentMainPlay.do?m_id=9002_55&menuId=PS03436,https://farmer.rda.go.kr/farmAttach/healthSafety/disasterPreventionVideo/A0002459_1.mp4,15:13|A0002459,https://farmer.rda.go.kr/portal/menu3/contentMainPlay.do?m_id=9002_55&menuId=PS03436,html/004_PS03436.html,농촌진흥청 농업인안전365,N,N
b3d1d5bdaeb59950,농업인 재해예방 영상,감염·생물학적 위험,농업인 진드기 매개 감염병 예방,동영상,04:06,246,,https://farmer.rda.go.kr/portal/menu3/contentMainPlay.do?m_id=9002_55&menuId=PS03436,https://farmer.rda.go.kr/farmAttach/healthSafety/disasterPreventionVideo/A0002462_1.mp4,15:14|A0002462,https://farmer.rda.go.kr/portal/menu3/contentMainPlay.do?m_id=9002_55&menuId=PS03436,html/004_PS03436.html,농촌진흥청 농업인안전365,N,N
d7d635947016647b,농업인 재해예방 영상,안전교육,"건강한 농업인, 안전한 농작업 농업인안전365와 함께",동영상,01:23,83,,https://farmer.rda.go.kr/portal/menu3/contentMainPlay.do?m_id=9002_55&menuId=PS03436,"https://farmer.rda.go.kr/farmAttach/healthSafety/disasterPreventionVideo/농업인_재해예방_영상_농업인_안전_건강한_농업인,안전한_농작업_농업인안전365와_함께.mp4",15:15|A0002464,https://farmer.rda.go.kr/portal/menu3/contentMainPlay.do?m_id=9002_55&menuId=PS03436,html/004_PS03436.html,농촌진흥청 농업인안전365,N,N
b506df15a6f3fd25,농업인 재해예방 영상,안전교육,소규모 농사업장 [안전보건관리체계] 구축 길라잡이,동영상,09:09,549,,https://farmer.rda.go.kr/portal/menu3/contentMainPlay.do?m_id=9002_55&menuId=PS03436,https://farmer.rda.go.kr/farmAttach/healthSafety/disasterPreventionVideo/소규모_농사업장_안전보건관리체계_구축_길라잡이.mp4,15:16|A0002467,https://farmer.rda.go.kr/portal/menu3/contentMainPlay.do?m_id=9002_55&menuId=PS03436,html/004_PS03436.html,농촌진흥청 농업인안전365,N,N
ef736f22e5bcb75e,농업인 재해예방 영상,안전교육,임업 작업 주요 안전사고 사례 및 예방대책,동영상,14:40,880,,https://farmer.rda.go.kr/portal/menu3/contentMainPlay.do?m_id=9002_55&menuId=PS03436,https://farmer.rda.go.kr/farmAttach/healthSafety/disasterPreventionVideo/04_임업_작업_주요_안전사고_사례_및_예방대책.mp4,15:17|A0002470,https://farmer.rda.go.kr/portal/menu3/contentMainPlay.do?m_id=9002_55&menuId=PS03436,html/004_PS03436.html,농촌진흥청 농업인안전365,N,N
6d4e79bf59ba1363,농업인 재해예방 영상,안전교육,여름철 농업인 건강안전 가이드,동영상,07:59,479,,https://farmer.rda.go.kr/portal/menu3/contentMainPlay.do?m_id=9002_55&menuId=PS03436,https://farmer.rda.go.kr/farmAttach/healthSafety/disasterPreventionVideo/여름철_농업인_건강안전_가이드(2024).mp4,15:18|A0002472,https://farmer.rda.go.kr/portal/menu3/contentMainPlay.do?m_id=9002_55&menuId=PS03436,html/004_PS03436.html,농촌진흥청 농업인안전365,N,N
45e3f959af671ab2,농업인 재해예방 영상,감염·생물학적 위험,[진드기 매개 감염병 예방 및 관리 수칙] 알아보기,동영상,07:15,435,,https://farmer.rda.go.kr/portal/menu3/contentMainPlay.do?m_id=9002_55&menuId=PS03436,https://farmer.rda.go.kr/farmAttach/healthSafety/disasterPreventionVideo/A0005515_1.mp4,15:78|A0005515,https://farmer.rda.go.kr/portal/menu3/contentMainPlay.do?m_id=9002_55&menuId=PS03436,html/004_PS03436.html,농촌진흥청 농업인안전365,N,N
87688e94af2df5ad,농업인 재해예방 영상,감염·생물학적 위험,슬기로운 인수공통감염병 예방법,동영상,13:00,780,,https://farmer.rda.go.kr/portal/menu3/contentMainPlay.do?m_id=9002_55&menuId=PS03436,https://farmer.rda.go.kr/farmAttach/healthSafety/disasterPreventionVideo/A0005831_1.mp4,15:80|A0005831,https://farmer.rda.go.kr/portal/menu3/contentMainPlay.do?m_id=9002_55&menuId=PS03436,html/004_PS03436.html,농촌진흥청 농업인안전365,N,N
c49d9fa5b3072e21,농업인 재해예방 영상,감염·생물학적 위험,진드기매개 감염병 예방,동영상,02:33,153,,https://farmer.rda.go.kr/portal/menu3/contentMainPlay.do?m_id=9002_55&menuId=PS03436,https://farmer.rda.go.kr/farmAttach/healthSafety/disasterPreventionVideo/A0005835_1.mp4,15:81|A0005835,https://farmer.rda.go.kr/portal/menu3/contentMainPlay.do?m_id=9002_55&menuId=PS03436,html/004_PS03436.html,농촌진흥청 농업인안전365,N,N
ef3fad731b32940a,농업인 재해예방 영상,감염·생물학적 위험,"큐열, 브루셀라증 감염 예방",동영상,03:20,200,,https://farmer.rda.go.kr/portal/menu3/contentMainPlay.do?m_id=9002_55&menuId=PS03436,https://farmer.rda.go.kr/farmAttach/healthSafety/disasterPreventionVideo/A0005838_1.mp4,15:82|A0005838,https://farmer.rda.go.kr/portal/menu3/contentMainPlay.do?m_id=9002_55&menuId=PS03436,html/004_PS03436.html,농촌진흥청 농업인안전365,N,N
447701bf5ce7a827,농업인 재해예방 영상,감염·생물학적 위험,조류인플루엔자(AI) 인체감염증 예방,동영상,03:28,208,,https://farmer.rda.go.kr/portal/menu3/contentMainPlay.do?m_id=9002_55&menuId=PS03436,https://farmer.rda.go.kr/farmAttach/healthSafety/disasterPreventionVideo/A0005841_1.mp4,15:83|A0005841,https://farmer.rda.go.kr/portal/menu3/contentMainPlay.do?m_id=9002_55&menuId=PS03436,html/004_PS03436.html,농촌진흥청 농업인안전365,N,N
83e2b3565010f429,농업인 재해예방 영상,농약·화학물질,감염병 예방을 위한 개인보호구 착용,동영상,02:35,155,,https://farmer.rda.go.kr/portal/menu3/contentMainPlay.do?m_id=9002_55&menuId=PS03436,https://farmer.rda.go.kr/farmAttach/healthSafety/disasterPreventionVideo/A0005844_1.mp4,15:84|A0005844,https://farmer.rda.go.kr/portal/menu3/contentMainPlay.do?m_id=9002_55&menuId=PS03436,html/004_PS03436.html,농촌진흥청 농업인안전365,N,N
1f638cdce12b32be,농업인 재해예방 영상,감염·생물학적 위험,중대재해처벌법에 대해 알아봅시다!,동영상,05:33,333,,https://farmer.rda.go.kr/portal/menu3/contentMainPlay.do?m_id=9002_55&menuId=PS03436,https://farmer.rda.go.kr/farmAttach/healthSafety/disasterPreventionVideo/A0006064_1.mp4,15:86|A0006064,https://farmer.rda.go.kr/portal/menu3/contentMainPlay.do?m_id=9002_55&menuId=PS03436,html/004_PS03436.html,농촌진흥청 농업인안전365,N,N
96005d897f00f11a,농업인 재해예방 영상,농기계,농기계 안전을 사수하라 (총괄편),동영상,16:20,980,,https://farmer.rda.go.kr/portal/menu3/contentMainPlay.do?m_id=9002_55&menuId=PS03436,https://farmer.rda.go.kr/farmAttach/healthSafety/disasterPreventionVideo/A0002475_1.mp4,15:19|A0002475,https://farmer.rda.go.kr/portal/menu3/contentMainPlay.do?m_id=9002_55&menuId=PS03436,html/004_PS03436.html,농촌진흥청 농업인안전365,N,N
f501a5422779a235,농업인 재해예방 영상,농기계,농기계 안전을 사수하라 (경운기),동영상,05:52,352,,https://farmer.rda.go.kr/portal/menu3/contentMainPlay.do?m_id=9002_55&menuId=PS03436,https://farmer.rda.go.kr/farmAttach/healthSafety/disasterPreventionVideo/A0002478_1.mp4,15:20|A0002478,https://farmer.rda.go.kr/portal/menu3/contentMainPlay.do?m_id=9002_55&menuId=PS03436,html/004_PS03436.html,농촌진흥청 농업인안전365,N,N
9b82f9fd54d2b8c8,농업인 재해예방 영상,농기계,농기계 안전을 사수하라 (트랙터),동영상,02:20,140,,https://farmer.rda.go.kr/portal/menu3/contentMainPlay.do?m_id=9002_55&menuId=PS03436,https://farmer.rda.go.kr/farmAttach/healthSafety/disasterPreventionVideo/A0002481_1.mp4,15:21|A0002481,https://farmer.rda.go.kr/portal/menu3/contentMainPlay.do?m_id=9002_55&menuId=PS03436,html/004_PS03436.html,농촌진흥청 농업인안전365,N,N
7480dd0c0ccd6412,농업인 재해예방 영상,농기계,농기계 안전을 사수하라 (예취기),동영상,02:58,178,,https://farmer.rda.go.kr/portal/menu3/contentMainPlay.do?m_id=9002_55&menuId=PS03436,https://farmer.rda.go.kr/farmAttach/healthSafety/disasterPreventionVideo/A0002484_1.mp4,15:22|A0002484,https://farmer.rda.go.kr/portal/menu3/contentMainPlay.do?m_id=9002_55&menuId=PS03436,html/004_PS03436.html,농촌진흥청 농업인안전365,N,N
3efc20dfc40b7359,농업인 재해예방 영상,농기계,농기계 안전을 사수하라 (콤바인),동영상,02:02,122,,https://farmer.rda.go.kr/portal/menu3/contentMainPlay.do?m_id=9002_55&menuId=PS03436,https://farmer.rda.go.kr/farmAttach/healthSafety/disasterPreventionVideo/A0002487_1.mp4,15:23|A0002487,https://farmer.rda.go.kr/portal/menu3/contentMainPlay.do?m_id=9002_55&menuId=PS03436,html/004_PS03436.html,농촌진흥청 농업인안전365,N,N
c903c5fde45a121c,농업인 재해예방 영상,농기계,농기계 안전을 사수하라 (이앙기),동영상,02:38,158,,https://farmer.rda.go.kr/portal/menu3/contentMainPlay.do?m_id=9002_55&menuId=PS03436,https://farmer.rda.go.kr/farmAttach/healthSafety/disasterPreventionVideo/A0002490_1.mp4,15:24|A0002490,https://farmer.rda.go.kr/portal/menu3/contentMainPlay.do?m_id=9002_55&menuId=PS03436,html/004_PS03436.html,농촌진흥청 농업인안전365,N,N
d756a0177108e61f,농업인 재해예방 영상,농기계,농기계 안전,동영상,05:38,338,,https://farmer.rda.go.kr/portal/menu3/contentMainPlay.do?m_id=9002_55&menuId=PS03436,https://farmer.rda.go.kr/farmAttach/healthSafety/disasterPreventionVideo/농업인_재해예방_영상_농기계_안전_농기계안전을사수하라(농기계안전).mp4,15:25|A0002493,https://farmer.rda.go.kr/portal/menu3/contentMainPlay.do?m_id=9002_55&menuId=PS03436,html/004_PS03436.html,농촌진흥청 농업인안전365,N,N
5c9a4dffa35d574e,농업인 재해예방 영상,안전교육,혼합기 안전이용 가이드,동영상,02:05,125,,https://farmer.rda.go.kr/portal/menu3/contentMainPlay.do?m_id=9002_55&menuId=PS03436,https://farmer.rda.go.kr/farmAttach/healthSafety/disasterPreventionVideo/혼합기_안전이용_가이드.mp4,15:26|A0002496,https://farmer.rda.go.kr/portal/menu3/contentMainPlay.do?m_id=9002_55&menuId=PS03436,html/004_PS03436.html,농촌진흥청 농업인안전365,N,N
8b33faa01e4d005b,농업인 재해예방 영상,농기계,고정형 농기계 안전사고(안전한 농기계 생활백서),동영상,07:41,461,,https://farmer.rda.go.kr/portal/menu3/contentMainPlay.do?m_id=9002_55&menuId=PS03436,https://farmer.rda.go.kr/farmAttach/healthSafety/disasterPreventionVideo/고정형_농기계_안전사고(안전한_농기계_생활백서).mp4,15:27|A0002499,https://farmer.rda.go.kr/portal/menu3/contentMainPlay.do?m_id=9002_55&menuId=PS03436,html/004_PS03436.html,농촌진흥청 농업인안전365,N,N
d365f93e10dc462a,농업인 재해예방 영상,농기계,농기계 안전사고 예방 캠페인,동영상,06:43,403,,https://farmer.rda.go.kr/portal/menu3/contentMainPlay.do?m_id=9002_55&menuId=PS03436,https://farmer.rda.go.kr/farmAttach/healthSafety/disasterPreventionVideo/농기계_안전사고_예방_캠페인.mp4,15:28|A0002502,https://farmer.rda.go.kr/portal/menu3/contentMainPlay.do?m_id=9002_55&menuId=PS03436,html/004_PS03436.html,농촌진흥청 농업인안전365,N,N
6d00ac27569c4c5e,농업인 재해예방 영상,농기계,체인톱 사용 안전,동영상,19:57,1197,,https://farmer.rda.go.kr/portal/menu3/contentMainPlay.do?m_id=9002_55&menuId=PS03436,https://farmer.rda.go.kr/farmAttach/healthSafety/disasterPreventionVideo/01_체인톱_사용_안전.mp4,15:29|A0002505,https://farmer.rda.go.kr/portal/menu3/contentMainPlay.do?m_id=9002_55&menuId=PS03436,html/004_PS03436.html,농촌진흥청 농업인안전365,N,N
5a37a8b7c388e8b6,농업인 재해예방 영상,감염·생물학적 위험,벌목 작업 기술과 안전,동영상,24:48,1488,,https://farmer.rda.go.kr/portal/menu3/contentMainPlay.do?m_id=9002_55&menuId=PS03436,https://farmer.rda.go.kr/farmAttach/healthSafety/disasterPreventionVideo/02_벌목_작업_기술과_안전.mp4,15:30|A0002508,https://farmer.rda.go.kr/portal/menu3/contentMainPlay.do?m_id=9002_55&menuId=PS03436,html/004_PS03436.html,농촌진흥청 농업인안전365,N,N
b83d5dfcf8f10f9a,농업인 재해예방 영상,안전교육,주요 임업기계장비 및 올바른 사용 방법,동영상,15:26,926,,https://farmer.rda.go.kr/portal/menu3/contentMainPlay.do?m_id=9002_55&menuId=PS03436,https://farmer.rda.go.kr/farmAttach/healthSafety/disasterPreventionVideo/03_주요_임업기계장비_및_올바른_사용_방법.mp4,15:31|A0002511,https://farmer.rda.go.kr/portal/menu3/contentMainPlay.do?m_id=9002_55&menuId=PS03436,html/004_PS03436.html,농촌진흥청 농업인안전365,N,N
65e545fea7e64750,농업인 재해예방 영상,농기계,농업기계 안전이용 기술(점검요령),동영상,08:49,529,,https://farmer.rda.go.kr/portal/menu3/contentMainPlay.do?m_id=9002_55&menuId=PS03436,https://farmer.rda.go.kr/farmAttach/healthSafety/disasterPreventionVideo/A0005601_1.mp4,15:79|A0005601,https://farmer.rda.go.kr/portal/menu3/contentMainPlay.do?m_id=9002_55&menuId=PS03436,html/004_PS03436.html,농촌진흥청 농업인안전365,N,N
93d3e095c0d1e237,농업인 재해예방 영상,농기계,고정형 농업기계 안전 이용 수칙,동영상,04:33,273,,https://farmer.rda.go.kr/portal/menu3/contentMainPlay.do?m_id=9002_55&menuId=PS03436,https://farmer.rda.go.kr/farmAttach/healthSafety/disasterPreventionVideo/A0006074_1.mp4,15:87|A0006074,https://farmer.rda.go.kr/portal/menu3/contentMainPlay.do?m_id=9002_55&menuId=PS03436,html/004_PS03436.html,농촌진흥청 농업인안전365,N,N
d96766c03bb469c2,농업인 재해예방 영상,농기계,농업용 동력운반차와 고소작업차 안전 이용 수칙,동영상,05:20,320,,https://farmer.rda.go.kr/portal/menu3/contentMainPlay.do?m_id=9002_55&menuId=PS03436,https://farmer.rda.go.kr/farmAttach/healthSafety/disasterPreventionVideo/A0006076_1.mp4,15:88|A0006076,https://farmer.rda.go.kr/portal/menu3/contentMainPlay.do?m_id=9002_55&menuId=PS03436,html/004_PS03436.html,농촌진흥청 농업인안전365,N,N
6a445ade954d8bb8,농업인 재해예방 영상,농기계,농업용 드론 안전 이용 수칙(2025),동영상,06:25,385,,https://farmer.rda.go.kr/portal/menu3/contentMainPlay.do?m_id=9002_55&menuId=PS03436,https://farmer.rda.go.kr/farmAttach/healthSafety/disasterPreventionVideo/A0006078_1.mp4,15:89|A0006078,https://farmer.rda.go.kr/portal/menu3/contentMainPlay.do?m_id=9002_55&menuId=PS03436,html/004_PS03436.html,농촌진흥청 농업인안전365,N,N
1c07a9fd772e5910,농업인 재해예방 영상,농기계,경운기 전도 전복사고(농작업 재해예방 동영상),동영상,01:11,71,,https://farmer.rda.go.kr/portal/menu3/contentMainPlay.do?m_id=9002_55&menuId=PS03436,https://farmer.rda.go.kr/farmAttach/healthSafety/disasterPreventionVideo/A0006305_1.mp4,15:90|A0006305,https://farmer.rda.go.kr/portal/menu3/contentMainPlay.do?m_id=9002_55&menuId=PS03436,html/004_PS03436.html,농촌진흥청 농업인안전365,N,N
914b850b95ab87bc,농업인 재해예방 영상,농기계,트랙터 안전프레임(농작업 재해예방 동영상),동영상,00:52,52,,https://farmer.rda.go.kr/portal/menu3/contentMainPlay.do?m_id=9002_55&menuId=PS03436,https://farmer.rda.go.kr/farmAttach/healthSafety/disasterPreventionVideo/A0006307_1.mp4,15:91|A0006307,https://farmer.rda.go.kr/portal/menu3/contentMainPlay.do?m_id=9002_55&menuId=PS03436,html/004_PS03436.html,농촌진흥청 농업인안전365,N,N
b806d6baba92cf9c,농업인 재해예방 영상,농기계,농기계 후방 추돌(농작업 재해예방 동영상),동영상,00:42,42,,https://farmer.rda.go.kr/portal/menu3/contentMainPlay.do?m_id=9002_55&menuId=PS03436,https://farmer.rda.go.kr/farmAttach/healthSafety/disasterPreventionVideo/A0006309_1.mp4,15:92|A0006309,https://farmer.rda.go.kr/portal/menu3/contentMainPlay.do?m_id=9002_55&menuId=PS03436,html/004_PS03436.html,농촌진흥청 농업인안전365,N,N
45b77cf4f27daf7a,농업인 재해예방 영상,안전교육,119 구조요청 신고요령,동영상,00:42,42,,https://farmer.rda.go.kr/portal/menu3/contentMainPlay.do?m_id=9002_55&menuId=PS03436,https://farmer.rda.go.kr/farmAttach/healthSafety/disasterPreventionVideo/A0002514_1.mp4,15:32|A0002514,https://farmer.rda.go.kr/portal/menu3/contentMainPlay.do?m_id=9002_55&menuId=PS03436,html/004_PS03436.html,농촌진흥청 농업인안전365,N,N
4e442f516035bf21,농업인 재해예방 영상,응급대응,심폐소생술(CPR) 응급처치 방법,동영상,01:25,85,,https://farmer.rda.go.kr/portal/menu3/contentMainPlay.do?m_id=9002_55&menuId=PS03436,https://farmer.rda.go.kr/farmAttach/healthSafety/disasterPreventionVideo/농업인_재해예방_영상_응급처치_가이드_02.심폐소생술(CPR)응급처치_방법.mp4,15:33|A0002517,https://farmer.rda.go.kr/portal/menu3/contentMainPlay.do?m_id=9002_55&menuId=PS03436,html/004_PS03436.html,농촌진흥청 농업인안전365,N,N
1f55f1fef3462526,농업인 재해예방 영상,안전교육,인공호흡용 마스크 사용 방법,동영상,01:07,67,,https://farmer.rda.go.kr/portal/menu3/contentMainPlay.do?m_id=9002_55&menuId=PS03436,https://farmer.rda.go.kr/farmAttach/healthSafety/disasterPreventionVideo/A0002520_1.mp4,15:34|A0002520,https://farmer.rda.go.kr/portal/menu3/contentMainPlay.do?m_id=9002_55&menuId=PS03436,html/004_PS03436.html,농촌진흥청 농업인안전365,N,N
6dd8e8bba3036361,농업인 재해예방 영상,안전교육,자동심장충격기(AED) 사용 방법,동영상,01:10,70,,https://farmer.rda.go.kr/portal/menu3/contentMainPlay.do?m_id=9002_55&menuId=PS03436,https://farmer.rda.go.kr/farmAttach/healthSafety/disasterPreventionVideo/A0002523_1.mp4,15:35|A0002523,https://farmer.rda.go.kr/portal/menu3/contentMainPlay.do?m_id=9002_55&menuId=PS03436,html/004_PS03436.html,농촌진흥청 농업인안전365,N,N
53821a6aa5032a76,농업인 재해예방 영상,응급대응,기도폐쇄 응급처치 방법,동영상,01:30,90,,https://farmer.rda.go.kr/portal/menu3/contentMainPlay.do?m_id=9002_55&menuId=PS03436,https://farmer.rda.go.kr/farmAttach/healthSafety/disasterPreventionVideo/농업인_재해예방_영상_응급처치_가이드_05.기도폐쇄_응급처치_방법.mp4,15:36|A0002526,https://farmer.rda.go.kr/portal/menu3/contentMainPlay.do?m_id=9002_55&menuId=PS03436,html/004_PS03436.html,농촌진흥청 농업인안전365,N,N
8260d5986365cce1,농업인 재해예방 영상,안전교육,상처 소독(드레싱) 방법,동영상,00:39,39,,https://farmer.rda.go.kr/portal/menu3/contentMainPlay.do?m_id=9002_55&menuId=PS03436,https://farmer.rda.go.kr/farmAttach/healthSafety/disasterPreventionVideo/농업인_재해예방_영상_응급처치_가이드_06.상처_소독_방법.mp4,15:37|A0002529,https://farmer.rda.go.kr/portal/menu3/contentMainPlay.do?m_id=9002_55&menuId=PS03436,html/004_PS03436.html,농촌진흥청 농업인안전365,N,N
89f2d5f18bf164e1,농업인 재해예방 영상,감염·생물학적 위험,벌에 쏘임 시 응급처치 방법,동영상,01:32,92,,https://farmer.rda.go.kr/portal/menu3/contentMainPlay.do?m_id=9002_55&menuId=PS03436,https://farmer.rda.go.kr/farmAttach/healthSafety/disasterPreventionVideo/농업인_재해예방_영상_응급처치_가이드_07.벌에_쏘임_시_응급처치_방법.mp4,15:38|A0002532,https://farmer.rda.go.kr/portal/menu3/contentMainPlay.do?m_id=9002_55&menuId=PS03436,html/004_PS03436.html,농촌진흥청 농업인안전365,N,N
f395c535e8d0610a,농업인 재해예방 영상,감염·생물학적 위험,뱀에 물릴 시 응급처치 방법,동영상,00:55,55,,https://farmer.rda.go.kr/portal/menu3/contentMainPlay.do?m_id=9002_55&menuId=PS03436,https://farmer.rda.go.kr/farmAttach/healthSafety/disasterPreventionVideo/농업인_재해예방_영상_응급처치_가이드_08.뱀에_물릴_시_응급처치_방법.mp4,15:39|A0002535,https://farmer.rda.go.kr/portal/menu3/contentMainPlay.do?m_id=9002_55&menuId=PS03436,html/004_PS03436.html,농촌진흥청 농업인안전365,N,N
390fab8fec059d15,농업인 재해예방 영상,응급대응,고온 손상 시 응급처치 방법,동영상,01:01,61,,https://farmer.rda.go.kr/portal/menu3/contentMainPlay.do?m_id=9002_55&menuId=PS03436,https://farmer.rda.go.kr/farmAttach/healthSafety/disasterPreventionVideo/농업인_재해예방_영상_응급처치_가이드_09.고온_손상_응급처치_방법.mp4,15:40|A0002538,https://farmer.rda.go.kr/portal/menu3/contentMainPlay.do?m_id=9002_55&menuId=PS03436,html/004_PS03436.html,농촌진흥청 농업인안전365,N,N
2e819b2c271efd7c,농업인 재해예방 영상,응급대응,화상 손상 시 응급처치 방법,동영상,01:23,83,,https://farmer.rda.go.kr/portal/menu3/contentMainPlay.do?m_id=9002_55&menuId=PS03436,https://farmer.rda.go.kr/farmAttach/healthSafety/disasterPreventionVideo/농업인_재해예방_영상_응급처치_가이드_10.화상_손상_시_응급처치_방법.mp4,15:41|A0002541,https://farmer.rda.go.kr/portal/menu3/contentMainPlay.do?m_id=9002_55&menuId=PS03436,html/004_PS03436.html,농촌진흥청 농업인안전365,N,N
2fec9b8b5dd3e106,농업인 재해예방 영상,응급대응,골절 손상 발생 시 응급처치 방법,동영상,00:42,42,,https://farmer.rda.go.kr/portal/menu3/contentMainPlay.do?m_id=9002_55&menuId=PS03436,https://farmer.rda.go.kr/farmAttach/healthSafety/disasterPreventionVideo/농업인_재해예방_영상_응급처치_가이드_11.골절_손상_발생_시_응급처치_방법.mp4,15:42|A0002544,https://farmer.rda.go.kr/portal/menu3/contentMainPlay.do?m_id=9002_55&menuId=PS03436,html/004_PS03436.html,농촌진흥청 농업인안전365,N,N
712b2861bb824cdf,농업인 재해예방 영상,안전교육,연성부목 사용방법,동영상,00:56,56,,https://farmer.rda.go.kr/portal/menu3/contentMainPlay.do?m_id=9002_55&menuId=PS03436,https://farmer.rda.go.kr/farmAttach/healthSafety/disasterPreventionVideo/농업인_재해예방_영상_응급처치_가이드_12.연성부목_사용방법.mp4,15:43|A0002547,https://farmer.rda.go.kr/portal/menu3/contentMainPlay.do?m_id=9002_55&menuId=PS03436,html/004_PS03436.html,농촌진흥청 농업인안전365,N,N
4e744884372d5080,농업인 재해예방 영상,안전교육,신체 절단물 관리 방법,동영상,01:11,71,,https://farmer.rda.go.kr/portal/menu3/contentMainPlay.do?m_id=9002_55&menuId=PS03436,https://farmer.rda.go.kr/farmAttach/healthSafety/disasterPreventionVideo/농업인_재해예방_영상_응급처치_가이드_13.신체_절단물_관리_방법.mp4,15:44|A0002550,https://farmer.rda.go.kr/portal/menu3/contentMainPlay.do?m_id=9002_55&menuId=PS03436,html/004_PS03436.html,농촌진흥청 농업인안전365,N,N
368e045c81a07ced,농업인 재해예방 영상,안전교육,지혈대 사용 방법,동영상,01:19,79,,https://farmer.rda.go.kr/portal/menu3/contentMainPlay.do?m_id=9002_55&menuId=PS03436,https://farmer.rda.go.kr/farmAttach/healthSafety/disasterPreventionVideo/농업인_재해예방_영상_응급처치_가이드_14.지혈대_사용_방법.mp4,15:45|A0002553,https://farmer.rda.go.kr/portal/menu3/contentMainPlay.do?m_id=9002_55&menuId=PS03436,html/004_PS03436.html,농촌진흥청 농업인안전365,N,N
5bd85fdf08f655be,농업인 재해예방 영상,응급대응,눈 손상 발생시 응급처치 방법,동영상,00:59,59,,https://farmer.rda.go.kr/portal/menu3/contentMainPlay.do?m_id=9002_55&menuId=PS03436,https://farmer.rda.go.kr/farmAttach/healthSafety/disasterPreventionVideo/농업인_재해예방_영상_응급처치_가이드_15.눈_손상_발생시_응급처치_방법.mp4,15:46|A0002556,https://farmer.rda.go.kr/portal/menu3/contentMainPlay.do?m_id=9002_55&menuId=PS03436,html/004_PS03436.html,농촌진흥청 농업인안전365,N,N
0f41eb424da6e34d,농업인 재해예방 영상,안전교육,상처 부위별 삼각건 사용 방법,동영상,02:28,148,,https://farmer.rda.go.kr/portal/menu3/contentMainPlay.do?m_id=9002_55&menuId=PS03436,https://farmer.rda.go.kr/farmAttach/healthSafety/disasterPreventionVideo/농업인_재해예방_영상_응급처치_가이드_16.상처_부위별_삼각건_사용_방법.mp4,15:47|A0002559,https://farmer.rda.go.kr/portal/menu3/contentMainPlay.do?m_id=9002_55&menuId=PS03436,html/004_PS03436.html,농촌진흥청 농업인안전365,N,N
c66f55ef9f177742,농업인 재해예방 영상,응급대응,응급 구급함 관리 방법,동영상,01:06,66,,https://farmer.rda.go.kr/portal/menu3/contentMainPlay.do?m_id=9002_55&menuId=PS03436,https://farmer.rda.go.kr/farmAttach/healthSafety/disasterPreventionVideo/농업인_재해예방_영상_응급처치_가이드_17.응급_구급함_관리_방법.mp4,15:48|A0002562,https://farmer.rda.go.kr/portal/menu3/contentMainPlay.do?m_id=9002_55&menuId=PS03436,html/004_PS03436.html,농촌진흥청 농업인안전365,N,N
1292a97beb28366b,농업인 재해예방 영상,농기계,"농업인 넘어짐(낙상), 농기계(경운기) 안전수칙, 근골격계질환 예방 방법(NBS)",동영상,07:43,463,,https://farmer.rda.go.kr/portal/menu3/contentMainPlay.do?m_id=9002_55&menuId=PS03436,https://farmer.rda.go.kr/farmAttach/healthSafety/disasterPreventionVideo/safetyFarm_1.mp4,15:49|A0002565,https://farmer.rda.go.kr/portal/menu3/contentMainPlay.do?m_id=9002_55&menuId=PS03436,html/004_PS03436.html,농촌진흥청 농업인안전365,N,N
2cfd4d8ed95ddd10,농업인 재해예방 영상,안전교육,겨울철 야외 농작업 안전지침(NBS),동영상,10:29,629,,https://farmer.rda.go.kr/portal/menu3/contentMainPlay.do?m_id=9002_55&menuId=PS03436,https://farmer.rda.go.kr/farmAttach/healthSafety/disasterPreventionVideo/safetyFarm_2.mp4,15:50|A0002568,https://farmer.rda.go.kr/portal/menu3/contentMainPlay.do?m_id=9002_55&menuId=PS03436,html/004_PS03436.html,농촌진흥청 농업인안전365,N,N
2d9fd86d390b17bd,농업인 재해예방 영상,추락·넘어짐,사다리 작업 추락 사고 예방법(NBS),동영상,09:06,546,,https://farmer.rda.go.kr/portal/menu3/contentMainPlay.do?m_id=9002_55&menuId=PS03436,https://farmer.rda.go.kr/farmAttach/healthSafety/disasterPreventionVideo/safetyFarm_5.mp4,15:51|A0002571,https://farmer.rda.go.kr/portal/menu3/contentMainPlay.do?m_id=9002_55&menuId=PS03436,html/004_PS03436.html,농촌진흥청 농업인안전365,N,N
66fc7187f592e522,농업인 재해예방 영상,안전교육,농업인들의 미세먼지 노출 예방법(NBS),동영상,07:21,441,,https://farmer.rda.go.kr/portal/menu3/contentMainPlay.do?m_id=9002_55&menuId=PS03436,https://farmer.rda.go.kr/farmAttach/healthSafety/disasterPreventionVideo/safetyFarm_4.mp4,15:52|A0002574,https://farmer.rda.go.kr/portal/menu3/contentMainPlay.do?m_id=9002_55&menuId=PS03436,html/004_PS03436.html,농촌진흥청 농업인안전365,N,N
e9d10dfbbf0ce869,농업인 재해예방 영상,농기계,농기계 안전사고 예방법(NBS),동영상,09:23,563,,https://farmer.rda.go.kr/portal/menu3/contentMainPlay.do?m_id=9002_55&menuId=PS03436,https://farmer.rda.go.kr/farmAttach/healthSafety/disasterPreventionVideo/safetyFarm_6.mp4,15:53|A0002577,https://farmer.rda.go.kr/portal/menu3/contentMainPlay.do?m_id=9002_55&menuId=PS03436,html/004_PS03436.html,농촌진흥청 농업인안전365,N,N
2704fa14d88d9674,농업인 재해예방 영상,근골격계,하지 근골격계질환의 원인과 예방법(NBS),동영상,07:40,460,,https://farmer.rda.go.kr/portal/menu3/contentMainPlay.do?m_id=9002_55&menuId=PS03436,https://farmer.rda.go.kr/farmAttach/healthSafety/disasterPreventionVideo/safetyFarm_7.mp4,15:54|A0002580,https://farmer.rda.go.kr/portal/menu3/contentMainPlay.do?m_id=9002_55&menuId=PS03436,html/004_PS03436.html,농촌진흥청 농업인안전365,N,N
561ac4d77a480a59,농업인 재해예방 영상,안전교육,여름철 농작업 요령과 건강관리 방법(NBS),동영상,08:50,530,,https://farmer.rda.go.kr/portal/menu3/contentMainPlay.do?m_id=9002_55&menuId=PS03436,https://farmer.rda.go.kr/farmAttach/healthSafety/disasterPreventionVideo/safetyFarm_8.mp4,15:55|A0002583,https://farmer.rda.go.kr/portal/menu3/contentMainPlay.do?m_id=9002_55&menuId=PS03436,html/004_PS03436.html,농촌진흥청 농업인안전365,N,N
2d53159d4aac6118,농업인 재해예방 영상,근골격계,상지 근골격계질환의 원인과 예방법(NBS),동영상,09:05,545,,https://farmer.rda.go.kr/portal/menu3/contentMainPlay.do?m_id=9002_55&menuId=PS03436,https://farmer.rda.go.kr/farmAttach/healthSafety/disasterPreventionVideo/A0002586_1.mp4,15:56|A0002586,https://farmer.rda.go.kr/portal/menu3/contentMainPlay.do?m_id=9002_55&menuId=PS03436,html/004_PS03436.html,농촌진흥청 농업인안전365,N,N
d0ee4d51b330402e,농업인 재해예방 영상,농약·화학물질,농약 중독사고 예방(NBS),동영상,09:57,597,,https://farmer.rda.go.kr/portal/menu3/contentMainPlay.do?m_id=9002_55&menuId=PS03436,https://farmer.rda.go.kr/farmAttach/healthSafety/disasterPreventionVideo/(8월)여러분_안전농업하세요_9회(최종).mp4,15:57|A0002589,https://farmer.rda.go.kr/portal/menu3/contentMainPlay.do?m_id=9002_55&menuId=PS03436,html/004_PS03436.html,농촌진흥청 농업인안전365,N,N
e719148fe01cd51f,농업인 재해예방 영상,근골격계,허리 근골격계질환의 원인과 예방법(NBS),동영상,07:06,426,,https://farmer.rda.go.kr/portal/menu3/contentMainPlay.do?m_id=9002_55&menuId=PS03436,https://farmer.rda.go.kr/farmAttach/healthSafety/disasterPreventionVideo/(9월)NBS여러분_안전농업하세요_10회(최종).mp4,15:58|A0002591,https://farmer.rda.go.kr/portal/menu3/contentMainPlay.do?m_id=9002_55&menuId=PS03436,html/004_PS03436.html,농촌진흥청 농업인안전365,N,N
74db05e89f083dc3,농업인 재해예방 영상,감염·생물학적 위험,농업인 감염성 질환 예방법(NBS),동영상,08:24,504,,https://farmer.rda.go.kr/portal/menu3/contentMainPlay.do?m_id=9002_55&menuId=PS03436,https://farmer.rda.go.kr/farmAttach/healthSafety/disasterPreventionVideo/movie_11_1.mp4,15:59|A0002594,https://farmer.rda.go.kr/portal/menu3/contentMainPlay.do?m_id=9002_55&menuId=PS03436,html/004_PS03436.html,농촌진흥청 농업인안전365,N,N
b1f8d544ff7f520a,농업인 재해예방 영상,응급대응,농작업 안전사고 응급처치 요령(NBS),동영상,06:23,383,,https://farmer.rda.go.kr/portal/menu3/contentMainPlay.do?m_id=9002_55&menuId=PS03436,https://farmer.rda.go.kr/farmAttach/healthSafety/disasterPreventionVideo/movie_12_1.mp4,15:60|A0002597,https://farmer.rda.go.kr/portal/menu3/contentMainPlay.do?m_id=9002_55&menuId=PS03436,html/004_PS03436.html,농촌진흥청 농업인안전365,N,N
6d67d48f116f03dc,농업인 재해예방 영상,안전교육,건강한 안전 농업하세요(6시내고향),동영상,04:58,298,,https://farmer.rda.go.kr/portal/menu3/contentMainPlay.do?m_id=9002_55&menuId=PS03436,https://farmer.rda.go.kr/farmAttach/healthSafety/disasterPreventionVideo/movie_08_01.mp4,15:61|A0002600,https://farmer.rda.go.kr/portal/menu3/contentMainPlay.do?m_id=9002_55&menuId=PS03436,html/004_PS03436.html,농촌진흥청 농업인안전365,N,N
f0991698df7c3a02,농업인 재해예방 영상,안전교육,겨울철 안전을 지켜라(6시내고향),동영상,05:06,306,,https://farmer.rda.go.kr/portal/menu3/contentMainPlay.do?m_id=9002_55&menuId=PS03436,https://farmer.rda.go.kr/farmAttach/healthSafety/disasterPreventionVideo/movie_08_02.mp4,15:62|A0002603,https://farmer.rda.go.kr/portal/menu3/contentMainPlay.do?m_id=9002_55&menuId=PS03436,html/004_PS03436.html,농촌진흥청 농업인안전365,N,N
c2bbe00e8aca0f05,농업인 재해예방 영상,안전교육,환절기 축사 안전(6시내고향),동영상,05:01,301,,https://farmer.rda.go.kr/portal/menu3/contentMainPlay.do?m_id=9002_55&menuId=PS03436,https://farmer.rda.go.kr/farmAttach/healthSafety/disasterPreventionVideo/safetyFarm_3.mp4,15:63|A0002606,https://farmer.rda.go.kr/portal/menu3/contentMainPlay.do?m_id=9002_55&menuId=PS03436,html/004_PS03436.html,농촌진흥청 농업인안전365,N,N
7a5ec07f2ea5a55e,농업인 재해예방 영상,안전교육,미세먼지 예방법(6시내고향),동영상,05:08,308,,https://farmer.rda.go.kr/portal/menu3/contentMainPlay.do?m_id=9002_55&menuId=PS03436,https://farmer.rda.go.kr/farmAttach/healthSafety/disasterPreventionVideo/movie_08_04.mp4,15:64|A0002609,https://farmer.rda.go.kr/portal/menu3/contentMainPlay.do?m_id=9002_55&menuId=PS03436,html/004_PS03436.html,농촌진흥청 농업인안전365,N,N
9d4079a42ec21d5b,농업인 재해예방 영상,안전교육,농번기 안전사고 예방법(6시내고향),동영상,05:00,300,,https://farmer.rda.go.kr/portal/menu3/contentMainPlay.do?m_id=9002_55&menuId=PS03436,https://farmer.rda.go.kr/farmAttach/healthSafety/disasterPreventionVideo/movie_08_05.mp4,15:65|A0002612,https://farmer.rda.go.kr/portal/menu3/contentMainPlay.do?m_id=9002_55&menuId=PS03436,html/004_PS03436.html,농촌진흥청 농업인안전365,N,N
9be23db872434390,농업인 재해예방 영상,안전교육,농번기 안전사고 예방법 2편(6시내고향),동영상,05:14,314,,https://farmer.rda.go.kr/portal/menu3/contentMainPlay.do?m_id=9002_55&menuId=PS03436,https://farmer.rda.go.kr/farmAttach/healthSafety/disasterPreventionVideo/movie_08_06.mp4,15:66|A0002615,https://farmer.rda.go.kr/portal/menu3/contentMainPlay.do?m_id=9002_55&menuId=PS03436,html/004_PS03436.html,농촌진흥청 농업인안전365,N,N
2aa69ad923b27e4d,농업인 재해예방 영상,온열·한랭,폭염 대비! 농작업 안전관리(6시내고향),동영상,05:39,339,,https://farmer.rda.go.kr/portal/menu3/contentMainPlay.do?m_id=9002_55&menuId=PS03436,https://farmer.rda.go.kr/farmAttach/healthSafety/disasterPreventionVideo/movie_08_07.mp4,15:67|A0002618,https://farmer.rda.go.kr/portal/menu3/contentMainPlay.do?m_id=9002_55&menuId=PS03436,html/004_PS03436.html,농촌진흥청 농업인안전365,N,N
3e731314069805f9,농업인 재해예방 영상,안전교육,"우천시, 안전사고 예방법(6시내고향)",동영상,05:02,302,,https://farmer.rda.go.kr/portal/menu3/contentMainPlay.do?m_id=9002_55&menuId=PS03436,https://farmer.rda.go.kr/farmAttach/healthSafety/disasterPreventionVideo/movie_08_08.mp4,15:68|A0002621,https://farmer.rda.go.kr/portal/menu3/contentMainPlay.do?m_id=9002_55&menuId=PS03436,html/004_PS03436.html,농촌진흥청 농업인안전365,N,N
6051edee6f4be136,농업인 재해예방 영상,농약·화학물질,농약 안전사고 예방법(6시내고향),동영상,05:23,323,,https://farmer.rda.go.kr/portal/menu3/contentMainPlay.do?m_id=9002_55&menuId=PS03436,https://farmer.rda.go.kr/farmAttach/healthSafety/disasterPreventionVideo/(6시내고향)농약_안전사고_예방법(안농하세요_8월캠페인).mp4,15:69|A0002624,https://farmer.rda.go.kr/portal/menu3/contentMainPlay.do?m_id=9002_55&menuId=PS03436,html/004_PS03436.html,농촌진흥청 농업인안전365,N,N
18b7df373e9df474,농업인 재해예방 영상,안전교육,수확 철! 농업인 관절 건강 관리법(6시내고향),동영상,05:00,300,,https://farmer.rda.go.kr/portal/menu3/contentMainPlay.do?m_id=9002_55&menuId=PS03436,https://farmer.rda.go.kr/farmAttach/healthSafety/disasterPreventionVideo/(6시내고향)수확철!농업인_관절_건강_관리법(안농하세요9월캠페인).mp4,15:70|A0002627,https://farmer.rda.go.kr/portal/menu3/contentMainPlay.do?m_id=9002_55&menuId=PS03436,html/004_PS03436.html,농촌진흥청 농업인안전365,N,N
4effb71fceb38c37,농업인 재해예방 영상,농기계,수확 철! 농기계 안전사용법(6시내고향),동영상,05:04,304,,https://farmer.rda.go.kr/portal/menu3/contentMainPlay.do?m_id=9002_55&menuId=PS03436,https://farmer.rda.go.kr/farmAttach/healthSafety/disasterPreventionVideo/movie_10_01.mp4,15:71|A0002630,https://farmer.rda.go.kr/portal/menu3/contentMainPlay.do?m_id=9002_55&menuId=PS03436,html/004_PS03436.html,농촌진흥청 농업인안전365,N,N
2a00170448f71ca2,농업인 재해예방 영상,안전교육,겨울철! 농업 안전사고 예방법(6시내고향),동영상,05:01,301,,https://farmer.rda.go.kr/portal/menu3/contentMainPlay.do?m_id=9002_55&menuId=PS03436,https://farmer.rda.go.kr/farmAttach/healthSafety/disasterPreventionVideo/myhome_6clock_12.mp4,15:72|A0002632,https://farmer.rda.go.kr/portal/menu3/contentMainPlay.do?m_id=9002_55&menuId=PS03436,html/004_PS03436.html,농촌진흥청 농업인안전365,N,N
c3e1a0dad8595579,자료실,안전교육,(농업인 안전 기본교육자료) 농작업 안전재해 예방,첨부파일,,,2026-06-19,https://farmer.rda.go.kr/portal/menu1/board_viw.do?menuId=PS03447&m_id=9004_9052&m_mod=0&bbsId=8&nttSn=261&num=1&pageIndex=1,https://farmer.rda.go.kr/portal/contentsFileDownload.do?atchFileGroupCd=A0006281&fileSn=1,8:261,https://farmer.rda.go.kr/portal/menu1/board_lst.do?m_id=9004_9052&m_mod=0&menuId=PS03447,html/008_PS03447.html,농촌진흥청 농업인안전365,N,N
0ec7580e22c703ee,자료실,기타,저탄소 녹색성장을 위한 농업인 안전보건 강화 방안 한일공동세미나,첨부파일,,,2024-03-08,https://farmer.rda.go.kr/portal/menu1/board_viw.do?menuId=PS03447&m_id=9004_9052&m_mod=0&bbsId=8&nttSn=257&num=2&pageIndex=1,https://farmer.rda.go.kr/portal/contentsFileDownload.do?atchFileGroupCd=A0001597&fileSn=1,8:257,https://farmer.rda.go.kr/portal/menu1/board_lst.do?m_id=9004_9052&m_mod=0&menuId=PS03447,html/008_PS03447.html,농촌진흥청 농업인안전365,N,N
1d719c1498ce0314,자료실,기타,근로자 수준의 농업인 안전재해 예방방안 마련 국회 토론회,첨부파일,,,2024-03-08,https://farmer.rda.go.kr/portal/menu1/board_viw.do?menuId=PS03447&m_id=9004_9052&m_mod=0&bbsId=8&nttSn=90&num=3&pageIndex=1,https://farmer.rda.go.kr/portal/contentsFileDownload.do?atchFileGroupCd=A0001464&fileSn=1,8:90,https://farmer.rda.go.kr/portal/menu1/board_lst.do?m_id=9004_9052&m_mod=0&menuId=PS03447,html/008_PS03447.html,농촌진흥청 농업인안전365,N,N
05e9f80561f0fd7b,자료실,기타,농어업인의 안전보험 및 안전재해예방에 관한 법률 시행규칙,첨부파일,,,2024-03-07,https://farmer.rda.go.kr/portal/menu1/board_viw.do?menuId=PS03447&m_id=9004_9052&m_mod=0&bbsId=8&nttSn=91&num=4&pageIndex=1,https://farmer.rda.go.kr/portal/contentsFileDownload.do?atchFileGroupCd=A0001465&fileSn=1,8:91,https://farmer.rda.go.kr/portal/menu1/board_lst.do?m_id=9004_9052&m_mod=0&menuId=PS03447,html/008_PS03447.html,농촌진흥청 농업인안전365,N,N
6c21a54748d34fbb,자료실,기타,농어업인의 안전보험 및 안전재해예방에 관한 법률 시행령,첨부파일,,,2024-03-07,https://farmer.rda.go.kr/portal/menu1/board_viw.do?menuId=PS03447&m_id=9004_9052&m_mod=0&bbsId=8&nttSn=93&num=5&pageIndex=1,https://farmer.rda.go.kr/portal/contentsFileDownload.do?atchFileGroupCd=A0001467&fileSn=1,8:93,https://farmer.rda.go.kr/portal/menu1/board_lst.do?m_id=9004_9052&m_mod=0&menuId=PS03447,html/008_PS03447.html,농촌진흥청 농업인안전365,N,N
539cea83d2076b56,자료실,기타,농어업인의 안전보험 및 안전재해예방에 관한 법률,첨부파일,,,2024-03-07,https://farmer.rda.go.kr/portal/menu1/board_viw.do?menuId=PS03447&m_id=9004_9052&m_mod=0&bbsId=8&nttSn=92&num=6&pageIndex=1,https://farmer.rda.go.kr/portal/contentsFileDownload.do?atchFileGroupCd=A0001466&fileSn=1,8:92,https://farmer.rda.go.kr/portal/menu1/board_lst.do?m_id=9004_9052&m_mod=0&menuId=PS03447,html/008_PS03447.html,농촌진흥청 농업인안전365,N,N
e7242796a97a083c,자료실,기타,농업인 건강과 안전대책 마련을 위한 1차 워크숍 자료 (2004),첨부파일,,,2024-03-06,https://farmer.rda.go.kr/portal/menu1/board_viw.do?menuId=PS03447&m_id=9004_9052&m_mod=0&bbsId=8&nttSn=258&num=7&pageIndex=1,https://farmer.rda.go.kr/portal/contentsFileDownload.do?atchFileGroupCd=A0001598&fileSn=1,8:258,https://farmer.rda.go.kr/portal/menu1/board_lst.do?m_id=9004_9052&m_mod=0&menuId=PS03447,html/008_PS03447.html,농촌진흥청 농업인안전365,N,N
cca4627a4c0b6b8f,자료실,간행물,(리플릿) 농작업안전 자가점검 체크리스트(영어),첨부파일,,,2023-09-04,https://farmer.rda.go.kr/portal/menu1/board_viw.do?menuId=PS03447&m_id=9004_9052&m_mod=0&bbsId=8&nttSn=99&num=8&pageIndex=1,https://farmer.rda.go.kr/portal/contentsFileDownload.do?atchFileGroupCd=A0001473&fileSn=1,8:99,https://farmer.rda.go.kr/portal/menu1/board_lst.do?m_id=9004_9052&m_mod=0&menuId=PS03447,html/008_PS03447.html,농촌진흥청 농업인안전365,N,N
144887a0f9a1cff4,자료실,간행물,(리플릿) 농작업안전 자가점검 체크리스트(중국어),첨부파일,,,2023-09-04,https://farmer.rda.go.kr/portal/menu1/board_viw.do?menuId=PS03447&m_id=9004_9052&m_mod=0&bbsId=8&nttSn=100&num=9&pageIndex=1,https://farmer.rda.go.kr/portal/contentsFileDownload.do?atchFileGroupCd=A0001474&fileSn=1,8:100,https://farmer.rda.go.kr/portal/menu1/board_lst.do?m_id=9004_9052&m_mod=0&menuId=PS03447,html/008_PS03447.html,농촌진흥청 농업인안전365,N,N
f62ec4412c53cd6c,자료실,간행물,(리플릿) 농작업안전 자가점검 체크리스트(태국어),첨부파일,,,2023-09-04,https://farmer.rda.go.kr/portal/menu1/board_viw.do?menuId=PS03447&m_id=9004_9052&m_mod=0&bbsId=8&nttSn=102&num=10&pageIndex=1,https://farmer.rda.go.kr/portal/contentsFileDownload.do?atchFileGroupCd=A0001476&fileSn=1,8:102,https://farmer.rda.go.kr/portal/menu1/board_lst.do?m_id=9004_9052&m_mod=0&menuId=PS03447,html/008_PS03447.html,농촌진흥청 농업인안전365,N,N
b726737e8254e688,예방체조,예방체조,총괄편,동영상,25:06,1506,,https://farmer.rda.go.kr/portal/menu3/mctmdContentPlay.do?m_id=9000_7272&menuId=PS64146,https://farmer.rda.go.kr/farmAttach/healthSafety/preventionGymnastics/A0002635_1.mp4,16:1|A0002635,https://farmer.rda.go.kr/portal/menu3/mctmdContentPlay.do?m_id=9000_7272&menuId=PS64146,html/010_PS64146.html,농촌진흥청 농업인안전365,N,N
7b38d29742907ae8,예방체조,예방체조,과수작업,동영상,07:07,427,,https://farmer.rda.go.kr/portal/menu3/mctmdContentPlay.do?m_id=9000_7272&menuId=PS64146,https://farmer.rda.go.kr/farmAttach/healthSafety/preventionGymnastics/A0002638_1.mp4,16:2|A0002638,https://farmer.rda.go.kr/portal/menu3/mctmdContentPlay.do?m_id=9000_7272&menuId=PS64146,html/010_PS64146.html,농촌진흥청 농업인안전365,N,N
47a10dd78af1f09b,예방체조,예방체조,노지작업,동영상,05:43,343,,https://farmer.rda.go.kr/portal/menu3/mctmdContentPlay.do?m_id=9000_7272&menuId=PS64146,https://farmer.rda.go.kr/farmAttach/healthSafety/preventionGymnastics/A0002641_1.mp4,16:3|A0002641,https://farmer.rda.go.kr/portal/menu3/mctmdContentPlay.do?m_id=9000_7272&menuId=PS64146,html/010_PS64146.html,농촌진흥청 농업인안전365,N,N
4d3fe32d7b2e8007,예방체조,근골격계,중량물작업,동영상,07:40,460,,https://farmer.rda.go.kr/portal/menu3/mctmdContentPlay.do?m_id=9000_7272&menuId=PS64146,https://farmer.rda.go.kr/farmAttach/healthSafety/preventionGymnastics/A0002644_1.mp4,16:4|A0002644,https://farmer.rda.go.kr/portal/menu3/mctmdContentPlay.do?m_id=9000_7272&menuId=PS64146,html/010_PS64146.html,농촌진흥청 농업인안전365,N,N
1f76e66fdba24b93,예방체조,예방체조,고령농업인,동영상,05:53,353,,https://farmer.rda.go.kr/portal/menu3/mctmdContentPlay.do?m_id=9000_7272&menuId=PS64146,https://farmer.rda.go.kr/farmAttach/healthSafety/preventionGymnastics/A0002647_1.mp4,16:5|A0002647,https://farmer.rda.go.kr/portal/menu3/mctmdContentPlay.do?m_id=9000_7272&menuId=PS64146,html/010_PS64146.html,농촌진흥청 농업인안전365,N,N
4320e18cec14db8a,예방체조,예방체조,준비체조,동영상,10:41,641,,https://farmer.rda.go.kr/portal/menu3/mctmdContentPlay.do?m_id=9000_7272&menuId=PS64146,https://farmer.rda.go.kr/farmAttach/healthSafety/preventionGymnastics/A0002650_1.mp4,16:6|A0002650,https://farmer.rda.go.kr/portal/menu3/mctmdContentPlay.do?m_id=9000_7272&menuId=PS64146,html/010_PS64146.html,농촌진흥청 농업인안전365,N,N
142f347abae3475f,예방체조,예방체조,유산소체조,동영상,11:38,698,,https://farmer.rda.go.kr/portal/menu3/mctmdContentPlay.do?m_id=9000_7272&menuId=PS64146,https://farmer.rda.go.kr/farmAttach/healthSafety/preventionGymnastics/A0002653_1.mp4,16:7|A0002653,https://farmer.rda.go.kr/portal/menu3/mctmdContentPlay.do?m_id=9000_7272&menuId=PS64146,html/010_PS64146.html,농촌진흥청 농업인안전365,N,N
f1ab9e8b13553eda,예방체조,근골격계,자세/호흡법,동영상,12:10,730,,https://farmer.rda.go.kr/portal/menu3/mctmdContentPlay.do?m_id=9000_7272&menuId=PS64146,https://farmer.rda.go.kr/farmAttach/healthSafety/preventionGymnastics/A0002656_1.mp4,16:8|A0002656,https://farmer.rda.go.kr/portal/menu3/mctmdContentPlay.do?m_id=9000_7272&menuId=PS64146,html/010_PS64146.html,농촌진흥청 농업인안전365,N,N
6a008fec0ab1748e,예방체조,예방체조,요통예방 Ⅰ,동영상,10:05,605,,https://farmer.rda.go.kr/portal/menu3/mctmdContentPlay.do?m_id=9000_7272&menuId=PS64146,https://farmer.rda.go.kr/farmAttach/healthSafety/preventionGymnastics/A0002659_1.mp4,16:9|A0002659,https://farmer.rda.go.kr/portal/menu3/mctmdContentPlay.do?m_id=9000_7272&menuId=PS64146,html/010_PS64146.html,농촌진흥청 농업인안전365,N,N
e8042578c56dbba7,예방체조,근골격계,어깨통증예방 Ⅰ,동영상,12:37,757,,https://farmer.rda.go.kr/portal/menu3/mctmdContentPlay.do?m_id=9000_7272&menuId=PS64146,https://farmer.rda.go.kr/farmAttach/healthSafety/preventionGymnastics/A0002662_1.mp4,16:10|A0002662,https://farmer.rda.go.kr/portal/menu3/mctmdContentPlay.do?m_id=9000_7272&menuId=PS64146,html/010_PS64146.html,농촌진흥청 농업인안전365,N,N
fb77058088c3e0a1,예방체조,예방체조,골다공증 예방 Ⅰ,동영상,11:09,669,,https://farmer.rda.go.kr/portal/menu3/mctmdContentPlay.do?m_id=9000_7272&menuId=PS64146,https://farmer.rda.go.kr/farmAttach/healthSafety/preventionGymnastics/예방체조_근골격계질환 예방 체조_골다공증예방I.mp4,16:11|A0002665,https://farmer.rda.go.kr/portal/menu3/mctmdContentPlay.do?m_id=9000_7272&menuId=PS64146,html/010_PS64146.html,농촌진흥청 농업인안전365,N,N
2605a430f993dc61,예방체조,예방체조,관절염예방 Ⅰ,동영상,10:16,616,,https://farmer.rda.go.kr/portal/menu3/mctmdContentPlay.do?m_id=9000_7272&menuId=PS64146,https://farmer.rda.go.kr/farmAttach/healthSafety/preventionGymnastics/예방체조_근골격계질환 예방 체조_관절염예방I.mp4,16:12|A0002668,https://farmer.rda.go.kr/portal/menu3/mctmdContentPlay.do?m_id=9000_7272&menuId=PS64146,html/010_PS64146.html,농촌진흥청 농업인안전365,N,N
fc2186e42c1f0110,예방체조,예방체조,수건체조,동영상,10:03,603,,https://farmer.rda.go.kr/portal/menu3/mctmdContentPlay.do?m_id=9000_7272&menuId=PS64146,https://farmer.rda.go.kr/farmAttach/healthSafety/preventionGymnastics/예방체조_근골격계질환 예방 체조_수건체조.mp4,16:13|A0002671,https://farmer.rda.go.kr/portal/menu3/mctmdContentPlay.do?m_id=9000_7272&menuId=PS64146,html/010_PS64146.html,농촌진흥청 농업인안전365,N,N
d039ad2ac2b88e23,예방체조,예방체조,요통예방 Ⅱ,동영상,10:50,650,,https://farmer.rda.go.kr/portal/menu3/mctmdContentPlay.do?m_id=9000_7272&menuId=PS64146,https://farmer.rda.go.kr/farmAttach/healthSafety/preventionGymnastics/예방체조_근골격계질환 예방 체조_요통예방II.mp4,16:14|A0002674,https://farmer.rda.go.kr/portal/menu3/mctmdContentPlay.do?m_id=9000_7272&menuId=PS64146,html/010_PS64146.html,농촌진흥청 농업인안전365,N,N
7317dc67c85089d2,예방체조,근골격계,어깨통증예방 Ⅱ,동영상,12:25,745,,https://farmer.rda.go.kr/portal/menu3/mctmdContentPlay.do?m_id=9000_7272&menuId=PS64146,https://farmer.rda.go.kr/farmAttach/healthSafety/preventionGymnastics/예방체조_근골격계질환 예방 체조_어깨통증예방II.mp4,16:15|A0002677,https://farmer.rda.go.kr/portal/menu3/mctmdContentPlay.do?m_id=9000_7272&menuId=PS64146,html/010_PS64146.html,농촌진흥청 농업인안전365,N,N
97f9b66dc42e9c1f,예방체조,예방체조,골다공증예방 Ⅱ,동영상,11:24,684,,https://farmer.rda.go.kr/portal/menu3/mctmdContentPlay.do?m_id=9000_7272&menuId=PS64146,https://farmer.rda.go.kr/farmAttach/healthSafety/preventionGymnastics/예방체조_근골격계질환 예방 체조_골다공증예방II.mp4,16:16|A0002680,https://farmer.rda.go.kr/portal/menu3/mctmdContentPlay.do?m_id=9000_7272&menuId=PS64146,html/010_PS64146.html,농촌진흥청 농업인안전365,N,N
c2b26c2d9827f46a,예방체조,예방체조,관절염예방 Ⅱ,동영상,11:34,694,,https://farmer.rda.go.kr/portal/menu3/mctmdContentPlay.do?m_id=9000_7272&menuId=PS64146,https://farmer.rda.go.kr/farmAttach/healthSafety/preventionGymnastics/예방체조_근골격계질환 예방 체조_관절염예방II.mp4,16:17|A0002683,https://farmer.rda.go.kr/portal/menu3/mctmdContentPlay.do?m_id=9000_7272&menuId=PS64146,html/010_PS64146.html,농촌진흥청 농업인안전365,N,N
592a73ad8cb6fe9b,예방체조,예방체조,의자체조,동영상,11:16,676,,https://farmer.rda.go.kr/portal/menu3/mctmdContentPlay.do?m_id=9000_7272&menuId=PS64146,https://farmer.rda.go.kr/farmAttach/healthSafety/preventionGymnastics/예방체조_근골격계질환 예방 체조_의자체조.mp4,16:18|A0002686,https://farmer.rda.go.kr/portal/menu3/mctmdContentPlay.do?m_id=9000_7272&menuId=PS64146,html/010_PS64146.html,농촌진흥청 농업인안전365,N,N
00f4a28fb8069fd0,예방체조,예방체조,짝체조,동영상,10:01,601,,https://farmer.rda.go.kr/portal/menu3/mctmdContentPlay.do?m_id=9000_7272&menuId=PS64146,https://farmer.rda.go.kr/farmAttach/healthSafety/preventionGymnastics/예방체조_근골격계질환 예방 체조_짝체조.mp4,16:19|A0002689,https://farmer.rda.go.kr/portal/menu3/mctmdContentPlay.do?m_id=9000_7272&menuId=PS64146,html/010_PS64146.html,농촌진흥청 농업인안전365,N,N
4729438a0b18024a,예방체조,예방체조,봉체조,동영상,10:00,600,,https://farmer.rda.go.kr/portal/menu3/mctmdContentPlay.do?m_id=9000_7272&menuId=PS64146,https://farmer.rda.go.kr/farmAttach/healthSafety/preventionGymnastics/예방체조_근골격계질환 예방 체조_봉체조.mp4,16:20|A0002692,https://farmer.rda.go.kr/portal/menu3/mctmdContentPlay.do?m_id=9000_7272&menuId=PS64146,html/010_PS64146.html,농촌진흥청 농업인안전365,N,N
d73de8ea48242064,예방체조,예방체조,연속동작,동영상,10:10,610,,https://farmer.rda.go.kr/portal/menu3/mctmdContentPlay.do?m_id=9000_7272&menuId=PS64146,https://farmer.rda.go.kr/farmAttach/healthSafety/preventionGymnastics/예방체조_근골격계질환 예방 체조_연속동작.mp4,16:21|A0002695,https://farmer.rda.go.kr/portal/menu3/mctmdContentPlay.do?m_id=9000_7272&menuId=PS64146,html/010_PS64146.html,농촌진흥청 농업인안전365,N,N
cc4aecd2b36b06d6,예방체조,근골격계,어깨운동 전체동작,동영상,03:46,226,,https://farmer.rda.go.kr/portal/menu3/mctmdContentPlay.do?m_id=9000_7272&menuId=PS64146,https://farmer.rda.go.kr/farmAttach/healthSafety/preventionGymnastics/예방체조_스트레칭(기본)_(어깨운동)어깨운동 전체동작.mp4,16:22|A0002698,https://farmer.rda.go.kr/portal/menu3/mctmdContentPlay.do?m_id=9000_7272&menuId=PS64146,html/010_PS64146.html,농촌진흥청 농업인안전365,N,N
345df3cb09e31a4a,예방체조,근골격계,팔펴고 어깨돌리기,동영상,00:24,24,,https://farmer.rda.go.kr/portal/menu3/mctmdContentPlay.do?m_id=9000_7272&menuId=PS64146,https://farmer.rda.go.kr/farmAttach/healthSafety/preventionGymnastics/예방체조_스트레칭(기본)_(어깨운동)팔펴고 어깨돌리기.mp4,16:23|A0002700,https://farmer.rda.go.kr/portal/menu3/mctmdContentPlay.do?m_id=9000_7272&menuId=PS64146,html/010_PS64146.html,농촌진흥청 농업인안전365,N,N
91e852ae8fbf6105,예방체조,근골격계,손모아 어깨돌리기,동영상,00:24,24,,https://farmer.rda.go.kr/portal/menu3/mctmdContentPlay.do?m_id=9000_7272&menuId=PS64146,https://farmer.rda.go.kr/farmAttach/healthSafety/preventionGymnastics/예방체조_스트레칭(기본)_(어깨운동)손모아 어깨돌리기.mp4,16:24|A0002702,https://farmer.rda.go.kr/portal/menu3/mctmdContentPlay.do?m_id=9000_7272&menuId=PS64146,html/010_PS64146.html,농촌진흥청 농업인안전365,N,N
e3452d34cd7a78e9,예방체조,근골격계,가슴펴고 어깨펴기,동영상,00:12,12,,https://farmer.rda.go.kr/portal/menu3/mctmdContentPlay.do?m_id=9000_7272&menuId=PS64146,https://farmer.rda.go.kr/farmAttach/healthSafety/preventionGymnastics/예방체조_스트레칭(기본)_(어깨운동)가슴펴고 어깨펴기.mp4,16:25|A0002704,https://farmer.rda.go.kr/portal/menu3/mctmdContentPlay.do?m_id=9000_7272&menuId=PS64146,html/010_PS64146.html,농촌진흥청 농업인안전365,N,N
46817f1575e77a58,예방체조,예방체조,깍지끼고 가슴펴기,동영상,00:10,10,,https://farmer.rda.go.kr/portal/menu3/mctmdContentPlay.do?m_id=9000_7272&menuId=PS64146,https://farmer.rda.go.kr/farmAttach/healthSafety/preventionGymnastics/예방체조_스트레칭(기본)_(어깨운동)깍지끼고가슴펴기.mp4,16:26|A0002706,https://farmer.rda.go.kr/portal/menu3/mctmdContentPlay.do?m_id=9000_7272&menuId=PS64146,html/010_PS64146.html,농촌진흥청 농업인안전365,N,N
029e2b7c5f1754a3,예방체조,예방체조,머리잡고당기기,동영상,00:12,12,,https://farmer.rda.go.kr/portal/menu3/mctmdContentPlay.do?m_id=9000_7272&menuId=PS64146,https://farmer.rda.go.kr/farmAttach/healthSafety/preventionGymnastics/예방체조_스트레칭(기본)_(어깨운동)머리잡고당기기.mp4,16:27|A0002708,https://farmer.rda.go.kr/portal/menu3/mctmdContentPlay.do?m_id=9000_7272&menuId=PS64146,html/010_PS64146.html,농촌진흥청 농업인안전365,N,N
7652bf149f1e9d54,예방체조,예방체조,팔교차당기기,동영상,00:11,11,,https://farmer.rda.go.kr/portal/menu3/mctmdContentPlay.do?m_id=9000_7272&menuId=PS64146,https://farmer.rda.go.kr/farmAttach/healthSafety/preventionGymnastics/예방체조_스트레칭(기본)_(어깨운동)팔교차당기기.mp4,16:28|A0002710,https://farmer.rda.go.kr/portal/menu3/mctmdContentPlay.do?m_id=9000_7272&menuId=PS64146,html/010_PS64146.html,농촌진흥청 농업인안전365,N,N
53486fc8557839bf,예방체조,예방체조,팔구부려늘리기,동영상,00:12,12,,https://farmer.rda.go.kr/portal/menu3/mctmdContentPlay.do?m_id=9000_7272&menuId=PS64146,https://farmer.rda.go.kr/farmAttach/healthSafety/preventionGymnastics/예방체조_스트레칭(기본)_(어깨운동)팔구부려늘리기.mp4,16:29|A0002712,https://farmer.rda.go.kr/portal/menu3/mctmdContentPlay.do?m_id=9000_7272&menuId=PS64146,html/010_PS64146.html,농촌진흥청 농업인안전365,N,N
e1e06f2cdc4f4408,예방체조,예방체조,등뒤로깍지끼기,동영상,00:23,23,,https://farmer.rda.go.kr/portal/menu3/mctmdContentPlay.do?m_id=9000_7272&menuId=PS64146,https://farmer.rda.go.kr/farmAttach/healthSafety/preventionGymnastics/예방체조_스트레칭(기본)_(어깨운동)등뒤로깍지끼기.mp4,16:30|A0002714,https://farmer.rda.go.kr/portal/menu3/mctmdContentPlay.do?m_id=9000_7272&menuId=PS64146,html/010_PS64146.html,농촌진흥청 농업인안전365,N,N
fe80132ae535d8a6,예방체조,예방체조,손뒤로넘기기,동영상,00:11,11,,https://farmer.rda.go.kr/portal/menu3/mctmdContentPlay.do?m_id=9000_7272&menuId=PS64146,https://farmer.rda.go.kr/farmAttach/healthSafety/preventionGymnastics/예방체조_스트레칭(기본)_(어깨운동)손뒤로넘기기.mp4,16:31|A0002716,https://farmer.rda.go.kr/portal/menu3/mctmdContentPlay.do?m_id=9000_7272&menuId=PS64146,html/010_PS64146.html,농촌진흥청 농업인안전365,N,N
a95ac6dcb5d38b86,예방체조,예방체조,손목풀기,동영상,00:27,27,,https://farmer.rda.go.kr/portal/menu3/mctmdContentPlay.do?m_id=9000_7272&menuId=PS64146,https://farmer.rda.go.kr/farmAttach/healthSafety/preventionGymnastics/예방체조_스트레칭(기본)_(어깨운동)손목풀기.mp4,16:32|A0002718,https://farmer.rda.go.kr/portal/menu3/mctmdContentPlay.do?m_id=9000_7272&menuId=PS64146,html/010_PS64146.html,농촌진흥청 농업인안전365,N,N
056876fe0d807c85,예방체조,예방체조,수건이용 스트레칭,동영상,00:29,29,,https://farmer.rda.go.kr/portal/menu3/mctmdContentPlay.do?m_id=9000_7272&menuId=PS64146,https://farmer.rda.go.kr/farmAttach/healthSafety/preventionGymnastics/예방체조_스트레칭(기본)_(어깨운동)수건이용스트레칭.mp4,16:33|A0002720,https://farmer.rda.go.kr/portal/menu3/mctmdContentPlay.do?m_id=9000_7272&menuId=PS64146,html/010_PS64146.html,농촌진흥청 농업인안전365,N,N
189fd33bf004a638,예방체조,근골격계,허리운동 전체동작,동영상,03:24,204,,https://farmer.rda.go.kr/portal/menu3/mctmdContentPlay.do?m_id=9000_7272&menuId=PS64146,https://farmer.rda.go.kr/farmAttach/healthSafety/preventionGymnastics/예방체조_스트레칭(기본)_(허리운동)허리운동전체동작.mp4,16:34|A0002723,https://farmer.rda.go.kr/portal/menu3/mctmdContentPlay.do?m_id=9000_7272&menuId=PS64146,html/010_PS64146.html,농촌진흥청 농업인안전365,N,N
ba8abe8d0e7aaf06,예방체조,예방체조,전신뻗기,동영상,00:14,14,,https://farmer.rda.go.kr/portal/menu3/mctmdContentPlay.do?m_id=9000_7272&menuId=PS64146,https://farmer.rda.go.kr/farmAttach/healthSafety/preventionGymnastics/예방체조_스트레칭(기본)_(허리운동)전신뻗기.mp4,16:35|A0002725,https://farmer.rda.go.kr/portal/menu3/mctmdContentPlay.do?m_id=9000_7272&menuId=PS64146,html/010_PS64146.html,농촌진흥청 농업인안전365,N,N
20319cfdfbc272ba,예방체조,근골격계,허리뒤틀기,동영상,00:11,11,,https://farmer.rda.go.kr/portal/menu3/mctmdContentPlay.do?m_id=9000_7272&menuId=PS64146,https://farmer.rda.go.kr/farmAttach/healthSafety/preventionGymnastics/예방체조_스트레칭(기본)_(허리운동)허리뒤틀기.mp4,16:36|A0002727,https://farmer.rda.go.kr/portal/menu3/mctmdContentPlay.do?m_id=9000_7272&menuId=PS64146,html/010_PS64146.html,농촌진흥청 농업인안전365,N,N
267442e582da562d,예방체조,예방체조,하부몸통비틀기,동영상,00:12,12,,https://farmer.rda.go.kr/portal/menu3/mctmdContentPlay.do?m_id=9000_7272&menuId=PS64146,https://farmer.rda.go.kr/farmAttach/healthSafety/preventionGymnastics/예방체조_스트레칭(기본)_(허리운동)하부몸통비틀기.mp4,16:37|A0002729,https://farmer.rda.go.kr/portal/menu3/mctmdContentPlay.do?m_id=9000_7272&menuId=PS64146,html/010_PS64146.html,농촌진흥청 농업인안전365,N,N
b9d5f3e5f798369f,예방체조,예방체조,온몸펴서버티기 Ⅰ,동영상,00:11,11,,https://farmer.rda.go.kr/portal/menu3/mctmdContentPlay.do?m_id=9000_7272&menuId=PS64146,https://farmer.rda.go.kr/farmAttach/healthSafety/preventionGymnastics/예방체조_스트레칭(기본)_(허리운동)온몸펴서버티기I.mp4,16:38|A0002731,https://farmer.rda.go.kr/portal/menu3/mctmdContentPlay.do?m_id=9000_7272&menuId=PS64146,html/010_PS64146.html,농촌진흥청 농업인안전365,N,N
8a2540cc6ab248a8,예방체조,예방체조,비켜일으켜정지,동영상,00:10,10,,https://farmer.rda.go.kr/portal/menu3/mctmdContentPlay.do?m_id=9000_7272&menuId=PS64146,https://farmer.rda.go.kr/farmAttach/healthSafety/preventionGymnastics/예방체조_스트레칭(기본)_(허리운동)비켜일으켜정지.mp4,16:39|A0002733,https://farmer.rda.go.kr/portal/menu3/mctmdContentPlay.do?m_id=9000_7272&menuId=PS64146,html/010_PS64146.html,농촌진흥청 농업인안전365,N,N
31bbc08ffd6bf02c,예방체조,예방체조,다리들어올리기,동영상,00:11,11,,https://farmer.rda.go.kr/portal/menu3/mctmdContentPlay.do?m_id=9000_7272&menuId=PS64146,https://farmer.rda.go.kr/farmAttach/healthSafety/preventionGymnastics/예방체조_스트레칭(기본)_(허리운동)다리들어올리기.mp4,16:40|A0002735,https://farmer.rda.go.kr/portal/menu3/mctmdContentPlay.do?m_id=9000_7272&menuId=PS64146,html/010_PS64146.html,농촌진흥청 농업인안전365,N,N
5c5ca31e0109c29e,예방체조,근골격계,무릎꿇고엎드리기,동영상,00:18,18,,https://farmer.rda.go.kr/portal/menu3/mctmdContentPlay.do?m_id=9000_7272&menuId=PS64146,https://farmer.rda.go.kr/farmAttach/healthSafety/preventionGymnastics/예방체조_스트레칭(기본)_(허리운동)무릎꿇고엎드리기.mp4,16:41|A0002737,https://farmer.rda.go.kr/portal/menu3/mctmdContentPlay.do?m_id=9000_7272&menuId=PS64146,html/010_PS64146.html,농촌진흥청 농업인안전365,N,N
278ea64fbb1fb178,예방체조,예방체조,상체들어올리기,동영상,00:12,12,,https://farmer.rda.go.kr/portal/menu3/mctmdContentPlay.do?m_id=9000_7272&menuId=PS64146,https://farmer.rda.go.kr/farmAttach/healthSafety/preventionGymnastics/예방체조_스트레칭(기본)_(허리운동)상체들어올리기.mp4,16:42|A0002739,https://farmer.rda.go.kr/portal/menu3/mctmdContentPlay.do?m_id=9000_7272&menuId=PS64146,html/010_PS64146.html,농촌진흥청 농업인안전365,N,N
b3c654212453942a,예방체조,예방체조,온몸펴서버티기 Ⅱ,동영상,00:11,11,,https://farmer.rda.go.kr/portal/menu3/mctmdContentPlay.do?m_id=9000_7272&menuId=PS64146,https://farmer.rda.go.kr/farmAttach/healthSafety/preventionGymnastics/예방체조_스트레칭(기본)_(허리운동)온몸펴서버티기II.mp4,16:43|A0002741,https://farmer.rda.go.kr/portal/menu3/mctmdContentPlay.do?m_id=9000_7272&menuId=PS64146,html/010_PS64146.html,농촌진흥청 농업인안전365,N,N
ec548dcea1cde789,예방체조,예방체조,교차팔다리들기,동영상,00:14,14,,https://farmer.rda.go.kr/portal/menu3/mctmdContentPlay.do?m_id=9000_7272&menuId=PS64146,https://farmer.rda.go.kr/farmAttach/healthSafety/preventionGymnastics/예방체조_스트레칭(기본)_(허리운동)교차팔다리들기.mp4,16:44|A0002743,https://farmer.rda.go.kr/portal/menu3/mctmdContentPlay.do?m_id=9000_7272&menuId=PS64146,html/010_PS64146.html,농촌진흥청 농업인안전365,N,N
30e8029c50139c4a,예방체조,예방체조,벽이용스트레칭 Ⅰ,동영상,00:25,25,,https://farmer.rda.go.kr/portal/menu3/mctmdContentPlay.do?m_id=9000_7272&menuId=PS64146,https://farmer.rda.go.kr/farmAttach/healthSafety/preventionGymnastics/예방체조_스트레칭(기본)_(허리운동)벽이용스트레칭I.mp4,16:45|A0002745,https://farmer.rda.go.kr/portal/menu3/mctmdContentPlay.do?m_id=9000_7272&menuId=PS64146,html/010_PS64146.html,농촌진흥청 농업인안전365,N,N
443c5774a9329c50,예방체조,예방체조,벽이용스트레칭 Ⅱ,동영상,00:14,14,,https://farmer.rda.go.kr/portal/menu3/mctmdContentPlay.do?m_id=9000_7272&menuId=PS64146,https://farmer.rda.go.kr/farmAttach/healthSafety/preventionGymnastics/예방체조_스트레칭(기본)_(허리운동)벽이용스트레칭II.mp4,16:46|A0002747,https://farmer.rda.go.kr/portal/menu3/mctmdContentPlay.do?m_id=9000_7272&menuId=PS64146,html/010_PS64146.html,농촌진흥청 농업인안전365,N,N
c6a130063f7a6016,예방체조,근골격계,무릎운동 전체동작,동영상,03:19,199,,https://farmer.rda.go.kr/portal/menu3/mctmdContentPlay.do?m_id=9000_7272&menuId=PS64146,https://farmer.rda.go.kr/farmAttach/healthSafety/preventionGymnastics/예방체조_스트레칭(기본)_(무릎운동)무릎운동전체동작.mp4,16:47|A0002750,https://farmer.rda.go.kr/portal/menu3/mctmdContentPlay.do?m_id=9000_7272&menuId=PS64146,html/010_PS64146.html,농촌진흥청 농업인안전365,N,N
2ad177e4123becb0,예방체조,예방체조,쪼그려다리펴기,동영상,00:13,13,,https://farmer.rda.go.kr/portal/menu3/mctmdContentPlay.do?m_id=9000_7272&menuId=PS64146,https://farmer.rda.go.kr/farmAttach/healthSafety/preventionGymnastics/예방체조_스트레칭(기본)_(무릎운동)쪼그려다리펴기.mp4,16:48|A0002752,https://farmer.rda.go.kr/portal/menu3/mctmdContentPlay.do?m_id=9000_7272&menuId=PS64146,html/010_PS64146.html,농촌진흥청 농업인안전365,N,N
beb8a78fe2577b30,예방체조,예방체조,제자리달리기,동영상,00:12,12,,https://farmer.rda.go.kr/portal/menu3/mctmdContentPlay.do?m_id=9000_7272&menuId=PS64146,https://farmer.rda.go.kr/farmAttach/healthSafety/preventionGymnastics/예방체조_스트레칭(기본)_(무릎운동)제자리달리기.mp4,16:49|A0002754,https://farmer.rda.go.kr/portal/menu3/mctmdContentPlay.do?m_id=9000_7272&menuId=PS64146,html/010_PS64146.html,농촌진흥청 농업인안전365,N,N
4ecef9b48ba00894,예방체조,예방체조,앞발타고뻗기,동영상,00:11,11,,https://farmer.rda.go.kr/portal/menu3/mctmdContentPlay.do?m_id=9000_7272&menuId=PS64146,https://farmer.rda.go.kr/farmAttach/healthSafety/preventionGymnastics/예방체조_스트레칭(기본)_(무릎운동)앞발타고뻗기.mp4,16:50|A0002756,https://farmer.rda.go.kr/portal/menu3/mctmdContentPlay.do?m_id=9000_7272&menuId=PS64146,html/010_PS64146.html,농촌진흥청 농업인안전365,N,N
1fe8d64383bd6540,예방체조,예방체조,뒷발로관절치기,동영상,00:11,11,,https://farmer.rda.go.kr/portal/menu3/mctmdContentPlay.do?m_id=9000_7272&menuId=PS64146,https://farmer.rda.go.kr/farmAttach/healthSafety/preventionGymnastics/예방체조_스트레칭(기본)_(무릎운동)뒷발로관절치기.mp4,16:51|A0002758,https://farmer.rda.go.kr/portal/menu3/mctmdContentPlay.do?m_id=9000_7272&menuId=PS64146,html/010_PS64146.html,농촌진흥청 농업인안전365,N,N
0eb45368d8db9130,예방체조,근골격계,무릎눌러주기,동영상,00:11,11,,https://farmer.rda.go.kr/portal/menu3/mctmdContentPlay.do?m_id=9000_7272&menuId=PS64146,https://farmer.rda.go.kr/farmAttach/healthSafety/preventionGymnastics/예방체조_스트레칭(기본)_(무릎운동)무릎눌러주기.mp4,16:52|A0002760,https://farmer.rda.go.kr/portal/menu3/mctmdContentPlay.do?m_id=9000_7272&menuId=PS64146,html/010_PS64146.html,농촌진흥청 농업인안전365,N,N
3cbe5f275b7600ab,예방체조,예방체조,측면으로다리펴기,동영상,00:22,22,,https://farmer.rda.go.kr/portal/menu3/mctmdContentPlay.do?m_id=9000_7272&menuId=PS64146,https://farmer.rda.go.kr/farmAttach/healthSafety/preventionGymnastics/예방체조_스트레칭(기본)_(무릎운동)측면으로다리펴기.mp4,16:53|A0002762,https://farmer.rda.go.kr/portal/menu3/mctmdContentPlay.do?m_id=9000_7272&menuId=PS64146,html/010_PS64146.html,농촌진흥청 농업인안전365,N,N
f52cde45a4f55724,예방체조,예방체조,다리모으기,동영상,00:12,12,,https://farmer.rda.go.kr/portal/menu3/mctmdContentPlay.do?m_id=9000_7272&menuId=PS64146,https://farmer.rda.go.kr/farmAttach/healthSafety/preventionGymnastics/예방체조_스트레칭(기본)_(무릎운동)다리모으기.mp4,16:54|A0002764,https://farmer.rda.go.kr/portal/menu3/mctmdContentPlay.do?m_id=9000_7272&menuId=PS64146,html/010_PS64146.html,농촌진흥청 농업인안전365,N,N
392a61dc011a62bd,예방체조,근골격계,다리꼬아무릎펴기,동영상,00:12,12,,https://farmer.rda.go.kr/portal/menu3/mctmdContentPlay.do?m_id=9000_7272&menuId=PS64146,https://farmer.rda.go.kr/farmAttach/healthSafety/preventionGymnastics/예방체조_스트레칭(기본)_(무릎운동)다리꼬아무릎펴기.mp4,16:55|A0002766,https://farmer.rda.go.kr/portal/menu3/mctmdContentPlay.do?m_id=9000_7272&menuId=PS64146,html/010_PS64146.html,농촌진흥청 농업인안전365,N,N
c4cc7c01a8219642,예방체조,예방체조,다리교차하여당기기,동영상,00:12,12,,https://farmer.rda.go.kr/portal/menu3/mctmdContentPlay.do?m_id=9000_7272&menuId=PS64146,https://farmer.rda.go.kr/farmAttach/healthSafety/preventionGymnastics/예방체조_스트레칭(기본)_(무릎운동)다리교차하여당기기.mp4,16:56|A0002768,https://farmer.rda.go.kr/portal/menu3/mctmdContentPlay.do?m_id=9000_7272&menuId=PS64146,html/010_PS64146.html,농촌진흥청 농업인안전365,N,N
25615195c49b6ba6,예방체조,예방체조,누워서다리펴기,동영상,00:10,10,,https://farmer.rda.go.kr/portal/menu3/mctmdContentPlay.do?m_id=9000_7272&menuId=PS64146,https://farmer.rda.go.kr/farmAttach/healthSafety/preventionGymnastics/예방체조_스트레칭(기본)_(무릎운동)누워서다리펴기.mp4,16:57|A0002770,https://farmer.rda.go.kr/portal/menu3/mctmdContentPlay.do?m_id=9000_7272&menuId=PS64146,html/010_PS64146.html,농촌진흥청 농업인안전365,N,N
b7222d96d623d2a0,예방체조,예방체조,누워서다리누르기,동영상,00:10,10,,https://farmer.rda.go.kr/portal/menu3/mctmdContentPlay.do?m_id=9000_7272&menuId=PS64146,https://farmer.rda.go.kr/farmAttach/healthSafety/preventionGymnastics/예방체조_스트레칭(기본)_(무릎운동)누워서다리누르기.mp4,16:58|A0002772,https://farmer.rda.go.kr/portal/menu3/mctmdContentPlay.do?m_id=9000_7272&menuId=PS64146,html/010_PS64146.html,농촌진흥청 농업인안전365,N,N
e82b88d4f0177b9e,예방체조,예방체조,누워서한발잡기,동영상,00:12,12,,https://farmer.rda.go.kr/portal/menu3/mctmdContentPlay.do?m_id=9000_7272&menuId=PS64146,https://farmer.rda.go.kr/farmAttach/healthSafety/preventionGymnastics/예방체조_스트레칭(기본)_(무릎운동)누워서한발잡기.mp4,16:59|A0002774,https://farmer.rda.go.kr/portal/menu3/mctmdContentPlay.do?m_id=9000_7272&menuId=PS64146,html/010_PS64146.html,농촌진흥청 농업인안전365,N,N
63c01f656a65ad18,예방체조,예방체조,머리를 이용한 스트레칭 / 한쪽 손을 이용한 스트레칭,동영상,01:08,68,,https://farmer.rda.go.kr/portal/menu3/mctmdContentPlay.do?m_id=9000_7272&menuId=PS64146,https://farmer.rda.go.kr/farmAttach/healthSafety/preventionGymnastics/st_1001.mp4,16:60|A0002776,https://farmer.rda.go.kr/portal/menu3/mctmdContentPlay.do?m_id=9000_7272&menuId=PS64146,html/010_PS64146.html,농촌진흥청 농업인안전365,N,N
fff32977ef4ce3f6,예방체조,예방체조,양쪽 손을 이용하는 스트레칭 / 회전을 이용하는 스트레칭,동영상,01:04,64,,https://farmer.rda.go.kr/portal/menu3/mctmdContentPlay.do?m_id=9000_7272&menuId=PS64146,https://farmer.rda.go.kr/farmAttach/healthSafety/preventionGymnastics/st_1002.mp4,16:61|A0002778,https://farmer.rda.go.kr/portal/menu3/mctmdContentPlay.do?m_id=9000_7272&menuId=PS64146,html/010_PS64146.html,농촌진흥청 농업인안전365,N,N
b7bfd5916b2d89d5,예방체조,예방체조,상체비틀기를 이용하는 스트레칭/ 양쪽 팔을 이용하는 스트레칭,동영상,01:07,67,,https://farmer.rda.go.kr/portal/menu3/mctmdContentPlay.do?m_id=9000_7272&menuId=PS64146,https://farmer.rda.go.kr/farmAttach/healthSafety/preventionGymnastics/st_1004.mp4,16:62|A0002780,https://farmer.rda.go.kr/portal/menu3/mctmdContentPlay.do?m_id=9000_7272&menuId=PS64146,html/010_PS64146.html,농촌진흥청 농업인안전365,N,N
0d12ac9f77206c2a,예방체조,예방체조,팔을 좌우로 당겨주는 스트레칭 / 양쪽 팔을 이용하는 스트레칭,동영상,01:06,66,,https://farmer.rda.go.kr/portal/menu3/mctmdContentPlay.do?m_id=9000_7272&menuId=PS64146,https://farmer.rda.go.kr/farmAttach/healthSafety/preventionGymnastics/st_1003.mp4,16:63|A0002782,https://farmer.rda.go.kr/portal/menu3/mctmdContentPlay.do?m_id=9000_7272&menuId=PS64146,html/010_PS64146.html,농촌진흥청 농업인안전365,N,N
c12c9ffe0b640490,예방체조,예방체조,팔꿈치를 이용하는 스트레칭 / 손을 뻗어서 하는 스트레칭,동영상,01:07,67,,https://farmer.rda.go.kr/portal/menu3/mctmdContentPlay.do?m_id=9000_7272&menuId=PS64146,https://farmer.rda.go.kr/farmAttach/healthSafety/preventionGymnastics/st_1005.mp4,16:64|A0002784,https://farmer.rda.go.kr/portal/menu3/mctmdContentPlay.do?m_id=9000_7272&menuId=PS64146,html/010_PS64146.html,농촌진흥청 농업인안전365,N,N
3f8b61fa3c9b05d1,예방체조,예방체조,손목 트위스트를 이용하는 스트레칭 / 벽을 이용하는 스트레칭,동영상,01:07,67,,https://farmer.rda.go.kr/portal/menu3/mctmdContentPlay.do?m_id=9000_7272&menuId=PS64146,https://farmer.rda.go.kr/farmAttach/healthSafety/preventionGymnastics/st_1006.mp4,16:65|A0002786,https://farmer.rda.go.kr/portal/menu3/mctmdContentPlay.do?m_id=9000_7272&menuId=PS64146,html/010_PS64146.html,농촌진흥청 농업인안전365,N,N
bab7d60d58b48ecc,예방체조,예방체조,양쪽 팔을 이용하는 스트레칭 / 손목을 이용하는 스트레칭,동영상,01:07,67,,https://farmer.rda.go.kr/portal/menu3/mctmdContentPlay.do?m_id=9000_7272&menuId=PS64146,https://farmer.rda.go.kr/farmAttach/healthSafety/preventionGymnastics/st_1007.mp4,16:66|A0002788,https://farmer.rda.go.kr/portal/menu3/mctmdContentPlay.do?m_id=9000_7272&menuId=PS64146,html/010_PS64146.html,농촌진흥청 농업인안전365,N,N
6c51d1726327b076,예방체조,예방체조,손목을 바닥에 대고 하는 스트레칭 / 한쪽 손을 이용하는 스트레칭,동영상,01:07,67,,https://farmer.rda.go.kr/portal/menu3/mctmdContentPlay.do?m_id=9000_7272&menuId=PS64146,https://farmer.rda.go.kr/farmAttach/healthSafety/preventionGymnastics/st_1008.mp4,16:67|A0002790,https://farmer.rda.go.kr/portal/menu3/mctmdContentPlay.do?m_id=9000_7272&menuId=PS64146,html/010_PS64146.html,농촌진흥청 농업인안전365,N,N
2ca7362799f47595,예방체조,예방체조,양쪽 손을 동시에 하는 스트레칭 / 손바닥을 밀어내면서 하는 스트레칭,동영상,01:07,67,,https://farmer.rda.go.kr/portal/menu3/mctmdContentPlay.do?m_id=9000_7272&menuId=PS64146,https://farmer.rda.go.kr/farmAttach/healthSafety/preventionGymnastics/st_1009.mp4,16:68|A0002792,https://farmer.rda.go.kr/portal/menu3/mctmdContentPlay.do?m_id=9000_7272&menuId=PS64146,html/010_PS64146.html,농촌진흥청 농업인안전365,N,N
5908d0c7e0d5c594,예방체조,예방체조,상체비틀기를 이용하는 스트레칭 / 런지동작을 이용하는 스트레칭,동영상,01:07,67,,https://farmer.rda.go.kr/portal/menu3/mctmdContentPlay.do?m_id=9000_7272&menuId=PS64146,https://farmer.rda.go.kr/farmAttach/healthSafety/preventionGymnastics/st_1010.mp4,16:69|A0002794,https://farmer.rda.go.kr/portal/menu3/mctmdContentPlay.do?m_id=9000_7272&menuId=PS64146,html/010_PS64146.html,농촌진흥청 농업인안전365,N,N
75ca09d029f288f4,예방체조,예방체조,상체를 좌우로 움직이며 하는 스트레칭 / 환쪽 팔을 이용하는 스트레칭,동영상,01:07,67,,https://farmer.rda.go.kr/portal/menu3/mctmdContentPlay.do?m_id=9000_7272&menuId=PS64146,https://farmer.rda.go.kr/farmAttach/healthSafety/preventionGymnastics/st_1011.mp4,16:70|A0002796,https://farmer.rda.go.kr/portal/menu3/mctmdContentPlay.do?m_id=9000_7272&menuId=PS64146,html/010_PS64146.html,농촌진흥청 농업인안전365,N,N
5a60da8123f8b4d2,예방체조,예방체조,팔꿈치를 이용하는 스트레칭 / 벽을 이용하는 스트레칭,동영상,01:08,68,,https://farmer.rda.go.kr/portal/menu3/mctmdContentPlay.do?m_id=9000_7272&menuId=PS64146,https://farmer.rda.go.kr/farmAttach/healthSafety/preventionGymnastics/st_1012.mp4,16:71|A0002798,https://farmer.rda.go.kr/portal/menu3/mctmdContentPlay.do?m_id=9000_7272&menuId=PS64146,html/010_PS64146.html,농촌진흥청 농업인안전365,N,N
47d7d333ffe95ed3,예방체조,근골격계,어깨를 돌리면서 하는 스트레칭 / 아치형 스트레칭,동영상,01:07,67,,https://farmer.rda.go.kr/portal/menu3/mctmdContentPlay.do?m_id=9000_7272&menuId=PS64146,https://farmer.rda.go.kr/farmAttach/healthSafety/preventionGymnastics/st_1013.mp4,16:72|A0002800,https://farmer.rda.go.kr/portal/menu3/mctmdContentPlay.do?m_id=9000_7272&menuId=PS64146,html/010_PS64146.html,농촌진흥청 농업인안전365,N,N
cc1316abdcf9ac85,예방체조,근골격계,다리를 엇갈려 하는 스트레칭 / 양쪽 무릎을 이용하는 스트레칭,동영상,01:08,68,,https://farmer.rda.go.kr/portal/menu3/mctmdContentPlay.do?m_id=9000_7272&menuId=PS64146,https://farmer.rda.go.kr/farmAttach/healthSafety/preventionGymnastics/st_1014.mp4,16:73|A0002802,https://farmer.rda.go.kr/portal/menu3/mctmdContentPlay.do?m_id=9000_7272&menuId=PS64146,html/010_PS64146.html,농촌진흥청 농업인안전365,N,N
4273c55847d0377b,예방체조,예방체조,하체 힘을 이용하는 스트레칭 / 앉아서 상체 비틀기를 이용하는 스트레칭,동영상,01:07,67,,https://farmer.rda.go.kr/portal/menu3/mctmdContentPlay.do?m_id=9000_7272&menuId=PS64146,https://farmer.rda.go.kr/farmAttach/healthSafety/preventionGymnastics/st_1015.mp4,16:74|A0002804,https://farmer.rda.go.kr/portal/menu3/mctmdContentPlay.do?m_id=9000_7272&menuId=PS64146,html/010_PS64146.html,농촌진흥청 농업인안전365,N,N
c6ea6b912c8def4e,예방체조,근골격계,한쪽 다리를 뻗고 하는 스트레칭 / 양쪽 무릎을 세우고 하는 스트레칭,동영상,01:09,69,,https://farmer.rda.go.kr/portal/menu3/mctmdContentPlay.do?m_id=9000_7272&menuId=PS64146,https://farmer.rda.go.kr/farmAttach/healthSafety/preventionGymnastics/st_1016.mp4,16:75|A0002806,https://farmer.rda.go.kr/portal/menu3/mctmdContentPlay.do?m_id=9000_7272&menuId=PS64146,html/010_PS64146.html,농촌진흥청 농업인안전365,N,N
656d3892e8e43aab,예방체조,근골격계,양쪽 무릎을 가슴까지 붙이며 하는 스트레칭 / 등을 말아서 하는 스트레칭,동영상,01:07,67,,https://farmer.rda.go.kr/portal/menu3/mctmdContentPlay.do?m_id=9000_7272&menuId=PS64146,https://farmer.rda.go.kr/farmAttach/healthSafety/preventionGymnastics/st_1017.mp4,16:76|A0002808,https://farmer.rda.go.kr/portal/menu3/mctmdContentPlay.do?m_id=9000_7272&menuId=PS64146,html/010_PS64146.html,농촌진흥청 농업인안전365,N,N
a36178155ab36d20,예방체조,근골격계,허리를 이용하는 스트레칭 / 다리의 각도를 이용하는 스트레칭,동영상,01:07,67,,https://farmer.rda.go.kr/portal/menu3/mctmdContentPlay.do?m_id=9000_7272&menuId=PS64146,https://farmer.rda.go.kr/farmAttach/healthSafety/preventionGymnastics/st_1018.mp4,16:77|A0002810,https://farmer.rda.go.kr/portal/menu3/mctmdContentPlay.do?m_id=9000_7272&menuId=PS64146,html/010_PS64146.html,농촌진흥청 농업인안전365,N,N
b5cb7519a7013a4d,예방체조,예방체조,팔을 이용하는 스트레칭 / 보조기구를 이용하는 스트레칭,동영상,01:07,67,,https://farmer.rda.go.kr/portal/menu3/mctmdContentPlay.do?m_id=9000_7272&menuId=PS64146,https://farmer.rda.go.kr/farmAttach/healthSafety/preventionGymnastics/st_1019.mp4,16:78|A0002812,https://farmer.rda.go.kr/portal/menu3/mctmdContentPlay.do?m_id=9000_7272&menuId=PS64146,html/010_PS64146.html,농촌진흥청 농업인안전365,N,N
50f521d15742961f,예방체조,예방체조,한쪽 발을 내딛으며 하는 스트레칭 / 보조기구를 이용하는 스트레칭,동영상,01:07,67,,https://farmer.rda.go.kr/portal/menu3/mctmdContentPlay.do?m_id=9000_7272&menuId=PS64146,https://farmer.rda.go.kr/farmAttach/healthSafety/preventionGymnastics/st_1020.mp4,16:79|A0002814,https://farmer.rda.go.kr/portal/menu3/mctmdContentPlay.do?m_id=9000_7272&menuId=PS64146,html/010_PS64146.html,농촌진흥청 농업인안전365,N,N
23ca6a994e54be41,근골격계질환,근골격계,"""; liHtml += "" ""; liHtml += """,웹콘텐츠,,,,https://farmer.rda.go.kr/portal/menu3/painAreasDtl.do?m_id=9000_9051_51&menuId=PS03466,,,https://farmer.rda.go.kr/portal/menu1/PostureExercise.do?m_id=9000_9051_51&m_mod=0&menuId=PS03466,html/018_PS03466.html,농촌진흥청 농업인안전365,N,N
e15cf5407f84a115,공지사항,간행물,「축산사고 예방 기본수칙」 간행물 업데이트 알림,자료실 게시물,,,2026-08-21,https://farmer.rda.go.kr/portal/menu1/board_viw.do?menuId=PS03448&m_id=3_18&m_mod=1&bbsId=5&nttSn=240&num=0&pageIndex=1,,5:240,https://farmer.rda.go.kr/portal/menu6/board_lst1.do?m_id=3_18&m_mod=0&menuId=PS03448,html/024_PS03448.html,농촌진흥청 농업인안전365,N,N
c8043d556e55bb2f,공지사항,간행물,「농작업 재해예방 기본수칙」 간행물 업데이트 알림,자료실 게시물,,,2026-08-21,https://farmer.rda.go.kr/portal/menu1/board_viw.do?menuId=PS03448&m_id=3_18&m_mod=2&bbsId=5&nttSn=239&num=0&pageIndex=1,,5:239,https://farmer.rda.go.kr/portal/menu6/board_lst1.do?m_id=3_18&m_mod=0&menuId=PS03448,html/024_PS03448.html,농촌진흥청 농업인안전365,N,N
605f725c07c9aa1f,공지사항,간행물,[농작업 재해예방 기본수칙(통합본)] 간행물 업데이트 안내,자료실 게시물,,,2026-08-21,https://farmer.rda.go.kr/portal/menu1/board_viw.do?menuId=PS03448&m_id=3_18&m_mod=3&bbsId=5&nttSn=238&num=0&pageIndex=1,,5:238,https://farmer.rda.go.kr/portal/menu6/board_lst1.do?m_id=3_18&m_mod=0&menuId=PS03448,html/024_PS03448.html,농촌진흥청 농업인안전365,N,N
6aebf6df23f40dda,공지사항,안전교육,농업인 재해예방 동영상 업데이트 알림,자료실 게시물,,,2026-08-19,https://farmer.rda.go.kr/portal/menu1/board_viw.do?menuId=PS03448&m_id=3_18&m_mod=4&bbsId=5&nttSn=237&num=0&pageIndex=1,,5:237,https://farmer.rda.go.kr/portal/menu6/board_lst1.do?m_id=3_18&m_mod=0&menuId=PS03448,html/024_PS03448.html,농촌진흥청 농업인안전365,N,N
fe544f0671c2a491,공지사항,공지사항,2026년 농작업 안전수칙 자율점검 이벤트 당첨자 발표,자료실 게시물,,,2026-08-18,https://farmer.rda.go.kr/portal/menu1/board_viw.do?menuId=PS03448&m_id=3_18&m_mod=5&bbsId=5&nttSn=236&num=0&pageIndex=1,,5:236,https://farmer.rda.go.kr/portal/menu6/board_lst1.do?m_id=3_18&m_mod=0&menuId=PS03448,html/024_PS03448.html,농촌진흥청 농업인안전365,N,N
1566c14383f40de4,공지사항,공지사항,카드뉴스 업데이트 알림,자료실 게시물,,,2026-08-10,https://farmer.rda.go.kr/portal/menu1/board_viw.do?menuId=PS03448&m_id=3_18&m_mod=6&bbsId=5&nttSn=235&num=0&pageIndex=1,,5:235,https://farmer.rda.go.kr/portal/menu6/board_lst1.do?m_id=3_18&m_mod=0&menuId=PS03448,html/024_PS03448.html,농촌진흥청 농업인안전365,N,N
5c428311425030ca,공지사항,온열·한랭,폭염 6대 행동요령,자료실 게시물,,,2026-08-06,https://farmer.rda.go.kr/portal/menu1/board_viw.do?menuId=PS03448&m_id=3_18&m_mod=7&bbsId=5&nttSn=234&num=0&pageIndex=1,,5:234,https://farmer.rda.go.kr/portal/menu6/board_lst1.do?m_id=3_18&m_mod=0&menuId=PS03448,html/024_PS03448.html,농촌진흥청 농업인안전365,N,N
17f857eb477d363e,공지사항,공지사항,2026년 농업인 안전365 캠페인 공모전 안내,자료실 게시물,,,2026-07-09,https://farmer.rda.go.kr/portal/menu1/board_viw.do?menuId=PS03448&m_id=3_18&m_mod=8&bbsId=5&nttSn=233&num=0&pageIndex=1,,5:233,https://farmer.rda.go.kr/portal/menu6/board_lst1.do?m_id=3_18&m_mod=0&menuId=PS03448,html/024_PS03448.html,농촌진흥청 농업인안전365,N,N
482930e268a0defd,공지사항,공지사항,2026년 농작업 안전수칙 자율점검 이벤트 안내(7.1.~7.31),자료실 게시물,,,2026-06-30,https://farmer.rda.go.kr/portal/menu1/board_viw.do?menuId=PS03448&m_id=3_18&m_mod=9&bbsId=5&nttSn=232&num=0&pageIndex=1,,5:232,https://farmer.rda.go.kr/portal/menu6/board_lst1.do?m_id=3_18&m_mod=0&menuId=PS03448,html/024_PS03448.html,농촌진흥청 농업인안전365,N,N
5737b4d25b46dd02,공지사항,공지사항,2026년 여성농업인 특수건강검진 신청 안내,자료실 게시물,,,2026-06-12,https://farmer.rda.go.kr/portal/menu1/board_viw.do?menuId=PS03448&m_id=3_18&m_mod=10&bbsId=5&nttSn=231&num=0&pageIndex=1,,5:231,https://farmer.rda.go.kr/portal/menu6/board_lst1.do?m_id=3_18&m_mod=0&menuId=PS03448,html/024_PS03448.html,농촌진흥청 농업인안전365,N,N
9dc226337db754a5,홍보,온열·한랭,(농민신문)“없었으면 큰일 날 뻔했죠”…폭염 속 농민 살린 ‘이것’,자료실 게시물,,,2026-08-18,https://farmer.rda.go.kr/portal/menu1/board_viw.do?menuId=PS03449&m_id=3_19&m_mod=1&bbsId=6&nttSn=790&num=0&pageIndex=1,,6:790,https://farmer.rda.go.kr/portal/menu6/board_lst1.do?m_id=3_19&m_mod=0&menuId=PS03449,html/025_PS03449.html,농촌진흥청 농업인안전365,N,N
daec4ae78ef6fec8,홍보,온열·한랭,(뉴시스) 영광군 '농촌 일손 버팀목' 외국인 근로자 대상 폭염 대응 교육,자료실 게시물,,,2026-08-03,https://farmer.rda.go.kr/portal/menu1/board_viw.do?menuId=PS03449&m_id=3_19&m_mod=2&bbsId=6&nttSn=789&num=0&pageIndex=1,,6:789,https://farmer.rda.go.kr/portal/menu6/board_lst1.do?m_id=3_19&m_mod=0&menuId=PS03449,html/025_PS03449.html,농촌진흥청 농업인안전365,N,N
d7131309f1fb2559,홍보,온열·한랭,(노컷뉴스) 30도 넘는 땡볕서 밭일하던 90대 숨져…온열질환 주의,자료실 게시물,,,2026-08-03,https://farmer.rda.go.kr/portal/menu1/board_viw.do?menuId=PS03449&m_id=3_19&m_mod=3&bbsId=6&nttSn=788&num=0&pageIndex=1,,6:788,https://farmer.rda.go.kr/portal/menu6/board_lst1.do?m_id=3_19&m_mod=0&menuId=PS03449,html/025_PS03449.html,농촌진흥청 농업인안전365,N,N
960e8f7eceb0a288,홍보,온열·한랭,"(뉴시스) 울진서 첫 온열질환 사망, 밭일 하던 80대…체온은 38도",자료실 게시물,,,2026-08-03,https://farmer.rda.go.kr/portal/menu1/board_viw.do?menuId=PS03449&m_id=3_19&m_mod=4&bbsId=6&nttSn=787&num=0&pageIndex=1,,6:787,https://farmer.rda.go.kr/portal/menu6/board_lst1.do?m_id=3_19&m_mod=0&menuId=PS03449,html/025_PS03449.html,농촌진흥청 농업인안전365,N,N
e99800c1f028a958,홍보,뉴스모음집,(연합뉴스) 남원서 트럭 도랑에 빠져…70대 운전자 숨져,자료실 게시물,,,2026-08-03,https://farmer.rda.go.kr/portal/menu1/board_viw.do?menuId=PS03449&m_id=3_19&m_mod=5&bbsId=6&nttSn=786&num=0&pageIndex=1,,6:786,https://farmer.rda.go.kr/portal/menu6/board_lst1.do?m_id=3_19&m_mod=0&menuId=PS03449,html/025_PS03449.html,농촌진흥청 농업인안전365,N,N
578a5d29d78fea87,홍보,온열·한랭,(경향신문)[단독]체온이 43도였다···입국한 지 3일 만에 폭염 속 밭일하다 숨진 해남 이주노동자,자료실 게시물,,,2026-07-30,https://farmer.rda.go.kr/portal/menu1/board_viw.do?menuId=PS03449&m_id=3_19&m_mod=6&bbsId=6&nttSn=785&num=0&pageIndex=1,,6:785,https://farmer.rda.go.kr/portal/menu6/board_lst1.do?m_id=3_19&m_mod=0&menuId=PS03449,html/025_PS03449.html,농촌진흥청 농업인안전365,N,N
7874fcf59109e307,홍보,온열·한랭,"농촌진흥청, 무더위 앞두고 농업 분야 온열질환 예방 기술지원",자료실 게시물,,,2026-07-28,https://farmer.rda.go.kr/portal/menu1/board_viw.do?menuId=PS03449&m_id=3_19&m_mod=7&bbsId=6&nttSn=784&num=0&pageIndex=1,,6:784,https://farmer.rda.go.kr/portal/menu6/board_lst1.do?m_id=3_19&m_mod=0&menuId=PS03449,html/025_PS03449.html,농촌진흥청 농업인안전365,N,N
5f9e12af438def8f,홍보,온열·한랭,손목 장치가 폭염 위험 알린다…농업인 온열질환 예방 기술 현장 실증,자료실 게시물,,,2026-07-28,https://farmer.rda.go.kr/portal/menu1/board_viw.do?menuId=PS03449&m_id=3_19&m_mod=8&bbsId=6&nttSn=783&num=0&pageIndex=1,,6:783,https://farmer.rda.go.kr/portal/menu6/board_lst1.do?m_id=3_19&m_mod=0&menuId=PS03449,html/025_PS03449.html,농촌진흥청 농업인안전365,N,N
06112a55721621c9,홍보,온열·한랭,(농민신문)폭염에 픽픽 쓰러지기 전에…체감온도 높으면 쉬라며 손목이 ‘부르르’,자료실 게시물,,,2026-07-27,https://farmer.rda.go.kr/portal/menu1/board_viw.do?menuId=PS03449&m_id=3_19&m_mod=9&bbsId=6&nttSn=782&num=0&pageIndex=1,,6:782,https://farmer.rda.go.kr/portal/menu6/board_lst1.do?m_id=3_19&m_mod=0&menuId=PS03449,html/025_PS03449.html,농촌진흥청 농업인안전365,N,N
856c0a8838b53a48,홍보,온열·한랭,"(뉴스1) 온열질환 사망자 24%가 농업 현장서 발생…농식품부, 폭염 안전관리 총력",자료실 게시물,,,2026-07-03,https://farmer.rda.go.kr/portal/menu1/board_viw.do?menuId=PS03449&m_id=3_19&m_mod=10&bbsId=6&nttSn=781&num=0&pageIndex=1,,6:781,https://farmer.rda.go.kr/portal/menu6/board_lst1.do?m_id=3_19&m_mod=0&menuId=PS03449,html/025_PS03449.html,농촌진흥청 농업인안전365,N,N
b2a8678de25b96d4,자료실,간행물,(리플릿) 농작업안전 자가점검 체크리스트(캄보디아어),첨부파일,,,2023-09-04,https://farmer.rda.go.kr/portal/menu1/board_viw.do?menuId=PS03447&m_id=9004_9052&m_mod=0&bbsId=8&nttSn=101&num=11&pageIndex=2,https://farmer.rda.go.kr/portal/contentsFileDownload.do?atchFileGroupCd=A0001475&fileSn=1,8:101,https://farmer.rda.go.kr/portal/menu1/board_lst.do?m_id=9004_9052&m_mod=0&menuId=PS03447&pageIndex=2,html/035_PS03447_p2.html,농촌진흥청 농업인안전365,N,N
df9a4b4dab56d71f,자료실,간행물,(리플릿) 농작업안전 자가점검 체크리스트(베트남어),첨부파일,,,2023-09-04,https://farmer.rda.go.kr/portal/menu1/board_viw.do?menuId=PS03447&m_id=9004_9052&m_mod=0&bbsId=8&nttSn=98&num=12&pageIndex=2,https://farmer.rda.go.kr/portal/contentsFileDownload.do?atchFileGroupCd=A0001472&fileSn=1,8:98,https://farmer.rda.go.kr/portal/menu1/board_lst.do?m_id=9004_9052&m_mod=0&menuId=PS03447&pageIndex=2,html/035_PS03447_p2.html,농촌진흥청 농업인안전365,N,N
729128282c04e3b7,자료실,간행물,(리플릿) 농작업안전 자가점검 체크리스트(미얀마어),첨부파일,,,2023-09-04,https://farmer.rda.go.kr/portal/menu1/board_viw.do?menuId=PS03447&m_id=9004_9052&m_mod=0&bbsId=8&nttSn=97&num=13&pageIndex=2,https://farmer.rda.go.kr/portal/contentsFileDownload.do?atchFileGroupCd=A0001471&fileSn=1,8:97,https://farmer.rda.go.kr/portal/menu1/board_lst.do?m_id=9004_9052&m_mod=0&menuId=PS03447&pageIndex=2,html/035_PS03447_p2.html,농촌진흥청 농업인안전365,N,N
3597a516ace4c926,자료실,간행물,(리플릿) 농작업안전 자가점검 체크리스트(몽골어),첨부파일,,,2023-09-04,https://farmer.rda.go.kr/portal/menu1/board_viw.do?menuId=PS03447&m_id=9004_9052&m_mod=0&bbsId=8&nttSn=96&num=14&pageIndex=2,https://farmer.rda.go.kr/portal/contentsFileDownload.do?atchFileGroupCd=A0001470&fileSn=1,8:96,https://farmer.rda.go.kr/portal/menu1/board_lst.do?m_id=9004_9052&m_mod=0&menuId=PS03447&pageIndex=2,html/035_PS03447_p2.html,농촌진흥청 농업인안전365,N,N
9b882c56ab1f3c4a,자료실,간행물,(리플릿) 농작업안전 자가점검 체크리스트(라오어),첨부파일,,,2023-09-04,https://farmer.rda.go.kr/portal/menu1/board_viw.do?menuId=PS03447&m_id=9004_9052&m_mod=0&bbsId=8&nttSn=95&num=15&pageIndex=2,https://farmer.rda.go.kr/portal/contentsFileDownload.do?atchFileGroupCd=A0001469&fileSn=1,8:95,https://farmer.rda.go.kr/portal/menu1/board_lst.do?m_id=9004_9052&m_mod=0&menuId=PS03447&pageIndex=2,html/035_PS03447_p2.html,농촌진흥청 농업인안전365,N,N
fd2b5d0c9cc073da,자료실,간행물,(리플릿) 농작업안전 자가점검 체크리스트(네팔어),첨부파일,,,2023-09-04,https://farmer.rda.go.kr/portal/menu1/board_viw.do?menuId=PS03447&m_id=9004_9052&m_mod=0&bbsId=8&nttSn=94&num=16&pageIndex=2,https://farmer.rda.go.kr/portal/contentsFileDownload.do?atchFileGroupCd=A0001468&fileSn=1,8:94,https://farmer.rda.go.kr/portal/menu1/board_lst.do?m_id=9004_9052&m_mod=0&menuId=PS03447&pageIndex=2,html/035_PS03447_p2.html,농촌진흥청 농업인안전365,N,N
f82900b7c3ece33f,자료실,안전교육,(교육자료) 농작업 안전재해 예방,첨부파일,,,2023-06-07,https://farmer.rda.go.kr/portal/menu1/board_viw.do?menuId=PS03447&m_id=9004_9052&m_mod=0&bbsId=8&nttSn=103&num=17&pageIndex=2,https://farmer.rda.go.kr/portal/contentsFileDownload.do?atchFileGroupCd=A0001477&fileSn=1,8:103,https://farmer.rda.go.kr/portal/menu1/board_lst.do?m_id=9004_9052&m_mod=0&menuId=PS03447&pageIndex=2,html/035_PS03447_p2.html,농촌진흥청 농업인안전365,N,N
eee9c0cc2336f9b1,자료실,농기계,(농업기계 형식별 안전이용 수칙) 승용형농업기계,첨부파일,,,2023-05-02,https://farmer.rda.go.kr/portal/menu1/board_viw.do?menuId=PS03447&m_id=9004_9052&m_mod=0&bbsId=8&nttSn=117&num=18&pageIndex=2,https://farmer.rda.go.kr/portal/contentsFileDownload.do?atchFileGroupCd=A0001491&fileSn=1,8:117,https://farmer.rda.go.kr/portal/menu1/board_lst.do?m_id=9004_9052&m_mod=0&menuId=PS03447&pageIndex=2,html/035_PS03447_p2.html,농촌진흥청 농업인안전365,N,N
a161cf20e80a5ed3,자료실,기타,교통사고 판례해설,첨부파일,,,2023-05-02,https://farmer.rda.go.kr/portal/menu1/board_viw.do?menuId=PS03447&m_id=9004_9052&m_mod=0&bbsId=8&nttSn=130&num=19&pageIndex=2,https://farmer.rda.go.kr/portal/contentsFileDownload.do?atchFileGroupCd=A0001504&fileSn=1,8:130,https://farmer.rda.go.kr/portal/menu1/board_lst.do?m_id=9004_9052&m_mod=0&menuId=PS03447&pageIndex=2,html/035_PS03447_p2.html,농촌진흥청 농업인안전365,N,N
8f4c7de85f487e78,자료실,기타,교통사고특례법의 중대법규위반 10개항목,첨부파일,,,2023-05-02,https://farmer.rda.go.kr/portal/menu1/board_viw.do?menuId=PS03447&m_id=9004_9052&m_mod=0&bbsId=8&nttSn=131&num=20&pageIndex=2,https://farmer.rda.go.kr/portal/contentsFileDownload.do?atchFileGroupCd=A0001505&fileSn=1,8:131,https://farmer.rda.go.kr/portal/menu1/board_lst.do?m_id=9004_9052&m_mod=0&menuId=PS03447&pageIndex=2,html/035_PS03447_p2.html,농촌진흥청 농업인안전365,N,N
f78f9d74f9c1c96b,자료실,농기계,(농업기계 등화장치 관련사항) 등화장치부착 및 조작,첨부파일,,,2023-05-02,https://farmer.rda.go.kr/portal/menu1/board_viw.do?menuId=PS03447&m_id=9004_9052&m_mod=0&bbsId=8&nttSn=120&num=21&pageIndex=3,https://farmer.rda.go.kr/portal/contentsFileDownload.do?atchFileGroupCd=A0001494&fileSn=1,8:120,https://farmer.rda.go.kr/portal/menu1/board_lst.do?m_id=9004_9052&m_mod=0&menuId=PS03447&pageIndex=3,html/036_PS03447_p3.html,농촌진흥청 농업인안전365,N,N
f65633a16c4bbab3,자료실,농기계,(농업기계 도로안전 운행요령) 특정환경에서 안전운전,첨부파일,,,2023-05-02,https://farmer.rda.go.kr/portal/menu1/board_viw.do?menuId=PS03447&m_id=9004_9052&m_mod=0&bbsId=8&nttSn=121&num=22&pageIndex=3,https://farmer.rda.go.kr/portal/contentsFileDownload.do?atchFileGroupCd=A0001495&fileSn=1,8:121,https://farmer.rda.go.kr/portal/menu1/board_lst.do?m_id=9004_9052&m_mod=0&menuId=PS03447&pageIndex=3,html/036_PS03447_p3.html,농촌진흥청 농업인안전365,N,N
f88c6e6b2bbecaa5,자료실,농기계,(농업기계 도로안전 운행요령) 상황별 안전사고 예방요령,첨부파일,,,2023-05-02,https://farmer.rda.go.kr/portal/menu1/board_viw.do?menuId=PS03447&m_id=9004_9052&m_mod=0&bbsId=8&nttSn=122&num=23&pageIndex=3,https://farmer.rda.go.kr/portal/contentsFileDownload.do?atchFileGroupCd=A0001496&fileSn=1,8:122,https://farmer.rda.go.kr/portal/menu1/board_lst.do?m_id=9004_9052&m_mod=0&menuId=PS03447&pageIndex=3,html/036_PS03447_p3.html,농촌진흥청 농업인안전365,N,N
fad323afdd491fb8,자료실,농기계,(농업기계 도로안전 운행요령) 안전운전 기본수칙,첨부파일,,,2023-05-02,https://farmer.rda.go.kr/portal/menu1/board_viw.do?menuId=PS03447&m_id=9004_9052&m_mod=0&bbsId=8&nttSn=123&num=24&pageIndex=3,https://farmer.rda.go.kr/portal/contentsFileDownload.do?atchFileGroupCd=A0001497&fileSn=1,8:123,https://farmer.rda.go.kr/portal/menu1/board_lst.do?m_id=9004_9052&m_mod=0&menuId=PS03447&pageIndex=3,html/036_PS03447_p3.html,농촌진흥청 농업인안전365,N,N
33b0946027a08b2a,자료실,농기계,(농업기계 형식별 안전이용 수칙) 기타,첨부파일,,,2023-05-02,https://farmer.rda.go.kr/portal/menu1/board_viw.do?menuId=PS03447&m_id=9004_9052&m_mod=0&bbsId=8&nttSn=115&num=25&pageIndex=3,https://farmer.rda.go.kr/portal/contentsFileDownload.do?atchFileGroupCd=A0001489&fileSn=1,8:115,https://farmer.rda.go.kr/portal/menu1/board_lst.do?m_id=9004_9052&m_mod=0&menuId=PS03447&pageIndex=3,html/036_PS03447_p3.html,농촌진흥청 농업인안전365,N,N
5a2185ec0347cc1c,자료실,농기계,(농업기계 형식별 안전이용 수칙) 휴대형농업기계,첨부파일,,,2023-05-02,https://farmer.rda.go.kr/portal/menu1/board_viw.do?menuId=PS03447&m_id=9004_9052&m_mod=0&bbsId=8&nttSn=119&num=26&pageIndex=3,https://farmer.rda.go.kr/portal/contentsFileDownload.do?atchFileGroupCd=A0001493&fileSn=1,8:119,https://farmer.rda.go.kr/portal/menu1/board_lst.do?m_id=9004_9052&m_mod=0&menuId=PS03447&pageIndex=3,html/036_PS03447_p3.html,농촌진흥청 농업인안전365,N,N
5187c3dfa2fa4467,자료실,농기계,(농업기계 형식별 안전이용 수칙) 정치형농업기계,첨부파일,,,2023-05-02,https://farmer.rda.go.kr/portal/menu1/board_viw.do?menuId=PS03447&m_id=9004_9052&m_mod=0&bbsId=8&nttSn=118&num=27&pageIndex=3,https://farmer.rda.go.kr/portal/contentsFileDownload.do?atchFileGroupCd=A0001492&fileSn=1,8:118,https://farmer.rda.go.kr/portal/menu1/board_lst.do?m_id=9004_9052&m_mod=0&menuId=PS03447&pageIndex=3,html/036_PS03447_p3.html,농촌진흥청 농업인안전365,N,N
78b41f58235e66fe,자료실,농기계,(농업기계 형식별 안전이용 수칙) 보행형농업기계,첨부파일,,,2023-05-02,https://farmer.rda.go.kr/portal/menu1/board_viw.do?menuId=PS03447&m_id=9004_9052&m_mod=0&bbsId=8&nttSn=116&num=28&pageIndex=3,https://farmer.rda.go.kr/portal/contentsFileDownload.do?atchFileGroupCd=A0001490&fileSn=1,8:116,https://farmer.rda.go.kr/portal/menu1/board_lst.do?m_id=9004_9052&m_mod=0&menuId=PS03447&pageIndex=3,html/036_PS03447_p3.html,농촌진흥청 농업인안전365,N,N
f571739d02730589,자료실,농기계,(농업기계안전) 안전표지 적용 범위 및 안전표지 목적,첨부파일,,,2023-05-02,https://farmer.rda.go.kr/portal/menu1/board_viw.do?menuId=PS03447&m_id=9004_9052&m_mod=0&bbsId=8&nttSn=127&num=29&pageIndex=3,https://farmer.rda.go.kr/portal/contentsFileDownload.do?atchFileGroupCd=A0001501&fileSn=1,8:127,https://farmer.rda.go.kr/portal/menu1/board_lst.do?m_id=9004_9052&m_mod=0&menuId=PS03447&pageIndex=3,html/036_PS03447_p3.html,농촌진흥청 농업인안전365,N,N
fe959eea863b8a6a,자료실,농기계,(농업기계안전) 안전표지 종류 및 양식,첨부파일,,,2023-05-02,https://farmer.rda.go.kr/portal/menu1/board_viw.do?menuId=PS03447&m_id=9004_9052&m_mod=0&bbsId=8&nttSn=128&num=30&pageIndex=3,https://farmer.rda.go.kr/portal/contentsFileDownload.do?atchFileGroupCd=A0001502&fileSn=1,8:128,https://farmer.rda.go.kr/portal/menu1/board_lst.do?m_id=9004_9052&m_mod=0&menuId=PS03447&pageIndex=3,html/036_PS03447_p3.html,농촌진흥청 농업인안전365,N,N
a8730246fb6bd1e0,자료실,농기계,(농업기계안전) 안전표지의 색깔,첨부파일,,,2023-05-02,https://farmer.rda.go.kr/portal/menu1/board_viw.do?menuId=PS03447&m_id=9004_9052&m_mod=0&bbsId=8&nttSn=129&num=31&pageIndex=4,https://farmer.rda.go.kr/portal/contentsFileDownload.do?atchFileGroupCd=A0001503&fileSn=1,8:129,https://farmer.rda.go.kr/portal/menu1/board_lst.do?m_id=9004_9052&m_mod=0&menuId=PS03447&pageIndex=4,html/037_PS03447_p4.html,농촌진흥청 농업인안전365,N,N
356d9bd506a9bb69,자료실,농기계,(농업기계 기종별 안전이용 수칙) 휴대형동력예취기,첨부파일,,,2023-05-02,https://farmer.rda.go.kr/portal/menu1/board_viw.do?menuId=PS03447&m_id=9004_9052&m_mod=0&bbsId=8&nttSn=114&num=32&pageIndex=4,https://farmer.rda.go.kr/portal/contentsFileDownload.do?atchFileGroupCd=A0001488&fileSn=1,8:114,https://farmer.rda.go.kr/portal/menu1/board_lst.do?m_id=9004_9052&m_mod=0&menuId=PS03447&pageIndex=4,html/037_PS03447_p4.html,농촌진흥청 농업인안전365,N,N
5c6d27b576df2111,자료실,농기계,(농업기계 기종별 안전이용 수칙) 트랙터,첨부파일,,,2023-05-02,https://farmer.rda.go.kr/portal/menu1/board_viw.do?menuId=PS03447&m_id=9004_9052&m_mod=0&bbsId=8&nttSn=113&num=33&pageIndex=4,https://farmer.rda.go.kr/portal/contentsFileDownload.do?atchFileGroupCd=A0001487&fileSn=1,8:113,https://farmer.rda.go.kr/portal/menu1/board_lst.do?m_id=9004_9052&m_mod=0&menuId=PS03447&pageIndex=4,html/037_PS03447_p4.html,농촌진흥청 농업인안전365,N,N
f052732efc801fe4,자료실,농기계,(농업기계 기종별 안전이용 수칙) 지게차,첨부파일,,,2023-05-02,https://farmer.rda.go.kr/portal/menu1/board_viw.do?menuId=PS03447&m_id=9004_9052&m_mod=0&bbsId=8&nttSn=112&num=34&pageIndex=4,https://farmer.rda.go.kr/portal/contentsFileDownload.do?atchFileGroupCd=A0001486&fileSn=1,8:112,https://farmer.rda.go.kr/portal/menu1/board_lst.do?m_id=9004_9052&m_mod=0&menuId=PS03447&pageIndex=4,html/037_PS03447_p4.html,농촌진흥청 농업인안전365,N,N
7b5096ba5ea8f113,자료실,농기계,(농업기계 기종별 안전이용 수칙) 이앙기 및 채소이식기,첨부파일,,,2023-05-02,https://farmer.rda.go.kr/portal/menu1/board_viw.do?menuId=PS03447&m_id=9004_9052&m_mod=0&bbsId=8&nttSn=111&num=35&pageIndex=4,https://farmer.rda.go.kr/portal/contentsFileDownload.do?atchFileGroupCd=A0001485&fileSn=1,8:111,https://farmer.rda.go.kr/portal/menu1/board_lst.do?m_id=9004_9052&m_mod=0&menuId=PS03447&pageIndex=4,html/037_PS03447_p4.html,농촌진흥청 농업인안전365,N,N
dc87a6c3bc5a51a2,자료실,농기계,(농업기계 기종별 안전이용 수칙) 스키드로더,첨부파일,,,2023-05-02,https://farmer.rda.go.kr/portal/menu1/board_viw.do?menuId=PS03447&m_id=9004_9052&m_mod=0&bbsId=8&nttSn=110&num=36&pageIndex=4,https://farmer.rda.go.kr/portal/contentsFileDownload.do?atchFileGroupCd=A0001484&fileSn=1,8:110,https://farmer.rda.go.kr/portal/menu1/board_lst.do?m_id=9004_9052&m_mod=0&menuId=PS03447&pageIndex=4,html/037_PS03447_p4.html,농촌진흥청 농업인안전365,N,N
6595d24ecb84ef06,자료실,농기계,(농업기계 기종별 안전이용 수칙) 방제기,첨부파일,,,2023-05-02,https://farmer.rda.go.kr/portal/menu1/board_viw.do?menuId=PS03447&m_id=9004_9052&m_mod=0&bbsId=8&nttSn=109&num=37&pageIndex=4,https://farmer.rda.go.kr/portal/contentsFileDownload.do?atchFileGroupCd=A0001483&fileSn=1,8:109,https://farmer.rda.go.kr/portal/menu1/board_lst.do?m_id=9004_9052&m_mod=0&menuId=PS03447&pageIndex=4,html/037_PS03447_p4.html,농촌진흥청 농업인안전365,N,N
6bf18eab8a563118,자료실,농기계,(농업기계 기종별 안전이용 수칙) 모노레일운반기,첨부파일,,,2023-05-02,https://farmer.rda.go.kr/portal/menu1/board_viw.do?menuId=PS03447&m_id=9004_9052&m_mod=0&bbsId=8&nttSn=108&num=38&pageIndex=4,https://farmer.rda.go.kr/portal/contentsFileDownload.do?atchFileGroupCd=A0001482&fileSn=1,8:108,https://farmer.rda.go.kr/portal/menu1/board_lst.do?m_id=9004_9052&m_mod=0&menuId=PS03447&pageIndex=4,html/037_PS03447_p4.html,농촌진흥청 농업인안전365,N,N
bee26cf8f08467e0,자료실,농기계,(농업기계 기종별 안전이용 수칙) 농용운반차,첨부파일,,,2023-05-02,https://farmer.rda.go.kr/portal/menu1/board_viw.do?menuId=PS03447&m_id=9004_9052&m_mod=0&bbsId=8&nttSn=107&num=39&pageIndex=4,https://farmer.rda.go.kr/portal/contentsFileDownload.do?atchFileGroupCd=A0001481&fileSn=1,8:107,https://farmer.rda.go.kr/portal/menu1/board_lst.do?m_id=9004_9052&m_mod=0&menuId=PS03447&pageIndex=4,html/037_PS03447_p4.html,농촌진흥청 농업인안전365,N,N
f359905970bd7017,자료실,농기계,"(농업기계 기종별 안전이용 수칙) 공동건조, 조제, 저장시설",첨부파일,,,2023-05-02,https://farmer.rda.go.kr/portal/menu1/board_viw.do?menuId=PS03447&m_id=9004_9052&m_mod=0&bbsId=8&nttSn=106&num=40&pageIndex=4,https://farmer.rda.go.kr/portal/contentsFileDownload.do?atchFileGroupCd=A0001480&fileSn=1,8:106,https://farmer.rda.go.kr/portal/menu1/board_lst.do?m_id=9004_9052&m_mod=0&menuId=PS03447&pageIndex=4,html/037_PS03447_p4.html,농촌진흥청 농업인안전365,N,N
14bf92faf4627df2,자료실,농기계,(농업기계 기종별 안전이용 수칙) 곡물수확기,첨부파일,,,2023-05-02,https://farmer.rda.go.kr/portal/menu1/board_viw.do?menuId=PS03447&m_id=9004_9052&m_mod=0&bbsId=8&nttSn=105&num=41&pageIndex=5,https://farmer.rda.go.kr/portal/contentsFileDownload.do?atchFileGroupCd=A0001479&fileSn=1,8:105,https://farmer.rda.go.kr/portal/menu1/board_lst.do?m_id=9004_9052&m_mod=0&menuId=PS03447&pageIndex=5,html/038_PS03447_p5.html,농촌진흥청 농업인안전365,N,N
b9d00fcbb09e7619,자료실,농기계,"(농업기계 기종별 안전이용 수칙) 경운기, 관리기 등",첨부파일,,,2023-05-02,https://farmer.rda.go.kr/portal/menu1/board_viw.do?menuId=PS03447&m_id=9004_9052&m_mod=0&bbsId=8&nttSn=104&num=42&pageIndex=5,https://farmer.rda.go.kr/portal/contentsFileDownload.do?atchFileGroupCd=A0001478&fileSn=1,8:104,https://farmer.rda.go.kr/portal/menu1/board_lst.do?m_id=9004_9052&m_mod=0&menuId=PS03447&pageIndex=5,html/038_PS03447_p5.html,농촌진흥청 농업인안전365,N,N
eb5cb2a482dbc515,자료실,농기계,(농업기계 안전이용 지침) 작업환경별 농작업요령,첨부파일,,,2023-05-02,https://farmer.rda.go.kr/portal/menu1/board_viw.do?menuId=PS03447&m_id=9004_9052&m_mod=0&bbsId=8&nttSn=126&num=43&pageIndex=5,https://farmer.rda.go.kr/portal/contentsFileDownload.do?atchFileGroupCd=A0001500&fileSn=1,8:126,https://farmer.rda.go.kr/portal/menu1/board_lst.do?m_id=9004_9052&m_mod=0&menuId=PS03447&pageIndex=5,html/038_PS03447_p5.html,농촌진흥청 농업인안전365,N,N
416be610e41a059b,자료실,농기계,(농업기계 안전이용 지침) 위험지역 작업요령,첨부파일,,,2023-05-02,https://farmer.rda.go.kr/portal/menu1/board_viw.do?menuId=PS03447&m_id=9004_9052&m_mod=0&bbsId=8&nttSn=125&num=44&pageIndex=5,https://farmer.rda.go.kr/portal/contentsFileDownload.do?atchFileGroupCd=A0001499&fileSn=1,8:125,https://farmer.rda.go.kr/portal/menu1/board_lst.do?m_id=9004_9052&m_mod=0&menuId=PS03447&pageIndex=5,html/038_PS03447_p5.html,농촌진흥청 농업인안전365,N,N
018aaf54504722bd,자료실,농기계,(농업기계 안전이용 지침) 농작업 안전수칙,첨부파일,,,2023-05-02,https://farmer.rda.go.kr/portal/menu1/board_viw.do?menuId=PS03447&m_id=9004_9052&m_mod=0&bbsId=8&nttSn=124&num=45&pageIndex=5,https://farmer.rda.go.kr/portal/contentsFileDownload.do?atchFileGroupCd=A0001498&fileSn=1,8:124,https://farmer.rda.go.kr/portal/menu1/board_lst.do?m_id=9004_9052&m_mod=0&menuId=PS03447&pageIndex=5,html/038_PS03447_p5.html,농촌진흥청 농업인안전365,N,N
2f55a33a7e45ea02,자료실,안전교육,(서식) 농작업 안전보건 교육 일지,첨부파일,,,2022-02-25,https://farmer.rda.go.kr/portal/menu1/board_viw.do?menuId=PS03447&m_id=9004_9052&m_mod=0&bbsId=8&nttSn=132&num=46&pageIndex=5,https://farmer.rda.go.kr/portal/contentsFileDownload.do?atchFileGroupCd=A0001506&fileSn=1,8:132,https://farmer.rda.go.kr/portal/menu1/board_lst.do?m_id=9004_9052&m_mod=0&menuId=PS03447&pageIndex=5,html/038_PS03447_p5.html,농촌진흥청 농업인안전365,N,N
714d9d76a33fa0b7,자료실,안전교육,(서식) 농작업 안전보건 교육 훈련 계획서,첨부파일,,,2022-02-25,https://farmer.rda.go.kr/portal/menu1/board_viw.do?menuId=PS03447&m_id=9004_9052&m_mod=0&bbsId=8&nttSn=133&num=47&pageIndex=5,https://farmer.rda.go.kr/portal/contentsFileDownload.do?atchFileGroupCd=A0001507&fileSn=1,8:133,https://farmer.rda.go.kr/portal/menu1/board_lst.do?m_id=9004_9052&m_mod=0&menuId=PS03447&pageIndex=5,html/038_PS03447_p5.html,농촌진흥청 농업인안전365,N,N
255e5186e8b3936d,자료실,안전교육,(서식) 농작업 안전보건교육 참석자 명단,첨부파일,,,2022-02-25,https://farmer.rda.go.kr/portal/menu1/board_viw.do?menuId=PS03447&m_id=9004_9052&m_mod=0&bbsId=8&nttSn=152&num=48&pageIndex=5,https://farmer.rda.go.kr/portal/contentsFileDownload.do?atchFileGroupCd=A0001526&fileSn=1,8:152,https://farmer.rda.go.kr/portal/menu1/board_lst.do?m_id=9004_9052&m_mod=0&menuId=PS03447&pageIndex=5,html/038_PS03447_p5.html,농촌진흥청 농업인안전365,N,N
dbd424fb6632aa51,자료실,기타,(서식) 안전점검일지,첨부파일,,,2022-02-25,https://farmer.rda.go.kr/portal/menu1/board_viw.do?menuId=PS03447&m_id=9004_9052&m_mod=0&bbsId=8&nttSn=134&num=49&pageIndex=5,https://farmer.rda.go.kr/portal/contentsFileDownload.do?atchFileGroupCd=A0001508&fileSn=1,8:134,https://farmer.rda.go.kr/portal/menu1/board_lst.do?m_id=9004_9052&m_mod=0&menuId=PS03447&pageIndex=5,html/038_PS03447_p5.html,농촌진흥청 농업인안전365,N,N
c0282ee5f21afe3d,자료실,기타,(서식) 농장안내표지,첨부파일,,,2022-02-25,https://farmer.rda.go.kr/portal/menu1/board_viw.do?menuId=PS03447&m_id=9004_9052&m_mod=0&bbsId=8&nttSn=135&num=50&pageIndex=5,https://farmer.rda.go.kr/portal/contentsFileDownload.do?atchFileGroupCd=A0001509&fileSn=1,8:135,https://farmer.rda.go.kr/portal/menu1/board_lst.do?m_id=9004_9052&m_mod=0&menuId=PS03447&pageIndex=5,html/038_PS03447_p5.html,농촌진흥청 농업인안전365,N,N
55ac623a5c66a13c,자료실,기타,(서식) 기타 안전표지,첨부파일,,,2022-02-25,https://farmer.rda.go.kr/portal/menu1/board_viw.do?menuId=PS03447&m_id=9004_9052&m_mod=0&bbsId=8&nttSn=136&num=51&pageIndex=6,https://farmer.rda.go.kr/portal/contentsFileDownload.do?atchFileGroupCd=A0001510&fileSn=1,8:136,https://farmer.rda.go.kr/portal/menu1/board_lst.do?m_id=9004_9052&m_mod=0&menuId=PS03447&pageIndex=6,html/039_PS03447_p6.html,농촌진흥청 농업인안전365,N,N
f03db65f67d6e652,자료실,기타,(서식) 소방 안전표지,첨부파일,,,2022-02-25,https://farmer.rda.go.kr/portal/menu1/board_viw.do?menuId=PS03447&m_id=9004_9052&m_mod=0&bbsId=8&nttSn=137&num=52&pageIndex=6,https://farmer.rda.go.kr/portal/contentsFileDownload.do?atchFileGroupCd=A0001511&fileSn=1,8:137,https://farmer.rda.go.kr/portal/menu1/board_lst.do?m_id=9004_9052&m_mod=0&menuId=PS03447&pageIndex=6,html/039_PS03447_p6.html,농촌진흥청 농업인안전365,N,N
b5f318f700042073,자료실,기타,(서식) 의무 안전표지,첨부파일,,,2022-02-25,https://farmer.rda.go.kr/portal/menu1/board_viw.do?menuId=PS03447&m_id=9004_9052&m_mod=0&bbsId=8&nttSn=138&num=53&pageIndex=6,https://farmer.rda.go.kr/portal/contentsFileDownload.do?atchFileGroupCd=A0001512&fileSn=1,8:138,https://farmer.rda.go.kr/portal/menu1/board_lst.do?m_id=9004_9052&m_mod=0&menuId=PS03447&pageIndex=6,html/039_PS03447_p6.html,농촌진흥청 농업인안전365,N,N
8c745ef64ec1f33a,자료실,응급대응,(서식) 응급 안전표지,첨부파일,,,2022-02-25,https://farmer.rda.go.kr/portal/menu1/board_viw.do?menuId=PS03447&m_id=9004_9052&m_mod=0&bbsId=8&nttSn=139&num=54&pageIndex=6,https://farmer.rda.go.kr/portal/contentsFileDownload.do?atchFileGroupCd=A0001513&fileSn=1,8:139,https://farmer.rda.go.kr/portal/menu1/board_lst.do?m_id=9004_9052&m_mod=0&menuId=PS03447&pageIndex=6,html/039_PS03447_p6.html,농촌진흥청 농업인안전365,N,N
6a7662f5a4c8beed,자료실,기타,(서식) 위험 안전표지,첨부파일,,,2022-02-25,https://farmer.rda.go.kr/portal/menu1/board_viw.do?menuId=PS03447&m_id=9004_9052&m_mod=0&bbsId=8&nttSn=140&num=55&pageIndex=6,https://farmer.rda.go.kr/portal/contentsFileDownload.do?atchFileGroupCd=A0001514&fileSn=1,8:140,https://farmer.rda.go.kr/portal/menu1/board_lst.do?m_id=9004_9052&m_mod=0&menuId=PS03447&pageIndex=6,html/039_PS03447_p6.html,농촌진흥청 농업인안전365,N,N
2587a0ef587bb0ae,자료실,기타,(서식) 금지 안전표지,첨부파일,,,2022-02-25,https://farmer.rda.go.kr/portal/menu1/board_viw.do?menuId=PS03447&m_id=9004_9052&m_mod=0&bbsId=8&nttSn=141&num=56&pageIndex=6,https://farmer.rda.go.kr/portal/contentsFileDownload.do?atchFileGroupCd=A0001515&fileSn=1,8:141,https://farmer.rda.go.kr/portal/menu1/board_lst.do?m_id=9004_9052&m_mod=0&menuId=PS03447&pageIndex=6,html/039_PS03447_p6.html,농촌진흥청 농업인안전365,N,N
cfd9c7c9667bd776,자료실,기타,(서식) 농작업 인간공학적 위험요인 평가,첨부파일,,,2022-02-25,https://farmer.rda.go.kr/portal/menu1/board_viw.do?menuId=PS03447&m_id=9004_9052&m_mod=0&bbsId=8&nttSn=142&num=57&pageIndex=6,https://farmer.rda.go.kr/portal/contentsFileDownload.do?atchFileGroupCd=A0001516&fileSn=1,8:142,https://farmer.rda.go.kr/portal/menu1/board_lst.do?m_id=9004_9052&m_mod=0&menuId=PS03447&pageIndex=6,html/039_PS03447_p6.html,농촌진흥청 농업인안전365,N,N
51b4865163755952,자료실,기타,(서식) 농작업 위험요인 평가 체크리스트,첨부파일,,,2022-02-25,https://farmer.rda.go.kr/portal/menu1/board_viw.do?menuId=PS03447&m_id=9004_9052&m_mod=0&bbsId=8&nttSn=143&num=58&pageIndex=6,https://farmer.rda.go.kr/portal/contentsFileDownload.do?atchFileGroupCd=A0001517&fileSn=1,8:143,https://farmer.rda.go.kr/portal/menu1/board_lst.do?m_id=9004_9052&m_mod=0&menuId=PS03447&pageIndex=6,html/039_PS03447_p6.html,농촌진흥청 농업인안전365,N,N
9578e7868ac4c5e6,자료실,기타,(서식) 농업인 안전의식 진단,첨부파일,,,2022-02-25,https://farmer.rda.go.kr/portal/menu1/board_viw.do?menuId=PS03447&m_id=9004_9052&m_mod=0&bbsId=8&nttSn=144&num=59&pageIndex=6,https://farmer.rda.go.kr/portal/contentsFileDownload.do?atchFileGroupCd=A0001518&fileSn=1,8:144,https://farmer.rda.go.kr/portal/menu1/board_lst.do?m_id=9004_9052&m_mod=0&menuId=PS03447&pageIndex=6,html/039_PS03447_p6.html,농촌진흥청 농업인안전365,N,N
d4a10c2c8eb8f349,자료실,기타,(서식) 농업인 업무상 손상 조사표,첨부파일,,,2022-02-25,https://farmer.rda.go.kr/portal/menu1/board_viw.do?menuId=PS03447&m_id=9004_9052&m_mod=0&bbsId=8&nttSn=145&num=60&pageIndex=6,https://farmer.rda.go.kr/portal/contentsFileDownload.do?atchFileGroupCd=A0001519&fileSn=1,8:145,https://farmer.rda.go.kr/portal/menu1/board_lst.do?m_id=9004_9052&m_mod=0&menuId=PS03447&pageIndex=6,html/039_PS03447_p6.html,농촌진흥청 농업인안전365,N,N
7b35db1e2b2179aa,자료실,농기계,(서식) 농기계 안전이용 수준 평가,첨부파일,,,2022-02-25,https://farmer.rda.go.kr/portal/menu1/board_viw.do?menuId=PS03447&m_id=9004_9052&m_mod=0&bbsId=8&nttSn=146&num=61&pageIndex=7,https://farmer.rda.go.kr/portal/contentsFileDownload.do?atchFileGroupCd=A0001520&fileSn=1,8:146,https://farmer.rda.go.kr/portal/menu1/board_lst.do?m_id=9004_9052&m_mod=0&menuId=PS03447&pageIndex=7,html/040_PS03447_p7.html,농촌진흥청 농업인안전365,N,N
0cf98ed4d6145c0a,자료실,농약·화학물질,(서식) 농약사용 안전수준 평가,첨부파일,,,2022-02-25,https://farmer.rda.go.kr/portal/menu1/board_viw.do?menuId=PS03447&m_id=9004_9052&m_mod=0&bbsId=8&nttSn=151&num=62&pageIndex=7,https://farmer.rda.go.kr/portal/contentsFileDownload.do?atchFileGroupCd=A0001525&fileSn=1,8:151,https://farmer.rda.go.kr/portal/menu1/board_lst.do?m_id=9004_9052&m_mod=0&menuId=PS03447&pageIndex=7,html/040_PS03447_p7.html,농촌진흥청 농업인안전365,N,N
c4cdace5d4e8b785,자료실,농기계,(서식) 농기계 교통사고 예방수준 평가,첨부파일,,,2022-02-25,https://farmer.rda.go.kr/portal/menu1/board_viw.do?menuId=PS03447&m_id=9004_9052&m_mod=0&bbsId=8&nttSn=150&num=63&pageIndex=7,https://farmer.rda.go.kr/portal/contentsFileDownload.do?atchFileGroupCd=A0001524&fileSn=1,8:150,https://farmer.rda.go.kr/portal/menu1/board_lst.do?m_id=9004_9052&m_mod=0&menuId=PS03447&pageIndex=7,html/040_PS03447_p7.html,농촌진흥청 농업인안전365,N,N
8b1adde372ee52de,자료실,추락·넘어짐,(서식) 넘어짐 사고 예방을 위한 안전수준 평가,첨부파일,,,2022-02-25,https://farmer.rda.go.kr/portal/menu1/board_viw.do?menuId=PS03447&m_id=9004_9052&m_mod=0&bbsId=8&nttSn=149&num=64&pageIndex=7,https://farmer.rda.go.kr/portal/contentsFileDownload.do?atchFileGroupCd=A0001523&fileSn=1,8:149,https://farmer.rda.go.kr/portal/menu1/board_lst.do?m_id=9004_9052&m_mod=0&menuId=PS03447&pageIndex=7,html/040_PS03447_p7.html,농촌진흥청 농업인안전365,N,N
3804f9862ef32311,자료실,근골격계,(서식) 근골격계질환 증상 조사표,첨부파일,,,2022-02-25,https://farmer.rda.go.kr/portal/menu1/board_viw.do?menuId=PS03447&m_id=9004_9052&m_mod=0&bbsId=8&nttSn=148&num=65&pageIndex=7,https://farmer.rda.go.kr/portal/contentsFileDownload.do?atchFileGroupCd=A0001522&fileSn=1,8:148,https://farmer.rda.go.kr/portal/menu1/board_lst.do?m_id=9004_9052&m_mod=0&menuId=PS03447&pageIndex=7,html/040_PS03447_p7.html,농촌진흥청 농업인안전365,N,N
6521dccdc6147dae,자료실,근골격계,(서식) 근골격계질환 예방 수준 평가,첨부파일,,,2022-02-25,https://farmer.rda.go.kr/portal/menu1/board_viw.do?menuId=PS03447&m_id=9004_9052&m_mod=0&bbsId=8&nttSn=147&num=66&pageIndex=7,https://farmer.rda.go.kr/portal/contentsFileDownload.do?atchFileGroupCd=A0001521&fileSn=1,8:147,https://farmer.rda.go.kr/portal/menu1/board_lst.do?m_id=9004_9052&m_mod=0&menuId=PS03447&pageIndex=7,html/040_PS03447_p7.html,농촌진흥청 농업인안전365,N,N
a73d10b1962dffa1,자료실,발표자료,농작업 안전관리 기록부,첨부파일,,,2021-12-21,https://farmer.rda.go.kr/portal/menu1/board_viw.do?menuId=PS03447&m_id=9004_9052&m_mod=0&bbsId=8&nttSn=153&num=67&pageIndex=7,https://farmer.rda.go.kr/portal/contentsFileDownload.do?atchFileGroupCd=A0001527&fileSn=1,8:153,https://farmer.rda.go.kr/portal/menu1/board_lst.do?m_id=9004_9052&m_mod=0&menuId=PS03447&pageIndex=7,html/040_PS03447_p7.html,농촌진흥청 농업인안전365,N,N
793ad2e23fa02197,자료실,농약·화학물질,농약중독의 이해 및 예방 (충남농업안전보건센터),첨부파일,,,2019-04-19,https://farmer.rda.go.kr/portal/menu1/board_viw.do?menuId=PS03447&m_id=9004_9052&m_mod=0&bbsId=8&nttSn=1&num=68&pageIndex=7,https://farmer.rda.go.kr/portal/contentsFileDownload.do?atchFileGroupCd=A0000747&fileSn=1,8:1,https://farmer.rda.go.kr/portal/menu1/board_lst.do?m_id=9004_9052&m_mod=0&menuId=PS03447&pageIndex=7,html/040_PS03447_p7.html,농촌진흥청 농업인안전365,N,N
7c4121bb22ae627c,자료실,발표자료,농업인 스트레스 연구 현황,첨부파일,,,2018-07-19,https://farmer.rda.go.kr/portal/menu1/board_viw.do?menuId=PS03447&m_id=9004_9052&m_mod=0&bbsId=8&nttSn=154&num=69&pageIndex=7,https://farmer.rda.go.kr/portal/contentsFileDownload.do?atchFileGroupCd=A0001528&fileSn=1,8:154,https://farmer.rda.go.kr/portal/menu1/board_lst.do?m_id=9004_9052&m_mod=0&menuId=PS03447&pageIndex=7,html/040_PS03447_p7.html,농촌진흥청 농업인안전365,N,N
7e2d3d8f8a031574,자료실,발표자료,한국 농작업 안전사고와 안전시스템 오류,첨부파일,,,2017-08-22,https://farmer.rda.go.kr/portal/menu1/board_viw.do?menuId=PS03447&m_id=9004_9052&m_mod=0&bbsId=8&nttSn=155&num=70&pageIndex=7,https://farmer.rda.go.kr/portal/contentsFileDownload.do?atchFileGroupCd=A0001529&fileSn=1,8:155,https://farmer.rda.go.kr/portal/menu1/board_lst.do?m_id=9004_9052&m_mod=0&menuId=PS03447&pageIndex=7,html/040_PS03447_p7.html,농촌진흥청 농업인안전365,N,N
9b67daf568b9bd02,자료실,발표자료,농업인 재해보장체계 구축방안,첨부파일,,,2016-09-09,https://farmer.rda.go.kr/portal/menu1/board_viw.do?menuId=PS03447&m_id=9004_9052&m_mod=0&bbsId=8&nttSn=157&num=71&pageIndex=8,https://farmer.rda.go.kr/portal/contentsFileDownload.do?atchFileGroupCd=A0001531&fileSn=1,8:157,https://farmer.rda.go.kr/portal/menu1/board_lst.do?m_id=9004_9052&m_mod=0&menuId=PS03447&pageIndex=8,html/041_PS03447_p8.html,농촌진흥청 농업인안전365,N,N
fe394e4d5501c8b3,자료실,농기계,농기계 종합보험 농업인 안전보험의 보완적 활용방안,첨부파일,,,2016-09-09,https://farmer.rda.go.kr/portal/menu1/board_viw.do?menuId=PS03447&m_id=9004_9052&m_mod=0&bbsId=8&nttSn=156&num=72&pageIndex=8,https://farmer.rda.go.kr/portal/contentsFileDownload.do?atchFileGroupCd=A0001530&fileSn=1,8:156,https://farmer.rda.go.kr/portal/menu1/board_lst.do?m_id=9004_9052&m_mod=0&menuId=PS03447&pageIndex=8,html/041_PS03447_p8.html,농촌진흥청 농업인안전365,N,N
7d9f7f5c5a8a19c8,자료실,발표자료,외국의 농업인 건강 연구 동향,첨부파일,,,2015-02-05,https://farmer.rda.go.kr/portal/menu1/board_viw.do?menuId=PS03447&m_id=9004_9052&m_mod=0&bbsId=8&nttSn=238&num=73&pageIndex=8,https://farmer.rda.go.kr/portal/contentsFileDownload.do?atchFileGroupCd=A0001578&fileSn=1,8:238,https://farmer.rda.go.kr/portal/menu1/board_lst.do?m_id=9004_9052&m_mod=0&menuId=PS03447&pageIndex=8,html/041_PS03447_p8.html,농촌진흥청 농업인안전365,N,N
0cfb11039ef05623,자료실,농약·화학물질,농약사용 현황 및 농업인 농약노출 특성,첨부파일,,,2015-02-05,https://farmer.rda.go.kr/portal/menu1/board_viw.do?menuId=PS03447&m_id=9004_9052&m_mod=0&bbsId=8&nttSn=200&num=74&pageIndex=8,https://farmer.rda.go.kr/portal/contentsFileDownload.do?atchFileGroupCd=A0001540&fileSn=1,8:200,https://farmer.rda.go.kr/portal/menu1/board_lst.do?m_id=9004_9052&m_mod=0&menuId=PS03447&pageIndex=8,html/041_PS03447_p8.html,농촌진흥청 농업인안전365,N,N
b67dd2760ffea37c,자료실,발표자료,우리나라 농어업인에서 악성종양 발생과 사망 양상에 관한 연구,첨부파일,,,2015-02-05,https://farmer.rda.go.kr/portal/menu1/board_viw.do?menuId=PS03447&m_id=9004_9052&m_mod=0&bbsId=8&nttSn=240&num=75&pageIndex=8,https://farmer.rda.go.kr/portal/contentsFileDownload.do?atchFileGroupCd=A0001580&fileSn=1,8:240,https://farmer.rda.go.kr/portal/menu1/board_lst.do?m_id=9004_9052&m_mod=0&menuId=PS03447&pageIndex=8,html/041_PS03447_p8.html,농촌진흥청 농업인안전365,N,N
fb8c64461bc717a7,자료실,발표자료,농업인 안전공제 자료 분석을 통한 농작업관련 재해유형과 특성,첨부파일,,,2015-02-05,https://farmer.rda.go.kr/portal/menu1/board_viw.do?menuId=PS03447&m_id=9004_9052&m_mod=0&bbsId=8&nttSn=208&num=76&pageIndex=8,https://farmer.rda.go.kr/portal/contentsFileDownload.do?atchFileGroupCd=A0001548&fileSn=1,8:208,https://farmer.rda.go.kr/portal/menu1/board_lst.do?m_id=9004_9052&m_mod=0&menuId=PS03447&pageIndex=8,html/041_PS03447_p8.html,농촌진흥청 농업인안전365,N,N
cb871eb4e8512b9a,자료실,발표자료,농업인 손상규모 파악과 위험도 산정에 관한 연구,첨부파일,,,2015-02-05,https://farmer.rda.go.kr/portal/menu1/board_viw.do?menuId=PS03447&m_id=9004_9052&m_mod=0&bbsId=8&nttSn=207&num=77&pageIndex=8,https://farmer.rda.go.kr/portal/contentsFileDownload.do?atchFileGroupCd=A0001547&fileSn=1,8:207,https://farmer.rda.go.kr/portal/menu1/board_lst.do?m_id=9004_9052&m_mod=0&menuId=PS03447&pageIndex=8,html/041_PS03447_p8.html,농촌진흥청 농업인안전365,N,N
8123b14bb018ff78,자료실,발표자료,일본에서의 농작업 재해 및 손상 현황,첨부파일,,,2015-02-05,https://farmer.rda.go.kr/portal/menu1/board_viw.do?menuId=PS03447&m_id=9004_9052&m_mod=0&bbsId=8&nttSn=248&num=78&pageIndex=8,https://farmer.rda.go.kr/portal/contentsFileDownload.do?atchFileGroupCd=A0001588&fileSn=1,8:248,https://farmer.rda.go.kr/portal/menu1/board_lst.do?m_id=9004_9052&m_mod=0&menuId=PS03447&pageIndex=8,html/041_PS03447_p8.html,농촌진흥청 농업인안전365,N,N
a26e8a5d7cc0f3b5,자료실,발표자료,농림어업인의 업무상 재해와 질병,첨부파일,,,2015-02-05,https://farmer.rda.go.kr/portal/menu1/board_viw.do?menuId=PS03447&m_id=9004_9052&m_mod=0&bbsId=8&nttSn=197&num=79&pageIndex=8,https://farmer.rda.go.kr/portal/contentsFileDownload.do?atchFileGroupCd=A0001537&fileSn=1,8:197,https://farmer.rda.go.kr/portal/menu1/board_lst.do?m_id=9004_9052&m_mod=0&menuId=PS03447&pageIndex=8,html/041_PS03447_p8.html,농촌진흥청 농업인안전365,N,N
942967e109776a09,자료실,발표자료,농업인 업무스트레스 측정도구의 개발 및 표준화,첨부파일,,,2015-02-05,https://farmer.rda.go.kr/portal/menu1/board_viw.do?menuId=PS03447&m_id=9004_9052&m_mod=0&bbsId=8&nttSn=210&num=80&pageIndex=8,https://farmer.rda.go.kr/portal/contentsFileDownload.do?atchFileGroupCd=A0001550&fileSn=1,8:210,https://farmer.rda.go.kr/portal/menu1/board_lst.do?m_id=9004_9052&m_mod=0&menuId=PS03447&pageIndex=8,html/041_PS03447_p8.html,농촌진흥청 농업인안전365,N,N
96daf6f11161af2d,자료실,근골격계,과수농민의 경부와 상지의 근골격계 증후군,첨부파일,,,2015-02-05,https://farmer.rda.go.kr/portal/menu1/board_viw.do?menuId=PS03447&m_id=9004_9052&m_mod=0&bbsId=8&nttSn=195&num=81&pageIndex=9,https://farmer.rda.go.kr/portal/contentsFileDownload.do?atchFileGroupCd=A0001535&fileSn=1,8:195,https://farmer.rda.go.kr/portal/menu1/board_lst.do?m_id=9004_9052&m_mod=0&menuId=PS03447&pageIndex=9,html/042_PS03447_p9.html,농촌진흥청 농업인안전365,N,N
9bb2fea605533cc5,자료실,농약·화학물질,농약에 의한 건강장해 연구에 대한 고찰,첨부파일,,,2015-02-05,https://farmer.rda.go.kr/portal/menu1/board_viw.do?menuId=PS03447&m_id=9004_9052&m_mod=0&bbsId=8&nttSn=201&num=82&pageIndex=9,https://farmer.rda.go.kr/portal/contentsFileDownload.do?atchFileGroupCd=A0001541&fileSn=1,8:201,https://farmer.rda.go.kr/portal/menu1/board_lst.do?m_id=9004_9052&m_mod=0&menuId=PS03447&pageIndex=9,html/042_PS03447_p9.html,농촌진흥청 농업인안전365,N,N
0ccc4d37b3f0268e,자료실,발표자료,담뱃잎 수확작업자의 니코틴 노출 평가,첨부파일,,,2015-02-05,https://farmer.rda.go.kr/portal/menu1/board_viw.do?menuId=PS03447&m_id=9004_9052&m_mod=0&bbsId=8&nttSn=225&num=83&pageIndex=9,https://farmer.rda.go.kr/portal/contentsFileDownload.do?atchFileGroupCd=A0001565&fileSn=1,8:225,https://farmer.rda.go.kr/portal/menu1/board_lst.do?m_id=9004_9052&m_mod=0&menuId=PS03447&pageIndex=9,html/042_PS03447_p9.html,농촌진흥청 농업인안전365,N,N
1c08439a63152a30,자료실,발표자료,주민역량강화를 통한 건강증진 사업의 평가 전략,첨부파일,,,2015-02-05,https://farmer.rda.go.kr/portal/menu1/board_viw.do?menuId=PS03447&m_id=9004_9052&m_mod=0&bbsId=8&nttSn=254&num=84&pageIndex=9,https://farmer.rda.go.kr/portal/contentsFileDownload.do?atchFileGroupCd=A0001594&fileSn=1,8:254,https://farmer.rda.go.kr/portal/menu1/board_lst.do?m_id=9004_9052&m_mod=0&menuId=PS03447&pageIndex=9,html/042_PS03447_p9.html,농촌진흥청 농업인안전365,N,N
001a51624c58478d,자료실,발표자료,일본 농작업재해 현황 및 예방대책,첨부파일,,,2015-02-05,https://farmer.rda.go.kr/portal/menu1/board_viw.do?menuId=PS03447&m_id=9004_9052&m_mod=0&bbsId=8&nttSn=247&num=85&pageIndex=9,https://farmer.rda.go.kr/portal/contentsFileDownload.do?atchFileGroupCd=A0001587&fileSn=1,8:247,https://farmer.rda.go.kr/portal/menu1/board_lst.do?m_id=9004_9052&m_mod=0&menuId=PS03447&pageIndex=9,html/042_PS03447_p9.html,농촌진흥청 농업인안전365,N,N
49b16d16ad0908a3,자료실,발표자료,농작업재해 예방을 위한 국가관리 방향,첨부파일,,,2015-02-05,https://farmer.rda.go.kr/portal/menu1/board_viw.do?menuId=PS03447&m_id=9004_9052&m_mod=0&bbsId=8&nttSn=222&num=86&pageIndex=9,https://farmer.rda.go.kr/portal/contentsFileDownload.do?atchFileGroupCd=A0001562&fileSn=1,8:222,https://farmer.rda.go.kr/portal/menu1/board_lst.do?m_id=9004_9052&m_mod=0&menuId=PS03447&pageIndex=9,html/042_PS03447_p9.html,농촌진흥청 농업인안전365,N,N
c84565cce744b760,자료실,발표자료,ILO 농업산업보건협약의 문제점 및 개선방안,첨부파일,,,2015-02-05,https://farmer.rda.go.kr/portal/menu1/board_viw.do?menuId=PS03447&m_id=9004_9052&m_mod=0&bbsId=8&nttSn=192&num=87&pageIndex=9,https://farmer.rda.go.kr/portal/contentsFileDownload.do?atchFileGroupCd=A0001532&fileSn=1,8:192,https://farmer.rda.go.kr/portal/menu1/board_lst.do?m_id=9004_9052&m_mod=0&menuId=PS03447&pageIndex=9,html/042_PS03447_p9.html,농촌진흥청 농업인안전365,N,N
b775aa1e4eb99e30,자료실,발표자료,미국 농업손상 통계의 현황,첨부파일,,,2015-02-05,https://farmer.rda.go.kr/portal/menu1/board_viw.do?menuId=PS03447&m_id=9004_9052&m_mod=0&bbsId=8&nttSn=228&num=88&pageIndex=9,https://farmer.rda.go.kr/portal/contentsFileDownload.do?atchFileGroupCd=A0001568&fileSn=1,8:228,https://farmer.rda.go.kr/portal/menu1/board_lst.do?m_id=9004_9052&m_mod=0&menuId=PS03447&pageIndex=9,html/042_PS03447_p9.html,농촌진흥청 농업인안전365,N,N
4d6737a3a6a169da,자료실,발표자료,How much exercise is enough for health and well-being?,자료실 게시물,,,2015-02-05,https://farmer.rda.go.kr/portal/menu1/board_viw.do?menuId=PS03447&m_id=9004_9052&m_mod=0&bbsId=8&nttSn=191&num=89&pageIndex=9,,8:191,https://farmer.rda.go.kr/portal/menu1/board_lst.do?m_id=9004_9052&m_mod=0&menuId=PS03447&pageIndex=9,html/042_PS03447_p9.html,농촌진흥청 농업인안전365,N,N
0eba50522d5e29e3,자료실,발표자료,미국 및 캐나다 방문 보고,첨부파일,,,2015-02-05,https://farmer.rda.go.kr/portal/menu1/board_viw.do?menuId=PS03447&m_id=9004_9052&m_mod=0&bbsId=8&nttSn=231&num=90&pageIndex=9,https://farmer.rda.go.kr/portal/contentsFileDownload.do?atchFileGroupCd=A0001571&fileSn=1,8:231,https://farmer.rda.go.kr/portal/menu1/board_lst.do?m_id=9004_9052&m_mod=0&menuId=PS03447&pageIndex=9,html/042_PS03447_p9.html,농촌진흥청 농업인안전365,N,N
2428b33ca934dfd4,자료실,근골격계,농업인의 근골격계 질환 예방 및 관리,첨부파일,,,2015-02-05,https://farmer.rda.go.kr/portal/menu1/board_viw.do?menuId=PS03447&m_id=9004_9052&m_mod=0&bbsId=8&nttSn=214&num=91&pageIndex=10,https://farmer.rda.go.kr/portal/contentsFileDownload.do?atchFileGroupCd=A0001554&fileSn=1,8:214,https://farmer.rda.go.kr/portal/menu1/board_lst.do?m_id=9004_9052&m_mod=0&menuId=PS03447&pageIndex=10,html/043_PS03447_p10.html,농촌진흥청 농업인안전365,N,N
4926b62dc29e40dd,자료실,발표자료,편이장비 사업에서의 인간공학적 접근,첨부파일,,,2015-02-05,https://farmer.rda.go.kr/portal/menu1/board_viw.do?menuId=PS03447&m_id=9004_9052&m_mod=0&bbsId=8&nttSn=255&num=92&pageIndex=10,https://farmer.rda.go.kr/portal/contentsFileDownload.do?atchFileGroupCd=A0001595&fileSn=1,8:255,https://farmer.rda.go.kr/portal/menu1/board_lst.do?m_id=9004_9052&m_mod=0&menuId=PS03447&pageIndex=10,html/043_PS03447_p10.html,농촌진흥청 농업인안전365,N,N
465e606afb20227b,자료실,발표자료,농업인 안전보건 증진 발전방안 모색,첨부파일,,,2015-02-05,https://farmer.rda.go.kr/portal/menu1/board_viw.do?menuId=PS03447&m_id=9004_9052&m_mod=0&bbsId=8&nttSn=209&num=93&pageIndex=10,https://farmer.rda.go.kr/portal/contentsFileDownload.do?atchFileGroupCd=A0001549&fileSn=1,8:209,https://farmer.rda.go.kr/portal/menu1/board_lst.do?m_id=9004_9052&m_mod=0&menuId=PS03447&pageIndex=10,html/043_PS03447_p10.html,농촌진흥청 농업인안전365,N,N
c53dad5000d7f7f2,자료실,발표자료,농업인 재해보상보험제도,첨부파일,,,2015-02-05,https://farmer.rda.go.kr/portal/menu1/board_viw.do?menuId=PS03447&m_id=9004_9052&m_mod=0&bbsId=8&nttSn=212&num=94&pageIndex=10,https://farmer.rda.go.kr/portal/contentsFileDownload.do?atchFileGroupCd=A0001552&fileSn=1,8:212,https://farmer.rda.go.kr/portal/menu1/board_lst.do?m_id=9004_9052&m_mod=0&menuId=PS03447&pageIndex=10,html/043_PS03447_p10.html,농촌진흥청 농업인안전365,N,N
5158c6b1e60ce383,자료실,발표자료,방제복 등 농작업복의 개발현황 및 활용효과,첨부파일,,,2015-02-05,https://farmer.rda.go.kr/portal/menu1/board_viw.do?menuId=PS03447&m_id=9004_9052&m_mod=0&bbsId=8&nttSn=232&num=95&pageIndex=10,https://farmer.rda.go.kr/portal/contentsFileDownload.do?atchFileGroupCd=A0001572&fileSn=1,8:232,https://farmer.rda.go.kr/portal/menu1/board_lst.do?m_id=9004_9052&m_mod=0&menuId=PS03447&pageIndex=10,html/043_PS03447_p10.html,농촌진흥청 농업인안전365,N,N
84f4ea04a3b323a6,자료실,농약·화학물질,농약노출과 농약관련 질환 평가 방법,첨부파일,,,2015-02-05,https://farmer.rda.go.kr/portal/menu1/board_viw.do?menuId=PS03447&m_id=9004_9052&m_mod=0&bbsId=8&nttSn=199&num=96&pageIndex=10,https://farmer.rda.go.kr/portal/contentsFileDownload.do?atchFileGroupCd=A0001539&fileSn=1,8:199,https://farmer.rda.go.kr/portal/menu1/board_lst.do?m_id=9004_9052&m_mod=0&menuId=PS03447&pageIndex=10,html/043_PS03447_p10.html,농촌진흥청 농업인안전365,N,N
78f4d1009d47282a,자료실,농약·화학물질,농업인 대상 농약노출 조사항목,첨부파일,,,2015-02-05,https://farmer.rda.go.kr/portal/menu1/board_viw.do?menuId=PS03447&m_id=9004_9052&m_mod=0&bbsId=8&nttSn=206&num=97&pageIndex=10,https://farmer.rda.go.kr/portal/contentsFileDownload.do?atchFileGroupCd=A0001546&fileSn=1,8:206,https://farmer.rda.go.kr/portal/menu1/board_lst.do?m_id=9004_9052&m_mod=0&menuId=PS03447&pageIndex=10,html/043_PS03447_p10.html,농촌진흥청 농업인안전365,N,N
50d9740f2a7ad0fd,자료실,발표자료,농업분야 작업안전성 향상을 위한 작업환경 개선 연구 동향,첨부파일,,,2015-02-05,https://farmer.rda.go.kr/portal/menu1/board_viw.do?menuId=PS03447&m_id=9004_9052&m_mod=0&bbsId=8&nttSn=204&num=98&pageIndex=10,https://farmer.rda.go.kr/portal/contentsFileDownload.do?atchFileGroupCd=A0001544&fileSn=1,8:204,https://farmer.rda.go.kr/portal/menu1/board_lst.do?m_id=9004_9052&m_mod=0&menuId=PS03447&pageIndex=10,html/043_PS03447_p10.html,농촌진흥청 농업인안전365,N,N
72056b8285cf7c4a,자료실,발표자료,농작업 안전 예방 및 평가 프로그램 개발,첨부파일,,,2015-02-05,https://farmer.rda.go.kr/portal/menu1/board_viw.do?menuId=PS03447&m_id=9004_9052&m_mod=0&bbsId=8&nttSn=216&num=99&pageIndex=10,https://farmer.rda.go.kr/portal/contentsFileDownload.do?atchFileGroupCd=A0001556&fileSn=1,8:216,https://farmer.rda.go.kr/portal/menu1/board_lst.do?m_id=9004_9052&m_mod=0&menuId=PS03447&pageIndex=10,html/043_PS03447_p10.html,농촌진흥청 농업인안전365,N,N
67ceb8bd49313628,자료실,발표자료,독일의 농업인 재해보장제도에 관하여,첨부파일,,,2015-02-05,https://farmer.rda.go.kr/portal/menu1/board_viw.do?menuId=PS03447&m_id=9004_9052&m_mod=0&bbsId=8&nttSn=226&num=100&pageIndex=10,https://farmer.rda.go.kr/portal/contentsFileDownload.do?atchFileGroupCd=A0001566&fileSn=1,8:226,https://farmer.rda.go.kr/portal/menu1/board_lst.do?m_id=9004_9052&m_mod=0&menuId=PS03447&pageIndex=10,html/043_PS03447_p10.html,농촌진흥청 농업인안전365,N,N
1e17cd7ed9c52979,자료실,발표자료,조사가구 관리를 고려한 표본설계,첨부파일,,,2015-02-05,https://farmer.rda.go.kr/portal/menu1/board_viw.do?menuId=PS03447&m_id=9004_9052&m_mod=0&bbsId=8&nttSn=253&num=101&pageIndex=11,https://farmer.rda.go.kr/portal/contentsFileDownload.do?atchFileGroupCd=A0001593&fileSn=1,8:253,https://farmer.rda.go.kr/portal/menu1/board_lst.do?m_id=9004_9052&m_mod=0&menuId=PS03447&pageIndex=11,html/044_PS03447_p11.html,농촌진흥청 농업인안전365,N,N
cac3377e817a62fa,자료실,발표자료,안전사고 분류체계에 관한 연구,첨부파일,,,2015-02-05,https://farmer.rda.go.kr/portal/menu1/board_viw.do?menuId=PS03447&m_id=9004_9052&m_mod=0&bbsId=8&nttSn=236&num=102&pageIndex=11,https://farmer.rda.go.kr/portal/contentsFileDownload.do?atchFileGroupCd=A0001576&fileSn=1,8:236,https://farmer.rda.go.kr/portal/menu1/board_lst.do?m_id=9004_9052&m_mod=0&menuId=PS03447&pageIndex=11,html/044_PS03447_p11.html,농촌진흥청 농업인안전365,N,N
6499f3af28a52a54,자료실,근골격계,업무상 근골격계질환 예방 프로그램,첨부파일,,,2015-02-05,https://farmer.rda.go.kr/portal/menu1/board_viw.do?menuId=PS03447&m_id=9004_9052&m_mod=0&bbsId=8&nttSn=237&num=103&pageIndex=11,https://farmer.rda.go.kr/portal/contentsFileDownload.do?atchFileGroupCd=A0001577&fileSn=1,8:237,https://farmer.rda.go.kr/portal/menu1/board_lst.do?m_id=9004_9052&m_mod=0&menuId=PS03447&pageIndex=11,html/044_PS03447_p11.html,농촌진흥청 농업인안전365,N,N
84ff049d7b195096,자료실,발표자료,농업인 건강안전 정보센터 발전방향,첨부파일,,,2015-02-05,https://farmer.rda.go.kr/portal/menu1/board_viw.do?menuId=PS03447&m_id=9004_9052&m_mod=0&bbsId=8&nttSn=205&num=104&pageIndex=11,https://farmer.rda.go.kr/portal/contentsFileDownload.do?atchFileGroupCd=A0001545&fileSn=1,8:205,https://farmer.rda.go.kr/portal/menu1/board_lst.do?m_id=9004_9052&m_mod=0&menuId=PS03447&pageIndex=11,html/044_PS03447_p11.html,농촌진흥청 농업인안전365,N,N
05b34746f0f9eaf7,자료실,발표자료,농작업 안전을 위한 인간공학,첨부파일,,,2015-02-05,https://farmer.rda.go.kr/portal/menu1/board_viw.do?menuId=PS03447&m_id=9004_9052&m_mod=0&bbsId=8&nttSn=218&num=105&pageIndex=11,https://farmer.rda.go.kr/portal/contentsFileDownload.do?atchFileGroupCd=A0001558&fileSn=1,8:218,https://farmer.rda.go.kr/portal/menu1/board_lst.do?m_id=9004_9052&m_mod=0&menuId=PS03447&pageIndex=11,html/044_PS03447_p11.html,농촌진흥청 농업인안전365,N,N
adb2b4cd0c013303,자료실,농약·화학물질,작업안전 보호구의 개발현황,첨부파일,,,2015-02-05,https://farmer.rda.go.kr/portal/menu1/board_viw.do?menuId=PS03447&m_id=9004_9052&m_mod=0&bbsId=8&nttSn=251&num=106&pageIndex=11,https://farmer.rda.go.kr/portal/contentsFileDownload.do?atchFileGroupCd=A0001591&fileSn=1,8:251,https://farmer.rda.go.kr/portal/menu1/board_lst.do?m_id=9004_9052&m_mod=0&menuId=PS03447&pageIndex=11,html/044_PS03447_p11.html,농촌진흥청 농업인안전365,N,N
e15d2504c966f090,자료실,발표자료,농업인의 호흡기 관련 건강,첨부파일,,,2015-02-05,https://farmer.rda.go.kr/portal/menu1/board_viw.do?menuId=PS03447&m_id=9004_9052&m_mod=0&bbsId=8&nttSn=215&num=107&pageIndex=11,https://farmer.rda.go.kr/portal/contentsFileDownload.do?atchFileGroupCd=A0001555&fileSn=1,8:215,https://farmer.rda.go.kr/portal/menu1/board_lst.do?m_id=9004_9052&m_mod=0&menuId=PS03447&pageIndex=11,html/044_PS03447_p11.html,농촌진흥청 농업인안전365,N,N
1910dbb5e360e065,자료실,발표자료,농작업 편이도구의 인간공학적 안전성,첨부파일,,,2015-02-05,https://farmer.rda.go.kr/portal/menu1/board_viw.do?menuId=PS03447&m_id=9004_9052&m_mod=0&bbsId=8&nttSn=219&num=108&pageIndex=11,https://farmer.rda.go.kr/portal/contentsFileDownload.do?atchFileGroupCd=A0001559&fileSn=1,8:219,https://farmer.rda.go.kr/portal/menu1/board_lst.do?m_id=9004_9052&m_mod=0&menuId=PS03447&pageIndex=11,html/044_PS03447_p11.html,농촌진흥청 농업인안전365,N,N
a82a6705ded7b681,자료실,발표자료,농어촌복지포럼 농업인건강연구회공동심포지엄,첨부파일,,,2015-02-05,https://farmer.rda.go.kr/portal/menu1/board_viw.do?menuId=PS03447&m_id=9004_9052&m_mod=0&bbsId=8&nttSn=203&num=109&pageIndex=11,https://farmer.rda.go.kr/portal/contentsFileDownload.do?atchFileGroupCd=A0001543&fileSn=1,8:203,https://farmer.rda.go.kr/portal/menu1/board_lst.do?m_id=9004_9052&m_mod=0&menuId=PS03447&pageIndex=11,html/044_PS03447_p11.html,농촌진흥청 농업인안전365,N,N
010e730c5941720e,자료실,발표자료,농업인건강문제개선을 위한 전문가 간담회,첨부파일,,,2015-02-05,https://farmer.rda.go.kr/portal/menu1/board_viw.do?menuId=PS03447&m_id=9004_9052&m_mod=0&bbsId=8&nttSn=213&num=110&pageIndex=11,https://farmer.rda.go.kr/portal/contentsFileDownload.do?atchFileGroupCd=A0001553&fileSn=1,8:213,https://farmer.rda.go.kr/portal/menu1/board_lst.do?m_id=9004_9052&m_mod=0&menuId=PS03447&pageIndex=11,html/044_PS03447_p11.html,농촌진흥청 농업인안전365,N,N
c12293ec84ed3bb2,자료실,기타,농업인 업무스트레스 측정도구의 개발 및 표준화,첨부파일,,,2009-06-03,https://farmer.rda.go.kr/portal/menu1/board_viw.do?menuId=PS03447&m_id=9004_9052&m_mod=0&bbsId=8&nttSn=83&num=221&pageIndex=23,https://farmer.rda.go.kr/portal/contentsFileDownload.do?atchFileGroupCd=A0000800&fileSn=1,8:83,https://farmer.rda.go.kr/portal/menu1/board_lst.do?m_id=9004_9052&m_mod=0&menuId=PS03447&pageIndex=23,html/045_PS03447_p23.html,농촌진흥청 농업인안전365,N,N
83e7fe051aacfba8,자료실,기타,일본에서의 농작업 재해 및 손상 현황,첨부파일,,,2009-04-27,https://farmer.rda.go.kr/portal/menu1/board_viw.do?menuId=PS03447&m_id=9004_9052&m_mod=0&bbsId=8&nttSn=85&num=222&pageIndex=23,https://farmer.rda.go.kr/portal/contentsFileDownload.do?atchFileGroupCd=A0000802&fileSn=1,8:85,https://farmer.rda.go.kr/portal/menu1/board_lst.do?m_id=9004_9052&m_mod=0&menuId=PS03447&pageIndex=23,html/045_PS03447_p23.html,농촌진흥청 농업인안전365,N,N
79be0c4b01b32af3,자료실,기타,농업인 손상규모 파악과 위험도 산정에 관한 연구,자료실 게시물,,,2009-04-27,https://farmer.rda.go.kr/portal/menu1/board_viw.do?menuId=PS03447&m_id=9004_9052&m_mod=0&bbsId=8&nttSn=86&num=223&pageIndex=23,,8:86,https://farmer.rda.go.kr/portal/menu1/board_lst.do?m_id=9004_9052&m_mod=0&menuId=PS03447&pageIndex=23,html/045_PS03447_p23.html,농촌진흥청 농업인안전365,N,N
59cebe7b59553eed,자료실,기타,농업인 안전공제 자료 분석을 통한 농작업관련 재해유형과 특성,첨부파일,,,2009-04-27,https://farmer.rda.go.kr/portal/menu1/board_viw.do?menuId=PS03447&m_id=9004_9052&m_mod=0&bbsId=8&nttSn=87&num=224&pageIndex=23,https://farmer.rda.go.kr/portal/contentsFileDownload.do?atchFileGroupCd=A0000803&fileSn=1,8:87,https://farmer.rda.go.kr/portal/menu1/board_lst.do?m_id=9004_9052&m_mod=0&menuId=PS03447&pageIndex=23,html/045_PS03447_p23.html,농촌진흥청 농업인안전365,N,N
17432f72c1e10e53,자료실,기타,우리나라 농어업인에서 악성종양 발생과 사망 양상에 관한 연구,첨부파일,,,2009-04-01,https://farmer.rda.go.kr/portal/menu1/board_viw.do?menuId=PS03447&m_id=9004_9052&m_mod=0&bbsId=8&nttSn=88&num=225&pageIndex=23,https://farmer.rda.go.kr/portal/contentsFileDownload.do?atchFileGroupCd=A0000804&fileSn=1,8:88,https://farmer.rda.go.kr/portal/menu1/board_lst.do?m_id=9004_9052&m_mod=0&menuId=PS03447&pageIndex=23,html/045_PS03447_p23.html,농촌진흥청 농업인안전365,N,N
bcb90fb36fd15a5f,자료실,농약·화학물질,농약사용 현황 및 농업인 농약노출 특성,첨부파일,,,2009-03-27,https://farmer.rda.go.kr/portal/menu1/board_viw.do?menuId=PS03447&m_id=9004_9052&m_mod=0&bbsId=8&nttSn=89&num=226&pageIndex=23,https://farmer.rda.go.kr/portal/contentsFileDownload.do?atchFileGroupCd=A0000805&fileSn=1,8:89,https://farmer.rda.go.kr/portal/menu1/board_lst.do?m_id=9004_9052&m_mod=0&menuId=PS03447&pageIndex=23,html/045_PS03447_p23.html,농촌진흥청 농업인안전365,N,N
720e4b5354bedd5c,공지사항,간행물,『우리농장 소통가이드』 간행물 업데이트 안내 (8개 국어),자료실 게시물,,,2026-06-02,https://farmer.rda.go.kr/portal/menu1/board_viw.do?menuId=PS03448&m_id=3_18&m_mod=11&bbsId=5&nttSn=230&num=0&pageIndex=2,,5:230,https://farmer.rda.go.kr/portal/menu6/board_lst1.do?m_id=3_18&m_mod=0&menuId=PS03448&pageIndex=2,html/046_PS03448_p2.html,농촌진흥청 농업인안전365,N,N
cba2c49fcab29961,공지사항,온열·한랭,『농업인 온열질환 예방가이드』 간행물 업데이트 안내,자료실 게시물,,,2026-05-14,https://farmer.rda.go.kr/portal/menu1/board_viw.do?menuId=PS03448&m_id=3_18&m_mod=12&bbsId=5&nttSn=229&num=0&pageIndex=2,,5:229,https://farmer.rda.go.kr/portal/menu6/board_lst1.do?m_id=3_18&m_mod=0&menuId=PS03448&pageIndex=2,html/046_PS03448_p2.html,농촌진흥청 농업인안전365,N,N
dc38ff8a70950044,공지사항,공지사항,2025년 농업인 업무상 손상조사 결과 KOSIS 공표 알림,자료실 게시물,,,2026-05-08,https://farmer.rda.go.kr/portal/menu1/board_viw.do?menuId=PS03448&m_id=3_18&m_mod=13&bbsId=5&nttSn=228&num=0&pageIndex=2,,5:228,https://farmer.rda.go.kr/portal/menu6/board_lst1.do?m_id=3_18&m_mod=0&menuId=PS03448&pageIndex=2,html/046_PS03448_p2.html,농촌진흥청 농업인안전365,N,N
8a44c588d6b80e62,공지사항,감염·생물학적 위험,『중대재해처벌법 대응가이드』 간행물 업데이트 안내,자료실 게시물,,,2026-05-04,https://farmer.rda.go.kr/portal/menu1/board_viw.do?menuId=PS03448&m_id=3_18&m_mod=14&bbsId=5&nttSn=227&num=0&pageIndex=2,,5:227,https://farmer.rda.go.kr/portal/menu6/board_lst1.do?m_id=3_18&m_mod=0&menuId=PS03448&pageIndex=2,html/046_PS03448_p2.html,농촌진흥청 농업인안전365,N,N
eda1a5dd2c2c33e6,공지사항,간행물,「외국인 근로자를 위한 산업안전보건 (농업편)」 간행물 업데이트 알림,자료실 게시물,,,2026-04-07,https://farmer.rda.go.kr/portal/menu1/board_viw.do?menuId=PS03448&m_id=3_18&m_mod=15&bbsId=5&nttSn=226&num=0&pageIndex=2,,5:226,https://farmer.rda.go.kr/portal/menu6/board_lst1.do?m_id=3_18&m_mod=0&menuId=PS03448&pageIndex=2,html/046_PS03448_p2.html,농촌진흥청 농업인안전365,N,N
102fff0826a9ebbc,공지사항,감염·생물학적 위험,『진드기 매개 감염병 예방가이드』 외 1종 간행물 업데이트 알림,자료실 게시물,,,2026-04-06,https://farmer.rda.go.kr/portal/menu1/board_viw.do?menuId=PS03448&m_id=3_18&m_mod=16&bbsId=5&nttSn=225&num=0&pageIndex=2,,5:225,https://farmer.rda.go.kr/portal/menu6/board_lst1.do?m_id=3_18&m_mod=0&menuId=PS03448&pageIndex=2,html/046_PS03448_p2.html,농촌진흥청 농업인안전365,N,N
9be5bdff75f0e4e7,공지사항,간행물,「농업작업 안전재해예방 '25 추진실적 및 '26 시행계획」 간행물 업데이트 알림,자료실 게시물,,,2026-04-06,https://farmer.rda.go.kr/portal/menu1/board_viw.do?menuId=PS03448&m_id=3_18&m_mod=17&bbsId=5&nttSn=224&num=0&pageIndex=2,,5:224,https://farmer.rda.go.kr/portal/menu6/board_lst1.do?m_id=3_18&m_mod=0&menuId=PS03448&pageIndex=2,html/046_PS03448_p2.html,농촌진흥청 농업인안전365,N,N
09edab6b43507070,공지사항,안전교육,농업인 재해예방 동영상 업데이트 알림,자료실 게시물,,,2026-03-27,https://farmer.rda.go.kr/portal/menu1/board_viw.do?menuId=PS03448&m_id=3_18&m_mod=18&bbsId=5&nttSn=223&num=0&pageIndex=2,,5:223,https://farmer.rda.go.kr/portal/menu6/board_lst1.do?m_id=3_18&m_mod=0&menuId=PS03448&pageIndex=2,html/046_PS03448_p2.html,농촌진흥청 농업인안전365,N,N
53f0b09bb5056d95,공지사항,공지사항,농업인의 업무상 손상 통계 5월 공표 예정 알림 (2025년 조사기반),자료실 게시물,,,2026-03-25,https://farmer.rda.go.kr/portal/menu1/board_viw.do?menuId=PS03448&m_id=3_18&m_mod=19&bbsId=5&nttSn=222&num=0&pageIndex=2,,5:222,https://farmer.rda.go.kr/portal/menu6/board_lst1.do?m_id=3_18&m_mod=0&menuId=PS03448&pageIndex=2,html/046_PS03448_p2.html,농촌진흥청 농업인안전365,N,N
6a78528824ce0e67,공지사항,간행물,"『포토보이스 가이드북(안전한 농작업, 사진으로 얘기해요)』 외 4종 간행물 업데이트 알림",자료실 게시물,,,2025-12-18,https://farmer.rda.go.kr/portal/menu1/board_viw.do?menuId=PS03448&m_id=3_18&m_mod=20&bbsId=5&nttSn=216&num=0&pageIndex=2,,5:216,https://farmer.rda.go.kr/portal/menu6/board_lst1.do?m_id=3_18&m_mod=0&menuId=PS03448&pageIndex=2,html/046_PS03448_p2.html,농촌진흥청 농업인안전365,N,N
2c0c4d39db2fef09,공지사항,공지사항,2026년 농작업안전관리자 선발·모집 공고,자료실 게시물,,,2025-12-02,https://farmer.rda.go.kr/portal/menu1/board_viw.do?menuId=PS03448&m_id=3_18&m_mod=21&bbsId=5&nttSn=215&num=0&pageIndex=3,,5:215,https://farmer.rda.go.kr/portal/menu6/board_lst1.do?m_id=3_18&m_mod=0&menuId=PS03448&pageIndex=3,html/047_PS03448_p3.html,농촌진흥청 농업인안전365,N,N
35c86438bdcdfbf5,공지사항,공지사항,2026년 농작업안전관리자 활동 희망자 수요조사 안내,자료실 게시물,,,2025-10-03,https://farmer.rda.go.kr/portal/menu1/board_viw.do?menuId=PS03448&m_id=3_18&m_mod=22&bbsId=5&nttSn=213&num=0&pageIndex=3,,5:213,https://farmer.rda.go.kr/portal/menu6/board_lst1.do?m_id=3_18&m_mod=0&menuId=PS03448&pageIndex=3,html/047_PS03448_p3.html,농촌진흥청 농업인안전365,N,N
27736c1b2621af39,공지사항,공지사항,농업인안전365 일부 서비스 장애 안내,자료실 게시물,,,2025-09-27,https://farmer.rda.go.kr/portal/menu1/board_viw.do?menuId=PS03448&m_id=3_18&m_mod=23&bbsId=5&nttSn=212&num=0&pageIndex=3,,5:212,https://farmer.rda.go.kr/portal/menu6/board_lst1.do?m_id=3_18&m_mod=0&menuId=PS03448&pageIndex=3,html/047_PS03448_p3.html,농촌진흥청 농업인안전365,N,N
2f3cfe03141061a9,공지사항,안전교육,외국인 근로자 농작업 안전교육홍보 영상 게시 안내 (농업인안전365 유튜브 채널),자료실 게시물,,,2025-09-22,https://farmer.rda.go.kr/portal/menu1/board_viw.do?menuId=PS03448&m_id=3_18&m_mod=24&bbsId=5&nttSn=211&num=0&pageIndex=3,,5:211,https://farmer.rda.go.kr/portal/menu6/board_lst1.do?m_id=3_18&m_mod=0&menuId=PS03448&pageIndex=3,html/047_PS03448_p3.html,농촌진흥청 농업인안전365,N,N
73c446c03d681eaf,공지사항,공지사항,농업인 업무상 질병 및 손상 핵심결과 카드뉴스 업데이트 알림,자료실 게시물,,,2025-08-13,https://farmer.rda.go.kr/portal/menu1/board_viw.do?menuId=PS03448&m_id=3_18&m_mod=25&bbsId=5&nttSn=210&num=0&pageIndex=3,,5:210,https://farmer.rda.go.kr/portal/menu6/board_lst1.do?m_id=3_18&m_mod=0&menuId=PS03448&pageIndex=3,html/047_PS03448_p3.html,농촌진흥청 농업인안전365,N,N
e356dbe2753d4cb1,공지사항,온열·한랭,"[폭염 속 농작업 안전, 5대 기본수칙!] 간행물 업데이트 알림",자료실 게시물,,,2025-07-21,https://farmer.rda.go.kr/portal/menu1/board_viw.do?menuId=PS03448&m_id=3_18&m_mod=26&bbsId=5&nttSn=207&num=0&pageIndex=3,,5:207,https://farmer.rda.go.kr/portal/menu6/board_lst1.do?m_id=3_18&m_mod=0&menuId=PS03448&pageIndex=3,html/047_PS03448_p3.html,농촌진흥청 농업인안전365,N,N
285a08c9ed7d3e94,공지사항,온열·한랭,2025년 농업인 온열질환 자율점검 이벤트 개최 안내,자료실 게시물,,,2025-07-04,https://farmer.rda.go.kr/portal/menu1/board_viw.do?menuId=PS03448&m_id=3_18&m_mod=27&bbsId=5&nttSn=206&num=0&pageIndex=3,,5:206,https://farmer.rda.go.kr/portal/menu6/board_lst1.do?m_id=3_18&m_mod=0&menuId=PS03448&pageIndex=3,html/047_PS03448_p3.html,농촌진흥청 농업인안전365,N,N
293e1e003dfe42a5,공지사항,감염·생물학적 위험,농업인 인수공통감염병 예방 홍보 동영상(5종) 업데이트 알림,자료실 게시물,,,2025-06-18,https://farmer.rda.go.kr/portal/menu1/board_viw.do?menuId=PS03448&m_id=3_18&m_mod=28&bbsId=5&nttSn=205&num=0&pageIndex=3,,5:205,https://farmer.rda.go.kr/portal/menu6/board_lst1.do?m_id=3_18&m_mod=0&menuId=PS03448&pageIndex=3,html/047_PS03448_p3.html,농촌진흥청 농업인안전365,N,N
faa078c8d0cb82bb,공지사항,공지사항,정보시스템 점검에 따른 서비스 일시 중단 알림,자료실 게시물,,,2025-06-13,https://farmer.rda.go.kr/portal/menu1/board_viw.do?menuId=PS03448&m_id=3_18&m_mod=29&bbsId=5&nttSn=204&num=0&pageIndex=3,,5:204,https://farmer.rda.go.kr/portal/menu6/board_lst1.do?m_id=3_18&m_mod=0&menuId=PS03448&pageIndex=3,html/047_PS03448_p3.html,농촌진흥청 농업인안전365,N,N
9e054fd3e5631857,공지사항,온열·한랭,［농업인 온열질환 예방 가이드］간행물 업데이트 알림,자료실 게시물,,,2025-05-27,https://farmer.rda.go.kr/portal/menu1/board_viw.do?menuId=PS03448&m_id=3_18&m_mod=30&bbsId=5&nttSn=203&num=0&pageIndex=3,,5:203,https://farmer.rda.go.kr/portal/menu6/board_lst1.do?m_id=3_18&m_mod=0&menuId=PS03448&pageIndex=3,html/047_PS03448_p3.html,농촌진흥청 농업인안전365,N,N
e0baf82cda575816,공지사항,공지사항,정보시스템 점검에 따른 서비스 일시 중단 알림,자료실 게시물,,,2025-05-23,https://farmer.rda.go.kr/portal/menu1/board_viw.do?menuId=PS03448&m_id=3_18&m_mod=31&bbsId=5&nttSn=201&num=0&pageIndex=4,,5:201,https://farmer.rda.go.kr/portal/menu6/board_lst1.do?m_id=3_18&m_mod=0&menuId=PS03448&pageIndex=4,html/048_PS03448_p4.html,농촌진흥청 농업인안전365,N,N
d25a8c2c9084a628,공지사항,간행물,「농업작업 안전재해예방 '24 추진실적 및 '25 시행계획」 간행물 업데이트 알림,자료실 게시물,,,2025-05-08,https://farmer.rda.go.kr/portal/menu1/board_viw.do?menuId=PS03448&m_id=3_18&m_mod=32&bbsId=5&nttSn=200&num=0&pageIndex=4,,5:200,https://farmer.rda.go.kr/portal/menu6/board_lst1.do?m_id=3_18&m_mod=0&menuId=PS03448&pageIndex=4,html/048_PS03448_p4.html,농촌진흥청 농업인안전365,N,N
060bc1174eb8a4fb,공지사항,농기계,『(2023년 조사결과) 농업기계 사고 현황 』 외 간행물 업데이트 알림,자료실 게시물,,,2025-03-19,https://farmer.rda.go.kr/portal/menu1/board_viw.do?menuId=PS03448&m_id=3_18&m_mod=33&bbsId=5&nttSn=199&num=0&pageIndex=4,,5:199,https://farmer.rda.go.kr/portal/menu6/board_lst1.do?m_id=3_18&m_mod=0&menuId=PS03448&pageIndex=4,html/048_PS03448_p4.html,농촌진흥청 농업인안전365,N,N
56c8226c2a5de9f8,공지사항,공지사항,농업인 업무상 질병조사 KOSIS 공표 알림 (2024년 조사기반),자료실 게시물,,,2025-03-05,https://farmer.rda.go.kr/portal/menu1/board_viw.do?menuId=PS03448&m_id=3_18&m_mod=34&bbsId=5&nttSn=198&num=0&pageIndex=4,,5:198,https://farmer.rda.go.kr/portal/menu6/board_lst1.do?m_id=3_18&m_mod=0&menuId=PS03448&pageIndex=4,html/048_PS03448_p4.html,농촌진흥청 농업인안전365,N,N
3966eb289c71eceb,공지사항,공지사항,2025년 농작업 안전보건관리 컨설팅 신청 안내,자료실 게시물,,,2025-01-22,https://farmer.rda.go.kr/portal/menu1/board_viw.do?menuId=PS03448&m_id=3_18&m_mod=35&bbsId=5&nttSn=185&num=0&pageIndex=4,,5:185,https://farmer.rda.go.kr/portal/menu6/board_lst1.do?m_id=3_18&m_mod=0&menuId=PS03448&pageIndex=4,html/048_PS03448_p4.html,농촌진흥청 농업인안전365,N,N
c8f8e811941d8364,공지사항,공지사항,농업인 안전보건 관련 논문(초록) 업데이트 알림,자료실 게시물,,,2025-01-03,https://farmer.rda.go.kr/portal/menu1/board_viw.do?menuId=PS03448&m_id=3_18&m_mod=36&bbsId=5&nttSn=184&num=0&pageIndex=4,,5:184,https://farmer.rda.go.kr/portal/menu6/board_lst1.do?m_id=3_18&m_mod=0&menuId=PS03448&pageIndex=4,html/048_PS03448_p4.html,농촌진흥청 농업인안전365,N,N
d4bb14d357b4eeec,공지사항,농기계,『2023 농업기계 사고 현황』 외 5종 간행물 업데이트 알림,자료실 게시물,,,2025-01-03,https://farmer.rda.go.kr/portal/menu1/board_viw.do?menuId=PS03448&m_id=3_18&m_mod=37&bbsId=5&nttSn=183&num=0&pageIndex=4,,5:183,https://farmer.rda.go.kr/portal/menu6/board_lst1.do?m_id=3_18&m_mod=0&menuId=PS03448&pageIndex=4,html/048_PS03448_p4.html,농촌진흥청 농업인안전365,N,N
033ea2b7ecf31d23,공지사항,공지사항,농업인 건강안전 '영농기술정보' 업데이트 알림,자료실 게시물,,,2025-01-03,https://farmer.rda.go.kr/portal/menu1/board_viw.do?menuId=PS03448&m_id=3_18&m_mod=38&bbsId=5&nttSn=182&num=0&pageIndex=4,,5:182,https://farmer.rda.go.kr/portal/menu6/board_lst1.do?m_id=3_18&m_mod=0&menuId=PS03448&pageIndex=4,html/048_PS03448_p4.html,농촌진흥청 농업인안전365,N,N
770568cc2ed2651c,공지사항,근골격계,『농작업 중량물 취급 위험수준평가 방법 및 관리 방안』 간행물 업데이트 알림,자료실 게시물,,,2024-11-27,https://farmer.rda.go.kr/portal/menu1/board_viw.do?menuId=PS03448&m_id=3_18&m_mod=39&bbsId=5&nttSn=181&num=0&pageIndex=4,,5:181,https://farmer.rda.go.kr/portal/menu6/board_lst1.do?m_id=3_18&m_mod=0&menuId=PS03448&pageIndex=4,html/048_PS03448_p4.html,농촌진흥청 농업인안전365,N,N
b35c7aa3105f6952,공지사항,간행물,『2023 알기쉬운 농업인의 업무상 손상』 간행물 업데이트 알림,자료실 게시물,,,2024-11-19,https://farmer.rda.go.kr/portal/menu1/board_viw.do?menuId=PS03448&m_id=3_18&m_mod=40&bbsId=5&nttSn=180&num=0&pageIndex=4,,5:180,https://farmer.rda.go.kr/portal/menu6/board_lst1.do?m_id=3_18&m_mod=0&menuId=PS03448&pageIndex=4,html/048_PS03448_p4.html,농촌진흥청 농업인안전365,N,N
3154c2bf191ca32d,공지사항,간행물,『농업인안전365』 간행물 업데이트 알림,자료실 게시물,,,2024-11-12,https://farmer.rda.go.kr/portal/menu1/board_viw.do?menuId=PS03448&m_id=3_18&m_mod=41&bbsId=5&nttSn=179&num=0&pageIndex=5,,5:179,https://farmer.rda.go.kr/portal/menu6/board_lst1.do?m_id=3_18&m_mod=0&menuId=PS03448&pageIndex=5,html/049_PS03448_p5.html,농촌진흥청 농업인안전365,N,N
62da39af7468eb41,공지사항,감염·생물학적 위험,(교육자료) 『진드기 매개 감염병 예방 및 관리수칙』 간행물 업데이트 알림,자료실 게시물,,,2024-11-05,https://farmer.rda.go.kr/portal/menu1/board_viw.do?menuId=PS03448&m_id=3_18&m_mod=42&bbsId=5&nttSn=178&num=0&pageIndex=5,,5:178,https://farmer.rda.go.kr/portal/menu6/board_lst1.do?m_id=3_18&m_mod=0&menuId=PS03448&pageIndex=5,html/049_PS03448_p5.html,농촌진흥청 농업인안전365,N,N
f87372a80ef63873,공지사항,간행물,『제13차 국가손상종합통계』 간행물 업데이트 알림,자료실 게시물,,,2024-11-05,https://farmer.rda.go.kr/portal/menu1/board_viw.do?menuId=PS03448&m_id=3_18&m_mod=43&bbsId=5&nttSn=177&num=0&pageIndex=5,,5:177,https://farmer.rda.go.kr/portal/menu6/board_lst1.do?m_id=3_18&m_mod=0&menuId=PS03448&pageIndex=5,html/049_PS03448_p5.html,농촌진흥청 농업인안전365,N,N
0c8f0dfef8be312a,공지사항,간행물,『야생멧돼지 오인 총기 사고 피해 예방을 위한 농업인 안전수칙』 간행물 업데이트 알림지원,자료실 게시물,,,2024-11-05,https://farmer.rda.go.kr/portal/menu1/board_viw.do?menuId=PS03448&m_id=3_18&m_mod=44&bbsId=5&nttSn=176&num=0&pageIndex=5,,5:176,https://farmer.rda.go.kr/portal/menu6/board_lst1.do?m_id=3_18&m_mod=0&menuId=PS03448&pageIndex=5,html/049_PS03448_p5.html,농촌진흥청 농업인안전365,N,N
a0ad86130e2b807f,공지사항,공지사항,"""2025년 농작업안전관리자 활동 희망자 사전 수요조사"" 참여하세요(조사기간: 2024.11.1~11.15)",자료실 게시물,,,2024-11-01,https://farmer.rda.go.kr/portal/menu1/board_viw.do?menuId=PS03448&m_id=3_18&m_mod=45&bbsId=5&nttSn=175&num=0&pageIndex=5,,5:175,https://farmer.rda.go.kr/portal/menu6/board_lst1.do?m_id=3_18&m_mod=0&menuId=PS03448&pageIndex=5,html/049_PS03448_p5.html,농촌진흥청 농업인안전365,N,N
76f4bf63e83a0f91,공지사항,공지사항,브라우저 캐시 삭제 매뉴얼,자료실 게시물,,,2024-10-14,https://farmer.rda.go.kr/portal/menu1/board_viw.do?menuId=PS03448&m_id=3_18&m_mod=46&bbsId=5&nttSn=172&num=0&pageIndex=5,,5:172,https://farmer.rda.go.kr/portal/menu6/board_lst1.do?m_id=3_18&m_mod=0&menuId=PS03448&pageIndex=5,html/049_PS03448_p5.html,농촌진흥청 농업인안전365,N,N
935adc9e292454fd,공지사항,공지사항,우리 원 정보시스템 서버 이관에 따른 서비스 일시 중단 안내,자료실 게시물,,,2024-10-04,https://farmer.rda.go.kr/portal/menu1/board_viw.do?menuId=PS03448&m_id=3_18&m_mod=47&bbsId=5&nttSn=165&num=0&pageIndex=5,,5:165,https://farmer.rda.go.kr/portal/menu6/board_lst1.do?m_id=3_18&m_mod=0&menuId=PS03448&pageIndex=5,html/049_PS03448_p5.html,농촌진흥청 농업인안전365,N,N
22b5b5e768a699b3,공지사항,공지사항,여성농업인 특수건강검진 신청하세요,자료실 게시물,,,2024-06-28,https://farmer.rda.go.kr/portal/menu1/board_viw.do?menuId=PS03448&m_id=3_18&m_mod=48&bbsId=5&nttSn=164&num=0&pageIndex=5,,5:164,https://farmer.rda.go.kr/portal/menu6/board_lst1.do?m_id=3_18&m_mod=0&menuId=PS03448&pageIndex=5,html/049_PS03448_p5.html,농촌진흥청 농업인안전365,N,N
31cef0cd1774a034,공지사항,안전교육,2024 농업인 안전 365 캠페인 영상공모전,자료실 게시물,,,2024-06-07,https://farmer.rda.go.kr/portal/menu1/board_viw.do?menuId=PS03448&m_id=3_18&m_mod=49&bbsId=5&nttSn=163&num=0&pageIndex=5,,5:163,https://farmer.rda.go.kr/portal/menu6/board_lst1.do?m_id=3_18&m_mod=0&menuId=PS03448&pageIndex=5,html/049_PS03448_p5.html,농촌진흥청 농업인안전365,N,N
eaa3d8627f878df3,공지사항,공지사항,농업인 업무상 손상조사 KOSIS 공표 알림 (2023년 조사기반),자료실 게시물,,,2024-04-01,https://farmer.rda.go.kr/portal/menu1/board_viw.do?menuId=PS03448&m_id=3_18&m_mod=50&bbsId=5&nttSn=162&num=0&pageIndex=5,,5:162,https://farmer.rda.go.kr/portal/menu6/board_lst1.do?m_id=3_18&m_mod=0&menuId=PS03448&pageIndex=5,html/049_PS03448_p5.html,농촌진흥청 농업인안전365,N,N
1f3ded798e649388,공지사항,공지사항,농업인안전365 홈페이지 및 모바일 서비스 일시 중단 안내(3.15. ~ 3.18.),자료실 게시물,,,2024-03-11,https://farmer.rda.go.kr/portal/menu1/board_viw.do?menuId=PS03448&m_id=3_18&m_mod=51&bbsId=5&nttSn=1&num=0&pageIndex=6,,5:1,https://farmer.rda.go.kr/portal/menu6/board_lst1.do?m_id=3_18&m_mod=0&menuId=PS03448&pageIndex=6,html/050_PS03448_p6.html,농촌진흥청 농업인안전365,N,N
e733d5f2cb7999f5,공지사항,공지사항,『농작업 안전보건관리 기본서 개정판(2021)』 수정본 업데이트 알림,자료실 게시물,,,2024-03-06,https://farmer.rda.go.kr/portal/menu1/board_viw.do?menuId=PS03448&m_id=3_18&m_mod=52&bbsId=5&nttSn=2&num=0&pageIndex=6,,5:2,https://farmer.rda.go.kr/portal/menu6/board_lst1.do?m_id=3_18&m_mod=0&menuId=PS03448&pageIndex=6,html/050_PS03448_p6.html,농촌진흥청 농업인안전365,N,N
d3a6011ee3814bf2,공지사항,공지사항,농업인 안전보건 관련 논문(초록) 업데이트 알림,자료실 게시물,,,2024-01-22,https://farmer.rda.go.kr/portal/menu1/board_viw.do?menuId=PS03448&m_id=3_18&m_mod=53&bbsId=5&nttSn=3&num=0&pageIndex=6,,5:3,https://farmer.rda.go.kr/portal/menu6/board_lst1.do?m_id=3_18&m_mod=0&menuId=PS03448&pageIndex=6,html/050_PS03448_p6.html,농촌진흥청 농업인안전365,N,N
b8764caee41c9638,공지사항,공지사항,농업인 건강안전 '영농기술정보' 업데이트 알림,자료실 게시물,,,2024-01-22,https://farmer.rda.go.kr/portal/menu1/board_viw.do?menuId=PS03448&m_id=3_18&m_mod=54&bbsId=5&nttSn=4&num=0&pageIndex=6,,5:4,https://farmer.rda.go.kr/portal/menu6/board_lst1.do?m_id=3_18&m_mod=0&menuId=PS03448&pageIndex=6,html/050_PS03448_p6.html,농촌진흥청 농업인안전365,N,N
971861103e0ea5b4,공지사항,공지사항,'24년도 농업인안전365 콘텐츠 QR코드 배포 안내,자료실 게시물,,,2024-01-15,https://farmer.rda.go.kr/portal/menu1/board_viw.do?menuId=PS03448&m_id=3_18&m_mod=55&bbsId=5&nttSn=5&num=0&pageIndex=6,,5:5,https://farmer.rda.go.kr/portal/menu6/board_lst1.do?m_id=3_18&m_mod=0&menuId=PS03448&pageIndex=6,html/050_PS03448_p6.html,농촌진흥청 농업인안전365,N,N
6c8a5690780db753,공지사항,간행물,『2023 농작업 안전재해 주요통계』 외 1종 간행물 업데이트 알림,자료실 게시물,,,2024-01-11,https://farmer.rda.go.kr/portal/menu1/board_viw.do?menuId=PS03448&m_id=3_18&m_mod=56&bbsId=5&nttSn=6&num=0&pageIndex=6,,5:6,https://farmer.rda.go.kr/portal/menu6/board_lst1.do?m_id=3_18&m_mod=0&menuId=PS03448&pageIndex=6,html/050_PS03448_p6.html,농촌진흥청 농업인안전365,N,N
b50f6fa200ef10e9,공지사항,공지사항,농업인안전365 누리집 개편 작업 완료 안내,자료실 게시물,,,2024-01-04,https://farmer.rda.go.kr/portal/menu1/board_viw.do?menuId=PS03448&m_id=3_18&m_mod=57&bbsId=5&nttSn=7&num=0&pageIndex=6,,5:7,https://farmer.rda.go.kr/portal/menu6/board_lst1.do?m_id=3_18&m_mod=0&menuId=PS03448&pageIndex=6,html/050_PS03448_p6.html,농촌진흥청 농업인안전365,N,N
8bde853824a57070,공지사항,간행물,『어르신을 위한 안전한 소비생활 가이드』 간행물 업데이트 알림,자료실 게시물,,,2023-11-13,https://farmer.rda.go.kr/portal/menu1/board_viw.do?menuId=PS03448&m_id=3_18&m_mod=58&bbsId=5&nttSn=8&num=0&pageIndex=6,,5:8,https://farmer.rda.go.kr/portal/menu6/board_lst1.do?m_id=3_18&m_mod=0&menuId=PS03448&pageIndex=6,html/050_PS03448_p6.html,농촌진흥청 농업인안전365,N,N
2163416105022333,공지사항,간행물,『2022 알기쉬운 농업인의 업무상 질병』 간행물 업데이트 알림,자료실 게시물,,,2023-11-13,https://farmer.rda.go.kr/portal/menu1/board_viw.do?menuId=PS03448&m_id=3_18&m_mod=59&bbsId=5&nttSn=9&num=0&pageIndex=6,,5:9,https://farmer.rda.go.kr/portal/menu6/board_lst1.do?m_id=3_18&m_mod=0&menuId=PS03448&pageIndex=6,html/050_PS03448_p6.html,농촌진흥청 농업인안전365,N,N
e1c122d3b6f3cccd,공지사항,간행물,『농업용 혼합기 안전이용 가이드』 간행물 업데이트 알림,자료실 게시물,,,2023-10-16,https://farmer.rda.go.kr/portal/menu1/board_viw.do?menuId=PS03448&m_id=3_18&m_mod=60&bbsId=5&nttSn=10&num=0&pageIndex=6,,5:10,https://farmer.rda.go.kr/portal/menu6/board_lst1.do?m_id=3_18&m_mod=0&menuId=PS03448&pageIndex=6,html/050_PS03448_p6.html,농촌진흥청 농업인안전365,N,N
d6adc69f92ebd915,공지사항,안전교육,농업인 재해예방 동영상 업데이트 알림,자료실 게시물,,,2023-10-06,https://farmer.rda.go.kr/portal/menu1/board_viw.do?menuId=PS03448&m_id=3_18&m_mod=61&bbsId=5&nttSn=11&num=0&pageIndex=7,,5:11,https://farmer.rda.go.kr/portal/menu6/board_lst1.do?m_id=3_18&m_mod=0&menuId=PS03448&pageIndex=7,html/051_PS03448_p7.html,농촌진흥청 농업인안전365,N,N
944246cbaba26cbb,공지사항,농기계,『예초기 안전사용 가이드』 간행물 업데이트 알림,자료실 게시물,,,2023-09-18,https://farmer.rda.go.kr/portal/menu1/board_viw.do?menuId=PS03448&m_id=3_18&m_mod=62&bbsId=5&nttSn=12&num=0&pageIndex=7,,5:12,https://farmer.rda.go.kr/portal/menu6/board_lst1.do?m_id=3_18&m_mod=0&menuId=PS03448&pageIndex=7,html/051_PS03448_p7.html,농촌진흥청 농업인안전365,N,N
ff9b63f70bddc19c,공지사항,공지사항,(조치완료) [긴급] 시스템 점검으로 인한 일부 서비스 제한 안내,자료실 게시물,,,2023-09-14,https://farmer.rda.go.kr/portal/menu1/board_viw.do?menuId=PS03448&m_id=3_18&m_mod=63&bbsId=5&nttSn=13&num=0&pageIndex=7,,5:13,https://farmer.rda.go.kr/portal/menu6/board_lst1.do?m_id=3_18&m_mod=0&menuId=PS03448&pageIndex=7,html/051_PS03448_p7.html,농촌진흥청 농업인안전365,N,N
0c612fa7ec4033a1,공지사항,간행물,『농업용 혼합기 안전이용 가이드』 외 1종 간행물 업데이트 알림,자료실 게시물,,,2023-08-25,https://farmer.rda.go.kr/portal/menu1/board_viw.do?menuId=PS03448&m_id=3_18&m_mod=64&bbsId=5&nttSn=14&num=0&pageIndex=7,,5:14,https://farmer.rda.go.kr/portal/menu6/board_lst1.do?m_id=3_18&m_mod=0&menuId=PS03448&pageIndex=7,html/051_PS03448_p7.html,농촌진흥청 농업인안전365,N,N
be7d0fb5dd57a38a,공지사항,간행물,『농작업 안전재해 예방』 간행물 업데이트 알림,자료실 게시물,,,2023-06-30,https://farmer.rda.go.kr/portal/menu1/board_viw.do?menuId=PS03448&m_id=3_18&m_mod=65&bbsId=5&nttSn=15&num=0&pageIndex=7,,5:15,https://farmer.rda.go.kr/portal/menu6/board_lst1.do?m_id=3_18&m_mod=0&menuId=PS03448&pageIndex=7,html/051_PS03448_p7.html,농촌진흥청 농업인안전365,N,N
41a5b80f45cc4c72,공지사항,간행물,『알기쉬운 농업인의 업무상 질병』 외 3종 간행물 업데이트 알림,자료실 게시물,,,2023-06-30,https://farmer.rda.go.kr/portal/menu1/board_viw.do?menuId=PS03448&m_id=3_18&m_mod=66&bbsId=5&nttSn=16&num=0&pageIndex=7,,5:16,https://farmer.rda.go.kr/portal/menu6/board_lst1.do?m_id=3_18&m_mod=0&menuId=PS03448&pageIndex=7,html/051_PS03448_p7.html,농촌진흥청 농업인안전365,N,N
e69fc977269eeb05,공지사항,간행물,『쉽게보는 농업인의 업무상 재해 현황』 간행물 업데이트 알림,자료실 게시물,,,2023-06-29,https://farmer.rda.go.kr/portal/menu1/board_viw.do?menuId=PS03448&m_id=3_18&m_mod=67&bbsId=5&nttSn=17&num=0&pageIndex=7,,5:17,https://farmer.rda.go.kr/portal/menu6/board_lst1.do?m_id=3_18&m_mod=0&menuId=PS03448&pageIndex=7,html/051_PS03448_p7.html,농촌진흥청 농업인안전365,N,N
54c17963092470a6,공지사항,간행물,『여름철 농업인 건강안전 가이드』 외 간행물 업데이트 알림,자료실 게시물,,,2023-06-28,https://farmer.rda.go.kr/portal/menu1/board_viw.do?menuId=PS03448&m_id=3_18&m_mod=68&bbsId=5&nttSn=18&num=0&pageIndex=7,,5:18,https://farmer.rda.go.kr/portal/menu6/board_lst1.do?m_id=3_18&m_mod=0&menuId=PS03448&pageIndex=7,html/051_PS03448_p7.html,농촌진흥청 농업인안전365,N,N
841789e36bb0f4fa,공지사항,공지사항,농업인 업무상 질병조사 KOSIS 공표 알림 (2022년 조사기반),자료실 게시물,,,2023-04-17,https://farmer.rda.go.kr/portal/menu1/board_viw.do?menuId=PS03448&m_id=3_18&m_mod=69&bbsId=5&nttSn=19&num=0&pageIndex=7,,5:19,https://farmer.rda.go.kr/portal/menu6/board_lst1.do?m_id=3_18&m_mod=0&menuId=PS03448&pageIndex=7,html/051_PS03448_p7.html,농촌진흥청 농업인안전365,N,N
5e73637c25402bb9,공지사항,간행물,『노인과 장애인을 위한 사회적 농업』 간행물 업데이트 알림,자료실 게시물,,,2023-02-16,https://farmer.rda.go.kr/portal/menu1/board_viw.do?menuId=PS03448&m_id=3_18&m_mod=70&bbsId=5&nttSn=20&num=0&pageIndex=7,,5:20,https://farmer.rda.go.kr/portal/menu6/board_lst1.do?m_id=3_18&m_mod=0&menuId=PS03448&pageIndex=7,html/051_PS03448_p7.html,농촌진흥청 농업인안전365,N,N
0c1489514890ae47,공지사항,간행물,『농업인 안전재해 현황』 간행물 업데이트 알림,자료실 게시물,,,2023-01-17,https://farmer.rda.go.kr/portal/menu1/board_viw.do?menuId=PS03448&m_id=3_18&m_mod=71&bbsId=5&nttSn=21&num=0&pageIndex=8,,5:21,https://farmer.rda.go.kr/portal/menu6/board_lst1.do?m_id=3_18&m_mod=0&menuId=PS03448&pageIndex=8,html/052_PS03448_p8.html,농촌진흥청 농업인안전365,N,N
c5d7c080765c5199,공지사항,농기계,"리플릿 배부안내 -『농업기계 안전반사장치 활용 가이드』,『농업인안전365』",자료실 게시물,,,2023-01-13,https://farmer.rda.go.kr/portal/menu1/board_viw.do?menuId=PS03448&m_id=3_18&m_mod=72&bbsId=5&nttSn=22&num=0&pageIndex=8,,5:22,https://farmer.rda.go.kr/portal/menu6/board_lst1.do?m_id=3_18&m_mod=0&menuId=PS03448&pageIndex=8,html/052_PS03448_p8.html,농촌진흥청 농업인안전365,N,N
01ef2e6d4b0cccc6,공지사항,간행물,"간행물 발간책자, 리플릿 업데이트 알림",자료실 게시물,,,2022-12-28,https://farmer.rda.go.kr/portal/menu1/board_viw.do?menuId=PS03448&m_id=3_18&m_mod=73&bbsId=5&nttSn=23&num=0&pageIndex=8,,5:23,https://farmer.rda.go.kr/portal/menu6/board_lst1.do?m_id=3_18&m_mod=0&menuId=PS03448&pageIndex=8,html/052_PS03448_p8.html,농촌진흥청 농업인안전365,N,N
92f4ab6226f481e9,공지사항,간행물,『농작업 안전관리 핸드북 3종』 간행물 업데이트 알림,자료실 게시물,,,2022-12-16,https://farmer.rda.go.kr/portal/menu1/board_viw.do?menuId=PS03448&m_id=3_18&m_mod=74&bbsId=5&nttSn=24&num=0&pageIndex=8,,5:24,https://farmer.rda.go.kr/portal/menu6/board_lst1.do?m_id=3_18&m_mod=0&menuId=PS03448&pageIndex=8,html/052_PS03448_p8.html,농촌진흥청 농업인안전365,N,N
560afad36edb37fc,공지사항,간행물,『농산물 가공장비의 활용 및 안전관리 매뉴얼(2022)』 간행물 업데이트 알림,자료실 게시물,,,2022-11-09,https://farmer.rda.go.kr/portal/menu1/board_viw.do?menuId=PS03448&m_id=3_18&m_mod=75&bbsId=5&nttSn=25&num=0&pageIndex=8,,5:25,https://farmer.rda.go.kr/portal/menu6/board_lst1.do?m_id=3_18&m_mod=0&menuId=PS03448&pageIndex=8,html/052_PS03448_p8.html,농촌진흥청 농업인안전365,N,N
37f3428a102bad47,공지사항,간행물,『농작업 단계별 공통안전작업지침』 간행물 업데이트 알림,자료실 게시물,,,2022-11-02,https://farmer.rda.go.kr/portal/menu1/board_viw.do?menuId=PS03448&m_id=3_18&m_mod=76&bbsId=5&nttSn=26&num=0&pageIndex=8,,5:26,https://farmer.rda.go.kr/portal/menu6/board_lst1.do?m_id=3_18&m_mod=0&menuId=PS03448&pageIndex=8,html/052_PS03448_p8.html,농촌진흥청 농업인안전365,N,N
54edf933e6a95117,공지사항,농기계,『2021 농업기계 사고 현황』 간행물 업데이트 알림,자료실 게시물,,,2022-11-02,https://farmer.rda.go.kr/portal/menu1/board_viw.do?menuId=PS03448&m_id=3_18&m_mod=77&bbsId=5&nttSn=27&num=0&pageIndex=8,,5:27,https://farmer.rda.go.kr/portal/menu6/board_lst1.do?m_id=3_18&m_mod=0&menuId=PS03448&pageIndex=8,html/052_PS03448_p8.html,농촌진흥청 농업인안전365,N,N
2ed5afdb9466ae0f,공지사항,간행물,『2021 알기쉬운 농업인의 업무상 손상』 간행물 업데이트 알림,자료실 게시물,,,2022-10-07,https://farmer.rda.go.kr/portal/menu1/board_viw.do?menuId=PS03448&m_id=3_18&m_mod=78&bbsId=5&nttSn=28&num=0&pageIndex=8,,5:28,https://farmer.rda.go.kr/portal/menu6/board_lst1.do?m_id=3_18&m_mod=0&menuId=PS03448&pageIndex=8,html/052_PS03448_p8.html,농촌진흥청 농업인안전365,N,N
ee15bc98430c596a,공지사항,공지사항,(설문조사) 농업인안전365 서비스 개선을 위한 설문조사 게시,자료실 게시물,,,2022-09-30,https://farmer.rda.go.kr/portal/menu1/board_viw.do?menuId=PS03448&m_id=3_18&m_mod=79&bbsId=5&nttSn=29&num=0&pageIndex=8,,5:29,https://farmer.rda.go.kr/portal/menu6/board_lst1.do?m_id=3_18&m_mod=0&menuId=PS03448&pageIndex=8,html/052_PS03448_p8.html,농촌진흥청 농업인안전365,N,N
a41e40a1b254295b,공지사항,간행물,『한눈에보는 농업취업자와 일반취업자의 근로환경 비교』 간행물 업데이트 알림,자료실 게시물,,,2022-09-15,https://farmer.rda.go.kr/portal/menu1/board_viw.do?menuId=PS03448&m_id=3_18&m_mod=80&bbsId=5&nttSn=30&num=0&pageIndex=8,,5:30,https://farmer.rda.go.kr/portal/menu6/board_lst1.do?m_id=3_18&m_mod=0&menuId=PS03448&pageIndex=8,html/052_PS03448_p8.html,농촌진흥청 농업인안전365,N,N
8fe1e309450b6725,공지사항,응급대응,『응급처치 가이드(개정판)』 배부 안내,자료실 게시물,,,2022-07-28,https://farmer.rda.go.kr/portal/menu1/board_viw.do?menuId=PS03448&m_id=3_18&m_mod=81&bbsId=5&nttSn=31&num=0&pageIndex=9,,5:31,https://farmer.rda.go.kr/portal/menu6/board_lst1.do?m_id=3_18&m_mod=0&menuId=PS03448&pageIndex=9,html/053_PS03448_p9.html,농촌진흥청 농업인안전365,N,N
fb4d9f59ca0b4c87,공지사항,공지사항,서버 정기점검 작업에 따른 이용안내 [7.13(수) 18:00~22:00(4시간)],자료실 게시물,,,2022-07-13,https://farmer.rda.go.kr/portal/menu1/board_viw.do?menuId=PS03448&m_id=3_18&m_mod=82&bbsId=5&nttSn=32&num=0&pageIndex=9,,5:32,https://farmer.rda.go.kr/portal/menu6/board_lst1.do?m_id=3_18&m_mod=0&menuId=PS03448&pageIndex=9,html/053_PS03448_p9.html,농촌진흥청 농업인안전365,N,N
d8efe2963f84630d,공지사항,공지사항,서버 정기점검 작업에 따른 이용안내 [6.11(토) 09:00~13:00(4시간)],자료실 게시물,,,2022-06-09,https://farmer.rda.go.kr/portal/menu1/board_viw.do?menuId=PS03448&m_id=3_18&m_mod=83&bbsId=5&nttSn=33&num=0&pageIndex=9,,5:33,https://farmer.rda.go.kr/portal/menu6/board_lst1.do?m_id=3_18&m_mod=0&menuId=PS03448&pageIndex=9,html/053_PS03448_p9.html,농촌진흥청 농업인안전365,N,N
3862ac8e158c2238,공지사항,공지사항,(공모전) 농업인 안전사고 예방 국민 아이디어 공모전 개최,자료실 게시물,,,2022-05-11,https://farmer.rda.go.kr/portal/menu1/board_viw.do?menuId=PS03448&m_id=3_18&m_mod=84&bbsId=5&nttSn=34&num=0&pageIndex=9,,5:34,https://farmer.rda.go.kr/portal/menu6/board_lst1.do?m_id=3_18&m_mod=0&menuId=PS03448&pageIndex=9,html/053_PS03448_p9.html,농촌진흥청 농업인안전365,N,N
037f96abc675dcfc,공지사항,안전교육,『농작업자 미세먼지 노출 관련 안전교육 지침서 2종』 책자 배부 안내,자료실 게시물,,,2022-04-20,https://farmer.rda.go.kr/portal/menu1/board_viw.do?menuId=PS03448&m_id=3_18&m_mod=85&bbsId=5&nttSn=35&num=0&pageIndex=9,,5:35,https://farmer.rda.go.kr/portal/menu6/board_lst1.do?m_id=3_18&m_mod=0&menuId=PS03448&pageIndex=9,html/053_PS03448_p9.html,농촌진흥청 농업인안전365,N,N
4f527d43d4e03de2,공지사항,공지사항,서버 정기점검 작업에 따른 이용안내 [4.16(토) 10:00~16:00 (6시간)],자료실 게시물,,,2022-04-15,https://farmer.rda.go.kr/portal/menu1/board_viw.do?menuId=PS03448&m_id=3_18&m_mod=86&bbsId=5&nttSn=36&num=0&pageIndex=9,,5:36,https://farmer.rda.go.kr/portal/menu6/board_lst1.do?m_id=3_18&m_mod=0&menuId=PS03448&pageIndex=9,html/053_PS03448_p9.html,농촌진흥청 농업인안전365,N,N
845a176853d692f4,공지사항,공지사항,농업인 업무상 손상조사 KOSIS 공표 알림(2021년 조사기반),자료실 게시물,,,2022-04-06,https://farmer.rda.go.kr/portal/menu1/board_viw.do?menuId=PS03448&m_id=3_18&m_mod=87&bbsId=5&nttSn=37&num=0&pageIndex=9,,5:37,https://farmer.rda.go.kr/portal/menu6/board_lst1.do?m_id=3_18&m_mod=0&menuId=PS03448&pageIndex=9,html/053_PS03448_p9.html,농촌진흥청 농업인안전365,N,N
4884cec75b0c255a,공지사항,간행물,『농작업 안전보건관리 실무매뉴얼』 간행물 업데이트 알림,자료실 게시물,,,2022-03-18,https://farmer.rda.go.kr/portal/menu1/board_viw.do?menuId=PS03448&m_id=3_18&m_mod=88&bbsId=5&nttSn=38&num=0&pageIndex=9,,5:38,https://farmer.rda.go.kr/portal/menu6/board_lst1.do?m_id=3_18&m_mod=0&menuId=PS03448&pageIndex=9,html/053_PS03448_p9.html,농촌진흥청 농업인안전365,N,N
1d0062ee7b2c57c6,공지사항,공지사항,농업인의 업무상 손상 통계 4월 공표 예정 알림(2021년 조사기반),자료실 게시물,,,2022-02-16,https://farmer.rda.go.kr/portal/menu1/board_viw.do?menuId=PS03448&m_id=3_18&m_mod=89&bbsId=5&nttSn=39&num=0&pageIndex=9,,5:39,https://farmer.rda.go.kr/portal/menu6/board_lst1.do?m_id=3_18&m_mod=0&menuId=PS03448&pageIndex=9,html/053_PS03448_p9.html,농촌진흥청 농업인안전365,N,N
668795d88d856952,공지사항,응급대응,"『응급처치가이드(소책자)』,『양돈 작업환경관리(리플릿)』 배부 안내",자료실 게시물,,,2022-02-12,https://farmer.rda.go.kr/portal/menu1/board_viw.do?menuId=PS03448&m_id=3_18&m_mod=90&bbsId=5&nttSn=40&num=0&pageIndex=9,,5:40,https://farmer.rda.go.kr/portal/menu6/board_lst1.do?m_id=3_18&m_mod=0&menuId=PS03448&pageIndex=9,html/053_PS03448_p9.html,농촌진흥청 농업인안전365,N,N
855a485e7f0e7c84,공지사항,공지사항,농업인 안전보건 관련 논문(초록) 업데이트 알림,자료실 게시물,,,2022-01-27,https://farmer.rda.go.kr/portal/menu1/board_viw.do?menuId=PS03448&m_id=3_18&m_mod=91&bbsId=5&nttSn=41&num=0&pageIndex=10,,5:41,https://farmer.rda.go.kr/portal/menu6/board_lst1.do?m_id=3_18&m_mod=0&menuId=PS03448&pageIndex=10,html/054_PS03448_p10.html,농촌진흥청 농업인안전365,N,N
a82da5147c9a0182,공지사항,안전교육,『농작업 안전보건관리』 교육과정 참여자 모집 안내,자료실 게시물,,,2022-01-21,https://farmer.rda.go.kr/portal/menu1/board_viw.do?menuId=PS03448&m_id=3_18&m_mod=92&bbsId=5&nttSn=42&num=0&pageIndex=10,,5:42,https://farmer.rda.go.kr/portal/menu6/board_lst1.do?m_id=3_18&m_mod=0&menuId=PS03448&pageIndex=10,html/054_PS03448_p10.html,농촌진흥청 농업인안전365,N,N
af81ec3b6bb17963,공지사항,간행물,"『농업인 개인보호장비 편람』,『농작업 편이장비 편람』 책자배부 안내",자료실 게시물,,,2022-01-14,https://farmer.rda.go.kr/portal/menu1/board_viw.do?menuId=PS03448&m_id=3_18&m_mod=93&bbsId=5&nttSn=43&num=0&pageIndex=10,,5:43,https://farmer.rda.go.kr/portal/menu6/board_lst1.do?m_id=3_18&m_mod=0&menuId=PS03448&pageIndex=10,html/054_PS03448_p10.html,농촌진흥청 농업인안전365,N,N
656b42da391390e9,공지사항,공지사항,농업인 건강안전 '영농기술정보'(영농활용) 업데이트 알림,자료실 게시물,,,2022-01-13,https://farmer.rda.go.kr/portal/menu1/board_viw.do?menuId=PS03448&m_id=3_18&m_mod=94&bbsId=5&nttSn=44&num=0&pageIndex=10,,5:44,https://farmer.rda.go.kr/portal/menu6/board_lst1.do?m_id=3_18&m_mod=0&menuId=PS03448&pageIndex=10,html/054_PS03448_p10.html,농촌진흥청 농업인안전365,N,N
c54d14f55d3c29fb,공지사항,간행물,『한 눈에 보는 농업안전보건 중앙DB센터』 및 카드뉴스 간행물 업데이트 알림,자료실 게시물,,,2021-12-30,https://farmer.rda.go.kr/portal/menu1/board_viw.do?menuId=PS03448&m_id=3_18&m_mod=95&bbsId=5&nttSn=45&num=0&pageIndex=10,,5:45,https://farmer.rda.go.kr/portal/menu6/board_lst1.do?m_id=3_18&m_mod=0&menuId=PS03448&pageIndex=10,html/054_PS03448_p10.html,농촌진흥청 농업인안전365,N,N
49deb3fd15ed0dcb,공지사항,안전교육,'지금. 재설정' 농작업 안전교육 동영상 5편 업데이트 알림,자료실 게시물,,,2021-12-30,https://farmer.rda.go.kr/portal/menu1/board_viw.do?menuId=PS03448&m_id=3_18&m_mod=96&bbsId=5&nttSn=46&num=0&pageIndex=10,,5:46,https://farmer.rda.go.kr/portal/menu6/board_lst1.do?m_id=3_18&m_mod=0&menuId=PS03448&pageIndex=10,html/054_PS03448_p10.html,농촌진흥청 농업인안전365,N,N
8bb126348a38d6aa,공지사항,간행물,『농업인 개인보호장비 편람』 간행물 업데이트 알림,자료실 게시물,,,2021-12-21,https://farmer.rda.go.kr/portal/menu1/board_viw.do?menuId=PS03448&m_id=3_18&m_mod=97&bbsId=5&nttSn=47&num=0&pageIndex=10,,5:47,https://farmer.rda.go.kr/portal/menu6/board_lst1.do?m_id=3_18&m_mod=0&menuId=PS03448&pageIndex=10,html/054_PS03448_p10.html,농촌진흥청 농업인안전365,N,N
199e7b36fe4a586e,공지사항,공지사항,국립농업과학원 홈페이지 및 모바일 서비스 일시 중단 안내(12.17.),자료실 게시물,,,2021-12-17,https://farmer.rda.go.kr/portal/menu1/board_viw.do?menuId=PS03448&m_id=3_18&m_mod=98&bbsId=5&nttSn=48&num=0&pageIndex=10,,5:48,https://farmer.rda.go.kr/portal/menu6/board_lst1.do?m_id=3_18&m_mod=0&menuId=PS03448&pageIndex=10,html/054_PS03448_p10.html,농촌진흥청 농업인안전365,N,N
ab18b65d70c8c324,공지사항,공지사항,농업안전보건 '중앙DB센터' 홈페이지 개편 작업 완료 및 서비스 개시 안내,자료실 게시물,,,2021-12-17,https://farmer.rda.go.kr/portal/menu1/board_viw.do?menuId=PS03448&m_id=3_18&m_mod=99&bbsId=5&nttSn=49&num=0&pageIndex=10,,5:49,https://farmer.rda.go.kr/portal/menu6/board_lst1.do?m_id=3_18&m_mod=0&menuId=PS03448&pageIndex=10,html/054_PS03448_p10.html,농촌진흥청 농업인안전365,N,N
404e1790c9fe519b,공지사항,공지사항,농업인 안전재해지도(Map) DB정보 추가 업데이트 알림,자료실 게시물,,,2021-11-26,https://farmer.rda.go.kr/portal/menu1/board_viw.do?menuId=PS03448&m_id=3_18&m_mod=100&bbsId=5&nttSn=50&num=0&pageIndex=10,,5:50,https://farmer.rda.go.kr/portal/menu6/board_lst1.do?m_id=3_18&m_mod=0&menuId=PS03448&pageIndex=10,html/054_PS03448_p10.html,농촌진흥청 농업인안전365,N,N
2db29d09f90cf883,공지사항,간행물,『2020 알기쉬운 농업인의 업무상 질병』 간행물 업데이트 알림,자료실 게시물,,,2021-10-07,https://farmer.rda.go.kr/portal/menu1/board_viw.do?menuId=PS03448&m_id=3_18&m_mod=101&bbsId=5&nttSn=51&num=0&pageIndex=11,,5:51,https://farmer.rda.go.kr/portal/menu6/board_lst1.do?m_id=3_18&m_mod=0&menuId=PS03448&pageIndex=11,html/055_PS03448_p11.html,농촌진흥청 농업인안전365,N,N
97bdac739277e901,공지사항,공지사항,농작업 편이안전장비 정보 신규 업데이트 알림,자료실 게시물,,,2021-09-30,https://farmer.rda.go.kr/portal/menu1/board_viw.do?menuId=PS03448&m_id=3_18&m_mod=102&bbsId=5&nttSn=52&num=0&pageIndex=11,,5:52,https://farmer.rda.go.kr/portal/menu6/board_lst1.do?m_id=3_18&m_mod=0&menuId=PS03448&pageIndex=11,html/055_PS03448_p11.html,농촌진흥청 농업인안전365,N,N
b6c3198c34c9cc05,공지사항,공지사항,농업안전보건 중앙DB센터 개편 준비에 따른 서비스 임시 중단 안내,자료실 게시물,,,2021-09-27,https://farmer.rda.go.kr/portal/menu1/board_viw.do?menuId=PS03448&m_id=3_18&m_mod=103&bbsId=5&nttSn=53&num=0&pageIndex=11,,5:53,https://farmer.rda.go.kr/portal/menu6/board_lst1.do?m_id=3_18&m_mod=0&menuId=PS03448&pageIndex=11,html/055_PS03448_p11.html,농촌진흥청 농업인안전365,N,N
d2535a71c3dfae5c,공지사항,간행물,『농작업 안전보건관리 기본서(2021년 개정판)』 간행물 업데이트 알림,자료실 게시물,,,2021-08-20,https://farmer.rda.go.kr/portal/menu1/board_viw.do?menuId=PS03448&m_id=3_18&m_mod=104&bbsId=5&nttSn=54&num=0&pageIndex=11,,5:54,https://farmer.rda.go.kr/portal/menu6/board_lst1.do?m_id=3_18&m_mod=0&menuId=PS03448&pageIndex=11,html/055_PS03448_p11.html,농촌진흥청 농업인안전365,N,N
81afec9801be5c0d,공지사항,공지사항,(설문조사) 농업인안전365 서비스 개선을 위한 설문조사 게시,자료실 게시물,,,2021-08-10,https://farmer.rda.go.kr/portal/menu1/board_viw.do?menuId=PS03448&m_id=3_18&m_mod=105&bbsId=5&nttSn=55&num=0&pageIndex=11,,5:55,https://farmer.rda.go.kr/portal/menu6/board_lst1.do?m_id=3_18&m_mod=0&menuId=PS03448&pageIndex=11,html/055_PS03448_p11.html,농촌진흥청 농업인안전365,N,N
7105abb5daf68362,공지사항,온열·한랭,폭염대비 농업인 건강 관련 '리플릿' 업데이트 알림,자료실 게시물,,,2021-07-19,https://farmer.rda.go.kr/portal/menu1/board_viw.do?menuId=PS03448&m_id=3_18&m_mod=106&bbsId=5&nttSn=56&num=0&pageIndex=11,,5:56,https://farmer.rda.go.kr/portal/menu6/board_lst1.do?m_id=3_18&m_mod=0&menuId=PS03448&pageIndex=11,html/055_PS03448_p11.html,농촌진흥청 농업인안전365,N,N
2553649143295c8f,공지사항,간행물,『2020 농작업 편이장비 편람』 책자 배부 안내,자료실 게시물,,,2021-07-01,https://farmer.rda.go.kr/portal/menu1/board_viw.do?menuId=PS03448&m_id=3_18&m_mod=107&bbsId=5&nttSn=57&num=0&pageIndex=11,,5:57,https://farmer.rda.go.kr/portal/menu6/board_lst1.do?m_id=3_18&m_mod=0&menuId=PS03448&pageIndex=11,html/055_PS03448_p11.html,농촌진흥청 농업인안전365,N,N
6b01c1cd7ca64c01,공지사항,간행물,농업인 건강안전 관련 '카드뉴스'(간행물) 업데이트 알림,자료실 게시물,,,2021-06-09,https://farmer.rda.go.kr/portal/menu1/board_viw.do?menuId=PS03448&m_id=3_18&m_mod=108&bbsId=5&nttSn=58&num=0&pageIndex=11,,5:58,https://farmer.rda.go.kr/portal/menu6/board_lst1.do?m_id=3_18&m_mod=0&menuId=PS03448&pageIndex=11,html/055_PS03448_p11.html,농촌진흥청 농업인안전365,N,N
713367f53b99a47c,공지사항,공지사항,농업인 건강안전보건 관련 '정책제안정보' 업데이트 알림,자료실 게시물,,,2021-06-07,https://farmer.rda.go.kr/portal/menu1/board_viw.do?menuId=PS03448&m_id=3_18&m_mod=109&bbsId=5&nttSn=59&num=0&pageIndex=11,,5:59,https://farmer.rda.go.kr/portal/menu6/board_lst1.do?m_id=3_18&m_mod=0&menuId=PS03448&pageIndex=11,html/055_PS03448_p11.html,농촌진흥청 농업인안전365,N,N
a1507ad66a814446,공지사항,공지사항,농작업 안전지침서 '그림으로 보는' 시리즈 무료 배부 안내,자료실 게시물,,,2021-06-01,https://farmer.rda.go.kr/portal/menu1/board_viw.do?menuId=PS03448&m_id=3_18&m_mod=110&bbsId=5&nttSn=60&num=0&pageIndex=11,,5:60,https://farmer.rda.go.kr/portal/menu6/board_lst1.do?m_id=3_18&m_mod=0&menuId=PS03448&pageIndex=11,html/055_PS03448_p11.html,농촌진흥청 농업인안전365,N,N
ddc7b9bae01a2569,공지사항,공지사항,연구ㆍ지도직공무원 공개경쟁채용시험 시험계획,자료실 게시물,,,2007-02-15,https://farmer.rda.go.kr/portal/menu1/board_viw.do?menuId=PS03448&m_id=3_18&m_mod=201&bbsId=5&nttSn=144&num=0&pageIndex=21,,5:144,https://farmer.rda.go.kr/portal/menu6/board_lst1.do?m_id=3_18&m_mod=0&menuId=PS03448&pageIndex=21,html/056_PS03448_p21.html,농촌진흥청 농업인안전365,N,N
37047b2f20e5dee4,홍보,활동소식,에어냉각조끼 시범사업,자료실 게시물,,,2026-07-03,https://farmer.rda.go.kr/portal/menu1/board_viw.do?menuId=PS03449&m_id=3_19&m_mod=11&bbsId=6&nttSn=780&num=0&pageIndex=2,,6:780,https://farmer.rda.go.kr/portal/menu6/board_lst1.do?m_id=3_19&m_mod=0&menuId=PS03449&pageIndex=2,html/057_PS03449_p2.html,농촌진흥청 농업인안전365,N,N
ca71b4420e0c839b,홍보,온열·한랭,(농민신문) 폭염 속 농작업에도 ‘신바람’ 나는 이유…‘에어냉각조끼’ 입어봤더니,자료실 게시물,,,2026-07-03,https://farmer.rda.go.kr/portal/menu1/board_viw.do?menuId=PS03449&m_id=3_19&m_mod=12&bbsId=6&nttSn=779&num=0&pageIndex=2,,6:779,https://farmer.rda.go.kr/portal/menu6/board_lst1.do?m_id=3_19&m_mod=0&menuId=PS03449&pageIndex=2,html/057_PS03449_p2.html,농촌진흥청 농업인안전365,N,N
3665ec226c34088b,홍보,전문지·기고,[창간 56 특집] 이재명 정부 ‘책임농정 1년’을 진단한다 - 농업인 안전,자료실 게시물,,,2026-06-29,https://farmer.rda.go.kr/portal/menu1/board_viw.do?menuId=PS03449&m_id=3_19&m_mod=13&bbsId=6&nttSn=778&num=0&pageIndex=2,,6:778,https://farmer.rda.go.kr/portal/menu6/board_lst1.do?m_id=3_19&m_mod=0&menuId=PS03449&pageIndex=2,html/057_PS03449_p2.html,농촌진흥청 농업인안전365,N,N
76e6b324a416d0e8,홍보,전문지·기고,[기고] 농민 안전보건과 농촌진흥청 역할 기대한다,자료실 게시물,,,2026-06-26,https://farmer.rda.go.kr/portal/menu1/board_viw.do?menuId=PS03449&m_id=3_19&m_mod=14&bbsId=6&nttSn=777&num=0&pageIndex=2,,6:777,https://farmer.rda.go.kr/portal/menu6/board_lst1.do?m_id=3_19&m_mod=0&menuId=PS03449&pageIndex=2,html/057_PS03449_p2.html,농촌진흥청 농업인안전365,N,N
a3719beb93c0e538,홍보,온열·한랭,"(전라일보)농진청, '폭염 쿨링키트'로 농업인 지킨다",자료실 게시물,,,2026-06-02,https://farmer.rda.go.kr/portal/menu1/board_viw.do?menuId=PS03449&m_id=3_19&m_mod=15&bbsId=6&nttSn=776&num=0&pageIndex=2,,6:776,https://farmer.rda.go.kr/portal/menu6/board_lst1.do?m_id=3_19&m_mod=0&menuId=PS03449&pageIndex=2,html/057_PS03449_p2.html,농촌진흥청 농업인안전365,N,N
5cb6f1587e908430,홍보,온열·한랭,(농기자재신문) 폭염 속 농업인 지킬 안전 꾸러미 ‘폭염 쿨링키트’ 개발,자료실 게시물,,,2026-06-02,https://farmer.rda.go.kr/portal/menu1/board_viw.do?menuId=PS03449&m_id=3_19&m_mod=16&bbsId=6&nttSn=775&num=0&pageIndex=2,,6:775,https://farmer.rda.go.kr/portal/menu6/board_lst1.do?m_id=3_19&m_mod=0&menuId=PS03449&pageIndex=2,html/057_PS03449_p2.html,농촌진흥청 농업인안전365,N,N
77a8587ca0f12b8d,홍보,온열·한랭,"(매일일보)농촌진흥청, ‘폭염 쿨링키트’ 개발",자료실 게시물,,,2026-06-02,https://farmer.rda.go.kr/portal/menu1/board_viw.do?menuId=PS03449&m_id=3_19&m_mod=17&bbsId=6&nttSn=774&num=0&pageIndex=2,,6:774,https://farmer.rda.go.kr/portal/menu6/board_lst1.do?m_id=3_19&m_mod=0&menuId=PS03449&pageIndex=2,html/057_PS03449_p2.html,농촌진흥청 농업인안전365,N,N
0308519170d14b49,홍보,온열·한랭,폭염 속 농업인 지킬 안전 꾸러미 '폭염 쿨링키트' 개발,자료실 게시물,,,2026-06-02,https://farmer.rda.go.kr/portal/menu1/board_viw.do?menuId=PS03449&m_id=3_19&m_mod=18&bbsId=6&nttSn=773&num=0&pageIndex=2,,6:773,https://farmer.rda.go.kr/portal/menu6/board_lst1.do?m_id=3_19&m_mod=0&menuId=PS03449&pageIndex=2,html/057_PS03449_p2.html,농촌진흥청 농업인안전365,N,N
ea5ac31e19642fe7,홍보,뉴스모음집,"(중앙일보)車 아닌데, 사고 치사율 ‘승용차 15배’…단독사고 많은 주범",자료실 게시물,,,2026-05-19,https://farmer.rda.go.kr/portal/menu1/board_viw.do?menuId=PS03449&m_id=3_19&m_mod=19&bbsId=6&nttSn=772&num=0&pageIndex=2,,6:772,https://farmer.rda.go.kr/portal/menu6/board_lst1.do?m_id=3_19&m_mod=0&menuId=PS03449&pageIndex=2,html/057_PS03449_p2.html,농촌진흥청 농업인안전365,N,N
8c9b3b5f5fbd6d5b,홍보,근골격계,"(MBN) ""하루종일 올려봐도 어깨 안 아파""…입으면 힘세지는 로봇 조끼",자료실 게시물,,,2026-05-12,https://farmer.rda.go.kr/portal/menu1/board_viw.do?menuId=PS03449&m_id=3_19&m_mod=20&bbsId=6&nttSn=771&num=0&pageIndex=2,,6:771,https://farmer.rda.go.kr/portal/menu6/board_lst1.do?m_id=3_19&m_mod=0&menuId=PS03449&pageIndex=2,html/057_PS03449_p2.html,농촌진흥청 농업인안전365,N,N
6573f30b63dfe96c,홍보,홍보성과,(연합뉴스)작년 농민 '100명 중 3명' 일하다 부상…하루 이상 쉬었다,자료실 게시물,,,2026-05-11,https://farmer.rda.go.kr/portal/menu1/board_viw.do?menuId=PS03449&m_id=3_19&m_mod=21&bbsId=6&nttSn=770&num=0&pageIndex=3,,6:770,https://farmer.rda.go.kr/portal/menu6/board_lst1.do?m_id=3_19&m_mod=0&menuId=PS03449&pageIndex=3,html/058_PS03449_p3.html,농촌진흥청 농업인안전365,N,N
929808c395259000,홍보,보도자료,"농업인 100명 중 3명, 농작업 관련 손상으로 하루 이상 쉬었다",자료실 게시물,,,2026-05-11,https://farmer.rda.go.kr/portal/menu1/board_viw.do?menuId=PS03449&m_id=3_19&m_mod=22&bbsId=6&nttSn=769&num=0&pageIndex=3,,6:769,https://farmer.rda.go.kr/portal/menu6/board_lst1.do?m_id=3_19&m_mod=0&menuId=PS03449&pageIndex=3,html/058_PS03449_p3.html,농촌진흥청 농업인안전365,N,N
d7177156b87f39a5,홍보,홍보성과,"(농기자재신문) 국립농업과학원, 농번기 일손 돕기로 지역 상생 나서",자료실 게시물,,,2026-05-08,https://farmer.rda.go.kr/portal/menu1/board_viw.do?menuId=PS03449&m_id=3_19&m_mod=23&bbsId=6&nttSn=768&num=0&pageIndex=3,,6:768,https://farmer.rda.go.kr/portal/menu6/board_lst1.do?m_id=3_19&m_mod=0&menuId=PS03449&pageIndex=3,html/058_PS03449_p3.html,농촌진흥청 농업인안전365,N,N
374394d8a774bdc7,홍보,보도자료,"국립농업과학원, 농번기 일손 돕기로 지역 상생 나서",자료실 게시물,,,2026-05-08,https://farmer.rda.go.kr/portal/menu1/board_viw.do?menuId=PS03449&m_id=3_19&m_mod=24&bbsId=6&nttSn=767&num=0&pageIndex=3,,6:767,https://farmer.rda.go.kr/portal/menu6/board_lst1.do?m_id=3_19&m_mod=0&menuId=PS03449&pageIndex=3,html/058_PS03449_p3.html,농촌진흥청 농업인안전365,N,N
33850ad9938ff997,홍보,농기계,"(새전북신문) 여성농업인단체 초청, ‘여성 친화형 농기계 개발’ 아이디어 들어",자료실 게시물,,,2026-05-08,https://farmer.rda.go.kr/portal/menu1/board_viw.do?menuId=PS03449&m_id=3_19&m_mod=25&bbsId=6&nttSn=766&num=0&pageIndex=3,,6:766,https://farmer.rda.go.kr/portal/menu6/board_lst1.do?m_id=3_19&m_mod=0&menuId=PS03449&pageIndex=3,html/058_PS03449_p3.html,농촌진흥청 농업인안전365,N,N
1eefec9df712ffee,홍보,농기계,"여성농업인단체 초청, ‘여성 친화형 농기계 개발’ 아이디어 듣는다",자료실 게시물,,,2026-05-08,https://farmer.rda.go.kr/portal/menu1/board_viw.do?menuId=PS03449&m_id=3_19&m_mod=26&bbsId=6&nttSn=765&num=0&pageIndex=3,,6:765,https://farmer.rda.go.kr/portal/menu6/board_lst1.do?m_id=3_19&m_mod=0&menuId=PS03449&pageIndex=3,html/058_PS03449_p3.html,농촌진흥청 농업인안전365,N,N
6cca53f2c74ef24d,홍보,활동소식,"농촌진흥청-소방청, 농업현장 안전 강화 협약 체결",자료실 게시물,,,2026-04-28,https://farmer.rda.go.kr/portal/menu1/board_viw.do?menuId=PS03449&m_id=3_19&m_mod=27&bbsId=6&nttSn=764&num=0&pageIndex=3,,6:764,https://farmer.rda.go.kr/portal/menu6/board_lst1.do?m_id=3_19&m_mod=0&menuId=PS03449&pageIndex=3,html/058_PS03449_p3.html,농촌진흥청 농업인안전365,N,N
7d2bb269876e4468,홍보,보도자료,"""농업일터, 안전예방 인프라 확대"" 농촌진흥청-소방청, 농업 현장 안전 체계 구축 강화 업무협약",자료실 게시물,,,2026-04-27,https://farmer.rda.go.kr/portal/menu1/board_viw.do?menuId=PS03449&m_id=3_19&m_mod=28&bbsId=6&nttSn=763&num=0&pageIndex=3,,6:763,https://farmer.rda.go.kr/portal/menu6/board_lst1.do?m_id=3_19&m_mod=0&menuId=PS03449&pageIndex=3,html/058_PS03449_p3.html,농촌진흥청 농업인안전365,N,N
a94c37985e5c7a1e,홍보,홍보성과,"(뉴스1) 양봉현장 유기산 사용 증가…농진청, '꿀·맛·보·장' 안전사고 예방 캠페인",자료실 게시물,,,2026-04-23,https://farmer.rda.go.kr/portal/menu1/board_viw.do?menuId=PS03449&m_id=3_19&m_mod=29&bbsId=6&nttSn=762&num=0&pageIndex=3,,6:762,https://farmer.rda.go.kr/portal/menu6/board_lst1.do?m_id=3_19&m_mod=0&menuId=PS03449&pageIndex=3,html/058_PS03449_p3.html,농촌진흥청 농업인안전365,N,N
9e787d1e5e57f080,홍보,감염·생물학적 위험,꿀벌응애 방제 '안전' 먼저 챙기는 '꿀.맛.보.장' 캠페인 시작,자료실 게시물,,,2026-04-23,https://farmer.rda.go.kr/portal/menu1/board_viw.do?menuId=PS03449&m_id=3_19&m_mod=30&bbsId=6&nttSn=761&num=0&pageIndex=3,,6:761,https://farmer.rda.go.kr/portal/menu6/board_lst1.do?m_id=3_19&m_mod=0&menuId=PS03449&pageIndex=3,html/058_PS03449_p3.html,농촌진흥청 농업인안전365,N,N
73721feb6de9a12c,홍보,홍보성과,"(파이낸셜뉴스) 소방청·농진청 ""119 데이터로 농촌 재해 예방""",자료실 게시물,,,2026-04-21,https://farmer.rda.go.kr/portal/menu1/board_viw.do?menuId=PS03449&m_id=3_19&m_mod=31&bbsId=6&nttSn=760&num=0&pageIndex=4,,6:760,https://farmer.rda.go.kr/portal/menu6/board_lst1.do?m_id=3_19&m_mod=0&menuId=PS03449&pageIndex=4,html/059_PS03449_p4.html,농촌진흥청 농업인안전365,N,N
0376864d8fa91556,홍보,농약·화학물질,(뉴시스) 청소년 손상 사망자 중 53.9% '자해·자살'…중독도 증가,자료실 게시물,,,2026-03-31,https://farmer.rda.go.kr/portal/menu1/board_viw.do?menuId=PS03449&m_id=3_19&m_mod=32&bbsId=6&nttSn=759&num=0&pageIndex=4,,6:759,https://farmer.rda.go.kr/portal/menu6/board_lst1.do?m_id=3_19&m_mod=0&menuId=PS03449&pageIndex=4,html/059_PS03449_p4.html,농촌진흥청 농업인안전365,N,N
fb0d90fa34e1227f,홍보,추락·넘어짐,"손상 환자의 주요 특성, 교통사고 감소 및 추락·미끄러짐 증가 추세",자료실 게시물,,,2026-03-31,https://farmer.rda.go.kr/portal/menu1/board_viw.do?menuId=PS03449&m_id=3_19&m_mod=33&bbsId=6&nttSn=758&num=0&pageIndex=4,,6:758,https://farmer.rda.go.kr/portal/menu6/board_lst1.do?m_id=3_19&m_mod=0&menuId=PS03449&pageIndex=4,html/059_PS03449_p4.html,농촌진흥청 농업인안전365,N,N
87f79695de146fd3,홍보,홍보성과,(영농자재신문) ‘착용로봇’으로 농업인 안전 지키고 생산성 증대,자료실 게시물,,,2026-02-26,https://farmer.rda.go.kr/portal/menu1/board_viw.do?menuId=PS03449&m_id=3_19&m_mod=34&bbsId=6&nttSn=757&num=0&pageIndex=4,,6:757,https://farmer.rda.go.kr/portal/menu6/board_lst1.do?m_id=3_19&m_mod=0&menuId=PS03449&pageIndex=4,html/059_PS03449_p4.html,농촌진흥청 농업인안전365,N,N
7bff95b0b4c063f1,홍보,뉴스모음집,(KBS대전)나무 베다가 잇따라 숨져…“쓰러질 방향 예측 어려워”,자료실 게시물,,,2026-02-24,https://farmer.rda.go.kr/portal/menu1/board_viw.do?menuId=PS03449&m_id=3_19&m_mod=35&bbsId=6&nttSn=756&num=0&pageIndex=4,,6:756,https://farmer.rda.go.kr/portal/menu6/board_lst1.do?m_id=3_19&m_mod=0&menuId=PS03449&pageIndex=4,html/059_PS03449_p4.html,농촌진흥청 농업인안전365,N,N
23c1882f8fbf6882,홍보,홍보성과,"(새전북신문) 농촌진흥청, 이달의 신간 안내 '2025 농작업 안전재해 주요통계집'",자료실 게시물,,,2026-02-23,https://farmer.rda.go.kr/portal/menu1/board_viw.do?menuId=PS03449&m_id=3_19&m_mod=36&bbsId=6&nttSn=755&num=0&pageIndex=4,,6:755,https://farmer.rda.go.kr/portal/menu6/board_lst1.do?m_id=3_19&m_mod=0&menuId=PS03449&pageIndex=4,html/059_PS03449_p4.html,농촌진흥청 농업인안전365,N,N
3c8aebc7eb666c17,홍보,보도자료,"농촌진흥청, 이달의 신간 - 「2025 농작업 안전재해 주요통계집」 발간",자료실 게시물,,,2026-02-23,https://farmer.rda.go.kr/portal/menu1/board_viw.do?menuId=PS03449&m_id=3_19&m_mod=37&bbsId=6&nttSn=754&num=0&pageIndex=4,,6:754,https://farmer.rda.go.kr/portal/menu6/board_lst1.do?m_id=3_19&m_mod=0&menuId=PS03449&pageIndex=4,html/059_PS03449_p4.html,농촌진흥청 농업인안전365,N,N
3c9a342645ba5c94,홍보,농기계,'농업기계 사고신호-강원소방본부 119 출동연계' 시연회,자료실 게시물,,,2025-12-02,https://farmer.rda.go.kr/portal/menu1/board_viw.do?menuId=PS03449&m_id=3_19&m_mod=38&bbsId=6&nttSn=753&num=0&pageIndex=4,,6:753,https://farmer.rda.go.kr/portal/menu6/board_lst1.do?m_id=3_19&m_mod=0&menuId=PS03449&pageIndex=4,html/059_PS03449_p4.html,농촌진흥청 농업인안전365,N,N
228ee7ff1f2ac5de,홍보,농기계,(춘천MBC)농기계 사고나면 119에 자동 신고...,자료실 게시물,,,2025-11-18,https://farmer.rda.go.kr/portal/menu1/board_viw.do?menuId=PS03449&m_id=3_19&m_mod=39&bbsId=6&nttSn=752&num=0&pageIndex=4,,6:752,https://farmer.rda.go.kr/portal/menu6/board_lst1.do?m_id=3_19&m_mod=0&menuId=PS03449&pageIndex=4,html/059_PS03449_p4.html,농촌진흥청 농업인안전365,N,N
a4caec6f7e8782c9,홍보,농기계,“농기계사고 골든타임 사수!”IoT안전시스템-119 출동연계 시연,자료실 게시물,,,2025-11-18,https://farmer.rda.go.kr/portal/menu1/board_viw.do?menuId=PS03449&m_id=3_19&m_mod=40&bbsId=6&nttSn=751&num=0&pageIndex=4,,6:751,https://farmer.rda.go.kr/portal/menu6/board_lst1.do?m_id=3_19&m_mod=0&menuId=PS03449&pageIndex=4,html/059_PS03449_p4.html,농촌진흥청 농업인안전365,N,N
8e5447ec324cf352,홍보,농기계,농업기계 사고 대응 체계 구축 회의 개최,자료실 게시물,,,2025-10-21,https://farmer.rda.go.kr/portal/menu1/board_viw.do?menuId=PS03449&m_id=3_19&m_mod=41&bbsId=6&nttSn=750&num=0&pageIndex=5,,6:750,https://farmer.rda.go.kr/portal/menu6/board_lst1.do?m_id=3_19&m_mod=0&menuId=PS03449&pageIndex=5,html/060_PS03449_p5.html,농촌진흥청 농업인안전365,N,N
85549c54782d1956,홍보,농기계,"(연합뉴스) 농기계 사고 감지되면 119 자동 신고…강원소방, 협력체계 논의",자료실 게시물,,,2025-10-21,https://farmer.rda.go.kr/portal/menu1/board_viw.do?menuId=PS03449&m_id=3_19&m_mod=42&bbsId=6&nttSn=749&num=0&pageIndex=5,,6:749,https://farmer.rda.go.kr/portal/menu6/board_lst1.do?m_id=3_19&m_mod=0&menuId=PS03449&pageIndex=5,html/060_PS03449_p5.html,농촌진흥청 농업인안전365,N,N
4a4369b501040327,홍보,홍보성과,"(충남신문)천안시, 축제현장에서 “농업인 안전 홍보관” 첫 운영",자료실 게시물,,,2025-10-10,https://farmer.rda.go.kr/portal/menu1/board_viw.do?menuId=PS03449&m_id=3_19&m_mod=43&bbsId=6&nttSn=748&num=0&pageIndex=5,,6:748,https://farmer.rda.go.kr/portal/menu6/board_lst1.do?m_id=3_19&m_mod=0&menuId=PS03449&pageIndex=5,html/060_PS03449_p5.html,농촌진흥청 농업인안전365,N,N
e9e2923b43039989,홍보,농기계,(연합뉴스) 예초기 날에 다친 농촌 주민 숨져…경찰 수사,자료실 게시물,,,2025-09-15,https://farmer.rda.go.kr/portal/menu1/board_viw.do?menuId=PS03449&m_id=3_19&m_mod=44&bbsId=6&nttSn=747&num=0&pageIndex=5,,6:747,https://farmer.rda.go.kr/portal/menu6/board_lst1.do?m_id=3_19&m_mod=0&menuId=PS03449&pageIndex=5,html/060_PS03449_p5.html,농촌진흥청 농업인안전365,N,N
6218a9ac2822ee6d,홍보,뉴스모음집,"(전주MBC) ""농촌지역 자살률 도시보다 높다"".. 이유는 '건강 악화'",자료실 게시물,,,2025-09-15,https://farmer.rda.go.kr/portal/menu1/board_viw.do?menuId=PS03449&m_id=3_19&m_mod=45&bbsId=6&nttSn=746&num=0&pageIndex=5,,6:746,https://farmer.rda.go.kr/portal/menu6/board_lst1.do?m_id=3_19&m_mod=0&menuId=PS03449&pageIndex=5,html/060_PS03449_p5.html,농촌진흥청 농업인안전365,N,N
c4158cc9befa3619,홍보,뉴스모음집,(경향신문) 김포 농수로 빠진 70대 남성 숨진 채 발견,자료실 게시물,,,2025-09-15,https://farmer.rda.go.kr/portal/menu1/board_viw.do?menuId=PS03449&m_id=3_19&m_mod=46&bbsId=6&nttSn=745&num=0&pageIndex=5,,6:745,https://farmer.rda.go.kr/portal/menu6/board_lst1.do?m_id=3_19&m_mod=0&menuId=PS03449&pageIndex=5,html/060_PS03449_p5.html,농촌진흥청 농업인안전365,N,N
9b5d9b565b2ec73f,홍보,농기계,(농민신문) 추석 전 벌초할 때 예초기 사용 주의하세요,자료실 게시물,,,2025-09-15,https://farmer.rda.go.kr/portal/menu1/board_viw.do?menuId=PS03449&m_id=3_19&m_mod=47&bbsId=6&nttSn=744&num=0&pageIndex=5,,6:744,https://farmer.rda.go.kr/portal/menu6/board_lst1.do?m_id=3_19&m_mod=0&menuId=PS03449&pageIndex=5,html/060_PS03449_p5.html,농촌진흥청 농업인안전365,N,N
6fbf18ead8b428b2,홍보,농기계,"(안전신문) 예초기 사고, ‘베이거나 찔림’이 절반… “안전장비 착용”",자료실 게시물,,,2025-09-15,https://farmer.rda.go.kr/portal/menu1/board_viw.do?menuId=PS03449&m_id=3_19&m_mod=48&bbsId=6&nttSn=743&num=0&pageIndex=5,,6:743,https://farmer.rda.go.kr/portal/menu6/board_lst1.do?m_id=3_19&m_mod=0&menuId=PS03449&pageIndex=5,html/060_PS03449_p5.html,농촌진흥청 농업인안전365,N,N
e111047d785b0283,홍보,홍보성과,"(내일신문) 안전사고 늘어나는 농촌, 예방법 한자리에",자료실 게시물,,,2025-09-12,https://farmer.rda.go.kr/portal/menu1/board_viw.do?menuId=PS03449&m_id=3_19&m_mod=49&bbsId=6&nttSn=741&num=0&pageIndex=5,,6:741,https://farmer.rda.go.kr/portal/menu6/board_lst1.do?m_id=3_19&m_mod=0&menuId=PS03449&pageIndex=5,html/060_PS03449_p5.html,농촌진흥청 농업인안전365,N,N
b9cae7f21ce59d09,홍보,농기계,(연합뉴스) 장성 감나무밭서 80대 농민 숨져…농기계 끼임사고 추정,자료실 게시물,,,2025-09-12,https://farmer.rda.go.kr/portal/menu1/board_viw.do?menuId=PS03449&m_id=3_19&m_mod=50&bbsId=6&nttSn=740&num=0&pageIndex=5,,6:740,https://farmer.rda.go.kr/portal/menu6/board_lst1.do?m_id=3_19&m_mod=0&menuId=PS03449&pageIndex=5,html/060_PS03449_p5.html,농촌진흥청 농업인안전365,N,N
8fb7bd690e18e8b8,홍보,농기계,(매일신문) 울릉도 60대 여성 예초기 사고…소방본부 헬기로 W병원 긴급 이송,자료실 게시물,,,2025-08-26,https://farmer.rda.go.kr/portal/menu1/board_viw.do?menuId=PS03449&m_id=3_19&m_mod=51&bbsId=6&nttSn=739&num=0&pageIndex=6,,6:739,https://farmer.rda.go.kr/portal/menu6/board_lst1.do?m_id=3_19&m_mod=0&menuId=PS03449&pageIndex=6,html/061_PS03449_p6.html,농촌진흥청 농업인안전365,N,N
6d669e9b1a5f345a,홍보,뉴스모음집,(뉴시스) 김제 교차로서 승용차·오토바이 '쾅'…80대 오토바이 운전자 숨져,자료실 게시물,,,2025-08-26,https://farmer.rda.go.kr/portal/menu1/board_viw.do?menuId=PS03449&m_id=3_19&m_mod=52&bbsId=6&nttSn=738&num=0&pageIndex=6,,6:738,https://farmer.rda.go.kr/portal/menu6/board_lst1.do?m_id=3_19&m_mod=0&menuId=PS03449&pageIndex=6,html/061_PS03449_p6.html,농촌진흥청 농업인안전365,N,N
94f75986200bb74d,홍보,농기계,(문화일보) 늙어가는 농촌… 고령자 농기계 사망사고 급증,자료실 게시물,,,2025-08-20,https://farmer.rda.go.kr/portal/menu1/board_viw.do?menuId=PS03449&m_id=3_19&m_mod=53&bbsId=6&nttSn=737&num=0&pageIndex=6,,6:737,https://farmer.rda.go.kr/portal/menu6/board_lst1.do?m_id=3_19&m_mod=0&menuId=PS03449&pageIndex=6,html/061_PS03449_p6.html,농촌진흥청 농업인안전365,N,N
baf39d165f406e51,홍보,농기계,"(프레시안) 강진서 5일장 가던 80대, 자신의 경운기에 깔려 숨져",자료실 게시물,,,2025-08-20,https://farmer.rda.go.kr/portal/menu1/board_viw.do?menuId=PS03449&m_id=3_19&m_mod=54&bbsId=6&nttSn=736&num=0&pageIndex=6,,6:736,https://farmer.rda.go.kr/portal/menu6/board_lst1.do?m_id=3_19&m_mod=0&menuId=PS03449&pageIndex=6,html/061_PS03449_p6.html,농촌진흥청 농업인안전365,N,N
7891b99e023a38a2,홍보,온열·한랭,"(연합뉴스TV) 올해 온열질환자 3,705명…지난해 전체 규모 넘어섰다",자료실 게시물,,,2025-08-20,https://farmer.rda.go.kr/portal/menu1/board_viw.do?menuId=PS03449&m_id=3_19&m_mod=55&bbsId=6&nttSn=735&num=0&pageIndex=6,,6:735,https://farmer.rda.go.kr/portal/menu6/board_lst1.do?m_id=3_19&m_mod=0&menuId=PS03449&pageIndex=6,html/061_PS03449_p6.html,농촌진흥청 농업인안전365,N,N
4bd0f9fea907839b,홍보,온열·한랭,(부산일보) 과수원에서 80대 숨진 채 발견…온열질환 여부 등 조사,자료실 게시물,,,2025-08-20,https://farmer.rda.go.kr/portal/menu1/board_viw.do?menuId=PS03449&m_id=3_19&m_mod=56&bbsId=6&nttSn=734&num=0&pageIndex=6,,6:734,https://farmer.rda.go.kr/portal/menu6/board_lst1.do?m_id=3_19&m_mod=0&menuId=PS03449&pageIndex=6,html/061_PS03449_p6.html,농촌진흥청 농업인안전365,N,N
0610c8db5de873ff,홍보,온열·한랭,(KBS 광주) 50도까지 치솟는 비닐하우스…온열질환 사망률 ‘최고’,자료실 게시물,,,2025-08-08,https://farmer.rda.go.kr/portal/menu1/board_viw.do?menuId=PS03449&m_id=3_19&m_mod=57&bbsId=6&nttSn=733&num=0&pageIndex=6,,6:733,https://farmer.rda.go.kr/portal/menu6/board_lst1.do?m_id=3_19&m_mod=0&menuId=PS03449&pageIndex=6,html/061_PS03449_p6.html,농촌진흥청 농업인안전365,N,N
bf531793b3a50b7e,홍보,뉴스모음집,"(뉴시스) 오토바이 몰던 80대 男, 논산 농수로서 숨진 채 발견",자료실 게시물,,,2025-08-08,https://farmer.rda.go.kr/portal/menu1/board_viw.do?menuId=PS03449&m_id=3_19&m_mod=58&bbsId=6&nttSn=732&num=0&pageIndex=6,,6:732,https://farmer.rda.go.kr/portal/menu6/board_lst1.do?m_id=3_19&m_mod=0&menuId=PS03449&pageIndex=6,html/061_PS03449_p6.html,농촌진흥청 농업인안전365,N,N
8f05e4681c092836,홍보,온열·한랭,"(대구CBS) 함께 야산 오르던 사촌형제 1명 사망, 1명 탈진…온열질환 추정",자료실 게시물,,,2025-08-08,https://farmer.rda.go.kr/portal/menu1/board_viw.do?menuId=PS03449&m_id=3_19&m_mod=59&bbsId=6&nttSn=731&num=0&pageIndex=6,,6:731,https://farmer.rda.go.kr/portal/menu6/board_lst1.do?m_id=3_19&m_mod=0&menuId=PS03449&pageIndex=6,html/061_PS03449_p6.html,농촌진흥청 농업인안전365,N,N
cc246f9d1cefe547,홍보,뉴스모음집,"(뉴시스) ""밭에 간 남편 안 돌아와요"" 실종 60대 농로서 숨진 채 발견",자료실 게시물,,,2025-07-29,https://farmer.rda.go.kr/portal/menu1/board_viw.do?menuId=PS03449&m_id=3_19&m_mod=60&bbsId=6&nttSn=730&num=0&pageIndex=6,,6:730,https://farmer.rda.go.kr/portal/menu6/board_lst1.do?m_id=3_19&m_mod=0&menuId=PS03449&pageIndex=6,html/061_PS03449_p6.html,농촌진흥청 농업인안전365,N,N
66e04bc075fc24e1,홍보,온열·한랭,"(세계일보) ""폭염서 주민 지켜라""… 양구군, 스마트 그늘막∙무더위 쉼터 확대",자료실 게시물,,,2025-07-29,https://farmer.rda.go.kr/portal/menu1/board_viw.do?menuId=PS03449&m_id=3_19&m_mod=61&bbsId=6&nttSn=729&num=0&pageIndex=7,,6:729,https://farmer.rda.go.kr/portal/menu6/board_lst1.do?m_id=3_19&m_mod=0&menuId=PS03449&pageIndex=7,html/062_PS03449_p7.html,농촌진흥청 농업인안전365,N,N
f3bebffbafbe2c17,홍보,뉴스모음집,"(SBS) ""발견 당시 39도"" 일하다 사망…100만 마리 폐사",자료실 게시물,,,2025-07-29,https://farmer.rda.go.kr/portal/menu1/board_viw.do?menuId=PS03449&m_id=3_19&m_mod=62&bbsId=6&nttSn=728&num=0&pageIndex=7,,6:728,https://farmer.rda.go.kr/portal/menu6/board_lst1.do?m_id=3_19&m_mod=0&menuId=PS03449&pageIndex=7,html/062_PS03449_p7.html,농촌진흥청 농업인안전365,N,N
83b2b6fa9aa30b57,홍보,온열·한랭,"(축산신문) 농진청, “폭염 속 농업인 지킨다”…온열질환 예방 대책 강화",자료실 게시물,,,2025-07-18,https://farmer.rda.go.kr/portal/menu1/board_viw.do?menuId=PS03449&m_id=3_19&m_mod=63&bbsId=6&nttSn=727&num=0&pageIndex=7,,6:727,https://farmer.rda.go.kr/portal/menu6/board_lst1.do?m_id=3_19&m_mod=0&menuId=PS03449&pageIndex=7,html/062_PS03449_p7.html,농촌진흥청 농업인안전365,N,N
30d0f5c7099f1ae7,홍보,온열·한랭,"(전라일보)농진청 ""폭염 속 농업인 지킨다""··· 온열질환 예방 대책 강화 나서",자료실 게시물,,,2025-07-18,https://farmer.rda.go.kr/portal/menu1/board_viw.do?menuId=PS03449&m_id=3_19&m_mod=64&bbsId=6&nttSn=726&num=0&pageIndex=7,,6:726,https://farmer.rda.go.kr/portal/menu6/board_lst1.do?m_id=3_19&m_mod=0&menuId=PS03449&pageIndex=7,html/062_PS03449_p7.html,농촌진흥청 농업인안전365,N,N
607b6ccb83cfdefe,홍보,온열·한랭,"(KTV국민방송)온열질환 예방 대책 강화 ""폭염 속 농업인 지킨다""",자료실 게시물,,,2025-07-18,https://farmer.rda.go.kr/portal/menu1/board_viw.do?menuId=PS03449&m_id=3_19&m_mod=65&bbsId=6&nttSn=725&num=0&pageIndex=7,,6:725,https://farmer.rda.go.kr/portal/menu6/board_lst1.do?m_id=3_19&m_mod=0&menuId=PS03449&pageIndex=7,html/062_PS03449_p7.html,농촌진흥청 농업인안전365,N,N
8eca55c717e8ce4e,홍보,안전교육,"고흥군, 농작업안전보건 전문지도연구회 과제교육 협력",자료실 게시물,,,2025-07-16,https://farmer.rda.go.kr/portal/menu1/board_viw.do?menuId=PS03449&m_id=3_19&m_mod=66&bbsId=6&nttSn=724&num=0&pageIndex=7,,6:724,https://farmer.rda.go.kr/portal/menu6/board_lst1.do?m_id=3_19&m_mod=0&menuId=PS03449&pageIndex=7,html/062_PS03449_p7.html,농촌진흥청 농업인안전365,N,N
e67c79513f9b240b,홍보,온열·한랭,"폭염 속 농업인 지킨다! 농촌진흥청, 온열질환 예방 대책 강화",자료실 게시물,,,2025-07-16,https://farmer.rda.go.kr/portal/menu1/board_viw.do?menuId=PS03449&m_id=3_19&m_mod=67&bbsId=6&nttSn=723&num=0&pageIndex=7,,6:723,https://farmer.rda.go.kr/portal/menu6/board_lst1.do?m_id=3_19&m_mod=0&menuId=PS03449&pageIndex=7,html/062_PS03449_p7.html,농촌진흥청 농업인안전365,N,N
62d95dbb53565176,홍보,활동소식,2025년 농작업안전보건 전문지도연구회 개최(전남 고흥군),자료실 게시물,,,2025-07-16,https://farmer.rda.go.kr/portal/menu1/board_viw.do?menuId=PS03449&m_id=3_19&m_mod=68&bbsId=6&nttSn=722&num=0&pageIndex=7,,6:722,https://farmer.rda.go.kr/portal/menu6/board_lst1.do?m_id=3_19&m_mod=0&menuId=PS03449&pageIndex=7,html/062_PS03449_p7.html,농촌진흥청 농업인안전365,N,N
395227a6c08ab835,홍보,홍보성과,"농작업 말리고, 냉각조끼 입고…피해 최소화 안간힘",자료실 게시물,,,2025-07-11,https://farmer.rda.go.kr/portal/menu1/board_viw.do?menuId=PS03449&m_id=3_19&m_mod=69&bbsId=6&nttSn=721&num=0&pageIndex=7,,6:721,https://farmer.rda.go.kr/portal/menu6/board_lst1.do?m_id=3_19&m_mod=0&menuId=PS03449&pageIndex=7,html/062_PS03449_p7.html,농촌진흥청 농업인안전365,N,N
95a55422b37b41bd,홍보,홍보성과,"""에어컨 입고 작업해요"" 시설재배 농가 보급 '에어냉각조끼' 효과 톡톡",자료실 게시물,,,2025-07-11,https://farmer.rda.go.kr/portal/menu1/board_viw.do?menuId=PS03449&m_id=3_19&m_mod=70&bbsId=6&nttSn=720&num=0&pageIndex=7,,6:720,https://farmer.rda.go.kr/portal/menu6/board_lst1.do?m_id=3_19&m_mod=0&menuId=PS03449&pageIndex=7,html/062_PS03449_p7.html,농촌진흥청 농업인안전365,N,N
2a599f5f93ebafd4,홍보,온열·한랭,(광주MBC) 온열질환자 매년 느는데.. 통계는 그대로?,자료실 게시물,,,2025-07-11,https://farmer.rda.go.kr/portal/menu1/board_viw.do?menuId=PS03449&m_id=3_19&m_mod=71&bbsId=6&nttSn=719&num=0&pageIndex=8,,6:719,https://farmer.rda.go.kr/portal/menu6/board_lst1.do?m_id=3_19&m_mod=0&menuId=PS03449&pageIndex=8,html/063_PS03449_p8.html,농촌진흥청 농업인안전365,N,N
e37f7ca7f9ca77dc,홍보,농기계,"(이데일리) ""남편이 안 들어와""…경운기에 11시간 동안 깔려있던 80대 구조",자료실 게시물,,,2025-07-11,https://farmer.rda.go.kr/portal/menu1/board_viw.do?menuId=PS03449&m_id=3_19&m_mod=72&bbsId=6&nttSn=718&num=0&pageIndex=8,,6:718,https://farmer.rda.go.kr/portal/menu6/board_lst1.do?m_id=3_19&m_mod=0&menuId=PS03449&pageIndex=8,html/063_PS03449_p8.html,농촌진흥청 농업인안전365,N,N
a6085fe68106d1fa,홍보,추락·넘어짐,(중앙일보) 부부 타고 가던 전동스쿠터 농수로 추락…앞에 탄 부인만 숨졌다,자료실 게시물,,,2025-07-11,https://farmer.rda.go.kr/portal/menu1/board_viw.do?menuId=PS03449&m_id=3_19&m_mod=73&bbsId=6&nttSn=717&num=0&pageIndex=8,,6:717,https://farmer.rda.go.kr/portal/menu6/board_lst1.do?m_id=3_19&m_mod=0&menuId=PS03449&pageIndex=8,html/063_PS03449_p8.html,농촌진흥청 농업인안전365,N,N
4d50f0fa6334aba2,홍보,온열·한랭,(JTBC)[밀착카메라] '나 홀로' 어르신들이 위험하다…'폭염 구급대' 사투의 현장,자료실 게시물,,,2025-07-11,https://farmer.rda.go.kr/portal/menu1/board_viw.do?menuId=PS03449&m_id=3_19&m_mod=74&bbsId=6&nttSn=716&num=0&pageIndex=8,,6:716,https://farmer.rda.go.kr/portal/menu6/board_lst1.do?m_id=3_19&m_mod=0&menuId=PS03449&pageIndex=8,html/063_PS03449_p8.html,농촌진흥청 농업인안전365,N,N
2c4150c327432daf,홍보,안전교육,(아시아경제) 현직 농촌지도사가 제작한 '농작업 안전 영상' 우수상,자료실 게시물,,,2025-06-27,https://farmer.rda.go.kr/portal/menu1/board_viw.do?menuId=PS03449&m_id=3_19&m_mod=75&bbsId=6&nttSn=715&num=0&pageIndex=8,,6:715,https://farmer.rda.go.kr/portal/menu6/board_lst1.do?m_id=3_19&m_mod=0&menuId=PS03449&pageIndex=8,html/063_PS03449_p8.html,농촌진흥청 농업인안전365,N,N
de0c83d7e554b509,홍보,감염·생물학적 위험,"농진청, ‘인수공통감염병’... 올바른 예방이 건강 지킨다!",자료실 게시물,,,2025-06-20,https://farmer.rda.go.kr/portal/menu1/board_viw.do?menuId=PS03449&m_id=3_19&m_mod=76&bbsId=6&nttSn=714&num=0&pageIndex=8,,6:714,https://farmer.rda.go.kr/portal/menu6/board_lst1.do?m_id=3_19&m_mod=0&menuId=PS03449&pageIndex=8,html/063_PS03449_p8.html,농촌진흥청 농업인안전365,N,N
5a28615846658994,홍보,감염·생물학적 위험,"'인수공통감염병', 올바른 예방이 건강 지킨다!",자료실 게시물,,,2025-06-20,https://farmer.rda.go.kr/portal/menu1/board_viw.do?menuId=PS03449&m_id=3_19&m_mod=77&bbsId=6&nttSn=713&num=0&pageIndex=8,,6:713,https://farmer.rda.go.kr/portal/menu6/board_lst1.do?m_id=3_19&m_mod=0&menuId=PS03449&pageIndex=8,html/063_PS03449_p8.html,농촌진흥청 농업인안전365,N,N
73c6a305fe2db90c,홍보,추락·넘어짐,(전주MBC)일자리 사업 노인들 사망사고 잇따라.. 농수로 추락 80대 숨져,자료실 게시물,,,2025-06-09,https://farmer.rda.go.kr/portal/menu1/board_viw.do?menuId=PS03449&m_id=3_19&m_mod=78&bbsId=6&nttSn=712&num=0&pageIndex=8,,6:712,https://farmer.rda.go.kr/portal/menu6/board_lst1.do?m_id=3_19&m_mod=0&menuId=PS03449&pageIndex=8,html/063_PS03449_p8.html,농촌진흥청 농업인안전365,N,N
d85c2cc77987b8f2,홍보,뉴스모음집,"(SBS)창문 없이 '화르륵', 대학생 참변…전국에 늘어난다",자료실 게시물,,,2025-05-27,https://farmer.rda.go.kr/portal/menu1/board_viw.do?menuId=PS03449&m_id=3_19&m_mod=79&bbsId=6&nttSn=711&num=0&pageIndex=8,,6:711,https://farmer.rda.go.kr/portal/menu6/board_lst1.do?m_id=3_19&m_mod=0&menuId=PS03449&pageIndex=8,html/063_PS03449_p8.html,농촌진흥청 농업인안전365,N,N
31975a7f687f05a7,홍보,보도자료,"농촌진흥청, 이달의 신간 - 「2024 농작업환경 위험성평가 안내서」 발간",자료실 게시물,,,2025-05-27,https://farmer.rda.go.kr/portal/menu1/board_viw.do?menuId=PS03449&m_id=3_19&m_mod=80&bbsId=6&nttSn=710&num=0&pageIndex=8,,6:710,https://farmer.rda.go.kr/portal/menu6/board_lst1.do?m_id=3_19&m_mod=0&menuId=PS03449&pageIndex=8,html/063_PS03449_p8.html,농촌진흥청 농업인안전365,N,N
836b0c0430892280,홍보,홍보성과,"농진청, '위험성평가 안내서' 신간 발간",자료실 게시물,,,2025-05-27,https://farmer.rda.go.kr/portal/menu1/board_viw.do?menuId=PS03449&m_id=3_19&m_mod=81&bbsId=6&nttSn=709&num=0&pageIndex=9,,6:709,https://farmer.rda.go.kr/portal/menu6/board_lst1.do?m_id=3_19&m_mod=0&menuId=PS03449&pageIndex=9,html/064_PS03449_p9.html,농촌진흥청 농업인안전365,N,N
cd03b251547a2bf7,홍보,온열·한랭,(농민신문)벌써 온열질환자 발생…“물 자주 마시고 낮엔 야외작업 자제”,자료실 게시물,,,2025-05-21,https://farmer.rda.go.kr/portal/menu1/board_viw.do?menuId=PS03449&m_id=3_19&m_mod=82&bbsId=6&nttSn=708&num=0&pageIndex=9,,6:708,https://farmer.rda.go.kr/portal/menu6/board_lst1.do?m_id=3_19&m_mod=0&menuId=PS03449&pageIndex=9,html/064_PS03449_p9.html,농촌진흥청 농업인안전365,N,N
d9838c81bf8ff97a,홍보,뉴스모음집,(돼지와사람) 월요일 오후 천안·합천 양돈장서 연달아 화재....1명 사망,자료실 게시물,,,2025-05-20,https://farmer.rda.go.kr/portal/menu1/board_viw.do?menuId=PS03449&m_id=3_19&m_mod=83&bbsId=6&nttSn=707&num=0&pageIndex=9,,6:707,https://farmer.rda.go.kr/portal/menu6/board_lst1.do?m_id=3_19&m_mod=0&menuId=PS03449&pageIndex=9,html/064_PS03449_p9.html,농촌진흥청 농업인안전365,N,N
e75094de0019e792,홍보,뉴스모음집,(전주MBC) 돈사 분뇨 탱크 빠진 외국인 노동자 2명 중·경상,자료실 게시물,,,2025-05-14,https://farmer.rda.go.kr/portal/menu1/board_viw.do?menuId=PS03449&m_id=3_19&m_mod=84&bbsId=6&nttSn=706&num=0&pageIndex=9,,6:706,https://farmer.rda.go.kr/portal/menu6/board_lst1.do?m_id=3_19&m_mod=0&menuId=PS03449&pageIndex=9,html/064_PS03449_p9.html,농촌진흥청 농업인안전365,N,N
924b3a80bac45490,홍보,뉴스모음집,(전주MBC)돼지 농장에서 불.. 퇴비 처리 시설 모두 타 수억 원 피해,자료실 게시물,,,2025-05-14,https://farmer.rda.go.kr/portal/menu1/board_viw.do?menuId=PS03449&m_id=3_19&m_mod=85&bbsId=6&nttSn=705&num=0&pageIndex=9,,6:705,https://farmer.rda.go.kr/portal/menu6/board_lst1.do?m_id=3_19&m_mod=0&menuId=PS03449&pageIndex=9,html/064_PS03449_p9.html,농촌진흥청 농업인안전365,N,N
539001ca9857f19a,홍보,농기계,「호남권 교통안전 협의회」 참석 및 IoT 농업기계 사고예방 기술 소개 발표 결과보고,자료실 게시물,,,2025-05-08,https://farmer.rda.go.kr/portal/menu1/board_viw.do?menuId=PS03449&m_id=3_19&m_mod=86&bbsId=6&nttSn=704&num=0&pageIndex=9,,6:704,https://farmer.rda.go.kr/portal/menu6/board_lst1.do?m_id=3_19&m_mod=0&menuId=PS03449&pageIndex=9,html/064_PS03449_p9.html,농촌진흥청 농업인안전365,N,N
defa95aa582df90c,홍보,뉴스모음집,(키즈맘)고사리 따다 옮았다...올해 첫 환자 나온 '이 질환' 주의,자료실 게시물,,,2025-05-07,https://farmer.rda.go.kr/portal/menu1/board_viw.do?menuId=PS03449&m_id=3_19&m_mod=87&bbsId=6&nttSn=703&num=0&pageIndex=9,,6:703,https://farmer.rda.go.kr/portal/menu6/board_lst1.do?m_id=3_19&m_mod=0&menuId=PS03449&pageIndex=9,html/064_PS03449_p9.html,농촌진흥청 농업인안전365,N,N
7973e8964a43d961,홍보,뉴스모음집,(농민신문) 올해 제주 첫 SFTS 환자 발생,자료실 게시물,,,2025-04-30,https://farmer.rda.go.kr/portal/menu1/board_viw.do?menuId=PS03449&m_id=3_19&m_mod=88&bbsId=6&nttSn=702&num=0&pageIndex=9,,6:702,https://farmer.rda.go.kr/portal/menu6/board_lst1.do?m_id=3_19&m_mod=0&menuId=PS03449&pageIndex=9,html/064_PS03449_p9.html,농촌진흥청 농업인안전365,N,N
b3771d2a1519806b,홍보,보도자료,"농촌진흥청, 이달의 신간 - 「농업인과 비농업인의 질병 유병률 비교」",자료실 게시물,,,2025-04-30,https://farmer.rda.go.kr/portal/menu1/board_viw.do?menuId=PS03449&m_id=3_19&m_mod=89&bbsId=6&nttSn=701&num=0&pageIndex=9,,6:701,https://farmer.rda.go.kr/portal/menu6/board_lst1.do?m_id=3_19&m_mod=0&menuId=PS03449&pageIndex=9,html/064_PS03449_p9.html,농촌진흥청 농업인안전365,N,N
63f59734f9416f17,홍보,홍보성과,"농촌진흥청, 이달의 신간 - 「농업인과 비농업인의 질병 유병률 비교」",자료실 게시물,,,2025-04-30,https://farmer.rda.go.kr/portal/menu1/board_viw.do?menuId=PS03449&m_id=3_19&m_mod=90&bbsId=6&nttSn=700&num=0&pageIndex=9,,6:700,https://farmer.rda.go.kr/portal/menu6/board_lst1.do?m_id=3_19&m_mod=0&menuId=PS03449&pageIndex=9,html/064_PS03449_p9.html,농촌진흥청 농업인안전365,N,N
bcbaeb74b9a4c8e9,홍보,근골격계,"‘여성 ‧고령 농업인’ 유병률 높고, ‘근골격계질환’ 많아",자료실 게시물,,,2025-04-16,https://farmer.rda.go.kr/portal/menu1/board_viw.do?menuId=PS03449&m_id=3_19&m_mod=91&bbsId=6&nttSn=699&num=0&pageIndex=10,,6:699,https://farmer.rda.go.kr/portal/menu6/board_lst1.do?m_id=3_19&m_mod=0&menuId=PS03449&pageIndex=10,html/065_PS03449_p10.html,농촌진흥청 농업인안전365,N,N
690fd488f8fb7f09,홍보,근골격계,"‘여성 ‧고령 농업인’ 유병률 높고, ‘근골격계질환’ 많아",자료실 게시물,,,2025-04-16,https://farmer.rda.go.kr/portal/menu1/board_viw.do?menuId=PS03449&m_id=3_19&m_mod=92&bbsId=6&nttSn=698&num=0&pageIndex=10,,6:698,https://farmer.rda.go.kr/portal/menu6/board_lst1.do?m_id=3_19&m_mod=0&menuId=PS03449&pageIndex=10,html/065_PS03449_p10.html,농촌진흥청 농업인안전365,N,N
aaf668cb5a382c4f,홍보,뉴스모음집,"(뉴스1)""남편이 사라졌어요""…경찰, 자기 차량에 깔려 숨진 60대 발견",자료실 게시물,,,2025-03-19,https://farmer.rda.go.kr/portal/menu1/board_viw.do?menuId=PS03449&m_id=3_19&m_mod=93&bbsId=6&nttSn=697&num=0&pageIndex=10,,6:697,https://farmer.rda.go.kr/portal/menu6/board_lst1.do?m_id=3_19&m_mod=0&menuId=PS03449&pageIndex=10,html/065_PS03449_p10.html,농촌진흥청 농업인안전365,N,N
11b8f7d058f9e139,홍보,뉴스모음집,(뉴시스)혼자 사료 나르다 스키드로더에 깔린 70대…장흥 축사서 참변,자료실 게시물,,,2025-03-19,https://farmer.rda.go.kr/portal/menu1/board_viw.do?menuId=PS03449&m_id=3_19&m_mod=94&bbsId=6&nttSn=696&num=0&pageIndex=10,,6:696,https://farmer.rda.go.kr/portal/menu6/board_lst1.do?m_id=3_19&m_mod=0&menuId=PS03449&pageIndex=10,html/065_PS03449_p10.html,농촌진흥청 농업인안전365,N,N
a1c8faa1c53aed09,홍보,온열·한랭,"(더팩트) 금세기 말 폭염 5~9월 지속 가능성…기상청, 첫 폭염백서 발간",자료실 게시물,,,2025-03-05,https://farmer.rda.go.kr/portal/menu1/board_viw.do?menuId=PS03449&m_id=3_19&m_mod=95&bbsId=6&nttSn=695&num=0&pageIndex=10,,6:695,https://farmer.rda.go.kr/portal/menu6/board_lst1.do?m_id=3_19&m_mod=0&menuId=PS03449&pageIndex=10,html/065_PS03449_p10.html,농촌진흥청 농업인안전365,N,N
990b041ab25cbfe6,홍보,뉴스모음집,"(헤럴드경제) 고령군, 외국인계절근로자 75명 올해 첫 입국",자료실 게시물,,,2025-03-05,https://farmer.rda.go.kr/portal/menu1/board_viw.do?menuId=PS03449&m_id=3_19&m_mod=96&bbsId=6&nttSn=694&num=0&pageIndex=10,,6:694,https://farmer.rda.go.kr/portal/menu6/board_lst1.do?m_id=3_19&m_mod=0&menuId=PS03449&pageIndex=10,html/065_PS03449_p10.html,농촌진흥청 농업인안전365,N,N
6de423de8b9b9090,홍보,뉴스모음집,(연합뉴스) 장수 한 축사에서 지붕 교체하던 50대 떨어져 숨져,자료실 게시물,,,2025-03-05,https://farmer.rda.go.kr/portal/menu1/board_viw.do?menuId=PS03449&m_id=3_19&m_mod=97&bbsId=6&nttSn=693&num=0&pageIndex=10,,6:693,https://farmer.rda.go.kr/portal/menu6/board_lst1.do?m_id=3_19&m_mod=0&menuId=PS03449&pageIndex=10,html/065_PS03449_p10.html,농촌진흥청 농업인안전365,N,N
a815df9d53d963b4,홍보,온열·한랭,"(세이프티퍼스트닷뉴스) '온열질환 예방가이드' 권고 → 의무로 ,, 6월부터 온열질환 예방 위한 사업주 의무 법제화",자료실 게시물,,,2025-02-05,https://farmer.rda.go.kr/portal/menu1/board_viw.do?menuId=PS03449&m_id=3_19&m_mod=98&bbsId=6&nttSn=692&num=0&pageIndex=10,,6:692,https://farmer.rda.go.kr/portal/menu6/board_lst1.do?m_id=3_19&m_mod=0&menuId=PS03449&pageIndex=10,html/065_PS03449_p10.html,농촌진흥청 농업인안전365,N,N
127fba747a53667c,홍보,안전교육,"(농기자재신문) 농작업장 안전진단·조치 방법, 영상으로 쉽게 알려드려요!",자료실 게시물,,,2025-01-23,https://farmer.rda.go.kr/portal/menu1/board_viw.do?menuId=PS03449&m_id=3_19&m_mod=99&bbsId=6&nttSn=691&num=0&pageIndex=10,,6:691,https://farmer.rda.go.kr/portal/menu6/board_lst1.do?m_id=3_19&m_mod=0&menuId=PS03449&pageIndex=10,html/065_PS03449_p10.html,농촌진흥청 농업인안전365,N,N
1a15749e9160fc81,홍보,안전교육,(25년 1월) 농작업장 위험요인 자가점검 조치방법 영상으로 쉽게 알려드려요,자료실 게시물,,,2025-01-23,https://farmer.rda.go.kr/portal/menu1/board_viw.do?menuId=PS03449&m_id=3_19&m_mod=100&bbsId=6&nttSn=690&num=0&pageIndex=10,,6:690,https://farmer.rda.go.kr/portal/menu6/board_lst1.do?m_id=3_19&m_mod=0&menuId=PS03449&pageIndex=10,html/065_PS03449_p10.html,농촌진흥청 농업인안전365,N,N
5ba188bdfb498aa6,홍보,뉴스모음집,"(뉴스1) ""디지털 안전 모델 확산""…AI 기반 안전 서비스 지원",자료실 게시물,,,2025-01-03,https://farmer.rda.go.kr/portal/menu1/board_viw.do?menuId=PS03449&m_id=3_19&m_mod=101&bbsId=6&nttSn=689&num=0&pageIndex=11,,6:689,https://farmer.rda.go.kr/portal/menu6/board_lst1.do?m_id=3_19&m_mod=0&menuId=PS03449&pageIndex=11,html/066_PS03449_p11.html,농촌진흥청 농업인안전365,N,N
0e91924d6755a713,홍보,뉴스모음집,"(JIBS) “10월의 기적” 베트남 MZ들은 어떻게 얼어붙은 농가에 생기를 불어넣을까?.. “제주, 겨울 밭 일구러 왔어요”",자료실 게시물,,,2025-01-03,https://farmer.rda.go.kr/portal/menu1/board_viw.do?menuId=PS03449&m_id=3_19&m_mod=102&bbsId=6&nttSn=688&num=0&pageIndex=11,,6:688,https://farmer.rda.go.kr/portal/menu6/board_lst1.do?m_id=3_19&m_mod=0&menuId=PS03449&pageIndex=11,html/066_PS03449_p11.html,농촌진흥청 농업인안전365,N,N
3e4c9a0458378d5b,홍보,뉴스모음집,(매일경제) “의성 마늘농장선 80대가 12시간 밭일 합니다”…일손 소멸 이정도라니,자료실 게시물,,,2025-01-03,https://farmer.rda.go.kr/portal/menu1/board_viw.do?menuId=PS03449&m_id=3_19&m_mod=103&bbsId=6&nttSn=687&num=0&pageIndex=11,,6:687,https://farmer.rda.go.kr/portal/menu6/board_lst1.do?m_id=3_19&m_mod=0&menuId=PS03449&pageIndex=11,html/066_PS03449_p11.html,농촌진흥청 농업인안전365,N,N
e09305ee7db7f4d1,홍보,뉴스모음집,(SBS뉴스) 가스난로 켜고 자다가…비닐하우스서 외국인 노동자 참변,자료실 게시물,,,2025-01-03,https://farmer.rda.go.kr/portal/menu1/board_viw.do?menuId=PS03449&m_id=3_19&m_mod=104&bbsId=6&nttSn=686&num=0&pageIndex=11,,6:686,https://farmer.rda.go.kr/portal/menu6/board_lst1.do?m_id=3_19&m_mod=0&menuId=PS03449&pageIndex=11,html/066_PS03449_p11.html,농촌진흥청 농업인안전365,N,N
42eb3b87fd64fd35,홍보,뉴스모음집,(오마이뉴스) 축사 사료배합기에 신체 끼어 사망,자료실 게시물,,,2025-01-03,https://farmer.rda.go.kr/portal/menu1/board_viw.do?menuId=PS03449&m_id=3_19&m_mod=105&bbsId=6&nttSn=685&num=0&pageIndex=11,,6:685,https://farmer.rda.go.kr/portal/menu6/board_lst1.do?m_id=3_19&m_mod=0&menuId=PS03449&pageIndex=11,html/066_PS03449_p11.html,농촌진흥청 농업인안전365,N,N
f18779637b8db574,홍보,농기계,(한국경제) 추석 맞아 고향서 농사일 돕던 20대 여성…농기계 깔려 숨져,자료실 게시물,,,2025-01-03,https://farmer.rda.go.kr/portal/menu1/board_viw.do?menuId=PS03449&m_id=3_19&m_mod=106&bbsId=6&nttSn=684&num=0&pageIndex=11,,6:684,https://farmer.rda.go.kr/portal/menu6/board_lst1.do?m_id=3_19&m_mod=0&menuId=PS03449&pageIndex=11,html/066_PS03449_p11.html,농촌진흥청 농업인안전365,N,N
8804a587e0420ce6,홍보,농기계,"농진청 ""겨울철 농기계 관리, 영농철에 성능 좌우""",자료실 게시물,,,2024-12-02,https://farmer.rda.go.kr/portal/menu1/board_viw.do?menuId=PS03449&m_id=3_19&m_mod=107&bbsId=6&nttSn=683&num=0&pageIndex=11,,6:683,https://farmer.rda.go.kr/portal/menu6/board_lst1.do?m_id=3_19&m_mod=0&menuId=PS03449&pageIndex=11,html/066_PS03449_p11.html,농촌진흥청 농업인안전365,N,N
d025d6d3ea6ce7c6,홍보,농기계,"겨울철 농기계 관리, 영농철 농기계 성능 좌우",자료실 게시물,,,2024-12-02,https://farmer.rda.go.kr/portal/menu1/board_viw.do?menuId=PS03449&m_id=3_19&m_mod=108&bbsId=6&nttSn=682&num=0&pageIndex=11,,6:682,https://farmer.rda.go.kr/portal/menu6/board_lst1.do?m_id=3_19&m_mod=0&menuId=PS03449&pageIndex=11,html/066_PS03449_p11.html,농촌진흥청 농업인안전365,N,N
0db4aff3ed45d19a,홍보,보도자료,"농촌진흥청, 이달의 신간 - 알기 쉬운 농업인의 업무상 손상 발간",자료실 게시물,,,2024-11-19,https://farmer.rda.go.kr/portal/menu1/board_viw.do?menuId=PS03449&m_id=3_19&m_mod=109&bbsId=6&nttSn=681&num=0&pageIndex=11,,6:681,https://farmer.rda.go.kr/portal/menu6/board_lst1.do?m_id=3_19&m_mod=0&menuId=PS03449&pageIndex=11,html/066_PS03449_p11.html,농촌진흥청 농업인안전365,N,N
1ed678fc396fa5ee,홍보,농기계,“수확철 농기계 사고 주의 철저 당부”,자료실 게시물,,,2024-11-15,https://farmer.rda.go.kr/portal/menu1/board_viw.do?menuId=PS03449&m_id=3_19&m_mod=110&bbsId=6&nttSn=680&num=0&pageIndex=11,,6:680,https://farmer.rda.go.kr/portal/menu6/board_lst1.do?m_id=3_19&m_mod=0&menuId=PS03449&pageIndex=11,html/066_PS03449_p11.html,농촌진흥청 농업인안전365,N,N
c457606628b0cda8,홍보,활동소식,농업인 건강연구회 뉴스레터 2010년 8호,자료실 게시물,,,2011-01-19,https://farmer.rda.go.kr/portal/menu1/board_viw.do?menuId=PS03449&m_id=3_19&m_mod=781&bbsId=6&nttSn=622&num=0&pageIndex=79,,6:622,https://farmer.rda.go.kr/portal/menu6/board_lst1.do?m_id=3_19&m_mod=0&menuId=PS03449&pageIndex=79,html/067_PS03449_p79.html,농촌진흥청 농업인안전365,N,N
24f0f23666583d0b,홍보,활동소식,농업인 건강연구회 뉴스레터 2010년 7호,자료실 게시물,,,2011-01-19,https://farmer.rda.go.kr/portal/menu1/board_viw.do?menuId=PS03449&m_id=3_19&m_mod=782&bbsId=6&nttSn=623&num=0&pageIndex=79,,6:623,https://farmer.rda.go.kr/portal/menu6/board_lst1.do?m_id=3_19&m_mod=0&menuId=PS03449&pageIndex=79,html/067_PS03449_p79.html,농촌진흥청 농업인안전365,N,N
fcefb86d863c05ca,홍보,활동소식,농업인 건강연구회 뉴스레터 2010년 6호,자료실 게시물,,,2011-01-19,https://farmer.rda.go.kr/portal/menu1/board_viw.do?menuId=PS03449&m_id=3_19&m_mod=783&bbsId=6&nttSn=624&num=0&pageIndex=79,,6:624,https://farmer.rda.go.kr/portal/menu6/board_lst1.do?m_id=3_19&m_mod=0&menuId=PS03449&pageIndex=79,html/067_PS03449_p79.html,농촌진흥청 농업인안전365,N,N
9419dd75256f4492,홍보,활동소식,농업인 건강연구회 뉴스레터 2010년 5호,자료실 게시물,,,2011-01-19,https://farmer.rda.go.kr/portal/menu1/board_viw.do?menuId=PS03449&m_id=3_19&m_mod=784&bbsId=6&nttSn=625&num=0&pageIndex=79,,6:625,https://farmer.rda.go.kr/portal/menu6/board_lst1.do?m_id=3_19&m_mod=0&menuId=PS03449&pageIndex=79,html/067_PS03449_p79.html,농촌진흥청 농업인안전365,N,N
ff29cc60bb6eaa2e,홍보,활동소식,농업인 건강연구회 뉴스레터 2010년 4호,자료실 게시물,,,2011-01-19,https://farmer.rda.go.kr/portal/menu1/board_viw.do?menuId=PS03449&m_id=3_19&m_mod=785&bbsId=6&nttSn=626&num=0&pageIndex=79,,6:626,https://farmer.rda.go.kr/portal/menu6/board_lst1.do?m_id=3_19&m_mod=0&menuId=PS03449&pageIndex=79,html/067_PS03449_p79.html,농촌진흥청 농업인안전365,N,N
3d2f037065a568b7,홍보,활동소식,농업인 건강연구회 뉴스레터 2010년 3호,자료실 게시물,,,2011-01-19,https://farmer.rda.go.kr/portal/menu1/board_viw.do?menuId=PS03449&m_id=3_19&m_mod=786&bbsId=6&nttSn=627&num=0&pageIndex=79,,6:627,https://farmer.rda.go.kr/portal/menu6/board_lst1.do?m_id=3_19&m_mod=0&menuId=PS03449&pageIndex=79,html/067_PS03449_p79.html,농촌진흥청 농업인안전365,N,N
b12fc14868c35db6,홍보,활동소식,농업인 건강연구회 뉴스레터 2010년 2호,자료실 게시물,,,2011-01-19,https://farmer.rda.go.kr/portal/menu1/board_viw.do?menuId=PS03449&m_id=3_19&m_mod=787&bbsId=6&nttSn=628&num=0&pageIndex=79,,6:628,https://farmer.rda.go.kr/portal/menu6/board_lst1.do?m_id=3_19&m_mod=0&menuId=PS03449&pageIndex=79,html/067_PS03449_p79.html,농촌진흥청 농업인안전365,N,N
de0610fb82b0b730,홍보,활동소식,농업인 건강연구회 뉴스레터 2010년 1호,자료실 게시물,,,2011-01-19,https://farmer.rda.go.kr/portal/menu1/board_viw.do?menuId=PS03449&m_id=3_19&m_mod=788&bbsId=6&nttSn=629&num=0&pageIndex=79,,6:629,https://farmer.rda.go.kr/portal/menu6/board_lst1.do?m_id=3_19&m_mod=0&menuId=PS03449&pageIndex=79,html/067_PS03449_p79.html,농촌진흥청 농업인안전365,N,N
ad09a3d31c64d721,자료실,근골격계,농작업 하지 자세 위험수준에 대한 인간공학적 평가도구 개발,첨부파일,,,2015-02-05,https://farmer.rda.go.kr/portal/menu1/board_viw.do?menuId=PS03447&m_id=9004_9052&m_mod=0&bbsId=8&nttSn=220&num=111&pageIndex=12,https://farmer.rda.go.kr/portal/contentsFileDownload.do?atchFileGroupCd=A0001560&fileSn=1,8:220,https://farmer.rda.go.kr/portal/menu1/board_lst.do?m_id=9004_9052&m_mod=0&menuId=PS03447&pageIndex=12,html/068_PS03447_p12.html,농촌진흥청 농업인안전365,N,N
eb08f7bc92f1b5bc,자료실,발표자료,작업관련 사고와 질병 실태,첨부파일,,,2015-02-05,https://farmer.rda.go.kr/portal/menu1/board_viw.do?menuId=PS03447&m_id=9004_9052&m_mod=0&bbsId=8&nttSn=250&num=112&pageIndex=12,https://farmer.rda.go.kr/portal/contentsFileDownload.do?atchFileGroupCd=A0001590&fileSn=1,8:250,https://farmer.rda.go.kr/portal/menu1/board_lst.do?m_id=9004_9052&m_mod=0&menuId=PS03447&pageIndex=12,html/068_PS03447_p12.html,농촌진흥청 농업인안전365,N,N
156a0d51e9333774,자료실,발표자료,고령자와 유니버설 디자인,첨부파일,,,2015-02-05,https://farmer.rda.go.kr/portal/menu1/board_viw.do?menuId=PS03447&m_id=9004_9052&m_mod=0&bbsId=8&nttSn=194&num=113&pageIndex=12,https://farmer.rda.go.kr/portal/contentsFileDownload.do?atchFileGroupCd=A0001534&fileSn=1,8:194,https://farmer.rda.go.kr/portal/menu1/board_lst.do?m_id=9004_9052&m_mod=0&menuId=PS03447&pageIndex=12,html/068_PS03447_p12.html,농촌진흥청 농업인안전365,N,N
16a687ba80f2f8eb,자료실,발표자료,농업인 자살통계-직업분류에 따른 비교,첨부파일,,,2015-02-05,https://farmer.rda.go.kr/portal/menu1/board_viw.do?menuId=PS03447&m_id=9004_9052&m_mod=0&bbsId=8&nttSn=211&num=114&pageIndex=12,https://farmer.rda.go.kr/portal/contentsFileDownload.do?atchFileGroupCd=A0001551&fileSn=1,8:211,https://farmer.rda.go.kr/portal/menu1/board_lst.do?m_id=9004_9052&m_mod=0&menuId=PS03447&pageIndex=12,html/068_PS03447_p12.html,농촌진흥청 농업인안전365,N,N
f6b06f2ca97c0a51,자료실,발표자료,농작업을 디자인하다,첨부파일,,,2015-02-05,https://farmer.rda.go.kr/portal/menu1/board_viw.do?menuId=PS03447&m_id=9004_9052&m_mod=0&bbsId=8&nttSn=221&num=115&pageIndex=12,https://farmer.rda.go.kr/portal/contentsFileDownload.do?atchFileGroupCd=A0001561&fileSn=1,8:221,https://farmer.rda.go.kr/portal/menu1/board_lst.do?m_id=9004_9052&m_mod=0&menuId=PS03447&pageIndex=12,html/068_PS03447_p12.html,농촌진흥청 농업인안전365,N,N
5d160882f81fa48b,자료실,발표자료,농촌고령자와 Accessible Design,첨부파일,,,2015-02-05,https://farmer.rda.go.kr/portal/menu1/board_viw.do?menuId=PS03447&m_id=9004_9052&m_mod=0&bbsId=8&nttSn=223&num=116&pageIndex=12,https://farmer.rda.go.kr/portal/contentsFileDownload.do?atchFileGroupCd=A0001563&fileSn=1,8:223,https://farmer.rda.go.kr/portal/menu1/board_lst.do?m_id=9004_9052&m_mod=0&menuId=PS03447&pageIndex=12,html/068_PS03447_p12.html,농촌진흥청 농업인안전365,N,N
a75f35b3f0424459,자료실,발표자료,미국 농업안전보건센터,첨부파일,,,2015-02-05,https://farmer.rda.go.kr/portal/menu1/board_viw.do?menuId=PS03447&m_id=9004_9052&m_mod=0&bbsId=8&nttSn=229&num=117&pageIndex=12,https://farmer.rda.go.kr/portal/contentsFileDownload.do?atchFileGroupCd=A0001569&fileSn=1,8:229,https://farmer.rda.go.kr/portal/menu1/board_lst.do?m_id=9004_9052&m_mod=0&menuId=PS03447&pageIndex=12,html/068_PS03447_p12.html,농촌진흥청 농업인안전365,N,N
a18a0ad4ca8b8cc5,자료실,발표자료,유럽 농업인 재해보장제도 고찰,첨부파일,,,2015-02-05,https://farmer.rda.go.kr/portal/menu1/board_viw.do?menuId=PS03447&m_id=9004_9052&m_mod=0&bbsId=8&nttSn=241&num=118&pageIndex=12,https://farmer.rda.go.kr/portal/contentsFileDownload.do?atchFileGroupCd=A0001581&fileSn=1,8:241,https://farmer.rda.go.kr/portal/menu1/board_lst.do?m_id=9004_9052&m_mod=0&menuId=PS03447&pageIndex=12,html/068_PS03447_p12.html,농촌진흥청 농업인안전365,N,N
39437400e670efd8,자료실,농기계,인간공학과 농업기계설계기술 융합,첨부파일,,,2015-02-05,https://farmer.rda.go.kr/portal/menu1/board_viw.do?menuId=PS03447&m_id=9004_9052&m_mod=0&bbsId=8&nttSn=244&num=119&pageIndex=12,https://farmer.rda.go.kr/portal/contentsFileDownload.do?atchFileGroupCd=A0001584&fileSn=1,8:244,https://farmer.rda.go.kr/portal/menu1/board_lst.do?m_id=9004_9052&m_mod=0&menuId=PS03447&pageIndex=12,html/068_PS03447_p12.html,농촌진흥청 농업인안전365,N,N
9a8b9f9ec40505f3,자료실,발표자료,일부 한국 농업인의 방사선학적 요추 편팡화와 관련 요인,첨부파일,,,2015-02-05,https://farmer.rda.go.kr/portal/menu1/board_viw.do?menuId=PS03447&m_id=9004_9052&m_mod=0&bbsId=8&nttSn=249&num=120&pageIndex=12,https://farmer.rda.go.kr/portal/contentsFileDownload.do?atchFileGroupCd=A0001589&fileSn=1,8:249,https://farmer.rda.go.kr/portal/menu1/board_lst.do?m_id=9004_9052&m_mod=0&menuId=PS03447&pageIndex=12,html/068_PS03447_p12.html,농촌진흥청 농업인안전365,N,N
915ad33f7e18c3bd,자료실,응급대응,로직트리 분석을 통한 사고사례 원인분석 방법,첨부파일,,,2015-02-05,https://farmer.rda.go.kr/portal/menu1/board_viw.do?menuId=PS03447&m_id=9004_9052&m_mod=0&bbsId=8&nttSn=227&num=121&pageIndex=13,https://farmer.rda.go.kr/portal/contentsFileDownload.do?atchFileGroupCd=A0001567&fileSn=1,8:227,https://farmer.rda.go.kr/portal/menu1/board_lst.do?m_id=9004_9052&m_mod=0&menuId=PS03447&pageIndex=13,html/069_PS03447_p13.html,농촌진흥청 농업인안전365,N,N
7bc24b7bf1cd278a,자료실,발표자료,인간공학 분야의 접근성 설계관련 국제표준화 활동 동향,첨부파일,,,2015-02-05,https://farmer.rda.go.kr/portal/menu1/board_viw.do?menuId=PS03447&m_id=9004_9052&m_mod=0&bbsId=8&nttSn=243&num=122&pageIndex=13,https://farmer.rda.go.kr/portal/contentsFileDownload.do?atchFileGroupCd=A0001583&fileSn=1,8:243,https://farmer.rda.go.kr/portal/menu1/board_lst.do?m_id=9004_9052&m_mod=0&menuId=PS03447&pageIndex=13,html/069_PS03447_p13.html,농촌진흥청 농업인안전365,N,N
64429e335e966d70,자료실,발표자료,근로자건강실태를 통한 농업인 손상,첨부파일,,,2015-02-05,https://farmer.rda.go.kr/portal/menu1/board_viw.do?menuId=PS03447&m_id=9004_9052&m_mod=0&bbsId=8&nttSn=196&num=123&pageIndex=13,https://farmer.rda.go.kr/portal/contentsFileDownload.do?atchFileGroupCd=A0001536&fileSn=1,8:196,https://farmer.rda.go.kr/portal/menu1/board_lst.do?m_id=9004_9052&m_mod=0&menuId=PS03447&pageIndex=13,html/069_PS03447_p13.html,농촌진흥청 농업인안전365,N,N
3c1c7f5293e2cab1,자료실,발표자료,설문조사를 통한 농업인 조사통계 현황,첨부파일,,,2015-02-05,https://farmer.rda.go.kr/portal/menu1/board_viw.do?menuId=PS03447&m_id=9004_9052&m_mod=0&bbsId=8&nttSn=235&num=124&pageIndex=13,https://farmer.rda.go.kr/portal/contentsFileDownload.do?atchFileGroupCd=A0001575&fileSn=1,8:235,https://farmer.rda.go.kr/portal/menu1/board_lst.do?m_id=9004_9052&m_mod=0&menuId=PS03447&pageIndex=13,html/069_PS03447_p13.html,농촌진흥청 농업인안전365,N,N
911de54c84cc8096,자료실,발표자료,외국의 손상통계기반 농업인 손상,첨부파일,,,2015-02-05,https://farmer.rda.go.kr/portal/menu1/board_viw.do?menuId=PS03447&m_id=9004_9052&m_mod=0&bbsId=8&nttSn=239&num=125&pageIndex=13,https://farmer.rda.go.kr/portal/contentsFileDownload.do?atchFileGroupCd=A0001579&fileSn=1,8:239,https://farmer.rda.go.kr/portal/menu1/board_lst.do?m_id=9004_9052&m_mod=0&menuId=PS03447&pageIndex=13,html/069_PS03447_p13.html,농촌진흥청 농업인안전365,N,N
942583a903e9afb8,자료실,발표자료,미국 농업안전보건센터의 운영 현황,첨부파일,,,2015-02-05,https://farmer.rda.go.kr/portal/menu1/board_viw.do?menuId=PS03447&m_id=9004_9052&m_mod=0&bbsId=8&nttSn=230&num=126&pageIndex=13,https://farmer.rda.go.kr/portal/contentsFileDownload.do?atchFileGroupCd=A0001570&fileSn=1,8:230,https://farmer.rda.go.kr/portal/menu1/board_lst.do?m_id=9004_9052&m_mod=0&menuId=PS03447&pageIndex=13,html/069_PS03447_p13.html,농촌진흥청 농업인안전365,N,N
95284234ca4df96a,자료실,감염·생물학적 위험,인수공통 감염병의 역사와 현황,첨부파일,,,2015-02-05,https://farmer.rda.go.kr/portal/menu1/board_viw.do?menuId=PS03447&m_id=9004_9052&m_mod=0&bbsId=8&nttSn=246&num=127&pageIndex=13,https://farmer.rda.go.kr/portal/contentsFileDownload.do?atchFileGroupCd=A0001586&fileSn=1,8:246,https://farmer.rda.go.kr/portal/menu1/board_lst.do?m_id=9004_9052&m_mod=0&menuId=PS03447&pageIndex=13,html/069_PS03447_p13.html,농촌진흥청 농업인안전365,N,N
fcf9859db9543204,자료실,발표자료,산업안전보건법과 농업,첨부파일,,,2015-02-05,https://farmer.rda.go.kr/portal/menu1/board_viw.do?menuId=PS03447&m_id=9004_9052&m_mod=0&bbsId=8&nttSn=233&num=128&pageIndex=13,https://farmer.rda.go.kr/portal/contentsFileDownload.do?atchFileGroupCd=A0001573&fileSn=1,8:233,https://farmer.rda.go.kr/portal/menu1/board_lst.do?m_id=9004_9052&m_mod=0&menuId=PS03447&pageIndex=13,html/069_PS03447_p13.html,농촌진흥청 농업인안전365,N,N
1f9a5fc25fd39576,자료실,발표자료,유럽 등 국외 농업안전보건 정책과제 동향,첨부파일,,,2015-02-05,https://farmer.rda.go.kr/portal/menu1/board_viw.do?menuId=PS03447&m_id=9004_9052&m_mod=0&bbsId=8&nttSn=242&num=129&pageIndex=13,https://farmer.rda.go.kr/portal/contentsFileDownload.do?atchFileGroupCd=A0001582&fileSn=1,8:242,https://farmer.rda.go.kr/portal/menu1/board_lst.do?m_id=9004_9052&m_mod=0&menuId=PS03447&pageIndex=13,html/069_PS03447_p13.html,농촌진흥청 농업인안전365,N,N
4e709b2af17d33cf,자료실,농약·화학물질,농약 노출평가 방법과 사례,첨부파일,,,2015-02-05,https://farmer.rda.go.kr/portal/menu1/board_viw.do?menuId=PS03447&m_id=9004_9052&m_mod=0&bbsId=8&nttSn=198&num=130&pageIndex=13,https://farmer.rda.go.kr/portal/contentsFileDownload.do?atchFileGroupCd=A0001538&fileSn=1,8:198,https://farmer.rda.go.kr/portal/menu1/board_lst.do?m_id=9004_9052&m_mod=0&menuId=PS03447&pageIndex=13,html/069_PS03447_p13.html,농촌진흥청 농업인안전365,N,N
08ce9b2a81dee9fb,자료실,발표자료,삽의 인간공학적 연구,첨부파일,,,2015-02-05,https://farmer.rda.go.kr/portal/menu1/board_viw.do?menuId=PS03447&m_id=9004_9052&m_mod=0&bbsId=8&nttSn=234&num=131&pageIndex=14,https://farmer.rda.go.kr/portal/contentsFileDownload.do?atchFileGroupCd=A0001574&fileSn=1,8:234,https://farmer.rda.go.kr/portal/menu1/board_lst.do?m_id=9004_9052&m_mod=0&menuId=PS03447&pageIndex=14,html/070_PS03447_p14.html,농촌진흥청 농업인안전365,N,N
cebac3d76b2fa706,자료실,발표자료,인간공학적 개입을 위한 넛지,첨부파일,,,2015-02-05,https://farmer.rda.go.kr/portal/menu1/board_viw.do?menuId=PS03447&m_id=9004_9052&m_mod=0&bbsId=8&nttSn=245&num=132&pageIndex=14,https://farmer.rda.go.kr/portal/contentsFileDownload.do?atchFileGroupCd=A0001585&fileSn=1,8:245,https://farmer.rda.go.kr/portal/menu1/board_lst.do?m_id=9004_9052&m_mod=0&menuId=PS03447&pageIndex=14,html/070_PS03447_p14.html,농촌진흥청 농업인안전365,N,N
978c971fbb4ab082,자료실,발표자료,농작업 안전보건연구의 변화와 발전방안,첨부파일,,,2015-02-05,https://farmer.rda.go.kr/portal/menu1/board_viw.do?menuId=PS03447&m_id=9004_9052&m_mod=0&bbsId=8&nttSn=217&num=133&pageIndex=14,https://farmer.rda.go.kr/portal/contentsFileDownload.do?atchFileGroupCd=A0001557&fileSn=1,8:217,https://farmer.rda.go.kr/portal/menu1/board_lst.do?m_id=9004_9052&m_mod=0&menuId=PS03447&pageIndex=14,html/070_PS03447_p14.html,농촌진흥청 농업인안전365,N,N
0df8fe509fb10378,자료실,농약·화학물질,농약의 건강영향 평가연구의 발전방향,첨부파일,,,2015-02-05,https://farmer.rda.go.kr/portal/menu1/board_viw.do?menuId=PS03447&m_id=9004_9052&m_mod=0&bbsId=8&nttSn=202&num=134&pageIndex=14,https://farmer.rda.go.kr/portal/contentsFileDownload.do?atchFileGroupCd=A0001542&fileSn=1,8:202,https://farmer.rda.go.kr/portal/menu1/board_lst.do?m_id=9004_9052&m_mod=0&menuId=PS03447&pageIndex=14,html/070_PS03447_p14.html,농촌진흥청 농업인안전365,N,N
4125f3617e514d85,자료실,발표자료,농축산업 질식재해 예방대책,첨부파일,,,2015-02-05,https://farmer.rda.go.kr/portal/menu1/board_viw.do?menuId=PS03447&m_id=9004_9052&m_mod=0&bbsId=8&nttSn=224&num=135&pageIndex=14,https://farmer.rda.go.kr/portal/contentsFileDownload.do?atchFileGroupCd=A0001564&fileSn=1,8:224,https://farmer.rda.go.kr/portal/menu1/board_lst.do?m_id=9004_9052&m_mod=0&menuId=PS03447&pageIndex=14,html/070_PS03447_p14.html,농촌진흥청 농업인안전365,N,N
b6e2e0610b9da8e8,자료실,발표자료,작업자 보호를 위한 보호의복,첨부파일,,,2015-02-05,https://farmer.rda.go.kr/portal/menu1/board_viw.do?menuId=PS03447&m_id=9004_9052&m_mod=0&bbsId=8&nttSn=252&num=136&pageIndex=14,https://farmer.rda.go.kr/portal/contentsFileDownload.do?atchFileGroupCd=A0001592&fileSn=1,8:252,https://farmer.rda.go.kr/portal/menu1/board_lst.do?m_id=9004_9052&m_mod=0&menuId=PS03447&pageIndex=14,html/070_PS03447_p14.html,농촌진흥청 농업인안전365,N,N
072ec51b25911239,자료실,발표자료,고령자를 위한 농작업편이장비 설계지침,첨부파일,,,2015-02-05,https://farmer.rda.go.kr/portal/menu1/board_viw.do?menuId=PS03447&m_id=9004_9052&m_mod=0&bbsId=8&nttSn=193&num=137&pageIndex=14,https://farmer.rda.go.kr/portal/contentsFileDownload.do?atchFileGroupCd=A0001533&fileSn=1,8:193,https://farmer.rda.go.kr/portal/menu1/board_lst.do?m_id=9004_9052&m_mod=0&menuId=PS03447&pageIndex=14,html/070_PS03447_p14.html,농촌진흥청 농업인안전365,N,N
ffbdad91792f754c,자료실,발표자료,한국 농업인의 농작업 관련 안전보건 실태,첨부파일,,,2015-02-05,https://farmer.rda.go.kr/portal/menu1/board_viw.do?menuId=PS03447&m_id=9004_9052&m_mod=0&bbsId=8&nttSn=256&num=138&pageIndex=14,https://farmer.rda.go.kr/portal/contentsFileDownload.do?atchFileGroupCd=A0001596&fileSn=1,8:256,https://farmer.rda.go.kr/portal/menu1/board_lst.do?m_id=9004_9052&m_mod=0&menuId=PS03447&pageIndex=14,html/070_PS03447_p14.html,농촌진흥청 농업인안전365,N,N
f96375fb0b756dcb,자료실,농약·화학물질,"호흡보호구의 이해와 정화통 사용수명 예측, 밀착검사 실습(정회명 부장, 한국 3M 주식회사)",첨부파일,,,2014-04-01,https://farmer.rda.go.kr/portal/menu1/board_viw.do?menuId=PS03447&m_id=9004_9052&m_mod=0&bbsId=8&nttSn=2&num=139&pageIndex=14,https://farmer.rda.go.kr/portal/contentsFileDownload.do?atchFileGroupCd=A0000748&fileSn=1,8:2,https://farmer.rda.go.kr/portal/menu1/board_lst.do?m_id=9004_9052&m_mod=0&menuId=PS03447&pageIndex=14,html/070_PS03447_p14.html,농촌진흥청 농업인안전365,N,N
805224c26e0d45f4,자료실,농약·화학물질,"농약방제작업을 위한 호흡보호구의 이해(한돈희 교수, 인제대학교)",첨부파일,,,2014-04-01,https://farmer.rda.go.kr/portal/menu1/board_viw.do?menuId=PS03447&m_id=9004_9052&m_mod=0&bbsId=8&nttSn=3&num=140&pageIndex=14,https://farmer.rda.go.kr/portal/contentsFileDownload.do?atchFileGroupCd=A0000749&fileSn=1,8:3,https://farmer.rda.go.kr/portal/menu1/board_lst.do?m_id=9004_9052&m_mod=0&menuId=PS03447&pageIndex=14,html/070_PS03447_p14.html,농촌진흥청 농업인안전365,N,N
9726214b5b9d49fd,자료실,기타,"일본의 농업안전보건관리 현황(임상혁, 경기도농작업안전사업단장)",첨부파일,,,2014-03-04,https://farmer.rda.go.kr/portal/menu1/board_viw.do?menuId=PS03447&m_id=9004_9052&m_mod=0&bbsId=8&nttSn=4&num=141&pageIndex=15,https://farmer.rda.go.kr/portal/contentsFileDownload.do?atchFileGroupCd=A0000750&fileSn=1,8:4,https://farmer.rda.go.kr/portal/menu1/board_lst.do?m_id=9004_9052&m_mod=0&menuId=PS03447&pageIndex=15,html/071_PS03447_p15.html,농촌진흥청 농업인안전365,N,N
45319fc507a32219,자료실,기타,돼지사육 작업자에 대한 먼지와 독성 매개면역 변경(허 용 교수 대구카톨릭대학교),첨부파일,,,2014-01-02,https://farmer.rda.go.kr/portal/menu1/board_viw.do?menuId=PS03447&m_id=9004_9052&m_mod=0&bbsId=8&nttSn=5&num=142&pageIndex=15,https://farmer.rda.go.kr/portal/contentsFileDownload.do?atchFileGroupCd=A0000751&fileSn=1,8:5,https://farmer.rda.go.kr/portal/menu1/board_lst.do?m_id=9004_9052&m_mod=0&menuId=PS03447&pageIndex=15,html/071_PS03447_p15.html,농촌진흥청 농업인안전365,N,N
9986e5160e396aad,자료실,기타,핀란드 농업인의 직업적 건강과 안전(Kimmo Rasanen 교수 동핀란드대학교),첨부파일,,,2014-01-02,https://farmer.rda.go.kr/portal/menu1/board_viw.do?menuId=PS03447&m_id=9004_9052&m_mod=0&bbsId=8&nttSn=6&num=143&pageIndex=15,https://farmer.rda.go.kr/portal/contentsFileDownload.do?atchFileGroupCd=A0000752&fileSn=1,8:6,https://farmer.rda.go.kr/portal/menu1/board_lst.do?m_id=9004_9052&m_mod=0&menuId=PS03447&pageIndex=15,html/071_PS03447_p15.html,농촌진흥청 농업인안전365,N,N
8d7cbb34cc9da924,자료실,근골격계,"과수 농업인의 상지 근골격계 질환(박기수 교수, 경남농업안전보건센터)",첨부파일,,,2013-11-28,https://farmer.rda.go.kr/portal/menu1/board_viw.do?menuId=PS03447&m_id=9004_9052&m_mod=0&bbsId=8&nttSn=7&num=144&pageIndex=15,https://farmer.rda.go.kr/portal/contentsFileDownload.do?atchFileGroupCd=A0000753&fileSn=1,8:7,https://farmer.rda.go.kr/portal/menu1/board_lst.do?m_id=9004_9052&m_mod=0&menuId=PS03447&pageIndex=15,html/071_PS03447_p15.html,농촌진흥청 농업인안전365,N,N
dce89923e85dcd81,자료실,근골격계,"농업인의 허리 질환(백소라 교수, 강원농업안전보건센터)",첨부파일,,,2013-11-28,https://farmer.rda.go.kr/portal/menu1/board_viw.do?menuId=PS03447&m_id=9004_9052&m_mod=0&bbsId=8&nttSn=8&num=145&pageIndex=15,https://farmer.rda.go.kr/portal/contentsFileDownload.do?atchFileGroupCd=A0000754&fileSn=1,8:8,https://farmer.rda.go.kr/portal/menu1/board_lst.do?m_id=9004_9052&m_mod=0&menuId=PS03447&pageIndex=15,html/071_PS03447_p15.html,농촌진흥청 농업인안전365,N,N
384dec766129cb62,자료실,근골격계,"농업인 무릎골관절염 질환(이철갑 교수, 전남농업안전보건센터)",첨부파일,,,2013-11-28,https://farmer.rda.go.kr/portal/menu1/board_viw.do?menuId=PS03447&m_id=9004_9052&m_mod=0&bbsId=8&nttSn=9&num=146&pageIndex=15,https://farmer.rda.go.kr/portal/contentsFileDownload.do?atchFileGroupCd=A0000755&fileSn=1,8:9,https://farmer.rda.go.kr/portal/menu1/board_lst.do?m_id=9004_9052&m_mod=0&menuId=PS03447&pageIndex=15,html/071_PS03447_p15.html,농촌진흥청 농업인안전365,N,N
2c53854c4d7c43bc,자료실,기타,"작업장 건강안전기준 현황(이관석, 홍익대학교)",자료실 게시물,,,2013-09-17,https://farmer.rda.go.kr/portal/menu1/board_viw.do?menuId=PS03447&m_id=9004_9052&m_mod=0&bbsId=8&nttSn=10&num=147&pageIndex=15,,8:10,https://farmer.rda.go.kr/portal/menu1/board_lst.do?m_id=9004_9052&m_mod=0&menuId=PS03447&pageIndex=15,html/071_PS03447_p15.html,농촌진흥청 농업인안전365,N,N
5998eaf819302f59,자료실,기타,"직업성 폐질환관련 유해요인의 연구동향(곽현석, 직업성폐질환연구소)",자료실 게시물,,,2013-09-17,https://farmer.rda.go.kr/portal/menu1/board_viw.do?menuId=PS03447&m_id=9004_9052&m_mod=0&bbsId=8&nttSn=11&num=148&pageIndex=15,,8:11,https://farmer.rda.go.kr/portal/menu1/board_lst.do?m_id=9004_9052&m_mod=0&menuId=PS03447&pageIndex=15,html/071_PS03447_p15.html,농촌진흥청 농업인안전365,N,N
b9f7319dbe8075bf,자료실,기타,"작업안전도 향상을 위한 유도 보정 장치의 3D 모델 개발 (홍지향, 서울대학교)",자료실 게시물,,,2013-09-17,https://farmer.rda.go.kr/portal/menu1/board_viw.do?menuId=PS03447&m_id=9004_9052&m_mod=0&bbsId=8&nttSn=12&num=149&pageIndex=15,,8:12,https://farmer.rda.go.kr/portal/menu1/board_lst.do?m_id=9004_9052&m_mod=0&menuId=PS03447&pageIndex=15,html/071_PS03447_p15.html,농촌진흥청 농업인안전365,N,N
5b82d815ccdeae77,자료실,작업환경,"밀폐 작업장에서의 사고 원인 및 예방 방안 (강태선, 서울대학교)",자료실 게시물,,,2013-09-17,https://farmer.rda.go.kr/portal/menu1/board_viw.do?menuId=PS03447&m_id=9004_9052&m_mod=0&bbsId=8&nttSn=13&num=150&pageIndex=15,,8:13,https://farmer.rda.go.kr/portal/menu1/board_lst.do?m_id=9004_9052&m_mod=0&menuId=PS03447&pageIndex=15,html/071_PS03447_p15.html,농촌진흥청 농업인안전365,N,N
e253934b0c50178e,자료실,작업환경,"온실 내 살포된 chlorpyrifos의 상분포 (김승원, 계명대학교)",자료실 게시물,,,2013-09-17,https://farmer.rda.go.kr/portal/menu1/board_viw.do?menuId=PS03447&m_id=9004_9052&m_mod=0&bbsId=8&nttSn=14&num=151&pageIndex=16,,8:14,https://farmer.rda.go.kr/portal/menu1/board_lst.do?m_id=9004_9052&m_mod=0&menuId=PS03447&pageIndex=16,html/072_PS03447_p16.html,농촌진흥청 농업인안전365,N,N
716a89d72a635c79,자료실,기타,"농촌 고령자를 위한 신발의 설계 (김정수, 산업안전보건연구원)",자료실 게시물,,,2013-09-17,https://farmer.rda.go.kr/portal/menu1/board_viw.do?menuId=PS03447&m_id=9004_9052&m_mod=0&bbsId=8&nttSn=15&num=152&pageIndex=16,,8:15,https://farmer.rda.go.kr/portal/menu1/board_lst.do?m_id=9004_9052&m_mod=0&menuId=PS03447&pageIndex=16,html/072_PS03447_p16.html,농촌진흥청 농업인안전365,N,N
26048487fbcf9d2c,자료실,기타,"농작업안전보건 개선을 위한 Participatory Mapping의 개발과 적용 (김진석, 구미 순천향대학교)",자료실 게시물,,,2013-04-16,https://farmer.rda.go.kr/portal/menu1/board_viw.do?menuId=PS03447&m_id=9004_9052&m_mod=0&bbsId=8&nttSn=16&num=153&pageIndex=16,,8:16,https://farmer.rda.go.kr/portal/menu1/board_lst.do?m_id=9004_9052&m_mod=0&menuId=PS03447&pageIndex=16,html/072_PS03447_p16.html,농촌진흥청 농업인안전365,N,N
bcc9fdde61d92696,자료실,기타,"담배작업자의 니코틴 노출 (김효철, 농촌진흥청)",첨부파일,,,2013-04-16,https://farmer.rda.go.kr/portal/menu1/board_viw.do?menuId=PS03447&m_id=9004_9052&m_mod=0&bbsId=8&nttSn=17&num=154&pageIndex=16,https://farmer.rda.go.kr/portal/contentsFileDownload.do?atchFileGroupCd=A0000756&fileSn=1,8:17,https://farmer.rda.go.kr/portal/menu1/board_lst.do?m_id=9004_9052&m_mod=0&menuId=PS03447&pageIndex=16,html/072_PS03447_p16.html,농촌진흥청 농업인안전365,N,N
55149b1ffd9128b5,자료실,기타,"여성근로자의 건강장애 예방 (정혜선, 카톨릭대학교)",첨부파일,,,2013-04-16,https://farmer.rda.go.kr/portal/menu1/board_viw.do?menuId=PS03447&m_id=9004_9052&m_mod=0&bbsId=8&nttSn=18&num=155&pageIndex=16,https://farmer.rda.go.kr/portal/contentsFileDownload.do?atchFileGroupCd=A0000757&fileSn=1,8:18,https://farmer.rda.go.kr/portal/menu1/board_lst.do?m_id=9004_9052&m_mod=0&menuId=PS03447&pageIndex=16,html/072_PS03447_p16.html,농촌진흥청 농업인안전365,N,N
bf4706fd14c685c1,자료실,기타,"농업인의 우울증과 신체활동 장애의 관련성 (박기수 교수, 경상대학교)",첨부파일,,,2013-04-16,https://farmer.rda.go.kr/portal/menu1/board_viw.do?menuId=PS03447&m_id=9004_9052&m_mod=0&bbsId=8&nttSn=19&num=156&pageIndex=16,https://farmer.rda.go.kr/portal/contentsFileDownload.do?atchFileGroupCd=A0000758&fileSn=1,8:19,https://farmer.rda.go.kr/portal/menu1/board_lst.do?m_id=9004_9052&m_mod=0&menuId=PS03447&pageIndex=16,html/072_PS03447_p16.html,농촌진흥청 농업인안전365,N,N
582ff5aebf8d3067,자료실,기타,"고령자를 위한 편이장비 설계가이드 (손병창 교수, 나사렛대학교)",첨부파일,,,2013-04-16,https://farmer.rda.go.kr/portal/menu1/board_viw.do?menuId=PS03447&m_id=9004_9052&m_mod=0&bbsId=8&nttSn=20&num=157&pageIndex=16,https://farmer.rda.go.kr/portal/contentsFileDownload.do?atchFileGroupCd=A0000759&fileSn=1,8:20,https://farmer.rda.go.kr/portal/menu1/board_lst.do?m_id=9004_9052&m_mod=0&menuId=PS03447&pageIndex=16,html/072_PS03447_p16.html,농촌진흥청 농업인안전365,N,N
40db940a81be3639,자료실,기타,"한국 농업인의 농작업 관련 안전보건 실태 (이수진 교수, 한양대학교)",첨부파일,,,2013-04-16,https://farmer.rda.go.kr/portal/menu1/board_viw.do?menuId=PS03447&m_id=9004_9052&m_mod=0&bbsId=8&nttSn=21&num=158&pageIndex=16,https://farmer.rda.go.kr/portal/contentsFileDownload.do?atchFileGroupCd=A0000760&fileSn=1,8:21,https://farmer.rda.go.kr/portal/menu1/board_lst.do?m_id=9004_9052&m_mod=0&menuId=PS03447&pageIndex=16,html/072_PS03447_p16.html,농촌진흥청 농업인안전365,N,N
2bc94beb5fc854cf,자료실,기타,"작업자 보호를 위한 보호의복 (이주영 교수, 서울대학교)",첨부파일,,,2013-04-16,https://farmer.rda.go.kr/portal/menu1/board_viw.do?menuId=PS03447&m_id=9004_9052&m_mod=0&bbsId=8&nttSn=22&num=159&pageIndex=16,https://farmer.rda.go.kr/portal/contentsFileDownload.do?atchFileGroupCd=A0000761&fileSn=1,8:22,https://farmer.rda.go.kr/portal/menu1/board_lst.do?m_id=9004_9052&m_mod=0&menuId=PS03447&pageIndex=16,html/072_PS03447_p16.html,농촌진흥청 농업인안전365,N,N
2127321762af2332,자료실,기타,"농축산업 질식재해 예방대책 (김증호 팀장, 한국산업안전보건공단)",첨부파일,,,2013-04-16,https://farmer.rda.go.kr/portal/menu1/board_viw.do?menuId=PS03447&m_id=9004_9052&m_mod=0&bbsId=8&nttSn=23&num=160&pageIndex=16,https://farmer.rda.go.kr/portal/contentsFileDownload.do?atchFileGroupCd=A0000762&fileSn=1,8:23,https://farmer.rda.go.kr/portal/menu1/board_lst.do?m_id=9004_9052&m_mod=0&menuId=PS03447&pageIndex=16,html/072_PS03447_p16.html,농촌진흥청 농업인안전365,N,N
93355d6e54e6c6de,자료실,농약·화학물질,"농약의 건강영향평가 연구의 발전방향(이윤근, 노동환경건강연구소)",첨부파일,,,2012-06-04,https://farmer.rda.go.kr/portal/menu1/board_viw.do?menuId=PS03447&m_id=9004_9052&m_mod=0&bbsId=8&nttSn=24&num=161&pageIndex=17,https://farmer.rda.go.kr/portal/contentsFileDownload.do?atchFileGroupCd=A0000763&fileSn=1,8:24,https://farmer.rda.go.kr/portal/menu1/board_lst.do?m_id=9004_9052&m_mod=0&menuId=PS03447&pageIndex=17,html/073_PS03447_p17.html,농촌진흥청 농업인안전365,N,N
3a5f8d0b118564b4,자료실,기타,"농작업 안전보건연구의 변화와 발전방안(이경숙, 농촌진흥청)",첨부파일,,,2012-06-04,https://farmer.rda.go.kr/portal/menu1/board_viw.do?menuId=PS03447&m_id=9004_9052&m_mod=0&bbsId=8&nttSn=25&num=162&pageIndex=17,https://farmer.rda.go.kr/portal/contentsFileDownload.do?atchFileGroupCd=A0000764&fileSn=1,8:25,https://farmer.rda.go.kr/portal/menu1/board_lst.do?m_id=9004_9052&m_mod=0&menuId=PS03447&pageIndex=17,html/073_PS03447_p17.html,농촌진흥청 농업인안전365,N,N
c68bb1608de24e34,자료실,기타,"삽의 인간공학적 연구 (이관석, 홍익대학교)",첨부파일,,,2012-06-04,https://farmer.rda.go.kr/portal/menu1/board_viw.do?menuId=PS03447&m_id=9004_9052&m_mod=0&bbsId=8&nttSn=26&num=163&pageIndex=17,https://farmer.rda.go.kr/portal/contentsFileDownload.do?atchFileGroupCd=A0000765&fileSn=1,8:26,https://farmer.rda.go.kr/portal/menu1/board_lst.do?m_id=9004_9052&m_mod=0&menuId=PS03447&pageIndex=17,html/073_PS03447_p17.html,농촌진흥청 농업인안전365,N,N
f3ba0714b38c8b00,자료실,기타,"인간공학적 개입을 위한 넛지 (장지홍 교수님, 중원대학교)",첨부파일,,,2012-06-04,https://farmer.rda.go.kr/portal/menu1/board_viw.do?menuId=PS03447&m_id=9004_9052&m_mod=0&bbsId=8&nttSn=27&num=164&pageIndex=17,https://farmer.rda.go.kr/portal/contentsFileDownload.do?atchFileGroupCd=A0000766&fileSn=1,8:27,https://farmer.rda.go.kr/portal/menu1/board_lst.do?m_id=9004_9052&m_mod=0&menuId=PS03447&pageIndex=17,html/073_PS03447_p17.html,농촌진흥청 농업인안전365,N,N
01d49f0e7341e24b,자료실,농약·화학물질,"농약노출지수 평가방법과 사례 (이윤근 연구원, 노동환경건강연구소)",첨부파일,,,2012-06-04,https://farmer.rda.go.kr/portal/menu1/board_viw.do?menuId=PS03447&m_id=9004_9052&m_mod=0&bbsId=8&nttSn=28&num=165&pageIndex=17,https://farmer.rda.go.kr/portal/contentsFileDownload.do?atchFileGroupCd=A0000767&fileSn=1,8:28,https://farmer.rda.go.kr/portal/menu1/board_lst.do?m_id=9004_9052&m_mod=0&menuId=PS03447&pageIndex=17,html/073_PS03447_p17.html,농촌진흥청 농업인안전365,N,N
dad841e39c30e545,자료실,기타,"유럽 등 국외 농업안전보건 정책과제 동향 (이경숙 연구관, 농촌진흥청)",첨부파일,,,2012-06-04,https://farmer.rda.go.kr/portal/menu1/board_viw.do?menuId=PS03447&m_id=9004_9052&m_mod=0&bbsId=8&nttSn=29&num=166&pageIndex=17,https://farmer.rda.go.kr/portal/contentsFileDownload.do?atchFileGroupCd=A0000768&fileSn=1,8:29,https://farmer.rda.go.kr/portal/menu1/board_lst.do?m_id=9004_9052&m_mod=0&menuId=PS03447&pageIndex=17,html/073_PS03447_p17.html,농촌진흥청 농업인안전365,N,N
9e3cd485bc95acd6,자료실,기타,"산업안전보건법과 농업 (강태선 연구원, 서울대)",첨부파일,,,2012-06-04,https://farmer.rda.go.kr/portal/menu1/board_viw.do?menuId=PS03447&m_id=9004_9052&m_mod=0&bbsId=8&nttSn=30&num=167&pageIndex=17,https://farmer.rda.go.kr/portal/contentsFileDownload.do?atchFileGroupCd=A0000769&fileSn=1,8:30,https://farmer.rda.go.kr/portal/menu1/board_lst.do?m_id=9004_9052&m_mod=0&menuId=PS03447&pageIndex=17,html/073_PS03447_p17.html,농촌진흥청 농업인안전365,N,N
3a787e8c8e07f0b4,자료실,기타,"미국 농업안전보건센터의 운영 현황 (김효철, 농촌진흥청)",첨부파일,,,2012-01-30,https://farmer.rda.go.kr/portal/menu1/board_viw.do?menuId=PS03447&m_id=9004_9052&m_mod=0&bbsId=8&nttSn=31&num=168&pageIndex=17,https://farmer.rda.go.kr/portal/contentsFileDownload.do?atchFileGroupCd=A0000770&fileSn=1,8:31,https://farmer.rda.go.kr/portal/menu1/board_lst.do?m_id=9004_9052&m_mod=0&menuId=PS03447&pageIndex=17,html/073_PS03447_p17.html,농촌진흥청 농업인안전365,N,N
8c74fbb4e5e1f276,자료실,감염·생물학적 위험,"인수공통 감염병의 역사와 현황 (임현술, 동국대)",첨부파일,,,2012-01-30,https://farmer.rda.go.kr/portal/menu1/board_viw.do?menuId=PS03447&m_id=9004_9052&m_mod=0&bbsId=8&nttSn=32&num=169&pageIndex=17,https://farmer.rda.go.kr/portal/contentsFileDownload.do?atchFileGroupCd=A0000771&fileSn=1,8:32,https://farmer.rda.go.kr/portal/menu1/board_lst.do?m_id=9004_9052&m_mod=0&menuId=PS03447&pageIndex=17,html/073_PS03447_p17.html,농촌진흥청 농업인안전365,N,N
a9f2de7749f17a2c,자료실,기타,"설문조사를 통한 농업인조사통계 (윤간우, 원진녹색병원)",첨부파일,,,2012-01-30,https://farmer.rda.go.kr/portal/menu1/board_viw.do?menuId=PS03447&m_id=9004_9052&m_mod=0&bbsId=8&nttSn=33&num=170&pageIndex=17,https://farmer.rda.go.kr/portal/contentsFileDownload.do?atchFileGroupCd=A0000772&fileSn=1,8:33,https://farmer.rda.go.kr/portal/menu1/board_lst.do?m_id=9004_9052&m_mod=0&menuId=PS03447&pageIndex=17,html/073_PS03447_p17.html,농촌진흥청 농업인안전365,N,N
22df252fdfdf9e66,자료실,기타,"근로자 건강실태조사를 통한 농업인 손상 (송재석, 관동의대)",첨부파일,,,2012-01-30,https://farmer.rda.go.kr/portal/menu1/board_viw.do?menuId=PS03447&m_id=9004_9052&m_mod=0&bbsId=8&nttSn=34&num=171&pageIndex=18,https://farmer.rda.go.kr/portal/contentsFileDownload.do?atchFileGroupCd=A0000773&fileSn=1,8:34,https://farmer.rda.go.kr/portal/menu1/board_lst.do?m_id=9004_9052&m_mod=0&menuId=PS03447&pageIndex=18,html/074_PS03447_p18.html,농촌진흥청 농업인안전365,N,N
cae1ec48a79589bd,자료실,기타,"외국의 손상통계기반 농업인 손상 (고상백, 연세원주의대)",첨부파일,,,2012-01-30,https://farmer.rda.go.kr/portal/menu1/board_viw.do?menuId=PS03447&m_id=9004_9052&m_mod=0&bbsId=8&nttSn=35&num=172&pageIndex=18,https://farmer.rda.go.kr/portal/contentsFileDownload.do?atchFileGroupCd=A0000774&fileSn=1,8:35,https://farmer.rda.go.kr/portal/menu1/board_lst.do?m_id=9004_9052&m_mod=0&menuId=PS03447&pageIndex=18,html/074_PS03447_p18.html,농촌진흥청 농업인안전365,N,N
99777a3eb3c8fd0e,자료실,응급대응,"로직트리 분석을 통한 사고사례 원인분석 방법 (김신범, 원진노동환경건강연구소)",첨부파일,,,2012-01-30,https://farmer.rda.go.kr/portal/menu1/board_viw.do?menuId=PS03447&m_id=9004_9052&m_mod=0&bbsId=8&nttSn=36&num=173&pageIndex=18,https://farmer.rda.go.kr/portal/contentsFileDownload.do?atchFileGroupCd=A0000775&fileSn=1,8:36,https://farmer.rda.go.kr/portal/menu1/board_lst.do?m_id=9004_9052&m_mod=0&menuId=PS03447&pageIndex=18,html/074_PS03447_p18.html,농촌진흥청 농업인안전365,N,N
ef94a8f6630495e5,자료실,기타,"인간공학에서 접근성 설계 관련 국제표준화 활동 동향 (이인석, 한경대)",첨부파일,,,2012-01-30,https://farmer.rda.go.kr/portal/menu1/board_viw.do?menuId=PS03447&m_id=9004_9052&m_mod=0&bbsId=8&nttSn=37&num=174&pageIndex=18,https://farmer.rda.go.kr/portal/contentsFileDownload.do?atchFileGroupCd=A0000776&fileSn=1,8:37,https://farmer.rda.go.kr/portal/menu1/board_lst.do?m_id=9004_9052&m_mod=0&menuId=PS03447&pageIndex=18,html/074_PS03447_p18.html,농촌진흥청 농업인안전365,N,N
66ed3f0f00c76c60,자료실,기타,"유럽 농업인 재해 보장제도 고찰 (강태선 교수, 서울대)",첨부파일,,,2012-01-27,https://farmer.rda.go.kr/portal/menu1/board_viw.do?menuId=PS03447&m_id=9004_9052&m_mod=0&bbsId=8&nttSn=38&num=175&pageIndex=18,https://farmer.rda.go.kr/portal/contentsFileDownload.do?atchFileGroupCd=A0000777&fileSn=1,8:38,https://farmer.rda.go.kr/portal/menu1/board_lst.do?m_id=9004_9052&m_mod=0&menuId=PS03447&pageIndex=18,html/074_PS03447_p18.html,농촌진흥청 농업인안전365,N,N
1d10aa633142b7c8,자료실,농기계,"인간공학과 농업기계 설계기술의 융합 (이상식 교수, 관동대)",첨부파일,,,2012-01-27,https://farmer.rda.go.kr/portal/menu1/board_viw.do?menuId=PS03447&m_id=9004_9052&m_mod=0&bbsId=8&nttSn=39&num=176&pageIndex=18,https://farmer.rda.go.kr/portal/contentsFileDownload.do?atchFileGroupCd=A0000778&fileSn=1,8:39,https://farmer.rda.go.kr/portal/menu1/board_lst.do?m_id=9004_9052&m_mod=0&menuId=PS03447&pageIndex=18,html/074_PS03447_p18.html,농촌진흥청 농업인안전365,N,N
50d93cc48eccfdb2,자료실,기타,"일부 한국 농업인의 방사선학적 요추편평화와 관련 요인 (송한수 교수, 조선대)",첨부파일,,,2012-01-27,https://farmer.rda.go.kr/portal/menu1/board_viw.do?menuId=PS03447&m_id=9004_9052&m_mod=0&bbsId=8&nttSn=40&num=177&pageIndex=18,https://farmer.rda.go.kr/portal/contentsFileDownload.do?atchFileGroupCd=A0000779&fileSn=1,8:40,https://farmer.rda.go.kr/portal/menu1/board_lst.do?m_id=9004_9052&m_mod=0&menuId=PS03447&pageIndex=18,html/074_PS03447_p18.html,농촌진흥청 농업인안전365,N,N
e9e259a6e8755e6b,자료실,기타,"농작업을 디자인하다 (이경숙 연구관, 농촌진흥청)",첨부파일,,,2012-01-26,https://farmer.rda.go.kr/portal/menu1/board_viw.do?menuId=PS03447&m_id=9004_9052&m_mod=0&bbsId=8&nttSn=41&num=178&pageIndex=18,https://farmer.rda.go.kr/portal/contentsFileDownload.do?atchFileGroupCd=A0000780&fileSn=1,8:41,https://farmer.rda.go.kr/portal/menu1/board_lst.do?m_id=9004_9052&m_mod=0&menuId=PS03447&pageIndex=18,html/074_PS03447_p18.html,농촌진흥청 농업인안전365,N,N
1a4e99d4d3c0d708,자료실,기타,"미국 농업안전 보건센터 (이기영 교수, 서울대)",첨부파일,,,2012-01-26,https://farmer.rda.go.kr/portal/menu1/board_viw.do?menuId=PS03447&m_id=9004_9052&m_mod=0&bbsId=8&nttSn=42&num=179&pageIndex=18,https://farmer.rda.go.kr/portal/contentsFileDownload.do?atchFileGroupCd=A0000781&fileSn=1,8:42,https://farmer.rda.go.kr/portal/menu1/board_lst.do?m_id=9004_9052&m_mod=0&menuId=PS03447&pageIndex=18,html/074_PS03447_p18.html,농촌진흥청 농업인안전365,N,N
722f74346e02d3d9,자료실,기타,"농촌 고령자와 Accessible Design (김성민 교수, 동국대)",첨부파일,,,2012-01-26,https://farmer.rda.go.kr/portal/menu1/board_viw.do?menuId=PS03447&m_id=9004_9052&m_mod=0&bbsId=8&nttSn=43&num=180&pageIndex=18,https://farmer.rda.go.kr/portal/contentsFileDownload.do?atchFileGroupCd=A0000782&fileSn=1,8:43,https://farmer.rda.go.kr/portal/menu1/board_lst.do?m_id=9004_9052&m_mod=0&menuId=PS03447&pageIndex=18,html/074_PS03447_p18.html,농촌진흥청 농업인안전365,N,N
9ea7d9fa60c1a38a,자료실,기타,"농업인 자살통계 : 직업분류에 따른 비교 (고상백 교수, 연세대)",첨부파일,,,2012-01-25,https://farmer.rda.go.kr/portal/menu1/board_viw.do?menuId=PS03447&m_id=9004_9052&m_mod=0&bbsId=8&nttSn=44&num=181&pageIndex=19,https://farmer.rda.go.kr/portal/contentsFileDownload.do?atchFileGroupCd=A0000783&fileSn=1,8:44,https://farmer.rda.go.kr/portal/menu1/board_lst.do?m_id=9004_9052&m_mod=0&menuId=PS03447&pageIndex=19,html/075_PS03447_p19.html,농촌진흥청 농업인안전365,N,N
1314c85bce5f1ff2,자료실,안전교육,"고령자와 유니버설 디자인 (정광태 교수, 기술교육대)",첨부파일,,,2012-01-25,https://farmer.rda.go.kr/portal/menu1/board_viw.do?menuId=PS03447&m_id=9004_9052&m_mod=0&bbsId=8&nttSn=45&num=182&pageIndex=19,https://farmer.rda.go.kr/portal/contentsFileDownload.do?atchFileGroupCd=A0000784&fileSn=1,8:45,https://farmer.rda.go.kr/portal/menu1/board_lst.do?m_id=9004_9052&m_mod=0&menuId=PS03447&pageIndex=19,html/075_PS03447_p19.html,농촌진흥청 농업인안전365,N,N
806140c35f8aca2c,자료실,근골격계,"농작업 하지 자세 위험수준에 대한 인간공학적 평가도구 개발 (공용구 교수, 성균관대)",첨부파일,,,2012-01-25,https://farmer.rda.go.kr/portal/menu1/board_viw.do?menuId=PS03447&m_id=9004_9052&m_mod=0&bbsId=8&nttSn=46&num=183&pageIndex=19,https://farmer.rda.go.kr/portal/contentsFileDownload.do?atchFileGroupCd=A0000785&fileSn=1,8:46,https://farmer.rda.go.kr/portal/menu1/board_lst.do?m_id=9004_9052&m_mod=0&menuId=PS03447&pageIndex=19,html/075_PS03447_p19.html,농촌진흥청 농업인안전365,N,N
9febaa44c8608f92,자료실,기타,"작업관련 사고와 질병 실태 (윤간우 연구원, 원진녹색병원)",첨부파일,,,2011-03-25,https://farmer.rda.go.kr/portal/menu1/board_viw.do?menuId=PS03447&m_id=9004_9052&m_mod=0&bbsId=8&nttSn=47&num=184&pageIndex=19,https://farmer.rda.go.kr/portal/contentsFileDownload.do?atchFileGroupCd=A0000786&fileSn=1,8:47,https://farmer.rda.go.kr/portal/menu1/board_lst.do?m_id=9004_9052&m_mod=0&menuId=PS03447&pageIndex=19,html/075_PS03447_p19.html,농촌진흥청 농업인안전365,N,N
566dafb78a9950a9,자료실,근골격계,"과수 농민의 경부와 상지의 근골격계 증후군 (박형빈 교수, 경상대)",첨부파일,,,2011-03-24,https://farmer.rda.go.kr/portal/menu1/board_viw.do?menuId=PS03447&m_id=9004_9052&m_mod=0&bbsId=8&nttSn=48&num=185&pageIndex=19,https://farmer.rda.go.kr/portal/contentsFileDownload.do?atchFileGroupCd=A0000787&fileSn=1,8:48,https://farmer.rda.go.kr/portal/menu1/board_lst.do?m_id=9004_9052&m_mod=0&menuId=PS03447&pageIndex=19,html/075_PS03447_p19.html,농촌진흥청 농업인안전365,N,N
12db6ab35ba016b9,자료실,농약·화학물질,"농약등록 관리와 위해성 평가 (정미혜 박사, 농촌진흥청)",첨부파일,,,2011-03-24,https://farmer.rda.go.kr/portal/menu1/board_viw.do?menuId=PS03447&m_id=9004_9052&m_mod=0&bbsId=8&nttSn=49&num=186&pageIndex=19,https://farmer.rda.go.kr/portal/contentsFileDownload.do?atchFileGroupCd=A0000788&fileSn=1,8:49,https://farmer.rda.go.kr/portal/menu1/board_lst.do?m_id=9004_9052&m_mod=0&menuId=PS03447&pageIndex=19,html/075_PS03447_p19.html,농촌진흥청 농업인안전365,N,N
1a377eaad2e53c24,자료실,농약·화학물질,"미국의 농약중독 감시 프로그램 (Geoffrey Calvert, 미국 NIOSH)",첨부파일,,,2011-03-24,https://farmer.rda.go.kr/portal/menu1/board_viw.do?menuId=PS03447&m_id=9004_9052&m_mod=0&bbsId=8&nttSn=50&num=187&pageIndex=19,https://farmer.rda.go.kr/portal/contentsFileDownload.do?atchFileGroupCd=A0000789&fileSn=1,8:50,https://farmer.rda.go.kr/portal/menu1/board_lst.do?m_id=9004_9052&m_mod=0&menuId=PS03447&pageIndex=19,html/075_PS03447_p19.html,농촌진흥청 농업인안전365,N,N
ccbea44936bdfdf9,자료실,기타,"농업노동재해보장제도의 운영 (김진수 교수, 연세대)",자료실 게시물,,,2010-11-30,https://farmer.rda.go.kr/portal/menu1/board_viw.do?menuId=PS03447&m_id=9004_9052&m_mod=0&bbsId=8&nttSn=51&num=188&pageIndex=19,,8:51,https://farmer.rda.go.kr/portal/menu1/board_lst.do?m_id=9004_9052&m_mod=0&menuId=PS03447&pageIndex=19,html/075_PS03447_p19.html,농촌진흥청 농업인안전365,N,N
6335e9ff9c317332,자료실,기타,"계속조사에서 관리를 고려한 표본설계 (박진우, 수원대)",자료실 게시물,,,2010-11-30,https://farmer.rda.go.kr/portal/menu1/board_viw.do?menuId=PS03447&m_id=9004_9052&m_mod=0&bbsId=8&nttSn=60&num=189&pageIndex=19,,8:60,https://farmer.rda.go.kr/portal/menu1/board_lst.do?m_id=9004_9052&m_mod=0&menuId=PS03447&pageIndex=19,html/075_PS03447_p19.html,농촌진흥청 농업인안전365,N,N
49ade43b5649c061,자료실,기타,"안전사고 분류체계에 관한 연구 (권영국, 서울산업대)",자료실 게시물,,,2010-11-30,https://farmer.rda.go.kr/portal/menu1/board_viw.do?menuId=PS03447&m_id=9004_9052&m_mod=0&bbsId=8&nttSn=59&num=190&pageIndex=19,,8:59,https://farmer.rda.go.kr/portal/menu1/board_lst.do?m_id=9004_9052&m_mod=0&menuId=PS03447&pageIndex=19,html/075_PS03447_p19.html,농촌진흥청 농업인안전365,N,N
518c6aa2efecf7a4,자료실,기타,"농업인의 직업적 재해 실태와 재해경감 방안 (고상백 교수, 연세대)",자료실 게시물,,,2010-11-30,https://farmer.rda.go.kr/portal/menu1/board_viw.do?menuId=PS03447&m_id=9004_9052&m_mod=0&bbsId=8&nttSn=52&num=191&pageIndex=20,,8:52,https://farmer.rda.go.kr/portal/menu1/board_lst.do?m_id=9004_9052&m_mod=0&menuId=PS03447&pageIndex=20,html/076_PS03447_p20.html,농촌진흥청 농업인안전365,N,N
58a82f99e216d1b9,자료실,근골격계,"농업인 근골격계질환 예방프로그램 시행과 평가 (박소연, 한서대)",자료실 게시물,,,2010-11-30,https://farmer.rda.go.kr/portal/menu1/board_viw.do?menuId=PS03447&m_id=9004_9052&m_mod=0&bbsId=8&nttSn=58&num=192&pageIndex=20,,8:58,https://farmer.rda.go.kr/portal/menu1/board_lst.do?m_id=9004_9052&m_mod=0&menuId=PS03447&pageIndex=20,html/076_PS03447_p20.html,농촌진흥청 농업인안전365,N,N
14576d50f0915cf9,자료실,기타,"농작업 편이도구의 인간공학적 안전성 (이관석 교수, 홍익대)",자료실 게시물,,,2010-11-30,https://farmer.rda.go.kr/portal/menu1/board_viw.do?menuId=PS03447&m_id=9004_9052&m_mod=0&bbsId=8&nttSn=54&num=193&pageIndex=20,,8:54,https://farmer.rda.go.kr/portal/menu1/board_lst.do?m_id=9004_9052&m_mod=0&menuId=PS03447&pageIndex=20,html/076_PS03447_p20.html,농촌진흥청 농업인안전365,N,N
a4b93007f0013758,자료실,기타,"농작업 안전을 위한 인간공학 (정화식, 동신대)",자료실 게시물,,,2010-11-30,https://farmer.rda.go.kr/portal/menu1/board_viw.do?menuId=PS03447&m_id=9004_9052&m_mod=0&bbsId=8&nttSn=56&num=194&pageIndex=20,,8:56,https://farmer.rda.go.kr/portal/menu1/board_lst.do?m_id=9004_9052&m_mod=0&menuId=PS03447&pageIndex=20,html/076_PS03447_p20.html,농촌진흥청 농업인안전365,N,N
97cbbb7f09818af2,자료실,기타,"삶의 질 향상과 농어업인의 사회안전망 (조흥식 교수, 서울대)",자료실 게시물,,,2010-11-30,https://farmer.rda.go.kr/portal/menu1/board_viw.do?menuId=PS03447&m_id=9004_9052&m_mod=0&bbsId=8&nttSn=53&num=195&pageIndex=20,,8:53,https://farmer.rda.go.kr/portal/menu1/board_lst.do?m_id=9004_9052&m_mod=0&menuId=PS03447&pageIndex=20,html/076_PS03447_p20.html,농촌진흥청 농업인안전365,N,N
4f81dad29e85c9b4,자료실,농약·화학물질,"작업안전 보호구의 개발현황 (이민철, 한국3M)",자료실 게시물,,,2010-11-30,https://farmer.rda.go.kr/portal/menu1/board_viw.do?menuId=PS03447&m_id=9004_9052&m_mod=0&bbsId=8&nttSn=55&num=196&pageIndex=20,,8:55,https://farmer.rda.go.kr/portal/menu1/board_lst.do?m_id=9004_9052&m_mod=0&menuId=PS03447&pageIndex=20,html/076_PS03447_p20.html,농촌진흥청 농업인안전365,N,N
51b3a2c454d18385,자료실,기타,"농업인건강안전정보센터 발전방향(송관석, ilisoft)",자료실 게시물,,,2010-11-30,https://farmer.rda.go.kr/portal/menu1/board_viw.do?menuId=PS03447&m_id=9004_9052&m_mod=0&bbsId=8&nttSn=57&num=197&pageIndex=20,,8:57,https://farmer.rda.go.kr/portal/menu1/board_lst.do?m_id=9004_9052&m_mod=0&menuId=PS03447&pageIndex=20,html/076_PS03447_p20.html,농촌진흥청 농업인안전365,N,N
19b0748a635ae4b1,자료실,기타,"독일의 농업인 재해보장제도에 관하여 (민병욱, 농과원)",자료실 게시물,,,2010-05-31,https://farmer.rda.go.kr/portal/menu1/board_viw.do?menuId=PS03447&m_id=9004_9052&m_mod=0&bbsId=8&nttSn=62&num=198&pageIndex=20,,8:62,https://farmer.rda.go.kr/portal/menu1/board_lst.do?m_id=9004_9052&m_mod=0&menuId=PS03447&pageIndex=20,html/076_PS03447_p20.html,농촌진흥청 농업인안전365,N,N
015333df9bc3bc37,자료실,기타,"농작업 안전 예방 및 평가 프로그램 개발 (문정환, 성균관대)",자료실 게시물,,,2010-05-31,https://farmer.rda.go.kr/portal/menu1/board_viw.do?menuId=PS03447&m_id=9004_9052&m_mod=0&bbsId=8&nttSn=61&num=199&pageIndex=20,,8:61,https://farmer.rda.go.kr/portal/menu1/board_lst.do?m_id=9004_9052&m_mod=0&menuId=PS03447&pageIndex=20,html/076_PS03447_p20.html,농촌진흥청 농업인안전365,N,N
b497bb354f8c94e7,자료실,농약·화학물질,"농약노출과 농약관련 질환 평가 방법 (고려대, 이원진교수)",자료실 게시물,,,2010-05-12,https://farmer.rda.go.kr/portal/menu1/board_viw.do?menuId=PS03447&m_id=9004_9052&m_mod=0&bbsId=8&nttSn=65&num=200&pageIndex=20,,8:65,https://farmer.rda.go.kr/portal/menu1/board_lst.do?m_id=9004_9052&m_mod=0&menuId=PS03447&pageIndex=20,html/076_PS03447_p20.html,농촌진흥청 농업인안전365,N,N
7f9a6f7a1006e95e,자료실,기타,"농업분야 작업안전성 향상을 위한 작업환경 개선 연구 동향 (문정환, 성균관대)",자료실 게시물,,,2010-05-12,https://farmer.rda.go.kr/portal/menu1/board_viw.do?menuId=PS03447&m_id=9004_9052&m_mod=0&bbsId=8&nttSn=63&num=201&pageIndex=21,,8:63,https://farmer.rda.go.kr/portal/menu1/board_lst.do?m_id=9004_9052&m_mod=0&menuId=PS03447&pageIndex=21,html/077_PS03447_p21.html,농촌진흥청 농업인안전365,N,N
d09e12b13eb94cae,자료실,농약·화학물질,"농업인 대상 농약노출 조사항목 (국립농업과학원, 정미혜박사)",자료실 게시물,,,2010-05-12,https://farmer.rda.go.kr/portal/menu1/board_viw.do?menuId=PS03447&m_id=9004_9052&m_mod=0&bbsId=8&nttSn=64&num=202&pageIndex=21,,8:64,https://farmer.rda.go.kr/portal/menu1/board_lst.do?m_id=9004_9052&m_mod=0&menuId=PS03447&pageIndex=21,html/077_PS03447_p21.html,농촌진흥청 농업인안전365,N,N
568acc0b90a10657,자료실,기타,방제복 등 농작업복의 개발현황 및 활용효과 (농촌진흥청 황경숙 박사),자료실 게시물,,,2010-05-12,https://farmer.rda.go.kr/portal/menu1/board_viw.do?menuId=PS03447&m_id=9004_9052&m_mod=0&bbsId=8&nttSn=66&num=203&pageIndex=21,,8:66,https://farmer.rda.go.kr/portal/menu1/board_lst.do?m_id=9004_9052&m_mod=0&menuId=PS03447&pageIndex=21,html/077_PS03447_p21.html,농촌진흥청 농업인안전365,N,N
30cc9d90c5ced4f6,자료실,기타,3당의 농작업재해보장제도 법안 비교(원진노동환경건강연구소 임상혁 소장),자료실 게시물,,,2010-05-12,https://farmer.rda.go.kr/portal/menu1/board_viw.do?menuId=PS03447&m_id=9004_9052&m_mod=0&bbsId=8&nttSn=67&num=204&pageIndex=21,,8:67,https://farmer.rda.go.kr/portal/menu1/board_lst.do?m_id=9004_9052&m_mod=0&menuId=PS03447&pageIndex=21,html/077_PS03447_p21.html,농촌진흥청 농업인안전365,N,N
1209fff701ecea31,자료실,기타,"편의장비 사업에서의 인간공학적 접근(박근상 교수, 건국대학교)",자료실 게시물,,,2010-05-11,https://farmer.rda.go.kr/portal/menu1/board_viw.do?menuId=PS03447&m_id=9004_9052&m_mod=0&bbsId=8&nttSn=70&num=205&pageIndex=21,,8:70,https://farmer.rda.go.kr/portal/menu1/board_lst.do?m_id=9004_9052&m_mod=0&menuId=PS03447&pageIndex=21,html/077_PS03447_p21.html,농촌진흥청 농업인안전365,N,N
0915c98a4862f7c1,자료실,근골격계,"농업인의 근골격계 질환 예방 및 관리(정민예 교수, 연세대학교)",자료실 게시물,,,2010-05-11,https://farmer.rda.go.kr/portal/menu1/board_viw.do?menuId=PS03447&m_id=9004_9052&m_mod=0&bbsId=8&nttSn=68&num=206&pageIndex=21,,8:68,https://farmer.rda.go.kr/portal/menu1/board_lst.do?m_id=9004_9052&m_mod=0&menuId=PS03447&pageIndex=21,html/077_PS03447_p21.html,농촌진흥청 농업인안전365,N,N
0b8cdfc0cebf3e27,자료실,기타,농업인 안전보건 증진 발전방안 모색(연세대 고상백 교수),자료실 게시물,,,2010-05-11,https://farmer.rda.go.kr/portal/menu1/board_viw.do?menuId=PS03447&m_id=9004_9052&m_mod=0&bbsId=8&nttSn=71&num=207&pageIndex=21,,8:71,https://farmer.rda.go.kr/portal/menu1/board_lst.do?m_id=9004_9052&m_mod=0&menuId=PS03447&pageIndex=21,html/077_PS03447_p21.html,농촌진흥청 농업인안전365,N,N
f92f1295bf1ca4a3,자료실,기타,"한국에서의 PAOT 경험(우극현 산업의학과장, 순천향대학교 구미병원)",자료실 게시물,,,2010-05-11,https://farmer.rda.go.kr/portal/menu1/board_viw.do?menuId=PS03447&m_id=9004_9052&m_mod=0&bbsId=8&nttSn=69&num=208&pageIndex=21,,8:69,https://farmer.rda.go.kr/portal/menu1/board_lst.do?m_id=9004_9052&m_mod=0&menuId=PS03447&pageIndex=21,html/077_PS03447_p21.html,농촌진흥청 농업인안전365,N,N
e7416e6e4532ef87,자료실,기타,생체역학적 농작업 위험요인 평가 연구,자료실 게시물,,,2009-11-10,https://farmer.rda.go.kr/portal/menu1/board_viw.do?menuId=PS03447&m_id=9004_9052&m_mod=0&bbsId=8&nttSn=78&num=209&pageIndex=21,,8:78,https://farmer.rda.go.kr/portal/menu1/board_lst.do?m_id=9004_9052&m_mod=0&menuId=PS03447&pageIndex=21,html/077_PS03447_p21.html,농촌진흥청 농업인안전365,N,N
172bf3deaa130a96,자료실,기타,담뱃잎 수확작업자의 니코틴 노출 평가 - 이윤근,첨부파일,,,2009-11-10,https://farmer.rda.go.kr/portal/menu1/board_viw.do?menuId=PS03447&m_id=9004_9052&m_mod=0&bbsId=8&nttSn=72&num=210&pageIndex=21,https://farmer.rda.go.kr/portal/contentsFileDownload.do?atchFileGroupCd=A0000791&fileSn=1,8:72,https://farmer.rda.go.kr/portal/menu1/board_lst.do?m_id=9004_9052&m_mod=0&menuId=PS03447&pageIndex=21,html/077_PS03447_p21.html,농촌진흥청 농업인안전365,N,N
6792089097203d55,자료실,기타,일본의 농작업재해 현황 및 예방대책_미쿠루베 마사미,첨부파일,,,2009-11-10,https://farmer.rda.go.kr/portal/menu1/board_viw.do?menuId=PS03447&m_id=9004_9052&m_mod=0&bbsId=8&nttSn=74&num=211&pageIndex=22,https://farmer.rda.go.kr/portal/contentsFileDownload.do?atchFileGroupCd=A0000792&fileSn=1,8:74,https://farmer.rda.go.kr/portal/menu1/board_lst.do?m_id=9004_9052&m_mod=0&menuId=PS03447&pageIndex=22,html/078_PS03447_p22.html,농촌진흥청 농업인안전365,N,N
55011a184abbf993,자료실,기타,"여름철 농업인의 건강과 안전, 어떻게 관리해야 하나?",자료실 게시물,,,2009-11-10,https://farmer.rda.go.kr/portal/menu1/board_viw.do?menuId=PS03447&m_id=9004_9052&m_mod=0&bbsId=8&nttSn=73&num=212&pageIndex=22,,8:73,https://farmer.rda.go.kr/portal/menu1/board_lst.do?m_id=9004_9052&m_mod=0&menuId=PS03447&pageIndex=22,html/078_PS03447_p22.html,농촌진흥청 농업인안전365,N,N
8e286a972021d909,자료실,기타,"미국 농업손상 통계의 현황(최성우, 국군대전병원)",첨부파일,,,2009-11-10,https://farmer.rda.go.kr/portal/menu1/board_viw.do?menuId=PS03447&m_id=9004_9052&m_mod=0&bbsId=8&nttSn=76&num=213&pageIndex=22,https://farmer.rda.go.kr/portal/contentsFileDownload.do?atchFileGroupCd=A0000794&fileSn=1,8:76,https://farmer.rda.go.kr/portal/menu1/board_lst.do?m_id=9004_9052&m_mod=0&menuId=PS03447&pageIndex=22,html/078_PS03447_p22.html,농촌진흥청 농업인안전365,N,N
109566a763e9eb2a,자료실,기타,"미국 및 캐나다 방문 보고(이원진 교수, 고려대학교)",첨부파일,,,2009-11-10,https://farmer.rda.go.kr/portal/menu1/board_viw.do?menuId=PS03447&m_id=9004_9052&m_mod=0&bbsId=8&nttSn=77&num=214&pageIndex=22,https://farmer.rda.go.kr/portal/contentsFileDownload.do?atchFileGroupCd=A0000795&fileSn=1,8:77,https://farmer.rda.go.kr/portal/menu1/board_lst.do?m_id=9004_9052&m_mod=0&menuId=PS03447&pageIndex=22,html/078_PS03447_p22.html,농촌진흥청 농업인안전365,N,N
50ea54b958253890,자료실,기타,ILO 농업산업보건협약의 문제점 및 개선방안_이관석,첨부파일,,,2009-11-10,https://farmer.rda.go.kr/portal/menu1/board_viw.do?menuId=PS03447&m_id=9004_9052&m_mod=0&bbsId=8&nttSn=75&num=215&pageIndex=22,https://farmer.rda.go.kr/portal/contentsFileDownload.do?atchFileGroupCd=A0000793&fileSn=1,8:75,https://farmer.rda.go.kr/portal/menu1/board_lst.do?m_id=9004_9052&m_mod=0&menuId=PS03447&pageIndex=22,html/078_PS03447_p22.html,농촌진흥청 농업인안전365,N,N
ffb7fb1ab862160b,자료실,기타,주민역량강화를 통한 건강증진 사업의 평가 전략 - 박기수,첨부파일,,,2009-08-31,https://farmer.rda.go.kr/portal/menu1/board_viw.do?menuId=PS03447&m_id=9004_9052&m_mod=0&bbsId=8&nttSn=81&num=216&pageIndex=22,https://farmer.rda.go.kr/portal/contentsFileDownload.do?atchFileGroupCd=A0000798&fileSn=1,8:81,https://farmer.rda.go.kr/portal/menu1/board_lst.do?m_id=9004_9052&m_mod=0&menuId=PS03447&pageIndex=22,html/078_PS03447_p22.html,농촌진흥청 농업인안전365,N,N
51465538872334dc,자료실,기타,농작업재해 예방을 위한 국가관리 방향_이경숙,첨부파일,,,2009-08-31,https://farmer.rda.go.kr/portal/menu1/board_viw.do?menuId=PS03447&m_id=9004_9052&m_mod=0&bbsId=8&nttSn=79&num=217&pageIndex=22,https://farmer.rda.go.kr/portal/contentsFileDownload.do?atchFileGroupCd=A0000796&fileSn=1,8:79,https://farmer.rda.go.kr/portal/menu1/board_lst.do?m_id=9004_9052&m_mod=0&menuId=PS03447&pageIndex=22,html/078_PS03447_p22.html,농촌진흥청 농업인안전365,N,N
d8537cce9b10d317,자료실,농약·화학물질,농약에 의한 건강장해 연구에 대한 고찰 - 송재석,첨부파일,,,2009-08-31,https://farmer.rda.go.kr/portal/menu1/board_viw.do?menuId=PS03447&m_id=9004_9052&m_mod=0&bbsId=8&nttSn=82&num=218&pageIndex=22,https://farmer.rda.go.kr/portal/contentsFileDownload.do?atchFileGroupCd=A0000799&fileSn=1,8:82,https://farmer.rda.go.kr/portal/menu1/board_lst.do?m_id=9004_9052&m_mod=0&menuId=PS03447&pageIndex=22,html/078_PS03447_p22.html,농촌진흥청 농업인안전365,N,N
71bb668a1d605118,자료실,기타,"How much exercise is enough for health and well-being?(전태원 교수, 서울대학교)",첨부파일,,,2009-08-31,https://farmer.rda.go.kr/portal/menu1/board_viw.do?menuId=PS03447&m_id=9004_9052&m_mod=0&bbsId=8&nttSn=80&num=219&pageIndex=22,https://farmer.rda.go.kr/portal/contentsFileDownload.do?atchFileGroupCd=A0000797&fileSn=1,8:80,https://farmer.rda.go.kr/portal/menu1/board_lst.do?m_id=9004_9052&m_mod=0&menuId=PS03447&pageIndex=22,html/078_PS03447_p22.html,농촌진흥청 농업인안전365,N,N
8f0b37b9368fed24,자료실,기타,농림어업인의 업무상 재해와 질병,첨부파일,,,2009-06-03,https://farmer.rda.go.kr/portal/menu1/board_viw.do?menuId=PS03447&m_id=9004_9052&m_mod=0&bbsId=8&nttSn=84&num=220&pageIndex=22,https://farmer.rda.go.kr/portal/contentsFileDownload.do?atchFileGroupCd=A0000801&fileSn=1,8:84,https://farmer.rda.go.kr/portal/menu1/board_lst.do?m_id=9004_9052&m_mod=0&menuId=PS03447&pageIndex=22,html/078_PS03447_p22.html,농촌진흥청 농업인안전365,N,N
8ffe7f4af154e339,공지사항,공지사항,농업인 건강안전 '영농기술정보'(영농활용) 업데이트 알림,자료실 게시물,,,2021-05-21,https://farmer.rda.go.kr/portal/menu1/board_viw.do?menuId=PS03448&m_id=3_18&m_mod=111&bbsId=5&nttSn=61&num=0&pageIndex=12,,5:61,https://farmer.rda.go.kr/portal/menu6/board_lst1.do?m_id=3_18&m_mod=0&menuId=PS03448&pageIndex=12,html/079_PS03448_p12.html,농촌진흥청 농업인안전365,N,N
c17fd3d8b978dd53,공지사항,응급대응,구급함 사용설명서 『응급처치 가이드』 배부 안내,자료실 게시물,,,2021-05-07,https://farmer.rda.go.kr/portal/menu1/board_viw.do?menuId=PS03448&m_id=3_18&m_mod=112&bbsId=5&nttSn=62&num=0&pageIndex=12,,5:62,https://farmer.rda.go.kr/portal/menu6/board_lst1.do?m_id=3_18&m_mod=0&menuId=PS03448&pageIndex=12,html/079_PS03448_p12.html,농촌진흥청 농업인안전365,N,N
f692cc281d5443b0,공지사항,공지사항,농업인 안전보건 관련 논문(초록) 업데이트 알림,자료실 게시물,,,2021-04-16,https://farmer.rda.go.kr/portal/menu1/board_viw.do?menuId=PS03448&m_id=3_18&m_mod=113&bbsId=5&nttSn=63&num=0&pageIndex=12,,5:63,https://farmer.rda.go.kr/portal/menu6/board_lst1.do?m_id=3_18&m_mod=0&menuId=PS03448&pageIndex=12,html/079_PS03448_p12.html,농촌진흥청 농업인안전365,N,N
cc7e2e4957c64371,공지사항,안전교육,『양돈 작업환경관리』 교육용 리플릿 배부 안내(농업기술센터 등),자료실 게시물,,,2021-04-07,https://farmer.rda.go.kr/portal/menu1/board_viw.do?menuId=PS03448&m_id=3_18&m_mod=114&bbsId=5&nttSn=64&num=0&pageIndex=12,,5:64,https://farmer.rda.go.kr/portal/menu6/board_lst1.do?m_id=3_18&m_mod=0&menuId=PS03448&pageIndex=12,html/079_PS03448_p12.html,농촌진흥청 농업인안전365,N,N
bbbb29242e0e5598,공지사항,간행물,『농작업안전 포스터』 배부 안내(농업기술센터 등 대상),자료실 게시물,,,2021-03-03,https://farmer.rda.go.kr/portal/menu1/board_viw.do?menuId=PS03448&m_id=3_18&m_mod=115&bbsId=5&nttSn=65&num=0&pageIndex=12,,5:65,https://farmer.rda.go.kr/portal/menu6/board_lst1.do?m_id=3_18&m_mod=0&menuId=PS03448&pageIndex=12,html/079_PS03448_p12.html,농촌진흥청 농업인안전365,N,N
043a311c54dd3fe6,공지사항,근골격계,농업인 근골격계 맞춤 예방운동방법 영상 업데이트,자료실 게시물,,,2021-01-22,https://farmer.rda.go.kr/portal/menu1/board_viw.do?menuId=PS03448&m_id=3_18&m_mod=116&bbsId=5&nttSn=66&num=0&pageIndex=12,,5:66,https://farmer.rda.go.kr/portal/menu6/board_lst1.do?m_id=3_18&m_mod=0&menuId=PS03448&pageIndex=12,html/079_PS03448_p12.html,농촌진흥청 농업인안전365,N,N
6faa16a3f2982460,공지사항,간행물,2020년도 간행물 등록 업데이트 알림,자료실 게시물,,,2020-12-31,https://farmer.rda.go.kr/portal/menu1/board_viw.do?menuId=PS03448&m_id=3_18&m_mod=117&bbsId=5&nttSn=67&num=0&pageIndex=12,,5:67,https://farmer.rda.go.kr/portal/menu6/board_lst1.do?m_id=3_18&m_mod=0&menuId=PS03448&pageIndex=12,html/079_PS03448_p12.html,농촌진흥청 농업인안전365,N,N
cb72b65a59f45aee,공지사항,간행물,농촌진흥청 발간책자 8월 신규 등록 알림,자료실 게시물,,,2020-07-30,https://farmer.rda.go.kr/portal/menu1/board_viw.do?menuId=PS03448&m_id=3_18&m_mod=118&bbsId=5&nttSn=68&num=0&pageIndex=12,,5:68,https://farmer.rda.go.kr/portal/menu6/board_lst1.do?m_id=3_18&m_mod=0&menuId=PS03448&pageIndex=12,html/079_PS03448_p12.html,농촌진흥청 농업인안전365,N,N
92c4e9efad648cf7,공지사항,간행물,농촌진흥청 발간책자 7월 신규 등록 알림,자료실 게시물,,,2020-07-03,https://farmer.rda.go.kr/portal/menu1/board_viw.do?menuId=PS03448&m_id=3_18&m_mod=119&bbsId=5&nttSn=69&num=0&pageIndex=12,,5:69,https://farmer.rda.go.kr/portal/menu6/board_lst1.do?m_id=3_18&m_mod=0&menuId=PS03448&pageIndex=12,html/079_PS03448_p12.html,농촌진흥청 농업인안전365,N,N
9fa686718ab538a4,공지사항,공지사항,(설문조사/종료) 농업인안전365 개선을 위한 사용자 온라인 설문조사 게시,자료실 게시물,,,2020-05-29,https://farmer.rda.go.kr/portal/menu1/board_viw.do?menuId=PS03448&m_id=3_18&m_mod=120&bbsId=5&nttSn=70&num=0&pageIndex=12,,5:70,https://farmer.rda.go.kr/portal/menu6/board_lst1.do?m_id=3_18&m_mod=0&menuId=PS03448&pageIndex=12,html/079_PS03448_p12.html,농촌진흥청 농업인안전365,N,N
07166a0169b7289d,공지사항,공지사항,2019년 농업인 업무상 질병 및 손상조사(손상부문) 공표 예정 안내,자료실 게시물,,,2020-03-30,https://farmer.rda.go.kr/portal/menu1/board_viw.do?menuId=PS03448&m_id=3_18&m_mod=121&bbsId=5&nttSn=71&num=0&pageIndex=13,,5:71,https://farmer.rda.go.kr/portal/menu6/board_lst1.do?m_id=3_18&m_mod=0&menuId=PS03448&pageIndex=13,html/080_PS03448_p13.html,농촌진흥청 농업인안전365,N,N
c03504e737821f24,공지사항,공지사항,코로나19 우리 함께 극복해요 - 농업인 건강체조로,자료실 게시물,,,2020-03-13,https://farmer.rda.go.kr/portal/menu1/board_viw.do?menuId=PS03448&m_id=3_18&m_mod=122&bbsId=5&nttSn=72&num=0&pageIndex=13,,5:72,https://farmer.rda.go.kr/portal/menu6/board_lst1.do?m_id=3_18&m_mod=0&menuId=PS03448&pageIndex=13,html/080_PS03448_p13.html,농촌진흥청 농업인안전365,N,N
386cde6da9a95982,공지사항,공지사항,(종료)2019년 농업인 건강안전 정보센터 수혜자 만족도 조사,자료실 게시물,,,2019-11-15,https://farmer.rda.go.kr/portal/menu1/board_viw.do?menuId=PS03448&m_id=3_18&m_mod=123&bbsId=5&nttSn=73&num=0&pageIndex=13,,5:73,https://farmer.rda.go.kr/portal/menu6/board_lst1.do?m_id=3_18&m_mod=0&menuId=PS03448&pageIndex=13,html/080_PS03448_p13.html,농촌진흥청 농업인안전365,N,N
49a712ec1e17bfb0,공지사항,공지사항,농업인 건강연구회 2019년 7월 세미나(70차),자료실 게시물,,,2019-07-16,https://farmer.rda.go.kr/portal/menu1/board_viw.do?menuId=PS03448&m_id=3_18&m_mod=124&bbsId=5&nttSn=74&num=0&pageIndex=13,,5:74,https://farmer.rda.go.kr/portal/menu6/board_lst1.do?m_id=3_18&m_mod=0&menuId=PS03448&pageIndex=13,html/080_PS03448_p13.html,농촌진흥청 농업인안전365,N,N
7fcc359534956a3e,공지사항,공지사항,농업인 건강연구회 2019년 6월 세미나(69차),자료실 게시물,,,2019-06-10,https://farmer.rda.go.kr/portal/menu1/board_viw.do?menuId=PS03448&m_id=3_18&m_mod=125&bbsId=5&nttSn=75&num=0&pageIndex=13,,5:75,https://farmer.rda.go.kr/portal/menu6/board_lst1.do?m_id=3_18&m_mod=0&menuId=PS03448&pageIndex=13,html/080_PS03448_p13.html,농촌진흥청 농업인안전365,N,N
c16d73a299917a13,공지사항,공지사항,농업인 건강연구회 2019년 5월 세미나(68차),자료실 게시물,,,2019-04-30,https://farmer.rda.go.kr/portal/menu1/board_viw.do?menuId=PS03448&m_id=3_18&m_mod=126&bbsId=5&nttSn=76&num=0&pageIndex=13,,5:76,https://farmer.rda.go.kr/portal/menu6/board_lst1.do?m_id=3_18&m_mod=0&menuId=PS03448&pageIndex=13,html/080_PS03448_p13.html,농촌진흥청 농업인안전365,N,N
08605cc07796777e,공지사항,공지사항,농작업안전보건기사 실기시험 시행공고,자료실 게시물,,,2019-04-23,https://farmer.rda.go.kr/portal/menu1/board_viw.do?menuId=PS03448&m_id=3_18&m_mod=127&bbsId=5&nttSn=77&num=0&pageIndex=13,,5:77,https://farmer.rda.go.kr/portal/menu6/board_lst1.do?m_id=3_18&m_mod=0&menuId=PS03448&pageIndex=13,html/080_PS03448_p13.html,농촌진흥청 농업인안전365,N,N
0cb7e9a2a6e5575a,공지사항,공지사항,(종료)농업과학기반기술 정보서비스 브랜드 명칭 공모,자료실 게시물,,,2019-04-16,https://farmer.rda.go.kr/portal/menu1/board_viw.do?menuId=PS03448&m_id=3_18&m_mod=128&bbsId=5&nttSn=78&num=0&pageIndex=13,,5:78,https://farmer.rda.go.kr/portal/menu6/board_lst1.do?m_id=3_18&m_mod=0&menuId=PS03448&pageIndex=13,html/080_PS03448_p13.html,농촌진흥청 농업인안전365,N,N
503acb84bf273071,공지사항,공지사항,농작업안전보건기사 시험 일정 및 출제기준,자료실 게시물,,,2018-10-18,https://farmer.rda.go.kr/portal/menu1/board_viw.do?menuId=PS03448&m_id=3_18&m_mod=129&bbsId=5&nttSn=79&num=0&pageIndex=13,,5:79,https://farmer.rda.go.kr/portal/menu6/board_lst1.do?m_id=3_18&m_mod=0&menuId=PS03448&pageIndex=13,html/080_PS03448_p13.html,농촌진흥청 농업인안전365,N,N
1c5dfb5925eb2425,공지사항,공지사항,농업인 건강연구회 2018년 7월 세미나(67차),자료실 게시물,,,2018-07-17,https://farmer.rda.go.kr/portal/menu1/board_viw.do?menuId=PS03448&m_id=3_18&m_mod=130&bbsId=5&nttSn=80&num=0&pageIndex=13,,5:80,https://farmer.rda.go.kr/portal/menu6/board_lst1.do?m_id=3_18&m_mod=0&menuId=PS03448&pageIndex=13,html/080_PS03448_p13.html,농촌진흥청 농업인안전365,N,N
148b40e168bb6417,공지사항,공지사항,농업인 건강연구회 2018년 5월 세미나(66차),자료실 게시물,,,2018-05-21,https://farmer.rda.go.kr/portal/menu1/board_viw.do?menuId=PS03448&m_id=3_18&m_mod=131&bbsId=5&nttSn=81&num=0&pageIndex=14,,5:81,https://farmer.rda.go.kr/portal/menu6/board_lst1.do?m_id=3_18&m_mod=0&menuId=PS03448&pageIndex=14,html/081_PS03448_p14.html,농촌진흥청 농업인안전365,N,N
2fedb9b32b4be92e,공지사항,공지사항,농업인 건강연구회 2018년 3월 세미나(65차),자료실 게시물,,,2018-03-19,https://farmer.rda.go.kr/portal/menu1/board_viw.do?menuId=PS03448&m_id=3_18&m_mod=132&bbsId=5&nttSn=82&num=0&pageIndex=14,,5:82,https://farmer.rda.go.kr/portal/menu6/board_lst1.do?m_id=3_18&m_mod=0&menuId=PS03448&pageIndex=14,html/081_PS03448_p14.html,농촌진흥청 농업인안전365,N,N
502c8c175c0568da,공지사항,공지사항,농진청 2018년 농작업 재해예방을 위한 전문가 육성 농작업안전보건기사 자격시험 시행,자료실 게시물,,,2018-01-15,https://farmer.rda.go.kr/portal/menu1/board_viw.do?menuId=PS03448&m_id=3_18&m_mod=133&bbsId=5&nttSn=83&num=0&pageIndex=14,,5:83,https://farmer.rda.go.kr/portal/menu6/board_lst1.do?m_id=3_18&m_mod=0&menuId=PS03448&pageIndex=14,html/081_PS03448_p14.html,농촌진흥청 농업인안전365,N,N
81c8d12adbc90652,공지사항,공지사항,고령 농어업인의 소외/우울/자살 예방 다부처 공동기획 과제 공청회 안내,자료실 게시물,,,2017-12-04,https://farmer.rda.go.kr/portal/menu1/board_viw.do?menuId=PS03448&m_id=3_18&m_mod=134&bbsId=5&nttSn=84&num=0&pageIndex=14,,5:84,https://farmer.rda.go.kr/portal/menu6/board_lst1.do?m_id=3_18&m_mod=0&menuId=PS03448&pageIndex=14,html/081_PS03448_p14.html,농촌진흥청 농업인안전365,N,N
cfa68302e51804a6,공지사항,공지사항,농업인 건강연구회 2017년 8월 세미나(63차) + 국제심포지엄 개최 안내,자료실 게시물,,,2017-08-28,https://farmer.rda.go.kr/portal/menu1/board_viw.do?menuId=PS03448&m_id=3_18&m_mod=135&bbsId=5&nttSn=85&num=0&pageIndex=14,,5:85,https://farmer.rda.go.kr/portal/menu6/board_lst1.do?m_id=3_18&m_mod=0&menuId=PS03448&pageIndex=14,html/081_PS03448_p14.html,농촌진흥청 농업인안전365,N,N
d5b773915b25cce0,공지사항,공지사항,농업인 건강연구회 2017년 6월 세미나(62차),자료실 게시물,,,2017-06-07,https://farmer.rda.go.kr/portal/menu1/board_viw.do?menuId=PS03448&m_id=3_18&m_mod=136&bbsId=5&nttSn=86&num=0&pageIndex=14,,5:86,https://farmer.rda.go.kr/portal/menu6/board_lst1.do?m_id=3_18&m_mod=0&menuId=PS03448&pageIndex=14,html/081_PS03448_p14.html,농촌진흥청 농업인안전365,N,N
196a983f6f662a44,공지사항,공지사항,농업인 건강연구회 2017년 4월 세미나(60차),자료실 게시물,,,2017-04-12,https://farmer.rda.go.kr/portal/menu1/board_viw.do?menuId=PS03448&m_id=3_18&m_mod=137&bbsId=5&nttSn=87&num=0&pageIndex=14,,5:87,https://farmer.rda.go.kr/portal/menu6/board_lst1.do?m_id=3_18&m_mod=0&menuId=PS03448&pageIndex=14,html/081_PS03448_p14.html,농촌진흥청 농업인안전365,N,N
0cdaf2b9544beace,공지사항,공지사항,통합검색 서비스 일시 중지 안내(3.28 (화)18:30~ 20:00),자료실 게시물,,,2017-03-28,https://farmer.rda.go.kr/portal/menu1/board_viw.do?menuId=PS03448&m_id=3_18&m_mod=138&bbsId=5&nttSn=88&num=0&pageIndex=14,,5:88,https://farmer.rda.go.kr/portal/menu6/board_lst1.do?m_id=3_18&m_mod=0&menuId=PS03448&pageIndex=14,html/081_PS03448_p14.html,농촌진흥청 농업인안전365,N,N
37c50b80e5335c65,공지사항,공지사항,농업인 건강연구회 2017년 3월 세미나(59차),자료실 게시물,,,2017-03-09,https://farmer.rda.go.kr/portal/menu1/board_viw.do?menuId=PS03448&m_id=3_18&m_mod=139&bbsId=5&nttSn=89&num=0&pageIndex=14,,5:89,https://farmer.rda.go.kr/portal/menu6/board_lst1.do?m_id=3_18&m_mod=0&menuId=PS03448&pageIndex=14,html/081_PS03448_p14.html,농촌진흥청 농업인안전365,N,N
c2ade2df397ee5df,공지사항,공지사항,농업인 건강연구회 2017년 2월 세미나(58차),자료실 게시물,,,2017-02-21,https://farmer.rda.go.kr/portal/menu1/board_viw.do?menuId=PS03448&m_id=3_18&m_mod=140&bbsId=5&nttSn=90&num=0&pageIndex=14,,5:90,https://farmer.rda.go.kr/portal/menu6/board_lst1.do?m_id=3_18&m_mod=0&menuId=PS03448&pageIndex=14,html/081_PS03448_p14.html,농촌진흥청 농업인안전365,N,N
98d1608ef3977545,공지사항,공지사항,농업인 건강연구회 2017년 1월 세미나(57차),자료실 게시물,,,2017-01-23,https://farmer.rda.go.kr/portal/menu1/board_viw.do?menuId=PS03448&m_id=3_18&m_mod=141&bbsId=5&nttSn=91&num=0&pageIndex=15,,5:91,https://farmer.rda.go.kr/portal/menu6/board_lst1.do?m_id=3_18&m_mod=0&menuId=PS03448&pageIndex=15,html/082_PS03448_p15.html,농촌진흥청 농업인안전365,N,N
2e367ec940cb6698,공지사항,공지사항,농업인 건강연구회 2016년 12월 세미나(56차),자료실 게시물,,,2016-12-13,https://farmer.rda.go.kr/portal/menu1/board_viw.do?menuId=PS03448&m_id=3_18&m_mod=142&bbsId=5&nttSn=92&num=0&pageIndex=15,,5:92,https://farmer.rda.go.kr/portal/menu6/board_lst1.do?m_id=3_18&m_mod=0&menuId=PS03448&pageIndex=15,html/082_PS03448_p15.html,농촌진흥청 농업인안전365,N,N
5f4067225dbfe6b4,공지사항,공지사항,농업인 건강연구회 2016년 11월 세미나(55차),자료실 게시물,,,2016-11-08,https://farmer.rda.go.kr/portal/menu1/board_viw.do?menuId=PS03448&m_id=3_18&m_mod=143&bbsId=5&nttSn=93&num=0&pageIndex=15,,5:93,https://farmer.rda.go.kr/portal/menu6/board_lst1.do?m_id=3_18&m_mod=0&menuId=PS03448&pageIndex=15,html/082_PS03448_p15.html,농촌진흥청 농업인안전365,N,N
b449bac0591d955f,공지사항,공지사항,농업인 건강연구회 2016년 10월 세미나(54차),자료실 게시물,,,2016-10-10,https://farmer.rda.go.kr/portal/menu1/board_viw.do?menuId=PS03448&m_id=3_18&m_mod=144&bbsId=5&nttSn=94&num=0&pageIndex=15,,5:94,https://farmer.rda.go.kr/portal/menu6/board_lst1.do?m_id=3_18&m_mod=0&menuId=PS03448&pageIndex=15,html/082_PS03448_p15.html,농촌진흥청 농업인안전365,N,N
69940747ebc27bea,공지사항,공지사항,농업인 건강연구회 2016년 6차(53회) 세미나,자료실 게시물,,,2016-06-15,https://farmer.rda.go.kr/portal/menu1/board_viw.do?menuId=PS03448&m_id=3_18&m_mod=145&bbsId=5&nttSn=95&num=0&pageIndex=15,,5:95,https://farmer.rda.go.kr/portal/menu6/board_lst1.do?m_id=3_18&m_mod=0&menuId=PS03448&pageIndex=15,html/082_PS03448_p15.html,농촌진흥청 농업인안전365,N,N
44087c0cbee56d26,공지사항,공지사항,농업인 건강연구회 2016년 5차(52회) 세미나,자료실 게시물,,,2016-05-18,https://farmer.rda.go.kr/portal/menu1/board_viw.do?menuId=PS03448&m_id=3_18&m_mod=146&bbsId=5&nttSn=96&num=0&pageIndex=15,,5:96,https://farmer.rda.go.kr/portal/menu6/board_lst1.do?m_id=3_18&m_mod=0&menuId=PS03448&pageIndex=15,html/082_PS03448_p15.html,농촌진흥청 농업인안전365,N,N
17cf3f163ba0f10b,공지사항,공지사항,농업인 건강연구회 2016년 4차(51회) 세미나,자료실 게시물,,,2016-04-15,https://farmer.rda.go.kr/portal/menu1/board_viw.do?menuId=PS03448&m_id=3_18&m_mod=147&bbsId=5&nttSn=97&num=0&pageIndex=15,,5:97,https://farmer.rda.go.kr/portal/menu6/board_lst1.do?m_id=3_18&m_mod=0&menuId=PS03448&pageIndex=15,html/082_PS03448_p15.html,농촌진흥청 농업인안전365,N,N
b6e147bb4bb97312,공지사항,공지사항,농업인 건강연구회 2016년 3차(50회) 세미나,자료실 게시물,,,2016-03-04,https://farmer.rda.go.kr/portal/menu1/board_viw.do?menuId=PS03448&m_id=3_18&m_mod=148&bbsId=5&nttSn=98&num=0&pageIndex=15,,5:98,https://farmer.rda.go.kr/portal/menu6/board_lst1.do?m_id=3_18&m_mod=0&menuId=PS03448&pageIndex=15,html/082_PS03448_p15.html,농촌진흥청 농업인안전365,N,N
b28136e8d287d9d0,공지사항,공지사항,농업인 건강연구회 2016년 2차(49회) 세미나,자료실 게시물,,,2016-02-04,https://farmer.rda.go.kr/portal/menu1/board_viw.do?menuId=PS03448&m_id=3_18&m_mod=149&bbsId=5&nttSn=99&num=0&pageIndex=15,,5:99,https://farmer.rda.go.kr/portal/menu6/board_lst1.do?m_id=3_18&m_mod=0&menuId=PS03448&pageIndex=15,html/082_PS03448_p15.html,농촌진흥청 농업인안전365,N,N
44cbe126ff75dc71,공지사항,공지사항,'ICOH' 농작업안전보건 국제 심포지엄,자료실 게시물,,,2015-06-15,https://farmer.rda.go.kr/portal/menu1/board_viw.do?menuId=PS03448&m_id=3_18&m_mod=150&bbsId=5&nttSn=100&num=0&pageIndex=15,,5:100,https://farmer.rda.go.kr/portal/menu6/board_lst1.do?m_id=3_18&m_mod=0&menuId=PS03448&pageIndex=15,html/082_PS03448_p15.html,농촌진흥청 농업인안전365,N,N
2969d498053c2c38,공지사항,공지사항,농업인 건강연구회 2015년 2차(46회) 세미나,자료실 게시물,,,2015-06-15,https://farmer.rda.go.kr/portal/menu1/board_viw.do?menuId=PS03448&m_id=3_18&m_mod=151&bbsId=5&nttSn=101&num=0&pageIndex=16,,5:101,https://farmer.rda.go.kr/portal/menu6/board_lst1.do?m_id=3_18&m_mod=0&menuId=PS03448&pageIndex=16,html/083_PS03448_p16.html,농촌진흥청 농업인안전365,N,N
df960a7c3c1ea4d3,공지사항,공지사항,농업인 건강연구회 2015년 1차(45회) 세미나,자료실 게시물,,,2015-06-15,https://farmer.rda.go.kr/portal/menu1/board_viw.do?menuId=PS03448&m_id=3_18&m_mod=152&bbsId=5&nttSn=102&num=0&pageIndex=16,,5:102,https://farmer.rda.go.kr/portal/menu6/board_lst1.do?m_id=3_18&m_mod=0&menuId=PS03448&pageIndex=16,html/083_PS03448_p16.html,농촌진흥청 농업인안전365,N,N
f8b520c453b2e1c1,공지사항,공지사항,농업인 건강 관련 사용자 매뉴얼,자료실 게시물,,,2015-03-20,https://farmer.rda.go.kr/portal/menu1/board_viw.do?menuId=PS03448&m_id=3_18&m_mod=153&bbsId=5&nttSn=103&num=0&pageIndex=16,,5:103,https://farmer.rda.go.kr/portal/menu6/board_lst1.do?m_id=3_18&m_mod=0&menuId=PS03448&pageIndex=16,html/083_PS03448_p16.html,농촌진흥청 농업인안전365,N,N
b62b96b3f7468832,공지사항,공지사항,농업인 건강연구회 2014년 4차(44회) 세미나,자료실 게시물,,,2014-10-08,https://farmer.rda.go.kr/portal/menu1/board_viw.do?menuId=PS03448&m_id=3_18&m_mod=154&bbsId=5&nttSn=104&num=0&pageIndex=16,,5:104,https://farmer.rda.go.kr/portal/menu6/board_lst1.do?m_id=3_18&m_mod=0&menuId=PS03448&pageIndex=16,html/083_PS03448_p16.html,농촌진흥청 농업인안전365,N,N
a651671a83b5f53f,공지사항,공지사항,농업인 건강연구회 2014년 3차(43회) 세미나,자료실 게시물,,,2014-03-13,https://farmer.rda.go.kr/portal/menu1/board_viw.do?menuId=PS03448&m_id=3_18&m_mod=155&bbsId=5&nttSn=105&num=0&pageIndex=16,,5:105,https://farmer.rda.go.kr/portal/menu6/board_lst1.do?m_id=3_18&m_mod=0&menuId=PS03448&pageIndex=16,html/083_PS03448_p16.html,농촌진흥청 농업인안전365,N,N
8903999be666a8a8,공지사항,공지사항,농업인 건강연구회 2014년 2차(42회) 세미나,자료실 게시물,,,2014-03-13,https://farmer.rda.go.kr/portal/menu1/board_viw.do?menuId=PS03448&m_id=3_18&m_mod=156&bbsId=5&nttSn=106&num=0&pageIndex=16,,5:106,https://farmer.rda.go.kr/portal/menu6/board_lst1.do?m_id=3_18&m_mod=0&menuId=PS03448&pageIndex=16,html/083_PS03448_p16.html,농촌진흥청 농업인안전365,N,N
b30eff4ba045662a,공지사항,공지사항,농업인 건강연구회 2013년 6차(40회) 세미나,자료실 게시물,,,2013-12-10,https://farmer.rda.go.kr/portal/menu1/board_viw.do?menuId=PS03448&m_id=3_18&m_mod=157&bbsId=5&nttSn=107&num=0&pageIndex=16,,5:107,https://farmer.rda.go.kr/portal/menu6/board_lst1.do?m_id=3_18&m_mod=0&menuId=PS03448&pageIndex=16,html/083_PS03448_p16.html,농촌진흥청 농업인안전365,N,N
09a0f7e0bf7a5041,공지사항,공지사항,농업인 건강연구회 2013년 5차(39회) 세미나,자료실 게시물,,,2013-11-14,https://farmer.rda.go.kr/portal/menu1/board_viw.do?menuId=PS03448&m_id=3_18&m_mod=158&bbsId=5&nttSn=108&num=0&pageIndex=16,,5:108,https://farmer.rda.go.kr/portal/menu6/board_lst1.do?m_id=3_18&m_mod=0&menuId=PS03448&pageIndex=16,html/083_PS03448_p16.html,농촌진흥청 농업인안전365,N,N
610f9179e6a44549,공지사항,공지사항,농업인 건강연구회 2013년 4차(38회) 세미나,자료실 게시물,,,2013-06-07,https://farmer.rda.go.kr/portal/menu1/board_viw.do?menuId=PS03448&m_id=3_18&m_mod=159&bbsId=5&nttSn=109&num=0&pageIndex=16,,5:109,https://farmer.rda.go.kr/portal/menu6/board_lst1.do?m_id=3_18&m_mod=0&menuId=PS03448&pageIndex=16,html/083_PS03448_p16.html,농촌진흥청 농업인안전365,N,N
5a640155e1debad4,공지사항,공지사항,농업인 건강연구회 2013년 3차(37회) 세미나,자료실 게시물,,,2013-04-05,https://farmer.rda.go.kr/portal/menu1/board_viw.do?menuId=PS03448&m_id=3_18&m_mod=160&bbsId=5&nttSn=110&num=0&pageIndex=16,,5:110,https://farmer.rda.go.kr/portal/menu6/board_lst1.do?m_id=3_18&m_mod=0&menuId=PS03448&pageIndex=16,html/083_PS03448_p16.html,농촌진흥청 농업인안전365,N,N
d2b3b009912a4115,공지사항,공지사항,농업인 건강연구회 2013년 2차(36회) 세미나,자료실 게시물,,,2013-02-12,https://farmer.rda.go.kr/portal/menu1/board_viw.do?menuId=PS03448&m_id=3_18&m_mod=161&bbsId=5&nttSn=111&num=0&pageIndex=17,,5:111,https://farmer.rda.go.kr/portal/menu6/board_lst1.do?m_id=3_18&m_mod=0&menuId=PS03448&pageIndex=17,html/084_PS03448_p17.html,농촌진흥청 농업인안전365,N,N
a5d6d7d866f3aceb,공지사항,공지사항,농업인 건강연구회 2013년 1차(35회) 세미나,자료실 게시물,,,2013-01-09,https://farmer.rda.go.kr/portal/menu1/board_viw.do?menuId=PS03448&m_id=3_18&m_mod=162&bbsId=5&nttSn=112&num=0&pageIndex=17,,5:112,https://farmer.rda.go.kr/portal/menu6/board_lst1.do?m_id=3_18&m_mod=0&menuId=PS03448&pageIndex=17,html/084_PS03448_p17.html,농촌진흥청 농업인안전365,N,N
37b59db62a186835,공지사항,공지사항,농업인 건강연구회 2012년 8차(34회) 세미나,자료실 게시물,,,2012-10-09,https://farmer.rda.go.kr/portal/menu1/board_viw.do?menuId=PS03448&m_id=3_18&m_mod=163&bbsId=5&nttSn=113&num=0&pageIndex=17,,5:113,https://farmer.rda.go.kr/portal/menu6/board_lst1.do?m_id=3_18&m_mod=0&menuId=PS03448&pageIndex=17,html/084_PS03448_p17.html,농촌진흥청 농업인안전365,N,N
d82fb313d1844385,공지사항,공지사항,농업인 건강연구회 2012년 7차(33회) 세미나,자료실 게시물,,,2012-09-05,https://farmer.rda.go.kr/portal/menu1/board_viw.do?menuId=PS03448&m_id=3_18&m_mod=164&bbsId=5&nttSn=114&num=0&pageIndex=17,,5:114,https://farmer.rda.go.kr/portal/menu6/board_lst1.do?m_id=3_18&m_mod=0&menuId=PS03448&pageIndex=17,html/084_PS03448_p17.html,농촌진흥청 농업인안전365,N,N
14efb488015888ea,공지사항,공지사항,농업인 건강연구회 2012년 6차(32회) 세미나,자료실 게시물,,,2012-07-10,https://farmer.rda.go.kr/portal/menu1/board_viw.do?menuId=PS03448&m_id=3_18&m_mod=165&bbsId=5&nttSn=115&num=0&pageIndex=17,,5:115,https://farmer.rda.go.kr/portal/menu6/board_lst1.do?m_id=3_18&m_mod=0&menuId=PS03448&pageIndex=17,html/084_PS03448_p17.html,농촌진흥청 농업인안전365,N,N
b8bad7d4540a2e52,공지사항,공지사항,농업인 건강연구회 2012년 5차(31회) 세미나,자료실 게시물,,,2012-06-04,https://farmer.rda.go.kr/portal/menu1/board_viw.do?menuId=PS03448&m_id=3_18&m_mod=166&bbsId=5&nttSn=116&num=0&pageIndex=17,,5:116,https://farmer.rda.go.kr/portal/menu6/board_lst1.do?m_id=3_18&m_mod=0&menuId=PS03448&pageIndex=17,html/084_PS03448_p17.html,농촌진흥청 농업인안전365,N,N
ad0a0caf38321126,공지사항,공지사항,농업인 건강연구회 2012년 4차(30회) 세미나,자료실 게시물,,,2012-05-03,https://farmer.rda.go.kr/portal/menu1/board_viw.do?menuId=PS03448&m_id=3_18&m_mod=167&bbsId=5&nttSn=117&num=0&pageIndex=17,,5:117,https://farmer.rda.go.kr/portal/menu6/board_lst1.do?m_id=3_18&m_mod=0&menuId=PS03448&pageIndex=17,html/084_PS03448_p17.html,농촌진흥청 농업인안전365,N,N
cbbfdc84e4c5dd41,공지사항,공지사항,농업인 건강연구회 2012년 3차(29회) 세미나,자료실 게시물,,,2012-04-06,https://farmer.rda.go.kr/portal/menu1/board_viw.do?menuId=PS03448&m_id=3_18&m_mod=168&bbsId=5&nttSn=118&num=0&pageIndex=17,,5:118,https://farmer.rda.go.kr/portal/menu6/board_lst1.do?m_id=3_18&m_mod=0&menuId=PS03448&pageIndex=17,html/084_PS03448_p17.html,농촌진흥청 농업인안전365,N,N
6267b6fe6b7d07e9,공지사항,공지사항,농업인 건강연구회 2012년 2차(28회) 세미나,자료실 게시물,,,2012-02-07,https://farmer.rda.go.kr/portal/menu1/board_viw.do?menuId=PS03448&m_id=3_18&m_mod=169&bbsId=5&nttSn=119&num=0&pageIndex=17,,5:119,https://farmer.rda.go.kr/portal/menu6/board_lst1.do?m_id=3_18&m_mod=0&menuId=PS03448&pageIndex=17,html/084_PS03448_p17.html,농촌진흥청 농업인안전365,N,N
24ca1d0cc09c69bf,공지사항,공지사항,농업인 건강연구회 2012년 1차(27회) 세미나 안내,자료실 게시물,,,2012-01-10,https://farmer.rda.go.kr/portal/menu1/board_viw.do?menuId=PS03448&m_id=3_18&m_mod=170&bbsId=5&nttSn=120&num=0&pageIndex=17,,5:120,https://farmer.rda.go.kr/portal/menu6/board_lst1.do?m_id=3_18&m_mod=0&menuId=PS03448&pageIndex=17,html/084_PS03448_p17.html,농촌진흥청 농업인안전365,N,N
325e0feb54b6c84d,공지사항,공지사항,强少農은 건강한 농업인으로 한·일 공동 농작업안전 심포지엄,자료실 게시물,,,2011-11-28,https://farmer.rda.go.kr/portal/menu1/board_viw.do?menuId=PS03448&m_id=3_18&m_mod=171&bbsId=5&nttSn=121&num=0&pageIndex=18,,5:121,https://farmer.rda.go.kr/portal/menu6/board_lst1.do?m_id=3_18&m_mod=0&menuId=PS03448&pageIndex=18,html/085_PS03448_p18.html,농촌진흥청 농업인안전365,N,N
0bcd07a7f475ec66,공지사항,공지사항,농업인 건강연구회 2011년 7차(25회) 세미나,자료실 게시물,,,2011-10-12,https://farmer.rda.go.kr/portal/menu1/board_viw.do?menuId=PS03448&m_id=3_18&m_mod=172&bbsId=5&nttSn=122&num=0&pageIndex=18,,5:122,https://farmer.rda.go.kr/portal/menu6/board_lst1.do?m_id=3_18&m_mod=0&menuId=PS03448&pageIndex=18,html/085_PS03448_p18.html,농촌진흥청 농업인안전365,N,N
4240754240923c45,공지사항,공지사항,농업인 건강연구회 2011년 6차(제24회) 세미나,자료실 게시물,,,2011-09-07,https://farmer.rda.go.kr/portal/menu1/board_viw.do?menuId=PS03448&m_id=3_18&m_mod=173&bbsId=5&nttSn=123&num=0&pageIndex=18,,5:123,https://farmer.rda.go.kr/portal/menu6/board_lst1.do?m_id=3_18&m_mod=0&menuId=PS03448&pageIndex=18,html/085_PS03448_p18.html,농촌진흥청 농업인안전365,N,N
77bcbae0937b83b6,공지사항,공지사항,농업인 건강연구회 2011년 4차(제22회) 세미나,자료실 게시물,,,2011-06-08,https://farmer.rda.go.kr/portal/menu1/board_viw.do?menuId=PS03448&m_id=3_18&m_mod=174&bbsId=5&nttSn=124&num=0&pageIndex=18,,5:124,https://farmer.rda.go.kr/portal/menu6/board_lst1.do?m_id=3_18&m_mod=0&menuId=PS03448&pageIndex=18,html/085_PS03448_p18.html,농촌진흥청 농업인안전365,N,N
23fead7812826a31,공지사항,공지사항,농업인 건강연구회 2011년 3차(제21회) 세미나,자료실 게시물,,,2011-05-09,https://farmer.rda.go.kr/portal/menu1/board_viw.do?menuId=PS03448&m_id=3_18&m_mod=175&bbsId=5&nttSn=125&num=0&pageIndex=18,,5:125,https://farmer.rda.go.kr/portal/menu6/board_lst1.do?m_id=3_18&m_mod=0&menuId=PS03448&pageIndex=18,html/085_PS03448_p18.html,농촌진흥청 농업인안전365,N,N
2bee741d2b9f1d57,공지사항,공지사항,농업인 건강연구회 2011년 2차(제20회) 세미나,자료실 게시물,,,2011-04-08,https://farmer.rda.go.kr/portal/menu1/board_viw.do?menuId=PS03448&m_id=3_18&m_mod=176&bbsId=5&nttSn=126&num=0&pageIndex=18,,5:126,https://farmer.rda.go.kr/portal/menu6/board_lst1.do?m_id=3_18&m_mod=0&menuId=PS03448&pageIndex=18,html/085_PS03448_p18.html,농촌진흥청 농업인안전365,N,N
7c0074009b469766,공지사항,공지사항,농업인 건강연구회 2011년 1차(제19회) 세미나 공지,자료실 게시물,,,2011-03-08,https://farmer.rda.go.kr/portal/menu1/board_viw.do?menuId=PS03448&m_id=3_18&m_mod=177&bbsId=5&nttSn=127&num=0&pageIndex=18,,5:127,https://farmer.rda.go.kr/portal/menu6/board_lst1.do?m_id=3_18&m_mod=0&menuId=PS03448&pageIndex=18,html/085_PS03448_p18.html,농촌진흥청 농업인안전365,N,N
b0ac9eb858432eb6,공지사항,공지사항,농업인 건강연구회 2010년 10차(제18회) 세미나,자료실 게시물,,,2010-11-16,https://farmer.rda.go.kr/portal/menu1/board_viw.do?menuId=PS03448&m_id=3_18&m_mod=178&bbsId=5&nttSn=128&num=0&pageIndex=18,,5:128,https://farmer.rda.go.kr/portal/menu6/board_lst1.do?m_id=3_18&m_mod=0&menuId=PS03448&pageIndex=18,html/085_PS03448_p18.html,농촌진흥청 농업인안전365,N,N
b3b5e91867e8fa18,공지사항,공지사항,농업인 건강연구회 제17회 세미나 공지,자료실 게시물,,,2010-10-18,https://farmer.rda.go.kr/portal/menu1/board_viw.do?menuId=PS03448&m_id=3_18&m_mod=179&bbsId=5&nttSn=129&num=0&pageIndex=18,,5:129,https://farmer.rda.go.kr/portal/menu6/board_lst1.do?m_id=3_18&m_mod=0&menuId=PS03448&pageIndex=18,html/085_PS03448_p18.html,농촌진흥청 농업인안전365,N,N
e2598a611f6e1456,공지사항,공지사항,농업인 건강연구회 제16회 세미나 공지,자료실 게시물,,,2010-09-15,https://farmer.rda.go.kr/portal/menu1/board_viw.do?menuId=PS03448&m_id=3_18&m_mod=180&bbsId=5&nttSn=130&num=0&pageIndex=18,,5:130,https://farmer.rda.go.kr/portal/menu6/board_lst1.do?m_id=3_18&m_mod=0&menuId=PS03448&pageIndex=18,html/085_PS03448_p18.html,농촌진흥청 농업인안전365,N,N
bfecc1e70143e7c3,공지사항,공지사항,농업인 건강연구회 제15회 세미나 공지,자료실 게시물,,,2010-07-13,https://farmer.rda.go.kr/portal/menu1/board_viw.do?menuId=PS03448&m_id=3_18&m_mod=181&bbsId=5&nttSn=131&num=0&pageIndex=19,,5:131,https://farmer.rda.go.kr/portal/menu6/board_lst1.do?m_id=3_18&m_mod=0&menuId=PS03448&pageIndex=19,html/086_PS03448_p19.html,농촌진흥청 농업인안전365,N,N
eb275d95e6f5124d,공지사항,공지사항,'농업인 건강연구회' 제13회 세미나 공지,자료실 게시물,,,2010-05-18,https://farmer.rda.go.kr/portal/menu1/board_viw.do?menuId=PS03448&m_id=3_18&m_mod=182&bbsId=5&nttSn=132&num=0&pageIndex=19,,5:132,https://farmer.rda.go.kr/portal/menu6/board_lst1.do?m_id=3_18&m_mod=0&menuId=PS03448&pageIndex=19,html/086_PS03448_p19.html,농촌진흥청 농업인안전365,N,N
f8b4d93588f3f8fb,공지사항,공지사항,한·일 공동 국제세미나-저탄소 녹색성장을 위한 농업인 안전보건 강화 방안,자료실 게시물,,,2009-09-16,https://farmer.rda.go.kr/portal/menu1/board_viw.do?menuId=PS03448&m_id=3_18&m_mod=183&bbsId=5&nttSn=133&num=0&pageIndex=19,,5:133,https://farmer.rda.go.kr/portal/menu6/board_lst1.do?m_id=3_18&m_mod=0&menuId=PS03448&pageIndex=19,html/086_PS03448_p19.html,농촌진흥청 농업인안전365,N,N
5a48fb11cca6171e,공지사항,공지사항,대한인간공학회 춘계학술대회 공동개최,자료실 게시물,,,2009-05-21,https://farmer.rda.go.kr/portal/menu1/board_viw.do?menuId=PS03448&m_id=3_18&m_mod=184&bbsId=5&nttSn=135&num=0&pageIndex=19,,5:135,https://farmer.rda.go.kr/portal/menu6/board_lst1.do?m_id=3_18&m_mod=0&menuId=PS03448&pageIndex=19,html/086_PS03448_p19.html,농촌진흥청 농업인안전365,N,N
560dee41d9316f7e,공지사항,공지사항,"한국, 독일, 오스트리아 국제세미나 - 산재보험발전과 사회안전망 확충",자료실 게시물,,,2009-05-21,https://farmer.rda.go.kr/portal/menu1/board_viw.do?menuId=PS03448&m_id=3_18&m_mod=185&bbsId=5&nttSn=134&num=0&pageIndex=19,,5:134,https://farmer.rda.go.kr/portal/menu6/board_lst1.do?m_id=3_18&m_mod=0&menuId=PS03448&pageIndex=19,html/086_PS03448_p19.html,농촌진흥청 농업인안전365,N,N
7df9a43ae464c822,공지사항,공지사항,한국농촌의학 지역보건학회 2009 춘계학술대회,자료실 게시물,,,2009-05-21,https://farmer.rda.go.kr/portal/menu1/board_viw.do?menuId=PS03448&m_id=3_18&m_mod=186&bbsId=5&nttSn=136&num=0&pageIndex=19,,5:136,https://farmer.rda.go.kr/portal/menu6/board_lst1.do?m_id=3_18&m_mod=0&menuId=PS03448&pageIndex=19,html/086_PS03448_p19.html,농촌진흥청 농업인안전365,N,N
74fd4dc84e218b30,공지사항,응급대응,제2회 전국 농작업 사고사례 및 안전표어 공모 개최,자료실 게시물,,,2008-09-09,https://farmer.rda.go.kr/portal/menu1/board_viw.do?menuId=PS03448&m_id=3_18&m_mod=187&bbsId=5&nttSn=137&num=0&pageIndex=19,,5:137,https://farmer.rda.go.kr/portal/menu6/board_lst1.do?m_id=3_18&m_mod=0&menuId=PS03448&pageIndex=19,html/086_PS03448_p19.html,농촌진흥청 농업인안전365,N,N
50144549525c4b13,공지사항,공지사항,일본 전문가 초청세미나 『 한·일 농작업재해 현황 및 예방관리방안 』,자료실 게시물,,,2008-06-24,https://farmer.rda.go.kr/portal/menu1/board_viw.do?menuId=PS03448&m_id=3_18&m_mod=188&bbsId=5&nttSn=138&num=0&pageIndex=19,,5:138,https://farmer.rda.go.kr/portal/menu6/board_lst1.do?m_id=3_18&m_mod=0&menuId=PS03448&pageIndex=19,html/086_PS03448_p19.html,농촌진흥청 농업인안전365,N,N
71597b57a7033754,공지사항,공지사항,전문가 초청 세미나『 국가 안전관리 전략 수립을 위한 작업안전 연구 』,자료실 게시물,,,2008-03-04,https://farmer.rda.go.kr/portal/menu1/board_viw.do?menuId=PS03448&m_id=3_18&m_mod=189&bbsId=5&nttSn=139&num=0&pageIndex=19,,5:139,https://farmer.rda.go.kr/portal/menu6/board_lst1.do?m_id=3_18&m_mod=0&menuId=PS03448&pageIndex=19,html/086_PS03448_p19.html,농촌진흥청 농업인안전365,N,N
5f10155c042377bd,공지사항,공지사항,보조도구 홍보자료 등록 안내,자료실 게시물,,,2007-10-25,https://farmer.rda.go.kr/portal/menu1/board_viw.do?menuId=PS03448&m_id=3_18&m_mod=190&bbsId=5&nttSn=140&num=0&pageIndex=19,,5:140,https://farmer.rda.go.kr/portal/menu6/board_lst1.do?m_id=3_18&m_mod=0&menuId=PS03448&pageIndex=19,html/086_PS03448_p19.html,농촌진흥청 농업인안전365,N,N
28ba9df21afa0144,공지사항,공지사항,농업인 건강안전정보시스템 설계확정을 위한 워크숍,자료실 게시물,,,2007-08-02,https://farmer.rda.go.kr/portal/menu1/board_viw.do?menuId=PS03448&m_id=3_18&m_mod=191&bbsId=5&nttSn=142&num=0&pageIndex=20,,5:142,https://farmer.rda.go.kr/portal/menu6/board_lst1.do?m_id=3_18&m_mod=0&menuId=PS03448&pageIndex=20,html/087_PS03448_p20.html,농촌진흥청 농업인안전365,N,N
de03a1da590ddb7b,공지사항,공지사항,농작업 사고 사례 및 안전 표어 공모 계획,자료실 게시물,,,2007-08-02,https://farmer.rda.go.kr/portal/menu1/board_viw.do?menuId=PS03448&m_id=3_18&m_mod=192&bbsId=5&nttSn=141&num=0&pageIndex=20,,5:141,https://farmer.rda.go.kr/portal/menu6/board_lst1.do?m_id=3_18&m_mod=0&menuId=PS03448&pageIndex=20,html/087_PS03448_p20.html,농촌진흥청 농업인안전365,N,N
c575e0172cafcf06,공지사항,공지사항,농과원 박사후 연구원 모집,자료실 게시물,,,2007-04-26,https://farmer.rda.go.kr/portal/menu1/board_viw.do?menuId=PS03448&m_id=3_18&m_mod=193&bbsId=5&nttSn=143&num=0&pageIndex=20,,5:143,https://farmer.rda.go.kr/portal/menu6/board_lst1.do?m_id=3_18&m_mod=0&menuId=PS03448&pageIndex=20,html/087_PS03448_p20.html,농촌진흥청 농업인안전365,N,N
237ddbf38ef066b8,공지사항,공지사항,농작업재해 장기추적연구 세부 추진방안 워크샵,자료실 게시물,,,2007-02-15,https://farmer.rda.go.kr/portal/menu1/board_viw.do?menuId=PS03448&m_id=3_18&m_mod=194&bbsId=5&nttSn=146&num=0&pageIndex=20,,5:146,https://farmer.rda.go.kr/portal/menu6/board_lst1.do?m_id=3_18&m_mod=0&menuId=PS03448&pageIndex=20,html/087_PS03448_p20.html,농촌진흥청 농업인안전365,N,N
1b30093fad0ef3ca,공지사항,공지사항,농작업 유해요인 평가연구 세부 추진방안 세미나,자료실 게시물,,,2007-02-15,https://farmer.rda.go.kr/portal/menu1/board_viw.do?menuId=PS03448&m_id=3_18&m_mod=195&bbsId=5&nttSn=145&num=0&pageIndex=20,,5:145,https://farmer.rda.go.kr/portal/menu6/board_lst1.do?m_id=3_18&m_mod=0&menuId=PS03448&pageIndex=20,html/087_PS03448_p20.html,농촌진흥청 농업인안전365,N,N
edcad00f30695933,공지사항,공지사항,해외 전문가 초청 세미나,자료실 게시물,,,2007-02-15,https://farmer.rda.go.kr/portal/menu1/board_viw.do?menuId=PS03448&m_id=3_18&m_mod=196&bbsId=5&nttSn=147&num=0&pageIndex=20,,5:147,https://farmer.rda.go.kr/portal/menu6/board_lst1.do?m_id=3_18&m_mod=0&menuId=PS03448&pageIndex=20,html/087_PS03448_p20.html,농촌진흥청 농업인안전365,N,N
57b631f4d48239ae,공지사항,공지사항,가족경영협약 현장 전문가 워크숍 개최,자료실 게시물,,,2007-02-15,https://farmer.rda.go.kr/portal/menu1/board_viw.do?menuId=PS03448&m_id=3_18&m_mod=197&bbsId=5&nttSn=150&num=0&pageIndex=20,,5:150,https://farmer.rda.go.kr/portal/menu6/board_lst1.do?m_id=3_18&m_mod=0&menuId=PS03448&pageIndex=20,html/087_PS03448_p20.html,농촌진흥청 농업인안전365,N,N
998f359ad0c5b013,공지사항,공지사항,전문가 초청세미나,자료실 게시물,,,2007-02-15,https://farmer.rda.go.kr/portal/menu1/board_viw.do?menuId=PS03448&m_id=3_18&m_mod=198&bbsId=5&nttSn=148&num=0&pageIndex=20,,5:148,https://farmer.rda.go.kr/portal/menu6/board_lst1.do?m_id=3_18&m_mod=0&menuId=PS03448&pageIndex=20,html/087_PS03448_p20.html,농촌진흥청 농업인안전365,N,N
9567330818232cc1,공지사항,공지사항,전문가 초청세미나,자료실 게시물,,,2007-02-15,https://farmer.rda.go.kr/portal/menu1/board_viw.do?menuId=PS03448&m_id=3_18&m_mod=199&bbsId=5&nttSn=149&num=0&pageIndex=20,,5:149,https://farmer.rda.go.kr/portal/menu6/board_lst1.do?m_id=3_18&m_mod=0&menuId=PS03448&pageIndex=20,html/087_PS03448_p20.html,농촌진흥청 농업인안전365,N,N
8af8bb0acc644cf3,공지사항,공지사항,식품성분표 표지디자인 공모전 당선작 발표,자료실 게시물,,,2007-02-15,https://farmer.rda.go.kr/portal/menu1/board_viw.do?menuId=PS03448&m_id=3_18&m_mod=200&bbsId=5&nttSn=151&num=0&pageIndex=20,,5:151,https://farmer.rda.go.kr/portal/menu6/board_lst1.do?m_id=3_18&m_mod=0&menuId=PS03448&pageIndex=20,html/087_PS03448_p20.html,농촌진흥청 농업인안전365,N,N
88a3cc1e3b6b9ece,홍보,농기계,"농촌진흥청, 수확철 농기계사고 주의 철저 당부",자료실 게시물,,,2024-11-15,https://farmer.rda.go.kr/portal/menu1/board_viw.do?menuId=PS03449&m_id=3_19&m_mod=111&bbsId=6&nttSn=679&num=0&pageIndex=12,,6:679,https://farmer.rda.go.kr/portal/menu6/board_lst1.do?m_id=3_19&m_mod=0&menuId=PS03449&pageIndex=12,html/088_PS03449_p12.html,농촌진흥청 농업인안전365,N,N
989b0116d1e86033,홍보,활동소식,국제 농작업 안전 심포지엄 개최,자료실 게시물,,,2024-11-05,https://farmer.rda.go.kr/portal/menu1/board_viw.do?menuId=PS03449&m_id=3_19&m_mod=112&bbsId=6&nttSn=678&num=0&pageIndex=12,,6:678,https://farmer.rda.go.kr/portal/menu6/board_lst1.do?m_id=3_19&m_mod=0&menuId=PS03449&pageIndex=12,html/088_PS03449_p12.html,농촌진흥청 농업인안전365,N,N
3219d367fa9d1c3c,홍보,보도자료,"동북아 전문가 모여 ""농작업 안전"" 국제 연대 강화",자료실 게시물,,,2024-11-05,https://farmer.rda.go.kr/portal/menu1/board_viw.do?menuId=PS03449&m_id=3_19&m_mod=113&bbsId=6&nttSn=677&num=0&pageIndex=12,,6:677,https://farmer.rda.go.kr/portal/menu6/board_lst1.do?m_id=3_19&m_mod=0&menuId=PS03449&pageIndex=12,html/088_PS03449_p12.html,농촌진흥청 농업인안전365,N,N
ae2a1f63b0620b9c,홍보,활동소식,국립농업과학원-전남소방본부 업무협약,자료실 게시물,,,2024-11-05,https://farmer.rda.go.kr/portal/menu1/board_viw.do?menuId=PS03449&m_id=3_19&m_mod=114&bbsId=6&nttSn=676&num=0&pageIndex=12,,6:676,https://farmer.rda.go.kr/portal/menu6/board_lst1.do?m_id=3_19&m_mod=0&menuId=PS03449&pageIndex=12,html/088_PS03449_p12.html,농촌진흥청 농업인안전365,N,N
123807644aa85192,홍보,보도자료,"농촌진흥청, 소방과 손잡고 농작업 안전사고 예방 대응체계 구축",자료실 게시물,,,2024-11-05,https://farmer.rda.go.kr/portal/menu1/board_viw.do?menuId=PS03449&m_id=3_19&m_mod=115&bbsId=6&nttSn=675&num=0&pageIndex=12,,6:675,https://farmer.rda.go.kr/portal/menu6/board_lst1.do?m_id=3_19&m_mod=0&menuId=PS03449&pageIndex=12,html/088_PS03449_p12.html,농촌진흥청 농업인안전365,N,N
882feefc335e9dd8,홍보,보도자료,농작업 사고 예방을 위해 동북아 전문가들이 모여 최신 기술 정보 공유,자료실 게시물,,,2024-11-05,https://farmer.rda.go.kr/portal/menu1/board_viw.do?menuId=PS03449&m_id=3_19&m_mod=116&bbsId=6&nttSn=674&num=0&pageIndex=12,,6:674,https://farmer.rda.go.kr/portal/menu6/board_lst1.do?m_id=3_19&m_mod=0&menuId=PS03449&pageIndex=12,html/088_PS03449_p12.html,농촌진흥청 농업인안전365,N,N
997ffce13227143a,홍보,온열·한랭,"""농업인 온열질환 사고 없도록..."" 현장 방문 홍보 펼쳐",자료실 게시물,,,2024-11-05,https://farmer.rda.go.kr/portal/menu1/board_viw.do?menuId=PS03449&m_id=3_19&m_mod=117&bbsId=6&nttSn=673&num=0&pageIndex=12,,6:673,https://farmer.rda.go.kr/portal/menu6/board_lst1.do?m_id=3_19&m_mod=0&menuId=PS03449&pageIndex=12,html/088_PS03449_p12.html,농촌진흥청 농업인안전365,N,N
1d6063d9e73520e0,홍보,농기계,"충남도 농업기술원, 벌초 등 풀 베기 시 예초기 사고 '주의'",자료실 게시물,,,2024-11-01,https://farmer.rda.go.kr/portal/menu1/board_viw.do?menuId=PS03449&m_id=3_19&m_mod=118&bbsId=6&nttSn=672&num=0&pageIndex=12,,6:672,https://farmer.rda.go.kr/portal/menu6/board_lst1.do?m_id=3_19&m_mod=0&menuId=PS03449&pageIndex=12,html/088_PS03449_p12.html,농촌진흥청 농업인안전365,N,N
f72c31cc914b9d4f,홍보,감염·생물학적 위험,"전북농기원, 야외 농작업 시 진드기 매개 감염병 주의",자료실 게시물,,,2024-11-01,https://farmer.rda.go.kr/portal/menu1/board_viw.do?menuId=PS03449&m_id=3_19&m_mod=119&bbsId=6&nttSn=671&num=0&pageIndex=12,,6:671,https://farmer.rda.go.kr/portal/menu6/board_lst1.do?m_id=3_19&m_mod=0&menuId=PS03449&pageIndex=12,html/088_PS03449_p12.html,농촌진흥청 농업인안전365,N,N
4b65ff2b592a60f8,홍보,홍보성과,'농작업 안전' 국제 연대 강화,자료실 게시물,,,2024-11-01,https://farmer.rda.go.kr/portal/menu1/board_viw.do?menuId=PS03449&m_id=3_19&m_mod=120&bbsId=6&nttSn=670&num=0&pageIndex=12,,6:670,https://farmer.rda.go.kr/portal/menu6/board_lst1.do?m_id=3_19&m_mod=0&menuId=PS03449&pageIndex=12,html/088_PS03449_p12.html,농촌진흥청 농업인안전365,N,N
124753bb7d137934,홍보,홍보성과,"농진청, 농작업 안전사고 예방 대응 체계 구축",자료실 게시물,,,2024-11-01,https://farmer.rda.go.kr/portal/menu1/board_viw.do?menuId=PS03449&m_id=3_19&m_mod=121&bbsId=6&nttSn=669&num=0&pageIndex=13,,6:669,https://farmer.rda.go.kr/portal/menu6/board_lst1.do?m_id=3_19&m_mod=0&menuId=PS03449&pageIndex=13,html/089_PS03449_p13.html,농촌진흥청 농업인안전365,N,N
c4f6f8df47e41a30,홍보,홍보성과,"권재한 농진청장, 2024 국제 농작업 안전 심포지엄 개최",자료실 게시물,,,2024-11-01,https://farmer.rda.go.kr/portal/menu1/board_viw.do?menuId=PS03449&m_id=3_19&m_mod=122&bbsId=6&nttSn=668&num=0&pageIndex=13,,6:668,https://farmer.rda.go.kr/portal/menu6/board_lst1.do?m_id=3_19&m_mod=0&menuId=PS03449&pageIndex=13,html/089_PS03449_p13.html,농촌진흥청 농업인안전365,N,N
ccecd1dd750206b5,홍보,온열·한랭,"(대한경제) 대구시농업기술센터, 민관 협력 ‘농업인 온열질환 예방 캠페인’ 전개",자료실 게시물,,,2024-11-01,https://farmer.rda.go.kr/portal/menu1/board_viw.do?menuId=PS03449&m_id=3_19&m_mod=123&bbsId=6&nttSn=667&num=0&pageIndex=13,,6:667,https://farmer.rda.go.kr/portal/menu6/board_lst1.do?m_id=3_19&m_mod=0&menuId=PS03449&pageIndex=13,html/089_PS03449_p13.html,농촌진흥청 농업인안전365,N,N
4910cf5a91743621,홍보,온열·한랭,"(더팩트) 당진시, 농업인 온열 질환 예방 캠페인 전개",자료실 게시물,,,2024-11-01,https://farmer.rda.go.kr/portal/menu1/board_viw.do?menuId=PS03449&m_id=3_19&m_mod=124&bbsId=6&nttSn=666&num=0&pageIndex=13,,6:666,https://farmer.rda.go.kr/portal/menu6/board_lst1.do?m_id=3_19&m_mod=0&menuId=PS03449&pageIndex=13,html/089_PS03449_p13.html,농촌진흥청 농업인안전365,N,N
03d586bb9041a237,홍보,농기계,(뉴스1) 곡성 농로서 트랙터 전복사고...50대 운전자 숨져,자료실 게시물,,,2024-11-01,https://farmer.rda.go.kr/portal/menu1/board_viw.do?menuId=PS03449&m_id=3_19&m_mod=125&bbsId=6&nttSn=665&num=0&pageIndex=13,,6:665,https://farmer.rda.go.kr/portal/menu6/board_lst1.do?m_id=3_19&m_mod=0&menuId=PS03449&pageIndex=13,html/089_PS03449_p13.html,농촌진흥청 농업인안전365,N,N
d1406809562619fe,홍보,뉴스모음집,"(아시아경제) '살인적더위'... 창녕, 창원서 밭일하던 2명 숨져",자료실 게시물,,,2024-11-01,https://farmer.rda.go.kr/portal/menu1/board_viw.do?menuId=PS03449&m_id=3_19&m_mod=126&bbsId=6&nttSn=664&num=0&pageIndex=13,,6:664,https://farmer.rda.go.kr/portal/menu6/board_lst1.do?m_id=3_19&m_mod=0&menuId=PS03449&pageIndex=13,html/089_PS03449_p13.html,농촌진흥청 농업인안전365,N,N
c9a45a16111b0f3b,홍보,온열·한랭,(NEWSIS) '연일 폭염' 광주 올해 첫 온열질환 사망자 발생,자료실 게시물,,,2024-11-01,https://farmer.rda.go.kr/portal/menu1/board_viw.do?menuId=PS03449&m_id=3_19&m_mod=127&bbsId=6&nttSn=663&num=0&pageIndex=13,,6:663,https://farmer.rda.go.kr/portal/menu6/board_lst1.do?m_id=3_19&m_mod=0&menuId=PS03449&pageIndex=13,html/089_PS03449_p13.html,농촌진흥청 농업인안전365,N,N
09b35274c0536b0c,홍보,농기계,"(농기자재신문) 농촌진흥청 개발 ‘농업기계 주행 안내 시스템’, 교통안전시설로 채택",자료실 게시물,,,2024-11-01,https://farmer.rda.go.kr/portal/menu1/board_viw.do?menuId=PS03449&m_id=3_19&m_mod=128&bbsId=6&nttSn=662&num=0&pageIndex=13,,6:662,https://farmer.rda.go.kr/portal/menu6/board_lst1.do?m_id=3_19&m_mod=0&menuId=PS03449&pageIndex=13,html/089_PS03449_p13.html,농촌진흥청 농업인안전365,N,N
85306ddbf58e6c87,홍보,농기계,(뉴시스) 농기계 주행 안내표지판 설치했더니 과속차량 '뚝'…사고예방 효과,자료실 게시물,,,2024-11-01,https://farmer.rda.go.kr/portal/menu1/board_viw.do?menuId=PS03449&m_id=3_19&m_mod=129&bbsId=6&nttSn=661&num=0&pageIndex=13,,6:661,https://farmer.rda.go.kr/portal/menu6/board_lst1.do?m_id=3_19&m_mod=0&menuId=PS03449&pageIndex=13,html/089_PS03449_p13.html,농촌진흥청 농업인안전365,N,N
64cd8c1728ee2cd4,홍보,농기계,"농촌진흥청 개발 '농업기계 주행 안내 시스템', 교통안전시설로 채택",자료실 게시물,,,2024-11-01,https://farmer.rda.go.kr/portal/menu1/board_viw.do?menuId=PS03449&m_id=3_19&m_mod=130&bbsId=6&nttSn=660&num=0&pageIndex=13,,6:660,https://farmer.rda.go.kr/portal/menu6/board_lst1.do?m_id=3_19&m_mod=0&menuId=PS03449&pageIndex=13,html/089_PS03449_p13.html,농촌진흥청 농업인안전365,N,N
519e4bebf79e71fb,홍보,농기계,농업기계 사고정보의 119 상황실(전남소방본부) 데이터 연동 테스트,자료실 게시물,,,2024-07-23,https://farmer.rda.go.kr/portal/menu1/board_viw.do?menuId=PS03449&m_id=3_19&m_mod=131&bbsId=6&nttSn=650&num=0&pageIndex=14,,6:650,https://farmer.rda.go.kr/portal/menu6/board_lst1.do?m_id=3_19&m_mod=0&menuId=PS03449&pageIndex=14,html/090_PS03449_p14.html,농촌진흥청 농업인안전365,N,N
fbd03d4a463f95cf,홍보,활동소식,농촌진흥청-한국통계학회 기획섹션 개최,자료실 게시물,,,2024-07-12,https://farmer.rda.go.kr/portal/menu1/board_viw.do?menuId=PS03449&m_id=3_19&m_mod=132&bbsId=6&nttSn=649&num=0&pageIndex=14,,6:649,https://farmer.rda.go.kr/portal/menu6/board_lst1.do?m_id=3_19&m_mod=0&menuId=PS03449&pageIndex=14,html/090_PS03449_p14.html,농촌진흥청 농업인안전365,N,N
29c2cd3dc3bdd7ea,홍보,농기계,(세이프타임즈) 농협손보 농기계 사고예방 '구슬땀' … 서국동 대표 서안성농협 캠페인,자료실 게시물,,,2024-06-28,https://farmer.rda.go.kr/portal/menu1/board_viw.do?menuId=PS03449&m_id=3_19&m_mod=133&bbsId=6&nttSn=658&num=0&pageIndex=14,,6:658,https://farmer.rda.go.kr/portal/menu6/board_lst1.do?m_id=3_19&m_mod=0&menuId=PS03449&pageIndex=14,html/090_PS03449_p14.html,농촌진흥청 농업인안전365,N,N
a7ab9dcd05f87aef,홍보,농기계,"(노컷뉴스) NH농협손보, 농기계 사고예방 캠페인 전개",자료실 게시물,,,2024-06-28,https://farmer.rda.go.kr/portal/menu1/board_viw.do?menuId=PS03449&m_id=3_19&m_mod=134&bbsId=6&nttSn=657&num=0&pageIndex=14,,6:657,https://farmer.rda.go.kr/portal/menu6/board_lst1.do?m_id=3_19&m_mod=0&menuId=PS03449&pageIndex=14,html/090_PS03449_p14.html,농촌진흥청 농업인안전365,N,N
290d6906ae43515c,홍보,농기계,세종경찰청 협력 '농기계 사고예방 캠페인',자료실 게시물,,,2024-06-24,https://farmer.rda.go.kr/portal/menu1/board_viw.do?menuId=PS03449&m_id=3_19&m_mod=135&bbsId=6&nttSn=656&num=0&pageIndex=14,,6:656,https://farmer.rda.go.kr/portal/menu6/board_lst1.do?m_id=3_19&m_mod=0&menuId=PS03449&pageIndex=14,html/090_PS03449_p14.html,농촌진흥청 농업인안전365,N,N
364bb7b04d642f63,홍보,농기계,『2024 농업기술박람회』 농업기계 안전 장비 전시지원,자료실 게시물,,,2024-06-24,https://farmer.rda.go.kr/portal/menu1/board_viw.do?menuId=PS03449&m_id=3_19&m_mod=136&bbsId=6&nttSn=648&num=0&pageIndex=14,,6:648,https://farmer.rda.go.kr/portal/menu6/board_lst1.do?m_id=3_19&m_mod=0&menuId=PS03449&pageIndex=14,html/090_PS03449_p14.html,농촌진흥청 농업인안전365,N,N
be82bf747a053220,홍보,농기계,NH농협손보 협력 『농기계 사고예방 캠페인』 안전편이 장비 전시지원,자료실 게시물,,,2024-06-24,https://farmer.rda.go.kr/portal/menu1/board_viw.do?menuId=PS03449&m_id=3_19&m_mod=137&bbsId=6&nttSn=647&num=0&pageIndex=14,,6:647,https://farmer.rda.go.kr/portal/menu6/board_lst1.do?m_id=3_19&m_mod=0&menuId=PS03449&pageIndex=14,html/090_PS03449_p14.html,농촌진흥청 농업인안전365,N,N
199875be6de5cdab,홍보,안전교육,"""농업인 안전 365 캠페인 영상공모에 도전하세요""",자료실 게시물,,,2024-06-07,https://farmer.rda.go.kr/portal/menu1/board_viw.do?menuId=PS03449&m_id=3_19&m_mod=138&bbsId=6&nttSn=655&num=0&pageIndex=14,,6:655,https://farmer.rda.go.kr/portal/menu6/board_lst1.do?m_id=3_19&m_mod=0&menuId=PS03449&pageIndex=14,html/090_PS03449_p14.html,농촌진흥청 농업인안전365,N,N
c4dfed2a1632b155,홍보,안전교육,"(라이브팜뉴스) 농진청, ""농업인 안전365 캠페인 영상공모전"" 개최",자료실 게시물,,,2024-06-07,https://farmer.rda.go.kr/portal/menu1/board_viw.do?menuId=PS03449&m_id=3_19&m_mod=139&bbsId=6&nttSn=654&num=0&pageIndex=14,,6:654,https://farmer.rda.go.kr/portal/menu6/board_lst1.do?m_id=3_19&m_mod=0&menuId=PS03449&pageIndex=14,html/090_PS03449_p14.html,농촌진흥청 농업인안전365,N,N
2c4cd982c8dc7e48,홍보,안전교육,농업인안전365-농업교육 웹진 자료 연계,자료실 게시물,,,2024-06-07,https://farmer.rda.go.kr/portal/menu1/board_viw.do?menuId=PS03449&m_id=3_19&m_mod=140&bbsId=6&nttSn=635&num=0&pageIndex=14,,6:635,https://farmer.rda.go.kr/portal/menu6/board_lst1.do?m_id=3_19&m_mod=0&menuId=PS03449&pageIndex=14,html/090_PS03449_p14.html,농촌진흥청 농업인안전365,N,N
d5f2c61bb262bfd6,홍보,안전교육,2024 농업인 안전365 캠페인 영상공모전 개최,자료실 게시물,,,2024-06-07,https://farmer.rda.go.kr/portal/menu1/board_viw.do?menuId=PS03449&m_id=3_19&m_mod=141&bbsId=6&nttSn=633&num=0&pageIndex=15,,6:633,https://farmer.rda.go.kr/portal/menu6/board_lst1.do?m_id=3_19&m_mod=0&menuId=PS03449&pageIndex=15,html/091_PS03449_p15.html,농촌진흥청 농업인안전365,N,N
364726a133537f8a,홍보,뉴스모음집,"(NEWSIS) 소방청농촌진흥청, 농촌 안전사고 예방에 ""맞손""",자료실 게시물,,,2024-05-31,https://farmer.rda.go.kr/portal/menu1/board_viw.do?menuId=PS03449&m_id=3_19&m_mod=142&bbsId=6&nttSn=644&num=0&pageIndex=15,,6:644,https://farmer.rda.go.kr/portal/menu6/board_lst1.do?m_id=3_19&m_mod=0&menuId=PS03449&pageIndex=15,html/091_PS03449_p15.html,농촌진흥청 농업인안전365,N,N
20003d308704ab0e,홍보,농기계,"(KBS뉴스) 농기계 사고 줄었지만...경운기 사고 비율은 여전히 ""최다""",자료실 게시물,,,2024-05-31,https://farmer.rda.go.kr/portal/menu1/board_viw.do?menuId=PS03449&m_id=3_19&m_mod=143&bbsId=6&nttSn=643&num=0&pageIndex=15,,6:643,https://farmer.rda.go.kr/portal/menu6/board_lst1.do?m_id=3_19&m_mod=0&menuId=PS03449&pageIndex=15,html/091_PS03449_p15.html,농촌진흥청 농업인안전365,N,N
740f568c02021884,홍보,농기계,"(연합뉴스) 영농철 농기계 사고 빈발...""혼자 작업 말아야""",자료실 게시물,,,2024-05-31,https://farmer.rda.go.kr/portal/menu1/board_viw.do?menuId=PS03449&m_id=3_19&m_mod=144&bbsId=6&nttSn=642&num=0&pageIndex=15,,6:642,https://farmer.rda.go.kr/portal/menu6/board_lst1.do?m_id=3_19&m_mod=0&menuId=PS03449&pageIndex=15,html/091_PS03449_p15.html,농촌진흥청 농업인안전365,N,N
1bd0c5155992b264,홍보,뉴스모음집,"(무진장뉴스i) 봄철 농민 안심프로젝트 ""농촌의 봄, 안전을 봄"" 추진",자료실 게시물,,,2024-05-31,https://farmer.rda.go.kr/portal/menu1/board_viw.do?menuId=PS03449&m_id=3_19&m_mod=145&bbsId=6&nttSn=641&num=0&pageIndex=15,,6:641,https://farmer.rda.go.kr/portal/menu6/board_lst1.do?m_id=3_19&m_mod=0&menuId=PS03449&pageIndex=15,html/091_PS03449_p15.html,농촌진흥청 농업인안전365,N,N
d3d8a351f9242132,홍보,농기계,"(데일리안) 농기계 사고, 예방만해도 체감도 150% 상승",자료실 게시물,,,2024-05-31,https://farmer.rda.go.kr/portal/menu1/board_viw.do?menuId=PS03449&m_id=3_19&m_mod=146&bbsId=6&nttSn=640&num=0&pageIndex=15,,6:640,https://farmer.rda.go.kr/portal/menu6/board_lst1.do?m_id=3_19&m_mod=0&menuId=PS03449&pageIndex=15,html/091_PS03449_p15.html,농촌진흥청 농업인안전365,N,N
51cb55b43020b6a9,홍보,농기계,(농민신문) 농기계 사고 주의...끼임 ‘최다’,자료실 게시물,,,2024-05-31,https://farmer.rda.go.kr/portal/menu1/board_viw.do?menuId=PS03449&m_id=3_19&m_mod=147&bbsId=6&nttSn=639&num=0&pageIndex=15,,6:639,https://farmer.rda.go.kr/portal/menu6/board_lst1.do?m_id=3_19&m_mod=0&menuId=PS03449&pageIndex=15,html/091_PS03449_p15.html,농촌진흥청 농업인안전365,N,N
f292e3ba8cf21565,홍보,농기계,"(전북도민일보) ‘끼이고, 깔리고’ 끊임없는 영농철 시기 농기계 사고 주의보",자료실 게시물,,,2024-05-31,https://farmer.rda.go.kr/portal/menu1/board_viw.do?menuId=PS03449&m_id=3_19&m_mod=148&bbsId=6&nttSn=638&num=0&pageIndex=15,,6:638,https://farmer.rda.go.kr/portal/menu6/board_lst1.do?m_id=3_19&m_mod=0&menuId=PS03449&pageIndex=15,html/091_PS03449_p15.html,농촌진흥청 농업인안전365,N,N
438913c1252b6483,홍보,농기계,"(연합뉴스) ""농기계 사고 주의하세요""…3년간 3천729건 발생·229명 사망",자료실 게시물,,,2024-05-31,https://farmer.rda.go.kr/portal/menu1/board_viw.do?menuId=PS03449&m_id=3_19&m_mod=149&bbsId=6&nttSn=637&num=0&pageIndex=15,,6:637,https://farmer.rda.go.kr/portal/menu6/board_lst1.do?m_id=3_19&m_mod=0&menuId=PS03449&pageIndex=15,html/091_PS03449_p15.html,농촌진흥청 농업인안전365,N,N
86bac874580339ad,홍보,농기계,(YTN) 사물인터넷으로 농기계 사고예방 나선다,자료실 게시물,,,2024-05-31,https://farmer.rda.go.kr/portal/menu1/board_viw.do?menuId=PS03449&m_id=3_19&m_mod=150&bbsId=6&nttSn=636&num=0&pageIndex=15,,6:636,https://farmer.rda.go.kr/portal/menu6/board_lst1.do?m_id=3_19&m_mod=0&menuId=PS03449&pageIndex=15,html/091_PS03449_p15.html,농촌진흥청 농업인안전365,N,N
02efd9af45d72799,홍보,농기계,"(NEWS1) 농촌진흥청 ""농기계 사고 줄이기 위한 민관협력 밑그림 마련""",자료실 게시물,,,2024-05-28,https://farmer.rda.go.kr/portal/menu1/board_viw.do?menuId=PS03449&m_id=3_19&m_mod=151&bbsId=6&nttSn=653&num=0&pageIndex=16,,6:653,https://farmer.rda.go.kr/portal/menu6/board_lst1.do?m_id=3_19&m_mod=0&menuId=PS03449&pageIndex=16,html/092_PS03449_p16.html,농촌진흥청 농업인안전365,N,N
e9777acfb271283e,홍보,농기계,"(전북중앙) 농진청, 민관협력 농기계 사고예방 추진계획 수립",자료실 게시물,,,2024-05-28,https://farmer.rda.go.kr/portal/menu1/board_viw.do?menuId=PS03449&m_id=3_19&m_mod=152&bbsId=6&nttSn=652&num=0&pageIndex=16,,6:652,https://farmer.rda.go.kr/portal/menu6/board_lst1.do?m_id=3_19&m_mod=0&menuId=PS03449&pageIndex=16,html/092_PS03449_p16.html,농촌진흥청 농업인안전365,N,N
fbb87ee6305e9f51,홍보,활동소식,『2024 국제소방안전박람회』 농작업 안전편이장비 전시지원,자료실 게시물,,,2024-05-28,https://farmer.rda.go.kr/portal/menu1/board_viw.do?menuId=PS03449&m_id=3_19&m_mod=153&bbsId=6&nttSn=646&num=0&pageIndex=16,,6:646,https://farmer.rda.go.kr/portal/menu6/board_lst1.do?m_id=3_19&m_mod=0&menuId=PS03449&pageIndex=16,html/092_PS03449_p16.html,농촌진흥청 농업인안전365,N,N
eabecdfe6cd40ad4,홍보,농기계,농기계 안전사고·교통사고 줄이는 민관협력 ‘밑그림’ 마련,자료실 게시물,,,2024-05-27,https://farmer.rda.go.kr/portal/menu1/board_viw.do?menuId=PS03449&m_id=3_19&m_mod=154&bbsId=6&nttSn=632&num=0&pageIndex=16,,6:632,https://farmer.rda.go.kr/portal/menu6/board_lst1.do?m_id=3_19&m_mod=0&menuId=PS03449&pageIndex=16,html/092_PS03449_p16.html,농촌진흥청 농업인안전365,N,N
958699882466984d,홍보,농기계,"기관 간 협업으로 ""농업기계 사고 예방 기술"" 보급 나선다",자료실 게시물,,,2024-05-20,https://farmer.rda.go.kr/portal/menu1/board_viw.do?menuId=PS03449&m_id=3_19&m_mod=155&bbsId=6&nttSn=631&num=0&pageIndex=16,,6:631,https://farmer.rda.go.kr/portal/menu6/board_lst1.do?m_id=3_19&m_mod=0&menuId=PS03449&pageIndex=16,html/092_PS03449_p16.html,농촌진흥청 농업인안전365,N,N
b485ae0a952d535b,홍보,농업인 안전365 캠페인,[농업인안전365 챌린지] 안전한 농촌일터 만들기 실천,자료실 게시물,,,2024-05-07,https://farmer.rda.go.kr/portal/menu1/board_viw.do?menuId=PS03449&m_id=3_19&m_mod=156&bbsId=6&nttSn=651&num=0&pageIndex=16,,6:651,https://farmer.rda.go.kr/portal/menu6/board_lst1.do?m_id=3_19&m_mod=0&menuId=PS03449&pageIndex=16,html/092_PS03449_p16.html,농촌진흥청 농업인안전365,N,N
871530fc3ac0b51b,홍보,활동소식,농업기술센터 농작업 안전 전시체험관 현장 견학 협조,자료실 게시물,,,2024-05-07,https://farmer.rda.go.kr/portal/menu1/board_viw.do?menuId=PS03449&m_id=3_19&m_mod=157&bbsId=6&nttSn=645&num=0&pageIndex=16,,6:645,https://farmer.rda.go.kr/portal/menu6/board_lst1.do?m_id=3_19&m_mod=0&menuId=PS03449&pageIndex=16,html/092_PS03449_p16.html,농촌진흥청 농업인안전365,N,N
ad18952b75e3bf96,홍보,홍보성과,(더 농부) 농작업·장비 정보 ‘농업인안전365’에 가득! [재미있는 농업이야기 157],자료실 게시물,,,2024-05-07,https://farmer.rda.go.kr/portal/menu1/board_viw.do?menuId=PS03449&m_id=3_19&m_mod=158&bbsId=6&nttSn=634&num=0&pageIndex=16,,6:634,https://farmer.rda.go.kr/portal/menu6/board_lst1.do?m_id=3_19&m_mod=0&menuId=PS03449&pageIndex=16,html/092_PS03449_p16.html,농촌진흥청 농업인안전365,N,N
8a12a441ceded795,홍보,농기계,"농업인 업무상 재해, 넘어짐 많고, 경운기, 사다리에서 많이 발생",자료실 게시물,,,2024-05-07,https://farmer.rda.go.kr/portal/menu1/board_viw.do?menuId=PS03449&m_id=3_19&m_mod=159&bbsId=6&nttSn=630&num=0&pageIndex=16,,6:630,https://farmer.rda.go.kr/portal/menu6/board_lst1.do?m_id=3_19&m_mod=0&menuId=PS03449&pageIndex=16,html/092_PS03449_p16.html,농촌진흥청 농업인안전365,N,N
afec460f1de50873,홍보,농기계,사물인터넷(IoT) 활용 농업기계 교통사고 예방 기술 방송 촬영,자료실 게시물,,,2024-03-07,https://farmer.rda.go.kr/portal/menu1/board_viw.do?menuId=PS03449&m_id=3_19&m_mod=160&bbsId=6&nttSn=496&num=0&pageIndex=16,,6:496,https://farmer.rda.go.kr/portal/menu6/board_lst1.do?m_id=3_19&m_mod=0&menuId=PS03449&pageIndex=16,html/092_PS03449_p16.html,농촌진흥청 농업인안전365,N,N
d075efdc4ac21359,홍보,농기계,"전방100m 트랙터 근접 중..농업기계 주행 정보, 표지판에 띄워 사고 줄인다",자료실 게시물,,,2024-03-07,https://farmer.rda.go.kr/portal/menu1/board_viw.do?menuId=PS03449&m_id=3_19&m_mod=161&bbsId=6&nttSn=1&num=0&pageIndex=17,,6:1,https://farmer.rda.go.kr/portal/menu6/board_lst1.do?m_id=3_19&m_mod=0&menuId=PS03449&pageIndex=17,html/093_PS03449_p17.html,농촌진흥청 농업인안전365,N,N
e7b6b971e4edea4d,홍보,농기계,"(NEWSIS) ""전방 100m 트랙터 근접"" 농기계 주행정보 알려 사고 줄인다",자료실 게시물,,,2024-03-07,https://farmer.rda.go.kr/portal/menu1/board_viw.do?menuId=PS03449&m_id=3_19&m_mod=162&bbsId=6&nttSn=116&num=0&pageIndex=17,,6:116,https://farmer.rda.go.kr/portal/menu6/board_lst1.do?m_id=3_19&m_mod=0&menuId=PS03449&pageIndex=17,html/093_PS03449_p17.html,농촌진흥청 농업인안전365,N,N
1f2dee5f1fb360a2,홍보,전문지·기고,농번기에 규칙적인 식사시간 보장하라(농촌여성신문_안전하고 건강한 영농가이드100),자료실 게시물,,,2024-03-04,https://farmer.rda.go.kr/portal/menu1/board_viw.do?menuId=PS03449&m_id=3_19&m_mod=163&bbsId=6&nttSn=272&num=0&pageIndex=17,,6:272,https://farmer.rda.go.kr/portal/menu6/board_lst1.do?m_id=3_19&m_mod=0&menuId=PS03449&pageIndex=17,html/093_PS03449_p17.html,농촌진흥청 농업인안전365,N,N
80202d1d6f433768,홍보,전문지·기고,효과적인 휴식으로 작업 효율성 높여라(농촌여성신문_안전하고 건강한 영농가이드99),자료실 게시물,,,2024-03-04,https://farmer.rda.go.kr/portal/menu1/board_viw.do?menuId=PS03449&m_id=3_19&m_mod=164&bbsId=6&nttSn=273&num=0&pageIndex=17,,6:273,https://farmer.rda.go.kr/portal/menu6/board_lst1.do?m_id=3_19&m_mod=0&menuId=PS03449&pageIndex=17,html/093_PS03449_p17.html,농촌진흥청 농업인안전365,N,N
fe76da772749dc7d,홍보,전문지·기고,정규 근무시간을 정해 과도한 일을 피하라(농촌여성신문_안전하고 건강한 영농가이드98),자료실 게시물,,,2024-02-05,https://farmer.rda.go.kr/portal/menu1/board_viw.do?menuId=PS03449&m_id=3_19&m_mod=165&bbsId=6&nttSn=274&num=0&pageIndex=17,,6:274,https://farmer.rda.go.kr/portal/menu6/board_lst1.do?m_id=3_19&m_mod=0&menuId=PS03449&pageIndex=17,html/093_PS03449_p17.html,농촌진흥청 농업인안전365,N,N
727acdcf5c7152e9,홍보,뉴스모음집,(농촌여성신문) 농촌여성들 병 키우지 마세요,자료실 게시물,,,2024-02-01,https://farmer.rda.go.kr/portal/menu1/board_viw.do?menuId=PS03449&m_id=3_19&m_mod=166&bbsId=6&nttSn=117&num=0&pageIndex=17,,6:117,https://farmer.rda.go.kr/portal/menu6/board_lst1.do?m_id=3_19&m_mod=0&menuId=PS03449&pageIndex=17,html/093_PS03449_p17.html,농촌진흥청 농업인안전365,N,N
b77560b22fec6d3d,홍보,뉴스모음집,(NEWSIS) 농업인안전보험 보험료 최대 5.2% 인하...골절 사고 등 보장 확대,자료실 게시물,,,2024-01-31,https://farmer.rda.go.kr/portal/menu1/board_viw.do?menuId=PS03449&m_id=3_19&m_mod=167&bbsId=6&nttSn=118&num=0&pageIndex=17,,6:118,https://farmer.rda.go.kr/portal/menu6/board_lst1.do?m_id=3_19&m_mod=0&menuId=PS03449&pageIndex=17,html/093_PS03449_p17.html,농촌진흥청 농업인안전365,N,N
6456ee4e3bb383c3,홍보,안전교육,연간 작업일정에 교육훈련기간을 포함하라(농촌여성신문_안전하고 건강한 영농가이드97),자료실 게시물,,,2024-01-30,https://farmer.rda.go.kr/portal/menu1/board_viw.do?menuId=PS03449&m_id=3_19&m_mod=168&bbsId=6&nttSn=275&num=0&pageIndex=17,,6:275,https://farmer.rda.go.kr/portal/menu6/board_lst1.do?m_id=3_19&m_mod=0&menuId=PS03449&pageIndex=17,html/093_PS03449_p17.html,농촌진흥청 농업인안전365,N,N
9eef9653492ca767,홍보,전문지·기고,이주 농업인에게 적절한 보호조치 마련하라(농촌여성신문_안전하고 건강한 영농가이드96),자료실 게시물,,,2024-01-22,https://farmer.rda.go.kr/portal/menu1/board_viw.do?menuId=PS03449&m_id=3_19&m_mod=169&bbsId=6&nttSn=276&num=0&pageIndex=17,,6:276,https://farmer.rda.go.kr/portal/menu6/board_lst1.do?m_id=3_19&m_mod=0&menuId=PS03449&pageIndex=17,html/093_PS03449_p17.html,농촌진흥청 농업인안전365,N,N
513efef8ed758c2f,홍보,전문지·기고,비상연락수단을 마련해 사고발생시 즉각 대응하라(농촌여성신문_안전하고 건강한 영농가이드95),자료실 게시물,,,2024-01-15,https://farmer.rda.go.kr/portal/menu1/board_viw.do?menuId=PS03449&m_id=3_19&m_mod=170&bbsId=6&nttSn=277&num=0&pageIndex=17,,6:277,https://farmer.rda.go.kr/portal/menu6/board_lst1.do?m_id=3_19&m_mod=0&menuId=PS03449&pageIndex=17,html/093_PS03449_p17.html,농촌진흥청 농업인안전365,N,N
a194a2aea9ea1050,홍보,홍보성과,(일본농업신문) '국가가 솔선하여 농가 지키다' 보도,자료실 게시물,,,2024-01-12,https://farmer.rda.go.kr/portal/menu1/board_viw.do?menuId=PS03449&m_id=3_19&m_mod=171&bbsId=6&nttSn=40&num=0&pageIndex=18,,6:40,https://farmer.rda.go.kr/portal/menu6/board_lst1.do?m_id=3_19&m_mod=0&menuId=PS03449&pageIndex=18,html/094_PS03449_p18.html,농촌진흥청 농업인안전365,N,N
fe122357c3bc3620,홍보,전문지·기고,적절한 기계장치나 도구로 수작업을 줄여라(농촌여성신문_안전하고 건강한 영농가이드94),자료실 게시물,,,2024-01-08,https://farmer.rda.go.kr/portal/menu1/board_viw.do?menuId=PS03449&m_id=3_19&m_mod=172&bbsId=6&nttSn=278&num=0&pageIndex=18,,6:278,https://farmer.rda.go.kr/portal/menu6/board_lst1.do?m_id=3_19&m_mod=0&menuId=PS03449&pageIndex=18,html/094_PS03449_p18.html,농촌진흥청 농업인안전365,N,N
324f36b79ddcac2f,홍보,전문지·기고,무겁고 단조로운 작업을 교대로 수행하라(농촌여성신문_안전하고 건강한 영농가이드93),자료실 게시물,,,2024-01-08,https://farmer.rda.go.kr/portal/menu1/board_viw.do?menuId=PS03449&m_id=3_19&m_mod=173&bbsId=6&nttSn=279&num=0&pageIndex=18,,6:279,https://farmer.rda.go.kr/portal/menu6/board_lst1.do?m_id=3_19&m_mod=0&menuId=PS03449&pageIndex=18,html/094_PS03449_p18.html,농촌진흥청 농업인안전365,N,N
0fd37e10ae91d1a4,홍보,전문지·기고,적절한 팀워크로 과도한 기계사용 피하라(농촌여성신문_안전하고 건강한 영농가이드92),자료실 게시물,,,2023-12-28,https://farmer.rda.go.kr/portal/menu1/board_viw.do?menuId=PS03449&m_id=3_19&m_mod=174&bbsId=6&nttSn=280&num=0&pageIndex=18,,6:280,https://farmer.rda.go.kr/portal/menu6/board_lst1.do?m_id=3_19&m_mod=0&menuId=PS03449&pageIndex=18,html/094_PS03449_p18.html,농촌진흥청 농업인안전365,N,N
39daacc9ba0b324c,홍보,농기계,고장없이 오래 사용하려면 농기계 보관에 신경쓰세요,자료실 게시물,,,2023-12-05,https://farmer.rda.go.kr/portal/menu1/board_viw.do?menuId=PS03449&m_id=3_19&m_mod=175&bbsId=6&nttSn=2&num=0&pageIndex=18,,6:2,https://farmer.rda.go.kr/portal/menu6/board_lst1.do?m_id=3_19&m_mod=0&menuId=PS03449&pageIndex=18,html/094_PS03449_p18.html,농촌진흥청 농업인안전365,N,N
5ccb480fca7c6b26,홍보,안전교육,2024 새해농업인실용교육 현장강사교육,자료실 게시물,,,2023-11-15,https://farmer.rda.go.kr/portal/menu1/board_viw.do?menuId=PS03449&m_id=3_19&m_mod=176&bbsId=6&nttSn=497&num=0&pageIndex=18,,6:497,https://farmer.rda.go.kr/portal/menu6/board_lst1.do?m_id=3_19&m_mod=0&menuId=PS03449&pageIndex=18,html/094_PS03449_p18.html,농촌진흥청 농업인안전365,N,N
7b654401ab3a62d0,홍보,전문지·기고,원활한 작업 위해 작업순서를 재배열한다(농촌여성신문_안전하고 건강한 영농가이드91),자료실 게시물,,,2023-10-30,https://farmer.rda.go.kr/portal/menu1/board_viw.do?menuId=PS03449&m_id=3_19&m_mod=177&bbsId=6&nttSn=281&num=0&pageIndex=18,,6:281,https://farmer.rda.go.kr/portal/menu6/board_lst1.do?m_id=3_19&m_mod=0&menuId=PS03449&pageIndex=18,html/094_PS03449_p18.html,농촌진흥청 농업인안전365,N,N
0da19e0760486dd6,홍보,농기계,"(농민신문) 충북 증평농협, 농기계 안전 사고 예방 앞장서!",자료실 게시물,,,2023-10-30,https://farmer.rda.go.kr/portal/menu1/board_viw.do?menuId=PS03449&m_id=3_19&m_mod=178&bbsId=6&nttSn=119&num=0&pageIndex=18,,6:119,https://farmer.rda.go.kr/portal/menu6/board_lst1.do?m_id=3_19&m_mod=0&menuId=PS03449&pageIndex=18,html/094_PS03449_p18.html,농촌진흥청 농업인안전365,N,N
cc690bb5ceb9592e,홍보,농기계,NH농협손보 협력 농기계 사고감지 단말기 지원사업 기술지원,자료실 게시물,,,2023-10-30,https://farmer.rda.go.kr/portal/menu1/board_viw.do?menuId=PS03449&m_id=3_19&m_mod=179&bbsId=6&nttSn=498&num=0&pageIndex=18,,6:498,https://farmer.rda.go.kr/portal/menu6/board_lst1.do?m_id=3_19&m_mod=0&menuId=PS03449&pageIndex=18,html/094_PS03449_p18.html,농촌진흥청 농업인안전365,N,N
97b586bf5f38a4ec,홍보,안전교육,(미디어이슈) 농작업 사고예방교육 이수하면 보험료 할인,자료실 게시물,,,2023-09-27,https://farmer.rda.go.kr/portal/menu1/board_viw.do?menuId=PS03449&m_id=3_19&m_mod=180&bbsId=6&nttSn=120&num=0&pageIndex=18,,6:120,https://farmer.rda.go.kr/portal/menu6/board_lst1.do?m_id=3_19&m_mod=0&menuId=PS03449&pageIndex=18,html/094_PS03449_p18.html,농촌진흥청 농업인안전365,N,N
ac5cba5d7517f977,홍보,안전교육,농작업 안전사고예방 교육이수자 보험료 할인,자료실 게시물,,,2023-09-27,https://farmer.rda.go.kr/portal/menu1/board_viw.do?menuId=PS03449&m_id=3_19&m_mod=181&bbsId=6&nttSn=3&num=0&pageIndex=19,,6:3,https://farmer.rda.go.kr/portal/menu6/board_lst1.do?m_id=3_19&m_mod=0&menuId=PS03449&pageIndex=19,html/095_PS03449_p19.html,농촌진흥청 농업인안전365,N,N
5acd5852c123c982,홍보,감염·생물학적 위험,(데일리한국) 가을철 야외 농작업 시 털진드기 주의,자료실 게시물,,,2023-09-25,https://farmer.rda.go.kr/portal/menu1/board_viw.do?menuId=PS03449&m_id=3_19&m_mod=182&bbsId=6&nttSn=121&num=0&pageIndex=19,,6:121,https://farmer.rda.go.kr/portal/menu6/board_lst1.do?m_id=3_19&m_mod=0&menuId=PS03449&pageIndex=19,html/095_PS03449_p19.html,농촌진흥청 농업인안전365,N,N
0ddc95bd30333725,홍보,전문지·기고,사고기록은 사고원인과 개선계획 정보 제공(농촌여성신문_안전하고 건강한 영농가이드90),자료실 게시물,,,2023-09-25,https://farmer.rda.go.kr/portal/menu1/board_viw.do?menuId=PS03449&m_id=3_19&m_mod=183&bbsId=6&nttSn=282&num=0&pageIndex=19,,6:282,https://farmer.rda.go.kr/portal/menu6/board_lst1.do?m_id=3_19&m_mod=0&menuId=PS03449&pageIndex=19,html/095_PS03449_p19.html,농촌진흥청 농업인안전365,N,N
04675076fbd8d73f,홍보,활동소식,『제52년차 전국 영농학생축제』 농작업 안전 전시지원,자료실 게시물,,,2023-09-25,https://farmer.rda.go.kr/portal/menu1/board_viw.do?menuId=PS03449&m_id=3_19&m_mod=184&bbsId=6&nttSn=499&num=0&pageIndex=19,,6:499,https://farmer.rda.go.kr/portal/menu6/board_lst1.do?m_id=3_19&m_mod=0&menuId=PS03449&pageIndex=19,html/095_PS03449_p19.html,농촌진흥청 농업인안전365,N,N
8391b10cd796610d,홍보,농기계,(KBS뉴스) '45도 기울면 자동 신고'...농기계 사고 알림 기기 확대,자료실 게시물,,,2023-09-18,https://farmer.rda.go.kr/portal/menu1/board_viw.do?menuId=PS03449&m_id=3_19&m_mod=185&bbsId=6&nttSn=122&num=0&pageIndex=19,,6:122,https://farmer.rda.go.kr/portal/menu6/board_lst1.do?m_id=3_19&m_mod=0&menuId=PS03449&pageIndex=19,html/095_PS03449_p19.html,농촌진흥청 농업인안전365,N,N
d75ebe406231f045,홍보,농기계,"추석 전 벌초, 벌쏘임·예초기사고 주의..최근 5년간 9월 벌쏘임 환자 14,703명 발생",자료실 게시물,,,2023-09-08,https://farmer.rda.go.kr/portal/menu1/board_viw.do?menuId=PS03449&m_id=3_19&m_mod=186&bbsId=6&nttSn=41&num=0&pageIndex=19,,6:41,https://farmer.rda.go.kr/portal/menu6/board_lst1.do?m_id=3_19&m_mod=0&menuId=PS03449&pageIndex=19,html/095_PS03449_p19.html,농촌진흥청 농업인안전365,N,N
78848c85d1403b74,홍보,농기계,(뉴스1) 예초기 사고 3년간 219건…벌초 시기 앞두고 '안전주의보' 발령,자료실 게시물,,,2023-09-06,https://farmer.rda.go.kr/portal/menu1/board_viw.do?menuId=PS03449&m_id=3_19&m_mod=187&bbsId=6&nttSn=123&num=0&pageIndex=19,,6:123,https://farmer.rda.go.kr/portal/menu6/board_lst1.do?m_id=3_19&m_mod=0&menuId=PS03449&pageIndex=19,html/095_PS03449_p19.html,농촌진흥청 농업인안전365,N,N
6f26e1a35c046079,홍보,전문지·기고,경계심. 생산성 유지하려면 단조로움 피해야(농촌여성신문_안전하고 건강한 영농가이드89),자료실 게시물,,,2023-09-04,https://farmer.rda.go.kr/portal/menu1/board_viw.do?menuId=PS03449&m_id=3_19&m_mod=188&bbsId=6&nttSn=283&num=0&pageIndex=19,,6:283,https://farmer.rda.go.kr/portal/menu6/board_lst1.do?m_id=3_19&m_mod=0&menuId=PS03449&pageIndex=19,html/095_PS03449_p19.html,농촌진흥청 농업인안전365,N,N
ddd58e544ac0680d,홍보,전문지·기고,규칙적 운동으로 농작업 피로를 풀어라(농촌여성신문_안전하고 건강한 영농가이드88),자료실 게시물,,,2023-09-04,https://farmer.rda.go.kr/portal/menu1/board_viw.do?menuId=PS03449&m_id=3_19&m_mod=189&bbsId=6&nttSn=284&num=0&pageIndex=19,,6:284,https://farmer.rda.go.kr/portal/menu6/board_lst1.do?m_id=3_19&m_mod=0&menuId=PS03449&pageIndex=19,html/095_PS03449_p19.html,농촌진흥청 농업인안전365,N,N
17d7797db7ad8c84,홍보,안전교육,『2023 전남 청년 4-H회 한마음 야영교육』 농작업 안전 전시지원,자료실 게시물,,,2023-09-04,https://farmer.rda.go.kr/portal/menu1/board_viw.do?menuId=PS03449&m_id=3_19&m_mod=190&bbsId=6&nttSn=500&num=0&pageIndex=19,,6:500,https://farmer.rda.go.kr/portal/menu6/board_lst1.do?m_id=3_19&m_mod=0&menuId=PS03449&pageIndex=19,html/095_PS03449_p19.html,농촌진흥청 농업인안전365,N,N
7d1098f8cfefcd92,홍보,농기계,NH농협손보 협력 농기계 사고감지 단말기 지원사업 기술지원,자료실 게시물,,,2023-09-04,https://farmer.rda.go.kr/portal/menu1/board_viw.do?menuId=PS03449&m_id=3_19&m_mod=191&bbsId=6&nttSn=501&num=0&pageIndex=20,,6:501,https://farmer.rda.go.kr/portal/menu6/board_lst1.do?m_id=3_19&m_mod=0&menuId=PS03449&pageIndex=20,html/096_PS03449_p20.html,농촌진흥청 농업인안전365,N,N
1ed9ad84fd58c3d2,홍보,온열·한랭,"(연합뉴스) ""낮 시간 휴식·시원한 물""…농업인 온열질환 예방수칙",자료실 게시물,,,2023-08-09,https://farmer.rda.go.kr/portal/menu1/board_viw.do?menuId=PS03449&m_id=3_19&m_mod=192&bbsId=6&nttSn=124&num=0&pageIndex=20,,6:124,https://farmer.rda.go.kr/portal/menu6/board_lst1.do?m_id=3_19&m_mod=0&menuId=PS03449&pageIndex=20,html/096_PS03449_p20.html,농촌진흥청 농업인안전365,N,N
4434c456725a0a46,홍보,온열·한랭,(이데일리) 땡볕에 일하다가 숨진 농부 9명...온열질환 195명,자료실 게시물,,,2023-08-08,https://farmer.rda.go.kr/portal/menu1/board_viw.do?menuId=PS03449&m_id=3_19&m_mod=193&bbsId=6&nttSn=125&num=0&pageIndex=20,,6:125,https://farmer.rda.go.kr/portal/menu6/board_lst1.do?m_id=3_19&m_mod=0&menuId=PS03449&pageIndex=20,html/096_PS03449_p20.html,농촌진흥청 농업인안전365,N,N
87b6c6f8a659c889,홍보,온열·한랭,"(전남인터넷신문) 고흥군, 폭염 속 농작업할 때 온열질환 주의하세요!",자료실 게시물,,,2023-08-08,https://farmer.rda.go.kr/portal/menu1/board_viw.do?menuId=PS03449&m_id=3_19&m_mod=194&bbsId=6&nttSn=126&num=0&pageIndex=20,,6:126,https://farmer.rda.go.kr/portal/menu6/board_lst1.do?m_id=3_19&m_mod=0&menuId=PS03449&pageIndex=20,html/096_PS03449_p20.html,농촌진흥청 농업인안전365,N,N
82b5c901145a8f57,홍보,온열·한랭,(TBS뉴스) 폭염 속에 비닐하우스 작업하던 90대 노인 또 숨져,자료실 게시물,,,2023-08-08,https://farmer.rda.go.kr/portal/menu1/board_viw.do?menuId=PS03449&m_id=3_19&m_mod=195&bbsId=6&nttSn=127&num=0&pageIndex=20,,6:127,https://farmer.rda.go.kr/portal/menu6/board_lst1.do?m_id=3_19&m_mod=0&menuId=PS03449&pageIndex=20,html/096_PS03449_p20.html,농촌진흥청 농업인안전365,N,N
e4532531f457c697,홍보,온열·한랭,"(노컷뉴스) 충남 온열질환, 50~70대, 논밭, 비닐하우스 집중...7월에만 76명",자료실 게시물,,,2023-08-08,https://farmer.rda.go.kr/portal/menu1/board_viw.do?menuId=PS03449&m_id=3_19&m_mod=196&bbsId=6&nttSn=128&num=0&pageIndex=20,,6:128,https://farmer.rda.go.kr/portal/menu6/board_lst1.do?m_id=3_19&m_mod=0&menuId=PS03449&pageIndex=20,html/096_PS03449_p20.html,농촌진흥청 농업인안전365,N,N
59a45ba4d0727ecd,홍보,활동소식,[부안군] 한우 사육자 개인보호장비 세트 현장설치 기술지원,자료실 게시물,,,2023-08-08,https://farmer.rda.go.kr/portal/menu1/board_viw.do?menuId=PS03449&m_id=3_19&m_mod=197&bbsId=6&nttSn=502&num=0&pageIndex=20,,6:502,https://farmer.rda.go.kr/portal/menu6/board_lst1.do?m_id=3_19&m_mod=0&menuId=PS03449&pageIndex=20,html/096_PS03449_p20.html,농촌진흥청 농업인안전365,N,N
821ba7f2339c262e,홍보,전문지·기고,장애 농업인에게 안전한 작업환경 제공하라(농촌여성신문_안전하고 건강한 영농가이드87),자료실 게시물,,,2023-08-03,https://farmer.rda.go.kr/portal/menu1/board_viw.do?menuId=PS03449&m_id=3_19&m_mod=198&bbsId=6&nttSn=285&num=0&pageIndex=20,,6:285,https://farmer.rda.go.kr/portal/menu6/board_lst1.do?m_id=3_19&m_mod=0&menuId=PS03449&pageIndex=20,html/096_PS03449_p20.html,농촌진흥청 농업인안전365,N,N
df52747f155e43b6,홍보,전문지·기고,고령농업인에 적합한 작업조건 제공해야(농촌여성신문_안전하고 건강한 영농가이드86),자료실 게시물,,,2023-08-03,https://farmer.rda.go.kr/portal/menu1/board_viw.do?menuId=PS03449&m_id=3_19&m_mod=199&bbsId=6&nttSn=286&num=0&pageIndex=20,,6:286,https://farmer.rda.go.kr/portal/menu6/board_lst1.do?m_id=3_19&m_mod=0&menuId=PS03449&pageIndex=20,html/096_PS03449_p20.html,농촌진흥청 농업인안전365,N,N
b80b3638067faef3,홍보,홍보성과,(더 농부) '농사 골병' 막기 위한 안전장비 활용법[재미있는 농업 이야기 119],자료실 게시물,,,2023-08-03,https://farmer.rda.go.kr/portal/menu1/board_viw.do?menuId=PS03449&m_id=3_19&m_mod=200&bbsId=6&nttSn=42&num=0&pageIndex=20,,6:42,https://farmer.rda.go.kr/portal/menu6/board_lst1.do?m_id=3_19&m_mod=0&menuId=PS03449&pageIndex=20,html/096_PS03449_p20.html,농촌진흥청 농업인안전365,N,N
67cd0bd793d5b911,홍보,농기계,"(더 코리아) 고흥군, IoT 활용 농기계 교통안전망 구축",자료실 게시물,,,2023-07-17,https://farmer.rda.go.kr/portal/menu1/board_viw.do?menuId=PS03449&m_id=3_19&m_mod=201&bbsId=6&nttSn=129&num=0&pageIndex=21,,6:129,https://farmer.rda.go.kr/portal/menu6/board_lst1.do?m_id=3_19&m_mod=0&menuId=PS03449&pageIndex=21,html/097_PS03449_p21.html,농촌진흥청 농업인안전365,N,N
c30b74d86e4829da,홍보,활동소식,2023년 경기도 스마트강소농 대전 전시 참여,자료실 게시물,,,2023-07-17,https://farmer.rda.go.kr/portal/menu1/board_viw.do?menuId=PS03449&m_id=3_19&m_mod=202&bbsId=6&nttSn=503&num=0&pageIndex=21,,6:503,https://farmer.rda.go.kr/portal/menu6/board_lst1.do?m_id=3_19&m_mod=0&menuId=PS03449&pageIndex=21,html/097_PS03449_p21.html,농촌진흥청 농업인안전365,N,N
cb222847daf181bf,홍보,안전교육,"(전남투데이) 고흥군, 농작업 안전 재해예방 교육 추진",자료실 게시물,,,2023-07-17,https://farmer.rda.go.kr/portal/menu1/board_viw.do?menuId=PS03449&m_id=3_19&m_mod=203&bbsId=6&nttSn=130&num=0&pageIndex=21,,6:130,https://farmer.rda.go.kr/portal/menu6/board_lst1.do?m_id=3_19&m_mod=0&menuId=PS03449&pageIndex=21,html/097_PS03449_p21.html,농촌진흥청 농업인안전365,N,N
c9ce4375f29fd870,홍보,농기계,(MBN) 농로 지나가던 트랙터 추락..제천서 20대 청년 농부 사망,자료실 게시물,,,2023-07-12,https://farmer.rda.go.kr/portal/menu1/board_viw.do?menuId=PS03449&m_id=3_19&m_mod=204&bbsId=6&nttSn=131&num=0&pageIndex=21,,6:131,https://farmer.rda.go.kr/portal/menu6/board_lst1.do?m_id=3_19&m_mod=0&menuId=PS03449&pageIndex=21,html/097_PS03449_p21.html,농촌진흥청 농업인안전365,N,N
b86ec923032b5ca6,홍보,전문지·기고,임산부에게 과도한 일 할당하지 않아야(농촌여성신문_안전하고 건강한 영농가이드85),자료실 게시물,,,2023-07-07,https://farmer.rda.go.kr/portal/menu1/board_viw.do?menuId=PS03449&m_id=3_19&m_mod=205&bbsId=6&nttSn=287&num=0&pageIndex=21,,6:287,https://farmer.rda.go.kr/portal/menu6/board_lst1.do?m_id=3_19&m_mod=0&menuId=PS03449&pageIndex=21,html/097_PS03449_p21.html,농촌진흥청 농업인안전365,N,N
9405567ab63eb0f6,홍보,전문지·기고,이웃과의 정기모임으로 안전보건 검토하라(농촌여성신문_안전하고 건강한 영농가이드84),자료실 게시물,,,2023-07-07,https://farmer.rda.go.kr/portal/menu1/board_viw.do?menuId=PS03449&m_id=3_19&m_mod=206&bbsId=6&nttSn=288&num=0&pageIndex=21,,6:288,https://farmer.rda.go.kr/portal/menu6/board_lst1.do?m_id=3_19&m_mod=0&menuId=PS03449&pageIndex=21,html/097_PS03449_p21.html,농촌진흥청 농업인안전365,N,N
7cb9cff678e539ea,홍보,농기계,(News1) 경운기 타고 인근마을 향하던 노부부 참변,자료실 게시물,,,2023-07-07,https://farmer.rda.go.kr/portal/menu1/board_viw.do?menuId=PS03449&m_id=3_19&m_mod=207&bbsId=6&nttSn=132&num=0&pageIndex=21,,6:132,https://farmer.rda.go.kr/portal/menu6/board_lst1.do?m_id=3_19&m_mod=0&menuId=PS03449&pageIndex=21,html/097_PS03449_p21.html,농촌진흥청 농업인안전365,N,N
1b25325078d01b42,홍보,농기계,(한국농기계신문)[전문가 기고]농업인 위험요인 평가기술 개발,자료실 게시물,,,2023-07-07,https://farmer.rda.go.kr/portal/menu1/board_viw.do?menuId=PS03449&m_id=3_19&m_mod=208&bbsId=6&nttSn=43&num=0&pageIndex=21,,6:43,https://farmer.rda.go.kr/portal/menu6/board_lst1.do?m_id=3_19&m_mod=0&menuId=PS03449&pageIndex=21,html/097_PS03449_p21.html,농촌진흥청 농업인안전365,N,N
01ce95d1f252786e,홍보,안전교육,"농진청, '농업인 안전365' 영상공모전 개최",자료실 게시물,,,2023-06-12,https://farmer.rda.go.kr/portal/menu1/board_viw.do?menuId=PS03449&m_id=3_19&m_mod=209&bbsId=6&nttSn=44&num=0&pageIndex=21,,6:44,https://farmer.rda.go.kr/portal/menu6/board_lst1.do?m_id=3_19&m_mod=0&menuId=PS03449&pageIndex=21,html/097_PS03449_p21.html,농촌진흥청 농업인안전365,N,N
e2f2c9a0c270f1c0,홍보,안전교육,『2023 농업인 안전365 영상 공모전』 개최,자료실 게시물,,,2023-06-12,https://farmer.rda.go.kr/portal/menu1/board_viw.do?menuId=PS03449&m_id=3_19&m_mod=210&bbsId=6&nttSn=504&num=0&pageIndex=21,,6:504,https://farmer.rda.go.kr/portal/menu6/board_lst1.do?m_id=3_19&m_mod=0&menuId=PS03449&pageIndex=21,html/097_PS03449_p21.html,농촌진흥청 농업인안전365,N,N
c26d48e1b4a94fb4,홍보,근골격계,농작업 관련 근골격계질환 예방관리 (농업기술 2016년 11월호 채혜선),자료실 게시물,,,2019-03-06,https://farmer.rda.go.kr/portal/menu1/board_viw.do?menuId=PS03449&m_id=3_19&m_mod=691&bbsId=6&nttSn=486&num=0&pageIndex=70,,6:486,https://farmer.rda.go.kr/portal/menu6/board_lst1.do?m_id=3_19&m_mod=0&menuId=PS03449&pageIndex=70,html/098_PS03449_p70.html,농촌진흥청 농업인안전365,N,N
3302c75a5c53367e,홍보,농기계,농기계 관련 농업인 손상 현황 (농업기술 2016년 10월호 김경수),자료실 게시물,,,2019-03-06,https://farmer.rda.go.kr/portal/menu1/board_viw.do?menuId=PS03449&m_id=3_19&m_mod=692&bbsId=6&nttSn=487&num=0&pageIndex=70,,6:487,https://farmer.rda.go.kr/portal/menu6/board_lst1.do?m_id=3_19&m_mod=0&menuId=PS03449&pageIndex=70,html/098_PS03449_p70.html,농촌진흥청 농업인안전365,N,N
395e375872a75f2c,홍보,전문지·기고,축산작업자 안전사고 유형과 예방 방안 (농업기술 2016년 9월호 김효철),자료실 게시물,,,2019-03-06,https://farmer.rda.go.kr/portal/menu1/board_viw.do?menuId=PS03449&m_id=3_19&m_mod=693&bbsId=6&nttSn=488&num=0&pageIndex=70,,6:488,https://farmer.rda.go.kr/portal/menu6/board_lst1.do?m_id=3_19&m_mod=0&menuId=PS03449&pageIndex=70,html/098_PS03449_p70.html,농촌진흥청 농업인안전365,N,N
6634679d8e438542,홍보,전문지·기고,농작업 안전보건 관리의 유형 (농업기술 2016년 8월호 김효철),자료실 게시물,,,2019-03-06,https://farmer.rda.go.kr/portal/menu1/board_viw.do?menuId=PS03449&m_id=3_19&m_mod=694&bbsId=6&nttSn=489&num=0&pageIndex=70,,6:489,https://farmer.rda.go.kr/portal/menu6/board_lst1.do?m_id=3_19&m_mod=0&menuId=PS03449&pageIndex=70,html/098_PS03449_p70.html,농촌진흥청 농업인안전365,N,N
8fc9d2263dc85e64,홍보,전문지·기고,"농업인 손상, 무엇이 문제인가? (농업기술 2016년 7월호 김경수)",자료실 게시물,,,2019-03-06,https://farmer.rda.go.kr/portal/menu1/board_viw.do?menuId=PS03449&m_id=3_19&m_mod=695&bbsId=6&nttSn=490&num=0&pageIndex=70,,6:490,https://farmer.rda.go.kr/portal/menu6/board_lst1.do?m_id=3_19&m_mod=0&menuId=PS03449&pageIndex=70,html/098_PS03449_p70.html,농촌진흥청 농업인안전365,N,N
c893572211cfe33b,홍보,전문지·기고,양계 작업장의 안전사고 유형과 대책 (농업기술 2016년 6월호 이경숙),자료실 게시물,,,2019-03-06,https://farmer.rda.go.kr/portal/menu1/board_viw.do?menuId=PS03449&m_id=3_19&m_mod=696&bbsId=6&nttSn=491&num=0&pageIndex=70,,6:491,https://farmer.rda.go.kr/portal/menu6/board_lst1.do?m_id=3_19&m_mod=0&menuId=PS03449&pageIndex=70,html/098_PS03449_p70.html,농촌진흥청 농업인안전365,N,N
148261791589fa2a,홍보,전문지·기고,"농작업안전, 신발이 중요하다 (농업기술 2016년 5월호 이경숙)",자료실 게시물,,,2019-03-06,https://farmer.rda.go.kr/portal/menu1/board_viw.do?menuId=PS03449&m_id=3_19&m_mod=697&bbsId=6&nttSn=492&num=0&pageIndex=70,,6:492,https://farmer.rda.go.kr/portal/menu6/board_lst1.do?m_id=3_19&m_mod=0&menuId=PS03449&pageIndex=70,html/098_PS03449_p70.html,농촌진흥청 농업인안전365,N,N
5a6c002ea321049e,홍보,전문지·기고,농업인의 업무상 질병을 아시나요? (농업기술 2016년 4월호 채혜선),자료실 게시물,,,2019-03-06,https://farmer.rda.go.kr/portal/menu1/board_viw.do?menuId=PS03449&m_id=3_19&m_mod=698&bbsId=6&nttSn=493&num=0&pageIndex=70,,6:493,https://farmer.rda.go.kr/portal/menu6/board_lst1.do?m_id=3_19&m_mod=0&menuId=PS03449&pageIndex=70,html/098_PS03449_p70.html,농촌진흥청 농업인안전365,N,N
c46353299d9a32b0,홍보,전문지·기고,농업인 건강 문제 해결을 위한 농업안전보건센터 (농업기술 2016년 3월호 이경숙),자료실 게시물,,,2019-03-06,https://farmer.rda.go.kr/portal/menu1/board_viw.do?menuId=PS03449&m_id=3_19&m_mod=699&bbsId=6&nttSn=494&num=0&pageIndex=70,,6:494,https://farmer.rda.go.kr/portal/menu6/board_lst1.do?m_id=3_19&m_mod=0&menuId=PS03449&pageIndex=70,html/098_PS03449_p70.html,농촌진흥청 농업인안전365,N,N
8f6e7fb8c3def0ee,홍보,전문지·기고,"농업인도 직업인, 농업인 안전보험 제정되다 (농업기술 2016년 2월호 이경숙)",자료실 게시물,,,2019-03-06,https://farmer.rda.go.kr/portal/menu1/board_viw.do?menuId=PS03449&m_id=3_19&m_mod=700&bbsId=6&nttSn=495&num=0&pageIndex=70,,6:495,https://farmer.rda.go.kr/portal/menu6/board_lst1.do?m_id=3_19&m_mod=0&menuId=PS03449&pageIndex=70,html/098_PS03449_p70.html,농촌진흥청 농업인안전365,N,N
1bf50cd0b9ff409b,홍보,농기계,2019년 농기계사고 예방 캠페인 강사 워크숍,자료실 게시물,,,2019-03-06,https://farmer.rda.go.kr/portal/menu1/board_viw.do?menuId=PS03449&m_id=3_19&m_mod=701&bbsId=6&nttSn=569&num=0&pageIndex=71,,6:569,https://farmer.rda.go.kr/portal/menu6/board_lst1.do?m_id=3_19&m_mod=0&menuId=PS03449&pageIndex=71,html/099_PS03449_p71.html,농촌진흥청 농업인안전365,N,N
3ab83f817a9357b5,홍보,활동소식,'17년 캠페인 후 마을 현장 실태조사,자료실 게시물,,,2019-03-05,https://farmer.rda.go.kr/portal/menu1/board_viw.do?menuId=PS03449&m_id=3_19&m_mod=702&bbsId=6&nttSn=570&num=0&pageIndex=71,,6:570,https://farmer.rda.go.kr/portal/menu6/board_lst1.do?m_id=3_19&m_mod=0&menuId=PS03449&pageIndex=71,html/099_PS03449_p71.html,농촌진흥청 농업인안전365,N,N
5df9097be3d0efd4,홍보,안전교육,생활개선회 역량강화교육(전시지원),자료실 게시물,,,2019-02-23,https://farmer.rda.go.kr/portal/menu1/board_viw.do?menuId=PS03449&m_id=3_19&m_mod=703&bbsId=6&nttSn=571&num=0&pageIndex=71,,6:571,https://farmer.rda.go.kr/portal/menu6/board_lst1.do?m_id=3_19&m_mod=0&menuId=PS03449&pageIndex=71,html/099_PS03449_p71.html,농촌진흥청 농업인안전365,N,N
1ee31b90152cfae6,홍보,활동소식,KRA와 함께하는 농어촌 희망재단 연구용역 과제 관련 국회 토론회,자료실 게시물,,,2019-01-25,https://farmer.rda.go.kr/portal/menu1/board_viw.do?menuId=PS03449&m_id=3_19&m_mod=704&bbsId=6&nttSn=572&num=0&pageIndex=71,,6:572,https://farmer.rda.go.kr/portal/menu6/board_lst1.do?m_id=3_19&m_mod=0&menuId=PS03449&pageIndex=71,html/099_PS03449_p71.html,농촌진흥청 농업인안전365,N,N
a88ad58b0a03de0e,홍보,활동소식,농업인 안전보건 연구 워크숍 (토론회),자료실 게시물,,,2019-01-25,https://farmer.rda.go.kr/portal/menu1/board_viw.do?menuId=PS03449&m_id=3_19&m_mod=705&bbsId=6&nttSn=573&num=0&pageIndex=71,,6:573,https://farmer.rda.go.kr/portal/menu6/board_lst1.do?m_id=3_19&m_mod=0&menuId=PS03449&pageIndex=71,html/099_PS03449_p71.html,농촌진흥청 농업인안전365,N,N
792e31e3aad343d5,홍보,홍보성과,한일 공동 농작업재해예방 심포지엄 관련 보도기사,자료실 게시물,,,2018-11-30,https://farmer.rda.go.kr/portal/menu1/board_viw.do?menuId=PS03449&m_id=3_19&m_mod=706&bbsId=6&nttSn=89&num=0&pageIndex=71,,6:89,https://farmer.rda.go.kr/portal/menu6/board_lst1.do?m_id=3_19&m_mod=0&menuId=PS03449&pageIndex=71,html/099_PS03449_p71.html,농촌진흥청 농업인안전365,N,N
b88b61dfb28c4f1d,홍보,홍보성과,농작업 안전보건기사에 도전하세요,자료실 게시물,,,2018-11-30,https://farmer.rda.go.kr/portal/menu1/board_viw.do?menuId=PS03449&m_id=3_19&m_mod=707&bbsId=6&nttSn=90&num=0&pageIndex=71,,6:90,https://farmer.rda.go.kr/portal/menu6/board_lst1.do?m_id=3_19&m_mod=0&menuId=PS03449&pageIndex=71,html/099_PS03449_p71.html,농촌진흥청 농업인안전365,N,N
d7c84491923d87bd,홍보,온열·한랭,"여름철 온열질환 주의, 환자 10명 중 4명 농촌서 발생",자료실 게시물,,,2018-07-18,https://farmer.rda.go.kr/portal/menu1/board_viw.do?menuId=PS03449&m_id=3_19&m_mod=708&bbsId=6&nttSn=91&num=0&pageIndex=71,,6:91,https://farmer.rda.go.kr/portal/menu6/board_lst1.do?m_id=3_19&m_mod=0&menuId=PS03449&pageIndex=71,html/099_PS03449_p71.html,농촌진흥청 농업인안전365,N,N
0a7bfca11fad4981,홍보,농기계,"NH농협손보, 2018 농기계 사고예방 캠페인 전개",자료실 게시물,,,2018-07-18,https://farmer.rda.go.kr/portal/menu1/board_viw.do?menuId=PS03449&m_id=3_19&m_mod=709&bbsId=6&nttSn=92&num=0&pageIndex=71,,6:92,https://farmer.rda.go.kr/portal/menu6/board_lst1.do?m_id=3_19&m_mod=0&menuId=PS03449&pageIndex=71,html/099_PS03449_p71.html,농촌진흥청 농업인안전365,N,N
5f34381b7b2049a3,홍보,홍보성과,농업인 삶의질 높이기 위한 방안 모색,자료실 게시물,,,2018-07-18,https://farmer.rda.go.kr/portal/menu1/board_viw.do?menuId=PS03449&m_id=3_19&m_mod=710&bbsId=6&nttSn=93&num=0&pageIndex=71,,6:93,https://farmer.rda.go.kr/portal/menu6/board_lst1.do?m_id=3_19&m_mod=0&menuId=PS03449&pageIndex=71,html/099_PS03449_p71.html,농촌진흥청 농업인안전365,N,N
8763af5c2aa72f7b,홍보,활동소식,농업인 건강연구회 뉴스레터 2018년 3호,자료실 게시물,,,2018-07-17,https://farmer.rda.go.kr/portal/menu1/board_viw.do?menuId=PS03449&m_id=3_19&m_mod=711&bbsId=6&nttSn=574&num=0&pageIndex=72,,6:574,https://farmer.rda.go.kr/portal/menu6/board_lst1.do?m_id=3_19&m_mod=0&menuId=PS03449&pageIndex=72,html/100_PS03449_p72.html,농촌진흥청 농업인안전365,N,N
86abe7c504875580,홍보,활동소식,농업인 건강연구회 뉴스레터 2018년 2호,자료실 게시물,,,2018-05-21,https://farmer.rda.go.kr/portal/menu1/board_viw.do?menuId=PS03449&m_id=3_19&m_mod=712&bbsId=6&nttSn=575&num=0&pageIndex=72,,6:575,https://farmer.rda.go.kr/portal/menu6/board_lst1.do?m_id=3_19&m_mod=0&menuId=PS03449&pageIndex=72,html/100_PS03449_p72.html,농촌진흥청 농업인안전365,N,N
d12653f009096ded,홍보,활동소식,농업인 건강연구회 뉴스레터 2018년 1호,자료실 게시물,,,2018-03-19,https://farmer.rda.go.kr/portal/menu1/board_viw.do?menuId=PS03449&m_id=3_19&m_mod=713&bbsId=6&nttSn=576&num=0&pageIndex=72,,6:576,https://farmer.rda.go.kr/portal/menu6/board_lst1.do?m_id=3_19&m_mod=0&menuId=PS03449&pageIndex=72,html/100_PS03449_p72.html,농촌진흥청 농업인안전365,N,N
c32e77a2cf415698,홍보,홍보성과,4차산업혁명 자격증 5개 신설,자료실 게시물,,,2017-12-26,https://farmer.rda.go.kr/portal/menu1/board_viw.do?menuId=PS03449&m_id=3_19&m_mod=714&bbsId=6&nttSn=94&num=0&pageIndex=72,,6:94,https://farmer.rda.go.kr/portal/menu6/board_lst1.do?m_id=3_19&m_mod=0&menuId=PS03449&pageIndex=72,html/100_PS03449_p72.html,농촌진흥청 농업인안전365,N,N
de65e942dcd4b1d7,홍보,홍보성과,농업인에게 도움이 되는 농작업복 관리 요령,자료실 게시물,,,2017-10-23,https://farmer.rda.go.kr/portal/menu1/board_viw.do?menuId=PS03449&m_id=3_19&m_mod=715&bbsId=6&nttSn=95&num=0&pageIndex=72,,6:95,https://farmer.rda.go.kr/portal/menu6/board_lst1.do?m_id=3_19&m_mod=0&menuId=PS03449&pageIndex=72,html/100_PS03449_p72.html,농촌진흥청 농업인안전365,N,N
70e051236e1985b7,홍보,홍보성과,'농업인 안전보건 미래전략' 국제심포지엄 개최,자료실 게시물,,,2017-10-23,https://farmer.rda.go.kr/portal/menu1/board_viw.do?menuId=PS03449&m_id=3_19&m_mod=716&bbsId=6&nttSn=96&num=0&pageIndex=72,,6:96,https://farmer.rda.go.kr/portal/menu6/board_lst1.do?m_id=3_19&m_mod=0&menuId=PS03449&pageIndex=72,html/100_PS03449_p72.html,농촌진흥청 농업인안전365,N,N
7a89bd2aacf65fc7,홍보,홍보성과,농업인 안전보건은 전세계 공동과제,자료실 게시물,,,2017-10-23,https://farmer.rda.go.kr/portal/menu1/board_viw.do?menuId=PS03449&m_id=3_19&m_mod=717&bbsId=6&nttSn=97&num=0&pageIndex=72,,6:97,https://farmer.rda.go.kr/portal/menu6/board_lst1.do?m_id=3_19&m_mod=0&menuId=PS03449&pageIndex=72,html/100_PS03449_p72.html,농촌진흥청 농업인안전365,N,N
3697a5d143015f35,홍보,활동소식,농업인 건강연구회 뉴스레터 2017년 6호,자료실 게시물,,,2017-08-28,https://farmer.rda.go.kr/portal/menu1/board_viw.do?menuId=PS03449&m_id=3_19&m_mod=718&bbsId=6&nttSn=577&num=0&pageIndex=72,,6:577,https://farmer.rda.go.kr/portal/menu6/board_lst1.do?m_id=3_19&m_mod=0&menuId=PS03449&pageIndex=72,html/100_PS03449_p72.html,농촌진흥청 농업인안전365,N,N
f44fdf1558583c16,홍보,홍보성과,"농업인 업무상 재해, 보험료 50% 국고지원",자료실 게시물,,,2017-07-13,https://farmer.rda.go.kr/portal/menu1/board_viw.do?menuId=PS03449&m_id=3_19&m_mod=719&bbsId=6&nttSn=98&num=0&pageIndex=72,,6:98,https://farmer.rda.go.kr/portal/menu6/board_lst1.do?m_id=3_19&m_mod=0&menuId=PS03449&pageIndex=72,html/100_PS03449_p72.html,농촌진흥청 농업인안전365,N,N
9efab68b14769134,홍보,홍보성과,농업인 인적재해 예방 시급하다,자료실 게시물,,,2017-07-10,https://farmer.rda.go.kr/portal/menu1/board_viw.do?menuId=PS03449&m_id=3_19&m_mod=720&bbsId=6&nttSn=99&num=0&pageIndex=72,,6:99,https://farmer.rda.go.kr/portal/menu6/board_lst1.do?m_id=3_19&m_mod=0&menuId=PS03449&pageIndex=72,html/100_PS03449_p72.html,농촌진흥청 농업인안전365,N,N
fea26b1a82ee589c,홍보,농기계,"NH농협손보, 2017 농기계 사고예방 캠페인",자료실 게시물,,,2017-07-10,https://farmer.rda.go.kr/portal/menu1/board_viw.do?menuId=PS03449&m_id=3_19&m_mod=721&bbsId=6&nttSn=100&num=0&pageIndex=73,,6:100,https://farmer.rda.go.kr/portal/menu6/board_lst1.do?m_id=3_19&m_mod=0&menuId=PS03449&pageIndex=73,html/101_PS03449_p73.html,농촌진흥청 농업인안전365,N,N
6d8e14923d4ad422,홍보,활동소식,농업인 건강연구회 뉴스레터 2017년 5호,자료실 게시물,,,2017-06-07,https://farmer.rda.go.kr/portal/menu1/board_viw.do?menuId=PS03449&m_id=3_19&m_mod=722&bbsId=6&nttSn=578&num=0&pageIndex=73,,6:578,https://farmer.rda.go.kr/portal/menu6/board_lst1.do?m_id=3_19&m_mod=0&menuId=PS03449&pageIndex=73,html/101_PS03449_p73.html,농촌진흥청 농업인안전365,N,N
a207d7f19ef70ad1,홍보,농약·화학물질,농약노출과 안전사용,자료실 게시물,,,2017-06-02,https://farmer.rda.go.kr/portal/menu1/board_viw.do?menuId=PS03449&m_id=3_19&m_mod=723&bbsId=6&nttSn=101&num=0&pageIndex=73,,6:101,https://farmer.rda.go.kr/portal/menu6/board_lst1.do?m_id=3_19&m_mod=0&menuId=PS03449&pageIndex=73,html/101_PS03449_p73.html,농촌진흥청 농업인안전365,N,N
cea779cdc57ee7e4,홍보,농기계,5월 농기계 사고 비상 치사율 높아(YTN이슈 인터뷰),자료실 게시물,,,2017-06-02,https://farmer.rda.go.kr/portal/menu1/board_viw.do?menuId=PS03449&m_id=3_19&m_mod=724&bbsId=6&nttSn=102&num=0&pageIndex=73,,6:102,https://farmer.rda.go.kr/portal/menu6/board_lst1.do?m_id=3_19&m_mod=0&menuId=PS03449&pageIndex=73,html/101_PS03449_p73.html,농촌진흥청 농업인안전365,N,N
94e88d87017d5927,홍보,농기계,"봄철 농기계 사고 비상, 일반 차사고 보다 더 크게 다쳐(MBC뉴스)",자료실 게시물,,,2017-06-02,https://farmer.rda.go.kr/portal/menu1/board_viw.do?menuId=PS03449&m_id=3_19&m_mod=725&bbsId=6&nttSn=103&num=0&pageIndex=73,,6:103,https://farmer.rda.go.kr/portal/menu6/board_lst1.do?m_id=3_19&m_mod=0&menuId=PS03449&pageIndex=73,html/101_PS03449_p73.html,농촌진흥청 농업인안전365,N,N
401e864b32b6b815,홍보,활동소식,농업인 건강연구회 뉴스레터 2017년 4호,자료실 게시물,,,2017-04-11,https://farmer.rda.go.kr/portal/menu1/board_viw.do?menuId=PS03449&m_id=3_19&m_mod=726&bbsId=6&nttSn=579&num=0&pageIndex=73,,6:579,https://farmer.rda.go.kr/portal/menu6/board_lst1.do?m_id=3_19&m_mod=0&menuId=PS03449&pageIndex=73,html/101_PS03449_p73.html,농촌진흥청 농업인안전365,N,N
ddf55fbd3c4542c7,홍보,활동소식,농업인 건강연구회 뉴스레터 2017년 3호,자료실 게시물,,,2017-03-09,https://farmer.rda.go.kr/portal/menu1/board_viw.do?menuId=PS03449&m_id=3_19&m_mod=727&bbsId=6&nttSn=580&num=0&pageIndex=73,,6:580,https://farmer.rda.go.kr/portal/menu6/board_lst1.do?m_id=3_19&m_mod=0&menuId=PS03449&pageIndex=73,html/101_PS03449_p73.html,농촌진흥청 농업인안전365,N,N
a8cbfec31d5e62d2,홍보,활동소식,농업인 건강연구회 뉴스레터 2017년 2호,자료실 게시물,,,2017-02-20,https://farmer.rda.go.kr/portal/menu1/board_viw.do?menuId=PS03449&m_id=3_19&m_mod=728&bbsId=6&nttSn=581&num=0&pageIndex=73,,6:581,https://farmer.rda.go.kr/portal/menu6/board_lst1.do?m_id=3_19&m_mod=0&menuId=PS03449&pageIndex=73,html/101_PS03449_p73.html,농촌진흥청 농업인안전365,N,N
d6ac542bb50abb9a,홍보,활동소식,농업인 건강연구회 뉴스레터 2017년 1호,자료실 게시물,,,2017-01-23,https://farmer.rda.go.kr/portal/menu1/board_viw.do?menuId=PS03449&m_id=3_19&m_mod=729&bbsId=6&nttSn=582&num=0&pageIndex=73,,6:582,https://farmer.rda.go.kr/portal/menu6/board_lst1.do?m_id=3_19&m_mod=0&menuId=PS03449&pageIndex=73,html/101_PS03449_p73.html,농촌진흥청 농업인안전365,N,N
30f50b57a83ef744,홍보,활동소식,농업인 건강연구회 뉴스레터 2016년 8호,자료실 게시물,,,2016-12-13,https://farmer.rda.go.kr/portal/menu1/board_viw.do?menuId=PS03449&m_id=3_19&m_mod=730&bbsId=6&nttSn=583&num=0&pageIndex=73,,6:583,https://farmer.rda.go.kr/portal/menu6/board_lst1.do?m_id=3_19&m_mod=0&menuId=PS03449&pageIndex=73,html/101_PS03449_p73.html,농촌진흥청 농업인안전365,N,N
1948505f679e8e1b,홍보,농기계,농기계 관련 농업인 손상 현황,자료실 게시물,,,2016-11-08,https://farmer.rda.go.kr/portal/menu1/board_viw.do?menuId=PS03449&m_id=3_19&m_mod=731&bbsId=6&nttSn=104&num=0&pageIndex=74,,6:104,https://farmer.rda.go.kr/portal/menu6/board_lst1.do?m_id=3_19&m_mod=0&menuId=PS03449&pageIndex=74,html/102_PS03449_p74.html,농촌진흥청 농업인안전365,N,N
be4866f1d68feb12,홍보,활동소식,농업인 건강연구회 뉴스레터 2016년 7호,자료실 게시물,,,2016-11-07,https://farmer.rda.go.kr/portal/menu1/board_viw.do?menuId=PS03449&m_id=3_19&m_mod=732&bbsId=6&nttSn=584&num=0&pageIndex=74,,6:584,https://farmer.rda.go.kr/portal/menu6/board_lst1.do?m_id=3_19&m_mod=0&menuId=PS03449&pageIndex=74,html/102_PS03449_p74.html,농촌진흥청 농업인안전365,N,N
b82c5210f1086c82,홍보,활동소식,농업인 건강연구회 뉴스레터 2016년 6호,자료실 게시물,,,2016-10-06,https://farmer.rda.go.kr/portal/menu1/board_viw.do?menuId=PS03449&m_id=3_19&m_mod=733&bbsId=6&nttSn=585&num=0&pageIndex=74,,6:585,https://farmer.rda.go.kr/portal/menu6/board_lst1.do?m_id=3_19&m_mod=0&menuId=PS03449&pageIndex=74,html/102_PS03449_p74.html,농촌진흥청 농업인안전365,N,N
b0df19d6fda85aba,홍보,홍보성과,농작업 안전보건 관리의 유형,자료실 게시물,,,2016-09-09,https://farmer.rda.go.kr/portal/menu1/board_viw.do?menuId=PS03449&m_id=3_19&m_mod=734&bbsId=6&nttSn=105&num=0&pageIndex=74,,6:105,https://farmer.rda.go.kr/portal/menu6/board_lst1.do?m_id=3_19&m_mod=0&menuId=PS03449&pageIndex=74,html/102_PS03449_p74.html,농촌진흥청 농업인안전365,N,N
39eb04ecb08f0558,홍보,홍보성과,"농업인 손상, 무엇이 문제인가?",자료실 게시물,,,2016-09-09,https://farmer.rda.go.kr/portal/menu1/board_viw.do?menuId=PS03449&m_id=3_19&m_mod=735&bbsId=6&nttSn=106&num=0&pageIndex=74,,6:106,https://farmer.rda.go.kr/portal/menu6/board_lst1.do?m_id=3_19&m_mod=0&menuId=PS03449&pageIndex=74,html/102_PS03449_p74.html,농촌진흥청 농업인안전365,N,N
17e24bbdaee26fa6,홍보,홍보성과,양계 작업장의 안전사고 유형과 대책,자료실 게시물,,,2016-09-09,https://farmer.rda.go.kr/portal/menu1/board_viw.do?menuId=PS03449&m_id=3_19&m_mod=736&bbsId=6&nttSn=107&num=0&pageIndex=74,,6:107,https://farmer.rda.go.kr/portal/menu6/board_lst1.do?m_id=3_19&m_mod=0&menuId=PS03449&pageIndex=74,html/102_PS03449_p74.html,농촌진흥청 농업인안전365,N,N
66268b58ea2ab746,홍보,홍보성과,"농작업안전, 신발이 중요하다",자료실 게시물,,,2016-09-09,https://farmer.rda.go.kr/portal/menu1/board_viw.do?menuId=PS03449&m_id=3_19&m_mod=737&bbsId=6&nttSn=108&num=0&pageIndex=74,,6:108,https://farmer.rda.go.kr/portal/menu6/board_lst1.do?m_id=3_19&m_mod=0&menuId=PS03449&pageIndex=74,html/102_PS03449_p74.html,농촌진흥청 농업인안전365,N,N
f68af3399e19b95c,홍보,홍보성과,농업인의 업무상 질병을 아시나요?,자료실 게시물,,,2016-09-09,https://farmer.rda.go.kr/portal/menu1/board_viw.do?menuId=PS03449&m_id=3_19&m_mod=738&bbsId=6&nttSn=109&num=0&pageIndex=74,,6:109,https://farmer.rda.go.kr/portal/menu6/board_lst1.do?m_id=3_19&m_mod=0&menuId=PS03449&pageIndex=74,html/102_PS03449_p74.html,농촌진흥청 농업인안전365,N,N
05343442f9274d5b,홍보,홍보성과,농업인 건강 문제 해결을 위한 농업안전보건센터,자료실 게시물,,,2016-09-09,https://farmer.rda.go.kr/portal/menu1/board_viw.do?menuId=PS03449&m_id=3_19&m_mod=739&bbsId=6&nttSn=110&num=0&pageIndex=74,,6:110,https://farmer.rda.go.kr/portal/menu6/board_lst1.do?m_id=3_19&m_mod=0&menuId=PS03449&pageIndex=74,html/102_PS03449_p74.html,농촌진흥청 농업인안전365,N,N
108887c9dd9697b6,홍보,홍보성과,"농업인도 직업인, 농업인 안전보험 제정되다",자료실 게시물,,,2016-09-09,https://farmer.rda.go.kr/portal/menu1/board_viw.do?menuId=PS03449&m_id=3_19&m_mod=740&bbsId=6&nttSn=111&num=0&pageIndex=74,,6:111,https://farmer.rda.go.kr/portal/menu6/board_lst1.do?m_id=3_19&m_mod=0&menuId=PS03449&pageIndex=74,html/102_PS03449_p74.html,농촌진흥청 농업인안전365,N,N
964904fe2934f622,홍보,활동소식,농업인 건강연구회 뉴스레터 2016년 5호,자료실 게시물,,,2016-06-15,https://farmer.rda.go.kr/portal/menu1/board_viw.do?menuId=PS03449&m_id=3_19&m_mod=741&bbsId=6&nttSn=586&num=0&pageIndex=75,,6:586,https://farmer.rda.go.kr/portal/menu6/board_lst1.do?m_id=3_19&m_mod=0&menuId=PS03449&pageIndex=75,html/103_PS03449_p75.html,농촌진흥청 농업인안전365,N,N
8d19fe57ee07404c,홍보,활동소식,농업인 건강연구회 뉴스레터 2016년 4호,자료실 게시물,,,2016-05-18,https://farmer.rda.go.kr/portal/menu1/board_viw.do?menuId=PS03449&m_id=3_19&m_mod=742&bbsId=6&nttSn=587&num=0&pageIndex=75,,6:587,https://farmer.rda.go.kr/portal/menu6/board_lst1.do?m_id=3_19&m_mod=0&menuId=PS03449&pageIndex=75,html/103_PS03449_p75.html,농촌진흥청 농업인안전365,N,N
6f2829643e74f923,홍보,활동소식,농업인 건강연구회 뉴스레터 2016년 3호,자료실 게시물,,,2016-04-15,https://farmer.rda.go.kr/portal/menu1/board_viw.do?menuId=PS03449&m_id=3_19&m_mod=743&bbsId=6&nttSn=588&num=0&pageIndex=75,,6:588,https://farmer.rda.go.kr/portal/menu6/board_lst1.do?m_id=3_19&m_mod=0&menuId=PS03449&pageIndex=75,html/103_PS03449_p75.html,농촌진흥청 농업인안전365,N,N
e278ee8be585e9db,홍보,활동소식,농업인 건강연구회 뉴스레터 2016년 2호,자료실 게시물,,,2016-03-04,https://farmer.rda.go.kr/portal/menu1/board_viw.do?menuId=PS03449&m_id=3_19&m_mod=744&bbsId=6&nttSn=589&num=0&pageIndex=75,,6:589,https://farmer.rda.go.kr/portal/menu6/board_lst1.do?m_id=3_19&m_mod=0&menuId=PS03449&pageIndex=75,html/103_PS03449_p75.html,농촌진흥청 농업인안전365,N,N
abf1347164fb0092,홍보,활동소식,농업인 건강연구회 뉴스레터 2016년 1호,자료실 게시물,,,2016-02-04,https://farmer.rda.go.kr/portal/menu1/board_viw.do?menuId=PS03449&m_id=3_19&m_mod=745&bbsId=6&nttSn=590&num=0&pageIndex=75,,6:590,https://farmer.rda.go.kr/portal/menu6/board_lst1.do?m_id=3_19&m_mod=0&menuId=PS03449&pageIndex=75,html/103_PS03449_p75.html,농촌진흥청 농업인안전365,N,N
a511236a90bb043d,홍보,활동소식,농업인 건강연구회 뉴스레터 2015년 3호,자료실 게시물,,,2015-06-15,https://farmer.rda.go.kr/portal/menu1/board_viw.do?menuId=PS03449&m_id=3_19&m_mod=746&bbsId=6&nttSn=591&num=0&pageIndex=75,,6:591,https://farmer.rda.go.kr/portal/menu6/board_lst1.do?m_id=3_19&m_mod=0&menuId=PS03449&pageIndex=75,html/103_PS03449_p75.html,농촌진흥청 농업인안전365,N,N
f48cb8e07c67fe26,홍보,활동소식,농업인 건강연구회 뉴스레터 2015년 2호,자료실 게시물,,,2015-06-15,https://farmer.rda.go.kr/portal/menu1/board_viw.do?menuId=PS03449&m_id=3_19&m_mod=747&bbsId=6&nttSn=592&num=0&pageIndex=75,,6:592,https://farmer.rda.go.kr/portal/menu6/board_lst1.do?m_id=3_19&m_mod=0&menuId=PS03449&pageIndex=75,html/103_PS03449_p75.html,농촌진흥청 농업인안전365,N,N
a10b7939e0be70f7,홍보,활동소식,농업인 건강연구회 뉴스레터 2015년 1호,자료실 게시물,,,2015-06-15,https://farmer.rda.go.kr/portal/menu1/board_viw.do?menuId=PS03449&m_id=3_19&m_mod=748&bbsId=6&nttSn=593&num=0&pageIndex=75,,6:593,https://farmer.rda.go.kr/portal/menu6/board_lst1.do?m_id=3_19&m_mod=0&menuId=PS03449&pageIndex=75,html/103_PS03449_p75.html,농촌진흥청 농업인안전365,N,N
22ccd50c30447734,홍보,활동소식,농업인 건강연구회 뉴스레터 2014년 3호,자료실 게시물,,,2014-10-13,https://farmer.rda.go.kr/portal/menu1/board_viw.do?menuId=PS03449&m_id=3_19&m_mod=749&bbsId=6&nttSn=594&num=0&pageIndex=75,,6:594,https://farmer.rda.go.kr/portal/menu6/board_lst1.do?m_id=3_19&m_mod=0&menuId=PS03449&pageIndex=75,html/103_PS03449_p75.html,농촌진흥청 농업인안전365,N,N
bf08bbd1afbdd15e,홍보,활동소식,농업인 건강연구회 뉴스레터 2014년 2호,자료실 게시물,,,2014-10-07,https://farmer.rda.go.kr/portal/menu1/board_viw.do?menuId=PS03449&m_id=3_19&m_mod=750&bbsId=6&nttSn=595&num=0&pageIndex=75,,6:595,https://farmer.rda.go.kr/portal/menu6/board_lst1.do?m_id=3_19&m_mod=0&menuId=PS03449&pageIndex=75,html/103_PS03449_p75.html,농촌진흥청 농업인안전365,N,N
b164854ce646e3bf,홍보,활동소식,농업인 건강연구회 뉴스레터 2014년 1호,자료실 게시물,,,2014-04-01,https://farmer.rda.go.kr/portal/menu1/board_viw.do?menuId=PS03449&m_id=3_19&m_mod=751&bbsId=6&nttSn=596&num=0&pageIndex=76,,6:596,https://farmer.rda.go.kr/portal/menu6/board_lst1.do?m_id=3_19&m_mod=0&menuId=PS03449&pageIndex=76,html/104_PS03449_p76.html,농촌진흥청 농업인안전365,N,N
d0cf4518b99fb2e3,홍보,활동소식,농업인 건강연구회 뉴스레터 2013년 7호,자료실 게시물,,,2013-12-11,https://farmer.rda.go.kr/portal/menu1/board_viw.do?menuId=PS03449&m_id=3_19&m_mod=752&bbsId=6&nttSn=597&num=0&pageIndex=76,,6:597,https://farmer.rda.go.kr/portal/menu6/board_lst1.do?m_id=3_19&m_mod=0&menuId=PS03449&pageIndex=76,html/104_PS03449_p76.html,농촌진흥청 농업인안전365,N,N
410ad0c376aad260,홍보,활동소식,농업인 건강연구회 뉴스레터 2013년 6호,자료실 게시물,,,2013-11-15,https://farmer.rda.go.kr/portal/menu1/board_viw.do?menuId=PS03449&m_id=3_19&m_mod=753&bbsId=6&nttSn=598&num=0&pageIndex=76,,6:598,https://farmer.rda.go.kr/portal/menu6/board_lst1.do?m_id=3_19&m_mod=0&menuId=PS03449&pageIndex=76,html/104_PS03449_p76.html,농촌진흥청 농업인안전365,N,N
48bd3b744e2403f7,홍보,활동소식,농업인 건강연구회 뉴스레터 2013년 5호,자료실 게시물,,,2013-09-16,https://farmer.rda.go.kr/portal/menu1/board_viw.do?menuId=PS03449&m_id=3_19&m_mod=754&bbsId=6&nttSn=599&num=0&pageIndex=76,,6:599,https://farmer.rda.go.kr/portal/menu6/board_lst1.do?m_id=3_19&m_mod=0&menuId=PS03449&pageIndex=76,html/104_PS03449_p76.html,농촌진흥청 농업인안전365,N,N
fb6537a0ded482f3,홍보,농약·화학물질,"농촌진흥청, 여름철 농작업복·농약방제복 개발",자료실 게시물,,,2013-09-13,https://farmer.rda.go.kr/portal/menu1/board_viw.do?menuId=PS03449&m_id=3_19&m_mod=755&bbsId=6&nttSn=112&num=0&pageIndex=76,,6:112,https://farmer.rda.go.kr/portal/menu6/board_lst1.do?m_id=3_19&m_mod=0&menuId=PS03449&pageIndex=76,html/104_PS03449_p76.html,농촌진흥청 농업인안전365,N,N
739ff58269df8b7f,홍보,홍보성과,"8월 9일, '한일 공동 농작업안전보건 심포지엄' 열어",자료실 게시물,,,2013-09-13,https://farmer.rda.go.kr/portal/menu1/board_viw.do?menuId=PS03449&m_id=3_19&m_mod=756&bbsId=6&nttSn=113&num=0&pageIndex=76,,6:113,https://farmer.rda.go.kr/portal/menu6/board_lst1.do?m_id=3_19&m_mod=0&menuId=PS03449&pageIndex=76,html/104_PS03449_p76.html,농촌진흥청 농업인안전365,N,N
83c96b64e0ae8b00,홍보,홍보성과,"농촌진흥청, 이달의 도서 소개",자료실 게시물,,,2013-09-13,https://farmer.rda.go.kr/portal/menu1/board_viw.do?menuId=PS03449&m_id=3_19&m_mod=757&bbsId=6&nttSn=114&num=0&pageIndex=76,,6:114,https://farmer.rda.go.kr/portal/menu6/board_lst1.do?m_id=3_19&m_mod=0&menuId=PS03449&pageIndex=76,html/104_PS03449_p76.html,농촌진흥청 농업인안전365,N,N
5a68ad3df849b928,홍보,홍보성과,"농촌진흥청, '농작업 안전관리 체험프로그램' 개발 및 보급",자료실 게시물,,,2013-09-13,https://farmer.rda.go.kr/portal/menu1/board_viw.do?menuId=PS03449&m_id=3_19&m_mod=758&bbsId=6&nttSn=115&num=0&pageIndex=76,,6:115,https://farmer.rda.go.kr/portal/menu6/board_lst1.do?m_id=3_19&m_mod=0&menuId=PS03449&pageIndex=76,html/104_PS03449_p76.html,농촌진흥청 농업인안전365,N,N
57a30d60a9fad183,홍보,활동소식,농업인 건강연구회 뉴스레터 2013년 4호,자료실 게시물,,,2013-06-12,https://farmer.rda.go.kr/portal/menu1/board_viw.do?menuId=PS03449&m_id=3_19&m_mod=759&bbsId=6&nttSn=600&num=0&pageIndex=76,,6:600,https://farmer.rda.go.kr/portal/menu6/board_lst1.do?m_id=3_19&m_mod=0&menuId=PS03449&pageIndex=76,html/104_PS03449_p76.html,농촌진흥청 농업인안전365,N,N
665e0aadcb03c5ac,홍보,활동소식,농업인 건강연구회 뉴스레터 2013년 3호,자료실 게시물,,,2013-04-12,https://farmer.rda.go.kr/portal/menu1/board_viw.do?menuId=PS03449&m_id=3_19&m_mod=760&bbsId=6&nttSn=601&num=0&pageIndex=76,,6:601,https://farmer.rda.go.kr/portal/menu6/board_lst1.do?m_id=3_19&m_mod=0&menuId=PS03449&pageIndex=76,html/104_PS03449_p76.html,농촌진흥청 농업인안전365,N,N
d7281cdd352e9fb1,홍보,활동소식,농업인 건강연구회 뉴스레터 2013년 2호,자료실 게시물,,,2013-02-13,https://farmer.rda.go.kr/portal/menu1/board_viw.do?menuId=PS03449&m_id=3_19&m_mod=761&bbsId=6&nttSn=602&num=0&pageIndex=77,,6:602,https://farmer.rda.go.kr/portal/menu6/board_lst1.do?m_id=3_19&m_mod=0&menuId=PS03449&pageIndex=77,html/105_PS03449_p77.html,농촌진흥청 농업인안전365,N,N
454b8d3d2dc111e3,홍보,활동소식,농업인 건강연구회 뉴스레터 2013년 1호,자료실 게시물,,,2013-01-09,https://farmer.rda.go.kr/portal/menu1/board_viw.do?menuId=PS03449&m_id=3_19&m_mod=762&bbsId=6&nttSn=603&num=0&pageIndex=77,,6:603,https://farmer.rda.go.kr/portal/menu6/board_lst1.do?m_id=3_19&m_mod=0&menuId=PS03449&pageIndex=77,html/105_PS03449_p77.html,농촌진흥청 농업인안전365,N,N
faad91a1dcff316d,홍보,활동소식,농업인 건강연구회 뉴스레터 2012년 8호,자료실 게시물,,,2013-01-09,https://farmer.rda.go.kr/portal/menu1/board_viw.do?menuId=PS03449&m_id=3_19&m_mod=763&bbsId=6&nttSn=604&num=0&pageIndex=77,,6:604,https://farmer.rda.go.kr/portal/menu6/board_lst1.do?m_id=3_19&m_mod=0&menuId=PS03449&pageIndex=77,html/105_PS03449_p77.html,농촌진흥청 농업인안전365,N,N
a7b11cdd5b8f54ac,홍보,활동소식,농업인 건강연구회 뉴스레터 2012년 7호,자료실 게시물,,,2012-09-05,https://farmer.rda.go.kr/portal/menu1/board_viw.do?menuId=PS03449&m_id=3_19&m_mod=764&bbsId=6&nttSn=605&num=0&pageIndex=77,,6:605,https://farmer.rda.go.kr/portal/menu6/board_lst1.do?m_id=3_19&m_mod=0&menuId=PS03449&pageIndex=77,html/105_PS03449_p77.html,농촌진흥청 농업인안전365,N,N
0606eb026878d925,홍보,활동소식,농업인 건강연구회 뉴스레터 2012년 6호,자료실 게시물,,,2012-07-10,https://farmer.rda.go.kr/portal/menu1/board_viw.do?menuId=PS03449&m_id=3_19&m_mod=765&bbsId=6&nttSn=606&num=0&pageIndex=77,,6:606,https://farmer.rda.go.kr/portal/menu6/board_lst1.do?m_id=3_19&m_mod=0&menuId=PS03449&pageIndex=77,html/105_PS03449_p77.html,농촌진흥청 농업인안전365,N,N
9a8ecfcc09fcbaff,홍보,활동소식,농업인 건강연구회 뉴스레터 2012년 5호,자료실 게시물,,,2012-06-11,https://farmer.rda.go.kr/portal/menu1/board_viw.do?menuId=PS03449&m_id=3_19&m_mod=766&bbsId=6&nttSn=607&num=0&pageIndex=77,,6:607,https://farmer.rda.go.kr/portal/menu6/board_lst1.do?m_id=3_19&m_mod=0&menuId=PS03449&pageIndex=77,html/105_PS03449_p77.html,농촌진흥청 농업인안전365,N,N
a516a76500e88b9e,홍보,활동소식,농업인 건강연구회 뉴스레터 2012년 4호,자료실 게시물,,,2012-05-04,https://farmer.rda.go.kr/portal/menu1/board_viw.do?menuId=PS03449&m_id=3_19&m_mod=767&bbsId=6&nttSn=608&num=0&pageIndex=77,,6:608,https://farmer.rda.go.kr/portal/menu6/board_lst1.do?m_id=3_19&m_mod=0&menuId=PS03449&pageIndex=77,html/105_PS03449_p77.html,농촌진흥청 농업인안전365,N,N
6ec419d05fcb7fdb,홍보,활동소식,농업인 건강연구회 뉴스레터 2012년 3호,자료실 게시물,,,2012-04-12,https://farmer.rda.go.kr/portal/menu1/board_viw.do?menuId=PS03449&m_id=3_19&m_mod=768&bbsId=6&nttSn=609&num=0&pageIndex=77,,6:609,https://farmer.rda.go.kr/portal/menu6/board_lst1.do?m_id=3_19&m_mod=0&menuId=PS03449&pageIndex=77,html/105_PS03449_p77.html,농촌진흥청 농업인안전365,N,N
ef38b7767505fe3f,홍보,활동소식,농업인 건강연구회 뉴스레터 2012년 2호,자료실 게시물,,,2012-02-07,https://farmer.rda.go.kr/portal/menu1/board_viw.do?menuId=PS03449&m_id=3_19&m_mod=769&bbsId=6&nttSn=610&num=0&pageIndex=77,,6:610,https://farmer.rda.go.kr/portal/menu6/board_lst1.do?m_id=3_19&m_mod=0&menuId=PS03449&pageIndex=77,html/105_PS03449_p77.html,농촌진흥청 농업인안전365,N,N
2f087975dd31ada1,홍보,활동소식,농업인 건강연구회 뉴스레터 2012년 1호,자료실 게시물,,,2012-01-09,https://farmer.rda.go.kr/portal/menu1/board_viw.do?menuId=PS03449&m_id=3_19&m_mod=770&bbsId=6&nttSn=611&num=0&pageIndex=77,,6:611,https://farmer.rda.go.kr/portal/menu6/board_lst1.do?m_id=3_19&m_mod=0&menuId=PS03449&pageIndex=77,html/105_PS03449_p77.html,농촌진흥청 농업인안전365,N,N
3b22264d2d4a4dda,홍보,활동소식,농업인 건강연구회 뉴스레터 2011년 7호,자료실 게시물,,,2011-11-23,https://farmer.rda.go.kr/portal/menu1/board_viw.do?menuId=PS03449&m_id=3_19&m_mod=771&bbsId=6&nttSn=612&num=0&pageIndex=78,,6:612,https://farmer.rda.go.kr/portal/menu6/board_lst1.do?m_id=3_19&m_mod=0&menuId=PS03449&pageIndex=78,html/106_PS03449_p78.html,농촌진흥청 농업인안전365,N,N
d1968089f6cba1b1,홍보,활동소식,농업인 건강연구회 뉴스레터 2011년 6호,자료실 게시물,,,2011-10-17,https://farmer.rda.go.kr/portal/menu1/board_viw.do?menuId=PS03449&m_id=3_19&m_mod=772&bbsId=6&nttSn=613&num=0&pageIndex=78,,6:613,https://farmer.rda.go.kr/portal/menu6/board_lst1.do?m_id=3_19&m_mod=0&menuId=PS03449&pageIndex=78,html/106_PS03449_p78.html,농촌진흥청 농업인안전365,N,N
498a1aab75d2d3d4,홍보,활동소식,농업인 건강연구회 뉴스레터 2011년 5호,자료실 게시물,,,2011-09-08,https://farmer.rda.go.kr/portal/menu1/board_viw.do?menuId=PS03449&m_id=3_19&m_mod=773&bbsId=6&nttSn=614&num=0&pageIndex=78,,6:614,https://farmer.rda.go.kr/portal/menu6/board_lst1.do?m_id=3_19&m_mod=0&menuId=PS03449&pageIndex=78,html/106_PS03449_p78.html,농촌진흥청 농업인안전365,N,N
778ddc7695d54376,홍보,활동소식,농업인 건강연구회 뉴스레터 2011년 4호,자료실 게시물,,,2011-06-10,https://farmer.rda.go.kr/portal/menu1/board_viw.do?menuId=PS03449&m_id=3_19&m_mod=774&bbsId=6&nttSn=615&num=0&pageIndex=78,,6:615,https://farmer.rda.go.kr/portal/menu6/board_lst1.do?m_id=3_19&m_mod=0&menuId=PS03449&pageIndex=78,html/106_PS03449_p78.html,농촌진흥청 농업인안전365,N,N
9301105b0630931c,홍보,활동소식,농업인 건강연구회 뉴스레터 2011년 3호,자료실 게시물,,,2011-05-12,https://farmer.rda.go.kr/portal/menu1/board_viw.do?menuId=PS03449&m_id=3_19&m_mod=775&bbsId=6&nttSn=616&num=0&pageIndex=78,,6:616,https://farmer.rda.go.kr/portal/menu6/board_lst1.do?m_id=3_19&m_mod=0&menuId=PS03449&pageIndex=78,html/106_PS03449_p78.html,농촌진흥청 농업인안전365,N,N
989b0573baca1f06,홍보,활동소식,농업인 건강연구회 뉴스레터 2011년 2호,자료실 게시물,,,2011-04-05,https://farmer.rda.go.kr/portal/menu1/board_viw.do?menuId=PS03449&m_id=3_19&m_mod=776&bbsId=6&nttSn=617&num=0&pageIndex=78,,6:617,https://farmer.rda.go.kr/portal/menu6/board_lst1.do?m_id=3_19&m_mod=0&menuId=PS03449&pageIndex=78,html/106_PS03449_p78.html,농촌진흥청 농업인안전365,N,N
3846e77dbee258e7,홍보,활동소식,농업인 건강연구회 뉴스레터 2011년 1호,자료실 게시물,,,2011-03-14,https://farmer.rda.go.kr/portal/menu1/board_viw.do?menuId=PS03449&m_id=3_19&m_mod=777&bbsId=6&nttSn=618&num=0&pageIndex=78,,6:618,https://farmer.rda.go.kr/portal/menu6/board_lst1.do?m_id=3_19&m_mod=0&menuId=PS03449&pageIndex=78,html/106_PS03449_p78.html,농촌진흥청 농업인안전365,N,N
7977bfaf3dfc8759,홍보,활동소식,농업인 건강연구회 뉴스레터 2010년 11호,자료실 게시물,,,2011-01-19,https://farmer.rda.go.kr/portal/menu1/board_viw.do?menuId=PS03449&m_id=3_19&m_mod=778&bbsId=6&nttSn=619&num=0&pageIndex=78,,6:619,https://farmer.rda.go.kr/portal/menu6/board_lst1.do?m_id=3_19&m_mod=0&menuId=PS03449&pageIndex=78,html/106_PS03449_p78.html,농촌진흥청 농업인안전365,N,N
a34bf4a2fa254bf3,홍보,활동소식,농업인 건강연구회 뉴스레터 2010년 10호,자료실 게시물,,,2011-01-19,https://farmer.rda.go.kr/portal/menu1/board_viw.do?menuId=PS03449&m_id=3_19&m_mod=779&bbsId=6&nttSn=620&num=0&pageIndex=78,,6:620,https://farmer.rda.go.kr/portal/menu6/board_lst1.do?m_id=3_19&m_mod=0&menuId=PS03449&pageIndex=78,html/106_PS03449_p78.html,농촌진흥청 농업인안전365,N,N
bb77a609471edced,홍보,활동소식,농업인 건강연구회 뉴스레터 2010년 9호,자료실 게시물,,,2011-01-19,https://farmer.rda.go.kr/portal/menu1/board_viw.do?menuId=PS03449&m_id=3_19&m_mod=780&bbsId=6&nttSn=621&num=0&pageIndex=78,,6:621,https://farmer.rda.go.kr/portal/menu6/board_lst1.do?m_id=3_19&m_mod=0&menuId=PS03449&pageIndex=78,html/106_PS03449_p78.html,농촌진흥청 농업인안전365,N,N
1407d80aa3b2fae9,홍보,농기계,"농진청 ""집중호우 잦은 여름 농기계 침수 대비하세요""",자료실 게시물,,,2023-06-05,https://farmer.rda.go.kr/portal/menu1/board_viw.do?menuId=PS03449&m_id=3_19&m_mod=211&bbsId=6&nttSn=45&num=0&pageIndex=22,,6:45,https://farmer.rda.go.kr/portal/menu6/board_lst1.do?m_id=3_19&m_mod=0&menuId=PS03449&pageIndex=22,html/107_PS03449_p22.html,농촌진흥청 농업인안전365,N,N
e70837b81722da1d,홍보,농기계,집중호우 잦은 여름 농기계 침수 대비해야,자료실 게시물,,,2023-06-05,https://farmer.rda.go.kr/portal/menu1/board_viw.do?menuId=PS03449&m_id=3_19&m_mod=212&bbsId=6&nttSn=4&num=0&pageIndex=22,,6:4,https://farmer.rda.go.kr/portal/menu6/board_lst1.do?m_id=3_19&m_mod=0&menuId=PS03449&pageIndex=22,html/107_PS03449_p22.html,농촌진흥청 농업인안전365,N,N
75166a136e633dfb,홍보,전문지·기고,고가의 기계장비는 공동투자로 구입하라(농촌여성신문_안전하고 건강한 영농가이드83),자료실 게시물,,,2023-05-31,https://farmer.rda.go.kr/portal/menu1/board_viw.do?menuId=PS03449&m_id=3_19&m_mod=213&bbsId=6&nttSn=289&num=0&pageIndex=22,,6:289,https://farmer.rda.go.kr/portal/menu6/board_lst1.do?m_id=3_19&m_mod=0&menuId=PS03449&pageIndex=22,html/107_PS03449_p22.html,농촌진흥청 농업인안전365,N,N
aff4589b668f0abd,홍보,전문지·기고,가족간 농사․ 가사분담으로 유대강화를~(농촌여성신문_안전하고 건강한 영농가이드82),자료실 게시물,,,2023-05-17,https://farmer.rda.go.kr/portal/menu1/board_viw.do?menuId=PS03449&m_id=3_19&m_mod=214&bbsId=6&nttSn=290&num=0&pageIndex=22,,6:290,https://farmer.rda.go.kr/portal/menu6/board_lst1.do?m_id=3_19&m_mod=0&menuId=PS03449&pageIndex=22,html/107_PS03449_p22.html,농촌진흥청 농업인안전365,N,N
8b4b3e1b97a8ac1b,홍보,농기계,"(농민신문) NH농협손해보험, 농진청과 전남 나주 마한농협서 농기계사고 예방 캠페인",자료실 게시물,,,2023-05-10,https://farmer.rda.go.kr/portal/menu1/board_viw.do?menuId=PS03449&m_id=3_19&m_mod=215&bbsId=6&nttSn=133&num=0&pageIndex=22,,6:133,https://farmer.rda.go.kr/portal/menu6/board_lst1.do?m_id=3_19&m_mod=0&menuId=PS03449&pageIndex=22,html/107_PS03449_p22.html,농촌진흥청 농업인안전365,N,N
24b8077b418fffaf,홍보,농기계,농촌진흥청-농협손해보험 협력 ‘농기계 사고예방 캠페인’,자료실 게시물,,,2023-05-10,https://farmer.rda.go.kr/portal/menu1/board_viw.do?menuId=PS03449&m_id=3_19&m_mod=216&bbsId=6&nttSn=505&num=0&pageIndex=22,,6:505,https://farmer.rda.go.kr/portal/menu6/board_lst1.do?m_id=3_19&m_mod=0&menuId=PS03449&pageIndex=22,html/107_PS03449_p22.html,농촌진흥청 농업인안전365,N,N
02da348a33836ae2,홍보,농기계,"(23년 04월) 한국소비자원, 농기계 체인·벨트에 신체가 끼이는 등의 안전사고 발생",자료실 게시물,,,2023-05-02,https://farmer.rda.go.kr/portal/menu1/board_viw.do?menuId=PS03449&m_id=3_19&m_mod=217&bbsId=6&nttSn=46&num=0&pageIndex=22,,6:46,https://farmer.rda.go.kr/portal/menu6/board_lst1.do?m_id=3_19&m_mod=0&menuId=PS03449&pageIndex=22,html/107_PS03449_p22.html,농촌진흥청 농업인안전365,N,N
63f079854e72738b,홍보,농기계,농기계 체인·벨트에 신체가 끼이는 등의 안전사고 발생해,자료실 게시물,,,2023-05-02,https://farmer.rda.go.kr/portal/menu1/board_viw.do?menuId=PS03449&m_id=3_19&m_mod=218&bbsId=6&nttSn=5&num=0&pageIndex=22,,6:5,https://farmer.rda.go.kr/portal/menu6/board_lst1.do?m_id=3_19&m_mod=0&menuId=PS03449&pageIndex=22,html/107_PS03449_p22.html,농촌진흥청 농업인안전365,N,N
b77ad6b4b4fd78ff,홍보,근골격계,"농촌진흥청, 농업인 업무상 질병, '여성' 많고 대부분 '근골격계질환'",자료실 게시물,,,2023-04-26,https://farmer.rda.go.kr/portal/menu1/board_viw.do?menuId=PS03449&m_id=3_19&m_mod=219&bbsId=6&nttSn=6&num=0&pageIndex=22,,6:6,https://farmer.rda.go.kr/portal/menu6/board_lst1.do?m_id=3_19&m_mod=0&menuId=PS03449&pageIndex=22,html/107_PS03449_p22.html,농촌진흥청 농업인안전365,N,N
e326231e75cf3a9f,홍보,농기계,『상주농업기계박람회』 안전·편이 장비 전시 참여,자료실 게시물,,,2023-04-26,https://farmer.rda.go.kr/portal/menu1/board_viw.do?menuId=PS03449&m_id=3_19&m_mod=220&bbsId=6&nttSn=506&num=0&pageIndex=22,,6:506,https://farmer.rda.go.kr/portal/menu6/board_lst1.do?m_id=3_19&m_mod=0&menuId=PS03449&pageIndex=22,html/107_PS03449_p22.html,농촌진흥청 농업인안전365,N,N
e8df93c598d566b8,홍보,뉴스모음집,"(전남투데이) 고흥군, 농업인 안전 365 캠페인으로 농작업 안전문화 홍보",자료실 게시물,,,2023-04-19,https://farmer.rda.go.kr/portal/menu1/board_viw.do?menuId=PS03449&m_id=3_19&m_mod=221&bbsId=6&nttSn=134&num=0&pageIndex=23,,6:134,https://farmer.rda.go.kr/portal/menu6/board_lst1.do?m_id=3_19&m_mod=0&menuId=PS03449&pageIndex=23,html/108_PS03449_p23.html,농촌진흥청 농업인안전365,N,N
1730c38e3fce4152,홍보,전문지·기고,힘든 작업은 그룹 조직해 효율적으로(농촌여성신문_안전하고 건강한 영농가이드81),자료실 게시물,,,2023-04-11,https://farmer.rda.go.kr/portal/menu1/board_viw.do?menuId=PS03449&m_id=3_19&m_mod=222&bbsId=6&nttSn=291&num=0&pageIndex=23,,6:291,https://farmer.rda.go.kr/portal/menu6/board_lst1.do?m_id=3_19&m_mod=0&menuId=PS03449&pageIndex=23,html/108_PS03449_p23.html,농촌진흥청 농업인안전365,N,N
83a732f202aba28a,홍보,전문지·기고,충분한 수면은 생산적인 농사일의 기초(농촌여성신문_안전하고 건강한 영농가이드80),자료실 게시물,,,2023-04-05,https://farmer.rda.go.kr/portal/menu1/board_viw.do?menuId=PS03449&m_id=3_19&m_mod=223&bbsId=6&nttSn=292&num=0&pageIndex=23,,6:292,https://farmer.rda.go.kr/portal/menu6/board_lst1.do?m_id=3_19&m_mod=0&menuId=PS03449&pageIndex=23,html/108_PS03449_p23.html,농촌진흥청 농업인안전365,N,N
8b37feca756142f7,홍보,전문지·기고,규칙적인 영양식은 피로 줄이고 생산성 향상(농촌여성신문_안전하고 건강한 영농가이드79),자료실 게시물,,,2023-04-05,https://farmer.rda.go.kr/portal/menu1/board_viw.do?menuId=PS03449&m_id=3_19&m_mod=224&bbsId=6&nttSn=293&num=0&pageIndex=23,,6:293,https://farmer.rda.go.kr/portal/menu6/board_lst1.do?m_id=3_19&m_mod=0&menuId=PS03449&pageIndex=23,html/108_PS03449_p23.html,농촌진흥청 농업인안전365,N,N
1d10627757080cad,홍보,농기계,"(23년 03월) '농촌진흥청, IoT 농기계 교통안전시스템 보급' 보도",자료실 게시물,,,2023-04-03,https://farmer.rda.go.kr/portal/menu1/board_viw.do?menuId=PS03449&m_id=3_19&m_mod=225&bbsId=6&nttSn=47&num=0&pageIndex=23,,6:47,https://farmer.rda.go.kr/portal/menu6/board_lst1.do?m_id=3_19&m_mod=0&menuId=PS03449&pageIndex=23,html/108_PS03449_p23.html,농촌진흥청 농업인안전365,N,N
ec48dfb8f27cb789,홍보,보도자료,"농촌진흥청, 여성농업인 농작업안전사고 예방 실천 다짐 '한마음'",자료실 게시물,,,2023-03-27,https://farmer.rda.go.kr/portal/menu1/board_viw.do?menuId=PS03449&m_id=3_19&m_mod=226&bbsId=6&nttSn=7&num=0&pageIndex=23,,6:7,https://farmer.rda.go.kr/portal/menu6/board_lst1.do?m_id=3_19&m_mod=0&menuId=PS03449&pageIndex=23,html/108_PS03449_p23.html,농촌진흥청 농업인안전365,N,N
a744c152aec03cf2,홍보,뉴스모음집,(농촌여성신문) 농업인 안전․건강 컨트롤타워 역할에 최선,자료실 게시물,,,2023-03-27,https://farmer.rda.go.kr/portal/menu1/board_viw.do?menuId=PS03449&m_id=3_19&m_mod=227&bbsId=6&nttSn=135&num=0&pageIndex=23,,6:135,https://farmer.rda.go.kr/portal/menu6/board_lst1.do?m_id=3_19&m_mod=0&menuId=PS03449&pageIndex=23,html/108_PS03449_p23.html,농촌진흥청 농업인안전365,N,N
349e2e47cc883aa4,홍보,뉴스모음집,"(매일일보) 고흥군, ‘안전한 농작업 일터 만들기’ 맞춤형 사업 추진",자료실 게시물,,,2023-03-27,https://farmer.rda.go.kr/portal/menu1/board_viw.do?menuId=PS03449&m_id=3_19&m_mod=228&bbsId=6&nttSn=136&num=0&pageIndex=23,,6:136,https://farmer.rda.go.kr/portal/menu6/board_lst1.do?m_id=3_19&m_mod=0&menuId=PS03449&pageIndex=23,html/108_PS03449_p23.html,농촌진흥청 농업인안전365,N,N
991b4818195cb95c,홍보,보도자료,"농촌진흥청, 이달의 신간(농촌 체험농장 안전보건 관리 지침서)",자료실 게시물,,,2023-03-27,https://farmer.rda.go.kr/portal/menu1/board_viw.do?menuId=PS03449&m_id=3_19&m_mod=229&bbsId=6&nttSn=8&num=0&pageIndex=23,,6:8,https://farmer.rda.go.kr/portal/menu6/board_lst1.do?m_id=3_19&m_mod=0&menuId=PS03449&pageIndex=23,html/108_PS03449_p23.html,농촌진흥청 농업인안전365,N,N
3a8817a603e2c498,홍보,보도자료,"농촌진흥청, 이달의신간(농업인 안전재해현황: 농업인안전보험 자료)",자료실 게시물,,,2023-03-24,https://farmer.rda.go.kr/portal/menu1/board_viw.do?menuId=PS03449&m_id=3_19&m_mod=230&bbsId=6&nttSn=9&num=0&pageIndex=23,,6:9,https://farmer.rda.go.kr/portal/menu6/board_lst1.do?m_id=3_19&m_mod=0&menuId=PS03449&pageIndex=23,html/108_PS03449_p23.html,농촌진흥청 농업인안전365,N,N
088a6b4b0fd4b645,홍보,뉴스모음집,"(뉴스1) 보은군, 여성 농업인 '농부증' 예방 위해 농작업 장비 지원",자료실 게시물,,,2023-03-14,https://farmer.rda.go.kr/portal/menu1/board_viw.do?menuId=PS03449&m_id=3_19&m_mod=231&bbsId=6&nttSn=137&num=0&pageIndex=24,,6:137,https://farmer.rda.go.kr/portal/menu6/board_lst1.do?m_id=3_19&m_mod=0&menuId=PS03449&pageIndex=24,html/109_PS03449_p24.html,농촌진흥청 농업인안전365,N,N
5941d8754f4aff3b,홍보,활동소식,[고흥군] 농작업 재해예방 시범사업 전문가 컨설팅,자료실 게시물,,,2023-03-08,https://farmer.rda.go.kr/portal/menu1/board_viw.do?menuId=PS03449&m_id=3_19&m_mod=232&bbsId=6&nttSn=507&num=0&pageIndex=24,,6:507,https://farmer.rda.go.kr/portal/menu6/board_lst1.do?m_id=3_19&m_mod=0&menuId=PS03449&pageIndex=24,html/109_PS03449_p24.html,농촌진흥청 농업인안전365,N,N
49d968d6dcd10ffe,홍보,홍보성과,(일본농업신문) ‘표준조례안 마련’ 보도,자료실 게시물,,,2023-03-08,https://farmer.rda.go.kr/portal/menu1/board_viw.do?menuId=PS03449&m_id=3_19&m_mod=233&bbsId=6&nttSn=48&num=0&pageIndex=24,,6:48,https://farmer.rda.go.kr/portal/menu6/board_lst1.do?m_id=3_19&m_mod=0&menuId=PS03449&pageIndex=24,html/109_PS03449_p24.html,농촌진흥청 농업인안전365,N,N
96aa086ce18640ac,홍보,홍보성과,(일본농업신문) '농업인안전추진단 신설' 보도,자료실 게시물,,,2023-03-08,https://farmer.rda.go.kr/portal/menu1/board_viw.do?menuId=PS03449&m_id=3_19&m_mod=234&bbsId=6&nttSn=49&num=0&pageIndex=24,,6:49,https://farmer.rda.go.kr/portal/menu6/board_lst1.do?m_id=3_19&m_mod=0&menuId=PS03449&pageIndex=24,html/109_PS03449_p24.html,농촌진흥청 농업인안전365,N,N
99cba5f3cdd624f3,홍보,뉴스모음집,"(지디넷) NH농협생명, '농업인NH안전보험' 개정 출시",자료실 게시물,,,2023-03-07,https://farmer.rda.go.kr/portal/menu1/board_viw.do?menuId=PS03449&m_id=3_19&m_mod=235&bbsId=6&nttSn=138&num=0&pageIndex=24,,6:138,https://farmer.rda.go.kr/portal/menu6/board_lst1.do?m_id=3_19&m_mod=0&menuId=PS03449&pageIndex=24,html/109_PS03449_p24.html,농촌진흥청 농업인안전365,N,N
83c2222c5e0d70c8,홍보,뉴스모음집,(뉴시스) 피해 보전·농업인 보호…서울 농업재해보험료 지원 확대,자료실 게시물,,,2023-02-28,https://farmer.rda.go.kr/portal/menu1/board_viw.do?menuId=PS03449&m_id=3_19&m_mod=236&bbsId=6&nttSn=139&num=0&pageIndex=24,,6:139,https://farmer.rda.go.kr/portal/menu6/board_lst1.do?m_id=3_19&m_mod=0&menuId=PS03449&pageIndex=24,html/109_PS03449_p24.html,농촌진흥청 농업인안전365,N,N
028c65951ff11bce,홍보,전문지·기고,여가시설 마련해 심신 건강 증진시켜라(농촌여성신문_안전하고 건강한 영농가이드78),자료실 게시물,,,2023-02-27,https://farmer.rda.go.kr/portal/menu1/board_viw.do?menuId=PS03449&m_id=3_19&m_mod=237&bbsId=6&nttSn=294&num=0&pageIndex=24,,6:294,https://farmer.rda.go.kr/portal/menu6/board_lst1.do?m_id=3_19&m_mod=0&menuId=PS03449&pageIndex=24,html/109_PS03449_p24.html,농촌진흥청 농업인안전365,N,N
3f29ad3bcfcb7b33,홍보,전문지·기고,농지 근처에 휴식시설을 조성하라(농촌여성신문_안전하고 건강한 영농가이드77),자료실 게시물,,,2023-02-27,https://farmer.rda.go.kr/portal/menu1/board_viw.do?menuId=PS03449&m_id=3_19&m_mod=238&bbsId=6&nttSn=295&num=0&pageIndex=24,,6:295,https://farmer.rda.go.kr/portal/menu6/board_lst1.do?m_id=3_19&m_mod=0&menuId=PS03449&pageIndex=24,html/109_PS03449_p24.html,농촌진흥청 농업인안전365,N,N
ab631055cf0c2605,홍보,전문지·기고,위험요소로부터 어린이 보호조치 취하라(농촌여성신문_안전하고 건강한 영농가이드76),자료실 게시물,,,2023-02-27,https://farmer.rda.go.kr/portal/menu1/board_viw.do?menuId=PS03449&m_id=3_19&m_mod=239&bbsId=6&nttSn=296&num=0&pageIndex=24,,6:296,https://farmer.rda.go.kr/portal/menu6/board_lst1.do?m_id=3_19&m_mod=0&menuId=PS03449&pageIndex=24,html/109_PS03449_p24.html,농촌진흥청 농업인안전365,N,N
c62e88525662ce71,홍보,뉴스모음집,"(새전북뉴스) 여성농업인, 농작업 안전재해 예방 실천 다짐 ‘한마음’",자료실 게시물,,,2023-02-21,https://farmer.rda.go.kr/portal/menu1/board_viw.do?menuId=PS03449&m_id=3_19&m_mod=240&bbsId=6&nttSn=140&num=0&pageIndex=24,,6:140,https://farmer.rda.go.kr/portal/menu6/board_lst1.do?m_id=3_19&m_mod=0&menuId=PS03449&pageIndex=24,html/109_PS03449_p24.html,농촌진흥청 농업인안전365,N,N
0001291aa6ab897f,홍보,농기계,"곡성군, 농업기계 종합보험 가입비 80% 지원",자료실 게시물,,,2023-02-21,https://farmer.rda.go.kr/portal/menu1/board_viw.do?menuId=PS03449&m_id=3_19&m_mod=241&bbsId=6&nttSn=50&num=0&pageIndex=25,,6:50,https://farmer.rda.go.kr/portal/menu6/board_lst1.do?m_id=3_19&m_mod=0&menuId=PS03449&pageIndex=25,html/110_PS03449_p25.html,농촌진흥청 농업인안전365,N,N
dd6d00b3befb440e,홍보,농기계,(프레시안) 도서·소외지역 농업기계 안전교육·정비 수리 지원 순회,자료실 게시물,,,2023-02-14,https://farmer.rda.go.kr/portal/menu1/board_viw.do?menuId=PS03449&m_id=3_19&m_mod=242&bbsId=6&nttSn=141&num=0&pageIndex=25,,6:141,https://farmer.rda.go.kr/portal/menu6/board_lst1.do?m_id=3_19&m_mod=0&menuId=PS03449&pageIndex=25,html/110_PS03449_p25.html,농촌진흥청 농업인안전365,N,N
da37a264ff7d039b,홍보,뉴스모음집,"(뉴시스) 여성농업인 문화생활 장려…사천시, 바우처 지원사업 접수",자료실 게시물,,,2023-02-07,https://farmer.rda.go.kr/portal/menu1/board_viw.do?menuId=PS03449&m_id=3_19&m_mod=243&bbsId=6&nttSn=142&num=0&pageIndex=25,,6:142,https://farmer.rda.go.kr/portal/menu6/board_lst1.do?m_id=3_19&m_mod=0&menuId=PS03449&pageIndex=25,html/110_PS03449_p25.html,농촌진흥청 농업인안전365,N,N
63170baa68ecdd4b,홍보,뉴스모음집,"(충청일보) ""안전한 농업환경 만들자""",자료실 게시물,,,2023-02-07,https://farmer.rda.go.kr/portal/menu1/board_viw.do?menuId=PS03449&m_id=3_19&m_mod=244&bbsId=6&nttSn=143&num=0&pageIndex=25,,6:143,https://farmer.rda.go.kr/portal/menu6/board_lst1.do?m_id=3_19&m_mod=0&menuId=PS03449&pageIndex=25,html/110_PS03449_p25.html,농촌진흥청 농업인안전365,N,N
923c568201bc2fe6,홍보,응급대응,휴대 편리한 응급처치키트를 준비하라(농촌여성신문_안전하고 건강한 영농가이드75),자료실 게시물,,,2023-01-31,https://farmer.rda.go.kr/portal/menu1/board_viw.do?menuId=PS03449&m_id=3_19&m_mod=245&bbsId=6&nttSn=297&num=0&pageIndex=25,,6:297,https://farmer.rda.go.kr/portal/menu6/board_lst1.do?m_id=3_19&m_mod=0&menuId=PS03449&pageIndex=25,html/110_PS03449_p25.html,농촌진흥청 농업인안전365,N,N
3e84f7de9caa310c,홍보,전문지·기고,"작업장 근처에 깨끗한 화장실, 샤워시설 제공하라(농촌여성신문_안전하고 건강한 영농가이드74)",자료실 게시물,,,2023-01-31,https://farmer.rda.go.kr/portal/menu1/board_viw.do?menuId=PS03449&m_id=3_19&m_mod=246&bbsId=6&nttSn=298&num=0&pageIndex=25,,6:298,https://farmer.rda.go.kr/portal/menu6/board_lst1.do?m_id=3_19&m_mod=0&menuId=PS03449&pageIndex=25,html/110_PS03449_p25.html,농촌진흥청 농업인안전365,N,N
7296c350964522ad,홍보,전문지·기고,"작업장에 안전한 식수, 음료를 적절히 공급하라(농촌여성신문_안전하고 건강한 영농가이드73)",자료실 게시물,,,2023-01-27,https://farmer.rda.go.kr/portal/menu1/board_viw.do?menuId=PS03449&m_id=3_19&m_mod=247&bbsId=6&nttSn=299&num=0&pageIndex=25,,6:299,https://farmer.rda.go.kr/portal/menu6/board_lst1.do?m_id=3_19&m_mod=0&menuId=PS03449&pageIndex=25,html/110_PS03449_p25.html,농촌진흥청 농업인안전365,N,N
d2b8dc3e22d856fe,홍보,전문지·기고,인축 배설물을 바이오가스로 변환하라(농촌여성신문_안전하고 건강한 영농가이드72),자료실 게시물,,,2023-01-27,https://farmer.rda.go.kr/portal/menu1/board_viw.do?menuId=PS03449&m_id=3_19&m_mod=248&bbsId=6&nttSn=300&num=0&pageIndex=25,,6:300,https://farmer.rda.go.kr/portal/menu6/board_lst1.do?m_id=3_19&m_mod=0&menuId=PS03449&pageIndex=25,html/110_PS03449_p25.html,농촌진흥청 농업인안전365,N,N
77ea09097d17b779,홍보,농약·화학물질,해충관리법을 숙지해 농약사용량 줄여라(농촌여성신문_안전하고 건강한 영농가이드71),자료실 게시물,,,2023-01-27,https://farmer.rda.go.kr/portal/menu1/board_viw.do?menuId=PS03449&m_id=3_19&m_mod=249&bbsId=6&nttSn=301&num=0&pageIndex=25,,6:301,https://farmer.rda.go.kr/portal/menu6/board_lst1.do?m_id=3_19&m_mod=0&menuId=PS03449&pageIndex=25,html/110_PS03449_p25.html,농촌진흥청 농업인안전365,N,N
65ef7ad377f40deb,홍보,전문지·기고,"손상, 부패 최소화 방식으로 농산물 가공하라(농촌여성신문_안전하고 건강한 영농가이드70)",자료실 게시물,,,2023-01-26,https://farmer.rda.go.kr/portal/menu1/board_viw.do?menuId=PS03449&m_id=3_19&m_mod=250&bbsId=6&nttSn=302&num=0&pageIndex=25,,6:302,https://farmer.rda.go.kr/portal/menu6/board_lst1.do?m_id=3_19&m_mod=0&menuId=PS03449&pageIndex=25,html/110_PS03449_p25.html,농촌진흥청 농업인안전365,N,N
27606ac018348d32,홍보,뉴스모음집,(연합뉴스) 전북 여성농업인 생생카드 신청 접수…연 15만원 지원,자료실 게시물,,,2023-01-26,https://farmer.rda.go.kr/portal/menu1/board_viw.do?menuId=PS03449&m_id=3_19&m_mod=251&bbsId=6&nttSn=144&num=0&pageIndex=26,,6:144,https://farmer.rda.go.kr/portal/menu6/board_lst1.do?m_id=3_19&m_mod=0&menuId=PS03449&pageIndex=26,html/111_PS03449_p26.html,농촌진흥청 농업인안전365,N,N
d7c0aff831ebf94c,홍보,뉴스모음집,(한국농어민신문) 농진청 ‘농업인안전추진단’ 출범,자료실 게시물,,,2023-01-19,https://farmer.rda.go.kr/portal/menu1/board_viw.do?menuId=PS03449&m_id=3_19&m_mod=252&bbsId=6&nttSn=145&num=0&pageIndex=26,,6:145,https://farmer.rda.go.kr/portal/menu6/board_lst1.do?m_id=3_19&m_mod=0&menuId=PS03449&pageIndex=26,html/111_PS03449_p26.html,농촌진흥청 농업인안전365,N,N
34e58402f115b68e,홍보,뉴스모음집,"(뉴시스) 가평군, 컬러 가드레일 등 농로 안전시설 설치 확대",자료실 게시물,,,2023-01-11,https://farmer.rda.go.kr/portal/menu1/board_viw.do?menuId=PS03449&m_id=3_19&m_mod=253&bbsId=6&nttSn=146&num=0&pageIndex=26,,6:146,https://farmer.rda.go.kr/portal/menu6/board_lst1.do?m_id=3_19&m_mod=0&menuId=PS03449&pageIndex=26,html/111_PS03449_p26.html,농촌진흥청 농업인안전365,N,N
02b5b5e5e42aad33,홍보,뉴스모음집,"(라이브팜뉴스) 농진원, 안전보건경영 실천 결의대회 개최",자료실 게시물,,,2023-01-03,https://farmer.rda.go.kr/portal/menu1/board_viw.do?menuId=PS03449&m_id=3_19&m_mod=254&bbsId=6&nttSn=147&num=0&pageIndex=26,,6:147,https://farmer.rda.go.kr/portal/menu6/board_lst1.do?m_id=3_19&m_mod=0&menuId=PS03449&pageIndex=26,html/111_PS03449_p26.html,농촌진흥청 농업인안전365,N,N
7d5f687fe4928d06,홍보,홍보성과,농업취업자 4명 중 한 명은 아플 때도 일해,자료실 게시물,,,2022-12-29,https://farmer.rda.go.kr/portal/menu1/board_viw.do?menuId=PS03449&m_id=3_19&m_mod=255&bbsId=6&nttSn=51&num=0&pageIndex=26,,6:51,https://farmer.rda.go.kr/portal/menu6/board_lst1.do?m_id=3_19&m_mod=0&menuId=PS03449&pageIndex=26,html/111_PS03449_p26.html,농촌진흥청 농업인안전365,N,N
0d42e4a6c20902be,홍보,근골격계,(농민신문) 과수농 근골격계질환 대비 ‘농업인안전보험’ 독려,자료실 게시물,,,2022-12-29,https://farmer.rda.go.kr/portal/menu1/board_viw.do?menuId=PS03449&m_id=3_19&m_mod=256&bbsId=6&nttSn=148&num=0&pageIndex=26,,6:148,https://farmer.rda.go.kr/portal/menu6/board_lst1.do?m_id=3_19&m_mod=0&menuId=PS03449&pageIndex=26,html/111_PS03449_p26.html,농촌진흥청 농업인안전365,N,N
a37852bd956489fd,홍보,보도자료,"농촌진흥청, 이달의신간(알기 쉬운 농업인의 업무상 손상)",자료실 게시물,,,2022-12-27,https://farmer.rda.go.kr/portal/menu1/board_viw.do?menuId=PS03449&m_id=3_19&m_mod=257&bbsId=6&nttSn=10&num=0&pageIndex=26,,6:10,https://farmer.rda.go.kr/portal/menu6/board_lst1.do?m_id=3_19&m_mod=0&menuId=PS03449&pageIndex=26,html/111_PS03449_p26.html,농촌진흥청 농업인안전365,N,N
36cf683ac9d12ac6,홍보,농기계,"농촌진흥청, 이달의신간(농업기계 사고 현황)",자료실 게시물,,,2022-12-27,https://farmer.rda.go.kr/portal/menu1/board_viw.do?menuId=PS03449&m_id=3_19&m_mod=258&bbsId=6&nttSn=11&num=0&pageIndex=26,,6:11,https://farmer.rda.go.kr/portal/menu6/board_lst1.do?m_id=3_19&m_mod=0&menuId=PS03449&pageIndex=26,html/111_PS03449_p26.html,농촌진흥청 농업인안전365,N,N
8bd1ddae5d65c5b8,홍보,보도자료,"농촌진흥청, 농업-일반취업자 근로환경 비교 결과 발표",자료실 게시물,,,2022-12-27,https://farmer.rda.go.kr/portal/menu1/board_viw.do?menuId=PS03449&m_id=3_19&m_mod=259&bbsId=6&nttSn=12&num=0&pageIndex=26,,6:12,https://farmer.rda.go.kr/portal/menu6/board_lst1.do?m_id=3_19&m_mod=0&menuId=PS03449&pageIndex=26,html/111_PS03449_p26.html,농촌진흥청 농업인안전365,N,N
8a131c8ddd30d3a0,홍보,전문지·기고,적절한 물 처리로 환경 살리고 생산비도 절감(농촌여성신문_안전하고 건강한 영농가이드69),자료실 게시물,,,2022-12-22,https://farmer.rda.go.kr/portal/menu1/board_viw.do?menuId=PS03449&m_id=3_19&m_mod=260&bbsId=6&nttSn=303&num=0&pageIndex=26,,6:303,https://farmer.rda.go.kr/portal/menu6/board_lst1.do?m_id=3_19&m_mod=0&menuId=PS03449&pageIndex=26,html/111_PS03449_p26.html,농촌진흥청 농업인안전365,N,N
f448b2df8ffaec2b,홍보,전문지·기고,영농폐기물 분리수거는 환경보호 출발점(농촌여성신문_안전하고 건강한 영농가이드68),자료실 게시물,,,2022-12-22,https://farmer.rda.go.kr/portal/menu1/board_viw.do?menuId=PS03449&m_id=3_19&m_mod=261&bbsId=6&nttSn=304&num=0&pageIndex=27,,6:304,https://farmer.rda.go.kr/portal/menu6/board_lst1.do?m_id=3_19&m_mod=0&menuId=PS03449&pageIndex=27,html/112_PS03449_p27.html,농촌진흥청 농업인안전365,N,N
8f237e4c22e446af,홍보,농약·화학물질,폐농약 용기는 지정된 장소서 안전하게 폐기(농촌여성신문_안전하고 건강한 영농가이드67),자료실 게시물,,,2022-12-22,https://farmer.rda.go.kr/portal/menu1/board_viw.do?menuId=PS03449&m_id=3_19&m_mod=262&bbsId=6&nttSn=305&num=0&pageIndex=27,,6:305,https://farmer.rda.go.kr/portal/menu6/board_lst1.do?m_id=3_19&m_mod=0&menuId=PS03449&pageIndex=27,html/112_PS03449_p27.html,농촌진흥청 농업인안전365,N,N
c32fb858e579f525,홍보,전문지·기고,생강저장굴 질식사고 예방 요령(농업기술 2022년 12월호 김효철),자료실 게시물,,,2022-12-15,https://farmer.rda.go.kr/portal/menu1/board_viw.do?menuId=PS03449&m_id=3_19&m_mod=263&bbsId=6&nttSn=306&num=0&pageIndex=27,,6:306,https://farmer.rda.go.kr/portal/menu6/board_lst1.do?m_id=3_19&m_mod=0&menuId=PS03449&pageIndex=27,html/112_PS03449_p27.html,농촌진흥청 농업인안전365,N,N
ea850bdf4574ad72,홍보,뉴스모음집,(팜앤마켓) “농작업 안전관리사업은 농업인 복지 서비스”,자료실 게시물,,,2022-12-15,https://farmer.rda.go.kr/portal/menu1/board_viw.do?menuId=PS03449&m_id=3_19&m_mod=264&bbsId=6&nttSn=149&num=0&pageIndex=27,,6:149,https://farmer.rda.go.kr/portal/menu6/board_lst1.do?m_id=3_19&m_mod=0&menuId=PS03449&pageIndex=27,html/112_PS03449_p27.html,농촌진흥청 농업인안전365,N,N
34e6114e48a2f599,홍보,활동소식,제12차 농촌진흥청-대한직업환경의학회 공동 심포지움 개최,자료실 게시물,,,2022-12-12,https://farmer.rda.go.kr/portal/menu1/board_viw.do?menuId=PS03449&m_id=3_19&m_mod=265&bbsId=6&nttSn=508&num=0&pageIndex=27,,6:508,https://farmer.rda.go.kr/portal/menu6/board_lst1.do?m_id=3_19&m_mod=0&menuId=PS03449&pageIndex=27,html/112_PS03449_p27.html,농촌진흥청 농업인안전365,N,N
198161ec5f953820,홍보,농기계,"(이투데이) NH농협손보, 농기계 사고예방 캠페인 전개",자료실 게시물,,,2022-11-24,https://farmer.rda.go.kr/portal/menu1/board_viw.do?menuId=PS03449&m_id=3_19&m_mod=266&bbsId=6&nttSn=150&num=0&pageIndex=27,,6:150,https://farmer.rda.go.kr/portal/menu6/board_lst1.do?m_id=3_19&m_mod=0&menuId=PS03449&pageIndex=27,html/112_PS03449_p27.html,농촌진흥청 농업인안전365,N,N
e5ee103d7d8e7bdc,홍보,보도자료,"농촌진흥청, 이달의 신간(장애인을 위한 농작업 편이장비 활용가이드)",자료실 게시물,,,2022-11-24,https://farmer.rda.go.kr/portal/menu1/board_viw.do?menuId=PS03449&m_id=3_19&m_mod=267&bbsId=6&nttSn=13&num=0&pageIndex=27,,6:13,https://farmer.rda.go.kr/portal/menu6/board_lst1.do?m_id=3_19&m_mod=0&menuId=PS03449&pageIndex=27,html/112_PS03449_p27.html,농촌진흥청 농업인안전365,N,N
893d483f9819d7c0,홍보,보도자료,'농업인 안전사고 제로' 공모전 수상작 발표,자료실 게시물,,,2022-11-24,https://farmer.rda.go.kr/portal/menu1/board_viw.do?menuId=PS03449&m_id=3_19&m_mod=268&bbsId=6&nttSn=14&num=0&pageIndex=27,,6:14,https://farmer.rda.go.kr/portal/menu6/board_lst1.do?m_id=3_19&m_mod=0&menuId=PS03449&pageIndex=27,html/112_PS03449_p27.html,농촌진흥청 농업인안전365,N,N
2119082fabeb5646,홍보,보도자료,고령자 안전사고 소비자안전주의보,자료실 게시물,,,2022-11-24,https://farmer.rda.go.kr/portal/menu1/board_viw.do?menuId=PS03449&m_id=3_19&m_mod=269&bbsId=6&nttSn=15&num=0&pageIndex=27,,6:15,https://farmer.rda.go.kr/portal/menu6/board_lst1.do?m_id=3_19&m_mod=0&menuId=PS03449&pageIndex=27,html/112_PS03449_p27.html,농촌진흥청 농업인안전365,N,N
e2f002fcf7ec8a8e,홍보,뉴스모음집,(농민신문) 농업취업자 근로환경 취약…“주 6일 이상 일한다” 58.6%,자료실 게시물,,,2022-11-23,https://farmer.rda.go.kr/portal/menu1/board_viw.do?menuId=PS03449&m_id=3_19&m_mod=270&bbsId=6&nttSn=151&num=0&pageIndex=27,,6:151,https://farmer.rda.go.kr/portal/menu6/board_lst1.do?m_id=3_19&m_mod=0&menuId=PS03449&pageIndex=27,html/112_PS03449_p27.html,농촌진흥청 농업인안전365,N,N
bc4ad18088e5736c,홍보,뉴스모음집,(원예산업신문) 농업도 중대재해법 대비해야,자료실 게시물,,,2022-11-18,https://farmer.rda.go.kr/portal/menu1/board_viw.do?menuId=PS03449&m_id=3_19&m_mod=271&bbsId=6&nttSn=152&num=0&pageIndex=28,,6:152,https://farmer.rda.go.kr/portal/menu6/board_lst1.do?m_id=3_19&m_mod=0&menuId=PS03449&pageIndex=28,html/113_PS03449_p28.html,농촌진흥청 농업인안전365,N,N
7ad1d293ecf8d346,홍보,농기계,(농민신문) 농기계 안전사고 ‘빨간불’,자료실 게시물,,,2022-11-18,https://farmer.rda.go.kr/portal/menu1/board_viw.do?menuId=PS03449&m_id=3_19&m_mod=272&bbsId=6&nttSn=153&num=0&pageIndex=28,,6:153,https://farmer.rda.go.kr/portal/menu6/board_lst1.do?m_id=3_19&m_mod=0&menuId=PS03449&pageIndex=28,html/113_PS03449_p28.html,농촌진흥청 농업인안전365,N,N
630d7cbdb39cabd1,홍보,농약·화학물질,농약 안전사용정보를 농가·지역사회와 공유하라(농촌여성신문_안전하고 건강한 영농가이드66),자료실 게시물,,,2022-11-18,https://farmer.rda.go.kr/portal/menu1/board_viw.do?menuId=PS03449&m_id=3_19&m_mod=273&bbsId=6&nttSn=307&num=0&pageIndex=28,,6:307,https://farmer.rda.go.kr/portal/menu6/board_lst1.do?m_id=3_19&m_mod=0&menuId=PS03449&pageIndex=28,html/113_PS03449_p28.html,농촌진흥청 농업인안전365,N,N
b4459b65e46a561d,홍보,농약·화학물질,농약 살포시 적절한 보호마스크 착용하라(농촌여성신문_안전하고 건강한 영농가이드65),자료실 게시물,,,2022-11-18,https://farmer.rda.go.kr/portal/menu1/board_viw.do?menuId=PS03449&m_id=3_19&m_mod=274&bbsId=6&nttSn=308&num=0&pageIndex=28,,6:308,https://farmer.rda.go.kr/portal/menu6/board_lst1.do?m_id=3_19&m_mod=0&menuId=PS03449&pageIndex=28,html/113_PS03449_p28.html,농촌진흥청 농업인안전365,N,N
f883703b134adb88,홍보,농약·화학물질,안전한 살충제. 농약 선택해 중독위험 줄여라(농촌여성신문_안전하고 건강한 영농가이드64),자료실 게시물,,,2022-11-18,https://farmer.rda.go.kr/portal/menu1/board_viw.do?menuId=PS03449&m_id=3_19&m_mod=275&bbsId=6&nttSn=309&num=0&pageIndex=28,,6:309,https://farmer.rda.go.kr/portal/menu6/board_lst1.do?m_id=3_19&m_mod=0&menuId=PS03449&pageIndex=28,html/113_PS03449_p28.html,농촌진흥청 농업인안전365,N,N
2c910da956b8ab7c,홍보,보도자료,고령자 안전사고 10건 중 6건이 낙상사고로 나타나,자료실 게시물,,,2022-11-18,https://farmer.rda.go.kr/portal/menu1/board_viw.do?menuId=PS03449&m_id=3_19&m_mod=276&bbsId=6&nttSn=16&num=0&pageIndex=28,,6:16,https://farmer.rda.go.kr/portal/menu6/board_lst1.do?m_id=3_19&m_mod=0&menuId=PS03449&pageIndex=28,html/113_PS03449_p28.html,농촌진흥청 농업인안전365,N,N
2f3f7df8f37d7f04,홍보,응급대응,"농촌진흥청, 이달의 신간(응급처치 가이드(개정판))",자료실 게시물,,,2022-11-18,https://farmer.rda.go.kr/portal/menu1/board_viw.do?menuId=PS03449&m_id=3_19&m_mod=277&bbsId=6&nttSn=17&num=0&pageIndex=28,,6:17,https://farmer.rda.go.kr/portal/menu6/board_lst1.do?m_id=3_19&m_mod=0&menuId=PS03449&pageIndex=28,html/113_PS03449_p28.html,농촌진흥청 농업인안전365,N,N
5d298dab6386eecd,홍보,보도자료,"불볕더위 농작업은 2인 이상, 짧게 자주 휴식",자료실 게시물,,,2022-11-18,https://farmer.rda.go.kr/portal/menu1/board_viw.do?menuId=PS03449&m_id=3_19&m_mod=278&bbsId=6&nttSn=18&num=0&pageIndex=28,,6:18,https://farmer.rda.go.kr/portal/menu6/board_lst1.do?m_id=3_19&m_mod=0&menuId=PS03449&pageIndex=28,html/113_PS03449_p28.html,농촌진흥청 농업인안전365,N,N
e87b190366131531,홍보,추락·넘어짐,"농업인 업무상 손상 '고령, 남성에서 넘어짐' 사고 많아",자료실 게시물,,,2022-11-18,https://farmer.rda.go.kr/portal/menu1/board_viw.do?menuId=PS03449&m_id=3_19&m_mod=279&bbsId=6&nttSn=19&num=0&pageIndex=28,,6:19,https://farmer.rda.go.kr/portal/menu6/board_lst1.do?m_id=3_19&m_mod=0&menuId=PS03449&pageIndex=28,html/113_PS03449_p28.html,농촌진흥청 농업인안전365,N,N
e1fad950e47cde4b,홍보,보도자료,농업인 '안전사고 예방' 아이디어 찾아요,자료실 게시물,,,2022-11-18,https://farmer.rda.go.kr/portal/menu1/board_viw.do?menuId=PS03449&m_id=3_19&m_mod=280&bbsId=6&nttSn=20&num=0&pageIndex=28,,6:20,https://farmer.rda.go.kr/portal/menu6/board_lst1.do?m_id=3_19&m_mod=0&menuId=PS03449&pageIndex=28,html/113_PS03449_p28.html,농촌진흥청 농업인안전365,N,N
88937af987966e3c,홍보,농기계,"본격적인 농번기, 농기계 사고에 주의하세요",자료실 게시물,,,2022-11-18,https://farmer.rda.go.kr/portal/menu1/board_viw.do?menuId=PS03449&m_id=3_19&m_mod=281&bbsId=6&nttSn=21&num=0&pageIndex=29,,6:21,https://farmer.rda.go.kr/portal/menu6/board_lst1.do?m_id=3_19&m_mod=0&menuId=PS03449&pageIndex=29,html/114_PS03449_p29.html,농촌진흥청 농업인안전365,N,N
7d1c66fdc9179357,홍보,농약·화학물질,유해화학물질은 잠금장치 있는 캐비닛에 보관(농촌여성신문_안전하고 건강한 영농가이드63),자료실 게시물,,,2022-11-03,https://farmer.rda.go.kr/portal/menu1/board_viw.do?menuId=PS03449&m_id=3_19&m_mod=282&bbsId=6&nttSn=310&num=0&pageIndex=29,,6:310,https://farmer.rda.go.kr/portal/menu6/board_lst1.do?m_id=3_19&m_mod=0&menuId=PS03449&pageIndex=29,html/114_PS03449_p29.html,농촌진흥청 농업인안전365,N,N
0d9488d072d0d3d9,홍보,농약·화학물질,농약 등 유해화학물질 용기에 라벨 부착하라(농촌여성신문_안전하고 건강한 영농가이드62),자료실 게시물,,,2022-11-03,https://farmer.rda.go.kr/portal/menu1/board_viw.do?menuId=PS03449&m_id=3_19&m_mod=283&bbsId=6&nttSn=311&num=0&pageIndex=29,,6:311,https://farmer.rda.go.kr/portal/menu6/board_lst1.do?m_id=3_19&m_mod=0&menuId=PS03449&pageIndex=29,html/114_PS03449_p29.html,농촌진흥청 농업인안전365,N,N
fe2921a34731125a,홍보,농약·화학물질,논밭 작업시 적절한 개인보호구 사용하라(농촌여성신문_안전하고 건강한 영농가이드61),자료실 게시물,,,2022-11-03,https://farmer.rda.go.kr/portal/menu1/board_viw.do?menuId=PS03449&m_id=3_19&m_mod=284&bbsId=6&nttSn=312&num=0&pageIndex=29,,6:312,https://farmer.rda.go.kr/portal/menu6/board_lst1.do?m_id=3_19&m_mod=0&menuId=PS03449&pageIndex=29,html/114_PS03449_p29.html,농촌진흥청 농업인안전365,N,N
24da3925a380d600,홍보,전문지·기고,동물 취급 시 최대한 주의를 기울여라(농촌여성신문_안전하고 건강한 영농가이드60),자료실 게시물,,,2022-11-03,https://farmer.rda.go.kr/portal/menu1/board_viw.do?menuId=PS03449&m_id=3_19&m_mod=285&bbsId=6&nttSn=313&num=0&pageIndex=29,,6:313,https://farmer.rda.go.kr/portal/menu6/board_lst1.do?m_id=3_19&m_mod=0&menuId=PS03449&pageIndex=29,html/114_PS03449_p29.html,농촌진흥청 농업인안전365,N,N
9b45fe9f08d40049,홍보,뉴스모음집,"(이코노뉴스) 경기도 농기원, ‘2022 여성농업인 소통 심포지엄’ 개최",자료실 게시물,,,2022-11-02,https://farmer.rda.go.kr/portal/menu1/board_viw.do?menuId=PS03449&m_id=3_19&m_mod=286&bbsId=6&nttSn=154&num=0&pageIndex=29,,6:154,https://farmer.rda.go.kr/portal/menu6/board_lst1.do?m_id=3_19&m_mod=0&menuId=PS03449&pageIndex=29,html/114_PS03449_p29.html,농촌진흥청 농업인안전365,N,N
eda2c753c72d9d90,홍보,보도자료,"농촌진흥청, 이달의 신간(농업인 개인보호장비 편람)",자료실 게시물,,,2022-11-02,https://farmer.rda.go.kr/portal/menu1/board_viw.do?menuId=PS03449&m_id=3_19&m_mod=287&bbsId=6&nttSn=22&num=0&pageIndex=29,,6:22,https://farmer.rda.go.kr/portal/menu6/board_lst1.do?m_id=3_19&m_mod=0&menuId=PS03449&pageIndex=29,html/114_PS03449_p29.html,농촌진흥청 농업인안전365,N,N
249437455bd6eab6,홍보,보도자료,"농촌진흥청, 이달의 신간(농작업자 미세먼지 노출 특성 및 저감방안)",자료실 게시물,,,2022-11-02,https://farmer.rda.go.kr/portal/menu1/board_viw.do?menuId=PS03449&m_id=3_19&m_mod=288&bbsId=6&nttSn=23&num=0&pageIndex=29,,6:23,https://farmer.rda.go.kr/portal/menu6/board_lst1.do?m_id=3_19&m_mod=0&menuId=PS03449&pageIndex=29,html/114_PS03449_p29.html,농촌진흥청 농업인안전365,N,N
b47f098233f28d16,홍보,보도자료,"농촌진흥청, 이달의 신간(알기쉬운 농업인의 업무상 질병)",자료실 게시물,,,2022-11-01,https://farmer.rda.go.kr/portal/menu1/board_viw.do?menuId=PS03449&m_id=3_19&m_mod=289&bbsId=6&nttSn=24&num=0&pageIndex=29,,6:24,https://farmer.rda.go.kr/portal/menu6/board_lst1.do?m_id=3_19&m_mod=0&menuId=PS03449&pageIndex=29,html/114_PS03449_p29.html,농촌진흥청 농업인안전365,N,N
a0a5e0fef703b8eb,홍보,농기계,"농촌진흥청 IoT 기반 농기계 교통안전, 사고감지 알람 시스템 개발",자료실 게시물,,,2022-11-01,https://farmer.rda.go.kr/portal/menu1/board_viw.do?menuId=PS03449&m_id=3_19&m_mod=290&bbsId=6&nttSn=25&num=0&pageIndex=29,,6:25,https://farmer.rda.go.kr/portal/menu6/board_lst1.do?m_id=3_19&m_mod=0&menuId=PS03449&pageIndex=29,html/114_PS03449_p29.html,농촌진흥청 농업인안전365,N,N
9225b2371066cdb4,홍보,보도자료,"농촌진흥청, 이달의 신간(농작업 안전보건관리 개정판)",자료실 게시물,,,2022-11-01,https://farmer.rda.go.kr/portal/menu1/board_viw.do?menuId=PS03449&m_id=3_19&m_mod=291&bbsId=6&nttSn=26&num=0&pageIndex=30,,6:26,https://farmer.rda.go.kr/portal/menu6/board_lst1.do?m_id=3_19&m_mod=0&menuId=PS03449&pageIndex=30,html/115_PS03449_p30.html,농촌진흥청 농업인안전365,N,N
22ef03396d3538ed,홍보,온열·한랭,차가운 공기 품은 '냉각조끼' 폭염 속 농업인 지킨다,자료실 게시물,,,2022-11-01,https://farmer.rda.go.kr/portal/menu1/board_viw.do?menuId=PS03449&m_id=3_19&m_mod=292&bbsId=6&nttSn=27&num=0&pageIndex=30,,6:27,https://farmer.rda.go.kr/portal/menu6/board_lst1.do?m_id=3_19&m_mod=0&menuId=PS03449&pageIndex=30,html/115_PS03449_p30.html,농촌진흥청 농업인안전365,N,N
9ef5dc7ca5d7b810,홍보,보도자료,"농촌진흥청 개발 농작업화, 경기도농업기술원과 보급 첫 성과",자료실 게시물,,,2022-11-01,https://farmer.rda.go.kr/portal/menu1/board_viw.do?menuId=PS03449&m_id=3_19&m_mod=293&bbsId=6&nttSn=28&num=0&pageIndex=30,,6:28,https://farmer.rda.go.kr/portal/menu6/board_lst1.do?m_id=3_19&m_mod=0&menuId=PS03449&pageIndex=30,html/115_PS03449_p30.html,농촌진흥청 농업인안전365,N,N
cc6e8b1e8ad5d2cb,홍보,보도자료,"농촌진흥청, 2020년 농업인 업무상 질병 조사 결과 발표",자료실 게시물,,,2022-11-01,https://farmer.rda.go.kr/portal/menu1/board_viw.do?menuId=PS03449&m_id=3_19&m_mod=294&bbsId=6&nttSn=29&num=0&pageIndex=30,,6:29,https://farmer.rda.go.kr/portal/menu6/board_lst1.do?m_id=3_19&m_mod=0&menuId=PS03449&pageIndex=30,html/115_PS03449_p30.html,농촌진흥청 농업인안전365,N,N
aec8772edda4d5e8,홍보,작업환경,첨단 디지털 온실 이용한 참외 시설 디지털농업 연구 시작,자료실 게시물,,,2022-11-01,https://farmer.rda.go.kr/portal/menu1/board_viw.do?menuId=PS03449&m_id=3_19&m_mod=295&bbsId=6&nttSn=30&num=0&pageIndex=30,,6:30,https://farmer.rda.go.kr/portal/menu6/board_lst1.do?m_id=3_19&m_mod=0&menuId=PS03449&pageIndex=30,html/115_PS03449_p30.html,농촌진흥청 농업인안전365,N,N
97a95770a6476f2c,홍보,보도자료,"농촌진흥청, 이달의 신간(농산물 가공사업장 안전보건관리)",자료실 게시물,,,2022-11-01,https://farmer.rda.go.kr/portal/menu1/board_viw.do?menuId=PS03449&m_id=3_19&m_mod=296&bbsId=6&nttSn=31&num=0&pageIndex=30,,6:31,https://farmer.rda.go.kr/portal/menu6/board_lst1.do?m_id=3_19&m_mod=0&menuId=PS03449&pageIndex=30,html/115_PS03449_p30.html,농촌진흥청 농업인안전365,N,N
5d656086600c3499,홍보,보도자료,"농촌진흥청, 이달의 신간(2020 농작업 편이장비 편람)",자료실 게시물,,,2022-11-01,https://farmer.rda.go.kr/portal/menu1/board_viw.do?menuId=PS03449&m_id=3_19&m_mod=297&bbsId=6&nttSn=32&num=0&pageIndex=30,,6:32,https://farmer.rda.go.kr/portal/menu6/board_lst1.do?m_id=3_19&m_mod=0&menuId=PS03449&pageIndex=30,html/115_PS03449_p30.html,농촌진흥청 농업인안전365,N,N
b52e4b26659c7a4e,홍보,전문지·기고,농업인 안전보험 통해 본 농업인 재해 현황(농업기술 2022년 11월호 최동필),자료실 게시물,,,2022-11-01,https://farmer.rda.go.kr/portal/menu1/board_viw.do?menuId=PS03449&m_id=3_19&m_mod=298&bbsId=6&nttSn=314&num=0&pageIndex=30,,6:314,https://farmer.rda.go.kr/portal/menu6/board_lst1.do?m_id=3_19&m_mod=0&menuId=PS03449&pageIndex=30,html/115_PS03449_p30.html,농촌진흥청 농업인안전365,N,N
bd72dc8a81682b2f,홍보,농약·화학물질,적절하고 충분한 개인보호구를 제공하라(농촌여성신문_안전하고 건강한 영농가이드59),자료실 게시물,,,2022-10-28,https://farmer.rda.go.kr/portal/menu1/board_viw.do?menuId=PS03449&m_id=3_19&m_mod=299&bbsId=6&nttSn=315&num=0&pageIndex=30,,6:315,https://farmer.rda.go.kr/portal/menu6/board_lst1.do?m_id=3_19&m_mod=0&menuId=PS03449&pageIndex=30,html/115_PS03449_p30.html,농촌진흥청 농업인안전365,N,N
34bab1052f11c800,홍보,전문지·기고,지정장소에 충분한 양의 소화기를 비치하라(농촌여성신문_안전하고 건강한 영농가이드58),자료실 게시물,,,2022-10-28,https://farmer.rda.go.kr/portal/menu1/board_viw.do?menuId=PS03449&m_id=3_19&m_mod=300&bbsId=6&nttSn=316&num=0&pageIndex=30,,6:316,https://farmer.rda.go.kr/portal/menu6/board_lst1.do?m_id=3_19&m_mod=0&menuId=PS03449&pageIndex=30,html/115_PS03449_p30.html,농촌진흥청 농업인안전365,N,N
35cca96f447bbb3b,홍보,작업환경,적절한 환기장치로 오염된 공기를 배출하라(농촌여성신문_안전하고 건강한 영농가이드57),자료실 게시물,,,2022-10-28,https://farmer.rda.go.kr/portal/menu1/board_viw.do?menuId=PS03449&m_id=3_19&m_mod=301&bbsId=6&nttSn=317&num=0&pageIndex=31,,6:317,https://farmer.rda.go.kr/portal/menu6/board_lst1.do?m_id=3_19&m_mod=0&menuId=PS03449&pageIndex=31,html/116_PS03449_p31.html,농촌진흥청 농업인안전365,N,N
766f0281e92ce869,홍보,응급대응,농산물 가공사업장의 주요사고&응급처치(농축산기계신문_서민태),자료실 게시물,,,2022-10-27,https://farmer.rda.go.kr/portal/menu1/board_viw.do?menuId=PS03449&m_id=3_19&m_mod=302&bbsId=6&nttSn=318&num=0&pageIndex=31,,6:318,https://farmer.rda.go.kr/portal/menu6/board_lst1.do?m_id=3_19&m_mod=0&menuId=PS03449&pageIndex=31,html/116_PS03449_p31.html,농촌진흥청 농업인안전365,N,N
e52cef0addeaa439,홍보,응급대응,농작업 사고사례 및 예방(농축산기계신문_김경수),자료실 게시물,,,2022-10-27,https://farmer.rda.go.kr/portal/menu1/board_viw.do?menuId=PS03449&m_id=3_19&m_mod=303&bbsId=6&nttSn=319&num=0&pageIndex=31,,6:319,https://farmer.rda.go.kr/portal/menu6/board_lst1.do?m_id=3_19&m_mod=0&menuId=PS03449&pageIndex=31,html/116_PS03449_p31.html,농촌진흥청 농업인안전365,N,N
339c6ca2ede5ab02,홍보,전문지·기고,농업인의 중대사고 그리고 우리의 책임(한겨례_김경란),자료실 게시물,,,2022-10-27,https://farmer.rda.go.kr/portal/menu1/board_viw.do?menuId=PS03449&m_id=3_19&m_mod=304&bbsId=6&nttSn=320&num=0&pageIndex=31,,6:320,https://farmer.rda.go.kr/portal/menu6/board_lst1.do?m_id=3_19&m_mod=0&menuId=PS03449&pageIndex=31,html/116_PS03449_p31.html,농촌진흥청 농업인안전365,N,N
78ee7c519db853b7,홍보,보도자료,"농촌진흥청, 이달의 신간(알기 쉬운 농업인의 업무상 손상)",자료실 게시물,,,2022-10-24,https://farmer.rda.go.kr/portal/menu1/board_viw.do?menuId=PS03449&m_id=3_19&m_mod=305&bbsId=6&nttSn=33&num=0&pageIndex=31,,6:33,https://farmer.rda.go.kr/portal/menu6/board_lst1.do?m_id=3_19&m_mod=0&menuId=PS03449&pageIndex=31,html/116_PS03449_p31.html,농촌진흥청 농업인안전365,N,N
7acc8c0872337d93,홍보,추락·넘어짐,"고령, 여성 농업인의 '넘어짐' 사고 가장 많다.",자료실 게시물,,,2022-10-24,https://farmer.rda.go.kr/portal/menu1/board_viw.do?menuId=PS03449&m_id=3_19&m_mod=306&bbsId=6&nttSn=34&num=0&pageIndex=31,,6:34,https://farmer.rda.go.kr/portal/menu6/board_lst1.do?m_id=3_19&m_mod=0&menuId=PS03449&pageIndex=31,html/116_PS03449_p31.html,농촌진흥청 농업인안전365,N,N
97f510cecc1aea73,홍보,보도자료,"농촌진흥청, 국제노동기구 농업인 안전 챙긴다",자료실 게시물,,,2022-10-24,https://farmer.rda.go.kr/portal/menu1/board_viw.do?menuId=PS03449&m_id=3_19&m_mod=307&bbsId=6&nttSn=35&num=0&pageIndex=31,,6:35,https://farmer.rda.go.kr/portal/menu6/board_lst1.do?m_id=3_19&m_mod=0&menuId=PS03449&pageIndex=31,html/116_PS03449_p31.html,농촌진흥청 농업인안전365,N,N
de005f605eb9237a,홍보,온열·한랭,여름철 농작업 온열질환 조심하세요.,자료실 게시물,,,2022-10-24,https://farmer.rda.go.kr/portal/menu1/board_viw.do?menuId=PS03449&m_id=3_19&m_mod=308&bbsId=6&nttSn=36&num=0&pageIndex=31,,6:36,https://farmer.rda.go.kr/portal/menu6/board_lst1.do?m_id=3_19&m_mod=0&menuId=PS03449&pageIndex=31,html/116_PS03449_p31.html,농촌진흥청 농업인안전365,N,N
9a55343e9e42b3e2,홍보,보도자료,2020년 농업작업 안전재해 예방 시행계획 수립,자료실 게시물,,,2022-10-24,https://farmer.rda.go.kr/portal/menu1/board_viw.do?menuId=PS03449&m_id=3_19&m_mod=309&bbsId=6&nttSn=37&num=0&pageIndex=31,,6:37,https://farmer.rda.go.kr/portal/menu6/board_lst1.do?m_id=3_19&m_mod=0&menuId=PS03449&pageIndex=31,html/116_PS03449_p31.html,농촌진흥청 농업인안전365,N,N
160ce3d1fe7ade1c,홍보,농기계,"농기계사고, 경운기가 50%, 60세 이상 67% 발생!",자료실 게시물,,,2022-10-24,https://farmer.rda.go.kr/portal/menu1/board_viw.do?menuId=PS03449&m_id=3_19&m_mod=310&bbsId=6&nttSn=38&num=0&pageIndex=31,,6:38,https://farmer.rda.go.kr/portal/menu6/board_lst1.do?m_id=3_19&m_mod=0&menuId=PS03449&pageIndex=31,html/116_PS03449_p31.html,농촌진흥청 농업인안전365,N,N
1d9c69cb023b15a3,홍보,뉴스모음집,"(뉴스메이커) 화순군, “농작업 사고 안전조치가 필요한 마을·단체 신청하세요”",자료실 게시물,,,2021-01-29,https://farmer.rda.go.kr/portal/menu1/board_viw.do?menuId=PS03449&m_id=3_19&m_mod=591&bbsId=6&nttSn=270&num=0&pageIndex=60,,6:270,https://farmer.rda.go.kr/portal/menu6/board_lst1.do?m_id=3_19&m_mod=0&menuId=PS03449&pageIndex=60,html/117_PS03449_p60.html,농촌진흥청 농업인안전365,N,N
00a41f162d2ce72a,홍보,농약·화학물질,농작업자 농약 노출저감 방안 (농축산기계신문_김효철),자료실 게시물,,,2021-01-29,https://farmer.rda.go.kr/portal/menu1/board_viw.do?menuId=PS03449&m_id=3_19&m_mod=592&bbsId=6&nttSn=417&num=0&pageIndex=60,,6:417,https://farmer.rda.go.kr/portal/menu6/board_lst1.do?m_id=3_19&m_mod=0&menuId=PS03449&pageIndex=60,html/117_PS03449_p60.html,농촌진흥청 농업인안전365,N,N
535130f2212382b0,홍보,온열·한랭,겨울철 농업인을 위한 한랭질환 예방 가이드 (농업기술 2021년 1월호 안민지),자료실 게시물,,,2021-01-29,https://farmer.rda.go.kr/portal/menu1/board_viw.do?menuId=PS03449&m_id=3_19&m_mod=593&bbsId=6&nttSn=418&num=0&pageIndex=60,,6:418,https://farmer.rda.go.kr/portal/menu6/board_lst1.do?m_id=3_19&m_mod=0&menuId=PS03449&pageIndex=60,html/117_PS03449_p60.html,농촌진흥청 농업인안전365,N,N
a3eee9b067c9e9e9,홍보,농기계,(경인매일) 인천시 사물인터넷 활용 농기계교통사고 예방,자료실 게시물,,,2021-01-22,https://farmer.rda.go.kr/portal/menu1/board_viw.do?menuId=PS03449&m_id=3_19&m_mod=594&bbsId=6&nttSn=271&num=0&pageIndex=60,,6:271,https://farmer.rda.go.kr/portal/menu6/board_lst1.do?m_id=3_19&m_mod=0&menuId=PS03449&pageIndex=60,html/117_PS03449_p60.html,농촌진흥청 농업인안전365,N,N
587e94d55e8158f3,홍보,활동소식,KBS 6시 내고향 '안농하세요. 슬기로운 농촌 생활! 안전하게 농업 하세요' 출연,자료실 게시물,,,2020-12-28,https://farmer.rda.go.kr/portal/menu1/board_viw.do?menuId=PS03449&m_id=3_19&m_mod=595&bbsId=6&nttSn=546&num=0&pageIndex=60,,6:546,https://farmer.rda.go.kr/portal/menu6/board_lst1.do?m_id=3_19&m_mod=0&menuId=PS03449&pageIndex=60,html/117_PS03449_p60.html,농촌진흥청 농업인안전365,N,N
df6974ac83a6ca20,홍보,근골격계,근골격계질환 위험요인 관리 (농축산기계신문_서민태),자료실 게시물,,,2020-12-08,https://farmer.rda.go.kr/portal/menu1/board_viw.do?menuId=PS03449&m_id=3_19&m_mod=596&bbsId=6&nttSn=419&num=0&pageIndex=60,,6:419,https://farmer.rda.go.kr/portal/menu6/board_lst1.do?m_id=3_19&m_mod=0&menuId=PS03449&pageIndex=60,html/117_PS03449_p60.html,농촌진흥청 농업인안전365,N,N
e15a68dc58dc22c0,홍보,전문지·기고,자외선이 건강에 미치는 영향 (농축산기계신문_김경란),자료실 게시물,,,2020-12-08,https://farmer.rda.go.kr/portal/menu1/board_viw.do?menuId=PS03449&m_id=3_19&m_mod=597&bbsId=6&nttSn=420&num=0&pageIndex=60,,6:420,https://farmer.rda.go.kr/portal/menu6/board_lst1.do?m_id=3_19&m_mod=0&menuId=PS03449&pageIndex=60,html/117_PS03449_p60.html,농촌진흥청 농업인안전365,N,N
59f883f3af3ce38a,홍보,전문지·기고,농업인의 안전을 지켜주는 안전 보건 표지판 (농업기술 2020년 12월호 안민지),자료실 게시물,,,2020-12-03,https://farmer.rda.go.kr/portal/menu1/board_viw.do?menuId=PS03449&m_id=3_19&m_mod=598&bbsId=6&nttSn=421&num=0&pageIndex=60,,6:421,https://farmer.rda.go.kr/portal/menu6/board_lst1.do?m_id=3_19&m_mod=0&menuId=PS03449&pageIndex=60,html/117_PS03449_p60.html,농촌진흥청 농업인안전365,N,N
801d6c67d6e20656,홍보,전문지·기고,"농업인의 안전보호장치 ""농업인 안전보험 종류와 보장 내용"" (농업기술2020년 11월호 김경수)",자료실 게시물,,,2020-11-06,https://farmer.rda.go.kr/portal/menu1/board_viw.do?menuId=PS03449&m_id=3_19&m_mod=599&bbsId=6&nttSn=422&num=0&pageIndex=60,,6:422,https://farmer.rda.go.kr/portal/menu6/board_lst1.do?m_id=3_19&m_mod=0&menuId=PS03449&pageIndex=60,html/117_PS03449_p60.html,농촌진흥청 농업인안전365,N,N
c77be106f938ff01,홍보,작업환경,유기분진관련 호흡계 증상 (농축산기계신문_안민지),자료실 게시물,,,2020-10-15,https://farmer.rda.go.kr/portal/menu1/board_viw.do?menuId=PS03449&m_id=3_19&m_mod=600&bbsId=6&nttSn=423&num=0&pageIndex=60,,6:423,https://farmer.rda.go.kr/portal/menu6/board_lst1.do?m_id=3_19&m_mod=0&menuId=PS03449&pageIndex=60,html/117_PS03449_p60.html,농촌진흥청 농업인안전365,N,N
ed231e8041fe12ca,홍보,농약·화학물질,농약관련 건강증상 (농축산기계신문_박수인),자료실 게시물,,,2020-10-15,https://farmer.rda.go.kr/portal/menu1/board_viw.do?menuId=PS03449&m_id=3_19&m_mod=601&bbsId=6&nttSn=424&num=0&pageIndex=61,,6:424,https://farmer.rda.go.kr/portal/menu6/board_lst1.do?m_id=3_19&m_mod=0&menuId=PS03449&pageIndex=61,html/118_PS03449_p61.html,농촌진흥청 농업인안전365,N,N
a97cf86284d8bc33,홍보,근골격계,농작업 근골격계 질환 (농축산기계신문_서민태),자료실 게시물,,,2020-10-15,https://farmer.rda.go.kr/portal/menu1/board_viw.do?menuId=PS03449&m_id=3_19&m_mod=602&bbsId=6&nttSn=425&num=0&pageIndex=61,,6:425,https://farmer.rda.go.kr/portal/menu6/board_lst1.do?m_id=3_19&m_mod=0&menuId=PS03449&pageIndex=61,html/118_PS03449_p61.html,농촌진흥청 농업인안전365,N,N
ac6353e5ff123b4e,홍보,전문지·기고,"농업인, 정기적 휴일 꼭 필요 (농축산기계신문_이민지)",자료실 게시물,,,2020-10-15,https://farmer.rda.go.kr/portal/menu1/board_viw.do?menuId=PS03449&m_id=3_19&m_mod=603&bbsId=6&nttSn=426&num=0&pageIndex=61,,6:426,https://farmer.rda.go.kr/portal/menu6/board_lst1.do?m_id=3_19&m_mod=0&menuId=PS03449&pageIndex=61,html/118_PS03449_p61.html,농촌진흥청 농업인안전365,N,N
f923d5ca12c68641,홍보,전문지·기고,농업인체력과 체력관리 (농축산기계신문_김경수),자료실 게시물,,,2020-10-15,https://farmer.rda.go.kr/portal/menu1/board_viw.do?menuId=PS03449&m_id=3_19&m_mod=604&bbsId=6&nttSn=427&num=0&pageIndex=61,,6:427,https://farmer.rda.go.kr/portal/menu6/board_lst1.do?m_id=3_19&m_mod=0&menuId=PS03449&pageIndex=61,html/118_PS03449_p61.html,농촌진흥청 농업인안전365,N,N
380dadef2982d1b4,홍보,농약·화학물질,피복형 개인보호구 사용 (농축산기계신문_서민태),자료실 게시물,,,2020-10-15,https://farmer.rda.go.kr/portal/menu1/board_viw.do?menuId=PS03449&m_id=3_19&m_mod=605&bbsId=6&nttSn=428&num=0&pageIndex=61,,6:428,https://farmer.rda.go.kr/portal/menu6/board_lst1.do?m_id=3_19&m_mod=0&menuId=PS03449&pageIndex=61,html/118_PS03449_p61.html,농촌진흥청 농업인안전365,N,N
eccd2ea9eb9b6518,홍보,전문지·기고,농작업 피로회복방법 (농축산기계신문_김경란),자료실 게시물,,,2020-10-15,https://farmer.rda.go.kr/portal/menu1/board_viw.do?menuId=PS03449&m_id=3_19&m_mod=606&bbsId=6&nttSn=429&num=0&pageIndex=61,,6:429,https://farmer.rda.go.kr/portal/menu6/board_lst1.do?m_id=3_19&m_mod=0&menuId=PS03449&pageIndex=61,html/118_PS03449_p61.html,농촌진흥청 농업인안전365,N,N
c7db80954aefaac1,홍보,전문지·기고,축산인이 꼭 알아야 하는 소의 습성과 작업 안전 관리 (농업기술 2020년 10월호 김효철),자료실 게시물,,,2020-09-25,https://farmer.rda.go.kr/portal/menu1/board_viw.do?menuId=PS03449&m_id=3_19&m_mod=607&bbsId=6&nttSn=430&num=0&pageIndex=61,,6:430,https://farmer.rda.go.kr/portal/menu6/board_lst1.do?m_id=3_19&m_mod=0&menuId=PS03449&pageIndex=61,html/118_PS03449_p61.html,농촌진흥청 농업인안전365,N,N
bd087d78f227d7c8,홍보,전문지·기고,농업인 안전보건 관리에 관한 법/제도 현황 알아보기 (농업기술 2020년 9월호 김경란),자료실 게시물,,,2020-08-28,https://farmer.rda.go.kr/portal/menu1/board_viw.do?menuId=PS03449&m_id=3_19&m_mod=608&bbsId=6&nttSn=431&num=0&pageIndex=61,,6:431,https://farmer.rda.go.kr/portal/menu6/board_lst1.do?m_id=3_19&m_mod=0&menuId=PS03449&pageIndex=61,html/118_PS03449_p61.html,농촌진흥청 농업인안전365,N,N
ad242cf3611eda1f,홍보,전문지·기고,농업인안전365 사용법 (농업기술 2020년 8월호 박수인),자료실 게시물,,,2020-07-30,https://farmer.rda.go.kr/portal/menu1/board_viw.do?menuId=PS03449&m_id=3_19&m_mod=609&bbsId=6&nttSn=432&num=0&pageIndex=61,,6:432,https://farmer.rda.go.kr/portal/menu6/board_lst1.do?m_id=3_19&m_mod=0&menuId=PS03449&pageIndex=61,html/118_PS03449_p61.html,농촌진흥청 농업인안전365,N,N
01e320d0cb31894f,홍보,온열·한랭,온열질환 예방을 위한 에어 냉각조끼 관련 인터뷰,자료실 게시물,,,2020-07-27,https://farmer.rda.go.kr/portal/menu1/board_viw.do?menuId=PS03449&m_id=3_19&m_mod=610&bbsId=6&nttSn=547&num=0&pageIndex=61,,6:547,https://farmer.rda.go.kr/portal/menu6/board_lst1.do?m_id=3_19&m_mod=0&menuId=PS03449&pageIndex=61,html/118_PS03449_p61.html,농촌진흥청 농업인안전365,N,N
f168964e260d296a,홍보,농기계,"전남 장성군, ICT 농기계 교통안전 및 사고감지 알람시스템 현장평가회",자료실 게시물,,,2020-07-03,https://farmer.rda.go.kr/portal/menu1/board_viw.do?menuId=PS03449&m_id=3_19&m_mod=611&bbsId=6&nttSn=548&num=0&pageIndex=62,,6:548,https://farmer.rda.go.kr/portal/menu6/board_lst1.do?m_id=3_19&m_mod=0&menuId=PS03449&pageIndex=62,html/119_PS03449_p62.html,농촌진흥청 농업인안전365,N,N
740348bb5c4e7759,홍보,활동소식,KTV 국민방송 출연 인터뷰,자료실 게시물,,,2020-06-29,https://farmer.rda.go.kr/portal/menu1/board_viw.do?menuId=PS03449&m_id=3_19&m_mod=612&bbsId=6&nttSn=549&num=0&pageIndex=62,,6:549,https://farmer.rda.go.kr/portal/menu6/board_lst1.do?m_id=3_19&m_mod=0&menuId=PS03449&pageIndex=62,html/119_PS03449_p62.html,농촌진흥청 농업인안전365,N,N
21d4ad48f1fe7448,홍보,활동소식,제72차 농업인 건강연구회 세미나,자료실 게시물,,,2020-06-26,https://farmer.rda.go.kr/portal/menu1/board_viw.do?menuId=PS03449&m_id=3_19&m_mod=613&bbsId=6&nttSn=550&num=0&pageIndex=62,,6:550,https://farmer.rda.go.kr/portal/menu6/board_lst1.do?m_id=3_19&m_mod=0&menuId=PS03449&pageIndex=62,html/119_PS03449_p62.html,농촌진흥청 농업인안전365,N,N
f5a5099664bb99d4,홍보,온열·한랭,뜨거운 여름철 농업인의 온열질환 예방을 위한 작업관리 (농업기술 2020년 7월호 김효철),자료실 게시물,,,2020-06-25,https://farmer.rda.go.kr/portal/menu1/board_viw.do?menuId=PS03449&m_id=3_19&m_mod=614&bbsId=6&nttSn=433&num=0&pageIndex=62,,6:433,https://farmer.rda.go.kr/portal/menu6/board_lst1.do?m_id=3_19&m_mod=0&menuId=PS03449&pageIndex=62,html/119_PS03449_p62.html,농촌진흥청 농업인안전365,N,N
b33f7b912aa6b5df,홍보,활동소식,농업인 건강연구회 뉴스레터 2020년 2호,자료실 게시물,,,2020-06-18,https://farmer.rda.go.kr/portal/menu1/board_viw.do?menuId=PS03449&m_id=3_19&m_mod=615&bbsId=6&nttSn=551&num=0&pageIndex=62,,6:551,https://farmer.rda.go.kr/portal/menu6/board_lst1.do?m_id=3_19&m_mod=0&menuId=PS03449&pageIndex=62,html/119_PS03449_p62.html,농촌진흥청 농업인안전365,N,N
58f43f69d971b863,홍보,전문지·기고,반복되는 농업인 사고 예방을 위한 농업인의 업무상 손상 현황 살펴보기 (농업기술 2020년 6월호 최원종),자료실 게시물,,,2020-05-27,https://farmer.rda.go.kr/portal/menu1/board_viw.do?menuId=PS03449&m_id=3_19&m_mod=616&bbsId=6&nttSn=434&num=0&pageIndex=62,,6:434,https://farmer.rda.go.kr/portal/menu6/board_lst1.do?m_id=3_19&m_mod=0&menuId=PS03449&pageIndex=62,html/119_PS03449_p62.html,농촌진흥청 농업인안전365,N,N
db5d39acde4f7397,홍보,전문지·기고,사고예방을 위한 농산물 가공 사업장 안전 체크리스트 (농업기술 2020년5월호 서민태),자료실 게시물,,,2020-05-27,https://farmer.rda.go.kr/portal/menu1/board_viw.do?menuId=PS03449&m_id=3_19&m_mod=617&bbsId=6&nttSn=435&num=0&pageIndex=62,,6:435,https://farmer.rda.go.kr/portal/menu6/board_lst1.do?m_id=3_19&m_mod=0&menuId=PS03449&pageIndex=62,html/119_PS03449_p62.html,농촌진흥청 농업인안전365,N,N
a90fddcffb24b6ac,홍보,전문지·기고,농작업 안전보건관리의 기본 (농축산기계신문_서민태),자료실 게시물,,,2020-05-21,https://farmer.rda.go.kr/portal/menu1/board_viw.do?menuId=PS03449&m_id=3_19&m_mod=618&bbsId=6&nttSn=436&num=0&pageIndex=62,,6:436,https://farmer.rda.go.kr/portal/menu6/board_lst1.do?m_id=3_19&m_mod=0&menuId=PS03449&pageIndex=62,html/119_PS03449_p62.html,농촌진흥청 농업인안전365,N,N
1bc4b2e255e5d173,홍보,전문지·기고,농업인 안전재해 보험 (농축산기계신문_최동필),자료실 게시물,,,2020-05-21,https://farmer.rda.go.kr/portal/menu1/board_viw.do?menuId=PS03449&m_id=3_19&m_mod=619&bbsId=6&nttSn=437&num=0&pageIndex=62,,6:437,https://farmer.rda.go.kr/portal/menu6/board_lst1.do?m_id=3_19&m_mod=0&menuId=PS03449&pageIndex=62,html/119_PS03449_p62.html,농촌진흥청 농업인안전365,N,N
8e3f45b206b67359,홍보,전문지·기고,농업인 재해실태 현황 (농축산기계신문_이경숙),자료실 게시물,,,2020-05-21,https://farmer.rda.go.kr/portal/menu1/board_viw.do?menuId=PS03449&m_id=3_19&m_mod=620&bbsId=6&nttSn=438&num=0&pageIndex=62,,6:438,https://farmer.rda.go.kr/portal/menu6/board_lst1.do?m_id=3_19&m_mod=0&menuId=PS03449&pageIndex=62,html/119_PS03449_p62.html,농촌진흥청 농업인안전365,N,N
e9f37c67f25a7a72,홍보,홍보성과,‘농업인안전365’로 안전보건 인식 높인다,자료실 게시물,,,2020-04-16,https://farmer.rda.go.kr/portal/menu1/board_viw.do?menuId=PS03449&m_id=3_19&m_mod=621&bbsId=6&nttSn=83&num=0&pageIndex=63,,6:83,https://farmer.rda.go.kr/portal/menu6/board_lst1.do?m_id=3_19&m_mod=0&menuId=PS03449&pageIndex=63,html/120_PS03449_p63.html,농촌진흥청 농업인안전365,N,N
6dbad02dae8f78f3,홍보,농기계,농기계 안전사고 예방을 위한 사고유형 및 예방법 (농업기술 2020년 4월호 김경수),자료실 게시물,,,2020-03-26,https://farmer.rda.go.kr/portal/menu1/board_viw.do?menuId=PS03449&m_id=3_19&m_mod=622&bbsId=6&nttSn=439&num=0&pageIndex=63,,6:439,https://farmer.rda.go.kr/portal/menu6/board_lst1.do?m_id=3_19&m_mod=0&menuId=PS03449&pageIndex=63,html/120_PS03449_p63.html,농촌진흥청 농업인안전365,N,N
5246bc0695e7123d,홍보,전문지·기고,보이지 않지만 치명적인 미세먼지를 막으려면 농작업 시 마스크 착용 (농업기술 2020년 3월호 이민지),자료실 게시물,,,2020-03-13,https://farmer.rda.go.kr/portal/menu1/board_viw.do?menuId=PS03449&m_id=3_19&m_mod=623&bbsId=6&nttSn=440&num=0&pageIndex=63,,6:440,https://farmer.rda.go.kr/portal/menu6/board_lst1.do?m_id=3_19&m_mod=0&menuId=PS03449&pageIndex=63,html/120_PS03449_p63.html,농촌진흥청 농업인안전365,N,N
01bc1eab6765fc18,홍보,전문지·기고,양돈 작업장 안전사고 사례와 예방 방안 (월간한돈 2020년 3월호 김효철),자료실 게시물,,,2020-03-13,https://farmer.rda.go.kr/portal/menu1/board_viw.do?menuId=PS03449&m_id=3_19&m_mod=624&bbsId=6&nttSn=441&num=0&pageIndex=63,,6:441,https://farmer.rda.go.kr/portal/menu6/board_lst1.do?m_id=3_19&m_mod=0&menuId=PS03449&pageIndex=63,html/120_PS03449_p63.html,농촌진흥청 농업인안전365,N,N
3ca7bce56cbe0b40,홍보,근골격계,가볍게 생각하다 큰코다치는 농업인 근골격계질환 (농업기술 2020년 2월호 최동필),자료실 게시물,,,2020-03-13,https://farmer.rda.go.kr/portal/menu1/board_viw.do?menuId=PS03449&m_id=3_19&m_mod=625&bbsId=6&nttSn=442&num=0&pageIndex=63,,6:442,https://farmer.rda.go.kr/portal/menu6/board_lst1.do?m_id=3_19&m_mod=0&menuId=PS03449&pageIndex=63,html/120_PS03449_p63.html,농촌진흥청 농업인안전365,N,N
85495bc366222859,홍보,전문지·기고,살기좋은 농촌을 위한 안전한 영농폐기물 처리 (농업기술 2020년 1월호 이경숙),자료실 게시물,,,2020-03-13,https://farmer.rda.go.kr/portal/menu1/board_viw.do?menuId=PS03449&m_id=3_19&m_mod=626&bbsId=6&nttSn=443&num=0&pageIndex=63,,6:443,https://farmer.rda.go.kr/portal/menu6/board_lst1.do?m_id=3_19&m_mod=0&menuId=PS03449&pageIndex=63,html/120_PS03449_p63.html,농촌진흥청 농업인안전365,N,N
c683b9dcaab6c103,홍보,전문지·기고,건강하고 안전한 겨울철 농작업 규칙 (농업기술 2019년12월호 김경란),자료실 게시물,,,2020-03-13,https://farmer.rda.go.kr/portal/menu1/board_viw.do?menuId=PS03449&m_id=3_19&m_mod=627&bbsId=6&nttSn=444&num=0&pageIndex=63,,6:444,https://farmer.rda.go.kr/portal/menu6/board_lst1.do?m_id=3_19&m_mod=0&menuId=PS03449&pageIndex=63,html/120_PS03449_p63.html,농촌진흥청 농업인안전365,N,N
1e051e46c7200d75,홍보,전문지·기고,농작업 재해로부터의 든든한 울타리 농업인 안전보험 (농업기술 2019년 11월호 최원종),자료실 게시물,,,2020-03-13,https://farmer.rda.go.kr/portal/menu1/board_viw.do?menuId=PS03449&m_id=3_19&m_mod=628&bbsId=6&nttSn=445&num=0&pageIndex=63,,6:445,https://farmer.rda.go.kr/portal/menu6/board_lst1.do?m_id=3_19&m_mod=0&menuId=PS03449&pageIndex=63,html/120_PS03449_p63.html,농촌진흥청 농업인안전365,N,N
3072efb9475a5035,홍보,활동소식,농업인 건강연구회 뉴스레터 2020년 1호,자료실 게시물,,,2020-02-21,https://farmer.rda.go.kr/portal/menu1/board_viw.do?menuId=PS03449&m_id=3_19&m_mod=629&bbsId=6&nttSn=552&num=0&pageIndex=63,,6:552,https://farmer.rda.go.kr/portal/menu6/board_lst1.do?m_id=3_19&m_mod=0&menuId=PS03449&pageIndex=63,html/120_PS03449_p63.html,농촌진흥청 농업인안전365,N,N
2c7b8b9e9b6ea240,홍보,활동소식,제71차 농업인 건강연구회 세미나,자료실 게시물,,,2020-02-10,https://farmer.rda.go.kr/portal/menu1/board_viw.do?menuId=PS03449&m_id=3_19&m_mod=630&bbsId=6&nttSn=553&num=0&pageIndex=63,,6:553,https://farmer.rda.go.kr/portal/menu6/board_lst1.do?m_id=3_19&m_mod=0&menuId=PS03449&pageIndex=63,html/120_PS03449_p63.html,농촌진흥청 농업인안전365,N,N
d0f8040feba74901,홍보,안전교육,화순군 도곡도암 복숭아 작목반 대상 농작업 안전 교육,자료실 게시물,,,2019-11-29,https://farmer.rda.go.kr/portal/menu1/board_viw.do?menuId=PS03449&m_id=3_19&m_mod=631&bbsId=6&nttSn=554&num=0&pageIndex=64,,6:554,https://farmer.rda.go.kr/portal/menu6/board_lst1.do?m_id=3_19&m_mod=0&menuId=PS03449&pageIndex=64,html/121_PS03449_p64.html,농촌진흥청 농업인안전365,N,N
050038689fd546d0,홍보,활동소식,대한직업환경의학회 공동 농작업 안전보건 심포지엄 개최,자료실 게시물,,,2019-11-25,https://farmer.rda.go.kr/portal/menu1/board_viw.do?menuId=PS03449&m_id=3_19&m_mod=632&bbsId=6&nttSn=555&num=0&pageIndex=64,,6:555,https://farmer.rda.go.kr/portal/menu6/board_lst1.do?m_id=3_19&m_mod=0&menuId=PS03449&pageIndex=64,html/121_PS03449_p64.html,농촌진흥청 농업인안전365,N,N
0666124c337917e5,홍보,작업환경,농작업 유해 요인 노출 현황 및 관리 - 분진 (농업기술 2019년 10월호 김효철),자료실 게시물,,,2019-10-28,https://farmer.rda.go.kr/portal/menu1/board_viw.do?menuId=PS03449&m_id=3_19&m_mod=633&bbsId=6&nttSn=446&num=0&pageIndex=64,,6:446,https://farmer.rda.go.kr/portal/menu6/board_lst1.do?m_id=3_19&m_mod=0&menuId=PS03449&pageIndex=64,html/121_PS03449_p64.html,농촌진흥청 농업인안전365,N,N
658422d119c74c66,홍보,작업환경,농작업 유해 요인 노출 현황 및 관리 - 소음과 진동 (농업기술 2019년 9월호 안민지),자료실 게시물,,,2019-10-28,https://farmer.rda.go.kr/portal/menu1/board_viw.do?menuId=PS03449&m_id=3_19&m_mod=634&bbsId=6&nttSn=447&num=0&pageIndex=64,,6:447,https://farmer.rda.go.kr/portal/menu6/board_lst1.do?m_id=3_19&m_mod=0&menuId=PS03449&pageIndex=64,html/121_PS03449_p64.html,농촌진흥청 농업인안전365,N,N
dc190c3b1719df1d,홍보,전문지·기고,농업인 건강안전 정보센터의 활용 (농업기술 2019년 8월호 박수인),자료실 게시물,,,2019-10-28,https://farmer.rda.go.kr/portal/menu1/board_viw.do?menuId=PS03449&m_id=3_19&m_mod=635&bbsId=6&nttSn=448&num=0&pageIndex=64,,6:448,https://farmer.rda.go.kr/portal/menu6/board_lst1.do?m_id=3_19&m_mod=0&menuId=PS03449&pageIndex=64,html/121_PS03449_p64.html,농촌진흥청 농업인안전365,N,N
eb41b8a6420bf4ce,홍보,온열·한랭,여름철 폭염에 대비한 농업인 건강 안전 관리 요령 (농업기술 2019년 7월호 김경란),자료실 게시물,,,2019-10-28,https://farmer.rda.go.kr/portal/menu1/board_viw.do?menuId=PS03449&m_id=3_19&m_mod=636&bbsId=6&nttSn=449&num=0&pageIndex=64,,6:449,https://farmer.rda.go.kr/portal/menu6/board_lst1.do?m_id=3_19&m_mod=0&menuId=PS03449&pageIndex=64,html/121_PS03449_p64.html,농촌진흥청 농업인안전365,N,N
eb001051090b8685,홍보,농약·화학물질,농작업 시 농약 중독을 막기 위한 예방 수칙 (농업기술 2019년 6월호 김효철),자료실 게시물,,,2019-10-28,https://farmer.rda.go.kr/portal/menu1/board_viw.do?menuId=PS03449&m_id=3_19&m_mod=637&bbsId=6&nttSn=450&num=0&pageIndex=64,,6:450,https://farmer.rda.go.kr/portal/menu6/board_lst1.do?m_id=3_19&m_mod=0&menuId=PS03449&pageIndex=64,html/121_PS03449_p64.html,농촌진흥청 농업인안전365,N,N
13af2846808382a5,홍보,근골격계,농업인의 하지 근골격게 질환 관리 요령 (농업기술 2019년 5월호 최동필),자료실 게시물,,,2019-10-28,https://farmer.rda.go.kr/portal/menu1/board_viw.do?menuId=PS03449&m_id=3_19&m_mod=638&bbsId=6&nttSn=451&num=0&pageIndex=64,,6:451,https://farmer.rda.go.kr/portal/menu6/board_lst1.do?m_id=3_19&m_mod=0&menuId=PS03449&pageIndex=64,html/121_PS03449_p64.html,농촌진흥청 농업인안전365,N,N
6b588512db44a9d3,홍보,농기계,농기계 사고를 예방하기 위한 안전수칙과 안전 반사판 부착 방법 (농업기술 2019년 4월호 김경수),자료실 게시물,,,2019-10-28,https://farmer.rda.go.kr/portal/menu1/board_viw.do?menuId=PS03449&m_id=3_19&m_mod=639&bbsId=6&nttSn=452&num=0&pageIndex=64,,6:452,https://farmer.rda.go.kr/portal/menu6/board_lst1.do?m_id=3_19&m_mod=0&menuId=PS03449&pageIndex=64,html/121_PS03449_p64.html,농촌진흥청 농업인안전365,N,N
0c376ce294b7441c,홍보,작업환경,농작업 시 발생하는 분진에 덜 노출되는 방법 (농업기술 2019년 3월호 이민지),자료실 게시물,,,2019-10-28,https://farmer.rda.go.kr/portal/menu1/board_viw.do?menuId=PS03449&m_id=3_19&m_mod=640&bbsId=6&nttSn=453&num=0&pageIndex=64,,6:453,https://farmer.rda.go.kr/portal/menu6/board_lst1.do?m_id=3_19&m_mod=0&menuId=PS03449&pageIndex=64,html/121_PS03449_p64.html,농촌진흥청 농업인안전365,N,N
6799d73afd41dbab,홍보,근골격계,"신체 부담으로 망가지는 디스크, 농업인의 근골격계 질환과 예방법 (농업기술 2019년 2월호 최동필)",자료실 게시물,,,2019-10-28,https://farmer.rda.go.kr/portal/menu1/board_viw.do?menuId=PS03449&m_id=3_19&m_mod=641&bbsId=6&nttSn=454&num=0&pageIndex=65,,6:454,https://farmer.rda.go.kr/portal/menu6/board_lst1.do?m_id=3_19&m_mod=0&menuId=PS03449&pageIndex=65,html/122_PS03449_p65.html,농촌진흥청 농업인안전365,N,N
a9da8fb97174e970,홍보,전문지·기고,농산물 가공사업장 위험요인! 이렇게 바뀌어야 합니다 (농업기술 2019년 1월호 서민태),자료실 게시물,,,2019-10-28,https://farmer.rda.go.kr/portal/menu1/board_viw.do?menuId=PS03449&m_id=3_19&m_mod=642&bbsId=6&nttSn=455&num=0&pageIndex=65,,6:455,https://farmer.rda.go.kr/portal/menu6/board_lst1.do?m_id=3_19&m_mod=0&menuId=PS03449&pageIndex=65,html/122_PS03449_p65.html,농촌진흥청 농업인안전365,N,N
fc35b60c60960e42,홍보,홍보성과,농업정책은 농업인 안전이 최우선이어야,자료실 게시물,,,2019-10-07,https://farmer.rda.go.kr/portal/menu1/board_viw.do?menuId=PS03449&m_id=3_19&m_mod=643&bbsId=6&nttSn=84&num=0&pageIndex=65,,6:84,https://farmer.rda.go.kr/portal/menu6/board_lst1.do?m_id=3_19&m_mod=0&menuId=PS03449&pageIndex=65,html/122_PS03449_p65.html,농촌진흥청 농업인안전365,N,N
6096cb4bbe4603b8,홍보,활동소식,'19 동북아 지역 농업안전보건 국제심포지엄 개최,자료실 게시물,,,2019-10-04,https://farmer.rda.go.kr/portal/menu1/board_viw.do?menuId=PS03449&m_id=3_19&m_mod=644&bbsId=6&nttSn=556&num=0&pageIndex=65,,6:556,https://farmer.rda.go.kr/portal/menu6/board_lst1.do?m_id=3_19&m_mod=0&menuId=PS03449&pageIndex=65,html/122_PS03449_p65.html,농촌진흥청 농업인안전365,N,N
f2a57171db8eeada,홍보,활동소식,EBS 다큐시선 출연 인터뷰,자료실 게시물,,,2019-08-08,https://farmer.rda.go.kr/portal/menu1/board_viw.do?menuId=PS03449&m_id=3_19&m_mod=645&bbsId=6&nttSn=557&num=0&pageIndex=65,,6:557,https://farmer.rda.go.kr/portal/menu6/board_lst1.do?m_id=3_19&m_mod=0&menuId=PS03449&pageIndex=65,html/122_PS03449_p65.html,농촌진흥청 농업인안전365,N,N
399265fafc07bc8a,홍보,안전교육,"보성군 고죽마을,장수군 장계사과연구회 대상 농작업 안전교육 및 편이장비 전시관 견학안내",자료실 게시물,,,2019-07-26,https://farmer.rda.go.kr/portal/menu1/board_viw.do?menuId=PS03449&m_id=3_19&m_mod=646&bbsId=6&nttSn=558&num=0&pageIndex=65,,6:558,https://farmer.rda.go.kr/portal/menu6/board_lst1.do?m_id=3_19&m_mod=0&menuId=PS03449&pageIndex=65,html/122_PS03449_p65.html,농촌진흥청 농업인안전365,N,N
4ae9403da48bb118,홍보,활동소식,농업인 건강연구회 뉴스레터 2019년 3호,자료실 게시물,,,2019-07-16,https://farmer.rda.go.kr/portal/menu1/board_viw.do?menuId=PS03449&m_id=3_19&m_mod=647&bbsId=6&nttSn=559&num=0&pageIndex=65,,6:559,https://farmer.rda.go.kr/portal/menu6/board_lst1.do?m_id=3_19&m_mod=0&menuId=PS03449&pageIndex=65,html/122_PS03449_p65.html,농촌진흥청 농업인안전365,N,N
a3d9d1fbfc001ebf,홍보,활동소식,경남 함양 사과작목반 대상 농작업 안전보건 강의 및 편이장비 전시,자료실 게시물,,,2019-06-26,https://farmer.rda.go.kr/portal/menu1/board_viw.do?menuId=PS03449&m_id=3_19&m_mod=648&bbsId=6&nttSn=560&num=0&pageIndex=65,,6:560,https://farmer.rda.go.kr/portal/menu6/board_lst1.do?m_id=3_19&m_mod=0&menuId=PS03449&pageIndex=65,html/122_PS03449_p65.html,농촌진흥청 농업인안전365,N,N
a896619904881ca4,홍보,활동소식,제69차 농업인 건강연구회 세미나,자료실 게시물,,,2019-06-12,https://farmer.rda.go.kr/portal/menu1/board_viw.do?menuId=PS03449&m_id=3_19&m_mod=649&bbsId=6&nttSn=561&num=0&pageIndex=65,,6:561,https://farmer.rda.go.kr/portal/menu6/board_lst1.do?m_id=3_19&m_mod=0&menuId=PS03449&pageIndex=65,html/122_PS03449_p65.html,농촌진흥청 농업인안전365,N,N
296633366236f6be,홍보,농기계,"경남농기원, '농작업재해 교육과 농기계 사고 예방 캠페인’ 실시",자료실 게시물,,,2019-06-10,https://farmer.rda.go.kr/portal/menu1/board_viw.do?menuId=PS03449&m_id=3_19&m_mod=650&bbsId=6&nttSn=85&num=0&pageIndex=65,,6:85,https://farmer.rda.go.kr/portal/menu6/board_lst1.do?m_id=3_19&m_mod=0&menuId=PS03449&pageIndex=65,html/122_PS03449_p65.html,농촌진흥청 농업인안전365,N,N
fb2f73f09baf1d6d,홍보,농기계,"5~6월 집중하는 농기계 사고 줄이기 적극 나서농촌진흥청, 농기계 사고예방 캠페인 및 농작업사고 안전교육 실시",자료실 게시물,,,2019-06-10,https://farmer.rda.go.kr/portal/menu1/board_viw.do?menuId=PS03449&m_id=3_19&m_mod=651&bbsId=6&nttSn=86&num=0&pageIndex=66,,6:86,https://farmer.rda.go.kr/portal/menu6/board_lst1.do?m_id=3_19&m_mod=0&menuId=PS03449&pageIndex=66,html/123_PS03449_p66.html,농촌진흥청 농업인안전365,N,N
96cd961e11e54a25,홍보,농기계,19년도 농작업 재해예방 및 농기계안전교육 캠페인,자료실 게시물,,,2019-06-10,https://farmer.rda.go.kr/portal/menu1/board_viw.do?menuId=PS03449&m_id=3_19&m_mod=652&bbsId=6&nttSn=562&num=0&pageIndex=66,,6:562,https://farmer.rda.go.kr/portal/menu6/board_lst1.do?m_id=3_19&m_mod=0&menuId=PS03449&pageIndex=66,html/123_PS03449_p66.html,농촌진흥청 농업인안전365,N,N
b95645cee801e8e7,홍보,활동소식,농업인 건강연구회 뉴스레터 2019년 2호,자료실 게시물,,,2019-06-07,https://farmer.rda.go.kr/portal/menu1/board_viw.do?menuId=PS03449&m_id=3_19&m_mod=653&bbsId=6&nttSn=563&num=0&pageIndex=66,,6:563,https://farmer.rda.go.kr/portal/menu6/board_lst1.do?m_id=3_19&m_mod=0&menuId=PS03449&pageIndex=66,html/123_PS03449_p66.html,농촌진흥청 농업인안전365,N,N
6e5cb8fa254c9371,홍보,활동소식,제68차 농업인 건강연구회 세미나,자료실 게시물,,,2019-05-25,https://farmer.rda.go.kr/portal/menu1/board_viw.do?menuId=PS03449&m_id=3_19&m_mod=654&bbsId=6&nttSn=564&num=0&pageIndex=66,,6:564,https://farmer.rda.go.kr/portal/menu6/board_lst1.do?m_id=3_19&m_mod=0&menuId=PS03449&pageIndex=66,html/123_PS03449_p66.html,농촌진흥청 농업인안전365,N,N
662ea7f2b4171841,홍보,활동소식,농업인 건강연구회 뉴스레터 2019년 1호,자료실 게시물,,,2019-04-30,https://farmer.rda.go.kr/portal/menu1/board_viw.do?menuId=PS03449&m_id=3_19&m_mod=655&bbsId=6&nttSn=565&num=0&pageIndex=66,,6:565,https://farmer.rda.go.kr/portal/menu6/board_lst1.do?m_id=3_19&m_mod=0&menuId=PS03449&pageIndex=66,html/123_PS03449_p66.html,농촌진흥청 농업인안전365,N,N
562b9fdb16ffe328,홍보,활동소식,제주 농업안전보건센터 심포지엄,자료실 게시물,,,2019-04-18,https://farmer.rda.go.kr/portal/menu1/board_viw.do?menuId=PS03449&m_id=3_19&m_mod=656&bbsId=6&nttSn=566&num=0&pageIndex=66,,6:566,https://farmer.rda.go.kr/portal/menu6/board_lst1.do?m_id=3_19&m_mod=0&menuId=PS03449&pageIndex=66,html/123_PS03449_p66.html,농촌진흥청 농업인안전365,N,N
1c50dcd37c227785,홍보,홍보성과,도농기원 ‘농작업 사고예방 캠페인’ 펼쳐,자료실 게시물,,,2019-03-29,https://farmer.rda.go.kr/portal/menu1/board_viw.do?menuId=PS03449&m_id=3_19&m_mod=657&bbsId=6&nttSn=87&num=0&pageIndex=66,,6:87,https://farmer.rda.go.kr/portal/menu6/board_lst1.do?m_id=3_19&m_mod=0&menuId=PS03449&pageIndex=66,html/123_PS03449_p66.html,농촌진흥청 농업인안전365,N,N
08bb651c09b77741,홍보,농기계,농업유관기관 농기계 사고예방 캠페인,자료실 게시물,,,2019-03-29,https://farmer.rda.go.kr/portal/menu1/board_viw.do?menuId=PS03449&m_id=3_19&m_mod=658&bbsId=6&nttSn=88&num=0&pageIndex=66,,6:88,https://farmer.rda.go.kr/portal/menu6/board_lst1.do?m_id=3_19&m_mod=0&menuId=PS03449&pageIndex=66,html/123_PS03449_p66.html,농촌진흥청 농업인안전365,N,N
439d49d9d648aa8a,홍보,농기계,19년도 농작업 재해예방 및 농기계안전교육 캠페인,자료실 게시물,,,2019-03-28,https://farmer.rda.go.kr/portal/menu1/board_viw.do?menuId=PS03449&m_id=3_19&m_mod=659&bbsId=6&nttSn=567&num=0&pageIndex=66,,6:567,https://farmer.rda.go.kr/portal/menu6/board_lst1.do?m_id=3_19&m_mod=0&menuId=PS03449&pageIndex=66,html/123_PS03449_p66.html,농촌진흥청 농업인안전365,N,N
2cb454ac60f878ec,홍보,전문지·기고,농업인 안전 재해 예방에 한 걸음 다가서는 국가기술자격 '농작업안전보건기사' (농업기술 2018년 12월호 김경란),자료실 게시물,,,2019-03-27,https://farmer.rda.go.kr/portal/menu1/board_viw.do?menuId=PS03449&m_id=3_19&m_mod=660&bbsId=6&nttSn=456&num=0&pageIndex=66,,6:456,https://farmer.rda.go.kr/portal/menu6/board_lst1.do?m_id=3_19&m_mod=0&menuId=PS03449&pageIndex=66,html/123_PS03449_p66.html,농촌진흥청 농업인안전365,N,N
6a52d12d7aa1c5b9,홍보,전문지·기고,안전 반사판으로 농촌 지역의 야간 교통사고 예방 (농업기술 2018년 11월호 박수인),자료실 게시물,,,2019-03-27,https://farmer.rda.go.kr/portal/menu1/board_viw.do?menuId=PS03449&m_id=3_19&m_mod=661&bbsId=6&nttSn=457&num=0&pageIndex=67,,6:457,https://farmer.rda.go.kr/portal/menu6/board_lst1.do?m_id=3_19&m_mod=0&menuId=PS03449&pageIndex=67,html/124_PS03449_p67.html,농촌진흥청 농업인안전365,N,N
704c2573104dfa94,홍보,전문지·기고,농작업 유형·작목별 위험 요인 노출 특성과 대책 (농업기술 2018년 10월호 이민지),자료실 게시물,,,2019-03-27,https://farmer.rda.go.kr/portal/menu1/board_viw.do?menuId=PS03449&m_id=3_19&m_mod=662&bbsId=6&nttSn=458&num=0&pageIndex=67,,6:458,https://farmer.rda.go.kr/portal/menu6/board_lst1.do?m_id=3_19&m_mod=0&menuId=PS03449&pageIndex=67,html/124_PS03449_p67.html,농촌진흥청 농업인안전365,N,N
d1130d900f7435cd,홍보,전문지·기고,농작업 사고 현황과 예방법 숙지로 피해 최소화하기 (농업기술 2018년 9월호 김경수),자료실 게시물,,,2019-03-27,https://farmer.rda.go.kr/portal/menu1/board_viw.do?menuId=PS03449&m_id=3_19&m_mod=663&bbsId=6&nttSn=459&num=0&pageIndex=67,,6:459,https://farmer.rda.go.kr/portal/menu6/board_lst1.do?m_id=3_19&m_mod=0&menuId=PS03449&pageIndex=67,html/124_PS03449_p67.html,농촌진흥청 농업인안전365,N,N
21bb98afeae783fd,홍보,전문지·기고,농업인 안전보건관리 법·제도 현황 (농업기술 2018년 8월호 김경란),자료실 게시물,,,2019-03-27,https://farmer.rda.go.kr/portal/menu1/board_viw.do?menuId=PS03449&m_id=3_19&m_mod=664&bbsId=6&nttSn=460&num=0&pageIndex=67,,6:460,https://farmer.rda.go.kr/portal/menu6/board_lst1.do?m_id=3_19&m_mod=0&menuId=PS03449&pageIndex=67,html/124_PS03449_p67.html,농촌진흥청 농업인안전365,N,N
c166fb8854667e61,홍보,전문지·기고,소 사육 농업인의 안전 관리 (농업기술 2018년 7월호 김효철),자료실 게시물,,,2019-03-27,https://farmer.rda.go.kr/portal/menu1/board_viw.do?menuId=PS03449&m_id=3_19&m_mod=665&bbsId=6&nttSn=461&num=0&pageIndex=67,,6:461,https://farmer.rda.go.kr/portal/menu6/board_lst1.do?m_id=3_19&m_mod=0&menuId=PS03449&pageIndex=67,html/124_PS03449_p67.html,농촌진흥청 농업인안전365,N,N
bb71a1ab0a6624ba,홍보,온열·한랭,농업인의 온열 질환 관리 (농업기술 2018년 6월호 최동필),자료실 게시물,,,2019-03-27,https://farmer.rda.go.kr/portal/menu1/board_viw.do?menuId=PS03449&m_id=3_19&m_mod=666&bbsId=6&nttSn=462&num=0&pageIndex=67,,6:462,https://farmer.rda.go.kr/portal/menu6/board_lst1.do?m_id=3_19&m_mod=0&menuId=PS03449&pageIndex=67,html/124_PS03449_p67.html,농촌진흥청 농업인안전365,N,N
ba294815aceb1fa3,홍보,전문지·기고,농업인의 질병 예방과 안전관리를 위한 농업안전보건센터 (농업기술 2018년 5월호 최원종),자료실 게시물,,,2019-03-27,https://farmer.rda.go.kr/portal/menu1/board_viw.do?menuId=PS03449&m_id=3_19&m_mod=667&bbsId=6&nttSn=463&num=0&pageIndex=67,,6:463,https://farmer.rda.go.kr/portal/menu6/board_lst1.do?m_id=3_19&m_mod=0&menuId=PS03449&pageIndex=67,html/124_PS03449_p67.html,농촌진흥청 농업인안전365,N,N
3dc0181467fe218b,홍보,근골격계,근골격계 질환 예방을 위한 작업 안전 수칙 (농업기술 2018년 4월호 서민태),자료실 게시물,,,2019-03-27,https://farmer.rda.go.kr/portal/menu1/board_viw.do?menuId=PS03449&m_id=3_19&m_mod=668&bbsId=6&nttSn=464&num=0&pageIndex=67,,6:464,https://farmer.rda.go.kr/portal/menu6/board_lst1.do?m_id=3_19&m_mod=0&menuId=PS03449&pageIndex=67,html/124_PS03449_p67.html,농촌진흥청 농업인안전365,N,N
278d7337d4f51f76,홍보,농기계,농기계 끼임 사고 사례 및 예방법 (농업기술 2018년 3월호 김경수),자료실 게시물,,,2019-03-27,https://farmer.rda.go.kr/portal/menu1/board_viw.do?menuId=PS03449&m_id=3_19&m_mod=669&bbsId=6&nttSn=465&num=0&pageIndex=67,,6:465,https://farmer.rda.go.kr/portal/menu6/board_lst1.do?m_id=3_19&m_mod=0&menuId=PS03449&pageIndex=67,html/124_PS03449_p67.html,농촌진흥청 농업인안전365,N,N
29d62310b45b4beb,홍보,전문지·기고,농작업 위험 요인의 자가 진단 (농업기술 2018년 2월호 김효철),자료실 게시물,,,2019-03-27,https://farmer.rda.go.kr/portal/menu1/board_viw.do?menuId=PS03449&m_id=3_19&m_mod=670&bbsId=6&nttSn=466&num=0&pageIndex=67,,6:466,https://farmer.rda.go.kr/portal/menu6/board_lst1.do?m_id=3_19&m_mod=0&menuId=PS03449&pageIndex=67,html/124_PS03449_p67.html,농촌진흥청 농업인안전365,N,N
437bc9234a2139f0,홍보,전문지·기고,농작업 현장에서의 안전표지 활용 (농업기술 2018년 1월호 채혜선),자료실 게시물,,,2019-03-27,https://farmer.rda.go.kr/portal/menu1/board_viw.do?menuId=PS03449&m_id=3_19&m_mod=671&bbsId=6&nttSn=467&num=0&pageIndex=68,,6:467,https://farmer.rda.go.kr/portal/menu6/board_lst1.do?m_id=3_19&m_mod=0&menuId=PS03449&pageIndex=68,html/125_PS03449_p68.html,농촌진흥청 농업인안전365,N,N
75951cce4baed359,홍보,활동소식,국민참여 스마트농촌 현장진단 및 토론 행사,자료실 게시물,,,2019-03-23,https://farmer.rda.go.kr/portal/menu1/board_viw.do?menuId=PS03449&m_id=3_19&m_mod=672&bbsId=6&nttSn=568&num=0&pageIndex=68,,6:568,https://farmer.rda.go.kr/portal/menu6/board_lst1.do?m_id=3_19&m_mod=0&menuId=PS03449&pageIndex=68,html/125_PS03449_p68.html,농촌진흥청 농업인안전365,N,N
06320c64e32c97df,홍보,전문지·기고,농업인 안전보험 가입 (농업기술 2017년 12월호 김경수),자료실 게시물,,,2019-03-20,https://farmer.rda.go.kr/portal/menu1/board_viw.do?menuId=PS03449&m_id=3_19&m_mod=673&bbsId=6&nttSn=468&num=0&pageIndex=68,,6:468,https://farmer.rda.go.kr/portal/menu6/board_lst1.do?m_id=3_19&m_mod=0&menuId=PS03449&pageIndex=68,html/125_PS03449_p68.html,농촌진흥청 농업인안전365,N,N
e596146e97ae8265,홍보,전문지·기고,농업인 안전보험 (월간원예 2017년 12월호 김효철),자료실 게시물,,,2019-03-20,https://farmer.rda.go.kr/portal/menu1/board_viw.do?menuId=PS03449&m_id=3_19&m_mod=674&bbsId=6&nttSn=469&num=0&pageIndex=68,,6:469,https://farmer.rda.go.kr/portal/menu6/board_lst1.do?m_id=3_19&m_mod=0&menuId=PS03449&pageIndex=68,html/125_PS03449_p68.html,농촌진흥청 농업인안전365,N,N
f41301a3240e4925,홍보,전문지·기고,농업인 스스로의 안전관리 첫걸음 (농업기술 2017년 11월호 김효철),자료실 게시물,,,2019-03-18,https://farmer.rda.go.kr/portal/menu1/board_viw.do?menuId=PS03449&m_id=3_19&m_mod=675&bbsId=6&nttSn=470&num=0&pageIndex=68,,6:470,https://farmer.rda.go.kr/portal/menu6/board_lst1.do?m_id=3_19&m_mod=0&menuId=PS03449&pageIndex=68,html/125_PS03449_p68.html,농촌진흥청 농업인안전365,N,N
8d08c1c87b8def92,홍보,농기계,고령농업인 농기계 운전사고 특히 주의 (월간농기계 2017년 10월호 김경수),자료실 게시물,,,2019-03-18,https://farmer.rda.go.kr/portal/menu1/board_viw.do?menuId=PS03449&m_id=3_19&m_mod=676&bbsId=6&nttSn=471&num=0&pageIndex=68,,6:471,https://farmer.rda.go.kr/portal/menu6/board_lst1.do?m_id=3_19&m_mod=0&menuId=PS03449&pageIndex=68,html/125_PS03449_p68.html,농촌진흥청 농업인안전365,N,N
3dbdf1157aaf2ca9,홍보,전문지·기고,농업인에게 도움되는 농작업복 관리 요령 (농업기술 2017년 10월호 채혜선),자료실 게시물,,,2019-03-18,https://farmer.rda.go.kr/portal/menu1/board_viw.do?menuId=PS03449&m_id=3_19&m_mod=677&bbsId=6&nttSn=472&num=0&pageIndex=68,,6:472,https://farmer.rda.go.kr/portal/menu6/board_lst1.do?m_id=3_19&m_mod=0&menuId=PS03449&pageIndex=68,html/125_PS03449_p68.html,농촌진흥청 농업인안전365,N,N
082dd88548b036a7,홍보,농기계,농기계 사고 사례와 예방 (월간원예 2017년 9월호 김경수),자료실 게시물,,,2019-03-18,https://farmer.rda.go.kr/portal/menu1/board_viw.do?menuId=PS03449&m_id=3_19&m_mod=678&bbsId=6&nttSn=473&num=0&pageIndex=68,,6:473,https://farmer.rda.go.kr/portal/menu6/board_lst1.do?m_id=3_19&m_mod=0&menuId=PS03449&pageIndex=68,html/125_PS03449_p68.html,농촌진흥청 농업인안전365,N,N
819850d456fec482,홍보,추락·넘어짐,농작업 관련 전도(넘어짐) 사고 예방 (월간원예 2017년 8월호 김경수),자료실 게시물,,,2019-03-18,https://farmer.rda.go.kr/portal/menu1/board_viw.do?menuId=PS03449&m_id=3_19&m_mod=679&bbsId=6&nttSn=474&num=0&pageIndex=68,,6:474,https://farmer.rda.go.kr/portal/menu6/board_lst1.do?m_id=3_19&m_mod=0&menuId=PS03449&pageIndex=68,html/125_PS03449_p68.html,농촌진흥청 농업인안전365,N,N
f411d7d4808e3a45,홍보,전문지·기고,"뜨거운 여름, 자외선으로 부터 안과질환 예방 및 관리 (월간원예 2017년 7월호 최동필)",자료실 게시물,,,2019-03-18,https://farmer.rda.go.kr/portal/menu1/board_viw.do?menuId=PS03449&m_id=3_19&m_mod=680&bbsId=6&nttSn=475&num=0&pageIndex=68,,6:475,https://farmer.rda.go.kr/portal/menu6/board_lst1.do?m_id=3_19&m_mod=0&menuId=PS03449&pageIndex=68,html/125_PS03449_p68.html,농촌진흥청 농업인안전365,N,N
4ac73e93837b5a03,홍보,근골격계,농업인의 상지 근골격계질환 관리 (농업기술 2017년 6월호 최동필),자료실 게시물,,,2019-03-18,https://farmer.rda.go.kr/portal/menu1/board_viw.do?menuId=PS03449&m_id=3_19&m_mod=681&bbsId=6&nttSn=476&num=0&pageIndex=69,,6:476,https://farmer.rda.go.kr/portal/menu6/board_lst1.do?m_id=3_19&m_mod=0&menuId=PS03449&pageIndex=69,html/126_PS03449_p69.html,농촌진흥청 농업인안전365,N,N
da8363e17dab6174,홍보,농기계,농기계 사고 사례와 예방 (월간원예 2017년 6월호 김경수),자료실 게시물,,,2019-03-18,https://farmer.rda.go.kr/portal/menu1/board_viw.do?menuId=PS03449&m_id=3_19&m_mod=682&bbsId=6&nttSn=477&num=0&pageIndex=69,,6:477,https://farmer.rda.go.kr/portal/menu6/board_lst1.do?m_id=3_19&m_mod=0&menuId=PS03449&pageIndex=69,html/126_PS03449_p69.html,농촌진흥청 농업인안전365,N,N
ae08f75581fbb84f,홍보,농기계,농기계 안전 사용 지침 (농업기술 2017년 5월호 김경수),자료실 게시물,,,2019-03-18,https://farmer.rda.go.kr/portal/menu1/board_viw.do?menuId=PS03449&m_id=3_19&m_mod=683&bbsId=6&nttSn=478&num=0&pageIndex=69,,6:478,https://farmer.rda.go.kr/portal/menu6/board_lst1.do?m_id=3_19&m_mod=0&menuId=PS03449&pageIndex=69,html/126_PS03449_p69.html,농촌진흥청 농업인안전365,N,N
d376c44b87973fe2,홍보,농약·화학물질,농약 노출과 안전사용 (월간원예 2017년 5월호 김효철),자료실 게시물,,,2019-03-18,https://farmer.rda.go.kr/portal/menu1/board_viw.do?menuId=PS03449&m_id=3_19&m_mod=684&bbsId=6&nttSn=479&num=0&pageIndex=69,,6:479,https://farmer.rda.go.kr/portal/menu6/board_lst1.do?m_id=3_19&m_mod=0&menuId=PS03449&pageIndex=69,html/126_PS03449_p69.html,농촌진흥청 농업인안전365,N,N
85a129720cf1595c,홍보,전문지·기고,작목별 농작업 안전관리 체험프로그램 (농업기술 2017년 4월호 채혜선),자료실 게시물,,,2019-03-18,https://farmer.rda.go.kr/portal/menu1/board_viw.do?menuId=PS03449&m_id=3_19&m_mod=685&bbsId=6&nttSn=480&num=0&pageIndex=69,,6:480,https://farmer.rda.go.kr/portal/menu6/board_lst1.do?m_id=3_19&m_mod=0&menuId=PS03449&pageIndex=69,html/126_PS03449_p69.html,농촌진흥청 농업인안전365,N,N
e5002bfc0cb8e957,홍보,전문지·기고,작목별 농작업 안전관리 체험프로그램 (월간원예 2017년 4월호 채혜선),자료실 게시물,,,2019-03-18,https://farmer.rda.go.kr/portal/menu1/board_viw.do?menuId=PS03449&m_id=3_19&m_mod=686&bbsId=6&nttSn=481&num=0&pageIndex=69,,6:481,https://farmer.rda.go.kr/portal/menu6/board_lst1.do?m_id=3_19&m_mod=0&menuId=PS03449&pageIndex=69,html/126_PS03449_p69.html,농촌진흥청 농업인안전365,N,N
940c0dce8daaec75,홍보,전문지·기고,농작업 안전사고의 현황과 예방원칙 (월간원예 2017년 3월호 김효철),자료실 게시물,,,2019-03-18,https://farmer.rda.go.kr/portal/menu1/board_viw.do?menuId=PS03449&m_id=3_19&m_mod=687&bbsId=6&nttSn=482&num=0&pageIndex=69,,6:482,https://farmer.rda.go.kr/portal/menu6/board_lst1.do?m_id=3_19&m_mod=0&menuId=PS03449&pageIndex=69,html/126_PS03449_p69.html,농촌진흥청 농업인안전365,N,N
dfe9454b324db1a6,홍보,전문지·기고,농업인 안전사고 체계적으로 예방 관리해야 (월간원예 2017년 2월호 최동필),자료실 게시물,,,2019-03-18,https://farmer.rda.go.kr/portal/menu1/board_viw.do?menuId=PS03449&m_id=3_19&m_mod=688&bbsId=6&nttSn=483&num=0&pageIndex=69,,6:483,https://farmer.rda.go.kr/portal/menu6/board_lst1.do?m_id=3_19&m_mod=0&menuId=PS03449&pageIndex=69,html/126_PS03449_p69.html,농촌진흥청 농업인안전365,N,N
12d72106aa3425ac,홍보,전문지·기고,농업인 업무상 재해···보험료 50% 국고지원 (월간원예 2017년 1월호 채혜선),자료실 게시물,,,2019-03-18,https://farmer.rda.go.kr/portal/menu1/board_viw.do?menuId=PS03449&m_id=3_19&m_mod=689&bbsId=6&nttSn=484&num=0&pageIndex=69,,6:484,https://farmer.rda.go.kr/portal/menu6/board_lst1.do?m_id=3_19&m_mod=0&menuId=PS03449&pageIndex=69,html/126_PS03449_p69.html,농촌진흥청 농업인안전365,N,N
1ff24760ad8e364a,홍보,전문지·기고,농업인의 심혈관계 질환 관리 (농업기술 2016년 12월호 최동필),자료실 게시물,,,2019-03-06,https://farmer.rda.go.kr/portal/menu1/board_viw.do?menuId=PS03449&m_id=3_19&m_mod=690&bbsId=6&nttSn=485&num=0&pageIndex=69,,6:485,https://farmer.rda.go.kr/portal/menu6/board_lst1.do?m_id=3_19&m_mod=0&menuId=PS03449&pageIndex=69,html/126_PS03449_p69.html,농촌진흥청 농업인안전365,N,N
a795c6882aa65d89,홍보,보도자료,'농업인안전365'로 농업인 안전보건 인식 높인다,자료실 게시물,,,2022-10-21,https://farmer.rda.go.kr/portal/menu1/board_viw.do?menuId=PS03449&m_id=3_19&m_mod=311&bbsId=6&nttSn=39&num=0&pageIndex=32,,6:39,https://farmer.rda.go.kr/portal/menu6/board_lst1.do?m_id=3_19&m_mod=0&menuId=PS03449&pageIndex=32,html/127_PS03449_p32.html,농촌진흥청 농업인안전365,N,N
8d6266c7521f0b24,홍보,농기계,농촌진흥청-NH농협손해보험 협력 농기계사고예방 캠페인,자료실 게시물,,,2022-10-20,https://farmer.rda.go.kr/portal/menu1/board_viw.do?menuId=PS03449&m_id=3_19&m_mod=312&bbsId=6&nttSn=509&num=0&pageIndex=32,,6:509,https://farmer.rda.go.kr/portal/menu6/board_lst1.do?m_id=3_19&m_mod=0&menuId=PS03449&pageIndex=32,html/127_PS03449_p32.html,농촌진흥청 농업인안전365,N,N
fc669a5dda849e1b,홍보,활동소식,2022 대한인간공학회 추계학술대회 특별세션 개최(농촌 삶의 질 향상을 위한 인간공학의 도전과 미래전망),자료실 게시물,,,2022-10-17,https://farmer.rda.go.kr/portal/menu1/board_viw.do?menuId=PS03449&m_id=3_19&m_mod=313&bbsId=6&nttSn=510&num=0&pageIndex=32,,6:510,https://farmer.rda.go.kr/portal/menu6/board_lst1.do?m_id=3_19&m_mod=0&menuId=PS03449&pageIndex=32,html/127_PS03449_p32.html,농촌진흥청 농업인안전365,N,N
2bbd2fc557b00ab8,홍보,전문지·기고,먼지노출 억제해 심각한 질병을 예방하라(농촌여성신문_안전하고 건강한 영농가이드56),자료실 게시물,,,2022-10-07,https://farmer.rda.go.kr/portal/menu1/board_viw.do?menuId=PS03449&m_id=3_19&m_mod=314&bbsId=6&nttSn=321&num=0&pageIndex=32,,6:321,https://farmer.rda.go.kr/portal/menu6/board_lst1.do?m_id=3_19&m_mod=0&menuId=PS03449&pageIndex=32,html/127_PS03449_p32.html,농촌진흥청 농업인안전365,N,N
68d75dbafe647057,홍보,작업환경,작업자에 영향을 주는 진동 소음 억제하라(농촌여성신문_안전하고 건강한 영농가이드55),자료실 게시물,,,2022-10-07,https://farmer.rda.go.kr/portal/menu1/board_viw.do?menuId=PS03449&m_id=3_19&m_mod=315&bbsId=6&nttSn=322&num=0&pageIndex=32,,6:322,https://farmer.rda.go.kr/portal/menu6/board_lst1.do?m_id=3_19&m_mod=0&menuId=PS03449&pageIndex=32,html/127_PS03449_p32.html,농촌진흥청 농업인안전365,N,N
8c1d0fa0c6bcb07e,홍보,작업환경,밀폐된 공간에 공기가 충분히 유입되게 하라(농촌여성신문_안전하고 건강한 영농가이드54),자료실 게시물,,,2022-10-07,https://farmer.rda.go.kr/portal/menu1/board_viw.do?menuId=PS03449&m_id=3_19&m_mod=316&bbsId=6&nttSn=323&num=0&pageIndex=32,,6:323,https://farmer.rda.go.kr/portal/menu6/board_lst1.do?m_id=3_19&m_mod=0&menuId=PS03449&pageIndex=32,html/127_PS03449_p32.html,농촌진흥청 농업인안전365,N,N
c9eca6e36f0f1fa2,홍보,감염·생물학적 위험,농업인 감염성 질환 예방방안(농업기술 2022년 10월호 이민지),자료실 게시물,,,2022-10-07,https://farmer.rda.go.kr/portal/menu1/board_viw.do?menuId=PS03449&m_id=3_19&m_mod=317&bbsId=6&nttSn=324&num=0&pageIndex=32,,6:324,https://farmer.rda.go.kr/portal/menu6/board_lst1.do?m_id=3_19&m_mod=0&menuId=PS03449&pageIndex=32,html/127_PS03449_p32.html,농촌진흥청 농업인안전365,N,N
69630373234d33ee,홍보,작업환경,적절한 환기구 확보해 작업능률을 높여라(농촌여성신문_안전하고 건강한 영농가이드53),자료실 게시물,,,2022-09-30,https://farmer.rda.go.kr/portal/menu1/board_viw.do?menuId=PS03449&m_id=3_19&m_mod=318&bbsId=6&nttSn=325&num=0&pageIndex=32,,6:325,https://farmer.rda.go.kr/portal/menu6/board_lst1.do?m_id=3_19&m_mod=0&menuId=PS03449&pageIndex=32,html/127_PS03449_p32.html,농촌진흥청 농업인안전365,N,N
c89da396d6dfdc3e,홍보,전문지·기고,강한 햇빛으로부터 피부 보호하는 복장 착용하라(농촌여성신문_안전하고 건강한 영농가이드52),자료실 게시물,,,2022-09-30,https://farmer.rda.go.kr/portal/menu1/board_viw.do?menuId=PS03449&m_id=3_19&m_mod=319&bbsId=6&nttSn=326&num=0&pageIndex=32,,6:326,https://farmer.rda.go.kr/portal/menu6/board_lst1.do?m_id=3_19&m_mod=0&menuId=PS03449&pageIndex=32,html/127_PS03449_p32.html,농촌진흥청 농업인안전365,N,N
41901d49ae7dbf4a,홍보,전문지·기고,단열재 설치해 과도한 열침투 막아라(농촌여성신문_안전하고 건강한 영농가이드51),자료실 게시물,,,2022-09-30,https://farmer.rda.go.kr/portal/menu1/board_viw.do?menuId=PS03449&m_id=3_19&m_mod=320&bbsId=6&nttSn=327&num=0&pageIndex=32,,6:327,https://farmer.rda.go.kr/portal/menu6/board_lst1.do?m_id=3_19&m_mod=0&menuId=PS03449&pageIndex=32,html/127_PS03449_p32.html,농촌진흥청 농업인안전365,N,N
7a3d7b96648efa04,홍보,전문지·기고,적절한 조명은 작업의 질과 안전성 향상(농촌여성신문_안전하고 건강한 영농가이드50),자료실 게시물,,,2022-09-30,https://farmer.rda.go.kr/portal/menu1/board_viw.do?menuId=PS03449&m_id=3_19&m_mod=321&bbsId=6&nttSn=328&num=0&pageIndex=33,,6:328,https://farmer.rda.go.kr/portal/menu6/board_lst1.do?m_id=3_19&m_mod=0&menuId=PS03449&pageIndex=33,html/128_PS03449_p33.html,농촌진흥청 농업인안전365,N,N
1df6c9f74260449d,홍보,농기계,(한겨레신문) IOT 기반 농기계 교통안전 사고 감지 알람 시스템 개발,자료실 게시물,,,2022-09-28,https://farmer.rda.go.kr/portal/menu1/board_viw.do?menuId=PS03449&m_id=3_19&m_mod=322&bbsId=6&nttSn=155&num=0&pageIndex=33,,6:155,https://farmer.rda.go.kr/portal/menu6/board_lst1.do?m_id=3_19&m_mod=0&menuId=PS03449&pageIndex=33,html/128_PS03449_p33.html,농촌진흥청 농업인안전365,N,N
fe2b196b4dd3aaa2,홍보,뉴스모음집,(뉴스1)2명 숨진 청양돼지농장 1차 합동감식…인체치명적 황화수소 검출,자료실 게시물,,,2022-09-20,https://farmer.rda.go.kr/portal/menu1/board_viw.do?menuId=PS03449&m_id=3_19&m_mod=323&bbsId=6&nttSn=156&num=0&pageIndex=33,,6:156,https://farmer.rda.go.kr/portal/menu6/board_lst1.do?m_id=3_19&m_mod=0&menuId=PS03449&pageIndex=33,html/128_PS03449_p33.html,농촌진흥청 농업인안전365,N,N
30fc49fbc5931db6,홍보,뉴스모음집,(농민신문) 농민들 골골한 이유 봤더니…‘심고 뽑고’ 장시간 반복 탓,자료실 게시물,,,2022-09-20,https://farmer.rda.go.kr/portal/menu1/board_viw.do?menuId=PS03449&m_id=3_19&m_mod=324&bbsId=6&nttSn=157&num=0&pageIndex=33,,6:157,https://farmer.rda.go.kr/portal/menu6/board_lst1.do?m_id=3_19&m_mod=0&menuId=PS03449&pageIndex=33,html/128_PS03449_p33.html,농촌진흥청 농업인안전365,N,N
b120ec02fc7a2c7f,홍보,전문지·기고,가장 저렴한 광원 '햇빛'을 최대한 이용하라(농촌여성신문_안전하고 건강한 영농가이드49),자료실 게시물,,,2022-09-15,https://farmer.rda.go.kr/portal/menu1/board_viw.do?menuId=PS03449&m_id=3_19&m_mod=325&bbsId=6&nttSn=329&num=0&pageIndex=33,,6:329,https://farmer.rda.go.kr/portal/menu6/board_lst1.do?m_id=3_19&m_mod=0&menuId=PS03449&pageIndex=33,html/128_PS03449_p33.html,농촌진흥청 농업인안전365,N,N
93bf4a7396b4698f,홍보,전문지·기고,안전을 위해 주변 가시성을 확보하라(농촌여성신문_안전하고 건강한 영농가이드48),자료실 게시물,,,2022-09-15,https://farmer.rda.go.kr/portal/menu1/board_viw.do?menuId=PS03449&m_id=3_19&m_mod=326&bbsId=6&nttSn=330&num=0&pageIndex=33,,6:330,https://farmer.rda.go.kr/portal/menu6/board_lst1.do?m_id=3_19&m_mod=0&menuId=PS03449&pageIndex=33,html/128_PS03449_p33.html,농촌진흥청 농업인안전365,N,N
2efda4743bd51bce,홍보,농기계,가급적 경사면에서의 농기계 작업을 피하라(농촌여성신문_안전하고 건강한 영농가이드47),자료실 게시물,,,2022-09-15,https://farmer.rda.go.kr/portal/menu1/board_viw.do?menuId=PS03449&m_id=3_19&m_mod=327&bbsId=6&nttSn=331&num=0&pageIndex=33,,6:331,https://farmer.rda.go.kr/portal/menu6/board_lst1.do?m_id=3_19&m_mod=0&menuId=PS03449&pageIndex=33,html/128_PS03449_p33.html,농촌진흥청 농업인안전365,N,N
886d5b9dd70c7613,홍보,전문지·기고,짐은 적절히 싣고 안전하게 결박하라(농촌여성신문_안전하고 건강한 영농가이드46),자료실 게시물,,,2022-09-15,https://farmer.rda.go.kr/portal/menu1/board_viw.do?menuId=PS03449&m_id=3_19&m_mod=328&bbsId=6&nttSn=332&num=0&pageIndex=33,,6:332,https://farmer.rda.go.kr/portal/menu6/board_lst1.do?m_id=3_19&m_mod=0&menuId=PS03449&pageIndex=33,html/128_PS03449_p33.html,농촌진흥청 농업인안전365,N,N
23bc43ed5805e747,홍보,근골격계,"(뉴시스) 농업인 근골격계질환 유병률 84.6%…충남도, 예방수칙 안내",자료실 게시물,,,2022-09-14,https://farmer.rda.go.kr/portal/menu1/board_viw.do?menuId=PS03449&m_id=3_19&m_mod=329&bbsId=6&nttSn=158&num=0&pageIndex=33,,6:158,https://farmer.rda.go.kr/portal/menu6/board_lst1.do?m_id=3_19&m_mod=0&menuId=PS03449&pageIndex=33,html/128_PS03449_p33.html,농촌진흥청 농업인안전365,N,N
31ee2763ba213ef3,홍보,농약·화학물질,농약방제 개인보호장비 활용(농축산기계신문_김인수),자료실 게시물,,,2022-09-13,https://farmer.rda.go.kr/portal/menu1/board_viw.do?menuId=PS03449&m_id=3_19&m_mod=330&bbsId=6&nttSn=333&num=0&pageIndex=33,,6:333,https://farmer.rda.go.kr/portal/menu6/board_lst1.do?m_id=3_19&m_mod=0&menuId=PS03449&pageIndex=33,html/128_PS03449_p33.html,농촌진흥청 농업인안전365,N,N
b91c70580ba98f19,홍보,활동소식,(공모전) '농업인 안전사고 제로' 공모전 수상작 발표,자료실 게시물,,,2022-09-08,https://farmer.rda.go.kr/portal/menu1/board_viw.do?menuId=PS03449&m_id=3_19&m_mod=331&bbsId=6&nttSn=511&num=0&pageIndex=34,,6:511,https://farmer.rda.go.kr/portal/menu6/board_lst1.do?m_id=3_19&m_mod=0&menuId=PS03449&pageIndex=34,html/129_PS03449_p34.html,농촌진흥청 농업인안전365,N,N
b1a89677f6506108,홍보,전문지·기고,축산 농업인을 위한 개인보호장비 활용(농업기술 2022년 9월호 김인수),자료실 게시물,,,2022-09-07,https://farmer.rda.go.kr/portal/menu1/board_viw.do?menuId=PS03449&m_id=3_19&m_mod=332&bbsId=6&nttSn=334&num=0&pageIndex=34,,6:334,https://farmer.rda.go.kr/portal/menu6/board_lst1.do?m_id=3_19&m_mod=0&menuId=PS03449&pageIndex=34,html/129_PS03449_p34.html,농촌진흥청 농업인안전365,N,N
a84591335d113bcc,홍보,활동소식,개청 60주년 『2022 농업기술 박람회』 전시 참여,자료실 게시물,,,2022-09-05,https://farmer.rda.go.kr/portal/menu1/board_viw.do?menuId=PS03449&m_id=3_19&m_mod=333&bbsId=6&nttSn=512&num=0&pageIndex=34,,6:512,https://farmer.rda.go.kr/portal/menu6/board_lst1.do?m_id=3_19&m_mod=0&menuId=PS03449&pageIndex=34,html/129_PS03449_p34.html,농촌진흥청 농업인안전365,N,N
914b040aee06cd10,홍보,홍보성과,"농촌진흥청, '농업인 안전사고 제로' 공모전 수상작 발표",자료실 게시물,,,2022-09-02,https://farmer.rda.go.kr/portal/menu1/board_viw.do?menuId=PS03449&m_id=3_19&m_mod=334&bbsId=6&nttSn=52&num=0&pageIndex=34,,6:52,https://farmer.rda.go.kr/portal/menu6/board_lst1.do?m_id=3_19&m_mod=0&menuId=PS03449&pageIndex=34,html/129_PS03449_p34.html,농촌진흥청 농업인안전365,N,N
003d8b3d7201e1e7,홍보,응급대응,(한국농촌경제신문) 농촌진흥청 신간...‘농가 안전사고 응급처치 가이드’,자료실 게시물,,,2022-09-02,https://farmer.rda.go.kr/portal/menu1/board_viw.do?menuId=PS03449&m_id=3_19&m_mod=335&bbsId=6&nttSn=159&num=0&pageIndex=34,,6:159,https://farmer.rda.go.kr/portal/menu6/board_lst1.do?m_id=3_19&m_mod=0&menuId=PS03449&pageIndex=34,html/129_PS03449_p34.html,농촌진흥청 농업인안전365,N,N
824e754c29eb3e7e,홍보,농기계,농기계 운전석의 안전과 편의성을 높여라(농촌여성신문_안전하고 건강한 영농가이드45),자료실 게시물,,,2022-08-31,https://farmer.rda.go.kr/portal/menu1/board_viw.do?menuId=PS03449&m_id=3_19&m_mod=336&bbsId=6&nttSn=335&num=0&pageIndex=34,,6:335,https://farmer.rda.go.kr/portal/menu6/board_lst1.do?m_id=3_19&m_mod=0&menuId=PS03449&pageIndex=34,html/129_PS03449_p34.html,농촌진흥청 농업인안전365,N,N
f20b25ab0a9917c1,홍보,농기계,농기계 이동 위한 안전경로를 확보하라(농촌여성신문_안전하고 건강한 영농가이드44),자료실 게시물,,,2022-08-31,https://farmer.rda.go.kr/portal/menu1/board_viw.do?menuId=PS03449&m_id=3_19&m_mod=337&bbsId=6&nttSn=336&num=0&pageIndex=34,,6:336,https://farmer.rda.go.kr/portal/menu6/board_lst1.do?m_id=3_19&m_mod=0&menuId=PS03449&pageIndex=34,html/129_PS03449_p34.html,농촌진흥청 농업인안전365,N,N
14781446e1aac17a,홍보,농기계,충분한 농기계 훈련과 사용지침 준수해야(농촌여성신문_안전하고 건강한 영농가이드43),자료실 게시물,,,2022-08-31,https://farmer.rda.go.kr/portal/menu1/board_viw.do?menuId=PS03449&m_id=3_19&m_mod=338&bbsId=6&nttSn=337&num=0&pageIndex=34,,6:337,https://farmer.rda.go.kr/portal/menu6/board_lst1.do?m_id=3_19&m_mod=0&menuId=PS03449&pageIndex=34,html/129_PS03449_p34.html,농촌진흥청 농업인안전365,N,N
aac6decfb575a82f,홍보,전문지·기고,농업용 차량에 안전반사판 설치하라(농촌여성신문_안전하고 건강한 영농가이드42),자료실 게시물,,,2022-08-31,https://farmer.rda.go.kr/portal/menu1/board_viw.do?menuId=PS03449&m_id=3_19&m_mod=339&bbsId=6&nttSn=338&num=0&pageIndex=34,,6:338,https://farmer.rda.go.kr/portal/menu6/board_lst1.do?m_id=3_19&m_mod=0&menuId=PS03449&pageIndex=34,html/129_PS03449_p34.html,농촌진흥청 농업인안전365,N,N
37b8e10840fcecb3,홍보,뉴스모음집,"(NEWS1) ""침대서 떨어져 뇌진탕""…고령자 안전사고 과반은 낙상사고",자료실 게시물,,,2022-08-31,https://farmer.rda.go.kr/portal/menu1/board_viw.do?menuId=PS03449&m_id=3_19&m_mod=340&bbsId=6&nttSn=160&num=0&pageIndex=34,,6:160,https://farmer.rda.go.kr/portal/menu6/board_lst1.do?m_id=3_19&m_mod=0&menuId=PS03449&pageIndex=34,html/129_PS03449_p34.html,농촌진흥청 농업인안전365,N,N
716a2967fdd3ecf4,홍보,감염·생물학적 위험,"(연합뉴스) 가을 농작업 진드기 감염 주의…""코로나 음성인데 증상 있으면 의심""",자료실 게시물,,,2022-08-31,https://farmer.rda.go.kr/portal/menu1/board_viw.do?menuId=PS03449&m_id=3_19&m_mod=341&bbsId=6&nttSn=161&num=0&pageIndex=35,,6:161,https://farmer.rda.go.kr/portal/menu6/board_lst1.do?m_id=3_19&m_mod=0&menuId=PS03449&pageIndex=35,html/130_PS03449_p35.html,농촌진흥청 농업인안전365,N,N
d6219c85c5a736f1,홍보,뉴스모음집,(KBS) [뉴스 더하기] 반복되는 인재 ‘질식사’,자료실 게시물,,,2022-08-30,https://farmer.rda.go.kr/portal/menu1/board_viw.do?menuId=PS03449&m_id=3_19&m_mod=342&bbsId=6&nttSn=162&num=0&pageIndex=35,,6:162,https://farmer.rda.go.kr/portal/menu6/board_lst1.do?m_id=3_19&m_mod=0&menuId=PS03449&pageIndex=35,html/130_PS03449_p35.html,농촌진흥청 농업인안전365,N,N
79ca68792f46abcd,홍보,농기계,안전하게 설계된 농기계를 구입하라(농촌여성신문_안전하고 건강한 영농가이드41),자료실 게시물,,,2022-08-26,https://farmer.rda.go.kr/portal/menu1/board_viw.do?menuId=PS03449&m_id=3_19&m_mod=343&bbsId=6&nttSn=339&num=0&pageIndex=35,,6:339,https://farmer.rda.go.kr/portal/menu6/board_lst1.do?m_id=3_19&m_mod=0&menuId=PS03449&pageIndex=35,html/130_PS03449_p35.html,농촌진흥청 농업인안전365,N,N
a17ccc9e22b3883b,홍보,전문지·기고,접근성 좋은 곳에 비상스위치를 배치하라(농촌여성신문_안전하고 건강한 영농가이드40),자료실 게시물,,,2022-08-26,https://farmer.rda.go.kr/portal/menu1/board_viw.do?menuId=PS03449&m_id=3_19&m_mod=344&bbsId=6&nttSn=340&num=0&pageIndex=35,,6:340,https://farmer.rda.go.kr/portal/menu6/board_lst1.do?m_id=3_19&m_mod=0&menuId=PS03449&pageIndex=35,html/130_PS03449_p35.html,농촌진흥청 농업인안전365,N,N
acdbc1c99b560610,홍보,전문지·기고,제어장치나 스위치를 투명덮개로 보호하라(농촌여성신문_안전하고 건강한 영농가이드39),자료실 게시물,,,2022-08-26,https://farmer.rda.go.kr/portal/menu1/board_viw.do?menuId=PS03449&m_id=3_19&m_mod=345&bbsId=6&nttSn=341&num=0&pageIndex=35,,6:341,https://farmer.rda.go.kr/portal/menu6/board_lst1.do?m_id=3_19&m_mod=0&menuId=PS03449&pageIndex=35,html/130_PS03449_p35.html,농촌진흥청 농업인안전365,N,N
4e485d37595b2f44,홍보,안전교육,(농민신문) 건강검진에 물리치료법 교육까지…여성농민 특수검진 “대만족”,자료실 게시물,,,2022-08-25,https://farmer.rda.go.kr/portal/menu1/board_viw.do?menuId=PS03449&m_id=3_19&m_mod=346&bbsId=6&nttSn=163&num=0&pageIndex=35,,6:163,https://farmer.rda.go.kr/portal/menu6/board_lst1.do?m_id=3_19&m_mod=0&menuId=PS03449&pageIndex=35,html/130_PS03449_p35.html,농촌진흥청 농업인안전365,N,N
fb86646183c27fb9,홍보,뉴스모음집,(경향신문) “청년 넘치는 지속가능한 농업·농촌 조성할 것”,자료실 게시물,,,2022-08-24,https://farmer.rda.go.kr/portal/menu1/board_viw.do?menuId=PS03449&m_id=3_19&m_mod=347&bbsId=6&nttSn=164&num=0&pageIndex=35,,6:164,https://farmer.rda.go.kr/portal/menu6/board_lst1.do?m_id=3_19&m_mod=0&menuId=PS03449&pageIndex=35,html/130_PS03449_p35.html,농촌진흥청 농업인안전365,N,N
b3aca916d3796840,홍보,뉴스모음집,"(헬로TV뉴스) ""한낮에는 농사일 못 해요""",자료실 게시물,,,2022-08-12,https://farmer.rda.go.kr/portal/menu1/board_viw.do?menuId=PS03449&m_id=3_19&m_mod=348&bbsId=6&nttSn=165&num=0&pageIndex=35,,6:165,https://farmer.rda.go.kr/portal/menu6/board_lst1.do?m_id=3_19&m_mod=0&menuId=PS03449&pageIndex=35,html/130_PS03449_p35.html,농촌진흥청 농업인안전365,N,N
ef74fab5667ecf60,홍보,전문지·기고,크레인 조작시 지정된 하중과 안전조치 따라야(농촌여성신문_안전하고 건강한 영농가이드38),자료실 게시물,,,2022-08-12,https://farmer.rda.go.kr/portal/menu1/board_viw.do?menuId=PS03449&m_id=3_19&m_mod=349&bbsId=6&nttSn=342&num=0&pageIndex=35,,6:342,https://farmer.rda.go.kr/portal/menu6/board_lst1.do?m_id=3_19&m_mod=0&menuId=PS03449&pageIndex=35,html/130_PS03449_p35.html,농촌진흥청 농업인안전365,N,N
79cfd17926965b28,홍보,전문지·기고,조작과 제어 쉬운 보행기계를 사용하라(농촌여성신문_안전하고 건강한 영농가이드37),자료실 게시물,,,2022-08-12,https://farmer.rda.go.kr/portal/menu1/board_viw.do?menuId=PS03449&m_id=3_19&m_mod=350&bbsId=6&nttSn=343&num=0&pageIndex=35,,6:343,https://farmer.rda.go.kr/portal/menu6/board_lst1.do?m_id=3_19&m_mod=0&menuId=PS03449&pageIndex=35,html/130_PS03449_p35.html,농촌진흥청 농업인안전365,N,N
9b9879efc8873657,홍보,전문지·기고,그립이 안정적인 휴대용 전동공구 사용하라(농촌여성신문_안전하고 건강한 영농가이드36),자료실 게시물,,,2022-08-12,https://farmer.rda.go.kr/portal/menu1/board_viw.do?menuId=PS03449&m_id=3_19&m_mod=351&bbsId=6&nttSn=344&num=0&pageIndex=36,,6:344,https://farmer.rda.go.kr/portal/menu6/board_lst1.do?m_id=3_19&m_mod=0&menuId=PS03449&pageIndex=36,html/131_PS03449_p36.html,농촌진흥청 농업인안전365,N,N
c434fc3416960284,홍보,농기계,"전기설비, 전동농기계 안전절차 준수하라(농촌여성신문_안전하고 건강한 영농가이드35)",자료실 게시물,,,2022-08-11,https://farmer.rda.go.kr/portal/menu1/board_viw.do?menuId=PS03449&m_id=3_19&m_mod=352&bbsId=6&nttSn=345&num=0&pageIndex=36,,6:345,https://farmer.rda.go.kr/portal/menu6/board_lst1.do?m_id=3_19&m_mod=0&menuId=PS03449&pageIndex=36,html/131_PS03449_p36.html,농촌진흥청 농업인안전365,N,N
0a155d5e91d2f322,홍보,전문지·기고,기계가 양호해야 가장 생산적이고 안전(농촌여성신문_안전하고 건강한 영농가이드34),자료실 게시물,,,2022-08-11,https://farmer.rda.go.kr/portal/menu1/board_viw.do?menuId=PS03449&m_id=3_19&m_mod=353&bbsId=6&nttSn=346&num=0&pageIndex=36,,6:346,https://farmer.rda.go.kr/portal/menu6/board_lst1.do?m_id=3_19&m_mod=0&menuId=PS03449&pageIndex=36,html/131_PS03449_p36.html,농촌진흥청 농업인안전365,N,N
0d3b76626191fba8,홍보,전문지·기고,기계 사용할 땐 가능한 파트너와 협업하라(농촌여성신문_안전하고 건강한 영농가이드33),자료실 게시물,,,2022-08-11,https://farmer.rda.go.kr/portal/menu1/board_viw.do?menuId=PS03449&m_id=3_19&m_mod=354&bbsId=6&nttSn=347&num=0&pageIndex=36,,6:347,https://farmer.rda.go.kr/portal/menu6/board_lst1.do?m_id=3_19&m_mod=0&menuId=PS03449&pageIndex=36,html/131_PS03449_p36.html,농촌진흥청 농업인안전365,N,N
4bdf024f0480eddd,홍보,안전교육,농작업 안전보건관리자 교육프로그램 및 실무매뉴얼(농업기술 2022년 8월호 채혜선),자료실 게시물,,,2022-08-10,https://farmer.rda.go.kr/portal/menu1/board_viw.do?menuId=PS03449&m_id=3_19&m_mod=355&bbsId=6&nttSn=348&num=0&pageIndex=36,,6:348,https://farmer.rda.go.kr/portal/menu6/board_lst1.do?m_id=3_19&m_mod=0&menuId=PS03449&pageIndex=36,html/131_PS03449_p36.html,농촌진흥청 농업인안전365,N,N
dec58fab149671ea,홍보,온열·한랭,(전주MBC) 연일 찜통더위.. 농작업 온열사고 '비상',자료실 게시물,,,2022-08-05,https://farmer.rda.go.kr/portal/menu1/board_viw.do?menuId=PS03449&m_id=3_19&m_mod=356&bbsId=6&nttSn=166&num=0&pageIndex=36,,6:166,https://farmer.rda.go.kr/portal/menu6/board_lst1.do?m_id=3_19&m_mod=0&menuId=PS03449&pageIndex=36,html/131_PS03449_p36.html,농촌진흥청 농업인안전365,N,N
0f067de39532fd30,홍보,온열·한랭,계속되는 폭염­…농촌 온열 질환 비상,자료실 게시물,,,2022-08-05,https://farmer.rda.go.kr/portal/menu1/board_viw.do?menuId=PS03449&m_id=3_19&m_mod=357&bbsId=6&nttSn=53&num=0&pageIndex=36,,6:53,https://farmer.rda.go.kr/portal/menu6/board_lst1.do?m_id=3_19&m_mod=0&menuId=PS03449&pageIndex=36,html/131_PS03449_p36.html,농촌진흥청 농업인안전365,N,N
187b7f1990431b55,홍보,농기계,농기계는 안정된 장소에 있어야 안전하고 생산성이 높다(농촌여성신문_안전하고 건강한 영농가이드32),자료실 게시물,,,2022-08-04,https://farmer.rda.go.kr/portal/menu1/board_viw.do?menuId=PS03449&m_id=3_19&m_mod=358&bbsId=6&nttSn=349&num=0&pageIndex=36,,6:349,https://farmer.rda.go.kr/portal/menu6/board_lst1.do?m_id=3_19&m_mod=0&menuId=PS03449&pageIndex=36,html/131_PS03449_p36.html,농촌진흥청 농업인안전365,N,N
ff541e38ecb3fcf7,홍보,전문지·기고,안전한 투입장치로 위험 줄이고 생산량 늘려야(농촌여성신문_안전하고 건강한 영농가이드31),자료실 게시물,,,2022-08-04,https://farmer.rda.go.kr/portal/menu1/board_viw.do?menuId=PS03449&m_id=3_19&m_mod=359&bbsId=6&nttSn=350&num=0&pageIndex=36,,6:350,https://farmer.rda.go.kr/portal/menu6/board_lst1.do?m_id=3_19&m_mod=0&menuId=PS03449&pageIndex=36,html/131_PS03449_p36.html,농촌진흥청 농업인안전365,N,N
dc847197550b5eb8,홍보,전문지·기고,위험한 구동부품에 적절한 보호대 부착하라(농촌여성신문_안전하고 건강한 영농가이드30),자료실 게시물,,,2022-08-04,https://farmer.rda.go.kr/portal/menu1/board_viw.do?menuId=PS03449&m_id=3_19&m_mod=360&bbsId=6&nttSn=351&num=0&pageIndex=36,,6:351,https://farmer.rda.go.kr/portal/menu6/board_lst1.do?m_id=3_19&m_mod=0&menuId=PS03449&pageIndex=36,html/131_PS03449_p36.html,농촌진흥청 농업인안전365,N,N
a19a231af3608353,홍보,온열·한랭,"(전남일보) 고흥군, 폭염대비 '농업인 온열질환 예방활동'에 총력",자료실 게시물,,,2022-08-01,https://farmer.rda.go.kr/portal/menu1/board_viw.do?menuId=PS03449&m_id=3_19&m_mod=361&bbsId=6&nttSn=167&num=0&pageIndex=37,,6:167,https://farmer.rda.go.kr/portal/menu6/board_lst1.do?m_id=3_19&m_mod=0&menuId=PS03449&pageIndex=37,html/132_PS03449_p37.html,농촌진흥청 농업인안전365,N,N
17cdae3c376e838c,홍보,뉴스모음집,(YTN) 농민이 안전한 고흥...농작업 안전관리에 '최선',자료실 게시물,,,2022-07-25,https://farmer.rda.go.kr/portal/menu1/board_viw.do?menuId=PS03449&m_id=3_19&m_mod=362&bbsId=6&nttSn=168&num=0&pageIndex=37,,6:168,https://farmer.rda.go.kr/portal/menu6/board_lst1.do?m_id=3_19&m_mod=0&menuId=PS03449&pageIndex=37,html/132_PS03449_p37.html,농촌진흥청 농업인안전365,N,N
8b3e31a0769ca87f,홍보,전문지·기고,'농업인안전365' 누리집과 함께(농업기술 2022년 7월호 박수인),자료실 게시물,,,2022-07-18,https://farmer.rda.go.kr/portal/menu1/board_viw.do?menuId=PS03449&m_id=3_19&m_mod=363&bbsId=6&nttSn=352&num=0&pageIndex=37,,6:352,https://farmer.rda.go.kr/portal/menu6/board_lst1.do?m_id=3_19&m_mod=0&menuId=PS03449&pageIndex=37,html/132_PS03449_p37.html,농촌진흥청 농업인안전365,N,N
d70a87e8f3242901,홍보,온열·한랭,(헤럴드경제) 온열질환 보장...농협생명 ‘농업인안전보험’,자료실 게시물,,,2022-07-14,https://farmer.rda.go.kr/portal/menu1/board_viw.do?menuId=PS03449&m_id=3_19&m_mod=364&bbsId=6&nttSn=169&num=0&pageIndex=37,,6:169,https://farmer.rda.go.kr/portal/menu6/board_lst1.do?m_id=3_19&m_mod=0&menuId=PS03449&pageIndex=37,html/132_PS03449_p37.html,농촌진흥청 농업인안전365,N,N
48fac849fbd18970,홍보,온열·한랭,(세계일보) 온열질환자 급증·가축 잇단 폐사… 전국 곳곳 ‘폭염과 사투’,자료실 게시물,,,2022-07-14,https://farmer.rda.go.kr/portal/menu1/board_viw.do?menuId=PS03449&m_id=3_19&m_mod=365&bbsId=6&nttSn=170&num=0&pageIndex=37,,6:170,https://farmer.rda.go.kr/portal/menu6/board_lst1.do?m_id=3_19&m_mod=0&menuId=PS03449&pageIndex=37,html/132_PS03449_p37.html,농촌진흥청 농업인안전365,N,N
734b4b4cb8e42127,홍보,온열·한랭,"(매일일보) 농촌진흥청, 폭염 속 온열질환 주의 당부",자료실 게시물,,,2022-07-13,https://farmer.rda.go.kr/portal/menu1/board_viw.do?menuId=PS03449&m_id=3_19&m_mod=366&bbsId=6&nttSn=171&num=0&pageIndex=37,,6:171,https://farmer.rda.go.kr/portal/menu6/board_lst1.do?m_id=3_19&m_mod=0&menuId=PS03449&pageIndex=37,html/132_PS03449_p37.html,농촌진흥청 농업인안전365,N,N
a92f62481ac60be2,홍보,온열·한랭,“소싯적 생각하단 온열질환 위험”,자료실 게시물,,,2022-07-13,https://farmer.rda.go.kr/portal/menu1/board_viw.do?menuId=PS03449&m_id=3_19&m_mod=367&bbsId=6&nttSn=54&num=0&pageIndex=37,,6:54,https://farmer.rda.go.kr/portal/menu6/board_lst1.do?m_id=3_19&m_mod=0&menuId=PS03449&pageIndex=37,html/132_PS03449_p37.html,농촌진흥청 농업인안전365,N,N
2eb87f9c0e998d03,홍보,홍보성과,농촌진흥청 “불볕더위 농사일도 조심히…2명 이상 조 이뤄 작업해야”,자료실 게시물,,,2022-07-13,https://farmer.rda.go.kr/portal/menu1/board_viw.do?menuId=PS03449&m_id=3_19&m_mod=368&bbsId=6&nttSn=55&num=0&pageIndex=37,,6:55,https://farmer.rda.go.kr/portal/menu6/board_lst1.do?m_id=3_19&m_mod=0&menuId=PS03449&pageIndex=37,html/132_PS03449_p37.html,농촌진흥청 농업인안전365,N,N
bba2358d75d60d48,홍보,농약·화학물질,[화천군] 농약방제보호장비 세트 사용교육 및 설치 현장기술지원,자료실 게시물,,,2022-07-13,https://farmer.rda.go.kr/portal/menu1/board_viw.do?menuId=PS03449&m_id=3_19&m_mod=369&bbsId=6&nttSn=513&num=0&pageIndex=37,,6:513,https://farmer.rda.go.kr/portal/menu6/board_lst1.do?m_id=3_19&m_mod=0&menuId=PS03449&pageIndex=37,html/132_PS03449_p37.html,농촌진흥청 농업인안전365,N,N
108d572f9a82885b,홍보,뉴스모음집,(전북일보) 영농철 농작업 안전에 주의해야,자료실 게시물,,,2022-07-01,https://farmer.rda.go.kr/portal/menu1/board_viw.do?menuId=PS03449&m_id=3_19&m_mod=370&bbsId=6&nttSn=172&num=0&pageIndex=37,,6:172,https://farmer.rda.go.kr/portal/menu6/board_lst1.do?m_id=3_19&m_mod=0&menuId=PS03449&pageIndex=37,html/132_PS03449_p37.html,농촌진흥청 농업인안전365,N,N
84a7d033f9e39563,홍보,농약·화학물질,[남원시] 농약방제보호장비 세트 사용교육 및 설치 현장기술지원,자료실 게시물,,,2022-06-23,https://farmer.rda.go.kr/portal/menu1/board_viw.do?menuId=PS03449&m_id=3_19&m_mod=371&bbsId=6&nttSn=514&num=0&pageIndex=38,,6:514,https://farmer.rda.go.kr/portal/menu6/board_lst1.do?m_id=3_19&m_mod=0&menuId=PS03449&pageIndex=38,html/133_PS03449_p38.html,농촌진흥청 농업인안전365,N,N
664f083389ad72f8,홍보,전문지·기고,2021 농업인 업무상 손상조사 결과(농업기술 2022년 6월호 이민지),자료실 게시물,,,2022-06-15,https://farmer.rda.go.kr/portal/menu1/board_viw.do?menuId=PS03449&m_id=3_19&m_mod=372&bbsId=6&nttSn=353&num=0&pageIndex=38,,6:353,https://farmer.rda.go.kr/portal/menu6/board_lst1.do?m_id=3_19&m_mod=0&menuId=PS03449&pageIndex=38,html/133_PS03449_p38.html,농촌진흥청 농업인안전365,N,N
58b7d4e996211d28,홍보,근골격계,중량물 안전취급 방법(농축산기계신문_박수인),자료실 게시물,,,2022-06-15,https://farmer.rda.go.kr/portal/menu1/board_viw.do?menuId=PS03449&m_id=3_19&m_mod=373&bbsId=6&nttSn=354&num=0&pageIndex=38,,6:354,https://farmer.rda.go.kr/portal/menu6/board_lst1.do?m_id=3_19&m_mod=0&menuId=PS03449&pageIndex=38,html/133_PS03449_p38.html,농촌진흥청 농업인안전365,N,N
84f8fbcd6a40c1c5,홍보,온열·한랭,온열질환 사망자 많아...불볕더위 대비 농작업 행동 요령은?,자료실 게시물,,,2022-06-10,https://farmer.rda.go.kr/portal/menu1/board_viw.do?menuId=PS03449&m_id=3_19&m_mod=374&bbsId=6&nttSn=56&num=0&pageIndex=38,,6:56,https://farmer.rda.go.kr/portal/menu6/board_lst1.do?m_id=3_19&m_mod=0&menuId=PS03449&pageIndex=38,html/133_PS03449_p38.html,농촌진흥청 농업인안전365,N,N
9ec4b09573633b7b,홍보,뉴스모음집,"(농축유통신문) 불볕더위 농작업은 2인 이상, 짧게 자주 휴식",자료실 게시물,,,2022-06-10,https://farmer.rda.go.kr/portal/menu1/board_viw.do?menuId=PS03449&m_id=3_19&m_mod=375&bbsId=6&nttSn=173&num=0&pageIndex=38,,6:173,https://farmer.rda.go.kr/portal/menu6/board_lst1.do?m_id=3_19&m_mod=0&menuId=PS03449&pageIndex=38,html/133_PS03449_p38.html,농촌진흥청 농업인안전365,N,N
028d610643071231,홍보,전문지·기고,주요 농작업 사고 유형별 사례 및 예방 방안(농업기술 2022년 5월호 김경수),자료실 게시물,,,2022-05-26,https://farmer.rda.go.kr/portal/menu1/board_viw.do?menuId=PS03449&m_id=3_19&m_mod=376&bbsId=6&nttSn=355&num=0&pageIndex=38,,6:355,https://farmer.rda.go.kr/portal/menu6/board_lst1.do?m_id=3_19&m_mod=0&menuId=PS03449&pageIndex=38,html/133_PS03449_p38.html,농촌진흥청 농업인안전365,N,N
90c23b306b7deade,홍보,추락·넘어짐,(NBS투데이) 2021 농업인 업무상 손상 조사 발표…고령인·남성 넘어짐 다수,자료실 게시물,,,2022-05-26,https://farmer.rda.go.kr/portal/menu1/board_viw.do?menuId=PS03449&m_id=3_19&m_mod=377&bbsId=6&nttSn=57&num=0&pageIndex=38,,6:57,https://farmer.rda.go.kr/portal/menu6/board_lst1.do?m_id=3_19&m_mod=0&menuId=PS03449&pageIndex=38,html/133_PS03449_p38.html,농촌진흥청 농업인안전365,N,N
00ff88c619de20e3,홍보,농기계,농기계 사고 3건 중 1건 경운기…고령 남성 농업인 낙상사고 많아,자료실 게시물,,,2022-05-24,https://farmer.rda.go.kr/portal/menu1/board_viw.do?menuId=PS03449&m_id=3_19&m_mod=378&bbsId=6&nttSn=58&num=0&pageIndex=38,,6:58,https://farmer.rda.go.kr/portal/menu6/board_lst1.do?m_id=3_19&m_mod=0&menuId=PS03449&pageIndex=38,html/133_PS03449_p38.html,농촌진흥청 농업인안전365,N,N
6a85e7f53246cda0,홍보,추락·넘어짐,(연합뉴스) 농업인 2.4% 일하다 부상 경험…'넘어짐' 사고가 26.4%,자료실 게시물,,,2022-05-24,https://farmer.rda.go.kr/portal/menu1/board_viw.do?menuId=PS03449&m_id=3_19&m_mod=379&bbsId=6&nttSn=174&num=0&pageIndex=38,,6:174,https://farmer.rda.go.kr/portal/menu6/board_lst1.do?m_id=3_19&m_mod=0&menuId=PS03449&pageIndex=38,html/133_PS03449_p38.html,농촌진흥청 농업인안전365,N,N
46998abacfa521e7,홍보,추락·넘어짐,(서울신문) 농업인 업무상 손상 ‘고령·남성 넘어짐’ 사고 많아,자료실 게시물,,,2022-05-24,https://farmer.rda.go.kr/portal/menu1/board_viw.do?menuId=PS03449&m_id=3_19&m_mod=380&bbsId=6&nttSn=175&num=0&pageIndex=38,,6:175,https://farmer.rda.go.kr/portal/menu6/board_lst1.do?m_id=3_19&m_mod=0&menuId=PS03449&pageIndex=38,html/133_PS03449_p38.html,농촌진흥청 농업인안전365,N,N
2b5cff94ccd8afce,홍보,감염·생물학적 위험,"(서울경제) '치명률 18.5%' 무서운 감염병, 야외활동 후 이 증상 살펴야",자료실 게시물,,,2022-05-18,https://farmer.rda.go.kr/portal/menu1/board_viw.do?menuId=PS03449&m_id=3_19&m_mod=381&bbsId=6&nttSn=176&num=0&pageIndex=39,,6:176,https://farmer.rda.go.kr/portal/menu6/board_lst1.do?m_id=3_19&m_mod=0&menuId=PS03449&pageIndex=39,html/134_PS03449_p39.html,농촌진흥청 농업인안전365,N,N
b48ed1530df36946,홍보,뉴스모음집,(한국농어민신문) 여성농 특수건강검진제 첫발…본 사업 확대로 ‘소외’ 없어야,자료실 게시물,,,2022-05-18,https://farmer.rda.go.kr/portal/menu1/board_viw.do?menuId=PS03449&m_id=3_19&m_mod=382&bbsId=6&nttSn=177&num=0&pageIndex=39,,6:177,https://farmer.rda.go.kr/portal/menu6/board_lst1.do?m_id=3_19&m_mod=0&menuId=PS03449&pageIndex=39,html/134_PS03449_p39.html,농촌진흥청 농업인안전365,N,N
e39bd77c156120f2,홍보,홍보성과,"농진청, 농업인 안전사고 예방 대국민 아이디어 공모",자료실 게시물,,,2022-05-11,https://farmer.rda.go.kr/portal/menu1/board_viw.do?menuId=PS03449&m_id=3_19&m_mod=383&bbsId=6&nttSn=59&num=0&pageIndex=39,,6:59,https://farmer.rda.go.kr/portal/menu6/board_lst1.do?m_id=3_19&m_mod=0&menuId=PS03449&pageIndex=39,html/134_PS03449_p39.html,농촌진흥청 농업인안전365,N,N
1e91d729605cb5d3,홍보,뉴스모음집,"(서울경제) 농진청,‘농업인 안전사고 제로’국민 아이디어 공모",자료실 게시물,,,2022-05-11,https://farmer.rda.go.kr/portal/menu1/board_viw.do?menuId=PS03449&m_id=3_19&m_mod=384&bbsId=6&nttSn=178&num=0&pageIndex=39,,6:178,https://farmer.rda.go.kr/portal/menu6/board_lst1.do?m_id=3_19&m_mod=0&menuId=PS03449&pageIndex=39,html/134_PS03449_p39.html,농촌진흥청 농업인안전365,N,N
9f8193db3080ead1,홍보,뉴스모음집,"농진청, 농업인 안전사고 예방 대국민 아이디어 공모",자료실 게시물,,,2022-05-11,https://farmer.rda.go.kr/portal/menu1/board_viw.do?menuId=PS03449&m_id=3_19&m_mod=385&bbsId=6&nttSn=179&num=0&pageIndex=39,,6:179,https://farmer.rda.go.kr/portal/menu6/board_lst1.do?m_id=3_19&m_mod=0&menuId=PS03449&pageIndex=39,html/134_PS03449_p39.html,농촌진흥청 농업인안전365,N,N
c31a3d4912deaa73,홍보,활동소식,(공모전) 농업인 안전사고 예방 국민 아이디어 공모전 개최,자료실 게시물,,,2022-05-11,https://farmer.rda.go.kr/portal/menu1/board_viw.do?menuId=PS03449&m_id=3_19&m_mod=386&bbsId=6&nttSn=515&num=0&pageIndex=39,,6:515,https://farmer.rda.go.kr/portal/menu6/board_lst1.do?m_id=3_19&m_mod=0&menuId=PS03449&pageIndex=39,html/134_PS03449_p39.html,농촌진흥청 농업인안전365,N,N
5ebc2c0338afb09d,홍보,활동소식,제77차 농업인 건강연구회 세미나 개최,자료실 게시물,,,2022-05-09,https://farmer.rda.go.kr/portal/menu1/board_viw.do?menuId=PS03449&m_id=3_19&m_mod=387&bbsId=6&nttSn=516&num=0&pageIndex=39,,6:516,https://farmer.rda.go.kr/portal/menu6/board_lst1.do?m_id=3_19&m_mod=0&menuId=PS03449&pageIndex=39,html/134_PS03449_p39.html,농촌진흥청 농업인안전365,N,N
c32adf57067f1f09,홍보,농기계,농기계 안전사고 예방 캠페인 (2) 농업인 안전 수칙,자료실 게시물,,,2022-05-06,https://farmer.rda.go.kr/portal/menu1/board_viw.do?menuId=PS03449&m_id=3_19&m_mod=388&bbsId=6&nttSn=60&num=0&pageIndex=39,,6:60,https://farmer.rda.go.kr/portal/menu6/board_lst1.do?m_id=3_19&m_mod=0&menuId=PS03449&pageIndex=39,html/134_PS03449_p39.html,농촌진흥청 농업인안전365,N,N
9d1d275386687571,홍보,뉴스모음집,(농민신문) 3명 중 1명이 70세 이상인 우리 농촌,자료실 게시물,,,2022-05-06,https://farmer.rda.go.kr/portal/menu1/board_viw.do?menuId=PS03449&m_id=3_19&m_mod=389&bbsId=6&nttSn=180&num=0&pageIndex=39,,6:180,https://farmer.rda.go.kr/portal/menu6/board_lst1.do?m_id=3_19&m_mod=0&menuId=PS03449&pageIndex=39,html/134_PS03449_p39.html,농촌진흥청 농업인안전365,N,N
da5ce608a79620ee,홍보,활동소식,2022 대한인간공학회 춘계학술대회 참석 및 학술발표,자료실 게시물,,,2022-05-02,https://farmer.rda.go.kr/portal/menu1/board_viw.do?menuId=PS03449&m_id=3_19&m_mod=390&bbsId=6&nttSn=517&num=0&pageIndex=39,,6:517,https://farmer.rda.go.kr/portal/menu6/board_lst1.do?m_id=3_19&m_mod=0&menuId=PS03449&pageIndex=39,html/134_PS03449_p39.html,농촌진흥청 농업인안전365,N,N
f11de6e4c7e96157,홍보,뉴스모음집,(농민신문) “살고 싶은 농산촌 조성…농가 경영안전망 구축”,자료실 게시물,,,2022-04-29,https://farmer.rda.go.kr/portal/menu1/board_viw.do?menuId=PS03449&m_id=3_19&m_mod=391&bbsId=6&nttSn=181&num=0&pageIndex=40,,6:181,https://farmer.rda.go.kr/portal/menu6/board_lst1.do?m_id=3_19&m_mod=0&menuId=PS03449&pageIndex=40,html/135_PS03449_p40.html,농촌진흥청 농업인안전365,N,N
1aa7d3e54fff8718,홍보,뉴스모음집,"(연합뉴스) 농식품부, 11개 시·군서 여성농업인 특수건강검진 시행",자료실 게시물,,,2022-04-29,https://farmer.rda.go.kr/portal/menu1/board_viw.do?menuId=PS03449&m_id=3_19&m_mod=392&bbsId=6&nttSn=182&num=0&pageIndex=40,,6:182,https://farmer.rda.go.kr/portal/menu6/board_lst1.do?m_id=3_19&m_mod=0&menuId=PS03449&pageIndex=40,html/135_PS03449_p40.html,농촌진흥청 농업인안전365,N,N
a619e0a50d9337f7,홍보,농기계,농기계 안전사고 예방 캠페인 (1) 농기계 안전 수칙,자료실 게시물,,,2022-04-26,https://farmer.rda.go.kr/portal/menu1/board_viw.do?menuId=PS03449&m_id=3_19&m_mod=393&bbsId=6&nttSn=61&num=0&pageIndex=40,,6:61,https://farmer.rda.go.kr/portal/menu6/board_lst1.do?m_id=3_19&m_mod=0&menuId=PS03449&pageIndex=40,html/135_PS03449_p40.html,농촌진흥청 농업인안전365,N,N
cc3c6f7db490f03a,홍보,농기계,(농민신문) 봄철 농기계 안전사고 급증…“사전점검·감속 운행 필수”,자료실 게시물,,,2022-04-20,https://farmer.rda.go.kr/portal/menu1/board_viw.do?menuId=PS03449&m_id=3_19&m_mod=394&bbsId=6&nttSn=183&num=0&pageIndex=40,,6:183,https://farmer.rda.go.kr/portal/menu6/board_lst1.do?m_id=3_19&m_mod=0&menuId=PS03449&pageIndex=40,html/135_PS03449_p40.html,농촌진흥청 농업인안전365,N,N
33d0eb904512fae9,홍보,온열·한랭,시설하우스 내 농업인 온열질환 예방을 위한 농작업 에어냉각조끼 시스템 설치 현장 컨설팅,자료실 게시물,,,2022-04-15,https://farmer.rda.go.kr/portal/menu1/board_viw.do?menuId=PS03449&m_id=3_19&m_mod=395&bbsId=6&nttSn=518&num=0&pageIndex=40,,6:518,https://farmer.rda.go.kr/portal/menu6/board_lst1.do?m_id=3_19&m_mod=0&menuId=PS03449&pageIndex=40,html/135_PS03449_p40.html,농촌진흥청 농업인안전365,N,N
4ff869653c3ba7b5,홍보,농기계,"(농민신문) 본격적인 영농철, 농기계 사고 주의하세요",자료실 게시물,,,2022-04-15,https://farmer.rda.go.kr/portal/menu1/board_viw.do?menuId=PS03449&m_id=3_19&m_mod=396&bbsId=6&nttSn=184&num=0&pageIndex=40,,6:184,https://farmer.rda.go.kr/portal/menu6/board_lst1.do?m_id=3_19&m_mod=0&menuId=PS03449&pageIndex=40,html/135_PS03449_p40.html,농촌진흥청 농업인안전365,N,N
73670e48407e28cf,홍보,농기계,"농촌진흥청, 봄철 영농기 농기계 안전사고 주의!",자료실 게시물,,,2022-04-14,https://farmer.rda.go.kr/portal/menu1/board_viw.do?menuId=PS03449&m_id=3_19&m_mod=397&bbsId=6&nttSn=62&num=0&pageIndex=40,,6:62,https://farmer.rda.go.kr/portal/menu6/board_lst1.do?m_id=3_19&m_mod=0&menuId=PS03449&pageIndex=40,html/135_PS03449_p40.html,농촌진흥청 농업인안전365,N,N
175e715437760f40,홍보,농기계,"(연합뉴스) 4~5월 농기계 사고 290건…""간편한 복장·감속 운행 중요""",자료실 게시물,,,2022-04-14,https://farmer.rda.go.kr/portal/menu1/board_viw.do?menuId=PS03449&m_id=3_19&m_mod=398&bbsId=6&nttSn=185&num=0&pageIndex=40,,6:185,https://farmer.rda.go.kr/portal/menu6/board_lst1.do?m_id=3_19&m_mod=0&menuId=PS03449&pageIndex=40,html/135_PS03449_p40.html,농촌진흥청 농업인안전365,N,N
e01d560059385295,홍보,뉴스모음집,"(매일일보) 농어촌지역 실태조사 결과, 청년은 ‘일자리’, 노인은 ‘의료복지’ 필요해",자료실 게시물,,,2022-04-11,https://farmer.rda.go.kr/portal/menu1/board_viw.do?menuId=PS03449&m_id=3_19&m_mod=399&bbsId=6&nttSn=186&num=0&pageIndex=40,,6:186,https://farmer.rda.go.kr/portal/menu6/board_lst1.do?m_id=3_19&m_mod=0&menuId=PS03449&pageIndex=40,html/135_PS03449_p40.html,농촌진흥청 농업인안전365,N,N
1ef0d4c4bc43b249,홍보,농기계,"(NEWSIS) 전북소방, 영농철 맞아 농기계 안전사고 '주의보'…3년간 1376건",자료실 게시물,,,2022-04-06,https://farmer.rda.go.kr/portal/menu1/board_viw.do?menuId=PS03449&m_id=3_19&m_mod=400&bbsId=6&nttSn=187&num=0&pageIndex=40,,6:187,https://farmer.rda.go.kr/portal/menu6/board_lst1.do?m_id=3_19&m_mod=0&menuId=PS03449&pageIndex=40,html/135_PS03449_p40.html,농촌진흥청 농업인안전365,N,N
7a58314f7a835451,홍보,농기계,"(서울경제) NH농협손보, 농기계 사고예방 캠페인 전개",자료실 게시물,,,2022-04-06,https://farmer.rda.go.kr/portal/menu1/board_viw.do?menuId=PS03449&m_id=3_19&m_mod=401&bbsId=6&nttSn=188&num=0&pageIndex=41,,6:188,https://farmer.rda.go.kr/portal/menu6/board_lst1.do?m_id=3_19&m_mod=0&menuId=PS03449&pageIndex=41,html/136_PS03449_p41.html,농촌진흥청 농업인안전365,N,N
e400eeca5c1a94a5,홍보,농기계,(연합뉴스) 최근 3년간 농기계 사고 2천418건…102명 숨져,자료실 게시물,,,2022-04-06,https://farmer.rda.go.kr/portal/menu1/board_viw.do?menuId=PS03449&m_id=3_19&m_mod=402&bbsId=6&nttSn=189&num=0&pageIndex=41,,6:189,https://farmer.rda.go.kr/portal/menu6/board_lst1.do?m_id=3_19&m_mod=0&menuId=PS03449&pageIndex=41,html/136_PS03449_p41.html,농촌진흥청 농업인안전365,N,N
e2af0603789d655e,홍보,전문지·기고,농업안전보건 중앙DB센터 통계정보 소개 및 이용방법(농업기술 2022년 4월호 박수인),자료실 게시물,,,2022-04-05,https://farmer.rda.go.kr/portal/menu1/board_viw.do?menuId=PS03449&m_id=3_19&m_mod=403&bbsId=6&nttSn=356&num=0&pageIndex=41,,6:356,https://farmer.rda.go.kr/portal/menu6/board_lst1.do?m_id=3_19&m_mod=0&menuId=PS03449&pageIndex=41,html/136_PS03449_p41.html,농촌진흥청 농업인안전365,N,N
52c59b1bf5403a0d,홍보,뉴스모음집,(농수축산신문) 윤석열 정부 농정공약 톺아보기,자료실 게시물,,,2022-03-16,https://farmer.rda.go.kr/portal/menu1/board_viw.do?menuId=PS03449&m_id=3_19&m_mod=404&bbsId=6&nttSn=190&num=0&pageIndex=41,,6:190,https://farmer.rda.go.kr/portal/menu6/board_lst1.do?m_id=3_19&m_mod=0&menuId=PS03449&pageIndex=41,html/136_PS03449_p41.html,농촌진흥청 농업인안전365,N,N
3c24e1c5e53e6afd,홍보,전문지·기고,농업인 개인보호장비 편람(농업기술 2022년 3월호 김인수),자료실 게시물,,,2022-03-11,https://farmer.rda.go.kr/portal/menu1/board_viw.do?menuId=PS03449&m_id=3_19&m_mod=405&bbsId=6&nttSn=357&num=0&pageIndex=41,,6:357,https://farmer.rda.go.kr/portal/menu6/board_lst1.do?m_id=3_19&m_mod=0&menuId=PS03449&pageIndex=41,html/136_PS03449_p41.html,농촌진흥청 농업인안전365,N,N
ea930e34dcf925f7,홍보,농기계,농기계 교통사고 ‘스마트하게’ 예방합니다,자료실 게시물,,,2022-02-25,https://farmer.rda.go.kr/portal/menu1/board_viw.do?menuId=PS03449&m_id=3_19&m_mod=406&bbsId=6&nttSn=63&num=0&pageIndex=41,,6:63,https://farmer.rda.go.kr/portal/menu6/board_lst1.do?m_id=3_19&m_mod=0&menuId=PS03449&pageIndex=41,html/136_PS03449_p41.html,농촌진흥청 농업인안전365,N,N
4ddcba1153999b3a,홍보,농기계,(농민신문) 농기계 교통사고 ‘스마트하게’ 예방합니다,자료실 게시물,,,2022-02-25,https://farmer.rda.go.kr/portal/menu1/board_viw.do?menuId=PS03449&m_id=3_19&m_mod=407&bbsId=6&nttSn=191&num=0&pageIndex=41,,6:191,https://farmer.rda.go.kr/portal/menu6/board_lst1.do?m_id=3_19&m_mod=0&menuId=PS03449&pageIndex=41,html/136_PS03449_p41.html,농촌진흥청 농업인안전365,N,N
b43f5c108ed9cc7b,홍보,전문지·기고,미세먼지 노출 여부에 따라 마스크 착용 습관화 필요(농업기술 2022년 2월호 김효철),자료실 게시물,,,2022-02-11,https://farmer.rda.go.kr/portal/menu1/board_viw.do?menuId=PS03449&m_id=3_19&m_mod=408&bbsId=6&nttSn=358&num=0&pageIndex=41,,6:358,https://farmer.rda.go.kr/portal/menu6/board_lst1.do?m_id=3_19&m_mod=0&menuId=PS03449&pageIndex=41,html/136_PS03449_p41.html,농촌진흥청 농업인안전365,N,N
e1cd9e40e0c6df21,홍보,감염·생물학적 위험,"(농민신문) '중대재해처벌법' 농업분야 예외 없어…""모호한 기준 탓 분쟁 가능성""",자료실 게시물,,,2022-02-03,https://farmer.rda.go.kr/portal/menu1/board_viw.do?menuId=PS03449&m_id=3_19&m_mod=409&bbsId=6&nttSn=192&num=0&pageIndex=41,,6:192,https://farmer.rda.go.kr/portal/menu6/board_lst1.do?m_id=3_19&m_mod=0&menuId=PS03449&pageIndex=41,html/136_PS03449_p41.html,농촌진흥청 농업인안전365,N,N
966573ac0629ad3e,홍보,전문지·기고,농업인의 직업적 안전과 건강 보호를 위한 제도(농업기술 2022년 1월호 채혜선),자료실 게시물,,,2022-01-25,https://farmer.rda.go.kr/portal/menu1/board_viw.do?menuId=PS03449&m_id=3_19&m_mod=410&bbsId=6&nttSn=359&num=0&pageIndex=41,,6:359,https://farmer.rda.go.kr/portal/menu6/board_lst1.do?m_id=3_19&m_mod=0&menuId=PS03449&pageIndex=41,html/136_PS03449_p41.html,농촌진흥청 농업인안전365,N,N
fdc36109a93eafdd,홍보,전문지·기고,팔꿈치 높이에서 작업해야 근육피로 최소화(농촌여성신문_안전하고 건강한 영농가이드17),자료실 게시물,,,2021-07-30,https://farmer.rda.go.kr/portal/menu1/board_viw.do?menuId=PS03449&m_id=3_19&m_mod=491&bbsId=6&nttSn=388&num=0&pageIndex=50,,6:388,https://farmer.rda.go.kr/portal/menu6/board_lst1.do?m_id=3_19&m_mod=0&menuId=PS03449&pageIndex=50,html/137_PS03449_p50.html,농촌진흥청 농업인안전365,N,N
7f17026f8a6d9cca,홍보,전문지·기고,도구마다 보관함 만들어 안전·능률 향상(농촌여성신문_안전하고 건강한 영농가이드16),자료실 게시물,,,2021-07-30,https://farmer.rda.go.kr/portal/menu1/board_viw.do?menuId=PS03449&m_id=3_19&m_mod=492&bbsId=6&nttSn=389&num=0&pageIndex=50,,6:389,https://farmer.rda.go.kr/portal/menu6/board_lst1.do?m_id=3_19&m_mod=0&menuId=PS03449&pageIndex=50,html/137_PS03449_p50.html,농촌진흥청 농업인안전365,N,N
59a12bc697756fa2,홍보,전문지·기고,농작업 유형별 편이장비 활용(농축산기계신문_김인수),자료실 게시물,,,2021-07-30,https://farmer.rda.go.kr/portal/menu1/board_viw.do?menuId=PS03449&m_id=3_19&m_mod=493&bbsId=6&nttSn=390&num=0&pageIndex=50,,6:390,https://farmer.rda.go.kr/portal/menu6/board_lst1.do?m_id=3_19&m_mod=0&menuId=PS03449&pageIndex=50,html/137_PS03449_p50.html,농촌진흥청 농업인안전365,N,N
df3a145a256e1928,홍보,홍보성과,(NBS투데이) 농민들 무더위 식혀줄 ‘에어 냉각 조끼’ 개발,자료실 게시물,,,2021-07-29,https://farmer.rda.go.kr/portal/menu1/board_viw.do?menuId=PS03449&m_id=3_19&m_mod=494&bbsId=6&nttSn=68&num=0&pageIndex=50,,6:68,https://farmer.rda.go.kr/portal/menu6/board_lst1.do?m_id=3_19&m_mod=0&menuId=PS03449&pageIndex=50,html/137_PS03449_p50.html,농촌진흥청 농업인안전365,N,N
038c1ba2987e7549,홍보,온열·한랭,(NEWSIS) 차가운 공기 품은 '냉각조끼' 개발...폭염 속 농업인 지킨다.,자료실 게시물,,,2021-07-26,https://farmer.rda.go.kr/portal/menu1/board_viw.do?menuId=PS03449&m_id=3_19&m_mod=495&bbsId=6&nttSn=69&num=0&pageIndex=50,,6:69,https://farmer.rda.go.kr/portal/menu6/board_lst1.do?m_id=3_19&m_mod=0&menuId=PS03449&pageIndex=50,html/137_PS03449_p50.html,농촌진흥청 농업인안전365,N,N
d0a68d85a8ce5272,홍보,온열·한랭,"(전남도민일보) 고흥군, 폭염특보 땐 농작업 중단으로 온열질환 예방",자료실 게시물,,,2021-07-26,https://farmer.rda.go.kr/portal/menu1/board_viw.do?menuId=PS03449&m_id=3_19&m_mod=496&bbsId=6&nttSn=229&num=0&pageIndex=50,,6:229,https://farmer.rda.go.kr/portal/menu6/board_lst1.do?m_id=3_19&m_mod=0&menuId=PS03449&pageIndex=50,html/137_PS03449_p50.html,농촌진흥청 농업인안전365,N,N
af20f30cbc596905,홍보,근골격계,NBS 한국농업방송 '상지근골격계 질환 물리치는 방법' 출연,자료실 게시물,,,2021-07-22,https://farmer.rda.go.kr/portal/menu1/board_viw.do?menuId=PS03449&m_id=3_19&m_mod=497&bbsId=6&nttSn=531&num=0&pageIndex=50,,6:531,https://farmer.rda.go.kr/portal/menu6/board_lst1.do?m_id=3_19&m_mod=0&menuId=PS03449&pageIndex=50,html/137_PS03449_p50.html,농촌진흥청 농업인안전365,N,N
cd9e2040e849c01a,홍보,활동소식,"KBS 6시 내고향 '안농하세요. '우천 시, 안전사고 예방법' 출연",자료실 게시물,,,2021-07-21,https://farmer.rda.go.kr/portal/menu1/board_viw.do?menuId=PS03449&m_id=3_19&m_mod=498&bbsId=6&nttSn=532&num=0&pageIndex=50,,6:532,https://farmer.rda.go.kr/portal/menu6/board_lst1.do?m_id=3_19&m_mod=0&menuId=PS03449&pageIndex=50,html/137_PS03449_p50.html,농촌진흥청 농업인안전365,N,N
a9c72e9ffb747758,홍보,뉴스모음집,"(파이낸셜 뉴스) NH농협생명, '안전농업' SNS챌린지 2종 실시",자료실 게시물,,,2021-07-20,https://farmer.rda.go.kr/portal/menu1/board_viw.do?menuId=PS03449&m_id=3_19&m_mod=499&bbsId=6&nttSn=230&num=0&pageIndex=50,,6:230,https://farmer.rda.go.kr/portal/menu6/board_lst1.do?m_id=3_19&m_mod=0&menuId=PS03449&pageIndex=50,html/137_PS03449_p50.html,농촌진흥청 농업인안전365,N,N
b522492bf33fb681,홍보,뉴스모음집,(프레시안) 건강하고 안전한 농업농촌 실현을 위한 농업인 안전 보험,자료실 게시물,,,2021-07-20,https://farmer.rda.go.kr/portal/menu1/board_viw.do?menuId=PS03449&m_id=3_19&m_mod=500&bbsId=6&nttSn=231&num=0&pageIndex=50,,6:231,https://farmer.rda.go.kr/portal/menu6/board_lst1.do?m_id=3_19&m_mod=0&menuId=PS03449&pageIndex=50,html/137_PS03449_p50.html,농촌진흥청 농업인안전365,N,N
830b9622e8a0eae5,홍보,온열·한랭,(한국일보) 야외노동자 생명을 위협하는 폭염,자료실 게시물,,,2021-07-14,https://farmer.rda.go.kr/portal/menu1/board_viw.do?menuId=PS03449&m_id=3_19&m_mod=501&bbsId=6&nttSn=232&num=0&pageIndex=51,,6:232,https://farmer.rda.go.kr/portal/menu6/board_lst1.do?m_id=3_19&m_mod=0&menuId=PS03449&pageIndex=51,html/138_PS03449_p51.html,농촌진흥청 농업인안전365,N,N
705f6bc94ffda219,홍보,뉴스모음집,(서울신문) 중대산업재해 예방·사각지대 해소 첫발 뗐다,자료실 게시물,,,2021-07-14,https://farmer.rda.go.kr/portal/menu1/board_viw.do?menuId=PS03449&m_id=3_19&m_mod=502&bbsId=6&nttSn=233&num=0&pageIndex=51,,6:233,https://farmer.rda.go.kr/portal/menu6/board_lst1.do?m_id=3_19&m_mod=0&menuId=PS03449&pageIndex=51,html/138_PS03449_p51.html,농촌진흥청 농업인안전365,N,N
329ac175e8d789eb,홍보,감염·생물학적 위험,"(농민신문) '중대재해처벌법' 농민분야 예외 없어…""모호한 기준 탓 분쟁 가능성""",자료실 게시물,,,2021-07-14,https://farmer.rda.go.kr/portal/menu1/board_viw.do?menuId=PS03449&m_id=3_19&m_mod=503&bbsId=6&nttSn=234&num=0&pageIndex=51,,6:234,https://farmer.rda.go.kr/portal/menu6/board_lst1.do?m_id=3_19&m_mod=0&menuId=PS03449&pageIndex=51,html/138_PS03449_p51.html,농촌진흥청 농업인안전365,N,N
c01698b56393f644,홍보,농기계,(내일신문) 농기계 사고 예방 안전지킴이 발족,자료실 게시물,,,2021-07-14,https://farmer.rda.go.kr/portal/menu1/board_viw.do?menuId=PS03449&m_id=3_19&m_mod=504&bbsId=6&nttSn=235&num=0&pageIndex=51,,6:235,https://farmer.rda.go.kr/portal/menu6/board_lst1.do?m_id=3_19&m_mod=0&menuId=PS03449&pageIndex=51,html/138_PS03449_p51.html,농촌진흥청 농업인안전365,N,N
b3ba6b1389864055,홍보,감염·생물학적 위험,"(안전저널) 중대재해처벌법, 이렇게 대비하자",자료실 게시물,,,2021-07-13,https://farmer.rda.go.kr/portal/menu1/board_viw.do?menuId=PS03449&m_id=3_19&m_mod=505&bbsId=6&nttSn=236&num=0&pageIndex=51,,6:236,https://farmer.rda.go.kr/portal/menu6/board_lst1.do?m_id=3_19&m_mod=0&menuId=PS03449&pageIndex=51,html/138_PS03449_p51.html,농촌진흥청 농업인안전365,N,N
2074f747bda4b94e,홍보,활동소식,농업인안전보건팀 뉴스레터 2021년 2호,자료실 게시물,,,2021-07-08,https://farmer.rda.go.kr/portal/menu1/board_viw.do?menuId=PS03449&m_id=3_19&m_mod=506&bbsId=6&nttSn=533&num=0&pageIndex=51,,6:533,https://farmer.rda.go.kr/portal/menu6/board_lst1.do?m_id=3_19&m_mod=0&menuId=PS03449&pageIndex=51,html/138_PS03449_p51.html,농촌진흥청 농업인안전365,N,N
84e7326ed5f98b89,홍보,전문지·기고,자주 사용하는 물건은 손이 쉽게 닿는 곳에~(농촌여성신문_안전하고 건강한 영농가이드15),자료실 게시물,,,2021-07-06,https://farmer.rda.go.kr/portal/menu1/board_viw.do?menuId=PS03449&m_id=3_19&m_mod=507&bbsId=6&nttSn=391&num=0&pageIndex=51,,6:391,https://farmer.rda.go.kr/portal/menu6/board_lst1.do?m_id=3_19&m_mod=0&menuId=PS03449&pageIndex=51,html/138_PS03449_p51.html,농촌진흥청 농업인안전365,N,N
772d70f9c73f9860,홍보,전문지·기고,폐기물 수거용 용기를 마련하라(농촌여성신문_안전하고 건강한 영농가이드14),자료실 게시물,,,2021-07-06,https://farmer.rda.go.kr/portal/menu1/board_viw.do?menuId=PS03449&m_id=3_19&m_mod=508&bbsId=6&nttSn=392&num=0&pageIndex=51,,6:392,https://farmer.rda.go.kr/portal/menu6/board_lst1.do?m_id=3_19&m_mod=0&menuId=PS03449&pageIndex=51,html/138_PS03449_p51.html,농촌진흥청 농업인안전365,N,N
c82d5cc20428fa95,홍보,전문지·기고,농산물 운반할 때 높이 차이 최소화하라(농촌여성신문_안전하고 건강한 영농가이드13),자료실 게시물,,,2021-07-06,https://farmer.rda.go.kr/portal/menu1/board_viw.do?menuId=PS03449&m_id=3_19&m_mod=509&bbsId=6&nttSn=393&num=0&pageIndex=51,,6:393,https://farmer.rda.go.kr/portal/menu6/board_lst1.do?m_id=3_19&m_mod=0&menuId=PS03449&pageIndex=51,html/138_PS03449_p51.html,농촌진흥청 농업인안전365,N,N
04507189d9c280d0,홍보,전문지·기고,물건을 옮길 때는 몸에 가까이 붙여서...(농촌여성신문_안전하고 건강한 영농가이드12),자료실 게시물,,,2021-07-06,https://farmer.rda.go.kr/portal/menu1/board_viw.do?menuId=PS03449&m_id=3_19&m_mod=510&bbsId=6&nttSn=394&num=0&pageIndex=51,,6:394,https://farmer.rda.go.kr/portal/menu6/board_lst1.do?m_id=3_19&m_mod=0&menuId=PS03449&pageIndex=51,html/138_PS03449_p51.html,농촌진흥청 농업인안전365,N,N
a6688c66e9f3b633,홍보,전문지·기고,무거운 물건은 기계로 들어 옮겨라(농촌여성신문_안전하고 건강한 영농가이드11),자료실 게시물,,,2021-07-06,https://farmer.rda.go.kr/portal/menu1/board_viw.do?menuId=PS03449&m_id=3_19&m_mod=511&bbsId=6&nttSn=395&num=0&pageIndex=52,,6:395,https://farmer.rda.go.kr/portal/menu6/board_lst1.do?m_id=3_19&m_mod=0&menuId=PS03449&pageIndex=52,html/139_PS03449_p52.html,농촌진흥청 농업인안전365,N,N
624fd98b661a841c,홍보,전문지·기고,"자재, 작물 운반은 적합한 크기의 용기로(농촌여성신문_안전하고 건강한 영농가이드10)",자료실 게시물,,,2021-07-06,https://farmer.rda.go.kr/portal/menu1/board_viw.do?menuId=PS03449&m_id=3_19&m_mod=512&bbsId=6&nttSn=396&num=0&pageIndex=52,,6:396,https://farmer.rda.go.kr/portal/menu6/board_lst1.do?m_id=3_19&m_mod=0&menuId=PS03449&pageIndex=52,html/139_PS03449_p52.html,농촌진흥청 농업인안전365,N,N
dae98736a7812b50,홍보,전문지·기고,농작업 편이장비(농축산기계신문_서민태),자료실 게시물,,,2021-07-05,https://farmer.rda.go.kr/portal/menu1/board_viw.do?menuId=PS03449&m_id=3_19&m_mod=513&bbsId=6&nttSn=397&num=0&pageIndex=52,,6:397,https://farmer.rda.go.kr/portal/menu6/board_lst1.do?m_id=3_19&m_mod=0&menuId=PS03449&pageIndex=52,html/139_PS03449_p52.html,농촌진흥청 농업인안전365,N,N
c81db51a917c3988,홍보,농약·화학물질,신체보호 위한 피복형 보호구(농축산기계신문_김인수),자료실 게시물,,,2021-07-05,https://farmer.rda.go.kr/portal/menu1/board_viw.do?menuId=PS03449&m_id=3_19&m_mod=514&bbsId=6&nttSn=398&num=0&pageIndex=52,,6:398,https://farmer.rda.go.kr/portal/menu6/board_lst1.do?m_id=3_19&m_mod=0&menuId=PS03449&pageIndex=52,html/139_PS03449_p52.html,농촌진흥청 농업인안전365,N,N
c193cb086b7d24cb,홍보,홍보성과,"(NBS투데이) 농진청 개발 농작업화, 경기도내 2만9,000농가 보급",자료실 게시물,,,2021-07-05,https://farmer.rda.go.kr/portal/menu1/board_viw.do?menuId=PS03449&m_id=3_19&m_mod=515&bbsId=6&nttSn=70&num=0&pageIndex=52,,6:70,https://farmer.rda.go.kr/portal/menu6/board_lst1.do?m_id=3_19&m_mod=0&menuId=PS03449&pageIndex=52,html/139_PS03449_p52.html,농촌진흥청 농업인안전365,N,N
87fd09effbc2570b,홍보,뉴스모음집,(보건뉴스) 농업인 삶의 질 제고에 많은 관심을 당부,자료실 게시물,,,2021-07-02,https://farmer.rda.go.kr/portal/menu1/board_viw.do?menuId=PS03449&m_id=3_19&m_mod=516&bbsId=6&nttSn=237&num=0&pageIndex=52,,6:237,https://farmer.rda.go.kr/portal/menu6/board_lst1.do?m_id=3_19&m_mod=0&menuId=PS03449&pageIndex=52,html/139_PS03449_p52.html,농촌진흥청 농업인안전365,N,N
74ebf289acf7a946,홍보,뉴스모음집,(헤럴드경제) 닻올린 산재예방 ‘컨트롤타워’...‘산업안전보건본부’ 7월 출범,자료실 게시물,,,2021-07-02,https://farmer.rda.go.kr/portal/menu1/board_viw.do?menuId=PS03449&m_id=3_19&m_mod=517&bbsId=6&nttSn=238&num=0&pageIndex=52,,6:238,https://farmer.rda.go.kr/portal/menu6/board_lst1.do?m_id=3_19&m_mod=0&menuId=PS03449&pageIndex=52,html/139_PS03449_p52.html,농촌진흥청 농업인안전365,N,N
8d3c815b44e24baa,홍보,뉴스모음집,(내일신문) 산재예방 행정시스템 확대 … 7월 '산업안전보건본부' 출범,자료실 게시물,,,2021-07-02,https://farmer.rda.go.kr/portal/menu1/board_viw.do?menuId=PS03449&m_id=3_19&m_mod=518&bbsId=6&nttSn=239&num=0&pageIndex=52,,6:239,https://farmer.rda.go.kr/portal/menu6/board_lst1.do?m_id=3_19&m_mod=0&menuId=PS03449&pageIndex=52,html/139_PS03449_p52.html,농촌진흥청 농업인안전365,N,N
7940478a92c77c1a,홍보,뉴스모음집,(농민신문) 산재보험·농업인안전보험 중복 가입 가능·법정 최고금리 ↓,자료실 게시물,,,2021-07-02,https://farmer.rda.go.kr/portal/menu1/board_viw.do?menuId=PS03449&m_id=3_19&m_mod=519&bbsId=6&nttSn=240&num=0&pageIndex=52,,6:240,https://farmer.rda.go.kr/portal/menu6/board_lst1.do?m_id=3_19&m_mod=0&menuId=PS03449&pageIndex=52,html/139_PS03449_p52.html,농촌진흥청 농업인안전365,N,N
6804acf49163ae2f,홍보,농약·화학물질,농작업안전 위한 안면·호흡용 보호구(농축산기계신문_김인수),자료실 게시물,,,2021-07-02,https://farmer.rda.go.kr/portal/menu1/board_viw.do?menuId=PS03449&m_id=3_19&m_mod=520&bbsId=6&nttSn=399&num=0&pageIndex=52,,6:399,https://farmer.rda.go.kr/portal/menu6/board_lst1.do?m_id=3_19&m_mod=0&menuId=PS03449&pageIndex=52,html/139_PS03449_p52.html,농촌진흥청 농업인안전365,N,N
b124945ffec5917d,홍보,뉴스모음집,"(전남인터넷신문) 고흥군, 농업활동 안전사고 및 재해예방 지원",자료실 게시물,,,2021-07-02,https://farmer.rda.go.kr/portal/menu1/board_viw.do?menuId=PS03449&m_id=3_19&m_mod=521&bbsId=6&nttSn=241&num=0&pageIndex=53,,6:241,https://farmer.rda.go.kr/portal/menu6/board_lst1.do?m_id=3_19&m_mod=0&menuId=PS03449&pageIndex=53,html/140_PS03449_p53.html,농촌진흥청 농업인안전365,N,N
2f77db6280e3a682,홍보,뉴스모음집,"(GBS방송) 고흥군, 도덕면 한적마을「농작업 안전모델 마을」육성",자료실 게시물,,,2021-07-02,https://farmer.rda.go.kr/portal/menu1/board_viw.do?menuId=PS03449&m_id=3_19&m_mod=522&bbsId=6&nttSn=242&num=0&pageIndex=53,,6:242,https://farmer.rda.go.kr/portal/menu6/board_lst1.do?m_id=3_19&m_mod=0&menuId=PS03449&pageIndex=53,html/140_PS03449_p53.html,농촌진흥청 농업인안전365,N,N
25ccfc34a39bea22,홍보,홍보성과,"(농축유통신문) 농촌진흥청 개발 농작업화, 경기도농업기술원과 보급 첫 성과",자료실 게시물,,,2021-06-25,https://farmer.rda.go.kr/portal/menu1/board_viw.do?menuId=PS03449&m_id=3_19&m_mod=523&bbsId=6&nttSn=71&num=0&pageIndex=53,,6:71,https://farmer.rda.go.kr/portal/menu6/board_lst1.do?m_id=3_19&m_mod=0&menuId=PS03449&pageIndex=53,html/140_PS03449_p53.html,농촌진흥청 농업인안전365,N,N
715d42bf32e319d9,홍보,홍보성과,"(농수축산신문) 농촌진흥청 개발 농작업화, 경기도농업기술원과 보급 첫 성과",자료실 게시물,,,2021-06-25,https://farmer.rda.go.kr/portal/menu1/board_viw.do?menuId=PS03449&m_id=3_19&m_mod=524&bbsId=6&nttSn=72&num=0&pageIndex=53,,6:72,https://farmer.rda.go.kr/portal/menu6/board_lst1.do?m_id=3_19&m_mod=0&menuId=PS03449&pageIndex=53,html/140_PS03449_p53.html,농촌진흥청 농업인안전365,N,N
0107384a0084bde5,홍보,온열·한랭,KBS 6시 내고향 '안농하세요. 폭염 대비! 농작업 안전관리' 출연,자료실 게시물,,,2021-06-23,https://farmer.rda.go.kr/portal/menu1/board_viw.do?menuId=PS03449&m_id=3_19&m_mod=525&bbsId=6&nttSn=534&num=0&pageIndex=53,,6:534,https://farmer.rda.go.kr/portal/menu6/board_lst1.do?m_id=3_19&m_mod=0&menuId=PS03449&pageIndex=53,html/140_PS03449_p53.html,농촌진흥청 농업인안전365,N,N
9757ad0b87d7e75c,홍보,활동소식,NBS 한국농업방송 '여름철 농작업 요령과 건강관리 방법' 출연,자료실 게시물,,,2021-06-22,https://farmer.rda.go.kr/portal/menu1/board_viw.do?menuId=PS03449&m_id=3_19&m_mod=526&bbsId=6&nttSn=535&num=0&pageIndex=53,,6:535,https://farmer.rda.go.kr/portal/menu6/board_lst1.do?m_id=3_19&m_mod=0&menuId=PS03449&pageIndex=53,html/140_PS03449_p53.html,농촌진흥청 농업인안전365,N,N
6d0b99e5fb012133,홍보,뉴스모음집,"(농민신문) ""농민, 업무상 사망률 높아...스스로 안전 챙겨야""",자료실 게시물,,,2021-06-18,https://farmer.rda.go.kr/portal/menu1/board_viw.do?menuId=PS03449&m_id=3_19&m_mod=527&bbsId=6&nttSn=243&num=0&pageIndex=53,,6:243,https://farmer.rda.go.kr/portal/menu6/board_lst1.do?m_id=3_19&m_mod=0&menuId=PS03449&pageIndex=53,html/140_PS03449_p53.html,농촌진흥청 농업인안전365,N,N
fc24e98770c2e3ac,홍보,뉴스모음집,(농민신문) 작목별 맞춤형 장비 지원…사고 없는 농작업 실천 주도,자료실 게시물,,,2021-06-18,https://farmer.rda.go.kr/portal/menu1/board_viw.do?menuId=PS03449&m_id=3_19&m_mod=528&bbsId=6&nttSn=244&num=0&pageIndex=53,,6:244,https://farmer.rda.go.kr/portal/menu6/board_lst1.do?m_id=3_19&m_mod=0&menuId=PS03449&pageIndex=53,html/140_PS03449_p53.html,농촌진흥청 농업인안전365,N,N
94174358899a6e1d,홍보,홍보성과,"(위키트리) 농촌진흥청, 2020년 농업인 업무상 질병 조사 결과 발표",자료실 게시물,,,2021-06-18,https://farmer.rda.go.kr/portal/menu1/board_viw.do?menuId=PS03449&m_id=3_19&m_mod=529&bbsId=6&nttSn=73&num=0&pageIndex=53,,6:73,https://farmer.rda.go.kr/portal/menu6/board_lst1.do?m_id=3_19&m_mod=0&menuId=PS03449&pageIndex=53,html/140_PS03449_p53.html,농촌진흥청 농업인안전365,N,N
ba19e6ed90ecef92,홍보,근골격계,"(NEWSIS) 아파서 일 못한 농업인 대부분 근골격계 질환...""허리·무릎 통증""",자료실 게시물,,,2021-06-18,https://farmer.rda.go.kr/portal/menu1/board_viw.do?menuId=PS03449&m_id=3_19&m_mod=530&bbsId=6&nttSn=74&num=0&pageIndex=53,,6:74,https://farmer.rda.go.kr/portal/menu6/board_lst1.do?m_id=3_19&m_mod=0&menuId=PS03449&pageIndex=53,html/140_PS03449_p53.html,농촌진흥청 농업인안전365,N,N
a0df991df1c4f0a5,홍보,근골격계,(아주경제) 농업인 근골격계 질환 많다...여성이 남성보다 유병률 높아,자료실 게시물,,,2021-06-18,https://farmer.rda.go.kr/portal/menu1/board_viw.do?menuId=PS03449&m_id=3_19&m_mod=531&bbsId=6&nttSn=75&num=0&pageIndex=54,,6:75,https://farmer.rda.go.kr/portal/menu6/board_lst1.do?m_id=3_19&m_mod=0&menuId=PS03449&pageIndex=54,html/141_PS03449_p54.html,농촌진흥청 농업인안전365,N,N
7a570418e4eea904,홍보,감염·생물학적 위험,"(전남인터넷신문)고흥군, 야외활동 농작업 시! 진드기 조심하세요!",자료실 게시물,,,2021-06-16,https://farmer.rda.go.kr/portal/menu1/board_viw.do?menuId=PS03449&m_id=3_19&m_mod=532&bbsId=6&nttSn=245&num=0&pageIndex=54,,6:245,https://farmer.rda.go.kr/portal/menu6/board_lst1.do?m_id=3_19&m_mod=0&menuId=PS03449&pageIndex=54,html/141_PS03449_p54.html,농촌진흥청 농업인안전365,N,N
aa0e03fa0959da61,홍보,뉴스모음집,"(한국농어민신문) 서삼석 의원 ""농어업인 안전보험, 사회보험으로 확대를""",자료실 게시물,,,2021-06-14,https://farmer.rda.go.kr/portal/menu1/board_viw.do?menuId=PS03449&m_id=3_19&m_mod=533&bbsId=6&nttSn=246&num=0&pageIndex=54,,6:246,https://farmer.rda.go.kr/portal/menu6/board_lst1.do?m_id=3_19&m_mod=0&menuId=PS03449&pageIndex=54,html/141_PS03449_p54.html,농촌진흥청 농업인안전365,N,N
c64d6f2ffb03b64b,홍보,뉴스모음집,"(농민신문) ""여성농 특수건강검진을""…'농부병' 방치 땐 4조1072억원 들어",자료실 게시물,,,2021-06-14,https://farmer.rda.go.kr/portal/menu1/board_viw.do?menuId=PS03449&m_id=3_19&m_mod=534&bbsId=6&nttSn=247&num=0&pageIndex=54,,6:247,https://farmer.rda.go.kr/portal/menu6/board_lst1.do?m_id=3_19&m_mod=0&menuId=PS03449&pageIndex=54,html/141_PS03449_p54.html,농촌진흥청 농업인안전365,N,N
7b143f4a628b603c,홍보,뉴스모음집,"(이투데이) 개인정보위, 개인정보 침해 요인 있는지 현행법 실태 조사 나선다",자료실 게시물,,,2021-06-04,https://farmer.rda.go.kr/portal/menu1/board_viw.do?menuId=PS03449&m_id=3_19&m_mod=535&bbsId=6&nttSn=248&num=0&pageIndex=54,,6:248,https://farmer.rda.go.kr/portal/menu6/board_lst1.do?m_id=3_19&m_mod=0&menuId=PS03449&pageIndex=54,html/141_PS03449_p54.html,농촌진흥청 농업인안전365,N,N
8f15d48b34b8fe2e,홍보,뉴스모음집,(한국농어민신문) 농업경영체 개념·기준 재정립해야,자료실 게시물,,,2021-06-04,https://farmer.rda.go.kr/portal/menu1/board_viw.do?menuId=PS03449&m_id=3_19&m_mod=536&bbsId=6&nttSn=249&num=0&pageIndex=54,,6:249,https://farmer.rda.go.kr/portal/menu6/board_lst1.do?m_id=3_19&m_mod=0&menuId=PS03449&pageIndex=54,html/141_PS03449_p54.html,농촌진흥청 농업인안전365,N,N
418819739ee7cb5f,홍보,뉴스모음집,(농민신문) 농촌 '생활 사회간접시설' 확충 서둘러야,자료실 게시물,,,2021-06-04,https://farmer.rda.go.kr/portal/menu1/board_viw.do?menuId=PS03449&m_id=3_19&m_mod=537&bbsId=6&nttSn=250&num=0&pageIndex=54,,6:250,https://farmer.rda.go.kr/portal/menu6/board_lst1.do?m_id=3_19&m_mod=0&menuId=PS03449&pageIndex=54,html/141_PS03449_p54.html,농촌진흥청 농업인안전365,N,N
2c8e9a76f1c7d0dc,홍보,뉴스모음집,(농민신문) 86개 읍 · 면 건강시설 '전무'…72곳은 인근 지역에도 없어,자료실 게시물,,,2021-06-04,https://farmer.rda.go.kr/portal/menu1/board_viw.do?menuId=PS03449&m_id=3_19&m_mod=538&bbsId=6&nttSn=251&num=0&pageIndex=54,,6:251,https://farmer.rda.go.kr/portal/menu6/board_lst1.do?m_id=3_19&m_mod=0&menuId=PS03449&pageIndex=54,html/141_PS03449_p54.html,농촌진흥청 농업인안전365,N,N
0eb578d8be71e3db,홍보,근골격계,NBS 한국농업방송 '하지 근골격계 질환의 원인과 예방법' 출연,자료실 게시물,,,2021-05-26,https://farmer.rda.go.kr/portal/menu1/board_viw.do?menuId=PS03449&m_id=3_19&m_mod=539&bbsId=6&nttSn=536&num=0&pageIndex=54,,6:536,https://farmer.rda.go.kr/portal/menu6/board_lst1.do?m_id=3_19&m_mod=0&menuId=PS03449&pageIndex=54,html/141_PS03449_p54.html,농촌진흥청 농업인안전365,N,N
8f69e01bc408600f,홍보,활동소식,KBS 6시 내고향 '안농하세요. 농업인들을 위한 농번기 안전사고 예방법②' 출연,자료실 게시물,,,2021-05-26,https://farmer.rda.go.kr/portal/menu1/board_viw.do?menuId=PS03449&m_id=3_19&m_mod=540&bbsId=6&nttSn=537&num=0&pageIndex=54,,6:537,https://farmer.rda.go.kr/portal/menu6/board_lst1.do?m_id=3_19&m_mod=0&menuId=PS03449&pageIndex=54,html/141_PS03449_p54.html,농촌진흥청 농업인안전365,N,N
15bbca27c16005db,홍보,추락·넘어짐,(연합뉴스)전북서 3년간 축사 보수작업 중 14명 숨져…모두 추락사,자료실 게시물,,,2021-05-20,https://farmer.rda.go.kr/portal/menu1/board_viw.do?menuId=PS03449&m_id=3_19&m_mod=541&bbsId=6&nttSn=252&num=0&pageIndex=55,,6:252,https://farmer.rda.go.kr/portal/menu6/board_lst1.do?m_id=3_19&m_mod=0&menuId=PS03449&pageIndex=55,html/142_PS03449_p55.html,농촌진흥청 농업인안전365,N,N
78008c0da38dbf76,홍보,전문지·기고,손잡이 달린 용기로 피로예방과 안전을(농촌여성신문_안전하고 건강한 영농가이드9),자료실 게시물,,,2021-05-18,https://farmer.rda.go.kr/portal/menu1/board_viw.do?menuId=PS03449&m_id=3_19&m_mod=542&bbsId=6&nttSn=400&num=0&pageIndex=55,,6:400,https://farmer.rda.go.kr/portal/menu6/board_lst1.do?m_id=3_19&m_mod=0&menuId=PS03449&pageIndex=55,html/142_PS03449_p55.html,농촌진흥청 농업인안전365,N,N
8a2ccdc9ae862825,홍보,전문지·기고,자재&작물 운반은 적합한 크기의 용기로(농촌여성신문_안전하고 건강한 영농가이드8),자료실 게시물,,,2021-05-18,https://farmer.rda.go.kr/portal/menu1/board_viw.do?menuId=PS03449&m_id=3_19&m_mod=543&bbsId=6&nttSn=401&num=0&pageIndex=55,,6:401,https://farmer.rda.go.kr/portal/menu6/board_lst1.do?m_id=3_19&m_mod=0&menuId=PS03449&pageIndex=55,html/142_PS03449_p55.html,농촌진흥청 농업인안전365,N,N
d7a19b7962d0dc0e,홍보,전문지·기고,무거운 짐은 작고 가볍게 나눠라(농촌여성신문_안전하고 건강한 영농가이드7),자료실 게시물,,,2021-05-18,https://farmer.rda.go.kr/portal/menu1/board_viw.do?menuId=PS03449&m_id=3_19&m_mod=544&bbsId=6&nttSn=402&num=0&pageIndex=55,,6:402,https://farmer.rda.go.kr/portal/menu6/board_lst1.do?m_id=3_19&m_mod=0&menuId=PS03449&pageIndex=55,html/142_PS03449_p55.html,농촌진흥청 농업인안전365,N,N
eb717b2b74b80979,홍보,전문지·기고,다단선반 설치해 공간활용 극대화하라(농촌여성신문_안전하고 건강한 영농가이드6),자료실 게시물,,,2021-05-18,https://farmer.rda.go.kr/portal/menu1/board_viw.do?menuId=PS03449&m_id=3_19&m_mod=545&bbsId=6&nttSn=403&num=0&pageIndex=55,,6:403,https://farmer.rda.go.kr/portal/menu6/board_lst1.do?m_id=3_19&m_mod=0&menuId=PS03449&pageIndex=55,html/142_PS03449_p55.html,농촌진흥청 농업인안전365,N,N
76cc3b454c2431a1,홍보,전문지·기고,바퀴 큰 수레가 작업 쉽고 안전하다(농촌여성신문_안전하고 건강한 영농가이드5),자료실 게시물,,,2021-05-18,https://farmer.rda.go.kr/portal/menu1/board_viw.do?menuId=PS03449&m_id=3_19&m_mod=546&bbsId=6&nttSn=404&num=0&pageIndex=55,,6:404,https://farmer.rda.go.kr/portal/menu6/board_lst1.do?m_id=3_19&m_mod=0&menuId=PS03449&pageIndex=55,html/142_PS03449_p55.html,농촌진흥청 농업인안전365,N,N
9fc406a82f95d262,홍보,전문지·기고,"다양한 운반기구로 작업량, 피로 줄이자(농촌여성신문_안전하고 건강한 영농가이드4)",자료실 게시물,,,2021-05-18,https://farmer.rda.go.kr/portal/menu1/board_viw.do?menuId=PS03449&m_id=3_19&m_mod=547&bbsId=6&nttSn=405&num=0&pageIndex=55,,6:405,https://farmer.rda.go.kr/portal/menu6/board_lst1.do?m_id=3_19&m_mod=0&menuId=PS03449&pageIndex=55,html/142_PS03449_p55.html,농촌진흥청 농업인안전365,N,N
7058441cd8351481,홍보,전문지·기고,안정적인 교량은 농산물 운반 안전에 필수(농촌여성신문_안전하고 건강한 영농가이드3),자료실 게시물,,,2021-05-18,https://farmer.rda.go.kr/portal/menu1/board_viw.do?menuId=PS03449&m_id=3_19&m_mod=548&bbsId=6&nttSn=406&num=0&pageIndex=55,,6:406,https://farmer.rda.go.kr/portal/menu6/board_lst1.do?m_id=3_19&m_mod=0&menuId=PS03449&pageIndex=55,html/142_PS03449_p55.html,농촌진흥청 농업인안전365,N,N
189df70406489953,홍보,전문지·기고,운반로 높이 단차와 구멍을 없애자(농촌여성신문_안전하고 건강한 영농가이드2),자료실 게시물,,,2021-05-18,https://farmer.rda.go.kr/portal/menu1/board_viw.do?menuId=PS03449&m_id=3_19&m_mod=549&bbsId=6&nttSn=407&num=0&pageIndex=55,,6:407,https://farmer.rda.go.kr/portal/menu6/board_lst1.do?m_id=3_19&m_mod=0&menuId=PS03449&pageIndex=55,html/142_PS03449_p55.html,농촌진흥청 농업인안전365,N,N
d467215fa1b88fd0,홍보,전문지·기고,운반로 정리해 작업 쉽고 안전하게(농촌여성신문_안전하고 건강한 영농가이드1),자료실 게시물,,,2021-05-18,https://farmer.rda.go.kr/portal/menu1/board_viw.do?menuId=PS03449&m_id=3_19&m_mod=550&bbsId=6&nttSn=408&num=0&pageIndex=55,,6:408,https://farmer.rda.go.kr/portal/menu6/board_lst1.do?m_id=3_19&m_mod=0&menuId=PS03449&pageIndex=55,html/142_PS03449_p55.html,농촌진흥청 농업인안전365,N,N
8193032e6cf099ab,홍보,농약·화학물질,농작업 안전 위한 보호구 활용(농축산기계신문_김인수),자료실 게시물,,,2021-05-18,https://farmer.rda.go.kr/portal/menu1/board_viw.do?menuId=PS03449&m_id=3_19&m_mod=551&bbsId=6&nttSn=409&num=0&pageIndex=56,,6:409,https://farmer.rda.go.kr/portal/menu6/board_lst1.do?m_id=3_19&m_mod=0&menuId=PS03449&pageIndex=56,html/143_PS03449_p56.html,농촌진흥청 농업인안전365,N,N
d6301e5e399e853c,홍보,활동소식,(현장기술지원)미세먼지 노출 및 건강영향 평가결과 설명회,자료실 게시물,,,2021-05-17,https://farmer.rda.go.kr/portal/menu1/board_viw.do?menuId=PS03449&m_id=3_19&m_mod=552&bbsId=6&nttSn=538&num=0&pageIndex=56,,6:538,https://farmer.rda.go.kr/portal/menu6/board_lst1.do?m_id=3_19&m_mod=0&menuId=PS03449&pageIndex=56,html/143_PS03449_p56.html,농촌진흥청 농업인안전365,N,N
a149af7ad0d908f1,홍보,농기계,NBS 한국농업방송 '농기계 안전사고 예방법' 출연,자료실 게시물,,,2021-05-12,https://farmer.rda.go.kr/portal/menu1/board_viw.do?menuId=PS03449&m_id=3_19&m_mod=553&bbsId=6&nttSn=539&num=0&pageIndex=56,,6:539,https://farmer.rda.go.kr/portal/menu6/board_lst1.do?m_id=3_19&m_mod=0&menuId=PS03449&pageIndex=56,html/143_PS03449_p56.html,농촌진흥청 농업인안전365,N,N
e46bb90fd3b8ece8,홍보,활동소식,KBS 6시 내고향 '안농하세요. 농업인들을 위한 농번기 안전사고 예방법' 출연,자료실 게시물,,,2021-04-29,https://farmer.rda.go.kr/portal/menu1/board_viw.do?menuId=PS03449&m_id=3_19&m_mod=554&bbsId=6&nttSn=540&num=0&pageIndex=56,,6:540,https://farmer.rda.go.kr/portal/menu6/board_lst1.do?m_id=3_19&m_mod=0&menuId=PS03449&pageIndex=56,html/143_PS03449_p56.html,농촌진흥청 농업인안전365,N,N
ea43a57c009ebbd9,홍보,뉴스모음집,(농수축산신문) 이제 농업도 웨어러블 로봇시대,자료실 게시물,,,2021-04-28,https://farmer.rda.go.kr/portal/menu1/board_viw.do?menuId=PS03449&m_id=3_19&m_mod=555&bbsId=6&nttSn=253&num=0&pageIndex=56,,6:253,https://farmer.rda.go.kr/portal/menu6/board_lst1.do?m_id=3_19&m_mod=0&menuId=PS03449&pageIndex=56,html/143_PS03449_p56.html,농촌진흥청 농업인안전365,N,N
77754d47426d862a,홍보,활동소식,농업인안전보건팀 뉴스레터 2021년 1호,자료실 게시물,,,2021-04-27,https://farmer.rda.go.kr/portal/menu1/board_viw.do?menuId=PS03449&m_id=3_19&m_mod=556&bbsId=6&nttSn=541&num=0&pageIndex=56,,6:541,https://farmer.rda.go.kr/portal/menu6/board_lst1.do?m_id=3_19&m_mod=0&menuId=PS03449&pageIndex=56,html/143_PS03449_p56.html,농촌진흥청 농업인안전365,N,N
f5e7488bfd9034be,홍보,뉴스모음집,"(뉴시스) 김현수 장관, 여성농업인 특화 건강검진 도입 추진",자료실 게시물,,,2021-04-14,https://farmer.rda.go.kr/portal/menu1/board_viw.do?menuId=PS03449&m_id=3_19&m_mod=557&bbsId=6&nttSn=254&num=0&pageIndex=56,,6:254,https://farmer.rda.go.kr/portal/menu6/board_lst1.do?m_id=3_19&m_mod=0&menuId=PS03449&pageIndex=56,html/143_PS03449_p56.html,농촌진흥청 농업인안전365,N,N
7222dd56629a365c,홍보,뉴스모음집,(농민신문) 농사짓다 손목 ‘시큰’ 농부증 ‘농업인안전보험’으로 대비를,자료실 게시물,,,2021-04-14,https://farmer.rda.go.kr/portal/menu1/board_viw.do?menuId=PS03449&m_id=3_19&m_mod=558&bbsId=6&nttSn=255&num=0&pageIndex=56,,6:255,https://farmer.rda.go.kr/portal/menu6/board_lst1.do?m_id=3_19&m_mod=0&menuId=PS03449&pageIndex=56,html/143_PS03449_p56.html,농촌진흥청 농업인안전365,N,N
c2407e8f7a136fa0,홍보,근골격계,(농민신문) 반복적 농작업 ‘근골격계 질환’ 유발…조기 발견·치료 중요,자료실 게시물,,,2021-04-14,https://farmer.rda.go.kr/portal/menu1/board_viw.do?menuId=PS03449&m_id=3_19&m_mod=559&bbsId=6&nttSn=256&num=0&pageIndex=56,,6:256,https://farmer.rda.go.kr/portal/menu6/board_lst1.do?m_id=3_19&m_mod=0&menuId=PS03449&pageIndex=56,html/143_PS03449_p56.html,농촌진흥청 농업인안전365,N,N
2921395dd77e02f3,홍보,안전교육,"(농민신문) 농어민 안전교육 법제화 추진 양정숙 의원, 개정안 대표발의",자료실 게시물,,,2021-04-13,https://farmer.rda.go.kr/portal/menu1/board_viw.do?menuId=PS03449&m_id=3_19&m_mod=560&bbsId=6&nttSn=257&num=0&pageIndex=56,,6:257,https://farmer.rda.go.kr/portal/menu6/board_lst1.do?m_id=3_19&m_mod=0&menuId=PS03449&pageIndex=56,html/143_PS03449_p56.html,농촌진흥청 농업인안전365,N,N
2eb774895442b3b7,홍보,농기계,농기계 교통안전 및 사고감지 시스템 현장기술지원,자료실 게시물,,,2021-04-13,https://farmer.rda.go.kr/portal/menu1/board_viw.do?menuId=PS03449&m_id=3_19&m_mod=561&bbsId=6&nttSn=542&num=0&pageIndex=57,,6:542,https://farmer.rda.go.kr/portal/menu6/board_lst1.do?m_id=3_19&m_mod=0&menuId=PS03449&pageIndex=57,html/144_PS03449_p57.html,농촌진흥청 농업인안전365,N,N
e849e7b549e66de8,홍보,전문지·기고,고령농업인 작업안전관리(농축산기계신문_김경수),자료실 게시물,,,2021-04-01,https://farmer.rda.go.kr/portal/menu1/board_viw.do?menuId=PS03449&m_id=3_19&m_mod=562&bbsId=6&nttSn=410&num=0&pageIndex=57,,6:410,https://farmer.rda.go.kr/portal/menu6/board_lst1.do?m_id=3_19&m_mod=0&menuId=PS03449&pageIndex=57,html/144_PS03449_p57.html,농촌진흥청 농업인안전365,N,N
55e45c1dd1916131,홍보,전문지·기고,업무상 질병현황과 위험요인 노출(농축산기계신문_최원종),자료실 게시물,,,2021-04-01,https://farmer.rda.go.kr/portal/menu1/board_viw.do?menuId=PS03449&m_id=3_19&m_mod=563&bbsId=6&nttSn=411&num=0&pageIndex=57,,6:411,https://farmer.rda.go.kr/portal/menu6/board_lst1.do?m_id=3_19&m_mod=0&menuId=PS03449&pageIndex=57,html/144_PS03449_p57.html,농촌진흥청 농업인안전365,N,N
6056f3d7ce4a4f23,홍보,전문지·기고,농업인 직업병과 산업재해 예방 관리 (농축산기계신문_최동필),자료실 게시물,,,2021-03-31,https://farmer.rda.go.kr/portal/menu1/board_viw.do?menuId=PS03449&m_id=3_19&m_mod=564&bbsId=6&nttSn=412&num=0&pageIndex=57,,6:412,https://farmer.rda.go.kr/portal/menu6/board_lst1.do?m_id=3_19&m_mod=0&menuId=PS03449&pageIndex=57,html/144_PS03449_p57.html,농촌진흥청 농업인안전365,N,N
ebf8f8b6fee7557f,홍보,전문지·기고,농작업손상현황과 유형 (농축산기계신문_최원종),자료실 게시물,,,2021-03-31,https://farmer.rda.go.kr/portal/menu1/board_viw.do?menuId=PS03449&m_id=3_19&m_mod=565&bbsId=6&nttSn=413&num=0&pageIndex=57,,6:413,https://farmer.rda.go.kr/portal/menu6/board_lst1.do?m_id=3_19&m_mod=0&menuId=PS03449&pageIndex=57,html/144_PS03449_p57.html,농촌진흥청 농업인안전365,N,N
f7c5c00d4d611ac0,홍보,농기계,(연합뉴스) 충남소방본부 '3~5월 농기계 사고 집중...안전 사용하세요',자료실 게시물,,,2021-03-29,https://farmer.rda.go.kr/portal/menu1/board_viw.do?menuId=PS03449&m_id=3_19&m_mod=566&bbsId=6&nttSn=258&num=0&pageIndex=57,,6:258,https://farmer.rda.go.kr/portal/menu6/board_lst1.do?m_id=3_19&m_mod=0&menuId=PS03449&pageIndex=57,html/144_PS03449_p57.html,농촌진흥청 농업인안전365,N,N
8e83a1473910f5d5,홍보,활동소식,KBS 6시 내고향 '안농하세요. 농업인들을 위한 미세먼지 예방법.' 출연,자료실 게시물,,,2021-03-27,https://farmer.rda.go.kr/portal/menu1/board_viw.do?menuId=PS03449&m_id=3_19&m_mod=567&bbsId=6&nttSn=543&num=0&pageIndex=57,,6:543,https://farmer.rda.go.kr/portal/menu6/board_lst1.do?m_id=3_19&m_mod=0&menuId=PS03449&pageIndex=57,html/144_PS03449_p57.html,농촌진흥청 농업인안전365,N,N
ee6246b1e3dd53d9,홍보,뉴스모음집,"(농촌여성신문) 인간공학으로 안전한 농촌, 건강한 일터를",자료실 게시물,,,2021-03-26,https://farmer.rda.go.kr/portal/menu1/board_viw.do?menuId=PS03449&m_id=3_19&m_mod=568&bbsId=6&nttSn=259&num=0&pageIndex=57,,6:259,https://farmer.rda.go.kr/portal/menu6/board_lst1.do?m_id=3_19&m_mod=0&menuId=PS03449&pageIndex=57,html/144_PS03449_p57.html,농촌진흥청 농업인안전365,N,N
69545ffa629d064c,홍보,뉴스모음집,(농민신문) 내년부터 산재 사망 땐 경영주 징역형…농업법인 · 농업도 적용,자료실 게시물,,,2021-03-26,https://farmer.rda.go.kr/portal/menu1/board_viw.do?menuId=PS03449&m_id=3_19&m_mod=569&bbsId=6&nttSn=260&num=0&pageIndex=57,,6:260,https://farmer.rda.go.kr/portal/menu6/board_lst1.do?m_id=3_19&m_mod=0&menuId=PS03449&pageIndex=57,html/144_PS03449_p57.html,농촌진흥청 농업인안전365,N,N
b7a02ed912b09b86,홍보,홍보성과,"농촌진흥청, 이달의 신간 (농산물 가공사업장 안전보건관리)",자료실 게시물,,,2021-03-23,https://farmer.rda.go.kr/portal/menu1/board_viw.do?menuId=PS03449&m_id=3_19&m_mod=570&bbsId=6&nttSn=76&num=0&pageIndex=57,,6:76,https://farmer.rda.go.kr/portal/menu6/board_lst1.do?m_id=3_19&m_mod=0&menuId=PS03449&pageIndex=57,html/144_PS03449_p57.html,농촌진흥청 농업인안전365,N,N
f1404e45aaafe1d9,홍보,홍보성과,"농촌진흥청, 이달의 신간 (알기 쉬운 농업인의 업무상 손상)",자료실 게시물,,,2021-03-19,https://farmer.rda.go.kr/portal/menu1/board_viw.do?menuId=PS03449&m_id=3_19&m_mod=571&bbsId=6&nttSn=77&num=0&pageIndex=58,,6:77,https://farmer.rda.go.kr/portal/menu6/board_lst1.do?m_id=3_19&m_mod=0&menuId=PS03449&pageIndex=58,html/145_PS03449_p58.html,농촌진흥청 농업인안전365,N,N
3a3de4b65933a4b8,홍보,추락·넘어짐,영농현장 고령 · 여성농업인 '넘어짐' 사고 많아,자료실 게시물,,,2021-03-19,https://farmer.rda.go.kr/portal/menu1/board_viw.do?menuId=PS03449&m_id=3_19&m_mod=572&bbsId=6&nttSn=78&num=0&pageIndex=58,,6:78,https://farmer.rda.go.kr/portal/menu6/board_lst1.do?m_id=3_19&m_mod=0&menuId=PS03449&pageIndex=58,html/145_PS03449_p58.html,농촌진흥청 농업인안전365,N,N
f7f6060bcada1014,홍보,온열·한랭,"농진청 ""여름철 농작업시 온열질환 조심하세요""",자료실 게시물,,,2021-03-19,https://farmer.rda.go.kr/portal/menu1/board_viw.do?menuId=PS03449&m_id=3_19&m_mod=573&bbsId=6&nttSn=79&num=0&pageIndex=58,,6:79,https://farmer.rda.go.kr/portal/menu6/board_lst1.do?m_id=3_19&m_mod=0&menuId=PS03449&pageIndex=58,html/145_PS03449_p58.html,농촌진흥청 농업인안전365,N,N
5e05452550779cd6,홍보,홍보성과,[농진청] 2024년까지 농작업 사고 사망률 30% 낮춘다,자료실 게시물,,,2021-03-19,https://farmer.rda.go.kr/portal/menu1/board_viw.do?menuId=PS03449&m_id=3_19&m_mod=574&bbsId=6&nttSn=80&num=0&pageIndex=58,,6:80,https://farmer.rda.go.kr/portal/menu6/board_lst1.do?m_id=3_19&m_mod=0&menuId=PS03449&pageIndex=58,html/145_PS03449_p58.html,농촌진흥청 농업인안전365,N,N
150755bc73580507,홍보,홍보성과,"농진청, 국제노동기구와 농업인 안전 챙긴다",자료실 게시물,,,2021-03-19,https://farmer.rda.go.kr/portal/menu1/board_viw.do?menuId=PS03449&m_id=3_19&m_mod=575&bbsId=6&nttSn=81&num=0&pageIndex=58,,6:81,https://farmer.rda.go.kr/portal/menu6/board_lst1.do?m_id=3_19&m_mod=0&menuId=PS03449&pageIndex=58,html/145_PS03449_p58.html,농촌진흥청 농업인안전365,N,N
09cd1b04cd055659,홍보,농기계,"행안부 ""농기계 사고 조심해야""...'60세 이상' 67% 발생",자료실 게시물,,,2021-03-19,https://farmer.rda.go.kr/portal/menu1/board_viw.do?menuId=PS03449&m_id=3_19&m_mod=576&bbsId=6&nttSn=82&num=0&pageIndex=58,,6:82,https://farmer.rda.go.kr/portal/menu6/board_lst1.do?m_id=3_19&m_mod=0&menuId=PS03449&pageIndex=58,html/145_PS03449_p58.html,농촌진흥청 농업인안전365,N,N
213ae4f5eb7f5771,홍보,활동소식,KBS 6시 내고향 '안농하세요. 환절기 축사 안전.' 출연,자료실 게시물,,,2021-03-12,https://farmer.rda.go.kr/portal/menu1/board_viw.do?menuId=PS03449&m_id=3_19&m_mod=577&bbsId=6&nttSn=544&num=0&pageIndex=58,,6:544,https://farmer.rda.go.kr/portal/menu6/board_lst1.do?m_id=3_19&m_mod=0&menuId=PS03449&pageIndex=58,html/145_PS03449_p58.html,농촌진흥청 농업인안전365,N,N
d1adc74026e9ca7a,홍보,뉴스모음집,(농민신문) 농작업 안전사고 유의해야,자료실 게시물,,,2021-03-08,https://farmer.rda.go.kr/portal/menu1/board_viw.do?menuId=PS03449&m_id=3_19&m_mod=578&bbsId=6&nttSn=261&num=0&pageIndex=58,,6:261,https://farmer.rda.go.kr/portal/menu6/board_lst1.do?m_id=3_19&m_mod=0&menuId=PS03449&pageIndex=58,html/145_PS03449_p58.html,농촌진흥청 농업인안전365,N,N
710e60166a17c4a4,홍보,뉴스모음집,[안전농업하세요] 농작업 환경 열악 · 고령화 심화…잠깐만 방심해도 사고,자료실 게시물,,,2021-03-08,https://farmer.rda.go.kr/portal/menu1/board_viw.do?menuId=PS03449&m_id=3_19&m_mod=579&bbsId=6&nttSn=262&num=0&pageIndex=58,,6:262,https://farmer.rda.go.kr/portal/menu6/board_lst1.do?m_id=3_19&m_mod=0&menuId=PS03449&pageIndex=58,html/145_PS03449_p58.html,농촌진흥청 농업인안전365,N,N
9b3fc917ca6bc06f,홍보,전문지·기고,안전하고 건강한 농작업 '농업인안전365'와 함께 (농업기술 2021년 3월호 박수인),자료실 게시물,,,2021-03-02,https://farmer.rda.go.kr/portal/menu1/board_viw.do?menuId=PS03449&m_id=3_19&m_mod=580&bbsId=6&nttSn=414&num=0&pageIndex=58,,6:414,https://farmer.rda.go.kr/portal/menu6/board_lst1.do?m_id=3_19&m_mod=0&menuId=PS03449&pageIndex=58,html/145_PS03449_p58.html,농촌진흥청 농업인안전365,N,N
d242fd388f0d319f,홍보,뉴스모음집,"(전남인터넷신문) 고흥군, 농업인 여러분! 안전농업하세요~",자료실 게시물,,,2021-02-25,https://farmer.rda.go.kr/portal/menu1/board_viw.do?menuId=PS03449&m_id=3_19&m_mod=581&bbsId=6&nttSn=263&num=0&pageIndex=59,,6:263,https://farmer.rda.go.kr/portal/menu6/board_lst1.do?m_id=3_19&m_mod=0&menuId=PS03449&pageIndex=59,html/146_PS03449_p59.html,농촌진흥청 농업인안전365,N,N
c2f5e606f25009bb,홍보,뉴스모음집,(농민신문) 농작업 안전사고 예방 대국민 캠페인 전개,자료실 게시물,,,2021-02-16,https://farmer.rda.go.kr/portal/menu1/board_viw.do?menuId=PS03449&m_id=3_19&m_mod=582&bbsId=6&nttSn=264&num=0&pageIndex=59,,6:264,https://farmer.rda.go.kr/portal/menu6/board_lst1.do?m_id=3_19&m_mod=0&menuId=PS03449&pageIndex=59,html/146_PS03449_p59.html,농촌진흥청 농업인안전365,N,N
b7981aa7e7ec9b1f,홍보,뉴스모음집,"(농민신문) ""여성농민도 농작업 사고 대비 안전보험에 꼭 가입하세요""",자료실 게시물,,,2021-02-16,https://farmer.rda.go.kr/portal/menu1/board_viw.do?menuId=PS03449&m_id=3_19&m_mod=583&bbsId=6&nttSn=265&num=0&pageIndex=59,,6:265,https://farmer.rda.go.kr/portal/menu6/board_lst1.do?m_id=3_19&m_mod=0&menuId=PS03449&pageIndex=59,html/146_PS03449_p59.html,농촌진흥청 농업인안전365,N,N
698abfe510e8bb94,홍보,뉴스모음집,(인천일보)화성시 농업용 안전화 4000켤레 보급,자료실 게시물,,,2021-02-16,https://farmer.rda.go.kr/portal/menu1/board_viw.do?menuId=PS03449&m_id=3_19&m_mod=584&bbsId=6&nttSn=266&num=0&pageIndex=59,,6:266,https://farmer.rda.go.kr/portal/menu6/board_lst1.do?m_id=3_19&m_mod=0&menuId=PS03449&pageIndex=59,html/146_PS03449_p59.html,농촌진흥청 농업인안전365,N,N
ba01585f118c21e0,홍보,농기계,"(메트로신문) 곡성군, 농업기계 안전사고 예방 캠페인 추진",자료실 게시물,,,2021-02-16,https://farmer.rda.go.kr/portal/menu1/board_viw.do?menuId=PS03449&m_id=3_19&m_mod=585&bbsId=6&nttSn=267&num=0&pageIndex=59,,6:267,https://farmer.rda.go.kr/portal/menu6/board_lst1.do?m_id=3_19&m_mod=0&menuId=PS03449&pageIndex=59,html/146_PS03449_p59.html,농촌진흥청 농업인안전365,N,N
e8dc705235192b52,홍보,뉴스모음집,"[안전농업하세요] ""2021년 농사지을 땐 다치지 않게…""",자료실 게시물,,,2021-02-16,https://farmer.rda.go.kr/portal/menu1/board_viw.do?menuId=PS03449&m_id=3_19&m_mod=586&bbsId=6&nttSn=268&num=0&pageIndex=59,,6:268,https://farmer.rda.go.kr/portal/menu6/board_lst1.do?m_id=3_19&m_mod=0&menuId=PS03449&pageIndex=59,html/146_PS03449_p59.html,농촌진흥청 농업인안전365,N,N
bdf50a0d8bbf8365,홍보,작업환경,유기 분진·가스 노출저감 방안 (농축산기계신문_안민지),자료실 게시물,,,2021-02-01,https://farmer.rda.go.kr/portal/menu1/board_viw.do?menuId=PS03449&m_id=3_19&m_mod=587&bbsId=6&nttSn=415&num=0&pageIndex=59,,6:415,https://farmer.rda.go.kr/portal/menu6/board_lst1.do?m_id=3_19&m_mod=0&menuId=PS03449&pageIndex=59,html/146_PS03449_p59.html,농촌진흥청 농업인안전365,N,N
e28ec26c146d577c,홍보,응급대응,농산물 가공사업장 발생 주요 상해별 응급처치방법 (농업기술 2021년 2월호 서민태),자료실 게시물,,,2021-02-01,https://farmer.rda.go.kr/portal/menu1/board_viw.do?menuId=PS03449&m_id=3_19&m_mod=588&bbsId=6&nttSn=416&num=0&pageIndex=59,,6:416,https://farmer.rda.go.kr/portal/menu6/board_lst1.do?m_id=3_19&m_mod=0&menuId=PS03449&pageIndex=59,html/146_PS03449_p59.html,농촌진흥청 농업인안전365,N,N
54674e5f6c4567f0,홍보,뉴스모음집,"(경인매일) 안성시,「농업인 사고예방을 위한 농작업화 보급 시범 사업」실시",자료실 게시물,,,2021-01-29,https://farmer.rda.go.kr/portal/menu1/board_viw.do?menuId=PS03449&m_id=3_19&m_mod=589&bbsId=6&nttSn=269&num=0&pageIndex=59,,6:269,https://farmer.rda.go.kr/portal/menu6/board_lst1.do?m_id=3_19&m_mod=0&menuId=PS03449&pageIndex=59,html/146_PS03449_p59.html,농촌진흥청 농업인안전365,N,N
a547e95cfb6f2057,홍보,활동소식,KBS 6시 내고향 '안농하세요. 겨울 안전을 지켜라.' 출연,자료실 게시물,,,2021-01-29,https://farmer.rda.go.kr/portal/menu1/board_viw.do?menuId=PS03449&m_id=3_19&m_mod=590&bbsId=6&nttSn=545&num=0&pageIndex=59,,6:545,https://farmer.rda.go.kr/portal/menu6/board_lst1.do?m_id=3_19&m_mod=0&menuId=PS03449&pageIndex=59,html/146_PS03449_p59.html,농촌진흥청 농업인안전365,N,N
48a72d42952b2cad,홍보,전문지·기고,농업인 업무상 질병종류 및 현황(농축산기계신문_이민지),자료실 게시물,,,2022-01-25,https://farmer.rda.go.kr/portal/menu1/board_viw.do?menuId=PS03449&m_id=3_19&m_mod=411&bbsId=6&nttSn=360&num=0&pageIndex=42,,6:360,https://farmer.rda.go.kr/portal/menu6/board_lst1.do?m_id=3_19&m_mod=0&menuId=PS03449&pageIndex=42,html/147_PS03449_p42.html,농촌진흥청 농업인안전365,N,N
b3c408629f853774,홍보,감염·생물학적 위험,(농민신문) 농업계 중대재해처벌법에 ‘긴장감’…안전사고 예방 철저히,자료실 게시물,,,2022-01-19,https://farmer.rda.go.kr/portal/menu1/board_viw.do?menuId=PS03449&m_id=3_19&m_mod=412&bbsId=6&nttSn=193&num=0&pageIndex=42,,6:193,https://farmer.rda.go.kr/portal/menu6/board_lst1.do?m_id=3_19&m_mod=0&menuId=PS03449&pageIndex=42,html/147_PS03449_p42.html,농촌진흥청 농업인안전365,N,N
e9bea5031a28f3fc,홍보,뉴스모음집,(농민신문) 40세 미만 농가 겨우 1%…청년농 육성·고령농 소득안전망 강화,자료실 게시물,,,2022-01-17,https://farmer.rda.go.kr/portal/menu1/board_viw.do?menuId=PS03449&m_id=3_19&m_mod=413&bbsId=6&nttSn=194&num=0&pageIndex=42,,6:194,https://farmer.rda.go.kr/portal/menu6/board_lst1.do?m_id=3_19&m_mod=0&menuId=PS03449&pageIndex=42,html/147_PS03449_p42.html,농촌진흥청 농업인안전365,N,N
ba57adda686d014c,홍보,농기계,(한국농어민신문) ‘국산 농기계’ 사용농가 만족도 높다,자료실 게시물,,,2022-01-17,https://farmer.rda.go.kr/portal/menu1/board_viw.do?menuId=PS03449&m_id=3_19&m_mod=414&bbsId=6&nttSn=195&num=0&pageIndex=42,,6:195,https://farmer.rda.go.kr/portal/menu6/board_lst1.do?m_id=3_19&m_mod=0&menuId=PS03449&pageIndex=42,html/147_PS03449_p42.html,농촌진흥청 농업인안전365,N,N
4f6c68f6d06ea27d,홍보,전문지·기고,농업인안전365 서비스 이용방법(농축산기계신문_박수인),자료실 게시물,,,2022-01-17,https://farmer.rda.go.kr/portal/menu1/board_viw.do?menuId=PS03449&m_id=3_19&m_mod=415&bbsId=6&nttSn=361&num=0&pageIndex=42,,6:361,https://farmer.rda.go.kr/portal/menu6/board_lst1.do?m_id=3_19&m_mod=0&menuId=PS03449&pageIndex=42,html/147_PS03449_p42.html,농촌진흥청 농업인안전365,N,N
94dbaba3e57abc5e,홍보,활동소식,농업인안전보건팀 뉴스레터 2021년 4호,자료실 게시물,,,2022-01-06,https://farmer.rda.go.kr/portal/menu1/board_viw.do?menuId=PS03449&m_id=3_19&m_mod=416&bbsId=6&nttSn=519&num=0&pageIndex=42,,6:519,https://farmer.rda.go.kr/portal/menu6/board_lst1.do?m_id=3_19&m_mod=0&menuId=PS03449&pageIndex=42,html/147_PS03449_p42.html,농촌진흥청 농업인안전365,N,N
dc95fa99b4e7c140,홍보,뉴스모음집,(NEWS1) 농촌진흥청 새해 개청 60년…청년농업인 키우고 농촌엔 활력을,자료실 게시물,,,2022-01-05,https://farmer.rda.go.kr/portal/menu1/board_viw.do?menuId=PS03449&m_id=3_19&m_mod=417&bbsId=6&nttSn=196&num=0&pageIndex=42,,6:196,https://farmer.rda.go.kr/portal/menu6/board_lst1.do?m_id=3_19&m_mod=0&menuId=PS03449&pageIndex=42,html/147_PS03449_p42.html,농촌진흥청 농업인안전365,N,N
041729ef4ff7d9d2,홍보,뉴스모음집,(한국농정) [농민칼럼] 농민 안전의 사회적 보장,자료실 게시물,,,2022-01-05,https://farmer.rda.go.kr/portal/menu1/board_viw.do?menuId=PS03449&m_id=3_19&m_mod=418&bbsId=6&nttSn=197&num=0&pageIndex=42,,6:197,https://farmer.rda.go.kr/portal/menu6/board_lst1.do?m_id=3_19&m_mod=0&menuId=PS03449&pageIndex=42,html/147_PS03449_p42.html,농촌진흥청 농업인안전365,N,N
5636a9f7ac553126,홍보,전문지·기고,농작업 안전보건 표지(농축산기계신문_채혜선),자료실 게시물,,,2021-12-27,https://farmer.rda.go.kr/portal/menu1/board_viw.do?menuId=PS03449&m_id=3_19&m_mod=419&bbsId=6&nttSn=362&num=0&pageIndex=42,,6:362,https://farmer.rda.go.kr/portal/menu6/board_lst1.do?m_id=3_19&m_mod=0&menuId=PS03449&pageIndex=42,html/147_PS03449_p42.html,농촌진흥청 농업인안전365,N,N
192c2ecfa296a739,홍보,전문지·기고,농작업 안전보건 관리의 유형과 원칙(농업기술 2021년 12월호 김효철),자료실 게시물,,,2021-12-21,https://farmer.rda.go.kr/portal/menu1/board_viw.do?menuId=PS03449&m_id=3_19&m_mod=420&bbsId=6&nttSn=363&num=0&pageIndex=42,,6:363,https://farmer.rda.go.kr/portal/menu6/board_lst1.do?m_id=3_19&m_mod=0&menuId=PS03449&pageIndex=42,html/147_PS03449_p42.html,농촌진흥청 농업인안전365,N,N
db56aaf557c9df66,홍보,뉴스모음집,(NEWS1) 종합병원 가려면 차로 30분 달려야…농어촌 마을 10곳 중 7곳,자료실 게시물,,,2021-12-15,https://farmer.rda.go.kr/portal/menu1/board_viw.do?menuId=PS03449&m_id=3_19&m_mod=421&bbsId=6&nttSn=198&num=0&pageIndex=43,,6:198,https://farmer.rda.go.kr/portal/menu6/board_lst1.do?m_id=3_19&m_mod=0&menuId=PS03449&pageIndex=43,html/148_PS03449_p43.html,농촌진흥청 농업인안전365,N,N
7b48f4598835b615,홍보,활동소식,(데일리안)[新농사직썰⑲] 농업 효율성 ‘치트키’…편이장비의 끝없는 진화,자료실 게시물,,,2021-12-09,https://farmer.rda.go.kr/portal/menu1/board_viw.do?menuId=PS03449&m_id=3_19&m_mod=422&bbsId=6&nttSn=520&num=0&pageIndex=43,,6:520,https://farmer.rda.go.kr/portal/menu6/board_lst1.do?m_id=3_19&m_mod=0&menuId=PS03449&pageIndex=43,html/148_PS03449_p43.html,농촌진흥청 농업인안전365,N,N
c704b61ae211957a,홍보,전문지·기고,안전한 농업활동 위한 농작업화 착용(농축산기계신문_채혜선),자료실 게시물,,,2021-12-06,https://farmer.rda.go.kr/portal/menu1/board_viw.do?menuId=PS03449&m_id=3_19&m_mod=423&bbsId=6&nttSn=364&num=0&pageIndex=43,,6:364,https://farmer.rda.go.kr/portal/menu6/board_lst1.do?m_id=3_19&m_mod=0&menuId=PS03449&pageIndex=43,html/148_PS03449_p43.html,농촌진흥청 농업인안전365,N,N
6dbc5f7ffba556da,홍보,활동소식,KBS 6시 내고향 '안농하세요. 겨울철! 농업 안전사고 예방법' 출연,자료실 게시물,,,2021-12-03,https://farmer.rda.go.kr/portal/menu1/board_viw.do?menuId=PS03449&m_id=3_19&m_mod=424&bbsId=6&nttSn=521&num=0&pageIndex=43,,6:521,https://farmer.rda.go.kr/portal/menu6/board_lst1.do?m_id=3_19&m_mod=0&menuId=PS03449&pageIndex=43,html/148_PS03449_p43.html,농촌진흥청 농업인안전365,N,N
becead64377f2d10,홍보,뉴스모음집,"(동아일보) 농어업인안전보험금, 연금으로도 받는다",자료실 게시물,,,2021-12-01,https://farmer.rda.go.kr/portal/menu1/board_viw.do?menuId=PS03449&m_id=3_19&m_mod=425&bbsId=6&nttSn=199&num=0&pageIndex=43,,6:199,https://farmer.rda.go.kr/portal/menu6/board_lst1.do?m_id=3_19&m_mod=0&menuId=PS03449&pageIndex=43,html/148_PS03449_p43.html,농촌진흥청 농업인안전365,N,N
7b36b94f37844b56,홍보,응급대응,NBS 한국농업방송 '농작업 안전사고 응급처치 요령' 출연,자료실 게시물,,,2021-11-24,https://farmer.rda.go.kr/portal/menu1/board_viw.do?menuId=PS03449&m_id=3_19&m_mod=426&bbsId=6&nttSn=522&num=0&pageIndex=43,,6:522,https://farmer.rda.go.kr/portal/menu6/board_lst1.do?m_id=3_19&m_mod=0&menuId=PS03449&pageIndex=43,html/148_PS03449_p43.html,농촌진흥청 농업인안전365,N,N
04bf3a0d173ce5d8,홍보,농약·화학물질,(KBS NEWS) 외국인 노동자 “음료인 줄 알고 마셔”…농약병 표기 개선 필요,자료실 게시물,,,2021-11-04,https://farmer.rda.go.kr/portal/menu1/board_viw.do?menuId=PS03449&m_id=3_19&m_mod=427&bbsId=6&nttSn=200&num=0&pageIndex=43,,6:200,https://farmer.rda.go.kr/portal/menu6/board_lst1.do?m_id=3_19&m_mod=0&menuId=PS03449&pageIndex=43,html/148_PS03449_p43.html,농촌진흥청 농업인안전365,N,N
30bf085556adae82,홍보,농약·화학물질,시설하우스 농약 살포시 노출 저감방안(농업기술 2021년 11월호 김효철),자료실 게시물,,,2021-11-04,https://farmer.rda.go.kr/portal/menu1/board_viw.do?menuId=PS03449&m_id=3_19&m_mod=428&bbsId=6&nttSn=365&num=0&pageIndex=43,,6:365,https://farmer.rda.go.kr/portal/menu6/board_lst1.do?m_id=3_19&m_mod=0&menuId=PS03449&pageIndex=43,html/148_PS03449_p43.html,농촌진흥청 농업인안전365,N,N
2e6fdca088a4a039,홍보,전문지·기고,주요 농작업 사고 사례 및 예방 방안 (농업기술 2021년 10월호 김경수),자료실 게시물,,,2021-11-04,https://farmer.rda.go.kr/portal/menu1/board_viw.do?menuId=PS03449&m_id=3_19&m_mod=429&bbsId=6&nttSn=366&num=0&pageIndex=43,,6:366,https://farmer.rda.go.kr/portal/menu6/board_lst1.do?m_id=3_19&m_mod=0&menuId=PS03449&pageIndex=43,html/148_PS03449_p43.html,농촌진흥청 농업인안전365,N,N
9dbbd850aa6feaaa,홍보,전문지·기고,농업인의 업무상 질병 현황 및 예방방안 (농업기술 2021년 9월호 이민지),자료실 게시물,,,2021-11-04,https://farmer.rda.go.kr/portal/menu1/board_viw.do?menuId=PS03449&m_id=3_19&m_mod=430&bbsId=6&nttSn=367&num=0&pageIndex=43,,6:367,https://farmer.rda.go.kr/portal/menu6/board_lst1.do?m_id=3_19&m_mod=0&menuId=PS03449&pageIndex=43,html/148_PS03449_p43.html,농촌진흥청 농업인안전365,N,N
111067a6f36a5c12,홍보,온열·한랭,폭염 대비 농업인 건강 안전 행동 요령 (농업기술 2021년 8월호 채혜선),자료실 게시물,,,2021-11-04,https://farmer.rda.go.kr/portal/menu1/board_viw.do?menuId=PS03449&m_id=3_19&m_mod=431&bbsId=6&nttSn=368&num=0&pageIndex=44,,6:368,https://farmer.rda.go.kr/portal/menu6/board_lst1.do?m_id=3_19&m_mod=0&menuId=PS03449&pageIndex=44,html/149_PS03449_p44.html,농촌진흥청 농업인안전365,N,N
937bc98d5db646f5,홍보,농약·화학물질,농업인의 농약중독 현황 및 예방 (농업기술 2021년 7월호 최동필),자료실 게시물,,,2021-11-04,https://farmer.rda.go.kr/portal/menu1/board_viw.do?menuId=PS03449&m_id=3_19&m_mod=432&bbsId=6&nttSn=369&num=0&pageIndex=44,,6:369,https://farmer.rda.go.kr/portal/menu6/board_lst1.do?m_id=3_19&m_mod=0&menuId=PS03449&pageIndex=44,html/149_PS03449_p44.html,농촌진흥청 농업인안전365,N,N
ea2514faece3edb8,홍보,전문지·기고,복숭아 선별작업 시 미세먼지 노출 및 경감 방안 (농업기술 2021년 6월호 김효철),자료실 게시물,,,2021-11-03,https://farmer.rda.go.kr/portal/menu1/board_viw.do?menuId=PS03449&m_id=3_19&m_mod=433&bbsId=6&nttSn=370&num=0&pageIndex=44,,6:370,https://farmer.rda.go.kr/portal/menu6/board_lst1.do?m_id=3_19&m_mod=0&menuId=PS03449&pageIndex=44,html/149_PS03449_p44.html,농촌진흥청 농업인안전365,N,N
f5fda6dbe6c4a59b,홍보,전문지·기고,농업인의 업무상 손상 현황 및 예방방안 (농업기술 2021년 5월호 이민지),자료실 게시물,,,2021-11-03,https://farmer.rda.go.kr/portal/menu1/board_viw.do?menuId=PS03449&m_id=3_19&m_mod=434&bbsId=6&nttSn=371&num=0&pageIndex=44,,6:371,https://farmer.rda.go.kr/portal/menu6/board_lst1.do?m_id=3_19&m_mod=0&menuId=PS03449&pageIndex=44,html/149_PS03449_p44.html,농촌진흥청 농업인안전365,N,N
45440a8e330b86f0,홍보,농기계,안전하고 건강한 농작업 농기계 안전사고 현황 및 예방 (농업기술 2021년 4월호 김경수),자료실 게시물,,,2021-11-03,https://farmer.rda.go.kr/portal/menu1/board_viw.do?menuId=PS03449&m_id=3_19&m_mod=435&bbsId=6&nttSn=372&num=0&pageIndex=44,,6:372,https://farmer.rda.go.kr/portal/menu6/board_lst1.do?m_id=3_19&m_mod=0&menuId=PS03449&pageIndex=44,html/149_PS03449_p44.html,농촌진흥청 농업인안전365,N,N
e4180b7b3f1e48b5,홍보,전문지·기고,정기적인 유지보수로 안전한 장비 사용을...(농촌여성신문_안전하고 건강한 영농가이드29),자료실 게시물,,,2021-11-02,https://farmer.rda.go.kr/portal/menu1/board_viw.do?menuId=PS03449&m_id=3_19&m_mod=436&bbsId=6&nttSn=373&num=0&pageIndex=44,,6:373,https://farmer.rda.go.kr/portal/menu6/board_lst1.do?m_id=3_19&m_mod=0&menuId=PS03449&pageIndex=44,html/149_PS03449_p44.html,농촌진흥청 농업인안전365,N,N
b5035c9c8d3f5c5f,홍보,추락·넘어짐,높은 곳 작업은 휴대용 사다리로 안전하게...(농촌여성신문_안전하고 강한 영농가이드28),자료실 게시물,,,2021-11-02,https://farmer.rda.go.kr/portal/menu1/board_viw.do?menuId=PS03449&m_id=3_19&m_mod=437&bbsId=6&nttSn=374&num=0&pageIndex=44,,6:374,https://farmer.rda.go.kr/portal/menu6/board_lst1.do?m_id=3_19&m_mod=0&menuId=PS03449&pageIndex=44,html/149_PS03449_p44.html,농촌진흥청 농업인안전365,N,N
aa1559a2832f291e,홍보,전문지·기고,조절가능한 작업대로 작업자 건강 유지하라(농촌여성신문_안전하고 건강한 영농가이드27),자료실 게시물,,,2021-11-02,https://farmer.rda.go.kr/portal/menu1/board_viw.do?menuId=PS03449&m_id=3_19&m_mod=438&bbsId=6&nttSn=375&num=0&pageIndex=44,,6:375,https://farmer.rda.go.kr/portal/menu6/board_lst1.do?m_id=3_19&m_mod=0&menuId=PS03449&pageIndex=44,html/149_PS03449_p44.html,농촌진흥청 농업인안전365,N,N
493c06693a07798a,홍보,전문지·기고,이해 쉬운 라벨․표식․기호로 실수 줄여라(농촌여성신문_안전하고 건강한 영농가이드26),자료실 게시물,,,2021-11-02,https://farmer.rda.go.kr/portal/menu1/board_viw.do?menuId=PS03449&m_id=3_19&m_mod=439&bbsId=6&nttSn=376&num=0&pageIndex=44,,6:376,https://farmer.rda.go.kr/portal/menu6/board_lst1.do?m_id=3_19&m_mod=0&menuId=PS03449&pageIndex=44,html/149_PS03449_p44.html,농촌진흥청 농업인안전365,N,N
b2c3c11105fac44e,홍보,농기계,KBS 6시 내고향 '안농하세요. 수확 철! 농기계 안전사용법' 출연,자료실 게시물,,,2021-10-29,https://farmer.rda.go.kr/portal/menu1/board_viw.do?menuId=PS03449&m_id=3_19&m_mod=440&bbsId=6&nttSn=523&num=0&pageIndex=44,,6:523,https://farmer.rda.go.kr/portal/menu6/board_lst1.do?m_id=3_19&m_mod=0&menuId=PS03449&pageIndex=44,html/149_PS03449_p44.html,농촌진흥청 농업인안전365,N,N
dad983baf83e510a,홍보,뉴스모음집,(아시아투데이) 질병·상해 걱정 뚝!…농업인안전보험 ‘든든하네’,자료실 게시물,,,2021-10-29,https://farmer.rda.go.kr/portal/menu1/board_viw.do?menuId=PS03449&m_id=3_19&m_mod=441&bbsId=6&nttSn=201&num=0&pageIndex=45,,6:201,https://farmer.rda.go.kr/portal/menu6/board_lst1.do?m_id=3_19&m_mod=0&menuId=PS03449&pageIndex=45,html/150_PS03449_p45.html,농촌진흥청 농업인안전365,N,N
9fac9ecc82cdc5fb,홍보,감염·생물학적 위험,NBS 한국농업방송 '농업인 감염성 질환을 막는 방법' 출연,자료실 게시물,,,2021-10-26,https://farmer.rda.go.kr/portal/menu1/board_viw.do?menuId=PS03449&m_id=3_19&m_mod=442&bbsId=6&nttSn=524&num=0&pageIndex=45,,6:524,https://farmer.rda.go.kr/portal/menu6/board_lst1.do?m_id=3_19&m_mod=0&menuId=PS03449&pageIndex=45,html/150_PS03449_p45.html,농촌진흥청 농업인안전365,N,N
98bbae5e3fb95d54,홍보,뉴스모음집,(농민신문) ‘보이지 않는 위협’ 농부증…사전예방·조기진단 필수,자료실 게시물,,,2021-10-18,https://farmer.rda.go.kr/portal/menu1/board_viw.do?menuId=PS03449&m_id=3_19&m_mod=443&bbsId=6&nttSn=202&num=0&pageIndex=45,,6:202,https://farmer.rda.go.kr/portal/menu6/board_lst1.do?m_id=3_19&m_mod=0&menuId=PS03449&pageIndex=45,html/150_PS03449_p45.html,농촌진흥청 농업인안전365,N,N
b263afbf37d4e15a,홍보,농약·화학물질,"(뉴스1) 농촌진흥청,'클로르피리포스' 농약 등록 취소",자료실 게시물,,,2021-10-15,https://farmer.rda.go.kr/portal/menu1/board_viw.do?menuId=PS03449&m_id=3_19&m_mod=444&bbsId=6&nttSn=203&num=0&pageIndex=45,,6:203,https://farmer.rda.go.kr/portal/menu6/board_lst1.do?m_id=3_19&m_mod=0&menuId=PS03449&pageIndex=45,html/150_PS03449_p45.html,농촌진흥청 농업인안전365,N,N
c9ef0a1c8649b624,홍보,활동소식,농업인안전보건팀 뉴스레터 2021년 3호,자료실 게시물,,,2021-10-08,https://farmer.rda.go.kr/portal/menu1/board_viw.do?menuId=PS03449&m_id=3_19&m_mod=445&bbsId=6&nttSn=525&num=0&pageIndex=45,,6:525,https://farmer.rda.go.kr/portal/menu6/board_lst1.do?m_id=3_19&m_mod=0&menuId=PS03449&pageIndex=45,html/150_PS03449_p45.html,농촌진흥청 농업인안전365,N,N
947075907f4e417d,홍보,전문지·기고,자외선으로부터 피부와 눈보호(농축산기계신문_박수인),자료실 게시물,,,2021-10-07,https://farmer.rda.go.kr/portal/menu1/board_viw.do?menuId=PS03449&m_id=3_19&m_mod=446&bbsId=6&nttSn=377&num=0&pageIndex=45,,6:377,https://farmer.rda.go.kr/portal/menu6/board_lst1.do?m_id=3_19&m_mod=0&menuId=PS03449&pageIndex=45,html/150_PS03449_p45.html,농촌진흥청 농업인안전365,N,N
d5cc6139fabd2a5c,홍보,전문지·기고,파지력 좋은 도구가 피로와 사고 줄인다(농촌여성신문_안전하고 건강한 영농가이드25),자료실 게시물,,,2021-10-07,https://farmer.rda.go.kr/portal/menu1/board_viw.do?menuId=PS03449&m_id=3_19&m_mod=447&bbsId=6&nttSn=378&num=0&pageIndex=45,,6:378,https://farmer.rda.go.kr/portal/menu6/board_lst1.do?m_id=3_19&m_mod=0&menuId=PS03449&pageIndex=45,html/150_PS03449_p45.html,농촌진흥청 농업인안전365,N,N
7633c2d4941d2da7,홍보,전문지·기고,최소한의 힘으로 조작 가능한 도구 선택(농촌여성신문_안전하고 건강한 영농가이드24),자료실 게시물,,,2021-10-07,https://farmer.rda.go.kr/portal/menu1/board_viw.do?menuId=PS03449&m_id=3_19&m_mod=448&bbsId=6&nttSn=379&num=0&pageIndex=45,,6:379,https://farmer.rda.go.kr/portal/menu6/board_lst1.do?m_id=3_19&m_mod=0&menuId=PS03449&pageIndex=45,html/150_PS03449_p45.html,농촌진흥청 농업인안전365,N,N
0108f401d1fee61d,홍보,근골격계,구부리거나 쪼그리는 힘든 자세 피하라(농촌여성신문_안전하고 건강한 영농가이드23),자료실 게시물,,,2021-10-07,https://farmer.rda.go.kr/portal/menu1/board_viw.do?menuId=PS03449&m_id=3_19&m_mod=449&bbsId=6&nttSn=380&num=0&pageIndex=45,,6:380,https://farmer.rda.go.kr/portal/menu6/board_lst1.do?m_id=3_19&m_mod=0&menuId=PS03449&pageIndex=45,html/150_PS03449_p45.html,농촌진흥청 농업인안전365,N,N
361f65b890c89589,홍보,근골격계,구부리거나 쪼그리는 힘든 자세 피하라(농촌여성신문_안전하고 건강한 영농가이드22),자료실 게시물,,,2021-10-07,https://farmer.rda.go.kr/portal/menu1/board_viw.do?menuId=PS03449&m_id=3_19&m_mod=450&bbsId=6&nttSn=381&num=0&pageIndex=45,,6:381,https://farmer.rda.go.kr/portal/menu6/board_lst1.do?m_id=3_19&m_mod=0&menuId=PS03449&pageIndex=45,html/150_PS03449_p45.html,농촌진흥청 농업인안전365,N,N
dd630f9b485551ff,홍보,농기계,(KBS NEWS) 농촌진흥청 ‘농기계 안전 시스템’ 제천 등 5곳 보급,자료실 게시물,,,2021-10-07,https://farmer.rda.go.kr/portal/menu1/board_viw.do?menuId=PS03449&m_id=3_19&m_mod=451&bbsId=6&nttSn=204&num=0&pageIndex=46,,6:204,https://farmer.rda.go.kr/portal/menu6/board_lst1.do?m_id=3_19&m_mod=0&menuId=PS03449&pageIndex=46,html/151_PS03449_p46.html,농촌진흥청 농업인안전365,N,N
8e3c4f07b3805286,홍보,농기계,(한국농어민신문) 농기계 교통사고 바로 알려준다...ICT 활용 알람시스템 보급,자료실 게시물,,,2021-10-07,https://farmer.rda.go.kr/portal/menu1/board_viw.do?menuId=PS03449&m_id=3_19&m_mod=452&bbsId=6&nttSn=205&num=0&pageIndex=46,,6:205,https://farmer.rda.go.kr/portal/menu6/board_lst1.do?m_id=3_19&m_mod=0&menuId=PS03449&pageIndex=46,html/151_PS03449_p46.html,농촌진흥청 농업인안전365,N,N
8459c94b4b6e19d6,홍보,농기계,(전북중앙) 농기계 교통안전사고 IoT 기술로 막는다,자료실 게시물,,,2021-10-07,https://farmer.rda.go.kr/portal/menu1/board_viw.do?menuId=PS03449&m_id=3_19&m_mod=453&bbsId=6&nttSn=206&num=0&pageIndex=46,,6:206,https://farmer.rda.go.kr/portal/menu6/board_lst1.do?m_id=3_19&m_mod=0&menuId=PS03449&pageIndex=46,html/151_PS03449_p46.html,농촌진흥청 농업인안전365,N,N
77e1f0db2e04da8f,홍보,농기계,(YTN) 농기계에도 스마트 기술 접목...교통사고 줄인다.,자료실 게시물,,,2021-10-07,https://farmer.rda.go.kr/portal/menu1/board_viw.do?menuId=PS03449&m_id=3_19&m_mod=454&bbsId=6&nttSn=207&num=0&pageIndex=46,,6:207,https://farmer.rda.go.kr/portal/menu6/board_lst1.do?m_id=3_19&m_mod=0&menuId=PS03449&pageIndex=46,html/151_PS03449_p46.html,농촌진흥청 농업인안전365,N,N
eaf391e33c340f2e,홍보,활동소식,KBS 6시 내고향 '안농하세요. 수확 철! 농업인 관절 건강 관리법' 출연,자료실 게시물,,,2021-10-05,https://farmer.rda.go.kr/portal/menu1/board_viw.do?menuId=PS03449&m_id=3_19&m_mod=455&bbsId=6&nttSn=526&num=0&pageIndex=46,,6:526,https://farmer.rda.go.kr/portal/menu6/board_lst1.do?m_id=3_19&m_mod=0&menuId=PS03449&pageIndex=46,html/151_PS03449_p46.html,농촌진흥청 농업인안전365,N,N
052d058595016dd6,홍보,농기계,(목포 MBC) 농기계에도 스마트 기술 접목..사고 줄인다(R),자료실 게시물,,,2021-09-30,https://farmer.rda.go.kr/portal/menu1/board_viw.do?menuId=PS03449&m_id=3_19&m_mod=456&bbsId=6&nttSn=64&num=0&pageIndex=46,,6:64,https://farmer.rda.go.kr/portal/menu6/board_lst1.do?m_id=3_19&m_mod=0&menuId=PS03449&pageIndex=46,html/151_PS03449_p46.html,농촌진흥청 농업인안전365,N,N
ab66cb62af5891b4,홍보,농기계,(MBC뉴스) 무선 스마트 기술로..트랙터·경운기 사고 줄인다.,자료실 게시물,,,2021-09-30,https://farmer.rda.go.kr/portal/menu1/board_viw.do?menuId=PS03449&m_id=3_19&m_mod=457&bbsId=6&nttSn=208&num=0&pageIndex=46,,6:208,https://farmer.rda.go.kr/portal/menu6/board_lst1.do?m_id=3_19&m_mod=0&menuId=PS03449&pageIndex=46,html/151_PS03449_p46.html,농촌진흥청 농업인안전365,N,N
fd1b285c21c1c868,홍보,농기계,"(시사매거진) 농진청, 사물인터넷 기반 농기계 교통안전‧사고감지 알람 시스템 개발",자료실 게시물,,,2021-09-30,https://farmer.rda.go.kr/portal/menu1/board_viw.do?menuId=PS03449&m_id=3_19&m_mod=458&bbsId=6&nttSn=209&num=0&pageIndex=46,,6:209,https://farmer.rda.go.kr/portal/menu6/board_lst1.do?m_id=3_19&m_mod=0&menuId=PS03449&pageIndex=46,html/151_PS03449_p46.html,농촌진흥청 농업인안전365,N,N
55761ed6fe9f4c65,홍보,뉴스모음집,(연합뉴스) 농림어가 인구 5년새 9.3% 감소…'도시농부'는 늘어,자료실 게시물,,,2021-09-30,https://farmer.rda.go.kr/portal/menu1/board_viw.do?menuId=PS03449&m_id=3_19&m_mod=459&bbsId=6&nttSn=210&num=0&pageIndex=46,,6:210,https://farmer.rda.go.kr/portal/menu6/board_lst1.do?m_id=3_19&m_mod=0&menuId=PS03449&pageIndex=46,html/151_PS03449_p46.html,농촌진흥청 농업인안전365,N,N
b11be030f756ddcf,홍보,뉴스모음집,(뉴스티앤티) 최근 5년 농업인 안전사고 52% 증가,자료실 게시물,,,2021-09-30,https://farmer.rda.go.kr/portal/menu1/board_viw.do?menuId=PS03449&m_id=3_19&m_mod=460&bbsId=6&nttSn=211&num=0&pageIndex=46,,6:211,https://farmer.rda.go.kr/portal/menu6/board_lst1.do?m_id=3_19&m_mod=0&menuId=PS03449&pageIndex=46,html/151_PS03449_p46.html,농촌진흥청 농업인안전365,N,N
b3af8b374054870b,홍보,근골격계,"NBS 한국농업방송 '농업인들의 고질병, 허리 질환' 출연",자료실 게시물,,,2021-09-24,https://farmer.rda.go.kr/portal/menu1/board_viw.do?menuId=PS03449&m_id=3_19&m_mod=461&bbsId=6&nttSn=527&num=0&pageIndex=47,,6:527,https://farmer.rda.go.kr/portal/menu6/board_lst1.do?m_id=3_19&m_mod=0&menuId=PS03449&pageIndex=47,html/152_PS03449_p47.html,농촌진흥청 농업인안전365,N,N
5de2e8cefc7f5e6b,홍보,뉴스모음집,"(농민신문) ""별일 있겠어"" 방심 금물…'사고 나기 전' 예방 최선",자료실 게시물,,,2021-09-24,https://farmer.rda.go.kr/portal/menu1/board_viw.do?menuId=PS03449&m_id=3_19&m_mod=462&bbsId=6&nttSn=212&num=0&pageIndex=47,,6:212,https://farmer.rda.go.kr/portal/menu6/board_lst1.do?m_id=3_19&m_mod=0&menuId=PS03449&pageIndex=47,html/152_PS03449_p47.html,농촌진흥청 농업인안전365,N,N
a187e8e9e0b13d0a,홍보,홍보성과,"농촌진흥청, 이달의 신간 [농작업 안전보건관리(개정판)]",자료실 게시물,,,2021-09-23,https://farmer.rda.go.kr/portal/menu1/board_viw.do?menuId=PS03449&m_id=3_19&m_mod=463&bbsId=6&nttSn=65&num=0&pageIndex=47,,6:65,https://farmer.rda.go.kr/portal/menu6/board_lst1.do?m_id=3_19&m_mod=0&menuId=PS03449&pageIndex=47,html/152_PS03449_p47.html,농촌진흥청 농업인안전365,N,N
11a37f86a0c317d7,홍보,홍보성과,"농촌진흥청, 농작업용 에어냉각조끼 개발… 의복 내 온도 최대 6℃ 낮아져",자료실 게시물,,,2021-09-23,https://farmer.rda.go.kr/portal/menu1/board_viw.do?menuId=PS03449&m_id=3_19&m_mod=464&bbsId=6&nttSn=66&num=0&pageIndex=47,,6:66,https://farmer.rda.go.kr/portal/menu6/board_lst1.do?m_id=3_19&m_mod=0&menuId=PS03449&pageIndex=47,html/152_PS03449_p47.html,농촌진흥청 농업인안전365,N,N
1386a63043fe78b5,홍보,농기계,농기계 교통사고 현황과 예방방안(농축산기계신문_김경수),자료실 게시물,,,2021-09-23,https://farmer.rda.go.kr/portal/menu1/board_viw.do?menuId=PS03449&m_id=3_19&m_mod=465&bbsId=6&nttSn=382&num=0&pageIndex=47,,6:382,https://farmer.rda.go.kr/portal/menu6/board_lst1.do?m_id=3_19&m_mod=0&menuId=PS03449&pageIndex=47,html/152_PS03449_p47.html,농촌진흥청 농업인안전365,N,N
6c7b70907f9eb68b,홍보,농기계,농기계 안전사고 사례와 예방방안(농축산기계신문_김경수),자료실 게시물,,,2021-09-23,https://farmer.rda.go.kr/portal/menu1/board_viw.do?menuId=PS03449&m_id=3_19&m_mod=466&bbsId=6&nttSn=383&num=0&pageIndex=47,,6:383,https://farmer.rda.go.kr/portal/menu6/board_lst1.do?m_id=3_19&m_mod=0&menuId=PS03449&pageIndex=47,html/152_PS03449_p47.html,농촌진흥청 농업인안전365,N,N
609bf5fb016a07c9,홍보,온열·한랭,폭염과 온열질환 안전관리(농축산기계신문_김인수),자료실 게시물,,,2021-09-23,https://farmer.rda.go.kr/portal/menu1/board_viw.do?menuId=PS03449&m_id=3_19&m_mod=467&bbsId=6&nttSn=384&num=0&pageIndex=47,,6:384,https://farmer.rda.go.kr/portal/menu6/board_lst1.do?m_id=3_19&m_mod=0&menuId=PS03449&pageIndex=47,html/152_PS03449_p47.html,농촌진흥청 농업인안전365,N,N
7f71c224cce7f902,홍보,뉴스모음집,(경기신문) 가평군 농업인대상 농작업 안전화 1500켤레 보급,자료실 게시물,,,2021-09-17,https://farmer.rda.go.kr/portal/menu1/board_viw.do?menuId=PS03449&m_id=3_19&m_mod=468&bbsId=6&nttSn=213&num=0&pageIndex=47,,6:213,https://farmer.rda.go.kr/portal/menu6/board_lst1.do?m_id=3_19&m_mod=0&menuId=PS03449&pageIndex=47,html/152_PS03449_p47.html,농촌진흥청 농업인안전365,N,N
d3f9f35a410fee9c,홍보,뉴스모음집,"(세이프티퍼스트닷뉴스) 인간공학과 4차산업혁명기술, 농업분야 웨어러블 슈트도입에 대한 평가 분석과 과제",자료실 게시물,,,2021-09-13,https://farmer.rda.go.kr/portal/menu1/board_viw.do?menuId=PS03449&m_id=3_19&m_mod=469&bbsId=6&nttSn=214&num=0&pageIndex=47,,6:214,https://farmer.rda.go.kr/portal/menu6/board_lst1.do?m_id=3_19&m_mod=0&menuId=PS03449&pageIndex=47,html/152_PS03449_p47.html,농촌진흥청 농업인안전365,N,N
c9b0993906578762,홍보,활동소식,2021 농업기술박람회 (현장맞춤기술 가상전시관 전시),자료실 게시물,,,2021-09-10,https://farmer.rda.go.kr/portal/menu1/board_viw.do?menuId=PS03449&m_id=3_19&m_mod=470&bbsId=6&nttSn=528&num=0&pageIndex=47,,6:528,https://farmer.rda.go.kr/portal/menu6/board_lst1.do?m_id=3_19&m_mod=0&menuId=PS03449&pageIndex=47,html/152_PS03449_p47.html,농촌진흥청 농업인안전365,N,N
c5fe3b9e26d22337,홍보,뉴스모음집,(농촌여성신문) 농업안전재해 예방 법. 제도 보완 시급,자료실 게시물,,,2021-09-01,https://farmer.rda.go.kr/portal/menu1/board_viw.do?menuId=PS03449&m_id=3_19&m_mod=471&bbsId=6&nttSn=215&num=0&pageIndex=48,,6:215,https://farmer.rda.go.kr/portal/menu6/board_lst1.do?m_id=3_19&m_mod=0&menuId=PS03449&pageIndex=48,html/153_PS03449_p48.html,농촌진흥청 농업인안전365,N,N
1f5bcda3f96acf26,홍보,농약·화학물질,KBS 6시 내고향 '안농하세요. 농약 안전사고 예방법' 출연,자료실 게시물,,,2021-08-27,https://farmer.rda.go.kr/portal/menu1/board_viw.do?menuId=PS03449&m_id=3_19&m_mod=472&bbsId=6&nttSn=529&num=0&pageIndex=48,,6:529,https://farmer.rda.go.kr/portal/menu6/board_lst1.do?m_id=3_19&m_mod=0&menuId=PS03449&pageIndex=48,html/153_PS03449_p48.html,농촌진흥청 농업인안전365,N,N
916cc937d26ba443,홍보,뉴스모음집,(농민신문) 골병 앓는 여성농민 수두룩… ‘특수건강검진’ 절실,자료실 게시물,,,2021-08-25,https://farmer.rda.go.kr/portal/menu1/board_viw.do?menuId=PS03449&m_id=3_19&m_mod=473&bbsId=6&nttSn=216&num=0&pageIndex=48,,6:216,https://farmer.rda.go.kr/portal/menu6/board_lst1.do?m_id=3_19&m_mod=0&menuId=PS03449&pageIndex=48,html/153_PS03449_p48.html,농촌진흥청 농업인안전365,N,N
fce65bc75cc68884,홍보,농약·화학물질,NBS 한국농업방송 '안전한 농약 사용의 모든 것' 출연,자료실 게시물,,,2021-08-24,https://farmer.rda.go.kr/portal/menu1/board_viw.do?menuId=PS03449&m_id=3_19&m_mod=474&bbsId=6&nttSn=530&num=0&pageIndex=48,,6:530,https://farmer.rda.go.kr/portal/menu6/board_lst1.do?m_id=3_19&m_mod=0&menuId=PS03449&pageIndex=48,html/153_PS03449_p48.html,농촌진흥청 농업인안전365,N,N
487947aaaa24953d,홍보,전문지·기고,스위치. 디스플레이는 색상. 라벨로 구분을...(농촌여성신문_안전하고 건강한 영농가이드21),자료실 게시물,,,2021-08-24,https://farmer.rda.go.kr/portal/menu1/board_viw.do?menuId=PS03449&m_id=3_19&m_mod=475&bbsId=6&nttSn=385&num=0&pageIndex=48,,6:385,https://farmer.rda.go.kr/portal/menu6/board_lst1.do?m_id=3_19&m_mod=0&menuId=PS03449&pageIndex=48,html/153_PS03449_p48.html,농촌진흥청 농업인안전365,N,N
42633330cbd50be5,홍보,전문지·기고,높은데서 작업할 땐 안전한 발판 이용을...(농촌여성신문_안전하고 건강한 영농가이드20),자료실 게시물,,,2021-08-24,https://farmer.rda.go.kr/portal/menu1/board_viw.do?menuId=PS03449&m_id=3_19&m_mod=476&bbsId=6&nttSn=386&num=0&pageIndex=48,,6:386,https://farmer.rda.go.kr/portal/menu6/board_lst1.do?m_id=3_19&m_mod=0&menuId=PS03449&pageIndex=48,html/153_PS03449_p48.html,농촌진흥청 농업인안전365,N,N
c435e9546f179382,홍보,전문지·기고,고정구로 물건을 고정시키고 안전하게 작업하라(농촌여성신문_안전하고 건강한 영농가이드19),자료실 게시물,,,2021-08-24,https://farmer.rda.go.kr/portal/menu1/board_viw.do?menuId=PS03449&m_id=3_19&m_mod=477&bbsId=6&nttSn=387&num=0&pageIndex=48,,6:387,https://farmer.rda.go.kr/portal/menu6/board_lst1.do?m_id=3_19&m_mod=0&menuId=PS03449&pageIndex=48,html/153_PS03449_p48.html,농촌진흥청 농업인안전365,N,N
6732801cd486b70a,홍보,뉴스모음집,(농촌여성신문) 농업인 건강관리는 예산삭감 대상될 수 없다.,자료실 게시물,,,2021-08-18,https://farmer.rda.go.kr/portal/menu1/board_viw.do?menuId=PS03449&m_id=3_19&m_mod=478&bbsId=6&nttSn=217&num=0&pageIndex=48,,6:217,https://farmer.rda.go.kr/portal/menu6/board_lst1.do?m_id=3_19&m_mod=0&menuId=PS03449&pageIndex=48,html/153_PS03449_p48.html,농촌진흥청 농업인안전365,N,N
f796bbb0fadb72d7,홍보,뉴스모음집,(농촌여성신문) 농어업 재해예방 활동 따라 보험료 할인혜택 적용,자료실 게시물,,,2021-08-18,https://farmer.rda.go.kr/portal/menu1/board_viw.do?menuId=PS03449&m_id=3_19&m_mod=479&bbsId=6&nttSn=218&num=0&pageIndex=48,,6:218,https://farmer.rda.go.kr/portal/menu6/board_lst1.do?m_id=3_19&m_mod=0&menuId=PS03449&pageIndex=48,html/153_PS03449_p48.html,농촌진흥청 농업인안전365,N,N
944b5a85189b229b,홍보,뉴스모음집,(농민신문) '농업판 네이버' 온다…과학영농 이끄는 다재다능 도우미,자료실 게시물,,,2021-08-18,https://farmer.rda.go.kr/portal/menu1/board_viw.do?menuId=PS03449&m_id=3_19&m_mod=480&bbsId=6&nttSn=219&num=0&pageIndex=48,,6:219,https://farmer.rda.go.kr/portal/menu6/board_lst1.do?m_id=3_19&m_mod=0&menuId=PS03449&pageIndex=48,html/153_PS03449_p48.html,농촌진흥청 농업인안전365,N,N
7409722b84c598a3,홍보,뉴스모음집,"(농업인신문) ""여성농업인 특수건강검진 예산 편성하라""",자료실 게시물,,,2021-08-18,https://farmer.rda.go.kr/portal/menu1/board_viw.do?menuId=PS03449&m_id=3_19&m_mod=481&bbsId=6&nttSn=220&num=0&pageIndex=49,,6:220,https://farmer.rda.go.kr/portal/menu6/board_lst1.do?m_id=3_19&m_mod=0&menuId=PS03449&pageIndex=49,html/154_PS03449_p49.html,농촌진흥청 농업인안전365,N,N
1784faf1db148bfa,홍보,뉴스모음집,(신아일보) 농작업 사망자 5년간 1365명…농진청 예방 예산은 감소,자료실 게시물,,,2021-08-12,https://farmer.rda.go.kr/portal/menu1/board_viw.do?menuId=PS03449&m_id=3_19&m_mod=482&bbsId=6&nttSn=221&num=0&pageIndex=49,,6:221,https://farmer.rda.go.kr/portal/menu6/board_lst1.do?m_id=3_19&m_mod=0&menuId=PS03449&pageIndex=49,html/154_PS03449_p49.html,농촌진흥청 농업인안전365,N,N
fd289893e5988775,홍보,뉴스모음집,(농민신문) 병원까지 거리 서울 3㎞·경남 32㎞…비수도권 생활 환경 열악,자료실 게시물,,,2021-08-11,https://farmer.rda.go.kr/portal/menu1/board_viw.do?menuId=PS03449&m_id=3_19&m_mod=483&bbsId=6&nttSn=222&num=0&pageIndex=49,,6:222,https://farmer.rda.go.kr/portal/menu6/board_lst1.do?m_id=3_19&m_mod=0&menuId=PS03449&pageIndex=49,html/154_PS03449_p49.html,농촌진흥청 농업인안전365,N,N
05712c1720bcaa5e,홍보,뉴스모음집,(농민신문) 농가 재해보험 의무가입…전문가 현장 찾아 안전관리 살펴,자료실 게시물,,,2021-08-11,https://farmer.rda.go.kr/portal/menu1/board_viw.do?menuId=PS03449&m_id=3_19&m_mod=484&bbsId=6&nttSn=223&num=0&pageIndex=49,,6:223,https://farmer.rda.go.kr/portal/menu6/board_lst1.do?m_id=3_19&m_mod=0&menuId=PS03449&pageIndex=49,html/154_PS03449_p49.html,농촌진흥청 농업인안전365,N,N
9daf0a9baf5b0014,홍보,홍보성과,(YTN-TV) 농작업용 냉각조끼 개발...옷 온도 14%↓ 습도 25%↓,자료실 게시물,,,2021-08-09,https://farmer.rda.go.kr/portal/menu1/board_viw.do?menuId=PS03449&m_id=3_19&m_mod=485&bbsId=6&nttSn=67&num=0&pageIndex=49,,6:67,https://farmer.rda.go.kr/portal/menu6/board_lst1.do?m_id=3_19&m_mod=0&menuId=PS03449&pageIndex=49,html/154_PS03449_p49.html,농촌진흥청 농업인안전365,N,N
3ab2be61b71cf608,홍보,뉴스모음집,(아시아투데이) 사고·질병 농가에 영농도우미 간다...인건비 70% 지원,자료실 게시물,,,2021-08-06,https://farmer.rda.go.kr/portal/menu1/board_viw.do?menuId=PS03449&m_id=3_19&m_mod=486&bbsId=6&nttSn=224&num=0&pageIndex=49,,6:224,https://farmer.rda.go.kr/portal/menu6/board_lst1.do?m_id=3_19&m_mod=0&menuId=PS03449&pageIndex=49,html/154_PS03449_p49.html,농촌진흥청 농업인안전365,N,N
882a29596d82143a,홍보,뉴스모음집,"(농민신문) ""여성농 특수건강검진 예산 편성을 …농업안전보건센터 운영도 확대해야""",자료실 게시물,,,2021-08-06,https://farmer.rda.go.kr/portal/menu1/board_viw.do?menuId=PS03449&m_id=3_19&m_mod=487&bbsId=6&nttSn=225&num=0&pageIndex=49,,6:225,https://farmer.rda.go.kr/portal/menu6/board_lst1.do?m_id=3_19&m_mod=0&menuId=PS03449&pageIndex=49,html/154_PS03449_p49.html,농촌진흥청 농업인안전365,N,N
aa7f76e7515bdfb3,홍보,뉴스모음집,(아시아투데이) 농업인 건강과 안전 위에 미래 농촌 세워지길,자료실 게시물,,,2021-08-05,https://farmer.rda.go.kr/portal/menu1/board_viw.do?menuId=PS03449&m_id=3_19&m_mod=488&bbsId=6&nttSn=226&num=0&pageIndex=49,,6:226,https://farmer.rda.go.kr/portal/menu6/board_lst1.do?m_id=3_19&m_mod=0&menuId=PS03449&pageIndex=49,html/154_PS03449_p49.html,농촌진흥청 농업인안전365,N,N
124f7b35482b20bc,홍보,뉴스모음집,"(한국농어민신문) ""여성농 특수건강검진 예산 편성...농부병 국가가 책임 치료하라""",자료실 게시물,,,2021-08-05,https://farmer.rda.go.kr/portal/menu1/board_viw.do?menuId=PS03449&m_id=3_19&m_mod=489&bbsId=6&nttSn=227&num=0&pageIndex=49,,6:227,https://farmer.rda.go.kr/portal/menu6/board_lst1.do?m_id=3_19&m_mod=0&menuId=PS03449&pageIndex=49,html/154_PS03449_p49.html,농촌진흥청 농업인안전365,N,N
8711c31dcf97efee,홍보,뉴스모음집,"(농촌여성신문) 농진청, 농작업용 '공기냉각조끼' 개발",자료실 게시물,,,2021-07-30,https://farmer.rda.go.kr/portal/menu1/board_viw.do?menuId=PS03449&m_id=3_19&m_mod=490&bbsId=6&nttSn=228&num=0&pageIndex=49,,6:228,https://farmer.rda.go.kr/portal/menu6/board_lst1.do?m_id=3_19&m_mod=0&menuId=PS03449&pageIndex=49,html/154_PS03449_p49.html,농촌진흥청 농업인안전365,N,N
4df97b4ba22ec4d6,발간책자,간행물,외국인 근로자를 위한 산업안전보건 (필리핀어),PDF,,,2026-04-07,https://farmer.rda.go.kr/portal/menu1/contentMain_B.do?m_id=9004_3911&menuId=PS03443&contentsNo=155,https://farmer.rda.go.kr/portal/contentsFileDownload.do?atchFileGroupCd=A0006100&fileSn=1,PS03443:155,https://farmer.rda.go.kr/portal/menu1/contentMain_B.do?m_id=9004_3911&menuId=PS03443,html/ajax_01_PS03443.json,농촌진흥청 농업인안전365,N,N
befd07f79ddc8db1,발간책자,간행물,외국인 근로자를 위한 산업안전보건 (파키스탄어),PDF,,,2026-04-07,https://farmer.rda.go.kr/portal/menu1/contentMain_B.do?m_id=9004_3911&menuId=PS03443&contentsNo=154,https://farmer.rda.go.kr/portal/contentsFileDownload.do?atchFileGroupCd=A0006099&fileSn=1,PS03443:154,https://farmer.rda.go.kr/portal/menu1/contentMain_B.do?m_id=9004_3911&menuId=PS03443,html/ajax_01_PS03443.json,농촌진흥청 농업인안전365,N,N
8950cb8bb1a06959,발간책자,간행물,외국인 근로자를 위한 산업안전보건 (태국어),PDF,,,2026-04-07,https://farmer.rda.go.kr/portal/menu1/contentMain_B.do?m_id=9004_3911&menuId=PS03443&contentsNo=153,https://farmer.rda.go.kr/portal/contentsFileDownload.do?atchFileGroupCd=A0006098&fileSn=1,PS03443:153,https://farmer.rda.go.kr/portal/menu1/contentMain_B.do?m_id=9004_3911&menuId=PS03443,html/ajax_01_PS03443.json,농촌진흥청 농업인안전365,N,N
819d4c03b86da70e,발간책자,간행물,외국인 근로자를 위한 산업안전보건 (타지키스탄어),PDF,,,2026-04-07,https://farmer.rda.go.kr/portal/menu1/contentMain_B.do?m_id=9004_3911&menuId=PS03443&contentsNo=152,https://farmer.rda.go.kr/portal/contentsFileDownload.do?atchFileGroupCd=A0006097&fileSn=1,PS03443:152,https://farmer.rda.go.kr/portal/menu1/contentMain_B.do?m_id=9004_3911&menuId=PS03443,html/ajax_01_PS03443.json,농촌진흥청 농업인안전365,N,N
6ec2c979c0350de8,발간책자,간행물,외국인 근로자를 위한 산업안전보건 (키르키스스탄어),PDF,,,2026-04-07,https://farmer.rda.go.kr/portal/menu1/contentMain_B.do?m_id=9004_3911&menuId=PS03443&contentsNo=151,https://farmer.rda.go.kr/portal/contentsFileDownload.do?atchFileGroupCd=A0006096&fileSn=1,PS03443:151,https://farmer.rda.go.kr/portal/menu1/contentMain_B.do?m_id=9004_3911&menuId=PS03443,html/ajax_01_PS03443.json,농촌진흥청 농업인안전365,N,N
c5ee187f3596b4d7,발간책자,간행물,외국인 근로자를 위한 산업안전보건 (캄보디아어),PDF,,,2026-04-07,https://farmer.rda.go.kr/portal/menu1/contentMain_B.do?m_id=9004_3911&menuId=PS03443&contentsNo=150,https://farmer.rda.go.kr/portal/contentsFileDownload.do?atchFileGroupCd=A0006095&fileSn=1,PS03443:150,https://farmer.rda.go.kr/portal/menu1/contentMain_B.do?m_id=9004_3911&menuId=PS03443,html/ajax_01_PS03443.json,농촌진흥청 농업인안전365,N,N
90c26bc072c1a020,발간책자,간행물,외국인 근로자를 위한 산업안전보건 (중국어),PDF,,,2026-04-07,https://farmer.rda.go.kr/portal/menu1/contentMain_B.do?m_id=9004_3911&menuId=PS03443&contentsNo=149,https://farmer.rda.go.kr/portal/contentsFileDownload.do?atchFileGroupCd=A0006094&fileSn=1,PS03443:149,https://farmer.rda.go.kr/portal/menu1/contentMain_B.do?m_id=9004_3911&menuId=PS03443,html/ajax_01_PS03443.json,농촌진흥청 농업인안전365,N,N
2a50faf8212f1f70,발간책자,간행물,외국인 근로자를 위한 산업안전보건 (인도네시아어),PDF,,,2026-04-07,https://farmer.rda.go.kr/portal/menu1/contentMain_B.do?m_id=9004_3911&menuId=PS03443&contentsNo=148,https://farmer.rda.go.kr/portal/contentsFileDownload.do?atchFileGroupCd=A0006093&fileSn=1,PS03443:148,https://farmer.rda.go.kr/portal/menu1/contentMain_B.do?m_id=9004_3911&menuId=PS03443,html/ajax_01_PS03443.json,농촌진흥청 농업인안전365,N,N
c06a5132cd0b773c,발간책자,간행물,외국인 근로자를 위한 산업안전보건 (우즈베키스탄어),PDF,,,2026-04-07,https://farmer.rda.go.kr/portal/menu1/contentMain_B.do?m_id=9004_3911&menuId=PS03443&contentsNo=147,https://farmer.rda.go.kr/portal/contentsFileDownload.do?atchFileGroupCd=A0006092&fileSn=1,PS03443:147,https://farmer.rda.go.kr/portal/menu1/contentMain_B.do?m_id=9004_3911&menuId=PS03443,html/ajax_01_PS03443.json,농촌진흥청 농업인안전365,N,N
ce6c4c75a41c1579,발간책자,간행물,외국인 근로자를 위한 산업안전보건 (스리랑카어),PDF,,,2026-04-07,https://farmer.rda.go.kr/portal/menu1/contentMain_B.do?m_id=9004_3911&menuId=PS03443&contentsNo=146,https://farmer.rda.go.kr/portal/contentsFileDownload.do?atchFileGroupCd=A0006091&fileSn=1,PS03443:146,https://farmer.rda.go.kr/portal/menu1/contentMain_B.do?m_id=9004_3911&menuId=PS03443,html/ajax_01_PS03443.json,농촌진흥청 농업인안전365,N,N
a5099477a1580084,발간책자,간행물,외국인 근로자를 위한 산업안전보건 (베트남어),PDF,,,2026-04-07,https://farmer.rda.go.kr/portal/menu1/contentMain_B.do?m_id=9004_3911&menuId=PS03443&contentsNo=145,https://farmer.rda.go.kr/portal/contentsFileDownload.do?atchFileGroupCd=A0006090&fileSn=1,PS03443:145,https://farmer.rda.go.kr/portal/menu1/contentMain_B.do?m_id=9004_3911&menuId=PS03443,html/ajax_01_PS03443.json,농촌진흥청 농업인안전365,N,N
07597c6e2217e599,발간책자,간행물,외국인 근로자를 위한 산업안전보건 (방글라데시어),PDF,,,2026-04-07,https://farmer.rda.go.kr/portal/menu1/contentMain_B.do?m_id=9004_3911&menuId=PS03443&contentsNo=144,https://farmer.rda.go.kr/portal/contentsFileDownload.do?atchFileGroupCd=A0006089&fileSn=1,PS03443:144,https://farmer.rda.go.kr/portal/menu1/contentMain_B.do?m_id=9004_3911&menuId=PS03443,html/ajax_01_PS03443.json,농촌진흥청 농업인안전365,N,N
180ae82965dc8142,발간책자,간행물,외국인 근로자를 위한 산업안전보건 (미얀마어),PDF,,,2026-04-07,https://farmer.rda.go.kr/portal/menu1/contentMain_B.do?m_id=9004_3911&menuId=PS03443&contentsNo=143,https://farmer.rda.go.kr/portal/contentsFileDownload.do?atchFileGroupCd=A0006088&fileSn=1,PS03443:143,https://farmer.rda.go.kr/portal/menu1/contentMain_B.do?m_id=9004_3911&menuId=PS03443,html/ajax_01_PS03443.json,농촌진흥청 농업인안전365,N,N
30a26aa060545745,발간책자,간행물,외국인 근로자를 위한 산업안전보건 (몽골어),PDF,,,2026-04-07,https://farmer.rda.go.kr/portal/menu1/contentMain_B.do?m_id=9004_3911&menuId=PS03443&contentsNo=142,https://farmer.rda.go.kr/portal/contentsFileDownload.do?atchFileGroupCd=A0006087&fileSn=1,PS03443:142,https://farmer.rda.go.kr/portal/menu1/contentMain_B.do?m_id=9004_3911&menuId=PS03443,html/ajax_01_PS03443.json,농촌진흥청 농업인안전365,N,N
b39845e3cc833859,발간책자,간행물,외국인 근로자를 위한 산업안전보건 (라오스어),PDF,,,2026-04-07,https://farmer.rda.go.kr/portal/menu1/contentMain_B.do?m_id=9004_3911&menuId=PS03443&contentsNo=141,https://farmer.rda.go.kr/portal/contentsFileDownload.do?atchFileGroupCd=A0006086&fileSn=1,PS03443:141,https://farmer.rda.go.kr/portal/menu1/contentMain_B.do?m_id=9004_3911&menuId=PS03443,html/ajax_01_PS03443.json,농촌진흥청 농업인안전365,N,N
68ec669268bc4dc9,발간책자,간행물,외국인 근로자를 위한 산업안전보건 (동티모르어),PDF,,,2026-04-07,https://farmer.rda.go.kr/portal/menu1/contentMain_B.do?m_id=9004_3911&menuId=PS03443&contentsNo=140,https://farmer.rda.go.kr/portal/contentsFileDownload.do?atchFileGroupCd=A0006085&fileSn=1,PS03443:140,https://farmer.rda.go.kr/portal/menu1/contentMain_B.do?m_id=9004_3911&menuId=PS03443,html/ajax_01_PS03443.json,농촌진흥청 농업인안전365,N,N
51646a0af0bca76e,발간책자,간행물,외국인 근로자를 위한 산업안전보건 (네팔어),PDF,,,2026-04-07,https://farmer.rda.go.kr/portal/menu1/contentMain_B.do?m_id=9004_3911&menuId=PS03443&contentsNo=139,https://farmer.rda.go.kr/portal/contentsFileDownload.do?atchFileGroupCd=A0006084&fileSn=1,PS03443:139,https://farmer.rda.go.kr/portal/menu1/contentMain_B.do?m_id=9004_3911&menuId=PS03443,html/ajax_01_PS03443.json,농촌진흥청 농업인안전365,N,N
08f912b27bac2409,발간책자,간행물,농업작업 안전재해예방 2025년 추진실적 및 2026 시행계획,PDF,,,2026-04-06,https://farmer.rda.go.kr/portal/menu1/contentMain_B.do?m_id=9004_3911&menuId=PS03443&contentsNo=138,https://farmer.rda.go.kr/portal/contentsFileDownload.do?atchFileGroupCd=A0006080&fileSn=1,PS03443:138,https://farmer.rda.go.kr/portal/menu1/contentMain_B.do?m_id=9004_3911&menuId=PS03443,html/ajax_01_PS03443.json,농촌진흥청 농업인안전365,N,N
824573ebd45ad38e,발간책자,간행물,2025 농작업 안전재해 주요통계,PDF,,,2026-01-05,https://farmer.rda.go.kr/portal/menu1/contentMain_B.do?m_id=9004_3911&menuId=PS03443&contentsNo=137,https://farmer.rda.go.kr/portal/contentsFileDownload.do?atchFileGroupCd=A0006058&fileSn=1,PS03443:137,https://farmer.rda.go.kr/portal/menu1/contentMain_B.do?m_id=9004_3911&menuId=PS03443,html/ajax_01_PS03443.json,농촌진흥청 농업인안전365,N,N
f6907869562303a6,발간책자,간행물,"포토보이스 가이드북(안전한 농작업, 사진으로 얘기해요)",PDF,,,2025-12-18,https://farmer.rda.go.kr/portal/menu1/contentMain_B.do?m_id=9004_3911&menuId=PS03443&contentsNo=136,https://farmer.rda.go.kr/portal/contentsFileDownload.do?atchFileGroupCd=A0006050&fileSn=2,PS03443:136,https://farmer.rda.go.kr/portal/menu1/contentMain_B.do?m_id=9004_3911&menuId=PS03443,html/ajax_01_PS03443.json,농촌진흥청 농업인안전365,N,N
9fb891dbba35f373,발간책자,간행물,참여형 마을 지도 그리기 가이드북(건강하고 안전한 농촌을 함께 만들어요)(2025),PDF,,,2025-12-18,https://farmer.rda.go.kr/portal/menu1/contentMain_B.do?m_id=9004_3911&menuId=PS03443&contentsNo=135,https://farmer.rda.go.kr/portal/contentsFileDownload.do?atchFileGroupCd=A0006049&fileSn=2,PS03443:135,https://farmer.rda.go.kr/portal/menu1/contentMain_B.do?m_id=9004_3911&menuId=PS03443,html/ajax_01_PS03443.json,농촌진흥청 농업인안전365,N,N
d536ead3ebccd7ae,발간책자,간행물,2024 알기쉬운 농업인의 업무상 질병,PDF,,,2025-09-22,https://farmer.rda.go.kr/portal/menu1/contentMain_B.do?m_id=9004_3911&menuId=PS03443&contentsNo=134,https://farmer.rda.go.kr/portal/contentsFileDownload.do?atchFileGroupCd=A0006022&fileSn=1,PS03443:134,https://farmer.rda.go.kr/portal/menu1/contentMain_B.do?m_id=9004_3911&menuId=PS03443,html/ajax_01_PS03443.json,농촌진흥청 농업인안전365,N,N
ddbf081774567319,발간책자,간행물,축산분야 안전사고 예방 매뉴얼,PDF,,,2025-07-29,https://farmer.rda.go.kr/portal/menu1/contentMain_B.do?m_id=9004_3911&menuId=PS03443&contentsNo=133,https://farmer.rda.go.kr/portal/contentsFileDownload.do?atchFileGroupCd=A0005997&fileSn=1,PS03443:133,https://farmer.rda.go.kr/portal/menu1/contentMain_B.do?m_id=9004_3911&menuId=PS03443,html/ajax_01_PS03443.json,농촌진흥청 농업인안전365,N,N
9e764a31e32cf685,발간책자,간행물,농업작업 안전재해예방 '24 추진실적 및 '25 시행계획,PDF,,,2025-05-07,https://farmer.rda.go.kr/portal/menu1/contentMain_B.do?m_id=9004_3911&menuId=PS03443&contentsNo=131,https://farmer.rda.go.kr/portal/contentsFileDownload.do?atchFileGroupCd=A0005682&fileSn=1,PS03443:131,https://farmer.rda.go.kr/portal/menu1/contentMain_B.do?m_id=9004_3911&menuId=PS03443,html/ajax_01_PS03443.json,농촌진흥청 농업인안전365,N,N
6ff6a9dfa575d791,발간책자,온열·한랭,예방지킴이를 활용한 노지 작목 농업인의 업무상 질병 예방 가이드북,PDF,,,2025-03-05,https://farmer.rda.go.kr/portal/menu1/contentMain_B.do?m_id=9004_3911&menuId=PS03443&contentsNo=130,https://farmer.rda.go.kr/portal/contentsFileDownload.do?atchFileGroupCd=A0005618&fileSn=1,PS03443:130,https://farmer.rda.go.kr/portal/menu1/contentMain_B.do?m_id=9004_3911&menuId=PS03443,html/ajax_01_PS03443.json,농촌진흥청 농업인안전365,N,N
6f65b3fdf96d729b,발간책자,간행물,계절근로자 한국생활 및 농작업 안내,첨부파일,,,2025-03-05,https://farmer.rda.go.kr/portal/menu1/contentMain_B.do?m_id=9004_3911&menuId=PS03443&contentsNo=129,https://farmer.rda.go.kr/portal/contentsFileDownload.do?atchFileGroupCd=A0005617&fileSn=1,PS03443:129,https://farmer.rda.go.kr/portal/menu1/contentMain_B.do?m_id=9004_3911&menuId=PS03443,html/ajax_01_PS03443.json,농촌진흥청 농업인안전365,N,N
8b312fc88a249c5c,발간책자,간행물,농작업환경 위험성평가 안내서(2024),PDF,,,2025-01-02,https://farmer.rda.go.kr/portal/menu1/contentMain_B.do?m_id=9004_3911&menuId=PS03443&contentsNo=128,https://farmer.rda.go.kr/portal/contentsFileDownload.do?atchFileGroupCd=A0005576&fileSn=1,PS03443:128,https://farmer.rda.go.kr/portal/menu1/contentMain_B.do?m_id=9004_3911&menuId=PS03443,html/ajax_01_PS03443.json,농촌진흥청 농업인안전365,N,N
4b5808a3bb9c7c7d,발간책자,감염·생물학적 위험,농업인의 감염성 질환 예방 가이드,PDF,,,2025-01-02,https://farmer.rda.go.kr/portal/menu1/contentMain_B.do?m_id=9004_3911&menuId=PS03443&contentsNo=127,https://farmer.rda.go.kr/portal/contentsFileDownload.do?atchFileGroupCd=A0005575&fileSn=1,PS03443:127,https://farmer.rda.go.kr/portal/menu1/contentMain_B.do?m_id=9004_3911&menuId=PS03443,html/ajax_01_PS03443.json,농촌진흥청 농업인안전365,N,N
d4403da0c6f206d3,발간책자,간행물,농업인과 비농업인의 질병 유병률 지역별 상세 비교(2024),PDF,,,2025-01-02,https://farmer.rda.go.kr/portal/menu1/contentMain_B.do?m_id=9004_3911&menuId=PS03443&contentsNo=126,https://farmer.rda.go.kr/portal/contentsFileDownload.do?atchFileGroupCd=A0005574&fileSn=1,PS03443:126,https://farmer.rda.go.kr/portal/menu1/contentMain_B.do?m_id=9004_3911&menuId=PS03443,html/ajax_01_PS03443.json,농촌진흥청 농업인안전365,N,N
1e0f37e4d7793faf,발간책자,간행물,농업인과 비농업인의 질병 유병률 비교(2024),PDF,,,2025-01-02,https://farmer.rda.go.kr/portal/menu1/contentMain_B.do?m_id=9004_3911&menuId=PS03443&contentsNo=125,https://farmer.rda.go.kr/portal/contentsFileDownload.do?atchFileGroupCd=A0005573&fileSn=1,PS03443:125,https://farmer.rda.go.kr/portal/menu1/contentMain_B.do?m_id=9004_3911&menuId=PS03443,html/ajax_01_PS03443.json,농촌진흥청 농업인안전365,N,N
6e26ce3353b725e7,발간책자,농기계,2024 농작업 안전재해 주요통계(2024),PDF,,,2025-01-02,https://farmer.rda.go.kr/portal/menu1/contentMain_B.do?m_id=9004_3911&menuId=PS03443&contentsNo=124,https://farmer.rda.go.kr/portal/contentsFileDownload.do?atchFileGroupCd=A0005572&fileSn=1,PS03443:124,https://farmer.rda.go.kr/portal/menu1/contentMain_B.do?m_id=9004_3911&menuId=PS03443,html/ajax_01_PS03443.json,농촌진흥청 농업인안전365,N,N
4f9e772c41ebec7e,발간책자,농기계,2023 농업기계 사고 현황,PDF,,,2025-01-02,https://farmer.rda.go.kr/portal/menu1/contentMain_B.do?m_id=9004_3911&menuId=PS03443&contentsNo=123,https://farmer.rda.go.kr/portal/contentsFileDownload.do?atchFileGroupCd=A0005571&fileSn=1,PS03443:123,https://farmer.rda.go.kr/portal/menu1/contentMain_B.do?m_id=9004_3911&menuId=PS03443,html/ajax_01_PS03443.json,농촌진흥청 농업인안전365,N,N
4b99bbe50ddecd9c,발간책자,근골격계,농작업 중량물 취급 위험수준평가 방법 및 개선 방안,PDF,,,2024-11-27,https://farmer.rda.go.kr/portal/menu1/contentMain_B.do?m_id=9004_3911&menuId=PS03443&contentsNo=122,https://farmer.rda.go.kr/portal/contentsFileDownload.do?atchFileGroupCd=A0005559&fileSn=1,PS03443:122,https://farmer.rda.go.kr/portal/menu1/contentMain_B.do?m_id=9004_3911&menuId=PS03443,html/ajax_01_PS03443.json,농촌진흥청 농업인안전365,N,N
1cd7a4627b52f9ea,발간책자,농약·화학물질,2023 알기쉬운 농업인의 업무상 손상,PDF,,,2024-11-19,https://farmer.rda.go.kr/portal/menu1/contentMain_B.do?m_id=9004_3911&menuId=PS03443&contentsNo=121,https://farmer.rda.go.kr/portal/contentsFileDownload.do?atchFileGroupCd=A0005555&fileSn=1,PS03443:121,https://farmer.rda.go.kr/portal/menu1/contentMain_B.do?m_id=9004_3911&menuId=PS03443,html/ajax_01_PS03443.json,농촌진흥청 농업인안전365,N,N
8c75f10ae0b94718,발간책자,감염·생물학적 위험,(교육자료) 진드기 매개 감염병 예방 및 관리수칙,첨부파일,,,2024-11-05,https://farmer.rda.go.kr/portal/menu1/contentMain_B.do?m_id=9004_3911&menuId=PS03443&contentsNo=119,https://farmer.rda.go.kr/portal/contentsFileDownload.do?atchFileGroupCd=A0005525&fileSn=1,PS03443:119,https://farmer.rda.go.kr/portal/menu1/contentMain_B.do?m_id=9004_3911&menuId=PS03443,html/ajax_01_PS03443.json,농촌진흥청 농업인안전365,N,N
32e406c2c51dfe46,발간책자,간행물,농업인의 직업성 질병 | 목록과 가이드,PDF,,,2024-10-01,https://farmer.rda.go.kr/portal/menu1/contentMain_B.do?m_id=9004_3911&menuId=PS03443&contentsNo=112,https://farmer.rda.go.kr/portal/contentsFileDownload.do?atchFileGroupCd=A0005502&fileSn=1,PS03443:112,https://farmer.rda.go.kr/portal/menu1/contentMain_B.do?m_id=9004_3911&menuId=PS03443,html/ajax_01_PS03443.json,농촌진흥청 농업인안전365,N,N
d29874519d4a4b90,발간책자,간행물,소규모 농사업장 「안전보건관리체계」 구축 길라잡이,PDF,,,2024-10-01,https://farmer.rda.go.kr/portal/menu1/contentMain_B.do?m_id=9004_3911&menuId=PS03443&contentsNo=111,https://farmer.rda.go.kr/portal/contentsFileDownload.do?atchFileGroupCd=A0005498&fileSn=1,PS03443:111,https://farmer.rda.go.kr/portal/menu1/contentMain_B.do?m_id=9004_3911&menuId=PS03443,html/ajax_01_PS03443.json,농촌진흥청 농업인안전365,N,N
20be6eba4ae41a2e,발간책자,간행물,농업작업 안전재해예방 2023년 추진실적 및 2024년 시행계획,PDF,,,2024-03-11,https://farmer.rda.go.kr/portal/menu1/contentMain_B.do?m_id=9004_3911&menuId=PS03443&contentsNo=1,https://farmer.rda.go.kr/portal/contentsFileDownload.do?atchFileGroupCd=A0000806&fileSn=1,PS03443:1,https://farmer.rda.go.kr/portal/menu1/contentMain_B.do?m_id=9004_3911&menuId=PS03443,html/ajax_01_PS03443.json,농촌진흥청 농업인안전365,N,N
d18c9d47651690b9,발간책자,간행물,산림사업 안전관리 매뉴얼,PDF,,,2024-10-01,https://farmer.rda.go.kr/portal/menu1/contentMain_B.do?m_id=9004_3911&menuId=PS03443&contentsNo=113,https://farmer.rda.go.kr/portal/contentsFileDownload.do?atchFileGroupCd=A0005503&fileSn=1,PS03443:113,https://farmer.rda.go.kr/portal/menu1/contentMain_B.do?m_id=9004_3911&menuId=PS03443,html/ajax_01_PS03443.json,농촌진흥청 농업인안전365,N,N
344385bbdd667791,발간책자,간행물,2022 알기쉬운 농업인의 업무상 질병,PDF,,,2023-11-09,https://farmer.rda.go.kr/portal/menu1/contentMain_B.do?m_id=9004_3911&menuId=PS03443&contentsNo=3,https://farmer.rda.go.kr/portal/contentsFileDownload.do?atchFileGroupCd=A0000808&fileSn=1,PS03443:3,https://farmer.rda.go.kr/portal/menu1/contentMain_B.do?m_id=9004_3911&menuId=PS03443,html/ajax_01_PS03443.json,농촌진흥청 농업인안전365,N,N
6004d49de0699d45,발간책자,농기계,2023 농작업 안전재해 주요통계,PDF,,,2024-01-11,https://farmer.rda.go.kr/portal/menu1/contentMain_B.do?m_id=9004_3911&menuId=PS03443&contentsNo=2,https://farmer.rda.go.kr/portal/contentsFileDownload.do?atchFileGroupCd=A0000807&fileSn=1,PS03443:2,https://farmer.rda.go.kr/portal/menu1/contentMain_B.do?m_id=9004_3911&menuId=PS03443,html/ajax_01_PS03443.json,농촌진흥청 농업인안전365,N,N
24771a9f34f6e389,발간책자,간행물,제13차 국가손상종합통계,첨부파일,,,2024-11-05,https://farmer.rda.go.kr/portal/menu1/contentMain_B.do?m_id=9004_3911&menuId=PS03443&contentsNo=118,https://farmer.rda.go.kr/portal/contentsFileDownload.do?atchFileGroupCd=A0005524&fileSn=1,PS03443:118,https://farmer.rda.go.kr/portal/menu1/contentMain_B.do?m_id=9004_3911&menuId=PS03443,html/ajax_01_PS03443.json,농촌진흥청 농업인안전365,N,N
337064c4a181a77f,발간책자,간행물,제12차 국가손상종합통계,첨부파일,,,2024-11-05,https://farmer.rda.go.kr/portal/menu1/contentMain_B.do?m_id=9004_3911&menuId=PS03443&contentsNo=117,https://farmer.rda.go.kr/portal/contentsFileDownload.do?atchFileGroupCd=A0005523&fileSn=1,PS03443:117,https://farmer.rda.go.kr/portal/menu1/contentMain_B.do?m_id=9004_3911&menuId=PS03443,html/ajax_01_PS03443.json,농촌진흥청 농업인안전365,N,N
e2fe859c4793ea76,발간책자,근골격계,쉽게보는 농업인의 업무상 재해 현황,PDF,,,2023-06-29,https://farmer.rda.go.kr/portal/menu1/contentMain_B.do?m_id=9004_3911&menuId=PS03443&contentsNo=4,https://farmer.rda.go.kr/portal/contentsFileDownload.do?atchFileGroupCd=A0000809&fileSn=1,PS03443:4,https://farmer.rda.go.kr/portal/menu1/contentMain_B.do?m_id=9004_3911&menuId=PS03443,html/ajax_01_PS03443.json,농촌진흥청 농업인안전365,N,N
ee786e6f90cb47e4,발간책자,농기계,농업기계 안전장치 부착 부적합 사례집,첨부파일,,,2023-01-31,https://farmer.rda.go.kr/portal/menu1/contentMain_B.do?m_id=9004_3911&menuId=PS03443&contentsNo=7,https://farmer.rda.go.kr/portal/contentsFileDownload.do?atchFileGroupCd=A0000812&fileSn=1,PS03443:7,https://farmer.rda.go.kr/portal/menu1/contentMain_B.do?m_id=9004_3911&menuId=PS03443,html/ajax_01_PS03443.json,농촌진흥청 농업인안전365,N,N
a5e331c7f4ace5b5,발간책자,농약·화학물질,그림으로 보는 농촌 체험농장 안전관리,PDF,,,2022-12-28,https://farmer.rda.go.kr/portal/menu1/contentMain_B.do?m_id=9004_3911&menuId=PS03443&contentsNo=10,https://farmer.rda.go.kr/portal/contentsFileDownload.do?atchFileGroupCd=A0000815&fileSn=1,PS03443:10,https://farmer.rda.go.kr/portal/menu1/contentMain_B.do?m_id=9004_3911&menuId=PS03443,html/ajax_01_PS03443.json,농촌진흥청 농업인안전365,N,N
f62901e04a758cc6,발간책자,응급대응,농촌 체험농장 안전보건 관리 지침서,PDF,,,2022-12-28,https://farmer.rda.go.kr/portal/menu1/contentMain_B.do?m_id=9004_3911&menuId=PS03443&contentsNo=11,https://farmer.rda.go.kr/portal/contentsFileDownload.do?atchFileGroupCd=A0000816&fileSn=1,PS03443:11,https://farmer.rda.go.kr/portal/menu1/contentMain_B.do?m_id=9004_3911&menuId=PS03443,html/ajax_01_PS03443.json,농촌진흥청 농업인안전365,N,N
446903ad464a2071,발간책자,농기계,농작업 편이장비의 안전 사용을 위한 길라잡이,PDF,,,2022-12-28,https://farmer.rda.go.kr/portal/menu1/contentMain_B.do?m_id=9004_3911&menuId=PS03443&contentsNo=9,https://farmer.rda.go.kr/portal/contentsFileDownload.do?atchFileGroupCd=A0000814&fileSn=1,PS03443:9,https://farmer.rda.go.kr/portal/menu1/contentMain_B.do?m_id=9004_3911&menuId=PS03443,html/ajax_01_PS03443.json,농촌진흥청 농업인안전365,N,N
9bd63ca9dd428c92,발간책자,간행물,농업인 안전 재해 현황,PDF,,,2023-01-17,https://farmer.rda.go.kr/portal/menu1/contentMain_B.do?m_id=9004_3911&menuId=PS03443&contentsNo=8,https://farmer.rda.go.kr/portal/contentsFileDownload.do?atchFileGroupCd=A0000813&fileSn=1,PS03443:8,https://farmer.rda.go.kr/portal/menu1/contentMain_B.do?m_id=9004_3911&menuId=PS03443,html/ajax_01_PS03443.json,농촌진흥청 농업인안전365,N,N
cf1ce77199845fb9,발간책자,간행물,노인과 장애인을 위한 사회적 농업(2022),PDF,,,2023-02-16,https://farmer.rda.go.kr/portal/menu1/contentMain_B.do?m_id=9004_3911&menuId=PS03443&contentsNo=6,https://farmer.rda.go.kr/portal/contentsFileDownload.do?atchFileGroupCd=A0000811&fileSn=1,PS03443:6,https://farmer.rda.go.kr/portal/menu1/contentMain_B.do?m_id=9004_3911&menuId=PS03443,html/ajax_01_PS03443.json,농촌진흥청 농업인안전365,N,N
b7b21cad6f882789,발간책자,농약·화학물질,농약의 건강영향과 안전 사용,PDF,,,2022-12-15,https://farmer.rda.go.kr/portal/menu1/contentMain_B.do?m_id=9004_3911&menuId=PS03443&contentsNo=12,https://farmer.rda.go.kr/portal/contentsFileDownload.do?atchFileGroupCd=A0000817&fileSn=1,PS03443:12,https://farmer.rda.go.kr/portal/menu1/contentMain_B.do?m_id=9004_3911&menuId=PS03443,html/ajax_01_PS03443.json,농촌진흥청 농업인안전365,N,N
b119f66ccf1bce68,발간책자,감염·생물학적 위험,양돈 작업장의 안전보건 관리,PDF,,,2022-12-15,https://farmer.rda.go.kr/portal/menu1/contentMain_B.do?m_id=9004_3911&menuId=PS03443&contentsNo=14,https://farmer.rda.go.kr/portal/contentsFileDownload.do?atchFileGroupCd=A0000819&fileSn=1,PS03443:14,https://farmer.rda.go.kr/portal/menu1/contentMain_B.do?m_id=9004_3911&menuId=PS03443,html/ajax_01_PS03443.json,농촌진흥청 농업인안전365,N,N
92fe853c06650ec6,발간책자,감염·생물학적 위험,양계 작업장의 안전보건 관리,PDF,,,2022-12-15,https://farmer.rda.go.kr/portal/menu1/contentMain_B.do?m_id=9004_3911&menuId=PS03443&contentsNo=13,https://farmer.rda.go.kr/portal/contentsFileDownload.do?atchFileGroupCd=A0000818&fileSn=1,PS03443:13,https://farmer.rda.go.kr/portal/menu1/contentMain_B.do?m_id=9004_3911&menuId=PS03443,html/ajax_01_PS03443.json,농촌진흥청 농업인안전365,N,N
dc9de31d4f321cc5,발간책자,농약·화학물질,농작업 단계별 공통안전작업지침,PDF,,,2022-10-12,https://farmer.rda.go.kr/portal/menu1/contentMain_B.do?m_id=9004_3911&menuId=PS03443&contentsNo=17,https://farmer.rda.go.kr/portal/contentsFileDownload.do?atchFileGroupCd=A0000822&fileSn=1,PS03443:17,https://farmer.rda.go.kr/portal/menu1/contentMain_B.do?m_id=9004_3911&menuId=PS03443,html/ajax_01_PS03443.json,농촌진흥청 농업인안전365,N,N
457494517f582807,발간책자,농기계,2021 농업기계 사고 현황,PDF,,,2022-10-18,https://farmer.rda.go.kr/portal/menu1/contentMain_B.do?m_id=9004_3911&menuId=PS03443&contentsNo=16,https://farmer.rda.go.kr/portal/contentsFileDownload.do?atchFileGroupCd=A0000821&fileSn=1,PS03443:16,https://farmer.rda.go.kr/portal/menu1/contentMain_B.do?m_id=9004_3911&menuId=PS03443,html/ajax_01_PS03443.json,농촌진흥청 농업인안전365,N,N
5669e9fac99b96d2,발간책자,농약·화학물질,한눈에 보는 농업취업자와 일반취업자의 근로환경 비교,PDF,,,2022-09-15,https://farmer.rda.go.kr/portal/menu1/contentMain_B.do?m_id=9004_3911&menuId=PS03443&contentsNo=19,https://farmer.rda.go.kr/portal/contentsFileDownload.do?atchFileGroupCd=A0000824&fileSn=1,PS03443:19,https://farmer.rda.go.kr/portal/menu1/contentMain_B.do?m_id=9004_3911&menuId=PS03443,html/ajax_01_PS03443.json,농촌진흥청 농업인안전365,N,N
4327cb4fb5e8c2e3,발간책자,근골격계,장애인을 위한 농작업 편이장비 활용 가이드,PDF,,,2022-08-03,https://farmer.rda.go.kr/portal/menu1/contentMain_B.do?m_id=9004_3911&menuId=PS03443&contentsNo=22,https://farmer.rda.go.kr/portal/contentsFileDownload.do?atchFileGroupCd=A0000827&fileSn=1,PS03443:22,https://farmer.rda.go.kr/portal/menu1/contentMain_B.do?m_id=9004_3911&menuId=PS03443,html/ajax_01_PS03443.json,농촌진흥청 농업인안전365,N,N
c1bdcd95a65d0099,발간책자,응급대응,응급처치 가이드(개정판),PDF,,,2022-07-13,https://farmer.rda.go.kr/portal/menu1/contentMain_B.do?m_id=9004_3911&menuId=PS03443&contentsNo=20,https://farmer.rda.go.kr/portal/contentsFileDownload.do?atchFileGroupCd=A0000825&fileSn=1,PS03443:20,https://farmer.rda.go.kr/portal/menu1/contentMain_B.do?m_id=9004_3911&menuId=PS03443,html/ajax_01_PS03443.json,농촌진흥청 농업인안전365,N,N
a69c44778af85b4e,발간책자,농약·화학물질,농작업 안전보건관리 실무매뉴얼,PDF,,,2022-03-18,https://farmer.rda.go.kr/portal/menu1/contentMain_B.do?m_id=9004_3911&menuId=PS03443&contentsNo=21,https://farmer.rda.go.kr/portal/contentsFileDownload.do?atchFileGroupCd=A0000826&fileSn=1,PS03443:21,https://farmer.rda.go.kr/portal/menu1/contentMain_B.do?m_id=9004_3911&menuId=PS03443,html/ajax_01_PS03443.json,농촌진흥청 농업인안전365,N,N
1fedf89400d34bbf,발간책자,간행물,2021 알기쉬운 농업인의 업무상 손상,PDF,,,2022-10-07,https://farmer.rda.go.kr/portal/menu1/contentMain_B.do?m_id=9004_3911&menuId=PS03443&contentsNo=18,https://farmer.rda.go.kr/portal/contentsFileDownload.do?atchFileGroupCd=A0000823&fileSn=1,PS03443:18,https://farmer.rda.go.kr/portal/menu1/contentMain_B.do?m_id=9004_3911&menuId=PS03443,html/ajax_01_PS03443.json,농촌진흥청 농업인안전365,N,N
a1e1df608259d03c,발간책자,간행물,농산물 가공장비의 활용 및 안전관리 매뉴얼,PDF,,,2022-11-08,https://farmer.rda.go.kr/portal/menu1/contentMain_B.do?m_id=9004_3911&menuId=PS03443&contentsNo=15,https://farmer.rda.go.kr/portal/contentsFileDownload.do?atchFileGroupCd=A0000820&fileSn=1,PS03443:15,https://farmer.rda.go.kr/portal/menu1/contentMain_B.do?m_id=9004_3911&menuId=PS03443,html/ajax_01_PS03443.json,농촌진흥청 농업인안전365,N,N
175697150990037b,발간책자,농기계,2022년 농업작업 안전재해예방 시행계획,PDF,,,2022-04-18,https://farmer.rda.go.kr/portal/menu1/contentMain_B.do?m_id=9004_3911&menuId=PS03443&contentsNo=23,https://farmer.rda.go.kr/portal/contentsFileDownload.do?atchFileGroupCd=A0000828&fileSn=1,PS03443:23,https://farmer.rda.go.kr/portal/menu1/contentMain_B.do?m_id=9004_3911&menuId=PS03443,html/ajax_01_PS03443.json,농촌진흥청 농업인안전365,N,N
293fde19546a4613,발간책자,간행물,제11차 국가손상종합통계,첨부파일,,,2024-11-05,https://farmer.rda.go.kr/portal/menu1/contentMain_B.do?m_id=9004_3911&menuId=PS03443&contentsNo=116,https://farmer.rda.go.kr/portal/contentsFileDownload.do?atchFileGroupCd=A0005522&fileSn=1,PS03443:116,https://farmer.rda.go.kr/portal/menu1/contentMain_B.do?m_id=9004_3911&menuId=PS03443,html/ajax_01_PS03443.json,농촌진흥청 농업인안전365,N,N
05633a6e579d16ff,발간책자,간행물,농작업 안전관리 기록부(2021),PDF,,,2022-11-04,https://farmer.rda.go.kr/portal/menu1/contentMain_B.do?m_id=9004_3911&menuId=PS03443&contentsNo=29,https://farmer.rda.go.kr/portal/contentsFileDownload.do?atchFileGroupCd=A0000834&fileSn=1,PS03443:29,https://farmer.rda.go.kr/portal/menu1/contentMain_B.do?m_id=9004_3911&menuId=PS03443,html/ajax_01_PS03443.json,농촌진흥청 농업인안전365,N,N
607b74aa3a3b550c,발간책자,간행물,농업인 직무스트레스 치유가이드(2021),PDF,,,2022-01-13,https://farmer.rda.go.kr/portal/menu1/contentMain_B.do?m_id=9004_3911&menuId=PS03443&contentsNo=31,https://farmer.rda.go.kr/portal/contentsFileDownload.do?atchFileGroupCd=A0000836&fileSn=1,PS03443:31,https://farmer.rda.go.kr/portal/menu1/contentMain_B.do?m_id=9004_3911&menuId=PS03443,html/ajax_01_PS03443.json,농촌진흥청 농업인안전365,N,N
edea9e9964c2da0f,발간책자,근골격계,한 눈에 보는 농업안전보건 중앙DB센터(2021),PDF,,,2021-12-30,https://farmer.rda.go.kr/portal/menu1/contentMain_B.do?m_id=9004_3911&menuId=PS03443&contentsNo=26,https://farmer.rda.go.kr/portal/contentsFileDownload.do?atchFileGroupCd=A0000831&fileSn=1,PS03443:26,https://farmer.rda.go.kr/portal/menu1/contentMain_B.do?m_id=9004_3911&menuId=PS03443,html/ajax_01_PS03443.json,농촌진흥청 농업인안전365,N,N
289853d8207291cc,발간책자,농약·화학물질,농업인 개인보호장비 편람(2021),PDF,,,2021-12-21,https://farmer.rda.go.kr/portal/menu1/contentMain_B.do?m_id=9004_3911&menuId=PS03443&contentsNo=24,https://farmer.rda.go.kr/portal/contentsFileDownload.do?atchFileGroupCd=A0000829&fileSn=1,PS03443:24,https://farmer.rda.go.kr/portal/menu1/contentMain_B.do?m_id=9004_3911&menuId=PS03443,html/ajax_01_PS03443.json,농촌진흥청 농업인안전365,N,N
ed18bfa7a5239f84,발간책자,작업환경,농작업자 미세먼지 노출특성 및 저감 방안(2021),PDF,,,2021-12-30,https://farmer.rda.go.kr/portal/menu1/contentMain_B.do?m_id=9004_3911&menuId=PS03443&contentsNo=27,https://farmer.rda.go.kr/portal/contentsFileDownload.do?atchFileGroupCd=A0000832&fileSn=1,PS03443:27,https://farmer.rda.go.kr/portal/menu1/contentMain_B.do?m_id=9004_3911&menuId=PS03443,html/ajax_01_PS03443.json,농촌진흥청 농업인안전365,N,N
f9742b63a1b82fde,발간책자,간행물,미세먼지 노출과 농업인 건강영향(2021),PDF,,,2021-12-30,https://farmer.rda.go.kr/portal/menu1/contentMain_B.do?m_id=9004_3911&menuId=PS03443&contentsNo=28,https://farmer.rda.go.kr/portal/contentsFileDownload.do?atchFileGroupCd=A0000833&fileSn=1,PS03443:28,https://farmer.rda.go.kr/portal/menu1/contentMain_B.do?m_id=9004_3911&menuId=PS03443,html/ajax_01_PS03443.json,농촌진흥청 농업인안전365,N,N
3c472339ea62d1d3,발간책자,간행물,농작업 안전보건관리 기본서 개정판(2021),PDF,,,2021-08-20,https://farmer.rda.go.kr/portal/menu1/contentMain_B.do?m_id=9004_3911&menuId=PS03443&contentsNo=25,https://farmer.rda.go.kr/portal/contentsFileDownload.do?atchFileGroupCd=A0000830&fileSn=4,PS03443:25,https://farmer.rda.go.kr/portal/menu1/contentMain_B.do?m_id=9004_3911&menuId=PS03443,html/ajax_01_PS03443.json,농촌진흥청 농업인안전365,N,N
06f721e5f049d702,발간책자,간행물,2020 알기쉬운 농업인의 업무상 질병,PDF,,,2021-10-07,https://farmer.rda.go.kr/portal/menu1/contentMain_B.do?m_id=9004_3911&menuId=PS03443&contentsNo=30,https://farmer.rda.go.kr/portal/contentsFileDownload.do?atchFileGroupCd=A0000835&fileSn=1,PS03443:30,https://farmer.rda.go.kr/portal/menu1/contentMain_B.do?m_id=9004_3911&menuId=PS03443,html/ajax_01_PS03443.json,농촌진흥청 농업인안전365,N,N
20e9a29e3a952dd6,발간책자,간행물,농업인이 궁금한 뇌졸중 이야기,PDF,,,2020-07-06,https://farmer.rda.go.kr/portal/menu1/contentMain_B.do?m_id=9004_3911&menuId=PS03443&contentsNo=39,https://farmer.rda.go.kr/portal/contentsFileDownload.do?atchFileGroupCd=A0000844&fileSn=1,PS03443:39,https://farmer.rda.go.kr/portal/menu1/contentMain_B.do?m_id=9004_3911&menuId=PS03443,html/ajax_01_PS03443.json,농촌진흥청 농업인안전365,N,N
f4f4d48c89ec3b05,발간책자,응급대응,응급처치 가이드,PDF,,,2020-12-28,https://farmer.rda.go.kr/portal/menu1/contentMain_B.do?m_id=9004_3911&menuId=PS03443&contentsNo=37,https://farmer.rda.go.kr/portal/contentsFileDownload.do?atchFileGroupCd=A0000842&fileSn=1,PS03443:37,https://farmer.rda.go.kr/portal/menu1/contentMain_B.do?m_id=9004_3911&menuId=PS03443,html/ajax_01_PS03443.json,농촌진흥청 농업인안전365,N,N
c08f7f4f9b106ddf,발간책자,간행물,농산물 가공사업장 안전보건관리,PDF,,,2020-12-30,https://farmer.rda.go.kr/portal/menu1/contentMain_B.do?m_id=9004_3911&menuId=PS03443&contentsNo=33,https://farmer.rda.go.kr/portal/contentsFileDownload.do?atchFileGroupCd=A0000838&fileSn=1,PS03443:33,https://farmer.rda.go.kr/portal/menu1/contentMain_B.do?m_id=9004_3911&menuId=PS03443,html/ajax_01_PS03443.json,농촌진흥청 농업인안전365,N,N
0aabf22dae1da8a4,발간책자,간행물,2020 농작업 편이장비 편람,PDF,,,2020-12-28,https://farmer.rda.go.kr/portal/menu1/contentMain_B.do?m_id=9004_3911&menuId=PS03443&contentsNo=36,https://farmer.rda.go.kr/portal/contentsFileDownload.do?atchFileGroupCd=A0000841&fileSn=1,PS03443:36,https://farmer.rda.go.kr/portal/menu1/contentMain_B.do?m_id=9004_3911&menuId=PS03443,html/ajax_01_PS03443.json,농촌진흥청 농업인안전365,N,N
a35812b864713a1d,발간책자,농기계,농업기계 사고 현황(2019년 조사결과),PDF,,,2021-04-05,https://farmer.rda.go.kr/portal/menu1/contentMain_B.do?m_id=9004_3911&menuId=PS03443&contentsNo=41,https://farmer.rda.go.kr/portal/contentsFileDownload.do?atchFileGroupCd=A0000846&fileSn=1,PS03443:41,https://farmer.rda.go.kr/portal/menu1/contentMain_B.do?m_id=9004_3911&menuId=PS03443,html/ajax_01_PS03443.json,농촌진흥청 농업인안전365,N,N
73ac25831d3f578f,발간책자,간행물,지역사회건강조사에 기반한 농립어업인의 건강현황,PDF,,,2020-12-31,https://farmer.rda.go.kr/portal/menu1/contentMain_B.do?m_id=9004_3911&menuId=PS03443&contentsNo=38,https://farmer.rda.go.kr/portal/contentsFileDownload.do?atchFileGroupCd=A0000843&fileSn=1,PS03443:38,https://farmer.rda.go.kr/portal/menu1/contentMain_B.do?m_id=9004_3911&menuId=PS03443,html/ajax_01_PS03443.json,농촌진흥청 농업인안전365,N,N
3969084fe91cbf72,발간책자,간행물,농작업 안전보건관리 기본서 개정판(2020),PDF,,,2020-07-30,https://farmer.rda.go.kr/portal/menu1/contentMain_B.do?m_id=9004_3911&menuId=PS03443&contentsNo=32,https://farmer.rda.go.kr/portal/contentsFileDownload.do?atchFileGroupCd=A0000837&fileSn=1,PS03443:32,https://farmer.rda.go.kr/portal/menu1/contentMain_B.do?m_id=9004_3911&menuId=PS03443,html/ajax_01_PS03443.json,농촌진흥청 농업인안전365,N,N
873680948bead6d5,발간책자,농기계,전남 지역 농기계 교통사고 통계,PDF,,,2020-12-31,https://farmer.rda.go.kr/portal/menu1/contentMain_B.do?m_id=9004_3911&menuId=PS03443&contentsNo=35,https://farmer.rda.go.kr/portal/contentsFileDownload.do?atchFileGroupCd=A0000840&fileSn=1,PS03443:35,https://farmer.rda.go.kr/portal/menu1/contentMain_B.do?m_id=9004_3911&menuId=PS03443,html/ajax_01_PS03443.json,농촌진흥청 농업인안전365,N,N
9e0b89f85eff841b,발간책자,간행물,농업 부분의 인간공학 체크포인트 [제2판],PDF,,,2020-07-03,https://farmer.rda.go.kr/portal/menu1/contentMain_B.do?m_id=9004_3911&menuId=PS03443&contentsNo=40,https://farmer.rda.go.kr/portal/contentsFileDownload.do?atchFileGroupCd=A0000845&fileSn=1,PS03443:40,https://farmer.rda.go.kr/portal/menu1/contentMain_B.do?m_id=9004_3911&menuId=PS03443,html/ajax_01_PS03443.json,농촌진흥청 농업인안전365,N,N
1b1505ab6adcdeec,발간책자,간행물,알기 쉬운 농업인의 업무상 손상 : 2019년 농업인의 업무상 질병 및 손상 조사결과,PDF,,,2020-12-31,https://farmer.rda.go.kr/portal/menu1/contentMain_B.do?m_id=9004_3911&menuId=PS03443&contentsNo=34,https://farmer.rda.go.kr/portal/contentsFileDownload.do?atchFileGroupCd=A0000839&fileSn=1,PS03443:34,https://farmer.rda.go.kr/portal/menu1/contentMain_B.do?m_id=9004_3911&menuId=PS03443,html/ajax_01_PS03443.json,농촌진흥청 농업인안전365,N,N
a617141e52d750f1,발간책자,간행물,제10차 국가손상종합통계,첨부파일,,,2024-11-05,https://farmer.rda.go.kr/portal/menu1/contentMain_B.do?m_id=9004_3911&menuId=PS03443&contentsNo=115,https://farmer.rda.go.kr/portal/contentsFileDownload.do?atchFileGroupCd=A0005521&fileSn=1,PS03443:115,https://farmer.rda.go.kr/portal/menu1/contentMain_B.do?m_id=9004_3911&menuId=PS03443,html/ajax_01_PS03443.json,농촌진흥청 농업인안전365,N,N
b94f03a16ec9faee,발간책자,간행물,그림으로 보는 농작업 미세먼지 안전관리,PDF,,,2019-11-28,https://farmer.rda.go.kr/portal/menu1/contentMain_B.do?m_id=9004_3911&menuId=PS03443&contentsNo=43,https://farmer.rda.go.kr/portal/contentsFileDownload.do?atchFileGroupCd=A0000848&fileSn=1,PS03443:43,https://farmer.rda.go.kr/portal/menu1/contentMain_B.do?m_id=9004_3911&menuId=PS03443,html/ajax_01_PS03443.json,농촌진흥청 농업인안전365,N,N
be672e4226db0600,발간책자,간행물,주요국 농업인 안전재해 예방에 관한 규범체계,PDF,,,2020-07-27,https://farmer.rda.go.kr/portal/menu1/contentMain_B.do?m_id=9004_3911&menuId=PS03443&contentsNo=46,https://farmer.rda.go.kr/portal/contentsFileDownload.do?atchFileGroupCd=A0000851&fileSn=1,PS03443:46,https://farmer.rda.go.kr/portal/menu1/contentMain_B.do?m_id=9004_3911&menuId=PS03443,html/ajax_01_PS03443.json,농촌진흥청 농업인안전365,N,N
46737da6ed4fb7c2,발간책자,간행물,알기 쉬운 농업인의 업무상 질병 : 2018년 농업인의 업무상 질병 및 손상 조사 결과,PDF,,,2019-12-03,https://farmer.rda.go.kr/portal/menu1/contentMain_B.do?m_id=9004_3911&menuId=PS03443&contentsNo=42,https://farmer.rda.go.kr/portal/contentsFileDownload.do?atchFileGroupCd=A0000847&fileSn=1,PS03443:42,https://farmer.rda.go.kr/portal/menu1/contentMain_B.do?m_id=9004_3911&menuId=PS03443,html/ajax_01_PS03443.json,농촌진흥청 농업인안전365,N,N
0e8569d1f9c05380,발간책자,농기계,농업기계 관련 농업인 손상 실태 : 2017년도 조사결과 및 3개년 통합분석 결과,PDF,,,2019-07-04,https://farmer.rda.go.kr/portal/menu1/contentMain_B.do?m_id=9004_3911&menuId=PS03443&contentsNo=45,https://farmer.rda.go.kr/portal/contentsFileDownload.do?atchFileGroupCd=A0000850&fileSn=1,PS03443:45,https://farmer.rda.go.kr/portal/menu1/contentMain_B.do?m_id=9004_3911&menuId=PS03443,html/ajax_01_PS03443.json,농촌진흥청 농업인안전365,N,N
bb234029ec974a15,발간책자,간행물,알기 쉬운 농업인의 업무상 손상 - 2017년 업무상 질병 및 손상 조사 결과,PDF,,,2019-07-05,https://farmer.rda.go.kr/portal/menu1/contentMain_B.do?m_id=9004_3911&menuId=PS03443&contentsNo=44,https://farmer.rda.go.kr/portal/contentsFileDownload.do?atchFileGroupCd=A0000849&fileSn=1,PS03443:44,https://farmer.rda.go.kr/portal/menu1/contentMain_B.do?m_id=9004_3911&menuId=PS03443,html/ajax_01_PS03443.json,농촌진흥청 농업인안전365,N,N
9bbbbd78299829bd,발간책자,추락·넘어짐,농업인의 사다리 추락사고 사례와 예방방안,PDF,,,2019-01-25,https://farmer.rda.go.kr/portal/menu1/contentMain_B.do?m_id=9004_3911&menuId=PS03443&contentsNo=48,https://farmer.rda.go.kr/portal/contentsFileDownload.do?atchFileGroupCd=A0000853&fileSn=1,PS03443:48,https://farmer.rda.go.kr/portal/menu1/contentMain_B.do?m_id=9004_3911&menuId=PS03443,html/ajax_01_PS03443.json,농촌진흥청 농업인안전365,N,N
f888042f5a287fd0,발간책자,농기계,그림으로 보는 농업기계 안전사용,PDF,,,2019-01-09,https://farmer.rda.go.kr/portal/menu1/contentMain_B.do?m_id=9004_3911&menuId=PS03443&contentsNo=50,https://farmer.rda.go.kr/portal/contentsFileDownload.do?atchFileGroupCd=A0000855&fileSn=1,PS03443:50,https://farmer.rda.go.kr/portal/menu1/contentMain_B.do?m_id=9004_3911&menuId=PS03443,html/ajax_01_PS03443.json,농촌진흥청 농업인안전365,N,N
c2f31884aeca847b,발간책자,간행물,알기 쉬운 농업인의 업무상 질병 : 2016년 농업인의 업무상 질병 및 손상 조사 결과,PDF,,,2019-02-07,https://farmer.rda.go.kr/portal/menu1/contentMain_B.do?m_id=9004_3911&menuId=PS03443&contentsNo=51,https://farmer.rda.go.kr/portal/contentsFileDownload.do?atchFileGroupCd=A0000856&fileSn=1,PS03443:51,https://farmer.rda.go.kr/portal/menu1/contentMain_B.do?m_id=9004_3911&menuId=PS03443,html/ajax_01_PS03443.json,농촌진흥청 농업인안전365,N,N
c90247d91ac4be2a,발간책자,간행물,알기 쉬운 농업인의 업무상 손상 : 2015년 농업인의 업무상 질병 및 손상 조사 결과,PDF,,,2019-02-07,https://farmer.rda.go.kr/portal/menu1/contentMain_B.do?m_id=9004_3911&menuId=PS03443&contentsNo=54,https://farmer.rda.go.kr/portal/contentsFileDownload.do?atchFileGroupCd=A0000859&fileSn=1,PS03443:54,https://farmer.rda.go.kr/portal/menu1/contentMain_B.do?m_id=9004_3911&menuId=PS03443,html/ajax_01_PS03443.json,농촌진흥청 농업인안전365,N,N
0a2cdecbc13c60d2,발간책자,간행물,농작업 안전보건관리 기본서(2018),PDF,,,2022-10-31,https://farmer.rda.go.kr/portal/menu1/contentMain_B.do?m_id=9004_3911&menuId=PS03443&contentsNo=47,https://farmer.rda.go.kr/portal/contentsFileDownload.do?atchFileGroupCd=A0000852&fileSn=1,PS03443:47,https://farmer.rda.go.kr/portal/menu1/contentMain_B.do?m_id=9004_3911&menuId=PS03443,html/ajax_01_PS03443.json,농촌진흥청 농업인안전365,N,N
1fa3a577f51468b9,발간책자,농기계,농업인 안전관리 포인트 (중국어),PDF,,,2019-02-01,https://farmer.rda.go.kr/portal/menu1/contentMain_B.do?m_id=9004_3911&menuId=PS03443&contentsNo=53,https://farmer.rda.go.kr/portal/contentsFileDownload.do?atchFileGroupCd=A0000858&fileSn=1,PS03443:53,https://farmer.rda.go.kr/portal/menu1/contentMain_B.do?m_id=9004_3911&menuId=PS03443,html/ajax_01_PS03443.json,농촌진흥청 농업인안전365,N,N
ace3d440b1617a67,발간책자,농기계,농업인 안전관리 포인트 (캄보디아어),PDF,,,2019-02-01,https://farmer.rda.go.kr/portal/menu1/contentMain_B.do?m_id=9004_3911&menuId=PS03443&contentsNo=55,https://farmer.rda.go.kr/portal/contentsFileDownload.do?atchFileGroupCd=A0000860&fileSn=1,PS03443:55,https://farmer.rda.go.kr/portal/menu1/contentMain_B.do?m_id=9004_3911&menuId=PS03443,html/ajax_01_PS03443.json,농촌진흥청 농업인안전365,N,N
4d02acae49141e95,발간책자,농기계,농업인 안전관리 포인트 (베트남어),PDF,,,2019-02-01,https://farmer.rda.go.kr/portal/menu1/contentMain_B.do?m_id=9004_3911&menuId=PS03443&contentsNo=52,https://farmer.rda.go.kr/portal/contentsFileDownload.do?atchFileGroupCd=A0000857&fileSn=1,PS03443:52,https://farmer.rda.go.kr/portal/menu1/contentMain_B.do?m_id=9004_3911&menuId=PS03443,html/ajax_01_PS03443.json,농촌진흥청 농업인안전365,N,N
601a6dcd9838d524,발간책자,간행물,건강한 농업인 건강한 농업농촌(RDA 인테러뱅 제214호),PDF,,,2019-02-01,https://farmer.rda.go.kr/portal/menu1/contentMain_B.do?m_id=9004_3911&menuId=PS03443&contentsNo=49,https://farmer.rda.go.kr/portal/contentsFileDownload.do?atchFileGroupCd=A0000854&fileSn=1,PS03443:49,https://farmer.rda.go.kr/portal/menu1/contentMain_B.do?m_id=9004_3911&menuId=PS03443,html/ajax_01_PS03443.json,농촌진흥청 농업인안전365,N,N
c934c80f6fe19bc8,발간책자,간행물,그림으로 보는 농작업 안전관리,PDF,,,2018-01-31,https://farmer.rda.go.kr/portal/menu1/contentMain_B.do?m_id=9004_3911&menuId=PS03443&contentsNo=57,https://farmer.rda.go.kr/portal/contentsFileDownload.do?atchFileGroupCd=A0000862&fileSn=1,PS03443:57,https://farmer.rda.go.kr/portal/menu1/contentMain_B.do?m_id=9004_3911&menuId=PS03443,html/ajax_01_PS03443.json,농촌진흥청 농업인안전365,N,N
aa8500ed60f65ded,발간책자,간행물,양돈 농업인의 자발적 안전보건 관리 사례,PDF,,,2018-07-25,https://farmer.rda.go.kr/portal/menu1/contentMain_B.do?m_id=9004_3911&menuId=PS03443&contentsNo=58,https://farmer.rda.go.kr/portal/contentsFileDownload.do?atchFileGroupCd=A0000863&fileSn=1,PS03443:58,https://farmer.rda.go.kr/portal/menu1/contentMain_B.do?m_id=9004_3911&menuId=PS03443,html/ajax_01_PS03443.json,농촌진흥청 농업인안전365,N,N
2ff26fb8063a0b17,발간책자,농기계,농업인 안전관리 포인트 (영문판),PDF,,,2018-01-12,https://farmer.rda.go.kr/portal/menu1/contentMain_B.do?m_id=9004_3911&menuId=PS03443&contentsNo=59,https://farmer.rda.go.kr/portal/contentsFileDownload.do?atchFileGroupCd=A0000864&fileSn=1,PS03443:59,https://farmer.rda.go.kr/portal/menu1/contentMain_B.do?m_id=9004_3911&menuId=PS03443,html/ajax_01_PS03443.json,농촌진흥청 농업인안전365,N,N
91d3c23c62671503,발간책자,안전교육,농업활동 안전사고 예방 가이드라인,PDF,,,2018-01-31,https://farmer.rda.go.kr/portal/menu1/contentMain_B.do?m_id=9004_3911&menuId=PS03443&contentsNo=61,https://farmer.rda.go.kr/portal/contentsFileDownload.do?atchFileGroupCd=A0000866&fileSn=1,PS03443:61,https://farmer.rda.go.kr/portal/menu1/contentMain_B.do?m_id=9004_3911&menuId=PS03443,html/ajax_01_PS03443.json,농촌진흥청 농업인안전365,N,N
edb871345d690c73,발간책자,간행물,알기 쉬운 농업인의 업무상 질병 : 2014년 농업인의 업무상 질병 및 손상 조사 결과,PDF,,,2018-01-15,https://farmer.rda.go.kr/portal/menu1/contentMain_B.do?m_id=9004_3911&menuId=PS03443&contentsNo=56,https://farmer.rda.go.kr/portal/contentsFileDownload.do?atchFileGroupCd=A0000861&fileSn=1,PS03443:56,https://farmer.rda.go.kr/portal/menu1/contentMain_B.do?m_id=9004_3911&menuId=PS03443,html/ajax_01_PS03443.json,농촌진흥청 농업인안전365,N,N
e19d909bfd451cde,발간책자,농기계,농업인 안전관리 포인트 (국문판),PDF,,,2018-01-12,https://farmer.rda.go.kr/portal/menu1/contentMain_B.do?m_id=9004_3911&menuId=PS03443&contentsNo=60,https://farmer.rda.go.kr/portal/contentsFileDownload.do?atchFileGroupCd=A0000865&fileSn=1,PS03443:60,https://farmer.rda.go.kr/portal/menu1/contentMain_B.do?m_id=9004_3911&menuId=PS03443,html/ajax_01_PS03443.json,농촌진흥청 농업인안전365,N,N
e7d92a6a66715c2a,발간책자,추락·넘어짐,농업인의 전도사고 종류와 예방,PDF,,,2017-02-28,https://farmer.rda.go.kr/portal/menu1/contentMain_B.do?m_id=9004_3911&menuId=PS03443&contentsNo=64,https://farmer.rda.go.kr/portal/contentsFileDownload.do?atchFileGroupCd=A0000869&fileSn=1,PS03443:64,https://farmer.rda.go.kr/portal/menu1/contentMain_B.do?m_id=9004_3911&menuId=PS03443,html/ajax_01_PS03443.json,농촌진흥청 농업인안전365,N,N
0cfb159ed2c80e58,발간책자,간행물,알기 쉬운 농업인의 업무상 손상 : 2013년 농업인의 업무상 질병 및 손상 조사 결과,PDF,,,2017-02-24,https://farmer.rda.go.kr/portal/menu1/contentMain_B.do?m_id=9004_3911&menuId=PS03443&contentsNo=66,https://farmer.rda.go.kr/portal/contentsFileDownload.do?atchFileGroupCd=A0000871&fileSn=1,PS03443:66,https://farmer.rda.go.kr/portal/menu1/contentMain_B.do?m_id=9004_3911&menuId=PS03443,html/ajax_01_PS03443.json,농촌진흥청 농업인안전365,N,N
bf2fe8304decdd62,발간책자,간행물,주요국의 농업인 재해보장체계,PDF,,,2017-02-24,https://farmer.rda.go.kr/portal/menu1/contentMain_B.do?m_id=9004_3911&menuId=PS03443&contentsNo=67,https://farmer.rda.go.kr/portal/contentsFileDownload.do?atchFileGroupCd=A0000872&fileSn=1,PS03443:67,https://farmer.rda.go.kr/portal/menu1/contentMain_B.do?m_id=9004_3911&menuId=PS03443,html/ajax_01_PS03443.json,농촌진흥청 농업인안전365,N,N
cbfb87217d625d7e,발간책자,농기계,농업기계 관련 농업인 손상 실태 : 2015년 농업인 업무상 손상조사 결과 및 손상사례,PDF,,,2017-01-24,https://farmer.rda.go.kr/portal/menu1/contentMain_B.do?m_id=9004_3911&menuId=PS03443&contentsNo=63,https://farmer.rda.go.kr/portal/contentsFileDownload.do?atchFileGroupCd=A0000868&fileSn=1,PS03443:63,https://farmer.rda.go.kr/portal/menu1/contentMain_B.do?m_id=9004_3911&menuId=PS03443,html/ajax_01_PS03443.json,농촌진흥청 농업인안전365,N,N
6fffb3d3033ec114,발간책자,농약·화학물질,소[牛] 사육 농업인의 안전보건관리,PDF,,,2017-02-24,https://farmer.rda.go.kr/portal/menu1/contentMain_B.do?m_id=9004_3911&menuId=PS03443&contentsNo=62,https://farmer.rda.go.kr/portal/contentsFileDownload.do?atchFileGroupCd=A0000867&fileSn=1,PS03443:62,https://farmer.rda.go.kr/portal/menu1/contentMain_B.do?m_id=9004_3911&menuId=PS03443,html/ajax_01_PS03443.json,농촌진흥청 농업인안전365,N,N
c0464f463d64ceb1,발간책자,간행물,농작업 유해요인의 노출평가와 개선,PDF,,,2017-02-24,https://farmer.rda.go.kr/portal/menu1/contentMain_B.do?m_id=9004_3911&menuId=PS03443&contentsNo=65,https://farmer.rda.go.kr/portal/contentsFileDownload.do?atchFileGroupCd=A0000870&fileSn=1,PS03443:65,https://farmer.rda.go.kr/portal/menu1/contentMain_B.do?m_id=9004_3911&menuId=PS03443,html/ajax_01_PS03443.json,농촌진흥청 농업인안전365,N,N
635f8f550183c7b0,발간책자,농약·화학물질,양계 농업인의 안전보건관리,PDF,,,2019-02-01,https://farmer.rda.go.kr/portal/menu1/contentMain_B.do?m_id=9004_3911&menuId=PS03443&contentsNo=69,https://farmer.rda.go.kr/portal/contentsFileDownload.do?atchFileGroupCd=A0000874&fileSn=1,PS03443:69,https://farmer.rda.go.kr/portal/menu1/contentMain_B.do?m_id=9004_3911&menuId=PS03443,html/ajax_01_PS03443.json,농촌진흥청 농업인안전365,N,N
cddae4c63c3bd128,발간책자,간행물,알기 쉬운 농업인의 업무상 질병 : 2012년 농업인의 업무상 질병 및 손상 조사결과,PDF,,,2017-02-24,https://farmer.rda.go.kr/portal/menu1/contentMain_B.do?m_id=9004_3911&menuId=PS03443&contentsNo=70,https://farmer.rda.go.kr/portal/contentsFileDownload.do?atchFileGroupCd=A0000875&fileSn=1,PS03443:70,https://farmer.rda.go.kr/portal/menu1/contentMain_B.do?m_id=9004_3911&menuId=PS03443,html/ajax_01_PS03443.json,농촌진흥청 농업인안전365,N,N
7ca5ae38ad932fe3,발간책자,농약·화학물질,농작업 유해요인 개선방안,PDF,,,2021-08-05,https://farmer.rda.go.kr/portal/menu1/contentMain_B.do?m_id=9004_3911&menuId=PS03443&contentsNo=68,https://farmer.rda.go.kr/portal/contentsFileDownload.do?atchFileGroupCd=A0000873&fileSn=1,PS03443:68,https://farmer.rda.go.kr/portal/menu1/contentMain_B.do?m_id=9004_3911&menuId=PS03443,html/ajax_01_PS03443.json,농촌진흥청 농업인안전365,N,N
69199d480e3c9926,발간책자,농약·화학물질,농업인을 위한 개인보호구 및 보조장비,PDF,,,2019-02-01,https://farmer.rda.go.kr/portal/menu1/contentMain_B.do?m_id=9004_3911&menuId=PS03443&contentsNo=71,https://farmer.rda.go.kr/portal/contentsFileDownload.do?atchFileGroupCd=A0000876&fileSn=1,PS03443:71,https://farmer.rda.go.kr/portal/menu1/contentMain_B.do?m_id=9004_3911&menuId=PS03443,html/ajax_01_PS03443.json,농촌진흥청 농업인안전365,N,N
10dc90f2e16d75fc,발간책자,간행물,양돈농업인의 안전보건관리,PDF,,,2019-02-07,https://farmer.rda.go.kr/portal/menu1/contentMain_B.do?m_id=9004_3911&menuId=PS03443&contentsNo=74,https://farmer.rda.go.kr/portal/contentsFileDownload.do?atchFileGroupCd=A0000879&fileSn=1,PS03443:74,https://farmer.rda.go.kr/portal/menu1/contentMain_B.do?m_id=9004_3911&menuId=PS03443,html/ajax_01_PS03443.json,농촌진흥청 농업인안전365,N,N
b619073a520c41f7,발간책자,간행물,소규모 가공사업장의 안전보건관리 지침서,PDF,,,2019-02-01,https://farmer.rda.go.kr/portal/menu1/contentMain_B.do?m_id=9004_3911&menuId=PS03443&contentsNo=73,https://farmer.rda.go.kr/portal/contentsFileDownload.do?atchFileGroupCd=A0000878&fileSn=1,PS03443:73,https://farmer.rda.go.kr/portal/menu1/contentMain_B.do?m_id=9004_3911&menuId=PS03443,html/ajax_01_PS03443.json,농촌진흥청 농업인안전365,N,N
503338927203ba42,발간책자,농기계,농업기계 안전이용기술(농업기술길잡이 156),PDF,,,2023-05-31,https://farmer.rda.go.kr/portal/menu1/contentMain_B.do?m_id=9004_3911&menuId=PS03443&contentsNo=72,https://farmer.rda.go.kr/portal/contentsFileDownload.do?atchFileGroupCd=A0000877&fileSn=1,PS03443:72,https://farmer.rda.go.kr/portal/menu1/contentMain_B.do?m_id=9004_3911&menuId=PS03443,html/ajax_01_PS03443.json,농촌진흥청 농업인안전365,N,N
e4cc34c505e3d53a,발간책자,응급대응,농작업 재해 응급처치 (중국어판),PDF,,,2018-07-27,https://farmer.rda.go.kr/portal/menu1/contentMain_B.do?m_id=9004_3911&menuId=PS03443&contentsNo=78,https://farmer.rda.go.kr/portal/contentsFileDownload.do?atchFileGroupCd=A0000883&fileSn=1,PS03443:78,https://farmer.rda.go.kr/portal/menu1/contentMain_B.do?m_id=9004_3911&menuId=PS03443,html/ajax_01_PS03443.json,농촌진흥청 농업인안전365,N,N
5eea60565af6ec41,발간책자,응급대응,농작업 재해 응급처치 (영문판),PDF,,,2018-07-27,https://farmer.rda.go.kr/portal/menu1/contentMain_B.do?m_id=9004_3911&menuId=PS03443&contentsNo=77,https://farmer.rda.go.kr/portal/contentsFileDownload.do?atchFileGroupCd=A0000882&fileSn=1,PS03443:77,https://farmer.rda.go.kr/portal/menu1/contentMain_B.do?m_id=9004_3911&menuId=PS03443,html/ajax_01_PS03443.json,농촌진흥청 농업인안전365,N,N
e4ba069637e47118,발간책자,응급대응,농작업 재해 응급처치 (베트남어판),PDF,,,2018-07-27,https://farmer.rda.go.kr/portal/menu1/contentMain_B.do?m_id=9004_3911&menuId=PS03443&contentsNo=76,https://farmer.rda.go.kr/portal/contentsFileDownload.do?atchFileGroupCd=A0000881&fileSn=1,PS03443:76,https://farmer.rda.go.kr/portal/menu1/contentMain_B.do?m_id=9004_3911&menuId=PS03443,html/ajax_01_PS03443.json,농촌진흥청 농업인안전365,N,N
901daac759dcd808,발간책자,응급대응,농작업 재해 응급처치 (캄보디아어판),PDF,,,2020-06-11,https://farmer.rda.go.kr/portal/menu1/contentMain_B.do?m_id=9004_3911&menuId=PS03443&contentsNo=75,https://farmer.rda.go.kr/portal/contentsFileDownload.do?atchFileGroupCd=A0000880&fileSn=1,PS03443:75,https://farmer.rda.go.kr/portal/menu1/contentMain_B.do?m_id=9004_3911&menuId=PS03443,html/ajax_01_PS03443.json,농촌진흥청 농업인안전365,N,N
bac41259150bf5a3,발간책자,농약·화학물질,건강한 농업인 안전한 농작업 (캄보디아어),PDF,,,2018-07-27,https://farmer.rda.go.kr/portal/menu1/contentMain_B.do?m_id=9004_3911&menuId=PS03443&contentsNo=80,https://farmer.rda.go.kr/portal/contentsFileDownload.do?atchFileGroupCd=A0000885&fileSn=1,PS03443:80,https://farmer.rda.go.kr/portal/menu1/contentMain_B.do?m_id=9004_3911&menuId=PS03443,html/ajax_01_PS03443.json,농촌진흥청 농업인안전365,N,N
c4bd62d741dea243,발간책자,농약·화학물질,건강한 농업인 안전한 농작업 (중국어판),PDF,,,2018-07-27,https://farmer.rda.go.kr/portal/menu1/contentMain_B.do?m_id=9004_3911&menuId=PS03443&contentsNo=81,https://farmer.rda.go.kr/portal/contentsFileDownload.do?atchFileGroupCd=A0000886&fileSn=1,PS03443:81,https://farmer.rda.go.kr/portal/menu1/contentMain_B.do?m_id=9004_3911&menuId=PS03443,html/ajax_01_PS03443.json,농촌진흥청 농업인안전365,N,N
e2b49ab649bcd3ce,발간책자,농약·화학물질,건강한 농업인 안전한 농작업 (베트남어판),PDF,,,2018-07-27,https://farmer.rda.go.kr/portal/menu1/contentMain_B.do?m_id=9004_3911&menuId=PS03443&contentsNo=82,https://farmer.rda.go.kr/portal/contentsFileDownload.do?atchFileGroupCd=A0000887&fileSn=1,PS03443:82,https://farmer.rda.go.kr/portal/menu1/contentMain_B.do?m_id=9004_3911&menuId=PS03443,html/ajax_01_PS03443.json,농촌진흥청 농업인안전365,N,N
2687cd8c56ead077,발간책자,농약·화학물질,건강한 농업인 안전한 농작업,PDF,,,2018-07-27,https://farmer.rda.go.kr/portal/menu1/contentMain_B.do?m_id=9004_3911&menuId=PS03443&contentsNo=83,https://farmer.rda.go.kr/portal/contentsFileDownload.do?atchFileGroupCd=A0000888&fileSn=1,PS03443:83,https://farmer.rda.go.kr/portal/menu1/contentMain_B.do?m_id=9004_3911&menuId=PS03443,html/ajax_01_PS03443.json,농촌진흥청 농업인안전365,N,N
049d4e806cfb15cf,발간책자,농기계,농업기계 안전이용지침서,PDF,,,2023-05-31,https://farmer.rda.go.kr/portal/menu1/contentMain_B.do?m_id=9004_3911&menuId=PS03443&contentsNo=79,https://farmer.rda.go.kr/portal/contentsFileDownload.do?atchFileGroupCd=A0000884&fileSn=1,PS03443:79,https://farmer.rda.go.kr/portal/menu1/contentMain_B.do?m_id=9004_3911&menuId=PS03443,html/ajax_01_PS03443.json,농촌진흥청 농업인안전365,N,N
f92b603b5b46df43,발간책자,농기계,콤바인 안전작업 지침서 (작업자의 건강과 안전),PDF,,,2019-02-01,https://farmer.rda.go.kr/portal/menu1/contentMain_B.do?m_id=9004_3911&menuId=PS03443&contentsNo=87,https://farmer.rda.go.kr/portal/contentsFileDownload.do?atchFileGroupCd=A0000892&fileSn=1,PS03443:87,https://farmer.rda.go.kr/portal/menu1/contentMain_B.do?m_id=9004_3911&menuId=PS03443,html/ajax_01_PS03443.json,농촌진흥청 농업인안전365,N,N
77eac159c0c8a7a9,발간책자,농기계,농작업 및 생활환경 안전관리 길라잡이,PDF,,,2019-02-08,https://farmer.rda.go.kr/portal/menu1/contentMain_B.do?m_id=9004_3911&menuId=PS03443&contentsNo=84,https://farmer.rda.go.kr/portal/contentsFileDownload.do?atchFileGroupCd=A0000889&fileSn=1,PS03443:84,https://farmer.rda.go.kr/portal/menu1/contentMain_B.do?m_id=9004_3911&menuId=PS03443,html/ajax_01_PS03443.json,농촌진흥청 농업인안전365,N,N
25684346f5a57304,발간책자,간행물,일본의 농업재해 예방과 보상제도,PDF,,,2019-01-30,https://farmer.rda.go.kr/portal/menu1/contentMain_B.do?m_id=9004_3911&menuId=PS03443&contentsNo=86,https://farmer.rda.go.kr/portal/contentsFileDownload.do?atchFileGroupCd=A0000891&fileSn=1,PS03443:86,https://farmer.rda.go.kr/portal/menu1/contentMain_B.do?m_id=9004_3911&menuId=PS03443,html/ajax_01_PS03443.json,농촌진흥청 농업인안전365,N,N
66fd32145cad93c9,발간책자,간행물,농작업재해 예방·관리,PDF,,,2024-02-29,https://farmer.rda.go.kr/portal/menu1/contentMain_B.do?m_id=9004_3911&menuId=PS03443&contentsNo=89,https://farmer.rda.go.kr/portal/contentsFileDownload.do?atchFileGroupCd=A0000894&fileSn=1,PS03443:89,https://farmer.rda.go.kr/portal/menu1/contentMain_B.do?m_id=9004_3911&menuId=PS03443,html/ajax_01_PS03443.json,농촌진흥청 농업인안전365,N,N
2ef711711054b050,발간책자,간행물,농작업재해 현황 및 원인 통계의 구축 방안,PDF,,,2019-01-30,https://farmer.rda.go.kr/portal/menu1/contentMain_B.do?m_id=9004_3911&menuId=PS03443&contentsNo=88,https://farmer.rda.go.kr/portal/contentsFileDownload.do?atchFileGroupCd=A0000893&fileSn=1,PS03443:88,https://farmer.rda.go.kr/portal/menu1/contentMain_B.do?m_id=9004_3911&menuId=PS03443,html/ajax_01_PS03443.json,농촌진흥청 농업인안전365,N,N
8004993edae720e0,발간책자,근골격계,농업인 근골격계질환 진단 표준화 방안 개발 및 작업관련성 평가,PDF,,,2015-02-05,https://farmer.rda.go.kr/portal/menu1/contentMain_B.do?m_id=9004_3911&menuId=PS03443&contentsNo=85,https://farmer.rda.go.kr/portal/contentsFileDownload.do?atchFileGroupCd=A0000890&fileSn=1,PS03443:85,https://farmer.rda.go.kr/portal/menu1/contentMain_B.do?m_id=9004_3911&menuId=PS03443,html/ajax_01_PS03443.json,농촌진흥청 농업인안전365,N,N
72fc59a50299adb6,발간책자,농약·화학물질,국내외 농작업 편이장비·개인보호구 편람 1,PDF,,,2019-01-29,https://farmer.rda.go.kr/portal/menu1/contentMain_B.do?m_id=9004_3911&menuId=PS03443&contentsNo=91,https://farmer.rda.go.kr/portal/contentsFileDownload.do?atchFileGroupCd=A0000896&fileSn=1,PS03443:91,https://farmer.rda.go.kr/portal/menu1/contentMain_B.do?m_id=9004_3911&menuId=PS03443,html/ajax_01_PS03443.json,농촌진흥청 농업인안전365,N,N
cd64607e887ed103,발간책자,농약·화학물질,국내외 농작업 편이장비·개인보호구 편람 2,PDF,,,2019-01-29,https://farmer.rda.go.kr/portal/menu1/contentMain_B.do?m_id=9004_3911&menuId=PS03443&contentsNo=92,https://farmer.rda.go.kr/portal/contentsFileDownload.do?atchFileGroupCd=A0000897&fileSn=1,PS03443:92,https://farmer.rda.go.kr/portal/menu1/contentMain_B.do?m_id=9004_3911&menuId=PS03443,html/ajax_01_PS03443.json,농촌진흥청 농업인안전365,N,N
fe1d255ce6fce25b,발간책자,간행물,농업인 건강 및 농작업 관리행태,PDF,,,2019-02-08,https://farmer.rda.go.kr/portal/menu1/contentMain_B.do?m_id=9004_3911&menuId=PS03443&contentsNo=90,https://farmer.rda.go.kr/portal/contentsFileDownload.do?atchFileGroupCd=A0000895&fileSn=1,PS03443:90,https://farmer.rda.go.kr/portal/menu1/contentMain_B.do?m_id=9004_3911&menuId=PS03443,html/ajax_01_PS03443.json,농촌진흥청 농업인안전365,N,N
4df41dc56707b3f2,발간책자,농약·화학물질,농작업 안전관리 핸드북9 : 절화장미 재배농업인의 농약안전 사용지침,PDF,,,2018-07-27,https://farmer.rda.go.kr/portal/menu1/contentMain_B.do?m_id=9004_3911&menuId=PS03443&contentsNo=96,https://farmer.rda.go.kr/portal/contentsFileDownload.do?atchFileGroupCd=A0000901&fileSn=1,PS03443:96,https://farmer.rda.go.kr/portal/menu1/contentMain_B.do?m_id=9004_3911&menuId=PS03443,html/ajax_01_PS03443.json,농촌진흥청 농업인안전365,N,N
6546b4763fb49ac8,발간책자,간행물,농업인 업무상 재해 관리체제에 관한 연구,PDF,,,2019-01-29,https://farmer.rda.go.kr/portal/menu1/contentMain_B.do?m_id=9004_3911&menuId=PS03443&contentsNo=93,https://farmer.rda.go.kr/portal/contentsFileDownload.do?atchFileGroupCd=A0000898&fileSn=1,PS03443:93,https://farmer.rda.go.kr/portal/menu1/contentMain_B.do?m_id=9004_3911&menuId=PS03443,html/ajax_01_PS03443.json,농촌진흥청 농업인안전365,N,N
84943e715cb4f9d2,발간책자,간행물,농작업 안전관리 핸드북8 : 고령농업인의 작업안전관리,PDF,,,2018-07-27,https://farmer.rda.go.kr/portal/menu1/contentMain_B.do?m_id=9004_3911&menuId=PS03443&contentsNo=95,https://farmer.rda.go.kr/portal/contentsFileDownload.do?atchFileGroupCd=A0000900&fileSn=1,PS03443:95,https://farmer.rda.go.kr/portal/menu1/contentMain_B.do?m_id=9004_3911&menuId=PS03443,html/ajax_01_PS03443.json,농촌진흥청 농업인안전365,N,N
33e4af09f3958e48,발간책자,간행물,농업인 삶의질 향상을 위한 농작업재해의 현황과 관리방안,PDF,,,2019-02-08,https://farmer.rda.go.kr/portal/menu1/contentMain_B.do?m_id=9004_3911&menuId=PS03443&contentsNo=94,https://farmer.rda.go.kr/portal/contentsFileDownload.do?atchFileGroupCd=A0000899&fileSn=1,PS03443:94,https://farmer.rda.go.kr/portal/menu1/contentMain_B.do?m_id=9004_3911&menuId=PS03443,html/ajax_01_PS03443.json,농촌진흥청 농업인안전365,N,N
d3431685783cba2f,발간책자,간행물,농업인의 삶의질 향상을 위한 농작업재해 예방전략 개발 국제심포지엄,PDF,,,2024-02-29,https://farmer.rda.go.kr/portal/menu1/contentMain_B.do?m_id=9004_3911&menuId=PS03443&contentsNo=98,https://farmer.rda.go.kr/portal/contentsFileDownload.do?atchFileGroupCd=A0000903&fileSn=1,PS03443:98,https://farmer.rda.go.kr/portal/menu1/contentMain_B.do?m_id=9004_3911&menuId=PS03443,html/ajax_01_PS03443.json,농촌진흥청 농업인안전365,N,N
cdadce90e824c30f,발간책자,간행물,농작업재해 예방사업 추진방향(농업인의 건강과 안전대책 마련을 위한 제 2차 워크숍 자료집),PDF,,,2024-02-29,https://farmer.rda.go.kr/portal/menu1/contentMain_B.do?m_id=9004_3911&menuId=PS03443&contentsNo=99,https://farmer.rda.go.kr/portal/contentsFileDownload.do?atchFileGroupCd=A0000904&fileSn=1,PS03443:99,https://farmer.rda.go.kr/portal/menu1/contentMain_B.do?m_id=9004_3911&menuId=PS03443,html/ajax_01_PS03443.json,농촌진흥청 농업인안전365,N,N
5c6246b42ef63efe,발간책자,농기계,사례로 배우는 농업기계 안전사고 예방,PDF,,,2023-05-31,https://farmer.rda.go.kr/portal/menu1/contentMain_B.do?m_id=9004_3911&menuId=PS03443&contentsNo=97,https://farmer.rda.go.kr/portal/contentsFileDownload.do?atchFileGroupCd=A0000902&fileSn=1,PS03443:97,https://farmer.rda.go.kr/portal/menu1/contentMain_B.do?m_id=9004_3911&menuId=PS03443,html/ajax_01_PS03443.json,농촌진흥청 농업인안전365,N,N
db605376e70abb83,발간책자,간행물,웰빙 낙농을 위한 목장 안전사고 예방 지침서,PDF,,,2019-02-08,https://farmer.rda.go.kr/portal/menu1/contentMain_B.do?m_id=9004_3911&menuId=PS03443&contentsNo=102,https://farmer.rda.go.kr/portal/contentsFileDownload.do?atchFileGroupCd=A0000907&fileSn=1,PS03443:102,https://farmer.rda.go.kr/portal/menu1/contentMain_B.do?m_id=9004_3911&menuId=PS03443,html/ajax_01_PS03443.json,농촌진흥청 농업인안전365,N,N
3eacd9c0fd9cfd4f,발간책자,간행물,농림어업인의 주요 상병 및 건강행태 비교 분석,PDF,,,2019-02-08,https://farmer.rda.go.kr/portal/menu1/contentMain_B.do?m_id=9004_3911&menuId=PS03443&contentsNo=101,https://farmer.rda.go.kr/portal/contentsFileDownload.do?atchFileGroupCd=A0000906&fileSn=1,PS03443:101,https://farmer.rda.go.kr/portal/menu1/contentMain_B.do?m_id=9004_3911&menuId=PS03443,html/ajax_01_PS03443.json,농촌진흥청 농업인안전365,N,N
59966d3356c2d442,발간책자,농기계,농업기계 안전사고 Zero를 위한 농작업 안전지침서,PDF,,,2023-05-31,https://farmer.rda.go.kr/portal/menu1/contentMain_B.do?m_id=9004_3911&menuId=PS03443&contentsNo=100,https://farmer.rda.go.kr/portal/contentsFileDownload.do?atchFileGroupCd=A0000905&fileSn=1,PS03443:100,https://farmer.rda.go.kr/portal/menu1/contentMain_B.do?m_id=9004_3911&menuId=PS03443,html/ajax_01_PS03443.json,농촌진흥청 농업인안전365,N,N
e5647d91ae141a58,발간책자,간행물,농작업 안전관리 핸드북3 : 양돈작업장의 유해요인 관리,PDF,,,2018-07-27,https://farmer.rda.go.kr/portal/menu1/contentMain_B.do?m_id=9004_3911&menuId=PS03443&contentsNo=107,https://farmer.rda.go.kr/portal/contentsFileDownload.do?atchFileGroupCd=A0000912&fileSn=1,PS03443:107,https://farmer.rda.go.kr/portal/menu1/contentMain_B.do?m_id=9004_3911&menuId=PS03443,html/ajax_01_PS03443.json,농촌진흥청 농업인안전365,N,N
76d13d74d283f911,발간책자,근골격계,농작업 안전관리 핸드북6 : 농작업 관련 근골격계 질환 예방,PDF,,,2018-07-27,https://farmer.rda.go.kr/portal/menu1/contentMain_B.do?m_id=9004_3911&menuId=PS03443&contentsNo=103,https://farmer.rda.go.kr/portal/contentsFileDownload.do?atchFileGroupCd=A0000908&fileSn=1,PS03443:103,https://farmer.rda.go.kr/portal/menu1/contentMain_B.do?m_id=9004_3911&menuId=PS03443,html/ajax_01_PS03443.json,농촌진흥청 농업인안전365,N,N
1e4b57d833196400,발간책자,농기계,농작업 안전재해 예방,PDF,,,2023-06-30,https://farmer.rda.go.kr/portal/menu1/contentMain_B.do?m_id=9004_3911&menuId=PS03443&contentsNo=5,https://farmer.rda.go.kr/portal/contentsFileDownload.do?atchFileGroupCd=A0000810&fileSn=1,PS03443:5,https://farmer.rda.go.kr/portal/menu1/contentMain_B.do?m_id=9004_3911&menuId=PS03443,html/ajax_01_PS03443.json,농촌진흥청 농업인안전365,N,N
2c41958932798022,발간책자,간행물,농작업 안전관리 핸드북2 : 자외선과 건강,PDF,,,2018-07-27,https://farmer.rda.go.kr/portal/menu1/contentMain_B.do?m_id=9004_3911&menuId=PS03443&contentsNo=105,https://farmer.rda.go.kr/portal/contentsFileDownload.do?atchFileGroupCd=A0000910&fileSn=1,PS03443:105,https://farmer.rda.go.kr/portal/menu1/contentMain_B.do?m_id=9004_3911&menuId=PS03443,html/ajax_01_PS03443.json,농촌진흥청 농업인안전365,N,N
5b3665160835229f,발간책자,농약·화학물질,농작업 안전관리 핸드북7 : 농업인의 직업병에 대하여,PDF,,,2018-07-27,https://farmer.rda.go.kr/portal/menu1/contentMain_B.do?m_id=9004_3911&menuId=PS03443&contentsNo=109,https://farmer.rda.go.kr/portal/contentsFileDownload.do?atchFileGroupCd=A0000914&fileSn=1,PS03443:109,https://farmer.rda.go.kr/portal/menu1/contentMain_B.do?m_id=9004_3911&menuId=PS03443,html/ajax_01_PS03443.json,농촌진흥청 농업인안전365,N,N
c27dd6f3f5cb5f1d,발간책자,간행물,농작업 안전관리 핸드북4 : 양계작업장의 유해요인 관리,PDF,,,2018-07-27,https://farmer.rda.go.kr/portal/menu1/contentMain_B.do?m_id=9004_3911&menuId=PS03443&contentsNo=104,https://farmer.rda.go.kr/portal/contentsFileDownload.do?atchFileGroupCd=A0000909&fileSn=1,PS03443:104,https://farmer.rda.go.kr/portal/menu1/contentMain_B.do?m_id=9004_3911&menuId=PS03443,html/ajax_01_PS03443.json,농촌진흥청 농업인안전365,N,N
2d5200548fd14a1a,발간책자,농약·화학물질,농작업 안전관리 핸드북5 : 농약 독성과 안전사용 방법,PDF,,,2018-07-27,https://farmer.rda.go.kr/portal/menu1/contentMain_B.do?m_id=9004_3911&menuId=PS03443&contentsNo=108,https://farmer.rda.go.kr/portal/contentsFileDownload.do?atchFileGroupCd=A0000913&fileSn=1,PS03443:108,https://farmer.rda.go.kr/portal/menu1/contentMain_B.do?m_id=9004_3911&menuId=PS03443,html/ajax_01_PS03443.json,농촌진흥청 농업인안전365,N,N
4a7794888f9836d0,발간책자,간행물,농작업 안전관리 핸드북1 : 농작업 및 생활환경 관리,PDF,,,2018-07-27,https://farmer.rda.go.kr/portal/menu1/contentMain_B.do?m_id=9004_3911&menuId=PS03443&contentsNo=106,https://farmer.rda.go.kr/portal/contentsFileDownload.do?atchFileGroupCd=A0000911&fileSn=1,PS03443:106,https://farmer.rda.go.kr/portal/menu1/contentMain_B.do?m_id=9004_3911&menuId=PS03443,html/ajax_01_PS03443.json,농촌진흥청 농업인안전365,N,N
2950ca8e5315fab3,포스터 · OPS,추락·넘어짐,축산사고 예방 기본수칙 (지붕추락 사고예방),PDF,,,2026-08-21,https://farmer.rda.go.kr/portal/menu1/contentMain_B.do?m_id=9004_3911&menuId=PS03455&contentsNo=78,https://farmer.rda.go.kr/portal/contentsFileDownload.do?atchFileGroupCd=A0006325&fileSn=1,PS03455:78,https://farmer.rda.go.kr/portal/menu1/contentMain_B.do?m_id=9004_3911&menuId=PS03455,html/ajax_02_PS03455.json,농촌진흥청 농업인안전365,N,N
21c7bd20f212a0d6,포스터 · OPS,간행물,축산사고 예방 기본수칙 (소 돌진 사고예방),PDF,,,2026-08-21,https://farmer.rda.go.kr/portal/menu1/contentMain_B.do?m_id=9004_3911&menuId=PS03455&contentsNo=77,https://farmer.rda.go.kr/portal/contentsFileDownload.do?atchFileGroupCd=A0006324&fileSn=1,PS03455:77,https://farmer.rda.go.kr/portal/menu1/contentMain_B.do?m_id=9004_3911&menuId=PS03455,html/ajax_02_PS03455.json,농촌진흥청 농업인안전365,N,N
bf4f0342a2e8fc25,포스터 · OPS,간행물,축산사고 예방 기본수칙 (사료배합기 사고예방),PDF,,,2026-08-21,https://farmer.rda.go.kr/portal/menu1/contentMain_B.do?m_id=9004_3911&menuId=PS03455&contentsNo=76,https://farmer.rda.go.kr/portal/contentsFileDownload.do?atchFileGroupCd=A0006323&fileSn=1,PS03455:76,https://farmer.rda.go.kr/portal/menu1/contentMain_B.do?m_id=9004_3911&menuId=PS03455,html/ajax_02_PS03455.json,농촌진흥청 농업인안전365,N,N
425daddbaf48c145,포스터 · OPS,작업환경,농작업 재해예방 기본수칙 (호흡기계질환 예방),PDF,,,2026-08-21,https://farmer.rda.go.kr/portal/menu1/contentMain_B.do?m_id=9004_3911&menuId=PS03455&contentsNo=75,https://farmer.rda.go.kr/portal/contentsFileDownload.do?atchFileGroupCd=A0006322&fileSn=1,PS03455:75,https://farmer.rda.go.kr/portal/menu1/contentMain_B.do?m_id=9004_3911&menuId=PS03455,html/ajax_02_PS03455.json,농촌진흥청 농업인안전365,N,N
8190e4eae50cca40,포스터 · OPS,농기계,농작업 재해예방 기본수칙 (트랙터 사고예방),PDF,,,2026-08-21,https://farmer.rda.go.kr/portal/menu1/contentMain_B.do?m_id=9004_3911&menuId=PS03455&contentsNo=74,https://farmer.rda.go.kr/portal/contentsFileDownload.do?atchFileGroupCd=A0006321&fileSn=1,PS03455:74,https://farmer.rda.go.kr/portal/menu1/contentMain_B.do?m_id=9004_3911&menuId=PS03455,html/ajax_02_PS03455.json,농촌진흥청 농업인안전365,N,N
cdc40fbedf84fa78,포스터 · OPS,감염·생물학적 위험,농작업 재해예방 기본수칙 (진드기 매개 감염병 예방),PDF,,,2026-08-21,https://farmer.rda.go.kr/portal/menu1/contentMain_B.do?m_id=9004_3911&menuId=PS03455&contentsNo=73,https://farmer.rda.go.kr/portal/contentsFileDownload.do?atchFileGroupCd=A0006320&fileSn=1,PS03455:73,https://farmer.rda.go.kr/portal/menu1/contentMain_B.do?m_id=9004_3911&menuId=PS03455,html/ajax_02_PS03455.json,농촌진흥청 농업인안전365,N,N
d64ab57f313bbb3a,포스터 · OPS,온열·한랭,농작업 재해예방 기본수칙 (온열질환 예방),PDF,,,2026-08-21,https://farmer.rda.go.kr/portal/menu1/contentMain_B.do?m_id=9004_3911&menuId=PS03455&contentsNo=72,https://farmer.rda.go.kr/portal/contentsFileDownload.do?atchFileGroupCd=A0006319&fileSn=1,PS03455:72,https://farmer.rda.go.kr/portal/menu1/contentMain_B.do?m_id=9004_3911&menuId=PS03455,html/ajax_02_PS03455.json,농촌진흥청 농업인안전365,N,N
65aaf40c870d1f01,포스터 · OPS,농기계,농작업 재해예방 기본수칙 (예초기 사고예방),PDF,,,2026-08-21,https://farmer.rda.go.kr/portal/menu1/contentMain_B.do?m_id=9004_3911&menuId=PS03455&contentsNo=71,https://farmer.rda.go.kr/portal/contentsFileDownload.do?atchFileGroupCd=A0006318&fileSn=1,PS03455:71,https://farmer.rda.go.kr/portal/menu1/contentMain_B.do?m_id=9004_3911&menuId=PS03455,html/ajax_02_PS03455.json,농촌진흥청 농업인안전365,N,N
c9eee29192df0a8a,포스터 · OPS,추락·넘어짐,농작업 재해예방 기본수칙 (사다리 사고예방),PDF,,,2026-08-21,https://farmer.rda.go.kr/portal/menu1/contentMain_B.do?m_id=9004_3911&menuId=PS03455&contentsNo=70,https://farmer.rda.go.kr/portal/contentsFileDownload.do?atchFileGroupCd=A0006317&fileSn=1,PS03455:70,https://farmer.rda.go.kr/portal/menu1/contentMain_B.do?m_id=9004_3911&menuId=PS03455,html/ajax_02_PS03455.json,농촌진흥청 농업인안전365,N,N
79ff85ead1f30c9c,포스터 · OPS,응급대응,농작업 재해예방 기본수칙 (뇌졸중 예방),PDF,,,2026-08-21,https://farmer.rda.go.kr/portal/menu1/contentMain_B.do?m_id=9004_3911&menuId=PS03455&contentsNo=69,https://farmer.rda.go.kr/portal/contentsFileDownload.do?atchFileGroupCd=A0006316&fileSn=1,PS03455:69,https://farmer.rda.go.kr/portal/menu1/contentMain_B.do?m_id=9004_3911&menuId=PS03455,html/ajax_02_PS03455.json,농촌진흥청 농업인안전365,N,N
5e61f123afe08306,포스터 · OPS,농기계,농작업 재해예방 기본수칙(농작업 안전재해보험 및 안전교육 정보),PDF,,,2026-08-21,https://farmer.rda.go.kr/portal/menu1/contentMain_B.do?m_id=9004_3911&menuId=PS03455&contentsNo=68,https://farmer.rda.go.kr/portal/contentsFileDownload.do?atchFileGroupCd=A0006315&fileSn=1,PS03455:68,https://farmer.rda.go.kr/portal/menu1/contentMain_B.do?m_id=9004_3911&menuId=PS03455,html/ajax_02_PS03455.json,농촌진흥청 농업인안전365,N,N
5a94696f03d1b429,포스터 · OPS,농약·화학물질,농작업 재해예방 기본수칙 (농약중독 예방),PDF,,,2026-08-20,https://farmer.rda.go.kr/portal/menu1/contentMain_B.do?m_id=9004_3911&menuId=PS03455&contentsNo=67,https://farmer.rda.go.kr/portal/contentsFileDownload.do?atchFileGroupCd=A0006314&fileSn=1,PS03455:67,https://farmer.rda.go.kr/portal/menu1/contentMain_B.do?m_id=9004_3911&menuId=PS03455,html/ajax_02_PS03455.json,농촌진흥청 농업인안전365,N,N
fed12dcbe43e71af,포스터 · OPS,추락·넘어짐,농작업 재해예방 기본수칙 (넘어짐 사고예방),PDF,,,2026-08-20,https://farmer.rda.go.kr/portal/menu1/contentMain_B.do?m_id=9004_3911&menuId=PS03455&contentsNo=66,https://farmer.rda.go.kr/portal/contentsFileDownload.do?atchFileGroupCd=A0006313&fileSn=1,PS03455:66,https://farmer.rda.go.kr/portal/menu1/contentMain_B.do?m_id=9004_3911&menuId=PS03455,html/ajax_02_PS03455.json,농촌진흥청 농업인안전365,N,N
647a9b2d9f349712,포스터 · OPS,근골격계,농작업 재해예방 기본수칙 (근골격계질환 예방),PDF,,,2026-08-20,https://farmer.rda.go.kr/portal/menu1/contentMain_B.do?m_id=9004_3911&menuId=PS03455&contentsNo=65,https://farmer.rda.go.kr/portal/contentsFileDownload.do?atchFileGroupCd=A0006312&fileSn=1,PS03455:65,https://farmer.rda.go.kr/portal/menu1/contentMain_B.do?m_id=9004_3911&menuId=PS03455,html/ajax_02_PS03455.json,농촌진흥청 농업인안전365,N,N
6c6251fb77e5ae55,포스터 · OPS,농기계,농작업 재해예방 기본수칙 (경운기 사고예방),PDF,,,2026-08-20,https://farmer.rda.go.kr/portal/menu1/contentMain_B.do?m_id=9004_3911&menuId=PS03455&contentsNo=64,https://farmer.rda.go.kr/portal/contentsFileDownload.do?atchFileGroupCd=A0006311&fileSn=1,PS03455:64,https://farmer.rda.go.kr/portal/menu1/contentMain_B.do?m_id=9004_3911&menuId=PS03455,html/ajax_02_PS03455.json,농촌진흥청 농업인안전365,N,N
5d711d03563c4d46,포스터 · OPS,온열·한랭,농업인 온열질환 예방 가이드,PDF,,,2026-05-14,https://farmer.rda.go.kr/portal/menu1/contentMain_B.do?m_id=9004_3911&menuId=PS03455&contentsNo=63,https://farmer.rda.go.kr/portal/contentsFileDownload.do?atchFileGroupCd=A0006109&fileSn=1,PS03455:63,https://farmer.rda.go.kr/portal/menu1/contentMain_B.do?m_id=9004_3911&menuId=PS03455,html/ajax_02_PS03455.json,농촌진흥청 농업인안전365,N,N
1be92c852be74f72,포스터 · OPS,감염·생물학적 위험,농업인을 위한 진드기 매개 감염병 예방수칙,PDF,,,2026-04-06,https://farmer.rda.go.kr/portal/menu1/contentMain_B.do?m_id=9004_3911&menuId=PS03455&contentsNo=62,https://farmer.rda.go.kr/portal/contentsFileDownload.do?atchFileGroupCd=A0006082&fileSn=1,PS03455:62,https://farmer.rda.go.kr/portal/menu1/contentMain_B.do?m_id=9004_3911&menuId=PS03455,html/ajax_02_PS03455.json,농촌진흥청 농업인안전365,N,N
f7cafb6fd1bfc0ab,포스터 · OPS,온열·한랭,"폭염 속 농작업 안전, 5대 기본수칙!",이미지,,,2025-07-21,https://farmer.rda.go.kr/portal/menu1/contentMain_B.do?m_id=9004_3911&menuId=PS03455&contentsNo=61,https://farmer.rda.go.kr/portal/contentsFileDownload.do?atchFileGroupCd=A0005962&fileSn=1,PS03455:61,https://farmer.rda.go.kr/portal/menu1/contentMain_B.do?m_id=9004_3911&menuId=PS03455,html/ajax_02_PS03455.json,농촌진흥청 농업인안전365,N,N
82d0f584de3c130d,포스터 · OPS,온열·한랭,농업인 온열질환 예방 가이드 (한국어),PDF,,,2025-05-27,https://farmer.rda.go.kr/portal/menu1/contentMain_B.do?m_id=9004_3911&menuId=PS03455&contentsNo=59,https://farmer.rda.go.kr/portal/contentsFileDownload.do?atchFileGroupCd=A0005698&fileSn=1,PS03455:59,https://farmer.rda.go.kr/portal/menu1/contentMain_B.do?m_id=9004_3911&menuId=PS03455,html/ajax_02_PS03455.json,농촌진흥청 농업인안전365,N,N
4c043aef004857d4,포스터 · OPS,온열·한랭,농업인 온열질환 예방 가이드 (태국어),첨부파일,,,2025-05-27,https://farmer.rda.go.kr/portal/menu1/contentMain_B.do?m_id=9004_3911&menuId=PS03455&contentsNo=58,https://farmer.rda.go.kr/portal/contentsFileDownload.do?atchFileGroupCd=A0005697&fileSn=1,PS03455:58,https://farmer.rda.go.kr/portal/menu1/contentMain_B.do?m_id=9004_3911&menuId=PS03455,html/ajax_02_PS03455.json,농촌진흥청 농업인안전365,N,N
7ebdcdc5d6680a6a,포스터 · OPS,온열·한랭,농업인 온열질환 예방 가이드 (캄보디아어),첨부파일,,,2025-05-27,https://farmer.rda.go.kr/portal/menu1/contentMain_B.do?m_id=9004_3911&menuId=PS03455&contentsNo=57,https://farmer.rda.go.kr/portal/contentsFileDownload.do?atchFileGroupCd=A0005696&fileSn=1,PS03455:57,https://farmer.rda.go.kr/portal/menu1/contentMain_B.do?m_id=9004_3911&menuId=PS03455,html/ajax_02_PS03455.json,농촌진흥청 농업인안전365,N,N
e056800ecef754c8,포스터 · OPS,온열·한랭,농업인 온열질환 예방 가이드 (영어),첨부파일,,,2025-05-27,https://farmer.rda.go.kr/portal/menu1/contentMain_B.do?m_id=9004_3911&menuId=PS03455&contentsNo=56,https://farmer.rda.go.kr/portal/contentsFileDownload.do?atchFileGroupCd=A0005695&fileSn=1,PS03455:56,https://farmer.rda.go.kr/portal/menu1/contentMain_B.do?m_id=9004_3911&menuId=PS03455,html/ajax_02_PS03455.json,농촌진흥청 농업인안전365,N,N
79861f95a6e76be3,포스터 · OPS,온열·한랭,농업인 온열질환 예방 가이드 (베트남어),첨부파일,,,2025-05-27,https://farmer.rda.go.kr/portal/menu1/contentMain_B.do?m_id=9004_3911&menuId=PS03455&contentsNo=55,https://farmer.rda.go.kr/portal/contentsFileDownload.do?atchFileGroupCd=A0005694&fileSn=1,PS03455:55,https://farmer.rda.go.kr/portal/menu1/contentMain_B.do?m_id=9004_3911&menuId=PS03455,html/ajax_02_PS03455.json,농촌진흥청 농업인안전365,N,N
31aec25a1107493a,포스터 · OPS,온열·한랭,농업인 온열질환 예방 가이드 (미얀마어),첨부파일,,,2025-05-27,https://farmer.rda.go.kr/portal/menu1/contentMain_B.do?m_id=9004_3911&menuId=PS03455&contentsNo=54,https://farmer.rda.go.kr/portal/contentsFileDownload.do?atchFileGroupCd=A0005693&fileSn=1,PS03455:54,https://farmer.rda.go.kr/portal/menu1/contentMain_B.do?m_id=9004_3911&menuId=PS03455,html/ajax_02_PS03455.json,농촌진흥청 농업인안전365,N,N
0a59dd274338a086,포스터 · OPS,온열·한랭,농업인 온열질환 예방 가이드 (몽골어),첨부파일,,,2025-05-27,https://farmer.rda.go.kr/portal/menu1/contentMain_B.do?m_id=9004_3911&menuId=PS03455&contentsNo=53,https://farmer.rda.go.kr/portal/contentsFileDownload.do?atchFileGroupCd=A0005692&fileSn=1,PS03455:53,https://farmer.rda.go.kr/portal/menu1/contentMain_B.do?m_id=9004_3911&menuId=PS03455,html/ajax_02_PS03455.json,농촌진흥청 농업인안전365,N,N
713447edae3ec88f,포스터 · OPS,온열·한랭,농업인 온열질환 예방 가이드 (라오스어),첨부파일,,,2025-05-27,https://farmer.rda.go.kr/portal/menu1/contentMain_B.do?m_id=9004_3911&menuId=PS03455&contentsNo=52,https://farmer.rda.go.kr/portal/contentsFileDownload.do?atchFileGroupCd=A0005699&fileSn=1,PS03455:52,https://farmer.rda.go.kr/portal/menu1/contentMain_B.do?m_id=9004_3911&menuId=PS03455,html/ajax_02_PS03455.json,농촌진흥청 농업인안전365,N,N
38c5bb8e4e60d518,포스터 · OPS,온열·한랭,농업인 온열질환 예방 가이드 (네팔어),첨부파일,,,2025-05-27,https://farmer.rda.go.kr/portal/menu1/contentMain_B.do?m_id=9004_3911&menuId=PS03455&contentsNo=51,https://farmer.rda.go.kr/portal/contentsFileDownload.do?atchFileGroupCd=A0005691&fileSn=1,PS03455:51,https://farmer.rda.go.kr/portal/menu1/contentMain_B.do?m_id=9004_3911&menuId=PS03455,html/ajax_02_PS03455.json,농촌진흥청 농업인안전365,N,N
526a55d7d526ac3f,포스터 · OPS,농기계,IoT농업기계 교통안전 및 사고감지 알람시스템,PDF,,,2025-04-16,https://farmer.rda.go.kr/portal/menu1/contentMain_B.do?m_id=9004_3911&menuId=PS03455&contentsNo=2,https://farmer.rda.go.kr/portal/contentsFileDownload.do?atchFileGroupCd=A0005629&fileSn=1,PS03455:2,https://farmer.rda.go.kr/portal/menu1/contentMain_B.do?m_id=9004_3911&menuId=PS03455,html/ajax_02_PS03455.json,농촌진흥청 농업인안전365,N,N
21dea27ef68836cd,포스터 · OPS,농약·화학물질,농약방제복,PDF,,,2025-04-17,https://farmer.rda.go.kr/portal/menu1/contentMain_B.do?m_id=9004_3911&menuId=PS03455&contentsNo=20,https://farmer.rda.go.kr/portal/contentsFileDownload.do?atchFileGroupCd=A0005647&fileSn=1,PS03455:20,https://farmer.rda.go.kr/portal/menu1/contentMain_B.do?m_id=9004_3911&menuId=PS03455,html/ajax_02_PS03455.json,농촌진흥청 농업인안전365,N,N
84ed4fee33328f19,포스터 · OPS,간행물,농작업용 에어냉각조끼,PDF,,,2025-04-17,https://farmer.rda.go.kr/portal/menu1/contentMain_B.do?m_id=9004_3911&menuId=PS03455&contentsNo=3,https://farmer.rda.go.kr/portal/contentsFileDownload.do?atchFileGroupCd=A0005630&fileSn=1,PS03455:3,https://farmer.rda.go.kr/portal/menu1/contentMain_B.do?m_id=9004_3911&menuId=PS03455,html/ajax_02_PS03455.json,농촌진흥청 농업인안전365,N,N
17b5e53f8e01b09a,포스터 · OPS,간행물,축산보호화,이미지,,,2025-04-17,https://farmer.rda.go.kr/portal/menu1/contentMain_B.do?m_id=9004_3911&menuId=PS03455&contentsNo=22,https://farmer.rda.go.kr/portal/contentsFileDownload.do?atchFileGroupCd=A0005649&fileSn=1,PS03455:22,https://farmer.rda.go.kr/portal/menu1/contentMain_B.do?m_id=9004_3911&menuId=PS03455,html/ajax_02_PS03455.json,농촌진흥청 농업인안전365,N,N
95a05bb4308f5f12,포스터 · OPS,간행물,축산작업복,이미지,,,2025-04-17,https://farmer.rda.go.kr/portal/menu1/contentMain_B.do?m_id=9004_3911&menuId=PS03455&contentsNo=26,https://farmer.rda.go.kr/portal/contentsFileDownload.do?atchFileGroupCd=A0005653&fileSn=1,PS03455:26,https://farmer.rda.go.kr/portal/menu1/contentMain_B.do?m_id=9004_3911&menuId=PS03455,html/ajax_02_PS03455.json,농촌진흥청 농업인안전365,N,N
92ac77109396ddd0,포스터 · OPS,간행물,농작업화,PDF,,,2025-04-17,https://farmer.rda.go.kr/portal/menu1/contentMain_B.do?m_id=9004_3911&menuId=PS03455&contentsNo=4,https://farmer.rda.go.kr/portal/contentsFileDownload.do?atchFileGroupCd=A0005631&fileSn=1,PS03455:4,https://farmer.rda.go.kr/portal/menu1/contentMain_B.do?m_id=9004_3911&menuId=PS03455,html/ajax_02_PS03455.json,농촌진흥청 농업인안전365,N,N
09580a9ccea28fc4,포스터 · OPS,간행물,손잡이 회전 농업용 가위,PDF,,,2025-04-17,https://farmer.rda.go.kr/portal/menu1/contentMain_B.do?m_id=9004_3911&menuId=PS03455&contentsNo=14,https://farmer.rda.go.kr/portal/contentsFileDownload.do?atchFileGroupCd=A0005641&fileSn=1,PS03455:14,https://farmer.rda.go.kr/portal/menu1/contentMain_B.do?m_id=9004_3911&menuId=PS03455,html/ajax_02_PS03455.json,농촌진흥청 농업인안전365,N,N
0151006e1b307b4b,포스터 · OPS,근골격계,근골격계질환 예방 농업인 건강체조,이미지,,,2025-04-17,https://farmer.rda.go.kr/portal/menu1/contentMain_B.do?m_id=9004_3911&menuId=PS03455&contentsNo=13,https://farmer.rda.go.kr/portal/contentsFileDownload.do?atchFileGroupCd=A0005640&fileSn=1,PS03455:13,https://farmer.rda.go.kr/portal/menu1/contentMain_B.do?m_id=9004_3911&menuId=PS03455,html/ajax_02_PS03455.json,농촌진흥청 농업인안전365,N,N
405460cc33aeb846,포스터 · OPS,농기계,예초기 안전 사용 가이드,PDF,,,2025-04-17,https://farmer.rda.go.kr/portal/menu1/contentMain_B.do?m_id=9004_3911&menuId=PS03455&contentsNo=15,https://farmer.rda.go.kr/portal/contentsFileDownload.do?atchFileGroupCd=A0005642&fileSn=1,PS03455:15,https://farmer.rda.go.kr/portal/menu1/contentMain_B.do?m_id=9004_3911&menuId=PS03455,html/ajax_02_PS03455.json,농촌진흥청 농업인안전365,N,N
495c2a8cd5bd8ca3,포스터 · OPS,간행물,농업용 혼합기 안전이용 가이드,PDF,,,2025-04-17,https://farmer.rda.go.kr/portal/menu1/contentMain_B.do?m_id=9004_3911&menuId=PS03455&contentsNo=16,https://farmer.rda.go.kr/portal/contentsFileDownload.do?atchFileGroupCd=A0005643&fileSn=1,PS03455:16,https://farmer.rda.go.kr/portal/menu1/contentMain_B.do?m_id=9004_3911&menuId=PS03455,html/ajax_02_PS03455.json,농촌진흥청 농업인안전365,N,N
1b081bbe16057f5b,포스터 · OPS,간행물,농촌지역 교통안전 기억해요,이미지,,,2025-04-17,https://farmer.rda.go.kr/portal/menu1/contentMain_B.do?m_id=9004_3911&menuId=PS03455&contentsNo=5,https://farmer.rda.go.kr/portal/contentsFileDownload.do?atchFileGroupCd=A0005632&fileSn=1,PS03455:5,https://farmer.rda.go.kr/portal/menu1/contentMain_B.do?m_id=9004_3911&menuId=PS03455,html/ajax_02_PS03455.json,농촌진흥청 농업인안전365,N,N
7f9e41e023a13f6c,포스터 · OPS,간행물,야생멧돼지 오인 총기 사고 피해 예방을 위한 농업인 안전수칙,이미지,,,2025-04-16,https://farmer.rda.go.kr/portal/menu1/contentMain_B.do?m_id=9004_3911&menuId=PS03455&contentsNo=1,https://farmer.rda.go.kr/portal/contentsFileDownload.do?atchFileGroupCd=A0005628&fileSn=1,PS03455:1,https://farmer.rda.go.kr/portal/menu1/contentMain_B.do?m_id=9004_3911&menuId=PS03455,html/ajax_02_PS03455.json,농촌진흥청 농업인안전365,N,N
c2c0cac313793e0e,포스터 · OPS,간행물,산림 사고 예방 12대 안전수칙,PDF,,,2025-05-28,https://farmer.rda.go.kr/portal/menu1/contentMain_B.do?m_id=9004_3911&menuId=PS03455&contentsNo=60,https://farmer.rda.go.kr/portal/contentsFileDownload.do?atchFileGroupCd=A0005700&fileSn=1,PS03455:60,https://farmer.rda.go.kr/portal/menu1/contentMain_B.do?m_id=9004_3911&menuId=PS03455,html/ajax_02_PS03455.json,농촌진흥청 농업인안전365,N,N
9f66bcf556622c11,포스터 · OPS,응급대응,농산물 가공사업장 발생 상해 응급처치(동상 및 동창),이미지,,,2025-04-17,https://farmer.rda.go.kr/portal/menu1/contentMain_B.do?m_id=9004_3911&menuId=PS03455&contentsNo=30,https://farmer.rda.go.kr/portal/contentsFileDownload.do?atchFileGroupCd=A0005657&fileSn=1,PS03455:30,https://farmer.rda.go.kr/portal/menu1/contentMain_B.do?m_id=9004_3911&menuId=PS03455,html/ajax_02_PS03455.json,농촌진흥청 농업인안전365,N,N
20278dc927495568,포스터 · OPS,응급대응,농산물 가공사업장 발생 상해 응급처치(상처),이미지,,,2025-04-17,https://farmer.rda.go.kr/portal/menu1/contentMain_B.do?m_id=9004_3911&menuId=PS03455&contentsNo=34,https://farmer.rda.go.kr/portal/contentsFileDownload.do?atchFileGroupCd=A0005661&fileSn=1,PS03455:34,https://farmer.rda.go.kr/portal/menu1/contentMain_B.do?m_id=9004_3911&menuId=PS03455,html/ajax_02_PS03455.json,농촌진흥청 농업인안전365,N,N
565213f8d6b83676,포스터 · OPS,응급대응,농산물 가공사업장 발생 상해 응급처치(심폐소생술 및 자동심장충격기),이미지,,,2025-04-17,https://farmer.rda.go.kr/portal/menu1/contentMain_B.do?m_id=9004_3911&menuId=PS03455&contentsNo=37,https://farmer.rda.go.kr/portal/contentsFileDownload.do?atchFileGroupCd=A0005664&fileSn=1,PS03455:37,https://farmer.rda.go.kr/portal/menu1/contentMain_B.do?m_id=9004_3911&menuId=PS03455,html/ajax_02_PS03455.json,농촌진흥청 농업인안전365,N,N
8c08f1ef1290644b,포스터 · OPS,응급대응,농산물 가공사업장 발생 상해 응급처치 방법(염좌 및 골절),이미지,,,2025-04-17,https://farmer.rda.go.kr/portal/menu1/contentMain_B.do?m_id=9004_3911&menuId=PS03455&contentsNo=42,https://farmer.rda.go.kr/portal/contentsFileDownload.do?atchFileGroupCd=A0005669&fileSn=1,PS03455:42,https://farmer.rda.go.kr/portal/menu1/contentMain_B.do?m_id=9004_3911&menuId=PS03455,html/ajax_02_PS03455.json,농촌진흥청 농업인안전365,N,N
64a60a698ccfbe5b,포스터 · OPS,응급대응,농산물 가공사업장 발생 상해 응급처치 방법(절단),이미지,,,2025-04-17,https://farmer.rda.go.kr/portal/menu1/contentMain_B.do?m_id=9004_3911&menuId=PS03455&contentsNo=44,https://farmer.rda.go.kr/portal/contentsFileDownload.do?atchFileGroupCd=A0005671&fileSn=1,PS03455:44,https://farmer.rda.go.kr/portal/menu1/contentMain_B.do?m_id=9004_3911&menuId=PS03455,html/ajax_02_PS03455.json,농촌진흥청 농업인안전365,N,N
22f027025eb754c6,포스터 · OPS,응급대응,농산물 가공사업장 발생 상해 응급처치 방법(화상),이미지,,,2025-04-17,https://farmer.rda.go.kr/portal/menu1/contentMain_B.do?m_id=9004_3911&menuId=PS03455&contentsNo=43,https://farmer.rda.go.kr/portal/contentsFileDownload.do?atchFileGroupCd=A0005670&fileSn=1,PS03455:43,https://farmer.rda.go.kr/portal/menu1/contentMain_B.do?m_id=9004_3911&menuId=PS03455,html/ajax_02_PS03455.json,농촌진흥청 농업인안전365,N,N
13415e103e97bfe3,포스터 · OPS,근골격계,작목별 농작업 안전 가이드(감귤),PDF,,,2025-04-17,https://farmer.rda.go.kr/portal/menu1/contentMain_B.do?m_id=9004_3911&menuId=PS03455&contentsNo=6,https://farmer.rda.go.kr/portal/contentsFileDownload.do?atchFileGroupCd=A0005633&fileSn=1,PS03455:6,https://farmer.rda.go.kr/portal/menu1/contentMain_B.do?m_id=9004_3911&menuId=PS03455,html/ajax_02_PS03455.json,농촌진흥청 농업인안전365,N,N
f46e8376b7c45c3c,포스터 · OPS,근골격계,작목별 농작업 안전 가이드(감자),PDF,,,2025-04-17,https://farmer.rda.go.kr/portal/menu1/contentMain_B.do?m_id=9004_3911&menuId=PS03455&contentsNo=7,https://farmer.rda.go.kr/portal/contentsFileDownload.do?atchFileGroupCd=A0005634&fileSn=1,PS03455:7,https://farmer.rda.go.kr/portal/menu1/contentMain_B.do?m_id=9004_3911&menuId=PS03455,html/ajax_02_PS03455.json,농촌진흥청 농업인안전365,N,N
b1d87615b2560ed5,포스터 · OPS,근골격계,작목별 농작업 안전 가이드(고추),PDF,,,2025-04-17,https://farmer.rda.go.kr/portal/menu1/contentMain_B.do?m_id=9004_3911&menuId=PS03455&contentsNo=8,https://farmer.rda.go.kr/portal/contentsFileDownload.do?atchFileGroupCd=A0005676&fileSn=1,PS03455:8,https://farmer.rda.go.kr/portal/menu1/contentMain_B.do?m_id=9004_3911&menuId=PS03455,html/ajax_02_PS03455.json,농촌진흥청 농업인안전365,N,N
b9c6fe200c68ed68,포스터 · OPS,근골격계,작목별 농작업 안전 가이드(국화),PDF,,,2025-04-17,https://farmer.rda.go.kr/portal/menu1/contentMain_B.do?m_id=9004_3911&menuId=PS03455&contentsNo=9,https://farmer.rda.go.kr/portal/contentsFileDownload.do?atchFileGroupCd=A0005636&fileSn=1,PS03455:9,https://farmer.rda.go.kr/portal/menu1/contentMain_B.do?m_id=9004_3911&menuId=PS03455,html/ajax_02_PS03455.json,농촌진흥청 농업인안전365,N,N
b45f5f8e459a5ec8,포스터 · OPS,근골격계,작목별 농작업 안전 가이드(단감),PDF,,,2025-04-17,https://farmer.rda.go.kr/portal/menu1/contentMain_B.do?m_id=9004_3911&menuId=PS03455&contentsNo=10,https://farmer.rda.go.kr/portal/contentsFileDownload.do?atchFileGroupCd=A0005637&fileSn=1,PS03455:10,https://farmer.rda.go.kr/portal/menu1/contentMain_B.do?m_id=9004_3911&menuId=PS03455,html/ajax_02_PS03455.json,농촌진흥청 농업인안전365,N,N
b5df2b80c6b24301,포스터 · OPS,근골격계,"작목별 농작업 안전 가이드(들깨,참깨)",PDF,,,2025-04-17,https://farmer.rda.go.kr/portal/menu1/contentMain_B.do?m_id=9004_3911&menuId=PS03455&contentsNo=11,https://farmer.rda.go.kr/portal/contentsFileDownload.do?atchFileGroupCd=A0005638&fileSn=1,PS03455:11,https://farmer.rda.go.kr/portal/menu1/contentMain_B.do?m_id=9004_3911&menuId=PS03455,html/ajax_02_PS03455.json,농촌진흥청 농업인안전365,N,N
049bdc9e47c9861c,포스터 · OPS,근골격계,작목별 농작업 안전 가이드(딸기),PDF,,,2025-04-17,https://farmer.rda.go.kr/portal/menu1/contentMain_B.do?m_id=9004_3911&menuId=PS03455&contentsNo=12,https://farmer.rda.go.kr/portal/contentsFileDownload.do?atchFileGroupCd=A0005639&fileSn=1,PS03455:12,https://farmer.rda.go.kr/portal/menu1/contentMain_B.do?m_id=9004_3911&menuId=PS03455,html/ajax_02_PS03455.json,농촌진흥청 농업인안전365,N,N
9d84315f09f689b0,포스터 · OPS,근골격계,"작목별 농작업 안전 가이드(마늘,생강)",PDF,,,2025-04-17,https://farmer.rda.go.kr/portal/menu1/contentMain_B.do?m_id=9004_3911&menuId=PS03455&contentsNo=17,https://farmer.rda.go.kr/portal/contentsFileDownload.do?atchFileGroupCd=A0005644&fileSn=1,PS03455:17,https://farmer.rda.go.kr/portal/menu1/contentMain_B.do?m_id=9004_3911&menuId=PS03455,html/ajax_02_PS03455.json,농촌진흥청 농업인안전365,N,N
b6eff910c4583316,포스터 · OPS,근골격계,작목별 농작업 안전 가이드(배추),PDF,,,2025-04-17,https://farmer.rda.go.kr/portal/menu1/contentMain_B.do?m_id=9004_3911&menuId=PS03455&contentsNo=18,https://farmer.rda.go.kr/portal/contentsFileDownload.do?atchFileGroupCd=A0005645&fileSn=1,PS03455:18,https://farmer.rda.go.kr/portal/menu1/contentMain_B.do?m_id=9004_3911&menuId=PS03455,html/ajax_02_PS03455.json,농촌진흥청 농업인안전365,N,N
4a2d53b5ebccb737,포스터 · OPS,근골격계,작목별 농작업 안전 가이드(베리류),PDF,,,2025-04-17,https://farmer.rda.go.kr/portal/menu1/contentMain_B.do?m_id=9004_3911&menuId=PS03455&contentsNo=19,https://farmer.rda.go.kr/portal/contentsFileDownload.do?atchFileGroupCd=A0005646&fileSn=1,PS03455:19,https://farmer.rda.go.kr/portal/menu1/contentMain_B.do?m_id=9004_3911&menuId=PS03455,html/ajax_02_PS03455.json,농촌진흥청 농업인안전365,N,N
61f363476d9e5d34,포스터 · OPS,근골격계,작목별 농작업 안전 가이드(벼),PDF,,,2025-04-17,https://farmer.rda.go.kr/portal/menu1/contentMain_B.do?m_id=9004_3911&menuId=PS03455&contentsNo=21,https://farmer.rda.go.kr/portal/contentsFileDownload.do?atchFileGroupCd=A0005648&fileSn=1,PS03455:21,https://farmer.rda.go.kr/portal/menu1/contentMain_B.do?m_id=9004_3911&menuId=PS03455,html/ajax_02_PS03455.json,농촌진흥청 농업인안전365,N,N
b78b438790206ced,포스터 · OPS,근골격계,작목별 농작업 안전 가이드(복숭아),PDF,,,2025-04-17,https://farmer.rda.go.kr/portal/menu1/contentMain_B.do?m_id=9004_3911&menuId=PS03455&contentsNo=23,https://farmer.rda.go.kr/portal/contentsFileDownload.do?atchFileGroupCd=A0005650&fileSn=1,PS03455:23,https://farmer.rda.go.kr/portal/menu1/contentMain_B.do?m_id=9004_3911&menuId=PS03455,html/ajax_02_PS03455.json,농촌진흥청 농업인안전365,N,N
83d657ad7a78fd9c,포스터 · OPS,근골격계,작목별 농작업 안전 가이드(사과),PDF,,,2025-04-17,https://farmer.rda.go.kr/portal/menu1/contentMain_B.do?m_id=9004_3911&menuId=PS03455&contentsNo=24,https://farmer.rda.go.kr/portal/contentsFileDownload.do?atchFileGroupCd=A0005651&fileSn=1,PS03455:24,https://farmer.rda.go.kr/portal/menu1/contentMain_B.do?m_id=9004_3911&menuId=PS03455,html/ajax_02_PS03455.json,농촌진흥청 농업인안전365,N,N
6a7af9a990ae98db,포스터 · OPS,근골격계,작목별 농작업 안전 가이드(상추),PDF,,,2025-04-17,https://farmer.rda.go.kr/portal/menu1/contentMain_B.do?m_id=9004_3911&menuId=PS03455&contentsNo=25,https://farmer.rda.go.kr/portal/contentsFileDownload.do?atchFileGroupCd=A0005652&fileSn=1,PS03455:25,https://farmer.rda.go.kr/portal/menu1/contentMain_B.do?m_id=9004_3911&menuId=PS03455,html/ajax_02_PS03455.json,농촌진흥청 농업인안전365,N,N
fe77718a1925af50,포스터 · OPS,근골격계,작목별 농작업 안전 가이드(수박),PDF,,,2025-04-17,https://farmer.rda.go.kr/portal/menu1/contentMain_B.do?m_id=9004_3911&menuId=PS03455&contentsNo=27,https://farmer.rda.go.kr/portal/contentsFileDownload.do?atchFileGroupCd=A0005654&fileSn=1,PS03455:27,https://farmer.rda.go.kr/portal/menu1/contentMain_B.do?m_id=9004_3911&menuId=PS03455,html/ajax_02_PS03455.json,농촌진흥청 농업인안전365,N,N
36817a450625449a,포스터 · OPS,근골격계,작목별 농작업 안전 가이드(양돈),PDF,,,2025-04-17,https://farmer.rda.go.kr/portal/menu1/contentMain_B.do?m_id=9004_3911&menuId=PS03455&contentsNo=28,https://farmer.rda.go.kr/portal/contentsFileDownload.do?atchFileGroupCd=A0005655&fileSn=1,PS03455:28,https://farmer.rda.go.kr/portal/menu1/contentMain_B.do?m_id=9004_3911&menuId=PS03455,html/ajax_02_PS03455.json,농촌진흥청 농업인안전365,N,N
530e32f9cbb09193,포스터 · OPS,근골격계,작목별 농작업 안전 가이드(오이),PDF,,,2025-04-17,https://farmer.rda.go.kr/portal/menu1/contentMain_B.do?m_id=9004_3911&menuId=PS03455&contentsNo=29,https://farmer.rda.go.kr/portal/contentsFileDownload.do?atchFileGroupCd=A0005656&fileSn=1,PS03455:29,https://farmer.rda.go.kr/portal/menu1/contentMain_B.do?m_id=9004_3911&menuId=PS03455,html/ajax_02_PS03455.json,농촌진흥청 농업인안전365,N,N
bb3c110f02987a01,포스터 · OPS,근골격계,작목별 농작업 안전 가이드(인삼),PDF,,,2025-04-17,https://farmer.rda.go.kr/portal/menu1/contentMain_B.do?m_id=9004_3911&menuId=PS03455&contentsNo=31,https://farmer.rda.go.kr/portal/contentsFileDownload.do?atchFileGroupCd=A0005658&fileSn=1,PS03455:31,https://farmer.rda.go.kr/portal/menu1/contentMain_B.do?m_id=9004_3911&menuId=PS03455,html/ajax_02_PS03455.json,농촌진흥청 농업인안전365,N,N
5b9e8adea9469e11,포스터 · OPS,근골격계,작목별 농작업 안전 가이드(잎담배),PDF,,,2025-04-17,https://farmer.rda.go.kr/portal/menu1/contentMain_B.do?m_id=9004_3911&menuId=PS03455&contentsNo=32,https://farmer.rda.go.kr/portal/contentsFileDownload.do?atchFileGroupCd=A0005659&fileSn=1,PS03455:32,https://farmer.rda.go.kr/portal/menu1/contentMain_B.do?m_id=9004_3911&menuId=PS03455,html/ajax_02_PS03455.json,농촌진흥청 농업인안전365,N,N
494c337228d7267d,포스터 · OPS,근골격계,작목별 농작업 안전 가이드(장미),PDF,,,2025-04-17,https://farmer.rda.go.kr/portal/menu1/contentMain_B.do?m_id=9004_3911&menuId=PS03455&contentsNo=33,https://farmer.rda.go.kr/portal/contentsFileDownload.do?atchFileGroupCd=A0005660&fileSn=1,PS03455:33,https://farmer.rda.go.kr/portal/menu1/contentMain_B.do?m_id=9004_3911&menuId=PS03455,html/ajax_02_PS03455.json,농촌진흥청 농업인안전365,N,N
056b62df6baded42,포스터 · OPS,근골격계,작목별 농작업 안전 가이드(참외),PDF,,,2025-04-17,https://farmer.rda.go.kr/portal/menu1/contentMain_B.do?m_id=9004_3911&menuId=PS03455&contentsNo=35,https://farmer.rda.go.kr/portal/contentsFileDownload.do?atchFileGroupCd=A0005662&fileSn=1,PS03455:35,https://farmer.rda.go.kr/portal/menu1/contentMain_B.do?m_id=9004_3911&menuId=PS03455,html/ajax_02_PS03455.json,농촌진흥청 농업인안전365,N,N
729c39d7560f9889,포스터 · OPS,근골격계,작목별 농작업 안전 가이드(축산),PDF,,,2025-04-17,https://farmer.rda.go.kr/portal/menu1/contentMain_B.do?m_id=9004_3911&menuId=PS03455&contentsNo=36,https://farmer.rda.go.kr/portal/contentsFileDownload.do?atchFileGroupCd=A0005663&fileSn=1,PS03455:36,https://farmer.rda.go.kr/portal/menu1/contentMain_B.do?m_id=9004_3911&menuId=PS03455,html/ajax_02_PS03455.json,농촌진흥청 농업인안전365,N,N
43a18f0dbf362d0d,포스터 · OPS,근골격계,작목별 농작업 안전 가이드(콩류),PDF,,,2025-04-17,https://farmer.rda.go.kr/portal/menu1/contentMain_B.do?m_id=9004_3911&menuId=PS03455&contentsNo=38,https://farmer.rda.go.kr/portal/contentsFileDownload.do?atchFileGroupCd=A0005665&fileSn=1,PS03455:38,https://farmer.rda.go.kr/portal/menu1/contentMain_B.do?m_id=9004_3911&menuId=PS03455,html/ajax_02_PS03455.json,농촌진흥청 농업인안전365,N,N
0005489cfe0983bc,포스터 · OPS,근골격계,작목별 농작업 안전 가이드(토마토),PDF,,,2025-04-17,https://farmer.rda.go.kr/portal/menu1/contentMain_B.do?m_id=9004_3911&menuId=PS03455&contentsNo=39,https://farmer.rda.go.kr/portal/contentsFileDownload.do?atchFileGroupCd=A0005666&fileSn=1,PS03455:39,https://farmer.rda.go.kr/portal/menu1/contentMain_B.do?m_id=9004_3911&menuId=PS03455,html/ajax_02_PS03455.json,농촌진흥청 농업인안전365,N,N
276244700ca286f4,포스터 · OPS,근골격계,작목별 농작업 안전 가이드(포도),PDF,,,2025-04-17,https://farmer.rda.go.kr/portal/menu1/contentMain_B.do?m_id=9004_3911&menuId=PS03455&contentsNo=40,https://farmer.rda.go.kr/portal/contentsFileDownload.do?atchFileGroupCd=A0005667&fileSn=1,PS03455:40,https://farmer.rda.go.kr/portal/menu1/contentMain_B.do?m_id=9004_3911&menuId=PS03455,html/ajax_02_PS03455.json,농촌진흥청 농업인안전365,N,N
dd95e707f57ff6aa,포스터 · OPS,근골격계,작목별 농작업 안전 가이드(표고버섯),PDF,,,2025-04-17,https://farmer.rda.go.kr/portal/menu1/contentMain_B.do?m_id=9004_3911&menuId=PS03455&contentsNo=41,https://farmer.rda.go.kr/portal/contentsFileDownload.do?atchFileGroupCd=A0005668&fileSn=1,PS03455:41,https://farmer.rda.go.kr/portal/menu1/contentMain_B.do?m_id=9004_3911&menuId=PS03455,html/ajax_02_PS03455.json,농촌진흥청 농업인안전365,N,N
4606f15e00317ddb,카드뉴스,온열·한랭,2026년 농업인이 지켜야 하는 온열질환 예방수칙,PDF,,,2026-08-10,https://farmer.rda.go.kr/portal/menu1/contentMain_B.do?m_id=9004_3911&menuId=PS65456&contentsNo=30,https://farmer.rda.go.kr/portal/contentsFileDownload.do?atchFileGroupCd=A0006302&fileSn=1,PS65456:30,https://farmer.rda.go.kr/portal/menu1/contentMain_B.do?m_id=9004_3911&menuId=PS65456,html/ajax_03_PS65456.json,농촌진흥청 농업인안전365,N,N
811cc7a547386789,카드뉴스,감염·생물학적 위험,농업인을 위한 필수 건강 지침! 인수공통감염병 예방,PDF,,,2025-10-31,https://farmer.rda.go.kr/portal/menu1/contentMain_B.do?m_id=9004_3911&menuId=PS65456&contentsNo=29,https://farmer.rda.go.kr/portal/contentsFileDownload.do?atchFileGroupCd=A0006029&fileSn=2,PS65456:29,https://farmer.rda.go.kr/portal/menu1/contentMain_B.do?m_id=9004_3911&menuId=PS65456,html/ajax_03_PS65456.json,농촌진흥청 농업인안전365,N,N
a8c1d76445509cba,카드뉴스,근골격계,2024년 알기쉬운 농업인의 업무상 질병,PDF,,,2025-08-13,https://farmer.rda.go.kr/portal/menu1/contentMain_B.do?m_id=9004_3911&menuId=PS65456&contentsNo=28,https://farmer.rda.go.kr/portal/contentsFileDownload.do?atchFileGroupCd=A0006010&fileSn=1,PS65456:28,https://farmer.rda.go.kr/portal/menu1/contentMain_B.do?m_id=9004_3911&menuId=PS65456,html/ajax_03_PS65456.json,농촌진흥청 농업인안전365,N,N
fb0252c624a3f44e,카드뉴스,농기계,2023년 알기쉬운 농업인의 업무상 손상,PDF,,,2025-08-13,https://farmer.rda.go.kr/portal/menu1/contentMain_B.do?m_id=9004_3911&menuId=PS65456&contentsNo=27,https://farmer.rda.go.kr/portal/contentsFileDownload.do?atchFileGroupCd=A0006009&fileSn=1,PS65456:27,https://farmer.rda.go.kr/portal/menu1/contentMain_B.do?m_id=9004_3911&menuId=PS65456,html/ajax_03_PS65456.json,농촌진흥청 농업인안전365,N,N
4dd4d083f4cf8e7a,카드뉴스,온열·한랭,여름철 폭염 이렇게 대비하세요!,PDF,,,2024-10-01,https://farmer.rda.go.kr/portal/menu1/contentMain_B.do?m_id=9004_3911&menuId=PS65456&contentsNo=24,https://farmer.rda.go.kr/portal/contentsFileDownload.do?atchFileGroupCd=A0005504&fileSn=1,PS65456:24,https://farmer.rda.go.kr/portal/menu1/contentMain_B.do?m_id=9004_3911&menuId=PS65456,html/ajax_03_PS65456.json,농촌진흥청 농업인안전365,N,N
8fa4c05354ef2f3f,카드뉴스,농기계,농업용 혼합기 안전이용 가이드,PDF,,,2023-08-25,https://farmer.rda.go.kr/portal/menu1/contentMain_B.do?m_id=9004_3911&menuId=PS65456&contentsNo=2,https://farmer.rda.go.kr/portal/contentsFileDownload.do?atchFileGroupCd=A0000916&fileSn=1,PS65456:2,https://farmer.rda.go.kr/portal/menu1/contentMain_B.do?m_id=9004_3911&menuId=PS65456,html/ajax_03_PS65456.json,농촌진흥청 농업인안전365,N,N
57cc95c46f257f5a,카드뉴스,근골격계,농업인의 위험요인 노출 수준 현황,PDF,,,2023-06-29,https://farmer.rda.go.kr/portal/menu1/contentMain_B.do?m_id=9004_3911&menuId=PS65456&contentsNo=3,https://farmer.rda.go.kr/portal/contentsFileDownload.do?atchFileGroupCd=A0000917&fileSn=1,PS65456:3,https://farmer.rda.go.kr/portal/menu1/contentMain_B.do?m_id=9004_3911&menuId=PS65456,html/ajax_03_PS65456.json,농촌진흥청 농업인안전365,N,N
1ca9c194b8dfd67f,카드뉴스,근골격계,알기쉬운 농업인의 업무상 질병,PDF,,,2023-06-29,https://farmer.rda.go.kr/portal/menu1/contentMain_B.do?m_id=9004_3911&menuId=PS65456&contentsNo=4,https://farmer.rda.go.kr/portal/contentsFileDownload.do?atchFileGroupCd=A0000918&fileSn=1,PS65456:4,https://farmer.rda.go.kr/portal/menu1/contentMain_B.do?m_id=9004_3911&menuId=PS65456,html/ajax_03_PS65456.json,농촌진흥청 농업인안전365,N,N
ae1cda105ead2dee,카드뉴스,농기계,알기쉬운 농업인의 업무상 손상,PDF,,,2023-06-29,https://farmer.rda.go.kr/portal/menu1/contentMain_B.do?m_id=9004_3911&menuId=PS65456&contentsNo=5,https://farmer.rda.go.kr/portal/contentsFileDownload.do?atchFileGroupCd=A0000919&fileSn=1,PS65456:5,https://farmer.rda.go.kr/portal/menu1/contentMain_B.do?m_id=9004_3911&menuId=PS65456,html/ajax_03_PS65456.json,농촌진흥청 농업인안전365,N,N
89d04a9a90d797dd,카드뉴스,근골격계,농업인의 근골격계질환 위험 현황,PDF,,,2023-06-29,https://farmer.rda.go.kr/portal/menu1/contentMain_B.do?m_id=9004_3911&menuId=PS65456&contentsNo=6,https://farmer.rda.go.kr/portal/contentsFileDownload.do?atchFileGroupCd=A0000920&fileSn=1,PS65456:6,https://farmer.rda.go.kr/portal/menu1/contentMain_B.do?m_id=9004_3911&menuId=PS65456,html/ajax_03_PS65456.json,농촌진흥청 농업인안전365,N,N
1fa84cd8b05eda2d,카드뉴스,농기계,loT 농업기계 교통안전 및 사고감지 알람시스템,PDF,,,2023-08-25,https://farmer.rda.go.kr/portal/menu1/contentMain_B.do?m_id=9004_3911&menuId=PS65456&contentsNo=1,https://farmer.rda.go.kr/portal/contentsFileDownload.do?atchFileGroupCd=A0000915&fileSn=1,PS65456:1,https://farmer.rda.go.kr/portal/menu1/contentMain_B.do?m_id=9004_3911&menuId=PS65456,html/ajax_03_PS65456.json,농촌진흥청 농업인안전365,N,N
ff4132787fdb7c90,카드뉴스,응급대응,응급처치 가이드-응급구급함 관리방법,PDF,,,2023-05-02,https://farmer.rda.go.kr/portal/menu1/contentMain_B.do?m_id=9004_3911&menuId=PS65456&contentsNo=13,https://farmer.rda.go.kr/portal/contentsFileDownload.do?atchFileGroupCd=A0000927&fileSn=1,PS65456:13,https://farmer.rda.go.kr/portal/menu1/contentMain_B.do?m_id=9004_3911&menuId=PS65456,html/ajax_03_PS65456.json,농촌진흥청 농업인안전365,N,N
a2e8554e44d11e79,카드뉴스,농기계,농기계 안전사고 예방 캠페인(안농하세요)_⓷ 농기계 사용전후 안전관리,첨부파일,,,2022-11-03,https://farmer.rda.go.kr/portal/menu1/contentMain_B.do?m_id=9004_3911&menuId=PS65456&contentsNo=7,https://farmer.rda.go.kr/portal/contentsFileDownload.do?atchFileGroupCd=A0000921&fileSn=1,PS65456:7,https://farmer.rda.go.kr/portal/menu1/contentMain_B.do?m_id=9004_3911&menuId=PS65456,html/ajax_03_PS65456.json,농촌진흥청 농업인안전365,N,N
e6ca259767afdb75,카드뉴스,농기계,농기계 안전사고 예방 캠페인(안농하세요)_⓶ 농업인 안전 수칙,첨부파일,,,2022-11-03,https://farmer.rda.go.kr/portal/menu1/contentMain_B.do?m_id=9004_3911&menuId=PS65456&contentsNo=9,https://farmer.rda.go.kr/portal/contentsFileDownload.do?atchFileGroupCd=A0000923&fileSn=1,PS65456:9,https://farmer.rda.go.kr/portal/menu1/contentMain_B.do?m_id=9004_3911&menuId=PS65456,html/ajax_03_PS65456.json,농촌진흥청 농업인안전365,N,N
c3fdbd8370b97ba3,카드뉴스,농기계,농기계 안전사고 예방 캠페인(안농하세요)_⓵ 농기계 안전 수칙,첨부파일,,,2022-11-03,https://farmer.rda.go.kr/portal/menu1/contentMain_B.do?m_id=9004_3911&menuId=PS65456&contentsNo=8,https://farmer.rda.go.kr/portal/contentsFileDownload.do?atchFileGroupCd=A0000922&fileSn=1,PS65456:8,https://farmer.rda.go.kr/portal/menu1/contentMain_B.do?m_id=9004_3911&menuId=PS65456,html/ajax_03_PS65456.json,농촌진흥청 농업인안전365,N,N
05e87ddd919a94f4,카드뉴스,감염·생물학적 위험,진드기매개감염병 바로알기,PDF,,,2022-09-02,https://farmer.rda.go.kr/portal/menu1/contentMain_B.do?m_id=9004_3911&menuId=PS65456&contentsNo=10,https://farmer.rda.go.kr/portal/contentsFileDownload.do?atchFileGroupCd=A0000924&fileSn=2,PS65456:10,https://farmer.rda.go.kr/portal/menu1/contentMain_B.do?m_id=9004_3911&menuId=PS65456,html/ajax_03_PS65456.json,농촌진흥청 농업인안전365,N,N
3df3d4db8c253465,카드뉴스,감염·생물학적 위험,농업인이 지켜야하는 3GO,PDF,,,2022-09-02,https://farmer.rda.go.kr/portal/menu1/contentMain_B.do?m_id=9004_3911&menuId=PS65456&contentsNo=11,https://farmer.rda.go.kr/portal/contentsFileDownload.do?atchFileGroupCd=A0000925&fileSn=2,PS65456:11,https://farmer.rda.go.kr/portal/menu1/contentMain_B.do?m_id=9004_3911&menuId=PS65456,html/ajax_03_PS65456.json,농촌진흥청 농업인안전365,N,N
0e22cb2bd9a4533d,카드뉴스,응급대응,응급처치 가이드-119 구조요청 신고요령,PDF,,,2023-05-02,https://farmer.rda.go.kr/portal/menu1/contentMain_B.do?m_id=9004_3911&menuId=PS65456&contentsNo=12,https://farmer.rda.go.kr/portal/contentsFileDownload.do?atchFileGroupCd=A0000926&fileSn=1,PS65456:12,https://farmer.rda.go.kr/portal/menu1/contentMain_B.do?m_id=9004_3911&menuId=PS65456,html/ajax_03_PS65456.json,농촌진흥청 농업인안전365,N,N
ae7c04c76697ec17,카드뉴스,농기계,지금 재설정_농기계 안전사고(2021),PDF,,,2022-09-02,https://farmer.rda.go.kr/portal/menu1/contentMain_B.do?m_id=9004_3911&menuId=PS65456&contentsNo=19,https://farmer.rda.go.kr/portal/contentsFileDownload.do?atchFileGroupCd=A0000933&fileSn=1,PS65456:19,https://farmer.rda.go.kr/portal/menu1/contentMain_B.do?m_id=9004_3911&menuId=PS65456,html/ajax_03_PS65456.json,농촌진흥청 농업인안전365,N,N
751366b79e14ab7c,카드뉴스,농약·화학물질,지금 재설정_농약 중독,PDF,,,2022-09-02,https://farmer.rda.go.kr/portal/menu1/contentMain_B.do?m_id=9004_3911&menuId=PS65456&contentsNo=16,https://farmer.rda.go.kr/portal/contentsFileDownload.do?atchFileGroupCd=A0000930&fileSn=1,PS65456:16,https://farmer.rda.go.kr/portal/menu1/contentMain_B.do?m_id=9004_3911&menuId=PS65456,html/ajax_03_PS65456.json,농촌진흥청 농업인안전365,N,N
7b35d6340bcaa6dc,카드뉴스,농기계,지금 재설정-근골격계 질환,PDF,,,2022-10-31,https://farmer.rda.go.kr/portal/menu1/contentMain_B.do?m_id=9004_3911&menuId=PS65456&contentsNo=14,https://farmer.rda.go.kr/portal/contentsFileDownload.do?atchFileGroupCd=A0000928&fileSn=1,PS65456:14,https://farmer.rda.go.kr/portal/menu1/contentMain_B.do?m_id=9004_3911&menuId=PS65456,html/ajax_03_PS65456.json,농촌진흥청 농업인안전365,N,N
a431197cf367c928,카드뉴스,추락·넘어짐,지금 재설정_넘어짐 사고(2021),PDF,,,2022-09-02,https://farmer.rda.go.kr/portal/menu1/contentMain_B.do?m_id=9004_3911&menuId=PS65456&contentsNo=17,https://farmer.rda.go.kr/portal/contentsFileDownload.do?atchFileGroupCd=A0000931&fileSn=1,PS65456:17,https://farmer.rda.go.kr/portal/menu1/contentMain_B.do?m_id=9004_3911&menuId=PS65456,html/ajax_03_PS65456.json,농촌진흥청 농업인안전365,N,N
78cf244e11888d54,카드뉴스,감염·생물학적 위험,지금 재설정-진드기 매개 감염병,PDF,,,2022-09-02,https://farmer.rda.go.kr/portal/menu1/contentMain_B.do?m_id=9004_3911&menuId=PS65456&contentsNo=18,https://farmer.rda.go.kr/portal/contentsFileDownload.do?atchFileGroupCd=A0000932&fileSn=1,PS65456:18,https://farmer.rda.go.kr/portal/menu1/contentMain_B.do?m_id=9004_3911&menuId=PS65456,html/ajax_03_PS65456.json,농촌진흥청 농업인안전365,N,N
13aa142638921b14,카드뉴스,온열·한랭,지금 재설정-폭염,PDF,,,2022-09-02,https://farmer.rda.go.kr/portal/menu1/contentMain_B.do?m_id=9004_3911&menuId=PS65456&contentsNo=15,https://farmer.rda.go.kr/portal/contentsFileDownload.do?atchFileGroupCd=A0000929&fileSn=1,PS65456:15,https://farmer.rda.go.kr/portal/menu1/contentMain_B.do?m_id=9004_3911&menuId=PS65456,html/ajax_03_PS65456.json,농촌진흥청 농업인안전365,N,N
d2c507b59f1422df,카드뉴스,근골격계,농업인 허리질환 이렇게 관리하세요,PDF,,,2022-09-01,https://farmer.rda.go.kr/portal/menu1/contentMain_B.do?m_id=9004_3911&menuId=PS65456&contentsNo=22,https://farmer.rda.go.kr/portal/contentsFileDownload.do?atchFileGroupCd=A0000936&fileSn=1,PS65456:22,https://farmer.rda.go.kr/portal/menu1/contentMain_B.do?m_id=9004_3911&menuId=PS65456,html/ajax_03_PS65456.json,농촌진흥청 농업인안전365,N,N
c8af16443ecc1490,카드뉴스,근골격계,농업인 무릎병 이렇게 관리하세요,이미지,,,2022-09-02,https://farmer.rda.go.kr/portal/menu1/contentMain_B.do?m_id=9004_3911&menuId=PS65456&contentsNo=20,https://farmer.rda.go.kr/portal/contentsFileDownload.do?atchFileGroupCd=A0000934&fileSn=1,PS65456:20,https://farmer.rda.go.kr/portal/menu1/contentMain_B.do?m_id=9004_3911&menuId=PS65456,html/ajax_03_PS65456.json,농촌진흥청 농업인안전365,N,N
94af9b59e66400d3,카드뉴스,근골격계,따라하기 쉬운 농업인 허리 운동 6가지,PDF,,,2022-09-02,https://farmer.rda.go.kr/portal/menu1/contentMain_B.do?m_id=9004_3911&menuId=PS65456&contentsNo=21,https://farmer.rda.go.kr/portal/contentsFileDownload.do?atchFileGroupCd=A0000935&fileSn=1,PS65456:21,https://farmer.rda.go.kr/portal/menu1/contentMain_B.do?m_id=9004_3911&menuId=PS65456,html/ajax_03_PS65456.json,농촌진흥청 농업인안전365,N,N
007c71f632722879,카드뉴스,근골격계,따라하기 쉬운 농업인 무릎 운동 12가지,PDF,,,2022-09-02,https://farmer.rda.go.kr/portal/menu1/contentMain_B.do?m_id=9004_3911&menuId=PS65456&contentsNo=23,https://farmer.rda.go.kr/portal/contentsFileDownload.do?atchFileGroupCd=A0000937&fileSn=1,PS65456:23,https://farmer.rda.go.kr/portal/menu1/contentMain_B.do?m_id=9004_3911&menuId=PS65456,html/ajax_03_PS65456.json,농촌진흥청 농업인안전365,N,N
e8aa6694c27d2d8e,리플릿,농기계,농작업 재해예방 기본수칙 (통합본),PDF,,,2026-08-20,https://farmer.rda.go.kr/portal/menu1/contentMain_B.do?m_id=9004_3911&menuId=PS65457&contentsNo=67,https://farmer.rda.go.kr/portal/contentsFileDownload.do?atchFileGroupCd=A0006310&fileSn=1,PS65457:67,https://farmer.rda.go.kr/portal/menu1/contentMain_B.do?m_id=9004_3911&menuId=PS65457,html/ajax_04_PS65457.json,농촌진흥청 농업인안전365,N,N
f4f4cde0c93d4942,리플릿,간행물,우리농장 소통가이드(필리핀어),PDF,,,2026-06-02,https://farmer.rda.go.kr/portal/menu1/contentMain_B.do?m_id=9004_3911&menuId=PS65457&contentsNo=66,https://farmer.rda.go.kr/portal/contentsFileDownload.do?atchFileGroupCd=A0006118&fileSn=1,PS65457:66,https://farmer.rda.go.kr/portal/menu1/contentMain_B.do?m_id=9004_3911&menuId=PS65457,html/ajax_04_PS65457.json,농촌진흥청 농업인안전365,N,N
2831cb75048bee33,리플릿,간행물,우리농장 소통가이드(태국어),PDF,,,2026-06-02,https://farmer.rda.go.kr/portal/menu1/contentMain_B.do?m_id=9004_3911&menuId=PS65457&contentsNo=65,https://farmer.rda.go.kr/portal/contentsFileDownload.do?atchFileGroupCd=A0006117&fileSn=1,PS65457:65,https://farmer.rda.go.kr/portal/menu1/contentMain_B.do?m_id=9004_3911&menuId=PS65457,html/ajax_04_PS65457.json,농촌진흥청 농업인안전365,N,N
0bbc8480eb710c01,리플릿,간행물,우리농장 소통가이드(캄보디아어),PDF,,,2026-06-02,https://farmer.rda.go.kr/portal/menu1/contentMain_B.do?m_id=9004_3911&menuId=PS65457&contentsNo=64,https://farmer.rda.go.kr/portal/contentsFileDownload.do?atchFileGroupCd=A0006116&fileSn=1,PS65457:64,https://farmer.rda.go.kr/portal/menu1/contentMain_B.do?m_id=9004_3911&menuId=PS65457,html/ajax_04_PS65457.json,농촌진흥청 농업인안전365,N,N
659b5723896d7fcd,리플릿,간행물,우리농장 소통가이드(베트남어),PDF,,,2026-06-02,https://farmer.rda.go.kr/portal/menu1/contentMain_B.do?m_id=9004_3911&menuId=PS65457&contentsNo=63,https://farmer.rda.go.kr/portal/contentsFileDownload.do?atchFileGroupCd=A0006115&fileSn=1,PS65457:63,https://farmer.rda.go.kr/portal/menu1/contentMain_B.do?m_id=9004_3911&menuId=PS65457,html/ajax_04_PS65457.json,농촌진흥청 농업인안전365,N,N
64b959d202a39221,리플릿,간행물,우리농장 소통가이드(미얀마어),PDF,,,2026-06-02,https://farmer.rda.go.kr/portal/menu1/contentMain_B.do?m_id=9004_3911&menuId=PS65457&contentsNo=62,https://farmer.rda.go.kr/portal/contentsFileDownload.do?atchFileGroupCd=A0006114&fileSn=1,PS65457:62,https://farmer.rda.go.kr/portal/menu1/contentMain_B.do?m_id=9004_3911&menuId=PS65457,html/ajax_04_PS65457.json,농촌진흥청 농업인안전365,N,N
c4989897d78a07d9,리플릿,간행물,우리농장 소통가이드(몽골어),PDF,,,2026-06-02,https://farmer.rda.go.kr/portal/menu1/contentMain_B.do?m_id=9004_3911&menuId=PS65457&contentsNo=61,https://farmer.rda.go.kr/portal/contentsFileDownload.do?atchFileGroupCd=A0006113&fileSn=1,PS65457:61,https://farmer.rda.go.kr/portal/menu1/contentMain_B.do?m_id=9004_3911&menuId=PS65457,html/ajax_04_PS65457.json,농촌진흥청 농업인안전365,N,N
74c5c9ecaa4578de,리플릿,간행물,우리농장 소통가이드(라오스어),PDF,,,2026-06-02,https://farmer.rda.go.kr/portal/menu1/contentMain_B.do?m_id=9004_3911&menuId=PS65457&contentsNo=60,https://farmer.rda.go.kr/portal/contentsFileDownload.do?atchFileGroupCd=A0006112&fileSn=1,PS65457:60,https://farmer.rda.go.kr/portal/menu1/contentMain_B.do?m_id=9004_3911&menuId=PS65457,html/ajax_04_PS65457.json,농촌진흥청 농업인안전365,N,N
29c0be9bf98bcffd,리플릿,간행물,우리농장 소통가이드(네팔어),PDF,,,2026-06-02,https://farmer.rda.go.kr/portal/menu1/contentMain_B.do?m_id=9004_3911&menuId=PS65457&contentsNo=59,https://farmer.rda.go.kr/portal/contentsFileDownload.do?atchFileGroupCd=A0006111&fileSn=1,PS65457:59,https://farmer.rda.go.kr/portal/menu1/contentMain_B.do?m_id=9004_3911&menuId=PS65457,html/ajax_04_PS65457.json,농촌진흥청 농업인안전365,N,N
b064baa07239cf50,리플릿,감염·생물학적 위험,"궁금해요! 중대재해처벌법, 알려줘요! 우리 농장 안전",PDF,,,2026-05-04,https://farmer.rda.go.kr/portal/menu1/contentMain_B.do?m_id=9004_3911&menuId=PS65457&contentsNo=58,https://farmer.rda.go.kr/portal/contentsFileDownload.do?atchFileGroupCd=A0006103&fileSn=1,PS65457:58,https://farmer.rda.go.kr/portal/menu1/contentMain_B.do?m_id=9004_3911&menuId=PS65457,html/ajax_04_PS65457.json,농촌진흥청 농업인안전365,N,N
6ea495f8eb2b8de2,리플릿,감염·생물학적 위험,건강한 농촌 생활을 위한 농업인을 위한 진드기 매개 감염병 예방 가이드,PDF,,,2026-04-06,https://farmer.rda.go.kr/portal/menu1/contentMain_B.do?m_id=9004_3911&menuId=PS65457&contentsNo=57,https://farmer.rda.go.kr/portal/contentsFileDownload.do?atchFileGroupCd=A0006081&fileSn=1,PS65457:57,https://farmer.rda.go.kr/portal/menu1/contentMain_B.do?m_id=9004_3911&menuId=PS65457,html/ajax_04_PS65457.json,농촌진흥청 농업인안전365,N,N
084e76828102a58f,리플릿,농기계,"농작업 안전 자가점검 체크리스트 ('25년 개정판,태국어)",PDF,,,2025-12-09,https://farmer.rda.go.kr/portal/menu1/contentMain_B.do?m_id=9004_3911&menuId=PS65457&contentsNo=56,https://farmer.rda.go.kr/portal/contentsFileDownload.do?atchFileGroupCd=A0006047&fileSn=1,PS65457:56,https://farmer.rda.go.kr/portal/menu1/contentMain_B.do?m_id=9004_3911&menuId=PS65457,html/ajax_04_PS65457.json,농촌진흥청 농업인안전365,N,N
ebc9945bb6734dbd,리플릿,농기계,"농작업 안전 자가점검 체크리스트 ('25년 개정판,캄보디아어)",PDF,,,2025-12-09,https://farmer.rda.go.kr/portal/menu1/contentMain_B.do?m_id=9004_3911&menuId=PS65457&contentsNo=55,https://farmer.rda.go.kr/portal/contentsFileDownload.do?atchFileGroupCd=A0006046&fileSn=1,PS65457:55,https://farmer.rda.go.kr/portal/menu1/contentMain_B.do?m_id=9004_3911&menuId=PS65457,html/ajax_04_PS65457.json,농촌진흥청 농업인안전365,N,N
de63db7a648b9adf,리플릿,농기계,"농작업 안전 자가점검 체크리스트 ('25년 개정판,영어_필리핀어)",PDF,,,2025-12-09,https://farmer.rda.go.kr/portal/menu1/contentMain_B.do?m_id=9004_3911&menuId=PS65457&contentsNo=54,https://farmer.rda.go.kr/portal/contentsFileDownload.do?atchFileGroupCd=A0006045&fileSn=1,PS65457:54,https://farmer.rda.go.kr/portal/menu1/contentMain_B.do?m_id=9004_3911&menuId=PS65457,html/ajax_04_PS65457.json,농촌진흥청 농업인안전365,N,N
801078fdf45cad51,리플릿,농기계,"농작업 안전 자가점검 체크리스트 ('25년 개정판,베트남어)",PDF,,,2025-12-09,https://farmer.rda.go.kr/portal/menu1/contentMain_B.do?m_id=9004_3911&menuId=PS65457&contentsNo=53,https://farmer.rda.go.kr/portal/contentsFileDownload.do?atchFileGroupCd=A0006044&fileSn=1,PS65457:53,https://farmer.rda.go.kr/portal/menu1/contentMain_B.do?m_id=9004_3911&menuId=PS65457,html/ajax_04_PS65457.json,농촌진흥청 농업인안전365,N,N
2f2ec03b33e401b0,리플릿,농기계,"농작업 안전 자가점검 체크리스트 ('25년 개정판,미얀마어)",PDF,,,2025-12-09,https://farmer.rda.go.kr/portal/menu1/contentMain_B.do?m_id=9004_3911&menuId=PS65457&contentsNo=52,https://farmer.rda.go.kr/portal/contentsFileDownload.do?atchFileGroupCd=A0006043&fileSn=1,PS65457:52,https://farmer.rda.go.kr/portal/menu1/contentMain_B.do?m_id=9004_3911&menuId=PS65457,html/ajax_04_PS65457.json,농촌진흥청 농업인안전365,N,N
da0aca0f8fae0336,리플릿,농기계,"농작업 안전 자가점검 체크리스트 ('25년 개정판,몽골어)",PDF,,,2025-12-09,https://farmer.rda.go.kr/portal/menu1/contentMain_B.do?m_id=9004_3911&menuId=PS65457&contentsNo=51,https://farmer.rda.go.kr/portal/contentsFileDownload.do?atchFileGroupCd=A0006042&fileSn=1,PS65457:51,https://farmer.rda.go.kr/portal/menu1/contentMain_B.do?m_id=9004_3911&menuId=PS65457,html/ajax_04_PS65457.json,농촌진흥청 농업인안전365,N,N
11032a1e85c39911,리플릿,농기계,"농작업 안전 자가점검 체크리스트 ('25년 개정판,라오어)",PDF,,,2025-12-09,https://farmer.rda.go.kr/portal/menu1/contentMain_B.do?m_id=9004_3911&menuId=PS65457&contentsNo=50,https://farmer.rda.go.kr/portal/contentsFileDownload.do?atchFileGroupCd=A0006041&fileSn=1,PS65457:50,https://farmer.rda.go.kr/portal/menu1/contentMain_B.do?m_id=9004_3911&menuId=PS65457,html/ajax_04_PS65457.json,농촌진흥청 농업인안전365,N,N
d3653de25bb5a532,리플릿,농기계,"농작업 안전 자가점검 체크리스트 ('25년 개정판,네팔어)",PDF,,,2025-12-09,https://farmer.rda.go.kr/portal/menu1/contentMain_B.do?m_id=9004_3911&menuId=PS65457&contentsNo=49,https://farmer.rda.go.kr/portal/contentsFileDownload.do?atchFileGroupCd=A0006040&fileSn=1,PS65457:49,https://farmer.rda.go.kr/portal/menu1/contentMain_B.do?m_id=9004_3911&menuId=PS65457,html/ajax_04_PS65457.json,농촌진흥청 농업인안전365,N,N
782b047a2de870c5,리플릿,농기계,"농작업 안전 자가점검 체크리스트 ('25년 개정판,한국어)",PDF,,,2025-12-09,https://farmer.rda.go.kr/portal/menu1/contentMain_B.do?m_id=9004_3911&menuId=PS65457&contentsNo=48,https://farmer.rda.go.kr/portal/contentsFileDownload.do?atchFileGroupCd=A0006048&fileSn=1,PS65457:48,https://farmer.rda.go.kr/portal/menu1/contentMain_B.do?m_id=9004_3911&menuId=PS65457,html/ajax_04_PS65457.json,농촌진흥청 농업인안전365,N,N
b01e5af4880a9103,리플릿,온열·한랭,겨울철 한파 대비 한랭질환 예방 사전점검표,PDF,,,2025-12-08,https://farmer.rda.go.kr/portal/menu1/contentMain_B.do?m_id=9004_3911&menuId=PS65457&contentsNo=47,https://farmer.rda.go.kr/portal/contentsFileDownload.do?atchFileGroupCd=A0006039&fileSn=1,PS65457:47,https://farmer.rda.go.kr/portal/menu1/contentMain_B.do?m_id=9004_3911&menuId=PS65457,html/ajax_04_PS65457.json,농촌진흥청 농업인안전365,N,N
9931061573eff822,리플릿,온열·한랭,겨울철 한파 대비 한랭질환 예방수칙,PDF,,,2025-12-08,https://farmer.rda.go.kr/portal/menu1/contentMain_B.do?m_id=9004_3911&menuId=PS65457&contentsNo=46,https://farmer.rda.go.kr/portal/contentsFileDownload.do?atchFileGroupCd=A0006038&fileSn=1,PS65457:46,https://farmer.rda.go.kr/portal/menu1/contentMain_B.do?m_id=9004_3911&menuId=PS65457,html/ajax_04_PS65457.json,농촌진흥청 농업인안전365,N,N
bc6b48a98d200994,리플릿,감염·생물학적 위험,슬기로운 인수공통감염병 예방가이드 (2025),PDF,,,2025-06-16,https://farmer.rda.go.kr/portal/menu1/contentMain_B.do?m_id=9004_3911&menuId=PS65457&contentsNo=45,https://farmer.rda.go.kr/portal/contentsFileDownload.do?atchFileGroupCd=A0005833&fileSn=1,PS65457:45,https://farmer.rda.go.kr/portal/menu1/contentMain_B.do?m_id=9004_3911&menuId=PS65457,html/ajax_04_PS65457.json,농촌진흥청 농업인안전365,N,N
c7f1a9a597dc9306,리플릿,농기계,농작업 안전 자가점검 체크리스트 (태국어),PDF,,,2025-06-13,https://farmer.rda.go.kr/portal/menu1/contentMain_B.do?m_id=9004_3911&menuId=PS65457&contentsNo=44,https://farmer.rda.go.kr/portal/contentsFileDownload.do?atchFileGroupCd=A0005829&fileSn=1,PS65457:44,https://farmer.rda.go.kr/portal/menu1/contentMain_B.do?m_id=9004_3911&menuId=PS65457,html/ajax_04_PS65457.json,농촌진흥청 농업인안전365,N,N
c1a00bd628e664e4,리플릿,농기계,농작업 안전 자가점검 체크리스트 (캄보디아어),PDF,,,2025-06-13,https://farmer.rda.go.kr/portal/menu1/contentMain_B.do?m_id=9004_3911&menuId=PS65457&contentsNo=43,https://farmer.rda.go.kr/portal/contentsFileDownload.do?atchFileGroupCd=A0005828&fileSn=1,PS65457:43,https://farmer.rda.go.kr/portal/menu1/contentMain_B.do?m_id=9004_3911&menuId=PS65457,html/ajax_04_PS65457.json,농촌진흥청 농업인안전365,N,N
595e72c7fba8254f,리플릿,농기계,농작업 안전 자가점검 체크리스트 (중국어),PDF,,,2025-06-13,https://farmer.rda.go.kr/portal/menu1/contentMain_B.do?m_id=9004_3911&menuId=PS65457&contentsNo=42,https://farmer.rda.go.kr/portal/contentsFileDownload.do?atchFileGroupCd=A0005827&fileSn=1,PS65457:42,https://farmer.rda.go.kr/portal/menu1/contentMain_B.do?m_id=9004_3911&menuId=PS65457,html/ajax_04_PS65457.json,농촌진흥청 농업인안전365,N,N
f1a24dce06253bf3,리플릿,농기계,농작업 안전 자가점검 체크리스트 (베트남어),PDF,,,2025-06-13,https://farmer.rda.go.kr/portal/menu1/contentMain_B.do?m_id=9004_3911&menuId=PS65457&contentsNo=41,https://farmer.rda.go.kr/portal/contentsFileDownload.do?atchFileGroupCd=A0005826&fileSn=1,PS65457:41,https://farmer.rda.go.kr/portal/menu1/contentMain_B.do?m_id=9004_3911&menuId=PS65457,html/ajax_04_PS65457.json,농촌진흥청 농업인안전365,N,N
83fc2bbd53cdd4fb,리플릿,농기계,농작업 안전 자가점검 체크리스트 (미얀마어),PDF,,,2025-06-13,https://farmer.rda.go.kr/portal/menu1/contentMain_B.do?m_id=9004_3911&menuId=PS65457&contentsNo=40,https://farmer.rda.go.kr/portal/contentsFileDownload.do?atchFileGroupCd=A0005825&fileSn=1,PS65457:40,https://farmer.rda.go.kr/portal/menu1/contentMain_B.do?m_id=9004_3911&menuId=PS65457,html/ajax_04_PS65457.json,농촌진흥청 농업인안전365,N,N
d6f2a8392976c511,리플릿,농기계,농작업 안전 자가점검 체크리스트 (몽골어),PDF,,,2025-06-13,https://farmer.rda.go.kr/portal/menu1/contentMain_B.do?m_id=9004_3911&menuId=PS65457&contentsNo=39,https://farmer.rda.go.kr/portal/contentsFileDownload.do?atchFileGroupCd=A0005823&fileSn=1,PS65457:39,https://farmer.rda.go.kr/portal/menu1/contentMain_B.do?m_id=9004_3911&menuId=PS65457,html/ajax_04_PS65457.json,농촌진흥청 농업인안전365,N,N
6896e0f74f0e0b3a,리플릿,농기계,농작업 안전 자가점검 체크리스트 (라오어),PDF,,,2025-06-13,https://farmer.rda.go.kr/portal/menu1/contentMain_B.do?m_id=9004_3911&menuId=PS65457&contentsNo=38,https://farmer.rda.go.kr/portal/contentsFileDownload.do?atchFileGroupCd=A0005824&fileSn=1,PS65457:38,https://farmer.rda.go.kr/portal/menu1/contentMain_B.do?m_id=9004_3911&menuId=PS65457,html/ajax_04_PS65457.json,농촌진흥청 농업인안전365,N,N
3862b9ae2867e470,리플릿,농기계,농작업 안전 자가점검 체크리스트 (네팔어),PDF,,,2025-06-13,https://farmer.rda.go.kr/portal/menu1/contentMain_B.do?m_id=9004_3911&menuId=PS65457&contentsNo=37,https://farmer.rda.go.kr/portal/contentsFileDownload.do?atchFileGroupCd=A0005822&fileSn=1,PS65457:37,https://farmer.rda.go.kr/portal/menu1/contentMain_B.do?m_id=9004_3911&menuId=PS65457,html/ajax_04_PS65457.json,농촌진흥청 농업인안전365,N,N
5ea6e90cc01a48dc,리플릿,농기계,농작업 안전 자가점검 체크리스트 (영어),PDF,,,2025-06-13,https://farmer.rda.go.kr/portal/menu1/contentMain_B.do?m_id=9004_3911&menuId=PS65457&contentsNo=36,https://farmer.rda.go.kr/portal/contentsFileDownload.do?atchFileGroupCd=A0005821&fileSn=1,PS65457:36,https://farmer.rda.go.kr/portal/menu1/contentMain_B.do?m_id=9004_3911&menuId=PS65457,html/ajax_04_PS65457.json,농촌진흥청 농업인안전365,N,N
c34858c5551eb900,리플릿,간행물,여름철 농업인 건강안전 가이드,첨부파일,,,2024-10-01,https://farmer.rda.go.kr/portal/menu1/contentMain_B.do?m_id=9004_3911&menuId=PS65457&contentsNo=33,https://farmer.rda.go.kr/portal/contentsFileDownload.do?atchFileGroupCd=A0005507&fileSn=1,PS65457:33,https://farmer.rda.go.kr/portal/menu1/contentMain_B.do?m_id=9004_3911&menuId=PS65457,html/ajax_04_PS65457.json,농촌진흥청 농업인안전365,N,N
13f3ffcb2fc04636,리플릿,간행물,농작업 안전재해 예방 핵심 가이드,PDF,,,2024-10-01,https://farmer.rda.go.kr/portal/menu1/contentMain_B.do?m_id=9004_3911&menuId=PS65457&contentsNo=34,https://farmer.rda.go.kr/portal/contentsFileDownload.do?atchFileGroupCd=A0005508&fileSn=1,PS65457:34,https://farmer.rda.go.kr/portal/menu1/contentMain_B.do?m_id=9004_3911&menuId=PS65457,html/ajax_04_PS65457.json,농촌진흥청 농업인안전365,N,N
c5b2704a542d86d1,리플릿,농기계,가지 파쇄기 안전사용 가이드,PDF,,,2024-01-11,https://farmer.rda.go.kr/portal/menu1/contentMain_B.do?m_id=9004_3911&menuId=PS65457&contentsNo=1,https://farmer.rda.go.kr/portal/contentsFileDownload.do?atchFileGroupCd=A0000938&fileSn=1,PS65457:1,https://farmer.rda.go.kr/portal/menu1/contentMain_B.do?m_id=9004_3911&menuId=PS65457,html/ajax_04_PS65457.json,농촌진흥청 농업인안전365,N,N
88bd3c538f4da7f8,리플릿,농기계,어르신을 위한 안전한 소비생활 가이드(2023),PDF,,,2023-11-09,https://farmer.rda.go.kr/portal/menu1/contentMain_B.do?m_id=9004_3911&menuId=PS65457&contentsNo=2,https://farmer.rda.go.kr/portal/contentsFileDownload.do?atchFileGroupCd=A0000939&fileSn=1,PS65457:2,https://farmer.rda.go.kr/portal/menu1/contentMain_B.do?m_id=9004_3911&menuId=PS65457,html/ajax_04_PS65457.json,농촌진흥청 농업인안전365,N,N
b65d084c9417d670,리플릿,온열·한랭,여름철 농업인 건강안전 가이드,PDF,,,2023-06-26,https://farmer.rda.go.kr/portal/menu1/contentMain_B.do?m_id=9004_3911&menuId=PS65457&contentsNo=5,https://farmer.rda.go.kr/portal/contentsFileDownload.do?atchFileGroupCd=A0000942&fileSn=1,PS65457:5,https://farmer.rda.go.kr/portal/menu1/contentMain_B.do?m_id=9004_3911&menuId=PS65457,html/ajax_04_PS65457.json,농촌진흥청 농업인안전365,N,N
ee153dfee380bd6c,리플릿,온열·한랭,여름철 농업인 온열질환,PDF,,,2023-06-26,https://farmer.rda.go.kr/portal/menu1/contentMain_B.do?m_id=9004_3911&menuId=PS65457&contentsNo=6,https://farmer.rda.go.kr/portal/contentsFileDownload.do?atchFileGroupCd=A0000943&fileSn=1,PS65457:6,https://farmer.rda.go.kr/portal/menu1/contentMain_B.do?m_id=9004_3911&menuId=PS65457,html/ajax_04_PS65457.json,농촌진흥청 농업인안전365,N,N
120d3d0f5ad1469b,리플릿,응급대응,농작업 안전 자가점검 체크리스트 (국문),PDF,,,2023-03-27,https://farmer.rda.go.kr/portal/menu1/contentMain_B.do?m_id=9004_3911&menuId=PS65457&contentsNo=9,https://farmer.rda.go.kr/portal/contentsFileDownload.do?atchFileGroupCd=A0000946&fileSn=1,PS65457:9,https://farmer.rda.go.kr/portal/menu1/contentMain_B.do?m_id=9004_3911&menuId=PS65457,html/ajax_04_PS65457.json,농촌진흥청 농업인안전365,N,N
9e6ba0c49a914f82,리플릿,감염·생물학적 위험,농업인 진드기 매개 감염병 예방관리(2023),PDF,,,2023-04-11,https://farmer.rda.go.kr/portal/menu1/contentMain_B.do?m_id=9004_3911&menuId=PS65457&contentsNo=8,https://farmer.rda.go.kr/portal/contentsFileDownload.do?atchFileGroupCd=A0000945&fileSn=1,PS65457:8,https://farmer.rda.go.kr/portal/menu1/contentMain_B.do?m_id=9004_3911&menuId=PS65457,html/ajax_04_PS65457.json,농촌진흥청 농업인안전365,N,N
40e73db263febab3,리플릿,농기계,농업기계안전이용가이드,PDF,,,2023-04-24,https://farmer.rda.go.kr/portal/menu1/contentMain_B.do?m_id=9004_3911&menuId=PS65457&contentsNo=7,https://farmer.rda.go.kr/portal/contentsFileDownload.do?atchFileGroupCd=A0000944&fileSn=1,PS65457:7,https://farmer.rda.go.kr/portal/menu1/contentMain_B.do?m_id=9004_3911&menuId=PS65457,html/ajax_04_PS65457.json,농촌진흥청 농업인안전365,N,N
0fd60a18af3db590,리플릿,농기계,어르신을 위한 안전한 소비생활 가이드,PDF,,,2022-10-13,https://farmer.rda.go.kr/portal/menu1/contentMain_B.do?m_id=9004_3911&menuId=PS65457&contentsNo=13,https://farmer.rda.go.kr/portal/contentsFileDownload.do?atchFileGroupCd=A0000950&fileSn=1,PS65457:13,https://farmer.rda.go.kr/portal/menu1/contentMain_B.do?m_id=9004_3911&menuId=PS65457,html/ajax_04_PS65457.json,농촌진흥청 농업인안전365,N,N
8a93b7defcf0ab43,리플릿,온열·한랭,"폭염, 농업인 건강과 안전이 중요합니다",PDF,,,2022-09-02,https://farmer.rda.go.kr/portal/menu1/contentMain_B.do?m_id=9004_3911&menuId=PS65457&contentsNo=14,https://farmer.rda.go.kr/portal/contentsFileDownload.do?atchFileGroupCd=A0000951&fileSn=1,PS65457:14,https://farmer.rda.go.kr/portal/menu1/contentMain_B.do?m_id=9004_3911&menuId=PS65457,html/ajax_04_PS65457.json,농촌진흥청 농업인안전365,N,N
2c0452dfa6832f36,리플릿,근골격계,농업인 근골격계질환 예방관리(2023),PDF,,,2022-09-02,https://farmer.rda.go.kr/portal/menu1/contentMain_B.do?m_id=9004_3911&menuId=PS65457&contentsNo=15,https://farmer.rda.go.kr/portal/contentsFileDownload.do?atchFileGroupCd=A0000952&fileSn=1,PS65457:15,https://farmer.rda.go.kr/portal/menu1/contentMain_B.do?m_id=9004_3911&menuId=PS65457,html/ajax_04_PS65457.json,농촌진흥청 농업인안전365,N,N
2d12d5d08bf6b116,리플릿,농기계,시인성이 향상된 농업기계 안전반사장치 활용 가이드,PDF,,,2022-12-26,https://farmer.rda.go.kr/portal/menu1/contentMain_B.do?m_id=9004_3911&menuId=PS65457&contentsNo=11,https://farmer.rda.go.kr/portal/contentsFileDownload.do?atchFileGroupCd=A0000948&fileSn=1,PS65457:11,https://farmer.rda.go.kr/portal/menu1/contentMain_B.do?m_id=9004_3911&menuId=PS65457,html/ajax_04_PS65457.json,농촌진흥청 농업인안전365,N,N
9094671c53c77663,리플릿,농약·화학물질,농업인안전365,PDF,,,2022-12-26,https://farmer.rda.go.kr/portal/menu1/contentMain_B.do?m_id=9004_3911&menuId=PS65457&contentsNo=12,https://farmer.rda.go.kr/portal/contentsFileDownload.do?atchFileGroupCd=A0000949&fileSn=1,PS65457:12,https://farmer.rda.go.kr/portal/menu1/contentMain_B.do?m_id=9004_3911&menuId=PS65457,html/ajax_04_PS65457.json,농촌진흥청 농업인안전365,N,N
b0a4c59c370ca051,리플릿,농기계,농업기계 안전사고예방지침,PDF,,,2023-04-24,https://farmer.rda.go.kr/portal/menu1/contentMain_B.do?m_id=9004_3911&menuId=PS65457&contentsNo=10,https://farmer.rda.go.kr/portal/contentsFileDownload.do?atchFileGroupCd=A0000947&fileSn=1,PS65457:10,https://farmer.rda.go.kr/portal/menu1/contentMain_B.do?m_id=9004_3911&menuId=PS65457,html/ajax_04_PS65457.json,농촌진흥청 농업인안전365,N,N
d9141dbcefbe4fba,리플릿,온열·한랭,폭염 대비 농업인 건강과 안전관리 가이드,PDF,,,2022-09-02,https://farmer.rda.go.kr/portal/menu1/contentMain_B.do?m_id=9004_3911&menuId=PS65457&contentsNo=19,https://farmer.rda.go.kr/portal/contentsFileDownload.do?atchFileGroupCd=A0000956&fileSn=1,PS65457:19,https://farmer.rda.go.kr/portal/menu1/contentMain_B.do?m_id=9004_3911&menuId=PS65457,html/ajax_04_PS65457.json,농촌진흥청 농업인안전365,N,N
d710a228f9d9f2d0,리플릿,농기계,사물인터넷 활용 농기계 교통안전 및 사고감지 알람 시스템 개발보급,PDF,,,2022-11-02,https://farmer.rda.go.kr/portal/menu1/contentMain_B.do?m_id=9004_3911&menuId=PS65457&contentsNo=18,https://farmer.rda.go.kr/portal/contentsFileDownload.do?atchFileGroupCd=A0000955&fileSn=1,PS65457:18,https://farmer.rda.go.kr/portal/menu1/contentMain_B.do?m_id=9004_3911&menuId=PS65457,html/ajax_04_PS65457.json,농촌진흥청 농업인안전365,N,N
db54a14571d1a1c4,리플릿,안전교육,"함께하는 안전일터, 양돈 작업환경 관리 (네팔,영어,중국,베트남,캄보디아어)",첨부파일,,,2022-09-02,https://farmer.rda.go.kr/portal/menu1/contentMain_B.do?m_id=9004_3911&menuId=PS65457&contentsNo=26,https://farmer.rda.go.kr/portal/contentsFileDownload.do?atchFileGroupCd=A0000963&fileSn=1,PS65457:26,https://farmer.rda.go.kr/portal/menu1/contentMain_B.do?m_id=9004_3911&menuId=PS65457,html/ajax_04_PS65457.json,농촌진흥청 농업인안전365,N,N
45fc20d92a40066a,리플릿,안전교육,"함께하는 안전일터, 양돈 작업환경 관리 (국문)",PDF,,,2022-09-02,https://farmer.rda.go.kr/portal/menu1/contentMain_B.do?m_id=9004_3911&menuId=PS65457&contentsNo=25,https://farmer.rda.go.kr/portal/contentsFileDownload.do?atchFileGroupCd=A0000962&fileSn=1,PS65457:25,https://farmer.rda.go.kr/portal/menu1/contentMain_B.do?m_id=9004_3911&menuId=PS65457,html/ajax_04_PS65457.json,농촌진흥청 농업인안전365,N,N
36a458437c2f9ea3,리플릿,온열·한랭,폭염 농업인 건강과 안전관리가 중요합니다,PDF,,,2022-09-02,https://farmer.rda.go.kr/portal/menu1/contentMain_B.do?m_id=9004_3911&menuId=PS65457&contentsNo=24,https://farmer.rda.go.kr/portal/contentsFileDownload.do?atchFileGroupCd=A0000961&fileSn=1,PS65457:24,https://farmer.rda.go.kr/portal/menu1/contentMain_B.do?m_id=9004_3911&menuId=PS65457,html/ajax_04_PS65457.json,농촌진흥청 농업인안전365,N,N
d0bc9550dccef2d5,리플릿,온열·한랭,폭염시 농업인 건강과 안전관리,PDF,,,2022-09-02,https://farmer.rda.go.kr/portal/menu1/contentMain_B.do?m_id=9004_3911&menuId=PS65457&contentsNo=27,https://farmer.rda.go.kr/portal/contentsFileDownload.do?atchFileGroupCd=A0000964&fileSn=1,PS65457:27,https://farmer.rda.go.kr/portal/menu1/contentMain_B.do?m_id=9004_3911&menuId=PS65457,html/ajax_04_PS65457.json,농촌진흥청 농업인안전365,N,N
a899d9bda4956154,리플릿,농약·화학물질,농약중독 예방을 위한 올바른 농약 사용 (2019),PDF,,,2022-09-02,https://farmer.rda.go.kr/portal/menu1/contentMain_B.do?m_id=9004_3911&menuId=PS65457&contentsNo=28,https://farmer.rda.go.kr/portal/contentsFileDownload.do?atchFileGroupCd=A0000965&fileSn=1,PS65457:28,https://farmer.rda.go.kr/portal/menu1/contentMain_B.do?m_id=9004_3911&menuId=PS65457,html/ajax_04_PS65457.json,농촌진흥청 농업인안전365,N,N
79420c9e90278310,리플릿,농약·화학물질,농약중독의 증상과 응급처치 방법 (2019),PDF,,,2022-09-02,https://farmer.rda.go.kr/portal/menu1/contentMain_B.do?m_id=9004_3911&menuId=PS65457&contentsNo=29,https://farmer.rda.go.kr/portal/contentsFileDownload.do?atchFileGroupCd=A0000966&fileSn=1,PS65457:29,https://farmer.rda.go.kr/portal/menu1/contentMain_B.do?m_id=9004_3911&menuId=PS65457,html/ajax_04_PS65457.json,농촌진흥청 농업인안전365,N,N
759a29337d6830b1,리플릿,온열·한랭,폭염시 농업인 건강과 안전관리,PDF,,,2022-09-01,https://farmer.rda.go.kr/portal/menu1/contentMain_B.do?m_id=9004_3911&menuId=PS65457&contentsNo=30,https://farmer.rda.go.kr/portal/contentsFileDownload.do?atchFileGroupCd=A0000967&fileSn=1,PS65457:30,https://farmer.rda.go.kr/portal/menu1/contentMain_B.do?m_id=9004_3911&menuId=PS65457,html/ajax_04_PS65457.json,농촌진흥청 농업인안전365,N,N
