게시물ID,게시판ID,대분류,자료구분,위험분류,제목,등록일,목록번호,전체건수표시,상세URL,첨부URL,원천페이지,원천HTML,제공기관
261,8,자료실,교육자료,안전교육,(농업인 안전 기본교육자료) 농작업 안전재해 예방,2026-06-19,1,226,https://farmer.rda.go.kr/portal/menu1/board_viw.do?menuId=PS03447&m_id=9004_9052&m_mod=0&bbsId=8&nttSn=261&num=1&pageIndex=1,https://farmer.rda.go.kr/portal/contentsFileDownload.do?atchFileGroupCd=A0006281&fileSn=1,https://farmer.rda.go.kr/portal/menu1/board_lst.do?m_id=9004_9052&m_mod=0&menuId=PS03447,html/008_PS03447.html,농촌진흥청 농업인안전365
257,8,자료실,기타,기타,저탄소 녹색성장을 위한 농업인 안전보건 강화 방안 한일공동세미나,2024-03-08,2,226,https://farmer.rda.go.kr/portal/menu1/board_viw.do?menuId=PS03447&m_id=9004_9052&m_mod=0&bbsId=8&nttSn=257&num=2&pageIndex=1,https://farmer.rda.go.kr/portal/contentsFileDownload.do?atchFileGroupCd=A0001597&fileSn=1,https://farmer.rda.go.kr/portal/menu1/board_lst.do?m_id=9004_9052&m_mod=0&menuId=PS03447,html/008_PS03447.html,농촌진흥청 농업인안전365
90,8,자료실,기타,기타,근로자 수준의 농업인 안전재해 예방방안 마련 국회 토론회,2024-03-08,3,226,https://farmer.rda.go.kr/portal/menu1/board_viw.do?menuId=PS03447&m_id=9004_9052&m_mod=0&bbsId=8&nttSn=90&num=3&pageIndex=1,https://farmer.rda.go.kr/portal/contentsFileDownload.do?atchFileGroupCd=A0001464&fileSn=1,https://farmer.rda.go.kr/portal/menu1/board_lst.do?m_id=9004_9052&m_mod=0&menuId=PS03447,html/008_PS03447.html,농촌진흥청 농업인안전365
91,8,자료실,기타,기타,농어업인의 안전보험 및 안전재해예방에 관한 법률 시행규칙,2024-03-07,4,226,https://farmer.rda.go.kr/portal/menu1/board_viw.do?menuId=PS03447&m_id=9004_9052&m_mod=0&bbsId=8&nttSn=91&num=4&pageIndex=1,https://farmer.rda.go.kr/portal/contentsFileDownload.do?atchFileGroupCd=A0001465&fileSn=1,https://farmer.rda.go.kr/portal/menu1/board_lst.do?m_id=9004_9052&m_mod=0&menuId=PS03447,html/008_PS03447.html,농촌진흥청 농업인안전365
93,8,자료실,기타,기타,농어업인의 안전보험 및 안전재해예방에 관한 법률 시행령,2024-03-07,5,226,https://farmer.rda.go.kr/portal/menu1/board_viw.do?menuId=PS03447&m_id=9004_9052&m_mod=0&bbsId=8&nttSn=93&num=5&pageIndex=1,https://farmer.rda.go.kr/portal/contentsFileDownload.do?atchFileGroupCd=A0001467&fileSn=1,https://farmer.rda.go.kr/portal/menu1/board_lst.do?m_id=9004_9052&m_mod=0&menuId=PS03447,html/008_PS03447.html,농촌진흥청 농업인안전365
92,8,자료실,기타,기타,농어업인의 안전보험 및 안전재해예방에 관한 법률,2024-03-07,6,226,https://farmer.rda.go.kr/portal/menu1/board_viw.do?menuId=PS03447&m_id=9004_9052&m_mod=0&bbsId=8&nttSn=92&num=6&pageIndex=1,https://farmer.rda.go.kr/portal/contentsFileDownload.do?atchFileGroupCd=A0001466&fileSn=1,https://farmer.rda.go.kr/portal/menu1/board_lst.do?m_id=9004_9052&m_mod=0&menuId=PS03447,html/008_PS03447.html,농촌진흥청 농업인안전365
258,8,자료실,기타,기타,농업인 건강과 안전대책 마련을 위한 1차 워크숍 자료 (2004),2024-03-06,7,226,https://farmer.rda.go.kr/portal/menu1/board_viw.do?menuId=PS03447&m_id=9004_9052&m_mod=0&bbsId=8&nttSn=258&num=7&pageIndex=1,https://farmer.rda.go.kr/portal/contentsFileDownload.do?atchFileGroupCd=A0001598&fileSn=1,https://farmer.rda.go.kr/portal/menu1/board_lst.do?m_id=9004_9052&m_mod=0&menuId=PS03447,html/008_PS03447.html,농촌진흥청 농업인안전365
99,8,자료실,기타,간행물,(리플릿) 농작업안전 자가점검 체크리스트(영어),2023-09-04,8,226,https://farmer.rda.go.kr/portal/menu1/board_viw.do?menuId=PS03447&m_id=9004_9052&m_mod=0&bbsId=8&nttSn=99&num=8&pageIndex=1,https://farmer.rda.go.kr/portal/contentsFileDownload.do?atchFileGroupCd=A0001473&fileSn=1,https://farmer.rda.go.kr/portal/menu1/board_lst.do?m_id=9004_9052&m_mod=0&menuId=PS03447,html/008_PS03447.html,농촌진흥청 농업인안전365
100,8,자료실,기타,간행물,(리플릿) 농작업안전 자가점검 체크리스트(중국어),2023-09-04,9,226,https://farmer.rda.go.kr/portal/menu1/board_viw.do?menuId=PS03447&m_id=9004_9052&m_mod=0&bbsId=8&nttSn=100&num=9&pageIndex=1,https://farmer.rda.go.kr/portal/contentsFileDownload.do?atchFileGroupCd=A0001474&fileSn=1,https://farmer.rda.go.kr/portal/menu1/board_lst.do?m_id=9004_9052&m_mod=0&menuId=PS03447,html/008_PS03447.html,농촌진흥청 농업인안전365
102,8,자료실,기타,간행물,(리플릿) 농작업안전 자가점검 체크리스트(태국어),2023-09-04,10,226,https://farmer.rda.go.kr/portal/menu1/board_viw.do?menuId=PS03447&m_id=9004_9052&m_mod=0&bbsId=8&nttSn=102&num=10&pageIndex=1,https://farmer.rda.go.kr/portal/contentsFileDownload.do?atchFileGroupCd=A0001476&fileSn=1,https://farmer.rda.go.kr/portal/menu1/board_lst.do?m_id=9004_9052&m_mod=0&menuId=PS03447,html/008_PS03447.html,농촌진흥청 농업인안전365
240,5,공지사항,공지사항,간행물,「축산사고 예방 기본수칙」 간행물 업데이트 알림,2026-08-21,0,1,https://farmer.rda.go.kr/portal/menu1/board_viw.do?menuId=PS03448&m_id=3_18&m_mod=1&bbsId=5&nttSn=240&num=0&pageIndex=1,,https://farmer.rda.go.kr/portal/menu6/board_lst1.do?m_id=3_18&m_mod=0&menuId=PS03448,html/024_PS03448.html,농촌진흥청 농업인안전365
239,5,공지사항,공지사항,간행물,「농작업 재해예방 기본수칙」 간행물 업데이트 알림,2026-08-21,0,1,https://farmer.rda.go.kr/portal/menu1/board_viw.do?menuId=PS03448&m_id=3_18&m_mod=2&bbsId=5&nttSn=239&num=0&pageIndex=1,,https://farmer.rda.go.kr/portal/menu6/board_lst1.do?m_id=3_18&m_mod=0&menuId=PS03448,html/024_PS03448.html,농촌진흥청 농업인안전365
238,5,공지사항,공지사항,간행물,[농작업 재해예방 기본수칙(통합본)] 간행물 업데이트 안내,2026-08-21,0,1,https://farmer.rda.go.kr/portal/menu1/board_viw.do?menuId=PS03448&m_id=3_18&m_mod=3&bbsId=5&nttSn=238&num=0&pageIndex=1,,https://farmer.rda.go.kr/portal/menu6/board_lst1.do?m_id=3_18&m_mod=0&menuId=PS03448,html/024_PS03448.html,농촌진흥청 농업인안전365
237,5,공지사항,공지사항,안전교육,농업인 재해예방 동영상 업데이트 알림,2026-08-19,0,1,https://farmer.rda.go.kr/portal/menu1/board_viw.do?menuId=PS03448&m_id=3_18&m_mod=4&bbsId=5&nttSn=237&num=0&pageIndex=1,,https://farmer.rda.go.kr/portal/menu6/board_lst1.do?m_id=3_18&m_mod=0&menuId=PS03448,html/024_PS03448.html,농촌진흥청 농업인안전365
236,5,공지사항,공지사항,공지사항,2026년 농작업 안전수칙 자율점검 이벤트 당첨자 발표,2026-08-18,0,1,https://farmer.rda.go.kr/portal/menu1/board_viw.do?menuId=PS03448&m_id=3_18&m_mod=5&bbsId=5&nttSn=236&num=0&pageIndex=1,,https://farmer.rda.go.kr/portal/menu6/board_lst1.do?m_id=3_18&m_mod=0&menuId=PS03448,html/024_PS03448.html,농촌진흥청 농업인안전365
235,5,공지사항,공지사항,공지사항,카드뉴스 업데이트 알림,2026-08-10,0,1,https://farmer.rda.go.kr/portal/menu1/board_viw.do?menuId=PS03448&m_id=3_18&m_mod=6&bbsId=5&nttSn=235&num=0&pageIndex=1,,https://farmer.rda.go.kr/portal/menu6/board_lst1.do?m_id=3_18&m_mod=0&menuId=PS03448,html/024_PS03448.html,농촌진흥청 농업인안전365
234,5,공지사항,공지사항,온열·한랭,폭염 6대 행동요령,2026-08-06,0,1,https://farmer.rda.go.kr/portal/menu1/board_viw.do?menuId=PS03448&m_id=3_18&m_mod=7&bbsId=5&nttSn=234&num=0&pageIndex=1,,https://farmer.rda.go.kr/portal/menu6/board_lst1.do?m_id=3_18&m_mod=0&menuId=PS03448,html/024_PS03448.html,농촌진흥청 농업인안전365
233,5,공지사항,공지사항,공지사항,2026년 농업인 안전365 캠페인 공모전 안내,2026-07-09,0,1,https://farmer.rda.go.kr/portal/menu1/board_viw.do?menuId=PS03448&m_id=3_18&m_mod=8&bbsId=5&nttSn=233&num=0&pageIndex=1,,https://farmer.rda.go.kr/portal/menu6/board_lst1.do?m_id=3_18&m_mod=0&menuId=PS03448,html/024_PS03448.html,농촌진흥청 농업인안전365
232,5,공지사항,공지사항,공지사항,2026년 농작업 안전수칙 자율점검 이벤트 안내(7.1.~7.31),2026-06-30,0,1,https://farmer.rda.go.kr/portal/menu1/board_viw.do?menuId=PS03448&m_id=3_18&m_mod=9&bbsId=5&nttSn=232&num=0&pageIndex=1,,https://farmer.rda.go.kr/portal/menu6/board_lst1.do?m_id=3_18&m_mod=0&menuId=PS03448,html/024_PS03448.html,농촌진흥청 농업인안전365
231,5,공지사항,공지사항,공지사항,2026년 여성농업인 특수건강검진 신청 안내,2026-06-12,0,1,https://farmer.rda.go.kr/portal/menu1/board_viw.do?menuId=PS03448&m_id=3_18&m_mod=10&bbsId=5&nttSn=231&num=0&pageIndex=1,,https://farmer.rda.go.kr/portal/menu6/board_lst1.do?m_id=3_18&m_mod=0&menuId=PS03448,html/024_PS03448.html,농촌진흥청 농업인안전365
790,6,홍보,홍보성과,온열·한랭,(농민신문)“없었으면 큰일 날 뻔했죠”…폭염 속 농민 살린 ‘이것’,2026-08-18,0,1,https://farmer.rda.go.kr/portal/menu1/board_viw.do?menuId=PS03449&m_id=3_19&m_mod=1&bbsId=6&nttSn=790&num=0&pageIndex=1,,https://farmer.rda.go.kr/portal/menu6/board_lst1.do?m_id=3_19&m_mod=0&menuId=PS03449,html/025_PS03449.html,농촌진흥청 농업인안전365
789,6,홍보,뉴스모음집,온열·한랭,(뉴시스) 영광군 '농촌 일손 버팀목' 외국인 근로자 대상 폭염 대응 교육,2026-08-03,0,1,https://farmer.rda.go.kr/portal/menu1/board_viw.do?menuId=PS03449&m_id=3_19&m_mod=2&bbsId=6&nttSn=789&num=0&pageIndex=1,,https://farmer.rda.go.kr/portal/menu6/board_lst1.do?m_id=3_19&m_mod=0&menuId=PS03449,html/025_PS03449.html,농촌진흥청 농업인안전365
788,6,홍보,뉴스모음집,온열·한랭,(노컷뉴스) 30도 넘는 땡볕서 밭일하던 90대 숨져…온열질환 주의,2026-08-03,0,1,https://farmer.rda.go.kr/portal/menu1/board_viw.do?menuId=PS03449&m_id=3_19&m_mod=3&bbsId=6&nttSn=788&num=0&pageIndex=1,,https://farmer.rda.go.kr/portal/menu6/board_lst1.do?m_id=3_19&m_mod=0&menuId=PS03449,html/025_PS03449.html,농촌진흥청 농업인안전365
787,6,홍보,뉴스모음집,온열·한랭,"(뉴시스) 울진서 첫 온열질환 사망, 밭일 하던 80대…체온은 38도",2026-08-03,0,1,https://farmer.rda.go.kr/portal/menu1/board_viw.do?menuId=PS03449&m_id=3_19&m_mod=4&bbsId=6&nttSn=787&num=0&pageIndex=1,,https://farmer.rda.go.kr/portal/menu6/board_lst1.do?m_id=3_19&m_mod=0&menuId=PS03449,html/025_PS03449.html,농촌진흥청 농업인안전365
786,6,홍보,뉴스모음집,뉴스모음집,(연합뉴스) 남원서 트럭 도랑에 빠져…70대 운전자 숨져,2026-08-03,0,1,https://farmer.rda.go.kr/portal/menu1/board_viw.do?menuId=PS03449&m_id=3_19&m_mod=5&bbsId=6&nttSn=786&num=0&pageIndex=1,,https://farmer.rda.go.kr/portal/menu6/board_lst1.do?m_id=3_19&m_mod=0&menuId=PS03449,html/025_PS03449.html,농촌진흥청 농업인안전365
785,6,홍보,뉴스모음집,온열·한랭,(경향신문)[단독]체온이 43도였다···입국한 지 3일 만에 폭염 속 밭일하다 숨진 해남 이주노동자,2026-07-30,0,1,https://farmer.rda.go.kr/portal/menu1/board_viw.do?menuId=PS03449&m_id=3_19&m_mod=6&bbsId=6&nttSn=785&num=0&pageIndex=1,,https://farmer.rda.go.kr/portal/menu6/board_lst1.do?m_id=3_19&m_mod=0&menuId=PS03449,html/025_PS03449.html,농촌진흥청 농업인안전365
784,6,홍보,보도자료,온열·한랭,"농촌진흥청, 무더위 앞두고 농업 분야 온열질환 예방 기술지원",2026-07-28,0,1,https://farmer.rda.go.kr/portal/menu1/board_viw.do?menuId=PS03449&m_id=3_19&m_mod=7&bbsId=6&nttSn=784&num=0&pageIndex=1,,https://farmer.rda.go.kr/portal/menu6/board_lst1.do?m_id=3_19&m_mod=0&menuId=PS03449,html/025_PS03449.html,농촌진흥청 농업인안전365
783,6,홍보,보도자료,온열·한랭,손목 장치가 폭염 위험 알린다…농업인 온열질환 예방 기술 현장 실증,2026-07-28,0,1,https://farmer.rda.go.kr/portal/menu1/board_viw.do?menuId=PS03449&m_id=3_19&m_mod=8&bbsId=6&nttSn=783&num=0&pageIndex=1,,https://farmer.rda.go.kr/portal/menu6/board_lst1.do?m_id=3_19&m_mod=0&menuId=PS03449,html/025_PS03449.html,농촌진흥청 농업인안전365
782,6,홍보,홍보성과,온열·한랭,(농민신문)폭염에 픽픽 쓰러지기 전에…체감온도 높으면 쉬라며 손목이 ‘부르르’,2026-07-27,0,1,https://farmer.rda.go.kr/portal/menu1/board_viw.do?menuId=PS03449&m_id=3_19&m_mod=9&bbsId=6&nttSn=782&num=0&pageIndex=1,,https://farmer.rda.go.kr/portal/menu6/board_lst1.do?m_id=3_19&m_mod=0&menuId=PS03449,html/025_PS03449.html,농촌진흥청 농업인안전365
781,6,홍보,뉴스모음집,온열·한랭,"(뉴스1) 온열질환 사망자 24%가 농업 현장서 발생…농식품부, 폭염 안전관리 총력",2026-07-03,0,1,https://farmer.rda.go.kr/portal/menu1/board_viw.do?menuId=PS03449&m_id=3_19&m_mod=10&bbsId=6&nttSn=781&num=0&pageIndex=1,,https://farmer.rda.go.kr/portal/menu6/board_lst1.do?m_id=3_19&m_mod=0&menuId=PS03449,html/025_PS03449.html,농촌진흥청 농업인안전365
101,8,자료실,기타,간행물,(리플릿) 농작업안전 자가점검 체크리스트(캄보디아어),2023-09-04,11,226,https://farmer.rda.go.kr/portal/menu1/board_viw.do?menuId=PS03447&m_id=9004_9052&m_mod=0&bbsId=8&nttSn=101&num=11&pageIndex=2,https://farmer.rda.go.kr/portal/contentsFileDownload.do?atchFileGroupCd=A0001475&fileSn=1,https://farmer.rda.go.kr/portal/menu1/board_lst.do?m_id=9004_9052&m_mod=0&menuId=PS03447&pageIndex=2,html/035_PS03447_p2.html,농촌진흥청 농업인안전365
98,8,자료실,기타,간행물,(리플릿) 농작업안전 자가점검 체크리스트(베트남어),2023-09-04,12,226,https://farmer.rda.go.kr/portal/menu1/board_viw.do?menuId=PS03447&m_id=9004_9052&m_mod=0&bbsId=8&nttSn=98&num=12&pageIndex=2,https://farmer.rda.go.kr/portal/contentsFileDownload.do?atchFileGroupCd=A0001472&fileSn=1,https://farmer.rda.go.kr/portal/menu1/board_lst.do?m_id=9004_9052&m_mod=0&menuId=PS03447&pageIndex=2,html/035_PS03447_p2.html,농촌진흥청 농업인안전365
97,8,자료실,기타,간행물,(리플릿) 농작업안전 자가점검 체크리스트(미얀마어),2023-09-04,13,226,https://farmer.rda.go.kr/portal/menu1/board_viw.do?menuId=PS03447&m_id=9004_9052&m_mod=0&bbsId=8&nttSn=97&num=13&pageIndex=2,https://farmer.rda.go.kr/portal/contentsFileDownload.do?atchFileGroupCd=A0001471&fileSn=1,https://farmer.rda.go.kr/portal/menu1/board_lst.do?m_id=9004_9052&m_mod=0&menuId=PS03447&pageIndex=2,html/035_PS03447_p2.html,농촌진흥청 농업인안전365
96,8,자료실,기타,간행물,(리플릿) 농작업안전 자가점검 체크리스트(몽골어),2023-09-04,14,226,https://farmer.rda.go.kr/portal/menu1/board_viw.do?menuId=PS03447&m_id=9004_9052&m_mod=0&bbsId=8&nttSn=96&num=14&pageIndex=2,https://farmer.rda.go.kr/portal/contentsFileDownload.do?atchFileGroupCd=A0001470&fileSn=1,https://farmer.rda.go.kr/portal/menu1/board_lst.do?m_id=9004_9052&m_mod=0&menuId=PS03447&pageIndex=2,html/035_PS03447_p2.html,농촌진흥청 농업인안전365
95,8,자료실,기타,간행물,(리플릿) 농작업안전 자가점검 체크리스트(라오어),2023-09-04,15,226,https://farmer.rda.go.kr/portal/menu1/board_viw.do?menuId=PS03447&m_id=9004_9052&m_mod=0&bbsId=8&nttSn=95&num=15&pageIndex=2,https://farmer.rda.go.kr/portal/contentsFileDownload.do?atchFileGroupCd=A0001469&fileSn=1,https://farmer.rda.go.kr/portal/menu1/board_lst.do?m_id=9004_9052&m_mod=0&menuId=PS03447&pageIndex=2,html/035_PS03447_p2.html,농촌진흥청 농업인안전365
94,8,자료실,기타,간행물,(리플릿) 농작업안전 자가점검 체크리스트(네팔어),2023-09-04,16,226,https://farmer.rda.go.kr/portal/menu1/board_viw.do?menuId=PS03447&m_id=9004_9052&m_mod=0&bbsId=8&nttSn=94&num=16&pageIndex=2,https://farmer.rda.go.kr/portal/contentsFileDownload.do?atchFileGroupCd=A0001468&fileSn=1,https://farmer.rda.go.kr/portal/menu1/board_lst.do?m_id=9004_9052&m_mod=0&menuId=PS03447&pageIndex=2,html/035_PS03447_p2.html,농촌진흥청 농업인안전365
103,8,자료실,기타,안전교육,(교육자료) 농작업 안전재해 예방,2023-06-07,17,226,https://farmer.rda.go.kr/portal/menu1/board_viw.do?menuId=PS03447&m_id=9004_9052&m_mod=0&bbsId=8&nttSn=103&num=17&pageIndex=2,https://farmer.rda.go.kr/portal/contentsFileDownload.do?atchFileGroupCd=A0001477&fileSn=1,https://farmer.rda.go.kr/portal/menu1/board_lst.do?m_id=9004_9052&m_mod=0&menuId=PS03447&pageIndex=2,html/035_PS03447_p2.html,농촌진흥청 농업인안전365
117,8,자료실,기타,농기계,(농업기계 형식별 안전이용 수칙) 승용형농업기계,2023-05-02,18,226,https://farmer.rda.go.kr/portal/menu1/board_viw.do?menuId=PS03447&m_id=9004_9052&m_mod=0&bbsId=8&nttSn=117&num=18&pageIndex=2,https://farmer.rda.go.kr/portal/contentsFileDownload.do?atchFileGroupCd=A0001491&fileSn=1,https://farmer.rda.go.kr/portal/menu1/board_lst.do?m_id=9004_9052&m_mod=0&menuId=PS03447&pageIndex=2,html/035_PS03447_p2.html,농촌진흥청 농업인안전365
130,8,자료실,기타,기타,교통사고 판례해설,2023-05-02,19,226,https://farmer.rda.go.kr/portal/menu1/board_viw.do?menuId=PS03447&m_id=9004_9052&m_mod=0&bbsId=8&nttSn=130&num=19&pageIndex=2,https://farmer.rda.go.kr/portal/contentsFileDownload.do?atchFileGroupCd=A0001504&fileSn=1,https://farmer.rda.go.kr/portal/menu1/board_lst.do?m_id=9004_9052&m_mod=0&menuId=PS03447&pageIndex=2,html/035_PS03447_p2.html,농촌진흥청 농업인안전365
131,8,자료실,기타,기타,교통사고특례법의 중대법규위반 10개항목,2023-05-02,20,226,https://farmer.rda.go.kr/portal/menu1/board_viw.do?menuId=PS03447&m_id=9004_9052&m_mod=0&bbsId=8&nttSn=131&num=20&pageIndex=2,https://farmer.rda.go.kr/portal/contentsFileDownload.do?atchFileGroupCd=A0001505&fileSn=1,https://farmer.rda.go.kr/portal/menu1/board_lst.do?m_id=9004_9052&m_mod=0&menuId=PS03447&pageIndex=2,html/035_PS03447_p2.html,농촌진흥청 농업인안전365
120,8,자료실,기타,농기계,(농업기계 등화장치 관련사항) 등화장치부착 및 조작,2023-05-02,21,226,https://farmer.rda.go.kr/portal/menu1/board_viw.do?menuId=PS03447&m_id=9004_9052&m_mod=0&bbsId=8&nttSn=120&num=21&pageIndex=3,https://farmer.rda.go.kr/portal/contentsFileDownload.do?atchFileGroupCd=A0001494&fileSn=1,https://farmer.rda.go.kr/portal/menu1/board_lst.do?m_id=9004_9052&m_mod=0&menuId=PS03447&pageIndex=3,html/036_PS03447_p3.html,농촌진흥청 농업인안전365
121,8,자료실,기타,농기계,(농업기계 도로안전 운행요령) 특정환경에서 안전운전,2023-05-02,22,226,https://farmer.rda.go.kr/portal/menu1/board_viw.do?menuId=PS03447&m_id=9004_9052&m_mod=0&bbsId=8&nttSn=121&num=22&pageIndex=3,https://farmer.rda.go.kr/portal/contentsFileDownload.do?atchFileGroupCd=A0001495&fileSn=1,https://farmer.rda.go.kr/portal/menu1/board_lst.do?m_id=9004_9052&m_mod=0&menuId=PS03447&pageIndex=3,html/036_PS03447_p3.html,농촌진흥청 농업인안전365
122,8,자료실,기타,농기계,(농업기계 도로안전 운행요령) 상황별 안전사고 예방요령,2023-05-02,23,226,https://farmer.rda.go.kr/portal/menu1/board_viw.do?menuId=PS03447&m_id=9004_9052&m_mod=0&bbsId=8&nttSn=122&num=23&pageIndex=3,https://farmer.rda.go.kr/portal/contentsFileDownload.do?atchFileGroupCd=A0001496&fileSn=1,https://farmer.rda.go.kr/portal/menu1/board_lst.do?m_id=9004_9052&m_mod=0&menuId=PS03447&pageIndex=3,html/036_PS03447_p3.html,농촌진흥청 농업인안전365
123,8,자료실,기타,농기계,(농업기계 도로안전 운행요령) 안전운전 기본수칙,2023-05-02,24,226,https://farmer.rda.go.kr/portal/menu1/board_viw.do?menuId=PS03447&m_id=9004_9052&m_mod=0&bbsId=8&nttSn=123&num=24&pageIndex=3,https://farmer.rda.go.kr/portal/contentsFileDownload.do?atchFileGroupCd=A0001497&fileSn=1,https://farmer.rda.go.kr/portal/menu1/board_lst.do?m_id=9004_9052&m_mod=0&menuId=PS03447&pageIndex=3,html/036_PS03447_p3.html,농촌진흥청 농업인안전365
115,8,자료실,기타,농기계,(농업기계 형식별 안전이용 수칙) 기타,2023-05-02,25,226,https://farmer.rda.go.kr/portal/menu1/board_viw.do?menuId=PS03447&m_id=9004_9052&m_mod=0&bbsId=8&nttSn=115&num=25&pageIndex=3,https://farmer.rda.go.kr/portal/contentsFileDownload.do?atchFileGroupCd=A0001489&fileSn=1,https://farmer.rda.go.kr/portal/menu1/board_lst.do?m_id=9004_9052&m_mod=0&menuId=PS03447&pageIndex=3,html/036_PS03447_p3.html,농촌진흥청 농업인안전365
119,8,자료실,기타,농기계,(농업기계 형식별 안전이용 수칙) 휴대형농업기계,2023-05-02,26,226,https://farmer.rda.go.kr/portal/menu1/board_viw.do?menuId=PS03447&m_id=9004_9052&m_mod=0&bbsId=8&nttSn=119&num=26&pageIndex=3,https://farmer.rda.go.kr/portal/contentsFileDownload.do?atchFileGroupCd=A0001493&fileSn=1,https://farmer.rda.go.kr/portal/menu1/board_lst.do?m_id=9004_9052&m_mod=0&menuId=PS03447&pageIndex=3,html/036_PS03447_p3.html,농촌진흥청 농업인안전365
118,8,자료실,기타,농기계,(농업기계 형식별 안전이용 수칙) 정치형농업기계,2023-05-02,27,226,https://farmer.rda.go.kr/portal/menu1/board_viw.do?menuId=PS03447&m_id=9004_9052&m_mod=0&bbsId=8&nttSn=118&num=27&pageIndex=3,https://farmer.rda.go.kr/portal/contentsFileDownload.do?atchFileGroupCd=A0001492&fileSn=1,https://farmer.rda.go.kr/portal/menu1/board_lst.do?m_id=9004_9052&m_mod=0&menuId=PS03447&pageIndex=3,html/036_PS03447_p3.html,농촌진흥청 농업인안전365
116,8,자료실,기타,농기계,(농업기계 형식별 안전이용 수칙) 보행형농업기계,2023-05-02,28,226,https://farmer.rda.go.kr/portal/menu1/board_viw.do?menuId=PS03447&m_id=9004_9052&m_mod=0&bbsId=8&nttSn=116&num=28&pageIndex=3,https://farmer.rda.go.kr/portal/contentsFileDownload.do?atchFileGroupCd=A0001490&fileSn=1,https://farmer.rda.go.kr/portal/menu1/board_lst.do?m_id=9004_9052&m_mod=0&menuId=PS03447&pageIndex=3,html/036_PS03447_p3.html,농촌진흥청 농업인안전365
127,8,자료실,기타,농기계,(농업기계안전) 안전표지 적용 범위 및 안전표지 목적,2023-05-02,29,226,https://farmer.rda.go.kr/portal/menu1/board_viw.do?menuId=PS03447&m_id=9004_9052&m_mod=0&bbsId=8&nttSn=127&num=29&pageIndex=3,https://farmer.rda.go.kr/portal/contentsFileDownload.do?atchFileGroupCd=A0001501&fileSn=1,https://farmer.rda.go.kr/portal/menu1/board_lst.do?m_id=9004_9052&m_mod=0&menuId=PS03447&pageIndex=3,html/036_PS03447_p3.html,농촌진흥청 농업인안전365
128,8,자료실,기타,농기계,(농업기계안전) 안전표지 종류 및 양식,2023-05-02,30,226,https://farmer.rda.go.kr/portal/menu1/board_viw.do?menuId=PS03447&m_id=9004_9052&m_mod=0&bbsId=8&nttSn=128&num=30&pageIndex=3,https://farmer.rda.go.kr/portal/contentsFileDownload.do?atchFileGroupCd=A0001502&fileSn=1,https://farmer.rda.go.kr/portal/menu1/board_lst.do?m_id=9004_9052&m_mod=0&menuId=PS03447&pageIndex=3,html/036_PS03447_p3.html,농촌진흥청 농업인안전365
129,8,자료실,기타,농기계,(농업기계안전) 안전표지의 색깔,2023-05-02,31,226,https://farmer.rda.go.kr/portal/menu1/board_viw.do?menuId=PS03447&m_id=9004_9052&m_mod=0&bbsId=8&nttSn=129&num=31&pageIndex=4,https://farmer.rda.go.kr/portal/contentsFileDownload.do?atchFileGroupCd=A0001503&fileSn=1,https://farmer.rda.go.kr/portal/menu1/board_lst.do?m_id=9004_9052&m_mod=0&menuId=PS03447&pageIndex=4,html/037_PS03447_p4.html,농촌진흥청 농업인안전365
114,8,자료실,기타,농기계,(농업기계 기종별 안전이용 수칙) 휴대형동력예취기,2023-05-02,32,226,https://farmer.rda.go.kr/portal/menu1/board_viw.do?menuId=PS03447&m_id=9004_9052&m_mod=0&bbsId=8&nttSn=114&num=32&pageIndex=4,https://farmer.rda.go.kr/portal/contentsFileDownload.do?atchFileGroupCd=A0001488&fileSn=1,https://farmer.rda.go.kr/portal/menu1/board_lst.do?m_id=9004_9052&m_mod=0&menuId=PS03447&pageIndex=4,html/037_PS03447_p4.html,농촌진흥청 농업인안전365
113,8,자료실,기타,농기계,(농업기계 기종별 안전이용 수칙) 트랙터,2023-05-02,33,226,https://farmer.rda.go.kr/portal/menu1/board_viw.do?menuId=PS03447&m_id=9004_9052&m_mod=0&bbsId=8&nttSn=113&num=33&pageIndex=4,https://farmer.rda.go.kr/portal/contentsFileDownload.do?atchFileGroupCd=A0001487&fileSn=1,https://farmer.rda.go.kr/portal/menu1/board_lst.do?m_id=9004_9052&m_mod=0&menuId=PS03447&pageIndex=4,html/037_PS03447_p4.html,농촌진흥청 농업인안전365
112,8,자료실,기타,농기계,(농업기계 기종별 안전이용 수칙) 지게차,2023-05-02,34,226,https://farmer.rda.go.kr/portal/menu1/board_viw.do?menuId=PS03447&m_id=9004_9052&m_mod=0&bbsId=8&nttSn=112&num=34&pageIndex=4,https://farmer.rda.go.kr/portal/contentsFileDownload.do?atchFileGroupCd=A0001486&fileSn=1,https://farmer.rda.go.kr/portal/menu1/board_lst.do?m_id=9004_9052&m_mod=0&menuId=PS03447&pageIndex=4,html/037_PS03447_p4.html,농촌진흥청 농업인안전365
111,8,자료실,기타,농기계,(농업기계 기종별 안전이용 수칙) 이앙기 및 채소이식기,2023-05-02,35,226,https://farmer.rda.go.kr/portal/menu1/board_viw.do?menuId=PS03447&m_id=9004_9052&m_mod=0&bbsId=8&nttSn=111&num=35&pageIndex=4,https://farmer.rda.go.kr/portal/contentsFileDownload.do?atchFileGroupCd=A0001485&fileSn=1,https://farmer.rda.go.kr/portal/menu1/board_lst.do?m_id=9004_9052&m_mod=0&menuId=PS03447&pageIndex=4,html/037_PS03447_p4.html,농촌진흥청 농업인안전365
110,8,자료실,기타,농기계,(농업기계 기종별 안전이용 수칙) 스키드로더,2023-05-02,36,226,https://farmer.rda.go.kr/portal/menu1/board_viw.do?menuId=PS03447&m_id=9004_9052&m_mod=0&bbsId=8&nttSn=110&num=36&pageIndex=4,https://farmer.rda.go.kr/portal/contentsFileDownload.do?atchFileGroupCd=A0001484&fileSn=1,https://farmer.rda.go.kr/portal/menu1/board_lst.do?m_id=9004_9052&m_mod=0&menuId=PS03447&pageIndex=4,html/037_PS03447_p4.html,농촌진흥청 농업인안전365
109,8,자료실,기타,농기계,(농업기계 기종별 안전이용 수칙) 방제기,2023-05-02,37,226,https://farmer.rda.go.kr/portal/menu1/board_viw.do?menuId=PS03447&m_id=9004_9052&m_mod=0&bbsId=8&nttSn=109&num=37&pageIndex=4,https://farmer.rda.go.kr/portal/contentsFileDownload.do?atchFileGroupCd=A0001483&fileSn=1,https://farmer.rda.go.kr/portal/menu1/board_lst.do?m_id=9004_9052&m_mod=0&menuId=PS03447&pageIndex=4,html/037_PS03447_p4.html,농촌진흥청 농업인안전365
108,8,자료실,기타,농기계,(농업기계 기종별 안전이용 수칙) 모노레일운반기,2023-05-02,38,226,https://farmer.rda.go.kr/portal/menu1/board_viw.do?menuId=PS03447&m_id=9004_9052&m_mod=0&bbsId=8&nttSn=108&num=38&pageIndex=4,https://farmer.rda.go.kr/portal/contentsFileDownload.do?atchFileGroupCd=A0001482&fileSn=1,https://farmer.rda.go.kr/portal/menu1/board_lst.do?m_id=9004_9052&m_mod=0&menuId=PS03447&pageIndex=4,html/037_PS03447_p4.html,농촌진흥청 농업인안전365
107,8,자료실,기타,농기계,(농업기계 기종별 안전이용 수칙) 농용운반차,2023-05-02,39,226,https://farmer.rda.go.kr/portal/menu1/board_viw.do?menuId=PS03447&m_id=9004_9052&m_mod=0&bbsId=8&nttSn=107&num=39&pageIndex=4,https://farmer.rda.go.kr/portal/contentsFileDownload.do?atchFileGroupCd=A0001481&fileSn=1,https://farmer.rda.go.kr/portal/menu1/board_lst.do?m_id=9004_9052&m_mod=0&menuId=PS03447&pageIndex=4,html/037_PS03447_p4.html,농촌진흥청 농업인안전365
106,8,자료실,기타,농기계,"(농업기계 기종별 안전이용 수칙) 공동건조, 조제, 저장시설",2023-05-02,40,226,https://farmer.rda.go.kr/portal/menu1/board_viw.do?menuId=PS03447&m_id=9004_9052&m_mod=0&bbsId=8&nttSn=106&num=40&pageIndex=4,https://farmer.rda.go.kr/portal/contentsFileDownload.do?atchFileGroupCd=A0001480&fileSn=1,https://farmer.rda.go.kr/portal/menu1/board_lst.do?m_id=9004_9052&m_mod=0&menuId=PS03447&pageIndex=4,html/037_PS03447_p4.html,농촌진흥청 농업인안전365
105,8,자료실,기타,농기계,(농업기계 기종별 안전이용 수칙) 곡물수확기,2023-05-02,41,226,https://farmer.rda.go.kr/portal/menu1/board_viw.do?menuId=PS03447&m_id=9004_9052&m_mod=0&bbsId=8&nttSn=105&num=41&pageIndex=5,https://farmer.rda.go.kr/portal/contentsFileDownload.do?atchFileGroupCd=A0001479&fileSn=1,https://farmer.rda.go.kr/portal/menu1/board_lst.do?m_id=9004_9052&m_mod=0&menuId=PS03447&pageIndex=5,html/038_PS03447_p5.html,농촌진흥청 농업인안전365
104,8,자료실,기타,농기계,"(농업기계 기종별 안전이용 수칙) 경운기, 관리기 등",2023-05-02,42,226,https://farmer.rda.go.kr/portal/menu1/board_viw.do?menuId=PS03447&m_id=9004_9052&m_mod=0&bbsId=8&nttSn=104&num=42&pageIndex=5,https://farmer.rda.go.kr/portal/contentsFileDownload.do?atchFileGroupCd=A0001478&fileSn=1,https://farmer.rda.go.kr/portal/menu1/board_lst.do?m_id=9004_9052&m_mod=0&menuId=PS03447&pageIndex=5,html/038_PS03447_p5.html,농촌진흥청 농업인안전365
126,8,자료실,기타,농기계,(농업기계 안전이용 지침) 작업환경별 농작업요령,2023-05-02,43,226,https://farmer.rda.go.kr/portal/menu1/board_viw.do?menuId=PS03447&m_id=9004_9052&m_mod=0&bbsId=8&nttSn=126&num=43&pageIndex=5,https://farmer.rda.go.kr/portal/contentsFileDownload.do?atchFileGroupCd=A0001500&fileSn=1,https://farmer.rda.go.kr/portal/menu1/board_lst.do?m_id=9004_9052&m_mod=0&menuId=PS03447&pageIndex=5,html/038_PS03447_p5.html,농촌진흥청 농업인안전365
125,8,자료실,기타,농기계,(농업기계 안전이용 지침) 위험지역 작업요령,2023-05-02,44,226,https://farmer.rda.go.kr/portal/menu1/board_viw.do?menuId=PS03447&m_id=9004_9052&m_mod=0&bbsId=8&nttSn=125&num=44&pageIndex=5,https://farmer.rda.go.kr/portal/contentsFileDownload.do?atchFileGroupCd=A0001499&fileSn=1,https://farmer.rda.go.kr/portal/menu1/board_lst.do?m_id=9004_9052&m_mod=0&menuId=PS03447&pageIndex=5,html/038_PS03447_p5.html,농촌진흥청 농업인안전365
124,8,자료실,기타,농기계,(농업기계 안전이용 지침) 농작업 안전수칙,2023-05-02,45,226,https://farmer.rda.go.kr/portal/menu1/board_viw.do?menuId=PS03447&m_id=9004_9052&m_mod=0&bbsId=8&nttSn=124&num=45&pageIndex=5,https://farmer.rda.go.kr/portal/contentsFileDownload.do?atchFileGroupCd=A0001498&fileSn=1,https://farmer.rda.go.kr/portal/menu1/board_lst.do?m_id=9004_9052&m_mod=0&menuId=PS03447&pageIndex=5,html/038_PS03447_p5.html,농촌진흥청 농업인안전365
132,8,자료실,기타,안전교육,(서식) 농작업 안전보건 교육 일지,2022-02-25,46,226,https://farmer.rda.go.kr/portal/menu1/board_viw.do?menuId=PS03447&m_id=9004_9052&m_mod=0&bbsId=8&nttSn=132&num=46&pageIndex=5,https://farmer.rda.go.kr/portal/contentsFileDownload.do?atchFileGroupCd=A0001506&fileSn=1,https://farmer.rda.go.kr/portal/menu1/board_lst.do?m_id=9004_9052&m_mod=0&menuId=PS03447&pageIndex=5,html/038_PS03447_p5.html,농촌진흥청 농업인안전365
133,8,자료실,기타,안전교육,(서식) 농작업 안전보건 교육 훈련 계획서,2022-02-25,47,226,https://farmer.rda.go.kr/portal/menu1/board_viw.do?menuId=PS03447&m_id=9004_9052&m_mod=0&bbsId=8&nttSn=133&num=47&pageIndex=5,https://farmer.rda.go.kr/portal/contentsFileDownload.do?atchFileGroupCd=A0001507&fileSn=1,https://farmer.rda.go.kr/portal/menu1/board_lst.do?m_id=9004_9052&m_mod=0&menuId=PS03447&pageIndex=5,html/038_PS03447_p5.html,농촌진흥청 농업인안전365
152,8,자료실,기타,안전교육,(서식) 농작업 안전보건교육 참석자 명단,2022-02-25,48,226,https://farmer.rda.go.kr/portal/menu1/board_viw.do?menuId=PS03447&m_id=9004_9052&m_mod=0&bbsId=8&nttSn=152&num=48&pageIndex=5,https://farmer.rda.go.kr/portal/contentsFileDownload.do?atchFileGroupCd=A0001526&fileSn=1,https://farmer.rda.go.kr/portal/menu1/board_lst.do?m_id=9004_9052&m_mod=0&menuId=PS03447&pageIndex=5,html/038_PS03447_p5.html,농촌진흥청 농업인안전365
134,8,자료실,기타,기타,(서식) 안전점검일지,2022-02-25,49,226,https://farmer.rda.go.kr/portal/menu1/board_viw.do?menuId=PS03447&m_id=9004_9052&m_mod=0&bbsId=8&nttSn=134&num=49&pageIndex=5,https://farmer.rda.go.kr/portal/contentsFileDownload.do?atchFileGroupCd=A0001508&fileSn=1,https://farmer.rda.go.kr/portal/menu1/board_lst.do?m_id=9004_9052&m_mod=0&menuId=PS03447&pageIndex=5,html/038_PS03447_p5.html,농촌진흥청 농업인안전365
135,8,자료실,기타,기타,(서식) 농장안내표지,2022-02-25,50,226,https://farmer.rda.go.kr/portal/menu1/board_viw.do?menuId=PS03447&m_id=9004_9052&m_mod=0&bbsId=8&nttSn=135&num=50&pageIndex=5,https://farmer.rda.go.kr/portal/contentsFileDownload.do?atchFileGroupCd=A0001509&fileSn=1,https://farmer.rda.go.kr/portal/menu1/board_lst.do?m_id=9004_9052&m_mod=0&menuId=PS03447&pageIndex=5,html/038_PS03447_p5.html,농촌진흥청 농업인안전365
136,8,자료실,기타,기타,(서식) 기타 안전표지,2022-02-25,51,226,https://farmer.rda.go.kr/portal/menu1/board_viw.do?menuId=PS03447&m_id=9004_9052&m_mod=0&bbsId=8&nttSn=136&num=51&pageIndex=6,https://farmer.rda.go.kr/portal/contentsFileDownload.do?atchFileGroupCd=A0001510&fileSn=1,https://farmer.rda.go.kr/portal/menu1/board_lst.do?m_id=9004_9052&m_mod=0&menuId=PS03447&pageIndex=6,html/039_PS03447_p6.html,농촌진흥청 농업인안전365
137,8,자료실,기타,기타,(서식) 소방 안전표지,2022-02-25,52,226,https://farmer.rda.go.kr/portal/menu1/board_viw.do?menuId=PS03447&m_id=9004_9052&m_mod=0&bbsId=8&nttSn=137&num=52&pageIndex=6,https://farmer.rda.go.kr/portal/contentsFileDownload.do?atchFileGroupCd=A0001511&fileSn=1,https://farmer.rda.go.kr/portal/menu1/board_lst.do?m_id=9004_9052&m_mod=0&menuId=PS03447&pageIndex=6,html/039_PS03447_p6.html,농촌진흥청 농업인안전365
138,8,자료실,기타,기타,(서식) 의무 안전표지,2022-02-25,53,226,https://farmer.rda.go.kr/portal/menu1/board_viw.do?menuId=PS03447&m_id=9004_9052&m_mod=0&bbsId=8&nttSn=138&num=53&pageIndex=6,https://farmer.rda.go.kr/portal/contentsFileDownload.do?atchFileGroupCd=A0001512&fileSn=1,https://farmer.rda.go.kr/portal/menu1/board_lst.do?m_id=9004_9052&m_mod=0&menuId=PS03447&pageIndex=6,html/039_PS03447_p6.html,농촌진흥청 농업인안전365
139,8,자료실,기타,응급대응,(서식) 응급 안전표지,2022-02-25,54,226,https://farmer.rda.go.kr/portal/menu1/board_viw.do?menuId=PS03447&m_id=9004_9052&m_mod=0&bbsId=8&nttSn=139&num=54&pageIndex=6,https://farmer.rda.go.kr/portal/contentsFileDownload.do?atchFileGroupCd=A0001513&fileSn=1,https://farmer.rda.go.kr/portal/menu1/board_lst.do?m_id=9004_9052&m_mod=0&menuId=PS03447&pageIndex=6,html/039_PS03447_p6.html,농촌진흥청 농업인안전365
140,8,자료실,기타,기타,(서식) 위험 안전표지,2022-02-25,55,226,https://farmer.rda.go.kr/portal/menu1/board_viw.do?menuId=PS03447&m_id=9004_9052&m_mod=0&bbsId=8&nttSn=140&num=55&pageIndex=6,https://farmer.rda.go.kr/portal/contentsFileDownload.do?atchFileGroupCd=A0001514&fileSn=1,https://farmer.rda.go.kr/portal/menu1/board_lst.do?m_id=9004_9052&m_mod=0&menuId=PS03447&pageIndex=6,html/039_PS03447_p6.html,농촌진흥청 농업인안전365
141,8,자료실,기타,기타,(서식) 금지 안전표지,2022-02-25,56,226,https://farmer.rda.go.kr/portal/menu1/board_viw.do?menuId=PS03447&m_id=9004_9052&m_mod=0&bbsId=8&nttSn=141&num=56&pageIndex=6,https://farmer.rda.go.kr/portal/contentsFileDownload.do?atchFileGroupCd=A0001515&fileSn=1,https://farmer.rda.go.kr/portal/menu1/board_lst.do?m_id=9004_9052&m_mod=0&menuId=PS03447&pageIndex=6,html/039_PS03447_p6.html,농촌진흥청 농업인안전365
142,8,자료실,기타,기타,(서식) 농작업 인간공학적 위험요인 평가,2022-02-25,57,226,https://farmer.rda.go.kr/portal/menu1/board_viw.do?menuId=PS03447&m_id=9004_9052&m_mod=0&bbsId=8&nttSn=142&num=57&pageIndex=6,https://farmer.rda.go.kr/portal/contentsFileDownload.do?atchFileGroupCd=A0001516&fileSn=1,https://farmer.rda.go.kr/portal/menu1/board_lst.do?m_id=9004_9052&m_mod=0&menuId=PS03447&pageIndex=6,html/039_PS03447_p6.html,농촌진흥청 농업인안전365
143,8,자료실,기타,기타,(서식) 농작업 위험요인 평가 체크리스트,2022-02-25,58,226,https://farmer.rda.go.kr/portal/menu1/board_viw.do?menuId=PS03447&m_id=9004_9052&m_mod=0&bbsId=8&nttSn=143&num=58&pageIndex=6,https://farmer.rda.go.kr/portal/contentsFileDownload.do?atchFileGroupCd=A0001517&fileSn=1,https://farmer.rda.go.kr/portal/menu1/board_lst.do?m_id=9004_9052&m_mod=0&menuId=PS03447&pageIndex=6,html/039_PS03447_p6.html,농촌진흥청 농업인안전365
144,8,자료실,기타,기타,(서식) 농업인 안전의식 진단,2022-02-25,59,226,https://farmer.rda.go.kr/portal/menu1/board_viw.do?menuId=PS03447&m_id=9004_9052&m_mod=0&bbsId=8&nttSn=144&num=59&pageIndex=6,https://farmer.rda.go.kr/portal/contentsFileDownload.do?atchFileGroupCd=A0001518&fileSn=1,https://farmer.rda.go.kr/portal/menu1/board_lst.do?m_id=9004_9052&m_mod=0&menuId=PS03447&pageIndex=6,html/039_PS03447_p6.html,농촌진흥청 농업인안전365
145,8,자료실,기타,기타,(서식) 농업인 업무상 손상 조사표,2022-02-25,60,226,https://farmer.rda.go.kr/portal/menu1/board_viw.do?menuId=PS03447&m_id=9004_9052&m_mod=0&bbsId=8&nttSn=145&num=60&pageIndex=6,https://farmer.rda.go.kr/portal/contentsFileDownload.do?atchFileGroupCd=A0001519&fileSn=1,https://farmer.rda.go.kr/portal/menu1/board_lst.do?m_id=9004_9052&m_mod=0&menuId=PS03447&pageIndex=6,html/039_PS03447_p6.html,농촌진흥청 농업인안전365
146,8,자료실,기타,농기계,(서식) 농기계 안전이용 수준 평가,2022-02-25,61,226,https://farmer.rda.go.kr/portal/menu1/board_viw.do?menuId=PS03447&m_id=9004_9052&m_mod=0&bbsId=8&nttSn=146&num=61&pageIndex=7,https://farmer.rda.go.kr/portal/contentsFileDownload.do?atchFileGroupCd=A0001520&fileSn=1,https://farmer.rda.go.kr/portal/menu1/board_lst.do?m_id=9004_9052&m_mod=0&menuId=PS03447&pageIndex=7,html/040_PS03447_p7.html,농촌진흥청 농업인안전365
151,8,자료실,기타,농약·화학물질,(서식) 농약사용 안전수준 평가,2022-02-25,62,226,https://farmer.rda.go.kr/portal/menu1/board_viw.do?menuId=PS03447&m_id=9004_9052&m_mod=0&bbsId=8&nttSn=151&num=62&pageIndex=7,https://farmer.rda.go.kr/portal/contentsFileDownload.do?atchFileGroupCd=A0001525&fileSn=1,https://farmer.rda.go.kr/portal/menu1/board_lst.do?m_id=9004_9052&m_mod=0&menuId=PS03447&pageIndex=7,html/040_PS03447_p7.html,농촌진흥청 농업인안전365
150,8,자료실,기타,농기계,(서식) 농기계 교통사고 예방수준 평가,2022-02-25,63,226,https://farmer.rda.go.kr/portal/menu1/board_viw.do?menuId=PS03447&m_id=9004_9052&m_mod=0&bbsId=8&nttSn=150&num=63&pageIndex=7,https://farmer.rda.go.kr/portal/contentsFileDownload.do?atchFileGroupCd=A0001524&fileSn=1,https://farmer.rda.go.kr/portal/menu1/board_lst.do?m_id=9004_9052&m_mod=0&menuId=PS03447&pageIndex=7,html/040_PS03447_p7.html,농촌진흥청 농업인안전365
149,8,자료실,기타,추락·넘어짐,(서식) 넘어짐 사고 예방을 위한 안전수준 평가,2022-02-25,64,226,https://farmer.rda.go.kr/portal/menu1/board_viw.do?menuId=PS03447&m_id=9004_9052&m_mod=0&bbsId=8&nttSn=149&num=64&pageIndex=7,https://farmer.rda.go.kr/portal/contentsFileDownload.do?atchFileGroupCd=A0001523&fileSn=1,https://farmer.rda.go.kr/portal/menu1/board_lst.do?m_id=9004_9052&m_mod=0&menuId=PS03447&pageIndex=7,html/040_PS03447_p7.html,농촌진흥청 농업인안전365
148,8,자료실,기타,근골격계,(서식) 근골격계질환 증상 조사표,2022-02-25,65,226,https://farmer.rda.go.kr/portal/menu1/board_viw.do?menuId=PS03447&m_id=9004_9052&m_mod=0&bbsId=8&nttSn=148&num=65&pageIndex=7,https://farmer.rda.go.kr/portal/contentsFileDownload.do?atchFileGroupCd=A0001522&fileSn=1,https://farmer.rda.go.kr/portal/menu1/board_lst.do?m_id=9004_9052&m_mod=0&menuId=PS03447&pageIndex=7,html/040_PS03447_p7.html,농촌진흥청 농업인안전365
147,8,자료실,기타,근골격계,(서식) 근골격계질환 예방 수준 평가,2022-02-25,66,226,https://farmer.rda.go.kr/portal/menu1/board_viw.do?menuId=PS03447&m_id=9004_9052&m_mod=0&bbsId=8&nttSn=147&num=66&pageIndex=7,https://farmer.rda.go.kr/portal/contentsFileDownload.do?atchFileGroupCd=A0001521&fileSn=1,https://farmer.rda.go.kr/portal/menu1/board_lst.do?m_id=9004_9052&m_mod=0&menuId=PS03447&pageIndex=7,html/040_PS03447_p7.html,농촌진흥청 농업인안전365
153,8,자료실,발표자료,발표자료,농작업 안전관리 기록부,2021-12-21,67,226,https://farmer.rda.go.kr/portal/menu1/board_viw.do?menuId=PS03447&m_id=9004_9052&m_mod=0&bbsId=8&nttSn=153&num=67&pageIndex=7,https://farmer.rda.go.kr/portal/contentsFileDownload.do?atchFileGroupCd=A0001527&fileSn=1,https://farmer.rda.go.kr/portal/menu1/board_lst.do?m_id=9004_9052&m_mod=0&menuId=PS03447&pageIndex=7,html/040_PS03447_p7.html,농촌진흥청 농업인안전365
1,8,자료실,교육자료,농약·화학물질,농약중독의 이해 및 예방 (충남농업안전보건센터),2019-04-19,68,226,https://farmer.rda.go.kr/portal/menu1/board_viw.do?menuId=PS03447&m_id=9004_9052&m_mod=0&bbsId=8&nttSn=1&num=68&pageIndex=7,https://farmer.rda.go.kr/portal/contentsFileDownload.do?atchFileGroupCd=A0000747&fileSn=1,https://farmer.rda.go.kr/portal/menu1/board_lst.do?m_id=9004_9052&m_mod=0&menuId=PS03447&pageIndex=7,html/040_PS03447_p7.html,농촌진흥청 농업인안전365
154,8,자료실,발표자료,발표자료,농업인 스트레스 연구 현황,2018-07-19,69,226,https://farmer.rda.go.kr/portal/menu1/board_viw.do?menuId=PS03447&m_id=9004_9052&m_mod=0&bbsId=8&nttSn=154&num=69&pageIndex=7,https://farmer.rda.go.kr/portal/contentsFileDownload.do?atchFileGroupCd=A0001528&fileSn=1,https://farmer.rda.go.kr/portal/menu1/board_lst.do?m_id=9004_9052&m_mod=0&menuId=PS03447&pageIndex=7,html/040_PS03447_p7.html,농촌진흥청 농업인안전365
155,8,자료실,발표자료,발표자료,한국 농작업 안전사고와 안전시스템 오류,2017-08-22,70,226,https://farmer.rda.go.kr/portal/menu1/board_viw.do?menuId=PS03447&m_id=9004_9052&m_mod=0&bbsId=8&nttSn=155&num=70&pageIndex=7,https://farmer.rda.go.kr/portal/contentsFileDownload.do?atchFileGroupCd=A0001529&fileSn=1,https://farmer.rda.go.kr/portal/menu1/board_lst.do?m_id=9004_9052&m_mod=0&menuId=PS03447&pageIndex=7,html/040_PS03447_p7.html,농촌진흥청 농업인안전365
157,8,자료실,발표자료,발표자료,농업인 재해보장체계 구축방안,2016-09-09,71,226,https://farmer.rda.go.kr/portal/menu1/board_viw.do?menuId=PS03447&m_id=9004_9052&m_mod=0&bbsId=8&nttSn=157&num=71&pageIndex=8,https://farmer.rda.go.kr/portal/contentsFileDownload.do?atchFileGroupCd=A0001531&fileSn=1,https://farmer.rda.go.kr/portal/menu1/board_lst.do?m_id=9004_9052&m_mod=0&menuId=PS03447&pageIndex=8,html/041_PS03447_p8.html,농촌진흥청 농업인안전365
156,8,자료실,발표자료,농기계,농기계 종합보험 농업인 안전보험의 보완적 활용방안,2016-09-09,72,226,https://farmer.rda.go.kr/portal/menu1/board_viw.do?menuId=PS03447&m_id=9004_9052&m_mod=0&bbsId=8&nttSn=156&num=72&pageIndex=8,https://farmer.rda.go.kr/portal/contentsFileDownload.do?atchFileGroupCd=A0001530&fileSn=1,https://farmer.rda.go.kr/portal/menu1/board_lst.do?m_id=9004_9052&m_mod=0&menuId=PS03447&pageIndex=8,html/041_PS03447_p8.html,농촌진흥청 농업인안전365
238,8,자료실,발표자료,발표자료,외국의 농업인 건강 연구 동향,2015-02-05,73,226,https://farmer.rda.go.kr/portal/menu1/board_viw.do?menuId=PS03447&m_id=9004_9052&m_mod=0&bbsId=8&nttSn=238&num=73&pageIndex=8,https://farmer.rda.go.kr/portal/contentsFileDownload.do?atchFileGroupCd=A0001578&fileSn=1,https://farmer.rda.go.kr/portal/menu1/board_lst.do?m_id=9004_9052&m_mod=0&menuId=PS03447&pageIndex=8,html/041_PS03447_p8.html,농촌진흥청 농업인안전365
200,8,자료실,발표자료,농약·화학물질,농약사용 현황 및 농업인 농약노출 특성,2015-02-05,74,226,https://farmer.rda.go.kr/portal/menu1/board_viw.do?menuId=PS03447&m_id=9004_9052&m_mod=0&bbsId=8&nttSn=200&num=74&pageIndex=8,https://farmer.rda.go.kr/portal/contentsFileDownload.do?atchFileGroupCd=A0001540&fileSn=1,https://farmer.rda.go.kr/portal/menu1/board_lst.do?m_id=9004_9052&m_mod=0&menuId=PS03447&pageIndex=8,html/041_PS03447_p8.html,농촌진흥청 농업인안전365
240,8,자료실,발표자료,발표자료,우리나라 농어업인에서 악성종양 발생과 사망 양상에 관한 연구,2015-02-05,75,226,https://farmer.rda.go.kr/portal/menu1/board_viw.do?menuId=PS03447&m_id=9004_9052&m_mod=0&bbsId=8&nttSn=240&num=75&pageIndex=8,https://farmer.rda.go.kr/portal/contentsFileDownload.do?atchFileGroupCd=A0001580&fileSn=1,https://farmer.rda.go.kr/portal/menu1/board_lst.do?m_id=9004_9052&m_mod=0&menuId=PS03447&pageIndex=8,html/041_PS03447_p8.html,농촌진흥청 농업인안전365
208,8,자료실,발표자료,발표자료,농업인 안전공제 자료 분석을 통한 농작업관련 재해유형과 특성,2015-02-05,76,226,https://farmer.rda.go.kr/portal/menu1/board_viw.do?menuId=PS03447&m_id=9004_9052&m_mod=0&bbsId=8&nttSn=208&num=76&pageIndex=8,https://farmer.rda.go.kr/portal/contentsFileDownload.do?atchFileGroupCd=A0001548&fileSn=1,https://farmer.rda.go.kr/portal/menu1/board_lst.do?m_id=9004_9052&m_mod=0&menuId=PS03447&pageIndex=8,html/041_PS03447_p8.html,농촌진흥청 농업인안전365
207,8,자료실,발표자료,발표자료,농업인 손상규모 파악과 위험도 산정에 관한 연구,2015-02-05,77,226,https://farmer.rda.go.kr/portal/menu1/board_viw.do?menuId=PS03447&m_id=9004_9052&m_mod=0&bbsId=8&nttSn=207&num=77&pageIndex=8,https://farmer.rda.go.kr/portal/contentsFileDownload.do?atchFileGroupCd=A0001547&fileSn=1,https://farmer.rda.go.kr/portal/menu1/board_lst.do?m_id=9004_9052&m_mod=0&menuId=PS03447&pageIndex=8,html/041_PS03447_p8.html,농촌진흥청 농업인안전365
248,8,자료실,발표자료,발표자료,일본에서의 농작업 재해 및 손상 현황,2015-02-05,78,226,https://farmer.rda.go.kr/portal/menu1/board_viw.do?menuId=PS03447&m_id=9004_9052&m_mod=0&bbsId=8&nttSn=248&num=78&pageIndex=8,https://farmer.rda.go.kr/portal/contentsFileDownload.do?atchFileGroupCd=A0001588&fileSn=1,https://farmer.rda.go.kr/portal/menu1/board_lst.do?m_id=9004_9052&m_mod=0&menuId=PS03447&pageIndex=8,html/041_PS03447_p8.html,농촌진흥청 농업인안전365
197,8,자료실,발표자료,발표자료,농림어업인의 업무상 재해와 질병,2015-02-05,79,226,https://farmer.rda.go.kr/portal/menu1/board_viw.do?menuId=PS03447&m_id=9004_9052&m_mod=0&bbsId=8&nttSn=197&num=79&pageIndex=8,https://farmer.rda.go.kr/portal/contentsFileDownload.do?atchFileGroupCd=A0001537&fileSn=1,https://farmer.rda.go.kr/portal/menu1/board_lst.do?m_id=9004_9052&m_mod=0&menuId=PS03447&pageIndex=8,html/041_PS03447_p8.html,농촌진흥청 농업인안전365
210,8,자료실,발표자료,발표자료,농업인 업무스트레스 측정도구의 개발 및 표준화,2015-02-05,80,226,https://farmer.rda.go.kr/portal/menu1/board_viw.do?menuId=PS03447&m_id=9004_9052&m_mod=0&bbsId=8&nttSn=210&num=80&pageIndex=8,https://farmer.rda.go.kr/portal/contentsFileDownload.do?atchFileGroupCd=A0001550&fileSn=1,https://farmer.rda.go.kr/portal/menu1/board_lst.do?m_id=9004_9052&m_mod=0&menuId=PS03447&pageIndex=8,html/041_PS03447_p8.html,농촌진흥청 농업인안전365
195,8,자료실,발표자료,근골격계,과수농민의 경부와 상지의 근골격계 증후군,2015-02-05,81,226,https://farmer.rda.go.kr/portal/menu1/board_viw.do?menuId=PS03447&m_id=9004_9052&m_mod=0&bbsId=8&nttSn=195&num=81&pageIndex=9,https://farmer.rda.go.kr/portal/contentsFileDownload.do?atchFileGroupCd=A0001535&fileSn=1,https://farmer.rda.go.kr/portal/menu1/board_lst.do?m_id=9004_9052&m_mod=0&menuId=PS03447&pageIndex=9,html/042_PS03447_p9.html,농촌진흥청 농업인안전365
201,8,자료실,발표자료,농약·화학물질,농약에 의한 건강장해 연구에 대한 고찰,2015-02-05,82,226,https://farmer.rda.go.kr/portal/menu1/board_viw.do?menuId=PS03447&m_id=9004_9052&m_mod=0&bbsId=8&nttSn=201&num=82&pageIndex=9,https://farmer.rda.go.kr/portal/contentsFileDownload.do?atchFileGroupCd=A0001541&fileSn=1,https://farmer.rda.go.kr/portal/menu1/board_lst.do?m_id=9004_9052&m_mod=0&menuId=PS03447&pageIndex=9,html/042_PS03447_p9.html,농촌진흥청 농업인안전365
225,8,자료실,발표자료,발표자료,담뱃잎 수확작업자의 니코틴 노출 평가,2015-02-05,83,226,https://farmer.rda.go.kr/portal/menu1/board_viw.do?menuId=PS03447&m_id=9004_9052&m_mod=0&bbsId=8&nttSn=225&num=83&pageIndex=9,https://farmer.rda.go.kr/portal/contentsFileDownload.do?atchFileGroupCd=A0001565&fileSn=1,https://farmer.rda.go.kr/portal/menu1/board_lst.do?m_id=9004_9052&m_mod=0&menuId=PS03447&pageIndex=9,html/042_PS03447_p9.html,농촌진흥청 농업인안전365
254,8,자료실,발표자료,발표자료,주민역량강화를 통한 건강증진 사업의 평가 전략,2015-02-05,84,226,https://farmer.rda.go.kr/portal/menu1/board_viw.do?menuId=PS03447&m_id=9004_9052&m_mod=0&bbsId=8&nttSn=254&num=84&pageIndex=9,https://farmer.rda.go.kr/portal/contentsFileDownload.do?atchFileGroupCd=A0001594&fileSn=1,https://farmer.rda.go.kr/portal/menu1/board_lst.do?m_id=9004_9052&m_mod=0&menuId=PS03447&pageIndex=9,html/042_PS03447_p9.html,농촌진흥청 농업인안전365
247,8,자료실,발표자료,발표자료,일본 농작업재해 현황 및 예방대책,2015-02-05,85,226,https://farmer.rda.go.kr/portal/menu1/board_viw.do?menuId=PS03447&m_id=9004_9052&m_mod=0&bbsId=8&nttSn=247&num=85&pageIndex=9,https://farmer.rda.go.kr/portal/contentsFileDownload.do?atchFileGroupCd=A0001587&fileSn=1,https://farmer.rda.go.kr/portal/menu1/board_lst.do?m_id=9004_9052&m_mod=0&menuId=PS03447&pageIndex=9,html/042_PS03447_p9.html,농촌진흥청 농업인안전365
222,8,자료실,발표자료,발표자료,농작업재해 예방을 위한 국가관리 방향,2015-02-05,86,226,https://farmer.rda.go.kr/portal/menu1/board_viw.do?menuId=PS03447&m_id=9004_9052&m_mod=0&bbsId=8&nttSn=222&num=86&pageIndex=9,https://farmer.rda.go.kr/portal/contentsFileDownload.do?atchFileGroupCd=A0001562&fileSn=1,https://farmer.rda.go.kr/portal/menu1/board_lst.do?m_id=9004_9052&m_mod=0&menuId=PS03447&pageIndex=9,html/042_PS03447_p9.html,농촌진흥청 농업인안전365
192,8,자료실,발표자료,발표자료,ILO 농업산업보건협약의 문제점 및 개선방안,2015-02-05,87,226,https://farmer.rda.go.kr/portal/menu1/board_viw.do?menuId=PS03447&m_id=9004_9052&m_mod=0&bbsId=8&nttSn=192&num=87&pageIndex=9,https://farmer.rda.go.kr/portal/contentsFileDownload.do?atchFileGroupCd=A0001532&fileSn=1,https://farmer.rda.go.kr/portal/menu1/board_lst.do?m_id=9004_9052&m_mod=0&menuId=PS03447&pageIndex=9,html/042_PS03447_p9.html,농촌진흥청 농업인안전365
228,8,자료실,발표자료,발표자료,미국 농업손상 통계의 현황,2015-02-05,88,226,https://farmer.rda.go.kr/portal/menu1/board_viw.do?menuId=PS03447&m_id=9004_9052&m_mod=0&bbsId=8&nttSn=228&num=88&pageIndex=9,https://farmer.rda.go.kr/portal/contentsFileDownload.do?atchFileGroupCd=A0001568&fileSn=1,https://farmer.rda.go.kr/portal/menu1/board_lst.do?m_id=9004_9052&m_mod=0&menuId=PS03447&pageIndex=9,html/042_PS03447_p9.html,농촌진흥청 농업인안전365
191,8,자료실,발표자료,발표자료,How much exercise is enough for health and well-being?,2015-02-05,89,226,https://farmer.rda.go.kr/portal/menu1/board_viw.do?menuId=PS03447&m_id=9004_9052&m_mod=0&bbsId=8&nttSn=191&num=89&pageIndex=9,,https://farmer.rda.go.kr/portal/menu1/board_lst.do?m_id=9004_9052&m_mod=0&menuId=PS03447&pageIndex=9,html/042_PS03447_p9.html,농촌진흥청 농업인안전365
231,8,자료실,발표자료,발표자료,미국 및 캐나다 방문 보고,2015-02-05,90,226,https://farmer.rda.go.kr/portal/menu1/board_viw.do?menuId=PS03447&m_id=9004_9052&m_mod=0&bbsId=8&nttSn=231&num=90&pageIndex=9,https://farmer.rda.go.kr/portal/contentsFileDownload.do?atchFileGroupCd=A0001571&fileSn=1,https://farmer.rda.go.kr/portal/menu1/board_lst.do?m_id=9004_9052&m_mod=0&menuId=PS03447&pageIndex=9,html/042_PS03447_p9.html,농촌진흥청 농업인안전365
214,8,자료실,발표자료,근골격계,농업인의 근골격계 질환 예방 및 관리,2015-02-05,91,226,https://farmer.rda.go.kr/portal/menu1/board_viw.do?menuId=PS03447&m_id=9004_9052&m_mod=0&bbsId=8&nttSn=214&num=91&pageIndex=10,https://farmer.rda.go.kr/portal/contentsFileDownload.do?atchFileGroupCd=A0001554&fileSn=1,https://farmer.rda.go.kr/portal/menu1/board_lst.do?m_id=9004_9052&m_mod=0&menuId=PS03447&pageIndex=10,html/043_PS03447_p10.html,농촌진흥청 농업인안전365
255,8,자료실,발표자료,발표자료,편이장비 사업에서의 인간공학적 접근,2015-02-05,92,226,https://farmer.rda.go.kr/portal/menu1/board_viw.do?menuId=PS03447&m_id=9004_9052&m_mod=0&bbsId=8&nttSn=255&num=92&pageIndex=10,https://farmer.rda.go.kr/portal/contentsFileDownload.do?atchFileGroupCd=A0001595&fileSn=1,https://farmer.rda.go.kr/portal/menu1/board_lst.do?m_id=9004_9052&m_mod=0&menuId=PS03447&pageIndex=10,html/043_PS03447_p10.html,농촌진흥청 농업인안전365
209,8,자료실,발표자료,발표자료,농업인 안전보건 증진 발전방안 모색,2015-02-05,93,226,https://farmer.rda.go.kr/portal/menu1/board_viw.do?menuId=PS03447&m_id=9004_9052&m_mod=0&bbsId=8&nttSn=209&num=93&pageIndex=10,https://farmer.rda.go.kr/portal/contentsFileDownload.do?atchFileGroupCd=A0001549&fileSn=1,https://farmer.rda.go.kr/portal/menu1/board_lst.do?m_id=9004_9052&m_mod=0&menuId=PS03447&pageIndex=10,html/043_PS03447_p10.html,농촌진흥청 농업인안전365
212,8,자료실,발표자료,발표자료,농업인 재해보상보험제도,2015-02-05,94,226,https://farmer.rda.go.kr/portal/menu1/board_viw.do?menuId=PS03447&m_id=9004_9052&m_mod=0&bbsId=8&nttSn=212&num=94&pageIndex=10,https://farmer.rda.go.kr/portal/contentsFileDownload.do?atchFileGroupCd=A0001552&fileSn=1,https://farmer.rda.go.kr/portal/menu1/board_lst.do?m_id=9004_9052&m_mod=0&menuId=PS03447&pageIndex=10,html/043_PS03447_p10.html,농촌진흥청 농업인안전365
232,8,자료실,발표자료,발표자료,방제복 등 농작업복의 개발현황 및 활용효과,2015-02-05,95,226,https://farmer.rda.go.kr/portal/menu1/board_viw.do?menuId=PS03447&m_id=9004_9052&m_mod=0&bbsId=8&nttSn=232&num=95&pageIndex=10,https://farmer.rda.go.kr/portal/contentsFileDownload.do?atchFileGroupCd=A0001572&fileSn=1,https://farmer.rda.go.kr/portal/menu1/board_lst.do?m_id=9004_9052&m_mod=0&menuId=PS03447&pageIndex=10,html/043_PS03447_p10.html,농촌진흥청 농업인안전365
199,8,자료실,발표자료,농약·화학물질,농약노출과 농약관련 질환 평가 방법,2015-02-05,96,226,https://farmer.rda.go.kr/portal/menu1/board_viw.do?menuId=PS03447&m_id=9004_9052&m_mod=0&bbsId=8&nttSn=199&num=96&pageIndex=10,https://farmer.rda.go.kr/portal/contentsFileDownload.do?atchFileGroupCd=A0001539&fileSn=1,https://farmer.rda.go.kr/portal/menu1/board_lst.do?m_id=9004_9052&m_mod=0&menuId=PS03447&pageIndex=10,html/043_PS03447_p10.html,농촌진흥청 농업인안전365
206,8,자료실,발표자료,농약·화학물질,농업인 대상 농약노출 조사항목,2015-02-05,97,226,https://farmer.rda.go.kr/portal/menu1/board_viw.do?menuId=PS03447&m_id=9004_9052&m_mod=0&bbsId=8&nttSn=206&num=97&pageIndex=10,https://farmer.rda.go.kr/portal/contentsFileDownload.do?atchFileGroupCd=A0001546&fileSn=1,https://farmer.rda.go.kr/portal/menu1/board_lst.do?m_id=9004_9052&m_mod=0&menuId=PS03447&pageIndex=10,html/043_PS03447_p10.html,농촌진흥청 농업인안전365
204,8,자료실,발표자료,발표자료,농업분야 작업안전성 향상을 위한 작업환경 개선 연구 동향,2015-02-05,98,226,https://farmer.rda.go.kr/portal/menu1/board_viw.do?menuId=PS03447&m_id=9004_9052&m_mod=0&bbsId=8&nttSn=204&num=98&pageIndex=10,https://farmer.rda.go.kr/portal/contentsFileDownload.do?atchFileGroupCd=A0001544&fileSn=1,https://farmer.rda.go.kr/portal/menu1/board_lst.do?m_id=9004_9052&m_mod=0&menuId=PS03447&pageIndex=10,html/043_PS03447_p10.html,농촌진흥청 농업인안전365
216,8,자료실,발표자료,발표자료,농작업 안전 예방 및 평가 프로그램 개발,2015-02-05,99,226,https://farmer.rda.go.kr/portal/menu1/board_viw.do?menuId=PS03447&m_id=9004_9052&m_mod=0&bbsId=8&nttSn=216&num=99&pageIndex=10,https://farmer.rda.go.kr/portal/contentsFileDownload.do?atchFileGroupCd=A0001556&fileSn=1,https://farmer.rda.go.kr/portal/menu1/board_lst.do?m_id=9004_9052&m_mod=0&menuId=PS03447&pageIndex=10,html/043_PS03447_p10.html,농촌진흥청 농업인안전365
226,8,자료실,발표자료,발표자료,독일의 농업인 재해보장제도에 관하여,2015-02-05,100,226,https://farmer.rda.go.kr/portal/menu1/board_viw.do?menuId=PS03447&m_id=9004_9052&m_mod=0&bbsId=8&nttSn=226&num=100&pageIndex=10,https://farmer.rda.go.kr/portal/contentsFileDownload.do?atchFileGroupCd=A0001566&fileSn=1,https://farmer.rda.go.kr/portal/menu1/board_lst.do?m_id=9004_9052&m_mod=0&menuId=PS03447&pageIndex=10,html/043_PS03447_p10.html,농촌진흥청 농업인안전365
253,8,자료실,발표자료,발표자료,조사가구 관리를 고려한 표본설계,2015-02-05,101,226,https://farmer.rda.go.kr/portal/menu1/board_viw.do?menuId=PS03447&m_id=9004_9052&m_mod=0&bbsId=8&nttSn=253&num=101&pageIndex=11,https://farmer.rda.go.kr/portal/contentsFileDownload.do?atchFileGroupCd=A0001593&fileSn=1,https://farmer.rda.go.kr/portal/menu1/board_lst.do?m_id=9004_9052&m_mod=0&menuId=PS03447&pageIndex=11,html/044_PS03447_p11.html,농촌진흥청 농업인안전365
236,8,자료실,발표자료,발표자료,안전사고 분류체계에 관한 연구,2015-02-05,102,226,https://farmer.rda.go.kr/portal/menu1/board_viw.do?menuId=PS03447&m_id=9004_9052&m_mod=0&bbsId=8&nttSn=236&num=102&pageIndex=11,https://farmer.rda.go.kr/portal/contentsFileDownload.do?atchFileGroupCd=A0001576&fileSn=1,https://farmer.rda.go.kr/portal/menu1/board_lst.do?m_id=9004_9052&m_mod=0&menuId=PS03447&pageIndex=11,html/044_PS03447_p11.html,농촌진흥청 농업인안전365
237,8,자료실,발표자료,근골격계,업무상 근골격계질환 예방 프로그램,2015-02-05,103,226,https://farmer.rda.go.kr/portal/menu1/board_viw.do?menuId=PS03447&m_id=9004_9052&m_mod=0&bbsId=8&nttSn=237&num=103&pageIndex=11,https://farmer.rda.go.kr/portal/contentsFileDownload.do?atchFileGroupCd=A0001577&fileSn=1,https://farmer.rda.go.kr/portal/menu1/board_lst.do?m_id=9004_9052&m_mod=0&menuId=PS03447&pageIndex=11,html/044_PS03447_p11.html,농촌진흥청 농업인안전365
205,8,자료실,발표자료,발표자료,농업인 건강안전 정보센터 발전방향,2015-02-05,104,226,https://farmer.rda.go.kr/portal/menu1/board_viw.do?menuId=PS03447&m_id=9004_9052&m_mod=0&bbsId=8&nttSn=205&num=104&pageIndex=11,https://farmer.rda.go.kr/portal/contentsFileDownload.do?atchFileGroupCd=A0001545&fileSn=1,https://farmer.rda.go.kr/portal/menu1/board_lst.do?m_id=9004_9052&m_mod=0&menuId=PS03447&pageIndex=11,html/044_PS03447_p11.html,농촌진흥청 농업인안전365
218,8,자료실,발표자료,발표자료,농작업 안전을 위한 인간공학,2015-02-05,105,226,https://farmer.rda.go.kr/portal/menu1/board_viw.do?menuId=PS03447&m_id=9004_9052&m_mod=0&bbsId=8&nttSn=218&num=105&pageIndex=11,https://farmer.rda.go.kr/portal/contentsFileDownload.do?atchFileGroupCd=A0001558&fileSn=1,https://farmer.rda.go.kr/portal/menu1/board_lst.do?m_id=9004_9052&m_mod=0&menuId=PS03447&pageIndex=11,html/044_PS03447_p11.html,농촌진흥청 농업인안전365
251,8,자료실,발표자료,농약·화학물질,작업안전 보호구의 개발현황,2015-02-05,106,226,https://farmer.rda.go.kr/portal/menu1/board_viw.do?menuId=PS03447&m_id=9004_9052&m_mod=0&bbsId=8&nttSn=251&num=106&pageIndex=11,https://farmer.rda.go.kr/portal/contentsFileDownload.do?atchFileGroupCd=A0001591&fileSn=1,https://farmer.rda.go.kr/portal/menu1/board_lst.do?m_id=9004_9052&m_mod=0&menuId=PS03447&pageIndex=11,html/044_PS03447_p11.html,농촌진흥청 농업인안전365
215,8,자료실,발표자료,발표자료,농업인의 호흡기 관련 건강,2015-02-05,107,226,https://farmer.rda.go.kr/portal/menu1/board_viw.do?menuId=PS03447&m_id=9004_9052&m_mod=0&bbsId=8&nttSn=215&num=107&pageIndex=11,https://farmer.rda.go.kr/portal/contentsFileDownload.do?atchFileGroupCd=A0001555&fileSn=1,https://farmer.rda.go.kr/portal/menu1/board_lst.do?m_id=9004_9052&m_mod=0&menuId=PS03447&pageIndex=11,html/044_PS03447_p11.html,농촌진흥청 농업인안전365
219,8,자료실,발표자료,발표자료,농작업 편이도구의 인간공학적 안전성,2015-02-05,108,226,https://farmer.rda.go.kr/portal/menu1/board_viw.do?menuId=PS03447&m_id=9004_9052&m_mod=0&bbsId=8&nttSn=219&num=108&pageIndex=11,https://farmer.rda.go.kr/portal/contentsFileDownload.do?atchFileGroupCd=A0001559&fileSn=1,https://farmer.rda.go.kr/portal/menu1/board_lst.do?m_id=9004_9052&m_mod=0&menuId=PS03447&pageIndex=11,html/044_PS03447_p11.html,농촌진흥청 농업인안전365
203,8,자료실,발표자료,발표자료,농어촌복지포럼 농업인건강연구회공동심포지엄,2015-02-05,109,226,https://farmer.rda.go.kr/portal/menu1/board_viw.do?menuId=PS03447&m_id=9004_9052&m_mod=0&bbsId=8&nttSn=203&num=109&pageIndex=11,https://farmer.rda.go.kr/portal/contentsFileDownload.do?atchFileGroupCd=A0001543&fileSn=1,https://farmer.rda.go.kr/portal/menu1/board_lst.do?m_id=9004_9052&m_mod=0&menuId=PS03447&pageIndex=11,html/044_PS03447_p11.html,농촌진흥청 농업인안전365
213,8,자료실,발표자료,발표자료,농업인건강문제개선을 위한 전문가 간담회,2015-02-05,110,226,https://farmer.rda.go.kr/portal/menu1/board_viw.do?menuId=PS03447&m_id=9004_9052&m_mod=0&bbsId=8&nttSn=213&num=110&pageIndex=11,https://farmer.rda.go.kr/portal/contentsFileDownload.do?atchFileGroupCd=A0001553&fileSn=1,https://farmer.rda.go.kr/portal/menu1/board_lst.do?m_id=9004_9052&m_mod=0&menuId=PS03447&pageIndex=11,html/044_PS03447_p11.html,농촌진흥청 농업인안전365
83,8,자료실,기타,기타,농업인 업무스트레스 측정도구의 개발 및 표준화,2009-06-03,221,226,https://farmer.rda.go.kr/portal/menu1/board_viw.do?menuId=PS03447&m_id=9004_9052&m_mod=0&bbsId=8&nttSn=83&num=221&pageIndex=23,https://farmer.rda.go.kr/portal/contentsFileDownload.do?atchFileGroupCd=A0000800&fileSn=1,https://farmer.rda.go.kr/portal/menu1/board_lst.do?m_id=9004_9052&m_mod=0&menuId=PS03447&pageIndex=23,html/045_PS03447_p23.html,농촌진흥청 농업인안전365
85,8,자료실,기타,기타,일본에서의 농작업 재해 및 손상 현황,2009-04-27,222,226,https://farmer.rda.go.kr/portal/menu1/board_viw.do?menuId=PS03447&m_id=9004_9052&m_mod=0&bbsId=8&nttSn=85&num=222&pageIndex=23,https://farmer.rda.go.kr/portal/contentsFileDownload.do?atchFileGroupCd=A0000802&fileSn=1,https://farmer.rda.go.kr/portal/menu1/board_lst.do?m_id=9004_9052&m_mod=0&menuId=PS03447&pageIndex=23,html/045_PS03447_p23.html,농촌진흥청 농업인안전365
86,8,자료실,기타,기타,농업인 손상규모 파악과 위험도 산정에 관한 연구,2009-04-27,223,226,https://farmer.rda.go.kr/portal/menu1/board_viw.do?menuId=PS03447&m_id=9004_9052&m_mod=0&bbsId=8&nttSn=86&num=223&pageIndex=23,,https://farmer.rda.go.kr/portal/menu1/board_lst.do?m_id=9004_9052&m_mod=0&menuId=PS03447&pageIndex=23,html/045_PS03447_p23.html,농촌진흥청 농업인안전365
87,8,자료실,기타,기타,농업인 안전공제 자료 분석을 통한 농작업관련 재해유형과 특성,2009-04-27,224,226,https://farmer.rda.go.kr/portal/menu1/board_viw.do?menuId=PS03447&m_id=9004_9052&m_mod=0&bbsId=8&nttSn=87&num=224&pageIndex=23,https://farmer.rda.go.kr/portal/contentsFileDownload.do?atchFileGroupCd=A0000803&fileSn=1,https://farmer.rda.go.kr/portal/menu1/board_lst.do?m_id=9004_9052&m_mod=0&menuId=PS03447&pageIndex=23,html/045_PS03447_p23.html,농촌진흥청 농업인안전365
88,8,자료실,기타,기타,우리나라 농어업인에서 악성종양 발생과 사망 양상에 관한 연구,2009-04-01,225,226,https://farmer.rda.go.kr/portal/menu1/board_viw.do?menuId=PS03447&m_id=9004_9052&m_mod=0&bbsId=8&nttSn=88&num=225&pageIndex=23,https://farmer.rda.go.kr/portal/contentsFileDownload.do?atchFileGroupCd=A0000804&fileSn=1,https://farmer.rda.go.kr/portal/menu1/board_lst.do?m_id=9004_9052&m_mod=0&menuId=PS03447&pageIndex=23,html/045_PS03447_p23.html,농촌진흥청 농업인안전365
89,8,자료실,기타,농약·화학물질,농약사용 현황 및 농업인 농약노출 특성,2009-03-27,226,226,https://farmer.rda.go.kr/portal/menu1/board_viw.do?menuId=PS03447&m_id=9004_9052&m_mod=0&bbsId=8&nttSn=89&num=226&pageIndex=23,https://farmer.rda.go.kr/portal/contentsFileDownload.do?atchFileGroupCd=A0000805&fileSn=1,https://farmer.rda.go.kr/portal/menu1/board_lst.do?m_id=9004_9052&m_mod=0&menuId=PS03447&pageIndex=23,html/045_PS03447_p23.html,농촌진흥청 농업인안전365
230,5,공지사항,공지사항,간행물,『우리농장 소통가이드』 간행물 업데이트 안내 (8개 국어),2026-06-02,0,2,https://farmer.rda.go.kr/portal/menu1/board_viw.do?menuId=PS03448&m_id=3_18&m_mod=11&bbsId=5&nttSn=230&num=0&pageIndex=2,,https://farmer.rda.go.kr/portal/menu6/board_lst1.do?m_id=3_18&m_mod=0&menuId=PS03448&pageIndex=2,html/046_PS03448_p2.html,농촌진흥청 농업인안전365
229,5,공지사항,공지사항,온열·한랭,『농업인 온열질환 예방가이드』 간행물 업데이트 안내,2026-05-14,0,2,https://farmer.rda.go.kr/portal/menu1/board_viw.do?menuId=PS03448&m_id=3_18&m_mod=12&bbsId=5&nttSn=229&num=0&pageIndex=2,,https://farmer.rda.go.kr/portal/menu6/board_lst1.do?m_id=3_18&m_mod=0&menuId=PS03448&pageIndex=2,html/046_PS03448_p2.html,농촌진흥청 농업인안전365
228,5,공지사항,공지사항,공지사항,2025년 농업인 업무상 손상조사 결과 KOSIS 공표 알림,2026-05-08,0,2,https://farmer.rda.go.kr/portal/menu1/board_viw.do?menuId=PS03448&m_id=3_18&m_mod=13&bbsId=5&nttSn=228&num=0&pageIndex=2,,https://farmer.rda.go.kr/portal/menu6/board_lst1.do?m_id=3_18&m_mod=0&menuId=PS03448&pageIndex=2,html/046_PS03448_p2.html,농촌진흥청 농업인안전365
227,5,공지사항,공지사항,감염·생물학적 위험,『중대재해처벌법 대응가이드』 간행물 업데이트 안내,2026-05-04,0,2,https://farmer.rda.go.kr/portal/menu1/board_viw.do?menuId=PS03448&m_id=3_18&m_mod=14&bbsId=5&nttSn=227&num=0&pageIndex=2,,https://farmer.rda.go.kr/portal/menu6/board_lst1.do?m_id=3_18&m_mod=0&menuId=PS03448&pageIndex=2,html/046_PS03448_p2.html,농촌진흥청 농업인안전365
226,5,공지사항,공지사항,간행물,「외국인 근로자를 위한 산업안전보건 (농업편)」 간행물 업데이트 알림,2026-04-07,0,2,https://farmer.rda.go.kr/portal/menu1/board_viw.do?menuId=PS03448&m_id=3_18&m_mod=15&bbsId=5&nttSn=226&num=0&pageIndex=2,,https://farmer.rda.go.kr/portal/menu6/board_lst1.do?m_id=3_18&m_mod=0&menuId=PS03448&pageIndex=2,html/046_PS03448_p2.html,농촌진흥청 농업인안전365
225,5,공지사항,공지사항,감염·생물학적 위험,『진드기 매개 감염병 예방가이드』 외 1종 간행물 업데이트 알림,2026-04-06,0,2,https://farmer.rda.go.kr/portal/menu1/board_viw.do?menuId=PS03448&m_id=3_18&m_mod=16&bbsId=5&nttSn=225&num=0&pageIndex=2,,https://farmer.rda.go.kr/portal/menu6/board_lst1.do?m_id=3_18&m_mod=0&menuId=PS03448&pageIndex=2,html/046_PS03448_p2.html,농촌진흥청 농업인안전365
224,5,공지사항,공지사항,간행물,「농업작업 안전재해예방 '25 추진실적 및 '26 시행계획」 간행물 업데이트 알림,2026-04-06,0,2,https://farmer.rda.go.kr/portal/menu1/board_viw.do?menuId=PS03448&m_id=3_18&m_mod=17&bbsId=5&nttSn=224&num=0&pageIndex=2,,https://farmer.rda.go.kr/portal/menu6/board_lst1.do?m_id=3_18&m_mod=0&menuId=PS03448&pageIndex=2,html/046_PS03448_p2.html,농촌진흥청 농업인안전365
223,5,공지사항,공지사항,안전교육,농업인 재해예방 동영상 업데이트 알림,2026-03-27,0,2,https://farmer.rda.go.kr/portal/menu1/board_viw.do?menuId=PS03448&m_id=3_18&m_mod=18&bbsId=5&nttSn=223&num=0&pageIndex=2,,https://farmer.rda.go.kr/portal/menu6/board_lst1.do?m_id=3_18&m_mod=0&menuId=PS03448&pageIndex=2,html/046_PS03448_p2.html,농촌진흥청 농업인안전365
222,5,공지사항,공지사항,공지사항,농업인의 업무상 손상 통계 5월 공표 예정 알림 (2025년 조사기반),2026-03-25,0,2,https://farmer.rda.go.kr/portal/menu1/board_viw.do?menuId=PS03448&m_id=3_18&m_mod=19&bbsId=5&nttSn=222&num=0&pageIndex=2,,https://farmer.rda.go.kr/portal/menu6/board_lst1.do?m_id=3_18&m_mod=0&menuId=PS03448&pageIndex=2,html/046_PS03448_p2.html,농촌진흥청 농업인안전365
216,5,공지사항,공지사항,간행물,"『포토보이스 가이드북(안전한 농작업, 사진으로 얘기해요)』 외 4종 간행물 업데이트 알림",2025-12-18,0,2,https://farmer.rda.go.kr/portal/menu1/board_viw.do?menuId=PS03448&m_id=3_18&m_mod=20&bbsId=5&nttSn=216&num=0&pageIndex=2,,https://farmer.rda.go.kr/portal/menu6/board_lst1.do?m_id=3_18&m_mod=0&menuId=PS03448&pageIndex=2,html/046_PS03448_p2.html,농촌진흥청 농업인안전365
215,5,공지사항,공지사항,공지사항,2026년 농작업안전관리자 선발·모집 공고,2025-12-02,0,3,https://farmer.rda.go.kr/portal/menu1/board_viw.do?menuId=PS03448&m_id=3_18&m_mod=21&bbsId=5&nttSn=215&num=0&pageIndex=3,,https://farmer.rda.go.kr/portal/menu6/board_lst1.do?m_id=3_18&m_mod=0&menuId=PS03448&pageIndex=3,html/047_PS03448_p3.html,농촌진흥청 농업인안전365
213,5,공지사항,공지사항,공지사항,2026년 농작업안전관리자 활동 희망자 수요조사 안내,2025-10-03,0,3,https://farmer.rda.go.kr/portal/menu1/board_viw.do?menuId=PS03448&m_id=3_18&m_mod=22&bbsId=5&nttSn=213&num=0&pageIndex=3,,https://farmer.rda.go.kr/portal/menu6/board_lst1.do?m_id=3_18&m_mod=0&menuId=PS03448&pageIndex=3,html/047_PS03448_p3.html,농촌진흥청 농업인안전365
212,5,공지사항,공지사항,공지사항,농업인안전365 일부 서비스 장애 안내,2025-09-27,0,3,https://farmer.rda.go.kr/portal/menu1/board_viw.do?menuId=PS03448&m_id=3_18&m_mod=23&bbsId=5&nttSn=212&num=0&pageIndex=3,,https://farmer.rda.go.kr/portal/menu6/board_lst1.do?m_id=3_18&m_mod=0&menuId=PS03448&pageIndex=3,html/047_PS03448_p3.html,농촌진흥청 농업인안전365
211,5,공지사항,공지사항,안전교육,외국인 근로자 농작업 안전교육홍보 영상 게시 안내 (농업인안전365 유튜브 채널),2025-09-22,0,3,https://farmer.rda.go.kr/portal/menu1/board_viw.do?menuId=PS03448&m_id=3_18&m_mod=24&bbsId=5&nttSn=211&num=0&pageIndex=3,,https://farmer.rda.go.kr/portal/menu6/board_lst1.do?m_id=3_18&m_mod=0&menuId=PS03448&pageIndex=3,html/047_PS03448_p3.html,농촌진흥청 농업인안전365
210,5,공지사항,공지사항,공지사항,농업인 업무상 질병 및 손상 핵심결과 카드뉴스 업데이트 알림,2025-08-13,0,3,https://farmer.rda.go.kr/portal/menu1/board_viw.do?menuId=PS03448&m_id=3_18&m_mod=25&bbsId=5&nttSn=210&num=0&pageIndex=3,,https://farmer.rda.go.kr/portal/menu6/board_lst1.do?m_id=3_18&m_mod=0&menuId=PS03448&pageIndex=3,html/047_PS03448_p3.html,농촌진흥청 농업인안전365
207,5,공지사항,공지사항,온열·한랭,"[폭염 속 농작업 안전, 5대 기본수칙!] 간행물 업데이트 알림",2025-07-21,0,3,https://farmer.rda.go.kr/portal/menu1/board_viw.do?menuId=PS03448&m_id=3_18&m_mod=26&bbsId=5&nttSn=207&num=0&pageIndex=3,,https://farmer.rda.go.kr/portal/menu6/board_lst1.do?m_id=3_18&m_mod=0&menuId=PS03448&pageIndex=3,html/047_PS03448_p3.html,농촌진흥청 농업인안전365
206,5,공지사항,공지사항,온열·한랭,2025년 농업인 온열질환 자율점검 이벤트 개최 안내,2025-07-04,0,3,https://farmer.rda.go.kr/portal/menu1/board_viw.do?menuId=PS03448&m_id=3_18&m_mod=27&bbsId=5&nttSn=206&num=0&pageIndex=3,,https://farmer.rda.go.kr/portal/menu6/board_lst1.do?m_id=3_18&m_mod=0&menuId=PS03448&pageIndex=3,html/047_PS03448_p3.html,농촌진흥청 농업인안전365
205,5,공지사항,공지사항,감염·생물학적 위험,농업인 인수공통감염병 예방 홍보 동영상(5종) 업데이트 알림,2025-06-18,0,3,https://farmer.rda.go.kr/portal/menu1/board_viw.do?menuId=PS03448&m_id=3_18&m_mod=28&bbsId=5&nttSn=205&num=0&pageIndex=3,,https://farmer.rda.go.kr/portal/menu6/board_lst1.do?m_id=3_18&m_mod=0&menuId=PS03448&pageIndex=3,html/047_PS03448_p3.html,농촌진흥청 농업인안전365
204,5,공지사항,공지사항,공지사항,정보시스템 점검에 따른 서비스 일시 중단 알림,2025-06-13,0,3,https://farmer.rda.go.kr/portal/menu1/board_viw.do?menuId=PS03448&m_id=3_18&m_mod=29&bbsId=5&nttSn=204&num=0&pageIndex=3,,https://farmer.rda.go.kr/portal/menu6/board_lst1.do?m_id=3_18&m_mod=0&menuId=PS03448&pageIndex=3,html/047_PS03448_p3.html,농촌진흥청 농업인안전365
203,5,공지사항,공지사항,온열·한랭,［농업인 온열질환 예방 가이드］간행물 업데이트 알림,2025-05-27,0,3,https://farmer.rda.go.kr/portal/menu1/board_viw.do?menuId=PS03448&m_id=3_18&m_mod=30&bbsId=5&nttSn=203&num=0&pageIndex=3,,https://farmer.rda.go.kr/portal/menu6/board_lst1.do?m_id=3_18&m_mod=0&menuId=PS03448&pageIndex=3,html/047_PS03448_p3.html,농촌진흥청 농업인안전365
201,5,공지사항,공지사항,공지사항,정보시스템 점검에 따른 서비스 일시 중단 알림,2025-05-23,0,4,https://farmer.rda.go.kr/portal/menu1/board_viw.do?menuId=PS03448&m_id=3_18&m_mod=31&bbsId=5&nttSn=201&num=0&pageIndex=4,,https://farmer.rda.go.kr/portal/menu6/board_lst1.do?m_id=3_18&m_mod=0&menuId=PS03448&pageIndex=4,html/048_PS03448_p4.html,농촌진흥청 농업인안전365
200,5,공지사항,공지사항,간행물,「농업작업 안전재해예방 '24 추진실적 및 '25 시행계획」 간행물 업데이트 알림,2025-05-08,0,4,https://farmer.rda.go.kr/portal/menu1/board_viw.do?menuId=PS03448&m_id=3_18&m_mod=32&bbsId=5&nttSn=200&num=0&pageIndex=4,,https://farmer.rda.go.kr/portal/menu6/board_lst1.do?m_id=3_18&m_mod=0&menuId=PS03448&pageIndex=4,html/048_PS03448_p4.html,농촌진흥청 농업인안전365
199,5,공지사항,공지사항,농기계,『(2023년 조사결과) 농업기계 사고 현황 』 외 간행물 업데이트 알림,2025-03-19,0,4,https://farmer.rda.go.kr/portal/menu1/board_viw.do?menuId=PS03448&m_id=3_18&m_mod=33&bbsId=5&nttSn=199&num=0&pageIndex=4,,https://farmer.rda.go.kr/portal/menu6/board_lst1.do?m_id=3_18&m_mod=0&menuId=PS03448&pageIndex=4,html/048_PS03448_p4.html,농촌진흥청 농업인안전365
198,5,공지사항,공지사항,공지사항,농업인 업무상 질병조사 KOSIS 공표 알림 (2024년 조사기반),2025-03-05,0,4,https://farmer.rda.go.kr/portal/menu1/board_viw.do?menuId=PS03448&m_id=3_18&m_mod=34&bbsId=5&nttSn=198&num=0&pageIndex=4,,https://farmer.rda.go.kr/portal/menu6/board_lst1.do?m_id=3_18&m_mod=0&menuId=PS03448&pageIndex=4,html/048_PS03448_p4.html,농촌진흥청 농업인안전365
185,5,공지사항,공지사항,공지사항,2025년 농작업 안전보건관리 컨설팅 신청 안내,2025-01-22,0,4,https://farmer.rda.go.kr/portal/menu1/board_viw.do?menuId=PS03448&m_id=3_18&m_mod=35&bbsId=5&nttSn=185&num=0&pageIndex=4,,https://farmer.rda.go.kr/portal/menu6/board_lst1.do?m_id=3_18&m_mod=0&menuId=PS03448&pageIndex=4,html/048_PS03448_p4.html,농촌진흥청 농업인안전365
184,5,공지사항,공지사항,공지사항,농업인 안전보건 관련 논문(초록) 업데이트 알림,2025-01-03,0,4,https://farmer.rda.go.kr/portal/menu1/board_viw.do?menuId=PS03448&m_id=3_18&m_mod=36&bbsId=5&nttSn=184&num=0&pageIndex=4,,https://farmer.rda.go.kr/portal/menu6/board_lst1.do?m_id=3_18&m_mod=0&menuId=PS03448&pageIndex=4,html/048_PS03448_p4.html,농촌진흥청 농업인안전365
183,5,공지사항,공지사항,농기계,『2023 농업기계 사고 현황』 외 5종 간행물 업데이트 알림,2025-01-03,0,4,https://farmer.rda.go.kr/portal/menu1/board_viw.do?menuId=PS03448&m_id=3_18&m_mod=37&bbsId=5&nttSn=183&num=0&pageIndex=4,,https://farmer.rda.go.kr/portal/menu6/board_lst1.do?m_id=3_18&m_mod=0&menuId=PS03448&pageIndex=4,html/048_PS03448_p4.html,농촌진흥청 농업인안전365
182,5,공지사항,공지사항,공지사항,농업인 건강안전 '영농기술정보' 업데이트 알림,2025-01-03,0,4,https://farmer.rda.go.kr/portal/menu1/board_viw.do?menuId=PS03448&m_id=3_18&m_mod=38&bbsId=5&nttSn=182&num=0&pageIndex=4,,https://farmer.rda.go.kr/portal/menu6/board_lst1.do?m_id=3_18&m_mod=0&menuId=PS03448&pageIndex=4,html/048_PS03448_p4.html,농촌진흥청 농업인안전365
181,5,공지사항,공지사항,근골격계,『농작업 중량물 취급 위험수준평가 방법 및 관리 방안』 간행물 업데이트 알림,2024-11-27,0,4,https://farmer.rda.go.kr/portal/menu1/board_viw.do?menuId=PS03448&m_id=3_18&m_mod=39&bbsId=5&nttSn=181&num=0&pageIndex=4,,https://farmer.rda.go.kr/portal/menu6/board_lst1.do?m_id=3_18&m_mod=0&menuId=PS03448&pageIndex=4,html/048_PS03448_p4.html,농촌진흥청 농업인안전365
180,5,공지사항,공지사항,간행물,『2023 알기쉬운 농업인의 업무상 손상』 간행물 업데이트 알림,2024-11-19,0,4,https://farmer.rda.go.kr/portal/menu1/board_viw.do?menuId=PS03448&m_id=3_18&m_mod=40&bbsId=5&nttSn=180&num=0&pageIndex=4,,https://farmer.rda.go.kr/portal/menu6/board_lst1.do?m_id=3_18&m_mod=0&menuId=PS03448&pageIndex=4,html/048_PS03448_p4.html,농촌진흥청 농업인안전365
179,5,공지사항,공지사항,간행물,『농업인안전365』 간행물 업데이트 알림,2024-11-12,0,5,https://farmer.rda.go.kr/portal/menu1/board_viw.do?menuId=PS03448&m_id=3_18&m_mod=41&bbsId=5&nttSn=179&num=0&pageIndex=5,,https://farmer.rda.go.kr/portal/menu6/board_lst1.do?m_id=3_18&m_mod=0&menuId=PS03448&pageIndex=5,html/049_PS03448_p5.html,농촌진흥청 농업인안전365
178,5,공지사항,공지사항,감염·생물학적 위험,(교육자료) 『진드기 매개 감염병 예방 및 관리수칙』 간행물 업데이트 알림,2024-11-05,0,5,https://farmer.rda.go.kr/portal/menu1/board_viw.do?menuId=PS03448&m_id=3_18&m_mod=42&bbsId=5&nttSn=178&num=0&pageIndex=5,,https://farmer.rda.go.kr/portal/menu6/board_lst1.do?m_id=3_18&m_mod=0&menuId=PS03448&pageIndex=5,html/049_PS03448_p5.html,농촌진흥청 농업인안전365
177,5,공지사항,공지사항,간행물,『제13차 국가손상종합통계』 간행물 업데이트 알림,2024-11-05,0,5,https://farmer.rda.go.kr/portal/menu1/board_viw.do?menuId=PS03448&m_id=3_18&m_mod=43&bbsId=5&nttSn=177&num=0&pageIndex=5,,https://farmer.rda.go.kr/portal/menu6/board_lst1.do?m_id=3_18&m_mod=0&menuId=PS03448&pageIndex=5,html/049_PS03448_p5.html,농촌진흥청 농업인안전365
176,5,공지사항,공지사항,간행물,『야생멧돼지 오인 총기 사고 피해 예방을 위한 농업인 안전수칙』 간행물 업데이트 알림지원,2024-11-05,0,5,https://farmer.rda.go.kr/portal/menu1/board_viw.do?menuId=PS03448&m_id=3_18&m_mod=44&bbsId=5&nttSn=176&num=0&pageIndex=5,,https://farmer.rda.go.kr/portal/menu6/board_lst1.do?m_id=3_18&m_mod=0&menuId=PS03448&pageIndex=5,html/049_PS03448_p5.html,농촌진흥청 농업인안전365
175,5,공지사항,공지사항,공지사항,"""2025년 농작업안전관리자 활동 희망자 사전 수요조사"" 참여하세요(조사기간: 2024.11.1~11.15)",2024-11-01,0,5,https://farmer.rda.go.kr/portal/menu1/board_viw.do?menuId=PS03448&m_id=3_18&m_mod=45&bbsId=5&nttSn=175&num=0&pageIndex=5,,https://farmer.rda.go.kr/portal/menu6/board_lst1.do?m_id=3_18&m_mod=0&menuId=PS03448&pageIndex=5,html/049_PS03448_p5.html,농촌진흥청 농업인안전365
172,5,공지사항,공지사항,공지사항,브라우저 캐시 삭제 매뉴얼,2024-10-14,0,5,https://farmer.rda.go.kr/portal/menu1/board_viw.do?menuId=PS03448&m_id=3_18&m_mod=46&bbsId=5&nttSn=172&num=0&pageIndex=5,,https://farmer.rda.go.kr/portal/menu6/board_lst1.do?m_id=3_18&m_mod=0&menuId=PS03448&pageIndex=5,html/049_PS03448_p5.html,농촌진흥청 농업인안전365
165,5,공지사항,공지사항,공지사항,우리 원 정보시스템 서버 이관에 따른 서비스 일시 중단 안내,2024-10-04,0,5,https://farmer.rda.go.kr/portal/menu1/board_viw.do?menuId=PS03448&m_id=3_18&m_mod=47&bbsId=5&nttSn=165&num=0&pageIndex=5,,https://farmer.rda.go.kr/portal/menu6/board_lst1.do?m_id=3_18&m_mod=0&menuId=PS03448&pageIndex=5,html/049_PS03448_p5.html,농촌진흥청 농업인안전365
164,5,공지사항,공지사항,공지사항,여성농업인 특수건강검진 신청하세요,2024-06-28,0,5,https://farmer.rda.go.kr/portal/menu1/board_viw.do?menuId=PS03448&m_id=3_18&m_mod=48&bbsId=5&nttSn=164&num=0&pageIndex=5,,https://farmer.rda.go.kr/portal/menu6/board_lst1.do?m_id=3_18&m_mod=0&menuId=PS03448&pageIndex=5,html/049_PS03448_p5.html,농촌진흥청 농업인안전365
163,5,공지사항,공지사항,안전교육,2024 농업인 안전 365 캠페인 영상공모전,2024-06-07,0,5,https://farmer.rda.go.kr/portal/menu1/board_viw.do?menuId=PS03448&m_id=3_18&m_mod=49&bbsId=5&nttSn=163&num=0&pageIndex=5,,https://farmer.rda.go.kr/portal/menu6/board_lst1.do?m_id=3_18&m_mod=0&menuId=PS03448&pageIndex=5,html/049_PS03448_p5.html,농촌진흥청 농업인안전365
162,5,공지사항,공지사항,공지사항,농업인 업무상 손상조사 KOSIS 공표 알림 (2023년 조사기반),2024-04-01,0,5,https://farmer.rda.go.kr/portal/menu1/board_viw.do?menuId=PS03448&m_id=3_18&m_mod=50&bbsId=5&nttSn=162&num=0&pageIndex=5,,https://farmer.rda.go.kr/portal/menu6/board_lst1.do?m_id=3_18&m_mod=0&menuId=PS03448&pageIndex=5,html/049_PS03448_p5.html,농촌진흥청 농업인안전365
1,5,공지사항,공지사항,공지사항,농업인안전365 홈페이지 및 모바일 서비스 일시 중단 안내(3.15. ~ 3.18.),2024-03-11,0,6,https://farmer.rda.go.kr/portal/menu1/board_viw.do?menuId=PS03448&m_id=3_18&m_mod=51&bbsId=5&nttSn=1&num=0&pageIndex=6,,https://farmer.rda.go.kr/portal/menu6/board_lst1.do?m_id=3_18&m_mod=0&menuId=PS03448&pageIndex=6,html/050_PS03448_p6.html,농촌진흥청 농업인안전365
2,5,공지사항,공지사항,공지사항,『농작업 안전보건관리 기본서 개정판(2021)』 수정본 업데이트 알림,2024-03-06,0,6,https://farmer.rda.go.kr/portal/menu1/board_viw.do?menuId=PS03448&m_id=3_18&m_mod=52&bbsId=5&nttSn=2&num=0&pageIndex=6,,https://farmer.rda.go.kr/portal/menu6/board_lst1.do?m_id=3_18&m_mod=0&menuId=PS03448&pageIndex=6,html/050_PS03448_p6.html,농촌진흥청 농업인안전365
3,5,공지사항,공지사항,공지사항,농업인 안전보건 관련 논문(초록) 업데이트 알림,2024-01-22,0,6,https://farmer.rda.go.kr/portal/menu1/board_viw.do?menuId=PS03448&m_id=3_18&m_mod=53&bbsId=5&nttSn=3&num=0&pageIndex=6,,https://farmer.rda.go.kr/portal/menu6/board_lst1.do?m_id=3_18&m_mod=0&menuId=PS03448&pageIndex=6,html/050_PS03448_p6.html,농촌진흥청 농업인안전365
4,5,공지사항,공지사항,공지사항,농업인 건강안전 '영농기술정보' 업데이트 알림,2024-01-22,0,6,https://farmer.rda.go.kr/portal/menu1/board_viw.do?menuId=PS03448&m_id=3_18&m_mod=54&bbsId=5&nttSn=4&num=0&pageIndex=6,,https://farmer.rda.go.kr/portal/menu6/board_lst1.do?m_id=3_18&m_mod=0&menuId=PS03448&pageIndex=6,html/050_PS03448_p6.html,농촌진흥청 농업인안전365
5,5,공지사항,공지사항,공지사항,'24년도 농업인안전365 콘텐츠 QR코드 배포 안내,2024-01-15,0,6,https://farmer.rda.go.kr/portal/menu1/board_viw.do?menuId=PS03448&m_id=3_18&m_mod=55&bbsId=5&nttSn=5&num=0&pageIndex=6,,https://farmer.rda.go.kr/portal/menu6/board_lst1.do?m_id=3_18&m_mod=0&menuId=PS03448&pageIndex=6,html/050_PS03448_p6.html,농촌진흥청 농업인안전365
6,5,공지사항,공지사항,간행물,『2023 농작업 안전재해 주요통계』 외 1종 간행물 업데이트 알림,2024-01-11,0,6,https://farmer.rda.go.kr/portal/menu1/board_viw.do?menuId=PS03448&m_id=3_18&m_mod=56&bbsId=5&nttSn=6&num=0&pageIndex=6,,https://farmer.rda.go.kr/portal/menu6/board_lst1.do?m_id=3_18&m_mod=0&menuId=PS03448&pageIndex=6,html/050_PS03448_p6.html,농촌진흥청 농업인안전365
7,5,공지사항,공지사항,공지사항,농업인안전365 누리집 개편 작업 완료 안내,2024-01-04,0,6,https://farmer.rda.go.kr/portal/menu1/board_viw.do?menuId=PS03448&m_id=3_18&m_mod=57&bbsId=5&nttSn=7&num=0&pageIndex=6,,https://farmer.rda.go.kr/portal/menu6/board_lst1.do?m_id=3_18&m_mod=0&menuId=PS03448&pageIndex=6,html/050_PS03448_p6.html,농촌진흥청 농업인안전365
8,5,공지사항,공지사항,간행물,『어르신을 위한 안전한 소비생활 가이드』 간행물 업데이트 알림,2023-11-13,0,6,https://farmer.rda.go.kr/portal/menu1/board_viw.do?menuId=PS03448&m_id=3_18&m_mod=58&bbsId=5&nttSn=8&num=0&pageIndex=6,,https://farmer.rda.go.kr/portal/menu6/board_lst1.do?m_id=3_18&m_mod=0&menuId=PS03448&pageIndex=6,html/050_PS03448_p6.html,농촌진흥청 농업인안전365
9,5,공지사항,공지사항,간행물,『2022 알기쉬운 농업인의 업무상 질병』 간행물 업데이트 알림,2023-11-13,0,6,https://farmer.rda.go.kr/portal/menu1/board_viw.do?menuId=PS03448&m_id=3_18&m_mod=59&bbsId=5&nttSn=9&num=0&pageIndex=6,,https://farmer.rda.go.kr/portal/menu6/board_lst1.do?m_id=3_18&m_mod=0&menuId=PS03448&pageIndex=6,html/050_PS03448_p6.html,농촌진흥청 농업인안전365
10,5,공지사항,공지사항,간행물,『농업용 혼합기 안전이용 가이드』 간행물 업데이트 알림,2023-10-16,0,6,https://farmer.rda.go.kr/portal/menu1/board_viw.do?menuId=PS03448&m_id=3_18&m_mod=60&bbsId=5&nttSn=10&num=0&pageIndex=6,,https://farmer.rda.go.kr/portal/menu6/board_lst1.do?m_id=3_18&m_mod=0&menuId=PS03448&pageIndex=6,html/050_PS03448_p6.html,농촌진흥청 농업인안전365
11,5,공지사항,공지사항,안전교육,농업인 재해예방 동영상 업데이트 알림,2023-10-06,0,7,https://farmer.rda.go.kr/portal/menu1/board_viw.do?menuId=PS03448&m_id=3_18&m_mod=61&bbsId=5&nttSn=11&num=0&pageIndex=7,,https://farmer.rda.go.kr/portal/menu6/board_lst1.do?m_id=3_18&m_mod=0&menuId=PS03448&pageIndex=7,html/051_PS03448_p7.html,농촌진흥청 농업인안전365
12,5,공지사항,공지사항,농기계,『예초기 안전사용 가이드』 간행물 업데이트 알림,2023-09-18,0,7,https://farmer.rda.go.kr/portal/menu1/board_viw.do?menuId=PS03448&m_id=3_18&m_mod=62&bbsId=5&nttSn=12&num=0&pageIndex=7,,https://farmer.rda.go.kr/portal/menu6/board_lst1.do?m_id=3_18&m_mod=0&menuId=PS03448&pageIndex=7,html/051_PS03448_p7.html,농촌진흥청 농업인안전365
13,5,공지사항,공지사항,공지사항,(조치완료) [긴급] 시스템 점검으로 인한 일부 서비스 제한 안내,2023-09-14,0,7,https://farmer.rda.go.kr/portal/menu1/board_viw.do?menuId=PS03448&m_id=3_18&m_mod=63&bbsId=5&nttSn=13&num=0&pageIndex=7,,https://farmer.rda.go.kr/portal/menu6/board_lst1.do?m_id=3_18&m_mod=0&menuId=PS03448&pageIndex=7,html/051_PS03448_p7.html,농촌진흥청 농업인안전365
14,5,공지사항,공지사항,간행물,『농업용 혼합기 안전이용 가이드』 외 1종 간행물 업데이트 알림,2023-08-25,0,7,https://farmer.rda.go.kr/portal/menu1/board_viw.do?menuId=PS03448&m_id=3_18&m_mod=64&bbsId=5&nttSn=14&num=0&pageIndex=7,,https://farmer.rda.go.kr/portal/menu6/board_lst1.do?m_id=3_18&m_mod=0&menuId=PS03448&pageIndex=7,html/051_PS03448_p7.html,농촌진흥청 농업인안전365
15,5,공지사항,공지사항,간행물,『농작업 안전재해 예방』 간행물 업데이트 알림,2023-06-30,0,7,https://farmer.rda.go.kr/portal/menu1/board_viw.do?menuId=PS03448&m_id=3_18&m_mod=65&bbsId=5&nttSn=15&num=0&pageIndex=7,,https://farmer.rda.go.kr/portal/menu6/board_lst1.do?m_id=3_18&m_mod=0&menuId=PS03448&pageIndex=7,html/051_PS03448_p7.html,농촌진흥청 농업인안전365
16,5,공지사항,공지사항,간행물,『알기쉬운 농업인의 업무상 질병』 외 3종 간행물 업데이트 알림,2023-06-30,0,7,https://farmer.rda.go.kr/portal/menu1/board_viw.do?menuId=PS03448&m_id=3_18&m_mod=66&bbsId=5&nttSn=16&num=0&pageIndex=7,,https://farmer.rda.go.kr/portal/menu6/board_lst1.do?m_id=3_18&m_mod=0&menuId=PS03448&pageIndex=7,html/051_PS03448_p7.html,농촌진흥청 농업인안전365
17,5,공지사항,공지사항,간행물,『쉽게보는 농업인의 업무상 재해 현황』 간행물 업데이트 알림,2023-06-29,0,7,https://farmer.rda.go.kr/portal/menu1/board_viw.do?menuId=PS03448&m_id=3_18&m_mod=67&bbsId=5&nttSn=17&num=0&pageIndex=7,,https://farmer.rda.go.kr/portal/menu6/board_lst1.do?m_id=3_18&m_mod=0&menuId=PS03448&pageIndex=7,html/051_PS03448_p7.html,농촌진흥청 농업인안전365
18,5,공지사항,공지사항,간행물,『여름철 농업인 건강안전 가이드』 외 간행물 업데이트 알림,2023-06-28,0,7,https://farmer.rda.go.kr/portal/menu1/board_viw.do?menuId=PS03448&m_id=3_18&m_mod=68&bbsId=5&nttSn=18&num=0&pageIndex=7,,https://farmer.rda.go.kr/portal/menu6/board_lst1.do?m_id=3_18&m_mod=0&menuId=PS03448&pageIndex=7,html/051_PS03448_p7.html,농촌진흥청 농업인안전365
19,5,공지사항,공지사항,공지사항,농업인 업무상 질병조사 KOSIS 공표 알림 (2022년 조사기반),2023-04-17,0,7,https://farmer.rda.go.kr/portal/menu1/board_viw.do?menuId=PS03448&m_id=3_18&m_mod=69&bbsId=5&nttSn=19&num=0&pageIndex=7,,https://farmer.rda.go.kr/portal/menu6/board_lst1.do?m_id=3_18&m_mod=0&menuId=PS03448&pageIndex=7,html/051_PS03448_p7.html,농촌진흥청 농업인안전365
20,5,공지사항,공지사항,간행물,『노인과 장애인을 위한 사회적 농업』 간행물 업데이트 알림,2023-02-16,0,7,https://farmer.rda.go.kr/portal/menu1/board_viw.do?menuId=PS03448&m_id=3_18&m_mod=70&bbsId=5&nttSn=20&num=0&pageIndex=7,,https://farmer.rda.go.kr/portal/menu6/board_lst1.do?m_id=3_18&m_mod=0&menuId=PS03448&pageIndex=7,html/051_PS03448_p7.html,농촌진흥청 농업인안전365
21,5,공지사항,공지사항,간행물,『농업인 안전재해 현황』 간행물 업데이트 알림,2023-01-17,0,8,https://farmer.rda.go.kr/portal/menu1/board_viw.do?menuId=PS03448&m_id=3_18&m_mod=71&bbsId=5&nttSn=21&num=0&pageIndex=8,,https://farmer.rda.go.kr/portal/menu6/board_lst1.do?m_id=3_18&m_mod=0&menuId=PS03448&pageIndex=8,html/052_PS03448_p8.html,농촌진흥청 농업인안전365
22,5,공지사항,공지사항,농기계,"리플릿 배부안내 -『농업기계 안전반사장치 활용 가이드』,『농업인안전365』",2023-01-13,0,8,https://farmer.rda.go.kr/portal/menu1/board_viw.do?menuId=PS03448&m_id=3_18&m_mod=72&bbsId=5&nttSn=22&num=0&pageIndex=8,,https://farmer.rda.go.kr/portal/menu6/board_lst1.do?m_id=3_18&m_mod=0&menuId=PS03448&pageIndex=8,html/052_PS03448_p8.html,농촌진흥청 농업인안전365
23,5,공지사항,공지사항,간행물,"간행물 발간책자, 리플릿 업데이트 알림",2022-12-28,0,8,https://farmer.rda.go.kr/portal/menu1/board_viw.do?menuId=PS03448&m_id=3_18&m_mod=73&bbsId=5&nttSn=23&num=0&pageIndex=8,,https://farmer.rda.go.kr/portal/menu6/board_lst1.do?m_id=3_18&m_mod=0&menuId=PS03448&pageIndex=8,html/052_PS03448_p8.html,농촌진흥청 농업인안전365
24,5,공지사항,공지사항,간행물,『농작업 안전관리 핸드북 3종』 간행물 업데이트 알림,2022-12-16,0,8,https://farmer.rda.go.kr/portal/menu1/board_viw.do?menuId=PS03448&m_id=3_18&m_mod=74&bbsId=5&nttSn=24&num=0&pageIndex=8,,https://farmer.rda.go.kr/portal/menu6/board_lst1.do?m_id=3_18&m_mod=0&menuId=PS03448&pageIndex=8,html/052_PS03448_p8.html,농촌진흥청 농업인안전365
25,5,공지사항,공지사항,간행물,『농산물 가공장비의 활용 및 안전관리 매뉴얼(2022)』 간행물 업데이트 알림,2022-11-09,0,8,https://farmer.rda.go.kr/portal/menu1/board_viw.do?menuId=PS03448&m_id=3_18&m_mod=75&bbsId=5&nttSn=25&num=0&pageIndex=8,,https://farmer.rda.go.kr/portal/menu6/board_lst1.do?m_id=3_18&m_mod=0&menuId=PS03448&pageIndex=8,html/052_PS03448_p8.html,농촌진흥청 농업인안전365
26,5,공지사항,공지사항,간행물,『농작업 단계별 공통안전작업지침』 간행물 업데이트 알림,2022-11-02,0,8,https://farmer.rda.go.kr/portal/menu1/board_viw.do?menuId=PS03448&m_id=3_18&m_mod=76&bbsId=5&nttSn=26&num=0&pageIndex=8,,https://farmer.rda.go.kr/portal/menu6/board_lst1.do?m_id=3_18&m_mod=0&menuId=PS03448&pageIndex=8,html/052_PS03448_p8.html,농촌진흥청 농업인안전365
27,5,공지사항,공지사항,농기계,『2021 농업기계 사고 현황』 간행물 업데이트 알림,2022-11-02,0,8,https://farmer.rda.go.kr/portal/menu1/board_viw.do?menuId=PS03448&m_id=3_18&m_mod=77&bbsId=5&nttSn=27&num=0&pageIndex=8,,https://farmer.rda.go.kr/portal/menu6/board_lst1.do?m_id=3_18&m_mod=0&menuId=PS03448&pageIndex=8,html/052_PS03448_p8.html,농촌진흥청 농업인안전365
28,5,공지사항,공지사항,간행물,『2021 알기쉬운 농업인의 업무상 손상』 간행물 업데이트 알림,2022-10-07,0,8,https://farmer.rda.go.kr/portal/menu1/board_viw.do?menuId=PS03448&m_id=3_18&m_mod=78&bbsId=5&nttSn=28&num=0&pageIndex=8,,https://farmer.rda.go.kr/portal/menu6/board_lst1.do?m_id=3_18&m_mod=0&menuId=PS03448&pageIndex=8,html/052_PS03448_p8.html,농촌진흥청 농업인안전365
29,5,공지사항,공지사항,공지사항,(설문조사) 농업인안전365 서비스 개선을 위한 설문조사 게시,2022-09-30,0,8,https://farmer.rda.go.kr/portal/menu1/board_viw.do?menuId=PS03448&m_id=3_18&m_mod=79&bbsId=5&nttSn=29&num=0&pageIndex=8,,https://farmer.rda.go.kr/portal/menu6/board_lst1.do?m_id=3_18&m_mod=0&menuId=PS03448&pageIndex=8,html/052_PS03448_p8.html,농촌진흥청 농업인안전365
30,5,공지사항,공지사항,간행물,『한눈에보는 농업취업자와 일반취업자의 근로환경 비교』 간행물 업데이트 알림,2022-09-15,0,8,https://farmer.rda.go.kr/portal/menu1/board_viw.do?menuId=PS03448&m_id=3_18&m_mod=80&bbsId=5&nttSn=30&num=0&pageIndex=8,,https://farmer.rda.go.kr/portal/menu6/board_lst1.do?m_id=3_18&m_mod=0&menuId=PS03448&pageIndex=8,html/052_PS03448_p8.html,농촌진흥청 농업인안전365
31,5,공지사항,공지사항,응급대응,『응급처치 가이드(개정판)』 배부 안내,2022-07-28,0,9,https://farmer.rda.go.kr/portal/menu1/board_viw.do?menuId=PS03448&m_id=3_18&m_mod=81&bbsId=5&nttSn=31&num=0&pageIndex=9,,https://farmer.rda.go.kr/portal/menu6/board_lst1.do?m_id=3_18&m_mod=0&menuId=PS03448&pageIndex=9,html/053_PS03448_p9.html,농촌진흥청 농업인안전365
32,5,공지사항,공지사항,공지사항,서버 정기점검 작업에 따른 이용안내 [7.13(수) 18:00~22:00(4시간)],2022-07-13,0,9,https://farmer.rda.go.kr/portal/menu1/board_viw.do?menuId=PS03448&m_id=3_18&m_mod=82&bbsId=5&nttSn=32&num=0&pageIndex=9,,https://farmer.rda.go.kr/portal/menu6/board_lst1.do?m_id=3_18&m_mod=0&menuId=PS03448&pageIndex=9,html/053_PS03448_p9.html,농촌진흥청 농업인안전365
33,5,공지사항,공지사항,공지사항,서버 정기점검 작업에 따른 이용안내 [6.11(토) 09:00~13:00(4시간)],2022-06-09,0,9,https://farmer.rda.go.kr/portal/menu1/board_viw.do?menuId=PS03448&m_id=3_18&m_mod=83&bbsId=5&nttSn=33&num=0&pageIndex=9,,https://farmer.rda.go.kr/portal/menu6/board_lst1.do?m_id=3_18&m_mod=0&menuId=PS03448&pageIndex=9,html/053_PS03448_p9.html,농촌진흥청 농업인안전365
34,5,공지사항,공지사항,공지사항,(공모전) 농업인 안전사고 예방 국민 아이디어 공모전 개최,2022-05-11,0,9,https://farmer.rda.go.kr/portal/menu1/board_viw.do?menuId=PS03448&m_id=3_18&m_mod=84&bbsId=5&nttSn=34&num=0&pageIndex=9,,https://farmer.rda.go.kr/portal/menu6/board_lst1.do?m_id=3_18&m_mod=0&menuId=PS03448&pageIndex=9,html/053_PS03448_p9.html,농촌진흥청 농업인안전365
35,5,공지사항,공지사항,안전교육,『농작업자 미세먼지 노출 관련 안전교육 지침서 2종』 책자 배부 안내,2022-04-20,0,9,https://farmer.rda.go.kr/portal/menu1/board_viw.do?menuId=PS03448&m_id=3_18&m_mod=85&bbsId=5&nttSn=35&num=0&pageIndex=9,,https://farmer.rda.go.kr/portal/menu6/board_lst1.do?m_id=3_18&m_mod=0&menuId=PS03448&pageIndex=9,html/053_PS03448_p9.html,농촌진흥청 농업인안전365
36,5,공지사항,공지사항,공지사항,서버 정기점검 작업에 따른 이용안내 [4.16(토) 10:00~16:00 (6시간)],2022-04-15,0,9,https://farmer.rda.go.kr/portal/menu1/board_viw.do?menuId=PS03448&m_id=3_18&m_mod=86&bbsId=5&nttSn=36&num=0&pageIndex=9,,https://farmer.rda.go.kr/portal/menu6/board_lst1.do?m_id=3_18&m_mod=0&menuId=PS03448&pageIndex=9,html/053_PS03448_p9.html,농촌진흥청 농업인안전365
37,5,공지사항,공지사항,공지사항,농업인 업무상 손상조사 KOSIS 공표 알림(2021년 조사기반),2022-04-06,0,9,https://farmer.rda.go.kr/portal/menu1/board_viw.do?menuId=PS03448&m_id=3_18&m_mod=87&bbsId=5&nttSn=37&num=0&pageIndex=9,,https://farmer.rda.go.kr/portal/menu6/board_lst1.do?m_id=3_18&m_mod=0&menuId=PS03448&pageIndex=9,html/053_PS03448_p9.html,농촌진흥청 농업인안전365
38,5,공지사항,공지사항,간행물,『농작업 안전보건관리 실무매뉴얼』 간행물 업데이트 알림,2022-03-18,0,9,https://farmer.rda.go.kr/portal/menu1/board_viw.do?menuId=PS03448&m_id=3_18&m_mod=88&bbsId=5&nttSn=38&num=0&pageIndex=9,,https://farmer.rda.go.kr/portal/menu6/board_lst1.do?m_id=3_18&m_mod=0&menuId=PS03448&pageIndex=9,html/053_PS03448_p9.html,농촌진흥청 농업인안전365
39,5,공지사항,공지사항,공지사항,농업인의 업무상 손상 통계 4월 공표 예정 알림(2021년 조사기반),2022-02-16,0,9,https://farmer.rda.go.kr/portal/menu1/board_viw.do?menuId=PS03448&m_id=3_18&m_mod=89&bbsId=5&nttSn=39&num=0&pageIndex=9,,https://farmer.rda.go.kr/portal/menu6/board_lst1.do?m_id=3_18&m_mod=0&menuId=PS03448&pageIndex=9,html/053_PS03448_p9.html,농촌진흥청 농업인안전365
40,5,공지사항,공지사항,응급대응,"『응급처치가이드(소책자)』,『양돈 작업환경관리(리플릿)』 배부 안내",2022-02-12,0,9,https://farmer.rda.go.kr/portal/menu1/board_viw.do?menuId=PS03448&m_id=3_18&m_mod=90&bbsId=5&nttSn=40&num=0&pageIndex=9,,https://farmer.rda.go.kr/portal/menu6/board_lst1.do?m_id=3_18&m_mod=0&menuId=PS03448&pageIndex=9,html/053_PS03448_p9.html,농촌진흥청 농업인안전365
41,5,공지사항,공지사항,공지사항,농업인 안전보건 관련 논문(초록) 업데이트 알림,2022-01-27,0,10,https://farmer.rda.go.kr/portal/menu1/board_viw.do?menuId=PS03448&m_id=3_18&m_mod=91&bbsId=5&nttSn=41&num=0&pageIndex=10,,https://farmer.rda.go.kr/portal/menu6/board_lst1.do?m_id=3_18&m_mod=0&menuId=PS03448&pageIndex=10,html/054_PS03448_p10.html,농촌진흥청 농업인안전365
42,5,공지사항,공지사항,안전교육,『농작업 안전보건관리』 교육과정 참여자 모집 안내,2022-01-21,0,10,https://farmer.rda.go.kr/portal/menu1/board_viw.do?menuId=PS03448&m_id=3_18&m_mod=92&bbsId=5&nttSn=42&num=0&pageIndex=10,,https://farmer.rda.go.kr/portal/menu6/board_lst1.do?m_id=3_18&m_mod=0&menuId=PS03448&pageIndex=10,html/054_PS03448_p10.html,농촌진흥청 농업인안전365
43,5,공지사항,공지사항,간행물,"『농업인 개인보호장비 편람』,『농작업 편이장비 편람』 책자배부 안내",2022-01-14,0,10,https://farmer.rda.go.kr/portal/menu1/board_viw.do?menuId=PS03448&m_id=3_18&m_mod=93&bbsId=5&nttSn=43&num=0&pageIndex=10,,https://farmer.rda.go.kr/portal/menu6/board_lst1.do?m_id=3_18&m_mod=0&menuId=PS03448&pageIndex=10,html/054_PS03448_p10.html,농촌진흥청 농업인안전365
44,5,공지사항,공지사항,공지사항,농업인 건강안전 '영농기술정보'(영농활용) 업데이트 알림,2022-01-13,0,10,https://farmer.rda.go.kr/portal/menu1/board_viw.do?menuId=PS03448&m_id=3_18&m_mod=94&bbsId=5&nttSn=44&num=0&pageIndex=10,,https://farmer.rda.go.kr/portal/menu6/board_lst1.do?m_id=3_18&m_mod=0&menuId=PS03448&pageIndex=10,html/054_PS03448_p10.html,농촌진흥청 농업인안전365
45,5,공지사항,공지사항,간행물,『한 눈에 보는 농업안전보건 중앙DB센터』 및 카드뉴스 간행물 업데이트 알림,2021-12-30,0,10,https://farmer.rda.go.kr/portal/menu1/board_viw.do?menuId=PS03448&m_id=3_18&m_mod=95&bbsId=5&nttSn=45&num=0&pageIndex=10,,https://farmer.rda.go.kr/portal/menu6/board_lst1.do?m_id=3_18&m_mod=0&menuId=PS03448&pageIndex=10,html/054_PS03448_p10.html,농촌진흥청 농업인안전365
46,5,공지사항,공지사항,안전교육,'지금. 재설정' 농작업 안전교육 동영상 5편 업데이트 알림,2021-12-30,0,10,https://farmer.rda.go.kr/portal/menu1/board_viw.do?menuId=PS03448&m_id=3_18&m_mod=96&bbsId=5&nttSn=46&num=0&pageIndex=10,,https://farmer.rda.go.kr/portal/menu6/board_lst1.do?m_id=3_18&m_mod=0&menuId=PS03448&pageIndex=10,html/054_PS03448_p10.html,농촌진흥청 농업인안전365
47,5,공지사항,공지사항,간행물,『농업인 개인보호장비 편람』 간행물 업데이트 알림,2021-12-21,0,10,https://farmer.rda.go.kr/portal/menu1/board_viw.do?menuId=PS03448&m_id=3_18&m_mod=97&bbsId=5&nttSn=47&num=0&pageIndex=10,,https://farmer.rda.go.kr/portal/menu6/board_lst1.do?m_id=3_18&m_mod=0&menuId=PS03448&pageIndex=10,html/054_PS03448_p10.html,농촌진흥청 농업인안전365
48,5,공지사항,공지사항,공지사항,국립농업과학원 홈페이지 및 모바일 서비스 일시 중단 안내(12.17.),2021-12-17,0,10,https://farmer.rda.go.kr/portal/menu1/board_viw.do?menuId=PS03448&m_id=3_18&m_mod=98&bbsId=5&nttSn=48&num=0&pageIndex=10,,https://farmer.rda.go.kr/portal/menu6/board_lst1.do?m_id=3_18&m_mod=0&menuId=PS03448&pageIndex=10,html/054_PS03448_p10.html,농촌진흥청 농업인안전365
49,5,공지사항,공지사항,공지사항,농업안전보건 '중앙DB센터' 홈페이지 개편 작업 완료 및 서비스 개시 안내,2021-12-17,0,10,https://farmer.rda.go.kr/portal/menu1/board_viw.do?menuId=PS03448&m_id=3_18&m_mod=99&bbsId=5&nttSn=49&num=0&pageIndex=10,,https://farmer.rda.go.kr/portal/menu6/board_lst1.do?m_id=3_18&m_mod=0&menuId=PS03448&pageIndex=10,html/054_PS03448_p10.html,농촌진흥청 농업인안전365
50,5,공지사항,공지사항,공지사항,농업인 안전재해지도(Map) DB정보 추가 업데이트 알림,2021-11-26,0,10,https://farmer.rda.go.kr/portal/menu1/board_viw.do?menuId=PS03448&m_id=3_18&m_mod=100&bbsId=5&nttSn=50&num=0&pageIndex=10,,https://farmer.rda.go.kr/portal/menu6/board_lst1.do?m_id=3_18&m_mod=0&menuId=PS03448&pageIndex=10,html/054_PS03448_p10.html,농촌진흥청 농업인안전365
51,5,공지사항,공지사항,간행물,『2020 알기쉬운 농업인의 업무상 질병』 간행물 업데이트 알림,2021-10-07,0,11,https://farmer.rda.go.kr/portal/menu1/board_viw.do?menuId=PS03448&m_id=3_18&m_mod=101&bbsId=5&nttSn=51&num=0&pageIndex=11,,https://farmer.rda.go.kr/portal/menu6/board_lst1.do?m_id=3_18&m_mod=0&menuId=PS03448&pageIndex=11,html/055_PS03448_p11.html,농촌진흥청 농업인안전365
52,5,공지사항,공지사항,공지사항,농작업 편이안전장비 정보 신규 업데이트 알림,2021-09-30,0,11,https://farmer.rda.go.kr/portal/menu1/board_viw.do?menuId=PS03448&m_id=3_18&m_mod=102&bbsId=5&nttSn=52&num=0&pageIndex=11,,https://farmer.rda.go.kr/portal/menu6/board_lst1.do?m_id=3_18&m_mod=0&menuId=PS03448&pageIndex=11,html/055_PS03448_p11.html,농촌진흥청 농업인안전365
53,5,공지사항,공지사항,공지사항,농업안전보건 중앙DB센터 개편 준비에 따른 서비스 임시 중단 안내,2021-09-27,0,11,https://farmer.rda.go.kr/portal/menu1/board_viw.do?menuId=PS03448&m_id=3_18&m_mod=103&bbsId=5&nttSn=53&num=0&pageIndex=11,,https://farmer.rda.go.kr/portal/menu6/board_lst1.do?m_id=3_18&m_mod=0&menuId=PS03448&pageIndex=11,html/055_PS03448_p11.html,농촌진흥청 농업인안전365
54,5,공지사항,공지사항,간행물,『농작업 안전보건관리 기본서(2021년 개정판)』 간행물 업데이트 알림,2021-08-20,0,11,https://farmer.rda.go.kr/portal/menu1/board_viw.do?menuId=PS03448&m_id=3_18&m_mod=104&bbsId=5&nttSn=54&num=0&pageIndex=11,,https://farmer.rda.go.kr/portal/menu6/board_lst1.do?m_id=3_18&m_mod=0&menuId=PS03448&pageIndex=11,html/055_PS03448_p11.html,농촌진흥청 농업인안전365
55,5,공지사항,공지사항,공지사항,(설문조사) 농업인안전365 서비스 개선을 위한 설문조사 게시,2021-08-10,0,11,https://farmer.rda.go.kr/portal/menu1/board_viw.do?menuId=PS03448&m_id=3_18&m_mod=105&bbsId=5&nttSn=55&num=0&pageIndex=11,,https://farmer.rda.go.kr/portal/menu6/board_lst1.do?m_id=3_18&m_mod=0&menuId=PS03448&pageIndex=11,html/055_PS03448_p11.html,농촌진흥청 농업인안전365
56,5,공지사항,공지사항,온열·한랭,폭염대비 농업인 건강 관련 '리플릿' 업데이트 알림,2021-07-19,0,11,https://farmer.rda.go.kr/portal/menu1/board_viw.do?menuId=PS03448&m_id=3_18&m_mod=106&bbsId=5&nttSn=56&num=0&pageIndex=11,,https://farmer.rda.go.kr/portal/menu6/board_lst1.do?m_id=3_18&m_mod=0&menuId=PS03448&pageIndex=11,html/055_PS03448_p11.html,농촌진흥청 농업인안전365
57,5,공지사항,공지사항,간행물,『2020 농작업 편이장비 편람』 책자 배부 안내,2021-07-01,0,11,https://farmer.rda.go.kr/portal/menu1/board_viw.do?menuId=PS03448&m_id=3_18&m_mod=107&bbsId=5&nttSn=57&num=0&pageIndex=11,,https://farmer.rda.go.kr/portal/menu6/board_lst1.do?m_id=3_18&m_mod=0&menuId=PS03448&pageIndex=11,html/055_PS03448_p11.html,농촌진흥청 농업인안전365
58,5,공지사항,공지사항,간행물,농업인 건강안전 관련 '카드뉴스'(간행물) 업데이트 알림,2021-06-09,0,11,https://farmer.rda.go.kr/portal/menu1/board_viw.do?menuId=PS03448&m_id=3_18&m_mod=108&bbsId=5&nttSn=58&num=0&pageIndex=11,,https://farmer.rda.go.kr/portal/menu6/board_lst1.do?m_id=3_18&m_mod=0&menuId=PS03448&pageIndex=11,html/055_PS03448_p11.html,농촌진흥청 농업인안전365
59,5,공지사항,공지사항,공지사항,농업인 건강안전보건 관련 '정책제안정보' 업데이트 알림,2021-06-07,0,11,https://farmer.rda.go.kr/portal/menu1/board_viw.do?menuId=PS03448&m_id=3_18&m_mod=109&bbsId=5&nttSn=59&num=0&pageIndex=11,,https://farmer.rda.go.kr/portal/menu6/board_lst1.do?m_id=3_18&m_mod=0&menuId=PS03448&pageIndex=11,html/055_PS03448_p11.html,농촌진흥청 농업인안전365
60,5,공지사항,공지사항,공지사항,농작업 안전지침서 '그림으로 보는' 시리즈 무료 배부 안내,2021-06-01,0,11,https://farmer.rda.go.kr/portal/menu1/board_viw.do?menuId=PS03448&m_id=3_18&m_mod=110&bbsId=5&nttSn=60&num=0&pageIndex=11,,https://farmer.rda.go.kr/portal/menu6/board_lst1.do?m_id=3_18&m_mod=0&menuId=PS03448&pageIndex=11,html/055_PS03448_p11.html,농촌진흥청 농업인안전365
144,5,공지사항,공지사항,공지사항,연구ㆍ지도직공무원 공개경쟁채용시험 시험계획,2007-02-15,0,21,https://farmer.rda.go.kr/portal/menu1/board_viw.do?menuId=PS03448&m_id=3_18&m_mod=201&bbsId=5&nttSn=144&num=0&pageIndex=21,,https://farmer.rda.go.kr/portal/menu6/board_lst1.do?m_id=3_18&m_mod=0&menuId=PS03448&pageIndex=21,html/056_PS03448_p21.html,농촌진흥청 농업인안전365
780,6,홍보,활동소식,활동소식,에어냉각조끼 시범사업,2026-07-03,0,2,https://farmer.rda.go.kr/portal/menu1/board_viw.do?menuId=PS03449&m_id=3_19&m_mod=11&bbsId=6&nttSn=780&num=0&pageIndex=2,,https://farmer.rda.go.kr/portal/menu6/board_lst1.do?m_id=3_19&m_mod=0&menuId=PS03449&pageIndex=2,html/057_PS03449_p2.html,농촌진흥청 농업인안전365
779,6,홍보,홍보성과,온열·한랭,(농민신문) 폭염 속 농작업에도 ‘신바람’ 나는 이유…‘에어냉각조끼’ 입어봤더니,2026-07-03,0,2,https://farmer.rda.go.kr/portal/menu1/board_viw.do?menuId=PS03449&m_id=3_19&m_mod=12&bbsId=6&nttSn=779&num=0&pageIndex=2,,https://farmer.rda.go.kr/portal/menu6/board_lst1.do?m_id=3_19&m_mod=0&menuId=PS03449&pageIndex=2,html/057_PS03449_p2.html,농촌진흥청 농업인안전365
778,6,홍보,전문지·기고,전문지·기고,[창간 56 특집] 이재명 정부 ‘책임농정 1년’을 진단한다 - 농업인 안전,2026-06-29,0,2,https://farmer.rda.go.kr/portal/menu1/board_viw.do?menuId=PS03449&m_id=3_19&m_mod=13&bbsId=6&nttSn=778&num=0&pageIndex=2,,https://farmer.rda.go.kr/portal/menu6/board_lst1.do?m_id=3_19&m_mod=0&menuId=PS03449&pageIndex=2,html/057_PS03449_p2.html,농촌진흥청 농업인안전365
777,6,홍보,전문지·기고,전문지·기고,[기고] 농민 안전보건과 농촌진흥청 역할 기대한다,2026-06-26,0,2,https://farmer.rda.go.kr/portal/menu1/board_viw.do?menuId=PS03449&m_id=3_19&m_mod=14&bbsId=6&nttSn=777&num=0&pageIndex=2,,https://farmer.rda.go.kr/portal/menu6/board_lst1.do?m_id=3_19&m_mod=0&menuId=PS03449&pageIndex=2,html/057_PS03449_p2.html,농촌진흥청 농업인안전365
776,6,홍보,홍보성과,온열·한랭,"(전라일보)농진청, '폭염 쿨링키트'로 농업인 지킨다",2026-06-02,0,2,https://farmer.rda.go.kr/portal/menu1/board_viw.do?menuId=PS03449&m_id=3_19&m_mod=15&bbsId=6&nttSn=776&num=0&pageIndex=2,,https://farmer.rda.go.kr/portal/menu6/board_lst1.do?m_id=3_19&m_mod=0&menuId=PS03449&pageIndex=2,html/057_PS03449_p2.html,농촌진흥청 농업인안전365
775,6,홍보,홍보성과,온열·한랭,(농기자재신문) 폭염 속 농업인 지킬 안전 꾸러미 ‘폭염 쿨링키트’ 개발,2026-06-02,0,2,https://farmer.rda.go.kr/portal/menu1/board_viw.do?menuId=PS03449&m_id=3_19&m_mod=16&bbsId=6&nttSn=775&num=0&pageIndex=2,,https://farmer.rda.go.kr/portal/menu6/board_lst1.do?m_id=3_19&m_mod=0&menuId=PS03449&pageIndex=2,html/057_PS03449_p2.html,농촌진흥청 농업인안전365
774,6,홍보,홍보성과,온열·한랭,"(매일일보)농촌진흥청, ‘폭염 쿨링키트’ 개발",2026-06-02,0,2,https://farmer.rda.go.kr/portal/menu1/board_viw.do?menuId=PS03449&m_id=3_19&m_mod=17&bbsId=6&nttSn=774&num=0&pageIndex=2,,https://farmer.rda.go.kr/portal/menu6/board_lst1.do?m_id=3_19&m_mod=0&menuId=PS03449&pageIndex=2,html/057_PS03449_p2.html,농촌진흥청 농업인안전365
773,6,홍보,보도자료,온열·한랭,폭염 속 농업인 지킬 안전 꾸러미 '폭염 쿨링키트' 개발,2026-06-02,0,2,https://farmer.rda.go.kr/portal/menu1/board_viw.do?menuId=PS03449&m_id=3_19&m_mod=18&bbsId=6&nttSn=773&num=0&pageIndex=2,,https://farmer.rda.go.kr/portal/menu6/board_lst1.do?m_id=3_19&m_mod=0&menuId=PS03449&pageIndex=2,html/057_PS03449_p2.html,농촌진흥청 농업인안전365
772,6,홍보,뉴스모음집,뉴스모음집,"(중앙일보)車 아닌데, 사고 치사율 ‘승용차 15배’…단독사고 많은 주범",2026-05-19,0,2,https://farmer.rda.go.kr/portal/menu1/board_viw.do?menuId=PS03449&m_id=3_19&m_mod=19&bbsId=6&nttSn=772&num=0&pageIndex=2,,https://farmer.rda.go.kr/portal/menu6/board_lst1.do?m_id=3_19&m_mod=0&menuId=PS03449&pageIndex=2,html/057_PS03449_p2.html,농촌진흥청 농업인안전365
771,6,홍보,홍보성과,근골격계,"(MBN) ""하루종일 올려봐도 어깨 안 아파""…입으면 힘세지는 로봇 조끼",2026-05-12,0,2,https://farmer.rda.go.kr/portal/menu1/board_viw.do?menuId=PS03449&m_id=3_19&m_mod=20&bbsId=6&nttSn=771&num=0&pageIndex=2,,https://farmer.rda.go.kr/portal/menu6/board_lst1.do?m_id=3_19&m_mod=0&menuId=PS03449&pageIndex=2,html/057_PS03449_p2.html,농촌진흥청 농업인안전365
770,6,홍보,홍보성과,홍보성과,(연합뉴스)작년 농민 '100명 중 3명' 일하다 부상…하루 이상 쉬었다,2026-05-11,0,3,https://farmer.rda.go.kr/portal/menu1/board_viw.do?menuId=PS03449&m_id=3_19&m_mod=21&bbsId=6&nttSn=770&num=0&pageIndex=3,,https://farmer.rda.go.kr/portal/menu6/board_lst1.do?m_id=3_19&m_mod=0&menuId=PS03449&pageIndex=3,html/058_PS03449_p3.html,농촌진흥청 농업인안전365
769,6,홍보,보도자료,보도자료,"농업인 100명 중 3명, 농작업 관련 손상으로 하루 이상 쉬었다",2026-05-11,0,3,https://farmer.rda.go.kr/portal/menu1/board_viw.do?menuId=PS03449&m_id=3_19&m_mod=22&bbsId=6&nttSn=769&num=0&pageIndex=3,,https://farmer.rda.go.kr/portal/menu6/board_lst1.do?m_id=3_19&m_mod=0&menuId=PS03449&pageIndex=3,html/058_PS03449_p3.html,농촌진흥청 농업인안전365
768,6,홍보,홍보성과,홍보성과,"(농기자재신문) 국립농업과학원, 농번기 일손 돕기로 지역 상생 나서",2026-05-08,0,3,https://farmer.rda.go.kr/portal/menu1/board_viw.do?menuId=PS03449&m_id=3_19&m_mod=23&bbsId=6&nttSn=768&num=0&pageIndex=3,,https://farmer.rda.go.kr/portal/menu6/board_lst1.do?m_id=3_19&m_mod=0&menuId=PS03449&pageIndex=3,html/058_PS03449_p3.html,농촌진흥청 농업인안전365
767,6,홍보,보도자료,보도자료,"국립농업과학원, 농번기 일손 돕기로 지역 상생 나서",2026-05-08,0,3,https://farmer.rda.go.kr/portal/menu1/board_viw.do?menuId=PS03449&m_id=3_19&m_mod=24&bbsId=6&nttSn=767&num=0&pageIndex=3,,https://farmer.rda.go.kr/portal/menu6/board_lst1.do?m_id=3_19&m_mod=0&menuId=PS03449&pageIndex=3,html/058_PS03449_p3.html,농촌진흥청 농업인안전365
766,6,홍보,홍보성과,농기계,"(새전북신문) 여성농업인단체 초청, ‘여성 친화형 농기계 개발’ 아이디어 들어",2026-05-08,0,3,https://farmer.rda.go.kr/portal/menu1/board_viw.do?menuId=PS03449&m_id=3_19&m_mod=25&bbsId=6&nttSn=766&num=0&pageIndex=3,,https://farmer.rda.go.kr/portal/menu6/board_lst1.do?m_id=3_19&m_mod=0&menuId=PS03449&pageIndex=3,html/058_PS03449_p3.html,농촌진흥청 농업인안전365
765,6,홍보,보도자료,농기계,"여성농업인단체 초청, ‘여성 친화형 농기계 개발’ 아이디어 듣는다",2026-05-08,0,3,https://farmer.rda.go.kr/portal/menu1/board_viw.do?menuId=PS03449&m_id=3_19&m_mod=26&bbsId=6&nttSn=765&num=0&pageIndex=3,,https://farmer.rda.go.kr/portal/menu6/board_lst1.do?m_id=3_19&m_mod=0&menuId=PS03449&pageIndex=3,html/058_PS03449_p3.html,농촌진흥청 농업인안전365
764,6,홍보,활동소식,활동소식,"농촌진흥청-소방청, 농업현장 안전 강화 협약 체결",2026-04-28,0,3,https://farmer.rda.go.kr/portal/menu1/board_viw.do?menuId=PS03449&m_id=3_19&m_mod=27&bbsId=6&nttSn=764&num=0&pageIndex=3,,https://farmer.rda.go.kr/portal/menu6/board_lst1.do?m_id=3_19&m_mod=0&menuId=PS03449&pageIndex=3,html/058_PS03449_p3.html,농촌진흥청 농업인안전365
763,6,홍보,보도자료,보도자료,"""농업일터, 안전예방 인프라 확대"" 농촌진흥청-소방청, 농업 현장 안전 체계 구축 강화 업무협약",2026-04-27,0,3,https://farmer.rda.go.kr/portal/menu1/board_viw.do?menuId=PS03449&m_id=3_19&m_mod=28&bbsId=6&nttSn=763&num=0&pageIndex=3,,https://farmer.rda.go.kr/portal/menu6/board_lst1.do?m_id=3_19&m_mod=0&menuId=PS03449&pageIndex=3,html/058_PS03449_p3.html,농촌진흥청 농업인안전365
762,6,홍보,홍보성과,홍보성과,"(뉴스1) 양봉현장 유기산 사용 증가…농진청, '꿀·맛·보·장' 안전사고 예방 캠페인",2026-04-23,0,3,https://farmer.rda.go.kr/portal/menu1/board_viw.do?menuId=PS03449&m_id=3_19&m_mod=29&bbsId=6&nttSn=762&num=0&pageIndex=3,,https://farmer.rda.go.kr/portal/menu6/board_lst1.do?m_id=3_19&m_mod=0&menuId=PS03449&pageIndex=3,html/058_PS03449_p3.html,농촌진흥청 농업인안전365
761,6,홍보,보도자료,감염·생물학적 위험,꿀벌응애 방제 '안전' 먼저 챙기는 '꿀.맛.보.장' 캠페인 시작,2026-04-23,0,3,https://farmer.rda.go.kr/portal/menu1/board_viw.do?menuId=PS03449&m_id=3_19&m_mod=30&bbsId=6&nttSn=761&num=0&pageIndex=3,,https://farmer.rda.go.kr/portal/menu6/board_lst1.do?m_id=3_19&m_mod=0&menuId=PS03449&pageIndex=3,html/058_PS03449_p3.html,농촌진흥청 농업인안전365
760,6,홍보,홍보성과,홍보성과,"(파이낸셜뉴스) 소방청·농진청 ""119 데이터로 농촌 재해 예방""",2026-04-21,0,4,https://farmer.rda.go.kr/portal/menu1/board_viw.do?menuId=PS03449&m_id=3_19&m_mod=31&bbsId=6&nttSn=760&num=0&pageIndex=4,,https://farmer.rda.go.kr/portal/menu6/board_lst1.do?m_id=3_19&m_mod=0&menuId=PS03449&pageIndex=4,html/059_PS03449_p4.html,농촌진흥청 농업인안전365
759,6,홍보,홍보성과,농약·화학물질,(뉴시스) 청소년 손상 사망자 중 53.9% '자해·자살'…중독도 증가,2026-03-31,0,4,https://farmer.rda.go.kr/portal/menu1/board_viw.do?menuId=PS03449&m_id=3_19&m_mod=32&bbsId=6&nttSn=759&num=0&pageIndex=4,,https://farmer.rda.go.kr/portal/menu6/board_lst1.do?m_id=3_19&m_mod=0&menuId=PS03449&pageIndex=4,html/059_PS03449_p4.html,농촌진흥청 농업인안전365
758,6,홍보,보도자료,추락·넘어짐,"손상 환자의 주요 특성, 교통사고 감소 및 추락·미끄러짐 증가 추세",2026-03-31,0,4,https://farmer.rda.go.kr/portal/menu1/board_viw.do?menuId=PS03449&m_id=3_19&m_mod=33&bbsId=6&nttSn=758&num=0&pageIndex=4,,https://farmer.rda.go.kr/portal/menu6/board_lst1.do?m_id=3_19&m_mod=0&menuId=PS03449&pageIndex=4,html/059_PS03449_p4.html,농촌진흥청 농업인안전365
757,6,홍보,홍보성과,홍보성과,(영농자재신문) ‘착용로봇’으로 농업인 안전 지키고 생산성 증대,2026-02-26,0,4,https://farmer.rda.go.kr/portal/menu1/board_viw.do?menuId=PS03449&m_id=3_19&m_mod=34&bbsId=6&nttSn=757&num=0&pageIndex=4,,https://farmer.rda.go.kr/portal/menu6/board_lst1.do?m_id=3_19&m_mod=0&menuId=PS03449&pageIndex=4,html/059_PS03449_p4.html,농촌진흥청 농업인안전365
756,6,홍보,뉴스모음집,뉴스모음집,(KBS대전)나무 베다가 잇따라 숨져…“쓰러질 방향 예측 어려워”,2026-02-24,0,4,https://farmer.rda.go.kr/portal/menu1/board_viw.do?menuId=PS03449&m_id=3_19&m_mod=35&bbsId=6&nttSn=756&num=0&pageIndex=4,,https://farmer.rda.go.kr/portal/menu6/board_lst1.do?m_id=3_19&m_mod=0&menuId=PS03449&pageIndex=4,html/059_PS03449_p4.html,농촌진흥청 농업인안전365
755,6,홍보,홍보성과,홍보성과,"(새전북신문) 농촌진흥청, 이달의 신간 안내 '2025 농작업 안전재해 주요통계집'",2026-02-23,0,4,https://farmer.rda.go.kr/portal/menu1/board_viw.do?menuId=PS03449&m_id=3_19&m_mod=36&bbsId=6&nttSn=755&num=0&pageIndex=4,,https://farmer.rda.go.kr/portal/menu6/board_lst1.do?m_id=3_19&m_mod=0&menuId=PS03449&pageIndex=4,html/059_PS03449_p4.html,농촌진흥청 농업인안전365
754,6,홍보,보도자료,보도자료,"농촌진흥청, 이달의 신간 - 「2025 농작업 안전재해 주요통계집」 발간",2026-02-23,0,4,https://farmer.rda.go.kr/portal/menu1/board_viw.do?menuId=PS03449&m_id=3_19&m_mod=37&bbsId=6&nttSn=754&num=0&pageIndex=4,,https://farmer.rda.go.kr/portal/menu6/board_lst1.do?m_id=3_19&m_mod=0&menuId=PS03449&pageIndex=4,html/059_PS03449_p4.html,농촌진흥청 농업인안전365
753,6,홍보,활동소식,농기계,'농업기계 사고신호-강원소방본부 119 출동연계' 시연회,2025-12-02,0,4,https://farmer.rda.go.kr/portal/menu1/board_viw.do?menuId=PS03449&m_id=3_19&m_mod=38&bbsId=6&nttSn=753&num=0&pageIndex=4,,https://farmer.rda.go.kr/portal/menu6/board_lst1.do?m_id=3_19&m_mod=0&menuId=PS03449&pageIndex=4,html/059_PS03449_p4.html,농촌진흥청 농업인안전365
752,6,홍보,홍보성과,농기계,(춘천MBC)농기계 사고나면 119에 자동 신고...,2025-11-18,0,4,https://farmer.rda.go.kr/portal/menu1/board_viw.do?menuId=PS03449&m_id=3_19&m_mod=39&bbsId=6&nttSn=752&num=0&pageIndex=4,,https://farmer.rda.go.kr/portal/menu6/board_lst1.do?m_id=3_19&m_mod=0&menuId=PS03449&pageIndex=4,html/059_PS03449_p4.html,농촌진흥청 농업인안전365
751,6,홍보,보도자료,농기계,“농기계사고 골든타임 사수!”IoT안전시스템-119 출동연계 시연,2025-11-18,0,4,https://farmer.rda.go.kr/portal/menu1/board_viw.do?menuId=PS03449&m_id=3_19&m_mod=40&bbsId=6&nttSn=751&num=0&pageIndex=4,,https://farmer.rda.go.kr/portal/menu6/board_lst1.do?m_id=3_19&m_mod=0&menuId=PS03449&pageIndex=4,html/059_PS03449_p4.html,농촌진흥청 농업인안전365
750,6,홍보,활동소식,농기계,농업기계 사고 대응 체계 구축 회의 개최,2025-10-21,0,5,https://farmer.rda.go.kr/portal/menu1/board_viw.do?menuId=PS03449&m_id=3_19&m_mod=41&bbsId=6&nttSn=750&num=0&pageIndex=5,,https://farmer.rda.go.kr/portal/menu6/board_lst1.do?m_id=3_19&m_mod=0&menuId=PS03449&pageIndex=5,html/060_PS03449_p5.html,농촌진흥청 농업인안전365
749,6,홍보,홍보성과,농기계,"(연합뉴스) 농기계 사고 감지되면 119 자동 신고…강원소방, 협력체계 논의",2025-10-21,0,5,https://farmer.rda.go.kr/portal/menu1/board_viw.do?menuId=PS03449&m_id=3_19&m_mod=42&bbsId=6&nttSn=749&num=0&pageIndex=5,,https://farmer.rda.go.kr/portal/menu6/board_lst1.do?m_id=3_19&m_mod=0&menuId=PS03449&pageIndex=5,html/060_PS03449_p5.html,농촌진흥청 농업인안전365
748,6,홍보,홍보성과,홍보성과,"(충남신문)천안시, 축제현장에서 “농업인 안전 홍보관” 첫 운영",2025-10-10,0,5,https://farmer.rda.go.kr/portal/menu1/board_viw.do?menuId=PS03449&m_id=3_19&m_mod=43&bbsId=6&nttSn=748&num=0&pageIndex=5,,https://farmer.rda.go.kr/portal/menu6/board_lst1.do?m_id=3_19&m_mod=0&menuId=PS03449&pageIndex=5,html/060_PS03449_p5.html,농촌진흥청 농업인안전365
747,6,홍보,뉴스모음집,농기계,(연합뉴스) 예초기 날에 다친 농촌 주민 숨져…경찰 수사,2025-09-15,0,5,https://farmer.rda.go.kr/portal/menu1/board_viw.do?menuId=PS03449&m_id=3_19&m_mod=44&bbsId=6&nttSn=747&num=0&pageIndex=5,,https://farmer.rda.go.kr/portal/menu6/board_lst1.do?m_id=3_19&m_mod=0&menuId=PS03449&pageIndex=5,html/060_PS03449_p5.html,농촌진흥청 농업인안전365
746,6,홍보,뉴스모음집,뉴스모음집,"(전주MBC) ""농촌지역 자살률 도시보다 높다"".. 이유는 '건강 악화'",2025-09-15,0,5,https://farmer.rda.go.kr/portal/menu1/board_viw.do?menuId=PS03449&m_id=3_19&m_mod=45&bbsId=6&nttSn=746&num=0&pageIndex=5,,https://farmer.rda.go.kr/portal/menu6/board_lst1.do?m_id=3_19&m_mod=0&menuId=PS03449&pageIndex=5,html/060_PS03449_p5.html,농촌진흥청 농업인안전365
745,6,홍보,뉴스모음집,뉴스모음집,(경향신문) 김포 농수로 빠진 70대 남성 숨진 채 발견,2025-09-15,0,5,https://farmer.rda.go.kr/portal/menu1/board_viw.do?menuId=PS03449&m_id=3_19&m_mod=46&bbsId=6&nttSn=745&num=0&pageIndex=5,,https://farmer.rda.go.kr/portal/menu6/board_lst1.do?m_id=3_19&m_mod=0&menuId=PS03449&pageIndex=5,html/060_PS03449_p5.html,농촌진흥청 농업인안전365
744,6,홍보,홍보성과,농기계,(농민신문) 추석 전 벌초할 때 예초기 사용 주의하세요,2025-09-15,0,5,https://farmer.rda.go.kr/portal/menu1/board_viw.do?menuId=PS03449&m_id=3_19&m_mod=47&bbsId=6&nttSn=744&num=0&pageIndex=5,,https://farmer.rda.go.kr/portal/menu6/board_lst1.do?m_id=3_19&m_mod=0&menuId=PS03449&pageIndex=5,html/060_PS03449_p5.html,농촌진흥청 농업인안전365
743,6,홍보,뉴스모음집,농기계,"(안전신문) 예초기 사고, ‘베이거나 찔림’이 절반… “안전장비 착용”",2025-09-15,0,5,https://farmer.rda.go.kr/portal/menu1/board_viw.do?menuId=PS03449&m_id=3_19&m_mod=48&bbsId=6&nttSn=743&num=0&pageIndex=5,,https://farmer.rda.go.kr/portal/menu6/board_lst1.do?m_id=3_19&m_mod=0&menuId=PS03449&pageIndex=5,html/060_PS03449_p5.html,농촌진흥청 농업인안전365
741,6,홍보,홍보성과,홍보성과,"(내일신문) 안전사고 늘어나는 농촌, 예방법 한자리에",2025-09-12,0,5,https://farmer.rda.go.kr/portal/menu1/board_viw.do?menuId=PS03449&m_id=3_19&m_mod=49&bbsId=6&nttSn=741&num=0&pageIndex=5,,https://farmer.rda.go.kr/portal/menu6/board_lst1.do?m_id=3_19&m_mod=0&menuId=PS03449&pageIndex=5,html/060_PS03449_p5.html,농촌진흥청 농업인안전365
740,6,홍보,뉴스모음집,농기계,(연합뉴스) 장성 감나무밭서 80대 농민 숨져…농기계 끼임사고 추정,2025-09-12,0,5,https://farmer.rda.go.kr/portal/menu1/board_viw.do?menuId=PS03449&m_id=3_19&m_mod=50&bbsId=6&nttSn=740&num=0&pageIndex=5,,https://farmer.rda.go.kr/portal/menu6/board_lst1.do?m_id=3_19&m_mod=0&menuId=PS03449&pageIndex=5,html/060_PS03449_p5.html,농촌진흥청 농업인안전365
739,6,홍보,뉴스모음집,농기계,(매일신문) 울릉도 60대 여성 예초기 사고…소방본부 헬기로 W병원 긴급 이송,2025-08-26,0,6,https://farmer.rda.go.kr/portal/menu1/board_viw.do?menuId=PS03449&m_id=3_19&m_mod=51&bbsId=6&nttSn=739&num=0&pageIndex=6,,https://farmer.rda.go.kr/portal/menu6/board_lst1.do?m_id=3_19&m_mod=0&menuId=PS03449&pageIndex=6,html/061_PS03449_p6.html,농촌진흥청 농업인안전365
738,6,홍보,뉴스모음집,뉴스모음집,(뉴시스) 김제 교차로서 승용차·오토바이 '쾅'…80대 오토바이 운전자 숨져,2025-08-26,0,6,https://farmer.rda.go.kr/portal/menu1/board_viw.do?menuId=PS03449&m_id=3_19&m_mod=52&bbsId=6&nttSn=738&num=0&pageIndex=6,,https://farmer.rda.go.kr/portal/menu6/board_lst1.do?m_id=3_19&m_mod=0&menuId=PS03449&pageIndex=6,html/061_PS03449_p6.html,농촌진흥청 농업인안전365
737,6,홍보,뉴스모음집,농기계,(문화일보) 늙어가는 농촌… 고령자 농기계 사망사고 급증,2025-08-20,0,6,https://farmer.rda.go.kr/portal/menu1/board_viw.do?menuId=PS03449&m_id=3_19&m_mod=53&bbsId=6&nttSn=737&num=0&pageIndex=6,,https://farmer.rda.go.kr/portal/menu6/board_lst1.do?m_id=3_19&m_mod=0&menuId=PS03449&pageIndex=6,html/061_PS03449_p6.html,농촌진흥청 농업인안전365
736,6,홍보,뉴스모음집,농기계,"(프레시안) 강진서 5일장 가던 80대, 자신의 경운기에 깔려 숨져",2025-08-20,0,6,https://farmer.rda.go.kr/portal/menu1/board_viw.do?menuId=PS03449&m_id=3_19&m_mod=54&bbsId=6&nttSn=736&num=0&pageIndex=6,,https://farmer.rda.go.kr/portal/menu6/board_lst1.do?m_id=3_19&m_mod=0&menuId=PS03449&pageIndex=6,html/061_PS03449_p6.html,농촌진흥청 농업인안전365
735,6,홍보,뉴스모음집,온열·한랭,"(연합뉴스TV) 올해 온열질환자 3,705명…지난해 전체 규모 넘어섰다",2025-08-20,0,6,https://farmer.rda.go.kr/portal/menu1/board_viw.do?menuId=PS03449&m_id=3_19&m_mod=55&bbsId=6&nttSn=735&num=0&pageIndex=6,,https://farmer.rda.go.kr/portal/menu6/board_lst1.do?m_id=3_19&m_mod=0&menuId=PS03449&pageIndex=6,html/061_PS03449_p6.html,농촌진흥청 농업인안전365
734,6,홍보,뉴스모음집,온열·한랭,(부산일보) 과수원에서 80대 숨진 채 발견…온열질환 여부 등 조사,2025-08-20,0,6,https://farmer.rda.go.kr/portal/menu1/board_viw.do?menuId=PS03449&m_id=3_19&m_mod=56&bbsId=6&nttSn=734&num=0&pageIndex=6,,https://farmer.rda.go.kr/portal/menu6/board_lst1.do?m_id=3_19&m_mod=0&menuId=PS03449&pageIndex=6,html/061_PS03449_p6.html,농촌진흥청 농업인안전365
733,6,홍보,뉴스모음집,온열·한랭,(KBS 광주) 50도까지 치솟는 비닐하우스…온열질환 사망률 ‘최고’,2025-08-08,0,6,https://farmer.rda.go.kr/portal/menu1/board_viw.do?menuId=PS03449&m_id=3_19&m_mod=57&bbsId=6&nttSn=733&num=0&pageIndex=6,,https://farmer.rda.go.kr/portal/menu6/board_lst1.do?m_id=3_19&m_mod=0&menuId=PS03449&pageIndex=6,html/061_PS03449_p6.html,농촌진흥청 농업인안전365
732,6,홍보,뉴스모음집,뉴스모음집,"(뉴시스) 오토바이 몰던 80대 男, 논산 농수로서 숨진 채 발견",2025-08-08,0,6,https://farmer.rda.go.kr/portal/menu1/board_viw.do?menuId=PS03449&m_id=3_19&m_mod=58&bbsId=6&nttSn=732&num=0&pageIndex=6,,https://farmer.rda.go.kr/portal/menu6/board_lst1.do?m_id=3_19&m_mod=0&menuId=PS03449&pageIndex=6,html/061_PS03449_p6.html,농촌진흥청 농업인안전365
731,6,홍보,뉴스모음집,온열·한랭,"(대구CBS) 함께 야산 오르던 사촌형제 1명 사망, 1명 탈진…온열질환 추정",2025-08-08,0,6,https://farmer.rda.go.kr/portal/menu1/board_viw.do?menuId=PS03449&m_id=3_19&m_mod=59&bbsId=6&nttSn=731&num=0&pageIndex=6,,https://farmer.rda.go.kr/portal/menu6/board_lst1.do?m_id=3_19&m_mod=0&menuId=PS03449&pageIndex=6,html/061_PS03449_p6.html,농촌진흥청 농업인안전365
730,6,홍보,뉴스모음집,뉴스모음집,"(뉴시스) ""밭에 간 남편 안 돌아와요"" 실종 60대 농로서 숨진 채 발견",2025-07-29,0,6,https://farmer.rda.go.kr/portal/menu1/board_viw.do?menuId=PS03449&m_id=3_19&m_mod=60&bbsId=6&nttSn=730&num=0&pageIndex=6,,https://farmer.rda.go.kr/portal/menu6/board_lst1.do?m_id=3_19&m_mod=0&menuId=PS03449&pageIndex=6,html/061_PS03449_p6.html,농촌진흥청 농업인안전365
729,6,홍보,뉴스모음집,온열·한랭,"(세계일보) ""폭염서 주민 지켜라""… 양구군, 스마트 그늘막∙무더위 쉼터 확대",2025-07-29,0,7,https://farmer.rda.go.kr/portal/menu1/board_viw.do?menuId=PS03449&m_id=3_19&m_mod=61&bbsId=6&nttSn=729&num=0&pageIndex=7,,https://farmer.rda.go.kr/portal/menu6/board_lst1.do?m_id=3_19&m_mod=0&menuId=PS03449&pageIndex=7,html/062_PS03449_p7.html,농촌진흥청 농업인안전365
728,6,홍보,뉴스모음집,뉴스모음집,"(SBS) ""발견 당시 39도"" 일하다 사망…100만 마리 폐사",2025-07-29,0,7,https://farmer.rda.go.kr/portal/menu1/board_viw.do?menuId=PS03449&m_id=3_19&m_mod=62&bbsId=6&nttSn=728&num=0&pageIndex=7,,https://farmer.rda.go.kr/portal/menu6/board_lst1.do?m_id=3_19&m_mod=0&menuId=PS03449&pageIndex=7,html/062_PS03449_p7.html,농촌진흥청 농업인안전365
727,6,홍보,농업인 안전365 캠페인,온열·한랭,"(축산신문) 농진청, “폭염 속 농업인 지킨다”…온열질환 예방 대책 강화",2025-07-18,0,7,https://farmer.rda.go.kr/portal/menu1/board_viw.do?menuId=PS03449&m_id=3_19&m_mod=63&bbsId=6&nttSn=727&num=0&pageIndex=7,,https://farmer.rda.go.kr/portal/menu6/board_lst1.do?m_id=3_19&m_mod=0&menuId=PS03449&pageIndex=7,html/062_PS03449_p7.html,농촌진흥청 농업인안전365
726,6,홍보,홍보성과,온열·한랭,"(전라일보)농진청 ""폭염 속 농업인 지킨다""··· 온열질환 예방 대책 강화 나서",2025-07-18,0,7,https://farmer.rda.go.kr/portal/menu1/board_viw.do?menuId=PS03449&m_id=3_19&m_mod=64&bbsId=6&nttSn=726&num=0&pageIndex=7,,https://farmer.rda.go.kr/portal/menu6/board_lst1.do?m_id=3_19&m_mod=0&menuId=PS03449&pageIndex=7,html/062_PS03449_p7.html,농촌진흥청 농업인안전365
725,6,홍보,홍보성과,온열·한랭,"(KTV국민방송)온열질환 예방 대책 강화 ""폭염 속 농업인 지킨다""",2025-07-18,0,7,https://farmer.rda.go.kr/portal/menu1/board_viw.do?menuId=PS03449&m_id=3_19&m_mod=65&bbsId=6&nttSn=725&num=0&pageIndex=7,,https://farmer.rda.go.kr/portal/menu6/board_lst1.do?m_id=3_19&m_mod=0&menuId=PS03449&pageIndex=7,html/062_PS03449_p7.html,농촌진흥청 농업인안전365
724,6,홍보,뉴스모음집,안전교육,"고흥군, 농작업안전보건 전문지도연구회 과제교육 협력",2025-07-16,0,7,https://farmer.rda.go.kr/portal/menu1/board_viw.do?menuId=PS03449&m_id=3_19&m_mod=66&bbsId=6&nttSn=724&num=0&pageIndex=7,,https://farmer.rda.go.kr/portal/menu6/board_lst1.do?m_id=3_19&m_mod=0&menuId=PS03449&pageIndex=7,html/062_PS03449_p7.html,농촌진흥청 농업인안전365
723,6,홍보,보도자료,온열·한랭,"폭염 속 농업인 지킨다! 농촌진흥청, 온열질환 예방 대책 강화",2025-07-16,0,7,https://farmer.rda.go.kr/portal/menu1/board_viw.do?menuId=PS03449&m_id=3_19&m_mod=67&bbsId=6&nttSn=723&num=0&pageIndex=7,,https://farmer.rda.go.kr/portal/menu6/board_lst1.do?m_id=3_19&m_mod=0&menuId=PS03449&pageIndex=7,html/062_PS03449_p7.html,농촌진흥청 농업인안전365
722,6,홍보,활동소식,활동소식,2025년 농작업안전보건 전문지도연구회 개최(전남 고흥군),2025-07-16,0,7,https://farmer.rda.go.kr/portal/menu1/board_viw.do?menuId=PS03449&m_id=3_19&m_mod=68&bbsId=6&nttSn=722&num=0&pageIndex=7,,https://farmer.rda.go.kr/portal/menu6/board_lst1.do?m_id=3_19&m_mod=0&menuId=PS03449&pageIndex=7,html/062_PS03449_p7.html,농촌진흥청 농업인안전365
721,6,홍보,홍보성과,홍보성과,"농작업 말리고, 냉각조끼 입고…피해 최소화 안간힘",2025-07-11,0,7,https://farmer.rda.go.kr/portal/menu1/board_viw.do?menuId=PS03449&m_id=3_19&m_mod=69&bbsId=6&nttSn=721&num=0&pageIndex=7,,https://farmer.rda.go.kr/portal/menu6/board_lst1.do?m_id=3_19&m_mod=0&menuId=PS03449&pageIndex=7,html/062_PS03449_p7.html,농촌진흥청 농업인안전365
720,6,홍보,홍보성과,홍보성과,"""에어컨 입고 작업해요"" 시설재배 농가 보급 '에어냉각조끼' 효과 톡톡",2025-07-11,0,7,https://farmer.rda.go.kr/portal/menu1/board_viw.do?menuId=PS03449&m_id=3_19&m_mod=70&bbsId=6&nttSn=720&num=0&pageIndex=7,,https://farmer.rda.go.kr/portal/menu6/board_lst1.do?m_id=3_19&m_mod=0&menuId=PS03449&pageIndex=7,html/062_PS03449_p7.html,농촌진흥청 농업인안전365
719,6,홍보,뉴스모음집,온열·한랭,(광주MBC) 온열질환자 매년 느는데.. 통계는 그대로?,2025-07-11,0,8,https://farmer.rda.go.kr/portal/menu1/board_viw.do?menuId=PS03449&m_id=3_19&m_mod=71&bbsId=6&nttSn=719&num=0&pageIndex=8,,https://farmer.rda.go.kr/portal/menu6/board_lst1.do?m_id=3_19&m_mod=0&menuId=PS03449&pageIndex=8,html/063_PS03449_p8.html,농촌진흥청 농업인안전365
718,6,홍보,뉴스모음집,농기계,"(이데일리) ""남편이 안 들어와""…경운기에 11시간 동안 깔려있던 80대 구조",2025-07-11,0,8,https://farmer.rda.go.kr/portal/menu1/board_viw.do?menuId=PS03449&m_id=3_19&m_mod=72&bbsId=6&nttSn=718&num=0&pageIndex=8,,https://farmer.rda.go.kr/portal/menu6/board_lst1.do?m_id=3_19&m_mod=0&menuId=PS03449&pageIndex=8,html/063_PS03449_p8.html,농촌진흥청 농업인안전365
717,6,홍보,뉴스모음집,추락·넘어짐,(중앙일보) 부부 타고 가던 전동스쿠터 농수로 추락…앞에 탄 부인만 숨졌다,2025-07-11,0,8,https://farmer.rda.go.kr/portal/menu1/board_viw.do?menuId=PS03449&m_id=3_19&m_mod=73&bbsId=6&nttSn=717&num=0&pageIndex=8,,https://farmer.rda.go.kr/portal/menu6/board_lst1.do?m_id=3_19&m_mod=0&menuId=PS03449&pageIndex=8,html/063_PS03449_p8.html,농촌진흥청 농업인안전365
716,6,홍보,뉴스모음집,온열·한랭,(JTBC)[밀착카메라] '나 홀로' 어르신들이 위험하다…'폭염 구급대' 사투의 현장,2025-07-11,0,8,https://farmer.rda.go.kr/portal/menu1/board_viw.do?menuId=PS03449&m_id=3_19&m_mod=74&bbsId=6&nttSn=716&num=0&pageIndex=8,,https://farmer.rda.go.kr/portal/menu6/board_lst1.do?m_id=3_19&m_mod=0&menuId=PS03449&pageIndex=8,html/063_PS03449_p8.html,농촌진흥청 농업인안전365
715,6,홍보,뉴스모음집,안전교육,(아시아경제) 현직 농촌지도사가 제작한 '농작업 안전 영상' 우수상,2025-06-27,0,8,https://farmer.rda.go.kr/portal/menu1/board_viw.do?menuId=PS03449&m_id=3_19&m_mod=75&bbsId=6&nttSn=715&num=0&pageIndex=8,,https://farmer.rda.go.kr/portal/menu6/board_lst1.do?m_id=3_19&m_mod=0&menuId=PS03449&pageIndex=8,html/063_PS03449_p8.html,농촌진흥청 농업인안전365
714,6,홍보,농업인 안전365 캠페인,감염·생물학적 위험,"농진청, ‘인수공통감염병’... 올바른 예방이 건강 지킨다!",2025-06-20,0,8,https://farmer.rda.go.kr/portal/menu1/board_viw.do?menuId=PS03449&m_id=3_19&m_mod=76&bbsId=6&nttSn=714&num=0&pageIndex=8,,https://farmer.rda.go.kr/portal/menu6/board_lst1.do?m_id=3_19&m_mod=0&menuId=PS03449&pageIndex=8,html/063_PS03449_p8.html,농촌진흥청 농업인안전365
713,6,홍보,보도자료,감염·생물학적 위험,"'인수공통감염병', 올바른 예방이 건강 지킨다!",2025-06-20,0,8,https://farmer.rda.go.kr/portal/menu1/board_viw.do?menuId=PS03449&m_id=3_19&m_mod=77&bbsId=6&nttSn=713&num=0&pageIndex=8,,https://farmer.rda.go.kr/portal/menu6/board_lst1.do?m_id=3_19&m_mod=0&menuId=PS03449&pageIndex=8,html/063_PS03449_p8.html,농촌진흥청 농업인안전365
712,6,홍보,뉴스모음집,추락·넘어짐,(전주MBC)일자리 사업 노인들 사망사고 잇따라.. 농수로 추락 80대 숨져,2025-06-09,0,8,https://farmer.rda.go.kr/portal/menu1/board_viw.do?menuId=PS03449&m_id=3_19&m_mod=78&bbsId=6&nttSn=712&num=0&pageIndex=8,,https://farmer.rda.go.kr/portal/menu6/board_lst1.do?m_id=3_19&m_mod=0&menuId=PS03449&pageIndex=8,html/063_PS03449_p8.html,농촌진흥청 농업인안전365
711,6,홍보,뉴스모음집,뉴스모음집,"(SBS)창문 없이 '화르륵', 대학생 참변…전국에 늘어난다",2025-05-27,0,8,https://farmer.rda.go.kr/portal/menu1/board_viw.do?menuId=PS03449&m_id=3_19&m_mod=79&bbsId=6&nttSn=711&num=0&pageIndex=8,,https://farmer.rda.go.kr/portal/menu6/board_lst1.do?m_id=3_19&m_mod=0&menuId=PS03449&pageIndex=8,html/063_PS03449_p8.html,농촌진흥청 농업인안전365
710,6,홍보,보도자료,보도자료,"농촌진흥청, 이달의 신간 - 「2024 농작업환경 위험성평가 안내서」 발간",2025-05-27,0,8,https://farmer.rda.go.kr/portal/menu1/board_viw.do?menuId=PS03449&m_id=3_19&m_mod=80&bbsId=6&nttSn=710&num=0&pageIndex=8,,https://farmer.rda.go.kr/portal/menu6/board_lst1.do?m_id=3_19&m_mod=0&menuId=PS03449&pageIndex=8,html/063_PS03449_p8.html,농촌진흥청 농업인안전365
709,6,홍보,홍보성과,홍보성과,"농진청, '위험성평가 안내서' 신간 발간",2025-05-27,0,9,https://farmer.rda.go.kr/portal/menu1/board_viw.do?menuId=PS03449&m_id=3_19&m_mod=81&bbsId=6&nttSn=709&num=0&pageIndex=9,,https://farmer.rda.go.kr/portal/menu6/board_lst1.do?m_id=3_19&m_mod=0&menuId=PS03449&pageIndex=9,html/064_PS03449_p9.html,농촌진흥청 농업인안전365
708,6,홍보,뉴스모음집,온열·한랭,(농민신문)벌써 온열질환자 발생…“물 자주 마시고 낮엔 야외작업 자제”,2025-05-21,0,9,https://farmer.rda.go.kr/portal/menu1/board_viw.do?menuId=PS03449&m_id=3_19&m_mod=82&bbsId=6&nttSn=708&num=0&pageIndex=9,,https://farmer.rda.go.kr/portal/menu6/board_lst1.do?m_id=3_19&m_mod=0&menuId=PS03449&pageIndex=9,html/064_PS03449_p9.html,농촌진흥청 농업인안전365
707,6,홍보,뉴스모음집,뉴스모음집,(돼지와사람) 월요일 오후 천안·합천 양돈장서 연달아 화재....1명 사망,2025-05-20,0,9,https://farmer.rda.go.kr/portal/menu1/board_viw.do?menuId=PS03449&m_id=3_19&m_mod=83&bbsId=6&nttSn=707&num=0&pageIndex=9,,https://farmer.rda.go.kr/portal/menu6/board_lst1.do?m_id=3_19&m_mod=0&menuId=PS03449&pageIndex=9,html/064_PS03449_p9.html,농촌진흥청 농업인안전365
706,6,홍보,뉴스모음집,뉴스모음집,(전주MBC) 돈사 분뇨 탱크 빠진 외국인 노동자 2명 중·경상,2025-05-14,0,9,https://farmer.rda.go.kr/portal/menu1/board_viw.do?menuId=PS03449&m_id=3_19&m_mod=84&bbsId=6&nttSn=706&num=0&pageIndex=9,,https://farmer.rda.go.kr/portal/menu6/board_lst1.do?m_id=3_19&m_mod=0&menuId=PS03449&pageIndex=9,html/064_PS03449_p9.html,농촌진흥청 농업인안전365
705,6,홍보,뉴스모음집,뉴스모음집,(전주MBC)돼지 농장에서 불.. 퇴비 처리 시설 모두 타 수억 원 피해,2025-05-14,0,9,https://farmer.rda.go.kr/portal/menu1/board_viw.do?menuId=PS03449&m_id=3_19&m_mod=85&bbsId=6&nttSn=705&num=0&pageIndex=9,,https://farmer.rda.go.kr/portal/menu6/board_lst1.do?m_id=3_19&m_mod=0&menuId=PS03449&pageIndex=9,html/064_PS03449_p9.html,농촌진흥청 농업인안전365
704,6,홍보,활동소식,농기계,「호남권 교통안전 협의회」 참석 및 IoT 농업기계 사고예방 기술 소개 발표 결과보고,2025-05-08,0,9,https://farmer.rda.go.kr/portal/menu1/board_viw.do?menuId=PS03449&m_id=3_19&m_mod=86&bbsId=6&nttSn=704&num=0&pageIndex=9,,https://farmer.rda.go.kr/portal/menu6/board_lst1.do?m_id=3_19&m_mod=0&menuId=PS03449&pageIndex=9,html/064_PS03449_p9.html,농촌진흥청 농업인안전365
703,6,홍보,뉴스모음집,뉴스모음집,(키즈맘)고사리 따다 옮았다...올해 첫 환자 나온 '이 질환' 주의,2025-05-07,0,9,https://farmer.rda.go.kr/portal/menu1/board_viw.do?menuId=PS03449&m_id=3_19&m_mod=87&bbsId=6&nttSn=703&num=0&pageIndex=9,,https://farmer.rda.go.kr/portal/menu6/board_lst1.do?m_id=3_19&m_mod=0&menuId=PS03449&pageIndex=9,html/064_PS03449_p9.html,농촌진흥청 농업인안전365
702,6,홍보,뉴스모음집,뉴스모음집,(농민신문) 올해 제주 첫 SFTS 환자 발생,2025-04-30,0,9,https://farmer.rda.go.kr/portal/menu1/board_viw.do?menuId=PS03449&m_id=3_19&m_mod=88&bbsId=6&nttSn=702&num=0&pageIndex=9,,https://farmer.rda.go.kr/portal/menu6/board_lst1.do?m_id=3_19&m_mod=0&menuId=PS03449&pageIndex=9,html/064_PS03449_p9.html,농촌진흥청 농업인안전365
701,6,홍보,보도자료,보도자료,"농촌진흥청, 이달의 신간 - 「농업인과 비농업인의 질병 유병률 비교」",2025-04-30,0,9,https://farmer.rda.go.kr/portal/menu1/board_viw.do?menuId=PS03449&m_id=3_19&m_mod=89&bbsId=6&nttSn=701&num=0&pageIndex=9,,https://farmer.rda.go.kr/portal/menu6/board_lst1.do?m_id=3_19&m_mod=0&menuId=PS03449&pageIndex=9,html/064_PS03449_p9.html,농촌진흥청 농업인안전365
700,6,홍보,홍보성과,홍보성과,"농촌진흥청, 이달의 신간 - 「농업인과 비농업인의 질병 유병률 비교」",2025-04-30,0,9,https://farmer.rda.go.kr/portal/menu1/board_viw.do?menuId=PS03449&m_id=3_19&m_mod=90&bbsId=6&nttSn=700&num=0&pageIndex=9,,https://farmer.rda.go.kr/portal/menu6/board_lst1.do?m_id=3_19&m_mod=0&menuId=PS03449&pageIndex=9,html/064_PS03449_p9.html,농촌진흥청 농업인안전365
699,6,홍보,보도자료,근골격계,"‘여성 ‧고령 농업인’ 유병률 높고, ‘근골격계질환’ 많아",2025-04-16,0,10,https://farmer.rda.go.kr/portal/menu1/board_viw.do?menuId=PS03449&m_id=3_19&m_mod=91&bbsId=6&nttSn=699&num=0&pageIndex=10,,https://farmer.rda.go.kr/portal/menu6/board_lst1.do?m_id=3_19&m_mod=0&menuId=PS03449&pageIndex=10,html/065_PS03449_p10.html,농촌진흥청 농업인안전365
698,6,홍보,홍보성과,근골격계,"‘여성 ‧고령 농업인’ 유병률 높고, ‘근골격계질환’ 많아",2025-04-16,0,10,https://farmer.rda.go.kr/portal/menu1/board_viw.do?menuId=PS03449&m_id=3_19&m_mod=92&bbsId=6&nttSn=698&num=0&pageIndex=10,,https://farmer.rda.go.kr/portal/menu6/board_lst1.do?m_id=3_19&m_mod=0&menuId=PS03449&pageIndex=10,html/065_PS03449_p10.html,농촌진흥청 농업인안전365
697,6,홍보,뉴스모음집,뉴스모음집,"(뉴스1)""남편이 사라졌어요""…경찰, 자기 차량에 깔려 숨진 60대 발견",2025-03-19,0,10,https://farmer.rda.go.kr/portal/menu1/board_viw.do?menuId=PS03449&m_id=3_19&m_mod=93&bbsId=6&nttSn=697&num=0&pageIndex=10,,https://farmer.rda.go.kr/portal/menu6/board_lst1.do?m_id=3_19&m_mod=0&menuId=PS03449&pageIndex=10,html/065_PS03449_p10.html,농촌진흥청 농업인안전365
696,6,홍보,뉴스모음집,뉴스모음집,(뉴시스)혼자 사료 나르다 스키드로더에 깔린 70대…장흥 축사서 참변,2025-03-19,0,10,https://farmer.rda.go.kr/portal/menu1/board_viw.do?menuId=PS03449&m_id=3_19&m_mod=94&bbsId=6&nttSn=696&num=0&pageIndex=10,,https://farmer.rda.go.kr/portal/menu6/board_lst1.do?m_id=3_19&m_mod=0&menuId=PS03449&pageIndex=10,html/065_PS03449_p10.html,농촌진흥청 농업인안전365
695,6,홍보,뉴스모음집,온열·한랭,"(더팩트) 금세기 말 폭염 5~9월 지속 가능성…기상청, 첫 폭염백서 발간",2025-03-05,0,10,https://farmer.rda.go.kr/portal/menu1/board_viw.do?menuId=PS03449&m_id=3_19&m_mod=95&bbsId=6&nttSn=695&num=0&pageIndex=10,,https://farmer.rda.go.kr/portal/menu6/board_lst1.do?m_id=3_19&m_mod=0&menuId=PS03449&pageIndex=10,html/065_PS03449_p10.html,농촌진흥청 농업인안전365
694,6,홍보,뉴스모음집,뉴스모음집,"(헤럴드경제) 고령군, 외국인계절근로자 75명 올해 첫 입국",2025-03-05,0,10,https://farmer.rda.go.kr/portal/menu1/board_viw.do?menuId=PS03449&m_id=3_19&m_mod=96&bbsId=6&nttSn=694&num=0&pageIndex=10,,https://farmer.rda.go.kr/portal/menu6/board_lst1.do?m_id=3_19&m_mod=0&menuId=PS03449&pageIndex=10,html/065_PS03449_p10.html,농촌진흥청 농업인안전365
693,6,홍보,뉴스모음집,뉴스모음집,(연합뉴스) 장수 한 축사에서 지붕 교체하던 50대 떨어져 숨져,2025-03-05,0,10,https://farmer.rda.go.kr/portal/menu1/board_viw.do?menuId=PS03449&m_id=3_19&m_mod=97&bbsId=6&nttSn=693&num=0&pageIndex=10,,https://farmer.rda.go.kr/portal/menu6/board_lst1.do?m_id=3_19&m_mod=0&menuId=PS03449&pageIndex=10,html/065_PS03449_p10.html,농촌진흥청 농업인안전365
692,6,홍보,뉴스모음집,온열·한랭,"(세이프티퍼스트닷뉴스) '온열질환 예방가이드' 권고 → 의무로 ,, 6월부터 온열질환 예방 위한 사업주 의무 법제화",2025-02-05,0,10,https://farmer.rda.go.kr/portal/menu1/board_viw.do?menuId=PS03449&m_id=3_19&m_mod=98&bbsId=6&nttSn=692&num=0&pageIndex=10,,https://farmer.rda.go.kr/portal/menu6/board_lst1.do?m_id=3_19&m_mod=0&menuId=PS03449&pageIndex=10,html/065_PS03449_p10.html,농촌진흥청 농업인안전365
691,6,홍보,농업인 안전365 캠페인,안전교육,"(농기자재신문) 농작업장 안전진단·조치 방법, 영상으로 쉽게 알려드려요!",2025-01-23,0,10,https://farmer.rda.go.kr/portal/menu1/board_viw.do?menuId=PS03449&m_id=3_19&m_mod=99&bbsId=6&nttSn=691&num=0&pageIndex=10,,https://farmer.rda.go.kr/portal/menu6/board_lst1.do?m_id=3_19&m_mod=0&menuId=PS03449&pageIndex=10,html/065_PS03449_p10.html,농촌진흥청 농업인안전365
690,6,홍보,농업인 안전365 캠페인,안전교육,(25년 1월) 농작업장 위험요인 자가점검 조치방법 영상으로 쉽게 알려드려요,2025-01-23,0,10,https://farmer.rda.go.kr/portal/menu1/board_viw.do?menuId=PS03449&m_id=3_19&m_mod=100&bbsId=6&nttSn=690&num=0&pageIndex=10,,https://farmer.rda.go.kr/portal/menu6/board_lst1.do?m_id=3_19&m_mod=0&menuId=PS03449&pageIndex=10,html/065_PS03449_p10.html,농촌진흥청 농업인안전365
689,6,홍보,뉴스모음집,뉴스모음집,"(뉴스1) ""디지털 안전 모델 확산""…AI 기반 안전 서비스 지원",2025-01-03,0,11,https://farmer.rda.go.kr/portal/menu1/board_viw.do?menuId=PS03449&m_id=3_19&m_mod=101&bbsId=6&nttSn=689&num=0&pageIndex=11,,https://farmer.rda.go.kr/portal/menu6/board_lst1.do?m_id=3_19&m_mod=0&menuId=PS03449&pageIndex=11,html/066_PS03449_p11.html,농촌진흥청 농업인안전365
688,6,홍보,뉴스모음집,뉴스모음집,"(JIBS) “10월의 기적” 베트남 MZ들은 어떻게 얼어붙은 농가에 생기를 불어넣을까?.. “제주, 겨울 밭 일구러 왔어요”",2025-01-03,0,11,https://farmer.rda.go.kr/portal/menu1/board_viw.do?menuId=PS03449&m_id=3_19&m_mod=102&bbsId=6&nttSn=688&num=0&pageIndex=11,,https://farmer.rda.go.kr/portal/menu6/board_lst1.do?m_id=3_19&m_mod=0&menuId=PS03449&pageIndex=11,html/066_PS03449_p11.html,농촌진흥청 농업인안전365
687,6,홍보,뉴스모음집,뉴스모음집,(매일경제) “의성 마늘농장선 80대가 12시간 밭일 합니다”…일손 소멸 이정도라니,2025-01-03,0,11,https://farmer.rda.go.kr/portal/menu1/board_viw.do?menuId=PS03449&m_id=3_19&m_mod=103&bbsId=6&nttSn=687&num=0&pageIndex=11,,https://farmer.rda.go.kr/portal/menu6/board_lst1.do?m_id=3_19&m_mod=0&menuId=PS03449&pageIndex=11,html/066_PS03449_p11.html,농촌진흥청 농업인안전365
686,6,홍보,뉴스모음집,뉴스모음집,(SBS뉴스) 가스난로 켜고 자다가…비닐하우스서 외국인 노동자 참변,2025-01-03,0,11,https://farmer.rda.go.kr/portal/menu1/board_viw.do?menuId=PS03449&m_id=3_19&m_mod=104&bbsId=6&nttSn=686&num=0&pageIndex=11,,https://farmer.rda.go.kr/portal/menu6/board_lst1.do?m_id=3_19&m_mod=0&menuId=PS03449&pageIndex=11,html/066_PS03449_p11.html,농촌진흥청 농업인안전365
685,6,홍보,뉴스모음집,뉴스모음집,(오마이뉴스) 축사 사료배합기에 신체 끼어 사망,2025-01-03,0,11,https://farmer.rda.go.kr/portal/menu1/board_viw.do?menuId=PS03449&m_id=3_19&m_mod=105&bbsId=6&nttSn=685&num=0&pageIndex=11,,https://farmer.rda.go.kr/portal/menu6/board_lst1.do?m_id=3_19&m_mod=0&menuId=PS03449&pageIndex=11,html/066_PS03449_p11.html,농촌진흥청 농업인안전365
684,6,홍보,뉴스모음집,농기계,(한국경제) 추석 맞아 고향서 농사일 돕던 20대 여성…농기계 깔려 숨져,2025-01-03,0,11,https://farmer.rda.go.kr/portal/menu1/board_viw.do?menuId=PS03449&m_id=3_19&m_mod=106&bbsId=6&nttSn=684&num=0&pageIndex=11,,https://farmer.rda.go.kr/portal/menu6/board_lst1.do?m_id=3_19&m_mod=0&menuId=PS03449&pageIndex=11,html/066_PS03449_p11.html,농촌진흥청 농업인안전365
683,6,홍보,홍보성과,농기계,"농진청 ""겨울철 농기계 관리, 영농철에 성능 좌우""",2024-12-02,0,11,https://farmer.rda.go.kr/portal/menu1/board_viw.do?menuId=PS03449&m_id=3_19&m_mod=107&bbsId=6&nttSn=683&num=0&pageIndex=11,,https://farmer.rda.go.kr/portal/menu6/board_lst1.do?m_id=3_19&m_mod=0&menuId=PS03449&pageIndex=11,html/066_PS03449_p11.html,농촌진흥청 농업인안전365
682,6,홍보,보도자료,농기계,"겨울철 농기계 관리, 영농철 농기계 성능 좌우",2024-12-02,0,11,https://farmer.rda.go.kr/portal/menu1/board_viw.do?menuId=PS03449&m_id=3_19&m_mod=108&bbsId=6&nttSn=682&num=0&pageIndex=11,,https://farmer.rda.go.kr/portal/menu6/board_lst1.do?m_id=3_19&m_mod=0&menuId=PS03449&pageIndex=11,html/066_PS03449_p11.html,농촌진흥청 농업인안전365
681,6,홍보,보도자료,보도자료,"농촌진흥청, 이달의 신간 - 알기 쉬운 농업인의 업무상 손상 발간",2024-11-19,0,11,https://farmer.rda.go.kr/portal/menu1/board_viw.do?menuId=PS03449&m_id=3_19&m_mod=109&bbsId=6&nttSn=681&num=0&pageIndex=11,,https://farmer.rda.go.kr/portal/menu6/board_lst1.do?m_id=3_19&m_mod=0&menuId=PS03449&pageIndex=11,html/066_PS03449_p11.html,농촌진흥청 농업인안전365
680,6,홍보,홍보성과,농기계,“수확철 농기계 사고 주의 철저 당부”,2024-11-15,0,11,https://farmer.rda.go.kr/portal/menu1/board_viw.do?menuId=PS03449&m_id=3_19&m_mod=110&bbsId=6&nttSn=680&num=0&pageIndex=11,,https://farmer.rda.go.kr/portal/menu6/board_lst1.do?m_id=3_19&m_mod=0&menuId=PS03449&pageIndex=11,html/066_PS03449_p11.html,농촌진흥청 농업인안전365
622,6,홍보,활동소식,활동소식,농업인 건강연구회 뉴스레터 2010년 8호,2011-01-19,0,79,https://farmer.rda.go.kr/portal/menu1/board_viw.do?menuId=PS03449&m_id=3_19&m_mod=781&bbsId=6&nttSn=622&num=0&pageIndex=79,,https://farmer.rda.go.kr/portal/menu6/board_lst1.do?m_id=3_19&m_mod=0&menuId=PS03449&pageIndex=79,html/067_PS03449_p79.html,농촌진흥청 농업인안전365
623,6,홍보,활동소식,활동소식,농업인 건강연구회 뉴스레터 2010년 7호,2011-01-19,0,79,https://farmer.rda.go.kr/portal/menu1/board_viw.do?menuId=PS03449&m_id=3_19&m_mod=782&bbsId=6&nttSn=623&num=0&pageIndex=79,,https://farmer.rda.go.kr/portal/menu6/board_lst1.do?m_id=3_19&m_mod=0&menuId=PS03449&pageIndex=79,html/067_PS03449_p79.html,농촌진흥청 농업인안전365
624,6,홍보,활동소식,활동소식,농업인 건강연구회 뉴스레터 2010년 6호,2011-01-19,0,79,https://farmer.rda.go.kr/portal/menu1/board_viw.do?menuId=PS03449&m_id=3_19&m_mod=783&bbsId=6&nttSn=624&num=0&pageIndex=79,,https://farmer.rda.go.kr/portal/menu6/board_lst1.do?m_id=3_19&m_mod=0&menuId=PS03449&pageIndex=79,html/067_PS03449_p79.html,농촌진흥청 농업인안전365
625,6,홍보,활동소식,활동소식,농업인 건강연구회 뉴스레터 2010년 5호,2011-01-19,0,79,https://farmer.rda.go.kr/portal/menu1/board_viw.do?menuId=PS03449&m_id=3_19&m_mod=784&bbsId=6&nttSn=625&num=0&pageIndex=79,,https://farmer.rda.go.kr/portal/menu6/board_lst1.do?m_id=3_19&m_mod=0&menuId=PS03449&pageIndex=79,html/067_PS03449_p79.html,농촌진흥청 농업인안전365
626,6,홍보,활동소식,활동소식,농업인 건강연구회 뉴스레터 2010년 4호,2011-01-19,0,79,https://farmer.rda.go.kr/portal/menu1/board_viw.do?menuId=PS03449&m_id=3_19&m_mod=785&bbsId=6&nttSn=626&num=0&pageIndex=79,,https://farmer.rda.go.kr/portal/menu6/board_lst1.do?m_id=3_19&m_mod=0&menuId=PS03449&pageIndex=79,html/067_PS03449_p79.html,농촌진흥청 농업인안전365
627,6,홍보,활동소식,활동소식,농업인 건강연구회 뉴스레터 2010년 3호,2011-01-19,0,79,https://farmer.rda.go.kr/portal/menu1/board_viw.do?menuId=PS03449&m_id=3_19&m_mod=786&bbsId=6&nttSn=627&num=0&pageIndex=79,,https://farmer.rda.go.kr/portal/menu6/board_lst1.do?m_id=3_19&m_mod=0&menuId=PS03449&pageIndex=79,html/067_PS03449_p79.html,농촌진흥청 농업인안전365
628,6,홍보,활동소식,활동소식,농업인 건강연구회 뉴스레터 2010년 2호,2011-01-19,0,79,https://farmer.rda.go.kr/portal/menu1/board_viw.do?menuId=PS03449&m_id=3_19&m_mod=787&bbsId=6&nttSn=628&num=0&pageIndex=79,,https://farmer.rda.go.kr/portal/menu6/board_lst1.do?m_id=3_19&m_mod=0&menuId=PS03449&pageIndex=79,html/067_PS03449_p79.html,농촌진흥청 농업인안전365
629,6,홍보,활동소식,활동소식,농업인 건강연구회 뉴스레터 2010년 1호,2011-01-19,0,79,https://farmer.rda.go.kr/portal/menu1/board_viw.do?menuId=PS03449&m_id=3_19&m_mod=788&bbsId=6&nttSn=629&num=0&pageIndex=79,,https://farmer.rda.go.kr/portal/menu6/board_lst1.do?m_id=3_19&m_mod=0&menuId=PS03449&pageIndex=79,html/067_PS03449_p79.html,농촌진흥청 농업인안전365
220,8,자료실,발표자료,근골격계,농작업 하지 자세 위험수준에 대한 인간공학적 평가도구 개발,2015-02-05,111,226,https://farmer.rda.go.kr/portal/menu1/board_viw.do?menuId=PS03447&m_id=9004_9052&m_mod=0&bbsId=8&nttSn=220&num=111&pageIndex=12,https://farmer.rda.go.kr/portal/contentsFileDownload.do?atchFileGroupCd=A0001560&fileSn=1,https://farmer.rda.go.kr/portal/menu1/board_lst.do?m_id=9004_9052&m_mod=0&menuId=PS03447&pageIndex=12,html/068_PS03447_p12.html,농촌진흥청 농업인안전365
250,8,자료실,발표자료,발표자료,작업관련 사고와 질병 실태,2015-02-05,112,226,https://farmer.rda.go.kr/portal/menu1/board_viw.do?menuId=PS03447&m_id=9004_9052&m_mod=0&bbsId=8&nttSn=250&num=112&pageIndex=12,https://farmer.rda.go.kr/portal/contentsFileDownload.do?atchFileGroupCd=A0001590&fileSn=1,https://farmer.rda.go.kr/portal/menu1/board_lst.do?m_id=9004_9052&m_mod=0&menuId=PS03447&pageIndex=12,html/068_PS03447_p12.html,농촌진흥청 농업인안전365
194,8,자료실,발표자료,발표자료,고령자와 유니버설 디자인,2015-02-05,113,226,https://farmer.rda.go.kr/portal/menu1/board_viw.do?menuId=PS03447&m_id=9004_9052&m_mod=0&bbsId=8&nttSn=194&num=113&pageIndex=12,https://farmer.rda.go.kr/portal/contentsFileDownload.do?atchFileGroupCd=A0001534&fileSn=1,https://farmer.rda.go.kr/portal/menu1/board_lst.do?m_id=9004_9052&m_mod=0&menuId=PS03447&pageIndex=12,html/068_PS03447_p12.html,농촌진흥청 농업인안전365
211,8,자료실,발표자료,발표자료,농업인 자살통계-직업분류에 따른 비교,2015-02-05,114,226,https://farmer.rda.go.kr/portal/menu1/board_viw.do?menuId=PS03447&m_id=9004_9052&m_mod=0&bbsId=8&nttSn=211&num=114&pageIndex=12,https://farmer.rda.go.kr/portal/contentsFileDownload.do?atchFileGroupCd=A0001551&fileSn=1,https://farmer.rda.go.kr/portal/menu1/board_lst.do?m_id=9004_9052&m_mod=0&menuId=PS03447&pageIndex=12,html/068_PS03447_p12.html,농촌진흥청 농업인안전365
221,8,자료실,발표자료,발표자료,농작업을 디자인하다,2015-02-05,115,226,https://farmer.rda.go.kr/portal/menu1/board_viw.do?menuId=PS03447&m_id=9004_9052&m_mod=0&bbsId=8&nttSn=221&num=115&pageIndex=12,https://farmer.rda.go.kr/portal/contentsFileDownload.do?atchFileGroupCd=A0001561&fileSn=1,https://farmer.rda.go.kr/portal/menu1/board_lst.do?m_id=9004_9052&m_mod=0&menuId=PS03447&pageIndex=12,html/068_PS03447_p12.html,농촌진흥청 농업인안전365
223,8,자료실,발표자료,발표자료,농촌고령자와 Accessible Design,2015-02-05,116,226,https://farmer.rda.go.kr/portal/menu1/board_viw.do?menuId=PS03447&m_id=9004_9052&m_mod=0&bbsId=8&nttSn=223&num=116&pageIndex=12,https://farmer.rda.go.kr/portal/contentsFileDownload.do?atchFileGroupCd=A0001563&fileSn=1,https://farmer.rda.go.kr/portal/menu1/board_lst.do?m_id=9004_9052&m_mod=0&menuId=PS03447&pageIndex=12,html/068_PS03447_p12.html,농촌진흥청 농업인안전365
229,8,자료실,발표자료,발표자료,미국 농업안전보건센터,2015-02-05,117,226,https://farmer.rda.go.kr/portal/menu1/board_viw.do?menuId=PS03447&m_id=9004_9052&m_mod=0&bbsId=8&nttSn=229&num=117&pageIndex=12,https://farmer.rda.go.kr/portal/contentsFileDownload.do?atchFileGroupCd=A0001569&fileSn=1,https://farmer.rda.go.kr/portal/menu1/board_lst.do?m_id=9004_9052&m_mod=0&menuId=PS03447&pageIndex=12,html/068_PS03447_p12.html,농촌진흥청 농업인안전365
241,8,자료실,발표자료,발표자료,유럽 농업인 재해보장제도 고찰,2015-02-05,118,226,https://farmer.rda.go.kr/portal/menu1/board_viw.do?menuId=PS03447&m_id=9004_9052&m_mod=0&bbsId=8&nttSn=241&num=118&pageIndex=12,https://farmer.rda.go.kr/portal/contentsFileDownload.do?atchFileGroupCd=A0001581&fileSn=1,https://farmer.rda.go.kr/portal/menu1/board_lst.do?m_id=9004_9052&m_mod=0&menuId=PS03447&pageIndex=12,html/068_PS03447_p12.html,농촌진흥청 농업인안전365
244,8,자료실,발표자료,농기계,인간공학과 농업기계설계기술 융합,2015-02-05,119,226,https://farmer.rda.go.kr/portal/menu1/board_viw.do?menuId=PS03447&m_id=9004_9052&m_mod=0&bbsId=8&nttSn=244&num=119&pageIndex=12,https://farmer.rda.go.kr/portal/contentsFileDownload.do?atchFileGroupCd=A0001584&fileSn=1,https://farmer.rda.go.kr/portal/menu1/board_lst.do?m_id=9004_9052&m_mod=0&menuId=PS03447&pageIndex=12,html/068_PS03447_p12.html,농촌진흥청 농업인안전365
249,8,자료실,발표자료,발표자료,일부 한국 농업인의 방사선학적 요추 편팡화와 관련 요인,2015-02-05,120,226,https://farmer.rda.go.kr/portal/menu1/board_viw.do?menuId=PS03447&m_id=9004_9052&m_mod=0&bbsId=8&nttSn=249&num=120&pageIndex=12,https://farmer.rda.go.kr/portal/contentsFileDownload.do?atchFileGroupCd=A0001589&fileSn=1,https://farmer.rda.go.kr/portal/menu1/board_lst.do?m_id=9004_9052&m_mod=0&menuId=PS03447&pageIndex=12,html/068_PS03447_p12.html,농촌진흥청 농업인안전365
227,8,자료실,발표자료,응급대응,로직트리 분석을 통한 사고사례 원인분석 방법,2015-02-05,121,226,https://farmer.rda.go.kr/portal/menu1/board_viw.do?menuId=PS03447&m_id=9004_9052&m_mod=0&bbsId=8&nttSn=227&num=121&pageIndex=13,https://farmer.rda.go.kr/portal/contentsFileDownload.do?atchFileGroupCd=A0001567&fileSn=1,https://farmer.rda.go.kr/portal/menu1/board_lst.do?m_id=9004_9052&m_mod=0&menuId=PS03447&pageIndex=13,html/069_PS03447_p13.html,농촌진흥청 농업인안전365
243,8,자료실,발표자료,발표자료,인간공학 분야의 접근성 설계관련 국제표준화 활동 동향,2015-02-05,122,226,https://farmer.rda.go.kr/portal/menu1/board_viw.do?menuId=PS03447&m_id=9004_9052&m_mod=0&bbsId=8&nttSn=243&num=122&pageIndex=13,https://farmer.rda.go.kr/portal/contentsFileDownload.do?atchFileGroupCd=A0001583&fileSn=1,https://farmer.rda.go.kr/portal/menu1/board_lst.do?m_id=9004_9052&m_mod=0&menuId=PS03447&pageIndex=13,html/069_PS03447_p13.html,농촌진흥청 농업인안전365
196,8,자료실,발표자료,발표자료,근로자건강실태를 통한 농업인 손상,2015-02-05,123,226,https://farmer.rda.go.kr/portal/menu1/board_viw.do?menuId=PS03447&m_id=9004_9052&m_mod=0&bbsId=8&nttSn=196&num=123&pageIndex=13,https://farmer.rda.go.kr/portal/contentsFileDownload.do?atchFileGroupCd=A0001536&fileSn=1,https://farmer.rda.go.kr/portal/menu1/board_lst.do?m_id=9004_9052&m_mod=0&menuId=PS03447&pageIndex=13,html/069_PS03447_p13.html,농촌진흥청 농업인안전365
235,8,자료실,발표자료,발표자료,설문조사를 통한 농업인 조사통계 현황,2015-02-05,124,226,https://farmer.rda.go.kr/portal/menu1/board_viw.do?menuId=PS03447&m_id=9004_9052&m_mod=0&bbsId=8&nttSn=235&num=124&pageIndex=13,https://farmer.rda.go.kr/portal/contentsFileDownload.do?atchFileGroupCd=A0001575&fileSn=1,https://farmer.rda.go.kr/portal/menu1/board_lst.do?m_id=9004_9052&m_mod=0&menuId=PS03447&pageIndex=13,html/069_PS03447_p13.html,농촌진흥청 농업인안전365
239,8,자료실,발표자료,발표자료,외국의 손상통계기반 농업인 손상,2015-02-05,125,226,https://farmer.rda.go.kr/portal/menu1/board_viw.do?menuId=PS03447&m_id=9004_9052&m_mod=0&bbsId=8&nttSn=239&num=125&pageIndex=13,https://farmer.rda.go.kr/portal/contentsFileDownload.do?atchFileGroupCd=A0001579&fileSn=1,https://farmer.rda.go.kr/portal/menu1/board_lst.do?m_id=9004_9052&m_mod=0&menuId=PS03447&pageIndex=13,html/069_PS03447_p13.html,농촌진흥청 농업인안전365
230,8,자료실,발표자료,발표자료,미국 농업안전보건센터의 운영 현황,2015-02-05,126,226,https://farmer.rda.go.kr/portal/menu1/board_viw.do?menuId=PS03447&m_id=9004_9052&m_mod=0&bbsId=8&nttSn=230&num=126&pageIndex=13,https://farmer.rda.go.kr/portal/contentsFileDownload.do?atchFileGroupCd=A0001570&fileSn=1,https://farmer.rda.go.kr/portal/menu1/board_lst.do?m_id=9004_9052&m_mod=0&menuId=PS03447&pageIndex=13,html/069_PS03447_p13.html,농촌진흥청 농업인안전365
246,8,자료실,발표자료,감염·생물학적 위험,인수공통 감염병의 역사와 현황,2015-02-05,127,226,https://farmer.rda.go.kr/portal/menu1/board_viw.do?menuId=PS03447&m_id=9004_9052&m_mod=0&bbsId=8&nttSn=246&num=127&pageIndex=13,https://farmer.rda.go.kr/portal/contentsFileDownload.do?atchFileGroupCd=A0001586&fileSn=1,https://farmer.rda.go.kr/portal/menu1/board_lst.do?m_id=9004_9052&m_mod=0&menuId=PS03447&pageIndex=13,html/069_PS03447_p13.html,농촌진흥청 농업인안전365
233,8,자료실,발표자료,발표자료,산업안전보건법과 농업,2015-02-05,128,226,https://farmer.rda.go.kr/portal/menu1/board_viw.do?menuId=PS03447&m_id=9004_9052&m_mod=0&bbsId=8&nttSn=233&num=128&pageIndex=13,https://farmer.rda.go.kr/portal/contentsFileDownload.do?atchFileGroupCd=A0001573&fileSn=1,https://farmer.rda.go.kr/portal/menu1/board_lst.do?m_id=9004_9052&m_mod=0&menuId=PS03447&pageIndex=13,html/069_PS03447_p13.html,농촌진흥청 농업인안전365
242,8,자료실,발표자료,발표자료,유럽 등 국외 농업안전보건 정책과제 동향,2015-02-05,129,226,https://farmer.rda.go.kr/portal/menu1/board_viw.do?menuId=PS03447&m_id=9004_9052&m_mod=0&bbsId=8&nttSn=242&num=129&pageIndex=13,https://farmer.rda.go.kr/portal/contentsFileDownload.do?atchFileGroupCd=A0001582&fileSn=1,https://farmer.rda.go.kr/portal/menu1/board_lst.do?m_id=9004_9052&m_mod=0&menuId=PS03447&pageIndex=13,html/069_PS03447_p13.html,농촌진흥청 농업인안전365
198,8,자료실,발표자료,농약·화학물질,농약 노출평가 방법과 사례,2015-02-05,130,226,https://farmer.rda.go.kr/portal/menu1/board_viw.do?menuId=PS03447&m_id=9004_9052&m_mod=0&bbsId=8&nttSn=198&num=130&pageIndex=13,https://farmer.rda.go.kr/portal/contentsFileDownload.do?atchFileGroupCd=A0001538&fileSn=1,https://farmer.rda.go.kr/portal/menu1/board_lst.do?m_id=9004_9052&m_mod=0&menuId=PS03447&pageIndex=13,html/069_PS03447_p13.html,농촌진흥청 농업인안전365
234,8,자료실,발표자료,발표자료,삽의 인간공학적 연구,2015-02-05,131,226,https://farmer.rda.go.kr/portal/menu1/board_viw.do?menuId=PS03447&m_id=9004_9052&m_mod=0&bbsId=8&nttSn=234&num=131&pageIndex=14,https://farmer.rda.go.kr/portal/contentsFileDownload.do?atchFileGroupCd=A0001574&fileSn=1,https://farmer.rda.go.kr/portal/menu1/board_lst.do?m_id=9004_9052&m_mod=0&menuId=PS03447&pageIndex=14,html/070_PS03447_p14.html,농촌진흥청 농업인안전365
245,8,자료실,발표자료,발표자료,인간공학적 개입을 위한 넛지,2015-02-05,132,226,https://farmer.rda.go.kr/portal/menu1/board_viw.do?menuId=PS03447&m_id=9004_9052&m_mod=0&bbsId=8&nttSn=245&num=132&pageIndex=14,https://farmer.rda.go.kr/portal/contentsFileDownload.do?atchFileGroupCd=A0001585&fileSn=1,https://farmer.rda.go.kr/portal/menu1/board_lst.do?m_id=9004_9052&m_mod=0&menuId=PS03447&pageIndex=14,html/070_PS03447_p14.html,농촌진흥청 농업인안전365
217,8,자료실,발표자료,발표자료,농작업 안전보건연구의 변화와 발전방안,2015-02-05,133,226,https://farmer.rda.go.kr/portal/menu1/board_viw.do?menuId=PS03447&m_id=9004_9052&m_mod=0&bbsId=8&nttSn=217&num=133&pageIndex=14,https://farmer.rda.go.kr/portal/contentsFileDownload.do?atchFileGroupCd=A0001557&fileSn=1,https://farmer.rda.go.kr/portal/menu1/board_lst.do?m_id=9004_9052&m_mod=0&menuId=PS03447&pageIndex=14,html/070_PS03447_p14.html,농촌진흥청 농업인안전365
202,8,자료실,발표자료,농약·화학물질,농약의 건강영향 평가연구의 발전방향,2015-02-05,134,226,https://farmer.rda.go.kr/portal/menu1/board_viw.do?menuId=PS03447&m_id=9004_9052&m_mod=0&bbsId=8&nttSn=202&num=134&pageIndex=14,https://farmer.rda.go.kr/portal/contentsFileDownload.do?atchFileGroupCd=A0001542&fileSn=1,https://farmer.rda.go.kr/portal/menu1/board_lst.do?m_id=9004_9052&m_mod=0&menuId=PS03447&pageIndex=14,html/070_PS03447_p14.html,농촌진흥청 농업인안전365
224,8,자료실,발표자료,발표자료,농축산업 질식재해 예방대책,2015-02-05,135,226,https://farmer.rda.go.kr/portal/menu1/board_viw.do?menuId=PS03447&m_id=9004_9052&m_mod=0&bbsId=8&nttSn=224&num=135&pageIndex=14,https://farmer.rda.go.kr/portal/contentsFileDownload.do?atchFileGroupCd=A0001564&fileSn=1,https://farmer.rda.go.kr/portal/menu1/board_lst.do?m_id=9004_9052&m_mod=0&menuId=PS03447&pageIndex=14,html/070_PS03447_p14.html,농촌진흥청 농업인안전365
252,8,자료실,발표자료,발표자료,작업자 보호를 위한 보호의복,2015-02-05,136,226,https://farmer.rda.go.kr/portal/menu1/board_viw.do?menuId=PS03447&m_id=9004_9052&m_mod=0&bbsId=8&nttSn=252&num=136&pageIndex=14,https://farmer.rda.go.kr/portal/contentsFileDownload.do?atchFileGroupCd=A0001592&fileSn=1,https://farmer.rda.go.kr/portal/menu1/board_lst.do?m_id=9004_9052&m_mod=0&menuId=PS03447&pageIndex=14,html/070_PS03447_p14.html,농촌진흥청 농업인안전365
193,8,자료실,발표자료,발표자료,고령자를 위한 농작업편이장비 설계지침,2015-02-05,137,226,https://farmer.rda.go.kr/portal/menu1/board_viw.do?menuId=PS03447&m_id=9004_9052&m_mod=0&bbsId=8&nttSn=193&num=137&pageIndex=14,https://farmer.rda.go.kr/portal/contentsFileDownload.do?atchFileGroupCd=A0001533&fileSn=1,https://farmer.rda.go.kr/portal/menu1/board_lst.do?m_id=9004_9052&m_mod=0&menuId=PS03447&pageIndex=14,html/070_PS03447_p14.html,농촌진흥청 농업인안전365
256,8,자료실,발표자료,발표자료,한국 농업인의 농작업 관련 안전보건 실태,2015-02-05,138,226,https://farmer.rda.go.kr/portal/menu1/board_viw.do?menuId=PS03447&m_id=9004_9052&m_mod=0&bbsId=8&nttSn=256&num=138&pageIndex=14,https://farmer.rda.go.kr/portal/contentsFileDownload.do?atchFileGroupCd=A0001596&fileSn=1,https://farmer.rda.go.kr/portal/menu1/board_lst.do?m_id=9004_9052&m_mod=0&menuId=PS03447&pageIndex=14,html/070_PS03447_p14.html,농촌진흥청 농업인안전365
2,8,자료실,기타,농약·화학물질,"호흡보호구의 이해와 정화통 사용수명 예측, 밀착검사 실습(정회명 부장, 한국 3M 주식회사)",2014-04-01,139,226,https://farmer.rda.go.kr/portal/menu1/board_viw.do?menuId=PS03447&m_id=9004_9052&m_mod=0&bbsId=8&nttSn=2&num=139&pageIndex=14,https://farmer.rda.go.kr/portal/contentsFileDownload.do?atchFileGroupCd=A0000748&fileSn=1,https://farmer.rda.go.kr/portal/menu1/board_lst.do?m_id=9004_9052&m_mod=0&menuId=PS03447&pageIndex=14,html/070_PS03447_p14.html,농촌진흥청 농업인안전365
3,8,자료실,기타,농약·화학물질,"농약방제작업을 위한 호흡보호구의 이해(한돈희 교수, 인제대학교)",2014-04-01,140,226,https://farmer.rda.go.kr/portal/menu1/board_viw.do?menuId=PS03447&m_id=9004_9052&m_mod=0&bbsId=8&nttSn=3&num=140&pageIndex=14,https://farmer.rda.go.kr/portal/contentsFileDownload.do?atchFileGroupCd=A0000749&fileSn=1,https://farmer.rda.go.kr/portal/menu1/board_lst.do?m_id=9004_9052&m_mod=0&menuId=PS03447&pageIndex=14,html/070_PS03447_p14.html,농촌진흥청 농업인안전365
4,8,자료실,기타,기타,"일본의 농업안전보건관리 현황(임상혁, 경기도농작업안전사업단장)",2014-03-04,141,226,https://farmer.rda.go.kr/portal/menu1/board_viw.do?menuId=PS03447&m_id=9004_9052&m_mod=0&bbsId=8&nttSn=4&num=141&pageIndex=15,https://farmer.rda.go.kr/portal/contentsFileDownload.do?atchFileGroupCd=A0000750&fileSn=1,https://farmer.rda.go.kr/portal/menu1/board_lst.do?m_id=9004_9052&m_mod=0&menuId=PS03447&pageIndex=15,html/071_PS03447_p15.html,농촌진흥청 농업인안전365
5,8,자료실,기타,기타,돼지사육 작업자에 대한 먼지와 독성 매개면역 변경(허 용 교수 대구카톨릭대학교),2014-01-02,142,226,https://farmer.rda.go.kr/portal/menu1/board_viw.do?menuId=PS03447&m_id=9004_9052&m_mod=0&bbsId=8&nttSn=5&num=142&pageIndex=15,https://farmer.rda.go.kr/portal/contentsFileDownload.do?atchFileGroupCd=A0000751&fileSn=1,https://farmer.rda.go.kr/portal/menu1/board_lst.do?m_id=9004_9052&m_mod=0&menuId=PS03447&pageIndex=15,html/071_PS03447_p15.html,농촌진흥청 농업인안전365
6,8,자료실,기타,기타,핀란드 농업인의 직업적 건강과 안전(Kimmo Rasanen 교수 동핀란드대학교),2014-01-02,143,226,https://farmer.rda.go.kr/portal/menu1/board_viw.do?menuId=PS03447&m_id=9004_9052&m_mod=0&bbsId=8&nttSn=6&num=143&pageIndex=15,https://farmer.rda.go.kr/portal/contentsFileDownload.do?atchFileGroupCd=A0000752&fileSn=1,https://farmer.rda.go.kr/portal/menu1/board_lst.do?m_id=9004_9052&m_mod=0&menuId=PS03447&pageIndex=15,html/071_PS03447_p15.html,농촌진흥청 농업인안전365
7,8,자료실,기타,근골격계,"과수 농업인의 상지 근골격계 질환(박기수 교수, 경남농업안전보건센터)",2013-11-28,144,226,https://farmer.rda.go.kr/portal/menu1/board_viw.do?menuId=PS03447&m_id=9004_9052&m_mod=0&bbsId=8&nttSn=7&num=144&pageIndex=15,https://farmer.rda.go.kr/portal/contentsFileDownload.do?atchFileGroupCd=A0000753&fileSn=1,https://farmer.rda.go.kr/portal/menu1/board_lst.do?m_id=9004_9052&m_mod=0&menuId=PS03447&pageIndex=15,html/071_PS03447_p15.html,농촌진흥청 농업인안전365
8,8,자료실,기타,근골격계,"농업인의 허리 질환(백소라 교수, 강원농업안전보건센터)",2013-11-28,145,226,https://farmer.rda.go.kr/portal/menu1/board_viw.do?menuId=PS03447&m_id=9004_9052&m_mod=0&bbsId=8&nttSn=8&num=145&pageIndex=15,https://farmer.rda.go.kr/portal/contentsFileDownload.do?atchFileGroupCd=A0000754&fileSn=1,https://farmer.rda.go.kr/portal/menu1/board_lst.do?m_id=9004_9052&m_mod=0&menuId=PS03447&pageIndex=15,html/071_PS03447_p15.html,농촌진흥청 농업인안전365
9,8,자료실,기타,근골격계,"농업인 무릎골관절염 질환(이철갑 교수, 전남농업안전보건센터)",2013-11-28,146,226,https://farmer.rda.go.kr/portal/menu1/board_viw.do?menuId=PS03447&m_id=9004_9052&m_mod=0&bbsId=8&nttSn=9&num=146&pageIndex=15,https://farmer.rda.go.kr/portal/contentsFileDownload.do?atchFileGroupCd=A0000755&fileSn=1,https://farmer.rda.go.kr/portal/menu1/board_lst.do?m_id=9004_9052&m_mod=0&menuId=PS03447&pageIndex=15,html/071_PS03447_p15.html,농촌진흥청 농업인안전365
10,8,자료실,기타,기타,"작업장 건강안전기준 현황(이관석, 홍익대학교)",2013-09-17,147,226,https://farmer.rda.go.kr/portal/menu1/board_viw.do?menuId=PS03447&m_id=9004_9052&m_mod=0&bbsId=8&nttSn=10&num=147&pageIndex=15,,https://farmer.rda.go.kr/portal/menu1/board_lst.do?m_id=9004_9052&m_mod=0&menuId=PS03447&pageIndex=15,html/071_PS03447_p15.html,농촌진흥청 농업인안전365
11,8,자료실,기타,기타,"직업성 폐질환관련 유해요인의 연구동향(곽현석, 직업성폐질환연구소)",2013-09-17,148,226,https://farmer.rda.go.kr/portal/menu1/board_viw.do?menuId=PS03447&m_id=9004_9052&m_mod=0&bbsId=8&nttSn=11&num=148&pageIndex=15,,https://farmer.rda.go.kr/portal/menu1/board_lst.do?m_id=9004_9052&m_mod=0&menuId=PS03447&pageIndex=15,html/071_PS03447_p15.html,농촌진흥청 농업인안전365
12,8,자료실,기타,기타,"작업안전도 향상을 위한 유도 보정 장치의 3D 모델 개발 (홍지향, 서울대학교)",2013-09-17,149,226,https://farmer.rda.go.kr/portal/menu1/board_viw.do?menuId=PS03447&m_id=9004_9052&m_mod=0&bbsId=8&nttSn=12&num=149&pageIndex=15,,https://farmer.rda.go.kr/portal/menu1/board_lst.do?m_id=9004_9052&m_mod=0&menuId=PS03447&pageIndex=15,html/071_PS03447_p15.html,농촌진흥청 농업인안전365
13,8,자료실,기타,작업환경,"밀폐 작업장에서의 사고 원인 및 예방 방안 (강태선, 서울대학교)",2013-09-17,150,226,https://farmer.rda.go.kr/portal/menu1/board_viw.do?menuId=PS03447&m_id=9004_9052&m_mod=0&bbsId=8&nttSn=13&num=150&pageIndex=15,,https://farmer.rda.go.kr/portal/menu1/board_lst.do?m_id=9004_9052&m_mod=0&menuId=PS03447&pageIndex=15,html/071_PS03447_p15.html,농촌진흥청 농업인안전365
14,8,자료실,기타,작업환경,"온실 내 살포된 chlorpyrifos의 상분포 (김승원, 계명대학교)",2013-09-17,151,226,https://farmer.rda.go.kr/portal/menu1/board_viw.do?menuId=PS03447&m_id=9004_9052&m_mod=0&bbsId=8&nttSn=14&num=151&pageIndex=16,,https://farmer.rda.go.kr/portal/menu1/board_lst.do?m_id=9004_9052&m_mod=0&menuId=PS03447&pageIndex=16,html/072_PS03447_p16.html,농촌진흥청 농업인안전365
15,8,자료실,기타,기타,"농촌 고령자를 위한 신발의 설계 (김정수, 산업안전보건연구원)",2013-09-17,152,226,https://farmer.rda.go.kr/portal/menu1/board_viw.do?menuId=PS03447&m_id=9004_9052&m_mod=0&bbsId=8&nttSn=15&num=152&pageIndex=16,,https://farmer.rda.go.kr/portal/menu1/board_lst.do?m_id=9004_9052&m_mod=0&menuId=PS03447&pageIndex=16,html/072_PS03447_p16.html,농촌진흥청 농업인안전365
16,8,자료실,기타,기타,"농작업안전보건 개선을 위한 Participatory Mapping의 개발과 적용 (김진석, 구미 순천향대학교)",2013-04-16,153,226,https://farmer.rda.go.kr/portal/menu1/board_viw.do?menuId=PS03447&m_id=9004_9052&m_mod=0&bbsId=8&nttSn=16&num=153&pageIndex=16,,https://farmer.rda.go.kr/portal/menu1/board_lst.do?m_id=9004_9052&m_mod=0&menuId=PS03447&pageIndex=16,html/072_PS03447_p16.html,농촌진흥청 농업인안전365
17,8,자료실,기타,기타,"담배작업자의 니코틴 노출 (김효철, 농촌진흥청)",2013-04-16,154,226,https://farmer.rda.go.kr/portal/menu1/board_viw.do?menuId=PS03447&m_id=9004_9052&m_mod=0&bbsId=8&nttSn=17&num=154&pageIndex=16,https://farmer.rda.go.kr/portal/contentsFileDownload.do?atchFileGroupCd=A0000756&fileSn=1,https://farmer.rda.go.kr/portal/menu1/board_lst.do?m_id=9004_9052&m_mod=0&menuId=PS03447&pageIndex=16,html/072_PS03447_p16.html,농촌진흥청 농업인안전365
18,8,자료실,기타,기타,"여성근로자의 건강장애 예방 (정혜선, 카톨릭대학교)",2013-04-16,155,226,https://farmer.rda.go.kr/portal/menu1/board_viw.do?menuId=PS03447&m_id=9004_9052&m_mod=0&bbsId=8&nttSn=18&num=155&pageIndex=16,https://farmer.rda.go.kr/portal/contentsFileDownload.do?atchFileGroupCd=A0000757&fileSn=1,https://farmer.rda.go.kr/portal/menu1/board_lst.do?m_id=9004_9052&m_mod=0&menuId=PS03447&pageIndex=16,html/072_PS03447_p16.html,농촌진흥청 농업인안전365
19,8,자료실,기타,기타,"농업인의 우울증과 신체활동 장애의 관련성 (박기수 교수, 경상대학교)",2013-04-16,156,226,https://farmer.rda.go.kr/portal/menu1/board_viw.do?menuId=PS03447&m_id=9004_9052&m_mod=0&bbsId=8&nttSn=19&num=156&pageIndex=16,https://farmer.rda.go.kr/portal/contentsFileDownload.do?atchFileGroupCd=A0000758&fileSn=1,https://farmer.rda.go.kr/portal/menu1/board_lst.do?m_id=9004_9052&m_mod=0&menuId=PS03447&pageIndex=16,html/072_PS03447_p16.html,농촌진흥청 농업인안전365
20,8,자료실,기타,기타,"고령자를 위한 편이장비 설계가이드 (손병창 교수, 나사렛대학교)",2013-04-16,157,226,https://farmer.rda.go.kr/portal/menu1/board_viw.do?menuId=PS03447&m_id=9004_9052&m_mod=0&bbsId=8&nttSn=20&num=157&pageIndex=16,https://farmer.rda.go.kr/portal/contentsFileDownload.do?atchFileGroupCd=A0000759&fileSn=1,https://farmer.rda.go.kr/portal/menu1/board_lst.do?m_id=9004_9052&m_mod=0&menuId=PS03447&pageIndex=16,html/072_PS03447_p16.html,농촌진흥청 농업인안전365
21,8,자료실,기타,기타,"한국 농업인의 농작업 관련 안전보건 실태 (이수진 교수, 한양대학교)",2013-04-16,158,226,https://farmer.rda.go.kr/portal/menu1/board_viw.do?menuId=PS03447&m_id=9004_9052&m_mod=0&bbsId=8&nttSn=21&num=158&pageIndex=16,https://farmer.rda.go.kr/portal/contentsFileDownload.do?atchFileGroupCd=A0000760&fileSn=1,https://farmer.rda.go.kr/portal/menu1/board_lst.do?m_id=9004_9052&m_mod=0&menuId=PS03447&pageIndex=16,html/072_PS03447_p16.html,농촌진흥청 농업인안전365
22,8,자료실,기타,기타,"작업자 보호를 위한 보호의복 (이주영 교수, 서울대학교)",2013-04-16,159,226,https://farmer.rda.go.kr/portal/menu1/board_viw.do?menuId=PS03447&m_id=9004_9052&m_mod=0&bbsId=8&nttSn=22&num=159&pageIndex=16,https://farmer.rda.go.kr/portal/contentsFileDownload.do?atchFileGroupCd=A0000761&fileSn=1,https://farmer.rda.go.kr/portal/menu1/board_lst.do?m_id=9004_9052&m_mod=0&menuId=PS03447&pageIndex=16,html/072_PS03447_p16.html,농촌진흥청 농업인안전365
23,8,자료실,기타,기타,"농축산업 질식재해 예방대책 (김증호 팀장, 한국산업안전보건공단)",2013-04-16,160,226,https://farmer.rda.go.kr/portal/menu1/board_viw.do?menuId=PS03447&m_id=9004_9052&m_mod=0&bbsId=8&nttSn=23&num=160&pageIndex=16,https://farmer.rda.go.kr/portal/contentsFileDownload.do?atchFileGroupCd=A0000762&fileSn=1,https://farmer.rda.go.kr/portal/menu1/board_lst.do?m_id=9004_9052&m_mod=0&menuId=PS03447&pageIndex=16,html/072_PS03447_p16.html,농촌진흥청 농업인안전365
24,8,자료실,기타,농약·화학물질,"농약의 건강영향평가 연구의 발전방향(이윤근, 노동환경건강연구소)",2012-06-04,161,226,https://farmer.rda.go.kr/portal/menu1/board_viw.do?menuId=PS03447&m_id=9004_9052&m_mod=0&bbsId=8&nttSn=24&num=161&pageIndex=17,https://farmer.rda.go.kr/portal/contentsFileDownload.do?atchFileGroupCd=A0000763&fileSn=1,https://farmer.rda.go.kr/portal/menu1/board_lst.do?m_id=9004_9052&m_mod=0&menuId=PS03447&pageIndex=17,html/073_PS03447_p17.html,농촌진흥청 농업인안전365
25,8,자료실,기타,기타,"농작업 안전보건연구의 변화와 발전방안(이경숙, 농촌진흥청)",2012-06-04,162,226,https://farmer.rda.go.kr/portal/menu1/board_viw.do?menuId=PS03447&m_id=9004_9052&m_mod=0&bbsId=8&nttSn=25&num=162&pageIndex=17,https://farmer.rda.go.kr/portal/contentsFileDownload.do?atchFileGroupCd=A0000764&fileSn=1,https://farmer.rda.go.kr/portal/menu1/board_lst.do?m_id=9004_9052&m_mod=0&menuId=PS03447&pageIndex=17,html/073_PS03447_p17.html,농촌진흥청 농업인안전365
26,8,자료실,기타,기타,"삽의 인간공학적 연구 (이관석, 홍익대학교)",2012-06-04,163,226,https://farmer.rda.go.kr/portal/menu1/board_viw.do?menuId=PS03447&m_id=9004_9052&m_mod=0&bbsId=8&nttSn=26&num=163&pageIndex=17,https://farmer.rda.go.kr/portal/contentsFileDownload.do?atchFileGroupCd=A0000765&fileSn=1,https://farmer.rda.go.kr/portal/menu1/board_lst.do?m_id=9004_9052&m_mod=0&menuId=PS03447&pageIndex=17,html/073_PS03447_p17.html,농촌진흥청 농업인안전365
27,8,자료실,기타,기타,"인간공학적 개입을 위한 넛지 (장지홍 교수님, 중원대학교)",2012-06-04,164,226,https://farmer.rda.go.kr/portal/menu1/board_viw.do?menuId=PS03447&m_id=9004_9052&m_mod=0&bbsId=8&nttSn=27&num=164&pageIndex=17,https://farmer.rda.go.kr/portal/contentsFileDownload.do?atchFileGroupCd=A0000766&fileSn=1,https://farmer.rda.go.kr/portal/menu1/board_lst.do?m_id=9004_9052&m_mod=0&menuId=PS03447&pageIndex=17,html/073_PS03447_p17.html,농촌진흥청 농업인안전365
28,8,자료실,기타,농약·화학물질,"농약노출지수 평가방법과 사례 (이윤근 연구원, 노동환경건강연구소)",2012-06-04,165,226,https://farmer.rda.go.kr/portal/menu1/board_viw.do?menuId=PS03447&m_id=9004_9052&m_mod=0&bbsId=8&nttSn=28&num=165&pageIndex=17,https://farmer.rda.go.kr/portal/contentsFileDownload.do?atchFileGroupCd=A0000767&fileSn=1,https://farmer.rda.go.kr/portal/menu1/board_lst.do?m_id=9004_9052&m_mod=0&menuId=PS03447&pageIndex=17,html/073_PS03447_p17.html,농촌진흥청 농업인안전365
29,8,자료실,기타,기타,"유럽 등 국외 농업안전보건 정책과제 동향 (이경숙 연구관, 농촌진흥청)",2012-06-04,166,226,https://farmer.rda.go.kr/portal/menu1/board_viw.do?menuId=PS03447&m_id=9004_9052&m_mod=0&bbsId=8&nttSn=29&num=166&pageIndex=17,https://farmer.rda.go.kr/portal/contentsFileDownload.do?atchFileGroupCd=A0000768&fileSn=1,https://farmer.rda.go.kr/portal/menu1/board_lst.do?m_id=9004_9052&m_mod=0&menuId=PS03447&pageIndex=17,html/073_PS03447_p17.html,농촌진흥청 농업인안전365
30,8,자료실,기타,기타,"산업안전보건법과 농업 (강태선 연구원, 서울대)",2012-06-04,167,226,https://farmer.rda.go.kr/portal/menu1/board_viw.do?menuId=PS03447&m_id=9004_9052&m_mod=0&bbsId=8&nttSn=30&num=167&pageIndex=17,https://farmer.rda.go.kr/portal/contentsFileDownload.do?atchFileGroupCd=A0000769&fileSn=1,https://farmer.rda.go.kr/portal/menu1/board_lst.do?m_id=9004_9052&m_mod=0&menuId=PS03447&pageIndex=17,html/073_PS03447_p17.html,농촌진흥청 농업인안전365
31,8,자료실,기타,기타,"미국 농업안전보건센터의 운영 현황 (김효철, 농촌진흥청)",2012-01-30,168,226,https://farmer.rda.go.kr/portal/menu1/board_viw.do?menuId=PS03447&m_id=9004_9052&m_mod=0&bbsId=8&nttSn=31&num=168&pageIndex=17,https://farmer.rda.go.kr/portal/contentsFileDownload.do?atchFileGroupCd=A0000770&fileSn=1,https://farmer.rda.go.kr/portal/menu1/board_lst.do?m_id=9004_9052&m_mod=0&menuId=PS03447&pageIndex=17,html/073_PS03447_p17.html,농촌진흥청 농업인안전365
32,8,자료실,기타,감염·생물학적 위험,"인수공통 감염병의 역사와 현황 (임현술, 동국대)",2012-01-30,169,226,https://farmer.rda.go.kr/portal/menu1/board_viw.do?menuId=PS03447&m_id=9004_9052&m_mod=0&bbsId=8&nttSn=32&num=169&pageIndex=17,https://farmer.rda.go.kr/portal/contentsFileDownload.do?atchFileGroupCd=A0000771&fileSn=1,https://farmer.rda.go.kr/portal/menu1/board_lst.do?m_id=9004_9052&m_mod=0&menuId=PS03447&pageIndex=17,html/073_PS03447_p17.html,농촌진흥청 농업인안전365
33,8,자료실,기타,기타,"설문조사를 통한 농업인조사통계 (윤간우, 원진녹색병원)",2012-01-30,170,226,https://farmer.rda.go.kr/portal/menu1/board_viw.do?menuId=PS03447&m_id=9004_9052&m_mod=0&bbsId=8&nttSn=33&num=170&pageIndex=17,https://farmer.rda.go.kr/portal/contentsFileDownload.do?atchFileGroupCd=A0000772&fileSn=1,https://farmer.rda.go.kr/portal/menu1/board_lst.do?m_id=9004_9052&m_mod=0&menuId=PS03447&pageIndex=17,html/073_PS03447_p17.html,농촌진흥청 농업인안전365
34,8,자료실,기타,기타,"근로자 건강실태조사를 통한 농업인 손상 (송재석, 관동의대)",2012-01-30,171,226,https://farmer.rda.go.kr/portal/menu1/board_viw.do?menuId=PS03447&m_id=9004_9052&m_mod=0&bbsId=8&nttSn=34&num=171&pageIndex=18,https://farmer.rda.go.kr/portal/contentsFileDownload.do?atchFileGroupCd=A0000773&fileSn=1,https://farmer.rda.go.kr/portal/menu1/board_lst.do?m_id=9004_9052&m_mod=0&menuId=PS03447&pageIndex=18,html/074_PS03447_p18.html,농촌진흥청 농업인안전365
35,8,자료실,기타,기타,"외국의 손상통계기반 농업인 손상 (고상백, 연세원주의대)",2012-01-30,172,226,https://farmer.rda.go.kr/portal/menu1/board_viw.do?menuId=PS03447&m_id=9004_9052&m_mod=0&bbsId=8&nttSn=35&num=172&pageIndex=18,https://farmer.rda.go.kr/portal/contentsFileDownload.do?atchFileGroupCd=A0000774&fileSn=1,https://farmer.rda.go.kr/portal/menu1/board_lst.do?m_id=9004_9052&m_mod=0&menuId=PS03447&pageIndex=18,html/074_PS03447_p18.html,농촌진흥청 농업인안전365
36,8,자료실,기타,응급대응,"로직트리 분석을 통한 사고사례 원인분석 방법 (김신범, 원진노동환경건강연구소)",2012-01-30,173,226,https://farmer.rda.go.kr/portal/menu1/board_viw.do?menuId=PS03447&m_id=9004_9052&m_mod=0&bbsId=8&nttSn=36&num=173&pageIndex=18,https://farmer.rda.go.kr/portal/contentsFileDownload.do?atchFileGroupCd=A0000775&fileSn=1,https://farmer.rda.go.kr/portal/menu1/board_lst.do?m_id=9004_9052&m_mod=0&menuId=PS03447&pageIndex=18,html/074_PS03447_p18.html,농촌진흥청 농업인안전365
37,8,자료실,기타,기타,"인간공학에서 접근성 설계 관련 국제표준화 활동 동향 (이인석, 한경대)",2012-01-30,174,226,https://farmer.rda.go.kr/portal/menu1/board_viw.do?menuId=PS03447&m_id=9004_9052&m_mod=0&bbsId=8&nttSn=37&num=174&pageIndex=18,https://farmer.rda.go.kr/portal/contentsFileDownload.do?atchFileGroupCd=A0000776&fileSn=1,https://farmer.rda.go.kr/portal/menu1/board_lst.do?m_id=9004_9052&m_mod=0&menuId=PS03447&pageIndex=18,html/074_PS03447_p18.html,농촌진흥청 농업인안전365
38,8,자료실,기타,기타,"유럽 농업인 재해 보장제도 고찰 (강태선 교수, 서울대)",2012-01-27,175,226,https://farmer.rda.go.kr/portal/menu1/board_viw.do?menuId=PS03447&m_id=9004_9052&m_mod=0&bbsId=8&nttSn=38&num=175&pageIndex=18,https://farmer.rda.go.kr/portal/contentsFileDownload.do?atchFileGroupCd=A0000777&fileSn=1,https://farmer.rda.go.kr/portal/menu1/board_lst.do?m_id=9004_9052&m_mod=0&menuId=PS03447&pageIndex=18,html/074_PS03447_p18.html,농촌진흥청 농업인안전365
39,8,자료실,기타,농기계,"인간공학과 농업기계 설계기술의 융합 (이상식 교수, 관동대)",2012-01-27,176,226,https://farmer.rda.go.kr/portal/menu1/board_viw.do?menuId=PS03447&m_id=9004_9052&m_mod=0&bbsId=8&nttSn=39&num=176&pageIndex=18,https://farmer.rda.go.kr/portal/contentsFileDownload.do?atchFileGroupCd=A0000778&fileSn=1,https://farmer.rda.go.kr/portal/menu1/board_lst.do?m_id=9004_9052&m_mod=0&menuId=PS03447&pageIndex=18,html/074_PS03447_p18.html,농촌진흥청 농업인안전365
40,8,자료실,기타,기타,"일부 한국 농업인의 방사선학적 요추편평화와 관련 요인 (송한수 교수, 조선대)",2012-01-27,177,226,https://farmer.rda.go.kr/portal/menu1/board_viw.do?menuId=PS03447&m_id=9004_9052&m_mod=0&bbsId=8&nttSn=40&num=177&pageIndex=18,https://farmer.rda.go.kr/portal/contentsFileDownload.do?atchFileGroupCd=A0000779&fileSn=1,https://farmer.rda.go.kr/portal/menu1/board_lst.do?m_id=9004_9052&m_mod=0&menuId=PS03447&pageIndex=18,html/074_PS03447_p18.html,농촌진흥청 농업인안전365
41,8,자료실,기타,기타,"농작업을 디자인하다 (이경숙 연구관, 농촌진흥청)",2012-01-26,178,226,https://farmer.rda.go.kr/portal/menu1/board_viw.do?menuId=PS03447&m_id=9004_9052&m_mod=0&bbsId=8&nttSn=41&num=178&pageIndex=18,https://farmer.rda.go.kr/portal/contentsFileDownload.do?atchFileGroupCd=A0000780&fileSn=1,https://farmer.rda.go.kr/portal/menu1/board_lst.do?m_id=9004_9052&m_mod=0&menuId=PS03447&pageIndex=18,html/074_PS03447_p18.html,농촌진흥청 농업인안전365
42,8,자료실,기타,기타,"미국 농업안전 보건센터 (이기영 교수, 서울대)",2012-01-26,179,226,https://farmer.rda.go.kr/portal/menu1/board_viw.do?menuId=PS03447&m_id=9004_9052&m_mod=0&bbsId=8&nttSn=42&num=179&pageIndex=18,https://farmer.rda.go.kr/portal/contentsFileDownload.do?atchFileGroupCd=A0000781&fileSn=1,https://farmer.rda.go.kr/portal/menu1/board_lst.do?m_id=9004_9052&m_mod=0&menuId=PS03447&pageIndex=18,html/074_PS03447_p18.html,농촌진흥청 농업인안전365
43,8,자료실,기타,기타,"농촌 고령자와 Accessible Design (김성민 교수, 동국대)",2012-01-26,180,226,https://farmer.rda.go.kr/portal/menu1/board_viw.do?menuId=PS03447&m_id=9004_9052&m_mod=0&bbsId=8&nttSn=43&num=180&pageIndex=18,https://farmer.rda.go.kr/portal/contentsFileDownload.do?atchFileGroupCd=A0000782&fileSn=1,https://farmer.rda.go.kr/portal/menu1/board_lst.do?m_id=9004_9052&m_mod=0&menuId=PS03447&pageIndex=18,html/074_PS03447_p18.html,농촌진흥청 농업인안전365
44,8,자료실,기타,기타,"농업인 자살통계 : 직업분류에 따른 비교 (고상백 교수, 연세대)",2012-01-25,181,226,https://farmer.rda.go.kr/portal/menu1/board_viw.do?menuId=PS03447&m_id=9004_9052&m_mod=0&bbsId=8&nttSn=44&num=181&pageIndex=19,https://farmer.rda.go.kr/portal/contentsFileDownload.do?atchFileGroupCd=A0000783&fileSn=1,https://farmer.rda.go.kr/portal/menu1/board_lst.do?m_id=9004_9052&m_mod=0&menuId=PS03447&pageIndex=19,html/075_PS03447_p19.html,농촌진흥청 농업인안전365
45,8,자료실,기타,안전교육,"고령자와 유니버설 디자인 (정광태 교수, 기술교육대)",2012-01-25,182,226,https://farmer.rda.go.kr/portal/menu1/board_viw.do?menuId=PS03447&m_id=9004_9052&m_mod=0&bbsId=8&nttSn=45&num=182&pageIndex=19,https://farmer.rda.go.kr/portal/contentsFileDownload.do?atchFileGroupCd=A0000784&fileSn=1,https://farmer.rda.go.kr/portal/menu1/board_lst.do?m_id=9004_9052&m_mod=0&menuId=PS03447&pageIndex=19,html/075_PS03447_p19.html,농촌진흥청 농업인안전365
46,8,자료실,기타,근골격계,"농작업 하지 자세 위험수준에 대한 인간공학적 평가도구 개발 (공용구 교수, 성균관대)",2012-01-25,183,226,https://farmer.rda.go.kr/portal/menu1/board_viw.do?menuId=PS03447&m_id=9004_9052&m_mod=0&bbsId=8&nttSn=46&num=183&pageIndex=19,https://farmer.rda.go.kr/portal/contentsFileDownload.do?atchFileGroupCd=A0000785&fileSn=1,https://farmer.rda.go.kr/portal/menu1/board_lst.do?m_id=9004_9052&m_mod=0&menuId=PS03447&pageIndex=19,html/075_PS03447_p19.html,농촌진흥청 농업인안전365
47,8,자료실,기타,기타,"작업관련 사고와 질병 실태 (윤간우 연구원, 원진녹색병원)",2011-03-25,184,226,https://farmer.rda.go.kr/portal/menu1/board_viw.do?menuId=PS03447&m_id=9004_9052&m_mod=0&bbsId=8&nttSn=47&num=184&pageIndex=19,https://farmer.rda.go.kr/portal/contentsFileDownload.do?atchFileGroupCd=A0000786&fileSn=1,https://farmer.rda.go.kr/portal/menu1/board_lst.do?m_id=9004_9052&m_mod=0&menuId=PS03447&pageIndex=19,html/075_PS03447_p19.html,농촌진흥청 농업인안전365
48,8,자료실,기타,근골격계,"과수 농민의 경부와 상지의 근골격계 증후군 (박형빈 교수, 경상대)",2011-03-24,185,226,https://farmer.rda.go.kr/portal/menu1/board_viw.do?menuId=PS03447&m_id=9004_9052&m_mod=0&bbsId=8&nttSn=48&num=185&pageIndex=19,https://farmer.rda.go.kr/portal/contentsFileDownload.do?atchFileGroupCd=A0000787&fileSn=1,https://farmer.rda.go.kr/portal/menu1/board_lst.do?m_id=9004_9052&m_mod=0&menuId=PS03447&pageIndex=19,html/075_PS03447_p19.html,농촌진흥청 농업인안전365
49,8,자료실,기타,농약·화학물질,"농약등록 관리와 위해성 평가 (정미혜 박사, 농촌진흥청)",2011-03-24,186,226,https://farmer.rda.go.kr/portal/menu1/board_viw.do?menuId=PS03447&m_id=9004_9052&m_mod=0&bbsId=8&nttSn=49&num=186&pageIndex=19,https://farmer.rda.go.kr/portal/contentsFileDownload.do?atchFileGroupCd=A0000788&fileSn=1,https://farmer.rda.go.kr/portal/menu1/board_lst.do?m_id=9004_9052&m_mod=0&menuId=PS03447&pageIndex=19,html/075_PS03447_p19.html,농촌진흥청 농업인안전365
50,8,자료실,기타,농약·화학물질,"미국의 농약중독 감시 프로그램 (Geoffrey Calvert, 미국 NIOSH)",2011-03-24,187,226,https://farmer.rda.go.kr/portal/menu1/board_viw.do?menuId=PS03447&m_id=9004_9052&m_mod=0&bbsId=8&nttSn=50&num=187&pageIndex=19,https://farmer.rda.go.kr/portal/contentsFileDownload.do?atchFileGroupCd=A0000789&fileSn=1,https://farmer.rda.go.kr/portal/menu1/board_lst.do?m_id=9004_9052&m_mod=0&menuId=PS03447&pageIndex=19,html/075_PS03447_p19.html,농촌진흥청 농업인안전365
51,8,자료실,기타,기타,"농업노동재해보장제도의 운영 (김진수 교수, 연세대)",2010-11-30,188,226,https://farmer.rda.go.kr/portal/menu1/board_viw.do?menuId=PS03447&m_id=9004_9052&m_mod=0&bbsId=8&nttSn=51&num=188&pageIndex=19,,https://farmer.rda.go.kr/portal/menu1/board_lst.do?m_id=9004_9052&m_mod=0&menuId=PS03447&pageIndex=19,html/075_PS03447_p19.html,농촌진흥청 농업인안전365
60,8,자료실,기타,기타,"계속조사에서 관리를 고려한 표본설계 (박진우, 수원대)",2010-11-30,189,226,https://farmer.rda.go.kr/portal/menu1/board_viw.do?menuId=PS03447&m_id=9004_9052&m_mod=0&bbsId=8&nttSn=60&num=189&pageIndex=19,,https://farmer.rda.go.kr/portal/menu1/board_lst.do?m_id=9004_9052&m_mod=0&menuId=PS03447&pageIndex=19,html/075_PS03447_p19.html,농촌진흥청 농업인안전365
59,8,자료실,기타,기타,"안전사고 분류체계에 관한 연구 (권영국, 서울산업대)",2010-11-30,190,226,https://farmer.rda.go.kr/portal/menu1/board_viw.do?menuId=PS03447&m_id=9004_9052&m_mod=0&bbsId=8&nttSn=59&num=190&pageIndex=19,,https://farmer.rda.go.kr/portal/menu1/board_lst.do?m_id=9004_9052&m_mod=0&menuId=PS03447&pageIndex=19,html/075_PS03447_p19.html,농촌진흥청 농업인안전365
52,8,자료실,기타,기타,"농업인의 직업적 재해 실태와 재해경감 방안 (고상백 교수, 연세대)",2010-11-30,191,226,https://farmer.rda.go.kr/portal/menu1/board_viw.do?menuId=PS03447&m_id=9004_9052&m_mod=0&bbsId=8&nttSn=52&num=191&pageIndex=20,,https://farmer.rda.go.kr/portal/menu1/board_lst.do?m_id=9004_9052&m_mod=0&menuId=PS03447&pageIndex=20,html/076_PS03447_p20.html,농촌진흥청 농업인안전365
58,8,자료실,기타,근골격계,"농업인 근골격계질환 예방프로그램 시행과 평가 (박소연, 한서대)",2010-11-30,192,226,https://farmer.rda.go.kr/portal/menu1/board_viw.do?menuId=PS03447&m_id=9004_9052&m_mod=0&bbsId=8&nttSn=58&num=192&pageIndex=20,,https://farmer.rda.go.kr/portal/menu1/board_lst.do?m_id=9004_9052&m_mod=0&menuId=PS03447&pageIndex=20,html/076_PS03447_p20.html,농촌진흥청 농업인안전365
54,8,자료실,기타,기타,"농작업 편이도구의 인간공학적 안전성 (이관석 교수, 홍익대)",2010-11-30,193,226,https://farmer.rda.go.kr/portal/menu1/board_viw.do?menuId=PS03447&m_id=9004_9052&m_mod=0&bbsId=8&nttSn=54&num=193&pageIndex=20,,https://farmer.rda.go.kr/portal/menu1/board_lst.do?m_id=9004_9052&m_mod=0&menuId=PS03447&pageIndex=20,html/076_PS03447_p20.html,농촌진흥청 농업인안전365
56,8,자료실,기타,기타,"농작업 안전을 위한 인간공학 (정화식, 동신대)",2010-11-30,194,226,https://farmer.rda.go.kr/portal/menu1/board_viw.do?menuId=PS03447&m_id=9004_9052&m_mod=0&bbsId=8&nttSn=56&num=194&pageIndex=20,,https://farmer.rda.go.kr/portal/menu1/board_lst.do?m_id=9004_9052&m_mod=0&menuId=PS03447&pageIndex=20,html/076_PS03447_p20.html,농촌진흥청 농업인안전365
53,8,자료실,기타,기타,"삶의 질 향상과 농어업인의 사회안전망 (조흥식 교수, 서울대)",2010-11-30,195,226,https://farmer.rda.go.kr/portal/menu1/board_viw.do?menuId=PS03447&m_id=9004_9052&m_mod=0&bbsId=8&nttSn=53&num=195&pageIndex=20,,https://farmer.rda.go.kr/portal/menu1/board_lst.do?m_id=9004_9052&m_mod=0&menuId=PS03447&pageIndex=20,html/076_PS03447_p20.html,농촌진흥청 농업인안전365
55,8,자료실,기타,농약·화학물질,"작업안전 보호구의 개발현황 (이민철, 한국3M)",2010-11-30,196,226,https://farmer.rda.go.kr/portal/menu1/board_viw.do?menuId=PS03447&m_id=9004_9052&m_mod=0&bbsId=8&nttSn=55&num=196&pageIndex=20,,https://farmer.rda.go.kr/portal/menu1/board_lst.do?m_id=9004_9052&m_mod=0&menuId=PS03447&pageIndex=20,html/076_PS03447_p20.html,농촌진흥청 농업인안전365
57,8,자료실,기타,기타,"농업인건강안전정보센터 발전방향(송관석, ilisoft)",2010-11-30,197,226,https://farmer.rda.go.kr/portal/menu1/board_viw.do?menuId=PS03447&m_id=9004_9052&m_mod=0&bbsId=8&nttSn=57&num=197&pageIndex=20,,https://farmer.rda.go.kr/portal/menu1/board_lst.do?m_id=9004_9052&m_mod=0&menuId=PS03447&pageIndex=20,html/076_PS03447_p20.html,농촌진흥청 농업인안전365
62,8,자료실,기타,기타,"독일의 농업인 재해보장제도에 관하여 (민병욱, 농과원)",2010-05-31,198,226,https://farmer.rda.go.kr/portal/menu1/board_viw.do?menuId=PS03447&m_id=9004_9052&m_mod=0&bbsId=8&nttSn=62&num=198&pageIndex=20,,https://farmer.rda.go.kr/portal/menu1/board_lst.do?m_id=9004_9052&m_mod=0&menuId=PS03447&pageIndex=20,html/076_PS03447_p20.html,농촌진흥청 농업인안전365
61,8,자료실,기타,기타,"농작업 안전 예방 및 평가 프로그램 개발 (문정환, 성균관대)",2010-05-31,199,226,https://farmer.rda.go.kr/portal/menu1/board_viw.do?menuId=PS03447&m_id=9004_9052&m_mod=0&bbsId=8&nttSn=61&num=199&pageIndex=20,,https://farmer.rda.go.kr/portal/menu1/board_lst.do?m_id=9004_9052&m_mod=0&menuId=PS03447&pageIndex=20,html/076_PS03447_p20.html,농촌진흥청 농업인안전365
65,8,자료실,기타,농약·화학물질,"농약노출과 농약관련 질환 평가 방법 (고려대, 이원진교수)",2010-05-12,200,226,https://farmer.rda.go.kr/portal/menu1/board_viw.do?menuId=PS03447&m_id=9004_9052&m_mod=0&bbsId=8&nttSn=65&num=200&pageIndex=20,,https://farmer.rda.go.kr/portal/menu1/board_lst.do?m_id=9004_9052&m_mod=0&menuId=PS03447&pageIndex=20,html/076_PS03447_p20.html,농촌진흥청 농업인안전365
63,8,자료실,기타,기타,"농업분야 작업안전성 향상을 위한 작업환경 개선 연구 동향 (문정환, 성균관대)",2010-05-12,201,226,https://farmer.rda.go.kr/portal/menu1/board_viw.do?menuId=PS03447&m_id=9004_9052&m_mod=0&bbsId=8&nttSn=63&num=201&pageIndex=21,,https://farmer.rda.go.kr/portal/menu1/board_lst.do?m_id=9004_9052&m_mod=0&menuId=PS03447&pageIndex=21,html/077_PS03447_p21.html,농촌진흥청 농업인안전365
64,8,자료실,기타,농약·화학물질,"농업인 대상 농약노출 조사항목 (국립농업과학원, 정미혜박사)",2010-05-12,202,226,https://farmer.rda.go.kr/portal/menu1/board_viw.do?menuId=PS03447&m_id=9004_9052&m_mod=0&bbsId=8&nttSn=64&num=202&pageIndex=21,,https://farmer.rda.go.kr/portal/menu1/board_lst.do?m_id=9004_9052&m_mod=0&menuId=PS03447&pageIndex=21,html/077_PS03447_p21.html,농촌진흥청 농업인안전365
66,8,자료실,기타,기타,방제복 등 농작업복의 개발현황 및 활용효과 (농촌진흥청 황경숙 박사),2010-05-12,203,226,https://farmer.rda.go.kr/portal/menu1/board_viw.do?menuId=PS03447&m_id=9004_9052&m_mod=0&bbsId=8&nttSn=66&num=203&pageIndex=21,,https://farmer.rda.go.kr/portal/menu1/board_lst.do?m_id=9004_9052&m_mod=0&menuId=PS03447&pageIndex=21,html/077_PS03447_p21.html,농촌진흥청 농업인안전365
67,8,자료실,기타,기타,3당의 농작업재해보장제도 법안 비교(원진노동환경건강연구소 임상혁 소장),2010-05-12,204,226,https://farmer.rda.go.kr/portal/menu1/board_viw.do?menuId=PS03447&m_id=9004_9052&m_mod=0&bbsId=8&nttSn=67&num=204&pageIndex=21,,https://farmer.rda.go.kr/portal/menu1/board_lst.do?m_id=9004_9052&m_mod=0&menuId=PS03447&pageIndex=21,html/077_PS03447_p21.html,농촌진흥청 농업인안전365
70,8,자료실,기타,기타,"편의장비 사업에서의 인간공학적 접근(박근상 교수, 건국대학교)",2010-05-11,205,226,https://farmer.rda.go.kr/portal/menu1/board_viw.do?menuId=PS03447&m_id=9004_9052&m_mod=0&bbsId=8&nttSn=70&num=205&pageIndex=21,,https://farmer.rda.go.kr/portal/menu1/board_lst.do?m_id=9004_9052&m_mod=0&menuId=PS03447&pageIndex=21,html/077_PS03447_p21.html,농촌진흥청 농업인안전365
68,8,자료실,기타,근골격계,"농업인의 근골격계 질환 예방 및 관리(정민예 교수, 연세대학교)",2010-05-11,206,226,https://farmer.rda.go.kr/portal/menu1/board_viw.do?menuId=PS03447&m_id=9004_9052&m_mod=0&bbsId=8&nttSn=68&num=206&pageIndex=21,,https://farmer.rda.go.kr/portal/menu1/board_lst.do?m_id=9004_9052&m_mod=0&menuId=PS03447&pageIndex=21,html/077_PS03447_p21.html,농촌진흥청 농업인안전365
71,8,자료실,기타,기타,농업인 안전보건 증진 발전방안 모색(연세대 고상백 교수),2010-05-11,207,226,https://farmer.rda.go.kr/portal/menu1/board_viw.do?menuId=PS03447&m_id=9004_9052&m_mod=0&bbsId=8&nttSn=71&num=207&pageIndex=21,,https://farmer.rda.go.kr/portal/menu1/board_lst.do?m_id=9004_9052&m_mod=0&menuId=PS03447&pageIndex=21,html/077_PS03447_p21.html,농촌진흥청 농업인안전365
69,8,자료실,기타,기타,"한국에서의 PAOT 경험(우극현 산업의학과장, 순천향대학교 구미병원)",2010-05-11,208,226,https://farmer.rda.go.kr/portal/menu1/board_viw.do?menuId=PS03447&m_id=9004_9052&m_mod=0&bbsId=8&nttSn=69&num=208&pageIndex=21,,https://farmer.rda.go.kr/portal/menu1/board_lst.do?m_id=9004_9052&m_mod=0&menuId=PS03447&pageIndex=21,html/077_PS03447_p21.html,농촌진흥청 농업인안전365
78,8,자료실,기타,기타,생체역학적 농작업 위험요인 평가 연구,2009-11-10,209,226,https://farmer.rda.go.kr/portal/menu1/board_viw.do?menuId=PS03447&m_id=9004_9052&m_mod=0&bbsId=8&nttSn=78&num=209&pageIndex=21,,https://farmer.rda.go.kr/portal/menu1/board_lst.do?m_id=9004_9052&m_mod=0&menuId=PS03447&pageIndex=21,html/077_PS03447_p21.html,농촌진흥청 농업인안전365
72,8,자료실,기타,기타,담뱃잎 수확작업자의 니코틴 노출 평가 - 이윤근,2009-11-10,210,226,https://farmer.rda.go.kr/portal/menu1/board_viw.do?menuId=PS03447&m_id=9004_9052&m_mod=0&bbsId=8&nttSn=72&num=210&pageIndex=21,https://farmer.rda.go.kr/portal/contentsFileDownload.do?atchFileGroupCd=A0000791&fileSn=1,https://farmer.rda.go.kr/portal/menu1/board_lst.do?m_id=9004_9052&m_mod=0&menuId=PS03447&pageIndex=21,html/077_PS03447_p21.html,농촌진흥청 농업인안전365
74,8,자료실,기타,기타,일본의 농작업재해 현황 및 예방대책_미쿠루베 마사미,2009-11-10,211,226,https://farmer.rda.go.kr/portal/menu1/board_viw.do?menuId=PS03447&m_id=9004_9052&m_mod=0&bbsId=8&nttSn=74&num=211&pageIndex=22,https://farmer.rda.go.kr/portal/contentsFileDownload.do?atchFileGroupCd=A0000792&fileSn=1,https://farmer.rda.go.kr/portal/menu1/board_lst.do?m_id=9004_9052&m_mod=0&menuId=PS03447&pageIndex=22,html/078_PS03447_p22.html,농촌진흥청 농업인안전365
73,8,자료실,기타,기타,"여름철 농업인의 건강과 안전, 어떻게 관리해야 하나?",2009-11-10,212,226,https://farmer.rda.go.kr/portal/menu1/board_viw.do?menuId=PS03447&m_id=9004_9052&m_mod=0&bbsId=8&nttSn=73&num=212&pageIndex=22,,https://farmer.rda.go.kr/portal/menu1/board_lst.do?m_id=9004_9052&m_mod=0&menuId=PS03447&pageIndex=22,html/078_PS03447_p22.html,농촌진흥청 농업인안전365
76,8,자료실,기타,기타,"미국 농업손상 통계의 현황(최성우, 국군대전병원)",2009-11-10,213,226,https://farmer.rda.go.kr/portal/menu1/board_viw.do?menuId=PS03447&m_id=9004_9052&m_mod=0&bbsId=8&nttSn=76&num=213&pageIndex=22,https://farmer.rda.go.kr/portal/contentsFileDownload.do?atchFileGroupCd=A0000794&fileSn=1,https://farmer.rda.go.kr/portal/menu1/board_lst.do?m_id=9004_9052&m_mod=0&menuId=PS03447&pageIndex=22,html/078_PS03447_p22.html,농촌진흥청 농업인안전365
77,8,자료실,기타,기타,"미국 및 캐나다 방문 보고(이원진 교수, 고려대학교)",2009-11-10,214,226,https://farmer.rda.go.kr/portal/menu1/board_viw.do?menuId=PS03447&m_id=9004_9052&m_mod=0&bbsId=8&nttSn=77&num=214&pageIndex=22,https://farmer.rda.go.kr/portal/contentsFileDownload.do?atchFileGroupCd=A0000795&fileSn=1,https://farmer.rda.go.kr/portal/menu1/board_lst.do?m_id=9004_9052&m_mod=0&menuId=PS03447&pageIndex=22,html/078_PS03447_p22.html,농촌진흥청 농업인안전365
75,8,자료실,기타,기타,ILO 농업산업보건협약의 문제점 및 개선방안_이관석,2009-11-10,215,226,https://farmer.rda.go.kr/portal/menu1/board_viw.do?menuId=PS03447&m_id=9004_9052&m_mod=0&bbsId=8&nttSn=75&num=215&pageIndex=22,https://farmer.rda.go.kr/portal/contentsFileDownload.do?atchFileGroupCd=A0000793&fileSn=1,https://farmer.rda.go.kr/portal/menu1/board_lst.do?m_id=9004_9052&m_mod=0&menuId=PS03447&pageIndex=22,html/078_PS03447_p22.html,농촌진흥청 농업인안전365
81,8,자료실,기타,기타,주민역량강화를 통한 건강증진 사업의 평가 전략 - 박기수,2009-08-31,216,226,https://farmer.rda.go.kr/portal/menu1/board_viw.do?menuId=PS03447&m_id=9004_9052&m_mod=0&bbsId=8&nttSn=81&num=216&pageIndex=22,https://farmer.rda.go.kr/portal/contentsFileDownload.do?atchFileGroupCd=A0000798&fileSn=1,https://farmer.rda.go.kr/portal/menu1/board_lst.do?m_id=9004_9052&m_mod=0&menuId=PS03447&pageIndex=22,html/078_PS03447_p22.html,농촌진흥청 농업인안전365
79,8,자료실,기타,기타,농작업재해 예방을 위한 국가관리 방향_이경숙,2009-08-31,217,226,https://farmer.rda.go.kr/portal/menu1/board_viw.do?menuId=PS03447&m_id=9004_9052&m_mod=0&bbsId=8&nttSn=79&num=217&pageIndex=22,https://farmer.rda.go.kr/portal/contentsFileDownload.do?atchFileGroupCd=A0000796&fileSn=1,https://farmer.rda.go.kr/portal/menu1/board_lst.do?m_id=9004_9052&m_mod=0&menuId=PS03447&pageIndex=22,html/078_PS03447_p22.html,농촌진흥청 농업인안전365
82,8,자료실,기타,농약·화학물질,농약에 의한 건강장해 연구에 대한 고찰 - 송재석,2009-08-31,218,226,https://farmer.rda.go.kr/portal/menu1/board_viw.do?menuId=PS03447&m_id=9004_9052&m_mod=0&bbsId=8&nttSn=82&num=218&pageIndex=22,https://farmer.rda.go.kr/portal/contentsFileDownload.do?atchFileGroupCd=A0000799&fileSn=1,https://farmer.rda.go.kr/portal/menu1/board_lst.do?m_id=9004_9052&m_mod=0&menuId=PS03447&pageIndex=22,html/078_PS03447_p22.html,농촌진흥청 농업인안전365
80,8,자료실,기타,기타,"How much exercise is enough for health and well-being?(전태원 교수, 서울대학교)",2009-08-31,219,226,https://farmer.rda.go.kr/portal/menu1/board_viw.do?menuId=PS03447&m_id=9004_9052&m_mod=0&bbsId=8&nttSn=80&num=219&pageIndex=22,https://farmer.rda.go.kr/portal/contentsFileDownload.do?atchFileGroupCd=A0000797&fileSn=1,https://farmer.rda.go.kr/portal/menu1/board_lst.do?m_id=9004_9052&m_mod=0&menuId=PS03447&pageIndex=22,html/078_PS03447_p22.html,농촌진흥청 농업인안전365
84,8,자료실,기타,기타,농림어업인의 업무상 재해와 질병,2009-06-03,220,226,https://farmer.rda.go.kr/portal/menu1/board_viw.do?menuId=PS03447&m_id=9004_9052&m_mod=0&bbsId=8&nttSn=84&num=220&pageIndex=22,https://farmer.rda.go.kr/portal/contentsFileDownload.do?atchFileGroupCd=A0000801&fileSn=1,https://farmer.rda.go.kr/portal/menu1/board_lst.do?m_id=9004_9052&m_mod=0&menuId=PS03447&pageIndex=22,html/078_PS03447_p22.html,농촌진흥청 농업인안전365
61,5,공지사항,공지사항,공지사항,농업인 건강안전 '영농기술정보'(영농활용) 업데이트 알림,2021-05-21,0,12,https://farmer.rda.go.kr/portal/menu1/board_viw.do?menuId=PS03448&m_id=3_18&m_mod=111&bbsId=5&nttSn=61&num=0&pageIndex=12,,https://farmer.rda.go.kr/portal/menu6/board_lst1.do?m_id=3_18&m_mod=0&menuId=PS03448&pageIndex=12,html/079_PS03448_p12.html,농촌진흥청 농업인안전365
62,5,공지사항,공지사항,응급대응,구급함 사용설명서 『응급처치 가이드』 배부 안내,2021-05-07,0,12,https://farmer.rda.go.kr/portal/menu1/board_viw.do?menuId=PS03448&m_id=3_18&m_mod=112&bbsId=5&nttSn=62&num=0&pageIndex=12,,https://farmer.rda.go.kr/portal/menu6/board_lst1.do?m_id=3_18&m_mod=0&menuId=PS03448&pageIndex=12,html/079_PS03448_p12.html,농촌진흥청 농업인안전365
63,5,공지사항,공지사항,공지사항,농업인 안전보건 관련 논문(초록) 업데이트 알림,2021-04-16,0,12,https://farmer.rda.go.kr/portal/menu1/board_viw.do?menuId=PS03448&m_id=3_18&m_mod=113&bbsId=5&nttSn=63&num=0&pageIndex=12,,https://farmer.rda.go.kr/portal/menu6/board_lst1.do?m_id=3_18&m_mod=0&menuId=PS03448&pageIndex=12,html/079_PS03448_p12.html,농촌진흥청 농업인안전365
64,5,공지사항,공지사항,안전교육,『양돈 작업환경관리』 교육용 리플릿 배부 안내(농업기술센터 등),2021-04-07,0,12,https://farmer.rda.go.kr/portal/menu1/board_viw.do?menuId=PS03448&m_id=3_18&m_mod=114&bbsId=5&nttSn=64&num=0&pageIndex=12,,https://farmer.rda.go.kr/portal/menu6/board_lst1.do?m_id=3_18&m_mod=0&menuId=PS03448&pageIndex=12,html/079_PS03448_p12.html,농촌진흥청 농업인안전365
65,5,공지사항,공지사항,간행물,『농작업안전 포스터』 배부 안내(농업기술센터 등 대상),2021-03-03,0,12,https://farmer.rda.go.kr/portal/menu1/board_viw.do?menuId=PS03448&m_id=3_18&m_mod=115&bbsId=5&nttSn=65&num=0&pageIndex=12,,https://farmer.rda.go.kr/portal/menu6/board_lst1.do?m_id=3_18&m_mod=0&menuId=PS03448&pageIndex=12,html/079_PS03448_p12.html,농촌진흥청 농업인안전365
66,5,공지사항,공지사항,근골격계,농업인 근골격계 맞춤 예방운동방법 영상 업데이트,2021-01-22,0,12,https://farmer.rda.go.kr/portal/menu1/board_viw.do?menuId=PS03448&m_id=3_18&m_mod=116&bbsId=5&nttSn=66&num=0&pageIndex=12,,https://farmer.rda.go.kr/portal/menu6/board_lst1.do?m_id=3_18&m_mod=0&menuId=PS03448&pageIndex=12,html/079_PS03448_p12.html,농촌진흥청 농업인안전365
67,5,공지사항,공지사항,간행물,2020년도 간행물 등록 업데이트 알림,2020-12-31,0,12,https://farmer.rda.go.kr/portal/menu1/board_viw.do?menuId=PS03448&m_id=3_18&m_mod=117&bbsId=5&nttSn=67&num=0&pageIndex=12,,https://farmer.rda.go.kr/portal/menu6/board_lst1.do?m_id=3_18&m_mod=0&menuId=PS03448&pageIndex=12,html/079_PS03448_p12.html,농촌진흥청 농업인안전365
68,5,공지사항,공지사항,간행물,농촌진흥청 발간책자 8월 신규 등록 알림,2020-07-30,0,12,https://farmer.rda.go.kr/portal/menu1/board_viw.do?menuId=PS03448&m_id=3_18&m_mod=118&bbsId=5&nttSn=68&num=0&pageIndex=12,,https://farmer.rda.go.kr/portal/menu6/board_lst1.do?m_id=3_18&m_mod=0&menuId=PS03448&pageIndex=12,html/079_PS03448_p12.html,농촌진흥청 농업인안전365
69,5,공지사항,공지사항,간행물,농촌진흥청 발간책자 7월 신규 등록 알림,2020-07-03,0,12,https://farmer.rda.go.kr/portal/menu1/board_viw.do?menuId=PS03448&m_id=3_18&m_mod=119&bbsId=5&nttSn=69&num=0&pageIndex=12,,https://farmer.rda.go.kr/portal/menu6/board_lst1.do?m_id=3_18&m_mod=0&menuId=PS03448&pageIndex=12,html/079_PS03448_p12.html,농촌진흥청 농업인안전365
70,5,공지사항,공지사항,공지사항,(설문조사/종료) 농업인안전365 개선을 위한 사용자 온라인 설문조사 게시,2020-05-29,0,12,https://farmer.rda.go.kr/portal/menu1/board_viw.do?menuId=PS03448&m_id=3_18&m_mod=120&bbsId=5&nttSn=70&num=0&pageIndex=12,,https://farmer.rda.go.kr/portal/menu6/board_lst1.do?m_id=3_18&m_mod=0&menuId=PS03448&pageIndex=12,html/079_PS03448_p12.html,농촌진흥청 농업인안전365
71,5,공지사항,공지사항,공지사항,2019년 농업인 업무상 질병 및 손상조사(손상부문) 공표 예정 안내,2020-03-30,0,13,https://farmer.rda.go.kr/portal/menu1/board_viw.do?menuId=PS03448&m_id=3_18&m_mod=121&bbsId=5&nttSn=71&num=0&pageIndex=13,,https://farmer.rda.go.kr/portal/menu6/board_lst1.do?m_id=3_18&m_mod=0&menuId=PS03448&pageIndex=13,html/080_PS03448_p13.html,농촌진흥청 농업인안전365
72,5,공지사항,공지사항,공지사항,코로나19 우리 함께 극복해요 - 농업인 건강체조로,2020-03-13,0,13,https://farmer.rda.go.kr/portal/menu1/board_viw.do?menuId=PS03448&m_id=3_18&m_mod=122&bbsId=5&nttSn=72&num=0&pageIndex=13,,https://farmer.rda.go.kr/portal/menu6/board_lst1.do?m_id=3_18&m_mod=0&menuId=PS03448&pageIndex=13,html/080_PS03448_p13.html,농촌진흥청 농업인안전365
73,5,공지사항,공지사항,공지사항,(종료)2019년 농업인 건강안전 정보센터 수혜자 만족도 조사,2019-11-15,0,13,https://farmer.rda.go.kr/portal/menu1/board_viw.do?menuId=PS03448&m_id=3_18&m_mod=123&bbsId=5&nttSn=73&num=0&pageIndex=13,,https://farmer.rda.go.kr/portal/menu6/board_lst1.do?m_id=3_18&m_mod=0&menuId=PS03448&pageIndex=13,html/080_PS03448_p13.html,농촌진흥청 농업인안전365
74,5,공지사항,공지사항,공지사항,농업인 건강연구회 2019년 7월 세미나(70차),2019-07-16,0,13,https://farmer.rda.go.kr/portal/menu1/board_viw.do?menuId=PS03448&m_id=3_18&m_mod=124&bbsId=5&nttSn=74&num=0&pageIndex=13,,https://farmer.rda.go.kr/portal/menu6/board_lst1.do?m_id=3_18&m_mod=0&menuId=PS03448&pageIndex=13,html/080_PS03448_p13.html,농촌진흥청 농업인안전365
75,5,공지사항,공지사항,공지사항,농업인 건강연구회 2019년 6월 세미나(69차),2019-06-10,0,13,https://farmer.rda.go.kr/portal/menu1/board_viw.do?menuId=PS03448&m_id=3_18&m_mod=125&bbsId=5&nttSn=75&num=0&pageIndex=13,,https://farmer.rda.go.kr/portal/menu6/board_lst1.do?m_id=3_18&m_mod=0&menuId=PS03448&pageIndex=13,html/080_PS03448_p13.html,농촌진흥청 농업인안전365
76,5,공지사항,공지사항,공지사항,농업인 건강연구회 2019년 5월 세미나(68차),2019-04-30,0,13,https://farmer.rda.go.kr/portal/menu1/board_viw.do?menuId=PS03448&m_id=3_18&m_mod=126&bbsId=5&nttSn=76&num=0&pageIndex=13,,https://farmer.rda.go.kr/portal/menu6/board_lst1.do?m_id=3_18&m_mod=0&menuId=PS03448&pageIndex=13,html/080_PS03448_p13.html,농촌진흥청 농업인안전365
77,5,공지사항,공지사항,공지사항,농작업안전보건기사 실기시험 시행공고,2019-04-23,0,13,https://farmer.rda.go.kr/portal/menu1/board_viw.do?menuId=PS03448&m_id=3_18&m_mod=127&bbsId=5&nttSn=77&num=0&pageIndex=13,,https://farmer.rda.go.kr/portal/menu6/board_lst1.do?m_id=3_18&m_mod=0&menuId=PS03448&pageIndex=13,html/080_PS03448_p13.html,농촌진흥청 농업인안전365
78,5,공지사항,공지사항,공지사항,(종료)농업과학기반기술 정보서비스 브랜드 명칭 공모,2019-04-16,0,13,https://farmer.rda.go.kr/portal/menu1/board_viw.do?menuId=PS03448&m_id=3_18&m_mod=128&bbsId=5&nttSn=78&num=0&pageIndex=13,,https://farmer.rda.go.kr/portal/menu6/board_lst1.do?m_id=3_18&m_mod=0&menuId=PS03448&pageIndex=13,html/080_PS03448_p13.html,농촌진흥청 농업인안전365
79,5,공지사항,공지사항,공지사항,농작업안전보건기사 시험 일정 및 출제기준,2018-10-18,0,13,https://farmer.rda.go.kr/portal/menu1/board_viw.do?menuId=PS03448&m_id=3_18&m_mod=129&bbsId=5&nttSn=79&num=0&pageIndex=13,,https://farmer.rda.go.kr/portal/menu6/board_lst1.do?m_id=3_18&m_mod=0&menuId=PS03448&pageIndex=13,html/080_PS03448_p13.html,농촌진흥청 농업인안전365
80,5,공지사항,공지사항,공지사항,농업인 건강연구회 2018년 7월 세미나(67차),2018-07-17,0,13,https://farmer.rda.go.kr/portal/menu1/board_viw.do?menuId=PS03448&m_id=3_18&m_mod=130&bbsId=5&nttSn=80&num=0&pageIndex=13,,https://farmer.rda.go.kr/portal/menu6/board_lst1.do?m_id=3_18&m_mod=0&menuId=PS03448&pageIndex=13,html/080_PS03448_p13.html,농촌진흥청 농업인안전365
81,5,공지사항,공지사항,공지사항,농업인 건강연구회 2018년 5월 세미나(66차),2018-05-21,0,14,https://farmer.rda.go.kr/portal/menu1/board_viw.do?menuId=PS03448&m_id=3_18&m_mod=131&bbsId=5&nttSn=81&num=0&pageIndex=14,,https://farmer.rda.go.kr/portal/menu6/board_lst1.do?m_id=3_18&m_mod=0&menuId=PS03448&pageIndex=14,html/081_PS03448_p14.html,농촌진흥청 농업인안전365
82,5,공지사항,공지사항,공지사항,농업인 건강연구회 2018년 3월 세미나(65차),2018-03-19,0,14,https://farmer.rda.go.kr/portal/menu1/board_viw.do?menuId=PS03448&m_id=3_18&m_mod=132&bbsId=5&nttSn=82&num=0&pageIndex=14,,https://farmer.rda.go.kr/portal/menu6/board_lst1.do?m_id=3_18&m_mod=0&menuId=PS03448&pageIndex=14,html/081_PS03448_p14.html,농촌진흥청 농업인안전365
83,5,공지사항,공지사항,공지사항,농진청 2018년 농작업 재해예방을 위한 전문가 육성 농작업안전보건기사 자격시험 시행,2018-01-15,0,14,https://farmer.rda.go.kr/portal/menu1/board_viw.do?menuId=PS03448&m_id=3_18&m_mod=133&bbsId=5&nttSn=83&num=0&pageIndex=14,,https://farmer.rda.go.kr/portal/menu6/board_lst1.do?m_id=3_18&m_mod=0&menuId=PS03448&pageIndex=14,html/081_PS03448_p14.html,농촌진흥청 농업인안전365
84,5,공지사항,공지사항,공지사항,고령 농어업인의 소외/우울/자살 예방 다부처 공동기획 과제 공청회 안내,2017-12-04,0,14,https://farmer.rda.go.kr/portal/menu1/board_viw.do?menuId=PS03448&m_id=3_18&m_mod=134&bbsId=5&nttSn=84&num=0&pageIndex=14,,https://farmer.rda.go.kr/portal/menu6/board_lst1.do?m_id=3_18&m_mod=0&menuId=PS03448&pageIndex=14,html/081_PS03448_p14.html,농촌진흥청 농업인안전365
85,5,공지사항,공지사항,공지사항,농업인 건강연구회 2017년 8월 세미나(63차) + 국제심포지엄 개최 안내,2017-08-28,0,14,https://farmer.rda.go.kr/portal/menu1/board_viw.do?menuId=PS03448&m_id=3_18&m_mod=135&bbsId=5&nttSn=85&num=0&pageIndex=14,,https://farmer.rda.go.kr/portal/menu6/board_lst1.do?m_id=3_18&m_mod=0&menuId=PS03448&pageIndex=14,html/081_PS03448_p14.html,농촌진흥청 농업인안전365
86,5,공지사항,공지사항,공지사항,농업인 건강연구회 2017년 6월 세미나(62차),2017-06-07,0,14,https://farmer.rda.go.kr/portal/menu1/board_viw.do?menuId=PS03448&m_id=3_18&m_mod=136&bbsId=5&nttSn=86&num=0&pageIndex=14,,https://farmer.rda.go.kr/portal/menu6/board_lst1.do?m_id=3_18&m_mod=0&menuId=PS03448&pageIndex=14,html/081_PS03448_p14.html,농촌진흥청 농업인안전365
87,5,공지사항,공지사항,공지사항,농업인 건강연구회 2017년 4월 세미나(60차),2017-04-12,0,14,https://farmer.rda.go.kr/portal/menu1/board_viw.do?menuId=PS03448&m_id=3_18&m_mod=137&bbsId=5&nttSn=87&num=0&pageIndex=14,,https://farmer.rda.go.kr/portal/menu6/board_lst1.do?m_id=3_18&m_mod=0&menuId=PS03448&pageIndex=14,html/081_PS03448_p14.html,농촌진흥청 농업인안전365
88,5,공지사항,공지사항,공지사항,통합검색 서비스 일시 중지 안내(3.28 (화)18:30~ 20:00),2017-03-28,0,14,https://farmer.rda.go.kr/portal/menu1/board_viw.do?menuId=PS03448&m_id=3_18&m_mod=138&bbsId=5&nttSn=88&num=0&pageIndex=14,,https://farmer.rda.go.kr/portal/menu6/board_lst1.do?m_id=3_18&m_mod=0&menuId=PS03448&pageIndex=14,html/081_PS03448_p14.html,농촌진흥청 농업인안전365
89,5,공지사항,공지사항,공지사항,농업인 건강연구회 2017년 3월 세미나(59차),2017-03-09,0,14,https://farmer.rda.go.kr/portal/menu1/board_viw.do?menuId=PS03448&m_id=3_18&m_mod=139&bbsId=5&nttSn=89&num=0&pageIndex=14,,https://farmer.rda.go.kr/portal/menu6/board_lst1.do?m_id=3_18&m_mod=0&menuId=PS03448&pageIndex=14,html/081_PS03448_p14.html,농촌진흥청 농업인안전365
90,5,공지사항,공지사항,공지사항,농업인 건강연구회 2017년 2월 세미나(58차),2017-02-21,0,14,https://farmer.rda.go.kr/portal/menu1/board_viw.do?menuId=PS03448&m_id=3_18&m_mod=140&bbsId=5&nttSn=90&num=0&pageIndex=14,,https://farmer.rda.go.kr/portal/menu6/board_lst1.do?m_id=3_18&m_mod=0&menuId=PS03448&pageIndex=14,html/081_PS03448_p14.html,농촌진흥청 농업인안전365
91,5,공지사항,공지사항,공지사항,농업인 건강연구회 2017년 1월 세미나(57차),2017-01-23,0,15,https://farmer.rda.go.kr/portal/menu1/board_viw.do?menuId=PS03448&m_id=3_18&m_mod=141&bbsId=5&nttSn=91&num=0&pageIndex=15,,https://farmer.rda.go.kr/portal/menu6/board_lst1.do?m_id=3_18&m_mod=0&menuId=PS03448&pageIndex=15,html/082_PS03448_p15.html,농촌진흥청 농업인안전365
92,5,공지사항,공지사항,공지사항,농업인 건강연구회 2016년 12월 세미나(56차),2016-12-13,0,15,https://farmer.rda.go.kr/portal/menu1/board_viw.do?menuId=PS03448&m_id=3_18&m_mod=142&bbsId=5&nttSn=92&num=0&pageIndex=15,,https://farmer.rda.go.kr/portal/menu6/board_lst1.do?m_id=3_18&m_mod=0&menuId=PS03448&pageIndex=15,html/082_PS03448_p15.html,농촌진흥청 농업인안전365
93,5,공지사항,공지사항,공지사항,농업인 건강연구회 2016년 11월 세미나(55차),2016-11-08,0,15,https://farmer.rda.go.kr/portal/menu1/board_viw.do?menuId=PS03448&m_id=3_18&m_mod=143&bbsId=5&nttSn=93&num=0&pageIndex=15,,https://farmer.rda.go.kr/portal/menu6/board_lst1.do?m_id=3_18&m_mod=0&menuId=PS03448&pageIndex=15,html/082_PS03448_p15.html,농촌진흥청 농업인안전365
94,5,공지사항,공지사항,공지사항,농업인 건강연구회 2016년 10월 세미나(54차),2016-10-10,0,15,https://farmer.rda.go.kr/portal/menu1/board_viw.do?menuId=PS03448&m_id=3_18&m_mod=144&bbsId=5&nttSn=94&num=0&pageIndex=15,,https://farmer.rda.go.kr/portal/menu6/board_lst1.do?m_id=3_18&m_mod=0&menuId=PS03448&pageIndex=15,html/082_PS03448_p15.html,농촌진흥청 농업인안전365
95,5,공지사항,공지사항,공지사항,농업인 건강연구회 2016년 6차(53회) 세미나,2016-06-15,0,15,https://farmer.rda.go.kr/portal/menu1/board_viw.do?menuId=PS03448&m_id=3_18&m_mod=145&bbsId=5&nttSn=95&num=0&pageIndex=15,,https://farmer.rda.go.kr/portal/menu6/board_lst1.do?m_id=3_18&m_mod=0&menuId=PS03448&pageIndex=15,html/082_PS03448_p15.html,농촌진흥청 농업인안전365
96,5,공지사항,공지사항,공지사항,농업인 건강연구회 2016년 5차(52회) 세미나,2016-05-18,0,15,https://farmer.rda.go.kr/portal/menu1/board_viw.do?menuId=PS03448&m_id=3_18&m_mod=146&bbsId=5&nttSn=96&num=0&pageIndex=15,,https://farmer.rda.go.kr/portal/menu6/board_lst1.do?m_id=3_18&m_mod=0&menuId=PS03448&pageIndex=15,html/082_PS03448_p15.html,농촌진흥청 농업인안전365
97,5,공지사항,공지사항,공지사항,농업인 건강연구회 2016년 4차(51회) 세미나,2016-04-15,0,15,https://farmer.rda.go.kr/portal/menu1/board_viw.do?menuId=PS03448&m_id=3_18&m_mod=147&bbsId=5&nttSn=97&num=0&pageIndex=15,,https://farmer.rda.go.kr/portal/menu6/board_lst1.do?m_id=3_18&m_mod=0&menuId=PS03448&pageIndex=15,html/082_PS03448_p15.html,농촌진흥청 농업인안전365
98,5,공지사항,공지사항,공지사항,농업인 건강연구회 2016년 3차(50회) 세미나,2016-03-04,0,15,https://farmer.rda.go.kr/portal/menu1/board_viw.do?menuId=PS03448&m_id=3_18&m_mod=148&bbsId=5&nttSn=98&num=0&pageIndex=15,,https://farmer.rda.go.kr/portal/menu6/board_lst1.do?m_id=3_18&m_mod=0&menuId=PS03448&pageIndex=15,html/082_PS03448_p15.html,농촌진흥청 농업인안전365
99,5,공지사항,공지사항,공지사항,농업인 건강연구회 2016년 2차(49회) 세미나,2016-02-04,0,15,https://farmer.rda.go.kr/portal/menu1/board_viw.do?menuId=PS03448&m_id=3_18&m_mod=149&bbsId=5&nttSn=99&num=0&pageIndex=15,,https://farmer.rda.go.kr/portal/menu6/board_lst1.do?m_id=3_18&m_mod=0&menuId=PS03448&pageIndex=15,html/082_PS03448_p15.html,농촌진흥청 농업인안전365
100,5,공지사항,공지사항,공지사항,'ICOH' 농작업안전보건 국제 심포지엄,2015-06-15,0,15,https://farmer.rda.go.kr/portal/menu1/board_viw.do?menuId=PS03448&m_id=3_18&m_mod=150&bbsId=5&nttSn=100&num=0&pageIndex=15,,https://farmer.rda.go.kr/portal/menu6/board_lst1.do?m_id=3_18&m_mod=0&menuId=PS03448&pageIndex=15,html/082_PS03448_p15.html,농촌진흥청 농업인안전365
101,5,공지사항,공지사항,공지사항,농업인 건강연구회 2015년 2차(46회) 세미나,2015-06-15,0,16,https://farmer.rda.go.kr/portal/menu1/board_viw.do?menuId=PS03448&m_id=3_18&m_mod=151&bbsId=5&nttSn=101&num=0&pageIndex=16,,https://farmer.rda.go.kr/portal/menu6/board_lst1.do?m_id=3_18&m_mod=0&menuId=PS03448&pageIndex=16,html/083_PS03448_p16.html,농촌진흥청 농업인안전365
102,5,공지사항,공지사항,공지사항,농업인 건강연구회 2015년 1차(45회) 세미나,2015-06-15,0,16,https://farmer.rda.go.kr/portal/menu1/board_viw.do?menuId=PS03448&m_id=3_18&m_mod=152&bbsId=5&nttSn=102&num=0&pageIndex=16,,https://farmer.rda.go.kr/portal/menu6/board_lst1.do?m_id=3_18&m_mod=0&menuId=PS03448&pageIndex=16,html/083_PS03448_p16.html,농촌진흥청 농업인안전365
103,5,공지사항,공지사항,공지사항,농업인 건강 관련 사용자 매뉴얼,2015-03-20,0,16,https://farmer.rda.go.kr/portal/menu1/board_viw.do?menuId=PS03448&m_id=3_18&m_mod=153&bbsId=5&nttSn=103&num=0&pageIndex=16,,https://farmer.rda.go.kr/portal/menu6/board_lst1.do?m_id=3_18&m_mod=0&menuId=PS03448&pageIndex=16,html/083_PS03448_p16.html,농촌진흥청 농업인안전365
104,5,공지사항,공지사항,공지사항,농업인 건강연구회 2014년 4차(44회) 세미나,2014-10-08,0,16,https://farmer.rda.go.kr/portal/menu1/board_viw.do?menuId=PS03448&m_id=3_18&m_mod=154&bbsId=5&nttSn=104&num=0&pageIndex=16,,https://farmer.rda.go.kr/portal/menu6/board_lst1.do?m_id=3_18&m_mod=0&menuId=PS03448&pageIndex=16,html/083_PS03448_p16.html,농촌진흥청 농업인안전365
105,5,공지사항,공지사항,공지사항,농업인 건강연구회 2014년 3차(43회) 세미나,2014-03-13,0,16,https://farmer.rda.go.kr/portal/menu1/board_viw.do?menuId=PS03448&m_id=3_18&m_mod=155&bbsId=5&nttSn=105&num=0&pageIndex=16,,https://farmer.rda.go.kr/portal/menu6/board_lst1.do?m_id=3_18&m_mod=0&menuId=PS03448&pageIndex=16,html/083_PS03448_p16.html,농촌진흥청 농업인안전365
106,5,공지사항,공지사항,공지사항,농업인 건강연구회 2014년 2차(42회) 세미나,2014-03-13,0,16,https://farmer.rda.go.kr/portal/menu1/board_viw.do?menuId=PS03448&m_id=3_18&m_mod=156&bbsId=5&nttSn=106&num=0&pageIndex=16,,https://farmer.rda.go.kr/portal/menu6/board_lst1.do?m_id=3_18&m_mod=0&menuId=PS03448&pageIndex=16,html/083_PS03448_p16.html,농촌진흥청 농업인안전365
107,5,공지사항,공지사항,공지사항,농업인 건강연구회 2013년 6차(40회) 세미나,2013-12-10,0,16,https://farmer.rda.go.kr/portal/menu1/board_viw.do?menuId=PS03448&m_id=3_18&m_mod=157&bbsId=5&nttSn=107&num=0&pageIndex=16,,https://farmer.rda.go.kr/portal/menu6/board_lst1.do?m_id=3_18&m_mod=0&menuId=PS03448&pageIndex=16,html/083_PS03448_p16.html,농촌진흥청 농업인안전365
108,5,공지사항,공지사항,공지사항,농업인 건강연구회 2013년 5차(39회) 세미나,2013-11-14,0,16,https://farmer.rda.go.kr/portal/menu1/board_viw.do?menuId=PS03448&m_id=3_18&m_mod=158&bbsId=5&nttSn=108&num=0&pageIndex=16,,https://farmer.rda.go.kr/portal/menu6/board_lst1.do?m_id=3_18&m_mod=0&menuId=PS03448&pageIndex=16,html/083_PS03448_p16.html,농촌진흥청 농업인안전365
109,5,공지사항,공지사항,공지사항,농업인 건강연구회 2013년 4차(38회) 세미나,2013-06-07,0,16,https://farmer.rda.go.kr/portal/menu1/board_viw.do?menuId=PS03448&m_id=3_18&m_mod=159&bbsId=5&nttSn=109&num=0&pageIndex=16,,https://farmer.rda.go.kr/portal/menu6/board_lst1.do?m_id=3_18&m_mod=0&menuId=PS03448&pageIndex=16,html/083_PS03448_p16.html,농촌진흥청 농업인안전365
110,5,공지사항,공지사항,공지사항,농업인 건강연구회 2013년 3차(37회) 세미나,2013-04-05,0,16,https://farmer.rda.go.kr/portal/menu1/board_viw.do?menuId=PS03448&m_id=3_18&m_mod=160&bbsId=5&nttSn=110&num=0&pageIndex=16,,https://farmer.rda.go.kr/portal/menu6/board_lst1.do?m_id=3_18&m_mod=0&menuId=PS03448&pageIndex=16,html/083_PS03448_p16.html,농촌진흥청 농업인안전365
111,5,공지사항,공지사항,공지사항,농업인 건강연구회 2013년 2차(36회) 세미나,2013-02-12,0,17,https://farmer.rda.go.kr/portal/menu1/board_viw.do?menuId=PS03448&m_id=3_18&m_mod=161&bbsId=5&nttSn=111&num=0&pageIndex=17,,https://farmer.rda.go.kr/portal/menu6/board_lst1.do?m_id=3_18&m_mod=0&menuId=PS03448&pageIndex=17,html/084_PS03448_p17.html,농촌진흥청 농업인안전365
112,5,공지사항,공지사항,공지사항,농업인 건강연구회 2013년 1차(35회) 세미나,2013-01-09,0,17,https://farmer.rda.go.kr/portal/menu1/board_viw.do?menuId=PS03448&m_id=3_18&m_mod=162&bbsId=5&nttSn=112&num=0&pageIndex=17,,https://farmer.rda.go.kr/portal/menu6/board_lst1.do?m_id=3_18&m_mod=0&menuId=PS03448&pageIndex=17,html/084_PS03448_p17.html,농촌진흥청 농업인안전365
113,5,공지사항,공지사항,공지사항,농업인 건강연구회 2012년 8차(34회) 세미나,2012-10-09,0,17,https://farmer.rda.go.kr/portal/menu1/board_viw.do?menuId=PS03448&m_id=3_18&m_mod=163&bbsId=5&nttSn=113&num=0&pageIndex=17,,https://farmer.rda.go.kr/portal/menu6/board_lst1.do?m_id=3_18&m_mod=0&menuId=PS03448&pageIndex=17,html/084_PS03448_p17.html,농촌진흥청 농업인안전365
114,5,공지사항,공지사항,공지사항,농업인 건강연구회 2012년 7차(33회) 세미나,2012-09-05,0,17,https://farmer.rda.go.kr/portal/menu1/board_viw.do?menuId=PS03448&m_id=3_18&m_mod=164&bbsId=5&nttSn=114&num=0&pageIndex=17,,https://farmer.rda.go.kr/portal/menu6/board_lst1.do?m_id=3_18&m_mod=0&menuId=PS03448&pageIndex=17,html/084_PS03448_p17.html,농촌진흥청 농업인안전365
115,5,공지사항,공지사항,공지사항,농업인 건강연구회 2012년 6차(32회) 세미나,2012-07-10,0,17,https://farmer.rda.go.kr/portal/menu1/board_viw.do?menuId=PS03448&m_id=3_18&m_mod=165&bbsId=5&nttSn=115&num=0&pageIndex=17,,https://farmer.rda.go.kr/portal/menu6/board_lst1.do?m_id=3_18&m_mod=0&menuId=PS03448&pageIndex=17,html/084_PS03448_p17.html,농촌진흥청 농업인안전365
116,5,공지사항,공지사항,공지사항,농업인 건강연구회 2012년 5차(31회) 세미나,2012-06-04,0,17,https://farmer.rda.go.kr/portal/menu1/board_viw.do?menuId=PS03448&m_id=3_18&m_mod=166&bbsId=5&nttSn=116&num=0&pageIndex=17,,https://farmer.rda.go.kr/portal/menu6/board_lst1.do?m_id=3_18&m_mod=0&menuId=PS03448&pageIndex=17,html/084_PS03448_p17.html,농촌진흥청 농업인안전365
117,5,공지사항,공지사항,공지사항,농업인 건강연구회 2012년 4차(30회) 세미나,2012-05-03,0,17,https://farmer.rda.go.kr/portal/menu1/board_viw.do?menuId=PS03448&m_id=3_18&m_mod=167&bbsId=5&nttSn=117&num=0&pageIndex=17,,https://farmer.rda.go.kr/portal/menu6/board_lst1.do?m_id=3_18&m_mod=0&menuId=PS03448&pageIndex=17,html/084_PS03448_p17.html,농촌진흥청 농업인안전365
118,5,공지사항,공지사항,공지사항,농업인 건강연구회 2012년 3차(29회) 세미나,2012-04-06,0,17,https://farmer.rda.go.kr/portal/menu1/board_viw.do?menuId=PS03448&m_id=3_18&m_mod=168&bbsId=5&nttSn=118&num=0&pageIndex=17,,https://farmer.rda.go.kr/portal/menu6/board_lst1.do?m_id=3_18&m_mod=0&menuId=PS03448&pageIndex=17,html/084_PS03448_p17.html,농촌진흥청 농업인안전365
119,5,공지사항,공지사항,공지사항,농업인 건강연구회 2012년 2차(28회) 세미나,2012-02-07,0,17,https://farmer.rda.go.kr/portal/menu1/board_viw.do?menuId=PS03448&m_id=3_18&m_mod=169&bbsId=5&nttSn=119&num=0&pageIndex=17,,https://farmer.rda.go.kr/portal/menu6/board_lst1.do?m_id=3_18&m_mod=0&menuId=PS03448&pageIndex=17,html/084_PS03448_p17.html,농촌진흥청 농업인안전365
120,5,공지사항,공지사항,공지사항,농업인 건강연구회 2012년 1차(27회) 세미나 안내,2012-01-10,0,17,https://farmer.rda.go.kr/portal/menu1/board_viw.do?menuId=PS03448&m_id=3_18&m_mod=170&bbsId=5&nttSn=120&num=0&pageIndex=17,,https://farmer.rda.go.kr/portal/menu6/board_lst1.do?m_id=3_18&m_mod=0&menuId=PS03448&pageIndex=17,html/084_PS03448_p17.html,농촌진흥청 농업인안전365
121,5,공지사항,공지사항,공지사항,强少農은 건강한 농업인으로 한·일 공동 농작업안전 심포지엄,2011-11-28,0,18,https://farmer.rda.go.kr/portal/menu1/board_viw.do?menuId=PS03448&m_id=3_18&m_mod=171&bbsId=5&nttSn=121&num=0&pageIndex=18,,https://farmer.rda.go.kr/portal/menu6/board_lst1.do?m_id=3_18&m_mod=0&menuId=PS03448&pageIndex=18,html/085_PS03448_p18.html,농촌진흥청 농업인안전365
122,5,공지사항,공지사항,공지사항,농업인 건강연구회 2011년 7차(25회) 세미나,2011-10-12,0,18,https://farmer.rda.go.kr/portal/menu1/board_viw.do?menuId=PS03448&m_id=3_18&m_mod=172&bbsId=5&nttSn=122&num=0&pageIndex=18,,https://farmer.rda.go.kr/portal/menu6/board_lst1.do?m_id=3_18&m_mod=0&menuId=PS03448&pageIndex=18,html/085_PS03448_p18.html,농촌진흥청 농업인안전365
123,5,공지사항,공지사항,공지사항,농업인 건강연구회 2011년 6차(제24회) 세미나,2011-09-07,0,18,https://farmer.rda.go.kr/portal/menu1/board_viw.do?menuId=PS03448&m_id=3_18&m_mod=173&bbsId=5&nttSn=123&num=0&pageIndex=18,,https://farmer.rda.go.kr/portal/menu6/board_lst1.do?m_id=3_18&m_mod=0&menuId=PS03448&pageIndex=18,html/085_PS03448_p18.html,농촌진흥청 농업인안전365
124,5,공지사항,공지사항,공지사항,농업인 건강연구회 2011년 4차(제22회) 세미나,2011-06-08,0,18,https://farmer.rda.go.kr/portal/menu1/board_viw.do?menuId=PS03448&m_id=3_18&m_mod=174&bbsId=5&nttSn=124&num=0&pageIndex=18,,https://farmer.rda.go.kr/portal/menu6/board_lst1.do?m_id=3_18&m_mod=0&menuId=PS03448&pageIndex=18,html/085_PS03448_p18.html,농촌진흥청 농업인안전365
125,5,공지사항,공지사항,공지사항,농업인 건강연구회 2011년 3차(제21회) 세미나,2011-05-09,0,18,https://farmer.rda.go.kr/portal/menu1/board_viw.do?menuId=PS03448&m_id=3_18&m_mod=175&bbsId=5&nttSn=125&num=0&pageIndex=18,,https://farmer.rda.go.kr/portal/menu6/board_lst1.do?m_id=3_18&m_mod=0&menuId=PS03448&pageIndex=18,html/085_PS03448_p18.html,농촌진흥청 농업인안전365
126,5,공지사항,공지사항,공지사항,농업인 건강연구회 2011년 2차(제20회) 세미나,2011-04-08,0,18,https://farmer.rda.go.kr/portal/menu1/board_viw.do?menuId=PS03448&m_id=3_18&m_mod=176&bbsId=5&nttSn=126&num=0&pageIndex=18,,https://farmer.rda.go.kr/portal/menu6/board_lst1.do?m_id=3_18&m_mod=0&menuId=PS03448&pageIndex=18,html/085_PS03448_p18.html,농촌진흥청 농업인안전365
127,5,공지사항,공지사항,공지사항,농업인 건강연구회 2011년 1차(제19회) 세미나 공지,2011-03-08,0,18,https://farmer.rda.go.kr/portal/menu1/board_viw.do?menuId=PS03448&m_id=3_18&m_mod=177&bbsId=5&nttSn=127&num=0&pageIndex=18,,https://farmer.rda.go.kr/portal/menu6/board_lst1.do?m_id=3_18&m_mod=0&menuId=PS03448&pageIndex=18,html/085_PS03448_p18.html,농촌진흥청 농업인안전365
128,5,공지사항,공지사항,공지사항,농업인 건강연구회 2010년 10차(제18회) 세미나,2010-11-16,0,18,https://farmer.rda.go.kr/portal/menu1/board_viw.do?menuId=PS03448&m_id=3_18&m_mod=178&bbsId=5&nttSn=128&num=0&pageIndex=18,,https://farmer.rda.go.kr/portal/menu6/board_lst1.do?m_id=3_18&m_mod=0&menuId=PS03448&pageIndex=18,html/085_PS03448_p18.html,농촌진흥청 농업인안전365
129,5,공지사항,공지사항,공지사항,농업인 건강연구회 제17회 세미나 공지,2010-10-18,0,18,https://farmer.rda.go.kr/portal/menu1/board_viw.do?menuId=PS03448&m_id=3_18&m_mod=179&bbsId=5&nttSn=129&num=0&pageIndex=18,,https://farmer.rda.go.kr/portal/menu6/board_lst1.do?m_id=3_18&m_mod=0&menuId=PS03448&pageIndex=18,html/085_PS03448_p18.html,농촌진흥청 농업인안전365
130,5,공지사항,공지사항,공지사항,농업인 건강연구회 제16회 세미나 공지,2010-09-15,0,18,https://farmer.rda.go.kr/portal/menu1/board_viw.do?menuId=PS03448&m_id=3_18&m_mod=180&bbsId=5&nttSn=130&num=0&pageIndex=18,,https://farmer.rda.go.kr/portal/menu6/board_lst1.do?m_id=3_18&m_mod=0&menuId=PS03448&pageIndex=18,html/085_PS03448_p18.html,농촌진흥청 농업인안전365
131,5,공지사항,공지사항,공지사항,농업인 건강연구회 제15회 세미나 공지,2010-07-13,0,19,https://farmer.rda.go.kr/portal/menu1/board_viw.do?menuId=PS03448&m_id=3_18&m_mod=181&bbsId=5&nttSn=131&num=0&pageIndex=19,,https://farmer.rda.go.kr/portal/menu6/board_lst1.do?m_id=3_18&m_mod=0&menuId=PS03448&pageIndex=19,html/086_PS03448_p19.html,농촌진흥청 농업인안전365
132,5,공지사항,공지사항,공지사항,'농업인 건강연구회' 제13회 세미나 공지,2010-05-18,0,19,https://farmer.rda.go.kr/portal/menu1/board_viw.do?menuId=PS03448&m_id=3_18&m_mod=182&bbsId=5&nttSn=132&num=0&pageIndex=19,,https://farmer.rda.go.kr/portal/menu6/board_lst1.do?m_id=3_18&m_mod=0&menuId=PS03448&pageIndex=19,html/086_PS03448_p19.html,농촌진흥청 농업인안전365
133,5,공지사항,공지사항,공지사항,한·일 공동 국제세미나-저탄소 녹색성장을 위한 농업인 안전보건 강화 방안,2009-09-16,0,19,https://farmer.rda.go.kr/portal/menu1/board_viw.do?menuId=PS03448&m_id=3_18&m_mod=183&bbsId=5&nttSn=133&num=0&pageIndex=19,,https://farmer.rda.go.kr/portal/menu6/board_lst1.do?m_id=3_18&m_mod=0&menuId=PS03448&pageIndex=19,html/086_PS03448_p19.html,농촌진흥청 농업인안전365
135,5,공지사항,공지사항,공지사항,대한인간공학회 춘계학술대회 공동개최,2009-05-21,0,19,https://farmer.rda.go.kr/portal/menu1/board_viw.do?menuId=PS03448&m_id=3_18&m_mod=184&bbsId=5&nttSn=135&num=0&pageIndex=19,,https://farmer.rda.go.kr/portal/menu6/board_lst1.do?m_id=3_18&m_mod=0&menuId=PS03448&pageIndex=19,html/086_PS03448_p19.html,농촌진흥청 농업인안전365
134,5,공지사항,공지사항,공지사항,"한국, 독일, 오스트리아 국제세미나 - 산재보험발전과 사회안전망 확충",2009-05-21,0,19,https://farmer.rda.go.kr/portal/menu1/board_viw.do?menuId=PS03448&m_id=3_18&m_mod=185&bbsId=5&nttSn=134&num=0&pageIndex=19,,https://farmer.rda.go.kr/portal/menu6/board_lst1.do?m_id=3_18&m_mod=0&menuId=PS03448&pageIndex=19,html/086_PS03448_p19.html,농촌진흥청 농업인안전365
136,5,공지사항,공지사항,공지사항,한국농촌의학 지역보건학회 2009 춘계학술대회,2009-05-21,0,19,https://farmer.rda.go.kr/portal/menu1/board_viw.do?menuId=PS03448&m_id=3_18&m_mod=186&bbsId=5&nttSn=136&num=0&pageIndex=19,,https://farmer.rda.go.kr/portal/menu6/board_lst1.do?m_id=3_18&m_mod=0&menuId=PS03448&pageIndex=19,html/086_PS03448_p19.html,농촌진흥청 농업인안전365
137,5,공지사항,공지사항,응급대응,제2회 전국 농작업 사고사례 및 안전표어 공모 개최,2008-09-09,0,19,https://farmer.rda.go.kr/portal/menu1/board_viw.do?menuId=PS03448&m_id=3_18&m_mod=187&bbsId=5&nttSn=137&num=0&pageIndex=19,,https://farmer.rda.go.kr/portal/menu6/board_lst1.do?m_id=3_18&m_mod=0&menuId=PS03448&pageIndex=19,html/086_PS03448_p19.html,농촌진흥청 농업인안전365
138,5,공지사항,공지사항,공지사항,일본 전문가 초청세미나 『 한·일 농작업재해 현황 및 예방관리방안 』,2008-06-24,0,19,https://farmer.rda.go.kr/portal/menu1/board_viw.do?menuId=PS03448&m_id=3_18&m_mod=188&bbsId=5&nttSn=138&num=0&pageIndex=19,,https://farmer.rda.go.kr/portal/menu6/board_lst1.do?m_id=3_18&m_mod=0&menuId=PS03448&pageIndex=19,html/086_PS03448_p19.html,농촌진흥청 농업인안전365
139,5,공지사항,공지사항,공지사항,전문가 초청 세미나『 국가 안전관리 전략 수립을 위한 작업안전 연구 』,2008-03-04,0,19,https://farmer.rda.go.kr/portal/menu1/board_viw.do?menuId=PS03448&m_id=3_18&m_mod=189&bbsId=5&nttSn=139&num=0&pageIndex=19,,https://farmer.rda.go.kr/portal/menu6/board_lst1.do?m_id=3_18&m_mod=0&menuId=PS03448&pageIndex=19,html/086_PS03448_p19.html,농촌진흥청 농업인안전365
140,5,공지사항,공지사항,공지사항,보조도구 홍보자료 등록 안내,2007-10-25,0,19,https://farmer.rda.go.kr/portal/menu1/board_viw.do?menuId=PS03448&m_id=3_18&m_mod=190&bbsId=5&nttSn=140&num=0&pageIndex=19,,https://farmer.rda.go.kr/portal/menu6/board_lst1.do?m_id=3_18&m_mod=0&menuId=PS03448&pageIndex=19,html/086_PS03448_p19.html,농촌진흥청 농업인안전365
142,5,공지사항,공지사항,공지사항,농업인 건강안전정보시스템 설계확정을 위한 워크숍,2007-08-02,0,20,https://farmer.rda.go.kr/portal/menu1/board_viw.do?menuId=PS03448&m_id=3_18&m_mod=191&bbsId=5&nttSn=142&num=0&pageIndex=20,,https://farmer.rda.go.kr/portal/menu6/board_lst1.do?m_id=3_18&m_mod=0&menuId=PS03448&pageIndex=20,html/087_PS03448_p20.html,농촌진흥청 농업인안전365
141,5,공지사항,공지사항,공지사항,농작업 사고 사례 및 안전 표어 공모 계획,2007-08-02,0,20,https://farmer.rda.go.kr/portal/menu1/board_viw.do?menuId=PS03448&m_id=3_18&m_mod=192&bbsId=5&nttSn=141&num=0&pageIndex=20,,https://farmer.rda.go.kr/portal/menu6/board_lst1.do?m_id=3_18&m_mod=0&menuId=PS03448&pageIndex=20,html/087_PS03448_p20.html,농촌진흥청 농업인안전365
143,5,공지사항,공지사항,공지사항,농과원 박사후 연구원 모집,2007-04-26,0,20,https://farmer.rda.go.kr/portal/menu1/board_viw.do?menuId=PS03448&m_id=3_18&m_mod=193&bbsId=5&nttSn=143&num=0&pageIndex=20,,https://farmer.rda.go.kr/portal/menu6/board_lst1.do?m_id=3_18&m_mod=0&menuId=PS03448&pageIndex=20,html/087_PS03448_p20.html,농촌진흥청 농업인안전365
146,5,공지사항,공지사항,공지사항,농작업재해 장기추적연구 세부 추진방안 워크샵,2007-02-15,0,20,https://farmer.rda.go.kr/portal/menu1/board_viw.do?menuId=PS03448&m_id=3_18&m_mod=194&bbsId=5&nttSn=146&num=0&pageIndex=20,,https://farmer.rda.go.kr/portal/menu6/board_lst1.do?m_id=3_18&m_mod=0&menuId=PS03448&pageIndex=20,html/087_PS03448_p20.html,농촌진흥청 농업인안전365
145,5,공지사항,공지사항,공지사항,농작업 유해요인 평가연구 세부 추진방안 세미나,2007-02-15,0,20,https://farmer.rda.go.kr/portal/menu1/board_viw.do?menuId=PS03448&m_id=3_18&m_mod=195&bbsId=5&nttSn=145&num=0&pageIndex=20,,https://farmer.rda.go.kr/portal/menu6/board_lst1.do?m_id=3_18&m_mod=0&menuId=PS03448&pageIndex=20,html/087_PS03448_p20.html,농촌진흥청 농업인안전365
147,5,공지사항,공지사항,공지사항,해외 전문가 초청 세미나,2007-02-15,0,20,https://farmer.rda.go.kr/portal/menu1/board_viw.do?menuId=PS03448&m_id=3_18&m_mod=196&bbsId=5&nttSn=147&num=0&pageIndex=20,,https://farmer.rda.go.kr/portal/menu6/board_lst1.do?m_id=3_18&m_mod=0&menuId=PS03448&pageIndex=20,html/087_PS03448_p20.html,농촌진흥청 농업인안전365
150,5,공지사항,공지사항,공지사항,가족경영협약 현장 전문가 워크숍 개최,2007-02-15,0,20,https://farmer.rda.go.kr/portal/menu1/board_viw.do?menuId=PS03448&m_id=3_18&m_mod=197&bbsId=5&nttSn=150&num=0&pageIndex=20,,https://farmer.rda.go.kr/portal/menu6/board_lst1.do?m_id=3_18&m_mod=0&menuId=PS03448&pageIndex=20,html/087_PS03448_p20.html,농촌진흥청 농업인안전365
148,5,공지사항,공지사항,공지사항,전문가 초청세미나,2007-02-15,0,20,https://farmer.rda.go.kr/portal/menu1/board_viw.do?menuId=PS03448&m_id=3_18&m_mod=198&bbsId=5&nttSn=148&num=0&pageIndex=20,,https://farmer.rda.go.kr/portal/menu6/board_lst1.do?m_id=3_18&m_mod=0&menuId=PS03448&pageIndex=20,html/087_PS03448_p20.html,농촌진흥청 농업인안전365
149,5,공지사항,공지사항,공지사항,전문가 초청세미나,2007-02-15,0,20,https://farmer.rda.go.kr/portal/menu1/board_viw.do?menuId=PS03448&m_id=3_18&m_mod=199&bbsId=5&nttSn=149&num=0&pageIndex=20,,https://farmer.rda.go.kr/portal/menu6/board_lst1.do?m_id=3_18&m_mod=0&menuId=PS03448&pageIndex=20,html/087_PS03448_p20.html,농촌진흥청 농업인안전365
151,5,공지사항,공지사항,공지사항,식품성분표 표지디자인 공모전 당선작 발표,2007-02-15,0,20,https://farmer.rda.go.kr/portal/menu1/board_viw.do?menuId=PS03448&m_id=3_18&m_mod=200&bbsId=5&nttSn=151&num=0&pageIndex=20,,https://farmer.rda.go.kr/portal/menu6/board_lst1.do?m_id=3_18&m_mod=0&menuId=PS03448&pageIndex=20,html/087_PS03448_p20.html,농촌진흥청 농업인안전365
679,6,홍보,보도자료,농기계,"농촌진흥청, 수확철 농기계사고 주의 철저 당부",2024-11-15,0,12,https://farmer.rda.go.kr/portal/menu1/board_viw.do?menuId=PS03449&m_id=3_19&m_mod=111&bbsId=6&nttSn=679&num=0&pageIndex=12,,https://farmer.rda.go.kr/portal/menu6/board_lst1.do?m_id=3_19&m_mod=0&menuId=PS03449&pageIndex=12,html/088_PS03449_p12.html,농촌진흥청 농업인안전365
678,6,홍보,활동소식,활동소식,국제 농작업 안전 심포지엄 개최,2024-11-05,0,12,https://farmer.rda.go.kr/portal/menu1/board_viw.do?menuId=PS03449&m_id=3_19&m_mod=112&bbsId=6&nttSn=678&num=0&pageIndex=12,,https://farmer.rda.go.kr/portal/menu6/board_lst1.do?m_id=3_19&m_mod=0&menuId=PS03449&pageIndex=12,html/088_PS03449_p12.html,농촌진흥청 농업인안전365
677,6,홍보,보도자료,보도자료,"동북아 전문가 모여 ""농작업 안전"" 국제 연대 강화",2024-11-05,0,12,https://farmer.rda.go.kr/portal/menu1/board_viw.do?menuId=PS03449&m_id=3_19&m_mod=113&bbsId=6&nttSn=677&num=0&pageIndex=12,,https://farmer.rda.go.kr/portal/menu6/board_lst1.do?m_id=3_19&m_mod=0&menuId=PS03449&pageIndex=12,html/088_PS03449_p12.html,농촌진흥청 농업인안전365
676,6,홍보,활동소식,활동소식,국립농업과학원-전남소방본부 업무협약,2024-11-05,0,12,https://farmer.rda.go.kr/portal/menu1/board_viw.do?menuId=PS03449&m_id=3_19&m_mod=114&bbsId=6&nttSn=676&num=0&pageIndex=12,,https://farmer.rda.go.kr/portal/menu6/board_lst1.do?m_id=3_19&m_mod=0&menuId=PS03449&pageIndex=12,html/088_PS03449_p12.html,농촌진흥청 농업인안전365
675,6,홍보,보도자료,보도자료,"농촌진흥청, 소방과 손잡고 농작업 안전사고 예방 대응체계 구축",2024-11-05,0,12,https://farmer.rda.go.kr/portal/menu1/board_viw.do?menuId=PS03449&m_id=3_19&m_mod=115&bbsId=6&nttSn=675&num=0&pageIndex=12,,https://farmer.rda.go.kr/portal/menu6/board_lst1.do?m_id=3_19&m_mod=0&menuId=PS03449&pageIndex=12,html/088_PS03449_p12.html,농촌진흥청 농업인안전365
674,6,홍보,보도자료,보도자료,농작업 사고 예방을 위해 동북아 전문가들이 모여 최신 기술 정보 공유,2024-11-05,0,12,https://farmer.rda.go.kr/portal/menu1/board_viw.do?menuId=PS03449&m_id=3_19&m_mod=116&bbsId=6&nttSn=674&num=0&pageIndex=12,,https://farmer.rda.go.kr/portal/menu6/board_lst1.do?m_id=3_19&m_mod=0&menuId=PS03449&pageIndex=12,html/088_PS03449_p12.html,농촌진흥청 농업인안전365
673,6,홍보,보도자료,온열·한랭,"""농업인 온열질환 사고 없도록..."" 현장 방문 홍보 펼쳐",2024-11-05,0,12,https://farmer.rda.go.kr/portal/menu1/board_viw.do?menuId=PS03449&m_id=3_19&m_mod=117&bbsId=6&nttSn=673&num=0&pageIndex=12,,https://farmer.rda.go.kr/portal/menu6/board_lst1.do?m_id=3_19&m_mod=0&menuId=PS03449&pageIndex=12,html/088_PS03449_p12.html,농촌진흥청 농업인안전365
672,6,홍보,뉴스모음집,농기계,"충남도 농업기술원, 벌초 등 풀 베기 시 예초기 사고 '주의'",2024-11-01,0,12,https://farmer.rda.go.kr/portal/menu1/board_viw.do?menuId=PS03449&m_id=3_19&m_mod=118&bbsId=6&nttSn=672&num=0&pageIndex=12,,https://farmer.rda.go.kr/portal/menu6/board_lst1.do?m_id=3_19&m_mod=0&menuId=PS03449&pageIndex=12,html/088_PS03449_p12.html,농촌진흥청 농업인안전365
671,6,홍보,뉴스모음집,감염·생물학적 위험,"전북농기원, 야외 농작업 시 진드기 매개 감염병 주의",2024-11-01,0,12,https://farmer.rda.go.kr/portal/menu1/board_viw.do?menuId=PS03449&m_id=3_19&m_mod=119&bbsId=6&nttSn=671&num=0&pageIndex=12,,https://farmer.rda.go.kr/portal/menu6/board_lst1.do?m_id=3_19&m_mod=0&menuId=PS03449&pageIndex=12,html/088_PS03449_p12.html,농촌진흥청 농업인안전365
670,6,홍보,홍보성과,홍보성과,'농작업 안전' 국제 연대 강화,2024-11-01,0,12,https://farmer.rda.go.kr/portal/menu1/board_viw.do?menuId=PS03449&m_id=3_19&m_mod=120&bbsId=6&nttSn=670&num=0&pageIndex=12,,https://farmer.rda.go.kr/portal/menu6/board_lst1.do?m_id=3_19&m_mod=0&menuId=PS03449&pageIndex=12,html/088_PS03449_p12.html,농촌진흥청 농업인안전365
669,6,홍보,홍보성과,홍보성과,"농진청, 농작업 안전사고 예방 대응 체계 구축",2024-11-01,0,13,https://farmer.rda.go.kr/portal/menu1/board_viw.do?menuId=PS03449&m_id=3_19&m_mod=121&bbsId=6&nttSn=669&num=0&pageIndex=13,,https://farmer.rda.go.kr/portal/menu6/board_lst1.do?m_id=3_19&m_mod=0&menuId=PS03449&pageIndex=13,html/089_PS03449_p13.html,농촌진흥청 농업인안전365
668,6,홍보,홍보성과,홍보성과,"권재한 농진청장, 2024 국제 농작업 안전 심포지엄 개최",2024-11-01,0,13,https://farmer.rda.go.kr/portal/menu1/board_viw.do?menuId=PS03449&m_id=3_19&m_mod=122&bbsId=6&nttSn=668&num=0&pageIndex=13,,https://farmer.rda.go.kr/portal/menu6/board_lst1.do?m_id=3_19&m_mod=0&menuId=PS03449&pageIndex=13,html/089_PS03449_p13.html,농촌진흥청 농업인안전365
667,6,홍보,농업인 안전365 캠페인,온열·한랭,"(대한경제) 대구시농업기술센터, 민관 협력 ‘농업인 온열질환 예방 캠페인’ 전개",2024-11-01,0,13,https://farmer.rda.go.kr/portal/menu1/board_viw.do?menuId=PS03449&m_id=3_19&m_mod=123&bbsId=6&nttSn=667&num=0&pageIndex=13,,https://farmer.rda.go.kr/portal/menu6/board_lst1.do?m_id=3_19&m_mod=0&menuId=PS03449&pageIndex=13,html/089_PS03449_p13.html,농촌진흥청 농업인안전365
666,6,홍보,농업인 안전365 캠페인,온열·한랭,"(더팩트) 당진시, 농업인 온열 질환 예방 캠페인 전개",2024-11-01,0,13,https://farmer.rda.go.kr/portal/menu1/board_viw.do?menuId=PS03449&m_id=3_19&m_mod=124&bbsId=6&nttSn=666&num=0&pageIndex=13,,https://farmer.rda.go.kr/portal/menu6/board_lst1.do?m_id=3_19&m_mod=0&menuId=PS03449&pageIndex=13,html/089_PS03449_p13.html,농촌진흥청 농업인안전365
665,6,홍보,뉴스모음집,농기계,(뉴스1) 곡성 농로서 트랙터 전복사고...50대 운전자 숨져,2024-11-01,0,13,https://farmer.rda.go.kr/portal/menu1/board_viw.do?menuId=PS03449&m_id=3_19&m_mod=125&bbsId=6&nttSn=665&num=0&pageIndex=13,,https://farmer.rda.go.kr/portal/menu6/board_lst1.do?m_id=3_19&m_mod=0&menuId=PS03449&pageIndex=13,html/089_PS03449_p13.html,농촌진흥청 농업인안전365
664,6,홍보,뉴스모음집,뉴스모음집,"(아시아경제) '살인적더위'... 창녕, 창원서 밭일하던 2명 숨져",2024-11-01,0,13,https://farmer.rda.go.kr/portal/menu1/board_viw.do?menuId=PS03449&m_id=3_19&m_mod=126&bbsId=6&nttSn=664&num=0&pageIndex=13,,https://farmer.rda.go.kr/portal/menu6/board_lst1.do?m_id=3_19&m_mod=0&menuId=PS03449&pageIndex=13,html/089_PS03449_p13.html,농촌진흥청 농업인안전365
663,6,홍보,뉴스모음집,온열·한랭,(NEWSIS) '연일 폭염' 광주 올해 첫 온열질환 사망자 발생,2024-11-01,0,13,https://farmer.rda.go.kr/portal/menu1/board_viw.do?menuId=PS03449&m_id=3_19&m_mod=127&bbsId=6&nttSn=663&num=0&pageIndex=13,,https://farmer.rda.go.kr/portal/menu6/board_lst1.do?m_id=3_19&m_mod=0&menuId=PS03449&pageIndex=13,html/089_PS03449_p13.html,농촌진흥청 농업인안전365
662,6,홍보,뉴스모음집,농기계,"(농기자재신문) 농촌진흥청 개발 ‘농업기계 주행 안내 시스템’, 교통안전시설로 채택",2024-11-01,0,13,https://farmer.rda.go.kr/portal/menu1/board_viw.do?menuId=PS03449&m_id=3_19&m_mod=128&bbsId=6&nttSn=662&num=0&pageIndex=13,,https://farmer.rda.go.kr/portal/menu6/board_lst1.do?m_id=3_19&m_mod=0&menuId=PS03449&pageIndex=13,html/089_PS03449_p13.html,농촌진흥청 농업인안전365
661,6,홍보,뉴스모음집,농기계,(뉴시스) 농기계 주행 안내표지판 설치했더니 과속차량 '뚝'…사고예방 효과,2024-11-01,0,13,https://farmer.rda.go.kr/portal/menu1/board_viw.do?menuId=PS03449&m_id=3_19&m_mod=129&bbsId=6&nttSn=661&num=0&pageIndex=13,,https://farmer.rda.go.kr/portal/menu6/board_lst1.do?m_id=3_19&m_mod=0&menuId=PS03449&pageIndex=13,html/089_PS03449_p13.html,농촌진흥청 농업인안전365
660,6,홍보,보도자료,농기계,"농촌진흥청 개발 '농업기계 주행 안내 시스템', 교통안전시설로 채택",2024-11-01,0,13,https://farmer.rda.go.kr/portal/menu1/board_viw.do?menuId=PS03449&m_id=3_19&m_mod=130&bbsId=6&nttSn=660&num=0&pageIndex=13,,https://farmer.rda.go.kr/portal/menu6/board_lst1.do?m_id=3_19&m_mod=0&menuId=PS03449&pageIndex=13,html/089_PS03449_p13.html,농촌진흥청 농업인안전365
650,6,홍보,활동소식,농기계,농업기계 사고정보의 119 상황실(전남소방본부) 데이터 연동 테스트,2024-07-23,0,14,https://farmer.rda.go.kr/portal/menu1/board_viw.do?menuId=PS03449&m_id=3_19&m_mod=131&bbsId=6&nttSn=650&num=0&pageIndex=14,,https://farmer.rda.go.kr/portal/menu6/board_lst1.do?m_id=3_19&m_mod=0&menuId=PS03449&pageIndex=14,html/090_PS03449_p14.html,농촌진흥청 농업인안전365
649,6,홍보,활동소식,활동소식,농촌진흥청-한국통계학회 기획섹션 개최,2024-07-12,0,14,https://farmer.rda.go.kr/portal/menu1/board_viw.do?menuId=PS03449&m_id=3_19&m_mod=132&bbsId=6&nttSn=649&num=0&pageIndex=14,,https://farmer.rda.go.kr/portal/menu6/board_lst1.do?m_id=3_19&m_mod=0&menuId=PS03449&pageIndex=14,html/090_PS03449_p14.html,농촌진흥청 농업인안전365
658,6,홍보,농업인 안전365 캠페인,농기계,(세이프타임즈) 농협손보 농기계 사고예방 '구슬땀' … 서국동 대표 서안성농협 캠페인,2024-06-28,0,14,https://farmer.rda.go.kr/portal/menu1/board_viw.do?menuId=PS03449&m_id=3_19&m_mod=133&bbsId=6&nttSn=658&num=0&pageIndex=14,,https://farmer.rda.go.kr/portal/menu6/board_lst1.do?m_id=3_19&m_mod=0&menuId=PS03449&pageIndex=14,html/090_PS03449_p14.html,농촌진흥청 농업인안전365
657,6,홍보,농업인 안전365 캠페인,농기계,"(노컷뉴스) NH농협손보, 농기계 사고예방 캠페인 전개",2024-06-28,0,14,https://farmer.rda.go.kr/portal/menu1/board_viw.do?menuId=PS03449&m_id=3_19&m_mod=134&bbsId=6&nttSn=657&num=0&pageIndex=14,,https://farmer.rda.go.kr/portal/menu6/board_lst1.do?m_id=3_19&m_mod=0&menuId=PS03449&pageIndex=14,html/090_PS03449_p14.html,농촌진흥청 농업인안전365
656,6,홍보,농업인 안전365 캠페인,농기계,세종경찰청 협력 '농기계 사고예방 캠페인',2024-06-24,0,14,https://farmer.rda.go.kr/portal/menu1/board_viw.do?menuId=PS03449&m_id=3_19&m_mod=135&bbsId=6&nttSn=656&num=0&pageIndex=14,,https://farmer.rda.go.kr/portal/menu6/board_lst1.do?m_id=3_19&m_mod=0&menuId=PS03449&pageIndex=14,html/090_PS03449_p14.html,농촌진흥청 농업인안전365
648,6,홍보,활동소식,농기계,『2024 농업기술박람회』 농업기계 안전 장비 전시지원,2024-06-24,0,14,https://farmer.rda.go.kr/portal/menu1/board_viw.do?menuId=PS03449&m_id=3_19&m_mod=136&bbsId=6&nttSn=648&num=0&pageIndex=14,,https://farmer.rda.go.kr/portal/menu6/board_lst1.do?m_id=3_19&m_mod=0&menuId=PS03449&pageIndex=14,html/090_PS03449_p14.html,농촌진흥청 농업인안전365
647,6,홍보,활동소식,농기계,NH농협손보 협력 『농기계 사고예방 캠페인』 안전편이 장비 전시지원,2024-06-24,0,14,https://farmer.rda.go.kr/portal/menu1/board_viw.do?menuId=PS03449&m_id=3_19&m_mod=137&bbsId=6&nttSn=647&num=0&pageIndex=14,,https://farmer.rda.go.kr/portal/menu6/board_lst1.do?m_id=3_19&m_mod=0&menuId=PS03449&pageIndex=14,html/090_PS03449_p14.html,농촌진흥청 농업인안전365
655,6,홍보,농업인 안전365 캠페인,안전교육,"""농업인 안전 365 캠페인 영상공모에 도전하세요""",2024-06-07,0,14,https://farmer.rda.go.kr/portal/menu1/board_viw.do?menuId=PS03449&m_id=3_19&m_mod=138&bbsId=6&nttSn=655&num=0&pageIndex=14,,https://farmer.rda.go.kr/portal/menu6/board_lst1.do?m_id=3_19&m_mod=0&menuId=PS03449&pageIndex=14,html/090_PS03449_p14.html,농촌진흥청 농업인안전365
654,6,홍보,농업인 안전365 캠페인,안전교육,"(라이브팜뉴스) 농진청, ""농업인 안전365 캠페인 영상공모전"" 개최",2024-06-07,0,14,https://farmer.rda.go.kr/portal/menu1/board_viw.do?menuId=PS03449&m_id=3_19&m_mod=139&bbsId=6&nttSn=654&num=0&pageIndex=14,,https://farmer.rda.go.kr/portal/menu6/board_lst1.do?m_id=3_19&m_mod=0&menuId=PS03449&pageIndex=14,html/090_PS03449_p14.html,농촌진흥청 농업인안전365
635,6,홍보,홍보성과,안전교육,농업인안전365-농업교육 웹진 자료 연계,2024-06-07,0,14,https://farmer.rda.go.kr/portal/menu1/board_viw.do?menuId=PS03449&m_id=3_19&m_mod=140&bbsId=6&nttSn=635&num=0&pageIndex=14,,https://farmer.rda.go.kr/portal/menu6/board_lst1.do?m_id=3_19&m_mod=0&menuId=PS03449&pageIndex=14,html/090_PS03449_p14.html,농촌진흥청 농업인안전365
633,6,홍보,보도자료,안전교육,2024 농업인 안전365 캠페인 영상공모전 개최,2024-06-07,0,15,https://farmer.rda.go.kr/portal/menu1/board_viw.do?menuId=PS03449&m_id=3_19&m_mod=141&bbsId=6&nttSn=633&num=0&pageIndex=15,,https://farmer.rda.go.kr/portal/menu6/board_lst1.do?m_id=3_19&m_mod=0&menuId=PS03449&pageIndex=15,html/091_PS03449_p15.html,농촌진흥청 농업인안전365
644,6,홍보,뉴스모음집,뉴스모음집,"(NEWSIS) 소방청농촌진흥청, 농촌 안전사고 예방에 ""맞손""",2024-05-31,0,15,https://farmer.rda.go.kr/portal/menu1/board_viw.do?menuId=PS03449&m_id=3_19&m_mod=142&bbsId=6&nttSn=644&num=0&pageIndex=15,,https://farmer.rda.go.kr/portal/menu6/board_lst1.do?m_id=3_19&m_mod=0&menuId=PS03449&pageIndex=15,html/091_PS03449_p15.html,농촌진흥청 농업인안전365
643,6,홍보,뉴스모음집,농기계,"(KBS뉴스) 농기계 사고 줄었지만...경운기 사고 비율은 여전히 ""최다""",2024-05-31,0,15,https://farmer.rda.go.kr/portal/menu1/board_viw.do?menuId=PS03449&m_id=3_19&m_mod=143&bbsId=6&nttSn=643&num=0&pageIndex=15,,https://farmer.rda.go.kr/portal/menu6/board_lst1.do?m_id=3_19&m_mod=0&menuId=PS03449&pageIndex=15,html/091_PS03449_p15.html,농촌진흥청 농업인안전365
642,6,홍보,뉴스모음집,농기계,"(연합뉴스) 영농철 농기계 사고 빈발...""혼자 작업 말아야""",2024-05-31,0,15,https://farmer.rda.go.kr/portal/menu1/board_viw.do?menuId=PS03449&m_id=3_19&m_mod=144&bbsId=6&nttSn=642&num=0&pageIndex=15,,https://farmer.rda.go.kr/portal/menu6/board_lst1.do?m_id=3_19&m_mod=0&menuId=PS03449&pageIndex=15,html/091_PS03449_p15.html,농촌진흥청 농업인안전365
641,6,홍보,뉴스모음집,뉴스모음집,"(무진장뉴스i) 봄철 농민 안심프로젝트 ""농촌의 봄, 안전을 봄"" 추진",2024-05-31,0,15,https://farmer.rda.go.kr/portal/menu1/board_viw.do?menuId=PS03449&m_id=3_19&m_mod=145&bbsId=6&nttSn=641&num=0&pageIndex=15,,https://farmer.rda.go.kr/portal/menu6/board_lst1.do?m_id=3_19&m_mod=0&menuId=PS03449&pageIndex=15,html/091_PS03449_p15.html,농촌진흥청 농업인안전365
640,6,홍보,뉴스모음집,농기계,"(데일리안) 농기계 사고, 예방만해도 체감도 150% 상승",2024-05-31,0,15,https://farmer.rda.go.kr/portal/menu1/board_viw.do?menuId=PS03449&m_id=3_19&m_mod=146&bbsId=6&nttSn=640&num=0&pageIndex=15,,https://farmer.rda.go.kr/portal/menu6/board_lst1.do?m_id=3_19&m_mod=0&menuId=PS03449&pageIndex=15,html/091_PS03449_p15.html,농촌진흥청 농업인안전365
639,6,홍보,뉴스모음집,농기계,(농민신문) 농기계 사고 주의...끼임 ‘최다’,2024-05-31,0,15,https://farmer.rda.go.kr/portal/menu1/board_viw.do?menuId=PS03449&m_id=3_19&m_mod=147&bbsId=6&nttSn=639&num=0&pageIndex=15,,https://farmer.rda.go.kr/portal/menu6/board_lst1.do?m_id=3_19&m_mod=0&menuId=PS03449&pageIndex=15,html/091_PS03449_p15.html,농촌진흥청 농업인안전365
638,6,홍보,뉴스모음집,농기계,"(전북도민일보) ‘끼이고, 깔리고’ 끊임없는 영농철 시기 농기계 사고 주의보",2024-05-31,0,15,https://farmer.rda.go.kr/portal/menu1/board_viw.do?menuId=PS03449&m_id=3_19&m_mod=148&bbsId=6&nttSn=638&num=0&pageIndex=15,,https://farmer.rda.go.kr/portal/menu6/board_lst1.do?m_id=3_19&m_mod=0&menuId=PS03449&pageIndex=15,html/091_PS03449_p15.html,농촌진흥청 농업인안전365
637,6,홍보,뉴스모음집,농기계,"(연합뉴스) ""농기계 사고 주의하세요""…3년간 3천729건 발생·229명 사망",2024-05-31,0,15,https://farmer.rda.go.kr/portal/menu1/board_viw.do?menuId=PS03449&m_id=3_19&m_mod=149&bbsId=6&nttSn=637&num=0&pageIndex=15,,https://farmer.rda.go.kr/portal/menu6/board_lst1.do?m_id=3_19&m_mod=0&menuId=PS03449&pageIndex=15,html/091_PS03449_p15.html,농촌진흥청 농업인안전365
636,6,홍보,뉴스모음집,농기계,(YTN) 사물인터넷으로 농기계 사고예방 나선다,2024-05-31,0,15,https://farmer.rda.go.kr/portal/menu1/board_viw.do?menuId=PS03449&m_id=3_19&m_mod=150&bbsId=6&nttSn=636&num=0&pageIndex=15,,https://farmer.rda.go.kr/portal/menu6/board_lst1.do?m_id=3_19&m_mod=0&menuId=PS03449&pageIndex=15,html/091_PS03449_p15.html,농촌진흥청 농업인안전365
653,6,홍보,농업인 안전365 캠페인,농기계,"(NEWS1) 농촌진흥청 ""농기계 사고 줄이기 위한 민관협력 밑그림 마련""",2024-05-28,0,16,https://farmer.rda.go.kr/portal/menu1/board_viw.do?menuId=PS03449&m_id=3_19&m_mod=151&bbsId=6&nttSn=653&num=0&pageIndex=16,,https://farmer.rda.go.kr/portal/menu6/board_lst1.do?m_id=3_19&m_mod=0&menuId=PS03449&pageIndex=16,html/092_PS03449_p16.html,농촌진흥청 농업인안전365
652,6,홍보,농업인 안전365 캠페인,농기계,"(전북중앙) 농진청, 민관협력 농기계 사고예방 추진계획 수립",2024-05-28,0,16,https://farmer.rda.go.kr/portal/menu1/board_viw.do?menuId=PS03449&m_id=3_19&m_mod=152&bbsId=6&nttSn=652&num=0&pageIndex=16,,https://farmer.rda.go.kr/portal/menu6/board_lst1.do?m_id=3_19&m_mod=0&menuId=PS03449&pageIndex=16,html/092_PS03449_p16.html,농촌진흥청 농업인안전365
646,6,홍보,활동소식,활동소식,『2024 국제소방안전박람회』 농작업 안전편이장비 전시지원,2024-05-28,0,16,https://farmer.rda.go.kr/portal/menu1/board_viw.do?menuId=PS03449&m_id=3_19&m_mod=153&bbsId=6&nttSn=646&num=0&pageIndex=16,,https://farmer.rda.go.kr/portal/menu6/board_lst1.do?m_id=3_19&m_mod=0&menuId=PS03449&pageIndex=16,html/092_PS03449_p16.html,농촌진흥청 농업인안전365
632,6,홍보,보도자료,농기계,농기계 안전사고·교통사고 줄이는 민관협력 ‘밑그림’ 마련,2024-05-27,0,16,https://farmer.rda.go.kr/portal/menu1/board_viw.do?menuId=PS03449&m_id=3_19&m_mod=154&bbsId=6&nttSn=632&num=0&pageIndex=16,,https://farmer.rda.go.kr/portal/menu6/board_lst1.do?m_id=3_19&m_mod=0&menuId=PS03449&pageIndex=16,html/092_PS03449_p16.html,농촌진흥청 농업인안전365
631,6,홍보,보도자료,농기계,"기관 간 협업으로 ""농업기계 사고 예방 기술"" 보급 나선다",2024-05-20,0,16,https://farmer.rda.go.kr/portal/menu1/board_viw.do?menuId=PS03449&m_id=3_19&m_mod=155&bbsId=6&nttSn=631&num=0&pageIndex=16,,https://farmer.rda.go.kr/portal/menu6/board_lst1.do?m_id=3_19&m_mod=0&menuId=PS03449&pageIndex=16,html/092_PS03449_p16.html,농촌진흥청 농업인안전365
651,6,홍보,농업인 안전365 캠페인,농업인 안전365 캠페인,[농업인안전365 챌린지] 안전한 농촌일터 만들기 실천,2024-05-07,0,16,https://farmer.rda.go.kr/portal/menu1/board_viw.do?menuId=PS03449&m_id=3_19&m_mod=156&bbsId=6&nttSn=651&num=0&pageIndex=16,,https://farmer.rda.go.kr/portal/menu6/board_lst1.do?m_id=3_19&m_mod=0&menuId=PS03449&pageIndex=16,html/092_PS03449_p16.html,농촌진흥청 농업인안전365
645,6,홍보,활동소식,활동소식,농업기술센터 농작업 안전 전시체험관 현장 견학 협조,2024-05-07,0,16,https://farmer.rda.go.kr/portal/menu1/board_viw.do?menuId=PS03449&m_id=3_19&m_mod=157&bbsId=6&nttSn=645&num=0&pageIndex=16,,https://farmer.rda.go.kr/portal/menu6/board_lst1.do?m_id=3_19&m_mod=0&menuId=PS03449&pageIndex=16,html/092_PS03449_p16.html,농촌진흥청 농업인안전365
634,6,홍보,홍보성과,홍보성과,(더 농부) 농작업·장비 정보 ‘농업인안전365’에 가득! [재미있는 농업이야기 157],2024-05-07,0,16,https://farmer.rda.go.kr/portal/menu1/board_viw.do?menuId=PS03449&m_id=3_19&m_mod=158&bbsId=6&nttSn=634&num=0&pageIndex=16,,https://farmer.rda.go.kr/portal/menu6/board_lst1.do?m_id=3_19&m_mod=0&menuId=PS03449&pageIndex=16,html/092_PS03449_p16.html,농촌진흥청 농업인안전365
630,6,홍보,보도자료,농기계,"농업인 업무상 재해, 넘어짐 많고, 경운기, 사다리에서 많이 발생",2024-05-07,0,16,https://farmer.rda.go.kr/portal/menu1/board_viw.do?menuId=PS03449&m_id=3_19&m_mod=159&bbsId=6&nttSn=630&num=0&pageIndex=16,,https://farmer.rda.go.kr/portal/menu6/board_lst1.do?m_id=3_19&m_mod=0&menuId=PS03449&pageIndex=16,html/092_PS03449_p16.html,농촌진흥청 농업인안전365
496,6,홍보,활동소식,농기계,사물인터넷(IoT) 활용 농업기계 교통사고 예방 기술 방송 촬영,2024-03-07,0,16,https://farmer.rda.go.kr/portal/menu1/board_viw.do?menuId=PS03449&m_id=3_19&m_mod=160&bbsId=6&nttSn=496&num=0&pageIndex=16,,https://farmer.rda.go.kr/portal/menu6/board_lst1.do?m_id=3_19&m_mod=0&menuId=PS03449&pageIndex=16,html/092_PS03449_p16.html,농촌진흥청 농업인안전365
1,6,홍보,보도자료,농기계,"전방100m 트랙터 근접 중..농업기계 주행 정보, 표지판에 띄워 사고 줄인다",2024-03-07,0,17,https://farmer.rda.go.kr/portal/menu1/board_viw.do?menuId=PS03449&m_id=3_19&m_mod=161&bbsId=6&nttSn=1&num=0&pageIndex=17,,https://farmer.rda.go.kr/portal/menu6/board_lst1.do?m_id=3_19&m_mod=0&menuId=PS03449&pageIndex=17,html/093_PS03449_p17.html,농촌진흥청 농업인안전365
116,6,홍보,뉴스모음집,농기계,"(NEWSIS) ""전방 100m 트랙터 근접"" 농기계 주행정보 알려 사고 줄인다",2024-03-07,0,17,https://farmer.rda.go.kr/portal/menu1/board_viw.do?menuId=PS03449&m_id=3_19&m_mod=162&bbsId=6&nttSn=116&num=0&pageIndex=17,,https://farmer.rda.go.kr/portal/menu6/board_lst1.do?m_id=3_19&m_mod=0&menuId=PS03449&pageIndex=17,html/093_PS03449_p17.html,농촌진흥청 농업인안전365
272,6,홍보,전문지·기고,전문지·기고,농번기에 규칙적인 식사시간 보장하라(농촌여성신문_안전하고 건강한 영농가이드100),2024-03-04,0,17,https://farmer.rda.go.kr/portal/menu1/board_viw.do?menuId=PS03449&m_id=3_19&m_mod=163&bbsId=6&nttSn=272&num=0&pageIndex=17,,https://farmer.rda.go.kr/portal/menu6/board_lst1.do?m_id=3_19&m_mod=0&menuId=PS03449&pageIndex=17,html/093_PS03449_p17.html,농촌진흥청 농업인안전365
273,6,홍보,전문지·기고,전문지·기고,효과적인 휴식으로 작업 효율성 높여라(농촌여성신문_안전하고 건강한 영농가이드99),2024-03-04,0,17,https://farmer.rda.go.kr/portal/menu1/board_viw.do?menuId=PS03449&m_id=3_19&m_mod=164&bbsId=6&nttSn=273&num=0&pageIndex=17,,https://farmer.rda.go.kr/portal/menu6/board_lst1.do?m_id=3_19&m_mod=0&menuId=PS03449&pageIndex=17,html/093_PS03449_p17.html,농촌진흥청 농업인안전365
274,6,홍보,전문지·기고,전문지·기고,정규 근무시간을 정해 과도한 일을 피하라(농촌여성신문_안전하고 건강한 영농가이드98),2024-02-05,0,17,https://farmer.rda.go.kr/portal/menu1/board_viw.do?menuId=PS03449&m_id=3_19&m_mod=165&bbsId=6&nttSn=274&num=0&pageIndex=17,,https://farmer.rda.go.kr/portal/menu6/board_lst1.do?m_id=3_19&m_mod=0&menuId=PS03449&pageIndex=17,html/093_PS03449_p17.html,농촌진흥청 농업인안전365
117,6,홍보,뉴스모음집,뉴스모음집,(농촌여성신문) 농촌여성들 병 키우지 마세요,2024-02-01,0,17,https://farmer.rda.go.kr/portal/menu1/board_viw.do?menuId=PS03449&m_id=3_19&m_mod=166&bbsId=6&nttSn=117&num=0&pageIndex=17,,https://farmer.rda.go.kr/portal/menu6/board_lst1.do?m_id=3_19&m_mod=0&menuId=PS03449&pageIndex=17,html/093_PS03449_p17.html,농촌진흥청 농업인안전365
118,6,홍보,뉴스모음집,뉴스모음집,(NEWSIS) 농업인안전보험 보험료 최대 5.2% 인하...골절 사고 등 보장 확대,2024-01-31,0,17,https://farmer.rda.go.kr/portal/menu1/board_viw.do?menuId=PS03449&m_id=3_19&m_mod=167&bbsId=6&nttSn=118&num=0&pageIndex=17,,https://farmer.rda.go.kr/portal/menu6/board_lst1.do?m_id=3_19&m_mod=0&menuId=PS03449&pageIndex=17,html/093_PS03449_p17.html,농촌진흥청 농업인안전365
275,6,홍보,전문지·기고,안전교육,연간 작업일정에 교육훈련기간을 포함하라(농촌여성신문_안전하고 건강한 영농가이드97),2024-01-30,0,17,https://farmer.rda.go.kr/portal/menu1/board_viw.do?menuId=PS03449&m_id=3_19&m_mod=168&bbsId=6&nttSn=275&num=0&pageIndex=17,,https://farmer.rda.go.kr/portal/menu6/board_lst1.do?m_id=3_19&m_mod=0&menuId=PS03449&pageIndex=17,html/093_PS03449_p17.html,농촌진흥청 농업인안전365
276,6,홍보,전문지·기고,전문지·기고,이주 농업인에게 적절한 보호조치 마련하라(농촌여성신문_안전하고 건강한 영농가이드96),2024-01-22,0,17,https://farmer.rda.go.kr/portal/menu1/board_viw.do?menuId=PS03449&m_id=3_19&m_mod=169&bbsId=6&nttSn=276&num=0&pageIndex=17,,https://farmer.rda.go.kr/portal/menu6/board_lst1.do?m_id=3_19&m_mod=0&menuId=PS03449&pageIndex=17,html/093_PS03449_p17.html,농촌진흥청 농업인안전365
277,6,홍보,전문지·기고,전문지·기고,비상연락수단을 마련해 사고발생시 즉각 대응하라(농촌여성신문_안전하고 건강한 영농가이드95),2024-01-15,0,17,https://farmer.rda.go.kr/portal/menu1/board_viw.do?menuId=PS03449&m_id=3_19&m_mod=170&bbsId=6&nttSn=277&num=0&pageIndex=17,,https://farmer.rda.go.kr/portal/menu6/board_lst1.do?m_id=3_19&m_mod=0&menuId=PS03449&pageIndex=17,html/093_PS03449_p17.html,농촌진흥청 농업인안전365
40,6,홍보,홍보성과,홍보성과,(일본농업신문) '국가가 솔선하여 농가 지키다' 보도,2024-01-12,0,18,https://farmer.rda.go.kr/portal/menu1/board_viw.do?menuId=PS03449&m_id=3_19&m_mod=171&bbsId=6&nttSn=40&num=0&pageIndex=18,,https://farmer.rda.go.kr/portal/menu6/board_lst1.do?m_id=3_19&m_mod=0&menuId=PS03449&pageIndex=18,html/094_PS03449_p18.html,농촌진흥청 농업인안전365
278,6,홍보,전문지·기고,전문지·기고,적절한 기계장치나 도구로 수작업을 줄여라(농촌여성신문_안전하고 건강한 영농가이드94),2024-01-08,0,18,https://farmer.rda.go.kr/portal/menu1/board_viw.do?menuId=PS03449&m_id=3_19&m_mod=172&bbsId=6&nttSn=278&num=0&pageIndex=18,,https://farmer.rda.go.kr/portal/menu6/board_lst1.do?m_id=3_19&m_mod=0&menuId=PS03449&pageIndex=18,html/094_PS03449_p18.html,농촌진흥청 농업인안전365
279,6,홍보,전문지·기고,전문지·기고,무겁고 단조로운 작업을 교대로 수행하라(농촌여성신문_안전하고 건강한 영농가이드93),2024-01-08,0,18,https://farmer.rda.go.kr/portal/menu1/board_viw.do?menuId=PS03449&m_id=3_19&m_mod=173&bbsId=6&nttSn=279&num=0&pageIndex=18,,https://farmer.rda.go.kr/portal/menu6/board_lst1.do?m_id=3_19&m_mod=0&menuId=PS03449&pageIndex=18,html/094_PS03449_p18.html,농촌진흥청 농업인안전365
280,6,홍보,전문지·기고,전문지·기고,적절한 팀워크로 과도한 기계사용 피하라(농촌여성신문_안전하고 건강한 영농가이드92),2023-12-28,0,18,https://farmer.rda.go.kr/portal/menu1/board_viw.do?menuId=PS03449&m_id=3_19&m_mod=174&bbsId=6&nttSn=280&num=0&pageIndex=18,,https://farmer.rda.go.kr/portal/menu6/board_lst1.do?m_id=3_19&m_mod=0&menuId=PS03449&pageIndex=18,html/094_PS03449_p18.html,농촌진흥청 농업인안전365
2,6,홍보,보도자료,농기계,고장없이 오래 사용하려면 농기계 보관에 신경쓰세요,2023-12-05,0,18,https://farmer.rda.go.kr/portal/menu1/board_viw.do?menuId=PS03449&m_id=3_19&m_mod=175&bbsId=6&nttSn=2&num=0&pageIndex=18,,https://farmer.rda.go.kr/portal/menu6/board_lst1.do?m_id=3_19&m_mod=0&menuId=PS03449&pageIndex=18,html/094_PS03449_p18.html,농촌진흥청 농업인안전365
497,6,홍보,활동소식,안전교육,2024 새해농업인실용교육 현장강사교육,2023-11-15,0,18,https://farmer.rda.go.kr/portal/menu1/board_viw.do?menuId=PS03449&m_id=3_19&m_mod=176&bbsId=6&nttSn=497&num=0&pageIndex=18,,https://farmer.rda.go.kr/portal/menu6/board_lst1.do?m_id=3_19&m_mod=0&menuId=PS03449&pageIndex=18,html/094_PS03449_p18.html,농촌진흥청 농업인안전365
281,6,홍보,전문지·기고,전문지·기고,원활한 작업 위해 작업순서를 재배열한다(농촌여성신문_안전하고 건강한 영농가이드91),2023-10-30,0,18,https://farmer.rda.go.kr/portal/menu1/board_viw.do?menuId=PS03449&m_id=3_19&m_mod=177&bbsId=6&nttSn=281&num=0&pageIndex=18,,https://farmer.rda.go.kr/portal/menu6/board_lst1.do?m_id=3_19&m_mod=0&menuId=PS03449&pageIndex=18,html/094_PS03449_p18.html,농촌진흥청 농업인안전365
119,6,홍보,뉴스모음집,농기계,"(농민신문) 충북 증평농협, 농기계 안전 사고 예방 앞장서!",2023-10-30,0,18,https://farmer.rda.go.kr/portal/menu1/board_viw.do?menuId=PS03449&m_id=3_19&m_mod=178&bbsId=6&nttSn=119&num=0&pageIndex=18,,https://farmer.rda.go.kr/portal/menu6/board_lst1.do?m_id=3_19&m_mod=0&menuId=PS03449&pageIndex=18,html/094_PS03449_p18.html,농촌진흥청 농업인안전365
498,6,홍보,활동소식,농기계,NH농협손보 협력 농기계 사고감지 단말기 지원사업 기술지원,2023-10-30,0,18,https://farmer.rda.go.kr/portal/menu1/board_viw.do?menuId=PS03449&m_id=3_19&m_mod=179&bbsId=6&nttSn=498&num=0&pageIndex=18,,https://farmer.rda.go.kr/portal/menu6/board_lst1.do?m_id=3_19&m_mod=0&menuId=PS03449&pageIndex=18,html/094_PS03449_p18.html,농촌진흥청 농업인안전365
120,6,홍보,뉴스모음집,안전교육,(미디어이슈) 농작업 사고예방교육 이수하면 보험료 할인,2023-09-27,0,18,https://farmer.rda.go.kr/portal/menu1/board_viw.do?menuId=PS03449&m_id=3_19&m_mod=180&bbsId=6&nttSn=120&num=0&pageIndex=18,,https://farmer.rda.go.kr/portal/menu6/board_lst1.do?m_id=3_19&m_mod=0&menuId=PS03449&pageIndex=18,html/094_PS03449_p18.html,농촌진흥청 농업인안전365
3,6,홍보,보도자료,안전교육,농작업 안전사고예방 교육이수자 보험료 할인,2023-09-27,0,19,https://farmer.rda.go.kr/portal/menu1/board_viw.do?menuId=PS03449&m_id=3_19&m_mod=181&bbsId=6&nttSn=3&num=0&pageIndex=19,,https://farmer.rda.go.kr/portal/menu6/board_lst1.do?m_id=3_19&m_mod=0&menuId=PS03449&pageIndex=19,html/095_PS03449_p19.html,농촌진흥청 농업인안전365
121,6,홍보,뉴스모음집,감염·생물학적 위험,(데일리한국) 가을철 야외 농작업 시 털진드기 주의,2023-09-25,0,19,https://farmer.rda.go.kr/portal/menu1/board_viw.do?menuId=PS03449&m_id=3_19&m_mod=182&bbsId=6&nttSn=121&num=0&pageIndex=19,,https://farmer.rda.go.kr/portal/menu6/board_lst1.do?m_id=3_19&m_mod=0&menuId=PS03449&pageIndex=19,html/095_PS03449_p19.html,농촌진흥청 농업인안전365
282,6,홍보,전문지·기고,전문지·기고,사고기록은 사고원인과 개선계획 정보 제공(농촌여성신문_안전하고 건강한 영농가이드90),2023-09-25,0,19,https://farmer.rda.go.kr/portal/menu1/board_viw.do?menuId=PS03449&m_id=3_19&m_mod=183&bbsId=6&nttSn=282&num=0&pageIndex=19,,https://farmer.rda.go.kr/portal/menu6/board_lst1.do?m_id=3_19&m_mod=0&menuId=PS03449&pageIndex=19,html/095_PS03449_p19.html,농촌진흥청 농업인안전365
499,6,홍보,활동소식,활동소식,『제52년차 전국 영농학생축제』 농작업 안전 전시지원,2023-09-25,0,19,https://farmer.rda.go.kr/portal/menu1/board_viw.do?menuId=PS03449&m_id=3_19&m_mod=184&bbsId=6&nttSn=499&num=0&pageIndex=19,,https://farmer.rda.go.kr/portal/menu6/board_lst1.do?m_id=3_19&m_mod=0&menuId=PS03449&pageIndex=19,html/095_PS03449_p19.html,농촌진흥청 농업인안전365
122,6,홍보,뉴스모음집,농기계,(KBS뉴스) '45도 기울면 자동 신고'...농기계 사고 알림 기기 확대,2023-09-18,0,19,https://farmer.rda.go.kr/portal/menu1/board_viw.do?menuId=PS03449&m_id=3_19&m_mod=185&bbsId=6&nttSn=122&num=0&pageIndex=19,,https://farmer.rda.go.kr/portal/menu6/board_lst1.do?m_id=3_19&m_mod=0&menuId=PS03449&pageIndex=19,html/095_PS03449_p19.html,농촌진흥청 농업인안전365
41,6,홍보,홍보성과,농기계,"추석 전 벌초, 벌쏘임·예초기사고 주의..최근 5년간 9월 벌쏘임 환자 14,703명 발생",2023-09-08,0,19,https://farmer.rda.go.kr/portal/menu1/board_viw.do?menuId=PS03449&m_id=3_19&m_mod=186&bbsId=6&nttSn=41&num=0&pageIndex=19,,https://farmer.rda.go.kr/portal/menu6/board_lst1.do?m_id=3_19&m_mod=0&menuId=PS03449&pageIndex=19,html/095_PS03449_p19.html,농촌진흥청 농업인안전365
123,6,홍보,뉴스모음집,농기계,(뉴스1) 예초기 사고 3년간 219건…벌초 시기 앞두고 '안전주의보' 발령,2023-09-06,0,19,https://farmer.rda.go.kr/portal/menu1/board_viw.do?menuId=PS03449&m_id=3_19&m_mod=187&bbsId=6&nttSn=123&num=0&pageIndex=19,,https://farmer.rda.go.kr/portal/menu6/board_lst1.do?m_id=3_19&m_mod=0&menuId=PS03449&pageIndex=19,html/095_PS03449_p19.html,농촌진흥청 농업인안전365
283,6,홍보,전문지·기고,전문지·기고,경계심. 생산성 유지하려면 단조로움 피해야(농촌여성신문_안전하고 건강한 영농가이드89),2023-09-04,0,19,https://farmer.rda.go.kr/portal/menu1/board_viw.do?menuId=PS03449&m_id=3_19&m_mod=188&bbsId=6&nttSn=283&num=0&pageIndex=19,,https://farmer.rda.go.kr/portal/menu6/board_lst1.do?m_id=3_19&m_mod=0&menuId=PS03449&pageIndex=19,html/095_PS03449_p19.html,농촌진흥청 농업인안전365
284,6,홍보,전문지·기고,전문지·기고,규칙적 운동으로 농작업 피로를 풀어라(농촌여성신문_안전하고 건강한 영농가이드88),2023-09-04,0,19,https://farmer.rda.go.kr/portal/menu1/board_viw.do?menuId=PS03449&m_id=3_19&m_mod=189&bbsId=6&nttSn=284&num=0&pageIndex=19,,https://farmer.rda.go.kr/portal/menu6/board_lst1.do?m_id=3_19&m_mod=0&menuId=PS03449&pageIndex=19,html/095_PS03449_p19.html,농촌진흥청 농업인안전365
500,6,홍보,활동소식,안전교육,『2023 전남 청년 4-H회 한마음 야영교육』 농작업 안전 전시지원,2023-09-04,0,19,https://farmer.rda.go.kr/portal/menu1/board_viw.do?menuId=PS03449&m_id=3_19&m_mod=190&bbsId=6&nttSn=500&num=0&pageIndex=19,,https://farmer.rda.go.kr/portal/menu6/board_lst1.do?m_id=3_19&m_mod=0&menuId=PS03449&pageIndex=19,html/095_PS03449_p19.html,농촌진흥청 농업인안전365
501,6,홍보,활동소식,농기계,NH농협손보 협력 농기계 사고감지 단말기 지원사업 기술지원,2023-09-04,0,20,https://farmer.rda.go.kr/portal/menu1/board_viw.do?menuId=PS03449&m_id=3_19&m_mod=191&bbsId=6&nttSn=501&num=0&pageIndex=20,,https://farmer.rda.go.kr/portal/menu6/board_lst1.do?m_id=3_19&m_mod=0&menuId=PS03449&pageIndex=20,html/096_PS03449_p20.html,농촌진흥청 농업인안전365
124,6,홍보,뉴스모음집,온열·한랭,"(연합뉴스) ""낮 시간 휴식·시원한 물""…농업인 온열질환 예방수칙",2023-08-09,0,20,https://farmer.rda.go.kr/portal/menu1/board_viw.do?menuId=PS03449&m_id=3_19&m_mod=192&bbsId=6&nttSn=124&num=0&pageIndex=20,,https://farmer.rda.go.kr/portal/menu6/board_lst1.do?m_id=3_19&m_mod=0&menuId=PS03449&pageIndex=20,html/096_PS03449_p20.html,농촌진흥청 농업인안전365
125,6,홍보,뉴스모음집,온열·한랭,(이데일리) 땡볕에 일하다가 숨진 농부 9명...온열질환 195명,2023-08-08,0,20,https://farmer.rda.go.kr/portal/menu1/board_viw.do?menuId=PS03449&m_id=3_19&m_mod=193&bbsId=6&nttSn=125&num=0&pageIndex=20,,https://farmer.rda.go.kr/portal/menu6/board_lst1.do?m_id=3_19&m_mod=0&menuId=PS03449&pageIndex=20,html/096_PS03449_p20.html,농촌진흥청 농업인안전365
126,6,홍보,뉴스모음집,온열·한랭,"(전남인터넷신문) 고흥군, 폭염 속 농작업할 때 온열질환 주의하세요!",2023-08-08,0,20,https://farmer.rda.go.kr/portal/menu1/board_viw.do?menuId=PS03449&m_id=3_19&m_mod=194&bbsId=6&nttSn=126&num=0&pageIndex=20,,https://farmer.rda.go.kr/portal/menu6/board_lst1.do?m_id=3_19&m_mod=0&menuId=PS03449&pageIndex=20,html/096_PS03449_p20.html,농촌진흥청 농업인안전365
127,6,홍보,뉴스모음집,온열·한랭,(TBS뉴스) 폭염 속에 비닐하우스 작업하던 90대 노인 또 숨져,2023-08-08,0,20,https://farmer.rda.go.kr/portal/menu1/board_viw.do?menuId=PS03449&m_id=3_19&m_mod=195&bbsId=6&nttSn=127&num=0&pageIndex=20,,https://farmer.rda.go.kr/portal/menu6/board_lst1.do?m_id=3_19&m_mod=0&menuId=PS03449&pageIndex=20,html/096_PS03449_p20.html,농촌진흥청 농업인안전365
128,6,홍보,뉴스모음집,온열·한랭,"(노컷뉴스) 충남 온열질환, 50~70대, 논밭, 비닐하우스 집중...7월에만 76명",2023-08-08,0,20,https://farmer.rda.go.kr/portal/menu1/board_viw.do?menuId=PS03449&m_id=3_19&m_mod=196&bbsId=6&nttSn=128&num=0&pageIndex=20,,https://farmer.rda.go.kr/portal/menu6/board_lst1.do?m_id=3_19&m_mod=0&menuId=PS03449&pageIndex=20,html/096_PS03449_p20.html,농촌진흥청 농업인안전365
502,6,홍보,활동소식,활동소식,[부안군] 한우 사육자 개인보호장비 세트 현장설치 기술지원,2023-08-08,0,20,https://farmer.rda.go.kr/portal/menu1/board_viw.do?menuId=PS03449&m_id=3_19&m_mod=197&bbsId=6&nttSn=502&num=0&pageIndex=20,,https://farmer.rda.go.kr/portal/menu6/board_lst1.do?m_id=3_19&m_mod=0&menuId=PS03449&pageIndex=20,html/096_PS03449_p20.html,농촌진흥청 농업인안전365
285,6,홍보,전문지·기고,전문지·기고,장애 농업인에게 안전한 작업환경 제공하라(농촌여성신문_안전하고 건강한 영농가이드87),2023-08-03,0,20,https://farmer.rda.go.kr/portal/menu1/board_viw.do?menuId=PS03449&m_id=3_19&m_mod=198&bbsId=6&nttSn=285&num=0&pageIndex=20,,https://farmer.rda.go.kr/portal/menu6/board_lst1.do?m_id=3_19&m_mod=0&menuId=PS03449&pageIndex=20,html/096_PS03449_p20.html,농촌진흥청 농업인안전365
286,6,홍보,전문지·기고,전문지·기고,고령농업인에 적합한 작업조건 제공해야(농촌여성신문_안전하고 건강한 영농가이드86),2023-08-03,0,20,https://farmer.rda.go.kr/portal/menu1/board_viw.do?menuId=PS03449&m_id=3_19&m_mod=199&bbsId=6&nttSn=286&num=0&pageIndex=20,,https://farmer.rda.go.kr/portal/menu6/board_lst1.do?m_id=3_19&m_mod=0&menuId=PS03449&pageIndex=20,html/096_PS03449_p20.html,농촌진흥청 농업인안전365
42,6,홍보,홍보성과,홍보성과,(더 농부) '농사 골병' 막기 위한 안전장비 활용법[재미있는 농업 이야기 119],2023-08-03,0,20,https://farmer.rda.go.kr/portal/menu1/board_viw.do?menuId=PS03449&m_id=3_19&m_mod=200&bbsId=6&nttSn=42&num=0&pageIndex=20,,https://farmer.rda.go.kr/portal/menu6/board_lst1.do?m_id=3_19&m_mod=0&menuId=PS03449&pageIndex=20,html/096_PS03449_p20.html,농촌진흥청 농업인안전365
129,6,홍보,뉴스모음집,농기계,"(더 코리아) 고흥군, IoT 활용 농기계 교통안전망 구축",2023-07-17,0,21,https://farmer.rda.go.kr/portal/menu1/board_viw.do?menuId=PS03449&m_id=3_19&m_mod=201&bbsId=6&nttSn=129&num=0&pageIndex=21,,https://farmer.rda.go.kr/portal/menu6/board_lst1.do?m_id=3_19&m_mod=0&menuId=PS03449&pageIndex=21,html/097_PS03449_p21.html,농촌진흥청 농업인안전365
503,6,홍보,활동소식,활동소식,2023년 경기도 스마트강소농 대전 전시 참여,2023-07-17,0,21,https://farmer.rda.go.kr/portal/menu1/board_viw.do?menuId=PS03449&m_id=3_19&m_mod=202&bbsId=6&nttSn=503&num=0&pageIndex=21,,https://farmer.rda.go.kr/portal/menu6/board_lst1.do?m_id=3_19&m_mod=0&menuId=PS03449&pageIndex=21,html/097_PS03449_p21.html,농촌진흥청 농업인안전365
130,6,홍보,뉴스모음집,안전교육,"(전남투데이) 고흥군, 농작업 안전 재해예방 교육 추진",2023-07-17,0,21,https://farmer.rda.go.kr/portal/menu1/board_viw.do?menuId=PS03449&m_id=3_19&m_mod=203&bbsId=6&nttSn=130&num=0&pageIndex=21,,https://farmer.rda.go.kr/portal/menu6/board_lst1.do?m_id=3_19&m_mod=0&menuId=PS03449&pageIndex=21,html/097_PS03449_p21.html,농촌진흥청 농업인안전365
131,6,홍보,뉴스모음집,농기계,(MBN) 농로 지나가던 트랙터 추락..제천서 20대 청년 농부 사망,2023-07-12,0,21,https://farmer.rda.go.kr/portal/menu1/board_viw.do?menuId=PS03449&m_id=3_19&m_mod=204&bbsId=6&nttSn=131&num=0&pageIndex=21,,https://farmer.rda.go.kr/portal/menu6/board_lst1.do?m_id=3_19&m_mod=0&menuId=PS03449&pageIndex=21,html/097_PS03449_p21.html,농촌진흥청 농업인안전365
287,6,홍보,전문지·기고,전문지·기고,임산부에게 과도한 일 할당하지 않아야(농촌여성신문_안전하고 건강한 영농가이드85),2023-07-07,0,21,https://farmer.rda.go.kr/portal/menu1/board_viw.do?menuId=PS03449&m_id=3_19&m_mod=205&bbsId=6&nttSn=287&num=0&pageIndex=21,,https://farmer.rda.go.kr/portal/menu6/board_lst1.do?m_id=3_19&m_mod=0&menuId=PS03449&pageIndex=21,html/097_PS03449_p21.html,농촌진흥청 농업인안전365
288,6,홍보,전문지·기고,전문지·기고,이웃과의 정기모임으로 안전보건 검토하라(농촌여성신문_안전하고 건강한 영농가이드84),2023-07-07,0,21,https://farmer.rda.go.kr/portal/menu1/board_viw.do?menuId=PS03449&m_id=3_19&m_mod=206&bbsId=6&nttSn=288&num=0&pageIndex=21,,https://farmer.rda.go.kr/portal/menu6/board_lst1.do?m_id=3_19&m_mod=0&menuId=PS03449&pageIndex=21,html/097_PS03449_p21.html,농촌진흥청 농업인안전365
132,6,홍보,뉴스모음집,농기계,(News1) 경운기 타고 인근마을 향하던 노부부 참변,2023-07-07,0,21,https://farmer.rda.go.kr/portal/menu1/board_viw.do?menuId=PS03449&m_id=3_19&m_mod=207&bbsId=6&nttSn=132&num=0&pageIndex=21,,https://farmer.rda.go.kr/portal/menu6/board_lst1.do?m_id=3_19&m_mod=0&menuId=PS03449&pageIndex=21,html/097_PS03449_p21.html,농촌진흥청 농업인안전365
43,6,홍보,홍보성과,농기계,(한국농기계신문)[전문가 기고]농업인 위험요인 평가기술 개발,2023-07-07,0,21,https://farmer.rda.go.kr/portal/menu1/board_viw.do?menuId=PS03449&m_id=3_19&m_mod=208&bbsId=6&nttSn=43&num=0&pageIndex=21,,https://farmer.rda.go.kr/portal/menu6/board_lst1.do?m_id=3_19&m_mod=0&menuId=PS03449&pageIndex=21,html/097_PS03449_p21.html,농촌진흥청 농업인안전365
44,6,홍보,홍보성과,안전교육,"농진청, '농업인 안전365' 영상공모전 개최",2023-06-12,0,21,https://farmer.rda.go.kr/portal/menu1/board_viw.do?menuId=PS03449&m_id=3_19&m_mod=209&bbsId=6&nttSn=44&num=0&pageIndex=21,,https://farmer.rda.go.kr/portal/menu6/board_lst1.do?m_id=3_19&m_mod=0&menuId=PS03449&pageIndex=21,html/097_PS03449_p21.html,농촌진흥청 농업인안전365
504,6,홍보,활동소식,안전교육,『2023 농업인 안전365 영상 공모전』 개최,2023-06-12,0,21,https://farmer.rda.go.kr/portal/menu1/board_viw.do?menuId=PS03449&m_id=3_19&m_mod=210&bbsId=6&nttSn=504&num=0&pageIndex=21,,https://farmer.rda.go.kr/portal/menu6/board_lst1.do?m_id=3_19&m_mod=0&menuId=PS03449&pageIndex=21,html/097_PS03449_p21.html,농촌진흥청 농업인안전365
486,6,홍보,전문지·기고,근골격계,농작업 관련 근골격계질환 예방관리 (농업기술 2016년 11월호 채혜선),2019-03-06,0,70,https://farmer.rda.go.kr/portal/menu1/board_viw.do?menuId=PS03449&m_id=3_19&m_mod=691&bbsId=6&nttSn=486&num=0&pageIndex=70,,https://farmer.rda.go.kr/portal/menu6/board_lst1.do?m_id=3_19&m_mod=0&menuId=PS03449&pageIndex=70,html/098_PS03449_p70.html,농촌진흥청 농업인안전365
487,6,홍보,전문지·기고,농기계,농기계 관련 농업인 손상 현황 (농업기술 2016년 10월호 김경수),2019-03-06,0,70,https://farmer.rda.go.kr/portal/menu1/board_viw.do?menuId=PS03449&m_id=3_19&m_mod=692&bbsId=6&nttSn=487&num=0&pageIndex=70,,https://farmer.rda.go.kr/portal/menu6/board_lst1.do?m_id=3_19&m_mod=0&menuId=PS03449&pageIndex=70,html/098_PS03449_p70.html,농촌진흥청 농업인안전365
488,6,홍보,전문지·기고,전문지·기고,축산작업자 안전사고 유형과 예방 방안 (농업기술 2016년 9월호 김효철),2019-03-06,0,70,https://farmer.rda.go.kr/portal/menu1/board_viw.do?menuId=PS03449&m_id=3_19&m_mod=693&bbsId=6&nttSn=488&num=0&pageIndex=70,,https://farmer.rda.go.kr/portal/menu6/board_lst1.do?m_id=3_19&m_mod=0&menuId=PS03449&pageIndex=70,html/098_PS03449_p70.html,농촌진흥청 농업인안전365
489,6,홍보,전문지·기고,전문지·기고,농작업 안전보건 관리의 유형 (농업기술 2016년 8월호 김효철),2019-03-06,0,70,https://farmer.rda.go.kr/portal/menu1/board_viw.do?menuId=PS03449&m_id=3_19&m_mod=694&bbsId=6&nttSn=489&num=0&pageIndex=70,,https://farmer.rda.go.kr/portal/menu6/board_lst1.do?m_id=3_19&m_mod=0&menuId=PS03449&pageIndex=70,html/098_PS03449_p70.html,농촌진흥청 농업인안전365
490,6,홍보,전문지·기고,전문지·기고,"농업인 손상, 무엇이 문제인가? (농업기술 2016년 7월호 김경수)",2019-03-06,0,70,https://farmer.rda.go.kr/portal/menu1/board_viw.do?menuId=PS03449&m_id=3_19&m_mod=695&bbsId=6&nttSn=490&num=0&pageIndex=70,,https://farmer.rda.go.kr/portal/menu6/board_lst1.do?m_id=3_19&m_mod=0&menuId=PS03449&pageIndex=70,html/098_PS03449_p70.html,농촌진흥청 농업인안전365
491,6,홍보,전문지·기고,전문지·기고,양계 작업장의 안전사고 유형과 대책 (농업기술 2016년 6월호 이경숙),2019-03-06,0,70,https://farmer.rda.go.kr/portal/menu1/board_viw.do?menuId=PS03449&m_id=3_19&m_mod=696&bbsId=6&nttSn=491&num=0&pageIndex=70,,https://farmer.rda.go.kr/portal/menu6/board_lst1.do?m_id=3_19&m_mod=0&menuId=PS03449&pageIndex=70,html/098_PS03449_p70.html,농촌진흥청 농업인안전365
492,6,홍보,전문지·기고,전문지·기고,"농작업안전, 신발이 중요하다 (농업기술 2016년 5월호 이경숙)",2019-03-06,0,70,https://farmer.rda.go.kr/portal/menu1/board_viw.do?menuId=PS03449&m_id=3_19&m_mod=697&bbsId=6&nttSn=492&num=0&pageIndex=70,,https://farmer.rda.go.kr/portal/menu6/board_lst1.do?m_id=3_19&m_mod=0&menuId=PS03449&pageIndex=70,html/098_PS03449_p70.html,농촌진흥청 농업인안전365
493,6,홍보,전문지·기고,전문지·기고,농업인의 업무상 질병을 아시나요? (농업기술 2016년 4월호 채혜선),2019-03-06,0,70,https://farmer.rda.go.kr/portal/menu1/board_viw.do?menuId=PS03449&m_id=3_19&m_mod=698&bbsId=6&nttSn=493&num=0&pageIndex=70,,https://farmer.rda.go.kr/portal/menu6/board_lst1.do?m_id=3_19&m_mod=0&menuId=PS03449&pageIndex=70,html/098_PS03449_p70.html,농촌진흥청 농업인안전365
494,6,홍보,전문지·기고,전문지·기고,농업인 건강 문제 해결을 위한 농업안전보건센터 (농업기술 2016년 3월호 이경숙),2019-03-06,0,70,https://farmer.rda.go.kr/portal/menu1/board_viw.do?menuId=PS03449&m_id=3_19&m_mod=699&bbsId=6&nttSn=494&num=0&pageIndex=70,,https://farmer.rda.go.kr/portal/menu6/board_lst1.do?m_id=3_19&m_mod=0&menuId=PS03449&pageIndex=70,html/098_PS03449_p70.html,농촌진흥청 농업인안전365
495,6,홍보,전문지·기고,전문지·기고,"농업인도 직업인, 농업인 안전보험 제정되다 (농업기술 2016년 2월호 이경숙)",2019-03-06,0,70,https://farmer.rda.go.kr/portal/menu1/board_viw.do?menuId=PS03449&m_id=3_19&m_mod=700&bbsId=6&nttSn=495&num=0&pageIndex=70,,https://farmer.rda.go.kr/portal/menu6/board_lst1.do?m_id=3_19&m_mod=0&menuId=PS03449&pageIndex=70,html/098_PS03449_p70.html,농촌진흥청 농업인안전365
569,6,홍보,활동소식,농기계,2019년 농기계사고 예방 캠페인 강사 워크숍,2019-03-06,0,71,https://farmer.rda.go.kr/portal/menu1/board_viw.do?menuId=PS03449&m_id=3_19&m_mod=701&bbsId=6&nttSn=569&num=0&pageIndex=71,,https://farmer.rda.go.kr/portal/menu6/board_lst1.do?m_id=3_19&m_mod=0&menuId=PS03449&pageIndex=71,html/099_PS03449_p71.html,농촌진흥청 농업인안전365
570,6,홍보,활동소식,활동소식,'17년 캠페인 후 마을 현장 실태조사,2019-03-05,0,71,https://farmer.rda.go.kr/portal/menu1/board_viw.do?menuId=PS03449&m_id=3_19&m_mod=702&bbsId=6&nttSn=570&num=0&pageIndex=71,,https://farmer.rda.go.kr/portal/menu6/board_lst1.do?m_id=3_19&m_mod=0&menuId=PS03449&pageIndex=71,html/099_PS03449_p71.html,농촌진흥청 농업인안전365
571,6,홍보,활동소식,안전교육,생활개선회 역량강화교육(전시지원),2019-02-23,0,71,https://farmer.rda.go.kr/portal/menu1/board_viw.do?menuId=PS03449&m_id=3_19&m_mod=703&bbsId=6&nttSn=571&num=0&pageIndex=71,,https://farmer.rda.go.kr/portal/menu6/board_lst1.do?m_id=3_19&m_mod=0&menuId=PS03449&pageIndex=71,html/099_PS03449_p71.html,농촌진흥청 농업인안전365
572,6,홍보,활동소식,활동소식,KRA와 함께하는 농어촌 희망재단 연구용역 과제 관련 국회 토론회,2019-01-25,0,71,https://farmer.rda.go.kr/portal/menu1/board_viw.do?menuId=PS03449&m_id=3_19&m_mod=704&bbsId=6&nttSn=572&num=0&pageIndex=71,,https://farmer.rda.go.kr/portal/menu6/board_lst1.do?m_id=3_19&m_mod=0&menuId=PS03449&pageIndex=71,html/099_PS03449_p71.html,농촌진흥청 농업인안전365
573,6,홍보,활동소식,활동소식,농업인 안전보건 연구 워크숍 (토론회),2019-01-25,0,71,https://farmer.rda.go.kr/portal/menu1/board_viw.do?menuId=PS03449&m_id=3_19&m_mod=705&bbsId=6&nttSn=573&num=0&pageIndex=71,,https://farmer.rda.go.kr/portal/menu6/board_lst1.do?m_id=3_19&m_mod=0&menuId=PS03449&pageIndex=71,html/099_PS03449_p71.html,농촌진흥청 농업인안전365
89,6,홍보,홍보성과,홍보성과,한일 공동 농작업재해예방 심포지엄 관련 보도기사,2018-11-30,0,71,https://farmer.rda.go.kr/portal/menu1/board_viw.do?menuId=PS03449&m_id=3_19&m_mod=706&bbsId=6&nttSn=89&num=0&pageIndex=71,,https://farmer.rda.go.kr/portal/menu6/board_lst1.do?m_id=3_19&m_mod=0&menuId=PS03449&pageIndex=71,html/099_PS03449_p71.html,농촌진흥청 농업인안전365
90,6,홍보,홍보성과,홍보성과,농작업 안전보건기사에 도전하세요,2018-11-30,0,71,https://farmer.rda.go.kr/portal/menu1/board_viw.do?menuId=PS03449&m_id=3_19&m_mod=707&bbsId=6&nttSn=90&num=0&pageIndex=71,,https://farmer.rda.go.kr/portal/menu6/board_lst1.do?m_id=3_19&m_mod=0&menuId=PS03449&pageIndex=71,html/099_PS03449_p71.html,농촌진흥청 농업인안전365
91,6,홍보,홍보성과,온열·한랭,"여름철 온열질환 주의, 환자 10명 중 4명 농촌서 발생",2018-07-18,0,71,https://farmer.rda.go.kr/portal/menu1/board_viw.do?menuId=PS03449&m_id=3_19&m_mod=708&bbsId=6&nttSn=91&num=0&pageIndex=71,,https://farmer.rda.go.kr/portal/menu6/board_lst1.do?m_id=3_19&m_mod=0&menuId=PS03449&pageIndex=71,html/099_PS03449_p71.html,농촌진흥청 농업인안전365
92,6,홍보,홍보성과,농기계,"NH농협손보, 2018 농기계 사고예방 캠페인 전개",2018-07-18,0,71,https://farmer.rda.go.kr/portal/menu1/board_viw.do?menuId=PS03449&m_id=3_19&m_mod=709&bbsId=6&nttSn=92&num=0&pageIndex=71,,https://farmer.rda.go.kr/portal/menu6/board_lst1.do?m_id=3_19&m_mod=0&menuId=PS03449&pageIndex=71,html/099_PS03449_p71.html,농촌진흥청 농업인안전365
93,6,홍보,홍보성과,홍보성과,농업인 삶의질 높이기 위한 방안 모색,2018-07-18,0,71,https://farmer.rda.go.kr/portal/menu1/board_viw.do?menuId=PS03449&m_id=3_19&m_mod=710&bbsId=6&nttSn=93&num=0&pageIndex=71,,https://farmer.rda.go.kr/portal/menu6/board_lst1.do?m_id=3_19&m_mod=0&menuId=PS03449&pageIndex=71,html/099_PS03449_p71.html,농촌진흥청 농업인안전365
574,6,홍보,활동소식,활동소식,농업인 건강연구회 뉴스레터 2018년 3호,2018-07-17,0,72,https://farmer.rda.go.kr/portal/menu1/board_viw.do?menuId=PS03449&m_id=3_19&m_mod=711&bbsId=6&nttSn=574&num=0&pageIndex=72,,https://farmer.rda.go.kr/portal/menu6/board_lst1.do?m_id=3_19&m_mod=0&menuId=PS03449&pageIndex=72,html/100_PS03449_p72.html,농촌진흥청 농업인안전365
575,6,홍보,활동소식,활동소식,농업인 건강연구회 뉴스레터 2018년 2호,2018-05-21,0,72,https://farmer.rda.go.kr/portal/menu1/board_viw.do?menuId=PS03449&m_id=3_19&m_mod=712&bbsId=6&nttSn=575&num=0&pageIndex=72,,https://farmer.rda.go.kr/portal/menu6/board_lst1.do?m_id=3_19&m_mod=0&menuId=PS03449&pageIndex=72,html/100_PS03449_p72.html,농촌진흥청 농업인안전365
576,6,홍보,활동소식,활동소식,농업인 건강연구회 뉴스레터 2018년 1호,2018-03-19,0,72,https://farmer.rda.go.kr/portal/menu1/board_viw.do?menuId=PS03449&m_id=3_19&m_mod=713&bbsId=6&nttSn=576&num=0&pageIndex=72,,https://farmer.rda.go.kr/portal/menu6/board_lst1.do?m_id=3_19&m_mod=0&menuId=PS03449&pageIndex=72,html/100_PS03449_p72.html,농촌진흥청 농업인안전365
94,6,홍보,홍보성과,홍보성과,4차산업혁명 자격증 5개 신설,2017-12-26,0,72,https://farmer.rda.go.kr/portal/menu1/board_viw.do?menuId=PS03449&m_id=3_19&m_mod=714&bbsId=6&nttSn=94&num=0&pageIndex=72,,https://farmer.rda.go.kr/portal/menu6/board_lst1.do?m_id=3_19&m_mod=0&menuId=PS03449&pageIndex=72,html/100_PS03449_p72.html,농촌진흥청 농업인안전365
95,6,홍보,홍보성과,홍보성과,농업인에게 도움이 되는 농작업복 관리 요령,2017-10-23,0,72,https://farmer.rda.go.kr/portal/menu1/board_viw.do?menuId=PS03449&m_id=3_19&m_mod=715&bbsId=6&nttSn=95&num=0&pageIndex=72,,https://farmer.rda.go.kr/portal/menu6/board_lst1.do?m_id=3_19&m_mod=0&menuId=PS03449&pageIndex=72,html/100_PS03449_p72.html,농촌진흥청 농업인안전365
96,6,홍보,홍보성과,홍보성과,'농업인 안전보건 미래전략' 국제심포지엄 개최,2017-10-23,0,72,https://farmer.rda.go.kr/portal/menu1/board_viw.do?menuId=PS03449&m_id=3_19&m_mod=716&bbsId=6&nttSn=96&num=0&pageIndex=72,,https://farmer.rda.go.kr/portal/menu6/board_lst1.do?m_id=3_19&m_mod=0&menuId=PS03449&pageIndex=72,html/100_PS03449_p72.html,농촌진흥청 농업인안전365
97,6,홍보,홍보성과,홍보성과,농업인 안전보건은 전세계 공동과제,2017-10-23,0,72,https://farmer.rda.go.kr/portal/menu1/board_viw.do?menuId=PS03449&m_id=3_19&m_mod=717&bbsId=6&nttSn=97&num=0&pageIndex=72,,https://farmer.rda.go.kr/portal/menu6/board_lst1.do?m_id=3_19&m_mod=0&menuId=PS03449&pageIndex=72,html/100_PS03449_p72.html,농촌진흥청 농업인안전365
577,6,홍보,활동소식,활동소식,농업인 건강연구회 뉴스레터 2017년 6호,2017-08-28,0,72,https://farmer.rda.go.kr/portal/menu1/board_viw.do?menuId=PS03449&m_id=3_19&m_mod=718&bbsId=6&nttSn=577&num=0&pageIndex=72,,https://farmer.rda.go.kr/portal/menu6/board_lst1.do?m_id=3_19&m_mod=0&menuId=PS03449&pageIndex=72,html/100_PS03449_p72.html,농촌진흥청 농업인안전365
98,6,홍보,홍보성과,홍보성과,"농업인 업무상 재해, 보험료 50% 국고지원",2017-07-13,0,72,https://farmer.rda.go.kr/portal/menu1/board_viw.do?menuId=PS03449&m_id=3_19&m_mod=719&bbsId=6&nttSn=98&num=0&pageIndex=72,,https://farmer.rda.go.kr/portal/menu6/board_lst1.do?m_id=3_19&m_mod=0&menuId=PS03449&pageIndex=72,html/100_PS03449_p72.html,농촌진흥청 농업인안전365
99,6,홍보,홍보성과,홍보성과,농업인 인적재해 예방 시급하다,2017-07-10,0,72,https://farmer.rda.go.kr/portal/menu1/board_viw.do?menuId=PS03449&m_id=3_19&m_mod=720&bbsId=6&nttSn=99&num=0&pageIndex=72,,https://farmer.rda.go.kr/portal/menu6/board_lst1.do?m_id=3_19&m_mod=0&menuId=PS03449&pageIndex=72,html/100_PS03449_p72.html,농촌진흥청 농업인안전365
100,6,홍보,홍보성과,농기계,"NH농협손보, 2017 농기계 사고예방 캠페인",2017-07-10,0,73,https://farmer.rda.go.kr/portal/menu1/board_viw.do?menuId=PS03449&m_id=3_19&m_mod=721&bbsId=6&nttSn=100&num=0&pageIndex=73,,https://farmer.rda.go.kr/portal/menu6/board_lst1.do?m_id=3_19&m_mod=0&menuId=PS03449&pageIndex=73,html/101_PS03449_p73.html,농촌진흥청 농업인안전365
578,6,홍보,활동소식,활동소식,농업인 건강연구회 뉴스레터 2017년 5호,2017-06-07,0,73,https://farmer.rda.go.kr/portal/menu1/board_viw.do?menuId=PS03449&m_id=3_19&m_mod=722&bbsId=6&nttSn=578&num=0&pageIndex=73,,https://farmer.rda.go.kr/portal/menu6/board_lst1.do?m_id=3_19&m_mod=0&menuId=PS03449&pageIndex=73,html/101_PS03449_p73.html,농촌진흥청 농업인안전365
101,6,홍보,홍보성과,농약·화학물질,농약노출과 안전사용,2017-06-02,0,73,https://farmer.rda.go.kr/portal/menu1/board_viw.do?menuId=PS03449&m_id=3_19&m_mod=723&bbsId=6&nttSn=101&num=0&pageIndex=73,,https://farmer.rda.go.kr/portal/menu6/board_lst1.do?m_id=3_19&m_mod=0&menuId=PS03449&pageIndex=73,html/101_PS03449_p73.html,농촌진흥청 농업인안전365
102,6,홍보,홍보성과,농기계,5월 농기계 사고 비상 치사율 높아(YTN이슈 인터뷰),2017-06-02,0,73,https://farmer.rda.go.kr/portal/menu1/board_viw.do?menuId=PS03449&m_id=3_19&m_mod=724&bbsId=6&nttSn=102&num=0&pageIndex=73,,https://farmer.rda.go.kr/portal/menu6/board_lst1.do?m_id=3_19&m_mod=0&menuId=PS03449&pageIndex=73,html/101_PS03449_p73.html,농촌진흥청 농업인안전365
103,6,홍보,홍보성과,농기계,"봄철 농기계 사고 비상, 일반 차사고 보다 더 크게 다쳐(MBC뉴스)",2017-06-02,0,73,https://farmer.rda.go.kr/portal/menu1/board_viw.do?menuId=PS03449&m_id=3_19&m_mod=725&bbsId=6&nttSn=103&num=0&pageIndex=73,,https://farmer.rda.go.kr/portal/menu6/board_lst1.do?m_id=3_19&m_mod=0&menuId=PS03449&pageIndex=73,html/101_PS03449_p73.html,농촌진흥청 농업인안전365
579,6,홍보,활동소식,활동소식,농업인 건강연구회 뉴스레터 2017년 4호,2017-04-11,0,73,https://farmer.rda.go.kr/portal/menu1/board_viw.do?menuId=PS03449&m_id=3_19&m_mod=726&bbsId=6&nttSn=579&num=0&pageIndex=73,,https://farmer.rda.go.kr/portal/menu6/board_lst1.do?m_id=3_19&m_mod=0&menuId=PS03449&pageIndex=73,html/101_PS03449_p73.html,농촌진흥청 농업인안전365
580,6,홍보,활동소식,활동소식,농업인 건강연구회 뉴스레터 2017년 3호,2017-03-09,0,73,https://farmer.rda.go.kr/portal/menu1/board_viw.do?menuId=PS03449&m_id=3_19&m_mod=727&bbsId=6&nttSn=580&num=0&pageIndex=73,,https://farmer.rda.go.kr/portal/menu6/board_lst1.do?m_id=3_19&m_mod=0&menuId=PS03449&pageIndex=73,html/101_PS03449_p73.html,농촌진흥청 농업인안전365
581,6,홍보,활동소식,활동소식,농업인 건강연구회 뉴스레터 2017년 2호,2017-02-20,0,73,https://farmer.rda.go.kr/portal/menu1/board_viw.do?menuId=PS03449&m_id=3_19&m_mod=728&bbsId=6&nttSn=581&num=0&pageIndex=73,,https://farmer.rda.go.kr/portal/menu6/board_lst1.do?m_id=3_19&m_mod=0&menuId=PS03449&pageIndex=73,html/101_PS03449_p73.html,농촌진흥청 농업인안전365
582,6,홍보,활동소식,활동소식,농업인 건강연구회 뉴스레터 2017년 1호,2017-01-23,0,73,https://farmer.rda.go.kr/portal/menu1/board_viw.do?menuId=PS03449&m_id=3_19&m_mod=729&bbsId=6&nttSn=582&num=0&pageIndex=73,,https://farmer.rda.go.kr/portal/menu6/board_lst1.do?m_id=3_19&m_mod=0&menuId=PS03449&pageIndex=73,html/101_PS03449_p73.html,농촌진흥청 농업인안전365
583,6,홍보,활동소식,활동소식,농업인 건강연구회 뉴스레터 2016년 8호,2016-12-13,0,73,https://farmer.rda.go.kr/portal/menu1/board_viw.do?menuId=PS03449&m_id=3_19&m_mod=730&bbsId=6&nttSn=583&num=0&pageIndex=73,,https://farmer.rda.go.kr/portal/menu6/board_lst1.do?m_id=3_19&m_mod=0&menuId=PS03449&pageIndex=73,html/101_PS03449_p73.html,농촌진흥청 농업인안전365
104,6,홍보,홍보성과,농기계,농기계 관련 농업인 손상 현황,2016-11-08,0,74,https://farmer.rda.go.kr/portal/menu1/board_viw.do?menuId=PS03449&m_id=3_19&m_mod=731&bbsId=6&nttSn=104&num=0&pageIndex=74,,https://farmer.rda.go.kr/portal/menu6/board_lst1.do?m_id=3_19&m_mod=0&menuId=PS03449&pageIndex=74,html/102_PS03449_p74.html,농촌진흥청 농업인안전365
584,6,홍보,활동소식,활동소식,농업인 건강연구회 뉴스레터 2016년 7호,2016-11-07,0,74,https://farmer.rda.go.kr/portal/menu1/board_viw.do?menuId=PS03449&m_id=3_19&m_mod=732&bbsId=6&nttSn=584&num=0&pageIndex=74,,https://farmer.rda.go.kr/portal/menu6/board_lst1.do?m_id=3_19&m_mod=0&menuId=PS03449&pageIndex=74,html/102_PS03449_p74.html,농촌진흥청 농업인안전365
585,6,홍보,활동소식,활동소식,농업인 건강연구회 뉴스레터 2016년 6호,2016-10-06,0,74,https://farmer.rda.go.kr/portal/menu1/board_viw.do?menuId=PS03449&m_id=3_19&m_mod=733&bbsId=6&nttSn=585&num=0&pageIndex=74,,https://farmer.rda.go.kr/portal/menu6/board_lst1.do?m_id=3_19&m_mod=0&menuId=PS03449&pageIndex=74,html/102_PS03449_p74.html,농촌진흥청 농업인안전365
105,6,홍보,홍보성과,홍보성과,농작업 안전보건 관리의 유형,2016-09-09,0,74,https://farmer.rda.go.kr/portal/menu1/board_viw.do?menuId=PS03449&m_id=3_19&m_mod=734&bbsId=6&nttSn=105&num=0&pageIndex=74,,https://farmer.rda.go.kr/portal/menu6/board_lst1.do?m_id=3_19&m_mod=0&menuId=PS03449&pageIndex=74,html/102_PS03449_p74.html,농촌진흥청 농업인안전365
106,6,홍보,홍보성과,홍보성과,"농업인 손상, 무엇이 문제인가?",2016-09-09,0,74,https://farmer.rda.go.kr/portal/menu1/board_viw.do?menuId=PS03449&m_id=3_19&m_mod=735&bbsId=6&nttSn=106&num=0&pageIndex=74,,https://farmer.rda.go.kr/portal/menu6/board_lst1.do?m_id=3_19&m_mod=0&menuId=PS03449&pageIndex=74,html/102_PS03449_p74.html,농촌진흥청 농업인안전365
107,6,홍보,홍보성과,홍보성과,양계 작업장의 안전사고 유형과 대책,2016-09-09,0,74,https://farmer.rda.go.kr/portal/menu1/board_viw.do?menuId=PS03449&m_id=3_19&m_mod=736&bbsId=6&nttSn=107&num=0&pageIndex=74,,https://farmer.rda.go.kr/portal/menu6/board_lst1.do?m_id=3_19&m_mod=0&menuId=PS03449&pageIndex=74,html/102_PS03449_p74.html,농촌진흥청 농업인안전365
108,6,홍보,홍보성과,홍보성과,"농작업안전, 신발이 중요하다",2016-09-09,0,74,https://farmer.rda.go.kr/portal/menu1/board_viw.do?menuId=PS03449&m_id=3_19&m_mod=737&bbsId=6&nttSn=108&num=0&pageIndex=74,,https://farmer.rda.go.kr/portal/menu6/board_lst1.do?m_id=3_19&m_mod=0&menuId=PS03449&pageIndex=74,html/102_PS03449_p74.html,농촌진흥청 농업인안전365
109,6,홍보,홍보성과,홍보성과,농업인의 업무상 질병을 아시나요?,2016-09-09,0,74,https://farmer.rda.go.kr/portal/menu1/board_viw.do?menuId=PS03449&m_id=3_19&m_mod=738&bbsId=6&nttSn=109&num=0&pageIndex=74,,https://farmer.rda.go.kr/portal/menu6/board_lst1.do?m_id=3_19&m_mod=0&menuId=PS03449&pageIndex=74,html/102_PS03449_p74.html,농촌진흥청 농업인안전365
110,6,홍보,홍보성과,홍보성과,농업인 건강 문제 해결을 위한 농업안전보건센터,2016-09-09,0,74,https://farmer.rda.go.kr/portal/menu1/board_viw.do?menuId=PS03449&m_id=3_19&m_mod=739&bbsId=6&nttSn=110&num=0&pageIndex=74,,https://farmer.rda.go.kr/portal/menu6/board_lst1.do?m_id=3_19&m_mod=0&menuId=PS03449&pageIndex=74,html/102_PS03449_p74.html,농촌진흥청 농업인안전365
111,6,홍보,홍보성과,홍보성과,"농업인도 직업인, 농업인 안전보험 제정되다",2016-09-09,0,74,https://farmer.rda.go.kr/portal/menu1/board_viw.do?menuId=PS03449&m_id=3_19&m_mod=740&bbsId=6&nttSn=111&num=0&pageIndex=74,,https://farmer.rda.go.kr/portal/menu6/board_lst1.do?m_id=3_19&m_mod=0&menuId=PS03449&pageIndex=74,html/102_PS03449_p74.html,농촌진흥청 농업인안전365
586,6,홍보,활동소식,활동소식,농업인 건강연구회 뉴스레터 2016년 5호,2016-06-15,0,75,https://farmer.rda.go.kr/portal/menu1/board_viw.do?menuId=PS03449&m_id=3_19&m_mod=741&bbsId=6&nttSn=586&num=0&pageIndex=75,,https://farmer.rda.go.kr/portal/menu6/board_lst1.do?m_id=3_19&m_mod=0&menuId=PS03449&pageIndex=75,html/103_PS03449_p75.html,농촌진흥청 농업인안전365
587,6,홍보,활동소식,활동소식,농업인 건강연구회 뉴스레터 2016년 4호,2016-05-18,0,75,https://farmer.rda.go.kr/portal/menu1/board_viw.do?menuId=PS03449&m_id=3_19&m_mod=742&bbsId=6&nttSn=587&num=0&pageIndex=75,,https://farmer.rda.go.kr/portal/menu6/board_lst1.do?m_id=3_19&m_mod=0&menuId=PS03449&pageIndex=75,html/103_PS03449_p75.html,농촌진흥청 농업인안전365
588,6,홍보,활동소식,활동소식,농업인 건강연구회 뉴스레터 2016년 3호,2016-04-15,0,75,https://farmer.rda.go.kr/portal/menu1/board_viw.do?menuId=PS03449&m_id=3_19&m_mod=743&bbsId=6&nttSn=588&num=0&pageIndex=75,,https://farmer.rda.go.kr/portal/menu6/board_lst1.do?m_id=3_19&m_mod=0&menuId=PS03449&pageIndex=75,html/103_PS03449_p75.html,농촌진흥청 농업인안전365
589,6,홍보,활동소식,활동소식,농업인 건강연구회 뉴스레터 2016년 2호,2016-03-04,0,75,https://farmer.rda.go.kr/portal/menu1/board_viw.do?menuId=PS03449&m_id=3_19&m_mod=744&bbsId=6&nttSn=589&num=0&pageIndex=75,,https://farmer.rda.go.kr/portal/menu6/board_lst1.do?m_id=3_19&m_mod=0&menuId=PS03449&pageIndex=75,html/103_PS03449_p75.html,농촌진흥청 농업인안전365
590,6,홍보,활동소식,활동소식,농업인 건강연구회 뉴스레터 2016년 1호,2016-02-04,0,75,https://farmer.rda.go.kr/portal/menu1/board_viw.do?menuId=PS03449&m_id=3_19&m_mod=745&bbsId=6&nttSn=590&num=0&pageIndex=75,,https://farmer.rda.go.kr/portal/menu6/board_lst1.do?m_id=3_19&m_mod=0&menuId=PS03449&pageIndex=75,html/103_PS03449_p75.html,농촌진흥청 농업인안전365
591,6,홍보,활동소식,활동소식,농업인 건강연구회 뉴스레터 2015년 3호,2015-06-15,0,75,https://farmer.rda.go.kr/portal/menu1/board_viw.do?menuId=PS03449&m_id=3_19&m_mod=746&bbsId=6&nttSn=591&num=0&pageIndex=75,,https://farmer.rda.go.kr/portal/menu6/board_lst1.do?m_id=3_19&m_mod=0&menuId=PS03449&pageIndex=75,html/103_PS03449_p75.html,농촌진흥청 농업인안전365
592,6,홍보,활동소식,활동소식,농업인 건강연구회 뉴스레터 2015년 2호,2015-06-15,0,75,https://farmer.rda.go.kr/portal/menu1/board_viw.do?menuId=PS03449&m_id=3_19&m_mod=747&bbsId=6&nttSn=592&num=0&pageIndex=75,,https://farmer.rda.go.kr/portal/menu6/board_lst1.do?m_id=3_19&m_mod=0&menuId=PS03449&pageIndex=75,html/103_PS03449_p75.html,농촌진흥청 농업인안전365
593,6,홍보,활동소식,활동소식,농업인 건강연구회 뉴스레터 2015년 1호,2015-06-15,0,75,https://farmer.rda.go.kr/portal/menu1/board_viw.do?menuId=PS03449&m_id=3_19&m_mod=748&bbsId=6&nttSn=593&num=0&pageIndex=75,,https://farmer.rda.go.kr/portal/menu6/board_lst1.do?m_id=3_19&m_mod=0&menuId=PS03449&pageIndex=75,html/103_PS03449_p75.html,농촌진흥청 농업인안전365
594,6,홍보,활동소식,활동소식,농업인 건강연구회 뉴스레터 2014년 3호,2014-10-13,0,75,https://farmer.rda.go.kr/portal/menu1/board_viw.do?menuId=PS03449&m_id=3_19&m_mod=749&bbsId=6&nttSn=594&num=0&pageIndex=75,,https://farmer.rda.go.kr/portal/menu6/board_lst1.do?m_id=3_19&m_mod=0&menuId=PS03449&pageIndex=75,html/103_PS03449_p75.html,농촌진흥청 농업인안전365
595,6,홍보,활동소식,활동소식,농업인 건강연구회 뉴스레터 2014년 2호,2014-10-07,0,75,https://farmer.rda.go.kr/portal/menu1/board_viw.do?menuId=PS03449&m_id=3_19&m_mod=750&bbsId=6&nttSn=595&num=0&pageIndex=75,,https://farmer.rda.go.kr/portal/menu6/board_lst1.do?m_id=3_19&m_mod=0&menuId=PS03449&pageIndex=75,html/103_PS03449_p75.html,농촌진흥청 농업인안전365
596,6,홍보,활동소식,활동소식,농업인 건강연구회 뉴스레터 2014년 1호,2014-04-01,0,76,https://farmer.rda.go.kr/portal/menu1/board_viw.do?menuId=PS03449&m_id=3_19&m_mod=751&bbsId=6&nttSn=596&num=0&pageIndex=76,,https://farmer.rda.go.kr/portal/menu6/board_lst1.do?m_id=3_19&m_mod=0&menuId=PS03449&pageIndex=76,html/104_PS03449_p76.html,농촌진흥청 농업인안전365
597,6,홍보,활동소식,활동소식,농업인 건강연구회 뉴스레터 2013년 7호,2013-12-11,0,76,https://farmer.rda.go.kr/portal/menu1/board_viw.do?menuId=PS03449&m_id=3_19&m_mod=752&bbsId=6&nttSn=597&num=0&pageIndex=76,,https://farmer.rda.go.kr/portal/menu6/board_lst1.do?m_id=3_19&m_mod=0&menuId=PS03449&pageIndex=76,html/104_PS03449_p76.html,농촌진흥청 농업인안전365
598,6,홍보,활동소식,활동소식,농업인 건강연구회 뉴스레터 2013년 6호,2013-11-15,0,76,https://farmer.rda.go.kr/portal/menu1/board_viw.do?menuId=PS03449&m_id=3_19&m_mod=753&bbsId=6&nttSn=598&num=0&pageIndex=76,,https://farmer.rda.go.kr/portal/menu6/board_lst1.do?m_id=3_19&m_mod=0&menuId=PS03449&pageIndex=76,html/104_PS03449_p76.html,농촌진흥청 농업인안전365
599,6,홍보,활동소식,활동소식,농업인 건강연구회 뉴스레터 2013년 5호,2013-09-16,0,76,https://farmer.rda.go.kr/portal/menu1/board_viw.do?menuId=PS03449&m_id=3_19&m_mod=754&bbsId=6&nttSn=599&num=0&pageIndex=76,,https://farmer.rda.go.kr/portal/menu6/board_lst1.do?m_id=3_19&m_mod=0&menuId=PS03449&pageIndex=76,html/104_PS03449_p76.html,농촌진흥청 농업인안전365
112,6,홍보,홍보성과,농약·화학물질,"농촌진흥청, 여름철 농작업복·농약방제복 개발",2013-09-13,0,76,https://farmer.rda.go.kr/portal/menu1/board_viw.do?menuId=PS03449&m_id=3_19&m_mod=755&bbsId=6&nttSn=112&num=0&pageIndex=76,,https://farmer.rda.go.kr/portal/menu6/board_lst1.do?m_id=3_19&m_mod=0&menuId=PS03449&pageIndex=76,html/104_PS03449_p76.html,농촌진흥청 농업인안전365
113,6,홍보,홍보성과,홍보성과,"8월 9일, '한일 공동 농작업안전보건 심포지엄' 열어",2013-09-13,0,76,https://farmer.rda.go.kr/portal/menu1/board_viw.do?menuId=PS03449&m_id=3_19&m_mod=756&bbsId=6&nttSn=113&num=0&pageIndex=76,,https://farmer.rda.go.kr/portal/menu6/board_lst1.do?m_id=3_19&m_mod=0&menuId=PS03449&pageIndex=76,html/104_PS03449_p76.html,농촌진흥청 농업인안전365
114,6,홍보,홍보성과,홍보성과,"농촌진흥청, 이달의 도서 소개",2013-09-13,0,76,https://farmer.rda.go.kr/portal/menu1/board_viw.do?menuId=PS03449&m_id=3_19&m_mod=757&bbsId=6&nttSn=114&num=0&pageIndex=76,,https://farmer.rda.go.kr/portal/menu6/board_lst1.do?m_id=3_19&m_mod=0&menuId=PS03449&pageIndex=76,html/104_PS03449_p76.html,농촌진흥청 농업인안전365
115,6,홍보,홍보성과,홍보성과,"농촌진흥청, '농작업 안전관리 체험프로그램' 개발 및 보급",2013-09-13,0,76,https://farmer.rda.go.kr/portal/menu1/board_viw.do?menuId=PS03449&m_id=3_19&m_mod=758&bbsId=6&nttSn=115&num=0&pageIndex=76,,https://farmer.rda.go.kr/portal/menu6/board_lst1.do?m_id=3_19&m_mod=0&menuId=PS03449&pageIndex=76,html/104_PS03449_p76.html,농촌진흥청 농업인안전365
600,6,홍보,활동소식,활동소식,농업인 건강연구회 뉴스레터 2013년 4호,2013-06-12,0,76,https://farmer.rda.go.kr/portal/menu1/board_viw.do?menuId=PS03449&m_id=3_19&m_mod=759&bbsId=6&nttSn=600&num=0&pageIndex=76,,https://farmer.rda.go.kr/portal/menu6/board_lst1.do?m_id=3_19&m_mod=0&menuId=PS03449&pageIndex=76,html/104_PS03449_p76.html,농촌진흥청 농업인안전365
601,6,홍보,활동소식,활동소식,농업인 건강연구회 뉴스레터 2013년 3호,2013-04-12,0,76,https://farmer.rda.go.kr/portal/menu1/board_viw.do?menuId=PS03449&m_id=3_19&m_mod=760&bbsId=6&nttSn=601&num=0&pageIndex=76,,https://farmer.rda.go.kr/portal/menu6/board_lst1.do?m_id=3_19&m_mod=0&menuId=PS03449&pageIndex=76,html/104_PS03449_p76.html,농촌진흥청 농업인안전365
602,6,홍보,활동소식,활동소식,농업인 건강연구회 뉴스레터 2013년 2호,2013-02-13,0,77,https://farmer.rda.go.kr/portal/menu1/board_viw.do?menuId=PS03449&m_id=3_19&m_mod=761&bbsId=6&nttSn=602&num=0&pageIndex=77,,https://farmer.rda.go.kr/portal/menu6/board_lst1.do?m_id=3_19&m_mod=0&menuId=PS03449&pageIndex=77,html/105_PS03449_p77.html,농촌진흥청 농업인안전365
603,6,홍보,활동소식,활동소식,농업인 건강연구회 뉴스레터 2013년 1호,2013-01-09,0,77,https://farmer.rda.go.kr/portal/menu1/board_viw.do?menuId=PS03449&m_id=3_19&m_mod=762&bbsId=6&nttSn=603&num=0&pageIndex=77,,https://farmer.rda.go.kr/portal/menu6/board_lst1.do?m_id=3_19&m_mod=0&menuId=PS03449&pageIndex=77,html/105_PS03449_p77.html,농촌진흥청 농업인안전365
604,6,홍보,활동소식,활동소식,농업인 건강연구회 뉴스레터 2012년 8호,2013-01-09,0,77,https://farmer.rda.go.kr/portal/menu1/board_viw.do?menuId=PS03449&m_id=3_19&m_mod=763&bbsId=6&nttSn=604&num=0&pageIndex=77,,https://farmer.rda.go.kr/portal/menu6/board_lst1.do?m_id=3_19&m_mod=0&menuId=PS03449&pageIndex=77,html/105_PS03449_p77.html,농촌진흥청 농업인안전365
605,6,홍보,활동소식,활동소식,농업인 건강연구회 뉴스레터 2012년 7호,2012-09-05,0,77,https://farmer.rda.go.kr/portal/menu1/board_viw.do?menuId=PS03449&m_id=3_19&m_mod=764&bbsId=6&nttSn=605&num=0&pageIndex=77,,https://farmer.rda.go.kr/portal/menu6/board_lst1.do?m_id=3_19&m_mod=0&menuId=PS03449&pageIndex=77,html/105_PS03449_p77.html,농촌진흥청 농업인안전365
606,6,홍보,활동소식,활동소식,농업인 건강연구회 뉴스레터 2012년 6호,2012-07-10,0,77,https://farmer.rda.go.kr/portal/menu1/board_viw.do?menuId=PS03449&m_id=3_19&m_mod=765&bbsId=6&nttSn=606&num=0&pageIndex=77,,https://farmer.rda.go.kr/portal/menu6/board_lst1.do?m_id=3_19&m_mod=0&menuId=PS03449&pageIndex=77,html/105_PS03449_p77.html,농촌진흥청 농업인안전365
607,6,홍보,활동소식,활동소식,농업인 건강연구회 뉴스레터 2012년 5호,2012-06-11,0,77,https://farmer.rda.go.kr/portal/menu1/board_viw.do?menuId=PS03449&m_id=3_19&m_mod=766&bbsId=6&nttSn=607&num=0&pageIndex=77,,https://farmer.rda.go.kr/portal/menu6/board_lst1.do?m_id=3_19&m_mod=0&menuId=PS03449&pageIndex=77,html/105_PS03449_p77.html,농촌진흥청 농업인안전365
608,6,홍보,활동소식,활동소식,농업인 건강연구회 뉴스레터 2012년 4호,2012-05-04,0,77,https://farmer.rda.go.kr/portal/menu1/board_viw.do?menuId=PS03449&m_id=3_19&m_mod=767&bbsId=6&nttSn=608&num=0&pageIndex=77,,https://farmer.rda.go.kr/portal/menu6/board_lst1.do?m_id=3_19&m_mod=0&menuId=PS03449&pageIndex=77,html/105_PS03449_p77.html,농촌진흥청 농업인안전365
609,6,홍보,활동소식,활동소식,농업인 건강연구회 뉴스레터 2012년 3호,2012-04-12,0,77,https://farmer.rda.go.kr/portal/menu1/board_viw.do?menuId=PS03449&m_id=3_19&m_mod=768&bbsId=6&nttSn=609&num=0&pageIndex=77,,https://farmer.rda.go.kr/portal/menu6/board_lst1.do?m_id=3_19&m_mod=0&menuId=PS03449&pageIndex=77,html/105_PS03449_p77.html,농촌진흥청 농업인안전365
610,6,홍보,활동소식,활동소식,농업인 건강연구회 뉴스레터 2012년 2호,2012-02-07,0,77,https://farmer.rda.go.kr/portal/menu1/board_viw.do?menuId=PS03449&m_id=3_19&m_mod=769&bbsId=6&nttSn=610&num=0&pageIndex=77,,https://farmer.rda.go.kr/portal/menu6/board_lst1.do?m_id=3_19&m_mod=0&menuId=PS03449&pageIndex=77,html/105_PS03449_p77.html,농촌진흥청 농업인안전365
611,6,홍보,활동소식,활동소식,농업인 건강연구회 뉴스레터 2012년 1호,2012-01-09,0,77,https://farmer.rda.go.kr/portal/menu1/board_viw.do?menuId=PS03449&m_id=3_19&m_mod=770&bbsId=6&nttSn=611&num=0&pageIndex=77,,https://farmer.rda.go.kr/portal/menu6/board_lst1.do?m_id=3_19&m_mod=0&menuId=PS03449&pageIndex=77,html/105_PS03449_p77.html,농촌진흥청 농업인안전365
612,6,홍보,활동소식,활동소식,농업인 건강연구회 뉴스레터 2011년 7호,2011-11-23,0,78,https://farmer.rda.go.kr/portal/menu1/board_viw.do?menuId=PS03449&m_id=3_19&m_mod=771&bbsId=6&nttSn=612&num=0&pageIndex=78,,https://farmer.rda.go.kr/portal/menu6/board_lst1.do?m_id=3_19&m_mod=0&menuId=PS03449&pageIndex=78,html/106_PS03449_p78.html,농촌진흥청 농업인안전365
613,6,홍보,활동소식,활동소식,농업인 건강연구회 뉴스레터 2011년 6호,2011-10-17,0,78,https://farmer.rda.go.kr/portal/menu1/board_viw.do?menuId=PS03449&m_id=3_19&m_mod=772&bbsId=6&nttSn=613&num=0&pageIndex=78,,https://farmer.rda.go.kr/portal/menu6/board_lst1.do?m_id=3_19&m_mod=0&menuId=PS03449&pageIndex=78,html/106_PS03449_p78.html,농촌진흥청 농업인안전365
614,6,홍보,활동소식,활동소식,농업인 건강연구회 뉴스레터 2011년 5호,2011-09-08,0,78,https://farmer.rda.go.kr/portal/menu1/board_viw.do?menuId=PS03449&m_id=3_19&m_mod=773&bbsId=6&nttSn=614&num=0&pageIndex=78,,https://farmer.rda.go.kr/portal/menu6/board_lst1.do?m_id=3_19&m_mod=0&menuId=PS03449&pageIndex=78,html/106_PS03449_p78.html,농촌진흥청 농업인안전365
615,6,홍보,활동소식,활동소식,농업인 건강연구회 뉴스레터 2011년 4호,2011-06-10,0,78,https://farmer.rda.go.kr/portal/menu1/board_viw.do?menuId=PS03449&m_id=3_19&m_mod=774&bbsId=6&nttSn=615&num=0&pageIndex=78,,https://farmer.rda.go.kr/portal/menu6/board_lst1.do?m_id=3_19&m_mod=0&menuId=PS03449&pageIndex=78,html/106_PS03449_p78.html,농촌진흥청 농업인안전365
616,6,홍보,활동소식,활동소식,농업인 건강연구회 뉴스레터 2011년 3호,2011-05-12,0,78,https://farmer.rda.go.kr/portal/menu1/board_viw.do?menuId=PS03449&m_id=3_19&m_mod=775&bbsId=6&nttSn=616&num=0&pageIndex=78,,https://farmer.rda.go.kr/portal/menu6/board_lst1.do?m_id=3_19&m_mod=0&menuId=PS03449&pageIndex=78,html/106_PS03449_p78.html,농촌진흥청 농업인안전365
617,6,홍보,활동소식,활동소식,농업인 건강연구회 뉴스레터 2011년 2호,2011-04-05,0,78,https://farmer.rda.go.kr/portal/menu1/board_viw.do?menuId=PS03449&m_id=3_19&m_mod=776&bbsId=6&nttSn=617&num=0&pageIndex=78,,https://farmer.rda.go.kr/portal/menu6/board_lst1.do?m_id=3_19&m_mod=0&menuId=PS03449&pageIndex=78,html/106_PS03449_p78.html,농촌진흥청 농업인안전365
618,6,홍보,활동소식,활동소식,농업인 건강연구회 뉴스레터 2011년 1호,2011-03-14,0,78,https://farmer.rda.go.kr/portal/menu1/board_viw.do?menuId=PS03449&m_id=3_19&m_mod=777&bbsId=6&nttSn=618&num=0&pageIndex=78,,https://farmer.rda.go.kr/portal/menu6/board_lst1.do?m_id=3_19&m_mod=0&menuId=PS03449&pageIndex=78,html/106_PS03449_p78.html,농촌진흥청 농업인안전365
619,6,홍보,활동소식,활동소식,농업인 건강연구회 뉴스레터 2010년 11호,2011-01-19,0,78,https://farmer.rda.go.kr/portal/menu1/board_viw.do?menuId=PS03449&m_id=3_19&m_mod=778&bbsId=6&nttSn=619&num=0&pageIndex=78,,https://farmer.rda.go.kr/portal/menu6/board_lst1.do?m_id=3_19&m_mod=0&menuId=PS03449&pageIndex=78,html/106_PS03449_p78.html,농촌진흥청 농업인안전365
620,6,홍보,활동소식,활동소식,농업인 건강연구회 뉴스레터 2010년 10호,2011-01-19,0,78,https://farmer.rda.go.kr/portal/menu1/board_viw.do?menuId=PS03449&m_id=3_19&m_mod=779&bbsId=6&nttSn=620&num=0&pageIndex=78,,https://farmer.rda.go.kr/portal/menu6/board_lst1.do?m_id=3_19&m_mod=0&menuId=PS03449&pageIndex=78,html/106_PS03449_p78.html,농촌진흥청 농업인안전365
621,6,홍보,활동소식,활동소식,농업인 건강연구회 뉴스레터 2010년 9호,2011-01-19,0,78,https://farmer.rda.go.kr/portal/menu1/board_viw.do?menuId=PS03449&m_id=3_19&m_mod=780&bbsId=6&nttSn=621&num=0&pageIndex=78,,https://farmer.rda.go.kr/portal/menu6/board_lst1.do?m_id=3_19&m_mod=0&menuId=PS03449&pageIndex=78,html/106_PS03449_p78.html,농촌진흥청 농업인안전365
45,6,홍보,홍보성과,농기계,"농진청 ""집중호우 잦은 여름 농기계 침수 대비하세요""",2023-06-05,0,22,https://farmer.rda.go.kr/portal/menu1/board_viw.do?menuId=PS03449&m_id=3_19&m_mod=211&bbsId=6&nttSn=45&num=0&pageIndex=22,,https://farmer.rda.go.kr/portal/menu6/board_lst1.do?m_id=3_19&m_mod=0&menuId=PS03449&pageIndex=22,html/107_PS03449_p22.html,농촌진흥청 농업인안전365
4,6,홍보,보도자료,농기계,집중호우 잦은 여름 농기계 침수 대비해야,2023-06-05,0,22,https://farmer.rda.go.kr/portal/menu1/board_viw.do?menuId=PS03449&m_id=3_19&m_mod=212&bbsId=6&nttSn=4&num=0&pageIndex=22,,https://farmer.rda.go.kr/portal/menu6/board_lst1.do?m_id=3_19&m_mod=0&menuId=PS03449&pageIndex=22,html/107_PS03449_p22.html,농촌진흥청 농업인안전365
289,6,홍보,전문지·기고,전문지·기고,고가의 기계장비는 공동투자로 구입하라(농촌여성신문_안전하고 건강한 영농가이드83),2023-05-31,0,22,https://farmer.rda.go.kr/portal/menu1/board_viw.do?menuId=PS03449&m_id=3_19&m_mod=213&bbsId=6&nttSn=289&num=0&pageIndex=22,,https://farmer.rda.go.kr/portal/menu6/board_lst1.do?m_id=3_19&m_mod=0&menuId=PS03449&pageIndex=22,html/107_PS03449_p22.html,농촌진흥청 농업인안전365
290,6,홍보,전문지·기고,전문지·기고,가족간 농사․ 가사분담으로 유대강화를~(농촌여성신문_안전하고 건강한 영농가이드82),2023-05-17,0,22,https://farmer.rda.go.kr/portal/menu1/board_viw.do?menuId=PS03449&m_id=3_19&m_mod=214&bbsId=6&nttSn=290&num=0&pageIndex=22,,https://farmer.rda.go.kr/portal/menu6/board_lst1.do?m_id=3_19&m_mod=0&menuId=PS03449&pageIndex=22,html/107_PS03449_p22.html,농촌진흥청 농업인안전365
133,6,홍보,뉴스모음집,농기계,"(농민신문) NH농협손해보험, 농진청과 전남 나주 마한농협서 농기계사고 예방 캠페인",2023-05-10,0,22,https://farmer.rda.go.kr/portal/menu1/board_viw.do?menuId=PS03449&m_id=3_19&m_mod=215&bbsId=6&nttSn=133&num=0&pageIndex=22,,https://farmer.rda.go.kr/portal/menu6/board_lst1.do?m_id=3_19&m_mod=0&menuId=PS03449&pageIndex=22,html/107_PS03449_p22.html,농촌진흥청 농업인안전365
505,6,홍보,활동소식,농기계,농촌진흥청-농협손해보험 협력 ‘농기계 사고예방 캠페인’,2023-05-10,0,22,https://farmer.rda.go.kr/portal/menu1/board_viw.do?menuId=PS03449&m_id=3_19&m_mod=216&bbsId=6&nttSn=505&num=0&pageIndex=22,,https://farmer.rda.go.kr/portal/menu6/board_lst1.do?m_id=3_19&m_mod=0&menuId=PS03449&pageIndex=22,html/107_PS03449_p22.html,농촌진흥청 농업인안전365
46,6,홍보,홍보성과,농기계,"(23년 04월) 한국소비자원, 농기계 체인·벨트에 신체가 끼이는 등의 안전사고 발생",2023-05-02,0,22,https://farmer.rda.go.kr/portal/menu1/board_viw.do?menuId=PS03449&m_id=3_19&m_mod=217&bbsId=6&nttSn=46&num=0&pageIndex=22,,https://farmer.rda.go.kr/portal/menu6/board_lst1.do?m_id=3_19&m_mod=0&menuId=PS03449&pageIndex=22,html/107_PS03449_p22.html,농촌진흥청 농업인안전365
5,6,홍보,보도자료,농기계,농기계 체인·벨트에 신체가 끼이는 등의 안전사고 발생해,2023-05-02,0,22,https://farmer.rda.go.kr/portal/menu1/board_viw.do?menuId=PS03449&m_id=3_19&m_mod=218&bbsId=6&nttSn=5&num=0&pageIndex=22,,https://farmer.rda.go.kr/portal/menu6/board_lst1.do?m_id=3_19&m_mod=0&menuId=PS03449&pageIndex=22,html/107_PS03449_p22.html,농촌진흥청 농업인안전365
6,6,홍보,보도자료,근골격계,"농촌진흥청, 농업인 업무상 질병, '여성' 많고 대부분 '근골격계질환'",2023-04-26,0,22,https://farmer.rda.go.kr/portal/menu1/board_viw.do?menuId=PS03449&m_id=3_19&m_mod=219&bbsId=6&nttSn=6&num=0&pageIndex=22,,https://farmer.rda.go.kr/portal/menu6/board_lst1.do?m_id=3_19&m_mod=0&menuId=PS03449&pageIndex=22,html/107_PS03449_p22.html,농촌진흥청 농업인안전365
506,6,홍보,활동소식,농기계,『상주농업기계박람회』 안전·편이 장비 전시 참여,2023-04-26,0,22,https://farmer.rda.go.kr/portal/menu1/board_viw.do?menuId=PS03449&m_id=3_19&m_mod=220&bbsId=6&nttSn=506&num=0&pageIndex=22,,https://farmer.rda.go.kr/portal/menu6/board_lst1.do?m_id=3_19&m_mod=0&menuId=PS03449&pageIndex=22,html/107_PS03449_p22.html,농촌진흥청 농업인안전365
134,6,홍보,뉴스모음집,뉴스모음집,"(전남투데이) 고흥군, 농업인 안전 365 캠페인으로 농작업 안전문화 홍보",2023-04-19,0,23,https://farmer.rda.go.kr/portal/menu1/board_viw.do?menuId=PS03449&m_id=3_19&m_mod=221&bbsId=6&nttSn=134&num=0&pageIndex=23,,https://farmer.rda.go.kr/portal/menu6/board_lst1.do?m_id=3_19&m_mod=0&menuId=PS03449&pageIndex=23,html/108_PS03449_p23.html,농촌진흥청 농업인안전365
291,6,홍보,전문지·기고,전문지·기고,힘든 작업은 그룹 조직해 효율적으로(농촌여성신문_안전하고 건강한 영농가이드81),2023-04-11,0,23,https://farmer.rda.go.kr/portal/menu1/board_viw.do?menuId=PS03449&m_id=3_19&m_mod=222&bbsId=6&nttSn=291&num=0&pageIndex=23,,https://farmer.rda.go.kr/portal/menu6/board_lst1.do?m_id=3_19&m_mod=0&menuId=PS03449&pageIndex=23,html/108_PS03449_p23.html,농촌진흥청 농업인안전365
292,6,홍보,전문지·기고,전문지·기고,충분한 수면은 생산적인 농사일의 기초(농촌여성신문_안전하고 건강한 영농가이드80),2023-04-05,0,23,https://farmer.rda.go.kr/portal/menu1/board_viw.do?menuId=PS03449&m_id=3_19&m_mod=223&bbsId=6&nttSn=292&num=0&pageIndex=23,,https://farmer.rda.go.kr/portal/menu6/board_lst1.do?m_id=3_19&m_mod=0&menuId=PS03449&pageIndex=23,html/108_PS03449_p23.html,농촌진흥청 농업인안전365
293,6,홍보,전문지·기고,전문지·기고,규칙적인 영양식은 피로 줄이고 생산성 향상(농촌여성신문_안전하고 건강한 영농가이드79),2023-04-05,0,23,https://farmer.rda.go.kr/portal/menu1/board_viw.do?menuId=PS03449&m_id=3_19&m_mod=224&bbsId=6&nttSn=293&num=0&pageIndex=23,,https://farmer.rda.go.kr/portal/menu6/board_lst1.do?m_id=3_19&m_mod=0&menuId=PS03449&pageIndex=23,html/108_PS03449_p23.html,농촌진흥청 농업인안전365
47,6,홍보,홍보성과,농기계,"(23년 03월) '농촌진흥청, IoT 농기계 교통안전시스템 보급' 보도",2023-04-03,0,23,https://farmer.rda.go.kr/portal/menu1/board_viw.do?menuId=PS03449&m_id=3_19&m_mod=225&bbsId=6&nttSn=47&num=0&pageIndex=23,,https://farmer.rda.go.kr/portal/menu6/board_lst1.do?m_id=3_19&m_mod=0&menuId=PS03449&pageIndex=23,html/108_PS03449_p23.html,농촌진흥청 농업인안전365
7,6,홍보,보도자료,보도자료,"농촌진흥청, 여성농업인 농작업안전사고 예방 실천 다짐 '한마음'",2023-03-27,0,23,https://farmer.rda.go.kr/portal/menu1/board_viw.do?menuId=PS03449&m_id=3_19&m_mod=226&bbsId=6&nttSn=7&num=0&pageIndex=23,,https://farmer.rda.go.kr/portal/menu6/board_lst1.do?m_id=3_19&m_mod=0&menuId=PS03449&pageIndex=23,html/108_PS03449_p23.html,농촌진흥청 농업인안전365
135,6,홍보,뉴스모음집,뉴스모음집,(농촌여성신문) 농업인 안전․건강 컨트롤타워 역할에 최선,2023-03-27,0,23,https://farmer.rda.go.kr/portal/menu1/board_viw.do?menuId=PS03449&m_id=3_19&m_mod=227&bbsId=6&nttSn=135&num=0&pageIndex=23,,https://farmer.rda.go.kr/portal/menu6/board_lst1.do?m_id=3_19&m_mod=0&menuId=PS03449&pageIndex=23,html/108_PS03449_p23.html,농촌진흥청 농업인안전365
136,6,홍보,뉴스모음집,뉴스모음집,"(매일일보) 고흥군, ‘안전한 농작업 일터 만들기’ 맞춤형 사업 추진",2023-03-27,0,23,https://farmer.rda.go.kr/portal/menu1/board_viw.do?menuId=PS03449&m_id=3_19&m_mod=228&bbsId=6&nttSn=136&num=0&pageIndex=23,,https://farmer.rda.go.kr/portal/menu6/board_lst1.do?m_id=3_19&m_mod=0&menuId=PS03449&pageIndex=23,html/108_PS03449_p23.html,농촌진흥청 농업인안전365
8,6,홍보,보도자료,보도자료,"농촌진흥청, 이달의 신간(농촌 체험농장 안전보건 관리 지침서)",2023-03-27,0,23,https://farmer.rda.go.kr/portal/menu1/board_viw.do?menuId=PS03449&m_id=3_19&m_mod=229&bbsId=6&nttSn=8&num=0&pageIndex=23,,https://farmer.rda.go.kr/portal/menu6/board_lst1.do?m_id=3_19&m_mod=0&menuId=PS03449&pageIndex=23,html/108_PS03449_p23.html,농촌진흥청 농업인안전365
9,6,홍보,보도자료,보도자료,"농촌진흥청, 이달의신간(농업인 안전재해현황: 농업인안전보험 자료)",2023-03-24,0,23,https://farmer.rda.go.kr/portal/menu1/board_viw.do?menuId=PS03449&m_id=3_19&m_mod=230&bbsId=6&nttSn=9&num=0&pageIndex=23,,https://farmer.rda.go.kr/portal/menu6/board_lst1.do?m_id=3_19&m_mod=0&menuId=PS03449&pageIndex=23,html/108_PS03449_p23.html,농촌진흥청 농업인안전365
137,6,홍보,뉴스모음집,뉴스모음집,"(뉴스1) 보은군, 여성 농업인 '농부증' 예방 위해 농작업 장비 지원",2023-03-14,0,24,https://farmer.rda.go.kr/portal/menu1/board_viw.do?menuId=PS03449&m_id=3_19&m_mod=231&bbsId=6&nttSn=137&num=0&pageIndex=24,,https://farmer.rda.go.kr/portal/menu6/board_lst1.do?m_id=3_19&m_mod=0&menuId=PS03449&pageIndex=24,html/109_PS03449_p24.html,농촌진흥청 농업인안전365
507,6,홍보,활동소식,활동소식,[고흥군] 농작업 재해예방 시범사업 전문가 컨설팅,2023-03-08,0,24,https://farmer.rda.go.kr/portal/menu1/board_viw.do?menuId=PS03449&m_id=3_19&m_mod=232&bbsId=6&nttSn=507&num=0&pageIndex=24,,https://farmer.rda.go.kr/portal/menu6/board_lst1.do?m_id=3_19&m_mod=0&menuId=PS03449&pageIndex=24,html/109_PS03449_p24.html,농촌진흥청 농업인안전365
48,6,홍보,홍보성과,홍보성과,(일본농업신문) ‘표준조례안 마련’ 보도,2023-03-08,0,24,https://farmer.rda.go.kr/portal/menu1/board_viw.do?menuId=PS03449&m_id=3_19&m_mod=233&bbsId=6&nttSn=48&num=0&pageIndex=24,,https://farmer.rda.go.kr/portal/menu6/board_lst1.do?m_id=3_19&m_mod=0&menuId=PS03449&pageIndex=24,html/109_PS03449_p24.html,농촌진흥청 농업인안전365
49,6,홍보,홍보성과,홍보성과,(일본농업신문) '농업인안전추진단 신설' 보도,2023-03-08,0,24,https://farmer.rda.go.kr/portal/menu1/board_viw.do?menuId=PS03449&m_id=3_19&m_mod=234&bbsId=6&nttSn=49&num=0&pageIndex=24,,https://farmer.rda.go.kr/portal/menu6/board_lst1.do?m_id=3_19&m_mod=0&menuId=PS03449&pageIndex=24,html/109_PS03449_p24.html,농촌진흥청 농업인안전365
138,6,홍보,뉴스모음집,뉴스모음집,"(지디넷) NH농협생명, '농업인NH안전보험' 개정 출시",2023-03-07,0,24,https://farmer.rda.go.kr/portal/menu1/board_viw.do?menuId=PS03449&m_id=3_19&m_mod=235&bbsId=6&nttSn=138&num=0&pageIndex=24,,https://farmer.rda.go.kr/portal/menu6/board_lst1.do?m_id=3_19&m_mod=0&menuId=PS03449&pageIndex=24,html/109_PS03449_p24.html,농촌진흥청 농업인안전365
139,6,홍보,뉴스모음집,뉴스모음집,(뉴시스) 피해 보전·농업인 보호…서울 농업재해보험료 지원 확대,2023-02-28,0,24,https://farmer.rda.go.kr/portal/menu1/board_viw.do?menuId=PS03449&m_id=3_19&m_mod=236&bbsId=6&nttSn=139&num=0&pageIndex=24,,https://farmer.rda.go.kr/portal/menu6/board_lst1.do?m_id=3_19&m_mod=0&menuId=PS03449&pageIndex=24,html/109_PS03449_p24.html,농촌진흥청 농업인안전365
294,6,홍보,전문지·기고,전문지·기고,여가시설 마련해 심신 건강 증진시켜라(농촌여성신문_안전하고 건강한 영농가이드78),2023-02-27,0,24,https://farmer.rda.go.kr/portal/menu1/board_viw.do?menuId=PS03449&m_id=3_19&m_mod=237&bbsId=6&nttSn=294&num=0&pageIndex=24,,https://farmer.rda.go.kr/portal/menu6/board_lst1.do?m_id=3_19&m_mod=0&menuId=PS03449&pageIndex=24,html/109_PS03449_p24.html,농촌진흥청 농업인안전365
295,6,홍보,전문지·기고,전문지·기고,농지 근처에 휴식시설을 조성하라(농촌여성신문_안전하고 건강한 영농가이드77),2023-02-27,0,24,https://farmer.rda.go.kr/portal/menu1/board_viw.do?menuId=PS03449&m_id=3_19&m_mod=238&bbsId=6&nttSn=295&num=0&pageIndex=24,,https://farmer.rda.go.kr/portal/menu6/board_lst1.do?m_id=3_19&m_mod=0&menuId=PS03449&pageIndex=24,html/109_PS03449_p24.html,농촌진흥청 농업인안전365
296,6,홍보,전문지·기고,전문지·기고,위험요소로부터 어린이 보호조치 취하라(농촌여성신문_안전하고 건강한 영농가이드76),2023-02-27,0,24,https://farmer.rda.go.kr/portal/menu1/board_viw.do?menuId=PS03449&m_id=3_19&m_mod=239&bbsId=6&nttSn=296&num=0&pageIndex=24,,https://farmer.rda.go.kr/portal/menu6/board_lst1.do?m_id=3_19&m_mod=0&menuId=PS03449&pageIndex=24,html/109_PS03449_p24.html,농촌진흥청 농업인안전365
140,6,홍보,뉴스모음집,뉴스모음집,"(새전북뉴스) 여성농업인, 농작업 안전재해 예방 실천 다짐 ‘한마음’",2023-02-21,0,24,https://farmer.rda.go.kr/portal/menu1/board_viw.do?menuId=PS03449&m_id=3_19&m_mod=240&bbsId=6&nttSn=140&num=0&pageIndex=24,,https://farmer.rda.go.kr/portal/menu6/board_lst1.do?m_id=3_19&m_mod=0&menuId=PS03449&pageIndex=24,html/109_PS03449_p24.html,농촌진흥청 농업인안전365
50,6,홍보,홍보성과,농기계,"곡성군, 농업기계 종합보험 가입비 80% 지원",2023-02-21,0,25,https://farmer.rda.go.kr/portal/menu1/board_viw.do?menuId=PS03449&m_id=3_19&m_mod=241&bbsId=6&nttSn=50&num=0&pageIndex=25,,https://farmer.rda.go.kr/portal/menu6/board_lst1.do?m_id=3_19&m_mod=0&menuId=PS03449&pageIndex=25,html/110_PS03449_p25.html,농촌진흥청 농업인안전365
141,6,홍보,뉴스모음집,농기계,(프레시안) 도서·소외지역 농업기계 안전교육·정비 수리 지원 순회,2023-02-14,0,25,https://farmer.rda.go.kr/portal/menu1/board_viw.do?menuId=PS03449&m_id=3_19&m_mod=242&bbsId=6&nttSn=141&num=0&pageIndex=25,,https://farmer.rda.go.kr/portal/menu6/board_lst1.do?m_id=3_19&m_mod=0&menuId=PS03449&pageIndex=25,html/110_PS03449_p25.html,농촌진흥청 농업인안전365
142,6,홍보,뉴스모음집,뉴스모음집,"(뉴시스) 여성농업인 문화생활 장려…사천시, 바우처 지원사업 접수",2023-02-07,0,25,https://farmer.rda.go.kr/portal/menu1/board_viw.do?menuId=PS03449&m_id=3_19&m_mod=243&bbsId=6&nttSn=142&num=0&pageIndex=25,,https://farmer.rda.go.kr/portal/menu6/board_lst1.do?m_id=3_19&m_mod=0&menuId=PS03449&pageIndex=25,html/110_PS03449_p25.html,농촌진흥청 농업인안전365
143,6,홍보,뉴스모음집,뉴스모음집,"(충청일보) ""안전한 농업환경 만들자""",2023-02-07,0,25,https://farmer.rda.go.kr/portal/menu1/board_viw.do?menuId=PS03449&m_id=3_19&m_mod=244&bbsId=6&nttSn=143&num=0&pageIndex=25,,https://farmer.rda.go.kr/portal/menu6/board_lst1.do?m_id=3_19&m_mod=0&menuId=PS03449&pageIndex=25,html/110_PS03449_p25.html,농촌진흥청 농업인안전365
297,6,홍보,전문지·기고,응급대응,휴대 편리한 응급처치키트를 준비하라(농촌여성신문_안전하고 건강한 영농가이드75),2023-01-31,0,25,https://farmer.rda.go.kr/portal/menu1/board_viw.do?menuId=PS03449&m_id=3_19&m_mod=245&bbsId=6&nttSn=297&num=0&pageIndex=25,,https://farmer.rda.go.kr/portal/menu6/board_lst1.do?m_id=3_19&m_mod=0&menuId=PS03449&pageIndex=25,html/110_PS03449_p25.html,농촌진흥청 농업인안전365
298,6,홍보,전문지·기고,전문지·기고,"작업장 근처에 깨끗한 화장실, 샤워시설 제공하라(농촌여성신문_안전하고 건강한 영농가이드74)",2023-01-31,0,25,https://farmer.rda.go.kr/portal/menu1/board_viw.do?menuId=PS03449&m_id=3_19&m_mod=246&bbsId=6&nttSn=298&num=0&pageIndex=25,,https://farmer.rda.go.kr/portal/menu6/board_lst1.do?m_id=3_19&m_mod=0&menuId=PS03449&pageIndex=25,html/110_PS03449_p25.html,농촌진흥청 농업인안전365
299,6,홍보,전문지·기고,전문지·기고,"작업장에 안전한 식수, 음료를 적절히 공급하라(농촌여성신문_안전하고 건강한 영농가이드73)",2023-01-27,0,25,https://farmer.rda.go.kr/portal/menu1/board_viw.do?menuId=PS03449&m_id=3_19&m_mod=247&bbsId=6&nttSn=299&num=0&pageIndex=25,,https://farmer.rda.go.kr/portal/menu6/board_lst1.do?m_id=3_19&m_mod=0&menuId=PS03449&pageIndex=25,html/110_PS03449_p25.html,농촌진흥청 농업인안전365
300,6,홍보,전문지·기고,전문지·기고,인축 배설물을 바이오가스로 변환하라(농촌여성신문_안전하고 건강한 영농가이드72),2023-01-27,0,25,https://farmer.rda.go.kr/portal/menu1/board_viw.do?menuId=PS03449&m_id=3_19&m_mod=248&bbsId=6&nttSn=300&num=0&pageIndex=25,,https://farmer.rda.go.kr/portal/menu6/board_lst1.do?m_id=3_19&m_mod=0&menuId=PS03449&pageIndex=25,html/110_PS03449_p25.html,농촌진흥청 농업인안전365
301,6,홍보,전문지·기고,농약·화학물질,해충관리법을 숙지해 농약사용량 줄여라(농촌여성신문_안전하고 건강한 영농가이드71),2023-01-27,0,25,https://farmer.rda.go.kr/portal/menu1/board_viw.do?menuId=PS03449&m_id=3_19&m_mod=249&bbsId=6&nttSn=301&num=0&pageIndex=25,,https://farmer.rda.go.kr/portal/menu6/board_lst1.do?m_id=3_19&m_mod=0&menuId=PS03449&pageIndex=25,html/110_PS03449_p25.html,농촌진흥청 농업인안전365
302,6,홍보,전문지·기고,전문지·기고,"손상, 부패 최소화 방식으로 농산물 가공하라(농촌여성신문_안전하고 건강한 영농가이드70)",2023-01-26,0,25,https://farmer.rda.go.kr/portal/menu1/board_viw.do?menuId=PS03449&m_id=3_19&m_mod=250&bbsId=6&nttSn=302&num=0&pageIndex=25,,https://farmer.rda.go.kr/portal/menu6/board_lst1.do?m_id=3_19&m_mod=0&menuId=PS03449&pageIndex=25,html/110_PS03449_p25.html,농촌진흥청 농업인안전365
144,6,홍보,뉴스모음집,뉴스모음집,(연합뉴스) 전북 여성농업인 생생카드 신청 접수…연 15만원 지원,2023-01-26,0,26,https://farmer.rda.go.kr/portal/menu1/board_viw.do?menuId=PS03449&m_id=3_19&m_mod=251&bbsId=6&nttSn=144&num=0&pageIndex=26,,https://farmer.rda.go.kr/portal/menu6/board_lst1.do?m_id=3_19&m_mod=0&menuId=PS03449&pageIndex=26,html/111_PS03449_p26.html,농촌진흥청 농업인안전365
145,6,홍보,뉴스모음집,뉴스모음집,(한국농어민신문) 농진청 ‘농업인안전추진단’ 출범,2023-01-19,0,26,https://farmer.rda.go.kr/portal/menu1/board_viw.do?menuId=PS03449&m_id=3_19&m_mod=252&bbsId=6&nttSn=145&num=0&pageIndex=26,,https://farmer.rda.go.kr/portal/menu6/board_lst1.do?m_id=3_19&m_mod=0&menuId=PS03449&pageIndex=26,html/111_PS03449_p26.html,농촌진흥청 농업인안전365
146,6,홍보,뉴스모음집,뉴스모음집,"(뉴시스) 가평군, 컬러 가드레일 등 농로 안전시설 설치 확대",2023-01-11,0,26,https://farmer.rda.go.kr/portal/menu1/board_viw.do?menuId=PS03449&m_id=3_19&m_mod=253&bbsId=6&nttSn=146&num=0&pageIndex=26,,https://farmer.rda.go.kr/portal/menu6/board_lst1.do?m_id=3_19&m_mod=0&menuId=PS03449&pageIndex=26,html/111_PS03449_p26.html,농촌진흥청 농업인안전365
147,6,홍보,뉴스모음집,뉴스모음집,"(라이브팜뉴스) 농진원, 안전보건경영 실천 결의대회 개최",2023-01-03,0,26,https://farmer.rda.go.kr/portal/menu1/board_viw.do?menuId=PS03449&m_id=3_19&m_mod=254&bbsId=6&nttSn=147&num=0&pageIndex=26,,https://farmer.rda.go.kr/portal/menu6/board_lst1.do?m_id=3_19&m_mod=0&menuId=PS03449&pageIndex=26,html/111_PS03449_p26.html,농촌진흥청 농업인안전365
51,6,홍보,홍보성과,홍보성과,농업취업자 4명 중 한 명은 아플 때도 일해,2022-12-29,0,26,https://farmer.rda.go.kr/portal/menu1/board_viw.do?menuId=PS03449&m_id=3_19&m_mod=255&bbsId=6&nttSn=51&num=0&pageIndex=26,,https://farmer.rda.go.kr/portal/menu6/board_lst1.do?m_id=3_19&m_mod=0&menuId=PS03449&pageIndex=26,html/111_PS03449_p26.html,농촌진흥청 농업인안전365
148,6,홍보,뉴스모음집,근골격계,(농민신문) 과수농 근골격계질환 대비 ‘농업인안전보험’ 독려,2022-12-29,0,26,https://farmer.rda.go.kr/portal/menu1/board_viw.do?menuId=PS03449&m_id=3_19&m_mod=256&bbsId=6&nttSn=148&num=0&pageIndex=26,,https://farmer.rda.go.kr/portal/menu6/board_lst1.do?m_id=3_19&m_mod=0&menuId=PS03449&pageIndex=26,html/111_PS03449_p26.html,농촌진흥청 농업인안전365
10,6,홍보,보도자료,보도자료,"농촌진흥청, 이달의신간(알기 쉬운 농업인의 업무상 손상)",2022-12-27,0,26,https://farmer.rda.go.kr/portal/menu1/board_viw.do?menuId=PS03449&m_id=3_19&m_mod=257&bbsId=6&nttSn=10&num=0&pageIndex=26,,https://farmer.rda.go.kr/portal/menu6/board_lst1.do?m_id=3_19&m_mod=0&menuId=PS03449&pageIndex=26,html/111_PS03449_p26.html,농촌진흥청 농업인안전365
11,6,홍보,보도자료,농기계,"농촌진흥청, 이달의신간(농업기계 사고 현황)",2022-12-27,0,26,https://farmer.rda.go.kr/portal/menu1/board_viw.do?menuId=PS03449&m_id=3_19&m_mod=258&bbsId=6&nttSn=11&num=0&pageIndex=26,,https://farmer.rda.go.kr/portal/menu6/board_lst1.do?m_id=3_19&m_mod=0&menuId=PS03449&pageIndex=26,html/111_PS03449_p26.html,농촌진흥청 농업인안전365
12,6,홍보,보도자료,보도자료,"농촌진흥청, 농업-일반취업자 근로환경 비교 결과 발표",2022-12-27,0,26,https://farmer.rda.go.kr/portal/menu1/board_viw.do?menuId=PS03449&m_id=3_19&m_mod=259&bbsId=6&nttSn=12&num=0&pageIndex=26,,https://farmer.rda.go.kr/portal/menu6/board_lst1.do?m_id=3_19&m_mod=0&menuId=PS03449&pageIndex=26,html/111_PS03449_p26.html,농촌진흥청 농업인안전365
303,6,홍보,전문지·기고,전문지·기고,적절한 물 처리로 환경 살리고 생산비도 절감(농촌여성신문_안전하고 건강한 영농가이드69),2022-12-22,0,26,https://farmer.rda.go.kr/portal/menu1/board_viw.do?menuId=PS03449&m_id=3_19&m_mod=260&bbsId=6&nttSn=303&num=0&pageIndex=26,,https://farmer.rda.go.kr/portal/menu6/board_lst1.do?m_id=3_19&m_mod=0&menuId=PS03449&pageIndex=26,html/111_PS03449_p26.html,농촌진흥청 농업인안전365
304,6,홍보,전문지·기고,전문지·기고,영농폐기물 분리수거는 환경보호 출발점(농촌여성신문_안전하고 건강한 영농가이드68),2022-12-22,0,27,https://farmer.rda.go.kr/portal/menu1/board_viw.do?menuId=PS03449&m_id=3_19&m_mod=261&bbsId=6&nttSn=304&num=0&pageIndex=27,,https://farmer.rda.go.kr/portal/menu6/board_lst1.do?m_id=3_19&m_mod=0&menuId=PS03449&pageIndex=27,html/112_PS03449_p27.html,농촌진흥청 농업인안전365
305,6,홍보,전문지·기고,농약·화학물질,폐농약 용기는 지정된 장소서 안전하게 폐기(농촌여성신문_안전하고 건강한 영농가이드67),2022-12-22,0,27,https://farmer.rda.go.kr/portal/menu1/board_viw.do?menuId=PS03449&m_id=3_19&m_mod=262&bbsId=6&nttSn=305&num=0&pageIndex=27,,https://farmer.rda.go.kr/portal/menu6/board_lst1.do?m_id=3_19&m_mod=0&menuId=PS03449&pageIndex=27,html/112_PS03449_p27.html,농촌진흥청 농업인안전365
306,6,홍보,전문지·기고,전문지·기고,생강저장굴 질식사고 예방 요령(농업기술 2022년 12월호 김효철),2022-12-15,0,27,https://farmer.rda.go.kr/portal/menu1/board_viw.do?menuId=PS03449&m_id=3_19&m_mod=263&bbsId=6&nttSn=306&num=0&pageIndex=27,,https://farmer.rda.go.kr/portal/menu6/board_lst1.do?m_id=3_19&m_mod=0&menuId=PS03449&pageIndex=27,html/112_PS03449_p27.html,농촌진흥청 농업인안전365
149,6,홍보,뉴스모음집,뉴스모음집,(팜앤마켓) “농작업 안전관리사업은 농업인 복지 서비스”,2022-12-15,0,27,https://farmer.rda.go.kr/portal/menu1/board_viw.do?menuId=PS03449&m_id=3_19&m_mod=264&bbsId=6&nttSn=149&num=0&pageIndex=27,,https://farmer.rda.go.kr/portal/menu6/board_lst1.do?m_id=3_19&m_mod=0&menuId=PS03449&pageIndex=27,html/112_PS03449_p27.html,농촌진흥청 농업인안전365
508,6,홍보,활동소식,활동소식,제12차 농촌진흥청-대한직업환경의학회 공동 심포지움 개최,2022-12-12,0,27,https://farmer.rda.go.kr/portal/menu1/board_viw.do?menuId=PS03449&m_id=3_19&m_mod=265&bbsId=6&nttSn=508&num=0&pageIndex=27,,https://farmer.rda.go.kr/portal/menu6/board_lst1.do?m_id=3_19&m_mod=0&menuId=PS03449&pageIndex=27,html/112_PS03449_p27.html,농촌진흥청 농업인안전365
150,6,홍보,뉴스모음집,농기계,"(이투데이) NH농협손보, 농기계 사고예방 캠페인 전개",2022-11-24,0,27,https://farmer.rda.go.kr/portal/menu1/board_viw.do?menuId=PS03449&m_id=3_19&m_mod=266&bbsId=6&nttSn=150&num=0&pageIndex=27,,https://farmer.rda.go.kr/portal/menu6/board_lst1.do?m_id=3_19&m_mod=0&menuId=PS03449&pageIndex=27,html/112_PS03449_p27.html,농촌진흥청 농업인안전365
13,6,홍보,보도자료,보도자료,"농촌진흥청, 이달의 신간(장애인을 위한 농작업 편이장비 활용가이드)",2022-11-24,0,27,https://farmer.rda.go.kr/portal/menu1/board_viw.do?menuId=PS03449&m_id=3_19&m_mod=267&bbsId=6&nttSn=13&num=0&pageIndex=27,,https://farmer.rda.go.kr/portal/menu6/board_lst1.do?m_id=3_19&m_mod=0&menuId=PS03449&pageIndex=27,html/112_PS03449_p27.html,농촌진흥청 농업인안전365
14,6,홍보,보도자료,보도자료,'농업인 안전사고 제로' 공모전 수상작 발표,2022-11-24,0,27,https://farmer.rda.go.kr/portal/menu1/board_viw.do?menuId=PS03449&m_id=3_19&m_mod=268&bbsId=6&nttSn=14&num=0&pageIndex=27,,https://farmer.rda.go.kr/portal/menu6/board_lst1.do?m_id=3_19&m_mod=0&menuId=PS03449&pageIndex=27,html/112_PS03449_p27.html,농촌진흥청 농업인안전365
15,6,홍보,보도자료,보도자료,고령자 안전사고 소비자안전주의보,2022-11-24,0,27,https://farmer.rda.go.kr/portal/menu1/board_viw.do?menuId=PS03449&m_id=3_19&m_mod=269&bbsId=6&nttSn=15&num=0&pageIndex=27,,https://farmer.rda.go.kr/portal/menu6/board_lst1.do?m_id=3_19&m_mod=0&menuId=PS03449&pageIndex=27,html/112_PS03449_p27.html,농촌진흥청 농업인안전365
151,6,홍보,뉴스모음집,뉴스모음집,(농민신문) 농업취업자 근로환경 취약…“주 6일 이상 일한다” 58.6%,2022-11-23,0,27,https://farmer.rda.go.kr/portal/menu1/board_viw.do?menuId=PS03449&m_id=3_19&m_mod=270&bbsId=6&nttSn=151&num=0&pageIndex=27,,https://farmer.rda.go.kr/portal/menu6/board_lst1.do?m_id=3_19&m_mod=0&menuId=PS03449&pageIndex=27,html/112_PS03449_p27.html,농촌진흥청 농업인안전365
152,6,홍보,뉴스모음집,뉴스모음집,(원예산업신문) 농업도 중대재해법 대비해야,2022-11-18,0,28,https://farmer.rda.go.kr/portal/menu1/board_viw.do?menuId=PS03449&m_id=3_19&m_mod=271&bbsId=6&nttSn=152&num=0&pageIndex=28,,https://farmer.rda.go.kr/portal/menu6/board_lst1.do?m_id=3_19&m_mod=0&menuId=PS03449&pageIndex=28,html/113_PS03449_p28.html,농촌진흥청 농업인안전365
153,6,홍보,뉴스모음집,농기계,(농민신문) 농기계 안전사고 ‘빨간불’,2022-11-18,0,28,https://farmer.rda.go.kr/portal/menu1/board_viw.do?menuId=PS03449&m_id=3_19&m_mod=272&bbsId=6&nttSn=153&num=0&pageIndex=28,,https://farmer.rda.go.kr/portal/menu6/board_lst1.do?m_id=3_19&m_mod=0&menuId=PS03449&pageIndex=28,html/113_PS03449_p28.html,농촌진흥청 농업인안전365
307,6,홍보,전문지·기고,농약·화학물질,농약 안전사용정보를 농가·지역사회와 공유하라(농촌여성신문_안전하고 건강한 영농가이드66),2022-11-18,0,28,https://farmer.rda.go.kr/portal/menu1/board_viw.do?menuId=PS03449&m_id=3_19&m_mod=273&bbsId=6&nttSn=307&num=0&pageIndex=28,,https://farmer.rda.go.kr/portal/menu6/board_lst1.do?m_id=3_19&m_mod=0&menuId=PS03449&pageIndex=28,html/113_PS03449_p28.html,농촌진흥청 농업인안전365
308,6,홍보,전문지·기고,농약·화학물질,농약 살포시 적절한 보호마스크 착용하라(농촌여성신문_안전하고 건강한 영농가이드65),2022-11-18,0,28,https://farmer.rda.go.kr/portal/menu1/board_viw.do?menuId=PS03449&m_id=3_19&m_mod=274&bbsId=6&nttSn=308&num=0&pageIndex=28,,https://farmer.rda.go.kr/portal/menu6/board_lst1.do?m_id=3_19&m_mod=0&menuId=PS03449&pageIndex=28,html/113_PS03449_p28.html,농촌진흥청 농업인안전365
309,6,홍보,전문지·기고,농약·화학물질,안전한 살충제. 농약 선택해 중독위험 줄여라(농촌여성신문_안전하고 건강한 영농가이드64),2022-11-18,0,28,https://farmer.rda.go.kr/portal/menu1/board_viw.do?menuId=PS03449&m_id=3_19&m_mod=275&bbsId=6&nttSn=309&num=0&pageIndex=28,,https://farmer.rda.go.kr/portal/menu6/board_lst1.do?m_id=3_19&m_mod=0&menuId=PS03449&pageIndex=28,html/113_PS03449_p28.html,농촌진흥청 농업인안전365
16,6,홍보,보도자료,보도자료,고령자 안전사고 10건 중 6건이 낙상사고로 나타나,2022-11-18,0,28,https://farmer.rda.go.kr/portal/menu1/board_viw.do?menuId=PS03449&m_id=3_19&m_mod=276&bbsId=6&nttSn=16&num=0&pageIndex=28,,https://farmer.rda.go.kr/portal/menu6/board_lst1.do?m_id=3_19&m_mod=0&menuId=PS03449&pageIndex=28,html/113_PS03449_p28.html,농촌진흥청 농업인안전365
17,6,홍보,보도자료,응급대응,"농촌진흥청, 이달의 신간(응급처치 가이드(개정판))",2022-11-18,0,28,https://farmer.rda.go.kr/portal/menu1/board_viw.do?menuId=PS03449&m_id=3_19&m_mod=277&bbsId=6&nttSn=17&num=0&pageIndex=28,,https://farmer.rda.go.kr/portal/menu6/board_lst1.do?m_id=3_19&m_mod=0&menuId=PS03449&pageIndex=28,html/113_PS03449_p28.html,농촌진흥청 농업인안전365
18,6,홍보,보도자료,보도자료,"불볕더위 농작업은 2인 이상, 짧게 자주 휴식",2022-11-18,0,28,https://farmer.rda.go.kr/portal/menu1/board_viw.do?menuId=PS03449&m_id=3_19&m_mod=278&bbsId=6&nttSn=18&num=0&pageIndex=28,,https://farmer.rda.go.kr/portal/menu6/board_lst1.do?m_id=3_19&m_mod=0&menuId=PS03449&pageIndex=28,html/113_PS03449_p28.html,농촌진흥청 농업인안전365
19,6,홍보,보도자료,추락·넘어짐,"농업인 업무상 손상 '고령, 남성에서 넘어짐' 사고 많아",2022-11-18,0,28,https://farmer.rda.go.kr/portal/menu1/board_viw.do?menuId=PS03449&m_id=3_19&m_mod=279&bbsId=6&nttSn=19&num=0&pageIndex=28,,https://farmer.rda.go.kr/portal/menu6/board_lst1.do?m_id=3_19&m_mod=0&menuId=PS03449&pageIndex=28,html/113_PS03449_p28.html,농촌진흥청 농업인안전365
20,6,홍보,보도자료,보도자료,농업인 '안전사고 예방' 아이디어 찾아요,2022-11-18,0,28,https://farmer.rda.go.kr/portal/menu1/board_viw.do?menuId=PS03449&m_id=3_19&m_mod=280&bbsId=6&nttSn=20&num=0&pageIndex=28,,https://farmer.rda.go.kr/portal/menu6/board_lst1.do?m_id=3_19&m_mod=0&menuId=PS03449&pageIndex=28,html/113_PS03449_p28.html,농촌진흥청 농업인안전365
21,6,홍보,보도자료,농기계,"본격적인 농번기, 농기계 사고에 주의하세요",2022-11-18,0,29,https://farmer.rda.go.kr/portal/menu1/board_viw.do?menuId=PS03449&m_id=3_19&m_mod=281&bbsId=6&nttSn=21&num=0&pageIndex=29,,https://farmer.rda.go.kr/portal/menu6/board_lst1.do?m_id=3_19&m_mod=0&menuId=PS03449&pageIndex=29,html/114_PS03449_p29.html,농촌진흥청 농업인안전365
310,6,홍보,전문지·기고,농약·화학물질,유해화학물질은 잠금장치 있는 캐비닛에 보관(농촌여성신문_안전하고 건강한 영농가이드63),2022-11-03,0,29,https://farmer.rda.go.kr/portal/menu1/board_viw.do?menuId=PS03449&m_id=3_19&m_mod=282&bbsId=6&nttSn=310&num=0&pageIndex=29,,https://farmer.rda.go.kr/portal/menu6/board_lst1.do?m_id=3_19&m_mod=0&menuId=PS03449&pageIndex=29,html/114_PS03449_p29.html,농촌진흥청 농업인안전365
311,6,홍보,전문지·기고,농약·화학물질,농약 등 유해화학물질 용기에 라벨 부착하라(농촌여성신문_안전하고 건강한 영농가이드62),2022-11-03,0,29,https://farmer.rda.go.kr/portal/menu1/board_viw.do?menuId=PS03449&m_id=3_19&m_mod=283&bbsId=6&nttSn=311&num=0&pageIndex=29,,https://farmer.rda.go.kr/portal/menu6/board_lst1.do?m_id=3_19&m_mod=0&menuId=PS03449&pageIndex=29,html/114_PS03449_p29.html,농촌진흥청 농업인안전365
312,6,홍보,전문지·기고,농약·화학물질,논밭 작업시 적절한 개인보호구 사용하라(농촌여성신문_안전하고 건강한 영농가이드61),2022-11-03,0,29,https://farmer.rda.go.kr/portal/menu1/board_viw.do?menuId=PS03449&m_id=3_19&m_mod=284&bbsId=6&nttSn=312&num=0&pageIndex=29,,https://farmer.rda.go.kr/portal/menu6/board_lst1.do?m_id=3_19&m_mod=0&menuId=PS03449&pageIndex=29,html/114_PS03449_p29.html,농촌진흥청 농업인안전365
313,6,홍보,전문지·기고,전문지·기고,동물 취급 시 최대한 주의를 기울여라(농촌여성신문_안전하고 건강한 영농가이드60),2022-11-03,0,29,https://farmer.rda.go.kr/portal/menu1/board_viw.do?menuId=PS03449&m_id=3_19&m_mod=285&bbsId=6&nttSn=313&num=0&pageIndex=29,,https://farmer.rda.go.kr/portal/menu6/board_lst1.do?m_id=3_19&m_mod=0&menuId=PS03449&pageIndex=29,html/114_PS03449_p29.html,농촌진흥청 농업인안전365
154,6,홍보,뉴스모음집,뉴스모음집,"(이코노뉴스) 경기도 농기원, ‘2022 여성농업인 소통 심포지엄’ 개최",2022-11-02,0,29,https://farmer.rda.go.kr/portal/menu1/board_viw.do?menuId=PS03449&m_id=3_19&m_mod=286&bbsId=6&nttSn=154&num=0&pageIndex=29,,https://farmer.rda.go.kr/portal/menu6/board_lst1.do?m_id=3_19&m_mod=0&menuId=PS03449&pageIndex=29,html/114_PS03449_p29.html,농촌진흥청 농업인안전365
22,6,홍보,보도자료,보도자료,"농촌진흥청, 이달의 신간(농업인 개인보호장비 편람)",2022-11-02,0,29,https://farmer.rda.go.kr/portal/menu1/board_viw.do?menuId=PS03449&m_id=3_19&m_mod=287&bbsId=6&nttSn=22&num=0&pageIndex=29,,https://farmer.rda.go.kr/portal/menu6/board_lst1.do?m_id=3_19&m_mod=0&menuId=PS03449&pageIndex=29,html/114_PS03449_p29.html,농촌진흥청 농업인안전365
23,6,홍보,보도자료,보도자료,"농촌진흥청, 이달의 신간(농작업자 미세먼지 노출 특성 및 저감방안)",2022-11-02,0,29,https://farmer.rda.go.kr/portal/menu1/board_viw.do?menuId=PS03449&m_id=3_19&m_mod=288&bbsId=6&nttSn=23&num=0&pageIndex=29,,https://farmer.rda.go.kr/portal/menu6/board_lst1.do?m_id=3_19&m_mod=0&menuId=PS03449&pageIndex=29,html/114_PS03449_p29.html,농촌진흥청 농업인안전365
24,6,홍보,보도자료,보도자료,"농촌진흥청, 이달의 신간(알기쉬운 농업인의 업무상 질병)",2022-11-01,0,29,https://farmer.rda.go.kr/portal/menu1/board_viw.do?menuId=PS03449&m_id=3_19&m_mod=289&bbsId=6&nttSn=24&num=0&pageIndex=29,,https://farmer.rda.go.kr/portal/menu6/board_lst1.do?m_id=3_19&m_mod=0&menuId=PS03449&pageIndex=29,html/114_PS03449_p29.html,농촌진흥청 농업인안전365
25,6,홍보,보도자료,농기계,"농촌진흥청 IoT 기반 농기계 교통안전, 사고감지 알람 시스템 개발",2022-11-01,0,29,https://farmer.rda.go.kr/portal/menu1/board_viw.do?menuId=PS03449&m_id=3_19&m_mod=290&bbsId=6&nttSn=25&num=0&pageIndex=29,,https://farmer.rda.go.kr/portal/menu6/board_lst1.do?m_id=3_19&m_mod=0&menuId=PS03449&pageIndex=29,html/114_PS03449_p29.html,농촌진흥청 농업인안전365
26,6,홍보,보도자료,보도자료,"농촌진흥청, 이달의 신간(농작업 안전보건관리 개정판)",2022-11-01,0,30,https://farmer.rda.go.kr/portal/menu1/board_viw.do?menuId=PS03449&m_id=3_19&m_mod=291&bbsId=6&nttSn=26&num=0&pageIndex=30,,https://farmer.rda.go.kr/portal/menu6/board_lst1.do?m_id=3_19&m_mod=0&menuId=PS03449&pageIndex=30,html/115_PS03449_p30.html,농촌진흥청 농업인안전365
27,6,홍보,보도자료,온열·한랭,차가운 공기 품은 '냉각조끼' 폭염 속 농업인 지킨다,2022-11-01,0,30,https://farmer.rda.go.kr/portal/menu1/board_viw.do?menuId=PS03449&m_id=3_19&m_mod=292&bbsId=6&nttSn=27&num=0&pageIndex=30,,https://farmer.rda.go.kr/portal/menu6/board_lst1.do?m_id=3_19&m_mod=0&menuId=PS03449&pageIndex=30,html/115_PS03449_p30.html,농촌진흥청 농업인안전365
28,6,홍보,보도자료,보도자료,"농촌진흥청 개발 농작업화, 경기도농업기술원과 보급 첫 성과",2022-11-01,0,30,https://farmer.rda.go.kr/portal/menu1/board_viw.do?menuId=PS03449&m_id=3_19&m_mod=293&bbsId=6&nttSn=28&num=0&pageIndex=30,,https://farmer.rda.go.kr/portal/menu6/board_lst1.do?m_id=3_19&m_mod=0&menuId=PS03449&pageIndex=30,html/115_PS03449_p30.html,농촌진흥청 농업인안전365
29,6,홍보,보도자료,보도자료,"농촌진흥청, 2020년 농업인 업무상 질병 조사 결과 발표",2022-11-01,0,30,https://farmer.rda.go.kr/portal/menu1/board_viw.do?menuId=PS03449&m_id=3_19&m_mod=294&bbsId=6&nttSn=29&num=0&pageIndex=30,,https://farmer.rda.go.kr/portal/menu6/board_lst1.do?m_id=3_19&m_mod=0&menuId=PS03449&pageIndex=30,html/115_PS03449_p30.html,농촌진흥청 농업인안전365
30,6,홍보,보도자료,작업환경,첨단 디지털 온실 이용한 참외 시설 디지털농업 연구 시작,2022-11-01,0,30,https://farmer.rda.go.kr/portal/menu1/board_viw.do?menuId=PS03449&m_id=3_19&m_mod=295&bbsId=6&nttSn=30&num=0&pageIndex=30,,https://farmer.rda.go.kr/portal/menu6/board_lst1.do?m_id=3_19&m_mod=0&menuId=PS03449&pageIndex=30,html/115_PS03449_p30.html,농촌진흥청 농업인안전365
31,6,홍보,보도자료,보도자료,"농촌진흥청, 이달의 신간(농산물 가공사업장 안전보건관리)",2022-11-01,0,30,https://farmer.rda.go.kr/portal/menu1/board_viw.do?menuId=PS03449&m_id=3_19&m_mod=296&bbsId=6&nttSn=31&num=0&pageIndex=30,,https://farmer.rda.go.kr/portal/menu6/board_lst1.do?m_id=3_19&m_mod=0&menuId=PS03449&pageIndex=30,html/115_PS03449_p30.html,농촌진흥청 농업인안전365
32,6,홍보,보도자료,보도자료,"농촌진흥청, 이달의 신간(2020 농작업 편이장비 편람)",2022-11-01,0,30,https://farmer.rda.go.kr/portal/menu1/board_viw.do?menuId=PS03449&m_id=3_19&m_mod=297&bbsId=6&nttSn=32&num=0&pageIndex=30,,https://farmer.rda.go.kr/portal/menu6/board_lst1.do?m_id=3_19&m_mod=0&menuId=PS03449&pageIndex=30,html/115_PS03449_p30.html,농촌진흥청 농업인안전365
314,6,홍보,전문지·기고,전문지·기고,농업인 안전보험 통해 본 농업인 재해 현황(농업기술 2022년 11월호 최동필),2022-11-01,0,30,https://farmer.rda.go.kr/portal/menu1/board_viw.do?menuId=PS03449&m_id=3_19&m_mod=298&bbsId=6&nttSn=314&num=0&pageIndex=30,,https://farmer.rda.go.kr/portal/menu6/board_lst1.do?m_id=3_19&m_mod=0&menuId=PS03449&pageIndex=30,html/115_PS03449_p30.html,농촌진흥청 농업인안전365
315,6,홍보,전문지·기고,농약·화학물질,적절하고 충분한 개인보호구를 제공하라(농촌여성신문_안전하고 건강한 영농가이드59),2022-10-28,0,30,https://farmer.rda.go.kr/portal/menu1/board_viw.do?menuId=PS03449&m_id=3_19&m_mod=299&bbsId=6&nttSn=315&num=0&pageIndex=30,,https://farmer.rda.go.kr/portal/menu6/board_lst1.do?m_id=3_19&m_mod=0&menuId=PS03449&pageIndex=30,html/115_PS03449_p30.html,농촌진흥청 농업인안전365
316,6,홍보,전문지·기고,전문지·기고,지정장소에 충분한 양의 소화기를 비치하라(농촌여성신문_안전하고 건강한 영농가이드58),2022-10-28,0,30,https://farmer.rda.go.kr/portal/menu1/board_viw.do?menuId=PS03449&m_id=3_19&m_mod=300&bbsId=6&nttSn=316&num=0&pageIndex=30,,https://farmer.rda.go.kr/portal/menu6/board_lst1.do?m_id=3_19&m_mod=0&menuId=PS03449&pageIndex=30,html/115_PS03449_p30.html,농촌진흥청 농업인안전365
317,6,홍보,전문지·기고,작업환경,적절한 환기장치로 오염된 공기를 배출하라(농촌여성신문_안전하고 건강한 영농가이드57),2022-10-28,0,31,https://farmer.rda.go.kr/portal/menu1/board_viw.do?menuId=PS03449&m_id=3_19&m_mod=301&bbsId=6&nttSn=317&num=0&pageIndex=31,,https://farmer.rda.go.kr/portal/menu6/board_lst1.do?m_id=3_19&m_mod=0&menuId=PS03449&pageIndex=31,html/116_PS03449_p31.html,농촌진흥청 농업인안전365
318,6,홍보,전문지·기고,응급대응,농산물 가공사업장의 주요사고&응급처치(농축산기계신문_서민태),2022-10-27,0,31,https://farmer.rda.go.kr/portal/menu1/board_viw.do?menuId=PS03449&m_id=3_19&m_mod=302&bbsId=6&nttSn=318&num=0&pageIndex=31,,https://farmer.rda.go.kr/portal/menu6/board_lst1.do?m_id=3_19&m_mod=0&menuId=PS03449&pageIndex=31,html/116_PS03449_p31.html,농촌진흥청 농업인안전365
319,6,홍보,전문지·기고,응급대응,농작업 사고사례 및 예방(농축산기계신문_김경수),2022-10-27,0,31,https://farmer.rda.go.kr/portal/menu1/board_viw.do?menuId=PS03449&m_id=3_19&m_mod=303&bbsId=6&nttSn=319&num=0&pageIndex=31,,https://farmer.rda.go.kr/portal/menu6/board_lst1.do?m_id=3_19&m_mod=0&menuId=PS03449&pageIndex=31,html/116_PS03449_p31.html,농촌진흥청 농업인안전365
320,6,홍보,전문지·기고,전문지·기고,농업인의 중대사고 그리고 우리의 책임(한겨례_김경란),2022-10-27,0,31,https://farmer.rda.go.kr/portal/menu1/board_viw.do?menuId=PS03449&m_id=3_19&m_mod=304&bbsId=6&nttSn=320&num=0&pageIndex=31,,https://farmer.rda.go.kr/portal/menu6/board_lst1.do?m_id=3_19&m_mod=0&menuId=PS03449&pageIndex=31,html/116_PS03449_p31.html,농촌진흥청 농업인안전365
33,6,홍보,보도자료,보도자료,"농촌진흥청, 이달의 신간(알기 쉬운 농업인의 업무상 손상)",2022-10-24,0,31,https://farmer.rda.go.kr/portal/menu1/board_viw.do?menuId=PS03449&m_id=3_19&m_mod=305&bbsId=6&nttSn=33&num=0&pageIndex=31,,https://farmer.rda.go.kr/portal/menu6/board_lst1.do?m_id=3_19&m_mod=0&menuId=PS03449&pageIndex=31,html/116_PS03449_p31.html,농촌진흥청 농업인안전365
34,6,홍보,보도자료,추락·넘어짐,"고령, 여성 농업인의 '넘어짐' 사고 가장 많다.",2022-10-24,0,31,https://farmer.rda.go.kr/portal/menu1/board_viw.do?menuId=PS03449&m_id=3_19&m_mod=306&bbsId=6&nttSn=34&num=0&pageIndex=31,,https://farmer.rda.go.kr/portal/menu6/board_lst1.do?m_id=3_19&m_mod=0&menuId=PS03449&pageIndex=31,html/116_PS03449_p31.html,농촌진흥청 농업인안전365
35,6,홍보,보도자료,보도자료,"농촌진흥청, 국제노동기구 농업인 안전 챙긴다",2022-10-24,0,31,https://farmer.rda.go.kr/portal/menu1/board_viw.do?menuId=PS03449&m_id=3_19&m_mod=307&bbsId=6&nttSn=35&num=0&pageIndex=31,,https://farmer.rda.go.kr/portal/menu6/board_lst1.do?m_id=3_19&m_mod=0&menuId=PS03449&pageIndex=31,html/116_PS03449_p31.html,농촌진흥청 농업인안전365
36,6,홍보,보도자료,온열·한랭,여름철 농작업 온열질환 조심하세요.,2022-10-24,0,31,https://farmer.rda.go.kr/portal/menu1/board_viw.do?menuId=PS03449&m_id=3_19&m_mod=308&bbsId=6&nttSn=36&num=0&pageIndex=31,,https://farmer.rda.go.kr/portal/menu6/board_lst1.do?m_id=3_19&m_mod=0&menuId=PS03449&pageIndex=31,html/116_PS03449_p31.html,농촌진흥청 농업인안전365
37,6,홍보,보도자료,보도자료,2020년 농업작업 안전재해 예방 시행계획 수립,2022-10-24,0,31,https://farmer.rda.go.kr/portal/menu1/board_viw.do?menuId=PS03449&m_id=3_19&m_mod=309&bbsId=6&nttSn=37&num=0&pageIndex=31,,https://farmer.rda.go.kr/portal/menu6/board_lst1.do?m_id=3_19&m_mod=0&menuId=PS03449&pageIndex=31,html/116_PS03449_p31.html,농촌진흥청 농업인안전365
38,6,홍보,보도자료,농기계,"농기계사고, 경운기가 50%, 60세 이상 67% 발생!",2022-10-24,0,31,https://farmer.rda.go.kr/portal/menu1/board_viw.do?menuId=PS03449&m_id=3_19&m_mod=310&bbsId=6&nttSn=38&num=0&pageIndex=31,,https://farmer.rda.go.kr/portal/menu6/board_lst1.do?m_id=3_19&m_mod=0&menuId=PS03449&pageIndex=31,html/116_PS03449_p31.html,농촌진흥청 농업인안전365
270,6,홍보,뉴스모음집,뉴스모음집,"(뉴스메이커) 화순군, “농작업 사고 안전조치가 필요한 마을·단체 신청하세요”",2021-01-29,0,60,https://farmer.rda.go.kr/portal/menu1/board_viw.do?menuId=PS03449&m_id=3_19&m_mod=591&bbsId=6&nttSn=270&num=0&pageIndex=60,,https://farmer.rda.go.kr/portal/menu6/board_lst1.do?m_id=3_19&m_mod=0&menuId=PS03449&pageIndex=60,html/117_PS03449_p60.html,농촌진흥청 농업인안전365
417,6,홍보,전문지·기고,농약·화학물질,농작업자 농약 노출저감 방안 (농축산기계신문_김효철),2021-01-29,0,60,https://farmer.rda.go.kr/portal/menu1/board_viw.do?menuId=PS03449&m_id=3_19&m_mod=592&bbsId=6&nttSn=417&num=0&pageIndex=60,,https://farmer.rda.go.kr/portal/menu6/board_lst1.do?m_id=3_19&m_mod=0&menuId=PS03449&pageIndex=60,html/117_PS03449_p60.html,농촌진흥청 농업인안전365
418,6,홍보,전문지·기고,온열·한랭,겨울철 농업인을 위한 한랭질환 예방 가이드 (농업기술 2021년 1월호 안민지),2021-01-29,0,60,https://farmer.rda.go.kr/portal/menu1/board_viw.do?menuId=PS03449&m_id=3_19&m_mod=593&bbsId=6&nttSn=418&num=0&pageIndex=60,,https://farmer.rda.go.kr/portal/menu6/board_lst1.do?m_id=3_19&m_mod=0&menuId=PS03449&pageIndex=60,html/117_PS03449_p60.html,농촌진흥청 농업인안전365
271,6,홍보,뉴스모음집,농기계,(경인매일) 인천시 사물인터넷 활용 농기계교통사고 예방,2021-01-22,0,60,https://farmer.rda.go.kr/portal/menu1/board_viw.do?menuId=PS03449&m_id=3_19&m_mod=594&bbsId=6&nttSn=271&num=0&pageIndex=60,,https://farmer.rda.go.kr/portal/menu6/board_lst1.do?m_id=3_19&m_mod=0&menuId=PS03449&pageIndex=60,html/117_PS03449_p60.html,농촌진흥청 농업인안전365
546,6,홍보,활동소식,활동소식,KBS 6시 내고향 '안농하세요. 슬기로운 농촌 생활! 안전하게 농업 하세요' 출연,2020-12-28,0,60,https://farmer.rda.go.kr/portal/menu1/board_viw.do?menuId=PS03449&m_id=3_19&m_mod=595&bbsId=6&nttSn=546&num=0&pageIndex=60,,https://farmer.rda.go.kr/portal/menu6/board_lst1.do?m_id=3_19&m_mod=0&menuId=PS03449&pageIndex=60,html/117_PS03449_p60.html,농촌진흥청 농업인안전365
419,6,홍보,전문지·기고,근골격계,근골격계질환 위험요인 관리 (농축산기계신문_서민태),2020-12-08,0,60,https://farmer.rda.go.kr/portal/menu1/board_viw.do?menuId=PS03449&m_id=3_19&m_mod=596&bbsId=6&nttSn=419&num=0&pageIndex=60,,https://farmer.rda.go.kr/portal/menu6/board_lst1.do?m_id=3_19&m_mod=0&menuId=PS03449&pageIndex=60,html/117_PS03449_p60.html,농촌진흥청 농업인안전365
420,6,홍보,전문지·기고,전문지·기고,자외선이 건강에 미치는 영향 (농축산기계신문_김경란),2020-12-08,0,60,https://farmer.rda.go.kr/portal/menu1/board_viw.do?menuId=PS03449&m_id=3_19&m_mod=597&bbsId=6&nttSn=420&num=0&pageIndex=60,,https://farmer.rda.go.kr/portal/menu6/board_lst1.do?m_id=3_19&m_mod=0&menuId=PS03449&pageIndex=60,html/117_PS03449_p60.html,농촌진흥청 농업인안전365
421,6,홍보,전문지·기고,전문지·기고,농업인의 안전을 지켜주는 안전 보건 표지판 (농업기술 2020년 12월호 안민지),2020-12-03,0,60,https://farmer.rda.go.kr/portal/menu1/board_viw.do?menuId=PS03449&m_id=3_19&m_mod=598&bbsId=6&nttSn=421&num=0&pageIndex=60,,https://farmer.rda.go.kr/portal/menu6/board_lst1.do?m_id=3_19&m_mod=0&menuId=PS03449&pageIndex=60,html/117_PS03449_p60.html,농촌진흥청 농업인안전365
422,6,홍보,전문지·기고,전문지·기고,"농업인의 안전보호장치 ""농업인 안전보험 종류와 보장 내용"" (농업기술2020년 11월호 김경수)",2020-11-06,0,60,https://farmer.rda.go.kr/portal/menu1/board_viw.do?menuId=PS03449&m_id=3_19&m_mod=599&bbsId=6&nttSn=422&num=0&pageIndex=60,,https://farmer.rda.go.kr/portal/menu6/board_lst1.do?m_id=3_19&m_mod=0&menuId=PS03449&pageIndex=60,html/117_PS03449_p60.html,농촌진흥청 농업인안전365
423,6,홍보,전문지·기고,작업환경,유기분진관련 호흡계 증상 (농축산기계신문_안민지),2020-10-15,0,60,https://farmer.rda.go.kr/portal/menu1/board_viw.do?menuId=PS03449&m_id=3_19&m_mod=600&bbsId=6&nttSn=423&num=0&pageIndex=60,,https://farmer.rda.go.kr/portal/menu6/board_lst1.do?m_id=3_19&m_mod=0&menuId=PS03449&pageIndex=60,html/117_PS03449_p60.html,농촌진흥청 농업인안전365
424,6,홍보,전문지·기고,농약·화학물질,농약관련 건강증상 (농축산기계신문_박수인),2020-10-15,0,61,https://farmer.rda.go.kr/portal/menu1/board_viw.do?menuId=PS03449&m_id=3_19&m_mod=601&bbsId=6&nttSn=424&num=0&pageIndex=61,,https://farmer.rda.go.kr/portal/menu6/board_lst1.do?m_id=3_19&m_mod=0&menuId=PS03449&pageIndex=61,html/118_PS03449_p61.html,농촌진흥청 농업인안전365
425,6,홍보,전문지·기고,근골격계,농작업 근골격계 질환 (농축산기계신문_서민태),2020-10-15,0,61,https://farmer.rda.go.kr/portal/menu1/board_viw.do?menuId=PS03449&m_id=3_19&m_mod=602&bbsId=6&nttSn=425&num=0&pageIndex=61,,https://farmer.rda.go.kr/portal/menu6/board_lst1.do?m_id=3_19&m_mod=0&menuId=PS03449&pageIndex=61,html/118_PS03449_p61.html,농촌진흥청 농업인안전365
426,6,홍보,전문지·기고,전문지·기고,"농업인, 정기적 휴일 꼭 필요 (농축산기계신문_이민지)",2020-10-15,0,61,https://farmer.rda.go.kr/portal/menu1/board_viw.do?menuId=PS03449&m_id=3_19&m_mod=603&bbsId=6&nttSn=426&num=0&pageIndex=61,,https://farmer.rda.go.kr/portal/menu6/board_lst1.do?m_id=3_19&m_mod=0&menuId=PS03449&pageIndex=61,html/118_PS03449_p61.html,농촌진흥청 농업인안전365
427,6,홍보,전문지·기고,전문지·기고,농업인체력과 체력관리 (농축산기계신문_김경수),2020-10-15,0,61,https://farmer.rda.go.kr/portal/menu1/board_viw.do?menuId=PS03449&m_id=3_19&m_mod=604&bbsId=6&nttSn=427&num=0&pageIndex=61,,https://farmer.rda.go.kr/portal/menu6/board_lst1.do?m_id=3_19&m_mod=0&menuId=PS03449&pageIndex=61,html/118_PS03449_p61.html,농촌진흥청 농업인안전365
428,6,홍보,전문지·기고,농약·화학물질,피복형 개인보호구 사용 (농축산기계신문_서민태),2020-10-15,0,61,https://farmer.rda.go.kr/portal/menu1/board_viw.do?menuId=PS03449&m_id=3_19&m_mod=605&bbsId=6&nttSn=428&num=0&pageIndex=61,,https://farmer.rda.go.kr/portal/menu6/board_lst1.do?m_id=3_19&m_mod=0&menuId=PS03449&pageIndex=61,html/118_PS03449_p61.html,농촌진흥청 농업인안전365
429,6,홍보,전문지·기고,전문지·기고,농작업 피로회복방법 (농축산기계신문_김경란),2020-10-15,0,61,https://farmer.rda.go.kr/portal/menu1/board_viw.do?menuId=PS03449&m_id=3_19&m_mod=606&bbsId=6&nttSn=429&num=0&pageIndex=61,,https://farmer.rda.go.kr/portal/menu6/board_lst1.do?m_id=3_19&m_mod=0&menuId=PS03449&pageIndex=61,html/118_PS03449_p61.html,농촌진흥청 농업인안전365
430,6,홍보,전문지·기고,전문지·기고,축산인이 꼭 알아야 하는 소의 습성과 작업 안전 관리 (농업기술 2020년 10월호 김효철),2020-09-25,0,61,https://farmer.rda.go.kr/portal/menu1/board_viw.do?menuId=PS03449&m_id=3_19&m_mod=607&bbsId=6&nttSn=430&num=0&pageIndex=61,,https://farmer.rda.go.kr/portal/menu6/board_lst1.do?m_id=3_19&m_mod=0&menuId=PS03449&pageIndex=61,html/118_PS03449_p61.html,농촌진흥청 농업인안전365
431,6,홍보,전문지·기고,전문지·기고,농업인 안전보건 관리에 관한 법/제도 현황 알아보기 (농업기술 2020년 9월호 김경란),2020-08-28,0,61,https://farmer.rda.go.kr/portal/menu1/board_viw.do?menuId=PS03449&m_id=3_19&m_mod=608&bbsId=6&nttSn=431&num=0&pageIndex=61,,https://farmer.rda.go.kr/portal/menu6/board_lst1.do?m_id=3_19&m_mod=0&menuId=PS03449&pageIndex=61,html/118_PS03449_p61.html,농촌진흥청 농업인안전365
432,6,홍보,전문지·기고,전문지·기고,농업인안전365 사용법 (농업기술 2020년 8월호 박수인),2020-07-30,0,61,https://farmer.rda.go.kr/portal/menu1/board_viw.do?menuId=PS03449&m_id=3_19&m_mod=609&bbsId=6&nttSn=432&num=0&pageIndex=61,,https://farmer.rda.go.kr/portal/menu6/board_lst1.do?m_id=3_19&m_mod=0&menuId=PS03449&pageIndex=61,html/118_PS03449_p61.html,농촌진흥청 농업인안전365
547,6,홍보,활동소식,온열·한랭,온열질환 예방을 위한 에어 냉각조끼 관련 인터뷰,2020-07-27,0,61,https://farmer.rda.go.kr/portal/menu1/board_viw.do?menuId=PS03449&m_id=3_19&m_mod=610&bbsId=6&nttSn=547&num=0&pageIndex=61,,https://farmer.rda.go.kr/portal/menu6/board_lst1.do?m_id=3_19&m_mod=0&menuId=PS03449&pageIndex=61,html/118_PS03449_p61.html,농촌진흥청 농업인안전365
548,6,홍보,활동소식,농기계,"전남 장성군, ICT 농기계 교통안전 및 사고감지 알람시스템 현장평가회",2020-07-03,0,62,https://farmer.rda.go.kr/portal/menu1/board_viw.do?menuId=PS03449&m_id=3_19&m_mod=611&bbsId=6&nttSn=548&num=0&pageIndex=62,,https://farmer.rda.go.kr/portal/menu6/board_lst1.do?m_id=3_19&m_mod=0&menuId=PS03449&pageIndex=62,html/119_PS03449_p62.html,농촌진흥청 농업인안전365
549,6,홍보,활동소식,활동소식,KTV 국민방송 출연 인터뷰,2020-06-29,0,62,https://farmer.rda.go.kr/portal/menu1/board_viw.do?menuId=PS03449&m_id=3_19&m_mod=612&bbsId=6&nttSn=549&num=0&pageIndex=62,,https://farmer.rda.go.kr/portal/menu6/board_lst1.do?m_id=3_19&m_mod=0&menuId=PS03449&pageIndex=62,html/119_PS03449_p62.html,농촌진흥청 농업인안전365
550,6,홍보,활동소식,활동소식,제72차 농업인 건강연구회 세미나,2020-06-26,0,62,https://farmer.rda.go.kr/portal/menu1/board_viw.do?menuId=PS03449&m_id=3_19&m_mod=613&bbsId=6&nttSn=550&num=0&pageIndex=62,,https://farmer.rda.go.kr/portal/menu6/board_lst1.do?m_id=3_19&m_mod=0&menuId=PS03449&pageIndex=62,html/119_PS03449_p62.html,농촌진흥청 농업인안전365
433,6,홍보,전문지·기고,온열·한랭,뜨거운 여름철 농업인의 온열질환 예방을 위한 작업관리 (농업기술 2020년 7월호 김효철),2020-06-25,0,62,https://farmer.rda.go.kr/portal/menu1/board_viw.do?menuId=PS03449&m_id=3_19&m_mod=614&bbsId=6&nttSn=433&num=0&pageIndex=62,,https://farmer.rda.go.kr/portal/menu6/board_lst1.do?m_id=3_19&m_mod=0&menuId=PS03449&pageIndex=62,html/119_PS03449_p62.html,농촌진흥청 농업인안전365
551,6,홍보,활동소식,활동소식,농업인 건강연구회 뉴스레터 2020년 2호,2020-06-18,0,62,https://farmer.rda.go.kr/portal/menu1/board_viw.do?menuId=PS03449&m_id=3_19&m_mod=615&bbsId=6&nttSn=551&num=0&pageIndex=62,,https://farmer.rda.go.kr/portal/menu6/board_lst1.do?m_id=3_19&m_mod=0&menuId=PS03449&pageIndex=62,html/119_PS03449_p62.html,농촌진흥청 농업인안전365
434,6,홍보,전문지·기고,전문지·기고,반복되는 농업인 사고 예방을 위한 농업인의 업무상 손상 현황 살펴보기 (농업기술 2020년 6월호 최원종),2020-05-27,0,62,https://farmer.rda.go.kr/portal/menu1/board_viw.do?menuId=PS03449&m_id=3_19&m_mod=616&bbsId=6&nttSn=434&num=0&pageIndex=62,,https://farmer.rda.go.kr/portal/menu6/board_lst1.do?m_id=3_19&m_mod=0&menuId=PS03449&pageIndex=62,html/119_PS03449_p62.html,농촌진흥청 농업인안전365
435,6,홍보,전문지·기고,전문지·기고,사고예방을 위한 농산물 가공 사업장 안전 체크리스트 (농업기술 2020년5월호 서민태),2020-05-27,0,62,https://farmer.rda.go.kr/portal/menu1/board_viw.do?menuId=PS03449&m_id=3_19&m_mod=617&bbsId=6&nttSn=435&num=0&pageIndex=62,,https://farmer.rda.go.kr/portal/menu6/board_lst1.do?m_id=3_19&m_mod=0&menuId=PS03449&pageIndex=62,html/119_PS03449_p62.html,농촌진흥청 농업인안전365
436,6,홍보,전문지·기고,전문지·기고,농작업 안전보건관리의 기본 (농축산기계신문_서민태),2020-05-21,0,62,https://farmer.rda.go.kr/portal/menu1/board_viw.do?menuId=PS03449&m_id=3_19&m_mod=618&bbsId=6&nttSn=436&num=0&pageIndex=62,,https://farmer.rda.go.kr/portal/menu6/board_lst1.do?m_id=3_19&m_mod=0&menuId=PS03449&pageIndex=62,html/119_PS03449_p62.html,농촌진흥청 농업인안전365
437,6,홍보,전문지·기고,전문지·기고,농업인 안전재해 보험 (농축산기계신문_최동필),2020-05-21,0,62,https://farmer.rda.go.kr/portal/menu1/board_viw.do?menuId=PS03449&m_id=3_19&m_mod=619&bbsId=6&nttSn=437&num=0&pageIndex=62,,https://farmer.rda.go.kr/portal/menu6/board_lst1.do?m_id=3_19&m_mod=0&menuId=PS03449&pageIndex=62,html/119_PS03449_p62.html,농촌진흥청 농업인안전365
438,6,홍보,전문지·기고,전문지·기고,농업인 재해실태 현황 (농축산기계신문_이경숙),2020-05-21,0,62,https://farmer.rda.go.kr/portal/menu1/board_viw.do?menuId=PS03449&m_id=3_19&m_mod=620&bbsId=6&nttSn=438&num=0&pageIndex=62,,https://farmer.rda.go.kr/portal/menu6/board_lst1.do?m_id=3_19&m_mod=0&menuId=PS03449&pageIndex=62,html/119_PS03449_p62.html,농촌진흥청 농업인안전365
83,6,홍보,홍보성과,홍보성과,‘농업인안전365’로 안전보건 인식 높인다,2020-04-16,0,63,https://farmer.rda.go.kr/portal/menu1/board_viw.do?menuId=PS03449&m_id=3_19&m_mod=621&bbsId=6&nttSn=83&num=0&pageIndex=63,,https://farmer.rda.go.kr/portal/menu6/board_lst1.do?m_id=3_19&m_mod=0&menuId=PS03449&pageIndex=63,html/120_PS03449_p63.html,농촌진흥청 농업인안전365
439,6,홍보,전문지·기고,농기계,농기계 안전사고 예방을 위한 사고유형 및 예방법 (농업기술 2020년 4월호 김경수),2020-03-26,0,63,https://farmer.rda.go.kr/portal/menu1/board_viw.do?menuId=PS03449&m_id=3_19&m_mod=622&bbsId=6&nttSn=439&num=0&pageIndex=63,,https://farmer.rda.go.kr/portal/menu6/board_lst1.do?m_id=3_19&m_mod=0&menuId=PS03449&pageIndex=63,html/120_PS03449_p63.html,농촌진흥청 농업인안전365
440,6,홍보,전문지·기고,전문지·기고,보이지 않지만 치명적인 미세먼지를 막으려면 농작업 시 마스크 착용 (농업기술 2020년 3월호 이민지),2020-03-13,0,63,https://farmer.rda.go.kr/portal/menu1/board_viw.do?menuId=PS03449&m_id=3_19&m_mod=623&bbsId=6&nttSn=440&num=0&pageIndex=63,,https://farmer.rda.go.kr/portal/menu6/board_lst1.do?m_id=3_19&m_mod=0&menuId=PS03449&pageIndex=63,html/120_PS03449_p63.html,농촌진흥청 농업인안전365
441,6,홍보,전문지·기고,전문지·기고,양돈 작업장 안전사고 사례와 예방 방안 (월간한돈 2020년 3월호 김효철),2020-03-13,0,63,https://farmer.rda.go.kr/portal/menu1/board_viw.do?menuId=PS03449&m_id=3_19&m_mod=624&bbsId=6&nttSn=441&num=0&pageIndex=63,,https://farmer.rda.go.kr/portal/menu6/board_lst1.do?m_id=3_19&m_mod=0&menuId=PS03449&pageIndex=63,html/120_PS03449_p63.html,농촌진흥청 농업인안전365
442,6,홍보,전문지·기고,근골격계,가볍게 생각하다 큰코다치는 농업인 근골격계질환 (농업기술 2020년 2월호 최동필),2020-03-13,0,63,https://farmer.rda.go.kr/portal/menu1/board_viw.do?menuId=PS03449&m_id=3_19&m_mod=625&bbsId=6&nttSn=442&num=0&pageIndex=63,,https://farmer.rda.go.kr/portal/menu6/board_lst1.do?m_id=3_19&m_mod=0&menuId=PS03449&pageIndex=63,html/120_PS03449_p63.html,농촌진흥청 농업인안전365
443,6,홍보,전문지·기고,전문지·기고,살기좋은 농촌을 위한 안전한 영농폐기물 처리 (농업기술 2020년 1월호 이경숙),2020-03-13,0,63,https://farmer.rda.go.kr/portal/menu1/board_viw.do?menuId=PS03449&m_id=3_19&m_mod=626&bbsId=6&nttSn=443&num=0&pageIndex=63,,https://farmer.rda.go.kr/portal/menu6/board_lst1.do?m_id=3_19&m_mod=0&menuId=PS03449&pageIndex=63,html/120_PS03449_p63.html,농촌진흥청 농업인안전365
444,6,홍보,전문지·기고,전문지·기고,건강하고 안전한 겨울철 농작업 규칙 (농업기술 2019년12월호 김경란),2020-03-13,0,63,https://farmer.rda.go.kr/portal/menu1/board_viw.do?menuId=PS03449&m_id=3_19&m_mod=627&bbsId=6&nttSn=444&num=0&pageIndex=63,,https://farmer.rda.go.kr/portal/menu6/board_lst1.do?m_id=3_19&m_mod=0&menuId=PS03449&pageIndex=63,html/120_PS03449_p63.html,농촌진흥청 농업인안전365
445,6,홍보,전문지·기고,전문지·기고,농작업 재해로부터의 든든한 울타리 농업인 안전보험 (농업기술 2019년 11월호 최원종),2020-03-13,0,63,https://farmer.rda.go.kr/portal/menu1/board_viw.do?menuId=PS03449&m_id=3_19&m_mod=628&bbsId=6&nttSn=445&num=0&pageIndex=63,,https://farmer.rda.go.kr/portal/menu6/board_lst1.do?m_id=3_19&m_mod=0&menuId=PS03449&pageIndex=63,html/120_PS03449_p63.html,농촌진흥청 농업인안전365
552,6,홍보,활동소식,활동소식,농업인 건강연구회 뉴스레터 2020년 1호,2020-02-21,0,63,https://farmer.rda.go.kr/portal/menu1/board_viw.do?menuId=PS03449&m_id=3_19&m_mod=629&bbsId=6&nttSn=552&num=0&pageIndex=63,,https://farmer.rda.go.kr/portal/menu6/board_lst1.do?m_id=3_19&m_mod=0&menuId=PS03449&pageIndex=63,html/120_PS03449_p63.html,농촌진흥청 농업인안전365
553,6,홍보,활동소식,활동소식,제71차 농업인 건강연구회 세미나,2020-02-10,0,63,https://farmer.rda.go.kr/portal/menu1/board_viw.do?menuId=PS03449&m_id=3_19&m_mod=630&bbsId=6&nttSn=553&num=0&pageIndex=63,,https://farmer.rda.go.kr/portal/menu6/board_lst1.do?m_id=3_19&m_mod=0&menuId=PS03449&pageIndex=63,html/120_PS03449_p63.html,농촌진흥청 농업인안전365
554,6,홍보,활동소식,안전교육,화순군 도곡도암 복숭아 작목반 대상 농작업 안전 교육,2019-11-29,0,64,https://farmer.rda.go.kr/portal/menu1/board_viw.do?menuId=PS03449&m_id=3_19&m_mod=631&bbsId=6&nttSn=554&num=0&pageIndex=64,,https://farmer.rda.go.kr/portal/menu6/board_lst1.do?m_id=3_19&m_mod=0&menuId=PS03449&pageIndex=64,html/121_PS03449_p64.html,농촌진흥청 농업인안전365
555,6,홍보,활동소식,활동소식,대한직업환경의학회 공동 농작업 안전보건 심포지엄 개최,2019-11-25,0,64,https://farmer.rda.go.kr/portal/menu1/board_viw.do?menuId=PS03449&m_id=3_19&m_mod=632&bbsId=6&nttSn=555&num=0&pageIndex=64,,https://farmer.rda.go.kr/portal/menu6/board_lst1.do?m_id=3_19&m_mod=0&menuId=PS03449&pageIndex=64,html/121_PS03449_p64.html,농촌진흥청 농업인안전365
446,6,홍보,전문지·기고,작업환경,농작업 유해 요인 노출 현황 및 관리 - 분진 (농업기술 2019년 10월호 김효철),2019-10-28,0,64,https://farmer.rda.go.kr/portal/menu1/board_viw.do?menuId=PS03449&m_id=3_19&m_mod=633&bbsId=6&nttSn=446&num=0&pageIndex=64,,https://farmer.rda.go.kr/portal/menu6/board_lst1.do?m_id=3_19&m_mod=0&menuId=PS03449&pageIndex=64,html/121_PS03449_p64.html,농촌진흥청 농업인안전365
447,6,홍보,전문지·기고,작업환경,농작업 유해 요인 노출 현황 및 관리 - 소음과 진동 (농업기술 2019년 9월호 안민지),2019-10-28,0,64,https://farmer.rda.go.kr/portal/menu1/board_viw.do?menuId=PS03449&m_id=3_19&m_mod=634&bbsId=6&nttSn=447&num=0&pageIndex=64,,https://farmer.rda.go.kr/portal/menu6/board_lst1.do?m_id=3_19&m_mod=0&menuId=PS03449&pageIndex=64,html/121_PS03449_p64.html,농촌진흥청 농업인안전365
448,6,홍보,전문지·기고,전문지·기고,농업인 건강안전 정보센터의 활용 (농업기술 2019년 8월호 박수인),2019-10-28,0,64,https://farmer.rda.go.kr/portal/menu1/board_viw.do?menuId=PS03449&m_id=3_19&m_mod=635&bbsId=6&nttSn=448&num=0&pageIndex=64,,https://farmer.rda.go.kr/portal/menu6/board_lst1.do?m_id=3_19&m_mod=0&menuId=PS03449&pageIndex=64,html/121_PS03449_p64.html,농촌진흥청 농업인안전365
449,6,홍보,전문지·기고,온열·한랭,여름철 폭염에 대비한 농업인 건강 안전 관리 요령 (농업기술 2019년 7월호 김경란),2019-10-28,0,64,https://farmer.rda.go.kr/portal/menu1/board_viw.do?menuId=PS03449&m_id=3_19&m_mod=636&bbsId=6&nttSn=449&num=0&pageIndex=64,,https://farmer.rda.go.kr/portal/menu6/board_lst1.do?m_id=3_19&m_mod=0&menuId=PS03449&pageIndex=64,html/121_PS03449_p64.html,농촌진흥청 농업인안전365
450,6,홍보,전문지·기고,농약·화학물질,농작업 시 농약 중독을 막기 위한 예방 수칙 (농업기술 2019년 6월호 김효철),2019-10-28,0,64,https://farmer.rda.go.kr/portal/menu1/board_viw.do?menuId=PS03449&m_id=3_19&m_mod=637&bbsId=6&nttSn=450&num=0&pageIndex=64,,https://farmer.rda.go.kr/portal/menu6/board_lst1.do?m_id=3_19&m_mod=0&menuId=PS03449&pageIndex=64,html/121_PS03449_p64.html,농촌진흥청 농업인안전365
451,6,홍보,전문지·기고,근골격계,농업인의 하지 근골격게 질환 관리 요령 (농업기술 2019년 5월호 최동필),2019-10-28,0,64,https://farmer.rda.go.kr/portal/menu1/board_viw.do?menuId=PS03449&m_id=3_19&m_mod=638&bbsId=6&nttSn=451&num=0&pageIndex=64,,https://farmer.rda.go.kr/portal/menu6/board_lst1.do?m_id=3_19&m_mod=0&menuId=PS03449&pageIndex=64,html/121_PS03449_p64.html,농촌진흥청 농업인안전365
452,6,홍보,전문지·기고,농기계,농기계 사고를 예방하기 위한 안전수칙과 안전 반사판 부착 방법 (농업기술 2019년 4월호 김경수),2019-10-28,0,64,https://farmer.rda.go.kr/portal/menu1/board_viw.do?menuId=PS03449&m_id=3_19&m_mod=639&bbsId=6&nttSn=452&num=0&pageIndex=64,,https://farmer.rda.go.kr/portal/menu6/board_lst1.do?m_id=3_19&m_mod=0&menuId=PS03449&pageIndex=64,html/121_PS03449_p64.html,농촌진흥청 농업인안전365
453,6,홍보,전문지·기고,작업환경,농작업 시 발생하는 분진에 덜 노출되는 방법 (농업기술 2019년 3월호 이민지),2019-10-28,0,64,https://farmer.rda.go.kr/portal/menu1/board_viw.do?menuId=PS03449&m_id=3_19&m_mod=640&bbsId=6&nttSn=453&num=0&pageIndex=64,,https://farmer.rda.go.kr/portal/menu6/board_lst1.do?m_id=3_19&m_mod=0&menuId=PS03449&pageIndex=64,html/121_PS03449_p64.html,농촌진흥청 농업인안전365
454,6,홍보,전문지·기고,근골격계,"신체 부담으로 망가지는 디스크, 농업인의 근골격계 질환과 예방법 (농업기술 2019년 2월호 최동필)",2019-10-28,0,65,https://farmer.rda.go.kr/portal/menu1/board_viw.do?menuId=PS03449&m_id=3_19&m_mod=641&bbsId=6&nttSn=454&num=0&pageIndex=65,,https://farmer.rda.go.kr/portal/menu6/board_lst1.do?m_id=3_19&m_mod=0&menuId=PS03449&pageIndex=65,html/122_PS03449_p65.html,농촌진흥청 농업인안전365
455,6,홍보,전문지·기고,전문지·기고,농산물 가공사업장 위험요인! 이렇게 바뀌어야 합니다 (농업기술 2019년 1월호 서민태),2019-10-28,0,65,https://farmer.rda.go.kr/portal/menu1/board_viw.do?menuId=PS03449&m_id=3_19&m_mod=642&bbsId=6&nttSn=455&num=0&pageIndex=65,,https://farmer.rda.go.kr/portal/menu6/board_lst1.do?m_id=3_19&m_mod=0&menuId=PS03449&pageIndex=65,html/122_PS03449_p65.html,농촌진흥청 농업인안전365
84,6,홍보,홍보성과,홍보성과,농업정책은 농업인 안전이 최우선이어야,2019-10-07,0,65,https://farmer.rda.go.kr/portal/menu1/board_viw.do?menuId=PS03449&m_id=3_19&m_mod=643&bbsId=6&nttSn=84&num=0&pageIndex=65,,https://farmer.rda.go.kr/portal/menu6/board_lst1.do?m_id=3_19&m_mod=0&menuId=PS03449&pageIndex=65,html/122_PS03449_p65.html,농촌진흥청 농업인안전365
556,6,홍보,활동소식,활동소식,'19 동북아 지역 농업안전보건 국제심포지엄 개최,2019-10-04,0,65,https://farmer.rda.go.kr/portal/menu1/board_viw.do?menuId=PS03449&m_id=3_19&m_mod=644&bbsId=6&nttSn=556&num=0&pageIndex=65,,https://farmer.rda.go.kr/portal/menu6/board_lst1.do?m_id=3_19&m_mod=0&menuId=PS03449&pageIndex=65,html/122_PS03449_p65.html,농촌진흥청 농업인안전365
557,6,홍보,활동소식,활동소식,EBS 다큐시선 출연 인터뷰,2019-08-08,0,65,https://farmer.rda.go.kr/portal/menu1/board_viw.do?menuId=PS03449&m_id=3_19&m_mod=645&bbsId=6&nttSn=557&num=0&pageIndex=65,,https://farmer.rda.go.kr/portal/menu6/board_lst1.do?m_id=3_19&m_mod=0&menuId=PS03449&pageIndex=65,html/122_PS03449_p65.html,농촌진흥청 농업인안전365
558,6,홍보,활동소식,안전교육,"보성군 고죽마을,장수군 장계사과연구회 대상 농작업 안전교육 및 편이장비 전시관 견학안내",2019-07-26,0,65,https://farmer.rda.go.kr/portal/menu1/board_viw.do?menuId=PS03449&m_id=3_19&m_mod=646&bbsId=6&nttSn=558&num=0&pageIndex=65,,https://farmer.rda.go.kr/portal/menu6/board_lst1.do?m_id=3_19&m_mod=0&menuId=PS03449&pageIndex=65,html/122_PS03449_p65.html,농촌진흥청 농업인안전365
559,6,홍보,활동소식,활동소식,농업인 건강연구회 뉴스레터 2019년 3호,2019-07-16,0,65,https://farmer.rda.go.kr/portal/menu1/board_viw.do?menuId=PS03449&m_id=3_19&m_mod=647&bbsId=6&nttSn=559&num=0&pageIndex=65,,https://farmer.rda.go.kr/portal/menu6/board_lst1.do?m_id=3_19&m_mod=0&menuId=PS03449&pageIndex=65,html/122_PS03449_p65.html,농촌진흥청 농업인안전365
560,6,홍보,활동소식,활동소식,경남 함양 사과작목반 대상 농작업 안전보건 강의 및 편이장비 전시,2019-06-26,0,65,https://farmer.rda.go.kr/portal/menu1/board_viw.do?menuId=PS03449&m_id=3_19&m_mod=648&bbsId=6&nttSn=560&num=0&pageIndex=65,,https://farmer.rda.go.kr/portal/menu6/board_lst1.do?m_id=3_19&m_mod=0&menuId=PS03449&pageIndex=65,html/122_PS03449_p65.html,농촌진흥청 농업인안전365
561,6,홍보,활동소식,활동소식,제69차 농업인 건강연구회 세미나,2019-06-12,0,65,https://farmer.rda.go.kr/portal/menu1/board_viw.do?menuId=PS03449&m_id=3_19&m_mod=649&bbsId=6&nttSn=561&num=0&pageIndex=65,,https://farmer.rda.go.kr/portal/menu6/board_lst1.do?m_id=3_19&m_mod=0&menuId=PS03449&pageIndex=65,html/122_PS03449_p65.html,농촌진흥청 농업인안전365
85,6,홍보,홍보성과,농기계,"경남농기원, '농작업재해 교육과 농기계 사고 예방 캠페인’ 실시",2019-06-10,0,65,https://farmer.rda.go.kr/portal/menu1/board_viw.do?menuId=PS03449&m_id=3_19&m_mod=650&bbsId=6&nttSn=85&num=0&pageIndex=65,,https://farmer.rda.go.kr/portal/menu6/board_lst1.do?m_id=3_19&m_mod=0&menuId=PS03449&pageIndex=65,html/122_PS03449_p65.html,농촌진흥청 농업인안전365
86,6,홍보,홍보성과,농기계,"5~6월 집중하는 농기계 사고 줄이기 적극 나서농촌진흥청, 농기계 사고예방 캠페인 및 농작업사고 안전교육 실시",2019-06-10,0,66,https://farmer.rda.go.kr/portal/menu1/board_viw.do?menuId=PS03449&m_id=3_19&m_mod=651&bbsId=6&nttSn=86&num=0&pageIndex=66,,https://farmer.rda.go.kr/portal/menu6/board_lst1.do?m_id=3_19&m_mod=0&menuId=PS03449&pageIndex=66,html/123_PS03449_p66.html,농촌진흥청 농업인안전365
562,6,홍보,활동소식,농기계,19년도 농작업 재해예방 및 농기계안전교육 캠페인,2019-06-10,0,66,https://farmer.rda.go.kr/portal/menu1/board_viw.do?menuId=PS03449&m_id=3_19&m_mod=652&bbsId=6&nttSn=562&num=0&pageIndex=66,,https://farmer.rda.go.kr/portal/menu6/board_lst1.do?m_id=3_19&m_mod=0&menuId=PS03449&pageIndex=66,html/123_PS03449_p66.html,농촌진흥청 농업인안전365
563,6,홍보,활동소식,활동소식,농업인 건강연구회 뉴스레터 2019년 2호,2019-06-07,0,66,https://farmer.rda.go.kr/portal/menu1/board_viw.do?menuId=PS03449&m_id=3_19&m_mod=653&bbsId=6&nttSn=563&num=0&pageIndex=66,,https://farmer.rda.go.kr/portal/menu6/board_lst1.do?m_id=3_19&m_mod=0&menuId=PS03449&pageIndex=66,html/123_PS03449_p66.html,농촌진흥청 농업인안전365
564,6,홍보,활동소식,활동소식,제68차 농업인 건강연구회 세미나,2019-05-25,0,66,https://farmer.rda.go.kr/portal/menu1/board_viw.do?menuId=PS03449&m_id=3_19&m_mod=654&bbsId=6&nttSn=564&num=0&pageIndex=66,,https://farmer.rda.go.kr/portal/menu6/board_lst1.do?m_id=3_19&m_mod=0&menuId=PS03449&pageIndex=66,html/123_PS03449_p66.html,농촌진흥청 농업인안전365
565,6,홍보,활동소식,활동소식,농업인 건강연구회 뉴스레터 2019년 1호,2019-04-30,0,66,https://farmer.rda.go.kr/portal/menu1/board_viw.do?menuId=PS03449&m_id=3_19&m_mod=655&bbsId=6&nttSn=565&num=0&pageIndex=66,,https://farmer.rda.go.kr/portal/menu6/board_lst1.do?m_id=3_19&m_mod=0&menuId=PS03449&pageIndex=66,html/123_PS03449_p66.html,농촌진흥청 농업인안전365
566,6,홍보,활동소식,활동소식,제주 농업안전보건센터 심포지엄,2019-04-18,0,66,https://farmer.rda.go.kr/portal/menu1/board_viw.do?menuId=PS03449&m_id=3_19&m_mod=656&bbsId=6&nttSn=566&num=0&pageIndex=66,,https://farmer.rda.go.kr/portal/menu6/board_lst1.do?m_id=3_19&m_mod=0&menuId=PS03449&pageIndex=66,html/123_PS03449_p66.html,농촌진흥청 농업인안전365
87,6,홍보,홍보성과,홍보성과,도농기원 ‘농작업 사고예방 캠페인’ 펼쳐,2019-03-29,0,66,https://farmer.rda.go.kr/portal/menu1/board_viw.do?menuId=PS03449&m_id=3_19&m_mod=657&bbsId=6&nttSn=87&num=0&pageIndex=66,,https://farmer.rda.go.kr/portal/menu6/board_lst1.do?m_id=3_19&m_mod=0&menuId=PS03449&pageIndex=66,html/123_PS03449_p66.html,농촌진흥청 농업인안전365
88,6,홍보,홍보성과,농기계,농업유관기관 농기계 사고예방 캠페인,2019-03-29,0,66,https://farmer.rda.go.kr/portal/menu1/board_viw.do?menuId=PS03449&m_id=3_19&m_mod=658&bbsId=6&nttSn=88&num=0&pageIndex=66,,https://farmer.rda.go.kr/portal/menu6/board_lst1.do?m_id=3_19&m_mod=0&menuId=PS03449&pageIndex=66,html/123_PS03449_p66.html,농촌진흥청 농업인안전365
567,6,홍보,활동소식,농기계,19년도 농작업 재해예방 및 농기계안전교육 캠페인,2019-03-28,0,66,https://farmer.rda.go.kr/portal/menu1/board_viw.do?menuId=PS03449&m_id=3_19&m_mod=659&bbsId=6&nttSn=567&num=0&pageIndex=66,,https://farmer.rda.go.kr/portal/menu6/board_lst1.do?m_id=3_19&m_mod=0&menuId=PS03449&pageIndex=66,html/123_PS03449_p66.html,농촌진흥청 농업인안전365
456,6,홍보,전문지·기고,전문지·기고,농업인 안전 재해 예방에 한 걸음 다가서는 국가기술자격 '농작업안전보건기사' (농업기술 2018년 12월호 김경란),2019-03-27,0,66,https://farmer.rda.go.kr/portal/menu1/board_viw.do?menuId=PS03449&m_id=3_19&m_mod=660&bbsId=6&nttSn=456&num=0&pageIndex=66,,https://farmer.rda.go.kr/portal/menu6/board_lst1.do?m_id=3_19&m_mod=0&menuId=PS03449&pageIndex=66,html/123_PS03449_p66.html,농촌진흥청 농업인안전365
457,6,홍보,전문지·기고,전문지·기고,안전 반사판으로 농촌 지역의 야간 교통사고 예방 (농업기술 2018년 11월호 박수인),2019-03-27,0,67,https://farmer.rda.go.kr/portal/menu1/board_viw.do?menuId=PS03449&m_id=3_19&m_mod=661&bbsId=6&nttSn=457&num=0&pageIndex=67,,https://farmer.rda.go.kr/portal/menu6/board_lst1.do?m_id=3_19&m_mod=0&menuId=PS03449&pageIndex=67,html/124_PS03449_p67.html,농촌진흥청 농업인안전365
458,6,홍보,전문지·기고,전문지·기고,농작업 유형·작목별 위험 요인 노출 특성과 대책 (농업기술 2018년 10월호 이민지),2019-03-27,0,67,https://farmer.rda.go.kr/portal/menu1/board_viw.do?menuId=PS03449&m_id=3_19&m_mod=662&bbsId=6&nttSn=458&num=0&pageIndex=67,,https://farmer.rda.go.kr/portal/menu6/board_lst1.do?m_id=3_19&m_mod=0&menuId=PS03449&pageIndex=67,html/124_PS03449_p67.html,농촌진흥청 농업인안전365
459,6,홍보,전문지·기고,전문지·기고,농작업 사고 현황과 예방법 숙지로 피해 최소화하기 (농업기술 2018년 9월호 김경수),2019-03-27,0,67,https://farmer.rda.go.kr/portal/menu1/board_viw.do?menuId=PS03449&m_id=3_19&m_mod=663&bbsId=6&nttSn=459&num=0&pageIndex=67,,https://farmer.rda.go.kr/portal/menu6/board_lst1.do?m_id=3_19&m_mod=0&menuId=PS03449&pageIndex=67,html/124_PS03449_p67.html,농촌진흥청 농업인안전365
460,6,홍보,전문지·기고,전문지·기고,농업인 안전보건관리 법·제도 현황 (농업기술 2018년 8월호 김경란),2019-03-27,0,67,https://farmer.rda.go.kr/portal/menu1/board_viw.do?menuId=PS03449&m_id=3_19&m_mod=664&bbsId=6&nttSn=460&num=0&pageIndex=67,,https://farmer.rda.go.kr/portal/menu6/board_lst1.do?m_id=3_19&m_mod=0&menuId=PS03449&pageIndex=67,html/124_PS03449_p67.html,농촌진흥청 농업인안전365
461,6,홍보,전문지·기고,전문지·기고,소 사육 농업인의 안전 관리 (농업기술 2018년 7월호 김효철),2019-03-27,0,67,https://farmer.rda.go.kr/portal/menu1/board_viw.do?menuId=PS03449&m_id=3_19&m_mod=665&bbsId=6&nttSn=461&num=0&pageIndex=67,,https://farmer.rda.go.kr/portal/menu6/board_lst1.do?m_id=3_19&m_mod=0&menuId=PS03449&pageIndex=67,html/124_PS03449_p67.html,농촌진흥청 농업인안전365
462,6,홍보,전문지·기고,온열·한랭,농업인의 온열 질환 관리 (농업기술 2018년 6월호 최동필),2019-03-27,0,67,https://farmer.rda.go.kr/portal/menu1/board_viw.do?menuId=PS03449&m_id=3_19&m_mod=666&bbsId=6&nttSn=462&num=0&pageIndex=67,,https://farmer.rda.go.kr/portal/menu6/board_lst1.do?m_id=3_19&m_mod=0&menuId=PS03449&pageIndex=67,html/124_PS03449_p67.html,농촌진흥청 농업인안전365
463,6,홍보,전문지·기고,전문지·기고,농업인의 질병 예방과 안전관리를 위한 농업안전보건센터 (농업기술 2018년 5월호 최원종),2019-03-27,0,67,https://farmer.rda.go.kr/portal/menu1/board_viw.do?menuId=PS03449&m_id=3_19&m_mod=667&bbsId=6&nttSn=463&num=0&pageIndex=67,,https://farmer.rda.go.kr/portal/menu6/board_lst1.do?m_id=3_19&m_mod=0&menuId=PS03449&pageIndex=67,html/124_PS03449_p67.html,농촌진흥청 농업인안전365
464,6,홍보,전문지·기고,근골격계,근골격계 질환 예방을 위한 작업 안전 수칙 (농업기술 2018년 4월호 서민태),2019-03-27,0,67,https://farmer.rda.go.kr/portal/menu1/board_viw.do?menuId=PS03449&m_id=3_19&m_mod=668&bbsId=6&nttSn=464&num=0&pageIndex=67,,https://farmer.rda.go.kr/portal/menu6/board_lst1.do?m_id=3_19&m_mod=0&menuId=PS03449&pageIndex=67,html/124_PS03449_p67.html,농촌진흥청 농업인안전365
465,6,홍보,전문지·기고,농기계,농기계 끼임 사고 사례 및 예방법 (농업기술 2018년 3월호 김경수),2019-03-27,0,67,https://farmer.rda.go.kr/portal/menu1/board_viw.do?menuId=PS03449&m_id=3_19&m_mod=669&bbsId=6&nttSn=465&num=0&pageIndex=67,,https://farmer.rda.go.kr/portal/menu6/board_lst1.do?m_id=3_19&m_mod=0&menuId=PS03449&pageIndex=67,html/124_PS03449_p67.html,농촌진흥청 농업인안전365
466,6,홍보,전문지·기고,전문지·기고,농작업 위험 요인의 자가 진단 (농업기술 2018년 2월호 김효철),2019-03-27,0,67,https://farmer.rda.go.kr/portal/menu1/board_viw.do?menuId=PS03449&m_id=3_19&m_mod=670&bbsId=6&nttSn=466&num=0&pageIndex=67,,https://farmer.rda.go.kr/portal/menu6/board_lst1.do?m_id=3_19&m_mod=0&menuId=PS03449&pageIndex=67,html/124_PS03449_p67.html,농촌진흥청 농업인안전365
467,6,홍보,전문지·기고,전문지·기고,농작업 현장에서의 안전표지 활용 (농업기술 2018년 1월호 채혜선),2019-03-27,0,68,https://farmer.rda.go.kr/portal/menu1/board_viw.do?menuId=PS03449&m_id=3_19&m_mod=671&bbsId=6&nttSn=467&num=0&pageIndex=68,,https://farmer.rda.go.kr/portal/menu6/board_lst1.do?m_id=3_19&m_mod=0&menuId=PS03449&pageIndex=68,html/125_PS03449_p68.html,농촌진흥청 농업인안전365
568,6,홍보,활동소식,활동소식,국민참여 스마트농촌 현장진단 및 토론 행사,2019-03-23,0,68,https://farmer.rda.go.kr/portal/menu1/board_viw.do?menuId=PS03449&m_id=3_19&m_mod=672&bbsId=6&nttSn=568&num=0&pageIndex=68,,https://farmer.rda.go.kr/portal/menu6/board_lst1.do?m_id=3_19&m_mod=0&menuId=PS03449&pageIndex=68,html/125_PS03449_p68.html,농촌진흥청 농업인안전365
468,6,홍보,전문지·기고,전문지·기고,농업인 안전보험 가입 (농업기술 2017년 12월호 김경수),2019-03-20,0,68,https://farmer.rda.go.kr/portal/menu1/board_viw.do?menuId=PS03449&m_id=3_19&m_mod=673&bbsId=6&nttSn=468&num=0&pageIndex=68,,https://farmer.rda.go.kr/portal/menu6/board_lst1.do?m_id=3_19&m_mod=0&menuId=PS03449&pageIndex=68,html/125_PS03449_p68.html,농촌진흥청 농업인안전365
469,6,홍보,전문지·기고,전문지·기고,농업인 안전보험 (월간원예 2017년 12월호 김효철),2019-03-20,0,68,https://farmer.rda.go.kr/portal/menu1/board_viw.do?menuId=PS03449&m_id=3_19&m_mod=674&bbsId=6&nttSn=469&num=0&pageIndex=68,,https://farmer.rda.go.kr/portal/menu6/board_lst1.do?m_id=3_19&m_mod=0&menuId=PS03449&pageIndex=68,html/125_PS03449_p68.html,농촌진흥청 농업인안전365
470,6,홍보,전문지·기고,전문지·기고,농업인 스스로의 안전관리 첫걸음 (농업기술 2017년 11월호 김효철),2019-03-18,0,68,https://farmer.rda.go.kr/portal/menu1/board_viw.do?menuId=PS03449&m_id=3_19&m_mod=675&bbsId=6&nttSn=470&num=0&pageIndex=68,,https://farmer.rda.go.kr/portal/menu6/board_lst1.do?m_id=3_19&m_mod=0&menuId=PS03449&pageIndex=68,html/125_PS03449_p68.html,농촌진흥청 농업인안전365
471,6,홍보,전문지·기고,농기계,고령농업인 농기계 운전사고 특히 주의 (월간농기계 2017년 10월호 김경수),2019-03-18,0,68,https://farmer.rda.go.kr/portal/menu1/board_viw.do?menuId=PS03449&m_id=3_19&m_mod=676&bbsId=6&nttSn=471&num=0&pageIndex=68,,https://farmer.rda.go.kr/portal/menu6/board_lst1.do?m_id=3_19&m_mod=0&menuId=PS03449&pageIndex=68,html/125_PS03449_p68.html,농촌진흥청 농업인안전365
472,6,홍보,전문지·기고,전문지·기고,농업인에게 도움되는 농작업복 관리 요령 (농업기술 2017년 10월호 채혜선),2019-03-18,0,68,https://farmer.rda.go.kr/portal/menu1/board_viw.do?menuId=PS03449&m_id=3_19&m_mod=677&bbsId=6&nttSn=472&num=0&pageIndex=68,,https://farmer.rda.go.kr/portal/menu6/board_lst1.do?m_id=3_19&m_mod=0&menuId=PS03449&pageIndex=68,html/125_PS03449_p68.html,농촌진흥청 농업인안전365
473,6,홍보,전문지·기고,농기계,농기계 사고 사례와 예방 (월간원예 2017년 9월호 김경수),2019-03-18,0,68,https://farmer.rda.go.kr/portal/menu1/board_viw.do?menuId=PS03449&m_id=3_19&m_mod=678&bbsId=6&nttSn=473&num=0&pageIndex=68,,https://farmer.rda.go.kr/portal/menu6/board_lst1.do?m_id=3_19&m_mod=0&menuId=PS03449&pageIndex=68,html/125_PS03449_p68.html,농촌진흥청 농업인안전365
474,6,홍보,전문지·기고,추락·넘어짐,농작업 관련 전도(넘어짐) 사고 예방 (월간원예 2017년 8월호 김경수),2019-03-18,0,68,https://farmer.rda.go.kr/portal/menu1/board_viw.do?menuId=PS03449&m_id=3_19&m_mod=679&bbsId=6&nttSn=474&num=0&pageIndex=68,,https://farmer.rda.go.kr/portal/menu6/board_lst1.do?m_id=3_19&m_mod=0&menuId=PS03449&pageIndex=68,html/125_PS03449_p68.html,농촌진흥청 농업인안전365
475,6,홍보,전문지·기고,전문지·기고,"뜨거운 여름, 자외선으로 부터 안과질환 예방 및 관리 (월간원예 2017년 7월호 최동필)",2019-03-18,0,68,https://farmer.rda.go.kr/portal/menu1/board_viw.do?menuId=PS03449&m_id=3_19&m_mod=680&bbsId=6&nttSn=475&num=0&pageIndex=68,,https://farmer.rda.go.kr/portal/menu6/board_lst1.do?m_id=3_19&m_mod=0&menuId=PS03449&pageIndex=68,html/125_PS03449_p68.html,농촌진흥청 농업인안전365
476,6,홍보,전문지·기고,근골격계,농업인의 상지 근골격계질환 관리 (농업기술 2017년 6월호 최동필),2019-03-18,0,69,https://farmer.rda.go.kr/portal/menu1/board_viw.do?menuId=PS03449&m_id=3_19&m_mod=681&bbsId=6&nttSn=476&num=0&pageIndex=69,,https://farmer.rda.go.kr/portal/menu6/board_lst1.do?m_id=3_19&m_mod=0&menuId=PS03449&pageIndex=69,html/126_PS03449_p69.html,농촌진흥청 농업인안전365
477,6,홍보,전문지·기고,농기계,농기계 사고 사례와 예방 (월간원예 2017년 6월호 김경수),2019-03-18,0,69,https://farmer.rda.go.kr/portal/menu1/board_viw.do?menuId=PS03449&m_id=3_19&m_mod=682&bbsId=6&nttSn=477&num=0&pageIndex=69,,https://farmer.rda.go.kr/portal/menu6/board_lst1.do?m_id=3_19&m_mod=0&menuId=PS03449&pageIndex=69,html/126_PS03449_p69.html,농촌진흥청 농업인안전365
478,6,홍보,전문지·기고,농기계,농기계 안전 사용 지침 (농업기술 2017년 5월호 김경수),2019-03-18,0,69,https://farmer.rda.go.kr/portal/menu1/board_viw.do?menuId=PS03449&m_id=3_19&m_mod=683&bbsId=6&nttSn=478&num=0&pageIndex=69,,https://farmer.rda.go.kr/portal/menu6/board_lst1.do?m_id=3_19&m_mod=0&menuId=PS03449&pageIndex=69,html/126_PS03449_p69.html,농촌진흥청 농업인안전365
479,6,홍보,전문지·기고,농약·화학물질,농약 노출과 안전사용 (월간원예 2017년 5월호 김효철),2019-03-18,0,69,https://farmer.rda.go.kr/portal/menu1/board_viw.do?menuId=PS03449&m_id=3_19&m_mod=684&bbsId=6&nttSn=479&num=0&pageIndex=69,,https://farmer.rda.go.kr/portal/menu6/board_lst1.do?m_id=3_19&m_mod=0&menuId=PS03449&pageIndex=69,html/126_PS03449_p69.html,농촌진흥청 농업인안전365
480,6,홍보,전문지·기고,전문지·기고,작목별 농작업 안전관리 체험프로그램 (농업기술 2017년 4월호 채혜선),2019-03-18,0,69,https://farmer.rda.go.kr/portal/menu1/board_viw.do?menuId=PS03449&m_id=3_19&m_mod=685&bbsId=6&nttSn=480&num=0&pageIndex=69,,https://farmer.rda.go.kr/portal/menu6/board_lst1.do?m_id=3_19&m_mod=0&menuId=PS03449&pageIndex=69,html/126_PS03449_p69.html,농촌진흥청 농업인안전365
481,6,홍보,전문지·기고,전문지·기고,작목별 농작업 안전관리 체험프로그램 (월간원예 2017년 4월호 채혜선),2019-03-18,0,69,https://farmer.rda.go.kr/portal/menu1/board_viw.do?menuId=PS03449&m_id=3_19&m_mod=686&bbsId=6&nttSn=481&num=0&pageIndex=69,,https://farmer.rda.go.kr/portal/menu6/board_lst1.do?m_id=3_19&m_mod=0&menuId=PS03449&pageIndex=69,html/126_PS03449_p69.html,농촌진흥청 농업인안전365
482,6,홍보,전문지·기고,전문지·기고,농작업 안전사고의 현황과 예방원칙 (월간원예 2017년 3월호 김효철),2019-03-18,0,69,https://farmer.rda.go.kr/portal/menu1/board_viw.do?menuId=PS03449&m_id=3_19&m_mod=687&bbsId=6&nttSn=482&num=0&pageIndex=69,,https://farmer.rda.go.kr/portal/menu6/board_lst1.do?m_id=3_19&m_mod=0&menuId=PS03449&pageIndex=69,html/126_PS03449_p69.html,농촌진흥청 농업인안전365
483,6,홍보,전문지·기고,전문지·기고,농업인 안전사고 체계적으로 예방 관리해야 (월간원예 2017년 2월호 최동필),2019-03-18,0,69,https://farmer.rda.go.kr/portal/menu1/board_viw.do?menuId=PS03449&m_id=3_19&m_mod=688&bbsId=6&nttSn=483&num=0&pageIndex=69,,https://farmer.rda.go.kr/portal/menu6/board_lst1.do?m_id=3_19&m_mod=0&menuId=PS03449&pageIndex=69,html/126_PS03449_p69.html,농촌진흥청 농업인안전365
484,6,홍보,전문지·기고,전문지·기고,농업인 업무상 재해···보험료 50% 국고지원 (월간원예 2017년 1월호 채혜선),2019-03-18,0,69,https://farmer.rda.go.kr/portal/menu1/board_viw.do?menuId=PS03449&m_id=3_19&m_mod=689&bbsId=6&nttSn=484&num=0&pageIndex=69,,https://farmer.rda.go.kr/portal/menu6/board_lst1.do?m_id=3_19&m_mod=0&menuId=PS03449&pageIndex=69,html/126_PS03449_p69.html,농촌진흥청 농업인안전365
485,6,홍보,전문지·기고,전문지·기고,농업인의 심혈관계 질환 관리 (농업기술 2016년 12월호 최동필),2019-03-06,0,69,https://farmer.rda.go.kr/portal/menu1/board_viw.do?menuId=PS03449&m_id=3_19&m_mod=690&bbsId=6&nttSn=485&num=0&pageIndex=69,,https://farmer.rda.go.kr/portal/menu6/board_lst1.do?m_id=3_19&m_mod=0&menuId=PS03449&pageIndex=69,html/126_PS03449_p69.html,농촌진흥청 농업인안전365
39,6,홍보,보도자료,보도자료,'농업인안전365'로 농업인 안전보건 인식 높인다,2022-10-21,0,32,https://farmer.rda.go.kr/portal/menu1/board_viw.do?menuId=PS03449&m_id=3_19&m_mod=311&bbsId=6&nttSn=39&num=0&pageIndex=32,,https://farmer.rda.go.kr/portal/menu6/board_lst1.do?m_id=3_19&m_mod=0&menuId=PS03449&pageIndex=32,html/127_PS03449_p32.html,농촌진흥청 농업인안전365
509,6,홍보,활동소식,농기계,농촌진흥청-NH농협손해보험 협력 농기계사고예방 캠페인,2022-10-20,0,32,https://farmer.rda.go.kr/portal/menu1/board_viw.do?menuId=PS03449&m_id=3_19&m_mod=312&bbsId=6&nttSn=509&num=0&pageIndex=32,,https://farmer.rda.go.kr/portal/menu6/board_lst1.do?m_id=3_19&m_mod=0&menuId=PS03449&pageIndex=32,html/127_PS03449_p32.html,농촌진흥청 농업인안전365
510,6,홍보,활동소식,활동소식,2022 대한인간공학회 추계학술대회 특별세션 개최(농촌 삶의 질 향상을 위한 인간공학의 도전과 미래전망),2022-10-17,0,32,https://farmer.rda.go.kr/portal/menu1/board_viw.do?menuId=PS03449&m_id=3_19&m_mod=313&bbsId=6&nttSn=510&num=0&pageIndex=32,,https://farmer.rda.go.kr/portal/menu6/board_lst1.do?m_id=3_19&m_mod=0&menuId=PS03449&pageIndex=32,html/127_PS03449_p32.html,농촌진흥청 농업인안전365
321,6,홍보,전문지·기고,전문지·기고,먼지노출 억제해 심각한 질병을 예방하라(농촌여성신문_안전하고 건강한 영농가이드56),2022-10-07,0,32,https://farmer.rda.go.kr/portal/menu1/board_viw.do?menuId=PS03449&m_id=3_19&m_mod=314&bbsId=6&nttSn=321&num=0&pageIndex=32,,https://farmer.rda.go.kr/portal/menu6/board_lst1.do?m_id=3_19&m_mod=0&menuId=PS03449&pageIndex=32,html/127_PS03449_p32.html,농촌진흥청 농업인안전365
322,6,홍보,전문지·기고,작업환경,작업자에 영향을 주는 진동 소음 억제하라(농촌여성신문_안전하고 건강한 영농가이드55),2022-10-07,0,32,https://farmer.rda.go.kr/portal/menu1/board_viw.do?menuId=PS03449&m_id=3_19&m_mod=315&bbsId=6&nttSn=322&num=0&pageIndex=32,,https://farmer.rda.go.kr/portal/menu6/board_lst1.do?m_id=3_19&m_mod=0&menuId=PS03449&pageIndex=32,html/127_PS03449_p32.html,농촌진흥청 농업인안전365
323,6,홍보,전문지·기고,작업환경,밀폐된 공간에 공기가 충분히 유입되게 하라(농촌여성신문_안전하고 건강한 영농가이드54),2022-10-07,0,32,https://farmer.rda.go.kr/portal/menu1/board_viw.do?menuId=PS03449&m_id=3_19&m_mod=316&bbsId=6&nttSn=323&num=0&pageIndex=32,,https://farmer.rda.go.kr/portal/menu6/board_lst1.do?m_id=3_19&m_mod=0&menuId=PS03449&pageIndex=32,html/127_PS03449_p32.html,농촌진흥청 농업인안전365
324,6,홍보,전문지·기고,감염·생물학적 위험,농업인 감염성 질환 예방방안(농업기술 2022년 10월호 이민지),2022-10-07,0,32,https://farmer.rda.go.kr/portal/menu1/board_viw.do?menuId=PS03449&m_id=3_19&m_mod=317&bbsId=6&nttSn=324&num=0&pageIndex=32,,https://farmer.rda.go.kr/portal/menu6/board_lst1.do?m_id=3_19&m_mod=0&menuId=PS03449&pageIndex=32,html/127_PS03449_p32.html,농촌진흥청 농업인안전365
325,6,홍보,전문지·기고,작업환경,적절한 환기구 확보해 작업능률을 높여라(농촌여성신문_안전하고 건강한 영농가이드53),2022-09-30,0,32,https://farmer.rda.go.kr/portal/menu1/board_viw.do?menuId=PS03449&m_id=3_19&m_mod=318&bbsId=6&nttSn=325&num=0&pageIndex=32,,https://farmer.rda.go.kr/portal/menu6/board_lst1.do?m_id=3_19&m_mod=0&menuId=PS03449&pageIndex=32,html/127_PS03449_p32.html,농촌진흥청 농업인안전365
326,6,홍보,전문지·기고,전문지·기고,강한 햇빛으로부터 피부 보호하는 복장 착용하라(농촌여성신문_안전하고 건강한 영농가이드52),2022-09-30,0,32,https://farmer.rda.go.kr/portal/menu1/board_viw.do?menuId=PS03449&m_id=3_19&m_mod=319&bbsId=6&nttSn=326&num=0&pageIndex=32,,https://farmer.rda.go.kr/portal/menu6/board_lst1.do?m_id=3_19&m_mod=0&menuId=PS03449&pageIndex=32,html/127_PS03449_p32.html,농촌진흥청 농업인안전365
327,6,홍보,전문지·기고,전문지·기고,단열재 설치해 과도한 열침투 막아라(농촌여성신문_안전하고 건강한 영농가이드51),2022-09-30,0,32,https://farmer.rda.go.kr/portal/menu1/board_viw.do?menuId=PS03449&m_id=3_19&m_mod=320&bbsId=6&nttSn=327&num=0&pageIndex=32,,https://farmer.rda.go.kr/portal/menu6/board_lst1.do?m_id=3_19&m_mod=0&menuId=PS03449&pageIndex=32,html/127_PS03449_p32.html,농촌진흥청 농업인안전365
328,6,홍보,전문지·기고,전문지·기고,적절한 조명은 작업의 질과 안전성 향상(농촌여성신문_안전하고 건강한 영농가이드50),2022-09-30,0,33,https://farmer.rda.go.kr/portal/menu1/board_viw.do?menuId=PS03449&m_id=3_19&m_mod=321&bbsId=6&nttSn=328&num=0&pageIndex=33,,https://farmer.rda.go.kr/portal/menu6/board_lst1.do?m_id=3_19&m_mod=0&menuId=PS03449&pageIndex=33,html/128_PS03449_p33.html,농촌진흥청 농업인안전365
155,6,홍보,뉴스모음집,농기계,(한겨레신문) IOT 기반 농기계 교통안전 사고 감지 알람 시스템 개발,2022-09-28,0,33,https://farmer.rda.go.kr/portal/menu1/board_viw.do?menuId=PS03449&m_id=3_19&m_mod=322&bbsId=6&nttSn=155&num=0&pageIndex=33,,https://farmer.rda.go.kr/portal/menu6/board_lst1.do?m_id=3_19&m_mod=0&menuId=PS03449&pageIndex=33,html/128_PS03449_p33.html,농촌진흥청 농업인안전365
156,6,홍보,뉴스모음집,뉴스모음집,(뉴스1)2명 숨진 청양돼지농장 1차 합동감식…인체치명적 황화수소 검출,2022-09-20,0,33,https://farmer.rda.go.kr/portal/menu1/board_viw.do?menuId=PS03449&m_id=3_19&m_mod=323&bbsId=6&nttSn=156&num=0&pageIndex=33,,https://farmer.rda.go.kr/portal/menu6/board_lst1.do?m_id=3_19&m_mod=0&menuId=PS03449&pageIndex=33,html/128_PS03449_p33.html,농촌진흥청 농업인안전365
157,6,홍보,뉴스모음집,뉴스모음집,(농민신문) 농민들 골골한 이유 봤더니…‘심고 뽑고’ 장시간 반복 탓,2022-09-20,0,33,https://farmer.rda.go.kr/portal/menu1/board_viw.do?menuId=PS03449&m_id=3_19&m_mod=324&bbsId=6&nttSn=157&num=0&pageIndex=33,,https://farmer.rda.go.kr/portal/menu6/board_lst1.do?m_id=3_19&m_mod=0&menuId=PS03449&pageIndex=33,html/128_PS03449_p33.html,농촌진흥청 농업인안전365
329,6,홍보,전문지·기고,전문지·기고,가장 저렴한 광원 '햇빛'을 최대한 이용하라(농촌여성신문_안전하고 건강한 영농가이드49),2022-09-15,0,33,https://farmer.rda.go.kr/portal/menu1/board_viw.do?menuId=PS03449&m_id=3_19&m_mod=325&bbsId=6&nttSn=329&num=0&pageIndex=33,,https://farmer.rda.go.kr/portal/menu6/board_lst1.do?m_id=3_19&m_mod=0&menuId=PS03449&pageIndex=33,html/128_PS03449_p33.html,농촌진흥청 농업인안전365
330,6,홍보,전문지·기고,전문지·기고,안전을 위해 주변 가시성을 확보하라(농촌여성신문_안전하고 건강한 영농가이드48),2022-09-15,0,33,https://farmer.rda.go.kr/portal/menu1/board_viw.do?menuId=PS03449&m_id=3_19&m_mod=326&bbsId=6&nttSn=330&num=0&pageIndex=33,,https://farmer.rda.go.kr/portal/menu6/board_lst1.do?m_id=3_19&m_mod=0&menuId=PS03449&pageIndex=33,html/128_PS03449_p33.html,농촌진흥청 농업인안전365
331,6,홍보,전문지·기고,농기계,가급적 경사면에서의 농기계 작업을 피하라(농촌여성신문_안전하고 건강한 영농가이드47),2022-09-15,0,33,https://farmer.rda.go.kr/portal/menu1/board_viw.do?menuId=PS03449&m_id=3_19&m_mod=327&bbsId=6&nttSn=331&num=0&pageIndex=33,,https://farmer.rda.go.kr/portal/menu6/board_lst1.do?m_id=3_19&m_mod=0&menuId=PS03449&pageIndex=33,html/128_PS03449_p33.html,농촌진흥청 농업인안전365
332,6,홍보,전문지·기고,전문지·기고,짐은 적절히 싣고 안전하게 결박하라(농촌여성신문_안전하고 건강한 영농가이드46),2022-09-15,0,33,https://farmer.rda.go.kr/portal/menu1/board_viw.do?menuId=PS03449&m_id=3_19&m_mod=328&bbsId=6&nttSn=332&num=0&pageIndex=33,,https://farmer.rda.go.kr/portal/menu6/board_lst1.do?m_id=3_19&m_mod=0&menuId=PS03449&pageIndex=33,html/128_PS03449_p33.html,농촌진흥청 농업인안전365
158,6,홍보,뉴스모음집,근골격계,"(뉴시스) 농업인 근골격계질환 유병률 84.6%…충남도, 예방수칙 안내",2022-09-14,0,33,https://farmer.rda.go.kr/portal/menu1/board_viw.do?menuId=PS03449&m_id=3_19&m_mod=329&bbsId=6&nttSn=158&num=0&pageIndex=33,,https://farmer.rda.go.kr/portal/menu6/board_lst1.do?m_id=3_19&m_mod=0&menuId=PS03449&pageIndex=33,html/128_PS03449_p33.html,농촌진흥청 농업인안전365
333,6,홍보,전문지·기고,농약·화학물질,농약방제 개인보호장비 활용(농축산기계신문_김인수),2022-09-13,0,33,https://farmer.rda.go.kr/portal/menu1/board_viw.do?menuId=PS03449&m_id=3_19&m_mod=330&bbsId=6&nttSn=333&num=0&pageIndex=33,,https://farmer.rda.go.kr/portal/menu6/board_lst1.do?m_id=3_19&m_mod=0&menuId=PS03449&pageIndex=33,html/128_PS03449_p33.html,농촌진흥청 농업인안전365
511,6,홍보,활동소식,활동소식,(공모전) '농업인 안전사고 제로' 공모전 수상작 발표,2022-09-08,0,34,https://farmer.rda.go.kr/portal/menu1/board_viw.do?menuId=PS03449&m_id=3_19&m_mod=331&bbsId=6&nttSn=511&num=0&pageIndex=34,,https://farmer.rda.go.kr/portal/menu6/board_lst1.do?m_id=3_19&m_mod=0&menuId=PS03449&pageIndex=34,html/129_PS03449_p34.html,농촌진흥청 농업인안전365
334,6,홍보,전문지·기고,전문지·기고,축산 농업인을 위한 개인보호장비 활용(농업기술 2022년 9월호 김인수),2022-09-07,0,34,https://farmer.rda.go.kr/portal/menu1/board_viw.do?menuId=PS03449&m_id=3_19&m_mod=332&bbsId=6&nttSn=334&num=0&pageIndex=34,,https://farmer.rda.go.kr/portal/menu6/board_lst1.do?m_id=3_19&m_mod=0&menuId=PS03449&pageIndex=34,html/129_PS03449_p34.html,농촌진흥청 농업인안전365
512,6,홍보,활동소식,활동소식,개청 60주년 『2022 농업기술 박람회』 전시 참여,2022-09-05,0,34,https://farmer.rda.go.kr/portal/menu1/board_viw.do?menuId=PS03449&m_id=3_19&m_mod=333&bbsId=6&nttSn=512&num=0&pageIndex=34,,https://farmer.rda.go.kr/portal/menu6/board_lst1.do?m_id=3_19&m_mod=0&menuId=PS03449&pageIndex=34,html/129_PS03449_p34.html,농촌진흥청 농업인안전365
52,6,홍보,홍보성과,홍보성과,"농촌진흥청, '농업인 안전사고 제로' 공모전 수상작 발표",2022-09-02,0,34,https://farmer.rda.go.kr/portal/menu1/board_viw.do?menuId=PS03449&m_id=3_19&m_mod=334&bbsId=6&nttSn=52&num=0&pageIndex=34,,https://farmer.rda.go.kr/portal/menu6/board_lst1.do?m_id=3_19&m_mod=0&menuId=PS03449&pageIndex=34,html/129_PS03449_p34.html,농촌진흥청 농업인안전365
159,6,홍보,뉴스모음집,응급대응,(한국농촌경제신문) 농촌진흥청 신간...‘농가 안전사고 응급처치 가이드’,2022-09-02,0,34,https://farmer.rda.go.kr/portal/menu1/board_viw.do?menuId=PS03449&m_id=3_19&m_mod=335&bbsId=6&nttSn=159&num=0&pageIndex=34,,https://farmer.rda.go.kr/portal/menu6/board_lst1.do?m_id=3_19&m_mod=0&menuId=PS03449&pageIndex=34,html/129_PS03449_p34.html,농촌진흥청 농업인안전365
335,6,홍보,전문지·기고,농기계,농기계 운전석의 안전과 편의성을 높여라(농촌여성신문_안전하고 건강한 영농가이드45),2022-08-31,0,34,https://farmer.rda.go.kr/portal/menu1/board_viw.do?menuId=PS03449&m_id=3_19&m_mod=336&bbsId=6&nttSn=335&num=0&pageIndex=34,,https://farmer.rda.go.kr/portal/menu6/board_lst1.do?m_id=3_19&m_mod=0&menuId=PS03449&pageIndex=34,html/129_PS03449_p34.html,농촌진흥청 농업인안전365
336,6,홍보,전문지·기고,농기계,농기계 이동 위한 안전경로를 확보하라(농촌여성신문_안전하고 건강한 영농가이드44),2022-08-31,0,34,https://farmer.rda.go.kr/portal/menu1/board_viw.do?menuId=PS03449&m_id=3_19&m_mod=337&bbsId=6&nttSn=336&num=0&pageIndex=34,,https://farmer.rda.go.kr/portal/menu6/board_lst1.do?m_id=3_19&m_mod=0&menuId=PS03449&pageIndex=34,html/129_PS03449_p34.html,농촌진흥청 농업인안전365
337,6,홍보,전문지·기고,농기계,충분한 농기계 훈련과 사용지침 준수해야(농촌여성신문_안전하고 건강한 영농가이드43),2022-08-31,0,34,https://farmer.rda.go.kr/portal/menu1/board_viw.do?menuId=PS03449&m_id=3_19&m_mod=338&bbsId=6&nttSn=337&num=0&pageIndex=34,,https://farmer.rda.go.kr/portal/menu6/board_lst1.do?m_id=3_19&m_mod=0&menuId=PS03449&pageIndex=34,html/129_PS03449_p34.html,농촌진흥청 농업인안전365
338,6,홍보,전문지·기고,전문지·기고,농업용 차량에 안전반사판 설치하라(농촌여성신문_안전하고 건강한 영농가이드42),2022-08-31,0,34,https://farmer.rda.go.kr/portal/menu1/board_viw.do?menuId=PS03449&m_id=3_19&m_mod=339&bbsId=6&nttSn=338&num=0&pageIndex=34,,https://farmer.rda.go.kr/portal/menu6/board_lst1.do?m_id=3_19&m_mod=0&menuId=PS03449&pageIndex=34,html/129_PS03449_p34.html,농촌진흥청 농업인안전365
160,6,홍보,뉴스모음집,뉴스모음집,"(NEWS1) ""침대서 떨어져 뇌진탕""…고령자 안전사고 과반은 낙상사고",2022-08-31,0,34,https://farmer.rda.go.kr/portal/menu1/board_viw.do?menuId=PS03449&m_id=3_19&m_mod=340&bbsId=6&nttSn=160&num=0&pageIndex=34,,https://farmer.rda.go.kr/portal/menu6/board_lst1.do?m_id=3_19&m_mod=0&menuId=PS03449&pageIndex=34,html/129_PS03449_p34.html,농촌진흥청 농업인안전365
161,6,홍보,뉴스모음집,감염·생물학적 위험,"(연합뉴스) 가을 농작업 진드기 감염 주의…""코로나 음성인데 증상 있으면 의심""",2022-08-31,0,35,https://farmer.rda.go.kr/portal/menu1/board_viw.do?menuId=PS03449&m_id=3_19&m_mod=341&bbsId=6&nttSn=161&num=0&pageIndex=35,,https://farmer.rda.go.kr/portal/menu6/board_lst1.do?m_id=3_19&m_mod=0&menuId=PS03449&pageIndex=35,html/130_PS03449_p35.html,농촌진흥청 농업인안전365
162,6,홍보,뉴스모음집,뉴스모음집,(KBS) [뉴스 더하기] 반복되는 인재 ‘질식사’,2022-08-30,0,35,https://farmer.rda.go.kr/portal/menu1/board_viw.do?menuId=PS03449&m_id=3_19&m_mod=342&bbsId=6&nttSn=162&num=0&pageIndex=35,,https://farmer.rda.go.kr/portal/menu6/board_lst1.do?m_id=3_19&m_mod=0&menuId=PS03449&pageIndex=35,html/130_PS03449_p35.html,농촌진흥청 농업인안전365
339,6,홍보,전문지·기고,농기계,안전하게 설계된 농기계를 구입하라(농촌여성신문_안전하고 건강한 영농가이드41),2022-08-26,0,35,https://farmer.rda.go.kr/portal/menu1/board_viw.do?menuId=PS03449&m_id=3_19&m_mod=343&bbsId=6&nttSn=339&num=0&pageIndex=35,,https://farmer.rda.go.kr/portal/menu6/board_lst1.do?m_id=3_19&m_mod=0&menuId=PS03449&pageIndex=35,html/130_PS03449_p35.html,농촌진흥청 농업인안전365
340,6,홍보,전문지·기고,전문지·기고,접근성 좋은 곳에 비상스위치를 배치하라(농촌여성신문_안전하고 건강한 영농가이드40),2022-08-26,0,35,https://farmer.rda.go.kr/portal/menu1/board_viw.do?menuId=PS03449&m_id=3_19&m_mod=344&bbsId=6&nttSn=340&num=0&pageIndex=35,,https://farmer.rda.go.kr/portal/menu6/board_lst1.do?m_id=3_19&m_mod=0&menuId=PS03449&pageIndex=35,html/130_PS03449_p35.html,농촌진흥청 농업인안전365
341,6,홍보,전문지·기고,전문지·기고,제어장치나 스위치를 투명덮개로 보호하라(농촌여성신문_안전하고 건강한 영농가이드39),2022-08-26,0,35,https://farmer.rda.go.kr/portal/menu1/board_viw.do?menuId=PS03449&m_id=3_19&m_mod=345&bbsId=6&nttSn=341&num=0&pageIndex=35,,https://farmer.rda.go.kr/portal/menu6/board_lst1.do?m_id=3_19&m_mod=0&menuId=PS03449&pageIndex=35,html/130_PS03449_p35.html,농촌진흥청 농업인안전365
163,6,홍보,뉴스모음집,안전교육,(농민신문) 건강검진에 물리치료법 교육까지…여성농민 특수검진 “대만족”,2022-08-25,0,35,https://farmer.rda.go.kr/portal/menu1/board_viw.do?menuId=PS03449&m_id=3_19&m_mod=346&bbsId=6&nttSn=163&num=0&pageIndex=35,,https://farmer.rda.go.kr/portal/menu6/board_lst1.do?m_id=3_19&m_mod=0&menuId=PS03449&pageIndex=35,html/130_PS03449_p35.html,농촌진흥청 농업인안전365
164,6,홍보,뉴스모음집,뉴스모음집,(경향신문) “청년 넘치는 지속가능한 농업·농촌 조성할 것”,2022-08-24,0,35,https://farmer.rda.go.kr/portal/menu1/board_viw.do?menuId=PS03449&m_id=3_19&m_mod=347&bbsId=6&nttSn=164&num=0&pageIndex=35,,https://farmer.rda.go.kr/portal/menu6/board_lst1.do?m_id=3_19&m_mod=0&menuId=PS03449&pageIndex=35,html/130_PS03449_p35.html,농촌진흥청 농업인안전365
165,6,홍보,뉴스모음집,뉴스모음집,"(헬로TV뉴스) ""한낮에는 농사일 못 해요""",2022-08-12,0,35,https://farmer.rda.go.kr/portal/menu1/board_viw.do?menuId=PS03449&m_id=3_19&m_mod=348&bbsId=6&nttSn=165&num=0&pageIndex=35,,https://farmer.rda.go.kr/portal/menu6/board_lst1.do?m_id=3_19&m_mod=0&menuId=PS03449&pageIndex=35,html/130_PS03449_p35.html,농촌진흥청 농업인안전365
342,6,홍보,전문지·기고,전문지·기고,크레인 조작시 지정된 하중과 안전조치 따라야(농촌여성신문_안전하고 건강한 영농가이드38),2022-08-12,0,35,https://farmer.rda.go.kr/portal/menu1/board_viw.do?menuId=PS03449&m_id=3_19&m_mod=349&bbsId=6&nttSn=342&num=0&pageIndex=35,,https://farmer.rda.go.kr/portal/menu6/board_lst1.do?m_id=3_19&m_mod=0&menuId=PS03449&pageIndex=35,html/130_PS03449_p35.html,농촌진흥청 농업인안전365
343,6,홍보,전문지·기고,전문지·기고,조작과 제어 쉬운 보행기계를 사용하라(농촌여성신문_안전하고 건강한 영농가이드37),2022-08-12,0,35,https://farmer.rda.go.kr/portal/menu1/board_viw.do?menuId=PS03449&m_id=3_19&m_mod=350&bbsId=6&nttSn=343&num=0&pageIndex=35,,https://farmer.rda.go.kr/portal/menu6/board_lst1.do?m_id=3_19&m_mod=0&menuId=PS03449&pageIndex=35,html/130_PS03449_p35.html,농촌진흥청 농업인안전365
344,6,홍보,전문지·기고,전문지·기고,그립이 안정적인 휴대용 전동공구 사용하라(농촌여성신문_안전하고 건강한 영농가이드36),2022-08-12,0,36,https://farmer.rda.go.kr/portal/menu1/board_viw.do?menuId=PS03449&m_id=3_19&m_mod=351&bbsId=6&nttSn=344&num=0&pageIndex=36,,https://farmer.rda.go.kr/portal/menu6/board_lst1.do?m_id=3_19&m_mod=0&menuId=PS03449&pageIndex=36,html/131_PS03449_p36.html,농촌진흥청 농업인안전365
345,6,홍보,전문지·기고,농기계,"전기설비, 전동농기계 안전절차 준수하라(농촌여성신문_안전하고 건강한 영농가이드35)",2022-08-11,0,36,https://farmer.rda.go.kr/portal/menu1/board_viw.do?menuId=PS03449&m_id=3_19&m_mod=352&bbsId=6&nttSn=345&num=0&pageIndex=36,,https://farmer.rda.go.kr/portal/menu6/board_lst1.do?m_id=3_19&m_mod=0&menuId=PS03449&pageIndex=36,html/131_PS03449_p36.html,농촌진흥청 농업인안전365
346,6,홍보,전문지·기고,전문지·기고,기계가 양호해야 가장 생산적이고 안전(농촌여성신문_안전하고 건강한 영농가이드34),2022-08-11,0,36,https://farmer.rda.go.kr/portal/menu1/board_viw.do?menuId=PS03449&m_id=3_19&m_mod=353&bbsId=6&nttSn=346&num=0&pageIndex=36,,https://farmer.rda.go.kr/portal/menu6/board_lst1.do?m_id=3_19&m_mod=0&menuId=PS03449&pageIndex=36,html/131_PS03449_p36.html,농촌진흥청 농업인안전365
347,6,홍보,전문지·기고,전문지·기고,기계 사용할 땐 가능한 파트너와 협업하라(농촌여성신문_안전하고 건강한 영농가이드33),2022-08-11,0,36,https://farmer.rda.go.kr/portal/menu1/board_viw.do?menuId=PS03449&m_id=3_19&m_mod=354&bbsId=6&nttSn=347&num=0&pageIndex=36,,https://farmer.rda.go.kr/portal/menu6/board_lst1.do?m_id=3_19&m_mod=0&menuId=PS03449&pageIndex=36,html/131_PS03449_p36.html,농촌진흥청 농업인안전365
348,6,홍보,전문지·기고,안전교육,농작업 안전보건관리자 교육프로그램 및 실무매뉴얼(농업기술 2022년 8월호 채혜선),2022-08-10,0,36,https://farmer.rda.go.kr/portal/menu1/board_viw.do?menuId=PS03449&m_id=3_19&m_mod=355&bbsId=6&nttSn=348&num=0&pageIndex=36,,https://farmer.rda.go.kr/portal/menu6/board_lst1.do?m_id=3_19&m_mod=0&menuId=PS03449&pageIndex=36,html/131_PS03449_p36.html,농촌진흥청 농업인안전365
166,6,홍보,뉴스모음집,온열·한랭,(전주MBC) 연일 찜통더위.. 농작업 온열사고 '비상',2022-08-05,0,36,https://farmer.rda.go.kr/portal/menu1/board_viw.do?menuId=PS03449&m_id=3_19&m_mod=356&bbsId=6&nttSn=166&num=0&pageIndex=36,,https://farmer.rda.go.kr/portal/menu6/board_lst1.do?m_id=3_19&m_mod=0&menuId=PS03449&pageIndex=36,html/131_PS03449_p36.html,농촌진흥청 농업인안전365
53,6,홍보,홍보성과,온열·한랭,계속되는 폭염­…농촌 온열 질환 비상,2022-08-05,0,36,https://farmer.rda.go.kr/portal/menu1/board_viw.do?menuId=PS03449&m_id=3_19&m_mod=357&bbsId=6&nttSn=53&num=0&pageIndex=36,,https://farmer.rda.go.kr/portal/menu6/board_lst1.do?m_id=3_19&m_mod=0&menuId=PS03449&pageIndex=36,html/131_PS03449_p36.html,농촌진흥청 농업인안전365
349,6,홍보,전문지·기고,농기계,농기계는 안정된 장소에 있어야 안전하고 생산성이 높다(농촌여성신문_안전하고 건강한 영농가이드32),2022-08-04,0,36,https://farmer.rda.go.kr/portal/menu1/board_viw.do?menuId=PS03449&m_id=3_19&m_mod=358&bbsId=6&nttSn=349&num=0&pageIndex=36,,https://farmer.rda.go.kr/portal/menu6/board_lst1.do?m_id=3_19&m_mod=0&menuId=PS03449&pageIndex=36,html/131_PS03449_p36.html,농촌진흥청 농업인안전365
350,6,홍보,전문지·기고,전문지·기고,안전한 투입장치로 위험 줄이고 생산량 늘려야(농촌여성신문_안전하고 건강한 영농가이드31),2022-08-04,0,36,https://farmer.rda.go.kr/portal/menu1/board_viw.do?menuId=PS03449&m_id=3_19&m_mod=359&bbsId=6&nttSn=350&num=0&pageIndex=36,,https://farmer.rda.go.kr/portal/menu6/board_lst1.do?m_id=3_19&m_mod=0&menuId=PS03449&pageIndex=36,html/131_PS03449_p36.html,농촌진흥청 농업인안전365
351,6,홍보,전문지·기고,전문지·기고,위험한 구동부품에 적절한 보호대 부착하라(농촌여성신문_안전하고 건강한 영농가이드30),2022-08-04,0,36,https://farmer.rda.go.kr/portal/menu1/board_viw.do?menuId=PS03449&m_id=3_19&m_mod=360&bbsId=6&nttSn=351&num=0&pageIndex=36,,https://farmer.rda.go.kr/portal/menu6/board_lst1.do?m_id=3_19&m_mod=0&menuId=PS03449&pageIndex=36,html/131_PS03449_p36.html,농촌진흥청 농업인안전365
167,6,홍보,뉴스모음집,온열·한랭,"(전남일보) 고흥군, 폭염대비 '농업인 온열질환 예방활동'에 총력",2022-08-01,0,37,https://farmer.rda.go.kr/portal/menu1/board_viw.do?menuId=PS03449&m_id=3_19&m_mod=361&bbsId=6&nttSn=167&num=0&pageIndex=37,,https://farmer.rda.go.kr/portal/menu6/board_lst1.do?m_id=3_19&m_mod=0&menuId=PS03449&pageIndex=37,html/132_PS03449_p37.html,농촌진흥청 농업인안전365
168,6,홍보,뉴스모음집,뉴스모음집,(YTN) 농민이 안전한 고흥...농작업 안전관리에 '최선',2022-07-25,0,37,https://farmer.rda.go.kr/portal/menu1/board_viw.do?menuId=PS03449&m_id=3_19&m_mod=362&bbsId=6&nttSn=168&num=0&pageIndex=37,,https://farmer.rda.go.kr/portal/menu6/board_lst1.do?m_id=3_19&m_mod=0&menuId=PS03449&pageIndex=37,html/132_PS03449_p37.html,농촌진흥청 농업인안전365
352,6,홍보,전문지·기고,전문지·기고,'농업인안전365' 누리집과 함께(농업기술 2022년 7월호 박수인),2022-07-18,0,37,https://farmer.rda.go.kr/portal/menu1/board_viw.do?menuId=PS03449&m_id=3_19&m_mod=363&bbsId=6&nttSn=352&num=0&pageIndex=37,,https://farmer.rda.go.kr/portal/menu6/board_lst1.do?m_id=3_19&m_mod=0&menuId=PS03449&pageIndex=37,html/132_PS03449_p37.html,농촌진흥청 농업인안전365
169,6,홍보,뉴스모음집,온열·한랭,(헤럴드경제) 온열질환 보장...농협생명 ‘농업인안전보험’,2022-07-14,0,37,https://farmer.rda.go.kr/portal/menu1/board_viw.do?menuId=PS03449&m_id=3_19&m_mod=364&bbsId=6&nttSn=169&num=0&pageIndex=37,,https://farmer.rda.go.kr/portal/menu6/board_lst1.do?m_id=3_19&m_mod=0&menuId=PS03449&pageIndex=37,html/132_PS03449_p37.html,농촌진흥청 농업인안전365
170,6,홍보,뉴스모음집,온열·한랭,(세계일보) 온열질환자 급증·가축 잇단 폐사… 전국 곳곳 ‘폭염과 사투’,2022-07-14,0,37,https://farmer.rda.go.kr/portal/menu1/board_viw.do?menuId=PS03449&m_id=3_19&m_mod=365&bbsId=6&nttSn=170&num=0&pageIndex=37,,https://farmer.rda.go.kr/portal/menu6/board_lst1.do?m_id=3_19&m_mod=0&menuId=PS03449&pageIndex=37,html/132_PS03449_p37.html,농촌진흥청 농업인안전365
171,6,홍보,뉴스모음집,온열·한랭,"(매일일보) 농촌진흥청, 폭염 속 온열질환 주의 당부",2022-07-13,0,37,https://farmer.rda.go.kr/portal/menu1/board_viw.do?menuId=PS03449&m_id=3_19&m_mod=366&bbsId=6&nttSn=171&num=0&pageIndex=37,,https://farmer.rda.go.kr/portal/menu6/board_lst1.do?m_id=3_19&m_mod=0&menuId=PS03449&pageIndex=37,html/132_PS03449_p37.html,농촌진흥청 농업인안전365
54,6,홍보,홍보성과,온열·한랭,“소싯적 생각하단 온열질환 위험”,2022-07-13,0,37,https://farmer.rda.go.kr/portal/menu1/board_viw.do?menuId=PS03449&m_id=3_19&m_mod=367&bbsId=6&nttSn=54&num=0&pageIndex=37,,https://farmer.rda.go.kr/portal/menu6/board_lst1.do?m_id=3_19&m_mod=0&menuId=PS03449&pageIndex=37,html/132_PS03449_p37.html,농촌진흥청 농업인안전365
55,6,홍보,홍보성과,홍보성과,농촌진흥청 “불볕더위 농사일도 조심히…2명 이상 조 이뤄 작업해야”,2022-07-13,0,37,https://farmer.rda.go.kr/portal/menu1/board_viw.do?menuId=PS03449&m_id=3_19&m_mod=368&bbsId=6&nttSn=55&num=0&pageIndex=37,,https://farmer.rda.go.kr/portal/menu6/board_lst1.do?m_id=3_19&m_mod=0&menuId=PS03449&pageIndex=37,html/132_PS03449_p37.html,농촌진흥청 농업인안전365
513,6,홍보,활동소식,농약·화학물질,[화천군] 농약방제보호장비 세트 사용교육 및 설치 현장기술지원,2022-07-13,0,37,https://farmer.rda.go.kr/portal/menu1/board_viw.do?menuId=PS03449&m_id=3_19&m_mod=369&bbsId=6&nttSn=513&num=0&pageIndex=37,,https://farmer.rda.go.kr/portal/menu6/board_lst1.do?m_id=3_19&m_mod=0&menuId=PS03449&pageIndex=37,html/132_PS03449_p37.html,농촌진흥청 농업인안전365
172,6,홍보,뉴스모음집,뉴스모음집,(전북일보) 영농철 농작업 안전에 주의해야,2022-07-01,0,37,https://farmer.rda.go.kr/portal/menu1/board_viw.do?menuId=PS03449&m_id=3_19&m_mod=370&bbsId=6&nttSn=172&num=0&pageIndex=37,,https://farmer.rda.go.kr/portal/menu6/board_lst1.do?m_id=3_19&m_mod=0&menuId=PS03449&pageIndex=37,html/132_PS03449_p37.html,농촌진흥청 농업인안전365
514,6,홍보,활동소식,농약·화학물질,[남원시] 농약방제보호장비 세트 사용교육 및 설치 현장기술지원,2022-06-23,0,38,https://farmer.rda.go.kr/portal/menu1/board_viw.do?menuId=PS03449&m_id=3_19&m_mod=371&bbsId=6&nttSn=514&num=0&pageIndex=38,,https://farmer.rda.go.kr/portal/menu6/board_lst1.do?m_id=3_19&m_mod=0&menuId=PS03449&pageIndex=38,html/133_PS03449_p38.html,농촌진흥청 농업인안전365
353,6,홍보,전문지·기고,전문지·기고,2021 농업인 업무상 손상조사 결과(농업기술 2022년 6월호 이민지),2022-06-15,0,38,https://farmer.rda.go.kr/portal/menu1/board_viw.do?menuId=PS03449&m_id=3_19&m_mod=372&bbsId=6&nttSn=353&num=0&pageIndex=38,,https://farmer.rda.go.kr/portal/menu6/board_lst1.do?m_id=3_19&m_mod=0&menuId=PS03449&pageIndex=38,html/133_PS03449_p38.html,농촌진흥청 농업인안전365
354,6,홍보,전문지·기고,근골격계,중량물 안전취급 방법(농축산기계신문_박수인),2022-06-15,0,38,https://farmer.rda.go.kr/portal/menu1/board_viw.do?menuId=PS03449&m_id=3_19&m_mod=373&bbsId=6&nttSn=354&num=0&pageIndex=38,,https://farmer.rda.go.kr/portal/menu6/board_lst1.do?m_id=3_19&m_mod=0&menuId=PS03449&pageIndex=38,html/133_PS03449_p38.html,농촌진흥청 농업인안전365
56,6,홍보,홍보성과,온열·한랭,온열질환 사망자 많아...불볕더위 대비 농작업 행동 요령은?,2022-06-10,0,38,https://farmer.rda.go.kr/portal/menu1/board_viw.do?menuId=PS03449&m_id=3_19&m_mod=374&bbsId=6&nttSn=56&num=0&pageIndex=38,,https://farmer.rda.go.kr/portal/menu6/board_lst1.do?m_id=3_19&m_mod=0&menuId=PS03449&pageIndex=38,html/133_PS03449_p38.html,농촌진흥청 농업인안전365
173,6,홍보,뉴스모음집,뉴스모음집,"(농축유통신문) 불볕더위 농작업은 2인 이상, 짧게 자주 휴식",2022-06-10,0,38,https://farmer.rda.go.kr/portal/menu1/board_viw.do?menuId=PS03449&m_id=3_19&m_mod=375&bbsId=6&nttSn=173&num=0&pageIndex=38,,https://farmer.rda.go.kr/portal/menu6/board_lst1.do?m_id=3_19&m_mod=0&menuId=PS03449&pageIndex=38,html/133_PS03449_p38.html,농촌진흥청 농업인안전365
355,6,홍보,전문지·기고,전문지·기고,주요 농작업 사고 유형별 사례 및 예방 방안(농업기술 2022년 5월호 김경수),2022-05-26,0,38,https://farmer.rda.go.kr/portal/menu1/board_viw.do?menuId=PS03449&m_id=3_19&m_mod=376&bbsId=6&nttSn=355&num=0&pageIndex=38,,https://farmer.rda.go.kr/portal/menu6/board_lst1.do?m_id=3_19&m_mod=0&menuId=PS03449&pageIndex=38,html/133_PS03449_p38.html,농촌진흥청 농업인안전365
57,6,홍보,홍보성과,추락·넘어짐,(NBS투데이) 2021 농업인 업무상 손상 조사 발표…고령인·남성 넘어짐 다수,2022-05-26,0,38,https://farmer.rda.go.kr/portal/menu1/board_viw.do?menuId=PS03449&m_id=3_19&m_mod=377&bbsId=6&nttSn=57&num=0&pageIndex=38,,https://farmer.rda.go.kr/portal/menu6/board_lst1.do?m_id=3_19&m_mod=0&menuId=PS03449&pageIndex=38,html/133_PS03449_p38.html,농촌진흥청 농업인안전365
58,6,홍보,홍보성과,농기계,농기계 사고 3건 중 1건 경운기…고령 남성 농업인 낙상사고 많아,2022-05-24,0,38,https://farmer.rda.go.kr/portal/menu1/board_viw.do?menuId=PS03449&m_id=3_19&m_mod=378&bbsId=6&nttSn=58&num=0&pageIndex=38,,https://farmer.rda.go.kr/portal/menu6/board_lst1.do?m_id=3_19&m_mod=0&menuId=PS03449&pageIndex=38,html/133_PS03449_p38.html,농촌진흥청 농업인안전365
174,6,홍보,뉴스모음집,추락·넘어짐,(연합뉴스) 농업인 2.4% 일하다 부상 경험…'넘어짐' 사고가 26.4%,2022-05-24,0,38,https://farmer.rda.go.kr/portal/menu1/board_viw.do?menuId=PS03449&m_id=3_19&m_mod=379&bbsId=6&nttSn=174&num=0&pageIndex=38,,https://farmer.rda.go.kr/portal/menu6/board_lst1.do?m_id=3_19&m_mod=0&menuId=PS03449&pageIndex=38,html/133_PS03449_p38.html,농촌진흥청 농업인안전365
175,6,홍보,뉴스모음집,추락·넘어짐,(서울신문) 농업인 업무상 손상 ‘고령·남성 넘어짐’ 사고 많아,2022-05-24,0,38,https://farmer.rda.go.kr/portal/menu1/board_viw.do?menuId=PS03449&m_id=3_19&m_mod=380&bbsId=6&nttSn=175&num=0&pageIndex=38,,https://farmer.rda.go.kr/portal/menu6/board_lst1.do?m_id=3_19&m_mod=0&menuId=PS03449&pageIndex=38,html/133_PS03449_p38.html,농촌진흥청 농업인안전365
176,6,홍보,뉴스모음집,감염·생물학적 위험,"(서울경제) '치명률 18.5%' 무서운 감염병, 야외활동 후 이 증상 살펴야",2022-05-18,0,39,https://farmer.rda.go.kr/portal/menu1/board_viw.do?menuId=PS03449&m_id=3_19&m_mod=381&bbsId=6&nttSn=176&num=0&pageIndex=39,,https://farmer.rda.go.kr/portal/menu6/board_lst1.do?m_id=3_19&m_mod=0&menuId=PS03449&pageIndex=39,html/134_PS03449_p39.html,농촌진흥청 농업인안전365
177,6,홍보,뉴스모음집,뉴스모음집,(한국농어민신문) 여성농 특수건강검진제 첫발…본 사업 확대로 ‘소외’ 없어야,2022-05-18,0,39,https://farmer.rda.go.kr/portal/menu1/board_viw.do?menuId=PS03449&m_id=3_19&m_mod=382&bbsId=6&nttSn=177&num=0&pageIndex=39,,https://farmer.rda.go.kr/portal/menu6/board_lst1.do?m_id=3_19&m_mod=0&menuId=PS03449&pageIndex=39,html/134_PS03449_p39.html,농촌진흥청 농업인안전365
59,6,홍보,홍보성과,홍보성과,"농진청, 농업인 안전사고 예방 대국민 아이디어 공모",2022-05-11,0,39,https://farmer.rda.go.kr/portal/menu1/board_viw.do?menuId=PS03449&m_id=3_19&m_mod=383&bbsId=6&nttSn=59&num=0&pageIndex=39,,https://farmer.rda.go.kr/portal/menu6/board_lst1.do?m_id=3_19&m_mod=0&menuId=PS03449&pageIndex=39,html/134_PS03449_p39.html,농촌진흥청 농업인안전365
178,6,홍보,뉴스모음집,뉴스모음집,"(서울경제) 농진청,‘농업인 안전사고 제로’국민 아이디어 공모",2022-05-11,0,39,https://farmer.rda.go.kr/portal/menu1/board_viw.do?menuId=PS03449&m_id=3_19&m_mod=384&bbsId=6&nttSn=178&num=0&pageIndex=39,,https://farmer.rda.go.kr/portal/menu6/board_lst1.do?m_id=3_19&m_mod=0&menuId=PS03449&pageIndex=39,html/134_PS03449_p39.html,농촌진흥청 농업인안전365
179,6,홍보,뉴스모음집,뉴스모음집,"농진청, 농업인 안전사고 예방 대국민 아이디어 공모",2022-05-11,0,39,https://farmer.rda.go.kr/portal/menu1/board_viw.do?menuId=PS03449&m_id=3_19&m_mod=385&bbsId=6&nttSn=179&num=0&pageIndex=39,,https://farmer.rda.go.kr/portal/menu6/board_lst1.do?m_id=3_19&m_mod=0&menuId=PS03449&pageIndex=39,html/134_PS03449_p39.html,농촌진흥청 농업인안전365
515,6,홍보,활동소식,활동소식,(공모전) 농업인 안전사고 예방 국민 아이디어 공모전 개최,2022-05-11,0,39,https://farmer.rda.go.kr/portal/menu1/board_viw.do?menuId=PS03449&m_id=3_19&m_mod=386&bbsId=6&nttSn=515&num=0&pageIndex=39,,https://farmer.rda.go.kr/portal/menu6/board_lst1.do?m_id=3_19&m_mod=0&menuId=PS03449&pageIndex=39,html/134_PS03449_p39.html,농촌진흥청 농업인안전365
516,6,홍보,활동소식,활동소식,제77차 농업인 건강연구회 세미나 개최,2022-05-09,0,39,https://farmer.rda.go.kr/portal/menu1/board_viw.do?menuId=PS03449&m_id=3_19&m_mod=387&bbsId=6&nttSn=516&num=0&pageIndex=39,,https://farmer.rda.go.kr/portal/menu6/board_lst1.do?m_id=3_19&m_mod=0&menuId=PS03449&pageIndex=39,html/134_PS03449_p39.html,농촌진흥청 농업인안전365
60,6,홍보,홍보성과,농기계,농기계 안전사고 예방 캠페인 (2) 농업인 안전 수칙,2022-05-06,0,39,https://farmer.rda.go.kr/portal/menu1/board_viw.do?menuId=PS03449&m_id=3_19&m_mod=388&bbsId=6&nttSn=60&num=0&pageIndex=39,,https://farmer.rda.go.kr/portal/menu6/board_lst1.do?m_id=3_19&m_mod=0&menuId=PS03449&pageIndex=39,html/134_PS03449_p39.html,농촌진흥청 농업인안전365
180,6,홍보,뉴스모음집,뉴스모음집,(농민신문) 3명 중 1명이 70세 이상인 우리 농촌,2022-05-06,0,39,https://farmer.rda.go.kr/portal/menu1/board_viw.do?menuId=PS03449&m_id=3_19&m_mod=389&bbsId=6&nttSn=180&num=0&pageIndex=39,,https://farmer.rda.go.kr/portal/menu6/board_lst1.do?m_id=3_19&m_mod=0&menuId=PS03449&pageIndex=39,html/134_PS03449_p39.html,농촌진흥청 농업인안전365
517,6,홍보,활동소식,활동소식,2022 대한인간공학회 춘계학술대회 참석 및 학술발표,2022-05-02,0,39,https://farmer.rda.go.kr/portal/menu1/board_viw.do?menuId=PS03449&m_id=3_19&m_mod=390&bbsId=6&nttSn=517&num=0&pageIndex=39,,https://farmer.rda.go.kr/portal/menu6/board_lst1.do?m_id=3_19&m_mod=0&menuId=PS03449&pageIndex=39,html/134_PS03449_p39.html,농촌진흥청 농업인안전365
181,6,홍보,뉴스모음집,뉴스모음집,(농민신문) “살고 싶은 농산촌 조성…농가 경영안전망 구축”,2022-04-29,0,40,https://farmer.rda.go.kr/portal/menu1/board_viw.do?menuId=PS03449&m_id=3_19&m_mod=391&bbsId=6&nttSn=181&num=0&pageIndex=40,,https://farmer.rda.go.kr/portal/menu6/board_lst1.do?m_id=3_19&m_mod=0&menuId=PS03449&pageIndex=40,html/135_PS03449_p40.html,농촌진흥청 농업인안전365
182,6,홍보,뉴스모음집,뉴스모음집,"(연합뉴스) 농식품부, 11개 시·군서 여성농업인 특수건강검진 시행",2022-04-29,0,40,https://farmer.rda.go.kr/portal/menu1/board_viw.do?menuId=PS03449&m_id=3_19&m_mod=392&bbsId=6&nttSn=182&num=0&pageIndex=40,,https://farmer.rda.go.kr/portal/menu6/board_lst1.do?m_id=3_19&m_mod=0&menuId=PS03449&pageIndex=40,html/135_PS03449_p40.html,농촌진흥청 농업인안전365
61,6,홍보,홍보성과,농기계,농기계 안전사고 예방 캠페인 (1) 농기계 안전 수칙,2022-04-26,0,40,https://farmer.rda.go.kr/portal/menu1/board_viw.do?menuId=PS03449&m_id=3_19&m_mod=393&bbsId=6&nttSn=61&num=0&pageIndex=40,,https://farmer.rda.go.kr/portal/menu6/board_lst1.do?m_id=3_19&m_mod=0&menuId=PS03449&pageIndex=40,html/135_PS03449_p40.html,농촌진흥청 농업인안전365
183,6,홍보,뉴스모음집,농기계,(농민신문) 봄철 농기계 안전사고 급증…“사전점검·감속 운행 필수”,2022-04-20,0,40,https://farmer.rda.go.kr/portal/menu1/board_viw.do?menuId=PS03449&m_id=3_19&m_mod=394&bbsId=6&nttSn=183&num=0&pageIndex=40,,https://farmer.rda.go.kr/portal/menu6/board_lst1.do?m_id=3_19&m_mod=0&menuId=PS03449&pageIndex=40,html/135_PS03449_p40.html,농촌진흥청 농업인안전365
518,6,홍보,활동소식,온열·한랭,시설하우스 내 농업인 온열질환 예방을 위한 농작업 에어냉각조끼 시스템 설치 현장 컨설팅,2022-04-15,0,40,https://farmer.rda.go.kr/portal/menu1/board_viw.do?menuId=PS03449&m_id=3_19&m_mod=395&bbsId=6&nttSn=518&num=0&pageIndex=40,,https://farmer.rda.go.kr/portal/menu6/board_lst1.do?m_id=3_19&m_mod=0&menuId=PS03449&pageIndex=40,html/135_PS03449_p40.html,농촌진흥청 농업인안전365
184,6,홍보,뉴스모음집,농기계,"(농민신문) 본격적인 영농철, 농기계 사고 주의하세요",2022-04-15,0,40,https://farmer.rda.go.kr/portal/menu1/board_viw.do?menuId=PS03449&m_id=3_19&m_mod=396&bbsId=6&nttSn=184&num=0&pageIndex=40,,https://farmer.rda.go.kr/portal/menu6/board_lst1.do?m_id=3_19&m_mod=0&menuId=PS03449&pageIndex=40,html/135_PS03449_p40.html,농촌진흥청 농업인안전365
62,6,홍보,홍보성과,농기계,"농촌진흥청, 봄철 영농기 농기계 안전사고 주의!",2022-04-14,0,40,https://farmer.rda.go.kr/portal/menu1/board_viw.do?menuId=PS03449&m_id=3_19&m_mod=397&bbsId=6&nttSn=62&num=0&pageIndex=40,,https://farmer.rda.go.kr/portal/menu6/board_lst1.do?m_id=3_19&m_mod=0&menuId=PS03449&pageIndex=40,html/135_PS03449_p40.html,농촌진흥청 농업인안전365
185,6,홍보,뉴스모음집,농기계,"(연합뉴스) 4~5월 농기계 사고 290건…""간편한 복장·감속 운행 중요""",2022-04-14,0,40,https://farmer.rda.go.kr/portal/menu1/board_viw.do?menuId=PS03449&m_id=3_19&m_mod=398&bbsId=6&nttSn=185&num=0&pageIndex=40,,https://farmer.rda.go.kr/portal/menu6/board_lst1.do?m_id=3_19&m_mod=0&menuId=PS03449&pageIndex=40,html/135_PS03449_p40.html,농촌진흥청 농업인안전365
186,6,홍보,뉴스모음집,뉴스모음집,"(매일일보) 농어촌지역 실태조사 결과, 청년은 ‘일자리’, 노인은 ‘의료복지’ 필요해",2022-04-11,0,40,https://farmer.rda.go.kr/portal/menu1/board_viw.do?menuId=PS03449&m_id=3_19&m_mod=399&bbsId=6&nttSn=186&num=0&pageIndex=40,,https://farmer.rda.go.kr/portal/menu6/board_lst1.do?m_id=3_19&m_mod=0&menuId=PS03449&pageIndex=40,html/135_PS03449_p40.html,농촌진흥청 농업인안전365
187,6,홍보,뉴스모음집,농기계,"(NEWSIS) 전북소방, 영농철 맞아 농기계 안전사고 '주의보'…3년간 1376건",2022-04-06,0,40,https://farmer.rda.go.kr/portal/menu1/board_viw.do?menuId=PS03449&m_id=3_19&m_mod=400&bbsId=6&nttSn=187&num=0&pageIndex=40,,https://farmer.rda.go.kr/portal/menu6/board_lst1.do?m_id=3_19&m_mod=0&menuId=PS03449&pageIndex=40,html/135_PS03449_p40.html,농촌진흥청 농업인안전365
188,6,홍보,뉴스모음집,농기계,"(서울경제) NH농협손보, 농기계 사고예방 캠페인 전개",2022-04-06,0,41,https://farmer.rda.go.kr/portal/menu1/board_viw.do?menuId=PS03449&m_id=3_19&m_mod=401&bbsId=6&nttSn=188&num=0&pageIndex=41,,https://farmer.rda.go.kr/portal/menu6/board_lst1.do?m_id=3_19&m_mod=0&menuId=PS03449&pageIndex=41,html/136_PS03449_p41.html,농촌진흥청 농업인안전365
189,6,홍보,뉴스모음집,농기계,(연합뉴스) 최근 3년간 농기계 사고 2천418건…102명 숨져,2022-04-06,0,41,https://farmer.rda.go.kr/portal/menu1/board_viw.do?menuId=PS03449&m_id=3_19&m_mod=402&bbsId=6&nttSn=189&num=0&pageIndex=41,,https://farmer.rda.go.kr/portal/menu6/board_lst1.do?m_id=3_19&m_mod=0&menuId=PS03449&pageIndex=41,html/136_PS03449_p41.html,농촌진흥청 농업인안전365
356,6,홍보,전문지·기고,전문지·기고,농업안전보건 중앙DB센터 통계정보 소개 및 이용방법(농업기술 2022년 4월호 박수인),2022-04-05,0,41,https://farmer.rda.go.kr/portal/menu1/board_viw.do?menuId=PS03449&m_id=3_19&m_mod=403&bbsId=6&nttSn=356&num=0&pageIndex=41,,https://farmer.rda.go.kr/portal/menu6/board_lst1.do?m_id=3_19&m_mod=0&menuId=PS03449&pageIndex=41,html/136_PS03449_p41.html,농촌진흥청 농업인안전365
190,6,홍보,뉴스모음집,뉴스모음집,(농수축산신문) 윤석열 정부 농정공약 톺아보기,2022-03-16,0,41,https://farmer.rda.go.kr/portal/menu1/board_viw.do?menuId=PS03449&m_id=3_19&m_mod=404&bbsId=6&nttSn=190&num=0&pageIndex=41,,https://farmer.rda.go.kr/portal/menu6/board_lst1.do?m_id=3_19&m_mod=0&menuId=PS03449&pageIndex=41,html/136_PS03449_p41.html,농촌진흥청 농업인안전365
357,6,홍보,전문지·기고,전문지·기고,농업인 개인보호장비 편람(농업기술 2022년 3월호 김인수),2022-03-11,0,41,https://farmer.rda.go.kr/portal/menu1/board_viw.do?menuId=PS03449&m_id=3_19&m_mod=405&bbsId=6&nttSn=357&num=0&pageIndex=41,,https://farmer.rda.go.kr/portal/menu6/board_lst1.do?m_id=3_19&m_mod=0&menuId=PS03449&pageIndex=41,html/136_PS03449_p41.html,농촌진흥청 농업인안전365
63,6,홍보,홍보성과,농기계,농기계 교통사고 ‘스마트하게’ 예방합니다,2022-02-25,0,41,https://farmer.rda.go.kr/portal/menu1/board_viw.do?menuId=PS03449&m_id=3_19&m_mod=406&bbsId=6&nttSn=63&num=0&pageIndex=41,,https://farmer.rda.go.kr/portal/menu6/board_lst1.do?m_id=3_19&m_mod=0&menuId=PS03449&pageIndex=41,html/136_PS03449_p41.html,농촌진흥청 농업인안전365
191,6,홍보,뉴스모음집,농기계,(농민신문) 농기계 교통사고 ‘스마트하게’ 예방합니다,2022-02-25,0,41,https://farmer.rda.go.kr/portal/menu1/board_viw.do?menuId=PS03449&m_id=3_19&m_mod=407&bbsId=6&nttSn=191&num=0&pageIndex=41,,https://farmer.rda.go.kr/portal/menu6/board_lst1.do?m_id=3_19&m_mod=0&menuId=PS03449&pageIndex=41,html/136_PS03449_p41.html,농촌진흥청 농업인안전365
358,6,홍보,전문지·기고,전문지·기고,미세먼지 노출 여부에 따라 마스크 착용 습관화 필요(농업기술 2022년 2월호 김효철),2022-02-11,0,41,https://farmer.rda.go.kr/portal/menu1/board_viw.do?menuId=PS03449&m_id=3_19&m_mod=408&bbsId=6&nttSn=358&num=0&pageIndex=41,,https://farmer.rda.go.kr/portal/menu6/board_lst1.do?m_id=3_19&m_mod=0&menuId=PS03449&pageIndex=41,html/136_PS03449_p41.html,농촌진흥청 농업인안전365
192,6,홍보,뉴스모음집,감염·생물학적 위험,"(농민신문) '중대재해처벌법' 농업분야 예외 없어…""모호한 기준 탓 분쟁 가능성""",2022-02-03,0,41,https://farmer.rda.go.kr/portal/menu1/board_viw.do?menuId=PS03449&m_id=3_19&m_mod=409&bbsId=6&nttSn=192&num=0&pageIndex=41,,https://farmer.rda.go.kr/portal/menu6/board_lst1.do?m_id=3_19&m_mod=0&menuId=PS03449&pageIndex=41,html/136_PS03449_p41.html,농촌진흥청 농업인안전365
359,6,홍보,전문지·기고,전문지·기고,농업인의 직업적 안전과 건강 보호를 위한 제도(농업기술 2022년 1월호 채혜선),2022-01-25,0,41,https://farmer.rda.go.kr/portal/menu1/board_viw.do?menuId=PS03449&m_id=3_19&m_mod=410&bbsId=6&nttSn=359&num=0&pageIndex=41,,https://farmer.rda.go.kr/portal/menu6/board_lst1.do?m_id=3_19&m_mod=0&menuId=PS03449&pageIndex=41,html/136_PS03449_p41.html,농촌진흥청 농업인안전365
388,6,홍보,전문지·기고,전문지·기고,팔꿈치 높이에서 작업해야 근육피로 최소화(농촌여성신문_안전하고 건강한 영농가이드17),2021-07-30,0,50,https://farmer.rda.go.kr/portal/menu1/board_viw.do?menuId=PS03449&m_id=3_19&m_mod=491&bbsId=6&nttSn=388&num=0&pageIndex=50,,https://farmer.rda.go.kr/portal/menu6/board_lst1.do?m_id=3_19&m_mod=0&menuId=PS03449&pageIndex=50,html/137_PS03449_p50.html,농촌진흥청 농업인안전365
389,6,홍보,전문지·기고,전문지·기고,도구마다 보관함 만들어 안전·능률 향상(농촌여성신문_안전하고 건강한 영농가이드16),2021-07-30,0,50,https://farmer.rda.go.kr/portal/menu1/board_viw.do?menuId=PS03449&m_id=3_19&m_mod=492&bbsId=6&nttSn=389&num=0&pageIndex=50,,https://farmer.rda.go.kr/portal/menu6/board_lst1.do?m_id=3_19&m_mod=0&menuId=PS03449&pageIndex=50,html/137_PS03449_p50.html,농촌진흥청 농업인안전365
390,6,홍보,전문지·기고,전문지·기고,농작업 유형별 편이장비 활용(농축산기계신문_김인수),2021-07-30,0,50,https://farmer.rda.go.kr/portal/menu1/board_viw.do?menuId=PS03449&m_id=3_19&m_mod=493&bbsId=6&nttSn=390&num=0&pageIndex=50,,https://farmer.rda.go.kr/portal/menu6/board_lst1.do?m_id=3_19&m_mod=0&menuId=PS03449&pageIndex=50,html/137_PS03449_p50.html,농촌진흥청 농업인안전365
68,6,홍보,홍보성과,홍보성과,(NBS투데이) 농민들 무더위 식혀줄 ‘에어 냉각 조끼’ 개발,2021-07-29,0,50,https://farmer.rda.go.kr/portal/menu1/board_viw.do?menuId=PS03449&m_id=3_19&m_mod=494&bbsId=6&nttSn=68&num=0&pageIndex=50,,https://farmer.rda.go.kr/portal/menu6/board_lst1.do?m_id=3_19&m_mod=0&menuId=PS03449&pageIndex=50,html/137_PS03449_p50.html,농촌진흥청 농업인안전365
69,6,홍보,홍보성과,온열·한랭,(NEWSIS) 차가운 공기 품은 '냉각조끼' 개발...폭염 속 농업인 지킨다.,2021-07-26,0,50,https://farmer.rda.go.kr/portal/menu1/board_viw.do?menuId=PS03449&m_id=3_19&m_mod=495&bbsId=6&nttSn=69&num=0&pageIndex=50,,https://farmer.rda.go.kr/portal/menu6/board_lst1.do?m_id=3_19&m_mod=0&menuId=PS03449&pageIndex=50,html/137_PS03449_p50.html,농촌진흥청 농업인안전365
229,6,홍보,뉴스모음집,온열·한랭,"(전남도민일보) 고흥군, 폭염특보 땐 농작업 중단으로 온열질환 예방",2021-07-26,0,50,https://farmer.rda.go.kr/portal/menu1/board_viw.do?menuId=PS03449&m_id=3_19&m_mod=496&bbsId=6&nttSn=229&num=0&pageIndex=50,,https://farmer.rda.go.kr/portal/menu6/board_lst1.do?m_id=3_19&m_mod=0&menuId=PS03449&pageIndex=50,html/137_PS03449_p50.html,농촌진흥청 농업인안전365
531,6,홍보,활동소식,근골격계,NBS 한국농업방송 '상지근골격계 질환 물리치는 방법' 출연,2021-07-22,0,50,https://farmer.rda.go.kr/portal/menu1/board_viw.do?menuId=PS03449&m_id=3_19&m_mod=497&bbsId=6&nttSn=531&num=0&pageIndex=50,,https://farmer.rda.go.kr/portal/menu6/board_lst1.do?m_id=3_19&m_mod=0&menuId=PS03449&pageIndex=50,html/137_PS03449_p50.html,농촌진흥청 농업인안전365
532,6,홍보,활동소식,활동소식,"KBS 6시 내고향 '안농하세요. '우천 시, 안전사고 예방법' 출연",2021-07-21,0,50,https://farmer.rda.go.kr/portal/menu1/board_viw.do?menuId=PS03449&m_id=3_19&m_mod=498&bbsId=6&nttSn=532&num=0&pageIndex=50,,https://farmer.rda.go.kr/portal/menu6/board_lst1.do?m_id=3_19&m_mod=0&menuId=PS03449&pageIndex=50,html/137_PS03449_p50.html,농촌진흥청 농업인안전365
230,6,홍보,뉴스모음집,뉴스모음집,"(파이낸셜 뉴스) NH농협생명, '안전농업' SNS챌린지 2종 실시",2021-07-20,0,50,https://farmer.rda.go.kr/portal/menu1/board_viw.do?menuId=PS03449&m_id=3_19&m_mod=499&bbsId=6&nttSn=230&num=0&pageIndex=50,,https://farmer.rda.go.kr/portal/menu6/board_lst1.do?m_id=3_19&m_mod=0&menuId=PS03449&pageIndex=50,html/137_PS03449_p50.html,농촌진흥청 농업인안전365
231,6,홍보,뉴스모음집,뉴스모음집,(프레시안) 건강하고 안전한 농업농촌 실현을 위한 농업인 안전 보험,2021-07-20,0,50,https://farmer.rda.go.kr/portal/menu1/board_viw.do?menuId=PS03449&m_id=3_19&m_mod=500&bbsId=6&nttSn=231&num=0&pageIndex=50,,https://farmer.rda.go.kr/portal/menu6/board_lst1.do?m_id=3_19&m_mod=0&menuId=PS03449&pageIndex=50,html/137_PS03449_p50.html,농촌진흥청 농업인안전365
232,6,홍보,뉴스모음집,온열·한랭,(한국일보) 야외노동자 생명을 위협하는 폭염,2021-07-14,0,51,https://farmer.rda.go.kr/portal/menu1/board_viw.do?menuId=PS03449&m_id=3_19&m_mod=501&bbsId=6&nttSn=232&num=0&pageIndex=51,,https://farmer.rda.go.kr/portal/menu6/board_lst1.do?m_id=3_19&m_mod=0&menuId=PS03449&pageIndex=51,html/138_PS03449_p51.html,농촌진흥청 농업인안전365
233,6,홍보,뉴스모음집,뉴스모음집,(서울신문) 중대산업재해 예방·사각지대 해소 첫발 뗐다,2021-07-14,0,51,https://farmer.rda.go.kr/portal/menu1/board_viw.do?menuId=PS03449&m_id=3_19&m_mod=502&bbsId=6&nttSn=233&num=0&pageIndex=51,,https://farmer.rda.go.kr/portal/menu6/board_lst1.do?m_id=3_19&m_mod=0&menuId=PS03449&pageIndex=51,html/138_PS03449_p51.html,농촌진흥청 농업인안전365
234,6,홍보,뉴스모음집,감염·생물학적 위험,"(농민신문) '중대재해처벌법' 농민분야 예외 없어…""모호한 기준 탓 분쟁 가능성""",2021-07-14,0,51,https://farmer.rda.go.kr/portal/menu1/board_viw.do?menuId=PS03449&m_id=3_19&m_mod=503&bbsId=6&nttSn=234&num=0&pageIndex=51,,https://farmer.rda.go.kr/portal/menu6/board_lst1.do?m_id=3_19&m_mod=0&menuId=PS03449&pageIndex=51,html/138_PS03449_p51.html,농촌진흥청 농업인안전365
235,6,홍보,뉴스모음집,농기계,(내일신문) 농기계 사고 예방 안전지킴이 발족,2021-07-14,0,51,https://farmer.rda.go.kr/portal/menu1/board_viw.do?menuId=PS03449&m_id=3_19&m_mod=504&bbsId=6&nttSn=235&num=0&pageIndex=51,,https://farmer.rda.go.kr/portal/menu6/board_lst1.do?m_id=3_19&m_mod=0&menuId=PS03449&pageIndex=51,html/138_PS03449_p51.html,농촌진흥청 농업인안전365
236,6,홍보,뉴스모음집,감염·생물학적 위험,"(안전저널) 중대재해처벌법, 이렇게 대비하자",2021-07-13,0,51,https://farmer.rda.go.kr/portal/menu1/board_viw.do?menuId=PS03449&m_id=3_19&m_mod=505&bbsId=6&nttSn=236&num=0&pageIndex=51,,https://farmer.rda.go.kr/portal/menu6/board_lst1.do?m_id=3_19&m_mod=0&menuId=PS03449&pageIndex=51,html/138_PS03449_p51.html,농촌진흥청 농업인안전365
533,6,홍보,활동소식,활동소식,농업인안전보건팀 뉴스레터 2021년 2호,2021-07-08,0,51,https://farmer.rda.go.kr/portal/menu1/board_viw.do?menuId=PS03449&m_id=3_19&m_mod=506&bbsId=6&nttSn=533&num=0&pageIndex=51,,https://farmer.rda.go.kr/portal/menu6/board_lst1.do?m_id=3_19&m_mod=0&menuId=PS03449&pageIndex=51,html/138_PS03449_p51.html,농촌진흥청 농업인안전365
391,6,홍보,전문지·기고,전문지·기고,자주 사용하는 물건은 손이 쉽게 닿는 곳에~(농촌여성신문_안전하고 건강한 영농가이드15),2021-07-06,0,51,https://farmer.rda.go.kr/portal/menu1/board_viw.do?menuId=PS03449&m_id=3_19&m_mod=507&bbsId=6&nttSn=391&num=0&pageIndex=51,,https://farmer.rda.go.kr/portal/menu6/board_lst1.do?m_id=3_19&m_mod=0&menuId=PS03449&pageIndex=51,html/138_PS03449_p51.html,농촌진흥청 농업인안전365
392,6,홍보,전문지·기고,전문지·기고,폐기물 수거용 용기를 마련하라(농촌여성신문_안전하고 건강한 영농가이드14),2021-07-06,0,51,https://farmer.rda.go.kr/portal/menu1/board_viw.do?menuId=PS03449&m_id=3_19&m_mod=508&bbsId=6&nttSn=392&num=0&pageIndex=51,,https://farmer.rda.go.kr/portal/menu6/board_lst1.do?m_id=3_19&m_mod=0&menuId=PS03449&pageIndex=51,html/138_PS03449_p51.html,농촌진흥청 농업인안전365
393,6,홍보,전문지·기고,전문지·기고,농산물 운반할 때 높이 차이 최소화하라(농촌여성신문_안전하고 건강한 영농가이드13),2021-07-06,0,51,https://farmer.rda.go.kr/portal/menu1/board_viw.do?menuId=PS03449&m_id=3_19&m_mod=509&bbsId=6&nttSn=393&num=0&pageIndex=51,,https://farmer.rda.go.kr/portal/menu6/board_lst1.do?m_id=3_19&m_mod=0&menuId=PS03449&pageIndex=51,html/138_PS03449_p51.html,농촌진흥청 농업인안전365
394,6,홍보,전문지·기고,전문지·기고,물건을 옮길 때는 몸에 가까이 붙여서...(농촌여성신문_안전하고 건강한 영농가이드12),2021-07-06,0,51,https://farmer.rda.go.kr/portal/menu1/board_viw.do?menuId=PS03449&m_id=3_19&m_mod=510&bbsId=6&nttSn=394&num=0&pageIndex=51,,https://farmer.rda.go.kr/portal/menu6/board_lst1.do?m_id=3_19&m_mod=0&menuId=PS03449&pageIndex=51,html/138_PS03449_p51.html,농촌진흥청 농업인안전365
395,6,홍보,전문지·기고,전문지·기고,무거운 물건은 기계로 들어 옮겨라(농촌여성신문_안전하고 건강한 영농가이드11),2021-07-06,0,52,https://farmer.rda.go.kr/portal/menu1/board_viw.do?menuId=PS03449&m_id=3_19&m_mod=511&bbsId=6&nttSn=395&num=0&pageIndex=52,,https://farmer.rda.go.kr/portal/menu6/board_lst1.do?m_id=3_19&m_mod=0&menuId=PS03449&pageIndex=52,html/139_PS03449_p52.html,농촌진흥청 농업인안전365
396,6,홍보,전문지·기고,전문지·기고,"자재, 작물 운반은 적합한 크기의 용기로(농촌여성신문_안전하고 건강한 영농가이드10)",2021-07-06,0,52,https://farmer.rda.go.kr/portal/menu1/board_viw.do?menuId=PS03449&m_id=3_19&m_mod=512&bbsId=6&nttSn=396&num=0&pageIndex=52,,https://farmer.rda.go.kr/portal/menu6/board_lst1.do?m_id=3_19&m_mod=0&menuId=PS03449&pageIndex=52,html/139_PS03449_p52.html,농촌진흥청 농업인안전365
397,6,홍보,전문지·기고,전문지·기고,농작업 편이장비(농축산기계신문_서민태),2021-07-05,0,52,https://farmer.rda.go.kr/portal/menu1/board_viw.do?menuId=PS03449&m_id=3_19&m_mod=513&bbsId=6&nttSn=397&num=0&pageIndex=52,,https://farmer.rda.go.kr/portal/menu6/board_lst1.do?m_id=3_19&m_mod=0&menuId=PS03449&pageIndex=52,html/139_PS03449_p52.html,농촌진흥청 농업인안전365
398,6,홍보,전문지·기고,농약·화학물질,신체보호 위한 피복형 보호구(농축산기계신문_김인수),2021-07-05,0,52,https://farmer.rda.go.kr/portal/menu1/board_viw.do?menuId=PS03449&m_id=3_19&m_mod=514&bbsId=6&nttSn=398&num=0&pageIndex=52,,https://farmer.rda.go.kr/portal/menu6/board_lst1.do?m_id=3_19&m_mod=0&menuId=PS03449&pageIndex=52,html/139_PS03449_p52.html,농촌진흥청 농업인안전365
70,6,홍보,홍보성과,홍보성과,"(NBS투데이) 농진청 개발 농작업화, 경기도내 2만9,000농가 보급",2021-07-05,0,52,https://farmer.rda.go.kr/portal/menu1/board_viw.do?menuId=PS03449&m_id=3_19&m_mod=515&bbsId=6&nttSn=70&num=0&pageIndex=52,,https://farmer.rda.go.kr/portal/menu6/board_lst1.do?m_id=3_19&m_mod=0&menuId=PS03449&pageIndex=52,html/139_PS03449_p52.html,농촌진흥청 농업인안전365
237,6,홍보,뉴스모음집,뉴스모음집,(보건뉴스) 농업인 삶의 질 제고에 많은 관심을 당부,2021-07-02,0,52,https://farmer.rda.go.kr/portal/menu1/board_viw.do?menuId=PS03449&m_id=3_19&m_mod=516&bbsId=6&nttSn=237&num=0&pageIndex=52,,https://farmer.rda.go.kr/portal/menu6/board_lst1.do?m_id=3_19&m_mod=0&menuId=PS03449&pageIndex=52,html/139_PS03449_p52.html,농촌진흥청 농업인안전365
238,6,홍보,뉴스모음집,뉴스모음집,(헤럴드경제) 닻올린 산재예방 ‘컨트롤타워’...‘산업안전보건본부’ 7월 출범,2021-07-02,0,52,https://farmer.rda.go.kr/portal/menu1/board_viw.do?menuId=PS03449&m_id=3_19&m_mod=517&bbsId=6&nttSn=238&num=0&pageIndex=52,,https://farmer.rda.go.kr/portal/menu6/board_lst1.do?m_id=3_19&m_mod=0&menuId=PS03449&pageIndex=52,html/139_PS03449_p52.html,농촌진흥청 농업인안전365
239,6,홍보,뉴스모음집,뉴스모음집,(내일신문) 산재예방 행정시스템 확대 … 7월 '산업안전보건본부' 출범,2021-07-02,0,52,https://farmer.rda.go.kr/portal/menu1/board_viw.do?menuId=PS03449&m_id=3_19&m_mod=518&bbsId=6&nttSn=239&num=0&pageIndex=52,,https://farmer.rda.go.kr/portal/menu6/board_lst1.do?m_id=3_19&m_mod=0&menuId=PS03449&pageIndex=52,html/139_PS03449_p52.html,농촌진흥청 농업인안전365
240,6,홍보,뉴스모음집,뉴스모음집,(농민신문) 산재보험·농업인안전보험 중복 가입 가능·법정 최고금리 ↓,2021-07-02,0,52,https://farmer.rda.go.kr/portal/menu1/board_viw.do?menuId=PS03449&m_id=3_19&m_mod=519&bbsId=6&nttSn=240&num=0&pageIndex=52,,https://farmer.rda.go.kr/portal/menu6/board_lst1.do?m_id=3_19&m_mod=0&menuId=PS03449&pageIndex=52,html/139_PS03449_p52.html,농촌진흥청 농업인안전365
399,6,홍보,전문지·기고,농약·화학물질,농작업안전 위한 안면·호흡용 보호구(농축산기계신문_김인수),2021-07-02,0,52,https://farmer.rda.go.kr/portal/menu1/board_viw.do?menuId=PS03449&m_id=3_19&m_mod=520&bbsId=6&nttSn=399&num=0&pageIndex=52,,https://farmer.rda.go.kr/portal/menu6/board_lst1.do?m_id=3_19&m_mod=0&menuId=PS03449&pageIndex=52,html/139_PS03449_p52.html,농촌진흥청 농업인안전365
241,6,홍보,뉴스모음집,뉴스모음집,"(전남인터넷신문) 고흥군, 농업활동 안전사고 및 재해예방 지원",2021-07-02,0,53,https://farmer.rda.go.kr/portal/menu1/board_viw.do?menuId=PS03449&m_id=3_19&m_mod=521&bbsId=6&nttSn=241&num=0&pageIndex=53,,https://farmer.rda.go.kr/portal/menu6/board_lst1.do?m_id=3_19&m_mod=0&menuId=PS03449&pageIndex=53,html/140_PS03449_p53.html,농촌진흥청 농업인안전365
242,6,홍보,뉴스모음집,뉴스모음집,"(GBS방송) 고흥군, 도덕면 한적마을「농작업 안전모델 마을」육성",2021-07-02,0,53,https://farmer.rda.go.kr/portal/menu1/board_viw.do?menuId=PS03449&m_id=3_19&m_mod=522&bbsId=6&nttSn=242&num=0&pageIndex=53,,https://farmer.rda.go.kr/portal/menu6/board_lst1.do?m_id=3_19&m_mod=0&menuId=PS03449&pageIndex=53,html/140_PS03449_p53.html,농촌진흥청 농업인안전365
71,6,홍보,홍보성과,홍보성과,"(농축유통신문) 농촌진흥청 개발 농작업화, 경기도농업기술원과 보급 첫 성과",2021-06-25,0,53,https://farmer.rda.go.kr/portal/menu1/board_viw.do?menuId=PS03449&m_id=3_19&m_mod=523&bbsId=6&nttSn=71&num=0&pageIndex=53,,https://farmer.rda.go.kr/portal/menu6/board_lst1.do?m_id=3_19&m_mod=0&menuId=PS03449&pageIndex=53,html/140_PS03449_p53.html,농촌진흥청 농업인안전365
72,6,홍보,홍보성과,홍보성과,"(농수축산신문) 농촌진흥청 개발 농작업화, 경기도농업기술원과 보급 첫 성과",2021-06-25,0,53,https://farmer.rda.go.kr/portal/menu1/board_viw.do?menuId=PS03449&m_id=3_19&m_mod=524&bbsId=6&nttSn=72&num=0&pageIndex=53,,https://farmer.rda.go.kr/portal/menu6/board_lst1.do?m_id=3_19&m_mod=0&menuId=PS03449&pageIndex=53,html/140_PS03449_p53.html,농촌진흥청 농업인안전365
534,6,홍보,활동소식,온열·한랭,KBS 6시 내고향 '안농하세요. 폭염 대비! 농작업 안전관리' 출연,2021-06-23,0,53,https://farmer.rda.go.kr/portal/menu1/board_viw.do?menuId=PS03449&m_id=3_19&m_mod=525&bbsId=6&nttSn=534&num=0&pageIndex=53,,https://farmer.rda.go.kr/portal/menu6/board_lst1.do?m_id=3_19&m_mod=0&menuId=PS03449&pageIndex=53,html/140_PS03449_p53.html,농촌진흥청 농업인안전365
535,6,홍보,활동소식,활동소식,NBS 한국농업방송 '여름철 농작업 요령과 건강관리 방법' 출연,2021-06-22,0,53,https://farmer.rda.go.kr/portal/menu1/board_viw.do?menuId=PS03449&m_id=3_19&m_mod=526&bbsId=6&nttSn=535&num=0&pageIndex=53,,https://farmer.rda.go.kr/portal/menu6/board_lst1.do?m_id=3_19&m_mod=0&menuId=PS03449&pageIndex=53,html/140_PS03449_p53.html,농촌진흥청 농업인안전365
243,6,홍보,뉴스모음집,뉴스모음집,"(농민신문) ""농민, 업무상 사망률 높아...스스로 안전 챙겨야""",2021-06-18,0,53,https://farmer.rda.go.kr/portal/menu1/board_viw.do?menuId=PS03449&m_id=3_19&m_mod=527&bbsId=6&nttSn=243&num=0&pageIndex=53,,https://farmer.rda.go.kr/portal/menu6/board_lst1.do?m_id=3_19&m_mod=0&menuId=PS03449&pageIndex=53,html/140_PS03449_p53.html,농촌진흥청 농업인안전365
244,6,홍보,뉴스모음집,뉴스모음집,(농민신문) 작목별 맞춤형 장비 지원…사고 없는 농작업 실천 주도,2021-06-18,0,53,https://farmer.rda.go.kr/portal/menu1/board_viw.do?menuId=PS03449&m_id=3_19&m_mod=528&bbsId=6&nttSn=244&num=0&pageIndex=53,,https://farmer.rda.go.kr/portal/menu6/board_lst1.do?m_id=3_19&m_mod=0&menuId=PS03449&pageIndex=53,html/140_PS03449_p53.html,농촌진흥청 농업인안전365
73,6,홍보,홍보성과,홍보성과,"(위키트리) 농촌진흥청, 2020년 농업인 업무상 질병 조사 결과 발표",2021-06-18,0,53,https://farmer.rda.go.kr/portal/menu1/board_viw.do?menuId=PS03449&m_id=3_19&m_mod=529&bbsId=6&nttSn=73&num=0&pageIndex=53,,https://farmer.rda.go.kr/portal/menu6/board_lst1.do?m_id=3_19&m_mod=0&menuId=PS03449&pageIndex=53,html/140_PS03449_p53.html,농촌진흥청 농업인안전365
74,6,홍보,홍보성과,근골격계,"(NEWSIS) 아파서 일 못한 농업인 대부분 근골격계 질환...""허리·무릎 통증""",2021-06-18,0,53,https://farmer.rda.go.kr/portal/menu1/board_viw.do?menuId=PS03449&m_id=3_19&m_mod=530&bbsId=6&nttSn=74&num=0&pageIndex=53,,https://farmer.rda.go.kr/portal/menu6/board_lst1.do?m_id=3_19&m_mod=0&menuId=PS03449&pageIndex=53,html/140_PS03449_p53.html,농촌진흥청 농업인안전365
75,6,홍보,홍보성과,근골격계,(아주경제) 농업인 근골격계 질환 많다...여성이 남성보다 유병률 높아,2021-06-18,0,54,https://farmer.rda.go.kr/portal/menu1/board_viw.do?menuId=PS03449&m_id=3_19&m_mod=531&bbsId=6&nttSn=75&num=0&pageIndex=54,,https://farmer.rda.go.kr/portal/menu6/board_lst1.do?m_id=3_19&m_mod=0&menuId=PS03449&pageIndex=54,html/141_PS03449_p54.html,농촌진흥청 농업인안전365
245,6,홍보,뉴스모음집,감염·생물학적 위험,"(전남인터넷신문)고흥군, 야외활동 농작업 시! 진드기 조심하세요!",2021-06-16,0,54,https://farmer.rda.go.kr/portal/menu1/board_viw.do?menuId=PS03449&m_id=3_19&m_mod=532&bbsId=6&nttSn=245&num=0&pageIndex=54,,https://farmer.rda.go.kr/portal/menu6/board_lst1.do?m_id=3_19&m_mod=0&menuId=PS03449&pageIndex=54,html/141_PS03449_p54.html,농촌진흥청 농업인안전365
246,6,홍보,뉴스모음집,뉴스모음집,"(한국농어민신문) 서삼석 의원 ""농어업인 안전보험, 사회보험으로 확대를""",2021-06-14,0,54,https://farmer.rda.go.kr/portal/menu1/board_viw.do?menuId=PS03449&m_id=3_19&m_mod=533&bbsId=6&nttSn=246&num=0&pageIndex=54,,https://farmer.rda.go.kr/portal/menu6/board_lst1.do?m_id=3_19&m_mod=0&menuId=PS03449&pageIndex=54,html/141_PS03449_p54.html,농촌진흥청 농업인안전365
247,6,홍보,뉴스모음집,뉴스모음집,"(농민신문) ""여성농 특수건강검진을""…'농부병' 방치 땐 4조1072억원 들어",2021-06-14,0,54,https://farmer.rda.go.kr/portal/menu1/board_viw.do?menuId=PS03449&m_id=3_19&m_mod=534&bbsId=6&nttSn=247&num=0&pageIndex=54,,https://farmer.rda.go.kr/portal/menu6/board_lst1.do?m_id=3_19&m_mod=0&menuId=PS03449&pageIndex=54,html/141_PS03449_p54.html,농촌진흥청 농업인안전365
248,6,홍보,뉴스모음집,뉴스모음집,"(이투데이) 개인정보위, 개인정보 침해 요인 있는지 현행법 실태 조사 나선다",2021-06-04,0,54,https://farmer.rda.go.kr/portal/menu1/board_viw.do?menuId=PS03449&m_id=3_19&m_mod=535&bbsId=6&nttSn=248&num=0&pageIndex=54,,https://farmer.rda.go.kr/portal/menu6/board_lst1.do?m_id=3_19&m_mod=0&menuId=PS03449&pageIndex=54,html/141_PS03449_p54.html,농촌진흥청 농업인안전365
249,6,홍보,뉴스모음집,뉴스모음집,(한국농어민신문) 농업경영체 개념·기준 재정립해야,2021-06-04,0,54,https://farmer.rda.go.kr/portal/menu1/board_viw.do?menuId=PS03449&m_id=3_19&m_mod=536&bbsId=6&nttSn=249&num=0&pageIndex=54,,https://farmer.rda.go.kr/portal/menu6/board_lst1.do?m_id=3_19&m_mod=0&menuId=PS03449&pageIndex=54,html/141_PS03449_p54.html,농촌진흥청 농업인안전365
250,6,홍보,뉴스모음집,뉴스모음집,(농민신문) 농촌 '생활 사회간접시설' 확충 서둘러야,2021-06-04,0,54,https://farmer.rda.go.kr/portal/menu1/board_viw.do?menuId=PS03449&m_id=3_19&m_mod=537&bbsId=6&nttSn=250&num=0&pageIndex=54,,https://farmer.rda.go.kr/portal/menu6/board_lst1.do?m_id=3_19&m_mod=0&menuId=PS03449&pageIndex=54,html/141_PS03449_p54.html,농촌진흥청 농업인안전365
251,6,홍보,뉴스모음집,뉴스모음집,(농민신문) 86개 읍 · 면 건강시설 '전무'…72곳은 인근 지역에도 없어,2021-06-04,0,54,https://farmer.rda.go.kr/portal/menu1/board_viw.do?menuId=PS03449&m_id=3_19&m_mod=538&bbsId=6&nttSn=251&num=0&pageIndex=54,,https://farmer.rda.go.kr/portal/menu6/board_lst1.do?m_id=3_19&m_mod=0&menuId=PS03449&pageIndex=54,html/141_PS03449_p54.html,농촌진흥청 농업인안전365
536,6,홍보,활동소식,근골격계,NBS 한국농업방송 '하지 근골격계 질환의 원인과 예방법' 출연,2021-05-26,0,54,https://farmer.rda.go.kr/portal/menu1/board_viw.do?menuId=PS03449&m_id=3_19&m_mod=539&bbsId=6&nttSn=536&num=0&pageIndex=54,,https://farmer.rda.go.kr/portal/menu6/board_lst1.do?m_id=3_19&m_mod=0&menuId=PS03449&pageIndex=54,html/141_PS03449_p54.html,농촌진흥청 농업인안전365
537,6,홍보,활동소식,활동소식,KBS 6시 내고향 '안농하세요. 농업인들을 위한 농번기 안전사고 예방법②' 출연,2021-05-26,0,54,https://farmer.rda.go.kr/portal/menu1/board_viw.do?menuId=PS03449&m_id=3_19&m_mod=540&bbsId=6&nttSn=537&num=0&pageIndex=54,,https://farmer.rda.go.kr/portal/menu6/board_lst1.do?m_id=3_19&m_mod=0&menuId=PS03449&pageIndex=54,html/141_PS03449_p54.html,농촌진흥청 농업인안전365
252,6,홍보,뉴스모음집,추락·넘어짐,(연합뉴스)전북서 3년간 축사 보수작업 중 14명 숨져…모두 추락사,2021-05-20,0,55,https://farmer.rda.go.kr/portal/menu1/board_viw.do?menuId=PS03449&m_id=3_19&m_mod=541&bbsId=6&nttSn=252&num=0&pageIndex=55,,https://farmer.rda.go.kr/portal/menu6/board_lst1.do?m_id=3_19&m_mod=0&menuId=PS03449&pageIndex=55,html/142_PS03449_p55.html,농촌진흥청 농업인안전365
400,6,홍보,전문지·기고,전문지·기고,손잡이 달린 용기로 피로예방과 안전을(농촌여성신문_안전하고 건강한 영농가이드9),2021-05-18,0,55,https://farmer.rda.go.kr/portal/menu1/board_viw.do?menuId=PS03449&m_id=3_19&m_mod=542&bbsId=6&nttSn=400&num=0&pageIndex=55,,https://farmer.rda.go.kr/portal/menu6/board_lst1.do?m_id=3_19&m_mod=0&menuId=PS03449&pageIndex=55,html/142_PS03449_p55.html,농촌진흥청 농업인안전365
401,6,홍보,전문지·기고,전문지·기고,자재&작물 운반은 적합한 크기의 용기로(농촌여성신문_안전하고 건강한 영농가이드8),2021-05-18,0,55,https://farmer.rda.go.kr/portal/menu1/board_viw.do?menuId=PS03449&m_id=3_19&m_mod=543&bbsId=6&nttSn=401&num=0&pageIndex=55,,https://farmer.rda.go.kr/portal/menu6/board_lst1.do?m_id=3_19&m_mod=0&menuId=PS03449&pageIndex=55,html/142_PS03449_p55.html,농촌진흥청 농업인안전365
402,6,홍보,전문지·기고,전문지·기고,무거운 짐은 작고 가볍게 나눠라(농촌여성신문_안전하고 건강한 영농가이드7),2021-05-18,0,55,https://farmer.rda.go.kr/portal/menu1/board_viw.do?menuId=PS03449&m_id=3_19&m_mod=544&bbsId=6&nttSn=402&num=0&pageIndex=55,,https://farmer.rda.go.kr/portal/menu6/board_lst1.do?m_id=3_19&m_mod=0&menuId=PS03449&pageIndex=55,html/142_PS03449_p55.html,농촌진흥청 농업인안전365
403,6,홍보,전문지·기고,전문지·기고,다단선반 설치해 공간활용 극대화하라(농촌여성신문_안전하고 건강한 영농가이드6),2021-05-18,0,55,https://farmer.rda.go.kr/portal/menu1/board_viw.do?menuId=PS03449&m_id=3_19&m_mod=545&bbsId=6&nttSn=403&num=0&pageIndex=55,,https://farmer.rda.go.kr/portal/menu6/board_lst1.do?m_id=3_19&m_mod=0&menuId=PS03449&pageIndex=55,html/142_PS03449_p55.html,농촌진흥청 농업인안전365
404,6,홍보,전문지·기고,전문지·기고,바퀴 큰 수레가 작업 쉽고 안전하다(농촌여성신문_안전하고 건강한 영농가이드5),2021-05-18,0,55,https://farmer.rda.go.kr/portal/menu1/board_viw.do?menuId=PS03449&m_id=3_19&m_mod=546&bbsId=6&nttSn=404&num=0&pageIndex=55,,https://farmer.rda.go.kr/portal/menu6/board_lst1.do?m_id=3_19&m_mod=0&menuId=PS03449&pageIndex=55,html/142_PS03449_p55.html,농촌진흥청 농업인안전365
405,6,홍보,전문지·기고,전문지·기고,"다양한 운반기구로 작업량, 피로 줄이자(농촌여성신문_안전하고 건강한 영농가이드4)",2021-05-18,0,55,https://farmer.rda.go.kr/portal/menu1/board_viw.do?menuId=PS03449&m_id=3_19&m_mod=547&bbsId=6&nttSn=405&num=0&pageIndex=55,,https://farmer.rda.go.kr/portal/menu6/board_lst1.do?m_id=3_19&m_mod=0&menuId=PS03449&pageIndex=55,html/142_PS03449_p55.html,농촌진흥청 농업인안전365
406,6,홍보,전문지·기고,전문지·기고,안정적인 교량은 농산물 운반 안전에 필수(농촌여성신문_안전하고 건강한 영농가이드3),2021-05-18,0,55,https://farmer.rda.go.kr/portal/menu1/board_viw.do?menuId=PS03449&m_id=3_19&m_mod=548&bbsId=6&nttSn=406&num=0&pageIndex=55,,https://farmer.rda.go.kr/portal/menu6/board_lst1.do?m_id=3_19&m_mod=0&menuId=PS03449&pageIndex=55,html/142_PS03449_p55.html,농촌진흥청 농업인안전365
407,6,홍보,전문지·기고,전문지·기고,운반로 높이 단차와 구멍을 없애자(농촌여성신문_안전하고 건강한 영농가이드2),2021-05-18,0,55,https://farmer.rda.go.kr/portal/menu1/board_viw.do?menuId=PS03449&m_id=3_19&m_mod=549&bbsId=6&nttSn=407&num=0&pageIndex=55,,https://farmer.rda.go.kr/portal/menu6/board_lst1.do?m_id=3_19&m_mod=0&menuId=PS03449&pageIndex=55,html/142_PS03449_p55.html,농촌진흥청 농업인안전365
408,6,홍보,전문지·기고,전문지·기고,운반로 정리해 작업 쉽고 안전하게(농촌여성신문_안전하고 건강한 영농가이드1),2021-05-18,0,55,https://farmer.rda.go.kr/portal/menu1/board_viw.do?menuId=PS03449&m_id=3_19&m_mod=550&bbsId=6&nttSn=408&num=0&pageIndex=55,,https://farmer.rda.go.kr/portal/menu6/board_lst1.do?m_id=3_19&m_mod=0&menuId=PS03449&pageIndex=55,html/142_PS03449_p55.html,농촌진흥청 농업인안전365
409,6,홍보,전문지·기고,농약·화학물질,농작업 안전 위한 보호구 활용(농축산기계신문_김인수),2021-05-18,0,56,https://farmer.rda.go.kr/portal/menu1/board_viw.do?menuId=PS03449&m_id=3_19&m_mod=551&bbsId=6&nttSn=409&num=0&pageIndex=56,,https://farmer.rda.go.kr/portal/menu6/board_lst1.do?m_id=3_19&m_mod=0&menuId=PS03449&pageIndex=56,html/143_PS03449_p56.html,농촌진흥청 농업인안전365
538,6,홍보,활동소식,활동소식,(현장기술지원)미세먼지 노출 및 건강영향 평가결과 설명회,2021-05-17,0,56,https://farmer.rda.go.kr/portal/menu1/board_viw.do?menuId=PS03449&m_id=3_19&m_mod=552&bbsId=6&nttSn=538&num=0&pageIndex=56,,https://farmer.rda.go.kr/portal/menu6/board_lst1.do?m_id=3_19&m_mod=0&menuId=PS03449&pageIndex=56,html/143_PS03449_p56.html,농촌진흥청 농업인안전365
539,6,홍보,활동소식,농기계,NBS 한국농업방송 '농기계 안전사고 예방법' 출연,2021-05-12,0,56,https://farmer.rda.go.kr/portal/menu1/board_viw.do?menuId=PS03449&m_id=3_19&m_mod=553&bbsId=6&nttSn=539&num=0&pageIndex=56,,https://farmer.rda.go.kr/portal/menu6/board_lst1.do?m_id=3_19&m_mod=0&menuId=PS03449&pageIndex=56,html/143_PS03449_p56.html,농촌진흥청 농업인안전365
540,6,홍보,활동소식,활동소식,KBS 6시 내고향 '안농하세요. 농업인들을 위한 농번기 안전사고 예방법' 출연,2021-04-29,0,56,https://farmer.rda.go.kr/portal/menu1/board_viw.do?menuId=PS03449&m_id=3_19&m_mod=554&bbsId=6&nttSn=540&num=0&pageIndex=56,,https://farmer.rda.go.kr/portal/menu6/board_lst1.do?m_id=3_19&m_mod=0&menuId=PS03449&pageIndex=56,html/143_PS03449_p56.html,농촌진흥청 농업인안전365
253,6,홍보,뉴스모음집,뉴스모음집,(농수축산신문) 이제 농업도 웨어러블 로봇시대,2021-04-28,0,56,https://farmer.rda.go.kr/portal/menu1/board_viw.do?menuId=PS03449&m_id=3_19&m_mod=555&bbsId=6&nttSn=253&num=0&pageIndex=56,,https://farmer.rda.go.kr/portal/menu6/board_lst1.do?m_id=3_19&m_mod=0&menuId=PS03449&pageIndex=56,html/143_PS03449_p56.html,농촌진흥청 농업인안전365
541,6,홍보,활동소식,활동소식,농업인안전보건팀 뉴스레터 2021년 1호,2021-04-27,0,56,https://farmer.rda.go.kr/portal/menu1/board_viw.do?menuId=PS03449&m_id=3_19&m_mod=556&bbsId=6&nttSn=541&num=0&pageIndex=56,,https://farmer.rda.go.kr/portal/menu6/board_lst1.do?m_id=3_19&m_mod=0&menuId=PS03449&pageIndex=56,html/143_PS03449_p56.html,농촌진흥청 농업인안전365
254,6,홍보,뉴스모음집,뉴스모음집,"(뉴시스) 김현수 장관, 여성농업인 특화 건강검진 도입 추진",2021-04-14,0,56,https://farmer.rda.go.kr/portal/menu1/board_viw.do?menuId=PS03449&m_id=3_19&m_mod=557&bbsId=6&nttSn=254&num=0&pageIndex=56,,https://farmer.rda.go.kr/portal/menu6/board_lst1.do?m_id=3_19&m_mod=0&menuId=PS03449&pageIndex=56,html/143_PS03449_p56.html,농촌진흥청 농업인안전365
255,6,홍보,뉴스모음집,뉴스모음집,(농민신문) 농사짓다 손목 ‘시큰’ 농부증 ‘농업인안전보험’으로 대비를,2021-04-14,0,56,https://farmer.rda.go.kr/portal/menu1/board_viw.do?menuId=PS03449&m_id=3_19&m_mod=558&bbsId=6&nttSn=255&num=0&pageIndex=56,,https://farmer.rda.go.kr/portal/menu6/board_lst1.do?m_id=3_19&m_mod=0&menuId=PS03449&pageIndex=56,html/143_PS03449_p56.html,농촌진흥청 농업인안전365
256,6,홍보,뉴스모음집,근골격계,(농민신문) 반복적 농작업 ‘근골격계 질환’ 유발…조기 발견·치료 중요,2021-04-14,0,56,https://farmer.rda.go.kr/portal/menu1/board_viw.do?menuId=PS03449&m_id=3_19&m_mod=559&bbsId=6&nttSn=256&num=0&pageIndex=56,,https://farmer.rda.go.kr/portal/menu6/board_lst1.do?m_id=3_19&m_mod=0&menuId=PS03449&pageIndex=56,html/143_PS03449_p56.html,농촌진흥청 농업인안전365
257,6,홍보,뉴스모음집,안전교육,"(농민신문) 농어민 안전교육 법제화 추진 양정숙 의원, 개정안 대표발의",2021-04-13,0,56,https://farmer.rda.go.kr/portal/menu1/board_viw.do?menuId=PS03449&m_id=3_19&m_mod=560&bbsId=6&nttSn=257&num=0&pageIndex=56,,https://farmer.rda.go.kr/portal/menu6/board_lst1.do?m_id=3_19&m_mod=0&menuId=PS03449&pageIndex=56,html/143_PS03449_p56.html,농촌진흥청 농업인안전365
542,6,홍보,활동소식,농기계,농기계 교통안전 및 사고감지 시스템 현장기술지원,2021-04-13,0,57,https://farmer.rda.go.kr/portal/menu1/board_viw.do?menuId=PS03449&m_id=3_19&m_mod=561&bbsId=6&nttSn=542&num=0&pageIndex=57,,https://farmer.rda.go.kr/portal/menu6/board_lst1.do?m_id=3_19&m_mod=0&menuId=PS03449&pageIndex=57,html/144_PS03449_p57.html,농촌진흥청 농업인안전365
410,6,홍보,전문지·기고,전문지·기고,고령농업인 작업안전관리(농축산기계신문_김경수),2021-04-01,0,57,https://farmer.rda.go.kr/portal/menu1/board_viw.do?menuId=PS03449&m_id=3_19&m_mod=562&bbsId=6&nttSn=410&num=0&pageIndex=57,,https://farmer.rda.go.kr/portal/menu6/board_lst1.do?m_id=3_19&m_mod=0&menuId=PS03449&pageIndex=57,html/144_PS03449_p57.html,농촌진흥청 농업인안전365
411,6,홍보,전문지·기고,전문지·기고,업무상 질병현황과 위험요인 노출(농축산기계신문_최원종),2021-04-01,0,57,https://farmer.rda.go.kr/portal/menu1/board_viw.do?menuId=PS03449&m_id=3_19&m_mod=563&bbsId=6&nttSn=411&num=0&pageIndex=57,,https://farmer.rda.go.kr/portal/menu6/board_lst1.do?m_id=3_19&m_mod=0&menuId=PS03449&pageIndex=57,html/144_PS03449_p57.html,농촌진흥청 농업인안전365
412,6,홍보,전문지·기고,전문지·기고,농업인 직업병과 산업재해 예방 관리 (농축산기계신문_최동필),2021-03-31,0,57,https://farmer.rda.go.kr/portal/menu1/board_viw.do?menuId=PS03449&m_id=3_19&m_mod=564&bbsId=6&nttSn=412&num=0&pageIndex=57,,https://farmer.rda.go.kr/portal/menu6/board_lst1.do?m_id=3_19&m_mod=0&menuId=PS03449&pageIndex=57,html/144_PS03449_p57.html,농촌진흥청 농업인안전365
413,6,홍보,전문지·기고,전문지·기고,농작업손상현황과 유형 (농축산기계신문_최원종),2021-03-31,0,57,https://farmer.rda.go.kr/portal/menu1/board_viw.do?menuId=PS03449&m_id=3_19&m_mod=565&bbsId=6&nttSn=413&num=0&pageIndex=57,,https://farmer.rda.go.kr/portal/menu6/board_lst1.do?m_id=3_19&m_mod=0&menuId=PS03449&pageIndex=57,html/144_PS03449_p57.html,농촌진흥청 농업인안전365
258,6,홍보,뉴스모음집,농기계,(연합뉴스) 충남소방본부 '3~5월 농기계 사고 집중...안전 사용하세요',2021-03-29,0,57,https://farmer.rda.go.kr/portal/menu1/board_viw.do?menuId=PS03449&m_id=3_19&m_mod=566&bbsId=6&nttSn=258&num=0&pageIndex=57,,https://farmer.rda.go.kr/portal/menu6/board_lst1.do?m_id=3_19&m_mod=0&menuId=PS03449&pageIndex=57,html/144_PS03449_p57.html,농촌진흥청 농업인안전365
543,6,홍보,활동소식,활동소식,KBS 6시 내고향 '안농하세요. 농업인들을 위한 미세먼지 예방법.' 출연,2021-03-27,0,57,https://farmer.rda.go.kr/portal/menu1/board_viw.do?menuId=PS03449&m_id=3_19&m_mod=567&bbsId=6&nttSn=543&num=0&pageIndex=57,,https://farmer.rda.go.kr/portal/menu6/board_lst1.do?m_id=3_19&m_mod=0&menuId=PS03449&pageIndex=57,html/144_PS03449_p57.html,농촌진흥청 농업인안전365
259,6,홍보,뉴스모음집,뉴스모음집,"(농촌여성신문) 인간공학으로 안전한 농촌, 건강한 일터를",2021-03-26,0,57,https://farmer.rda.go.kr/portal/menu1/board_viw.do?menuId=PS03449&m_id=3_19&m_mod=568&bbsId=6&nttSn=259&num=0&pageIndex=57,,https://farmer.rda.go.kr/portal/menu6/board_lst1.do?m_id=3_19&m_mod=0&menuId=PS03449&pageIndex=57,html/144_PS03449_p57.html,농촌진흥청 농업인안전365
260,6,홍보,뉴스모음집,뉴스모음집,(농민신문) 내년부터 산재 사망 땐 경영주 징역형…농업법인 · 농업도 적용,2021-03-26,0,57,https://farmer.rda.go.kr/portal/menu1/board_viw.do?menuId=PS03449&m_id=3_19&m_mod=569&bbsId=6&nttSn=260&num=0&pageIndex=57,,https://farmer.rda.go.kr/portal/menu6/board_lst1.do?m_id=3_19&m_mod=0&menuId=PS03449&pageIndex=57,html/144_PS03449_p57.html,농촌진흥청 농업인안전365
76,6,홍보,홍보성과,홍보성과,"농촌진흥청, 이달의 신간 (농산물 가공사업장 안전보건관리)",2021-03-23,0,57,https://farmer.rda.go.kr/portal/menu1/board_viw.do?menuId=PS03449&m_id=3_19&m_mod=570&bbsId=6&nttSn=76&num=0&pageIndex=57,,https://farmer.rda.go.kr/portal/menu6/board_lst1.do?m_id=3_19&m_mod=0&menuId=PS03449&pageIndex=57,html/144_PS03449_p57.html,농촌진흥청 농업인안전365
77,6,홍보,홍보성과,홍보성과,"농촌진흥청, 이달의 신간 (알기 쉬운 농업인의 업무상 손상)",2021-03-19,0,58,https://farmer.rda.go.kr/portal/menu1/board_viw.do?menuId=PS03449&m_id=3_19&m_mod=571&bbsId=6&nttSn=77&num=0&pageIndex=58,,https://farmer.rda.go.kr/portal/menu6/board_lst1.do?m_id=3_19&m_mod=0&menuId=PS03449&pageIndex=58,html/145_PS03449_p58.html,농촌진흥청 농업인안전365
78,6,홍보,홍보성과,추락·넘어짐,영농현장 고령 · 여성농업인 '넘어짐' 사고 많아,2021-03-19,0,58,https://farmer.rda.go.kr/portal/menu1/board_viw.do?menuId=PS03449&m_id=3_19&m_mod=572&bbsId=6&nttSn=78&num=0&pageIndex=58,,https://farmer.rda.go.kr/portal/menu6/board_lst1.do?m_id=3_19&m_mod=0&menuId=PS03449&pageIndex=58,html/145_PS03449_p58.html,농촌진흥청 농업인안전365
79,6,홍보,홍보성과,온열·한랭,"농진청 ""여름철 농작업시 온열질환 조심하세요""",2021-03-19,0,58,https://farmer.rda.go.kr/portal/menu1/board_viw.do?menuId=PS03449&m_id=3_19&m_mod=573&bbsId=6&nttSn=79&num=0&pageIndex=58,,https://farmer.rda.go.kr/portal/menu6/board_lst1.do?m_id=3_19&m_mod=0&menuId=PS03449&pageIndex=58,html/145_PS03449_p58.html,농촌진흥청 농업인안전365
80,6,홍보,홍보성과,홍보성과,[농진청] 2024년까지 농작업 사고 사망률 30% 낮춘다,2021-03-19,0,58,https://farmer.rda.go.kr/portal/menu1/board_viw.do?menuId=PS03449&m_id=3_19&m_mod=574&bbsId=6&nttSn=80&num=0&pageIndex=58,,https://farmer.rda.go.kr/portal/menu6/board_lst1.do?m_id=3_19&m_mod=0&menuId=PS03449&pageIndex=58,html/145_PS03449_p58.html,농촌진흥청 농업인안전365
81,6,홍보,홍보성과,홍보성과,"농진청, 국제노동기구와 농업인 안전 챙긴다",2021-03-19,0,58,https://farmer.rda.go.kr/portal/menu1/board_viw.do?menuId=PS03449&m_id=3_19&m_mod=575&bbsId=6&nttSn=81&num=0&pageIndex=58,,https://farmer.rda.go.kr/portal/menu6/board_lst1.do?m_id=3_19&m_mod=0&menuId=PS03449&pageIndex=58,html/145_PS03449_p58.html,농촌진흥청 농업인안전365
82,6,홍보,홍보성과,농기계,"행안부 ""농기계 사고 조심해야""...'60세 이상' 67% 발생",2021-03-19,0,58,https://farmer.rda.go.kr/portal/menu1/board_viw.do?menuId=PS03449&m_id=3_19&m_mod=576&bbsId=6&nttSn=82&num=0&pageIndex=58,,https://farmer.rda.go.kr/portal/menu6/board_lst1.do?m_id=3_19&m_mod=0&menuId=PS03449&pageIndex=58,html/145_PS03449_p58.html,농촌진흥청 농업인안전365
544,6,홍보,활동소식,활동소식,KBS 6시 내고향 '안농하세요. 환절기 축사 안전.' 출연,2021-03-12,0,58,https://farmer.rda.go.kr/portal/menu1/board_viw.do?menuId=PS03449&m_id=3_19&m_mod=577&bbsId=6&nttSn=544&num=0&pageIndex=58,,https://farmer.rda.go.kr/portal/menu6/board_lst1.do?m_id=3_19&m_mod=0&menuId=PS03449&pageIndex=58,html/145_PS03449_p58.html,농촌진흥청 농업인안전365
261,6,홍보,뉴스모음집,뉴스모음집,(농민신문) 농작업 안전사고 유의해야,2021-03-08,0,58,https://farmer.rda.go.kr/portal/menu1/board_viw.do?menuId=PS03449&m_id=3_19&m_mod=578&bbsId=6&nttSn=261&num=0&pageIndex=58,,https://farmer.rda.go.kr/portal/menu6/board_lst1.do?m_id=3_19&m_mod=0&menuId=PS03449&pageIndex=58,html/145_PS03449_p58.html,농촌진흥청 농업인안전365
262,6,홍보,뉴스모음집,뉴스모음집,[안전농업하세요] 농작업 환경 열악 · 고령화 심화…잠깐만 방심해도 사고,2021-03-08,0,58,https://farmer.rda.go.kr/portal/menu1/board_viw.do?menuId=PS03449&m_id=3_19&m_mod=579&bbsId=6&nttSn=262&num=0&pageIndex=58,,https://farmer.rda.go.kr/portal/menu6/board_lst1.do?m_id=3_19&m_mod=0&menuId=PS03449&pageIndex=58,html/145_PS03449_p58.html,농촌진흥청 농업인안전365
414,6,홍보,전문지·기고,전문지·기고,안전하고 건강한 농작업 '농업인안전365'와 함께 (농업기술 2021년 3월호 박수인),2021-03-02,0,58,https://farmer.rda.go.kr/portal/menu1/board_viw.do?menuId=PS03449&m_id=3_19&m_mod=580&bbsId=6&nttSn=414&num=0&pageIndex=58,,https://farmer.rda.go.kr/portal/menu6/board_lst1.do?m_id=3_19&m_mod=0&menuId=PS03449&pageIndex=58,html/145_PS03449_p58.html,농촌진흥청 농업인안전365
263,6,홍보,뉴스모음집,뉴스모음집,"(전남인터넷신문) 고흥군, 농업인 여러분! 안전농업하세요~",2021-02-25,0,59,https://farmer.rda.go.kr/portal/menu1/board_viw.do?menuId=PS03449&m_id=3_19&m_mod=581&bbsId=6&nttSn=263&num=0&pageIndex=59,,https://farmer.rda.go.kr/portal/menu6/board_lst1.do?m_id=3_19&m_mod=0&menuId=PS03449&pageIndex=59,html/146_PS03449_p59.html,농촌진흥청 농업인안전365
264,6,홍보,뉴스모음집,뉴스모음집,(농민신문) 농작업 안전사고 예방 대국민 캠페인 전개,2021-02-16,0,59,https://farmer.rda.go.kr/portal/menu1/board_viw.do?menuId=PS03449&m_id=3_19&m_mod=582&bbsId=6&nttSn=264&num=0&pageIndex=59,,https://farmer.rda.go.kr/portal/menu6/board_lst1.do?m_id=3_19&m_mod=0&menuId=PS03449&pageIndex=59,html/146_PS03449_p59.html,농촌진흥청 농업인안전365
265,6,홍보,뉴스모음집,뉴스모음집,"(농민신문) ""여성농민도 농작업 사고 대비 안전보험에 꼭 가입하세요""",2021-02-16,0,59,https://farmer.rda.go.kr/portal/menu1/board_viw.do?menuId=PS03449&m_id=3_19&m_mod=583&bbsId=6&nttSn=265&num=0&pageIndex=59,,https://farmer.rda.go.kr/portal/menu6/board_lst1.do?m_id=3_19&m_mod=0&menuId=PS03449&pageIndex=59,html/146_PS03449_p59.html,농촌진흥청 농업인안전365
266,6,홍보,뉴스모음집,뉴스모음집,(인천일보)화성시 농업용 안전화 4000켤레 보급,2021-02-16,0,59,https://farmer.rda.go.kr/portal/menu1/board_viw.do?menuId=PS03449&m_id=3_19&m_mod=584&bbsId=6&nttSn=266&num=0&pageIndex=59,,https://farmer.rda.go.kr/portal/menu6/board_lst1.do?m_id=3_19&m_mod=0&menuId=PS03449&pageIndex=59,html/146_PS03449_p59.html,농촌진흥청 농업인안전365
267,6,홍보,뉴스모음집,농기계,"(메트로신문) 곡성군, 농업기계 안전사고 예방 캠페인 추진",2021-02-16,0,59,https://farmer.rda.go.kr/portal/menu1/board_viw.do?menuId=PS03449&m_id=3_19&m_mod=585&bbsId=6&nttSn=267&num=0&pageIndex=59,,https://farmer.rda.go.kr/portal/menu6/board_lst1.do?m_id=3_19&m_mod=0&menuId=PS03449&pageIndex=59,html/146_PS03449_p59.html,농촌진흥청 농업인안전365
268,6,홍보,뉴스모음집,뉴스모음집,"[안전농업하세요] ""2021년 농사지을 땐 다치지 않게…""",2021-02-16,0,59,https://farmer.rda.go.kr/portal/menu1/board_viw.do?menuId=PS03449&m_id=3_19&m_mod=586&bbsId=6&nttSn=268&num=0&pageIndex=59,,https://farmer.rda.go.kr/portal/menu6/board_lst1.do?m_id=3_19&m_mod=0&menuId=PS03449&pageIndex=59,html/146_PS03449_p59.html,농촌진흥청 농업인안전365
415,6,홍보,전문지·기고,작업환경,유기 분진·가스 노출저감 방안 (농축산기계신문_안민지),2021-02-01,0,59,https://farmer.rda.go.kr/portal/menu1/board_viw.do?menuId=PS03449&m_id=3_19&m_mod=587&bbsId=6&nttSn=415&num=0&pageIndex=59,,https://farmer.rda.go.kr/portal/menu6/board_lst1.do?m_id=3_19&m_mod=0&menuId=PS03449&pageIndex=59,html/146_PS03449_p59.html,농촌진흥청 농업인안전365
416,6,홍보,전문지·기고,응급대응,농산물 가공사업장 발생 주요 상해별 응급처치방법 (농업기술 2021년 2월호 서민태),2021-02-01,0,59,https://farmer.rda.go.kr/portal/menu1/board_viw.do?menuId=PS03449&m_id=3_19&m_mod=588&bbsId=6&nttSn=416&num=0&pageIndex=59,,https://farmer.rda.go.kr/portal/menu6/board_lst1.do?m_id=3_19&m_mod=0&menuId=PS03449&pageIndex=59,html/146_PS03449_p59.html,농촌진흥청 농업인안전365
269,6,홍보,뉴스모음집,뉴스모음집,"(경인매일) 안성시,「농업인 사고예방을 위한 농작업화 보급 시범 사업」실시",2021-01-29,0,59,https://farmer.rda.go.kr/portal/menu1/board_viw.do?menuId=PS03449&m_id=3_19&m_mod=589&bbsId=6&nttSn=269&num=0&pageIndex=59,,https://farmer.rda.go.kr/portal/menu6/board_lst1.do?m_id=3_19&m_mod=0&menuId=PS03449&pageIndex=59,html/146_PS03449_p59.html,농촌진흥청 농업인안전365
545,6,홍보,활동소식,활동소식,KBS 6시 내고향 '안농하세요. 겨울 안전을 지켜라.' 출연,2021-01-29,0,59,https://farmer.rda.go.kr/portal/menu1/board_viw.do?menuId=PS03449&m_id=3_19&m_mod=590&bbsId=6&nttSn=545&num=0&pageIndex=59,,https://farmer.rda.go.kr/portal/menu6/board_lst1.do?m_id=3_19&m_mod=0&menuId=PS03449&pageIndex=59,html/146_PS03449_p59.html,농촌진흥청 농업인안전365
360,6,홍보,전문지·기고,전문지·기고,농업인 업무상 질병종류 및 현황(농축산기계신문_이민지),2022-01-25,0,42,https://farmer.rda.go.kr/portal/menu1/board_viw.do?menuId=PS03449&m_id=3_19&m_mod=411&bbsId=6&nttSn=360&num=0&pageIndex=42,,https://farmer.rda.go.kr/portal/menu6/board_lst1.do?m_id=3_19&m_mod=0&menuId=PS03449&pageIndex=42,html/147_PS03449_p42.html,농촌진흥청 농업인안전365
193,6,홍보,뉴스모음집,감염·생물학적 위험,(농민신문) 농업계 중대재해처벌법에 ‘긴장감’…안전사고 예방 철저히,2022-01-19,0,42,https://farmer.rda.go.kr/portal/menu1/board_viw.do?menuId=PS03449&m_id=3_19&m_mod=412&bbsId=6&nttSn=193&num=0&pageIndex=42,,https://farmer.rda.go.kr/portal/menu6/board_lst1.do?m_id=3_19&m_mod=0&menuId=PS03449&pageIndex=42,html/147_PS03449_p42.html,농촌진흥청 농업인안전365
194,6,홍보,뉴스모음집,뉴스모음집,(농민신문) 40세 미만 농가 겨우 1%…청년농 육성·고령농 소득안전망 강화,2022-01-17,0,42,https://farmer.rda.go.kr/portal/menu1/board_viw.do?menuId=PS03449&m_id=3_19&m_mod=413&bbsId=6&nttSn=194&num=0&pageIndex=42,,https://farmer.rda.go.kr/portal/menu6/board_lst1.do?m_id=3_19&m_mod=0&menuId=PS03449&pageIndex=42,html/147_PS03449_p42.html,농촌진흥청 농업인안전365
195,6,홍보,뉴스모음집,농기계,(한국농어민신문) ‘국산 농기계’ 사용농가 만족도 높다,2022-01-17,0,42,https://farmer.rda.go.kr/portal/menu1/board_viw.do?menuId=PS03449&m_id=3_19&m_mod=414&bbsId=6&nttSn=195&num=0&pageIndex=42,,https://farmer.rda.go.kr/portal/menu6/board_lst1.do?m_id=3_19&m_mod=0&menuId=PS03449&pageIndex=42,html/147_PS03449_p42.html,농촌진흥청 농업인안전365
361,6,홍보,전문지·기고,전문지·기고,농업인안전365 서비스 이용방법(농축산기계신문_박수인),2022-01-17,0,42,https://farmer.rda.go.kr/portal/menu1/board_viw.do?menuId=PS03449&m_id=3_19&m_mod=415&bbsId=6&nttSn=361&num=0&pageIndex=42,,https://farmer.rda.go.kr/portal/menu6/board_lst1.do?m_id=3_19&m_mod=0&menuId=PS03449&pageIndex=42,html/147_PS03449_p42.html,농촌진흥청 농업인안전365
519,6,홍보,활동소식,활동소식,농업인안전보건팀 뉴스레터 2021년 4호,2022-01-06,0,42,https://farmer.rda.go.kr/portal/menu1/board_viw.do?menuId=PS03449&m_id=3_19&m_mod=416&bbsId=6&nttSn=519&num=0&pageIndex=42,,https://farmer.rda.go.kr/portal/menu6/board_lst1.do?m_id=3_19&m_mod=0&menuId=PS03449&pageIndex=42,html/147_PS03449_p42.html,농촌진흥청 농업인안전365
196,6,홍보,뉴스모음집,뉴스모음집,(NEWS1) 농촌진흥청 새해 개청 60년…청년농업인 키우고 농촌엔 활력을,2022-01-05,0,42,https://farmer.rda.go.kr/portal/menu1/board_viw.do?menuId=PS03449&m_id=3_19&m_mod=417&bbsId=6&nttSn=196&num=0&pageIndex=42,,https://farmer.rda.go.kr/portal/menu6/board_lst1.do?m_id=3_19&m_mod=0&menuId=PS03449&pageIndex=42,html/147_PS03449_p42.html,농촌진흥청 농업인안전365
197,6,홍보,뉴스모음집,뉴스모음집,(한국농정) [농민칼럼] 농민 안전의 사회적 보장,2022-01-05,0,42,https://farmer.rda.go.kr/portal/menu1/board_viw.do?menuId=PS03449&m_id=3_19&m_mod=418&bbsId=6&nttSn=197&num=0&pageIndex=42,,https://farmer.rda.go.kr/portal/menu6/board_lst1.do?m_id=3_19&m_mod=0&menuId=PS03449&pageIndex=42,html/147_PS03449_p42.html,농촌진흥청 농업인안전365
362,6,홍보,전문지·기고,전문지·기고,농작업 안전보건 표지(농축산기계신문_채혜선),2021-12-27,0,42,https://farmer.rda.go.kr/portal/menu1/board_viw.do?menuId=PS03449&m_id=3_19&m_mod=419&bbsId=6&nttSn=362&num=0&pageIndex=42,,https://farmer.rda.go.kr/portal/menu6/board_lst1.do?m_id=3_19&m_mod=0&menuId=PS03449&pageIndex=42,html/147_PS03449_p42.html,농촌진흥청 농업인안전365
363,6,홍보,전문지·기고,전문지·기고,농작업 안전보건 관리의 유형과 원칙(농업기술 2021년 12월호 김효철),2021-12-21,0,42,https://farmer.rda.go.kr/portal/menu1/board_viw.do?menuId=PS03449&m_id=3_19&m_mod=420&bbsId=6&nttSn=363&num=0&pageIndex=42,,https://farmer.rda.go.kr/portal/menu6/board_lst1.do?m_id=3_19&m_mod=0&menuId=PS03449&pageIndex=42,html/147_PS03449_p42.html,농촌진흥청 농업인안전365
198,6,홍보,뉴스모음집,뉴스모음집,(NEWS1) 종합병원 가려면 차로 30분 달려야…농어촌 마을 10곳 중 7곳,2021-12-15,0,43,https://farmer.rda.go.kr/portal/menu1/board_viw.do?menuId=PS03449&m_id=3_19&m_mod=421&bbsId=6&nttSn=198&num=0&pageIndex=43,,https://farmer.rda.go.kr/portal/menu6/board_lst1.do?m_id=3_19&m_mod=0&menuId=PS03449&pageIndex=43,html/148_PS03449_p43.html,농촌진흥청 농업인안전365
520,6,홍보,활동소식,활동소식,(데일리안)[新농사직썰⑲] 농업 효율성 ‘치트키’…편이장비의 끝없는 진화,2021-12-09,0,43,https://farmer.rda.go.kr/portal/menu1/board_viw.do?menuId=PS03449&m_id=3_19&m_mod=422&bbsId=6&nttSn=520&num=0&pageIndex=43,,https://farmer.rda.go.kr/portal/menu6/board_lst1.do?m_id=3_19&m_mod=0&menuId=PS03449&pageIndex=43,html/148_PS03449_p43.html,농촌진흥청 농업인안전365
364,6,홍보,전문지·기고,전문지·기고,안전한 농업활동 위한 농작업화 착용(농축산기계신문_채혜선),2021-12-06,0,43,https://farmer.rda.go.kr/portal/menu1/board_viw.do?menuId=PS03449&m_id=3_19&m_mod=423&bbsId=6&nttSn=364&num=0&pageIndex=43,,https://farmer.rda.go.kr/portal/menu6/board_lst1.do?m_id=3_19&m_mod=0&menuId=PS03449&pageIndex=43,html/148_PS03449_p43.html,농촌진흥청 농업인안전365
521,6,홍보,활동소식,활동소식,KBS 6시 내고향 '안농하세요. 겨울철! 농업 안전사고 예방법' 출연,2021-12-03,0,43,https://farmer.rda.go.kr/portal/menu1/board_viw.do?menuId=PS03449&m_id=3_19&m_mod=424&bbsId=6&nttSn=521&num=0&pageIndex=43,,https://farmer.rda.go.kr/portal/menu6/board_lst1.do?m_id=3_19&m_mod=0&menuId=PS03449&pageIndex=43,html/148_PS03449_p43.html,농촌진흥청 농업인안전365
199,6,홍보,뉴스모음집,뉴스모음집,"(동아일보) 농어업인안전보험금, 연금으로도 받는다",2021-12-01,0,43,https://farmer.rda.go.kr/portal/menu1/board_viw.do?menuId=PS03449&m_id=3_19&m_mod=425&bbsId=6&nttSn=199&num=0&pageIndex=43,,https://farmer.rda.go.kr/portal/menu6/board_lst1.do?m_id=3_19&m_mod=0&menuId=PS03449&pageIndex=43,html/148_PS03449_p43.html,농촌진흥청 농업인안전365
522,6,홍보,활동소식,응급대응,NBS 한국농업방송 '농작업 안전사고 응급처치 요령' 출연,2021-11-24,0,43,https://farmer.rda.go.kr/portal/menu1/board_viw.do?menuId=PS03449&m_id=3_19&m_mod=426&bbsId=6&nttSn=522&num=0&pageIndex=43,,https://farmer.rda.go.kr/portal/menu6/board_lst1.do?m_id=3_19&m_mod=0&menuId=PS03449&pageIndex=43,html/148_PS03449_p43.html,농촌진흥청 농업인안전365
200,6,홍보,뉴스모음집,농약·화학물질,(KBS NEWS) 외국인 노동자 “음료인 줄 알고 마셔”…농약병 표기 개선 필요,2021-11-04,0,43,https://farmer.rda.go.kr/portal/menu1/board_viw.do?menuId=PS03449&m_id=3_19&m_mod=427&bbsId=6&nttSn=200&num=0&pageIndex=43,,https://farmer.rda.go.kr/portal/menu6/board_lst1.do?m_id=3_19&m_mod=0&menuId=PS03449&pageIndex=43,html/148_PS03449_p43.html,농촌진흥청 농업인안전365
365,6,홍보,전문지·기고,농약·화학물질,시설하우스 농약 살포시 노출 저감방안(농업기술 2021년 11월호 김효철),2021-11-04,0,43,https://farmer.rda.go.kr/portal/menu1/board_viw.do?menuId=PS03449&m_id=3_19&m_mod=428&bbsId=6&nttSn=365&num=0&pageIndex=43,,https://farmer.rda.go.kr/portal/menu6/board_lst1.do?m_id=3_19&m_mod=0&menuId=PS03449&pageIndex=43,html/148_PS03449_p43.html,농촌진흥청 농업인안전365
366,6,홍보,전문지·기고,전문지·기고,주요 농작업 사고 사례 및 예방 방안 (농업기술 2021년 10월호 김경수),2021-11-04,0,43,https://farmer.rda.go.kr/portal/menu1/board_viw.do?menuId=PS03449&m_id=3_19&m_mod=429&bbsId=6&nttSn=366&num=0&pageIndex=43,,https://farmer.rda.go.kr/portal/menu6/board_lst1.do?m_id=3_19&m_mod=0&menuId=PS03449&pageIndex=43,html/148_PS03449_p43.html,농촌진흥청 농업인안전365
367,6,홍보,전문지·기고,전문지·기고,농업인의 업무상 질병 현황 및 예방방안 (농업기술 2021년 9월호 이민지),2021-11-04,0,43,https://farmer.rda.go.kr/portal/menu1/board_viw.do?menuId=PS03449&m_id=3_19&m_mod=430&bbsId=6&nttSn=367&num=0&pageIndex=43,,https://farmer.rda.go.kr/portal/menu6/board_lst1.do?m_id=3_19&m_mod=0&menuId=PS03449&pageIndex=43,html/148_PS03449_p43.html,농촌진흥청 농업인안전365
368,6,홍보,전문지·기고,온열·한랭,폭염 대비 농업인 건강 안전 행동 요령 (농업기술 2021년 8월호 채혜선),2021-11-04,0,44,https://farmer.rda.go.kr/portal/menu1/board_viw.do?menuId=PS03449&m_id=3_19&m_mod=431&bbsId=6&nttSn=368&num=0&pageIndex=44,,https://farmer.rda.go.kr/portal/menu6/board_lst1.do?m_id=3_19&m_mod=0&menuId=PS03449&pageIndex=44,html/149_PS03449_p44.html,농촌진흥청 농업인안전365
369,6,홍보,전문지·기고,농약·화학물질,농업인의 농약중독 현황 및 예방 (농업기술 2021년 7월호 최동필),2021-11-04,0,44,https://farmer.rda.go.kr/portal/menu1/board_viw.do?menuId=PS03449&m_id=3_19&m_mod=432&bbsId=6&nttSn=369&num=0&pageIndex=44,,https://farmer.rda.go.kr/portal/menu6/board_lst1.do?m_id=3_19&m_mod=0&menuId=PS03449&pageIndex=44,html/149_PS03449_p44.html,농촌진흥청 농업인안전365
370,6,홍보,전문지·기고,전문지·기고,복숭아 선별작업 시 미세먼지 노출 및 경감 방안 (농업기술 2021년 6월호 김효철),2021-11-03,0,44,https://farmer.rda.go.kr/portal/menu1/board_viw.do?menuId=PS03449&m_id=3_19&m_mod=433&bbsId=6&nttSn=370&num=0&pageIndex=44,,https://farmer.rda.go.kr/portal/menu6/board_lst1.do?m_id=3_19&m_mod=0&menuId=PS03449&pageIndex=44,html/149_PS03449_p44.html,농촌진흥청 농업인안전365
371,6,홍보,전문지·기고,전문지·기고,농업인의 업무상 손상 현황 및 예방방안 (농업기술 2021년 5월호 이민지),2021-11-03,0,44,https://farmer.rda.go.kr/portal/menu1/board_viw.do?menuId=PS03449&m_id=3_19&m_mod=434&bbsId=6&nttSn=371&num=0&pageIndex=44,,https://farmer.rda.go.kr/portal/menu6/board_lst1.do?m_id=3_19&m_mod=0&menuId=PS03449&pageIndex=44,html/149_PS03449_p44.html,농촌진흥청 농업인안전365
372,6,홍보,전문지·기고,농기계,안전하고 건강한 농작업 농기계 안전사고 현황 및 예방 (농업기술 2021년 4월호 김경수),2021-11-03,0,44,https://farmer.rda.go.kr/portal/menu1/board_viw.do?menuId=PS03449&m_id=3_19&m_mod=435&bbsId=6&nttSn=372&num=0&pageIndex=44,,https://farmer.rda.go.kr/portal/menu6/board_lst1.do?m_id=3_19&m_mod=0&menuId=PS03449&pageIndex=44,html/149_PS03449_p44.html,농촌진흥청 농업인안전365
373,6,홍보,전문지·기고,전문지·기고,정기적인 유지보수로 안전한 장비 사용을...(농촌여성신문_안전하고 건강한 영농가이드29),2021-11-02,0,44,https://farmer.rda.go.kr/portal/menu1/board_viw.do?menuId=PS03449&m_id=3_19&m_mod=436&bbsId=6&nttSn=373&num=0&pageIndex=44,,https://farmer.rda.go.kr/portal/menu6/board_lst1.do?m_id=3_19&m_mod=0&menuId=PS03449&pageIndex=44,html/149_PS03449_p44.html,농촌진흥청 농업인안전365
374,6,홍보,전문지·기고,추락·넘어짐,높은 곳 작업은 휴대용 사다리로 안전하게...(농촌여성신문_안전하고 강한 영농가이드28),2021-11-02,0,44,https://farmer.rda.go.kr/portal/menu1/board_viw.do?menuId=PS03449&m_id=3_19&m_mod=437&bbsId=6&nttSn=374&num=0&pageIndex=44,,https://farmer.rda.go.kr/portal/menu6/board_lst1.do?m_id=3_19&m_mod=0&menuId=PS03449&pageIndex=44,html/149_PS03449_p44.html,농촌진흥청 농업인안전365
375,6,홍보,전문지·기고,전문지·기고,조절가능한 작업대로 작업자 건강 유지하라(농촌여성신문_안전하고 건강한 영농가이드27),2021-11-02,0,44,https://farmer.rda.go.kr/portal/menu1/board_viw.do?menuId=PS03449&m_id=3_19&m_mod=438&bbsId=6&nttSn=375&num=0&pageIndex=44,,https://farmer.rda.go.kr/portal/menu6/board_lst1.do?m_id=3_19&m_mod=0&menuId=PS03449&pageIndex=44,html/149_PS03449_p44.html,농촌진흥청 농업인안전365
376,6,홍보,전문지·기고,전문지·기고,이해 쉬운 라벨․표식․기호로 실수 줄여라(농촌여성신문_안전하고 건강한 영농가이드26),2021-11-02,0,44,https://farmer.rda.go.kr/portal/menu1/board_viw.do?menuId=PS03449&m_id=3_19&m_mod=439&bbsId=6&nttSn=376&num=0&pageIndex=44,,https://farmer.rda.go.kr/portal/menu6/board_lst1.do?m_id=3_19&m_mod=0&menuId=PS03449&pageIndex=44,html/149_PS03449_p44.html,농촌진흥청 농업인안전365
523,6,홍보,활동소식,농기계,KBS 6시 내고향 '안농하세요. 수확 철! 농기계 안전사용법' 출연,2021-10-29,0,44,https://farmer.rda.go.kr/portal/menu1/board_viw.do?menuId=PS03449&m_id=3_19&m_mod=440&bbsId=6&nttSn=523&num=0&pageIndex=44,,https://farmer.rda.go.kr/portal/menu6/board_lst1.do?m_id=3_19&m_mod=0&menuId=PS03449&pageIndex=44,html/149_PS03449_p44.html,농촌진흥청 농업인안전365
201,6,홍보,뉴스모음집,뉴스모음집,(아시아투데이) 질병·상해 걱정 뚝!…농업인안전보험 ‘든든하네’,2021-10-29,0,45,https://farmer.rda.go.kr/portal/menu1/board_viw.do?menuId=PS03449&m_id=3_19&m_mod=441&bbsId=6&nttSn=201&num=0&pageIndex=45,,https://farmer.rda.go.kr/portal/menu6/board_lst1.do?m_id=3_19&m_mod=0&menuId=PS03449&pageIndex=45,html/150_PS03449_p45.html,농촌진흥청 농업인안전365
524,6,홍보,활동소식,감염·생물학적 위험,NBS 한국농업방송 '농업인 감염성 질환을 막는 방법' 출연,2021-10-26,0,45,https://farmer.rda.go.kr/portal/menu1/board_viw.do?menuId=PS03449&m_id=3_19&m_mod=442&bbsId=6&nttSn=524&num=0&pageIndex=45,,https://farmer.rda.go.kr/portal/menu6/board_lst1.do?m_id=3_19&m_mod=0&menuId=PS03449&pageIndex=45,html/150_PS03449_p45.html,농촌진흥청 농업인안전365
202,6,홍보,뉴스모음집,뉴스모음집,(농민신문) ‘보이지 않는 위협’ 농부증…사전예방·조기진단 필수,2021-10-18,0,45,https://farmer.rda.go.kr/portal/menu1/board_viw.do?menuId=PS03449&m_id=3_19&m_mod=443&bbsId=6&nttSn=202&num=0&pageIndex=45,,https://farmer.rda.go.kr/portal/menu6/board_lst1.do?m_id=3_19&m_mod=0&menuId=PS03449&pageIndex=45,html/150_PS03449_p45.html,농촌진흥청 농업인안전365
203,6,홍보,뉴스모음집,농약·화학물질,"(뉴스1) 농촌진흥청,'클로르피리포스' 농약 등록 취소",2021-10-15,0,45,https://farmer.rda.go.kr/portal/menu1/board_viw.do?menuId=PS03449&m_id=3_19&m_mod=444&bbsId=6&nttSn=203&num=0&pageIndex=45,,https://farmer.rda.go.kr/portal/menu6/board_lst1.do?m_id=3_19&m_mod=0&menuId=PS03449&pageIndex=45,html/150_PS03449_p45.html,농촌진흥청 농업인안전365
525,6,홍보,활동소식,활동소식,농업인안전보건팀 뉴스레터 2021년 3호,2021-10-08,0,45,https://farmer.rda.go.kr/portal/menu1/board_viw.do?menuId=PS03449&m_id=3_19&m_mod=445&bbsId=6&nttSn=525&num=0&pageIndex=45,,https://farmer.rda.go.kr/portal/menu6/board_lst1.do?m_id=3_19&m_mod=0&menuId=PS03449&pageIndex=45,html/150_PS03449_p45.html,농촌진흥청 농업인안전365
377,6,홍보,전문지·기고,전문지·기고,자외선으로부터 피부와 눈보호(농축산기계신문_박수인),2021-10-07,0,45,https://farmer.rda.go.kr/portal/menu1/board_viw.do?menuId=PS03449&m_id=3_19&m_mod=446&bbsId=6&nttSn=377&num=0&pageIndex=45,,https://farmer.rda.go.kr/portal/menu6/board_lst1.do?m_id=3_19&m_mod=0&menuId=PS03449&pageIndex=45,html/150_PS03449_p45.html,농촌진흥청 농업인안전365
378,6,홍보,전문지·기고,전문지·기고,파지력 좋은 도구가 피로와 사고 줄인다(농촌여성신문_안전하고 건강한 영농가이드25),2021-10-07,0,45,https://farmer.rda.go.kr/portal/menu1/board_viw.do?menuId=PS03449&m_id=3_19&m_mod=447&bbsId=6&nttSn=378&num=0&pageIndex=45,,https://farmer.rda.go.kr/portal/menu6/board_lst1.do?m_id=3_19&m_mod=0&menuId=PS03449&pageIndex=45,html/150_PS03449_p45.html,농촌진흥청 농업인안전365
379,6,홍보,전문지·기고,전문지·기고,최소한의 힘으로 조작 가능한 도구 선택(농촌여성신문_안전하고 건강한 영농가이드24),2021-10-07,0,45,https://farmer.rda.go.kr/portal/menu1/board_viw.do?menuId=PS03449&m_id=3_19&m_mod=448&bbsId=6&nttSn=379&num=0&pageIndex=45,,https://farmer.rda.go.kr/portal/menu6/board_lst1.do?m_id=3_19&m_mod=0&menuId=PS03449&pageIndex=45,html/150_PS03449_p45.html,농촌진흥청 농업인안전365
380,6,홍보,전문지·기고,근골격계,구부리거나 쪼그리는 힘든 자세 피하라(농촌여성신문_안전하고 건강한 영농가이드23),2021-10-07,0,45,https://farmer.rda.go.kr/portal/menu1/board_viw.do?menuId=PS03449&m_id=3_19&m_mod=449&bbsId=6&nttSn=380&num=0&pageIndex=45,,https://farmer.rda.go.kr/portal/menu6/board_lst1.do?m_id=3_19&m_mod=0&menuId=PS03449&pageIndex=45,html/150_PS03449_p45.html,농촌진흥청 농업인안전365
381,6,홍보,전문지·기고,근골격계,구부리거나 쪼그리는 힘든 자세 피하라(농촌여성신문_안전하고 건강한 영농가이드22),2021-10-07,0,45,https://farmer.rda.go.kr/portal/menu1/board_viw.do?menuId=PS03449&m_id=3_19&m_mod=450&bbsId=6&nttSn=381&num=0&pageIndex=45,,https://farmer.rda.go.kr/portal/menu6/board_lst1.do?m_id=3_19&m_mod=0&menuId=PS03449&pageIndex=45,html/150_PS03449_p45.html,농촌진흥청 농업인안전365
204,6,홍보,뉴스모음집,농기계,(KBS NEWS) 농촌진흥청 ‘농기계 안전 시스템’ 제천 등 5곳 보급,2021-10-07,0,46,https://farmer.rda.go.kr/portal/menu1/board_viw.do?menuId=PS03449&m_id=3_19&m_mod=451&bbsId=6&nttSn=204&num=0&pageIndex=46,,https://farmer.rda.go.kr/portal/menu6/board_lst1.do?m_id=3_19&m_mod=0&menuId=PS03449&pageIndex=46,html/151_PS03449_p46.html,농촌진흥청 농업인안전365
205,6,홍보,뉴스모음집,농기계,(한국농어민신문) 농기계 교통사고 바로 알려준다...ICT 활용 알람시스템 보급,2021-10-07,0,46,https://farmer.rda.go.kr/portal/menu1/board_viw.do?menuId=PS03449&m_id=3_19&m_mod=452&bbsId=6&nttSn=205&num=0&pageIndex=46,,https://farmer.rda.go.kr/portal/menu6/board_lst1.do?m_id=3_19&m_mod=0&menuId=PS03449&pageIndex=46,html/151_PS03449_p46.html,농촌진흥청 농업인안전365
206,6,홍보,뉴스모음집,농기계,(전북중앙) 농기계 교통안전사고 IoT 기술로 막는다,2021-10-07,0,46,https://farmer.rda.go.kr/portal/menu1/board_viw.do?menuId=PS03449&m_id=3_19&m_mod=453&bbsId=6&nttSn=206&num=0&pageIndex=46,,https://farmer.rda.go.kr/portal/menu6/board_lst1.do?m_id=3_19&m_mod=0&menuId=PS03449&pageIndex=46,html/151_PS03449_p46.html,농촌진흥청 농업인안전365
207,6,홍보,뉴스모음집,농기계,(YTN) 농기계에도 스마트 기술 접목...교통사고 줄인다.,2021-10-07,0,46,https://farmer.rda.go.kr/portal/menu1/board_viw.do?menuId=PS03449&m_id=3_19&m_mod=454&bbsId=6&nttSn=207&num=0&pageIndex=46,,https://farmer.rda.go.kr/portal/menu6/board_lst1.do?m_id=3_19&m_mod=0&menuId=PS03449&pageIndex=46,html/151_PS03449_p46.html,농촌진흥청 농업인안전365
526,6,홍보,활동소식,활동소식,KBS 6시 내고향 '안농하세요. 수확 철! 농업인 관절 건강 관리법' 출연,2021-10-05,0,46,https://farmer.rda.go.kr/portal/menu1/board_viw.do?menuId=PS03449&m_id=3_19&m_mod=455&bbsId=6&nttSn=526&num=0&pageIndex=46,,https://farmer.rda.go.kr/portal/menu6/board_lst1.do?m_id=3_19&m_mod=0&menuId=PS03449&pageIndex=46,html/151_PS03449_p46.html,농촌진흥청 농업인안전365
64,6,홍보,홍보성과,농기계,(목포 MBC) 농기계에도 스마트 기술 접목..사고 줄인다(R),2021-09-30,0,46,https://farmer.rda.go.kr/portal/menu1/board_viw.do?menuId=PS03449&m_id=3_19&m_mod=456&bbsId=6&nttSn=64&num=0&pageIndex=46,,https://farmer.rda.go.kr/portal/menu6/board_lst1.do?m_id=3_19&m_mod=0&menuId=PS03449&pageIndex=46,html/151_PS03449_p46.html,농촌진흥청 농업인안전365
208,6,홍보,뉴스모음집,농기계,(MBC뉴스) 무선 스마트 기술로..트랙터·경운기 사고 줄인다.,2021-09-30,0,46,https://farmer.rda.go.kr/portal/menu1/board_viw.do?menuId=PS03449&m_id=3_19&m_mod=457&bbsId=6&nttSn=208&num=0&pageIndex=46,,https://farmer.rda.go.kr/portal/menu6/board_lst1.do?m_id=3_19&m_mod=0&menuId=PS03449&pageIndex=46,html/151_PS03449_p46.html,농촌진흥청 농업인안전365
209,6,홍보,뉴스모음집,농기계,"(시사매거진) 농진청, 사물인터넷 기반 농기계 교통안전‧사고감지 알람 시스템 개발",2021-09-30,0,46,https://farmer.rda.go.kr/portal/menu1/board_viw.do?menuId=PS03449&m_id=3_19&m_mod=458&bbsId=6&nttSn=209&num=0&pageIndex=46,,https://farmer.rda.go.kr/portal/menu6/board_lst1.do?m_id=3_19&m_mod=0&menuId=PS03449&pageIndex=46,html/151_PS03449_p46.html,농촌진흥청 농업인안전365
210,6,홍보,뉴스모음집,뉴스모음집,(연합뉴스) 농림어가 인구 5년새 9.3% 감소…'도시농부'는 늘어,2021-09-30,0,46,https://farmer.rda.go.kr/portal/menu1/board_viw.do?menuId=PS03449&m_id=3_19&m_mod=459&bbsId=6&nttSn=210&num=0&pageIndex=46,,https://farmer.rda.go.kr/portal/menu6/board_lst1.do?m_id=3_19&m_mod=0&menuId=PS03449&pageIndex=46,html/151_PS03449_p46.html,농촌진흥청 농업인안전365
211,6,홍보,뉴스모음집,뉴스모음집,(뉴스티앤티) 최근 5년 농업인 안전사고 52% 증가,2021-09-30,0,46,https://farmer.rda.go.kr/portal/menu1/board_viw.do?menuId=PS03449&m_id=3_19&m_mod=460&bbsId=6&nttSn=211&num=0&pageIndex=46,,https://farmer.rda.go.kr/portal/menu6/board_lst1.do?m_id=3_19&m_mod=0&menuId=PS03449&pageIndex=46,html/151_PS03449_p46.html,농촌진흥청 농업인안전365
527,6,홍보,활동소식,근골격계,"NBS 한국농업방송 '농업인들의 고질병, 허리 질환' 출연",2021-09-24,0,47,https://farmer.rda.go.kr/portal/menu1/board_viw.do?menuId=PS03449&m_id=3_19&m_mod=461&bbsId=6&nttSn=527&num=0&pageIndex=47,,https://farmer.rda.go.kr/portal/menu6/board_lst1.do?m_id=3_19&m_mod=0&menuId=PS03449&pageIndex=47,html/152_PS03449_p47.html,농촌진흥청 농업인안전365
212,6,홍보,뉴스모음집,뉴스모음집,"(농민신문) ""별일 있겠어"" 방심 금물…'사고 나기 전' 예방 최선",2021-09-24,0,47,https://farmer.rda.go.kr/portal/menu1/board_viw.do?menuId=PS03449&m_id=3_19&m_mod=462&bbsId=6&nttSn=212&num=0&pageIndex=47,,https://farmer.rda.go.kr/portal/menu6/board_lst1.do?m_id=3_19&m_mod=0&menuId=PS03449&pageIndex=47,html/152_PS03449_p47.html,농촌진흥청 농업인안전365
65,6,홍보,홍보성과,홍보성과,"농촌진흥청, 이달의 신간 [농작업 안전보건관리(개정판)]",2021-09-23,0,47,https://farmer.rda.go.kr/portal/menu1/board_viw.do?menuId=PS03449&m_id=3_19&m_mod=463&bbsId=6&nttSn=65&num=0&pageIndex=47,,https://farmer.rda.go.kr/portal/menu6/board_lst1.do?m_id=3_19&m_mod=0&menuId=PS03449&pageIndex=47,html/152_PS03449_p47.html,농촌진흥청 농업인안전365
66,6,홍보,홍보성과,홍보성과,"농촌진흥청, 농작업용 에어냉각조끼 개발… 의복 내 온도 최대 6℃ 낮아져",2021-09-23,0,47,https://farmer.rda.go.kr/portal/menu1/board_viw.do?menuId=PS03449&m_id=3_19&m_mod=464&bbsId=6&nttSn=66&num=0&pageIndex=47,,https://farmer.rda.go.kr/portal/menu6/board_lst1.do?m_id=3_19&m_mod=0&menuId=PS03449&pageIndex=47,html/152_PS03449_p47.html,농촌진흥청 농업인안전365
382,6,홍보,전문지·기고,농기계,농기계 교통사고 현황과 예방방안(농축산기계신문_김경수),2021-09-23,0,47,https://farmer.rda.go.kr/portal/menu1/board_viw.do?menuId=PS03449&m_id=3_19&m_mod=465&bbsId=6&nttSn=382&num=0&pageIndex=47,,https://farmer.rda.go.kr/portal/menu6/board_lst1.do?m_id=3_19&m_mod=0&menuId=PS03449&pageIndex=47,html/152_PS03449_p47.html,농촌진흥청 농업인안전365
383,6,홍보,전문지·기고,농기계,농기계 안전사고 사례와 예방방안(농축산기계신문_김경수),2021-09-23,0,47,https://farmer.rda.go.kr/portal/menu1/board_viw.do?menuId=PS03449&m_id=3_19&m_mod=466&bbsId=6&nttSn=383&num=0&pageIndex=47,,https://farmer.rda.go.kr/portal/menu6/board_lst1.do?m_id=3_19&m_mod=0&menuId=PS03449&pageIndex=47,html/152_PS03449_p47.html,농촌진흥청 농업인안전365
384,6,홍보,전문지·기고,온열·한랭,폭염과 온열질환 안전관리(농축산기계신문_김인수),2021-09-23,0,47,https://farmer.rda.go.kr/portal/menu1/board_viw.do?menuId=PS03449&m_id=3_19&m_mod=467&bbsId=6&nttSn=384&num=0&pageIndex=47,,https://farmer.rda.go.kr/portal/menu6/board_lst1.do?m_id=3_19&m_mod=0&menuId=PS03449&pageIndex=47,html/152_PS03449_p47.html,농촌진흥청 농업인안전365
213,6,홍보,뉴스모음집,뉴스모음집,(경기신문) 가평군 농업인대상 농작업 안전화 1500켤레 보급,2021-09-17,0,47,https://farmer.rda.go.kr/portal/menu1/board_viw.do?menuId=PS03449&m_id=3_19&m_mod=468&bbsId=6&nttSn=213&num=0&pageIndex=47,,https://farmer.rda.go.kr/portal/menu6/board_lst1.do?m_id=3_19&m_mod=0&menuId=PS03449&pageIndex=47,html/152_PS03449_p47.html,농촌진흥청 농업인안전365
214,6,홍보,뉴스모음집,뉴스모음집,"(세이프티퍼스트닷뉴스) 인간공학과 4차산업혁명기술, 농업분야 웨어러블 슈트도입에 대한 평가 분석과 과제",2021-09-13,0,47,https://farmer.rda.go.kr/portal/menu1/board_viw.do?menuId=PS03449&m_id=3_19&m_mod=469&bbsId=6&nttSn=214&num=0&pageIndex=47,,https://farmer.rda.go.kr/portal/menu6/board_lst1.do?m_id=3_19&m_mod=0&menuId=PS03449&pageIndex=47,html/152_PS03449_p47.html,농촌진흥청 농업인안전365
528,6,홍보,활동소식,활동소식,2021 농업기술박람회 (현장맞춤기술 가상전시관 전시),2021-09-10,0,47,https://farmer.rda.go.kr/portal/menu1/board_viw.do?menuId=PS03449&m_id=3_19&m_mod=470&bbsId=6&nttSn=528&num=0&pageIndex=47,,https://farmer.rda.go.kr/portal/menu6/board_lst1.do?m_id=3_19&m_mod=0&menuId=PS03449&pageIndex=47,html/152_PS03449_p47.html,농촌진흥청 농업인안전365
215,6,홍보,뉴스모음집,뉴스모음집,(농촌여성신문) 농업안전재해 예방 법. 제도 보완 시급,2021-09-01,0,48,https://farmer.rda.go.kr/portal/menu1/board_viw.do?menuId=PS03449&m_id=3_19&m_mod=471&bbsId=6&nttSn=215&num=0&pageIndex=48,,https://farmer.rda.go.kr/portal/menu6/board_lst1.do?m_id=3_19&m_mod=0&menuId=PS03449&pageIndex=48,html/153_PS03449_p48.html,농촌진흥청 농업인안전365
529,6,홍보,활동소식,농약·화학물질,KBS 6시 내고향 '안농하세요. 농약 안전사고 예방법' 출연,2021-08-27,0,48,https://farmer.rda.go.kr/portal/menu1/board_viw.do?menuId=PS03449&m_id=3_19&m_mod=472&bbsId=6&nttSn=529&num=0&pageIndex=48,,https://farmer.rda.go.kr/portal/menu6/board_lst1.do?m_id=3_19&m_mod=0&menuId=PS03449&pageIndex=48,html/153_PS03449_p48.html,농촌진흥청 농업인안전365
216,6,홍보,뉴스모음집,뉴스모음집,(농민신문) 골병 앓는 여성농민 수두룩… ‘특수건강검진’ 절실,2021-08-25,0,48,https://farmer.rda.go.kr/portal/menu1/board_viw.do?menuId=PS03449&m_id=3_19&m_mod=473&bbsId=6&nttSn=216&num=0&pageIndex=48,,https://farmer.rda.go.kr/portal/menu6/board_lst1.do?m_id=3_19&m_mod=0&menuId=PS03449&pageIndex=48,html/153_PS03449_p48.html,농촌진흥청 농업인안전365
530,6,홍보,활동소식,농약·화학물질,NBS 한국농업방송 '안전한 농약 사용의 모든 것' 출연,2021-08-24,0,48,https://farmer.rda.go.kr/portal/menu1/board_viw.do?menuId=PS03449&m_id=3_19&m_mod=474&bbsId=6&nttSn=530&num=0&pageIndex=48,,https://farmer.rda.go.kr/portal/menu6/board_lst1.do?m_id=3_19&m_mod=0&menuId=PS03449&pageIndex=48,html/153_PS03449_p48.html,농촌진흥청 농업인안전365
385,6,홍보,전문지·기고,전문지·기고,스위치. 디스플레이는 색상. 라벨로 구분을...(농촌여성신문_안전하고 건강한 영농가이드21),2021-08-24,0,48,https://farmer.rda.go.kr/portal/menu1/board_viw.do?menuId=PS03449&m_id=3_19&m_mod=475&bbsId=6&nttSn=385&num=0&pageIndex=48,,https://farmer.rda.go.kr/portal/menu6/board_lst1.do?m_id=3_19&m_mod=0&menuId=PS03449&pageIndex=48,html/153_PS03449_p48.html,농촌진흥청 농업인안전365
386,6,홍보,전문지·기고,전문지·기고,높은데서 작업할 땐 안전한 발판 이용을...(농촌여성신문_안전하고 건강한 영농가이드20),2021-08-24,0,48,https://farmer.rda.go.kr/portal/menu1/board_viw.do?menuId=PS03449&m_id=3_19&m_mod=476&bbsId=6&nttSn=386&num=0&pageIndex=48,,https://farmer.rda.go.kr/portal/menu6/board_lst1.do?m_id=3_19&m_mod=0&menuId=PS03449&pageIndex=48,html/153_PS03449_p48.html,농촌진흥청 농업인안전365
387,6,홍보,전문지·기고,전문지·기고,고정구로 물건을 고정시키고 안전하게 작업하라(농촌여성신문_안전하고 건강한 영농가이드19),2021-08-24,0,48,https://farmer.rda.go.kr/portal/menu1/board_viw.do?menuId=PS03449&m_id=3_19&m_mod=477&bbsId=6&nttSn=387&num=0&pageIndex=48,,https://farmer.rda.go.kr/portal/menu6/board_lst1.do?m_id=3_19&m_mod=0&menuId=PS03449&pageIndex=48,html/153_PS03449_p48.html,농촌진흥청 농업인안전365
217,6,홍보,뉴스모음집,뉴스모음집,(농촌여성신문) 농업인 건강관리는 예산삭감 대상될 수 없다.,2021-08-18,0,48,https://farmer.rda.go.kr/portal/menu1/board_viw.do?menuId=PS03449&m_id=3_19&m_mod=478&bbsId=6&nttSn=217&num=0&pageIndex=48,,https://farmer.rda.go.kr/portal/menu6/board_lst1.do?m_id=3_19&m_mod=0&menuId=PS03449&pageIndex=48,html/153_PS03449_p48.html,농촌진흥청 농업인안전365
218,6,홍보,뉴스모음집,뉴스모음집,(농촌여성신문) 농어업 재해예방 활동 따라 보험료 할인혜택 적용,2021-08-18,0,48,https://farmer.rda.go.kr/portal/menu1/board_viw.do?menuId=PS03449&m_id=3_19&m_mod=479&bbsId=6&nttSn=218&num=0&pageIndex=48,,https://farmer.rda.go.kr/portal/menu6/board_lst1.do?m_id=3_19&m_mod=0&menuId=PS03449&pageIndex=48,html/153_PS03449_p48.html,농촌진흥청 농업인안전365
219,6,홍보,뉴스모음집,뉴스모음집,(농민신문) '농업판 네이버' 온다…과학영농 이끄는 다재다능 도우미,2021-08-18,0,48,https://farmer.rda.go.kr/portal/menu1/board_viw.do?menuId=PS03449&m_id=3_19&m_mod=480&bbsId=6&nttSn=219&num=0&pageIndex=48,,https://farmer.rda.go.kr/portal/menu6/board_lst1.do?m_id=3_19&m_mod=0&menuId=PS03449&pageIndex=48,html/153_PS03449_p48.html,농촌진흥청 농업인안전365
220,6,홍보,뉴스모음집,뉴스모음집,"(농업인신문) ""여성농업인 특수건강검진 예산 편성하라""",2021-08-18,0,49,https://farmer.rda.go.kr/portal/menu1/board_viw.do?menuId=PS03449&m_id=3_19&m_mod=481&bbsId=6&nttSn=220&num=0&pageIndex=49,,https://farmer.rda.go.kr/portal/menu6/board_lst1.do?m_id=3_19&m_mod=0&menuId=PS03449&pageIndex=49,html/154_PS03449_p49.html,농촌진흥청 농업인안전365
221,6,홍보,뉴스모음집,뉴스모음집,(신아일보) 농작업 사망자 5년간 1365명…농진청 예방 예산은 감소,2021-08-12,0,49,https://farmer.rda.go.kr/portal/menu1/board_viw.do?menuId=PS03449&m_id=3_19&m_mod=482&bbsId=6&nttSn=221&num=0&pageIndex=49,,https://farmer.rda.go.kr/portal/menu6/board_lst1.do?m_id=3_19&m_mod=0&menuId=PS03449&pageIndex=49,html/154_PS03449_p49.html,농촌진흥청 농업인안전365
222,6,홍보,뉴스모음집,뉴스모음집,(농민신문) 병원까지 거리 서울 3㎞·경남 32㎞…비수도권 생활 환경 열악,2021-08-11,0,49,https://farmer.rda.go.kr/portal/menu1/board_viw.do?menuId=PS03449&m_id=3_19&m_mod=483&bbsId=6&nttSn=222&num=0&pageIndex=49,,https://farmer.rda.go.kr/portal/menu6/board_lst1.do?m_id=3_19&m_mod=0&menuId=PS03449&pageIndex=49,html/154_PS03449_p49.html,농촌진흥청 농업인안전365
223,6,홍보,뉴스모음집,뉴스모음집,(농민신문) 농가 재해보험 의무가입…전문가 현장 찾아 안전관리 살펴,2021-08-11,0,49,https://farmer.rda.go.kr/portal/menu1/board_viw.do?menuId=PS03449&m_id=3_19&m_mod=484&bbsId=6&nttSn=223&num=0&pageIndex=49,,https://farmer.rda.go.kr/portal/menu6/board_lst1.do?m_id=3_19&m_mod=0&menuId=PS03449&pageIndex=49,html/154_PS03449_p49.html,농촌진흥청 농업인안전365
67,6,홍보,홍보성과,홍보성과,(YTN-TV) 농작업용 냉각조끼 개발...옷 온도 14%↓ 습도 25%↓,2021-08-09,0,49,https://farmer.rda.go.kr/portal/menu1/board_viw.do?menuId=PS03449&m_id=3_19&m_mod=485&bbsId=6&nttSn=67&num=0&pageIndex=49,,https://farmer.rda.go.kr/portal/menu6/board_lst1.do?m_id=3_19&m_mod=0&menuId=PS03449&pageIndex=49,html/154_PS03449_p49.html,농촌진흥청 농업인안전365
224,6,홍보,뉴스모음집,뉴스모음집,(아시아투데이) 사고·질병 농가에 영농도우미 간다...인건비 70% 지원,2021-08-06,0,49,https://farmer.rda.go.kr/portal/menu1/board_viw.do?menuId=PS03449&m_id=3_19&m_mod=486&bbsId=6&nttSn=224&num=0&pageIndex=49,,https://farmer.rda.go.kr/portal/menu6/board_lst1.do?m_id=3_19&m_mod=0&menuId=PS03449&pageIndex=49,html/154_PS03449_p49.html,농촌진흥청 농업인안전365
225,6,홍보,뉴스모음집,뉴스모음집,"(농민신문) ""여성농 특수건강검진 예산 편성을 …농업안전보건센터 운영도 확대해야""",2021-08-06,0,49,https://farmer.rda.go.kr/portal/menu1/board_viw.do?menuId=PS03449&m_id=3_19&m_mod=487&bbsId=6&nttSn=225&num=0&pageIndex=49,,https://farmer.rda.go.kr/portal/menu6/board_lst1.do?m_id=3_19&m_mod=0&menuId=PS03449&pageIndex=49,html/154_PS03449_p49.html,농촌진흥청 농업인안전365
226,6,홍보,뉴스모음집,뉴스모음집,(아시아투데이) 농업인 건강과 안전 위에 미래 농촌 세워지길,2021-08-05,0,49,https://farmer.rda.go.kr/portal/menu1/board_viw.do?menuId=PS03449&m_id=3_19&m_mod=488&bbsId=6&nttSn=226&num=0&pageIndex=49,,https://farmer.rda.go.kr/portal/menu6/board_lst1.do?m_id=3_19&m_mod=0&menuId=PS03449&pageIndex=49,html/154_PS03449_p49.html,농촌진흥청 농업인안전365
227,6,홍보,뉴스모음집,뉴스모음집,"(한국농어민신문) ""여성농 특수건강검진 예산 편성...농부병 국가가 책임 치료하라""",2021-08-05,0,49,https://farmer.rda.go.kr/portal/menu1/board_viw.do?menuId=PS03449&m_id=3_19&m_mod=489&bbsId=6&nttSn=227&num=0&pageIndex=49,,https://farmer.rda.go.kr/portal/menu6/board_lst1.do?m_id=3_19&m_mod=0&menuId=PS03449&pageIndex=49,html/154_PS03449_p49.html,농촌진흥청 농업인안전365
228,6,홍보,뉴스모음집,뉴스모음집,"(농촌여성신문) 농진청, 농작업용 '공기냉각조끼' 개발",2021-07-30,0,49,https://farmer.rda.go.kr/portal/menu1/board_viw.do?menuId=PS03449&m_id=3_19&m_mod=490&bbsId=6&nttSn=228&num=0&pageIndex=49,,https://farmer.rda.go.kr/portal/menu6/board_lst1.do?m_id=3_19&m_mod=0&menuId=PS03449&pageIndex=49,html/154_PS03449_p49.html,농촌진흥청 농업인안전365
