작물,병해충,유형,지역,위험도_2024,위험도_2026,전망위험도_2027,추세,신뢰도,관측수,근거연도,전망근거,대응유형,기본전망위험도_2027,기상근거보정,기상일치지수,주요기상요인,기상근거상태,공통기상비교월수,기상근거설명,모델버전,전망한계
사과,갈색무늬병,병해,강원특별자치도,0.0,1.0,1,유지,보통,9,2024·2026,"기준선 비교: 2026 유지 0.8점, 2024·2026 가중평균 0.5점, 선택 모델(완화 추세+표본 축소) 1.1점. 지역 변화 +0.8점을 표본가중치 0.43로 같은 병해충·작물의 지역 중앙 변화 +1.0점 방향에 축소하고, 1년 연장 변화는 ±20점으로 제한했습니다. 양년 자료 있음, 공통 조사단위 3개, 유효 관측 9건, 결측률 0.0%, 단위별 변화 변동성 1.0점. 비교는 가능하지만 표본 또는 변동성에 불확실성이 남습니다. 2024·2026 두 개 연도의 NCPMS 예찰자료만 사용한 상대 위험 전망으로, 기상·재배면적·방제 변화와 2027년 실제 발생을 확정하지 않습니다. ASOS 공통 조사월 2개에서 기온·습도·강수·풍속의 관측 연관성을 추세 연장분에만 최대 ±3점으로 제한 적용(보정 +0점). 2027년 미래 기상값은 생성하거나 가정하지 않았습니다.",관찰,1,0,0.0143,습도,기상 근거 보강,2,ASOS 공통 조사월 2개에서 기온·습도·강수·풍속의 관측 연관성을 추세 연장분에만 최대 ±3점으로 제한 적용(보정 +0점). 2027년 미래 기상값은 생성하거나 가정하지 않았습니다.,F27-WX1 설명가능 완화추세,"2024·2026 관측자료와 ASOS 공통 조사월의 연관성을 이용한 상대 위험 전망입니다. 2026년은 부분연도이며, 2027년 실제 기상·발생·확률을 확정하지 않습니다."
사과,갈색무늬병,병해,경기도,0.0,6.0,7,유지,보통,9,2024·2026,"기준선 비교: 2026 유지 6.0점, 2024·2026 가중평균 3.9점, 선택 모델(완화 추세+표본 축소) 7.1점. 지역 변화 +6.0점을 표본가중치 0.43로 같은 병해충·작물의 지역 중앙 변화 +1.0점 방향에 축소하고, 1년 연장 변화는 ±20점으로 제한했습니다. 양년 자료 있음, 공통 조사단위 3개, 유효 관측 9건, 결측률 0.0%, 단위별 변화 변동성 4.0점. 비교는 가능하지만 표본 또는 변동성에 불확실성이 남습니다. 2024·2026 두 개 연도의 NCPMS 예찰자료만 사용한 상대 위험 전망으로, 기상·재배면적·방제 변화와 2027년 실제 발생을 확정하지 않습니다. ASOS 공통 조사월 2개에서 기온·습도·강수·풍속의 관측 연관성을 추세 연장분에만 최대 ±3점으로 제한 적용(보정 +0점). 2027년 미래 기상값은 생성하거나 가정하지 않았습니다.",관찰,7,0,-0.0144,강수량,기상 근거 보강,2,ASOS 공통 조사월 2개에서 기온·습도·강수·풍속의 관측 연관성을 추세 연장분에만 최대 ±3점으로 제한 적용(보정 +0점). 2027년 미래 기상값은 생성하거나 가정하지 않았습니다.,F27-WX1 설명가능 완화추세,"2024·2026 관측자료와 ASOS 공통 조사월의 연관성을 이용한 상대 위험 전망입니다. 2026년은 부분연도이며, 2027년 실제 기상·발생·확률을 확정하지 않습니다."
사과,갈색무늬병,병해,경상남도,38.0,2.0,0,유지,보통,9,2024·2026,"기준선 비교: 2026 유지 1.7점, 2024·2026 가중평균 14.5점, 선택 모델(완화 추세+표본 축소) 0.0점. 지역 변화 -36.6점을 표본가중치 0.43로 같은 병해충·작물의 지역 중앙 변화 +1.0점 방향에 축소하고, 1년 연장 변화는 ±20점으로 제한했습니다. 양년 자료 있음, 공통 조사단위 3개, 유효 관측 9건, 결측률 0.0%, 단위별 변화 변동성 31.6점. 비교는 가능하지만 표본 또는 변동성에 불확실성이 남습니다. 2024·2026 두 개 연도의 NCPMS 예찰자료만 사용한 상대 위험 전망으로, 기상·재배면적·방제 변화와 2027년 실제 발생을 확정하지 않습니다. ASOS 공통 조사월 2개에서 기온·습도·강수·풍속의 관측 연관성을 추세 연장분에만 최대 ±3점으로 제한 적용(보정 +0점). 2027년 미래 기상값은 생성하거나 가정하지 않았습니다.",관찰,0,0,-0.0162,강수량,기상 근거 보강,2,ASOS 공통 조사월 2개에서 기온·습도·강수·풍속의 관측 연관성을 추세 연장분에만 최대 ±3점으로 제한 적용(보정 +0점). 2027년 미래 기상값은 생성하거나 가정하지 않았습니다.,F27-WX1 설명가능 완화추세,"2024·2026 관측자료와 ASOS 공통 조사월의 연관성을 이용한 상대 위험 전망입니다. 2026년은 부분연도이며, 2027년 실제 기상·발생·확률을 확정하지 않습니다."
사과,갈색무늬병,병해,경상북도,0.0,0.0,0,유지,보통,9,2024·2026,"기준선 비교: 2026 유지 0.0점, 2024·2026 가중평균 0.0점, 선택 모델(완화 추세+표본 축소) 0.2점. 지역 변화 +0.0점을 표본가중치 0.43로 같은 병해충·작물의 지역 중앙 변화 +1.0점 방향에 축소하고, 1년 연장 변화는 ±20점으로 제한했습니다. 양년 자료 있음, 공통 조사단위 3개, 유효 관측 9건, 결측률 0.0%, 단위별 변화 변동성 0.0점. 비교는 가능하지만 표본 또는 변동성에 불확실성이 남습니다. 2024·2026 두 개 연도의 NCPMS 예찰자료만 사용한 상대 위험 전망으로, 기상·재배면적·방제 변화와 2027년 실제 발생을 확정하지 않습니다. ASOS 공통 조사월 2개에서 기온·습도·강수·풍속의 관측 연관성을 추세 연장분에만 최대 ±3점으로 제한 적용(보정 +0점). 2027년 미래 기상값은 생성하거나 가정하지 않았습니다.",관찰,0,0,0.0127,습도,기상 근거 보강,2,ASOS 공통 조사월 2개에서 기온·습도·강수·풍속의 관측 연관성을 추세 연장분에만 최대 ±3점으로 제한 적용(보정 +0점). 2027년 미래 기상값은 생성하거나 가정하지 않았습니다.,F27-WX1 설명가능 완화추세,"2024·2026 관측자료와 ASOS 공통 조사월의 연관성을 이용한 상대 위험 전망입니다. 2026년은 부분연도이며, 2027년 실제 기상·발생·확률을 확정하지 않습니다."
사과,갈색무늬병,병해,대구광역시,33.0,,,전망자료 부족,낮음,3,2024,"양년 자료 없음, 공통 조사단위 0개, 유효 관측 3건, 결측률 0.0%, 단위별 변화 변동성 100.0점. 제한된 비교 단위 또는 변동성 때문에 보수적으로 낮게 평가합니다. 2024·2026 두 개 연도의 NCPMS 예찰자료만 사용한 상대 위험 전망으로, 기상·재배면적·방제 변화와 2027년 실제 발생을 확정하지 않습니다. ASOS 공통 조사월 0개에서 기온·습도·강수·풍속의 관측 연관성을 추세 연장분에만 최대 ±3점으로 제한 적용(보정 +0점). 2027년 미래 기상값은 생성하거나 가정하지 않았습니다.",전망자료 부족,,,0.0,—,기상근거 부족,0,ASOS 공통 조사월 0개에서 기온·습도·강수·풍속의 관측 연관성을 추세 연장분에만 최대 ±3점으로 제한 적용(보정 +0점). 2027년 미래 기상값은 생성하거나 가정하지 않았습니다.,F27-WX1 설명가능 완화추세,"2024·2026 관측자료와 ASOS 공통 조사월의 연관성을 이용한 상대 위험 전망입니다. 2026년은 부분연도이며, 2027년 실제 기상·발생·확률을 확정하지 않습니다."
사과,갈색무늬병,병해,전남광주통합특별시,41.0,60.0,63,유지,보통,8,2024·2026,"기준선 비교: 2026 유지 60.0점, 2024·2026 가중평균 53.5점, 선택 모델(완화 추세+표본 축소) 62.8점. 지역 변화 +18.7점을 표본가중치 0.40로 같은 병해충·작물의 지역 중앙 변화 +1.0점 방향에 축소하고, 1년 연장 변화는 ±20점으로 제한했습니다. 양년 자료 있음, 공통 조사단위 2개, 유효 관측 8건, 결측률 0.0%, 단위별 변화 변동성 2.4점. 비교는 가능하지만 표본 또는 변동성에 불확실성이 남습니다. 2024·2026 두 개 연도의 NCPMS 예찰자료만 사용한 상대 위험 전망으로, 기상·재배면적·방제 변화와 2027년 실제 발생을 확정하지 않습니다. ASOS 공통 조사월 2개에서 기온·습도·강수·풍속의 관측 연관성을 추세 연장분에만 최대 ±3점으로 제한 적용(보정 +0점). 2027년 미래 기상값은 생성하거나 가정하지 않았습니다.",주의,63,0,-0.015,강수량,기상 근거 보강,2,ASOS 공통 조사월 2개에서 기온·습도·강수·풍속의 관측 연관성을 추세 연장분에만 최대 ±3점으로 제한 적용(보정 +0점). 2027년 미래 기상값은 생성하거나 가정하지 않았습니다.,F27-WX1 설명가능 완화추세,"2024·2026 관측자료와 ASOS 공통 조사월의 연관성을 이용한 상대 위험 전망입니다. 2026년은 부분연도이며, 2027년 실제 기상·발생·확률을 확정하지 않습니다."
사과,갈색무늬병,병해,전북특별자치도,7.0,3.0,2,유지,보통,9,2024·2026,"기준선 비교: 2026 유지 2.8점, 2024·2026 가중평균 4.3점, 선택 모델(완화 추세+표본 축소) 2.3점. 지역 변화 -4.4점을 표본가중치 0.43로 같은 병해충·작물의 지역 중앙 변화 +1.0점 방향에 축소하고, 1년 연장 변화는 ±20점으로 제한했습니다. 양년 자료 있음, 공통 조사단위 3개, 유효 관측 9건, 결측률 0.0%, 단위별 변화 변동성 10.1점. 비교는 가능하지만 표본 또는 변동성에 불확실성이 남습니다. 2024·2026 두 개 연도의 NCPMS 예찰자료만 사용한 상대 위험 전망으로, 기상·재배면적·방제 변화와 2027년 실제 발생을 확정하지 않습니다. ASOS 공통 조사월 2개에서 기온·습도·강수·풍속의 관측 연관성을 추세 연장분에만 최대 ±3점으로 제한 적용(보정 +0점). 2027년 미래 기상값은 생성하거나 가정하지 않았습니다.",관찰,2,0,-0.0029,강수량,기상 근거 보강,2,ASOS 공통 조사월 2개에서 기온·습도·강수·풍속의 관측 연관성을 추세 연장분에만 최대 ±3점으로 제한 적용(보정 +0점). 2027년 미래 기상값은 생성하거나 가정하지 않았습니다.,F27-WX1 설명가능 완화추세,"2024·2026 관측자료와 ASOS 공통 조사월의 연관성을 이용한 상대 위험 전망입니다. 2026년은 부분연도이며, 2027년 실제 기상·발생·확률을 확정하지 않습니다."
사과,갈색무늬병,병해,충청남도,3.0,30.0,35,증가,보통,9,2024·2026,"기준선 비교: 2026 유지 30.3점, 2024·2026 가중평균 20.8점, 선택 모델(완화 추세+표본 축소) 34.6점. 지역 변화 +27.2점을 표본가중치 0.43로 같은 병해충·작물의 지역 중앙 변화 +1.0점 방향에 축소하고, 1년 연장 변화는 ±20점으로 제한했습니다. 양년 자료 있음, 공통 조사단위 3개, 유효 관측 9건, 결측률 0.0%, 단위별 변화 변동성 24.8점. 비교는 가능하지만 표본 또는 변동성에 불확실성이 남습니다. 2024·2026 두 개 연도의 NCPMS 예찰자료만 사용한 상대 위험 전망으로, 기상·재배면적·방제 변화와 2027년 실제 발생을 확정하지 않습니다. ASOS 공통 조사월 2개에서 기온·습도·강수·풍속의 관측 연관성을 추세 연장분에만 최대 ±3점으로 제한 적용(보정 +0점). 2027년 미래 기상값은 생성하거나 가정하지 않았습니다.",주의,35,0,0.0048,기온,기상 근거 보강,2,ASOS 공통 조사월 2개에서 기온·습도·강수·풍속의 관측 연관성을 추세 연장분에만 최대 ±3점으로 제한 적용(보정 +0점). 2027년 미래 기상값은 생성하거나 가정하지 않았습니다.,F27-WX1 설명가능 완화추세,"2024·2026 관측자료와 ASOS 공통 조사월의 연관성을 이용한 상대 위험 전망입니다. 2026년은 부분연도이며, 2027년 실제 기상·발생·확률을 확정하지 않습니다."
사과,갈색무늬병,병해,충청북도,20.0,21.0,21,유지,보통,9,2024·2026,"기준선 비교: 2026 유지 21.1점, 2024·2026 가중평균 20.7점, 선택 모델(완화 추세+표본 축소) 21.5점. 지역 변화 +1.1점을 표본가중치 0.43로 같은 병해충·작물의 지역 중앙 변화 +1.0점 방향에 축소하고, 1년 연장 변화는 ±20점으로 제한했습니다. 양년 자료 있음, 공통 조사단위 3개, 유효 관측 9건, 결측률 0.0%, 단위별 변화 변동성 3.5점. 비교는 가능하지만 표본 또는 변동성에 불확실성이 남습니다. 2024·2026 두 개 연도의 NCPMS 예찰자료만 사용한 상대 위험 전망으로, 기상·재배면적·방제 변화와 2027년 실제 발생을 확정하지 않습니다. ASOS 공통 조사월 2개에서 기온·습도·강수·풍속의 관측 연관성을 추세 연장분에만 최대 ±3점으로 제한 적용(보정 +0점). 2027년 미래 기상값은 생성하거나 가정하지 않았습니다.",관찰,21,0,-0.0026,기온,기상 근거 보강,2,ASOS 공통 조사월 2개에서 기온·습도·강수·풍속의 관측 연관성을 추세 연장분에만 최대 ±3점으로 제한 적용(보정 +0점). 2027년 미래 기상값은 생성하거나 가정하지 않았습니다.,F27-WX1 설명가능 완화추세,"2024·2026 관측자료와 ASOS 공통 조사월의 연관성을 이용한 상대 위험 전망입니다. 2026년은 부분연도이며, 2027년 실제 기상·발생·확률을 확정하지 않습니다."
포도,갈색무늬병,병해,경기도,0.0,30.0,38,증가,보통,13,2024·2026,"기준선 비교: 2026 유지 30.4점, 2024·2026 가중평균 19.7점, 선택 모델(완화 추세+표본 축소) 38.0점. 지역 변화 +30.4점을 표본가중치 0.52로 같은 병해충·작물의 지역 중앙 변화 +12.5점 방향에 축소하고, 1년 연장 변화는 ±20점으로 제한했습니다. 양년 자료 있음, 공통 조사단위 5개, 유효 관측 13건, 결측률 0.0%, 단위별 변화 변동성 0.0점. 비교는 가능하지만 표본 또는 변동성에 불확실성이 남습니다. 2024·2026 두 개 연도의 NCPMS 예찰자료만 사용한 상대 위험 전망으로, 기상·재배면적·방제 변화와 2027년 실제 발생을 확정하지 않습니다. ASOS 공통 조사월 3개에서 기온·습도·강수·풍속의 관측 연관성을 추세 연장분에만 최대 ±3점으로 제한 적용(보정 +0점). 2027년 미래 기상값은 생성하거나 가정하지 않았습니다.",주의,38,0,-0.0932,습도,기상 근거 보강,3,ASOS 공통 조사월 3개에서 기온·습도·강수·풍속의 관측 연관성을 추세 연장분에만 최대 ±3점으로 제한 적용(보정 +0점). 2027년 미래 기상값은 생성하거나 가정하지 않았습니다.,F27-WX1 설명가능 완화추세,"2024·2026 관측자료와 ASOS 공통 조사월의 연관성을 이용한 상대 위험 전망입니다. 2026년은 부분연도이며, 2027년 실제 기상·발생·확률을 확정하지 않습니다."
포도,갈색무늬병,병해,경상남도,0.0,5.0,8,유지,보통,10,2024·2026,"기준선 비교: 2026 유지 4.6점, 2024·2026 가중평균 3.0점, 선택 모델(완화 추세+표본 축소) 7.7점. 지역 변화 +4.6점을 표본가중치 0.45로 같은 병해충·작물의 지역 중앙 변화 +12.5점 방향에 축소하고, 1년 연장 변화는 ±20점으로 제한했습니다. 양년 자료 있음, 공통 조사단위 2개, 유효 관측 10건, 결측률 0.0%, 단위별 변화 변동성 3.8점. 비교는 가능하지만 표본 또는 변동성에 불확실성이 남습니다. 2024·2026 두 개 연도의 NCPMS 예찰자료만 사용한 상대 위험 전망으로, 기상·재배면적·방제 변화와 2027년 실제 발생을 확정하지 않습니다. ASOS 공통 조사월 1개에서 기온·습도·강수·풍속의 관측 연관성을 추세 연장분에만 최대 ±3점으로 제한 적용(보정 +0점). 2027년 미래 기상값은 생성하거나 가정하지 않았습니다.",관찰,8,0,0.0086,습도,기상 근거 보강,1,ASOS 공통 조사월 1개에서 기온·습도·강수·풍속의 관측 연관성을 추세 연장분에만 최대 ±3점으로 제한 적용(보정 +0점). 2027년 미래 기상값은 생성하거나 가정하지 않았습니다.,F27-WX1 설명가능 완화추세,"2024·2026 관측자료와 ASOS 공통 조사월의 연관성을 이용한 상대 위험 전망입니다. 2026년은 부분연도이며, 2027년 실제 기상·발생·확률을 확정하지 않습니다."
포도,갈색무늬병,병해,경상북도,0.0,49.0,60,증가,보통,13,2024·2026,"기준선 비교: 2026 유지 48.8점, 2024·2026 가중평균 31.7점, 선택 모델(완화 추세+표본 축소) 59.8점. 지역 변화 +48.8점을 표본가중치 0.52로 같은 병해충·작물의 지역 중앙 변화 +12.5점 방향에 축소하고, 1년 연장 변화는 ±20점으로 제한했습니다. 양년 자료 있음, 공통 조사단위 5개, 유효 관측 13건, 결측률 0.0%, 단위별 변화 변동성 24.4점. 비교는 가능하지만 표본 또는 변동성에 불확실성이 남습니다. 2024·2026 두 개 연도의 NCPMS 예찰자료만 사용한 상대 위험 전망으로, 기상·재배면적·방제 변화와 2027년 실제 발생을 확정하지 않습니다. ASOS 공통 조사월 3개에서 기온·습도·강수·풍속의 관측 연관성을 추세 연장분에만 최대 ±3점으로 제한 적용(보정 +0점). 2027년 미래 기상값은 생성하거나 가정하지 않았습니다.",주의,60,0,-0.0212,습도,기상 근거 보강,3,ASOS 공통 조사월 3개에서 기온·습도·강수·풍속의 관측 연관성을 추세 연장분에만 최대 ±3점으로 제한 적용(보정 +0점). 2027년 미래 기상값은 생성하거나 가정하지 않았습니다.,F27-WX1 설명가능 완화추세,"2024·2026 관측자료와 ASOS 공통 조사월의 연관성을 이용한 상대 위험 전망입니다. 2026년은 부분연도이며, 2027년 실제 기상·발생·확률을 확정하지 않습니다."
포도,갈색무늬병,병해,대전광역시,0.0,0.0,2,유지,보통,13,2024·2026,"기준선 비교: 2026 유지 0.0점, 2024·2026 가중평균 0.0점, 선택 모델(완화 추세+표본 축소) 2.1점. 지역 변화 +0.0점을 표본가중치 0.52로 같은 병해충·작물의 지역 중앙 변화 +12.5점 방향에 축소하고, 1년 연장 변화는 ±20점으로 제한했습니다. 양년 자료 있음, 공통 조사단위 5개, 유효 관측 13건, 결측률 0.0%, 단위별 변화 변동성 0.0점. 비교는 가능하지만 표본 또는 변동성에 불확실성이 남습니다. 2024·2026 두 개 연도의 NCPMS 예찰자료만 사용한 상대 위험 전망으로, 기상·재배면적·방제 변화와 2027년 실제 발생을 확정하지 않습니다. ASOS 공통 조사월 3개에서 기온·습도·강수·풍속의 관측 연관성을 추세 연장분에만 최대 ±3점으로 제한 적용(보정 +0점). 2027년 미래 기상값은 생성하거나 가정하지 않았습니다.",관찰,2,0,-0.0132,습도,기상 근거 보강,3,ASOS 공통 조사월 3개에서 기온·습도·강수·풍속의 관측 연관성을 추세 연장분에만 최대 ±3점으로 제한 적용(보정 +0점). 2027년 미래 기상값은 생성하거나 가정하지 않았습니다.,F27-WX1 설명가능 완화추세,"2024·2026 관측자료와 ASOS 공통 조사월의 연관성을 이용한 상대 위험 전망입니다. 2026년은 부분연도이며, 2027년 실제 기상·발생·확률을 확정하지 않습니다."
포도,갈색무늬병,병해,전남광주통합특별시,46.0,1.0,0,유지,낮음,13,2024·2026,"기준선 비교: 2026 유지 1.0점, 2024·2026 가중평균 16.9점, 선택 모델(완화 추세+표본 축소) 0.0점. 지역 변화 -45.4점을 표본가중치 0.52로 같은 병해충·작물의 지역 중앙 변화 +12.5점 방향에 축소하고, 1년 연장 변화는 ±20점으로 제한했습니다. 양년 자료 있음, 공통 조사단위 5개, 유효 관측 13건, 결측률 0.0%, 단위별 변화 변동성 45.3점. 제한된 비교 단위 또는 변동성 때문에 보수적으로 낮게 평가합니다. 2024·2026 두 개 연도의 NCPMS 예찰자료만 사용한 상대 위험 전망으로, 기상·재배면적·방제 변화와 2027년 실제 발생을 확정하지 않습니다. ASOS 공통 조사월 3개에서 기온·습도·강수·풍속의 관측 연관성을 추세 연장분에만 최대 ±3점으로 제한 적용(보정 +0점). 2027년 미래 기상값은 생성하거나 가정하지 않았습니다.",관찰,0,0,-0.0665,습도,기상 근거 보강,3,ASOS 공통 조사월 3개에서 기온·습도·강수·풍속의 관측 연관성을 추세 연장분에만 최대 ±3점으로 제한 적용(보정 +0점). 2027년 미래 기상값은 생성하거나 가정하지 않았습니다.,F27-WX1 설명가능 완화추세,"2024·2026 관측자료와 ASOS 공통 조사월의 연관성을 이용한 상대 위험 전망입니다. 2026년은 부분연도이며, 2027년 실제 기상·발생·확률을 확정하지 않습니다."
포도,갈색무늬병,병해,전북특별자치도,,3.0,,전망자료 부족,낮음,8,2026,"양년 자료 없음, 공통 조사단위 0개, 유효 관측 8건, 결측률 0.0%, 단위별 변화 변동성 100.0점. 제한된 비교 단위 또는 변동성 때문에 보수적으로 낮게 평가합니다. 2024·2026 두 개 연도의 NCPMS 예찰자료만 사용한 상대 위험 전망으로, 기상·재배면적·방제 변화와 2027년 실제 발생을 확정하지 않습니다. ASOS 공통 조사월 0개에서 기온·습도·강수·풍속의 관측 연관성을 추세 연장분에만 최대 ±3점으로 제한 적용(보정 +0점). 2027년 미래 기상값은 생성하거나 가정하지 않았습니다.",전망자료 부족,,,0.0,—,기상근거 부족,0,ASOS 공통 조사월 0개에서 기온·습도·강수·풍속의 관측 연관성을 추세 연장분에만 최대 ±3점으로 제한 적용(보정 +0점). 2027년 미래 기상값은 생성하거나 가정하지 않았습니다.,F27-WX1 설명가능 완화추세,"2024·2026 관측자료와 ASOS 공통 조사월의 연관성을 이용한 상대 위험 전망입니다. 2026년은 부분연도이며, 2027년 실제 기상·발생·확률을 확정하지 않습니다."
포도,갈색무늬병,병해,충청남도,,9.0,,전망자료 부족,낮음,7,2026,"양년 자료 없음, 공통 조사단위 0개, 유효 관측 7건, 결측률 0.0%, 단위별 변화 변동성 100.0점. 제한된 비교 단위 또는 변동성 때문에 보수적으로 낮게 평가합니다. 2024·2026 두 개 연도의 NCPMS 예찰자료만 사용한 상대 위험 전망으로, 기상·재배면적·방제 변화와 2027년 실제 발생을 확정하지 않습니다. ASOS 공통 조사월 0개에서 기온·습도·강수·풍속의 관측 연관성을 추세 연장분에만 최대 ±3점으로 제한 적용(보정 +0점). 2027년 미래 기상값은 생성하거나 가정하지 않았습니다.",전망자료 부족,,,0.0,—,기상근거 부족,0,ASOS 공통 조사월 0개에서 기온·습도·강수·풍속의 관측 연관성을 추세 연장분에만 최대 ±3점으로 제한 적용(보정 +0점). 2027년 미래 기상값은 생성하거나 가정하지 않았습니다.,F27-WX1 설명가능 완화추세,"2024·2026 관측자료와 ASOS 공통 조사월의 연관성을 이용한 상대 위험 전망입니다. 2026년은 부분연도이며, 2027년 실제 기상·발생·확률을 확정하지 않습니다."
포도,갈색무늬병,병해,충청북도,0.0,20.0,26,증가,보통,13,2024·2026,"기준선 비교: 2026 유지 20.4점, 2024·2026 가중평균 13.2점, 선택 모델(완화 추세+표본 축소) 26.2점. 지역 변화 +20.4점을 표본가중치 0.52로 같은 병해충·작물의 지역 중앙 변화 +12.5점 방향에 축소하고, 1년 연장 변화는 ±20점으로 제한했습니다. 양년 자료 있음, 공통 조사단위 5개, 유효 관측 13건, 결측률 0.0%, 단위별 변화 변동성 0.0점. 비교는 가능하지만 표본 또는 변동성에 불확실성이 남습니다. 2024·2026 두 개 연도의 NCPMS 예찰자료만 사용한 상대 위험 전망으로, 기상·재배면적·방제 변화와 2027년 실제 발생을 확정하지 않습니다. ASOS 공통 조사월 3개에서 기온·습도·강수·풍속의 관측 연관성을 추세 연장분에만 최대 ±3점으로 제한 적용(보정 +0점). 2027년 미래 기상값은 생성하거나 가정하지 않았습니다.",관찰,26,0,-0.0653,습도,기상 근거 보강,3,ASOS 공통 조사월 3개에서 기온·습도·강수·풍속의 관측 연관성을 추세 연장분에만 최대 ±3점으로 제한 적용(보정 +0점). 2027년 미래 기상값은 생성하거나 가정하지 않았습니다.,F27-WX1 설명가능 완화추세,"2024·2026 관측자료와 ASOS 공통 조사월의 연관성을 이용한 상대 위험 전망입니다. 2026년은 부분연도이며, 2027년 실제 기상·발생·확률을 확정하지 않습니다."
배,갈색여치,기타,강원특별자치도,0.0,,,전망자료 부족,낮음,2,2024,"양년 자료 없음, 공통 조사단위 0개, 유효 관측 2건, 결측률 0.0%, 단위별 변화 변동성 100.0점. 제한된 비교 단위 또는 변동성 때문에 보수적으로 낮게 평가합니다. 2024·2026 두 개 연도의 NCPMS 예찰자료만 사용한 상대 위험 전망으로, 기상·재배면적·방제 변화와 2027년 실제 발생을 확정하지 않습니다. ASOS 공통 조사월 0개에서 기온·습도·강수·풍속의 관측 연관성을 추세 연장분에만 최대 ±3점으로 제한 적용(보정 +0점). 2027년 미래 기상값은 생성하거나 가정하지 않았습니다.",전망자료 부족,,,0.0,—,기상근거 부족,0,ASOS 공통 조사월 0개에서 기온·습도·강수·풍속의 관측 연관성을 추세 연장분에만 최대 ±3점으로 제한 적용(보정 +0점). 2027년 미래 기상값은 생성하거나 가정하지 않았습니다.,F27-WX1 설명가능 완화추세,"2024·2026 관측자료와 ASOS 공통 조사월의 연관성을 이용한 상대 위험 전망입니다. 2026년은 부분연도이며, 2027년 실제 기상·발생·확률을 확정하지 않습니다."
배,갈색여치,기타,경기도,0.0,,,전망자료 부족,낮음,4,2024,"양년 자료 없음, 공통 조사단위 0개, 유효 관측 4건, 결측률 0.0%, 단위별 변화 변동성 100.0점. 제한된 비교 단위 또는 변동성 때문에 보수적으로 낮게 평가합니다. 2024·2026 두 개 연도의 NCPMS 예찰자료만 사용한 상대 위험 전망으로, 기상·재배면적·방제 변화와 2027년 실제 발생을 확정하지 않습니다. ASOS 공통 조사월 0개에서 기온·습도·강수·풍속의 관측 연관성을 추세 연장분에만 최대 ±3점으로 제한 적용(보정 +0점). 2027년 미래 기상값은 생성하거나 가정하지 않았습니다.",전망자료 부족,,,0.0,—,기상근거 부족,0,ASOS 공통 조사월 0개에서 기온·습도·강수·풍속의 관측 연관성을 추세 연장분에만 최대 ±3점으로 제한 적용(보정 +0점). 2027년 미래 기상값은 생성하거나 가정하지 않았습니다.,F27-WX1 설명가능 완화추세,"2024·2026 관측자료와 ASOS 공통 조사월의 연관성을 이용한 상대 위험 전망입니다. 2026년은 부분연도이며, 2027년 실제 기상·발생·확률을 확정하지 않습니다."
배,갈색여치,기타,경상남도,0.0,,,전망자료 부족,낮음,4,2024,"양년 자료 없음, 공통 조사단위 0개, 유효 관측 4건, 결측률 0.0%, 단위별 변화 변동성 100.0점. 제한된 비교 단위 또는 변동성 때문에 보수적으로 낮게 평가합니다. 2024·2026 두 개 연도의 NCPMS 예찰자료만 사용한 상대 위험 전망으로, 기상·재배면적·방제 변화와 2027년 실제 발생을 확정하지 않습니다. ASOS 공통 조사월 0개에서 기온·습도·강수·풍속의 관측 연관성을 추세 연장분에만 최대 ±3점으로 제한 적용(보정 +0점). 2027년 미래 기상값은 생성하거나 가정하지 않았습니다.",전망자료 부족,,,0.0,—,기상근거 부족,0,ASOS 공통 조사월 0개에서 기온·습도·강수·풍속의 관측 연관성을 추세 연장분에만 최대 ±3점으로 제한 적용(보정 +0점). 2027년 미래 기상값은 생성하거나 가정하지 않았습니다.,F27-WX1 설명가능 완화추세,"2024·2026 관측자료와 ASOS 공통 조사월의 연관성을 이용한 상대 위험 전망입니다. 2026년은 부분연도이며, 2027년 실제 기상·발생·확률을 확정하지 않습니다."
배,갈색여치,기타,경상북도,0.0,,,전망자료 부족,낮음,4,2024,"양년 자료 없음, 공통 조사단위 0개, 유효 관측 4건, 결측률 0.0%, 단위별 변화 변동성 100.0점. 제한된 비교 단위 또는 변동성 때문에 보수적으로 낮게 평가합니다. 2024·2026 두 개 연도의 NCPMS 예찰자료만 사용한 상대 위험 전망으로, 기상·재배면적·방제 변화와 2027년 실제 발생을 확정하지 않습니다. ASOS 공통 조사월 0개에서 기온·습도·강수·풍속의 관측 연관성을 추세 연장분에만 최대 ±3점으로 제한 적용(보정 +0점). 2027년 미래 기상값은 생성하거나 가정하지 않았습니다.",전망자료 부족,,,0.0,—,기상근거 부족,0,ASOS 공통 조사월 0개에서 기온·습도·강수·풍속의 관측 연관성을 추세 연장분에만 최대 ±3점으로 제한 적용(보정 +0점). 2027년 미래 기상값은 생성하거나 가정하지 않았습니다.,F27-WX1 설명가능 완화추세,"2024·2026 관측자료와 ASOS 공통 조사월의 연관성을 이용한 상대 위험 전망입니다. 2026년은 부분연도이며, 2027년 실제 기상·발생·확률을 확정하지 않습니다."
배,갈색여치,기타,세종특별자치시,0.0,,,전망자료 부족,낮음,4,2024,"양년 자료 없음, 공통 조사단위 0개, 유효 관측 4건, 결측률 0.0%, 단위별 변화 변동성 100.0점. 제한된 비교 단위 또는 변동성 때문에 보수적으로 낮게 평가합니다. 2024·2026 두 개 연도의 NCPMS 예찰자료만 사용한 상대 위험 전망으로, 기상·재배면적·방제 변화와 2027년 실제 발생을 확정하지 않습니다. ASOS 공통 조사월 0개에서 기온·습도·강수·풍속의 관측 연관성을 추세 연장분에만 최대 ±3점으로 제한 적용(보정 +0점). 2027년 미래 기상값은 생성하거나 가정하지 않았습니다.",전망자료 부족,,,0.0,—,기상근거 부족,0,ASOS 공통 조사월 0개에서 기온·습도·강수·풍속의 관측 연관성을 추세 연장분에만 최대 ±3점으로 제한 적용(보정 +0점). 2027년 미래 기상값은 생성하거나 가정하지 않았습니다.,F27-WX1 설명가능 완화추세,"2024·2026 관측자료와 ASOS 공통 조사월의 연관성을 이용한 상대 위험 전망입니다. 2026년은 부분연도이며, 2027년 실제 기상·발생·확률을 확정하지 않습니다."
배,갈색여치,기타,울산광역시,0.0,,,전망자료 부족,낮음,4,2024,"양년 자료 없음, 공통 조사단위 0개, 유효 관측 4건, 결측률 0.0%, 단위별 변화 변동성 100.0점. 제한된 비교 단위 또는 변동성 때문에 보수적으로 낮게 평가합니다. 2024·2026 두 개 연도의 NCPMS 예찰자료만 사용한 상대 위험 전망으로, 기상·재배면적·방제 변화와 2027년 실제 발생을 확정하지 않습니다. ASOS 공통 조사월 0개에서 기온·습도·강수·풍속의 관측 연관성을 추세 연장분에만 최대 ±3점으로 제한 적용(보정 +0점). 2027년 미래 기상값은 생성하거나 가정하지 않았습니다.",전망자료 부족,,,0.0,—,기상근거 부족,0,ASOS 공통 조사월 0개에서 기온·습도·강수·풍속의 관측 연관성을 추세 연장분에만 최대 ±3점으로 제한 적용(보정 +0점). 2027년 미래 기상값은 생성하거나 가정하지 않았습니다.,F27-WX1 설명가능 완화추세,"2024·2026 관측자료와 ASOS 공통 조사월의 연관성을 이용한 상대 위험 전망입니다. 2026년은 부분연도이며, 2027년 실제 기상·발생·확률을 확정하지 않습니다."
배,갈색여치,기타,전남광주통합특별시,0.0,,,전망자료 부족,낮음,4,2024,"양년 자료 없음, 공통 조사단위 0개, 유효 관측 4건, 결측률 0.0%, 단위별 변화 변동성 100.0점. 제한된 비교 단위 또는 변동성 때문에 보수적으로 낮게 평가합니다. 2024·2026 두 개 연도의 NCPMS 예찰자료만 사용한 상대 위험 전망으로, 기상·재배면적·방제 변화와 2027년 실제 발생을 확정하지 않습니다. ASOS 공통 조사월 0개에서 기온·습도·강수·풍속의 관측 연관성을 추세 연장분에만 최대 ±3점으로 제한 적용(보정 +0점). 2027년 미래 기상값은 생성하거나 가정하지 않았습니다.",전망자료 부족,,,0.0,—,기상근거 부족,0,ASOS 공통 조사월 0개에서 기온·습도·강수·풍속의 관측 연관성을 추세 연장분에만 최대 ±3점으로 제한 적용(보정 +0점). 2027년 미래 기상값은 생성하거나 가정하지 않았습니다.,F27-WX1 설명가능 완화추세,"2024·2026 관측자료와 ASOS 공통 조사월의 연관성을 이용한 상대 위험 전망입니다. 2026년은 부분연도이며, 2027년 실제 기상·발생·확률을 확정하지 않습니다."
배,갈색여치,기타,충청남도,0.0,,,전망자료 부족,낮음,4,2024,"양년 자료 없음, 공통 조사단위 0개, 유효 관측 4건, 결측률 0.0%, 단위별 변화 변동성 100.0점. 제한된 비교 단위 또는 변동성 때문에 보수적으로 낮게 평가합니다. 2024·2026 두 개 연도의 NCPMS 예찰자료만 사용한 상대 위험 전망으로, 기상·재배면적·방제 변화와 2027년 실제 발생을 확정하지 않습니다. ASOS 공통 조사월 0개에서 기온·습도·강수·풍속의 관측 연관성을 추세 연장분에만 최대 ±3점으로 제한 적용(보정 +0점). 2027년 미래 기상값은 생성하거나 가정하지 않았습니다.",전망자료 부족,,,0.0,—,기상근거 부족,0,ASOS 공통 조사월 0개에서 기온·습도·강수·풍속의 관측 연관성을 추세 연장분에만 최대 ±3점으로 제한 적용(보정 +0점). 2027년 미래 기상값은 생성하거나 가정하지 않았습니다.,F27-WX1 설명가능 완화추세,"2024·2026 관측자료와 ASOS 공통 조사월의 연관성을 이용한 상대 위험 전망입니다. 2026년은 부분연도이며, 2027년 실제 기상·발생·확률을 확정하지 않습니다."
배,갈색여치,기타,충청북도,0.0,,,전망자료 부족,낮음,4,2024,"양년 자료 없음, 공통 조사단위 0개, 유효 관측 4건, 결측률 0.0%, 단위별 변화 변동성 100.0점. 제한된 비교 단위 또는 변동성 때문에 보수적으로 낮게 평가합니다. 2024·2026 두 개 연도의 NCPMS 예찰자료만 사용한 상대 위험 전망으로, 기상·재배면적·방제 변화와 2027년 실제 발생을 확정하지 않습니다. ASOS 공통 조사월 0개에서 기온·습도·강수·풍속의 관측 연관성을 추세 연장분에만 최대 ±3점으로 제한 적용(보정 +0점). 2027년 미래 기상값은 생성하거나 가정하지 않았습니다.",전망자료 부족,,,0.0,—,기상근거 부족,0,ASOS 공통 조사월 0개에서 기온·습도·강수·풍속의 관측 연관성을 추세 연장분에만 최대 ±3점으로 제한 적용(보정 +0점). 2027년 미래 기상값은 생성하거나 가정하지 않았습니다.,F27-WX1 설명가능 완화추세,"2024·2026 관측자료와 ASOS 공통 조사월의 연관성을 이용한 상대 위험 전망입니다. 2026년은 부분연도이며, 2027년 실제 기상·발생·확률을 확정하지 않습니다."
사과,갈색여치,기타,강원특별자치도,0.0,,,전망자료 부족,낮음,3,2024,"양년 자료 없음, 공통 조사단위 0개, 유효 관측 3건, 결측률 0.0%, 단위별 변화 변동성 100.0점. 제한된 비교 단위 또는 변동성 때문에 보수적으로 낮게 평가합니다. 2024·2026 두 개 연도의 NCPMS 예찰자료만 사용한 상대 위험 전망으로, 기상·재배면적·방제 변화와 2027년 실제 발생을 확정하지 않습니다. ASOS 공통 조사월 0개에서 기온·습도·강수·풍속의 관측 연관성을 추세 연장분에만 최대 ±3점으로 제한 적용(보정 +0점). 2027년 미래 기상값은 생성하거나 가정하지 않았습니다.",전망자료 부족,,,0.0,—,기상근거 부족,0,ASOS 공통 조사월 0개에서 기온·습도·강수·풍속의 관측 연관성을 추세 연장분에만 최대 ±3점으로 제한 적용(보정 +0점). 2027년 미래 기상값은 생성하거나 가정하지 않았습니다.,F27-WX1 설명가능 완화추세,"2024·2026 관측자료와 ASOS 공통 조사월의 연관성을 이용한 상대 위험 전망입니다. 2026년은 부분연도이며, 2027년 실제 기상·발생·확률을 확정하지 않습니다."
사과,갈색여치,기타,경기도,0.0,,,전망자료 부족,낮음,3,2024,"양년 자료 없음, 공통 조사단위 0개, 유효 관측 3건, 결측률 0.0%, 단위별 변화 변동성 100.0점. 제한된 비교 단위 또는 변동성 때문에 보수적으로 낮게 평가합니다. 2024·2026 두 개 연도의 NCPMS 예찰자료만 사용한 상대 위험 전망으로, 기상·재배면적·방제 변화와 2027년 실제 발생을 확정하지 않습니다. ASOS 공통 조사월 0개에서 기온·습도·강수·풍속의 관측 연관성을 추세 연장분에만 최대 ±3점으로 제한 적용(보정 +0점). 2027년 미래 기상값은 생성하거나 가정하지 않았습니다.",전망자료 부족,,,0.0,—,기상근거 부족,0,ASOS 공통 조사월 0개에서 기온·습도·강수·풍속의 관측 연관성을 추세 연장분에만 최대 ±3점으로 제한 적용(보정 +0점). 2027년 미래 기상값은 생성하거나 가정하지 않았습니다.,F27-WX1 설명가능 완화추세,"2024·2026 관측자료와 ASOS 공통 조사월의 연관성을 이용한 상대 위험 전망입니다. 2026년은 부분연도이며, 2027년 실제 기상·발생·확률을 확정하지 않습니다."
사과,갈색여치,기타,경상남도,0.0,,,전망자료 부족,낮음,3,2024,"양년 자료 없음, 공통 조사단위 0개, 유효 관측 3건, 결측률 0.0%, 단위별 변화 변동성 100.0점. 제한된 비교 단위 또는 변동성 때문에 보수적으로 낮게 평가합니다. 2024·2026 두 개 연도의 NCPMS 예찰자료만 사용한 상대 위험 전망으로, 기상·재배면적·방제 변화와 2027년 실제 발생을 확정하지 않습니다. ASOS 공통 조사월 0개에서 기온·습도·강수·풍속의 관측 연관성을 추세 연장분에만 최대 ±3점으로 제한 적용(보정 +0점). 2027년 미래 기상값은 생성하거나 가정하지 않았습니다.",전망자료 부족,,,0.0,—,기상근거 부족,0,ASOS 공통 조사월 0개에서 기온·습도·강수·풍속의 관측 연관성을 추세 연장분에만 최대 ±3점으로 제한 적용(보정 +0점). 2027년 미래 기상값은 생성하거나 가정하지 않았습니다.,F27-WX1 설명가능 완화추세,"2024·2026 관측자료와 ASOS 공통 조사월의 연관성을 이용한 상대 위험 전망입니다. 2026년은 부분연도이며, 2027년 실제 기상·발생·확률을 확정하지 않습니다."
사과,갈색여치,기타,경상북도,0.0,,,전망자료 부족,낮음,3,2024,"양년 자료 없음, 공통 조사단위 0개, 유효 관측 3건, 결측률 0.0%, 단위별 변화 변동성 100.0점. 제한된 비교 단위 또는 변동성 때문에 보수적으로 낮게 평가합니다. 2024·2026 두 개 연도의 NCPMS 예찰자료만 사용한 상대 위험 전망으로, 기상·재배면적·방제 변화와 2027년 실제 발생을 확정하지 않습니다. ASOS 공통 조사월 0개에서 기온·습도·강수·풍속의 관측 연관성을 추세 연장분에만 최대 ±3점으로 제한 적용(보정 +0점). 2027년 미래 기상값은 생성하거나 가정하지 않았습니다.",전망자료 부족,,,0.0,—,기상근거 부족,0,ASOS 공통 조사월 0개에서 기온·습도·강수·풍속의 관측 연관성을 추세 연장분에만 최대 ±3점으로 제한 적용(보정 +0점). 2027년 미래 기상값은 생성하거나 가정하지 않았습니다.,F27-WX1 설명가능 완화추세,"2024·2026 관측자료와 ASOS 공통 조사월의 연관성을 이용한 상대 위험 전망입니다. 2026년은 부분연도이며, 2027년 실제 기상·발생·확률을 확정하지 않습니다."
사과,갈색여치,기타,대구광역시,0.0,,,전망자료 부족,낮음,3,2024,"양년 자료 없음, 공통 조사단위 0개, 유효 관측 3건, 결측률 0.0%, 단위별 변화 변동성 100.0점. 제한된 비교 단위 또는 변동성 때문에 보수적으로 낮게 평가합니다. 2024·2026 두 개 연도의 NCPMS 예찰자료만 사용한 상대 위험 전망으로, 기상·재배면적·방제 변화와 2027년 실제 발생을 확정하지 않습니다. ASOS 공통 조사월 0개에서 기온·습도·강수·풍속의 관측 연관성을 추세 연장분에만 최대 ±3점으로 제한 적용(보정 +0점). 2027년 미래 기상값은 생성하거나 가정하지 않았습니다.",전망자료 부족,,,0.0,—,기상근거 부족,0,ASOS 공통 조사월 0개에서 기온·습도·강수·풍속의 관측 연관성을 추세 연장분에만 최대 ±3점으로 제한 적용(보정 +0점). 2027년 미래 기상값은 생성하거나 가정하지 않았습니다.,F27-WX1 설명가능 완화추세,"2024·2026 관측자료와 ASOS 공통 조사월의 연관성을 이용한 상대 위험 전망입니다. 2026년은 부분연도이며, 2027년 실제 기상·발생·확률을 확정하지 않습니다."
사과,갈색여치,기타,전남광주통합특별시,0.0,,,전망자료 부족,낮음,3,2024,"양년 자료 없음, 공통 조사단위 0개, 유효 관측 3건, 결측률 0.0%, 단위별 변화 변동성 100.0점. 제한된 비교 단위 또는 변동성 때문에 보수적으로 낮게 평가합니다. 2024·2026 두 개 연도의 NCPMS 예찰자료만 사용한 상대 위험 전망으로, 기상·재배면적·방제 변화와 2027년 실제 발생을 확정하지 않습니다. ASOS 공통 조사월 0개에서 기온·습도·강수·풍속의 관측 연관성을 추세 연장분에만 최대 ±3점으로 제한 적용(보정 +0점). 2027년 미래 기상값은 생성하거나 가정하지 않았습니다.",전망자료 부족,,,0.0,—,기상근거 부족,0,ASOS 공통 조사월 0개에서 기온·습도·강수·풍속의 관측 연관성을 추세 연장분에만 최대 ±3점으로 제한 적용(보정 +0점). 2027년 미래 기상값은 생성하거나 가정하지 않았습니다.,F27-WX1 설명가능 완화추세,"2024·2026 관측자료와 ASOS 공통 조사월의 연관성을 이용한 상대 위험 전망입니다. 2026년은 부분연도이며, 2027년 실제 기상·발생·확률을 확정하지 않습니다."
사과,갈색여치,기타,전북특별자치도,0.0,,,전망자료 부족,낮음,3,2024,"양년 자료 없음, 공통 조사단위 0개, 유효 관측 3건, 결측률 0.0%, 단위별 변화 변동성 100.0점. 제한된 비교 단위 또는 변동성 때문에 보수적으로 낮게 평가합니다. 2024·2026 두 개 연도의 NCPMS 예찰자료만 사용한 상대 위험 전망으로, 기상·재배면적·방제 변화와 2027년 실제 발생을 확정하지 않습니다. ASOS 공통 조사월 0개에서 기온·습도·강수·풍속의 관측 연관성을 추세 연장분에만 최대 ±3점으로 제한 적용(보정 +0점). 2027년 미래 기상값은 생성하거나 가정하지 않았습니다.",전망자료 부족,,,0.0,—,기상근거 부족,0,ASOS 공통 조사월 0개에서 기온·습도·강수·풍속의 관측 연관성을 추세 연장분에만 최대 ±3점으로 제한 적용(보정 +0점). 2027년 미래 기상값은 생성하거나 가정하지 않았습니다.,F27-WX1 설명가능 완화추세,"2024·2026 관측자료와 ASOS 공통 조사월의 연관성을 이용한 상대 위험 전망입니다. 2026년은 부분연도이며, 2027년 실제 기상·발생·확률을 확정하지 않습니다."
사과,갈색여치,기타,충청남도,0.0,,,전망자료 부족,낮음,3,2024,"양년 자료 없음, 공통 조사단위 0개, 유효 관측 3건, 결측률 0.0%, 단위별 변화 변동성 100.0점. 제한된 비교 단위 또는 변동성 때문에 보수적으로 낮게 평가합니다. 2024·2026 두 개 연도의 NCPMS 예찰자료만 사용한 상대 위험 전망으로, 기상·재배면적·방제 변화와 2027년 실제 발생을 확정하지 않습니다. ASOS 공통 조사월 0개에서 기온·습도·강수·풍속의 관측 연관성을 추세 연장분에만 최대 ±3점으로 제한 적용(보정 +0점). 2027년 미래 기상값은 생성하거나 가정하지 않았습니다.",전망자료 부족,,,0.0,—,기상근거 부족,0,ASOS 공통 조사월 0개에서 기온·습도·강수·풍속의 관측 연관성을 추세 연장분에만 최대 ±3점으로 제한 적용(보정 +0점). 2027년 미래 기상값은 생성하거나 가정하지 않았습니다.,F27-WX1 설명가능 완화추세,"2024·2026 관측자료와 ASOS 공통 조사월의 연관성을 이용한 상대 위험 전망입니다. 2026년은 부분연도이며, 2027년 실제 기상·발생·확률을 확정하지 않습니다."
사과,갈색여치,기타,충청북도,33.0,,,전망자료 부족,낮음,3,2024,"양년 자료 없음, 공통 조사단위 0개, 유효 관측 3건, 결측률 0.0%, 단위별 변화 변동성 100.0점. 제한된 비교 단위 또는 변동성 때문에 보수적으로 낮게 평가합니다. 2024·2026 두 개 연도의 NCPMS 예찰자료만 사용한 상대 위험 전망으로, 기상·재배면적·방제 변화와 2027년 실제 발생을 확정하지 않습니다. ASOS 공통 조사월 0개에서 기온·습도·강수·풍속의 관측 연관성을 추세 연장분에만 최대 ±3점으로 제한 적용(보정 +0점). 2027년 미래 기상값은 생성하거나 가정하지 않았습니다.",전망자료 부족,,,0.0,—,기상근거 부족,0,ASOS 공통 조사월 0개에서 기온·습도·강수·풍속의 관측 연관성을 추세 연장분에만 최대 ±3점으로 제한 적용(보정 +0점). 2027년 미래 기상값은 생성하거나 가정하지 않았습니다.,F27-WX1 설명가능 완화추세,"2024·2026 관측자료와 ASOS 공통 조사월의 연관성을 이용한 상대 위험 전망입니다. 2026년은 부분연도이며, 2027년 실제 기상·발생·확률을 확정하지 않습니다."
감,감꼭지나방,해충,경상남도,,33.0,,전망자료 부족,낮음,7,2026,"양년 자료 없음, 공통 조사단위 0개, 유효 관측 7건, 결측률 0.0%, 단위별 변화 변동성 100.0점. 제한된 비교 단위 또는 변동성 때문에 보수적으로 낮게 평가합니다. 2024·2026 두 개 연도의 NCPMS 예찰자료만 사용한 상대 위험 전망으로, 기상·재배면적·방제 변화와 2027년 실제 발생을 확정하지 않습니다. ASOS 공통 조사월 0개에서 기온·습도·강수·풍속의 관측 연관성을 추세 연장분에만 최대 ±3점으로 제한 적용(보정 +0점). 2027년 미래 기상값은 생성하거나 가정하지 않았습니다.",전망자료 부족,,,0.0,—,기상근거 부족,0,ASOS 공통 조사월 0개에서 기온·습도·강수·풍속의 관측 연관성을 추세 연장분에만 최대 ±3점으로 제한 적용(보정 +0점). 2027년 미래 기상값은 생성하거나 가정하지 않았습니다.,F27-WX1 설명가능 완화추세,"2024·2026 관측자료와 ASOS 공통 조사월의 연관성을 이용한 상대 위험 전망입니다. 2026년은 부분연도이며, 2027년 실제 기상·발생·확률을 확정하지 않습니다."
감,감꼭지나방,해충,경상북도,,48.0,,전망자료 부족,낮음,7,2026,"양년 자료 없음, 공통 조사단위 0개, 유효 관측 7건, 결측률 0.0%, 단위별 변화 변동성 100.0점. 제한된 비교 단위 또는 변동성 때문에 보수적으로 낮게 평가합니다. 2024·2026 두 개 연도의 NCPMS 예찰자료만 사용한 상대 위험 전망으로, 기상·재배면적·방제 변화와 2027년 실제 발생을 확정하지 않습니다. ASOS 공통 조사월 0개에서 기온·습도·강수·풍속의 관측 연관성을 추세 연장분에만 최대 ±3점으로 제한 적용(보정 +0점). 2027년 미래 기상값은 생성하거나 가정하지 않았습니다.",전망자료 부족,,,0.0,—,기상근거 부족,0,ASOS 공통 조사월 0개에서 기온·습도·강수·풍속의 관측 연관성을 추세 연장분에만 최대 ±3점으로 제한 적용(보정 +0점). 2027년 미래 기상값은 생성하거나 가정하지 않았습니다.,F27-WX1 설명가능 완화추세,"2024·2026 관측자료와 ASOS 공통 조사월의 연관성을 이용한 상대 위험 전망입니다. 2026년은 부분연도이며, 2027년 실제 기상·발생·확률을 확정하지 않습니다."
감,감꼭지나방,해충,울산광역시,,46.0,,전망자료 부족,낮음,6,2026,"양년 자료 없음, 공통 조사단위 0개, 유효 관측 6건, 결측률 0.0%, 단위별 변화 변동성 100.0점. 제한된 비교 단위 또는 변동성 때문에 보수적으로 낮게 평가합니다. 2024·2026 두 개 연도의 NCPMS 예찰자료만 사용한 상대 위험 전망으로, 기상·재배면적·방제 변화와 2027년 실제 발생을 확정하지 않습니다. ASOS 공통 조사월 0개에서 기온·습도·강수·풍속의 관측 연관성을 추세 연장분에만 최대 ±3점으로 제한 적용(보정 +0점). 2027년 미래 기상값은 생성하거나 가정하지 않았습니다.",전망자료 부족,,,0.0,—,기상근거 부족,0,ASOS 공통 조사월 0개에서 기온·습도·강수·풍속의 관측 연관성을 추세 연장분에만 최대 ±3점으로 제한 적용(보정 +0점). 2027년 미래 기상값은 생성하거나 가정하지 않았습니다.,F27-WX1 설명가능 완화추세,"2024·2026 관측자료와 ASOS 공통 조사월의 연관성을 이용한 상대 위험 전망입니다. 2026년은 부분연도이며, 2027년 실제 기상·발생·확률을 확정하지 않습니다."
감,감꼭지나방,해충,전남광주통합특별시,,14.0,,전망자료 부족,낮음,7,2026,"양년 자료 없음, 공통 조사단위 0개, 유효 관측 7건, 결측률 0.0%, 단위별 변화 변동성 100.0점. 제한된 비교 단위 또는 변동성 때문에 보수적으로 낮게 평가합니다. 2024·2026 두 개 연도의 NCPMS 예찰자료만 사용한 상대 위험 전망으로, 기상·재배면적·방제 변화와 2027년 실제 발생을 확정하지 않습니다. ASOS 공통 조사월 0개에서 기온·습도·강수·풍속의 관측 연관성을 추세 연장분에만 최대 ±3점으로 제한 적용(보정 +0점). 2027년 미래 기상값은 생성하거나 가정하지 않았습니다.",전망자료 부족,,,0.0,—,기상근거 부족,0,ASOS 공통 조사월 0개에서 기온·습도·강수·풍속의 관측 연관성을 추세 연장분에만 최대 ±3점으로 제한 적용(보정 +0점). 2027년 미래 기상값은 생성하거나 가정하지 않았습니다.,F27-WX1 설명가능 완화추세,"2024·2026 관측자료와 ASOS 공통 조사월의 연관성을 이용한 상대 위험 전망입니다. 2026년은 부분연도이며, 2027년 실제 기상·발생·확률을 확정하지 않습니다."
양파,검은무늬병,병해,경상남도,,0.0,,전망자료 부족,낮음,5,2026,"양년 자료 없음, 공통 조사단위 0개, 유효 관측 5건, 결측률 0.0%, 단위별 변화 변동성 100.0점. 제한된 비교 단위 또는 변동성 때문에 보수적으로 낮게 평가합니다. 2024·2026 두 개 연도의 NCPMS 예찰자료만 사용한 상대 위험 전망으로, 기상·재배면적·방제 변화와 2027년 실제 발생을 확정하지 않습니다. ASOS 공통 조사월 0개에서 기온·습도·강수·풍속의 관측 연관성을 추세 연장분에만 최대 ±3점으로 제한 적용(보정 +0점). 2027년 미래 기상값은 생성하거나 가정하지 않았습니다.",전망자료 부족,,,0.0,—,기상근거 부족,0,ASOS 공통 조사월 0개에서 기온·습도·강수·풍속의 관측 연관성을 추세 연장분에만 최대 ±3점으로 제한 적용(보정 +0점). 2027년 미래 기상값은 생성하거나 가정하지 않았습니다.,F27-WX1 설명가능 완화추세,"2024·2026 관측자료와 ASOS 공통 조사월의 연관성을 이용한 상대 위험 전망입니다. 2026년은 부분연도이며, 2027년 실제 기상·발생·확률을 확정하지 않습니다."
양파,검은무늬병,병해,경상북도,,0.0,,전망자료 부족,낮음,5,2026,"양년 자료 없음, 공통 조사단위 0개, 유효 관측 5건, 결측률 0.0%, 단위별 변화 변동성 100.0점. 제한된 비교 단위 또는 변동성 때문에 보수적으로 낮게 평가합니다. 2024·2026 두 개 연도의 NCPMS 예찰자료만 사용한 상대 위험 전망으로, 기상·재배면적·방제 변화와 2027년 실제 발생을 확정하지 않습니다. ASOS 공통 조사월 0개에서 기온·습도·강수·풍속의 관측 연관성을 추세 연장분에만 최대 ±3점으로 제한 적용(보정 +0점). 2027년 미래 기상값은 생성하거나 가정하지 않았습니다.",전망자료 부족,,,0.0,—,기상근거 부족,0,ASOS 공통 조사월 0개에서 기온·습도·강수·풍속의 관측 연관성을 추세 연장분에만 최대 ±3점으로 제한 적용(보정 +0점). 2027년 미래 기상값은 생성하거나 가정하지 않았습니다.,F27-WX1 설명가능 완화추세,"2024·2026 관측자료와 ASOS 공통 조사월의 연관성을 이용한 상대 위험 전망입니다. 2026년은 부분연도이며, 2027년 실제 기상·발생·확률을 확정하지 않습니다."
양파,검은무늬병,병해,대구광역시,,0.0,,전망자료 부족,낮음,5,2026,"양년 자료 없음, 공통 조사단위 0개, 유효 관측 5건, 결측률 0.0%, 단위별 변화 변동성 100.0점. 제한된 비교 단위 또는 변동성 때문에 보수적으로 낮게 평가합니다. 2024·2026 두 개 연도의 NCPMS 예찰자료만 사용한 상대 위험 전망으로, 기상·재배면적·방제 변화와 2027년 실제 발생을 확정하지 않습니다. ASOS 공통 조사월 0개에서 기온·습도·강수·풍속의 관측 연관성을 추세 연장분에만 최대 ±3점으로 제한 적용(보정 +0점). 2027년 미래 기상값은 생성하거나 가정하지 않았습니다.",전망자료 부족,,,0.0,—,기상근거 부족,0,ASOS 공통 조사월 0개에서 기온·습도·강수·풍속의 관측 연관성을 추세 연장분에만 최대 ±3점으로 제한 적용(보정 +0점). 2027년 미래 기상값은 생성하거나 가정하지 않았습니다.,F27-WX1 설명가능 완화추세,"2024·2026 관측자료와 ASOS 공통 조사월의 연관성을 이용한 상대 위험 전망입니다. 2026년은 부분연도이며, 2027년 실제 기상·발생·확률을 확정하지 않습니다."
양파,검은무늬병,병해,전남광주통합특별시,,0.0,,전망자료 부족,낮음,5,2026,"양년 자료 없음, 공통 조사단위 0개, 유효 관측 5건, 결측률 0.0%, 단위별 변화 변동성 100.0점. 제한된 비교 단위 또는 변동성 때문에 보수적으로 낮게 평가합니다. 2024·2026 두 개 연도의 NCPMS 예찰자료만 사용한 상대 위험 전망으로, 기상·재배면적·방제 변화와 2027년 실제 발생을 확정하지 않습니다. ASOS 공통 조사월 0개에서 기온·습도·강수·풍속의 관측 연관성을 추세 연장분에만 최대 ±3점으로 제한 적용(보정 +0점). 2027년 미래 기상값은 생성하거나 가정하지 않았습니다.",전망자료 부족,,,0.0,—,기상근거 부족,0,ASOS 공통 조사월 0개에서 기온·습도·강수·풍속의 관측 연관성을 추세 연장분에만 최대 ±3점으로 제한 적용(보정 +0점). 2027년 미래 기상값은 생성하거나 가정하지 않았습니다.,F27-WX1 설명가능 완화추세,"2024·2026 관측자료와 ASOS 공통 조사월의 연관성을 이용한 상대 위험 전망입니다. 2026년은 부분연도이며, 2027년 실제 기상·발생·확률을 확정하지 않습니다."
양파,검은무늬병,병해,전북특별자치도,,0.0,,전망자료 부족,낮음,5,2026,"양년 자료 없음, 공통 조사단위 0개, 유효 관측 5건, 결측률 0.0%, 단위별 변화 변동성 100.0점. 제한된 비교 단위 또는 변동성 때문에 보수적으로 낮게 평가합니다. 2024·2026 두 개 연도의 NCPMS 예찰자료만 사용한 상대 위험 전망으로, 기상·재배면적·방제 변화와 2027년 실제 발생을 확정하지 않습니다. ASOS 공통 조사월 0개에서 기온·습도·강수·풍속의 관측 연관성을 추세 연장분에만 최대 ±3점으로 제한 적용(보정 +0점). 2027년 미래 기상값은 생성하거나 가정하지 않았습니다.",전망자료 부족,,,0.0,—,기상근거 부족,0,ASOS 공통 조사월 0개에서 기온·습도·강수·풍속의 관측 연관성을 추세 연장분에만 최대 ±3점으로 제한 적용(보정 +0점). 2027년 미래 기상값은 생성하거나 가정하지 않았습니다.,F27-WX1 설명가능 완화추세,"2024·2026 관측자료와 ASOS 공통 조사월의 연관성을 이용한 상대 위험 전망입니다. 2026년은 부분연도이며, 2027년 실제 기상·발생·확률을 확정하지 않습니다."
배,검은별무늬병,병해,강원특별자치도,3.0,0.0,0,유지,낮음,10,2024·2026,"기준선 비교: 2026 유지 0.0점, 2024·2026 가중평균 1.1점, 선택 모델(완화 추세+표본 축소) 0.0점. 지역 변화 -3.1점을 표본가중치 0.45로 같은 병해충·작물의 지역 중앙 변화 -11.8점 방향에 축소하고, 1년 연장 변화는 ±20점으로 제한했습니다. 양년 자료 있음, 공통 조사단위 1개, 유효 관측 10건, 결측률 0.0%, 단위별 변화 변동성 0.0점. 제한된 비교 단위 또는 변동성 때문에 보수적으로 낮게 평가합니다. 2024·2026 두 개 연도의 NCPMS 예찰자료만 사용한 상대 위험 전망으로, 기상·재배면적·방제 변화와 2027년 실제 발생을 확정하지 않습니다. ASOS 공통 조사월 1개에서 기온·습도·강수·풍속의 관측 연관성을 추세 연장분에만 최대 ±3점으로 제한 적용(보정 +0점). 2027년 미래 기상값은 생성하거나 가정하지 않았습니다.",관찰,0,0,-0.0021,풍속,기상 근거 보강,1,ASOS 공통 조사월 1개에서 기온·습도·강수·풍속의 관측 연관성을 추세 연장분에만 최대 ±3점으로 제한 적용(보정 +0점). 2027년 미래 기상값은 생성하거나 가정하지 않았습니다.,F27-WX1 설명가능 완화추세,"2024·2026 관측자료와 ASOS 공통 조사월의 연관성을 이용한 상대 위험 전망입니다. 2026년은 부분연도이며, 2027년 실제 기상·발생·확률을 확정하지 않습니다."
배,검은별무늬병,병해,경기도,22.0,0.0,0,유지,보통,15,2024·2026,"기준선 비교: 2026 유지 0.0점, 2024·2026 가중평균 7.8점, 선택 모델(완화 추세+표본 축소) 0.0점. 지역 변화 -22.3점을 표본가중치 0.56로 같은 병해충·작물의 지역 중앙 변화 -11.8점 방향에 축소하고, 1년 연장 변화는 ±20점으로 제한했습니다. 양년 자료 있음, 공통 조사단위 4개, 유효 관측 15건, 결측률 0.0%, 단위별 변화 변동성 22.9점. 비교는 가능하지만 표본 또는 변동성에 불확실성이 남습니다. 2024·2026 두 개 연도의 NCPMS 예찰자료만 사용한 상대 위험 전망으로, 기상·재배면적·방제 변화와 2027년 실제 발생을 확정하지 않습니다. ASOS 공통 조사월 2개에서 기온·습도·강수·풍속의 관측 연관성을 추세 연장분에만 최대 ±3점으로 제한 적용(보정 +0점). 2027년 미래 기상값은 생성하거나 가정하지 않았습니다.",관찰,0,0,0.0012,풍속,기상 근거 보강,2,ASOS 공통 조사월 2개에서 기온·습도·강수·풍속의 관측 연관성을 추세 연장분에만 최대 ±3점으로 제한 적용(보정 +0점). 2027년 미래 기상값은 생성하거나 가정하지 않았습니다.,F27-WX1 설명가능 완화추세,"2024·2026 관측자료와 ASOS 공통 조사월의 연관성을 이용한 상대 위험 전망입니다. 2026년은 부분연도이며, 2027년 실제 기상·발생·확률을 확정하지 않습니다."
배,검은별무늬병,병해,경상남도,1.0,38.0,43,증가,보통,15,2024·2026,"기준선 비교: 2026 유지 37.6점, 2024·2026 가중평균 24.8점, 선택 모델(완화 추세+표본 축소) 42.8점. 지역 변화 +36.4점을 표본가중치 0.56로 같은 병해충·작물의 지역 중앙 변화 -11.8점 방향에 축소하고, 1년 연장 변화는 ±20점으로 제한했습니다. 양년 자료 있음, 공통 조사단위 4개, 유효 관측 15건, 결측률 0.0%, 단위별 변화 변동성 18.4점. 비교는 가능하지만 표본 또는 변동성에 불확실성이 남습니다. 2024·2026 두 개 연도의 NCPMS 예찰자료만 사용한 상대 위험 전망으로, 기상·재배면적·방제 변화와 2027년 실제 발생을 확정하지 않습니다. ASOS 공통 조사월 2개에서 기온·습도·강수·풍속의 관측 연관성을 추세 연장분에만 최대 ±3점으로 제한 적용(보정 +0점). 2027년 미래 기상값은 생성하거나 가정하지 않았습니다.",주의,43,0,0.0135,강수량,기상 근거 보강,2,ASOS 공통 조사월 2개에서 기온·습도·강수·풍속의 관측 연관성을 추세 연장분에만 최대 ±3점으로 제한 적용(보정 +0점). 2027년 미래 기상값은 생성하거나 가정하지 않았습니다.,F27-WX1 설명가능 완화추세,"2024·2026 관측자료와 ASOS 공통 조사월의 연관성을 이용한 상대 위험 전망입니다. 2026년은 부분연도이며, 2027년 실제 기상·발생·확률을 확정하지 않습니다."
배,검은별무늬병,병해,경상북도,99.0,10.0,0,감소,보통,15,2024·2026,"기준선 비교: 2026 유지 10.0점, 2024·2026 가중평균 41.0점, 선택 모델(완화 추세+표본 축소) 0.0점. 지역 변화 -88.6점을 표본가중치 0.56로 같은 병해충·작물의 지역 중앙 변화 -11.8점 방향에 축소하고, 1년 연장 변화는 ±20점으로 제한했습니다. 양년 자료 있음, 공통 조사단위 4개, 유효 관측 15건, 결측률 0.0%, 단위별 변화 변동성 16.7점. 비교는 가능하지만 표본 또는 변동성에 불확실성이 남습니다. 2024·2026 두 개 연도의 NCPMS 예찰자료만 사용한 상대 위험 전망으로, 기상·재배면적·방제 변화와 2027년 실제 발생을 확정하지 않습니다. ASOS 공통 조사월 2개에서 기온·습도·강수·풍속의 관측 연관성을 추세 연장분에만 최대 ±3점으로 제한 적용(보정 +0점). 2027년 미래 기상값은 생성하거나 가정하지 않았습니다.",관찰,0,0,-0.0023,풍속,기상 근거 보강,2,ASOS 공통 조사월 2개에서 기온·습도·강수·풍속의 관측 연관성을 추세 연장분에만 최대 ±3점으로 제한 적용(보정 +0점). 2027년 미래 기상값은 생성하거나 가정하지 않았습니다.,F27-WX1 설명가능 완화추세,"2024·2026 관측자료와 ASOS 공통 조사월의 연관성을 이용한 상대 위험 전망입니다. 2026년은 부분연도이며, 2027년 실제 기상·발생·확률을 확정하지 않습니다."
배,검은별무늬병,병해,세종특별자치시,1.0,2.0,0,유지,보통,14,2024·2026,"기준선 비교: 2026 유지 1.9점, 2024·2026 가중평균 1.5점, 선택 모델(완화 추세+표본 축소) 0.2점. 지역 변화 +1.2점을 표본가중치 0.54로 같은 병해충·작물의 지역 중앙 변화 -11.8점 방향에 축소하고, 1년 연장 변화는 ±20점으로 제한했습니다. 양년 자료 있음, 공통 조사단위 4개, 유효 관측 14건, 결측률 0.0%, 단위별 변화 변동성 0.9점. 비교는 가능하지만 표본 또는 변동성에 불확실성이 남습니다. 2024·2026 두 개 연도의 NCPMS 예찰자료만 사용한 상대 위험 전망으로, 기상·재배면적·방제 변화와 2027년 실제 발생을 확정하지 않습니다. ASOS 공통 조사월 2개에서 기온·습도·강수·풍속의 관측 연관성을 추세 연장분에만 최대 ±3점으로 제한 적용(보정 +0점). 2027년 미래 기상값은 생성하거나 가정하지 않았습니다.",관찰,0,0,-0.0004,강수량,기상 근거 보강,2,ASOS 공통 조사월 2개에서 기온·습도·강수·풍속의 관측 연관성을 추세 연장분에만 최대 ±3점으로 제한 적용(보정 +0점). 2027년 미래 기상값은 생성하거나 가정하지 않았습니다.,F27-WX1 설명가능 완화추세,"2024·2026 관측자료와 ASOS 공통 조사월의 연관성을 이용한 상대 위험 전망입니다. 2026년은 부분연도이며, 2027년 실제 기상·발생·확률을 확정하지 않습니다."
배,검은별무늬병,병해,울산광역시,29.0,11.0,6,감소,보통,14,2024·2026,"기준선 비교: 2026 유지 10.9점, 2024·2026 가중평균 17.3점, 선택 모델(완화 추세+표본 축소) 5.6점. 지역 변화 -18.2점을 표본가중치 0.54로 같은 병해충·작물의 지역 중앙 변화 -11.8점 방향에 축소하고, 1년 연장 변화는 ±20점으로 제한했습니다. 양년 자료 있음, 공통 조사단위 4개, 유효 관측 14건, 결측률 0.0%, 단위별 변화 변동성 18.3점. 비교는 가능하지만 표본 또는 변동성에 불확실성이 남습니다. 2024·2026 두 개 연도의 NCPMS 예찰자료만 사용한 상대 위험 전망으로, 기상·재배면적·방제 변화와 2027년 실제 발생을 확정하지 않습니다. ASOS 공통 조사월 2개에서 기온·습도·강수·풍속의 관측 연관성을 추세 연장분에만 최대 ±3점으로 제한 적용(보정 +0점). 2027년 미래 기상값은 생성하거나 가정하지 않았습니다.",관찰,6,0,-0.0003,풍속,기상 근거 보강,2,ASOS 공통 조사월 2개에서 기온·습도·강수·풍속의 관측 연관성을 추세 연장분에만 최대 ±3점으로 제한 적용(보정 +0점). 2027년 미래 기상값은 생성하거나 가정하지 않았습니다.,F27-WX1 설명가능 완화추세,"2024·2026 관측자료와 ASOS 공통 조사월의 연관성을 이용한 상대 위험 전망입니다. 2026년은 부분연도이며, 2027년 실제 기상·발생·확률을 확정하지 않습니다."
배,검은별무늬병,병해,전남광주통합특별시,18.0,6.0,2,유지,보통,15,2024·2026,"기준선 비교: 2026 유지 5.7점, 2024·2026 가중평균 9.9점, 선택 모델(완화 추세+표본 축소) 1.6점. 지역 변화 -11.8점을 표본가중치 0.56로 같은 병해충·작물의 지역 중앙 변화 -11.8점 방향에 축소하고, 1년 연장 변화는 ±20점으로 제한했습니다. 양년 자료 있음, 공통 조사단위 4개, 유효 관측 15건, 결측률 0.0%, 단위별 변화 변동성 15.3점. 비교는 가능하지만 표본 또는 변동성에 불확실성이 남습니다. 2024·2026 두 개 연도의 NCPMS 예찰자료만 사용한 상대 위험 전망으로, 기상·재배면적·방제 변화와 2027년 실제 발생을 확정하지 않습니다. ASOS 공통 조사월 2개에서 기온·습도·강수·풍속의 관측 연관성을 추세 연장분에만 최대 ±3점으로 제한 적용(보정 +0점). 2027년 미래 기상값은 생성하거나 가정하지 않았습니다.",관찰,2,0,0.0151,강수량,기상 근거 보강,2,ASOS 공통 조사월 2개에서 기온·습도·강수·풍속의 관측 연관성을 추세 연장분에만 최대 ±3점으로 제한 적용(보정 +0점). 2027년 미래 기상값은 생성하거나 가정하지 않았습니다.,F27-WX1 설명가능 완화추세,"2024·2026 관측자료와 ASOS 공통 조사월의 연관성을 이용한 상대 위험 전망입니다. 2026년은 부분연도이며, 2027년 실제 기상·발생·확률을 확정하지 않습니다."
배,검은별무늬병,병해,전북특별자치도,,57.0,,전망자료 부족,낮음,7,2026,"양년 자료 없음, 공통 조사단위 0개, 유효 관측 7건, 결측률 0.0%, 단위별 변화 변동성 100.0점. 제한된 비교 단위 또는 변동성 때문에 보수적으로 낮게 평가합니다. 2024·2026 두 개 연도의 NCPMS 예찰자료만 사용한 상대 위험 전망으로, 기상·재배면적·방제 변화와 2027년 실제 발생을 확정하지 않습니다. ASOS 공통 조사월 0개에서 기온·습도·강수·풍속의 관측 연관성을 추세 연장분에만 최대 ±3점으로 제한 적용(보정 +0점). 2027년 미래 기상값은 생성하거나 가정하지 않았습니다.",전망자료 부족,,,0.0,—,기상근거 부족,0,ASOS 공통 조사월 0개에서 기온·습도·강수·풍속의 관측 연관성을 추세 연장분에만 최대 ±3점으로 제한 적용(보정 +0점). 2027년 미래 기상값은 생성하거나 가정하지 않았습니다.,F27-WX1 설명가능 완화추세,"2024·2026 관측자료와 ASOS 공통 조사월의 연관성을 이용한 상대 위험 전망입니다. 2026년은 부분연도이며, 2027년 실제 기상·발생·확률을 확정하지 않습니다."
배,검은별무늬병,병해,충청남도,0.0,14.0,14,유지,보통,15,2024·2026,"기준선 비교: 2026 유지 13.5점, 2024·2026 가중평균 8.8점, 선택 모델(완화 추세+표본 축소) 14.3점. 지역 변화 +13.3점을 표본가중치 0.56로 같은 병해충·작물의 지역 중앙 변화 -11.8점 방향에 축소하고, 1년 연장 변화는 ±20점으로 제한했습니다. 양년 자료 있음, 공통 조사단위 4개, 유효 관측 15건, 결측률 0.0%, 단위별 변화 변동성 3.3점. 비교는 가능하지만 표본 또는 변동성에 불확실성이 남습니다. 2024·2026 두 개 연도의 NCPMS 예찰자료만 사용한 상대 위험 전망으로, 기상·재배면적·방제 변화와 2027년 실제 발생을 확정하지 않습니다. ASOS 공통 조사월 2개에서 기온·습도·강수·풍속의 관측 연관성을 추세 연장분에만 최대 ±3점으로 제한 적용(보정 +0점). 2027년 미래 기상값은 생성하거나 가정하지 않았습니다.",관찰,14,0,0.0089,기온,기상 근거 보강,2,ASOS 공통 조사월 2개에서 기온·습도·강수·풍속의 관측 연관성을 추세 연장분에만 최대 ±3점으로 제한 적용(보정 +0점). 2027년 미래 기상값은 생성하거나 가정하지 않았습니다.,F27-WX1 설명가능 완화추세,"2024·2026 관측자료와 ASOS 공통 조사월의 연관성을 이용한 상대 위험 전망입니다. 2026년은 부분연도이며, 2027년 실제 기상·발생·확률을 확정하지 않습니다."
배,검은별무늬병,병해,충청북도,43.0,0.0,0,유지,보통,15,2024·2026,"기준선 비교: 2026 유지 0.0점, 2024·2026 가중평균 15.1점, 선택 모델(완화 추세+표본 축소) 0.0점. 지역 변화 -43.2점을 표본가중치 0.56로 같은 병해충·작물의 지역 중앙 변화 -11.8점 방향에 축소하고, 1년 연장 변화는 ±20점으로 제한했습니다. 양년 자료 있음, 공통 조사단위 4개, 유효 관측 15건, 결측률 0.0%, 단위별 변화 변동성 27.7점. 비교는 가능하지만 표본 또는 변동성에 불확실성이 남습니다. 2024·2026 두 개 연도의 NCPMS 예찰자료만 사용한 상대 위험 전망으로, 기상·재배면적·방제 변화와 2027년 실제 발생을 확정하지 않습니다. ASOS 공통 조사월 2개에서 기온·습도·강수·풍속의 관측 연관성을 추세 연장분에만 최대 ±3점으로 제한 적용(보정 +0점). 2027년 미래 기상값은 생성하거나 가정하지 않았습니다.",관찰,0,0,0.0127,강수량,기상 근거 보강,2,ASOS 공통 조사월 2개에서 기온·습도·강수·풍속의 관측 연관성을 추세 연장분에만 최대 ±3점으로 제한 적용(보정 +0점). 2027년 미래 기상값은 생성하거나 가정하지 않았습니다.,F27-WX1 설명가능 완화추세,"2024·2026 관측자료와 ASOS 공통 조사월의 연관성을 이용한 상대 위험 전망입니다. 2026년은 부분연도이며, 2027년 실제 기상·발생·확률을 확정하지 않습니다."
감귤,검은점무늬병,병해,제주특별자치도,,0.0,,전망자료 부족,낮음,7,2026,"양년 자료 없음, 공통 조사단위 0개, 유효 관측 7건, 결측률 0.0%, 단위별 변화 변동성 100.0점. 제한된 비교 단위 또는 변동성 때문에 보수적으로 낮게 평가합니다. 2024·2026 두 개 연도의 NCPMS 예찰자료만 사용한 상대 위험 전망으로, 기상·재배면적·방제 변화와 2027년 실제 발생을 확정하지 않습니다. ASOS 공통 조사월 0개에서 기온·습도·강수·풍속의 관측 연관성을 추세 연장분에만 최대 ±3점으로 제한 적용(보정 +0점). 2027년 미래 기상값은 생성하거나 가정하지 않았습니다.",전망자료 부족,,,0.0,—,기상근거 부족,0,ASOS 공통 조사월 0개에서 기온·습도·강수·풍속의 관측 연관성을 추세 연장분에만 최대 ±3점으로 제한 적용(보정 +0점). 2027년 미래 기상값은 생성하거나 가정하지 않았습니다.,F27-WX1 설명가능 완화추세,"2024·2026 관측자료와 ASOS 공통 조사월의 연관성을 이용한 상대 위험 전망입니다. 2026년은 부분연도이며, 2027년 실제 기상·발생·확률을 확정하지 않습니다."
배,겹무늬병,병해,강원특별자치도,0.0,0.0,0,유지,낮음,8,2024·2026,"기준선 비교: 2026 유지 0.0점, 2024·2026 가중평균 0.0점, 선택 모델(완화 추세+표본 축소) 0.0점. 지역 변화 +0.0점을 표본가중치 0.40로 같은 병해충·작물의 지역 중앙 변화 +0.0점 방향에 축소하고, 1년 연장 변화는 ±20점으로 제한했습니다. 양년 자료 있음, 공통 조사단위 1개, 유효 관측 8건, 결측률 0.0%, 단위별 변화 변동성 0.0점. 제한된 비교 단위 또는 변동성 때문에 보수적으로 낮게 평가합니다. 2024·2026 두 개 연도의 NCPMS 예찰자료만 사용한 상대 위험 전망으로, 기상·재배면적·방제 변화와 2027년 실제 발생을 확정하지 않습니다. ASOS 공통 조사월 1개에서 기온·습도·강수·풍속의 관측 연관성을 추세 연장분에만 최대 ±3점으로 제한 적용(보정 +0점). 2027년 미래 기상값은 생성하거나 가정하지 않았습니다.",관찰,0,0,-0.0119,기온,기상 근거 보강,1,ASOS 공통 조사월 1개에서 기온·습도·강수·풍속의 관측 연관성을 추세 연장분에만 최대 ±3점으로 제한 적용(보정 +0점). 2027년 미래 기상값은 생성하거나 가정하지 않았습니다.,F27-WX1 설명가능 완화추세,"2024·2026 관측자료와 ASOS 공통 조사월의 연관성을 이용한 상대 위험 전망입니다. 2026년은 부분연도이며, 2027년 실제 기상·발생·확률을 확정하지 않습니다."
배,겹무늬병,병해,경기도,0.0,0.0,0,유지,보통,11,2024·2026,"기준선 비교: 2026 유지 0.0점, 2024·2026 가중평균 0.0점, 선택 모델(완화 추세+표본 축소) 0.0점. 지역 변화 +0.0점을 표본가중치 0.48로 같은 병해충·작물의 지역 중앙 변화 +0.0점 방향에 축소하고, 1년 연장 변화는 ±20점으로 제한했습니다. 양년 자료 있음, 공통 조사단위 4개, 유효 관측 11건, 결측률 0.0%, 단위별 변화 변동성 0.0점. 비교는 가능하지만 표본 또는 변동성에 불확실성이 남습니다. 2024·2026 두 개 연도의 NCPMS 예찰자료만 사용한 상대 위험 전망으로, 기상·재배면적·방제 변화와 2027년 실제 발생을 확정하지 않습니다. ASOS 공통 조사월 2개에서 기온·습도·강수·풍속의 관측 연관성을 추세 연장분에만 최대 ±3점으로 제한 적용(보정 +0점). 2027년 미래 기상값은 생성하거나 가정하지 않았습니다.",관찰,0,0,-0.0098,습도,기상 근거 보강,2,ASOS 공통 조사월 2개에서 기온·습도·강수·풍속의 관측 연관성을 추세 연장분에만 최대 ±3점으로 제한 적용(보정 +0점). 2027년 미래 기상값은 생성하거나 가정하지 않았습니다.,F27-WX1 설명가능 완화추세,"2024·2026 관측자료와 ASOS 공통 조사월의 연관성을 이용한 상대 위험 전망입니다. 2026년은 부분연도이며, 2027년 실제 기상·발생·확률을 확정하지 않습니다."
배,겹무늬병,병해,경상남도,0.0,43.0,50,증가,낮음,11,2024·2026,"기준선 비교: 2026 유지 42.9점, 2024·2026 가중평균 27.9점, 선택 모델(완화 추세+표본 축소) 50.0점. 지역 변화 +42.9점을 표본가중치 0.48로 같은 병해충·작물의 지역 중앙 변화 +0.0점 방향에 축소하고, 1년 연장 변화는 ±20점으로 제한했습니다. 양년 자료 있음, 공통 조사단위 4개, 유효 관측 11건, 결측률 0.0%, 단위별 변화 변동성 43.3점. 제한된 비교 단위 또는 변동성 때문에 보수적으로 낮게 평가합니다. 2024·2026 두 개 연도의 NCPMS 예찰자료만 사용한 상대 위험 전망으로, 기상·재배면적·방제 변화와 2027년 실제 발생을 확정하지 않습니다. ASOS 공통 조사월 2개에서 기온·습도·강수·풍속의 관측 연관성을 추세 연장분에만 최대 ±3점으로 제한 적용(보정 +0점). 2027년 미래 기상값은 생성하거나 가정하지 않았습니다.",주의,50,0,0.0142,습도,기상 근거 보강,2,ASOS 공통 조사월 2개에서 기온·습도·강수·풍속의 관측 연관성을 추세 연장분에만 최대 ±3점으로 제한 적용(보정 +0점). 2027년 미래 기상값은 생성하거나 가정하지 않았습니다.,F27-WX1 설명가능 완화추세,"2024·2026 관측자료와 ASOS 공통 조사월의 연관성을 이용한 상대 위험 전망입니다. 2026년은 부분연도이며, 2027년 실제 기상·발생·확률을 확정하지 않습니다."
배,겹무늬병,병해,경상북도,0.0,23.0,26,유지,보통,11,2024·2026,"기준선 비교: 2026 유지 22.7점, 2024·2026 가중평균 14.7점, 선택 모델(완화 추세+표본 축소) 26.5점. 지역 변화 +22.7점을 표본가중치 0.48로 같은 병해충·작물의 지역 중앙 변화 +0.0점 방향에 축소하고, 1년 연장 변화는 ±20점으로 제한했습니다. 양년 자료 있음, 공통 조사단위 4개, 유효 관측 11건, 결측률 0.0%, 단위별 변화 변동성 0.0점. 비교는 가능하지만 표본 또는 변동성에 불확실성이 남습니다. 2024·2026 두 개 연도의 NCPMS 예찰자료만 사용한 상대 위험 전망으로, 기상·재배면적·방제 변화와 2027년 실제 발생을 확정하지 않습니다. ASOS 공통 조사월 2개에서 기온·습도·강수·풍속의 관측 연관성을 추세 연장분에만 최대 ±3점으로 제한 적용(보정 +0점). 2027년 미래 기상값은 생성하거나 가정하지 않았습니다.",관찰,26,0,0.0148,습도,기상 근거 보강,2,ASOS 공통 조사월 2개에서 기온·습도·강수·풍속의 관측 연관성을 추세 연장분에만 최대 ±3점으로 제한 적용(보정 +0점). 2027년 미래 기상값은 생성하거나 가정하지 않았습니다.,F27-WX1 설명가능 완화추세,"2024·2026 관측자료와 ASOS 공통 조사월의 연관성을 이용한 상대 위험 전망입니다. 2026년은 부분연도이며, 2027년 실제 기상·발생·확률을 확정하지 않습니다."
배,겹무늬병,병해,세종특별자치시,0.0,0.0,0,유지,보통,10,2024·2026,"기준선 비교: 2026 유지 0.0점, 2024·2026 가중평균 0.0점, 선택 모델(완화 추세+표본 축소) 0.0점. 지역 변화 +0.0점을 표본가중치 0.45로 같은 병해충·작물의 지역 중앙 변화 +0.0점 방향에 축소하고, 1년 연장 변화는 ±20점으로 제한했습니다. 양년 자료 있음, 공통 조사단위 4개, 유효 관측 10건, 결측률 0.0%, 단위별 변화 변동성 0.0점. 비교는 가능하지만 표본 또는 변동성에 불확실성이 남습니다. 2024·2026 두 개 연도의 NCPMS 예찰자료만 사용한 상대 위험 전망으로, 기상·재배면적·방제 변화와 2027년 실제 발생을 확정하지 않습니다. ASOS 공통 조사월 2개에서 기온·습도·강수·풍속의 관측 연관성을 추세 연장분에만 최대 ±3점으로 제한 적용(보정 +0점). 2027년 미래 기상값은 생성하거나 가정하지 않았습니다.",관찰,0,0,0.0165,습도,기상 근거 보강,2,ASOS 공통 조사월 2개에서 기온·습도·강수·풍속의 관측 연관성을 추세 연장분에만 최대 ±3점으로 제한 적용(보정 +0점). 2027년 미래 기상값은 생성하거나 가정하지 않았습니다.,F27-WX1 설명가능 완화추세,"2024·2026 관측자료와 ASOS 공통 조사월의 연관성을 이용한 상대 위험 전망입니다. 2026년은 부분연도이며, 2027년 실제 기상·발생·확률을 확정하지 않습니다."
배,겹무늬병,병해,울산광역시,0.0,0.0,0,유지,보통,10,2024·2026,"기준선 비교: 2026 유지 0.0점, 2024·2026 가중평균 0.0점, 선택 모델(완화 추세+표본 축소) 0.0점. 지역 변화 +0.0점을 표본가중치 0.45로 같은 병해충·작물의 지역 중앙 변화 +0.0점 방향에 축소하고, 1년 연장 변화는 ±20점으로 제한했습니다. 양년 자료 있음, 공통 조사단위 4개, 유효 관측 10건, 결측률 0.0%, 단위별 변화 변동성 0.0점. 비교는 가능하지만 표본 또는 변동성에 불확실성이 남습니다. 2024·2026 두 개 연도의 NCPMS 예찰자료만 사용한 상대 위험 전망으로, 기상·재배면적·방제 변화와 2027년 실제 발생을 확정하지 않습니다. ASOS 공통 조사월 2개에서 기온·습도·강수·풍속의 관측 연관성을 추세 연장분에만 최대 ±3점으로 제한 적용(보정 +0점). 2027년 미래 기상값은 생성하거나 가정하지 않았습니다.",관찰,0,0,0.009,습도,기상 근거 보강,2,ASOS 공통 조사월 2개에서 기온·습도·강수·풍속의 관측 연관성을 추세 연장분에만 최대 ±3점으로 제한 적용(보정 +0점). 2027년 미래 기상값은 생성하거나 가정하지 않았습니다.,F27-WX1 설명가능 완화추세,"2024·2026 관측자료와 ASOS 공통 조사월의 연관성을 이용한 상대 위험 전망입니다. 2026년은 부분연도이며, 2027년 실제 기상·발생·확률을 확정하지 않습니다."
배,겹무늬병,병해,전남광주통합특별시,0.0,0.0,0,유지,보통,11,2024·2026,"기준선 비교: 2026 유지 0.0점, 2024·2026 가중평균 0.0점, 선택 모델(완화 추세+표본 축소) 0.0점. 지역 변화 +0.0점을 표본가중치 0.48로 같은 병해충·작물의 지역 중앙 변화 +0.0점 방향에 축소하고, 1년 연장 변화는 ±20점으로 제한했습니다. 양년 자료 있음, 공통 조사단위 4개, 유효 관측 11건, 결측률 0.0%, 단위별 변화 변동성 0.0점. 비교는 가능하지만 표본 또는 변동성에 불확실성이 남습니다. 2024·2026 두 개 연도의 NCPMS 예찰자료만 사용한 상대 위험 전망으로, 기상·재배면적·방제 변화와 2027년 실제 발생을 확정하지 않습니다. ASOS 공통 조사월 2개에서 기온·습도·강수·풍속의 관측 연관성을 추세 연장분에만 최대 ±3점으로 제한 적용(보정 +0점). 2027년 미래 기상값은 생성하거나 가정하지 않았습니다.",관찰,0,0,0.004,기온,기상 근거 보강,2,ASOS 공통 조사월 2개에서 기온·습도·강수·풍속의 관측 연관성을 추세 연장분에만 최대 ±3점으로 제한 적용(보정 +0점). 2027년 미래 기상값은 생성하거나 가정하지 않았습니다.,F27-WX1 설명가능 완화추세,"2024·2026 관측자료와 ASOS 공통 조사월의 연관성을 이용한 상대 위험 전망입니다. 2026년은 부분연도이며, 2027년 실제 기상·발생·확률을 확정하지 않습니다."
배,겹무늬병,병해,전북특별자치도,,3.0,,전망자료 부족,낮음,7,2026,"양년 자료 없음, 공통 조사단위 0개, 유효 관측 7건, 결측률 0.0%, 단위별 변화 변동성 100.0점. 제한된 비교 단위 또는 변동성 때문에 보수적으로 낮게 평가합니다. 2024·2026 두 개 연도의 NCPMS 예찰자료만 사용한 상대 위험 전망으로, 기상·재배면적·방제 변화와 2027년 실제 발생을 확정하지 않습니다. ASOS 공통 조사월 0개에서 기온·습도·강수·풍속의 관측 연관성을 추세 연장분에만 최대 ±3점으로 제한 적용(보정 +0점). 2027년 미래 기상값은 생성하거나 가정하지 않았습니다.",전망자료 부족,,,0.0,—,기상근거 부족,0,ASOS 공통 조사월 0개에서 기온·습도·강수·풍속의 관측 연관성을 추세 연장분에만 최대 ±3점으로 제한 적용(보정 +0점). 2027년 미래 기상값은 생성하거나 가정하지 않았습니다.,F27-WX1 설명가능 완화추세,"2024·2026 관측자료와 ASOS 공통 조사월의 연관성을 이용한 상대 위험 전망입니다. 2026년은 부분연도이며, 2027년 실제 기상·발생·확률을 확정하지 않습니다."
배,겹무늬병,병해,충청남도,0.0,0.0,0,유지,보통,11,2024·2026,"기준선 비교: 2026 유지 0.0점, 2024·2026 가중평균 0.0점, 선택 모델(완화 추세+표본 축소) 0.0점. 지역 변화 +0.0점을 표본가중치 0.48로 같은 병해충·작물의 지역 중앙 변화 +0.0점 방향에 축소하고, 1년 연장 변화는 ±20점으로 제한했습니다. 양년 자료 있음, 공통 조사단위 4개, 유효 관측 11건, 결측률 0.0%, 단위별 변화 변동성 0.0점. 비교는 가능하지만 표본 또는 변동성에 불확실성이 남습니다. 2024·2026 두 개 연도의 NCPMS 예찰자료만 사용한 상대 위험 전망으로, 기상·재배면적·방제 변화와 2027년 실제 발생을 확정하지 않습니다. ASOS 공통 조사월 2개에서 기온·습도·강수·풍속의 관측 연관성을 추세 연장분에만 최대 ±3점으로 제한 적용(보정 +0점). 2027년 미래 기상값은 생성하거나 가정하지 않았습니다.",관찰,0,0,0.0105,기온,기상 근거 보강,2,ASOS 공통 조사월 2개에서 기온·습도·강수·풍속의 관측 연관성을 추세 연장분에만 최대 ±3점으로 제한 적용(보정 +0점). 2027년 미래 기상값은 생성하거나 가정하지 않았습니다.,F27-WX1 설명가능 완화추세,"2024·2026 관측자료와 ASOS 공통 조사월의 연관성을 이용한 상대 위험 전망입니다. 2026년은 부분연도이며, 2027년 실제 기상·발생·확률을 확정하지 않습니다."
배,겹무늬병,병해,충청북도,0.0,0.0,0,유지,보통,11,2024·2026,"기준선 비교: 2026 유지 0.0점, 2024·2026 가중평균 0.0점, 선택 모델(완화 추세+표본 축소) 0.0점. 지역 변화 +0.0점을 표본가중치 0.48로 같은 병해충·작물의 지역 중앙 변화 +0.0점 방향에 축소하고, 1년 연장 변화는 ±20점으로 제한했습니다. 양년 자료 있음, 공통 조사단위 4개, 유효 관측 11건, 결측률 0.0%, 단위별 변화 변동성 0.0점. 비교는 가능하지만 표본 또는 변동성에 불확실성이 남습니다. 2024·2026 두 개 연도의 NCPMS 예찰자료만 사용한 상대 위험 전망으로, 기상·재배면적·방제 변화와 2027년 실제 발생을 확정하지 않습니다. ASOS 공통 조사월 2개에서 기온·습도·강수·풍속의 관측 연관성을 추세 연장분에만 최대 ±3점으로 제한 적용(보정 +0점). 2027년 미래 기상값은 생성하거나 가정하지 않았습니다.",관찰,0,0,0.0068,기온,기상 근거 보강,2,ASOS 공통 조사월 2개에서 기온·습도·강수·풍속의 관측 연관성을 추세 연장분에만 최대 ±3점으로 제한 적용(보정 +0점). 2027년 미래 기상값은 생성하거나 가정하지 않았습니다.,F27-WX1 설명가능 완화추세,"2024·2026 관측자료와 ASOS 공통 조사월의 연관성을 이용한 상대 위험 전망입니다. 2026년은 부분연도이며, 2027년 실제 기상·발생·확률을 확정하지 않습니다."
사과,겹무늬썩음병,병해,강원특별자치도,0.0,0.0,0,유지,보통,9,2024·2026,"기준선 비교: 2026 유지 0.0점, 2024·2026 가중평균 0.0점, 선택 모델(완화 추세+표본 축소) 0.0점. 지역 변화 +0.0점을 표본가중치 0.43로 같은 병해충·작물의 지역 중앙 변화 +0.0점 방향에 축소하고, 1년 연장 변화는 ±20점으로 제한했습니다. 양년 자료 있음, 공통 조사단위 3개, 유효 관측 9건, 결측률 0.0%, 단위별 변화 변동성 0.0점. 비교는 가능하지만 표본 또는 변동성에 불확실성이 남습니다. 2024·2026 두 개 연도의 NCPMS 예찰자료만 사용한 상대 위험 전망으로, 기상·재배면적·방제 변화와 2027년 실제 발생을 확정하지 않습니다. ASOS 공통 조사월 2개에서 기온·습도·강수·풍속의 관측 연관성을 추세 연장분에만 최대 ±3점으로 제한 적용(보정 +0점). 2027년 미래 기상값은 생성하거나 가정하지 않았습니다.",관찰,0,0,-0.0122,습도,기상 근거 보강,2,ASOS 공통 조사월 2개에서 기온·습도·강수·풍속의 관측 연관성을 추세 연장분에만 최대 ±3점으로 제한 적용(보정 +0점). 2027년 미래 기상값은 생성하거나 가정하지 않았습니다.,F27-WX1 설명가능 완화추세,"2024·2026 관측자료와 ASOS 공통 조사월의 연관성을 이용한 상대 위험 전망입니다. 2026년은 부분연도이며, 2027년 실제 기상·발생·확률을 확정하지 않습니다."
사과,겹무늬썩음병,병해,경기도,0.0,0.0,0,유지,보통,9,2024·2026,"기준선 비교: 2026 유지 0.0점, 2024·2026 가중평균 0.0점, 선택 모델(완화 추세+표본 축소) 0.0점. 지역 변화 +0.0점을 표본가중치 0.43로 같은 병해충·작물의 지역 중앙 변화 +0.0점 방향에 축소하고, 1년 연장 변화는 ±20점으로 제한했습니다. 양년 자료 있음, 공통 조사단위 3개, 유효 관측 9건, 결측률 0.0%, 단위별 변화 변동성 0.0점. 비교는 가능하지만 표본 또는 변동성에 불확실성이 남습니다. 2024·2026 두 개 연도의 NCPMS 예찰자료만 사용한 상대 위험 전망으로, 기상·재배면적·방제 변화와 2027년 실제 발생을 확정하지 않습니다. ASOS 공통 조사월 2개에서 기온·습도·강수·풍속의 관측 연관성을 추세 연장분에만 최대 ±3점으로 제한 적용(보정 +0점). 2027년 미래 기상값은 생성하거나 가정하지 않았습니다.",관찰,0,0,0.0178,습도,기상 근거 보강,2,ASOS 공통 조사월 2개에서 기온·습도·강수·풍속의 관측 연관성을 추세 연장분에만 최대 ±3점으로 제한 적용(보정 +0점). 2027년 미래 기상값은 생성하거나 가정하지 않았습니다.,F27-WX1 설명가능 완화추세,"2024·2026 관측자료와 ASOS 공통 조사월의 연관성을 이용한 상대 위험 전망입니다. 2026년은 부분연도이며, 2027년 실제 기상·발생·확률을 확정하지 않습니다."
사과,겹무늬썩음병,병해,경상남도,0.0,0.0,0,유지,보통,9,2024·2026,"기준선 비교: 2026 유지 0.0점, 2024·2026 가중평균 0.0점, 선택 모델(완화 추세+표본 축소) 0.0점. 지역 변화 +0.0점을 표본가중치 0.43로 같은 병해충·작물의 지역 중앙 변화 +0.0점 방향에 축소하고, 1년 연장 변화는 ±20점으로 제한했습니다. 양년 자료 있음, 공통 조사단위 3개, 유효 관측 9건, 결측률 0.0%, 단위별 변화 변동성 0.0점. 비교는 가능하지만 표본 또는 변동성에 불확실성이 남습니다. 2024·2026 두 개 연도의 NCPMS 예찰자료만 사용한 상대 위험 전망으로, 기상·재배면적·방제 변화와 2027년 실제 발생을 확정하지 않습니다. ASOS 공통 조사월 2개에서 기온·습도·강수·풍속의 관측 연관성을 추세 연장분에만 최대 ±3점으로 제한 적용(보정 +0점). 2027년 미래 기상값은 생성하거나 가정하지 않았습니다.",관찰,0,0,-0.0098,습도,기상 근거 보강,2,ASOS 공통 조사월 2개에서 기온·습도·강수·풍속의 관측 연관성을 추세 연장분에만 최대 ±3점으로 제한 적용(보정 +0점). 2027년 미래 기상값은 생성하거나 가정하지 않았습니다.,F27-WX1 설명가능 완화추세,"2024·2026 관측자료와 ASOS 공통 조사월의 연관성을 이용한 상대 위험 전망입니다. 2026년은 부분연도이며, 2027년 실제 기상·발생·확률을 확정하지 않습니다."
사과,겹무늬썩음병,병해,경상북도,0.0,0.0,0,유지,보통,9,2024·2026,"기준선 비교: 2026 유지 0.0점, 2024·2026 가중평균 0.0점, 선택 모델(완화 추세+표본 축소) 0.0점. 지역 변화 +0.0점을 표본가중치 0.43로 같은 병해충·작물의 지역 중앙 변화 +0.0점 방향에 축소하고, 1년 연장 변화는 ±20점으로 제한했습니다. 양년 자료 있음, 공통 조사단위 3개, 유효 관측 9건, 결측률 0.0%, 단위별 변화 변동성 0.0점. 비교는 가능하지만 표본 또는 변동성에 불확실성이 남습니다. 2024·2026 두 개 연도의 NCPMS 예찰자료만 사용한 상대 위험 전망으로, 기상·재배면적·방제 변화와 2027년 실제 발생을 확정하지 않습니다. ASOS 공통 조사월 2개에서 기온·습도·강수·풍속의 관측 연관성을 추세 연장분에만 최대 ±3점으로 제한 적용(보정 +0점). 2027년 미래 기상값은 생성하거나 가정하지 않았습니다.",관찰,0,0,-0.0044,습도,기상 근거 보강,2,ASOS 공통 조사월 2개에서 기온·습도·강수·풍속의 관측 연관성을 추세 연장분에만 최대 ±3점으로 제한 적용(보정 +0점). 2027년 미래 기상값은 생성하거나 가정하지 않았습니다.,F27-WX1 설명가능 완화추세,"2024·2026 관측자료와 ASOS 공통 조사월의 연관성을 이용한 상대 위험 전망입니다. 2026년은 부분연도이며, 2027년 실제 기상·발생·확률을 확정하지 않습니다."
사과,겹무늬썩음병,병해,대구광역시,0.0,,,전망자료 부족,낮음,3,2024,"양년 자료 없음, 공통 조사단위 0개, 유효 관측 3건, 결측률 0.0%, 단위별 변화 변동성 100.0점. 제한된 비교 단위 또는 변동성 때문에 보수적으로 낮게 평가합니다. 2024·2026 두 개 연도의 NCPMS 예찰자료만 사용한 상대 위험 전망으로, 기상·재배면적·방제 변화와 2027년 실제 발생을 확정하지 않습니다. ASOS 공통 조사월 0개에서 기온·습도·강수·풍속의 관측 연관성을 추세 연장분에만 최대 ±3점으로 제한 적용(보정 +0점). 2027년 미래 기상값은 생성하거나 가정하지 않았습니다.",전망자료 부족,,,0.0,—,기상근거 부족,0,ASOS 공통 조사월 0개에서 기온·습도·강수·풍속의 관측 연관성을 추세 연장분에만 최대 ±3점으로 제한 적용(보정 +0점). 2027년 미래 기상값은 생성하거나 가정하지 않았습니다.,F27-WX1 설명가능 완화추세,"2024·2026 관측자료와 ASOS 공통 조사월의 연관성을 이용한 상대 위험 전망입니다. 2026년은 부분연도이며, 2027년 실제 기상·발생·확률을 확정하지 않습니다."
사과,겹무늬썩음병,병해,전남광주통합특별시,0.0,0.0,0,유지,보통,8,2024·2026,"기준선 비교: 2026 유지 0.0점, 2024·2026 가중평균 0.0점, 선택 모델(완화 추세+표본 축소) 0.0점. 지역 변화 +0.0점을 표본가중치 0.40로 같은 병해충·작물의 지역 중앙 변화 +0.0점 방향에 축소하고, 1년 연장 변화는 ±20점으로 제한했습니다. 양년 자료 있음, 공통 조사단위 2개, 유효 관측 8건, 결측률 0.0%, 단위별 변화 변동성 0.0점. 비교는 가능하지만 표본 또는 변동성에 불확실성이 남습니다. 2024·2026 두 개 연도의 NCPMS 예찰자료만 사용한 상대 위험 전망으로, 기상·재배면적·방제 변화와 2027년 실제 발생을 확정하지 않습니다. ASOS 공통 조사월 2개에서 기온·습도·강수·풍속의 관측 연관성을 추세 연장분에만 최대 ±3점으로 제한 적용(보정 +0점). 2027년 미래 기상값은 생성하거나 가정하지 않았습니다.",관찰,0,0,-0.0026,풍속,기상 근거 보강,2,ASOS 공통 조사월 2개에서 기온·습도·강수·풍속의 관측 연관성을 추세 연장분에만 최대 ±3점으로 제한 적용(보정 +0점). 2027년 미래 기상값은 생성하거나 가정하지 않았습니다.,F27-WX1 설명가능 완화추세,"2024·2026 관측자료와 ASOS 공통 조사월의 연관성을 이용한 상대 위험 전망입니다. 2026년은 부분연도이며, 2027년 실제 기상·발생·확률을 확정하지 않습니다."
사과,겹무늬썩음병,병해,전북특별자치도,0.0,0.0,0,유지,보통,9,2024·2026,"기준선 비교: 2026 유지 0.0점, 2024·2026 가중평균 0.0점, 선택 모델(완화 추세+표본 축소) 0.0점. 지역 변화 +0.0점을 표본가중치 0.43로 같은 병해충·작물의 지역 중앙 변화 +0.0점 방향에 축소하고, 1년 연장 변화는 ±20점으로 제한했습니다. 양년 자료 있음, 공통 조사단위 3개, 유효 관측 9건, 결측률 0.0%, 단위별 변화 변동성 0.0점. 비교는 가능하지만 표본 또는 변동성에 불확실성이 남습니다. 2024·2026 두 개 연도의 NCPMS 예찰자료만 사용한 상대 위험 전망으로, 기상·재배면적·방제 변화와 2027년 실제 발생을 확정하지 않습니다. ASOS 공통 조사월 2개에서 기온·습도·강수·풍속의 관측 연관성을 추세 연장분에만 최대 ±3점으로 제한 적용(보정 +0점). 2027년 미래 기상값은 생성하거나 가정하지 않았습니다.",관찰,0,0,-0.0024,습도,기상 근거 보강,2,ASOS 공통 조사월 2개에서 기온·습도·강수·풍속의 관측 연관성을 추세 연장분에만 최대 ±3점으로 제한 적용(보정 +0점). 2027년 미래 기상값은 생성하거나 가정하지 않았습니다.,F27-WX1 설명가능 완화추세,"2024·2026 관측자료와 ASOS 공통 조사월의 연관성을 이용한 상대 위험 전망입니다. 2026년은 부분연도이며, 2027년 실제 기상·발생·확률을 확정하지 않습니다."
사과,겹무늬썩음병,병해,충청남도,0.0,0.0,0,유지,보통,9,2024·2026,"기준선 비교: 2026 유지 0.0점, 2024·2026 가중평균 0.0점, 선택 모델(완화 추세+표본 축소) 0.0점. 지역 변화 +0.0점을 표본가중치 0.43로 같은 병해충·작물의 지역 중앙 변화 +0.0점 방향에 축소하고, 1년 연장 변화는 ±20점으로 제한했습니다. 양년 자료 있음, 공통 조사단위 3개, 유효 관측 9건, 결측률 0.0%, 단위별 변화 변동성 0.0점. 비교는 가능하지만 표본 또는 변동성에 불확실성이 남습니다. 2024·2026 두 개 연도의 NCPMS 예찰자료만 사용한 상대 위험 전망으로, 기상·재배면적·방제 변화와 2027년 실제 발생을 확정하지 않습니다. ASOS 공통 조사월 2개에서 기온·습도·강수·풍속의 관측 연관성을 추세 연장분에만 최대 ±3점으로 제한 적용(보정 +0점). 2027년 미래 기상값은 생성하거나 가정하지 않았습니다.",관찰,0,0,0.0028,습도,기상 근거 보강,2,ASOS 공통 조사월 2개에서 기온·습도·강수·풍속의 관측 연관성을 추세 연장분에만 최대 ±3점으로 제한 적용(보정 +0점). 2027년 미래 기상값은 생성하거나 가정하지 않았습니다.,F27-WX1 설명가능 완화추세,"2024·2026 관측자료와 ASOS 공통 조사월의 연관성을 이용한 상대 위험 전망입니다. 2026년은 부분연도이며, 2027년 실제 기상·발생·확률을 확정하지 않습니다."
사과,겹무늬썩음병,병해,충청북도,33.0,0.0,0,유지,낮음,9,2024·2026,"기준선 비교: 2026 유지 0.0점, 2024·2026 가중평균 11.7점, 선택 모델(완화 추세+표본 축소) 0.0점. 지역 변화 -33.3점을 표본가중치 0.43로 같은 병해충·작물의 지역 중앙 변화 +0.0점 방향에 축소하고, 1년 연장 변화는 ±20점으로 제한했습니다. 양년 자료 있음, 공통 조사단위 3개, 유효 관측 9건, 결측률 0.0%, 단위별 변화 변동성 47.1점. 제한된 비교 단위 또는 변동성 때문에 보수적으로 낮게 평가합니다. 2024·2026 두 개 연도의 NCPMS 예찰자료만 사용한 상대 위험 전망으로, 기상·재배면적·방제 변화와 2027년 실제 발생을 확정하지 않습니다. ASOS 공통 조사월 2개에서 기온·습도·강수·풍속의 관측 연관성을 추세 연장분에만 최대 ±3점으로 제한 적용(보정 +0점). 2027년 미래 기상값은 생성하거나 가정하지 않았습니다.",관찰,0,0,0.0016,습도,기상 근거 보강,2,ASOS 공통 조사월 2개에서 기온·습도·강수·풍속의 관측 연관성을 추세 연장분에만 최대 ±3점으로 제한 적용(보정 +0점). 2027년 미래 기상값은 생성하거나 가정하지 않았습니다.,F27-WX1 설명가능 완화추세,"2024·2026 관측자료와 ASOS 공통 조사월의 연관성을 이용한 상대 위험 전망입니다. 2026년은 부분연도이며, 2027년 실제 기상·발생·확률을 확정하지 않습니다."
양파,고자리파리,해충,경상남도,0.0,0.0,0,유지,보통,11,2024·2026,"기준선 비교: 2026 유지 0.0점, 2024·2026 가중평균 0.0점, 선택 모델(완화 추세+표본 축소) 0.0점. 지역 변화 +0.0점을 표본가중치 0.48로 같은 병해충·작물의 지역 중앙 변화 +0.0점 방향에 축소하고, 1년 연장 변화는 ±20점으로 제한했습니다. 양년 자료 있음, 공통 조사단위 5개, 유효 관측 11건, 결측률 0.0%, 단위별 변화 변동성 0.0점. 비교는 가능하지만 표본 또는 변동성에 불확실성이 남습니다. 2024·2026 두 개 연도의 NCPMS 예찰자료만 사용한 상대 위험 전망으로, 기상·재배면적·방제 변화와 2027년 실제 발생을 확정하지 않습니다. ASOS 공통 조사월 3개에서 기온·습도·강수·풍속의 관측 연관성을 추세 연장분에만 최대 ±3점으로 제한 적용(보정 +0점). 2027년 미래 기상값은 생성하거나 가정하지 않았습니다.",관찰,0,0,-0.0069,습도,기상 근거 보강,3,ASOS 공통 조사월 3개에서 기온·습도·강수·풍속의 관측 연관성을 추세 연장분에만 최대 ±3점으로 제한 적용(보정 +0점). 2027년 미래 기상값은 생성하거나 가정하지 않았습니다.,F27-WX1 설명가능 완화추세,"2024·2026 관측자료와 ASOS 공통 조사월의 연관성을 이용한 상대 위험 전망입니다. 2026년은 부분연도이며, 2027년 실제 기상·발생·확률을 확정하지 않습니다."
양파,고자리파리,해충,경상북도,12.0,0.0,0,유지,보통,11,2024·2026,"기준선 비교: 2026 유지 0.0점, 2024·2026 가중평균 4.2점, 선택 모델(완화 추세+표본 축소) 0.0점. 지역 변화 -11.9점을 표본가중치 0.48로 같은 병해충·작물의 지역 중앙 변화 +0.0점 방향에 축소하고, 1년 연장 변화는 ±20점으로 제한했습니다. 양년 자료 있음, 공통 조사단위 5개, 유효 관측 11건, 결측률 0.0%, 단위별 변화 변동성 4.0점. 비교는 가능하지만 표본 또는 변동성에 불확실성이 남습니다. 2024·2026 두 개 연도의 NCPMS 예찰자료만 사용한 상대 위험 전망으로, 기상·재배면적·방제 변화와 2027년 실제 발생을 확정하지 않습니다. ASOS 공통 조사월 3개에서 기온·습도·강수·풍속의 관측 연관성을 추세 연장분에만 최대 ±3점으로 제한 적용(보정 +0점). 2027년 미래 기상값은 생성하거나 가정하지 않았습니다.",관찰,0,0,-0.0147,풍속,기상 근거 보강,3,ASOS 공통 조사월 3개에서 기온·습도·강수·풍속의 관측 연관성을 추세 연장분에만 최대 ±3점으로 제한 적용(보정 +0점). 2027년 미래 기상값은 생성하거나 가정하지 않았습니다.,F27-WX1 설명가능 완화추세,"2024·2026 관측자료와 ASOS 공통 조사월의 연관성을 이용한 상대 위험 전망입니다. 2026년은 부분연도이며, 2027년 실제 기상·발생·확률을 확정하지 않습니다."
양파,고자리파리,해충,대구광역시,33.0,0.0,0,유지,보통,11,2024·2026,"기준선 비교: 2026 유지 0.0점, 2024·2026 가중평균 11.7점, 선택 모델(완화 추세+표본 축소) 0.0점. 지역 변화 -33.3점을 표본가중치 0.48로 같은 병해충·작물의 지역 중앙 변화 +0.0점 방향에 축소하고, 1년 연장 변화는 ±20점으로 제한했습니다. 양년 자료 있음, 공통 조사단위 5개, 유효 관측 11건, 결측률 0.0%, 단위별 변화 변동성 40.0점. 비교는 가능하지만 표본 또는 변동성에 불확실성이 남습니다. 2024·2026 두 개 연도의 NCPMS 예찰자료만 사용한 상대 위험 전망으로, 기상·재배면적·방제 변화와 2027년 실제 발생을 확정하지 않습니다. ASOS 공통 조사월 3개에서 기온·습도·강수·풍속의 관측 연관성을 추세 연장분에만 최대 ±3점으로 제한 적용(보정 +0점). 2027년 미래 기상값은 생성하거나 가정하지 않았습니다.",관찰,0,0,-0.0242,풍속,기상 근거 보강,3,ASOS 공통 조사월 3개에서 기온·습도·강수·풍속의 관측 연관성을 추세 연장분에만 최대 ±3점으로 제한 적용(보정 +0점). 2027년 미래 기상값은 생성하거나 가정하지 않았습니다.,F27-WX1 설명가능 완화추세,"2024·2026 관측자료와 ASOS 공통 조사월의 연관성을 이용한 상대 위험 전망입니다. 2026년은 부분연도이며, 2027년 실제 기상·발생·확률을 확정하지 않습니다."
양파,고자리파리,해충,전남광주통합특별시,10.0,20.0,22,유지,보통,11,2024·2026,"기준선 비교: 2026 유지 20.0점, 2024·2026 가중평균 16.6점, 선택 모델(완화 추세+표본 축소) 21.6점. 지역 변화 +9.7점을 표본가중치 0.48로 같은 병해충·작물의 지역 중앙 변화 +0.0점 방향에 축소하고, 1년 연장 변화는 ±20점으로 제한했습니다. 양년 자료 있음, 공통 조사단위 5개, 유효 관측 11건, 결측률 0.0%, 단위별 변화 변동성 39.0점. 비교는 가능하지만 표본 또는 변동성에 불확실성이 남습니다. 2024·2026 두 개 연도의 NCPMS 예찰자료만 사용한 상대 위험 전망으로, 기상·재배면적·방제 변화와 2027년 실제 발생을 확정하지 않습니다. ASOS 공통 조사월 3개에서 기온·습도·강수·풍속의 관측 연관성을 추세 연장분에만 최대 ±3점으로 제한 적용(보정 +0점). 2027년 미래 기상값은 생성하거나 가정하지 않았습니다.",관찰,22,0,-0.011,습도,기상 근거 보강,3,ASOS 공통 조사월 3개에서 기온·습도·강수·풍속의 관측 연관성을 추세 연장분에만 최대 ±3점으로 제한 적용(보정 +0점). 2027년 미래 기상값은 생성하거나 가정하지 않았습니다.,F27-WX1 설명가능 완화추세,"2024·2026 관측자료와 ASOS 공통 조사월의 연관성을 이용한 상대 위험 전망입니다. 2026년은 부분연도이며, 2027년 실제 기상·발생·확률을 확정하지 않습니다."
양파,고자리파리,해충,전북특별자치도,0.0,0.0,0,유지,보통,11,2024·2026,"기준선 비교: 2026 유지 0.0점, 2024·2026 가중평균 0.0점, 선택 모델(완화 추세+표본 축소) 0.0점. 지역 변화 +0.0점을 표본가중치 0.48로 같은 병해충·작물의 지역 중앙 변화 +0.0점 방향에 축소하고, 1년 연장 변화는 ±20점으로 제한했습니다. 양년 자료 있음, 공통 조사단위 5개, 유효 관측 11건, 결측률 0.0%, 단위별 변화 변동성 0.0점. 비교는 가능하지만 표본 또는 변동성에 불확실성이 남습니다. 2024·2026 두 개 연도의 NCPMS 예찰자료만 사용한 상대 위험 전망으로, 기상·재배면적·방제 변화와 2027년 실제 발생을 확정하지 않습니다. ASOS 공통 조사월 3개에서 기온·습도·강수·풍속의 관측 연관성을 추세 연장분에만 최대 ±3점으로 제한 적용(보정 +0점). 2027년 미래 기상값은 생성하거나 가정하지 않았습니다.",관찰,0,0,-0.0137,습도,기상 근거 보강,3,ASOS 공통 조사월 3개에서 기온·습도·강수·풍속의 관측 연관성을 추세 연장분에만 최대 ±3점으로 제한 적용(보정 +0점). 2027년 미래 기상값은 생성하거나 가정하지 않았습니다.,F27-WX1 설명가능 완화추세,"2024·2026 관측자료와 ASOS 공통 조사월의 연관성을 이용한 상대 위험 전망입니다. 2026년은 부분연도이며, 2027년 실제 기상·발생·확률을 확정하지 않습니다."
사과,과심곰팡이,기타,강원특별자치도,0.0,,,전망자료 부족,낮음,3,2024,"양년 자료 없음, 공통 조사단위 0개, 유효 관측 3건, 결측률 0.0%, 단위별 변화 변동성 100.0점. 제한된 비교 단위 또는 변동성 때문에 보수적으로 낮게 평가합니다. 2024·2026 두 개 연도의 NCPMS 예찰자료만 사용한 상대 위험 전망으로, 기상·재배면적·방제 변화와 2027년 실제 발생을 확정하지 않습니다. ASOS 공통 조사월 0개에서 기온·습도·강수·풍속의 관측 연관성을 추세 연장분에만 최대 ±3점으로 제한 적용(보정 +0점). 2027년 미래 기상값은 생성하거나 가정하지 않았습니다.",전망자료 부족,,,0.0,—,기상근거 부족,0,ASOS 공통 조사월 0개에서 기온·습도·강수·풍속의 관측 연관성을 추세 연장분에만 최대 ±3점으로 제한 적용(보정 +0점). 2027년 미래 기상값은 생성하거나 가정하지 않았습니다.,F27-WX1 설명가능 완화추세,"2024·2026 관측자료와 ASOS 공통 조사월의 연관성을 이용한 상대 위험 전망입니다. 2026년은 부분연도이며, 2027년 실제 기상·발생·확률을 확정하지 않습니다."
사과,과심곰팡이,기타,경기도,0.0,,,전망자료 부족,낮음,3,2024,"양년 자료 없음, 공통 조사단위 0개, 유효 관측 3건, 결측률 0.0%, 단위별 변화 변동성 100.0점. 제한된 비교 단위 또는 변동성 때문에 보수적으로 낮게 평가합니다. 2024·2026 두 개 연도의 NCPMS 예찰자료만 사용한 상대 위험 전망으로, 기상·재배면적·방제 변화와 2027년 실제 발생을 확정하지 않습니다. ASOS 공통 조사월 0개에서 기온·습도·강수·풍속의 관측 연관성을 추세 연장분에만 최대 ±3점으로 제한 적용(보정 +0점). 2027년 미래 기상값은 생성하거나 가정하지 않았습니다.",전망자료 부족,,,0.0,—,기상근거 부족,0,ASOS 공통 조사월 0개에서 기온·습도·강수·풍속의 관측 연관성을 추세 연장분에만 최대 ±3점으로 제한 적용(보정 +0점). 2027년 미래 기상값은 생성하거나 가정하지 않았습니다.,F27-WX1 설명가능 완화추세,"2024·2026 관측자료와 ASOS 공통 조사월의 연관성을 이용한 상대 위험 전망입니다. 2026년은 부분연도이며, 2027년 실제 기상·발생·확률을 확정하지 않습니다."
사과,과심곰팡이,기타,경상남도,0.0,,,전망자료 부족,낮음,3,2024,"양년 자료 없음, 공통 조사단위 0개, 유효 관측 3건, 결측률 0.0%, 단위별 변화 변동성 100.0점. 제한된 비교 단위 또는 변동성 때문에 보수적으로 낮게 평가합니다. 2024·2026 두 개 연도의 NCPMS 예찰자료만 사용한 상대 위험 전망으로, 기상·재배면적·방제 변화와 2027년 실제 발생을 확정하지 않습니다. ASOS 공통 조사월 0개에서 기온·습도·강수·풍속의 관측 연관성을 추세 연장분에만 최대 ±3점으로 제한 적용(보정 +0점). 2027년 미래 기상값은 생성하거나 가정하지 않았습니다.",전망자료 부족,,,0.0,—,기상근거 부족,0,ASOS 공통 조사월 0개에서 기온·습도·강수·풍속의 관측 연관성을 추세 연장분에만 최대 ±3점으로 제한 적용(보정 +0점). 2027년 미래 기상값은 생성하거나 가정하지 않았습니다.,F27-WX1 설명가능 완화추세,"2024·2026 관측자료와 ASOS 공통 조사월의 연관성을 이용한 상대 위험 전망입니다. 2026년은 부분연도이며, 2027년 실제 기상·발생·확률을 확정하지 않습니다."
사과,과심곰팡이,기타,경상북도,29.0,,,전망자료 부족,낮음,3,2024,"양년 자료 없음, 공통 조사단위 0개, 유효 관측 3건, 결측률 0.0%, 단위별 변화 변동성 100.0점. 제한된 비교 단위 또는 변동성 때문에 보수적으로 낮게 평가합니다. 2024·2026 두 개 연도의 NCPMS 예찰자료만 사용한 상대 위험 전망으로, 기상·재배면적·방제 변화와 2027년 실제 발생을 확정하지 않습니다. ASOS 공통 조사월 0개에서 기온·습도·강수·풍속의 관측 연관성을 추세 연장분에만 최대 ±3점으로 제한 적용(보정 +0점). 2027년 미래 기상값은 생성하거나 가정하지 않았습니다.",전망자료 부족,,,0.0,—,기상근거 부족,0,ASOS 공통 조사월 0개에서 기온·습도·강수·풍속의 관측 연관성을 추세 연장분에만 최대 ±3점으로 제한 적용(보정 +0점). 2027년 미래 기상값은 생성하거나 가정하지 않았습니다.,F27-WX1 설명가능 완화추세,"2024·2026 관측자료와 ASOS 공통 조사월의 연관성을 이용한 상대 위험 전망입니다. 2026년은 부분연도이며, 2027년 실제 기상·발생·확률을 확정하지 않습니다."
사과,과심곰팡이,기타,대구광역시,0.0,,,전망자료 부족,낮음,3,2024,"양년 자료 없음, 공통 조사단위 0개, 유효 관측 3건, 결측률 0.0%, 단위별 변화 변동성 100.0점. 제한된 비교 단위 또는 변동성 때문에 보수적으로 낮게 평가합니다. 2024·2026 두 개 연도의 NCPMS 예찰자료만 사용한 상대 위험 전망으로, 기상·재배면적·방제 변화와 2027년 실제 발생을 확정하지 않습니다. ASOS 공통 조사월 0개에서 기온·습도·강수·풍속의 관측 연관성을 추세 연장분에만 최대 ±3점으로 제한 적용(보정 +0점). 2027년 미래 기상값은 생성하거나 가정하지 않았습니다.",전망자료 부족,,,0.0,—,기상근거 부족,0,ASOS 공통 조사월 0개에서 기온·습도·강수·풍속의 관측 연관성을 추세 연장분에만 최대 ±3점으로 제한 적용(보정 +0점). 2027년 미래 기상값은 생성하거나 가정하지 않았습니다.,F27-WX1 설명가능 완화추세,"2024·2026 관측자료와 ASOS 공통 조사월의 연관성을 이용한 상대 위험 전망입니다. 2026년은 부분연도이며, 2027년 실제 기상·발생·확률을 확정하지 않습니다."
사과,과심곰팡이,기타,전남광주통합특별시,0.0,,,전망자료 부족,낮음,3,2024,"양년 자료 없음, 공통 조사단위 0개, 유효 관측 3건, 결측률 0.0%, 단위별 변화 변동성 100.0점. 제한된 비교 단위 또는 변동성 때문에 보수적으로 낮게 평가합니다. 2024·2026 두 개 연도의 NCPMS 예찰자료만 사용한 상대 위험 전망으로, 기상·재배면적·방제 변화와 2027년 실제 발생을 확정하지 않습니다. ASOS 공통 조사월 0개에서 기온·습도·강수·풍속의 관측 연관성을 추세 연장분에만 최대 ±3점으로 제한 적용(보정 +0점). 2027년 미래 기상값은 생성하거나 가정하지 않았습니다.",전망자료 부족,,,0.0,—,기상근거 부족,0,ASOS 공통 조사월 0개에서 기온·습도·강수·풍속의 관측 연관성을 추세 연장분에만 최대 ±3점으로 제한 적용(보정 +0점). 2027년 미래 기상값은 생성하거나 가정하지 않았습니다.,F27-WX1 설명가능 완화추세,"2024·2026 관측자료와 ASOS 공통 조사월의 연관성을 이용한 상대 위험 전망입니다. 2026년은 부분연도이며, 2027년 실제 기상·발생·확률을 확정하지 않습니다."
사과,과심곰팡이,기타,전북특별자치도,0.0,,,전망자료 부족,낮음,3,2024,"양년 자료 없음, 공통 조사단위 0개, 유효 관측 3건, 결측률 0.0%, 단위별 변화 변동성 100.0점. 제한된 비교 단위 또는 변동성 때문에 보수적으로 낮게 평가합니다. 2024·2026 두 개 연도의 NCPMS 예찰자료만 사용한 상대 위험 전망으로, 기상·재배면적·방제 변화와 2027년 실제 발생을 확정하지 않습니다. ASOS 공통 조사월 0개에서 기온·습도·강수·풍속의 관측 연관성을 추세 연장분에만 최대 ±3점으로 제한 적용(보정 +0점). 2027년 미래 기상값은 생성하거나 가정하지 않았습니다.",전망자료 부족,,,0.0,—,기상근거 부족,0,ASOS 공통 조사월 0개에서 기온·습도·강수·풍속의 관측 연관성을 추세 연장분에만 최대 ±3점으로 제한 적용(보정 +0점). 2027년 미래 기상값은 생성하거나 가정하지 않았습니다.,F27-WX1 설명가능 완화추세,"2024·2026 관측자료와 ASOS 공통 조사월의 연관성을 이용한 상대 위험 전망입니다. 2026년은 부분연도이며, 2027년 실제 기상·발생·확률을 확정하지 않습니다."
사과,과심곰팡이,기타,충청남도,0.0,,,전망자료 부족,낮음,3,2024,"양년 자료 없음, 공통 조사단위 0개, 유효 관측 3건, 결측률 0.0%, 단위별 변화 변동성 100.0점. 제한된 비교 단위 또는 변동성 때문에 보수적으로 낮게 평가합니다. 2024·2026 두 개 연도의 NCPMS 예찰자료만 사용한 상대 위험 전망으로, 기상·재배면적·방제 변화와 2027년 실제 발생을 확정하지 않습니다. ASOS 공통 조사월 0개에서 기온·습도·강수·풍속의 관측 연관성을 추세 연장분에만 최대 ±3점으로 제한 적용(보정 +0점). 2027년 미래 기상값은 생성하거나 가정하지 않았습니다.",전망자료 부족,,,0.0,—,기상근거 부족,0,ASOS 공통 조사월 0개에서 기온·습도·강수·풍속의 관측 연관성을 추세 연장분에만 최대 ±3점으로 제한 적용(보정 +0점). 2027년 미래 기상값은 생성하거나 가정하지 않았습니다.,F27-WX1 설명가능 완화추세,"2024·2026 관측자료와 ASOS 공통 조사월의 연관성을 이용한 상대 위험 전망입니다. 2026년은 부분연도이며, 2027년 실제 기상·발생·확률을 확정하지 않습니다."
사과,과심곰팡이,기타,충청북도,100.0,,,전망자료 부족,낮음,3,2024,"양년 자료 없음, 공통 조사단위 0개, 유효 관측 3건, 결측률 0.0%, 단위별 변화 변동성 100.0점. 제한된 비교 단위 또는 변동성 때문에 보수적으로 낮게 평가합니다. 2024·2026 두 개 연도의 NCPMS 예찰자료만 사용한 상대 위험 전망으로, 기상·재배면적·방제 변화와 2027년 실제 발생을 확정하지 않습니다. ASOS 공통 조사월 0개에서 기온·습도·강수·풍속의 관측 연관성을 추세 연장분에만 최대 ±3점으로 제한 적용(보정 +0점). 2027년 미래 기상값은 생성하거나 가정하지 않았습니다.",전망자료 부족,,,0.0,—,기상근거 부족,0,ASOS 공통 조사월 0개에서 기온·습도·강수·풍속의 관측 연관성을 추세 연장분에만 최대 ±3점으로 제한 적용(보정 +0점). 2027년 미래 기상값은 생성하거나 가정하지 않았습니다.,F27-WX1 설명가능 완화추세,"2024·2026 관측자료와 ASOS 공통 조사월의 연관성을 이용한 상대 위험 전망입니다. 2026년은 부분연도이며, 2027년 실제 기상·발생·확률을 확정하지 않습니다."
배,과피얼룩병,기타,강원특별자치도,0.0,,,전망자료 부족,낮음,2,2024,"양년 자료 없음, 공통 조사단위 0개, 유효 관측 2건, 결측률 0.0%, 단위별 변화 변동성 100.0점. 제한된 비교 단위 또는 변동성 때문에 보수적으로 낮게 평가합니다. 2024·2026 두 개 연도의 NCPMS 예찰자료만 사용한 상대 위험 전망으로, 기상·재배면적·방제 변화와 2027년 실제 발생을 확정하지 않습니다. ASOS 공통 조사월 0개에서 기온·습도·강수·풍속의 관측 연관성을 추세 연장분에만 최대 ±3점으로 제한 적용(보정 +0점). 2027년 미래 기상값은 생성하거나 가정하지 않았습니다.",전망자료 부족,,,0.0,—,기상근거 부족,0,ASOS 공통 조사월 0개에서 기온·습도·강수·풍속의 관측 연관성을 추세 연장분에만 최대 ±3점으로 제한 적용(보정 +0점). 2027년 미래 기상값은 생성하거나 가정하지 않았습니다.,F27-WX1 설명가능 완화추세,"2024·2026 관측자료와 ASOS 공통 조사월의 연관성을 이용한 상대 위험 전망입니다. 2026년은 부분연도이며, 2027년 실제 기상·발생·확률을 확정하지 않습니다."
배,과피얼룩병,기타,경기도,0.0,,,전망자료 부족,낮음,4,2024,"양년 자료 없음, 공통 조사단위 0개, 유효 관측 4건, 결측률 0.0%, 단위별 변화 변동성 100.0점. 제한된 비교 단위 또는 변동성 때문에 보수적으로 낮게 평가합니다. 2024·2026 두 개 연도의 NCPMS 예찰자료만 사용한 상대 위험 전망으로, 기상·재배면적·방제 변화와 2027년 실제 발생을 확정하지 않습니다. ASOS 공통 조사월 0개에서 기온·습도·강수·풍속의 관측 연관성을 추세 연장분에만 최대 ±3점으로 제한 적용(보정 +0점). 2027년 미래 기상값은 생성하거나 가정하지 않았습니다.",전망자료 부족,,,0.0,—,기상근거 부족,0,ASOS 공통 조사월 0개에서 기온·습도·강수·풍속의 관측 연관성을 추세 연장분에만 최대 ±3점으로 제한 적용(보정 +0점). 2027년 미래 기상값은 생성하거나 가정하지 않았습니다.,F27-WX1 설명가능 완화추세,"2024·2026 관측자료와 ASOS 공통 조사월의 연관성을 이용한 상대 위험 전망입니다. 2026년은 부분연도이며, 2027년 실제 기상·발생·확률을 확정하지 않습니다."
배,과피얼룩병,기타,경상남도,25.0,,,전망자료 부족,낮음,4,2024,"양년 자료 없음, 공통 조사단위 0개, 유효 관측 4건, 결측률 0.0%, 단위별 변화 변동성 100.0점. 제한된 비교 단위 또는 변동성 때문에 보수적으로 낮게 평가합니다. 2024·2026 두 개 연도의 NCPMS 예찰자료만 사용한 상대 위험 전망으로, 기상·재배면적·방제 변화와 2027년 실제 발생을 확정하지 않습니다. ASOS 공통 조사월 0개에서 기온·습도·강수·풍속의 관측 연관성을 추세 연장분에만 최대 ±3점으로 제한 적용(보정 +0점). 2027년 미래 기상값은 생성하거나 가정하지 않았습니다.",전망자료 부족,,,0.0,—,기상근거 부족,0,ASOS 공통 조사월 0개에서 기온·습도·강수·풍속의 관측 연관성을 추세 연장분에만 최대 ±3점으로 제한 적용(보정 +0점). 2027년 미래 기상값은 생성하거나 가정하지 않았습니다.,F27-WX1 설명가능 완화추세,"2024·2026 관측자료와 ASOS 공통 조사월의 연관성을 이용한 상대 위험 전망입니다. 2026년은 부분연도이며, 2027년 실제 기상·발생·확률을 확정하지 않습니다."
배,과피얼룩병,기타,경상북도,0.0,,,전망자료 부족,낮음,4,2024,"양년 자료 없음, 공통 조사단위 0개, 유효 관측 4건, 결측률 0.0%, 단위별 변화 변동성 100.0점. 제한된 비교 단위 또는 변동성 때문에 보수적으로 낮게 평가합니다. 2024·2026 두 개 연도의 NCPMS 예찰자료만 사용한 상대 위험 전망으로, 기상·재배면적·방제 변화와 2027년 실제 발생을 확정하지 않습니다. ASOS 공통 조사월 0개에서 기온·습도·강수·풍속의 관측 연관성을 추세 연장분에만 최대 ±3점으로 제한 적용(보정 +0점). 2027년 미래 기상값은 생성하거나 가정하지 않았습니다.",전망자료 부족,,,0.0,—,기상근거 부족,0,ASOS 공통 조사월 0개에서 기온·습도·강수·풍속의 관측 연관성을 추세 연장분에만 최대 ±3점으로 제한 적용(보정 +0점). 2027년 미래 기상값은 생성하거나 가정하지 않았습니다.,F27-WX1 설명가능 완화추세,"2024·2026 관측자료와 ASOS 공통 조사월의 연관성을 이용한 상대 위험 전망입니다. 2026년은 부분연도이며, 2027년 실제 기상·발생·확률을 확정하지 않습니다."
배,과피얼룩병,기타,세종특별자치시,0.0,,,전망자료 부족,낮음,4,2024,"양년 자료 없음, 공통 조사단위 0개, 유효 관측 4건, 결측률 0.0%, 단위별 변화 변동성 100.0점. 제한된 비교 단위 또는 변동성 때문에 보수적으로 낮게 평가합니다. 2024·2026 두 개 연도의 NCPMS 예찰자료만 사용한 상대 위험 전망으로, 기상·재배면적·방제 변화와 2027년 실제 발생을 확정하지 않습니다. ASOS 공통 조사월 0개에서 기온·습도·강수·풍속의 관측 연관성을 추세 연장분에만 최대 ±3점으로 제한 적용(보정 +0점). 2027년 미래 기상값은 생성하거나 가정하지 않았습니다.",전망자료 부족,,,0.0,—,기상근거 부족,0,ASOS 공통 조사월 0개에서 기온·습도·강수·풍속의 관측 연관성을 추세 연장분에만 최대 ±3점으로 제한 적용(보정 +0점). 2027년 미래 기상값은 생성하거나 가정하지 않았습니다.,F27-WX1 설명가능 완화추세,"2024·2026 관측자료와 ASOS 공통 조사월의 연관성을 이용한 상대 위험 전망입니다. 2026년은 부분연도이며, 2027년 실제 기상·발생·확률을 확정하지 않습니다."
배,과피얼룩병,기타,울산광역시,0.0,,,전망자료 부족,낮음,4,2024,"양년 자료 없음, 공통 조사단위 0개, 유효 관측 4건, 결측률 0.0%, 단위별 변화 변동성 100.0점. 제한된 비교 단위 또는 변동성 때문에 보수적으로 낮게 평가합니다. 2024·2026 두 개 연도의 NCPMS 예찰자료만 사용한 상대 위험 전망으로, 기상·재배면적·방제 변화와 2027년 실제 발생을 확정하지 않습니다. ASOS 공통 조사월 0개에서 기온·습도·강수·풍속의 관측 연관성을 추세 연장분에만 최대 ±3점으로 제한 적용(보정 +0점). 2027년 미래 기상값은 생성하거나 가정하지 않았습니다.",전망자료 부족,,,0.0,—,기상근거 부족,0,ASOS 공통 조사월 0개에서 기온·습도·강수·풍속의 관측 연관성을 추세 연장분에만 최대 ±3점으로 제한 적용(보정 +0점). 2027년 미래 기상값은 생성하거나 가정하지 않았습니다.,F27-WX1 설명가능 완화추세,"2024·2026 관측자료와 ASOS 공통 조사월의 연관성을 이용한 상대 위험 전망입니다. 2026년은 부분연도이며, 2027년 실제 기상·발생·확률을 확정하지 않습니다."
배,과피얼룩병,기타,전남광주통합특별시,0.0,,,전망자료 부족,낮음,4,2024,"양년 자료 없음, 공통 조사단위 0개, 유효 관측 4건, 결측률 0.0%, 단위별 변화 변동성 100.0점. 제한된 비교 단위 또는 변동성 때문에 보수적으로 낮게 평가합니다. 2024·2026 두 개 연도의 NCPMS 예찰자료만 사용한 상대 위험 전망으로, 기상·재배면적·방제 변화와 2027년 실제 발생을 확정하지 않습니다. ASOS 공통 조사월 0개에서 기온·습도·강수·풍속의 관측 연관성을 추세 연장분에만 최대 ±3점으로 제한 적용(보정 +0점). 2027년 미래 기상값은 생성하거나 가정하지 않았습니다.",전망자료 부족,,,0.0,—,기상근거 부족,0,ASOS 공통 조사월 0개에서 기온·습도·강수·풍속의 관측 연관성을 추세 연장분에만 최대 ±3점으로 제한 적용(보정 +0점). 2027년 미래 기상값은 생성하거나 가정하지 않았습니다.,F27-WX1 설명가능 완화추세,"2024·2026 관측자료와 ASOS 공통 조사월의 연관성을 이용한 상대 위험 전망입니다. 2026년은 부분연도이며, 2027년 실제 기상·발생·확률을 확정하지 않습니다."
배,과피얼룩병,기타,충청남도,0.0,,,전망자료 부족,낮음,4,2024,"양년 자료 없음, 공통 조사단위 0개, 유효 관측 4건, 결측률 0.0%, 단위별 변화 변동성 100.0점. 제한된 비교 단위 또는 변동성 때문에 보수적으로 낮게 평가합니다. 2024·2026 두 개 연도의 NCPMS 예찰자료만 사용한 상대 위험 전망으로, 기상·재배면적·방제 변화와 2027년 실제 발생을 확정하지 않습니다. ASOS 공통 조사월 0개에서 기온·습도·강수·풍속의 관측 연관성을 추세 연장분에만 최대 ±3점으로 제한 적용(보정 +0점). 2027년 미래 기상값은 생성하거나 가정하지 않았습니다.",전망자료 부족,,,0.0,—,기상근거 부족,0,ASOS 공통 조사월 0개에서 기온·습도·강수·풍속의 관측 연관성을 추세 연장분에만 최대 ±3점으로 제한 적용(보정 +0점). 2027년 미래 기상값은 생성하거나 가정하지 않았습니다.,F27-WX1 설명가능 완화추세,"2024·2026 관측자료와 ASOS 공통 조사월의 연관성을 이용한 상대 위험 전망입니다. 2026년은 부분연도이며, 2027년 실제 기상·발생·확률을 확정하지 않습니다."
배,과피얼룩병,기타,충청북도,0.0,,,전망자료 부족,낮음,4,2024,"양년 자료 없음, 공통 조사단위 0개, 유효 관측 4건, 결측률 0.0%, 단위별 변화 변동성 100.0점. 제한된 비교 단위 또는 변동성 때문에 보수적으로 낮게 평가합니다. 2024·2026 두 개 연도의 NCPMS 예찰자료만 사용한 상대 위험 전망으로, 기상·재배면적·방제 변화와 2027년 실제 발생을 확정하지 않습니다. ASOS 공통 조사월 0개에서 기온·습도·강수·풍속의 관측 연관성을 추세 연장분에만 최대 ±3점으로 제한 적용(보정 +0점). 2027년 미래 기상값은 생성하거나 가정하지 않았습니다.",전망자료 부족,,,0.0,—,기상근거 부족,0,ASOS 공통 조사월 0개에서 기온·습도·강수·풍속의 관측 연관성을 추세 연장분에만 최대 ±3점으로 제한 적용(보정 +0점). 2027년 미래 기상값은 생성하거나 가정하지 않았습니다.,F27-WX1 설명가능 완화추세,"2024·2026 관측자료와 ASOS 공통 조사월의 연관성을 이용한 상대 위험 전망입니다. 2026년은 부분연도이며, 2027년 실제 기상·발생·확률을 확정하지 않습니다."
감귤,궤양병,병해,제주특별자치도,,47.0,,전망자료 부족,낮음,7,2026,"양년 자료 없음, 공통 조사단위 0개, 유효 관측 7건, 결측률 0.0%, 단위별 변화 변동성 100.0점. 제한된 비교 단위 또는 변동성 때문에 보수적으로 낮게 평가합니다. 2024·2026 두 개 연도의 NCPMS 예찰자료만 사용한 상대 위험 전망으로, 기상·재배면적·방제 변화와 2027년 실제 발생을 확정하지 않습니다. ASOS 공통 조사월 0개에서 기온·습도·강수·풍속의 관측 연관성을 추세 연장분에만 최대 ±3점으로 제한 적용(보정 +0점). 2027년 미래 기상값은 생성하거나 가정하지 않았습니다.",전망자료 부족,,,0.0,—,기상근거 부족,0,ASOS 공통 조사월 0개에서 기온·습도·강수·풍속의 관측 연관성을 추세 연장분에만 최대 ±3점으로 제한 적용(보정 +0점). 2027년 미래 기상값은 생성하거나 가정하지 않았습니다.,F27-WX1 설명가능 완화추세,"2024·2026 관측자료와 ASOS 공통 조사월의 연관성을 이용한 상대 위험 전망입니다. 2026년은 부분연도이며, 2027년 실제 기상·발생·확률을 확정하지 않습니다."
감귤,귤굴나방,해충,제주특별자치도,,25.0,,전망자료 부족,낮음,7,2026,"양년 자료 없음, 공통 조사단위 0개, 유효 관측 7건, 결측률 0.0%, 단위별 변화 변동성 100.0점. 제한된 비교 단위 또는 변동성 때문에 보수적으로 낮게 평가합니다. 2024·2026 두 개 연도의 NCPMS 예찰자료만 사용한 상대 위험 전망으로, 기상·재배면적·방제 변화와 2027년 실제 발생을 확정하지 않습니다. ASOS 공통 조사월 0개에서 기온·습도·강수·풍속의 관측 연관성을 추세 연장분에만 최대 ±3점으로 제한 적용(보정 +0점). 2027년 미래 기상값은 생성하거나 가정하지 않았습니다.",전망자료 부족,,,0.0,—,기상근거 부족,0,ASOS 공통 조사월 0개에서 기온·습도·강수·풍속의 관측 연관성을 추세 연장분에만 최대 ±3점으로 제한 적용(보정 +0점). 2027년 미래 기상값은 생성하거나 가정하지 않았습니다.,F27-WX1 설명가능 완화추세,"2024·2026 관측자료와 ASOS 공통 조사월의 연관성을 이용한 상대 위험 전망입니다. 2026년은 부분연도이며, 2027년 실제 기상·발생·확률을 확정하지 않습니다."
감귤,귤응애,해충,제주특별자치도,,25.0,,전망자료 부족,낮음,7,2026,"양년 자료 없음, 공통 조사단위 0개, 유효 관측 7건, 결측률 0.0%, 단위별 변화 변동성 100.0점. 제한된 비교 단위 또는 변동성 때문에 보수적으로 낮게 평가합니다. 2024·2026 두 개 연도의 NCPMS 예찰자료만 사용한 상대 위험 전망으로, 기상·재배면적·방제 변화와 2027년 실제 발생을 확정하지 않습니다. ASOS 공통 조사월 0개에서 기온·습도·강수·풍속의 관측 연관성을 추세 연장분에만 최대 ±3점으로 제한 적용(보정 +0점). 2027년 미래 기상값은 생성하거나 가정하지 않았습니다.",전망자료 부족,,,0.0,—,기상근거 부족,0,ASOS 공통 조사월 0개에서 기온·습도·강수·풍속의 관측 연관성을 추세 연장분에만 최대 ±3점으로 제한 적용(보정 +0점). 2027년 미래 기상값은 생성하거나 가정하지 않았습니다.,F27-WX1 설명가능 완화추세,"2024·2026 관측자료와 ASOS 공통 조사월의 연관성을 이용한 상대 위험 전망입니다. 2026년은 부분연도이며, 2027년 실제 기상·발생·확률을 확정하지 않습니다."
사과,그을음병,기타,강원특별자치도,0.0,,,전망자료 부족,낮음,3,2024,"양년 자료 없음, 공통 조사단위 0개, 유효 관측 3건, 결측률 0.0%, 단위별 변화 변동성 100.0점. 제한된 비교 단위 또는 변동성 때문에 보수적으로 낮게 평가합니다. 2024·2026 두 개 연도의 NCPMS 예찰자료만 사용한 상대 위험 전망으로, 기상·재배면적·방제 변화와 2027년 실제 발생을 확정하지 않습니다. ASOS 공통 조사월 0개에서 기온·습도·강수·풍속의 관측 연관성을 추세 연장분에만 최대 ±3점으로 제한 적용(보정 +0점). 2027년 미래 기상값은 생성하거나 가정하지 않았습니다.",전망자료 부족,,,0.0,—,기상근거 부족,0,ASOS 공통 조사월 0개에서 기온·습도·강수·풍속의 관측 연관성을 추세 연장분에만 최대 ±3점으로 제한 적용(보정 +0점). 2027년 미래 기상값은 생성하거나 가정하지 않았습니다.,F27-WX1 설명가능 완화추세,"2024·2026 관측자료와 ASOS 공통 조사월의 연관성을 이용한 상대 위험 전망입니다. 2026년은 부분연도이며, 2027년 실제 기상·발생·확률을 확정하지 않습니다."
사과,그을음병,기타,경기도,0.0,,,전망자료 부족,낮음,3,2024,"양년 자료 없음, 공통 조사단위 0개, 유효 관측 3건, 결측률 0.0%, 단위별 변화 변동성 100.0점. 제한된 비교 단위 또는 변동성 때문에 보수적으로 낮게 평가합니다. 2024·2026 두 개 연도의 NCPMS 예찰자료만 사용한 상대 위험 전망으로, 기상·재배면적·방제 변화와 2027년 실제 발생을 확정하지 않습니다. ASOS 공통 조사월 0개에서 기온·습도·강수·풍속의 관측 연관성을 추세 연장분에만 최대 ±3점으로 제한 적용(보정 +0점). 2027년 미래 기상값은 생성하거나 가정하지 않았습니다.",전망자료 부족,,,0.0,—,기상근거 부족,0,ASOS 공통 조사월 0개에서 기온·습도·강수·풍속의 관측 연관성을 추세 연장분에만 최대 ±3점으로 제한 적용(보정 +0점). 2027년 미래 기상값은 생성하거나 가정하지 않았습니다.,F27-WX1 설명가능 완화추세,"2024·2026 관측자료와 ASOS 공통 조사월의 연관성을 이용한 상대 위험 전망입니다. 2026년은 부분연도이며, 2027년 실제 기상·발생·확률을 확정하지 않습니다."
사과,그을음병,기타,경상남도,0.0,,,전망자료 부족,낮음,3,2024,"양년 자료 없음, 공통 조사단위 0개, 유효 관측 3건, 결측률 0.0%, 단위별 변화 변동성 100.0점. 제한된 비교 단위 또는 변동성 때문에 보수적으로 낮게 평가합니다. 2024·2026 두 개 연도의 NCPMS 예찰자료만 사용한 상대 위험 전망으로, 기상·재배면적·방제 변화와 2027년 실제 발생을 확정하지 않습니다. ASOS 공통 조사월 0개에서 기온·습도·강수·풍속의 관측 연관성을 추세 연장분에만 최대 ±3점으로 제한 적용(보정 +0점). 2027년 미래 기상값은 생성하거나 가정하지 않았습니다.",전망자료 부족,,,0.0,—,기상근거 부족,0,ASOS 공통 조사월 0개에서 기온·습도·강수·풍속의 관측 연관성을 추세 연장분에만 최대 ±3점으로 제한 적용(보정 +0점). 2027년 미래 기상값은 생성하거나 가정하지 않았습니다.,F27-WX1 설명가능 완화추세,"2024·2026 관측자료와 ASOS 공통 조사월의 연관성을 이용한 상대 위험 전망입니다. 2026년은 부분연도이며, 2027년 실제 기상·발생·확률을 확정하지 않습니다."
사과,그을음병,기타,경상북도,0.0,,,전망자료 부족,낮음,3,2024,"양년 자료 없음, 공통 조사단위 0개, 유효 관측 3건, 결측률 0.0%, 단위별 변화 변동성 100.0점. 제한된 비교 단위 또는 변동성 때문에 보수적으로 낮게 평가합니다. 2024·2026 두 개 연도의 NCPMS 예찰자료만 사용한 상대 위험 전망으로, 기상·재배면적·방제 변화와 2027년 실제 발생을 확정하지 않습니다. ASOS 공통 조사월 0개에서 기온·습도·강수·풍속의 관측 연관성을 추세 연장분에만 최대 ±3점으로 제한 적용(보정 +0점). 2027년 미래 기상값은 생성하거나 가정하지 않았습니다.",전망자료 부족,,,0.0,—,기상근거 부족,0,ASOS 공통 조사월 0개에서 기온·습도·강수·풍속의 관측 연관성을 추세 연장분에만 최대 ±3점으로 제한 적용(보정 +0점). 2027년 미래 기상값은 생성하거나 가정하지 않았습니다.,F27-WX1 설명가능 완화추세,"2024·2026 관측자료와 ASOS 공통 조사월의 연관성을 이용한 상대 위험 전망입니다. 2026년은 부분연도이며, 2027년 실제 기상·발생·확률을 확정하지 않습니다."
사과,그을음병,기타,대구광역시,0.0,,,전망자료 부족,낮음,3,2024,"양년 자료 없음, 공통 조사단위 0개, 유효 관측 3건, 결측률 0.0%, 단위별 변화 변동성 100.0점. 제한된 비교 단위 또는 변동성 때문에 보수적으로 낮게 평가합니다. 2024·2026 두 개 연도의 NCPMS 예찰자료만 사용한 상대 위험 전망으로, 기상·재배면적·방제 변화와 2027년 실제 발생을 확정하지 않습니다. ASOS 공통 조사월 0개에서 기온·습도·강수·풍속의 관측 연관성을 추세 연장분에만 최대 ±3점으로 제한 적용(보정 +0점). 2027년 미래 기상값은 생성하거나 가정하지 않았습니다.",전망자료 부족,,,0.0,—,기상근거 부족,0,ASOS 공통 조사월 0개에서 기온·습도·강수·풍속의 관측 연관성을 추세 연장분에만 최대 ±3점으로 제한 적용(보정 +0점). 2027년 미래 기상값은 생성하거나 가정하지 않았습니다.,F27-WX1 설명가능 완화추세,"2024·2026 관측자료와 ASOS 공통 조사월의 연관성을 이용한 상대 위험 전망입니다. 2026년은 부분연도이며, 2027년 실제 기상·발생·확률을 확정하지 않습니다."
사과,그을음병,기타,전남광주통합특별시,0.0,,,전망자료 부족,낮음,3,2024,"양년 자료 없음, 공통 조사단위 0개, 유효 관측 3건, 결측률 0.0%, 단위별 변화 변동성 100.0점. 제한된 비교 단위 또는 변동성 때문에 보수적으로 낮게 평가합니다. 2024·2026 두 개 연도의 NCPMS 예찰자료만 사용한 상대 위험 전망으로, 기상·재배면적·방제 변화와 2027년 실제 발생을 확정하지 않습니다. ASOS 공통 조사월 0개에서 기온·습도·강수·풍속의 관측 연관성을 추세 연장분에만 최대 ±3점으로 제한 적용(보정 +0점). 2027년 미래 기상값은 생성하거나 가정하지 않았습니다.",전망자료 부족,,,0.0,—,기상근거 부족,0,ASOS 공통 조사월 0개에서 기온·습도·강수·풍속의 관측 연관성을 추세 연장분에만 최대 ±3점으로 제한 적용(보정 +0점). 2027년 미래 기상값은 생성하거나 가정하지 않았습니다.,F27-WX1 설명가능 완화추세,"2024·2026 관측자료와 ASOS 공통 조사월의 연관성을 이용한 상대 위험 전망입니다. 2026년은 부분연도이며, 2027년 실제 기상·발생·확률을 확정하지 않습니다."
사과,그을음병,기타,전북특별자치도,0.0,,,전망자료 부족,낮음,3,2024,"양년 자료 없음, 공통 조사단위 0개, 유효 관측 3건, 결측률 0.0%, 단위별 변화 변동성 100.0점. 제한된 비교 단위 또는 변동성 때문에 보수적으로 낮게 평가합니다. 2024·2026 두 개 연도의 NCPMS 예찰자료만 사용한 상대 위험 전망으로, 기상·재배면적·방제 변화와 2027년 실제 발생을 확정하지 않습니다. ASOS 공통 조사월 0개에서 기온·습도·강수·풍속의 관측 연관성을 추세 연장분에만 최대 ±3점으로 제한 적용(보정 +0점). 2027년 미래 기상값은 생성하거나 가정하지 않았습니다.",전망자료 부족,,,0.0,—,기상근거 부족,0,ASOS 공통 조사월 0개에서 기온·습도·강수·풍속의 관측 연관성을 추세 연장분에만 최대 ±3점으로 제한 적용(보정 +0점). 2027년 미래 기상값은 생성하거나 가정하지 않았습니다.,F27-WX1 설명가능 완화추세,"2024·2026 관측자료와 ASOS 공통 조사월의 연관성을 이용한 상대 위험 전망입니다. 2026년은 부분연도이며, 2027년 실제 기상·발생·확률을 확정하지 않습니다."
사과,그을음병,기타,충청남도,0.0,,,전망자료 부족,낮음,3,2024,"양년 자료 없음, 공통 조사단위 0개, 유효 관측 3건, 결측률 0.0%, 단위별 변화 변동성 100.0점. 제한된 비교 단위 또는 변동성 때문에 보수적으로 낮게 평가합니다. 2024·2026 두 개 연도의 NCPMS 예찰자료만 사용한 상대 위험 전망으로, 기상·재배면적·방제 변화와 2027년 실제 발생을 확정하지 않습니다. ASOS 공통 조사월 0개에서 기온·습도·강수·풍속의 관측 연관성을 추세 연장분에만 최대 ±3점으로 제한 적용(보정 +0점). 2027년 미래 기상값은 생성하거나 가정하지 않았습니다.",전망자료 부족,,,0.0,—,기상근거 부족,0,ASOS 공통 조사월 0개에서 기온·습도·강수·풍속의 관측 연관성을 추세 연장분에만 최대 ±3점으로 제한 적용(보정 +0점). 2027년 미래 기상값은 생성하거나 가정하지 않았습니다.,F27-WX1 설명가능 완화추세,"2024·2026 관측자료와 ASOS 공통 조사월의 연관성을 이용한 상대 위험 전망입니다. 2026년은 부분연도이며, 2027년 실제 기상·발생·확률을 확정하지 않습니다."
사과,그을음병,기타,충청북도,0.0,,,전망자료 부족,낮음,3,2024,"양년 자료 없음, 공통 조사단위 0개, 유효 관측 3건, 결측률 0.0%, 단위별 변화 변동성 100.0점. 제한된 비교 단위 또는 변동성 때문에 보수적으로 낮게 평가합니다. 2024·2026 두 개 연도의 NCPMS 예찰자료만 사용한 상대 위험 전망으로, 기상·재배면적·방제 변화와 2027년 실제 발생을 확정하지 않습니다. ASOS 공통 조사월 0개에서 기온·습도·강수·풍속의 관측 연관성을 추세 연장분에만 최대 ±3점으로 제한 적용(보정 +0점). 2027년 미래 기상값은 생성하거나 가정하지 않았습니다.",전망자료 부족,,,0.0,—,기상근거 부족,0,ASOS 공통 조사월 0개에서 기온·습도·강수·풍속의 관측 연관성을 추세 연장분에만 최대 ±3점으로 제한 적용(보정 +0점). 2027년 미래 기상값은 생성하거나 가정하지 않았습니다.,F27-WX1 설명가능 완화추세,"2024·2026 관측자료와 ASOS 공통 조사월의 연관성을 이용한 상대 위험 전망입니다. 2026년은 부분연도이며, 2027년 실제 기상·발생·확률을 확정하지 않습니다."
감귤,깍지벌레,해충,제주특별자치도,,32.0,,전망자료 부족,낮음,7,2026,"양년 자료 없음, 공통 조사단위 0개, 유효 관측 7건, 결측률 0.0%, 단위별 변화 변동성 100.0점. 제한된 비교 단위 또는 변동성 때문에 보수적으로 낮게 평가합니다. 2024·2026 두 개 연도의 NCPMS 예찰자료만 사용한 상대 위험 전망으로, 기상·재배면적·방제 변화와 2027년 실제 발생을 확정하지 않습니다. ASOS 공통 조사월 0개에서 기온·습도·강수·풍속의 관측 연관성을 추세 연장분에만 최대 ±3점으로 제한 적용(보정 +0점). 2027년 미래 기상값은 생성하거나 가정하지 않았습니다.",전망자료 부족,,,0.0,—,기상근거 부족,0,ASOS 공통 조사월 0개에서 기온·습도·강수·풍속의 관측 연관성을 추세 연장분에만 최대 ±3점으로 제한 적용(보정 +0점). 2027년 미래 기상값은 생성하거나 가정하지 않았습니다.,F27-WX1 설명가능 완화추세,"2024·2026 관측자료와 ASOS 공통 조사월의 연관성을 이용한 상대 위험 전망입니다. 2026년은 부분연도이며, 2027년 실제 기상·발생·확률을 확정하지 않습니다."
감,깍지벌레류,해충,경상남도,,31.0,,전망자료 부족,낮음,7,2026,"양년 자료 없음, 공통 조사단위 0개, 유효 관측 7건, 결측률 0.0%, 단위별 변화 변동성 100.0점. 제한된 비교 단위 또는 변동성 때문에 보수적으로 낮게 평가합니다. 2024·2026 두 개 연도의 NCPMS 예찰자료만 사용한 상대 위험 전망으로, 기상·재배면적·방제 변화와 2027년 실제 발생을 확정하지 않습니다. ASOS 공통 조사월 0개에서 기온·습도·강수·풍속의 관측 연관성을 추세 연장분에만 최대 ±3점으로 제한 적용(보정 +0점). 2027년 미래 기상값은 생성하거나 가정하지 않았습니다.",전망자료 부족,,,0.0,—,기상근거 부족,0,ASOS 공통 조사월 0개에서 기온·습도·강수·풍속의 관측 연관성을 추세 연장분에만 최대 ±3점으로 제한 적용(보정 +0점). 2027년 미래 기상값은 생성하거나 가정하지 않았습니다.,F27-WX1 설명가능 완화추세,"2024·2026 관측자료와 ASOS 공통 조사월의 연관성을 이용한 상대 위험 전망입니다. 2026년은 부분연도이며, 2027년 실제 기상·발생·확률을 확정하지 않습니다."
감,깍지벌레류,해충,경상북도,,41.0,,전망자료 부족,낮음,7,2026,"양년 자료 없음, 공통 조사단위 0개, 유효 관측 7건, 결측률 0.0%, 단위별 변화 변동성 100.0점. 제한된 비교 단위 또는 변동성 때문에 보수적으로 낮게 평가합니다. 2024·2026 두 개 연도의 NCPMS 예찰자료만 사용한 상대 위험 전망으로, 기상·재배면적·방제 변화와 2027년 실제 발생을 확정하지 않습니다. ASOS 공통 조사월 0개에서 기온·습도·강수·풍속의 관측 연관성을 추세 연장분에만 최대 ±3점으로 제한 적용(보정 +0점). 2027년 미래 기상값은 생성하거나 가정하지 않았습니다.",전망자료 부족,,,0.0,—,기상근거 부족,0,ASOS 공통 조사월 0개에서 기온·습도·강수·풍속의 관측 연관성을 추세 연장분에만 최대 ±3점으로 제한 적용(보정 +0점). 2027년 미래 기상값은 생성하거나 가정하지 않았습니다.,F27-WX1 설명가능 완화추세,"2024·2026 관측자료와 ASOS 공통 조사월의 연관성을 이용한 상대 위험 전망입니다. 2026년은 부분연도이며, 2027년 실제 기상·발생·확률을 확정하지 않습니다."
감,깍지벌레류,해충,울산광역시,,34.0,,전망자료 부족,낮음,6,2026,"양년 자료 없음, 공통 조사단위 0개, 유효 관측 6건, 결측률 0.0%, 단위별 변화 변동성 100.0점. 제한된 비교 단위 또는 변동성 때문에 보수적으로 낮게 평가합니다. 2024·2026 두 개 연도의 NCPMS 예찰자료만 사용한 상대 위험 전망으로, 기상·재배면적·방제 변화와 2027년 실제 발생을 확정하지 않습니다. ASOS 공통 조사월 0개에서 기온·습도·강수·풍속의 관측 연관성을 추세 연장분에만 최대 ±3점으로 제한 적용(보정 +0점). 2027년 미래 기상값은 생성하거나 가정하지 않았습니다.",전망자료 부족,,,0.0,—,기상근거 부족,0,ASOS 공통 조사월 0개에서 기온·습도·강수·풍속의 관측 연관성을 추세 연장분에만 최대 ±3점으로 제한 적용(보정 +0점). 2027년 미래 기상값은 생성하거나 가정하지 않았습니다.,F27-WX1 설명가능 완화추세,"2024·2026 관측자료와 ASOS 공통 조사월의 연관성을 이용한 상대 위험 전망입니다. 2026년은 부분연도이며, 2027년 실제 기상·발생·확률을 확정하지 않습니다."
감,깍지벌레류,해충,전남광주통합특별시,,22.0,,전망자료 부족,낮음,7,2026,"양년 자료 없음, 공통 조사단위 0개, 유효 관측 7건, 결측률 0.0%, 단위별 변화 변동성 100.0점. 제한된 비교 단위 또는 변동성 때문에 보수적으로 낮게 평가합니다. 2024·2026 두 개 연도의 NCPMS 예찰자료만 사용한 상대 위험 전망으로, 기상·재배면적·방제 변화와 2027년 실제 발생을 확정하지 않습니다. ASOS 공통 조사월 0개에서 기온·습도·강수·풍속의 관측 연관성을 추세 연장분에만 최대 ±3점으로 제한 적용(보정 +0점). 2027년 미래 기상값은 생성하거나 가정하지 않았습니다.",전망자료 부족,,,0.0,—,기상근거 부족,0,ASOS 공통 조사월 0개에서 기온·습도·강수·풍속의 관측 연관성을 추세 연장분에만 최대 ±3점으로 제한 적용(보정 +0점). 2027년 미래 기상값은 생성하거나 가정하지 않았습니다.,F27-WX1 설명가능 완화추세,"2024·2026 관측자료와 ASOS 공통 조사월의 연관성을 이용한 상대 위험 전망입니다. 2026년은 부분연도이며, 2027년 실제 기상·발생·확률을 확정하지 않습니다."
배,깍지벌레류,해충,강원특별자치도,0.0,0.0,0,유지,낮음,10,2024·2026,"기준선 비교: 2026 유지 0.0점, 2024·2026 가중평균 0.0점, 선택 모델(완화 추세+표본 축소) 0.0점. 지역 변화 +0.0점을 표본가중치 0.45로 같은 병해충·작물의 지역 중앙 변화 +0.0점 방향에 축소하고, 1년 연장 변화는 ±20점으로 제한했습니다. 양년 자료 있음, 공통 조사단위 1개, 유효 관측 10건, 결측률 0.0%, 단위별 변화 변동성 0.0점. 제한된 비교 단위 또는 변동성 때문에 보수적으로 낮게 평가합니다. 2024·2026 두 개 연도의 NCPMS 예찰자료만 사용한 상대 위험 전망으로, 기상·재배면적·방제 변화와 2027년 실제 발생을 확정하지 않습니다. ASOS 공통 조사월 1개에서 기온·습도·강수·풍속의 관측 연관성을 추세 연장분에만 최대 ±3점으로 제한 적용(보정 +0점). 2027년 미래 기상값은 생성하거나 가정하지 않았습니다.",관찰,0,0,0.0106,풍속,기상 근거 보강,1,ASOS 공통 조사월 1개에서 기온·습도·강수·풍속의 관측 연관성을 추세 연장분에만 최대 ±3점으로 제한 적용(보정 +0점). 2027년 미래 기상값은 생성하거나 가정하지 않았습니다.,F27-WX1 설명가능 완화추세,"2024·2026 관측자료와 ASOS 공통 조사월의 연관성을 이용한 상대 위험 전망입니다. 2026년은 부분연도이며, 2027년 실제 기상·발생·확률을 확정하지 않습니다."
배,깍지벌레류,해충,경기도,0.0,0.0,0,유지,보통,15,2024·2026,"기준선 비교: 2026 유지 0.1점, 2024·2026 가중평균 0.1점, 선택 모델(완화 추세+표본 축소) 0.1점. 지역 변화 +0.1점을 표본가중치 0.56로 같은 병해충·작물의 지역 중앙 변화 +0.0점 방향에 축소하고, 1년 연장 변화는 ±20점으로 제한했습니다. 양년 자료 있음, 공통 조사단위 4개, 유효 관측 15건, 결측률 0.0%, 단위별 변화 변동성 0.4점. 비교는 가능하지만 표본 또는 변동성에 불확실성이 남습니다. 2024·2026 두 개 연도의 NCPMS 예찰자료만 사용한 상대 위험 전망으로, 기상·재배면적·방제 변화와 2027년 실제 발생을 확정하지 않습니다. ASOS 공통 조사월 2개에서 기온·습도·강수·풍속의 관측 연관성을 추세 연장분에만 최대 ±3점으로 제한 적용(보정 +0점). 2027년 미래 기상값은 생성하거나 가정하지 않았습니다.",관찰,0,0,-0.0077,풍속,기상 근거 보강,2,ASOS 공통 조사월 2개에서 기온·습도·강수·풍속의 관측 연관성을 추세 연장분에만 최대 ±3점으로 제한 적용(보정 +0점). 2027년 미래 기상값은 생성하거나 가정하지 않았습니다.,F27-WX1 설명가능 완화추세,"2024·2026 관측자료와 ASOS 공통 조사월의 연관성을 이용한 상대 위험 전망입니다. 2026년은 부분연도이며, 2027년 실제 기상·발생·확률을 확정하지 않습니다."
배,깍지벌레류,해충,경상남도,0.0,15.0,18,유지,보통,15,2024·2026,"기준선 비교: 2026 유지 14.9점, 2024·2026 가중평균 9.7점, 선택 모델(완화 추세+표본 축소) 17.8점. 지역 변화 +14.9점을 표본가중치 0.56로 같은 병해충·작물의 지역 중앙 변화 +0.0점 방향에 축소하고, 1년 연장 변화는 ±20점으로 제한했습니다. 양년 자료 있음, 공통 조사단위 4개, 유효 관측 15건, 결측률 0.0%, 단위별 변화 변동성 1.0점. 비교는 가능하지만 표본 또는 변동성에 불확실성이 남습니다. 2024·2026 두 개 연도의 NCPMS 예찰자료만 사용한 상대 위험 전망으로, 기상·재배면적·방제 변화와 2027년 실제 발생을 확정하지 않습니다. ASOS 공통 조사월 2개에서 기온·습도·강수·풍속의 관측 연관성을 추세 연장분에만 최대 ±3점으로 제한 적용(보정 +0점). 2027년 미래 기상값은 생성하거나 가정하지 않았습니다.",관찰,18,0,0.0153,강수량,기상 근거 보강,2,ASOS 공통 조사월 2개에서 기온·습도·강수·풍속의 관측 연관성을 추세 연장분에만 최대 ±3점으로 제한 적용(보정 +0점). 2027년 미래 기상값은 생성하거나 가정하지 않았습니다.,F27-WX1 설명가능 완화추세,"2024·2026 관측자료와 ASOS 공통 조사월의 연관성을 이용한 상대 위험 전망입니다. 2026년은 부분연도이며, 2027년 실제 기상·발생·확률을 확정하지 않습니다."
배,깍지벌레류,해충,경상북도,0.0,7.0,9,유지,보통,15,2024·2026,"기준선 비교: 2026 유지 7.4점, 2024·2026 가중평균 4.8점, 선택 모델(완화 추세+표본 축소) 8.9점. 지역 변화 +7.4점을 표본가중치 0.56로 같은 병해충·작물의 지역 중앙 변화 +0.0점 방향에 축소하고, 1년 연장 변화는 ±20점으로 제한했습니다. 양년 자료 있음, 공통 조사단위 4개, 유효 관측 15건, 결측률 0.0%, 단위별 변화 변동성 4.2점. 비교는 가능하지만 표본 또는 변동성에 불확실성이 남습니다. 2024·2026 두 개 연도의 NCPMS 예찰자료만 사용한 상대 위험 전망으로, 기상·재배면적·방제 변화와 2027년 실제 발생을 확정하지 않습니다. ASOS 공통 조사월 2개에서 기온·습도·강수·풍속의 관측 연관성을 추세 연장분에만 최대 ±3점으로 제한 적용(보정 +0점). 2027년 미래 기상값은 생성하거나 가정하지 않았습니다.",관찰,9,0,-0.0003,풍속,기상 근거 보강,2,ASOS 공통 조사월 2개에서 기온·습도·강수·풍속의 관측 연관성을 추세 연장분에만 최대 ±3점으로 제한 적용(보정 +0점). 2027년 미래 기상값은 생성하거나 가정하지 않았습니다.,F27-WX1 설명가능 완화추세,"2024·2026 관측자료와 ASOS 공통 조사월의 연관성을 이용한 상대 위험 전망입니다. 2026년은 부분연도이며, 2027년 실제 기상·발생·확률을 확정하지 않습니다."
배,깍지벌레류,해충,세종특별자치시,0.0,0.0,0,유지,보통,14,2024·2026,"기준선 비교: 2026 유지 0.0점, 2024·2026 가중평균 0.0점, 선택 모델(완화 추세+표본 축소) 0.0점. 지역 변화 +0.0점을 표본가중치 0.54로 같은 병해충·작물의 지역 중앙 변화 +0.0점 방향에 축소하고, 1년 연장 변화는 ±20점으로 제한했습니다. 양년 자료 있음, 공통 조사단위 4개, 유효 관측 14건, 결측률 0.0%, 단위별 변화 변동성 0.0점. 비교는 가능하지만 표본 또는 변동성에 불확실성이 남습니다. 2024·2026 두 개 연도의 NCPMS 예찰자료만 사용한 상대 위험 전망으로, 기상·재배면적·방제 변화와 2027년 실제 발생을 확정하지 않습니다. ASOS 공통 조사월 2개에서 기온·습도·강수·풍속의 관측 연관성을 추세 연장분에만 최대 ±3점으로 제한 적용(보정 +0점). 2027년 미래 기상값은 생성하거나 가정하지 않았습니다.",관찰,0,0,0.002,습도,기상 근거 보강,2,ASOS 공통 조사월 2개에서 기온·습도·강수·풍속의 관측 연관성을 추세 연장분에만 최대 ±3점으로 제한 적용(보정 +0점). 2027년 미래 기상값은 생성하거나 가정하지 않았습니다.,F27-WX1 설명가능 완화추세,"2024·2026 관측자료와 ASOS 공통 조사월의 연관성을 이용한 상대 위험 전망입니다. 2026년은 부분연도이며, 2027년 실제 기상·발생·확률을 확정하지 않습니다."
배,깍지벌레류,해충,울산광역시,25.0,12.0,10,유지,낮음,14,2024·2026,"기준선 비교: 2026 유지 12.4점, 2024·2026 가중평균 16.8점, 선택 모델(완화 추세+표본 축소) 10.0점. 지역 변화 -12.6점을 표본가중치 0.54로 같은 병해충·작물의 지역 중앙 변화 +0.0점 방향에 축소하고, 1년 연장 변화는 ±20점으로 제한했습니다. 양년 자료 있음, 공통 조사단위 4개, 유효 관측 14건, 결측률 0.0%, 단위별 변화 변동성 40.2점. 제한된 비교 단위 또는 변동성 때문에 보수적으로 낮게 평가합니다. 2024·2026 두 개 연도의 NCPMS 예찰자료만 사용한 상대 위험 전망으로, 기상·재배면적·방제 변화와 2027년 실제 발생을 확정하지 않습니다. ASOS 공통 조사월 2개에서 기온·습도·강수·풍속의 관측 연관성을 추세 연장분에만 최대 ±3점으로 제한 적용(보정 +0점). 2027년 미래 기상값은 생성하거나 가정하지 않았습니다.",관찰,10,0,0.0011,풍속,기상 근거 보강,2,ASOS 공통 조사월 2개에서 기온·습도·강수·풍속의 관측 연관성을 추세 연장분에만 최대 ±3점으로 제한 적용(보정 +0점). 2027년 미래 기상값은 생성하거나 가정하지 않았습니다.,F27-WX1 설명가능 완화추세,"2024·2026 관측자료와 ASOS 공통 조사월의 연관성을 이용한 상대 위험 전망입니다. 2026년은 부분연도이며, 2027년 실제 기상·발생·확률을 확정하지 않습니다."
배,깍지벌레류,해충,전남광주통합특별시,0.0,59.0,70,증가,낮음,15,2024·2026,"기준선 비교: 2026 유지 58.6점, 2024·2026 가중평균 38.1점, 선택 모델(완화 추세+표본 축소) 69.9점. 지역 변화 +58.6점을 표본가중치 0.56로 같은 병해충·작물의 지역 중앙 변화 +0.0점 방향에 축소하고, 1년 연장 변화는 ±20점으로 제한했습니다. 양년 자료 있음, 공통 조사단위 4개, 유효 관측 15건, 결측률 0.0%, 단위별 변화 변동성 50.0점. 제한된 비교 단위 또는 변동성 때문에 보수적으로 낮게 평가합니다. 2024·2026 두 개 연도의 NCPMS 예찰자료만 사용한 상대 위험 전망으로, 기상·재배면적·방제 변화와 2027년 실제 발생을 확정하지 않습니다. ASOS 공통 조사월 2개에서 기온·습도·강수·풍속의 관측 연관성을 추세 연장분에만 최대 ±3점으로 제한 적용(보정 +0점). 2027년 미래 기상값은 생성하거나 가정하지 않았습니다.",고위험,70,0,0.013,강수량,기상 근거 보강,2,ASOS 공통 조사월 2개에서 기온·습도·강수·풍속의 관측 연관성을 추세 연장분에만 최대 ±3점으로 제한 적용(보정 +0점). 2027년 미래 기상값은 생성하거나 가정하지 않았습니다.,F27-WX1 설명가능 완화추세,"2024·2026 관측자료와 ASOS 공통 조사월의 연관성을 이용한 상대 위험 전망입니다. 2026년은 부분연도이며, 2027년 실제 기상·발생·확률을 확정하지 않습니다."
배,깍지벌레류,해충,전북특별자치도,,4.0,,전망자료 부족,낮음,7,2026,"양년 자료 없음, 공통 조사단위 0개, 유효 관측 7건, 결측률 0.0%, 단위별 변화 변동성 100.0점. 제한된 비교 단위 또는 변동성 때문에 보수적으로 낮게 평가합니다. 2024·2026 두 개 연도의 NCPMS 예찰자료만 사용한 상대 위험 전망으로, 기상·재배면적·방제 변화와 2027년 실제 발생을 확정하지 않습니다. ASOS 공통 조사월 0개에서 기온·습도·강수·풍속의 관측 연관성을 추세 연장분에만 최대 ±3점으로 제한 적용(보정 +0점). 2027년 미래 기상값은 생성하거나 가정하지 않았습니다.",전망자료 부족,,,0.0,—,기상근거 부족,0,ASOS 공통 조사월 0개에서 기온·습도·강수·풍속의 관측 연관성을 추세 연장분에만 최대 ±3점으로 제한 적용(보정 +0점). 2027년 미래 기상값은 생성하거나 가정하지 않았습니다.,F27-WX1 설명가능 완화추세,"2024·2026 관측자료와 ASOS 공통 조사월의 연관성을 이용한 상대 위험 전망입니다. 2026년은 부분연도이며, 2027년 실제 기상·발생·확률을 확정하지 않습니다."
배,깍지벌레류,해충,충청남도,48.0,29.0,25,유지,낮음,15,2024·2026,"기준선 비교: 2026 유지 28.7점, 2024·2026 가중평균 35.3점, 선택 모델(완화 추세+표본 축소) 25.1점. 지역 변화 -18.8점을 표본가중치 0.56로 같은 병해충·작물의 지역 중앙 변화 +0.0점 방향에 축소하고, 1년 연장 변화는 ±20점으로 제한했습니다. 양년 자료 있음, 공통 조사단위 4개, 유효 관측 15건, 결측률 0.0%, 단위별 변화 변동성 50.7점. 제한된 비교 단위 또는 변동성 때문에 보수적으로 낮게 평가합니다. 2024·2026 두 개 연도의 NCPMS 예찰자료만 사용한 상대 위험 전망으로, 기상·재배면적·방제 변화와 2027년 실제 발생을 확정하지 않습니다. ASOS 공통 조사월 2개에서 기온·습도·강수·풍속의 관측 연관성을 추세 연장분에만 최대 ±3점으로 제한 적용(보정 +0점). 2027년 미래 기상값은 생성하거나 가정하지 않았습니다.",관찰,25,0,0.0046,강수량,기상 근거 보강,2,ASOS 공통 조사월 2개에서 기온·습도·강수·풍속의 관측 연관성을 추세 연장분에만 최대 ±3점으로 제한 적용(보정 +0점). 2027년 미래 기상값은 생성하거나 가정하지 않았습니다.,F27-WX1 설명가능 완화추세,"2024·2026 관측자료와 ASOS 공통 조사월의 연관성을 이용한 상대 위험 전망입니다. 2026년은 부분연도이며, 2027년 실제 기상·발생·확률을 확정하지 않습니다."
배,깍지벌레류,해충,충청북도,21.0,0.0,0,유지,보통,15,2024·2026,"기준선 비교: 2026 유지 0.0점, 2024·2026 가중평균 7.4점, 선택 모델(완화 추세+표본 축소) 0.0점. 지역 변화 -21.2점을 표본가중치 0.56로 같은 병해충·작물의 지역 중앙 변화 +0.0점 방향에 축소하고, 1년 연장 변화는 ±20점으로 제한했습니다. 양년 자료 있음, 공통 조사단위 4개, 유효 관측 15건, 결측률 0.0%, 단위별 변화 변동성 36.7점. 비교는 가능하지만 표본 또는 변동성에 불확실성이 남습니다. 2024·2026 두 개 연도의 NCPMS 예찰자료만 사용한 상대 위험 전망으로, 기상·재배면적·방제 변화와 2027년 실제 발생을 확정하지 않습니다. ASOS 공통 조사월 2개에서 기온·습도·강수·풍속의 관측 연관성을 추세 연장분에만 최대 ±3점으로 제한 적용(보정 +0점). 2027년 미래 기상값은 생성하거나 가정하지 않았습니다.",관찰,0,0,0.0085,강수량,기상 근거 보강,2,ASOS 공통 조사월 2개에서 기온·습도·강수·풍속의 관측 연관성을 추세 연장분에만 최대 ±3점으로 제한 적용(보정 +0점). 2027년 미래 기상값은 생성하거나 가정하지 않았습니다.,F27-WX1 설명가능 완화추세,"2024·2026 관측자료와 ASOS 공통 조사월의 연관성을 이용한 상대 위험 전망입니다. 2026년은 부분연도이며, 2027년 실제 기상·발생·확률을 확정하지 않습니다."
보리,깜부기병,병해,경상남도,,42.0,,전망자료 부족,낮음,6,2026,"양년 자료 없음, 공통 조사단위 0개, 유효 관측 6건, 결측률 0.0%, 단위별 변화 변동성 100.0점. 제한된 비교 단위 또는 변동성 때문에 보수적으로 낮게 평가합니다. 2024·2026 두 개 연도의 NCPMS 예찰자료만 사용한 상대 위험 전망으로, 기상·재배면적·방제 변화와 2027년 실제 발생을 확정하지 않습니다. ASOS 공통 조사월 0개에서 기온·습도·강수·풍속의 관측 연관성을 추세 연장분에만 최대 ±3점으로 제한 적용(보정 +0점). 2027년 미래 기상값은 생성하거나 가정하지 않았습니다.",전망자료 부족,,,0.0,—,기상근거 부족,0,ASOS 공통 조사월 0개에서 기온·습도·강수·풍속의 관측 연관성을 추세 연장분에만 최대 ±3점으로 제한 적용(보정 +0점). 2027년 미래 기상값은 생성하거나 가정하지 않았습니다.,F27-WX1 설명가능 완화추세,"2024·2026 관측자료와 ASOS 공통 조사월의 연관성을 이용한 상대 위험 전망입니다. 2026년은 부분연도이며, 2027년 실제 기상·발생·확률을 확정하지 않습니다."
보리,깜부기병,병해,경상북도,,10.0,,전망자료 부족,낮음,6,2026,"양년 자료 없음, 공통 조사단위 0개, 유효 관측 6건, 결측률 0.0%, 단위별 변화 변동성 100.0점. 제한된 비교 단위 또는 변동성 때문에 보수적으로 낮게 평가합니다. 2024·2026 두 개 연도의 NCPMS 예찰자료만 사용한 상대 위험 전망으로, 기상·재배면적·방제 변화와 2027년 실제 발생을 확정하지 않습니다. ASOS 공통 조사월 0개에서 기온·습도·강수·풍속의 관측 연관성을 추세 연장분에만 최대 ±3점으로 제한 적용(보정 +0점). 2027년 미래 기상값은 생성하거나 가정하지 않았습니다.",전망자료 부족,,,0.0,—,기상근거 부족,0,ASOS 공통 조사월 0개에서 기온·습도·강수·풍속의 관측 연관성을 추세 연장분에만 최대 ±3점으로 제한 적용(보정 +0점). 2027년 미래 기상값은 생성하거나 가정하지 않았습니다.,F27-WX1 설명가능 완화추세,"2024·2026 관측자료와 ASOS 공통 조사월의 연관성을 이용한 상대 위험 전망입니다. 2026년은 부분연도이며, 2027년 실제 기상·발생·확률을 확정하지 않습니다."
보리,깜부기병,병해,전남광주통합특별시,,9.0,,전망자료 부족,낮음,6,2026,"양년 자료 없음, 공통 조사단위 0개, 유효 관측 6건, 결측률 0.0%, 단위별 변화 변동성 100.0점. 제한된 비교 단위 또는 변동성 때문에 보수적으로 낮게 평가합니다. 2024·2026 두 개 연도의 NCPMS 예찰자료만 사용한 상대 위험 전망으로, 기상·재배면적·방제 변화와 2027년 실제 발생을 확정하지 않습니다. ASOS 공통 조사월 0개에서 기온·습도·강수·풍속의 관측 연관성을 추세 연장분에만 최대 ±3점으로 제한 적용(보정 +0점). 2027년 미래 기상값은 생성하거나 가정하지 않았습니다.",전망자료 부족,,,0.0,—,기상근거 부족,0,ASOS 공통 조사월 0개에서 기온·습도·강수·풍속의 관측 연관성을 추세 연장분에만 최대 ±3점으로 제한 적용(보정 +0점). 2027년 미래 기상값은 생성하거나 가정하지 않았습니다.,F27-WX1 설명가능 완화추세,"2024·2026 관측자료와 ASOS 공통 조사월의 연관성을 이용한 상대 위험 전망입니다. 2026년은 부분연도이며, 2027년 실제 기상·발생·확률을 확정하지 않습니다."
보리,깜부기병,병해,전북특별자치도,,28.0,,전망자료 부족,낮음,6,2026,"양년 자료 없음, 공통 조사단위 0개, 유효 관측 6건, 결측률 0.0%, 단위별 변화 변동성 100.0점. 제한된 비교 단위 또는 변동성 때문에 보수적으로 낮게 평가합니다. 2024·2026 두 개 연도의 NCPMS 예찰자료만 사용한 상대 위험 전망으로, 기상·재배면적·방제 변화와 2027년 실제 발생을 확정하지 않습니다. ASOS 공통 조사월 0개에서 기온·습도·강수·풍속의 관측 연관성을 추세 연장분에만 최대 ±3점으로 제한 적용(보정 +0점). 2027년 미래 기상값은 생성하거나 가정하지 않았습니다.",전망자료 부족,,,0.0,—,기상근거 부족,0,ASOS 공통 조사월 0개에서 기온·습도·강수·풍속의 관측 연관성을 추세 연장분에만 최대 ±3점으로 제한 적용(보정 +0점). 2027년 미래 기상값은 생성하거나 가정하지 않았습니다.,F27-WX1 설명가능 완화추세,"2024·2026 관측자료와 ASOS 공통 조사월의 연관성을 이용한 상대 위험 전망입니다. 2026년은 부분연도이며, 2027년 실제 기상·발생·확률을 확정하지 않습니다."
보리,깜부기병,병해,충청남도,,2.0,,전망자료 부족,낮음,6,2026,"양년 자료 없음, 공통 조사단위 0개, 유효 관측 6건, 결측률 0.0%, 단위별 변화 변동성 100.0점. 제한된 비교 단위 또는 변동성 때문에 보수적으로 낮게 평가합니다. 2024·2026 두 개 연도의 NCPMS 예찰자료만 사용한 상대 위험 전망으로, 기상·재배면적·방제 변화와 2027년 실제 발생을 확정하지 않습니다. ASOS 공통 조사월 0개에서 기온·습도·강수·풍속의 관측 연관성을 추세 연장분에만 최대 ±3점으로 제한 적용(보정 +0점). 2027년 미래 기상값은 생성하거나 가정하지 않았습니다.",전망자료 부족,,,0.0,—,기상근거 부족,0,ASOS 공통 조사월 0개에서 기온·습도·강수·풍속의 관측 연관성을 추세 연장분에만 최대 ±3점으로 제한 적용(보정 +0점). 2027년 미래 기상값은 생성하거나 가정하지 않았습니다.,F27-WX1 설명가능 완화추세,"2024·2026 관측자료와 ASOS 공통 조사월의 연관성을 이용한 상대 위험 전망입니다. 2026년은 부분연도이며, 2027년 실제 기상·발생·확률을 확정하지 않습니다."
보리,깜부기병,병해,충청북도,,17.0,,전망자료 부족,낮음,6,2026,"양년 자료 없음, 공통 조사단위 0개, 유효 관측 6건, 결측률 0.0%, 단위별 변화 변동성 100.0점. 제한된 비교 단위 또는 변동성 때문에 보수적으로 낮게 평가합니다. 2024·2026 두 개 연도의 NCPMS 예찰자료만 사용한 상대 위험 전망으로, 기상·재배면적·방제 변화와 2027년 실제 발생을 확정하지 않습니다. ASOS 공통 조사월 0개에서 기온·습도·강수·풍속의 관측 연관성을 추세 연장분에만 최대 ±3점으로 제한 적용(보정 +0점). 2027년 미래 기상값은 생성하거나 가정하지 않았습니다.",전망자료 부족,,,0.0,—,기상근거 부족,0,ASOS 공통 조사월 0개에서 기온·습도·강수·풍속의 관측 연관성을 추세 연장분에만 최대 ±3점으로 제한 적용(보정 +0점). 2027년 미래 기상값은 생성하거나 가정하지 않았습니다.,F27-WX1 설명가능 완화추세,"2024·2026 관측자료와 ASOS 공통 조사월의 연관성을 이용한 상대 위험 전망입니다. 2026년은 부분연도이며, 2027년 실제 기상·발생·확률을 확정하지 않습니다."
논벼,깨씨무늬병,병해,강원특별자치도,0.0,14.0,17,유지,보통,32,2024·2026,"기준선 비교: 2026 유지 13.6점, 2024·2026 가중평균 8.9점, 선택 모델(완화 추세+표본 축소) 17.1점. 지역 변화 +13.6점을 표본가중치 0.73로 같은 병해충·작물의 지역 중앙 변화 +0.0점 방향에 축소하고, 1년 연장 변화는 ±20점으로 제한했습니다. 양년 자료 있음, 공통 조사단위 2개, 유효 관측 32건, 결측률 0.0%, 단위별 변화 변동성 0.0점. 비교는 가능하지만 표본 또는 변동성에 불확실성이 남습니다. 2024·2026 두 개 연도의 NCPMS 예찰자료만 사용한 상대 위험 전망으로, 기상·재배면적·방제 변화와 2027년 실제 발생을 확정하지 않습니다. ASOS 공통 조사월 1개에서 기온·습도·강수·풍속의 관측 연관성을 추세 연장분에만 최대 ±3점으로 제한 적용(보정 +0점). 2027년 미래 기상값은 생성하거나 가정하지 않았습니다.",관찰,17,0,-0.0081,기온,기상 근거 보강,1,ASOS 공통 조사월 1개에서 기온·습도·강수·풍속의 관측 연관성을 추세 연장분에만 최대 ±3점으로 제한 적용(보정 +0점). 2027년 미래 기상값은 생성하거나 가정하지 않았습니다.,F27-WX1 설명가능 완화추세,"2024·2026 관측자료와 ASOS 공통 조사월의 연관성을 이용한 상대 위험 전망입니다. 2026년은 부분연도이며, 2027년 실제 기상·발생·확률을 확정하지 않습니다."
논벼,깨씨무늬병,병해,경기도,0.0,1.0,2,유지,보통,36,2024·2026,"기준선 비교: 2026 유지 1.4점, 2024·2026 가중평균 0.9점, 선택 모델(완화 추세+표본 축소) 1.7점. 지역 변화 +1.4점을 표본가중치 0.75로 같은 병해충·작물의 지역 중앙 변화 +0.0점 방향에 축소하고, 1년 연장 변화는 ±20점으로 제한했습니다. 양년 자료 있음, 공통 조사단위 2개, 유효 관측 36건, 결측률 0.0%, 단위별 변화 변동성 0.0점. 비교는 가능하지만 표본 또는 변동성에 불확실성이 남습니다. 2024·2026 두 개 연도의 NCPMS 예찰자료만 사용한 상대 위험 전망으로, 기상·재배면적·방제 변화와 2027년 실제 발생을 확정하지 않습니다. ASOS 공통 조사월 1개에서 기온·습도·강수·풍속의 관측 연관성을 추세 연장분에만 최대 ±3점으로 제한 적용(보정 +0점). 2027년 미래 기상값은 생성하거나 가정하지 않았습니다.",관찰,2,0,-0.0365,습도,기상 근거 보강,1,ASOS 공통 조사월 1개에서 기온·습도·강수·풍속의 관측 연관성을 추세 연장분에만 최대 ±3점으로 제한 적용(보정 +0점). 2027년 미래 기상값은 생성하거나 가정하지 않았습니다.,F27-WX1 설명가능 완화추세,"2024·2026 관측자료와 ASOS 공통 조사월의 연관성을 이용한 상대 위험 전망입니다. 2026년은 부분연도이며, 2027년 실제 기상·발생·확률을 확정하지 않습니다."
논벼,깨씨무늬병,병해,경상남도,0.0,12.0,16,유지,보통,32,2024·2026,"기준선 비교: 2026 유지 12.5점, 2024·2026 가중평균 8.1점, 선택 모델(완화 추세+표본 축소) 15.7점. 지역 변화 +12.5점을 표본가중치 0.73로 같은 병해충·작물의 지역 중앙 변화 +0.0점 방향에 축소하고, 1년 연장 변화는 ±20점으로 제한했습니다. 양년 자료 있음, 공통 조사단위 2개, 유효 관측 32건, 결측률 0.0%, 단위별 변화 변동성 0.0점. 비교는 가능하지만 표본 또는 변동성에 불확실성이 남습니다. 2024·2026 두 개 연도의 NCPMS 예찰자료만 사용한 상대 위험 전망으로, 기상·재배면적·방제 변화와 2027년 실제 발생을 확정하지 않습니다. ASOS 공통 조사월 1개에서 기온·습도·강수·풍속의 관측 연관성을 추세 연장분에만 최대 ±3점으로 제한 적용(보정 +0점). 2027년 미래 기상값은 생성하거나 가정하지 않았습니다.",관찰,16,0,0.006,습도,기상 근거 보강,1,ASOS 공통 조사월 1개에서 기온·습도·강수·풍속의 관측 연관성을 추세 연장분에만 최대 ±3점으로 제한 적용(보정 +0점). 2027년 미래 기상값은 생성하거나 가정하지 않았습니다.,F27-WX1 설명가능 완화추세,"2024·2026 관측자료와 ASOS 공통 조사월의 연관성을 이용한 상대 위험 전망입니다. 2026년은 부분연도이며, 2027년 실제 기상·발생·확률을 확정하지 않습니다."
논벼,깨씨무늬병,병해,경상북도,0.0,0.0,0,유지,보통,32,2024·2026,"기준선 비교: 2026 유지 0.0점, 2024·2026 가중평균 0.0점, 선택 모델(완화 추세+표본 축소) 0.0점. 지역 변화 +0.0점을 표본가중치 0.73로 같은 병해충·작물의 지역 중앙 변화 +0.0점 방향에 축소하고, 1년 연장 변화는 ±20점으로 제한했습니다. 양년 자료 있음, 공통 조사단위 2개, 유효 관측 32건, 결측률 0.0%, 단위별 변화 변동성 0.0점. 비교는 가능하지만 표본 또는 변동성에 불확실성이 남습니다. 2024·2026 두 개 연도의 NCPMS 예찰자료만 사용한 상대 위험 전망으로, 기상·재배면적·방제 변화와 2027년 실제 발생을 확정하지 않습니다. ASOS 공통 조사월 1개에서 기온·습도·강수·풍속의 관측 연관성을 추세 연장분에만 최대 ±3점으로 제한 적용(보정 +0점). 2027년 미래 기상값은 생성하거나 가정하지 않았습니다.",관찰,0,0,-0.0024,기온,기상 근거 보강,1,ASOS 공통 조사월 1개에서 기온·습도·강수·풍속의 관측 연관성을 추세 연장분에만 최대 ±3점으로 제한 적용(보정 +0점). 2027년 미래 기상값은 생성하거나 가정하지 않았습니다.,F27-WX1 설명가능 완화추세,"2024·2026 관측자료와 ASOS 공통 조사월의 연관성을 이용한 상대 위험 전망입니다. 2026년은 부분연도이며, 2027년 실제 기상·발생·확률을 확정하지 않습니다."
논벼,깨씨무늬병,병해,대구광역시,0.0,0.0,0,유지,보통,32,2024·2026,"기준선 비교: 2026 유지 0.0점, 2024·2026 가중평균 0.0점, 선택 모델(완화 추세+표본 축소) 0.0점. 지역 변화 +0.0점을 표본가중치 0.73로 같은 병해충·작물의 지역 중앙 변화 +0.0점 방향에 축소하고, 1년 연장 변화는 ±20점으로 제한했습니다. 양년 자료 있음, 공통 조사단위 2개, 유효 관측 32건, 결측률 0.0%, 단위별 변화 변동성 0.0점. 비교는 가능하지만 표본 또는 변동성에 불확실성이 남습니다. 2024·2026 두 개 연도의 NCPMS 예찰자료만 사용한 상대 위험 전망으로, 기상·재배면적·방제 변화와 2027년 실제 발생을 확정하지 않습니다. ASOS 공통 조사월 1개에서 기온·습도·강수·풍속의 관측 연관성을 추세 연장분에만 최대 ±3점으로 제한 적용(보정 +0점). 2027년 미래 기상값은 생성하거나 가정하지 않았습니다.",관찰,0,0,-0.0247,기온,기상 근거 보강,1,ASOS 공통 조사월 1개에서 기온·습도·강수·풍속의 관측 연관성을 추세 연장분에만 최대 ±3점으로 제한 적용(보정 +0점). 2027년 미래 기상값은 생성하거나 가정하지 않았습니다.,F27-WX1 설명가능 완화추세,"2024·2026 관측자료와 ASOS 공통 조사월의 연관성을 이용한 상대 위험 전망입니다. 2026년은 부분연도이며, 2027년 실제 기상·발생·확률을 확정하지 않습니다."
논벼,깨씨무늬병,병해,대전광역시,0.0,0.0,0,유지,보통,32,2024·2026,"기준선 비교: 2026 유지 0.0점, 2024·2026 가중평균 0.0점, 선택 모델(완화 추세+표본 축소) 0.0점. 지역 변화 +0.0점을 표본가중치 0.73로 같은 병해충·작물의 지역 중앙 변화 +0.0점 방향에 축소하고, 1년 연장 변화는 ±20점으로 제한했습니다. 양년 자료 있음, 공통 조사단위 2개, 유효 관측 32건, 결측률 0.0%, 단위별 변화 변동성 0.0점. 비교는 가능하지만 표본 또는 변동성에 불확실성이 남습니다. 2024·2026 두 개 연도의 NCPMS 예찰자료만 사용한 상대 위험 전망으로, 기상·재배면적·방제 변화와 2027년 실제 발생을 확정하지 않습니다. ASOS 공통 조사월 1개에서 기온·습도·강수·풍속의 관측 연관성을 추세 연장분에만 최대 ±3점으로 제한 적용(보정 +0점). 2027년 미래 기상값은 생성하거나 가정하지 않았습니다.",관찰,0,0,0.0242,습도,기상 근거 보강,1,ASOS 공통 조사월 1개에서 기온·습도·강수·풍속의 관측 연관성을 추세 연장분에만 최대 ±3점으로 제한 적용(보정 +0점). 2027년 미래 기상값은 생성하거나 가정하지 않았습니다.,F27-WX1 설명가능 완화추세,"2024·2026 관측자료와 ASOS 공통 조사월의 연관성을 이용한 상대 위험 전망입니다. 2026년은 부분연도이며, 2027년 실제 기상·발생·확률을 확정하지 않습니다."
논벼,깨씨무늬병,병해,부산광역시,0.0,0.0,0,유지,보통,32,2024·2026,"기준선 비교: 2026 유지 0.0점, 2024·2026 가중평균 0.0점, 선택 모델(완화 추세+표본 축소) 0.0점. 지역 변화 +0.0점을 표본가중치 0.73로 같은 병해충·작물의 지역 중앙 변화 +0.0점 방향에 축소하고, 1년 연장 변화는 ±20점으로 제한했습니다. 양년 자료 있음, 공통 조사단위 2개, 유효 관측 32건, 결측률 0.0%, 단위별 변화 변동성 0.0점. 비교는 가능하지만 표본 또는 변동성에 불확실성이 남습니다. 2024·2026 두 개 연도의 NCPMS 예찰자료만 사용한 상대 위험 전망으로, 기상·재배면적·방제 변화와 2027년 실제 발생을 확정하지 않습니다. ASOS 공통 조사월 1개에서 기온·습도·강수·풍속의 관측 연관성을 추세 연장분에만 최대 ±3점으로 제한 적용(보정 +0점). 2027년 미래 기상값은 생성하거나 가정하지 않았습니다.",관찰,0,0,0.0057,습도,기상 근거 보강,1,ASOS 공통 조사월 1개에서 기온·습도·강수·풍속의 관측 연관성을 추세 연장분에만 최대 ±3점으로 제한 적용(보정 +0점). 2027년 미래 기상값은 생성하거나 가정하지 않았습니다.,F27-WX1 설명가능 완화추세,"2024·2026 관측자료와 ASOS 공통 조사월의 연관성을 이용한 상대 위험 전망입니다. 2026년은 부분연도이며, 2027년 실제 기상·발생·확률을 확정하지 않습니다."
논벼,깨씨무늬병,병해,세종특별자치시,0.0,0.0,0,유지,보통,28,2024·2026,"기준선 비교: 2026 유지 0.0점, 2024·2026 가중평균 0.0점, 선택 모델(완화 추세+표본 축소) 0.0점. 지역 변화 +0.0점을 표본가중치 0.70로 같은 병해충·작물의 지역 중앙 변화 +0.0점 방향에 축소하고, 1년 연장 변화는 ±20점으로 제한했습니다. 양년 자료 있음, 공통 조사단위 2개, 유효 관측 28건, 결측률 0.0%, 단위별 변화 변동성 0.0점. 비교는 가능하지만 표본 또는 변동성에 불확실성이 남습니다. 2024·2026 두 개 연도의 NCPMS 예찰자료만 사용한 상대 위험 전망으로, 기상·재배면적·방제 변화와 2027년 실제 발생을 확정하지 않습니다. ASOS 공통 조사월 1개에서 기온·습도·강수·풍속의 관측 연관성을 추세 연장분에만 최대 ±3점으로 제한 적용(보정 +0점). 2027년 미래 기상값은 생성하거나 가정하지 않았습니다.",관찰,0,0,0.0094,습도,기상 근거 보강,1,ASOS 공통 조사월 1개에서 기온·습도·강수·풍속의 관측 연관성을 추세 연장분에만 최대 ±3점으로 제한 적용(보정 +0점). 2027년 미래 기상값은 생성하거나 가정하지 않았습니다.,F27-WX1 설명가능 완화추세,"2024·2026 관측자료와 ASOS 공통 조사월의 연관성을 이용한 상대 위험 전망입니다. 2026년은 부분연도이며, 2027년 실제 기상·발생·확률을 확정하지 않습니다."
논벼,깨씨무늬병,병해,울산광역시,0.0,0.0,0,유지,보통,32,2024·2026,"기준선 비교: 2026 유지 0.0점, 2024·2026 가중평균 0.0점, 선택 모델(완화 추세+표본 축소) 0.0점. 지역 변화 +0.0점을 표본가중치 0.73로 같은 병해충·작물의 지역 중앙 변화 +0.0점 방향에 축소하고, 1년 연장 변화는 ±20점으로 제한했습니다. 양년 자료 있음, 공통 조사단위 2개, 유효 관측 32건, 결측률 0.0%, 단위별 변화 변동성 0.0점. 비교는 가능하지만 표본 또는 변동성에 불확실성이 남습니다. 2024·2026 두 개 연도의 NCPMS 예찰자료만 사용한 상대 위험 전망으로, 기상·재배면적·방제 변화와 2027년 실제 발생을 확정하지 않습니다. ASOS 공통 조사월 1개에서 기온·습도·강수·풍속의 관측 연관성을 추세 연장분에만 최대 ±3점으로 제한 적용(보정 +0점). 2027년 미래 기상값은 생성하거나 가정하지 않았습니다.",관찰,0,0,-0.0016,기온,기상 근거 보강,1,ASOS 공통 조사월 1개에서 기온·습도·강수·풍속의 관측 연관성을 추세 연장분에만 최대 ±3점으로 제한 적용(보정 +0점). 2027년 미래 기상값은 생성하거나 가정하지 않았습니다.,F27-WX1 설명가능 완화추세,"2024·2026 관측자료와 ASOS 공통 조사월의 연관성을 이용한 상대 위험 전망입니다. 2026년은 부분연도이며, 2027년 실제 기상·발생·확률을 확정하지 않습니다."
논벼,깨씨무늬병,병해,인천광역시,0.0,17.0,21,유지,보통,32,2024·2026,"기준선 비교: 2026 유지 16.7점, 2024·2026 가중평균 10.8점, 선택 모델(완화 추세+표본 축소) 20.9점. 지역 변화 +16.7점을 표본가중치 0.73로 같은 병해충·작물의 지역 중앙 변화 +0.0점 방향에 축소하고, 1년 연장 변화는 ±20점으로 제한했습니다. 양년 자료 있음, 공통 조사단위 2개, 유효 관측 32건, 결측률 0.0%, 단위별 변화 변동성 0.0점. 비교는 가능하지만 표본 또는 변동성에 불확실성이 남습니다. 2024·2026 두 개 연도의 NCPMS 예찰자료만 사용한 상대 위험 전망으로, 기상·재배면적·방제 변화와 2027년 실제 발생을 확정하지 않습니다. ASOS 공통 조사월 1개에서 기온·습도·강수·풍속의 관측 연관성을 추세 연장분에만 최대 ±3점으로 제한 적용(보정 +0점). 2027년 미래 기상값은 생성하거나 가정하지 않았습니다.",관찰,21,0,0.0037,습도,기상 근거 보강,1,ASOS 공통 조사월 1개에서 기온·습도·강수·풍속의 관측 연관성을 추세 연장분에만 최대 ±3점으로 제한 적용(보정 +0점). 2027년 미래 기상값은 생성하거나 가정하지 않았습니다.,F27-WX1 설명가능 완화추세,"2024·2026 관측자료와 ASOS 공통 조사월의 연관성을 이용한 상대 위험 전망입니다. 2026년은 부분연도이며, 2027년 실제 기상·발생·확률을 확정하지 않습니다."
논벼,깨씨무늬병,병해,전남광주통합특별시,0.0,25.0,32,증가,보통,32,2024·2026,"기준선 비교: 2026 유지 25.2점, 2024·2026 가중평균 16.4점, 선택 모델(완화 추세+표본 축소) 31.6점. 지역 변화 +25.2점을 표본가중치 0.73로 같은 병해충·작물의 지역 중앙 변화 +0.0점 방향에 축소하고, 1년 연장 변화는 ±20점으로 제한했습니다. 양년 자료 있음, 공통 조사단위 2개, 유효 관측 32건, 결측률 0.0%, 단위별 변화 변동성 0.0점. 비교는 가능하지만 표본 또는 변동성에 불확실성이 남습니다. 2024·2026 두 개 연도의 NCPMS 예찰자료만 사용한 상대 위험 전망으로, 기상·재배면적·방제 변화와 2027년 실제 발생을 확정하지 않습니다. ASOS 공통 조사월 1개에서 기온·습도·강수·풍속의 관측 연관성을 추세 연장분에만 최대 ±3점으로 제한 적용(보정 +0점). 2027년 미래 기상값은 생성하거나 가정하지 않았습니다.",관찰,32,0,-0.0159,습도,기상 근거 보강,1,ASOS 공통 조사월 1개에서 기온·습도·강수·풍속의 관측 연관성을 추세 연장분에만 최대 ±3점으로 제한 적용(보정 +0점). 2027년 미래 기상값은 생성하거나 가정하지 않았습니다.,F27-WX1 설명가능 완화추세,"2024·2026 관측자료와 ASOS 공통 조사월의 연관성을 이용한 상대 위험 전망입니다. 2026년은 부분연도이며, 2027년 실제 기상·발생·확률을 확정하지 않습니다."
논벼,깨씨무늬병,병해,전북특별자치도,0.0,0.0,0,유지,보통,32,2024·2026,"기준선 비교: 2026 유지 0.0점, 2024·2026 가중평균 0.0점, 선택 모델(완화 추세+표본 축소) 0.0점. 지역 변화 +0.0점을 표본가중치 0.73로 같은 병해충·작물의 지역 중앙 변화 +0.0점 방향에 축소하고, 1년 연장 변화는 ±20점으로 제한했습니다. 양년 자료 있음, 공통 조사단위 2개, 유효 관측 32건, 결측률 0.0%, 단위별 변화 변동성 0.0점. 비교는 가능하지만 표본 또는 변동성에 불확실성이 남습니다. 2024·2026 두 개 연도의 NCPMS 예찰자료만 사용한 상대 위험 전망으로, 기상·재배면적·방제 변화와 2027년 실제 발생을 확정하지 않습니다. ASOS 공통 조사월 1개에서 기온·습도·강수·풍속의 관측 연관성을 추세 연장분에만 최대 ±3점으로 제한 적용(보정 +0점). 2027년 미래 기상값은 생성하거나 가정하지 않았습니다.",관찰,0,0,-0.0064,기온,기상 근거 보강,1,ASOS 공통 조사월 1개에서 기온·습도·강수·풍속의 관측 연관성을 추세 연장분에만 최대 ±3점으로 제한 적용(보정 +0점). 2027년 미래 기상값은 생성하거나 가정하지 않았습니다.,F27-WX1 설명가능 완화추세,"2024·2026 관측자료와 ASOS 공통 조사월의 연관성을 이용한 상대 위험 전망입니다. 2026년은 부분연도이며, 2027년 실제 기상·발생·확률을 확정하지 않습니다."
논벼,깨씨무늬병,병해,충청남도,0.0,11.0,13,유지,보통,32,2024·2026,"기준선 비교: 2026 유지 10.6점, 2024·2026 가중평균 6.9점, 선택 모델(완화 추세+표본 축소) 13.3점. 지역 변화 +10.6점을 표본가중치 0.73로 같은 병해충·작물의 지역 중앙 변화 +0.0점 방향에 축소하고, 1년 연장 변화는 ±20점으로 제한했습니다. 양년 자료 있음, 공통 조사단위 2개, 유효 관측 32건, 결측률 0.0%, 단위별 변화 변동성 9.3점. 비교는 가능하지만 표본 또는 변동성에 불확실성이 남습니다. 2024·2026 두 개 연도의 NCPMS 예찰자료만 사용한 상대 위험 전망으로, 기상·재배면적·방제 변화와 2027년 실제 발생을 확정하지 않습니다. ASOS 공통 조사월 1개에서 기온·습도·강수·풍속의 관측 연관성을 추세 연장분에만 최대 ±3점으로 제한 적용(보정 +0점). 2027년 미래 기상값은 생성하거나 가정하지 않았습니다.",관찰,13,0,-0.0065,습도,기상 근거 보강,1,ASOS 공통 조사월 1개에서 기온·습도·강수·풍속의 관측 연관성을 추세 연장분에만 최대 ±3점으로 제한 적용(보정 +0점). 2027년 미래 기상값은 생성하거나 가정하지 않았습니다.,F27-WX1 설명가능 완화추세,"2024·2026 관측자료와 ASOS 공통 조사월의 연관성을 이용한 상대 위험 전망입니다. 2026년은 부분연도이며, 2027년 실제 기상·발생·확률을 확정하지 않습니다."
논벼,깨씨무늬병,병해,충청북도,0.0,0.0,0,유지,보통,36,2024·2026,"기준선 비교: 2026 유지 0.0점, 2024·2026 가중평균 0.0점, 선택 모델(완화 추세+표본 축소) 0.0점. 지역 변화 +0.0점을 표본가중치 0.75로 같은 병해충·작물의 지역 중앙 변화 +0.0점 방향에 축소하고, 1년 연장 변화는 ±20점으로 제한했습니다. 양년 자료 있음, 공통 조사단위 2개, 유효 관측 36건, 결측률 0.0%, 단위별 변화 변동성 0.0점. 비교는 가능하지만 표본 또는 변동성에 불확실성이 남습니다. 2024·2026 두 개 연도의 NCPMS 예찰자료만 사용한 상대 위험 전망으로, 기상·재배면적·방제 변화와 2027년 실제 발생을 확정하지 않습니다. ASOS 공통 조사월 1개에서 기온·습도·강수·풍속의 관측 연관성을 추세 연장분에만 최대 ±3점으로 제한 적용(보정 +0점). 2027년 미래 기상값은 생성하거나 가정하지 않았습니다.",관찰,0,0,-0.0105,기온,기상 근거 보강,1,ASOS 공통 조사월 1개에서 기온·습도·강수·풍속의 관측 연관성을 추세 연장분에만 최대 ±3점으로 제한 적용(보정 +0점). 2027년 미래 기상값은 생성하거나 가정하지 않았습니다.,F27-WX1 설명가능 완화추세,"2024·2026 관측자료와 ASOS 공통 조사월의 연관성을 이용한 상대 위험 전망입니다. 2026년은 부분연도이며, 2027년 실제 기상·발생·확률을 확정하지 않습니다."
배,꼬마배나무이,기타,강원특별자치도,0.0,,,전망자료 부족,낮음,2,2024,"양년 자료 없음, 공통 조사단위 0개, 유효 관측 2건, 결측률 0.0%, 단위별 변화 변동성 100.0점. 제한된 비교 단위 또는 변동성 때문에 보수적으로 낮게 평가합니다. 2024·2026 두 개 연도의 NCPMS 예찰자료만 사용한 상대 위험 전망으로, 기상·재배면적·방제 변화와 2027년 실제 발생을 확정하지 않습니다. ASOS 공통 조사월 0개에서 기온·습도·강수·풍속의 관측 연관성을 추세 연장분에만 최대 ±3점으로 제한 적용(보정 +0점). 2027년 미래 기상값은 생성하거나 가정하지 않았습니다.",전망자료 부족,,,0.0,—,기상근거 부족,0,ASOS 공통 조사월 0개에서 기온·습도·강수·풍속의 관측 연관성을 추세 연장분에만 최대 ±3점으로 제한 적용(보정 +0점). 2027년 미래 기상값은 생성하거나 가정하지 않았습니다.,F27-WX1 설명가능 완화추세,"2024·2026 관측자료와 ASOS 공통 조사월의 연관성을 이용한 상대 위험 전망입니다. 2026년은 부분연도이며, 2027년 실제 기상·발생·확률을 확정하지 않습니다."
배,꼬마배나무이,기타,경기도,0.0,,,전망자료 부족,낮음,4,2024,"양년 자료 없음, 공통 조사단위 0개, 유효 관측 4건, 결측률 0.0%, 단위별 변화 변동성 100.0점. 제한된 비교 단위 또는 변동성 때문에 보수적으로 낮게 평가합니다. 2024·2026 두 개 연도의 NCPMS 예찰자료만 사용한 상대 위험 전망으로, 기상·재배면적·방제 변화와 2027년 실제 발생을 확정하지 않습니다. ASOS 공통 조사월 0개에서 기온·습도·강수·풍속의 관측 연관성을 추세 연장분에만 최대 ±3점으로 제한 적용(보정 +0점). 2027년 미래 기상값은 생성하거나 가정하지 않았습니다.",전망자료 부족,,,0.0,—,기상근거 부족,0,ASOS 공통 조사월 0개에서 기온·습도·강수·풍속의 관측 연관성을 추세 연장분에만 최대 ±3점으로 제한 적용(보정 +0점). 2027년 미래 기상값은 생성하거나 가정하지 않았습니다.,F27-WX1 설명가능 완화추세,"2024·2026 관측자료와 ASOS 공통 조사월의 연관성을 이용한 상대 위험 전망입니다. 2026년은 부분연도이며, 2027년 실제 기상·발생·확률을 확정하지 않습니다."
배,꼬마배나무이,기타,경상남도,0.0,,,전망자료 부족,낮음,4,2024,"양년 자료 없음, 공통 조사단위 0개, 유효 관측 4건, 결측률 0.0%, 단위별 변화 변동성 100.0점. 제한된 비교 단위 또는 변동성 때문에 보수적으로 낮게 평가합니다. 2024·2026 두 개 연도의 NCPMS 예찰자료만 사용한 상대 위험 전망으로, 기상·재배면적·방제 변화와 2027년 실제 발생을 확정하지 않습니다. ASOS 공통 조사월 0개에서 기온·습도·강수·풍속의 관측 연관성을 추세 연장분에만 최대 ±3점으로 제한 적용(보정 +0점). 2027년 미래 기상값은 생성하거나 가정하지 않았습니다.",전망자료 부족,,,0.0,—,기상근거 부족,0,ASOS 공통 조사월 0개에서 기온·습도·강수·풍속의 관측 연관성을 추세 연장분에만 최대 ±3점으로 제한 적용(보정 +0점). 2027년 미래 기상값은 생성하거나 가정하지 않았습니다.,F27-WX1 설명가능 완화추세,"2024·2026 관측자료와 ASOS 공통 조사월의 연관성을 이용한 상대 위험 전망입니다. 2026년은 부분연도이며, 2027년 실제 기상·발생·확률을 확정하지 않습니다."
배,꼬마배나무이,기타,경상북도,0.0,,,전망자료 부족,낮음,4,2024,"양년 자료 없음, 공통 조사단위 0개, 유효 관측 4건, 결측률 0.0%, 단위별 변화 변동성 100.0점. 제한된 비교 단위 또는 변동성 때문에 보수적으로 낮게 평가합니다. 2024·2026 두 개 연도의 NCPMS 예찰자료만 사용한 상대 위험 전망으로, 기상·재배면적·방제 변화와 2027년 실제 발생을 확정하지 않습니다. ASOS 공통 조사월 0개에서 기온·습도·강수·풍속의 관측 연관성을 추세 연장분에만 최대 ±3점으로 제한 적용(보정 +0점). 2027년 미래 기상값은 생성하거나 가정하지 않았습니다.",전망자료 부족,,,0.0,—,기상근거 부족,0,ASOS 공통 조사월 0개에서 기온·습도·강수·풍속의 관측 연관성을 추세 연장분에만 최대 ±3점으로 제한 적용(보정 +0점). 2027년 미래 기상값은 생성하거나 가정하지 않았습니다.,F27-WX1 설명가능 완화추세,"2024·2026 관측자료와 ASOS 공통 조사월의 연관성을 이용한 상대 위험 전망입니다. 2026년은 부분연도이며, 2027년 실제 기상·발생·확률을 확정하지 않습니다."
배,꼬마배나무이,기타,세종특별자치시,0.0,,,전망자료 부족,낮음,4,2024,"양년 자료 없음, 공통 조사단위 0개, 유효 관측 4건, 결측률 0.0%, 단위별 변화 변동성 100.0점. 제한된 비교 단위 또는 변동성 때문에 보수적으로 낮게 평가합니다. 2024·2026 두 개 연도의 NCPMS 예찰자료만 사용한 상대 위험 전망으로, 기상·재배면적·방제 변화와 2027년 실제 발생을 확정하지 않습니다. ASOS 공통 조사월 0개에서 기온·습도·강수·풍속의 관측 연관성을 추세 연장분에만 최대 ±3점으로 제한 적용(보정 +0점). 2027년 미래 기상값은 생성하거나 가정하지 않았습니다.",전망자료 부족,,,0.0,—,기상근거 부족,0,ASOS 공통 조사월 0개에서 기온·습도·강수·풍속의 관측 연관성을 추세 연장분에만 최대 ±3점으로 제한 적용(보정 +0점). 2027년 미래 기상값은 생성하거나 가정하지 않았습니다.,F27-WX1 설명가능 완화추세,"2024·2026 관측자료와 ASOS 공통 조사월의 연관성을 이용한 상대 위험 전망입니다. 2026년은 부분연도이며, 2027년 실제 기상·발생·확률을 확정하지 않습니다."
배,꼬마배나무이,기타,울산광역시,0.0,,,전망자료 부족,낮음,4,2024,"양년 자료 없음, 공통 조사단위 0개, 유효 관측 4건, 결측률 0.0%, 단위별 변화 변동성 100.0점. 제한된 비교 단위 또는 변동성 때문에 보수적으로 낮게 평가합니다. 2024·2026 두 개 연도의 NCPMS 예찰자료만 사용한 상대 위험 전망으로, 기상·재배면적·방제 변화와 2027년 실제 발생을 확정하지 않습니다. ASOS 공통 조사월 0개에서 기온·습도·강수·풍속의 관측 연관성을 추세 연장분에만 최대 ±3점으로 제한 적용(보정 +0점). 2027년 미래 기상값은 생성하거나 가정하지 않았습니다.",전망자료 부족,,,0.0,—,기상근거 부족,0,ASOS 공통 조사월 0개에서 기온·습도·강수·풍속의 관측 연관성을 추세 연장분에만 최대 ±3점으로 제한 적용(보정 +0점). 2027년 미래 기상값은 생성하거나 가정하지 않았습니다.,F27-WX1 설명가능 완화추세,"2024·2026 관측자료와 ASOS 공통 조사월의 연관성을 이용한 상대 위험 전망입니다. 2026년은 부분연도이며, 2027년 실제 기상·발생·확률을 확정하지 않습니다."
배,꼬마배나무이,기타,전남광주통합특별시,0.0,,,전망자료 부족,낮음,4,2024,"양년 자료 없음, 공통 조사단위 0개, 유효 관측 4건, 결측률 0.0%, 단위별 변화 변동성 100.0점. 제한된 비교 단위 또는 변동성 때문에 보수적으로 낮게 평가합니다. 2024·2026 두 개 연도의 NCPMS 예찰자료만 사용한 상대 위험 전망으로, 기상·재배면적·방제 변화와 2027년 실제 발생을 확정하지 않습니다. ASOS 공통 조사월 0개에서 기온·습도·강수·풍속의 관측 연관성을 추세 연장분에만 최대 ±3점으로 제한 적용(보정 +0점). 2027년 미래 기상값은 생성하거나 가정하지 않았습니다.",전망자료 부족,,,0.0,—,기상근거 부족,0,ASOS 공통 조사월 0개에서 기온·습도·강수·풍속의 관측 연관성을 추세 연장분에만 최대 ±3점으로 제한 적용(보정 +0점). 2027년 미래 기상값은 생성하거나 가정하지 않았습니다.,F27-WX1 설명가능 완화추세,"2024·2026 관측자료와 ASOS 공통 조사월의 연관성을 이용한 상대 위험 전망입니다. 2026년은 부분연도이며, 2027년 실제 기상·발생·확률을 확정하지 않습니다."
배,꼬마배나무이,기타,충청남도,0.0,,,전망자료 부족,낮음,4,2024,"양년 자료 없음, 공통 조사단위 0개, 유효 관측 4건, 결측률 0.0%, 단위별 변화 변동성 100.0점. 제한된 비교 단위 또는 변동성 때문에 보수적으로 낮게 평가합니다. 2024·2026 두 개 연도의 NCPMS 예찰자료만 사용한 상대 위험 전망으로, 기상·재배면적·방제 변화와 2027년 실제 발생을 확정하지 않습니다. ASOS 공통 조사월 0개에서 기온·습도·강수·풍속의 관측 연관성을 추세 연장분에만 최대 ±3점으로 제한 적용(보정 +0점). 2027년 미래 기상값은 생성하거나 가정하지 않았습니다.",전망자료 부족,,,0.0,—,기상근거 부족,0,ASOS 공통 조사월 0개에서 기온·습도·강수·풍속의 관측 연관성을 추세 연장분에만 최대 ±3점으로 제한 적용(보정 +0점). 2027년 미래 기상값은 생성하거나 가정하지 않았습니다.,F27-WX1 설명가능 완화추세,"2024·2026 관측자료와 ASOS 공통 조사월의 연관성을 이용한 상대 위험 전망입니다. 2026년은 부분연도이며, 2027년 실제 기상·발생·확률을 확정하지 않습니다."
배,꼬마배나무이,기타,충청북도,0.0,,,전망자료 부족,낮음,4,2024,"양년 자료 없음, 공통 조사단위 0개, 유효 관측 4건, 결측률 0.0%, 단위별 변화 변동성 100.0점. 제한된 비교 단위 또는 변동성 때문에 보수적으로 낮게 평가합니다. 2024·2026 두 개 연도의 NCPMS 예찰자료만 사용한 상대 위험 전망으로, 기상·재배면적·방제 변화와 2027년 실제 발생을 확정하지 않습니다. ASOS 공통 조사월 0개에서 기온·습도·강수·풍속의 관측 연관성을 추세 연장분에만 최대 ±3점으로 제한 적용(보정 +0점). 2027년 미래 기상값은 생성하거나 가정하지 않았습니다.",전망자료 부족,,,0.0,—,기상근거 부족,0,ASOS 공통 조사월 0개에서 기온·습도·강수·풍속의 관측 연관성을 추세 연장분에만 최대 ±3점으로 제한 적용(보정 +0점). 2027년 미래 기상값은 생성하거나 가정하지 않았습니다.,F27-WX1 설명가능 완화추세,"2024·2026 관측자료와 ASOS 공통 조사월의 연관성을 이용한 상대 위험 전망입니다. 2026년은 부분연도이며, 2027년 실제 기상·발생·확률을 확정하지 않습니다."
고추,꽃노랑총채벌레,기타,강원특별자치도,0.0,,,전망자료 부족,낮음,4,2024,"양년 자료 없음, 공통 조사단위 0개, 유효 관측 4건, 결측률 0.0%, 단위별 변화 변동성 100.0점. 제한된 비교 단위 또는 변동성 때문에 보수적으로 낮게 평가합니다. 2024·2026 두 개 연도의 NCPMS 예찰자료만 사용한 상대 위험 전망으로, 기상·재배면적·방제 변화와 2027년 실제 발생을 확정하지 않습니다. ASOS 공통 조사월 0개에서 기온·습도·강수·풍속의 관측 연관성을 추세 연장분에만 최대 ±3점으로 제한 적용(보정 +0점). 2027년 미래 기상값은 생성하거나 가정하지 않았습니다.",전망자료 부족,,,0.0,—,기상근거 부족,0,ASOS 공통 조사월 0개에서 기온·습도·강수·풍속의 관측 연관성을 추세 연장분에만 최대 ±3점으로 제한 적용(보정 +0점). 2027년 미래 기상값은 생성하거나 가정하지 않았습니다.,F27-WX1 설명가능 완화추세,"2024·2026 관측자료와 ASOS 공통 조사월의 연관성을 이용한 상대 위험 전망입니다. 2026년은 부분연도이며, 2027년 실제 기상·발생·확률을 확정하지 않습니다."
고추,꽃노랑총채벌레,기타,경기도,0.0,,,전망자료 부족,낮음,4,2024,"양년 자료 없음, 공통 조사단위 0개, 유효 관측 4건, 결측률 0.0%, 단위별 변화 변동성 100.0점. 제한된 비교 단위 또는 변동성 때문에 보수적으로 낮게 평가합니다. 2024·2026 두 개 연도의 NCPMS 예찰자료만 사용한 상대 위험 전망으로, 기상·재배면적·방제 변화와 2027년 실제 발생을 확정하지 않습니다. ASOS 공통 조사월 0개에서 기온·습도·강수·풍속의 관측 연관성을 추세 연장분에만 최대 ±3점으로 제한 적용(보정 +0점). 2027년 미래 기상값은 생성하거나 가정하지 않았습니다.",전망자료 부족,,,0.0,—,기상근거 부족,0,ASOS 공통 조사월 0개에서 기온·습도·강수·풍속의 관측 연관성을 추세 연장분에만 최대 ±3점으로 제한 적용(보정 +0점). 2027년 미래 기상값은 생성하거나 가정하지 않았습니다.,F27-WX1 설명가능 완화추세,"2024·2026 관측자료와 ASOS 공통 조사월의 연관성을 이용한 상대 위험 전망입니다. 2026년은 부분연도이며, 2027년 실제 기상·발생·확률을 확정하지 않습니다."
고추,꽃노랑총채벌레,기타,경상남도,0.0,,,전망자료 부족,낮음,4,2024,"양년 자료 없음, 공통 조사단위 0개, 유효 관측 4건, 결측률 0.0%, 단위별 변화 변동성 100.0점. 제한된 비교 단위 또는 변동성 때문에 보수적으로 낮게 평가합니다. 2024·2026 두 개 연도의 NCPMS 예찰자료만 사용한 상대 위험 전망으로, 기상·재배면적·방제 변화와 2027년 실제 발생을 확정하지 않습니다. ASOS 공통 조사월 0개에서 기온·습도·강수·풍속의 관측 연관성을 추세 연장분에만 최대 ±3점으로 제한 적용(보정 +0점). 2027년 미래 기상값은 생성하거나 가정하지 않았습니다.",전망자료 부족,,,0.0,—,기상근거 부족,0,ASOS 공통 조사월 0개에서 기온·습도·강수·풍속의 관측 연관성을 추세 연장분에만 최대 ±3점으로 제한 적용(보정 +0점). 2027년 미래 기상값은 생성하거나 가정하지 않았습니다.,F27-WX1 설명가능 완화추세,"2024·2026 관측자료와 ASOS 공통 조사월의 연관성을 이용한 상대 위험 전망입니다. 2026년은 부분연도이며, 2027년 실제 기상·발생·확률을 확정하지 않습니다."
고추,꽃노랑총채벌레,기타,경상북도,11.0,,,전망자료 부족,낮음,18,2024,"양년 자료 없음, 공통 조사단위 0개, 유효 관측 18건, 결측률 0.0%, 단위별 변화 변동성 100.0점. 제한된 비교 단위 또는 변동성 때문에 보수적으로 낮게 평가합니다. 2024·2026 두 개 연도의 NCPMS 예찰자료만 사용한 상대 위험 전망으로, 기상·재배면적·방제 변화와 2027년 실제 발생을 확정하지 않습니다. ASOS 공통 조사월 0개에서 기온·습도·강수·풍속의 관측 연관성을 추세 연장분에만 최대 ±3점으로 제한 적용(보정 +0점). 2027년 미래 기상값은 생성하거나 가정하지 않았습니다.",전망자료 부족,,,0.0,—,기상근거 부족,0,ASOS 공통 조사월 0개에서 기온·습도·강수·풍속의 관측 연관성을 추세 연장분에만 최대 ±3점으로 제한 적용(보정 +0점). 2027년 미래 기상값은 생성하거나 가정하지 않았습니다.,F27-WX1 설명가능 완화추세,"2024·2026 관측자료와 ASOS 공통 조사월의 연관성을 이용한 상대 위험 전망입니다. 2026년은 부분연도이며, 2027년 실제 기상·발생·확률을 확정하지 않습니다."
고추,꽃노랑총채벌레,기타,대구광역시,0.0,,,전망자료 부족,낮음,4,2024,"양년 자료 없음, 공통 조사단위 0개, 유효 관측 4건, 결측률 0.0%, 단위별 변화 변동성 100.0점. 제한된 비교 단위 또는 변동성 때문에 보수적으로 낮게 평가합니다. 2024·2026 두 개 연도의 NCPMS 예찰자료만 사용한 상대 위험 전망으로, 기상·재배면적·방제 변화와 2027년 실제 발생을 확정하지 않습니다. ASOS 공통 조사월 0개에서 기온·습도·강수·풍속의 관측 연관성을 추세 연장분에만 최대 ±3점으로 제한 적용(보정 +0점). 2027년 미래 기상값은 생성하거나 가정하지 않았습니다.",전망자료 부족,,,0.0,—,기상근거 부족,0,ASOS 공통 조사월 0개에서 기온·습도·강수·풍속의 관측 연관성을 추세 연장분에만 최대 ±3점으로 제한 적용(보정 +0점). 2027년 미래 기상값은 생성하거나 가정하지 않았습니다.,F27-WX1 설명가능 완화추세,"2024·2026 관측자료와 ASOS 공통 조사월의 연관성을 이용한 상대 위험 전망입니다. 2026년은 부분연도이며, 2027년 실제 기상·발생·확률을 확정하지 않습니다."
고추,꽃노랑총채벌레,기타,전남광주통합특별시,0.0,,,전망자료 부족,낮음,4,2024,"양년 자료 없음, 공통 조사단위 0개, 유효 관측 4건, 결측률 0.0%, 단위별 변화 변동성 100.0점. 제한된 비교 단위 또는 변동성 때문에 보수적으로 낮게 평가합니다. 2024·2026 두 개 연도의 NCPMS 예찰자료만 사용한 상대 위험 전망으로, 기상·재배면적·방제 변화와 2027년 실제 발생을 확정하지 않습니다. ASOS 공통 조사월 0개에서 기온·습도·강수·풍속의 관측 연관성을 추세 연장분에만 최대 ±3점으로 제한 적용(보정 +0점). 2027년 미래 기상값은 생성하거나 가정하지 않았습니다.",전망자료 부족,,,0.0,—,기상근거 부족,0,ASOS 공통 조사월 0개에서 기온·습도·강수·풍속의 관측 연관성을 추세 연장분에만 최대 ±3점으로 제한 적용(보정 +0점). 2027년 미래 기상값은 생성하거나 가정하지 않았습니다.,F27-WX1 설명가능 완화추세,"2024·2026 관측자료와 ASOS 공통 조사월의 연관성을 이용한 상대 위험 전망입니다. 2026년은 부분연도이며, 2027년 실제 기상·발생·확률을 확정하지 않습니다."
고추,꽃노랑총채벌레,기타,전북특별자치도,0.0,,,전망자료 부족,낮음,4,2024,"양년 자료 없음, 공통 조사단위 0개, 유효 관측 4건, 결측률 0.0%, 단위별 변화 변동성 100.0점. 제한된 비교 단위 또는 변동성 때문에 보수적으로 낮게 평가합니다. 2024·2026 두 개 연도의 NCPMS 예찰자료만 사용한 상대 위험 전망으로, 기상·재배면적·방제 변화와 2027년 실제 발생을 확정하지 않습니다. ASOS 공통 조사월 0개에서 기온·습도·강수·풍속의 관측 연관성을 추세 연장분에만 최대 ±3점으로 제한 적용(보정 +0점). 2027년 미래 기상값은 생성하거나 가정하지 않았습니다.",전망자료 부족,,,0.0,—,기상근거 부족,0,ASOS 공통 조사월 0개에서 기온·습도·강수·풍속의 관측 연관성을 추세 연장분에만 최대 ±3점으로 제한 적용(보정 +0점). 2027년 미래 기상값은 생성하거나 가정하지 않았습니다.,F27-WX1 설명가능 완화추세,"2024·2026 관측자료와 ASOS 공통 조사월의 연관성을 이용한 상대 위험 전망입니다. 2026년은 부분연도이며, 2027년 실제 기상·발생·확률을 확정하지 않습니다."
고추,꽃노랑총채벌레,기타,충청남도,0.0,,,전망자료 부족,낮음,6,2024,"양년 자료 없음, 공통 조사단위 0개, 유효 관측 6건, 결측률 0.0%, 단위별 변화 변동성 100.0점. 제한된 비교 단위 또는 변동성 때문에 보수적으로 낮게 평가합니다. 2024·2026 두 개 연도의 NCPMS 예찰자료만 사용한 상대 위험 전망으로, 기상·재배면적·방제 변화와 2027년 실제 발생을 확정하지 않습니다. ASOS 공통 조사월 0개에서 기온·습도·강수·풍속의 관측 연관성을 추세 연장분에만 최대 ±3점으로 제한 적용(보정 +0점). 2027년 미래 기상값은 생성하거나 가정하지 않았습니다.",전망자료 부족,,,0.0,—,기상근거 부족,0,ASOS 공통 조사월 0개에서 기온·습도·강수·풍속의 관측 연관성을 추세 연장분에만 최대 ±3점으로 제한 적용(보정 +0점). 2027년 미래 기상값은 생성하거나 가정하지 않았습니다.,F27-WX1 설명가능 완화추세,"2024·2026 관측자료와 ASOS 공통 조사월의 연관성을 이용한 상대 위험 전망입니다. 2026년은 부분연도이며, 2027년 실제 기상·발생·확률을 확정하지 않습니다."
고추,꽃노랑총채벌레,기타,충청북도,0.0,,,전망자료 부족,낮음,4,2024,"양년 자료 없음, 공통 조사단위 0개, 유효 관측 4건, 결측률 0.0%, 단위별 변화 변동성 100.0점. 제한된 비교 단위 또는 변동성 때문에 보수적으로 낮게 평가합니다. 2024·2026 두 개 연도의 NCPMS 예찰자료만 사용한 상대 위험 전망으로, 기상·재배면적·방제 변화와 2027년 실제 발생을 확정하지 않습니다. ASOS 공통 조사월 0개에서 기온·습도·강수·풍속의 관측 연관성을 추세 연장분에만 최대 ±3점으로 제한 적용(보정 +0점). 2027년 미래 기상값은 생성하거나 가정하지 않았습니다.",전망자료 부족,,,0.0,—,기상근거 부족,0,ASOS 공통 조사월 0개에서 기온·습도·강수·풍속의 관측 연관성을 추세 연장분에만 최대 ±3점으로 제한 적용(보정 +0점). 2027년 미래 기상값은 생성하거나 가정하지 않았습니다.,F27-WX1 설명가능 완화추세,"2024·2026 관측자료와 ASOS 공통 조사월의 연관성을 이용한 상대 위험 전망입니다. 2026년은 부분연도이며, 2027년 실제 기상·발생·확률을 확정하지 않습니다."
포도,꽃매미,해충,경기도,15.0,16.0,17,유지,보통,28,2024·2026,"기준선 비교: 2026 유지 16.3점, 2024·2026 가중평균 15.8점, 선택 모델(완화 추세+표본 축소) 16.7점. 지역 변화 +1.3점을 표본가중치 0.70로 같은 병해충·작물의 지역 중앙 변화 +0.6점 방향에 축소하고, 1년 연장 변화는 ±20점으로 제한했습니다. 양년 자료 있음, 공통 조사단위 5개, 유효 관측 28건, 결측률 0.0%, 단위별 변화 변동성 40.0점. 비교는 가능하지만 표본 또는 변동성에 불확실성이 남습니다. 2024·2026 두 개 연도의 NCPMS 예찰자료만 사용한 상대 위험 전망으로, 기상·재배면적·방제 변화와 2027년 실제 발생을 확정하지 않습니다. ASOS 공통 조사월 3개에서 기온·습도·강수·풍속의 관측 연관성을 추세 연장분에만 최대 ±3점으로 제한 적용(보정 +0점). 2027년 미래 기상값은 생성하거나 가정하지 않았습니다.",관찰,17,0,-0.0194,습도,기상 근거 보강,3,ASOS 공통 조사월 3개에서 기온·습도·강수·풍속의 관측 연관성을 추세 연장분에만 최대 ±3점으로 제한 적용(보정 +0점). 2027년 미래 기상값은 생성하거나 가정하지 않았습니다.,F27-WX1 설명가능 완화추세,"2024·2026 관측자료와 ASOS 공통 조사월의 연관성을 이용한 상대 위험 전망입니다. 2026년은 부분연도이며, 2027년 실제 기상·발생·확률을 확정하지 않습니다."
포도,꽃매미,해충,경상남도,0.0,0.0,0,유지,보통,16,2024·2026,"기준선 비교: 2026 유지 0.0점, 2024·2026 가중평균 0.0점, 선택 모델(완화 추세+표본 축소) 0.1점. 지역 변화 +0.0점을 표본가중치 0.57로 같은 병해충·작물의 지역 중앙 변화 +0.6점 방향에 축소하고, 1년 연장 변화는 ±20점으로 제한했습니다. 양년 자료 있음, 공통 조사단위 2개, 유효 관측 16건, 결측률 0.0%, 단위별 변화 변동성 0.0점. 비교는 가능하지만 표본 또는 변동성에 불확실성이 남습니다. 2024·2026 두 개 연도의 NCPMS 예찰자료만 사용한 상대 위험 전망으로, 기상·재배면적·방제 변화와 2027년 실제 발생을 확정하지 않습니다. ASOS 공통 조사월 1개에서 기온·습도·강수·풍속의 관측 연관성을 추세 연장분에만 최대 ±3점으로 제한 적용(보정 +0점). 2027년 미래 기상값은 생성하거나 가정하지 않았습니다.",관찰,0,0,-0.0079,습도,기상 근거 보강,1,ASOS 공통 조사월 1개에서 기온·습도·강수·풍속의 관측 연관성을 추세 연장분에만 최대 ±3점으로 제한 적용(보정 +0점). 2027년 미래 기상값은 생성하거나 가정하지 않았습니다.,F27-WX1 설명가능 완화추세,"2024·2026 관측자료와 ASOS 공통 조사월의 연관성을 이용한 상대 위험 전망입니다. 2026년은 부분연도이며, 2027년 실제 기상·발생·확률을 확정하지 않습니다."
포도,꽃매미,해충,경상북도,0.0,39.0,48,증가,보통,28,2024·2026,"기준선 비교: 2026 유지 38.5점, 2024·2026 가중평균 25.0점, 선택 모델(완화 추세+표본 축소) 48.0점. 지역 변화 +38.5점을 표본가중치 0.70로 같은 병해충·작물의 지역 중앙 변화 +0.6점 방향에 축소하고, 1년 연장 변화는 ±20점으로 제한했습니다. 양년 자료 있음, 공통 조사단위 5개, 유효 관측 28건, 결측률 0.0%, 단위별 변화 변동성 20.2점. 비교는 가능하지만 표본 또는 변동성에 불확실성이 남습니다. 2024·2026 두 개 연도의 NCPMS 예찰자료만 사용한 상대 위험 전망으로, 기상·재배면적·방제 변화와 2027년 실제 발생을 확정하지 않습니다. ASOS 공통 조사월 3개에서 기온·습도·강수·풍속의 관측 연관성을 추세 연장분에만 최대 ±3점으로 제한 적용(보정 +0점). 2027년 미래 기상값은 생성하거나 가정하지 않았습니다.",주의,48,0,-0.0092,기온,기상 근거 보강,3,ASOS 공통 조사월 3개에서 기온·습도·강수·풍속의 관측 연관성을 추세 연장분에만 최대 ±3점으로 제한 적용(보정 +0점). 2027년 미래 기상값은 생성하거나 가정하지 않았습니다.,F27-WX1 설명가능 완화추세,"2024·2026 관측자료와 ASOS 공통 조사월의 연관성을 이용한 상대 위험 전망입니다. 2026년은 부분연도이며, 2027년 실제 기상·발생·확률을 확정하지 않습니다."
포도,꽃매미,해충,대전광역시,0.0,0.0,0,유지,높음,28,2024·2026,"기준선 비교: 2026 유지 0.0점, 2024·2026 가중평균 0.0점, 선택 모델(완화 추세+표본 축소) 0.1점. 지역 변화 +0.0점을 표본가중치 0.70로 같은 병해충·작물의 지역 중앙 변화 +0.6점 방향에 축소하고, 1년 연장 변화는 ±20점으로 제한했습니다. 양년 자료 있음, 공통 조사단위 5개, 유효 관측 28건, 결측률 0.0%, 단위별 변화 변동성 0.0점. 양년 반복관측·낮은 결측·낮은 변동성 기준을 충족합니다. 2024·2026 두 개 연도의 NCPMS 예찰자료만 사용한 상대 위험 전망으로, 기상·재배면적·방제 변화와 2027년 실제 발생을 확정하지 않습니다. ASOS 공통 조사월 3개에서 기온·습도·강수·풍속의 관측 연관성을 추세 연장분에만 최대 ±3점으로 제한 적용(보정 +0점). 2027년 미래 기상값은 생성하거나 가정하지 않았습니다.",관찰,0,0,-0.0048,습도,기상 근거 보강,3,ASOS 공통 조사월 3개에서 기온·습도·강수·풍속의 관측 연관성을 추세 연장분에만 최대 ±3점으로 제한 적용(보정 +0점). 2027년 미래 기상값은 생성하거나 가정하지 않았습니다.,F27-WX1 설명가능 완화추세,"2024·2026 관측자료와 ASOS 공통 조사월의 연관성을 이용한 상대 위험 전망입니다. 2026년은 부분연도이며, 2027년 실제 기상·발생·확률을 확정하지 않습니다."
포도,꽃매미,해충,전남광주통합특별시,0.0,12.0,16,유지,높음,28,2024·2026,"기준선 비교: 2026 유지 12.5점, 2024·2026 가중평균 8.1점, 선택 모델(완화 추세+표본 축소) 15.6점. 지역 변화 +12.5점을 표본가중치 0.70로 같은 병해충·작물의 지역 중앙 변화 +0.6점 방향에 축소하고, 1년 연장 변화는 ±20점으로 제한했습니다. 양년 자료 있음, 공통 조사단위 5개, 유효 관측 28건, 결측률 0.0%, 단위별 변화 변동성 0.0점. 양년 반복관측·낮은 결측·낮은 변동성 기준을 충족합니다. 2024·2026 두 개 연도의 NCPMS 예찰자료만 사용한 상대 위험 전망으로, 기상·재배면적·방제 변화와 2027년 실제 발생을 확정하지 않습니다. ASOS 공통 조사월 3개에서 기온·습도·강수·풍속의 관측 연관성을 추세 연장분에만 최대 ±3점으로 제한 적용(보정 +0점). 2027년 미래 기상값은 생성하거나 가정하지 않았습니다.",관찰,16,0,-0.0263,습도,기상 근거 보강,3,ASOS 공통 조사월 3개에서 기온·습도·강수·풍속의 관측 연관성을 추세 연장분에만 최대 ±3점으로 제한 적용(보정 +0점). 2027년 미래 기상값은 생성하거나 가정하지 않았습니다.,F27-WX1 설명가능 완화추세,"2024·2026 관측자료와 ASOS 공통 조사월의 연관성을 이용한 상대 위험 전망입니다. 2026년은 부분연도이며, 2027년 실제 기상·발생·확률을 확정하지 않습니다."
포도,꽃매미,해충,전북특별자치도,,1.0,,전망자료 부족,낮음,8,2026,"양년 자료 없음, 공통 조사단위 0개, 유효 관측 8건, 결측률 0.0%, 단위별 변화 변동성 100.0점. 제한된 비교 단위 또는 변동성 때문에 보수적으로 낮게 평가합니다. 2024·2026 두 개 연도의 NCPMS 예찰자료만 사용한 상대 위험 전망으로, 기상·재배면적·방제 변화와 2027년 실제 발생을 확정하지 않습니다. ASOS 공통 조사월 0개에서 기온·습도·강수·풍속의 관측 연관성을 추세 연장분에만 최대 ±3점으로 제한 적용(보정 +0점). 2027년 미래 기상값은 생성하거나 가정하지 않았습니다.",전망자료 부족,,,0.0,—,기상근거 부족,0,ASOS 공통 조사월 0개에서 기온·습도·강수·풍속의 관측 연관성을 추세 연장분에만 최대 ±3점으로 제한 적용(보정 +0점). 2027년 미래 기상값은 생성하거나 가정하지 않았습니다.,F27-WX1 설명가능 완화추세,"2024·2026 관측자료와 ASOS 공통 조사월의 연관성을 이용한 상대 위험 전망입니다. 2026년은 부분연도이며, 2027년 실제 기상·발생·확률을 확정하지 않습니다."
포도,꽃매미,해충,충청남도,,31.0,,전망자료 부족,낮음,7,2026,"양년 자료 없음, 공통 조사단위 0개, 유효 관측 7건, 결측률 0.0%, 단위별 변화 변동성 100.0점. 제한된 비교 단위 또는 변동성 때문에 보수적으로 낮게 평가합니다. 2024·2026 두 개 연도의 NCPMS 예찰자료만 사용한 상대 위험 전망으로, 기상·재배면적·방제 변화와 2027년 실제 발생을 확정하지 않습니다. ASOS 공통 조사월 0개에서 기온·습도·강수·풍속의 관측 연관성을 추세 연장분에만 최대 ±3점으로 제한 적용(보정 +0점). 2027년 미래 기상값은 생성하거나 가정하지 않았습니다.",전망자료 부족,,,0.0,—,기상근거 부족,0,ASOS 공통 조사월 0개에서 기온·습도·강수·풍속의 관측 연관성을 추세 연장분에만 최대 ±3점으로 제한 적용(보정 +0점). 2027년 미래 기상값은 생성하거나 가정하지 않았습니다.,F27-WX1 설명가능 완화추세,"2024·2026 관측자료와 ASOS 공통 조사월의 연관성을 이용한 상대 위험 전망입니다. 2026년은 부분연도이며, 2027년 실제 기상·발생·확률을 확정하지 않습니다."
포도,꽃매미,해충,충청북도,9.0,7.0,7,유지,높음,28,2024·2026,"기준선 비교: 2026 유지 7.2점, 2024·2026 가중평균 7.9점, 선택 모델(완화 추세+표본 축소) 6.7점. 지역 변화 -2.3점을 표본가중치 0.70로 같은 병해충·작물의 지역 중앙 변화 +0.6점 방향에 축소하고, 1년 연장 변화는 ±20점으로 제한했습니다. 양년 자료 있음, 공통 조사단위 5개, 유효 관측 28건, 결측률 0.0%, 단위별 변화 변동성 9.5점. 양년 반복관측·낮은 결측·낮은 변동성 기준을 충족합니다. 2024·2026 두 개 연도의 NCPMS 예찰자료만 사용한 상대 위험 전망으로, 기상·재배면적·방제 변화와 2027년 실제 발생을 확정하지 않습니다. ASOS 공통 조사월 3개에서 기온·습도·강수·풍속의 관측 연관성을 추세 연장분에만 최대 ±3점으로 제한 적용(보정 +0점). 2027년 미래 기상값은 생성하거나 가정하지 않았습니다.",관찰,7,0,-0.0204,습도,기상 근거 보강,3,ASOS 공통 조사월 3개에서 기온·습도·강수·풍속의 관측 연관성을 추세 연장분에만 최대 ±3점으로 제한 적용(보정 +0점). 2027년 미래 기상값은 생성하거나 가정하지 않았습니다.,F27-WX1 설명가능 완화추세,"2024·2026 관측자료와 ASOS 공통 조사월의 연관성을 이용한 상대 위험 전망입니다. 2026년은 부분연도이며, 2027년 실제 기상·발생·확률을 확정하지 않습니다."
논벼,끝동매미충,해충,강원특별자치도,0.0,0.0,0,유지,보통,32,2024·2026,"기준선 비교: 2026 유지 0.0점, 2024·2026 가중평균 0.0점, 선택 모델(완화 추세+표본 축소) 0.0점. 지역 변화 +0.0점을 표본가중치 0.73로 같은 병해충·작물의 지역 중앙 변화 +0.0점 방향에 축소하고, 1년 연장 변화는 ±20점으로 제한했습니다. 양년 자료 있음, 공통 조사단위 2개, 유효 관측 32건, 결측률 0.0%, 단위별 변화 변동성 0.0점. 비교는 가능하지만 표본 또는 변동성에 불확실성이 남습니다. 2024·2026 두 개 연도의 NCPMS 예찰자료만 사용한 상대 위험 전망으로, 기상·재배면적·방제 변화와 2027년 실제 발생을 확정하지 않습니다. ASOS 공통 조사월 1개에서 기온·습도·강수·풍속의 관측 연관성을 추세 연장분에만 최대 ±3점으로 제한 적용(보정 +0점). 2027년 미래 기상값은 생성하거나 가정하지 않았습니다.",관찰,0,0,0.0306,습도,기상 근거 보강,1,ASOS 공통 조사월 1개에서 기온·습도·강수·풍속의 관측 연관성을 추세 연장분에만 최대 ±3점으로 제한 적용(보정 +0점). 2027년 미래 기상값은 생성하거나 가정하지 않았습니다.,F27-WX1 설명가능 완화추세,"2024·2026 관측자료와 ASOS 공통 조사월의 연관성을 이용한 상대 위험 전망입니다. 2026년은 부분연도이며, 2027년 실제 기상·발생·확률을 확정하지 않습니다."
논벼,끝동매미충,해충,경기도,0.0,1.0,1,유지,보통,36,2024·2026,"기준선 비교: 2026 유지 0.9점, 2024·2026 가중평균 0.6점, 선택 모델(완화 추세+표본 축소) 1.2점. 지역 변화 +0.9점을 표본가중치 0.75로 같은 병해충·작물의 지역 중앙 변화 +0.0점 방향에 축소하고, 1년 연장 변화는 ±20점으로 제한했습니다. 양년 자료 있음, 공통 조사단위 2개, 유효 관측 36건, 결측률 0.0%, 단위별 변화 변동성 0.0점. 비교는 가능하지만 표본 또는 변동성에 불확실성이 남습니다. 2024·2026 두 개 연도의 NCPMS 예찰자료만 사용한 상대 위험 전망으로, 기상·재배면적·방제 변화와 2027년 실제 발생을 확정하지 않습니다. ASOS 공통 조사월 1개에서 기온·습도·강수·풍속의 관측 연관성을 추세 연장분에만 최대 ±3점으로 제한 적용(보정 +0점). 2027년 미래 기상값은 생성하거나 가정하지 않았습니다.",관찰,1,0,-0.0447,습도,기상 근거 보강,1,ASOS 공통 조사월 1개에서 기온·습도·강수·풍속의 관측 연관성을 추세 연장분에만 최대 ±3점으로 제한 적용(보정 +0점). 2027년 미래 기상값은 생성하거나 가정하지 않았습니다.,F27-WX1 설명가능 완화추세,"2024·2026 관측자료와 ASOS 공통 조사월의 연관성을 이용한 상대 위험 전망입니다. 2026년은 부분연도이며, 2027년 실제 기상·발생·확률을 확정하지 않습니다."
논벼,끝동매미충,해충,경상남도,0.0,17.0,21,유지,보통,32,2024·2026,"기준선 비교: 2026 유지 16.9점, 2024·2026 가중평균 11.0점, 선택 모델(완화 추세+표본 축소) 21.2점. 지역 변화 +16.9점을 표본가중치 0.73로 같은 병해충·작물의 지역 중앙 변화 +0.0점 방향에 축소하고, 1년 연장 변화는 ±20점으로 제한했습니다. 양년 자료 있음, 공통 조사단위 2개, 유효 관측 32건, 결측률 0.0%, 단위별 변화 변동성 0.0점. 비교는 가능하지만 표본 또는 변동성에 불확실성이 남습니다. 2024·2026 두 개 연도의 NCPMS 예찰자료만 사용한 상대 위험 전망으로, 기상·재배면적·방제 변화와 2027년 실제 발생을 확정하지 않습니다. ASOS 공통 조사월 1개에서 기온·습도·강수·풍속의 관측 연관성을 추세 연장분에만 최대 ±3점으로 제한 적용(보정 +0점). 2027년 미래 기상값은 생성하거나 가정하지 않았습니다.",관찰,21,0,-0.0205,강수량,기상 근거 보강,1,ASOS 공통 조사월 1개에서 기온·습도·강수·풍속의 관측 연관성을 추세 연장분에만 최대 ±3점으로 제한 적용(보정 +0점). 2027년 미래 기상값은 생성하거나 가정하지 않았습니다.,F27-WX1 설명가능 완화추세,"2024·2026 관측자료와 ASOS 공통 조사월의 연관성을 이용한 상대 위험 전망입니다. 2026년은 부분연도이며, 2027년 실제 기상·발생·확률을 확정하지 않습니다."
논벼,끝동매미충,해충,경상북도,0.0,15.0,18,유지,보통,32,2024·2026,"기준선 비교: 2026 유지 14.6점, 2024·2026 가중평균 9.5점, 선택 모델(완화 추세+표본 축소) 18.3점. 지역 변화 +14.6점을 표본가중치 0.73로 같은 병해충·작물의 지역 중앙 변화 +0.0점 방향에 축소하고, 1년 연장 변화는 ±20점으로 제한했습니다. 양년 자료 있음, 공통 조사단위 2개, 유효 관측 32건, 결측률 0.0%, 단위별 변화 변동성 0.0점. 비교는 가능하지만 표본 또는 변동성에 불확실성이 남습니다. 2024·2026 두 개 연도의 NCPMS 예찰자료만 사용한 상대 위험 전망으로, 기상·재배면적·방제 변화와 2027년 실제 발생을 확정하지 않습니다. ASOS 공통 조사월 1개에서 기온·습도·강수·풍속의 관측 연관성을 추세 연장분에만 최대 ±3점으로 제한 적용(보정 +0점). 2027년 미래 기상값은 생성하거나 가정하지 않았습니다.",관찰,18,0,0.0132,습도,기상 근거 보강,1,ASOS 공통 조사월 1개에서 기온·습도·강수·풍속의 관측 연관성을 추세 연장분에만 최대 ±3점으로 제한 적용(보정 +0점). 2027년 미래 기상값은 생성하거나 가정하지 않았습니다.,F27-WX1 설명가능 완화추세,"2024·2026 관측자료와 ASOS 공통 조사월의 연관성을 이용한 상대 위험 전망입니다. 2026년은 부분연도이며, 2027년 실제 기상·발생·확률을 확정하지 않습니다."
논벼,끝동매미충,해충,대구광역시,0.0,0.0,0,유지,보통,32,2024·2026,"기준선 비교: 2026 유지 0.0점, 2024·2026 가중평균 0.0점, 선택 모델(완화 추세+표본 축소) 0.0점. 지역 변화 +0.0점을 표본가중치 0.73로 같은 병해충·작물의 지역 중앙 변화 +0.0점 방향에 축소하고, 1년 연장 변화는 ±20점으로 제한했습니다. 양년 자료 있음, 공통 조사단위 2개, 유효 관측 32건, 결측률 0.0%, 단위별 변화 변동성 0.0점. 비교는 가능하지만 표본 또는 변동성에 불확실성이 남습니다. 2024·2026 두 개 연도의 NCPMS 예찰자료만 사용한 상대 위험 전망으로, 기상·재배면적·방제 변화와 2027년 실제 발생을 확정하지 않습니다. ASOS 공통 조사월 1개에서 기온·습도·강수·풍속의 관측 연관성을 추세 연장분에만 최대 ±3점으로 제한 적용(보정 +0점). 2027년 미래 기상값은 생성하거나 가정하지 않았습니다.",관찰,0,0,-0.0193,강수량,기상 근거 보강,1,ASOS 공통 조사월 1개에서 기온·습도·강수·풍속의 관측 연관성을 추세 연장분에만 최대 ±3점으로 제한 적용(보정 +0점). 2027년 미래 기상값은 생성하거나 가정하지 않았습니다.,F27-WX1 설명가능 완화추세,"2024·2026 관측자료와 ASOS 공통 조사월의 연관성을 이용한 상대 위험 전망입니다. 2026년은 부분연도이며, 2027년 실제 기상·발생·확률을 확정하지 않습니다."
논벼,끝동매미충,해충,대전광역시,0.0,0.0,0,유지,보통,32,2024·2026,"기준선 비교: 2026 유지 0.0점, 2024·2026 가중평균 0.0점, 선택 모델(완화 추세+표본 축소) 0.0점. 지역 변화 +0.0점을 표본가중치 0.73로 같은 병해충·작물의 지역 중앙 변화 +0.0점 방향에 축소하고, 1년 연장 변화는 ±20점으로 제한했습니다. 양년 자료 있음, 공통 조사단위 2개, 유효 관측 32건, 결측률 0.0%, 단위별 변화 변동성 0.0점. 비교는 가능하지만 표본 또는 변동성에 불확실성이 남습니다. 2024·2026 두 개 연도의 NCPMS 예찰자료만 사용한 상대 위험 전망으로, 기상·재배면적·방제 변화와 2027년 실제 발생을 확정하지 않습니다. ASOS 공통 조사월 1개에서 기온·습도·강수·풍속의 관측 연관성을 추세 연장분에만 최대 ±3점으로 제한 적용(보정 +0점). 2027년 미래 기상값은 생성하거나 가정하지 않았습니다.",관찰,0,0,0.0414,습도,기상 근거 보강,1,ASOS 공통 조사월 1개에서 기온·습도·강수·풍속의 관측 연관성을 추세 연장분에만 최대 ±3점으로 제한 적용(보정 +0점). 2027년 미래 기상값은 생성하거나 가정하지 않았습니다.,F27-WX1 설명가능 완화추세,"2024·2026 관측자료와 ASOS 공통 조사월의 연관성을 이용한 상대 위험 전망입니다. 2026년은 부분연도이며, 2027년 실제 기상·발생·확률을 확정하지 않습니다."
논벼,끝동매미충,해충,부산광역시,0.0,0.0,0,유지,보통,32,2024·2026,"기준선 비교: 2026 유지 0.0점, 2024·2026 가중평균 0.0점, 선택 모델(완화 추세+표본 축소) 0.0점. 지역 변화 +0.0점을 표본가중치 0.73로 같은 병해충·작물의 지역 중앙 변화 +0.0점 방향에 축소하고, 1년 연장 변화는 ±20점으로 제한했습니다. 양년 자료 있음, 공통 조사단위 2개, 유효 관측 32건, 결측률 0.0%, 단위별 변화 변동성 0.0점. 비교는 가능하지만 표본 또는 변동성에 불확실성이 남습니다. 2024·2026 두 개 연도의 NCPMS 예찰자료만 사용한 상대 위험 전망으로, 기상·재배면적·방제 변화와 2027년 실제 발생을 확정하지 않습니다. ASOS 공통 조사월 1개에서 기온·습도·강수·풍속의 관측 연관성을 추세 연장분에만 최대 ±3점으로 제한 적용(보정 +0점). 2027년 미래 기상값은 생성하거나 가정하지 않았습니다.",관찰,0,0,-0.0308,강수량,기상 근거 보강,1,ASOS 공통 조사월 1개에서 기온·습도·강수·풍속의 관측 연관성을 추세 연장분에만 최대 ±3점으로 제한 적용(보정 +0점). 2027년 미래 기상값은 생성하거나 가정하지 않았습니다.,F27-WX1 설명가능 완화추세,"2024·2026 관측자료와 ASOS 공통 조사월의 연관성을 이용한 상대 위험 전망입니다. 2026년은 부분연도이며, 2027년 실제 기상·발생·확률을 확정하지 않습니다."
논벼,끝동매미충,해충,세종특별자치시,0.0,0.0,0,유지,보통,28,2024·2026,"기준선 비교: 2026 유지 0.0점, 2024·2026 가중평균 0.0점, 선택 모델(완화 추세+표본 축소) 0.0점. 지역 변화 +0.0점을 표본가중치 0.70로 같은 병해충·작물의 지역 중앙 변화 +0.0점 방향에 축소하고, 1년 연장 변화는 ±20점으로 제한했습니다. 양년 자료 있음, 공통 조사단위 2개, 유효 관측 28건, 결측률 0.0%, 단위별 변화 변동성 0.0점. 비교는 가능하지만 표본 또는 변동성에 불확실성이 남습니다. 2024·2026 두 개 연도의 NCPMS 예찰자료만 사용한 상대 위험 전망으로, 기상·재배면적·방제 변화와 2027년 실제 발생을 확정하지 않습니다. ASOS 공통 조사월 1개에서 기온·습도·강수·풍속의 관측 연관성을 추세 연장분에만 최대 ±3점으로 제한 적용(보정 +0점). 2027년 미래 기상값은 생성하거나 가정하지 않았습니다.",관찰,0,0,0.0137,습도,기상 근거 보강,1,ASOS 공통 조사월 1개에서 기온·습도·강수·풍속의 관측 연관성을 추세 연장분에만 최대 ±3점으로 제한 적용(보정 +0점). 2027년 미래 기상값은 생성하거나 가정하지 않았습니다.,F27-WX1 설명가능 완화추세,"2024·2026 관측자료와 ASOS 공통 조사월의 연관성을 이용한 상대 위험 전망입니다. 2026년은 부분연도이며, 2027년 실제 기상·발생·확률을 확정하지 않습니다."
논벼,끝동매미충,해충,울산광역시,0.0,0.0,0,유지,보통,32,2024·2026,"기준선 비교: 2026 유지 0.0점, 2024·2026 가중평균 0.0점, 선택 모델(완화 추세+표본 축소) 0.0점. 지역 변화 +0.0점을 표본가중치 0.73로 같은 병해충·작물의 지역 중앙 변화 +0.0점 방향에 축소하고, 1년 연장 변화는 ±20점으로 제한했습니다. 양년 자료 있음, 공통 조사단위 2개, 유효 관측 32건, 결측률 0.0%, 단위별 변화 변동성 0.0점. 비교는 가능하지만 표본 또는 변동성에 불확실성이 남습니다. 2024·2026 두 개 연도의 NCPMS 예찰자료만 사용한 상대 위험 전망으로, 기상·재배면적·방제 변화와 2027년 실제 발생을 확정하지 않습니다. ASOS 공통 조사월 1개에서 기온·습도·강수·풍속의 관측 연관성을 추세 연장분에만 최대 ±3점으로 제한 적용(보정 +0점). 2027년 미래 기상값은 생성하거나 가정하지 않았습니다.",관찰,0,0,0.0052,습도,기상 근거 보강,1,ASOS 공통 조사월 1개에서 기온·습도·강수·풍속의 관측 연관성을 추세 연장분에만 최대 ±3점으로 제한 적용(보정 +0점). 2027년 미래 기상값은 생성하거나 가정하지 않았습니다.,F27-WX1 설명가능 완화추세,"2024·2026 관측자료와 ASOS 공통 조사월의 연관성을 이용한 상대 위험 전망입니다. 2026년은 부분연도이며, 2027년 실제 기상·발생·확률을 확정하지 않습니다."
논벼,끝동매미충,해충,인천광역시,0.0,0.0,0,유지,보통,32,2024·2026,"기준선 비교: 2026 유지 0.0점, 2024·2026 가중평균 0.0점, 선택 모델(완화 추세+표본 축소) 0.0점. 지역 변화 +0.0점을 표본가중치 0.73로 같은 병해충·작물의 지역 중앙 변화 +0.0점 방향에 축소하고, 1년 연장 변화는 ±20점으로 제한했습니다. 양년 자료 있음, 공통 조사단위 2개, 유효 관측 32건, 결측률 0.0%, 단위별 변화 변동성 0.0점. 비교는 가능하지만 표본 또는 변동성에 불확실성이 남습니다. 2024·2026 두 개 연도의 NCPMS 예찰자료만 사용한 상대 위험 전망으로, 기상·재배면적·방제 변화와 2027년 실제 발생을 확정하지 않습니다. ASOS 공통 조사월 1개에서 기온·습도·강수·풍속의 관측 연관성을 추세 연장분에만 최대 ±3점으로 제한 적용(보정 +0점). 2027년 미래 기상값은 생성하거나 가정하지 않았습니다.",관찰,0,0,0.0009,습도,기상 근거 보강,1,ASOS 공통 조사월 1개에서 기온·습도·강수·풍속의 관측 연관성을 추세 연장분에만 최대 ±3점으로 제한 적용(보정 +0점). 2027년 미래 기상값은 생성하거나 가정하지 않았습니다.,F27-WX1 설명가능 완화추세,"2024·2026 관측자료와 ASOS 공통 조사월의 연관성을 이용한 상대 위험 전망입니다. 2026년은 부분연도이며, 2027년 실제 기상·발생·확률을 확정하지 않습니다."
논벼,끝동매미충,해충,전남광주통합특별시,22.0,44.0,49,증가,보통,32,2024·2026,"기준선 비교: 2026 유지 43.8점, 2024·2026 가중평균 36.1점, 선택 모델(완화 추세+표본 축소) 49.3점. 지역 변화 +21.8점을 표본가중치 0.73로 같은 병해충·작물의 지역 중앙 변화 +0.0점 방향에 축소하고, 1년 연장 변화는 ±20점으로 제한했습니다. 양년 자료 있음, 공통 조사단위 2개, 유효 관측 32건, 결측률 0.0%, 단위별 변화 변동성 21.9점. 비교는 가능하지만 표본 또는 변동성에 불확실성이 남습니다. 2024·2026 두 개 연도의 NCPMS 예찰자료만 사용한 상대 위험 전망으로, 기상·재배면적·방제 변화와 2027년 실제 발생을 확정하지 않습니다. ASOS 공통 조사월 1개에서 기온·습도·강수·풍속의 관측 연관성을 추세 연장분에만 최대 ±3점으로 제한 적용(보정 +0점). 2027년 미래 기상값은 생성하거나 가정하지 않았습니다.",주의,49,0,-0.0329,강수량,기상 근거 보강,1,ASOS 공통 조사월 1개에서 기온·습도·강수·풍속의 관측 연관성을 추세 연장분에만 최대 ±3점으로 제한 적용(보정 +0점). 2027년 미래 기상값은 생성하거나 가정하지 않았습니다.,F27-WX1 설명가능 완화추세,"2024·2026 관측자료와 ASOS 공통 조사월의 연관성을 이용한 상대 위험 전망입니다. 2026년은 부분연도이며, 2027년 실제 기상·발생·확률을 확정하지 않습니다."
논벼,끝동매미충,해충,전북특별자치도,24.0,0.0,0,유지,보통,32,2024·2026,"기준선 비교: 2026 유지 0.0점, 2024·2026 가중평균 8.3점, 선택 모델(완화 추세+표본 축소) 0.0점. 지역 변화 -23.7점을 표본가중치 0.73로 같은 병해충·작물의 지역 중앙 변화 +0.0점 방향에 축소하고, 1년 연장 변화는 ±20점으로 제한했습니다. 양년 자료 있음, 공통 조사단위 2개, 유효 관측 32건, 결측률 0.0%, 단위별 변화 변동성 23.7점. 비교는 가능하지만 표본 또는 변동성에 불확실성이 남습니다. 2024·2026 두 개 연도의 NCPMS 예찰자료만 사용한 상대 위험 전망으로, 기상·재배면적·방제 변화와 2027년 실제 발생을 확정하지 않습니다. ASOS 공통 조사월 1개에서 기온·습도·강수·풍속의 관측 연관성을 추세 연장분에만 최대 ±3점으로 제한 적용(보정 +0점). 2027년 미래 기상값은 생성하거나 가정하지 않았습니다.",관찰,0,0,-0.021,강수량,기상 근거 보강,1,ASOS 공통 조사월 1개에서 기온·습도·강수·풍속의 관측 연관성을 추세 연장분에만 최대 ±3점으로 제한 적용(보정 +0점). 2027년 미래 기상값은 생성하거나 가정하지 않았습니다.,F27-WX1 설명가능 완화추세,"2024·2026 관측자료와 ASOS 공통 조사월의 연관성을 이용한 상대 위험 전망입니다. 2026년은 부분연도이며, 2027년 실제 기상·발생·확률을 확정하지 않습니다."
논벼,끝동매미충,해충,충청남도,25.0,3.0,0,유지,보통,32,2024·2026,"기준선 비교: 2026 유지 2.7점, 2024·2026 가중평균 10.5점, 선택 모델(완화 추세+표본 축소) 0.0점. 지역 변화 -22.3점을 표본가중치 0.73로 같은 병해충·작물의 지역 중앙 변화 +0.0점 방향에 축소하고, 1년 연장 변화는 ±20점으로 제한했습니다. 양년 자료 있음, 공통 조사단위 2개, 유효 관측 32건, 결측률 0.0%, 단위별 변화 변동성 23.0점. 비교는 가능하지만 표본 또는 변동성에 불확실성이 남습니다. 2024·2026 두 개 연도의 NCPMS 예찰자료만 사용한 상대 위험 전망으로, 기상·재배면적·방제 변화와 2027년 실제 발생을 확정하지 않습니다. ASOS 공통 조사월 1개에서 기온·습도·강수·풍속의 관측 연관성을 추세 연장분에만 최대 ±3점으로 제한 적용(보정 +0점). 2027년 미래 기상값은 생성하거나 가정하지 않았습니다.",관찰,0,0,-0.0152,강수량,기상 근거 보강,1,ASOS 공통 조사월 1개에서 기온·습도·강수·풍속의 관측 연관성을 추세 연장분에만 최대 ±3점으로 제한 적용(보정 +0점). 2027년 미래 기상값은 생성하거나 가정하지 않았습니다.,F27-WX1 설명가능 완화추세,"2024·2026 관측자료와 ASOS 공통 조사월의 연관성을 이용한 상대 위험 전망입니다. 2026년은 부분연도이며, 2027년 실제 기상·발생·확률을 확정하지 않습니다."
논벼,끝동매미충,해충,충청북도,0.0,0.0,0,유지,보통,36,2024·2026,"기준선 비교: 2026 유지 0.0점, 2024·2026 가중평균 0.0점, 선택 모델(완화 추세+표본 축소) 0.0점. 지역 변화 +0.0점을 표본가중치 0.75로 같은 병해충·작물의 지역 중앙 변화 +0.0점 방향에 축소하고, 1년 연장 변화는 ±20점으로 제한했습니다. 양년 자료 있음, 공통 조사단위 2개, 유효 관측 36건, 결측률 0.0%, 단위별 변화 변동성 0.0점. 비교는 가능하지만 표본 또는 변동성에 불확실성이 남습니다. 2024·2026 두 개 연도의 NCPMS 예찰자료만 사용한 상대 위험 전망으로, 기상·재배면적·방제 변화와 2027년 실제 발생을 확정하지 않습니다. ASOS 공통 조사월 1개에서 기온·습도·강수·풍속의 관측 연관성을 추세 연장분에만 최대 ±3점으로 제한 적용(보정 +0점). 2027년 미래 기상값은 생성하거나 가정하지 않았습니다.",관찰,0,0,-0.0138,강수량,기상 근거 보강,1,ASOS 공통 조사월 1개에서 기온·습도·강수·풍속의 관측 연관성을 추세 연장분에만 최대 ±3점으로 제한 적용(보정 +0점). 2027년 미래 기상값은 생성하거나 가정하지 않았습니다.,F27-WX1 설명가능 완화추세,"2024·2026 관측자료와 ASOS 공통 조사월의 연관성을 이용한 상대 위험 전망입니다. 2026년은 부분연도이며, 2027년 실제 기상·발생·확률을 확정하지 않습니다."
사과,나무좀,기타,강원특별자치도,24.0,,,전망자료 부족,낮음,3,2024,"양년 자료 없음, 공통 조사단위 0개, 유효 관측 3건, 결측률 0.0%, 단위별 변화 변동성 100.0점. 제한된 비교 단위 또는 변동성 때문에 보수적으로 낮게 평가합니다. 2024·2026 두 개 연도의 NCPMS 예찰자료만 사용한 상대 위험 전망으로, 기상·재배면적·방제 변화와 2027년 실제 발생을 확정하지 않습니다. ASOS 공통 조사월 0개에서 기온·습도·강수·풍속의 관측 연관성을 추세 연장분에만 최대 ±3점으로 제한 적용(보정 +0점). 2027년 미래 기상값은 생성하거나 가정하지 않았습니다.",전망자료 부족,,,0.0,—,기상근거 부족,0,ASOS 공통 조사월 0개에서 기온·습도·강수·풍속의 관측 연관성을 추세 연장분에만 최대 ±3점으로 제한 적용(보정 +0점). 2027년 미래 기상값은 생성하거나 가정하지 않았습니다.,F27-WX1 설명가능 완화추세,"2024·2026 관측자료와 ASOS 공통 조사월의 연관성을 이용한 상대 위험 전망입니다. 2026년은 부분연도이며, 2027년 실제 기상·발생·확률을 확정하지 않습니다."
사과,나무좀,기타,경기도,95.0,,,전망자료 부족,낮음,3,2024,"양년 자료 없음, 공통 조사단위 0개, 유효 관측 3건, 결측률 0.0%, 단위별 변화 변동성 100.0점. 제한된 비교 단위 또는 변동성 때문에 보수적으로 낮게 평가합니다. 2024·2026 두 개 연도의 NCPMS 예찰자료만 사용한 상대 위험 전망으로, 기상·재배면적·방제 변화와 2027년 실제 발생을 확정하지 않습니다. ASOS 공통 조사월 0개에서 기온·습도·강수·풍속의 관측 연관성을 추세 연장분에만 최대 ±3점으로 제한 적용(보정 +0점). 2027년 미래 기상값은 생성하거나 가정하지 않았습니다.",전망자료 부족,,,0.0,—,기상근거 부족,0,ASOS 공통 조사월 0개에서 기온·습도·강수·풍속의 관측 연관성을 추세 연장분에만 최대 ±3점으로 제한 적용(보정 +0점). 2027년 미래 기상값은 생성하거나 가정하지 않았습니다.,F27-WX1 설명가능 완화추세,"2024·2026 관측자료와 ASOS 공통 조사월의 연관성을 이용한 상대 위험 전망입니다. 2026년은 부분연도이며, 2027년 실제 기상·발생·확률을 확정하지 않습니다."
사과,나무좀,기타,경상남도,0.0,,,전망자료 부족,낮음,3,2024,"양년 자료 없음, 공통 조사단위 0개, 유효 관측 3건, 결측률 0.0%, 단위별 변화 변동성 100.0점. 제한된 비교 단위 또는 변동성 때문에 보수적으로 낮게 평가합니다. 2024·2026 두 개 연도의 NCPMS 예찰자료만 사용한 상대 위험 전망으로, 기상·재배면적·방제 변화와 2027년 실제 발생을 확정하지 않습니다. ASOS 공통 조사월 0개에서 기온·습도·강수·풍속의 관측 연관성을 추세 연장분에만 최대 ±3점으로 제한 적용(보정 +0점). 2027년 미래 기상값은 생성하거나 가정하지 않았습니다.",전망자료 부족,,,0.0,—,기상근거 부족,0,ASOS 공통 조사월 0개에서 기온·습도·강수·풍속의 관측 연관성을 추세 연장분에만 최대 ±3점으로 제한 적용(보정 +0점). 2027년 미래 기상값은 생성하거나 가정하지 않았습니다.,F27-WX1 설명가능 완화추세,"2024·2026 관측자료와 ASOS 공통 조사월의 연관성을 이용한 상대 위험 전망입니다. 2026년은 부분연도이며, 2027년 실제 기상·발생·확률을 확정하지 않습니다."
사과,나무좀,기타,경상북도,27.0,,,전망자료 부족,낮음,3,2024,"양년 자료 없음, 공통 조사단위 0개, 유효 관측 3건, 결측률 0.0%, 단위별 변화 변동성 100.0점. 제한된 비교 단위 또는 변동성 때문에 보수적으로 낮게 평가합니다. 2024·2026 두 개 연도의 NCPMS 예찰자료만 사용한 상대 위험 전망으로, 기상·재배면적·방제 변화와 2027년 실제 발생을 확정하지 않습니다. ASOS 공통 조사월 0개에서 기온·습도·강수·풍속의 관측 연관성을 추세 연장분에만 최대 ±3점으로 제한 적용(보정 +0점). 2027년 미래 기상값은 생성하거나 가정하지 않았습니다.",전망자료 부족,,,0.0,—,기상근거 부족,0,ASOS 공통 조사월 0개에서 기온·습도·강수·풍속의 관측 연관성을 추세 연장분에만 최대 ±3점으로 제한 적용(보정 +0점). 2027년 미래 기상값은 생성하거나 가정하지 않았습니다.,F27-WX1 설명가능 완화추세,"2024·2026 관측자료와 ASOS 공통 조사월의 연관성을 이용한 상대 위험 전망입니다. 2026년은 부분연도이며, 2027년 실제 기상·발생·확률을 확정하지 않습니다."
사과,나무좀,기타,대구광역시,0.0,,,전망자료 부족,낮음,3,2024,"양년 자료 없음, 공통 조사단위 0개, 유효 관측 3건, 결측률 0.0%, 단위별 변화 변동성 100.0점. 제한된 비교 단위 또는 변동성 때문에 보수적으로 낮게 평가합니다. 2024·2026 두 개 연도의 NCPMS 예찰자료만 사용한 상대 위험 전망으로, 기상·재배면적·방제 변화와 2027년 실제 발생을 확정하지 않습니다. ASOS 공통 조사월 0개에서 기온·습도·강수·풍속의 관측 연관성을 추세 연장분에만 최대 ±3점으로 제한 적용(보정 +0점). 2027년 미래 기상값은 생성하거나 가정하지 않았습니다.",전망자료 부족,,,0.0,—,기상근거 부족,0,ASOS 공통 조사월 0개에서 기온·습도·강수·풍속의 관측 연관성을 추세 연장분에만 최대 ±3점으로 제한 적용(보정 +0점). 2027년 미래 기상값은 생성하거나 가정하지 않았습니다.,F27-WX1 설명가능 완화추세,"2024·2026 관측자료와 ASOS 공통 조사월의 연관성을 이용한 상대 위험 전망입니다. 2026년은 부분연도이며, 2027년 실제 기상·발생·확률을 확정하지 않습니다."
사과,나무좀,기타,전남광주통합특별시,0.0,,,전망자료 부족,낮음,3,2024,"양년 자료 없음, 공통 조사단위 0개, 유효 관측 3건, 결측률 0.0%, 단위별 변화 변동성 100.0점. 제한된 비교 단위 또는 변동성 때문에 보수적으로 낮게 평가합니다. 2024·2026 두 개 연도의 NCPMS 예찰자료만 사용한 상대 위험 전망으로, 기상·재배면적·방제 변화와 2027년 실제 발생을 확정하지 않습니다. ASOS 공통 조사월 0개에서 기온·습도·강수·풍속의 관측 연관성을 추세 연장분에만 최대 ±3점으로 제한 적용(보정 +0점). 2027년 미래 기상값은 생성하거나 가정하지 않았습니다.",전망자료 부족,,,0.0,—,기상근거 부족,0,ASOS 공통 조사월 0개에서 기온·습도·강수·풍속의 관측 연관성을 추세 연장분에만 최대 ±3점으로 제한 적용(보정 +0점). 2027년 미래 기상값은 생성하거나 가정하지 않았습니다.,F27-WX1 설명가능 완화추세,"2024·2026 관측자료와 ASOS 공통 조사월의 연관성을 이용한 상대 위험 전망입니다. 2026년은 부분연도이며, 2027년 실제 기상·발생·확률을 확정하지 않습니다."
사과,나무좀,기타,전북특별자치도,56.0,,,전망자료 부족,낮음,3,2024,"양년 자료 없음, 공통 조사단위 0개, 유효 관측 3건, 결측률 0.0%, 단위별 변화 변동성 100.0점. 제한된 비교 단위 또는 변동성 때문에 보수적으로 낮게 평가합니다. 2024·2026 두 개 연도의 NCPMS 예찰자료만 사용한 상대 위험 전망으로, 기상·재배면적·방제 변화와 2027년 실제 발생을 확정하지 않습니다. ASOS 공통 조사월 0개에서 기온·습도·강수·풍속의 관측 연관성을 추세 연장분에만 최대 ±3점으로 제한 적용(보정 +0점). 2027년 미래 기상값은 생성하거나 가정하지 않았습니다.",전망자료 부족,,,0.0,—,기상근거 부족,0,ASOS 공통 조사월 0개에서 기온·습도·강수·풍속의 관측 연관성을 추세 연장분에만 최대 ±3점으로 제한 적용(보정 +0점). 2027년 미래 기상값은 생성하거나 가정하지 않았습니다.,F27-WX1 설명가능 완화추세,"2024·2026 관측자료와 ASOS 공통 조사월의 연관성을 이용한 상대 위험 전망입니다. 2026년은 부분연도이며, 2027년 실제 기상·발생·확률을 확정하지 않습니다."
사과,나무좀,기타,충청남도,0.0,,,전망자료 부족,낮음,3,2024,"양년 자료 없음, 공통 조사단위 0개, 유효 관측 3건, 결측률 0.0%, 단위별 변화 변동성 100.0점. 제한된 비교 단위 또는 변동성 때문에 보수적으로 낮게 평가합니다. 2024·2026 두 개 연도의 NCPMS 예찰자료만 사용한 상대 위험 전망으로, 기상·재배면적·방제 변화와 2027년 실제 발생을 확정하지 않습니다. ASOS 공통 조사월 0개에서 기온·습도·강수·풍속의 관측 연관성을 추세 연장분에만 최대 ±3점으로 제한 적용(보정 +0점). 2027년 미래 기상값은 생성하거나 가정하지 않았습니다.",전망자료 부족,,,0.0,—,기상근거 부족,0,ASOS 공통 조사월 0개에서 기온·습도·강수·풍속의 관측 연관성을 추세 연장분에만 최대 ±3점으로 제한 적용(보정 +0점). 2027년 미래 기상값은 생성하거나 가정하지 않았습니다.,F27-WX1 설명가능 완화추세,"2024·2026 관측자료와 ASOS 공통 조사월의 연관성을 이용한 상대 위험 전망입니다. 2026년은 부분연도이며, 2027년 실제 기상·발생·확률을 확정하지 않습니다."
사과,나무좀,기타,충청북도,4.0,,,전망자료 부족,낮음,3,2024,"양년 자료 없음, 공통 조사단위 0개, 유효 관측 3건, 결측률 0.0%, 단위별 변화 변동성 100.0점. 제한된 비교 단위 또는 변동성 때문에 보수적으로 낮게 평가합니다. 2024·2026 두 개 연도의 NCPMS 예찰자료만 사용한 상대 위험 전망으로, 기상·재배면적·방제 변화와 2027년 실제 발생을 확정하지 않습니다. ASOS 공통 조사월 0개에서 기온·습도·강수·풍속의 관측 연관성을 추세 연장분에만 최대 ±3점으로 제한 적용(보정 +0점). 2027년 미래 기상값은 생성하거나 가정하지 않았습니다.",전망자료 부족,,,0.0,—,기상근거 부족,0,ASOS 공통 조사월 0개에서 기온·습도·강수·풍속의 관측 연관성을 추세 연장분에만 최대 ±3점으로 제한 적용(보정 +0점). 2027년 미래 기상값은 생성하거나 가정하지 않았습니다.,F27-WX1 설명가능 완화추세,"2024·2026 관측자료와 ASOS 공통 조사월의 연관성을 이용한 상대 위험 전망입니다. 2026년은 부분연도이며, 2027년 실제 기상·발생·확률을 확정하지 않습니다."
마늘,난지형마늘-고자리파리,해충,강원특별자치도,0.0,,,전망자료 부족,낮음,6,2024,"양년 자료 없음, 공통 조사단위 0개, 유효 관측 6건, 결측률 0.0%, 단위별 변화 변동성 100.0점. 제한된 비교 단위 또는 변동성 때문에 보수적으로 낮게 평가합니다. 2024·2026 두 개 연도의 NCPMS 예찰자료만 사용한 상대 위험 전망으로, 기상·재배면적·방제 변화와 2027년 실제 발생을 확정하지 않습니다. ASOS 공통 조사월 0개에서 기온·습도·강수·풍속의 관측 연관성을 추세 연장분에만 최대 ±3점으로 제한 적용(보정 +0점). 2027년 미래 기상값은 생성하거나 가정하지 않았습니다.",전망자료 부족,,,0.0,—,기상근거 부족,0,ASOS 공통 조사월 0개에서 기온·습도·강수·풍속의 관측 연관성을 추세 연장분에만 최대 ±3점으로 제한 적용(보정 +0점). 2027년 미래 기상값은 생성하거나 가정하지 않았습니다.,F27-WX1 설명가능 완화추세,"2024·2026 관측자료와 ASOS 공통 조사월의 연관성을 이용한 상대 위험 전망입니다. 2026년은 부분연도이며, 2027년 실제 기상·발생·확률을 확정하지 않습니다."
마늘,난지형마늘-고자리파리,해충,경상남도,57.0,0.0,0,유지,낮음,16,2024·2026,"기준선 비교: 2026 유지 0.0점, 2024·2026 가중평균 19.9점, 선택 모델(완화 추세+표본 축소) 0.0점. 지역 변화 -57.0점을 표본가중치 0.57로 같은 병해충·작물의 지역 중앙 변화 +0.0점 방향에 축소하고, 1년 연장 변화는 ±20점으로 제한했습니다. 양년 자료 있음, 공통 조사단위 5개, 유효 관측 16건, 결측률 0.0%, 단위별 변화 변동성 49.0점. 제한된 비교 단위 또는 변동성 때문에 보수적으로 낮게 평가합니다. 2024·2026 두 개 연도의 NCPMS 예찰자료만 사용한 상대 위험 전망으로, 기상·재배면적·방제 변화와 2027년 실제 발생을 확정하지 않습니다. ASOS 공통 조사월 3개에서 기온·습도·강수·풍속의 관측 연관성을 추세 연장분에만 최대 ±3점으로 제한 적용(보정 +0점). 2027년 미래 기상값은 생성하거나 가정하지 않았습니다.",관찰,0,0,-0.0412,강수량,기상 근거 보강,3,ASOS 공통 조사월 3개에서 기온·습도·강수·풍속의 관측 연관성을 추세 연장분에만 최대 ±3점으로 제한 적용(보정 +0점). 2027년 미래 기상값은 생성하거나 가정하지 않았습니다.,F27-WX1 설명가능 완화추세,"2024·2026 관측자료와 ASOS 공통 조사월의 연관성을 이용한 상대 위험 전망입니다. 2026년은 부분연도이며, 2027년 실제 기상·발생·확률을 확정하지 않습니다."
마늘,난지형마늘-고자리파리,해충,경상북도,0.0,60.0,74,증가,낮음,22,2024·2026,"기준선 비교: 2026 유지 60.0점, 2024·2026 가중평균 39.0점, 선택 모델(완화 추세+표본 축소) 73.6점. 지역 변화 +60.0점을 표본가중치 0.65로 같은 병해충·작물의 지역 중앙 변화 +0.0점 방향에 축소하고, 1년 연장 변화는 ±20점으로 제한했습니다. 양년 자료 있음, 공통 조사단위 5개, 유효 관측 22건, 결측률 0.0%, 단위별 변화 변동성 49.0점. 제한된 비교 단위 또는 변동성 때문에 보수적으로 낮게 평가합니다. 2024·2026 두 개 연도의 NCPMS 예찰자료만 사용한 상대 위험 전망으로, 기상·재배면적·방제 변화와 2027년 실제 발생을 확정하지 않습니다. ASOS 공통 조사월 3개에서 기온·습도·강수·풍속의 관측 연관성을 추세 연장분에만 최대 ±3점으로 제한 적용(보정 +0점). 2027년 미래 기상값은 생성하거나 가정하지 않았습니다.",고위험,74,0,0.011,강수량,기상 근거 보강,3,ASOS 공통 조사월 3개에서 기온·습도·강수·풍속의 관측 연관성을 추세 연장분에만 최대 ±3점으로 제한 적용(보정 +0점). 2027년 미래 기상값은 생성하거나 가정하지 않았습니다.,F27-WX1 설명가능 완화추세,"2024·2026 관측자료와 ASOS 공통 조사월의 연관성을 이용한 상대 위험 전망입니다. 2026년은 부분연도이며, 2027년 실제 기상·발생·확률을 확정하지 않습니다."
마늘,난지형마늘-고자리파리,해충,대구광역시,0.0,0.0,0,유지,높음,22,2024·2026,"기준선 비교: 2026 유지 0.0점, 2024·2026 가중평균 0.0점, 선택 모델(완화 추세+표본 축소) 0.0점. 지역 변화 +0.0점을 표본가중치 0.65로 같은 병해충·작물의 지역 중앙 변화 +0.0점 방향에 축소하고, 1년 연장 변화는 ±20점으로 제한했습니다. 양년 자료 있음, 공통 조사단위 5개, 유효 관측 22건, 결측률 0.0%, 단위별 변화 변동성 0.0점. 양년 반복관측·낮은 결측·낮은 변동성 기준을 충족합니다. 2024·2026 두 개 연도의 NCPMS 예찰자료만 사용한 상대 위험 전망으로, 기상·재배면적·방제 변화와 2027년 실제 발생을 확정하지 않습니다. ASOS 공통 조사월 3개에서 기온·습도·강수·풍속의 관측 연관성을 추세 연장분에만 최대 ±3점으로 제한 적용(보정 +0점). 2027년 미래 기상값은 생성하거나 가정하지 않았습니다.",관찰,0,0,-0.0041,강수량,기상 근거 보강,3,ASOS 공통 조사월 3개에서 기온·습도·강수·풍속의 관측 연관성을 추세 연장분에만 최대 ±3점으로 제한 적용(보정 +0점). 2027년 미래 기상값은 생성하거나 가정하지 않았습니다.,F27-WX1 설명가능 완화추세,"2024·2026 관측자료와 ASOS 공통 조사월의 연관성을 이용한 상대 위험 전망입니다. 2026년은 부분연도이며, 2027년 실제 기상·발생·확률을 확정하지 않습니다."
마늘,난지형마늘-고자리파리,해충,전남광주통합특별시,50.0,20.0,14,감소,낮음,16,2024·2026,"기준선 비교: 2026 유지 20.0점, 2024·2026 가중평균 30.5점, 선택 모델(완화 추세+표본 축소) 14.0점. 지역 변화 -30.0점을 표본가중치 0.57로 같은 병해충·작물의 지역 중앙 변화 +0.0점 방향에 축소하고, 1년 연장 변화는 ±20점으로 제한했습니다. 양년 자료 있음, 공통 조사단위 5개, 유효 관측 16건, 결측률 0.0%, 단위별 변화 변동성 40.6점. 제한된 비교 단위 또는 변동성 때문에 보수적으로 낮게 평가합니다. 2024·2026 두 개 연도의 NCPMS 예찰자료만 사용한 상대 위험 전망으로, 기상·재배면적·방제 변화와 2027년 실제 발생을 확정하지 않습니다. ASOS 공통 조사월 3개에서 기온·습도·강수·풍속의 관측 연관성을 추세 연장분에만 최대 ±3점으로 제한 적용(보정 +0점). 2027년 미래 기상값은 생성하거나 가정하지 않았습니다.",관찰,14,0,-0.0148,습도,기상 근거 보강,3,ASOS 공통 조사월 3개에서 기온·습도·강수·풍속의 관측 연관성을 추세 연장분에만 최대 ±3점으로 제한 적용(보정 +0점). 2027년 미래 기상값은 생성하거나 가정하지 않았습니다.,F27-WX1 설명가능 완화추세,"2024·2026 관측자료와 ASOS 공통 조사월의 연관성을 이용한 상대 위험 전망입니다. 2026년은 부분연도이며, 2027년 실제 기상·발생·확률을 확정하지 않습니다."
마늘,난지형마늘-고자리파리,해충,전북특별자치도,0.0,0.0,0,유지,높음,16,2024·2026,"기준선 비교: 2026 유지 0.0점, 2024·2026 가중평균 0.0점, 선택 모델(완화 추세+표본 축소) 0.0점. 지역 변화 +0.0점을 표본가중치 0.57로 같은 병해충·작물의 지역 중앙 변화 +0.0점 방향에 축소하고, 1년 연장 변화는 ±20점으로 제한했습니다. 양년 자료 있음, 공통 조사단위 5개, 유효 관측 16건, 결측률 0.0%, 단위별 변화 변동성 0.0점. 양년 반복관측·낮은 결측·낮은 변동성 기준을 충족합니다. 2024·2026 두 개 연도의 NCPMS 예찰자료만 사용한 상대 위험 전망으로, 기상·재배면적·방제 변화와 2027년 실제 발생을 확정하지 않습니다. ASOS 공통 조사월 3개에서 기온·습도·강수·풍속의 관측 연관성을 추세 연장분에만 최대 ±3점으로 제한 적용(보정 +0점). 2027년 미래 기상값은 생성하거나 가정하지 않았습니다.",관찰,0,0,0.0154,강수량,기상 근거 보강,3,ASOS 공통 조사월 3개에서 기온·습도·강수·풍속의 관측 연관성을 추세 연장분에만 최대 ±3점으로 제한 적용(보정 +0점). 2027년 미래 기상값은 생성하거나 가정하지 않았습니다.,F27-WX1 설명가능 완화추세,"2024·2026 관측자료와 ASOS 공통 조사월의 연관성을 이용한 상대 위험 전망입니다. 2026년은 부분연도이며, 2027년 실제 기상·발생·확률을 확정하지 않습니다."
마늘,난지형마늘-고자리파리,해충,충청남도,0.0,0.0,0,유지,높음,22,2024·2026,"기준선 비교: 2026 유지 0.0점, 2024·2026 가중평균 0.0점, 선택 모델(완화 추세+표본 축소) 0.0점. 지역 변화 +0.0점을 표본가중치 0.65로 같은 병해충·작물의 지역 중앙 변화 +0.0점 방향에 축소하고, 1년 연장 변화는 ±20점으로 제한했습니다. 양년 자료 있음, 공통 조사단위 5개, 유효 관측 22건, 결측률 0.0%, 단위별 변화 변동성 0.0점. 양년 반복관측·낮은 결측·낮은 변동성 기준을 충족합니다. 2024·2026 두 개 연도의 NCPMS 예찰자료만 사용한 상대 위험 전망으로, 기상·재배면적·방제 변화와 2027년 실제 발생을 확정하지 않습니다. ASOS 공통 조사월 3개에서 기온·습도·강수·풍속의 관측 연관성을 추세 연장분에만 최대 ±3점으로 제한 적용(보정 +0점). 2027년 미래 기상값은 생성하거나 가정하지 않았습니다.",관찰,0,0,-0.0003,강수량,기상 근거 보강,3,ASOS 공통 조사월 3개에서 기온·습도·강수·풍속의 관측 연관성을 추세 연장분에만 최대 ±3점으로 제한 적용(보정 +0점). 2027년 미래 기상값은 생성하거나 가정하지 않았습니다.,F27-WX1 설명가능 완화추세,"2024·2026 관측자료와 ASOS 공통 조사월의 연관성을 이용한 상대 위험 전망입니다. 2026년은 부분연도이며, 2027년 실제 기상·발생·확률을 확정하지 않습니다."
마늘,난지형마늘-고자리파리,해충,충청북도,0.0,,,전망자료 부족,낮음,6,2024,"양년 자료 없음, 공통 조사단위 0개, 유효 관측 6건, 결측률 0.0%, 단위별 변화 변동성 100.0점. 제한된 비교 단위 또는 변동성 때문에 보수적으로 낮게 평가합니다. 2024·2026 두 개 연도의 NCPMS 예찰자료만 사용한 상대 위험 전망으로, 기상·재배면적·방제 변화와 2027년 실제 발생을 확정하지 않습니다. ASOS 공통 조사월 0개에서 기온·습도·강수·풍속의 관측 연관성을 추세 연장분에만 최대 ±3점으로 제한 적용(보정 +0점). 2027년 미래 기상값은 생성하거나 가정하지 않았습니다.",전망자료 부족,,,0.0,—,기상근거 부족,0,ASOS 공통 조사월 0개에서 기온·습도·강수·풍속의 관측 연관성을 추세 연장분에만 최대 ±3점으로 제한 적용(보정 +0점). 2027년 미래 기상값은 생성하거나 가정하지 않았습니다.,F27-WX1 설명가능 완화추세,"2024·2026 관측자료와 ASOS 공통 조사월의 연관성을 이용한 상대 위험 전망입니다. 2026년은 부분연도이며, 2027년 실제 기상·발생·확률을 확정하지 않습니다."
마늘,난지형마늘-녹병,병해,경상남도,,0.0,,전망자료 부족,낮음,10,2026,"양년 자료 없음, 공통 조사단위 0개, 유효 관측 10건, 결측률 0.0%, 단위별 변화 변동성 100.0점. 제한된 비교 단위 또는 변동성 때문에 보수적으로 낮게 평가합니다. 2024·2026 두 개 연도의 NCPMS 예찰자료만 사용한 상대 위험 전망으로, 기상·재배면적·방제 변화와 2027년 실제 발생을 확정하지 않습니다. ASOS 공통 조사월 0개에서 기온·습도·강수·풍속의 관측 연관성을 추세 연장분에만 최대 ±3점으로 제한 적용(보정 +0점). 2027년 미래 기상값은 생성하거나 가정하지 않았습니다.",전망자료 부족,,,0.0,—,기상근거 부족,0,ASOS 공통 조사월 0개에서 기온·습도·강수·풍속의 관측 연관성을 추세 연장분에만 최대 ±3점으로 제한 적용(보정 +0점). 2027년 미래 기상값은 생성하거나 가정하지 않았습니다.,F27-WX1 설명가능 완화추세,"2024·2026 관측자료와 ASOS 공통 조사월의 연관성을 이용한 상대 위험 전망입니다. 2026년은 부분연도이며, 2027년 실제 기상·발생·확률을 확정하지 않습니다."
마늘,난지형마늘-녹병,병해,경상북도,,20.0,,전망자료 부족,낮음,10,2026,"양년 자료 없음, 공통 조사단위 0개, 유효 관측 10건, 결측률 0.0%, 단위별 변화 변동성 100.0점. 제한된 비교 단위 또는 변동성 때문에 보수적으로 낮게 평가합니다. 2024·2026 두 개 연도의 NCPMS 예찰자료만 사용한 상대 위험 전망으로, 기상·재배면적·방제 변화와 2027년 실제 발생을 확정하지 않습니다. ASOS 공통 조사월 0개에서 기온·습도·강수·풍속의 관측 연관성을 추세 연장분에만 최대 ±3점으로 제한 적용(보정 +0점). 2027년 미래 기상값은 생성하거나 가정하지 않았습니다.",전망자료 부족,,,0.0,—,기상근거 부족,0,ASOS 공통 조사월 0개에서 기온·습도·강수·풍속의 관측 연관성을 추세 연장분에만 최대 ±3점으로 제한 적용(보정 +0점). 2027년 미래 기상값은 생성하거나 가정하지 않았습니다.,F27-WX1 설명가능 완화추세,"2024·2026 관측자료와 ASOS 공통 조사월의 연관성을 이용한 상대 위험 전망입니다. 2026년은 부분연도이며, 2027년 실제 기상·발생·확률을 확정하지 않습니다."
마늘,난지형마늘-녹병,병해,대구광역시,,0.0,,전망자료 부족,낮음,10,2026,"양년 자료 없음, 공통 조사단위 0개, 유효 관측 10건, 결측률 0.0%, 단위별 변화 변동성 100.0점. 제한된 비교 단위 또는 변동성 때문에 보수적으로 낮게 평가합니다. 2024·2026 두 개 연도의 NCPMS 예찰자료만 사용한 상대 위험 전망으로, 기상·재배면적·방제 변화와 2027년 실제 발생을 확정하지 않습니다. ASOS 공통 조사월 0개에서 기온·습도·강수·풍속의 관측 연관성을 추세 연장분에만 최대 ±3점으로 제한 적용(보정 +0점). 2027년 미래 기상값은 생성하거나 가정하지 않았습니다.",전망자료 부족,,,0.0,—,기상근거 부족,0,ASOS 공통 조사월 0개에서 기온·습도·강수·풍속의 관측 연관성을 추세 연장분에만 최대 ±3점으로 제한 적용(보정 +0점). 2027년 미래 기상값은 생성하거나 가정하지 않았습니다.,F27-WX1 설명가능 완화추세,"2024·2026 관측자료와 ASOS 공통 조사월의 연관성을 이용한 상대 위험 전망입니다. 2026년은 부분연도이며, 2027년 실제 기상·발생·확률을 확정하지 않습니다."
마늘,난지형마늘-녹병,병해,전남광주통합특별시,,20.0,,전망자료 부족,낮음,10,2026,"양년 자료 없음, 공통 조사단위 0개, 유효 관측 10건, 결측률 0.0%, 단위별 변화 변동성 100.0점. 제한된 비교 단위 또는 변동성 때문에 보수적으로 낮게 평가합니다. 2024·2026 두 개 연도의 NCPMS 예찰자료만 사용한 상대 위험 전망으로, 기상·재배면적·방제 변화와 2027년 실제 발생을 확정하지 않습니다. ASOS 공통 조사월 0개에서 기온·습도·강수·풍속의 관측 연관성을 추세 연장분에만 최대 ±3점으로 제한 적용(보정 +0점). 2027년 미래 기상값은 생성하거나 가정하지 않았습니다.",전망자료 부족,,,0.0,—,기상근거 부족,0,ASOS 공통 조사월 0개에서 기온·습도·강수·풍속의 관측 연관성을 추세 연장분에만 최대 ±3점으로 제한 적용(보정 +0점). 2027년 미래 기상값은 생성하거나 가정하지 않았습니다.,F27-WX1 설명가능 완화추세,"2024·2026 관측자료와 ASOS 공통 조사월의 연관성을 이용한 상대 위험 전망입니다. 2026년은 부분연도이며, 2027년 실제 기상·발생·확률을 확정하지 않습니다."
마늘,난지형마늘-녹병,병해,전북특별자치도,,0.0,,전망자료 부족,낮음,10,2026,"양년 자료 없음, 공통 조사단위 0개, 유효 관측 10건, 결측률 0.0%, 단위별 변화 변동성 100.0점. 제한된 비교 단위 또는 변동성 때문에 보수적으로 낮게 평가합니다. 2024·2026 두 개 연도의 NCPMS 예찰자료만 사용한 상대 위험 전망으로, 기상·재배면적·방제 변화와 2027년 실제 발생을 확정하지 않습니다. ASOS 공통 조사월 0개에서 기온·습도·강수·풍속의 관측 연관성을 추세 연장분에만 최대 ±3점으로 제한 적용(보정 +0점). 2027년 미래 기상값은 생성하거나 가정하지 않았습니다.",전망자료 부족,,,0.0,—,기상근거 부족,0,ASOS 공통 조사월 0개에서 기온·습도·강수·풍속의 관측 연관성을 추세 연장분에만 최대 ±3점으로 제한 적용(보정 +0점). 2027년 미래 기상값은 생성하거나 가정하지 않았습니다.,F27-WX1 설명가능 완화추세,"2024·2026 관측자료와 ASOS 공통 조사월의 연관성을 이용한 상대 위험 전망입니다. 2026년은 부분연도이며, 2027년 실제 기상·발생·확률을 확정하지 않습니다."
마늘,난지형마늘-녹병,병해,충청남도,,0.0,,전망자료 부족,낮음,10,2026,"양년 자료 없음, 공통 조사단위 0개, 유효 관측 10건, 결측률 0.0%, 단위별 변화 변동성 100.0점. 제한된 비교 단위 또는 변동성 때문에 보수적으로 낮게 평가합니다. 2024·2026 두 개 연도의 NCPMS 예찰자료만 사용한 상대 위험 전망으로, 기상·재배면적·방제 변화와 2027년 실제 발생을 확정하지 않습니다. ASOS 공통 조사월 0개에서 기온·습도·강수·풍속의 관측 연관성을 추세 연장분에만 최대 ±3점으로 제한 적용(보정 +0점). 2027년 미래 기상값은 생성하거나 가정하지 않았습니다.",전망자료 부족,,,0.0,—,기상근거 부족,0,ASOS 공통 조사월 0개에서 기온·습도·강수·풍속의 관측 연관성을 추세 연장분에만 최대 ±3점으로 제한 적용(보정 +0점). 2027년 미래 기상값은 생성하거나 가정하지 않았습니다.,F27-WX1 설명가능 완화추세,"2024·2026 관측자료와 ASOS 공통 조사월의 연관성을 이용한 상대 위험 전망입니다. 2026년은 부분연도이며, 2027년 실제 기상·발생·확률을 확정하지 않습니다."
마늘,난지형마늘-무름병,병해,경상남도,,0.0,,전망자료 부족,낮음,10,2026,"양년 자료 없음, 공통 조사단위 0개, 유효 관측 10건, 결측률 0.0%, 단위별 변화 변동성 100.0점. 제한된 비교 단위 또는 변동성 때문에 보수적으로 낮게 평가합니다. 2024·2026 두 개 연도의 NCPMS 예찰자료만 사용한 상대 위험 전망으로, 기상·재배면적·방제 변화와 2027년 실제 발생을 확정하지 않습니다. ASOS 공통 조사월 0개에서 기온·습도·강수·풍속의 관측 연관성을 추세 연장분에만 최대 ±3점으로 제한 적용(보정 +0점). 2027년 미래 기상값은 생성하거나 가정하지 않았습니다.",전망자료 부족,,,0.0,—,기상근거 부족,0,ASOS 공통 조사월 0개에서 기온·습도·강수·풍속의 관측 연관성을 추세 연장분에만 최대 ±3점으로 제한 적용(보정 +0점). 2027년 미래 기상값은 생성하거나 가정하지 않았습니다.,F27-WX1 설명가능 완화추세,"2024·2026 관측자료와 ASOS 공통 조사월의 연관성을 이용한 상대 위험 전망입니다. 2026년은 부분연도이며, 2027년 실제 기상·발생·확률을 확정하지 않습니다."
마늘,난지형마늘-무름병,병해,경상북도,,0.0,,전망자료 부족,낮음,10,2026,"양년 자료 없음, 공통 조사단위 0개, 유효 관측 10건, 결측률 0.0%, 단위별 변화 변동성 100.0점. 제한된 비교 단위 또는 변동성 때문에 보수적으로 낮게 평가합니다. 2024·2026 두 개 연도의 NCPMS 예찰자료만 사용한 상대 위험 전망으로, 기상·재배면적·방제 변화와 2027년 실제 발생을 확정하지 않습니다. ASOS 공통 조사월 0개에서 기온·습도·강수·풍속의 관측 연관성을 추세 연장분에만 최대 ±3점으로 제한 적용(보정 +0점). 2027년 미래 기상값은 생성하거나 가정하지 않았습니다.",전망자료 부족,,,0.0,—,기상근거 부족,0,ASOS 공통 조사월 0개에서 기온·습도·강수·풍속의 관측 연관성을 추세 연장분에만 최대 ±3점으로 제한 적용(보정 +0점). 2027년 미래 기상값은 생성하거나 가정하지 않았습니다.,F27-WX1 설명가능 완화추세,"2024·2026 관측자료와 ASOS 공통 조사월의 연관성을 이용한 상대 위험 전망입니다. 2026년은 부분연도이며, 2027년 실제 기상·발생·확률을 확정하지 않습니다."
마늘,난지형마늘-무름병,병해,대구광역시,,0.0,,전망자료 부족,낮음,10,2026,"양년 자료 없음, 공통 조사단위 0개, 유효 관측 10건, 결측률 0.0%, 단위별 변화 변동성 100.0점. 제한된 비교 단위 또는 변동성 때문에 보수적으로 낮게 평가합니다. 2024·2026 두 개 연도의 NCPMS 예찰자료만 사용한 상대 위험 전망으로, 기상·재배면적·방제 변화와 2027년 실제 발생을 확정하지 않습니다. ASOS 공통 조사월 0개에서 기온·습도·강수·풍속의 관측 연관성을 추세 연장분에만 최대 ±3점으로 제한 적용(보정 +0점). 2027년 미래 기상값은 생성하거나 가정하지 않았습니다.",전망자료 부족,,,0.0,—,기상근거 부족,0,ASOS 공통 조사월 0개에서 기온·습도·강수·풍속의 관측 연관성을 추세 연장분에만 최대 ±3점으로 제한 적용(보정 +0점). 2027년 미래 기상값은 생성하거나 가정하지 않았습니다.,F27-WX1 설명가능 완화추세,"2024·2026 관측자료와 ASOS 공통 조사월의 연관성을 이용한 상대 위험 전망입니다. 2026년은 부분연도이며, 2027년 실제 기상·발생·확률을 확정하지 않습니다."
마늘,난지형마늘-무름병,병해,전남광주통합특별시,,18.0,,전망자료 부족,낮음,10,2026,"양년 자료 없음, 공통 조사단위 0개, 유효 관측 10건, 결측률 0.0%, 단위별 변화 변동성 100.0점. 제한된 비교 단위 또는 변동성 때문에 보수적으로 낮게 평가합니다. 2024·2026 두 개 연도의 NCPMS 예찰자료만 사용한 상대 위험 전망으로, 기상·재배면적·방제 변화와 2027년 실제 발생을 확정하지 않습니다. ASOS 공통 조사월 0개에서 기온·습도·강수·풍속의 관측 연관성을 추세 연장분에만 최대 ±3점으로 제한 적용(보정 +0점). 2027년 미래 기상값은 생성하거나 가정하지 않았습니다.",전망자료 부족,,,0.0,—,기상근거 부족,0,ASOS 공통 조사월 0개에서 기온·습도·강수·풍속의 관측 연관성을 추세 연장분에만 최대 ±3점으로 제한 적용(보정 +0점). 2027년 미래 기상값은 생성하거나 가정하지 않았습니다.,F27-WX1 설명가능 완화추세,"2024·2026 관측자료와 ASOS 공통 조사월의 연관성을 이용한 상대 위험 전망입니다. 2026년은 부분연도이며, 2027년 실제 기상·발생·확률을 확정하지 않습니다."
마늘,난지형마늘-무름병,병해,전북특별자치도,,15.0,,전망자료 부족,낮음,10,2026,"양년 자료 없음, 공통 조사단위 0개, 유효 관측 10건, 결측률 0.0%, 단위별 변화 변동성 100.0점. 제한된 비교 단위 또는 변동성 때문에 보수적으로 낮게 평가합니다. 2024·2026 두 개 연도의 NCPMS 예찰자료만 사용한 상대 위험 전망으로, 기상·재배면적·방제 변화와 2027년 실제 발생을 확정하지 않습니다. ASOS 공통 조사월 0개에서 기온·습도·강수·풍속의 관측 연관성을 추세 연장분에만 최대 ±3점으로 제한 적용(보정 +0점). 2027년 미래 기상값은 생성하거나 가정하지 않았습니다.",전망자료 부족,,,0.0,—,기상근거 부족,0,ASOS 공통 조사월 0개에서 기온·습도·강수·풍속의 관측 연관성을 추세 연장분에만 최대 ±3점으로 제한 적용(보정 +0점). 2027년 미래 기상값은 생성하거나 가정하지 않았습니다.,F27-WX1 설명가능 완화추세,"2024·2026 관측자료와 ASOS 공통 조사월의 연관성을 이용한 상대 위험 전망입니다. 2026년은 부분연도이며, 2027년 실제 기상·발생·확률을 확정하지 않습니다."
마늘,난지형마늘-무름병,병해,충청남도,,60.0,,전망자료 부족,낮음,10,2026,"양년 자료 없음, 공통 조사단위 0개, 유효 관측 10건, 결측률 0.0%, 단위별 변화 변동성 100.0점. 제한된 비교 단위 또는 변동성 때문에 보수적으로 낮게 평가합니다. 2024·2026 두 개 연도의 NCPMS 예찰자료만 사용한 상대 위험 전망으로, 기상·재배면적·방제 변화와 2027년 실제 발생을 확정하지 않습니다. ASOS 공통 조사월 0개에서 기온·습도·강수·풍속의 관측 연관성을 추세 연장분에만 최대 ±3점으로 제한 적용(보정 +0점). 2027년 미래 기상값은 생성하거나 가정하지 않았습니다.",전망자료 부족,,,0.0,—,기상근거 부족,0,ASOS 공통 조사월 0개에서 기온·습도·강수·풍속의 관측 연관성을 추세 연장분에만 최대 ±3점으로 제한 적용(보정 +0점). 2027년 미래 기상값은 생성하거나 가정하지 않았습니다.,F27-WX1 설명가능 완화추세,"2024·2026 관측자료와 ASOS 공통 조사월의 연관성을 이용한 상대 위험 전망입니다. 2026년은 부분연도이며, 2027년 실제 기상·발생·확률을 확정하지 않습니다."
마늘,난지형마늘-바이러스,바이러스,경상남도,,0.0,,전망자료 부족,낮음,10,2026,"양년 자료 없음, 공통 조사단위 0개, 유효 관측 10건, 결측률 0.0%, 단위별 변화 변동성 100.0점. 제한된 비교 단위 또는 변동성 때문에 보수적으로 낮게 평가합니다. 2024·2026 두 개 연도의 NCPMS 예찰자료만 사용한 상대 위험 전망으로, 기상·재배면적·방제 변화와 2027년 실제 발생을 확정하지 않습니다. ASOS 공통 조사월 0개에서 기온·습도·강수·풍속의 관측 연관성을 추세 연장분에만 최대 ±3점으로 제한 적용(보정 +0점). 2027년 미래 기상값은 생성하거나 가정하지 않았습니다.",전망자료 부족,,,0.0,—,기상근거 부족,0,ASOS 공통 조사월 0개에서 기온·습도·강수·풍속의 관측 연관성을 추세 연장분에만 최대 ±3점으로 제한 적용(보정 +0점). 2027년 미래 기상값은 생성하거나 가정하지 않았습니다.,F27-WX1 설명가능 완화추세,"2024·2026 관측자료와 ASOS 공통 조사월의 연관성을 이용한 상대 위험 전망입니다. 2026년은 부분연도이며, 2027년 실제 기상·발생·확률을 확정하지 않습니다."
마늘,난지형마늘-바이러스,바이러스,경상북도,,0.0,,전망자료 부족,낮음,10,2026,"양년 자료 없음, 공통 조사단위 0개, 유효 관측 10건, 결측률 0.0%, 단위별 변화 변동성 100.0점. 제한된 비교 단위 또는 변동성 때문에 보수적으로 낮게 평가합니다. 2024·2026 두 개 연도의 NCPMS 예찰자료만 사용한 상대 위험 전망으로, 기상·재배면적·방제 변화와 2027년 실제 발생을 확정하지 않습니다. ASOS 공통 조사월 0개에서 기온·습도·강수·풍속의 관측 연관성을 추세 연장분에만 최대 ±3점으로 제한 적용(보정 +0점). 2027년 미래 기상값은 생성하거나 가정하지 않았습니다.",전망자료 부족,,,0.0,—,기상근거 부족,0,ASOS 공통 조사월 0개에서 기온·습도·강수·풍속의 관측 연관성을 추세 연장분에만 최대 ±3점으로 제한 적용(보정 +0점). 2027년 미래 기상값은 생성하거나 가정하지 않았습니다.,F27-WX1 설명가능 완화추세,"2024·2026 관측자료와 ASOS 공통 조사월의 연관성을 이용한 상대 위험 전망입니다. 2026년은 부분연도이며, 2027년 실제 기상·발생·확률을 확정하지 않습니다."
마늘,난지형마늘-바이러스,바이러스,대구광역시,,0.0,,전망자료 부족,낮음,10,2026,"양년 자료 없음, 공통 조사단위 0개, 유효 관측 10건, 결측률 0.0%, 단위별 변화 변동성 100.0점. 제한된 비교 단위 또는 변동성 때문에 보수적으로 낮게 평가합니다. 2024·2026 두 개 연도의 NCPMS 예찰자료만 사용한 상대 위험 전망으로, 기상·재배면적·방제 변화와 2027년 실제 발생을 확정하지 않습니다. ASOS 공통 조사월 0개에서 기온·습도·강수·풍속의 관측 연관성을 추세 연장분에만 최대 ±3점으로 제한 적용(보정 +0점). 2027년 미래 기상값은 생성하거나 가정하지 않았습니다.",전망자료 부족,,,0.0,—,기상근거 부족,0,ASOS 공통 조사월 0개에서 기온·습도·강수·풍속의 관측 연관성을 추세 연장분에만 최대 ±3점으로 제한 적용(보정 +0점). 2027년 미래 기상값은 생성하거나 가정하지 않았습니다.,F27-WX1 설명가능 완화추세,"2024·2026 관측자료와 ASOS 공통 조사월의 연관성을 이용한 상대 위험 전망입니다. 2026년은 부분연도이며, 2027년 실제 기상·발생·확률을 확정하지 않습니다."
마늘,난지형마늘-바이러스,바이러스,전남광주통합특별시,,20.0,,전망자료 부족,낮음,10,2026,"양년 자료 없음, 공통 조사단위 0개, 유효 관측 10건, 결측률 0.0%, 단위별 변화 변동성 100.0점. 제한된 비교 단위 또는 변동성 때문에 보수적으로 낮게 평가합니다. 2024·2026 두 개 연도의 NCPMS 예찰자료만 사용한 상대 위험 전망으로, 기상·재배면적·방제 변화와 2027년 실제 발생을 확정하지 않습니다. ASOS 공통 조사월 0개에서 기온·습도·강수·풍속의 관측 연관성을 추세 연장분에만 최대 ±3점으로 제한 적용(보정 +0점). 2027년 미래 기상값은 생성하거나 가정하지 않았습니다.",전망자료 부족,,,0.0,—,기상근거 부족,0,ASOS 공통 조사월 0개에서 기온·습도·강수·풍속의 관측 연관성을 추세 연장분에만 최대 ±3점으로 제한 적용(보정 +0점). 2027년 미래 기상값은 생성하거나 가정하지 않았습니다.,F27-WX1 설명가능 완화추세,"2024·2026 관측자료와 ASOS 공통 조사월의 연관성을 이용한 상대 위험 전망입니다. 2026년은 부분연도이며, 2027년 실제 기상·발생·확률을 확정하지 않습니다."
마늘,난지형마늘-바이러스,바이러스,전북특별자치도,,20.0,,전망자료 부족,낮음,10,2026,"양년 자료 없음, 공통 조사단위 0개, 유효 관측 10건, 결측률 0.0%, 단위별 변화 변동성 100.0점. 제한된 비교 단위 또는 변동성 때문에 보수적으로 낮게 평가합니다. 2024·2026 두 개 연도의 NCPMS 예찰자료만 사용한 상대 위험 전망으로, 기상·재배면적·방제 변화와 2027년 실제 발생을 확정하지 않습니다. ASOS 공통 조사월 0개에서 기온·습도·강수·풍속의 관측 연관성을 추세 연장분에만 최대 ±3점으로 제한 적용(보정 +0점). 2027년 미래 기상값은 생성하거나 가정하지 않았습니다.",전망자료 부족,,,0.0,—,기상근거 부족,0,ASOS 공통 조사월 0개에서 기온·습도·강수·풍속의 관측 연관성을 추세 연장분에만 최대 ±3점으로 제한 적용(보정 +0점). 2027년 미래 기상값은 생성하거나 가정하지 않았습니다.,F27-WX1 설명가능 완화추세,"2024·2026 관측자료와 ASOS 공통 조사월의 연관성을 이용한 상대 위험 전망입니다. 2026년은 부분연도이며, 2027년 실제 기상·발생·확률을 확정하지 않습니다."
마늘,난지형마늘-바이러스,바이러스,충청남도,,0.0,,전망자료 부족,낮음,10,2026,"양년 자료 없음, 공통 조사단위 0개, 유효 관측 10건, 결측률 0.0%, 단위별 변화 변동성 100.0점. 제한된 비교 단위 또는 변동성 때문에 보수적으로 낮게 평가합니다. 2024·2026 두 개 연도의 NCPMS 예찰자료만 사용한 상대 위험 전망으로, 기상·재배면적·방제 변화와 2027년 실제 발생을 확정하지 않습니다. ASOS 공통 조사월 0개에서 기온·습도·강수·풍속의 관측 연관성을 추세 연장분에만 최대 ±3점으로 제한 적용(보정 +0점). 2027년 미래 기상값은 생성하거나 가정하지 않았습니다.",전망자료 부족,,,0.0,—,기상근거 부족,0,ASOS 공통 조사월 0개에서 기온·습도·강수·풍속의 관측 연관성을 추세 연장분에만 최대 ±3점으로 제한 적용(보정 +0점). 2027년 미래 기상값은 생성하거나 가정하지 않았습니다.,F27-WX1 설명가능 완화추세,"2024·2026 관측자료와 ASOS 공통 조사월의 연관성을 이용한 상대 위험 전망입니다. 2026년은 부분연도이며, 2027년 실제 기상·발생·확률을 확정하지 않습니다."
마늘,난지형마늘-뿌리응애,해충,경상남도,,0.0,,전망자료 부족,낮음,10,2026,"양년 자료 없음, 공통 조사단위 0개, 유효 관측 10건, 결측률 0.0%, 단위별 변화 변동성 100.0점. 제한된 비교 단위 또는 변동성 때문에 보수적으로 낮게 평가합니다. 2024·2026 두 개 연도의 NCPMS 예찰자료만 사용한 상대 위험 전망으로, 기상·재배면적·방제 변화와 2027년 실제 발생을 확정하지 않습니다. ASOS 공통 조사월 0개에서 기온·습도·강수·풍속의 관측 연관성을 추세 연장분에만 최대 ±3점으로 제한 적용(보정 +0점). 2027년 미래 기상값은 생성하거나 가정하지 않았습니다.",전망자료 부족,,,0.0,—,기상근거 부족,0,ASOS 공통 조사월 0개에서 기온·습도·강수·풍속의 관측 연관성을 추세 연장분에만 최대 ±3점으로 제한 적용(보정 +0점). 2027년 미래 기상값은 생성하거나 가정하지 않았습니다.,F27-WX1 설명가능 완화추세,"2024·2026 관측자료와 ASOS 공통 조사월의 연관성을 이용한 상대 위험 전망입니다. 2026년은 부분연도이며, 2027년 실제 기상·발생·확률을 확정하지 않습니다."
마늘,난지형마늘-뿌리응애,해충,경상북도,,0.0,,전망자료 부족,낮음,10,2026,"양년 자료 없음, 공통 조사단위 0개, 유효 관측 10건, 결측률 0.0%, 단위별 변화 변동성 100.0점. 제한된 비교 단위 또는 변동성 때문에 보수적으로 낮게 평가합니다. 2024·2026 두 개 연도의 NCPMS 예찰자료만 사용한 상대 위험 전망으로, 기상·재배면적·방제 변화와 2027년 실제 발생을 확정하지 않습니다. ASOS 공통 조사월 0개에서 기온·습도·강수·풍속의 관측 연관성을 추세 연장분에만 최대 ±3점으로 제한 적용(보정 +0점). 2027년 미래 기상값은 생성하거나 가정하지 않았습니다.",전망자료 부족,,,0.0,—,기상근거 부족,0,ASOS 공통 조사월 0개에서 기온·습도·강수·풍속의 관측 연관성을 추세 연장분에만 최대 ±3점으로 제한 적용(보정 +0점). 2027년 미래 기상값은 생성하거나 가정하지 않았습니다.,F27-WX1 설명가능 완화추세,"2024·2026 관측자료와 ASOS 공통 조사월의 연관성을 이용한 상대 위험 전망입니다. 2026년은 부분연도이며, 2027년 실제 기상·발생·확률을 확정하지 않습니다."
마늘,난지형마늘-뿌리응애,해충,대구광역시,,0.0,,전망자료 부족,낮음,10,2026,"양년 자료 없음, 공통 조사단위 0개, 유효 관측 10건, 결측률 0.0%, 단위별 변화 변동성 100.0점. 제한된 비교 단위 또는 변동성 때문에 보수적으로 낮게 평가합니다. 2024·2026 두 개 연도의 NCPMS 예찰자료만 사용한 상대 위험 전망으로, 기상·재배면적·방제 변화와 2027년 실제 발생을 확정하지 않습니다. ASOS 공통 조사월 0개에서 기온·습도·강수·풍속의 관측 연관성을 추세 연장분에만 최대 ±3점으로 제한 적용(보정 +0점). 2027년 미래 기상값은 생성하거나 가정하지 않았습니다.",전망자료 부족,,,0.0,—,기상근거 부족,0,ASOS 공통 조사월 0개에서 기온·습도·강수·풍속의 관측 연관성을 추세 연장분에만 최대 ±3점으로 제한 적용(보정 +0점). 2027년 미래 기상값은 생성하거나 가정하지 않았습니다.,F27-WX1 설명가능 완화추세,"2024·2026 관측자료와 ASOS 공통 조사월의 연관성을 이용한 상대 위험 전망입니다. 2026년은 부분연도이며, 2027년 실제 기상·발생·확률을 확정하지 않습니다."
마늘,난지형마늘-뿌리응애,해충,전남광주통합특별시,,60.0,,전망자료 부족,낮음,10,2026,"양년 자료 없음, 공통 조사단위 0개, 유효 관측 10건, 결측률 0.0%, 단위별 변화 변동성 100.0점. 제한된 비교 단위 또는 변동성 때문에 보수적으로 낮게 평가합니다. 2024·2026 두 개 연도의 NCPMS 예찰자료만 사용한 상대 위험 전망으로, 기상·재배면적·방제 변화와 2027년 실제 발생을 확정하지 않습니다. ASOS 공통 조사월 0개에서 기온·습도·강수·풍속의 관측 연관성을 추세 연장분에만 최대 ±3점으로 제한 적용(보정 +0점). 2027년 미래 기상값은 생성하거나 가정하지 않았습니다.",전망자료 부족,,,0.0,—,기상근거 부족,0,ASOS 공통 조사월 0개에서 기온·습도·강수·풍속의 관측 연관성을 추세 연장분에만 최대 ±3점으로 제한 적용(보정 +0점). 2027년 미래 기상값은 생성하거나 가정하지 않았습니다.,F27-WX1 설명가능 완화추세,"2024·2026 관측자료와 ASOS 공통 조사월의 연관성을 이용한 상대 위험 전망입니다. 2026년은 부분연도이며, 2027년 실제 기상·발생·확률을 확정하지 않습니다."
마늘,난지형마늘-뿌리응애,해충,전북특별자치도,,0.0,,전망자료 부족,낮음,10,2026,"양년 자료 없음, 공통 조사단위 0개, 유효 관측 10건, 결측률 0.0%, 단위별 변화 변동성 100.0점. 제한된 비교 단위 또는 변동성 때문에 보수적으로 낮게 평가합니다. 2024·2026 두 개 연도의 NCPMS 예찰자료만 사용한 상대 위험 전망으로, 기상·재배면적·방제 변화와 2027년 실제 발생을 확정하지 않습니다. ASOS 공통 조사월 0개에서 기온·습도·강수·풍속의 관측 연관성을 추세 연장분에만 최대 ±3점으로 제한 적용(보정 +0점). 2027년 미래 기상값은 생성하거나 가정하지 않았습니다.",전망자료 부족,,,0.0,—,기상근거 부족,0,ASOS 공통 조사월 0개에서 기온·습도·강수·풍속의 관측 연관성을 추세 연장분에만 최대 ±3점으로 제한 적용(보정 +0점). 2027년 미래 기상값은 생성하거나 가정하지 않았습니다.,F27-WX1 설명가능 완화추세,"2024·2026 관측자료와 ASOS 공통 조사월의 연관성을 이용한 상대 위험 전망입니다. 2026년은 부분연도이며, 2027년 실제 기상·발생·확률을 확정하지 않습니다."
마늘,난지형마늘-뿌리응애,해충,충청남도,,0.0,,전망자료 부족,낮음,10,2026,"양년 자료 없음, 공통 조사단위 0개, 유효 관측 10건, 결측률 0.0%, 단위별 변화 변동성 100.0점. 제한된 비교 단위 또는 변동성 때문에 보수적으로 낮게 평가합니다. 2024·2026 두 개 연도의 NCPMS 예찰자료만 사용한 상대 위험 전망으로, 기상·재배면적·방제 변화와 2027년 실제 발생을 확정하지 않습니다. ASOS 공통 조사월 0개에서 기온·습도·강수·풍속의 관측 연관성을 추세 연장분에만 최대 ±3점으로 제한 적용(보정 +0점). 2027년 미래 기상값은 생성하거나 가정하지 않았습니다.",전망자료 부족,,,0.0,—,기상근거 부족,0,ASOS 공통 조사월 0개에서 기온·습도·강수·풍속의 관측 연관성을 추세 연장분에만 최대 ±3점으로 제한 적용(보정 +0점). 2027년 미래 기상값은 생성하거나 가정하지 않았습니다.,F27-WX1 설명가능 완화추세,"2024·2026 관측자료와 ASOS 공통 조사월의 연관성을 이용한 상대 위험 전망입니다. 2026년은 부분연도이며, 2027년 실제 기상·발생·확률을 확정하지 않습니다."
마늘,난지형마늘-잎마름병,병해,경상남도,,0.0,,전망자료 부족,낮음,10,2026,"양년 자료 없음, 공통 조사단위 0개, 유효 관측 10건, 결측률 0.0%, 단위별 변화 변동성 100.0점. 제한된 비교 단위 또는 변동성 때문에 보수적으로 낮게 평가합니다. 2024·2026 두 개 연도의 NCPMS 예찰자료만 사용한 상대 위험 전망으로, 기상·재배면적·방제 변화와 2027년 실제 발생을 확정하지 않습니다. ASOS 공통 조사월 0개에서 기온·습도·강수·풍속의 관측 연관성을 추세 연장분에만 최대 ±3점으로 제한 적용(보정 +0점). 2027년 미래 기상값은 생성하거나 가정하지 않았습니다.",전망자료 부족,,,0.0,—,기상근거 부족,0,ASOS 공통 조사월 0개에서 기온·습도·강수·풍속의 관측 연관성을 추세 연장분에만 최대 ±3점으로 제한 적용(보정 +0점). 2027년 미래 기상값은 생성하거나 가정하지 않았습니다.,F27-WX1 설명가능 완화추세,"2024·2026 관측자료와 ASOS 공통 조사월의 연관성을 이용한 상대 위험 전망입니다. 2026년은 부분연도이며, 2027년 실제 기상·발생·확률을 확정하지 않습니다."
마늘,난지형마늘-잎마름병,병해,경상북도,,0.0,,전망자료 부족,낮음,10,2026,"양년 자료 없음, 공통 조사단위 0개, 유효 관측 10건, 결측률 0.0%, 단위별 변화 변동성 100.0점. 제한된 비교 단위 또는 변동성 때문에 보수적으로 낮게 평가합니다. 2024·2026 두 개 연도의 NCPMS 예찰자료만 사용한 상대 위험 전망으로, 기상·재배면적·방제 변화와 2027년 실제 발생을 확정하지 않습니다. ASOS 공통 조사월 0개에서 기온·습도·강수·풍속의 관측 연관성을 추세 연장분에만 최대 ±3점으로 제한 적용(보정 +0점). 2027년 미래 기상값은 생성하거나 가정하지 않았습니다.",전망자료 부족,,,0.0,—,기상근거 부족,0,ASOS 공통 조사월 0개에서 기온·습도·강수·풍속의 관측 연관성을 추세 연장분에만 최대 ±3점으로 제한 적용(보정 +0점). 2027년 미래 기상값은 생성하거나 가정하지 않았습니다.,F27-WX1 설명가능 완화추세,"2024·2026 관측자료와 ASOS 공통 조사월의 연관성을 이용한 상대 위험 전망입니다. 2026년은 부분연도이며, 2027년 실제 기상·발생·확률을 확정하지 않습니다."
마늘,난지형마늘-잎마름병,병해,대구광역시,,87.0,,전망자료 부족,낮음,10,2026,"양년 자료 없음, 공통 조사단위 0개, 유효 관측 10건, 결측률 0.0%, 단위별 변화 변동성 100.0점. 제한된 비교 단위 또는 변동성 때문에 보수적으로 낮게 평가합니다. 2024·2026 두 개 연도의 NCPMS 예찰자료만 사용한 상대 위험 전망으로, 기상·재배면적·방제 변화와 2027년 실제 발생을 확정하지 않습니다. ASOS 공통 조사월 0개에서 기온·습도·강수·풍속의 관측 연관성을 추세 연장분에만 최대 ±3점으로 제한 적용(보정 +0점). 2027년 미래 기상값은 생성하거나 가정하지 않았습니다.",전망자료 부족,,,0.0,—,기상근거 부족,0,ASOS 공통 조사월 0개에서 기온·습도·강수·풍속의 관측 연관성을 추세 연장분에만 최대 ±3점으로 제한 적용(보정 +0점). 2027년 미래 기상값은 생성하거나 가정하지 않았습니다.,F27-WX1 설명가능 완화추세,"2024·2026 관측자료와 ASOS 공통 조사월의 연관성을 이용한 상대 위험 전망입니다. 2026년은 부분연도이며, 2027년 실제 기상·발생·확률을 확정하지 않습니다."
마늘,난지형마늘-잎마름병,병해,전남광주통합특별시,,3.0,,전망자료 부족,낮음,10,2026,"양년 자료 없음, 공통 조사단위 0개, 유효 관측 10건, 결측률 0.0%, 단위별 변화 변동성 100.0점. 제한된 비교 단위 또는 변동성 때문에 보수적으로 낮게 평가합니다. 2024·2026 두 개 연도의 NCPMS 예찰자료만 사용한 상대 위험 전망으로, 기상·재배면적·방제 변화와 2027년 실제 발생을 확정하지 않습니다. ASOS 공통 조사월 0개에서 기온·습도·강수·풍속의 관측 연관성을 추세 연장분에만 최대 ±3점으로 제한 적용(보정 +0점). 2027년 미래 기상값은 생성하거나 가정하지 않았습니다.",전망자료 부족,,,0.0,—,기상근거 부족,0,ASOS 공통 조사월 0개에서 기온·습도·강수·풍속의 관측 연관성을 추세 연장분에만 최대 ±3점으로 제한 적용(보정 +0점). 2027년 미래 기상값은 생성하거나 가정하지 않았습니다.,F27-WX1 설명가능 완화추세,"2024·2026 관측자료와 ASOS 공통 조사월의 연관성을 이용한 상대 위험 전망입니다. 2026년은 부분연도이며, 2027년 실제 기상·발생·확률을 확정하지 않습니다."
마늘,난지형마늘-잎마름병,병해,전북특별자치도,,2.0,,전망자료 부족,낮음,10,2026,"양년 자료 없음, 공통 조사단위 0개, 유효 관측 10건, 결측률 0.0%, 단위별 변화 변동성 100.0점. 제한된 비교 단위 또는 변동성 때문에 보수적으로 낮게 평가합니다. 2024·2026 두 개 연도의 NCPMS 예찰자료만 사용한 상대 위험 전망으로, 기상·재배면적·방제 변화와 2027년 실제 발생을 확정하지 않습니다. ASOS 공통 조사월 0개에서 기온·습도·강수·풍속의 관측 연관성을 추세 연장분에만 최대 ±3점으로 제한 적용(보정 +0점). 2027년 미래 기상값은 생성하거나 가정하지 않았습니다.",전망자료 부족,,,0.0,—,기상근거 부족,0,ASOS 공통 조사월 0개에서 기온·습도·강수·풍속의 관측 연관성을 추세 연장분에만 최대 ±3점으로 제한 적용(보정 +0점). 2027년 미래 기상값은 생성하거나 가정하지 않았습니다.,F27-WX1 설명가능 완화추세,"2024·2026 관측자료와 ASOS 공통 조사월의 연관성을 이용한 상대 위험 전망입니다. 2026년은 부분연도이며, 2027년 실제 기상·발생·확률을 확정하지 않습니다."
마늘,난지형마늘-잎마름병,병해,충청남도,,0.0,,전망자료 부족,낮음,10,2026,"양년 자료 없음, 공통 조사단위 0개, 유효 관측 10건, 결측률 0.0%, 단위별 변화 변동성 100.0점. 제한된 비교 단위 또는 변동성 때문에 보수적으로 낮게 평가합니다. 2024·2026 두 개 연도의 NCPMS 예찰자료만 사용한 상대 위험 전망으로, 기상·재배면적·방제 변화와 2027년 실제 발생을 확정하지 않습니다. ASOS 공통 조사월 0개에서 기온·습도·강수·풍속의 관측 연관성을 추세 연장분에만 최대 ±3점으로 제한 적용(보정 +0점). 2027년 미래 기상값은 생성하거나 가정하지 않았습니다.",전망자료 부족,,,0.0,—,기상근거 부족,0,ASOS 공통 조사월 0개에서 기온·습도·강수·풍속의 관측 연관성을 추세 연장분에만 최대 ±3점으로 제한 적용(보정 +0점). 2027년 미래 기상값은 생성하거나 가정하지 않았습니다.,F27-WX1 설명가능 완화추세,"2024·2026 관측자료와 ASOS 공통 조사월의 연관성을 이용한 상대 위험 전망입니다. 2026년은 부분연도이며, 2027년 실제 기상·발생·확률을 확정하지 않습니다."
마늘,난지형마늘-잎집썩음병,병해,경상남도,,0.0,,전망자료 부족,낮음,10,2026,"양년 자료 없음, 공통 조사단위 0개, 유효 관측 10건, 결측률 0.0%, 단위별 변화 변동성 100.0점. 제한된 비교 단위 또는 변동성 때문에 보수적으로 낮게 평가합니다. 2024·2026 두 개 연도의 NCPMS 예찰자료만 사용한 상대 위험 전망으로, 기상·재배면적·방제 변화와 2027년 실제 발생을 확정하지 않습니다. ASOS 공통 조사월 0개에서 기온·습도·강수·풍속의 관측 연관성을 추세 연장분에만 최대 ±3점으로 제한 적용(보정 +0점). 2027년 미래 기상값은 생성하거나 가정하지 않았습니다.",전망자료 부족,,,0.0,—,기상근거 부족,0,ASOS 공통 조사월 0개에서 기온·습도·강수·풍속의 관측 연관성을 추세 연장분에만 최대 ±3점으로 제한 적용(보정 +0점). 2027년 미래 기상값은 생성하거나 가정하지 않았습니다.,F27-WX1 설명가능 완화추세,"2024·2026 관측자료와 ASOS 공통 조사월의 연관성을 이용한 상대 위험 전망입니다. 2026년은 부분연도이며, 2027년 실제 기상·발생·확률을 확정하지 않습니다."
마늘,난지형마늘-잎집썩음병,병해,경상북도,,0.0,,전망자료 부족,낮음,10,2026,"양년 자료 없음, 공통 조사단위 0개, 유효 관측 10건, 결측률 0.0%, 단위별 변화 변동성 100.0점. 제한된 비교 단위 또는 변동성 때문에 보수적으로 낮게 평가합니다. 2024·2026 두 개 연도의 NCPMS 예찰자료만 사용한 상대 위험 전망으로, 기상·재배면적·방제 변화와 2027년 실제 발생을 확정하지 않습니다. ASOS 공통 조사월 0개에서 기온·습도·강수·풍속의 관측 연관성을 추세 연장분에만 최대 ±3점으로 제한 적용(보정 +0점). 2027년 미래 기상값은 생성하거나 가정하지 않았습니다.",전망자료 부족,,,0.0,—,기상근거 부족,0,ASOS 공통 조사월 0개에서 기온·습도·강수·풍속의 관측 연관성을 추세 연장분에만 최대 ±3점으로 제한 적용(보정 +0점). 2027년 미래 기상값은 생성하거나 가정하지 않았습니다.,F27-WX1 설명가능 완화추세,"2024·2026 관측자료와 ASOS 공통 조사월의 연관성을 이용한 상대 위험 전망입니다. 2026년은 부분연도이며, 2027년 실제 기상·발생·확률을 확정하지 않습니다."
마늘,난지형마늘-잎집썩음병,병해,대구광역시,,0.0,,전망자료 부족,낮음,10,2026,"양년 자료 없음, 공통 조사단위 0개, 유효 관측 10건, 결측률 0.0%, 단위별 변화 변동성 100.0점. 제한된 비교 단위 또는 변동성 때문에 보수적으로 낮게 평가합니다. 2024·2026 두 개 연도의 NCPMS 예찰자료만 사용한 상대 위험 전망으로, 기상·재배면적·방제 변화와 2027년 실제 발생을 확정하지 않습니다. ASOS 공통 조사월 0개에서 기온·습도·강수·풍속의 관측 연관성을 추세 연장분에만 최대 ±3점으로 제한 적용(보정 +0점). 2027년 미래 기상값은 생성하거나 가정하지 않았습니다.",전망자료 부족,,,0.0,—,기상근거 부족,0,ASOS 공통 조사월 0개에서 기온·습도·강수·풍속의 관측 연관성을 추세 연장분에만 최대 ±3점으로 제한 적용(보정 +0점). 2027년 미래 기상값은 생성하거나 가정하지 않았습니다.,F27-WX1 설명가능 완화추세,"2024·2026 관측자료와 ASOS 공통 조사월의 연관성을 이용한 상대 위험 전망입니다. 2026년은 부분연도이며, 2027년 실제 기상·발생·확률을 확정하지 않습니다."
마늘,난지형마늘-잎집썩음병,병해,전남광주통합특별시,,20.0,,전망자료 부족,낮음,10,2026,"양년 자료 없음, 공통 조사단위 0개, 유효 관측 10건, 결측률 0.0%, 단위별 변화 변동성 100.0점. 제한된 비교 단위 또는 변동성 때문에 보수적으로 낮게 평가합니다. 2024·2026 두 개 연도의 NCPMS 예찰자료만 사용한 상대 위험 전망으로, 기상·재배면적·방제 변화와 2027년 실제 발생을 확정하지 않습니다. ASOS 공통 조사월 0개에서 기온·습도·강수·풍속의 관측 연관성을 추세 연장분에만 최대 ±3점으로 제한 적용(보정 +0점). 2027년 미래 기상값은 생성하거나 가정하지 않았습니다.",전망자료 부족,,,0.0,—,기상근거 부족,0,ASOS 공통 조사월 0개에서 기온·습도·강수·풍속의 관측 연관성을 추세 연장분에만 최대 ±3점으로 제한 적용(보정 +0점). 2027년 미래 기상값은 생성하거나 가정하지 않았습니다.,F27-WX1 설명가능 완화추세,"2024·2026 관측자료와 ASOS 공통 조사월의 연관성을 이용한 상대 위험 전망입니다. 2026년은 부분연도이며, 2027년 실제 기상·발생·확률을 확정하지 않습니다."
마늘,난지형마늘-잎집썩음병,병해,전북특별자치도,,0.0,,전망자료 부족,낮음,10,2026,"양년 자료 없음, 공통 조사단위 0개, 유효 관측 10건, 결측률 0.0%, 단위별 변화 변동성 100.0점. 제한된 비교 단위 또는 변동성 때문에 보수적으로 낮게 평가합니다. 2024·2026 두 개 연도의 NCPMS 예찰자료만 사용한 상대 위험 전망으로, 기상·재배면적·방제 변화와 2027년 실제 발생을 확정하지 않습니다. ASOS 공통 조사월 0개에서 기온·습도·강수·풍속의 관측 연관성을 추세 연장분에만 최대 ±3점으로 제한 적용(보정 +0점). 2027년 미래 기상값은 생성하거나 가정하지 않았습니다.",전망자료 부족,,,0.0,—,기상근거 부족,0,ASOS 공통 조사월 0개에서 기온·습도·강수·풍속의 관측 연관성을 추세 연장분에만 최대 ±3점으로 제한 적용(보정 +0점). 2027년 미래 기상값은 생성하거나 가정하지 않았습니다.,F27-WX1 설명가능 완화추세,"2024·2026 관측자료와 ASOS 공통 조사월의 연관성을 이용한 상대 위험 전망입니다. 2026년은 부분연도이며, 2027년 실제 기상·발생·확률을 확정하지 않습니다."
마늘,난지형마늘-잎집썩음병,병해,충청남도,,0.0,,전망자료 부족,낮음,10,2026,"양년 자료 없음, 공통 조사단위 0개, 유효 관측 10건, 결측률 0.0%, 단위별 변화 변동성 100.0점. 제한된 비교 단위 또는 변동성 때문에 보수적으로 낮게 평가합니다. 2024·2026 두 개 연도의 NCPMS 예찰자료만 사용한 상대 위험 전망으로, 기상·재배면적·방제 변화와 2027년 실제 발생을 확정하지 않습니다. ASOS 공통 조사월 0개에서 기온·습도·강수·풍속의 관측 연관성을 추세 연장분에만 최대 ±3점으로 제한 적용(보정 +0점). 2027년 미래 기상값은 생성하거나 가정하지 않았습니다.",전망자료 부족,,,0.0,—,기상근거 부족,0,ASOS 공통 조사월 0개에서 기온·습도·강수·풍속의 관측 연관성을 추세 연장분에만 최대 ±3점으로 제한 적용(보정 +0점). 2027년 미래 기상값은 생성하거나 가정하지 않았습니다.,F27-WX1 설명가능 완화추세,"2024·2026 관측자료와 ASOS 공통 조사월의 연관성을 이용한 상대 위험 전망입니다. 2026년은 부분연도이며, 2027년 실제 기상·발생·확률을 확정하지 않습니다."
마늘,난지형마늘-흑색썩음균핵병,병해,강원특별자치도,0.0,,,전망자료 부족,낮음,6,2024,"양년 자료 없음, 공통 조사단위 0개, 유효 관측 6건, 결측률 0.0%, 단위별 변화 변동성 100.0점. 제한된 비교 단위 또는 변동성 때문에 보수적으로 낮게 평가합니다. 2024·2026 두 개 연도의 NCPMS 예찰자료만 사용한 상대 위험 전망으로, 기상·재배면적·방제 변화와 2027년 실제 발생을 확정하지 않습니다. ASOS 공통 조사월 0개에서 기온·습도·강수·풍속의 관측 연관성을 추세 연장분에만 최대 ±3점으로 제한 적용(보정 +0점). 2027년 미래 기상값은 생성하거나 가정하지 않았습니다.",전망자료 부족,,,0.0,—,기상근거 부족,0,ASOS 공통 조사월 0개에서 기온·습도·강수·풍속의 관측 연관성을 추세 연장분에만 최대 ±3점으로 제한 적용(보정 +0점). 2027년 미래 기상값은 생성하거나 가정하지 않았습니다.,F27-WX1 설명가능 완화추세,"2024·2026 관측자료와 ASOS 공통 조사월의 연관성을 이용한 상대 위험 전망입니다. 2026년은 부분연도이며, 2027년 실제 기상·발생·확률을 확정하지 않습니다."
마늘,난지형마늘-흑색썩음균핵병,병해,경상남도,52.0,0.0,0,유지,보통,16,2024·2026,"기준선 비교: 2026 유지 0.0점, 2024·2026 가중평균 18.2점, 선택 모델(완화 추세+표본 축소) 0.0점. 지역 변화 -52.1점을 표본가중치 0.57로 같은 병해충·작물의 지역 중앙 변화 -0.0점 방향에 축소하고, 1년 연장 변화는 ±20점으로 제한했습니다. 양년 자료 있음, 공통 조사단위 5개, 유효 관측 16건, 결측률 0.0%, 단위별 변화 변동성 22.7점. 비교는 가능하지만 표본 또는 변동성에 불확실성이 남습니다. 2024·2026 두 개 연도의 NCPMS 예찰자료만 사용한 상대 위험 전망으로, 기상·재배면적·방제 변화와 2027년 실제 발생을 확정하지 않습니다. ASOS 공통 조사월 3개에서 기온·습도·강수·풍속의 관측 연관성을 추세 연장분에만 최대 ±3점으로 제한 적용(보정 +0점). 2027년 미래 기상값은 생성하거나 가정하지 않았습니다.",관찰,0,0,-0.0476,강수량,기상 근거 보강,3,ASOS 공통 조사월 3개에서 기온·습도·강수·풍속의 관측 연관성을 추세 연장분에만 최대 ±3점으로 제한 적용(보정 +0점). 2027년 미래 기상값은 생성하거나 가정하지 않았습니다.,F27-WX1 설명가능 완화추세,"2024·2026 관측자료와 ASOS 공통 조사월의 연관성을 이용한 상대 위험 전망입니다. 2026년은 부분연도이며, 2027년 실제 기상·발생·확률을 확정하지 않습니다."
마늘,난지형마늘-흑색썩음균핵병,병해,경상북도,8.0,20.0,23,유지,보통,22,2024·2026,"기준선 비교: 2026 유지 20.0점, 2024·2026 가중평균 15.9점, 선택 모델(완화 추세+표본 축소) 22.6점. 지역 변화 +11.7점을 표본가중치 0.65로 같은 병해충·작물의 지역 중앙 변화 -0.0점 방향에 축소하고, 1년 연장 변화는 ±20점으로 제한했습니다. 양년 자료 있음, 공통 조사단위 5개, 유효 관측 22건, 결측률 0.0%, 단위별 변화 변동성 40.0점. 비교는 가능하지만 표본 또는 변동성에 불확실성이 남습니다. 2024·2026 두 개 연도의 NCPMS 예찰자료만 사용한 상대 위험 전망으로, 기상·재배면적·방제 변화와 2027년 실제 발생을 확정하지 않습니다. ASOS 공통 조사월 3개에서 기온·습도·강수·풍속의 관측 연관성을 추세 연장분에만 최대 ±3점으로 제한 적용(보정 +0점). 2027년 미래 기상값은 생성하거나 가정하지 않았습니다.",관찰,23,0,0.0117,강수량,기상 근거 보강,3,ASOS 공통 조사월 3개에서 기온·습도·강수·풍속의 관측 연관성을 추세 연장분에만 최대 ±3점으로 제한 적용(보정 +0점). 2027년 미래 기상값은 생성하거나 가정하지 않았습니다.,F27-WX1 설명가능 완화추세,"2024·2026 관측자료와 ASOS 공통 조사월의 연관성을 이용한 상대 위험 전망입니다. 2026년은 부분연도이며, 2027년 실제 기상·발생·확률을 확정하지 않습니다."
마늘,난지형마늘-흑색썩음균핵병,병해,대구광역시,0.0,0.0,0,유지,높음,22,2024·2026,"기준선 비교: 2026 유지 0.0점, 2024·2026 가중평균 0.0점, 선택 모델(완화 추세+표본 축소) 0.0점. 지역 변화 +0.0점을 표본가중치 0.65로 같은 병해충·작물의 지역 중앙 변화 -0.0점 방향에 축소하고, 1년 연장 변화는 ±20점으로 제한했습니다. 양년 자료 있음, 공통 조사단위 5개, 유효 관측 22건, 결측률 0.0%, 단위별 변화 변동성 0.0점. 양년 반복관측·낮은 결측·낮은 변동성 기준을 충족합니다. 2024·2026 두 개 연도의 NCPMS 예찰자료만 사용한 상대 위험 전망으로, 기상·재배면적·방제 변화와 2027년 실제 발생을 확정하지 않습니다. ASOS 공통 조사월 3개에서 기온·습도·강수·풍속의 관측 연관성을 추세 연장분에만 최대 ±3점으로 제한 적용(보정 +0점). 2027년 미래 기상값은 생성하거나 가정하지 않았습니다.",관찰,0,0,-0.0148,습도,기상 근거 보강,3,ASOS 공통 조사월 3개에서 기온·습도·강수·풍속의 관측 연관성을 추세 연장분에만 최대 ±3점으로 제한 적용(보정 +0점). 2027년 미래 기상값은 생성하거나 가정하지 않았습니다.,F27-WX1 설명가능 완화추세,"2024·2026 관측자료와 ASOS 공통 조사월의 연관성을 이용한 상대 위험 전망입니다. 2026년은 부분연도이며, 2027년 실제 기상·발생·확률을 확정하지 않습니다."
마늘,난지형마늘-흑색썩음균핵병,병해,전남광주통합특별시,13.0,13.0,12,유지,높음,16,2024·2026,"기준선 비교: 2026 유지 12.5점, 2024·2026 가중평균 12.5점, 선택 모델(완화 추세+표본 축소) 12.5점. 지역 변화 -0.0점을 표본가중치 0.57로 같은 병해충·작물의 지역 중앙 변화 -0.0점 방향에 축소하고, 1년 연장 변화는 ±20점으로 제한했습니다. 양년 자료 있음, 공통 조사단위 5개, 유효 관측 16건, 결측률 0.0%, 단위별 변화 변동성 3.7점. 양년 반복관측·낮은 결측·낮은 변동성 기준을 충족합니다. 2024·2026 두 개 연도의 NCPMS 예찰자료만 사용한 상대 위험 전망으로, 기상·재배면적·방제 변화와 2027년 실제 발생을 확정하지 않습니다. ASOS 공통 조사월 3개에서 기온·습도·강수·풍속의 관측 연관성을 추세 연장분에만 최대 ±3점으로 제한 적용(보정 +0점). 2027년 미래 기상값은 생성하거나 가정하지 않았습니다.",관찰,12,0,-0.04,습도,기상 근거 보강,3,ASOS 공통 조사월 3개에서 기온·습도·강수·풍속의 관측 연관성을 추세 연장분에만 최대 ±3점으로 제한 적용(보정 +0점). 2027년 미래 기상값은 생성하거나 가정하지 않았습니다.,F27-WX1 설명가능 완화추세,"2024·2026 관측자료와 ASOS 공통 조사월의 연관성을 이용한 상대 위험 전망입니다. 2026년은 부분연도이며, 2027년 실제 기상·발생·확률을 확정하지 않습니다."
마늘,난지형마늘-흑색썩음균핵병,병해,전북특별자치도,33.0,60.0,65,증가,낮음,16,2024·2026,"기준선 비교: 2026 유지 60.0점, 2024·2026 가중평균 50.7점, 선택 모델(완화 추세+표본 축소) 65.3점. 지역 변화 +26.7점을 표본가중치 0.57로 같은 병해충·작물의 지역 중앙 변화 -0.0점 방향에 축소하고, 1년 연장 변화는 ±20점으로 제한했습니다. 양년 자료 있음, 공통 조사단위 5개, 유효 관측 16건, 결측률 0.0%, 단위별 변화 변동성 46.4점. 제한된 비교 단위 또는 변동성 때문에 보수적으로 낮게 평가합니다. 2024·2026 두 개 연도의 NCPMS 예찰자료만 사용한 상대 위험 전망으로, 기상·재배면적·방제 변화와 2027년 실제 발생을 확정하지 않습니다. ASOS 공통 조사월 3개에서 기온·습도·강수·풍속의 관측 연관성을 추세 연장분에만 최대 ±3점으로 제한 적용(보정 +0점). 2027년 미래 기상값은 생성하거나 가정하지 않았습니다.",주의,65,0,-0.0019,강수량,기상 근거 보강,3,ASOS 공통 조사월 3개에서 기온·습도·강수·풍속의 관측 연관성을 추세 연장분에만 최대 ±3점으로 제한 적용(보정 +0점). 2027년 미래 기상값은 생성하거나 가정하지 않았습니다.,F27-WX1 설명가능 완화추세,"2024·2026 관측자료와 ASOS 공통 조사월의 연관성을 이용한 상대 위험 전망입니다. 2026년은 부분연도이며, 2027년 실제 기상·발생·확률을 확정하지 않습니다."
마늘,난지형마늘-흑색썩음균핵병,병해,충청남도,28.0,0.0,0,유지,높음,22,2024·2026,"기준선 비교: 2026 유지 0.0점, 2024·2026 가중평균 9.9점, 선택 모델(완화 추세+표본 축소) 0.0점. 지역 변화 -28.4점을 표본가중치 0.65로 같은 병해충·작물의 지역 중앙 변화 -0.0점 방향에 축소하고, 1년 연장 변화는 ±20점으로 제한했습니다. 양년 자료 있음, 공통 조사단위 5개, 유효 관측 22건, 결측률 0.0%, 단위별 변화 변동성 19.6점. 양년 반복관측·낮은 결측·낮은 변동성 기준을 충족합니다. 2024·2026 두 개 연도의 NCPMS 예찰자료만 사용한 상대 위험 전망으로, 기상·재배면적·방제 변화와 2027년 실제 발생을 확정하지 않습니다. ASOS 공통 조사월 3개에서 기온·습도·강수·풍속의 관측 연관성을 추세 연장분에만 최대 ±3점으로 제한 적용(보정 +0점). 2027년 미래 기상값은 생성하거나 가정하지 않았습니다.",관찰,0,0,-0.0213,습도,기상 근거 보강,3,ASOS 공통 조사월 3개에서 기온·습도·강수·풍속의 관측 연관성을 추세 연장분에만 최대 ±3점으로 제한 적용(보정 +0점). 2027년 미래 기상값은 생성하거나 가정하지 않았습니다.,F27-WX1 설명가능 완화추세,"2024·2026 관측자료와 ASOS 공통 조사월의 연관성을 이용한 상대 위험 전망입니다. 2026년은 부분연도이며, 2027년 실제 기상·발생·확률을 확정하지 않습니다."
마늘,난지형마늘-흑색썩음균핵병,병해,충청북도,0.0,,,전망자료 부족,낮음,6,2024,"양년 자료 없음, 공통 조사단위 0개, 유효 관측 6건, 결측률 0.0%, 단위별 변화 변동성 100.0점. 제한된 비교 단위 또는 변동성 때문에 보수적으로 낮게 평가합니다. 2024·2026 두 개 연도의 NCPMS 예찰자료만 사용한 상대 위험 전망으로, 기상·재배면적·방제 변화와 2027년 실제 발생을 확정하지 않습니다. ASOS 공통 조사월 0개에서 기온·습도·강수·풍속의 관측 연관성을 추세 연장분에만 최대 ±3점으로 제한 적용(보정 +0점). 2027년 미래 기상값은 생성하거나 가정하지 않았습니다.",전망자료 부족,,,0.0,—,기상근거 부족,0,ASOS 공통 조사월 0개에서 기온·습도·강수·풍속의 관측 연관성을 추세 연장분에만 최대 ±3점으로 제한 적용(보정 +0점). 2027년 미래 기상값은 생성하거나 가정하지 않았습니다.,F27-WX1 설명가능 완화추세,"2024·2026 관측자료와 ASOS 공통 조사월의 연관성을 이용한 상대 위험 전망입니다. 2026년은 부분연도이며, 2027년 실제 기상·발생·확률을 확정하지 않습니다."
양파,노균병,병해,경상남도,60.0,0.0,0,유지,보통,11,2024·2026,"기준선 비교: 2026 유지 0.0점, 2024·2026 가중평균 21.1점, 선택 모델(완화 추세+표본 축소) 0.0점. 지역 변화 -60.2점을 표본가중치 0.48로 같은 병해충·작물의 지역 중앙 변화 -16.4점 방향에 축소하고, 1년 연장 변화는 ±20점으로 제한했습니다. 양년 자료 있음, 공통 조사단위 5개, 유효 관측 11건, 결측률 0.0%, 단위별 변화 변동성 30.2점. 비교는 가능하지만 표본 또는 변동성에 불확실성이 남습니다. 2024·2026 두 개 연도의 NCPMS 예찰자료만 사용한 상대 위험 전망으로, 기상·재배면적·방제 변화와 2027년 실제 발생을 확정하지 않습니다. ASOS 공통 조사월 3개에서 기온·습도·강수·풍속의 관측 연관성을 추세 연장분에만 최대 ±3점으로 제한 적용(보정 +0점). 2027년 미래 기상값은 생성하거나 가정하지 않았습니다.",관찰,0,0,-0.0313,강수량,기상 근거 보강,3,ASOS 공통 조사월 3개에서 기온·습도·강수·풍속의 관측 연관성을 추세 연장분에만 최대 ±3점으로 제한 적용(보정 +0점). 2027년 미래 기상값은 생성하거나 가정하지 않았습니다.,F27-WX1 설명가능 완화추세,"2024·2026 관측자료와 ASOS 공통 조사월의 연관성을 이용한 상대 위험 전망입니다. 2026년은 부분연도이며, 2027년 실제 기상·발생·확률을 확정하지 않습니다."
양파,노균병,병해,경상북도,16.0,36.0,36,유지,보통,11,2024·2026,"기준선 비교: 2026 유지 35.8점, 2024·2026 가중평균 28.9점, 선택 모델(완화 추세+표본 축소) 36.2점. 지역 변화 +19.9점을 표본가중치 0.48로 같은 병해충·작물의 지역 중앙 변화 -16.4점 방향에 축소하고, 1년 연장 변화는 ±20점으로 제한했습니다. 양년 자료 있음, 공통 조사단위 5개, 유효 관측 11건, 결측률 0.0%, 단위별 변화 변동성 30.2점. 비교는 가능하지만 표본 또는 변동성에 불확실성이 남습니다. 2024·2026 두 개 연도의 NCPMS 예찰자료만 사용한 상대 위험 전망으로, 기상·재배면적·방제 변화와 2027년 실제 발생을 확정하지 않습니다. ASOS 공통 조사월 3개에서 기온·습도·강수·풍속의 관측 연관성을 추세 연장분에만 최대 ±3점으로 제한 적용(보정 +0점). 2027년 미래 기상값은 생성하거나 가정하지 않았습니다.",주의,36,0,0.0075,강수량,기상 근거 보강,3,ASOS 공통 조사월 3개에서 기온·습도·강수·풍속의 관측 연관성을 추세 연장분에만 최대 ±3점으로 제한 적용(보정 +0점). 2027년 미래 기상값은 생성하거나 가정하지 않았습니다.,F27-WX1 설명가능 완화추세,"2024·2026 관측자료와 ASOS 공통 조사월의 연관성을 이용한 상대 위험 전망입니다. 2026년은 부분연도이며, 2027년 실제 기상·발생·확률을 확정하지 않습니다."
양파,노균병,병해,대구광역시,16.0,0.0,0,유지,보통,11,2024·2026,"기준선 비교: 2026 유지 0.0점, 2024·2026 가중평균 5.7점, 선택 모델(완화 추세+표본 축소) 0.0점. 지역 변화 -16.4점을 표본가중치 0.48로 같은 병해충·작물의 지역 중앙 변화 -16.4점 방향에 축소하고, 1년 연장 변화는 ±20점으로 제한했습니다. 양년 자료 있음, 공통 조사단위 5개, 유효 관측 11건, 결측률 0.0%, 단위별 변화 변동성 14.8점. 비교는 가능하지만 표본 또는 변동성에 불확실성이 남습니다. 2024·2026 두 개 연도의 NCPMS 예찰자료만 사용한 상대 위험 전망으로, 기상·재배면적·방제 변화와 2027년 실제 발생을 확정하지 않습니다. ASOS 공통 조사월 3개에서 기온·습도·강수·풍속의 관측 연관성을 추세 연장분에만 최대 ±3점으로 제한 적용(보정 +0점). 2027년 미래 기상값은 생성하거나 가정하지 않았습니다.",관찰,0,0,-0.0129,습도,기상 근거 보강,3,ASOS 공통 조사월 3개에서 기온·습도·강수·풍속의 관측 연관성을 추세 연장분에만 최대 ±3점으로 제한 적용(보정 +0점). 2027년 미래 기상값은 생성하거나 가정하지 않았습니다.,F27-WX1 설명가능 완화추세,"2024·2026 관측자료와 ASOS 공통 조사월의 연관성을 이용한 상대 위험 전망입니다. 2026년은 부분연도이며, 2027년 실제 기상·발생·확률을 확정하지 않습니다."
양파,노균병,병해,전남광주통합특별시,41.0,26.0,20,감소,보통,11,2024·2026,"기준선 비교: 2026 유지 26.0점, 2024·2026 가중평균 31.2점, 선택 모델(완화 추세+표본 축소) 20.5점. 지역 변화 -15.1점을 표본가중치 0.48로 같은 병해충·작물의 지역 중앙 변화 -16.4점 방향에 축소하고, 1년 연장 변화는 ±20점으로 제한했습니다. 양년 자료 있음, 공통 조사단위 5개, 유효 관측 11건, 결측률 0.0%, 단위별 변화 변동성 30.0점. 비교는 가능하지만 표본 또는 변동성에 불확실성이 남습니다. 2024·2026 두 개 연도의 NCPMS 예찰자료만 사용한 상대 위험 전망으로, 기상·재배면적·방제 변화와 2027년 실제 발생을 확정하지 않습니다. ASOS 공통 조사월 3개에서 기온·습도·강수·풍속의 관측 연관성을 추세 연장분에만 최대 ±3점으로 제한 적용(보정 +0점). 2027년 미래 기상값은 생성하거나 가정하지 않았습니다.",관찰,20,0,-0.0329,습도,기상 근거 보강,3,ASOS 공통 조사월 3개에서 기온·습도·강수·풍속의 관측 연관성을 추세 연장분에만 최대 ±3점으로 제한 적용(보정 +0점). 2027년 미래 기상값은 생성하거나 가정하지 않았습니다.,F27-WX1 설명가능 완화추세,"2024·2026 관측자료와 ASOS 공통 조사월의 연관성을 이용한 상대 위험 전망입니다. 2026년은 부분연도이며, 2027년 실제 기상·발생·확률을 확정하지 않습니다."
양파,노균병,병해,전북특별자치도,39.0,20.0,14,감소,보통,11,2024·2026,"기준선 비교: 2026 유지 20.0점, 2024·2026 가중평균 26.6점, 선택 모델(완화 추세+표본 축소) 13.9점. 지역 변화 -18.8점을 표본가중치 0.48로 같은 병해충·작물의 지역 중앙 변화 -16.4점 방향에 축소하고, 1년 연장 변화는 ±20점으로 제한했습니다. 양년 자료 있음, 공통 조사단위 5개, 유효 관측 11건, 결측률 0.0%, 단위별 변화 변동성 36.5점. 비교는 가능하지만 표본 또는 변동성에 불확실성이 남습니다. 2024·2026 두 개 연도의 NCPMS 예찰자료만 사용한 상대 위험 전망으로, 기상·재배면적·방제 변화와 2027년 실제 발생을 확정하지 않습니다. ASOS 공통 조사월 3개에서 기온·습도·강수·풍속의 관측 연관성을 추세 연장분에만 최대 ±3점으로 제한 적용(보정 +0점). 2027년 미래 기상값은 생성하거나 가정하지 않았습니다.",관찰,14,0,-0.0076,습도,기상 근거 보강,3,ASOS 공통 조사월 3개에서 기온·습도·강수·풍속의 관측 연관성을 추세 연장분에만 최대 ±3점으로 제한 적용(보정 +0점). 2027년 미래 기상값은 생성하거나 가정하지 않았습니다.,F27-WX1 설명가능 완화추세,"2024·2026 관측자료와 ASOS 공통 조사월의 연관성을 이용한 상대 위험 전망입니다. 2026년은 부분연도이며, 2027년 실제 기상·발생·확률을 확정하지 않습니다."
포도,노균병,병해,경기도,,0.0,,전망자료 부족,낮음,8,2026,"양년 자료 없음, 공통 조사단위 0개, 유효 관측 8건, 결측률 0.0%, 단위별 변화 변동성 100.0점. 제한된 비교 단위 또는 변동성 때문에 보수적으로 낮게 평가합니다. 2024·2026 두 개 연도의 NCPMS 예찰자료만 사용한 상대 위험 전망으로, 기상·재배면적·방제 변화와 2027년 실제 발생을 확정하지 않습니다. ASOS 공통 조사월 0개에서 기온·습도·강수·풍속의 관측 연관성을 추세 연장분에만 최대 ±3점으로 제한 적용(보정 +0점). 2027년 미래 기상값은 생성하거나 가정하지 않았습니다.",전망자료 부족,,,0.0,—,기상근거 부족,0,ASOS 공통 조사월 0개에서 기온·습도·강수·풍속의 관측 연관성을 추세 연장분에만 최대 ±3점으로 제한 적용(보정 +0점). 2027년 미래 기상값은 생성하거나 가정하지 않았습니다.,F27-WX1 설명가능 완화추세,"2024·2026 관측자료와 ASOS 공통 조사월의 연관성을 이용한 상대 위험 전망입니다. 2026년은 부분연도이며, 2027년 실제 기상·발생·확률을 확정하지 않습니다."
포도,노균병,병해,경상남도,,12.0,,전망자료 부족,낮음,8,2026,"양년 자료 없음, 공통 조사단위 0개, 유효 관측 8건, 결측률 0.0%, 단위별 변화 변동성 100.0점. 제한된 비교 단위 또는 변동성 때문에 보수적으로 낮게 평가합니다. 2024·2026 두 개 연도의 NCPMS 예찰자료만 사용한 상대 위험 전망으로, 기상·재배면적·방제 변화와 2027년 실제 발생을 확정하지 않습니다. ASOS 공통 조사월 0개에서 기온·습도·강수·풍속의 관측 연관성을 추세 연장분에만 최대 ±3점으로 제한 적용(보정 +0점). 2027년 미래 기상값은 생성하거나 가정하지 않았습니다.",전망자료 부족,,,0.0,—,기상근거 부족,0,ASOS 공통 조사월 0개에서 기온·습도·강수·풍속의 관측 연관성을 추세 연장분에만 최대 ±3점으로 제한 적용(보정 +0점). 2027년 미래 기상값은 생성하거나 가정하지 않았습니다.,F27-WX1 설명가능 완화추세,"2024·2026 관측자료와 ASOS 공통 조사월의 연관성을 이용한 상대 위험 전망입니다. 2026년은 부분연도이며, 2027년 실제 기상·발생·확률을 확정하지 않습니다."
포도,노균병,병해,경상북도,,57.0,,전망자료 부족,낮음,8,2026,"양년 자료 없음, 공통 조사단위 0개, 유효 관측 8건, 결측률 0.0%, 단위별 변화 변동성 100.0점. 제한된 비교 단위 또는 변동성 때문에 보수적으로 낮게 평가합니다. 2024·2026 두 개 연도의 NCPMS 예찰자료만 사용한 상대 위험 전망으로, 기상·재배면적·방제 변화와 2027년 실제 발생을 확정하지 않습니다. ASOS 공통 조사월 0개에서 기온·습도·강수·풍속의 관측 연관성을 추세 연장분에만 최대 ±3점으로 제한 적용(보정 +0점). 2027년 미래 기상값은 생성하거나 가정하지 않았습니다.",전망자료 부족,,,0.0,—,기상근거 부족,0,ASOS 공통 조사월 0개에서 기온·습도·강수·풍속의 관측 연관성을 추세 연장분에만 최대 ±3점으로 제한 적용(보정 +0점). 2027년 미래 기상값은 생성하거나 가정하지 않았습니다.,F27-WX1 설명가능 완화추세,"2024·2026 관측자료와 ASOS 공통 조사월의 연관성을 이용한 상대 위험 전망입니다. 2026년은 부분연도이며, 2027년 실제 기상·발생·확률을 확정하지 않습니다."
포도,노균병,병해,대전광역시,,0.0,,전망자료 부족,낮음,8,2026,"양년 자료 없음, 공통 조사단위 0개, 유효 관측 8건, 결측률 0.0%, 단위별 변화 변동성 100.0점. 제한된 비교 단위 또는 변동성 때문에 보수적으로 낮게 평가합니다. 2024·2026 두 개 연도의 NCPMS 예찰자료만 사용한 상대 위험 전망으로, 기상·재배면적·방제 변화와 2027년 실제 발생을 확정하지 않습니다. ASOS 공통 조사월 0개에서 기온·습도·강수·풍속의 관측 연관성을 추세 연장분에만 최대 ±3점으로 제한 적용(보정 +0점). 2027년 미래 기상값은 생성하거나 가정하지 않았습니다.",전망자료 부족,,,0.0,—,기상근거 부족,0,ASOS 공통 조사월 0개에서 기온·습도·강수·풍속의 관측 연관성을 추세 연장분에만 최대 ±3점으로 제한 적용(보정 +0점). 2027년 미래 기상값은 생성하거나 가정하지 않았습니다.,F27-WX1 설명가능 완화추세,"2024·2026 관측자료와 ASOS 공통 조사월의 연관성을 이용한 상대 위험 전망입니다. 2026년은 부분연도이며, 2027년 실제 기상·발생·확률을 확정하지 않습니다."
포도,노균병,병해,전남광주통합특별시,,0.0,,전망자료 부족,낮음,8,2026,"양년 자료 없음, 공통 조사단위 0개, 유효 관측 8건, 결측률 0.0%, 단위별 변화 변동성 100.0점. 제한된 비교 단위 또는 변동성 때문에 보수적으로 낮게 평가합니다. 2024·2026 두 개 연도의 NCPMS 예찰자료만 사용한 상대 위험 전망으로, 기상·재배면적·방제 변화와 2027년 실제 발생을 확정하지 않습니다. ASOS 공통 조사월 0개에서 기온·습도·강수·풍속의 관측 연관성을 추세 연장분에만 최대 ±3점으로 제한 적용(보정 +0점). 2027년 미래 기상값은 생성하거나 가정하지 않았습니다.",전망자료 부족,,,0.0,—,기상근거 부족,0,ASOS 공통 조사월 0개에서 기온·습도·강수·풍속의 관측 연관성을 추세 연장분에만 최대 ±3점으로 제한 적용(보정 +0점). 2027년 미래 기상값은 생성하거나 가정하지 않았습니다.,F27-WX1 설명가능 완화추세,"2024·2026 관측자료와 ASOS 공통 조사월의 연관성을 이용한 상대 위험 전망입니다. 2026년은 부분연도이며, 2027년 실제 기상·발생·확률을 확정하지 않습니다."
포도,노균병,병해,전북특별자치도,,1.0,,전망자료 부족,낮음,8,2026,"양년 자료 없음, 공통 조사단위 0개, 유효 관측 8건, 결측률 0.0%, 단위별 변화 변동성 100.0점. 제한된 비교 단위 또는 변동성 때문에 보수적으로 낮게 평가합니다. 2024·2026 두 개 연도의 NCPMS 예찰자료만 사용한 상대 위험 전망으로, 기상·재배면적·방제 변화와 2027년 실제 발생을 확정하지 않습니다. ASOS 공통 조사월 0개에서 기온·습도·강수·풍속의 관측 연관성을 추세 연장분에만 최대 ±3점으로 제한 적용(보정 +0점). 2027년 미래 기상값은 생성하거나 가정하지 않았습니다.",전망자료 부족,,,0.0,—,기상근거 부족,0,ASOS 공통 조사월 0개에서 기온·습도·강수·풍속의 관측 연관성을 추세 연장분에만 최대 ±3점으로 제한 적용(보정 +0점). 2027년 미래 기상값은 생성하거나 가정하지 않았습니다.,F27-WX1 설명가능 완화추세,"2024·2026 관측자료와 ASOS 공통 조사월의 연관성을 이용한 상대 위험 전망입니다. 2026년은 부분연도이며, 2027년 실제 기상·발생·확률을 확정하지 않습니다."
포도,노균병,병해,충청남도,,14.0,,전망자료 부족,낮음,7,2026,"양년 자료 없음, 공통 조사단위 0개, 유효 관측 7건, 결측률 0.0%, 단위별 변화 변동성 100.0점. 제한된 비교 단위 또는 변동성 때문에 보수적으로 낮게 평가합니다. 2024·2026 두 개 연도의 NCPMS 예찰자료만 사용한 상대 위험 전망으로, 기상·재배면적·방제 변화와 2027년 실제 발생을 확정하지 않습니다. ASOS 공통 조사월 0개에서 기온·습도·강수·풍속의 관측 연관성을 추세 연장분에만 최대 ±3점으로 제한 적용(보정 +0점). 2027년 미래 기상값은 생성하거나 가정하지 않았습니다.",전망자료 부족,,,0.0,—,기상근거 부족,0,ASOS 공통 조사월 0개에서 기온·습도·강수·풍속의 관측 연관성을 추세 연장분에만 최대 ±3점으로 제한 적용(보정 +0점). 2027년 미래 기상값은 생성하거나 가정하지 않았습니다.,F27-WX1 설명가능 완화추세,"2024·2026 관측자료와 ASOS 공통 조사월의 연관성을 이용한 상대 위험 전망입니다. 2026년은 부분연도이며, 2027년 실제 기상·발생·확률을 확정하지 않습니다."
포도,노균병,병해,충청북도,,0.0,,전망자료 부족,낮음,8,2026,"양년 자료 없음, 공통 조사단위 0개, 유효 관측 8건, 결측률 0.0%, 단위별 변화 변동성 100.0점. 제한된 비교 단위 또는 변동성 때문에 보수적으로 낮게 평가합니다. 2024·2026 두 개 연도의 NCPMS 예찰자료만 사용한 상대 위험 전망으로, 기상·재배면적·방제 변화와 2027년 실제 발생을 확정하지 않습니다. ASOS 공통 조사월 0개에서 기온·습도·강수·풍속의 관측 연관성을 추세 연장분에만 최대 ±3점으로 제한 적용(보정 +0점). 2027년 미래 기상값은 생성하거나 가정하지 않았습니다.",전망자료 부족,,,0.0,—,기상근거 부족,0,ASOS 공통 조사월 0개에서 기온·습도·강수·풍속의 관측 연관성을 추세 연장분에만 최대 ±3점으로 제한 적용(보정 +0점). 2027년 미래 기상값은 생성하거나 가정하지 않았습니다.,F27-WX1 설명가능 완화추세,"2024·2026 관측자료와 ASOS 공통 조사월의 연관성을 이용한 상대 위험 전망입니다. 2026년은 부분연도이며, 2027년 실제 기상·발생·확률을 확정하지 않습니다."
감,노린재류,해충,경상남도,,13.0,,전망자료 부족,낮음,7,2026,"양년 자료 없음, 공통 조사단위 0개, 유효 관측 7건, 결측률 0.0%, 단위별 변화 변동성 100.0점. 제한된 비교 단위 또는 변동성 때문에 보수적으로 낮게 평가합니다. 2024·2026 두 개 연도의 NCPMS 예찰자료만 사용한 상대 위험 전망으로, 기상·재배면적·방제 변화와 2027년 실제 발생을 확정하지 않습니다. ASOS 공통 조사월 0개에서 기온·습도·강수·풍속의 관측 연관성을 추세 연장분에만 최대 ±3점으로 제한 적용(보정 +0점). 2027년 미래 기상값은 생성하거나 가정하지 않았습니다.",전망자료 부족,,,0.0,—,기상근거 부족,0,ASOS 공통 조사월 0개에서 기온·습도·강수·풍속의 관측 연관성을 추세 연장분에만 최대 ±3점으로 제한 적용(보정 +0점). 2027년 미래 기상값은 생성하거나 가정하지 않았습니다.,F27-WX1 설명가능 완화추세,"2024·2026 관측자료와 ASOS 공통 조사월의 연관성을 이용한 상대 위험 전망입니다. 2026년은 부분연도이며, 2027년 실제 기상·발생·확률을 확정하지 않습니다."
감,노린재류,해충,경상북도,,70.0,,전망자료 부족,낮음,7,2026,"양년 자료 없음, 공통 조사단위 0개, 유효 관측 7건, 결측률 0.0%, 단위별 변화 변동성 100.0점. 제한된 비교 단위 또는 변동성 때문에 보수적으로 낮게 평가합니다. 2024·2026 두 개 연도의 NCPMS 예찰자료만 사용한 상대 위험 전망으로, 기상·재배면적·방제 변화와 2027년 실제 발생을 확정하지 않습니다. ASOS 공통 조사월 0개에서 기온·습도·강수·풍속의 관측 연관성을 추세 연장분에만 최대 ±3점으로 제한 적용(보정 +0점). 2027년 미래 기상값은 생성하거나 가정하지 않았습니다.",전망자료 부족,,,0.0,—,기상근거 부족,0,ASOS 공통 조사월 0개에서 기온·습도·강수·풍속의 관측 연관성을 추세 연장분에만 최대 ±3점으로 제한 적용(보정 +0점). 2027년 미래 기상값은 생성하거나 가정하지 않았습니다.,F27-WX1 설명가능 완화추세,"2024·2026 관측자료와 ASOS 공통 조사월의 연관성을 이용한 상대 위험 전망입니다. 2026년은 부분연도이며, 2027년 실제 기상·발생·확률을 확정하지 않습니다."
감,노린재류,해충,울산광역시,,16.0,,전망자료 부족,낮음,6,2026,"양년 자료 없음, 공통 조사단위 0개, 유효 관측 6건, 결측률 0.0%, 단위별 변화 변동성 100.0점. 제한된 비교 단위 또는 변동성 때문에 보수적으로 낮게 평가합니다. 2024·2026 두 개 연도의 NCPMS 예찰자료만 사용한 상대 위험 전망으로, 기상·재배면적·방제 변화와 2027년 실제 발생을 확정하지 않습니다. ASOS 공통 조사월 0개에서 기온·습도·강수·풍속의 관측 연관성을 추세 연장분에만 최대 ±3점으로 제한 적용(보정 +0점). 2027년 미래 기상값은 생성하거나 가정하지 않았습니다.",전망자료 부족,,,0.0,—,기상근거 부족,0,ASOS 공통 조사월 0개에서 기온·습도·강수·풍속의 관측 연관성을 추세 연장분에만 최대 ±3점으로 제한 적용(보정 +0점). 2027년 미래 기상값은 생성하거나 가정하지 않았습니다.,F27-WX1 설명가능 완화추세,"2024·2026 관측자료와 ASOS 공통 조사월의 연관성을 이용한 상대 위험 전망입니다. 2026년은 부분연도이며, 2027년 실제 기상·발생·확률을 확정하지 않습니다."
감,노린재류,해충,전남광주통합특별시,,5.0,,전망자료 부족,낮음,7,2026,"양년 자료 없음, 공통 조사단위 0개, 유효 관측 7건, 결측률 0.0%, 단위별 변화 변동성 100.0점. 제한된 비교 단위 또는 변동성 때문에 보수적으로 낮게 평가합니다. 2024·2026 두 개 연도의 NCPMS 예찰자료만 사용한 상대 위험 전망으로, 기상·재배면적·방제 변화와 2027년 실제 발생을 확정하지 않습니다. ASOS 공통 조사월 0개에서 기온·습도·강수·풍속의 관측 연관성을 추세 연장분에만 최대 ±3점으로 제한 적용(보정 +0점). 2027년 미래 기상값은 생성하거나 가정하지 않았습니다.",전망자료 부족,,,0.0,—,기상근거 부족,0,ASOS 공통 조사월 0개에서 기온·습도·강수·풍속의 관측 연관성을 추세 연장분에만 최대 ±3점으로 제한 적용(보정 +0점). 2027년 미래 기상값은 생성하거나 가정하지 않았습니다.,F27-WX1 설명가능 완화추세,"2024·2026 관측자료와 ASOS 공통 조사월의 연관성을 이용한 상대 위험 전망입니다. 2026년은 부분연도이며, 2027년 실제 기상·발생·확률을 확정하지 않습니다."
사과,노린재류,해충,강원특별자치도,17.0,0.0,0,유지,보통,15,2024·2026,"기준선 비교: 2026 유지 0.0점, 2024·2026 가중평균 6.1점, 선택 모델(완화 추세+표본 축소) 0.0점. 지역 변화 -17.5점을 표본가중치 0.56로 같은 병해충·작물의 지역 중앙 변화 +0.5점 방향에 축소하고, 1년 연장 변화는 ±20점으로 제한했습니다. 양년 자료 있음, 공통 조사단위 3개, 유효 관측 15건, 결측률 0.0%, 단위별 변화 변동성 13.2점. 비교는 가능하지만 표본 또는 변동성에 불확실성이 남습니다. 2024·2026 두 개 연도의 NCPMS 예찰자료만 사용한 상대 위험 전망으로, 기상·재배면적·방제 변화와 2027년 실제 발생을 확정하지 않습니다. ASOS 공통 조사월 2개에서 기온·습도·강수·풍속의 관측 연관성을 추세 연장분에만 최대 ±3점으로 제한 적용(보정 +0점). 2027년 미래 기상값은 생성하거나 가정하지 않았습니다.",관찰,0,0,-0.0283,강수량,기상 근거 보강,2,ASOS 공통 조사월 2개에서 기온·습도·강수·풍속의 관측 연관성을 추세 연장분에만 최대 ±3점으로 제한 적용(보정 +0점). 2027년 미래 기상값은 생성하거나 가정하지 않았습니다.,F27-WX1 설명가능 완화추세,"2024·2026 관측자료와 ASOS 공통 조사월의 연관성을 이용한 상대 위험 전망입니다. 2026년은 부분연도이며, 2027년 실제 기상·발생·확률을 확정하지 않습니다."
사과,노린재류,해충,경기도,90.0,0.0,0,유지,보통,15,2024·2026,"기준선 비교: 2026 유지 0.0점, 2024·2026 가중평균 31.5점, 선택 모델(완화 추세+표본 축소) 0.0점. 지역 변화 -90.0점을 표본가중치 0.56로 같은 병해충·작물의 지역 중앙 변화 +0.5점 방향에 축소하고, 1년 연장 변화는 ±20점으로 제한했습니다. 양년 자료 있음, 공통 조사단위 3개, 유효 관측 15건, 결측률 0.0%, 단위별 변화 변동성 9.8점. 비교는 가능하지만 표본 또는 변동성에 불확실성이 남습니다. 2024·2026 두 개 연도의 NCPMS 예찰자료만 사용한 상대 위험 전망으로, 기상·재배면적·방제 변화와 2027년 실제 발생을 확정하지 않습니다. ASOS 공통 조사월 2개에서 기온·습도·강수·풍속의 관측 연관성을 추세 연장분에만 최대 ±3점으로 제한 적용(보정 +0점). 2027년 미래 기상값은 생성하거나 가정하지 않았습니다.",관찰,0,0,0.0483,강수량,기상 근거 보강,2,ASOS 공통 조사월 2개에서 기온·습도·강수·풍속의 관측 연관성을 추세 연장분에만 최대 ±3점으로 제한 적용(보정 +0점). 2027년 미래 기상값은 생성하거나 가정하지 않았습니다.,F27-WX1 설명가능 완화추세,"2024·2026 관측자료와 ASOS 공통 조사월의 연관성을 이용한 상대 위험 전망입니다. 2026년은 부분연도이며, 2027년 실제 기상·발생·확률을 확정하지 않습니다."
사과,노린재류,해충,경상남도,0.0,17.0,20,유지,보통,15,2024·2026,"기준선 비교: 2026 유지 17.1점, 2024·2026 가중평균 11.1점, 선택 모델(완화 추세+표본 축소) 20.5점. 지역 변화 +17.1점을 표본가중치 0.56로 같은 병해충·작물의 지역 중앙 변화 +0.5점 방향에 축소하고, 1년 연장 변화는 ±20점으로 제한했습니다. 양년 자료 있음, 공통 조사단위 3개, 유효 관측 15건, 결측률 0.0%, 단위별 변화 변동성 0.0점. 비교는 가능하지만 표본 또는 변동성에 불확실성이 남습니다. 2024·2026 두 개 연도의 NCPMS 예찰자료만 사용한 상대 위험 전망으로, 기상·재배면적·방제 변화와 2027년 실제 발생을 확정하지 않습니다. ASOS 공통 조사월 2개에서 기온·습도·강수·풍속의 관측 연관성을 추세 연장분에만 최대 ±3점으로 제한 적용(보정 +0점). 2027년 미래 기상값은 생성하거나 가정하지 않았습니다.",관찰,20,0,0.0647,강수량,기상 근거 보강,2,ASOS 공통 조사월 2개에서 기온·습도·강수·풍속의 관측 연관성을 추세 연장분에만 최대 ±3점으로 제한 적용(보정 +0점). 2027년 미래 기상값은 생성하거나 가정하지 않았습니다.,F27-WX1 설명가능 완화추세,"2024·2026 관측자료와 ASOS 공통 조사월의 연관성을 이용한 상대 위험 전망입니다. 2026년은 부분연도이며, 2027년 실제 기상·발생·확률을 확정하지 않습니다."
사과,노린재류,해충,경상북도,13.0,7.0,6,유지,보통,15,2024·2026,"기준선 비교: 2026 유지 6.6점, 2024·2026 가중평균 8.8점, 선택 모델(완화 추세+표본 축소) 5.5점. 지역 변화 -6.1점을 표본가중치 0.56로 같은 병해충·작물의 지역 중앙 변화 +0.5점 방향에 축소하고, 1년 연장 변화는 ±20점으로 제한했습니다. 양년 자료 있음, 공통 조사단위 3개, 유효 관측 15건, 결측률 0.0%, 단위별 변화 변동성 3.1점. 비교는 가능하지만 표본 또는 변동성에 불확실성이 남습니다. 2024·2026 두 개 연도의 NCPMS 예찰자료만 사용한 상대 위험 전망으로, 기상·재배면적·방제 변화와 2027년 실제 발생을 확정하지 않습니다. ASOS 공통 조사월 2개에서 기온·습도·강수·풍속의 관측 연관성을 추세 연장분에만 최대 ±3점으로 제한 적용(보정 +0점). 2027년 미래 기상값은 생성하거나 가정하지 않았습니다.",관찰,6,0,-0.0025,강수량,기상 근거 보강,2,ASOS 공통 조사월 2개에서 기온·습도·강수·풍속의 관측 연관성을 추세 연장분에만 최대 ±3점으로 제한 적용(보정 +0점). 2027년 미래 기상값은 생성하거나 가정하지 않았습니다.,F27-WX1 설명가능 완화추세,"2024·2026 관측자료와 ASOS 공통 조사월의 연관성을 이용한 상대 위험 전망입니다. 2026년은 부분연도이며, 2027년 실제 기상·발생·확률을 확정하지 않습니다."
사과,노린재류,해충,대구광역시,33.0,,,전망자료 부족,낮음,3,2024,"양년 자료 없음, 공통 조사단위 0개, 유효 관측 3건, 결측률 0.0%, 단위별 변화 변동성 100.0점. 제한된 비교 단위 또는 변동성 때문에 보수적으로 낮게 평가합니다. 2024·2026 두 개 연도의 NCPMS 예찰자료만 사용한 상대 위험 전망으로, 기상·재배면적·방제 변화와 2027년 실제 발생을 확정하지 않습니다. ASOS 공통 조사월 0개에서 기온·습도·강수·풍속의 관측 연관성을 추세 연장분에만 최대 ±3점으로 제한 적용(보정 +0점). 2027년 미래 기상값은 생성하거나 가정하지 않았습니다.",전망자료 부족,,,0.0,—,기상근거 부족,0,ASOS 공통 조사월 0개에서 기온·습도·강수·풍속의 관측 연관성을 추세 연장분에만 최대 ±3점으로 제한 적용(보정 +0점). 2027년 미래 기상값은 생성하거나 가정하지 않았습니다.,F27-WX1 설명가능 완화추세,"2024·2026 관측자료와 ASOS 공통 조사월의 연관성을 이용한 상대 위험 전망입니다. 2026년은 부분연도이며, 2027년 실제 기상·발생·확률을 확정하지 않습니다."
사과,노린재류,해충,전남광주통합특별시,0.0,27.0,32,증가,보통,13,2024·2026,"기준선 비교: 2026 유지 26.9점, 2024·2026 가중평균 17.5점, 선택 모델(완화 추세+표본 축소) 31.9점. 지역 변화 +26.9점을 표본가중치 0.52로 같은 병해충·작물의 지역 중앙 변화 +0.5점 방향에 축소하고, 1년 연장 변화는 ±20점으로 제한했습니다. 양년 자료 있음, 공통 조사단위 2개, 유효 관측 13건, 결측률 0.0%, 단위별 변화 변동성 0.0점. 비교는 가능하지만 표본 또는 변동성에 불확실성이 남습니다. 2024·2026 두 개 연도의 NCPMS 예찰자료만 사용한 상대 위험 전망으로, 기상·재배면적·방제 변화와 2027년 실제 발생을 확정하지 않습니다. ASOS 공통 조사월 2개에서 기온·습도·강수·풍속의 관측 연관성을 추세 연장분에만 최대 ±3점으로 제한 적용(보정 +0점). 2027년 미래 기상값은 생성하거나 가정하지 않았습니다.",관찰,32,0,0.0526,강수량,기상 근거 보강,2,ASOS 공통 조사월 2개에서 기온·습도·강수·풍속의 관측 연관성을 추세 연장분에만 최대 ±3점으로 제한 적용(보정 +0점). 2027년 미래 기상값은 생성하거나 가정하지 않았습니다.,F27-WX1 설명가능 완화추세,"2024·2026 관측자료와 ASOS 공통 조사월의 연관성을 이용한 상대 위험 전망입니다. 2026년은 부분연도이며, 2027년 실제 기상·발생·확률을 확정하지 않습니다."
사과,노린재류,해충,전북특별자치도,27.0,32.0,33,유지,보통,15,2024·2026,"기준선 비교: 2026 유지 32.1점, 2024·2026 가중평균 30.3점, 선택 모델(완화 추세+표본 축소) 33.2점. 지역 변화 +5.2점을 표본가중치 0.56로 같은 병해충·작물의 지역 중앙 변화 +0.5점 방향에 축소하고, 1년 연장 변화는 ±20점으로 제한했습니다. 양년 자료 있음, 공통 조사단위 3개, 유효 관측 15건, 결측률 0.0%, 단위별 변화 변동성 8.6점. 비교는 가능하지만 표본 또는 변동성에 불확실성이 남습니다. 2024·2026 두 개 연도의 NCPMS 예찰자료만 사용한 상대 위험 전망으로, 기상·재배면적·방제 변화와 2027년 실제 발생을 확정하지 않습니다. ASOS 공통 조사월 2개에서 기온·습도·강수·풍속의 관측 연관성을 추세 연장분에만 최대 ±3점으로 제한 적용(보정 +0점). 2027년 미래 기상값은 생성하거나 가정하지 않았습니다.",관찰,33,0,0.038,강수량,기상 근거 보강,2,ASOS 공통 조사월 2개에서 기온·습도·강수·풍속의 관측 연관성을 추세 연장분에만 최대 ±3점으로 제한 적용(보정 +0점). 2027년 미래 기상값은 생성하거나 가정하지 않았습니다.,F27-WX1 설명가능 완화추세,"2024·2026 관측자료와 ASOS 공통 조사월의 연관성을 이용한 상대 위험 전망입니다. 2026년은 부분연도이며, 2027년 실제 기상·발생·확률을 확정하지 않습니다."
사과,노린재류,해충,충청남도,0.0,0.0,1,유지,보통,15,2024·2026,"기준선 비교: 2026 유지 0.5점, 2024·2026 가중평균 0.3점, 선택 모델(완화 추세+표본 축소) 0.7점. 지역 변화 +0.5점을 표본가중치 0.56로 같은 병해충·작물의 지역 중앙 변화 +0.5점 방향에 축소하고, 1년 연장 변화는 ±20점으로 제한했습니다. 양년 자료 있음, 공통 조사단위 3개, 유효 관측 15건, 결측률 0.0%, 단위별 변화 변동성 0.3점. 비교는 가능하지만 표본 또는 변동성에 불확실성이 남습니다. 2024·2026 두 개 연도의 NCPMS 예찰자료만 사용한 상대 위험 전망으로, 기상·재배면적·방제 변화와 2027년 실제 발생을 확정하지 않습니다. ASOS 공통 조사월 2개에서 기온·습도·강수·풍속의 관측 연관성을 추세 연장분에만 최대 ±3점으로 제한 적용(보정 +0점). 2027년 미래 기상값은 생성하거나 가정하지 않았습니다.",관찰,1,0,0.0307,강수량,기상 근거 보강,2,ASOS 공통 조사월 2개에서 기온·습도·강수·풍속의 관측 연관성을 추세 연장분에만 최대 ±3점으로 제한 적용(보정 +0점). 2027년 미래 기상값은 생성하거나 가정하지 않았습니다.,F27-WX1 설명가능 완화추세,"2024·2026 관측자료와 ASOS 공통 조사월의 연관성을 이용한 상대 위험 전망입니다. 2026년은 부분연도이며, 2027년 실제 기상·발생·확률을 확정하지 않습니다."
사과,노린재류,해충,충청북도,33.0,34.0,34,유지,보통,15,2024·2026,"기준선 비교: 2026 유지 34.1점, 2024·2026 가중평균 33.9점, 선택 모델(완화 추세+표본 축소) 34.3점. 지역 변화 +0.6점을 표본가중치 0.56로 같은 병해충·작물의 지역 중앙 변화 +0.5점 방향에 축소하고, 1년 연장 변화는 ±20점으로 제한했습니다. 양년 자료 있음, 공통 조사단위 3개, 유효 관측 15건, 결측률 0.0%, 단위별 변화 변동성 11.9점. 비교는 가능하지만 표본 또는 변동성에 불확실성이 남습니다. 2024·2026 두 개 연도의 NCPMS 예찰자료만 사용한 상대 위험 전망으로, 기상·재배면적·방제 변화와 2027년 실제 발생을 확정하지 않습니다. ASOS 공통 조사월 2개에서 기온·습도·강수·풍속의 관측 연관성을 추세 연장분에만 최대 ±3점으로 제한 적용(보정 +0점). 2027년 미래 기상값은 생성하거나 가정하지 않았습니다.",주의,34,0,0.0388,강수량,기상 근거 보강,2,ASOS 공통 조사월 2개에서 기온·습도·강수·풍속의 관측 연관성을 추세 연장분에만 최대 ±3점으로 제한 적용(보정 +0점). 2027년 미래 기상값은 생성하거나 가정하지 않았습니다.,F27-WX1 설명가능 완화추세,"2024·2026 관측자료와 ASOS 공통 조사월의 연관성을 이용한 상대 위험 전망입니다. 2026년은 부분연도이며, 2027년 실제 기상·발생·확률을 확정하지 않습니다."
고추,노지고추-담배나방,해충,강원특별자치도,,24.0,,전망자료 부족,낮음,5,2026,"양년 자료 없음, 공통 조사단위 0개, 유효 관측 5건, 결측률 0.0%, 단위별 변화 변동성 100.0점. 제한된 비교 단위 또는 변동성 때문에 보수적으로 낮게 평가합니다. 2024·2026 두 개 연도의 NCPMS 예찰자료만 사용한 상대 위험 전망으로, 기상·재배면적·방제 변화와 2027년 실제 발생을 확정하지 않습니다. ASOS 공통 조사월 0개에서 기온·습도·강수·풍속의 관측 연관성을 추세 연장분에만 최대 ±3점으로 제한 적용(보정 +0점). 2027년 미래 기상값은 생성하거나 가정하지 않았습니다.",전망자료 부족,,,0.0,—,기상근거 부족,0,ASOS 공통 조사월 0개에서 기온·습도·강수·풍속의 관측 연관성을 추세 연장분에만 최대 ±3점으로 제한 적용(보정 +0점). 2027년 미래 기상값은 생성하거나 가정하지 않았습니다.,F27-WX1 설명가능 완화추세,"2024·2026 관측자료와 ASOS 공통 조사월의 연관성을 이용한 상대 위험 전망입니다. 2026년은 부분연도이며, 2027년 실제 기상·발생·확률을 확정하지 않습니다."
고추,노지고추-담배나방,해충,경기도,,3.0,,전망자료 부족,낮음,5,2026,"양년 자료 없음, 공통 조사단위 0개, 유효 관측 5건, 결측률 0.0%, 단위별 변화 변동성 100.0점. 제한된 비교 단위 또는 변동성 때문에 보수적으로 낮게 평가합니다. 2024·2026 두 개 연도의 NCPMS 예찰자료만 사용한 상대 위험 전망으로, 기상·재배면적·방제 변화와 2027년 실제 발생을 확정하지 않습니다. ASOS 공통 조사월 0개에서 기온·습도·강수·풍속의 관측 연관성을 추세 연장분에만 최대 ±3점으로 제한 적용(보정 +0점). 2027년 미래 기상값은 생성하거나 가정하지 않았습니다.",전망자료 부족,,,0.0,—,기상근거 부족,0,ASOS 공통 조사월 0개에서 기온·습도·강수·풍속의 관측 연관성을 추세 연장분에만 최대 ±3점으로 제한 적용(보정 +0점). 2027년 미래 기상값은 생성하거나 가정하지 않았습니다.,F27-WX1 설명가능 완화추세,"2024·2026 관측자료와 ASOS 공통 조사월의 연관성을 이용한 상대 위험 전망입니다. 2026년은 부분연도이며, 2027년 실제 기상·발생·확률을 확정하지 않습니다."
고추,노지고추-담배나방,해충,경상남도,,29.0,,전망자료 부족,낮음,5,2026,"양년 자료 없음, 공통 조사단위 0개, 유효 관측 5건, 결측률 0.0%, 단위별 변화 변동성 100.0점. 제한된 비교 단위 또는 변동성 때문에 보수적으로 낮게 평가합니다. 2024·2026 두 개 연도의 NCPMS 예찰자료만 사용한 상대 위험 전망으로, 기상·재배면적·방제 변화와 2027년 실제 발생을 확정하지 않습니다. ASOS 공통 조사월 0개에서 기온·습도·강수·풍속의 관측 연관성을 추세 연장분에만 최대 ±3점으로 제한 적용(보정 +0점). 2027년 미래 기상값은 생성하거나 가정하지 않았습니다.",전망자료 부족,,,0.0,—,기상근거 부족,0,ASOS 공통 조사월 0개에서 기온·습도·강수·풍속의 관측 연관성을 추세 연장분에만 최대 ±3점으로 제한 적용(보정 +0점). 2027년 미래 기상값은 생성하거나 가정하지 않았습니다.,F27-WX1 설명가능 완화추세,"2024·2026 관측자료와 ASOS 공통 조사월의 연관성을 이용한 상대 위험 전망입니다. 2026년은 부분연도이며, 2027년 실제 기상·발생·확률을 확정하지 않습니다."
고추,노지고추-담배나방,해충,경상북도,,11.0,,전망자료 부족,낮음,5,2026,"양년 자료 없음, 공통 조사단위 0개, 유효 관측 5건, 결측률 0.0%, 단위별 변화 변동성 100.0점. 제한된 비교 단위 또는 변동성 때문에 보수적으로 낮게 평가합니다. 2024·2026 두 개 연도의 NCPMS 예찰자료만 사용한 상대 위험 전망으로, 기상·재배면적·방제 변화와 2027년 실제 발생을 확정하지 않습니다. ASOS 공통 조사월 0개에서 기온·습도·강수·풍속의 관측 연관성을 추세 연장분에만 최대 ±3점으로 제한 적용(보정 +0점). 2027년 미래 기상값은 생성하거나 가정하지 않았습니다.",전망자료 부족,,,0.0,—,기상근거 부족,0,ASOS 공통 조사월 0개에서 기온·습도·강수·풍속의 관측 연관성을 추세 연장분에만 최대 ±3점으로 제한 적용(보정 +0점). 2027년 미래 기상값은 생성하거나 가정하지 않았습니다.,F27-WX1 설명가능 완화추세,"2024·2026 관측자료와 ASOS 공통 조사월의 연관성을 이용한 상대 위험 전망입니다. 2026년은 부분연도이며, 2027년 실제 기상·발생·확률을 확정하지 않습니다."
고추,노지고추-담배나방,해충,대구광역시,,0.0,,전망자료 부족,낮음,5,2026,"양년 자료 없음, 공통 조사단위 0개, 유효 관측 5건, 결측률 0.0%, 단위별 변화 변동성 100.0점. 제한된 비교 단위 또는 변동성 때문에 보수적으로 낮게 평가합니다. 2024·2026 두 개 연도의 NCPMS 예찰자료만 사용한 상대 위험 전망으로, 기상·재배면적·방제 변화와 2027년 실제 발생을 확정하지 않습니다. ASOS 공통 조사월 0개에서 기온·습도·강수·풍속의 관측 연관성을 추세 연장분에만 최대 ±3점으로 제한 적용(보정 +0점). 2027년 미래 기상값은 생성하거나 가정하지 않았습니다.",전망자료 부족,,,0.0,—,기상근거 부족,0,ASOS 공통 조사월 0개에서 기온·습도·강수·풍속의 관측 연관성을 추세 연장분에만 최대 ±3점으로 제한 적용(보정 +0점). 2027년 미래 기상값은 생성하거나 가정하지 않았습니다.,F27-WX1 설명가능 완화추세,"2024·2026 관측자료와 ASOS 공통 조사월의 연관성을 이용한 상대 위험 전망입니다. 2026년은 부분연도이며, 2027년 실제 기상·발생·확률을 확정하지 않습니다."
고추,노지고추-담배나방,해충,전남광주통합특별시,,25.0,,전망자료 부족,낮음,5,2026,"양년 자료 없음, 공통 조사단위 0개, 유효 관측 5건, 결측률 0.0%, 단위별 변화 변동성 100.0점. 제한된 비교 단위 또는 변동성 때문에 보수적으로 낮게 평가합니다. 2024·2026 두 개 연도의 NCPMS 예찰자료만 사용한 상대 위험 전망으로, 기상·재배면적·방제 변화와 2027년 실제 발생을 확정하지 않습니다. ASOS 공통 조사월 0개에서 기온·습도·강수·풍속의 관측 연관성을 추세 연장분에만 최대 ±3점으로 제한 적용(보정 +0점). 2027년 미래 기상값은 생성하거나 가정하지 않았습니다.",전망자료 부족,,,0.0,—,기상근거 부족,0,ASOS 공통 조사월 0개에서 기온·습도·강수·풍속의 관측 연관성을 추세 연장분에만 최대 ±3점으로 제한 적용(보정 +0점). 2027년 미래 기상값은 생성하거나 가정하지 않았습니다.,F27-WX1 설명가능 완화추세,"2024·2026 관측자료와 ASOS 공통 조사월의 연관성을 이용한 상대 위험 전망입니다. 2026년은 부분연도이며, 2027년 실제 기상·발생·확률을 확정하지 않습니다."
고추,노지고추-담배나방,해충,전북특별자치도,,14.0,,전망자료 부족,낮음,5,2026,"양년 자료 없음, 공통 조사단위 0개, 유효 관측 5건, 결측률 0.0%, 단위별 변화 변동성 100.0점. 제한된 비교 단위 또는 변동성 때문에 보수적으로 낮게 평가합니다. 2024·2026 두 개 연도의 NCPMS 예찰자료만 사용한 상대 위험 전망으로, 기상·재배면적·방제 변화와 2027년 실제 발생을 확정하지 않습니다. ASOS 공통 조사월 0개에서 기온·습도·강수·풍속의 관측 연관성을 추세 연장분에만 최대 ±3점으로 제한 적용(보정 +0점). 2027년 미래 기상값은 생성하거나 가정하지 않았습니다.",전망자료 부족,,,0.0,—,기상근거 부족,0,ASOS 공통 조사월 0개에서 기온·습도·강수·풍속의 관측 연관성을 추세 연장분에만 최대 ±3점으로 제한 적용(보정 +0점). 2027년 미래 기상값은 생성하거나 가정하지 않았습니다.,F27-WX1 설명가능 완화추세,"2024·2026 관측자료와 ASOS 공통 조사월의 연관성을 이용한 상대 위험 전망입니다. 2026년은 부분연도이며, 2027년 실제 기상·발생·확률을 확정하지 않습니다."
고추,노지고추-담배나방,해충,충청남도,,62.0,,전망자료 부족,낮음,5,2026,"양년 자료 없음, 공통 조사단위 0개, 유효 관측 5건, 결측률 0.0%, 단위별 변화 변동성 100.0점. 제한된 비교 단위 또는 변동성 때문에 보수적으로 낮게 평가합니다. 2024·2026 두 개 연도의 NCPMS 예찰자료만 사용한 상대 위험 전망으로, 기상·재배면적·방제 변화와 2027년 실제 발생을 확정하지 않습니다. ASOS 공통 조사월 0개에서 기온·습도·강수·풍속의 관측 연관성을 추세 연장분에만 최대 ±3점으로 제한 적용(보정 +0점). 2027년 미래 기상값은 생성하거나 가정하지 않았습니다.",전망자료 부족,,,0.0,—,기상근거 부족,0,ASOS 공통 조사월 0개에서 기온·습도·강수·풍속의 관측 연관성을 추세 연장분에만 최대 ±3점으로 제한 적용(보정 +0점). 2027년 미래 기상값은 생성하거나 가정하지 않았습니다.,F27-WX1 설명가능 완화추세,"2024·2026 관측자료와 ASOS 공통 조사월의 연관성을 이용한 상대 위험 전망입니다. 2026년은 부분연도이며, 2027년 실제 기상·발생·확률을 확정하지 않습니다."
고추,노지고추-담배나방,해충,충청북도,,32.0,,전망자료 부족,낮음,5,2026,"양년 자료 없음, 공통 조사단위 0개, 유효 관측 5건, 결측률 0.0%, 단위별 변화 변동성 100.0점. 제한된 비교 단위 또는 변동성 때문에 보수적으로 낮게 평가합니다. 2024·2026 두 개 연도의 NCPMS 예찰자료만 사용한 상대 위험 전망으로, 기상·재배면적·방제 변화와 2027년 실제 발생을 확정하지 않습니다. ASOS 공통 조사월 0개에서 기온·습도·강수·풍속의 관측 연관성을 추세 연장분에만 최대 ±3점으로 제한 적용(보정 +0점). 2027년 미래 기상값은 생성하거나 가정하지 않았습니다.",전망자료 부족,,,0.0,—,기상근거 부족,0,ASOS 공통 조사월 0개에서 기온·습도·강수·풍속의 관측 연관성을 추세 연장분에만 최대 ±3점으로 제한 적용(보정 +0점). 2027년 미래 기상값은 생성하거나 가정하지 않았습니다.,F27-WX1 설명가능 완화추세,"2024·2026 관측자료와 ASOS 공통 조사월의 연관성을 이용한 상대 위험 전망입니다. 2026년은 부분연도이며, 2027년 실제 기상·발생·확률을 확정하지 않습니다."
고추,노지고추-무름병,병해,강원특별자치도,,20.0,,전망자료 부족,낮음,5,2026,"양년 자료 없음, 공통 조사단위 0개, 유효 관측 5건, 결측률 0.0%, 단위별 변화 변동성 100.0점. 제한된 비교 단위 또는 변동성 때문에 보수적으로 낮게 평가합니다. 2024·2026 두 개 연도의 NCPMS 예찰자료만 사용한 상대 위험 전망으로, 기상·재배면적·방제 변화와 2027년 실제 발생을 확정하지 않습니다. ASOS 공통 조사월 0개에서 기온·습도·강수·풍속의 관측 연관성을 추세 연장분에만 최대 ±3점으로 제한 적용(보정 +0점). 2027년 미래 기상값은 생성하거나 가정하지 않았습니다.",전망자료 부족,,,0.0,—,기상근거 부족,0,ASOS 공통 조사월 0개에서 기온·습도·강수·풍속의 관측 연관성을 추세 연장분에만 최대 ±3점으로 제한 적용(보정 +0점). 2027년 미래 기상값은 생성하거나 가정하지 않았습니다.,F27-WX1 설명가능 완화추세,"2024·2026 관측자료와 ASOS 공통 조사월의 연관성을 이용한 상대 위험 전망입니다. 2026년은 부분연도이며, 2027년 실제 기상·발생·확률을 확정하지 않습니다."
고추,노지고추-무름병,병해,경기도,,1.0,,전망자료 부족,낮음,5,2026,"양년 자료 없음, 공통 조사단위 0개, 유효 관측 5건, 결측률 0.0%, 단위별 변화 변동성 100.0점. 제한된 비교 단위 또는 변동성 때문에 보수적으로 낮게 평가합니다. 2024·2026 두 개 연도의 NCPMS 예찰자료만 사용한 상대 위험 전망으로, 기상·재배면적·방제 변화와 2027년 실제 발생을 확정하지 않습니다. ASOS 공통 조사월 0개에서 기온·습도·강수·풍속의 관측 연관성을 추세 연장분에만 최대 ±3점으로 제한 적용(보정 +0점). 2027년 미래 기상값은 생성하거나 가정하지 않았습니다.",전망자료 부족,,,0.0,—,기상근거 부족,0,ASOS 공통 조사월 0개에서 기온·습도·강수·풍속의 관측 연관성을 추세 연장분에만 최대 ±3점으로 제한 적용(보정 +0점). 2027년 미래 기상값은 생성하거나 가정하지 않았습니다.,F27-WX1 설명가능 완화추세,"2024·2026 관측자료와 ASOS 공통 조사월의 연관성을 이용한 상대 위험 전망입니다. 2026년은 부분연도이며, 2027년 실제 기상·발생·확률을 확정하지 않습니다."
고추,노지고추-무름병,병해,경상남도,,0.0,,전망자료 부족,낮음,5,2026,"양년 자료 없음, 공통 조사단위 0개, 유효 관측 5건, 결측률 0.0%, 단위별 변화 변동성 100.0점. 제한된 비교 단위 또는 변동성 때문에 보수적으로 낮게 평가합니다. 2024·2026 두 개 연도의 NCPMS 예찰자료만 사용한 상대 위험 전망으로, 기상·재배면적·방제 변화와 2027년 실제 발생을 확정하지 않습니다. ASOS 공통 조사월 0개에서 기온·습도·강수·풍속의 관측 연관성을 추세 연장분에만 최대 ±3점으로 제한 적용(보정 +0점). 2027년 미래 기상값은 생성하거나 가정하지 않았습니다.",전망자료 부족,,,0.0,—,기상근거 부족,0,ASOS 공통 조사월 0개에서 기온·습도·강수·풍속의 관측 연관성을 추세 연장분에만 최대 ±3점으로 제한 적용(보정 +0점). 2027년 미래 기상값은 생성하거나 가정하지 않았습니다.,F27-WX1 설명가능 완화추세,"2024·2026 관측자료와 ASOS 공통 조사월의 연관성을 이용한 상대 위험 전망입니다. 2026년은 부분연도이며, 2027년 실제 기상·발생·확률을 확정하지 않습니다."
고추,노지고추-무름병,병해,경상북도,,42.0,,전망자료 부족,낮음,5,2026,"양년 자료 없음, 공통 조사단위 0개, 유효 관측 5건, 결측률 0.0%, 단위별 변화 변동성 100.0점. 제한된 비교 단위 또는 변동성 때문에 보수적으로 낮게 평가합니다. 2024·2026 두 개 연도의 NCPMS 예찰자료만 사용한 상대 위험 전망으로, 기상·재배면적·방제 변화와 2027년 실제 발생을 확정하지 않습니다. ASOS 공통 조사월 0개에서 기온·습도·강수·풍속의 관측 연관성을 추세 연장분에만 최대 ±3점으로 제한 적용(보정 +0점). 2027년 미래 기상값은 생성하거나 가정하지 않았습니다.",전망자료 부족,,,0.0,—,기상근거 부족,0,ASOS 공통 조사월 0개에서 기온·습도·강수·풍속의 관측 연관성을 추세 연장분에만 최대 ±3점으로 제한 적용(보정 +0점). 2027년 미래 기상값은 생성하거나 가정하지 않았습니다.,F27-WX1 설명가능 완화추세,"2024·2026 관측자료와 ASOS 공통 조사월의 연관성을 이용한 상대 위험 전망입니다. 2026년은 부분연도이며, 2027년 실제 기상·발생·확률을 확정하지 않습니다."
고추,노지고추-무름병,병해,대구광역시,,0.0,,전망자료 부족,낮음,5,2026,"양년 자료 없음, 공통 조사단위 0개, 유효 관측 5건, 결측률 0.0%, 단위별 변화 변동성 100.0점. 제한된 비교 단위 또는 변동성 때문에 보수적으로 낮게 평가합니다. 2024·2026 두 개 연도의 NCPMS 예찰자료만 사용한 상대 위험 전망으로, 기상·재배면적·방제 변화와 2027년 실제 발생을 확정하지 않습니다. ASOS 공통 조사월 0개에서 기온·습도·강수·풍속의 관측 연관성을 추세 연장분에만 최대 ±3점으로 제한 적용(보정 +0점). 2027년 미래 기상값은 생성하거나 가정하지 않았습니다.",전망자료 부족,,,0.0,—,기상근거 부족,0,ASOS 공통 조사월 0개에서 기온·습도·강수·풍속의 관측 연관성을 추세 연장분에만 최대 ±3점으로 제한 적용(보정 +0점). 2027년 미래 기상값은 생성하거나 가정하지 않았습니다.,F27-WX1 설명가능 완화추세,"2024·2026 관측자료와 ASOS 공통 조사월의 연관성을 이용한 상대 위험 전망입니다. 2026년은 부분연도이며, 2027년 실제 기상·발생·확률을 확정하지 않습니다."
고추,노지고추-무름병,병해,전남광주통합특별시,,0.0,,전망자료 부족,낮음,5,2026,"양년 자료 없음, 공통 조사단위 0개, 유효 관측 5건, 결측률 0.0%, 단위별 변화 변동성 100.0점. 제한된 비교 단위 또는 변동성 때문에 보수적으로 낮게 평가합니다. 2024·2026 두 개 연도의 NCPMS 예찰자료만 사용한 상대 위험 전망으로, 기상·재배면적·방제 변화와 2027년 실제 발생을 확정하지 않습니다. ASOS 공통 조사월 0개에서 기온·습도·강수·풍속의 관측 연관성을 추세 연장분에만 최대 ±3점으로 제한 적용(보정 +0점). 2027년 미래 기상값은 생성하거나 가정하지 않았습니다.",전망자료 부족,,,0.0,—,기상근거 부족,0,ASOS 공통 조사월 0개에서 기온·습도·강수·풍속의 관측 연관성을 추세 연장분에만 최대 ±3점으로 제한 적용(보정 +0점). 2027년 미래 기상값은 생성하거나 가정하지 않았습니다.,F27-WX1 설명가능 완화추세,"2024·2026 관측자료와 ASOS 공통 조사월의 연관성을 이용한 상대 위험 전망입니다. 2026년은 부분연도이며, 2027년 실제 기상·발생·확률을 확정하지 않습니다."
고추,노지고추-무름병,병해,전북특별자치도,,0.0,,전망자료 부족,낮음,5,2026,"양년 자료 없음, 공통 조사단위 0개, 유효 관측 5건, 결측률 0.0%, 단위별 변화 변동성 100.0점. 제한된 비교 단위 또는 변동성 때문에 보수적으로 낮게 평가합니다. 2024·2026 두 개 연도의 NCPMS 예찰자료만 사용한 상대 위험 전망으로, 기상·재배면적·방제 변화와 2027년 실제 발생을 확정하지 않습니다. ASOS 공통 조사월 0개에서 기온·습도·강수·풍속의 관측 연관성을 추세 연장분에만 최대 ±3점으로 제한 적용(보정 +0점). 2027년 미래 기상값은 생성하거나 가정하지 않았습니다.",전망자료 부족,,,0.0,—,기상근거 부족,0,ASOS 공통 조사월 0개에서 기온·습도·강수·풍속의 관측 연관성을 추세 연장분에만 최대 ±3점으로 제한 적용(보정 +0점). 2027년 미래 기상값은 생성하거나 가정하지 않았습니다.,F27-WX1 설명가능 완화추세,"2024·2026 관측자료와 ASOS 공통 조사월의 연관성을 이용한 상대 위험 전망입니다. 2026년은 부분연도이며, 2027년 실제 기상·발생·확률을 확정하지 않습니다."
고추,노지고추-무름병,병해,충청남도,,20.0,,전망자료 부족,낮음,5,2026,"양년 자료 없음, 공통 조사단위 0개, 유효 관측 5건, 결측률 0.0%, 단위별 변화 변동성 100.0점. 제한된 비교 단위 또는 변동성 때문에 보수적으로 낮게 평가합니다. 2024·2026 두 개 연도의 NCPMS 예찰자료만 사용한 상대 위험 전망으로, 기상·재배면적·방제 변화와 2027년 실제 발생을 확정하지 않습니다. ASOS 공통 조사월 0개에서 기온·습도·강수·풍속의 관측 연관성을 추세 연장분에만 최대 ±3점으로 제한 적용(보정 +0점). 2027년 미래 기상값은 생성하거나 가정하지 않았습니다.",전망자료 부족,,,0.0,—,기상근거 부족,0,ASOS 공통 조사월 0개에서 기온·습도·강수·풍속의 관측 연관성을 추세 연장분에만 최대 ±3점으로 제한 적용(보정 +0점). 2027년 미래 기상값은 생성하거나 가정하지 않았습니다.,F27-WX1 설명가능 완화추세,"2024·2026 관측자료와 ASOS 공통 조사월의 연관성을 이용한 상대 위험 전망입니다. 2026년은 부분연도이며, 2027년 실제 기상·발생·확률을 확정하지 않습니다."
고추,노지고추-무름병,병해,충청북도,,26.0,,전망자료 부족,낮음,5,2026,"양년 자료 없음, 공통 조사단위 0개, 유효 관측 5건, 결측률 0.0%, 단위별 변화 변동성 100.0점. 제한된 비교 단위 또는 변동성 때문에 보수적으로 낮게 평가합니다. 2024·2026 두 개 연도의 NCPMS 예찰자료만 사용한 상대 위험 전망으로, 기상·재배면적·방제 변화와 2027년 실제 발생을 확정하지 않습니다. ASOS 공통 조사월 0개에서 기온·습도·강수·풍속의 관측 연관성을 추세 연장분에만 최대 ±3점으로 제한 적용(보정 +0점). 2027년 미래 기상값은 생성하거나 가정하지 않았습니다.",전망자료 부족,,,0.0,—,기상근거 부족,0,ASOS 공통 조사월 0개에서 기온·습도·강수·풍속의 관측 연관성을 추세 연장분에만 최대 ±3점으로 제한 적용(보정 +0점). 2027년 미래 기상값은 생성하거나 가정하지 않았습니다.,F27-WX1 설명가능 완화추세,"2024·2026 관측자료와 ASOS 공통 조사월의 연관성을 이용한 상대 위험 전망입니다. 2026년은 부분연도이며, 2027년 실제 기상·발생·확률을 확정하지 않습니다."
고추,노지고추-바이러스,기타,강원특별자치도,0.0,,,전망자료 부족,낮음,2,2024,"양년 자료 없음, 공통 조사단위 0개, 유효 관측 2건, 결측률 0.0%, 단위별 변화 변동성 100.0점. 제한된 비교 단위 또는 변동성 때문에 보수적으로 낮게 평가합니다. 2024·2026 두 개 연도의 NCPMS 예찰자료만 사용한 상대 위험 전망으로, 기상·재배면적·방제 변화와 2027년 실제 발생을 확정하지 않습니다. ASOS 공통 조사월 0개에서 기온·습도·강수·풍속의 관측 연관성을 추세 연장분에만 최대 ±3점으로 제한 적용(보정 +0점). 2027년 미래 기상값은 생성하거나 가정하지 않았습니다.",전망자료 부족,,,0.0,—,기상근거 부족,0,ASOS 공통 조사월 0개에서 기온·습도·강수·풍속의 관측 연관성을 추세 연장분에만 최대 ±3점으로 제한 적용(보정 +0점). 2027년 미래 기상값은 생성하거나 가정하지 않았습니다.,F27-WX1 설명가능 완화추세,"2024·2026 관측자료와 ASOS 공통 조사월의 연관성을 이용한 상대 위험 전망입니다. 2026년은 부분연도이며, 2027년 실제 기상·발생·확률을 확정하지 않습니다."
고추,노지고추-바이러스,기타,경기도,0.0,,,전망자료 부족,낮음,2,2024,"양년 자료 없음, 공통 조사단위 0개, 유효 관측 2건, 결측률 0.0%, 단위별 변화 변동성 100.0점. 제한된 비교 단위 또는 변동성 때문에 보수적으로 낮게 평가합니다. 2024·2026 두 개 연도의 NCPMS 예찰자료만 사용한 상대 위험 전망으로, 기상·재배면적·방제 변화와 2027년 실제 발생을 확정하지 않습니다. ASOS 공통 조사월 0개에서 기온·습도·강수·풍속의 관측 연관성을 추세 연장분에만 최대 ±3점으로 제한 적용(보정 +0점). 2027년 미래 기상값은 생성하거나 가정하지 않았습니다.",전망자료 부족,,,0.0,—,기상근거 부족,0,ASOS 공통 조사월 0개에서 기온·습도·강수·풍속의 관측 연관성을 추세 연장분에만 최대 ±3점으로 제한 적용(보정 +0점). 2027년 미래 기상값은 생성하거나 가정하지 않았습니다.,F27-WX1 설명가능 완화추세,"2024·2026 관측자료와 ASOS 공통 조사월의 연관성을 이용한 상대 위험 전망입니다. 2026년은 부분연도이며, 2027년 실제 기상·발생·확률을 확정하지 않습니다."
고추,노지고추-바이러스,기타,경상남도,0.0,,,전망자료 부족,낮음,2,2024,"양년 자료 없음, 공통 조사단위 0개, 유효 관측 2건, 결측률 0.0%, 단위별 변화 변동성 100.0점. 제한된 비교 단위 또는 변동성 때문에 보수적으로 낮게 평가합니다. 2024·2026 두 개 연도의 NCPMS 예찰자료만 사용한 상대 위험 전망으로, 기상·재배면적·방제 변화와 2027년 실제 발생을 확정하지 않습니다. ASOS 공통 조사월 0개에서 기온·습도·강수·풍속의 관측 연관성을 추세 연장분에만 최대 ±3점으로 제한 적용(보정 +0점). 2027년 미래 기상값은 생성하거나 가정하지 않았습니다.",전망자료 부족,,,0.0,—,기상근거 부족,0,ASOS 공통 조사월 0개에서 기온·습도·강수·풍속의 관측 연관성을 추세 연장분에만 최대 ±3점으로 제한 적용(보정 +0점). 2027년 미래 기상값은 생성하거나 가정하지 않았습니다.,F27-WX1 설명가능 완화추세,"2024·2026 관측자료와 ASOS 공통 조사월의 연관성을 이용한 상대 위험 전망입니다. 2026년은 부분연도이며, 2027년 실제 기상·발생·확률을 확정하지 않습니다."
고추,노지고추-바이러스,기타,경상북도,21.0,,,전망자료 부족,낮음,9,2024,"양년 자료 없음, 공통 조사단위 0개, 유효 관측 9건, 결측률 0.0%, 단위별 변화 변동성 100.0점. 제한된 비교 단위 또는 변동성 때문에 보수적으로 낮게 평가합니다. 2024·2026 두 개 연도의 NCPMS 예찰자료만 사용한 상대 위험 전망으로, 기상·재배면적·방제 변화와 2027년 실제 발생을 확정하지 않습니다. ASOS 공통 조사월 0개에서 기온·습도·강수·풍속의 관측 연관성을 추세 연장분에만 최대 ±3점으로 제한 적용(보정 +0점). 2027년 미래 기상값은 생성하거나 가정하지 않았습니다.",전망자료 부족,,,0.0,—,기상근거 부족,0,ASOS 공통 조사월 0개에서 기온·습도·강수·풍속의 관측 연관성을 추세 연장분에만 최대 ±3점으로 제한 적용(보정 +0점). 2027년 미래 기상값은 생성하거나 가정하지 않았습니다.,F27-WX1 설명가능 완화추세,"2024·2026 관측자료와 ASOS 공통 조사월의 연관성을 이용한 상대 위험 전망입니다. 2026년은 부분연도이며, 2027년 실제 기상·발생·확률을 확정하지 않습니다."
고추,노지고추-바이러스,기타,대구광역시,0.0,,,전망자료 부족,낮음,2,2024,"양년 자료 없음, 공통 조사단위 0개, 유효 관측 2건, 결측률 0.0%, 단위별 변화 변동성 100.0점. 제한된 비교 단위 또는 변동성 때문에 보수적으로 낮게 평가합니다. 2024·2026 두 개 연도의 NCPMS 예찰자료만 사용한 상대 위험 전망으로, 기상·재배면적·방제 변화와 2027년 실제 발생을 확정하지 않습니다. ASOS 공통 조사월 0개에서 기온·습도·강수·풍속의 관측 연관성을 추세 연장분에만 최대 ±3점으로 제한 적용(보정 +0점). 2027년 미래 기상값은 생성하거나 가정하지 않았습니다.",전망자료 부족,,,0.0,—,기상근거 부족,0,ASOS 공통 조사월 0개에서 기온·습도·강수·풍속의 관측 연관성을 추세 연장분에만 최대 ±3점으로 제한 적용(보정 +0점). 2027년 미래 기상값은 생성하거나 가정하지 않았습니다.,F27-WX1 설명가능 완화추세,"2024·2026 관측자료와 ASOS 공통 조사월의 연관성을 이용한 상대 위험 전망입니다. 2026년은 부분연도이며, 2027년 실제 기상·발생·확률을 확정하지 않습니다."
고추,노지고추-바이러스,기타,전남광주통합특별시,76.0,,,전망자료 부족,낮음,2,2024,"양년 자료 없음, 공통 조사단위 0개, 유효 관측 2건, 결측률 0.0%, 단위별 변화 변동성 100.0점. 제한된 비교 단위 또는 변동성 때문에 보수적으로 낮게 평가합니다. 2024·2026 두 개 연도의 NCPMS 예찰자료만 사용한 상대 위험 전망으로, 기상·재배면적·방제 변화와 2027년 실제 발생을 확정하지 않습니다. ASOS 공통 조사월 0개에서 기온·습도·강수·풍속의 관측 연관성을 추세 연장분에만 최대 ±3점으로 제한 적용(보정 +0점). 2027년 미래 기상값은 생성하거나 가정하지 않았습니다.",전망자료 부족,,,0.0,—,기상근거 부족,0,ASOS 공통 조사월 0개에서 기온·습도·강수·풍속의 관측 연관성을 추세 연장분에만 최대 ±3점으로 제한 적용(보정 +0점). 2027년 미래 기상값은 생성하거나 가정하지 않았습니다.,F27-WX1 설명가능 완화추세,"2024·2026 관측자료와 ASOS 공통 조사월의 연관성을 이용한 상대 위험 전망입니다. 2026년은 부분연도이며, 2027년 실제 기상·발생·확률을 확정하지 않습니다."
고추,노지고추-바이러스,기타,전북특별자치도,1.0,,,전망자료 부족,낮음,2,2024,"양년 자료 없음, 공통 조사단위 0개, 유효 관측 2건, 결측률 0.0%, 단위별 변화 변동성 100.0점. 제한된 비교 단위 또는 변동성 때문에 보수적으로 낮게 평가합니다. 2024·2026 두 개 연도의 NCPMS 예찰자료만 사용한 상대 위험 전망으로, 기상·재배면적·방제 변화와 2027년 실제 발생을 확정하지 않습니다. ASOS 공통 조사월 0개에서 기온·습도·강수·풍속의 관측 연관성을 추세 연장분에만 최대 ±3점으로 제한 적용(보정 +0점). 2027년 미래 기상값은 생성하거나 가정하지 않았습니다.",전망자료 부족,,,0.0,—,기상근거 부족,0,ASOS 공통 조사월 0개에서 기온·습도·강수·풍속의 관측 연관성을 추세 연장분에만 최대 ±3점으로 제한 적용(보정 +0점). 2027년 미래 기상값은 생성하거나 가정하지 않았습니다.,F27-WX1 설명가능 완화추세,"2024·2026 관측자료와 ASOS 공통 조사월의 연관성을 이용한 상대 위험 전망입니다. 2026년은 부분연도이며, 2027년 실제 기상·발생·확률을 확정하지 않습니다."
고추,노지고추-바이러스,기타,충청남도,30.0,,,전망자료 부족,낮음,3,2024,"양년 자료 없음, 공통 조사단위 0개, 유효 관측 3건, 결측률 0.0%, 단위별 변화 변동성 100.0점. 제한된 비교 단위 또는 변동성 때문에 보수적으로 낮게 평가합니다. 2024·2026 두 개 연도의 NCPMS 예찰자료만 사용한 상대 위험 전망으로, 기상·재배면적·방제 변화와 2027년 실제 발생을 확정하지 않습니다. ASOS 공통 조사월 0개에서 기온·습도·강수·풍속의 관측 연관성을 추세 연장분에만 최대 ±3점으로 제한 적용(보정 +0점). 2027년 미래 기상값은 생성하거나 가정하지 않았습니다.",전망자료 부족,,,0.0,—,기상근거 부족,0,ASOS 공통 조사월 0개에서 기온·습도·강수·풍속의 관측 연관성을 추세 연장분에만 최대 ±3점으로 제한 적용(보정 +0점). 2027년 미래 기상값은 생성하거나 가정하지 않았습니다.,F27-WX1 설명가능 완화추세,"2024·2026 관측자료와 ASOS 공통 조사월의 연관성을 이용한 상대 위험 전망입니다. 2026년은 부분연도이며, 2027년 실제 기상·발생·확률을 확정하지 않습니다."
고추,노지고추-바이러스,기타,충청북도,0.0,,,전망자료 부족,낮음,2,2024,"양년 자료 없음, 공통 조사단위 0개, 유효 관측 2건, 결측률 0.0%, 단위별 변화 변동성 100.0점. 제한된 비교 단위 또는 변동성 때문에 보수적으로 낮게 평가합니다. 2024·2026 두 개 연도의 NCPMS 예찰자료만 사용한 상대 위험 전망으로, 기상·재배면적·방제 변화와 2027년 실제 발생을 확정하지 않습니다. ASOS 공통 조사월 0개에서 기온·습도·강수·풍속의 관측 연관성을 추세 연장분에만 최대 ±3점으로 제한 적용(보정 +0점). 2027년 미래 기상값은 생성하거나 가정하지 않았습니다.",전망자료 부족,,,0.0,—,기상근거 부족,0,ASOS 공통 조사월 0개에서 기온·습도·강수·풍속의 관측 연관성을 추세 연장분에만 최대 ±3점으로 제한 적용(보정 +0점). 2027년 미래 기상값은 생성하거나 가정하지 않았습니다.,F27-WX1 설명가능 완화추세,"2024·2026 관측자료와 ASOS 공통 조사월의 연관성을 이용한 상대 위험 전망입니다. 2026년은 부분연도이며, 2027년 실제 기상·발생·확률을 확정하지 않습니다."
고추,노지고추-세균점무늬병,병해,강원특별자치도,,23.0,,전망자료 부족,낮음,5,2026,"양년 자료 없음, 공통 조사단위 0개, 유효 관측 5건, 결측률 0.0%, 단위별 변화 변동성 100.0점. 제한된 비교 단위 또는 변동성 때문에 보수적으로 낮게 평가합니다. 2024·2026 두 개 연도의 NCPMS 예찰자료만 사용한 상대 위험 전망으로, 기상·재배면적·방제 변화와 2027년 실제 발생을 확정하지 않습니다. ASOS 공통 조사월 0개에서 기온·습도·강수·풍속의 관측 연관성을 추세 연장분에만 최대 ±3점으로 제한 적용(보정 +0점). 2027년 미래 기상값은 생성하거나 가정하지 않았습니다.",전망자료 부족,,,0.0,—,기상근거 부족,0,ASOS 공통 조사월 0개에서 기온·습도·강수·풍속의 관측 연관성을 추세 연장분에만 최대 ±3점으로 제한 적용(보정 +0점). 2027년 미래 기상값은 생성하거나 가정하지 않았습니다.,F27-WX1 설명가능 완화추세,"2024·2026 관측자료와 ASOS 공통 조사월의 연관성을 이용한 상대 위험 전망입니다. 2026년은 부분연도이며, 2027년 실제 기상·발생·확률을 확정하지 않습니다."
고추,노지고추-세균점무늬병,병해,경기도,,0.0,,전망자료 부족,낮음,5,2026,"양년 자료 없음, 공통 조사단위 0개, 유효 관측 5건, 결측률 0.0%, 단위별 변화 변동성 100.0점. 제한된 비교 단위 또는 변동성 때문에 보수적으로 낮게 평가합니다. 2024·2026 두 개 연도의 NCPMS 예찰자료만 사용한 상대 위험 전망으로, 기상·재배면적·방제 변화와 2027년 실제 발생을 확정하지 않습니다. ASOS 공통 조사월 0개에서 기온·습도·강수·풍속의 관측 연관성을 추세 연장분에만 최대 ±3점으로 제한 적용(보정 +0점). 2027년 미래 기상값은 생성하거나 가정하지 않았습니다.",전망자료 부족,,,0.0,—,기상근거 부족,0,ASOS 공통 조사월 0개에서 기온·습도·강수·풍속의 관측 연관성을 추세 연장분에만 최대 ±3점으로 제한 적용(보정 +0점). 2027년 미래 기상값은 생성하거나 가정하지 않았습니다.,F27-WX1 설명가능 완화추세,"2024·2026 관측자료와 ASOS 공통 조사월의 연관성을 이용한 상대 위험 전망입니다. 2026년은 부분연도이며, 2027년 실제 기상·발생·확률을 확정하지 않습니다."
고추,노지고추-세균점무늬병,병해,경상남도,,0.0,,전망자료 부족,낮음,5,2026,"양년 자료 없음, 공통 조사단위 0개, 유효 관측 5건, 결측률 0.0%, 단위별 변화 변동성 100.0점. 제한된 비교 단위 또는 변동성 때문에 보수적으로 낮게 평가합니다. 2024·2026 두 개 연도의 NCPMS 예찰자료만 사용한 상대 위험 전망으로, 기상·재배면적·방제 변화와 2027년 실제 발생을 확정하지 않습니다. ASOS 공통 조사월 0개에서 기온·습도·강수·풍속의 관측 연관성을 추세 연장분에만 최대 ±3점으로 제한 적용(보정 +0점). 2027년 미래 기상값은 생성하거나 가정하지 않았습니다.",전망자료 부족,,,0.0,—,기상근거 부족,0,ASOS 공통 조사월 0개에서 기온·습도·강수·풍속의 관측 연관성을 추세 연장분에만 최대 ±3점으로 제한 적용(보정 +0점). 2027년 미래 기상값은 생성하거나 가정하지 않았습니다.,F27-WX1 설명가능 완화추세,"2024·2026 관측자료와 ASOS 공통 조사월의 연관성을 이용한 상대 위험 전망입니다. 2026년은 부분연도이며, 2027년 실제 기상·발생·확률을 확정하지 않습니다."
고추,노지고추-세균점무늬병,병해,경상북도,,6.0,,전망자료 부족,낮음,5,2026,"양년 자료 없음, 공통 조사단위 0개, 유효 관측 5건, 결측률 0.0%, 단위별 변화 변동성 100.0점. 제한된 비교 단위 또는 변동성 때문에 보수적으로 낮게 평가합니다. 2024·2026 두 개 연도의 NCPMS 예찰자료만 사용한 상대 위험 전망으로, 기상·재배면적·방제 변화와 2027년 실제 발생을 확정하지 않습니다. ASOS 공통 조사월 0개에서 기온·습도·강수·풍속의 관측 연관성을 추세 연장분에만 최대 ±3점으로 제한 적용(보정 +0점). 2027년 미래 기상값은 생성하거나 가정하지 않았습니다.",전망자료 부족,,,0.0,—,기상근거 부족,0,ASOS 공통 조사월 0개에서 기온·습도·강수·풍속의 관측 연관성을 추세 연장분에만 최대 ±3점으로 제한 적용(보정 +0점). 2027년 미래 기상값은 생성하거나 가정하지 않았습니다.,F27-WX1 설명가능 완화추세,"2024·2026 관측자료와 ASOS 공통 조사월의 연관성을 이용한 상대 위험 전망입니다. 2026년은 부분연도이며, 2027년 실제 기상·발생·확률을 확정하지 않습니다."
고추,노지고추-세균점무늬병,병해,대구광역시,,0.0,,전망자료 부족,낮음,5,2026,"양년 자료 없음, 공통 조사단위 0개, 유효 관측 5건, 결측률 0.0%, 단위별 변화 변동성 100.0점. 제한된 비교 단위 또는 변동성 때문에 보수적으로 낮게 평가합니다. 2024·2026 두 개 연도의 NCPMS 예찰자료만 사용한 상대 위험 전망으로, 기상·재배면적·방제 변화와 2027년 실제 발생을 확정하지 않습니다. ASOS 공통 조사월 0개에서 기온·습도·강수·풍속의 관측 연관성을 추세 연장분에만 최대 ±3점으로 제한 적용(보정 +0점). 2027년 미래 기상값은 생성하거나 가정하지 않았습니다.",전망자료 부족,,,0.0,—,기상근거 부족,0,ASOS 공통 조사월 0개에서 기온·습도·강수·풍속의 관측 연관성을 추세 연장분에만 최대 ±3점으로 제한 적용(보정 +0점). 2027년 미래 기상값은 생성하거나 가정하지 않았습니다.,F27-WX1 설명가능 완화추세,"2024·2026 관측자료와 ASOS 공통 조사월의 연관성을 이용한 상대 위험 전망입니다. 2026년은 부분연도이며, 2027년 실제 기상·발생·확률을 확정하지 않습니다."
고추,노지고추-세균점무늬병,병해,전남광주통합특별시,,9.0,,전망자료 부족,낮음,5,2026,"양년 자료 없음, 공통 조사단위 0개, 유효 관측 5건, 결측률 0.0%, 단위별 변화 변동성 100.0점. 제한된 비교 단위 또는 변동성 때문에 보수적으로 낮게 평가합니다. 2024·2026 두 개 연도의 NCPMS 예찰자료만 사용한 상대 위험 전망으로, 기상·재배면적·방제 변화와 2027년 실제 발생을 확정하지 않습니다. ASOS 공통 조사월 0개에서 기온·습도·강수·풍속의 관측 연관성을 추세 연장분에만 최대 ±3점으로 제한 적용(보정 +0점). 2027년 미래 기상값은 생성하거나 가정하지 않았습니다.",전망자료 부족,,,0.0,—,기상근거 부족,0,ASOS 공통 조사월 0개에서 기온·습도·강수·풍속의 관측 연관성을 추세 연장분에만 최대 ±3점으로 제한 적용(보정 +0점). 2027년 미래 기상값은 생성하거나 가정하지 않았습니다.,F27-WX1 설명가능 완화추세,"2024·2026 관측자료와 ASOS 공통 조사월의 연관성을 이용한 상대 위험 전망입니다. 2026년은 부분연도이며, 2027년 실제 기상·발생·확률을 확정하지 않습니다."
고추,노지고추-세균점무늬병,병해,전북특별자치도,,45.0,,전망자료 부족,낮음,5,2026,"양년 자료 없음, 공통 조사단위 0개, 유효 관측 5건, 결측률 0.0%, 단위별 변화 변동성 100.0점. 제한된 비교 단위 또는 변동성 때문에 보수적으로 낮게 평가합니다. 2024·2026 두 개 연도의 NCPMS 예찰자료만 사용한 상대 위험 전망으로, 기상·재배면적·방제 변화와 2027년 실제 발생을 확정하지 않습니다. ASOS 공통 조사월 0개에서 기온·습도·강수·풍속의 관측 연관성을 추세 연장분에만 최대 ±3점으로 제한 적용(보정 +0점). 2027년 미래 기상값은 생성하거나 가정하지 않았습니다.",전망자료 부족,,,0.0,—,기상근거 부족,0,ASOS 공통 조사월 0개에서 기온·습도·강수·풍속의 관측 연관성을 추세 연장분에만 최대 ±3점으로 제한 적용(보정 +0점). 2027년 미래 기상값은 생성하거나 가정하지 않았습니다.,F27-WX1 설명가능 완화추세,"2024·2026 관측자료와 ASOS 공통 조사월의 연관성을 이용한 상대 위험 전망입니다. 2026년은 부분연도이며, 2027년 실제 기상·발생·확률을 확정하지 않습니다."
고추,노지고추-세균점무늬병,병해,충청남도,,34.0,,전망자료 부족,낮음,5,2026,"양년 자료 없음, 공통 조사단위 0개, 유효 관측 5건, 결측률 0.0%, 단위별 변화 변동성 100.0점. 제한된 비교 단위 또는 변동성 때문에 보수적으로 낮게 평가합니다. 2024·2026 두 개 연도의 NCPMS 예찰자료만 사용한 상대 위험 전망으로, 기상·재배면적·방제 변화와 2027년 실제 발생을 확정하지 않습니다. ASOS 공통 조사월 0개에서 기온·습도·강수·풍속의 관측 연관성을 추세 연장분에만 최대 ±3점으로 제한 적용(보정 +0점). 2027년 미래 기상값은 생성하거나 가정하지 않았습니다.",전망자료 부족,,,0.0,—,기상근거 부족,0,ASOS 공통 조사월 0개에서 기온·습도·강수·풍속의 관측 연관성을 추세 연장분에만 최대 ±3점으로 제한 적용(보정 +0점). 2027년 미래 기상값은 생성하거나 가정하지 않았습니다.,F27-WX1 설명가능 완화추세,"2024·2026 관측자료와 ASOS 공통 조사월의 연관성을 이용한 상대 위험 전망입니다. 2026년은 부분연도이며, 2027년 실제 기상·발생·확률을 확정하지 않습니다."
고추,노지고추-세균점무늬병,병해,충청북도,,0.0,,전망자료 부족,낮음,5,2026,"양년 자료 없음, 공통 조사단위 0개, 유효 관측 5건, 결측률 0.0%, 단위별 변화 변동성 100.0점. 제한된 비교 단위 또는 변동성 때문에 보수적으로 낮게 평가합니다. 2024·2026 두 개 연도의 NCPMS 예찰자료만 사용한 상대 위험 전망으로, 기상·재배면적·방제 변화와 2027년 실제 발생을 확정하지 않습니다. ASOS 공통 조사월 0개에서 기온·습도·강수·풍속의 관측 연관성을 추세 연장분에만 최대 ±3점으로 제한 적용(보정 +0점). 2027년 미래 기상값은 생성하거나 가정하지 않았습니다.",전망자료 부족,,,0.0,—,기상근거 부족,0,ASOS 공통 조사월 0개에서 기온·습도·강수·풍속의 관측 연관성을 추세 연장분에만 최대 ±3점으로 제한 적용(보정 +0점). 2027년 미래 기상값은 생성하거나 가정하지 않았습니다.,F27-WX1 설명가능 완화추세,"2024·2026 관측자료와 ASOS 공통 조사월의 연관성을 이용한 상대 위험 전망입니다. 2026년은 부분연도이며, 2027년 실제 기상·발생·확률을 확정하지 않습니다."
고추,노지고추-역병,병해,강원특별자치도,,0.0,,전망자료 부족,낮음,5,2026,"양년 자료 없음, 공통 조사단위 0개, 유효 관측 5건, 결측률 0.0%, 단위별 변화 변동성 100.0점. 제한된 비교 단위 또는 변동성 때문에 보수적으로 낮게 평가합니다. 2024·2026 두 개 연도의 NCPMS 예찰자료만 사용한 상대 위험 전망으로, 기상·재배면적·방제 변화와 2027년 실제 발생을 확정하지 않습니다. ASOS 공통 조사월 0개에서 기온·습도·강수·풍속의 관측 연관성을 추세 연장분에만 최대 ±3점으로 제한 적용(보정 +0점). 2027년 미래 기상값은 생성하거나 가정하지 않았습니다.",전망자료 부족,,,0.0,—,기상근거 부족,0,ASOS 공통 조사월 0개에서 기온·습도·강수·풍속의 관측 연관성을 추세 연장분에만 최대 ±3점으로 제한 적용(보정 +0점). 2027년 미래 기상값은 생성하거나 가정하지 않았습니다.,F27-WX1 설명가능 완화추세,"2024·2026 관측자료와 ASOS 공통 조사월의 연관성을 이용한 상대 위험 전망입니다. 2026년은 부분연도이며, 2027년 실제 기상·발생·확률을 확정하지 않습니다."
고추,노지고추-역병,병해,경기도,,0.0,,전망자료 부족,낮음,5,2026,"양년 자료 없음, 공통 조사단위 0개, 유효 관측 5건, 결측률 0.0%, 단위별 변화 변동성 100.0점. 제한된 비교 단위 또는 변동성 때문에 보수적으로 낮게 평가합니다. 2024·2026 두 개 연도의 NCPMS 예찰자료만 사용한 상대 위험 전망으로, 기상·재배면적·방제 변화와 2027년 실제 발생을 확정하지 않습니다. ASOS 공통 조사월 0개에서 기온·습도·강수·풍속의 관측 연관성을 추세 연장분에만 최대 ±3점으로 제한 적용(보정 +0점). 2027년 미래 기상값은 생성하거나 가정하지 않았습니다.",전망자료 부족,,,0.0,—,기상근거 부족,0,ASOS 공통 조사월 0개에서 기온·습도·강수·풍속의 관측 연관성을 추세 연장분에만 최대 ±3점으로 제한 적용(보정 +0점). 2027년 미래 기상값은 생성하거나 가정하지 않았습니다.,F27-WX1 설명가능 완화추세,"2024·2026 관측자료와 ASOS 공통 조사월의 연관성을 이용한 상대 위험 전망입니다. 2026년은 부분연도이며, 2027년 실제 기상·발생·확률을 확정하지 않습니다."
고추,노지고추-역병,병해,경상남도,,0.0,,전망자료 부족,낮음,5,2026,"양년 자료 없음, 공통 조사단위 0개, 유효 관측 5건, 결측률 0.0%, 단위별 변화 변동성 100.0점. 제한된 비교 단위 또는 변동성 때문에 보수적으로 낮게 평가합니다. 2024·2026 두 개 연도의 NCPMS 예찰자료만 사용한 상대 위험 전망으로, 기상·재배면적·방제 변화와 2027년 실제 발생을 확정하지 않습니다. ASOS 공통 조사월 0개에서 기온·습도·강수·풍속의 관측 연관성을 추세 연장분에만 최대 ±3점으로 제한 적용(보정 +0점). 2027년 미래 기상값은 생성하거나 가정하지 않았습니다.",전망자료 부족,,,0.0,—,기상근거 부족,0,ASOS 공통 조사월 0개에서 기온·습도·강수·풍속의 관측 연관성을 추세 연장분에만 최대 ±3점으로 제한 적용(보정 +0점). 2027년 미래 기상값은 생성하거나 가정하지 않았습니다.,F27-WX1 설명가능 완화추세,"2024·2026 관측자료와 ASOS 공통 조사월의 연관성을 이용한 상대 위험 전망입니다. 2026년은 부분연도이며, 2027년 실제 기상·발생·확률을 확정하지 않습니다."
고추,노지고추-역병,병해,경상북도,,0.0,,전망자료 부족,낮음,5,2026,"양년 자료 없음, 공통 조사단위 0개, 유효 관측 5건, 결측률 0.0%, 단위별 변화 변동성 100.0점. 제한된 비교 단위 또는 변동성 때문에 보수적으로 낮게 평가합니다. 2024·2026 두 개 연도의 NCPMS 예찰자료만 사용한 상대 위험 전망으로, 기상·재배면적·방제 변화와 2027년 실제 발생을 확정하지 않습니다. ASOS 공통 조사월 0개에서 기온·습도·강수·풍속의 관측 연관성을 추세 연장분에만 최대 ±3점으로 제한 적용(보정 +0점). 2027년 미래 기상값은 생성하거나 가정하지 않았습니다.",전망자료 부족,,,0.0,—,기상근거 부족,0,ASOS 공통 조사월 0개에서 기온·습도·강수·풍속의 관측 연관성을 추세 연장분에만 최대 ±3점으로 제한 적용(보정 +0점). 2027년 미래 기상값은 생성하거나 가정하지 않았습니다.,F27-WX1 설명가능 완화추세,"2024·2026 관측자료와 ASOS 공통 조사월의 연관성을 이용한 상대 위험 전망입니다. 2026년은 부분연도이며, 2027년 실제 기상·발생·확률을 확정하지 않습니다."
고추,노지고추-역병,병해,대구광역시,,0.0,,전망자료 부족,낮음,5,2026,"양년 자료 없음, 공통 조사단위 0개, 유효 관측 5건, 결측률 0.0%, 단위별 변화 변동성 100.0점. 제한된 비교 단위 또는 변동성 때문에 보수적으로 낮게 평가합니다. 2024·2026 두 개 연도의 NCPMS 예찰자료만 사용한 상대 위험 전망으로, 기상·재배면적·방제 변화와 2027년 실제 발생을 확정하지 않습니다. ASOS 공통 조사월 0개에서 기온·습도·강수·풍속의 관측 연관성을 추세 연장분에만 최대 ±3점으로 제한 적용(보정 +0점). 2027년 미래 기상값은 생성하거나 가정하지 않았습니다.",전망자료 부족,,,0.0,—,기상근거 부족,0,ASOS 공통 조사월 0개에서 기온·습도·강수·풍속의 관측 연관성을 추세 연장분에만 최대 ±3점으로 제한 적용(보정 +0점). 2027년 미래 기상값은 생성하거나 가정하지 않았습니다.,F27-WX1 설명가능 완화추세,"2024·2026 관측자료와 ASOS 공통 조사월의 연관성을 이용한 상대 위험 전망입니다. 2026년은 부분연도이며, 2027년 실제 기상·발생·확률을 확정하지 않습니다."
고추,노지고추-역병,병해,전남광주통합특별시,,10.0,,전망자료 부족,낮음,5,2026,"양년 자료 없음, 공통 조사단위 0개, 유효 관측 5건, 결측률 0.0%, 단위별 변화 변동성 100.0점. 제한된 비교 단위 또는 변동성 때문에 보수적으로 낮게 평가합니다. 2024·2026 두 개 연도의 NCPMS 예찰자료만 사용한 상대 위험 전망으로, 기상·재배면적·방제 변화와 2027년 실제 발생을 확정하지 않습니다. ASOS 공통 조사월 0개에서 기온·습도·강수·풍속의 관측 연관성을 추세 연장분에만 최대 ±3점으로 제한 적용(보정 +0점). 2027년 미래 기상값은 생성하거나 가정하지 않았습니다.",전망자료 부족,,,0.0,—,기상근거 부족,0,ASOS 공통 조사월 0개에서 기온·습도·강수·풍속의 관측 연관성을 추세 연장분에만 최대 ±3점으로 제한 적용(보정 +0점). 2027년 미래 기상값은 생성하거나 가정하지 않았습니다.,F27-WX1 설명가능 완화추세,"2024·2026 관측자료와 ASOS 공통 조사월의 연관성을 이용한 상대 위험 전망입니다. 2026년은 부분연도이며, 2027년 실제 기상·발생·확률을 확정하지 않습니다."
고추,노지고추-역병,병해,전북특별자치도,,60.0,,전망자료 부족,낮음,5,2026,"양년 자료 없음, 공통 조사단위 0개, 유효 관측 5건, 결측률 0.0%, 단위별 변화 변동성 100.0점. 제한된 비교 단위 또는 변동성 때문에 보수적으로 낮게 평가합니다. 2024·2026 두 개 연도의 NCPMS 예찰자료만 사용한 상대 위험 전망으로, 기상·재배면적·방제 변화와 2027년 실제 발생을 확정하지 않습니다. ASOS 공통 조사월 0개에서 기온·습도·강수·풍속의 관측 연관성을 추세 연장분에만 최대 ±3점으로 제한 적용(보정 +0점). 2027년 미래 기상값은 생성하거나 가정하지 않았습니다.",전망자료 부족,,,0.0,—,기상근거 부족,0,ASOS 공통 조사월 0개에서 기온·습도·강수·풍속의 관측 연관성을 추세 연장분에만 최대 ±3점으로 제한 적용(보정 +0점). 2027년 미래 기상값은 생성하거나 가정하지 않았습니다.,F27-WX1 설명가능 완화추세,"2024·2026 관측자료와 ASOS 공통 조사월의 연관성을 이용한 상대 위험 전망입니다. 2026년은 부분연도이며, 2027년 실제 기상·발생·확률을 확정하지 않습니다."
고추,노지고추-역병,병해,충청남도,,7.0,,전망자료 부족,낮음,5,2026,"양년 자료 없음, 공통 조사단위 0개, 유효 관측 5건, 결측률 0.0%, 단위별 변화 변동성 100.0점. 제한된 비교 단위 또는 변동성 때문에 보수적으로 낮게 평가합니다. 2024·2026 두 개 연도의 NCPMS 예찰자료만 사용한 상대 위험 전망으로, 기상·재배면적·방제 변화와 2027년 실제 발생을 확정하지 않습니다. ASOS 공통 조사월 0개에서 기온·습도·강수·풍속의 관측 연관성을 추세 연장분에만 최대 ±3점으로 제한 적용(보정 +0점). 2027년 미래 기상값은 생성하거나 가정하지 않았습니다.",전망자료 부족,,,0.0,—,기상근거 부족,0,ASOS 공통 조사월 0개에서 기온·습도·강수·풍속의 관측 연관성을 추세 연장분에만 최대 ±3점으로 제한 적용(보정 +0점). 2027년 미래 기상값은 생성하거나 가정하지 않았습니다.,F27-WX1 설명가능 완화추세,"2024·2026 관측자료와 ASOS 공통 조사월의 연관성을 이용한 상대 위험 전망입니다. 2026년은 부분연도이며, 2027년 실제 기상·발생·확률을 확정하지 않습니다."
고추,노지고추-역병,병해,충청북도,,3.0,,전망자료 부족,낮음,5,2026,"양년 자료 없음, 공통 조사단위 0개, 유효 관측 5건, 결측률 0.0%, 단위별 변화 변동성 100.0점. 제한된 비교 단위 또는 변동성 때문에 보수적으로 낮게 평가합니다. 2024·2026 두 개 연도의 NCPMS 예찰자료만 사용한 상대 위험 전망으로, 기상·재배면적·방제 변화와 2027년 실제 발생을 확정하지 않습니다. ASOS 공통 조사월 0개에서 기온·습도·강수·풍속의 관측 연관성을 추세 연장분에만 최대 ±3점으로 제한 적용(보정 +0점). 2027년 미래 기상값은 생성하거나 가정하지 않았습니다.",전망자료 부족,,,0.0,—,기상근거 부족,0,ASOS 공통 조사월 0개에서 기온·습도·강수·풍속의 관측 연관성을 추세 연장분에만 최대 ±3점으로 제한 적용(보정 +0점). 2027년 미래 기상값은 생성하거나 가정하지 않았습니다.,F27-WX1 설명가능 완화추세,"2024·2026 관측자료와 ASOS 공통 조사월의 연관성을 이용한 상대 위험 전망입니다. 2026년은 부분연도이며, 2027년 실제 기상·발생·확률을 확정하지 않습니다."
고추,노지고추-진딧물류,해충,강원특별자치도,,28.0,,전망자료 부족,낮음,5,2026,"양년 자료 없음, 공통 조사단위 0개, 유효 관측 5건, 결측률 0.0%, 단위별 변화 변동성 100.0점. 제한된 비교 단위 또는 변동성 때문에 보수적으로 낮게 평가합니다. 2024·2026 두 개 연도의 NCPMS 예찰자료만 사용한 상대 위험 전망으로, 기상·재배면적·방제 변화와 2027년 실제 발생을 확정하지 않습니다. ASOS 공통 조사월 0개에서 기온·습도·강수·풍속의 관측 연관성을 추세 연장분에만 최대 ±3점으로 제한 적용(보정 +0점). 2027년 미래 기상값은 생성하거나 가정하지 않았습니다.",전망자료 부족,,,0.0,—,기상근거 부족,0,ASOS 공통 조사월 0개에서 기온·습도·강수·풍속의 관측 연관성을 추세 연장분에만 최대 ±3점으로 제한 적용(보정 +0점). 2027년 미래 기상값은 생성하거나 가정하지 않았습니다.,F27-WX1 설명가능 완화추세,"2024·2026 관측자료와 ASOS 공통 조사월의 연관성을 이용한 상대 위험 전망입니다. 2026년은 부분연도이며, 2027년 실제 기상·발생·확률을 확정하지 않습니다."
고추,노지고추-진딧물류,해충,경기도,,51.0,,전망자료 부족,낮음,5,2026,"양년 자료 없음, 공통 조사단위 0개, 유효 관측 5건, 결측률 0.0%, 단위별 변화 변동성 100.0점. 제한된 비교 단위 또는 변동성 때문에 보수적으로 낮게 평가합니다. 2024·2026 두 개 연도의 NCPMS 예찰자료만 사용한 상대 위험 전망으로, 기상·재배면적·방제 변화와 2027년 실제 발생을 확정하지 않습니다. ASOS 공통 조사월 0개에서 기온·습도·강수·풍속의 관측 연관성을 추세 연장분에만 최대 ±3점으로 제한 적용(보정 +0점). 2027년 미래 기상값은 생성하거나 가정하지 않았습니다.",전망자료 부족,,,0.0,—,기상근거 부족,0,ASOS 공통 조사월 0개에서 기온·습도·강수·풍속의 관측 연관성을 추세 연장분에만 최대 ±3점으로 제한 적용(보정 +0점). 2027년 미래 기상값은 생성하거나 가정하지 않았습니다.,F27-WX1 설명가능 완화추세,"2024·2026 관측자료와 ASOS 공통 조사월의 연관성을 이용한 상대 위험 전망입니다. 2026년은 부분연도이며, 2027년 실제 기상·발생·확률을 확정하지 않습니다."
고추,노지고추-진딧물류,해충,경상남도,,7.0,,전망자료 부족,낮음,5,2026,"양년 자료 없음, 공통 조사단위 0개, 유효 관측 5건, 결측률 0.0%, 단위별 변화 변동성 100.0점. 제한된 비교 단위 또는 변동성 때문에 보수적으로 낮게 평가합니다. 2024·2026 두 개 연도의 NCPMS 예찰자료만 사용한 상대 위험 전망으로, 기상·재배면적·방제 변화와 2027년 실제 발생을 확정하지 않습니다. ASOS 공통 조사월 0개에서 기온·습도·강수·풍속의 관측 연관성을 추세 연장분에만 최대 ±3점으로 제한 적용(보정 +0점). 2027년 미래 기상값은 생성하거나 가정하지 않았습니다.",전망자료 부족,,,0.0,—,기상근거 부족,0,ASOS 공통 조사월 0개에서 기온·습도·강수·풍속의 관측 연관성을 추세 연장분에만 최대 ±3점으로 제한 적용(보정 +0점). 2027년 미래 기상값은 생성하거나 가정하지 않았습니다.,F27-WX1 설명가능 완화추세,"2024·2026 관측자료와 ASOS 공통 조사월의 연관성을 이용한 상대 위험 전망입니다. 2026년은 부분연도이며, 2027년 실제 기상·발생·확률을 확정하지 않습니다."
고추,노지고추-진딧물류,해충,경상북도,,10.0,,전망자료 부족,낮음,5,2026,"양년 자료 없음, 공통 조사단위 0개, 유효 관측 5건, 결측률 0.0%, 단위별 변화 변동성 100.0점. 제한된 비교 단위 또는 변동성 때문에 보수적으로 낮게 평가합니다. 2024·2026 두 개 연도의 NCPMS 예찰자료만 사용한 상대 위험 전망으로, 기상·재배면적·방제 변화와 2027년 실제 발생을 확정하지 않습니다. ASOS 공통 조사월 0개에서 기온·습도·강수·풍속의 관측 연관성을 추세 연장분에만 최대 ±3점으로 제한 적용(보정 +0점). 2027년 미래 기상값은 생성하거나 가정하지 않았습니다.",전망자료 부족,,,0.0,—,기상근거 부족,0,ASOS 공통 조사월 0개에서 기온·습도·강수·풍속의 관측 연관성을 추세 연장분에만 최대 ±3점으로 제한 적용(보정 +0점). 2027년 미래 기상값은 생성하거나 가정하지 않았습니다.,F27-WX1 설명가능 완화추세,"2024·2026 관측자료와 ASOS 공통 조사월의 연관성을 이용한 상대 위험 전망입니다. 2026년은 부분연도이며, 2027년 실제 기상·발생·확률을 확정하지 않습니다."
고추,노지고추-진딧물류,해충,대구광역시,,0.0,,전망자료 부족,낮음,5,2026,"양년 자료 없음, 공통 조사단위 0개, 유효 관측 5건, 결측률 0.0%, 단위별 변화 변동성 100.0점. 제한된 비교 단위 또는 변동성 때문에 보수적으로 낮게 평가합니다. 2024·2026 두 개 연도의 NCPMS 예찰자료만 사용한 상대 위험 전망으로, 기상·재배면적·방제 변화와 2027년 실제 발생을 확정하지 않습니다. ASOS 공통 조사월 0개에서 기온·습도·강수·풍속의 관측 연관성을 추세 연장분에만 최대 ±3점으로 제한 적용(보정 +0점). 2027년 미래 기상값은 생성하거나 가정하지 않았습니다.",전망자료 부족,,,0.0,—,기상근거 부족,0,ASOS 공통 조사월 0개에서 기온·습도·강수·풍속의 관측 연관성을 추세 연장분에만 최대 ±3점으로 제한 적용(보정 +0점). 2027년 미래 기상값은 생성하거나 가정하지 않았습니다.,F27-WX1 설명가능 완화추세,"2024·2026 관측자료와 ASOS 공통 조사월의 연관성을 이용한 상대 위험 전망입니다. 2026년은 부분연도이며, 2027년 실제 기상·발생·확률을 확정하지 않습니다."
고추,노지고추-진딧물류,해충,전남광주통합특별시,,48.0,,전망자료 부족,낮음,5,2026,"양년 자료 없음, 공통 조사단위 0개, 유효 관측 5건, 결측률 0.0%, 단위별 변화 변동성 100.0점. 제한된 비교 단위 또는 변동성 때문에 보수적으로 낮게 평가합니다. 2024·2026 두 개 연도의 NCPMS 예찰자료만 사용한 상대 위험 전망으로, 기상·재배면적·방제 변화와 2027년 실제 발생을 확정하지 않습니다. ASOS 공통 조사월 0개에서 기온·습도·강수·풍속의 관측 연관성을 추세 연장분에만 최대 ±3점으로 제한 적용(보정 +0점). 2027년 미래 기상값은 생성하거나 가정하지 않았습니다.",전망자료 부족,,,0.0,—,기상근거 부족,0,ASOS 공통 조사월 0개에서 기온·습도·강수·풍속의 관측 연관성을 추세 연장분에만 최대 ±3점으로 제한 적용(보정 +0점). 2027년 미래 기상값은 생성하거나 가정하지 않았습니다.,F27-WX1 설명가능 완화추세,"2024·2026 관측자료와 ASOS 공통 조사월의 연관성을 이용한 상대 위험 전망입니다. 2026년은 부분연도이며, 2027년 실제 기상·발생·확률을 확정하지 않습니다."
고추,노지고추-진딧물류,해충,전북특별자치도,,7.0,,전망자료 부족,낮음,5,2026,"양년 자료 없음, 공통 조사단위 0개, 유효 관측 5건, 결측률 0.0%, 단위별 변화 변동성 100.0점. 제한된 비교 단위 또는 변동성 때문에 보수적으로 낮게 평가합니다. 2024·2026 두 개 연도의 NCPMS 예찰자료만 사용한 상대 위험 전망으로, 기상·재배면적·방제 변화와 2027년 실제 발생을 확정하지 않습니다. ASOS 공통 조사월 0개에서 기온·습도·강수·풍속의 관측 연관성을 추세 연장분에만 최대 ±3점으로 제한 적용(보정 +0점). 2027년 미래 기상값은 생성하거나 가정하지 않았습니다.",전망자료 부족,,,0.0,—,기상근거 부족,0,ASOS 공통 조사월 0개에서 기온·습도·강수·풍속의 관측 연관성을 추세 연장분에만 최대 ±3점으로 제한 적용(보정 +0점). 2027년 미래 기상값은 생성하거나 가정하지 않았습니다.,F27-WX1 설명가능 완화추세,"2024·2026 관측자료와 ASOS 공통 조사월의 연관성을 이용한 상대 위험 전망입니다. 2026년은 부분연도이며, 2027년 실제 기상·발생·확률을 확정하지 않습니다."
고추,노지고추-진딧물류,해충,충청남도,,34.0,,전망자료 부족,낮음,5,2026,"양년 자료 없음, 공통 조사단위 0개, 유효 관측 5건, 결측률 0.0%, 단위별 변화 변동성 100.0점. 제한된 비교 단위 또는 변동성 때문에 보수적으로 낮게 평가합니다. 2024·2026 두 개 연도의 NCPMS 예찰자료만 사용한 상대 위험 전망으로, 기상·재배면적·방제 변화와 2027년 실제 발생을 확정하지 않습니다. ASOS 공통 조사월 0개에서 기온·습도·강수·풍속의 관측 연관성을 추세 연장분에만 최대 ±3점으로 제한 적용(보정 +0점). 2027년 미래 기상값은 생성하거나 가정하지 않았습니다.",전망자료 부족,,,0.0,—,기상근거 부족,0,ASOS 공통 조사월 0개에서 기온·습도·강수·풍속의 관측 연관성을 추세 연장분에만 최대 ±3점으로 제한 적용(보정 +0점). 2027년 미래 기상값은 생성하거나 가정하지 않았습니다.,F27-WX1 설명가능 완화추세,"2024·2026 관측자료와 ASOS 공통 조사월의 연관성을 이용한 상대 위험 전망입니다. 2026년은 부분연도이며, 2027년 실제 기상·발생·확률을 확정하지 않습니다."
고추,노지고추-진딧물류,해충,충청북도,,1.0,,전망자료 부족,낮음,5,2026,"양년 자료 없음, 공통 조사단위 0개, 유효 관측 5건, 결측률 0.0%, 단위별 변화 변동성 100.0점. 제한된 비교 단위 또는 변동성 때문에 보수적으로 낮게 평가합니다. 2024·2026 두 개 연도의 NCPMS 예찰자료만 사용한 상대 위험 전망으로, 기상·재배면적·방제 변화와 2027년 실제 발생을 확정하지 않습니다. ASOS 공통 조사월 0개에서 기온·습도·강수·풍속의 관측 연관성을 추세 연장분에만 최대 ±3점으로 제한 적용(보정 +0점). 2027년 미래 기상값은 생성하거나 가정하지 않았습니다.",전망자료 부족,,,0.0,—,기상근거 부족,0,ASOS 공통 조사월 0개에서 기온·습도·강수·풍속의 관측 연관성을 추세 연장분에만 최대 ±3점으로 제한 적용(보정 +0점). 2027년 미래 기상값은 생성하거나 가정하지 않았습니다.,F27-WX1 설명가능 완화추세,"2024·2026 관측자료와 ASOS 공통 조사월의 연관성을 이용한 상대 위험 전망입니다. 2026년은 부분연도이며, 2027년 실제 기상·발생·확률을 확정하지 않습니다."
고추,노지고추-총채벌레류,해충,강원특별자치도,,4.0,,전망자료 부족,낮음,5,2026,"양년 자료 없음, 공통 조사단위 0개, 유효 관측 5건, 결측률 0.0%, 단위별 변화 변동성 100.0점. 제한된 비교 단위 또는 변동성 때문에 보수적으로 낮게 평가합니다. 2024·2026 두 개 연도의 NCPMS 예찰자료만 사용한 상대 위험 전망으로, 기상·재배면적·방제 변화와 2027년 실제 발생을 확정하지 않습니다. ASOS 공통 조사월 0개에서 기온·습도·강수·풍속의 관측 연관성을 추세 연장분에만 최대 ±3점으로 제한 적용(보정 +0점). 2027년 미래 기상값은 생성하거나 가정하지 않았습니다.",전망자료 부족,,,0.0,—,기상근거 부족,0,ASOS 공통 조사월 0개에서 기온·습도·강수·풍속의 관측 연관성을 추세 연장분에만 최대 ±3점으로 제한 적용(보정 +0점). 2027년 미래 기상값은 생성하거나 가정하지 않았습니다.,F27-WX1 설명가능 완화추세,"2024·2026 관측자료와 ASOS 공통 조사월의 연관성을 이용한 상대 위험 전망입니다. 2026년은 부분연도이며, 2027년 실제 기상·발생·확률을 확정하지 않습니다."
고추,노지고추-총채벌레류,해충,경기도,,62.0,,전망자료 부족,낮음,5,2026,"양년 자료 없음, 공통 조사단위 0개, 유효 관측 5건, 결측률 0.0%, 단위별 변화 변동성 100.0점. 제한된 비교 단위 또는 변동성 때문에 보수적으로 낮게 평가합니다. 2024·2026 두 개 연도의 NCPMS 예찰자료만 사용한 상대 위험 전망으로, 기상·재배면적·방제 변화와 2027년 실제 발생을 확정하지 않습니다. ASOS 공통 조사월 0개에서 기온·습도·강수·풍속의 관측 연관성을 추세 연장분에만 최대 ±3점으로 제한 적용(보정 +0점). 2027년 미래 기상값은 생성하거나 가정하지 않았습니다.",전망자료 부족,,,0.0,—,기상근거 부족,0,ASOS 공통 조사월 0개에서 기온·습도·강수·풍속의 관측 연관성을 추세 연장분에만 최대 ±3점으로 제한 적용(보정 +0점). 2027년 미래 기상값은 생성하거나 가정하지 않았습니다.,F27-WX1 설명가능 완화추세,"2024·2026 관측자료와 ASOS 공통 조사월의 연관성을 이용한 상대 위험 전망입니다. 2026년은 부분연도이며, 2027년 실제 기상·발생·확률을 확정하지 않습니다."
고추,노지고추-총채벌레류,해충,경상남도,,1.0,,전망자료 부족,낮음,5,2026,"양년 자료 없음, 공통 조사단위 0개, 유효 관측 5건, 결측률 0.0%, 단위별 변화 변동성 100.0점. 제한된 비교 단위 또는 변동성 때문에 보수적으로 낮게 평가합니다. 2024·2026 두 개 연도의 NCPMS 예찰자료만 사용한 상대 위험 전망으로, 기상·재배면적·방제 변화와 2027년 실제 발생을 확정하지 않습니다. ASOS 공통 조사월 0개에서 기온·습도·강수·풍속의 관측 연관성을 추세 연장분에만 최대 ±3점으로 제한 적용(보정 +0점). 2027년 미래 기상값은 생성하거나 가정하지 않았습니다.",전망자료 부족,,,0.0,—,기상근거 부족,0,ASOS 공통 조사월 0개에서 기온·습도·강수·풍속의 관측 연관성을 추세 연장분에만 최대 ±3점으로 제한 적용(보정 +0점). 2027년 미래 기상값은 생성하거나 가정하지 않았습니다.,F27-WX1 설명가능 완화추세,"2024·2026 관측자료와 ASOS 공통 조사월의 연관성을 이용한 상대 위험 전망입니다. 2026년은 부분연도이며, 2027년 실제 기상·발생·확률을 확정하지 않습니다."
고추,노지고추-총채벌레류,해충,경상북도,,7.0,,전망자료 부족,낮음,5,2026,"양년 자료 없음, 공통 조사단위 0개, 유효 관측 5건, 결측률 0.0%, 단위별 변화 변동성 100.0점. 제한된 비교 단위 또는 변동성 때문에 보수적으로 낮게 평가합니다. 2024·2026 두 개 연도의 NCPMS 예찰자료만 사용한 상대 위험 전망으로, 기상·재배면적·방제 변화와 2027년 실제 발생을 확정하지 않습니다. ASOS 공통 조사월 0개에서 기온·습도·강수·풍속의 관측 연관성을 추세 연장분에만 최대 ±3점으로 제한 적용(보정 +0점). 2027년 미래 기상값은 생성하거나 가정하지 않았습니다.",전망자료 부족,,,0.0,—,기상근거 부족,0,ASOS 공통 조사월 0개에서 기온·습도·강수·풍속의 관측 연관성을 추세 연장분에만 최대 ±3점으로 제한 적용(보정 +0점). 2027년 미래 기상값은 생성하거나 가정하지 않았습니다.,F27-WX1 설명가능 완화추세,"2024·2026 관측자료와 ASOS 공통 조사월의 연관성을 이용한 상대 위험 전망입니다. 2026년은 부분연도이며, 2027년 실제 기상·발생·확률을 확정하지 않습니다."
고추,노지고추-총채벌레류,해충,대구광역시,,0.0,,전망자료 부족,낮음,5,2026,"양년 자료 없음, 공통 조사단위 0개, 유효 관측 5건, 결측률 0.0%, 단위별 변화 변동성 100.0점. 제한된 비교 단위 또는 변동성 때문에 보수적으로 낮게 평가합니다. 2024·2026 두 개 연도의 NCPMS 예찰자료만 사용한 상대 위험 전망으로, 기상·재배면적·방제 변화와 2027년 실제 발생을 확정하지 않습니다. ASOS 공통 조사월 0개에서 기온·습도·강수·풍속의 관측 연관성을 추세 연장분에만 최대 ±3점으로 제한 적용(보정 +0점). 2027년 미래 기상값은 생성하거나 가정하지 않았습니다.",전망자료 부족,,,0.0,—,기상근거 부족,0,ASOS 공통 조사월 0개에서 기온·습도·강수·풍속의 관측 연관성을 추세 연장분에만 최대 ±3점으로 제한 적용(보정 +0점). 2027년 미래 기상값은 생성하거나 가정하지 않았습니다.,F27-WX1 설명가능 완화추세,"2024·2026 관측자료와 ASOS 공통 조사월의 연관성을 이용한 상대 위험 전망입니다. 2026년은 부분연도이며, 2027년 실제 기상·발생·확률을 확정하지 않습니다."
고추,노지고추-총채벌레류,해충,전남광주통합특별시,,76.0,,전망자료 부족,낮음,5,2026,"양년 자료 없음, 공통 조사단위 0개, 유효 관측 5건, 결측률 0.0%, 단위별 변화 변동성 100.0점. 제한된 비교 단위 또는 변동성 때문에 보수적으로 낮게 평가합니다. 2024·2026 두 개 연도의 NCPMS 예찰자료만 사용한 상대 위험 전망으로, 기상·재배면적·방제 변화와 2027년 실제 발생을 확정하지 않습니다. ASOS 공통 조사월 0개에서 기온·습도·강수·풍속의 관측 연관성을 추세 연장분에만 최대 ±3점으로 제한 적용(보정 +0점). 2027년 미래 기상값은 생성하거나 가정하지 않았습니다.",전망자료 부족,,,0.0,—,기상근거 부족,0,ASOS 공통 조사월 0개에서 기온·습도·강수·풍속의 관측 연관성을 추세 연장분에만 최대 ±3점으로 제한 적용(보정 +0점). 2027년 미래 기상값은 생성하거나 가정하지 않았습니다.,F27-WX1 설명가능 완화추세,"2024·2026 관측자료와 ASOS 공통 조사월의 연관성을 이용한 상대 위험 전망입니다. 2026년은 부분연도이며, 2027년 실제 기상·발생·확률을 확정하지 않습니다."
고추,노지고추-총채벌레류,해충,전북특별자치도,,4.0,,전망자료 부족,낮음,5,2026,"양년 자료 없음, 공통 조사단위 0개, 유효 관측 5건, 결측률 0.0%, 단위별 변화 변동성 100.0점. 제한된 비교 단위 또는 변동성 때문에 보수적으로 낮게 평가합니다. 2024·2026 두 개 연도의 NCPMS 예찰자료만 사용한 상대 위험 전망으로, 기상·재배면적·방제 변화와 2027년 실제 발생을 확정하지 않습니다. ASOS 공통 조사월 0개에서 기온·습도·강수·풍속의 관측 연관성을 추세 연장분에만 최대 ±3점으로 제한 적용(보정 +0점). 2027년 미래 기상값은 생성하거나 가정하지 않았습니다.",전망자료 부족,,,0.0,—,기상근거 부족,0,ASOS 공통 조사월 0개에서 기온·습도·강수·풍속의 관측 연관성을 추세 연장분에만 최대 ±3점으로 제한 적용(보정 +0점). 2027년 미래 기상값은 생성하거나 가정하지 않았습니다.,F27-WX1 설명가능 완화추세,"2024·2026 관측자료와 ASOS 공통 조사월의 연관성을 이용한 상대 위험 전망입니다. 2026년은 부분연도이며, 2027년 실제 기상·발생·확률을 확정하지 않습니다."
고추,노지고추-총채벌레류,해충,충청남도,,23.0,,전망자료 부족,낮음,5,2026,"양년 자료 없음, 공통 조사단위 0개, 유효 관측 5건, 결측률 0.0%, 단위별 변화 변동성 100.0점. 제한된 비교 단위 또는 변동성 때문에 보수적으로 낮게 평가합니다. 2024·2026 두 개 연도의 NCPMS 예찰자료만 사용한 상대 위험 전망으로, 기상·재배면적·방제 변화와 2027년 실제 발생을 확정하지 않습니다. ASOS 공통 조사월 0개에서 기온·습도·강수·풍속의 관측 연관성을 추세 연장분에만 최대 ±3점으로 제한 적용(보정 +0점). 2027년 미래 기상값은 생성하거나 가정하지 않았습니다.",전망자료 부족,,,0.0,—,기상근거 부족,0,ASOS 공통 조사월 0개에서 기온·습도·강수·풍속의 관측 연관성을 추세 연장분에만 최대 ±3점으로 제한 적용(보정 +0점). 2027년 미래 기상값은 생성하거나 가정하지 않았습니다.,F27-WX1 설명가능 완화추세,"2024·2026 관측자료와 ASOS 공통 조사월의 연관성을 이용한 상대 위험 전망입니다. 2026년은 부분연도이며, 2027년 실제 기상·발생·확률을 확정하지 않습니다."
고추,노지고추-총채벌레류,해충,충청북도,,4.0,,전망자료 부족,낮음,5,2026,"양년 자료 없음, 공통 조사단위 0개, 유효 관측 5건, 결측률 0.0%, 단위별 변화 변동성 100.0점. 제한된 비교 단위 또는 변동성 때문에 보수적으로 낮게 평가합니다. 2024·2026 두 개 연도의 NCPMS 예찰자료만 사용한 상대 위험 전망으로, 기상·재배면적·방제 변화와 2027년 실제 발생을 확정하지 않습니다. ASOS 공통 조사월 0개에서 기온·습도·강수·풍속의 관측 연관성을 추세 연장분에만 최대 ±3점으로 제한 적용(보정 +0점). 2027년 미래 기상값은 생성하거나 가정하지 않았습니다.",전망자료 부족,,,0.0,—,기상근거 부족,0,ASOS 공통 조사월 0개에서 기온·습도·강수·풍속의 관측 연관성을 추세 연장분에만 최대 ±3점으로 제한 적용(보정 +0점). 2027년 미래 기상값은 생성하거나 가정하지 않았습니다.,F27-WX1 설명가능 완화추세,"2024·2026 관측자료와 ASOS 공통 조사월의 연관성을 이용한 상대 위험 전망입니다. 2026년은 부분연도이며, 2027년 실제 기상·발생·확률을 확정하지 않습니다."
고추,노지고추-탄저병,병해,강원특별자치도,,18.0,,전망자료 부족,낮음,5,2026,"양년 자료 없음, 공통 조사단위 0개, 유효 관측 5건, 결측률 0.0%, 단위별 변화 변동성 100.0점. 제한된 비교 단위 또는 변동성 때문에 보수적으로 낮게 평가합니다. 2024·2026 두 개 연도의 NCPMS 예찰자료만 사용한 상대 위험 전망으로, 기상·재배면적·방제 변화와 2027년 실제 발생을 확정하지 않습니다. ASOS 공통 조사월 0개에서 기온·습도·강수·풍속의 관측 연관성을 추세 연장분에만 최대 ±3점으로 제한 적용(보정 +0점). 2027년 미래 기상값은 생성하거나 가정하지 않았습니다.",전망자료 부족,,,0.0,—,기상근거 부족,0,ASOS 공통 조사월 0개에서 기온·습도·강수·풍속의 관측 연관성을 추세 연장분에만 최대 ±3점으로 제한 적용(보정 +0점). 2027년 미래 기상값은 생성하거나 가정하지 않았습니다.,F27-WX1 설명가능 완화추세,"2024·2026 관측자료와 ASOS 공통 조사월의 연관성을 이용한 상대 위험 전망입니다. 2026년은 부분연도이며, 2027년 실제 기상·발생·확률을 확정하지 않습니다."
고추,노지고추-탄저병,병해,경기도,,9.0,,전망자료 부족,낮음,5,2026,"양년 자료 없음, 공통 조사단위 0개, 유효 관측 5건, 결측률 0.0%, 단위별 변화 변동성 100.0점. 제한된 비교 단위 또는 변동성 때문에 보수적으로 낮게 평가합니다. 2024·2026 두 개 연도의 NCPMS 예찰자료만 사용한 상대 위험 전망으로, 기상·재배면적·방제 변화와 2027년 실제 발생을 확정하지 않습니다. ASOS 공통 조사월 0개에서 기온·습도·강수·풍속의 관측 연관성을 추세 연장분에만 최대 ±3점으로 제한 적용(보정 +0점). 2027년 미래 기상값은 생성하거나 가정하지 않았습니다.",전망자료 부족,,,0.0,—,기상근거 부족,0,ASOS 공통 조사월 0개에서 기온·습도·강수·풍속의 관측 연관성을 추세 연장분에만 최대 ±3점으로 제한 적용(보정 +0점). 2027년 미래 기상값은 생성하거나 가정하지 않았습니다.,F27-WX1 설명가능 완화추세,"2024·2026 관측자료와 ASOS 공통 조사월의 연관성을 이용한 상대 위험 전망입니다. 2026년은 부분연도이며, 2027년 실제 기상·발생·확률을 확정하지 않습니다."
고추,노지고추-탄저병,병해,경상남도,,0.0,,전망자료 부족,낮음,5,2026,"양년 자료 없음, 공통 조사단위 0개, 유효 관측 5건, 결측률 0.0%, 단위별 변화 변동성 100.0점. 제한된 비교 단위 또는 변동성 때문에 보수적으로 낮게 평가합니다. 2024·2026 두 개 연도의 NCPMS 예찰자료만 사용한 상대 위험 전망으로, 기상·재배면적·방제 변화와 2027년 실제 발생을 확정하지 않습니다. ASOS 공통 조사월 0개에서 기온·습도·강수·풍속의 관측 연관성을 추세 연장분에만 최대 ±3점으로 제한 적용(보정 +0점). 2027년 미래 기상값은 생성하거나 가정하지 않았습니다.",전망자료 부족,,,0.0,—,기상근거 부족,0,ASOS 공통 조사월 0개에서 기온·습도·강수·풍속의 관측 연관성을 추세 연장분에만 최대 ±3점으로 제한 적용(보정 +0점). 2027년 미래 기상값은 생성하거나 가정하지 않았습니다.,F27-WX1 설명가능 완화추세,"2024·2026 관측자료와 ASOS 공통 조사월의 연관성을 이용한 상대 위험 전망입니다. 2026년은 부분연도이며, 2027년 실제 기상·발생·확률을 확정하지 않습니다."
고추,노지고추-탄저병,병해,경상북도,,9.0,,전망자료 부족,낮음,5,2026,"양년 자료 없음, 공통 조사단위 0개, 유효 관측 5건, 결측률 0.0%, 단위별 변화 변동성 100.0점. 제한된 비교 단위 또는 변동성 때문에 보수적으로 낮게 평가합니다. 2024·2026 두 개 연도의 NCPMS 예찰자료만 사용한 상대 위험 전망으로, 기상·재배면적·방제 변화와 2027년 실제 발생을 확정하지 않습니다. ASOS 공통 조사월 0개에서 기온·습도·강수·풍속의 관측 연관성을 추세 연장분에만 최대 ±3점으로 제한 적용(보정 +0점). 2027년 미래 기상값은 생성하거나 가정하지 않았습니다.",전망자료 부족,,,0.0,—,기상근거 부족,0,ASOS 공통 조사월 0개에서 기온·습도·강수·풍속의 관측 연관성을 추세 연장분에만 최대 ±3점으로 제한 적용(보정 +0점). 2027년 미래 기상값은 생성하거나 가정하지 않았습니다.,F27-WX1 설명가능 완화추세,"2024·2026 관측자료와 ASOS 공통 조사월의 연관성을 이용한 상대 위험 전망입니다. 2026년은 부분연도이며, 2027년 실제 기상·발생·확률을 확정하지 않습니다."
고추,노지고추-탄저병,병해,대구광역시,,0.0,,전망자료 부족,낮음,5,2026,"양년 자료 없음, 공통 조사단위 0개, 유효 관측 5건, 결측률 0.0%, 단위별 변화 변동성 100.0점. 제한된 비교 단위 또는 변동성 때문에 보수적으로 낮게 평가합니다. 2024·2026 두 개 연도의 NCPMS 예찰자료만 사용한 상대 위험 전망으로, 기상·재배면적·방제 변화와 2027년 실제 발생을 확정하지 않습니다. ASOS 공통 조사월 0개에서 기온·습도·강수·풍속의 관측 연관성을 추세 연장분에만 최대 ±3점으로 제한 적용(보정 +0점). 2027년 미래 기상값은 생성하거나 가정하지 않았습니다.",전망자료 부족,,,0.0,—,기상근거 부족,0,ASOS 공통 조사월 0개에서 기온·습도·강수·풍속의 관측 연관성을 추세 연장분에만 최대 ±3점으로 제한 적용(보정 +0점). 2027년 미래 기상값은 생성하거나 가정하지 않았습니다.,F27-WX1 설명가능 완화추세,"2024·2026 관측자료와 ASOS 공통 조사월의 연관성을 이용한 상대 위험 전망입니다. 2026년은 부분연도이며, 2027년 실제 기상·발생·확률을 확정하지 않습니다."
고추,노지고추-탄저병,병해,전남광주통합특별시,,16.0,,전망자료 부족,낮음,5,2026,"양년 자료 없음, 공통 조사단위 0개, 유효 관측 5건, 결측률 0.0%, 단위별 변화 변동성 100.0점. 제한된 비교 단위 또는 변동성 때문에 보수적으로 낮게 평가합니다. 2024·2026 두 개 연도의 NCPMS 예찰자료만 사용한 상대 위험 전망으로, 기상·재배면적·방제 변화와 2027년 실제 발생을 확정하지 않습니다. ASOS 공통 조사월 0개에서 기온·습도·강수·풍속의 관측 연관성을 추세 연장분에만 최대 ±3점으로 제한 적용(보정 +0점). 2027년 미래 기상값은 생성하거나 가정하지 않았습니다.",전망자료 부족,,,0.0,—,기상근거 부족,0,ASOS 공통 조사월 0개에서 기온·습도·강수·풍속의 관측 연관성을 추세 연장분에만 최대 ±3점으로 제한 적용(보정 +0점). 2027년 미래 기상값은 생성하거나 가정하지 않았습니다.,F27-WX1 설명가능 완화추세,"2024·2026 관측자료와 ASOS 공통 조사월의 연관성을 이용한 상대 위험 전망입니다. 2026년은 부분연도이며, 2027년 실제 기상·발생·확률을 확정하지 않습니다."
고추,노지고추-탄저병,병해,전북특별자치도,,46.0,,전망자료 부족,낮음,5,2026,"양년 자료 없음, 공통 조사단위 0개, 유효 관측 5건, 결측률 0.0%, 단위별 변화 변동성 100.0점. 제한된 비교 단위 또는 변동성 때문에 보수적으로 낮게 평가합니다. 2024·2026 두 개 연도의 NCPMS 예찰자료만 사용한 상대 위험 전망으로, 기상·재배면적·방제 변화와 2027년 실제 발생을 확정하지 않습니다. ASOS 공통 조사월 0개에서 기온·습도·강수·풍속의 관측 연관성을 추세 연장분에만 최대 ±3점으로 제한 적용(보정 +0점). 2027년 미래 기상값은 생성하거나 가정하지 않았습니다.",전망자료 부족,,,0.0,—,기상근거 부족,0,ASOS 공통 조사월 0개에서 기온·습도·강수·풍속의 관측 연관성을 추세 연장분에만 최대 ±3점으로 제한 적용(보정 +0점). 2027년 미래 기상값은 생성하거나 가정하지 않았습니다.,F27-WX1 설명가능 완화추세,"2024·2026 관측자료와 ASOS 공통 조사월의 연관성을 이용한 상대 위험 전망입니다. 2026년은 부분연도이며, 2027년 실제 기상·발생·확률을 확정하지 않습니다."
고추,노지고추-탄저병,병해,충청남도,,32.0,,전망자료 부족,낮음,5,2026,"양년 자료 없음, 공통 조사단위 0개, 유효 관측 5건, 결측률 0.0%, 단위별 변화 변동성 100.0점. 제한된 비교 단위 또는 변동성 때문에 보수적으로 낮게 평가합니다. 2024·2026 두 개 연도의 NCPMS 예찰자료만 사용한 상대 위험 전망으로, 기상·재배면적·방제 변화와 2027년 실제 발생을 확정하지 않습니다. ASOS 공통 조사월 0개에서 기온·습도·강수·풍속의 관측 연관성을 추세 연장분에만 최대 ±3점으로 제한 적용(보정 +0점). 2027년 미래 기상값은 생성하거나 가정하지 않았습니다.",전망자료 부족,,,0.0,—,기상근거 부족,0,ASOS 공통 조사월 0개에서 기온·습도·강수·풍속의 관측 연관성을 추세 연장분에만 최대 ±3점으로 제한 적용(보정 +0점). 2027년 미래 기상값은 생성하거나 가정하지 않았습니다.,F27-WX1 설명가능 완화추세,"2024·2026 관측자료와 ASOS 공통 조사월의 연관성을 이용한 상대 위험 전망입니다. 2026년은 부분연도이며, 2027년 실제 기상·발생·확률을 확정하지 않습니다."
고추,노지고추-탄저병,병해,충청북도,,22.0,,전망자료 부족,낮음,5,2026,"양년 자료 없음, 공통 조사단위 0개, 유효 관측 5건, 결측률 0.0%, 단위별 변화 변동성 100.0점. 제한된 비교 단위 또는 변동성 때문에 보수적으로 낮게 평가합니다. 2024·2026 두 개 연도의 NCPMS 예찰자료만 사용한 상대 위험 전망으로, 기상·재배면적·방제 변화와 2027년 실제 발생을 확정하지 않습니다. ASOS 공통 조사월 0개에서 기온·습도·강수·풍속의 관측 연관성을 추세 연장분에만 최대 ±3점으로 제한 적용(보정 +0점). 2027년 미래 기상값은 생성하거나 가정하지 않았습니다.",전망자료 부족,,,0.0,—,기상근거 부족,0,ASOS 공통 조사월 0개에서 기온·습도·강수·풍속의 관측 연관성을 추세 연장분에만 최대 ±3점으로 제한 적용(보정 +0점). 2027년 미래 기상값은 생성하거나 가정하지 않았습니다.,F27-WX1 설명가능 완화추세,"2024·2026 관측자료와 ASOS 공통 조사월의 연관성을 이용한 상대 위험 전망입니다. 2026년은 부분연도이며, 2027년 실제 기상·발생·확률을 확정하지 않습니다."
고추,노지고추-풋마름병,병해,강원특별자치도,,16.0,,전망자료 부족,낮음,5,2026,"양년 자료 없음, 공통 조사단위 0개, 유효 관측 5건, 결측률 0.0%, 단위별 변화 변동성 100.0점. 제한된 비교 단위 또는 변동성 때문에 보수적으로 낮게 평가합니다. 2024·2026 두 개 연도의 NCPMS 예찰자료만 사용한 상대 위험 전망으로, 기상·재배면적·방제 변화와 2027년 실제 발생을 확정하지 않습니다. ASOS 공통 조사월 0개에서 기온·습도·강수·풍속의 관측 연관성을 추세 연장분에만 최대 ±3점으로 제한 적용(보정 +0점). 2027년 미래 기상값은 생성하거나 가정하지 않았습니다.",전망자료 부족,,,0.0,—,기상근거 부족,0,ASOS 공통 조사월 0개에서 기온·습도·강수·풍속의 관측 연관성을 추세 연장분에만 최대 ±3점으로 제한 적용(보정 +0점). 2027년 미래 기상값은 생성하거나 가정하지 않았습니다.,F27-WX1 설명가능 완화추세,"2024·2026 관측자료와 ASOS 공통 조사월의 연관성을 이용한 상대 위험 전망입니다. 2026년은 부분연도이며, 2027년 실제 기상·발생·확률을 확정하지 않습니다."
고추,노지고추-풋마름병,병해,경기도,,20.0,,전망자료 부족,낮음,5,2026,"양년 자료 없음, 공통 조사단위 0개, 유효 관측 5건, 결측률 0.0%, 단위별 변화 변동성 100.0점. 제한된 비교 단위 또는 변동성 때문에 보수적으로 낮게 평가합니다. 2024·2026 두 개 연도의 NCPMS 예찰자료만 사용한 상대 위험 전망으로, 기상·재배면적·방제 변화와 2027년 실제 발생을 확정하지 않습니다. ASOS 공통 조사월 0개에서 기온·습도·강수·풍속의 관측 연관성을 추세 연장분에만 최대 ±3점으로 제한 적용(보정 +0점). 2027년 미래 기상값은 생성하거나 가정하지 않았습니다.",전망자료 부족,,,0.0,—,기상근거 부족,0,ASOS 공통 조사월 0개에서 기온·습도·강수·풍속의 관측 연관성을 추세 연장분에만 최대 ±3점으로 제한 적용(보정 +0점). 2027년 미래 기상값은 생성하거나 가정하지 않았습니다.,F27-WX1 설명가능 완화추세,"2024·2026 관측자료와 ASOS 공통 조사월의 연관성을 이용한 상대 위험 전망입니다. 2026년은 부분연도이며, 2027년 실제 기상·발생·확률을 확정하지 않습니다."
고추,노지고추-풋마름병,병해,경상남도,,0.0,,전망자료 부족,낮음,5,2026,"양년 자료 없음, 공통 조사단위 0개, 유효 관측 5건, 결측률 0.0%, 단위별 변화 변동성 100.0점. 제한된 비교 단위 또는 변동성 때문에 보수적으로 낮게 평가합니다. 2024·2026 두 개 연도의 NCPMS 예찰자료만 사용한 상대 위험 전망으로, 기상·재배면적·방제 변화와 2027년 실제 발생을 확정하지 않습니다. ASOS 공통 조사월 0개에서 기온·습도·강수·풍속의 관측 연관성을 추세 연장분에만 최대 ±3점으로 제한 적용(보정 +0점). 2027년 미래 기상값은 생성하거나 가정하지 않았습니다.",전망자료 부족,,,0.0,—,기상근거 부족,0,ASOS 공통 조사월 0개에서 기온·습도·강수·풍속의 관측 연관성을 추세 연장분에만 최대 ±3점으로 제한 적용(보정 +0점). 2027년 미래 기상값은 생성하거나 가정하지 않았습니다.,F27-WX1 설명가능 완화추세,"2024·2026 관측자료와 ASOS 공통 조사월의 연관성을 이용한 상대 위험 전망입니다. 2026년은 부분연도이며, 2027년 실제 기상·발생·확률을 확정하지 않습니다."
고추,노지고추-풋마름병,병해,경상북도,,3.0,,전망자료 부족,낮음,5,2026,"양년 자료 없음, 공통 조사단위 0개, 유효 관측 5건, 결측률 0.0%, 단위별 변화 변동성 100.0점. 제한된 비교 단위 또는 변동성 때문에 보수적으로 낮게 평가합니다. 2024·2026 두 개 연도의 NCPMS 예찰자료만 사용한 상대 위험 전망으로, 기상·재배면적·방제 변화와 2027년 실제 발생을 확정하지 않습니다. ASOS 공통 조사월 0개에서 기온·습도·강수·풍속의 관측 연관성을 추세 연장분에만 최대 ±3점으로 제한 적용(보정 +0점). 2027년 미래 기상값은 생성하거나 가정하지 않았습니다.",전망자료 부족,,,0.0,—,기상근거 부족,0,ASOS 공통 조사월 0개에서 기온·습도·강수·풍속의 관측 연관성을 추세 연장분에만 최대 ±3점으로 제한 적용(보정 +0점). 2027년 미래 기상값은 생성하거나 가정하지 않았습니다.,F27-WX1 설명가능 완화추세,"2024·2026 관측자료와 ASOS 공통 조사월의 연관성을 이용한 상대 위험 전망입니다. 2026년은 부분연도이며, 2027년 실제 기상·발생·확률을 확정하지 않습니다."
고추,노지고추-풋마름병,병해,대구광역시,,0.0,,전망자료 부족,낮음,5,2026,"양년 자료 없음, 공통 조사단위 0개, 유효 관측 5건, 결측률 0.0%, 단위별 변화 변동성 100.0점. 제한된 비교 단위 또는 변동성 때문에 보수적으로 낮게 평가합니다. 2024·2026 두 개 연도의 NCPMS 예찰자료만 사용한 상대 위험 전망으로, 기상·재배면적·방제 변화와 2027년 실제 발생을 확정하지 않습니다. ASOS 공통 조사월 0개에서 기온·습도·강수·풍속의 관측 연관성을 추세 연장분에만 최대 ±3점으로 제한 적용(보정 +0점). 2027년 미래 기상값은 생성하거나 가정하지 않았습니다.",전망자료 부족,,,0.0,—,기상근거 부족,0,ASOS 공통 조사월 0개에서 기온·습도·강수·풍속의 관측 연관성을 추세 연장분에만 최대 ±3점으로 제한 적용(보정 +0점). 2027년 미래 기상값은 생성하거나 가정하지 않았습니다.,F27-WX1 설명가능 완화추세,"2024·2026 관측자료와 ASOS 공통 조사월의 연관성을 이용한 상대 위험 전망입니다. 2026년은 부분연도이며, 2027년 실제 기상·발생·확률을 확정하지 않습니다."
고추,노지고추-풋마름병,병해,전남광주통합특별시,,40.0,,전망자료 부족,낮음,5,2026,"양년 자료 없음, 공통 조사단위 0개, 유효 관측 5건, 결측률 0.0%, 단위별 변화 변동성 100.0점. 제한된 비교 단위 또는 변동성 때문에 보수적으로 낮게 평가합니다. 2024·2026 두 개 연도의 NCPMS 예찰자료만 사용한 상대 위험 전망으로, 기상·재배면적·방제 변화와 2027년 실제 발생을 확정하지 않습니다. ASOS 공통 조사월 0개에서 기온·습도·강수·풍속의 관측 연관성을 추세 연장분에만 최대 ±3점으로 제한 적용(보정 +0점). 2027년 미래 기상값은 생성하거나 가정하지 않았습니다.",전망자료 부족,,,0.0,—,기상근거 부족,0,ASOS 공통 조사월 0개에서 기온·습도·강수·풍속의 관측 연관성을 추세 연장분에만 최대 ±3점으로 제한 적용(보정 +0점). 2027년 미래 기상값은 생성하거나 가정하지 않았습니다.,F27-WX1 설명가능 완화추세,"2024·2026 관측자료와 ASOS 공통 조사월의 연관성을 이용한 상대 위험 전망입니다. 2026년은 부분연도이며, 2027년 실제 기상·발생·확률을 확정하지 않습니다."
고추,노지고추-풋마름병,병해,전북특별자치도,,25.0,,전망자료 부족,낮음,5,2026,"양년 자료 없음, 공통 조사단위 0개, 유효 관측 5건, 결측률 0.0%, 단위별 변화 변동성 100.0점. 제한된 비교 단위 또는 변동성 때문에 보수적으로 낮게 평가합니다. 2024·2026 두 개 연도의 NCPMS 예찰자료만 사용한 상대 위험 전망으로, 기상·재배면적·방제 변화와 2027년 실제 발생을 확정하지 않습니다. ASOS 공통 조사월 0개에서 기온·습도·강수·풍속의 관측 연관성을 추세 연장분에만 최대 ±3점으로 제한 적용(보정 +0점). 2027년 미래 기상값은 생성하거나 가정하지 않았습니다.",전망자료 부족,,,0.0,—,기상근거 부족,0,ASOS 공통 조사월 0개에서 기온·습도·강수·풍속의 관측 연관성을 추세 연장분에만 최대 ±3점으로 제한 적용(보정 +0점). 2027년 미래 기상값은 생성하거나 가정하지 않았습니다.,F27-WX1 설명가능 완화추세,"2024·2026 관측자료와 ASOS 공통 조사월의 연관성을 이용한 상대 위험 전망입니다. 2026년은 부분연도이며, 2027년 실제 기상·발생·확률을 확정하지 않습니다."
고추,노지고추-풋마름병,병해,충청남도,,7.0,,전망자료 부족,낮음,5,2026,"양년 자료 없음, 공통 조사단위 0개, 유효 관측 5건, 결측률 0.0%, 단위별 변화 변동성 100.0점. 제한된 비교 단위 또는 변동성 때문에 보수적으로 낮게 평가합니다. 2024·2026 두 개 연도의 NCPMS 예찰자료만 사용한 상대 위험 전망으로, 기상·재배면적·방제 변화와 2027년 실제 발생을 확정하지 않습니다. ASOS 공통 조사월 0개에서 기온·습도·강수·풍속의 관측 연관성을 추세 연장분에만 최대 ±3점으로 제한 적용(보정 +0점). 2027년 미래 기상값은 생성하거나 가정하지 않았습니다.",전망자료 부족,,,0.0,—,기상근거 부족,0,ASOS 공통 조사월 0개에서 기온·습도·강수·풍속의 관측 연관성을 추세 연장분에만 최대 ±3점으로 제한 적용(보정 +0점). 2027년 미래 기상값은 생성하거나 가정하지 않았습니다.,F27-WX1 설명가능 완화추세,"2024·2026 관측자료와 ASOS 공통 조사월의 연관성을 이용한 상대 위험 전망입니다. 2026년은 부분연도이며, 2027년 실제 기상·발생·확률을 확정하지 않습니다."
고추,노지고추-풋마름병,병해,충청북도,,44.0,,전망자료 부족,낮음,5,2026,"양년 자료 없음, 공통 조사단위 0개, 유효 관측 5건, 결측률 0.0%, 단위별 변화 변동성 100.0점. 제한된 비교 단위 또는 변동성 때문에 보수적으로 낮게 평가합니다. 2024·2026 두 개 연도의 NCPMS 예찰자료만 사용한 상대 위험 전망으로, 기상·재배면적·방제 변화와 2027년 실제 발생을 확정하지 않습니다. ASOS 공통 조사월 0개에서 기온·습도·강수·풍속의 관측 연관성을 추세 연장분에만 최대 ±3점으로 제한 적용(보정 +0점). 2027년 미래 기상값은 생성하거나 가정하지 않았습니다.",전망자료 부족,,,0.0,—,기상근거 부족,0,ASOS 공통 조사월 0개에서 기온·습도·강수·풍속의 관측 연관성을 추세 연장분에만 최대 ±3점으로 제한 적용(보정 +0점). 2027년 미래 기상값은 생성하거나 가정하지 않았습니다.,F27-WX1 설명가능 완화추세,"2024·2026 관측자료와 ASOS 공통 조사월의 연관성을 이용한 상대 위험 전망입니다. 2026년은 부분연도이며, 2027년 실제 기상·발생·확률을 확정하지 않습니다."
마늘,녹병,병해,강원특별자치도,0.0,,,전망자료 부족,낮음,12,2024,"양년 자료 없음, 공통 조사단위 0개, 유효 관측 12건, 결측률 0.0%, 단위별 변화 변동성 100.0점. 제한된 비교 단위 또는 변동성 때문에 보수적으로 낮게 평가합니다. 2024·2026 두 개 연도의 NCPMS 예찰자료만 사용한 상대 위험 전망으로, 기상·재배면적·방제 변화와 2027년 실제 발생을 확정하지 않습니다. ASOS 공통 조사월 0개에서 기온·습도·강수·풍속의 관측 연관성을 추세 연장분에만 최대 ±3점으로 제한 적용(보정 +0점). 2027년 미래 기상값은 생성하거나 가정하지 않았습니다.",전망자료 부족,,,0.0,—,기상근거 부족,0,ASOS 공통 조사월 0개에서 기온·습도·강수·풍속의 관측 연관성을 추세 연장분에만 최대 ±3점으로 제한 적용(보정 +0점). 2027년 미래 기상값은 생성하거나 가정하지 않았습니다.,F27-WX1 설명가능 완화추세,"2024·2026 관측자료와 ASOS 공통 조사월의 연관성을 이용한 상대 위험 전망입니다. 2026년은 부분연도이며, 2027년 실제 기상·발생·확률을 확정하지 않습니다."
마늘,녹병,병해,경상남도,17.0,,,전망자료 부족,낮음,12,2024,"양년 자료 없음, 공통 조사단위 0개, 유효 관측 12건, 결측률 0.0%, 단위별 변화 변동성 100.0점. 제한된 비교 단위 또는 변동성 때문에 보수적으로 낮게 평가합니다. 2024·2026 두 개 연도의 NCPMS 예찰자료만 사용한 상대 위험 전망으로, 기상·재배면적·방제 변화와 2027년 실제 발생을 확정하지 않습니다. ASOS 공통 조사월 0개에서 기온·습도·강수·풍속의 관측 연관성을 추세 연장분에만 최대 ±3점으로 제한 적용(보정 +0점). 2027년 미래 기상값은 생성하거나 가정하지 않았습니다.",전망자료 부족,,,0.0,—,기상근거 부족,0,ASOS 공통 조사월 0개에서 기온·습도·강수·풍속의 관측 연관성을 추세 연장분에만 최대 ±3점으로 제한 적용(보정 +0점). 2027년 미래 기상값은 생성하거나 가정하지 않았습니다.,F27-WX1 설명가능 완화추세,"2024·2026 관측자료와 ASOS 공통 조사월의 연관성을 이용한 상대 위험 전망입니다. 2026년은 부분연도이며, 2027년 실제 기상·발생·확률을 확정하지 않습니다."
마늘,녹병,병해,경상북도,4.0,,,전망자료 부족,낮음,24,2024,"양년 자료 없음, 공통 조사단위 0개, 유효 관측 24건, 결측률 0.0%, 단위별 변화 변동성 100.0점. 제한된 비교 단위 또는 변동성 때문에 보수적으로 낮게 평가합니다. 2024·2026 두 개 연도의 NCPMS 예찰자료만 사용한 상대 위험 전망으로, 기상·재배면적·방제 변화와 2027년 실제 발생을 확정하지 않습니다. ASOS 공통 조사월 0개에서 기온·습도·강수·풍속의 관측 연관성을 추세 연장분에만 최대 ±3점으로 제한 적용(보정 +0점). 2027년 미래 기상값은 생성하거나 가정하지 않았습니다.",전망자료 부족,,,0.0,—,기상근거 부족,0,ASOS 공통 조사월 0개에서 기온·습도·강수·풍속의 관측 연관성을 추세 연장분에만 최대 ±3점으로 제한 적용(보정 +0점). 2027년 미래 기상값은 생성하거나 가정하지 않았습니다.,F27-WX1 설명가능 완화추세,"2024·2026 관측자료와 ASOS 공통 조사월의 연관성을 이용한 상대 위험 전망입니다. 2026년은 부분연도이며, 2027년 실제 기상·발생·확률을 확정하지 않습니다."
마늘,녹병,병해,대구광역시,0.0,,,전망자료 부족,낮음,24,2024,"양년 자료 없음, 공통 조사단위 0개, 유효 관측 24건, 결측률 0.0%, 단위별 변화 변동성 100.0점. 제한된 비교 단위 또는 변동성 때문에 보수적으로 낮게 평가합니다. 2024·2026 두 개 연도의 NCPMS 예찰자료만 사용한 상대 위험 전망으로, 기상·재배면적·방제 변화와 2027년 실제 발생을 확정하지 않습니다. ASOS 공통 조사월 0개에서 기온·습도·강수·풍속의 관측 연관성을 추세 연장분에만 최대 ±3점으로 제한 적용(보정 +0점). 2027년 미래 기상값은 생성하거나 가정하지 않았습니다.",전망자료 부족,,,0.0,—,기상근거 부족,0,ASOS 공통 조사월 0개에서 기온·습도·강수·풍속의 관측 연관성을 추세 연장분에만 최대 ±3점으로 제한 적용(보정 +0점). 2027년 미래 기상값은 생성하거나 가정하지 않았습니다.,F27-WX1 설명가능 완화추세,"2024·2026 관측자료와 ASOS 공통 조사월의 연관성을 이용한 상대 위험 전망입니다. 2026년은 부분연도이며, 2027년 실제 기상·발생·확률을 확정하지 않습니다."
마늘,녹병,병해,전남광주통합특별시,3.0,,,전망자료 부족,낮음,12,2024,"양년 자료 없음, 공통 조사단위 0개, 유효 관측 12건, 결측률 0.0%, 단위별 변화 변동성 100.0점. 제한된 비교 단위 또는 변동성 때문에 보수적으로 낮게 평가합니다. 2024·2026 두 개 연도의 NCPMS 예찰자료만 사용한 상대 위험 전망으로, 기상·재배면적·방제 변화와 2027년 실제 발생을 확정하지 않습니다. ASOS 공통 조사월 0개에서 기온·습도·강수·풍속의 관측 연관성을 추세 연장분에만 최대 ±3점으로 제한 적용(보정 +0점). 2027년 미래 기상값은 생성하거나 가정하지 않았습니다.",전망자료 부족,,,0.0,—,기상근거 부족,0,ASOS 공통 조사월 0개에서 기온·습도·강수·풍속의 관측 연관성을 추세 연장분에만 최대 ±3점으로 제한 적용(보정 +0점). 2027년 미래 기상값은 생성하거나 가정하지 않았습니다.,F27-WX1 설명가능 완화추세,"2024·2026 관측자료와 ASOS 공통 조사월의 연관성을 이용한 상대 위험 전망입니다. 2026년은 부분연도이며, 2027년 실제 기상·발생·확률을 확정하지 않습니다."
마늘,녹병,병해,전북특별자치도,17.0,,,전망자료 부족,낮음,12,2024,"양년 자료 없음, 공통 조사단위 0개, 유효 관측 12건, 결측률 0.0%, 단위별 변화 변동성 100.0점. 제한된 비교 단위 또는 변동성 때문에 보수적으로 낮게 평가합니다. 2024·2026 두 개 연도의 NCPMS 예찰자료만 사용한 상대 위험 전망으로, 기상·재배면적·방제 변화와 2027년 실제 발생을 확정하지 않습니다. ASOS 공통 조사월 0개에서 기온·습도·강수·풍속의 관측 연관성을 추세 연장분에만 최대 ±3점으로 제한 적용(보정 +0점). 2027년 미래 기상값은 생성하거나 가정하지 않았습니다.",전망자료 부족,,,0.0,—,기상근거 부족,0,ASOS 공통 조사월 0개에서 기온·습도·강수·풍속의 관측 연관성을 추세 연장분에만 최대 ±3점으로 제한 적용(보정 +0점). 2027년 미래 기상값은 생성하거나 가정하지 않았습니다.,F27-WX1 설명가능 완화추세,"2024·2026 관측자료와 ASOS 공통 조사월의 연관성을 이용한 상대 위험 전망입니다. 2026년은 부분연도이며, 2027년 실제 기상·발생·확률을 확정하지 않습니다."
마늘,녹병,병해,충청남도,8.0,,,전망자료 부족,낮음,24,2024,"양년 자료 없음, 공통 조사단위 0개, 유효 관측 24건, 결측률 0.0%, 단위별 변화 변동성 100.0점. 제한된 비교 단위 또는 변동성 때문에 보수적으로 낮게 평가합니다. 2024·2026 두 개 연도의 NCPMS 예찰자료만 사용한 상대 위험 전망으로, 기상·재배면적·방제 변화와 2027년 실제 발생을 확정하지 않습니다. ASOS 공통 조사월 0개에서 기온·습도·강수·풍속의 관측 연관성을 추세 연장분에만 최대 ±3점으로 제한 적용(보정 +0점). 2027년 미래 기상값은 생성하거나 가정하지 않았습니다.",전망자료 부족,,,0.0,—,기상근거 부족,0,ASOS 공통 조사월 0개에서 기온·습도·강수·풍속의 관측 연관성을 추세 연장분에만 최대 ±3점으로 제한 적용(보정 +0점). 2027년 미래 기상값은 생성하거나 가정하지 않았습니다.,F27-WX1 설명가능 완화추세,"2024·2026 관측자료와 ASOS 공통 조사월의 연관성을 이용한 상대 위험 전망입니다. 2026년은 부분연도이며, 2027년 실제 기상·발생·확률을 확정하지 않습니다."
마늘,녹병,병해,충청북도,0.0,,,전망자료 부족,낮음,12,2024,"양년 자료 없음, 공통 조사단위 0개, 유효 관측 12건, 결측률 0.0%, 단위별 변화 변동성 100.0점. 제한된 비교 단위 또는 변동성 때문에 보수적으로 낮게 평가합니다. 2024·2026 두 개 연도의 NCPMS 예찰자료만 사용한 상대 위험 전망으로, 기상·재배면적·방제 변화와 2027년 실제 발생을 확정하지 않습니다. ASOS 공통 조사월 0개에서 기온·습도·강수·풍속의 관측 연관성을 추세 연장분에만 최대 ±3점으로 제한 적용(보정 +0점). 2027년 미래 기상값은 생성하거나 가정하지 않았습니다.",전망자료 부족,,,0.0,—,기상근거 부족,0,ASOS 공통 조사월 0개에서 기온·습도·강수·풍속의 관측 연관성을 추세 연장분에만 최대 ±3점으로 제한 적용(보정 +0점). 2027년 미래 기상값은 생성하거나 가정하지 않았습니다.,F27-WX1 설명가능 완화추세,"2024·2026 관측자료와 ASOS 공통 조사월의 연관성을 이용한 상대 위험 전망입니다. 2026년은 부분연도이며, 2027년 실제 기상·발생·확률을 확정하지 않습니다."
보리,녹병,병해,경상남도,,0.0,,전망자료 부족,낮음,6,2026,"양년 자료 없음, 공통 조사단위 0개, 유효 관측 6건, 결측률 0.0%, 단위별 변화 변동성 100.0점. 제한된 비교 단위 또는 변동성 때문에 보수적으로 낮게 평가합니다. 2024·2026 두 개 연도의 NCPMS 예찰자료만 사용한 상대 위험 전망으로, 기상·재배면적·방제 변화와 2027년 실제 발생을 확정하지 않습니다. ASOS 공통 조사월 0개에서 기온·습도·강수·풍속의 관측 연관성을 추세 연장분에만 최대 ±3점으로 제한 적용(보정 +0점). 2027년 미래 기상값은 생성하거나 가정하지 않았습니다.",전망자료 부족,,,0.0,—,기상근거 부족,0,ASOS 공통 조사월 0개에서 기온·습도·강수·풍속의 관측 연관성을 추세 연장분에만 최대 ±3점으로 제한 적용(보정 +0점). 2027년 미래 기상값은 생성하거나 가정하지 않았습니다.,F27-WX1 설명가능 완화추세,"2024·2026 관측자료와 ASOS 공통 조사월의 연관성을 이용한 상대 위험 전망입니다. 2026년은 부분연도이며, 2027년 실제 기상·발생·확률을 확정하지 않습니다."
보리,녹병,병해,경상북도,,0.0,,전망자료 부족,낮음,6,2026,"양년 자료 없음, 공통 조사단위 0개, 유효 관측 6건, 결측률 0.0%, 단위별 변화 변동성 100.0점. 제한된 비교 단위 또는 변동성 때문에 보수적으로 낮게 평가합니다. 2024·2026 두 개 연도의 NCPMS 예찰자료만 사용한 상대 위험 전망으로, 기상·재배면적·방제 변화와 2027년 실제 발생을 확정하지 않습니다. ASOS 공통 조사월 0개에서 기온·습도·강수·풍속의 관측 연관성을 추세 연장분에만 최대 ±3점으로 제한 적용(보정 +0점). 2027년 미래 기상값은 생성하거나 가정하지 않았습니다.",전망자료 부족,,,0.0,—,기상근거 부족,0,ASOS 공통 조사월 0개에서 기온·습도·강수·풍속의 관측 연관성을 추세 연장분에만 최대 ±3점으로 제한 적용(보정 +0점). 2027년 미래 기상값은 생성하거나 가정하지 않았습니다.,F27-WX1 설명가능 완화추세,"2024·2026 관측자료와 ASOS 공통 조사월의 연관성을 이용한 상대 위험 전망입니다. 2026년은 부분연도이며, 2027년 실제 기상·발생·확률을 확정하지 않습니다."
보리,녹병,병해,전남광주통합특별시,,0.0,,전망자료 부족,낮음,6,2026,"양년 자료 없음, 공통 조사단위 0개, 유효 관측 6건, 결측률 0.0%, 단위별 변화 변동성 100.0점. 제한된 비교 단위 또는 변동성 때문에 보수적으로 낮게 평가합니다. 2024·2026 두 개 연도의 NCPMS 예찰자료만 사용한 상대 위험 전망으로, 기상·재배면적·방제 변화와 2027년 실제 발생을 확정하지 않습니다. ASOS 공통 조사월 0개에서 기온·습도·강수·풍속의 관측 연관성을 추세 연장분에만 최대 ±3점으로 제한 적용(보정 +0점). 2027년 미래 기상값은 생성하거나 가정하지 않았습니다.",전망자료 부족,,,0.0,—,기상근거 부족,0,ASOS 공통 조사월 0개에서 기온·습도·강수·풍속의 관측 연관성을 추세 연장분에만 최대 ±3점으로 제한 적용(보정 +0점). 2027년 미래 기상값은 생성하거나 가정하지 않았습니다.,F27-WX1 설명가능 완화추세,"2024·2026 관측자료와 ASOS 공통 조사월의 연관성을 이용한 상대 위험 전망입니다. 2026년은 부분연도이며, 2027년 실제 기상·발생·확률을 확정하지 않습니다."
보리,녹병,병해,전북특별자치도,,0.0,,전망자료 부족,낮음,6,2026,"양년 자료 없음, 공통 조사단위 0개, 유효 관측 6건, 결측률 0.0%, 단위별 변화 변동성 100.0점. 제한된 비교 단위 또는 변동성 때문에 보수적으로 낮게 평가합니다. 2024·2026 두 개 연도의 NCPMS 예찰자료만 사용한 상대 위험 전망으로, 기상·재배면적·방제 변화와 2027년 실제 발생을 확정하지 않습니다. ASOS 공통 조사월 0개에서 기온·습도·강수·풍속의 관측 연관성을 추세 연장분에만 최대 ±3점으로 제한 적용(보정 +0점). 2027년 미래 기상값은 생성하거나 가정하지 않았습니다.",전망자료 부족,,,0.0,—,기상근거 부족,0,ASOS 공통 조사월 0개에서 기온·습도·강수·풍속의 관측 연관성을 추세 연장분에만 최대 ±3점으로 제한 적용(보정 +0점). 2027년 미래 기상값은 생성하거나 가정하지 않았습니다.,F27-WX1 설명가능 완화추세,"2024·2026 관측자료와 ASOS 공통 조사월의 연관성을 이용한 상대 위험 전망입니다. 2026년은 부분연도이며, 2027년 실제 기상·발생·확률을 확정하지 않습니다."
보리,녹병,병해,충청남도,,0.0,,전망자료 부족,낮음,6,2026,"양년 자료 없음, 공통 조사단위 0개, 유효 관측 6건, 결측률 0.0%, 단위별 변화 변동성 100.0점. 제한된 비교 단위 또는 변동성 때문에 보수적으로 낮게 평가합니다. 2024·2026 두 개 연도의 NCPMS 예찰자료만 사용한 상대 위험 전망으로, 기상·재배면적·방제 변화와 2027년 실제 발생을 확정하지 않습니다. ASOS 공통 조사월 0개에서 기온·습도·강수·풍속의 관측 연관성을 추세 연장분에만 최대 ±3점으로 제한 적용(보정 +0점). 2027년 미래 기상값은 생성하거나 가정하지 않았습니다.",전망자료 부족,,,0.0,—,기상근거 부족,0,ASOS 공통 조사월 0개에서 기온·습도·강수·풍속의 관측 연관성을 추세 연장분에만 최대 ±3점으로 제한 적용(보정 +0점). 2027년 미래 기상값은 생성하거나 가정하지 않았습니다.,F27-WX1 설명가능 완화추세,"2024·2026 관측자료와 ASOS 공통 조사월의 연관성을 이용한 상대 위험 전망입니다. 2026년은 부분연도이며, 2027년 실제 기상·발생·확률을 확정하지 않습니다."
보리,녹병,병해,충청북도,,0.0,,전망자료 부족,낮음,6,2026,"양년 자료 없음, 공통 조사단위 0개, 유효 관측 6건, 결측률 0.0%, 단위별 변화 변동성 100.0점. 제한된 비교 단위 또는 변동성 때문에 보수적으로 낮게 평가합니다. 2024·2026 두 개 연도의 NCPMS 예찰자료만 사용한 상대 위험 전망으로, 기상·재배면적·방제 변화와 2027년 실제 발생을 확정하지 않습니다. ASOS 공통 조사월 0개에서 기온·습도·강수·풍속의 관측 연관성을 추세 연장분에만 최대 ±3점으로 제한 적용(보정 +0점). 2027년 미래 기상값은 생성하거나 가정하지 않았습니다.",전망자료 부족,,,0.0,—,기상근거 부족,0,ASOS 공통 조사월 0개에서 기온·습도·강수·풍속의 관측 연관성을 추세 연장분에만 최대 ±3점으로 제한 적용(보정 +0점). 2027년 미래 기상값은 생성하거나 가정하지 않았습니다.,F27-WX1 설명가능 완화추세,"2024·2026 관측자료와 ASOS 공통 조사월의 연관성을 이용한 상대 위험 전망입니다. 2026년은 부분연도이며, 2027년 실제 기상·발생·확률을 확정하지 않습니다."
양파,녹병,병해,경상남도,,0.0,,전망자료 부족,낮음,5,2026,"양년 자료 없음, 공통 조사단위 0개, 유효 관측 5건, 결측률 0.0%, 단위별 변화 변동성 100.0점. 제한된 비교 단위 또는 변동성 때문에 보수적으로 낮게 평가합니다. 2024·2026 두 개 연도의 NCPMS 예찰자료만 사용한 상대 위험 전망으로, 기상·재배면적·방제 변화와 2027년 실제 발생을 확정하지 않습니다. ASOS 공통 조사월 0개에서 기온·습도·강수·풍속의 관측 연관성을 추세 연장분에만 최대 ±3점으로 제한 적용(보정 +0점). 2027년 미래 기상값은 생성하거나 가정하지 않았습니다.",전망자료 부족,,,0.0,—,기상근거 부족,0,ASOS 공통 조사월 0개에서 기온·습도·강수·풍속의 관측 연관성을 추세 연장분에만 최대 ±3점으로 제한 적용(보정 +0점). 2027년 미래 기상값은 생성하거나 가정하지 않았습니다.,F27-WX1 설명가능 완화추세,"2024·2026 관측자료와 ASOS 공통 조사월의 연관성을 이용한 상대 위험 전망입니다. 2026년은 부분연도이며, 2027년 실제 기상·발생·확률을 확정하지 않습니다."
양파,녹병,병해,경상북도,,40.0,,전망자료 부족,낮음,5,2026,"양년 자료 없음, 공통 조사단위 0개, 유효 관측 5건, 결측률 0.0%, 단위별 변화 변동성 100.0점. 제한된 비교 단위 또는 변동성 때문에 보수적으로 낮게 평가합니다. 2024·2026 두 개 연도의 NCPMS 예찰자료만 사용한 상대 위험 전망으로, 기상·재배면적·방제 변화와 2027년 실제 발생을 확정하지 않습니다. ASOS 공통 조사월 0개에서 기온·습도·강수·풍속의 관측 연관성을 추세 연장분에만 최대 ±3점으로 제한 적용(보정 +0점). 2027년 미래 기상값은 생성하거나 가정하지 않았습니다.",전망자료 부족,,,0.0,—,기상근거 부족,0,ASOS 공통 조사월 0개에서 기온·습도·강수·풍속의 관측 연관성을 추세 연장분에만 최대 ±3점으로 제한 적용(보정 +0점). 2027년 미래 기상값은 생성하거나 가정하지 않았습니다.,F27-WX1 설명가능 완화추세,"2024·2026 관측자료와 ASOS 공통 조사월의 연관성을 이용한 상대 위험 전망입니다. 2026년은 부분연도이며, 2027년 실제 기상·발생·확률을 확정하지 않습니다."
양파,녹병,병해,대구광역시,,0.0,,전망자료 부족,낮음,5,2026,"양년 자료 없음, 공통 조사단위 0개, 유효 관측 5건, 결측률 0.0%, 단위별 변화 변동성 100.0점. 제한된 비교 단위 또는 변동성 때문에 보수적으로 낮게 평가합니다. 2024·2026 두 개 연도의 NCPMS 예찰자료만 사용한 상대 위험 전망으로, 기상·재배면적·방제 변화와 2027년 실제 발생을 확정하지 않습니다. ASOS 공통 조사월 0개에서 기온·습도·강수·풍속의 관측 연관성을 추세 연장분에만 최대 ±3점으로 제한 적용(보정 +0점). 2027년 미래 기상값은 생성하거나 가정하지 않았습니다.",전망자료 부족,,,0.0,—,기상근거 부족,0,ASOS 공통 조사월 0개에서 기온·습도·강수·풍속의 관측 연관성을 추세 연장분에만 최대 ±3점으로 제한 적용(보정 +0점). 2027년 미래 기상값은 생성하거나 가정하지 않았습니다.,F27-WX1 설명가능 완화추세,"2024·2026 관측자료와 ASOS 공통 조사월의 연관성을 이용한 상대 위험 전망입니다. 2026년은 부분연도이며, 2027년 실제 기상·발생·확률을 확정하지 않습니다."
양파,녹병,병해,전남광주통합특별시,,0.0,,전망자료 부족,낮음,5,2026,"양년 자료 없음, 공통 조사단위 0개, 유효 관측 5건, 결측률 0.0%, 단위별 변화 변동성 100.0점. 제한된 비교 단위 또는 변동성 때문에 보수적으로 낮게 평가합니다. 2024·2026 두 개 연도의 NCPMS 예찰자료만 사용한 상대 위험 전망으로, 기상·재배면적·방제 변화와 2027년 실제 발생을 확정하지 않습니다. ASOS 공통 조사월 0개에서 기온·습도·강수·풍속의 관측 연관성을 추세 연장분에만 최대 ±3점으로 제한 적용(보정 +0점). 2027년 미래 기상값은 생성하거나 가정하지 않았습니다.",전망자료 부족,,,0.0,—,기상근거 부족,0,ASOS 공통 조사월 0개에서 기온·습도·강수·풍속의 관측 연관성을 추세 연장분에만 최대 ±3점으로 제한 적용(보정 +0점). 2027년 미래 기상값은 생성하거나 가정하지 않았습니다.,F27-WX1 설명가능 완화추세,"2024·2026 관측자료와 ASOS 공통 조사월의 연관성을 이용한 상대 위험 전망입니다. 2026년은 부분연도이며, 2027년 실제 기상·발생·확률을 확정하지 않습니다."
양파,녹병,병해,전북특별자치도,,0.0,,전망자료 부족,낮음,5,2026,"양년 자료 없음, 공통 조사단위 0개, 유효 관측 5건, 결측률 0.0%, 단위별 변화 변동성 100.0점. 제한된 비교 단위 또는 변동성 때문에 보수적으로 낮게 평가합니다. 2024·2026 두 개 연도의 NCPMS 예찰자료만 사용한 상대 위험 전망으로, 기상·재배면적·방제 변화와 2027년 실제 발생을 확정하지 않습니다. ASOS 공통 조사월 0개에서 기온·습도·강수·풍속의 관측 연관성을 추세 연장분에만 최대 ±3점으로 제한 적용(보정 +0점). 2027년 미래 기상값은 생성하거나 가정하지 않았습니다.",전망자료 부족,,,0.0,—,기상근거 부족,0,ASOS 공통 조사월 0개에서 기온·습도·강수·풍속의 관측 연관성을 추세 연장분에만 최대 ±3점으로 제한 적용(보정 +0점). 2027년 미래 기상값은 생성하거나 가정하지 않았습니다.,F27-WX1 설명가능 완화추세,"2024·2026 관측자료와 ASOS 공통 조사월의 연관성을 이용한 상대 위험 전망입니다. 2026년은 부분연도이며, 2027년 실제 기상·발생·확률을 확정하지 않습니다."
고추,담배가루이,기타,강원특별자치도,0.0,,,전망자료 부족,낮음,2,2024,"양년 자료 없음, 공통 조사단위 0개, 유효 관측 2건, 결측률 0.0%, 단위별 변화 변동성 100.0점. 제한된 비교 단위 또는 변동성 때문에 보수적으로 낮게 평가합니다. 2024·2026 두 개 연도의 NCPMS 예찰자료만 사용한 상대 위험 전망으로, 기상·재배면적·방제 변화와 2027년 실제 발생을 확정하지 않습니다. ASOS 공통 조사월 0개에서 기온·습도·강수·풍속의 관측 연관성을 추세 연장분에만 최대 ±3점으로 제한 적용(보정 +0점). 2027년 미래 기상값은 생성하거나 가정하지 않았습니다.",전망자료 부족,,,0.0,—,기상근거 부족,0,ASOS 공통 조사월 0개에서 기온·습도·강수·풍속의 관측 연관성을 추세 연장분에만 최대 ±3점으로 제한 적용(보정 +0점). 2027년 미래 기상값은 생성하거나 가정하지 않았습니다.,F27-WX1 설명가능 완화추세,"2024·2026 관측자료와 ASOS 공통 조사월의 연관성을 이용한 상대 위험 전망입니다. 2026년은 부분연도이며, 2027년 실제 기상·발생·확률을 확정하지 않습니다."
고추,담배가루이,기타,경기도,0.0,,,전망자료 부족,낮음,2,2024,"양년 자료 없음, 공통 조사단위 0개, 유효 관측 2건, 결측률 0.0%, 단위별 변화 변동성 100.0점. 제한된 비교 단위 또는 변동성 때문에 보수적으로 낮게 평가합니다. 2024·2026 두 개 연도의 NCPMS 예찰자료만 사용한 상대 위험 전망으로, 기상·재배면적·방제 변화와 2027년 실제 발생을 확정하지 않습니다. ASOS 공통 조사월 0개에서 기온·습도·강수·풍속의 관측 연관성을 추세 연장분에만 최대 ±3점으로 제한 적용(보정 +0점). 2027년 미래 기상값은 생성하거나 가정하지 않았습니다.",전망자료 부족,,,0.0,—,기상근거 부족,0,ASOS 공통 조사월 0개에서 기온·습도·강수·풍속의 관측 연관성을 추세 연장분에만 최대 ±3점으로 제한 적용(보정 +0점). 2027년 미래 기상값은 생성하거나 가정하지 않았습니다.,F27-WX1 설명가능 완화추세,"2024·2026 관측자료와 ASOS 공통 조사월의 연관성을 이용한 상대 위험 전망입니다. 2026년은 부분연도이며, 2027년 실제 기상·발생·확률을 확정하지 않습니다."
고추,담배가루이,기타,경상남도,0.0,,,전망자료 부족,낮음,2,2024,"양년 자료 없음, 공통 조사단위 0개, 유효 관측 2건, 결측률 0.0%, 단위별 변화 변동성 100.0점. 제한된 비교 단위 또는 변동성 때문에 보수적으로 낮게 평가합니다. 2024·2026 두 개 연도의 NCPMS 예찰자료만 사용한 상대 위험 전망으로, 기상·재배면적·방제 변화와 2027년 실제 발생을 확정하지 않습니다. ASOS 공통 조사월 0개에서 기온·습도·강수·풍속의 관측 연관성을 추세 연장분에만 최대 ±3점으로 제한 적용(보정 +0점). 2027년 미래 기상값은 생성하거나 가정하지 않았습니다.",전망자료 부족,,,0.0,—,기상근거 부족,0,ASOS 공통 조사월 0개에서 기온·습도·강수·풍속의 관측 연관성을 추세 연장분에만 최대 ±3점으로 제한 적용(보정 +0점). 2027년 미래 기상값은 생성하거나 가정하지 않았습니다.,F27-WX1 설명가능 완화추세,"2024·2026 관측자료와 ASOS 공통 조사월의 연관성을 이용한 상대 위험 전망입니다. 2026년은 부분연도이며, 2027년 실제 기상·발생·확률을 확정하지 않습니다."
고추,담배가루이,기타,경상북도,0.0,,,전망자료 부족,낮음,9,2024,"양년 자료 없음, 공통 조사단위 0개, 유효 관측 9건, 결측률 0.0%, 단위별 변화 변동성 100.0점. 제한된 비교 단위 또는 변동성 때문에 보수적으로 낮게 평가합니다. 2024·2026 두 개 연도의 NCPMS 예찰자료만 사용한 상대 위험 전망으로, 기상·재배면적·방제 변화와 2027년 실제 발생을 확정하지 않습니다. ASOS 공통 조사월 0개에서 기온·습도·강수·풍속의 관측 연관성을 추세 연장분에만 최대 ±3점으로 제한 적용(보정 +0점). 2027년 미래 기상값은 생성하거나 가정하지 않았습니다.",전망자료 부족,,,0.0,—,기상근거 부족,0,ASOS 공통 조사월 0개에서 기온·습도·강수·풍속의 관측 연관성을 추세 연장분에만 최대 ±3점으로 제한 적용(보정 +0점). 2027년 미래 기상값은 생성하거나 가정하지 않았습니다.,F27-WX1 설명가능 완화추세,"2024·2026 관측자료와 ASOS 공통 조사월의 연관성을 이용한 상대 위험 전망입니다. 2026년은 부분연도이며, 2027년 실제 기상·발생·확률을 확정하지 않습니다."
고추,담배가루이,기타,대구광역시,0.0,,,전망자료 부족,낮음,2,2024,"양년 자료 없음, 공통 조사단위 0개, 유효 관측 2건, 결측률 0.0%, 단위별 변화 변동성 100.0점. 제한된 비교 단위 또는 변동성 때문에 보수적으로 낮게 평가합니다. 2024·2026 두 개 연도의 NCPMS 예찰자료만 사용한 상대 위험 전망으로, 기상·재배면적·방제 변화와 2027년 실제 발생을 확정하지 않습니다. ASOS 공통 조사월 0개에서 기온·습도·강수·풍속의 관측 연관성을 추세 연장분에만 최대 ±3점으로 제한 적용(보정 +0점). 2027년 미래 기상값은 생성하거나 가정하지 않았습니다.",전망자료 부족,,,0.0,—,기상근거 부족,0,ASOS 공통 조사월 0개에서 기온·습도·강수·풍속의 관측 연관성을 추세 연장분에만 최대 ±3점으로 제한 적용(보정 +0점). 2027년 미래 기상값은 생성하거나 가정하지 않았습니다.,F27-WX1 설명가능 완화추세,"2024·2026 관측자료와 ASOS 공통 조사월의 연관성을 이용한 상대 위험 전망입니다. 2026년은 부분연도이며, 2027년 실제 기상·발생·확률을 확정하지 않습니다."
고추,담배가루이,기타,전남광주통합특별시,0.0,,,전망자료 부족,낮음,2,2024,"양년 자료 없음, 공통 조사단위 0개, 유효 관측 2건, 결측률 0.0%, 단위별 변화 변동성 100.0점. 제한된 비교 단위 또는 변동성 때문에 보수적으로 낮게 평가합니다. 2024·2026 두 개 연도의 NCPMS 예찰자료만 사용한 상대 위험 전망으로, 기상·재배면적·방제 변화와 2027년 실제 발생을 확정하지 않습니다. ASOS 공통 조사월 0개에서 기온·습도·강수·풍속의 관측 연관성을 추세 연장분에만 최대 ±3점으로 제한 적용(보정 +0점). 2027년 미래 기상값은 생성하거나 가정하지 않았습니다.",전망자료 부족,,,0.0,—,기상근거 부족,0,ASOS 공통 조사월 0개에서 기온·습도·강수·풍속의 관측 연관성을 추세 연장분에만 최대 ±3점으로 제한 적용(보정 +0점). 2027년 미래 기상값은 생성하거나 가정하지 않았습니다.,F27-WX1 설명가능 완화추세,"2024·2026 관측자료와 ASOS 공통 조사월의 연관성을 이용한 상대 위험 전망입니다. 2026년은 부분연도이며, 2027년 실제 기상·발생·확률을 확정하지 않습니다."
고추,담배가루이,기타,전북특별자치도,0.0,,,전망자료 부족,낮음,2,2024,"양년 자료 없음, 공통 조사단위 0개, 유효 관측 2건, 결측률 0.0%, 단위별 변화 변동성 100.0점. 제한된 비교 단위 또는 변동성 때문에 보수적으로 낮게 평가합니다. 2024·2026 두 개 연도의 NCPMS 예찰자료만 사용한 상대 위험 전망으로, 기상·재배면적·방제 변화와 2027년 실제 발생을 확정하지 않습니다. ASOS 공통 조사월 0개에서 기온·습도·강수·풍속의 관측 연관성을 추세 연장분에만 최대 ±3점으로 제한 적용(보정 +0점). 2027년 미래 기상값은 생성하거나 가정하지 않았습니다.",전망자료 부족,,,0.0,—,기상근거 부족,0,ASOS 공통 조사월 0개에서 기온·습도·강수·풍속의 관측 연관성을 추세 연장분에만 최대 ±3점으로 제한 적용(보정 +0점). 2027년 미래 기상값은 생성하거나 가정하지 않았습니다.,F27-WX1 설명가능 완화추세,"2024·2026 관측자료와 ASOS 공통 조사월의 연관성을 이용한 상대 위험 전망입니다. 2026년은 부분연도이며, 2027년 실제 기상·발생·확률을 확정하지 않습니다."
고추,담배가루이,기타,충청남도,0.0,,,전망자료 부족,낮음,3,2024,"양년 자료 없음, 공통 조사단위 0개, 유효 관측 3건, 결측률 0.0%, 단위별 변화 변동성 100.0점. 제한된 비교 단위 또는 변동성 때문에 보수적으로 낮게 평가합니다. 2024·2026 두 개 연도의 NCPMS 예찰자료만 사용한 상대 위험 전망으로, 기상·재배면적·방제 변화와 2027년 실제 발생을 확정하지 않습니다. ASOS 공통 조사월 0개에서 기온·습도·강수·풍속의 관측 연관성을 추세 연장분에만 최대 ±3점으로 제한 적용(보정 +0점). 2027년 미래 기상값은 생성하거나 가정하지 않았습니다.",전망자료 부족,,,0.0,—,기상근거 부족,0,ASOS 공통 조사월 0개에서 기온·습도·강수·풍속의 관측 연관성을 추세 연장분에만 최대 ±3점으로 제한 적용(보정 +0점). 2027년 미래 기상값은 생성하거나 가정하지 않았습니다.,F27-WX1 설명가능 완화추세,"2024·2026 관측자료와 ASOS 공통 조사월의 연관성을 이용한 상대 위험 전망입니다. 2026년은 부분연도이며, 2027년 실제 기상·발생·확률을 확정하지 않습니다."
고추,담배가루이,기타,충청북도,0.0,,,전망자료 부족,낮음,2,2024,"양년 자료 없음, 공통 조사단위 0개, 유효 관측 2건, 결측률 0.0%, 단위별 변화 변동성 100.0점. 제한된 비교 단위 또는 변동성 때문에 보수적으로 낮게 평가합니다. 2024·2026 두 개 연도의 NCPMS 예찰자료만 사용한 상대 위험 전망으로, 기상·재배면적·방제 변화와 2027년 실제 발생을 확정하지 않습니다. ASOS 공통 조사월 0개에서 기온·습도·강수·풍속의 관측 연관성을 추세 연장분에만 최대 ±3점으로 제한 적용(보정 +0점). 2027년 미래 기상값은 생성하거나 가정하지 않았습니다.",전망자료 부족,,,0.0,—,기상근거 부족,0,ASOS 공통 조사월 0개에서 기온·습도·강수·풍속의 관측 연관성을 추세 연장분에만 최대 ±3점으로 제한 적용(보정 +0점). 2027년 미래 기상값은 생성하거나 가정하지 않았습니다.,F27-WX1 설명가능 완화추세,"2024·2026 관측자료와 ASOS 공통 조사월의 연관성을 이용한 상대 위험 전망입니다. 2026년은 부분연도이며, 2027년 실제 기상·발생·확률을 확정하지 않습니다."
콩,담배거세미나방,해충,강원특별자치도,,0.0,,전망자료 부족,낮음,10,2026,"양년 자료 없음, 공통 조사단위 0개, 유효 관측 10건, 결측률 0.0%, 단위별 변화 변동성 100.0점. 제한된 비교 단위 또는 변동성 때문에 보수적으로 낮게 평가합니다. 2024·2026 두 개 연도의 NCPMS 예찰자료만 사용한 상대 위험 전망으로, 기상·재배면적·방제 변화와 2027년 실제 발생을 확정하지 않습니다. ASOS 공통 조사월 0개에서 기온·습도·강수·풍속의 관측 연관성을 추세 연장분에만 최대 ±3점으로 제한 적용(보정 +0점). 2027년 미래 기상값은 생성하거나 가정하지 않았습니다.",전망자료 부족,,,0.0,—,기상근거 부족,0,ASOS 공통 조사월 0개에서 기온·습도·강수·풍속의 관측 연관성을 추세 연장분에만 최대 ±3점으로 제한 적용(보정 +0점). 2027년 미래 기상값은 생성하거나 가정하지 않았습니다.,F27-WX1 설명가능 완화추세,"2024·2026 관측자료와 ASOS 공통 조사월의 연관성을 이용한 상대 위험 전망입니다. 2026년은 부분연도이며, 2027년 실제 기상·발생·확률을 확정하지 않습니다."
콩,담배거세미나방,해충,경기도,,0.0,,전망자료 부족,낮음,10,2026,"양년 자료 없음, 공통 조사단위 0개, 유효 관측 10건, 결측률 0.0%, 단위별 변화 변동성 100.0점. 제한된 비교 단위 또는 변동성 때문에 보수적으로 낮게 평가합니다. 2024·2026 두 개 연도의 NCPMS 예찰자료만 사용한 상대 위험 전망으로, 기상·재배면적·방제 변화와 2027년 실제 발생을 확정하지 않습니다. ASOS 공통 조사월 0개에서 기온·습도·강수·풍속의 관측 연관성을 추세 연장분에만 최대 ±3점으로 제한 적용(보정 +0점). 2027년 미래 기상값은 생성하거나 가정하지 않았습니다.",전망자료 부족,,,0.0,—,기상근거 부족,0,ASOS 공통 조사월 0개에서 기온·습도·강수·풍속의 관측 연관성을 추세 연장분에만 최대 ±3점으로 제한 적용(보정 +0점). 2027년 미래 기상값은 생성하거나 가정하지 않았습니다.,F27-WX1 설명가능 완화추세,"2024·2026 관측자료와 ASOS 공통 조사월의 연관성을 이용한 상대 위험 전망입니다. 2026년은 부분연도이며, 2027년 실제 기상·발생·확률을 확정하지 않습니다."
콩,담배거세미나방,해충,경상남도,,0.0,,전망자료 부족,낮음,10,2026,"양년 자료 없음, 공통 조사단위 0개, 유효 관측 10건, 결측률 0.0%, 단위별 변화 변동성 100.0점. 제한된 비교 단위 또는 변동성 때문에 보수적으로 낮게 평가합니다. 2024·2026 두 개 연도의 NCPMS 예찰자료만 사용한 상대 위험 전망으로, 기상·재배면적·방제 변화와 2027년 실제 발생을 확정하지 않습니다. ASOS 공통 조사월 0개에서 기온·습도·강수·풍속의 관측 연관성을 추세 연장분에만 최대 ±3점으로 제한 적용(보정 +0점). 2027년 미래 기상값은 생성하거나 가정하지 않았습니다.",전망자료 부족,,,0.0,—,기상근거 부족,0,ASOS 공통 조사월 0개에서 기온·습도·강수·풍속의 관측 연관성을 추세 연장분에만 최대 ±3점으로 제한 적용(보정 +0점). 2027년 미래 기상값은 생성하거나 가정하지 않았습니다.,F27-WX1 설명가능 완화추세,"2024·2026 관측자료와 ASOS 공통 조사월의 연관성을 이용한 상대 위험 전망입니다. 2026년은 부분연도이며, 2027년 실제 기상·발생·확률을 확정하지 않습니다."
콩,담배거세미나방,해충,경상북도,,3.0,,전망자료 부족,낮음,10,2026,"양년 자료 없음, 공통 조사단위 0개, 유효 관측 10건, 결측률 0.0%, 단위별 변화 변동성 100.0점. 제한된 비교 단위 또는 변동성 때문에 보수적으로 낮게 평가합니다. 2024·2026 두 개 연도의 NCPMS 예찰자료만 사용한 상대 위험 전망으로, 기상·재배면적·방제 변화와 2027년 실제 발생을 확정하지 않습니다. ASOS 공통 조사월 0개에서 기온·습도·강수·풍속의 관측 연관성을 추세 연장분에만 최대 ±3점으로 제한 적용(보정 +0점). 2027년 미래 기상값은 생성하거나 가정하지 않았습니다.",전망자료 부족,,,0.0,—,기상근거 부족,0,ASOS 공통 조사월 0개에서 기온·습도·강수·풍속의 관측 연관성을 추세 연장분에만 최대 ±3점으로 제한 적용(보정 +0점). 2027년 미래 기상값은 생성하거나 가정하지 않았습니다.,F27-WX1 설명가능 완화추세,"2024·2026 관측자료와 ASOS 공통 조사월의 연관성을 이용한 상대 위험 전망입니다. 2026년은 부분연도이며, 2027년 실제 기상·발생·확률을 확정하지 않습니다."
콩,담배거세미나방,해충,전남광주통합특별시,,40.0,,전망자료 부족,낮음,10,2026,"양년 자료 없음, 공통 조사단위 0개, 유효 관측 10건, 결측률 0.0%, 단위별 변화 변동성 100.0점. 제한된 비교 단위 또는 변동성 때문에 보수적으로 낮게 평가합니다. 2024·2026 두 개 연도의 NCPMS 예찰자료만 사용한 상대 위험 전망으로, 기상·재배면적·방제 변화와 2027년 실제 발생을 확정하지 않습니다. ASOS 공통 조사월 0개에서 기온·습도·강수·풍속의 관측 연관성을 추세 연장분에만 최대 ±3점으로 제한 적용(보정 +0점). 2027년 미래 기상값은 생성하거나 가정하지 않았습니다.",전망자료 부족,,,0.0,—,기상근거 부족,0,ASOS 공통 조사월 0개에서 기온·습도·강수·풍속의 관측 연관성을 추세 연장분에만 최대 ±3점으로 제한 적용(보정 +0점). 2027년 미래 기상값은 생성하거나 가정하지 않았습니다.,F27-WX1 설명가능 완화추세,"2024·2026 관측자료와 ASOS 공통 조사월의 연관성을 이용한 상대 위험 전망입니다. 2026년은 부분연도이며, 2027년 실제 기상·발생·확률을 확정하지 않습니다."
콩,담배거세미나방,해충,전북특별자치도,,0.0,,전망자료 부족,낮음,10,2026,"양년 자료 없음, 공통 조사단위 0개, 유효 관측 10건, 결측률 0.0%, 단위별 변화 변동성 100.0점. 제한된 비교 단위 또는 변동성 때문에 보수적으로 낮게 평가합니다. 2024·2026 두 개 연도의 NCPMS 예찰자료만 사용한 상대 위험 전망으로, 기상·재배면적·방제 변화와 2027년 실제 발생을 확정하지 않습니다. ASOS 공통 조사월 0개에서 기온·습도·강수·풍속의 관측 연관성을 추세 연장분에만 최대 ±3점으로 제한 적용(보정 +0점). 2027년 미래 기상값은 생성하거나 가정하지 않았습니다.",전망자료 부족,,,0.0,—,기상근거 부족,0,ASOS 공통 조사월 0개에서 기온·습도·강수·풍속의 관측 연관성을 추세 연장분에만 최대 ±3점으로 제한 적용(보정 +0점). 2027년 미래 기상값은 생성하거나 가정하지 않았습니다.,F27-WX1 설명가능 완화추세,"2024·2026 관측자료와 ASOS 공통 조사월의 연관성을 이용한 상대 위험 전망입니다. 2026년은 부분연도이며, 2027년 실제 기상·발생·확률을 확정하지 않습니다."
콩,담배거세미나방,해충,제주특별자치도,,20.0,,전망자료 부족,낮음,10,2026,"양년 자료 없음, 공통 조사단위 0개, 유효 관측 10건, 결측률 0.0%, 단위별 변화 변동성 100.0점. 제한된 비교 단위 또는 변동성 때문에 보수적으로 낮게 평가합니다. 2024·2026 두 개 연도의 NCPMS 예찰자료만 사용한 상대 위험 전망으로, 기상·재배면적·방제 변화와 2027년 실제 발생을 확정하지 않습니다. ASOS 공통 조사월 0개에서 기온·습도·강수·풍속의 관측 연관성을 추세 연장분에만 최대 ±3점으로 제한 적용(보정 +0점). 2027년 미래 기상값은 생성하거나 가정하지 않았습니다.",전망자료 부족,,,0.0,—,기상근거 부족,0,ASOS 공통 조사월 0개에서 기온·습도·강수·풍속의 관측 연관성을 추세 연장분에만 최대 ±3점으로 제한 적용(보정 +0점). 2027년 미래 기상값은 생성하거나 가정하지 않았습니다.,F27-WX1 설명가능 완화추세,"2024·2026 관측자료와 ASOS 공통 조사월의 연관성을 이용한 상대 위험 전망입니다. 2026년은 부분연도이며, 2027년 실제 기상·발생·확률을 확정하지 않습니다."
콩,담배거세미나방,해충,충청남도,,26.0,,전망자료 부족,낮음,10,2026,"양년 자료 없음, 공통 조사단위 0개, 유효 관측 10건, 결측률 0.0%, 단위별 변화 변동성 100.0점. 제한된 비교 단위 또는 변동성 때문에 보수적으로 낮게 평가합니다. 2024·2026 두 개 연도의 NCPMS 예찰자료만 사용한 상대 위험 전망으로, 기상·재배면적·방제 변화와 2027년 실제 발생을 확정하지 않습니다. ASOS 공통 조사월 0개에서 기온·습도·강수·풍속의 관측 연관성을 추세 연장분에만 최대 ±3점으로 제한 적용(보정 +0점). 2027년 미래 기상값은 생성하거나 가정하지 않았습니다.",전망자료 부족,,,0.0,—,기상근거 부족,0,ASOS 공통 조사월 0개에서 기온·습도·강수·풍속의 관측 연관성을 추세 연장분에만 최대 ±3점으로 제한 적용(보정 +0점). 2027년 미래 기상값은 생성하거나 가정하지 않았습니다.,F27-WX1 설명가능 완화추세,"2024·2026 관측자료와 ASOS 공통 조사월의 연관성을 이용한 상대 위험 전망입니다. 2026년은 부분연도이며, 2027년 실제 기상·발생·확률을 확정하지 않습니다."
콩,담배거세미나방,해충,충청북도,,0.0,,전망자료 부족,낮음,10,2026,"양년 자료 없음, 공통 조사단위 0개, 유효 관측 10건, 결측률 0.0%, 단위별 변화 변동성 100.0점. 제한된 비교 단위 또는 변동성 때문에 보수적으로 낮게 평가합니다. 2024·2026 두 개 연도의 NCPMS 예찰자료만 사용한 상대 위험 전망으로, 기상·재배면적·방제 변화와 2027년 실제 발생을 확정하지 않습니다. ASOS 공통 조사월 0개에서 기온·습도·강수·풍속의 관측 연관성을 추세 연장분에만 최대 ±3점으로 제한 적용(보정 +0점). 2027년 미래 기상값은 생성하거나 가정하지 않았습니다.",전망자료 부족,,,0.0,—,기상근거 부족,0,ASOS 공통 조사월 0개에서 기온·습도·강수·풍속의 관측 연관성을 추세 연장분에만 최대 ±3점으로 제한 적용(보정 +0점). 2027년 미래 기상값은 생성하거나 가정하지 않았습니다.,F27-WX1 설명가능 완화추세,"2024·2026 관측자료와 ASOS 공통 조사월의 연관성을 이용한 상대 위험 전망입니다. 2026년은 부분연도이며, 2027년 실제 기상·발생·확률을 확정하지 않습니다."
고추,담배나방,기타,강원특별자치도,0.0,,,전망자료 부족,낮음,2,2024,"양년 자료 없음, 공통 조사단위 0개, 유효 관측 2건, 결측률 0.0%, 단위별 변화 변동성 100.0점. 제한된 비교 단위 또는 변동성 때문에 보수적으로 낮게 평가합니다. 2024·2026 두 개 연도의 NCPMS 예찰자료만 사용한 상대 위험 전망으로, 기상·재배면적·방제 변화와 2027년 실제 발생을 확정하지 않습니다. ASOS 공통 조사월 0개에서 기온·습도·강수·풍속의 관측 연관성을 추세 연장분에만 최대 ±3점으로 제한 적용(보정 +0점). 2027년 미래 기상값은 생성하거나 가정하지 않았습니다.",전망자료 부족,,,0.0,—,기상근거 부족,0,ASOS 공통 조사월 0개에서 기온·습도·강수·풍속의 관측 연관성을 추세 연장분에만 최대 ±3점으로 제한 적용(보정 +0점). 2027년 미래 기상값은 생성하거나 가정하지 않았습니다.,F27-WX1 설명가능 완화추세,"2024·2026 관측자료와 ASOS 공통 조사월의 연관성을 이용한 상대 위험 전망입니다. 2026년은 부분연도이며, 2027년 실제 기상·발생·확률을 확정하지 않습니다."
고추,담배나방,기타,경기도,10.0,,,전망자료 부족,낮음,2,2024,"양년 자료 없음, 공통 조사단위 0개, 유효 관측 2건, 결측률 0.0%, 단위별 변화 변동성 100.0점. 제한된 비교 단위 또는 변동성 때문에 보수적으로 낮게 평가합니다. 2024·2026 두 개 연도의 NCPMS 예찰자료만 사용한 상대 위험 전망으로, 기상·재배면적·방제 변화와 2027년 실제 발생을 확정하지 않습니다. ASOS 공통 조사월 0개에서 기온·습도·강수·풍속의 관측 연관성을 추세 연장분에만 최대 ±3점으로 제한 적용(보정 +0점). 2027년 미래 기상값은 생성하거나 가정하지 않았습니다.",전망자료 부족,,,0.0,—,기상근거 부족,0,ASOS 공통 조사월 0개에서 기온·습도·강수·풍속의 관측 연관성을 추세 연장분에만 최대 ±3점으로 제한 적용(보정 +0점). 2027년 미래 기상값은 생성하거나 가정하지 않았습니다.,F27-WX1 설명가능 완화추세,"2024·2026 관측자료와 ASOS 공통 조사월의 연관성을 이용한 상대 위험 전망입니다. 2026년은 부분연도이며, 2027년 실제 기상·발생·확률을 확정하지 않습니다."
고추,담배나방,기타,경상남도,0.0,,,전망자료 부족,낮음,2,2024,"양년 자료 없음, 공통 조사단위 0개, 유효 관측 2건, 결측률 0.0%, 단위별 변화 변동성 100.0점. 제한된 비교 단위 또는 변동성 때문에 보수적으로 낮게 평가합니다. 2024·2026 두 개 연도의 NCPMS 예찰자료만 사용한 상대 위험 전망으로, 기상·재배면적·방제 변화와 2027년 실제 발생을 확정하지 않습니다. ASOS 공통 조사월 0개에서 기온·습도·강수·풍속의 관측 연관성을 추세 연장분에만 최대 ±3점으로 제한 적용(보정 +0점). 2027년 미래 기상값은 생성하거나 가정하지 않았습니다.",전망자료 부족,,,0.0,—,기상근거 부족,0,ASOS 공통 조사월 0개에서 기온·습도·강수·풍속의 관측 연관성을 추세 연장분에만 최대 ±3점으로 제한 적용(보정 +0점). 2027년 미래 기상값은 생성하거나 가정하지 않았습니다.,F27-WX1 설명가능 완화추세,"2024·2026 관측자료와 ASOS 공통 조사월의 연관성을 이용한 상대 위험 전망입니다. 2026년은 부분연도이며, 2027년 실제 기상·발생·확률을 확정하지 않습니다."
고추,담배나방,기타,경상북도,11.0,,,전망자료 부족,낮음,9,2024,"양년 자료 없음, 공통 조사단위 0개, 유효 관측 9건, 결측률 0.0%, 단위별 변화 변동성 100.0점. 제한된 비교 단위 또는 변동성 때문에 보수적으로 낮게 평가합니다. 2024·2026 두 개 연도의 NCPMS 예찰자료만 사용한 상대 위험 전망으로, 기상·재배면적·방제 변화와 2027년 실제 발생을 확정하지 않습니다. ASOS 공통 조사월 0개에서 기온·습도·강수·풍속의 관측 연관성을 추세 연장분에만 최대 ±3점으로 제한 적용(보정 +0점). 2027년 미래 기상값은 생성하거나 가정하지 않았습니다.",전망자료 부족,,,0.0,—,기상근거 부족,0,ASOS 공통 조사월 0개에서 기온·습도·강수·풍속의 관측 연관성을 추세 연장분에만 최대 ±3점으로 제한 적용(보정 +0점). 2027년 미래 기상값은 생성하거나 가정하지 않았습니다.,F27-WX1 설명가능 완화추세,"2024·2026 관측자료와 ASOS 공통 조사월의 연관성을 이용한 상대 위험 전망입니다. 2026년은 부분연도이며, 2027년 실제 기상·발생·확률을 확정하지 않습니다."
고추,담배나방,기타,대구광역시,100.0,,,전망자료 부족,낮음,2,2024,"양년 자료 없음, 공통 조사단위 0개, 유효 관측 2건, 결측률 0.0%, 단위별 변화 변동성 100.0점. 제한된 비교 단위 또는 변동성 때문에 보수적으로 낮게 평가합니다. 2024·2026 두 개 연도의 NCPMS 예찰자료만 사용한 상대 위험 전망으로, 기상·재배면적·방제 변화와 2027년 실제 발생을 확정하지 않습니다. ASOS 공통 조사월 0개에서 기온·습도·강수·풍속의 관측 연관성을 추세 연장분에만 최대 ±3점으로 제한 적용(보정 +0점). 2027년 미래 기상값은 생성하거나 가정하지 않았습니다.",전망자료 부족,,,0.0,—,기상근거 부족,0,ASOS 공통 조사월 0개에서 기온·습도·강수·풍속의 관측 연관성을 추세 연장분에만 최대 ±3점으로 제한 적용(보정 +0점). 2027년 미래 기상값은 생성하거나 가정하지 않았습니다.,F27-WX1 설명가능 완화추세,"2024·2026 관측자료와 ASOS 공통 조사월의 연관성을 이용한 상대 위험 전망입니다. 2026년은 부분연도이며, 2027년 실제 기상·발생·확률을 확정하지 않습니다."
고추,담배나방,기타,전남광주통합특별시,25.0,,,전망자료 부족,낮음,2,2024,"양년 자료 없음, 공통 조사단위 0개, 유효 관측 2건, 결측률 0.0%, 단위별 변화 변동성 100.0점. 제한된 비교 단위 또는 변동성 때문에 보수적으로 낮게 평가합니다. 2024·2026 두 개 연도의 NCPMS 예찰자료만 사용한 상대 위험 전망으로, 기상·재배면적·방제 변화와 2027년 실제 발생을 확정하지 않습니다. ASOS 공통 조사월 0개에서 기온·습도·강수·풍속의 관측 연관성을 추세 연장분에만 최대 ±3점으로 제한 적용(보정 +0점). 2027년 미래 기상값은 생성하거나 가정하지 않았습니다.",전망자료 부족,,,0.0,—,기상근거 부족,0,ASOS 공통 조사월 0개에서 기온·습도·강수·풍속의 관측 연관성을 추세 연장분에만 최대 ±3점으로 제한 적용(보정 +0점). 2027년 미래 기상값은 생성하거나 가정하지 않았습니다.,F27-WX1 설명가능 완화추세,"2024·2026 관측자료와 ASOS 공통 조사월의 연관성을 이용한 상대 위험 전망입니다. 2026년은 부분연도이며, 2027년 실제 기상·발생·확률을 확정하지 않습니다."
고추,담배나방,기타,전북특별자치도,5.0,,,전망자료 부족,낮음,2,2024,"양년 자료 없음, 공통 조사단위 0개, 유효 관측 2건, 결측률 0.0%, 단위별 변화 변동성 100.0점. 제한된 비교 단위 또는 변동성 때문에 보수적으로 낮게 평가합니다. 2024·2026 두 개 연도의 NCPMS 예찰자료만 사용한 상대 위험 전망으로, 기상·재배면적·방제 변화와 2027년 실제 발생을 확정하지 않습니다. ASOS 공통 조사월 0개에서 기온·습도·강수·풍속의 관측 연관성을 추세 연장분에만 최대 ±3점으로 제한 적용(보정 +0점). 2027년 미래 기상값은 생성하거나 가정하지 않았습니다.",전망자료 부족,,,0.0,—,기상근거 부족,0,ASOS 공통 조사월 0개에서 기온·습도·강수·풍속의 관측 연관성을 추세 연장분에만 최대 ±3점으로 제한 적용(보정 +0점). 2027년 미래 기상값은 생성하거나 가정하지 않았습니다.,F27-WX1 설명가능 완화추세,"2024·2026 관측자료와 ASOS 공통 조사월의 연관성을 이용한 상대 위험 전망입니다. 2026년은 부분연도이며, 2027년 실제 기상·발생·확률을 확정하지 않습니다."
고추,담배나방,기타,충청남도,3.0,,,전망자료 부족,낮음,3,2024,"양년 자료 없음, 공통 조사단위 0개, 유효 관측 3건, 결측률 0.0%, 단위별 변화 변동성 100.0점. 제한된 비교 단위 또는 변동성 때문에 보수적으로 낮게 평가합니다. 2024·2026 두 개 연도의 NCPMS 예찰자료만 사용한 상대 위험 전망으로, 기상·재배면적·방제 변화와 2027년 실제 발생을 확정하지 않습니다. ASOS 공통 조사월 0개에서 기온·습도·강수·풍속의 관측 연관성을 추세 연장분에만 최대 ±3점으로 제한 적용(보정 +0점). 2027년 미래 기상값은 생성하거나 가정하지 않았습니다.",전망자료 부족,,,0.0,—,기상근거 부족,0,ASOS 공통 조사월 0개에서 기온·습도·강수·풍속의 관측 연관성을 추세 연장분에만 최대 ±3점으로 제한 적용(보정 +0점). 2027년 미래 기상값은 생성하거나 가정하지 않았습니다.,F27-WX1 설명가능 완화추세,"2024·2026 관측자료와 ASOS 공통 조사월의 연관성을 이용한 상대 위험 전망입니다. 2026년은 부분연도이며, 2027년 실제 기상·발생·확률을 확정하지 않습니다."
고추,담배나방,기타,충청북도,8.0,,,전망자료 부족,낮음,2,2024,"양년 자료 없음, 공통 조사단위 0개, 유효 관측 2건, 결측률 0.0%, 단위별 변화 변동성 100.0점. 제한된 비교 단위 또는 변동성 때문에 보수적으로 낮게 평가합니다. 2024·2026 두 개 연도의 NCPMS 예찰자료만 사용한 상대 위험 전망으로, 기상·재배면적·방제 변화와 2027년 실제 발생을 확정하지 않습니다. ASOS 공통 조사월 0개에서 기온·습도·강수·풍속의 관측 연관성을 추세 연장분에만 최대 ±3점으로 제한 적용(보정 +0점). 2027년 미래 기상값은 생성하거나 가정하지 않았습니다.",전망자료 부족,,,0.0,—,기상근거 부족,0,ASOS 공통 조사월 0개에서 기온·습도·강수·풍속의 관측 연관성을 추세 연장분에만 최대 ±3점으로 제한 적용(보정 +0점). 2027년 미래 기상값은 생성하거나 가정하지 않았습니다.,F27-WX1 설명가능 완화추세,"2024·2026 관측자료와 ASOS 공통 조사월의 연관성을 이용한 상대 위험 전망입니다. 2026년은 부분연도이며, 2027년 실제 기상·발생·확률을 확정하지 않습니다."
감귤,더뎅이병,병해,제주특별자치도,,59.0,,전망자료 부족,낮음,7,2026,"양년 자료 없음, 공통 조사단위 0개, 유효 관측 7건, 결측률 0.0%, 단위별 변화 변동성 100.0점. 제한된 비교 단위 또는 변동성 때문에 보수적으로 낮게 평가합니다. 2024·2026 두 개 연도의 NCPMS 예찰자료만 사용한 상대 위험 전망으로, 기상·재배면적·방제 변화와 2027년 실제 발생을 확정하지 않습니다. ASOS 공통 조사월 0개에서 기온·습도·강수·풍속의 관측 연관성을 추세 연장분에만 최대 ±3점으로 제한 적용(보정 +0점). 2027년 미래 기상값은 생성하거나 가정하지 않았습니다.",전망자료 부족,,,0.0,—,기상근거 부족,0,ASOS 공통 조사월 0개에서 기온·습도·강수·풍속의 관측 연관성을 추세 연장분에만 최대 ±3점으로 제한 적용(보정 +0점). 2027년 미래 기상값은 생성하거나 가정하지 않았습니다.,F27-WX1 설명가능 완화추세,"2024·2026 관측자료와 ASOS 공통 조사월의 연관성을 이용한 상대 위험 전망입니다. 2026년은 부분연도이며, 2027년 실제 기상·발생·확률을 확정하지 않습니다."
감,둥근무늬낙엽병,병해,경상남도,,20.0,,전망자료 부족,낮음,7,2026,"양년 자료 없음, 공통 조사단위 0개, 유효 관측 7건, 결측률 0.0%, 단위별 변화 변동성 100.0점. 제한된 비교 단위 또는 변동성 때문에 보수적으로 낮게 평가합니다. 2024·2026 두 개 연도의 NCPMS 예찰자료만 사용한 상대 위험 전망으로, 기상·재배면적·방제 변화와 2027년 실제 발생을 확정하지 않습니다. ASOS 공통 조사월 0개에서 기온·습도·강수·풍속의 관측 연관성을 추세 연장분에만 최대 ±3점으로 제한 적용(보정 +0점). 2027년 미래 기상값은 생성하거나 가정하지 않았습니다.",전망자료 부족,,,0.0,—,기상근거 부족,0,ASOS 공통 조사월 0개에서 기온·습도·강수·풍속의 관측 연관성을 추세 연장분에만 최대 ±3점으로 제한 적용(보정 +0점). 2027년 미래 기상값은 생성하거나 가정하지 않았습니다.,F27-WX1 설명가능 완화추세,"2024·2026 관측자료와 ASOS 공통 조사월의 연관성을 이용한 상대 위험 전망입니다. 2026년은 부분연도이며, 2027년 실제 기상·발생·확률을 확정하지 않습니다."
감,둥근무늬낙엽병,병해,경상북도,,37.0,,전망자료 부족,낮음,7,2026,"양년 자료 없음, 공통 조사단위 0개, 유효 관측 7건, 결측률 0.0%, 단위별 변화 변동성 100.0점. 제한된 비교 단위 또는 변동성 때문에 보수적으로 낮게 평가합니다. 2024·2026 두 개 연도의 NCPMS 예찰자료만 사용한 상대 위험 전망으로, 기상·재배면적·방제 변화와 2027년 실제 발생을 확정하지 않습니다. ASOS 공통 조사월 0개에서 기온·습도·강수·풍속의 관측 연관성을 추세 연장분에만 최대 ±3점으로 제한 적용(보정 +0점). 2027년 미래 기상값은 생성하거나 가정하지 않았습니다.",전망자료 부족,,,0.0,—,기상근거 부족,0,ASOS 공통 조사월 0개에서 기온·습도·강수·풍속의 관측 연관성을 추세 연장분에만 최대 ±3점으로 제한 적용(보정 +0점). 2027년 미래 기상값은 생성하거나 가정하지 않았습니다.,F27-WX1 설명가능 완화추세,"2024·2026 관측자료와 ASOS 공통 조사월의 연관성을 이용한 상대 위험 전망입니다. 2026년은 부분연도이며, 2027년 실제 기상·발생·확률을 확정하지 않습니다."
감,둥근무늬낙엽병,병해,울산광역시,,0.0,,전망자료 부족,낮음,6,2026,"양년 자료 없음, 공통 조사단위 0개, 유효 관측 6건, 결측률 0.0%, 단위별 변화 변동성 100.0점. 제한된 비교 단위 또는 변동성 때문에 보수적으로 낮게 평가합니다. 2024·2026 두 개 연도의 NCPMS 예찰자료만 사용한 상대 위험 전망으로, 기상·재배면적·방제 변화와 2027년 실제 발생을 확정하지 않습니다. ASOS 공통 조사월 0개에서 기온·습도·강수·풍속의 관측 연관성을 추세 연장분에만 최대 ±3점으로 제한 적용(보정 +0점). 2027년 미래 기상값은 생성하거나 가정하지 않았습니다.",전망자료 부족,,,0.0,—,기상근거 부족,0,ASOS 공통 조사월 0개에서 기온·습도·강수·풍속의 관측 연관성을 추세 연장분에만 최대 ±3점으로 제한 적용(보정 +0점). 2027년 미래 기상값은 생성하거나 가정하지 않았습니다.,F27-WX1 설명가능 완화추세,"2024·2026 관측자료와 ASOS 공통 조사월의 연관성을 이용한 상대 위험 전망입니다. 2026년은 부분연도이며, 2027년 실제 기상·발생·확률을 확정하지 않습니다."
감,둥근무늬낙엽병,병해,전남광주통합특별시,,9.0,,전망자료 부족,낮음,7,2026,"양년 자료 없음, 공통 조사단위 0개, 유효 관측 7건, 결측률 0.0%, 단위별 변화 변동성 100.0점. 제한된 비교 단위 또는 변동성 때문에 보수적으로 낮게 평가합니다. 2024·2026 두 개 연도의 NCPMS 예찰자료만 사용한 상대 위험 전망으로, 기상·재배면적·방제 변화와 2027년 실제 발생을 확정하지 않습니다. ASOS 공통 조사월 0개에서 기온·습도·강수·풍속의 관측 연관성을 추세 연장분에만 최대 ±3점으로 제한 적용(보정 +0점). 2027년 미래 기상값은 생성하거나 가정하지 않았습니다.",전망자료 부족,,,0.0,—,기상근거 부족,0,ASOS 공통 조사월 0개에서 기온·습도·강수·풍속의 관측 연관성을 추세 연장분에만 최대 ±3점으로 제한 적용(보정 +0점). 2027년 미래 기상값은 생성하거나 가정하지 않았습니다.,F27-WX1 설명가능 완화추세,"2024·2026 관측자료와 ASOS 공통 조사월의 연관성을 이용한 상대 위험 전망입니다. 2026년은 부분연도이며, 2027년 실제 기상·발생·확률을 확정하지 않습니다."
감,매점병,병해,경상남도,,0.0,,전망자료 부족,낮음,7,2026,"양년 자료 없음, 공통 조사단위 0개, 유효 관측 7건, 결측률 0.0%, 단위별 변화 변동성 100.0점. 제한된 비교 단위 또는 변동성 때문에 보수적으로 낮게 평가합니다. 2024·2026 두 개 연도의 NCPMS 예찰자료만 사용한 상대 위험 전망으로, 기상·재배면적·방제 변화와 2027년 실제 발생을 확정하지 않습니다. ASOS 공통 조사월 0개에서 기온·습도·강수·풍속의 관측 연관성을 추세 연장분에만 최대 ±3점으로 제한 적용(보정 +0점). 2027년 미래 기상값은 생성하거나 가정하지 않았습니다.",전망자료 부족,,,0.0,—,기상근거 부족,0,ASOS 공통 조사월 0개에서 기온·습도·강수·풍속의 관측 연관성을 추세 연장분에만 최대 ±3점으로 제한 적용(보정 +0점). 2027년 미래 기상값은 생성하거나 가정하지 않았습니다.,F27-WX1 설명가능 완화추세,"2024·2026 관측자료와 ASOS 공통 조사월의 연관성을 이용한 상대 위험 전망입니다. 2026년은 부분연도이며, 2027년 실제 기상·발생·확률을 확정하지 않습니다."
감,매점병,병해,경상북도,,4.0,,전망자료 부족,낮음,7,2026,"양년 자료 없음, 공통 조사단위 0개, 유효 관측 7건, 결측률 0.0%, 단위별 변화 변동성 100.0점. 제한된 비교 단위 또는 변동성 때문에 보수적으로 낮게 평가합니다. 2024·2026 두 개 연도의 NCPMS 예찰자료만 사용한 상대 위험 전망으로, 기상·재배면적·방제 변화와 2027년 실제 발생을 확정하지 않습니다. ASOS 공통 조사월 0개에서 기온·습도·강수·풍속의 관측 연관성을 추세 연장분에만 최대 ±3점으로 제한 적용(보정 +0점). 2027년 미래 기상값은 생성하거나 가정하지 않았습니다.",전망자료 부족,,,0.0,—,기상근거 부족,0,ASOS 공통 조사월 0개에서 기온·습도·강수·풍속의 관측 연관성을 추세 연장분에만 최대 ±3점으로 제한 적용(보정 +0점). 2027년 미래 기상값은 생성하거나 가정하지 않았습니다.,F27-WX1 설명가능 완화추세,"2024·2026 관측자료와 ASOS 공통 조사월의 연관성을 이용한 상대 위험 전망입니다. 2026년은 부분연도이며, 2027년 실제 기상·발생·확률을 확정하지 않습니다."
감,매점병,병해,울산광역시,,0.0,,전망자료 부족,낮음,6,2026,"양년 자료 없음, 공통 조사단위 0개, 유효 관측 6건, 결측률 0.0%, 단위별 변화 변동성 100.0점. 제한된 비교 단위 또는 변동성 때문에 보수적으로 낮게 평가합니다. 2024·2026 두 개 연도의 NCPMS 예찰자료만 사용한 상대 위험 전망으로, 기상·재배면적·방제 변화와 2027년 실제 발생을 확정하지 않습니다. ASOS 공통 조사월 0개에서 기온·습도·강수·풍속의 관측 연관성을 추세 연장분에만 최대 ±3점으로 제한 적용(보정 +0점). 2027년 미래 기상값은 생성하거나 가정하지 않았습니다.",전망자료 부족,,,0.0,—,기상근거 부족,0,ASOS 공통 조사월 0개에서 기온·습도·강수·풍속의 관측 연관성을 추세 연장분에만 최대 ±3점으로 제한 적용(보정 +0점). 2027년 미래 기상값은 생성하거나 가정하지 않았습니다.,F27-WX1 설명가능 완화추세,"2024·2026 관측자료와 ASOS 공통 조사월의 연관성을 이용한 상대 위험 전망입니다. 2026년은 부분연도이며, 2027년 실제 기상·발생·확률을 확정하지 않습니다."
감,매점병,병해,전남광주통합특별시,,48.0,,전망자료 부족,낮음,7,2026,"양년 자료 없음, 공통 조사단위 0개, 유효 관측 7건, 결측률 0.0%, 단위별 변화 변동성 100.0점. 제한된 비교 단위 또는 변동성 때문에 보수적으로 낮게 평가합니다. 2024·2026 두 개 연도의 NCPMS 예찰자료만 사용한 상대 위험 전망으로, 기상·재배면적·방제 변화와 2027년 실제 발생을 확정하지 않습니다. ASOS 공통 조사월 0개에서 기온·습도·강수·풍속의 관측 연관성을 추세 연장분에만 최대 ±3점으로 제한 적용(보정 +0점). 2027년 미래 기상값은 생성하거나 가정하지 않았습니다.",전망자료 부족,,,0.0,—,기상근거 부족,0,ASOS 공통 조사월 0개에서 기온·습도·강수·풍속의 관측 연관성을 추세 연장분에만 최대 ±3점으로 제한 적용(보정 +0점). 2027년 미래 기상값은 생성하거나 가정하지 않았습니다.,F27-WX1 설명가능 완화추세,"2024·2026 관측자료와 ASOS 공통 조사월의 연관성을 이용한 상대 위험 전망입니다. 2026년은 부분연도이며, 2027년 실제 기상·발생·확률을 확정하지 않습니다."
논벼,먹노린재,해충,강원특별자치도,0.0,0.0,0,유지,보통,32,2024·2026,"기준선 비교: 2026 유지 0.0점, 2024·2026 가중평균 0.0점, 선택 모델(완화 추세+표본 축소) 0.0점. 지역 변화 +0.0점을 표본가중치 0.73로 같은 병해충·작물의 지역 중앙 변화 +0.0점 방향에 축소하고, 1년 연장 변화는 ±20점으로 제한했습니다. 양년 자료 있음, 공통 조사단위 2개, 유효 관측 32건, 결측률 0.0%, 단위별 변화 변동성 0.0점. 비교는 가능하지만 표본 또는 변동성에 불확실성이 남습니다. 2024·2026 두 개 연도의 NCPMS 예찰자료만 사용한 상대 위험 전망으로, 기상·재배면적·방제 변화와 2027년 실제 발생을 확정하지 않습니다. ASOS 공통 조사월 1개에서 기온·습도·강수·풍속의 관측 연관성을 추세 연장분에만 최대 ±3점으로 제한 적용(보정 +0점). 2027년 미래 기상값은 생성하거나 가정하지 않았습니다.",관찰,0,0,0.0801,습도,기상 근거 보강,1,ASOS 공통 조사월 1개에서 기온·습도·강수·풍속의 관측 연관성을 추세 연장분에만 최대 ±3점으로 제한 적용(보정 +0점). 2027년 미래 기상값은 생성하거나 가정하지 않았습니다.,F27-WX1 설명가능 완화추세,"2024·2026 관측자료와 ASOS 공통 조사월의 연관성을 이용한 상대 위험 전망입니다. 2026년은 부분연도이며, 2027년 실제 기상·발생·확률을 확정하지 않습니다."
논벼,먹노린재,해충,경기도,0.0,0.0,0,유지,보통,36,2024·2026,"기준선 비교: 2026 유지 0.0점, 2024·2026 가중평균 0.0점, 선택 모델(완화 추세+표본 축소) 0.0점. 지역 변화 +0.0점을 표본가중치 0.75로 같은 병해충·작물의 지역 중앙 변화 +0.0점 방향에 축소하고, 1년 연장 변화는 ±20점으로 제한했습니다. 양년 자료 있음, 공통 조사단위 2개, 유효 관측 36건, 결측률 0.0%, 단위별 변화 변동성 0.0점. 비교는 가능하지만 표본 또는 변동성에 불확실성이 남습니다. 2024·2026 두 개 연도의 NCPMS 예찰자료만 사용한 상대 위험 전망으로, 기상·재배면적·방제 변화와 2027년 실제 발생을 확정하지 않습니다. ASOS 공통 조사월 1개에서 기온·습도·강수·풍속의 관측 연관성을 추세 연장분에만 최대 ±3점으로 제한 적용(보정 +0점). 2027년 미래 기상값은 생성하거나 가정하지 않았습니다.",관찰,0,0,-0.091,습도,기상 근거 보강,1,ASOS 공통 조사월 1개에서 기온·습도·강수·풍속의 관측 연관성을 추세 연장분에만 최대 ±3점으로 제한 적용(보정 +0점). 2027년 미래 기상값은 생성하거나 가정하지 않았습니다.,F27-WX1 설명가능 완화추세,"2024·2026 관측자료와 ASOS 공통 조사월의 연관성을 이용한 상대 위험 전망입니다. 2026년은 부분연도이며, 2027년 실제 기상·발생·확률을 확정하지 않습니다."
논벼,먹노린재,해충,경상남도,0.0,4.0,6,유지,보통,32,2024·2026,"기준선 비교: 2026 유지 4.5점, 2024·2026 가중평균 2.9점, 선택 모델(완화 추세+표본 축소) 5.6점. 지역 변화 +4.5점을 표본가중치 0.73로 같은 병해충·작물의 지역 중앙 변화 +0.0점 방향에 축소하고, 1년 연장 변화는 ±20점으로 제한했습니다. 양년 자료 있음, 공통 조사단위 2개, 유효 관측 32건, 결측률 0.0%, 단위별 변화 변동성 0.0점. 비교는 가능하지만 표본 또는 변동성에 불확실성이 남습니다. 2024·2026 두 개 연도의 NCPMS 예찰자료만 사용한 상대 위험 전망으로, 기상·재배면적·방제 변화와 2027년 실제 발생을 확정하지 않습니다. ASOS 공통 조사월 1개에서 기온·습도·강수·풍속의 관측 연관성을 추세 연장분에만 최대 ±3점으로 제한 적용(보정 +0점). 2027년 미래 기상값은 생성하거나 가정하지 않았습니다.",관찰,6,0,-0.0447,강수량,기상 근거 보강,1,ASOS 공통 조사월 1개에서 기온·습도·강수·풍속의 관측 연관성을 추세 연장분에만 최대 ±3점으로 제한 적용(보정 +0점). 2027년 미래 기상값은 생성하거나 가정하지 않았습니다.,F27-WX1 설명가능 완화추세,"2024·2026 관측자료와 ASOS 공통 조사월의 연관성을 이용한 상대 위험 전망입니다. 2026년은 부분연도이며, 2027년 실제 기상·발생·확률을 확정하지 않습니다."
논벼,먹노린재,해충,경상북도,0.0,0.0,0,유지,보통,32,2024·2026,"기준선 비교: 2026 유지 0.2점, 2024·2026 가중평균 0.1점, 선택 모델(완화 추세+표본 축소) 0.2점. 지역 변화 +0.2점을 표본가중치 0.73로 같은 병해충·작물의 지역 중앙 변화 +0.0점 방향에 축소하고, 1년 연장 변화는 ±20점으로 제한했습니다. 양년 자료 있음, 공통 조사단위 2개, 유효 관측 32건, 결측률 0.0%, 단위별 변화 변동성 0.0점. 비교는 가능하지만 표본 또는 변동성에 불확실성이 남습니다. 2024·2026 두 개 연도의 NCPMS 예찰자료만 사용한 상대 위험 전망으로, 기상·재배면적·방제 변화와 2027년 실제 발생을 확정하지 않습니다. ASOS 공통 조사월 1개에서 기온·습도·강수·풍속의 관측 연관성을 추세 연장분에만 최대 ±3점으로 제한 적용(보정 +0점). 2027년 미래 기상값은 생성하거나 가정하지 않았습니다.",관찰,0,0,0.0362,습도,기상 근거 보강,1,ASOS 공통 조사월 1개에서 기온·습도·강수·풍속의 관측 연관성을 추세 연장분에만 최대 ±3점으로 제한 적용(보정 +0점). 2027년 미래 기상값은 생성하거나 가정하지 않았습니다.,F27-WX1 설명가능 완화추세,"2024·2026 관측자료와 ASOS 공통 조사월의 연관성을 이용한 상대 위험 전망입니다. 2026년은 부분연도이며, 2027년 실제 기상·발생·확률을 확정하지 않습니다."
논벼,먹노린재,해충,대구광역시,0.0,0.0,0,유지,보통,32,2024·2026,"기준선 비교: 2026 유지 0.0점, 2024·2026 가중평균 0.0점, 선택 모델(완화 추세+표본 축소) 0.0점. 지역 변화 +0.0점을 표본가중치 0.73로 같은 병해충·작물의 지역 중앙 변화 +0.0점 방향에 축소하고, 1년 연장 변화는 ±20점으로 제한했습니다. 양년 자료 있음, 공통 조사단위 2개, 유효 관측 32건, 결측률 0.0%, 단위별 변화 변동성 0.0점. 비교는 가능하지만 표본 또는 변동성에 불확실성이 남습니다. 2024·2026 두 개 연도의 NCPMS 예찰자료만 사용한 상대 위험 전망으로, 기상·재배면적·방제 변화와 2027년 실제 발생을 확정하지 않습니다. ASOS 공통 조사월 1개에서 기온·습도·강수·풍속의 관측 연관성을 추세 연장분에만 최대 ±3점으로 제한 적용(보정 +0점). 2027년 미래 기상값은 생성하거나 가정하지 않았습니다.",관찰,0,0,-0.03,강수량,기상 근거 보강,1,ASOS 공통 조사월 1개에서 기온·습도·강수·풍속의 관측 연관성을 추세 연장분에만 최대 ±3점으로 제한 적용(보정 +0점). 2027년 미래 기상값은 생성하거나 가정하지 않았습니다.,F27-WX1 설명가능 완화추세,"2024·2026 관측자료와 ASOS 공통 조사월의 연관성을 이용한 상대 위험 전망입니다. 2026년은 부분연도이며, 2027년 실제 기상·발생·확률을 확정하지 않습니다."
논벼,먹노린재,해충,대전광역시,0.0,0.0,0,유지,보통,32,2024·2026,"기준선 비교: 2026 유지 0.0점, 2024·2026 가중평균 0.0점, 선택 모델(완화 추세+표본 축소) 0.0점. 지역 변화 +0.0점을 표본가중치 0.73로 같은 병해충·작물의 지역 중앙 변화 +0.0점 방향에 축소하고, 1년 연장 변화는 ±20점으로 제한했습니다. 양년 자료 있음, 공통 조사단위 2개, 유효 관측 32건, 결측률 0.0%, 단위별 변화 변동성 0.0점. 비교는 가능하지만 표본 또는 변동성에 불확실성이 남습니다. 2024·2026 두 개 연도의 NCPMS 예찰자료만 사용한 상대 위험 전망으로, 기상·재배면적·방제 변화와 2027년 실제 발생을 확정하지 않습니다. ASOS 공통 조사월 1개에서 기온·습도·강수·풍속의 관측 연관성을 추세 연장분에만 최대 ±3점으로 제한 적용(보정 +0점). 2027년 미래 기상값은 생성하거나 가정하지 않았습니다.",관찰,0,0,0.0899,습도,기상 근거 보강,1,ASOS 공통 조사월 1개에서 기온·습도·강수·풍속의 관측 연관성을 추세 연장분에만 최대 ±3점으로 제한 적용(보정 +0점). 2027년 미래 기상값은 생성하거나 가정하지 않았습니다.,F27-WX1 설명가능 완화추세,"2024·2026 관측자료와 ASOS 공통 조사월의 연관성을 이용한 상대 위험 전망입니다. 2026년은 부분연도이며, 2027년 실제 기상·발생·확률을 확정하지 않습니다."
논벼,먹노린재,해충,부산광역시,0.0,0.0,0,유지,보통,32,2024·2026,"기준선 비교: 2026 유지 0.0점, 2024·2026 가중평균 0.0점, 선택 모델(완화 추세+표본 축소) 0.0점. 지역 변화 +0.0점을 표본가중치 0.73로 같은 병해충·작물의 지역 중앙 변화 +0.0점 방향에 축소하고, 1년 연장 변화는 ±20점으로 제한했습니다. 양년 자료 있음, 공통 조사단위 2개, 유효 관측 32건, 결측률 0.0%, 단위별 변화 변동성 0.0점. 비교는 가능하지만 표본 또는 변동성에 불확실성이 남습니다. 2024·2026 두 개 연도의 NCPMS 예찰자료만 사용한 상대 위험 전망으로, 기상·재배면적·방제 변화와 2027년 실제 발생을 확정하지 않습니다. ASOS 공통 조사월 1개에서 기온·습도·강수·풍속의 관측 연관성을 추세 연장분에만 최대 ±3점으로 제한 적용(보정 +0점). 2027년 미래 기상값은 생성하거나 가정하지 않았습니다.",관찰,0,0,-0.0699,강수량,기상 근거 보강,1,ASOS 공통 조사월 1개에서 기온·습도·강수·풍속의 관측 연관성을 추세 연장분에만 최대 ±3점으로 제한 적용(보정 +0점). 2027년 미래 기상값은 생성하거나 가정하지 않았습니다.,F27-WX1 설명가능 완화추세,"2024·2026 관측자료와 ASOS 공통 조사월의 연관성을 이용한 상대 위험 전망입니다. 2026년은 부분연도이며, 2027년 실제 기상·발생·확률을 확정하지 않습니다."
논벼,먹노린재,해충,세종특별자치시,0.0,0.0,0,유지,보통,28,2024·2026,"기준선 비교: 2026 유지 0.0점, 2024·2026 가중평균 0.0점, 선택 모델(완화 추세+표본 축소) 0.0점. 지역 변화 +0.0점을 표본가중치 0.70로 같은 병해충·작물의 지역 중앙 변화 +0.0점 방향에 축소하고, 1년 연장 변화는 ±20점으로 제한했습니다. 양년 자료 있음, 공통 조사단위 2개, 유효 관측 28건, 결측률 0.0%, 단위별 변화 변동성 0.0점. 비교는 가능하지만 표본 또는 변동성에 불확실성이 남습니다. 2024·2026 두 개 연도의 NCPMS 예찰자료만 사용한 상대 위험 전망으로, 기상·재배면적·방제 변화와 2027년 실제 발생을 확정하지 않습니다. ASOS 공통 조사월 1개에서 기온·습도·강수·풍속의 관측 연관성을 추세 연장분에만 최대 ±3점으로 제한 적용(보정 +0점). 2027년 미래 기상값은 생성하거나 가정하지 않았습니다.",관찰,0,0,0.0312,습도,기상 근거 보강,1,ASOS 공통 조사월 1개에서 기온·습도·강수·풍속의 관측 연관성을 추세 연장분에만 최대 ±3점으로 제한 적용(보정 +0점). 2027년 미래 기상값은 생성하거나 가정하지 않았습니다.,F27-WX1 설명가능 완화추세,"2024·2026 관측자료와 ASOS 공통 조사월의 연관성을 이용한 상대 위험 전망입니다. 2026년은 부분연도이며, 2027년 실제 기상·발생·확률을 확정하지 않습니다."
논벼,먹노린재,해충,울산광역시,50.0,0.0,0,유지,낮음,32,2024·2026,"기준선 비교: 2026 유지 0.0점, 2024·2026 가중평균 17.5점, 선택 모델(완화 추세+표본 축소) 0.0점. 지역 변화 -50.0점을 표본가중치 0.73로 같은 병해충·작물의 지역 중앙 변화 +0.0점 방향에 축소하고, 1년 연장 변화는 ±20점으로 제한했습니다. 양년 자료 있음, 공통 조사단위 2개, 유효 관측 32건, 결측률 0.0%, 단위별 변화 변동성 50.0점. 제한된 비교 단위 또는 변동성 때문에 보수적으로 낮게 평가합니다. 2024·2026 두 개 연도의 NCPMS 예찰자료만 사용한 상대 위험 전망으로, 기상·재배면적·방제 변화와 2027년 실제 발생을 확정하지 않습니다. ASOS 공통 조사월 1개에서 기온·습도·강수·풍속의 관측 연관성을 추세 연장분에만 최대 ±3점으로 제한 적용(보정 +0점). 2027년 미래 기상값은 생성하거나 가정하지 않았습니다.",관찰,0,0,0.0185,습도,기상 근거 보강,1,ASOS 공통 조사월 1개에서 기온·습도·강수·풍속의 관측 연관성을 추세 연장분에만 최대 ±3점으로 제한 적용(보정 +0점). 2027년 미래 기상값은 생성하거나 가정하지 않았습니다.,F27-WX1 설명가능 완화추세,"2024·2026 관측자료와 ASOS 공통 조사월의 연관성을 이용한 상대 위험 전망입니다. 2026년은 부분연도이며, 2027년 실제 기상·발생·확률을 확정하지 않습니다."
논벼,먹노린재,해충,인천광역시,0.0,0.0,0,유지,보통,32,2024·2026,"기준선 비교: 2026 유지 0.0점, 2024·2026 가중평균 0.0점, 선택 모델(완화 추세+표본 축소) 0.0점. 지역 변화 +0.0점을 표본가중치 0.73로 같은 병해충·작물의 지역 중앙 변화 +0.0점 방향에 축소하고, 1년 연장 변화는 ±20점으로 제한했습니다. 양년 자료 있음, 공통 조사단위 2개, 유효 관측 32건, 결측률 0.0%, 단위별 변화 변동성 0.0점. 비교는 가능하지만 표본 또는 변동성에 불확실성이 남습니다. 2024·2026 두 개 연도의 NCPMS 예찰자료만 사용한 상대 위험 전망으로, 기상·재배면적·방제 변화와 2027년 실제 발생을 확정하지 않습니다. ASOS 공통 조사월 1개에서 기온·습도·강수·풍속의 관측 연관성을 추세 연장분에만 최대 ±3점으로 제한 적용(보정 +0점). 2027년 미래 기상값은 생성하거나 가정하지 않았습니다.",관찰,0,0,0.0022,습도,기상 근거 보강,1,ASOS 공통 조사월 1개에서 기온·습도·강수·풍속의 관측 연관성을 추세 연장분에만 최대 ±3점으로 제한 적용(보정 +0점). 2027년 미래 기상값은 생성하거나 가정하지 않았습니다.,F27-WX1 설명가능 완화추세,"2024·2026 관측자료와 ASOS 공통 조사월의 연관성을 이용한 상대 위험 전망입니다. 2026년은 부분연도이며, 2027년 실제 기상·발생·확률을 확정하지 않습니다."
논벼,먹노린재,해충,전남광주통합특별시,25.0,59.0,68,증가,보통,32,2024·2026,"기준선 비교: 2026 유지 59.0점, 2024·2026 가중평균 47.1점, 선택 모델(완화 추세+표본 축소) 67.6점. 지역 변화 +34.0점을 표본가중치 0.73로 같은 병해충·작물의 지역 중앙 변화 +0.0점 방향에 축소하고, 1년 연장 변화는 ±20점으로 제한했습니다. 양년 자료 있음, 공통 조사단위 2개, 유효 관측 32건, 결측률 0.0%, 단위별 변화 변동성 25.0점. 비교는 가능하지만 표본 또는 변동성에 불확실성이 남습니다. 2024·2026 두 개 연도의 NCPMS 예찰자료만 사용한 상대 위험 전망으로, 기상·재배면적·방제 변화와 2027년 실제 발생을 확정하지 않습니다. ASOS 공통 조사월 1개에서 기온·습도·강수·풍속의 관측 연관성을 추세 연장분에만 최대 ±3점으로 제한 적용(보정 +0점). 2027년 미래 기상값은 생성하거나 가정하지 않았습니다.",고위험,68,0,-0.0697,강수량,기상 근거 보강,1,ASOS 공통 조사월 1개에서 기온·습도·강수·풍속의 관측 연관성을 추세 연장분에만 최대 ±3점으로 제한 적용(보정 +0점). 2027년 미래 기상값은 생성하거나 가정하지 않았습니다.,F27-WX1 설명가능 완화추세,"2024·2026 관측자료와 ASOS 공통 조사월의 연관성을 이용한 상대 위험 전망입니다. 2026년은 부분연도이며, 2027년 실제 기상·발생·확률을 확정하지 않습니다."
논벼,먹노린재,해충,전북특별자치도,0.0,9.0,11,유지,보통,32,2024·2026,"기준선 비교: 2026 유지 8.9점, 2024·2026 가중평균 5.8점, 선택 모델(완화 추세+표본 축소) 11.1점. 지역 변화 +8.9점을 표본가중치 0.73로 같은 병해충·작물의 지역 중앙 변화 +0.0점 방향에 축소하고, 1년 연장 변화는 ±20점으로 제한했습니다. 양년 자료 있음, 공통 조사단위 2개, 유효 관측 32건, 결측률 0.0%, 단위별 변화 변동성 0.0점. 비교는 가능하지만 표본 또는 변동성에 불확실성이 남습니다. 2024·2026 두 개 연도의 NCPMS 예찰자료만 사용한 상대 위험 전망으로, 기상·재배면적·방제 변화와 2027년 실제 발생을 확정하지 않습니다. ASOS 공통 조사월 1개에서 기온·습도·강수·풍속의 관측 연관성을 추세 연장분에만 최대 ±3점으로 제한 적용(보정 +0점). 2027년 미래 기상값은 생성하거나 가정하지 않았습니다.",관찰,11,0,-0.0449,강수량,기상 근거 보강,1,ASOS 공통 조사월 1개에서 기온·습도·강수·풍속의 관측 연관성을 추세 연장분에만 최대 ±3점으로 제한 적용(보정 +0점). 2027년 미래 기상값은 생성하거나 가정하지 않았습니다.,F27-WX1 설명가능 완화추세,"2024·2026 관측자료와 ASOS 공통 조사월의 연관성을 이용한 상대 위험 전망입니다. 2026년은 부분연도이며, 2027년 실제 기상·발생·확률을 확정하지 않습니다."
논벼,먹노린재,해충,충청남도,0.0,28.0,35,증가,보통,32,2024·2026,"기준선 비교: 2026 유지 28.2점, 2024·2026 가중평균 18.3점, 선택 모델(완화 추세+표본 축소) 35.4점. 지역 변화 +28.2점을 표본가중치 0.73로 같은 병해충·작물의 지역 중앙 변화 +0.0점 방향에 축소하고, 1년 연장 변화는 ±20점으로 제한했습니다. 양년 자료 있음, 공통 조사단위 2개, 유효 관측 32건, 결측률 0.0%, 단위별 변화 변동성 4.8점. 비교는 가능하지만 표본 또는 변동성에 불확실성이 남습니다. 2024·2026 두 개 연도의 NCPMS 예찰자료만 사용한 상대 위험 전망으로, 기상·재배면적·방제 변화와 2027년 실제 발생을 확정하지 않습니다. ASOS 공통 조사월 1개에서 기온·습도·강수·풍속의 관측 연관성을 추세 연장분에만 최대 ±3점으로 제한 적용(보정 +0점). 2027년 미래 기상값은 생성하거나 가정하지 않았습니다.",주의,35,0,-0.0328,강수량,기상 근거 보강,1,ASOS 공통 조사월 1개에서 기온·습도·강수·풍속의 관측 연관성을 추세 연장분에만 최대 ±3점으로 제한 적용(보정 +0점). 2027년 미래 기상값은 생성하거나 가정하지 않았습니다.,F27-WX1 설명가능 완화추세,"2024·2026 관측자료와 ASOS 공통 조사월의 연관성을 이용한 상대 위험 전망입니다. 2026년은 부분연도이며, 2027년 실제 기상·발생·확률을 확정하지 않습니다."
논벼,먹노린재,해충,충청북도,0.0,1.0,1,유지,보통,36,2024·2026,"기준선 비교: 2026 유지 0.8점, 2024·2026 가중평균 0.5점, 선택 모델(완화 추세+표본 축소) 1.0점. 지역 변화 +0.8점을 표본가중치 0.75로 같은 병해충·작물의 지역 중앙 변화 +0.0점 방향에 축소하고, 1년 연장 변화는 ±20점으로 제한했습니다. 양년 자료 있음, 공통 조사단위 2개, 유효 관측 36건, 결측률 0.0%, 단위별 변화 변동성 0.0점. 비교는 가능하지만 표본 또는 변동성에 불확실성이 남습니다. 2024·2026 두 개 연도의 NCPMS 예찰자료만 사용한 상대 위험 전망으로, 기상·재배면적·방제 변화와 2027년 실제 발생을 확정하지 않습니다. ASOS 공통 조사월 1개에서 기온·습도·강수·풍속의 관측 연관성을 추세 연장분에만 최대 ±3점으로 제한 적용(보정 +0점). 2027년 미래 기상값은 생성하거나 가정하지 않았습니다.",관찰,1,0,-0.0272,강수량,기상 근거 보강,1,ASOS 공통 조사월 1개에서 기온·습도·강수·풍속의 관측 연관성을 추세 연장분에만 최대 ±3점으로 제한 적용(보정 +0점). 2027년 미래 기상값은 생성하거나 가정하지 않았습니다.,F27-WX1 설명가능 완화추세,"2024·2026 관측자료와 ASOS 공통 조사월의 연관성을 이용한 상대 위험 전망입니다. 2026년은 부분연도이며, 2027년 실제 기상·발생·확률을 확정하지 않습니다."
논벼,멸강나방,해충,강원특별자치도,0.0,0.0,0,유지,보통,32,2024·2026,"기준선 비교: 2026 유지 0.0점, 2024·2026 가중평균 0.0점, 선택 모델(완화 추세+표본 축소) 0.0점. 지역 변화 +0.0점을 표본가중치 0.73로 같은 병해충·작물의 지역 중앙 변화 +0.0점 방향에 축소하고, 1년 연장 변화는 ±20점으로 제한했습니다. 양년 자료 있음, 공통 조사단위 2개, 유효 관측 32건, 결측률 0.0%, 단위별 변화 변동성 0.0점. 비교는 가능하지만 표본 또는 변동성에 불확실성이 남습니다. 2024·2026 두 개 연도의 NCPMS 예찰자료만 사용한 상대 위험 전망으로, 기상·재배면적·방제 변화와 2027년 실제 발생을 확정하지 않습니다. ASOS 공통 조사월 1개에서 기온·습도·강수·풍속의 관측 연관성을 추세 연장분에만 최대 ±3점으로 제한 적용(보정 +0점). 2027년 미래 기상값은 생성하거나 가정하지 않았습니다.",관찰,0,0,0.0112,기온,기상 근거 보강,1,ASOS 공통 조사월 1개에서 기온·습도·강수·풍속의 관측 연관성을 추세 연장분에만 최대 ±3점으로 제한 적용(보정 +0점). 2027년 미래 기상값은 생성하거나 가정하지 않았습니다.,F27-WX1 설명가능 완화추세,"2024·2026 관측자료와 ASOS 공통 조사월의 연관성을 이용한 상대 위험 전망입니다. 2026년은 부분연도이며, 2027년 실제 기상·발생·확률을 확정하지 않습니다."
논벼,멸강나방,해충,경기도,0.0,0.0,0,유지,보통,36,2024·2026,"기준선 비교: 2026 유지 0.0점, 2024·2026 가중평균 0.0점, 선택 모델(완화 추세+표본 축소) 0.0점. 지역 변화 +0.0점을 표본가중치 0.75로 같은 병해충·작물의 지역 중앙 변화 +0.0점 방향에 축소하고, 1년 연장 변화는 ±20점으로 제한했습니다. 양년 자료 있음, 공통 조사단위 2개, 유효 관측 36건, 결측률 0.0%, 단위별 변화 변동성 0.0점. 비교는 가능하지만 표본 또는 변동성에 불확실성이 남습니다. 2024·2026 두 개 연도의 NCPMS 예찰자료만 사용한 상대 위험 전망으로, 기상·재배면적·방제 변화와 2027년 실제 발생을 확정하지 않습니다. ASOS 공통 조사월 1개에서 기온·습도·강수·풍속의 관측 연관성을 추세 연장분에만 최대 ±3점으로 제한 적용(보정 +0점). 2027년 미래 기상값은 생성하거나 가정하지 않았습니다.",관찰,0,0,0.0052,풍속,기상 근거 보강,1,ASOS 공통 조사월 1개에서 기온·습도·강수·풍속의 관측 연관성을 추세 연장분에만 최대 ±3점으로 제한 적용(보정 +0점). 2027년 미래 기상값은 생성하거나 가정하지 않았습니다.,F27-WX1 설명가능 완화추세,"2024·2026 관측자료와 ASOS 공통 조사월의 연관성을 이용한 상대 위험 전망입니다. 2026년은 부분연도이며, 2027년 실제 기상·발생·확률을 확정하지 않습니다."
논벼,멸강나방,해충,경상남도,0.0,0.0,0,유지,보통,32,2024·2026,"기준선 비교: 2026 유지 0.0점, 2024·2026 가중평균 0.0점, 선택 모델(완화 추세+표본 축소) 0.0점. 지역 변화 +0.0점을 표본가중치 0.73로 같은 병해충·작물의 지역 중앙 변화 +0.0점 방향에 축소하고, 1년 연장 변화는 ±20점으로 제한했습니다. 양년 자료 있음, 공통 조사단위 2개, 유효 관측 32건, 결측률 0.0%, 단위별 변화 변동성 0.0점. 비교는 가능하지만 표본 또는 변동성에 불확실성이 남습니다. 2024·2026 두 개 연도의 NCPMS 예찰자료만 사용한 상대 위험 전망으로, 기상·재배면적·방제 변화와 2027년 실제 발생을 확정하지 않습니다. ASOS 공통 조사월 1개에서 기온·습도·강수·풍속의 관측 연관성을 추세 연장분에만 최대 ±3점으로 제한 적용(보정 +0점). 2027년 미래 기상값은 생성하거나 가정하지 않았습니다.",관찰,0,0,0.0005,기온,기상 근거 보강,1,ASOS 공통 조사월 1개에서 기온·습도·강수·풍속의 관측 연관성을 추세 연장분에만 최대 ±3점으로 제한 적용(보정 +0점). 2027년 미래 기상값은 생성하거나 가정하지 않았습니다.,F27-WX1 설명가능 완화추세,"2024·2026 관측자료와 ASOS 공통 조사월의 연관성을 이용한 상대 위험 전망입니다. 2026년은 부분연도이며, 2027년 실제 기상·발생·확률을 확정하지 않습니다."
논벼,멸강나방,해충,경상북도,0.0,0.0,0,유지,보통,32,2024·2026,"기준선 비교: 2026 유지 0.0점, 2024·2026 가중평균 0.0점, 선택 모델(완화 추세+표본 축소) 0.0점. 지역 변화 +0.0점을 표본가중치 0.73로 같은 병해충·작물의 지역 중앙 변화 +0.0점 방향에 축소하고, 1년 연장 변화는 ±20점으로 제한했습니다. 양년 자료 있음, 공통 조사단위 2개, 유효 관측 32건, 결측률 0.0%, 단위별 변화 변동성 0.0점. 비교는 가능하지만 표본 또는 변동성에 불확실성이 남습니다. 2024·2026 두 개 연도의 NCPMS 예찰자료만 사용한 상대 위험 전망으로, 기상·재배면적·방제 변화와 2027년 실제 발생을 확정하지 않습니다. ASOS 공통 조사월 1개에서 기온·습도·강수·풍속의 관측 연관성을 추세 연장분에만 최대 ±3점으로 제한 적용(보정 +0점). 2027년 미래 기상값은 생성하거나 가정하지 않았습니다.",관찰,0,0,0.0077,기온,기상 근거 보강,1,ASOS 공통 조사월 1개에서 기온·습도·강수·풍속의 관측 연관성을 추세 연장분에만 최대 ±3점으로 제한 적용(보정 +0점). 2027년 미래 기상값은 생성하거나 가정하지 않았습니다.,F27-WX1 설명가능 완화추세,"2024·2026 관측자료와 ASOS 공통 조사월의 연관성을 이용한 상대 위험 전망입니다. 2026년은 부분연도이며, 2027년 실제 기상·발생·확률을 확정하지 않습니다."
논벼,멸강나방,해충,대구광역시,0.0,0.0,0,유지,보통,32,2024·2026,"기준선 비교: 2026 유지 0.0점, 2024·2026 가중평균 0.0점, 선택 모델(완화 추세+표본 축소) 0.0점. 지역 변화 +0.0점을 표본가중치 0.73로 같은 병해충·작물의 지역 중앙 변화 +0.0점 방향에 축소하고, 1년 연장 변화는 ±20점으로 제한했습니다. 양년 자료 있음, 공통 조사단위 2개, 유효 관측 32건, 결측률 0.0%, 단위별 변화 변동성 0.0점. 비교는 가능하지만 표본 또는 변동성에 불확실성이 남습니다. 2024·2026 두 개 연도의 NCPMS 예찰자료만 사용한 상대 위험 전망으로, 기상·재배면적·방제 변화와 2027년 실제 발생을 확정하지 않습니다. ASOS 공통 조사월 1개에서 기온·습도·강수·풍속의 관측 연관성을 추세 연장분에만 최대 ±3점으로 제한 적용(보정 +0점). 2027년 미래 기상값은 생성하거나 가정하지 않았습니다.",관찰,0,0,0.0052,기온,기상 근거 보강,1,ASOS 공통 조사월 1개에서 기온·습도·강수·풍속의 관측 연관성을 추세 연장분에만 최대 ±3점으로 제한 적용(보정 +0점). 2027년 미래 기상값은 생성하거나 가정하지 않았습니다.,F27-WX1 설명가능 완화추세,"2024·2026 관측자료와 ASOS 공통 조사월의 연관성을 이용한 상대 위험 전망입니다. 2026년은 부분연도이며, 2027년 실제 기상·발생·확률을 확정하지 않습니다."
논벼,멸강나방,해충,대전광역시,0.0,0.0,0,유지,보통,32,2024·2026,"기준선 비교: 2026 유지 0.0점, 2024·2026 가중평균 0.0점, 선택 모델(완화 추세+표본 축소) 0.0점. 지역 변화 +0.0점을 표본가중치 0.73로 같은 병해충·작물의 지역 중앙 변화 +0.0점 방향에 축소하고, 1년 연장 변화는 ±20점으로 제한했습니다. 양년 자료 있음, 공통 조사단위 2개, 유효 관측 32건, 결측률 0.0%, 단위별 변화 변동성 0.0점. 비교는 가능하지만 표본 또는 변동성에 불확실성이 남습니다. 2024·2026 두 개 연도의 NCPMS 예찰자료만 사용한 상대 위험 전망으로, 기상·재배면적·방제 변화와 2027년 실제 발생을 확정하지 않습니다. ASOS 공통 조사월 1개에서 기온·습도·강수·풍속의 관측 연관성을 추세 연장분에만 최대 ±3점으로 제한 적용(보정 +0점). 2027년 미래 기상값은 생성하거나 가정하지 않았습니다.",관찰,0,0,0.0004,기온,기상 근거 보강,1,ASOS 공통 조사월 1개에서 기온·습도·강수·풍속의 관측 연관성을 추세 연장분에만 최대 ±3점으로 제한 적용(보정 +0점). 2027년 미래 기상값은 생성하거나 가정하지 않았습니다.,F27-WX1 설명가능 완화추세,"2024·2026 관측자료와 ASOS 공통 조사월의 연관성을 이용한 상대 위험 전망입니다. 2026년은 부분연도이며, 2027년 실제 기상·발생·확률을 확정하지 않습니다."
논벼,멸강나방,해충,부산광역시,0.0,0.0,0,유지,보통,32,2024·2026,"기준선 비교: 2026 유지 0.0점, 2024·2026 가중평균 0.0점, 선택 모델(완화 추세+표본 축소) 0.0점. 지역 변화 +0.0점을 표본가중치 0.73로 같은 병해충·작물의 지역 중앙 변화 +0.0점 방향에 축소하고, 1년 연장 변화는 ±20점으로 제한했습니다. 양년 자료 있음, 공통 조사단위 2개, 유효 관측 32건, 결측률 0.0%, 단위별 변화 변동성 0.0점. 비교는 가능하지만 표본 또는 변동성에 불확실성이 남습니다. 2024·2026 두 개 연도의 NCPMS 예찰자료만 사용한 상대 위험 전망으로, 기상·재배면적·방제 변화와 2027년 실제 발생을 확정하지 않습니다. ASOS 공통 조사월 1개에서 기온·습도·강수·풍속의 관측 연관성을 추세 연장분에만 최대 ±3점으로 제한 적용(보정 +0점). 2027년 미래 기상값은 생성하거나 가정하지 않았습니다.",관찰,0,0,0.002,기온,기상 근거 보강,1,ASOS 공통 조사월 1개에서 기온·습도·강수·풍속의 관측 연관성을 추세 연장분에만 최대 ±3점으로 제한 적용(보정 +0점). 2027년 미래 기상값은 생성하거나 가정하지 않았습니다.,F27-WX1 설명가능 완화추세,"2024·2026 관측자료와 ASOS 공통 조사월의 연관성을 이용한 상대 위험 전망입니다. 2026년은 부분연도이며, 2027년 실제 기상·발생·확률을 확정하지 않습니다."
논벼,멸강나방,해충,세종특별자치시,0.0,0.0,0,유지,보통,28,2024·2026,"기준선 비교: 2026 유지 0.0점, 2024·2026 가중평균 0.0점, 선택 모델(완화 추세+표본 축소) 0.0점. 지역 변화 +0.0점을 표본가중치 0.70로 같은 병해충·작물의 지역 중앙 변화 +0.0점 방향에 축소하고, 1년 연장 변화는 ±20점으로 제한했습니다. 양년 자료 있음, 공통 조사단위 2개, 유효 관측 28건, 결측률 0.0%, 단위별 변화 변동성 0.0점. 비교는 가능하지만 표본 또는 변동성에 불확실성이 남습니다. 2024·2026 두 개 연도의 NCPMS 예찰자료만 사용한 상대 위험 전망으로, 기상·재배면적·방제 변화와 2027년 실제 발생을 확정하지 않습니다. ASOS 공통 조사월 1개에서 기온·습도·강수·풍속의 관측 연관성을 추세 연장분에만 최대 ±3점으로 제한 적용(보정 +0점). 2027년 미래 기상값은 생성하거나 가정하지 않았습니다.",관찰,0,0,0.0003,기온,기상 근거 보강,1,ASOS 공통 조사월 1개에서 기온·습도·강수·풍속의 관측 연관성을 추세 연장분에만 최대 ±3점으로 제한 적용(보정 +0점). 2027년 미래 기상값은 생성하거나 가정하지 않았습니다.,F27-WX1 설명가능 완화추세,"2024·2026 관측자료와 ASOS 공통 조사월의 연관성을 이용한 상대 위험 전망입니다. 2026년은 부분연도이며, 2027년 실제 기상·발생·확률을 확정하지 않습니다."
논벼,멸강나방,해충,울산광역시,0.0,0.0,0,유지,보통,32,2024·2026,"기준선 비교: 2026 유지 0.0점, 2024·2026 가중평균 0.0점, 선택 모델(완화 추세+표본 축소) 0.0점. 지역 변화 +0.0점을 표본가중치 0.73로 같은 병해충·작물의 지역 중앙 변화 +0.0점 방향에 축소하고, 1년 연장 변화는 ±20점으로 제한했습니다. 양년 자료 있음, 공통 조사단위 2개, 유효 관측 32건, 결측률 0.0%, 단위별 변화 변동성 0.0점. 비교는 가능하지만 표본 또는 변동성에 불확실성이 남습니다. 2024·2026 두 개 연도의 NCPMS 예찰자료만 사용한 상대 위험 전망으로, 기상·재배면적·방제 변화와 2027년 실제 발생을 확정하지 않습니다. ASOS 공통 조사월 1개에서 기온·습도·강수·풍속의 관측 연관성을 추세 연장분에만 최대 ±3점으로 제한 적용(보정 +0점). 2027년 미래 기상값은 생성하거나 가정하지 않았습니다.",관찰,0,0,0.0013,기온,기상 근거 보강,1,ASOS 공통 조사월 1개에서 기온·습도·강수·풍속의 관측 연관성을 추세 연장분에만 최대 ±3점으로 제한 적용(보정 +0점). 2027년 미래 기상값은 생성하거나 가정하지 않았습니다.,F27-WX1 설명가능 완화추세,"2024·2026 관측자료와 ASOS 공통 조사월의 연관성을 이용한 상대 위험 전망입니다. 2026년은 부분연도이며, 2027년 실제 기상·발생·확률을 확정하지 않습니다."
논벼,멸강나방,해충,인천광역시,0.0,0.0,0,유지,보통,32,2024·2026,"기준선 비교: 2026 유지 0.0점, 2024·2026 가중평균 0.0점, 선택 모델(완화 추세+표본 축소) 0.0점. 지역 변화 +0.0점을 표본가중치 0.73로 같은 병해충·작물의 지역 중앙 변화 +0.0점 방향에 축소하고, 1년 연장 변화는 ±20점으로 제한했습니다. 양년 자료 있음, 공통 조사단위 2개, 유효 관측 32건, 결측률 0.0%, 단위별 변화 변동성 0.0점. 비교는 가능하지만 표본 또는 변동성에 불확실성이 남습니다. 2024·2026 두 개 연도의 NCPMS 예찰자료만 사용한 상대 위험 전망으로, 기상·재배면적·방제 변화와 2027년 실제 발생을 확정하지 않습니다. ASOS 공통 조사월 1개에서 기온·습도·강수·풍속의 관측 연관성을 추세 연장분에만 최대 ±3점으로 제한 적용(보정 +0점). 2027년 미래 기상값은 생성하거나 가정하지 않았습니다.",관찰,0,0,0.0086,풍속,기상 근거 보강,1,ASOS 공통 조사월 1개에서 기온·습도·강수·풍속의 관측 연관성을 추세 연장분에만 최대 ±3점으로 제한 적용(보정 +0점). 2027년 미래 기상값은 생성하거나 가정하지 않았습니다.,F27-WX1 설명가능 완화추세,"2024·2026 관측자료와 ASOS 공통 조사월의 연관성을 이용한 상대 위험 전망입니다. 2026년은 부분연도이며, 2027년 실제 기상·발생·확률을 확정하지 않습니다."
논벼,멸강나방,해충,전남광주통합특별시,0.0,0.0,0,유지,보통,32,2024·2026,"기준선 비교: 2026 유지 0.0점, 2024·2026 가중평균 0.0점, 선택 모델(완화 추세+표본 축소) 0.0점. 지역 변화 +0.0점을 표본가중치 0.73로 같은 병해충·작물의 지역 중앙 변화 +0.0점 방향에 축소하고, 1년 연장 변화는 ±20점으로 제한했습니다. 양년 자료 있음, 공통 조사단위 2개, 유효 관측 32건, 결측률 0.0%, 단위별 변화 변동성 0.0점. 비교는 가능하지만 표본 또는 변동성에 불확실성이 남습니다. 2024·2026 두 개 연도의 NCPMS 예찰자료만 사용한 상대 위험 전망으로, 기상·재배면적·방제 변화와 2027년 실제 발생을 확정하지 않습니다. ASOS 공통 조사월 1개에서 기온·습도·강수·풍속의 관측 연관성을 추세 연장분에만 최대 ±3점으로 제한 적용(보정 +0점). 2027년 미래 기상값은 생성하거나 가정하지 않았습니다.",관찰,0,0,-0.0049,풍속,기상 근거 보강,1,ASOS 공통 조사월 1개에서 기온·습도·강수·풍속의 관측 연관성을 추세 연장분에만 최대 ±3점으로 제한 적용(보정 +0점). 2027년 미래 기상값은 생성하거나 가정하지 않았습니다.,F27-WX1 설명가능 완화추세,"2024·2026 관측자료와 ASOS 공통 조사월의 연관성을 이용한 상대 위험 전망입니다. 2026년은 부분연도이며, 2027년 실제 기상·발생·확률을 확정하지 않습니다."
논벼,멸강나방,해충,전북특별자치도,0.0,0.0,0,유지,보통,32,2024·2026,"기준선 비교: 2026 유지 0.0점, 2024·2026 가중평균 0.0점, 선택 모델(완화 추세+표본 축소) 0.0점. 지역 변화 +0.0점을 표본가중치 0.73로 같은 병해충·작물의 지역 중앙 변화 +0.0점 방향에 축소하고, 1년 연장 변화는 ±20점으로 제한했습니다. 양년 자료 있음, 공통 조사단위 2개, 유효 관측 32건, 결측률 0.0%, 단위별 변화 변동성 0.0점. 비교는 가능하지만 표본 또는 변동성에 불확실성이 남습니다. 2024·2026 두 개 연도의 NCPMS 예찰자료만 사용한 상대 위험 전망으로, 기상·재배면적·방제 변화와 2027년 실제 발생을 확정하지 않습니다. ASOS 공통 조사월 1개에서 기온·습도·강수·풍속의 관측 연관성을 추세 연장분에만 최대 ±3점으로 제한 적용(보정 +0점). 2027년 미래 기상값은 생성하거나 가정하지 않았습니다.",관찰,0,0,-0.0012,풍속,기상 근거 보강,1,ASOS 공통 조사월 1개에서 기온·습도·강수·풍속의 관측 연관성을 추세 연장분에만 최대 ±3점으로 제한 적용(보정 +0점). 2027년 미래 기상값은 생성하거나 가정하지 않았습니다.,F27-WX1 설명가능 완화추세,"2024·2026 관측자료와 ASOS 공통 조사월의 연관성을 이용한 상대 위험 전망입니다. 2026년은 부분연도이며, 2027년 실제 기상·발생·확률을 확정하지 않습니다."
논벼,멸강나방,해충,충청남도,38.0,0.0,0,유지,보통,32,2024·2026,"기준선 비교: 2026 유지 0.0점, 2024·2026 가중평균 13.1점, 선택 모델(완화 추세+표본 축소) 0.0점. 지역 변화 -37.5점을 표본가중치 0.73로 같은 병해충·작물의 지역 중앙 변화 +0.0점 방향에 축소하고, 1년 연장 변화는 ±20점으로 제한했습니다. 양년 자료 있음, 공통 조사단위 2개, 유효 관측 32건, 결측률 0.0%, 단위별 변화 변동성 37.5점. 비교는 가능하지만 표본 또는 변동성에 불확실성이 남습니다. 2024·2026 두 개 연도의 NCPMS 예찰자료만 사용한 상대 위험 전망으로, 기상·재배면적·방제 변화와 2027년 실제 발생을 확정하지 않습니다. ASOS 공통 조사월 1개에서 기온·습도·강수·풍속의 관측 연관성을 추세 연장분에만 최대 ±3점으로 제한 적용(보정 +0점). 2027년 미래 기상값은 생성하거나 가정하지 않았습니다.",관찰,0,0,-0.0021,풍속,기상 근거 보강,1,ASOS 공통 조사월 1개에서 기온·습도·강수·풍속의 관측 연관성을 추세 연장분에만 최대 ±3점으로 제한 적용(보정 +0점). 2027년 미래 기상값은 생성하거나 가정하지 않았습니다.,F27-WX1 설명가능 완화추세,"2024·2026 관측자료와 ASOS 공통 조사월의 연관성을 이용한 상대 위험 전망입니다. 2026년은 부분연도이며, 2027년 실제 기상·발생·확률을 확정하지 않습니다."
논벼,멸강나방,해충,충청북도,0.0,0.0,0,유지,보통,36,2024·2026,"기준선 비교: 2026 유지 0.0점, 2024·2026 가중평균 0.0점, 선택 모델(완화 추세+표본 축소) 0.0점. 지역 변화 +0.0점을 표본가중치 0.75로 같은 병해충·작물의 지역 중앙 변화 +0.0점 방향에 축소하고, 1년 연장 변화는 ±20점으로 제한했습니다. 양년 자료 있음, 공통 조사단위 2개, 유효 관측 36건, 결측률 0.0%, 단위별 변화 변동성 0.0점. 비교는 가능하지만 표본 또는 변동성에 불확실성이 남습니다. 2024·2026 두 개 연도의 NCPMS 예찰자료만 사용한 상대 위험 전망으로, 기상·재배면적·방제 변화와 2027년 실제 발생을 확정하지 않습니다. ASOS 공통 조사월 1개에서 기온·습도·강수·풍속의 관측 연관성을 추세 연장분에만 최대 ±3점으로 제한 적용(보정 +0점). 2027년 미래 기상값은 생성하거나 가정하지 않았습니다.",관찰,0,0,-0.0005,풍속,기상 근거 보강,1,ASOS 공통 조사월 1개에서 기온·습도·강수·풍속의 관측 연관성을 추세 연장분에만 최대 ±3점으로 제한 적용(보정 +0점). 2027년 미래 기상값은 생성하거나 가정하지 않았습니다.,F27-WX1 설명가능 완화추세,"2024·2026 관측자료와 ASOS 공통 조사월의 연관성을 이용한 상대 위험 전망입니다. 2026년은 부분연도이며, 2027년 실제 기상·발생·확률을 확정하지 않습니다."
보리,멸강나방_유충,해충,경상남도,,0.0,,전망자료 부족,낮음,6,2026,"양년 자료 없음, 공통 조사단위 0개, 유효 관측 6건, 결측률 0.0%, 단위별 변화 변동성 100.0점. 제한된 비교 단위 또는 변동성 때문에 보수적으로 낮게 평가합니다. 2024·2026 두 개 연도의 NCPMS 예찰자료만 사용한 상대 위험 전망으로, 기상·재배면적·방제 변화와 2027년 실제 발생을 확정하지 않습니다. ASOS 공통 조사월 0개에서 기온·습도·강수·풍속의 관측 연관성을 추세 연장분에만 최대 ±3점으로 제한 적용(보정 +0점). 2027년 미래 기상값은 생성하거나 가정하지 않았습니다.",전망자료 부족,,,0.0,—,기상근거 부족,0,ASOS 공통 조사월 0개에서 기온·습도·강수·풍속의 관측 연관성을 추세 연장분에만 최대 ±3점으로 제한 적용(보정 +0점). 2027년 미래 기상값은 생성하거나 가정하지 않았습니다.,F27-WX1 설명가능 완화추세,"2024·2026 관측자료와 ASOS 공통 조사월의 연관성을 이용한 상대 위험 전망입니다. 2026년은 부분연도이며, 2027년 실제 기상·발생·확률을 확정하지 않습니다."
보리,멸강나방_유충,해충,경상북도,,0.0,,전망자료 부족,낮음,6,2026,"양년 자료 없음, 공통 조사단위 0개, 유효 관측 6건, 결측률 0.0%, 단위별 변화 변동성 100.0점. 제한된 비교 단위 또는 변동성 때문에 보수적으로 낮게 평가합니다. 2024·2026 두 개 연도의 NCPMS 예찰자료만 사용한 상대 위험 전망으로, 기상·재배면적·방제 변화와 2027년 실제 발생을 확정하지 않습니다. ASOS 공통 조사월 0개에서 기온·습도·강수·풍속의 관측 연관성을 추세 연장분에만 최대 ±3점으로 제한 적용(보정 +0점). 2027년 미래 기상값은 생성하거나 가정하지 않았습니다.",전망자료 부족,,,0.0,—,기상근거 부족,0,ASOS 공통 조사월 0개에서 기온·습도·강수·풍속의 관측 연관성을 추세 연장분에만 최대 ±3점으로 제한 적용(보정 +0점). 2027년 미래 기상값은 생성하거나 가정하지 않았습니다.,F27-WX1 설명가능 완화추세,"2024·2026 관측자료와 ASOS 공통 조사월의 연관성을 이용한 상대 위험 전망입니다. 2026년은 부분연도이며, 2027년 실제 기상·발생·확률을 확정하지 않습니다."
보리,멸강나방_유충,해충,전남광주통합특별시,,17.0,,전망자료 부족,낮음,6,2026,"양년 자료 없음, 공통 조사단위 0개, 유효 관측 6건, 결측률 0.0%, 단위별 변화 변동성 100.0점. 제한된 비교 단위 또는 변동성 때문에 보수적으로 낮게 평가합니다. 2024·2026 두 개 연도의 NCPMS 예찰자료만 사용한 상대 위험 전망으로, 기상·재배면적·방제 변화와 2027년 실제 발생을 확정하지 않습니다. ASOS 공통 조사월 0개에서 기온·습도·강수·풍속의 관측 연관성을 추세 연장분에만 최대 ±3점으로 제한 적용(보정 +0점). 2027년 미래 기상값은 생성하거나 가정하지 않았습니다.",전망자료 부족,,,0.0,—,기상근거 부족,0,ASOS 공통 조사월 0개에서 기온·습도·강수·풍속의 관측 연관성을 추세 연장분에만 최대 ±3점으로 제한 적용(보정 +0점). 2027년 미래 기상값은 생성하거나 가정하지 않았습니다.,F27-WX1 설명가능 완화추세,"2024·2026 관측자료와 ASOS 공통 조사월의 연관성을 이용한 상대 위험 전망입니다. 2026년은 부분연도이며, 2027년 실제 기상·발생·확률을 확정하지 않습니다."
보리,멸강나방_유충,해충,전북특별자치도,,0.0,,전망자료 부족,낮음,6,2026,"양년 자료 없음, 공통 조사단위 0개, 유효 관측 6건, 결측률 0.0%, 단위별 변화 변동성 100.0점. 제한된 비교 단위 또는 변동성 때문에 보수적으로 낮게 평가합니다. 2024·2026 두 개 연도의 NCPMS 예찰자료만 사용한 상대 위험 전망으로, 기상·재배면적·방제 변화와 2027년 실제 발생을 확정하지 않습니다. ASOS 공통 조사월 0개에서 기온·습도·강수·풍속의 관측 연관성을 추세 연장분에만 최대 ±3점으로 제한 적용(보정 +0점). 2027년 미래 기상값은 생성하거나 가정하지 않았습니다.",전망자료 부족,,,0.0,—,기상근거 부족,0,ASOS 공통 조사월 0개에서 기온·습도·강수·풍속의 관측 연관성을 추세 연장분에만 최대 ±3점으로 제한 적용(보정 +0점). 2027년 미래 기상값은 생성하거나 가정하지 않았습니다.,F27-WX1 설명가능 완화추세,"2024·2026 관측자료와 ASOS 공통 조사월의 연관성을 이용한 상대 위험 전망입니다. 2026년은 부분연도이며, 2027년 실제 기상·발생·확률을 확정하지 않습니다."
보리,멸강나방_유충,해충,충청남도,,0.0,,전망자료 부족,낮음,6,2026,"양년 자료 없음, 공통 조사단위 0개, 유효 관측 6건, 결측률 0.0%, 단위별 변화 변동성 100.0점. 제한된 비교 단위 또는 변동성 때문에 보수적으로 낮게 평가합니다. 2024·2026 두 개 연도의 NCPMS 예찰자료만 사용한 상대 위험 전망으로, 기상·재배면적·방제 변화와 2027년 실제 발생을 확정하지 않습니다. ASOS 공통 조사월 0개에서 기온·습도·강수·풍속의 관측 연관성을 추세 연장분에만 최대 ±3점으로 제한 적용(보정 +0점). 2027년 미래 기상값은 생성하거나 가정하지 않았습니다.",전망자료 부족,,,0.0,—,기상근거 부족,0,ASOS 공통 조사월 0개에서 기온·습도·강수·풍속의 관측 연관성을 추세 연장분에만 최대 ±3점으로 제한 적용(보정 +0점). 2027년 미래 기상값은 생성하거나 가정하지 않았습니다.,F27-WX1 설명가능 완화추세,"2024·2026 관측자료와 ASOS 공통 조사월의 연관성을 이용한 상대 위험 전망입니다. 2026년은 부분연도이며, 2027년 실제 기상·발생·확률을 확정하지 않습니다."
보리,멸강나방_유충,해충,충청북도,,0.0,,전망자료 부족,낮음,6,2026,"양년 자료 없음, 공통 조사단위 0개, 유효 관측 6건, 결측률 0.0%, 단위별 변화 변동성 100.0점. 제한된 비교 단위 또는 변동성 때문에 보수적으로 낮게 평가합니다. 2024·2026 두 개 연도의 NCPMS 예찰자료만 사용한 상대 위험 전망으로, 기상·재배면적·방제 변화와 2027년 실제 발생을 확정하지 않습니다. ASOS 공통 조사월 0개에서 기온·습도·강수·풍속의 관측 연관성을 추세 연장분에만 최대 ±3점으로 제한 적용(보정 +0점). 2027년 미래 기상값은 생성하거나 가정하지 않았습니다.",전망자료 부족,,,0.0,—,기상근거 부족,0,ASOS 공통 조사월 0개에서 기온·습도·강수·풍속의 관측 연관성을 추세 연장분에만 최대 ±3점으로 제한 적용(보정 +0점). 2027년 미래 기상값은 생성하거나 가정하지 않았습니다.,F27-WX1 설명가능 완화추세,"2024·2026 관측자료와 ASOS 공통 조사월의 연관성을 이용한 상대 위험 전망입니다. 2026년은 부분연도이며, 2027년 실제 기상·발생·확률을 확정하지 않습니다."
감,모무늬낙엽병,병해,경상남도,,0.0,,전망자료 부족,낮음,7,2026,"양년 자료 없음, 공통 조사단위 0개, 유효 관측 7건, 결측률 0.0%, 단위별 변화 변동성 100.0점. 제한된 비교 단위 또는 변동성 때문에 보수적으로 낮게 평가합니다. 2024·2026 두 개 연도의 NCPMS 예찰자료만 사용한 상대 위험 전망으로, 기상·재배면적·방제 변화와 2027년 실제 발생을 확정하지 않습니다. ASOS 공통 조사월 0개에서 기온·습도·강수·풍속의 관측 연관성을 추세 연장분에만 최대 ±3점으로 제한 적용(보정 +0점). 2027년 미래 기상값은 생성하거나 가정하지 않았습니다.",전망자료 부족,,,0.0,—,기상근거 부족,0,ASOS 공통 조사월 0개에서 기온·습도·강수·풍속의 관측 연관성을 추세 연장분에만 최대 ±3점으로 제한 적용(보정 +0점). 2027년 미래 기상값은 생성하거나 가정하지 않았습니다.,F27-WX1 설명가능 완화추세,"2024·2026 관측자료와 ASOS 공통 조사월의 연관성을 이용한 상대 위험 전망입니다. 2026년은 부분연도이며, 2027년 실제 기상·발생·확률을 확정하지 않습니다."
감,모무늬낙엽병,병해,경상북도,,14.0,,전망자료 부족,낮음,7,2026,"양년 자료 없음, 공통 조사단위 0개, 유효 관측 7건, 결측률 0.0%, 단위별 변화 변동성 100.0점. 제한된 비교 단위 또는 변동성 때문에 보수적으로 낮게 평가합니다. 2024·2026 두 개 연도의 NCPMS 예찰자료만 사용한 상대 위험 전망으로, 기상·재배면적·방제 변화와 2027년 실제 발생을 확정하지 않습니다. ASOS 공통 조사월 0개에서 기온·습도·강수·풍속의 관측 연관성을 추세 연장분에만 최대 ±3점으로 제한 적용(보정 +0점). 2027년 미래 기상값은 생성하거나 가정하지 않았습니다.",전망자료 부족,,,0.0,—,기상근거 부족,0,ASOS 공통 조사월 0개에서 기온·습도·강수·풍속의 관측 연관성을 추세 연장분에만 최대 ±3점으로 제한 적용(보정 +0점). 2027년 미래 기상값은 생성하거나 가정하지 않았습니다.,F27-WX1 설명가능 완화추세,"2024·2026 관측자료와 ASOS 공통 조사월의 연관성을 이용한 상대 위험 전망입니다. 2026년은 부분연도이며, 2027년 실제 기상·발생·확률을 확정하지 않습니다."
감,모무늬낙엽병,병해,울산광역시,,0.0,,전망자료 부족,낮음,6,2026,"양년 자료 없음, 공통 조사단위 0개, 유효 관측 6건, 결측률 0.0%, 단위별 변화 변동성 100.0점. 제한된 비교 단위 또는 변동성 때문에 보수적으로 낮게 평가합니다. 2024·2026 두 개 연도의 NCPMS 예찰자료만 사용한 상대 위험 전망으로, 기상·재배면적·방제 변화와 2027년 실제 발생을 확정하지 않습니다. ASOS 공통 조사월 0개에서 기온·습도·강수·풍속의 관측 연관성을 추세 연장분에만 최대 ±3점으로 제한 적용(보정 +0점). 2027년 미래 기상값은 생성하거나 가정하지 않았습니다.",전망자료 부족,,,0.0,—,기상근거 부족,0,ASOS 공통 조사월 0개에서 기온·습도·강수·풍속의 관측 연관성을 추세 연장분에만 최대 ±3점으로 제한 적용(보정 +0점). 2027년 미래 기상값은 생성하거나 가정하지 않았습니다.,F27-WX1 설명가능 완화추세,"2024·2026 관측자료와 ASOS 공통 조사월의 연관성을 이용한 상대 위험 전망입니다. 2026년은 부분연도이며, 2027년 실제 기상·발생·확률을 확정하지 않습니다."
감,모무늬낙엽병,병해,전남광주통합특별시,,14.0,,전망자료 부족,낮음,7,2026,"양년 자료 없음, 공통 조사단위 0개, 유효 관측 7건, 결측률 0.0%, 단위별 변화 변동성 100.0점. 제한된 비교 단위 또는 변동성 때문에 보수적으로 낮게 평가합니다. 2024·2026 두 개 연도의 NCPMS 예찰자료만 사용한 상대 위험 전망으로, 기상·재배면적·방제 변화와 2027년 실제 발생을 확정하지 않습니다. ASOS 공통 조사월 0개에서 기온·습도·강수·풍속의 관측 연관성을 추세 연장분에만 최대 ±3점으로 제한 적용(보정 +0점). 2027년 미래 기상값은 생성하거나 가정하지 않았습니다.",전망자료 부족,,,0.0,—,기상근거 부족,0,ASOS 공통 조사월 0개에서 기온·습도·강수·풍속의 관측 연관성을 추세 연장분에만 최대 ±3점으로 제한 적용(보정 +0점). 2027년 미래 기상값은 생성하거나 가정하지 않았습니다.,F27-WX1 설명가능 완화추세,"2024·2026 관측자료와 ASOS 공통 조사월의 연관성을 이용한 상대 위험 전망입니다. 2026년은 부분연도이며, 2027년 실제 기상·발생·확률을 확정하지 않습니다."
콩,바이러스,바이러스,강원특별자치도,,0.0,,전망자료 부족,낮음,5,2026,"양년 자료 없음, 공통 조사단위 0개, 유효 관측 5건, 결측률 0.0%, 단위별 변화 변동성 100.0점. 제한된 비교 단위 또는 변동성 때문에 보수적으로 낮게 평가합니다. 2024·2026 두 개 연도의 NCPMS 예찰자료만 사용한 상대 위험 전망으로, 기상·재배면적·방제 변화와 2027년 실제 발생을 확정하지 않습니다. ASOS 공통 조사월 0개에서 기온·습도·강수·풍속의 관측 연관성을 추세 연장분에만 최대 ±3점으로 제한 적용(보정 +0점). 2027년 미래 기상값은 생성하거나 가정하지 않았습니다.",전망자료 부족,,,0.0,—,기상근거 부족,0,ASOS 공통 조사월 0개에서 기온·습도·강수·풍속의 관측 연관성을 추세 연장분에만 최대 ±3점으로 제한 적용(보정 +0점). 2027년 미래 기상값은 생성하거나 가정하지 않았습니다.,F27-WX1 설명가능 완화추세,"2024·2026 관측자료와 ASOS 공통 조사월의 연관성을 이용한 상대 위험 전망입니다. 2026년은 부분연도이며, 2027년 실제 기상·발생·확률을 확정하지 않습니다."
콩,바이러스,바이러스,경기도,,0.0,,전망자료 부족,낮음,5,2026,"양년 자료 없음, 공통 조사단위 0개, 유효 관측 5건, 결측률 0.0%, 단위별 변화 변동성 100.0점. 제한된 비교 단위 또는 변동성 때문에 보수적으로 낮게 평가합니다. 2024·2026 두 개 연도의 NCPMS 예찰자료만 사용한 상대 위험 전망으로, 기상·재배면적·방제 변화와 2027년 실제 발생을 확정하지 않습니다. ASOS 공통 조사월 0개에서 기온·습도·강수·풍속의 관측 연관성을 추세 연장분에만 최대 ±3점으로 제한 적용(보정 +0점). 2027년 미래 기상값은 생성하거나 가정하지 않았습니다.",전망자료 부족,,,0.0,—,기상근거 부족,0,ASOS 공통 조사월 0개에서 기온·습도·강수·풍속의 관측 연관성을 추세 연장분에만 최대 ±3점으로 제한 적용(보정 +0점). 2027년 미래 기상값은 생성하거나 가정하지 않았습니다.,F27-WX1 설명가능 완화추세,"2024·2026 관측자료와 ASOS 공통 조사월의 연관성을 이용한 상대 위험 전망입니다. 2026년은 부분연도이며, 2027년 실제 기상·발생·확률을 확정하지 않습니다."
콩,바이러스,바이러스,경상남도,,0.0,,전망자료 부족,낮음,5,2026,"양년 자료 없음, 공통 조사단위 0개, 유효 관측 5건, 결측률 0.0%, 단위별 변화 변동성 100.0점. 제한된 비교 단위 또는 변동성 때문에 보수적으로 낮게 평가합니다. 2024·2026 두 개 연도의 NCPMS 예찰자료만 사용한 상대 위험 전망으로, 기상·재배면적·방제 변화와 2027년 실제 발생을 확정하지 않습니다. ASOS 공통 조사월 0개에서 기온·습도·강수·풍속의 관측 연관성을 추세 연장분에만 최대 ±3점으로 제한 적용(보정 +0점). 2027년 미래 기상값은 생성하거나 가정하지 않았습니다.",전망자료 부족,,,0.0,—,기상근거 부족,0,ASOS 공통 조사월 0개에서 기온·습도·강수·풍속의 관측 연관성을 추세 연장분에만 최대 ±3점으로 제한 적용(보정 +0점). 2027년 미래 기상값은 생성하거나 가정하지 않았습니다.,F27-WX1 설명가능 완화추세,"2024·2026 관측자료와 ASOS 공통 조사월의 연관성을 이용한 상대 위험 전망입니다. 2026년은 부분연도이며, 2027년 실제 기상·발생·확률을 확정하지 않습니다."
콩,바이러스,바이러스,경상북도,,0.0,,전망자료 부족,낮음,5,2026,"양년 자료 없음, 공통 조사단위 0개, 유효 관측 5건, 결측률 0.0%, 단위별 변화 변동성 100.0점. 제한된 비교 단위 또는 변동성 때문에 보수적으로 낮게 평가합니다. 2024·2026 두 개 연도의 NCPMS 예찰자료만 사용한 상대 위험 전망으로, 기상·재배면적·방제 변화와 2027년 실제 발생을 확정하지 않습니다. ASOS 공통 조사월 0개에서 기온·습도·강수·풍속의 관측 연관성을 추세 연장분에만 최대 ±3점으로 제한 적용(보정 +0점). 2027년 미래 기상값은 생성하거나 가정하지 않았습니다.",전망자료 부족,,,0.0,—,기상근거 부족,0,ASOS 공통 조사월 0개에서 기온·습도·강수·풍속의 관측 연관성을 추세 연장분에만 최대 ±3점으로 제한 적용(보정 +0점). 2027년 미래 기상값은 생성하거나 가정하지 않았습니다.,F27-WX1 설명가능 완화추세,"2024·2026 관측자료와 ASOS 공통 조사월의 연관성을 이용한 상대 위험 전망입니다. 2026년은 부분연도이며, 2027년 실제 기상·발생·확률을 확정하지 않습니다."
콩,바이러스,바이러스,전남광주통합특별시,,0.0,,전망자료 부족,낮음,5,2026,"양년 자료 없음, 공통 조사단위 0개, 유효 관측 5건, 결측률 0.0%, 단위별 변화 변동성 100.0점. 제한된 비교 단위 또는 변동성 때문에 보수적으로 낮게 평가합니다. 2024·2026 두 개 연도의 NCPMS 예찰자료만 사용한 상대 위험 전망으로, 기상·재배면적·방제 변화와 2027년 실제 발생을 확정하지 않습니다. ASOS 공통 조사월 0개에서 기온·습도·강수·풍속의 관측 연관성을 추세 연장분에만 최대 ±3점으로 제한 적용(보정 +0점). 2027년 미래 기상값은 생성하거나 가정하지 않았습니다.",전망자료 부족,,,0.0,—,기상근거 부족,0,ASOS 공통 조사월 0개에서 기온·습도·강수·풍속의 관측 연관성을 추세 연장분에만 최대 ±3점으로 제한 적용(보정 +0점). 2027년 미래 기상값은 생성하거나 가정하지 않았습니다.,F27-WX1 설명가능 완화추세,"2024·2026 관측자료와 ASOS 공통 조사월의 연관성을 이용한 상대 위험 전망입니다. 2026년은 부분연도이며, 2027년 실제 기상·발생·확률을 확정하지 않습니다."
콩,바이러스,바이러스,전북특별자치도,,0.0,,전망자료 부족,낮음,5,2026,"양년 자료 없음, 공통 조사단위 0개, 유효 관측 5건, 결측률 0.0%, 단위별 변화 변동성 100.0점. 제한된 비교 단위 또는 변동성 때문에 보수적으로 낮게 평가합니다. 2024·2026 두 개 연도의 NCPMS 예찰자료만 사용한 상대 위험 전망으로, 기상·재배면적·방제 변화와 2027년 실제 발생을 확정하지 않습니다. ASOS 공통 조사월 0개에서 기온·습도·강수·풍속의 관측 연관성을 추세 연장분에만 최대 ±3점으로 제한 적용(보정 +0점). 2027년 미래 기상값은 생성하거나 가정하지 않았습니다.",전망자료 부족,,,0.0,—,기상근거 부족,0,ASOS 공통 조사월 0개에서 기온·습도·강수·풍속의 관측 연관성을 추세 연장분에만 최대 ±3점으로 제한 적용(보정 +0점). 2027년 미래 기상값은 생성하거나 가정하지 않았습니다.,F27-WX1 설명가능 완화추세,"2024·2026 관측자료와 ASOS 공통 조사월의 연관성을 이용한 상대 위험 전망입니다. 2026년은 부분연도이며, 2027년 실제 기상·발생·확률을 확정하지 않습니다."
콩,바이러스,바이러스,제주특별자치도,,0.0,,전망자료 부족,낮음,5,2026,"양년 자료 없음, 공통 조사단위 0개, 유효 관측 5건, 결측률 0.0%, 단위별 변화 변동성 100.0점. 제한된 비교 단위 또는 변동성 때문에 보수적으로 낮게 평가합니다. 2024·2026 두 개 연도의 NCPMS 예찰자료만 사용한 상대 위험 전망으로, 기상·재배면적·방제 변화와 2027년 실제 발생을 확정하지 않습니다. ASOS 공통 조사월 0개에서 기온·습도·강수·풍속의 관측 연관성을 추세 연장분에만 최대 ±3점으로 제한 적용(보정 +0점). 2027년 미래 기상값은 생성하거나 가정하지 않았습니다.",전망자료 부족,,,0.0,—,기상근거 부족,0,ASOS 공통 조사월 0개에서 기온·습도·강수·풍속의 관측 연관성을 추세 연장분에만 최대 ±3점으로 제한 적용(보정 +0점). 2027년 미래 기상값은 생성하거나 가정하지 않았습니다.,F27-WX1 설명가능 완화추세,"2024·2026 관측자료와 ASOS 공통 조사월의 연관성을 이용한 상대 위험 전망입니다. 2026년은 부분연도이며, 2027년 실제 기상·발생·확률을 확정하지 않습니다."
콩,바이러스,바이러스,충청남도,,0.0,,전망자료 부족,낮음,5,2026,"양년 자료 없음, 공통 조사단위 0개, 유효 관측 5건, 결측률 0.0%, 단위별 변화 변동성 100.0점. 제한된 비교 단위 또는 변동성 때문에 보수적으로 낮게 평가합니다. 2024·2026 두 개 연도의 NCPMS 예찰자료만 사용한 상대 위험 전망으로, 기상·재배면적·방제 변화와 2027년 실제 발생을 확정하지 않습니다. ASOS 공통 조사월 0개에서 기온·습도·강수·풍속의 관측 연관성을 추세 연장분에만 최대 ±3점으로 제한 적용(보정 +0점). 2027년 미래 기상값은 생성하거나 가정하지 않았습니다.",전망자료 부족,,,0.0,—,기상근거 부족,0,ASOS 공통 조사월 0개에서 기온·습도·강수·풍속의 관측 연관성을 추세 연장분에만 최대 ±3점으로 제한 적용(보정 +0점). 2027년 미래 기상값은 생성하거나 가정하지 않았습니다.,F27-WX1 설명가능 완화추세,"2024·2026 관측자료와 ASOS 공통 조사월의 연관성을 이용한 상대 위험 전망입니다. 2026년은 부분연도이며, 2027년 실제 기상·발생·확률을 확정하지 않습니다."
콩,바이러스,바이러스,충청북도,,0.0,,전망자료 부족,낮음,5,2026,"양년 자료 없음, 공통 조사단위 0개, 유효 관측 5건, 결측률 0.0%, 단위별 변화 변동성 100.0점. 제한된 비교 단위 또는 변동성 때문에 보수적으로 낮게 평가합니다. 2024·2026 두 개 연도의 NCPMS 예찰자료만 사용한 상대 위험 전망으로, 기상·재배면적·방제 변화와 2027년 실제 발생을 확정하지 않습니다. ASOS 공통 조사월 0개에서 기온·습도·강수·풍속의 관측 연관성을 추세 연장분에만 최대 ±3점으로 제한 적용(보정 +0점). 2027년 미래 기상값은 생성하거나 가정하지 않았습니다.",전망자료 부족,,,0.0,—,기상근거 부족,0,ASOS 공통 조사월 0개에서 기온·습도·강수·풍속의 관측 연관성을 추세 연장분에만 최대 ±3점으로 제한 적용(보정 +0점). 2027년 미래 기상값은 생성하거나 가정하지 않았습니다.,F27-WX1 설명가능 완화추세,"2024·2026 관측자료와 ASOS 공통 조사월의 연관성을 이용한 상대 위험 전망입니다. 2026년은 부분연도이며, 2027년 실제 기상·발생·확률을 확정하지 않습니다."
논벼,바이러스병,바이러스,강원특별자치도,,0.0,,전망자료 부족,낮음,24,2026,"양년 자료 없음, 공통 조사단위 0개, 유효 관측 24건, 결측률 0.0%, 단위별 변화 변동성 100.0점. 제한된 비교 단위 또는 변동성 때문에 보수적으로 낮게 평가합니다. 2024·2026 두 개 연도의 NCPMS 예찰자료만 사용한 상대 위험 전망으로, 기상·재배면적·방제 변화와 2027년 실제 발생을 확정하지 않습니다. ASOS 공통 조사월 0개에서 기온·습도·강수·풍속의 관측 연관성을 추세 연장분에만 최대 ±3점으로 제한 적용(보정 +0점). 2027년 미래 기상값은 생성하거나 가정하지 않았습니다.",전망자료 부족,,,0.0,—,기상근거 부족,0,ASOS 공통 조사월 0개에서 기온·습도·강수·풍속의 관측 연관성을 추세 연장분에만 최대 ±3점으로 제한 적용(보정 +0점). 2027년 미래 기상값은 생성하거나 가정하지 않았습니다.,F27-WX1 설명가능 완화추세,"2024·2026 관측자료와 ASOS 공통 조사월의 연관성을 이용한 상대 위험 전망입니다. 2026년은 부분연도이며, 2027년 실제 기상·발생·확률을 확정하지 않습니다."
논벼,바이러스병,바이러스,경기도,,0.0,,전망자료 부족,낮음,28,2026,"양년 자료 없음, 공통 조사단위 0개, 유효 관측 28건, 결측률 0.0%, 단위별 변화 변동성 100.0점. 제한된 비교 단위 또는 변동성 때문에 보수적으로 낮게 평가합니다. 2024·2026 두 개 연도의 NCPMS 예찰자료만 사용한 상대 위험 전망으로, 기상·재배면적·방제 변화와 2027년 실제 발생을 확정하지 않습니다. ASOS 공통 조사월 0개에서 기온·습도·강수·풍속의 관측 연관성을 추세 연장분에만 최대 ±3점으로 제한 적용(보정 +0점). 2027년 미래 기상값은 생성하거나 가정하지 않았습니다.",전망자료 부족,,,0.0,—,기상근거 부족,0,ASOS 공통 조사월 0개에서 기온·습도·강수·풍속의 관측 연관성을 추세 연장분에만 최대 ±3점으로 제한 적용(보정 +0점). 2027년 미래 기상값은 생성하거나 가정하지 않았습니다.,F27-WX1 설명가능 완화추세,"2024·2026 관측자료와 ASOS 공통 조사월의 연관성을 이용한 상대 위험 전망입니다. 2026년은 부분연도이며, 2027년 실제 기상·발생·확률을 확정하지 않습니다."
논벼,바이러스병,바이러스,경상남도,,0.0,,전망자료 부족,낮음,24,2026,"양년 자료 없음, 공통 조사단위 0개, 유효 관측 24건, 결측률 0.0%, 단위별 변화 변동성 100.0점. 제한된 비교 단위 또는 변동성 때문에 보수적으로 낮게 평가합니다. 2024·2026 두 개 연도의 NCPMS 예찰자료만 사용한 상대 위험 전망으로, 기상·재배면적·방제 변화와 2027년 실제 발생을 확정하지 않습니다. ASOS 공통 조사월 0개에서 기온·습도·강수·풍속의 관측 연관성을 추세 연장분에만 최대 ±3점으로 제한 적용(보정 +0점). 2027년 미래 기상값은 생성하거나 가정하지 않았습니다.",전망자료 부족,,,0.0,—,기상근거 부족,0,ASOS 공통 조사월 0개에서 기온·습도·강수·풍속의 관측 연관성을 추세 연장분에만 최대 ±3점으로 제한 적용(보정 +0점). 2027년 미래 기상값은 생성하거나 가정하지 않았습니다.,F27-WX1 설명가능 완화추세,"2024·2026 관측자료와 ASOS 공통 조사월의 연관성을 이용한 상대 위험 전망입니다. 2026년은 부분연도이며, 2027년 실제 기상·발생·확률을 확정하지 않습니다."
논벼,바이러스병,바이러스,경상북도,,0.0,,전망자료 부족,낮음,24,2026,"양년 자료 없음, 공통 조사단위 0개, 유효 관측 24건, 결측률 0.0%, 단위별 변화 변동성 100.0점. 제한된 비교 단위 또는 변동성 때문에 보수적으로 낮게 평가합니다. 2024·2026 두 개 연도의 NCPMS 예찰자료만 사용한 상대 위험 전망으로, 기상·재배면적·방제 변화와 2027년 실제 발생을 확정하지 않습니다. ASOS 공통 조사월 0개에서 기온·습도·강수·풍속의 관측 연관성을 추세 연장분에만 최대 ±3점으로 제한 적용(보정 +0점). 2027년 미래 기상값은 생성하거나 가정하지 않았습니다.",전망자료 부족,,,0.0,—,기상근거 부족,0,ASOS 공통 조사월 0개에서 기온·습도·강수·풍속의 관측 연관성을 추세 연장분에만 최대 ±3점으로 제한 적용(보정 +0점). 2027년 미래 기상값은 생성하거나 가정하지 않았습니다.,F27-WX1 설명가능 완화추세,"2024·2026 관측자료와 ASOS 공통 조사월의 연관성을 이용한 상대 위험 전망입니다. 2026년은 부분연도이며, 2027년 실제 기상·발생·확률을 확정하지 않습니다."
논벼,바이러스병,바이러스,대구광역시,,0.0,,전망자료 부족,낮음,24,2026,"양년 자료 없음, 공통 조사단위 0개, 유효 관측 24건, 결측률 0.0%, 단위별 변화 변동성 100.0점. 제한된 비교 단위 또는 변동성 때문에 보수적으로 낮게 평가합니다. 2024·2026 두 개 연도의 NCPMS 예찰자료만 사용한 상대 위험 전망으로, 기상·재배면적·방제 변화와 2027년 실제 발생을 확정하지 않습니다. ASOS 공통 조사월 0개에서 기온·습도·강수·풍속의 관측 연관성을 추세 연장분에만 최대 ±3점으로 제한 적용(보정 +0점). 2027년 미래 기상값은 생성하거나 가정하지 않았습니다.",전망자료 부족,,,0.0,—,기상근거 부족,0,ASOS 공통 조사월 0개에서 기온·습도·강수·풍속의 관측 연관성을 추세 연장분에만 최대 ±3점으로 제한 적용(보정 +0점). 2027년 미래 기상값은 생성하거나 가정하지 않았습니다.,F27-WX1 설명가능 완화추세,"2024·2026 관측자료와 ASOS 공통 조사월의 연관성을 이용한 상대 위험 전망입니다. 2026년은 부분연도이며, 2027년 실제 기상·발생·확률을 확정하지 않습니다."
논벼,바이러스병,바이러스,대전광역시,,0.0,,전망자료 부족,낮음,24,2026,"양년 자료 없음, 공통 조사단위 0개, 유효 관측 24건, 결측률 0.0%, 단위별 변화 변동성 100.0점. 제한된 비교 단위 또는 변동성 때문에 보수적으로 낮게 평가합니다. 2024·2026 두 개 연도의 NCPMS 예찰자료만 사용한 상대 위험 전망으로, 기상·재배면적·방제 변화와 2027년 실제 발생을 확정하지 않습니다. ASOS 공통 조사월 0개에서 기온·습도·강수·풍속의 관측 연관성을 추세 연장분에만 최대 ±3점으로 제한 적용(보정 +0점). 2027년 미래 기상값은 생성하거나 가정하지 않았습니다.",전망자료 부족,,,0.0,—,기상근거 부족,0,ASOS 공통 조사월 0개에서 기온·습도·강수·풍속의 관측 연관성을 추세 연장분에만 최대 ±3점으로 제한 적용(보정 +0점). 2027년 미래 기상값은 생성하거나 가정하지 않았습니다.,F27-WX1 설명가능 완화추세,"2024·2026 관측자료와 ASOS 공통 조사월의 연관성을 이용한 상대 위험 전망입니다. 2026년은 부분연도이며, 2027년 실제 기상·발생·확률을 확정하지 않습니다."
논벼,바이러스병,바이러스,부산광역시,,0.0,,전망자료 부족,낮음,24,2026,"양년 자료 없음, 공통 조사단위 0개, 유효 관측 24건, 결측률 0.0%, 단위별 변화 변동성 100.0점. 제한된 비교 단위 또는 변동성 때문에 보수적으로 낮게 평가합니다. 2024·2026 두 개 연도의 NCPMS 예찰자료만 사용한 상대 위험 전망으로, 기상·재배면적·방제 변화와 2027년 실제 발생을 확정하지 않습니다. ASOS 공통 조사월 0개에서 기온·습도·강수·풍속의 관측 연관성을 추세 연장분에만 최대 ±3점으로 제한 적용(보정 +0점). 2027년 미래 기상값은 생성하거나 가정하지 않았습니다.",전망자료 부족,,,0.0,—,기상근거 부족,0,ASOS 공통 조사월 0개에서 기온·습도·강수·풍속의 관측 연관성을 추세 연장분에만 최대 ±3점으로 제한 적용(보정 +0점). 2027년 미래 기상값은 생성하거나 가정하지 않았습니다.,F27-WX1 설명가능 완화추세,"2024·2026 관측자료와 ASOS 공통 조사월의 연관성을 이용한 상대 위험 전망입니다. 2026년은 부분연도이며, 2027년 실제 기상·발생·확률을 확정하지 않습니다."
논벼,바이러스병,바이러스,세종특별자치시,,0.0,,전망자료 부족,낮음,20,2026,"양년 자료 없음, 공통 조사단위 0개, 유효 관측 20건, 결측률 0.0%, 단위별 변화 변동성 100.0점. 제한된 비교 단위 또는 변동성 때문에 보수적으로 낮게 평가합니다. 2024·2026 두 개 연도의 NCPMS 예찰자료만 사용한 상대 위험 전망으로, 기상·재배면적·방제 변화와 2027년 실제 발생을 확정하지 않습니다. ASOS 공통 조사월 0개에서 기온·습도·강수·풍속의 관측 연관성을 추세 연장분에만 최대 ±3점으로 제한 적용(보정 +0점). 2027년 미래 기상값은 생성하거나 가정하지 않았습니다.",전망자료 부족,,,0.0,—,기상근거 부족,0,ASOS 공통 조사월 0개에서 기온·습도·강수·풍속의 관측 연관성을 추세 연장분에만 최대 ±3점으로 제한 적용(보정 +0점). 2027년 미래 기상값은 생성하거나 가정하지 않았습니다.,F27-WX1 설명가능 완화추세,"2024·2026 관측자료와 ASOS 공통 조사월의 연관성을 이용한 상대 위험 전망입니다. 2026년은 부분연도이며, 2027년 실제 기상·발생·확률을 확정하지 않습니다."
논벼,바이러스병,바이러스,울산광역시,,0.0,,전망자료 부족,낮음,24,2026,"양년 자료 없음, 공통 조사단위 0개, 유효 관측 24건, 결측률 0.0%, 단위별 변화 변동성 100.0점. 제한된 비교 단위 또는 변동성 때문에 보수적으로 낮게 평가합니다. 2024·2026 두 개 연도의 NCPMS 예찰자료만 사용한 상대 위험 전망으로, 기상·재배면적·방제 변화와 2027년 실제 발생을 확정하지 않습니다. ASOS 공통 조사월 0개에서 기온·습도·강수·풍속의 관측 연관성을 추세 연장분에만 최대 ±3점으로 제한 적용(보정 +0점). 2027년 미래 기상값은 생성하거나 가정하지 않았습니다.",전망자료 부족,,,0.0,—,기상근거 부족,0,ASOS 공통 조사월 0개에서 기온·습도·강수·풍속의 관측 연관성을 추세 연장분에만 최대 ±3점으로 제한 적용(보정 +0점). 2027년 미래 기상값은 생성하거나 가정하지 않았습니다.,F27-WX1 설명가능 완화추세,"2024·2026 관측자료와 ASOS 공통 조사월의 연관성을 이용한 상대 위험 전망입니다. 2026년은 부분연도이며, 2027년 실제 기상·발생·확률을 확정하지 않습니다."
논벼,바이러스병,바이러스,인천광역시,,0.0,,전망자료 부족,낮음,24,2026,"양년 자료 없음, 공통 조사단위 0개, 유효 관측 24건, 결측률 0.0%, 단위별 변화 변동성 100.0점. 제한된 비교 단위 또는 변동성 때문에 보수적으로 낮게 평가합니다. 2024·2026 두 개 연도의 NCPMS 예찰자료만 사용한 상대 위험 전망으로, 기상·재배면적·방제 변화와 2027년 실제 발생을 확정하지 않습니다. ASOS 공통 조사월 0개에서 기온·습도·강수·풍속의 관측 연관성을 추세 연장분에만 최대 ±3점으로 제한 적용(보정 +0점). 2027년 미래 기상값은 생성하거나 가정하지 않았습니다.",전망자료 부족,,,0.0,—,기상근거 부족,0,ASOS 공통 조사월 0개에서 기온·습도·강수·풍속의 관측 연관성을 추세 연장분에만 최대 ±3점으로 제한 적용(보정 +0점). 2027년 미래 기상값은 생성하거나 가정하지 않았습니다.,F27-WX1 설명가능 완화추세,"2024·2026 관측자료와 ASOS 공통 조사월의 연관성을 이용한 상대 위험 전망입니다. 2026년은 부분연도이며, 2027년 실제 기상·발생·확률을 확정하지 않습니다."
논벼,바이러스병,바이러스,전남광주통합특별시,,8.0,,전망자료 부족,낮음,24,2026,"양년 자료 없음, 공통 조사단위 0개, 유효 관측 24건, 결측률 0.0%, 단위별 변화 변동성 100.0점. 제한된 비교 단위 또는 변동성 때문에 보수적으로 낮게 평가합니다. 2024·2026 두 개 연도의 NCPMS 예찰자료만 사용한 상대 위험 전망으로, 기상·재배면적·방제 변화와 2027년 실제 발생을 확정하지 않습니다. ASOS 공통 조사월 0개에서 기온·습도·강수·풍속의 관측 연관성을 추세 연장분에만 최대 ±3점으로 제한 적용(보정 +0점). 2027년 미래 기상값은 생성하거나 가정하지 않았습니다.",전망자료 부족,,,0.0,—,기상근거 부족,0,ASOS 공통 조사월 0개에서 기온·습도·강수·풍속의 관측 연관성을 추세 연장분에만 최대 ±3점으로 제한 적용(보정 +0점). 2027년 미래 기상값은 생성하거나 가정하지 않았습니다.,F27-WX1 설명가능 완화추세,"2024·2026 관측자료와 ASOS 공통 조사월의 연관성을 이용한 상대 위험 전망입니다. 2026년은 부분연도이며, 2027년 실제 기상·발생·확률을 확정하지 않습니다."
논벼,바이러스병,바이러스,전북특별자치도,,0.0,,전망자료 부족,낮음,24,2026,"양년 자료 없음, 공통 조사단위 0개, 유효 관측 24건, 결측률 0.0%, 단위별 변화 변동성 100.0점. 제한된 비교 단위 또는 변동성 때문에 보수적으로 낮게 평가합니다. 2024·2026 두 개 연도의 NCPMS 예찰자료만 사용한 상대 위험 전망으로, 기상·재배면적·방제 변화와 2027년 실제 발생을 확정하지 않습니다. ASOS 공통 조사월 0개에서 기온·습도·강수·풍속의 관측 연관성을 추세 연장분에만 최대 ±3점으로 제한 적용(보정 +0점). 2027년 미래 기상값은 생성하거나 가정하지 않았습니다.",전망자료 부족,,,0.0,—,기상근거 부족,0,ASOS 공통 조사월 0개에서 기온·습도·강수·풍속의 관측 연관성을 추세 연장분에만 최대 ±3점으로 제한 적용(보정 +0점). 2027년 미래 기상값은 생성하거나 가정하지 않았습니다.,F27-WX1 설명가능 완화추세,"2024·2026 관측자료와 ASOS 공통 조사월의 연관성을 이용한 상대 위험 전망입니다. 2026년은 부분연도이며, 2027년 실제 기상·발생·확률을 확정하지 않습니다."
논벼,바이러스병,바이러스,충청남도,,2.0,,전망자료 부족,낮음,24,2026,"양년 자료 없음, 공통 조사단위 0개, 유효 관측 24건, 결측률 0.0%, 단위별 변화 변동성 100.0점. 제한된 비교 단위 또는 변동성 때문에 보수적으로 낮게 평가합니다. 2024·2026 두 개 연도의 NCPMS 예찰자료만 사용한 상대 위험 전망으로, 기상·재배면적·방제 변화와 2027년 실제 발생을 확정하지 않습니다. ASOS 공통 조사월 0개에서 기온·습도·강수·풍속의 관측 연관성을 추세 연장분에만 최대 ±3점으로 제한 적용(보정 +0점). 2027년 미래 기상값은 생성하거나 가정하지 않았습니다.",전망자료 부족,,,0.0,—,기상근거 부족,0,ASOS 공통 조사월 0개에서 기온·습도·강수·풍속의 관측 연관성을 추세 연장분에만 최대 ±3점으로 제한 적용(보정 +0점). 2027년 미래 기상값은 생성하거나 가정하지 않았습니다.,F27-WX1 설명가능 완화추세,"2024·2026 관측자료와 ASOS 공통 조사월의 연관성을 이용한 상대 위험 전망입니다. 2026년은 부분연도이며, 2027년 실제 기상·발생·확률을 확정하지 않습니다."
논벼,바이러스병,바이러스,충청북도,,0.0,,전망자료 부족,낮음,28,2026,"양년 자료 없음, 공통 조사단위 0개, 유효 관측 28건, 결측률 0.0%, 단위별 변화 변동성 100.0점. 제한된 비교 단위 또는 변동성 때문에 보수적으로 낮게 평가합니다. 2024·2026 두 개 연도의 NCPMS 예찰자료만 사용한 상대 위험 전망으로, 기상·재배면적·방제 변화와 2027년 실제 발생을 확정하지 않습니다. ASOS 공통 조사월 0개에서 기온·습도·강수·풍속의 관측 연관성을 추세 연장분에만 최대 ±3점으로 제한 적용(보정 +0점). 2027년 미래 기상값은 생성하거나 가정하지 않았습니다.",전망자료 부족,,,0.0,—,기상근거 부족,0,ASOS 공통 조사월 0개에서 기온·습도·강수·풍속의 관측 연관성을 추세 연장분에만 최대 ±3점으로 제한 적용(보정 +0점). 2027년 미래 기상값은 생성하거나 가정하지 않았습니다.,F27-WX1 설명가능 완화추세,"2024·2026 관측자료와 ASOS 공통 조사월의 연관성을 이용한 상대 위험 전망입니다. 2026년은 부분연도이며, 2027년 실제 기상·발생·확률을 확정하지 않습니다."
보리,바이러스병,바이러스,경상남도,,0.0,,전망자료 부족,낮음,6,2026,"양년 자료 없음, 공통 조사단위 0개, 유효 관측 6건, 결측률 0.0%, 단위별 변화 변동성 100.0점. 제한된 비교 단위 또는 변동성 때문에 보수적으로 낮게 평가합니다. 2024·2026 두 개 연도의 NCPMS 예찰자료만 사용한 상대 위험 전망으로, 기상·재배면적·방제 변화와 2027년 실제 발생을 확정하지 않습니다. ASOS 공통 조사월 0개에서 기온·습도·강수·풍속의 관측 연관성을 추세 연장분에만 최대 ±3점으로 제한 적용(보정 +0점). 2027년 미래 기상값은 생성하거나 가정하지 않았습니다.",전망자료 부족,,,0.0,—,기상근거 부족,0,ASOS 공통 조사월 0개에서 기온·습도·강수·풍속의 관측 연관성을 추세 연장분에만 최대 ±3점으로 제한 적용(보정 +0점). 2027년 미래 기상값은 생성하거나 가정하지 않았습니다.,F27-WX1 설명가능 완화추세,"2024·2026 관측자료와 ASOS 공통 조사월의 연관성을 이용한 상대 위험 전망입니다. 2026년은 부분연도이며, 2027년 실제 기상·발생·확률을 확정하지 않습니다."
보리,바이러스병,바이러스,경상북도,,0.0,,전망자료 부족,낮음,6,2026,"양년 자료 없음, 공통 조사단위 0개, 유효 관측 6건, 결측률 0.0%, 단위별 변화 변동성 100.0점. 제한된 비교 단위 또는 변동성 때문에 보수적으로 낮게 평가합니다. 2024·2026 두 개 연도의 NCPMS 예찰자료만 사용한 상대 위험 전망으로, 기상·재배면적·방제 변화와 2027년 실제 발생을 확정하지 않습니다. ASOS 공통 조사월 0개에서 기온·습도·강수·풍속의 관측 연관성을 추세 연장분에만 최대 ±3점으로 제한 적용(보정 +0점). 2027년 미래 기상값은 생성하거나 가정하지 않았습니다.",전망자료 부족,,,0.0,—,기상근거 부족,0,ASOS 공통 조사월 0개에서 기온·습도·강수·풍속의 관측 연관성을 추세 연장분에만 최대 ±3점으로 제한 적용(보정 +0점). 2027년 미래 기상값은 생성하거나 가정하지 않았습니다.,F27-WX1 설명가능 완화추세,"2024·2026 관측자료와 ASOS 공통 조사월의 연관성을 이용한 상대 위험 전망입니다. 2026년은 부분연도이며, 2027년 실제 기상·발생·확률을 확정하지 않습니다."
보리,바이러스병,바이러스,전남광주통합특별시,,0.0,,전망자료 부족,낮음,6,2026,"양년 자료 없음, 공통 조사단위 0개, 유효 관측 6건, 결측률 0.0%, 단위별 변화 변동성 100.0점. 제한된 비교 단위 또는 변동성 때문에 보수적으로 낮게 평가합니다. 2024·2026 두 개 연도의 NCPMS 예찰자료만 사용한 상대 위험 전망으로, 기상·재배면적·방제 변화와 2027년 실제 발생을 확정하지 않습니다. ASOS 공통 조사월 0개에서 기온·습도·강수·풍속의 관측 연관성을 추세 연장분에만 최대 ±3점으로 제한 적용(보정 +0점). 2027년 미래 기상값은 생성하거나 가정하지 않았습니다.",전망자료 부족,,,0.0,—,기상근거 부족,0,ASOS 공통 조사월 0개에서 기온·습도·강수·풍속의 관측 연관성을 추세 연장분에만 최대 ±3점으로 제한 적용(보정 +0점). 2027년 미래 기상값은 생성하거나 가정하지 않았습니다.,F27-WX1 설명가능 완화추세,"2024·2026 관측자료와 ASOS 공통 조사월의 연관성을 이용한 상대 위험 전망입니다. 2026년은 부분연도이며, 2027년 실제 기상·발생·확률을 확정하지 않습니다."
보리,바이러스병,바이러스,전북특별자치도,,0.0,,전망자료 부족,낮음,6,2026,"양년 자료 없음, 공통 조사단위 0개, 유효 관측 6건, 결측률 0.0%, 단위별 변화 변동성 100.0점. 제한된 비교 단위 또는 변동성 때문에 보수적으로 낮게 평가합니다. 2024·2026 두 개 연도의 NCPMS 예찰자료만 사용한 상대 위험 전망으로, 기상·재배면적·방제 변화와 2027년 실제 발생을 확정하지 않습니다. ASOS 공통 조사월 0개에서 기온·습도·강수·풍속의 관측 연관성을 추세 연장분에만 최대 ±3점으로 제한 적용(보정 +0점). 2027년 미래 기상값은 생성하거나 가정하지 않았습니다.",전망자료 부족,,,0.0,—,기상근거 부족,0,ASOS 공통 조사월 0개에서 기온·습도·강수·풍속의 관측 연관성을 추세 연장분에만 최대 ±3점으로 제한 적용(보정 +0점). 2027년 미래 기상값은 생성하거나 가정하지 않았습니다.,F27-WX1 설명가능 완화추세,"2024·2026 관측자료와 ASOS 공통 조사월의 연관성을 이용한 상대 위험 전망입니다. 2026년은 부분연도이며, 2027년 실제 기상·발생·확률을 확정하지 않습니다."
보리,바이러스병,바이러스,충청남도,,0.0,,전망자료 부족,낮음,6,2026,"양년 자료 없음, 공통 조사단위 0개, 유효 관측 6건, 결측률 0.0%, 단위별 변화 변동성 100.0점. 제한된 비교 단위 또는 변동성 때문에 보수적으로 낮게 평가합니다. 2024·2026 두 개 연도의 NCPMS 예찰자료만 사용한 상대 위험 전망으로, 기상·재배면적·방제 변화와 2027년 실제 발생을 확정하지 않습니다. ASOS 공통 조사월 0개에서 기온·습도·강수·풍속의 관측 연관성을 추세 연장분에만 최대 ±3점으로 제한 적용(보정 +0점). 2027년 미래 기상값은 생성하거나 가정하지 않았습니다.",전망자료 부족,,,0.0,—,기상근거 부족,0,ASOS 공통 조사월 0개에서 기온·습도·강수·풍속의 관측 연관성을 추세 연장분에만 최대 ±3점으로 제한 적용(보정 +0점). 2027년 미래 기상값은 생성하거나 가정하지 않았습니다.,F27-WX1 설명가능 완화추세,"2024·2026 관측자료와 ASOS 공통 조사월의 연관성을 이용한 상대 위험 전망입니다. 2026년은 부분연도이며, 2027년 실제 기상·발생·확률을 확정하지 않습니다."
보리,바이러스병,바이러스,충청북도,,0.0,,전망자료 부족,낮음,6,2026,"양년 자료 없음, 공통 조사단위 0개, 유효 관측 6건, 결측률 0.0%, 단위별 변화 변동성 100.0점. 제한된 비교 단위 또는 변동성 때문에 보수적으로 낮게 평가합니다. 2024·2026 두 개 연도의 NCPMS 예찰자료만 사용한 상대 위험 전망으로, 기상·재배면적·방제 변화와 2027년 실제 발생을 확정하지 않습니다. ASOS 공통 조사월 0개에서 기온·습도·강수·풍속의 관측 연관성을 추세 연장분에만 최대 ±3점으로 제한 적용(보정 +0점). 2027년 미래 기상값은 생성하거나 가정하지 않았습니다.",전망자료 부족,,,0.0,—,기상근거 부족,0,ASOS 공통 조사월 0개에서 기온·습도·강수·풍속의 관측 연관성을 추세 연장분에만 최대 ±3점으로 제한 적용(보정 +0점). 2027년 미래 기상값은 생성하거나 가정하지 않았습니다.,F27-WX1 설명가능 완화추세,"2024·2026 관측자료와 ASOS 공통 조사월의 연관성을 이용한 상대 위험 전망입니다. 2026년은 부분연도이며, 2027년 실제 기상·발생·확률을 확정하지 않습니다."
논벼,벼검은줄오갈병,기타,강원특별자치도,0.0,,,전망자료 부족,낮음,8,2024,"양년 자료 없음, 공통 조사단위 0개, 유효 관측 8건, 결측률 0.0%, 단위별 변화 변동성 100.0점. 제한된 비교 단위 또는 변동성 때문에 보수적으로 낮게 평가합니다. 2024·2026 두 개 연도의 NCPMS 예찰자료만 사용한 상대 위험 전망으로, 기상·재배면적·방제 변화와 2027년 실제 발생을 확정하지 않습니다. ASOS 공통 조사월 0개에서 기온·습도·강수·풍속의 관측 연관성을 추세 연장분에만 최대 ±3점으로 제한 적용(보정 +0점). 2027년 미래 기상값은 생성하거나 가정하지 않았습니다.",전망자료 부족,,,0.0,—,기상근거 부족,0,ASOS 공통 조사월 0개에서 기온·습도·강수·풍속의 관측 연관성을 추세 연장분에만 최대 ±3점으로 제한 적용(보정 +0점). 2027년 미래 기상값은 생성하거나 가정하지 않았습니다.,F27-WX1 설명가능 완화추세,"2024·2026 관측자료와 ASOS 공통 조사월의 연관성을 이용한 상대 위험 전망입니다. 2026년은 부분연도이며, 2027년 실제 기상·발생·확률을 확정하지 않습니다."
논벼,벼검은줄오갈병,기타,경기도,0.0,,,전망자료 부족,낮음,8,2024,"양년 자료 없음, 공통 조사단위 0개, 유효 관측 8건, 결측률 0.0%, 단위별 변화 변동성 100.0점. 제한된 비교 단위 또는 변동성 때문에 보수적으로 낮게 평가합니다. 2024·2026 두 개 연도의 NCPMS 예찰자료만 사용한 상대 위험 전망으로, 기상·재배면적·방제 변화와 2027년 실제 발생을 확정하지 않습니다. ASOS 공통 조사월 0개에서 기온·습도·강수·풍속의 관측 연관성을 추세 연장분에만 최대 ±3점으로 제한 적용(보정 +0점). 2027년 미래 기상값은 생성하거나 가정하지 않았습니다.",전망자료 부족,,,0.0,—,기상근거 부족,0,ASOS 공통 조사월 0개에서 기온·습도·강수·풍속의 관측 연관성을 추세 연장분에만 최대 ±3점으로 제한 적용(보정 +0점). 2027년 미래 기상값은 생성하거나 가정하지 않았습니다.,F27-WX1 설명가능 완화추세,"2024·2026 관측자료와 ASOS 공통 조사월의 연관성을 이용한 상대 위험 전망입니다. 2026년은 부분연도이며, 2027년 실제 기상·발생·확률을 확정하지 않습니다."
논벼,벼검은줄오갈병,기타,경상남도,0.0,,,전망자료 부족,낮음,8,2024,"양년 자료 없음, 공통 조사단위 0개, 유효 관측 8건, 결측률 0.0%, 단위별 변화 변동성 100.0점. 제한된 비교 단위 또는 변동성 때문에 보수적으로 낮게 평가합니다. 2024·2026 두 개 연도의 NCPMS 예찰자료만 사용한 상대 위험 전망으로, 기상·재배면적·방제 변화와 2027년 실제 발생을 확정하지 않습니다. ASOS 공통 조사월 0개에서 기온·습도·강수·풍속의 관측 연관성을 추세 연장분에만 최대 ±3점으로 제한 적용(보정 +0점). 2027년 미래 기상값은 생성하거나 가정하지 않았습니다.",전망자료 부족,,,0.0,—,기상근거 부족,0,ASOS 공통 조사월 0개에서 기온·습도·강수·풍속의 관측 연관성을 추세 연장분에만 최대 ±3점으로 제한 적용(보정 +0점). 2027년 미래 기상값은 생성하거나 가정하지 않았습니다.,F27-WX1 설명가능 완화추세,"2024·2026 관측자료와 ASOS 공통 조사월의 연관성을 이용한 상대 위험 전망입니다. 2026년은 부분연도이며, 2027년 실제 기상·발생·확률을 확정하지 않습니다."
논벼,벼검은줄오갈병,기타,경상북도,0.0,,,전망자료 부족,낮음,8,2024,"양년 자료 없음, 공통 조사단위 0개, 유효 관측 8건, 결측률 0.0%, 단위별 변화 변동성 100.0점. 제한된 비교 단위 또는 변동성 때문에 보수적으로 낮게 평가합니다. 2024·2026 두 개 연도의 NCPMS 예찰자료만 사용한 상대 위험 전망으로, 기상·재배면적·방제 변화와 2027년 실제 발생을 확정하지 않습니다. ASOS 공통 조사월 0개에서 기온·습도·강수·풍속의 관측 연관성을 추세 연장분에만 최대 ±3점으로 제한 적용(보정 +0점). 2027년 미래 기상값은 생성하거나 가정하지 않았습니다.",전망자료 부족,,,0.0,—,기상근거 부족,0,ASOS 공통 조사월 0개에서 기온·습도·강수·풍속의 관측 연관성을 추세 연장분에만 최대 ±3점으로 제한 적용(보정 +0점). 2027년 미래 기상값은 생성하거나 가정하지 않았습니다.,F27-WX1 설명가능 완화추세,"2024·2026 관측자료와 ASOS 공통 조사월의 연관성을 이용한 상대 위험 전망입니다. 2026년은 부분연도이며, 2027년 실제 기상·발생·확률을 확정하지 않습니다."
논벼,벼검은줄오갈병,기타,대구광역시,0.0,,,전망자료 부족,낮음,8,2024,"양년 자료 없음, 공통 조사단위 0개, 유효 관측 8건, 결측률 0.0%, 단위별 변화 변동성 100.0점. 제한된 비교 단위 또는 변동성 때문에 보수적으로 낮게 평가합니다. 2024·2026 두 개 연도의 NCPMS 예찰자료만 사용한 상대 위험 전망으로, 기상·재배면적·방제 변화와 2027년 실제 발생을 확정하지 않습니다. ASOS 공통 조사월 0개에서 기온·습도·강수·풍속의 관측 연관성을 추세 연장분에만 최대 ±3점으로 제한 적용(보정 +0점). 2027년 미래 기상값은 생성하거나 가정하지 않았습니다.",전망자료 부족,,,0.0,—,기상근거 부족,0,ASOS 공통 조사월 0개에서 기온·습도·강수·풍속의 관측 연관성을 추세 연장분에만 최대 ±3점으로 제한 적용(보정 +0점). 2027년 미래 기상값은 생성하거나 가정하지 않았습니다.,F27-WX1 설명가능 완화추세,"2024·2026 관측자료와 ASOS 공통 조사월의 연관성을 이용한 상대 위험 전망입니다. 2026년은 부분연도이며, 2027년 실제 기상·발생·확률을 확정하지 않습니다."
논벼,벼검은줄오갈병,기타,대전광역시,0.0,,,전망자료 부족,낮음,8,2024,"양년 자료 없음, 공통 조사단위 0개, 유효 관측 8건, 결측률 0.0%, 단위별 변화 변동성 100.0점. 제한된 비교 단위 또는 변동성 때문에 보수적으로 낮게 평가합니다. 2024·2026 두 개 연도의 NCPMS 예찰자료만 사용한 상대 위험 전망으로, 기상·재배면적·방제 변화와 2027년 실제 발생을 확정하지 않습니다. ASOS 공통 조사월 0개에서 기온·습도·강수·풍속의 관측 연관성을 추세 연장분에만 최대 ±3점으로 제한 적용(보정 +0점). 2027년 미래 기상값은 생성하거나 가정하지 않았습니다.",전망자료 부족,,,0.0,—,기상근거 부족,0,ASOS 공통 조사월 0개에서 기온·습도·강수·풍속의 관측 연관성을 추세 연장분에만 최대 ±3점으로 제한 적용(보정 +0점). 2027년 미래 기상값은 생성하거나 가정하지 않았습니다.,F27-WX1 설명가능 완화추세,"2024·2026 관측자료와 ASOS 공통 조사월의 연관성을 이용한 상대 위험 전망입니다. 2026년은 부분연도이며, 2027년 실제 기상·발생·확률을 확정하지 않습니다."
논벼,벼검은줄오갈병,기타,부산광역시,0.0,,,전망자료 부족,낮음,8,2024,"양년 자료 없음, 공통 조사단위 0개, 유효 관측 8건, 결측률 0.0%, 단위별 변화 변동성 100.0점. 제한된 비교 단위 또는 변동성 때문에 보수적으로 낮게 평가합니다. 2024·2026 두 개 연도의 NCPMS 예찰자료만 사용한 상대 위험 전망으로, 기상·재배면적·방제 변화와 2027년 실제 발생을 확정하지 않습니다. ASOS 공통 조사월 0개에서 기온·습도·강수·풍속의 관측 연관성을 추세 연장분에만 최대 ±3점으로 제한 적용(보정 +0점). 2027년 미래 기상값은 생성하거나 가정하지 않았습니다.",전망자료 부족,,,0.0,—,기상근거 부족,0,ASOS 공통 조사월 0개에서 기온·습도·강수·풍속의 관측 연관성을 추세 연장분에만 최대 ±3점으로 제한 적용(보정 +0점). 2027년 미래 기상값은 생성하거나 가정하지 않았습니다.,F27-WX1 설명가능 완화추세,"2024·2026 관측자료와 ASOS 공통 조사월의 연관성을 이용한 상대 위험 전망입니다. 2026년은 부분연도이며, 2027년 실제 기상·발생·확률을 확정하지 않습니다."
논벼,벼검은줄오갈병,기타,세종특별자치시,0.0,,,전망자료 부족,낮음,8,2024,"양년 자료 없음, 공통 조사단위 0개, 유효 관측 8건, 결측률 0.0%, 단위별 변화 변동성 100.0점. 제한된 비교 단위 또는 변동성 때문에 보수적으로 낮게 평가합니다. 2024·2026 두 개 연도의 NCPMS 예찰자료만 사용한 상대 위험 전망으로, 기상·재배면적·방제 변화와 2027년 실제 발생을 확정하지 않습니다. ASOS 공통 조사월 0개에서 기온·습도·강수·풍속의 관측 연관성을 추세 연장분에만 최대 ±3점으로 제한 적용(보정 +0점). 2027년 미래 기상값은 생성하거나 가정하지 않았습니다.",전망자료 부족,,,0.0,—,기상근거 부족,0,ASOS 공통 조사월 0개에서 기온·습도·강수·풍속의 관측 연관성을 추세 연장분에만 최대 ±3점으로 제한 적용(보정 +0점). 2027년 미래 기상값은 생성하거나 가정하지 않았습니다.,F27-WX1 설명가능 완화추세,"2024·2026 관측자료와 ASOS 공통 조사월의 연관성을 이용한 상대 위험 전망입니다. 2026년은 부분연도이며, 2027년 실제 기상·발생·확률을 확정하지 않습니다."
논벼,벼검은줄오갈병,기타,울산광역시,0.0,,,전망자료 부족,낮음,8,2024,"양년 자료 없음, 공통 조사단위 0개, 유효 관측 8건, 결측률 0.0%, 단위별 변화 변동성 100.0점. 제한된 비교 단위 또는 변동성 때문에 보수적으로 낮게 평가합니다. 2024·2026 두 개 연도의 NCPMS 예찰자료만 사용한 상대 위험 전망으로, 기상·재배면적·방제 변화와 2027년 실제 발생을 확정하지 않습니다. ASOS 공통 조사월 0개에서 기온·습도·강수·풍속의 관측 연관성을 추세 연장분에만 최대 ±3점으로 제한 적용(보정 +0점). 2027년 미래 기상값은 생성하거나 가정하지 않았습니다.",전망자료 부족,,,0.0,—,기상근거 부족,0,ASOS 공통 조사월 0개에서 기온·습도·강수·풍속의 관측 연관성을 추세 연장분에만 최대 ±3점으로 제한 적용(보정 +0점). 2027년 미래 기상값은 생성하거나 가정하지 않았습니다.,F27-WX1 설명가능 완화추세,"2024·2026 관측자료와 ASOS 공통 조사월의 연관성을 이용한 상대 위험 전망입니다. 2026년은 부분연도이며, 2027년 실제 기상·발생·확률을 확정하지 않습니다."
논벼,벼검은줄오갈병,기타,인천광역시,0.0,,,전망자료 부족,낮음,8,2024,"양년 자료 없음, 공통 조사단위 0개, 유효 관측 8건, 결측률 0.0%, 단위별 변화 변동성 100.0점. 제한된 비교 단위 또는 변동성 때문에 보수적으로 낮게 평가합니다. 2024·2026 두 개 연도의 NCPMS 예찰자료만 사용한 상대 위험 전망으로, 기상·재배면적·방제 변화와 2027년 실제 발생을 확정하지 않습니다. ASOS 공통 조사월 0개에서 기온·습도·강수·풍속의 관측 연관성을 추세 연장분에만 최대 ±3점으로 제한 적용(보정 +0점). 2027년 미래 기상값은 생성하거나 가정하지 않았습니다.",전망자료 부족,,,0.0,—,기상근거 부족,0,ASOS 공통 조사월 0개에서 기온·습도·강수·풍속의 관측 연관성을 추세 연장분에만 최대 ±3점으로 제한 적용(보정 +0점). 2027년 미래 기상값은 생성하거나 가정하지 않았습니다.,F27-WX1 설명가능 완화추세,"2024·2026 관측자료와 ASOS 공통 조사월의 연관성을 이용한 상대 위험 전망입니다. 2026년은 부분연도이며, 2027년 실제 기상·발생·확률을 확정하지 않습니다."
논벼,벼검은줄오갈병,기타,전남광주통합특별시,0.0,,,전망자료 부족,낮음,8,2024,"양년 자료 없음, 공통 조사단위 0개, 유효 관측 8건, 결측률 0.0%, 단위별 변화 변동성 100.0점. 제한된 비교 단위 또는 변동성 때문에 보수적으로 낮게 평가합니다. 2024·2026 두 개 연도의 NCPMS 예찰자료만 사용한 상대 위험 전망으로, 기상·재배면적·방제 변화와 2027년 실제 발생을 확정하지 않습니다. ASOS 공통 조사월 0개에서 기온·습도·강수·풍속의 관측 연관성을 추세 연장분에만 최대 ±3점으로 제한 적용(보정 +0점). 2027년 미래 기상값은 생성하거나 가정하지 않았습니다.",전망자료 부족,,,0.0,—,기상근거 부족,0,ASOS 공통 조사월 0개에서 기온·습도·강수·풍속의 관측 연관성을 추세 연장분에만 최대 ±3점으로 제한 적용(보정 +0점). 2027년 미래 기상값은 생성하거나 가정하지 않았습니다.,F27-WX1 설명가능 완화추세,"2024·2026 관측자료와 ASOS 공통 조사월의 연관성을 이용한 상대 위험 전망입니다. 2026년은 부분연도이며, 2027년 실제 기상·발생·확률을 확정하지 않습니다."
논벼,벼검은줄오갈병,기타,전북특별자치도,0.0,,,전망자료 부족,낮음,8,2024,"양년 자료 없음, 공통 조사단위 0개, 유효 관측 8건, 결측률 0.0%, 단위별 변화 변동성 100.0점. 제한된 비교 단위 또는 변동성 때문에 보수적으로 낮게 평가합니다. 2024·2026 두 개 연도의 NCPMS 예찰자료만 사용한 상대 위험 전망으로, 기상·재배면적·방제 변화와 2027년 실제 발생을 확정하지 않습니다. ASOS 공통 조사월 0개에서 기온·습도·강수·풍속의 관측 연관성을 추세 연장분에만 최대 ±3점으로 제한 적용(보정 +0점). 2027년 미래 기상값은 생성하거나 가정하지 않았습니다.",전망자료 부족,,,0.0,—,기상근거 부족,0,ASOS 공통 조사월 0개에서 기온·습도·강수·풍속의 관측 연관성을 추세 연장분에만 최대 ±3점으로 제한 적용(보정 +0점). 2027년 미래 기상값은 생성하거나 가정하지 않았습니다.,F27-WX1 설명가능 완화추세,"2024·2026 관측자료와 ASOS 공통 조사월의 연관성을 이용한 상대 위험 전망입니다. 2026년은 부분연도이며, 2027년 실제 기상·발생·확률을 확정하지 않습니다."
논벼,벼검은줄오갈병,기타,충청남도,0.0,,,전망자료 부족,낮음,8,2024,"양년 자료 없음, 공통 조사단위 0개, 유효 관측 8건, 결측률 0.0%, 단위별 변화 변동성 100.0점. 제한된 비교 단위 또는 변동성 때문에 보수적으로 낮게 평가합니다. 2024·2026 두 개 연도의 NCPMS 예찰자료만 사용한 상대 위험 전망으로, 기상·재배면적·방제 변화와 2027년 실제 발생을 확정하지 않습니다. ASOS 공통 조사월 0개에서 기온·습도·강수·풍속의 관측 연관성을 추세 연장분에만 최대 ±3점으로 제한 적용(보정 +0점). 2027년 미래 기상값은 생성하거나 가정하지 않았습니다.",전망자료 부족,,,0.0,—,기상근거 부족,0,ASOS 공통 조사월 0개에서 기온·습도·강수·풍속의 관측 연관성을 추세 연장분에만 최대 ±3점으로 제한 적용(보정 +0점). 2027년 미래 기상값은 생성하거나 가정하지 않았습니다.,F27-WX1 설명가능 완화추세,"2024·2026 관측자료와 ASOS 공통 조사월의 연관성을 이용한 상대 위험 전망입니다. 2026년은 부분연도이며, 2027년 실제 기상·발생·확률을 확정하지 않습니다."
논벼,벼검은줄오갈병,기타,충청북도,0.0,,,전망자료 부족,낮음,8,2024,"양년 자료 없음, 공통 조사단위 0개, 유효 관측 8건, 결측률 0.0%, 단위별 변화 변동성 100.0점. 제한된 비교 단위 또는 변동성 때문에 보수적으로 낮게 평가합니다. 2024·2026 두 개 연도의 NCPMS 예찰자료만 사용한 상대 위험 전망으로, 기상·재배면적·방제 변화와 2027년 실제 발생을 확정하지 않습니다. ASOS 공통 조사월 0개에서 기온·습도·강수·풍속의 관측 연관성을 추세 연장분에만 최대 ±3점으로 제한 적용(보정 +0점). 2027년 미래 기상값은 생성하거나 가정하지 않았습니다.",전망자료 부족,,,0.0,—,기상근거 부족,0,ASOS 공통 조사월 0개에서 기온·습도·강수·풍속의 관측 연관성을 추세 연장분에만 최대 ±3점으로 제한 적용(보정 +0점). 2027년 미래 기상값은 생성하거나 가정하지 않았습니다.,F27-WX1 설명가능 완화추세,"2024·2026 관측자료와 ASOS 공통 조사월의 연관성을 이용한 상대 위험 전망입니다. 2026년은 부분연도이며, 2027년 실제 기상·발생·확률을 확정하지 않습니다."
논벼,벼멸구,해충,강원특별자치도,0.0,7.0,9,유지,보통,32,2024·2026,"기준선 비교: 2026 유지 6.9점, 2024·2026 가중평균 4.5점, 선택 모델(완화 추세+표본 축소) 8.7점. 지역 변화 +6.9점을 표본가중치 0.73로 같은 병해충·작물의 지역 중앙 변화 +0.0점 방향에 축소하고, 1년 연장 변화는 ±20점으로 제한했습니다. 양년 자료 있음, 공통 조사단위 2개, 유효 관측 32건, 결측률 0.0%, 단위별 변화 변동성 0.0점. 비교는 가능하지만 표본 또는 변동성에 불확실성이 남습니다. 2024·2026 두 개 연도의 NCPMS 예찰자료만 사용한 상대 위험 전망으로, 기상·재배면적·방제 변화와 2027년 실제 발생을 확정하지 않습니다. ASOS 공통 조사월 1개에서 기온·습도·강수·풍속의 관측 연관성을 추세 연장분에만 최대 ±3점으로 제한 적용(보정 +0점). 2027년 미래 기상값은 생성하거나 가정하지 않았습니다.",관찰,9,0,-0.0233,기온,기상 근거 보강,1,ASOS 공통 조사월 1개에서 기온·습도·강수·풍속의 관측 연관성을 추세 연장분에만 최대 ±3점으로 제한 적용(보정 +0점). 2027년 미래 기상값은 생성하거나 가정하지 않았습니다.,F27-WX1 설명가능 완화추세,"2024·2026 관측자료와 ASOS 공통 조사월의 연관성을 이용한 상대 위험 전망입니다. 2026년은 부분연도이며, 2027년 실제 기상·발생·확률을 확정하지 않습니다."
논벼,벼멸구,해충,경기도,0.0,0.0,0,유지,보통,36,2024·2026,"기준선 비교: 2026 유지 0.0점, 2024·2026 가중평균 0.0점, 선택 모델(완화 추세+표본 축소) 0.0점. 지역 변화 +0.0점을 표본가중치 0.75로 같은 병해충·작물의 지역 중앙 변화 +0.0점 방향에 축소하고, 1년 연장 변화는 ±20점으로 제한했습니다. 양년 자료 있음, 공통 조사단위 2개, 유효 관측 36건, 결측률 0.0%, 단위별 변화 변동성 0.0점. 비교는 가능하지만 표본 또는 변동성에 불확실성이 남습니다. 2024·2026 두 개 연도의 NCPMS 예찰자료만 사용한 상대 위험 전망으로, 기상·재배면적·방제 변화와 2027년 실제 발생을 확정하지 않습니다. ASOS 공통 조사월 1개에서 기온·습도·강수·풍속의 관측 연관성을 추세 연장분에만 최대 ±3점으로 제한 적용(보정 +0점). 2027년 미래 기상값은 생성하거나 가정하지 않았습니다.",관찰,0,0,-0.0153,습도,기상 근거 보강,1,ASOS 공통 조사월 1개에서 기온·습도·강수·풍속의 관측 연관성을 추세 연장분에만 최대 ±3점으로 제한 적용(보정 +0점). 2027년 미래 기상값은 생성하거나 가정하지 않았습니다.,F27-WX1 설명가능 완화추세,"2024·2026 관측자료와 ASOS 공통 조사월의 연관성을 이용한 상대 위험 전망입니다. 2026년은 부분연도이며, 2027년 실제 기상·발생·확률을 확정하지 않습니다."
논벼,벼멸구,해충,경상남도,0.0,29.0,37,증가,보통,32,2024·2026,"기준선 비교: 2026 유지 29.3점, 2024·2026 가중평균 19.1점, 선택 모델(완화 추세+표본 축소) 36.8점. 지역 변화 +29.3점을 표본가중치 0.73로 같은 병해충·작물의 지역 중앙 변화 +0.0점 방향에 축소하고, 1년 연장 변화는 ±20점으로 제한했습니다. 양년 자료 있음, 공통 조사단위 2개, 유효 관측 32건, 결측률 0.0%, 단위별 변화 변동성 0.0점. 비교는 가능하지만 표본 또는 변동성에 불확실성이 남습니다. 2024·2026 두 개 연도의 NCPMS 예찰자료만 사용한 상대 위험 전망으로, 기상·재배면적·방제 변화와 2027년 실제 발생을 확정하지 않습니다. ASOS 공통 조사월 1개에서 기온·습도·강수·풍속의 관측 연관성을 추세 연장분에만 최대 ±3점으로 제한 적용(보정 +0점). 2027년 미래 기상값은 생성하거나 가정하지 않았습니다.",주의,37,0,-0.0054,기온,기상 근거 보강,1,ASOS 공통 조사월 1개에서 기온·습도·강수·풍속의 관측 연관성을 추세 연장분에만 최대 ±3점으로 제한 적용(보정 +0점). 2027년 미래 기상값은 생성하거나 가정하지 않았습니다.,F27-WX1 설명가능 완화추세,"2024·2026 관측자료와 ASOS 공통 조사월의 연관성을 이용한 상대 위험 전망입니다. 2026년은 부분연도이며, 2027년 실제 기상·발생·확률을 확정하지 않습니다."
논벼,벼멸구,해충,경상북도,38.0,0.0,0,유지,보통,32,2024·2026,"기준선 비교: 2026 유지 0.0점, 2024·2026 가중평균 13.1점, 선택 모델(완화 추세+표본 축소) 0.0점. 지역 변화 -37.5점을 표본가중치 0.73로 같은 병해충·작물의 지역 중앙 변화 +0.0점 방향에 축소하고, 1년 연장 변화는 ±20점으로 제한했습니다. 양년 자료 있음, 공통 조사단위 2개, 유효 관측 32건, 결측률 0.0%, 단위별 변화 변동성 37.5점. 비교는 가능하지만 표본 또는 변동성에 불확실성이 남습니다. 2024·2026 두 개 연도의 NCPMS 예찰자료만 사용한 상대 위험 전망으로, 기상·재배면적·방제 변화와 2027년 실제 발생을 확정하지 않습니다. ASOS 공통 조사월 1개에서 기온·습도·강수·풍속의 관측 연관성을 추세 연장분에만 최대 ±3점으로 제한 적용(보정 +0점). 2027년 미래 기상값은 생성하거나 가정하지 않았습니다.",관찰,0,0,-0.014,기온,기상 근거 보강,1,ASOS 공통 조사월 1개에서 기온·습도·강수·풍속의 관측 연관성을 추세 연장분에만 최대 ±3점으로 제한 적용(보정 +0점). 2027년 미래 기상값은 생성하거나 가정하지 않았습니다.,F27-WX1 설명가능 완화추세,"2024·2026 관측자료와 ASOS 공통 조사월의 연관성을 이용한 상대 위험 전망입니다. 2026년은 부분연도이며, 2027년 실제 기상·발생·확률을 확정하지 않습니다."
논벼,벼멸구,해충,대구광역시,0.0,0.0,0,유지,보통,32,2024·2026,"기준선 비교: 2026 유지 0.0점, 2024·2026 가중평균 0.0점, 선택 모델(완화 추세+표본 축소) 0.0점. 지역 변화 +0.0점을 표본가중치 0.73로 같은 병해충·작물의 지역 중앙 변화 +0.0점 방향에 축소하고, 1년 연장 변화는 ±20점으로 제한했습니다. 양년 자료 있음, 공통 조사단위 2개, 유효 관측 32건, 결측률 0.0%, 단위별 변화 변동성 0.0점. 비교는 가능하지만 표본 또는 변동성에 불확실성이 남습니다. 2024·2026 두 개 연도의 NCPMS 예찰자료만 사용한 상대 위험 전망으로, 기상·재배면적·방제 변화와 2027년 실제 발생을 확정하지 않습니다. ASOS 공통 조사월 1개에서 기온·습도·강수·풍속의 관측 연관성을 추세 연장분에만 최대 ±3점으로 제한 적용(보정 +0점). 2027년 미래 기상값은 생성하거나 가정하지 않았습니다.",관찰,0,0,-0.0263,기온,기상 근거 보강,1,ASOS 공통 조사월 1개에서 기온·습도·강수·풍속의 관측 연관성을 추세 연장분에만 최대 ±3점으로 제한 적용(보정 +0점). 2027년 미래 기상값은 생성하거나 가정하지 않았습니다.,F27-WX1 설명가능 완화추세,"2024·2026 관측자료와 ASOS 공통 조사월의 연관성을 이용한 상대 위험 전망입니다. 2026년은 부분연도이며, 2027년 실제 기상·발생·확률을 확정하지 않습니다."
논벼,벼멸구,해충,대전광역시,0.0,0.0,0,유지,보통,32,2024·2026,"기준선 비교: 2026 유지 0.0점, 2024·2026 가중평균 0.0점, 선택 모델(완화 추세+표본 축소) 0.0점. 지역 변화 +0.0점을 표본가중치 0.73로 같은 병해충·작물의 지역 중앙 변화 +0.0점 방향에 축소하고, 1년 연장 변화는 ±20점으로 제한했습니다. 양년 자료 있음, 공통 조사단위 2개, 유효 관측 32건, 결측률 0.0%, 단위별 변화 변동성 0.0점. 비교는 가능하지만 표본 또는 변동성에 불확실성이 남습니다. 2024·2026 두 개 연도의 NCPMS 예찰자료만 사용한 상대 위험 전망으로, 기상·재배면적·방제 변화와 2027년 실제 발생을 확정하지 않습니다. ASOS 공통 조사월 1개에서 기온·습도·강수·풍속의 관측 연관성을 추세 연장분에만 최대 ±3점으로 제한 적용(보정 +0점). 2027년 미래 기상값은 생성하거나 가정하지 않았습니다.",관찰,0,0,0.0036,습도,기상 근거 보강,1,ASOS 공통 조사월 1개에서 기온·습도·강수·풍속의 관측 연관성을 추세 연장분에만 최대 ±3점으로 제한 적용(보정 +0점). 2027년 미래 기상값은 생성하거나 가정하지 않았습니다.,F27-WX1 설명가능 완화추세,"2024·2026 관측자료와 ASOS 공통 조사월의 연관성을 이용한 상대 위험 전망입니다. 2026년은 부분연도이며, 2027년 실제 기상·발생·확률을 확정하지 않습니다."
논벼,벼멸구,해충,부산광역시,0.0,0.0,0,유지,보통,32,2024·2026,"기준선 비교: 2026 유지 0.0점, 2024·2026 가중평균 0.0점, 선택 모델(완화 추세+표본 축소) 0.0점. 지역 변화 +0.0점을 표본가중치 0.73로 같은 병해충·작물의 지역 중앙 변화 +0.0점 방향에 축소하고, 1년 연장 변화는 ±20점으로 제한했습니다. 양년 자료 있음, 공통 조사단위 2개, 유효 관측 32건, 결측률 0.0%, 단위별 변화 변동성 0.0점. 비교는 가능하지만 표본 또는 변동성에 불확실성이 남습니다. 2024·2026 두 개 연도의 NCPMS 예찰자료만 사용한 상대 위험 전망으로, 기상·재배면적·방제 변화와 2027년 실제 발생을 확정하지 않습니다. ASOS 공통 조사월 1개에서 기온·습도·강수·풍속의 관측 연관성을 추세 연장분에만 최대 ±3점으로 제한 적용(보정 +0점). 2027년 미래 기상값은 생성하거나 가정하지 않았습니다.",관찰,0,0,-0.0007,기온,기상 근거 보강,1,ASOS 공통 조사월 1개에서 기온·습도·강수·풍속의 관측 연관성을 추세 연장분에만 최대 ±3점으로 제한 적용(보정 +0점). 2027년 미래 기상값은 생성하거나 가정하지 않았습니다.,F27-WX1 설명가능 완화추세,"2024·2026 관측자료와 ASOS 공통 조사월의 연관성을 이용한 상대 위험 전망입니다. 2026년은 부분연도이며, 2027년 실제 기상·발생·확률을 확정하지 않습니다."
논벼,벼멸구,해충,세종특별자치시,0.0,0.0,0,유지,보통,28,2024·2026,"기준선 비교: 2026 유지 0.0점, 2024·2026 가중평균 0.0점, 선택 모델(완화 추세+표본 축소) 0.0점. 지역 변화 +0.0점을 표본가중치 0.70로 같은 병해충·작물의 지역 중앙 변화 +0.0점 방향에 축소하고, 1년 연장 변화는 ±20점으로 제한했습니다. 양년 자료 있음, 공통 조사단위 2개, 유효 관측 28건, 결측률 0.0%, 단위별 변화 변동성 0.0점. 비교는 가능하지만 표본 또는 변동성에 불확실성이 남습니다. 2024·2026 두 개 연도의 NCPMS 예찰자료만 사용한 상대 위험 전망으로, 기상·재배면적·방제 변화와 2027년 실제 발생을 확정하지 않습니다. ASOS 공통 조사월 1개에서 기온·습도·강수·풍속의 관측 연관성을 추세 연장분에만 최대 ±3점으로 제한 적용(보정 +0점). 2027년 미래 기상값은 생성하거나 가정하지 않았습니다.",관찰,0,0,-0.0023,기온,기상 근거 보강,1,ASOS 공통 조사월 1개에서 기온·습도·강수·풍속의 관측 연관성을 추세 연장분에만 최대 ±3점으로 제한 적용(보정 +0점). 2027년 미래 기상값은 생성하거나 가정하지 않았습니다.,F27-WX1 설명가능 완화추세,"2024·2026 관측자료와 ASOS 공통 조사월의 연관성을 이용한 상대 위험 전망입니다. 2026년은 부분연도이며, 2027년 실제 기상·발생·확률을 확정하지 않습니다."
논벼,벼멸구,해충,울산광역시,0.0,0.0,0,유지,보통,32,2024·2026,"기준선 비교: 2026 유지 0.0점, 2024·2026 가중평균 0.0점, 선택 모델(완화 추세+표본 축소) 0.0점. 지역 변화 +0.0점을 표본가중치 0.73로 같은 병해충·작물의 지역 중앙 변화 +0.0점 방향에 축소하고, 1년 연장 변화는 ±20점으로 제한했습니다. 양년 자료 있음, 공통 조사단위 2개, 유효 관측 32건, 결측률 0.0%, 단위별 변화 변동성 0.0점. 비교는 가능하지만 표본 또는 변동성에 불확실성이 남습니다. 2024·2026 두 개 연도의 NCPMS 예찰자료만 사용한 상대 위험 전망으로, 기상·재배면적·방제 변화와 2027년 실제 발생을 확정하지 않습니다. ASOS 공통 조사월 1개에서 기온·습도·강수·풍속의 관측 연관성을 추세 연장분에만 최대 ±3점으로 제한 적용(보정 +0점). 2027년 미래 기상값은 생성하거나 가정하지 않았습니다.",관찰,0,0,-0.0151,기온,기상 근거 보강,1,ASOS 공통 조사월 1개에서 기온·습도·강수·풍속의 관측 연관성을 추세 연장분에만 최대 ±3점으로 제한 적용(보정 +0점). 2027년 미래 기상값은 생성하거나 가정하지 않았습니다.,F27-WX1 설명가능 완화추세,"2024·2026 관측자료와 ASOS 공통 조사월의 연관성을 이용한 상대 위험 전망입니다. 2026년은 부분연도이며, 2027년 실제 기상·발생·확률을 확정하지 않습니다."
논벼,벼멸구,해충,인천광역시,0.0,0.0,0,유지,보통,32,2024·2026,"기준선 비교: 2026 유지 0.0점, 2024·2026 가중평균 0.0점, 선택 모델(완화 추세+표본 축소) 0.0점. 지역 변화 +0.0점을 표본가중치 0.73로 같은 병해충·작물의 지역 중앙 변화 +0.0점 방향에 축소하고, 1년 연장 변화는 ±20점으로 제한했습니다. 양년 자료 있음, 공통 조사단위 2개, 유효 관측 32건, 결측률 0.0%, 단위별 변화 변동성 0.0점. 비교는 가능하지만 표본 또는 변동성에 불확실성이 남습니다. 2024·2026 두 개 연도의 NCPMS 예찰자료만 사용한 상대 위험 전망으로, 기상·재배면적·방제 변화와 2027년 실제 발생을 확정하지 않습니다. ASOS 공통 조사월 1개에서 기온·습도·강수·풍속의 관측 연관성을 추세 연장분에만 최대 ±3점으로 제한 적용(보정 +0점). 2027년 미래 기상값은 생성하거나 가정하지 않았습니다.",관찰,0,0,-0.0009,기온,기상 근거 보강,1,ASOS 공통 조사월 1개에서 기온·습도·강수·풍속의 관측 연관성을 추세 연장분에만 최대 ±3점으로 제한 적용(보정 +0점). 2027년 미래 기상값은 생성하거나 가정하지 않았습니다.,F27-WX1 설명가능 완화추세,"2024·2026 관측자료와 ASOS 공통 조사월의 연관성을 이용한 상대 위험 전망입니다. 2026년은 부분연도이며, 2027년 실제 기상·발생·확률을 확정하지 않습니다."
논벼,벼멸구,해충,전남광주통합특별시,0.0,17.0,22,증가,보통,32,2024·2026,"기준선 비교: 2026 유지 17.4점, 2024·2026 가중평균 11.3점, 선택 모델(완화 추세+표본 축소) 21.8점. 지역 변화 +17.4점을 표본가중치 0.73로 같은 병해충·작물의 지역 중앙 변화 +0.0점 방향에 축소하고, 1년 연장 변화는 ±20점으로 제한했습니다. 양년 자료 있음, 공통 조사단위 2개, 유효 관측 32건, 결측률 0.0%, 단위별 변화 변동성 0.0점. 비교는 가능하지만 표본 또는 변동성에 불확실성이 남습니다. 2024·2026 두 개 연도의 NCPMS 예찰자료만 사용한 상대 위험 전망으로, 기상·재배면적·방제 변화와 2027년 실제 발생을 확정하지 않습니다. ASOS 공통 조사월 1개에서 기온·습도·강수·풍속의 관측 연관성을 추세 연장분에만 최대 ±3점으로 제한 적용(보정 +0점). 2027년 미래 기상값은 생성하거나 가정하지 않았습니다.",관찰,22,0,-0.0073,습도,기상 근거 보강,1,ASOS 공통 조사월 1개에서 기온·습도·강수·풍속의 관측 연관성을 추세 연장분에만 최대 ±3점으로 제한 적용(보정 +0점). 2027년 미래 기상값은 생성하거나 가정하지 않았습니다.,F27-WX1 설명가능 완화추세,"2024·2026 관측자료와 ASOS 공통 조사월의 연관성을 이용한 상대 위험 전망입니다. 2026년은 부분연도이며, 2027년 실제 기상·발생·확률을 확정하지 않습니다."
논벼,벼멸구,해충,전북특별자치도,0.0,0.0,0,유지,보통,32,2024·2026,"기준선 비교: 2026 유지 0.0점, 2024·2026 가중평균 0.0점, 선택 모델(완화 추세+표본 축소) 0.0점. 지역 변화 +0.0점을 표본가중치 0.73로 같은 병해충·작물의 지역 중앙 변화 +0.0점 방향에 축소하고, 1년 연장 변화는 ±20점으로 제한했습니다. 양년 자료 있음, 공통 조사단위 2개, 유효 관측 32건, 결측률 0.0%, 단위별 변화 변동성 0.0점. 비교는 가능하지만 표본 또는 변동성에 불확실성이 남습니다. 2024·2026 두 개 연도의 NCPMS 예찰자료만 사용한 상대 위험 전망으로, 기상·재배면적·방제 변화와 2027년 실제 발생을 확정하지 않습니다. ASOS 공통 조사월 1개에서 기온·습도·강수·풍속의 관측 연관성을 추세 연장분에만 최대 ±3점으로 제한 적용(보정 +0점). 2027년 미래 기상값은 생성하거나 가정하지 않았습니다.",관찰,0,0,-0.0045,기온,기상 근거 보강,1,ASOS 공통 조사월 1개에서 기온·습도·강수·풍속의 관측 연관성을 추세 연장분에만 최대 ±3점으로 제한 적용(보정 +0점). 2027년 미래 기상값은 생성하거나 가정하지 않았습니다.,F27-WX1 설명가능 완화추세,"2024·2026 관측자료와 ASOS 공통 조사월의 연관성을 이용한 상대 위험 전망입니다. 2026년은 부분연도이며, 2027년 실제 기상·발생·확률을 확정하지 않습니다."
논벼,벼멸구,해충,충청남도,0.0,0.0,0,유지,보통,32,2024·2026,"기준선 비교: 2026 유지 0.0점, 2024·2026 가중평균 0.0점, 선택 모델(완화 추세+표본 축소) 0.0점. 지역 변화 +0.0점을 표본가중치 0.73로 같은 병해충·작물의 지역 중앙 변화 +0.0점 방향에 축소하고, 1년 연장 변화는 ±20점으로 제한했습니다. 양년 자료 있음, 공통 조사단위 2개, 유효 관측 32건, 결측률 0.0%, 단위별 변화 변동성 0.0점. 비교는 가능하지만 표본 또는 변동성에 불확실성이 남습니다. 2024·2026 두 개 연도의 NCPMS 예찰자료만 사용한 상대 위험 전망으로, 기상·재배면적·방제 변화와 2027년 실제 발생을 확정하지 않습니다. ASOS 공통 조사월 1개에서 기온·습도·강수·풍속의 관측 연관성을 추세 연장분에만 최대 ±3점으로 제한 적용(보정 +0점). 2027년 미래 기상값은 생성하거나 가정하지 않았습니다.",관찰,0,0,-0.0019,습도,기상 근거 보강,1,ASOS 공통 조사월 1개에서 기온·습도·강수·풍속의 관측 연관성을 추세 연장분에만 최대 ±3점으로 제한 적용(보정 +0점). 2027년 미래 기상값은 생성하거나 가정하지 않았습니다.,F27-WX1 설명가능 완화추세,"2024·2026 관측자료와 ASOS 공통 조사월의 연관성을 이용한 상대 위험 전망입니다. 2026년은 부분연도이며, 2027년 실제 기상·발생·확률을 확정하지 않습니다."
논벼,벼멸구,해충,충청북도,0.0,0.0,0,유지,보통,36,2024·2026,"기준선 비교: 2026 유지 0.0점, 2024·2026 가중평균 0.0점, 선택 모델(완화 추세+표본 축소) 0.0점. 지역 변화 +0.0점을 표본가중치 0.75로 같은 병해충·작물의 지역 중앙 변화 +0.0점 방향에 축소하고, 1년 연장 변화는 ±20점으로 제한했습니다. 양년 자료 있음, 공통 조사단위 2개, 유효 관측 36건, 결측률 0.0%, 단위별 변화 변동성 0.0점. 비교는 가능하지만 표본 또는 변동성에 불확실성이 남습니다. 2024·2026 두 개 연도의 NCPMS 예찰자료만 사용한 상대 위험 전망으로, 기상·재배면적·방제 변화와 2027년 실제 발생을 확정하지 않습니다. ASOS 공통 조사월 1개에서 기온·습도·강수·풍속의 관측 연관성을 추세 연장분에만 최대 ±3점으로 제한 적용(보정 +0점). 2027년 미래 기상값은 생성하거나 가정하지 않았습니다.",관찰,0,0,-0.0073,기온,기상 근거 보강,1,ASOS 공통 조사월 1개에서 기온·습도·강수·풍속의 관측 연관성을 추세 연장분에만 최대 ±3점으로 제한 적용(보정 +0점). 2027년 미래 기상값은 생성하거나 가정하지 않았습니다.,F27-WX1 설명가능 완화추세,"2024·2026 관측자료와 ASOS 공통 조사월의 연관성을 이용한 상대 위험 전망입니다. 2026년은 부분연도이며, 2027년 실제 기상·발생·확률을 확정하지 않습니다."
논벼,벼물바구미,해충,강원특별자치도,11.0,53.0,63,증가,보통,32,2024·2026,"기준선 비교: 2026 유지 52.5점, 2024·2026 가중평균 37.8점, 선택 모델(완화 추세+표본 축소) 63.2점. 지역 변화 +42.0점을 표본가중치 0.73로 같은 병해충·작물의 지역 중앙 변화 +0.0점 방향에 축소하고, 1년 연장 변화는 ±20점으로 제한했습니다. 양년 자료 있음, 공통 조사단위 2개, 유효 관측 32건, 결측률 0.0%, 단위별 변화 변동성 12.6점. 비교는 가능하지만 표본 또는 변동성에 불확실성이 남습니다. 2024·2026 두 개 연도의 NCPMS 예찰자료만 사용한 상대 위험 전망으로, 기상·재배면적·방제 변화와 2027년 실제 발생을 확정하지 않습니다. ASOS 공통 조사월 1개에서 기온·습도·강수·풍속의 관측 연관성을 추세 연장분에만 최대 ±3점으로 제한 적용(보정 +0점). 2027년 미래 기상값은 생성하거나 가정하지 않았습니다.",주의,63,0,0.0708,기온,기상 근거 보강,1,ASOS 공통 조사월 1개에서 기온·습도·강수·풍속의 관측 연관성을 추세 연장분에만 최대 ±3점으로 제한 적용(보정 +0점). 2027년 미래 기상값은 생성하거나 가정하지 않았습니다.,F27-WX1 설명가능 완화추세,"2024·2026 관측자료와 ASOS 공통 조사월의 연관성을 이용한 상대 위험 전망입니다. 2026년은 부분연도이며, 2027년 실제 기상·발생·확률을 확정하지 않습니다."
논벼,벼물바구미,해충,경기도,31.0,7.0,1,감소,보통,36,2024·2026,"기준선 비교: 2026 유지 7.1점, 2024·2026 가중평균 15.4점, 선택 모델(완화 추세+표본 축소) 0.9점. 지역 변화 -23.6점을 표본가중치 0.75로 같은 병해충·작물의 지역 중앙 변화 +0.0점 방향에 축소하고, 1년 연장 변화는 ±20점으로 제한했습니다. 양년 자료 있음, 공통 조사단위 2개, 유효 관측 36건, 결측률 0.0%, 단위별 변화 변동성 14.8점. 비교는 가능하지만 표본 또는 변동성에 불확실성이 남습니다. 2024·2026 두 개 연도의 NCPMS 예찰자료만 사용한 상대 위험 전망으로, 기상·재배면적·방제 변화와 2027년 실제 발생을 확정하지 않습니다. ASOS 공통 조사월 1개에서 기온·습도·강수·풍속의 관측 연관성을 추세 연장분에만 최대 ±3점으로 제한 적용(보정 +0점). 2027년 미래 기상값은 생성하거나 가정하지 않았습니다.",관찰,1,0,-0.0104,강수량,기상 근거 보강,1,ASOS 공통 조사월 1개에서 기온·습도·강수·풍속의 관측 연관성을 추세 연장분에만 최대 ±3점으로 제한 적용(보정 +0점). 2027년 미래 기상값은 생성하거나 가정하지 않았습니다.,F27-WX1 설명가능 완화추세,"2024·2026 관측자료와 ASOS 공통 조사월의 연관성을 이용한 상대 위험 전망입니다. 2026년은 부분연도이며, 2027년 실제 기상·발생·확률을 확정하지 않습니다."
논벼,벼물바구미,해충,경상남도,13.0,0.0,0,유지,보통,32,2024·2026,"기준선 비교: 2026 유지 0.0점, 2024·2026 가중평균 4.6점, 선택 모델(완화 추세+표본 축소) 0.0점. 지역 변화 -13.2점을 표본가중치 0.73로 같은 병해충·작물의 지역 중앙 변화 +0.0점 방향에 축소하고, 1년 연장 변화는 ±20점으로 제한했습니다. 양년 자료 있음, 공통 조사단위 2개, 유효 관측 32건, 결측률 0.0%, 단위별 변화 변동성 11.3점. 비교는 가능하지만 표본 또는 변동성에 불확실성이 남습니다. 2024·2026 두 개 연도의 NCPMS 예찰자료만 사용한 상대 위험 전망으로, 기상·재배면적·방제 변화와 2027년 실제 발생을 확정하지 않습니다. ASOS 공통 조사월 1개에서 기온·습도·강수·풍속의 관측 연관성을 추세 연장분에만 최대 ±3점으로 제한 적용(보정 +0점). 2027년 미래 기상값은 생성하거나 가정하지 않았습니다.",관찰,0,0,-0.0278,강수량,기상 근거 보강,1,ASOS 공통 조사월 1개에서 기온·습도·강수·풍속의 관측 연관성을 추세 연장분에만 최대 ±3점으로 제한 적용(보정 +0점). 2027년 미래 기상값은 생성하거나 가정하지 않았습니다.,F27-WX1 설명가능 완화추세,"2024·2026 관측자료와 ASOS 공통 조사월의 연관성을 이용한 상대 위험 전망입니다. 2026년은 부분연도이며, 2027년 실제 기상·발생·확률을 확정하지 않습니다."
논벼,벼물바구미,해충,경상북도,76.0,23.0,10,감소,보통,32,2024·2026,"기준선 비교: 2026 유지 23.1점, 2024·2026 가중평균 41.8점, 선택 모델(완화 추세+표본 축소) 9.5점. 지역 변화 -53.3점을 표본가중치 0.73로 같은 병해충·작물의 지역 중앙 변화 +0.0점 방향에 축소하고, 1년 연장 변화는 ±20점으로 제한했습니다. 양년 자료 있음, 공통 조사단위 2개, 유효 관측 32건, 결측률 0.0%, 단위별 변화 변동성 18.0점. 비교는 가능하지만 표본 또는 변동성에 불확실성이 남습니다. 2024·2026 두 개 연도의 NCPMS 예찰자료만 사용한 상대 위험 전망으로, 기상·재배면적·방제 변화와 2027년 실제 발생을 확정하지 않습니다. ASOS 공통 조사월 1개에서 기온·습도·강수·풍속의 관측 연관성을 추세 연장분에만 최대 ±3점으로 제한 적용(보정 +0점). 2027년 미래 기상값은 생성하거나 가정하지 않았습니다.",관찰,10,0,0.0343,기온,기상 근거 보강,1,ASOS 공통 조사월 1개에서 기온·습도·강수·풍속의 관측 연관성을 추세 연장분에만 최대 ±3점으로 제한 적용(보정 +0점). 2027년 미래 기상값은 생성하거나 가정하지 않았습니다.,F27-WX1 설명가능 완화추세,"2024·2026 관측자료와 ASOS 공통 조사월의 연관성을 이용한 상대 위험 전망입니다. 2026년은 부분연도이며, 2027년 실제 기상·발생·확률을 확정하지 않습니다."
논벼,벼물바구미,해충,대구광역시,0.0,0.0,0,유지,보통,32,2024·2026,"기준선 비교: 2026 유지 0.0점, 2024·2026 가중평균 0.0점, 선택 모델(완화 추세+표본 축소) 0.0점. 지역 변화 +0.0점을 표본가중치 0.73로 같은 병해충·작물의 지역 중앙 변화 +0.0점 방향에 축소하고, 1년 연장 변화는 ±20점으로 제한했습니다. 양년 자료 있음, 공통 조사단위 2개, 유효 관측 32건, 결측률 0.0%, 단위별 변화 변동성 0.0점. 비교는 가능하지만 표본 또는 변동성에 불확실성이 남습니다. 2024·2026 두 개 연도의 NCPMS 예찰자료만 사용한 상대 위험 전망으로, 기상·재배면적·방제 변화와 2027년 실제 발생을 확정하지 않습니다. ASOS 공통 조사월 1개에서 기온·습도·강수·풍속의 관측 연관성을 추세 연장분에만 최대 ±3점으로 제한 적용(보정 +0점). 2027년 미래 기상값은 생성하거나 가정하지 않았습니다.",관찰,0,0,0.0195,기온,기상 근거 보강,1,ASOS 공통 조사월 1개에서 기온·습도·강수·풍속의 관측 연관성을 추세 연장분에만 최대 ±3점으로 제한 적용(보정 +0점). 2027년 미래 기상값은 생성하거나 가정하지 않았습니다.,F27-WX1 설명가능 완화추세,"2024·2026 관측자료와 ASOS 공통 조사월의 연관성을 이용한 상대 위험 전망입니다. 2026년은 부분연도이며, 2027년 실제 기상·발생·확률을 확정하지 않습니다."
논벼,벼물바구미,해충,대전광역시,0.0,3.0,3,유지,보통,32,2024·2026,"기준선 비교: 2026 유지 2.7점, 2024·2026 가중평균 1.8점, 선택 모델(완화 추세+표본 축소) 3.4점. 지역 변화 +2.7점을 표본가중치 0.73로 같은 병해충·작물의 지역 중앙 변화 +0.0점 방향에 축소하고, 1년 연장 변화는 ±20점으로 제한했습니다. 양년 자료 있음, 공통 조사단위 2개, 유효 관측 32건, 결측률 0.0%, 단위별 변화 변동성 0.0점. 비교는 가능하지만 표본 또는 변동성에 불확실성이 남습니다. 2024·2026 두 개 연도의 NCPMS 예찰자료만 사용한 상대 위험 전망으로, 기상·재배면적·방제 변화와 2027년 실제 발생을 확정하지 않습니다. ASOS 공통 조사월 1개에서 기온·습도·강수·풍속의 관측 연관성을 추세 연장분에만 최대 ±3점으로 제한 적용(보정 +0점). 2027년 미래 기상값은 생성하거나 가정하지 않았습니다.",관찰,3,0,0.0294,강수량,기상 근거 보강,1,ASOS 공통 조사월 1개에서 기온·습도·강수·풍속의 관측 연관성을 추세 연장분에만 최대 ±3점으로 제한 적용(보정 +0점). 2027년 미래 기상값은 생성하거나 가정하지 않았습니다.,F27-WX1 설명가능 완화추세,"2024·2026 관측자료와 ASOS 공통 조사월의 연관성을 이용한 상대 위험 전망입니다. 2026년은 부분연도이며, 2027년 실제 기상·발생·확률을 확정하지 않습니다."
논벼,벼물바구미,해충,부산광역시,0.0,0.0,0,유지,보통,32,2024·2026,"기준선 비교: 2026 유지 0.0점, 2024·2026 가중평균 0.0점, 선택 모델(완화 추세+표본 축소) 0.0점. 지역 변화 +0.0점을 표본가중치 0.73로 같은 병해충·작물의 지역 중앙 변화 +0.0점 방향에 축소하고, 1년 연장 변화는 ±20점으로 제한했습니다. 양년 자료 있음, 공통 조사단위 2개, 유효 관측 32건, 결측률 0.0%, 단위별 변화 변동성 0.0점. 비교는 가능하지만 표본 또는 변동성에 불확실성이 남습니다. 2024·2026 두 개 연도의 NCPMS 예찰자료만 사용한 상대 위험 전망으로, 기상·재배면적·방제 변화와 2027년 실제 발생을 확정하지 않습니다. ASOS 공통 조사월 1개에서 기온·습도·강수·풍속의 관측 연관성을 추세 연장분에만 최대 ±3점으로 제한 적용(보정 +0점). 2027년 미래 기상값은 생성하거나 가정하지 않았습니다.",관찰,0,0,-0.0431,강수량,기상 근거 보강,1,ASOS 공통 조사월 1개에서 기온·습도·강수·풍속의 관측 연관성을 추세 연장분에만 최대 ±3점으로 제한 적용(보정 +0점). 2027년 미래 기상값은 생성하거나 가정하지 않았습니다.,F27-WX1 설명가능 완화추세,"2024·2026 관측자료와 ASOS 공통 조사월의 연관성을 이용한 상대 위험 전망입니다. 2026년은 부분연도이며, 2027년 실제 기상·발생·확률을 확정하지 않습니다."
논벼,벼물바구미,해충,세종특별자치시,0.0,0.0,0,유지,보통,28,2024·2026,"기준선 비교: 2026 유지 0.0점, 2024·2026 가중평균 0.0점, 선택 모델(완화 추세+표본 축소) 0.0점. 지역 변화 +0.0점을 표본가중치 0.70로 같은 병해충·작물의 지역 중앙 변화 +0.0점 방향에 축소하고, 1년 연장 변화는 ±20점으로 제한했습니다. 양년 자료 있음, 공통 조사단위 2개, 유효 관측 28건, 결측률 0.0%, 단위별 변화 변동성 0.0점. 비교는 가능하지만 표본 또는 변동성에 불확실성이 남습니다. 2024·2026 두 개 연도의 NCPMS 예찰자료만 사용한 상대 위험 전망으로, 기상·재배면적·방제 변화와 2027년 실제 발생을 확정하지 않습니다. ASOS 공통 조사월 1개에서 기온·습도·강수·풍속의 관측 연관성을 추세 연장분에만 최대 ±3점으로 제한 적용(보정 +0점). 2027년 미래 기상값은 생성하거나 가정하지 않았습니다.",관찰,0,0,0.0111,기온,기상 근거 보강,1,ASOS 공통 조사월 1개에서 기온·습도·강수·풍속의 관측 연관성을 추세 연장분에만 최대 ±3점으로 제한 적용(보정 +0점). 2027년 미래 기상값은 생성하거나 가정하지 않았습니다.,F27-WX1 설명가능 완화추세,"2024·2026 관측자료와 ASOS 공통 조사월의 연관성을 이용한 상대 위험 전망입니다. 2026년은 부분연도이며, 2027년 실제 기상·발생·확률을 확정하지 않습니다."
논벼,벼물바구미,해충,울산광역시,27.0,0.0,0,유지,보통,32,2024·2026,"기준선 비교: 2026 유지 0.0점, 2024·2026 가중평균 9.3점, 선택 모델(완화 추세+표본 축소) 0.0점. 지역 변화 -26.5점을 표본가중치 0.73로 같은 병해충·작물의 지역 중앙 변화 +0.0점 방향에 축소하고, 1년 연장 변화는 ±20점으로 제한했습니다. 양년 자료 있음, 공통 조사단위 2개, 유효 관측 32건, 결측률 0.0%, 단위별 변화 변동성 26.5점. 비교는 가능하지만 표본 또는 변동성에 불확실성이 남습니다. 2024·2026 두 개 연도의 NCPMS 예찰자료만 사용한 상대 위험 전망으로, 기상·재배면적·방제 변화와 2027년 실제 발생을 확정하지 않습니다. ASOS 공통 조사월 1개에서 기온·습도·강수·풍속의 관측 연관성을 추세 연장분에만 최대 ±3점으로 제한 적용(보정 +0점). 2027년 미래 기상값은 생성하거나 가정하지 않았습니다.",관찰,0,0,0.0198,기온,기상 근거 보강,1,ASOS 공통 조사월 1개에서 기온·습도·강수·풍속의 관측 연관성을 추세 연장분에만 최대 ±3점으로 제한 적용(보정 +0점). 2027년 미래 기상값은 생성하거나 가정하지 않았습니다.,F27-WX1 설명가능 완화추세,"2024·2026 관측자료와 ASOS 공통 조사월의 연관성을 이용한 상대 위험 전망입니다. 2026년은 부분연도이며, 2027년 실제 기상·발생·확률을 확정하지 않습니다."
논벼,벼물바구미,해충,인천광역시,1.0,0.0,0,유지,보통,32,2024·2026,"기준선 비교: 2026 유지 0.0점, 2024·2026 가중평균 0.5점, 선택 모델(완화 추세+표본 축소) 0.0점. 지역 변화 -1.4점을 표본가중치 0.73로 같은 병해충·작물의 지역 중앙 변화 +0.0점 방향에 축소하고, 1년 연장 변화는 ±20점으로 제한했습니다. 양년 자료 있음, 공통 조사단위 2개, 유효 관측 32건, 결측률 0.0%, 단위별 변화 변동성 1.4점. 비교는 가능하지만 표본 또는 변동성에 불확실성이 남습니다. 2024·2026 두 개 연도의 NCPMS 예찰자료만 사용한 상대 위험 전망으로, 기상·재배면적·방제 변화와 2027년 실제 발생을 확정하지 않습니다. ASOS 공통 조사월 1개에서 기온·습도·강수·풍속의 관측 연관성을 추세 연장분에만 최대 ±3점으로 제한 적용(보정 +0점). 2027년 미래 기상값은 생성하거나 가정하지 않았습니다.",관찰,0,0,0.0042,강수량,기상 근거 보강,1,ASOS 공통 조사월 1개에서 기온·습도·강수·풍속의 관측 연관성을 추세 연장분에만 최대 ±3점으로 제한 적용(보정 +0점). 2027년 미래 기상값은 생성하거나 가정하지 않았습니다.,F27-WX1 설명가능 완화추세,"2024·2026 관측자료와 ASOS 공통 조사월의 연관성을 이용한 상대 위험 전망입니다. 2026년은 부분연도이며, 2027년 실제 기상·발생·확률을 확정하지 않습니다."
논벼,벼물바구미,해충,전남광주통합특별시,39.0,45.0,47,유지,보통,32,2024·2026,"기준선 비교: 2026 유지 45.2점, 2024·2026 가중평균 43.1점, 선택 모델(완화 추세+표본 축소) 46.8점. 지역 변화 +6.1점을 표본가중치 0.73로 같은 병해충·작물의 지역 중앙 변화 +0.0점 방향에 축소하고, 1년 연장 변화는 ±20점으로 제한했습니다. 양년 자료 있음, 공통 조사단위 2개, 유효 관측 32건, 결측률 0.0%, 단위별 변화 변동성 19.8점. 비교는 가능하지만 표본 또는 변동성에 불확실성이 남습니다. 2024·2026 두 개 연도의 NCPMS 예찰자료만 사용한 상대 위험 전망으로, 기상·재배면적·방제 변화와 2027년 실제 발생을 확정하지 않습니다. ASOS 공통 조사월 1개에서 기온·습도·강수·풍속의 관측 연관성을 추세 연장분에만 최대 ±3점으로 제한 적용(보정 +0점). 2027년 미래 기상값은 생성하거나 가정하지 않았습니다.",주의,47,0,-0.0262,강수량,기상 근거 보강,1,ASOS 공통 조사월 1개에서 기온·습도·강수·풍속의 관측 연관성을 추세 연장분에만 최대 ±3점으로 제한 적용(보정 +0점). 2027년 미래 기상값은 생성하거나 가정하지 않았습니다.,F27-WX1 설명가능 완화추세,"2024·2026 관측자료와 ASOS 공통 조사월의 연관성을 이용한 상대 위험 전망입니다. 2026년은 부분연도이며, 2027년 실제 기상·발생·확률을 확정하지 않습니다."
논벼,벼물바구미,해충,전북특별자치도,0.0,1.0,2,유지,보통,32,2024·2026,"기준선 비교: 2026 유지 1.3점, 2024·2026 가중평균 1.0점, 선택 모델(완화 추세+표본 축소) 1.5점. 지역 변화 +0.8점을 표본가중치 0.73로 같은 병해충·작물의 지역 중앙 변화 +0.0점 방향에 축소하고, 1년 연장 변화는 ±20점으로 제한했습니다. 양년 자료 있음, 공통 조사단위 2개, 유효 관측 32건, 결측률 0.0%, 단위별 변화 변동성 0.7점. 비교는 가능하지만 표본 또는 변동성에 불확실성이 남습니다. 2024·2026 두 개 연도의 NCPMS 예찰자료만 사용한 상대 위험 전망으로, 기상·재배면적·방제 변화와 2027년 실제 발생을 확정하지 않습니다. ASOS 공통 조사월 1개에서 기온·습도·강수·풍속의 관측 연관성을 추세 연장분에만 최대 ±3점으로 제한 적용(보정 +0점). 2027년 미래 기상값은 생성하거나 가정하지 않았습니다.",관찰,2,0,-0.0189,강수량,기상 근거 보강,1,ASOS 공통 조사월 1개에서 기온·습도·강수·풍속의 관측 연관성을 추세 연장분에만 최대 ±3점으로 제한 적용(보정 +0점). 2027년 미래 기상값은 생성하거나 가정하지 않았습니다.,F27-WX1 설명가능 완화추세,"2024·2026 관측자료와 ASOS 공통 조사월의 연관성을 이용한 상대 위험 전망입니다. 2026년은 부분연도이며, 2027년 실제 기상·발생·확률을 확정하지 않습니다."
논벼,벼물바구미,해충,충청남도,38.0,1.0,0,유지,보통,32,2024·2026,"기준선 비교: 2026 유지 1.5점, 2024·2026 가중평균 14.2점, 선택 모델(완화 추세+표본 축소) 0.0점. 지역 변화 -36.2점을 표본가중치 0.73로 같은 병해충·작물의 지역 중앙 변화 +0.0점 방향에 축소하고, 1년 연장 변화는 ±20점으로 제한했습니다. 양년 자료 있음, 공통 조사단위 2개, 유효 관측 32건, 결측률 0.0%, 단위별 변화 변동성 17.3점. 비교는 가능하지만 표본 또는 변동성에 불확실성이 남습니다. 2024·2026 두 개 연도의 NCPMS 예찰자료만 사용한 상대 위험 전망으로, 기상·재배면적·방제 변화와 2027년 실제 발생을 확정하지 않습니다. ASOS 공통 조사월 1개에서 기온·습도·강수·풍속의 관측 연관성을 추세 연장분에만 최대 ±3점으로 제한 적용(보정 +0점). 2027년 미래 기상값은 생성하거나 가정하지 않았습니다.",관찰,0,0,-0.0137,강수량,기상 근거 보강,1,ASOS 공통 조사월 1개에서 기온·습도·강수·풍속의 관측 연관성을 추세 연장분에만 최대 ±3점으로 제한 적용(보정 +0점). 2027년 미래 기상값은 생성하거나 가정하지 않았습니다.,F27-WX1 설명가능 완화추세,"2024·2026 관측자료와 ASOS 공통 조사월의 연관성을 이용한 상대 위험 전망입니다. 2026년은 부분연도이며, 2027년 실제 기상·발생·확률을 확정하지 않습니다."
논벼,벼물바구미,해충,충청북도,2.0,7.0,9,유지,보통,36,2024·2026,"기준선 비교: 2026 유지 7.4점, 2024·2026 가중평균 5.5점, 선택 모델(완화 추세+표본 축소) 8.8점. 지역 변화 +5.5점을 표본가중치 0.75로 같은 병해충·작물의 지역 중앙 변화 +0.0점 방향에 축소하고, 1년 연장 변화는 ±20점으로 제한했습니다. 양년 자료 있음, 공통 조사단위 2개, 유효 관측 36건, 결측률 0.0%, 단위별 변화 변동성 27.6점. 비교는 가능하지만 표본 또는 변동성에 불확실성이 남습니다. 2024·2026 두 개 연도의 NCPMS 예찰자료만 사용한 상대 위험 전망으로, 기상·재배면적·방제 변화와 2027년 실제 발생을 확정하지 않습니다. ASOS 공통 조사월 1개에서 기온·습도·강수·풍속의 관측 연관성을 추세 연장분에만 최대 ±3점으로 제한 적용(보정 +0점). 2027년 미래 기상값은 생성하거나 가정하지 않았습니다.",관찰,9,0,-0.0035,강수량,기상 근거 보강,1,ASOS 공통 조사월 1개에서 기온·습도·강수·풍속의 관측 연관성을 추세 연장분에만 최대 ±3점으로 제한 적용(보정 +0점). 2027년 미래 기상값은 생성하거나 가정하지 않았습니다.,F27-WX1 설명가능 완화추세,"2024·2026 관측자료와 ASOS 공통 조사월의 연관성을 이용한 상대 위험 전망입니다. 2026년은 부분연도이며, 2027년 실제 기상·발생·확률을 확정하지 않습니다."
논벼,벼애나방,해충,강원특별자치도,,0.0,,전망자료 부족,낮음,24,2026,"양년 자료 없음, 공통 조사단위 0개, 유효 관측 24건, 결측률 0.0%, 단위별 변화 변동성 100.0점. 제한된 비교 단위 또는 변동성 때문에 보수적으로 낮게 평가합니다. 2024·2026 두 개 연도의 NCPMS 예찰자료만 사용한 상대 위험 전망으로, 기상·재배면적·방제 변화와 2027년 실제 발생을 확정하지 않습니다. ASOS 공통 조사월 0개에서 기온·습도·강수·풍속의 관측 연관성을 추세 연장분에만 최대 ±3점으로 제한 적용(보정 +0점). 2027년 미래 기상값은 생성하거나 가정하지 않았습니다.",전망자료 부족,,,0.0,—,기상근거 부족,0,ASOS 공통 조사월 0개에서 기온·습도·강수·풍속의 관측 연관성을 추세 연장분에만 최대 ±3점으로 제한 적용(보정 +0점). 2027년 미래 기상값은 생성하거나 가정하지 않았습니다.,F27-WX1 설명가능 완화추세,"2024·2026 관측자료와 ASOS 공통 조사월의 연관성을 이용한 상대 위험 전망입니다. 2026년은 부분연도이며, 2027년 실제 기상·발생·확률을 확정하지 않습니다."
논벼,벼애나방,해충,경기도,,14.0,,전망자료 부족,낮음,28,2026,"양년 자료 없음, 공통 조사단위 0개, 유효 관측 28건, 결측률 0.0%, 단위별 변화 변동성 100.0점. 제한된 비교 단위 또는 변동성 때문에 보수적으로 낮게 평가합니다. 2024·2026 두 개 연도의 NCPMS 예찰자료만 사용한 상대 위험 전망으로, 기상·재배면적·방제 변화와 2027년 실제 발생을 확정하지 않습니다. ASOS 공통 조사월 0개에서 기온·습도·강수·풍속의 관측 연관성을 추세 연장분에만 최대 ±3점으로 제한 적용(보정 +0점). 2027년 미래 기상값은 생성하거나 가정하지 않았습니다.",전망자료 부족,,,0.0,—,기상근거 부족,0,ASOS 공통 조사월 0개에서 기온·습도·강수·풍속의 관측 연관성을 추세 연장분에만 최대 ±3점으로 제한 적용(보정 +0점). 2027년 미래 기상값은 생성하거나 가정하지 않았습니다.,F27-WX1 설명가능 완화추세,"2024·2026 관측자료와 ASOS 공통 조사월의 연관성을 이용한 상대 위험 전망입니다. 2026년은 부분연도이며, 2027년 실제 기상·발생·확률을 확정하지 않습니다."
논벼,벼애나방,해충,경상남도,,0.0,,전망자료 부족,낮음,24,2026,"양년 자료 없음, 공통 조사단위 0개, 유효 관측 24건, 결측률 0.0%, 단위별 변화 변동성 100.0점. 제한된 비교 단위 또는 변동성 때문에 보수적으로 낮게 평가합니다. 2024·2026 두 개 연도의 NCPMS 예찰자료만 사용한 상대 위험 전망으로, 기상·재배면적·방제 변화와 2027년 실제 발생을 확정하지 않습니다. ASOS 공통 조사월 0개에서 기온·습도·강수·풍속의 관측 연관성을 추세 연장분에만 최대 ±3점으로 제한 적용(보정 +0점). 2027년 미래 기상값은 생성하거나 가정하지 않았습니다.",전망자료 부족,,,0.0,—,기상근거 부족,0,ASOS 공통 조사월 0개에서 기온·습도·강수·풍속의 관측 연관성을 추세 연장분에만 최대 ±3점으로 제한 적용(보정 +0점). 2027년 미래 기상값은 생성하거나 가정하지 않았습니다.,F27-WX1 설명가능 완화추세,"2024·2026 관측자료와 ASOS 공통 조사월의 연관성을 이용한 상대 위험 전망입니다. 2026년은 부분연도이며, 2027년 실제 기상·발생·확률을 확정하지 않습니다."
논벼,벼애나방,해충,경상북도,,0.0,,전망자료 부족,낮음,24,2026,"양년 자료 없음, 공통 조사단위 0개, 유효 관측 24건, 결측률 0.0%, 단위별 변화 변동성 100.0점. 제한된 비교 단위 또는 변동성 때문에 보수적으로 낮게 평가합니다. 2024·2026 두 개 연도의 NCPMS 예찰자료만 사용한 상대 위험 전망으로, 기상·재배면적·방제 변화와 2027년 실제 발생을 확정하지 않습니다. ASOS 공통 조사월 0개에서 기온·습도·강수·풍속의 관측 연관성을 추세 연장분에만 최대 ±3점으로 제한 적용(보정 +0점). 2027년 미래 기상값은 생성하거나 가정하지 않았습니다.",전망자료 부족,,,0.0,—,기상근거 부족,0,ASOS 공통 조사월 0개에서 기온·습도·강수·풍속의 관측 연관성을 추세 연장분에만 최대 ±3점으로 제한 적용(보정 +0점). 2027년 미래 기상값은 생성하거나 가정하지 않았습니다.,F27-WX1 설명가능 완화추세,"2024·2026 관측자료와 ASOS 공통 조사월의 연관성을 이용한 상대 위험 전망입니다. 2026년은 부분연도이며, 2027년 실제 기상·발생·확률을 확정하지 않습니다."
논벼,벼애나방,해충,대구광역시,,0.0,,전망자료 부족,낮음,24,2026,"양년 자료 없음, 공통 조사단위 0개, 유효 관측 24건, 결측률 0.0%, 단위별 변화 변동성 100.0점. 제한된 비교 단위 또는 변동성 때문에 보수적으로 낮게 평가합니다. 2024·2026 두 개 연도의 NCPMS 예찰자료만 사용한 상대 위험 전망으로, 기상·재배면적·방제 변화와 2027년 실제 발생을 확정하지 않습니다. ASOS 공통 조사월 0개에서 기온·습도·강수·풍속의 관측 연관성을 추세 연장분에만 최대 ±3점으로 제한 적용(보정 +0점). 2027년 미래 기상값은 생성하거나 가정하지 않았습니다.",전망자료 부족,,,0.0,—,기상근거 부족,0,ASOS 공통 조사월 0개에서 기온·습도·강수·풍속의 관측 연관성을 추세 연장분에만 최대 ±3점으로 제한 적용(보정 +0점). 2027년 미래 기상값은 생성하거나 가정하지 않았습니다.,F27-WX1 설명가능 완화추세,"2024·2026 관측자료와 ASOS 공통 조사월의 연관성을 이용한 상대 위험 전망입니다. 2026년은 부분연도이며, 2027년 실제 기상·발생·확률을 확정하지 않습니다."
논벼,벼애나방,해충,대전광역시,,0.0,,전망자료 부족,낮음,24,2026,"양년 자료 없음, 공통 조사단위 0개, 유효 관측 24건, 결측률 0.0%, 단위별 변화 변동성 100.0점. 제한된 비교 단위 또는 변동성 때문에 보수적으로 낮게 평가합니다. 2024·2026 두 개 연도의 NCPMS 예찰자료만 사용한 상대 위험 전망으로, 기상·재배면적·방제 변화와 2027년 실제 발생을 확정하지 않습니다. ASOS 공통 조사월 0개에서 기온·습도·강수·풍속의 관측 연관성을 추세 연장분에만 최대 ±3점으로 제한 적용(보정 +0점). 2027년 미래 기상값은 생성하거나 가정하지 않았습니다.",전망자료 부족,,,0.0,—,기상근거 부족,0,ASOS 공통 조사월 0개에서 기온·습도·강수·풍속의 관측 연관성을 추세 연장분에만 최대 ±3점으로 제한 적용(보정 +0점). 2027년 미래 기상값은 생성하거나 가정하지 않았습니다.,F27-WX1 설명가능 완화추세,"2024·2026 관측자료와 ASOS 공통 조사월의 연관성을 이용한 상대 위험 전망입니다. 2026년은 부분연도이며, 2027년 실제 기상·발생·확률을 확정하지 않습니다."
논벼,벼애나방,해충,부산광역시,,0.0,,전망자료 부족,낮음,24,2026,"양년 자료 없음, 공통 조사단위 0개, 유효 관측 24건, 결측률 0.0%, 단위별 변화 변동성 100.0점. 제한된 비교 단위 또는 변동성 때문에 보수적으로 낮게 평가합니다. 2024·2026 두 개 연도의 NCPMS 예찰자료만 사용한 상대 위험 전망으로, 기상·재배면적·방제 변화와 2027년 실제 발생을 확정하지 않습니다. ASOS 공통 조사월 0개에서 기온·습도·강수·풍속의 관측 연관성을 추세 연장분에만 최대 ±3점으로 제한 적용(보정 +0점). 2027년 미래 기상값은 생성하거나 가정하지 않았습니다.",전망자료 부족,,,0.0,—,기상근거 부족,0,ASOS 공통 조사월 0개에서 기온·습도·강수·풍속의 관측 연관성을 추세 연장분에만 최대 ±3점으로 제한 적용(보정 +0점). 2027년 미래 기상값은 생성하거나 가정하지 않았습니다.,F27-WX1 설명가능 완화추세,"2024·2026 관측자료와 ASOS 공통 조사월의 연관성을 이용한 상대 위험 전망입니다. 2026년은 부분연도이며, 2027년 실제 기상·발생·확률을 확정하지 않습니다."
논벼,벼애나방,해충,세종특별자치시,,0.0,,전망자료 부족,낮음,20,2026,"양년 자료 없음, 공통 조사단위 0개, 유효 관측 20건, 결측률 0.0%, 단위별 변화 변동성 100.0점. 제한된 비교 단위 또는 변동성 때문에 보수적으로 낮게 평가합니다. 2024·2026 두 개 연도의 NCPMS 예찰자료만 사용한 상대 위험 전망으로, 기상·재배면적·방제 변화와 2027년 실제 발생을 확정하지 않습니다. ASOS 공통 조사월 0개에서 기온·습도·강수·풍속의 관측 연관성을 추세 연장분에만 최대 ±3점으로 제한 적용(보정 +0점). 2027년 미래 기상값은 생성하거나 가정하지 않았습니다.",전망자료 부족,,,0.0,—,기상근거 부족,0,ASOS 공통 조사월 0개에서 기온·습도·강수·풍속의 관측 연관성을 추세 연장분에만 최대 ±3점으로 제한 적용(보정 +0점). 2027년 미래 기상값은 생성하거나 가정하지 않았습니다.,F27-WX1 설명가능 완화추세,"2024·2026 관측자료와 ASOS 공통 조사월의 연관성을 이용한 상대 위험 전망입니다. 2026년은 부분연도이며, 2027년 실제 기상·발생·확률을 확정하지 않습니다."
논벼,벼애나방,해충,울산광역시,,0.0,,전망자료 부족,낮음,24,2026,"양년 자료 없음, 공통 조사단위 0개, 유효 관측 24건, 결측률 0.0%, 단위별 변화 변동성 100.0점. 제한된 비교 단위 또는 변동성 때문에 보수적으로 낮게 평가합니다. 2024·2026 두 개 연도의 NCPMS 예찰자료만 사용한 상대 위험 전망으로, 기상·재배면적·방제 변화와 2027년 실제 발생을 확정하지 않습니다. ASOS 공통 조사월 0개에서 기온·습도·강수·풍속의 관측 연관성을 추세 연장분에만 최대 ±3점으로 제한 적용(보정 +0점). 2027년 미래 기상값은 생성하거나 가정하지 않았습니다.",전망자료 부족,,,0.0,—,기상근거 부족,0,ASOS 공통 조사월 0개에서 기온·습도·강수·풍속의 관측 연관성을 추세 연장분에만 최대 ±3점으로 제한 적용(보정 +0점). 2027년 미래 기상값은 생성하거나 가정하지 않았습니다.,F27-WX1 설명가능 완화추세,"2024·2026 관측자료와 ASOS 공통 조사월의 연관성을 이용한 상대 위험 전망입니다. 2026년은 부분연도이며, 2027년 실제 기상·발생·확률을 확정하지 않습니다."
논벼,벼애나방,해충,인천광역시,,0.0,,전망자료 부족,낮음,24,2026,"양년 자료 없음, 공통 조사단위 0개, 유효 관측 24건, 결측률 0.0%, 단위별 변화 변동성 100.0점. 제한된 비교 단위 또는 변동성 때문에 보수적으로 낮게 평가합니다. 2024·2026 두 개 연도의 NCPMS 예찰자료만 사용한 상대 위험 전망으로, 기상·재배면적·방제 변화와 2027년 실제 발생을 확정하지 않습니다. ASOS 공통 조사월 0개에서 기온·습도·강수·풍속의 관측 연관성을 추세 연장분에만 최대 ±3점으로 제한 적용(보정 +0점). 2027년 미래 기상값은 생성하거나 가정하지 않았습니다.",전망자료 부족,,,0.0,—,기상근거 부족,0,ASOS 공통 조사월 0개에서 기온·습도·강수·풍속의 관측 연관성을 추세 연장분에만 최대 ±3점으로 제한 적용(보정 +0점). 2027년 미래 기상값은 생성하거나 가정하지 않았습니다.,F27-WX1 설명가능 완화추세,"2024·2026 관측자료와 ASOS 공통 조사월의 연관성을 이용한 상대 위험 전망입니다. 2026년은 부분연도이며, 2027년 실제 기상·발생·확률을 확정하지 않습니다."
논벼,벼애나방,해충,전남광주통합특별시,,0.0,,전망자료 부족,낮음,24,2026,"양년 자료 없음, 공통 조사단위 0개, 유효 관측 24건, 결측률 0.0%, 단위별 변화 변동성 100.0점. 제한된 비교 단위 또는 변동성 때문에 보수적으로 낮게 평가합니다. 2024·2026 두 개 연도의 NCPMS 예찰자료만 사용한 상대 위험 전망으로, 기상·재배면적·방제 변화와 2027년 실제 발생을 확정하지 않습니다. ASOS 공통 조사월 0개에서 기온·습도·강수·풍속의 관측 연관성을 추세 연장분에만 최대 ±3점으로 제한 적용(보정 +0점). 2027년 미래 기상값은 생성하거나 가정하지 않았습니다.",전망자료 부족,,,0.0,—,기상근거 부족,0,ASOS 공통 조사월 0개에서 기온·습도·강수·풍속의 관측 연관성을 추세 연장분에만 최대 ±3점으로 제한 적용(보정 +0점). 2027년 미래 기상값은 생성하거나 가정하지 않았습니다.,F27-WX1 설명가능 완화추세,"2024·2026 관측자료와 ASOS 공통 조사월의 연관성을 이용한 상대 위험 전망입니다. 2026년은 부분연도이며, 2027년 실제 기상·발생·확률을 확정하지 않습니다."
논벼,벼애나방,해충,전북특별자치도,,0.0,,전망자료 부족,낮음,24,2026,"양년 자료 없음, 공통 조사단위 0개, 유효 관측 24건, 결측률 0.0%, 단위별 변화 변동성 100.0점. 제한된 비교 단위 또는 변동성 때문에 보수적으로 낮게 평가합니다. 2024·2026 두 개 연도의 NCPMS 예찰자료만 사용한 상대 위험 전망으로, 기상·재배면적·방제 변화와 2027년 실제 발생을 확정하지 않습니다. ASOS 공통 조사월 0개에서 기온·습도·강수·풍속의 관측 연관성을 추세 연장분에만 최대 ±3점으로 제한 적용(보정 +0점). 2027년 미래 기상값은 생성하거나 가정하지 않았습니다.",전망자료 부족,,,0.0,—,기상근거 부족,0,ASOS 공통 조사월 0개에서 기온·습도·강수·풍속의 관측 연관성을 추세 연장분에만 최대 ±3점으로 제한 적용(보정 +0점). 2027년 미래 기상값은 생성하거나 가정하지 않았습니다.,F27-WX1 설명가능 완화추세,"2024·2026 관측자료와 ASOS 공통 조사월의 연관성을 이용한 상대 위험 전망입니다. 2026년은 부분연도이며, 2027년 실제 기상·발생·확률을 확정하지 않습니다."
논벼,벼애나방,해충,충청남도,,0.0,,전망자료 부족,낮음,24,2026,"양년 자료 없음, 공통 조사단위 0개, 유효 관측 24건, 결측률 0.0%, 단위별 변화 변동성 100.0점. 제한된 비교 단위 또는 변동성 때문에 보수적으로 낮게 평가합니다. 2024·2026 두 개 연도의 NCPMS 예찰자료만 사용한 상대 위험 전망으로, 기상·재배면적·방제 변화와 2027년 실제 발생을 확정하지 않습니다. ASOS 공통 조사월 0개에서 기온·습도·강수·풍속의 관측 연관성을 추세 연장분에만 최대 ±3점으로 제한 적용(보정 +0점). 2027년 미래 기상값은 생성하거나 가정하지 않았습니다.",전망자료 부족,,,0.0,—,기상근거 부족,0,ASOS 공통 조사월 0개에서 기온·습도·강수·풍속의 관측 연관성을 추세 연장분에만 최대 ±3점으로 제한 적용(보정 +0점). 2027년 미래 기상값은 생성하거나 가정하지 않았습니다.,F27-WX1 설명가능 완화추세,"2024·2026 관측자료와 ASOS 공통 조사월의 연관성을 이용한 상대 위험 전망입니다. 2026년은 부분연도이며, 2027년 실제 기상·발생·확률을 확정하지 않습니다."
논벼,벼애나방,해충,충청북도,,0.0,,전망자료 부족,낮음,28,2026,"양년 자료 없음, 공통 조사단위 0개, 유효 관측 28건, 결측률 0.0%, 단위별 변화 변동성 100.0점. 제한된 비교 단위 또는 변동성 때문에 보수적으로 낮게 평가합니다. 2024·2026 두 개 연도의 NCPMS 예찰자료만 사용한 상대 위험 전망으로, 기상·재배면적·방제 변화와 2027년 실제 발생을 확정하지 않습니다. ASOS 공통 조사월 0개에서 기온·습도·강수·풍속의 관측 연관성을 추세 연장분에만 최대 ±3점으로 제한 적용(보정 +0점). 2027년 미래 기상값은 생성하거나 가정하지 않았습니다.",전망자료 부족,,,0.0,—,기상근거 부족,0,ASOS 공통 조사월 0개에서 기온·습도·강수·풍속의 관측 연관성을 추세 연장분에만 최대 ±3점으로 제한 적용(보정 +0점). 2027년 미래 기상값은 생성하거나 가정하지 않았습니다.,F27-WX1 설명가능 완화추세,"2024·2026 관측자료와 ASOS 공통 조사월의 연관성을 이용한 상대 위험 전망입니다. 2026년은 부분연도이며, 2027년 실제 기상·발생·확률을 확정하지 않습니다."
논벼,벼애잎굴파리,해충,강원특별자치도,97.0,0.0,0,유지,보통,32,2024·2026,"기준선 비교: 2026 유지 0.0점, 2024·2026 가중평균 34.0점, 선택 모델(완화 추세+표본 축소) 0.0점. 지역 변화 -97.1점을 표본가중치 0.73로 같은 병해충·작물의 지역 중앙 변화 +0.0점 방향에 축소하고, 1년 연장 변화는 ±20점으로 제한했습니다. 양년 자료 있음, 공통 조사단위 2개, 유효 관측 32건, 결측률 0.0%, 단위별 변화 변동성 2.9점. 비교는 가능하지만 표본 또는 변동성에 불확실성이 남습니다. 2024·2026 두 개 연도의 NCPMS 예찰자료만 사용한 상대 위험 전망으로, 기상·재배면적·방제 변화와 2027년 실제 발생을 확정하지 않습니다. ASOS 공통 조사월 1개에서 기온·습도·강수·풍속의 관측 연관성을 추세 연장분에만 최대 ±3점으로 제한 적용(보정 +0점). 2027년 미래 기상값은 생성하거나 가정하지 않았습니다.",관찰,0,0,0.1182,기온,기상 연관성 참고,1,ASOS 공통 조사월 1개에서 기온·습도·강수·풍속의 관측 연관성을 추세 연장분에만 최대 ±3점으로 제한 적용(보정 +0점). 2027년 미래 기상값은 생성하거나 가정하지 않았습니다.,F27-WX1 설명가능 완화추세,"2024·2026 관측자료와 ASOS 공통 조사월의 연관성을 이용한 상대 위험 전망입니다. 2026년은 부분연도이며, 2027년 실제 기상·발생·확률을 확정하지 않습니다."
논벼,벼애잎굴파리,해충,경기도,5.0,0.0,0,유지,보통,36,2024·2026,"기준선 비교: 2026 유지 0.0점, 2024·2026 가중평균 1.9점, 선택 모델(완화 추세+표본 축소) 0.0점. 지역 변화 -5.4점을 표본가중치 0.75로 같은 병해충·작물의 지역 중앙 변화 +0.0점 방향에 축소하고, 1년 연장 변화는 ±20점으로 제한했습니다. 양년 자료 있음, 공통 조사단위 2개, 유효 관측 36건, 결측률 0.0%, 단위별 변화 변동성 5.4점. 비교는 가능하지만 표본 또는 변동성에 불확실성이 남습니다. 2024·2026 두 개 연도의 NCPMS 예찰자료만 사용한 상대 위험 전망으로, 기상·재배면적·방제 변화와 2027년 실제 발생을 확정하지 않습니다. ASOS 공통 조사월 1개에서 기온·습도·강수·풍속의 관측 연관성을 추세 연장분에만 최대 ±3점으로 제한 적용(보정 +0점). 2027년 미래 기상값은 생성하거나 가정하지 않았습니다.",관찰,0,0,0.0175,기온,기상 연관성 참고,1,ASOS 공통 조사월 1개에서 기온·습도·강수·풍속의 관측 연관성을 추세 연장분에만 최대 ±3점으로 제한 적용(보정 +0점). 2027년 미래 기상값은 생성하거나 가정하지 않았습니다.,F27-WX1 설명가능 완화추세,"2024·2026 관측자료와 ASOS 공통 조사월의 연관성을 이용한 상대 위험 전망입니다. 2026년은 부분연도이며, 2027년 실제 기상·발생·확률을 확정하지 않습니다."
논벼,벼애잎굴파리,해충,경상남도,3.0,0.0,0,유지,보통,32,2024·2026,"기준선 비교: 2026 유지 0.0점, 2024·2026 가중평균 1.1점, 선택 모델(완화 추세+표본 축소) 0.0점. 지역 변화 -3.2점을 표본가중치 0.73로 같은 병해충·작물의 지역 중앙 변화 +0.0점 방향에 축소하고, 1년 연장 변화는 ±20점으로 제한했습니다. 양년 자료 있음, 공통 조사단위 2개, 유효 관측 32건, 결측률 0.0%, 단위별 변화 변동성 2.2점. 비교는 가능하지만 표본 또는 변동성에 불확실성이 남습니다. 2024·2026 두 개 연도의 NCPMS 예찰자료만 사용한 상대 위험 전망으로, 기상·재배면적·방제 변화와 2027년 실제 발생을 확정하지 않습니다. ASOS 공통 조사월 1개에서 기온·습도·강수·풍속의 관측 연관성을 추세 연장분에만 최대 ±3점으로 제한 적용(보정 +0점). 2027년 미래 기상값은 생성하거나 가정하지 않았습니다.",관찰,0,0,0.0425,기온,기상 연관성 참고,1,ASOS 공통 조사월 1개에서 기온·습도·강수·풍속의 관측 연관성을 추세 연장분에만 최대 ±3점으로 제한 적용(보정 +0점). 2027년 미래 기상값은 생성하거나 가정하지 않았습니다.,F27-WX1 설명가능 완화추세,"2024·2026 관측자료와 ASOS 공통 조사월의 연관성을 이용한 상대 위험 전망입니다. 2026년은 부분연도이며, 2027년 실제 기상·발생·확률을 확정하지 않습니다."
논벼,벼애잎굴파리,해충,경상북도,0.0,17.0,21,유지,낮음,32,2024·2026,"기준선 비교: 2026 유지 16.7점, 2024·2026 가중평균 10.8점, 선택 모델(완화 추세+표본 축소) 20.9점. 지역 변화 +16.7점을 표본가중치 0.73로 같은 병해충·작물의 지역 중앙 변화 +0.0점 방향에 축소하고, 1년 연장 변화는 ±20점으로 제한했습니다. 양년 자료 있음, 공통 조사단위 2개, 유효 관측 32건, 결측률 0.0%, 단위별 변화 변동성 50.0점. 제한된 비교 단위 또는 변동성 때문에 보수적으로 낮게 평가합니다. 2024·2026 두 개 연도의 NCPMS 예찰자료만 사용한 상대 위험 전망으로, 기상·재배면적·방제 변화와 2027년 실제 발생을 확정하지 않습니다. ASOS 공통 조사월 1개에서 기온·습도·강수·풍속의 관측 연관성을 추세 연장분에만 최대 ±3점으로 제한 적용(보정 +0점). 2027년 미래 기상값은 생성하거나 가정하지 않았습니다.",관찰,21,0,0.0759,기온,기상 연관성 참고,1,ASOS 공통 조사월 1개에서 기온·습도·강수·풍속의 관측 연관성을 추세 연장분에만 최대 ±3점으로 제한 적용(보정 +0점). 2027년 미래 기상값은 생성하거나 가정하지 않았습니다.,F27-WX1 설명가능 완화추세,"2024·2026 관측자료와 ASOS 공통 조사월의 연관성을 이용한 상대 위험 전망입니다. 2026년은 부분연도이며, 2027년 실제 기상·발생·확률을 확정하지 않습니다."
논벼,벼애잎굴파리,해충,대구광역시,0.0,0.0,0,유지,보통,32,2024·2026,"기준선 비교: 2026 유지 0.0점, 2024·2026 가중평균 0.0점, 선택 모델(완화 추세+표본 축소) 0.0점. 지역 변화 +0.0점을 표본가중치 0.73로 같은 병해충·작물의 지역 중앙 변화 +0.0점 방향에 축소하고, 1년 연장 변화는 ±20점으로 제한했습니다. 양년 자료 있음, 공통 조사단위 2개, 유효 관측 32건, 결측률 0.0%, 단위별 변화 변동성 0.0점. 비교는 가능하지만 표본 또는 변동성에 불확실성이 남습니다. 2024·2026 두 개 연도의 NCPMS 예찰자료만 사용한 상대 위험 전망으로, 기상·재배면적·방제 변화와 2027년 실제 발생을 확정하지 않습니다. ASOS 공통 조사월 1개에서 기온·습도·강수·풍속의 관측 연관성을 추세 연장분에만 최대 ±3점으로 제한 적용(보정 +0점). 2027년 미래 기상값은 생성하거나 가정하지 않았습니다.",관찰,0,0,0.103,기온,기상 연관성 참고,1,ASOS 공통 조사월 1개에서 기온·습도·강수·풍속의 관측 연관성을 추세 연장분에만 최대 ±3점으로 제한 적용(보정 +0점). 2027년 미래 기상값은 생성하거나 가정하지 않았습니다.,F27-WX1 설명가능 완화추세,"2024·2026 관측자료와 ASOS 공통 조사월의 연관성을 이용한 상대 위험 전망입니다. 2026년은 부분연도이며, 2027년 실제 기상·발생·확률을 확정하지 않습니다."
논벼,벼애잎굴파리,해충,대전광역시,0.0,0.0,0,유지,보통,32,2024·2026,"기준선 비교: 2026 유지 0.0점, 2024·2026 가중평균 0.0점, 선택 모델(완화 추세+표본 축소) 0.0점. 지역 변화 +0.0점을 표본가중치 0.73로 같은 병해충·작물의 지역 중앙 변화 +0.0점 방향에 축소하고, 1년 연장 변화는 ±20점으로 제한했습니다. 양년 자료 있음, 공통 조사단위 2개, 유효 관측 32건, 결측률 0.0%, 단위별 변화 변동성 0.0점. 비교는 가능하지만 표본 또는 변동성에 불확실성이 남습니다. 2024·2026 두 개 연도의 NCPMS 예찰자료만 사용한 상대 위험 전망으로, 기상·재배면적·방제 변화와 2027년 실제 발생을 확정하지 않습니다. ASOS 공통 조사월 1개에서 기온·습도·강수·풍속의 관측 연관성을 추세 연장분에만 최대 ±3점으로 제한 적용(보정 +0점). 2027년 미래 기상값은 생성하거나 가정하지 않았습니다.",관찰,0,0,0.0259,기온,기상 연관성 참고,1,ASOS 공통 조사월 1개에서 기온·습도·강수·풍속의 관측 연관성을 추세 연장분에만 최대 ±3점으로 제한 적용(보정 +0점). 2027년 미래 기상값은 생성하거나 가정하지 않았습니다.,F27-WX1 설명가능 완화추세,"2024·2026 관측자료와 ASOS 공통 조사월의 연관성을 이용한 상대 위험 전망입니다. 2026년은 부분연도이며, 2027년 실제 기상·발생·확률을 확정하지 않습니다."
논벼,벼애잎굴파리,해충,부산광역시,0.0,0.0,0,유지,보통,32,2024·2026,"기준선 비교: 2026 유지 0.0점, 2024·2026 가중평균 0.0점, 선택 모델(완화 추세+표본 축소) 0.0점. 지역 변화 +0.0점을 표본가중치 0.73로 같은 병해충·작물의 지역 중앙 변화 +0.0점 방향에 축소하고, 1년 연장 변화는 ±20점으로 제한했습니다. 양년 자료 있음, 공통 조사단위 2개, 유효 관측 32건, 결측률 0.0%, 단위별 변화 변동성 0.0점. 비교는 가능하지만 표본 또는 변동성에 불확실성이 남습니다. 2024·2026 두 개 연도의 NCPMS 예찰자료만 사용한 상대 위험 전망으로, 기상·재배면적·방제 변화와 2027년 실제 발생을 확정하지 않습니다. ASOS 공통 조사월 1개에서 기온·습도·강수·풍속의 관측 연관성을 추세 연장분에만 최대 ±3점으로 제한 적용(보정 +0점). 2027년 미래 기상값은 생성하거나 가정하지 않았습니다.",관찰,0,0,0.0151,기온,기상 연관성 참고,1,ASOS 공통 조사월 1개에서 기온·습도·강수·풍속의 관측 연관성을 추세 연장분에만 최대 ±3점으로 제한 적용(보정 +0점). 2027년 미래 기상값은 생성하거나 가정하지 않았습니다.,F27-WX1 설명가능 완화추세,"2024·2026 관측자료와 ASOS 공통 조사월의 연관성을 이용한 상대 위험 전망입니다. 2026년은 부분연도이며, 2027년 실제 기상·발생·확률을 확정하지 않습니다."
논벼,벼애잎굴파리,해충,세종특별자치시,0.0,0.0,0,유지,보통,28,2024·2026,"기준선 비교: 2026 유지 0.0점, 2024·2026 가중평균 0.0점, 선택 모델(완화 추세+표본 축소) 0.0점. 지역 변화 +0.0점을 표본가중치 0.70로 같은 병해충·작물의 지역 중앙 변화 +0.0점 방향에 축소하고, 1년 연장 변화는 ±20점으로 제한했습니다. 양년 자료 있음, 공통 조사단위 2개, 유효 관측 28건, 결측률 0.0%, 단위별 변화 변동성 0.0점. 비교는 가능하지만 표본 또는 변동성에 불확실성이 남습니다. 2024·2026 두 개 연도의 NCPMS 예찰자료만 사용한 상대 위험 전망으로, 기상·재배면적·방제 변화와 2027년 실제 발생을 확정하지 않습니다. ASOS 공통 조사월 1개에서 기온·습도·강수·풍속의 관측 연관성을 추세 연장분에만 최대 ±3점으로 제한 적용(보정 +0점). 2027년 미래 기상값은 생성하거나 가정하지 않았습니다.",관찰,0,0,0.0313,기온,기상 연관성 참고,1,ASOS 공통 조사월 1개에서 기온·습도·강수·풍속의 관측 연관성을 추세 연장분에만 최대 ±3점으로 제한 적용(보정 +0점). 2027년 미래 기상값은 생성하거나 가정하지 않았습니다.,F27-WX1 설명가능 완화추세,"2024·2026 관측자료와 ASOS 공통 조사월의 연관성을 이용한 상대 위험 전망입니다. 2026년은 부분연도이며, 2027년 실제 기상·발생·확률을 확정하지 않습니다."
논벼,벼애잎굴파리,해충,울산광역시,0.0,0.0,0,유지,보통,32,2024·2026,"기준선 비교: 2026 유지 0.0점, 2024·2026 가중평균 0.0점, 선택 모델(완화 추세+표본 축소) 0.0점. 지역 변화 +0.0점을 표본가중치 0.73로 같은 병해충·작물의 지역 중앙 변화 +0.0점 방향에 축소하고, 1년 연장 변화는 ±20점으로 제한했습니다. 양년 자료 있음, 공통 조사단위 2개, 유효 관측 32건, 결측률 0.0%, 단위별 변화 변동성 0.0점. 비교는 가능하지만 표본 또는 변동성에 불확실성이 남습니다. 2024·2026 두 개 연도의 NCPMS 예찰자료만 사용한 상대 위험 전망으로, 기상·재배면적·방제 변화와 2027년 실제 발생을 확정하지 않습니다. ASOS 공통 조사월 1개에서 기온·습도·강수·풍속의 관측 연관성을 추세 연장분에만 최대 ±3점으로 제한 적용(보정 +0점). 2027년 미래 기상값은 생성하거나 가정하지 않았습니다.",관찰,0,0,0.0838,기온,기상 연관성 참고,1,ASOS 공통 조사월 1개에서 기온·습도·강수·풍속의 관측 연관성을 추세 연장분에만 최대 ±3점으로 제한 적용(보정 +0점). 2027년 미래 기상값은 생성하거나 가정하지 않았습니다.,F27-WX1 설명가능 완화추세,"2024·2026 관측자료와 ASOS 공통 조사월의 연관성을 이용한 상대 위험 전망입니다. 2026년은 부분연도이며, 2027년 실제 기상·발생·확률을 확정하지 않습니다."
논벼,벼애잎굴파리,해충,인천광역시,26.0,0.0,0,유지,보통,32,2024·2026,"기준선 비교: 2026 유지 0.0점, 2024·2026 가중평균 9.2점, 선택 모델(완화 추세+표본 축소) 0.0점. 지역 변화 -26.2점을 표본가중치 0.73로 같은 병해충·작물의 지역 중앙 변화 +0.0점 방향에 축소하고, 1년 연장 변화는 ±20점으로 제한했습니다. 양년 자료 있음, 공통 조사단위 2개, 유효 관측 32건, 결측률 0.0%, 단위별 변화 변동성 26.2점. 비교는 가능하지만 표본 또는 변동성에 불확실성이 남습니다. 2024·2026 두 개 연도의 NCPMS 예찰자료만 사용한 상대 위험 전망으로, 기상·재배면적·방제 변화와 2027년 실제 발생을 확정하지 않습니다. ASOS 공통 조사월 1개에서 기온·습도·강수·풍속의 관측 연관성을 추세 연장분에만 최대 ±3점으로 제한 적용(보정 +0점). 2027년 미래 기상값은 생성하거나 가정하지 않았습니다.",관찰,0,0,0.0125,기온,기상 연관성 참고,1,ASOS 공통 조사월 1개에서 기온·습도·강수·풍속의 관측 연관성을 추세 연장분에만 최대 ±3점으로 제한 적용(보정 +0점). 2027년 미래 기상값은 생성하거나 가정하지 않았습니다.,F27-WX1 설명가능 완화추세,"2024·2026 관측자료와 ASOS 공통 조사월의 연관성을 이용한 상대 위험 전망입니다. 2026년은 부분연도이며, 2027년 실제 기상·발생·확률을 확정하지 않습니다."
논벼,벼애잎굴파리,해충,전남광주통합특별시,5.0,17.0,20,유지,보통,32,2024·2026,"기준선 비교: 2026 유지 16.7점, 2024·2026 가중평균 12.6점, 선택 모델(완화 추세+표본 축소) 19.6점. 지역 변화 +11.5점을 표본가중치 0.73로 같은 병해충·작물의 지역 중앙 변화 +0.0점 방향에 축소하고, 1년 연장 변화는 ±20점으로 제한했습니다. 양년 자료 있음, 공통 조사단위 2개, 유효 관측 32건, 결측률 0.0%, 단위별 변화 변동성 5.2점. 비교는 가능하지만 표본 또는 변동성에 불확실성이 남습니다. 2024·2026 두 개 연도의 NCPMS 예찰자료만 사용한 상대 위험 전망으로, 기상·재배면적·방제 변화와 2027년 실제 발생을 확정하지 않습니다. ASOS 공통 조사월 1개에서 기온·습도·강수·풍속의 관측 연관성을 추세 연장분에만 최대 ±3점으로 제한 적용(보정 +0점). 2027년 미래 기상값은 생성하거나 가정하지 않았습니다.",관찰,20,0,0.0114,기온,기상 연관성 참고,1,ASOS 공통 조사월 1개에서 기온·습도·강수·풍속의 관측 연관성을 추세 연장분에만 최대 ±3점으로 제한 적용(보정 +0점). 2027년 미래 기상값은 생성하거나 가정하지 않았습니다.,F27-WX1 설명가능 완화추세,"2024·2026 관측자료와 ASOS 공통 조사월의 연관성을 이용한 상대 위험 전망입니다. 2026년은 부분연도이며, 2027년 실제 기상·발생·확률을 확정하지 않습니다."
논벼,벼애잎굴파리,해충,전북특별자치도,0.0,0.0,0,유지,보통,32,2024·2026,"기준선 비교: 2026 유지 0.0점, 2024·2026 가중평균 0.0점, 선택 모델(완화 추세+표본 축소) 0.0점. 지역 변화 +0.0점을 표본가중치 0.73로 같은 병해충·작물의 지역 중앙 변화 +0.0점 방향에 축소하고, 1년 연장 변화는 ±20점으로 제한했습니다. 양년 자료 있음, 공통 조사단위 2개, 유효 관측 32건, 결측률 0.0%, 단위별 변화 변동성 0.0점. 비교는 가능하지만 표본 또는 변동성에 불확실성이 남습니다. 2024·2026 두 개 연도의 NCPMS 예찰자료만 사용한 상대 위험 전망으로, 기상·재배면적·방제 변화와 2027년 실제 발생을 확정하지 않습니다. ASOS 공통 조사월 1개에서 기온·습도·강수·풍속의 관측 연관성을 추세 연장분에만 최대 ±3점으로 제한 적용(보정 +0점). 2027년 미래 기상값은 생성하거나 가정하지 않았습니다.",관찰,0,0,0.0133,기온,기상 연관성 참고,1,ASOS 공통 조사월 1개에서 기온·습도·강수·풍속의 관측 연관성을 추세 연장분에만 최대 ±3점으로 제한 적용(보정 +0점). 2027년 미래 기상값은 생성하거나 가정하지 않았습니다.,F27-WX1 설명가능 완화추세,"2024·2026 관측자료와 ASOS 공통 조사월의 연관성을 이용한 상대 위험 전망입니다. 2026년은 부분연도이며, 2027년 실제 기상·발생·확률을 확정하지 않습니다."
논벼,벼애잎굴파리,해충,충청남도,49.0,17.0,9,감소,보통,32,2024·2026,"기준선 비교: 2026 유지 17.2점, 2024·2026 가중평균 28.5점, 선택 모델(완화 추세+표본 축소) 9.0점. 지역 변화 -32.3점을 표본가중치 0.73로 같은 병해충·작물의 지역 중앙 변화 +0.0점 방향에 축소하고, 1년 연장 변화는 ±20점으로 제한했습니다. 양년 자료 있음, 공통 조사단위 2개, 유효 관측 32건, 결측률 0.0%, 단위별 변화 변동성 8.6점. 비교는 가능하지만 표본 또는 변동성에 불확실성이 남습니다. 2024·2026 두 개 연도의 NCPMS 예찰자료만 사용한 상대 위험 전망으로, 기상·재배면적·방제 변화와 2027년 실제 발생을 확정하지 않습니다. ASOS 공통 조사월 1개에서 기온·습도·강수·풍속의 관측 연관성을 추세 연장분에만 최대 ±3점으로 제한 적용(보정 +0점). 2027년 미래 기상값은 생성하거나 가정하지 않았습니다.",관찰,9,0,-0.0014,기온,기상 연관성 참고,1,ASOS 공통 조사월 1개에서 기온·습도·강수·풍속의 관측 연관성을 추세 연장분에만 최대 ±3점으로 제한 적용(보정 +0점). 2027년 미래 기상값은 생성하거나 가정하지 않았습니다.,F27-WX1 설명가능 완화추세,"2024·2026 관측자료와 ASOS 공통 조사월의 연관성을 이용한 상대 위험 전망입니다. 2026년은 부분연도이며, 2027년 실제 기상·발생·확률을 확정하지 않습니다."
논벼,벼애잎굴파리,해충,충청북도,0.0,0.0,0,유지,보통,36,2024·2026,"기준선 비교: 2026 유지 0.0점, 2024·2026 가중평균 0.0점, 선택 모델(완화 추세+표본 축소) 0.0점. 지역 변화 +0.0점을 표본가중치 0.75로 같은 병해충·작물의 지역 중앙 변화 +0.0점 방향에 축소하고, 1년 연장 변화는 ±20점으로 제한했습니다. 양년 자료 있음, 공통 조사단위 2개, 유효 관측 36건, 결측률 0.0%, 단위별 변화 변동성 0.0점. 비교는 가능하지만 표본 또는 변동성에 불확실성이 남습니다. 2024·2026 두 개 연도의 NCPMS 예찰자료만 사용한 상대 위험 전망으로, 기상·재배면적·방제 변화와 2027년 실제 발생을 확정하지 않습니다. ASOS 공통 조사월 1개에서 기온·습도·강수·풍속의 관측 연관성을 추세 연장분에만 최대 ±3점으로 제한 적용(보정 +0점). 2027년 미래 기상값은 생성하거나 가정하지 않았습니다.",관찰,0,0,0.0216,기온,기상 연관성 참고,1,ASOS 공통 조사월 1개에서 기온·습도·강수·풍속의 관측 연관성을 추세 연장분에만 최대 ±3점으로 제한 적용(보정 +0점). 2027년 미래 기상값은 생성하거나 가정하지 않았습니다.,F27-WX1 설명가능 완화추세,"2024·2026 관측자료와 ASOS 공통 조사월의 연관성을 이용한 상대 위험 전망입니다. 2026년은 부분연도이며, 2027년 실제 기상·발생·확률을 확정하지 않습니다."
논벼,벼잎벌레,해충,강원특별자치도,50.0,0.0,0,유지,낮음,32,2024·2026,"기준선 비교: 2026 유지 0.0점, 2024·2026 가중평균 17.5점, 선택 모델(완화 추세+표본 축소) 0.0점. 지역 변화 -50.0점을 표본가중치 0.73로 같은 병해충·작물의 지역 중앙 변화 +0.0점 방향에 축소하고, 1년 연장 변화는 ±20점으로 제한했습니다. 양년 자료 있음, 공통 조사단위 2개, 유효 관측 32건, 결측률 0.0%, 단위별 변화 변동성 50.0점. 제한된 비교 단위 또는 변동성 때문에 보수적으로 낮게 평가합니다. 2024·2026 두 개 연도의 NCPMS 예찰자료만 사용한 상대 위험 전망으로, 기상·재배면적·방제 변화와 2027년 실제 발생을 확정하지 않습니다. ASOS 공통 조사월 1개에서 기온·습도·강수·풍속의 관측 연관성을 추세 연장분에만 최대 ±3점으로 제한 적용(보정 +0점). 2027년 미래 기상값은 생성하거나 가정하지 않았습니다.",관찰,0,0,0.0502,기온,기상 연관성 참고,1,ASOS 공통 조사월 1개에서 기온·습도·강수·풍속의 관측 연관성을 추세 연장분에만 최대 ±3점으로 제한 적용(보정 +0점). 2027년 미래 기상값은 생성하거나 가정하지 않았습니다.,F27-WX1 설명가능 완화추세,"2024·2026 관측자료와 ASOS 공통 조사월의 연관성을 이용한 상대 위험 전망입니다. 2026년은 부분연도이며, 2027년 실제 기상·발생·확률을 확정하지 않습니다."
논벼,벼잎벌레,해충,경기도,0.0,0.0,0,유지,보통,36,2024·2026,"기준선 비교: 2026 유지 0.0점, 2024·2026 가중평균 0.0점, 선택 모델(완화 추세+표본 축소) 0.0점. 지역 변화 +0.0점을 표본가중치 0.75로 같은 병해충·작물의 지역 중앙 변화 +0.0점 방향에 축소하고, 1년 연장 변화는 ±20점으로 제한했습니다. 양년 자료 있음, 공통 조사단위 2개, 유효 관측 36건, 결측률 0.0%, 단위별 변화 변동성 0.0점. 비교는 가능하지만 표본 또는 변동성에 불확실성이 남습니다. 2024·2026 두 개 연도의 NCPMS 예찰자료만 사용한 상대 위험 전망으로, 기상·재배면적·방제 변화와 2027년 실제 발생을 확정하지 않습니다. ASOS 공통 조사월 1개에서 기온·습도·강수·풍속의 관측 연관성을 추세 연장분에만 최대 ±3점으로 제한 적용(보정 +0점). 2027년 미래 기상값은 생성하거나 가정하지 않았습니다.",관찰,0,0,0.0075,기온,기상 연관성 참고,1,ASOS 공통 조사월 1개에서 기온·습도·강수·풍속의 관측 연관성을 추세 연장분에만 최대 ±3점으로 제한 적용(보정 +0점). 2027년 미래 기상값은 생성하거나 가정하지 않았습니다.,F27-WX1 설명가능 완화추세,"2024·2026 관측자료와 ASOS 공통 조사월의 연관성을 이용한 상대 위험 전망입니다. 2026년은 부분연도이며, 2027년 실제 기상·발생·확률을 확정하지 않습니다."
논벼,벼잎벌레,해충,경상남도,0.0,0.0,0,유지,보통,32,2024·2026,"기준선 비교: 2026 유지 0.0점, 2024·2026 가중평균 0.0점, 선택 모델(완화 추세+표본 축소) 0.0점. 지역 변화 +0.0점을 표본가중치 0.73로 같은 병해충·작물의 지역 중앙 변화 +0.0점 방향에 축소하고, 1년 연장 변화는 ±20점으로 제한했습니다. 양년 자료 있음, 공통 조사단위 2개, 유효 관측 32건, 결측률 0.0%, 단위별 변화 변동성 0.0점. 비교는 가능하지만 표본 또는 변동성에 불확실성이 남습니다. 2024·2026 두 개 연도의 NCPMS 예찰자료만 사용한 상대 위험 전망으로, 기상·재배면적·방제 변화와 2027년 실제 발생을 확정하지 않습니다. ASOS 공통 조사월 1개에서 기온·습도·강수·풍속의 관측 연관성을 추세 연장분에만 최대 ±3점으로 제한 적용(보정 +0점). 2027년 미래 기상값은 생성하거나 가정하지 않았습니다.",관찰,0,0,0.0181,기온,기상 연관성 참고,1,ASOS 공통 조사월 1개에서 기온·습도·강수·풍속의 관측 연관성을 추세 연장분에만 최대 ±3점으로 제한 적용(보정 +0점). 2027년 미래 기상값은 생성하거나 가정하지 않았습니다.,F27-WX1 설명가능 완화추세,"2024·2026 관측자료와 ASOS 공통 조사월의 연관성을 이용한 상대 위험 전망입니다. 2026년은 부분연도이며, 2027년 실제 기상·발생·확률을 확정하지 않습니다."
논벼,벼잎벌레,해충,경상북도,1.0,0.0,0,유지,보통,32,2024·2026,"기준선 비교: 2026 유지 0.0점, 2024·2026 가중평균 0.3점, 선택 모델(완화 추세+표본 축소) 0.0점. 지역 변화 -0.9점을 표본가중치 0.73로 같은 병해충·작물의 지역 중앙 변화 +0.0점 방향에 축소하고, 1년 연장 변화는 ±20점으로 제한했습니다. 양년 자료 있음, 공통 조사단위 2개, 유효 관측 32건, 결측률 0.0%, 단위별 변화 변동성 0.0점. 비교는 가능하지만 표본 또는 변동성에 불확실성이 남습니다. 2024·2026 두 개 연도의 NCPMS 예찰자료만 사용한 상대 위험 전망으로, 기상·재배면적·방제 변화와 2027년 실제 발생을 확정하지 않습니다. ASOS 공통 조사월 1개에서 기온·습도·강수·풍속의 관측 연관성을 추세 연장분에만 최대 ±3점으로 제한 적용(보정 +0점). 2027년 미래 기상값은 생성하거나 가정하지 않았습니다.",관찰,0,0,0.0323,기온,기상 연관성 참고,1,ASOS 공통 조사월 1개에서 기온·습도·강수·풍속의 관측 연관성을 추세 연장분에만 최대 ±3점으로 제한 적용(보정 +0점). 2027년 미래 기상값은 생성하거나 가정하지 않았습니다.,F27-WX1 설명가능 완화추세,"2024·2026 관측자료와 ASOS 공통 조사월의 연관성을 이용한 상대 위험 전망입니다. 2026년은 부분연도이며, 2027년 실제 기상·발생·확률을 확정하지 않습니다."
논벼,벼잎벌레,해충,대구광역시,0.0,0.0,0,유지,보통,32,2024·2026,"기준선 비교: 2026 유지 0.0점, 2024·2026 가중평균 0.0점, 선택 모델(완화 추세+표본 축소) 0.0점. 지역 변화 +0.0점을 표본가중치 0.73로 같은 병해충·작물의 지역 중앙 변화 +0.0점 방향에 축소하고, 1년 연장 변화는 ±20점으로 제한했습니다. 양년 자료 있음, 공통 조사단위 2개, 유효 관측 32건, 결측률 0.0%, 단위별 변화 변동성 0.0점. 비교는 가능하지만 표본 또는 변동성에 불확실성이 남습니다. 2024·2026 두 개 연도의 NCPMS 예찰자료만 사용한 상대 위험 전망으로, 기상·재배면적·방제 변화와 2027년 실제 발생을 확정하지 않습니다. ASOS 공통 조사월 1개에서 기온·습도·강수·풍속의 관측 연관성을 추세 연장분에만 최대 ±3점으로 제한 적용(보정 +0점). 2027년 미래 기상값은 생성하거나 가정하지 않았습니다.",관찰,0,0,0.0438,기온,기상 연관성 참고,1,ASOS 공통 조사월 1개에서 기온·습도·강수·풍속의 관측 연관성을 추세 연장분에만 최대 ±3점으로 제한 적용(보정 +0점). 2027년 미래 기상값은 생성하거나 가정하지 않았습니다.,F27-WX1 설명가능 완화추세,"2024·2026 관측자료와 ASOS 공통 조사월의 연관성을 이용한 상대 위험 전망입니다. 2026년은 부분연도이며, 2027년 실제 기상·발생·확률을 확정하지 않습니다."
논벼,벼잎벌레,해충,대전광역시,0.0,0.0,0,유지,보통,32,2024·2026,"기준선 비교: 2026 유지 0.0점, 2024·2026 가중평균 0.0점, 선택 모델(완화 추세+표본 축소) 0.0점. 지역 변화 +0.0점을 표본가중치 0.73로 같은 병해충·작물의 지역 중앙 변화 +0.0점 방향에 축소하고, 1년 연장 변화는 ±20점으로 제한했습니다. 양년 자료 있음, 공통 조사단위 2개, 유효 관측 32건, 결측률 0.0%, 단위별 변화 변동성 0.0점. 비교는 가능하지만 표본 또는 변동성에 불확실성이 남습니다. 2024·2026 두 개 연도의 NCPMS 예찰자료만 사용한 상대 위험 전망으로, 기상·재배면적·방제 변화와 2027년 실제 발생을 확정하지 않습니다. ASOS 공통 조사월 1개에서 기온·습도·강수·풍속의 관측 연관성을 추세 연장분에만 최대 ±3점으로 제한 적용(보정 +0점). 2027년 미래 기상값은 생성하거나 가정하지 않았습니다.",관찰,0,0,0.011,기온,기상 연관성 참고,1,ASOS 공통 조사월 1개에서 기온·습도·강수·풍속의 관측 연관성을 추세 연장분에만 최대 ±3점으로 제한 적용(보정 +0점). 2027년 미래 기상값은 생성하거나 가정하지 않았습니다.,F27-WX1 설명가능 완화추세,"2024·2026 관측자료와 ASOS 공통 조사월의 연관성을 이용한 상대 위험 전망입니다. 2026년은 부분연도이며, 2027년 실제 기상·발생·확률을 확정하지 않습니다."
논벼,벼잎벌레,해충,부산광역시,0.0,0.0,0,유지,보통,32,2024·2026,"기준선 비교: 2026 유지 0.0점, 2024·2026 가중평균 0.0점, 선택 모델(완화 추세+표본 축소) 0.0점. 지역 변화 +0.0점을 표본가중치 0.73로 같은 병해충·작물의 지역 중앙 변화 +0.0점 방향에 축소하고, 1년 연장 변화는 ±20점으로 제한했습니다. 양년 자료 있음, 공통 조사단위 2개, 유효 관측 32건, 결측률 0.0%, 단위별 변화 변동성 0.0점. 비교는 가능하지만 표본 또는 변동성에 불확실성이 남습니다. 2024·2026 두 개 연도의 NCPMS 예찰자료만 사용한 상대 위험 전망으로, 기상·재배면적·방제 변화와 2027년 실제 발생을 확정하지 않습니다. ASOS 공통 조사월 1개에서 기온·습도·강수·풍속의 관측 연관성을 추세 연장분에만 최대 ±3점으로 제한 적용(보정 +0점). 2027년 미래 기상값은 생성하거나 가정하지 않았습니다.",관찰,0,0,0.0064,기온,기상 연관성 참고,1,ASOS 공통 조사월 1개에서 기온·습도·강수·풍속의 관측 연관성을 추세 연장분에만 최대 ±3점으로 제한 적용(보정 +0점). 2027년 미래 기상값은 생성하거나 가정하지 않았습니다.,F27-WX1 설명가능 완화추세,"2024·2026 관측자료와 ASOS 공통 조사월의 연관성을 이용한 상대 위험 전망입니다. 2026년은 부분연도이며, 2027년 실제 기상·발생·확률을 확정하지 않습니다."
논벼,벼잎벌레,해충,세종특별자치시,0.0,0.0,0,유지,보통,28,2024·2026,"기준선 비교: 2026 유지 0.0점, 2024·2026 가중평균 0.0점, 선택 모델(완화 추세+표본 축소) 0.0점. 지역 변화 +0.0점을 표본가중치 0.70로 같은 병해충·작물의 지역 중앙 변화 +0.0점 방향에 축소하고, 1년 연장 변화는 ±20점으로 제한했습니다. 양년 자료 있음, 공통 조사단위 2개, 유효 관측 28건, 결측률 0.0%, 단위별 변화 변동성 0.0점. 비교는 가능하지만 표본 또는 변동성에 불확실성이 남습니다. 2024·2026 두 개 연도의 NCPMS 예찰자료만 사용한 상대 위험 전망으로, 기상·재배면적·방제 변화와 2027년 실제 발생을 확정하지 않습니다. ASOS 공통 조사월 1개에서 기온·습도·강수·풍속의 관측 연관성을 추세 연장분에만 최대 ±3점으로 제한 적용(보정 +0점). 2027년 미래 기상값은 생성하거나 가정하지 않았습니다.",관찰,0,0,0.0133,기온,기상 연관성 참고,1,ASOS 공통 조사월 1개에서 기온·습도·강수·풍속의 관측 연관성을 추세 연장분에만 최대 ±3점으로 제한 적용(보정 +0점). 2027년 미래 기상값은 생성하거나 가정하지 않았습니다.,F27-WX1 설명가능 완화추세,"2024·2026 관측자료와 ASOS 공통 조사월의 연관성을 이용한 상대 위험 전망입니다. 2026년은 부분연도이며, 2027년 실제 기상·발생·확률을 확정하지 않습니다."
논벼,벼잎벌레,해충,울산광역시,0.0,0.0,0,유지,보통,32,2024·2026,"기준선 비교: 2026 유지 0.0점, 2024·2026 가중평균 0.0점, 선택 모델(완화 추세+표본 축소) 0.0점. 지역 변화 +0.0점을 표본가중치 0.73로 같은 병해충·작물의 지역 중앙 변화 +0.0점 방향에 축소하고, 1년 연장 변화는 ±20점으로 제한했습니다. 양년 자료 있음, 공통 조사단위 2개, 유효 관측 32건, 결측률 0.0%, 단위별 변화 변동성 0.0점. 비교는 가능하지만 표본 또는 변동성에 불확실성이 남습니다. 2024·2026 두 개 연도의 NCPMS 예찰자료만 사용한 상대 위험 전망으로, 기상·재배면적·방제 변화와 2027년 실제 발생을 확정하지 않습니다. ASOS 공통 조사월 1개에서 기온·습도·강수·풍속의 관측 연관성을 추세 연장분에만 최대 ±3점으로 제한 적용(보정 +0점). 2027년 미래 기상값은 생성하거나 가정하지 않았습니다.",관찰,0,0,0.0356,기온,기상 연관성 참고,1,ASOS 공통 조사월 1개에서 기온·습도·강수·풍속의 관측 연관성을 추세 연장분에만 최대 ±3점으로 제한 적용(보정 +0점). 2027년 미래 기상값은 생성하거나 가정하지 않았습니다.,F27-WX1 설명가능 완화추세,"2024·2026 관측자료와 ASOS 공통 조사월의 연관성을 이용한 상대 위험 전망입니다. 2026년은 부분연도이며, 2027년 실제 기상·발생·확률을 확정하지 않습니다."
논벼,벼잎벌레,해충,인천광역시,42.0,0.0,0,유지,낮음,32,2024·2026,"기준선 비교: 2026 유지 0.0점, 2024·2026 가중평균 14.6점, 선택 모델(완화 추세+표본 축소) 0.0점. 지역 변화 -41.6점을 표본가중치 0.73로 같은 병해충·작물의 지역 중앙 변화 +0.0점 방향에 축소하고, 1년 연장 변화는 ±20점으로 제한했습니다. 양년 자료 있음, 공통 조사단위 2개, 유효 관측 32건, 결측률 0.0%, 단위별 변화 변동성 41.6점. 제한된 비교 단위 또는 변동성 때문에 보수적으로 낮게 평가합니다. 2024·2026 두 개 연도의 NCPMS 예찰자료만 사용한 상대 위험 전망으로, 기상·재배면적·방제 변화와 2027년 실제 발생을 확정하지 않습니다. ASOS 공통 조사월 1개에서 기온·습도·강수·풍속의 관측 연관성을 추세 연장분에만 최대 ±3점으로 제한 적용(보정 +0점). 2027년 미래 기상값은 생성하거나 가정하지 않았습니다.",관찰,0,0,0.0053,기온,기상 연관성 참고,1,ASOS 공통 조사월 1개에서 기온·습도·강수·풍속의 관측 연관성을 추세 연장분에만 최대 ±3점으로 제한 적용(보정 +0점). 2027년 미래 기상값은 생성하거나 가정하지 않았습니다.,F27-WX1 설명가능 완화추세,"2024·2026 관측자료와 ASOS 공통 조사월의 연관성을 이용한 상대 위험 전망입니다. 2026년은 부분연도이며, 2027년 실제 기상·발생·확률을 확정하지 않습니다."
논벼,벼잎벌레,해충,전남광주통합특별시,0.0,31.0,38,증가,보통,32,2024·2026,"기준선 비교: 2026 유지 30.6점, 2024·2026 가중평균 19.9점, 선택 모델(완화 추세+표본 축소) 38.3점. 지역 변화 +30.6점을 표본가중치 0.73로 같은 병해충·작물의 지역 중앙 변화 +0.0점 방향에 축소하고, 1년 연장 변화는 ±20점으로 제한했습니다. 양년 자료 있음, 공통 조사단위 2개, 유효 관측 32건, 결측률 0.0%, 단위별 변화 변동성 0.0점. 비교는 가능하지만 표본 또는 변동성에 불확실성이 남습니다. 2024·2026 두 개 연도의 NCPMS 예찰자료만 사용한 상대 위험 전망으로, 기상·재배면적·방제 변화와 2027년 실제 발생을 확정하지 않습니다. ASOS 공통 조사월 1개에서 기온·습도·강수·풍속의 관측 연관성을 추세 연장분에만 최대 ±3점으로 제한 적용(보정 +0점). 2027년 미래 기상값은 생성하거나 가정하지 않았습니다.",주의,38,0,0.0048,기온,기상 연관성 참고,1,ASOS 공통 조사월 1개에서 기온·습도·강수·풍속의 관측 연관성을 추세 연장분에만 최대 ±3점으로 제한 적용(보정 +0점). 2027년 미래 기상값은 생성하거나 가정하지 않았습니다.,F27-WX1 설명가능 완화추세,"2024·2026 관측자료와 ASOS 공통 조사월의 연관성을 이용한 상대 위험 전망입니다. 2026년은 부분연도이며, 2027년 실제 기상·발생·확률을 확정하지 않습니다."
논벼,벼잎벌레,해충,전북특별자치도,0.0,0.0,0,유지,보통,32,2024·2026,"기준선 비교: 2026 유지 0.0점, 2024·2026 가중평균 0.0점, 선택 모델(완화 추세+표본 축소) 0.0점. 지역 변화 +0.0점을 표본가중치 0.73로 같은 병해충·작물의 지역 중앙 변화 +0.0점 방향에 축소하고, 1년 연장 변화는 ±20점으로 제한했습니다. 양년 자료 있음, 공통 조사단위 2개, 유효 관측 32건, 결측률 0.0%, 단위별 변화 변동성 0.0점. 비교는 가능하지만 표본 또는 변동성에 불확실성이 남습니다. 2024·2026 두 개 연도의 NCPMS 예찰자료만 사용한 상대 위험 전망으로, 기상·재배면적·방제 변화와 2027년 실제 발생을 확정하지 않습니다. ASOS 공통 조사월 1개에서 기온·습도·강수·풍속의 관측 연관성을 추세 연장분에만 최대 ±3점으로 제한 적용(보정 +0점). 2027년 미래 기상값은 생성하거나 가정하지 않았습니다.",관찰,0,0,0.0056,기온,기상 연관성 참고,1,ASOS 공통 조사월 1개에서 기온·습도·강수·풍속의 관측 연관성을 추세 연장분에만 최대 ±3점으로 제한 적용(보정 +0점). 2027년 미래 기상값은 생성하거나 가정하지 않았습니다.,F27-WX1 설명가능 완화추세,"2024·2026 관측자료와 ASOS 공통 조사월의 연관성을 이용한 상대 위험 전망입니다. 2026년은 부분연도이며, 2027년 실제 기상·발생·확률을 확정하지 않습니다."
논벼,벼잎벌레,해충,충청남도,21.0,48.0,55,증가,보통,32,2024·2026,"기준선 비교: 2026 유지 47.9점, 2024·2026 가중평균 38.5점, 선택 모델(완화 추세+표본 축소) 54.7점. 지역 변화 +26.8점을 표본가중치 0.73로 같은 병해충·작물의 지역 중앙 변화 +0.0점 방향에 축소하고, 1년 연장 변화는 ±20점으로 제한했습니다. 양년 자료 있음, 공통 조사단위 2개, 유효 관측 32건, 결측률 0.0%, 단위별 변화 변동성 28.9점. 비교는 가능하지만 표본 또는 변동성에 불확실성이 남습니다. 2024·2026 두 개 연도의 NCPMS 예찰자료만 사용한 상대 위험 전망으로, 기상·재배면적·방제 변화와 2027년 실제 발생을 확정하지 않습니다. ASOS 공통 조사월 1개에서 기온·습도·강수·풍속의 관측 연관성을 추세 연장분에만 최대 ±3점으로 제한 적용(보정 +0점). 2027년 미래 기상값은 생성하거나 가정하지 않았습니다.",주의,55,0,-0.0006,기온,기상 연관성 참고,1,ASOS 공통 조사월 1개에서 기온·습도·강수·풍속의 관측 연관성을 추세 연장분에만 최대 ±3점으로 제한 적용(보정 +0점). 2027년 미래 기상값은 생성하거나 가정하지 않았습니다.,F27-WX1 설명가능 완화추세,"2024·2026 관측자료와 ASOS 공통 조사월의 연관성을 이용한 상대 위험 전망입니다. 2026년은 부분연도이며, 2027년 실제 기상·발생·확률을 확정하지 않습니다."
논벼,벼잎벌레,해충,충청북도,6.0,0.0,0,유지,보통,36,2024·2026,"기준선 비교: 2026 유지 0.0점, 2024·2026 가중평균 2.2점, 선택 모델(완화 추세+표본 축소) 0.0점. 지역 변화 -6.2점을 표본가중치 0.75로 같은 병해충·작물의 지역 중앙 변화 +0.0점 방향에 축소하고, 1년 연장 변화는 ±20점으로 제한했습니다. 양년 자료 있음, 공통 조사단위 2개, 유효 관측 36건, 결측률 0.0%, 단위별 변화 변동성 6.2점. 비교는 가능하지만 표본 또는 변동성에 불확실성이 남습니다. 2024·2026 두 개 연도의 NCPMS 예찰자료만 사용한 상대 위험 전망으로, 기상·재배면적·방제 변화와 2027년 실제 발생을 확정하지 않습니다. ASOS 공통 조사월 1개에서 기온·습도·강수·풍속의 관측 연관성을 추세 연장분에만 최대 ±3점으로 제한 적용(보정 +0점). 2027년 미래 기상값은 생성하거나 가정하지 않았습니다.",관찰,0,0,0.0092,기온,기상 연관성 참고,1,ASOS 공통 조사월 1개에서 기온·습도·강수·풍속의 관측 연관성을 추세 연장분에만 최대 ±3점으로 제한 적용(보정 +0점). 2027년 미래 기상값은 생성하거나 가정하지 않았습니다.,F27-WX1 설명가능 완화추세,"2024·2026 관측자료와 ASOS 공통 조사월의 연관성을 이용한 상대 위험 전망입니다. 2026년은 부분연도이며, 2027년 실제 기상·발생·확률을 확정하지 않습니다."
논벼,벼잎선충,선충,강원특별자치도,,0.0,,전망자료 부족,낮음,24,2026,"양년 자료 없음, 공통 조사단위 0개, 유효 관측 24건, 결측률 0.0%, 단위별 변화 변동성 100.0점. 제한된 비교 단위 또는 변동성 때문에 보수적으로 낮게 평가합니다. 2024·2026 두 개 연도의 NCPMS 예찰자료만 사용한 상대 위험 전망으로, 기상·재배면적·방제 변화와 2027년 실제 발생을 확정하지 않습니다. ASOS 공통 조사월 0개에서 기온·습도·강수·풍속의 관측 연관성을 추세 연장분에만 최대 ±3점으로 제한 적용(보정 +0점). 2027년 미래 기상값은 생성하거나 가정하지 않았습니다.",전망자료 부족,,,0.0,—,기상근거 부족,0,ASOS 공통 조사월 0개에서 기온·습도·강수·풍속의 관측 연관성을 추세 연장분에만 최대 ±3점으로 제한 적용(보정 +0점). 2027년 미래 기상값은 생성하거나 가정하지 않았습니다.,F27-WX1 설명가능 완화추세,"2024·2026 관측자료와 ASOS 공통 조사월의 연관성을 이용한 상대 위험 전망입니다. 2026년은 부분연도이며, 2027년 실제 기상·발생·확률을 확정하지 않습니다."
논벼,벼잎선충,선충,경기도,,0.0,,전망자료 부족,낮음,28,2026,"양년 자료 없음, 공통 조사단위 0개, 유효 관측 28건, 결측률 0.0%, 단위별 변화 변동성 100.0점. 제한된 비교 단위 또는 변동성 때문에 보수적으로 낮게 평가합니다. 2024·2026 두 개 연도의 NCPMS 예찰자료만 사용한 상대 위험 전망으로, 기상·재배면적·방제 변화와 2027년 실제 발생을 확정하지 않습니다. ASOS 공통 조사월 0개에서 기온·습도·강수·풍속의 관측 연관성을 추세 연장분에만 최대 ±3점으로 제한 적용(보정 +0점). 2027년 미래 기상값은 생성하거나 가정하지 않았습니다.",전망자료 부족,,,0.0,—,기상근거 부족,0,ASOS 공통 조사월 0개에서 기온·습도·강수·풍속의 관측 연관성을 추세 연장분에만 최대 ±3점으로 제한 적용(보정 +0점). 2027년 미래 기상값은 생성하거나 가정하지 않았습니다.,F27-WX1 설명가능 완화추세,"2024·2026 관측자료와 ASOS 공통 조사월의 연관성을 이용한 상대 위험 전망입니다. 2026년은 부분연도이며, 2027년 실제 기상·발생·확률을 확정하지 않습니다."
논벼,벼잎선충,선충,경상남도,,2.0,,전망자료 부족,낮음,24,2026,"양년 자료 없음, 공통 조사단위 0개, 유효 관측 24건, 결측률 0.0%, 단위별 변화 변동성 100.0점. 제한된 비교 단위 또는 변동성 때문에 보수적으로 낮게 평가합니다. 2024·2026 두 개 연도의 NCPMS 예찰자료만 사용한 상대 위험 전망으로, 기상·재배면적·방제 변화와 2027년 실제 발생을 확정하지 않습니다. ASOS 공통 조사월 0개에서 기온·습도·강수·풍속의 관측 연관성을 추세 연장분에만 최대 ±3점으로 제한 적용(보정 +0점). 2027년 미래 기상값은 생성하거나 가정하지 않았습니다.",전망자료 부족,,,0.0,—,기상근거 부족,0,ASOS 공통 조사월 0개에서 기온·습도·강수·풍속의 관측 연관성을 추세 연장분에만 최대 ±3점으로 제한 적용(보정 +0점). 2027년 미래 기상값은 생성하거나 가정하지 않았습니다.,F27-WX1 설명가능 완화추세,"2024·2026 관측자료와 ASOS 공통 조사월의 연관성을 이용한 상대 위험 전망입니다. 2026년은 부분연도이며, 2027년 실제 기상·발생·확률을 확정하지 않습니다."
논벼,벼잎선충,선충,경상북도,,0.0,,전망자료 부족,낮음,24,2026,"양년 자료 없음, 공통 조사단위 0개, 유효 관측 24건, 결측률 0.0%, 단위별 변화 변동성 100.0점. 제한된 비교 단위 또는 변동성 때문에 보수적으로 낮게 평가합니다. 2024·2026 두 개 연도의 NCPMS 예찰자료만 사용한 상대 위험 전망으로, 기상·재배면적·방제 변화와 2027년 실제 발생을 확정하지 않습니다. ASOS 공통 조사월 0개에서 기온·습도·강수·풍속의 관측 연관성을 추세 연장분에만 최대 ±3점으로 제한 적용(보정 +0점). 2027년 미래 기상값은 생성하거나 가정하지 않았습니다.",전망자료 부족,,,0.0,—,기상근거 부족,0,ASOS 공통 조사월 0개에서 기온·습도·강수·풍속의 관측 연관성을 추세 연장분에만 최대 ±3점으로 제한 적용(보정 +0점). 2027년 미래 기상값은 생성하거나 가정하지 않았습니다.,F27-WX1 설명가능 완화추세,"2024·2026 관측자료와 ASOS 공통 조사월의 연관성을 이용한 상대 위험 전망입니다. 2026년은 부분연도이며, 2027년 실제 기상·발생·확률을 확정하지 않습니다."
논벼,벼잎선충,선충,대구광역시,,0.0,,전망자료 부족,낮음,24,2026,"양년 자료 없음, 공통 조사단위 0개, 유효 관측 24건, 결측률 0.0%, 단위별 변화 변동성 100.0점. 제한된 비교 단위 또는 변동성 때문에 보수적으로 낮게 평가합니다. 2024·2026 두 개 연도의 NCPMS 예찰자료만 사용한 상대 위험 전망으로, 기상·재배면적·방제 변화와 2027년 실제 발생을 확정하지 않습니다. ASOS 공통 조사월 0개에서 기온·습도·강수·풍속의 관측 연관성을 추세 연장분에만 최대 ±3점으로 제한 적용(보정 +0점). 2027년 미래 기상값은 생성하거나 가정하지 않았습니다.",전망자료 부족,,,0.0,—,기상근거 부족,0,ASOS 공통 조사월 0개에서 기온·습도·강수·풍속의 관측 연관성을 추세 연장분에만 최대 ±3점으로 제한 적용(보정 +0점). 2027년 미래 기상값은 생성하거나 가정하지 않았습니다.,F27-WX1 설명가능 완화추세,"2024·2026 관측자료와 ASOS 공통 조사월의 연관성을 이용한 상대 위험 전망입니다. 2026년은 부분연도이며, 2027년 실제 기상·발생·확률을 확정하지 않습니다."
논벼,벼잎선충,선충,대전광역시,,0.0,,전망자료 부족,낮음,24,2026,"양년 자료 없음, 공통 조사단위 0개, 유효 관측 24건, 결측률 0.0%, 단위별 변화 변동성 100.0점. 제한된 비교 단위 또는 변동성 때문에 보수적으로 낮게 평가합니다. 2024·2026 두 개 연도의 NCPMS 예찰자료만 사용한 상대 위험 전망으로, 기상·재배면적·방제 변화와 2027년 실제 발생을 확정하지 않습니다. ASOS 공통 조사월 0개에서 기온·습도·강수·풍속의 관측 연관성을 추세 연장분에만 최대 ±3점으로 제한 적용(보정 +0점). 2027년 미래 기상값은 생성하거나 가정하지 않았습니다.",전망자료 부족,,,0.0,—,기상근거 부족,0,ASOS 공통 조사월 0개에서 기온·습도·강수·풍속의 관측 연관성을 추세 연장분에만 최대 ±3점으로 제한 적용(보정 +0점). 2027년 미래 기상값은 생성하거나 가정하지 않았습니다.,F27-WX1 설명가능 완화추세,"2024·2026 관측자료와 ASOS 공통 조사월의 연관성을 이용한 상대 위험 전망입니다. 2026년은 부분연도이며, 2027년 실제 기상·발생·확률을 확정하지 않습니다."
논벼,벼잎선충,선충,부산광역시,,0.0,,전망자료 부족,낮음,24,2026,"양년 자료 없음, 공통 조사단위 0개, 유효 관측 24건, 결측률 0.0%, 단위별 변화 변동성 100.0점. 제한된 비교 단위 또는 변동성 때문에 보수적으로 낮게 평가합니다. 2024·2026 두 개 연도의 NCPMS 예찰자료만 사용한 상대 위험 전망으로, 기상·재배면적·방제 변화와 2027년 실제 발생을 확정하지 않습니다. ASOS 공통 조사월 0개에서 기온·습도·강수·풍속의 관측 연관성을 추세 연장분에만 최대 ±3점으로 제한 적용(보정 +0점). 2027년 미래 기상값은 생성하거나 가정하지 않았습니다.",전망자료 부족,,,0.0,—,기상근거 부족,0,ASOS 공통 조사월 0개에서 기온·습도·강수·풍속의 관측 연관성을 추세 연장분에만 최대 ±3점으로 제한 적용(보정 +0점). 2027년 미래 기상값은 생성하거나 가정하지 않았습니다.,F27-WX1 설명가능 완화추세,"2024·2026 관측자료와 ASOS 공통 조사월의 연관성을 이용한 상대 위험 전망입니다. 2026년은 부분연도이며, 2027년 실제 기상·발생·확률을 확정하지 않습니다."
논벼,벼잎선충,선충,세종특별자치시,,0.0,,전망자료 부족,낮음,20,2026,"양년 자료 없음, 공통 조사단위 0개, 유효 관측 20건, 결측률 0.0%, 단위별 변화 변동성 100.0점. 제한된 비교 단위 또는 변동성 때문에 보수적으로 낮게 평가합니다. 2024·2026 두 개 연도의 NCPMS 예찰자료만 사용한 상대 위험 전망으로, 기상·재배면적·방제 변화와 2027년 실제 발생을 확정하지 않습니다. ASOS 공통 조사월 0개에서 기온·습도·강수·풍속의 관측 연관성을 추세 연장분에만 최대 ±3점으로 제한 적용(보정 +0점). 2027년 미래 기상값은 생성하거나 가정하지 않았습니다.",전망자료 부족,,,0.0,—,기상근거 부족,0,ASOS 공통 조사월 0개에서 기온·습도·강수·풍속의 관측 연관성을 추세 연장분에만 최대 ±3점으로 제한 적용(보정 +0점). 2027년 미래 기상값은 생성하거나 가정하지 않았습니다.,F27-WX1 설명가능 완화추세,"2024·2026 관측자료와 ASOS 공통 조사월의 연관성을 이용한 상대 위험 전망입니다. 2026년은 부분연도이며, 2027년 실제 기상·발생·확률을 확정하지 않습니다."
논벼,벼잎선충,선충,울산광역시,,0.0,,전망자료 부족,낮음,24,2026,"양년 자료 없음, 공통 조사단위 0개, 유효 관측 24건, 결측률 0.0%, 단위별 변화 변동성 100.0점. 제한된 비교 단위 또는 변동성 때문에 보수적으로 낮게 평가합니다. 2024·2026 두 개 연도의 NCPMS 예찰자료만 사용한 상대 위험 전망으로, 기상·재배면적·방제 변화와 2027년 실제 발생을 확정하지 않습니다. ASOS 공통 조사월 0개에서 기온·습도·강수·풍속의 관측 연관성을 추세 연장분에만 최대 ±3점으로 제한 적용(보정 +0점). 2027년 미래 기상값은 생성하거나 가정하지 않았습니다.",전망자료 부족,,,0.0,—,기상근거 부족,0,ASOS 공통 조사월 0개에서 기온·습도·강수·풍속의 관측 연관성을 추세 연장분에만 최대 ±3점으로 제한 적용(보정 +0점). 2027년 미래 기상값은 생성하거나 가정하지 않았습니다.,F27-WX1 설명가능 완화추세,"2024·2026 관측자료와 ASOS 공통 조사월의 연관성을 이용한 상대 위험 전망입니다. 2026년은 부분연도이며, 2027년 실제 기상·발생·확률을 확정하지 않습니다."
논벼,벼잎선충,선충,인천광역시,,0.0,,전망자료 부족,낮음,24,2026,"양년 자료 없음, 공통 조사단위 0개, 유효 관측 24건, 결측률 0.0%, 단위별 변화 변동성 100.0점. 제한된 비교 단위 또는 변동성 때문에 보수적으로 낮게 평가합니다. 2024·2026 두 개 연도의 NCPMS 예찰자료만 사용한 상대 위험 전망으로, 기상·재배면적·방제 변화와 2027년 실제 발생을 확정하지 않습니다. ASOS 공통 조사월 0개에서 기온·습도·강수·풍속의 관측 연관성을 추세 연장분에만 최대 ±3점으로 제한 적용(보정 +0점). 2027년 미래 기상값은 생성하거나 가정하지 않았습니다.",전망자료 부족,,,0.0,—,기상근거 부족,0,ASOS 공통 조사월 0개에서 기온·습도·강수·풍속의 관측 연관성을 추세 연장분에만 최대 ±3점으로 제한 적용(보정 +0점). 2027년 미래 기상값은 생성하거나 가정하지 않았습니다.,F27-WX1 설명가능 완화추세,"2024·2026 관측자료와 ASOS 공통 조사월의 연관성을 이용한 상대 위험 전망입니다. 2026년은 부분연도이며, 2027년 실제 기상·발생·확률을 확정하지 않습니다."
논벼,벼잎선충,선충,전남광주통합특별시,,15.0,,전망자료 부족,낮음,24,2026,"양년 자료 없음, 공통 조사단위 0개, 유효 관측 24건, 결측률 0.0%, 단위별 변화 변동성 100.0점. 제한된 비교 단위 또는 변동성 때문에 보수적으로 낮게 평가합니다. 2024·2026 두 개 연도의 NCPMS 예찰자료만 사용한 상대 위험 전망으로, 기상·재배면적·방제 변화와 2027년 실제 발생을 확정하지 않습니다. ASOS 공통 조사월 0개에서 기온·습도·강수·풍속의 관측 연관성을 추세 연장분에만 최대 ±3점으로 제한 적용(보정 +0점). 2027년 미래 기상값은 생성하거나 가정하지 않았습니다.",전망자료 부족,,,0.0,—,기상근거 부족,0,ASOS 공통 조사월 0개에서 기온·습도·강수·풍속의 관측 연관성을 추세 연장분에만 최대 ±3점으로 제한 적용(보정 +0점). 2027년 미래 기상값은 생성하거나 가정하지 않았습니다.,F27-WX1 설명가능 완화추세,"2024·2026 관측자료와 ASOS 공통 조사월의 연관성을 이용한 상대 위험 전망입니다. 2026년은 부분연도이며, 2027년 실제 기상·발생·확률을 확정하지 않습니다."
논벼,벼잎선충,선충,전북특별자치도,,0.0,,전망자료 부족,낮음,24,2026,"양년 자료 없음, 공통 조사단위 0개, 유효 관측 24건, 결측률 0.0%, 단위별 변화 변동성 100.0점. 제한된 비교 단위 또는 변동성 때문에 보수적으로 낮게 평가합니다. 2024·2026 두 개 연도의 NCPMS 예찰자료만 사용한 상대 위험 전망으로, 기상·재배면적·방제 변화와 2027년 실제 발생을 확정하지 않습니다. ASOS 공통 조사월 0개에서 기온·습도·강수·풍속의 관측 연관성을 추세 연장분에만 최대 ±3점으로 제한 적용(보정 +0점). 2027년 미래 기상값은 생성하거나 가정하지 않았습니다.",전망자료 부족,,,0.0,—,기상근거 부족,0,ASOS 공통 조사월 0개에서 기온·습도·강수·풍속의 관측 연관성을 추세 연장분에만 최대 ±3점으로 제한 적용(보정 +0점). 2027년 미래 기상값은 생성하거나 가정하지 않았습니다.,F27-WX1 설명가능 완화추세,"2024·2026 관측자료와 ASOS 공통 조사월의 연관성을 이용한 상대 위험 전망입니다. 2026년은 부분연도이며, 2027년 실제 기상·발생·확률을 확정하지 않습니다."
논벼,벼잎선충,선충,충청남도,,0.0,,전망자료 부족,낮음,24,2026,"양년 자료 없음, 공통 조사단위 0개, 유효 관측 24건, 결측률 0.0%, 단위별 변화 변동성 100.0점. 제한된 비교 단위 또는 변동성 때문에 보수적으로 낮게 평가합니다. 2024·2026 두 개 연도의 NCPMS 예찰자료만 사용한 상대 위험 전망으로, 기상·재배면적·방제 변화와 2027년 실제 발생을 확정하지 않습니다. ASOS 공통 조사월 0개에서 기온·습도·강수·풍속의 관측 연관성을 추세 연장분에만 최대 ±3점으로 제한 적용(보정 +0점). 2027년 미래 기상값은 생성하거나 가정하지 않았습니다.",전망자료 부족,,,0.0,—,기상근거 부족,0,ASOS 공통 조사월 0개에서 기온·습도·강수·풍속의 관측 연관성을 추세 연장분에만 최대 ±3점으로 제한 적용(보정 +0점). 2027년 미래 기상값은 생성하거나 가정하지 않았습니다.,F27-WX1 설명가능 완화추세,"2024·2026 관측자료와 ASOS 공통 조사월의 연관성을 이용한 상대 위험 전망입니다. 2026년은 부분연도이며, 2027년 실제 기상·발생·확률을 확정하지 않습니다."
논벼,벼잎선충,선충,충청북도,,0.0,,전망자료 부족,낮음,28,2026,"양년 자료 없음, 공통 조사단위 0개, 유효 관측 28건, 결측률 0.0%, 단위별 변화 변동성 100.0점. 제한된 비교 단위 또는 변동성 때문에 보수적으로 낮게 평가합니다. 2024·2026 두 개 연도의 NCPMS 예찰자료만 사용한 상대 위험 전망으로, 기상·재배면적·방제 변화와 2027년 실제 발생을 확정하지 않습니다. ASOS 공통 조사월 0개에서 기온·습도·강수·풍속의 관측 연관성을 추세 연장분에만 최대 ±3점으로 제한 적용(보정 +0점). 2027년 미래 기상값은 생성하거나 가정하지 않았습니다.",전망자료 부족,,,0.0,—,기상근거 부족,0,ASOS 공통 조사월 0개에서 기온·습도·강수·풍속의 관측 연관성을 추세 연장분에만 최대 ±3점으로 제한 적용(보정 +0점). 2027년 미래 기상값은 생성하거나 가정하지 않았습니다.,F27-WX1 설명가능 완화추세,"2024·2026 관측자료와 ASOS 공통 조사월의 연관성을 이용한 상대 위험 전망입니다. 2026년은 부분연도이며, 2027년 실제 기상·발생·확률을 확정하지 않습니다."
논벼,벼줄기굴파리,해충,강원특별자치도,56.0,0.0,0,유지,낮음,32,2024·2026,"기준선 비교: 2026 유지 0.0점, 2024·2026 가중평균 19.5점, 선택 모델(완화 추세+표본 축소) 0.0점. 지역 변화 -55.7점을 표본가중치 0.73로 같은 병해충·작물의 지역 중앙 변화 +0.0점 방향에 축소하고, 1년 연장 변화는 ±20점으로 제한했습니다. 양년 자료 있음, 공통 조사단위 2개, 유효 관측 32건, 결측률 0.0%, 단위별 변화 변동성 44.3점. 제한된 비교 단위 또는 변동성 때문에 보수적으로 낮게 평가합니다. 2024·2026 두 개 연도의 NCPMS 예찰자료만 사용한 상대 위험 전망으로, 기상·재배면적·방제 변화와 2027년 실제 발생을 확정하지 않습니다. ASOS 공통 조사월 1개에서 기온·습도·강수·풍속의 관측 연관성을 추세 연장분에만 최대 ±3점으로 제한 적용(보정 +0점). 2027년 미래 기상값은 생성하거나 가정하지 않았습니다.",관찰,0,0,0.0534,기온,기상 근거 보강,1,ASOS 공통 조사월 1개에서 기온·습도·강수·풍속의 관측 연관성을 추세 연장분에만 최대 ±3점으로 제한 적용(보정 +0점). 2027년 미래 기상값은 생성하거나 가정하지 않았습니다.,F27-WX1 설명가능 완화추세,"2024·2026 관측자료와 ASOS 공통 조사월의 연관성을 이용한 상대 위험 전망입니다. 2026년은 부분연도이며, 2027년 실제 기상·발생·확률을 확정하지 않습니다."
논벼,벼줄기굴파리,해충,경기도,0.0,0.0,0,유지,보통,36,2024·2026,"기준선 비교: 2026 유지 0.0점, 2024·2026 가중평균 0.0점, 선택 모델(완화 추세+표본 축소) 0.0점. 지역 변화 +0.0점을 표본가중치 0.75로 같은 병해충·작물의 지역 중앙 변화 +0.0점 방향에 축소하고, 1년 연장 변화는 ±20점으로 제한했습니다. 양년 자료 있음, 공통 조사단위 2개, 유효 관측 36건, 결측률 0.0%, 단위별 변화 변동성 0.0점. 비교는 가능하지만 표본 또는 변동성에 불확실성이 남습니다. 2024·2026 두 개 연도의 NCPMS 예찰자료만 사용한 상대 위험 전망으로, 기상·재배면적·방제 변화와 2027년 실제 발생을 확정하지 않습니다. ASOS 공통 조사월 1개에서 기온·습도·강수·풍속의 관측 연관성을 추세 연장분에만 최대 ±3점으로 제한 적용(보정 +0점). 2027년 미래 기상값은 생성하거나 가정하지 않았습니다.",관찰,0,0,0.02,기온,기상 근거 보강,1,ASOS 공통 조사월 1개에서 기온·습도·강수·풍속의 관측 연관성을 추세 연장분에만 최대 ±3점으로 제한 적용(보정 +0점). 2027년 미래 기상값은 생성하거나 가정하지 않았습니다.,F27-WX1 설명가능 완화추세,"2024·2026 관측자료와 ASOS 공통 조사월의 연관성을 이용한 상대 위험 전망입니다. 2026년은 부분연도이며, 2027년 실제 기상·발생·확률을 확정하지 않습니다."
논벼,벼줄기굴파리,해충,경상남도,0.0,0.0,0,유지,보통,32,2024·2026,"기준선 비교: 2026 유지 0.0점, 2024·2026 가중평균 0.0점, 선택 모델(완화 추세+표본 축소) 0.0점. 지역 변화 +0.0점을 표본가중치 0.73로 같은 병해충·작물의 지역 중앙 변화 +0.0점 방향에 축소하고, 1년 연장 변화는 ±20점으로 제한했습니다. 양년 자료 있음, 공통 조사단위 2개, 유효 관측 32건, 결측률 0.0%, 단위별 변화 변동성 0.0점. 비교는 가능하지만 표본 또는 변동성에 불확실성이 남습니다. 2024·2026 두 개 연도의 NCPMS 예찰자료만 사용한 상대 위험 전망으로, 기상·재배면적·방제 변화와 2027년 실제 발생을 확정하지 않습니다. ASOS 공통 조사월 1개에서 기온·습도·강수·풍속의 관측 연관성을 추세 연장분에만 최대 ±3점으로 제한 적용(보정 +0점). 2027년 미래 기상값은 생성하거나 가정하지 않았습니다.",관찰,0,0,0.0323,기온,기상 근거 보강,1,ASOS 공통 조사월 1개에서 기온·습도·강수·풍속의 관측 연관성을 추세 연장분에만 최대 ±3점으로 제한 적용(보정 +0점). 2027년 미래 기상값은 생성하거나 가정하지 않았습니다.,F27-WX1 설명가능 완화추세,"2024·2026 관측자료와 ASOS 공통 조사월의 연관성을 이용한 상대 위험 전망입니다. 2026년은 부분연도이며, 2027년 실제 기상·발생·확률을 확정하지 않습니다."
논벼,벼줄기굴파리,해충,경상북도,35.0,17.0,12,감소,낮음,32,2024·2026,"기준선 비교: 2026 유지 16.7점, 2024·2026 가중평균 23.0점, 선택 모델(완화 추세+표본 축소) 12.0점. 지역 변화 -18.1점을 표본가중치 0.73로 같은 병해충·작물의 지역 중앙 변화 +0.0점 방향에 축소하고, 1년 연장 변화는 ±20점으로 제한했습니다. 양년 자료 있음, 공통 조사단위 2개, 유효 관측 32건, 결측률 0.0%, 단위별 변화 변동성 84.8점. 제한된 비교 단위 또는 변동성 때문에 보수적으로 낮게 평가합니다. 2024·2026 두 개 연도의 NCPMS 예찰자료만 사용한 상대 위험 전망으로, 기상·재배면적·방제 변화와 2027년 실제 발생을 확정하지 않습니다. ASOS 공통 조사월 1개에서 기온·습도·강수·풍속의 관측 연관성을 추세 연장분에만 최대 ±3점으로 제한 적용(보정 +0점). 2027년 미래 기상값은 생성하거나 가정하지 않았습니다.",관찰,12,0,0.0368,기온,기상 근거 보강,1,ASOS 공통 조사월 1개에서 기온·습도·강수·풍속의 관측 연관성을 추세 연장분에만 최대 ±3점으로 제한 적용(보정 +0점). 2027년 미래 기상값은 생성하거나 가정하지 않았습니다.,F27-WX1 설명가능 완화추세,"2024·2026 관측자료와 ASOS 공통 조사월의 연관성을 이용한 상대 위험 전망입니다. 2026년은 부분연도이며, 2027년 실제 기상·발생·확률을 확정하지 않습니다."
논벼,벼줄기굴파리,해충,대구광역시,0.0,0.0,0,유지,보통,32,2024·2026,"기준선 비교: 2026 유지 0.0점, 2024·2026 가중평균 0.0점, 선택 모델(완화 추세+표본 축소) 0.0점. 지역 변화 +0.0점을 표본가중치 0.73로 같은 병해충·작물의 지역 중앙 변화 +0.0점 방향에 축소하고, 1년 연장 변화는 ±20점으로 제한했습니다. 양년 자료 있음, 공통 조사단위 2개, 유효 관측 32건, 결측률 0.0%, 단위별 변화 변동성 0.0점. 비교는 가능하지만 표본 또는 변동성에 불확실성이 남습니다. 2024·2026 두 개 연도의 NCPMS 예찰자료만 사용한 상대 위험 전망으로, 기상·재배면적·방제 변화와 2027년 실제 발생을 확정하지 않습니다. ASOS 공통 조사월 1개에서 기온·습도·강수·풍속의 관측 연관성을 추세 연장분에만 최대 ±3점으로 제한 적용(보정 +0점). 2027년 미래 기상값은 생성하거나 가정하지 않았습니다.",관찰,0,0,0.0618,기온,기상 근거 보강,1,ASOS 공통 조사월 1개에서 기온·습도·강수·풍속의 관측 연관성을 추세 연장분에만 최대 ±3점으로 제한 적용(보정 +0점). 2027년 미래 기상값은 생성하거나 가정하지 않았습니다.,F27-WX1 설명가능 완화추세,"2024·2026 관측자료와 ASOS 공통 조사월의 연관성을 이용한 상대 위험 전망입니다. 2026년은 부분연도이며, 2027년 실제 기상·발생·확률을 확정하지 않습니다."
논벼,벼줄기굴파리,해충,대전광역시,0.0,0.0,0,유지,보통,32,2024·2026,"기준선 비교: 2026 유지 0.0점, 2024·2026 가중평균 0.0점, 선택 모델(완화 추세+표본 축소) 0.0점. 지역 변화 +0.0점을 표본가중치 0.73로 같은 병해충·작물의 지역 중앙 변화 +0.0점 방향에 축소하고, 1년 연장 변화는 ±20점으로 제한했습니다. 양년 자료 있음, 공통 조사단위 2개, 유효 관측 32건, 결측률 0.0%, 단위별 변화 변동성 0.0점. 비교는 가능하지만 표본 또는 변동성에 불확실성이 남습니다. 2024·2026 두 개 연도의 NCPMS 예찰자료만 사용한 상대 위험 전망으로, 기상·재배면적·방제 변화와 2027년 실제 발생을 확정하지 않습니다. ASOS 공통 조사월 1개에서 기온·습도·강수·풍속의 관측 연관성을 추세 연장분에만 최대 ±3점으로 제한 적용(보정 +0점). 2027년 미래 기상값은 생성하거나 가정하지 않았습니다.",관찰,0,0,0.0032,기온,기상 근거 보강,1,ASOS 공통 조사월 1개에서 기온·습도·강수·풍속의 관측 연관성을 추세 연장분에만 최대 ±3점으로 제한 적용(보정 +0점). 2027년 미래 기상값은 생성하거나 가정하지 않았습니다.,F27-WX1 설명가능 완화추세,"2024·2026 관측자료와 ASOS 공통 조사월의 연관성을 이용한 상대 위험 전망입니다. 2026년은 부분연도이며, 2027년 실제 기상·발생·확률을 확정하지 않습니다."
논벼,벼줄기굴파리,해충,부산광역시,0.0,0.0,0,유지,보통,32,2024·2026,"기준선 비교: 2026 유지 0.0점, 2024·2026 가중평균 0.0점, 선택 모델(완화 추세+표본 축소) 0.0점. 지역 변화 +0.0점을 표본가중치 0.73로 같은 병해충·작물의 지역 중앙 변화 +0.0점 방향에 축소하고, 1년 연장 변화는 ±20점으로 제한했습니다. 양년 자료 있음, 공통 조사단위 2개, 유효 관측 32건, 결측률 0.0%, 단위별 변화 변동성 0.0점. 비교는 가능하지만 표본 또는 변동성에 불확실성이 남습니다. 2024·2026 두 개 연도의 NCPMS 예찰자료만 사용한 상대 위험 전망으로, 기상·재배면적·방제 변화와 2027년 실제 발생을 확정하지 않습니다. ASOS 공통 조사월 1개에서 기온·습도·강수·풍속의 관측 연관성을 추세 연장분에만 최대 ±3점으로 제한 적용(보정 +0점). 2027년 미래 기상값은 생성하거나 가정하지 않았습니다.",관찰,0,0,0.0197,강수량,기상 근거 보강,1,ASOS 공통 조사월 1개에서 기온·습도·강수·풍속의 관측 연관성을 추세 연장분에만 최대 ±3점으로 제한 적용(보정 +0점). 2027년 미래 기상값은 생성하거나 가정하지 않았습니다.,F27-WX1 설명가능 완화추세,"2024·2026 관측자료와 ASOS 공통 조사월의 연관성을 이용한 상대 위험 전망입니다. 2026년은 부분연도이며, 2027년 실제 기상·발생·확률을 확정하지 않습니다."
논벼,벼줄기굴파리,해충,세종특별자치시,0.0,0.0,0,유지,보통,28,2024·2026,"기준선 비교: 2026 유지 0.0점, 2024·2026 가중평균 0.0점, 선택 모델(완화 추세+표본 축소) 0.0점. 지역 변화 +0.0점을 표본가중치 0.70로 같은 병해충·작물의 지역 중앙 변화 +0.0점 방향에 축소하고, 1년 연장 변화는 ±20점으로 제한했습니다. 양년 자료 있음, 공통 조사단위 2개, 유효 관측 28건, 결측률 0.0%, 단위별 변화 변동성 0.0점. 비교는 가능하지만 표본 또는 변동성에 불확실성이 남습니다. 2024·2026 두 개 연도의 NCPMS 예찰자료만 사용한 상대 위험 전망으로, 기상·재배면적·방제 변화와 2027년 실제 발생을 확정하지 않습니다. ASOS 공통 조사월 1개에서 기온·습도·강수·풍속의 관측 연관성을 추세 연장분에만 최대 ±3점으로 제한 적용(보정 +0점). 2027년 미래 기상값은 생성하거나 가정하지 않았습니다.",관찰,0,0,0.0143,기온,기상 근거 보강,1,ASOS 공통 조사월 1개에서 기온·습도·강수·풍속의 관측 연관성을 추세 연장분에만 최대 ±3점으로 제한 적용(보정 +0점). 2027년 미래 기상값은 생성하거나 가정하지 않았습니다.,F27-WX1 설명가능 완화추세,"2024·2026 관측자료와 ASOS 공통 조사월의 연관성을 이용한 상대 위험 전망입니다. 2026년은 부분연도이며, 2027년 실제 기상·발생·확률을 확정하지 않습니다."
논벼,벼줄기굴파리,해충,울산광역시,0.0,0.0,0,유지,보통,32,2024·2026,"기준선 비교: 2026 유지 0.0점, 2024·2026 가중평균 0.0점, 선택 모델(완화 추세+표본 축소) 0.0점. 지역 변화 +0.0점을 표본가중치 0.73로 같은 병해충·작물의 지역 중앙 변화 +0.0점 방향에 축소하고, 1년 연장 변화는 ±20점으로 제한했습니다. 양년 자료 있음, 공통 조사단위 2개, 유효 관측 32건, 결측률 0.0%, 단위별 변화 변동성 0.0점. 비교는 가능하지만 표본 또는 변동성에 불확실성이 남습니다. 2024·2026 두 개 연도의 NCPMS 예찰자료만 사용한 상대 위험 전망으로, 기상·재배면적·방제 변화와 2027년 실제 발생을 확정하지 않습니다. ASOS 공통 조사월 1개에서 기온·습도·강수·풍속의 관측 연관성을 추세 연장분에만 최대 ±3점으로 제한 적용(보정 +0점). 2027년 미래 기상값은 생성하거나 가정하지 않았습니다.",관찰,0,0,0.0459,기온,기상 근거 보강,1,ASOS 공통 조사월 1개에서 기온·습도·강수·풍속의 관측 연관성을 추세 연장분에만 최대 ±3점으로 제한 적용(보정 +0점). 2027년 미래 기상값은 생성하거나 가정하지 않았습니다.,F27-WX1 설명가능 완화추세,"2024·2026 관측자료와 ASOS 공통 조사월의 연관성을 이용한 상대 위험 전망입니다. 2026년은 부분연도이며, 2027년 실제 기상·발생·확률을 확정하지 않습니다."
논벼,벼줄기굴파리,해충,인천광역시,28.0,0.0,0,유지,보통,32,2024·2026,"기준선 비교: 2026 유지 0.0점, 2024·2026 가중평균 9.9점, 선택 모델(완화 추세+표본 축소) 0.0점. 지역 변화 -28.4점을 표본가중치 0.73로 같은 병해충·작물의 지역 중앙 변화 +0.0점 방향에 축소하고, 1년 연장 변화는 ±20점으로 제한했습니다. 양년 자료 있음, 공통 조사단위 2개, 유효 관측 32건, 결측률 0.0%, 단위별 변화 변동성 28.4점. 비교는 가능하지만 표본 또는 변동성에 불확실성이 남습니다. 2024·2026 두 개 연도의 NCPMS 예찰자료만 사용한 상대 위험 전망으로, 기상·재배면적·방제 변화와 2027년 실제 발생을 확정하지 않습니다. ASOS 공통 조사월 1개에서 기온·습도·강수·풍속의 관측 연관성을 추세 연장분에만 최대 ±3점으로 제한 적용(보정 +0점). 2027년 미래 기상값은 생성하거나 가정하지 않았습니다.",관찰,0,0,0.005,기온,기상 근거 보강,1,ASOS 공통 조사월 1개에서 기온·습도·강수·풍속의 관측 연관성을 추세 연장분에만 최대 ±3점으로 제한 적용(보정 +0점). 2027년 미래 기상값은 생성하거나 가정하지 않았습니다.,F27-WX1 설명가능 완화추세,"2024·2026 관측자료와 ASOS 공통 조사월의 연관성을 이용한 상대 위험 전망입니다. 2026년은 부분연도이며, 2027년 실제 기상·발생·확률을 확정하지 않습니다."
논벼,벼줄기굴파리,해충,전남광주통합특별시,0.0,0.0,0,유지,보통,32,2024·2026,"기준선 비교: 2026 유지 0.1점, 2024·2026 가중평균 0.1점, 선택 모델(완화 추세+표본 축소) 0.2점. 지역 변화 +0.1점을 표본가중치 0.73로 같은 병해충·작물의 지역 중앙 변화 +0.0점 방향에 축소하고, 1년 연장 변화는 ±20점으로 제한했습니다. 양년 자료 있음, 공통 조사단위 2개, 유효 관측 32건, 결측률 0.0%, 단위별 변화 변동성 0.1점. 비교는 가능하지만 표본 또는 변동성에 불확실성이 남습니다. 2024·2026 두 개 연도의 NCPMS 예찰자료만 사용한 상대 위험 전망으로, 기상·재배면적·방제 변화와 2027년 실제 발생을 확정하지 않습니다. ASOS 공통 조사월 1개에서 기온·습도·강수·풍속의 관측 연관성을 추세 연장분에만 최대 ±3점으로 제한 적용(보정 +0점). 2027년 미래 기상값은 생성하거나 가정하지 않았습니다.",관찰,0,0,0.0175,강수량,기상 근거 보강,1,ASOS 공통 조사월 1개에서 기온·습도·강수·풍속의 관측 연관성을 추세 연장분에만 최대 ±3점으로 제한 적용(보정 +0점). 2027년 미래 기상값은 생성하거나 가정하지 않았습니다.,F27-WX1 설명가능 완화추세,"2024·2026 관측자료와 ASOS 공통 조사월의 연관성을 이용한 상대 위험 전망입니다. 2026년은 부분연도이며, 2027년 실제 기상·발생·확률을 확정하지 않습니다."
논벼,벼줄기굴파리,해충,전북특별자치도,0.0,0.0,0,유지,보통,32,2024·2026,"기준선 비교: 2026 유지 0.0점, 2024·2026 가중평균 0.0점, 선택 모델(완화 추세+표본 축소) 0.0점. 지역 변화 +0.0점을 표본가중치 0.73로 같은 병해충·작물의 지역 중앙 변화 +0.0점 방향에 축소하고, 1년 연장 변화는 ±20점으로 제한했습니다. 양년 자료 있음, 공통 조사단위 2개, 유효 관측 32건, 결측률 0.0%, 단위별 변화 변동성 0.0점. 비교는 가능하지만 표본 또는 변동성에 불확실성이 남습니다. 2024·2026 두 개 연도의 NCPMS 예찰자료만 사용한 상대 위험 전망으로, 기상·재배면적·방제 변화와 2027년 실제 발생을 확정하지 않습니다. ASOS 공통 조사월 1개에서 기온·습도·강수·풍속의 관측 연관성을 추세 연장분에만 최대 ±3점으로 제한 적용(보정 +0점). 2027년 미래 기상값은 생성하거나 가정하지 않았습니다.",관찰,0,0,0.0145,기온,기상 근거 보강,1,ASOS 공통 조사월 1개에서 기온·습도·강수·풍속의 관측 연관성을 추세 연장분에만 최대 ±3점으로 제한 적용(보정 +0점). 2027년 미래 기상값은 생성하거나 가정하지 않았습니다.,F27-WX1 설명가능 완화추세,"2024·2026 관측자료와 ASOS 공통 조사월의 연관성을 이용한 상대 위험 전망입니다. 2026년은 부분연도이며, 2027년 실제 기상·발생·확률을 확정하지 않습니다."
논벼,벼줄기굴파리,해충,충청남도,0.0,0.0,0,유지,보통,32,2024·2026,"기준선 비교: 2026 유지 0.0점, 2024·2026 가중평균 0.0점, 선택 모델(완화 추세+표본 축소) 0.0점. 지역 변화 +0.0점을 표본가중치 0.73로 같은 병해충·작물의 지역 중앙 변화 +0.0점 방향에 축소하고, 1년 연장 변화는 ±20점으로 제한했습니다. 양년 자료 있음, 공통 조사단위 2개, 유효 관측 32건, 결측률 0.0%, 단위별 변화 변동성 0.0점. 비교는 가능하지만 표본 또는 변동성에 불확실성이 남습니다. 2024·2026 두 개 연도의 NCPMS 예찰자료만 사용한 상대 위험 전망으로, 기상·재배면적·방제 변화와 2027년 실제 발생을 확정하지 않습니다. ASOS 공통 조사월 1개에서 기온·습도·강수·풍속의 관측 연관성을 추세 연장분에만 최대 ±3점으로 제한 적용(보정 +0점). 2027년 미래 기상값은 생성하거나 가정하지 않았습니다.",관찰,0,0,0.0043,강수량,기상 근거 보강,1,ASOS 공통 조사월 1개에서 기온·습도·강수·풍속의 관측 연관성을 추세 연장분에만 최대 ±3점으로 제한 적용(보정 +0점). 2027년 미래 기상값은 생성하거나 가정하지 않았습니다.,F27-WX1 설명가능 완화추세,"2024·2026 관측자료와 ASOS 공통 조사월의 연관성을 이용한 상대 위험 전망입니다. 2026년은 부분연도이며, 2027년 실제 기상·발생·확률을 확정하지 않습니다."
논벼,벼줄기굴파리,해충,충청북도,0.0,0.0,0,유지,보통,36,2024·2026,"기준선 비교: 2026 유지 0.0점, 2024·2026 가중평균 0.0점, 선택 모델(완화 추세+표본 축소) 0.0점. 지역 변화 +0.0점을 표본가중치 0.75로 같은 병해충·작물의 지역 중앙 변화 +0.0점 방향에 축소하고, 1년 연장 변화는 ±20점으로 제한했습니다. 양년 자료 있음, 공통 조사단위 2개, 유효 관측 36건, 결측률 0.0%, 단위별 변화 변동성 0.0점. 비교는 가능하지만 표본 또는 변동성에 불확실성이 남습니다. 2024·2026 두 개 연도의 NCPMS 예찰자료만 사용한 상대 위험 전망으로, 기상·재배면적·방제 변화와 2027년 실제 발생을 확정하지 않습니다. ASOS 공통 조사월 1개에서 기온·습도·강수·풍속의 관측 연관성을 추세 연장분에만 최대 ±3점으로 제한 적용(보정 +0점). 2027년 미래 기상값은 생성하거나 가정하지 않았습니다.",관찰,0,0,0.0161,기온,기상 근거 보강,1,ASOS 공통 조사월 1개에서 기온·습도·강수·풍속의 관측 연관성을 추세 연장분에만 최대 ±3점으로 제한 적용(보정 +0점). 2027년 미래 기상값은 생성하거나 가정하지 않았습니다.,F27-WX1 설명가능 완화추세,"2024·2026 관측자료와 ASOS 공통 조사월의 연관성을 이용한 상대 위험 전망입니다. 2026년은 부분연도이며, 2027년 실제 기상·발생·확률을 확정하지 않습니다."
보리,보리굴파리,해충,경상남도,,0.0,,전망자료 부족,낮음,6,2026,"양년 자료 없음, 공통 조사단위 0개, 유효 관측 6건, 결측률 0.0%, 단위별 변화 변동성 100.0점. 제한된 비교 단위 또는 변동성 때문에 보수적으로 낮게 평가합니다. 2024·2026 두 개 연도의 NCPMS 예찰자료만 사용한 상대 위험 전망으로, 기상·재배면적·방제 변화와 2027년 실제 발생을 확정하지 않습니다. ASOS 공통 조사월 0개에서 기온·습도·강수·풍속의 관측 연관성을 추세 연장분에만 최대 ±3점으로 제한 적용(보정 +0점). 2027년 미래 기상값은 생성하거나 가정하지 않았습니다.",전망자료 부족,,,0.0,—,기상근거 부족,0,ASOS 공통 조사월 0개에서 기온·습도·강수·풍속의 관측 연관성을 추세 연장분에만 최대 ±3점으로 제한 적용(보정 +0점). 2027년 미래 기상값은 생성하거나 가정하지 않았습니다.,F27-WX1 설명가능 완화추세,"2024·2026 관측자료와 ASOS 공통 조사월의 연관성을 이용한 상대 위험 전망입니다. 2026년은 부분연도이며, 2027년 실제 기상·발생·확률을 확정하지 않습니다."
보리,보리굴파리,해충,경상북도,,0.0,,전망자료 부족,낮음,6,2026,"양년 자료 없음, 공통 조사단위 0개, 유효 관측 6건, 결측률 0.0%, 단위별 변화 변동성 100.0점. 제한된 비교 단위 또는 변동성 때문에 보수적으로 낮게 평가합니다. 2024·2026 두 개 연도의 NCPMS 예찰자료만 사용한 상대 위험 전망으로, 기상·재배면적·방제 변화와 2027년 실제 발생을 확정하지 않습니다. ASOS 공통 조사월 0개에서 기온·습도·강수·풍속의 관측 연관성을 추세 연장분에만 최대 ±3점으로 제한 적용(보정 +0점). 2027년 미래 기상값은 생성하거나 가정하지 않았습니다.",전망자료 부족,,,0.0,—,기상근거 부족,0,ASOS 공통 조사월 0개에서 기온·습도·강수·풍속의 관측 연관성을 추세 연장분에만 최대 ±3점으로 제한 적용(보정 +0점). 2027년 미래 기상값은 생성하거나 가정하지 않았습니다.,F27-WX1 설명가능 완화추세,"2024·2026 관측자료와 ASOS 공통 조사월의 연관성을 이용한 상대 위험 전망입니다. 2026년은 부분연도이며, 2027년 실제 기상·발생·확률을 확정하지 않습니다."
보리,보리굴파리,해충,전남광주통합특별시,,17.0,,전망자료 부족,낮음,6,2026,"양년 자료 없음, 공통 조사단위 0개, 유효 관측 6건, 결측률 0.0%, 단위별 변화 변동성 100.0점. 제한된 비교 단위 또는 변동성 때문에 보수적으로 낮게 평가합니다. 2024·2026 두 개 연도의 NCPMS 예찰자료만 사용한 상대 위험 전망으로, 기상·재배면적·방제 변화와 2027년 실제 발생을 확정하지 않습니다. ASOS 공통 조사월 0개에서 기온·습도·강수·풍속의 관측 연관성을 추세 연장분에만 최대 ±3점으로 제한 적용(보정 +0점). 2027년 미래 기상값은 생성하거나 가정하지 않았습니다.",전망자료 부족,,,0.0,—,기상근거 부족,0,ASOS 공통 조사월 0개에서 기온·습도·강수·풍속의 관측 연관성을 추세 연장분에만 최대 ±3점으로 제한 적용(보정 +0점). 2027년 미래 기상값은 생성하거나 가정하지 않았습니다.,F27-WX1 설명가능 완화추세,"2024·2026 관측자료와 ASOS 공통 조사월의 연관성을 이용한 상대 위험 전망입니다. 2026년은 부분연도이며, 2027년 실제 기상·발생·확률을 확정하지 않습니다."
보리,보리굴파리,해충,전북특별자치도,,0.0,,전망자료 부족,낮음,6,2026,"양년 자료 없음, 공통 조사단위 0개, 유효 관측 6건, 결측률 0.0%, 단위별 변화 변동성 100.0점. 제한된 비교 단위 또는 변동성 때문에 보수적으로 낮게 평가합니다. 2024·2026 두 개 연도의 NCPMS 예찰자료만 사용한 상대 위험 전망으로, 기상·재배면적·방제 변화와 2027년 실제 발생을 확정하지 않습니다. ASOS 공통 조사월 0개에서 기온·습도·강수·풍속의 관측 연관성을 추세 연장분에만 최대 ±3점으로 제한 적용(보정 +0점). 2027년 미래 기상값은 생성하거나 가정하지 않았습니다.",전망자료 부족,,,0.0,—,기상근거 부족,0,ASOS 공통 조사월 0개에서 기온·습도·강수·풍속의 관측 연관성을 추세 연장분에만 최대 ±3점으로 제한 적용(보정 +0점). 2027년 미래 기상값은 생성하거나 가정하지 않았습니다.,F27-WX1 설명가능 완화추세,"2024·2026 관측자료와 ASOS 공통 조사월의 연관성을 이용한 상대 위험 전망입니다. 2026년은 부분연도이며, 2027년 실제 기상·발생·확률을 확정하지 않습니다."
보리,보리굴파리,해충,충청남도,,0.0,,전망자료 부족,낮음,6,2026,"양년 자료 없음, 공통 조사단위 0개, 유효 관측 6건, 결측률 0.0%, 단위별 변화 변동성 100.0점. 제한된 비교 단위 또는 변동성 때문에 보수적으로 낮게 평가합니다. 2024·2026 두 개 연도의 NCPMS 예찰자료만 사용한 상대 위험 전망으로, 기상·재배면적·방제 변화와 2027년 실제 발생을 확정하지 않습니다. ASOS 공통 조사월 0개에서 기온·습도·강수·풍속의 관측 연관성을 추세 연장분에만 최대 ±3점으로 제한 적용(보정 +0점). 2027년 미래 기상값은 생성하거나 가정하지 않았습니다.",전망자료 부족,,,0.0,—,기상근거 부족,0,ASOS 공통 조사월 0개에서 기온·습도·강수·풍속의 관측 연관성을 추세 연장분에만 최대 ±3점으로 제한 적용(보정 +0점). 2027년 미래 기상값은 생성하거나 가정하지 않았습니다.,F27-WX1 설명가능 완화추세,"2024·2026 관측자료와 ASOS 공통 조사월의 연관성을 이용한 상대 위험 전망입니다. 2026년은 부분연도이며, 2027년 실제 기상·발생·확률을 확정하지 않습니다."
보리,보리굴파리,해충,충청북도,,0.0,,전망자료 부족,낮음,6,2026,"양년 자료 없음, 공통 조사단위 0개, 유효 관측 6건, 결측률 0.0%, 단위별 변화 변동성 100.0점. 제한된 비교 단위 또는 변동성 때문에 보수적으로 낮게 평가합니다. 2024·2026 두 개 연도의 NCPMS 예찰자료만 사용한 상대 위험 전망으로, 기상·재배면적·방제 변화와 2027년 실제 발생을 확정하지 않습니다. ASOS 공통 조사월 0개에서 기온·습도·강수·풍속의 관측 연관성을 추세 연장분에만 최대 ±3점으로 제한 적용(보정 +0점). 2027년 미래 기상값은 생성하거나 가정하지 않았습니다.",전망자료 부족,,,0.0,—,기상근거 부족,0,ASOS 공통 조사월 0개에서 기온·습도·강수·풍속의 관측 연관성을 추세 연장분에만 최대 ±3점으로 제한 적용(보정 +0점). 2027년 미래 기상값은 생성하거나 가정하지 않았습니다.,F27-WX1 설명가능 완화추세,"2024·2026 관측자료와 ASOS 공통 조사월의 연관성을 이용한 상대 위험 전망입니다. 2026년은 부분연도이며, 2027년 실제 기상·발생·확률을 확정하지 않습니다."
배,복숭아순나방,해충,강원특별자치도,43.0,37.0,37,유지,낮음,18,2024·2026,"기준선 비교: 2026 유지 37.1점, 2024·2026 가중평균 39.2점, 선택 모델(완화 추세+표본 축소) 37.0점. 지역 변화 -6.1점을 표본가중치 0.60로 같은 병해충·작물의 지역 중앙 변화 +9.1점 방향에 축소하고, 1년 연장 변화는 ±20점으로 제한했습니다. 양년 자료 있음, 공통 조사단위 1개, 유효 관측 18건, 결측률 0.0%, 단위별 변화 변동성 0.0점. 제한된 비교 단위 또는 변동성 때문에 보수적으로 낮게 평가합니다. 2024·2026 두 개 연도의 NCPMS 예찰자료만 사용한 상대 위험 전망으로, 기상·재배면적·방제 변화와 2027년 실제 발생을 확정하지 않습니다. ASOS 공통 조사월 1개에서 기온·습도·강수·풍속의 관측 연관성을 추세 연장분에만 최대 ±3점으로 제한 적용(보정 +0점). 2027년 미래 기상값은 생성하거나 가정하지 않았습니다.",주의,37,0,-0.0234,강수량,기상 연관성 참고,1,ASOS 공통 조사월 1개에서 기온·습도·강수·풍속의 관측 연관성을 추세 연장분에만 최대 ±3점으로 제한 적용(보정 +0점). 2027년 미래 기상값은 생성하거나 가정하지 않았습니다.,F27-WX1 설명가능 완화추세,"2024·2026 관측자료와 ASOS 공통 조사월의 연관성을 이용한 상대 위험 전망입니다. 2026년은 부분연도이며, 2027년 실제 기상·발생·확률을 확정하지 않습니다."
배,복숭아순나방,해충,경기도,7.0,42.0,51,증가,보통,26,2024·2026,"기준선 비교: 2026 유지 41.9점, 2024·2026 가중평균 29.6점, 선택 모델(완화 추세+표본 축소) 51.3점. 지역 변화 +35.2점을 표본가중치 0.68로 같은 병해충·작물의 지역 중앙 변화 +9.1점 방향에 축소하고, 1년 연장 변화는 ±20점으로 제한했습니다. 양년 자료 있음, 공통 조사단위 4개, 유효 관측 26건, 결측률 0.0%, 단위별 변화 변동성 24.4점. 비교는 가능하지만 표본 또는 변동성에 불확실성이 남습니다. 2024·2026 두 개 연도의 NCPMS 예찰자료만 사용한 상대 위험 전망으로, 기상·재배면적·방제 변화와 2027년 실제 발생을 확정하지 않습니다. ASOS 공통 조사월 2개에서 기온·습도·강수·풍속의 관측 연관성을 추세 연장분에만 최대 ±3점으로 제한 적용(보정 +0점). 2027년 미래 기상값은 생성하거나 가정하지 않았습니다.",주의,51,0,0.0499,강수량,기상 연관성 참고,2,ASOS 공통 조사월 2개에서 기온·습도·강수·풍속의 관측 연관성을 추세 연장분에만 최대 ±3점으로 제한 적용(보정 +0점). 2027년 미래 기상값은 생성하거나 가정하지 않았습니다.,F27-WX1 설명가능 완화추세,"2024·2026 관측자료와 ASOS 공통 조사월의 연관성을 이용한 상대 위험 전망입니다. 2026년은 부분연도이며, 2027년 실제 기상·발생·확률을 확정하지 않습니다."
배,복숭아순나방,해충,경상남도,15.0,29.0,34,증가,높음,26,2024·2026,"기준선 비교: 2026 유지 29.1점, 2024·2026 가중평균 24.1점, 선택 모델(완화 추세+표본 축소) 33.5점. 지역 변화 +14.4점을 표본가중치 0.68로 같은 병해충·작물의 지역 중앙 변화 +9.1점 방향에 축소하고, 1년 연장 변화는 ±20점으로 제한했습니다. 양년 자료 있음, 공통 조사단위 4개, 유효 관측 26건, 결측률 0.0%, 단위별 변화 변동성 12.4점. 양년 반복관측·낮은 결측·낮은 변동성 기준을 충족합니다. 2024·2026 두 개 연도의 NCPMS 예찰자료만 사용한 상대 위험 전망으로, 기상·재배면적·방제 변화와 2027년 실제 발생을 확정하지 않습니다. ASOS 공통 조사월 2개에서 기온·습도·강수·풍속의 관측 연관성을 추세 연장분에만 최대 ±3점으로 제한 적용(보정 +0점). 2027년 미래 기상값은 생성하거나 가정하지 않았습니다.",주의,34,0,0.0711,강수량,기상 연관성 참고,2,ASOS 공통 조사월 2개에서 기온·습도·강수·풍속의 관측 연관성을 추세 연장분에만 최대 ±3점으로 제한 적용(보정 +0점). 2027년 미래 기상값은 생성하거나 가정하지 않았습니다.,F27-WX1 설명가능 완화추세,"2024·2026 관측자료와 ASOS 공통 조사월의 연관성을 이용한 상대 위험 전망입니다. 2026년은 부분연도이며, 2027년 실제 기상·발생·확률을 확정하지 않습니다."
배,복숭아순나방,해충,경상북도,19.0,32.0,37,증가,보통,26,2024·2026,"기준선 비교: 2026 유지 32.4점, 2024·2026 가중평균 27.7점, 선택 모델(완화 추세+표본 축소) 36.6점. 지역 변화 +13.4점을 표본가중치 0.68로 같은 병해충·작물의 지역 중앙 변화 +9.1점 방향에 축소하고, 1년 연장 변화는 ±20점으로 제한했습니다. 양년 자료 있음, 공통 조사단위 4개, 유효 관측 26건, 결측률 0.0%, 단위별 변화 변동성 21.8점. 비교는 가능하지만 표본 또는 변동성에 불확실성이 남습니다. 2024·2026 두 개 연도의 NCPMS 예찰자료만 사용한 상대 위험 전망으로, 기상·재배면적·방제 변화와 2027년 실제 발생을 확정하지 않습니다. ASOS 공통 조사월 2개에서 기온·습도·강수·풍속의 관측 연관성을 추세 연장분에만 최대 ±3점으로 제한 적용(보정 +0점). 2027년 미래 기상값은 생성하거나 가정하지 않았습니다.",주의,37,0,-0.0043,강수량,기상 연관성 참고,2,ASOS 공통 조사월 2개에서 기온·습도·강수·풍속의 관측 연관성을 추세 연장분에만 최대 ±3점으로 제한 적용(보정 +0점). 2027년 미래 기상값은 생성하거나 가정하지 않았습니다.,F27-WX1 설명가능 완화추세,"2024·2026 관측자료와 ASOS 공통 조사월의 연관성을 이용한 상대 위험 전망입니다. 2026년은 부분연도이며, 2027년 실제 기상·발생·확률을 확정하지 않습니다."
배,복숭아순나방,해충,세종특별자치시,3.0,1.0,2,유지,높음,24,2024·2026,"기준선 비교: 2026 유지 1.3점, 2024·2026 가중평균 1.9점, 선택 모델(완화 추세+표본 축소) 2.0점. 지역 변화 -1.5점을 표본가중치 0.67로 같은 병해충·작물의 지역 중앙 변화 +9.1점 방향에 축소하고, 1년 연장 변화는 ±20점으로 제한했습니다. 양년 자료 있음, 공통 조사단위 4개, 유효 관측 24건, 결측률 0.0%, 단위별 변화 변동성 1.4점. 양년 반복관측·낮은 결측·낮은 변동성 기준을 충족합니다. 2024·2026 두 개 연도의 NCPMS 예찰자료만 사용한 상대 위험 전망으로, 기상·재배면적·방제 변화와 2027년 실제 발생을 확정하지 않습니다. ASOS 공통 조사월 2개에서 기온·습도·강수·풍속의 관측 연관성을 추세 연장분에만 최대 ±3점으로 제한 적용(보정 +0점). 2027년 미래 기상값은 생성하거나 가정하지 않았습니다.",관찰,2,0,-0.0201,강수량,기상 연관성 참고,2,ASOS 공통 조사월 2개에서 기온·습도·강수·풍속의 관측 연관성을 추세 연장분에만 최대 ±3점으로 제한 적용(보정 +0점). 2027년 미래 기상값은 생성하거나 가정하지 않았습니다.,F27-WX1 설명가능 완화추세,"2024·2026 관측자료와 ASOS 공통 조사월의 연관성을 이용한 상대 위험 전망입니다. 2026년은 부분연도이며, 2027년 실제 기상·발생·확률을 확정하지 않습니다."
배,복숭아순나방,해충,울산광역시,0.0,23.0,29,증가,높음,24,2024·2026,"기준선 비교: 2026 유지 22.6점, 2024·2026 가중평균 14.7점, 선택 모델(완화 추세+표본 축소) 28.9점. 지역 변화 +22.6점을 표본가중치 0.67로 같은 병해충·작물의 지역 중앙 변화 +9.1점 방향에 축소하고, 1년 연장 변화는 ±20점으로 제한했습니다. 양년 자료 있음, 공통 조사단위 4개, 유효 관측 24건, 결측률 0.0%, 단위별 변화 변동성 15.5점. 양년 반복관측·낮은 결측·낮은 변동성 기준을 충족합니다. 2024·2026 두 개 연도의 NCPMS 예찰자료만 사용한 상대 위험 전망으로, 기상·재배면적·방제 변화와 2027년 실제 발생을 확정하지 않습니다. ASOS 공통 조사월 2개에서 기온·습도·강수·풍속의 관측 연관성을 추세 연장분에만 최대 ±3점으로 제한 적용(보정 +0점). 2027년 미래 기상값은 생성하거나 가정하지 않았습니다.",관찰,29,0,0.0198,강수량,기상 연관성 참고,2,ASOS 공통 조사월 2개에서 기온·습도·강수·풍속의 관측 연관성을 추세 연장분에만 최대 ±3점으로 제한 적용(보정 +0점). 2027년 미래 기상값은 생성하거나 가정하지 않았습니다.,F27-WX1 설명가능 완화추세,"2024·2026 관측자료와 ASOS 공통 조사월의 연관성을 이용한 상대 위험 전망입니다. 2026년은 부분연도이며, 2027년 실제 기상·발생·확률을 확정하지 않습니다."
배,복숭아순나방,해충,전남광주통합특별시,0.0,3.0,5,유지,높음,26,2024·2026,"기준선 비교: 2026 유지 3.1점, 2024·2026 가중평균 2.1점, 선택 모델(완화 추세+표본 축소) 4.8점. 지역 변화 +3.0점을 표본가중치 0.68로 같은 병해충·작물의 지역 중앙 변화 +9.1점 방향에 축소하고, 1년 연장 변화는 ±20점으로 제한했습니다. 양년 자료 있음, 공통 조사단위 4개, 유효 관측 26건, 결측률 0.0%, 단위별 변화 변동성 1.7점. 양년 반복관측·낮은 결측·낮은 변동성 기준을 충족합니다. 2024·2026 두 개 연도의 NCPMS 예찰자료만 사용한 상대 위험 전망으로, 기상·재배면적·방제 변화와 2027년 실제 발생을 확정하지 않습니다. ASOS 공통 조사월 2개에서 기온·습도·강수·풍속의 관측 연관성을 추세 연장분에만 최대 ±3점으로 제한 적용(보정 +0점). 2027년 미래 기상값은 생성하거나 가정하지 않았습니다.",관찰,5,0,0.0559,강수량,기상 연관성 참고,2,ASOS 공통 조사월 2개에서 기온·습도·강수·풍속의 관측 연관성을 추세 연장분에만 최대 ±3점으로 제한 적용(보정 +0점). 2027년 미래 기상값은 생성하거나 가정하지 않았습니다.,F27-WX1 설명가능 완화추세,"2024·2026 관측자료와 ASOS 공통 조사월의 연관성을 이용한 상대 위험 전망입니다. 2026년은 부분연도이며, 2027년 실제 기상·발생·확률을 확정하지 않습니다."
배,복숭아순나방,해충,전북특별자치도,,16.0,,전망자료 부족,낮음,14,2026,"양년 자료 없음, 공통 조사단위 0개, 유효 관측 14건, 결측률 0.0%, 단위별 변화 변동성 100.0점. 제한된 비교 단위 또는 변동성 때문에 보수적으로 낮게 평가합니다. 2024·2026 두 개 연도의 NCPMS 예찰자료만 사용한 상대 위험 전망으로, 기상·재배면적·방제 변화와 2027년 실제 발생을 확정하지 않습니다. ASOS 공통 조사월 0개에서 기온·습도·강수·풍속의 관측 연관성을 추세 연장분에만 최대 ±3점으로 제한 적용(보정 +0점). 2027년 미래 기상값은 생성하거나 가정하지 않았습니다.",전망자료 부족,,,0.0,—,기상근거 부족,0,ASOS 공통 조사월 0개에서 기온·습도·강수·풍속의 관측 연관성을 추세 연장분에만 최대 ±3점으로 제한 적용(보정 +0점). 2027년 미래 기상값은 생성하거나 가정하지 않았습니다.,F27-WX1 설명가능 완화추세,"2024·2026 관측자료와 ASOS 공통 조사월의 연관성을 이용한 상대 위험 전망입니다. 2026년은 부분연도이며, 2027년 실제 기상·발생·확률을 확정하지 않습니다."
배,복숭아순나방,해충,충청남도,0.0,9.0,13,유지,높음,26,2024·2026,"기준선 비교: 2026 유지 9.4점, 2024·2026 가중평균 6.3점, 선택 모델(완화 추세+표본 축소) 12.6점. 지역 변화 +9.1점을 표본가중치 0.68로 같은 병해충·작물의 지역 중앙 변화 +9.1점 방향에 축소하고, 1년 연장 변화는 ±20점으로 제한했습니다. 양년 자료 있음, 공통 조사단위 4개, 유효 관측 26건, 결측률 0.0%, 단위별 변화 변동성 11.8점. 양년 반복관측·낮은 결측·낮은 변동성 기준을 충족합니다. 2024·2026 두 개 연도의 NCPMS 예찰자료만 사용한 상대 위험 전망으로, 기상·재배면적·방제 변화와 2027년 실제 발생을 확정하지 않습니다. ASOS 공통 조사월 2개에서 기온·습도·강수·풍속의 관측 연관성을 추세 연장분에만 최대 ±3점으로 제한 적용(보정 +0점). 2027년 미래 기상값은 생성하거나 가정하지 않았습니다.",관찰,13,0,0.0278,강수량,기상 연관성 참고,2,ASOS 공통 조사월 2개에서 기온·습도·강수·풍속의 관측 연관성을 추세 연장분에만 최대 ±3점으로 제한 적용(보정 +0점). 2027년 미래 기상값은 생성하거나 가정하지 않았습니다.,F27-WX1 설명가능 완화추세,"2024·2026 관측자료와 ASOS 공통 조사월의 연관성을 이용한 상대 위험 전망입니다. 2026년은 부분연도이며, 2027년 실제 기상·발생·확률을 확정하지 않습니다."
배,복숭아순나방,해충,충청북도,0.0,0.0,1,유지,높음,26,2024·2026,"기준선 비교: 2026 유지 0.0점, 2024·2026 가중평균 0.0점, 선택 모델(완화 추세+표본 축소) 1.0점. 지역 변화 +0.0점을 표본가중치 0.68로 같은 병해충·작물의 지역 중앙 변화 +9.1점 방향에 축소하고, 1년 연장 변화는 ±20점으로 제한했습니다. 양년 자료 있음, 공통 조사단위 4개, 유효 관측 26건, 결측률 0.0%, 단위별 변화 변동성 0.0점. 양년 반복관측·낮은 결측·낮은 변동성 기준을 충족합니다. 2024·2026 두 개 연도의 NCPMS 예찰자료만 사용한 상대 위험 전망으로, 기상·재배면적·방제 변화와 2027년 실제 발생을 확정하지 않습니다. ASOS 공통 조사월 2개에서 기온·습도·강수·풍속의 관측 연관성을 추세 연장분에만 최대 ±3점으로 제한 적용(보정 +0점). 2027년 미래 기상값은 생성하거나 가정하지 않았습니다.",관찰,1,0,0.0376,강수량,기상 연관성 참고,2,ASOS 공통 조사월 2개에서 기온·습도·강수·풍속의 관측 연관성을 추세 연장분에만 최대 ±3점으로 제한 적용(보정 +0점). 2027년 미래 기상값은 생성하거나 가정하지 않았습니다.,F27-WX1 설명가능 완화추세,"2024·2026 관측자료와 ASOS 공통 조사월의 연관성을 이용한 상대 위험 전망입니다. 2026년은 부분연도이며, 2027년 실제 기상·발생·확률을 확정하지 않습니다."
복숭아,복숭아순나방,해충,강원특별자치도,60.0,19.0,10,감소,보통,16,2024·2026,"기준선 비교: 2026 유지 18.5점, 2024·2026 가중평균 32.9점, 선택 모델(완화 추세+표본 축소) 9.6점. 지역 변화 -41.1점을 표본가중치 0.57로 같은 병해충·작물의 지역 중앙 변화 -4.4점 방향에 축소하고, 1년 연장 변화는 ±20점으로 제한했습니다. 양년 자료 있음, 공통 조사단위 3개, 유효 관측 16건, 결측률 0.0%, 단위별 변화 변동성 14.9점. 비교는 가능하지만 표본 또는 변동성에 불확실성이 남습니다. 2024·2026 두 개 연도의 NCPMS 예찰자료만 사용한 상대 위험 전망으로, 기상·재배면적·방제 변화와 2027년 실제 발생을 확정하지 않습니다. ASOS 공통 조사월 2개에서 기온·습도·강수·풍속의 관측 연관성을 추세 연장분에만 최대 ±3점으로 제한 적용(보정 +0점). 2027년 미래 기상값은 생성하거나 가정하지 않았습니다.",관찰,10,0,0.0254,습도,기상 근거 보강,2,ASOS 공통 조사월 2개에서 기온·습도·강수·풍속의 관측 연관성을 추세 연장분에만 최대 ±3점으로 제한 적용(보정 +0점). 2027년 미래 기상값은 생성하거나 가정하지 않았습니다.,F27-WX1 설명가능 완화추세,"2024·2026 관측자료와 ASOS 공통 조사월의 연관성을 이용한 상대 위험 전망입니다. 2026년은 부분연도이며, 2027년 실제 기상·발생·확률을 확정하지 않습니다."
복숭아,복숭아순나방,해충,경기도,49.0,8.0,0,감소,보통,19,2024·2026,"기준선 비교: 2026 유지 7.7점, 2024·2026 가중평균 22.3점, 선택 모델(완화 추세+표본 축소) 0.0점. 지역 변화 -41.8점을 표본가중치 0.61로 같은 병해충·작물의 지역 중앙 변화 -4.4점 방향에 축소하고, 1년 연장 변화는 ±20점으로 제한했습니다. 양년 자료 있음, 공통 조사단위 4개, 유효 관측 19건, 결측률 0.0%, 단위별 변화 변동성 24.1점. 비교는 가능하지만 표본 또는 변동성에 불확실성이 남습니다. 2024·2026 두 개 연도의 NCPMS 예찰자료만 사용한 상대 위험 전망으로, 기상·재배면적·방제 변화와 2027년 실제 발생을 확정하지 않습니다. ASOS 공통 조사월 2개에서 기온·습도·강수·풍속의 관측 연관성을 추세 연장분에만 최대 ±3점으로 제한 적용(보정 +0점). 2027년 미래 기상값은 생성하거나 가정하지 않았습니다.",관찰,0,0,-0.0213,습도,기상 근거 보강,2,ASOS 공통 조사월 2개에서 기온·습도·강수·풍속의 관측 연관성을 추세 연장분에만 최대 ±3점으로 제한 적용(보정 +0점). 2027년 미래 기상값은 생성하거나 가정하지 않았습니다.,F27-WX1 설명가능 완화추세,"2024·2026 관측자료와 ASOS 공통 조사월의 연관성을 이용한 상대 위험 전망입니다. 2026년은 부분연도이며, 2027년 실제 기상·발생·확률을 확정하지 않습니다."
복숭아,복숭아순나방,해충,경상남도,30.0,25.0,23,유지,높음,19,2024·2026,"기준선 비교: 2026 유지 25.2점, 2024·2026 가중평균 27.0점, 선택 모델(완화 추세+표본 축소) 23.5점. 지역 변화 -5.1점을 표본가중치 0.61로 같은 병해충·작물의 지역 중앙 변화 -4.4점 방향에 축소하고, 1년 연장 변화는 ±20점으로 제한했습니다. 양년 자료 있음, 공통 조사단위 4개, 유효 관측 19건, 결측률 0.0%, 단위별 변화 변동성 10.6점. 양년 반복관측·낮은 결측·낮은 변동성 기준을 충족합니다. 2024·2026 두 개 연도의 NCPMS 예찰자료만 사용한 상대 위험 전망으로, 기상·재배면적·방제 변화와 2027년 실제 발생을 확정하지 않습니다. ASOS 공통 조사월 2개에서 기온·습도·강수·풍속의 관측 연관성을 추세 연장분에만 최대 ±3점으로 제한 적용(보정 +0점). 2027년 미래 기상값은 생성하거나 가정하지 않았습니다.",관찰,23,0,0.026,습도,기상 근거 보강,2,ASOS 공통 조사월 2개에서 기온·습도·강수·풍속의 관측 연관성을 추세 연장분에만 최대 ±3점으로 제한 적용(보정 +0점). 2027년 미래 기상값은 생성하거나 가정하지 않았습니다.,F27-WX1 설명가능 완화추세,"2024·2026 관측자료와 ASOS 공통 조사월의 연관성을 이용한 상대 위험 전망입니다. 2026년은 부분연도이며, 2027년 실제 기상·발생·확률을 확정하지 않습니다."
복숭아,복숭아순나방,해충,경상북도,18.0,20.0,20,유지,높음,19,2024·2026,"기준선 비교: 2026 유지 20.0점, 2024·2026 가중평균 19.5점, 선택 모델(완화 추세+표본 축소) 19.8점. 지역 변화 +1.7점을 표본가중치 0.61로 같은 병해충·작물의 지역 중앙 변화 -4.4점 방향에 축소하고, 1년 연장 변화는 ±20점으로 제한했습니다. 양년 자료 있음, 공통 조사단위 4개, 유효 관측 19건, 결측률 0.0%, 단위별 변화 변동성 5.1점. 양년 반복관측·낮은 결측·낮은 변동성 기준을 충족합니다. 2024·2026 두 개 연도의 NCPMS 예찰자료만 사용한 상대 위험 전망으로, 기상·재배면적·방제 변화와 2027년 실제 발생을 확정하지 않습니다. ASOS 공통 조사월 2개에서 기온·습도·강수·풍속의 관측 연관성을 추세 연장분에만 최대 ±3점으로 제한 적용(보정 +0점). 2027년 미래 기상값은 생성하거나 가정하지 않았습니다.",관찰,20,0,0.0259,습도,기상 근거 보강,2,ASOS 공통 조사월 2개에서 기온·습도·강수·풍속의 관측 연관성을 추세 연장분에만 최대 ±3점으로 제한 적용(보정 +0점). 2027년 미래 기상값은 생성하거나 가정하지 않았습니다.,F27-WX1 설명가능 완화추세,"2024·2026 관측자료와 ASOS 공통 조사월의 연관성을 이용한 상대 위험 전망입니다. 2026년은 부분연도이며, 2027년 실제 기상·발생·확률을 확정하지 않습니다."
복숭아,복숭아순나방,해충,세종특별자치시,10.0,6.0,4,유지,높음,18,2024·2026,"기준선 비교: 2026 유지 5.8점, 2024·2026 가중평균 7.3점, 선택 모델(완화 추세+표본 축소) 4.2점. 지역 변화 -4.4점을 표본가중치 0.60로 같은 병해충·작물의 지역 중앙 변화 -4.4점 방향에 축소하고, 1년 연장 변화는 ±20점으로 제한했습니다. 양년 자료 있음, 공통 조사단위 4개, 유효 관측 18건, 결측률 0.0%, 단위별 변화 변동성 6.4점. 양년 반복관측·낮은 결측·낮은 변동성 기준을 충족합니다. 2024·2026 두 개 연도의 NCPMS 예찰자료만 사용한 상대 위험 전망으로, 기상·재배면적·방제 변화와 2027년 실제 발생을 확정하지 않습니다. ASOS 공통 조사월 2개에서 기온·습도·강수·풍속의 관측 연관성을 추세 연장분에만 최대 ±3점으로 제한 적용(보정 +0점). 2027년 미래 기상값은 생성하거나 가정하지 않았습니다.",관찰,4,0,0.0289,습도,기상 근거 보강,2,ASOS 공통 조사월 2개에서 기온·습도·강수·풍속의 관측 연관성을 추세 연장분에만 최대 ±3점으로 제한 적용(보정 +0점). 2027년 미래 기상값은 생성하거나 가정하지 않았습니다.,F27-WX1 설명가능 완화추세,"2024·2026 관측자료와 ASOS 공통 조사월의 연관성을 이용한 상대 위험 전망입니다. 2026년은 부분연도이며, 2027년 실제 기상·발생·확률을 확정하지 않습니다."
복숭아,복숭아순나방,해충,전남광주통합특별시,13.0,24.0,26,유지,보통,13,2024·2026,"기준선 비교: 2026 유지 24.3점, 2024·2026 가중평균 20.5점, 선택 모델(완화 추세+표본 축소) 25.6점. 지역 변화 +10.8점을 표본가중치 0.52로 같은 병해충·작물의 지역 중앙 변화 -4.4점 방향에 축소하고, 1년 연장 변화는 ±20점으로 제한했습니다. 양년 자료 있음, 공통 조사단위 2개, 유효 관측 13건, 결측률 0.0%, 단위별 변화 변동성 4.0점. 비교는 가능하지만 표본 또는 변동성에 불확실성이 남습니다. 2024·2026 두 개 연도의 NCPMS 예찰자료만 사용한 상대 위험 전망으로, 기상·재배면적·방제 변화와 2027년 실제 발생을 확정하지 않습니다. ASOS 공통 조사월 1개에서 기온·습도·강수·풍속의 관측 연관성을 추세 연장분에만 최대 ±3점으로 제한 적용(보정 +0점). 2027년 미래 기상값은 생성하거나 가정하지 않았습니다.",관찰,26,0,-0.0199,습도,기상 근거 보강,1,ASOS 공통 조사월 1개에서 기온·습도·강수·풍속의 관측 연관성을 추세 연장분에만 최대 ±3점으로 제한 적용(보정 +0점). 2027년 미래 기상값은 생성하거나 가정하지 않았습니다.,F27-WX1 설명가능 완화추세,"2024·2026 관측자료와 ASOS 공통 조사월의 연관성을 이용한 상대 위험 전망입니다. 2026년은 부분연도이며, 2027년 실제 기상·발생·확률을 확정하지 않습니다."
복숭아,복숭아순나방,해충,전북특별자치도,9.0,62.0,73,증가,보통,19,2024·2026,"기준선 비교: 2026 유지 62.5점, 2024·2026 가중평균 43.9점, 선택 모델(완화 추세+표본 축소) 73.2점. 지역 변화 +53.0점을 표본가중치 0.61로 같은 병해충·작물의 지역 중앙 변화 -4.4점 방향에 축소하고, 1년 연장 변화는 ±20점으로 제한했습니다. 양년 자료 있음, 공통 조사단위 4개, 유효 관측 19건, 결측률 0.0%, 단위별 변화 변동성 24.9점. 비교는 가능하지만 표본 또는 변동성에 불확실성이 남습니다. 2024·2026 두 개 연도의 NCPMS 예찰자료만 사용한 상대 위험 전망으로, 기상·재배면적·방제 변화와 2027년 실제 발생을 확정하지 않습니다. ASOS 공통 조사월 2개에서 기온·습도·강수·풍속의 관측 연관성을 추세 연장분에만 최대 ±3점으로 제한 적용(보정 +0점). 2027년 미래 기상값은 생성하거나 가정하지 않았습니다.",고위험,73,0,0.0194,기온,기상 근거 보강,2,ASOS 공통 조사월 2개에서 기온·습도·강수·풍속의 관측 연관성을 추세 연장분에만 최대 ±3점으로 제한 적용(보정 +0점). 2027년 미래 기상값은 생성하거나 가정하지 않았습니다.,F27-WX1 설명가능 완화추세,"2024·2026 관측자료와 ASOS 공통 조사월의 연관성을 이용한 상대 위험 전망입니다. 2026년은 부분연도이며, 2027년 실제 기상·발생·확률을 확정하지 않습니다."
복숭아,복숭아순나방,해충,충청남도,14.0,33.0,37,유지,보통,19,2024·2026,"기준선 비교: 2026 유지 33.0점, 2024·2026 가중평균 26.3점, 선택 모델(완화 추세+표본 축소) 36.5점. 지역 변화 +19.1점을 표본가중치 0.61로 같은 병해충·작물의 지역 중앙 변화 -4.4점 방향에 축소하고, 1년 연장 변화는 ±20점으로 제한했습니다. 양년 자료 있음, 공통 조사단위 4개, 유효 관측 19건, 결측률 0.0%, 단위별 변화 변동성 20.1점. 비교는 가능하지만 표본 또는 변동성에 불확실성이 남습니다. 2024·2026 두 개 연도의 NCPMS 예찰자료만 사용한 상대 위험 전망으로, 기상·재배면적·방제 변화와 2027년 실제 발생을 확정하지 않습니다. ASOS 공통 조사월 2개에서 기온·습도·강수·풍속의 관측 연관성을 추세 연장분에만 최대 ±3점으로 제한 적용(보정 +0점). 2027년 미래 기상값은 생성하거나 가정하지 않았습니다.",주의,37,0,0.0153,기온,기상 근거 보강,2,ASOS 공통 조사월 2개에서 기온·습도·강수·풍속의 관측 연관성을 추세 연장분에만 최대 ±3점으로 제한 적용(보정 +0점). 2027년 미래 기상값은 생성하거나 가정하지 않았습니다.,F27-WX1 설명가능 완화추세,"2024·2026 관측자료와 ASOS 공통 조사월의 연관성을 이용한 상대 위험 전망입니다. 2026년은 부분연도이며, 2027년 실제 기상·발생·확률을 확정하지 않습니다."
복숭아,복숭아순나방,해충,충청북도,25.0,15.0,12,유지,높음,19,2024·2026,"기준선 비교: 2026 유지 14.7점, 2024·2026 가중평균 18.2점, 선택 모델(완화 추세+표본 축소) 12.0점. 지역 변화 -10.0점을 표본가중치 0.61로 같은 병해충·작물의 지역 중앙 변화 -4.4점 방향에 축소하고, 1년 연장 변화는 ±20점으로 제한했습니다. 양년 자료 있음, 공통 조사단위 4개, 유효 관측 19건, 결측률 0.0%, 단위별 변화 변동성 13.3점. 양년 반복관측·낮은 결측·낮은 변동성 기준을 충족합니다. 2024·2026 두 개 연도의 NCPMS 예찰자료만 사용한 상대 위험 전망으로, 기상·재배면적·방제 변화와 2027년 실제 발생을 확정하지 않습니다. ASOS 공통 조사월 2개에서 기온·습도·강수·풍속의 관측 연관성을 추세 연장분에만 최대 ±3점으로 제한 적용(보정 +0점). 2027년 미래 기상값은 생성하거나 가정하지 않았습니다.",관찰,12,0,0.0094,기온,기상 근거 보강,2,ASOS 공통 조사월 2개에서 기온·습도·강수·풍속의 관측 연관성을 추세 연장분에만 최대 ±3점으로 제한 적용(보정 +0점). 2027년 미래 기상값은 생성하거나 가정하지 않았습니다.,F27-WX1 설명가능 완화추세,"2024·2026 관측자료와 ASOS 공통 조사월의 연관성을 이용한 상대 위험 전망입니다. 2026년은 부분연도이며, 2027년 실제 기상·발생·확률을 확정하지 않습니다."
사과,복숭아순나방,해충,강원특별자치도,1.0,1.0,1,유지,보통,21,2024·2026,"기준선 비교: 2026 유지 1.1점, 2024·2026 가중평균 1.0점, 선택 모델(완화 추세+표본 축소) 1.2점. 지역 변화 +0.2점을 표본가중치 0.64로 같은 병해충·작물의 지역 중앙 변화 +0.7점 방향에 축소하고, 1년 연장 변화는 ±20점으로 제한했습니다. 양년 자료 있음, 공통 조사단위 3개, 유효 관측 21건, 결측률 0.0%, 단위별 변화 변동성 1.3점. 비교는 가능하지만 표본 또는 변동성에 불확실성이 남습니다. 2024·2026 두 개 연도의 NCPMS 예찰자료만 사용한 상대 위험 전망으로, 기상·재배면적·방제 변화와 2027년 실제 발생을 확정하지 않습니다. ASOS 공통 조사월 2개에서 기온·습도·강수·풍속의 관측 연관성을 추세 연장분에만 최대 ±3점으로 제한 적용(보정 +0점). 2027년 미래 기상값은 생성하거나 가정하지 않았습니다.",관찰,1,0,-0.0488,강수량,기상 근거 보강,2,ASOS 공통 조사월 2개에서 기온·습도·강수·풍속의 관측 연관성을 추세 연장분에만 최대 ±3점으로 제한 적용(보정 +0점). 2027년 미래 기상값은 생성하거나 가정하지 않았습니다.,F27-WX1 설명가능 완화추세,"2024·2026 관측자료와 ASOS 공통 조사월의 연관성을 이용한 상대 위험 전망입니다. 2026년은 부분연도이며, 2027년 실제 기상·발생·확률을 확정하지 않습니다."
사과,복숭아순나방,해충,경기도,7.0,7.0,8,유지,보통,21,2024·2026,"기준선 비교: 2026 유지 7.3점, 2024·2026 가중평균 7.2점, 선택 모델(완화 추세+표본 축소) 7.6점. 지역 변화 +0.5점을 표본가중치 0.64로 같은 병해충·작물의 지역 중앙 변화 +0.7점 방향에 축소하고, 1년 연장 변화는 ±20점으로 제한했습니다. 양년 자료 있음, 공통 조사단위 3개, 유효 관측 21건, 결측률 0.0%, 단위별 변화 변동성 8.7점. 비교는 가능하지만 표본 또는 변동성에 불확실성이 남습니다. 2024·2026 두 개 연도의 NCPMS 예찰자료만 사용한 상대 위험 전망으로, 기상·재배면적·방제 변화와 2027년 실제 발생을 확정하지 않습니다. ASOS 공통 조사월 2개에서 기온·습도·강수·풍속의 관측 연관성을 추세 연장분에만 최대 ±3점으로 제한 적용(보정 +0점). 2027년 미래 기상값은 생성하거나 가정하지 않았습니다.",관찰,8,0,0.0829,강수량,기상 근거 보강,2,ASOS 공통 조사월 2개에서 기온·습도·강수·풍속의 관측 연관성을 추세 연장분에만 최대 ±3점으로 제한 적용(보정 +0점). 2027년 미래 기상값은 생성하거나 가정하지 않았습니다.,F27-WX1 설명가능 완화추세,"2024·2026 관측자료와 ASOS 공통 조사월의 연관성을 이용한 상대 위험 전망입니다. 2026년은 부분연도이며, 2027년 실제 기상·발생·확률을 확정하지 않습니다."
사과,복숭아순나방,해충,경상남도,0.0,7.0,8,유지,보통,21,2024·2026,"기준선 비교: 2026 유지 6.7점, 2024·2026 가중평균 4.3점, 선택 모델(완화 추세+표본 축소) 8.3점. 지역 변화 +6.7점을 표본가중치 0.64로 같은 병해충·작물의 지역 중앙 변화 +0.7점 방향에 축소하고, 1년 연장 변화는 ±20점으로 제한했습니다. 양년 자료 있음, 공통 조사단위 3개, 유효 관측 21건, 결측률 0.0%, 단위별 변화 변동성 8.1점. 비교는 가능하지만 표본 또는 변동성에 불확실성이 남습니다. 2024·2026 두 개 연도의 NCPMS 예찰자료만 사용한 상대 위험 전망으로, 기상·재배면적·방제 변화와 2027년 실제 발생을 확정하지 않습니다. ASOS 공통 조사월 2개에서 기온·습도·강수·풍속의 관측 연관성을 추세 연장분에만 최대 ±3점으로 제한 적용(보정 +0점). 2027년 미래 기상값은 생성하거나 가정하지 않았습니다.",관찰,8,0,0.1143,강수량,기상 근거 보강,2,ASOS 공통 조사월 2개에서 기온·습도·강수·풍속의 관측 연관성을 추세 연장분에만 최대 ±3점으로 제한 적용(보정 +0점). 2027년 미래 기상값은 생성하거나 가정하지 않았습니다.,F27-WX1 설명가능 완화추세,"2024·2026 관측자료와 ASOS 공통 조사월의 연관성을 이용한 상대 위험 전망입니다. 2026년은 부분연도이며, 2027년 실제 기상·발생·확률을 확정하지 않습니다."
사과,복숭아순나방,해충,경상북도,10.0,17.0,19,유지,보통,21,2024·2026,"기준선 비교: 2026 유지 17.2점, 2024·2026 가중평균 14.6점, 선택 모델(완화 추세+표본 축소) 18.9점. 지역 변화 +7.3점을 표본가중치 0.64로 같은 병해충·작물의 지역 중앙 변화 +0.7점 방향에 축소하고, 1년 연장 변화는 ±20점으로 제한했습니다. 양년 자료 있음, 공통 조사단위 3개, 유효 관측 21건, 결측률 0.0%, 단위별 변화 변동성 16.9점. 비교는 가능하지만 표본 또는 변동성에 불확실성이 남습니다. 2024·2026 두 개 연도의 NCPMS 예찰자료만 사용한 상대 위험 전망으로, 기상·재배면적·방제 변화와 2027년 실제 발생을 확정하지 않습니다. ASOS 공통 조사월 2개에서 기온·습도·강수·풍속의 관측 연관성을 추세 연장분에만 최대 ±3점으로 제한 적용(보정 +0점). 2027년 미래 기상값은 생성하거나 가정하지 않았습니다.",관찰,19,0,-0.0059,강수량,기상 근거 보강,2,ASOS 공통 조사월 2개에서 기온·습도·강수·풍속의 관측 연관성을 추세 연장분에만 최대 ±3점으로 제한 적용(보정 +0점). 2027년 미래 기상값은 생성하거나 가정하지 않았습니다.,F27-WX1 설명가능 완화추세,"2024·2026 관측자료와 ASOS 공통 조사월의 연관성을 이용한 상대 위험 전망입니다. 2026년은 부분연도이며, 2027년 실제 기상·발생·확률을 확정하지 않습니다."
사과,복숭아순나방,해충,대구광역시,4.0,,,전망자료 부족,낮음,9,2024,"양년 자료 없음, 공통 조사단위 0개, 유효 관측 9건, 결측률 0.0%, 단위별 변화 변동성 100.0점. 제한된 비교 단위 또는 변동성 때문에 보수적으로 낮게 평가합니다. 2024·2026 두 개 연도의 NCPMS 예찰자료만 사용한 상대 위험 전망으로, 기상·재배면적·방제 변화와 2027년 실제 발생을 확정하지 않습니다. ASOS 공통 조사월 0개에서 기온·습도·강수·풍속의 관측 연관성을 추세 연장분에만 최대 ±3점으로 제한 적용(보정 +0점). 2027년 미래 기상값은 생성하거나 가정하지 않았습니다.",전망자료 부족,,,0.0,—,기상근거 부족,0,ASOS 공통 조사월 0개에서 기온·습도·강수·풍속의 관측 연관성을 추세 연장분에만 최대 ±3점으로 제한 적용(보정 +0점). 2027년 미래 기상값은 생성하거나 가정하지 않았습니다.,F27-WX1 설명가능 완화추세,"2024·2026 관측자료와 ASOS 공통 조사월의 연관성을 이용한 상대 위험 전망입니다. 2026년은 부분연도이며, 2027년 실제 기상·발생·확률을 확정하지 않습니다."
사과,복숭아순나방,해충,전남광주통합특별시,0.0,12.0,14,유지,보통,19,2024·2026,"기준선 비교: 2026 유지 11.8점, 2024·2026 가중평균 7.7점, 선택 모델(완화 추세+표본 축소) 14.4점. 지역 변화 +11.8점을 표본가중치 0.61로 같은 병해충·작물의 지역 중앙 변화 +0.7점 방향에 축소하고, 1년 연장 변화는 ±20점으로 제한했습니다. 양년 자료 있음, 공통 조사단위 2개, 유효 관측 19건, 결측률 0.0%, 단위별 변화 변동성 0.0점. 비교는 가능하지만 표본 또는 변동성에 불확실성이 남습니다. 2024·2026 두 개 연도의 NCPMS 예찰자료만 사용한 상대 위험 전망으로, 기상·재배면적·방제 변화와 2027년 실제 발생을 확정하지 않습니다. ASOS 공통 조사월 2개에서 기온·습도·강수·풍속의 관측 연관성을 추세 연장분에만 최대 ±3점으로 제한 적용(보정 +0점). 2027년 미래 기상값은 생성하거나 가정하지 않았습니다.",관찰,14,0,0.0906,강수량,기상 근거 보강,2,ASOS 공통 조사월 2개에서 기온·습도·강수·풍속의 관측 연관성을 추세 연장분에만 최대 ±3점으로 제한 적용(보정 +0점). 2027년 미래 기상값은 생성하거나 가정하지 않았습니다.,F27-WX1 설명가능 완화추세,"2024·2026 관측자료와 ASOS 공통 조사월의 연관성을 이용한 상대 위험 전망입니다. 2026년은 부분연도이며, 2027년 실제 기상·발생·확률을 확정하지 않습니다."
사과,복숭아순나방,해충,전북특별자치도,72.0,51.0,46,감소,보통,21,2024·2026,"기준선 비교: 2026 유지 50.6점, 2024·2026 가중평균 58.0점, 선택 모델(완화 추세+표본 축소) 46.0점. 지역 변화 -21.2점을 표본가중치 0.64로 같은 병해충·작물의 지역 중앙 변화 +0.7점 방향에 축소하고, 1년 연장 변화는 ±20점으로 제한했습니다. 양년 자료 있음, 공통 조사단위 3개, 유효 관측 21건, 결측률 0.0%, 단위별 변화 변동성 16.3점. 비교는 가능하지만 표본 또는 변동성에 불확실성이 남습니다. 2024·2026 두 개 연도의 NCPMS 예찰자료만 사용한 상대 위험 전망으로, 기상·재배면적·방제 변화와 2027년 실제 발생을 확정하지 않습니다. ASOS 공통 조사월 2개에서 기온·습도·강수·풍속의 관측 연관성을 추세 연장분에만 최대 ±3점으로 제한 적용(보정 +0점). 2027년 미래 기상값은 생성하거나 가정하지 않았습니다.",주의,46,0,0.0646,강수량,기상 근거 보강,2,ASOS 공통 조사월 2개에서 기온·습도·강수·풍속의 관측 연관성을 추세 연장분에만 최대 ±3점으로 제한 적용(보정 +0점). 2027년 미래 기상값은 생성하거나 가정하지 않았습니다.,F27-WX1 설명가능 완화추세,"2024·2026 관측자료와 ASOS 공통 조사월의 연관성을 이용한 상대 위험 전망입니다. 2026년은 부분연도이며, 2027년 실제 기상·발생·확률을 확정하지 않습니다."
사과,복숭아순나방,해충,충청남도,12.0,13.0,13,유지,보통,21,2024·2026,"기준선 비교: 2026 유지 13.1점, 2024·2026 가중평균 12.8점, 선택 모델(완화 추세+표본 축소) 13.4점. 지역 변화 +0.9점을 표본가중치 0.64로 같은 병해충·작물의 지역 중앙 변화 +0.7점 방향에 축소하고, 1년 연장 변화는 ±20점으로 제한했습니다. 양년 자료 있음, 공통 조사단위 3개, 유효 관측 21건, 결측률 0.0%, 단위별 변화 변동성 8.2점. 비교는 가능하지만 표본 또는 변동성에 불확실성이 남습니다. 2024·2026 두 개 연도의 NCPMS 예찰자료만 사용한 상대 위험 전망으로, 기상·재배면적·방제 변화와 2027년 실제 발생을 확정하지 않습니다. ASOS 공통 조사월 2개에서 기온·습도·강수·풍속의 관측 연관성을 추세 연장분에만 최대 ±3점으로 제한 적용(보정 +0점). 2027년 미래 기상값은 생성하거나 가정하지 않았습니다.",관찰,13,0,0.0479,강수량,기상 근거 보강,2,ASOS 공통 조사월 2개에서 기온·습도·강수·풍속의 관측 연관성을 추세 연장분에만 최대 ±3점으로 제한 적용(보정 +0점). 2027년 미래 기상값은 생성하거나 가정하지 않았습니다.,F27-WX1 설명가능 완화추세,"2024·2026 관측자료와 ASOS 공통 조사월의 연관성을 이용한 상대 위험 전망입니다. 2026년은 부분연도이며, 2027년 실제 기상·발생·확률을 확정하지 않습니다."
사과,복숭아순나방,해충,충청북도,50.0,40.0,37,유지,보통,21,2024·2026,"기준선 비교: 2026 유지 39.7점, 2024·2026 가중평균 43.3점, 선택 모델(완화 추세+표본 축소) 37.5점. 지역 변화 -10.4점을 표본가중치 0.64로 같은 병해충·작물의 지역 중앙 변화 +0.7점 방향에 축소하고, 1년 연장 변화는 ±20점으로 제한했습니다. 양년 자료 있음, 공통 조사단위 3개, 유효 관측 21건, 결측률 0.0%, 단위별 변화 변동성 16.5점. 비교는 가능하지만 표본 또는 변동성에 불확실성이 남습니다. 2024·2026 두 개 연도의 NCPMS 예찰자료만 사용한 상대 위험 전망으로, 기상·재배면적·방제 변화와 2027년 실제 발생을 확정하지 않습니다. ASOS 공통 조사월 2개에서 기온·습도·강수·풍속의 관측 연관성을 추세 연장분에만 최대 ±3점으로 제한 적용(보정 +0점). 2027년 미래 기상값은 생성하거나 가정하지 않았습니다.",주의,37,0,0.0629,강수량,기상 근거 보강,2,ASOS 공통 조사월 2개에서 기온·습도·강수·풍속의 관측 연관성을 추세 연장분에만 최대 ±3점으로 제한 적용(보정 +0점). 2027년 미래 기상값은 생성하거나 가정하지 않았습니다.,F27-WX1 설명가능 완화추세,"2024·2026 관측자료와 ASOS 공통 조사월의 연관성을 이용한 상대 위험 전망입니다. 2026년은 부분연도이며, 2027년 실제 기상·발생·확률을 확정하지 않습니다."
사과,복숭아순나방붙이,해충,강원특별자치도,1.0,0.0,0,유지,보통,12,2024·2026,"기준선 비교: 2026 유지 0.0점, 2024·2026 가중평균 0.4점, 선택 모델(완화 추세+표본 축소) 0.0점. 지역 변화 -1.2점을 표본가중치 0.50로 같은 병해충·작물의 지역 중앙 변화 -0.4점 방향에 축소하고, 1년 연장 변화는 ±20점으로 제한했습니다. 양년 자료 있음, 공통 조사단위 3개, 유효 관측 12건, 결측률 0.0%, 단위별 변화 변동성 1.6점. 비교는 가능하지만 표본 또는 변동성에 불확실성이 남습니다. 2024·2026 두 개 연도의 NCPMS 예찰자료만 사용한 상대 위험 전망으로, 기상·재배면적·방제 변화와 2027년 실제 발생을 확정하지 않습니다. ASOS 공통 조사월 2개에서 기온·습도·강수·풍속의 관측 연관성을 추세 연장분에만 최대 ±3점으로 제한 적용(보정 +0점). 2027년 미래 기상값은 생성하거나 가정하지 않았습니다.",관찰,0,0,-0.0182,강수량,기상 근거 보강,2,ASOS 공통 조사월 2개에서 기온·습도·강수·풍속의 관측 연관성을 추세 연장분에만 최대 ±3점으로 제한 적용(보정 +0점). 2027년 미래 기상값은 생성하거나 가정하지 않았습니다.,F27-WX1 설명가능 완화추세,"2024·2026 관측자료와 ASOS 공통 조사월의 연관성을 이용한 상대 위험 전망입니다. 2026년은 부분연도이며, 2027년 실제 기상·발생·확률을 확정하지 않습니다."
사과,복숭아순나방붙이,해충,경기도,2.0,1.0,0,유지,보통,12,2024·2026,"기준선 비교: 2026 유지 0.8점, 2024·2026 가중평균 1.4점, 선택 모델(완화 추세+표본 축소) 0.5점. 지역 변화 -1.6점을 표본가중치 0.50로 같은 병해충·작물의 지역 중앙 변화 -0.4점 방향에 축소하고, 1년 연장 변화는 ±20점으로 제한했습니다. 양년 자료 있음, 공통 조사단위 3개, 유효 관측 12건, 결측률 0.0%, 단위별 변화 변동성 1.7점. 비교는 가능하지만 표본 또는 변동성에 불확실성이 남습니다. 2024·2026 두 개 연도의 NCPMS 예찰자료만 사용한 상대 위험 전망으로, 기상·재배면적·방제 변화와 2027년 실제 발생을 확정하지 않습니다. ASOS 공통 조사월 2개에서 기온·습도·강수·풍속의 관측 연관성을 추세 연장분에만 최대 ±3점으로 제한 적용(보정 +0점). 2027년 미래 기상값은 생성하거나 가정하지 않았습니다.",관찰,0,0,0.0261,강수량,기상 근거 보강,2,ASOS 공통 조사월 2개에서 기온·습도·강수·풍속의 관측 연관성을 추세 연장분에만 최대 ±3점으로 제한 적용(보정 +0점). 2027년 미래 기상값은 생성하거나 가정하지 않았습니다.,F27-WX1 설명가능 완화추세,"2024·2026 관측자료와 ASOS 공통 조사월의 연관성을 이용한 상대 위험 전망입니다. 2026년은 부분연도이며, 2027년 실제 기상·발생·확률을 확정하지 않습니다."
사과,복숭아순나방붙이,해충,경상남도,0.0,0.0,0,유지,보통,12,2024·2026,"기준선 비교: 2026 유지 0.0점, 2024·2026 가중평균 0.0점, 선택 모델(완화 추세+표본 축소) 0.0점. 지역 변화 +0.0점을 표본가중치 0.50로 같은 병해충·작물의 지역 중앙 변화 -0.4점 방향에 축소하고, 1년 연장 변화는 ±20점으로 제한했습니다. 양년 자료 있음, 공통 조사단위 3개, 유효 관측 12건, 결측률 0.0%, 단위별 변화 변동성 0.0점. 비교는 가능하지만 표본 또는 변동성에 불확실성이 남습니다. 2024·2026 두 개 연도의 NCPMS 예찰자료만 사용한 상대 위험 전망으로, 기상·재배면적·방제 변화와 2027년 실제 발생을 확정하지 않습니다. ASOS 공통 조사월 2개에서 기온·습도·강수·풍속의 관측 연관성을 추세 연장분에만 최대 ±3점으로 제한 적용(보정 +0점). 2027년 미래 기상값은 생성하거나 가정하지 않았습니다.",관찰,0,0,0.0211,강수량,기상 근거 보강,2,ASOS 공통 조사월 2개에서 기온·습도·강수·풍속의 관측 연관성을 추세 연장분에만 최대 ±3점으로 제한 적용(보정 +0점). 2027년 미래 기상값은 생성하거나 가정하지 않았습니다.,F27-WX1 설명가능 완화추세,"2024·2026 관측자료와 ASOS 공통 조사월의 연관성을 이용한 상대 위험 전망입니다. 2026년은 부분연도이며, 2027년 실제 기상·발생·확률을 확정하지 않습니다."
사과,복숭아순나방붙이,해충,경상북도,1.0,1.0,0,유지,보통,12,2024·2026,"기준선 비교: 2026 유지 0.7점, 2024·2026 가중평균 1.0점, 선택 모델(완화 추세+표본 축소) 0.5점. 지역 변화 -0.7점을 표본가중치 0.50로 같은 병해충·작물의 지역 중앙 변화 -0.4점 방향에 축소하고, 1년 연장 변화는 ±20점으로 제한했습니다. 양년 자료 있음, 공통 조사단위 3개, 유효 관측 12건, 결측률 0.0%, 단위별 변화 변동성 1.4점. 비교는 가능하지만 표본 또는 변동성에 불확실성이 남습니다. 2024·2026 두 개 연도의 NCPMS 예찰자료만 사용한 상대 위험 전망으로, 기상·재배면적·방제 변화와 2027년 실제 발생을 확정하지 않습니다. ASOS 공통 조사월 2개에서 기온·습도·강수·풍속의 관측 연관성을 추세 연장분에만 최대 ±3점으로 제한 적용(보정 +0점). 2027년 미래 기상값은 생성하거나 가정하지 않았습니다.",관찰,0,0,-0.007,습도,기상 근거 보강,2,ASOS 공통 조사월 2개에서 기온·습도·강수·풍속의 관측 연관성을 추세 연장분에만 최대 ±3점으로 제한 적용(보정 +0점). 2027년 미래 기상값은 생성하거나 가정하지 않았습니다.,F27-WX1 설명가능 완화추세,"2024·2026 관측자료와 ASOS 공통 조사월의 연관성을 이용한 상대 위험 전망입니다. 2026년은 부분연도이며, 2027년 실제 기상·발생·확률을 확정하지 않습니다."
사과,복숭아순나방붙이,해충,대구광역시,0.0,,,전망자료 부족,낮음,6,2024,"양년 자료 없음, 공통 조사단위 0개, 유효 관측 6건, 결측률 0.0%, 단위별 변화 변동성 100.0점. 제한된 비교 단위 또는 변동성 때문에 보수적으로 낮게 평가합니다. 2024·2026 두 개 연도의 NCPMS 예찰자료만 사용한 상대 위험 전망으로, 기상·재배면적·방제 변화와 2027년 실제 발생을 확정하지 않습니다. ASOS 공통 조사월 0개에서 기온·습도·강수·풍속의 관측 연관성을 추세 연장분에만 최대 ±3점으로 제한 적용(보정 +0점). 2027년 미래 기상값은 생성하거나 가정하지 않았습니다.",전망자료 부족,,,0.0,—,기상근거 부족,0,ASOS 공통 조사월 0개에서 기온·습도·강수·풍속의 관측 연관성을 추세 연장분에만 최대 ±3점으로 제한 적용(보정 +0점). 2027년 미래 기상값은 생성하거나 가정하지 않았습니다.,F27-WX1 설명가능 완화추세,"2024·2026 관측자료와 ASOS 공통 조사월의 연관성을 이용한 상대 위험 전망입니다. 2026년은 부분연도이며, 2027년 실제 기상·발생·확률을 확정하지 않습니다."
사과,복숭아순나방붙이,해충,전남광주통합특별시,0.0,0.0,0,유지,보통,11,2024·2026,"기준선 비교: 2026 유지 0.0점, 2024·2026 가중평균 0.0점, 선택 모델(완화 추세+표본 축소) 0.0점. 지역 변화 +0.0점을 표본가중치 0.48로 같은 병해충·작물의 지역 중앙 변화 -0.4점 방향에 축소하고, 1년 연장 변화는 ±20점으로 제한했습니다. 양년 자료 있음, 공통 조사단위 2개, 유효 관측 11건, 결측률 0.0%, 단위별 변화 변동성 0.0점. 비교는 가능하지만 표본 또는 변동성에 불확실성이 남습니다. 2024·2026 두 개 연도의 NCPMS 예찰자료만 사용한 상대 위험 전망으로, 기상·재배면적·방제 변화와 2027년 실제 발생을 확정하지 않습니다. ASOS 공통 조사월 2개에서 기온·습도·강수·풍속의 관측 연관성을 추세 연장분에만 최대 ±3점으로 제한 적용(보정 +0점). 2027년 미래 기상값은 생성하거나 가정하지 않았습니다.",관찰,0,0,0.0205,강수량,기상 근거 보강,2,ASOS 공통 조사월 2개에서 기온·습도·강수·풍속의 관측 연관성을 추세 연장분에만 최대 ±3점으로 제한 적용(보정 +0점). 2027년 미래 기상값은 생성하거나 가정하지 않았습니다.,F27-WX1 설명가능 완화추세,"2024·2026 관측자료와 ASOS 공통 조사월의 연관성을 이용한 상대 위험 전망입니다. 2026년은 부분연도이며, 2027년 실제 기상·발생·확률을 확정하지 않습니다."
사과,복숭아순나방붙이,해충,전북특별자치도,60.0,81.0,85,유지,보통,12,2024·2026,"기준선 비교: 2026 유지 81.4점, 2024·2026 가중평균 74.1점, 선택 모델(완화 추세+표본 축소) 85.0점. 지역 변화 +21.0점을 표본가중치 0.50로 같은 병해충·작물의 지역 중앙 변화 -0.4점 방향에 축소하고, 1년 연장 변화는 ±20점으로 제한했습니다. 양년 자료 있음, 공통 조사단위 3개, 유효 관측 12건, 결측률 0.0%, 단위별 변화 변동성 26.8점. 비교는 가능하지만 표본 또는 변동성에 불확실성이 남습니다. 2024·2026 두 개 연도의 NCPMS 예찰자료만 사용한 상대 위험 전망으로, 기상·재배면적·방제 변화와 2027년 실제 발생을 확정하지 않습니다. ASOS 공통 조사월 2개에서 기온·습도·강수·풍속의 관측 연관성을 추세 연장분에만 최대 ±3점으로 제한 적용(보정 +0점). 2027년 미래 기상값은 생성하거나 가정하지 않았습니다.",고위험,85,0,0.0115,강수량,기상 근거 보강,2,ASOS 공통 조사월 2개에서 기온·습도·강수·풍속의 관측 연관성을 추세 연장분에만 최대 ±3점으로 제한 적용(보정 +0점). 2027년 미래 기상값은 생성하거나 가정하지 않았습니다.,F27-WX1 설명가능 완화추세,"2024·2026 관측자료와 ASOS 공통 조사월의 연관성을 이용한 상대 위험 전망입니다. 2026년은 부분연도이며, 2027년 실제 기상·발생·확률을 확정하지 않습니다."
사과,복숭아순나방붙이,해충,충청남도,0.0,0.0,0,유지,보통,12,2024·2026,"기준선 비교: 2026 유지 0.0점, 2024·2026 가중평균 0.0점, 선택 모델(완화 추세+표본 축소) 0.0점. 지역 변화 +0.0점을 표본가중치 0.50로 같은 병해충·작물의 지역 중앙 변화 -0.4점 방향에 축소하고, 1년 연장 변화는 ±20점으로 제한했습니다. 양년 자료 있음, 공통 조사단위 3개, 유효 관측 12건, 결측률 0.0%, 단위별 변화 변동성 0.0점. 비교는 가능하지만 표본 또는 변동성에 불확실성이 남습니다. 2024·2026 두 개 연도의 NCPMS 예찰자료만 사용한 상대 위험 전망으로, 기상·재배면적·방제 변화와 2027년 실제 발생을 확정하지 않습니다. ASOS 공통 조사월 2개에서 기온·습도·강수·풍속의 관측 연관성을 추세 연장분에만 최대 ±3점으로 제한 적용(보정 +0점). 2027년 미래 기상값은 생성하거나 가정하지 않았습니다.",관찰,0,0,0.0094,강수량,기상 근거 보강,2,ASOS 공통 조사월 2개에서 기온·습도·강수·풍속의 관측 연관성을 추세 연장분에만 최대 ±3점으로 제한 적용(보정 +0점). 2027년 미래 기상값은 생성하거나 가정하지 않았습니다.,F27-WX1 설명가능 완화추세,"2024·2026 관측자료와 ASOS 공통 조사월의 연관성을 이용한 상대 위험 전망입니다. 2026년은 부분연도이며, 2027년 실제 기상·발생·확률을 확정하지 않습니다."
사과,복숭아순나방붙이,해충,충청북도,4.0,3.0,3,유지,보통,12,2024·2026,"기준선 비교: 2026 유지 3.0점, 2024·2026 가중평균 3.4점, 선택 모델(완화 추세+표본 축소) 2.7점. 지역 변화 -1.2점을 표본가중치 0.50로 같은 병해충·작물의 지역 중앙 변화 -0.4점 방향에 축소하고, 1년 연장 변화는 ±20점으로 제한했습니다. 양년 자료 있음, 공통 조사단위 3개, 유효 관측 12건, 결측률 0.0%, 단위별 변화 변동성 3.6점. 비교는 가능하지만 표본 또는 변동성에 불확실성이 남습니다. 2024·2026 두 개 연도의 NCPMS 예찰자료만 사용한 상대 위험 전망으로, 기상·재배면적·방제 변화와 2027년 실제 발생을 확정하지 않습니다. ASOS 공통 조사월 2개에서 기온·습도·강수·풍속의 관측 연관성을 추세 연장분에만 최대 ±3점으로 제한 적용(보정 +0점). 2027년 미래 기상값은 생성하거나 가정하지 않았습니다.",관찰,3,0,0.014,강수량,기상 근거 보강,2,ASOS 공통 조사월 2개에서 기온·습도·강수·풍속의 관측 연관성을 추세 연장분에만 최대 ±3점으로 제한 적용(보정 +0점). 2027년 미래 기상값은 생성하거나 가정하지 않았습니다.,F27-WX1 설명가능 완화추세,"2024·2026 관측자료와 ASOS 공통 조사월의 연관성을 이용한 상대 위험 전망입니다. 2026년은 부분연도이며, 2027년 실제 기상·발생·확률을 확정하지 않습니다."
배,복숭아심식나방,해충,강원특별자치도,14.0,45.0,50,증가,낮음,8,2024·2026,"기준선 비교: 2026 유지 44.5점, 2024·2026 가중평균 33.9점, 선택 모델(완화 추세+표본 축소) 49.7점. 지역 변화 +30.2점을 표본가중치 0.40로 같은 병해충·작물의 지역 중앙 변화 +4.7점 방향에 축소하고, 1년 연장 변화는 ±20점으로 제한했습니다. 양년 자료 있음, 공통 조사단위 1개, 유효 관측 8건, 결측률 0.0%, 단위별 변화 변동성 0.0점. 제한된 비교 단위 또는 변동성 때문에 보수적으로 낮게 평가합니다. 2024·2026 두 개 연도의 NCPMS 예찰자료만 사용한 상대 위험 전망으로, 기상·재배면적·방제 변화와 2027년 실제 발생을 확정하지 않습니다. ASOS 공통 조사월 1개에서 기온·습도·강수·풍속의 관측 연관성을 추세 연장분에만 최대 ±3점으로 제한 적용(보정 +0점). 2027년 미래 기상값은 생성하거나 가정하지 않았습니다.",주의,50,0,-0.0114,기온,기상 근거 보강,1,ASOS 공통 조사월 1개에서 기온·습도·강수·풍속의 관측 연관성을 추세 연장분에만 최대 ±3점으로 제한 적용(보정 +0점). 2027년 미래 기상값은 생성하거나 가정하지 않았습니다.,F27-WX1 설명가능 완화추세,"2024·2026 관측자료와 ASOS 공통 조사월의 연관성을 이용한 상대 위험 전망입니다. 2026년은 부분연도이며, 2027년 실제 기상·발생·확률을 확정하지 않습니다."
배,복숭아심식나방,해충,경기도,50.0,56.0,58,유지,보통,11,2024·2026,"기준선 비교: 2026 유지 56.1점, 2024·2026 가중평균 54.0점, 선택 모델(완화 추세+표본 축소) 57.9점. 지역 변화 +6.0점을 표본가중치 0.48로 같은 병해충·작물의 지역 중앙 변화 +4.7점 방향에 축소하고, 1년 연장 변화는 ±20점으로 제한했습니다. 양년 자료 있음, 공통 조사단위 4개, 유효 관측 11건, 결측률 0.0%, 단위별 변화 변동성 15.0점. 비교는 가능하지만 표본 또는 변동성에 불확실성이 남습니다. 2024·2026 두 개 연도의 NCPMS 예찰자료만 사용한 상대 위험 전망으로, 기상·재배면적·방제 변화와 2027년 실제 발생을 확정하지 않습니다. ASOS 공통 조사월 2개에서 기온·습도·강수·풍속의 관측 연관성을 추세 연장분에만 최대 ±3점으로 제한 적용(보정 +0점). 2027년 미래 기상값은 생성하거나 가정하지 않았습니다.",주의,58,0,0.0054,습도,기상 근거 보강,2,ASOS 공통 조사월 2개에서 기온·습도·강수·풍속의 관측 연관성을 추세 연장분에만 최대 ±3점으로 제한 적용(보정 +0점). 2027년 미래 기상값은 생성하거나 가정하지 않았습니다.,F27-WX1 설명가능 완화추세,"2024·2026 관측자료와 ASOS 공통 조사월의 연관성을 이용한 상대 위험 전망입니다. 2026년은 부분연도이며, 2027년 실제 기상·발생·확률을 확정하지 않습니다."
배,복숭아심식나방,해충,경상남도,0.0,0.0,1,유지,보통,11,2024·2026,"기준선 비교: 2026 유지 0.0점, 2024·2026 가중평균 0.0점, 선택 모델(완화 추세+표본 축소) 0.9점. 지역 변화 +0.0점을 표본가중치 0.48로 같은 병해충·작물의 지역 중앙 변화 +4.7점 방향에 축소하고, 1년 연장 변화는 ±20점으로 제한했습니다. 양년 자료 있음, 공통 조사단위 4개, 유효 관측 11건, 결측률 0.0%, 단위별 변화 변동성 0.0점. 비교는 가능하지만 표본 또는 변동성에 불확실성이 남습니다. 2024·2026 두 개 연도의 NCPMS 예찰자료만 사용한 상대 위험 전망으로, 기상·재배면적·방제 변화와 2027년 실제 발생을 확정하지 않습니다. ASOS 공통 조사월 2개에서 기온·습도·강수·풍속의 관측 연관성을 추세 연장분에만 최대 ±3점으로 제한 적용(보정 +0점). 2027년 미래 기상값은 생성하거나 가정하지 않았습니다.",관찰,1,0,0.0158,강수량,기상 근거 보강,2,ASOS 공통 조사월 2개에서 기온·습도·강수·풍속의 관측 연관성을 추세 연장분에만 최대 ±3점으로 제한 적용(보정 +0점). 2027년 미래 기상값은 생성하거나 가정하지 않았습니다.,F27-WX1 설명가능 완화추세,"2024·2026 관측자료와 ASOS 공통 조사월의 연관성을 이용한 상대 위험 전망입니다. 2026년은 부분연도이며, 2027년 실제 기상·발생·확률을 확정하지 않습니다."
배,복숭아심식나방,해충,경상북도,25.0,48.0,52,유지,보통,11,2024·2026,"기준선 비교: 2026 유지 47.6점, 2024·2026 가중평균 39.7점, 선택 모델(완화 추세+표본 축소) 52.2점. 지역 변화 +22.6점을 표본가중치 0.48로 같은 병해충·작물의 지역 중앙 변화 +4.7점 방향에 축소하고, 1년 연장 변화는 ±20점으로 제한했습니다. 양년 자료 있음, 공통 조사단위 4개, 유효 관측 11건, 결측률 0.0%, 단위별 변화 변동성 15.0점. 비교는 가능하지만 표본 또는 변동성에 불확실성이 남습니다. 2024·2026 두 개 연도의 NCPMS 예찰자료만 사용한 상대 위험 전망으로, 기상·재배면적·방제 변화와 2027년 실제 발생을 확정하지 않습니다. ASOS 공통 조사월 2개에서 기온·습도·강수·풍속의 관측 연관성을 추세 연장분에만 최대 ±3점으로 제한 적용(보정 +0점). 2027년 미래 기상값은 생성하거나 가정하지 않았습니다.",주의,52,0,0.0072,습도,기상 근거 보강,2,ASOS 공통 조사월 2개에서 기온·습도·강수·풍속의 관측 연관성을 추세 연장분에만 최대 ±3점으로 제한 적용(보정 +0점). 2027년 미래 기상값은 생성하거나 가정하지 않았습니다.,F27-WX1 설명가능 완화추세,"2024·2026 관측자료와 ASOS 공통 조사월의 연관성을 이용한 상대 위험 전망입니다. 2026년은 부분연도이며, 2027년 실제 기상·발생·확률을 확정하지 않습니다."
배,복숭아심식나방,해충,세종특별자치시,2.0,3.0,4,유지,보통,10,2024·2026,"기준선 비교: 2026 유지 2.6점, 2024·2026 가중평균 2.4점, 선택 모델(완화 추세+표본 축소) 3.6점. 지역 변화 +0.6점을 표본가중치 0.45로 같은 병해충·작물의 지역 중앙 변화 +4.7점 방향에 축소하고, 1년 연장 변화는 ±20점으로 제한했습니다. 양년 자료 있음, 공통 조사단위 4개, 유효 관측 10건, 결측률 0.0%, 단위별 변화 변동성 2.4점. 비교는 가능하지만 표본 또는 변동성에 불확실성이 남습니다. 2024·2026 두 개 연도의 NCPMS 예찰자료만 사용한 상대 위험 전망으로, 기상·재배면적·방제 변화와 2027년 실제 발생을 확정하지 않습니다. ASOS 공통 조사월 2개에서 기온·습도·강수·풍속의 관측 연관성을 추세 연장분에만 최대 ±3점으로 제한 적용(보정 +0점). 2027년 미래 기상값은 생성하거나 가정하지 않았습니다.",관찰,4,0,0.0043,습도,기상 근거 보강,2,ASOS 공통 조사월 2개에서 기온·습도·강수·풍속의 관측 연관성을 추세 연장분에만 최대 ±3점으로 제한 적용(보정 +0점). 2027년 미래 기상값은 생성하거나 가정하지 않았습니다.,F27-WX1 설명가능 완화추세,"2024·2026 관측자료와 ASOS 공통 조사월의 연관성을 이용한 상대 위험 전망입니다. 2026년은 부분연도이며, 2027년 실제 기상·발생·확률을 확정하지 않습니다."
배,복숭아심식나방,해충,울산광역시,0.0,22.0,27,증가,보통,10,2024·2026,"기준선 비교: 2026 유지 22.2점, 2024·2026 가중평균 14.4점, 선택 모델(완화 추세+표본 축소) 26.6점. 지역 변화 +22.2점을 표본가중치 0.45로 같은 병해충·작물의 지역 중앙 변화 +4.7점 방향에 축소하고, 1년 연장 변화는 ±20점으로 제한했습니다. 양년 자료 있음, 공통 조사단위 4개, 유효 관측 10건, 결측률 0.0%, 단위별 변화 변동성 10.2점. 비교는 가능하지만 표본 또는 변동성에 불확실성이 남습니다. 2024·2026 두 개 연도의 NCPMS 예찰자료만 사용한 상대 위험 전망으로, 기상·재배면적·방제 변화와 2027년 실제 발생을 확정하지 않습니다. ASOS 공통 조사월 2개에서 기온·습도·강수·풍속의 관측 연관성을 추세 연장분에만 최대 ±3점으로 제한 적용(보정 +0점). 2027년 미래 기상값은 생성하거나 가정하지 않았습니다.",관찰,27,0,0.0083,습도,기상 근거 보강,2,ASOS 공통 조사월 2개에서 기온·습도·강수·풍속의 관측 연관성을 추세 연장분에만 최대 ±3점으로 제한 적용(보정 +0점). 2027년 미래 기상값은 생성하거나 가정하지 않았습니다.,F27-WX1 설명가능 완화추세,"2024·2026 관측자료와 ASOS 공통 조사월의 연관성을 이용한 상대 위험 전망입니다. 2026년은 부분연도이며, 2027년 실제 기상·발생·확률을 확정하지 않습니다."
배,복숭아심식나방,해충,전남광주통합특별시,7.0,0.0,0,유지,보통,11,2024·2026,"기준선 비교: 2026 유지 0.0점, 2024·2026 가중평균 2.4점, 선택 모델(완화 추세+표본 축소) 0.0점. 지역 변화 -6.8점을 표본가중치 0.48로 같은 병해충·작물의 지역 중앙 변화 +4.7점 방향에 축소하고, 1년 연장 변화는 ±20점으로 제한했습니다. 양년 자료 있음, 공통 조사단위 4개, 유효 관측 11건, 결측률 0.0%, 단위별 변화 변동성 6.8점. 비교는 가능하지만 표본 또는 변동성에 불확실성이 남습니다. 2024·2026 두 개 연도의 NCPMS 예찰자료만 사용한 상대 위험 전망으로, 기상·재배면적·방제 변화와 2027년 실제 발생을 확정하지 않습니다. ASOS 공통 조사월 2개에서 기온·습도·강수·풍속의 관측 연관성을 추세 연장분에만 최대 ±3점으로 제한 적용(보정 +0점). 2027년 미래 기상값은 생성하거나 가정하지 않았습니다.",관찰,0,0,0.0076,강수량,기상 근거 보강,2,ASOS 공통 조사월 2개에서 기온·습도·강수·풍속의 관측 연관성을 추세 연장분에만 최대 ±3점으로 제한 적용(보정 +0점). 2027년 미래 기상값은 생성하거나 가정하지 않았습니다.,F27-WX1 설명가능 완화추세,"2024·2026 관측자료와 ASOS 공통 조사월의 연관성을 이용한 상대 위험 전망입니다. 2026년은 부분연도이며, 2027년 실제 기상·발생·확률을 확정하지 않습니다."
배,복숭아심식나방,해충,전북특별자치도,,3.0,,전망자료 부족,낮음,7,2026,"양년 자료 없음, 공통 조사단위 0개, 유효 관측 7건, 결측률 0.0%, 단위별 변화 변동성 100.0점. 제한된 비교 단위 또는 변동성 때문에 보수적으로 낮게 평가합니다. 2024·2026 두 개 연도의 NCPMS 예찰자료만 사용한 상대 위험 전망으로, 기상·재배면적·방제 변화와 2027년 실제 발생을 확정하지 않습니다. ASOS 공통 조사월 0개에서 기온·습도·강수·풍속의 관측 연관성을 추세 연장분에만 최대 ±3점으로 제한 적용(보정 +0점). 2027년 미래 기상값은 생성하거나 가정하지 않았습니다.",전망자료 부족,,,0.0,—,기상근거 부족,0,ASOS 공통 조사월 0개에서 기온·습도·강수·풍속의 관측 연관성을 추세 연장분에만 최대 ±3점으로 제한 적용(보정 +0점). 2027년 미래 기상값은 생성하거나 가정하지 않았습니다.,F27-WX1 설명가능 완화추세,"2024·2026 관측자료와 ASOS 공통 조사월의 연관성을 이용한 상대 위험 전망입니다. 2026년은 부분연도이며, 2027년 실제 기상·발생·확률을 확정하지 않습니다."
배,복숭아심식나방,해충,충청남도,0.0,5.0,6,유지,보통,11,2024·2026,"기준선 비교: 2026 유지 4.7점, 2024·2026 가중평균 3.0점, 선택 모델(완화 추세+표본 축소) 6.3점. 지역 변화 +4.7점을 표본가중치 0.48로 같은 병해충·작물의 지역 중앙 변화 +4.7점 방향에 축소하고, 1년 연장 변화는 ±20점으로 제한했습니다. 양년 자료 있음, 공통 조사단위 4개, 유효 관측 11건, 결측률 0.0%, 단위별 변화 변동성 11.9점. 비교는 가능하지만 표본 또는 변동성에 불확실성이 남습니다. 2024·2026 두 개 연도의 NCPMS 예찰자료만 사용한 상대 위험 전망으로, 기상·재배면적·방제 변화와 2027년 실제 발생을 확정하지 않습니다. ASOS 공통 조사월 2개에서 기온·습도·강수·풍속의 관측 연관성을 추세 연장분에만 최대 ±3점으로 제한 적용(보정 +0점). 2027년 미래 기상값은 생성하거나 가정하지 않았습니다.",관찰,6,0,0.008,기온,기상 근거 보강,2,ASOS 공통 조사월 2개에서 기온·습도·강수·풍속의 관측 연관성을 추세 연장분에만 최대 ±3점으로 제한 적용(보정 +0점). 2027년 미래 기상값은 생성하거나 가정하지 않았습니다.,F27-WX1 설명가능 완화추세,"2024·2026 관측자료와 ASOS 공통 조사월의 연관성을 이용한 상대 위험 전망입니다. 2026년은 부분연도이며, 2027년 실제 기상·발생·확률을 확정하지 않습니다."
배,복숭아심식나방,해충,충청북도,0.0,0.0,1,유지,보통,11,2024·2026,"기준선 비교: 2026 유지 0.0점, 2024·2026 가중평균 0.0점, 선택 모델(완화 추세+표본 축소) 0.9점. 지역 변화 +0.0점을 표본가중치 0.48로 같은 병해충·작물의 지역 중앙 변화 +4.7점 방향에 축소하고, 1년 연장 변화는 ±20점으로 제한했습니다. 양년 자료 있음, 공통 조사단위 4개, 유효 관측 11건, 결측률 0.0%, 단위별 변화 변동성 0.0점. 비교는 가능하지만 표본 또는 변동성에 불확실성이 남습니다. 2024·2026 두 개 연도의 NCPMS 예찰자료만 사용한 상대 위험 전망으로, 기상·재배면적·방제 변화와 2027년 실제 발생을 확정하지 않습니다. ASOS 공통 조사월 2개에서 기온·습도·강수·풍속의 관측 연관성을 추세 연장분에만 최대 ±3점으로 제한 적용(보정 +0점). 2027년 미래 기상값은 생성하거나 가정하지 않았습니다.",관찰,1,0,0.0066,강수량,기상 근거 보강,2,ASOS 공통 조사월 2개에서 기온·습도·강수·풍속의 관측 연관성을 추세 연장분에만 최대 ±3점으로 제한 적용(보정 +0점). 2027년 미래 기상값은 생성하거나 가정하지 않았습니다.,F27-WX1 설명가능 완화추세,"2024·2026 관측자료와 ASOS 공통 조사월의 연관성을 이용한 상대 위험 전망입니다. 2026년은 부분연도이며, 2027년 실제 기상·발생·확률을 확정하지 않습니다."
복숭아,복숭아심식나방,해충,강원특별자치도,20.0,5.0,2,유지,보통,13,2024·2026,"기준선 비교: 2026 유지 4.5점, 2024·2026 가중평균 9.8점, 선택 모델(완화 추세+표본 축소) 1.6점. 지역 변화 -15.0점을 표본가중치 0.52로 같은 병해충·작물의 지역 중앙 변화 -0.9점 방향에 축소하고, 1년 연장 변화는 ±20점으로 제한했습니다. 양년 자료 있음, 공통 조사단위 3개, 유효 관측 13건, 결측률 0.0%, 단위별 변화 변동성 27.6점. 비교는 가능하지만 표본 또는 변동성에 불확실성이 남습니다. 2024·2026 두 개 연도의 NCPMS 예찰자료만 사용한 상대 위험 전망으로, 기상·재배면적·방제 변화와 2027년 실제 발생을 확정하지 않습니다. ASOS 공통 조사월 2개에서 기온·습도·강수·풍속의 관측 연관성을 추세 연장분에만 최대 ±3점으로 제한 적용(보정 +0점). 2027년 미래 기상값은 생성하거나 가정하지 않았습니다.",관찰,2,0,0.0168,습도,기상 근거 보강,2,ASOS 공통 조사월 2개에서 기온·습도·강수·풍속의 관측 연관성을 추세 연장분에만 최대 ±3점으로 제한 적용(보정 +0점). 2027년 미래 기상값은 생성하거나 가정하지 않았습니다.,F27-WX1 설명가능 완화추세,"2024·2026 관측자료와 ASOS 공통 조사월의 연관성을 이용한 상대 위험 전망입니다. 2026년은 부분연도이며, 2027년 실제 기상·발생·확률을 확정하지 않습니다."
복숭아,복숭아심식나방,해충,경기도,25.0,1.0,0,유지,보통,15,2024·2026,"기준선 비교: 2026 유지 0.9점, 2024·2026 가중평균 9.3점, 선택 모델(완화 추세+표본 축소) 0.0점. 지역 변화 -24.0점을 표본가중치 0.56로 같은 병해충·작물의 지역 중앙 변화 -0.9점 방향에 축소하고, 1년 연장 변화는 ±20점으로 제한했습니다. 양년 자료 있음, 공통 조사단위 4개, 유효 관측 15건, 결측률 0.0%, 단위별 변화 변동성 39.7점. 비교는 가능하지만 표본 또는 변동성에 불확실성이 남습니다. 2024·2026 두 개 연도의 NCPMS 예찰자료만 사용한 상대 위험 전망으로, 기상·재배면적·방제 변화와 2027년 실제 발생을 확정하지 않습니다. ASOS 공통 조사월 2개에서 기온·습도·강수·풍속의 관측 연관성을 추세 연장분에만 최대 ±3점으로 제한 적용(보정 +0점). 2027년 미래 기상값은 생성하거나 가정하지 않았습니다.",관찰,0,0,-0.0117,습도,기상 근거 보강,2,ASOS 공통 조사월 2개에서 기온·습도·강수·풍속의 관측 연관성을 추세 연장분에만 최대 ±3점으로 제한 적용(보정 +0점). 2027년 미래 기상값은 생성하거나 가정하지 않았습니다.,F27-WX1 설명가능 완화추세,"2024·2026 관측자료와 ASOS 공통 조사월의 연관성을 이용한 상대 위험 전망입니다. 2026년은 부분연도이며, 2027년 실제 기상·발생·확률을 확정하지 않습니다."
복숭아,복숭아심식나방,해충,경상남도,32.0,9.0,5,유지,보통,15,2024·2026,"기준선 비교: 2026 유지 9.5점, 2024·2026 가중평균 17.5점, 선택 모델(완화 추세+표본 축소) 4.9점. 지역 변화 -22.8점을 표본가중치 0.56로 같은 병해충·작물의 지역 중앙 변화 -0.9점 방향에 축소하고, 1년 연장 변화는 ±20점으로 제한했습니다. 양년 자료 있음, 공통 조사단위 4개, 유효 관측 15건, 결측률 0.0%, 단위별 변화 변동성 18.3점. 비교는 가능하지만 표본 또는 변동성에 불확실성이 남습니다. 2024·2026 두 개 연도의 NCPMS 예찰자료만 사용한 상대 위험 전망으로, 기상·재배면적·방제 변화와 2027년 실제 발생을 확정하지 않습니다. ASOS 공통 조사월 2개에서 기온·습도·강수·풍속의 관측 연관성을 추세 연장분에만 최대 ±3점으로 제한 적용(보정 +0점). 2027년 미래 기상값은 생성하거나 가정하지 않았습니다.",관찰,5,0,0.0193,습도,기상 근거 보강,2,ASOS 공통 조사월 2개에서 기온·습도·강수·풍속의 관측 연관성을 추세 연장분에만 최대 ±3점으로 제한 적용(보정 +0점). 2027년 미래 기상값은 생성하거나 가정하지 않았습니다.,F27-WX1 설명가능 완화추세,"2024·2026 관측자료와 ASOS 공통 조사월의 연관성을 이용한 상대 위험 전망입니다. 2026년은 부분연도이며, 2027년 실제 기상·발생·확률을 확정하지 않습니다."
복숭아,복숭아심식나방,해충,경상북도,15.0,35.0,39,유지,보통,15,2024·2026,"기준선 비교: 2026 유지 35.4점, 2024·2026 가중평균 28.3점, 선택 모델(완화 추세+표본 축소) 39.2점. 지역 변화 +20.4점을 표본가중치 0.56로 같은 병해충·작물의 지역 중앙 변화 -0.9점 방향에 축소하고, 1년 연장 변화는 ±20점으로 제한했습니다. 양년 자료 있음, 공통 조사단위 4개, 유효 관측 15건, 결측률 0.0%, 단위별 변화 변동성 19.2점. 비교는 가능하지만 표본 또는 변동성에 불확실성이 남습니다. 2024·2026 두 개 연도의 NCPMS 예찰자료만 사용한 상대 위험 전망으로, 기상·재배면적·방제 변화와 2027년 실제 발생을 확정하지 않습니다. ASOS 공통 조사월 2개에서 기온·습도·강수·풍속의 관측 연관성을 추세 연장분에만 최대 ±3점으로 제한 적용(보정 +0점). 2027년 미래 기상값은 생성하거나 가정하지 않았습니다.",주의,39,0,0.0203,습도,기상 근거 보강,2,ASOS 공통 조사월 2개에서 기온·습도·강수·풍속의 관측 연관성을 추세 연장분에만 최대 ±3점으로 제한 적용(보정 +0점). 2027년 미래 기상값은 생성하거나 가정하지 않았습니다.,F27-WX1 설명가능 완화추세,"2024·2026 관측자료와 ASOS 공통 조사월의 연관성을 이용한 상대 위험 전망입니다. 2026년은 부분연도이며, 2027년 실제 기상·발생·확률을 확정하지 않습니다."
복숭아,복숭아심식나방,해충,세종특별자치시,1.0,0.0,0,유지,보통,14,2024·2026,"기준선 비교: 2026 유지 0.0점, 2024·2026 가중평균 0.3점, 선택 모델(완화 추세+표본 축소) 0.0점. 지역 변화 -0.9점을 표본가중치 0.54로 같은 병해충·작물의 지역 중앙 변화 -0.9점 방향에 축소하고, 1년 연장 변화는 ±20점으로 제한했습니다. 양년 자료 있음, 공통 조사단위 4개, 유효 관측 14건, 결측률 0.0%, 단위별 변화 변동성 1.5점. 비교는 가능하지만 표본 또는 변동성에 불확실성이 남습니다. 2024·2026 두 개 연도의 NCPMS 예찰자료만 사용한 상대 위험 전망으로, 기상·재배면적·방제 변화와 2027년 실제 발생을 확정하지 않습니다. ASOS 공통 조사월 2개에서 기온·습도·강수·풍속의 관측 연관성을 추세 연장분에만 최대 ±3점으로 제한 적용(보정 +0점). 2027년 미래 기상값은 생성하거나 가정하지 않았습니다.",관찰,0,0,0.0231,습도,기상 근거 보강,2,ASOS 공통 조사월 2개에서 기온·습도·강수·풍속의 관측 연관성을 추세 연장분에만 최대 ±3점으로 제한 적용(보정 +0점). 2027년 미래 기상값은 생성하거나 가정하지 않았습니다.,F27-WX1 설명가능 완화추세,"2024·2026 관측자료와 ASOS 공통 조사월의 연관성을 이용한 상대 위험 전망입니다. 2026년은 부분연도이며, 2027년 실제 기상·발생·확률을 확정하지 않습니다."
복숭아,복숭아심식나방,해충,전남광주통합특별시,32.0,1.0,0,유지,보통,11,2024·2026,"기준선 비교: 2026 유지 1.4점, 2024·2026 가중평균 11.9점, 선택 모델(완화 추세+표본 축소) 0.0점. 지역 변화 -30.2점을 표본가중치 0.48로 같은 병해충·작물의 지역 중앙 변화 -0.9점 방향에 축소하고, 1년 연장 변화는 ±20점으로 제한했습니다. 양년 자료 있음, 공통 조사단위 2개, 유효 관측 11건, 결측률 0.0%, 단위별 변화 변동성 30.0점. 비교는 가능하지만 표본 또는 변동성에 불확실성이 남습니다. 2024·2026 두 개 연도의 NCPMS 예찰자료만 사용한 상대 위험 전망으로, 기상·재배면적·방제 변화와 2027년 실제 발생을 확정하지 않습니다. ASOS 공통 조사월 1개에서 기온·습도·강수·풍속의 관측 연관성을 추세 연장분에만 최대 ±3점으로 제한 적용(보정 +0점). 2027년 미래 기상값은 생성하거나 가정하지 않았습니다.",관찰,0,0,-0.0137,습도,기상 근거 보강,1,ASOS 공통 조사월 1개에서 기온·습도·강수·풍속의 관측 연관성을 추세 연장분에만 최대 ±3점으로 제한 적용(보정 +0점). 2027년 미래 기상값은 생성하거나 가정하지 않았습니다.,F27-WX1 설명가능 완화추세,"2024·2026 관측자료와 ASOS 공통 조사월의 연관성을 이용한 상대 위험 전망입니다. 2026년은 부분연도이며, 2027년 실제 기상·발생·확률을 확정하지 않습니다."
복숭아,복숭아심식나방,해충,전북특별자치도,5.0,60.0,70,증가,보통,15,2024·2026,"기준선 비교: 2026 유지 59.9점, 2024·2026 가중평균 40.7점, 선택 모델(완화 추세+표본 축소) 70.4점. 지역 변화 +54.8점을 표본가중치 0.56로 같은 병해충·작물의 지역 중앙 변화 -0.9점 방향에 축소하고, 1년 연장 변화는 ±20점으로 제한했습니다. 양년 자료 있음, 공통 조사단위 4개, 유효 관측 15건, 결측률 0.0%, 단위별 변화 변동성 33.8점. 비교는 가능하지만 표본 또는 변동성에 불확실성이 남습니다. 2024·2026 두 개 연도의 NCPMS 예찰자료만 사용한 상대 위험 전망으로, 기상·재배면적·방제 변화와 2027년 실제 발생을 확정하지 않습니다. ASOS 공통 조사월 2개에서 기온·습도·강수·풍속의 관측 연관성을 추세 연장분에만 최대 ±3점으로 제한 적용(보정 +0점). 2027년 미래 기상값은 생성하거나 가정하지 않았습니다.",고위험,70,0,0.0167,기온,기상 근거 보강,2,ASOS 공통 조사월 2개에서 기온·습도·강수·풍속의 관측 연관성을 추세 연장분에만 최대 ±3점으로 제한 적용(보정 +0점). 2027년 미래 기상값은 생성하거나 가정하지 않았습니다.,F27-WX1 설명가능 완화추세,"2024·2026 관측자료와 ASOS 공통 조사월의 연관성을 이용한 상대 위험 전망입니다. 2026년은 부분연도이며, 2027년 실제 기상·발생·확률을 확정하지 않습니다."
복숭아,복숭아심식나방,해충,충청남도,0.0,1.0,1,유지,보통,15,2024·2026,"기준선 비교: 2026 유지 0.9점, 2024·2026 가중평균 0.6점, 선택 모델(완화 추세+표본 축소) 0.9점. 지역 변화 +0.9점을 표본가중치 0.56로 같은 병해충·작물의 지역 중앙 변화 -0.9점 방향에 축소하고, 1년 연장 변화는 ±20점으로 제한했습니다. 양년 자료 있음, 공통 조사단위 4개, 유효 관측 15건, 결측률 0.0%, 단위별 변화 변동성 0.0점. 비교는 가능하지만 표본 또는 변동성에 불확실성이 남습니다. 2024·2026 두 개 연도의 NCPMS 예찰자료만 사용한 상대 위험 전망으로, 기상·재배면적·방제 변화와 2027년 실제 발생을 확정하지 않습니다. ASOS 공통 조사월 2개에서 기온·습도·강수·풍속의 관측 연관성을 추세 연장분에만 최대 ±3점으로 제한 적용(보정 +0점). 2027년 미래 기상값은 생성하거나 가정하지 않았습니다.",관찰,1,0,0.0168,기온,기상 근거 보강,2,ASOS 공통 조사월 2개에서 기온·습도·강수·풍속의 관측 연관성을 추세 연장분에만 최대 ±3점으로 제한 적용(보정 +0점). 2027년 미래 기상값은 생성하거나 가정하지 않았습니다.,F27-WX1 설명가능 완화추세,"2024·2026 관측자료와 ASOS 공통 조사월의 연관성을 이용한 상대 위험 전망입니다. 2026년은 부분연도이며, 2027년 실제 기상·발생·확률을 확정하지 않습니다."
복숭아,복숭아심식나방,해충,충청북도,9.0,10.0,10,유지,보통,15,2024·2026,"기준선 비교: 2026 유지 10.1점, 2024·2026 가중평균 9.7점, 선택 모델(완화 추세+표본 축소) 10.2점. 지역 변화 +1.3점을 표본가중치 0.56로 같은 병해충·작물의 지역 중앙 변화 -0.9점 방향에 축소하고, 1년 연장 변화는 ±20점으로 제한했습니다. 양년 자료 있음, 공통 조사단위 4개, 유효 관측 15건, 결측률 0.0%, 단위별 변화 변동성 11.3점. 비교는 가능하지만 표본 또는 변동성에 불확실성이 남습니다. 2024·2026 두 개 연도의 NCPMS 예찰자료만 사용한 상대 위험 전망으로, 기상·재배면적·방제 변화와 2027년 실제 발생을 확정하지 않습니다. ASOS 공통 조사월 2개에서 기온·습도·강수·풍속의 관측 연관성을 추세 연장분에만 최대 ±3점으로 제한 적용(보정 +0점). 2027년 미래 기상값은 생성하거나 가정하지 않았습니다.",관찰,10,0,0.0118,기온,기상 근거 보강,2,ASOS 공통 조사월 2개에서 기온·습도·강수·풍속의 관측 연관성을 추세 연장분에만 최대 ±3점으로 제한 적용(보정 +0점). 2027년 미래 기상값은 생성하거나 가정하지 않았습니다.,F27-WX1 설명가능 완화추세,"2024·2026 관측자료와 ASOS 공통 조사월의 연관성을 이용한 상대 위험 전망입니다. 2026년은 부분연도이며, 2027년 실제 기상·발생·확률을 확정하지 않습니다."
사과,복숭아심식나방,해충,강원특별자치도,17.0,0.0,0,유지,보통,18,2024·2026,"기준선 비교: 2026 유지 0.0점, 2024·2026 가중평균 5.8점, 선택 모델(완화 추세+표본 축소) 0.0점. 지역 변화 -16.7점을 표본가중치 0.60로 같은 병해충·작물의 지역 중앙 변화 +0.0점 방향에 축소하고, 1년 연장 변화는 ±20점으로 제한했습니다. 양년 자료 있음, 공통 조사단위 3개, 유효 관측 18건, 결측률 0.0%, 단위별 변화 변동성 23.6점. 비교는 가능하지만 표본 또는 변동성에 불확실성이 남습니다. 2024·2026 두 개 연도의 NCPMS 예찰자료만 사용한 상대 위험 전망으로, 기상·재배면적·방제 변화와 2027년 실제 발생을 확정하지 않습니다. ASOS 공통 조사월 2개에서 기온·습도·강수·풍속의 관측 연관성을 추세 연장분에만 최대 ±3점으로 제한 적용(보정 +0점). 2027년 미래 기상값은 생성하거나 가정하지 않았습니다.",관찰,0,0,-0.0185,강수량,기상 근거 보강,2,ASOS 공통 조사월 2개에서 기온·습도·강수·풍속의 관측 연관성을 추세 연장분에만 최대 ±3점으로 제한 적용(보정 +0점). 2027년 미래 기상값은 생성하거나 가정하지 않았습니다.,F27-WX1 설명가능 완화추세,"2024·2026 관측자료와 ASOS 공통 조사월의 연관성을 이용한 상대 위험 전망입니다. 2026년은 부분연도이며, 2027년 실제 기상·발생·확률을 확정하지 않습니다."
사과,복숭아심식나방,해충,경기도,5.0,6.0,6,유지,보통,18,2024·2026,"기준선 비교: 2026 유지 5.9점, 2024·2026 가중평균 5.6점, 선택 모델(완화 추세+표본 축소) 6.1점. 지역 변화 +0.8점을 표본가중치 0.60로 같은 병해충·작물의 지역 중앙 변화 +0.0점 방향에 축소하고, 1년 연장 변화는 ±20점으로 제한했습니다. 양년 자료 있음, 공통 조사단위 3개, 유효 관측 18건, 결측률 0.0%, 단위별 변화 변동성 3.4점. 비교는 가능하지만 표본 또는 변동성에 불확실성이 남습니다. 2024·2026 두 개 연도의 NCPMS 예찰자료만 사용한 상대 위험 전망으로, 기상·재배면적·방제 변화와 2027년 실제 발생을 확정하지 않습니다. ASOS 공통 조사월 2개에서 기온·습도·강수·풍속의 관측 연관성을 추세 연장분에만 최대 ±3점으로 제한 적용(보정 +0점). 2027년 미래 기상값은 생성하거나 가정하지 않았습니다.",관찰,6,0,0.0348,강수량,기상 근거 보강,2,ASOS 공통 조사월 2개에서 기온·습도·강수·풍속의 관측 연관성을 추세 연장분에만 최대 ±3점으로 제한 적용(보정 +0점). 2027년 미래 기상값은 생성하거나 가정하지 않았습니다.,F27-WX1 설명가능 완화추세,"2024·2026 관측자료와 ASOS 공통 조사월의 연관성을 이용한 상대 위험 전망입니다. 2026년은 부분연도이며, 2027년 실제 기상·발생·확률을 확정하지 않습니다."
사과,복숭아심식나방,해충,경상남도,0.0,0.0,0,유지,보통,18,2024·2026,"기준선 비교: 2026 유지 0.0점, 2024·2026 가중평균 0.0점, 선택 모델(완화 추세+표본 축소) 0.0점. 지역 변화 +0.0점을 표본가중치 0.60로 같은 병해충·작물의 지역 중앙 변화 +0.0점 방향에 축소하고, 1년 연장 변화는 ±20점으로 제한했습니다. 양년 자료 있음, 공통 조사단위 3개, 유효 관측 18건, 결측률 0.0%, 단위별 변화 변동성 0.0점. 비교는 가능하지만 표본 또는 변동성에 불확실성이 남습니다. 2024·2026 두 개 연도의 NCPMS 예찰자료만 사용한 상대 위험 전망으로, 기상·재배면적·방제 변화와 2027년 실제 발생을 확정하지 않습니다. ASOS 공통 조사월 2개에서 기온·습도·강수·풍속의 관측 연관성을 추세 연장분에만 최대 ±3점으로 제한 적용(보정 +0점). 2027년 미래 기상값은 생성하거나 가정하지 않았습니다.",관찰,0,0,0.0351,강수량,기상 근거 보강,2,ASOS 공통 조사월 2개에서 기온·습도·강수·풍속의 관측 연관성을 추세 연장분에만 최대 ±3점으로 제한 적용(보정 +0점). 2027년 미래 기상값은 생성하거나 가정하지 않았습니다.,F27-WX1 설명가능 완화추세,"2024·2026 관측자료와 ASOS 공통 조사월의 연관성을 이용한 상대 위험 전망입니다. 2026년은 부분연도이며, 2027년 실제 기상·발생·확률을 확정하지 않습니다."
사과,복숭아심식나방,해충,경상북도,20.0,27.0,29,유지,보통,18,2024·2026,"기준선 비교: 2026 유지 27.4점, 2024·2026 가중평균 24.9점, 선택 모델(완화 추세+표본 축소) 28.9점. 지역 변화 +7.1점을 표본가중치 0.60로 같은 병해충·작물의 지역 중앙 변화 +0.0점 방향에 축소하고, 1년 연장 변화는 ±20점으로 제한했습니다. 양년 자료 있음, 공통 조사단위 3개, 유효 관측 18건, 결측률 0.0%, 단위별 변화 변동성 3.4점. 비교는 가능하지만 표본 또는 변동성에 불확실성이 남습니다. 2024·2026 두 개 연도의 NCPMS 예찰자료만 사용한 상대 위험 전망으로, 기상·재배면적·방제 변화와 2027년 실제 발생을 확정하지 않습니다. ASOS 공통 조사월 2개에서 기온·습도·강수·풍속의 관측 연관성을 추세 연장분에만 최대 ±3점으로 제한 적용(보정 +0점). 2027년 미래 기상값은 생성하거나 가정하지 않았습니다.",관찰,29,0,0.001,강수량,기상 근거 보강,2,ASOS 공통 조사월 2개에서 기온·습도·강수·풍속의 관측 연관성을 추세 연장분에만 최대 ±3점으로 제한 적용(보정 +0점). 2027년 미래 기상값은 생성하거나 가정하지 않았습니다.,F27-WX1 설명가능 완화추세,"2024·2026 관측자료와 ASOS 공통 조사월의 연관성을 이용한 상대 위험 전망입니다. 2026년은 부분연도이며, 2027년 실제 기상·발생·확률을 확정하지 않습니다."
사과,복숭아심식나방,해충,대구광역시,0.0,,,전망자료 부족,낮음,6,2024,"양년 자료 없음, 공통 조사단위 0개, 유효 관측 6건, 결측률 0.0%, 단위별 변화 변동성 100.0점. 제한된 비교 단위 또는 변동성 때문에 보수적으로 낮게 평가합니다. 2024·2026 두 개 연도의 NCPMS 예찰자료만 사용한 상대 위험 전망으로, 기상·재배면적·방제 변화와 2027년 실제 발생을 확정하지 않습니다. ASOS 공통 조사월 0개에서 기온·습도·강수·풍속의 관측 연관성을 추세 연장분에만 최대 ±3점으로 제한 적용(보정 +0점). 2027년 미래 기상값은 생성하거나 가정하지 않았습니다.",전망자료 부족,,,0.0,—,기상근거 부족,0,ASOS 공통 조사월 0개에서 기온·습도·강수·풍속의 관측 연관성을 추세 연장분에만 최대 ±3점으로 제한 적용(보정 +0점). 2027년 미래 기상값은 생성하거나 가정하지 않았습니다.,F27-WX1 설명가능 완화추세,"2024·2026 관측자료와 ASOS 공통 조사월의 연관성을 이용한 상대 위험 전망입니다. 2026년은 부분연도이며, 2027년 실제 기상·발생·확률을 확정하지 않습니다."
사과,복숭아심식나방,해충,전남광주통합특별시,0.0,0.0,0,유지,보통,16,2024·2026,"기준선 비교: 2026 유지 0.0점, 2024·2026 가중평균 0.0점, 선택 모델(완화 추세+표본 축소) 0.0점. 지역 변화 +0.0점을 표본가중치 0.57로 같은 병해충·작물의 지역 중앙 변화 +0.0점 방향에 축소하고, 1년 연장 변화는 ±20점으로 제한했습니다. 양년 자료 있음, 공통 조사단위 2개, 유효 관측 16건, 결측률 0.0%, 단위별 변화 변동성 0.0점. 비교는 가능하지만 표본 또는 변동성에 불확실성이 남습니다. 2024·2026 두 개 연도의 NCPMS 예찰자료만 사용한 상대 위험 전망으로, 기상·재배면적·방제 변화와 2027년 실제 발생을 확정하지 않습니다. ASOS 공통 조사월 2개에서 기온·습도·강수·풍속의 관측 연관성을 추세 연장분에만 최대 ±3점으로 제한 적용(보정 +0점). 2027년 미래 기상값은 생성하거나 가정하지 않았습니다.",관찰,0,0,0.0273,강수량,기상 근거 보강,2,ASOS 공통 조사월 2개에서 기온·습도·강수·풍속의 관측 연관성을 추세 연장분에만 최대 ±3점으로 제한 적용(보정 +0점). 2027년 미래 기상값은 생성하거나 가정하지 않았습니다.,F27-WX1 설명가능 완화추세,"2024·2026 관측자료와 ASOS 공통 조사월의 연관성을 이용한 상대 위험 전망입니다. 2026년은 부분연도이며, 2027년 실제 기상·발생·확률을 확정하지 않습니다."
사과,복숭아심식나방,해충,전북특별자치도,34.0,43.0,44,유지,보통,18,2024·2026,"기준선 비교: 2026 유지 42.6점, 2024·2026 가중평균 39.7점, 선택 모델(완화 추세+표본 축소) 44.3점. 지역 변화 +8.3점을 표본가중치 0.60로 같은 병해충·작물의 지역 중앙 변화 +0.0점 방향에 축소하고, 1년 연장 변화는 ±20점으로 제한했습니다. 양년 자료 있음, 공통 조사단위 3개, 유효 관측 18건, 결측률 0.0%, 단위별 변화 변동성 10.3점. 비교는 가능하지만 표본 또는 변동성에 불확실성이 남습니다. 2024·2026 두 개 연도의 NCPMS 예찰자료만 사용한 상대 위험 전망으로, 기상·재배면적·방제 변화와 2027년 실제 발생을 확정하지 않습니다. ASOS 공통 조사월 2개에서 기온·습도·강수·풍속의 관측 연관성을 추세 연장분에만 최대 ±3점으로 제한 적용(보정 +0점). 2027년 미래 기상값은 생성하거나 가정하지 않았습니다.",주의,44,0,0.0229,강수량,기상 근거 보강,2,ASOS 공통 조사월 2개에서 기온·습도·강수·풍속의 관측 연관성을 추세 연장분에만 최대 ±3점으로 제한 적용(보정 +0점). 2027년 미래 기상값은 생성하거나 가정하지 않았습니다.,F27-WX1 설명가능 완화추세,"2024·2026 관측자료와 ASOS 공통 조사월의 연관성을 이용한 상대 위험 전망입니다. 2026년은 부분연도이며, 2027년 실제 기상·발생·확률을 확정하지 않습니다."
사과,복숭아심식나방,해충,충청남도,0.0,0.0,0,유지,보통,18,2024·2026,"기준선 비교: 2026 유지 0.0점, 2024·2026 가중평균 0.0점, 선택 모델(완화 추세+표본 축소) 0.0점. 지역 변화 +0.0점을 표본가중치 0.60로 같은 병해충·작물의 지역 중앙 변화 +0.0점 방향에 축소하고, 1년 연장 변화는 ±20점으로 제한했습니다. 양년 자료 있음, 공통 조사단위 3개, 유효 관측 18건, 결측률 0.0%, 단위별 변화 변동성 0.0점. 비교는 가능하지만 표본 또는 변동성에 불확실성이 남습니다. 2024·2026 두 개 연도의 NCPMS 예찰자료만 사용한 상대 위험 전망으로, 기상·재배면적·방제 변화와 2027년 실제 발생을 확정하지 않습니다. ASOS 공통 조사월 2개에서 기온·습도·강수·풍속의 관측 연관성을 추세 연장분에만 최대 ±3점으로 제한 적용(보정 +0점). 2027년 미래 기상값은 생성하거나 가정하지 않았습니다.",관찰,0,0,0.0195,강수량,기상 근거 보강,2,ASOS 공통 조사월 2개에서 기온·습도·강수·풍속의 관측 연관성을 추세 연장분에만 최대 ±3점으로 제한 적용(보정 +0점). 2027년 미래 기상값은 생성하거나 가정하지 않았습니다.,F27-WX1 설명가능 완화추세,"2024·2026 관측자료와 ASOS 공통 조사월의 연관성을 이용한 상대 위험 전망입니다. 2026년은 부분연도이며, 2027년 실제 기상·발생·확률을 확정하지 않습니다."
사과,복숭아심식나방,해충,충청북도,51.0,38.0,35,유지,보통,18,2024·2026,"기준선 비교: 2026 유지 37.6점, 2024·2026 가중평균 42.3점, 선택 모델(완화 추세+표본 축소) 34.9점. 지역 변화 -13.2점을 표본가중치 0.60로 같은 병해충·작물의 지역 중앙 변화 +0.0점 방향에 축소하고, 1년 연장 변화는 ±20점으로 제한했습니다. 양년 자료 있음, 공통 조사단위 3개, 유효 관측 18건, 결측률 0.0%, 단위별 변화 변동성 8.5점. 비교는 가능하지만 표본 또는 변동성에 불확실성이 남습니다. 2024·2026 두 개 연도의 NCPMS 예찰자료만 사용한 상대 위험 전망으로, 기상·재배면적·방제 변화와 2027년 실제 발생을 확정하지 않습니다. ASOS 공통 조사월 2개에서 기온·습도·강수·풍속의 관측 연관성을 추세 연장분에만 최대 ±3점으로 제한 적용(보정 +0점). 2027년 미래 기상값은 생성하거나 가정하지 않았습니다.",주의,35,0,0.0218,강수량,기상 근거 보강,2,ASOS 공통 조사월 2개에서 기온·습도·강수·풍속의 관측 연관성을 추세 연장분에만 최대 ±3점으로 제한 적용(보정 +0점). 2027년 미래 기상값은 생성하거나 가정하지 않았습니다.,F27-WX1 설명가능 완화추세,"2024·2026 관측자료와 ASOS 공통 조사월의 연관성을 이용한 상대 위험 전망입니다. 2026년은 부분연도이며, 2027년 실제 기상·발생·확률을 확정하지 않습니다."
감귤,볼록총채벌레,해충,제주특별자치도,,30.0,,전망자료 부족,낮음,14,2026,"양년 자료 없음, 공통 조사단위 0개, 유효 관측 14건, 결측률 0.0%, 단위별 변화 변동성 100.0점. 제한된 비교 단위 또는 변동성 때문에 보수적으로 낮게 평가합니다. 2024·2026 두 개 연도의 NCPMS 예찰자료만 사용한 상대 위험 전망으로, 기상·재배면적·방제 변화와 2027년 실제 발생을 확정하지 않습니다. ASOS 공통 조사월 0개에서 기온·습도·강수·풍속의 관측 연관성을 추세 연장분에만 최대 ±3점으로 제한 적용(보정 +0점). 2027년 미래 기상값은 생성하거나 가정하지 않았습니다.",전망자료 부족,,,0.0,—,기상근거 부족,0,ASOS 공통 조사월 0개에서 기온·습도·강수·풍속의 관측 연관성을 추세 연장분에만 최대 ±3점으로 제한 적용(보정 +0점). 2027년 미래 기상값은 생성하거나 가정하지 않았습니다.,F27-WX1 설명가능 완화추세,"2024·2026 관측자료와 ASOS 공통 조사월의 연관성을 이용한 상대 위험 전망입니다. 2026년은 부분연도이며, 2027년 실제 기상·발생·확률을 확정하지 않습니다."
사과,부란병,병해,강원특별자치도,11.0,17.0,19,유지,낮음,12,2024·2026,"기준선 비교: 2026 유지 16.7점, 2024·2026 가중평균 14.7점, 선택 모델(완화 추세+표본 축소) 19.0점. 지역 변화 +5.7점을 표본가중치 0.50로 같은 병해충·작물의 지역 중앙 변화 +7.6점 방향에 축소하고, 1년 연장 변화는 ±20점으로 제한했습니다. 양년 자료 있음, 공통 조사단위 3개, 유효 관측 12건, 결측률 0.0%, 단위별 변화 변동성 51.4점. 제한된 비교 단위 또는 변동성 때문에 보수적으로 낮게 평가합니다. 2024·2026 두 개 연도의 NCPMS 예찰자료만 사용한 상대 위험 전망으로, 기상·재배면적·방제 변화와 2027년 실제 발생을 확정하지 않습니다. ASOS 공통 조사월 2개에서 기온·습도·강수·풍속의 관측 연관성을 추세 연장분에만 최대 ±3점으로 제한 적용(보정 +0점). 2027년 미래 기상값은 생성하거나 가정하지 않았습니다.",관찰,19,0,-0.0451,강수량,기상 근거 보강,2,ASOS 공통 조사월 2개에서 기온·습도·강수·풍속의 관측 연관성을 추세 연장분에만 최대 ±3점으로 제한 적용(보정 +0점). 2027년 미래 기상값은 생성하거나 가정하지 않았습니다.,F27-WX1 설명가능 완화추세,"2024·2026 관측자료와 ASOS 공통 조사월의 연관성을 이용한 상대 위험 전망입니다. 2026년은 부분연도이며, 2027년 실제 기상·발생·확률을 확정하지 않습니다."
사과,부란병,병해,경기도,2.0,0.0,1,유지,보통,12,2024·2026,"기준선 비교: 2026 유지 0.0점, 2024·2026 가중평균 0.7점, 선택 모델(완화 추세+표본 축소) 1.0점. 지역 변화 -2.0점을 표본가중치 0.50로 같은 병해충·작물의 지역 중앙 변화 +7.6점 방향에 축소하고, 1년 연장 변화는 ±20점으로 제한했습니다. 양년 자료 있음, 공통 조사단위 3개, 유효 관측 12건, 결측률 0.0%, 단위별 변화 변동성 2.8점. 비교는 가능하지만 표본 또는 변동성에 불확실성이 남습니다. 2024·2026 두 개 연도의 NCPMS 예찰자료만 사용한 상대 위험 전망으로, 기상·재배면적·방제 변화와 2027년 실제 발생을 확정하지 않습니다. ASOS 공통 조사월 2개에서 기온·습도·강수·풍속의 관측 연관성을 추세 연장분에만 최대 ±3점으로 제한 적용(보정 +0점). 2027년 미래 기상값은 생성하거나 가정하지 않았습니다.",관찰,1,0,0.0709,강수량,기상 근거 보강,2,ASOS 공통 조사월 2개에서 기온·습도·강수·풍속의 관측 연관성을 추세 연장분에만 최대 ±3점으로 제한 적용(보정 +0점). 2027년 미래 기상값은 생성하거나 가정하지 않았습니다.,F27-WX1 설명가능 완화추세,"2024·2026 관측자료와 ASOS 공통 조사월의 연관성을 이용한 상대 위험 전망입니다. 2026년은 부분연도이며, 2027년 실제 기상·발생·확률을 확정하지 않습니다."
사과,부란병,병해,경상남도,0.0,66.0,79,증가,보통,12,2024·2026,"기준선 비교: 2026 유지 66.3점, 2024·2026 가중평균 43.1점, 선택 모델(완화 추세+표본 축소) 79.3점. 지역 변화 +66.3점을 표본가중치 0.50로 같은 병해충·작물의 지역 중앙 변화 +7.6점 방향에 축소하고, 1년 연장 변화는 ±20점으로 제한했습니다. 양년 자료 있음, 공통 조사단위 3개, 유효 관측 12건, 결측률 0.0%, 단위별 변화 변동성 23.7점. 비교는 가능하지만 표본 또는 변동성에 불확실성이 남습니다. 2024·2026 두 개 연도의 NCPMS 예찰자료만 사용한 상대 위험 전망으로, 기상·재배면적·방제 변화와 2027년 실제 발생을 확정하지 않습니다. ASOS 공통 조사월 2개에서 기온·습도·강수·풍속의 관측 연관성을 추세 연장분에만 최대 ±3점으로 제한 적용(보정 +0점). 2027년 미래 기상값은 생성하거나 가정하지 않았습니다.",고위험,79,0,0.0733,강수량,기상 근거 보강,2,ASOS 공통 조사월 2개에서 기온·습도·강수·풍속의 관측 연관성을 추세 연장분에만 최대 ±3점으로 제한 적용(보정 +0점). 2027년 미래 기상값은 생성하거나 가정하지 않았습니다.,F27-WX1 설명가능 완화추세,"2024·2026 관측자료와 ASOS 공통 조사월의 연관성을 이용한 상대 위험 전망입니다. 2026년은 부분연도이며, 2027년 실제 기상·발생·확률을 확정하지 않습니다."
사과,부란병,병해,경상북도,12.0,48.0,56,증가,보통,12,2024·2026,"기준선 비교: 2026 유지 48.3점, 2024·2026 가중평균 35.4점, 선택 모델(완화 추세+표본 축소) 56.1점. 지역 변화 +36.8점을 표본가중치 0.50로 같은 병해충·작물의 지역 중앙 변화 +7.6점 방향에 축소하고, 1년 연장 변화는 ±20점으로 제한했습니다. 양년 자료 있음, 공통 조사단위 3개, 유효 관측 12건, 결측률 0.0%, 단위별 변화 변동성 2.2점. 비교는 가능하지만 표본 또는 변동성에 불확실성이 남습니다. 2024·2026 두 개 연도의 NCPMS 예찰자료만 사용한 상대 위험 전망으로, 기상·재배면적·방제 변화와 2027년 실제 발생을 확정하지 않습니다. ASOS 공통 조사월 2개에서 기온·습도·강수·풍속의 관측 연관성을 추세 연장분에만 최대 ±3점으로 제한 적용(보정 +0점). 2027년 미래 기상값은 생성하거나 가정하지 않았습니다.",주의,56,0,-0.0108,습도,기상 근거 보강,2,ASOS 공통 조사월 2개에서 기온·습도·강수·풍속의 관측 연관성을 추세 연장분에만 최대 ±3점으로 제한 적용(보정 +0점). 2027년 미래 기상값은 생성하거나 가정하지 않았습니다.,F27-WX1 설명가능 완화추세,"2024·2026 관측자료와 ASOS 공통 조사월의 연관성을 이용한 상대 위험 전망입니다. 2026년은 부분연도이며, 2027년 실제 기상·발생·확률을 확정하지 않습니다."
사과,부란병,병해,대구광역시,1.0,,,전망자료 부족,낮음,6,2024,"양년 자료 없음, 공통 조사단위 0개, 유효 관측 6건, 결측률 0.0%, 단위별 변화 변동성 100.0점. 제한된 비교 단위 또는 변동성 때문에 보수적으로 낮게 평가합니다. 2024·2026 두 개 연도의 NCPMS 예찰자료만 사용한 상대 위험 전망으로, 기상·재배면적·방제 변화와 2027년 실제 발생을 확정하지 않습니다. ASOS 공통 조사월 0개에서 기온·습도·강수·풍속의 관측 연관성을 추세 연장분에만 최대 ±3점으로 제한 적용(보정 +0점). 2027년 미래 기상값은 생성하거나 가정하지 않았습니다.",전망자료 부족,,,0.0,—,기상근거 부족,0,ASOS 공통 조사월 0개에서 기온·습도·강수·풍속의 관측 연관성을 추세 연장분에만 최대 ±3점으로 제한 적용(보정 +0점). 2027년 미래 기상값은 생성하거나 가정하지 않았습니다.,F27-WX1 설명가능 완화추세,"2024·2026 관측자료와 ASOS 공통 조사월의 연관성을 이용한 상대 위험 전망입니다. 2026년은 부분연도이며, 2027년 실제 기상·발생·확률을 확정하지 않습니다."
사과,부란병,병해,전남광주통합특별시,0.0,0.0,1,유지,보통,11,2024·2026,"기준선 비교: 2026 유지 0.0점, 2024·2026 가중평균 0.0점, 선택 모델(완화 추세+표본 축소) 1.4점. 지역 변화 +0.0점을 표본가중치 0.48로 같은 병해충·작물의 지역 중앙 변화 +7.6점 방향에 축소하고, 1년 연장 변화는 ±20점으로 제한했습니다. 양년 자료 있음, 공통 조사단위 2개, 유효 관측 11건, 결측률 0.0%, 단위별 변화 변동성 0.0점. 비교는 가능하지만 표본 또는 변동성에 불확실성이 남습니다. 2024·2026 두 개 연도의 NCPMS 예찰자료만 사용한 상대 위험 전망으로, 기상·재배면적·방제 변화와 2027년 실제 발생을 확정하지 않습니다. ASOS 공통 조사월 2개에서 기온·습도·강수·풍속의 관측 연관성을 추세 연장분에만 최대 ±3점으로 제한 적용(보정 +0점). 2027년 미래 기상값은 생성하거나 가정하지 않았습니다.",관찰,1,0,0.0641,강수량,기상 근거 보강,2,ASOS 공통 조사월 2개에서 기온·습도·강수·풍속의 관측 연관성을 추세 연장분에만 최대 ±3점으로 제한 적용(보정 +0점). 2027년 미래 기상값은 생성하거나 가정하지 않았습니다.,F27-WX1 설명가능 완화추세,"2024·2026 관측자료와 ASOS 공통 조사월의 연관성을 이용한 상대 위험 전망입니다. 2026년은 부분연도이며, 2027년 실제 기상·발생·확률을 확정하지 않습니다."
사과,부란병,병해,전북특별자치도,91.0,56.0,51,감소,보통,12,2024·2026,"기준선 비교: 2026 유지 55.7점, 2024·2026 가중평균 68.0점, 선택 모델(완화 추세+표본 축소) 50.8점. 지역 변화 -35.2점을 표본가중치 0.50로 같은 병해충·작물의 지역 중앙 변화 +7.6점 방향에 축소하고, 1년 연장 변화는 ±20점으로 제한했습니다. 양년 자료 있음, 공통 조사단위 3개, 유효 관측 12건, 결측률 0.0%, 단위별 변화 변동성 15.4점. 비교는 가능하지만 표본 또는 변동성에 불확실성이 남습니다. 2024·2026 두 개 연도의 NCPMS 예찰자료만 사용한 상대 위험 전망으로, 기상·재배면적·방제 변화와 2027년 실제 발생을 확정하지 않습니다. ASOS 공통 조사월 2개에서 기온·습도·강수·풍속의 관측 연관성을 추세 연장분에만 최대 ±3점으로 제한 적용(보정 +0점). 2027년 미래 기상값은 생성하거나 가정하지 않았습니다.",주의,51,0,0.0425,강수량,기상 근거 보강,2,ASOS 공통 조사월 2개에서 기온·습도·강수·풍속의 관측 연관성을 추세 연장분에만 최대 ±3점으로 제한 적용(보정 +0점). 2027년 미래 기상값은 생성하거나 가정하지 않았습니다.,F27-WX1 설명가능 완화추세,"2024·2026 관측자료와 ASOS 공통 조사월의 연관성을 이용한 상대 위험 전망입니다. 2026년은 부분연도이며, 2027년 실제 기상·발생·확률을 확정하지 않습니다."
사과,부란병,병해,충청남도,1.0,10.0,13,유지,보통,12,2024·2026,"기준선 비교: 2026 유지 10.1점, 2024·2026 가중평균 6.8점, 선택 모델(완화 추세+표본 축소) 13.1점. 지역 변화 +9.6점을 표본가중치 0.50로 같은 병해충·작물의 지역 중앙 변화 +7.6점 방향에 축소하고, 1년 연장 변화는 ±20점으로 제한했습니다. 양년 자료 있음, 공통 조사단위 3개, 유효 관측 12건, 결측률 0.0%, 단위별 변화 변동성 19.6점. 비교는 가능하지만 표본 또는 변동성에 불확실성이 남습니다. 2024·2026 두 개 연도의 NCPMS 예찰자료만 사용한 상대 위험 전망으로, 기상·재배면적·방제 변화와 2027년 실제 발생을 확정하지 않습니다. ASOS 공통 조사월 2개에서 기온·습도·강수·풍속의 관측 연관성을 추세 연장분에만 최대 ±3점으로 제한 적용(보정 +0점). 2027년 미래 기상값은 생성하거나 가정하지 않았습니다.",관찰,13,0,0.0351,강수량,기상 근거 보강,2,ASOS 공통 조사월 2개에서 기온·습도·강수·풍속의 관측 연관성을 추세 연장분에만 최대 ±3점으로 제한 적용(보정 +0점). 2027년 미래 기상값은 생성하거나 가정하지 않았습니다.,F27-WX1 설명가능 완화추세,"2024·2026 관측자료와 ASOS 공통 조사월의 연관성을 이용한 상대 위험 전망입니다. 2026년은 부분연도이며, 2027년 실제 기상·발생·확률을 확정하지 않습니다."
사과,부란병,병해,충청북도,10.0,44.0,52,증가,보통,12,2024·2026,"기준선 비교: 2026 유지 44.3점, 2024·2026 가중평균 32.2점, 선택 모델(완화 추세+표본 축소) 51.7점. 지역 변화 +34.7점을 표본가중치 0.50로 같은 병해충·작물의 지역 중앙 변화 +7.6점 방향에 축소하고, 1년 연장 변화는 ±20점으로 제한했습니다. 양년 자료 있음, 공통 조사단위 3개, 유효 관측 12건, 결측률 0.0%, 단위별 변화 변동성 32.6점. 비교는 가능하지만 표본 또는 변동성에 불확실성이 남습니다. 2024·2026 두 개 연도의 NCPMS 예찰자료만 사용한 상대 위험 전망으로, 기상·재배면적·방제 변화와 2027년 실제 발생을 확정하지 않습니다. ASOS 공통 조사월 2개에서 기온·습도·강수·풍속의 관측 연관성을 추세 연장분에만 최대 ±3점으로 제한 적용(보정 +0점). 2027년 미래 기상값은 생성하거나 가정하지 않았습니다.",주의,52,0,0.0464,강수량,기상 근거 보강,2,ASOS 공통 조사월 2개에서 기온·습도·강수·풍속의 관측 연관성을 추세 연장분에만 최대 ±3점으로 제한 적용(보정 +0점). 2027년 미래 기상값은 생성하거나 가정하지 않았습니다.,F27-WX1 설명가능 완화추세,"2024·2026 관측자료와 ASOS 공통 조사월의 연관성을 이용한 상대 위험 전망입니다. 2026년은 부분연도이며, 2027년 실제 기상·발생·확률을 확정하지 않습니다."
보리,붉은곰팡이병,병해,경상남도,,7.0,,전망자료 부족,낮음,6,2026,"양년 자료 없음, 공통 조사단위 0개, 유효 관측 6건, 결측률 0.0%, 단위별 변화 변동성 100.0점. 제한된 비교 단위 또는 변동성 때문에 보수적으로 낮게 평가합니다. 2024·2026 두 개 연도의 NCPMS 예찰자료만 사용한 상대 위험 전망으로, 기상·재배면적·방제 변화와 2027년 실제 발생을 확정하지 않습니다. ASOS 공통 조사월 0개에서 기온·습도·강수·풍속의 관측 연관성을 추세 연장분에만 최대 ±3점으로 제한 적용(보정 +0점). 2027년 미래 기상값은 생성하거나 가정하지 않았습니다.",전망자료 부족,,,0.0,—,기상근거 부족,0,ASOS 공통 조사월 0개에서 기온·습도·강수·풍속의 관측 연관성을 추세 연장분에만 최대 ±3점으로 제한 적용(보정 +0점). 2027년 미래 기상값은 생성하거나 가정하지 않았습니다.,F27-WX1 설명가능 완화추세,"2024·2026 관측자료와 ASOS 공통 조사월의 연관성을 이용한 상대 위험 전망입니다. 2026년은 부분연도이며, 2027년 실제 기상·발생·확률을 확정하지 않습니다."
보리,붉은곰팡이병,병해,경상북도,,0.0,,전망자료 부족,낮음,6,2026,"양년 자료 없음, 공통 조사단위 0개, 유효 관측 6건, 결측률 0.0%, 단위별 변화 변동성 100.0점. 제한된 비교 단위 또는 변동성 때문에 보수적으로 낮게 평가합니다. 2024·2026 두 개 연도의 NCPMS 예찰자료만 사용한 상대 위험 전망으로, 기상·재배면적·방제 변화와 2027년 실제 발생을 확정하지 않습니다. ASOS 공통 조사월 0개에서 기온·습도·강수·풍속의 관측 연관성을 추세 연장분에만 최대 ±3점으로 제한 적용(보정 +0점). 2027년 미래 기상값은 생성하거나 가정하지 않았습니다.",전망자료 부족,,,0.0,—,기상근거 부족,0,ASOS 공통 조사월 0개에서 기온·습도·강수·풍속의 관측 연관성을 추세 연장분에만 최대 ±3점으로 제한 적용(보정 +0점). 2027년 미래 기상값은 생성하거나 가정하지 않았습니다.,F27-WX1 설명가능 완화추세,"2024·2026 관측자료와 ASOS 공통 조사월의 연관성을 이용한 상대 위험 전망입니다. 2026년은 부분연도이며, 2027년 실제 기상·발생·확률을 확정하지 않습니다."
보리,붉은곰팡이병,병해,전남광주통합특별시,,43.0,,전망자료 부족,낮음,6,2026,"양년 자료 없음, 공통 조사단위 0개, 유효 관측 6건, 결측률 0.0%, 단위별 변화 변동성 100.0점. 제한된 비교 단위 또는 변동성 때문에 보수적으로 낮게 평가합니다. 2024·2026 두 개 연도의 NCPMS 예찰자료만 사용한 상대 위험 전망으로, 기상·재배면적·방제 변화와 2027년 실제 발생을 확정하지 않습니다. ASOS 공통 조사월 0개에서 기온·습도·강수·풍속의 관측 연관성을 추세 연장분에만 최대 ±3점으로 제한 적용(보정 +0점). 2027년 미래 기상값은 생성하거나 가정하지 않았습니다.",전망자료 부족,,,0.0,—,기상근거 부족,0,ASOS 공통 조사월 0개에서 기온·습도·강수·풍속의 관측 연관성을 추세 연장분에만 최대 ±3점으로 제한 적용(보정 +0점). 2027년 미래 기상값은 생성하거나 가정하지 않았습니다.,F27-WX1 설명가능 완화추세,"2024·2026 관측자료와 ASOS 공통 조사월의 연관성을 이용한 상대 위험 전망입니다. 2026년은 부분연도이며, 2027년 실제 기상·발생·확률을 확정하지 않습니다."
보리,붉은곰팡이병,병해,전북특별자치도,,26.0,,전망자료 부족,낮음,6,2026,"양년 자료 없음, 공통 조사단위 0개, 유효 관측 6건, 결측률 0.0%, 단위별 변화 변동성 100.0점. 제한된 비교 단위 또는 변동성 때문에 보수적으로 낮게 평가합니다. 2024·2026 두 개 연도의 NCPMS 예찰자료만 사용한 상대 위험 전망으로, 기상·재배면적·방제 변화와 2027년 실제 발생을 확정하지 않습니다. ASOS 공통 조사월 0개에서 기온·습도·강수·풍속의 관측 연관성을 추세 연장분에만 최대 ±3점으로 제한 적용(보정 +0점). 2027년 미래 기상값은 생성하거나 가정하지 않았습니다.",전망자료 부족,,,0.0,—,기상근거 부족,0,ASOS 공통 조사월 0개에서 기온·습도·강수·풍속의 관측 연관성을 추세 연장분에만 최대 ±3점으로 제한 적용(보정 +0점). 2027년 미래 기상값은 생성하거나 가정하지 않았습니다.,F27-WX1 설명가능 완화추세,"2024·2026 관측자료와 ASOS 공통 조사월의 연관성을 이용한 상대 위험 전망입니다. 2026년은 부분연도이며, 2027년 실제 기상·발생·확률을 확정하지 않습니다."
보리,붉은곰팡이병,병해,충청남도,,0.0,,전망자료 부족,낮음,6,2026,"양년 자료 없음, 공통 조사단위 0개, 유효 관측 6건, 결측률 0.0%, 단위별 변화 변동성 100.0점. 제한된 비교 단위 또는 변동성 때문에 보수적으로 낮게 평가합니다. 2024·2026 두 개 연도의 NCPMS 예찰자료만 사용한 상대 위험 전망으로, 기상·재배면적·방제 변화와 2027년 실제 발생을 확정하지 않습니다. ASOS 공통 조사월 0개에서 기온·습도·강수·풍속의 관측 연관성을 추세 연장분에만 최대 ±3점으로 제한 적용(보정 +0점). 2027년 미래 기상값은 생성하거나 가정하지 않았습니다.",전망자료 부족,,,0.0,—,기상근거 부족,0,ASOS 공통 조사월 0개에서 기온·습도·강수·풍속의 관측 연관성을 추세 연장분에만 최대 ±3점으로 제한 적용(보정 +0점). 2027년 미래 기상값은 생성하거나 가정하지 않았습니다.,F27-WX1 설명가능 완화추세,"2024·2026 관측자료와 ASOS 공통 조사월의 연관성을 이용한 상대 위험 전망입니다. 2026년은 부분연도이며, 2027년 실제 기상·발생·확률을 확정하지 않습니다."
보리,붉은곰팡이병,병해,충청북도,,0.0,,전망자료 부족,낮음,6,2026,"양년 자료 없음, 공통 조사단위 0개, 유효 관측 6건, 결측률 0.0%, 단위별 변화 변동성 100.0점. 제한된 비교 단위 또는 변동성 때문에 보수적으로 낮게 평가합니다. 2024·2026 두 개 연도의 NCPMS 예찰자료만 사용한 상대 위험 전망으로, 기상·재배면적·방제 변화와 2027년 실제 발생을 확정하지 않습니다. ASOS 공통 조사월 0개에서 기온·습도·강수·풍속의 관측 연관성을 추세 연장분에만 최대 ±3점으로 제한 적용(보정 +0점). 2027년 미래 기상값은 생성하거나 가정하지 않았습니다.",전망자료 부족,,,0.0,—,기상근거 부족,0,ASOS 공통 조사월 0개에서 기온·습도·강수·풍속의 관측 연관성을 추세 연장분에만 최대 ±3점으로 제한 적용(보정 +0점). 2027년 미래 기상값은 생성하거나 가정하지 않았습니다.,F27-WX1 설명가능 완화추세,"2024·2026 관측자료와 ASOS 공통 조사월의 연관성을 이용한 상대 위험 전망입니다. 2026년은 부분연도이며, 2027년 실제 기상·발생·확률을 확정하지 않습니다."
배,붉은별무늬병,병해,강원특별자치도,5.0,0.0,0,유지,낮음,10,2024·2026,"기준선 비교: 2026 유지 0.0점, 2024·2026 가중평균 1.8점, 선택 모델(완화 추세+표본 축소) 0.0점. 지역 변화 -5.0점을 표본가중치 0.45로 같은 병해충·작물의 지역 중앙 변화 +0.0점 방향에 축소하고, 1년 연장 변화는 ±20점으로 제한했습니다. 양년 자료 있음, 공통 조사단위 1개, 유효 관측 10건, 결측률 0.0%, 단위별 변화 변동성 0.0점. 제한된 비교 단위 또는 변동성 때문에 보수적으로 낮게 평가합니다. 2024·2026 두 개 연도의 NCPMS 예찰자료만 사용한 상대 위험 전망으로, 기상·재배면적·방제 변화와 2027년 실제 발생을 확정하지 않습니다. ASOS 공통 조사월 1개에서 기온·습도·강수·풍속의 관측 연관성을 추세 연장분에만 최대 ±3점으로 제한 적용(보정 +0점). 2027년 미래 기상값은 생성하거나 가정하지 않았습니다.",관찰,0,0,0.0111,풍속,기상 연관성 참고,1,ASOS 공통 조사월 1개에서 기온·습도·강수·풍속의 관측 연관성을 추세 연장분에만 최대 ±3점으로 제한 적용(보정 +0점). 2027년 미래 기상값은 생성하거나 가정하지 않았습니다.,F27-WX1 설명가능 완화추세,"2024·2026 관측자료와 ASOS 공통 조사월의 연관성을 이용한 상대 위험 전망입니다. 2026년은 부분연도이며, 2027년 실제 기상·발생·확률을 확정하지 않습니다."
배,붉은별무늬병,병해,경기도,13.0,8.0,7,유지,보통,15,2024·2026,"기준선 비교: 2026 유지 8.2점, 2024·2026 가중평균 9.7점, 선택 모델(완화 추세+표본 축소) 7.4점. 지역 변화 -4.3점을 표본가중치 0.56로 같은 병해충·작물의 지역 중앙 변화 +0.0점 방향에 축소하고, 1년 연장 변화는 ±20점으로 제한했습니다. 양년 자료 있음, 공통 조사단위 4개, 유효 관측 15건, 결측률 0.0%, 단위별 변화 변동성 11.2점. 비교는 가능하지만 표본 또는 변동성에 불확실성이 남습니다. 2024·2026 두 개 연도의 NCPMS 예찰자료만 사용한 상대 위험 전망으로, 기상·재배면적·방제 변화와 2027년 실제 발생을 확정하지 않습니다. ASOS 공통 조사월 2개에서 기온·습도·강수·풍속의 관측 연관성을 추세 연장분에만 최대 ±3점으로 제한 적용(보정 +0점). 2027년 미래 기상값은 생성하거나 가정하지 않았습니다.",관찰,7,0,-0.0089,풍속,기상 연관성 참고,2,ASOS 공통 조사월 2개에서 기온·습도·강수·풍속의 관측 연관성을 추세 연장분에만 최대 ±3점으로 제한 적용(보정 +0점). 2027년 미래 기상값은 생성하거나 가정하지 않았습니다.,F27-WX1 설명가능 완화추세,"2024·2026 관측자료와 ASOS 공통 조사월의 연관성을 이용한 상대 위험 전망입니다. 2026년은 부분연도이며, 2027년 실제 기상·발생·확률을 확정하지 않습니다."
배,붉은별무늬병,병해,경상남도,29.0,64.0,71,증가,보통,15,2024·2026,"기준선 비교: 2026 유지 64.2점, 2024·2026 가중평균 51.8점, 선택 모델(완화 추세+표본 축소) 71.1점. 지역 변화 +35.4점을 표본가중치 0.56로 같은 병해충·작물의 지역 중앙 변화 +0.0점 방향에 축소하고, 1년 연장 변화는 ±20점으로 제한했습니다. 양년 자료 있음, 공통 조사단위 4개, 유효 관측 15건, 결측률 0.0%, 단위별 변화 변동성 19.6점. 비교는 가능하지만 표본 또는 변동성에 불확실성이 남습니다. 2024·2026 두 개 연도의 NCPMS 예찰자료만 사용한 상대 위험 전망으로, 기상·재배면적·방제 변화와 2027년 실제 발생을 확정하지 않습니다. ASOS 공통 조사월 2개에서 기온·습도·강수·풍속의 관측 연관성을 추세 연장분에만 최대 ±3점으로 제한 적용(보정 +0점). 2027년 미래 기상값은 생성하거나 가정하지 않았습니다.",고위험,71,0,0.0034,풍속,기상 연관성 참고,2,ASOS 공통 조사월 2개에서 기온·습도·강수·풍속의 관측 연관성을 추세 연장분에만 최대 ±3점으로 제한 적용(보정 +0점). 2027년 미래 기상값은 생성하거나 가정하지 않았습니다.,F27-WX1 설명가능 완화추세,"2024·2026 관측자료와 ASOS 공통 조사월의 연관성을 이용한 상대 위험 전망입니다. 2026년은 부분연도이며, 2027년 실제 기상·발생·확률을 확정하지 않습니다."
배,붉은별무늬병,병해,경상북도,100.0,0.0,0,유지,보통,15,2024·2026,"기준선 비교: 2026 유지 0.2점, 2024·2026 가중평균 35.1점, 선택 모델(완화 추세+표본 축소) 0.0점. 지역 변화 -99.8점을 표본가중치 0.56로 같은 병해충·작물의 지역 중앙 변화 +0.0점 방향에 축소하고, 1년 연장 변화는 ±20점으로 제한했습니다. 양년 자료 있음, 공통 조사단위 4개, 유효 관측 15건, 결측률 0.0%, 단위별 변화 변동성 0.0점. 비교는 가능하지만 표본 또는 변동성에 불확실성이 남습니다. 2024·2026 두 개 연도의 NCPMS 예찰자료만 사용한 상대 위험 전망으로, 기상·재배면적·방제 변화와 2027년 실제 발생을 확정하지 않습니다. ASOS 공통 조사월 2개에서 기온·습도·강수·풍속의 관측 연관성을 추세 연장분에만 최대 ±3점으로 제한 적용(보정 +0점). 2027년 미래 기상값은 생성하거나 가정하지 않았습니다.",관찰,0,0,-0.0029,풍속,기상 연관성 참고,2,ASOS 공통 조사월 2개에서 기온·습도·강수·풍속의 관측 연관성을 추세 연장분에만 최대 ±3점으로 제한 적용(보정 +0점). 2027년 미래 기상값은 생성하거나 가정하지 않았습니다.,F27-WX1 설명가능 완화추세,"2024·2026 관측자료와 ASOS 공통 조사월의 연관성을 이용한 상대 위험 전망입니다. 2026년은 부분연도이며, 2027년 실제 기상·발생·확률을 확정하지 않습니다."
배,붉은별무늬병,병해,세종특별자치시,0.0,0.0,0,유지,보통,14,2024·2026,"기준선 비교: 2026 유지 0.0점, 2024·2026 가중평균 0.0점, 선택 모델(완화 추세+표본 축소) 0.0점. 지역 변화 +0.0점을 표본가중치 0.54로 같은 병해충·작물의 지역 중앙 변화 +0.0점 방향에 축소하고, 1년 연장 변화는 ±20점으로 제한했습니다. 양년 자료 있음, 공통 조사단위 4개, 유효 관측 14건, 결측률 0.0%, 단위별 변화 변동성 0.0점. 비교는 가능하지만 표본 또는 변동성에 불확실성이 남습니다. 2024·2026 두 개 연도의 NCPMS 예찰자료만 사용한 상대 위험 전망으로, 기상·재배면적·방제 변화와 2027년 실제 발생을 확정하지 않습니다. ASOS 공통 조사월 2개에서 기온·습도·강수·풍속의 관측 연관성을 추세 연장분에만 최대 ±3점으로 제한 적용(보정 +0점). 2027년 미래 기상값은 생성하거나 가정하지 않았습니다.",관찰,0,0,0.0008,풍속,기상 연관성 참고,2,ASOS 공통 조사월 2개에서 기온·습도·강수·풍속의 관측 연관성을 추세 연장분에만 최대 ±3점으로 제한 적용(보정 +0점). 2027년 미래 기상값은 생성하거나 가정하지 않았습니다.,F27-WX1 설명가능 완화추세,"2024·2026 관측자료와 ASOS 공통 조사월의 연관성을 이용한 상대 위험 전망입니다. 2026년은 부분연도이며, 2027년 실제 기상·발생·확률을 확정하지 않습니다."
배,붉은별무늬병,병해,울산광역시,6.0,18.0,20,유지,보통,14,2024·2026,"기준선 비교: 2026 유지 18.1점, 2024·2026 가중평균 13.9점, 선택 모델(완화 추세+표본 축소) 20.4점. 지역 변화 +12.0점을 표본가중치 0.54로 같은 병해충·작물의 지역 중앙 변화 +0.0점 방향에 축소하고, 1년 연장 변화는 ±20점으로 제한했습니다. 양년 자료 있음, 공통 조사단위 4개, 유효 관측 14건, 결측률 0.0%, 단위별 변화 변동성 16.0점. 비교는 가능하지만 표본 또는 변동성에 불확실성이 남습니다. 2024·2026 두 개 연도의 NCPMS 예찰자료만 사용한 상대 위험 전망으로, 기상·재배면적·방제 변화와 2027년 실제 발생을 확정하지 않습니다. ASOS 공통 조사월 2개에서 기온·습도·강수·풍속의 관측 연관성을 추세 연장분에만 최대 ±3점으로 제한 적용(보정 +0점). 2027년 미래 기상값은 생성하거나 가정하지 않았습니다.",관찰,20,0,-0.0032,풍속,기상 연관성 참고,2,ASOS 공통 조사월 2개에서 기온·습도·강수·풍속의 관측 연관성을 추세 연장분에만 최대 ±3점으로 제한 적용(보정 +0점). 2027년 미래 기상값은 생성하거나 가정하지 않았습니다.,F27-WX1 설명가능 완화추세,"2024·2026 관측자료와 ASOS 공통 조사월의 연관성을 이용한 상대 위험 전망입니다. 2026년은 부분연도이며, 2027년 실제 기상·발생·확률을 확정하지 않습니다."
배,붉은별무늬병,병해,전남광주통합특별시,0.0,66.0,79,증가,보통,15,2024·2026,"기준선 비교: 2026 유지 66.1점, 2024·2026 가중평균 42.9점, 선택 모델(완화 추세+표본 축소) 78.9점. 지역 변화 +66.1점을 표본가중치 0.56로 같은 병해충·작물의 지역 중앙 변화 +0.0점 방향에 축소하고, 1년 연장 변화는 ±20점으로 제한했습니다. 양년 자료 있음, 공통 조사단위 4개, 유효 관측 15건, 결측률 0.0%, 단위별 변화 변동성 10.1점. 비교는 가능하지만 표본 또는 변동성에 불확실성이 남습니다. 2024·2026 두 개 연도의 NCPMS 예찰자료만 사용한 상대 위험 전망으로, 기상·재배면적·방제 변화와 2027년 실제 발생을 확정하지 않습니다. ASOS 공통 조사월 2개에서 기온·습도·강수·풍속의 관측 연관성을 추세 연장분에만 최대 ±3점으로 제한 적용(보정 +0점). 2027년 미래 기상값은 생성하거나 가정하지 않았습니다.",고위험,79,0,0.0059,풍속,기상 연관성 참고,2,ASOS 공통 조사월 2개에서 기온·습도·강수·풍속의 관측 연관성을 추세 연장분에만 최대 ±3점으로 제한 적용(보정 +0점). 2027년 미래 기상값은 생성하거나 가정하지 않았습니다.,F27-WX1 설명가능 완화추세,"2024·2026 관측자료와 ASOS 공통 조사월의 연관성을 이용한 상대 위험 전망입니다. 2026년은 부분연도이며, 2027년 실제 기상·발생·확률을 확정하지 않습니다."
배,붉은별무늬병,병해,전북특별자치도,,14.0,,전망자료 부족,낮음,7,2026,"양년 자료 없음, 공통 조사단위 0개, 유효 관측 7건, 결측률 0.0%, 단위별 변화 변동성 100.0점. 제한된 비교 단위 또는 변동성 때문에 보수적으로 낮게 평가합니다. 2024·2026 두 개 연도의 NCPMS 예찰자료만 사용한 상대 위험 전망으로, 기상·재배면적·방제 변화와 2027년 실제 발생을 확정하지 않습니다. ASOS 공통 조사월 0개에서 기온·습도·강수·풍속의 관측 연관성을 추세 연장분에만 최대 ±3점으로 제한 적용(보정 +0점). 2027년 미래 기상값은 생성하거나 가정하지 않았습니다.",전망자료 부족,,,0.0,—,기상근거 부족,0,ASOS 공통 조사월 0개에서 기온·습도·강수·풍속의 관측 연관성을 추세 연장분에만 최대 ±3점으로 제한 적용(보정 +0점). 2027년 미래 기상값은 생성하거나 가정하지 않았습니다.,F27-WX1 설명가능 완화추세,"2024·2026 관측자료와 ASOS 공통 조사월의 연관성을 이용한 상대 위험 전망입니다. 2026년은 부분연도이며, 2027년 실제 기상·발생·확률을 확정하지 않습니다."
배,붉은별무늬병,병해,충청남도,0.0,13.0,16,유지,보통,15,2024·2026,"기준선 비교: 2026 유지 13.3점, 2024·2026 가중평균 8.8점, 선택 모델(완화 추세+표본 축소) 15.9점. 지역 변화 +13.1점을 표본가중치 0.56로 같은 병해충·작물의 지역 중앙 변화 +0.0점 방향에 축소하고, 1년 연장 변화는 ±20점으로 제한했습니다. 양년 자료 있음, 공통 조사단위 4개, 유효 관측 15건, 결측률 0.0%, 단위별 변화 변동성 6.5점. 비교는 가능하지만 표본 또는 변동성에 불확실성이 남습니다. 2024·2026 두 개 연도의 NCPMS 예찰자료만 사용한 상대 위험 전망으로, 기상·재배면적·방제 변화와 2027년 실제 발생을 확정하지 않습니다. ASOS 공통 조사월 2개에서 기온·습도·강수·풍속의 관측 연관성을 추세 연장분에만 최대 ±3점으로 제한 적용(보정 +0점). 2027년 미래 기상값은 생성하거나 가정하지 않았습니다.",관찰,16,0,0.0007,풍속,기상 연관성 참고,2,ASOS 공통 조사월 2개에서 기온·습도·강수·풍속의 관측 연관성을 추세 연장분에만 최대 ±3점으로 제한 적용(보정 +0점). 2027년 미래 기상값은 생성하거나 가정하지 않았습니다.,F27-WX1 설명가능 완화추세,"2024·2026 관측자료와 ASOS 공통 조사월의 연관성을 이용한 상대 위험 전망입니다. 2026년은 부분연도이며, 2027년 실제 기상·발생·확률을 확정하지 않습니다."
배,붉은별무늬병,병해,충청북도,4.0,0.0,0,유지,보통,15,2024·2026,"기준선 비교: 2026 유지 0.0점, 2024·2026 가중평균 1.5점, 선택 모델(완화 추세+표본 축소) 0.0점. 지역 변화 -4.3점을 표본가중치 0.56로 같은 병해충·작물의 지역 중앙 변화 +0.0점 방향에 축소하고, 1년 연장 변화는 ±20점으로 제한했습니다. 양년 자료 있음, 공통 조사단위 4개, 유효 관측 15건, 결측률 0.0%, 단위별 변화 변동성 5.8점. 비교는 가능하지만 표본 또는 변동성에 불확실성이 남습니다. 2024·2026 두 개 연도의 NCPMS 예찰자료만 사용한 상대 위험 전망으로, 기상·재배면적·방제 변화와 2027년 실제 발생을 확정하지 않습니다. ASOS 공통 조사월 2개에서 기온·습도·강수·풍속의 관측 연관성을 추세 연장분에만 최대 ±3점으로 제한 적용(보정 +0점). 2027년 미래 기상값은 생성하거나 가정하지 않았습니다.",관찰,0,0,0.0039,풍속,기상 연관성 참고,2,ASOS 공통 조사월 2개에서 기온·습도·강수·풍속의 관측 연관성을 추세 연장분에만 최대 ±3점으로 제한 적용(보정 +0점). 2027년 미래 기상값은 생성하거나 가정하지 않았습니다.,F27-WX1 설명가능 완화추세,"2024·2026 관측자료와 ASOS 공통 조사월의 연관성을 이용한 상대 위험 전망입니다. 2026년은 부분연도이며, 2027년 실제 기상·발생·확률을 확정하지 않습니다."
사과,붉은별무늬병,병해,강원특별자치도,0.0,61.0,71,증가,보통,9,2024·2026,"기준선 비교: 2026 유지 61.4점, 2024·2026 가중평균 39.9점, 선택 모델(완화 추세+표본 축소) 70.6점. 지역 변화 +61.4점을 표본가중치 0.43로 같은 병해충·작물의 지역 중앙 변화 +0.0점 방향에 축소하고, 1년 연장 변화는 ±20점으로 제한했습니다. 양년 자료 있음, 공통 조사단위 3개, 유효 관측 9건, 결측률 0.0%, 단위별 변화 변동성 15.0점. 비교는 가능하지만 표본 또는 변동성에 불확실성이 남습니다. 2024·2026 두 개 연도의 NCPMS 예찰자료만 사용한 상대 위험 전망으로, 기상·재배면적·방제 변화와 2027년 실제 발생을 확정하지 않습니다. ASOS 공통 조사월 2개에서 기온·습도·강수·풍속의 관측 연관성을 추세 연장분에만 최대 ±3점으로 제한 적용(보정 +0점). 2027년 미래 기상값은 생성하거나 가정하지 않았습니다.",고위험,71,0,0.0067,기온,기상 연관성 참고,2,ASOS 공통 조사월 2개에서 기온·습도·강수·풍속의 관측 연관성을 추세 연장분에만 최대 ±3점으로 제한 적용(보정 +0점). 2027년 미래 기상값은 생성하거나 가정하지 않았습니다.,F27-WX1 설명가능 완화추세,"2024·2026 관측자료와 ASOS 공통 조사월의 연관성을 이용한 상대 위험 전망입니다. 2026년은 부분연도이며, 2027년 실제 기상·발생·확률을 확정하지 않습니다."
사과,붉은별무늬병,병해,경기도,0.0,0.0,0,유지,보통,9,2024·2026,"기준선 비교: 2026 유지 0.0점, 2024·2026 가중평균 0.0점, 선택 모델(완화 추세+표본 축소) 0.0점. 지역 변화 +0.0점을 표본가중치 0.43로 같은 병해충·작물의 지역 중앙 변화 +0.0점 방향에 축소하고, 1년 연장 변화는 ±20점으로 제한했습니다. 양년 자료 있음, 공통 조사단위 3개, 유효 관측 9건, 결측률 0.0%, 단위별 변화 변동성 0.0점. 비교는 가능하지만 표본 또는 변동성에 불확실성이 남습니다. 2024·2026 두 개 연도의 NCPMS 예찰자료만 사용한 상대 위험 전망으로, 기상·재배면적·방제 변화와 2027년 실제 발생을 확정하지 않습니다. ASOS 공통 조사월 2개에서 기온·습도·강수·풍속의 관측 연관성을 추세 연장분에만 최대 ±3점으로 제한 적용(보정 +0점). 2027년 미래 기상값은 생성하거나 가정하지 않았습니다.",관찰,0,0,-0.0165,기온,기상 연관성 참고,2,ASOS 공통 조사월 2개에서 기온·습도·강수·풍속의 관측 연관성을 추세 연장분에만 최대 ±3점으로 제한 적용(보정 +0점). 2027년 미래 기상값은 생성하거나 가정하지 않았습니다.,F27-WX1 설명가능 완화추세,"2024·2026 관측자료와 ASOS 공통 조사월의 연관성을 이용한 상대 위험 전망입니다. 2026년은 부분연도이며, 2027년 실제 기상·발생·확률을 확정하지 않습니다."
사과,붉은별무늬병,병해,경상남도,0.0,0.0,0,유지,보통,9,2024·2026,"기준선 비교: 2026 유지 0.0점, 2024·2026 가중평균 0.0점, 선택 모델(완화 추세+표본 축소) 0.0점. 지역 변화 +0.0점을 표본가중치 0.43로 같은 병해충·작물의 지역 중앙 변화 +0.0점 방향에 축소하고, 1년 연장 변화는 ±20점으로 제한했습니다. 양년 자료 있음, 공통 조사단위 3개, 유효 관측 9건, 결측률 0.0%, 단위별 변화 변동성 0.0점. 비교는 가능하지만 표본 또는 변동성에 불확실성이 남습니다. 2024·2026 두 개 연도의 NCPMS 예찰자료만 사용한 상대 위험 전망으로, 기상·재배면적·방제 변화와 2027년 실제 발생을 확정하지 않습니다. ASOS 공통 조사월 2개에서 기온·습도·강수·풍속의 관측 연관성을 추세 연장분에만 최대 ±3점으로 제한 적용(보정 +0점). 2027년 미래 기상값은 생성하거나 가정하지 않았습니다.",관찰,0,0,-0.0005,기온,기상 연관성 참고,2,ASOS 공통 조사월 2개에서 기온·습도·강수·풍속의 관측 연관성을 추세 연장분에만 최대 ±3점으로 제한 적용(보정 +0점). 2027년 미래 기상값은 생성하거나 가정하지 않았습니다.,F27-WX1 설명가능 완화추세,"2024·2026 관측자료와 ASOS 공통 조사월의 연관성을 이용한 상대 위험 전망입니다. 2026년은 부분연도이며, 2027년 실제 기상·발생·확률을 확정하지 않습니다."
사과,붉은별무늬병,병해,경상북도,0.0,0.0,0,유지,보통,9,2024·2026,"기준선 비교: 2026 유지 0.0점, 2024·2026 가중평균 0.0점, 선택 모델(완화 추세+표본 축소) 0.0점. 지역 변화 +0.0점을 표본가중치 0.43로 같은 병해충·작물의 지역 중앙 변화 +0.0점 방향에 축소하고, 1년 연장 변화는 ±20점으로 제한했습니다. 양년 자료 있음, 공통 조사단위 3개, 유효 관측 9건, 결측률 0.0%, 단위별 변화 변동성 0.0점. 비교는 가능하지만 표본 또는 변동성에 불확실성이 남습니다. 2024·2026 두 개 연도의 NCPMS 예찰자료만 사용한 상대 위험 전망으로, 기상·재배면적·방제 변화와 2027년 실제 발생을 확정하지 않습니다. ASOS 공통 조사월 2개에서 기온·습도·강수·풍속의 관측 연관성을 추세 연장분에만 최대 ±3점으로 제한 적용(보정 +0점). 2027년 미래 기상값은 생성하거나 가정하지 않았습니다.",관찰,0,0,-0.0062,기온,기상 연관성 참고,2,ASOS 공통 조사월 2개에서 기온·습도·강수·풍속의 관측 연관성을 추세 연장분에만 최대 ±3점으로 제한 적용(보정 +0점). 2027년 미래 기상값은 생성하거나 가정하지 않았습니다.,F27-WX1 설명가능 완화추세,"2024·2026 관측자료와 ASOS 공통 조사월의 연관성을 이용한 상대 위험 전망입니다. 2026년은 부분연도이며, 2027년 실제 기상·발생·확률을 확정하지 않습니다."
사과,붉은별무늬병,병해,대구광역시,0.0,,,전망자료 부족,낮음,3,2024,"양년 자료 없음, 공통 조사단위 0개, 유효 관측 3건, 결측률 0.0%, 단위별 변화 변동성 100.0점. 제한된 비교 단위 또는 변동성 때문에 보수적으로 낮게 평가합니다. 2024·2026 두 개 연도의 NCPMS 예찰자료만 사용한 상대 위험 전망으로, 기상·재배면적·방제 변화와 2027년 실제 발생을 확정하지 않습니다. ASOS 공통 조사월 0개에서 기온·습도·강수·풍속의 관측 연관성을 추세 연장분에만 최대 ±3점으로 제한 적용(보정 +0점). 2027년 미래 기상값은 생성하거나 가정하지 않았습니다.",전망자료 부족,,,0.0,—,기상근거 부족,0,ASOS 공통 조사월 0개에서 기온·습도·강수·풍속의 관측 연관성을 추세 연장분에만 최대 ±3점으로 제한 적용(보정 +0점). 2027년 미래 기상값은 생성하거나 가정하지 않았습니다.,F27-WX1 설명가능 완화추세,"2024·2026 관측자료와 ASOS 공통 조사월의 연관성을 이용한 상대 위험 전망입니다. 2026년은 부분연도이며, 2027년 실제 기상·발생·확률을 확정하지 않습니다."
사과,붉은별무늬병,병해,전남광주통합특별시,0.0,0.0,0,유지,보통,8,2024·2026,"기준선 비교: 2026 유지 0.0점, 2024·2026 가중평균 0.0점, 선택 모델(완화 추세+표본 축소) 0.0점. 지역 변화 +0.0점을 표본가중치 0.40로 같은 병해충·작물의 지역 중앙 변화 +0.0점 방향에 축소하고, 1년 연장 변화는 ±20점으로 제한했습니다. 양년 자료 있음, 공통 조사단위 2개, 유효 관측 8건, 결측률 0.0%, 단위별 변화 변동성 0.0점. 비교는 가능하지만 표본 또는 변동성에 불확실성이 남습니다. 2024·2026 두 개 연도의 NCPMS 예찰자료만 사용한 상대 위험 전망으로, 기상·재배면적·방제 변화와 2027년 실제 발생을 확정하지 않습니다. ASOS 공통 조사월 2개에서 기온·습도·강수·풍속의 관측 연관성을 추세 연장분에만 최대 ±3점으로 제한 적용(보정 +0점). 2027년 미래 기상값은 생성하거나 가정하지 않았습니다.",관찰,0,0,-0.0053,기온,기상 연관성 참고,2,ASOS 공통 조사월 2개에서 기온·습도·강수·풍속의 관측 연관성을 추세 연장분에만 최대 ±3점으로 제한 적용(보정 +0점). 2027년 미래 기상값은 생성하거나 가정하지 않았습니다.,F27-WX1 설명가능 완화추세,"2024·2026 관측자료와 ASOS 공통 조사월의 연관성을 이용한 상대 위험 전망입니다. 2026년은 부분연도이며, 2027년 실제 기상·발생·확률을 확정하지 않습니다."
사과,붉은별무늬병,병해,전북특별자치도,75.0,0.0,0,유지,보통,9,2024·2026,"기준선 비교: 2026 유지 0.0점, 2024·2026 가중평균 26.2점, 선택 모델(완화 추세+표본 축소) 0.0점. 지역 변화 -74.9점을 표본가중치 0.43로 같은 병해충·작물의 지역 중앙 변화 +0.0점 방향에 축소하고, 1년 연장 변화는 ±20점으로 제한했습니다. 양년 자료 있음, 공통 조사단위 3개, 유효 관측 9건, 결측률 0.0%, 단위별 변화 변동성 35.5점. 비교는 가능하지만 표본 또는 변동성에 불확실성이 남습니다. 2024·2026 두 개 연도의 NCPMS 예찰자료만 사용한 상대 위험 전망으로, 기상·재배면적·방제 변화와 2027년 실제 발생을 확정하지 않습니다. ASOS 공통 조사월 2개에서 기온·습도·강수·풍속의 관측 연관성을 추세 연장분에만 최대 ±3점으로 제한 적용(보정 +0점). 2027년 미래 기상값은 생성하거나 가정하지 않았습니다.",관찰,0,0,-0.0092,기온,기상 연관성 참고,2,ASOS 공통 조사월 2개에서 기온·습도·강수·풍속의 관측 연관성을 추세 연장분에만 최대 ±3점으로 제한 적용(보정 +0점). 2027년 미래 기상값은 생성하거나 가정하지 않았습니다.,F27-WX1 설명가능 완화추세,"2024·2026 관측자료와 ASOS 공통 조사월의 연관성을 이용한 상대 위험 전망입니다. 2026년은 부분연도이며, 2027년 실제 기상·발생·확률을 확정하지 않습니다."
사과,붉은별무늬병,병해,충청남도,0.0,0.0,0,유지,보통,9,2024·2026,"기준선 비교: 2026 유지 0.0점, 2024·2026 가중평균 0.0점, 선택 모델(완화 추세+표본 축소) 0.0점. 지역 변화 +0.0점을 표본가중치 0.43로 같은 병해충·작물의 지역 중앙 변화 +0.0점 방향에 축소하고, 1년 연장 변화는 ±20점으로 제한했습니다. 양년 자료 있음, 공통 조사단위 3개, 유효 관측 9건, 결측률 0.0%, 단위별 변화 변동성 0.0점. 비교는 가능하지만 표본 또는 변동성에 불확실성이 남습니다. 2024·2026 두 개 연도의 NCPMS 예찰자료만 사용한 상대 위험 전망으로, 기상·재배면적·방제 변화와 2027년 실제 발생을 확정하지 않습니다. ASOS 공통 조사월 2개에서 기온·습도·강수·풍속의 관측 연관성을 추세 연장분에만 최대 ±3점으로 제한 적용(보정 +0점). 2027년 미래 기상값은 생성하거나 가정하지 않았습니다.",관찰,0,0,-0.0196,기온,기상 연관성 참고,2,ASOS 공통 조사월 2개에서 기온·습도·강수·풍속의 관측 연관성을 추세 연장분에만 최대 ±3점으로 제한 적용(보정 +0점). 2027년 미래 기상값은 생성하거나 가정하지 않았습니다.,F27-WX1 설명가능 완화추세,"2024·2026 관측자료와 ASOS 공통 조사월의 연관성을 이용한 상대 위험 전망입니다. 2026년은 부분연도이며, 2027년 실제 기상·발생·확률을 확정하지 않습니다."
사과,붉은별무늬병,병해,충청북도,0.0,0.0,0,유지,보통,9,2024·2026,"기준선 비교: 2026 유지 0.0점, 2024·2026 가중평균 0.0점, 선택 모델(완화 추세+표본 축소) 0.0점. 지역 변화 +0.0점을 표본가중치 0.43로 같은 병해충·작물의 지역 중앙 변화 +0.0점 방향에 축소하고, 1년 연장 변화는 ±20점으로 제한했습니다. 양년 자료 있음, 공통 조사단위 3개, 유효 관측 9건, 결측률 0.0%, 단위별 변화 변동성 0.0점. 비교는 가능하지만 표본 또는 변동성에 불확실성이 남습니다. 2024·2026 두 개 연도의 NCPMS 예찰자료만 사용한 상대 위험 전망으로, 기상·재배면적·방제 변화와 2027년 실제 발생을 확정하지 않습니다. ASOS 공통 조사월 2개에서 기온·습도·강수·풍속의 관측 연관성을 추세 연장분에만 최대 ±3점으로 제한 적용(보정 +0점). 2027년 미래 기상값은 생성하거나 가정하지 않았습니다.",관찰,0,0,-0.0155,기온,기상 연관성 참고,2,ASOS 공통 조사월 2개에서 기온·습도·강수·풍속의 관측 연관성을 추세 연장분에만 최대 ±3점으로 제한 적용(보정 +0점). 2027년 미래 기상값은 생성하거나 가정하지 않았습니다.,F27-WX1 설명가능 완화추세,"2024·2026 관측자료와 ASOS 공통 조사월의 연관성을 이용한 상대 위험 전망입니다. 2026년은 부분연도이며, 2027년 실제 기상·발생·확률을 확정하지 않습니다."
사과,사과굴나방,해충,강원특별자치도,13.0,0.0,0,유지,보통,12,2024·2026,"기준선 비교: 2026 유지 0.2점, 2024·2026 가중평균 4.8점, 선택 모델(완화 추세+표본 축소) 0.0점. 지역 변화 -13.3점을 표본가중치 0.50로 같은 병해충·작물의 지역 중앙 변화 +0.0점 방향에 축소하고, 1년 연장 변화는 ±20점으로 제한했습니다. 양년 자료 있음, 공통 조사단위 3개, 유효 관측 12건, 결측률 0.0%, 단위별 변화 변동성 19.0점. 비교는 가능하지만 표본 또는 변동성에 불확실성이 남습니다. 2024·2026 두 개 연도의 NCPMS 예찰자료만 사용한 상대 위험 전망으로, 기상·재배면적·방제 변화와 2027년 실제 발생을 확정하지 않습니다. ASOS 공통 조사월 2개에서 기온·습도·강수·풍속의 관측 연관성을 추세 연장분에만 최대 ±3점으로 제한 적용(보정 +0점). 2027년 미래 기상값은 생성하거나 가정하지 않았습니다.",관찰,0,0,-0.0422,강수량,기상 연관성 참고,2,ASOS 공통 조사월 2개에서 기온·습도·강수·풍속의 관측 연관성을 추세 연장분에만 최대 ±3점으로 제한 적용(보정 +0점). 2027년 미래 기상값은 생성하거나 가정하지 않았습니다.,F27-WX1 설명가능 완화추세,"2024·2026 관측자료와 ASOS 공통 조사월의 연관성을 이용한 상대 위험 전망입니다. 2026년은 부분연도이며, 2027년 실제 기상·발생·확률을 확정하지 않습니다."
사과,사과굴나방,해충,경기도,2.0,12.0,13,유지,보통,12,2024·2026,"기준선 비교: 2026 유지 11.6점, 2024·2026 가중평균 8.1점, 선택 모델(완화 추세+표본 축소) 13.3점. 지역 변화 +9.8점을 표본가중치 0.50로 같은 병해충·작물의 지역 중앙 변화 +0.0점 방향에 축소하고, 1년 연장 변화는 ±20점으로 제한했습니다. 양년 자료 있음, 공통 조사단위 3개, 유효 관측 12건, 결측률 0.0%, 단위별 변화 변동성 8.3점. 비교는 가능하지만 표본 또는 변동성에 불확실성이 남습니다. 2024·2026 두 개 연도의 NCPMS 예찰자료만 사용한 상대 위험 전망으로, 기상·재배면적·방제 변화와 2027년 실제 발생을 확정하지 않습니다. ASOS 공통 조사월 2개에서 기온·습도·강수·풍속의 관측 연관성을 추세 연장분에만 최대 ±3점으로 제한 적용(보정 +0점). 2027년 미래 기상값은 생성하거나 가정하지 않았습니다.",관찰,13,0,0.0709,강수량,기상 연관성 참고,2,ASOS 공통 조사월 2개에서 기온·습도·강수·풍속의 관측 연관성을 추세 연장분에만 최대 ±3점으로 제한 적용(보정 +0점). 2027년 미래 기상값은 생성하거나 가정하지 않았습니다.,F27-WX1 설명가능 완화추세,"2024·2026 관측자료와 ASOS 공통 조사월의 연관성을 이용한 상대 위험 전망입니다. 2026년은 부분연도이며, 2027년 실제 기상·발생·확률을 확정하지 않습니다."
사과,사과굴나방,해충,경상남도,0.0,0.0,0,유지,보통,12,2024·2026,"기준선 비교: 2026 유지 0.0점, 2024·2026 가중평균 0.0점, 선택 모델(완화 추세+표본 축소) 0.0점. 지역 변화 +0.0점을 표본가중치 0.50로 같은 병해충·작물의 지역 중앙 변화 +0.0점 방향에 축소하고, 1년 연장 변화는 ±20점으로 제한했습니다. 양년 자료 있음, 공통 조사단위 3개, 유효 관측 12건, 결측률 0.0%, 단위별 변화 변동성 0.0점. 비교는 가능하지만 표본 또는 변동성에 불확실성이 남습니다. 2024·2026 두 개 연도의 NCPMS 예찰자료만 사용한 상대 위험 전망으로, 기상·재배면적·방제 변화와 2027년 실제 발생을 확정하지 않습니다. ASOS 공통 조사월 2개에서 기온·습도·강수·풍속의 관측 연관성을 추세 연장분에만 최대 ±3점으로 제한 적용(보정 +0점). 2027년 미래 기상값은 생성하거나 가정하지 않았습니다.",관찰,0,0,0.101,강수량,기상 연관성 참고,2,ASOS 공통 조사월 2개에서 기온·습도·강수·풍속의 관측 연관성을 추세 연장분에만 최대 ±3점으로 제한 적용(보정 +0점). 2027년 미래 기상값은 생성하거나 가정하지 않았습니다.,F27-WX1 설명가능 완화추세,"2024·2026 관측자료와 ASOS 공통 조사월의 연관성을 이용한 상대 위험 전망입니다. 2026년은 부분연도이며, 2027년 실제 기상·발생·확률을 확정하지 않습니다."
사과,사과굴나방,해충,경상북도,49.0,71.0,75,유지,보통,12,2024·2026,"기준선 비교: 2026 유지 71.1점, 2024·2026 가중평균 63.3점, 선택 모델(완화 추세+표본 축소) 75.1점. 지역 변화 +22.4점을 표본가중치 0.50로 같은 병해충·작물의 지역 중앙 변화 +0.0점 방향에 축소하고, 1년 연장 변화는 ±20점으로 제한했습니다. 양년 자료 있음, 공통 조사단위 3개, 유효 관측 12건, 결측률 0.0%, 단위별 변화 변동성 36.0점. 비교는 가능하지만 표본 또는 변동성에 불확실성이 남습니다. 2024·2026 두 개 연도의 NCPMS 예찰자료만 사용한 상대 위험 전망으로, 기상·재배면적·방제 변화와 2027년 실제 발생을 확정하지 않습니다. ASOS 공통 조사월 2개에서 기온·습도·강수·풍속의 관측 연관성을 추세 연장분에만 최대 ±3점으로 제한 적용(보정 +0점). 2027년 미래 기상값은 생성하거나 가정하지 않았습니다.",고위험,75,0,-0.0061,강수량,기상 연관성 참고,2,ASOS 공통 조사월 2개에서 기온·습도·강수·풍속의 관측 연관성을 추세 연장분에만 최대 ±3점으로 제한 적용(보정 +0점). 2027년 미래 기상값은 생성하거나 가정하지 않았습니다.,F27-WX1 설명가능 완화추세,"2024·2026 관측자료와 ASOS 공통 조사월의 연관성을 이용한 상대 위험 전망입니다. 2026년은 부분연도이며, 2027년 실제 기상·발생·확률을 확정하지 않습니다."
사과,사과굴나방,해충,대구광역시,0.0,,,전망자료 부족,낮음,6,2024,"양년 자료 없음, 공통 조사단위 0개, 유효 관측 6건, 결측률 0.0%, 단위별 변화 변동성 100.0점. 제한된 비교 단위 또는 변동성 때문에 보수적으로 낮게 평가합니다. 2024·2026 두 개 연도의 NCPMS 예찰자료만 사용한 상대 위험 전망으로, 기상·재배면적·방제 변화와 2027년 실제 발생을 확정하지 않습니다. ASOS 공통 조사월 0개에서 기온·습도·강수·풍속의 관측 연관성을 추세 연장분에만 최대 ±3점으로 제한 적용(보정 +0점). 2027년 미래 기상값은 생성하거나 가정하지 않았습니다.",전망자료 부족,,,0.0,—,기상근거 부족,0,ASOS 공통 조사월 0개에서 기온·습도·강수·풍속의 관측 연관성을 추세 연장분에만 최대 ±3점으로 제한 적용(보정 +0점). 2027년 미래 기상값은 생성하거나 가정하지 않았습니다.,F27-WX1 설명가능 완화추세,"2024·2026 관측자료와 ASOS 공통 조사월의 연관성을 이용한 상대 위험 전망입니다. 2026년은 부분연도이며, 2027년 실제 기상·발생·확률을 확정하지 않습니다."
사과,사과굴나방,해충,전남광주통합특별시,0.0,0.0,0,유지,보통,11,2024·2026,"기준선 비교: 2026 유지 0.0점, 2024·2026 가중평균 0.0점, 선택 모델(완화 추세+표본 축소) 0.0점. 지역 변화 +0.0점을 표본가중치 0.48로 같은 병해충·작물의 지역 중앙 변화 +0.0점 방향에 축소하고, 1년 연장 변화는 ±20점으로 제한했습니다. 양년 자료 있음, 공통 조사단위 2개, 유효 관측 11건, 결측률 0.0%, 단위별 변화 변동성 0.0점. 비교는 가능하지만 표본 또는 변동성에 불확실성이 남습니다. 2024·2026 두 개 연도의 NCPMS 예찰자료만 사용한 상대 위험 전망으로, 기상·재배면적·방제 변화와 2027년 실제 발생을 확정하지 않습니다. ASOS 공통 조사월 2개에서 기온·습도·강수·풍속의 관측 연관성을 추세 연장분에만 최대 ±3점으로 제한 적용(보정 +0점). 2027년 미래 기상값은 생성하거나 가정하지 않았습니다.",관찰,0,0,0.0793,강수량,기상 연관성 참고,2,ASOS 공통 조사월 2개에서 기온·습도·강수·풍속의 관측 연관성을 추세 연장분에만 최대 ±3점으로 제한 적용(보정 +0점). 2027년 미래 기상값은 생성하거나 가정하지 않았습니다.,F27-WX1 설명가능 완화추세,"2024·2026 관측자료와 ASOS 공통 조사월의 연관성을 이용한 상대 위험 전망입니다. 2026년은 부분연도이며, 2027년 실제 기상·발생·확률을 확정하지 않습니다."
사과,사과굴나방,해충,전북특별자치도,63.0,65.0,65,유지,낮음,12,2024·2026,"기준선 비교: 2026 유지 65.0점, 2024·2026 가중평균 64.4점, 선택 모델(완화 추세+표본 축소) 65.4점. 지역 변화 +1.9점을 표본가중치 0.50로 같은 병해충·작물의 지역 중앙 변화 +0.0점 방향에 축소하고, 1년 연장 변화는 ±20점으로 제한했습니다. 양년 자료 있음, 공통 조사단위 3개, 유효 관측 12건, 결측률 0.0%, 단위별 변화 변동성 51.5점. 제한된 비교 단위 또는 변동성 때문에 보수적으로 낮게 평가합니다. 2024·2026 두 개 연도의 NCPMS 예찰자료만 사용한 상대 위험 전망으로, 기상·재배면적·방제 변화와 2027년 실제 발생을 확정하지 않습니다. ASOS 공통 조사월 2개에서 기온·습도·강수·풍속의 관측 연관성을 추세 연장분에만 최대 ±3점으로 제한 적용(보정 +0점). 2027년 미래 기상값은 생성하거나 가정하지 않았습니다.",주의,65,0,0.0558,강수량,기상 연관성 참고,2,ASOS 공통 조사월 2개에서 기온·습도·강수·풍속의 관측 연관성을 추세 연장분에만 최대 ±3점으로 제한 적용(보정 +0점). 2027년 미래 기상값은 생성하거나 가정하지 않았습니다.,F27-WX1 설명가능 완화추세,"2024·2026 관측자료와 ASOS 공통 조사월의 연관성을 이용한 상대 위험 전망입니다. 2026년은 부분연도이며, 2027년 실제 기상·발생·확률을 확정하지 않습니다."
사과,사과굴나방,해충,충청남도,0.0,0.0,0,유지,보통,12,2024·2026,"기준선 비교: 2026 유지 0.0점, 2024·2026 가중평균 0.0점, 선택 모델(완화 추세+표본 축소) 0.0점. 지역 변화 +0.0점을 표본가중치 0.50로 같은 병해충·작물의 지역 중앙 변화 +0.0점 방향에 축소하고, 1년 연장 변화는 ±20점으로 제한했습니다. 양년 자료 있음, 공통 조사단위 3개, 유효 관측 12건, 결측률 0.0%, 단위별 변화 변동성 0.0점. 비교는 가능하지만 표본 또는 변동성에 불확실성이 남습니다. 2024·2026 두 개 연도의 NCPMS 예찰자료만 사용한 상대 위험 전망으로, 기상·재배면적·방제 변화와 2027년 실제 발생을 확정하지 않습니다. ASOS 공통 조사월 2개에서 기온·습도·강수·풍속의 관측 연관성을 추세 연장분에만 최대 ±3점으로 제한 적용(보정 +0점). 2027년 미래 기상값은 생성하거나 가정하지 않았습니다.",관찰,0,0,0.0395,강수량,기상 연관성 참고,2,ASOS 공통 조사월 2개에서 기온·습도·강수·풍속의 관측 연관성을 추세 연장분에만 최대 ±3점으로 제한 적용(보정 +0점). 2027년 미래 기상값은 생성하거나 가정하지 않았습니다.,F27-WX1 설명가능 완화추세,"2024·2026 관측자료와 ASOS 공통 조사월의 연관성을 이용한 상대 위험 전망입니다. 2026년은 부분연도이며, 2027년 실제 기상·발생·확률을 확정하지 않습니다."
사과,사과굴나방,해충,충청북도,23.0,1.0,0,유지,보통,12,2024·2026,"기준선 비교: 2026 유지 1.3점, 2024·2026 가중평균 8.9점, 선택 모델(완화 추세+표본 축소) 0.0점. 지역 변화 -21.7점을 표본가중치 0.50로 같은 병해충·작물의 지역 중앙 변화 +0.0점 방향에 축소하고, 1년 연장 변화는 ±20점으로 제한했습니다. 양년 자료 있음, 공통 조사단위 3개, 유효 관측 12건, 결측률 0.0%, 단위별 변화 변동성 2.3점. 비교는 가능하지만 표본 또는 변동성에 불확실성이 남습니다. 2024·2026 두 개 연도의 NCPMS 예찰자료만 사용한 상대 위험 전망으로, 기상·재배면적·방제 변화와 2027년 실제 발생을 확정하지 않습니다. ASOS 공통 조사월 2개에서 기온·습도·강수·풍속의 관측 연관성을 추세 연장분에만 최대 ±3점으로 제한 적용(보정 +0점). 2027년 미래 기상값은 생성하거나 가정하지 않았습니다.",관찰,0,0,0.0534,강수량,기상 연관성 참고,2,ASOS 공통 조사월 2개에서 기온·습도·강수·풍속의 관측 연관성을 추세 연장분에만 최대 ±3점으로 제한 적용(보정 +0점). 2027년 미래 기상값은 생성하거나 가정하지 않았습니다.,F27-WX1 설명가능 완화추세,"2024·2026 관측자료와 ASOS 공통 조사월의 연관성을 이용한 상대 위험 전망입니다. 2026년은 부분연도이며, 2027년 실제 기상·발생·확률을 확정하지 않습니다."
배,사과무늬잎말이나방,해충,강원특별자치도,59.0,0.0,0,유지,낮음,8,2024·2026,"기준선 비교: 2026 유지 0.0점, 2024·2026 가중평균 20.8점, 선택 모델(완화 추세+표본 축소) 0.0점. 지역 변화 -59.3점을 표본가중치 0.40로 같은 병해충·작물의 지역 중앙 변화 +0.0점 방향에 축소하고, 1년 연장 변화는 ±20점으로 제한했습니다. 양년 자료 있음, 공통 조사단위 1개, 유효 관측 8건, 결측률 0.0%, 단위별 변화 변동성 0.0점. 제한된 비교 단위 또는 변동성 때문에 보수적으로 낮게 평가합니다. 2024·2026 두 개 연도의 NCPMS 예찰자료만 사용한 상대 위험 전망으로, 기상·재배면적·방제 변화와 2027년 실제 발생을 확정하지 않습니다. ASOS 공통 조사월 1개에서 기온·습도·강수·풍속의 관측 연관성을 추세 연장분에만 최대 ±3점으로 제한 적용(보정 +0점). 2027년 미래 기상값은 생성하거나 가정하지 않았습니다.",관찰,0,0,-0.0271,습도,기상 근거 보강,1,ASOS 공통 조사월 1개에서 기온·습도·강수·풍속의 관측 연관성을 추세 연장분에만 최대 ±3점으로 제한 적용(보정 +0점). 2027년 미래 기상값은 생성하거나 가정하지 않았습니다.,F27-WX1 설명가능 완화추세,"2024·2026 관측자료와 ASOS 공통 조사월의 연관성을 이용한 상대 위험 전망입니다. 2026년은 부분연도이며, 2027년 실제 기상·발생·확률을 확정하지 않습니다."
배,사과무늬잎말이나방,해충,경기도,8.0,41.0,47,증가,보통,11,2024·2026,"기준선 비교: 2026 유지 41.2점, 2024·2026 가중평균 29.5점, 선택 모델(완화 추세+표본 축소) 46.8점. 지역 변화 +33.5점을 표본가중치 0.48로 같은 병해충·작물의 지역 중앙 변화 +0.0점 방향에 축소하고, 1년 연장 변화는 ±20점으로 제한했습니다. 양년 자료 있음, 공통 조사단위 4개, 유효 관측 11건, 결측률 0.0%, 단위별 변화 변동성 29.6점. 비교는 가능하지만 표본 또는 변동성에 불확실성이 남습니다. 2024·2026 두 개 연도의 NCPMS 예찰자료만 사용한 상대 위험 전망으로, 기상·재배면적·방제 변화와 2027년 실제 발생을 확정하지 않습니다. ASOS 공통 조사월 2개에서 기온·습도·강수·풍속의 관측 연관성을 추세 연장분에만 최대 ±3점으로 제한 적용(보정 +0점). 2027년 미래 기상값은 생성하거나 가정하지 않았습니다.",주의,47,0,0.0375,강수량,기상 근거 보강,2,ASOS 공통 조사월 2개에서 기온·습도·강수·풍속의 관측 연관성을 추세 연장분에만 최대 ±3점으로 제한 적용(보정 +0점). 2027년 미래 기상값은 생성하거나 가정하지 않았습니다.,F27-WX1 설명가능 완화추세,"2024·2026 관측자료와 ASOS 공통 조사월의 연관성을 이용한 상대 위험 전망입니다. 2026년은 부분연도이며, 2027년 실제 기상·발생·확률을 확정하지 않습니다."
배,사과무늬잎말이나방,해충,경상남도,3.0,6.0,7,유지,보통,11,2024·2026,"기준선 비교: 2026 유지 6.3점, 2024·2026 가중평균 5.2점, 선택 모델(완화 추세+표본 축소) 6.9점. 지역 변화 +3.2점을 표본가중치 0.48로 같은 병해충·작물의 지역 중앙 변화 +0.0점 방향에 축소하고, 1년 연장 변화는 ±20점으로 제한했습니다. 양년 자료 있음, 공통 조사단위 4개, 유효 관측 11건, 결측률 0.0%, 단위별 변화 변동성 13.8점. 비교는 가능하지만 표본 또는 변동성에 불확실성이 남습니다. 2024·2026 두 개 연도의 NCPMS 예찰자료만 사용한 상대 위험 전망으로, 기상·재배면적·방제 변화와 2027년 실제 발생을 확정하지 않습니다. ASOS 공통 조사월 2개에서 기온·습도·강수·풍속의 관측 연관성을 추세 연장분에만 최대 ±3점으로 제한 적용(보정 +0점). 2027년 미래 기상값은 생성하거나 가정하지 않았습니다.",관찰,7,0,0.0244,강수량,기상 근거 보강,2,ASOS 공통 조사월 2개에서 기온·습도·강수·풍속의 관측 연관성을 추세 연장분에만 최대 ±3점으로 제한 적용(보정 +0점). 2027년 미래 기상값은 생성하거나 가정하지 않았습니다.,F27-WX1 설명가능 완화추세,"2024·2026 관측자료와 ASOS 공통 조사월의 연관성을 이용한 상대 위험 전망입니다. 2026년은 부분연도이며, 2027년 실제 기상·발생·확률을 확정하지 않습니다."
배,사과무늬잎말이나방,해충,경상북도,52.0,43.0,41,유지,낮음,11,2024·2026,"기준선 비교: 2026 유지 42.9점, 2024·2026 가중평균 46.2점, 선택 모델(완화 추세+표본 축소) 41.3점. 지역 변화 -9.4점을 표본가중치 0.48로 같은 병해충·작물의 지역 중앙 변화 +0.0점 방향에 축소하고, 1년 연장 변화는 ±20점으로 제한했습니다. 양년 자료 있음, 공통 조사단위 4개, 유효 관측 11건, 결측률 0.0%, 단위별 변화 변동성 64.3점. 제한된 비교 단위 또는 변동성 때문에 보수적으로 낮게 평가합니다. 2024·2026 두 개 연도의 NCPMS 예찰자료만 사용한 상대 위험 전망으로, 기상·재배면적·방제 변화와 2027년 실제 발생을 확정하지 않습니다. ASOS 공통 조사월 2개에서 기온·습도·강수·풍속의 관측 연관성을 추세 연장분에만 최대 ±3점으로 제한 적용(보정 +0점). 2027년 미래 기상값은 생성하거나 가정하지 않았습니다.",주의,41,0,-0.0081,습도,기상 근거 보강,2,ASOS 공통 조사월 2개에서 기온·습도·강수·풍속의 관측 연관성을 추세 연장분에만 최대 ±3점으로 제한 적용(보정 +0점). 2027년 미래 기상값은 생성하거나 가정하지 않았습니다.,F27-WX1 설명가능 완화추세,"2024·2026 관측자료와 ASOS 공통 조사월의 연관성을 이용한 상대 위험 전망입니다. 2026년은 부분연도이며, 2027년 실제 기상·발생·확률을 확정하지 않습니다."
배,사과무늬잎말이나방,해충,세종특별자치시,0.0,0.0,0,유지,보통,10,2024·2026,"기준선 비교: 2026 유지 0.0점, 2024·2026 가중평균 0.0점, 선택 모델(완화 추세+표본 축소) 0.0점. 지역 변화 +0.0점을 표본가중치 0.45로 같은 병해충·작물의 지역 중앙 변화 +0.0점 방향에 축소하고, 1년 연장 변화는 ±20점으로 제한했습니다. 양년 자료 있음, 공통 조사단위 4개, 유효 관측 10건, 결측률 0.0%, 단위별 변화 변동성 0.0점. 비교는 가능하지만 표본 또는 변동성에 불확실성이 남습니다. 2024·2026 두 개 연도의 NCPMS 예찰자료만 사용한 상대 위험 전망으로, 기상·재배면적·방제 변화와 2027년 실제 발생을 확정하지 않습니다. ASOS 공통 조사월 2개에서 기온·습도·강수·풍속의 관측 연관성을 추세 연장분에만 최대 ±3점으로 제한 적용(보정 +0점). 2027년 미래 기상값은 생성하거나 가정하지 않았습니다.",관찰,0,0,-0.016,강수량,기상 근거 보강,2,ASOS 공통 조사월 2개에서 기온·습도·강수·풍속의 관측 연관성을 추세 연장분에만 최대 ±3점으로 제한 적용(보정 +0점). 2027년 미래 기상값은 생성하거나 가정하지 않았습니다.,F27-WX1 설명가능 완화추세,"2024·2026 관측자료와 ASOS 공통 조사월의 연관성을 이용한 상대 위험 전망입니다. 2026년은 부분연도이며, 2027년 실제 기상·발생·확률을 확정하지 않습니다."
배,사과무늬잎말이나방,해충,울산광역시,0.0,0.0,0,유지,보통,10,2024·2026,"기준선 비교: 2026 유지 0.0점, 2024·2026 가중평균 0.0점, 선택 모델(완화 추세+표본 축소) 0.0점. 지역 변화 +0.0점을 표본가중치 0.45로 같은 병해충·작물의 지역 중앙 변화 +0.0점 방향에 축소하고, 1년 연장 변화는 ±20점으로 제한했습니다. 양년 자료 있음, 공통 조사단위 4개, 유효 관측 10건, 결측률 0.0%, 단위별 변화 변동성 0.0점. 비교는 가능하지만 표본 또는 변동성에 불확실성이 남습니다. 2024·2026 두 개 연도의 NCPMS 예찰자료만 사용한 상대 위험 전망으로, 기상·재배면적·방제 변화와 2027년 실제 발생을 확정하지 않습니다. ASOS 공통 조사월 2개에서 기온·습도·강수·풍속의 관측 연관성을 추세 연장분에만 최대 ±3점으로 제한 적용(보정 +0점). 2027년 미래 기상값은 생성하거나 가정하지 않았습니다.",관찰,0,0,0.0044,강수량,기상 근거 보강,2,ASOS 공통 조사월 2개에서 기온·습도·강수·풍속의 관측 연관성을 추세 연장분에만 최대 ±3점으로 제한 적용(보정 +0점). 2027년 미래 기상값은 생성하거나 가정하지 않았습니다.,F27-WX1 설명가능 완화추세,"2024·2026 관측자료와 ASOS 공통 조사월의 연관성을 이용한 상대 위험 전망입니다. 2026년은 부분연도이며, 2027년 실제 기상·발생·확률을 확정하지 않습니다."
배,사과무늬잎말이나방,해충,전남광주통합특별시,0.0,0.0,0,유지,보통,11,2024·2026,"기준선 비교: 2026 유지 0.0점, 2024·2026 가중평균 0.0점, 선택 모델(완화 추세+표본 축소) 0.0점. 지역 변화 +0.0점을 표본가중치 0.48로 같은 병해충·작물의 지역 중앙 변화 +0.0점 방향에 축소하고, 1년 연장 변화는 ±20점으로 제한했습니다. 양년 자료 있음, 공통 조사단위 4개, 유효 관측 11건, 결측률 0.0%, 단위별 변화 변동성 0.0점. 비교는 가능하지만 표본 또는 변동성에 불확실성이 남습니다. 2024·2026 두 개 연도의 NCPMS 예찰자료만 사용한 상대 위험 전망으로, 기상·재배면적·방제 변화와 2027년 실제 발생을 확정하지 않습니다. ASOS 공통 조사월 2개에서 기온·습도·강수·풍속의 관측 연관성을 추세 연장분에만 최대 ±3점으로 제한 적용(보정 +0점). 2027년 미래 기상값은 생성하거나 가정하지 않았습니다.",관찰,0,0,0.026,강수량,기상 근거 보강,2,ASOS 공통 조사월 2개에서 기온·습도·강수·풍속의 관측 연관성을 추세 연장분에만 최대 ±3점으로 제한 적용(보정 +0점). 2027년 미래 기상값은 생성하거나 가정하지 않았습니다.,F27-WX1 설명가능 완화추세,"2024·2026 관측자료와 ASOS 공통 조사월의 연관성을 이용한 상대 위험 전망입니다. 2026년은 부분연도이며, 2027년 실제 기상·발생·확률을 확정하지 않습니다."
배,사과무늬잎말이나방,해충,전북특별자치도,,17.0,,전망자료 부족,낮음,7,2026,"양년 자료 없음, 공통 조사단위 0개, 유효 관측 7건, 결측률 0.0%, 단위별 변화 변동성 100.0점. 제한된 비교 단위 또는 변동성 때문에 보수적으로 낮게 평가합니다. 2024·2026 두 개 연도의 NCPMS 예찰자료만 사용한 상대 위험 전망으로, 기상·재배면적·방제 변화와 2027년 실제 발생을 확정하지 않습니다. ASOS 공통 조사월 0개에서 기온·습도·강수·풍속의 관측 연관성을 추세 연장분에만 최대 ±3점으로 제한 적용(보정 +0점). 2027년 미래 기상값은 생성하거나 가정하지 않았습니다.",전망자료 부족,,,0.0,—,기상근거 부족,0,ASOS 공통 조사월 0개에서 기온·습도·강수·풍속의 관측 연관성을 추세 연장분에만 최대 ±3점으로 제한 적용(보정 +0점). 2027년 미래 기상값은 생성하거나 가정하지 않았습니다.,F27-WX1 설명가능 완화추세,"2024·2026 관측자료와 ASOS 공통 조사월의 연관성을 이용한 상대 위험 전망입니다. 2026년은 부분연도이며, 2027년 실제 기상·발생·확률을 확정하지 않습니다."
배,사과무늬잎말이나방,해충,충청남도,0.0,14.0,17,유지,보통,11,2024·2026,"기준선 비교: 2026 유지 14.3점, 2024·2026 가중평균 9.3점, 선택 모델(완화 추세+표본 축소) 16.7점. 지역 변화 +14.3점을 표본가중치 0.48로 같은 병해충·작물의 지역 중앙 변화 +0.0점 방향에 축소하고, 1년 연장 변화는 ±20점으로 제한했습니다. 양년 자료 있음, 공통 조사단위 4개, 유효 관측 11건, 결측률 0.0%, 단위별 변화 변동성 34.4점. 비교는 가능하지만 표본 또는 변동성에 불확실성이 남습니다. 2024·2026 두 개 연도의 NCPMS 예찰자료만 사용한 상대 위험 전망으로, 기상·재배면적·방제 변화와 2027년 실제 발생을 확정하지 않습니다. ASOS 공통 조사월 2개에서 기온·습도·강수·풍속의 관측 연관성을 추세 연장분에만 최대 ±3점으로 제한 적용(보정 +0점). 2027년 미래 기상값은 생성하거나 가정하지 않았습니다.",관찰,17,0,0.0162,강수량,기상 근거 보강,2,ASOS 공통 조사월 2개에서 기온·습도·강수·풍속의 관측 연관성을 추세 연장분에만 최대 ±3점으로 제한 적용(보정 +0점). 2027년 미래 기상값은 생성하거나 가정하지 않았습니다.,F27-WX1 설명가능 완화추세,"2024·2026 관측자료와 ASOS 공통 조사월의 연관성을 이용한 상대 위험 전망입니다. 2026년은 부분연도이며, 2027년 실제 기상·발생·확률을 확정하지 않습니다."
배,사과무늬잎말이나방,해충,충청북도,0.0,0.0,0,유지,보통,11,2024·2026,"기준선 비교: 2026 유지 0.0점, 2024·2026 가중평균 0.0점, 선택 모델(완화 추세+표본 축소) 0.0점. 지역 변화 +0.0점을 표본가중치 0.48로 같은 병해충·작물의 지역 중앙 변화 +0.0점 방향에 축소하고, 1년 연장 변화는 ±20점으로 제한했습니다. 양년 자료 있음, 공통 조사단위 4개, 유효 관측 11건, 결측률 0.0%, 단위별 변화 변동성 0.0점. 비교는 가능하지만 표본 또는 변동성에 불확실성이 남습니다. 2024·2026 두 개 연도의 NCPMS 예찰자료만 사용한 상대 위험 전망으로, 기상·재배면적·방제 변화와 2027년 실제 발생을 확정하지 않습니다. ASOS 공통 조사월 2개에서 기온·습도·강수·풍속의 관측 연관성을 추세 연장분에만 최대 ±3점으로 제한 적용(보정 +0점). 2027년 미래 기상값은 생성하거나 가정하지 않았습니다.",관찰,0,0,0.0209,강수량,기상 근거 보강,2,ASOS 공통 조사월 2개에서 기온·습도·강수·풍속의 관측 연관성을 추세 연장분에만 최대 ±3점으로 제한 적용(보정 +0점). 2027년 미래 기상값은 생성하거나 가정하지 않았습니다.,F27-WX1 설명가능 완화추세,"2024·2026 관측자료와 ASOS 공통 조사월의 연관성을 이용한 상대 위험 전망입니다. 2026년은 부분연도이며, 2027년 실제 기상·발생·확률을 확정하지 않습니다."
사과,사과무늬잎말이나방,해충,강원특별자치도,0.0,0.0,0,유지,보통,12,2024·2026,"기준선 비교: 2026 유지 0.0점, 2024·2026 가중평균 0.0점, 선택 모델(완화 추세+표본 축소) 0.0점. 지역 변화 +0.0점을 표본가중치 0.50로 같은 병해충·작물의 지역 중앙 변화 +0.0점 방향에 축소하고, 1년 연장 변화는 ±20점으로 제한했습니다. 양년 자료 있음, 공통 조사단위 3개, 유효 관측 12건, 결측률 0.0%, 단위별 변화 변동성 0.0점. 비교는 가능하지만 표본 또는 변동성에 불확실성이 남습니다. 2024·2026 두 개 연도의 NCPMS 예찰자료만 사용한 상대 위험 전망으로, 기상·재배면적·방제 변화와 2027년 실제 발생을 확정하지 않습니다. ASOS 공통 조사월 2개에서 기온·습도·강수·풍속의 관측 연관성을 추세 연장분에만 최대 ±3점으로 제한 적용(보정 +0점). 2027년 미래 기상값은 생성하거나 가정하지 않았습니다.",관찰,0,0,-0.0374,강수량,기상 근거 보강,2,ASOS 공통 조사월 2개에서 기온·습도·강수·풍속의 관측 연관성을 추세 연장분에만 최대 ±3점으로 제한 적용(보정 +0점). 2027년 미래 기상값은 생성하거나 가정하지 않았습니다.,F27-WX1 설명가능 완화추세,"2024·2026 관측자료와 ASOS 공통 조사월의 연관성을 이용한 상대 위험 전망입니다. 2026년은 부분연도이며, 2027년 실제 기상·발생·확률을 확정하지 않습니다."
사과,사과무늬잎말이나방,해충,경기도,23.0,19.0,18,유지,보통,12,2024·2026,"기준선 비교: 2026 유지 18.6점, 2024·2026 가중평균 20.2점, 선택 모델(완화 추세+표본 축소) 17.8점. 지역 변화 -4.5점을 표본가중치 0.50로 같은 병해충·작물의 지역 중앙 변화 +0.0점 방향에 축소하고, 1년 연장 변화는 ±20점으로 제한했습니다. 양년 자료 있음, 공통 조사단위 3개, 유효 관측 12건, 결측률 0.0%, 단위별 변화 변동성 35.9점. 비교는 가능하지만 표본 또는 변동성에 불확실성이 남습니다. 2024·2026 두 개 연도의 NCPMS 예찰자료만 사용한 상대 위험 전망으로, 기상·재배면적·방제 변화와 2027년 실제 발생을 확정하지 않습니다. ASOS 공통 조사월 2개에서 기온·습도·강수·풍속의 관측 연관성을 추세 연장분에만 최대 ±3점으로 제한 적용(보정 +0점). 2027년 미래 기상값은 생성하거나 가정하지 않았습니다.",관찰,18,0,0.0567,강수량,기상 근거 보강,2,ASOS 공통 조사월 2개에서 기온·습도·강수·풍속의 관측 연관성을 추세 연장분에만 최대 ±3점으로 제한 적용(보정 +0점). 2027년 미래 기상값은 생성하거나 가정하지 않았습니다.,F27-WX1 설명가능 완화추세,"2024·2026 관측자료와 ASOS 공통 조사월의 연관성을 이용한 상대 위험 전망입니다. 2026년은 부분연도이며, 2027년 실제 기상·발생·확률을 확정하지 않습니다."
사과,사과무늬잎말이나방,해충,경상남도,0.0,0.0,0,유지,보통,12,2024·2026,"기준선 비교: 2026 유지 0.0점, 2024·2026 가중평균 0.0점, 선택 모델(완화 추세+표본 축소) 0.0점. 지역 변화 +0.0점을 표본가중치 0.50로 같은 병해충·작물의 지역 중앙 변화 +0.0점 방향에 축소하고, 1년 연장 변화는 ±20점으로 제한했습니다. 양년 자료 있음, 공통 조사단위 3개, 유효 관측 12건, 결측률 0.0%, 단위별 변화 변동성 0.0점. 비교는 가능하지만 표본 또는 변동성에 불확실성이 남습니다. 2024·2026 두 개 연도의 NCPMS 예찰자료만 사용한 상대 위험 전망으로, 기상·재배면적·방제 변화와 2027년 실제 발생을 확정하지 않습니다. ASOS 공통 조사월 2개에서 기온·습도·강수·풍속의 관측 연관성을 추세 연장분에만 최대 ±3점으로 제한 적용(보정 +0점). 2027년 미래 기상값은 생성하거나 가정하지 않았습니다.",관찰,0,0,0.0385,강수량,기상 근거 보강,2,ASOS 공통 조사월 2개에서 기온·습도·강수·풍속의 관측 연관성을 추세 연장분에만 최대 ±3점으로 제한 적용(보정 +0점). 2027년 미래 기상값은 생성하거나 가정하지 않았습니다.,F27-WX1 설명가능 완화추세,"2024·2026 관측자료와 ASOS 공통 조사월의 연관성을 이용한 상대 위험 전망입니다. 2026년은 부분연도이며, 2027년 실제 기상·발생·확률을 확정하지 않습니다."
사과,사과무늬잎말이나방,해충,경상북도,64.0,59.0,58,유지,보통,12,2024·2026,"기준선 비교: 2026 유지 58.8점, 2024·2026 가중평균 60.7점, 선택 모델(완화 추세+표본 축소) 57.8점. 지역 변화 -5.5점을 표본가중치 0.50로 같은 병해충·작물의 지역 중앙 변화 +0.0점 방향에 축소하고, 1년 연장 변화는 ±20점으로 제한했습니다. 양년 자료 있음, 공통 조사단위 3개, 유효 관측 12건, 결측률 0.0%, 단위별 변화 변동성 38.3점. 비교는 가능하지만 표본 또는 변동성에 불확실성이 남습니다. 2024·2026 두 개 연도의 NCPMS 예찰자료만 사용한 상대 위험 전망으로, 기상·재배면적·방제 변화와 2027년 실제 발생을 확정하지 않습니다. ASOS 공통 조사월 2개에서 기온·습도·강수·풍속의 관측 연관성을 추세 연장분에만 최대 ±3점으로 제한 적용(보정 +0점). 2027년 미래 기상값은 생성하거나 가정하지 않았습니다.",주의,58,0,-0.0109,습도,기상 근거 보강,2,ASOS 공통 조사월 2개에서 기온·습도·강수·풍속의 관측 연관성을 추세 연장분에만 최대 ±3점으로 제한 적용(보정 +0점). 2027년 미래 기상값은 생성하거나 가정하지 않았습니다.,F27-WX1 설명가능 완화추세,"2024·2026 관측자료와 ASOS 공통 조사월의 연관성을 이용한 상대 위험 전망입니다. 2026년은 부분연도이며, 2027년 실제 기상·발생·확률을 확정하지 않습니다."
사과,사과무늬잎말이나방,해충,대구광역시,17.0,,,전망자료 부족,낮음,6,2024,"양년 자료 없음, 공통 조사단위 0개, 유효 관측 6건, 결측률 0.0%, 단위별 변화 변동성 100.0점. 제한된 비교 단위 또는 변동성 때문에 보수적으로 낮게 평가합니다. 2024·2026 두 개 연도의 NCPMS 예찰자료만 사용한 상대 위험 전망으로, 기상·재배면적·방제 변화와 2027년 실제 발생을 확정하지 않습니다. ASOS 공통 조사월 0개에서 기온·습도·강수·풍속의 관측 연관성을 추세 연장분에만 최대 ±3점으로 제한 적용(보정 +0점). 2027년 미래 기상값은 생성하거나 가정하지 않았습니다.",전망자료 부족,,,0.0,—,기상근거 부족,0,ASOS 공통 조사월 0개에서 기온·습도·강수·풍속의 관측 연관성을 추세 연장분에만 최대 ±3점으로 제한 적용(보정 +0점). 2027년 미래 기상값은 생성하거나 가정하지 않았습니다.,F27-WX1 설명가능 완화추세,"2024·2026 관측자료와 ASOS 공통 조사월의 연관성을 이용한 상대 위험 전망입니다. 2026년은 부분연도이며, 2027년 실제 기상·발생·확률을 확정하지 않습니다."
사과,사과무늬잎말이나방,해충,전남광주통합특별시,0.0,0.0,0,유지,보통,11,2024·2026,"기준선 비교: 2026 유지 0.0점, 2024·2026 가중평균 0.0점, 선택 모델(완화 추세+표본 축소) 0.0점. 지역 변화 +0.0점을 표본가중치 0.48로 같은 병해충·작물의 지역 중앙 변화 +0.0점 방향에 축소하고, 1년 연장 변화는 ±20점으로 제한했습니다. 양년 자료 있음, 공통 조사단위 2개, 유효 관측 11건, 결측률 0.0%, 단위별 변화 변동성 0.0점. 비교는 가능하지만 표본 또는 변동성에 불확실성이 남습니다. 2024·2026 두 개 연도의 NCPMS 예찰자료만 사용한 상대 위험 전망으로, 기상·재배면적·방제 변화와 2027년 실제 발생을 확정하지 않습니다. ASOS 공통 조사월 2개에서 기온·습도·강수·풍속의 관측 연관성을 추세 연장분에만 최대 ±3점으로 제한 적용(보정 +0점). 2027년 미래 기상값은 생성하거나 가정하지 않았습니다.",관찰,0,0,0.0391,강수량,기상 근거 보강,2,ASOS 공통 조사월 2개에서 기온·습도·강수·풍속의 관측 연관성을 추세 연장분에만 최대 ±3점으로 제한 적용(보정 +0점). 2027년 미래 기상값은 생성하거나 가정하지 않았습니다.,F27-WX1 설명가능 완화추세,"2024·2026 관측자료와 ASOS 공통 조사월의 연관성을 이용한 상대 위험 전망입니다. 2026년은 부분연도이며, 2027년 실제 기상·발생·확률을 확정하지 않습니다."
사과,사과무늬잎말이나방,해충,전북특별자치도,1.0,0.0,0,유지,보통,12,2024·2026,"기준선 비교: 2026 유지 0.0점, 2024·2026 가중평균 0.2점, 선택 모델(완화 추세+표본 축소) 0.0점. 지역 변화 -0.6점을 표본가중치 0.50로 같은 병해충·작물의 지역 중앙 변화 +0.0점 방향에 축소하고, 1년 연장 변화는 ±20점으로 제한했습니다. 양년 자료 있음, 공통 조사단위 3개, 유효 관측 12건, 결측률 0.0%, 단위별 변화 변동성 0.8점. 비교는 가능하지만 표본 또는 변동성에 불확실성이 남습니다. 2024·2026 두 개 연도의 NCPMS 예찰자료만 사용한 상대 위험 전망으로, 기상·재배면적·방제 변화와 2027년 실제 발생을 확정하지 않습니다. ASOS 공통 조사월 2개에서 기온·습도·강수·풍속의 관측 연관성을 추세 연장분에만 최대 ±3점으로 제한 적용(보정 +0점). 2027년 미래 기상값은 생성하거나 가정하지 않았습니다.",관찰,0,0,0.0245,강수량,기상 근거 보강,2,ASOS 공통 조사월 2개에서 기온·습도·강수·풍속의 관측 연관성을 추세 연장분에만 최대 ±3점으로 제한 적용(보정 +0점). 2027년 미래 기상값은 생성하거나 가정하지 않았습니다.,F27-WX1 설명가능 완화추세,"2024·2026 관측자료와 ASOS 공통 조사월의 연관성을 이용한 상대 위험 전망입니다. 2026년은 부분연도이며, 2027년 실제 기상·발생·확률을 확정하지 않습니다."
사과,사과무늬잎말이나방,해충,충청남도,0.0,0.0,0,유지,보통,12,2024·2026,"기준선 비교: 2026 유지 0.0점, 2024·2026 가중평균 0.0점, 선택 모델(완화 추세+표본 축소) 0.0점. 지역 변화 +0.0점을 표본가중치 0.50로 같은 병해충·작물의 지역 중앙 변화 +0.0점 방향에 축소하고, 1년 연장 변화는 ±20점으로 제한했습니다. 양년 자료 있음, 공통 조사단위 3개, 유효 관측 12건, 결측률 0.0%, 단위별 변화 변동성 0.0점. 비교는 가능하지만 표본 또는 변동성에 불확실성이 남습니다. 2024·2026 두 개 연도의 NCPMS 예찰자료만 사용한 상대 위험 전망으로, 기상·재배면적·방제 변화와 2027년 실제 발생을 확정하지 않습니다. ASOS 공통 조사월 2개에서 기온·습도·강수·풍속의 관측 연관성을 추세 연장분에만 최대 ±3점으로 제한 적용(보정 +0점). 2027년 미래 기상값은 생성하거나 가정하지 않았습니다.",관찰,0,0,0.0243,강수량,기상 근거 보강,2,ASOS 공통 조사월 2개에서 기온·습도·강수·풍속의 관측 연관성을 추세 연장분에만 최대 ±3점으로 제한 적용(보정 +0점). 2027년 미래 기상값은 생성하거나 가정하지 않았습니다.,F27-WX1 설명가능 완화추세,"2024·2026 관측자료와 ASOS 공통 조사월의 연관성을 이용한 상대 위험 전망입니다. 2026년은 부분연도이며, 2027년 실제 기상·발생·확률을 확정하지 않습니다."
사과,사과무늬잎말이나방,해충,충청북도,8.0,47.0,53,증가,보통,12,2024·2026,"기준선 비교: 2026 유지 46.6점, 2024·2026 가중평균 33.2점, 선택 모델(완화 추세+표본 축소) 53.2점. 지역 변화 +38.2점을 표본가중치 0.50로 같은 병해충·작물의 지역 중앙 변화 +0.0점 방향에 축소하고, 1년 연장 변화는 ±20점으로 제한했습니다. 양년 자료 있음, 공통 조사단위 3개, 유효 관측 12건, 결측률 0.0%, 단위별 변화 변동성 35.6점. 비교는 가능하지만 표본 또는 변동성에 불확실성이 남습니다. 2024·2026 두 개 연도의 NCPMS 예찰자료만 사용한 상대 위험 전망으로, 기상·재배면적·방제 변화와 2027년 실제 발생을 확정하지 않습니다. ASOS 공통 조사월 2개에서 기온·습도·강수·풍속의 관측 연관성을 추세 연장분에만 최대 ±3점으로 제한 적용(보정 +0점). 2027년 미래 기상값은 생성하거나 가정하지 않았습니다.",주의,53,0,0.031,강수량,기상 근거 보강,2,ASOS 공통 조사월 2개에서 기온·습도·강수·풍속의 관측 연관성을 추세 연장분에만 최대 ±3점으로 제한 적용(보정 +0점). 2027년 미래 기상값은 생성하거나 가정하지 않았습니다.,F27-WX1 설명가능 완화추세,"2024·2026 관측자료와 ASOS 공통 조사월의 연관성을 이용한 상대 위험 전망입니다. 2026년은 부분연도이며, 2027년 실제 기상·발생·확률을 확정하지 않습니다."
배,사과애모무늬잎말이나방,해충,강원특별자치도,73.0,0.0,0,유지,낮음,8,2024·2026,"기준선 비교: 2026 유지 0.0점, 2024·2026 가중평균 25.5점, 선택 모델(완화 추세+표본 축소) 0.0점. 지역 변화 -73.0점을 표본가중치 0.40로 같은 병해충·작물의 지역 중앙 변화 +0.0점 방향에 축소하고, 1년 연장 변화는 ±20점으로 제한했습니다. 양년 자료 있음, 공통 조사단위 1개, 유효 관측 8건, 결측률 0.0%, 단위별 변화 변동성 0.0점. 제한된 비교 단위 또는 변동성 때문에 보수적으로 낮게 평가합니다. 2024·2026 두 개 연도의 NCPMS 예찰자료만 사용한 상대 위험 전망으로, 기상·재배면적·방제 변화와 2027년 실제 발생을 확정하지 않습니다. ASOS 공통 조사월 1개에서 기온·습도·강수·풍속의 관측 연관성을 추세 연장분에만 최대 ±3점으로 제한 적용(보정 +0점). 2027년 미래 기상값은 생성하거나 가정하지 않았습니다.",관찰,0,0,-0.0203,강수량,기상 근거 보강,1,ASOS 공통 조사월 1개에서 기온·습도·강수·풍속의 관측 연관성을 추세 연장분에만 최대 ±3점으로 제한 적용(보정 +0점). 2027년 미래 기상값은 생성하거나 가정하지 않았습니다.,F27-WX1 설명가능 완화추세,"2024·2026 관측자료와 ASOS 공통 조사월의 연관성을 이용한 상대 위험 전망입니다. 2026년은 부분연도이며, 2027년 실제 기상·발생·확률을 확정하지 않습니다."
배,사과애모무늬잎말이나방,해충,경기도,34.0,0.0,0,유지,보통,11,2024·2026,"기준선 비교: 2026 유지 0.0점, 2024·2026 가중평균 11.8점, 선택 모델(완화 추세+표본 축소) 0.0점. 지역 변화 -33.7점을 표본가중치 0.48로 같은 병해충·작물의 지역 중앙 변화 +0.0점 방향에 축소하고, 1년 연장 변화는 ±20점으로 제한했습니다. 양년 자료 있음, 공통 조사단위 4개, 유효 관측 11건, 결측률 0.0%, 단위별 변화 변동성 35.6점. 비교는 가능하지만 표본 또는 변동성에 불확실성이 남습니다. 2024·2026 두 개 연도의 NCPMS 예찰자료만 사용한 상대 위험 전망으로, 기상·재배면적·방제 변화와 2027년 실제 발생을 확정하지 않습니다. ASOS 공통 조사월 2개에서 기온·습도·강수·풍속의 관측 연관성을 추세 연장분에만 최대 ±3점으로 제한 적용(보정 +0점). 2027년 미래 기상값은 생성하거나 가정하지 않았습니다.",관찰,0,0,0.0347,강수량,기상 근거 보강,2,ASOS 공통 조사월 2개에서 기온·습도·강수·풍속의 관측 연관성을 추세 연장분에만 최대 ±3점으로 제한 적용(보정 +0점). 2027년 미래 기상값은 생성하거나 가정하지 않았습니다.,F27-WX1 설명가능 완화추세,"2024·2026 관측자료와 ASOS 공통 조사월의 연관성을 이용한 상대 위험 전망입니다. 2026년은 부분연도이며, 2027년 실제 기상·발생·확률을 확정하지 않습니다."
배,사과애모무늬잎말이나방,해충,경상남도,0.0,0.0,0,유지,보통,11,2024·2026,"기준선 비교: 2026 유지 0.0점, 2024·2026 가중평균 0.0점, 선택 모델(완화 추세+표본 축소) 0.0점. 지역 변화 +0.0점을 표본가중치 0.48로 같은 병해충·작물의 지역 중앙 변화 +0.0점 방향에 축소하고, 1년 연장 변화는 ±20점으로 제한했습니다. 양년 자료 있음, 공통 조사단위 4개, 유효 관측 11건, 결측률 0.0%, 단위별 변화 변동성 0.0점. 비교는 가능하지만 표본 또는 변동성에 불확실성이 남습니다. 2024·2026 두 개 연도의 NCPMS 예찰자료만 사용한 상대 위험 전망으로, 기상·재배면적·방제 변화와 2027년 실제 발생을 확정하지 않습니다. ASOS 공통 조사월 2개에서 기온·습도·강수·풍속의 관측 연관성을 추세 연장분에만 최대 ±3점으로 제한 적용(보정 +0점). 2027년 미래 기상값은 생성하거나 가정하지 않았습니다.",관찰,0,0,0.0364,강수량,기상 근거 보강,2,ASOS 공통 조사월 2개에서 기온·습도·강수·풍속의 관측 연관성을 추세 연장분에만 최대 ±3점으로 제한 적용(보정 +0점). 2027년 미래 기상값은 생성하거나 가정하지 않았습니다.,F27-WX1 설명가능 완화추세,"2024·2026 관측자료와 ASOS 공통 조사월의 연관성을 이용한 상대 위험 전망입니다. 2026년은 부분연도이며, 2027년 실제 기상·발생·확률을 확정하지 않습니다."
배,사과애모무늬잎말이나방,해충,경상북도,71.0,69.0,68,유지,낮음,11,2024·2026,"기준선 비교: 2026 유지 68.7점, 2024·2026 가중평균 69.5점, 선택 모델(완화 추세+표본 축소) 68.3점. 지역 변화 -2.3점을 표본가중치 0.48로 같은 병해충·작물의 지역 중앙 변화 +0.0점 방향에 축소하고, 1년 연장 변화는 ±20점으로 제한했습니다. 양년 자료 있음, 공통 조사단위 4개, 유효 관측 11건, 결측률 0.0%, 단위별 변화 변동성 41.1점. 제한된 비교 단위 또는 변동성 때문에 보수적으로 낮게 평가합니다. 2024·2026 두 개 연도의 NCPMS 예찰자료만 사용한 상대 위험 전망으로, 기상·재배면적·방제 변화와 2027년 실제 발생을 확정하지 않습니다. ASOS 공통 조사월 2개에서 기온·습도·강수·풍속의 관측 연관성을 추세 연장분에만 최대 ±3점으로 제한 적용(보정 +0점). 2027년 미래 기상값은 생성하거나 가정하지 않았습니다.",고위험,68,0,-0.0062,습도,기상 근거 보강,2,ASOS 공통 조사월 2개에서 기온·습도·강수·풍속의 관측 연관성을 추세 연장분에만 최대 ±3점으로 제한 적용(보정 +0점). 2027년 미래 기상값은 생성하거나 가정하지 않았습니다.,F27-WX1 설명가능 완화추세,"2024·2026 관측자료와 ASOS 공통 조사월의 연관성을 이용한 상대 위험 전망입니다. 2026년은 부분연도이며, 2027년 실제 기상·발생·확률을 확정하지 않습니다."
배,사과애모무늬잎말이나방,해충,세종특별자치시,0.0,0.0,0,유지,보통,10,2024·2026,"기준선 비교: 2026 유지 0.0점, 2024·2026 가중평균 0.0점, 선택 모델(완화 추세+표본 축소) 0.0점. 지역 변화 +0.0점을 표본가중치 0.45로 같은 병해충·작물의 지역 중앙 변화 +0.0점 방향에 축소하고, 1년 연장 변화는 ±20점으로 제한했습니다. 양년 자료 있음, 공통 조사단위 4개, 유효 관측 10건, 결측률 0.0%, 단위별 변화 변동성 0.0점. 비교는 가능하지만 표본 또는 변동성에 불확실성이 남습니다. 2024·2026 두 개 연도의 NCPMS 예찰자료만 사용한 상대 위험 전망으로, 기상·재배면적·방제 변화와 2027년 실제 발생을 확정하지 않습니다. ASOS 공통 조사월 2개에서 기온·습도·강수·풍속의 관측 연관성을 추세 연장분에만 최대 ±3점으로 제한 적용(보정 +0점). 2027년 미래 기상값은 생성하거나 가정하지 않았습니다.",관찰,0,0,-0.0149,강수량,기상 근거 보강,2,ASOS 공통 조사월 2개에서 기온·습도·강수·풍속의 관측 연관성을 추세 연장분에만 최대 ±3점으로 제한 적용(보정 +0점). 2027년 미래 기상값은 생성하거나 가정하지 않았습니다.,F27-WX1 설명가능 완화추세,"2024·2026 관측자료와 ASOS 공통 조사월의 연관성을 이용한 상대 위험 전망입니다. 2026년은 부분연도이며, 2027년 실제 기상·발생·확률을 확정하지 않습니다."
배,사과애모무늬잎말이나방,해충,울산광역시,0.0,0.0,0,유지,보통,10,2024·2026,"기준선 비교: 2026 유지 0.0점, 2024·2026 가중평균 0.0점, 선택 모델(완화 추세+표본 축소) 0.0점. 지역 변화 +0.0점을 표본가중치 0.45로 같은 병해충·작물의 지역 중앙 변화 +0.0점 방향에 축소하고, 1년 연장 변화는 ±20점으로 제한했습니다. 양년 자료 있음, 공통 조사단위 4개, 유효 관측 10건, 결측률 0.0%, 단위별 변화 변동성 0.0점. 비교는 가능하지만 표본 또는 변동성에 불확실성이 남습니다. 2024·2026 두 개 연도의 NCPMS 예찰자료만 사용한 상대 위험 전망으로, 기상·재배면적·방제 변화와 2027년 실제 발생을 확정하지 않습니다. ASOS 공통 조사월 2개에서 기온·습도·강수·풍속의 관측 연관성을 추세 연장분에만 최대 ±3점으로 제한 적용(보정 +0점). 2027년 미래 기상값은 생성하거나 가정하지 않았습니다.",관찰,0,0,0.0082,강수량,기상 근거 보강,2,ASOS 공통 조사월 2개에서 기온·습도·강수·풍속의 관측 연관성을 추세 연장분에만 최대 ±3점으로 제한 적용(보정 +0점). 2027년 미래 기상값은 생성하거나 가정하지 않았습니다.,F27-WX1 설명가능 완화추세,"2024·2026 관측자료와 ASOS 공통 조사월의 연관성을 이용한 상대 위험 전망입니다. 2026년은 부분연도이며, 2027년 실제 기상·발생·확률을 확정하지 않습니다."
배,사과애모무늬잎말이나방,해충,전남광주통합특별시,0.0,0.0,0,유지,보통,11,2024·2026,"기준선 비교: 2026 유지 0.0점, 2024·2026 가중평균 0.0점, 선택 모델(완화 추세+표본 축소) 0.0점. 지역 변화 +0.0점을 표본가중치 0.48로 같은 병해충·작물의 지역 중앙 변화 +0.0점 방향에 축소하고, 1년 연장 변화는 ±20점으로 제한했습니다. 양년 자료 있음, 공통 조사단위 4개, 유효 관측 11건, 결측률 0.0%, 단위별 변화 변동성 0.0점. 비교는 가능하지만 표본 또는 변동성에 불확실성이 남습니다. 2024·2026 두 개 연도의 NCPMS 예찰자료만 사용한 상대 위험 전망으로, 기상·재배면적·방제 변화와 2027년 실제 발생을 확정하지 않습니다. ASOS 공통 조사월 2개에서 기온·습도·강수·풍속의 관측 연관성을 추세 연장분에만 최대 ±3점으로 제한 적용(보정 +0점). 2027년 미래 기상값은 생성하거나 가정하지 않았습니다.",관찰,0,0,0.0328,강수량,기상 근거 보강,2,ASOS 공통 조사월 2개에서 기온·습도·강수·풍속의 관측 연관성을 추세 연장분에만 최대 ±3점으로 제한 적용(보정 +0점). 2027년 미래 기상값은 생성하거나 가정하지 않았습니다.,F27-WX1 설명가능 완화추세,"2024·2026 관측자료와 ASOS 공통 조사월의 연관성을 이용한 상대 위험 전망입니다. 2026년은 부분연도이며, 2027년 실제 기상·발생·확률을 확정하지 않습니다."
배,사과애모무늬잎말이나방,해충,전북특별자치도,,14.0,,전망자료 부족,낮음,7,2026,"양년 자료 없음, 공통 조사단위 0개, 유효 관측 7건, 결측률 0.0%, 단위별 변화 변동성 100.0점. 제한된 비교 단위 또는 변동성 때문에 보수적으로 낮게 평가합니다. 2024·2026 두 개 연도의 NCPMS 예찰자료만 사용한 상대 위험 전망으로, 기상·재배면적·방제 변화와 2027년 실제 발생을 확정하지 않습니다. ASOS 공통 조사월 0개에서 기온·습도·강수·풍속의 관측 연관성을 추세 연장분에만 최대 ±3점으로 제한 적용(보정 +0점). 2027년 미래 기상값은 생성하거나 가정하지 않았습니다.",전망자료 부족,,,0.0,—,기상근거 부족,0,ASOS 공통 조사월 0개에서 기온·습도·강수·풍속의 관측 연관성을 추세 연장분에만 최대 ±3점으로 제한 적용(보정 +0점). 2027년 미래 기상값은 생성하거나 가정하지 않았습니다.,F27-WX1 설명가능 완화추세,"2024·2026 관측자료와 ASOS 공통 조사월의 연관성을 이용한 상대 위험 전망입니다. 2026년은 부분연도이며, 2027년 실제 기상·발생·확률을 확정하지 않습니다."
배,사과애모무늬잎말이나방,해충,충청남도,19.0,8.0,7,유지,보통,11,2024·2026,"기준선 비교: 2026 유지 8.5점, 2024·2026 가중평균 12.2점, 선택 모델(완화 추세+표본 축소) 6.7점. 지역 변화 -10.6점을 표본가중치 0.48로 같은 병해충·작물의 지역 중앙 변화 +0.0점 방향에 축소하고, 1년 연장 변화는 ±20점으로 제한했습니다. 양년 자료 있음, 공통 조사단위 4개, 유효 관측 11건, 결측률 0.0%, 단위별 변화 변동성 29.3점. 비교는 가능하지만 표본 또는 변동성에 불확실성이 남습니다. 2024·2026 두 개 연도의 NCPMS 예찰자료만 사용한 상대 위험 전망으로, 기상·재배면적·방제 변화와 2027년 실제 발생을 확정하지 않습니다. ASOS 공통 조사월 2개에서 기온·습도·강수·풍속의 관측 연관성을 추세 연장분에만 최대 ±3점으로 제한 적용(보정 +0점). 2027년 미래 기상값은 생성하거나 가정하지 않았습니다.",관찰,7,0,0.0177,강수량,기상 근거 보강,2,ASOS 공통 조사월 2개에서 기온·습도·강수·풍속의 관측 연관성을 추세 연장분에만 최대 ±3점으로 제한 적용(보정 +0점). 2027년 미래 기상값은 생성하거나 가정하지 않았습니다.,F27-WX1 설명가능 완화추세,"2024·2026 관측자료와 ASOS 공통 조사월의 연관성을 이용한 상대 위험 전망입니다. 2026년은 부분연도이며, 2027년 실제 기상·발생·확률을 확정하지 않습니다."
배,사과애모무늬잎말이나방,해충,충청북도,0.0,0.0,0,유지,보통,11,2024·2026,"기준선 비교: 2026 유지 0.0점, 2024·2026 가중평균 0.0점, 선택 모델(완화 추세+표본 축소) 0.0점. 지역 변화 +0.0점을 표본가중치 0.48로 같은 병해충·작물의 지역 중앙 변화 +0.0점 방향에 축소하고, 1년 연장 변화는 ±20점으로 제한했습니다. 양년 자료 있음, 공통 조사단위 4개, 유효 관측 11건, 결측률 0.0%, 단위별 변화 변동성 0.0점. 비교는 가능하지만 표본 또는 변동성에 불확실성이 남습니다. 2024·2026 두 개 연도의 NCPMS 예찰자료만 사용한 상대 위험 전망으로, 기상·재배면적·방제 변화와 2027년 실제 발생을 확정하지 않습니다. ASOS 공통 조사월 2개에서 기온·습도·강수·풍속의 관측 연관성을 추세 연장분에만 최대 ±3점으로 제한 적용(보정 +0점). 2027년 미래 기상값은 생성하거나 가정하지 않았습니다.",관찰,0,0,0.0239,강수량,기상 근거 보강,2,ASOS 공통 조사월 2개에서 기온·습도·강수·풍속의 관측 연관성을 추세 연장분에만 최대 ±3점으로 제한 적용(보정 +0점). 2027년 미래 기상값은 생성하거나 가정하지 않았습니다.,F27-WX1 설명가능 완화추세,"2024·2026 관측자료와 ASOS 공통 조사월의 연관성을 이용한 상대 위험 전망입니다. 2026년은 부분연도이며, 2027년 실제 기상·발생·확률을 확정하지 않습니다."
사과,사과애모무늬잎말이나방,해충,강원특별자치도,3.0,9.0,11,유지,보통,12,2024·2026,"기준선 비교: 2026 유지 9.3점, 2024·2026 가중평균 7.2점, 선택 모델(완화 추세+표본 축소) 11.0점. 지역 변화 +6.2점을 표본가중치 0.50로 같은 병해충·작물의 지역 중앙 변화 +3.1점 방향에 축소하고, 1년 연장 변화는 ±20점으로 제한했습니다. 양년 자료 있음, 공통 조사단위 3개, 유효 관측 12건, 결측률 0.0%, 단위별 변화 변동성 4.5점. 비교는 가능하지만 표본 또는 변동성에 불확실성이 남습니다. 2024·2026 두 개 연도의 NCPMS 예찰자료만 사용한 상대 위험 전망으로, 기상·재배면적·방제 변화와 2027년 실제 발생을 확정하지 않습니다. ASOS 공통 조사월 2개에서 기온·습도·강수·풍속의 관측 연관성을 추세 연장분에만 최대 ±3점으로 제한 적용(보정 +0점). 2027년 미래 기상값은 생성하거나 가정하지 않았습니다.",관찰,11,0,-0.026,강수량,기상 근거 보강,2,ASOS 공통 조사월 2개에서 기온·습도·강수·풍속의 관측 연관성을 추세 연장분에만 최대 ±3점으로 제한 적용(보정 +0점). 2027년 미래 기상값은 생성하거나 가정하지 않았습니다.,F27-WX1 설명가능 완화추세,"2024·2026 관측자료와 ASOS 공통 조사월의 연관성을 이용한 상대 위험 전망입니다. 2026년은 부분연도이며, 2027년 실제 기상·발생·확률을 확정하지 않습니다."
사과,사과애모무늬잎말이나방,해충,경기도,34.0,45.0,48,유지,낮음,12,2024·2026,"기준선 비교: 2026 유지 45.2점, 2024·2026 가중평균 41.4점, 선택 모델(완화 추세+표본 축소) 47.6점. 지역 변화 +10.7점을 표본가중치 0.50로 같은 병해충·작물의 지역 중앙 변화 +3.1점 방향에 축소하고, 1년 연장 변화는 ±20점으로 제한했습니다. 양년 자료 있음, 공통 조사단위 3개, 유효 관측 12건, 결측률 0.0%, 단위별 변화 변동성 51.2점. 제한된 비교 단위 또는 변동성 때문에 보수적으로 낮게 평가합니다. 2024·2026 두 개 연도의 NCPMS 예찰자료만 사용한 상대 위험 전망으로, 기상·재배면적·방제 변화와 2027년 실제 발생을 확정하지 않습니다. ASOS 공통 조사월 2개에서 기온·습도·강수·풍속의 관측 연관성을 추세 연장분에만 최대 ±3점으로 제한 적용(보정 +0점). 2027년 미래 기상값은 생성하거나 가정하지 않았습니다.",주의,48,0,0.0433,강수량,기상 근거 보강,2,ASOS 공통 조사월 2개에서 기온·습도·강수·풍속의 관측 연관성을 추세 연장분에만 최대 ±3점으로 제한 적용(보정 +0점). 2027년 미래 기상값은 생성하거나 가정하지 않았습니다.,F27-WX1 설명가능 완화추세,"2024·2026 관측자료와 ASOS 공통 조사월의 연관성을 이용한 상대 위험 전망입니다. 2026년은 부분연도이며, 2027년 실제 기상·발생·확률을 확정하지 않습니다."
사과,사과애모무늬잎말이나방,해충,경상남도,0.0,0.0,1,유지,보통,12,2024·2026,"기준선 비교: 2026 유지 0.0점, 2024·2026 가중평균 0.0점, 선택 모델(완화 추세+표본 축소) 0.5점. 지역 변화 +0.0점을 표본가중치 0.50로 같은 병해충·작물의 지역 중앙 변화 +3.1점 방향에 축소하고, 1년 연장 변화는 ±20점으로 제한했습니다. 양년 자료 있음, 공통 조사단위 3개, 유효 관측 12건, 결측률 0.0%, 단위별 변화 변동성 0.0점. 비교는 가능하지만 표본 또는 변동성에 불확실성이 남습니다. 2024·2026 두 개 연도의 NCPMS 예찰자료만 사용한 상대 위험 전망으로, 기상·재배면적·방제 변화와 2027년 실제 발생을 확정하지 않습니다. ASOS 공통 조사월 2개에서 기온·습도·강수·풍속의 관측 연관성을 추세 연장분에만 최대 ±3점으로 제한 적용(보정 +0점). 2027년 미래 기상값은 생성하거나 가정하지 않았습니다.",관찰,1,0,0.0471,강수량,기상 근거 보강,2,ASOS 공통 조사월 2개에서 기온·습도·강수·풍속의 관측 연관성을 추세 연장분에만 최대 ±3점으로 제한 적용(보정 +0점). 2027년 미래 기상값은 생성하거나 가정하지 않았습니다.,F27-WX1 설명가능 완화추세,"2024·2026 관측자료와 ASOS 공통 조사월의 연관성을 이용한 상대 위험 전망입니다. 2026년은 부분연도이며, 2027년 실제 기상·발생·확률을 확정하지 않습니다."
사과,사과애모무늬잎말이나방,해충,경상북도,17.0,62.0,70,증가,보통,12,2024·2026,"기준선 비교: 2026 유지 62.0점, 2024·2026 가중평균 46.2점, 선택 모델(완화 추세+표본 축소) 70.5점. 지역 변화 +45.1점을 표본가중치 0.50로 같은 병해충·작물의 지역 중앙 변화 +3.1점 방향에 축소하고, 1년 연장 변화는 ±20점으로 제한했습니다. 양년 자료 있음, 공통 조사단위 3개, 유효 관측 12건, 결측률 0.0%, 단위별 변화 변동성 23.3점. 비교는 가능하지만 표본 또는 변동성에 불확실성이 남습니다. 2024·2026 두 개 연도의 NCPMS 예찰자료만 사용한 상대 위험 전망으로, 기상·재배면적·방제 변화와 2027년 실제 발생을 확정하지 않습니다. ASOS 공통 조사월 2개에서 기온·습도·강수·풍속의 관측 연관성을 추세 연장분에만 최대 ±3점으로 제한 적용(보정 +0점). 2027년 미래 기상값은 생성하거나 가정하지 않았습니다.",고위험,70,0,-0.0042,강수량,기상 근거 보강,2,ASOS 공통 조사월 2개에서 기온·습도·강수·풍속의 관측 연관성을 추세 연장분에만 최대 ±3점으로 제한 적용(보정 +0점). 2027년 미래 기상값은 생성하거나 가정하지 않았습니다.,F27-WX1 설명가능 완화추세,"2024·2026 관측자료와 ASOS 공통 조사월의 연관성을 이용한 상대 위험 전망입니다. 2026년은 부분연도이며, 2027년 실제 기상·발생·확률을 확정하지 않습니다."
사과,사과애모무늬잎말이나방,해충,대구광역시,17.0,,,전망자료 부족,낮음,6,2024,"양년 자료 없음, 공통 조사단위 0개, 유효 관측 6건, 결측률 0.0%, 단위별 변화 변동성 100.0점. 제한된 비교 단위 또는 변동성 때문에 보수적으로 낮게 평가합니다. 2024·2026 두 개 연도의 NCPMS 예찰자료만 사용한 상대 위험 전망으로, 기상·재배면적·방제 변화와 2027년 실제 발생을 확정하지 않습니다. ASOS 공통 조사월 0개에서 기온·습도·강수·풍속의 관측 연관성을 추세 연장분에만 최대 ±3점으로 제한 적용(보정 +0점). 2027년 미래 기상값은 생성하거나 가정하지 않았습니다.",전망자료 부족,,,0.0,—,기상근거 부족,0,ASOS 공통 조사월 0개에서 기온·습도·강수·풍속의 관측 연관성을 추세 연장분에만 최대 ±3점으로 제한 적용(보정 +0점). 2027년 미래 기상값은 생성하거나 가정하지 않았습니다.,F27-WX1 설명가능 완화추세,"2024·2026 관측자료와 ASOS 공통 조사월의 연관성을 이용한 상대 위험 전망입니다. 2026년은 부분연도이며, 2027년 실제 기상·발생·확률을 확정하지 않습니다."
사과,사과애모무늬잎말이나방,해충,전남광주통합특별시,0.0,0.0,1,유지,보통,11,2024·2026,"기준선 비교: 2026 유지 0.0점, 2024·2026 가중평균 0.0점, 선택 모델(완화 추세+표본 축소) 0.6점. 지역 변화 +0.0점을 표본가중치 0.48로 같은 병해충·작물의 지역 중앙 변화 +3.1점 방향에 축소하고, 1년 연장 변화는 ±20점으로 제한했습니다. 양년 자료 있음, 공통 조사단위 2개, 유효 관측 11건, 결측률 0.0%, 단위별 변화 변동성 0.0점. 비교는 가능하지만 표본 또는 변동성에 불확실성이 남습니다. 2024·2026 두 개 연도의 NCPMS 예찰자료만 사용한 상대 위험 전망으로, 기상·재배면적·방제 변화와 2027년 실제 발생을 확정하지 않습니다. ASOS 공통 조사월 2개에서 기온·습도·강수·풍속의 관측 연관성을 추세 연장분에만 최대 ±3점으로 제한 적용(보정 +0점). 2027년 미래 기상값은 생성하거나 가정하지 않았습니다.",관찰,1,0,0.0383,강수량,기상 근거 보강,2,ASOS 공통 조사월 2개에서 기온·습도·강수·풍속의 관측 연관성을 추세 연장분에만 최대 ±3점으로 제한 적용(보정 +0점). 2027년 미래 기상값은 생성하거나 가정하지 않았습니다.,F27-WX1 설명가능 완화추세,"2024·2026 관측자료와 ASOS 공통 조사월의 연관성을 이용한 상대 위험 전망입니다. 2026년은 부분연도이며, 2027년 실제 기상·발생·확률을 확정하지 않습니다."
사과,사과애모무늬잎말이나방,해충,전북특별자치도,35.0,21.0,19,유지,낮음,12,2024·2026,"기준선 비교: 2026 유지 21.3점, 2024·2026 가중평균 26.1점, 선택 모델(완화 추세+표본 축소) 19.5점. 지역 변화 -13.6점을 표본가중치 0.50로 같은 병해충·작물의 지역 중앙 변화 +3.1점 방향에 축소하고, 1년 연장 변화는 ±20점으로 제한했습니다. 양년 자료 있음, 공통 조사단위 3개, 유효 관측 12건, 결측률 0.0%, 단위별 변화 변동성 68.0점. 제한된 비교 단위 또는 변동성 때문에 보수적으로 낮게 평가합니다. 2024·2026 두 개 연도의 NCPMS 예찰자료만 사용한 상대 위험 전망으로, 기상·재배면적·방제 변화와 2027년 실제 발생을 확정하지 않습니다. ASOS 공통 조사월 2개에서 기온·습도·강수·풍속의 관측 연관성을 추세 연장분에만 최대 ±3점으로 제한 적용(보정 +0점). 2027년 미래 기상값은 생성하거나 가정하지 않았습니다.",관찰,19,0,0.0273,강수량,기상 근거 보강,2,ASOS 공통 조사월 2개에서 기온·습도·강수·풍속의 관측 연관성을 추세 연장분에만 최대 ±3점으로 제한 적용(보정 +0점). 2027년 미래 기상값은 생성하거나 가정하지 않았습니다.,F27-WX1 설명가능 완화추세,"2024·2026 관측자료와 ASOS 공통 조사월의 연관성을 이용한 상대 위험 전망입니다. 2026년은 부분연도이며, 2027년 실제 기상·발생·확률을 확정하지 않습니다."
사과,사과애모무늬잎말이나방,해충,충청남도,0.0,0.0,1,유지,보통,12,2024·2026,"기준선 비교: 2026 유지 0.0점, 2024·2026 가중평균 0.0점, 선택 모델(완화 추세+표본 축소) 0.5점. 지역 변화 +0.0점을 표본가중치 0.50로 같은 병해충·작물의 지역 중앙 변화 +3.1점 방향에 축소하고, 1년 연장 변화는 ±20점으로 제한했습니다. 양년 자료 있음, 공통 조사단위 3개, 유효 관측 12건, 결측률 0.0%, 단위별 변화 변동성 0.0점. 비교는 가능하지만 표본 또는 변동성에 불확실성이 남습니다. 2024·2026 두 개 연도의 NCPMS 예찰자료만 사용한 상대 위험 전망으로, 기상·재배면적·방제 변화와 2027년 실제 발생을 확정하지 않습니다. ASOS 공통 조사월 2개에서 기온·습도·강수·풍속의 관측 연관성을 추세 연장분에만 최대 ±3점으로 제한 적용(보정 +0점). 2027년 미래 기상값은 생성하거나 가정하지 않았습니다.",관찰,1,0,0.0209,강수량,기상 근거 보강,2,ASOS 공통 조사월 2개에서 기온·습도·강수·풍속의 관측 연관성을 추세 연장분에만 최대 ±3점으로 제한 적용(보정 +0점). 2027년 미래 기상값은 생성하거나 가정하지 않았습니다.,F27-WX1 설명가능 완화추세,"2024·2026 관측자료와 ASOS 공통 조사월의 연관성을 이용한 상대 위험 전망입니다. 2026년은 부분연도이며, 2027년 실제 기상·발생·확률을 확정하지 않습니다."
사과,사과애모무늬잎말이나방,해충,충청북도,25.0,44.0,48,유지,보통,12,2024·2026,"기준선 비교: 2026 유지 44.4점, 2024·2026 가중평균 37.7점, 선택 모델(완화 추세+표본 축소) 48.3점. 지역 변화 +19.1점을 표본가중치 0.50로 같은 병해충·작물의 지역 중앙 변화 +3.1점 방향에 축소하고, 1년 연장 변화는 ±20점으로 제한했습니다. 양년 자료 있음, 공통 조사단위 3개, 유효 관측 12건, 결측률 0.0%, 단위별 변화 변동성 21.8점. 비교는 가능하지만 표본 또는 변동성에 불확실성이 남습니다. 2024·2026 두 개 연도의 NCPMS 예찰자료만 사용한 상대 위험 전망으로, 기상·재배면적·방제 변화와 2027년 실제 발생을 확정하지 않습니다. ASOS 공통 조사월 2개에서 기온·습도·강수·풍속의 관측 연관성을 추세 연장분에만 최대 ±3점으로 제한 적용(보정 +0점). 2027년 미래 기상값은 생성하거나 가정하지 않았습니다.",주의,48,0,0.027,강수량,기상 근거 보강,2,ASOS 공통 조사월 2개에서 기온·습도·강수·풍속의 관측 연관성을 추세 연장분에만 최대 ±3점으로 제한 적용(보정 +0점). 2027년 미래 기상값은 생성하거나 가정하지 않았습니다.,F27-WX1 설명가능 완화추세,"2024·2026 관측자료와 ASOS 공통 조사월의 연관성을 이용한 상대 위험 전망입니다. 2026년은 부분연도이며, 2027년 실제 기상·발생·확률을 확정하지 않습니다."
사과,사과응애,기타,강원특별자치도,0.0,,,전망자료 부족,낮음,3,2024,"양년 자료 없음, 공통 조사단위 0개, 유효 관측 3건, 결측률 0.0%, 단위별 변화 변동성 100.0점. 제한된 비교 단위 또는 변동성 때문에 보수적으로 낮게 평가합니다. 2024·2026 두 개 연도의 NCPMS 예찰자료만 사용한 상대 위험 전망으로, 기상·재배면적·방제 변화와 2027년 실제 발생을 확정하지 않습니다. ASOS 공통 조사월 0개에서 기온·습도·강수·풍속의 관측 연관성을 추세 연장분에만 최대 ±3점으로 제한 적용(보정 +0점). 2027년 미래 기상값은 생성하거나 가정하지 않았습니다.",전망자료 부족,,,0.0,—,기상근거 부족,0,ASOS 공통 조사월 0개에서 기온·습도·강수·풍속의 관측 연관성을 추세 연장분에만 최대 ±3점으로 제한 적용(보정 +0점). 2027년 미래 기상값은 생성하거나 가정하지 않았습니다.,F27-WX1 설명가능 완화추세,"2024·2026 관측자료와 ASOS 공통 조사월의 연관성을 이용한 상대 위험 전망입니다. 2026년은 부분연도이며, 2027년 실제 기상·발생·확률을 확정하지 않습니다."
사과,사과응애,기타,경기도,0.0,,,전망자료 부족,낮음,3,2024,"양년 자료 없음, 공통 조사단위 0개, 유효 관측 3건, 결측률 0.0%, 단위별 변화 변동성 100.0점. 제한된 비교 단위 또는 변동성 때문에 보수적으로 낮게 평가합니다. 2024·2026 두 개 연도의 NCPMS 예찰자료만 사용한 상대 위험 전망으로, 기상·재배면적·방제 변화와 2027년 실제 발생을 확정하지 않습니다. ASOS 공통 조사월 0개에서 기온·습도·강수·풍속의 관측 연관성을 추세 연장분에만 최대 ±3점으로 제한 적용(보정 +0점). 2027년 미래 기상값은 생성하거나 가정하지 않았습니다.",전망자료 부족,,,0.0,—,기상근거 부족,0,ASOS 공통 조사월 0개에서 기온·습도·강수·풍속의 관측 연관성을 추세 연장분에만 최대 ±3점으로 제한 적용(보정 +0점). 2027년 미래 기상값은 생성하거나 가정하지 않았습니다.,F27-WX1 설명가능 완화추세,"2024·2026 관측자료와 ASOS 공통 조사월의 연관성을 이용한 상대 위험 전망입니다. 2026년은 부분연도이며, 2027년 실제 기상·발생·확률을 확정하지 않습니다."
사과,사과응애,기타,경상남도,0.0,,,전망자료 부족,낮음,3,2024,"양년 자료 없음, 공통 조사단위 0개, 유효 관측 3건, 결측률 0.0%, 단위별 변화 변동성 100.0점. 제한된 비교 단위 또는 변동성 때문에 보수적으로 낮게 평가합니다. 2024·2026 두 개 연도의 NCPMS 예찰자료만 사용한 상대 위험 전망으로, 기상·재배면적·방제 변화와 2027년 실제 발생을 확정하지 않습니다. ASOS 공통 조사월 0개에서 기온·습도·강수·풍속의 관측 연관성을 추세 연장분에만 최대 ±3점으로 제한 적용(보정 +0점). 2027년 미래 기상값은 생성하거나 가정하지 않았습니다.",전망자료 부족,,,0.0,—,기상근거 부족,0,ASOS 공통 조사월 0개에서 기온·습도·강수·풍속의 관측 연관성을 추세 연장분에만 최대 ±3점으로 제한 적용(보정 +0점). 2027년 미래 기상값은 생성하거나 가정하지 않았습니다.,F27-WX1 설명가능 완화추세,"2024·2026 관측자료와 ASOS 공통 조사월의 연관성을 이용한 상대 위험 전망입니다. 2026년은 부분연도이며, 2027년 실제 기상·발생·확률을 확정하지 않습니다."
사과,사과응애,기타,경상북도,17.0,,,전망자료 부족,낮음,3,2024,"양년 자료 없음, 공통 조사단위 0개, 유효 관측 3건, 결측률 0.0%, 단위별 변화 변동성 100.0점. 제한된 비교 단위 또는 변동성 때문에 보수적으로 낮게 평가합니다. 2024·2026 두 개 연도의 NCPMS 예찰자료만 사용한 상대 위험 전망으로, 기상·재배면적·방제 변화와 2027년 실제 발생을 확정하지 않습니다. ASOS 공통 조사월 0개에서 기온·습도·강수·풍속의 관측 연관성을 추세 연장분에만 최대 ±3점으로 제한 적용(보정 +0점). 2027년 미래 기상값은 생성하거나 가정하지 않았습니다.",전망자료 부족,,,0.0,—,기상근거 부족,0,ASOS 공통 조사월 0개에서 기온·습도·강수·풍속의 관측 연관성을 추세 연장분에만 최대 ±3점으로 제한 적용(보정 +0점). 2027년 미래 기상값은 생성하거나 가정하지 않았습니다.,F27-WX1 설명가능 완화추세,"2024·2026 관측자료와 ASOS 공통 조사월의 연관성을 이용한 상대 위험 전망입니다. 2026년은 부분연도이며, 2027년 실제 기상·발생·확률을 확정하지 않습니다."
사과,사과응애,기타,대구광역시,33.0,,,전망자료 부족,낮음,3,2024,"양년 자료 없음, 공통 조사단위 0개, 유효 관측 3건, 결측률 0.0%, 단위별 변화 변동성 100.0점. 제한된 비교 단위 또는 변동성 때문에 보수적으로 낮게 평가합니다. 2024·2026 두 개 연도의 NCPMS 예찰자료만 사용한 상대 위험 전망으로, 기상·재배면적·방제 변화와 2027년 실제 발생을 확정하지 않습니다. ASOS 공통 조사월 0개에서 기온·습도·강수·풍속의 관측 연관성을 추세 연장분에만 최대 ±3점으로 제한 적용(보정 +0점). 2027년 미래 기상값은 생성하거나 가정하지 않았습니다.",전망자료 부족,,,0.0,—,기상근거 부족,0,ASOS 공통 조사월 0개에서 기온·습도·강수·풍속의 관측 연관성을 추세 연장분에만 최대 ±3점으로 제한 적용(보정 +0점). 2027년 미래 기상값은 생성하거나 가정하지 않았습니다.,F27-WX1 설명가능 완화추세,"2024·2026 관측자료와 ASOS 공통 조사월의 연관성을 이용한 상대 위험 전망입니다. 2026년은 부분연도이며, 2027년 실제 기상·발생·확률을 확정하지 않습니다."
사과,사과응애,기타,전남광주통합특별시,0.0,,,전망자료 부족,낮음,3,2024,"양년 자료 없음, 공통 조사단위 0개, 유효 관측 3건, 결측률 0.0%, 단위별 변화 변동성 100.0점. 제한된 비교 단위 또는 변동성 때문에 보수적으로 낮게 평가합니다. 2024·2026 두 개 연도의 NCPMS 예찰자료만 사용한 상대 위험 전망으로, 기상·재배면적·방제 변화와 2027년 실제 발생을 확정하지 않습니다. ASOS 공통 조사월 0개에서 기온·습도·강수·풍속의 관측 연관성을 추세 연장분에만 최대 ±3점으로 제한 적용(보정 +0점). 2027년 미래 기상값은 생성하거나 가정하지 않았습니다.",전망자료 부족,,,0.0,—,기상근거 부족,0,ASOS 공통 조사월 0개에서 기온·습도·강수·풍속의 관측 연관성을 추세 연장분에만 최대 ±3점으로 제한 적용(보정 +0점). 2027년 미래 기상값은 생성하거나 가정하지 않았습니다.,F27-WX1 설명가능 완화추세,"2024·2026 관측자료와 ASOS 공통 조사월의 연관성을 이용한 상대 위험 전망입니다. 2026년은 부분연도이며, 2027년 실제 기상·발생·확률을 확정하지 않습니다."
사과,사과응애,기타,전북특별자치도,61.0,,,전망자료 부족,낮음,3,2024,"양년 자료 없음, 공통 조사단위 0개, 유효 관측 3건, 결측률 0.0%, 단위별 변화 변동성 100.0점. 제한된 비교 단위 또는 변동성 때문에 보수적으로 낮게 평가합니다. 2024·2026 두 개 연도의 NCPMS 예찰자료만 사용한 상대 위험 전망으로, 기상·재배면적·방제 변화와 2027년 실제 발생을 확정하지 않습니다. ASOS 공통 조사월 0개에서 기온·습도·강수·풍속의 관측 연관성을 추세 연장분에만 최대 ±3점으로 제한 적용(보정 +0점). 2027년 미래 기상값은 생성하거나 가정하지 않았습니다.",전망자료 부족,,,0.0,—,기상근거 부족,0,ASOS 공통 조사월 0개에서 기온·습도·강수·풍속의 관측 연관성을 추세 연장분에만 최대 ±3점으로 제한 적용(보정 +0점). 2027년 미래 기상값은 생성하거나 가정하지 않았습니다.,F27-WX1 설명가능 완화추세,"2024·2026 관측자료와 ASOS 공통 조사월의 연관성을 이용한 상대 위험 전망입니다. 2026년은 부분연도이며, 2027년 실제 기상·발생·확률을 확정하지 않습니다."
사과,사과응애,기타,충청남도,0.0,,,전망자료 부족,낮음,3,2024,"양년 자료 없음, 공통 조사단위 0개, 유효 관측 3건, 결측률 0.0%, 단위별 변화 변동성 100.0점. 제한된 비교 단위 또는 변동성 때문에 보수적으로 낮게 평가합니다. 2024·2026 두 개 연도의 NCPMS 예찰자료만 사용한 상대 위험 전망으로, 기상·재배면적·방제 변화와 2027년 실제 발생을 확정하지 않습니다. ASOS 공통 조사월 0개에서 기온·습도·강수·풍속의 관측 연관성을 추세 연장분에만 최대 ±3점으로 제한 적용(보정 +0점). 2027년 미래 기상값은 생성하거나 가정하지 않았습니다.",전망자료 부족,,,0.0,—,기상근거 부족,0,ASOS 공통 조사월 0개에서 기온·습도·강수·풍속의 관측 연관성을 추세 연장분에만 최대 ±3점으로 제한 적용(보정 +0점). 2027년 미래 기상값은 생성하거나 가정하지 않았습니다.,F27-WX1 설명가능 완화추세,"2024·2026 관측자료와 ASOS 공통 조사월의 연관성을 이용한 상대 위험 전망입니다. 2026년은 부분연도이며, 2027년 실제 기상·발생·확률을 확정하지 않습니다."
사과,사과응애,기타,충청북도,8.0,,,전망자료 부족,낮음,3,2024,"양년 자료 없음, 공통 조사단위 0개, 유효 관측 3건, 결측률 0.0%, 단위별 변화 변동성 100.0점. 제한된 비교 단위 또는 변동성 때문에 보수적으로 낮게 평가합니다. 2024·2026 두 개 연도의 NCPMS 예찰자료만 사용한 상대 위험 전망으로, 기상·재배면적·방제 변화와 2027년 실제 발생을 확정하지 않습니다. ASOS 공통 조사월 0개에서 기온·습도·강수·풍속의 관측 연관성을 추세 연장분에만 최대 ±3점으로 제한 적용(보정 +0점). 2027년 미래 기상값은 생성하거나 가정하지 않았습니다.",전망자료 부족,,,0.0,—,기상근거 부족,0,ASOS 공통 조사월 0개에서 기온·습도·강수·풍속의 관측 연관성을 추세 연장분에만 최대 ±3점으로 제한 적용(보정 +0점). 2027년 미래 기상값은 생성하거나 가정하지 않았습니다.,F27-WX1 설명가능 완화추세,"2024·2026 관측자료와 ASOS 공통 조사월의 연관성을 이용한 상대 위험 전망입니다. 2026년은 부분연도이며, 2027년 실제 기상·발생·확률을 확정하지 않습니다."
사과,사과혹진딧물,기타,강원특별자치도,0.0,,,전망자료 부족,낮음,3,2024,"양년 자료 없음, 공통 조사단위 0개, 유효 관측 3건, 결측률 0.0%, 단위별 변화 변동성 100.0점. 제한된 비교 단위 또는 변동성 때문에 보수적으로 낮게 평가합니다. 2024·2026 두 개 연도의 NCPMS 예찰자료만 사용한 상대 위험 전망으로, 기상·재배면적·방제 변화와 2027년 실제 발생을 확정하지 않습니다. ASOS 공통 조사월 0개에서 기온·습도·강수·풍속의 관측 연관성을 추세 연장분에만 최대 ±3점으로 제한 적용(보정 +0점). 2027년 미래 기상값은 생성하거나 가정하지 않았습니다.",전망자료 부족,,,0.0,—,기상근거 부족,0,ASOS 공통 조사월 0개에서 기온·습도·강수·풍속의 관측 연관성을 추세 연장분에만 최대 ±3점으로 제한 적용(보정 +0점). 2027년 미래 기상값은 생성하거나 가정하지 않았습니다.,F27-WX1 설명가능 완화추세,"2024·2026 관측자료와 ASOS 공통 조사월의 연관성을 이용한 상대 위험 전망입니다. 2026년은 부분연도이며, 2027년 실제 기상·발생·확률을 확정하지 않습니다."
사과,사과혹진딧물,기타,경기도,33.0,,,전망자료 부족,낮음,3,2024,"양년 자료 없음, 공통 조사단위 0개, 유효 관측 3건, 결측률 0.0%, 단위별 변화 변동성 100.0점. 제한된 비교 단위 또는 변동성 때문에 보수적으로 낮게 평가합니다. 2024·2026 두 개 연도의 NCPMS 예찰자료만 사용한 상대 위험 전망으로, 기상·재배면적·방제 변화와 2027년 실제 발생을 확정하지 않습니다. ASOS 공통 조사월 0개에서 기온·습도·강수·풍속의 관측 연관성을 추세 연장분에만 최대 ±3점으로 제한 적용(보정 +0점). 2027년 미래 기상값은 생성하거나 가정하지 않았습니다.",전망자료 부족,,,0.0,—,기상근거 부족,0,ASOS 공통 조사월 0개에서 기온·습도·강수·풍속의 관측 연관성을 추세 연장분에만 최대 ±3점으로 제한 적용(보정 +0점). 2027년 미래 기상값은 생성하거나 가정하지 않았습니다.,F27-WX1 설명가능 완화추세,"2024·2026 관측자료와 ASOS 공통 조사월의 연관성을 이용한 상대 위험 전망입니다. 2026년은 부분연도이며, 2027년 실제 기상·발생·확률을 확정하지 않습니다."
사과,사과혹진딧물,기타,경상남도,0.0,,,전망자료 부족,낮음,3,2024,"양년 자료 없음, 공통 조사단위 0개, 유효 관측 3건, 결측률 0.0%, 단위별 변화 변동성 100.0점. 제한된 비교 단위 또는 변동성 때문에 보수적으로 낮게 평가합니다. 2024·2026 두 개 연도의 NCPMS 예찰자료만 사용한 상대 위험 전망으로, 기상·재배면적·방제 변화와 2027년 실제 발생을 확정하지 않습니다. ASOS 공통 조사월 0개에서 기온·습도·강수·풍속의 관측 연관성을 추세 연장분에만 최대 ±3점으로 제한 적용(보정 +0점). 2027년 미래 기상값은 생성하거나 가정하지 않았습니다.",전망자료 부족,,,0.0,—,기상근거 부족,0,ASOS 공통 조사월 0개에서 기온·습도·강수·풍속의 관측 연관성을 추세 연장분에만 최대 ±3점으로 제한 적용(보정 +0점). 2027년 미래 기상값은 생성하거나 가정하지 않았습니다.,F27-WX1 설명가능 완화추세,"2024·2026 관측자료와 ASOS 공통 조사월의 연관성을 이용한 상대 위험 전망입니다. 2026년은 부분연도이며, 2027년 실제 기상·발생·확률을 확정하지 않습니다."
사과,사과혹진딧물,기타,경상북도,33.0,,,전망자료 부족,낮음,3,2024,"양년 자료 없음, 공통 조사단위 0개, 유효 관측 3건, 결측률 0.0%, 단위별 변화 변동성 100.0점. 제한된 비교 단위 또는 변동성 때문에 보수적으로 낮게 평가합니다. 2024·2026 두 개 연도의 NCPMS 예찰자료만 사용한 상대 위험 전망으로, 기상·재배면적·방제 변화와 2027년 실제 발생을 확정하지 않습니다. ASOS 공통 조사월 0개에서 기온·습도·강수·풍속의 관측 연관성을 추세 연장분에만 최대 ±3점으로 제한 적용(보정 +0점). 2027년 미래 기상값은 생성하거나 가정하지 않았습니다.",전망자료 부족,,,0.0,—,기상근거 부족,0,ASOS 공통 조사월 0개에서 기온·습도·강수·풍속의 관측 연관성을 추세 연장분에만 최대 ±3점으로 제한 적용(보정 +0점). 2027년 미래 기상값은 생성하거나 가정하지 않았습니다.,F27-WX1 설명가능 완화추세,"2024·2026 관측자료와 ASOS 공통 조사월의 연관성을 이용한 상대 위험 전망입니다. 2026년은 부분연도이며, 2027년 실제 기상·발생·확률을 확정하지 않습니다."
사과,사과혹진딧물,기타,대구광역시,0.0,,,전망자료 부족,낮음,3,2024,"양년 자료 없음, 공통 조사단위 0개, 유효 관측 3건, 결측률 0.0%, 단위별 변화 변동성 100.0점. 제한된 비교 단위 또는 변동성 때문에 보수적으로 낮게 평가합니다. 2024·2026 두 개 연도의 NCPMS 예찰자료만 사용한 상대 위험 전망으로, 기상·재배면적·방제 변화와 2027년 실제 발생을 확정하지 않습니다. ASOS 공통 조사월 0개에서 기온·습도·강수·풍속의 관측 연관성을 추세 연장분에만 최대 ±3점으로 제한 적용(보정 +0점). 2027년 미래 기상값은 생성하거나 가정하지 않았습니다.",전망자료 부족,,,0.0,—,기상근거 부족,0,ASOS 공통 조사월 0개에서 기온·습도·강수·풍속의 관측 연관성을 추세 연장분에만 최대 ±3점으로 제한 적용(보정 +0점). 2027년 미래 기상값은 생성하거나 가정하지 않았습니다.,F27-WX1 설명가능 완화추세,"2024·2026 관측자료와 ASOS 공통 조사월의 연관성을 이용한 상대 위험 전망입니다. 2026년은 부분연도이며, 2027년 실제 기상·발생·확률을 확정하지 않습니다."
사과,사과혹진딧물,기타,전남광주통합특별시,0.0,,,전망자료 부족,낮음,3,2024,"양년 자료 없음, 공통 조사단위 0개, 유효 관측 3건, 결측률 0.0%, 단위별 변화 변동성 100.0점. 제한된 비교 단위 또는 변동성 때문에 보수적으로 낮게 평가합니다. 2024·2026 두 개 연도의 NCPMS 예찰자료만 사용한 상대 위험 전망으로, 기상·재배면적·방제 변화와 2027년 실제 발생을 확정하지 않습니다. ASOS 공통 조사월 0개에서 기온·습도·강수·풍속의 관측 연관성을 추세 연장분에만 최대 ±3점으로 제한 적용(보정 +0점). 2027년 미래 기상값은 생성하거나 가정하지 않았습니다.",전망자료 부족,,,0.0,—,기상근거 부족,0,ASOS 공통 조사월 0개에서 기온·습도·강수·풍속의 관측 연관성을 추세 연장분에만 최대 ±3점으로 제한 적용(보정 +0점). 2027년 미래 기상값은 생성하거나 가정하지 않았습니다.,F27-WX1 설명가능 완화추세,"2024·2026 관측자료와 ASOS 공통 조사월의 연관성을 이용한 상대 위험 전망입니다. 2026년은 부분연도이며, 2027년 실제 기상·발생·확률을 확정하지 않습니다."
사과,사과혹진딧물,기타,전북특별자치도,29.0,,,전망자료 부족,낮음,3,2024,"양년 자료 없음, 공통 조사단위 0개, 유효 관측 3건, 결측률 0.0%, 단위별 변화 변동성 100.0점. 제한된 비교 단위 또는 변동성 때문에 보수적으로 낮게 평가합니다. 2024·2026 두 개 연도의 NCPMS 예찰자료만 사용한 상대 위험 전망으로, 기상·재배면적·방제 변화와 2027년 실제 발생을 확정하지 않습니다. ASOS 공통 조사월 0개에서 기온·습도·강수·풍속의 관측 연관성을 추세 연장분에만 최대 ±3점으로 제한 적용(보정 +0점). 2027년 미래 기상값은 생성하거나 가정하지 않았습니다.",전망자료 부족,,,0.0,—,기상근거 부족,0,ASOS 공통 조사월 0개에서 기온·습도·강수·풍속의 관측 연관성을 추세 연장분에만 최대 ±3점으로 제한 적용(보정 +0점). 2027년 미래 기상값은 생성하거나 가정하지 않았습니다.,F27-WX1 설명가능 완화추세,"2024·2026 관측자료와 ASOS 공통 조사월의 연관성을 이용한 상대 위험 전망입니다. 2026년은 부분연도이며, 2027년 실제 기상·발생·확률을 확정하지 않습니다."
사과,사과혹진딧물,기타,충청남도,4.0,,,전망자료 부족,낮음,3,2024,"양년 자료 없음, 공통 조사단위 0개, 유효 관측 3건, 결측률 0.0%, 단위별 변화 변동성 100.0점. 제한된 비교 단위 또는 변동성 때문에 보수적으로 낮게 평가합니다. 2024·2026 두 개 연도의 NCPMS 예찰자료만 사용한 상대 위험 전망으로, 기상·재배면적·방제 변화와 2027년 실제 발생을 확정하지 않습니다. ASOS 공통 조사월 0개에서 기온·습도·강수·풍속의 관측 연관성을 추세 연장분에만 최대 ±3점으로 제한 적용(보정 +0점). 2027년 미래 기상값은 생성하거나 가정하지 않았습니다.",전망자료 부족,,,0.0,—,기상근거 부족,0,ASOS 공통 조사월 0개에서 기온·습도·강수·풍속의 관측 연관성을 추세 연장분에만 최대 ±3점으로 제한 적용(보정 +0점). 2027년 미래 기상값은 생성하거나 가정하지 않았습니다.,F27-WX1 설명가능 완화추세,"2024·2026 관측자료와 ASOS 공통 조사월의 연관성을 이용한 상대 위험 전망입니다. 2026년은 부분연도이며, 2027년 실제 기상·발생·확률을 확정하지 않습니다."
사과,사과혹진딧물,기타,충청북도,71.0,,,전망자료 부족,낮음,3,2024,"양년 자료 없음, 공통 조사단위 0개, 유효 관측 3건, 결측률 0.0%, 단위별 변화 변동성 100.0점. 제한된 비교 단위 또는 변동성 때문에 보수적으로 낮게 평가합니다. 2024·2026 두 개 연도의 NCPMS 예찰자료만 사용한 상대 위험 전망으로, 기상·재배면적·방제 변화와 2027년 실제 발생을 확정하지 않습니다. ASOS 공통 조사월 0개에서 기온·습도·강수·풍속의 관측 연관성을 추세 연장분에만 최대 ±3점으로 제한 적용(보정 +0점). 2027년 미래 기상값은 생성하거나 가정하지 않았습니다.",전망자료 부족,,,0.0,—,기상근거 부족,0,ASOS 공통 조사월 0개에서 기온·습도·강수·풍속의 관측 연관성을 추세 연장분에만 최대 ±3점으로 제한 적용(보정 +0점). 2027년 미래 기상값은 생성하거나 가정하지 않았습니다.,F27-WX1 설명가능 완화추세,"2024·2026 관측자료와 ASOS 공통 조사월의 연관성을 이용한 상대 위험 전망입니다. 2026년은 부분연도이며, 2027년 실제 기상·발생·확률을 확정하지 않습니다."
복숭아,세균구멍병,병해,강원특별자치도,21.0,42.0,48,증가,보통,13,2024·2026,"기준선 비교: 2026 유지 42.2점, 2024·2026 가중평균 34.9점, 선택 모델(완화 추세+표본 축소) 48.0점. 지역 변화 +20.9점을 표본가중치 0.52로 같은 병해충·작물의 지역 중앙 변화 +12.0점 방향에 축소하고, 1년 연장 변화는 ±20점으로 제한했습니다. 양년 자료 있음, 공통 조사단위 3개, 유효 관측 13건, 결측률 0.0%, 단위별 변화 변동성 16.8점. 비교는 가능하지만 표본 또는 변동성에 불확실성이 남습니다. 2024·2026 두 개 연도의 NCPMS 예찰자료만 사용한 상대 위험 전망으로, 기상·재배면적·방제 변화와 2027년 실제 발생을 확정하지 않습니다. ASOS 공통 조사월 2개에서 기온·습도·강수·풍속의 관측 연관성을 추세 연장분에만 최대 ±3점으로 제한 적용(보정 +0점). 2027년 미래 기상값은 생성하거나 가정하지 않았습니다.",주의,48,0,0.0278,습도,기상 근거 보강,2,ASOS 공통 조사월 2개에서 기온·습도·강수·풍속의 관측 연관성을 추세 연장분에만 최대 ±3점으로 제한 적용(보정 +0점). 2027년 미래 기상값은 생성하거나 가정하지 않았습니다.,F27-WX1 설명가능 완화추세,"2024·2026 관측자료와 ASOS 공통 조사월의 연관성을 이용한 상대 위험 전망입니다. 2026년은 부분연도이며, 2027년 실제 기상·발생·확률을 확정하지 않습니다."
복숭아,세균구멍병,병해,경기도,27.0,3.0,1,유지,보통,15,2024·2026,"기준선 비교: 2026 유지 3.4점, 2024·2026 가중평균 11.6점, 선택 모델(완화 추세+표본 축소) 0.8점. 지역 변화 -23.3점을 표본가중치 0.56로 같은 병해충·작물의 지역 중앙 변화 +12.0점 방향에 축소하고, 1년 연장 변화는 ±20점으로 제한했습니다. 양년 자료 있음, 공통 조사단위 4개, 유효 관측 15건, 결측률 0.0%, 단위별 변화 변동성 25.4점. 비교는 가능하지만 표본 또는 변동성에 불확실성이 남습니다. 2024·2026 두 개 연도의 NCPMS 예찰자료만 사용한 상대 위험 전망으로, 기상·재배면적·방제 변화와 2027년 실제 발생을 확정하지 않습니다. ASOS 공통 조사월 2개에서 기온·습도·강수·풍속의 관측 연관성을 추세 연장분에만 최대 ±3점으로 제한 적용(보정 +0점). 2027년 미래 기상값은 생성하거나 가정하지 않았습니다.",관찰,1,0,-0.0218,습도,기상 근거 보강,2,ASOS 공통 조사월 2개에서 기온·습도·강수·풍속의 관측 연관성을 추세 연장분에만 최대 ±3점으로 제한 적용(보정 +0점). 2027년 미래 기상값은 생성하거나 가정하지 않았습니다.,F27-WX1 설명가능 완화추세,"2024·2026 관측자료와 ASOS 공통 조사월의 연관성을 이용한 상대 위험 전망입니다. 2026년은 부분연도이며, 2027년 실제 기상·발생·확률을 확정하지 않습니다."
복숭아,세균구멍병,병해,경상남도,50.0,35.0,35,유지,보통,15,2024·2026,"기준선 비교: 2026 유지 35.5점, 2024·2026 가중평균 40.6점, 선택 모델(완화 추세+표본 축소) 34.5점. 지역 변화 -14.6점을 표본가중치 0.56로 같은 병해충·작물의 지역 중앙 변화 +12.0점 방향에 축소하고, 1년 연장 변화는 ±20점으로 제한했습니다. 양년 자료 있음, 공통 조사단위 4개, 유효 관측 15건, 결측률 0.0%, 단위별 변화 변동성 31.6점. 비교는 가능하지만 표본 또는 변동성에 불확실성이 남습니다. 2024·2026 두 개 연도의 NCPMS 예찰자료만 사용한 상대 위험 전망으로, 기상·재배면적·방제 변화와 2027년 실제 발생을 확정하지 않습니다. ASOS 공통 조사월 2개에서 기온·습도·강수·풍속의 관측 연관성을 추세 연장분에만 최대 ±3점으로 제한 적용(보정 +0점). 2027년 미래 기상값은 생성하거나 가정하지 않았습니다.",주의,35,0,0.0294,습도,기상 근거 보강,2,ASOS 공통 조사월 2개에서 기온·습도·강수·풍속의 관측 연관성을 추세 연장분에만 최대 ±3점으로 제한 적용(보정 +0점). 2027년 미래 기상값은 생성하거나 가정하지 않았습니다.,F27-WX1 설명가능 완화추세,"2024·2026 관측자료와 ASOS 공통 조사월의 연관성을 이용한 상대 위험 전망입니다. 2026년은 부분연도이며, 2027년 실제 기상·발생·확률을 확정하지 않습니다."
복숭아,세균구멍병,병해,경상북도,23.0,10.0,9,유지,보통,15,2024·2026,"기준선 비교: 2026 유지 9.9점, 2024·2026 가중평균 14.4점, 선택 모델(완화 추세+표본 축소) 9.2점. 지역 변화 -13.0점을 표본가중치 0.56로 같은 병해충·작물의 지역 중앙 변화 +12.0점 방향에 축소하고, 1년 연장 변화는 ±20점으로 제한했습니다. 양년 자료 있음, 공통 조사단위 4개, 유효 관측 15건, 결측률 0.0%, 단위별 변화 변동성 10.6점. 비교는 가능하지만 표본 또는 변동성에 불확실성이 남습니다. 2024·2026 두 개 연도의 NCPMS 예찰자료만 사용한 상대 위험 전망으로, 기상·재배면적·방제 변화와 2027년 실제 발생을 확정하지 않습니다. ASOS 공통 조사월 2개에서 기온·습도·강수·풍속의 관측 연관성을 추세 연장분에만 최대 ±3점으로 제한 적용(보정 +0점). 2027년 미래 기상값은 생성하거나 가정하지 않았습니다.",관찰,9,0,0.0301,습도,기상 근거 보강,2,ASOS 공통 조사월 2개에서 기온·습도·강수·풍속의 관측 연관성을 추세 연장분에만 최대 ±3점으로 제한 적용(보정 +0점). 2027년 미래 기상값은 생성하거나 가정하지 않았습니다.,F27-WX1 설명가능 완화추세,"2024·2026 관측자료와 ASOS 공통 조사월의 연관성을 이용한 상대 위험 전망입니다. 2026년은 부분연도이며, 2027년 실제 기상·발생·확률을 확정하지 않습니다."
복숭아,세균구멍병,병해,세종특별자치시,5.0,22.0,27,증가,보통,14,2024·2026,"기준선 비교: 2026 유지 22.0점, 2024·2026 가중평균 16.1점, 선택 모델(완화 추세+표본 축소) 27.2점. 지역 변화 +17.0점을 표본가중치 0.54로 같은 병해충·작물의 지역 중앙 변화 +12.0점 방향에 축소하고, 1년 연장 변화는 ±20점으로 제한했습니다. 양년 자료 있음, 공통 조사단위 4개, 유효 관측 14건, 결측률 0.0%, 단위별 변화 변동성 16.6점. 비교는 가능하지만 표본 또는 변동성에 불확실성이 남습니다. 2024·2026 두 개 연도의 NCPMS 예찰자료만 사용한 상대 위험 전망으로, 기상·재배면적·방제 변화와 2027년 실제 발생을 확정하지 않습니다. ASOS 공통 조사월 2개에서 기온·습도·강수·풍속의 관측 연관성을 추세 연장분에만 최대 ±3점으로 제한 적용(보정 +0점). 2027년 미래 기상값은 생성하거나 가정하지 않았습니다.",관찰,27,0,0.0336,습도,기상 근거 보강,2,ASOS 공통 조사월 2개에서 기온·습도·강수·풍속의 관측 연관성을 추세 연장분에만 최대 ±3점으로 제한 적용(보정 +0점). 2027년 미래 기상값은 생성하거나 가정하지 않았습니다.,F27-WX1 설명가능 완화추세,"2024·2026 관측자료와 ASOS 공통 조사월의 연관성을 이용한 상대 위험 전망입니다. 2026년은 부분연도이며, 2027년 실제 기상·발생·확률을 확정하지 않습니다."
복숭아,세균구멍병,병해,전남광주통합특별시,81.0,8.0,0,감소,보통,11,2024·2026,"기준선 비교: 2026 유지 8.3점, 2024·2026 가중평균 33.6점, 선택 모델(완화 추세+표본 축소) 0.0점. 지역 변화 -72.2점을 표본가중치 0.48로 같은 병해충·작물의 지역 중앙 변화 +12.0점 방향에 축소하고, 1년 연장 변화는 ±20점으로 제한했습니다. 양년 자료 있음, 공통 조사단위 2개, 유효 관측 11건, 결측률 0.0%, 단위별 변화 변동성 6.5점. 비교는 가능하지만 표본 또는 변동성에 불확실성이 남습니다. 2024·2026 두 개 연도의 NCPMS 예찰자료만 사용한 상대 위험 전망으로, 기상·재배면적·방제 변화와 2027년 실제 발생을 확정하지 않습니다. ASOS 공통 조사월 1개에서 기온·습도·강수·풍속의 관측 연관성을 추세 연장분에만 최대 ±3점으로 제한 적용(보정 +0점). 2027년 미래 기상값은 생성하거나 가정하지 않았습니다.",관찰,0,0,-0.0231,습도,기상 근거 보강,1,ASOS 공통 조사월 1개에서 기온·습도·강수·풍속의 관측 연관성을 추세 연장분에만 최대 ±3점으로 제한 적용(보정 +0점). 2027년 미래 기상값은 생성하거나 가정하지 않았습니다.,F27-WX1 설명가능 완화추세,"2024·2026 관측자료와 ASOS 공통 조사월의 연관성을 이용한 상대 위험 전망입니다. 2026년은 부분연도이며, 2027년 실제 기상·발생·확률을 확정하지 않습니다."
복숭아,세균구멍병,병해,전북특별자치도,3.0,38.0,46,증가,보통,15,2024·2026,"기준선 비교: 2026 유지 37.6점, 2024·2026 가중평균 25.6점, 선택 모델(완화 추세+표본 축소) 46.1점. 지역 변화 +34.2점을 표본가중치 0.56로 같은 병해충·작물의 지역 중앙 변화 +12.0점 방향에 축소하고, 1년 연장 변화는 ±20점으로 제한했습니다. 양년 자료 있음, 공통 조사단위 4개, 유효 관측 15건, 결측률 0.0%, 단위별 변화 변동성 9.1점. 비교는 가능하지만 표본 또는 변동성에 불확실성이 남습니다. 2024·2026 두 개 연도의 NCPMS 예찰자료만 사용한 상대 위험 전망으로, 기상·재배면적·방제 변화와 2027년 실제 발생을 확정하지 않습니다. ASOS 공통 조사월 2개에서 기온·습도·강수·풍속의 관측 연관성을 추세 연장분에만 최대 ±3점으로 제한 적용(보정 +0점). 2027년 미래 기상값은 생성하거나 가정하지 않았습니다.",주의,46,0,0.0231,기온,기상 근거 보강,2,ASOS 공통 조사월 2개에서 기온·습도·강수·풍속의 관측 연관성을 추세 연장분에만 최대 ±3점으로 제한 적용(보정 +0점). 2027년 미래 기상값은 생성하거나 가정하지 않았습니다.,F27-WX1 설명가능 완화추세,"2024·2026 관측자료와 ASOS 공통 조사월의 연관성을 이용한 상대 위험 전망입니다. 2026년은 부분연도이며, 2027년 실제 기상·발생·확률을 확정하지 않습니다."
복숭아,세균구멍병,병해,충청남도,4.0,47.0,57,증가,낮음,15,2024·2026,"기준선 비교: 2026 유지 46.5점, 2024·2026 가중평균 31.7점, 선택 모델(완화 추세+표본 축소) 56.7점. 지역 변화 +42.4점을 표본가중치 0.56로 같은 병해충·작물의 지역 중앙 변화 +12.0점 방향에 축소하고, 1년 연장 변화는 ±20점으로 제한했습니다. 양년 자료 있음, 공통 조사단위 4개, 유효 관측 15건, 결측률 0.0%, 단위별 변화 변동성 41.6점. 제한된 비교 단위 또는 변동성 때문에 보수적으로 낮게 평가합니다. 2024·2026 두 개 연도의 NCPMS 예찰자료만 사용한 상대 위험 전망으로, 기상·재배면적·방제 변화와 2027년 실제 발생을 확정하지 않습니다. ASOS 공통 조사월 2개에서 기온·습도·강수·풍속의 관측 연관성을 추세 연장분에만 최대 ±3점으로 제한 적용(보정 +0점). 2027년 미래 기상값은 생성하거나 가정하지 않았습니다.",주의,57,0,0.0199,기온,기상 근거 보강,2,ASOS 공통 조사월 2개에서 기온·습도·강수·풍속의 관측 연관성을 추세 연장분에만 최대 ±3점으로 제한 적용(보정 +0점). 2027년 미래 기상값은 생성하거나 가정하지 않았습니다.,F27-WX1 설명가능 완화추세,"2024·2026 관측자료와 ASOS 공통 조사월의 연관성을 이용한 상대 위험 전망입니다. 2026년은 부분연도이며, 2027년 실제 기상·발생·확률을 확정하지 않습니다."
복숭아,세균구멍병,병해,충청북도,16.0,28.0,33,증가,보통,15,2024·2026,"기준선 비교: 2026 유지 28.5점, 2024·2026 가중평균 24.3점, 선택 모델(완화 추세+표본 축소) 32.7점. 지역 변화 +12.0점을 표본가중치 0.56로 같은 병해충·작물의 지역 중앙 변화 +12.0점 방향에 축소하고, 1년 연장 변화는 ±20점으로 제한했습니다. 양년 자료 있음, 공통 조사단위 4개, 유효 관측 15건, 결측률 0.0%, 단위별 변화 변동성 4.4점. 비교는 가능하지만 표본 또는 변동성에 불확실성이 남습니다. 2024·2026 두 개 연도의 NCPMS 예찰자료만 사용한 상대 위험 전망으로, 기상·재배면적·방제 변화와 2027년 실제 발생을 확정하지 않습니다. ASOS 공통 조사월 2개에서 기온·습도·강수·풍속의 관측 연관성을 추세 연장분에만 최대 ±3점으로 제한 적용(보정 +0점). 2027년 미래 기상값은 생성하거나 가정하지 않았습니다.",관찰,33,0,0.0127,기온,기상 근거 보강,2,ASOS 공통 조사월 2개에서 기온·습도·강수·풍속의 관측 연관성을 추세 연장분에만 최대 ±3점으로 제한 적용(보정 +0점). 2027년 미래 기상값은 생성하거나 가정하지 않았습니다.,F27-WX1 설명가능 완화추세,"2024·2026 관측자료와 ASOS 공통 조사월의 연관성을 이용한 상대 위험 전망입니다. 2026년은 부분연도이며, 2027년 실제 기상·발생·확률을 확정하지 않습니다."
논벼,세균벼알마름병,병해,강원특별자치도,0.0,0.0,0,유지,보통,32,2024·2026,"기준선 비교: 2026 유지 0.0점, 2024·2026 가중평균 0.0점, 선택 모델(완화 추세+표본 축소) 0.0점. 지역 변화 +0.0점을 표본가중치 0.73로 같은 병해충·작물의 지역 중앙 변화 +0.0점 방향에 축소하고, 1년 연장 변화는 ±20점으로 제한했습니다. 양년 자료 있음, 공통 조사단위 2개, 유효 관측 32건, 결측률 0.0%, 단위별 변화 변동성 0.0점. 비교는 가능하지만 표본 또는 변동성에 불확실성이 남습니다. 2024·2026 두 개 연도의 NCPMS 예찰자료만 사용한 상대 위험 전망으로, 기상·재배면적·방제 변화와 2027년 실제 발생을 확정하지 않습니다. ASOS 공통 조사월 1개에서 기온·습도·강수·풍속의 관측 연관성을 추세 연장분에만 최대 ±3점으로 제한 적용(보정 +0점). 2027년 미래 기상값은 생성하거나 가정하지 않았습니다.",관찰,0,0,-0.0279,강수량,기상 연관성 참고,1,ASOS 공통 조사월 1개에서 기온·습도·강수·풍속의 관측 연관성을 추세 연장분에만 최대 ±3점으로 제한 적용(보정 +0점). 2027년 미래 기상값은 생성하거나 가정하지 않았습니다.,F27-WX1 설명가능 완화추세,"2024·2026 관측자료와 ASOS 공통 조사월의 연관성을 이용한 상대 위험 전망입니다. 2026년은 부분연도이며, 2027년 실제 기상·발생·확률을 확정하지 않습니다."
논벼,세균벼알마름병,병해,경기도,0.0,0.0,0,유지,보통,36,2024·2026,"기준선 비교: 2026 유지 0.0점, 2024·2026 가중평균 0.0점, 선택 모델(완화 추세+표본 축소) 0.0점. 지역 변화 +0.0점을 표본가중치 0.75로 같은 병해충·작물의 지역 중앙 변화 +0.0점 방향에 축소하고, 1년 연장 변화는 ±20점으로 제한했습니다. 양년 자료 있음, 공통 조사단위 2개, 유효 관측 36건, 결측률 0.0%, 단위별 변화 변동성 0.0점. 비교는 가능하지만 표본 또는 변동성에 불확실성이 남습니다. 2024·2026 두 개 연도의 NCPMS 예찰자료만 사용한 상대 위험 전망으로, 기상·재배면적·방제 변화와 2027년 실제 발생을 확정하지 않습니다. ASOS 공통 조사월 1개에서 기온·습도·강수·풍속의 관측 연관성을 추세 연장분에만 최대 ±3점으로 제한 적용(보정 +0점). 2027년 미래 기상값은 생성하거나 가정하지 않았습니다.",관찰,0,0,0.0887,강수량,기상 연관성 참고,1,ASOS 공통 조사월 1개에서 기온·습도·강수·풍속의 관측 연관성을 추세 연장분에만 최대 ±3점으로 제한 적용(보정 +0점). 2027년 미래 기상값은 생성하거나 가정하지 않았습니다.,F27-WX1 설명가능 완화추세,"2024·2026 관측자료와 ASOS 공통 조사월의 연관성을 이용한 상대 위험 전망입니다. 2026년은 부분연도이며, 2027년 실제 기상·발생·확률을 확정하지 않습니다."
논벼,세균벼알마름병,병해,경상남도,0.0,12.0,16,유지,보통,32,2024·2026,"기준선 비교: 2026 유지 12.5점, 2024·2026 가중평균 8.1점, 선택 모델(완화 추세+표본 축소) 15.7점. 지역 변화 +12.5점을 표본가중치 0.73로 같은 병해충·작물의 지역 중앙 변화 +0.0점 방향에 축소하고, 1년 연장 변화는 ±20점으로 제한했습니다. 양년 자료 있음, 공통 조사단위 2개, 유효 관측 32건, 결측률 0.0%, 단위별 변화 변동성 0.0점. 비교는 가능하지만 표본 또는 변동성에 불확실성이 남습니다. 2024·2026 두 개 연도의 NCPMS 예찰자료만 사용한 상대 위험 전망으로, 기상·재배면적·방제 변화와 2027년 실제 발생을 확정하지 않습니다. ASOS 공통 조사월 1개에서 기온·습도·강수·풍속의 관측 연관성을 추세 연장분에만 최대 ±3점으로 제한 적용(보정 +0점). 2027년 미래 기상값은 생성하거나 가정하지 않았습니다.",관찰,16,0,0.1934,강수량,기상 연관성 참고,1,ASOS 공통 조사월 1개에서 기온·습도·강수·풍속의 관측 연관성을 추세 연장분에만 최대 ±3점으로 제한 적용(보정 +0점). 2027년 미래 기상값은 생성하거나 가정하지 않았습니다.,F27-WX1 설명가능 완화추세,"2024·2026 관측자료와 ASOS 공통 조사월의 연관성을 이용한 상대 위험 전망입니다. 2026년은 부분연도이며, 2027년 실제 기상·발생·확률을 확정하지 않습니다."
논벼,세균벼알마름병,병해,경상북도,0.0,0.0,0,유지,보통,32,2024·2026,"기준선 비교: 2026 유지 0.0점, 2024·2026 가중평균 0.0점, 선택 모델(완화 추세+표본 축소) 0.0점. 지역 변화 +0.0점을 표본가중치 0.73로 같은 병해충·작물의 지역 중앙 변화 +0.0점 방향에 축소하고, 1년 연장 변화는 ±20점으로 제한했습니다. 양년 자료 있음, 공통 조사단위 2개, 유효 관측 32건, 결측률 0.0%, 단위별 변화 변동성 0.0점. 비교는 가능하지만 표본 또는 변동성에 불확실성이 남습니다. 2024·2026 두 개 연도의 NCPMS 예찰자료만 사용한 상대 위험 전망으로, 기상·재배면적·방제 변화와 2027년 실제 발생을 확정하지 않습니다. ASOS 공통 조사월 1개에서 기온·습도·강수·풍속의 관측 연관성을 추세 연장분에만 최대 ±3점으로 제한 적용(보정 +0점). 2027년 미래 기상값은 생성하거나 가정하지 않았습니다.",관찰,0,0,0.0281,강수량,기상 연관성 참고,1,ASOS 공통 조사월 1개에서 기온·습도·강수·풍속의 관측 연관성을 추세 연장분에만 최대 ±3점으로 제한 적용(보정 +0점). 2027년 미래 기상값은 생성하거나 가정하지 않았습니다.,F27-WX1 설명가능 완화추세,"2024·2026 관측자료와 ASOS 공통 조사월의 연관성을 이용한 상대 위험 전망입니다. 2026년은 부분연도이며, 2027년 실제 기상·발생·확률을 확정하지 않습니다."
논벼,세균벼알마름병,병해,대구광역시,0.0,0.0,0,유지,보통,32,2024·2026,"기준선 비교: 2026 유지 0.0점, 2024·2026 가중평균 0.0점, 선택 모델(완화 추세+표본 축소) 0.0점. 지역 변화 +0.0점을 표본가중치 0.73로 같은 병해충·작물의 지역 중앙 변화 +0.0점 방향에 축소하고, 1년 연장 변화는 ±20점으로 제한했습니다. 양년 자료 있음, 공통 조사단위 2개, 유효 관측 32건, 결측률 0.0%, 단위별 변화 변동성 0.0점. 비교는 가능하지만 표본 또는 변동성에 불확실성이 남습니다. 2024·2026 두 개 연도의 NCPMS 예찰자료만 사용한 상대 위험 전망으로, 기상·재배면적·방제 변화와 2027년 실제 발생을 확정하지 않습니다. ASOS 공통 조사월 1개에서 기온·습도·강수·풍속의 관측 연관성을 추세 연장분에만 최대 ±3점으로 제한 적용(보정 +0점). 2027년 미래 기상값은 생성하거나 가정하지 않았습니다.",관찰,0,0,0.1327,강수량,기상 연관성 참고,1,ASOS 공통 조사월 1개에서 기온·습도·강수·풍속의 관측 연관성을 추세 연장분에만 최대 ±3점으로 제한 적용(보정 +0점). 2027년 미래 기상값은 생성하거나 가정하지 않았습니다.,F27-WX1 설명가능 완화추세,"2024·2026 관측자료와 ASOS 공통 조사월의 연관성을 이용한 상대 위험 전망입니다. 2026년은 부분연도이며, 2027년 실제 기상·발생·확률을 확정하지 않습니다."
논벼,세균벼알마름병,병해,대전광역시,0.0,0.0,0,유지,보통,32,2024·2026,"기준선 비교: 2026 유지 0.0점, 2024·2026 가중평균 0.0점, 선택 모델(완화 추세+표본 축소) 0.0점. 지역 변화 +0.0점을 표본가중치 0.73로 같은 병해충·작물의 지역 중앙 변화 +0.0점 방향에 축소하고, 1년 연장 변화는 ±20점으로 제한했습니다. 양년 자료 있음, 공통 조사단위 2개, 유효 관측 32건, 결측률 0.0%, 단위별 변화 변동성 0.0점. 비교는 가능하지만 표본 또는 변동성에 불확실성이 남습니다. 2024·2026 두 개 연도의 NCPMS 예찰자료만 사용한 상대 위험 전망으로, 기상·재배면적·방제 변화와 2027년 실제 발생을 확정하지 않습니다. ASOS 공통 조사월 1개에서 기온·습도·강수·풍속의 관측 연관성을 추세 연장분에만 최대 ±3점으로 제한 적용(보정 +0점). 2027년 미래 기상값은 생성하거나 가정하지 않았습니다.",관찰,0,0,-0.0667,강수량,기상 연관성 참고,1,ASOS 공통 조사월 1개에서 기온·습도·강수·풍속의 관측 연관성을 추세 연장분에만 최대 ±3점으로 제한 적용(보정 +0점). 2027년 미래 기상값은 생성하거나 가정하지 않았습니다.,F27-WX1 설명가능 완화추세,"2024·2026 관측자료와 ASOS 공통 조사월의 연관성을 이용한 상대 위험 전망입니다. 2026년은 부분연도이며, 2027년 실제 기상·발생·확률을 확정하지 않습니다."
논벼,세균벼알마름병,병해,부산광역시,0.0,0.0,0,유지,보통,32,2024·2026,"기준선 비교: 2026 유지 0.0점, 2024·2026 가중평균 0.0점, 선택 모델(완화 추세+표본 축소) 0.0점. 지역 변화 +0.0점을 표본가중치 0.73로 같은 병해충·작물의 지역 중앙 변화 +0.0점 방향에 축소하고, 1년 연장 변화는 ±20점으로 제한했습니다. 양년 자료 있음, 공통 조사단위 2개, 유효 관측 32건, 결측률 0.0%, 단위별 변화 변동성 0.0점. 비교는 가능하지만 표본 또는 변동성에 불확실성이 남습니다. 2024·2026 두 개 연도의 NCPMS 예찰자료만 사용한 상대 위험 전망으로, 기상·재배면적·방제 변화와 2027년 실제 발생을 확정하지 않습니다. ASOS 공통 조사월 1개에서 기온·습도·강수·풍속의 관측 연관성을 추세 연장분에만 최대 ±3점으로 제한 적용(보정 +0점). 2027년 미래 기상값은 생성하거나 가정하지 않았습니다.",관찰,0,0,0.206,강수량,기상 연관성 참고,1,ASOS 공통 조사월 1개에서 기온·습도·강수·풍속의 관측 연관성을 추세 연장분에만 최대 ±3점으로 제한 적용(보정 +0점). 2027년 미래 기상값은 생성하거나 가정하지 않았습니다.,F27-WX1 설명가능 완화추세,"2024·2026 관측자료와 ASOS 공통 조사월의 연관성을 이용한 상대 위험 전망입니다. 2026년은 부분연도이며, 2027년 실제 기상·발생·확률을 확정하지 않습니다."
논벼,세균벼알마름병,병해,세종특별자치시,0.0,0.0,0,유지,보통,28,2024·2026,"기준선 비교: 2026 유지 0.0점, 2024·2026 가중평균 0.0점, 선택 모델(완화 추세+표본 축소) 0.0점. 지역 변화 +0.0점을 표본가중치 0.70로 같은 병해충·작물의 지역 중앙 변화 +0.0점 방향에 축소하고, 1년 연장 변화는 ±20점으로 제한했습니다. 양년 자료 있음, 공통 조사단위 2개, 유효 관측 28건, 결측률 0.0%, 단위별 변화 변동성 0.0점. 비교는 가능하지만 표본 또는 변동성에 불확실성이 남습니다. 2024·2026 두 개 연도의 NCPMS 예찰자료만 사용한 상대 위험 전망으로, 기상·재배면적·방제 변화와 2027년 실제 발생을 확정하지 않습니다. ASOS 공통 조사월 1개에서 기온·습도·강수·풍속의 관측 연관성을 추세 연장분에만 최대 ±3점으로 제한 적용(보정 +0점). 2027년 미래 기상값은 생성하거나 가정하지 않았습니다.",관찰,0,0,0.0163,강수량,기상 연관성 참고,1,ASOS 공통 조사월 1개에서 기온·습도·강수·풍속의 관측 연관성을 추세 연장분에만 최대 ±3점으로 제한 적용(보정 +0점). 2027년 미래 기상값은 생성하거나 가정하지 않았습니다.,F27-WX1 설명가능 완화추세,"2024·2026 관측자료와 ASOS 공통 조사월의 연관성을 이용한 상대 위험 전망입니다. 2026년은 부분연도이며, 2027년 실제 기상·발생·확률을 확정하지 않습니다."
논벼,세균벼알마름병,병해,울산광역시,0.0,0.0,0,유지,보통,32,2024·2026,"기준선 비교: 2026 유지 0.0점, 2024·2026 가중평균 0.0점, 선택 모델(완화 추세+표본 축소) 0.0점. 지역 변화 +0.0점을 표본가중치 0.73로 같은 병해충·작물의 지역 중앙 변화 +0.0점 방향에 축소하고, 1년 연장 변화는 ±20점으로 제한했습니다. 양년 자료 있음, 공통 조사단위 2개, 유효 관측 32건, 결측률 0.0%, 단위별 변화 변동성 0.0점. 비교는 가능하지만 표본 또는 변동성에 불확실성이 남습니다. 2024·2026 두 개 연도의 NCPMS 예찰자료만 사용한 상대 위험 전망으로, 기상·재배면적·방제 변화와 2027년 실제 발생을 확정하지 않습니다. ASOS 공통 조사월 1개에서 기온·습도·강수·풍속의 관측 연관성을 추세 연장분에만 최대 ±3점으로 제한 적용(보정 +0점). 2027년 미래 기상값은 생성하거나 가정하지 않았습니다.",관찰,0,0,0.0842,강수량,기상 연관성 참고,1,ASOS 공통 조사월 1개에서 기온·습도·강수·풍속의 관측 연관성을 추세 연장분에만 최대 ±3점으로 제한 적용(보정 +0점). 2027년 미래 기상값은 생성하거나 가정하지 않았습니다.,F27-WX1 설명가능 완화추세,"2024·2026 관측자료와 ASOS 공통 조사월의 연관성을 이용한 상대 위험 전망입니다. 2026년은 부분연도이며, 2027년 실제 기상·발생·확률을 확정하지 않습니다."
논벼,세균벼알마름병,병해,인천광역시,0.0,0.0,0,유지,보통,32,2024·2026,"기준선 비교: 2026 유지 0.0점, 2024·2026 가중평균 0.0점, 선택 모델(완화 추세+표본 축소) 0.0점. 지역 변화 +0.0점을 표본가중치 0.73로 같은 병해충·작물의 지역 중앙 변화 +0.0점 방향에 축소하고, 1년 연장 변화는 ±20점으로 제한했습니다. 양년 자료 있음, 공통 조사단위 2개, 유효 관측 32건, 결측률 0.0%, 단위별 변화 변동성 0.0점. 비교는 가능하지만 표본 또는 변동성에 불확실성이 남습니다. 2024·2026 두 개 연도의 NCPMS 예찰자료만 사용한 상대 위험 전망으로, 기상·재배면적·방제 변화와 2027년 실제 발생을 확정하지 않습니다. ASOS 공통 조사월 1개에서 기온·습도·강수·풍속의 관측 연관성을 추세 연장분에만 최대 ±3점으로 제한 적용(보정 +0점). 2027년 미래 기상값은 생성하거나 가정하지 않았습니다.",관찰,0,0,0.0296,강수량,기상 연관성 참고,1,ASOS 공통 조사월 1개에서 기온·습도·강수·풍속의 관측 연관성을 추세 연장분에만 최대 ±3점으로 제한 적용(보정 +0점). 2027년 미래 기상값은 생성하거나 가정하지 않았습니다.,F27-WX1 설명가능 완화추세,"2024·2026 관측자료와 ASOS 공통 조사월의 연관성을 이용한 상대 위험 전망입니다. 2026년은 부분연도이며, 2027년 실제 기상·발생·확률을 확정하지 않습니다."
논벼,세균벼알마름병,병해,전남광주통합특별시,0.0,0.0,0,유지,보통,32,2024·2026,"기준선 비교: 2026 유지 0.0점, 2024·2026 가중평균 0.0점, 선택 모델(완화 추세+표본 축소) 0.0점. 지역 변화 +0.0점을 표본가중치 0.73로 같은 병해충·작물의 지역 중앙 변화 +0.0점 방향에 축소하고, 1년 연장 변화는 ±20점으로 제한했습니다. 양년 자료 있음, 공통 조사단위 2개, 유효 관측 32건, 결측률 0.0%, 단위별 변화 변동성 0.0점. 비교는 가능하지만 표본 또는 변동성에 불확실성이 남습니다. 2024·2026 두 개 연도의 NCPMS 예찰자료만 사용한 상대 위험 전망으로, 기상·재배면적·방제 변화와 2027년 실제 발생을 확정하지 않습니다. ASOS 공통 조사월 1개에서 기온·습도·강수·풍속의 관측 연관성을 추세 연장분에만 최대 ±3점으로 제한 적용(보정 +0점). 2027년 미래 기상값은 생성하거나 가정하지 않았습니다.",관찰,0,0,0.1132,강수량,기상 연관성 참고,1,ASOS 공통 조사월 1개에서 기온·습도·강수·풍속의 관측 연관성을 추세 연장분에만 최대 ±3점으로 제한 적용(보정 +0점). 2027년 미래 기상값은 생성하거나 가정하지 않았습니다.,F27-WX1 설명가능 완화추세,"2024·2026 관측자료와 ASOS 공통 조사월의 연관성을 이용한 상대 위험 전망입니다. 2026년은 부분연도이며, 2027년 실제 기상·발생·확률을 확정하지 않습니다."
논벼,세균벼알마름병,병해,전북특별자치도,0.0,0.0,0,유지,보통,32,2024·2026,"기준선 비교: 2026 유지 0.0점, 2024·2026 가중평균 0.0점, 선택 모델(완화 추세+표본 축소) 0.0점. 지역 변화 +0.0점을 표본가중치 0.73로 같은 병해충·작물의 지역 중앙 변화 +0.0점 방향에 축소하고, 1년 연장 변화는 ±20점으로 제한했습니다. 양년 자료 있음, 공통 조사단위 2개, 유효 관측 32건, 결측률 0.0%, 단위별 변화 변동성 0.0점. 비교는 가능하지만 표본 또는 변동성에 불확실성이 남습니다. 2024·2026 두 개 연도의 NCPMS 예찰자료만 사용한 상대 위험 전망으로, 기상·재배면적·방제 변화와 2027년 실제 발생을 확정하지 않습니다. ASOS 공통 조사월 1개에서 기온·습도·강수·풍속의 관측 연관성을 추세 연장분에만 최대 ±3점으로 제한 적용(보정 +0점). 2027년 미래 기상값은 생성하거나 가정하지 않았습니다.",관찰,0,0,0.0976,강수량,기상 연관성 참고,1,ASOS 공통 조사월 1개에서 기온·습도·강수·풍속의 관측 연관성을 추세 연장분에만 최대 ±3점으로 제한 적용(보정 +0점). 2027년 미래 기상값은 생성하거나 가정하지 않았습니다.,F27-WX1 설명가능 완화추세,"2024·2026 관측자료와 ASOS 공통 조사월의 연관성을 이용한 상대 위험 전망입니다. 2026년은 부분연도이며, 2027년 실제 기상·발생·확률을 확정하지 않습니다."
논벼,세균벼알마름병,병해,충청남도,0.0,4.0,4,유지,보통,32,2024·2026,"기준선 비교: 2026 유지 3.5점, 2024·2026 가중평균 2.3점, 선택 모델(완화 추세+표본 축소) 4.4점. 지역 변화 +3.5점을 표본가중치 0.73로 같은 병해충·작물의 지역 중앙 변화 +0.0점 방향에 축소하고, 1년 연장 변화는 ±20점으로 제한했습니다. 양년 자료 있음, 공통 조사단위 2개, 유효 관측 32건, 결측률 0.0%, 단위별 변화 변동성 10.6점. 비교는 가능하지만 표본 또는 변동성에 불확실성이 남습니다. 2024·2026 두 개 연도의 NCPMS 예찰자료만 사용한 상대 위험 전망으로, 기상·재배면적·방제 변화와 2027년 실제 발생을 확정하지 않습니다. ASOS 공통 조사월 1개에서 기온·습도·강수·풍속의 관측 연관성을 추세 연장분에만 최대 ±3점으로 제한 적용(보정 +0점). 2027년 미래 기상값은 생성하거나 가정하지 않았습니다.",관찰,4,0,0.0466,강수량,기상 연관성 참고,1,ASOS 공통 조사월 1개에서 기온·습도·강수·풍속의 관측 연관성을 추세 연장분에만 최대 ±3점으로 제한 적용(보정 +0점). 2027년 미래 기상값은 생성하거나 가정하지 않았습니다.,F27-WX1 설명가능 완화추세,"2024·2026 관측자료와 ASOS 공통 조사월의 연관성을 이용한 상대 위험 전망입니다. 2026년은 부분연도이며, 2027년 실제 기상·발생·확률을 확정하지 않습니다."
논벼,세균벼알마름병,병해,충청북도,0.0,0.0,0,유지,보통,36,2024·2026,"기준선 비교: 2026 유지 0.0점, 2024·2026 가중평균 0.0점, 선택 모델(완화 추세+표본 축소) 0.0점. 지역 변화 +0.0점을 표본가중치 0.75로 같은 병해충·작물의 지역 중앙 변화 +0.0점 방향에 축소하고, 1년 연장 변화는 ±20점으로 제한했습니다. 양년 자료 있음, 공통 조사단위 2개, 유효 관측 36건, 결측률 0.0%, 단위별 변화 변동성 0.0점. 비교는 가능하지만 표본 또는 변동성에 불확실성이 남습니다. 2024·2026 두 개 연도의 NCPMS 예찰자료만 사용한 상대 위험 전망으로, 기상·재배면적·방제 변화와 2027년 실제 발생을 확정하지 않습니다. ASOS 공통 조사월 1개에서 기온·습도·강수·풍속의 관측 연관성을 추세 연장분에만 최대 ±3점으로 제한 적용(보정 +0점). 2027년 미래 기상값은 생성하거나 가정하지 않았습니다.",관찰,0,0,0.054,강수량,기상 연관성 참고,1,ASOS 공통 조사월 1개에서 기온·습도·강수·풍속의 관측 연관성을 추세 연장분에만 최대 ±3점으로 제한 적용(보정 +0점). 2027년 미래 기상값은 생성하거나 가정하지 않았습니다.,F27-WX1 설명가능 완화추세,"2024·2026 관측자료와 ASOS 공통 조사월의 연관성을 이용한 상대 위험 전망입니다. 2026년은 부분연도이며, 2027년 실제 기상·발생·확률을 확정하지 않습니다."
콩,세균병,병해,강원특별자치도,,0.0,,전망자료 부족,낮음,5,2026,"양년 자료 없음, 공통 조사단위 0개, 유효 관측 5건, 결측률 0.0%, 단위별 변화 변동성 100.0점. 제한된 비교 단위 또는 변동성 때문에 보수적으로 낮게 평가합니다. 2024·2026 두 개 연도의 NCPMS 예찰자료만 사용한 상대 위험 전망으로, 기상·재배면적·방제 변화와 2027년 실제 발생을 확정하지 않습니다. ASOS 공통 조사월 0개에서 기온·습도·강수·풍속의 관측 연관성을 추세 연장분에만 최대 ±3점으로 제한 적용(보정 +0점). 2027년 미래 기상값은 생성하거나 가정하지 않았습니다.",전망자료 부족,,,0.0,—,기상근거 부족,0,ASOS 공통 조사월 0개에서 기온·습도·강수·풍속의 관측 연관성을 추세 연장분에만 최대 ±3점으로 제한 적용(보정 +0점). 2027년 미래 기상값은 생성하거나 가정하지 않았습니다.,F27-WX1 설명가능 완화추세,"2024·2026 관측자료와 ASOS 공통 조사월의 연관성을 이용한 상대 위험 전망입니다. 2026년은 부분연도이며, 2027년 실제 기상·발생·확률을 확정하지 않습니다."
콩,세균병,병해,경기도,,40.0,,전망자료 부족,낮음,5,2026,"양년 자료 없음, 공통 조사단위 0개, 유효 관측 5건, 결측률 0.0%, 단위별 변화 변동성 100.0점. 제한된 비교 단위 또는 변동성 때문에 보수적으로 낮게 평가합니다. 2024·2026 두 개 연도의 NCPMS 예찰자료만 사용한 상대 위험 전망으로, 기상·재배면적·방제 변화와 2027년 실제 발생을 확정하지 않습니다. ASOS 공통 조사월 0개에서 기온·습도·강수·풍속의 관측 연관성을 추세 연장분에만 최대 ±3점으로 제한 적용(보정 +0점). 2027년 미래 기상값은 생성하거나 가정하지 않았습니다.",전망자료 부족,,,0.0,—,기상근거 부족,0,ASOS 공통 조사월 0개에서 기온·습도·강수·풍속의 관측 연관성을 추세 연장분에만 최대 ±3점으로 제한 적용(보정 +0점). 2027년 미래 기상값은 생성하거나 가정하지 않았습니다.,F27-WX1 설명가능 완화추세,"2024·2026 관측자료와 ASOS 공통 조사월의 연관성을 이용한 상대 위험 전망입니다. 2026년은 부분연도이며, 2027년 실제 기상·발생·확률을 확정하지 않습니다."
콩,세균병,병해,경상남도,,0.0,,전망자료 부족,낮음,5,2026,"양년 자료 없음, 공통 조사단위 0개, 유효 관측 5건, 결측률 0.0%, 단위별 변화 변동성 100.0점. 제한된 비교 단위 또는 변동성 때문에 보수적으로 낮게 평가합니다. 2024·2026 두 개 연도의 NCPMS 예찰자료만 사용한 상대 위험 전망으로, 기상·재배면적·방제 변화와 2027년 실제 발생을 확정하지 않습니다. ASOS 공통 조사월 0개에서 기온·습도·강수·풍속의 관측 연관성을 추세 연장분에만 최대 ±3점으로 제한 적용(보정 +0점). 2027년 미래 기상값은 생성하거나 가정하지 않았습니다.",전망자료 부족,,,0.0,—,기상근거 부족,0,ASOS 공통 조사월 0개에서 기온·습도·강수·풍속의 관측 연관성을 추세 연장분에만 최대 ±3점으로 제한 적용(보정 +0점). 2027년 미래 기상값은 생성하거나 가정하지 않았습니다.,F27-WX1 설명가능 완화추세,"2024·2026 관측자료와 ASOS 공통 조사월의 연관성을 이용한 상대 위험 전망입니다. 2026년은 부분연도이며, 2027년 실제 기상·발생·확률을 확정하지 않습니다."
콩,세균병,병해,경상북도,,0.0,,전망자료 부족,낮음,5,2026,"양년 자료 없음, 공통 조사단위 0개, 유효 관측 5건, 결측률 0.0%, 단위별 변화 변동성 100.0점. 제한된 비교 단위 또는 변동성 때문에 보수적으로 낮게 평가합니다. 2024·2026 두 개 연도의 NCPMS 예찰자료만 사용한 상대 위험 전망으로, 기상·재배면적·방제 변화와 2027년 실제 발생을 확정하지 않습니다. ASOS 공통 조사월 0개에서 기온·습도·강수·풍속의 관측 연관성을 추세 연장분에만 최대 ±3점으로 제한 적용(보정 +0점). 2027년 미래 기상값은 생성하거나 가정하지 않았습니다.",전망자료 부족,,,0.0,—,기상근거 부족,0,ASOS 공통 조사월 0개에서 기온·습도·강수·풍속의 관측 연관성을 추세 연장분에만 최대 ±3점으로 제한 적용(보정 +0점). 2027년 미래 기상값은 생성하거나 가정하지 않았습니다.,F27-WX1 설명가능 완화추세,"2024·2026 관측자료와 ASOS 공통 조사월의 연관성을 이용한 상대 위험 전망입니다. 2026년은 부분연도이며, 2027년 실제 기상·발생·확률을 확정하지 않습니다."
콩,세균병,병해,전남광주통합특별시,,20.0,,전망자료 부족,낮음,5,2026,"양년 자료 없음, 공통 조사단위 0개, 유효 관측 5건, 결측률 0.0%, 단위별 변화 변동성 100.0점. 제한된 비교 단위 또는 변동성 때문에 보수적으로 낮게 평가합니다. 2024·2026 두 개 연도의 NCPMS 예찰자료만 사용한 상대 위험 전망으로, 기상·재배면적·방제 변화와 2027년 실제 발생을 확정하지 않습니다. ASOS 공통 조사월 0개에서 기온·습도·강수·풍속의 관측 연관성을 추세 연장분에만 최대 ±3점으로 제한 적용(보정 +0점). 2027년 미래 기상값은 생성하거나 가정하지 않았습니다.",전망자료 부족,,,0.0,—,기상근거 부족,0,ASOS 공통 조사월 0개에서 기온·습도·강수·풍속의 관측 연관성을 추세 연장분에만 최대 ±3점으로 제한 적용(보정 +0점). 2027년 미래 기상값은 생성하거나 가정하지 않았습니다.,F27-WX1 설명가능 완화추세,"2024·2026 관측자료와 ASOS 공통 조사월의 연관성을 이용한 상대 위험 전망입니다. 2026년은 부분연도이며, 2027년 실제 기상·발생·확률을 확정하지 않습니다."
콩,세균병,병해,전북특별자치도,,0.0,,전망자료 부족,낮음,5,2026,"양년 자료 없음, 공통 조사단위 0개, 유효 관측 5건, 결측률 0.0%, 단위별 변화 변동성 100.0점. 제한된 비교 단위 또는 변동성 때문에 보수적으로 낮게 평가합니다. 2024·2026 두 개 연도의 NCPMS 예찰자료만 사용한 상대 위험 전망으로, 기상·재배면적·방제 변화와 2027년 실제 발생을 확정하지 않습니다. ASOS 공통 조사월 0개에서 기온·습도·강수·풍속의 관측 연관성을 추세 연장분에만 최대 ±3점으로 제한 적용(보정 +0점). 2027년 미래 기상값은 생성하거나 가정하지 않았습니다.",전망자료 부족,,,0.0,—,기상근거 부족,0,ASOS 공통 조사월 0개에서 기온·습도·강수·풍속의 관측 연관성을 추세 연장분에만 최대 ±3점으로 제한 적용(보정 +0점). 2027년 미래 기상값은 생성하거나 가정하지 않았습니다.,F27-WX1 설명가능 완화추세,"2024·2026 관측자료와 ASOS 공통 조사월의 연관성을 이용한 상대 위험 전망입니다. 2026년은 부분연도이며, 2027년 실제 기상·발생·확률을 확정하지 않습니다."
콩,세균병,병해,제주특별자치도,,0.0,,전망자료 부족,낮음,5,2026,"양년 자료 없음, 공통 조사단위 0개, 유효 관측 5건, 결측률 0.0%, 단위별 변화 변동성 100.0점. 제한된 비교 단위 또는 변동성 때문에 보수적으로 낮게 평가합니다. 2024·2026 두 개 연도의 NCPMS 예찰자료만 사용한 상대 위험 전망으로, 기상·재배면적·방제 변화와 2027년 실제 발생을 확정하지 않습니다. ASOS 공통 조사월 0개에서 기온·습도·강수·풍속의 관측 연관성을 추세 연장분에만 최대 ±3점으로 제한 적용(보정 +0점). 2027년 미래 기상값은 생성하거나 가정하지 않았습니다.",전망자료 부족,,,0.0,—,기상근거 부족,0,ASOS 공통 조사월 0개에서 기온·습도·강수·풍속의 관측 연관성을 추세 연장분에만 최대 ±3점으로 제한 적용(보정 +0점). 2027년 미래 기상값은 생성하거나 가정하지 않았습니다.,F27-WX1 설명가능 완화추세,"2024·2026 관측자료와 ASOS 공통 조사월의 연관성을 이용한 상대 위험 전망입니다. 2026년은 부분연도이며, 2027년 실제 기상·발생·확률을 확정하지 않습니다."
콩,세균병,병해,충청남도,,0.0,,전망자료 부족,낮음,5,2026,"양년 자료 없음, 공통 조사단위 0개, 유효 관측 5건, 결측률 0.0%, 단위별 변화 변동성 100.0점. 제한된 비교 단위 또는 변동성 때문에 보수적으로 낮게 평가합니다. 2024·2026 두 개 연도의 NCPMS 예찰자료만 사용한 상대 위험 전망으로, 기상·재배면적·방제 변화와 2027년 실제 발생을 확정하지 않습니다. ASOS 공통 조사월 0개에서 기온·습도·강수·풍속의 관측 연관성을 추세 연장분에만 최대 ±3점으로 제한 적용(보정 +0점). 2027년 미래 기상값은 생성하거나 가정하지 않았습니다.",전망자료 부족,,,0.0,—,기상근거 부족,0,ASOS 공통 조사월 0개에서 기온·습도·강수·풍속의 관측 연관성을 추세 연장분에만 최대 ±3점으로 제한 적용(보정 +0점). 2027년 미래 기상값은 생성하거나 가정하지 않았습니다.,F27-WX1 설명가능 완화추세,"2024·2026 관측자료와 ASOS 공통 조사월의 연관성을 이용한 상대 위험 전망입니다. 2026년은 부분연도이며, 2027년 실제 기상·발생·확률을 확정하지 않습니다."
콩,세균병,병해,충청북도,,0.0,,전망자료 부족,낮음,5,2026,"양년 자료 없음, 공통 조사단위 0개, 유효 관측 5건, 결측률 0.0%, 단위별 변화 변동성 100.0점. 제한된 비교 단위 또는 변동성 때문에 보수적으로 낮게 평가합니다. 2024·2026 두 개 연도의 NCPMS 예찰자료만 사용한 상대 위험 전망으로, 기상·재배면적·방제 변화와 2027년 실제 발생을 확정하지 않습니다. ASOS 공통 조사월 0개에서 기온·습도·강수·풍속의 관측 연관성을 추세 연장분에만 최대 ±3점으로 제한 적용(보정 +0점). 2027년 미래 기상값은 생성하거나 가정하지 않았습니다.",전망자료 부족,,,0.0,—,기상근거 부족,0,ASOS 공통 조사월 0개에서 기온·습도·강수·풍속의 관측 연관성을 추세 연장분에만 최대 ±3점으로 제한 적용(보정 +0점). 2027년 미래 기상값은 생성하거나 가정하지 않았습니다.,F27-WX1 설명가능 완화추세,"2024·2026 관측자료와 ASOS 공통 조사월의 연관성을 이용한 상대 위험 전망입니다. 2026년은 부분연도이며, 2027년 실제 기상·발생·확률을 확정하지 않습니다."
마늘,세균점무늬병,기타,강원특별자치도,0.0,,,전망자료 부족,낮음,12,2024,"양년 자료 없음, 공통 조사단위 0개, 유효 관측 12건, 결측률 0.0%, 단위별 변화 변동성 100.0점. 제한된 비교 단위 또는 변동성 때문에 보수적으로 낮게 평가합니다. 2024·2026 두 개 연도의 NCPMS 예찰자료만 사용한 상대 위험 전망으로, 기상·재배면적·방제 변화와 2027년 실제 발생을 확정하지 않습니다. ASOS 공통 조사월 0개에서 기온·습도·강수·풍속의 관측 연관성을 추세 연장분에만 최대 ±3점으로 제한 적용(보정 +0점). 2027년 미래 기상값은 생성하거나 가정하지 않았습니다.",전망자료 부족,,,0.0,—,기상근거 부족,0,ASOS 공통 조사월 0개에서 기온·습도·강수·풍속의 관측 연관성을 추세 연장분에만 최대 ±3점으로 제한 적용(보정 +0점). 2027년 미래 기상값은 생성하거나 가정하지 않았습니다.,F27-WX1 설명가능 완화추세,"2024·2026 관측자료와 ASOS 공통 조사월의 연관성을 이용한 상대 위험 전망입니다. 2026년은 부분연도이며, 2027년 실제 기상·발생·확률을 확정하지 않습니다."
마늘,세균점무늬병,기타,경상남도,8.0,,,전망자료 부족,낮음,12,2024,"양년 자료 없음, 공통 조사단위 0개, 유효 관측 12건, 결측률 0.0%, 단위별 변화 변동성 100.0점. 제한된 비교 단위 또는 변동성 때문에 보수적으로 낮게 평가합니다. 2024·2026 두 개 연도의 NCPMS 예찰자료만 사용한 상대 위험 전망으로, 기상·재배면적·방제 변화와 2027년 실제 발생을 확정하지 않습니다. ASOS 공통 조사월 0개에서 기온·습도·강수·풍속의 관측 연관성을 추세 연장분에만 최대 ±3점으로 제한 적용(보정 +0점). 2027년 미래 기상값은 생성하거나 가정하지 않았습니다.",전망자료 부족,,,0.0,—,기상근거 부족,0,ASOS 공통 조사월 0개에서 기온·습도·강수·풍속의 관측 연관성을 추세 연장분에만 최대 ±3점으로 제한 적용(보정 +0점). 2027년 미래 기상값은 생성하거나 가정하지 않았습니다.,F27-WX1 설명가능 완화추세,"2024·2026 관측자료와 ASOS 공통 조사월의 연관성을 이용한 상대 위험 전망입니다. 2026년은 부분연도이며, 2027년 실제 기상·발생·확률을 확정하지 않습니다."
마늘,세균점무늬병,기타,경상북도,0.0,,,전망자료 부족,낮음,24,2024,"양년 자료 없음, 공통 조사단위 0개, 유효 관측 24건, 결측률 0.0%, 단위별 변화 변동성 100.0점. 제한된 비교 단위 또는 변동성 때문에 보수적으로 낮게 평가합니다. 2024·2026 두 개 연도의 NCPMS 예찰자료만 사용한 상대 위험 전망으로, 기상·재배면적·방제 변화와 2027년 실제 발생을 확정하지 않습니다. ASOS 공통 조사월 0개에서 기온·습도·강수·풍속의 관측 연관성을 추세 연장분에만 최대 ±3점으로 제한 적용(보정 +0점). 2027년 미래 기상값은 생성하거나 가정하지 않았습니다.",전망자료 부족,,,0.0,—,기상근거 부족,0,ASOS 공통 조사월 0개에서 기온·습도·강수·풍속의 관측 연관성을 추세 연장분에만 최대 ±3점으로 제한 적용(보정 +0점). 2027년 미래 기상값은 생성하거나 가정하지 않았습니다.,F27-WX1 설명가능 완화추세,"2024·2026 관측자료와 ASOS 공통 조사월의 연관성을 이용한 상대 위험 전망입니다. 2026년은 부분연도이며, 2027년 실제 기상·발생·확률을 확정하지 않습니다."
마늘,세균점무늬병,기타,대구광역시,0.0,,,전망자료 부족,낮음,24,2024,"양년 자료 없음, 공통 조사단위 0개, 유효 관측 24건, 결측률 0.0%, 단위별 변화 변동성 100.0점. 제한된 비교 단위 또는 변동성 때문에 보수적으로 낮게 평가합니다. 2024·2026 두 개 연도의 NCPMS 예찰자료만 사용한 상대 위험 전망으로, 기상·재배면적·방제 변화와 2027년 실제 발생을 확정하지 않습니다. ASOS 공통 조사월 0개에서 기온·습도·강수·풍속의 관측 연관성을 추세 연장분에만 최대 ±3점으로 제한 적용(보정 +0점). 2027년 미래 기상값은 생성하거나 가정하지 않았습니다.",전망자료 부족,,,0.0,—,기상근거 부족,0,ASOS 공통 조사월 0개에서 기온·습도·강수·풍속의 관측 연관성을 추세 연장분에만 최대 ±3점으로 제한 적용(보정 +0점). 2027년 미래 기상값은 생성하거나 가정하지 않았습니다.,F27-WX1 설명가능 완화추세,"2024·2026 관측자료와 ASOS 공통 조사월의 연관성을 이용한 상대 위험 전망입니다. 2026년은 부분연도이며, 2027년 실제 기상·발생·확률을 확정하지 않습니다."
마늘,세균점무늬병,기타,전남광주통합특별시,15.0,,,전망자료 부족,낮음,12,2024,"양년 자료 없음, 공통 조사단위 0개, 유효 관측 12건, 결측률 0.0%, 단위별 변화 변동성 100.0점. 제한된 비교 단위 또는 변동성 때문에 보수적으로 낮게 평가합니다. 2024·2026 두 개 연도의 NCPMS 예찰자료만 사용한 상대 위험 전망으로, 기상·재배면적·방제 변화와 2027년 실제 발생을 확정하지 않습니다. ASOS 공통 조사월 0개에서 기온·습도·강수·풍속의 관측 연관성을 추세 연장분에만 최대 ±3점으로 제한 적용(보정 +0점). 2027년 미래 기상값은 생성하거나 가정하지 않았습니다.",전망자료 부족,,,0.0,—,기상근거 부족,0,ASOS 공통 조사월 0개에서 기온·습도·강수·풍속의 관측 연관성을 추세 연장분에만 최대 ±3점으로 제한 적용(보정 +0점). 2027년 미래 기상값은 생성하거나 가정하지 않았습니다.,F27-WX1 설명가능 완화추세,"2024·2026 관측자료와 ASOS 공통 조사월의 연관성을 이용한 상대 위험 전망입니다. 2026년은 부분연도이며, 2027년 실제 기상·발생·확률을 확정하지 않습니다."
마늘,세균점무늬병,기타,전북특별자치도,0.0,,,전망자료 부족,낮음,12,2024,"양년 자료 없음, 공통 조사단위 0개, 유효 관측 12건, 결측률 0.0%, 단위별 변화 변동성 100.0점. 제한된 비교 단위 또는 변동성 때문에 보수적으로 낮게 평가합니다. 2024·2026 두 개 연도의 NCPMS 예찰자료만 사용한 상대 위험 전망으로, 기상·재배면적·방제 변화와 2027년 실제 발생을 확정하지 않습니다. ASOS 공통 조사월 0개에서 기온·습도·강수·풍속의 관측 연관성을 추세 연장분에만 최대 ±3점으로 제한 적용(보정 +0점). 2027년 미래 기상값은 생성하거나 가정하지 않았습니다.",전망자료 부족,,,0.0,—,기상근거 부족,0,ASOS 공통 조사월 0개에서 기온·습도·강수·풍속의 관측 연관성을 추세 연장분에만 최대 ±3점으로 제한 적용(보정 +0점). 2027년 미래 기상값은 생성하거나 가정하지 않았습니다.,F27-WX1 설명가능 완화추세,"2024·2026 관측자료와 ASOS 공통 조사월의 연관성을 이용한 상대 위험 전망입니다. 2026년은 부분연도이며, 2027년 실제 기상·발생·확률을 확정하지 않습니다."
마늘,세균점무늬병,기타,충청남도,0.0,,,전망자료 부족,낮음,24,2024,"양년 자료 없음, 공통 조사단위 0개, 유효 관측 24건, 결측률 0.0%, 단위별 변화 변동성 100.0점. 제한된 비교 단위 또는 변동성 때문에 보수적으로 낮게 평가합니다. 2024·2026 두 개 연도의 NCPMS 예찰자료만 사용한 상대 위험 전망으로, 기상·재배면적·방제 변화와 2027년 실제 발생을 확정하지 않습니다. ASOS 공통 조사월 0개에서 기온·습도·강수·풍속의 관측 연관성을 추세 연장분에만 최대 ±3점으로 제한 적용(보정 +0점). 2027년 미래 기상값은 생성하거나 가정하지 않았습니다.",전망자료 부족,,,0.0,—,기상근거 부족,0,ASOS 공통 조사월 0개에서 기온·습도·강수·풍속의 관측 연관성을 추세 연장분에만 최대 ±3점으로 제한 적용(보정 +0점). 2027년 미래 기상값은 생성하거나 가정하지 않았습니다.,F27-WX1 설명가능 완화추세,"2024·2026 관측자료와 ASOS 공통 조사월의 연관성을 이용한 상대 위험 전망입니다. 2026년은 부분연도이며, 2027년 실제 기상·발생·확률을 확정하지 않습니다."
마늘,세균점무늬병,기타,충청북도,0.0,,,전망자료 부족,낮음,12,2024,"양년 자료 없음, 공통 조사단위 0개, 유효 관측 12건, 결측률 0.0%, 단위별 변화 변동성 100.0점. 제한된 비교 단위 또는 변동성 때문에 보수적으로 낮게 평가합니다. 2024·2026 두 개 연도의 NCPMS 예찰자료만 사용한 상대 위험 전망으로, 기상·재배면적·방제 변화와 2027년 실제 발생을 확정하지 않습니다. ASOS 공통 조사월 0개에서 기온·습도·강수·풍속의 관측 연관성을 추세 연장분에만 최대 ±3점으로 제한 적용(보정 +0점). 2027년 미래 기상값은 생성하거나 가정하지 않았습니다.",전망자료 부족,,,0.0,—,기상근거 부족,0,ASOS 공통 조사월 0개에서 기온·습도·강수·풍속의 관측 연관성을 추세 연장분에만 최대 ±3점으로 제한 적용(보정 +0점). 2027년 미래 기상값은 생성하거나 가정하지 않았습니다.,F27-WX1 설명가능 완화추세,"2024·2026 관측자료와 ASOS 공통 조사월의 연관성을 이용한 상대 위험 전망입니다. 2026년은 부분연도이며, 2027년 실제 기상·발생·확률을 확정하지 않습니다."
고추,시설고추-바이러스,기타,강원특별자치도,0.0,,,전망자료 부족,낮음,2,2024,"양년 자료 없음, 공통 조사단위 0개, 유효 관측 2건, 결측률 0.0%, 단위별 변화 변동성 100.0점. 제한된 비교 단위 또는 변동성 때문에 보수적으로 낮게 평가합니다. 2024·2026 두 개 연도의 NCPMS 예찰자료만 사용한 상대 위험 전망으로, 기상·재배면적·방제 변화와 2027년 실제 발생을 확정하지 않습니다. ASOS 공통 조사월 0개에서 기온·습도·강수·풍속의 관측 연관성을 추세 연장분에만 최대 ±3점으로 제한 적용(보정 +0점). 2027년 미래 기상값은 생성하거나 가정하지 않았습니다.",전망자료 부족,,,0.0,—,기상근거 부족,0,ASOS 공통 조사월 0개에서 기온·습도·강수·풍속의 관측 연관성을 추세 연장분에만 최대 ±3점으로 제한 적용(보정 +0점). 2027년 미래 기상값은 생성하거나 가정하지 않았습니다.,F27-WX1 설명가능 완화추세,"2024·2026 관측자료와 ASOS 공통 조사월의 연관성을 이용한 상대 위험 전망입니다. 2026년은 부분연도이며, 2027년 실제 기상·발생·확률을 확정하지 않습니다."
고추,시설고추-바이러스,기타,경기도,0.0,,,전망자료 부족,낮음,2,2024,"양년 자료 없음, 공통 조사단위 0개, 유효 관측 2건, 결측률 0.0%, 단위별 변화 변동성 100.0점. 제한된 비교 단위 또는 변동성 때문에 보수적으로 낮게 평가합니다. 2024·2026 두 개 연도의 NCPMS 예찰자료만 사용한 상대 위험 전망으로, 기상·재배면적·방제 변화와 2027년 실제 발생을 확정하지 않습니다. ASOS 공통 조사월 0개에서 기온·습도·강수·풍속의 관측 연관성을 추세 연장분에만 최대 ±3점으로 제한 적용(보정 +0점). 2027년 미래 기상값은 생성하거나 가정하지 않았습니다.",전망자료 부족,,,0.0,—,기상근거 부족,0,ASOS 공통 조사월 0개에서 기온·습도·강수·풍속의 관측 연관성을 추세 연장분에만 최대 ±3점으로 제한 적용(보정 +0점). 2027년 미래 기상값은 생성하거나 가정하지 않았습니다.,F27-WX1 설명가능 완화추세,"2024·2026 관측자료와 ASOS 공통 조사월의 연관성을 이용한 상대 위험 전망입니다. 2026년은 부분연도이며, 2027년 실제 기상·발생·확률을 확정하지 않습니다."
고추,시설고추-바이러스,기타,경상남도,0.0,,,전망자료 부족,낮음,2,2024,"양년 자료 없음, 공통 조사단위 0개, 유효 관측 2건, 결측률 0.0%, 단위별 변화 변동성 100.0점. 제한된 비교 단위 또는 변동성 때문에 보수적으로 낮게 평가합니다. 2024·2026 두 개 연도의 NCPMS 예찰자료만 사용한 상대 위험 전망으로, 기상·재배면적·방제 변화와 2027년 실제 발생을 확정하지 않습니다. ASOS 공통 조사월 0개에서 기온·습도·강수·풍속의 관측 연관성을 추세 연장분에만 최대 ±3점으로 제한 적용(보정 +0점). 2027년 미래 기상값은 생성하거나 가정하지 않았습니다.",전망자료 부족,,,0.0,—,기상근거 부족,0,ASOS 공통 조사월 0개에서 기온·습도·강수·풍속의 관측 연관성을 추세 연장분에만 최대 ±3점으로 제한 적용(보정 +0점). 2027년 미래 기상값은 생성하거나 가정하지 않았습니다.,F27-WX1 설명가능 완화추세,"2024·2026 관측자료와 ASOS 공통 조사월의 연관성을 이용한 상대 위험 전망입니다. 2026년은 부분연도이며, 2027년 실제 기상·발생·확률을 확정하지 않습니다."
고추,시설고추-바이러스,기타,경상북도,0.0,,,전망자료 부족,낮음,9,2024,"양년 자료 없음, 공통 조사단위 0개, 유효 관측 9건, 결측률 0.0%, 단위별 변화 변동성 100.0점. 제한된 비교 단위 또는 변동성 때문에 보수적으로 낮게 평가합니다. 2024·2026 두 개 연도의 NCPMS 예찰자료만 사용한 상대 위험 전망으로, 기상·재배면적·방제 변화와 2027년 실제 발생을 확정하지 않습니다. ASOS 공통 조사월 0개에서 기온·습도·강수·풍속의 관측 연관성을 추세 연장분에만 최대 ±3점으로 제한 적용(보정 +0점). 2027년 미래 기상값은 생성하거나 가정하지 않았습니다.",전망자료 부족,,,0.0,—,기상근거 부족,0,ASOS 공통 조사월 0개에서 기온·습도·강수·풍속의 관측 연관성을 추세 연장분에만 최대 ±3점으로 제한 적용(보정 +0점). 2027년 미래 기상값은 생성하거나 가정하지 않았습니다.,F27-WX1 설명가능 완화추세,"2024·2026 관측자료와 ASOS 공통 조사월의 연관성을 이용한 상대 위험 전망입니다. 2026년은 부분연도이며, 2027년 실제 기상·발생·확률을 확정하지 않습니다."
고추,시설고추-바이러스,기타,대구광역시,0.0,,,전망자료 부족,낮음,2,2024,"양년 자료 없음, 공통 조사단위 0개, 유효 관측 2건, 결측률 0.0%, 단위별 변화 변동성 100.0점. 제한된 비교 단위 또는 변동성 때문에 보수적으로 낮게 평가합니다. 2024·2026 두 개 연도의 NCPMS 예찰자료만 사용한 상대 위험 전망으로, 기상·재배면적·방제 변화와 2027년 실제 발생을 확정하지 않습니다. ASOS 공통 조사월 0개에서 기온·습도·강수·풍속의 관측 연관성을 추세 연장분에만 최대 ±3점으로 제한 적용(보정 +0점). 2027년 미래 기상값은 생성하거나 가정하지 않았습니다.",전망자료 부족,,,0.0,—,기상근거 부족,0,ASOS 공통 조사월 0개에서 기온·습도·강수·풍속의 관측 연관성을 추세 연장분에만 최대 ±3점으로 제한 적용(보정 +0점). 2027년 미래 기상값은 생성하거나 가정하지 않았습니다.,F27-WX1 설명가능 완화추세,"2024·2026 관측자료와 ASOS 공통 조사월의 연관성을 이용한 상대 위험 전망입니다. 2026년은 부분연도이며, 2027년 실제 기상·발생·확률을 확정하지 않습니다."
고추,시설고추-바이러스,기타,전남광주통합특별시,0.0,,,전망자료 부족,낮음,2,2024,"양년 자료 없음, 공통 조사단위 0개, 유효 관측 2건, 결측률 0.0%, 단위별 변화 변동성 100.0점. 제한된 비교 단위 또는 변동성 때문에 보수적으로 낮게 평가합니다. 2024·2026 두 개 연도의 NCPMS 예찰자료만 사용한 상대 위험 전망으로, 기상·재배면적·방제 변화와 2027년 실제 발생을 확정하지 않습니다. ASOS 공통 조사월 0개에서 기온·습도·강수·풍속의 관측 연관성을 추세 연장분에만 최대 ±3점으로 제한 적용(보정 +0점). 2027년 미래 기상값은 생성하거나 가정하지 않았습니다.",전망자료 부족,,,0.0,—,기상근거 부족,0,ASOS 공통 조사월 0개에서 기온·습도·강수·풍속의 관측 연관성을 추세 연장분에만 최대 ±3점으로 제한 적용(보정 +0점). 2027년 미래 기상값은 생성하거나 가정하지 않았습니다.,F27-WX1 설명가능 완화추세,"2024·2026 관측자료와 ASOS 공통 조사월의 연관성을 이용한 상대 위험 전망입니다. 2026년은 부분연도이며, 2027년 실제 기상·발생·확률을 확정하지 않습니다."
고추,시설고추-바이러스,기타,전북특별자치도,0.0,,,전망자료 부족,낮음,2,2024,"양년 자료 없음, 공통 조사단위 0개, 유효 관측 2건, 결측률 0.0%, 단위별 변화 변동성 100.0점. 제한된 비교 단위 또는 변동성 때문에 보수적으로 낮게 평가합니다. 2024·2026 두 개 연도의 NCPMS 예찰자료만 사용한 상대 위험 전망으로, 기상·재배면적·방제 변화와 2027년 실제 발생을 확정하지 않습니다. ASOS 공통 조사월 0개에서 기온·습도·강수·풍속의 관측 연관성을 추세 연장분에만 최대 ±3점으로 제한 적용(보정 +0점). 2027년 미래 기상값은 생성하거나 가정하지 않았습니다.",전망자료 부족,,,0.0,—,기상근거 부족,0,ASOS 공통 조사월 0개에서 기온·습도·강수·풍속의 관측 연관성을 추세 연장분에만 최대 ±3점으로 제한 적용(보정 +0점). 2027년 미래 기상값은 생성하거나 가정하지 않았습니다.,F27-WX1 설명가능 완화추세,"2024·2026 관측자료와 ASOS 공통 조사월의 연관성을 이용한 상대 위험 전망입니다. 2026년은 부분연도이며, 2027년 실제 기상·발생·확률을 확정하지 않습니다."
고추,시설고추-바이러스,기타,충청남도,0.0,,,전망자료 부족,낮음,3,2024,"양년 자료 없음, 공통 조사단위 0개, 유효 관측 3건, 결측률 0.0%, 단위별 변화 변동성 100.0점. 제한된 비교 단위 또는 변동성 때문에 보수적으로 낮게 평가합니다. 2024·2026 두 개 연도의 NCPMS 예찰자료만 사용한 상대 위험 전망으로, 기상·재배면적·방제 변화와 2027년 실제 발생을 확정하지 않습니다. ASOS 공통 조사월 0개에서 기온·습도·강수·풍속의 관측 연관성을 추세 연장분에만 최대 ±3점으로 제한 적용(보정 +0점). 2027년 미래 기상값은 생성하거나 가정하지 않았습니다.",전망자료 부족,,,0.0,—,기상근거 부족,0,ASOS 공통 조사월 0개에서 기온·습도·강수·풍속의 관측 연관성을 추세 연장분에만 최대 ±3점으로 제한 적용(보정 +0점). 2027년 미래 기상값은 생성하거나 가정하지 않았습니다.,F27-WX1 설명가능 완화추세,"2024·2026 관측자료와 ASOS 공통 조사월의 연관성을 이용한 상대 위험 전망입니다. 2026년은 부분연도이며, 2027년 실제 기상·발생·확률을 확정하지 않습니다."
고추,시설고추-바이러스,기타,충청북도,0.0,,,전망자료 부족,낮음,2,2024,"양년 자료 없음, 공통 조사단위 0개, 유효 관측 2건, 결측률 0.0%, 단위별 변화 변동성 100.0점. 제한된 비교 단위 또는 변동성 때문에 보수적으로 낮게 평가합니다. 2024·2026 두 개 연도의 NCPMS 예찰자료만 사용한 상대 위험 전망으로, 기상·재배면적·방제 변화와 2027년 실제 발생을 확정하지 않습니다. ASOS 공통 조사월 0개에서 기온·습도·강수·풍속의 관측 연관성을 추세 연장분에만 최대 ±3점으로 제한 적용(보정 +0점). 2027년 미래 기상값은 생성하거나 가정하지 않았습니다.",전망자료 부족,,,0.0,—,기상근거 부족,0,ASOS 공통 조사월 0개에서 기온·습도·강수·풍속의 관측 연관성을 추세 연장분에만 최대 ±3점으로 제한 적용(보정 +0점). 2027년 미래 기상값은 생성하거나 가정하지 않았습니다.,F27-WX1 설명가능 완화추세,"2024·2026 관측자료와 ASOS 공통 조사월의 연관성을 이용한 상대 위험 전망입니다. 2026년은 부분연도이며, 2027년 실제 기상·발생·확률을 확정하지 않습니다."
배,애매미충,기타,강원특별자치도,0.0,,,전망자료 부족,낮음,2,2024,"양년 자료 없음, 공통 조사단위 0개, 유효 관측 2건, 결측률 0.0%, 단위별 변화 변동성 100.0점. 제한된 비교 단위 또는 변동성 때문에 보수적으로 낮게 평가합니다. 2024·2026 두 개 연도의 NCPMS 예찰자료만 사용한 상대 위험 전망으로, 기상·재배면적·방제 변화와 2027년 실제 발생을 확정하지 않습니다. ASOS 공통 조사월 0개에서 기온·습도·강수·풍속의 관측 연관성을 추세 연장분에만 최대 ±3점으로 제한 적용(보정 +0점). 2027년 미래 기상값은 생성하거나 가정하지 않았습니다.",전망자료 부족,,,0.0,—,기상근거 부족,0,ASOS 공통 조사월 0개에서 기온·습도·강수·풍속의 관측 연관성을 추세 연장분에만 최대 ±3점으로 제한 적용(보정 +0점). 2027년 미래 기상값은 생성하거나 가정하지 않았습니다.,F27-WX1 설명가능 완화추세,"2024·2026 관측자료와 ASOS 공통 조사월의 연관성을 이용한 상대 위험 전망입니다. 2026년은 부분연도이며, 2027년 실제 기상·발생·확률을 확정하지 않습니다."
배,애매미충,기타,경기도,0.0,,,전망자료 부족,낮음,4,2024,"양년 자료 없음, 공통 조사단위 0개, 유효 관측 4건, 결측률 0.0%, 단위별 변화 변동성 100.0점. 제한된 비교 단위 또는 변동성 때문에 보수적으로 낮게 평가합니다. 2024·2026 두 개 연도의 NCPMS 예찰자료만 사용한 상대 위험 전망으로, 기상·재배면적·방제 변화와 2027년 실제 발생을 확정하지 않습니다. ASOS 공통 조사월 0개에서 기온·습도·강수·풍속의 관측 연관성을 추세 연장분에만 최대 ±3점으로 제한 적용(보정 +0점). 2027년 미래 기상값은 생성하거나 가정하지 않았습니다.",전망자료 부족,,,0.0,—,기상근거 부족,0,ASOS 공통 조사월 0개에서 기온·습도·강수·풍속의 관측 연관성을 추세 연장분에만 최대 ±3점으로 제한 적용(보정 +0점). 2027년 미래 기상값은 생성하거나 가정하지 않았습니다.,F27-WX1 설명가능 완화추세,"2024·2026 관측자료와 ASOS 공통 조사월의 연관성을 이용한 상대 위험 전망입니다. 2026년은 부분연도이며, 2027년 실제 기상·발생·확률을 확정하지 않습니다."
배,애매미충,기타,경상남도,0.0,,,전망자료 부족,낮음,4,2024,"양년 자료 없음, 공통 조사단위 0개, 유효 관측 4건, 결측률 0.0%, 단위별 변화 변동성 100.0점. 제한된 비교 단위 또는 변동성 때문에 보수적으로 낮게 평가합니다. 2024·2026 두 개 연도의 NCPMS 예찰자료만 사용한 상대 위험 전망으로, 기상·재배면적·방제 변화와 2027년 실제 발생을 확정하지 않습니다. ASOS 공통 조사월 0개에서 기온·습도·강수·풍속의 관측 연관성을 추세 연장분에만 최대 ±3점으로 제한 적용(보정 +0점). 2027년 미래 기상값은 생성하거나 가정하지 않았습니다.",전망자료 부족,,,0.0,—,기상근거 부족,0,ASOS 공통 조사월 0개에서 기온·습도·강수·풍속의 관측 연관성을 추세 연장분에만 최대 ±3점으로 제한 적용(보정 +0점). 2027년 미래 기상값은 생성하거나 가정하지 않았습니다.,F27-WX1 설명가능 완화추세,"2024·2026 관측자료와 ASOS 공통 조사월의 연관성을 이용한 상대 위험 전망입니다. 2026년은 부분연도이며, 2027년 실제 기상·발생·확률을 확정하지 않습니다."
배,애매미충,기타,경상북도,0.0,,,전망자료 부족,낮음,4,2024,"양년 자료 없음, 공통 조사단위 0개, 유효 관측 4건, 결측률 0.0%, 단위별 변화 변동성 100.0점. 제한된 비교 단위 또는 변동성 때문에 보수적으로 낮게 평가합니다. 2024·2026 두 개 연도의 NCPMS 예찰자료만 사용한 상대 위험 전망으로, 기상·재배면적·방제 변화와 2027년 실제 발생을 확정하지 않습니다. ASOS 공통 조사월 0개에서 기온·습도·강수·풍속의 관측 연관성을 추세 연장분에만 최대 ±3점으로 제한 적용(보정 +0점). 2027년 미래 기상값은 생성하거나 가정하지 않았습니다.",전망자료 부족,,,0.0,—,기상근거 부족,0,ASOS 공통 조사월 0개에서 기온·습도·강수·풍속의 관측 연관성을 추세 연장분에만 최대 ±3점으로 제한 적용(보정 +0점). 2027년 미래 기상값은 생성하거나 가정하지 않았습니다.,F27-WX1 설명가능 완화추세,"2024·2026 관측자료와 ASOS 공통 조사월의 연관성을 이용한 상대 위험 전망입니다. 2026년은 부분연도이며, 2027년 실제 기상·발생·확률을 확정하지 않습니다."
배,애매미충,기타,세종특별자치시,0.0,,,전망자료 부족,낮음,4,2024,"양년 자료 없음, 공통 조사단위 0개, 유효 관측 4건, 결측률 0.0%, 단위별 변화 변동성 100.0점. 제한된 비교 단위 또는 변동성 때문에 보수적으로 낮게 평가합니다. 2024·2026 두 개 연도의 NCPMS 예찰자료만 사용한 상대 위험 전망으로, 기상·재배면적·방제 변화와 2027년 실제 발생을 확정하지 않습니다. ASOS 공통 조사월 0개에서 기온·습도·강수·풍속의 관측 연관성을 추세 연장분에만 최대 ±3점으로 제한 적용(보정 +0점). 2027년 미래 기상값은 생성하거나 가정하지 않았습니다.",전망자료 부족,,,0.0,—,기상근거 부족,0,ASOS 공통 조사월 0개에서 기온·습도·강수·풍속의 관측 연관성을 추세 연장분에만 최대 ±3점으로 제한 적용(보정 +0점). 2027년 미래 기상값은 생성하거나 가정하지 않았습니다.,F27-WX1 설명가능 완화추세,"2024·2026 관측자료와 ASOS 공통 조사월의 연관성을 이용한 상대 위험 전망입니다. 2026년은 부분연도이며, 2027년 실제 기상·발생·확률을 확정하지 않습니다."
배,애매미충,기타,울산광역시,0.0,,,전망자료 부족,낮음,4,2024,"양년 자료 없음, 공통 조사단위 0개, 유효 관측 4건, 결측률 0.0%, 단위별 변화 변동성 100.0점. 제한된 비교 단위 또는 변동성 때문에 보수적으로 낮게 평가합니다. 2024·2026 두 개 연도의 NCPMS 예찰자료만 사용한 상대 위험 전망으로, 기상·재배면적·방제 변화와 2027년 실제 발생을 확정하지 않습니다. ASOS 공통 조사월 0개에서 기온·습도·강수·풍속의 관측 연관성을 추세 연장분에만 최대 ±3점으로 제한 적용(보정 +0점). 2027년 미래 기상값은 생성하거나 가정하지 않았습니다.",전망자료 부족,,,0.0,—,기상근거 부족,0,ASOS 공통 조사월 0개에서 기온·습도·강수·풍속의 관측 연관성을 추세 연장분에만 최대 ±3점으로 제한 적용(보정 +0점). 2027년 미래 기상값은 생성하거나 가정하지 않았습니다.,F27-WX1 설명가능 완화추세,"2024·2026 관측자료와 ASOS 공통 조사월의 연관성을 이용한 상대 위험 전망입니다. 2026년은 부분연도이며, 2027년 실제 기상·발생·확률을 확정하지 않습니다."
배,애매미충,기타,전남광주통합특별시,0.0,,,전망자료 부족,낮음,4,2024,"양년 자료 없음, 공통 조사단위 0개, 유효 관측 4건, 결측률 0.0%, 단위별 변화 변동성 100.0점. 제한된 비교 단위 또는 변동성 때문에 보수적으로 낮게 평가합니다. 2024·2026 두 개 연도의 NCPMS 예찰자료만 사용한 상대 위험 전망으로, 기상·재배면적·방제 변화와 2027년 실제 발생을 확정하지 않습니다. ASOS 공통 조사월 0개에서 기온·습도·강수·풍속의 관측 연관성을 추세 연장분에만 최대 ±3점으로 제한 적용(보정 +0점). 2027년 미래 기상값은 생성하거나 가정하지 않았습니다.",전망자료 부족,,,0.0,—,기상근거 부족,0,ASOS 공통 조사월 0개에서 기온·습도·강수·풍속의 관측 연관성을 추세 연장분에만 최대 ±3점으로 제한 적용(보정 +0점). 2027년 미래 기상값은 생성하거나 가정하지 않았습니다.,F27-WX1 설명가능 완화추세,"2024·2026 관측자료와 ASOS 공통 조사월의 연관성을 이용한 상대 위험 전망입니다. 2026년은 부분연도이며, 2027년 실제 기상·발생·확률을 확정하지 않습니다."
배,애매미충,기타,충청남도,0.0,,,전망자료 부족,낮음,4,2024,"양년 자료 없음, 공통 조사단위 0개, 유효 관측 4건, 결측률 0.0%, 단위별 변화 변동성 100.0점. 제한된 비교 단위 또는 변동성 때문에 보수적으로 낮게 평가합니다. 2024·2026 두 개 연도의 NCPMS 예찰자료만 사용한 상대 위험 전망으로, 기상·재배면적·방제 변화와 2027년 실제 발생을 확정하지 않습니다. ASOS 공통 조사월 0개에서 기온·습도·강수·풍속의 관측 연관성을 추세 연장분에만 최대 ±3점으로 제한 적용(보정 +0점). 2027년 미래 기상값은 생성하거나 가정하지 않았습니다.",전망자료 부족,,,0.0,—,기상근거 부족,0,ASOS 공통 조사월 0개에서 기온·습도·강수·풍속의 관측 연관성을 추세 연장분에만 최대 ±3점으로 제한 적용(보정 +0점). 2027년 미래 기상값은 생성하거나 가정하지 않았습니다.,F27-WX1 설명가능 완화추세,"2024·2026 관측자료와 ASOS 공통 조사월의 연관성을 이용한 상대 위험 전망입니다. 2026년은 부분연도이며, 2027년 실제 기상·발생·확률을 확정하지 않습니다."
배,애매미충,기타,충청북도,0.0,,,전망자료 부족,낮음,4,2024,"양년 자료 없음, 공통 조사단위 0개, 유효 관측 4건, 결측률 0.0%, 단위별 변화 변동성 100.0점. 제한된 비교 단위 또는 변동성 때문에 보수적으로 낮게 평가합니다. 2024·2026 두 개 연도의 NCPMS 예찰자료만 사용한 상대 위험 전망으로, 기상·재배면적·방제 변화와 2027년 실제 발생을 확정하지 않습니다. ASOS 공통 조사월 0개에서 기온·습도·강수·풍속의 관측 연관성을 추세 연장분에만 최대 ±3점으로 제한 적용(보정 +0점). 2027년 미래 기상값은 생성하거나 가정하지 않았습니다.",전망자료 부족,,,0.0,—,기상근거 부족,0,ASOS 공통 조사월 0개에서 기온·습도·강수·풍속의 관측 연관성을 추세 연장분에만 최대 ±3점으로 제한 적용(보정 +0점). 2027년 미래 기상값은 생성하거나 가정하지 않았습니다.,F27-WX1 설명가능 완화추세,"2024·2026 관측자료와 ASOS 공통 조사월의 연관성을 이용한 상대 위험 전망입니다. 2026년은 부분연도이며, 2027년 실제 기상·발생·확률을 확정하지 않습니다."
논벼,애멸구,해충,강원특별자치도,0.0,0.0,0,유지,보통,32,2024·2026,"기준선 비교: 2026 유지 0.0점, 2024·2026 가중평균 0.0점, 선택 모델(완화 추세+표본 축소) 0.0점. 지역 변화 +0.0점을 표본가중치 0.73로 같은 병해충·작물의 지역 중앙 변화 +0.0점 방향에 축소하고, 1년 연장 변화는 ±20점으로 제한했습니다. 양년 자료 있음, 공통 조사단위 2개, 유효 관측 32건, 결측률 0.0%, 단위별 변화 변동성 0.0점. 비교는 가능하지만 표본 또는 변동성에 불확실성이 남습니다. 2024·2026 두 개 연도의 NCPMS 예찰자료만 사용한 상대 위험 전망으로, 기상·재배면적·방제 변화와 2027년 실제 발생을 확정하지 않습니다. ASOS 공통 조사월 1개에서 기온·습도·강수·풍속의 관측 연관성을 추세 연장분에만 최대 ±3점으로 제한 적용(보정 +0점). 2027년 미래 기상값은 생성하거나 가정하지 않았습니다.",관찰,0,0,0.034,습도,기상 근거 보강,1,ASOS 공통 조사월 1개에서 기온·습도·강수·풍속의 관측 연관성을 추세 연장분에만 최대 ±3점으로 제한 적용(보정 +0점). 2027년 미래 기상값은 생성하거나 가정하지 않았습니다.,F27-WX1 설명가능 완화추세,"2024·2026 관측자료와 ASOS 공통 조사월의 연관성을 이용한 상대 위험 전망입니다. 2026년은 부분연도이며, 2027년 실제 기상·발생·확률을 확정하지 않습니다."
논벼,애멸구,해충,경기도,0.0,0.0,0,유지,보통,36,2024·2026,"기준선 비교: 2026 유지 0.0점, 2024·2026 가중평균 0.0점, 선택 모델(완화 추세+표본 축소) 0.0점. 지역 변화 +0.0점을 표본가중치 0.75로 같은 병해충·작물의 지역 중앙 변화 +0.0점 방향에 축소하고, 1년 연장 변화는 ±20점으로 제한했습니다. 양년 자료 있음, 공통 조사단위 2개, 유효 관측 36건, 결측률 0.0%, 단위별 변화 변동성 0.0점. 비교는 가능하지만 표본 또는 변동성에 불확실성이 남습니다. 2024·2026 두 개 연도의 NCPMS 예찰자료만 사용한 상대 위험 전망으로, 기상·재배면적·방제 변화와 2027년 실제 발생을 확정하지 않습니다. ASOS 공통 조사월 1개에서 기온·습도·강수·풍속의 관측 연관성을 추세 연장분에만 최대 ±3점으로 제한 적용(보정 +0점). 2027년 미래 기상값은 생성하거나 가정하지 않았습니다.",관찰,0,0,-0.043,강수량,기상 근거 보강,1,ASOS 공통 조사월 1개에서 기온·습도·강수·풍속의 관측 연관성을 추세 연장분에만 최대 ±3점으로 제한 적용(보정 +0점). 2027년 미래 기상값은 생성하거나 가정하지 않았습니다.,F27-WX1 설명가능 완화추세,"2024·2026 관측자료와 ASOS 공통 조사월의 연관성을 이용한 상대 위험 전망입니다. 2026년은 부분연도이며, 2027년 실제 기상·발생·확률을 확정하지 않습니다."
논벼,애멸구,해충,경상남도,38.0,29.0,27,유지,보통,32,2024·2026,"기준선 비교: 2026 유지 29.0점, 2024·2026 가중평균 32.0점, 선택 모델(완화 추세+표본 축소) 26.8점. 지역 변화 -8.5점을 표본가중치 0.73로 같은 병해충·작물의 지역 중앙 변화 +0.0점 방향에 축소하고, 1년 연장 변화는 ±20점으로 제한했습니다. 양년 자료 있음, 공통 조사단위 2개, 유효 관측 32건, 결측률 0.0%, 단위별 변화 변동성 37.5점. 비교는 가능하지만 표본 또는 변동성에 불확실성이 남습니다. 2024·2026 두 개 연도의 NCPMS 예찰자료만 사용한 상대 위험 전망으로, 기상·재배면적·방제 변화와 2027년 실제 발생을 확정하지 않습니다. ASOS 공통 조사월 1개에서 기온·습도·강수·풍속의 관측 연관성을 추세 연장분에만 최대 ±3점으로 제한 적용(보정 +0점). 2027년 미래 기상값은 생성하거나 가정하지 않았습니다.",관찰,27,0,-0.0324,강수량,기상 근거 보강,1,ASOS 공통 조사월 1개에서 기온·습도·강수·풍속의 관측 연관성을 추세 연장분에만 최대 ±3점으로 제한 적용(보정 +0점). 2027년 미래 기상값은 생성하거나 가정하지 않았습니다.,F27-WX1 설명가능 완화추세,"2024·2026 관측자료와 ASOS 공통 조사월의 연관성을 이용한 상대 위험 전망입니다. 2026년은 부분연도이며, 2027년 실제 기상·발생·확률을 확정하지 않습니다."
논벼,애멸구,해충,경상북도,0.0,0.0,0,유지,보통,32,2024·2026,"기준선 비교: 2026 유지 0.0점, 2024·2026 가중평균 0.0점, 선택 모델(완화 추세+표본 축소) 0.0점. 지역 변화 +0.0점을 표본가중치 0.73로 같은 병해충·작물의 지역 중앙 변화 +0.0점 방향에 축소하고, 1년 연장 변화는 ±20점으로 제한했습니다. 양년 자료 있음, 공통 조사단위 2개, 유효 관측 32건, 결측률 0.0%, 단위별 변화 변동성 0.0점. 비교는 가능하지만 표본 또는 변동성에 불확실성이 남습니다. 2024·2026 두 개 연도의 NCPMS 예찰자료만 사용한 상대 위험 전망으로, 기상·재배면적·방제 변화와 2027년 실제 발생을 확정하지 않습니다. ASOS 공통 조사월 1개에서 기온·습도·강수·풍속의 관측 연관성을 추세 연장분에만 최대 ±3점으로 제한 적용(보정 +0점). 2027년 미래 기상값은 생성하거나 가정하지 않았습니다.",관찰,0,0,0.0123,습도,기상 근거 보강,1,ASOS 공통 조사월 1개에서 기온·습도·강수·풍속의 관측 연관성을 추세 연장분에만 최대 ±3점으로 제한 적용(보정 +0점). 2027년 미래 기상값은 생성하거나 가정하지 않았습니다.,F27-WX1 설명가능 완화추세,"2024·2026 관측자료와 ASOS 공통 조사월의 연관성을 이용한 상대 위험 전망입니다. 2026년은 부분연도이며, 2027년 실제 기상·발생·확률을 확정하지 않습니다."
논벼,애멸구,해충,대구광역시,0.0,0.0,0,유지,보통,32,2024·2026,"기준선 비교: 2026 유지 0.0점, 2024·2026 가중평균 0.0점, 선택 모델(완화 추세+표본 축소) 0.0점. 지역 변화 +0.0점을 표본가중치 0.73로 같은 병해충·작물의 지역 중앙 변화 +0.0점 방향에 축소하고, 1년 연장 변화는 ±20점으로 제한했습니다. 양년 자료 있음, 공통 조사단위 2개, 유효 관측 32건, 결측률 0.0%, 단위별 변화 변동성 0.0점. 비교는 가능하지만 표본 또는 변동성에 불확실성이 남습니다. 2024·2026 두 개 연도의 NCPMS 예찰자료만 사용한 상대 위험 전망으로, 기상·재배면적·방제 변화와 2027년 실제 발생을 확정하지 않습니다. ASOS 공통 조사월 1개에서 기온·습도·강수·풍속의 관측 연관성을 추세 연장분에만 최대 ±3점으로 제한 적용(보정 +0점). 2027년 미래 기상값은 생성하거나 가정하지 않았습니다.",관찰,0,0,-0.022,강수량,기상 근거 보강,1,ASOS 공통 조사월 1개에서 기온·습도·강수·풍속의 관측 연관성을 추세 연장분에만 최대 ±3점으로 제한 적용(보정 +0점). 2027년 미래 기상값은 생성하거나 가정하지 않았습니다.,F27-WX1 설명가능 완화추세,"2024·2026 관측자료와 ASOS 공통 조사월의 연관성을 이용한 상대 위험 전망입니다. 2026년은 부분연도이며, 2027년 실제 기상·발생·확률을 확정하지 않습니다."
논벼,애멸구,해충,대전광역시,0.0,0.0,0,유지,보통,32,2024·2026,"기준선 비교: 2026 유지 0.0점, 2024·2026 가중평균 0.0점, 선택 모델(완화 추세+표본 축소) 0.0점. 지역 변화 +0.0점을 표본가중치 0.73로 같은 병해충·작물의 지역 중앙 변화 +0.0점 방향에 축소하고, 1년 연장 변화는 ±20점으로 제한했습니다. 양년 자료 있음, 공통 조사단위 2개, 유효 관측 32건, 결측률 0.0%, 단위별 변화 변동성 0.0점. 비교는 가능하지만 표본 또는 변동성에 불확실성이 남습니다. 2024·2026 두 개 연도의 NCPMS 예찰자료만 사용한 상대 위험 전망으로, 기상·재배면적·방제 변화와 2027년 실제 발생을 확정하지 않습니다. ASOS 공통 조사월 1개에서 기온·습도·강수·풍속의 관측 연관성을 추세 연장분에만 최대 ±3점으로 제한 적용(보정 +0점). 2027년 미래 기상값은 생성하거나 가정하지 않았습니다.",관찰,0,0,0.0409,습도,기상 근거 보강,1,ASOS 공통 조사월 1개에서 기온·습도·강수·풍속의 관측 연관성을 추세 연장분에만 최대 ±3점으로 제한 적용(보정 +0점). 2027년 미래 기상값은 생성하거나 가정하지 않았습니다.,F27-WX1 설명가능 완화추세,"2024·2026 관측자료와 ASOS 공통 조사월의 연관성을 이용한 상대 위험 전망입니다. 2026년은 부분연도이며, 2027년 실제 기상·발생·확률을 확정하지 않습니다."
논벼,애멸구,해충,부산광역시,0.0,0.0,0,유지,보통,32,2024·2026,"기준선 비교: 2026 유지 0.0점, 2024·2026 가중평균 0.0점, 선택 모델(완화 추세+표본 축소) 0.0점. 지역 변화 +0.0점을 표본가중치 0.73로 같은 병해충·작물의 지역 중앙 변화 +0.0점 방향에 축소하고, 1년 연장 변화는 ±20점으로 제한했습니다. 양년 자료 있음, 공통 조사단위 2개, 유효 관측 32건, 결측률 0.0%, 단위별 변화 변동성 0.0점. 비교는 가능하지만 표본 또는 변동성에 불확실성이 남습니다. 2024·2026 두 개 연도의 NCPMS 예찰자료만 사용한 상대 위험 전망으로, 기상·재배면적·방제 변화와 2027년 실제 발생을 확정하지 않습니다. ASOS 공통 조사월 1개에서 기온·습도·강수·풍속의 관측 연관성을 추세 연장분에만 최대 ±3점으로 제한 적용(보정 +0점). 2027년 미래 기상값은 생성하거나 가정하지 않았습니다.",관찰,0,0,-0.0434,강수량,기상 근거 보강,1,ASOS 공통 조사월 1개에서 기온·습도·강수·풍속의 관측 연관성을 추세 연장분에만 최대 ±3점으로 제한 적용(보정 +0점). 2027년 미래 기상값은 생성하거나 가정하지 않았습니다.,F27-WX1 설명가능 완화추세,"2024·2026 관측자료와 ASOS 공통 조사월의 연관성을 이용한 상대 위험 전망입니다. 2026년은 부분연도이며, 2027년 실제 기상·발생·확률을 확정하지 않습니다."
논벼,애멸구,해충,세종특별자치시,0.0,0.0,0,유지,보통,28,2024·2026,"기준선 비교: 2026 유지 0.0점, 2024·2026 가중평균 0.0점, 선택 모델(완화 추세+표본 축소) 0.0점. 지역 변화 +0.0점을 표본가중치 0.70로 같은 병해충·작물의 지역 중앙 변화 +0.0점 방향에 축소하고, 1년 연장 변화는 ±20점으로 제한했습니다. 양년 자료 있음, 공통 조사단위 2개, 유효 관측 28건, 결측률 0.0%, 단위별 변화 변동성 0.0점. 비교는 가능하지만 표본 또는 변동성에 불확실성이 남습니다. 2024·2026 두 개 연도의 NCPMS 예찰자료만 사용한 상대 위험 전망으로, 기상·재배면적·방제 변화와 2027년 실제 발생을 확정하지 않습니다. ASOS 공통 조사월 1개에서 기온·습도·강수·풍속의 관측 연관성을 추세 연장분에만 최대 ±3점으로 제한 적용(보정 +0점). 2027년 미래 기상값은 생성하거나 가정하지 않았습니다.",관찰,0,0,0.0112,습도,기상 근거 보강,1,ASOS 공통 조사월 1개에서 기온·습도·강수·풍속의 관측 연관성을 추세 연장분에만 최대 ±3점으로 제한 적용(보정 +0점). 2027년 미래 기상값은 생성하거나 가정하지 않았습니다.,F27-WX1 설명가능 완화추세,"2024·2026 관측자료와 ASOS 공통 조사월의 연관성을 이용한 상대 위험 전망입니다. 2026년은 부분연도이며, 2027년 실제 기상·발생·확률을 확정하지 않습니다."
논벼,애멸구,해충,울산광역시,0.0,0.0,0,유지,보통,32,2024·2026,"기준선 비교: 2026 유지 0.0점, 2024·2026 가중평균 0.0점, 선택 모델(완화 추세+표본 축소) 0.0점. 지역 변화 +0.0점을 표본가중치 0.73로 같은 병해충·작물의 지역 중앙 변화 +0.0점 방향에 축소하고, 1년 연장 변화는 ±20점으로 제한했습니다. 양년 자료 있음, 공통 조사단위 2개, 유효 관측 32건, 결측률 0.0%, 단위별 변화 변동성 0.0점. 비교는 가능하지만 표본 또는 변동성에 불확실성이 남습니다. 2024·2026 두 개 연도의 NCPMS 예찰자료만 사용한 상대 위험 전망으로, 기상·재배면적·방제 변화와 2027년 실제 발생을 확정하지 않습니다. ASOS 공통 조사월 1개에서 기온·습도·강수·풍속의 관측 연관성을 추세 연장분에만 최대 ±3점으로 제한 적용(보정 +0점). 2027년 미래 기상값은 생성하거나 가정하지 않았습니다.",관찰,0,0,0.001,습도,기상 근거 보강,1,ASOS 공통 조사월 1개에서 기온·습도·강수·풍속의 관측 연관성을 추세 연장분에만 최대 ±3점으로 제한 적용(보정 +0점). 2027년 미래 기상값은 생성하거나 가정하지 않았습니다.,F27-WX1 설명가능 완화추세,"2024·2026 관측자료와 ASOS 공통 조사월의 연관성을 이용한 상대 위험 전망입니다. 2026년은 부분연도이며, 2027년 실제 기상·발생·확률을 확정하지 않습니다."
논벼,애멸구,해충,인천광역시,0.0,0.0,0,유지,보통,32,2024·2026,"기준선 비교: 2026 유지 0.0점, 2024·2026 가중평균 0.0점, 선택 모델(완화 추세+표본 축소) 0.0점. 지역 변화 +0.0점을 표본가중치 0.73로 같은 병해충·작물의 지역 중앙 변화 +0.0점 방향에 축소하고, 1년 연장 변화는 ±20점으로 제한했습니다. 양년 자료 있음, 공통 조사단위 2개, 유효 관측 32건, 결측률 0.0%, 단위별 변화 변동성 0.0점. 비교는 가능하지만 표본 또는 변동성에 불확실성이 남습니다. 2024·2026 두 개 연도의 NCPMS 예찰자료만 사용한 상대 위험 전망으로, 기상·재배면적·방제 변화와 2027년 실제 발생을 확정하지 않습니다. ASOS 공통 조사월 1개에서 기온·습도·강수·풍속의 관측 연관성을 추세 연장분에만 최대 ±3점으로 제한 적용(보정 +0점). 2027년 미래 기상값은 생성하거나 가정하지 않았습니다.",관찰,0,0,-0.0014,강수량,기상 근거 보강,1,ASOS 공통 조사월 1개에서 기온·습도·강수·풍속의 관측 연관성을 추세 연장분에만 최대 ±3점으로 제한 적용(보정 +0점). 2027년 미래 기상값은 생성하거나 가정하지 않았습니다.,F27-WX1 설명가능 완화추세,"2024·2026 관측자료와 ASOS 공통 조사월의 연관성을 이용한 상대 위험 전망입니다. 2026년은 부분연도이며, 2027년 실제 기상·발생·확률을 확정하지 않습니다."
논벼,애멸구,해충,전남광주통합특별시,50.0,68.0,72,유지,보통,32,2024·2026,"기준선 비교: 2026 유지 67.8점, 2024·2026 가중평균 61.6점, 선택 모델(완화 추세+표본 축소) 72.3점. 지역 변화 +17.8점을 표본가중치 0.73로 같은 병해충·작물의 지역 중앙 변화 +0.0점 방향에 축소하고, 1년 연장 변화는 ±20점으로 제한했습니다. 양년 자료 있음, 공통 조사단위 2개, 유효 관측 32건, 결측률 0.0%, 단위별 변화 변동성 3.3점. 비교는 가능하지만 표본 또는 변동성에 불확실성이 남습니다. 2024·2026 두 개 연도의 NCPMS 예찰자료만 사용한 상대 위험 전망으로, 기상·재배면적·방제 변화와 2027년 실제 발생을 확정하지 않습니다. ASOS 공통 조사월 1개에서 기온·습도·강수·풍속의 관측 연관성을 추세 연장분에만 최대 ±3점으로 제한 적용(보정 +0점). 2027년 미래 기상값은 생성하거나 가정하지 않았습니다.",고위험,72,0,-0.0364,강수량,기상 근거 보강,1,ASOS 공통 조사월 1개에서 기온·습도·강수·풍속의 관측 연관성을 추세 연장분에만 최대 ±3점으로 제한 적용(보정 +0점). 2027년 미래 기상값은 생성하거나 가정하지 않았습니다.,F27-WX1 설명가능 완화추세,"2024·2026 관측자료와 ASOS 공통 조사월의 연관성을 이용한 상대 위험 전망입니다. 2026년은 부분연도이며, 2027년 실제 기상·발생·확률을 확정하지 않습니다."
논벼,애멸구,해충,전북특별자치도,0.0,8.0,10,유지,보통,32,2024·2026,"기준선 비교: 2026 유지 8.2점, 2024·2026 가중평균 5.3점, 선택 모델(완화 추세+표본 축소) 10.2점. 지역 변화 +8.2점을 표본가중치 0.73로 같은 병해충·작물의 지역 중앙 변화 +0.0점 방향에 축소하고, 1년 연장 변화는 ±20점으로 제한했습니다. 양년 자료 있음, 공통 조사단위 2개, 유효 관측 32건, 결측률 0.0%, 단위별 변화 변동성 0.0점. 비교는 가능하지만 표본 또는 변동성에 불확실성이 남습니다. 2024·2026 두 개 연도의 NCPMS 예찰자료만 사용한 상대 위험 전망으로, 기상·재배면적·방제 변화와 2027년 실제 발생을 확정하지 않습니다. ASOS 공통 조사월 1개에서 기온·습도·강수·풍속의 관측 연관성을 추세 연장분에만 최대 ±3점으로 제한 적용(보정 +0점). 2027년 미래 기상값은 생성하거나 가정하지 않았습니다.",관찰,10,0,-0.0253,강수량,기상 근거 보강,1,ASOS 공통 조사월 1개에서 기온·습도·강수·풍속의 관측 연관성을 추세 연장분에만 최대 ±3점으로 제한 적용(보정 +0점). 2027년 미래 기상값은 생성하거나 가정하지 않았습니다.,F27-WX1 설명가능 완화추세,"2024·2026 관측자료와 ASOS 공통 조사월의 연관성을 이용한 상대 위험 전망입니다. 2026년은 부분연도이며, 2027년 실제 기상·발생·확률을 확정하지 않습니다."
논벼,애멸구,해충,충청남도,37.0,0.0,0,유지,보통,32,2024·2026,"기준선 비교: 2026 유지 0.0점, 2024·2026 가중평균 13.2점, 선택 모델(완화 추세+표본 축소) 0.0점. 지역 변화 -37.5점을 표본가중치 0.73로 같은 병해충·작물의 지역 중앙 변화 +0.0점 방향에 축소하고, 1년 연장 변화는 ±20점으로 제한했습니다. 양년 자료 있음, 공통 조사단위 2개, 유효 관측 32건, 결측률 0.0%, 단위별 변화 변동성 0.1점. 비교는 가능하지만 표본 또는 변동성에 불확실성이 남습니다. 2024·2026 두 개 연도의 NCPMS 예찰자료만 사용한 상대 위험 전망으로, 기상·재배면적·방제 변화와 2027년 실제 발생을 확정하지 않습니다. ASOS 공통 조사월 1개에서 기온·습도·강수·풍속의 관측 연관성을 추세 연장분에만 최대 ±3점으로 제한 적용(보정 +0점). 2027년 미래 기상값은 생성하거나 가정하지 않았습니다.",관찰,0,0,-0.0166,강수량,기상 근거 보강,1,ASOS 공통 조사월 1개에서 기온·습도·강수·풍속의 관측 연관성을 추세 연장분에만 최대 ±3점으로 제한 적용(보정 +0점). 2027년 미래 기상값은 생성하거나 가정하지 않았습니다.,F27-WX1 설명가능 완화추세,"2024·2026 관측자료와 ASOS 공통 조사월의 연관성을 이용한 상대 위험 전망입니다. 2026년은 부분연도이며, 2027년 실제 기상·발생·확률을 확정하지 않습니다."
논벼,애멸구,해충,충청북도,0.0,0.0,0,유지,보통,36,2024·2026,"기준선 비교: 2026 유지 0.0점, 2024·2026 가중평균 0.0점, 선택 모델(완화 추세+표본 축소) 0.0점. 지역 변화 +0.0점을 표본가중치 0.75로 같은 병해충·작물의 지역 중앙 변화 +0.0점 방향에 축소하고, 1년 연장 변화는 ±20점으로 제한했습니다. 양년 자료 있음, 공통 조사단위 2개, 유효 관측 36건, 결측률 0.0%, 단위별 변화 변동성 0.0점. 비교는 가능하지만 표본 또는 변동성에 불확실성이 남습니다. 2024·2026 두 개 연도의 NCPMS 예찰자료만 사용한 상대 위험 전망으로, 기상·재배면적·방제 변화와 2027년 실제 발생을 확정하지 않습니다. ASOS 공통 조사월 1개에서 기온·습도·강수·풍속의 관측 연관성을 추세 연장분에만 최대 ±3점으로 제한 적용(보정 +0점). 2027년 미래 기상값은 생성하거나 가정하지 않았습니다.",관찰,0,0,-0.0149,강수량,기상 근거 보강,1,ASOS 공통 조사월 1개에서 기온·습도·강수·풍속의 관측 연관성을 추세 연장분에만 최대 ±3점으로 제한 적용(보정 +0점). 2027년 미래 기상값은 생성하거나 가정하지 않았습니다.,F27-WX1 설명가능 완화추세,"2024·2026 관측자료와 ASOS 공통 조사월의 연관성을 이용한 상대 위험 전망입니다. 2026년은 부분연도이며, 2027년 실제 기상·발생·확률을 확정하지 않습니다."
무,여름무-검은썩음병,병해,강원특별자치도,,0.0,,전망자료 부족,낮음,8,2026,"양년 자료 없음, 공통 조사단위 0개, 유효 관측 8건, 결측률 0.0%, 단위별 변화 변동성 100.0점. 제한된 비교 단위 또는 변동성 때문에 보수적으로 낮게 평가합니다. 2024·2026 두 개 연도의 NCPMS 예찰자료만 사용한 상대 위험 전망으로, 기상·재배면적·방제 변화와 2027년 실제 발생을 확정하지 않습니다. ASOS 공통 조사월 0개에서 기온·습도·강수·풍속의 관측 연관성을 추세 연장분에만 최대 ±3점으로 제한 적용(보정 +0점). 2027년 미래 기상값은 생성하거나 가정하지 않았습니다.",전망자료 부족,,,0.0,—,기상근거 부족,0,ASOS 공통 조사월 0개에서 기온·습도·강수·풍속의 관측 연관성을 추세 연장분에만 최대 ±3점으로 제한 적용(보정 +0점). 2027년 미래 기상값은 생성하거나 가정하지 않았습니다.,F27-WX1 설명가능 완화추세,"2024·2026 관측자료와 ASOS 공통 조사월의 연관성을 이용한 상대 위험 전망입니다. 2026년은 부분연도이며, 2027년 실제 기상·발생·확률을 확정하지 않습니다."
무,여름무-노균병,병해,강원특별자치도,,25.0,,전망자료 부족,낮음,8,2026,"양년 자료 없음, 공통 조사단위 0개, 유효 관측 8건, 결측률 0.0%, 단위별 변화 변동성 100.0점. 제한된 비교 단위 또는 변동성 때문에 보수적으로 낮게 평가합니다. 2024·2026 두 개 연도의 NCPMS 예찰자료만 사용한 상대 위험 전망으로, 기상·재배면적·방제 변화와 2027년 실제 발생을 확정하지 않습니다. ASOS 공통 조사월 0개에서 기온·습도·강수·풍속의 관측 연관성을 추세 연장분에만 최대 ±3점으로 제한 적용(보정 +0점). 2027년 미래 기상값은 생성하거나 가정하지 않았습니다.",전망자료 부족,,,0.0,—,기상근거 부족,0,ASOS 공통 조사월 0개에서 기온·습도·강수·풍속의 관측 연관성을 추세 연장분에만 최대 ±3점으로 제한 적용(보정 +0점). 2027년 미래 기상값은 생성하거나 가정하지 않았습니다.,F27-WX1 설명가능 완화추세,"2024·2026 관측자료와 ASOS 공통 조사월의 연관성을 이용한 상대 위험 전망입니다. 2026년은 부분연도이며, 2027년 실제 기상·발생·확률을 확정하지 않습니다."
무,여름무-무름병,병해,강원특별자치도,,25.0,,전망자료 부족,낮음,8,2026,"양년 자료 없음, 공통 조사단위 0개, 유효 관측 8건, 결측률 0.0%, 단위별 변화 변동성 100.0점. 제한된 비교 단위 또는 변동성 때문에 보수적으로 낮게 평가합니다. 2024·2026 두 개 연도의 NCPMS 예찰자료만 사용한 상대 위험 전망으로, 기상·재배면적·방제 변화와 2027년 실제 발생을 확정하지 않습니다. ASOS 공통 조사월 0개에서 기온·습도·강수·풍속의 관측 연관성을 추세 연장분에만 최대 ±3점으로 제한 적용(보정 +0점). 2027년 미래 기상값은 생성하거나 가정하지 않았습니다.",전망자료 부족,,,0.0,—,기상근거 부족,0,ASOS 공통 조사월 0개에서 기온·습도·강수·풍속의 관측 연관성을 추세 연장분에만 최대 ±3점으로 제한 적용(보정 +0점). 2027년 미래 기상값은 생성하거나 가정하지 않았습니다.,F27-WX1 설명가능 완화추세,"2024·2026 관측자료와 ASOS 공통 조사월의 연관성을 이용한 상대 위험 전망입니다. 2026년은 부분연도이며, 2027년 실제 기상·발생·확률을 확정하지 않습니다."
무,여름무-바이러스병,바이러스,강원특별자치도,,0.0,,전망자료 부족,낮음,8,2026,"양년 자료 없음, 공통 조사단위 0개, 유효 관측 8건, 결측률 0.0%, 단위별 변화 변동성 100.0점. 제한된 비교 단위 또는 변동성 때문에 보수적으로 낮게 평가합니다. 2024·2026 두 개 연도의 NCPMS 예찰자료만 사용한 상대 위험 전망으로, 기상·재배면적·방제 변화와 2027년 실제 발생을 확정하지 않습니다. ASOS 공통 조사월 0개에서 기온·습도·강수·풍속의 관측 연관성을 추세 연장분에만 최대 ±3점으로 제한 적용(보정 +0점). 2027년 미래 기상값은 생성하거나 가정하지 않았습니다.",전망자료 부족,,,0.0,—,기상근거 부족,0,ASOS 공통 조사월 0개에서 기온·습도·강수·풍속의 관측 연관성을 추세 연장분에만 최대 ±3점으로 제한 적용(보정 +0점). 2027년 미래 기상값은 생성하거나 가정하지 않았습니다.,F27-WX1 설명가능 완화추세,"2024·2026 관측자료와 ASOS 공통 조사월의 연관성을 이용한 상대 위험 전망입니다. 2026년은 부분연도이며, 2027년 실제 기상·발생·확률을 확정하지 않습니다."
무,여름무-뿌리혹병,병해,강원특별자치도,,0.0,,전망자료 부족,낮음,8,2026,"양년 자료 없음, 공통 조사단위 0개, 유효 관측 8건, 결측률 0.0%, 단위별 변화 변동성 100.0점. 제한된 비교 단위 또는 변동성 때문에 보수적으로 낮게 평가합니다. 2024·2026 두 개 연도의 NCPMS 예찰자료만 사용한 상대 위험 전망으로, 기상·재배면적·방제 변화와 2027년 실제 발생을 확정하지 않습니다. ASOS 공통 조사월 0개에서 기온·습도·강수·풍속의 관측 연관성을 추세 연장분에만 최대 ±3점으로 제한 적용(보정 +0점). 2027년 미래 기상값은 생성하거나 가정하지 않았습니다.",전망자료 부족,,,0.0,—,기상근거 부족,0,ASOS 공통 조사월 0개에서 기온·습도·강수·풍속의 관측 연관성을 추세 연장분에만 최대 ±3점으로 제한 적용(보정 +0점). 2027년 미래 기상값은 생성하거나 가정하지 않았습니다.,F27-WX1 설명가능 완화추세,"2024·2026 관측자료와 ASOS 공통 조사월의 연관성을 이용한 상대 위험 전망입니다. 2026년은 부분연도이며, 2027년 실제 기상·발생·확률을 확정하지 않습니다."
배추,여름배추-검은무늬병,병해,강원특별자치도,,0.0,,전망자료 부족,낮음,8,2026,"양년 자료 없음, 공통 조사단위 0개, 유효 관측 8건, 결측률 0.0%, 단위별 변화 변동성 100.0점. 제한된 비교 단위 또는 변동성 때문에 보수적으로 낮게 평가합니다. 2024·2026 두 개 연도의 NCPMS 예찰자료만 사용한 상대 위험 전망으로, 기상·재배면적·방제 변화와 2027년 실제 발생을 확정하지 않습니다. ASOS 공통 조사월 0개에서 기온·습도·강수·풍속의 관측 연관성을 추세 연장분에만 최대 ±3점으로 제한 적용(보정 +0점). 2027년 미래 기상값은 생성하거나 가정하지 않았습니다.",전망자료 부족,,,0.0,—,기상근거 부족,0,ASOS 공통 조사월 0개에서 기온·습도·강수·풍속의 관측 연관성을 추세 연장분에만 최대 ±3점으로 제한 적용(보정 +0점). 2027년 미래 기상값은 생성하거나 가정하지 않았습니다.,F27-WX1 설명가능 완화추세,"2024·2026 관측자료와 ASOS 공통 조사월의 연관성을 이용한 상대 위험 전망입니다. 2026년은 부분연도이며, 2027년 실제 기상·발생·확률을 확정하지 않습니다."
배추,여름배추-노균병,병해,강원특별자치도,,0.0,,전망자료 부족,낮음,8,2026,"양년 자료 없음, 공통 조사단위 0개, 유효 관측 8건, 결측률 0.0%, 단위별 변화 변동성 100.0점. 제한된 비교 단위 또는 변동성 때문에 보수적으로 낮게 평가합니다. 2024·2026 두 개 연도의 NCPMS 예찰자료만 사용한 상대 위험 전망으로, 기상·재배면적·방제 변화와 2027년 실제 발생을 확정하지 않습니다. ASOS 공통 조사월 0개에서 기온·습도·강수·풍속의 관측 연관성을 추세 연장분에만 최대 ±3점으로 제한 적용(보정 +0점). 2027년 미래 기상값은 생성하거나 가정하지 않았습니다.",전망자료 부족,,,0.0,—,기상근거 부족,0,ASOS 공통 조사월 0개에서 기온·습도·강수·풍속의 관측 연관성을 추세 연장분에만 최대 ±3점으로 제한 적용(보정 +0점). 2027년 미래 기상값은 생성하거나 가정하지 않았습니다.,F27-WX1 설명가능 완화추세,"2024·2026 관측자료와 ASOS 공통 조사월의 연관성을 이용한 상대 위험 전망입니다. 2026년은 부분연도이며, 2027년 실제 기상·발생·확률을 확정하지 않습니다."
배추,여름배추-무름병,병해,강원특별자치도,,27.0,,전망자료 부족,낮음,8,2026,"양년 자료 없음, 공통 조사단위 0개, 유효 관측 8건, 결측률 0.0%, 단위별 변화 변동성 100.0점. 제한된 비교 단위 또는 변동성 때문에 보수적으로 낮게 평가합니다. 2024·2026 두 개 연도의 NCPMS 예찰자료만 사용한 상대 위험 전망으로, 기상·재배면적·방제 변화와 2027년 실제 발생을 확정하지 않습니다. ASOS 공통 조사월 0개에서 기온·습도·강수·풍속의 관측 연관성을 추세 연장분에만 최대 ±3점으로 제한 적용(보정 +0점). 2027년 미래 기상값은 생성하거나 가정하지 않았습니다.",전망자료 부족,,,0.0,—,기상근거 부족,0,ASOS 공통 조사월 0개에서 기온·습도·강수·풍속의 관측 연관성을 추세 연장분에만 최대 ±3점으로 제한 적용(보정 +0점). 2027년 미래 기상값은 생성하거나 가정하지 않았습니다.,F27-WX1 설명가능 완화추세,"2024·2026 관측자료와 ASOS 공통 조사월의 연관성을 이용한 상대 위험 전망입니다. 2026년은 부분연도이며, 2027년 실제 기상·발생·확률을 확정하지 않습니다."
배추,여름배추-바이러스병,바이러스,강원특별자치도,,0.0,,전망자료 부족,낮음,8,2026,"양년 자료 없음, 공통 조사단위 0개, 유효 관측 8건, 결측률 0.0%, 단위별 변화 변동성 100.0점. 제한된 비교 단위 또는 변동성 때문에 보수적으로 낮게 평가합니다. 2024·2026 두 개 연도의 NCPMS 예찰자료만 사용한 상대 위험 전망으로, 기상·재배면적·방제 변화와 2027년 실제 발생을 확정하지 않습니다. ASOS 공통 조사월 0개에서 기온·습도·강수·풍속의 관측 연관성을 추세 연장분에만 최대 ±3점으로 제한 적용(보정 +0점). 2027년 미래 기상값은 생성하거나 가정하지 않았습니다.",전망자료 부족,,,0.0,—,기상근거 부족,0,ASOS 공통 조사월 0개에서 기온·습도·강수·풍속의 관측 연관성을 추세 연장분에만 최대 ±3점으로 제한 적용(보정 +0점). 2027년 미래 기상값은 생성하거나 가정하지 않았습니다.,F27-WX1 설명가능 완화추세,"2024·2026 관측자료와 ASOS 공통 조사월의 연관성을 이용한 상대 위험 전망입니다. 2026년은 부분연도이며, 2027년 실제 기상·발생·확률을 확정하지 않습니다."
배추,여름배추-배추좀나방,해충,강원특별자치도,,0.0,,전망자료 부족,낮음,8,2026,"양년 자료 없음, 공통 조사단위 0개, 유효 관측 8건, 결측률 0.0%, 단위별 변화 변동성 100.0점. 제한된 비교 단위 또는 변동성 때문에 보수적으로 낮게 평가합니다. 2024·2026 두 개 연도의 NCPMS 예찰자료만 사용한 상대 위험 전망으로, 기상·재배면적·방제 변화와 2027년 실제 발생을 확정하지 않습니다. ASOS 공통 조사월 0개에서 기온·습도·강수·풍속의 관측 연관성을 추세 연장분에만 최대 ±3점으로 제한 적용(보정 +0점). 2027년 미래 기상값은 생성하거나 가정하지 않았습니다.",전망자료 부족,,,0.0,—,기상근거 부족,0,ASOS 공통 조사월 0개에서 기온·습도·강수·풍속의 관측 연관성을 추세 연장분에만 최대 ±3점으로 제한 적용(보정 +0점). 2027년 미래 기상값은 생성하거나 가정하지 않았습니다.,F27-WX1 설명가능 완화추세,"2024·2026 관측자료와 ASOS 공통 조사월의 연관성을 이용한 상대 위험 전망입니다. 2026년은 부분연도이며, 2027년 실제 기상·발생·확률을 확정하지 않습니다."
배추,여름배추-뿌리마름병,병해,강원특별자치도,,0.0,,전망자료 부족,낮음,8,2026,"양년 자료 없음, 공통 조사단위 0개, 유효 관측 8건, 결측률 0.0%, 단위별 변화 변동성 100.0점. 제한된 비교 단위 또는 변동성 때문에 보수적으로 낮게 평가합니다. 2024·2026 두 개 연도의 NCPMS 예찰자료만 사용한 상대 위험 전망으로, 기상·재배면적·방제 변화와 2027년 실제 발생을 확정하지 않습니다. ASOS 공통 조사월 0개에서 기온·습도·강수·풍속의 관측 연관성을 추세 연장분에만 최대 ±3점으로 제한 적용(보정 +0점). 2027년 미래 기상값은 생성하거나 가정하지 않았습니다.",전망자료 부족,,,0.0,—,기상근거 부족,0,ASOS 공통 조사월 0개에서 기온·습도·강수·풍속의 관측 연관성을 추세 연장분에만 최대 ±3점으로 제한 적용(보정 +0점). 2027년 미래 기상값은 생성하거나 가정하지 않았습니다.,F27-WX1 설명가능 완화추세,"2024·2026 관측자료와 ASOS 공통 조사월의 연관성을 이용한 상대 위험 전망입니다. 2026년은 부분연도이며, 2027년 실제 기상·발생·확률을 확정하지 않습니다."
배추,여름배추-진딧물류,해충,강원특별자치도,,0.0,,전망자료 부족,낮음,8,2026,"양년 자료 없음, 공통 조사단위 0개, 유효 관측 8건, 결측률 0.0%, 단위별 변화 변동성 100.0점. 제한된 비교 단위 또는 변동성 때문에 보수적으로 낮게 평가합니다. 2024·2026 두 개 연도의 NCPMS 예찰자료만 사용한 상대 위험 전망으로, 기상·재배면적·방제 변화와 2027년 실제 발생을 확정하지 않습니다. ASOS 공통 조사월 0개에서 기온·습도·강수·풍속의 관측 연관성을 추세 연장분에만 최대 ±3점으로 제한 적용(보정 +0점). 2027년 미래 기상값은 생성하거나 가정하지 않았습니다.",전망자료 부족,,,0.0,—,기상근거 부족,0,ASOS 공통 조사월 0개에서 기온·습도·강수·풍속의 관측 연관성을 추세 연장분에만 최대 ±3점으로 제한 적용(보정 +0점). 2027년 미래 기상값은 생성하거나 가정하지 않았습니다.,F27-WX1 설명가능 완화추세,"2024·2026 관측자료와 ASOS 공통 조사월의 연관성을 이용한 상대 위험 전망입니다. 2026년은 부분연도이며, 2027년 실제 기상·발생·확률을 확정하지 않습니다."
배추,여름배추-흰무늬병,병해,강원특별자치도,,0.0,,전망자료 부족,낮음,8,2026,"양년 자료 없음, 공통 조사단위 0개, 유효 관측 8건, 결측률 0.0%, 단위별 변화 변동성 100.0점. 제한된 비교 단위 또는 변동성 때문에 보수적으로 낮게 평가합니다. 2024·2026 두 개 연도의 NCPMS 예찰자료만 사용한 상대 위험 전망으로, 기상·재배면적·방제 변화와 2027년 실제 발생을 확정하지 않습니다. ASOS 공통 조사월 0개에서 기온·습도·강수·풍속의 관측 연관성을 추세 연장분에만 최대 ±3점으로 제한 적용(보정 +0점). 2027년 미래 기상값은 생성하거나 가정하지 않았습니다.",전망자료 부족,,,0.0,—,기상근거 부족,0,ASOS 공통 조사월 0개에서 기온·습도·강수·풍속의 관측 연관성을 추세 연장분에만 최대 ±3점으로 제한 적용(보정 +0점). 2027년 미래 기상값은 생성하거나 가정하지 않았습니다.,F27-WX1 설명가능 완화추세,"2024·2026 관측자료와 ASOS 공통 조사월의 연관성을 이용한 상대 위험 전망입니다. 2026년은 부분연도이며, 2027년 실제 기상·발생·확률을 확정하지 않습니다."
감귤,역병,병해,제주특별자치도,,0.0,,전망자료 부족,낮음,7,2026,"양년 자료 없음, 공통 조사단위 0개, 유효 관측 7건, 결측률 0.0%, 단위별 변화 변동성 100.0점. 제한된 비교 단위 또는 변동성 때문에 보수적으로 낮게 평가합니다. 2024·2026 두 개 연도의 NCPMS 예찰자료만 사용한 상대 위험 전망으로, 기상·재배면적·방제 변화와 2027년 실제 발생을 확정하지 않습니다. ASOS 공통 조사월 0개에서 기온·습도·강수·풍속의 관측 연관성을 추세 연장분에만 최대 ±3점으로 제한 적용(보정 +0점). 2027년 미래 기상값은 생성하거나 가정하지 않았습니다.",전망자료 부족,,,0.0,—,기상근거 부족,0,ASOS 공통 조사월 0개에서 기온·습도·강수·풍속의 관측 연관성을 추세 연장분에만 최대 ±3점으로 제한 적용(보정 +0점). 2027년 미래 기상값은 생성하거나 가정하지 않았습니다.,F27-WX1 설명가능 완화추세,"2024·2026 관측자료와 ASOS 공통 조사월의 연관성을 이용한 상대 위험 전망입니다. 2026년은 부분연도이며, 2027년 실제 기상·발생·확률을 확정하지 않습니다."
고추,역병,병해,강원특별자치도,0.0,,,전망자료 부족,낮음,2,2024,"양년 자료 없음, 공통 조사단위 0개, 유효 관측 2건, 결측률 0.0%, 단위별 변화 변동성 100.0점. 제한된 비교 단위 또는 변동성 때문에 보수적으로 낮게 평가합니다. 2024·2026 두 개 연도의 NCPMS 예찰자료만 사용한 상대 위험 전망으로, 기상·재배면적·방제 변화와 2027년 실제 발생을 확정하지 않습니다. ASOS 공통 조사월 0개에서 기온·습도·강수·풍속의 관측 연관성을 추세 연장분에만 최대 ±3점으로 제한 적용(보정 +0점). 2027년 미래 기상값은 생성하거나 가정하지 않았습니다.",전망자료 부족,,,0.0,—,기상근거 부족,0,ASOS 공통 조사월 0개에서 기온·습도·강수·풍속의 관측 연관성을 추세 연장분에만 최대 ±3점으로 제한 적용(보정 +0점). 2027년 미래 기상값은 생성하거나 가정하지 않았습니다.,F27-WX1 설명가능 완화추세,"2024·2026 관측자료와 ASOS 공통 조사월의 연관성을 이용한 상대 위험 전망입니다. 2026년은 부분연도이며, 2027년 실제 기상·발생·확률을 확정하지 않습니다."
고추,역병,병해,경기도,0.0,,,전망자료 부족,낮음,2,2024,"양년 자료 없음, 공통 조사단위 0개, 유효 관측 2건, 결측률 0.0%, 단위별 변화 변동성 100.0점. 제한된 비교 단위 또는 변동성 때문에 보수적으로 낮게 평가합니다. 2024·2026 두 개 연도의 NCPMS 예찰자료만 사용한 상대 위험 전망으로, 기상·재배면적·방제 변화와 2027년 실제 발생을 확정하지 않습니다. ASOS 공통 조사월 0개에서 기온·습도·강수·풍속의 관측 연관성을 추세 연장분에만 최대 ±3점으로 제한 적용(보정 +0점). 2027년 미래 기상값은 생성하거나 가정하지 않았습니다.",전망자료 부족,,,0.0,—,기상근거 부족,0,ASOS 공통 조사월 0개에서 기온·습도·강수·풍속의 관측 연관성을 추세 연장분에만 최대 ±3점으로 제한 적용(보정 +0점). 2027년 미래 기상값은 생성하거나 가정하지 않았습니다.,F27-WX1 설명가능 완화추세,"2024·2026 관측자료와 ASOS 공통 조사월의 연관성을 이용한 상대 위험 전망입니다. 2026년은 부분연도이며, 2027년 실제 기상·발생·확률을 확정하지 않습니다."
고추,역병,병해,경상남도,0.0,,,전망자료 부족,낮음,2,2024,"양년 자료 없음, 공통 조사단위 0개, 유효 관측 2건, 결측률 0.0%, 단위별 변화 변동성 100.0점. 제한된 비교 단위 또는 변동성 때문에 보수적으로 낮게 평가합니다. 2024·2026 두 개 연도의 NCPMS 예찰자료만 사용한 상대 위험 전망으로, 기상·재배면적·방제 변화와 2027년 실제 발생을 확정하지 않습니다. ASOS 공통 조사월 0개에서 기온·습도·강수·풍속의 관측 연관성을 추세 연장분에만 최대 ±3점으로 제한 적용(보정 +0점). 2027년 미래 기상값은 생성하거나 가정하지 않았습니다.",전망자료 부족,,,0.0,—,기상근거 부족,0,ASOS 공통 조사월 0개에서 기온·습도·강수·풍속의 관측 연관성을 추세 연장분에만 최대 ±3점으로 제한 적용(보정 +0점). 2027년 미래 기상값은 생성하거나 가정하지 않았습니다.,F27-WX1 설명가능 완화추세,"2024·2026 관측자료와 ASOS 공통 조사월의 연관성을 이용한 상대 위험 전망입니다. 2026년은 부분연도이며, 2027년 실제 기상·발생·확률을 확정하지 않습니다."
고추,역병,병해,경상북도,0.0,,,전망자료 부족,낮음,9,2024,"양년 자료 없음, 공통 조사단위 0개, 유효 관측 9건, 결측률 0.0%, 단위별 변화 변동성 100.0점. 제한된 비교 단위 또는 변동성 때문에 보수적으로 낮게 평가합니다. 2024·2026 두 개 연도의 NCPMS 예찰자료만 사용한 상대 위험 전망으로, 기상·재배면적·방제 변화와 2027년 실제 발생을 확정하지 않습니다. ASOS 공통 조사월 0개에서 기온·습도·강수·풍속의 관측 연관성을 추세 연장분에만 최대 ±3점으로 제한 적용(보정 +0점). 2027년 미래 기상값은 생성하거나 가정하지 않았습니다.",전망자료 부족,,,0.0,—,기상근거 부족,0,ASOS 공통 조사월 0개에서 기온·습도·강수·풍속의 관측 연관성을 추세 연장분에만 최대 ±3점으로 제한 적용(보정 +0점). 2027년 미래 기상값은 생성하거나 가정하지 않았습니다.,F27-WX1 설명가능 완화추세,"2024·2026 관측자료와 ASOS 공통 조사월의 연관성을 이용한 상대 위험 전망입니다. 2026년은 부분연도이며, 2027년 실제 기상·발생·확률을 확정하지 않습니다."
고추,역병,병해,대구광역시,0.0,,,전망자료 부족,낮음,2,2024,"양년 자료 없음, 공통 조사단위 0개, 유효 관측 2건, 결측률 0.0%, 단위별 변화 변동성 100.0점. 제한된 비교 단위 또는 변동성 때문에 보수적으로 낮게 평가합니다. 2024·2026 두 개 연도의 NCPMS 예찰자료만 사용한 상대 위험 전망으로, 기상·재배면적·방제 변화와 2027년 실제 발생을 확정하지 않습니다. ASOS 공통 조사월 0개에서 기온·습도·강수·풍속의 관측 연관성을 추세 연장분에만 최대 ±3점으로 제한 적용(보정 +0점). 2027년 미래 기상값은 생성하거나 가정하지 않았습니다.",전망자료 부족,,,0.0,—,기상근거 부족,0,ASOS 공통 조사월 0개에서 기온·습도·강수·풍속의 관측 연관성을 추세 연장분에만 최대 ±3점으로 제한 적용(보정 +0점). 2027년 미래 기상값은 생성하거나 가정하지 않았습니다.,F27-WX1 설명가능 완화추세,"2024·2026 관측자료와 ASOS 공통 조사월의 연관성을 이용한 상대 위험 전망입니다. 2026년은 부분연도이며, 2027년 실제 기상·발생·확률을 확정하지 않습니다."
고추,역병,병해,전남광주통합특별시,0.0,,,전망자료 부족,낮음,2,2024,"양년 자료 없음, 공통 조사단위 0개, 유효 관측 2건, 결측률 0.0%, 단위별 변화 변동성 100.0점. 제한된 비교 단위 또는 변동성 때문에 보수적으로 낮게 평가합니다. 2024·2026 두 개 연도의 NCPMS 예찰자료만 사용한 상대 위험 전망으로, 기상·재배면적·방제 변화와 2027년 실제 발생을 확정하지 않습니다. ASOS 공통 조사월 0개에서 기온·습도·강수·풍속의 관측 연관성을 추세 연장분에만 최대 ±3점으로 제한 적용(보정 +0점). 2027년 미래 기상값은 생성하거나 가정하지 않았습니다.",전망자료 부족,,,0.0,—,기상근거 부족,0,ASOS 공통 조사월 0개에서 기온·습도·강수·풍속의 관측 연관성을 추세 연장분에만 최대 ±3점으로 제한 적용(보정 +0점). 2027년 미래 기상값은 생성하거나 가정하지 않았습니다.,F27-WX1 설명가능 완화추세,"2024·2026 관측자료와 ASOS 공통 조사월의 연관성을 이용한 상대 위험 전망입니다. 2026년은 부분연도이며, 2027년 실제 기상·발생·확률을 확정하지 않습니다."
고추,역병,병해,전북특별자치도,100.0,,,전망자료 부족,낮음,2,2024,"양년 자료 없음, 공통 조사단위 0개, 유효 관측 2건, 결측률 0.0%, 단위별 변화 변동성 100.0점. 제한된 비교 단위 또는 변동성 때문에 보수적으로 낮게 평가합니다. 2024·2026 두 개 연도의 NCPMS 예찰자료만 사용한 상대 위험 전망으로, 기상·재배면적·방제 변화와 2027년 실제 발생을 확정하지 않습니다. ASOS 공통 조사월 0개에서 기온·습도·강수·풍속의 관측 연관성을 추세 연장분에만 최대 ±3점으로 제한 적용(보정 +0점). 2027년 미래 기상값은 생성하거나 가정하지 않았습니다.",전망자료 부족,,,0.0,—,기상근거 부족,0,ASOS 공통 조사월 0개에서 기온·습도·강수·풍속의 관측 연관성을 추세 연장분에만 최대 ±3점으로 제한 적용(보정 +0점). 2027년 미래 기상값은 생성하거나 가정하지 않았습니다.,F27-WX1 설명가능 완화추세,"2024·2026 관측자료와 ASOS 공통 조사월의 연관성을 이용한 상대 위험 전망입니다. 2026년은 부분연도이며, 2027년 실제 기상·발생·확률을 확정하지 않습니다."
고추,역병,병해,충청남도,0.0,,,전망자료 부족,낮음,3,2024,"양년 자료 없음, 공통 조사단위 0개, 유효 관측 3건, 결측률 0.0%, 단위별 변화 변동성 100.0점. 제한된 비교 단위 또는 변동성 때문에 보수적으로 낮게 평가합니다. 2024·2026 두 개 연도의 NCPMS 예찰자료만 사용한 상대 위험 전망으로, 기상·재배면적·방제 변화와 2027년 실제 발생을 확정하지 않습니다. ASOS 공통 조사월 0개에서 기온·습도·강수·풍속의 관측 연관성을 추세 연장분에만 최대 ±3점으로 제한 적용(보정 +0점). 2027년 미래 기상값은 생성하거나 가정하지 않았습니다.",전망자료 부족,,,0.0,—,기상근거 부족,0,ASOS 공통 조사월 0개에서 기온·습도·강수·풍속의 관측 연관성을 추세 연장분에만 최대 ±3점으로 제한 적용(보정 +0점). 2027년 미래 기상값은 생성하거나 가정하지 않았습니다.,F27-WX1 설명가능 완화추세,"2024·2026 관측자료와 ASOS 공통 조사월의 연관성을 이용한 상대 위험 전망입니다. 2026년은 부분연도이며, 2027년 실제 기상·발생·확률을 확정하지 않습니다."
고추,역병,병해,충청북도,0.0,,,전망자료 부족,낮음,2,2024,"양년 자료 없음, 공통 조사단위 0개, 유효 관측 2건, 결측률 0.0%, 단위별 변화 변동성 100.0점. 제한된 비교 단위 또는 변동성 때문에 보수적으로 낮게 평가합니다. 2024·2026 두 개 연도의 NCPMS 예찰자료만 사용한 상대 위험 전망으로, 기상·재배면적·방제 변화와 2027년 실제 발생을 확정하지 않습니다. ASOS 공통 조사월 0개에서 기온·습도·강수·풍속의 관측 연관성을 추세 연장분에만 최대 ±3점으로 제한 적용(보정 +0점). 2027년 미래 기상값은 생성하거나 가정하지 않았습니다.",전망자료 부족,,,0.0,—,기상근거 부족,0,ASOS 공통 조사월 0개에서 기온·습도·강수·풍속의 관측 연관성을 추세 연장분에만 최대 ±3점으로 제한 적용(보정 +0점). 2027년 미래 기상값은 생성하거나 가정하지 않았습니다.,F27-WX1 설명가능 완화추세,"2024·2026 관측자료와 ASOS 공통 조사월의 연관성을 이용한 상대 위험 전망입니다. 2026년은 부분연도이며, 2027년 실제 기상·발생·확률을 확정하지 않습니다."
사과,역병,병해,강원특별자치도,0.0,0.0,0,유지,보통,12,2024·2026,"기준선 비교: 2026 유지 0.0점, 2024·2026 가중평균 0.0점, 선택 모델(완화 추세+표본 축소) 0.0점. 지역 변화 +0.0점을 표본가중치 0.50로 같은 병해충·작물의 지역 중앙 변화 +0.0점 방향에 축소하고, 1년 연장 변화는 ±20점으로 제한했습니다. 양년 자료 있음, 공통 조사단위 3개, 유효 관측 12건, 결측률 0.0%, 단위별 변화 변동성 0.0점. 비교는 가능하지만 표본 또는 변동성에 불확실성이 남습니다. 2024·2026 두 개 연도의 NCPMS 예찰자료만 사용한 상대 위험 전망으로, 기상·재배면적·방제 변화와 2027년 실제 발생을 확정하지 않습니다. ASOS 공통 조사월 2개에서 기온·습도·강수·풍속의 관측 연관성을 추세 연장분에만 최대 ±3점으로 제한 적용(보정 +0점). 2027년 미래 기상값은 생성하거나 가정하지 않았습니다.",관찰,0,0,0.0,—,기상근거 부족,2,ASOS 공통 조사월 2개에서 기온·습도·강수·풍속의 관측 연관성을 추세 연장분에만 최대 ±3점으로 제한 적용(보정 +0점). 2027년 미래 기상값은 생성하거나 가정하지 않았습니다.,F27-WX1 설명가능 완화추세,"2024·2026 관측자료와 ASOS 공통 조사월의 연관성을 이용한 상대 위험 전망입니다. 2026년은 부분연도이며, 2027년 실제 기상·발생·확률을 확정하지 않습니다."
사과,역병,병해,경기도,0.0,0.0,0,유지,보통,12,2024·2026,"기준선 비교: 2026 유지 0.0점, 2024·2026 가중평균 0.0점, 선택 모델(완화 추세+표본 축소) 0.0점. 지역 변화 +0.0점을 표본가중치 0.50로 같은 병해충·작물의 지역 중앙 변화 +0.0점 방향에 축소하고, 1년 연장 변화는 ±20점으로 제한했습니다. 양년 자료 있음, 공통 조사단위 3개, 유효 관측 12건, 결측률 0.0%, 단위별 변화 변동성 0.0점. 비교는 가능하지만 표본 또는 변동성에 불확실성이 남습니다. 2024·2026 두 개 연도의 NCPMS 예찰자료만 사용한 상대 위험 전망으로, 기상·재배면적·방제 변화와 2027년 실제 발생을 확정하지 않습니다. ASOS 공통 조사월 2개에서 기온·습도·강수·풍속의 관측 연관성을 추세 연장분에만 최대 ±3점으로 제한 적용(보정 +0점). 2027년 미래 기상값은 생성하거나 가정하지 않았습니다.",관찰,0,0,0.0,—,기상근거 부족,2,ASOS 공통 조사월 2개에서 기온·습도·강수·풍속의 관측 연관성을 추세 연장분에만 최대 ±3점으로 제한 적용(보정 +0점). 2027년 미래 기상값은 생성하거나 가정하지 않았습니다.,F27-WX1 설명가능 완화추세,"2024·2026 관측자료와 ASOS 공통 조사월의 연관성을 이용한 상대 위험 전망입니다. 2026년은 부분연도이며, 2027년 실제 기상·발생·확률을 확정하지 않습니다."
사과,역병,병해,경상남도,0.0,0.0,0,유지,보통,12,2024·2026,"기준선 비교: 2026 유지 0.0점, 2024·2026 가중평균 0.0점, 선택 모델(완화 추세+표본 축소) 0.0점. 지역 변화 +0.0점을 표본가중치 0.50로 같은 병해충·작물의 지역 중앙 변화 +0.0점 방향에 축소하고, 1년 연장 변화는 ±20점으로 제한했습니다. 양년 자료 있음, 공통 조사단위 3개, 유효 관측 12건, 결측률 0.0%, 단위별 변화 변동성 0.0점. 비교는 가능하지만 표본 또는 변동성에 불확실성이 남습니다. 2024·2026 두 개 연도의 NCPMS 예찰자료만 사용한 상대 위험 전망으로, 기상·재배면적·방제 변화와 2027년 실제 발생을 확정하지 않습니다. ASOS 공통 조사월 2개에서 기온·습도·강수·풍속의 관측 연관성을 추세 연장분에만 최대 ±3점으로 제한 적용(보정 +0점). 2027년 미래 기상값은 생성하거나 가정하지 않았습니다.",관찰,0,0,0.0,—,기상근거 부족,2,ASOS 공통 조사월 2개에서 기온·습도·강수·풍속의 관측 연관성을 추세 연장분에만 최대 ±3점으로 제한 적용(보정 +0점). 2027년 미래 기상값은 생성하거나 가정하지 않았습니다.,F27-WX1 설명가능 완화추세,"2024·2026 관측자료와 ASOS 공통 조사월의 연관성을 이용한 상대 위험 전망입니다. 2026년은 부분연도이며, 2027년 실제 기상·발생·확률을 확정하지 않습니다."
사과,역병,병해,경상북도,0.0,0.0,0,유지,보통,12,2024·2026,"기준선 비교: 2026 유지 0.0점, 2024·2026 가중평균 0.0점, 선택 모델(완화 추세+표본 축소) 0.0점. 지역 변화 +0.0점을 표본가중치 0.50로 같은 병해충·작물의 지역 중앙 변화 +0.0점 방향에 축소하고, 1년 연장 변화는 ±20점으로 제한했습니다. 양년 자료 있음, 공통 조사단위 3개, 유효 관측 12건, 결측률 0.0%, 단위별 변화 변동성 0.0점. 비교는 가능하지만 표본 또는 변동성에 불확실성이 남습니다. 2024·2026 두 개 연도의 NCPMS 예찰자료만 사용한 상대 위험 전망으로, 기상·재배면적·방제 변화와 2027년 실제 발생을 확정하지 않습니다. ASOS 공통 조사월 2개에서 기온·습도·강수·풍속의 관측 연관성을 추세 연장분에만 최대 ±3점으로 제한 적용(보정 +0점). 2027년 미래 기상값은 생성하거나 가정하지 않았습니다.",관찰,0,0,0.0,—,기상근거 부족,2,ASOS 공통 조사월 2개에서 기온·습도·강수·풍속의 관측 연관성을 추세 연장분에만 최대 ±3점으로 제한 적용(보정 +0점). 2027년 미래 기상값은 생성하거나 가정하지 않았습니다.,F27-WX1 설명가능 완화추세,"2024·2026 관측자료와 ASOS 공통 조사월의 연관성을 이용한 상대 위험 전망입니다. 2026년은 부분연도이며, 2027년 실제 기상·발생·확률을 확정하지 않습니다."
사과,역병,병해,대구광역시,0.0,,,전망자료 부족,낮음,6,2024,"양년 자료 없음, 공통 조사단위 0개, 유효 관측 6건, 결측률 0.0%, 단위별 변화 변동성 100.0점. 제한된 비교 단위 또는 변동성 때문에 보수적으로 낮게 평가합니다. 2024·2026 두 개 연도의 NCPMS 예찰자료만 사용한 상대 위험 전망으로, 기상·재배면적·방제 변화와 2027년 실제 발생을 확정하지 않습니다. ASOS 공통 조사월 0개에서 기온·습도·강수·풍속의 관측 연관성을 추세 연장분에만 최대 ±3점으로 제한 적용(보정 +0점). 2027년 미래 기상값은 생성하거나 가정하지 않았습니다.",전망자료 부족,,,0.0,—,기상근거 부족,0,ASOS 공통 조사월 0개에서 기온·습도·강수·풍속의 관측 연관성을 추세 연장분에만 최대 ±3점으로 제한 적용(보정 +0점). 2027년 미래 기상값은 생성하거나 가정하지 않았습니다.,F27-WX1 설명가능 완화추세,"2024·2026 관측자료와 ASOS 공통 조사월의 연관성을 이용한 상대 위험 전망입니다. 2026년은 부분연도이며, 2027년 실제 기상·발생·확률을 확정하지 않습니다."
사과,역병,병해,전남광주통합특별시,0.0,0.0,0,유지,보통,11,2024·2026,"기준선 비교: 2026 유지 0.0점, 2024·2026 가중평균 0.0점, 선택 모델(완화 추세+표본 축소) 0.0점. 지역 변화 +0.0점을 표본가중치 0.48로 같은 병해충·작물의 지역 중앙 변화 +0.0점 방향에 축소하고, 1년 연장 변화는 ±20점으로 제한했습니다. 양년 자료 있음, 공통 조사단위 2개, 유효 관측 11건, 결측률 0.0%, 단위별 변화 변동성 0.0점. 비교는 가능하지만 표본 또는 변동성에 불확실성이 남습니다. 2024·2026 두 개 연도의 NCPMS 예찰자료만 사용한 상대 위험 전망으로, 기상·재배면적·방제 변화와 2027년 실제 발생을 확정하지 않습니다. ASOS 공통 조사월 2개에서 기온·습도·강수·풍속의 관측 연관성을 추세 연장분에만 최대 ±3점으로 제한 적용(보정 +0점). 2027년 미래 기상값은 생성하거나 가정하지 않았습니다.",관찰,0,0,0.0,—,기상근거 부족,2,ASOS 공통 조사월 2개에서 기온·습도·강수·풍속의 관측 연관성을 추세 연장분에만 최대 ±3점으로 제한 적용(보정 +0점). 2027년 미래 기상값은 생성하거나 가정하지 않았습니다.,F27-WX1 설명가능 완화추세,"2024·2026 관측자료와 ASOS 공통 조사월의 연관성을 이용한 상대 위험 전망입니다. 2026년은 부분연도이며, 2027년 실제 기상·발생·확률을 확정하지 않습니다."
사과,역병,병해,전북특별자치도,0.0,0.0,0,유지,보통,12,2024·2026,"기준선 비교: 2026 유지 0.0점, 2024·2026 가중평균 0.0점, 선택 모델(완화 추세+표본 축소) 0.0점. 지역 변화 +0.0점을 표본가중치 0.50로 같은 병해충·작물의 지역 중앙 변화 +0.0점 방향에 축소하고, 1년 연장 변화는 ±20점으로 제한했습니다. 양년 자료 있음, 공통 조사단위 3개, 유효 관측 12건, 결측률 0.0%, 단위별 변화 변동성 0.0점. 비교는 가능하지만 표본 또는 변동성에 불확실성이 남습니다. 2024·2026 두 개 연도의 NCPMS 예찰자료만 사용한 상대 위험 전망으로, 기상·재배면적·방제 변화와 2027년 실제 발생을 확정하지 않습니다. ASOS 공통 조사월 2개에서 기온·습도·강수·풍속의 관측 연관성을 추세 연장분에만 최대 ±3점으로 제한 적용(보정 +0점). 2027년 미래 기상값은 생성하거나 가정하지 않았습니다.",관찰,0,0,0.0,—,기상근거 부족,2,ASOS 공통 조사월 2개에서 기온·습도·강수·풍속의 관측 연관성을 추세 연장분에만 최대 ±3점으로 제한 적용(보정 +0점). 2027년 미래 기상값은 생성하거나 가정하지 않았습니다.,F27-WX1 설명가능 완화추세,"2024·2026 관측자료와 ASOS 공통 조사월의 연관성을 이용한 상대 위험 전망입니다. 2026년은 부분연도이며, 2027년 실제 기상·발생·확률을 확정하지 않습니다."
사과,역병,병해,충청남도,0.0,50.0,59,증가,낮음,12,2024·2026,"기준선 비교: 2026 유지 50.0점, 2024·2026 가중평균 32.5점, 선택 모델(완화 추세+표본 축소) 58.8점. 지역 변화 +50.0점을 표본가중치 0.50로 같은 병해충·작물의 지역 중앙 변화 +0.0점 방향에 축소하고, 1년 연장 변화는 ±20점으로 제한했습니다. 양년 자료 있음, 공통 조사단위 3개, 유효 관측 12건, 결측률 0.0%, 단위별 변화 변동성 47.1점. 제한된 비교 단위 또는 변동성 때문에 보수적으로 낮게 평가합니다. 2024·2026 두 개 연도의 NCPMS 예찰자료만 사용한 상대 위험 전망으로, 기상·재배면적·방제 변화와 2027년 실제 발생을 확정하지 않습니다. ASOS 공통 조사월 2개에서 기온·습도·강수·풍속의 관측 연관성을 추세 연장분에만 최대 ±3점으로 제한 적용(보정 +0점). 2027년 미래 기상값은 생성하거나 가정하지 않았습니다.",주의,59,0,0.0,—,기상근거 부족,2,ASOS 공통 조사월 2개에서 기온·습도·강수·풍속의 관측 연관성을 추세 연장분에만 최대 ±3점으로 제한 적용(보정 +0점). 2027년 미래 기상값은 생성하거나 가정하지 않았습니다.,F27-WX1 설명가능 완화추세,"2024·2026 관측자료와 ASOS 공통 조사월의 연관성을 이용한 상대 위험 전망입니다. 2026년은 부분연도이며, 2027년 실제 기상·발생·확률을 확정하지 않습니다."
사과,역병,병해,충청북도,0.0,0.0,0,유지,보통,12,2024·2026,"기준선 비교: 2026 유지 0.0점, 2024·2026 가중평균 0.0점, 선택 모델(완화 추세+표본 축소) 0.0점. 지역 변화 +0.0점을 표본가중치 0.50로 같은 병해충·작물의 지역 중앙 변화 +0.0점 방향에 축소하고, 1년 연장 변화는 ±20점으로 제한했습니다. 양년 자료 있음, 공통 조사단위 3개, 유효 관측 12건, 결측률 0.0%, 단위별 변화 변동성 0.0점. 비교는 가능하지만 표본 또는 변동성에 불확실성이 남습니다. 2024·2026 두 개 연도의 NCPMS 예찰자료만 사용한 상대 위험 전망으로, 기상·재배면적·방제 변화와 2027년 실제 발생을 확정하지 않습니다. ASOS 공통 조사월 2개에서 기온·습도·강수·풍속의 관측 연관성을 추세 연장분에만 최대 ±3점으로 제한 적용(보정 +0점). 2027년 미래 기상값은 생성하거나 가정하지 않았습니다.",관찰,0,0,0.0,—,기상근거 부족,2,ASOS 공통 조사월 2개에서 기온·습도·강수·풍속의 관측 연관성을 추세 연장분에만 최대 ±3점으로 제한 적용(보정 +0점). 2027년 미래 기상값은 생성하거나 가정하지 않았습니다.,F27-WX1 설명가능 완화추세,"2024·2026 관측자료와 ASOS 공통 조사월의 연관성을 이용한 상대 위험 전망입니다. 2026년은 부분연도이며, 2027년 실제 기상·발생·확률을 확정하지 않습니다."
콩,역병,병해,강원특별자치도,,0.0,,전망자료 부족,낮음,5,2026,"양년 자료 없음, 공통 조사단위 0개, 유효 관측 5건, 결측률 0.0%, 단위별 변화 변동성 100.0점. 제한된 비교 단위 또는 변동성 때문에 보수적으로 낮게 평가합니다. 2024·2026 두 개 연도의 NCPMS 예찰자료만 사용한 상대 위험 전망으로, 기상·재배면적·방제 변화와 2027년 실제 발생을 확정하지 않습니다. ASOS 공통 조사월 0개에서 기온·습도·강수·풍속의 관측 연관성을 추세 연장분에만 최대 ±3점으로 제한 적용(보정 +0점). 2027년 미래 기상값은 생성하거나 가정하지 않았습니다.",전망자료 부족,,,0.0,—,기상근거 부족,0,ASOS 공통 조사월 0개에서 기온·습도·강수·풍속의 관측 연관성을 추세 연장분에만 최대 ±3점으로 제한 적용(보정 +0점). 2027년 미래 기상값은 생성하거나 가정하지 않았습니다.,F27-WX1 설명가능 완화추세,"2024·2026 관측자료와 ASOS 공통 조사월의 연관성을 이용한 상대 위험 전망입니다. 2026년은 부분연도이며, 2027년 실제 기상·발생·확률을 확정하지 않습니다."
콩,역병,병해,경기도,,0.0,,전망자료 부족,낮음,5,2026,"양년 자료 없음, 공통 조사단위 0개, 유효 관측 5건, 결측률 0.0%, 단위별 변화 변동성 100.0점. 제한된 비교 단위 또는 변동성 때문에 보수적으로 낮게 평가합니다. 2024·2026 두 개 연도의 NCPMS 예찰자료만 사용한 상대 위험 전망으로, 기상·재배면적·방제 변화와 2027년 실제 발생을 확정하지 않습니다. ASOS 공통 조사월 0개에서 기온·습도·강수·풍속의 관측 연관성을 추세 연장분에만 최대 ±3점으로 제한 적용(보정 +0점). 2027년 미래 기상값은 생성하거나 가정하지 않았습니다.",전망자료 부족,,,0.0,—,기상근거 부족,0,ASOS 공통 조사월 0개에서 기온·습도·강수·풍속의 관측 연관성을 추세 연장분에만 최대 ±3점으로 제한 적용(보정 +0점). 2027년 미래 기상값은 생성하거나 가정하지 않았습니다.,F27-WX1 설명가능 완화추세,"2024·2026 관측자료와 ASOS 공통 조사월의 연관성을 이용한 상대 위험 전망입니다. 2026년은 부분연도이며, 2027년 실제 기상·발생·확률을 확정하지 않습니다."
콩,역병,병해,경상남도,,0.0,,전망자료 부족,낮음,5,2026,"양년 자료 없음, 공통 조사단위 0개, 유효 관측 5건, 결측률 0.0%, 단위별 변화 변동성 100.0점. 제한된 비교 단위 또는 변동성 때문에 보수적으로 낮게 평가합니다. 2024·2026 두 개 연도의 NCPMS 예찰자료만 사용한 상대 위험 전망으로, 기상·재배면적·방제 변화와 2027년 실제 발생을 확정하지 않습니다. ASOS 공통 조사월 0개에서 기온·습도·강수·풍속의 관측 연관성을 추세 연장분에만 최대 ±3점으로 제한 적용(보정 +0점). 2027년 미래 기상값은 생성하거나 가정하지 않았습니다.",전망자료 부족,,,0.0,—,기상근거 부족,0,ASOS 공통 조사월 0개에서 기온·습도·강수·풍속의 관측 연관성을 추세 연장분에만 최대 ±3점으로 제한 적용(보정 +0점). 2027년 미래 기상값은 생성하거나 가정하지 않았습니다.,F27-WX1 설명가능 완화추세,"2024·2026 관측자료와 ASOS 공통 조사월의 연관성을 이용한 상대 위험 전망입니다. 2026년은 부분연도이며, 2027년 실제 기상·발생·확률을 확정하지 않습니다."
콩,역병,병해,경상북도,,0.0,,전망자료 부족,낮음,5,2026,"양년 자료 없음, 공통 조사단위 0개, 유효 관측 5건, 결측률 0.0%, 단위별 변화 변동성 100.0점. 제한된 비교 단위 또는 변동성 때문에 보수적으로 낮게 평가합니다. 2024·2026 두 개 연도의 NCPMS 예찰자료만 사용한 상대 위험 전망으로, 기상·재배면적·방제 변화와 2027년 실제 발생을 확정하지 않습니다. ASOS 공통 조사월 0개에서 기온·습도·강수·풍속의 관측 연관성을 추세 연장분에만 최대 ±3점으로 제한 적용(보정 +0점). 2027년 미래 기상값은 생성하거나 가정하지 않았습니다.",전망자료 부족,,,0.0,—,기상근거 부족,0,ASOS 공통 조사월 0개에서 기온·습도·강수·풍속의 관측 연관성을 추세 연장분에만 최대 ±3점으로 제한 적용(보정 +0점). 2027년 미래 기상값은 생성하거나 가정하지 않았습니다.,F27-WX1 설명가능 완화추세,"2024·2026 관측자료와 ASOS 공통 조사월의 연관성을 이용한 상대 위험 전망입니다. 2026년은 부분연도이며, 2027년 실제 기상·발생·확률을 확정하지 않습니다."
콩,역병,병해,전남광주통합특별시,,0.0,,전망자료 부족,낮음,5,2026,"양년 자료 없음, 공통 조사단위 0개, 유효 관측 5건, 결측률 0.0%, 단위별 변화 변동성 100.0점. 제한된 비교 단위 또는 변동성 때문에 보수적으로 낮게 평가합니다. 2024·2026 두 개 연도의 NCPMS 예찰자료만 사용한 상대 위험 전망으로, 기상·재배면적·방제 변화와 2027년 실제 발생을 확정하지 않습니다. ASOS 공통 조사월 0개에서 기온·습도·강수·풍속의 관측 연관성을 추세 연장분에만 최대 ±3점으로 제한 적용(보정 +0점). 2027년 미래 기상값은 생성하거나 가정하지 않았습니다.",전망자료 부족,,,0.0,—,기상근거 부족,0,ASOS 공통 조사월 0개에서 기온·습도·강수·풍속의 관측 연관성을 추세 연장분에만 최대 ±3점으로 제한 적용(보정 +0점). 2027년 미래 기상값은 생성하거나 가정하지 않았습니다.,F27-WX1 설명가능 완화추세,"2024·2026 관측자료와 ASOS 공통 조사월의 연관성을 이용한 상대 위험 전망입니다. 2026년은 부분연도이며, 2027년 실제 기상·발생·확률을 확정하지 않습니다."
콩,역병,병해,전북특별자치도,,0.0,,전망자료 부족,낮음,5,2026,"양년 자료 없음, 공통 조사단위 0개, 유효 관측 5건, 결측률 0.0%, 단위별 변화 변동성 100.0점. 제한된 비교 단위 또는 변동성 때문에 보수적으로 낮게 평가합니다. 2024·2026 두 개 연도의 NCPMS 예찰자료만 사용한 상대 위험 전망으로, 기상·재배면적·방제 변화와 2027년 실제 발생을 확정하지 않습니다. ASOS 공통 조사월 0개에서 기온·습도·강수·풍속의 관측 연관성을 추세 연장분에만 최대 ±3점으로 제한 적용(보정 +0점). 2027년 미래 기상값은 생성하거나 가정하지 않았습니다.",전망자료 부족,,,0.0,—,기상근거 부족,0,ASOS 공통 조사월 0개에서 기온·습도·강수·풍속의 관측 연관성을 추세 연장분에만 최대 ±3점으로 제한 적용(보정 +0점). 2027년 미래 기상값은 생성하거나 가정하지 않았습니다.,F27-WX1 설명가능 완화추세,"2024·2026 관측자료와 ASOS 공통 조사월의 연관성을 이용한 상대 위험 전망입니다. 2026년은 부분연도이며, 2027년 실제 기상·발생·확률을 확정하지 않습니다."
콩,역병,병해,제주특별자치도,,0.0,,전망자료 부족,낮음,5,2026,"양년 자료 없음, 공통 조사단위 0개, 유효 관측 5건, 결측률 0.0%, 단위별 변화 변동성 100.0점. 제한된 비교 단위 또는 변동성 때문에 보수적으로 낮게 평가합니다. 2024·2026 두 개 연도의 NCPMS 예찰자료만 사용한 상대 위험 전망으로, 기상·재배면적·방제 변화와 2027년 실제 발생을 확정하지 않습니다. ASOS 공통 조사월 0개에서 기온·습도·강수·풍속의 관측 연관성을 추세 연장분에만 최대 ±3점으로 제한 적용(보정 +0점). 2027년 미래 기상값은 생성하거나 가정하지 않았습니다.",전망자료 부족,,,0.0,—,기상근거 부족,0,ASOS 공통 조사월 0개에서 기온·습도·강수·풍속의 관측 연관성을 추세 연장분에만 최대 ±3점으로 제한 적용(보정 +0점). 2027년 미래 기상값은 생성하거나 가정하지 않았습니다.,F27-WX1 설명가능 완화추세,"2024·2026 관측자료와 ASOS 공통 조사월의 연관성을 이용한 상대 위험 전망입니다. 2026년은 부분연도이며, 2027년 실제 기상·발생·확률을 확정하지 않습니다."
콩,역병,병해,충청남도,,0.0,,전망자료 부족,낮음,5,2026,"양년 자료 없음, 공통 조사단위 0개, 유효 관측 5건, 결측률 0.0%, 단위별 변화 변동성 100.0점. 제한된 비교 단위 또는 변동성 때문에 보수적으로 낮게 평가합니다. 2024·2026 두 개 연도의 NCPMS 예찰자료만 사용한 상대 위험 전망으로, 기상·재배면적·방제 변화와 2027년 실제 발생을 확정하지 않습니다. ASOS 공통 조사월 0개에서 기온·습도·강수·풍속의 관측 연관성을 추세 연장분에만 최대 ±3점으로 제한 적용(보정 +0점). 2027년 미래 기상값은 생성하거나 가정하지 않았습니다.",전망자료 부족,,,0.0,—,기상근거 부족,0,ASOS 공통 조사월 0개에서 기온·습도·강수·풍속의 관측 연관성을 추세 연장분에만 최대 ±3점으로 제한 적용(보정 +0점). 2027년 미래 기상값은 생성하거나 가정하지 않았습니다.,F27-WX1 설명가능 완화추세,"2024·2026 관측자료와 ASOS 공통 조사월의 연관성을 이용한 상대 위험 전망입니다. 2026년은 부분연도이며, 2027년 실제 기상·발생·확률을 확정하지 않습니다."
콩,역병,병해,충청북도,,0.0,,전망자료 부족,낮음,5,2026,"양년 자료 없음, 공통 조사단위 0개, 유효 관측 5건, 결측률 0.0%, 단위별 변화 변동성 100.0점. 제한된 비교 단위 또는 변동성 때문에 보수적으로 낮게 평가합니다. 2024·2026 두 개 연도의 NCPMS 예찰자료만 사용한 상대 위험 전망으로, 기상·재배면적·방제 변화와 2027년 실제 발생을 확정하지 않습니다. ASOS 공통 조사월 0개에서 기온·습도·강수·풍속의 관측 연관성을 추세 연장분에만 최대 ±3점으로 제한 적용(보정 +0점). 2027년 미래 기상값은 생성하거나 가정하지 않았습니다.",전망자료 부족,,,0.0,—,기상근거 부족,0,ASOS 공통 조사월 0개에서 기온·습도·강수·풍속의 관측 연관성을 추세 연장분에만 최대 ±3점으로 제한 적용(보정 +0점). 2027년 미래 기상값은 생성하거나 가정하지 않았습니다.,F27-WX1 설명가능 완화추세,"2024·2026 관측자료와 ASOS 공통 조사월의 연관성을 이용한 상대 위험 전망입니다. 2026년은 부분연도이며, 2027년 실제 기상·발생·확률을 확정하지 않습니다."
논벼,오갈병,기타,강원특별자치도,0.0,,,전망자료 부족,낮음,8,2024,"양년 자료 없음, 공통 조사단위 0개, 유효 관측 8건, 결측률 0.0%, 단위별 변화 변동성 100.0점. 제한된 비교 단위 또는 변동성 때문에 보수적으로 낮게 평가합니다. 2024·2026 두 개 연도의 NCPMS 예찰자료만 사용한 상대 위험 전망으로, 기상·재배면적·방제 변화와 2027년 실제 발생을 확정하지 않습니다. ASOS 공통 조사월 0개에서 기온·습도·강수·풍속의 관측 연관성을 추세 연장분에만 최대 ±3점으로 제한 적용(보정 +0점). 2027년 미래 기상값은 생성하거나 가정하지 않았습니다.",전망자료 부족,,,0.0,—,기상근거 부족,0,ASOS 공통 조사월 0개에서 기온·습도·강수·풍속의 관측 연관성을 추세 연장분에만 최대 ±3점으로 제한 적용(보정 +0점). 2027년 미래 기상값은 생성하거나 가정하지 않았습니다.,F27-WX1 설명가능 완화추세,"2024·2026 관측자료와 ASOS 공통 조사월의 연관성을 이용한 상대 위험 전망입니다. 2026년은 부분연도이며, 2027년 실제 기상·발생·확률을 확정하지 않습니다."
논벼,오갈병,기타,경기도,0.0,,,전망자료 부족,낮음,8,2024,"양년 자료 없음, 공통 조사단위 0개, 유효 관측 8건, 결측률 0.0%, 단위별 변화 변동성 100.0점. 제한된 비교 단위 또는 변동성 때문에 보수적으로 낮게 평가합니다. 2024·2026 두 개 연도의 NCPMS 예찰자료만 사용한 상대 위험 전망으로, 기상·재배면적·방제 변화와 2027년 실제 발생을 확정하지 않습니다. ASOS 공통 조사월 0개에서 기온·습도·강수·풍속의 관측 연관성을 추세 연장분에만 최대 ±3점으로 제한 적용(보정 +0점). 2027년 미래 기상값은 생성하거나 가정하지 않았습니다.",전망자료 부족,,,0.0,—,기상근거 부족,0,ASOS 공통 조사월 0개에서 기온·습도·강수·풍속의 관측 연관성을 추세 연장분에만 최대 ±3점으로 제한 적용(보정 +0점). 2027년 미래 기상값은 생성하거나 가정하지 않았습니다.,F27-WX1 설명가능 완화추세,"2024·2026 관측자료와 ASOS 공통 조사월의 연관성을 이용한 상대 위험 전망입니다. 2026년은 부분연도이며, 2027년 실제 기상·발생·확률을 확정하지 않습니다."
논벼,오갈병,기타,경상남도,0.0,,,전망자료 부족,낮음,8,2024,"양년 자료 없음, 공통 조사단위 0개, 유효 관측 8건, 결측률 0.0%, 단위별 변화 변동성 100.0점. 제한된 비교 단위 또는 변동성 때문에 보수적으로 낮게 평가합니다. 2024·2026 두 개 연도의 NCPMS 예찰자료만 사용한 상대 위험 전망으로, 기상·재배면적·방제 변화와 2027년 실제 발생을 확정하지 않습니다. ASOS 공통 조사월 0개에서 기온·습도·강수·풍속의 관측 연관성을 추세 연장분에만 최대 ±3점으로 제한 적용(보정 +0점). 2027년 미래 기상값은 생성하거나 가정하지 않았습니다.",전망자료 부족,,,0.0,—,기상근거 부족,0,ASOS 공통 조사월 0개에서 기온·습도·강수·풍속의 관측 연관성을 추세 연장분에만 최대 ±3점으로 제한 적용(보정 +0점). 2027년 미래 기상값은 생성하거나 가정하지 않았습니다.,F27-WX1 설명가능 완화추세,"2024·2026 관측자료와 ASOS 공통 조사월의 연관성을 이용한 상대 위험 전망입니다. 2026년은 부분연도이며, 2027년 실제 기상·발생·확률을 확정하지 않습니다."
논벼,오갈병,기타,경상북도,0.0,,,전망자료 부족,낮음,8,2024,"양년 자료 없음, 공통 조사단위 0개, 유효 관측 8건, 결측률 0.0%, 단위별 변화 변동성 100.0점. 제한된 비교 단위 또는 변동성 때문에 보수적으로 낮게 평가합니다. 2024·2026 두 개 연도의 NCPMS 예찰자료만 사용한 상대 위험 전망으로, 기상·재배면적·방제 변화와 2027년 실제 발생을 확정하지 않습니다. ASOS 공통 조사월 0개에서 기온·습도·강수·풍속의 관측 연관성을 추세 연장분에만 최대 ±3점으로 제한 적용(보정 +0점). 2027년 미래 기상값은 생성하거나 가정하지 않았습니다.",전망자료 부족,,,0.0,—,기상근거 부족,0,ASOS 공통 조사월 0개에서 기온·습도·강수·풍속의 관측 연관성을 추세 연장분에만 최대 ±3점으로 제한 적용(보정 +0점). 2027년 미래 기상값은 생성하거나 가정하지 않았습니다.,F27-WX1 설명가능 완화추세,"2024·2026 관측자료와 ASOS 공통 조사월의 연관성을 이용한 상대 위험 전망입니다. 2026년은 부분연도이며, 2027년 실제 기상·발생·확률을 확정하지 않습니다."
논벼,오갈병,기타,대구광역시,0.0,,,전망자료 부족,낮음,8,2024,"양년 자료 없음, 공통 조사단위 0개, 유효 관측 8건, 결측률 0.0%, 단위별 변화 변동성 100.0점. 제한된 비교 단위 또는 변동성 때문에 보수적으로 낮게 평가합니다. 2024·2026 두 개 연도의 NCPMS 예찰자료만 사용한 상대 위험 전망으로, 기상·재배면적·방제 변화와 2027년 실제 발생을 확정하지 않습니다. ASOS 공통 조사월 0개에서 기온·습도·강수·풍속의 관측 연관성을 추세 연장분에만 최대 ±3점으로 제한 적용(보정 +0점). 2027년 미래 기상값은 생성하거나 가정하지 않았습니다.",전망자료 부족,,,0.0,—,기상근거 부족,0,ASOS 공통 조사월 0개에서 기온·습도·강수·풍속의 관측 연관성을 추세 연장분에만 최대 ±3점으로 제한 적용(보정 +0점). 2027년 미래 기상값은 생성하거나 가정하지 않았습니다.,F27-WX1 설명가능 완화추세,"2024·2026 관측자료와 ASOS 공통 조사월의 연관성을 이용한 상대 위험 전망입니다. 2026년은 부분연도이며, 2027년 실제 기상·발생·확률을 확정하지 않습니다."
논벼,오갈병,기타,대전광역시,0.0,,,전망자료 부족,낮음,8,2024,"양년 자료 없음, 공통 조사단위 0개, 유효 관측 8건, 결측률 0.0%, 단위별 변화 변동성 100.0점. 제한된 비교 단위 또는 변동성 때문에 보수적으로 낮게 평가합니다. 2024·2026 두 개 연도의 NCPMS 예찰자료만 사용한 상대 위험 전망으로, 기상·재배면적·방제 변화와 2027년 실제 발생을 확정하지 않습니다. ASOS 공통 조사월 0개에서 기온·습도·강수·풍속의 관측 연관성을 추세 연장분에만 최대 ±3점으로 제한 적용(보정 +0점). 2027년 미래 기상값은 생성하거나 가정하지 않았습니다.",전망자료 부족,,,0.0,—,기상근거 부족,0,ASOS 공통 조사월 0개에서 기온·습도·강수·풍속의 관측 연관성을 추세 연장분에만 최대 ±3점으로 제한 적용(보정 +0점). 2027년 미래 기상값은 생성하거나 가정하지 않았습니다.,F27-WX1 설명가능 완화추세,"2024·2026 관측자료와 ASOS 공통 조사월의 연관성을 이용한 상대 위험 전망입니다. 2026년은 부분연도이며, 2027년 실제 기상·발생·확률을 확정하지 않습니다."
논벼,오갈병,기타,부산광역시,0.0,,,전망자료 부족,낮음,8,2024,"양년 자료 없음, 공통 조사단위 0개, 유효 관측 8건, 결측률 0.0%, 단위별 변화 변동성 100.0점. 제한된 비교 단위 또는 변동성 때문에 보수적으로 낮게 평가합니다. 2024·2026 두 개 연도의 NCPMS 예찰자료만 사용한 상대 위험 전망으로, 기상·재배면적·방제 변화와 2027년 실제 발생을 확정하지 않습니다. ASOS 공통 조사월 0개에서 기온·습도·강수·풍속의 관측 연관성을 추세 연장분에만 최대 ±3점으로 제한 적용(보정 +0점). 2027년 미래 기상값은 생성하거나 가정하지 않았습니다.",전망자료 부족,,,0.0,—,기상근거 부족,0,ASOS 공통 조사월 0개에서 기온·습도·강수·풍속의 관측 연관성을 추세 연장분에만 최대 ±3점으로 제한 적용(보정 +0점). 2027년 미래 기상값은 생성하거나 가정하지 않았습니다.,F27-WX1 설명가능 완화추세,"2024·2026 관측자료와 ASOS 공통 조사월의 연관성을 이용한 상대 위험 전망입니다. 2026년은 부분연도이며, 2027년 실제 기상·발생·확률을 확정하지 않습니다."
논벼,오갈병,기타,세종특별자치시,0.0,,,전망자료 부족,낮음,8,2024,"양년 자료 없음, 공통 조사단위 0개, 유효 관측 8건, 결측률 0.0%, 단위별 변화 변동성 100.0점. 제한된 비교 단위 또는 변동성 때문에 보수적으로 낮게 평가합니다. 2024·2026 두 개 연도의 NCPMS 예찰자료만 사용한 상대 위험 전망으로, 기상·재배면적·방제 변화와 2027년 실제 발생을 확정하지 않습니다. ASOS 공통 조사월 0개에서 기온·습도·강수·풍속의 관측 연관성을 추세 연장분에만 최대 ±3점으로 제한 적용(보정 +0점). 2027년 미래 기상값은 생성하거나 가정하지 않았습니다.",전망자료 부족,,,0.0,—,기상근거 부족,0,ASOS 공통 조사월 0개에서 기온·습도·강수·풍속의 관측 연관성을 추세 연장분에만 최대 ±3점으로 제한 적용(보정 +0점). 2027년 미래 기상값은 생성하거나 가정하지 않았습니다.,F27-WX1 설명가능 완화추세,"2024·2026 관측자료와 ASOS 공통 조사월의 연관성을 이용한 상대 위험 전망입니다. 2026년은 부분연도이며, 2027년 실제 기상·발생·확률을 확정하지 않습니다."
논벼,오갈병,기타,울산광역시,0.0,,,전망자료 부족,낮음,8,2024,"양년 자료 없음, 공통 조사단위 0개, 유효 관측 8건, 결측률 0.0%, 단위별 변화 변동성 100.0점. 제한된 비교 단위 또는 변동성 때문에 보수적으로 낮게 평가합니다. 2024·2026 두 개 연도의 NCPMS 예찰자료만 사용한 상대 위험 전망으로, 기상·재배면적·방제 변화와 2027년 실제 발생을 확정하지 않습니다. ASOS 공통 조사월 0개에서 기온·습도·강수·풍속의 관측 연관성을 추세 연장분에만 최대 ±3점으로 제한 적용(보정 +0점). 2027년 미래 기상값은 생성하거나 가정하지 않았습니다.",전망자료 부족,,,0.0,—,기상근거 부족,0,ASOS 공통 조사월 0개에서 기온·습도·강수·풍속의 관측 연관성을 추세 연장분에만 최대 ±3점으로 제한 적용(보정 +0점). 2027년 미래 기상값은 생성하거나 가정하지 않았습니다.,F27-WX1 설명가능 완화추세,"2024·2026 관측자료와 ASOS 공통 조사월의 연관성을 이용한 상대 위험 전망입니다. 2026년은 부분연도이며, 2027년 실제 기상·발생·확률을 확정하지 않습니다."
논벼,오갈병,기타,인천광역시,0.0,,,전망자료 부족,낮음,8,2024,"양년 자료 없음, 공통 조사단위 0개, 유효 관측 8건, 결측률 0.0%, 단위별 변화 변동성 100.0점. 제한된 비교 단위 또는 변동성 때문에 보수적으로 낮게 평가합니다. 2024·2026 두 개 연도의 NCPMS 예찰자료만 사용한 상대 위험 전망으로, 기상·재배면적·방제 변화와 2027년 실제 발생을 확정하지 않습니다. ASOS 공통 조사월 0개에서 기온·습도·강수·풍속의 관측 연관성을 추세 연장분에만 최대 ±3점으로 제한 적용(보정 +0점). 2027년 미래 기상값은 생성하거나 가정하지 않았습니다.",전망자료 부족,,,0.0,—,기상근거 부족,0,ASOS 공통 조사월 0개에서 기온·습도·강수·풍속의 관측 연관성을 추세 연장분에만 최대 ±3점으로 제한 적용(보정 +0점). 2027년 미래 기상값은 생성하거나 가정하지 않았습니다.,F27-WX1 설명가능 완화추세,"2024·2026 관측자료와 ASOS 공통 조사월의 연관성을 이용한 상대 위험 전망입니다. 2026년은 부분연도이며, 2027년 실제 기상·발생·확률을 확정하지 않습니다."
논벼,오갈병,기타,전남광주통합특별시,0.0,,,전망자료 부족,낮음,8,2024,"양년 자료 없음, 공통 조사단위 0개, 유효 관측 8건, 결측률 0.0%, 단위별 변화 변동성 100.0점. 제한된 비교 단위 또는 변동성 때문에 보수적으로 낮게 평가합니다. 2024·2026 두 개 연도의 NCPMS 예찰자료만 사용한 상대 위험 전망으로, 기상·재배면적·방제 변화와 2027년 실제 발생을 확정하지 않습니다. ASOS 공통 조사월 0개에서 기온·습도·강수·풍속의 관측 연관성을 추세 연장분에만 최대 ±3점으로 제한 적용(보정 +0점). 2027년 미래 기상값은 생성하거나 가정하지 않았습니다.",전망자료 부족,,,0.0,—,기상근거 부족,0,ASOS 공통 조사월 0개에서 기온·습도·강수·풍속의 관측 연관성을 추세 연장분에만 최대 ±3점으로 제한 적용(보정 +0점). 2027년 미래 기상값은 생성하거나 가정하지 않았습니다.,F27-WX1 설명가능 완화추세,"2024·2026 관측자료와 ASOS 공통 조사월의 연관성을 이용한 상대 위험 전망입니다. 2026년은 부분연도이며, 2027년 실제 기상·발생·확률을 확정하지 않습니다."
논벼,오갈병,기타,전북특별자치도,0.0,,,전망자료 부족,낮음,8,2024,"양년 자료 없음, 공통 조사단위 0개, 유효 관측 8건, 결측률 0.0%, 단위별 변화 변동성 100.0점. 제한된 비교 단위 또는 변동성 때문에 보수적으로 낮게 평가합니다. 2024·2026 두 개 연도의 NCPMS 예찰자료만 사용한 상대 위험 전망으로, 기상·재배면적·방제 변화와 2027년 실제 발생을 확정하지 않습니다. ASOS 공통 조사월 0개에서 기온·습도·강수·풍속의 관측 연관성을 추세 연장분에만 최대 ±3점으로 제한 적용(보정 +0점). 2027년 미래 기상값은 생성하거나 가정하지 않았습니다.",전망자료 부족,,,0.0,—,기상근거 부족,0,ASOS 공통 조사월 0개에서 기온·습도·강수·풍속의 관측 연관성을 추세 연장분에만 최대 ±3점으로 제한 적용(보정 +0점). 2027년 미래 기상값은 생성하거나 가정하지 않았습니다.,F27-WX1 설명가능 완화추세,"2024·2026 관측자료와 ASOS 공통 조사월의 연관성을 이용한 상대 위험 전망입니다. 2026년은 부분연도이며, 2027년 실제 기상·발생·확률을 확정하지 않습니다."
논벼,오갈병,기타,충청남도,0.0,,,전망자료 부족,낮음,8,2024,"양년 자료 없음, 공통 조사단위 0개, 유효 관측 8건, 결측률 0.0%, 단위별 변화 변동성 100.0점. 제한된 비교 단위 또는 변동성 때문에 보수적으로 낮게 평가합니다. 2024·2026 두 개 연도의 NCPMS 예찰자료만 사용한 상대 위험 전망으로, 기상·재배면적·방제 변화와 2027년 실제 발생을 확정하지 않습니다. ASOS 공통 조사월 0개에서 기온·습도·강수·풍속의 관측 연관성을 추세 연장분에만 최대 ±3점으로 제한 적용(보정 +0점). 2027년 미래 기상값은 생성하거나 가정하지 않았습니다.",전망자료 부족,,,0.0,—,기상근거 부족,0,ASOS 공통 조사월 0개에서 기온·습도·강수·풍속의 관측 연관성을 추세 연장분에만 최대 ±3점으로 제한 적용(보정 +0점). 2027년 미래 기상값은 생성하거나 가정하지 않았습니다.,F27-WX1 설명가능 완화추세,"2024·2026 관측자료와 ASOS 공통 조사월의 연관성을 이용한 상대 위험 전망입니다. 2026년은 부분연도이며, 2027년 실제 기상·발생·확률을 확정하지 않습니다."
논벼,오갈병,기타,충청북도,0.0,,,전망자료 부족,낮음,8,2024,"양년 자료 없음, 공통 조사단위 0개, 유효 관측 8건, 결측률 0.0%, 단위별 변화 변동성 100.0점. 제한된 비교 단위 또는 변동성 때문에 보수적으로 낮게 평가합니다. 2024·2026 두 개 연도의 NCPMS 예찰자료만 사용한 상대 위험 전망으로, 기상·재배면적·방제 변화와 2027년 실제 발생을 확정하지 않습니다. ASOS 공통 조사월 0개에서 기온·습도·강수·풍속의 관측 연관성을 추세 연장분에만 최대 ±3점으로 제한 적용(보정 +0점). 2027년 미래 기상값은 생성하거나 가정하지 않았습니다.",전망자료 부족,,,0.0,—,기상근거 부족,0,ASOS 공통 조사월 0개에서 기온·습도·강수·풍속의 관측 연관성을 추세 연장분에만 최대 ±3점으로 제한 적용(보정 +0점). 2027년 미래 기상값은 생성하거나 가정하지 않았습니다.,F27-WX1 설명가능 완화추세,"2024·2026 관측자료와 ASOS 공통 조사월의 연관성을 이용한 상대 위험 전망입니다. 2026년은 부분연도이며, 2027년 실제 기상·발생·확률을 확정하지 않습니다."
사과,은무늬굴나방,해충,강원특별자치도,7.0,10.0,10,유지,보통,12,2024·2026,"기준선 비교: 2026 유지 9.5점, 2024·2026 가중평균 8.8점, 선택 모델(완화 추세+표본 축소) 10.1점. 지역 변화 +2.1점을 표본가중치 0.50로 같은 병해충·작물의 지역 중앙 변화 +1.0점 방향에 축소하고, 1년 연장 변화는 ±20점으로 제한했습니다. 양년 자료 있음, 공통 조사단위 3개, 유효 관측 12건, 결측률 0.0%, 단위별 변화 변동성 10.5점. 비교는 가능하지만 표본 또는 변동성에 불확실성이 남습니다. 2024·2026 두 개 연도의 NCPMS 예찰자료만 사용한 상대 위험 전망으로, 기상·재배면적·방제 변화와 2027년 실제 발생을 확정하지 않습니다. ASOS 공통 조사월 2개에서 기온·습도·강수·풍속의 관측 연관성을 추세 연장분에만 최대 ±3점으로 제한 적용(보정 +0점). 2027년 미래 기상값은 생성하거나 가정하지 않았습니다.",관찰,10,0,-0.004,풍속,기상 근거 보강,2,ASOS 공통 조사월 2개에서 기온·습도·강수·풍속의 관측 연관성을 추세 연장분에만 최대 ±3점으로 제한 적용(보정 +0점). 2027년 미래 기상값은 생성하거나 가정하지 않았습니다.,F27-WX1 설명가능 완화추세,"2024·2026 관측자료와 ASOS 공통 조사월의 연관성을 이용한 상대 위험 전망입니다. 2026년은 부분연도이며, 2027년 실제 기상·발생·확률을 확정하지 않습니다."
사과,은무늬굴나방,해충,경기도,9.0,62.0,72,증가,보통,12,2024·2026,"기준선 비교: 2026 유지 62.2점, 2024·2026 가중평균 43.4점, 선택 모델(완화 추세+표본 축소) 71.8점. 지역 변화 +53.6점을 표본가중치 0.50로 같은 병해충·작물의 지역 중앙 변화 +1.0점 방향에 축소하고, 1년 연장 변화는 ±20점으로 제한했습니다. 양년 자료 있음, 공통 조사단위 3개, 유효 관측 12건, 결측률 0.0%, 단위별 변화 변동성 27.8점. 비교는 가능하지만 표본 또는 변동성에 불확실성이 남습니다. 2024·2026 두 개 연도의 NCPMS 예찰자료만 사용한 상대 위험 전망으로, 기상·재배면적·방제 변화와 2027년 실제 발생을 확정하지 않습니다. ASOS 공통 조사월 2개에서 기온·습도·강수·풍속의 관측 연관성을 추세 연장분에만 최대 ±3점으로 제한 적용(보정 +0점). 2027년 미래 기상값은 생성하거나 가정하지 않았습니다.",고위험,72,0,0.0126,풍속,기상 근거 보강,2,ASOS 공통 조사월 2개에서 기온·습도·강수·풍속의 관측 연관성을 추세 연장분에만 최대 ±3점으로 제한 적용(보정 +0점). 2027년 미래 기상값은 생성하거나 가정하지 않았습니다.,F27-WX1 설명가능 완화추세,"2024·2026 관측자료와 ASOS 공통 조사월의 연관성을 이용한 상대 위험 전망입니다. 2026년은 부분연도이며, 2027년 실제 기상·발생·확률을 확정하지 않습니다."
사과,은무늬굴나방,해충,경상남도,0.0,0.0,0,유지,보통,12,2024·2026,"기준선 비교: 2026 유지 0.0점, 2024·2026 가중평균 0.0점, 선택 모델(완화 추세+표본 축소) 0.2점. 지역 변화 +0.0점을 표본가중치 0.50로 같은 병해충·작물의 지역 중앙 변화 +1.0점 방향에 축소하고, 1년 연장 변화는 ±20점으로 제한했습니다. 양년 자료 있음, 공통 조사단위 3개, 유효 관측 12건, 결측률 0.0%, 단위별 변화 변동성 0.0점. 비교는 가능하지만 표본 또는 변동성에 불확실성이 남습니다. 2024·2026 두 개 연도의 NCPMS 예찰자료만 사용한 상대 위험 전망으로, 기상·재배면적·방제 변화와 2027년 실제 발생을 확정하지 않습니다. ASOS 공통 조사월 2개에서 기온·습도·강수·풍속의 관측 연관성을 추세 연장분에만 최대 ±3점으로 제한 적용(보정 +0점). 2027년 미래 기상값은 생성하거나 가정하지 않았습니다.",관찰,0,0,-0.0037,풍속,기상 근거 보강,2,ASOS 공통 조사월 2개에서 기온·습도·강수·풍속의 관측 연관성을 추세 연장분에만 최대 ±3점으로 제한 적용(보정 +0점). 2027년 미래 기상값은 생성하거나 가정하지 않았습니다.,F27-WX1 설명가능 완화추세,"2024·2026 관측자료와 ASOS 공통 조사월의 연관성을 이용한 상대 위험 전망입니다. 2026년은 부분연도이며, 2027년 실제 기상·발생·확률을 확정하지 않습니다."
사과,은무늬굴나방,해충,경상북도,43.0,64.0,68,유지,보통,12,2024·2026,"기준선 비교: 2026 유지 63.8점, 2024·2026 가중평균 56.3점, 선택 모델(완화 추세+표본 축소) 67.7점. 지역 변화 +21.2점을 표본가중치 0.50로 같은 병해충·작물의 지역 중앙 변화 +1.0점 방향에 축소하고, 1년 연장 변화는 ±20점으로 제한했습니다. 양년 자료 있음, 공통 조사단위 3개, 유효 관측 12건, 결측률 0.0%, 단위별 변화 변동성 18.3점. 비교는 가능하지만 표본 또는 변동성에 불확실성이 남습니다. 2024·2026 두 개 연도의 NCPMS 예찰자료만 사용한 상대 위험 전망으로, 기상·재배면적·방제 변화와 2027년 실제 발생을 확정하지 않습니다. ASOS 공통 조사월 2개에서 기온·습도·강수·풍속의 관측 연관성을 추세 연장분에만 최대 ±3점으로 제한 적용(보정 +0점). 2027년 미래 기상값은 생성하거나 가정하지 않았습니다.",고위험,68,0,0.0043,풍속,기상 근거 보강,2,ASOS 공통 조사월 2개에서 기온·습도·강수·풍속의 관측 연관성을 추세 연장분에만 최대 ±3점으로 제한 적용(보정 +0점). 2027년 미래 기상값은 생성하거나 가정하지 않았습니다.,F27-WX1 설명가능 완화추세,"2024·2026 관측자료와 ASOS 공통 조사월의 연관성을 이용한 상대 위험 전망입니다. 2026년은 부분연도이며, 2027년 실제 기상·발생·확률을 확정하지 않습니다."
사과,은무늬굴나방,해충,대구광역시,0.0,,,전망자료 부족,낮음,6,2024,"양년 자료 없음, 공통 조사단위 0개, 유효 관측 6건, 결측률 0.0%, 단위별 변화 변동성 100.0점. 제한된 비교 단위 또는 변동성 때문에 보수적으로 낮게 평가합니다. 2024·2026 두 개 연도의 NCPMS 예찰자료만 사용한 상대 위험 전망으로, 기상·재배면적·방제 변화와 2027년 실제 발생을 확정하지 않습니다. ASOS 공통 조사월 0개에서 기온·습도·강수·풍속의 관측 연관성을 추세 연장분에만 최대 ±3점으로 제한 적용(보정 +0점). 2027년 미래 기상값은 생성하거나 가정하지 않았습니다.",전망자료 부족,,,0.0,—,기상근거 부족,0,ASOS 공통 조사월 0개에서 기온·습도·강수·풍속의 관측 연관성을 추세 연장분에만 최대 ±3점으로 제한 적용(보정 +0점). 2027년 미래 기상값은 생성하거나 가정하지 않았습니다.,F27-WX1 설명가능 완화추세,"2024·2026 관측자료와 ASOS 공통 조사월의 연관성을 이용한 상대 위험 전망입니다. 2026년은 부분연도이며, 2027년 실제 기상·발생·확률을 확정하지 않습니다."
사과,은무늬굴나방,해충,전남광주통합특별시,0.0,0.0,0,유지,보통,11,2024·2026,"기준선 비교: 2026 유지 0.0점, 2024·2026 가중평균 0.0점, 선택 모델(완화 추세+표본 축소) 0.2점. 지역 변화 +0.0점을 표본가중치 0.48로 같은 병해충·작물의 지역 중앙 변화 +1.0점 방향에 축소하고, 1년 연장 변화는 ±20점으로 제한했습니다. 양년 자료 있음, 공통 조사단위 2개, 유효 관측 11건, 결측률 0.0%, 단위별 변화 변동성 0.0점. 비교는 가능하지만 표본 또는 변동성에 불확실성이 남습니다. 2024·2026 두 개 연도의 NCPMS 예찰자료만 사용한 상대 위험 전망으로, 기상·재배면적·방제 변화와 2027년 실제 발생을 확정하지 않습니다. ASOS 공통 조사월 2개에서 기온·습도·강수·풍속의 관측 연관성을 추세 연장분에만 최대 ±3점으로 제한 적용(보정 +0점). 2027년 미래 기상값은 생성하거나 가정하지 않았습니다.",관찰,0,0,-0.0056,풍속,기상 근거 보강,2,ASOS 공통 조사월 2개에서 기온·습도·강수·풍속의 관측 연관성을 추세 연장분에만 최대 ±3점으로 제한 적용(보정 +0점). 2027년 미래 기상값은 생성하거나 가정하지 않았습니다.,F27-WX1 설명가능 완화추세,"2024·2026 관측자료와 ASOS 공통 조사월의 연관성을 이용한 상대 위험 전망입니다. 2026년은 부분연도이며, 2027년 실제 기상·발생·확률을 확정하지 않습니다."
사과,은무늬굴나방,해충,전북특별자치도,3.0,17.0,19,유지,보통,12,2024·2026,"기준선 비교: 2026 유지 16.7점, 2024·2026 가중평균 11.9점, 선택 모델(완화 추세+표본 축소) 19.2점. 지역 변화 +13.7점을 표본가중치 0.50로 같은 병해충·작물의 지역 중앙 변화 +1.0점 방향에 축소하고, 1년 연장 변화는 ±20점으로 제한했습니다. 양년 자료 있음, 공통 조사단위 3개, 유효 관측 12건, 결측률 0.0%, 단위별 변화 변동성 1.4점. 비교는 가능하지만 표본 또는 변동성에 불확실성이 남습니다. 2024·2026 두 개 연도의 NCPMS 예찰자료만 사용한 상대 위험 전망으로, 기상·재배면적·방제 변화와 2027년 실제 발생을 확정하지 않습니다. ASOS 공통 조사월 2개에서 기온·습도·강수·풍속의 관측 연관성을 추세 연장분에만 최대 ±3점으로 제한 적용(보정 +0점). 2027년 미래 기상값은 생성하거나 가정하지 않았습니다.",관찰,19,0,0.0017,기온,기상 근거 보강,2,ASOS 공통 조사월 2개에서 기온·습도·강수·풍속의 관측 연관성을 추세 연장분에만 최대 ±3점으로 제한 적용(보정 +0점). 2027년 미래 기상값은 생성하거나 가정하지 않았습니다.,F27-WX1 설명가능 완화추세,"2024·2026 관측자료와 ASOS 공통 조사월의 연관성을 이용한 상대 위험 전망입니다. 2026년은 부분연도이며, 2027년 실제 기상·발생·확률을 확정하지 않습니다."
사과,은무늬굴나방,해충,충청남도,0.0,0.0,0,유지,보통,12,2024·2026,"기준선 비교: 2026 유지 0.0점, 2024·2026 가중평균 0.0점, 선택 모델(완화 추세+표본 축소) 0.2점. 지역 변화 +0.0점을 표본가중치 0.50로 같은 병해충·작물의 지역 중앙 변화 +1.0점 방향에 축소하고, 1년 연장 변화는 ±20점으로 제한했습니다. 양년 자료 있음, 공통 조사단위 3개, 유효 관측 12건, 결측률 0.0%, 단위별 변화 변동성 0.0점. 비교는 가능하지만 표본 또는 변동성에 불확실성이 남습니다. 2024·2026 두 개 연도의 NCPMS 예찰자료만 사용한 상대 위험 전망으로, 기상·재배면적·방제 변화와 2027년 실제 발생을 확정하지 않습니다. ASOS 공통 조사월 2개에서 기온·습도·강수·풍속의 관측 연관성을 추세 연장분에만 최대 ±3점으로 제한 적용(보정 +0점). 2027년 미래 기상값은 생성하거나 가정하지 않았습니다.",관찰,0,0,0.0026,기온,기상 근거 보강,2,ASOS 공통 조사월 2개에서 기온·습도·강수·풍속의 관측 연관성을 추세 연장분에만 최대 ±3점으로 제한 적용(보정 +0점). 2027년 미래 기상값은 생성하거나 가정하지 않았습니다.,F27-WX1 설명가능 완화추세,"2024·2026 관측자료와 ASOS 공통 조사월의 연관성을 이용한 상대 위험 전망입니다. 2026년은 부분연도이며, 2027년 실제 기상·발생·확률을 확정하지 않습니다."
사과,은무늬굴나방,해충,충청북도,38.0,21.0,18,유지,보통,12,2024·2026,"기준선 비교: 2026 유지 20.5점, 2024·2026 가중평균 26.8점, 선택 모델(완화 추세+표본 축소) 17.6점. 지역 변화 -17.9점을 표본가중치 0.50로 같은 병해충·작물의 지역 중앙 변화 +1.0점 방향에 축소하고, 1년 연장 변화는 ±20점으로 제한했습니다. 양년 자료 있음, 공통 조사단위 3개, 유효 관측 12건, 결측률 0.0%, 단위별 변화 변동성 26.1점. 비교는 가능하지만 표본 또는 변동성에 불확실성이 남습니다. 2024·2026 두 개 연도의 NCPMS 예찰자료만 사용한 상대 위험 전망으로, 기상·재배면적·방제 변화와 2027년 실제 발생을 확정하지 않습니다. ASOS 공통 조사월 2개에서 기온·습도·강수·풍속의 관측 연관성을 추세 연장분에만 최대 ±3점으로 제한 적용(보정 +0점). 2027년 미래 기상값은 생성하거나 가정하지 않았습니다.",관찰,18,0,-0.0016,풍속,기상 근거 보강,2,ASOS 공통 조사월 2개에서 기온·습도·강수·풍속의 관측 연관성을 추세 연장분에만 최대 ±3점으로 제한 적용(보정 +0점). 2027년 미래 기상값은 생성하거나 가정하지 않았습니다.,F27-WX1 설명가능 완화추세,"2024·2026 관측자료와 ASOS 공통 조사월의 연관성을 이용한 상대 위험 전망입니다. 2026년은 부분연도이며, 2027년 실제 기상·발생·확률을 확정하지 않습니다."
배,응애류,해충,강원특별자치도,50.0,0.0,0,유지,낮음,8,2024·2026,"기준선 비교: 2026 유지 0.0점, 2024·2026 가중평균 17.5점, 선택 모델(완화 추세+표본 축소) 0.0점. 지역 변화 -50.0점을 표본가중치 0.40로 같은 병해충·작물의 지역 중앙 변화 +1.6점 방향에 축소하고, 1년 연장 변화는 ±20점으로 제한했습니다. 양년 자료 있음, 공통 조사단위 1개, 유효 관측 8건, 결측률 0.0%, 단위별 변화 변동성 0.0점. 제한된 비교 단위 또는 변동성 때문에 보수적으로 낮게 평가합니다. 2024·2026 두 개 연도의 NCPMS 예찰자료만 사용한 상대 위험 전망으로, 기상·재배면적·방제 변화와 2027년 실제 발생을 확정하지 않습니다. ASOS 공통 조사월 1개에서 기온·습도·강수·풍속의 관측 연관성을 추세 연장분에만 최대 ±3점으로 제한 적용(보정 +0점). 2027년 미래 기상값은 생성하거나 가정하지 않았습니다.",관찰,0,0,0.0036,습도,기상 근거 보강,1,ASOS 공통 조사월 1개에서 기온·습도·강수·풍속의 관측 연관성을 추세 연장분에만 최대 ±3점으로 제한 적용(보정 +0점). 2027년 미래 기상값은 생성하거나 가정하지 않았습니다.,F27-WX1 설명가능 완화추세,"2024·2026 관측자료와 ASOS 공통 조사월의 연관성을 이용한 상대 위험 전망입니다. 2026년은 부분연도이며, 2027년 실제 기상·발생·확률을 확정하지 않습니다."
배,응애류,해충,경기도,0.0,4.0,5,유지,보통,11,2024·2026,"기준선 비교: 2026 유지 4.3점, 2024·2026 가중평균 2.8점, 선택 모델(완화 추세+표본 축소) 5.3점. 지역 변화 +4.3점을 표본가중치 0.48로 같은 병해충·작물의 지역 중앙 변화 +1.6점 방향에 축소하고, 1년 연장 변화는 ±20점으로 제한했습니다. 양년 자료 있음, 공통 조사단위 4개, 유효 관측 11건, 결측률 0.0%, 단위별 변화 변동성 0.0점. 비교는 가능하지만 표본 또는 변동성에 불확실성이 남습니다. 2024·2026 두 개 연도의 NCPMS 예찰자료만 사용한 상대 위험 전망으로, 기상·재배면적·방제 변화와 2027년 실제 발생을 확정하지 않습니다. ASOS 공통 조사월 2개에서 기온·습도·강수·풍속의 관측 연관성을 추세 연장분에만 최대 ±3점으로 제한 적용(보정 +0점). 2027년 미래 기상값은 생성하거나 가정하지 않았습니다.",관찰,5,0,-0.0277,습도,기상 근거 보강,2,ASOS 공통 조사월 2개에서 기온·습도·강수·풍속의 관측 연관성을 추세 연장분에만 최대 ±3점으로 제한 적용(보정 +0점). 2027년 미래 기상값은 생성하거나 가정하지 않았습니다.,F27-WX1 설명가능 완화추세,"2024·2026 관측자료와 ASOS 공통 조사월의 연관성을 이용한 상대 위험 전망입니다. 2026년은 부분연도이며, 2027년 실제 기상·발생·확률을 확정하지 않습니다."
배,응애류,해충,경상남도,0.0,2.0,2,유지,보통,11,2024·2026,"기준선 비교: 2026 유지 1.6점, 2024·2026 가중평균 1.0점, 선택 모델(완화 추세+표본 축소) 2.1점. 지역 변화 +1.6점을 표본가중치 0.48로 같은 병해충·작물의 지역 중앙 변화 +1.6점 방향에 축소하고, 1년 연장 변화는 ±20점으로 제한했습니다. 양년 자료 있음, 공통 조사단위 4개, 유효 관측 11건, 결측률 0.0%, 단위별 변화 변동성 0.0점. 비교는 가능하지만 표본 또는 변동성에 불확실성이 남습니다. 2024·2026 두 개 연도의 NCPMS 예찰자료만 사용한 상대 위험 전망으로, 기상·재배면적·방제 변화와 2027년 실제 발생을 확정하지 않습니다. ASOS 공통 조사월 2개에서 기온·습도·강수·풍속의 관측 연관성을 추세 연장분에만 최대 ±3점으로 제한 적용(보정 +0점). 2027년 미래 기상값은 생성하거나 가정하지 않았습니다.",관찰,2,0,0.0264,습도,기상 근거 보강,2,ASOS 공통 조사월 2개에서 기온·습도·강수·풍속의 관측 연관성을 추세 연장분에만 최대 ±3점으로 제한 적용(보정 +0점). 2027년 미래 기상값은 생성하거나 가정하지 않았습니다.,F27-WX1 설명가능 완화추세,"2024·2026 관측자료와 ASOS 공통 조사월의 연관성을 이용한 상대 위험 전망입니다. 2026년은 부분연도이며, 2027년 실제 기상·발생·확률을 확정하지 않습니다."
배,응애류,해충,경상북도,0.0,2.0,2,유지,보통,11,2024·2026,"기준선 비교: 2026 유지 1.9점, 2024·2026 가중평균 1.2점, 선택 모델(완화 추세+표본 축소) 2.5점. 지역 변화 +1.9점을 표본가중치 0.48로 같은 병해충·작물의 지역 중앙 변화 +1.6점 방향에 축소하고, 1년 연장 변화는 ±20점으로 제한했습니다. 양년 자료 있음, 공통 조사단위 4개, 유효 관측 11건, 결측률 0.0%, 단위별 변화 변동성 0.0점. 비교는 가능하지만 표본 또는 변동성에 불확실성이 남습니다. 2024·2026 두 개 연도의 NCPMS 예찰자료만 사용한 상대 위험 전망으로, 기상·재배면적·방제 변화와 2027년 실제 발생을 확정하지 않습니다. ASOS 공통 조사월 2개에서 기온·습도·강수·풍속의 관측 연관성을 추세 연장분에만 최대 ±3점으로 제한 적용(보정 +0점). 2027년 미래 기상값은 생성하거나 가정하지 않았습니다.",관찰,2,0,0.0235,습도,기상 근거 보강,2,ASOS 공통 조사월 2개에서 기온·습도·강수·풍속의 관측 연관성을 추세 연장분에만 최대 ±3점으로 제한 적용(보정 +0점). 2027년 미래 기상값은 생성하거나 가정하지 않았습니다.,F27-WX1 설명가능 완화추세,"2024·2026 관측자료와 ASOS 공통 조사월의 연관성을 이용한 상대 위험 전망입니다. 2026년은 부분연도이며, 2027년 실제 기상·발생·확률을 확정하지 않습니다."
배,응애류,해충,세종특별자치시,0.0,0.0,0,유지,보통,10,2024·2026,"기준선 비교: 2026 유지 0.0점, 2024·2026 가중평균 0.0점, 선택 모델(완화 추세+표본 축소) 0.3점. 지역 변화 +0.0점을 표본가중치 0.45로 같은 병해충·작물의 지역 중앙 변화 +1.6점 방향에 축소하고, 1년 연장 변화는 ±20점으로 제한했습니다. 양년 자료 있음, 공통 조사단위 4개, 유효 관측 10건, 결측률 0.0%, 단위별 변화 변동성 0.0점. 비교는 가능하지만 표본 또는 변동성에 불확실성이 남습니다. 2024·2026 두 개 연도의 NCPMS 예찰자료만 사용한 상대 위험 전망으로, 기상·재배면적·방제 변화와 2027년 실제 발생을 확정하지 않습니다. ASOS 공통 조사월 2개에서 기온·습도·강수·풍속의 관측 연관성을 추세 연장분에만 최대 ±3점으로 제한 적용(보정 +0점). 2027년 미래 기상값은 생성하거나 가정하지 않았습니다.",관찰,0,0,0.0269,습도,기상 근거 보강,2,ASOS 공통 조사월 2개에서 기온·습도·강수·풍속의 관측 연관성을 추세 연장분에만 최대 ±3점으로 제한 적용(보정 +0점). 2027년 미래 기상값은 생성하거나 가정하지 않았습니다.,F27-WX1 설명가능 완화추세,"2024·2026 관측자료와 ASOS 공통 조사월의 연관성을 이용한 상대 위험 전망입니다. 2026년은 부분연도이며, 2027년 실제 기상·발생·확률을 확정하지 않습니다."
배,응애류,해충,울산광역시,25.0,1.0,0,유지,낮음,10,2024·2026,"기준선 비교: 2026 유지 1.1점, 2024·2026 가중평균 9.5점, 선택 모델(완화 추세+표본 축소) 0.0점. 지역 변화 -23.9점을 표본가중치 0.45로 같은 병해충·작물의 지역 중앙 변화 +1.6점 방향에 축소하고, 1년 연장 변화는 ±20점으로 제한했습니다. 양년 자료 있음, 공통 조사단위 4개, 유효 관측 10건, 결측률 0.0%, 단위별 변화 변동성 43.3점. 제한된 비교 단위 또는 변동성 때문에 보수적으로 낮게 평가합니다. 2024·2026 두 개 연도의 NCPMS 예찰자료만 사용한 상대 위험 전망으로, 기상·재배면적·방제 변화와 2027년 실제 발생을 확정하지 않습니다. ASOS 공통 조사월 2개에서 기온·습도·강수·풍속의 관측 연관성을 추세 연장분에만 최대 ±3점으로 제한 적용(보정 +0점). 2027년 미래 기상값은 생성하거나 가정하지 않았습니다.",관찰,0,0,0.0151,습도,기상 근거 보강,2,ASOS 공통 조사월 2개에서 기온·습도·강수·풍속의 관측 연관성을 추세 연장분에만 최대 ±3점으로 제한 적용(보정 +0점). 2027년 미래 기상값은 생성하거나 가정하지 않았습니다.,F27-WX1 설명가능 완화추세,"2024·2026 관측자료와 ASOS 공통 조사월의 연관성을 이용한 상대 위험 전망입니다. 2026년은 부분연도이며, 2027년 실제 기상·발생·확률을 확정하지 않습니다."
배,응애류,해충,전남광주통합특별시,32.0,57.0,62,증가,보통,11,2024·2026,"기준선 비교: 2026 유지 57.1점, 2024·2026 가중평균 48.5점, 선택 모델(완화 추세+표본 축소) 61.6점. 지역 변화 +24.8점을 표본가중치 0.48로 같은 병해충·작물의 지역 중앙 변화 +1.6점 방향에 축소하고, 1년 연장 변화는 ±20점으로 제한했습니다. 양년 자료 있음, 공통 조사단위 4개, 유효 관측 11건, 결측률 0.0%, 단위별 변화 변동성 22.4점. 비교는 가능하지만 표본 또는 변동성에 불확실성이 남습니다. 2024·2026 두 개 연도의 NCPMS 예찰자료만 사용한 상대 위험 전망으로, 기상·재배면적·방제 변화와 2027년 실제 발생을 확정하지 않습니다. ASOS 공통 조사월 2개에서 기온·습도·강수·풍속의 관측 연관성을 추세 연장분에만 최대 ±3점으로 제한 적용(보정 +0점). 2027년 미래 기상값은 생성하거나 가정하지 않았습니다.",주의,62,0,0.0059,기온,기상 근거 보강,2,ASOS 공통 조사월 2개에서 기온·습도·강수·풍속의 관측 연관성을 추세 연장분에만 최대 ±3점으로 제한 적용(보정 +0점). 2027년 미래 기상값은 생성하거나 가정하지 않았습니다.,F27-WX1 설명가능 완화추세,"2024·2026 관측자료와 ASOS 공통 조사월의 연관성을 이용한 상대 위험 전망입니다. 2026년은 부분연도이며, 2027년 실제 기상·발생·확률을 확정하지 않습니다."
배,응애류,해충,전북특별자치도,,4.0,,전망자료 부족,낮음,7,2026,"양년 자료 없음, 공통 조사단위 0개, 유효 관측 7건, 결측률 0.0%, 단위별 변화 변동성 100.0점. 제한된 비교 단위 또는 변동성 때문에 보수적으로 낮게 평가합니다. 2024·2026 두 개 연도의 NCPMS 예찰자료만 사용한 상대 위험 전망으로, 기상·재배면적·방제 변화와 2027년 실제 발생을 확정하지 않습니다. ASOS 공통 조사월 0개에서 기온·습도·강수·풍속의 관측 연관성을 추세 연장분에만 최대 ±3점으로 제한 적용(보정 +0점). 2027년 미래 기상값은 생성하거나 가정하지 않았습니다.",전망자료 부족,,,0.0,—,기상근거 부족,0,ASOS 공통 조사월 0개에서 기온·습도·강수·풍속의 관측 연관성을 추세 연장분에만 최대 ±3점으로 제한 적용(보정 +0점). 2027년 미래 기상값은 생성하거나 가정하지 않았습니다.,F27-WX1 설명가능 완화추세,"2024·2026 관측자료와 ASOS 공통 조사월의 연관성을 이용한 상대 위험 전망입니다. 2026년은 부분연도이며, 2027년 실제 기상·발생·확률을 확정하지 않습니다."
배,응애류,해충,충청남도,0.0,25.0,29,유지,보통,11,2024·2026,"기준선 비교: 2026 유지 24.8점, 2024·2026 가중평균 16.1점, 선택 모델(완화 추세+표본 축소) 29.2점. 지역 변화 +24.8점을 표본가중치 0.48로 같은 병해충·작물의 지역 중앙 변화 +1.6점 방향에 축소하고, 1년 연장 변화는 ±20점으로 제한했습니다. 양년 자료 있음, 공통 조사단위 4개, 유효 관측 11건, 결측률 0.0%, 단위별 변화 변동성 8.7점. 비교는 가능하지만 표본 또는 변동성에 불확실성이 남습니다. 2024·2026 두 개 연도의 NCPMS 예찰자료만 사용한 상대 위험 전망으로, 기상·재배면적·방제 변화와 2027년 실제 발생을 확정하지 않습니다. ASOS 공통 조사월 2개에서 기온·습도·강수·풍속의 관측 연관성을 추세 연장분에만 최대 ±3점으로 제한 적용(보정 +0점). 2027년 미래 기상값은 생성하거나 가정하지 않았습니다.",관찰,29,0,0.0096,기온,기상 근거 보강,2,ASOS 공통 조사월 2개에서 기온·습도·강수·풍속의 관측 연관성을 추세 연장분에만 최대 ±3점으로 제한 적용(보정 +0점). 2027년 미래 기상값은 생성하거나 가정하지 않았습니다.,F27-WX1 설명가능 완화추세,"2024·2026 관측자료와 ASOS 공통 조사월의 연관성을 이용한 상대 위험 전망입니다. 2026년은 부분연도이며, 2027년 실제 기상·발생·확률을 확정하지 않습니다."
배,응애류,해충,충청북도,0.0,0.0,0,유지,보통,11,2024·2026,"기준선 비교: 2026 유지 0.0점, 2024·2026 가중평균 0.0점, 선택 모델(완화 추세+표본 축소) 0.3점. 지역 변화 +0.0점을 표본가중치 0.48로 같은 병해충·작물의 지역 중앙 변화 +1.6점 방향에 축소하고, 1년 연장 변화는 ±20점으로 제한했습니다. 양년 자료 있음, 공통 조사단위 4개, 유효 관측 11건, 결측률 0.0%, 단위별 변화 변동성 0.0점. 비교는 가능하지만 표본 또는 변동성에 불확실성이 남습니다. 2024·2026 두 개 연도의 NCPMS 예찰자료만 사용한 상대 위험 전망으로, 기상·재배면적·방제 변화와 2027년 실제 발생을 확정하지 않습니다. ASOS 공통 조사월 2개에서 기온·습도·강수·풍속의 관측 연관성을 추세 연장분에만 최대 ±3점으로 제한 적용(보정 +0점). 2027년 미래 기상값은 생성하거나 가정하지 않았습니다.",관찰,0,0,0.0056,기온,기상 근거 보강,2,ASOS 공통 조사월 2개에서 기온·습도·강수·풍속의 관측 연관성을 추세 연장분에만 최대 ±3점으로 제한 적용(보정 +0점). 2027년 미래 기상값은 생성하거나 가정하지 않았습니다.,F27-WX1 설명가능 완화추세,"2024·2026 관측자료와 ASOS 공통 조사월의 연관성을 이용한 상대 위험 전망입니다. 2026년은 부분연도이며, 2027년 실제 기상·발생·확률을 확정하지 않습니다."
사과,응애류,해충,강원특별자치도,,42.0,,전망자료 부족,낮음,6,2026,"양년 자료 없음, 공통 조사단위 0개, 유효 관측 6건, 결측률 0.0%, 단위별 변화 변동성 100.0점. 제한된 비교 단위 또는 변동성 때문에 보수적으로 낮게 평가합니다. 2024·2026 두 개 연도의 NCPMS 예찰자료만 사용한 상대 위험 전망으로, 기상·재배면적·방제 변화와 2027년 실제 발생을 확정하지 않습니다. ASOS 공통 조사월 0개에서 기온·습도·강수·풍속의 관측 연관성을 추세 연장분에만 최대 ±3점으로 제한 적용(보정 +0점). 2027년 미래 기상값은 생성하거나 가정하지 않았습니다.",전망자료 부족,,,0.0,—,기상근거 부족,0,ASOS 공통 조사월 0개에서 기온·습도·강수·풍속의 관측 연관성을 추세 연장분에만 최대 ±3점으로 제한 적용(보정 +0점). 2027년 미래 기상값은 생성하거나 가정하지 않았습니다.,F27-WX1 설명가능 완화추세,"2024·2026 관측자료와 ASOS 공통 조사월의 연관성을 이용한 상대 위험 전망입니다. 2026년은 부분연도이며, 2027년 실제 기상·발생·확률을 확정하지 않습니다."
사과,응애류,해충,경기도,,0.0,,전망자료 부족,낮음,6,2026,"양년 자료 없음, 공통 조사단위 0개, 유효 관측 6건, 결측률 0.0%, 단위별 변화 변동성 100.0점. 제한된 비교 단위 또는 변동성 때문에 보수적으로 낮게 평가합니다. 2024·2026 두 개 연도의 NCPMS 예찰자료만 사용한 상대 위험 전망으로, 기상·재배면적·방제 변화와 2027년 실제 발생을 확정하지 않습니다. ASOS 공통 조사월 0개에서 기온·습도·강수·풍속의 관측 연관성을 추세 연장분에만 최대 ±3점으로 제한 적용(보정 +0점). 2027년 미래 기상값은 생성하거나 가정하지 않았습니다.",전망자료 부족,,,0.0,—,기상근거 부족,0,ASOS 공통 조사월 0개에서 기온·습도·강수·풍속의 관측 연관성을 추세 연장분에만 최대 ±3점으로 제한 적용(보정 +0점). 2027년 미래 기상값은 생성하거나 가정하지 않았습니다.,F27-WX1 설명가능 완화추세,"2024·2026 관측자료와 ASOS 공통 조사월의 연관성을 이용한 상대 위험 전망입니다. 2026년은 부분연도이며, 2027년 실제 기상·발생·확률을 확정하지 않습니다."
사과,응애류,해충,경상남도,,19.0,,전망자료 부족,낮음,6,2026,"양년 자료 없음, 공통 조사단위 0개, 유효 관측 6건, 결측률 0.0%, 단위별 변화 변동성 100.0점. 제한된 비교 단위 또는 변동성 때문에 보수적으로 낮게 평가합니다. 2024·2026 두 개 연도의 NCPMS 예찰자료만 사용한 상대 위험 전망으로, 기상·재배면적·방제 변화와 2027년 실제 발생을 확정하지 않습니다. ASOS 공통 조사월 0개에서 기온·습도·강수·풍속의 관측 연관성을 추세 연장분에만 최대 ±3점으로 제한 적용(보정 +0점). 2027년 미래 기상값은 생성하거나 가정하지 않았습니다.",전망자료 부족,,,0.0,—,기상근거 부족,0,ASOS 공통 조사월 0개에서 기온·습도·강수·풍속의 관측 연관성을 추세 연장분에만 최대 ±3점으로 제한 적용(보정 +0점). 2027년 미래 기상값은 생성하거나 가정하지 않았습니다.,F27-WX1 설명가능 완화추세,"2024·2026 관측자료와 ASOS 공통 조사월의 연관성을 이용한 상대 위험 전망입니다. 2026년은 부분연도이며, 2027년 실제 기상·발생·확률을 확정하지 않습니다."
사과,응애류,해충,경상북도,,37.0,,전망자료 부족,낮음,6,2026,"양년 자료 없음, 공통 조사단위 0개, 유효 관측 6건, 결측률 0.0%, 단위별 변화 변동성 100.0점. 제한된 비교 단위 또는 변동성 때문에 보수적으로 낮게 평가합니다. 2024·2026 두 개 연도의 NCPMS 예찰자료만 사용한 상대 위험 전망으로, 기상·재배면적·방제 변화와 2027년 실제 발생을 확정하지 않습니다. ASOS 공통 조사월 0개에서 기온·습도·강수·풍속의 관측 연관성을 추세 연장분에만 최대 ±3점으로 제한 적용(보정 +0점). 2027년 미래 기상값은 생성하거나 가정하지 않았습니다.",전망자료 부족,,,0.0,—,기상근거 부족,0,ASOS 공통 조사월 0개에서 기온·습도·강수·풍속의 관측 연관성을 추세 연장분에만 최대 ±3점으로 제한 적용(보정 +0점). 2027년 미래 기상값은 생성하거나 가정하지 않았습니다.,F27-WX1 설명가능 완화추세,"2024·2026 관측자료와 ASOS 공통 조사월의 연관성을 이용한 상대 위험 전망입니다. 2026년은 부분연도이며, 2027년 실제 기상·발생·확률을 확정하지 않습니다."
사과,응애류,해충,전남광주통합특별시,,19.0,,전망자료 부족,낮음,5,2026,"양년 자료 없음, 공통 조사단위 0개, 유효 관측 5건, 결측률 0.0%, 단위별 변화 변동성 100.0점. 제한된 비교 단위 또는 변동성 때문에 보수적으로 낮게 평가합니다. 2024·2026 두 개 연도의 NCPMS 예찰자료만 사용한 상대 위험 전망으로, 기상·재배면적·방제 변화와 2027년 실제 발생을 확정하지 않습니다. ASOS 공통 조사월 0개에서 기온·습도·강수·풍속의 관측 연관성을 추세 연장분에만 최대 ±3점으로 제한 적용(보정 +0점). 2027년 미래 기상값은 생성하거나 가정하지 않았습니다.",전망자료 부족,,,0.0,—,기상근거 부족,0,ASOS 공통 조사월 0개에서 기온·습도·강수·풍속의 관측 연관성을 추세 연장분에만 최대 ±3점으로 제한 적용(보정 +0점). 2027년 미래 기상값은 생성하거나 가정하지 않았습니다.,F27-WX1 설명가능 완화추세,"2024·2026 관측자료와 ASOS 공통 조사월의 연관성을 이용한 상대 위험 전망입니다. 2026년은 부분연도이며, 2027년 실제 기상·발생·확률을 확정하지 않습니다."
사과,응애류,해충,전북특별자치도,,1.0,,전망자료 부족,낮음,6,2026,"양년 자료 없음, 공통 조사단위 0개, 유효 관측 6건, 결측률 0.0%, 단위별 변화 변동성 100.0점. 제한된 비교 단위 또는 변동성 때문에 보수적으로 낮게 평가합니다. 2024·2026 두 개 연도의 NCPMS 예찰자료만 사용한 상대 위험 전망으로, 기상·재배면적·방제 변화와 2027년 실제 발생을 확정하지 않습니다. ASOS 공통 조사월 0개에서 기온·습도·강수·풍속의 관측 연관성을 추세 연장분에만 최대 ±3점으로 제한 적용(보정 +0점). 2027년 미래 기상값은 생성하거나 가정하지 않았습니다.",전망자료 부족,,,0.0,—,기상근거 부족,0,ASOS 공통 조사월 0개에서 기온·습도·강수·풍속의 관측 연관성을 추세 연장분에만 최대 ±3점으로 제한 적용(보정 +0점). 2027년 미래 기상값은 생성하거나 가정하지 않았습니다.,F27-WX1 설명가능 완화추세,"2024·2026 관측자료와 ASOS 공통 조사월의 연관성을 이용한 상대 위험 전망입니다. 2026년은 부분연도이며, 2027년 실제 기상·발생·확률을 확정하지 않습니다."
사과,응애류,해충,충청남도,,20.0,,전망자료 부족,낮음,6,2026,"양년 자료 없음, 공통 조사단위 0개, 유효 관측 6건, 결측률 0.0%, 단위별 변화 변동성 100.0점. 제한된 비교 단위 또는 변동성 때문에 보수적으로 낮게 평가합니다. 2024·2026 두 개 연도의 NCPMS 예찰자료만 사용한 상대 위험 전망으로, 기상·재배면적·방제 변화와 2027년 실제 발생을 확정하지 않습니다. ASOS 공통 조사월 0개에서 기온·습도·강수·풍속의 관측 연관성을 추세 연장분에만 최대 ±3점으로 제한 적용(보정 +0점). 2027년 미래 기상값은 생성하거나 가정하지 않았습니다.",전망자료 부족,,,0.0,—,기상근거 부족,0,ASOS 공통 조사월 0개에서 기온·습도·강수·풍속의 관측 연관성을 추세 연장분에만 최대 ±3점으로 제한 적용(보정 +0점). 2027년 미래 기상값은 생성하거나 가정하지 않았습니다.,F27-WX1 설명가능 완화추세,"2024·2026 관측자료와 ASOS 공통 조사월의 연관성을 이용한 상대 위험 전망입니다. 2026년은 부분연도이며, 2027년 실제 기상·발생·확률을 확정하지 않습니다."
사과,응애류,해충,충청북도,,2.0,,전망자료 부족,낮음,6,2026,"양년 자료 없음, 공통 조사단위 0개, 유효 관측 6건, 결측률 0.0%, 단위별 변화 변동성 100.0점. 제한된 비교 단위 또는 변동성 때문에 보수적으로 낮게 평가합니다. 2024·2026 두 개 연도의 NCPMS 예찰자료만 사용한 상대 위험 전망으로, 기상·재배면적·방제 변화와 2027년 실제 발생을 확정하지 않습니다. ASOS 공통 조사월 0개에서 기온·습도·강수·풍속의 관측 연관성을 추세 연장분에만 최대 ±3점으로 제한 적용(보정 +0점). 2027년 미래 기상값은 생성하거나 가정하지 않았습니다.",전망자료 부족,,,0.0,—,기상근거 부족,0,ASOS 공통 조사월 0개에서 기온·습도·강수·풍속의 관측 연관성을 추세 연장분에만 최대 ±3점으로 제한 적용(보정 +0점). 2027년 미래 기상값은 생성하거나 가정하지 않았습니다.,F27-WX1 설명가능 완화추세,"2024·2026 관측자료와 ASOS 공통 조사월의 연관성을 이용한 상대 위험 전망입니다. 2026년은 부분연도이며, 2027년 실제 기상·발생·확률을 확정하지 않습니다."
논벼,이삭누룩병,병해,강원특별자치도,0.0,0.0,0,유지,보통,32,2024·2026,"기준선 비교: 2026 유지 0.0점, 2024·2026 가중평균 0.0점, 선택 모델(완화 추세+표본 축소) 0.0점. 지역 변화 +0.0점을 표본가중치 0.73로 같은 병해충·작물의 지역 중앙 변화 +0.0점 방향에 축소하고, 1년 연장 변화는 ±20점으로 제한했습니다. 양년 자료 있음, 공통 조사단위 2개, 유효 관측 32건, 결측률 0.0%, 단위별 변화 변동성 0.0점. 비교는 가능하지만 표본 또는 변동성에 불확실성이 남습니다. 2024·2026 두 개 연도의 NCPMS 예찰자료만 사용한 상대 위험 전망으로, 기상·재배면적·방제 변화와 2027년 실제 발생을 확정하지 않습니다. ASOS 공통 조사월 1개에서 기온·습도·강수·풍속의 관측 연관성을 추세 연장분에만 최대 ±3점으로 제한 적용(보정 +0점). 2027년 미래 기상값은 생성하거나 가정하지 않았습니다.",관찰,0,0,0.0,—,기상근거 부족,1,ASOS 공통 조사월 1개에서 기온·습도·강수·풍속의 관측 연관성을 추세 연장분에만 최대 ±3점으로 제한 적용(보정 +0점). 2027년 미래 기상값은 생성하거나 가정하지 않았습니다.,F27-WX1 설명가능 완화추세,"2024·2026 관측자료와 ASOS 공통 조사월의 연관성을 이용한 상대 위험 전망입니다. 2026년은 부분연도이며, 2027년 실제 기상·발생·확률을 확정하지 않습니다."
논벼,이삭누룩병,병해,경기도,0.0,0.0,0,유지,보통,36,2024·2026,"기준선 비교: 2026 유지 0.0점, 2024·2026 가중평균 0.0점, 선택 모델(완화 추세+표본 축소) 0.0점. 지역 변화 +0.0점을 표본가중치 0.75로 같은 병해충·작물의 지역 중앙 변화 +0.0점 방향에 축소하고, 1년 연장 변화는 ±20점으로 제한했습니다. 양년 자료 있음, 공통 조사단위 2개, 유효 관측 36건, 결측률 0.0%, 단위별 변화 변동성 0.0점. 비교는 가능하지만 표본 또는 변동성에 불확실성이 남습니다. 2024·2026 두 개 연도의 NCPMS 예찰자료만 사용한 상대 위험 전망으로, 기상·재배면적·방제 변화와 2027년 실제 발생을 확정하지 않습니다. ASOS 공통 조사월 1개에서 기온·습도·강수·풍속의 관측 연관성을 추세 연장분에만 최대 ±3점으로 제한 적용(보정 +0점). 2027년 미래 기상값은 생성하거나 가정하지 않았습니다.",관찰,0,0,0.0,—,기상근거 부족,1,ASOS 공통 조사월 1개에서 기온·습도·강수·풍속의 관측 연관성을 추세 연장분에만 최대 ±3점으로 제한 적용(보정 +0점). 2027년 미래 기상값은 생성하거나 가정하지 않았습니다.,F27-WX1 설명가능 완화추세,"2024·2026 관측자료와 ASOS 공통 조사월의 연관성을 이용한 상대 위험 전망입니다. 2026년은 부분연도이며, 2027년 실제 기상·발생·확률을 확정하지 않습니다."
논벼,이삭누룩병,병해,경상남도,0.0,0.0,0,유지,보통,32,2024·2026,"기준선 비교: 2026 유지 0.0점, 2024·2026 가중평균 0.0점, 선택 모델(완화 추세+표본 축소) 0.0점. 지역 변화 +0.0점을 표본가중치 0.73로 같은 병해충·작물의 지역 중앙 변화 +0.0점 방향에 축소하고, 1년 연장 변화는 ±20점으로 제한했습니다. 양년 자료 있음, 공통 조사단위 2개, 유효 관측 32건, 결측률 0.0%, 단위별 변화 변동성 0.0점. 비교는 가능하지만 표본 또는 변동성에 불확실성이 남습니다. 2024·2026 두 개 연도의 NCPMS 예찰자료만 사용한 상대 위험 전망으로, 기상·재배면적·방제 변화와 2027년 실제 발생을 확정하지 않습니다. ASOS 공통 조사월 1개에서 기온·습도·강수·풍속의 관측 연관성을 추세 연장분에만 최대 ±3점으로 제한 적용(보정 +0점). 2027년 미래 기상값은 생성하거나 가정하지 않았습니다.",관찰,0,0,0.0,—,기상근거 부족,1,ASOS 공통 조사월 1개에서 기온·습도·강수·풍속의 관측 연관성을 추세 연장분에만 최대 ±3점으로 제한 적용(보정 +0점). 2027년 미래 기상값은 생성하거나 가정하지 않았습니다.,F27-WX1 설명가능 완화추세,"2024·2026 관측자료와 ASOS 공통 조사월의 연관성을 이용한 상대 위험 전망입니다. 2026년은 부분연도이며, 2027년 실제 기상·발생·확률을 확정하지 않습니다."
논벼,이삭누룩병,병해,경상북도,0.0,0.0,0,유지,보통,32,2024·2026,"기준선 비교: 2026 유지 0.0점, 2024·2026 가중평균 0.0점, 선택 모델(완화 추세+표본 축소) 0.0점. 지역 변화 +0.0점을 표본가중치 0.73로 같은 병해충·작물의 지역 중앙 변화 +0.0점 방향에 축소하고, 1년 연장 변화는 ±20점으로 제한했습니다. 양년 자료 있음, 공통 조사단위 2개, 유효 관측 32건, 결측률 0.0%, 단위별 변화 변동성 0.0점. 비교는 가능하지만 표본 또는 변동성에 불확실성이 남습니다. 2024·2026 두 개 연도의 NCPMS 예찰자료만 사용한 상대 위험 전망으로, 기상·재배면적·방제 변화와 2027년 실제 발생을 확정하지 않습니다. ASOS 공통 조사월 1개에서 기온·습도·강수·풍속의 관측 연관성을 추세 연장분에만 최대 ±3점으로 제한 적용(보정 +0점). 2027년 미래 기상값은 생성하거나 가정하지 않았습니다.",관찰,0,0,0.0,—,기상근거 부족,1,ASOS 공통 조사월 1개에서 기온·습도·강수·풍속의 관측 연관성을 추세 연장분에만 최대 ±3점으로 제한 적용(보정 +0점). 2027년 미래 기상값은 생성하거나 가정하지 않았습니다.,F27-WX1 설명가능 완화추세,"2024·2026 관측자료와 ASOS 공통 조사월의 연관성을 이용한 상대 위험 전망입니다. 2026년은 부분연도이며, 2027년 실제 기상·발생·확률을 확정하지 않습니다."
논벼,이삭누룩병,병해,대구광역시,0.0,0.0,0,유지,보통,32,2024·2026,"기준선 비교: 2026 유지 0.0점, 2024·2026 가중평균 0.0점, 선택 모델(완화 추세+표본 축소) 0.0점. 지역 변화 +0.0점을 표본가중치 0.73로 같은 병해충·작물의 지역 중앙 변화 +0.0점 방향에 축소하고, 1년 연장 변화는 ±20점으로 제한했습니다. 양년 자료 있음, 공통 조사단위 2개, 유효 관측 32건, 결측률 0.0%, 단위별 변화 변동성 0.0점. 비교는 가능하지만 표본 또는 변동성에 불확실성이 남습니다. 2024·2026 두 개 연도의 NCPMS 예찰자료만 사용한 상대 위험 전망으로, 기상·재배면적·방제 변화와 2027년 실제 발생을 확정하지 않습니다. ASOS 공통 조사월 1개에서 기온·습도·강수·풍속의 관측 연관성을 추세 연장분에만 최대 ±3점으로 제한 적용(보정 +0점). 2027년 미래 기상값은 생성하거나 가정하지 않았습니다.",관찰,0,0,0.0,—,기상근거 부족,1,ASOS 공통 조사월 1개에서 기온·습도·강수·풍속의 관측 연관성을 추세 연장분에만 최대 ±3점으로 제한 적용(보정 +0점). 2027년 미래 기상값은 생성하거나 가정하지 않았습니다.,F27-WX1 설명가능 완화추세,"2024·2026 관측자료와 ASOS 공통 조사월의 연관성을 이용한 상대 위험 전망입니다. 2026년은 부분연도이며, 2027년 실제 기상·발생·확률을 확정하지 않습니다."
논벼,이삭누룩병,병해,대전광역시,0.0,0.0,0,유지,보통,32,2024·2026,"기준선 비교: 2026 유지 0.0점, 2024·2026 가중평균 0.0점, 선택 모델(완화 추세+표본 축소) 0.0점. 지역 변화 +0.0점을 표본가중치 0.73로 같은 병해충·작물의 지역 중앙 변화 +0.0점 방향에 축소하고, 1년 연장 변화는 ±20점으로 제한했습니다. 양년 자료 있음, 공통 조사단위 2개, 유효 관측 32건, 결측률 0.0%, 단위별 변화 변동성 0.0점. 비교는 가능하지만 표본 또는 변동성에 불확실성이 남습니다. 2024·2026 두 개 연도의 NCPMS 예찰자료만 사용한 상대 위험 전망으로, 기상·재배면적·방제 변화와 2027년 실제 발생을 확정하지 않습니다. ASOS 공통 조사월 1개에서 기온·습도·강수·풍속의 관측 연관성을 추세 연장분에만 최대 ±3점으로 제한 적용(보정 +0점). 2027년 미래 기상값은 생성하거나 가정하지 않았습니다.",관찰,0,0,0.0,—,기상근거 부족,1,ASOS 공통 조사월 1개에서 기온·습도·강수·풍속의 관측 연관성을 추세 연장분에만 최대 ±3점으로 제한 적용(보정 +0점). 2027년 미래 기상값은 생성하거나 가정하지 않았습니다.,F27-WX1 설명가능 완화추세,"2024·2026 관측자료와 ASOS 공통 조사월의 연관성을 이용한 상대 위험 전망입니다. 2026년은 부분연도이며, 2027년 실제 기상·발생·확률을 확정하지 않습니다."
논벼,이삭누룩병,병해,부산광역시,0.0,0.0,0,유지,보통,32,2024·2026,"기준선 비교: 2026 유지 0.0점, 2024·2026 가중평균 0.0점, 선택 모델(완화 추세+표본 축소) 0.0점. 지역 변화 +0.0점을 표본가중치 0.73로 같은 병해충·작물의 지역 중앙 변화 +0.0점 방향에 축소하고, 1년 연장 변화는 ±20점으로 제한했습니다. 양년 자료 있음, 공통 조사단위 2개, 유효 관측 32건, 결측률 0.0%, 단위별 변화 변동성 0.0점. 비교는 가능하지만 표본 또는 변동성에 불확실성이 남습니다. 2024·2026 두 개 연도의 NCPMS 예찰자료만 사용한 상대 위험 전망으로, 기상·재배면적·방제 변화와 2027년 실제 발생을 확정하지 않습니다. ASOS 공통 조사월 1개에서 기온·습도·강수·풍속의 관측 연관성을 추세 연장분에만 최대 ±3점으로 제한 적용(보정 +0점). 2027년 미래 기상값은 생성하거나 가정하지 않았습니다.",관찰,0,0,0.0,—,기상근거 부족,1,ASOS 공통 조사월 1개에서 기온·습도·강수·풍속의 관측 연관성을 추세 연장분에만 최대 ±3점으로 제한 적용(보정 +0점). 2027년 미래 기상값은 생성하거나 가정하지 않았습니다.,F27-WX1 설명가능 완화추세,"2024·2026 관측자료와 ASOS 공통 조사월의 연관성을 이용한 상대 위험 전망입니다. 2026년은 부분연도이며, 2027년 실제 기상·발생·확률을 확정하지 않습니다."
논벼,이삭누룩병,병해,세종특별자치시,0.0,0.0,0,유지,보통,28,2024·2026,"기준선 비교: 2026 유지 0.0점, 2024·2026 가중평균 0.0점, 선택 모델(완화 추세+표본 축소) 0.0점. 지역 변화 +0.0점을 표본가중치 0.70로 같은 병해충·작물의 지역 중앙 변화 +0.0점 방향에 축소하고, 1년 연장 변화는 ±20점으로 제한했습니다. 양년 자료 있음, 공통 조사단위 2개, 유효 관측 28건, 결측률 0.0%, 단위별 변화 변동성 0.0점. 비교는 가능하지만 표본 또는 변동성에 불확실성이 남습니다. 2024·2026 두 개 연도의 NCPMS 예찰자료만 사용한 상대 위험 전망으로, 기상·재배면적·방제 변화와 2027년 실제 발생을 확정하지 않습니다. ASOS 공통 조사월 1개에서 기온·습도·강수·풍속의 관측 연관성을 추세 연장분에만 최대 ±3점으로 제한 적용(보정 +0점). 2027년 미래 기상값은 생성하거나 가정하지 않았습니다.",관찰,0,0,0.0,—,기상근거 부족,1,ASOS 공통 조사월 1개에서 기온·습도·강수·풍속의 관측 연관성을 추세 연장분에만 최대 ±3점으로 제한 적용(보정 +0점). 2027년 미래 기상값은 생성하거나 가정하지 않았습니다.,F27-WX1 설명가능 완화추세,"2024·2026 관측자료와 ASOS 공통 조사월의 연관성을 이용한 상대 위험 전망입니다. 2026년은 부분연도이며, 2027년 실제 기상·발생·확률을 확정하지 않습니다."
논벼,이삭누룩병,병해,울산광역시,0.0,0.0,0,유지,보통,32,2024·2026,"기준선 비교: 2026 유지 0.0점, 2024·2026 가중평균 0.0점, 선택 모델(완화 추세+표본 축소) 0.0점. 지역 변화 +0.0점을 표본가중치 0.73로 같은 병해충·작물의 지역 중앙 변화 +0.0점 방향에 축소하고, 1년 연장 변화는 ±20점으로 제한했습니다. 양년 자료 있음, 공통 조사단위 2개, 유효 관측 32건, 결측률 0.0%, 단위별 변화 변동성 0.0점. 비교는 가능하지만 표본 또는 변동성에 불확실성이 남습니다. 2024·2026 두 개 연도의 NCPMS 예찰자료만 사용한 상대 위험 전망으로, 기상·재배면적·방제 변화와 2027년 실제 발생을 확정하지 않습니다. ASOS 공통 조사월 1개에서 기온·습도·강수·풍속의 관측 연관성을 추세 연장분에만 최대 ±3점으로 제한 적용(보정 +0점). 2027년 미래 기상값은 생성하거나 가정하지 않았습니다.",관찰,0,0,0.0,—,기상근거 부족,1,ASOS 공통 조사월 1개에서 기온·습도·강수·풍속의 관측 연관성을 추세 연장분에만 최대 ±3점으로 제한 적용(보정 +0점). 2027년 미래 기상값은 생성하거나 가정하지 않았습니다.,F27-WX1 설명가능 완화추세,"2024·2026 관측자료와 ASOS 공통 조사월의 연관성을 이용한 상대 위험 전망입니다. 2026년은 부분연도이며, 2027년 실제 기상·발생·확률을 확정하지 않습니다."
논벼,이삭누룩병,병해,인천광역시,0.0,0.0,0,유지,보통,32,2024·2026,"기준선 비교: 2026 유지 0.0점, 2024·2026 가중평균 0.0점, 선택 모델(완화 추세+표본 축소) 0.0점. 지역 변화 +0.0점을 표본가중치 0.73로 같은 병해충·작물의 지역 중앙 변화 +0.0점 방향에 축소하고, 1년 연장 변화는 ±20점으로 제한했습니다. 양년 자료 있음, 공통 조사단위 2개, 유효 관측 32건, 결측률 0.0%, 단위별 변화 변동성 0.0점. 비교는 가능하지만 표본 또는 변동성에 불확실성이 남습니다. 2024·2026 두 개 연도의 NCPMS 예찰자료만 사용한 상대 위험 전망으로, 기상·재배면적·방제 변화와 2027년 실제 발생을 확정하지 않습니다. ASOS 공통 조사월 1개에서 기온·습도·강수·풍속의 관측 연관성을 추세 연장분에만 최대 ±3점으로 제한 적용(보정 +0점). 2027년 미래 기상값은 생성하거나 가정하지 않았습니다.",관찰,0,0,0.0,—,기상근거 부족,1,ASOS 공통 조사월 1개에서 기온·습도·강수·풍속의 관측 연관성을 추세 연장분에만 최대 ±3점으로 제한 적용(보정 +0점). 2027년 미래 기상값은 생성하거나 가정하지 않았습니다.,F27-WX1 설명가능 완화추세,"2024·2026 관측자료와 ASOS 공통 조사월의 연관성을 이용한 상대 위험 전망입니다. 2026년은 부분연도이며, 2027년 실제 기상·발생·확률을 확정하지 않습니다."
논벼,이삭누룩병,병해,전남광주통합특별시,0.0,0.0,0,유지,보통,32,2024·2026,"기준선 비교: 2026 유지 0.0점, 2024·2026 가중평균 0.0점, 선택 모델(완화 추세+표본 축소) 0.0점. 지역 변화 +0.0점을 표본가중치 0.73로 같은 병해충·작물의 지역 중앙 변화 +0.0점 방향에 축소하고, 1년 연장 변화는 ±20점으로 제한했습니다. 양년 자료 있음, 공통 조사단위 2개, 유효 관측 32건, 결측률 0.0%, 단위별 변화 변동성 0.0점. 비교는 가능하지만 표본 또는 변동성에 불확실성이 남습니다. 2024·2026 두 개 연도의 NCPMS 예찰자료만 사용한 상대 위험 전망으로, 기상·재배면적·방제 변화와 2027년 실제 발생을 확정하지 않습니다. ASOS 공통 조사월 1개에서 기온·습도·강수·풍속의 관측 연관성을 추세 연장분에만 최대 ±3점으로 제한 적용(보정 +0점). 2027년 미래 기상값은 생성하거나 가정하지 않았습니다.",관찰,0,0,0.0,—,기상근거 부족,1,ASOS 공통 조사월 1개에서 기온·습도·강수·풍속의 관측 연관성을 추세 연장분에만 최대 ±3점으로 제한 적용(보정 +0점). 2027년 미래 기상값은 생성하거나 가정하지 않았습니다.,F27-WX1 설명가능 완화추세,"2024·2026 관측자료와 ASOS 공통 조사월의 연관성을 이용한 상대 위험 전망입니다. 2026년은 부분연도이며, 2027년 실제 기상·발생·확률을 확정하지 않습니다."
논벼,이삭누룩병,병해,전북특별자치도,0.0,0.0,0,유지,보통,32,2024·2026,"기준선 비교: 2026 유지 0.0점, 2024·2026 가중평균 0.0점, 선택 모델(완화 추세+표본 축소) 0.0점. 지역 변화 +0.0점을 표본가중치 0.73로 같은 병해충·작물의 지역 중앙 변화 +0.0점 방향에 축소하고, 1년 연장 변화는 ±20점으로 제한했습니다. 양년 자료 있음, 공통 조사단위 2개, 유효 관측 32건, 결측률 0.0%, 단위별 변화 변동성 0.0점. 비교는 가능하지만 표본 또는 변동성에 불확실성이 남습니다. 2024·2026 두 개 연도의 NCPMS 예찰자료만 사용한 상대 위험 전망으로, 기상·재배면적·방제 변화와 2027년 실제 발생을 확정하지 않습니다. ASOS 공통 조사월 1개에서 기온·습도·강수·풍속의 관측 연관성을 추세 연장분에만 최대 ±3점으로 제한 적용(보정 +0점). 2027년 미래 기상값은 생성하거나 가정하지 않았습니다.",관찰,0,0,0.0,—,기상근거 부족,1,ASOS 공통 조사월 1개에서 기온·습도·강수·풍속의 관측 연관성을 추세 연장분에만 최대 ±3점으로 제한 적용(보정 +0점). 2027년 미래 기상값은 생성하거나 가정하지 않았습니다.,F27-WX1 설명가능 완화추세,"2024·2026 관측자료와 ASOS 공통 조사월의 연관성을 이용한 상대 위험 전망입니다. 2026년은 부분연도이며, 2027년 실제 기상·발생·확률을 확정하지 않습니다."
논벼,이삭누룩병,병해,충청남도,0.0,0.0,0,유지,보통,32,2024·2026,"기준선 비교: 2026 유지 0.0점, 2024·2026 가중평균 0.0점, 선택 모델(완화 추세+표본 축소) 0.0점. 지역 변화 +0.0점을 표본가중치 0.73로 같은 병해충·작물의 지역 중앙 변화 +0.0점 방향에 축소하고, 1년 연장 변화는 ±20점으로 제한했습니다. 양년 자료 있음, 공통 조사단위 2개, 유효 관측 32건, 결측률 0.0%, 단위별 변화 변동성 0.0점. 비교는 가능하지만 표본 또는 변동성에 불확실성이 남습니다. 2024·2026 두 개 연도의 NCPMS 예찰자료만 사용한 상대 위험 전망으로, 기상·재배면적·방제 변화와 2027년 실제 발생을 확정하지 않습니다. ASOS 공통 조사월 1개에서 기온·습도·강수·풍속의 관측 연관성을 추세 연장분에만 최대 ±3점으로 제한 적용(보정 +0점). 2027년 미래 기상값은 생성하거나 가정하지 않았습니다.",관찰,0,0,0.0,—,기상근거 부족,1,ASOS 공통 조사월 1개에서 기온·습도·강수·풍속의 관측 연관성을 추세 연장분에만 최대 ±3점으로 제한 적용(보정 +0점). 2027년 미래 기상값은 생성하거나 가정하지 않았습니다.,F27-WX1 설명가능 완화추세,"2024·2026 관측자료와 ASOS 공통 조사월의 연관성을 이용한 상대 위험 전망입니다. 2026년은 부분연도이며, 2027년 실제 기상·발생·확률을 확정하지 않습니다."
논벼,이삭누룩병,병해,충청북도,0.0,0.0,0,유지,보통,36,2024·2026,"기준선 비교: 2026 유지 0.0점, 2024·2026 가중평균 0.0점, 선택 모델(완화 추세+표본 축소) 0.0점. 지역 변화 +0.0점을 표본가중치 0.75로 같은 병해충·작물의 지역 중앙 변화 +0.0점 방향에 축소하고, 1년 연장 변화는 ±20점으로 제한했습니다. 양년 자료 있음, 공통 조사단위 2개, 유효 관측 36건, 결측률 0.0%, 단위별 변화 변동성 0.0점. 비교는 가능하지만 표본 또는 변동성에 불확실성이 남습니다. 2024·2026 두 개 연도의 NCPMS 예찰자료만 사용한 상대 위험 전망으로, 기상·재배면적·방제 변화와 2027년 실제 발생을 확정하지 않습니다. ASOS 공통 조사월 1개에서 기온·습도·강수·풍속의 관측 연관성을 추세 연장분에만 최대 ±3점으로 제한 적용(보정 +0점). 2027년 미래 기상값은 생성하거나 가정하지 않았습니다.",관찰,0,0,0.0,—,기상근거 부족,1,ASOS 공통 조사월 1개에서 기온·습도·강수·풍속의 관측 연관성을 추세 연장분에만 최대 ±3점으로 제한 적용(보정 +0점). 2027년 미래 기상값은 생성하거나 가정하지 않았습니다.,F27-WX1 설명가능 완화추세,"2024·2026 관측자료와 ASOS 공통 조사월의 연관성을 이용한 상대 위험 전망입니다. 2026년은 부분연도이며, 2027년 실제 기상·발생·확률을 확정하지 않습니다."
논벼,이삭도열병,병해,강원특별자치도,0.0,0.0,0,유지,보통,32,2024·2026,"기준선 비교: 2026 유지 0.0점, 2024·2026 가중평균 0.0점, 선택 모델(완화 추세+표본 축소) 0.0점. 지역 변화 +0.0점을 표본가중치 0.73로 같은 병해충·작물의 지역 중앙 변화 +0.0점 방향에 축소하고, 1년 연장 변화는 ±20점으로 제한했습니다. 양년 자료 있음, 공통 조사단위 2개, 유효 관측 32건, 결측률 0.0%, 단위별 변화 변동성 0.0점. 비교는 가능하지만 표본 또는 변동성에 불확실성이 남습니다. 2024·2026 두 개 연도의 NCPMS 예찰자료만 사용한 상대 위험 전망으로, 기상·재배면적·방제 변화와 2027년 실제 발생을 확정하지 않습니다. ASOS 공통 조사월 1개에서 기온·습도·강수·풍속의 관측 연관성을 추세 연장분에만 최대 ±3점으로 제한 적용(보정 +0점). 2027년 미래 기상값은 생성하거나 가정하지 않았습니다.",관찰,0,0,-0.0292,기온,기상 근거 보강,1,ASOS 공통 조사월 1개에서 기온·습도·강수·풍속의 관측 연관성을 추세 연장분에만 최대 ±3점으로 제한 적용(보정 +0점). 2027년 미래 기상값은 생성하거나 가정하지 않았습니다.,F27-WX1 설명가능 완화추세,"2024·2026 관측자료와 ASOS 공통 조사월의 연관성을 이용한 상대 위험 전망입니다. 2026년은 부분연도이며, 2027년 실제 기상·발생·확률을 확정하지 않습니다."
논벼,이삭도열병,병해,경기도,0.0,0.0,0,유지,보통,36,2024·2026,"기준선 비교: 2026 유지 0.0점, 2024·2026 가중평균 0.0점, 선택 모델(완화 추세+표본 축소) 0.0점. 지역 변화 +0.0점을 표본가중치 0.75로 같은 병해충·작물의 지역 중앙 변화 +0.0점 방향에 축소하고, 1년 연장 변화는 ±20점으로 제한했습니다. 양년 자료 있음, 공통 조사단위 2개, 유효 관측 36건, 결측률 0.0%, 단위별 변화 변동성 0.0점. 비교는 가능하지만 표본 또는 변동성에 불확실성이 남습니다. 2024·2026 두 개 연도의 NCPMS 예찰자료만 사용한 상대 위험 전망으로, 기상·재배면적·방제 변화와 2027년 실제 발생을 확정하지 않습니다. ASOS 공통 조사월 1개에서 기온·습도·강수·풍속의 관측 연관성을 추세 연장분에만 최대 ±3점으로 제한 적용(보정 +0점). 2027년 미래 기상값은 생성하거나 가정하지 않았습니다.",관찰,0,0,-0.0069,기온,기상 근거 보강,1,ASOS 공통 조사월 1개에서 기온·습도·강수·풍속의 관측 연관성을 추세 연장분에만 최대 ±3점으로 제한 적용(보정 +0점). 2027년 미래 기상값은 생성하거나 가정하지 않았습니다.,F27-WX1 설명가능 완화추세,"2024·2026 관측자료와 ASOS 공통 조사월의 연관성을 이용한 상대 위험 전망입니다. 2026년은 부분연도이며, 2027년 실제 기상·발생·확률을 확정하지 않습니다."
논벼,이삭도열병,병해,경상남도,0.0,0.0,0,유지,보통,32,2024·2026,"기준선 비교: 2026 유지 0.0점, 2024·2026 가중평균 0.0점, 선택 모델(완화 추세+표본 축소) 0.0점. 지역 변화 +0.0점을 표본가중치 0.73로 같은 병해충·작물의 지역 중앙 변화 +0.0점 방향에 축소하고, 1년 연장 변화는 ±20점으로 제한했습니다. 양년 자료 있음, 공통 조사단위 2개, 유효 관측 32건, 결측률 0.0%, 단위별 변화 변동성 0.0점. 비교는 가능하지만 표본 또는 변동성에 불확실성이 남습니다. 2024·2026 두 개 연도의 NCPMS 예찰자료만 사용한 상대 위험 전망으로, 기상·재배면적·방제 변화와 2027년 실제 발생을 확정하지 않습니다. ASOS 공통 조사월 1개에서 기온·습도·강수·풍속의 관측 연관성을 추세 연장분에만 최대 ±3점으로 제한 적용(보정 +0점). 2027년 미래 기상값은 생성하거나 가정하지 않았습니다.",관찰,0,0,-0.008,기온,기상 근거 보강,1,ASOS 공통 조사월 1개에서 기온·습도·강수·풍속의 관측 연관성을 추세 연장분에만 최대 ±3점으로 제한 적용(보정 +0점). 2027년 미래 기상값은 생성하거나 가정하지 않았습니다.,F27-WX1 설명가능 완화추세,"2024·2026 관측자료와 ASOS 공통 조사월의 연관성을 이용한 상대 위험 전망입니다. 2026년은 부분연도이며, 2027년 실제 기상·발생·확률을 확정하지 않습니다."
논벼,이삭도열병,병해,경상북도,0.0,0.0,0,유지,보통,32,2024·2026,"기준선 비교: 2026 유지 0.0점, 2024·2026 가중평균 0.0점, 선택 모델(완화 추세+표본 축소) 0.0점. 지역 변화 +0.0점을 표본가중치 0.73로 같은 병해충·작물의 지역 중앙 변화 +0.0점 방향에 축소하고, 1년 연장 변화는 ±20점으로 제한했습니다. 양년 자료 있음, 공통 조사단위 2개, 유효 관측 32건, 결측률 0.0%, 단위별 변화 변동성 0.0점. 비교는 가능하지만 표본 또는 변동성에 불확실성이 남습니다. 2024·2026 두 개 연도의 NCPMS 예찰자료만 사용한 상대 위험 전망으로, 기상·재배면적·방제 변화와 2027년 실제 발생을 확정하지 않습니다. ASOS 공통 조사월 1개에서 기온·습도·강수·풍속의 관측 연관성을 추세 연장분에만 최대 ±3점으로 제한 적용(보정 +0점). 2027년 미래 기상값은 생성하거나 가정하지 않았습니다.",관찰,0,0,-0.0191,기온,기상 근거 보강,1,ASOS 공통 조사월 1개에서 기온·습도·강수·풍속의 관측 연관성을 추세 연장분에만 최대 ±3점으로 제한 적용(보정 +0점). 2027년 미래 기상값은 생성하거나 가정하지 않았습니다.,F27-WX1 설명가능 완화추세,"2024·2026 관측자료와 ASOS 공통 조사월의 연관성을 이용한 상대 위험 전망입니다. 2026년은 부분연도이며, 2027년 실제 기상·발생·확률을 확정하지 않습니다."
논벼,이삭도열병,병해,대구광역시,0.0,0.0,0,유지,보통,32,2024·2026,"기준선 비교: 2026 유지 0.0점, 2024·2026 가중평균 0.0점, 선택 모델(완화 추세+표본 축소) 0.0점. 지역 변화 +0.0점을 표본가중치 0.73로 같은 병해충·작물의 지역 중앙 변화 +0.0점 방향에 축소하고, 1년 연장 변화는 ±20점으로 제한했습니다. 양년 자료 있음, 공통 조사단위 2개, 유효 관측 32건, 결측률 0.0%, 단위별 변화 변동성 0.0점. 비교는 가능하지만 표본 또는 변동성에 불확실성이 남습니다. 2024·2026 두 개 연도의 NCPMS 예찰자료만 사용한 상대 위험 전망으로, 기상·재배면적·방제 변화와 2027년 실제 발생을 확정하지 않습니다. ASOS 공통 조사월 1개에서 기온·습도·강수·풍속의 관측 연관성을 추세 연장분에만 최대 ±3점으로 제한 적용(보정 +0점). 2027년 미래 기상값은 생성하거나 가정하지 않았습니다.",관찰,0,0,-0.0223,기온,기상 근거 보강,1,ASOS 공통 조사월 1개에서 기온·습도·강수·풍속의 관측 연관성을 추세 연장분에만 최대 ±3점으로 제한 적용(보정 +0점). 2027년 미래 기상값은 생성하거나 가정하지 않았습니다.,F27-WX1 설명가능 완화추세,"2024·2026 관측자료와 ASOS 공통 조사월의 연관성을 이용한 상대 위험 전망입니다. 2026년은 부분연도이며, 2027년 실제 기상·발생·확률을 확정하지 않습니다."
논벼,이삭도열병,병해,대전광역시,0.0,0.0,0,유지,보통,32,2024·2026,"기준선 비교: 2026 유지 0.0점, 2024·2026 가중평균 0.0점, 선택 모델(완화 추세+표본 축소) 0.0점. 지역 변화 +0.0점을 표본가중치 0.73로 같은 병해충·작물의 지역 중앙 변화 +0.0점 방향에 축소하고, 1년 연장 변화는 ±20점으로 제한했습니다. 양년 자료 있음, 공통 조사단위 2개, 유효 관측 32건, 결측률 0.0%, 단위별 변화 변동성 0.0점. 비교는 가능하지만 표본 또는 변동성에 불확실성이 남습니다. 2024·2026 두 개 연도의 NCPMS 예찰자료만 사용한 상대 위험 전망으로, 기상·재배면적·방제 변화와 2027년 실제 발생을 확정하지 않습니다. ASOS 공통 조사월 1개에서 기온·습도·강수·풍속의 관측 연관성을 추세 연장분에만 최대 ±3점으로 제한 적용(보정 +0점). 2027년 미래 기상값은 생성하거나 가정하지 않았습니다.",관찰,0,0,-0.0049,기온,기상 근거 보강,1,ASOS 공통 조사월 1개에서 기온·습도·강수·풍속의 관측 연관성을 추세 연장분에만 최대 ±3점으로 제한 적용(보정 +0점). 2027년 미래 기상값은 생성하거나 가정하지 않았습니다.,F27-WX1 설명가능 완화추세,"2024·2026 관측자료와 ASOS 공통 조사월의 연관성을 이용한 상대 위험 전망입니다. 2026년은 부분연도이며, 2027년 실제 기상·발생·확률을 확정하지 않습니다."
논벼,이삭도열병,병해,부산광역시,0.0,0.0,0,유지,보통,32,2024·2026,"기준선 비교: 2026 유지 0.0점, 2024·2026 가중평균 0.0점, 선택 모델(완화 추세+표본 축소) 0.0점. 지역 변화 +0.0점을 표본가중치 0.73로 같은 병해충·작물의 지역 중앙 변화 +0.0점 방향에 축소하고, 1년 연장 변화는 ±20점으로 제한했습니다. 양년 자료 있음, 공통 조사단위 2개, 유효 관측 32건, 결측률 0.0%, 단위별 변화 변동성 0.0점. 비교는 가능하지만 표본 또는 변동성에 불확실성이 남습니다. 2024·2026 두 개 연도의 NCPMS 예찰자료만 사용한 상대 위험 전망으로, 기상·재배면적·방제 변화와 2027년 실제 발생을 확정하지 않습니다. ASOS 공통 조사월 1개에서 기온·습도·강수·풍속의 관측 연관성을 추세 연장분에만 최대 ±3점으로 제한 적용(보정 +0점). 2027년 미래 기상값은 생성하거나 가정하지 않았습니다.",관찰,0,0,-0.0042,기온,기상 근거 보강,1,ASOS 공통 조사월 1개에서 기온·습도·강수·풍속의 관측 연관성을 추세 연장분에만 최대 ±3점으로 제한 적용(보정 +0점). 2027년 미래 기상값은 생성하거나 가정하지 않았습니다.,F27-WX1 설명가능 완화추세,"2024·2026 관측자료와 ASOS 공통 조사월의 연관성을 이용한 상대 위험 전망입니다. 2026년은 부분연도이며, 2027년 실제 기상·발생·확률을 확정하지 않습니다."
논벼,이삭도열병,병해,세종특별자치시,0.0,0.0,0,유지,보통,28,2024·2026,"기준선 비교: 2026 유지 0.0점, 2024·2026 가중평균 0.0점, 선택 모델(완화 추세+표본 축소) 0.0점. 지역 변화 +0.0점을 표본가중치 0.70로 같은 병해충·작물의 지역 중앙 변화 +0.0점 방향에 축소하고, 1년 연장 변화는 ±20점으로 제한했습니다. 양년 자료 있음, 공통 조사단위 2개, 유효 관측 28건, 결측률 0.0%, 단위별 변화 변동성 0.0점. 비교는 가능하지만 표본 또는 변동성에 불확실성이 남습니다. 2024·2026 두 개 연도의 NCPMS 예찰자료만 사용한 상대 위험 전망으로, 기상·재배면적·방제 변화와 2027년 실제 발생을 확정하지 않습니다. ASOS 공통 조사월 1개에서 기온·습도·강수·풍속의 관측 연관성을 추세 연장분에만 최대 ±3점으로 제한 적용(보정 +0점). 2027년 미래 기상값은 생성하거나 가정하지 않았습니다.",관찰,0,0,-0.0059,기온,기상 근거 보강,1,ASOS 공통 조사월 1개에서 기온·습도·강수·풍속의 관측 연관성을 추세 연장분에만 최대 ±3점으로 제한 적용(보정 +0점). 2027년 미래 기상값은 생성하거나 가정하지 않았습니다.,F27-WX1 설명가능 완화추세,"2024·2026 관측자료와 ASOS 공통 조사월의 연관성을 이용한 상대 위험 전망입니다. 2026년은 부분연도이며, 2027년 실제 기상·발생·확률을 확정하지 않습니다."
논벼,이삭도열병,병해,울산광역시,0.0,0.0,0,유지,보통,32,2024·2026,"기준선 비교: 2026 유지 0.0점, 2024·2026 가중평균 0.0점, 선택 모델(완화 추세+표본 축소) 0.0점. 지역 변화 +0.0점을 표본가중치 0.73로 같은 병해충·작물의 지역 중앙 변화 +0.0점 방향에 축소하고, 1년 연장 변화는 ±20점으로 제한했습니다. 양년 자료 있음, 공통 조사단위 2개, 유효 관측 32건, 결측률 0.0%, 단위별 변화 변동성 0.0점. 비교는 가능하지만 표본 또는 변동성에 불확실성이 남습니다. 2024·2026 두 개 연도의 NCPMS 예찰자료만 사용한 상대 위험 전망으로, 기상·재배면적·방제 변화와 2027년 실제 발생을 확정하지 않습니다. ASOS 공통 조사월 1개에서 기온·습도·강수·풍속의 관측 연관성을 추세 연장분에만 최대 ±3점으로 제한 적용(보정 +0점). 2027년 미래 기상값은 생성하거나 가정하지 않았습니다.",관찰,0,0,-0.016,기온,기상 근거 보강,1,ASOS 공통 조사월 1개에서 기온·습도·강수·풍속의 관측 연관성을 추세 연장분에만 최대 ±3점으로 제한 적용(보정 +0점). 2027년 미래 기상값은 생성하거나 가정하지 않았습니다.,F27-WX1 설명가능 완화추세,"2024·2026 관측자료와 ASOS 공통 조사월의 연관성을 이용한 상대 위험 전망입니다. 2026년은 부분연도이며, 2027년 실제 기상·발생·확률을 확정하지 않습니다."
논벼,이삭도열병,병해,인천광역시,0.0,0.0,0,유지,보통,32,2024·2026,"기준선 비교: 2026 유지 0.0점, 2024·2026 가중평균 0.0점, 선택 모델(완화 추세+표본 축소) 0.0점. 지역 변화 +0.0점을 표본가중치 0.73로 같은 병해충·작물의 지역 중앙 변화 +0.0점 방향에 축소하고, 1년 연장 변화는 ±20점으로 제한했습니다. 양년 자료 있음, 공통 조사단위 2개, 유효 관측 32건, 결측률 0.0%, 단위별 변화 변동성 0.0점. 비교는 가능하지만 표본 또는 변동성에 불확실성이 남습니다. 2024·2026 두 개 연도의 NCPMS 예찰자료만 사용한 상대 위험 전망으로, 기상·재배면적·방제 변화와 2027년 실제 발생을 확정하지 않습니다. ASOS 공통 조사월 1개에서 기온·습도·강수·풍속의 관측 연관성을 추세 연장분에만 최대 ±3점으로 제한 적용(보정 +0점). 2027년 미래 기상값은 생성하거나 가정하지 않았습니다.",관찰,0,0,-0.0084,풍속,기상 근거 보강,1,ASOS 공통 조사월 1개에서 기온·습도·강수·풍속의 관측 연관성을 추세 연장분에만 최대 ±3점으로 제한 적용(보정 +0점). 2027년 미래 기상값은 생성하거나 가정하지 않았습니다.,F27-WX1 설명가능 완화추세,"2024·2026 관측자료와 ASOS 공통 조사월의 연관성을 이용한 상대 위험 전망입니다. 2026년은 부분연도이며, 2027년 실제 기상·발생·확률을 확정하지 않습니다."
논벼,이삭도열병,병해,전남광주통합특별시,0.0,8.0,10,유지,보통,32,2024·2026,"기준선 비교: 2026 유지 8.3점, 2024·2026 가중평균 5.4점, 선택 모델(완화 추세+표본 축소) 10.5점. 지역 변화 +8.3점을 표본가중치 0.73로 같은 병해충·작물의 지역 중앙 변화 +0.0점 방향에 축소하고, 1년 연장 변화는 ±20점으로 제한했습니다. 양년 자료 있음, 공통 조사단위 2개, 유효 관측 32건, 결측률 0.0%, 단위별 변화 변동성 0.0점. 비교는 가능하지만 표본 또는 변동성에 불확실성이 남습니다. 2024·2026 두 개 연도의 NCPMS 예찰자료만 사용한 상대 위험 전망으로, 기상·재배면적·방제 변화와 2027년 실제 발생을 확정하지 않습니다. ASOS 공통 조사월 1개에서 기온·습도·강수·풍속의 관측 연관성을 추세 연장분에만 최대 ±3점으로 제한 적용(보정 +0점). 2027년 미래 기상값은 생성하거나 가정하지 않았습니다.",관찰,10,0,0.0015,풍속,기상 근거 보강,1,ASOS 공통 조사월 1개에서 기온·습도·강수·풍속의 관측 연관성을 추세 연장분에만 최대 ±3점으로 제한 적용(보정 +0점). 2027년 미래 기상값은 생성하거나 가정하지 않았습니다.,F27-WX1 설명가능 완화추세,"2024·2026 관측자료와 ASOS 공통 조사월의 연관성을 이용한 상대 위험 전망입니다. 2026년은 부분연도이며, 2027년 실제 기상·발생·확률을 확정하지 않습니다."
논벼,이삭도열병,병해,전북특별자치도,0.0,0.0,0,유지,보통,32,2024·2026,"기준선 비교: 2026 유지 0.0점, 2024·2026 가중평균 0.0점, 선택 모델(완화 추세+표본 축소) 0.0점. 지역 변화 +0.0점을 표본가중치 0.73로 같은 병해충·작물의 지역 중앙 변화 +0.0점 방향에 축소하고, 1년 연장 변화는 ±20점으로 제한했습니다. 양년 자료 있음, 공통 조사단위 2개, 유효 관측 32건, 결측률 0.0%, 단위별 변화 변동성 0.0점. 비교는 가능하지만 표본 또는 변동성에 불확실성이 남습니다. 2024·2026 두 개 연도의 NCPMS 예찰자료만 사용한 상대 위험 전망으로, 기상·재배면적·방제 변화와 2027년 실제 발생을 확정하지 않습니다. ASOS 공통 조사월 1개에서 기온·습도·강수·풍속의 관측 연관성을 추세 연장분에만 최대 ±3점으로 제한 적용(보정 +0점). 2027년 미래 기상값은 생성하거나 가정하지 않았습니다.",관찰,0,0,-0.0015,기온,기상 근거 보강,1,ASOS 공통 조사월 1개에서 기온·습도·강수·풍속의 관측 연관성을 추세 연장분에만 최대 ±3점으로 제한 적용(보정 +0점). 2027년 미래 기상값은 생성하거나 가정하지 않았습니다.,F27-WX1 설명가능 완화추세,"2024·2026 관측자료와 ASOS 공통 조사월의 연관성을 이용한 상대 위험 전망입니다. 2026년은 부분연도이며, 2027년 실제 기상·발생·확률을 확정하지 않습니다."
논벼,이삭도열병,병해,충청남도,0.0,0.0,0,유지,보통,32,2024·2026,"기준선 비교: 2026 유지 0.0점, 2024·2026 가중평균 0.0점, 선택 모델(완화 추세+표본 축소) 0.0점. 지역 변화 +0.0점을 표본가중치 0.73로 같은 병해충·작물의 지역 중앙 변화 +0.0점 방향에 축소하고, 1년 연장 변화는 ±20점으로 제한했습니다. 양년 자료 있음, 공통 조사단위 2개, 유효 관측 32건, 결측률 0.0%, 단위별 변화 변동성 0.0점. 비교는 가능하지만 표본 또는 변동성에 불확실성이 남습니다. 2024·2026 두 개 연도의 NCPMS 예찰자료만 사용한 상대 위험 전망으로, 기상·재배면적·방제 변화와 2027년 실제 발생을 확정하지 않습니다. ASOS 공통 조사월 1개에서 기온·습도·강수·풍속의 관측 연관성을 추세 연장분에만 최대 ±3점으로 제한 적용(보정 +0점). 2027년 미래 기상값은 생성하거나 가정하지 않았습니다.",관찰,0,0,0.0017,풍속,기상 근거 보강,1,ASOS 공통 조사월 1개에서 기온·습도·강수·풍속의 관측 연관성을 추세 연장분에만 최대 ±3점으로 제한 적용(보정 +0점). 2027년 미래 기상값은 생성하거나 가정하지 않았습니다.,F27-WX1 설명가능 완화추세,"2024·2026 관측자료와 ASOS 공통 조사월의 연관성을 이용한 상대 위험 전망입니다. 2026년은 부분연도이며, 2027년 실제 기상·발생·확률을 확정하지 않습니다."
논벼,이삭도열병,병해,충청북도,0.0,0.0,0,유지,보통,36,2024·2026,"기준선 비교: 2026 유지 0.0점, 2024·2026 가중평균 0.0점, 선택 모델(완화 추세+표본 축소) 0.0점. 지역 변화 +0.0점을 표본가중치 0.75로 같은 병해충·작물의 지역 중앙 변화 +0.0점 방향에 축소하고, 1년 연장 변화는 ±20점으로 제한했습니다. 양년 자료 있음, 공통 조사단위 2개, 유효 관측 36건, 결측률 0.0%, 단위별 변화 변동성 0.0점. 비교는 가능하지만 표본 또는 변동성에 불확실성이 남습니다. 2024·2026 두 개 연도의 NCPMS 예찰자료만 사용한 상대 위험 전망으로, 기상·재배면적·방제 변화와 2027년 실제 발생을 확정하지 않습니다. ASOS 공통 조사월 1개에서 기온·습도·강수·풍속의 관측 연관성을 추세 연장분에만 최대 ±3점으로 제한 적용(보정 +0점). 2027년 미래 기상값은 생성하거나 가정하지 않았습니다.",관찰,0,0,-0.0035,기온,기상 근거 보강,1,ASOS 공통 조사월 1개에서 기온·습도·강수·풍속의 관측 연관성을 추세 연장분에만 최대 ±3점으로 제한 적용(보정 +0점). 2027년 미래 기상값은 생성하거나 가정하지 않았습니다.,F27-WX1 설명가능 완화추세,"2024·2026 관측자료와 ASOS 공통 조사월의 연관성을 이용한 상대 위험 전망입니다. 2026년은 부분연도이며, 2027년 실제 기상·발생·확률을 확정하지 않습니다."
논벼,이화명나방,해충,강원특별자치도,,17.0,,전망자료 부족,낮음,24,2026,"양년 자료 없음, 공통 조사단위 0개, 유효 관측 24건, 결측률 0.0%, 단위별 변화 변동성 100.0점. 제한된 비교 단위 또는 변동성 때문에 보수적으로 낮게 평가합니다. 2024·2026 두 개 연도의 NCPMS 예찰자료만 사용한 상대 위험 전망으로, 기상·재배면적·방제 변화와 2027년 실제 발생을 확정하지 않습니다. ASOS 공통 조사월 0개에서 기온·습도·강수·풍속의 관측 연관성을 추세 연장분에만 최대 ±3점으로 제한 적용(보정 +0점). 2027년 미래 기상값은 생성하거나 가정하지 않았습니다.",전망자료 부족,,,0.0,—,기상근거 부족,0,ASOS 공통 조사월 0개에서 기온·습도·강수·풍속의 관측 연관성을 추세 연장분에만 최대 ±3점으로 제한 적용(보정 +0점). 2027년 미래 기상값은 생성하거나 가정하지 않았습니다.,F27-WX1 설명가능 완화추세,"2024·2026 관측자료와 ASOS 공통 조사월의 연관성을 이용한 상대 위험 전망입니다. 2026년은 부분연도이며, 2027년 실제 기상·발생·확률을 확정하지 않습니다."
논벼,이화명나방,해충,경기도,,0.0,,전망자료 부족,낮음,28,2026,"양년 자료 없음, 공통 조사단위 0개, 유효 관측 28건, 결측률 0.0%, 단위별 변화 변동성 100.0점. 제한된 비교 단위 또는 변동성 때문에 보수적으로 낮게 평가합니다. 2024·2026 두 개 연도의 NCPMS 예찰자료만 사용한 상대 위험 전망으로, 기상·재배면적·방제 변화와 2027년 실제 발생을 확정하지 않습니다. ASOS 공통 조사월 0개에서 기온·습도·강수·풍속의 관측 연관성을 추세 연장분에만 최대 ±3점으로 제한 적용(보정 +0점). 2027년 미래 기상값은 생성하거나 가정하지 않았습니다.",전망자료 부족,,,0.0,—,기상근거 부족,0,ASOS 공통 조사월 0개에서 기온·습도·강수·풍속의 관측 연관성을 추세 연장분에만 최대 ±3점으로 제한 적용(보정 +0점). 2027년 미래 기상값은 생성하거나 가정하지 않았습니다.,F27-WX1 설명가능 완화추세,"2024·2026 관측자료와 ASOS 공통 조사월의 연관성을 이용한 상대 위험 전망입니다. 2026년은 부분연도이며, 2027년 실제 기상·발생·확률을 확정하지 않습니다."
논벼,이화명나방,해충,경상남도,,0.0,,전망자료 부족,낮음,24,2026,"양년 자료 없음, 공통 조사단위 0개, 유효 관측 24건, 결측률 0.0%, 단위별 변화 변동성 100.0점. 제한된 비교 단위 또는 변동성 때문에 보수적으로 낮게 평가합니다. 2024·2026 두 개 연도의 NCPMS 예찰자료만 사용한 상대 위험 전망으로, 기상·재배면적·방제 변화와 2027년 실제 발생을 확정하지 않습니다. ASOS 공통 조사월 0개에서 기온·습도·강수·풍속의 관측 연관성을 추세 연장분에만 최대 ±3점으로 제한 적용(보정 +0점). 2027년 미래 기상값은 생성하거나 가정하지 않았습니다.",전망자료 부족,,,0.0,—,기상근거 부족,0,ASOS 공통 조사월 0개에서 기온·습도·강수·풍속의 관측 연관성을 추세 연장분에만 최대 ±3점으로 제한 적용(보정 +0점). 2027년 미래 기상값은 생성하거나 가정하지 않았습니다.,F27-WX1 설명가능 완화추세,"2024·2026 관측자료와 ASOS 공통 조사월의 연관성을 이용한 상대 위험 전망입니다. 2026년은 부분연도이며, 2027년 실제 기상·발생·확률을 확정하지 않습니다."
논벼,이화명나방,해충,경상북도,,13.0,,전망자료 부족,낮음,24,2026,"양년 자료 없음, 공통 조사단위 0개, 유효 관측 24건, 결측률 0.0%, 단위별 변화 변동성 100.0점. 제한된 비교 단위 또는 변동성 때문에 보수적으로 낮게 평가합니다. 2024·2026 두 개 연도의 NCPMS 예찰자료만 사용한 상대 위험 전망으로, 기상·재배면적·방제 변화와 2027년 실제 발생을 확정하지 않습니다. ASOS 공통 조사월 0개에서 기온·습도·강수·풍속의 관측 연관성을 추세 연장분에만 최대 ±3점으로 제한 적용(보정 +0점). 2027년 미래 기상값은 생성하거나 가정하지 않았습니다.",전망자료 부족,,,0.0,—,기상근거 부족,0,ASOS 공통 조사월 0개에서 기온·습도·강수·풍속의 관측 연관성을 추세 연장분에만 최대 ±3점으로 제한 적용(보정 +0점). 2027년 미래 기상값은 생성하거나 가정하지 않았습니다.,F27-WX1 설명가능 완화추세,"2024·2026 관측자료와 ASOS 공통 조사월의 연관성을 이용한 상대 위험 전망입니다. 2026년은 부분연도이며, 2027년 실제 기상·발생·확률을 확정하지 않습니다."
논벼,이화명나방,해충,대구광역시,,0.0,,전망자료 부족,낮음,24,2026,"양년 자료 없음, 공통 조사단위 0개, 유효 관측 24건, 결측률 0.0%, 단위별 변화 변동성 100.0점. 제한된 비교 단위 또는 변동성 때문에 보수적으로 낮게 평가합니다. 2024·2026 두 개 연도의 NCPMS 예찰자료만 사용한 상대 위험 전망으로, 기상·재배면적·방제 변화와 2027년 실제 발생을 확정하지 않습니다. ASOS 공통 조사월 0개에서 기온·습도·강수·풍속의 관측 연관성을 추세 연장분에만 최대 ±3점으로 제한 적용(보정 +0점). 2027년 미래 기상값은 생성하거나 가정하지 않았습니다.",전망자료 부족,,,0.0,—,기상근거 부족,0,ASOS 공통 조사월 0개에서 기온·습도·강수·풍속의 관측 연관성을 추세 연장분에만 최대 ±3점으로 제한 적용(보정 +0점). 2027년 미래 기상값은 생성하거나 가정하지 않았습니다.,F27-WX1 설명가능 완화추세,"2024·2026 관측자료와 ASOS 공통 조사월의 연관성을 이용한 상대 위험 전망입니다. 2026년은 부분연도이며, 2027년 실제 기상·발생·확률을 확정하지 않습니다."
논벼,이화명나방,해충,대전광역시,,0.0,,전망자료 부족,낮음,24,2026,"양년 자료 없음, 공통 조사단위 0개, 유효 관측 24건, 결측률 0.0%, 단위별 변화 변동성 100.0점. 제한된 비교 단위 또는 변동성 때문에 보수적으로 낮게 평가합니다. 2024·2026 두 개 연도의 NCPMS 예찰자료만 사용한 상대 위험 전망으로, 기상·재배면적·방제 변화와 2027년 실제 발생을 확정하지 않습니다. ASOS 공통 조사월 0개에서 기온·습도·강수·풍속의 관측 연관성을 추세 연장분에만 최대 ±3점으로 제한 적용(보정 +0점). 2027년 미래 기상값은 생성하거나 가정하지 않았습니다.",전망자료 부족,,,0.0,—,기상근거 부족,0,ASOS 공통 조사월 0개에서 기온·습도·강수·풍속의 관측 연관성을 추세 연장분에만 최대 ±3점으로 제한 적용(보정 +0점). 2027년 미래 기상값은 생성하거나 가정하지 않았습니다.,F27-WX1 설명가능 완화추세,"2024·2026 관측자료와 ASOS 공통 조사월의 연관성을 이용한 상대 위험 전망입니다. 2026년은 부분연도이며, 2027년 실제 기상·발생·확률을 확정하지 않습니다."
논벼,이화명나방,해충,부산광역시,,0.0,,전망자료 부족,낮음,24,2026,"양년 자료 없음, 공통 조사단위 0개, 유효 관측 24건, 결측률 0.0%, 단위별 변화 변동성 100.0점. 제한된 비교 단위 또는 변동성 때문에 보수적으로 낮게 평가합니다. 2024·2026 두 개 연도의 NCPMS 예찰자료만 사용한 상대 위험 전망으로, 기상·재배면적·방제 변화와 2027년 실제 발생을 확정하지 않습니다. ASOS 공통 조사월 0개에서 기온·습도·강수·풍속의 관측 연관성을 추세 연장분에만 최대 ±3점으로 제한 적용(보정 +0점). 2027년 미래 기상값은 생성하거나 가정하지 않았습니다.",전망자료 부족,,,0.0,—,기상근거 부족,0,ASOS 공통 조사월 0개에서 기온·습도·강수·풍속의 관측 연관성을 추세 연장분에만 최대 ±3점으로 제한 적용(보정 +0점). 2027년 미래 기상값은 생성하거나 가정하지 않았습니다.,F27-WX1 설명가능 완화추세,"2024·2026 관측자료와 ASOS 공통 조사월의 연관성을 이용한 상대 위험 전망입니다. 2026년은 부분연도이며, 2027년 실제 기상·발생·확률을 확정하지 않습니다."
논벼,이화명나방,해충,세종특별자치시,,0.0,,전망자료 부족,낮음,20,2026,"양년 자료 없음, 공통 조사단위 0개, 유효 관측 20건, 결측률 0.0%, 단위별 변화 변동성 100.0점. 제한된 비교 단위 또는 변동성 때문에 보수적으로 낮게 평가합니다. 2024·2026 두 개 연도의 NCPMS 예찰자료만 사용한 상대 위험 전망으로, 기상·재배면적·방제 변화와 2027년 실제 발생을 확정하지 않습니다. ASOS 공통 조사월 0개에서 기온·습도·강수·풍속의 관측 연관성을 추세 연장분에만 최대 ±3점으로 제한 적용(보정 +0점). 2027년 미래 기상값은 생성하거나 가정하지 않았습니다.",전망자료 부족,,,0.0,—,기상근거 부족,0,ASOS 공통 조사월 0개에서 기온·습도·강수·풍속의 관측 연관성을 추세 연장분에만 최대 ±3점으로 제한 적용(보정 +0점). 2027년 미래 기상값은 생성하거나 가정하지 않았습니다.,F27-WX1 설명가능 완화추세,"2024·2026 관측자료와 ASOS 공통 조사월의 연관성을 이용한 상대 위험 전망입니다. 2026년은 부분연도이며, 2027년 실제 기상·발생·확률을 확정하지 않습니다."
논벼,이화명나방,해충,울산광역시,,0.0,,전망자료 부족,낮음,24,2026,"양년 자료 없음, 공통 조사단위 0개, 유효 관측 24건, 결측률 0.0%, 단위별 변화 변동성 100.0점. 제한된 비교 단위 또는 변동성 때문에 보수적으로 낮게 평가합니다. 2024·2026 두 개 연도의 NCPMS 예찰자료만 사용한 상대 위험 전망으로, 기상·재배면적·방제 변화와 2027년 실제 발생을 확정하지 않습니다. ASOS 공통 조사월 0개에서 기온·습도·강수·풍속의 관측 연관성을 추세 연장분에만 최대 ±3점으로 제한 적용(보정 +0점). 2027년 미래 기상값은 생성하거나 가정하지 않았습니다.",전망자료 부족,,,0.0,—,기상근거 부족,0,ASOS 공통 조사월 0개에서 기온·습도·강수·풍속의 관측 연관성을 추세 연장분에만 최대 ±3점으로 제한 적용(보정 +0점). 2027년 미래 기상값은 생성하거나 가정하지 않았습니다.,F27-WX1 설명가능 완화추세,"2024·2026 관측자료와 ASOS 공통 조사월의 연관성을 이용한 상대 위험 전망입니다. 2026년은 부분연도이며, 2027년 실제 기상·발생·확률을 확정하지 않습니다."
논벼,이화명나방,해충,인천광역시,,0.0,,전망자료 부족,낮음,24,2026,"양년 자료 없음, 공통 조사단위 0개, 유효 관측 24건, 결측률 0.0%, 단위별 변화 변동성 100.0점. 제한된 비교 단위 또는 변동성 때문에 보수적으로 낮게 평가합니다. 2024·2026 두 개 연도의 NCPMS 예찰자료만 사용한 상대 위험 전망으로, 기상·재배면적·방제 변화와 2027년 실제 발생을 확정하지 않습니다. ASOS 공통 조사월 0개에서 기온·습도·강수·풍속의 관측 연관성을 추세 연장분에만 최대 ±3점으로 제한 적용(보정 +0점). 2027년 미래 기상값은 생성하거나 가정하지 않았습니다.",전망자료 부족,,,0.0,—,기상근거 부족,0,ASOS 공통 조사월 0개에서 기온·습도·강수·풍속의 관측 연관성을 추세 연장분에만 최대 ±3점으로 제한 적용(보정 +0점). 2027년 미래 기상값은 생성하거나 가정하지 않았습니다.,F27-WX1 설명가능 완화추세,"2024·2026 관측자료와 ASOS 공통 조사월의 연관성을 이용한 상대 위험 전망입니다. 2026년은 부분연도이며, 2027년 실제 기상·발생·확률을 확정하지 않습니다."
논벼,이화명나방,해충,전남광주통합특별시,,27.0,,전망자료 부족,낮음,24,2026,"양년 자료 없음, 공통 조사단위 0개, 유효 관측 24건, 결측률 0.0%, 단위별 변화 변동성 100.0점. 제한된 비교 단위 또는 변동성 때문에 보수적으로 낮게 평가합니다. 2024·2026 두 개 연도의 NCPMS 예찰자료만 사용한 상대 위험 전망으로, 기상·재배면적·방제 변화와 2027년 실제 발생을 확정하지 않습니다. ASOS 공통 조사월 0개에서 기온·습도·강수·풍속의 관측 연관성을 추세 연장분에만 최대 ±3점으로 제한 적용(보정 +0점). 2027년 미래 기상값은 생성하거나 가정하지 않았습니다.",전망자료 부족,,,0.0,—,기상근거 부족,0,ASOS 공통 조사월 0개에서 기온·습도·강수·풍속의 관측 연관성을 추세 연장분에만 최대 ±3점으로 제한 적용(보정 +0점). 2027년 미래 기상값은 생성하거나 가정하지 않았습니다.,F27-WX1 설명가능 완화추세,"2024·2026 관측자료와 ASOS 공통 조사월의 연관성을 이용한 상대 위험 전망입니다. 2026년은 부분연도이며, 2027년 실제 기상·발생·확률을 확정하지 않습니다."
논벼,이화명나방,해충,전북특별자치도,,13.0,,전망자료 부족,낮음,24,2026,"양년 자료 없음, 공통 조사단위 0개, 유효 관측 24건, 결측률 0.0%, 단위별 변화 변동성 100.0점. 제한된 비교 단위 또는 변동성 때문에 보수적으로 낮게 평가합니다. 2024·2026 두 개 연도의 NCPMS 예찰자료만 사용한 상대 위험 전망으로, 기상·재배면적·방제 변화와 2027년 실제 발생을 확정하지 않습니다. ASOS 공통 조사월 0개에서 기온·습도·강수·풍속의 관측 연관성을 추세 연장분에만 최대 ±3점으로 제한 적용(보정 +0점). 2027년 미래 기상값은 생성하거나 가정하지 않았습니다.",전망자료 부족,,,0.0,—,기상근거 부족,0,ASOS 공통 조사월 0개에서 기온·습도·강수·풍속의 관측 연관성을 추세 연장분에만 최대 ±3점으로 제한 적용(보정 +0점). 2027년 미래 기상값은 생성하거나 가정하지 않았습니다.,F27-WX1 설명가능 완화추세,"2024·2026 관측자료와 ASOS 공통 조사월의 연관성을 이용한 상대 위험 전망입니다. 2026년은 부분연도이며, 2027년 실제 기상·발생·확률을 확정하지 않습니다."
논벼,이화명나방,해충,충청남도,,1.0,,전망자료 부족,낮음,24,2026,"양년 자료 없음, 공통 조사단위 0개, 유효 관측 24건, 결측률 0.0%, 단위별 변화 변동성 100.0점. 제한된 비교 단위 또는 변동성 때문에 보수적으로 낮게 평가합니다. 2024·2026 두 개 연도의 NCPMS 예찰자료만 사용한 상대 위험 전망으로, 기상·재배면적·방제 변화와 2027년 실제 발생을 확정하지 않습니다. ASOS 공통 조사월 0개에서 기온·습도·강수·풍속의 관측 연관성을 추세 연장분에만 최대 ±3점으로 제한 적용(보정 +0점). 2027년 미래 기상값은 생성하거나 가정하지 않았습니다.",전망자료 부족,,,0.0,—,기상근거 부족,0,ASOS 공통 조사월 0개에서 기온·습도·강수·풍속의 관측 연관성을 추세 연장분에만 최대 ±3점으로 제한 적용(보정 +0점). 2027년 미래 기상값은 생성하거나 가정하지 않았습니다.,F27-WX1 설명가능 완화추세,"2024·2026 관측자료와 ASOS 공통 조사월의 연관성을 이용한 상대 위험 전망입니다. 2026년은 부분연도이며, 2027년 실제 기상·발생·확률을 확정하지 않습니다."
논벼,이화명나방,해충,충청북도,,0.0,,전망자료 부족,낮음,28,2026,"양년 자료 없음, 공통 조사단위 0개, 유효 관측 28건, 결측률 0.0%, 단위별 변화 변동성 100.0점. 제한된 비교 단위 또는 변동성 때문에 보수적으로 낮게 평가합니다. 2024·2026 두 개 연도의 NCPMS 예찰자료만 사용한 상대 위험 전망으로, 기상·재배면적·방제 변화와 2027년 실제 발생을 확정하지 않습니다. ASOS 공통 조사월 0개에서 기온·습도·강수·풍속의 관측 연관성을 추세 연장분에만 최대 ±3점으로 제한 적용(보정 +0점). 2027년 미래 기상값은 생성하거나 가정하지 않았습니다.",전망자료 부족,,,0.0,—,기상근거 부족,0,ASOS 공통 조사월 0개에서 기온·습도·강수·풍속의 관측 연관성을 추세 연장분에만 최대 ±3점으로 제한 적용(보정 +0점). 2027년 미래 기상값은 생성하거나 가정하지 않았습니다.,F27-WX1 설명가능 완화추세,"2024·2026 관측자료와 ASOS 공통 조사월의 연관성을 이용한 상대 위험 전망입니다. 2026년은 부분연도이며, 2027년 실제 기상·발생·확률을 확정하지 않습니다."
논벼,이화명나방1화기,기타,강원특별자치도,0.0,,,전망자료 부족,낮음,8,2024,"양년 자료 없음, 공통 조사단위 0개, 유효 관측 8건, 결측률 0.0%, 단위별 변화 변동성 100.0점. 제한된 비교 단위 또는 변동성 때문에 보수적으로 낮게 평가합니다. 2024·2026 두 개 연도의 NCPMS 예찰자료만 사용한 상대 위험 전망으로, 기상·재배면적·방제 변화와 2027년 실제 발생을 확정하지 않습니다. ASOS 공통 조사월 0개에서 기온·습도·강수·풍속의 관측 연관성을 추세 연장분에만 최대 ±3점으로 제한 적용(보정 +0점). 2027년 미래 기상값은 생성하거나 가정하지 않았습니다.",전망자료 부족,,,0.0,—,기상근거 부족,0,ASOS 공통 조사월 0개에서 기온·습도·강수·풍속의 관측 연관성을 추세 연장분에만 최대 ±3점으로 제한 적용(보정 +0점). 2027년 미래 기상값은 생성하거나 가정하지 않았습니다.,F27-WX1 설명가능 완화추세,"2024·2026 관측자료와 ASOS 공통 조사월의 연관성을 이용한 상대 위험 전망입니다. 2026년은 부분연도이며, 2027년 실제 기상·발생·확률을 확정하지 않습니다."
논벼,이화명나방1화기,기타,경기도,0.0,,,전망자료 부족,낮음,8,2024,"양년 자료 없음, 공통 조사단위 0개, 유효 관측 8건, 결측률 0.0%, 단위별 변화 변동성 100.0점. 제한된 비교 단위 또는 변동성 때문에 보수적으로 낮게 평가합니다. 2024·2026 두 개 연도의 NCPMS 예찰자료만 사용한 상대 위험 전망으로, 기상·재배면적·방제 변화와 2027년 실제 발생을 확정하지 않습니다. ASOS 공통 조사월 0개에서 기온·습도·강수·풍속의 관측 연관성을 추세 연장분에만 최대 ±3점으로 제한 적용(보정 +0점). 2027년 미래 기상값은 생성하거나 가정하지 않았습니다.",전망자료 부족,,,0.0,—,기상근거 부족,0,ASOS 공통 조사월 0개에서 기온·습도·강수·풍속의 관측 연관성을 추세 연장분에만 최대 ±3점으로 제한 적용(보정 +0점). 2027년 미래 기상값은 생성하거나 가정하지 않았습니다.,F27-WX1 설명가능 완화추세,"2024·2026 관측자료와 ASOS 공통 조사월의 연관성을 이용한 상대 위험 전망입니다. 2026년은 부분연도이며, 2027년 실제 기상·발생·확률을 확정하지 않습니다."
논벼,이화명나방1화기,기타,경상남도,0.0,,,전망자료 부족,낮음,8,2024,"양년 자료 없음, 공통 조사단위 0개, 유효 관측 8건, 결측률 0.0%, 단위별 변화 변동성 100.0점. 제한된 비교 단위 또는 변동성 때문에 보수적으로 낮게 평가합니다. 2024·2026 두 개 연도의 NCPMS 예찰자료만 사용한 상대 위험 전망으로, 기상·재배면적·방제 변화와 2027년 실제 발생을 확정하지 않습니다. ASOS 공통 조사월 0개에서 기온·습도·강수·풍속의 관측 연관성을 추세 연장분에만 최대 ±3점으로 제한 적용(보정 +0점). 2027년 미래 기상값은 생성하거나 가정하지 않았습니다.",전망자료 부족,,,0.0,—,기상근거 부족,0,ASOS 공통 조사월 0개에서 기온·습도·강수·풍속의 관측 연관성을 추세 연장분에만 최대 ±3점으로 제한 적용(보정 +0점). 2027년 미래 기상값은 생성하거나 가정하지 않았습니다.,F27-WX1 설명가능 완화추세,"2024·2026 관측자료와 ASOS 공통 조사월의 연관성을 이용한 상대 위험 전망입니다. 2026년은 부분연도이며, 2027년 실제 기상·발생·확률을 확정하지 않습니다."
논벼,이화명나방1화기,기타,경상북도,0.0,,,전망자료 부족,낮음,8,2024,"양년 자료 없음, 공통 조사단위 0개, 유효 관측 8건, 결측률 0.0%, 단위별 변화 변동성 100.0점. 제한된 비교 단위 또는 변동성 때문에 보수적으로 낮게 평가합니다. 2024·2026 두 개 연도의 NCPMS 예찰자료만 사용한 상대 위험 전망으로, 기상·재배면적·방제 변화와 2027년 실제 발생을 확정하지 않습니다. ASOS 공통 조사월 0개에서 기온·습도·강수·풍속의 관측 연관성을 추세 연장분에만 최대 ±3점으로 제한 적용(보정 +0점). 2027년 미래 기상값은 생성하거나 가정하지 않았습니다.",전망자료 부족,,,0.0,—,기상근거 부족,0,ASOS 공통 조사월 0개에서 기온·습도·강수·풍속의 관측 연관성을 추세 연장분에만 최대 ±3점으로 제한 적용(보정 +0점). 2027년 미래 기상값은 생성하거나 가정하지 않았습니다.,F27-WX1 설명가능 완화추세,"2024·2026 관측자료와 ASOS 공통 조사월의 연관성을 이용한 상대 위험 전망입니다. 2026년은 부분연도이며, 2027년 실제 기상·발생·확률을 확정하지 않습니다."
논벼,이화명나방1화기,기타,대구광역시,0.0,,,전망자료 부족,낮음,8,2024,"양년 자료 없음, 공통 조사단위 0개, 유효 관측 8건, 결측률 0.0%, 단위별 변화 변동성 100.0점. 제한된 비교 단위 또는 변동성 때문에 보수적으로 낮게 평가합니다. 2024·2026 두 개 연도의 NCPMS 예찰자료만 사용한 상대 위험 전망으로, 기상·재배면적·방제 변화와 2027년 실제 발생을 확정하지 않습니다. ASOS 공통 조사월 0개에서 기온·습도·강수·풍속의 관측 연관성을 추세 연장분에만 최대 ±3점으로 제한 적용(보정 +0점). 2027년 미래 기상값은 생성하거나 가정하지 않았습니다.",전망자료 부족,,,0.0,—,기상근거 부족,0,ASOS 공통 조사월 0개에서 기온·습도·강수·풍속의 관측 연관성을 추세 연장분에만 최대 ±3점으로 제한 적용(보정 +0점). 2027년 미래 기상값은 생성하거나 가정하지 않았습니다.,F27-WX1 설명가능 완화추세,"2024·2026 관측자료와 ASOS 공통 조사월의 연관성을 이용한 상대 위험 전망입니다. 2026년은 부분연도이며, 2027년 실제 기상·발생·확률을 확정하지 않습니다."
논벼,이화명나방1화기,기타,대전광역시,0.0,,,전망자료 부족,낮음,8,2024,"양년 자료 없음, 공통 조사단위 0개, 유효 관측 8건, 결측률 0.0%, 단위별 변화 변동성 100.0점. 제한된 비교 단위 또는 변동성 때문에 보수적으로 낮게 평가합니다. 2024·2026 두 개 연도의 NCPMS 예찰자료만 사용한 상대 위험 전망으로, 기상·재배면적·방제 변화와 2027년 실제 발생을 확정하지 않습니다. ASOS 공통 조사월 0개에서 기온·습도·강수·풍속의 관측 연관성을 추세 연장분에만 최대 ±3점으로 제한 적용(보정 +0점). 2027년 미래 기상값은 생성하거나 가정하지 않았습니다.",전망자료 부족,,,0.0,—,기상근거 부족,0,ASOS 공통 조사월 0개에서 기온·습도·강수·풍속의 관측 연관성을 추세 연장분에만 최대 ±3점으로 제한 적용(보정 +0점). 2027년 미래 기상값은 생성하거나 가정하지 않았습니다.,F27-WX1 설명가능 완화추세,"2024·2026 관측자료와 ASOS 공통 조사월의 연관성을 이용한 상대 위험 전망입니다. 2026년은 부분연도이며, 2027년 실제 기상·발생·확률을 확정하지 않습니다."
논벼,이화명나방1화기,기타,부산광역시,0.0,,,전망자료 부족,낮음,8,2024,"양년 자료 없음, 공통 조사단위 0개, 유효 관측 8건, 결측률 0.0%, 단위별 변화 변동성 100.0점. 제한된 비교 단위 또는 변동성 때문에 보수적으로 낮게 평가합니다. 2024·2026 두 개 연도의 NCPMS 예찰자료만 사용한 상대 위험 전망으로, 기상·재배면적·방제 변화와 2027년 실제 발생을 확정하지 않습니다. ASOS 공통 조사월 0개에서 기온·습도·강수·풍속의 관측 연관성을 추세 연장분에만 최대 ±3점으로 제한 적용(보정 +0점). 2027년 미래 기상값은 생성하거나 가정하지 않았습니다.",전망자료 부족,,,0.0,—,기상근거 부족,0,ASOS 공통 조사월 0개에서 기온·습도·강수·풍속의 관측 연관성을 추세 연장분에만 최대 ±3점으로 제한 적용(보정 +0점). 2027년 미래 기상값은 생성하거나 가정하지 않았습니다.,F27-WX1 설명가능 완화추세,"2024·2026 관측자료와 ASOS 공통 조사월의 연관성을 이용한 상대 위험 전망입니다. 2026년은 부분연도이며, 2027년 실제 기상·발생·확률을 확정하지 않습니다."
논벼,이화명나방1화기,기타,세종특별자치시,0.0,,,전망자료 부족,낮음,8,2024,"양년 자료 없음, 공통 조사단위 0개, 유효 관측 8건, 결측률 0.0%, 단위별 변화 변동성 100.0점. 제한된 비교 단위 또는 변동성 때문에 보수적으로 낮게 평가합니다. 2024·2026 두 개 연도의 NCPMS 예찰자료만 사용한 상대 위험 전망으로, 기상·재배면적·방제 변화와 2027년 실제 발생을 확정하지 않습니다. ASOS 공통 조사월 0개에서 기온·습도·강수·풍속의 관측 연관성을 추세 연장분에만 최대 ±3점으로 제한 적용(보정 +0점). 2027년 미래 기상값은 생성하거나 가정하지 않았습니다.",전망자료 부족,,,0.0,—,기상근거 부족,0,ASOS 공통 조사월 0개에서 기온·습도·강수·풍속의 관측 연관성을 추세 연장분에만 최대 ±3점으로 제한 적용(보정 +0점). 2027년 미래 기상값은 생성하거나 가정하지 않았습니다.,F27-WX1 설명가능 완화추세,"2024·2026 관측자료와 ASOS 공통 조사월의 연관성을 이용한 상대 위험 전망입니다. 2026년은 부분연도이며, 2027년 실제 기상·발생·확률을 확정하지 않습니다."
논벼,이화명나방1화기,기타,울산광역시,0.0,,,전망자료 부족,낮음,8,2024,"양년 자료 없음, 공통 조사단위 0개, 유효 관측 8건, 결측률 0.0%, 단위별 변화 변동성 100.0점. 제한된 비교 단위 또는 변동성 때문에 보수적으로 낮게 평가합니다. 2024·2026 두 개 연도의 NCPMS 예찰자료만 사용한 상대 위험 전망으로, 기상·재배면적·방제 변화와 2027년 실제 발생을 확정하지 않습니다. ASOS 공통 조사월 0개에서 기온·습도·강수·풍속의 관측 연관성을 추세 연장분에만 최대 ±3점으로 제한 적용(보정 +0점). 2027년 미래 기상값은 생성하거나 가정하지 않았습니다.",전망자료 부족,,,0.0,—,기상근거 부족,0,ASOS 공통 조사월 0개에서 기온·습도·강수·풍속의 관측 연관성을 추세 연장분에만 최대 ±3점으로 제한 적용(보정 +0점). 2027년 미래 기상값은 생성하거나 가정하지 않았습니다.,F27-WX1 설명가능 완화추세,"2024·2026 관측자료와 ASOS 공통 조사월의 연관성을 이용한 상대 위험 전망입니다. 2026년은 부분연도이며, 2027년 실제 기상·발생·확률을 확정하지 않습니다."
논벼,이화명나방1화기,기타,인천광역시,0.0,,,전망자료 부족,낮음,8,2024,"양년 자료 없음, 공통 조사단위 0개, 유효 관측 8건, 결측률 0.0%, 단위별 변화 변동성 100.0점. 제한된 비교 단위 또는 변동성 때문에 보수적으로 낮게 평가합니다. 2024·2026 두 개 연도의 NCPMS 예찰자료만 사용한 상대 위험 전망으로, 기상·재배면적·방제 변화와 2027년 실제 발생을 확정하지 않습니다. ASOS 공통 조사월 0개에서 기온·습도·강수·풍속의 관측 연관성을 추세 연장분에만 최대 ±3점으로 제한 적용(보정 +0점). 2027년 미래 기상값은 생성하거나 가정하지 않았습니다.",전망자료 부족,,,0.0,—,기상근거 부족,0,ASOS 공통 조사월 0개에서 기온·습도·강수·풍속의 관측 연관성을 추세 연장분에만 최대 ±3점으로 제한 적용(보정 +0점). 2027년 미래 기상값은 생성하거나 가정하지 않았습니다.,F27-WX1 설명가능 완화추세,"2024·2026 관측자료와 ASOS 공통 조사월의 연관성을 이용한 상대 위험 전망입니다. 2026년은 부분연도이며, 2027년 실제 기상·발생·확률을 확정하지 않습니다."
논벼,이화명나방1화기,기타,전남광주통합특별시,0.0,,,전망자료 부족,낮음,8,2024,"양년 자료 없음, 공통 조사단위 0개, 유효 관측 8건, 결측률 0.0%, 단위별 변화 변동성 100.0점. 제한된 비교 단위 또는 변동성 때문에 보수적으로 낮게 평가합니다. 2024·2026 두 개 연도의 NCPMS 예찰자료만 사용한 상대 위험 전망으로, 기상·재배면적·방제 변화와 2027년 실제 발생을 확정하지 않습니다. ASOS 공통 조사월 0개에서 기온·습도·강수·풍속의 관측 연관성을 추세 연장분에만 최대 ±3점으로 제한 적용(보정 +0점). 2027년 미래 기상값은 생성하거나 가정하지 않았습니다.",전망자료 부족,,,0.0,—,기상근거 부족,0,ASOS 공통 조사월 0개에서 기온·습도·강수·풍속의 관측 연관성을 추세 연장분에만 최대 ±3점으로 제한 적용(보정 +0점). 2027년 미래 기상값은 생성하거나 가정하지 않았습니다.,F27-WX1 설명가능 완화추세,"2024·2026 관측자료와 ASOS 공통 조사월의 연관성을 이용한 상대 위험 전망입니다. 2026년은 부분연도이며, 2027년 실제 기상·발생·확률을 확정하지 않습니다."
논벼,이화명나방1화기,기타,전북특별자치도,25.0,,,전망자료 부족,낮음,8,2024,"양년 자료 없음, 공통 조사단위 0개, 유효 관측 8건, 결측률 0.0%, 단위별 변화 변동성 100.0점. 제한된 비교 단위 또는 변동성 때문에 보수적으로 낮게 평가합니다. 2024·2026 두 개 연도의 NCPMS 예찰자료만 사용한 상대 위험 전망으로, 기상·재배면적·방제 변화와 2027년 실제 발생을 확정하지 않습니다. ASOS 공통 조사월 0개에서 기온·습도·강수·풍속의 관측 연관성을 추세 연장분에만 최대 ±3점으로 제한 적용(보정 +0점). 2027년 미래 기상값은 생성하거나 가정하지 않았습니다.",전망자료 부족,,,0.0,—,기상근거 부족,0,ASOS 공통 조사월 0개에서 기온·습도·강수·풍속의 관측 연관성을 추세 연장분에만 최대 ±3점으로 제한 적용(보정 +0점). 2027년 미래 기상값은 생성하거나 가정하지 않았습니다.,F27-WX1 설명가능 완화추세,"2024·2026 관측자료와 ASOS 공통 조사월의 연관성을 이용한 상대 위험 전망입니다. 2026년은 부분연도이며, 2027년 실제 기상·발생·확률을 확정하지 않습니다."
논벼,이화명나방1화기,기타,충청남도,0.0,,,전망자료 부족,낮음,8,2024,"양년 자료 없음, 공통 조사단위 0개, 유효 관측 8건, 결측률 0.0%, 단위별 변화 변동성 100.0점. 제한된 비교 단위 또는 변동성 때문에 보수적으로 낮게 평가합니다. 2024·2026 두 개 연도의 NCPMS 예찰자료만 사용한 상대 위험 전망으로, 기상·재배면적·방제 변화와 2027년 실제 발생을 확정하지 않습니다. ASOS 공통 조사월 0개에서 기온·습도·강수·풍속의 관측 연관성을 추세 연장분에만 최대 ±3점으로 제한 적용(보정 +0점). 2027년 미래 기상값은 생성하거나 가정하지 않았습니다.",전망자료 부족,,,0.0,—,기상근거 부족,0,ASOS 공통 조사월 0개에서 기온·습도·강수·풍속의 관측 연관성을 추세 연장분에만 최대 ±3점으로 제한 적용(보정 +0점). 2027년 미래 기상값은 생성하거나 가정하지 않았습니다.,F27-WX1 설명가능 완화추세,"2024·2026 관측자료와 ASOS 공통 조사월의 연관성을 이용한 상대 위험 전망입니다. 2026년은 부분연도이며, 2027년 실제 기상·발생·확률을 확정하지 않습니다."
논벼,이화명나방1화기,기타,충청북도,0.0,,,전망자료 부족,낮음,8,2024,"양년 자료 없음, 공통 조사단위 0개, 유효 관측 8건, 결측률 0.0%, 단위별 변화 변동성 100.0점. 제한된 비교 단위 또는 변동성 때문에 보수적으로 낮게 평가합니다. 2024·2026 두 개 연도의 NCPMS 예찰자료만 사용한 상대 위험 전망으로, 기상·재배면적·방제 변화와 2027년 실제 발생을 확정하지 않습니다. ASOS 공통 조사월 0개에서 기온·습도·강수·풍속의 관측 연관성을 추세 연장분에만 최대 ±3점으로 제한 적용(보정 +0점). 2027년 미래 기상값은 생성하거나 가정하지 않았습니다.",전망자료 부족,,,0.0,—,기상근거 부족,0,ASOS 공통 조사월 0개에서 기온·습도·강수·풍속의 관측 연관성을 추세 연장분에만 최대 ±3점으로 제한 적용(보정 +0점). 2027년 미래 기상값은 생성하거나 가정하지 않았습니다.,F27-WX1 설명가능 완화추세,"2024·2026 관측자료와 ASOS 공통 조사월의 연관성을 이용한 상대 위험 전망입니다. 2026년은 부분연도이며, 2027년 실제 기상·발생·확률을 확정하지 않습니다."
논벼,이화명나방2화기,기타,강원특별자치도,0.0,,,전망자료 부족,낮음,8,2024,"양년 자료 없음, 공통 조사단위 0개, 유효 관측 8건, 결측률 0.0%, 단위별 변화 변동성 100.0점. 제한된 비교 단위 또는 변동성 때문에 보수적으로 낮게 평가합니다. 2024·2026 두 개 연도의 NCPMS 예찰자료만 사용한 상대 위험 전망으로, 기상·재배면적·방제 변화와 2027년 실제 발생을 확정하지 않습니다. ASOS 공통 조사월 0개에서 기온·습도·강수·풍속의 관측 연관성을 추세 연장분에만 최대 ±3점으로 제한 적용(보정 +0점). 2027년 미래 기상값은 생성하거나 가정하지 않았습니다.",전망자료 부족,,,0.0,—,기상근거 부족,0,ASOS 공통 조사월 0개에서 기온·습도·강수·풍속의 관측 연관성을 추세 연장분에만 최대 ±3점으로 제한 적용(보정 +0점). 2027년 미래 기상값은 생성하거나 가정하지 않았습니다.,F27-WX1 설명가능 완화추세,"2024·2026 관측자료와 ASOS 공통 조사월의 연관성을 이용한 상대 위험 전망입니다. 2026년은 부분연도이며, 2027년 실제 기상·발생·확률을 확정하지 않습니다."
논벼,이화명나방2화기,기타,경기도,0.0,,,전망자료 부족,낮음,8,2024,"양년 자료 없음, 공통 조사단위 0개, 유효 관측 8건, 결측률 0.0%, 단위별 변화 변동성 100.0점. 제한된 비교 단위 또는 변동성 때문에 보수적으로 낮게 평가합니다. 2024·2026 두 개 연도의 NCPMS 예찰자료만 사용한 상대 위험 전망으로, 기상·재배면적·방제 변화와 2027년 실제 발생을 확정하지 않습니다. ASOS 공통 조사월 0개에서 기온·습도·강수·풍속의 관측 연관성을 추세 연장분에만 최대 ±3점으로 제한 적용(보정 +0점). 2027년 미래 기상값은 생성하거나 가정하지 않았습니다.",전망자료 부족,,,0.0,—,기상근거 부족,0,ASOS 공통 조사월 0개에서 기온·습도·강수·풍속의 관측 연관성을 추세 연장분에만 최대 ±3점으로 제한 적용(보정 +0점). 2027년 미래 기상값은 생성하거나 가정하지 않았습니다.,F27-WX1 설명가능 완화추세,"2024·2026 관측자료와 ASOS 공통 조사월의 연관성을 이용한 상대 위험 전망입니다. 2026년은 부분연도이며, 2027년 실제 기상·발생·확률을 확정하지 않습니다."
논벼,이화명나방2화기,기타,경상남도,0.0,,,전망자료 부족,낮음,8,2024,"양년 자료 없음, 공통 조사단위 0개, 유효 관측 8건, 결측률 0.0%, 단위별 변화 변동성 100.0점. 제한된 비교 단위 또는 변동성 때문에 보수적으로 낮게 평가합니다. 2024·2026 두 개 연도의 NCPMS 예찰자료만 사용한 상대 위험 전망으로, 기상·재배면적·방제 변화와 2027년 실제 발생을 확정하지 않습니다. ASOS 공통 조사월 0개에서 기온·습도·강수·풍속의 관측 연관성을 추세 연장분에만 최대 ±3점으로 제한 적용(보정 +0점). 2027년 미래 기상값은 생성하거나 가정하지 않았습니다.",전망자료 부족,,,0.0,—,기상근거 부족,0,ASOS 공통 조사월 0개에서 기온·습도·강수·풍속의 관측 연관성을 추세 연장분에만 최대 ±3점으로 제한 적용(보정 +0점). 2027년 미래 기상값은 생성하거나 가정하지 않았습니다.,F27-WX1 설명가능 완화추세,"2024·2026 관측자료와 ASOS 공통 조사월의 연관성을 이용한 상대 위험 전망입니다. 2026년은 부분연도이며, 2027년 실제 기상·발생·확률을 확정하지 않습니다."
논벼,이화명나방2화기,기타,경상북도,0.0,,,전망자료 부족,낮음,8,2024,"양년 자료 없음, 공통 조사단위 0개, 유효 관측 8건, 결측률 0.0%, 단위별 변화 변동성 100.0점. 제한된 비교 단위 또는 변동성 때문에 보수적으로 낮게 평가합니다. 2024·2026 두 개 연도의 NCPMS 예찰자료만 사용한 상대 위험 전망으로, 기상·재배면적·방제 변화와 2027년 실제 발생을 확정하지 않습니다. ASOS 공통 조사월 0개에서 기온·습도·강수·풍속의 관측 연관성을 추세 연장분에만 최대 ±3점으로 제한 적용(보정 +0점). 2027년 미래 기상값은 생성하거나 가정하지 않았습니다.",전망자료 부족,,,0.0,—,기상근거 부족,0,ASOS 공통 조사월 0개에서 기온·습도·강수·풍속의 관측 연관성을 추세 연장분에만 최대 ±3점으로 제한 적용(보정 +0점). 2027년 미래 기상값은 생성하거나 가정하지 않았습니다.,F27-WX1 설명가능 완화추세,"2024·2026 관측자료와 ASOS 공통 조사월의 연관성을 이용한 상대 위험 전망입니다. 2026년은 부분연도이며, 2027년 실제 기상·발생·확률을 확정하지 않습니다."
논벼,이화명나방2화기,기타,대구광역시,0.0,,,전망자료 부족,낮음,8,2024,"양년 자료 없음, 공통 조사단위 0개, 유효 관측 8건, 결측률 0.0%, 단위별 변화 변동성 100.0점. 제한된 비교 단위 또는 변동성 때문에 보수적으로 낮게 평가합니다. 2024·2026 두 개 연도의 NCPMS 예찰자료만 사용한 상대 위험 전망으로, 기상·재배면적·방제 변화와 2027년 실제 발생을 확정하지 않습니다. ASOS 공통 조사월 0개에서 기온·습도·강수·풍속의 관측 연관성을 추세 연장분에만 최대 ±3점으로 제한 적용(보정 +0점). 2027년 미래 기상값은 생성하거나 가정하지 않았습니다.",전망자료 부족,,,0.0,—,기상근거 부족,0,ASOS 공통 조사월 0개에서 기온·습도·강수·풍속의 관측 연관성을 추세 연장분에만 최대 ±3점으로 제한 적용(보정 +0점). 2027년 미래 기상값은 생성하거나 가정하지 않았습니다.,F27-WX1 설명가능 완화추세,"2024·2026 관측자료와 ASOS 공통 조사월의 연관성을 이용한 상대 위험 전망입니다. 2026년은 부분연도이며, 2027년 실제 기상·발생·확률을 확정하지 않습니다."
논벼,이화명나방2화기,기타,대전광역시,0.0,,,전망자료 부족,낮음,8,2024,"양년 자료 없음, 공통 조사단위 0개, 유효 관측 8건, 결측률 0.0%, 단위별 변화 변동성 100.0점. 제한된 비교 단위 또는 변동성 때문에 보수적으로 낮게 평가합니다. 2024·2026 두 개 연도의 NCPMS 예찰자료만 사용한 상대 위험 전망으로, 기상·재배면적·방제 변화와 2027년 실제 발생을 확정하지 않습니다. ASOS 공통 조사월 0개에서 기온·습도·강수·풍속의 관측 연관성을 추세 연장분에만 최대 ±3점으로 제한 적용(보정 +0점). 2027년 미래 기상값은 생성하거나 가정하지 않았습니다.",전망자료 부족,,,0.0,—,기상근거 부족,0,ASOS 공통 조사월 0개에서 기온·습도·강수·풍속의 관측 연관성을 추세 연장분에만 최대 ±3점으로 제한 적용(보정 +0점). 2027년 미래 기상값은 생성하거나 가정하지 않았습니다.,F27-WX1 설명가능 완화추세,"2024·2026 관측자료와 ASOS 공통 조사월의 연관성을 이용한 상대 위험 전망입니다. 2026년은 부분연도이며, 2027년 실제 기상·발생·확률을 확정하지 않습니다."
논벼,이화명나방2화기,기타,부산광역시,0.0,,,전망자료 부족,낮음,8,2024,"양년 자료 없음, 공통 조사단위 0개, 유효 관측 8건, 결측률 0.0%, 단위별 변화 변동성 100.0점. 제한된 비교 단위 또는 변동성 때문에 보수적으로 낮게 평가합니다. 2024·2026 두 개 연도의 NCPMS 예찰자료만 사용한 상대 위험 전망으로, 기상·재배면적·방제 변화와 2027년 실제 발생을 확정하지 않습니다. ASOS 공통 조사월 0개에서 기온·습도·강수·풍속의 관측 연관성을 추세 연장분에만 최대 ±3점으로 제한 적용(보정 +0점). 2027년 미래 기상값은 생성하거나 가정하지 않았습니다.",전망자료 부족,,,0.0,—,기상근거 부족,0,ASOS 공통 조사월 0개에서 기온·습도·강수·풍속의 관측 연관성을 추세 연장분에만 최대 ±3점으로 제한 적용(보정 +0점). 2027년 미래 기상값은 생성하거나 가정하지 않았습니다.,F27-WX1 설명가능 완화추세,"2024·2026 관측자료와 ASOS 공통 조사월의 연관성을 이용한 상대 위험 전망입니다. 2026년은 부분연도이며, 2027년 실제 기상·발생·확률을 확정하지 않습니다."
논벼,이화명나방2화기,기타,세종특별자치시,0.0,,,전망자료 부족,낮음,8,2024,"양년 자료 없음, 공통 조사단위 0개, 유효 관측 8건, 결측률 0.0%, 단위별 변화 변동성 100.0점. 제한된 비교 단위 또는 변동성 때문에 보수적으로 낮게 평가합니다. 2024·2026 두 개 연도의 NCPMS 예찰자료만 사용한 상대 위험 전망으로, 기상·재배면적·방제 변화와 2027년 실제 발생을 확정하지 않습니다. ASOS 공통 조사월 0개에서 기온·습도·강수·풍속의 관측 연관성을 추세 연장분에만 최대 ±3점으로 제한 적용(보정 +0점). 2027년 미래 기상값은 생성하거나 가정하지 않았습니다.",전망자료 부족,,,0.0,—,기상근거 부족,0,ASOS 공통 조사월 0개에서 기온·습도·강수·풍속의 관측 연관성을 추세 연장분에만 최대 ±3점으로 제한 적용(보정 +0점). 2027년 미래 기상값은 생성하거나 가정하지 않았습니다.,F27-WX1 설명가능 완화추세,"2024·2026 관측자료와 ASOS 공통 조사월의 연관성을 이용한 상대 위험 전망입니다. 2026년은 부분연도이며, 2027년 실제 기상·발생·확률을 확정하지 않습니다."
논벼,이화명나방2화기,기타,울산광역시,0.0,,,전망자료 부족,낮음,8,2024,"양년 자료 없음, 공통 조사단위 0개, 유효 관측 8건, 결측률 0.0%, 단위별 변화 변동성 100.0점. 제한된 비교 단위 또는 변동성 때문에 보수적으로 낮게 평가합니다. 2024·2026 두 개 연도의 NCPMS 예찰자료만 사용한 상대 위험 전망으로, 기상·재배면적·방제 변화와 2027년 실제 발생을 확정하지 않습니다. ASOS 공통 조사월 0개에서 기온·습도·강수·풍속의 관측 연관성을 추세 연장분에만 최대 ±3점으로 제한 적용(보정 +0점). 2027년 미래 기상값은 생성하거나 가정하지 않았습니다.",전망자료 부족,,,0.0,—,기상근거 부족,0,ASOS 공통 조사월 0개에서 기온·습도·강수·풍속의 관측 연관성을 추세 연장분에만 최대 ±3점으로 제한 적용(보정 +0점). 2027년 미래 기상값은 생성하거나 가정하지 않았습니다.,F27-WX1 설명가능 완화추세,"2024·2026 관측자료와 ASOS 공통 조사월의 연관성을 이용한 상대 위험 전망입니다. 2026년은 부분연도이며, 2027년 실제 기상·발생·확률을 확정하지 않습니다."
논벼,이화명나방2화기,기타,인천광역시,0.0,,,전망자료 부족,낮음,8,2024,"양년 자료 없음, 공통 조사단위 0개, 유효 관측 8건, 결측률 0.0%, 단위별 변화 변동성 100.0점. 제한된 비교 단위 또는 변동성 때문에 보수적으로 낮게 평가합니다. 2024·2026 두 개 연도의 NCPMS 예찰자료만 사용한 상대 위험 전망으로, 기상·재배면적·방제 변화와 2027년 실제 발생을 확정하지 않습니다. ASOS 공통 조사월 0개에서 기온·습도·강수·풍속의 관측 연관성을 추세 연장분에만 최대 ±3점으로 제한 적용(보정 +0점). 2027년 미래 기상값은 생성하거나 가정하지 않았습니다.",전망자료 부족,,,0.0,—,기상근거 부족,0,ASOS 공통 조사월 0개에서 기온·습도·강수·풍속의 관측 연관성을 추세 연장분에만 최대 ±3점으로 제한 적용(보정 +0점). 2027년 미래 기상값은 생성하거나 가정하지 않았습니다.,F27-WX1 설명가능 완화추세,"2024·2026 관측자료와 ASOS 공통 조사월의 연관성을 이용한 상대 위험 전망입니다. 2026년은 부분연도이며, 2027년 실제 기상·발생·확률을 확정하지 않습니다."
논벼,이화명나방2화기,기타,전남광주통합특별시,0.0,,,전망자료 부족,낮음,8,2024,"양년 자료 없음, 공통 조사단위 0개, 유효 관측 8건, 결측률 0.0%, 단위별 변화 변동성 100.0점. 제한된 비교 단위 또는 변동성 때문에 보수적으로 낮게 평가합니다. 2024·2026 두 개 연도의 NCPMS 예찰자료만 사용한 상대 위험 전망으로, 기상·재배면적·방제 변화와 2027년 실제 발생을 확정하지 않습니다. ASOS 공통 조사월 0개에서 기온·습도·강수·풍속의 관측 연관성을 추세 연장분에만 최대 ±3점으로 제한 적용(보정 +0점). 2027년 미래 기상값은 생성하거나 가정하지 않았습니다.",전망자료 부족,,,0.0,—,기상근거 부족,0,ASOS 공통 조사월 0개에서 기온·습도·강수·풍속의 관측 연관성을 추세 연장분에만 최대 ±3점으로 제한 적용(보정 +0점). 2027년 미래 기상값은 생성하거나 가정하지 않았습니다.,F27-WX1 설명가능 완화추세,"2024·2026 관측자료와 ASOS 공통 조사월의 연관성을 이용한 상대 위험 전망입니다. 2026년은 부분연도이며, 2027년 실제 기상·발생·확률을 확정하지 않습니다."
논벼,이화명나방2화기,기타,전북특별자치도,0.0,,,전망자료 부족,낮음,8,2024,"양년 자료 없음, 공통 조사단위 0개, 유효 관측 8건, 결측률 0.0%, 단위별 변화 변동성 100.0점. 제한된 비교 단위 또는 변동성 때문에 보수적으로 낮게 평가합니다. 2024·2026 두 개 연도의 NCPMS 예찰자료만 사용한 상대 위험 전망으로, 기상·재배면적·방제 변화와 2027년 실제 발생을 확정하지 않습니다. ASOS 공통 조사월 0개에서 기온·습도·강수·풍속의 관측 연관성을 추세 연장분에만 최대 ±3점으로 제한 적용(보정 +0점). 2027년 미래 기상값은 생성하거나 가정하지 않았습니다.",전망자료 부족,,,0.0,—,기상근거 부족,0,ASOS 공통 조사월 0개에서 기온·습도·강수·풍속의 관측 연관성을 추세 연장분에만 최대 ±3점으로 제한 적용(보정 +0점). 2027년 미래 기상값은 생성하거나 가정하지 않았습니다.,F27-WX1 설명가능 완화추세,"2024·2026 관측자료와 ASOS 공통 조사월의 연관성을 이용한 상대 위험 전망입니다. 2026년은 부분연도이며, 2027년 실제 기상·발생·확률을 확정하지 않습니다."
논벼,이화명나방2화기,기타,충청남도,0.0,,,전망자료 부족,낮음,8,2024,"양년 자료 없음, 공통 조사단위 0개, 유효 관측 8건, 결측률 0.0%, 단위별 변화 변동성 100.0점. 제한된 비교 단위 또는 변동성 때문에 보수적으로 낮게 평가합니다. 2024·2026 두 개 연도의 NCPMS 예찰자료만 사용한 상대 위험 전망으로, 기상·재배면적·방제 변화와 2027년 실제 발생을 확정하지 않습니다. ASOS 공통 조사월 0개에서 기온·습도·강수·풍속의 관측 연관성을 추세 연장분에만 최대 ±3점으로 제한 적용(보정 +0점). 2027년 미래 기상값은 생성하거나 가정하지 않았습니다.",전망자료 부족,,,0.0,—,기상근거 부족,0,ASOS 공통 조사월 0개에서 기온·습도·강수·풍속의 관측 연관성을 추세 연장분에만 최대 ±3점으로 제한 적용(보정 +0점). 2027년 미래 기상값은 생성하거나 가정하지 않았습니다.,F27-WX1 설명가능 완화추세,"2024·2026 관측자료와 ASOS 공통 조사월의 연관성을 이용한 상대 위험 전망입니다. 2026년은 부분연도이며, 2027년 실제 기상·발생·확률을 확정하지 않습니다."
논벼,이화명나방2화기,기타,충청북도,0.0,,,전망자료 부족,낮음,8,2024,"양년 자료 없음, 공통 조사단위 0개, 유효 관측 8건, 결측률 0.0%, 단위별 변화 변동성 100.0점. 제한된 비교 단위 또는 변동성 때문에 보수적으로 낮게 평가합니다. 2024·2026 두 개 연도의 NCPMS 예찰자료만 사용한 상대 위험 전망으로, 기상·재배면적·방제 변화와 2027년 실제 발생을 확정하지 않습니다. ASOS 공통 조사월 0개에서 기온·습도·강수·풍속의 관측 연관성을 추세 연장분에만 최대 ±3점으로 제한 적용(보정 +0점). 2027년 미래 기상값은 생성하거나 가정하지 않았습니다.",전망자료 부족,,,0.0,—,기상근거 부족,0,ASOS 공통 조사월 0개에서 기온·습도·강수·풍속의 관측 연관성을 추세 연장분에만 최대 ±3점으로 제한 적용(보정 +0점). 2027년 미래 기상값은 생성하거나 가정하지 않았습니다.,F27-WX1 설명가능 완화추세,"2024·2026 관측자료와 ASOS 공통 조사월의 연관성을 이용한 상대 위험 전망입니다. 2026년은 부분연도이며, 2027년 실제 기상·발생·확률을 확정하지 않습니다."
배,잎검은점병,병해,강원특별자치도,3.0,0.0,0,유지,낮음,8,2024·2026,"기준선 비교: 2026 유지 0.0점, 2024·2026 가중평균 1.0점, 선택 모델(완화 추세+표본 축소) 0.0점. 지역 변화 -2.7점을 표본가중치 0.40로 같은 병해충·작물의 지역 중앙 변화 +0.0점 방향에 축소하고, 1년 연장 변화는 ±20점으로 제한했습니다. 양년 자료 있음, 공통 조사단위 1개, 유효 관측 8건, 결측률 0.0%, 단위별 변화 변동성 0.0점. 제한된 비교 단위 또는 변동성 때문에 보수적으로 낮게 평가합니다. 2024·2026 두 개 연도의 NCPMS 예찰자료만 사용한 상대 위험 전망으로, 기상·재배면적·방제 변화와 2027년 실제 발생을 확정하지 않습니다. ASOS 공통 조사월 1개에서 기온·습도·강수·풍속의 관측 연관성을 추세 연장분에만 최대 ±3점으로 제한 적용(보정 +0점). 2027년 미래 기상값은 생성하거나 가정하지 않았습니다.",관찰,0,0,0.0255,풍속,기상 근거 보강,1,ASOS 공통 조사월 1개에서 기온·습도·강수·풍속의 관측 연관성을 추세 연장분에만 최대 ±3점으로 제한 적용(보정 +0점). 2027년 미래 기상값은 생성하거나 가정하지 않았습니다.,F27-WX1 설명가능 완화추세,"2024·2026 관측자료와 ASOS 공통 조사월의 연관성을 이용한 상대 위험 전망입니다. 2026년은 부분연도이며, 2027년 실제 기상·발생·확률을 확정하지 않습니다."
배,잎검은점병,병해,경기도,0.0,0.0,0,유지,보통,11,2024·2026,"기준선 비교: 2026 유지 0.0점, 2024·2026 가중평균 0.0점, 선택 모델(완화 추세+표본 축소) 0.0점. 지역 변화 +0.0점을 표본가중치 0.48로 같은 병해충·작물의 지역 중앙 변화 +0.0점 방향에 축소하고, 1년 연장 변화는 ±20점으로 제한했습니다. 양년 자료 있음, 공통 조사단위 4개, 유효 관측 11건, 결측률 0.0%, 단위별 변화 변동성 0.0점. 비교는 가능하지만 표본 또는 변동성에 불확실성이 남습니다. 2024·2026 두 개 연도의 NCPMS 예찰자료만 사용한 상대 위험 전망으로, 기상·재배면적·방제 변화와 2027년 실제 발생을 확정하지 않습니다. ASOS 공통 조사월 2개에서 기온·습도·강수·풍속의 관측 연관성을 추세 연장분에만 최대 ±3점으로 제한 적용(보정 +0점). 2027년 미래 기상값은 생성하거나 가정하지 않았습니다.",관찰,0,0,-0.0237,풍속,기상 근거 보강,2,ASOS 공통 조사월 2개에서 기온·습도·강수·풍속의 관측 연관성을 추세 연장분에만 최대 ±3점으로 제한 적용(보정 +0점). 2027년 미래 기상값은 생성하거나 가정하지 않았습니다.,F27-WX1 설명가능 완화추세,"2024·2026 관측자료와 ASOS 공통 조사월의 연관성을 이용한 상대 위험 전망입니다. 2026년은 부분연도이며, 2027년 실제 기상·발생·확률을 확정하지 않습니다."
배,잎검은점병,병해,경상남도,0.0,20.0,23,유지,보통,11,2024·2026,"기준선 비교: 2026 유지 20.1점, 2024·2026 가중평균 13.1점, 선택 모델(완화 추세+표본 축소) 23.5점. 지역 변화 +20.1점을 표본가중치 0.48로 같은 병해충·작물의 지역 중앙 변화 +0.0점 방향에 축소하고, 1년 연장 변화는 ±20점으로 제한했습니다. 양년 자료 있음, 공통 조사단위 4개, 유효 관측 11건, 결측률 0.0%, 단위별 변화 변동성 18.4점. 비교는 가능하지만 표본 또는 변동성에 불확실성이 남습니다. 2024·2026 두 개 연도의 NCPMS 예찰자료만 사용한 상대 위험 전망으로, 기상·재배면적·방제 변화와 2027년 실제 발생을 확정하지 않습니다. ASOS 공통 조사월 2개에서 기온·습도·강수·풍속의 관측 연관성을 추세 연장분에만 최대 ±3점으로 제한 적용(보정 +0점). 2027년 미래 기상값은 생성하거나 가정하지 않았습니다.",관찰,23,0,0.0122,습도,기상 근거 보강,2,ASOS 공통 조사월 2개에서 기온·습도·강수·풍속의 관측 연관성을 추세 연장분에만 최대 ±3점으로 제한 적용(보정 +0점). 2027년 미래 기상값은 생성하거나 가정하지 않았습니다.,F27-WX1 설명가능 완화추세,"2024·2026 관측자료와 ASOS 공통 조사월의 연관성을 이용한 상대 위험 전망입니다. 2026년은 부분연도이며, 2027년 실제 기상·발생·확률을 확정하지 않습니다."
배,잎검은점병,병해,경상북도,97.0,4.0,0,유지,보통,11,2024·2026,"기준선 비교: 2026 유지 4.4점, 2024·2026 가중평균 37.0점, 선택 모델(완화 추세+표본 축소) 0.0점. 지역 변화 -93.0점을 표본가중치 0.48로 같은 병해충·작물의 지역 중앙 변화 +0.0점 방향에 축소하고, 1년 연장 변화는 ±20점으로 제한했습니다. 양년 자료 있음, 공통 조사단위 4개, 유효 관측 11건, 결측률 0.0%, 단위별 변화 변동성 7.1점. 비교는 가능하지만 표본 또는 변동성에 불확실성이 남습니다. 2024·2026 두 개 연도의 NCPMS 예찰자료만 사용한 상대 위험 전망으로, 기상·재배면적·방제 변화와 2027년 실제 발생을 확정하지 않습니다. ASOS 공통 조사월 2개에서 기온·습도·강수·풍속의 관측 연관성을 추세 연장분에만 최대 ±3점으로 제한 적용(보정 +0점). 2027년 미래 기상값은 생성하거나 가정하지 않았습니다.",관찰,0,0,0.0006,풍속,기상 근거 보강,2,ASOS 공통 조사월 2개에서 기온·습도·강수·풍속의 관측 연관성을 추세 연장분에만 최대 ±3점으로 제한 적용(보정 +0점). 2027년 미래 기상값은 생성하거나 가정하지 않았습니다.,F27-WX1 설명가능 완화추세,"2024·2026 관측자료와 ASOS 공통 조사월의 연관성을 이용한 상대 위험 전망입니다. 2026년은 부분연도이며, 2027년 실제 기상·발생·확률을 확정하지 않습니다."
배,잎검은점병,병해,세종특별자치시,0.0,0.0,0,유지,보통,10,2024·2026,"기준선 비교: 2026 유지 0.0점, 2024·2026 가중평균 0.0점, 선택 모델(완화 추세+표본 축소) 0.0점. 지역 변화 +0.0점을 표본가중치 0.45로 같은 병해충·작물의 지역 중앙 변화 +0.0점 방향에 축소하고, 1년 연장 변화는 ±20점으로 제한했습니다. 양년 자료 있음, 공통 조사단위 4개, 유효 관측 10건, 결측률 0.0%, 단위별 변화 변동성 0.0점. 비교는 가능하지만 표본 또는 변동성에 불확실성이 남습니다. 2024·2026 두 개 연도의 NCPMS 예찰자료만 사용한 상대 위험 전망으로, 기상·재배면적·방제 변화와 2027년 실제 발생을 확정하지 않습니다. ASOS 공통 조사월 2개에서 기온·습도·강수·풍속의 관측 연관성을 추세 연장분에만 최대 ±3점으로 제한 적용(보정 +0점). 2027년 미래 기상값은 생성하거나 가정하지 않았습니다.",관찰,0,0,0.0072,습도,기상 근거 보강,2,ASOS 공통 조사월 2개에서 기온·습도·강수·풍속의 관측 연관성을 추세 연장분에만 최대 ±3점으로 제한 적용(보정 +0점). 2027년 미래 기상값은 생성하거나 가정하지 않았습니다.,F27-WX1 설명가능 완화추세,"2024·2026 관측자료와 ASOS 공통 조사월의 연관성을 이용한 상대 위험 전망입니다. 2026년은 부분연도이며, 2027년 실제 기상·발생·확률을 확정하지 않습니다."
배,잎검은점병,병해,울산광역시,20.0,17.0,16,유지,보통,10,2024·2026,"기준선 비교: 2026 유지 16.7점, 2024·2026 가중평균 17.8점, 선택 모델(완화 추세+표본 축소) 16.1점. 지역 변화 -3.3점을 표본가중치 0.45로 같은 병해충·작물의 지역 중앙 변화 +0.0점 방향에 축소하고, 1년 연장 변화는 ±20점으로 제한했습니다. 양년 자료 있음, 공통 조사단위 4개, 유효 관측 10건, 결측률 0.0%, 단위별 변화 변동성 34.5점. 비교는 가능하지만 표본 또는 변동성에 불확실성이 남습니다. 2024·2026 두 개 연도의 NCPMS 예찰자료만 사용한 상대 위험 전망으로, 기상·재배면적·방제 변화와 2027년 실제 발생을 확정하지 않습니다. ASOS 공통 조사월 2개에서 기온·습도·강수·풍속의 관측 연관성을 추세 연장분에만 최대 ±3점으로 제한 적용(보정 +0점). 2027년 미래 기상값은 생성하거나 가정하지 않았습니다.",관찰,16,0,-0.0014,풍속,기상 근거 보강,2,ASOS 공통 조사월 2개에서 기온·습도·강수·풍속의 관측 연관성을 추세 연장분에만 최대 ±3점으로 제한 적용(보정 +0점). 2027년 미래 기상값은 생성하거나 가정하지 않았습니다.,F27-WX1 설명가능 완화추세,"2024·2026 관측자료와 ASOS 공통 조사월의 연관성을 이용한 상대 위험 전망입니다. 2026년은 부분연도이며, 2027년 실제 기상·발생·확률을 확정하지 않습니다."
배,잎검은점병,병해,전남광주통합특별시,3.0,56.0,65,증가,보통,11,2024·2026,"기준선 비교: 2026 유지 55.9점, 2024·2026 가중평균 37.3점, 선택 모델(완화 추세+표본 축소) 64.7점. 지역 변화 +53.1점을 표본가중치 0.48로 같은 병해충·작물의 지역 중앙 변화 +0.0점 방향에 축소하고, 1년 연장 변화는 ±20점으로 제한했습니다. 양년 자료 있음, 공통 조사단위 4개, 유효 관측 11건, 결측률 0.0%, 단위별 변화 변동성 26.7점. 비교는 가능하지만 표본 또는 변동성에 불확실성이 남습니다. 2024·2026 두 개 연도의 NCPMS 예찰자료만 사용한 상대 위험 전망으로, 기상·재배면적·방제 변화와 2027년 실제 발생을 확정하지 않습니다. ASOS 공통 조사월 2개에서 기온·습도·강수·풍속의 관측 연관성을 추세 연장분에만 최대 ±3점으로 제한 적용(보정 +0점). 2027년 미래 기상값은 생성하거나 가정하지 않았습니다.",주의,65,0,0.0099,풍속,기상 근거 보강,2,ASOS 공통 조사월 2개에서 기온·습도·강수·풍속의 관측 연관성을 추세 연장분에만 최대 ±3점으로 제한 적용(보정 +0점). 2027년 미래 기상값은 생성하거나 가정하지 않았습니다.,F27-WX1 설명가능 완화추세,"2024·2026 관측자료와 ASOS 공통 조사월의 연관성을 이용한 상대 위험 전망입니다. 2026년은 부분연도이며, 2027년 실제 기상·발생·확률을 확정하지 않습니다."
배,잎검은점병,병해,전북특별자치도,,25.0,,전망자료 부족,낮음,7,2026,"양년 자료 없음, 공통 조사단위 0개, 유효 관측 7건, 결측률 0.0%, 단위별 변화 변동성 100.0점. 제한된 비교 단위 또는 변동성 때문에 보수적으로 낮게 평가합니다. 2024·2026 두 개 연도의 NCPMS 예찰자료만 사용한 상대 위험 전망으로, 기상·재배면적·방제 변화와 2027년 실제 발생을 확정하지 않습니다. ASOS 공통 조사월 0개에서 기온·습도·강수·풍속의 관측 연관성을 추세 연장분에만 최대 ±3점으로 제한 적용(보정 +0점). 2027년 미래 기상값은 생성하거나 가정하지 않았습니다.",전망자료 부족,,,0.0,—,기상근거 부족,0,ASOS 공통 조사월 0개에서 기온·습도·강수·풍속의 관측 연관성을 추세 연장분에만 최대 ±3점으로 제한 적용(보정 +0점). 2027년 미래 기상값은 생성하거나 가정하지 않았습니다.,F27-WX1 설명가능 완화추세,"2024·2026 관측자료와 ASOS 공통 조사월의 연관성을 이용한 상대 위험 전망입니다. 2026년은 부분연도이며, 2027년 실제 기상·발생·확률을 확정하지 않습니다."
배,잎검은점병,병해,충청남도,1.0,12.0,14,유지,보통,11,2024·2026,"기준선 비교: 2026 유지 12.0점, 2024·2026 가중평균 8.2점, 선택 모델(완화 추세+표본 축소) 13.8점. 지역 변화 +10.8점을 표본가중치 0.48로 같은 병해충·작물의 지역 중앙 변화 +0.0점 방향에 축소하고, 1년 연장 변화는 ±20점으로 제한했습니다. 양년 자료 있음, 공통 조사단위 4개, 유효 관측 11건, 결측률 0.0%, 단위별 변화 변동성 8.5점. 비교는 가능하지만 표본 또는 변동성에 불확실성이 남습니다. 2024·2026 두 개 연도의 NCPMS 예찰자료만 사용한 상대 위험 전망으로, 기상·재배면적·방제 변화와 2027년 실제 발생을 확정하지 않습니다. ASOS 공통 조사월 2개에서 기온·습도·강수·풍속의 관측 연관성을 추세 연장분에만 최대 ±3점으로 제한 적용(보정 +0점). 2027년 미래 기상값은 생성하거나 가정하지 않았습니다.",관찰,14,0,0.0006,습도,기상 근거 보강,2,ASOS 공통 조사월 2개에서 기온·습도·강수·풍속의 관측 연관성을 추세 연장분에만 최대 ±3점으로 제한 적용(보정 +0점). 2027년 미래 기상값은 생성하거나 가정하지 않았습니다.,F27-WX1 설명가능 완화추세,"2024·2026 관측자료와 ASOS 공통 조사월의 연관성을 이용한 상대 위험 전망입니다. 2026년은 부분연도이며, 2027년 실제 기상·발생·확률을 확정하지 않습니다."
배,잎검은점병,병해,충청북도,0.0,0.0,0,유지,보통,11,2024·2026,"기준선 비교: 2026 유지 0.0점, 2024·2026 가중평균 0.0점, 선택 모델(완화 추세+표본 축소) 0.0점. 지역 변화 +0.0점을 표본가중치 0.48로 같은 병해충·작물의 지역 중앙 변화 +0.0점 방향에 축소하고, 1년 연장 변화는 ±20점으로 제한했습니다. 양년 자료 있음, 공통 조사단위 4개, 유효 관측 11건, 결측률 0.0%, 단위별 변화 변동성 0.0점. 비교는 가능하지만 표본 또는 변동성에 불확실성이 남습니다. 2024·2026 두 개 연도의 NCPMS 예찰자료만 사용한 상대 위험 전망으로, 기상·재배면적·방제 변화와 2027년 실제 발생을 확정하지 않습니다. ASOS 공통 조사월 2개에서 기온·습도·강수·풍속의 관측 연관성을 추세 연장분에만 최대 ±3점으로 제한 적용(보정 +0점). 2027년 미래 기상값은 생성하거나 가정하지 않았습니다.",관찰,0,0,0.0051,풍속,기상 근거 보강,2,ASOS 공통 조사월 2개에서 기온·습도·강수·풍속의 관측 연관성을 추세 연장분에만 최대 ±3점으로 제한 적용(보정 +0점). 2027년 미래 기상값은 생성하거나 가정하지 않았습니다.,F27-WX1 설명가능 완화추세,"2024·2026 관측자료와 ASOS 공통 조사월의 연관성을 이용한 상대 위험 전망입니다. 2026년은 부분연도이며, 2027년 실제 기상·발생·확률을 확정하지 않습니다."
논벼,잎도열병,병해,강원특별자치도,0.0,37.0,46,증가,보통,32,2024·2026,"기준선 비교: 2026 유지 36.6점, 2024·2026 가중평균 23.8점, 선택 모델(완화 추세+표본 축소) 46.1점. 지역 변화 +36.6점을 표본가중치 0.73로 같은 병해충·작물의 지역 중앙 변화 +2.0점 방향에 축소하고, 1년 연장 변화는 ±20점으로 제한했습니다. 양년 자료 있음, 공통 조사단위 2개, 유효 관측 32건, 결측률 0.0%, 단위별 변화 변동성 0.0점. 비교는 가능하지만 표본 또는 변동성에 불확실성이 남습니다. 2024·2026 두 개 연도의 NCPMS 예찰자료만 사용한 상대 위험 전망으로, 기상·재배면적·방제 변화와 2027년 실제 발생을 확정하지 않습니다. ASOS 공통 조사월 1개에서 기온·습도·강수·풍속의 관측 연관성을 추세 연장분에만 최대 ±3점으로 제한 적용(보정 +0점). 2027년 미래 기상값은 생성하거나 가정하지 않았습니다.",주의,46,0,0.0258,습도,기상 근거 보강,1,ASOS 공통 조사월 1개에서 기온·습도·강수·풍속의 관측 연관성을 추세 연장분에만 최대 ±3점으로 제한 적용(보정 +0점). 2027년 미래 기상값은 생성하거나 가정하지 않았습니다.,F27-WX1 설명가능 완화추세,"2024·2026 관측자료와 ASOS 공통 조사월의 연관성을 이용한 상대 위험 전망입니다. 2026년은 부분연도이며, 2027년 실제 기상·발생·확률을 확정하지 않습니다."
논벼,잎도열병,병해,경기도,0.0,3.0,4,유지,보통,36,2024·2026,"기준선 비교: 2026 유지 2.7점, 2024·2026 가중평균 1.7점, 선택 모델(완화 추세+표본 축소) 3.5점. 지역 변화 +2.7점을 표본가중치 0.75로 같은 병해충·작물의 지역 중앙 변화 +2.0점 방향에 축소하고, 1년 연장 변화는 ±20점으로 제한했습니다. 양년 자료 있음, 공통 조사단위 2개, 유효 관측 36건, 결측률 0.0%, 단위별 변화 변동성 0.0점. 비교는 가능하지만 표본 또는 변동성에 불확실성이 남습니다. 2024·2026 두 개 연도의 NCPMS 예찰자료만 사용한 상대 위험 전망으로, 기상·재배면적·방제 변화와 2027년 실제 발생을 확정하지 않습니다. ASOS 공통 조사월 1개에서 기온·습도·강수·풍속의 관측 연관성을 추세 연장분에만 최대 ±3점으로 제한 적용(보정 +0점). 2027년 미래 기상값은 생성하거나 가정하지 않았습니다.",관찰,4,0,-0.0744,습도,기상 근거 보강,1,ASOS 공통 조사월 1개에서 기온·습도·강수·풍속의 관측 연관성을 추세 연장분에만 최대 ±3점으로 제한 적용(보정 +0점). 2027년 미래 기상값은 생성하거나 가정하지 않았습니다.,F27-WX1 설명가능 완화추세,"2024·2026 관측자료와 ASOS 공통 조사월의 연관성을 이용한 상대 위험 전망입니다. 2026년은 부분연도이며, 2027년 실제 기상·발생·확률을 확정하지 않습니다."
논벼,잎도열병,병해,경상남도,0.0,15.0,19,유지,보통,32,2024·2026,"기준선 비교: 2026 유지 15.1점, 2024·2026 가중평균 9.8점, 선택 모델(완화 추세+표본 축소) 19.1점. 지역 변화 +15.1점을 표본가중치 0.73로 같은 병해충·작물의 지역 중앙 변화 +2.0점 방향에 축소하고, 1년 연장 변화는 ±20점으로 제한했습니다. 양년 자료 있음, 공통 조사단위 2개, 유효 관측 32건, 결측률 0.0%, 단위별 변화 변동성 0.0점. 비교는 가능하지만 표본 또는 변동성에 불확실성이 남습니다. 2024·2026 두 개 연도의 NCPMS 예찰자료만 사용한 상대 위험 전망으로, 기상·재배면적·방제 변화와 2027년 실제 발생을 확정하지 않습니다. ASOS 공통 조사월 1개에서 기온·습도·강수·풍속의 관측 연관성을 추세 연장분에만 최대 ±3점으로 제한 적용(보정 +0점). 2027년 미래 기상값은 생성하거나 가정하지 않았습니다.",관찰,19,0,-0.0015,습도,기상 근거 보강,1,ASOS 공통 조사월 1개에서 기온·습도·강수·풍속의 관측 연관성을 추세 연장분에만 최대 ±3점으로 제한 적용(보정 +0점). 2027년 미래 기상값은 생성하거나 가정하지 않았습니다.,F27-WX1 설명가능 완화추세,"2024·2026 관측자료와 ASOS 공통 조사월의 연관성을 이용한 상대 위험 전망입니다. 2026년은 부분연도이며, 2027년 실제 기상·발생·확률을 확정하지 않습니다."
논벼,잎도열병,병해,경상북도,0.0,1.0,2,유지,보통,32,2024·2026,"기준선 비교: 2026 유지 1.4점, 2024·2026 가중평균 0.9점, 선택 모델(완화 추세+표본 축소) 1.9점. 지역 변화 +1.4점을 표본가중치 0.73로 같은 병해충·작물의 지역 중앙 변화 +2.0점 방향에 축소하고, 1년 연장 변화는 ±20점으로 제한했습니다. 양년 자료 있음, 공통 조사단위 2개, 유효 관측 32건, 결측률 0.0%, 단위별 변화 변동성 0.0점. 비교는 가능하지만 표본 또는 변동성에 불확실성이 남습니다. 2024·2026 두 개 연도의 NCPMS 예찰자료만 사용한 상대 위험 전망으로, 기상·재배면적·방제 변화와 2027년 실제 발생을 확정하지 않습니다. ASOS 공통 조사월 1개에서 기온·습도·강수·풍속의 관측 연관성을 추세 연장분에만 최대 ±3점으로 제한 적용(보정 +0점). 2027년 미래 기상값은 생성하거나 가정하지 않았습니다.",관찰,2,0,0.0156,습도,기상 근거 보강,1,ASOS 공통 조사월 1개에서 기온·습도·강수·풍속의 관측 연관성을 추세 연장분에만 최대 ±3점으로 제한 적용(보정 +0점). 2027년 미래 기상값은 생성하거나 가정하지 않았습니다.,F27-WX1 설명가능 완화추세,"2024·2026 관측자료와 ASOS 공통 조사월의 연관성을 이용한 상대 위험 전망입니다. 2026년은 부분연도이며, 2027년 실제 기상·발생·확률을 확정하지 않습니다."
논벼,잎도열병,병해,대구광역시,0.0,0.0,0,유지,보통,32,2024·2026,"기준선 비교: 2026 유지 0.0점, 2024·2026 가중평균 0.0점, 선택 모델(완화 추세+표본 축소) 0.2점. 지역 변화 +0.0점을 표본가중치 0.73로 같은 병해충·작물의 지역 중앙 변화 +2.0점 방향에 축소하고, 1년 연장 변화는 ±20점으로 제한했습니다. 양년 자료 있음, 공통 조사단위 2개, 유효 관측 32건, 결측률 0.0%, 단위별 변화 변동성 0.0점. 비교는 가능하지만 표본 또는 변동성에 불확실성이 남습니다. 2024·2026 두 개 연도의 NCPMS 예찰자료만 사용한 상대 위험 전망으로, 기상·재배면적·방제 변화와 2027년 실제 발생을 확정하지 않습니다. ASOS 공통 조사월 1개에서 기온·습도·강수·풍속의 관측 연관성을 추세 연장분에만 최대 ±3점으로 제한 적용(보정 +0점). 2027년 미래 기상값은 생성하거나 가정하지 않았습니다.",관찰,0,0,-0.0314,기온,기상 근거 보강,1,ASOS 공통 조사월 1개에서 기온·습도·강수·풍속의 관측 연관성을 추세 연장분에만 최대 ±3점으로 제한 적용(보정 +0점). 2027년 미래 기상값은 생성하거나 가정하지 않았습니다.,F27-WX1 설명가능 완화추세,"2024·2026 관측자료와 ASOS 공통 조사월의 연관성을 이용한 상대 위험 전망입니다. 2026년은 부분연도이며, 2027년 실제 기상·발생·확률을 확정하지 않습니다."
논벼,잎도열병,병해,대전광역시,0.0,0.0,0,유지,보통,32,2024·2026,"기준선 비교: 2026 유지 0.0점, 2024·2026 가중평균 0.0점, 선택 모델(완화 추세+표본 축소) 0.2점. 지역 변화 +0.0점을 표본가중치 0.73로 같은 병해충·작물의 지역 중앙 변화 +2.0점 방향에 축소하고, 1년 연장 변화는 ±20점으로 제한했습니다. 양년 자료 있음, 공통 조사단위 2개, 유효 관측 32건, 결측률 0.0%, 단위별 변화 변동성 0.0점. 비교는 가능하지만 표본 또는 변동성에 불확실성이 남습니다. 2024·2026 두 개 연도의 NCPMS 예찰자료만 사용한 상대 위험 전망으로, 기상·재배면적·방제 변화와 2027년 실제 발생을 확정하지 않습니다. ASOS 공통 조사월 1개에서 기온·습도·강수·풍속의 관측 연관성을 추세 연장분에만 최대 ±3점으로 제한 적용(보정 +0점). 2027년 미래 기상값은 생성하거나 가정하지 않았습니다.",관찰,0,0,0.0622,습도,기상 근거 보강,1,ASOS 공통 조사월 1개에서 기온·습도·강수·풍속의 관측 연관성을 추세 연장분에만 최대 ±3점으로 제한 적용(보정 +0점). 2027년 미래 기상값은 생성하거나 가정하지 않았습니다.,F27-WX1 설명가능 완화추세,"2024·2026 관측자료와 ASOS 공통 조사월의 연관성을 이용한 상대 위험 전망입니다. 2026년은 부분연도이며, 2027년 실제 기상·발생·확률을 확정하지 않습니다."
논벼,잎도열병,병해,부산광역시,0.0,0.0,0,유지,보통,32,2024·2026,"기준선 비교: 2026 유지 0.0점, 2024·2026 가중평균 0.0점, 선택 모델(완화 추세+표본 축소) 0.2점. 지역 변화 +0.0점을 표본가중치 0.73로 같은 병해충·작물의 지역 중앙 변화 +2.0점 방향에 축소하고, 1년 연장 변화는 ±20점으로 제한했습니다. 양년 자료 있음, 공통 조사단위 2개, 유효 관측 32건, 결측률 0.0%, 단위별 변화 변동성 0.0점. 비교는 가능하지만 표본 또는 변동성에 불확실성이 남습니다. 2024·2026 두 개 연도의 NCPMS 예찰자료만 사용한 상대 위험 전망으로, 기상·재배면적·방제 변화와 2027년 실제 발생을 확정하지 않습니다. ASOS 공통 조사월 1개에서 기온·습도·강수·풍속의 관측 연관성을 추세 연장분에만 최대 ±3점으로 제한 적용(보정 +0점). 2027년 미래 기상값은 생성하거나 가정하지 않았습니다.",관찰,0,0,-0.0124,강수량,기상 근거 보강,1,ASOS 공통 조사월 1개에서 기온·습도·강수·풍속의 관측 연관성을 추세 연장분에만 최대 ±3점으로 제한 적용(보정 +0점). 2027년 미래 기상값은 생성하거나 가정하지 않았습니다.,F27-WX1 설명가능 완화추세,"2024·2026 관측자료와 ASOS 공통 조사월의 연관성을 이용한 상대 위험 전망입니다. 2026년은 부분연도이며, 2027년 실제 기상·발생·확률을 확정하지 않습니다."
논벼,잎도열병,병해,세종특별자치시,0.0,0.0,0,유지,보통,28,2024·2026,"기준선 비교: 2026 유지 0.0점, 2024·2026 가중평균 0.0점, 선택 모델(완화 추세+표본 축소) 0.2점. 지역 변화 +0.0점을 표본가중치 0.70로 같은 병해충·작물의 지역 중앙 변화 +2.0점 방향에 축소하고, 1년 연장 변화는 ±20점으로 제한했습니다. 양년 자료 있음, 공통 조사단위 2개, 유효 관측 28건, 결측률 0.0%, 단위별 변화 변동성 0.0점. 비교는 가능하지만 표본 또는 변동성에 불확실성이 남습니다. 2024·2026 두 개 연도의 NCPMS 예찰자료만 사용한 상대 위험 전망으로, 기상·재배면적·방제 변화와 2027년 실제 발생을 확정하지 않습니다. ASOS 공통 조사월 1개에서 기온·습도·강수·풍속의 관측 연관성을 추세 연장분에만 최대 ±3점으로 제한 적용(보정 +0점). 2027년 미래 기상값은 생성하거나 가정하지 않았습니다.",관찰,0,0,0.0251,습도,기상 근거 보강,1,ASOS 공통 조사월 1개에서 기온·습도·강수·풍속의 관측 연관성을 추세 연장분에만 최대 ±3점으로 제한 적용(보정 +0점). 2027년 미래 기상값은 생성하거나 가정하지 않았습니다.,F27-WX1 설명가능 완화추세,"2024·2026 관측자료와 ASOS 공통 조사월의 연관성을 이용한 상대 위험 전망입니다. 2026년은 부분연도이며, 2027년 실제 기상·발생·확률을 확정하지 않습니다."
논벼,잎도열병,병해,울산광역시,0.0,27.0,34,증가,보통,32,2024·2026,"기준선 비교: 2026 유지 26.8점, 2024·2026 가중평균 17.4점, 선택 모델(완화 추세+표본 축소) 33.8점. 지역 변화 +26.8점을 표본가중치 0.73로 같은 병해충·작물의 지역 중앙 변화 +2.0점 방향에 축소하고, 1년 연장 변화는 ±20점으로 제한했습니다. 양년 자료 있음, 공통 조사단위 2개, 유효 관측 32건, 결측률 0.0%, 단위별 변화 변동성 0.0점. 비교는 가능하지만 표본 또는 변동성에 불확실성이 남습니다. 2024·2026 두 개 연도의 NCPMS 예찰자료만 사용한 상대 위험 전망으로, 기상·재배면적·방제 변화와 2027년 실제 발생을 확정하지 않습니다. ASOS 공통 조사월 1개에서 기온·습도·강수·풍속의 관측 연관성을 추세 연장분에만 최대 ±3점으로 제한 적용(보정 +0점). 2027년 미래 기상값은 생성하거나 가정하지 않았습니다.",주의,34,0,0.012,습도,기상 근거 보강,1,ASOS 공통 조사월 1개에서 기온·습도·강수·풍속의 관측 연관성을 추세 연장분에만 최대 ±3점으로 제한 적용(보정 +0점). 2027년 미래 기상값은 생성하거나 가정하지 않았습니다.,F27-WX1 설명가능 완화추세,"2024·2026 관측자료와 ASOS 공통 조사월의 연관성을 이용한 상대 위험 전망입니다. 2026년은 부분연도이며, 2027년 실제 기상·발생·확률을 확정하지 않습니다."
논벼,잎도열병,병해,인천광역시,0.0,44.0,55,증가,보통,32,2024·2026,"기준선 비교: 2026 유지 43.6점, 2024·2026 가중평균 28.3점, 선택 모델(완화 추세+표본 축소) 54.9점. 지역 변화 +43.6점을 표본가중치 0.73로 같은 병해충·작물의 지역 중앙 변화 +2.0점 방향에 축소하고, 1년 연장 변화는 ±20점으로 제한했습니다. 양년 자료 있음, 공통 조사단위 2개, 유효 관측 32건, 결측률 0.0%, 단위별 변화 변동성 0.0점. 비교는 가능하지만 표본 또는 변동성에 불확실성이 남습니다. 2024·2026 두 개 연도의 NCPMS 예찰자료만 사용한 상대 위험 전망으로, 기상·재배면적·방제 변화와 2027년 실제 발생을 확정하지 않습니다. ASOS 공통 조사월 1개에서 기온·습도·강수·풍속의 관측 연관성을 추세 연장분에만 최대 ±3점으로 제한 적용(보정 +0점). 2027년 미래 기상값은 생성하거나 가정하지 않았습니다.",주의,55,0,0.0068,습도,기상 근거 보강,1,ASOS 공통 조사월 1개에서 기온·습도·강수·풍속의 관측 연관성을 추세 연장분에만 최대 ±3점으로 제한 적용(보정 +0점). 2027년 미래 기상값은 생성하거나 가정하지 않았습니다.,F27-WX1 설명가능 완화추세,"2024·2026 관측자료와 ASOS 공통 조사월의 연관성을 이용한 상대 위험 전망입니다. 2026년은 부분연도이며, 2027년 실제 기상·발생·확률을 확정하지 않습니다."
논벼,잎도열병,병해,전남광주통합특별시,0.0,24.0,30,증가,보통,32,2024·2026,"기준선 비교: 2026 유지 23.6점, 2024·2026 가중평균 15.3점, 선택 모델(완화 추세+표본 축소) 29.8점. 지역 변화 +23.6점을 표본가중치 0.73로 같은 병해충·작물의 지역 중앙 변화 +2.0점 방향에 축소하고, 1년 연장 변화는 ±20점으로 제한했습니다. 양년 자료 있음, 공통 조사단위 2개, 유효 관측 32건, 결측률 0.0%, 단위별 변화 변동성 0.0점. 비교는 가능하지만 표본 또는 변동성에 불확실성이 남습니다. 2024·2026 두 개 연도의 NCPMS 예찰자료만 사용한 상대 위험 전망으로, 기상·재배면적·방제 변화와 2027년 실제 발생을 확정하지 않습니다. ASOS 공통 조사월 1개에서 기온·습도·강수·풍속의 관측 연관성을 추세 연장분에만 최대 ±3점으로 제한 적용(보정 +0점). 2027년 미래 기상값은 생성하거나 가정하지 않았습니다.",관찰,30,0,-0.0412,습도,기상 근거 보강,1,ASOS 공통 조사월 1개에서 기온·습도·강수·풍속의 관측 연관성을 추세 연장분에만 최대 ±3점으로 제한 적용(보정 +0점). 2027년 미래 기상값은 생성하거나 가정하지 않았습니다.,F27-WX1 설명가능 완화추세,"2024·2026 관측자료와 ASOS 공통 조사월의 연관성을 이용한 상대 위험 전망입니다. 2026년은 부분연도이며, 2027년 실제 기상·발생·확률을 확정하지 않습니다."
논벼,잎도열병,병해,전북특별자치도,0.0,16.0,20,유지,보통,32,2024·2026,"기준선 비교: 2026 유지 15.6점, 2024·2026 가중평균 10.1점, 선택 모델(완화 추세+표본 축소) 19.7점. 지역 변화 +15.6점을 표본가중치 0.73로 같은 병해충·작물의 지역 중앙 변화 +2.0점 방향에 축소하고, 1년 연장 변화는 ±20점으로 제한했습니다. 양년 자료 있음, 공통 조사단위 2개, 유효 관측 32건, 결측률 0.0%, 단위별 변화 변동성 0.0점. 비교는 가능하지만 표본 또는 변동성에 불확실성이 남습니다. 2024·2026 두 개 연도의 NCPMS 예찰자료만 사용한 상대 위험 전망으로, 기상·재배면적·방제 변화와 2027년 실제 발생을 확정하지 않습니다. ASOS 공통 조사월 1개에서 기온·습도·강수·풍속의 관측 연관성을 추세 연장분에만 최대 ±3점으로 제한 적용(보정 +0점). 2027년 미래 기상값은 생성하거나 가정하지 않았습니다.",관찰,20,0,-0.0209,강수량,기상 근거 보강,1,ASOS 공통 조사월 1개에서 기온·습도·강수·풍속의 관측 연관성을 추세 연장분에만 최대 ±3점으로 제한 적용(보정 +0점). 2027년 미래 기상값은 생성하거나 가정하지 않았습니다.,F27-WX1 설명가능 완화추세,"2024·2026 관측자료와 ASOS 공통 조사월의 연관성을 이용한 상대 위험 전망입니다. 2026년은 부분연도이며, 2027년 실제 기상·발생·확률을 확정하지 않습니다."
논벼,잎도열병,병해,충청남도,0.0,1.0,2,유지,보통,32,2024·2026,"기준선 비교: 2026 유지 1.3점, 2024·2026 가중평균 0.8점, 선택 모델(완화 추세+표본 축소) 1.8점. 지역 변화 +1.3점을 표본가중치 0.73로 같은 병해충·작물의 지역 중앙 변화 +2.0점 방향에 축소하고, 1년 연장 변화는 ±20점으로 제한했습니다. 양년 자료 있음, 공통 조사단위 2개, 유효 관측 32건, 결측률 0.0%, 단위별 변화 변동성 0.3점. 비교는 가능하지만 표본 또는 변동성에 불확실성이 남습니다. 2024·2026 두 개 연도의 NCPMS 예찰자료만 사용한 상대 위험 전망으로, 기상·재배면적·방제 변화와 2027년 실제 발생을 확정하지 않습니다. ASOS 공통 조사월 1개에서 기온·습도·강수·풍속의 관측 연관성을 추세 연장분에만 최대 ±3점으로 제한 적용(보정 +0점). 2027년 미래 기상값은 생성하거나 가정하지 않았습니다.",관찰,2,0,-0.0188,습도,기상 근거 보강,1,ASOS 공통 조사월 1개에서 기온·습도·강수·풍속의 관측 연관성을 추세 연장분에만 최대 ±3점으로 제한 적용(보정 +0점). 2027년 미래 기상값은 생성하거나 가정하지 않았습니다.,F27-WX1 설명가능 완화추세,"2024·2026 관측자료와 ASOS 공통 조사월의 연관성을 이용한 상대 위험 전망입니다. 2026년은 부분연도이며, 2027년 실제 기상·발생·확률을 확정하지 않습니다."
논벼,잎도열병,병해,충청북도,0.0,1.0,1,유지,보통,36,2024·2026,"기준선 비교: 2026 유지 0.6점, 2024·2026 가중평균 0.4점, 선택 모델(완화 추세+표본 축소) 0.9점. 지역 변화 +0.6점을 표본가중치 0.75로 같은 병해충·작물의 지역 중앙 변화 +2.0점 방향에 축소하고, 1년 연장 변화는 ±20점으로 제한했습니다. 양년 자료 있음, 공통 조사단위 2개, 유효 관측 36건, 결측률 0.0%, 단위별 변화 변동성 0.0점. 비교는 가능하지만 표본 또는 변동성에 불확실성이 남습니다. 2024·2026 두 개 연도의 NCPMS 예찰자료만 사용한 상대 위험 전망으로, 기상·재배면적·방제 변화와 2027년 실제 발생을 확정하지 않습니다. ASOS 공통 조사월 1개에서 기온·습도·강수·풍속의 관측 연관성을 추세 연장분에만 최대 ±3점으로 제한 적용(보정 +0점). 2027년 미래 기상값은 생성하거나 가정하지 않았습니다.",관찰,1,0,-0.02,기온,기상 근거 보강,1,ASOS 공통 조사월 1개에서 기온·습도·강수·풍속의 관측 연관성을 추세 연장분에만 최대 ±3점으로 제한 적용(보정 +0점). 2027년 미래 기상값은 생성하거나 가정하지 않았습니다.,F27-WX1 설명가능 완화추세,"2024·2026 관측자료와 ASOS 공통 조사월의 연관성을 이용한 상대 위험 전망입니다. 2026년은 부분연도이며, 2027년 실제 기상·발생·확률을 확정하지 않습니다."
마늘,잎마름병,병해,강원특별자치도,17.0,,,전망자료 부족,낮음,12,2024,"양년 자료 없음, 공통 조사단위 0개, 유효 관측 12건, 결측률 0.0%, 단위별 변화 변동성 100.0점. 제한된 비교 단위 또는 변동성 때문에 보수적으로 낮게 평가합니다. 2024·2026 두 개 연도의 NCPMS 예찰자료만 사용한 상대 위험 전망으로, 기상·재배면적·방제 변화와 2027년 실제 발생을 확정하지 않습니다. ASOS 공통 조사월 0개에서 기온·습도·강수·풍속의 관측 연관성을 추세 연장분에만 최대 ±3점으로 제한 적용(보정 +0점). 2027년 미래 기상값은 생성하거나 가정하지 않았습니다.",전망자료 부족,,,0.0,—,기상근거 부족,0,ASOS 공통 조사월 0개에서 기온·습도·강수·풍속의 관측 연관성을 추세 연장분에만 최대 ±3점으로 제한 적용(보정 +0점). 2027년 미래 기상값은 생성하거나 가정하지 않았습니다.,F27-WX1 설명가능 완화추세,"2024·2026 관측자료와 ASOS 공통 조사월의 연관성을 이용한 상대 위험 전망입니다. 2026년은 부분연도이며, 2027년 실제 기상·발생·확률을 확정하지 않습니다."
마늘,잎마름병,병해,경상남도,7.0,,,전망자료 부족,낮음,12,2024,"양년 자료 없음, 공통 조사단위 0개, 유효 관측 12건, 결측률 0.0%, 단위별 변화 변동성 100.0점. 제한된 비교 단위 또는 변동성 때문에 보수적으로 낮게 평가합니다. 2024·2026 두 개 연도의 NCPMS 예찰자료만 사용한 상대 위험 전망으로, 기상·재배면적·방제 변화와 2027년 실제 발생을 확정하지 않습니다. ASOS 공통 조사월 0개에서 기온·습도·강수·풍속의 관측 연관성을 추세 연장분에만 최대 ±3점으로 제한 적용(보정 +0점). 2027년 미래 기상값은 생성하거나 가정하지 않았습니다.",전망자료 부족,,,0.0,—,기상근거 부족,0,ASOS 공통 조사월 0개에서 기온·습도·강수·풍속의 관측 연관성을 추세 연장분에만 최대 ±3점으로 제한 적용(보정 +0점). 2027년 미래 기상값은 생성하거나 가정하지 않았습니다.,F27-WX1 설명가능 완화추세,"2024·2026 관측자료와 ASOS 공통 조사월의 연관성을 이용한 상대 위험 전망입니다. 2026년은 부분연도이며, 2027년 실제 기상·발생·확률을 확정하지 않습니다."
마늘,잎마름병,병해,경상북도,10.0,,,전망자료 부족,낮음,24,2024,"양년 자료 없음, 공통 조사단위 0개, 유효 관측 24건, 결측률 0.0%, 단위별 변화 변동성 100.0점. 제한된 비교 단위 또는 변동성 때문에 보수적으로 낮게 평가합니다. 2024·2026 두 개 연도의 NCPMS 예찰자료만 사용한 상대 위험 전망으로, 기상·재배면적·방제 변화와 2027년 실제 발생을 확정하지 않습니다. ASOS 공통 조사월 0개에서 기온·습도·강수·풍속의 관측 연관성을 추세 연장분에만 최대 ±3점으로 제한 적용(보정 +0점). 2027년 미래 기상값은 생성하거나 가정하지 않았습니다.",전망자료 부족,,,0.0,—,기상근거 부족,0,ASOS 공통 조사월 0개에서 기온·습도·강수·풍속의 관측 연관성을 추세 연장분에만 최대 ±3점으로 제한 적용(보정 +0점). 2027년 미래 기상값은 생성하거나 가정하지 않았습니다.,F27-WX1 설명가능 완화추세,"2024·2026 관측자료와 ASOS 공통 조사월의 연관성을 이용한 상대 위험 전망입니다. 2026년은 부분연도이며, 2027년 실제 기상·발생·확률을 확정하지 않습니다."
마늘,잎마름병,병해,대구광역시,16.0,,,전망자료 부족,낮음,24,2024,"양년 자료 없음, 공통 조사단위 0개, 유효 관측 24건, 결측률 0.0%, 단위별 변화 변동성 100.0점. 제한된 비교 단위 또는 변동성 때문에 보수적으로 낮게 평가합니다. 2024·2026 두 개 연도의 NCPMS 예찰자료만 사용한 상대 위험 전망으로, 기상·재배면적·방제 변화와 2027년 실제 발생을 확정하지 않습니다. ASOS 공통 조사월 0개에서 기온·습도·강수·풍속의 관측 연관성을 추세 연장분에만 최대 ±3점으로 제한 적용(보정 +0점). 2027년 미래 기상값은 생성하거나 가정하지 않았습니다.",전망자료 부족,,,0.0,—,기상근거 부족,0,ASOS 공통 조사월 0개에서 기온·습도·강수·풍속의 관측 연관성을 추세 연장분에만 최대 ±3점으로 제한 적용(보정 +0점). 2027년 미래 기상값은 생성하거나 가정하지 않았습니다.,F27-WX1 설명가능 완화추세,"2024·2026 관측자료와 ASOS 공통 조사월의 연관성을 이용한 상대 위험 전망입니다. 2026년은 부분연도이며, 2027년 실제 기상·발생·확률을 확정하지 않습니다."
마늘,잎마름병,병해,전남광주통합특별시,11.0,,,전망자료 부족,낮음,12,2024,"양년 자료 없음, 공통 조사단위 0개, 유효 관측 12건, 결측률 0.0%, 단위별 변화 변동성 100.0점. 제한된 비교 단위 또는 변동성 때문에 보수적으로 낮게 평가합니다. 2024·2026 두 개 연도의 NCPMS 예찰자료만 사용한 상대 위험 전망으로, 기상·재배면적·방제 변화와 2027년 실제 발생을 확정하지 않습니다. ASOS 공통 조사월 0개에서 기온·습도·강수·풍속의 관측 연관성을 추세 연장분에만 최대 ±3점으로 제한 적용(보정 +0점). 2027년 미래 기상값은 생성하거나 가정하지 않았습니다.",전망자료 부족,,,0.0,—,기상근거 부족,0,ASOS 공통 조사월 0개에서 기온·습도·강수·풍속의 관측 연관성을 추세 연장분에만 최대 ±3점으로 제한 적용(보정 +0점). 2027년 미래 기상값은 생성하거나 가정하지 않았습니다.,F27-WX1 설명가능 완화추세,"2024·2026 관측자료와 ASOS 공통 조사월의 연관성을 이용한 상대 위험 전망입니다. 2026년은 부분연도이며, 2027년 실제 기상·발생·확률을 확정하지 않습니다."
마늘,잎마름병,병해,전북특별자치도,7.0,,,전망자료 부족,낮음,12,2024,"양년 자료 없음, 공통 조사단위 0개, 유효 관측 12건, 결측률 0.0%, 단위별 변화 변동성 100.0점. 제한된 비교 단위 또는 변동성 때문에 보수적으로 낮게 평가합니다. 2024·2026 두 개 연도의 NCPMS 예찰자료만 사용한 상대 위험 전망으로, 기상·재배면적·방제 변화와 2027년 실제 발생을 확정하지 않습니다. ASOS 공통 조사월 0개에서 기온·습도·강수·풍속의 관측 연관성을 추세 연장분에만 최대 ±3점으로 제한 적용(보정 +0점). 2027년 미래 기상값은 생성하거나 가정하지 않았습니다.",전망자료 부족,,,0.0,—,기상근거 부족,0,ASOS 공통 조사월 0개에서 기온·습도·강수·풍속의 관측 연관성을 추세 연장분에만 최대 ±3점으로 제한 적용(보정 +0점). 2027년 미래 기상값은 생성하거나 가정하지 않았습니다.,F27-WX1 설명가능 완화추세,"2024·2026 관측자료와 ASOS 공통 조사월의 연관성을 이용한 상대 위험 전망입니다. 2026년은 부분연도이며, 2027년 실제 기상·발생·확률을 확정하지 않습니다."
마늘,잎마름병,병해,충청남도,5.0,,,전망자료 부족,낮음,24,2024,"양년 자료 없음, 공통 조사단위 0개, 유효 관측 24건, 결측률 0.0%, 단위별 변화 변동성 100.0점. 제한된 비교 단위 또는 변동성 때문에 보수적으로 낮게 평가합니다. 2024·2026 두 개 연도의 NCPMS 예찰자료만 사용한 상대 위험 전망으로, 기상·재배면적·방제 변화와 2027년 실제 발생을 확정하지 않습니다. ASOS 공통 조사월 0개에서 기온·습도·강수·풍속의 관측 연관성을 추세 연장분에만 최대 ±3점으로 제한 적용(보정 +0점). 2027년 미래 기상값은 생성하거나 가정하지 않았습니다.",전망자료 부족,,,0.0,—,기상근거 부족,0,ASOS 공통 조사월 0개에서 기온·습도·강수·풍속의 관측 연관성을 추세 연장분에만 최대 ±3점으로 제한 적용(보정 +0점). 2027년 미래 기상값은 생성하거나 가정하지 않았습니다.,F27-WX1 설명가능 완화추세,"2024·2026 관측자료와 ASOS 공통 조사월의 연관성을 이용한 상대 위험 전망입니다. 2026년은 부분연도이며, 2027년 실제 기상·발생·확률을 확정하지 않습니다."
마늘,잎마름병,병해,충청북도,6.0,,,전망자료 부족,낮음,12,2024,"양년 자료 없음, 공통 조사단위 0개, 유효 관측 12건, 결측률 0.0%, 단위별 변화 변동성 100.0점. 제한된 비교 단위 또는 변동성 때문에 보수적으로 낮게 평가합니다. 2024·2026 두 개 연도의 NCPMS 예찰자료만 사용한 상대 위험 전망으로, 기상·재배면적·방제 변화와 2027년 실제 발생을 확정하지 않습니다. ASOS 공통 조사월 0개에서 기온·습도·강수·풍속의 관측 연관성을 추세 연장분에만 최대 ±3점으로 제한 적용(보정 +0점). 2027년 미래 기상값은 생성하거나 가정하지 않았습니다.",전망자료 부족,,,0.0,—,기상근거 부족,0,ASOS 공통 조사월 0개에서 기온·습도·강수·풍속의 관측 연관성을 추세 연장분에만 최대 ±3점으로 제한 적용(보정 +0점). 2027년 미래 기상값은 생성하거나 가정하지 않았습니다.,F27-WX1 설명가능 완화추세,"2024·2026 관측자료와 ASOS 공통 조사월의 연관성을 이용한 상대 위험 전망입니다. 2026년은 부분연도이며, 2027년 실제 기상·발생·확률을 확정하지 않습니다."
양파,잎마름병,병해,경상남도,21.0,0.0,0,유지,보통,11,2024·2026,"기준선 비교: 2026 유지 0.0점, 2024·2026 가중평균 7.4점, 선택 모델(완화 추세+표본 축소) 0.0점. 지역 변화 -21.2점을 표본가중치 0.48로 같은 병해충·작물의 지역 중앙 변화 -17.7점 방향에 축소하고, 1년 연장 변화는 ±20점으로 제한했습니다. 양년 자료 있음, 공통 조사단위 5개, 유효 관측 11건, 결측률 0.0%, 단위별 변화 변동성 20.5점. 비교는 가능하지만 표본 또는 변동성에 불확실성이 남습니다. 2024·2026 두 개 연도의 NCPMS 예찰자료만 사용한 상대 위험 전망으로, 기상·재배면적·방제 변화와 2027년 실제 발생을 확정하지 않습니다. ASOS 공통 조사월 3개에서 기온·습도·강수·풍속의 관측 연관성을 추세 연장분에만 최대 ±3점으로 제한 적용(보정 +0점). 2027년 미래 기상값은 생성하거나 가정하지 않았습니다.",관찰,0,0,0.0111,기온,기상 근거 보강,3,ASOS 공통 조사월 3개에서 기온·습도·강수·풍속의 관측 연관성을 추세 연장분에만 최대 ±3점으로 제한 적용(보정 +0점). 2027년 미래 기상값은 생성하거나 가정하지 않았습니다.,F27-WX1 설명가능 완화추세,"2024·2026 관측자료와 ASOS 공통 조사월의 연관성을 이용한 상대 위험 전망입니다. 2026년은 부분연도이며, 2027년 실제 기상·발생·확률을 확정하지 않습니다."
양파,잎마름병,병해,경상북도,27.0,6.0,0,감소,보통,11,2024·2026,"기준선 비교: 2026 유지 5.8점, 2024·2026 가중평균 13.4점, 선택 모델(완화 추세+표본 축소) 0.0점. 지역 변화 -21.7점을 표본가중치 0.48로 같은 병해충·작물의 지역 중앙 변화 -17.7점 방향에 축소하고, 1년 연장 변화는 ±20점으로 제한했습니다. 양년 자료 있음, 공통 조사단위 5개, 유효 관측 11건, 결측률 0.0%, 단위별 변화 변동성 35.7점. 비교는 가능하지만 표본 또는 변동성에 불확실성이 남습니다. 2024·2026 두 개 연도의 NCPMS 예찰자료만 사용한 상대 위험 전망으로, 기상·재배면적·방제 변화와 2027년 실제 발생을 확정하지 않습니다. ASOS 공통 조사월 3개에서 기온·습도·강수·풍속의 관측 연관성을 추세 연장분에만 최대 ±3점으로 제한 적용(보정 +0점). 2027년 미래 기상값은 생성하거나 가정하지 않았습니다.",관찰,0,0,0.0171,기온,기상 근거 보강,3,ASOS 공통 조사월 3개에서 기온·습도·강수·풍속의 관측 연관성을 추세 연장분에만 최대 ±3점으로 제한 적용(보정 +0점). 2027년 미래 기상값은 생성하거나 가정하지 않았습니다.,F27-WX1 설명가능 완화추세,"2024·2026 관측자료와 ASOS 공통 조사월의 연관성을 이용한 상대 위험 전망입니다. 2026년은 부분연도이며, 2027년 실제 기상·발생·확률을 확정하지 않습니다."
양파,잎마름병,병해,대구광역시,29.0,88.0,95,증가,보통,11,2024·2026,"기준선 비교: 2026 유지 88.1점, 2024·2026 가중평균 67.3점, 선택 모델(완화 추세+표본 축소) 94.8점. 지역 변화 +59.4점을 표본가중치 0.48로 같은 병해충·작물의 지역 중앙 변화 -17.7점 방향에 축소하고, 1년 연장 변화는 ±20점으로 제한했습니다. 양년 자료 있음, 공통 조사단위 5개, 유효 관측 11건, 결측률 0.0%, 단위별 변화 변동성 23.7점. 비교는 가능하지만 표본 또는 변동성에 불확실성이 남습니다. 2024·2026 두 개 연도의 NCPMS 예찰자료만 사용한 상대 위험 전망으로, 기상·재배면적·방제 변화와 2027년 실제 발생을 확정하지 않습니다. ASOS 공통 조사월 3개에서 기온·습도·강수·풍속의 관측 연관성을 추세 연장분에만 최대 ±3점으로 제한 적용(보정 +0점). 2027년 미래 기상값은 생성하거나 가정하지 않았습니다.",고위험,95,0,0.0113,기온,기상 근거 보강,3,ASOS 공통 조사월 3개에서 기온·습도·강수·풍속의 관측 연관성을 추세 연장분에만 최대 ±3점으로 제한 적용(보정 +0점). 2027년 미래 기상값은 생성하거나 가정하지 않았습니다.,F27-WX1 설명가능 완화추세,"2024·2026 관측자료와 ASOS 공통 조사월의 연관성을 이용한 상대 위험 전망입니다. 2026년은 부분연도이며, 2027년 실제 기상·발생·확률을 확정하지 않습니다."
양파,잎마름병,병해,전남광주통합특별시,29.0,11.0,5,감소,보통,11,2024·2026,"기준선 비교: 2026 유지 11.3점, 2024·2026 가중평균 17.5점, 선택 모델(완화 추세+표본 축소) 5.1점. 지역 변화 -17.7점을 표본가중치 0.48로 같은 병해충·작물의 지역 중앙 변화 -17.7점 방향에 축소하고, 1년 연장 변화는 ±20점으로 제한했습니다. 양년 자료 있음, 공통 조사단위 5개, 유효 관측 11건, 결측률 0.0%, 단위별 변화 변동성 13.4점. 비교는 가능하지만 표본 또는 변동성에 불확실성이 남습니다. 2024·2026 두 개 연도의 NCPMS 예찰자료만 사용한 상대 위험 전망으로, 기상·재배면적·방제 변화와 2027년 실제 발생을 확정하지 않습니다. ASOS 공통 조사월 3개에서 기온·습도·강수·풍속의 관측 연관성을 추세 연장분에만 최대 ±3점으로 제한 적용(보정 +0점). 2027년 미래 기상값은 생성하거나 가정하지 않았습니다.",관찰,5,0,-0.0086,기온,기상 근거 보강,3,ASOS 공통 조사월 3개에서 기온·습도·강수·풍속의 관측 연관성을 추세 연장분에만 최대 ±3점으로 제한 적용(보정 +0점). 2027년 미래 기상값은 생성하거나 가정하지 않았습니다.,F27-WX1 설명가능 완화추세,"2024·2026 관측자료와 ASOS 공통 조사월의 연관성을 이용한 상대 위험 전망입니다. 2026년은 부분연도이며, 2027년 실제 기상·발생·확률을 확정하지 않습니다."
양파,잎마름병,병해,전북특별자치도,4.0,17.0,16,유지,보통,11,2024·2026,"기준선 비교: 2026 유지 17.3점, 2024·2026 가중평균 12.6점, 선택 모델(완화 추세+표본 축소) 16.3점. 지역 변화 +13.4점을 표본가중치 0.48로 같은 병해충·작물의 지역 중앙 변화 -17.7점 방향에 축소하고, 1년 연장 변화는 ±20점으로 제한했습니다. 양년 자료 있음, 공통 조사단위 5개, 유효 관측 11건, 결측률 0.0%, 단위별 변화 변동성 21.4점. 비교는 가능하지만 표본 또는 변동성에 불확실성이 남습니다. 2024·2026 두 개 연도의 NCPMS 예찰자료만 사용한 상대 위험 전망으로, 기상·재배면적·방제 변화와 2027년 실제 발생을 확정하지 않습니다. ASOS 공통 조사월 3개에서 기온·습도·강수·풍속의 관측 연관성을 추세 연장분에만 최대 ±3점으로 제한 적용(보정 +0점). 2027년 미래 기상값은 생성하거나 가정하지 않았습니다.",관찰,16,0,-0.0169,기온,기상 근거 보강,3,ASOS 공통 조사월 3개에서 기온·습도·강수·풍속의 관측 연관성을 추세 연장분에만 최대 ±3점으로 제한 적용(보정 +0점). 2027년 미래 기상값은 생성하거나 가정하지 않았습니다.,F27-WX1 설명가능 완화추세,"2024·2026 관측자료와 ASOS 공통 조사월의 연관성을 이용한 상대 위험 전망입니다. 2026년은 부분연도이며, 2027년 실제 기상·발생·확률을 확정하지 않습니다."
배,잎말이나방,기타,강원특별자치도,0.0,,,전망자료 부족,낮음,4,2024,"양년 자료 없음, 공통 조사단위 0개, 유효 관측 4건, 결측률 0.0%, 단위별 변화 변동성 100.0점. 제한된 비교 단위 또는 변동성 때문에 보수적으로 낮게 평가합니다. 2024·2026 두 개 연도의 NCPMS 예찰자료만 사용한 상대 위험 전망으로, 기상·재배면적·방제 변화와 2027년 실제 발생을 확정하지 않습니다. ASOS 공통 조사월 0개에서 기온·습도·강수·풍속의 관측 연관성을 추세 연장분에만 최대 ±3점으로 제한 적용(보정 +0점). 2027년 미래 기상값은 생성하거나 가정하지 않았습니다.",전망자료 부족,,,0.0,—,기상근거 부족,0,ASOS 공통 조사월 0개에서 기온·습도·강수·풍속의 관측 연관성을 추세 연장분에만 최대 ±3점으로 제한 적용(보정 +0점). 2027년 미래 기상값은 생성하거나 가정하지 않았습니다.,F27-WX1 설명가능 완화추세,"2024·2026 관측자료와 ASOS 공통 조사월의 연관성을 이용한 상대 위험 전망입니다. 2026년은 부분연도이며, 2027년 실제 기상·발생·확률을 확정하지 않습니다."
배,잎말이나방,기타,경기도,0.0,,,전망자료 부족,낮음,8,2024,"양년 자료 없음, 공통 조사단위 0개, 유효 관측 8건, 결측률 0.0%, 단위별 변화 변동성 100.0점. 제한된 비교 단위 또는 변동성 때문에 보수적으로 낮게 평가합니다. 2024·2026 두 개 연도의 NCPMS 예찰자료만 사용한 상대 위험 전망으로, 기상·재배면적·방제 변화와 2027년 실제 발생을 확정하지 않습니다. ASOS 공통 조사월 0개에서 기온·습도·강수·풍속의 관측 연관성을 추세 연장분에만 최대 ±3점으로 제한 적용(보정 +0점). 2027년 미래 기상값은 생성하거나 가정하지 않았습니다.",전망자료 부족,,,0.0,—,기상근거 부족,0,ASOS 공통 조사월 0개에서 기온·습도·강수·풍속의 관측 연관성을 추세 연장분에만 최대 ±3점으로 제한 적용(보정 +0점). 2027년 미래 기상값은 생성하거나 가정하지 않았습니다.,F27-WX1 설명가능 완화추세,"2024·2026 관측자료와 ASOS 공통 조사월의 연관성을 이용한 상대 위험 전망입니다. 2026년은 부분연도이며, 2027년 실제 기상·발생·확률을 확정하지 않습니다."
배,잎말이나방,기타,경상남도,0.0,,,전망자료 부족,낮음,8,2024,"양년 자료 없음, 공통 조사단위 0개, 유효 관측 8건, 결측률 0.0%, 단위별 변화 변동성 100.0점. 제한된 비교 단위 또는 변동성 때문에 보수적으로 낮게 평가합니다. 2024·2026 두 개 연도의 NCPMS 예찰자료만 사용한 상대 위험 전망으로, 기상·재배면적·방제 변화와 2027년 실제 발생을 확정하지 않습니다. ASOS 공통 조사월 0개에서 기온·습도·강수·풍속의 관측 연관성을 추세 연장분에만 최대 ±3점으로 제한 적용(보정 +0점). 2027년 미래 기상값은 생성하거나 가정하지 않았습니다.",전망자료 부족,,,0.0,—,기상근거 부족,0,ASOS 공통 조사월 0개에서 기온·습도·강수·풍속의 관측 연관성을 추세 연장분에만 최대 ±3점으로 제한 적용(보정 +0점). 2027년 미래 기상값은 생성하거나 가정하지 않았습니다.,F27-WX1 설명가능 완화추세,"2024·2026 관측자료와 ASOS 공통 조사월의 연관성을 이용한 상대 위험 전망입니다. 2026년은 부분연도이며, 2027년 실제 기상·발생·확률을 확정하지 않습니다."
배,잎말이나방,기타,경상북도,0.0,,,전망자료 부족,낮음,8,2024,"양년 자료 없음, 공통 조사단위 0개, 유효 관측 8건, 결측률 0.0%, 단위별 변화 변동성 100.0점. 제한된 비교 단위 또는 변동성 때문에 보수적으로 낮게 평가합니다. 2024·2026 두 개 연도의 NCPMS 예찰자료만 사용한 상대 위험 전망으로, 기상·재배면적·방제 변화와 2027년 실제 발생을 확정하지 않습니다. ASOS 공통 조사월 0개에서 기온·습도·강수·풍속의 관측 연관성을 추세 연장분에만 최대 ±3점으로 제한 적용(보정 +0점). 2027년 미래 기상값은 생성하거나 가정하지 않았습니다.",전망자료 부족,,,0.0,—,기상근거 부족,0,ASOS 공통 조사월 0개에서 기온·습도·강수·풍속의 관측 연관성을 추세 연장분에만 최대 ±3점으로 제한 적용(보정 +0점). 2027년 미래 기상값은 생성하거나 가정하지 않았습니다.,F27-WX1 설명가능 완화추세,"2024·2026 관측자료와 ASOS 공통 조사월의 연관성을 이용한 상대 위험 전망입니다. 2026년은 부분연도이며, 2027년 실제 기상·발생·확률을 확정하지 않습니다."
배,잎말이나방,기타,세종특별자치시,0.0,,,전망자료 부족,낮음,8,2024,"양년 자료 없음, 공통 조사단위 0개, 유효 관측 8건, 결측률 0.0%, 단위별 변화 변동성 100.0점. 제한된 비교 단위 또는 변동성 때문에 보수적으로 낮게 평가합니다. 2024·2026 두 개 연도의 NCPMS 예찰자료만 사용한 상대 위험 전망으로, 기상·재배면적·방제 변화와 2027년 실제 발생을 확정하지 않습니다. ASOS 공통 조사월 0개에서 기온·습도·강수·풍속의 관측 연관성을 추세 연장분에만 최대 ±3점으로 제한 적용(보정 +0점). 2027년 미래 기상값은 생성하거나 가정하지 않았습니다.",전망자료 부족,,,0.0,—,기상근거 부족,0,ASOS 공통 조사월 0개에서 기온·습도·강수·풍속의 관측 연관성을 추세 연장분에만 최대 ±3점으로 제한 적용(보정 +0점). 2027년 미래 기상값은 생성하거나 가정하지 않았습니다.,F27-WX1 설명가능 완화추세,"2024·2026 관측자료와 ASOS 공통 조사월의 연관성을 이용한 상대 위험 전망입니다. 2026년은 부분연도이며, 2027년 실제 기상·발생·확률을 확정하지 않습니다."
배,잎말이나방,기타,울산광역시,0.0,,,전망자료 부족,낮음,8,2024,"양년 자료 없음, 공통 조사단위 0개, 유효 관측 8건, 결측률 0.0%, 단위별 변화 변동성 100.0점. 제한된 비교 단위 또는 변동성 때문에 보수적으로 낮게 평가합니다. 2024·2026 두 개 연도의 NCPMS 예찰자료만 사용한 상대 위험 전망으로, 기상·재배면적·방제 변화와 2027년 실제 발생을 확정하지 않습니다. ASOS 공통 조사월 0개에서 기온·습도·강수·풍속의 관측 연관성을 추세 연장분에만 최대 ±3점으로 제한 적용(보정 +0점). 2027년 미래 기상값은 생성하거나 가정하지 않았습니다.",전망자료 부족,,,0.0,—,기상근거 부족,0,ASOS 공통 조사월 0개에서 기온·습도·강수·풍속의 관측 연관성을 추세 연장분에만 최대 ±3점으로 제한 적용(보정 +0점). 2027년 미래 기상값은 생성하거나 가정하지 않았습니다.,F27-WX1 설명가능 완화추세,"2024·2026 관측자료와 ASOS 공통 조사월의 연관성을 이용한 상대 위험 전망입니다. 2026년은 부분연도이며, 2027년 실제 기상·발생·확률을 확정하지 않습니다."
배,잎말이나방,기타,전남광주통합특별시,0.0,,,전망자료 부족,낮음,8,2024,"양년 자료 없음, 공통 조사단위 0개, 유효 관측 8건, 결측률 0.0%, 단위별 변화 변동성 100.0점. 제한된 비교 단위 또는 변동성 때문에 보수적으로 낮게 평가합니다. 2024·2026 두 개 연도의 NCPMS 예찰자료만 사용한 상대 위험 전망으로, 기상·재배면적·방제 변화와 2027년 실제 발생을 확정하지 않습니다. ASOS 공통 조사월 0개에서 기온·습도·강수·풍속의 관측 연관성을 추세 연장분에만 최대 ±3점으로 제한 적용(보정 +0점). 2027년 미래 기상값은 생성하거나 가정하지 않았습니다.",전망자료 부족,,,0.0,—,기상근거 부족,0,ASOS 공통 조사월 0개에서 기온·습도·강수·풍속의 관측 연관성을 추세 연장분에만 최대 ±3점으로 제한 적용(보정 +0점). 2027년 미래 기상값은 생성하거나 가정하지 않았습니다.,F27-WX1 설명가능 완화추세,"2024·2026 관측자료와 ASOS 공통 조사월의 연관성을 이용한 상대 위험 전망입니다. 2026년은 부분연도이며, 2027년 실제 기상·발생·확률을 확정하지 않습니다."
배,잎말이나방,기타,충청남도,0.0,,,전망자료 부족,낮음,8,2024,"양년 자료 없음, 공통 조사단위 0개, 유효 관측 8건, 결측률 0.0%, 단위별 변화 변동성 100.0점. 제한된 비교 단위 또는 변동성 때문에 보수적으로 낮게 평가합니다. 2024·2026 두 개 연도의 NCPMS 예찰자료만 사용한 상대 위험 전망으로, 기상·재배면적·방제 변화와 2027년 실제 발생을 확정하지 않습니다. ASOS 공통 조사월 0개에서 기온·습도·강수·풍속의 관측 연관성을 추세 연장분에만 최대 ±3점으로 제한 적용(보정 +0점). 2027년 미래 기상값은 생성하거나 가정하지 않았습니다.",전망자료 부족,,,0.0,—,기상근거 부족,0,ASOS 공통 조사월 0개에서 기온·습도·강수·풍속의 관측 연관성을 추세 연장분에만 최대 ±3점으로 제한 적용(보정 +0점). 2027년 미래 기상값은 생성하거나 가정하지 않았습니다.,F27-WX1 설명가능 완화추세,"2024·2026 관측자료와 ASOS 공통 조사월의 연관성을 이용한 상대 위험 전망입니다. 2026년은 부분연도이며, 2027년 실제 기상·발생·확률을 확정하지 않습니다."
배,잎말이나방,기타,충청북도,0.0,,,전망자료 부족,낮음,8,2024,"양년 자료 없음, 공통 조사단위 0개, 유효 관측 8건, 결측률 0.0%, 단위별 변화 변동성 100.0점. 제한된 비교 단위 또는 변동성 때문에 보수적으로 낮게 평가합니다. 2024·2026 두 개 연도의 NCPMS 예찰자료만 사용한 상대 위험 전망으로, 기상·재배면적·방제 변화와 2027년 실제 발생을 확정하지 않습니다. ASOS 공통 조사월 0개에서 기온·습도·강수·풍속의 관측 연관성을 추세 연장분에만 최대 ±3점으로 제한 적용(보정 +0점). 2027년 미래 기상값은 생성하거나 가정하지 않았습니다.",전망자료 부족,,,0.0,—,기상근거 부족,0,ASOS 공통 조사월 0개에서 기온·습도·강수·풍속의 관측 연관성을 추세 연장분에만 최대 ±3점으로 제한 적용(보정 +0점). 2027년 미래 기상값은 생성하거나 가정하지 않았습니다.,F27-WX1 설명가능 완화추세,"2024·2026 관측자료와 ASOS 공통 조사월의 연관성을 이용한 상대 위험 전망입니다. 2026년은 부분연도이며, 2027년 실제 기상·발생·확률을 확정하지 않습니다."
복숭아,잎오갈병,병해,강원특별자치도,,0.0,,전망자료 부족,낮음,7,2026,"양년 자료 없음, 공통 조사단위 0개, 유효 관측 7건, 결측률 0.0%, 단위별 변화 변동성 100.0점. 제한된 비교 단위 또는 변동성 때문에 보수적으로 낮게 평가합니다. 2024·2026 두 개 연도의 NCPMS 예찰자료만 사용한 상대 위험 전망으로, 기상·재배면적·방제 변화와 2027년 실제 발생을 확정하지 않습니다. ASOS 공통 조사월 0개에서 기온·습도·강수·풍속의 관측 연관성을 추세 연장분에만 최대 ±3점으로 제한 적용(보정 +0점). 2027년 미래 기상값은 생성하거나 가정하지 않았습니다.",전망자료 부족,,,0.0,—,기상근거 부족,0,ASOS 공통 조사월 0개에서 기온·습도·강수·풍속의 관측 연관성을 추세 연장분에만 최대 ±3점으로 제한 적용(보정 +0점). 2027년 미래 기상값은 생성하거나 가정하지 않았습니다.,F27-WX1 설명가능 완화추세,"2024·2026 관측자료와 ASOS 공통 조사월의 연관성을 이용한 상대 위험 전망입니다. 2026년은 부분연도이며, 2027년 실제 기상·발생·확률을 확정하지 않습니다."
복숭아,잎오갈병,병해,경기도,,0.0,,전망자료 부족,낮음,7,2026,"양년 자료 없음, 공통 조사단위 0개, 유효 관측 7건, 결측률 0.0%, 단위별 변화 변동성 100.0점. 제한된 비교 단위 또는 변동성 때문에 보수적으로 낮게 평가합니다. 2024·2026 두 개 연도의 NCPMS 예찰자료만 사용한 상대 위험 전망으로, 기상·재배면적·방제 변화와 2027년 실제 발생을 확정하지 않습니다. ASOS 공통 조사월 0개에서 기온·습도·강수·풍속의 관측 연관성을 추세 연장분에만 최대 ±3점으로 제한 적용(보정 +0점). 2027년 미래 기상값은 생성하거나 가정하지 않았습니다.",전망자료 부족,,,0.0,—,기상근거 부족,0,ASOS 공통 조사월 0개에서 기온·습도·강수·풍속의 관측 연관성을 추세 연장분에만 최대 ±3점으로 제한 적용(보정 +0점). 2027년 미래 기상값은 생성하거나 가정하지 않았습니다.,F27-WX1 설명가능 완화추세,"2024·2026 관측자료와 ASOS 공통 조사월의 연관성을 이용한 상대 위험 전망입니다. 2026년은 부분연도이며, 2027년 실제 기상·발생·확률을 확정하지 않습니다."
복숭아,잎오갈병,병해,경상남도,,1.0,,전망자료 부족,낮음,7,2026,"양년 자료 없음, 공통 조사단위 0개, 유효 관측 7건, 결측률 0.0%, 단위별 변화 변동성 100.0점. 제한된 비교 단위 또는 변동성 때문에 보수적으로 낮게 평가합니다. 2024·2026 두 개 연도의 NCPMS 예찰자료만 사용한 상대 위험 전망으로, 기상·재배면적·방제 변화와 2027년 실제 발생을 확정하지 않습니다. ASOS 공통 조사월 0개에서 기온·습도·강수·풍속의 관측 연관성을 추세 연장분에만 최대 ±3점으로 제한 적용(보정 +0점). 2027년 미래 기상값은 생성하거나 가정하지 않았습니다.",전망자료 부족,,,0.0,—,기상근거 부족,0,ASOS 공통 조사월 0개에서 기온·습도·강수·풍속의 관측 연관성을 추세 연장분에만 최대 ±3점으로 제한 적용(보정 +0점). 2027년 미래 기상값은 생성하거나 가정하지 않았습니다.,F27-WX1 설명가능 완화추세,"2024·2026 관측자료와 ASOS 공통 조사월의 연관성을 이용한 상대 위험 전망입니다. 2026년은 부분연도이며, 2027년 실제 기상·발생·확률을 확정하지 않습니다."
복숭아,잎오갈병,병해,경상북도,,0.0,,전망자료 부족,낮음,7,2026,"양년 자료 없음, 공통 조사단위 0개, 유효 관측 7건, 결측률 0.0%, 단위별 변화 변동성 100.0점. 제한된 비교 단위 또는 변동성 때문에 보수적으로 낮게 평가합니다. 2024·2026 두 개 연도의 NCPMS 예찰자료만 사용한 상대 위험 전망으로, 기상·재배면적·방제 변화와 2027년 실제 발생을 확정하지 않습니다. ASOS 공통 조사월 0개에서 기온·습도·강수·풍속의 관측 연관성을 추세 연장분에만 최대 ±3점으로 제한 적용(보정 +0점). 2027년 미래 기상값은 생성하거나 가정하지 않았습니다.",전망자료 부족,,,0.0,—,기상근거 부족,0,ASOS 공통 조사월 0개에서 기온·습도·강수·풍속의 관측 연관성을 추세 연장분에만 최대 ±3점으로 제한 적용(보정 +0점). 2027년 미래 기상값은 생성하거나 가정하지 않았습니다.,F27-WX1 설명가능 완화추세,"2024·2026 관측자료와 ASOS 공통 조사월의 연관성을 이용한 상대 위험 전망입니다. 2026년은 부분연도이며, 2027년 실제 기상·발생·확률을 확정하지 않습니다."
복숭아,잎오갈병,병해,세종특별자치시,,0.0,,전망자료 부족,낮음,6,2026,"양년 자료 없음, 공통 조사단위 0개, 유효 관측 6건, 결측률 0.0%, 단위별 변화 변동성 100.0점. 제한된 비교 단위 또는 변동성 때문에 보수적으로 낮게 평가합니다. 2024·2026 두 개 연도의 NCPMS 예찰자료만 사용한 상대 위험 전망으로, 기상·재배면적·방제 변화와 2027년 실제 발생을 확정하지 않습니다. ASOS 공통 조사월 0개에서 기온·습도·강수·풍속의 관측 연관성을 추세 연장분에만 최대 ±3점으로 제한 적용(보정 +0점). 2027년 미래 기상값은 생성하거나 가정하지 않았습니다.",전망자료 부족,,,0.0,—,기상근거 부족,0,ASOS 공통 조사월 0개에서 기온·습도·강수·풍속의 관측 연관성을 추세 연장분에만 최대 ±3점으로 제한 적용(보정 +0점). 2027년 미래 기상값은 생성하거나 가정하지 않았습니다.,F27-WX1 설명가능 완화추세,"2024·2026 관측자료와 ASOS 공통 조사월의 연관성을 이용한 상대 위험 전망입니다. 2026년은 부분연도이며, 2027년 실제 기상·발생·확률을 확정하지 않습니다."
복숭아,잎오갈병,병해,전남광주통합특별시,,0.0,,전망자료 부족,낮음,7,2026,"양년 자료 없음, 공통 조사단위 0개, 유효 관측 7건, 결측률 0.0%, 단위별 변화 변동성 100.0점. 제한된 비교 단위 또는 변동성 때문에 보수적으로 낮게 평가합니다. 2024·2026 두 개 연도의 NCPMS 예찰자료만 사용한 상대 위험 전망으로, 기상·재배면적·방제 변화와 2027년 실제 발생을 확정하지 않습니다. ASOS 공통 조사월 0개에서 기온·습도·강수·풍속의 관측 연관성을 추세 연장분에만 최대 ±3점으로 제한 적용(보정 +0점). 2027년 미래 기상값은 생성하거나 가정하지 않았습니다.",전망자료 부족,,,0.0,—,기상근거 부족,0,ASOS 공통 조사월 0개에서 기온·습도·강수·풍속의 관측 연관성을 추세 연장분에만 최대 ±3점으로 제한 적용(보정 +0점). 2027년 미래 기상값은 생성하거나 가정하지 않았습니다.,F27-WX1 설명가능 완화추세,"2024·2026 관측자료와 ASOS 공통 조사월의 연관성을 이용한 상대 위험 전망입니다. 2026년은 부분연도이며, 2027년 실제 기상·발생·확률을 확정하지 않습니다."
복숭아,잎오갈병,병해,전북특별자치도,,0.0,,전망자료 부족,낮음,7,2026,"양년 자료 없음, 공통 조사단위 0개, 유효 관측 7건, 결측률 0.0%, 단위별 변화 변동성 100.0점. 제한된 비교 단위 또는 변동성 때문에 보수적으로 낮게 평가합니다. 2024·2026 두 개 연도의 NCPMS 예찰자료만 사용한 상대 위험 전망으로, 기상·재배면적·방제 변화와 2027년 실제 발생을 확정하지 않습니다. ASOS 공통 조사월 0개에서 기온·습도·강수·풍속의 관측 연관성을 추세 연장분에만 최대 ±3점으로 제한 적용(보정 +0점). 2027년 미래 기상값은 생성하거나 가정하지 않았습니다.",전망자료 부족,,,0.0,—,기상근거 부족,0,ASOS 공통 조사월 0개에서 기온·습도·강수·풍속의 관측 연관성을 추세 연장분에만 최대 ±3점으로 제한 적용(보정 +0점). 2027년 미래 기상값은 생성하거나 가정하지 않았습니다.,F27-WX1 설명가능 완화추세,"2024·2026 관측자료와 ASOS 공통 조사월의 연관성을 이용한 상대 위험 전망입니다. 2026년은 부분연도이며, 2027년 실제 기상·발생·확률을 확정하지 않습니다."
복숭아,잎오갈병,병해,충청남도,,14.0,,전망자료 부족,낮음,7,2026,"양년 자료 없음, 공통 조사단위 0개, 유효 관측 7건, 결측률 0.0%, 단위별 변화 변동성 100.0점. 제한된 비교 단위 또는 변동성 때문에 보수적으로 낮게 평가합니다. 2024·2026 두 개 연도의 NCPMS 예찰자료만 사용한 상대 위험 전망으로, 기상·재배면적·방제 변화와 2027년 실제 발생을 확정하지 않습니다. ASOS 공통 조사월 0개에서 기온·습도·강수·풍속의 관측 연관성을 추세 연장분에만 최대 ±3점으로 제한 적용(보정 +0점). 2027년 미래 기상값은 생성하거나 가정하지 않았습니다.",전망자료 부족,,,0.0,—,기상근거 부족,0,ASOS 공통 조사월 0개에서 기온·습도·강수·풍속의 관측 연관성을 추세 연장분에만 최대 ±3점으로 제한 적용(보정 +0점). 2027년 미래 기상값은 생성하거나 가정하지 않았습니다.,F27-WX1 설명가능 완화추세,"2024·2026 관측자료와 ASOS 공통 조사월의 연관성을 이용한 상대 위험 전망입니다. 2026년은 부분연도이며, 2027년 실제 기상·발생·확률을 확정하지 않습니다."
복숭아,잎오갈병,병해,충청북도,,4.0,,전망자료 부족,낮음,7,2026,"양년 자료 없음, 공통 조사단위 0개, 유효 관측 7건, 결측률 0.0%, 단위별 변화 변동성 100.0점. 제한된 비교 단위 또는 변동성 때문에 보수적으로 낮게 평가합니다. 2024·2026 두 개 연도의 NCPMS 예찰자료만 사용한 상대 위험 전망으로, 기상·재배면적·방제 변화와 2027년 실제 발생을 확정하지 않습니다. ASOS 공통 조사월 0개에서 기온·습도·강수·풍속의 관측 연관성을 추세 연장분에만 최대 ±3점으로 제한 적용(보정 +0점). 2027년 미래 기상값은 생성하거나 가정하지 않았습니다.",전망자료 부족,,,0.0,—,기상근거 부족,0,ASOS 공통 조사월 0개에서 기온·습도·강수·풍속의 관측 연관성을 추세 연장분에만 최대 ±3점으로 제한 적용(보정 +0점). 2027년 미래 기상값은 생성하거나 가정하지 않았습니다.,F27-WX1 설명가능 완화추세,"2024·2026 관측자료와 ASOS 공통 조사월의 연관성을 이용한 상대 위험 전망입니다. 2026년은 부분연도이며, 2027년 실제 기상·발생·확률을 확정하지 않습니다."
보리,잎집눈무늬병,병해,경상남도,,0.0,,전망자료 부족,낮음,6,2026,"양년 자료 없음, 공통 조사단위 0개, 유효 관측 6건, 결측률 0.0%, 단위별 변화 변동성 100.0점. 제한된 비교 단위 또는 변동성 때문에 보수적으로 낮게 평가합니다. 2024·2026 두 개 연도의 NCPMS 예찰자료만 사용한 상대 위험 전망으로, 기상·재배면적·방제 변화와 2027년 실제 발생을 확정하지 않습니다. ASOS 공통 조사월 0개에서 기온·습도·강수·풍속의 관측 연관성을 추세 연장분에만 최대 ±3점으로 제한 적용(보정 +0점). 2027년 미래 기상값은 생성하거나 가정하지 않았습니다.",전망자료 부족,,,0.0,—,기상근거 부족,0,ASOS 공통 조사월 0개에서 기온·습도·강수·풍속의 관측 연관성을 추세 연장분에만 최대 ±3점으로 제한 적용(보정 +0점). 2027년 미래 기상값은 생성하거나 가정하지 않았습니다.,F27-WX1 설명가능 완화추세,"2024·2026 관측자료와 ASOS 공통 조사월의 연관성을 이용한 상대 위험 전망입니다. 2026년은 부분연도이며, 2027년 실제 기상·발생·확률을 확정하지 않습니다."
보리,잎집눈무늬병,병해,경상북도,,0.0,,전망자료 부족,낮음,6,2026,"양년 자료 없음, 공통 조사단위 0개, 유효 관측 6건, 결측률 0.0%, 단위별 변화 변동성 100.0점. 제한된 비교 단위 또는 변동성 때문에 보수적으로 낮게 평가합니다. 2024·2026 두 개 연도의 NCPMS 예찰자료만 사용한 상대 위험 전망으로, 기상·재배면적·방제 변화와 2027년 실제 발생을 확정하지 않습니다. ASOS 공통 조사월 0개에서 기온·습도·강수·풍속의 관측 연관성을 추세 연장분에만 최대 ±3점으로 제한 적용(보정 +0점). 2027년 미래 기상값은 생성하거나 가정하지 않았습니다.",전망자료 부족,,,0.0,—,기상근거 부족,0,ASOS 공통 조사월 0개에서 기온·습도·강수·풍속의 관측 연관성을 추세 연장분에만 최대 ±3점으로 제한 적용(보정 +0점). 2027년 미래 기상값은 생성하거나 가정하지 않았습니다.,F27-WX1 설명가능 완화추세,"2024·2026 관측자료와 ASOS 공통 조사월의 연관성을 이용한 상대 위험 전망입니다. 2026년은 부분연도이며, 2027년 실제 기상·발생·확률을 확정하지 않습니다."
보리,잎집눈무늬병,병해,전남광주통합특별시,,50.0,,전망자료 부족,낮음,6,2026,"양년 자료 없음, 공통 조사단위 0개, 유효 관측 6건, 결측률 0.0%, 단위별 변화 변동성 100.0점. 제한된 비교 단위 또는 변동성 때문에 보수적으로 낮게 평가합니다. 2024·2026 두 개 연도의 NCPMS 예찰자료만 사용한 상대 위험 전망으로, 기상·재배면적·방제 변화와 2027년 실제 발생을 확정하지 않습니다. ASOS 공통 조사월 0개에서 기온·습도·강수·풍속의 관측 연관성을 추세 연장분에만 최대 ±3점으로 제한 적용(보정 +0점). 2027년 미래 기상값은 생성하거나 가정하지 않았습니다.",전망자료 부족,,,0.0,—,기상근거 부족,0,ASOS 공통 조사월 0개에서 기온·습도·강수·풍속의 관측 연관성을 추세 연장분에만 최대 ±3점으로 제한 적용(보정 +0점). 2027년 미래 기상값은 생성하거나 가정하지 않았습니다.,F27-WX1 설명가능 완화추세,"2024·2026 관측자료와 ASOS 공통 조사월의 연관성을 이용한 상대 위험 전망입니다. 2026년은 부분연도이며, 2027년 실제 기상·발생·확률을 확정하지 않습니다."
보리,잎집눈무늬병,병해,전북특별자치도,,0.0,,전망자료 부족,낮음,6,2026,"양년 자료 없음, 공통 조사단위 0개, 유효 관측 6건, 결측률 0.0%, 단위별 변화 변동성 100.0점. 제한된 비교 단위 또는 변동성 때문에 보수적으로 낮게 평가합니다. 2024·2026 두 개 연도의 NCPMS 예찰자료만 사용한 상대 위험 전망으로, 기상·재배면적·방제 변화와 2027년 실제 발생을 확정하지 않습니다. ASOS 공통 조사월 0개에서 기온·습도·강수·풍속의 관측 연관성을 추세 연장분에만 최대 ±3점으로 제한 적용(보정 +0점). 2027년 미래 기상값은 생성하거나 가정하지 않았습니다.",전망자료 부족,,,0.0,—,기상근거 부족,0,ASOS 공통 조사월 0개에서 기온·습도·강수·풍속의 관측 연관성을 추세 연장분에만 최대 ±3점으로 제한 적용(보정 +0점). 2027년 미래 기상값은 생성하거나 가정하지 않았습니다.,F27-WX1 설명가능 완화추세,"2024·2026 관측자료와 ASOS 공통 조사월의 연관성을 이용한 상대 위험 전망입니다. 2026년은 부분연도이며, 2027년 실제 기상·발생·확률을 확정하지 않습니다."
보리,잎집눈무늬병,병해,충청남도,,0.0,,전망자료 부족,낮음,6,2026,"양년 자료 없음, 공통 조사단위 0개, 유효 관측 6건, 결측률 0.0%, 단위별 변화 변동성 100.0점. 제한된 비교 단위 또는 변동성 때문에 보수적으로 낮게 평가합니다. 2024·2026 두 개 연도의 NCPMS 예찰자료만 사용한 상대 위험 전망으로, 기상·재배면적·방제 변화와 2027년 실제 발생을 확정하지 않습니다. ASOS 공통 조사월 0개에서 기온·습도·강수·풍속의 관측 연관성을 추세 연장분에만 최대 ±3점으로 제한 적용(보정 +0점). 2027년 미래 기상값은 생성하거나 가정하지 않았습니다.",전망자료 부족,,,0.0,—,기상근거 부족,0,ASOS 공통 조사월 0개에서 기온·습도·강수·풍속의 관측 연관성을 추세 연장분에만 최대 ±3점으로 제한 적용(보정 +0점). 2027년 미래 기상값은 생성하거나 가정하지 않았습니다.,F27-WX1 설명가능 완화추세,"2024·2026 관측자료와 ASOS 공통 조사월의 연관성을 이용한 상대 위험 전망입니다. 2026년은 부분연도이며, 2027년 실제 기상·발생·확률을 확정하지 않습니다."
보리,잎집눈무늬병,병해,충청북도,,0.0,,전망자료 부족,낮음,6,2026,"양년 자료 없음, 공통 조사단위 0개, 유효 관측 6건, 결측률 0.0%, 단위별 변화 변동성 100.0점. 제한된 비교 단위 또는 변동성 때문에 보수적으로 낮게 평가합니다. 2024·2026 두 개 연도의 NCPMS 예찰자료만 사용한 상대 위험 전망으로, 기상·재배면적·방제 변화와 2027년 실제 발생을 확정하지 않습니다. ASOS 공통 조사월 0개에서 기온·습도·강수·풍속의 관측 연관성을 추세 연장분에만 최대 ±3점으로 제한 적용(보정 +0점). 2027년 미래 기상값은 생성하거나 가정하지 않았습니다.",전망자료 부족,,,0.0,—,기상근거 부족,0,ASOS 공통 조사월 0개에서 기온·습도·강수·풍속의 관측 연관성을 추세 연장분에만 최대 ±3점으로 제한 적용(보정 +0점). 2027년 미래 기상값은 생성하거나 가정하지 않았습니다.,F27-WX1 설명가능 완화추세,"2024·2026 관측자료와 ASOS 공통 조사월의 연관성을 이용한 상대 위험 전망입니다. 2026년은 부분연도이며, 2027년 실제 기상·발생·확률을 확정하지 않습니다."
논벼,잎집무늬마름병,병해,강원특별자치도,0.0,17.0,21,유지,보통,32,2024·2026,"기준선 비교: 2026 유지 16.7점, 2024·2026 가중평균 10.8점, 선택 모델(완화 추세+표본 축소) 21.3점. 지역 변화 +16.7점을 표본가중치 0.73로 같은 병해충·작물의 지역 중앙 변화 +3.4점 방향에 축소하고, 1년 연장 변화는 ±20점으로 제한했습니다. 양년 자료 있음, 공통 조사단위 2개, 유효 관측 32건, 결측률 0.0%, 단위별 변화 변동성 0.0점. 비교는 가능하지만 표본 또는 변동성에 불확실성이 남습니다. 2024·2026 두 개 연도의 NCPMS 예찰자료만 사용한 상대 위험 전망으로, 기상·재배면적·방제 변화와 2027년 실제 발생을 확정하지 않습니다. ASOS 공통 조사월 1개에서 기온·습도·강수·풍속의 관측 연관성을 추세 연장분에만 최대 ±3점으로 제한 적용(보정 +0점). 2027년 미래 기상값은 생성하거나 가정하지 않았습니다.",관찰,21,0,0.0502,습도,기상 근거 보강,1,ASOS 공통 조사월 1개에서 기온·습도·강수·풍속의 관측 연관성을 추세 연장분에만 최대 ±3점으로 제한 적용(보정 +0점). 2027년 미래 기상값은 생성하거나 가정하지 않았습니다.,F27-WX1 설명가능 완화추세,"2024·2026 관측자료와 ASOS 공통 조사월의 연관성을 이용한 상대 위험 전망입니다. 2026년은 부분연도이며, 2027년 실제 기상·발생·확률을 확정하지 않습니다."
논벼,잎집무늬마름병,병해,경기도,0.0,9.0,12,유지,보통,36,2024·2026,"기준선 비교: 2026 유지 9.4점, 2024·2026 가중평균 6.1점, 선택 모델(완화 추세+표본 축소) 12.1점. 지역 변화 +9.4점을 표본가중치 0.75로 같은 병해충·작물의 지역 중앙 변화 +3.4점 방향에 축소하고, 1년 연장 변화는 ±20점으로 제한했습니다. 양년 자료 있음, 공통 조사단위 2개, 유효 관측 36건, 결측률 0.0%, 단위별 변화 변동성 0.0점. 비교는 가능하지만 표본 또는 변동성에 불확실성이 남습니다. 2024·2026 두 개 연도의 NCPMS 예찰자료만 사용한 상대 위험 전망으로, 기상·재배면적·방제 변화와 2027년 실제 발생을 확정하지 않습니다. ASOS 공통 조사월 1개에서 기온·습도·강수·풍속의 관측 연관성을 추세 연장분에만 최대 ±3점으로 제한 적용(보정 +0점). 2027년 미래 기상값은 생성하거나 가정하지 않았습니다.",관찰,12,0,-0.0735,습도,기상 근거 보강,1,ASOS 공통 조사월 1개에서 기온·습도·강수·풍속의 관측 연관성을 추세 연장분에만 최대 ±3점으로 제한 적용(보정 +0점). 2027년 미래 기상값은 생성하거나 가정하지 않았습니다.,F27-WX1 설명가능 완화추세,"2024·2026 관측자료와 ASOS 공통 조사월의 연관성을 이용한 상대 위험 전망입니다. 2026년은 부분연도이며, 2027년 실제 기상·발생·확률을 확정하지 않습니다."
논벼,잎집무늬마름병,병해,경상남도,0.0,19.0,24,증가,보통,32,2024·2026,"기준선 비교: 2026 유지 18.8점, 2024·2026 가중평균 12.2점, 선택 모델(완화 추세+표본 축소) 23.9점. 지역 변화 +18.8점을 표본가중치 0.73로 같은 병해충·작물의 지역 중앙 변화 +3.4점 방향에 축소하고, 1년 연장 변화는 ±20점으로 제한했습니다. 양년 자료 있음, 공통 조사단위 2개, 유효 관측 32건, 결측률 0.0%, 단위별 변화 변동성 0.0점. 비교는 가능하지만 표본 또는 변동성에 불확실성이 남습니다. 2024·2026 두 개 연도의 NCPMS 예찰자료만 사용한 상대 위험 전망으로, 기상·재배면적·방제 변화와 2027년 실제 발생을 확정하지 않습니다. ASOS 공통 조사월 1개에서 기온·습도·강수·풍속의 관측 연관성을 추세 연장분에만 최대 ±3점으로 제한 적용(보정 +0점). 2027년 미래 기상값은 생성하거나 가정하지 않았습니다.",관찰,24,0,0.0204,습도,기상 근거 보강,1,ASOS 공통 조사월 1개에서 기온·습도·강수·풍속의 관측 연관성을 추세 연장분에만 최대 ±3점으로 제한 적용(보정 +0점). 2027년 미래 기상값은 생성하거나 가정하지 않았습니다.,F27-WX1 설명가능 완화추세,"2024·2026 관측자료와 ASOS 공통 조사월의 연관성을 이용한 상대 위험 전망입니다. 2026년은 부분연도이며, 2027년 실제 기상·발생·확률을 확정하지 않습니다."
논벼,잎집무늬마름병,병해,경상북도,0.0,0.0,1,유지,보통,32,2024·2026,"기준선 비교: 2026 유지 0.4점, 2024·2026 가중평균 0.2점, 선택 모델(완화 추세+표본 축소) 0.8점. 지역 변화 +0.4점을 표본가중치 0.73로 같은 병해충·작물의 지역 중앙 변화 +3.4점 방향에 축소하고, 1년 연장 변화는 ±20점으로 제한했습니다. 양년 자료 있음, 공통 조사단위 2개, 유효 관측 32건, 결측률 0.0%, 단위별 변화 변동성 0.0점. 비교는 가능하지만 표본 또는 변동성에 불확실성이 남습니다. 2024·2026 두 개 연도의 NCPMS 예찰자료만 사용한 상대 위험 전망으로, 기상·재배면적·방제 변화와 2027년 실제 발생을 확정하지 않습니다. ASOS 공통 조사월 1개에서 기온·습도·강수·풍속의 관측 연관성을 추세 연장분에만 최대 ±3점으로 제한 적용(보정 +0점). 2027년 미래 기상값은 생성하거나 가정하지 않았습니다.",관찰,1,0,0.0346,습도,기상 근거 보강,1,ASOS 공통 조사월 1개에서 기온·습도·강수·풍속의 관측 연관성을 추세 연장분에만 최대 ±3점으로 제한 적용(보정 +0점). 2027년 미래 기상값은 생성하거나 가정하지 않았습니다.,F27-WX1 설명가능 완화추세,"2024·2026 관측자료와 ASOS 공통 조사월의 연관성을 이용한 상대 위험 전망입니다. 2026년은 부분연도이며, 2027년 실제 기상·발생·확률을 확정하지 않습니다."
논벼,잎집무늬마름병,병해,대구광역시,0.0,0.0,0,유지,보통,32,2024·2026,"기준선 비교: 2026 유지 0.0점, 2024·2026 가중평균 0.0점, 선택 모델(완화 추세+표본 축소) 0.3점. 지역 변화 +0.0점을 표본가중치 0.73로 같은 병해충·작물의 지역 중앙 변화 +3.4점 방향에 축소하고, 1년 연장 변화는 ±20점으로 제한했습니다. 양년 자료 있음, 공통 조사단위 2개, 유효 관측 32건, 결측률 0.0%, 단위별 변화 변동성 0.0점. 비교는 가능하지만 표본 또는 변동성에 불확실성이 남습니다. 2024·2026 두 개 연도의 NCPMS 예찰자료만 사용한 상대 위험 전망으로, 기상·재배면적·방제 변화와 2027년 실제 발생을 확정하지 않습니다. ASOS 공통 조사월 1개에서 기온·습도·강수·풍속의 관측 연관성을 추세 연장분에만 최대 ±3점으로 제한 적용(보정 +0점). 2027년 미래 기상값은 생성하거나 가정하지 않았습니다.",관찰,0,0,-0.0062,습도,기상 근거 보강,1,ASOS 공통 조사월 1개에서 기온·습도·강수·풍속의 관측 연관성을 추세 연장분에만 최대 ±3점으로 제한 적용(보정 +0점). 2027년 미래 기상값은 생성하거나 가정하지 않았습니다.,F27-WX1 설명가능 완화추세,"2024·2026 관측자료와 ASOS 공통 조사월의 연관성을 이용한 상대 위험 전망입니다. 2026년은 부분연도이며, 2027년 실제 기상·발생·확률을 확정하지 않습니다."
논벼,잎집무늬마름병,병해,대전광역시,0.0,0.0,0,유지,보통,32,2024·2026,"기준선 비교: 2026 유지 0.0점, 2024·2026 가중평균 0.0점, 선택 모델(완화 추세+표본 축소) 0.3점. 지역 변화 +0.0점을 표본가중치 0.73로 같은 병해충·작물의 지역 중앙 변화 +3.4점 방향에 축소하고, 1년 연장 변화는 ±20점으로 제한했습니다. 양년 자료 있음, 공통 조사단위 2개, 유효 관측 32건, 결측률 0.0%, 단위별 변화 변동성 0.0점. 비교는 가능하지만 표본 또는 변동성에 불확실성이 남습니다. 2024·2026 두 개 연도의 NCPMS 예찰자료만 사용한 상대 위험 전망으로, 기상·재배면적·방제 변화와 2027년 실제 발생을 확정하지 않습니다. ASOS 공통 조사월 1개에서 기온·습도·강수·풍속의 관측 연관성을 추세 연장분에만 최대 ±3점으로 제한 적용(보정 +0점). 2027년 미래 기상값은 생성하거나 가정하지 않았습니다.",관찰,0,0,0.07,습도,기상 근거 보강,1,ASOS 공통 조사월 1개에서 기온·습도·강수·풍속의 관측 연관성을 추세 연장분에만 최대 ±3점으로 제한 적용(보정 +0점). 2027년 미래 기상값은 생성하거나 가정하지 않았습니다.,F27-WX1 설명가능 완화추세,"2024·2026 관측자료와 ASOS 공통 조사월의 연관성을 이용한 상대 위험 전망입니다. 2026년은 부분연도이며, 2027년 실제 기상·발생·확률을 확정하지 않습니다."
논벼,잎집무늬마름병,병해,부산광역시,0.0,0.0,0,유지,보통,32,2024·2026,"기준선 비교: 2026 유지 0.0점, 2024·2026 가중평균 0.0점, 선택 모델(완화 추세+표본 축소) 0.3점. 지역 변화 +0.0점을 표본가중치 0.73로 같은 병해충·작물의 지역 중앙 변화 +3.4점 방향에 축소하고, 1년 연장 변화는 ±20점으로 제한했습니다. 양년 자료 있음, 공통 조사단위 2개, 유효 관측 32건, 결측률 0.0%, 단위별 변화 변동성 0.0점. 비교는 가능하지만 표본 또는 변동성에 불확실성이 남습니다. 2024·2026 두 개 연도의 NCPMS 예찰자료만 사용한 상대 위험 전망으로, 기상·재배면적·방제 변화와 2027년 실제 발생을 확정하지 않습니다. ASOS 공통 조사월 1개에서 기온·습도·강수·풍속의 관측 연관성을 추세 연장분에만 최대 ±3점으로 제한 적용(보정 +0점). 2027년 미래 기상값은 생성하거나 가정하지 않았습니다.",관찰,0,0,0.0042,습도,기상 근거 보강,1,ASOS 공통 조사월 1개에서 기온·습도·강수·풍속의 관측 연관성을 추세 연장분에만 최대 ±3점으로 제한 적용(보정 +0점). 2027년 미래 기상값은 생성하거나 가정하지 않았습니다.,F27-WX1 설명가능 완화추세,"2024·2026 관측자료와 ASOS 공통 조사월의 연관성을 이용한 상대 위험 전망입니다. 2026년은 부분연도이며, 2027년 실제 기상·발생·확률을 확정하지 않습니다."
논벼,잎집무늬마름병,병해,세종특별자치시,0.0,16.0,21,증가,보통,28,2024·2026,"기준선 비교: 2026 유지 16.3점, 2024·2026 가중평균 10.6점, 선택 모델(완화 추세+표본 축소) 20.7점. 지역 변화 +16.3점을 표본가중치 0.70로 같은 병해충·작물의 지역 중앙 변화 +3.4점 방향에 축소하고, 1년 연장 변화는 ±20점으로 제한했습니다. 양년 자료 있음, 공통 조사단위 2개, 유효 관측 28건, 결측률 0.0%, 단위별 변화 변동성 0.0점. 비교는 가능하지만 표본 또는 변동성에 불확실성이 남습니다. 2024·2026 두 개 연도의 NCPMS 예찰자료만 사용한 상대 위험 전망으로, 기상·재배면적·방제 변화와 2027년 실제 발생을 확정하지 않습니다. ASOS 공통 조사월 1개에서 기온·습도·강수·풍속의 관측 연관성을 추세 연장분에만 최대 ±3점으로 제한 적용(보정 +0점). 2027년 미래 기상값은 생성하거나 가정하지 않았습니다.",관찰,21,0,0.0353,습도,기상 근거 보강,1,ASOS 공통 조사월 1개에서 기온·습도·강수·풍속의 관측 연관성을 추세 연장분에만 최대 ±3점으로 제한 적용(보정 +0점). 2027년 미래 기상값은 생성하거나 가정하지 않았습니다.,F27-WX1 설명가능 완화추세,"2024·2026 관측자료와 ASOS 공통 조사월의 연관성을 이용한 상대 위험 전망입니다. 2026년은 부분연도이며, 2027년 실제 기상·발생·확률을 확정하지 않습니다."
논벼,잎집무늬마름병,병해,울산광역시,0.0,0.0,0,유지,보통,32,2024·2026,"기준선 비교: 2026 유지 0.0점, 2024·2026 가중평균 0.0점, 선택 모델(완화 추세+표본 축소) 0.3점. 지역 변화 +0.0점을 표본가중치 0.73로 같은 병해충·작물의 지역 중앙 변화 +3.4점 방향에 축소하고, 1년 연장 변화는 ±20점으로 제한했습니다. 양년 자료 있음, 공통 조사단위 2개, 유효 관측 32건, 결측률 0.0%, 단위별 변화 변동성 0.0점. 비교는 가능하지만 표본 또는 변동성에 불확실성이 남습니다. 2024·2026 두 개 연도의 NCPMS 예찰자료만 사용한 상대 위험 전망으로, 기상·재배면적·방제 변화와 2027년 실제 발생을 확정하지 않습니다. ASOS 공통 조사월 1개에서 기온·습도·강수·풍속의 관측 연관성을 추세 연장분에만 최대 ±3점으로 제한 적용(보정 +0점). 2027년 미래 기상값은 생성하거나 가정하지 않았습니다.",관찰,0,0,0.0352,습도,기상 근거 보강,1,ASOS 공통 조사월 1개에서 기온·습도·강수·풍속의 관측 연관성을 추세 연장분에만 최대 ±3점으로 제한 적용(보정 +0점). 2027년 미래 기상값은 생성하거나 가정하지 않았습니다.,F27-WX1 설명가능 완화추세,"2024·2026 관측자료와 ASOS 공통 조사월의 연관성을 이용한 상대 위험 전망입니다. 2026년은 부분연도이며, 2027년 실제 기상·발생·확률을 확정하지 않습니다."
논벼,잎집무늬마름병,병해,인천광역시,38.0,17.0,12,감소,보통,32,2024·2026,"기준선 비교: 2026 유지 16.7점, 2024·2026 가중평균 24.0점, 선택 모델(완화 추세+표본 축소) 11.7점. 지역 변화 -20.8점을 표본가중치 0.73로 같은 병해충·작물의 지역 중앙 변화 +3.4점 방향에 축소하고, 1년 연장 변화는 ±20점으로 제한했습니다. 양년 자료 있음, 공통 조사단위 2개, 유효 관측 32건, 결측률 0.0%, 단위별 변화 변동성 37.5점. 비교는 가능하지만 표본 또는 변동성에 불확실성이 남습니다. 2024·2026 두 개 연도의 NCPMS 예찰자료만 사용한 상대 위험 전망으로, 기상·재배면적·방제 변화와 2027년 실제 발생을 확정하지 않습니다. ASOS 공통 조사월 1개에서 기온·습도·강수·풍속의 관측 연관성을 추세 연장분에만 최대 ±3점으로 제한 적용(보정 +0점). 2027년 미래 기상값은 생성하거나 가정하지 않았습니다.",관찰,12,0,0.0133,습도,기상 근거 보강,1,ASOS 공통 조사월 1개에서 기온·습도·강수·풍속의 관측 연관성을 추세 연장분에만 최대 ±3점으로 제한 적용(보정 +0점). 2027년 미래 기상값은 생성하거나 가정하지 않았습니다.,F27-WX1 설명가능 완화추세,"2024·2026 관측자료와 ASOS 공통 조사월의 연관성을 이용한 상대 위험 전망입니다. 2026년은 부분연도이며, 2027년 실제 기상·발생·확률을 확정하지 않습니다."
논벼,잎집무늬마름병,병해,전남광주통합특별시,0.0,23.0,30,증가,보통,32,2024·2026,"기준선 비교: 2026 유지 23.4점, 2024·2026 가중평균 15.2점, 선택 모델(완화 추세+표본 축소) 29.6점. 지역 변화 +23.4점을 표본가중치 0.73로 같은 병해충·작물의 지역 중앙 변화 +3.4점 방향에 축소하고, 1년 연장 변화는 ±20점으로 제한했습니다. 양년 자료 있음, 공통 조사단위 2개, 유효 관측 32건, 결측률 0.0%, 단위별 변화 변동성 0.0점. 비교는 가능하지만 표본 또는 변동성에 불확실성이 남습니다. 2024·2026 두 개 연도의 NCPMS 예찰자료만 사용한 상대 위험 전망으로, 기상·재배면적·방제 변화와 2027년 실제 발생을 확정하지 않습니다. ASOS 공통 조사월 1개에서 기온·습도·강수·풍속의 관측 연관성을 추세 연장분에만 최대 ±3점으로 제한 적용(보정 +0점). 2027년 미래 기상값은 생성하거나 가정하지 않았습니다.",관찰,30,0,-0.0368,습도,기상 근거 보강,1,ASOS 공통 조사월 1개에서 기온·습도·강수·풍속의 관측 연관성을 추세 연장분에만 최대 ±3점으로 제한 적용(보정 +0점). 2027년 미래 기상값은 생성하거나 가정하지 않았습니다.,F27-WX1 설명가능 완화추세,"2024·2026 관측자료와 ASOS 공통 조사월의 연관성을 이용한 상대 위험 전망입니다. 2026년은 부분연도이며, 2027년 실제 기상·발생·확률을 확정하지 않습니다."
논벼,잎집무늬마름병,병해,전북특별자치도,0.0,1.0,2,유지,보통,32,2024·2026,"기준선 비교: 2026 유지 1.4점, 2024·2026 가중평균 0.9점, 선택 모델(완화 추세+표본 축소) 2.1점. 지역 변화 +1.4점을 표본가중치 0.73로 같은 병해충·작물의 지역 중앙 변화 +3.4점 방향에 축소하고, 1년 연장 변화는 ±20점으로 제한했습니다. 양년 자료 있음, 공통 조사단위 2개, 유효 관측 32건, 결측률 0.0%, 단위별 변화 변동성 0.0점. 비교는 가능하지만 표본 또는 변동성에 불확실성이 남습니다. 2024·2026 두 개 연도의 NCPMS 예찰자료만 사용한 상대 위험 전망으로, 기상·재배면적·방제 변화와 2027년 실제 발생을 확정하지 않습니다. ASOS 공통 조사월 1개에서 기온·습도·강수·풍속의 관측 연관성을 추세 연장분에만 최대 ±3점으로 제한 적용(보정 +0점). 2027년 미래 기상값은 생성하거나 가정하지 않았습니다.",관찰,2,0,-0.0142,강수량,기상 근거 보강,1,ASOS 공통 조사월 1개에서 기온·습도·강수·풍속의 관측 연관성을 추세 연장분에만 최대 ±3점으로 제한 적용(보정 +0점). 2027년 미래 기상값은 생성하거나 가정하지 않았습니다.,F27-WX1 설명가능 완화추세,"2024·2026 관측자료와 ASOS 공통 조사월의 연관성을 이용한 상대 위험 전망입니다. 2026년은 부분연도이며, 2027년 실제 기상·발생·확률을 확정하지 않습니다."
논벼,잎집무늬마름병,병해,충청남도,0.0,5.0,7,유지,보통,32,2024·2026,"기준선 비교: 2026 유지 5.3점, 2024·2026 가중평균 3.4점, 선택 모델(완화 추세+표본 축소) 7.0점. 지역 변화 +5.3점을 표본가중치 0.73로 같은 병해충·작물의 지역 중앙 변화 +3.4점 방향에 축소하고, 1년 연장 변화는 ±20점으로 제한했습니다. 양년 자료 있음, 공통 조사단위 2개, 유효 관측 32건, 결측률 0.0%, 단위별 변화 변동성 0.0점. 비교는 가능하지만 표본 또는 변동성에 불확실성이 남습니다. 2024·2026 두 개 연도의 NCPMS 예찰자료만 사용한 상대 위험 전망으로, 기상·재배면적·방제 변화와 2027년 실제 발생을 확정하지 않습니다. ASOS 공통 조사월 1개에서 기온·습도·강수·풍속의 관측 연관성을 추세 연장분에만 최대 ±3점으로 제한 적용(보정 +0점). 2027년 미래 기상값은 생성하거나 가정하지 않았습니다.",관찰,7,0,-0.0183,습도,기상 근거 보강,1,ASOS 공통 조사월 1개에서 기온·습도·강수·풍속의 관측 연관성을 추세 연장분에만 최대 ±3점으로 제한 적용(보정 +0점). 2027년 미래 기상값은 생성하거나 가정하지 않았습니다.,F27-WX1 설명가능 완화추세,"2024·2026 관측자료와 ASOS 공통 조사월의 연관성을 이용한 상대 위험 전망입니다. 2026년은 부분연도이며, 2027년 실제 기상·발생·확률을 확정하지 않습니다."
논벼,잎집무늬마름병,병해,충청북도,0.0,14.0,18,유지,보통,36,2024·2026,"기준선 비교: 2026 유지 14.3점, 2024·2026 가중평균 9.3점, 선택 모델(완화 추세+표본 축소) 18.3점. 지역 변화 +14.3점을 표본가중치 0.75로 같은 병해충·작물의 지역 중앙 변화 +3.4점 방향에 축소하고, 1년 연장 변화는 ±20점으로 제한했습니다. 양년 자료 있음, 공통 조사단위 2개, 유효 관측 36건, 결측률 0.0%, 단위별 변화 변동성 0.0점. 비교는 가능하지만 표본 또는 변동성에 불확실성이 남습니다. 2024·2026 두 개 연도의 NCPMS 예찰자료만 사용한 상대 위험 전망으로, 기상·재배면적·방제 변화와 2027년 실제 발생을 확정하지 않습니다. ASOS 공통 조사월 1개에서 기온·습도·강수·풍속의 관측 연관성을 추세 연장분에만 최대 ±3점으로 제한 적용(보정 +0점). 2027년 미래 기상값은 생성하거나 가정하지 않았습니다.",관찰,18,0,-0.0147,기온,기상 근거 보강,1,ASOS 공통 조사월 1개에서 기온·습도·강수·풍속의 관측 연관성을 추세 연장분에만 최대 ±3점으로 제한 적용(보정 +0점). 2027년 미래 기상값은 생성하거나 가정하지 않았습니다.,F27-WX1 설명가능 완화추세,"2024·2026 관측자료와 ASOS 공통 조사월의 연관성을 이용한 상대 위험 전망입니다. 2026년은 부분연도이며, 2027년 실제 기상·발생·확률을 확정하지 않습니다."
마늘,잎집썩음병,기타,강원특별자치도,0.0,,,전망자료 부족,낮음,12,2024,"양년 자료 없음, 공통 조사단위 0개, 유효 관측 12건, 결측률 0.0%, 단위별 변화 변동성 100.0점. 제한된 비교 단위 또는 변동성 때문에 보수적으로 낮게 평가합니다. 2024·2026 두 개 연도의 NCPMS 예찰자료만 사용한 상대 위험 전망으로, 기상·재배면적·방제 변화와 2027년 실제 발생을 확정하지 않습니다. ASOS 공통 조사월 0개에서 기온·습도·강수·풍속의 관측 연관성을 추세 연장분에만 최대 ±3점으로 제한 적용(보정 +0점). 2027년 미래 기상값은 생성하거나 가정하지 않았습니다.",전망자료 부족,,,0.0,—,기상근거 부족,0,ASOS 공통 조사월 0개에서 기온·습도·강수·풍속의 관측 연관성을 추세 연장분에만 최대 ±3점으로 제한 적용(보정 +0점). 2027년 미래 기상값은 생성하거나 가정하지 않았습니다.,F27-WX1 설명가능 완화추세,"2024·2026 관측자료와 ASOS 공통 조사월의 연관성을 이용한 상대 위험 전망입니다. 2026년은 부분연도이며, 2027년 실제 기상·발생·확률을 확정하지 않습니다."
마늘,잎집썩음병,기타,경상남도,25.0,,,전망자료 부족,낮음,12,2024,"양년 자료 없음, 공통 조사단위 0개, 유효 관측 12건, 결측률 0.0%, 단위별 변화 변동성 100.0점. 제한된 비교 단위 또는 변동성 때문에 보수적으로 낮게 평가합니다. 2024·2026 두 개 연도의 NCPMS 예찰자료만 사용한 상대 위험 전망으로, 기상·재배면적·방제 변화와 2027년 실제 발생을 확정하지 않습니다. ASOS 공통 조사월 0개에서 기온·습도·강수·풍속의 관측 연관성을 추세 연장분에만 최대 ±3점으로 제한 적용(보정 +0점). 2027년 미래 기상값은 생성하거나 가정하지 않았습니다.",전망자료 부족,,,0.0,—,기상근거 부족,0,ASOS 공통 조사월 0개에서 기온·습도·강수·풍속의 관측 연관성을 추세 연장분에만 최대 ±3점으로 제한 적용(보정 +0점). 2027년 미래 기상값은 생성하거나 가정하지 않았습니다.,F27-WX1 설명가능 완화추세,"2024·2026 관측자료와 ASOS 공통 조사월의 연관성을 이용한 상대 위험 전망입니다. 2026년은 부분연도이며, 2027년 실제 기상·발생·확률을 확정하지 않습니다."
마늘,잎집썩음병,기타,경상북도,0.0,,,전망자료 부족,낮음,24,2024,"양년 자료 없음, 공통 조사단위 0개, 유효 관측 24건, 결측률 0.0%, 단위별 변화 변동성 100.0점. 제한된 비교 단위 또는 변동성 때문에 보수적으로 낮게 평가합니다. 2024·2026 두 개 연도의 NCPMS 예찰자료만 사용한 상대 위험 전망으로, 기상·재배면적·방제 변화와 2027년 실제 발생을 확정하지 않습니다. ASOS 공통 조사월 0개에서 기온·습도·강수·풍속의 관측 연관성을 추세 연장분에만 최대 ±3점으로 제한 적용(보정 +0점). 2027년 미래 기상값은 생성하거나 가정하지 않았습니다.",전망자료 부족,,,0.0,—,기상근거 부족,0,ASOS 공통 조사월 0개에서 기온·습도·강수·풍속의 관측 연관성을 추세 연장분에만 최대 ±3점으로 제한 적용(보정 +0점). 2027년 미래 기상값은 생성하거나 가정하지 않았습니다.,F27-WX1 설명가능 완화추세,"2024·2026 관측자료와 ASOS 공통 조사월의 연관성을 이용한 상대 위험 전망입니다. 2026년은 부분연도이며, 2027년 실제 기상·발생·확률을 확정하지 않습니다."
마늘,잎집썩음병,기타,대구광역시,0.0,,,전망자료 부족,낮음,24,2024,"양년 자료 없음, 공통 조사단위 0개, 유효 관측 24건, 결측률 0.0%, 단위별 변화 변동성 100.0점. 제한된 비교 단위 또는 변동성 때문에 보수적으로 낮게 평가합니다. 2024·2026 두 개 연도의 NCPMS 예찰자료만 사용한 상대 위험 전망으로, 기상·재배면적·방제 변화와 2027년 실제 발생을 확정하지 않습니다. ASOS 공통 조사월 0개에서 기온·습도·강수·풍속의 관측 연관성을 추세 연장분에만 최대 ±3점으로 제한 적용(보정 +0점). 2027년 미래 기상값은 생성하거나 가정하지 않았습니다.",전망자료 부족,,,0.0,—,기상근거 부족,0,ASOS 공통 조사월 0개에서 기온·습도·강수·풍속의 관측 연관성을 추세 연장분에만 최대 ±3점으로 제한 적용(보정 +0점). 2027년 미래 기상값은 생성하거나 가정하지 않았습니다.,F27-WX1 설명가능 완화추세,"2024·2026 관측자료와 ASOS 공통 조사월의 연관성을 이용한 상대 위험 전망입니다. 2026년은 부분연도이며, 2027년 실제 기상·발생·확률을 확정하지 않습니다."
마늘,잎집썩음병,기타,전남광주통합특별시,14.0,,,전망자료 부족,낮음,12,2024,"양년 자료 없음, 공통 조사단위 0개, 유효 관측 12건, 결측률 0.0%, 단위별 변화 변동성 100.0점. 제한된 비교 단위 또는 변동성 때문에 보수적으로 낮게 평가합니다. 2024·2026 두 개 연도의 NCPMS 예찰자료만 사용한 상대 위험 전망으로, 기상·재배면적·방제 변화와 2027년 실제 발생을 확정하지 않습니다. ASOS 공통 조사월 0개에서 기온·습도·강수·풍속의 관측 연관성을 추세 연장분에만 최대 ±3점으로 제한 적용(보정 +0점). 2027년 미래 기상값은 생성하거나 가정하지 않았습니다.",전망자료 부족,,,0.0,—,기상근거 부족,0,ASOS 공통 조사월 0개에서 기온·습도·강수·풍속의 관측 연관성을 추세 연장분에만 최대 ±3점으로 제한 적용(보정 +0점). 2027년 미래 기상값은 생성하거나 가정하지 않았습니다.,F27-WX1 설명가능 완화추세,"2024·2026 관측자료와 ASOS 공통 조사월의 연관성을 이용한 상대 위험 전망입니다. 2026년은 부분연도이며, 2027년 실제 기상·발생·확률을 확정하지 않습니다."
마늘,잎집썩음병,기타,전북특별자치도,24.0,,,전망자료 부족,낮음,12,2024,"양년 자료 없음, 공통 조사단위 0개, 유효 관측 12건, 결측률 0.0%, 단위별 변화 변동성 100.0점. 제한된 비교 단위 또는 변동성 때문에 보수적으로 낮게 평가합니다. 2024·2026 두 개 연도의 NCPMS 예찰자료만 사용한 상대 위험 전망으로, 기상·재배면적·방제 변화와 2027년 실제 발생을 확정하지 않습니다. ASOS 공통 조사월 0개에서 기온·습도·강수·풍속의 관측 연관성을 추세 연장분에만 최대 ±3점으로 제한 적용(보정 +0점). 2027년 미래 기상값은 생성하거나 가정하지 않았습니다.",전망자료 부족,,,0.0,—,기상근거 부족,0,ASOS 공통 조사월 0개에서 기온·습도·강수·풍속의 관측 연관성을 추세 연장분에만 최대 ±3점으로 제한 적용(보정 +0점). 2027년 미래 기상값은 생성하거나 가정하지 않았습니다.,F27-WX1 설명가능 완화추세,"2024·2026 관측자료와 ASOS 공통 조사월의 연관성을 이용한 상대 위험 전망입니다. 2026년은 부분연도이며, 2027년 실제 기상·발생·확률을 확정하지 않습니다."
마늘,잎집썩음병,기타,충청남도,25.0,,,전망자료 부족,낮음,24,2024,"양년 자료 없음, 공통 조사단위 0개, 유효 관측 24건, 결측률 0.0%, 단위별 변화 변동성 100.0점. 제한된 비교 단위 또는 변동성 때문에 보수적으로 낮게 평가합니다. 2024·2026 두 개 연도의 NCPMS 예찰자료만 사용한 상대 위험 전망으로, 기상·재배면적·방제 변화와 2027년 실제 발생을 확정하지 않습니다. ASOS 공통 조사월 0개에서 기온·습도·강수·풍속의 관측 연관성을 추세 연장분에만 최대 ±3점으로 제한 적용(보정 +0점). 2027년 미래 기상값은 생성하거나 가정하지 않았습니다.",전망자료 부족,,,0.0,—,기상근거 부족,0,ASOS 공통 조사월 0개에서 기온·습도·강수·풍속의 관측 연관성을 추세 연장분에만 최대 ±3점으로 제한 적용(보정 +0점). 2027년 미래 기상값은 생성하거나 가정하지 않았습니다.,F27-WX1 설명가능 완화추세,"2024·2026 관측자료와 ASOS 공통 조사월의 연관성을 이용한 상대 위험 전망입니다. 2026년은 부분연도이며, 2027년 실제 기상·발생·확률을 확정하지 않습니다."
마늘,잎집썩음병,기타,충청북도,0.0,,,전망자료 부족,낮음,12,2024,"양년 자료 없음, 공통 조사단위 0개, 유효 관측 12건, 결측률 0.0%, 단위별 변화 변동성 100.0점. 제한된 비교 단위 또는 변동성 때문에 보수적으로 낮게 평가합니다. 2024·2026 두 개 연도의 NCPMS 예찰자료만 사용한 상대 위험 전망으로, 기상·재배면적·방제 변화와 2027년 실제 발생을 확정하지 않습니다. ASOS 공통 조사월 0개에서 기온·습도·강수·풍속의 관측 연관성을 추세 연장분에만 최대 ±3점으로 제한 적용(보정 +0점). 2027년 미래 기상값은 생성하거나 가정하지 않았습니다.",전망자료 부족,,,0.0,—,기상근거 부족,0,ASOS 공통 조사월 0개에서 기온·습도·강수·풍속의 관측 연관성을 추세 연장분에만 최대 ±3점으로 제한 적용(보정 +0점). 2027년 미래 기상값은 생성하거나 가정하지 않았습니다.,F27-WX1 설명가능 완화추세,"2024·2026 관측자료와 ASOS 공통 조사월의 연관성을 이용한 상대 위험 전망입니다. 2026년은 부분연도이며, 2027년 실제 기상·발생·확률을 확정하지 않습니다."
사과,잿빛곰팡이,기타,강원특별자치도,0.0,,,전망자료 부족,낮음,3,2024,"양년 자료 없음, 공통 조사단위 0개, 유효 관측 3건, 결측률 0.0%, 단위별 변화 변동성 100.0점. 제한된 비교 단위 또는 변동성 때문에 보수적으로 낮게 평가합니다. 2024·2026 두 개 연도의 NCPMS 예찰자료만 사용한 상대 위험 전망으로, 기상·재배면적·방제 변화와 2027년 실제 발생을 확정하지 않습니다. ASOS 공통 조사월 0개에서 기온·습도·강수·풍속의 관측 연관성을 추세 연장분에만 최대 ±3점으로 제한 적용(보정 +0점). 2027년 미래 기상값은 생성하거나 가정하지 않았습니다.",전망자료 부족,,,0.0,—,기상근거 부족,0,ASOS 공통 조사월 0개에서 기온·습도·강수·풍속의 관측 연관성을 추세 연장분에만 최대 ±3점으로 제한 적용(보정 +0점). 2027년 미래 기상값은 생성하거나 가정하지 않았습니다.,F27-WX1 설명가능 완화추세,"2024·2026 관측자료와 ASOS 공통 조사월의 연관성을 이용한 상대 위험 전망입니다. 2026년은 부분연도이며, 2027년 실제 기상·발생·확률을 확정하지 않습니다."
사과,잿빛곰팡이,기타,경기도,0.0,,,전망자료 부족,낮음,3,2024,"양년 자료 없음, 공통 조사단위 0개, 유효 관측 3건, 결측률 0.0%, 단위별 변화 변동성 100.0점. 제한된 비교 단위 또는 변동성 때문에 보수적으로 낮게 평가합니다. 2024·2026 두 개 연도의 NCPMS 예찰자료만 사용한 상대 위험 전망으로, 기상·재배면적·방제 변화와 2027년 실제 발생을 확정하지 않습니다. ASOS 공통 조사월 0개에서 기온·습도·강수·풍속의 관측 연관성을 추세 연장분에만 최대 ±3점으로 제한 적용(보정 +0점). 2027년 미래 기상값은 생성하거나 가정하지 않았습니다.",전망자료 부족,,,0.0,—,기상근거 부족,0,ASOS 공통 조사월 0개에서 기온·습도·강수·풍속의 관측 연관성을 추세 연장분에만 최대 ±3점으로 제한 적용(보정 +0점). 2027년 미래 기상값은 생성하거나 가정하지 않았습니다.,F27-WX1 설명가능 완화추세,"2024·2026 관측자료와 ASOS 공통 조사월의 연관성을 이용한 상대 위험 전망입니다. 2026년은 부분연도이며, 2027년 실제 기상·발생·확률을 확정하지 않습니다."
사과,잿빛곰팡이,기타,경상남도,0.0,,,전망자료 부족,낮음,3,2024,"양년 자료 없음, 공통 조사단위 0개, 유효 관측 3건, 결측률 0.0%, 단위별 변화 변동성 100.0점. 제한된 비교 단위 또는 변동성 때문에 보수적으로 낮게 평가합니다. 2024·2026 두 개 연도의 NCPMS 예찰자료만 사용한 상대 위험 전망으로, 기상·재배면적·방제 변화와 2027년 실제 발생을 확정하지 않습니다. ASOS 공통 조사월 0개에서 기온·습도·강수·풍속의 관측 연관성을 추세 연장분에만 최대 ±3점으로 제한 적용(보정 +0점). 2027년 미래 기상값은 생성하거나 가정하지 않았습니다.",전망자료 부족,,,0.0,—,기상근거 부족,0,ASOS 공통 조사월 0개에서 기온·습도·강수·풍속의 관측 연관성을 추세 연장분에만 최대 ±3점으로 제한 적용(보정 +0점). 2027년 미래 기상값은 생성하거나 가정하지 않았습니다.,F27-WX1 설명가능 완화추세,"2024·2026 관측자료와 ASOS 공통 조사월의 연관성을 이용한 상대 위험 전망입니다. 2026년은 부분연도이며, 2027년 실제 기상·발생·확률을 확정하지 않습니다."
사과,잿빛곰팡이,기타,경상북도,0.0,,,전망자료 부족,낮음,3,2024,"양년 자료 없음, 공통 조사단위 0개, 유효 관측 3건, 결측률 0.0%, 단위별 변화 변동성 100.0점. 제한된 비교 단위 또는 변동성 때문에 보수적으로 낮게 평가합니다. 2024·2026 두 개 연도의 NCPMS 예찰자료만 사용한 상대 위험 전망으로, 기상·재배면적·방제 변화와 2027년 실제 발생을 확정하지 않습니다. ASOS 공통 조사월 0개에서 기온·습도·강수·풍속의 관측 연관성을 추세 연장분에만 최대 ±3점으로 제한 적용(보정 +0점). 2027년 미래 기상값은 생성하거나 가정하지 않았습니다.",전망자료 부족,,,0.0,—,기상근거 부족,0,ASOS 공통 조사월 0개에서 기온·습도·강수·풍속의 관측 연관성을 추세 연장분에만 최대 ±3점으로 제한 적용(보정 +0점). 2027년 미래 기상값은 생성하거나 가정하지 않았습니다.,F27-WX1 설명가능 완화추세,"2024·2026 관측자료와 ASOS 공통 조사월의 연관성을 이용한 상대 위험 전망입니다. 2026년은 부분연도이며, 2027년 실제 기상·발생·확률을 확정하지 않습니다."
사과,잿빛곰팡이,기타,대구광역시,0.0,,,전망자료 부족,낮음,3,2024,"양년 자료 없음, 공통 조사단위 0개, 유효 관측 3건, 결측률 0.0%, 단위별 변화 변동성 100.0점. 제한된 비교 단위 또는 변동성 때문에 보수적으로 낮게 평가합니다. 2024·2026 두 개 연도의 NCPMS 예찰자료만 사용한 상대 위험 전망으로, 기상·재배면적·방제 변화와 2027년 실제 발생을 확정하지 않습니다. ASOS 공통 조사월 0개에서 기온·습도·강수·풍속의 관측 연관성을 추세 연장분에만 최대 ±3점으로 제한 적용(보정 +0점). 2027년 미래 기상값은 생성하거나 가정하지 않았습니다.",전망자료 부족,,,0.0,—,기상근거 부족,0,ASOS 공통 조사월 0개에서 기온·습도·강수·풍속의 관측 연관성을 추세 연장분에만 최대 ±3점으로 제한 적용(보정 +0점). 2027년 미래 기상값은 생성하거나 가정하지 않았습니다.,F27-WX1 설명가능 완화추세,"2024·2026 관측자료와 ASOS 공통 조사월의 연관성을 이용한 상대 위험 전망입니다. 2026년은 부분연도이며, 2027년 실제 기상·발생·확률을 확정하지 않습니다."
사과,잿빛곰팡이,기타,전남광주통합특별시,0.0,,,전망자료 부족,낮음,3,2024,"양년 자료 없음, 공통 조사단위 0개, 유효 관측 3건, 결측률 0.0%, 단위별 변화 변동성 100.0점. 제한된 비교 단위 또는 변동성 때문에 보수적으로 낮게 평가합니다. 2024·2026 두 개 연도의 NCPMS 예찰자료만 사용한 상대 위험 전망으로, 기상·재배면적·방제 변화와 2027년 실제 발생을 확정하지 않습니다. ASOS 공통 조사월 0개에서 기온·습도·강수·풍속의 관측 연관성을 추세 연장분에만 최대 ±3점으로 제한 적용(보정 +0점). 2027년 미래 기상값은 생성하거나 가정하지 않았습니다.",전망자료 부족,,,0.0,—,기상근거 부족,0,ASOS 공통 조사월 0개에서 기온·습도·강수·풍속의 관측 연관성을 추세 연장분에만 최대 ±3점으로 제한 적용(보정 +0점). 2027년 미래 기상값은 생성하거나 가정하지 않았습니다.,F27-WX1 설명가능 완화추세,"2024·2026 관측자료와 ASOS 공통 조사월의 연관성을 이용한 상대 위험 전망입니다. 2026년은 부분연도이며, 2027년 실제 기상·발생·확률을 확정하지 않습니다."
사과,잿빛곰팡이,기타,전북특별자치도,0.0,,,전망자료 부족,낮음,3,2024,"양년 자료 없음, 공통 조사단위 0개, 유효 관측 3건, 결측률 0.0%, 단위별 변화 변동성 100.0점. 제한된 비교 단위 또는 변동성 때문에 보수적으로 낮게 평가합니다. 2024·2026 두 개 연도의 NCPMS 예찰자료만 사용한 상대 위험 전망으로, 기상·재배면적·방제 변화와 2027년 실제 발생을 확정하지 않습니다. ASOS 공통 조사월 0개에서 기온·습도·강수·풍속의 관측 연관성을 추세 연장분에만 최대 ±3점으로 제한 적용(보정 +0점). 2027년 미래 기상값은 생성하거나 가정하지 않았습니다.",전망자료 부족,,,0.0,—,기상근거 부족,0,ASOS 공통 조사월 0개에서 기온·습도·강수·풍속의 관측 연관성을 추세 연장분에만 최대 ±3점으로 제한 적용(보정 +0점). 2027년 미래 기상값은 생성하거나 가정하지 않았습니다.,F27-WX1 설명가능 완화추세,"2024·2026 관측자료와 ASOS 공통 조사월의 연관성을 이용한 상대 위험 전망입니다. 2026년은 부분연도이며, 2027년 실제 기상·발생·확률을 확정하지 않습니다."
사과,잿빛곰팡이,기타,충청남도,0.0,,,전망자료 부족,낮음,3,2024,"양년 자료 없음, 공통 조사단위 0개, 유효 관측 3건, 결측률 0.0%, 단위별 변화 변동성 100.0점. 제한된 비교 단위 또는 변동성 때문에 보수적으로 낮게 평가합니다. 2024·2026 두 개 연도의 NCPMS 예찰자료만 사용한 상대 위험 전망으로, 기상·재배면적·방제 변화와 2027년 실제 발생을 확정하지 않습니다. ASOS 공통 조사월 0개에서 기온·습도·강수·풍속의 관측 연관성을 추세 연장분에만 최대 ±3점으로 제한 적용(보정 +0점). 2027년 미래 기상값은 생성하거나 가정하지 않았습니다.",전망자료 부족,,,0.0,—,기상근거 부족,0,ASOS 공통 조사월 0개에서 기온·습도·강수·풍속의 관측 연관성을 추세 연장분에만 최대 ±3점으로 제한 적용(보정 +0점). 2027년 미래 기상값은 생성하거나 가정하지 않았습니다.,F27-WX1 설명가능 완화추세,"2024·2026 관측자료와 ASOS 공통 조사월의 연관성을 이용한 상대 위험 전망입니다. 2026년은 부분연도이며, 2027년 실제 기상·발생·확률을 확정하지 않습니다."
사과,잿빛곰팡이,기타,충청북도,0.0,,,전망자료 부족,낮음,3,2024,"양년 자료 없음, 공통 조사단위 0개, 유효 관측 3건, 결측률 0.0%, 단위별 변화 변동성 100.0점. 제한된 비교 단위 또는 변동성 때문에 보수적으로 낮게 평가합니다. 2024·2026 두 개 연도의 NCPMS 예찰자료만 사용한 상대 위험 전망으로, 기상·재배면적·방제 변화와 2027년 실제 발생을 확정하지 않습니다. ASOS 공통 조사월 0개에서 기온·습도·강수·풍속의 관측 연관성을 추세 연장분에만 최대 ±3점으로 제한 적용(보정 +0점). 2027년 미래 기상값은 생성하거나 가정하지 않았습니다.",전망자료 부족,,,0.0,—,기상근거 부족,0,ASOS 공통 조사월 0개에서 기온·습도·강수·풍속의 관측 연관성을 추세 연장분에만 최대 ±3점으로 제한 적용(보정 +0점). 2027년 미래 기상값은 생성하거나 가정하지 않았습니다.,F27-WX1 설명가능 완화추세,"2024·2026 관측자료와 ASOS 공통 조사월의 연관성을 이용한 상대 위험 전망입니다. 2026년은 부분연도이며, 2027년 실제 기상·발생·확률을 확정하지 않습니다."
사과,점무늬낙엽병,병해,강원특별자치도,0.0,40.0,46,증가,보통,9,2024·2026,"기준선 비교: 2026 유지 40.3점, 2024·2026 가중평균 26.2점, 선택 모델(완화 추세+표본 축소) 46.0점. 지역 변화 +40.3점을 표본가중치 0.43로 같은 병해충·작물의 지역 중앙 변화 -2.0점 방향에 축소하고, 1년 연장 변화는 ±20점으로 제한했습니다. 양년 자료 있음, 공통 조사단위 3개, 유효 관측 9건, 결측률 0.0%, 단위별 변화 변동성 24.0점. 비교는 가능하지만 표본 또는 변동성에 불확실성이 남습니다. 2024·2026 두 개 연도의 NCPMS 예찰자료만 사용한 상대 위험 전망으로, 기상·재배면적·방제 변화와 2027년 실제 발생을 확정하지 않습니다. ASOS 공통 조사월 2개에서 기온·습도·강수·풍속의 관측 연관성을 추세 연장분에만 최대 ±3점으로 제한 적용(보정 +0점). 2027년 미래 기상값은 생성하거나 가정하지 않았습니다.",주의,46,0,0.0274,습도,기상 근거 보강,2,ASOS 공통 조사월 2개에서 기온·습도·강수·풍속의 관측 연관성을 추세 연장분에만 최대 ±3점으로 제한 적용(보정 +0점). 2027년 미래 기상값은 생성하거나 가정하지 않았습니다.,F27-WX1 설명가능 완화추세,"2024·2026 관측자료와 ASOS 공통 조사월의 연관성을 이용한 상대 위험 전망입니다. 2026년은 부분연도이며, 2027년 실제 기상·발생·확률을 확정하지 않습니다."
사과,점무늬낙엽병,병해,경기도,0.0,3.0,4,유지,보통,9,2024·2026,"기준선 비교: 2026 유지 3.5점, 2024·2026 가중평균 2.3점, 선택 모델(완화 추세+표본 축소) 3.6점. 지역 변화 +3.5점을 표본가중치 0.43로 같은 병해충·작물의 지역 중앙 변화 -2.0점 방향에 축소하고, 1년 연장 변화는 ±20점으로 제한했습니다. 양년 자료 있음, 공통 조사단위 3개, 유효 관측 9건, 결측률 0.0%, 단위별 변화 변동성 0.0점. 비교는 가능하지만 표본 또는 변동성에 불확실성이 남습니다. 2024·2026 두 개 연도의 NCPMS 예찰자료만 사용한 상대 위험 전망으로, 기상·재배면적·방제 변화와 2027년 실제 발생을 확정하지 않습니다. ASOS 공통 조사월 2개에서 기온·습도·강수·풍속의 관측 연관성을 추세 연장분에만 최대 ±3점으로 제한 적용(보정 +0점). 2027년 미래 기상값은 생성하거나 가정하지 않았습니다.",관찰,4,0,-0.0309,습도,기상 근거 보강,2,ASOS 공통 조사월 2개에서 기온·습도·강수·풍속의 관측 연관성을 추세 연장분에만 최대 ±3점으로 제한 적용(보정 +0점). 2027년 미래 기상값은 생성하거나 가정하지 않았습니다.,F27-WX1 설명가능 완화추세,"2024·2026 관측자료와 ASOS 공통 조사월의 연관성을 이용한 상대 위험 전망입니다. 2026년은 부분연도이며, 2027년 실제 기상·발생·확률을 확정하지 않습니다."
사과,점무늬낙엽병,병해,경상남도,4.0,0.0,0,유지,보통,9,2024·2026,"기준선 비교: 2026 유지 0.0점, 2024·2026 가중평균 1.4점, 선택 모델(완화 추세+표본 축소) 0.0점. 지역 변화 -4.1점을 표본가중치 0.43로 같은 병해충·작물의 지역 중앙 변화 -2.0점 방향에 축소하고, 1년 연장 변화는 ±20점으로 제한했습니다. 양년 자료 있음, 공통 조사단위 3개, 유효 관측 9건, 결측률 0.0%, 단위별 변화 변동성 3.8점. 비교는 가능하지만 표본 또는 변동성에 불확실성이 남습니다. 2024·2026 두 개 연도의 NCPMS 예찰자료만 사용한 상대 위험 전망으로, 기상·재배면적·방제 변화와 2027년 실제 발생을 확정하지 않습니다. ASOS 공통 조사월 2개에서 기온·습도·강수·풍속의 관측 연관성을 추세 연장분에만 최대 ±3점으로 제한 적용(보정 +0점). 2027년 미래 기상값은 생성하거나 가정하지 않았습니다.",관찰,0,0,-0.0012,강수량,기상 근거 보강,2,ASOS 공통 조사월 2개에서 기온·습도·강수·풍속의 관측 연관성을 추세 연장분에만 최대 ±3점으로 제한 적용(보정 +0점). 2027년 미래 기상값은 생성하거나 가정하지 않았습니다.,F27-WX1 설명가능 완화추세,"2024·2026 관측자료와 ASOS 공통 조사월의 연관성을 이용한 상대 위험 전망입니다. 2026년은 부분연도이며, 2027년 실제 기상·발생·확률을 확정하지 않습니다."
사과,점무늬낙엽병,병해,경상북도,9.0,9.0,9,유지,보통,9,2024·2026,"기준선 비교: 2026 유지 9.0점, 2024·2026 가중평균 8.9점, 선택 모델(완화 추세+표본 축소) 8.6점. 지역 변화 +0.1점을 표본가중치 0.43로 같은 병해충·작물의 지역 중앙 변화 -2.0점 방향에 축소하고, 1년 연장 변화는 ±20점으로 제한했습니다. 양년 자료 있음, 공통 조사단위 3개, 유효 관측 9건, 결측률 0.0%, 단위별 변화 변동성 7.0점. 비교는 가능하지만 표본 또는 변동성에 불확실성이 남습니다. 2024·2026 두 개 연도의 NCPMS 예찰자료만 사용한 상대 위험 전망으로, 기상·재배면적·방제 변화와 2027년 실제 발생을 확정하지 않습니다. ASOS 공통 조사월 2개에서 기온·습도·강수·풍속의 관측 연관성을 추세 연장분에만 최대 ±3점으로 제한 적용(보정 +0점). 2027년 미래 기상값은 생성하거나 가정하지 않았습니다.",관찰,9,0,0.0196,습도,기상 근거 보강,2,ASOS 공통 조사월 2개에서 기온·습도·강수·풍속의 관측 연관성을 추세 연장분에만 최대 ±3점으로 제한 적용(보정 +0점). 2027년 미래 기상값은 생성하거나 가정하지 않았습니다.,F27-WX1 설명가능 완화추세,"2024·2026 관측자료와 ASOS 공통 조사월의 연관성을 이용한 상대 위험 전망입니다. 2026년은 부분연도이며, 2027년 실제 기상·발생·확률을 확정하지 않습니다."
사과,점무늬낙엽병,병해,대구광역시,7.0,,,전망자료 부족,낮음,3,2024,"양년 자료 없음, 공통 조사단위 0개, 유효 관측 3건, 결측률 0.0%, 단위별 변화 변동성 100.0점. 제한된 비교 단위 또는 변동성 때문에 보수적으로 낮게 평가합니다. 2024·2026 두 개 연도의 NCPMS 예찰자료만 사용한 상대 위험 전망으로, 기상·재배면적·방제 변화와 2027년 실제 발생을 확정하지 않습니다. ASOS 공통 조사월 0개에서 기온·습도·강수·풍속의 관측 연관성을 추세 연장분에만 최대 ±3점으로 제한 적용(보정 +0점). 2027년 미래 기상값은 생성하거나 가정하지 않았습니다.",전망자료 부족,,,0.0,—,기상근거 부족,0,ASOS 공통 조사월 0개에서 기온·습도·강수·풍속의 관측 연관성을 추세 연장분에만 최대 ±3점으로 제한 적용(보정 +0점). 2027년 미래 기상값은 생성하거나 가정하지 않았습니다.,F27-WX1 설명가능 완화추세,"2024·2026 관측자료와 ASOS 공통 조사월의 연관성을 이용한 상대 위험 전망입니다. 2026년은 부분연도이며, 2027년 실제 기상·발생·확률을 확정하지 않습니다."
사과,점무늬낙엽병,병해,전남광주통합특별시,94.0,60.0,55,감소,보통,8,2024·2026,"기준선 비교: 2026 유지 60.0점, 2024·2026 가중평균 71.8점, 선택 모델(완화 추세+표본 축소) 54.9점. 지역 변화 -33.8점을 표본가중치 0.40로 같은 병해충·작물의 지역 중앙 변화 -2.0점 방향에 축소하고, 1년 연장 변화는 ±20점으로 제한했습니다. 양년 자료 있음, 공통 조사단위 2개, 유효 관측 8건, 결측률 0.0%, 단위별 변화 변동성 0.0점. 비교는 가능하지만 표본 또는 변동성에 불확실성이 남습니다. 2024·2026 두 개 연도의 NCPMS 예찰자료만 사용한 상대 위험 전망으로, 기상·재배면적·방제 변화와 2027년 실제 발생을 확정하지 않습니다. ASOS 공통 조사월 2개에서 기온·습도·강수·풍속의 관측 연관성을 추세 연장분에만 최대 ±3점으로 제한 적용(보정 +0점). 2027년 미래 기상값은 생성하거나 가정하지 않았습니다.",주의,55,0,-0.0115,강수량,기상 근거 보강,2,ASOS 공통 조사월 2개에서 기온·습도·강수·풍속의 관측 연관성을 추세 연장분에만 최대 ±3점으로 제한 적용(보정 +0점). 2027년 미래 기상값은 생성하거나 가정하지 않았습니다.,F27-WX1 설명가능 완화추세,"2024·2026 관측자료와 ASOS 공통 조사월의 연관성을 이용한 상대 위험 전망입니다. 2026년은 부분연도이며, 2027년 실제 기상·발생·확률을 확정하지 않습니다."
사과,점무늬낙엽병,병해,전북특별자치도,21.0,3.0,0,유지,보통,9,2024·2026,"기준선 비교: 2026 유지 2.6점, 2024·2026 가중평균 9.2점, 선택 모델(완화 추세+표본 축소) 0.0점. 지역 변화 -18.8점을 표본가중치 0.43로 같은 병해충·작물의 지역 중앙 변화 -2.0점 방향에 축소하고, 1년 연장 변화는 ±20점으로 제한했습니다. 양년 자료 있음, 공통 조사단위 3개, 유효 관측 9건, 결측률 0.0%, 단위별 변화 변동성 15.2점. 비교는 가능하지만 표본 또는 변동성에 불확실성이 남습니다. 2024·2026 두 개 연도의 NCPMS 예찰자료만 사용한 상대 위험 전망으로, 기상·재배면적·방제 변화와 2027년 실제 발생을 확정하지 않습니다. ASOS 공통 조사월 2개에서 기온·습도·강수·풍속의 관측 연관성을 추세 연장분에만 최대 ±3점으로 제한 적용(보정 +0점). 2027년 미래 기상값은 생성하거나 가정하지 않았습니다.",관찰,0,0,0.0023,강수량,기상 근거 보강,2,ASOS 공통 조사월 2개에서 기온·습도·강수·풍속의 관측 연관성을 추세 연장분에만 최대 ±3점으로 제한 적용(보정 +0점). 2027년 미래 기상값은 생성하거나 가정하지 않았습니다.,F27-WX1 설명가능 완화추세,"2024·2026 관측자료와 ASOS 공통 조사월의 연관성을 이용한 상대 위험 전망입니다. 2026년은 부분연도이며, 2027년 실제 기상·발생·확률을 확정하지 않습니다."
사과,점무늬낙엽병,병해,충청남도,11.0,6.0,5,유지,보통,9,2024·2026,"기준선 비교: 2026 유지 6.4점, 2024·2026 가중평균 8.1점, 선택 모델(완화 추세+표본 축소) 5.3점. 지역 변화 -4.9점을 표본가중치 0.43로 같은 병해충·작물의 지역 중앙 변화 -2.0점 방향에 축소하고, 1년 연장 변화는 ±20점으로 제한했습니다. 양년 자료 있음, 공통 조사단위 3개, 유효 관측 9건, 결측률 0.0%, 단위별 변화 변동성 5.9점. 비교는 가능하지만 표본 또는 변동성에 불확실성이 남습니다. 2024·2026 두 개 연도의 NCPMS 예찰자료만 사용한 상대 위험 전망으로, 기상·재배면적·방제 변화와 2027년 실제 발생을 확정하지 않습니다. ASOS 공통 조사월 2개에서 기온·습도·강수·풍속의 관측 연관성을 추세 연장분에만 최대 ±3점으로 제한 적용(보정 +0점). 2027년 미래 기상값은 생성하거나 가정하지 않았습니다.",관찰,5,0,0.0017,기온,기상 근거 보강,2,ASOS 공통 조사월 2개에서 기온·습도·강수·풍속의 관측 연관성을 추세 연장분에만 최대 ±3점으로 제한 적용(보정 +0점). 2027년 미래 기상값은 생성하거나 가정하지 않았습니다.,F27-WX1 설명가능 완화추세,"2024·2026 관측자료와 ASOS 공통 조사월의 연관성을 이용한 상대 위험 전망입니다. 2026년은 부분연도이며, 2027년 실제 기상·발생·확률을 확정하지 않습니다."
사과,점무늬낙엽병,병해,충청북도,13.0,21.0,22,유지,보통,9,2024·2026,"기준선 비교: 2026 유지 21.3점, 2024·2026 가중평균 18.3점, 선택 모델(완화 추세+표본 축소) 22.2점. 지역 변화 +8.5점을 표본가중치 0.43로 같은 병해충·작물의 지역 중앙 변화 -2.0점 방향에 축소하고, 1년 연장 변화는 ±20점으로 제한했습니다. 양년 자료 있음, 공통 조사단위 3개, 유효 관측 9건, 결측률 0.0%, 단위별 변화 변동성 6.1점. 비교는 가능하지만 표본 또는 변동성에 불확실성이 남습니다. 2024·2026 두 개 연도의 NCPMS 예찰자료만 사용한 상대 위험 전망으로, 기상·재배면적·방제 변화와 2027년 실제 발생을 확정하지 않습니다. ASOS 공통 조사월 2개에서 기온·습도·강수·풍속의 관측 연관성을 추세 연장분에만 최대 ±3점으로 제한 적용(보정 +0점). 2027년 미래 기상값은 생성하거나 가정하지 않았습니다.",관찰,22,0,-0.005,기온,기상 근거 보강,2,ASOS 공통 조사월 2개에서 기온·습도·강수·풍속의 관측 연관성을 추세 연장분에만 최대 ±3점으로 제한 적용(보정 +0점). 2027년 미래 기상값은 생성하거나 가정하지 않았습니다.,F27-WX1 설명가능 완화추세,"2024·2026 관측자료와 ASOS 공통 조사월의 연관성을 이용한 상대 위험 전망입니다. 2026년은 부분연도이며, 2027년 실제 기상·발생·확률을 확정하지 않습니다."
콩,점무늬병,병해,강원특별자치도,,0.0,,전망자료 부족,낮음,5,2026,"양년 자료 없음, 공통 조사단위 0개, 유효 관측 5건, 결측률 0.0%, 단위별 변화 변동성 100.0점. 제한된 비교 단위 또는 변동성 때문에 보수적으로 낮게 평가합니다. 2024·2026 두 개 연도의 NCPMS 예찰자료만 사용한 상대 위험 전망으로, 기상·재배면적·방제 변화와 2027년 실제 발생을 확정하지 않습니다. ASOS 공통 조사월 0개에서 기온·습도·강수·풍속의 관측 연관성을 추세 연장분에만 최대 ±3점으로 제한 적용(보정 +0점). 2027년 미래 기상값은 생성하거나 가정하지 않았습니다.",전망자료 부족,,,0.0,—,기상근거 부족,0,ASOS 공통 조사월 0개에서 기온·습도·강수·풍속의 관측 연관성을 추세 연장분에만 최대 ±3점으로 제한 적용(보정 +0점). 2027년 미래 기상값은 생성하거나 가정하지 않았습니다.,F27-WX1 설명가능 완화추세,"2024·2026 관측자료와 ASOS 공통 조사월의 연관성을 이용한 상대 위험 전망입니다. 2026년은 부분연도이며, 2027년 실제 기상·발생·확률을 확정하지 않습니다."
콩,점무늬병,병해,경기도,,20.0,,전망자료 부족,낮음,5,2026,"양년 자료 없음, 공통 조사단위 0개, 유효 관측 5건, 결측률 0.0%, 단위별 변화 변동성 100.0점. 제한된 비교 단위 또는 변동성 때문에 보수적으로 낮게 평가합니다. 2024·2026 두 개 연도의 NCPMS 예찰자료만 사용한 상대 위험 전망으로, 기상·재배면적·방제 변화와 2027년 실제 발생을 확정하지 않습니다. ASOS 공통 조사월 0개에서 기온·습도·강수·풍속의 관측 연관성을 추세 연장분에만 최대 ±3점으로 제한 적용(보정 +0점). 2027년 미래 기상값은 생성하거나 가정하지 않았습니다.",전망자료 부족,,,0.0,—,기상근거 부족,0,ASOS 공통 조사월 0개에서 기온·습도·강수·풍속의 관측 연관성을 추세 연장분에만 최대 ±3점으로 제한 적용(보정 +0점). 2027년 미래 기상값은 생성하거나 가정하지 않았습니다.,F27-WX1 설명가능 완화추세,"2024·2026 관측자료와 ASOS 공통 조사월의 연관성을 이용한 상대 위험 전망입니다. 2026년은 부분연도이며, 2027년 실제 기상·발생·확률을 확정하지 않습니다."
콩,점무늬병,병해,경상남도,,0.0,,전망자료 부족,낮음,5,2026,"양년 자료 없음, 공통 조사단위 0개, 유효 관측 5건, 결측률 0.0%, 단위별 변화 변동성 100.0점. 제한된 비교 단위 또는 변동성 때문에 보수적으로 낮게 평가합니다. 2024·2026 두 개 연도의 NCPMS 예찰자료만 사용한 상대 위험 전망으로, 기상·재배면적·방제 변화와 2027년 실제 발생을 확정하지 않습니다. ASOS 공통 조사월 0개에서 기온·습도·강수·풍속의 관측 연관성을 추세 연장분에만 최대 ±3점으로 제한 적용(보정 +0점). 2027년 미래 기상값은 생성하거나 가정하지 않았습니다.",전망자료 부족,,,0.0,—,기상근거 부족,0,ASOS 공통 조사월 0개에서 기온·습도·강수·풍속의 관측 연관성을 추세 연장분에만 최대 ±3점으로 제한 적용(보정 +0점). 2027년 미래 기상값은 생성하거나 가정하지 않았습니다.,F27-WX1 설명가능 완화추세,"2024·2026 관측자료와 ASOS 공통 조사월의 연관성을 이용한 상대 위험 전망입니다. 2026년은 부분연도이며, 2027년 실제 기상·발생·확률을 확정하지 않습니다."
콩,점무늬병,병해,경상북도,,0.0,,전망자료 부족,낮음,5,2026,"양년 자료 없음, 공통 조사단위 0개, 유효 관측 5건, 결측률 0.0%, 단위별 변화 변동성 100.0점. 제한된 비교 단위 또는 변동성 때문에 보수적으로 낮게 평가합니다. 2024·2026 두 개 연도의 NCPMS 예찰자료만 사용한 상대 위험 전망으로, 기상·재배면적·방제 변화와 2027년 실제 발생을 확정하지 않습니다. ASOS 공통 조사월 0개에서 기온·습도·강수·풍속의 관측 연관성을 추세 연장분에만 최대 ±3점으로 제한 적용(보정 +0점). 2027년 미래 기상값은 생성하거나 가정하지 않았습니다.",전망자료 부족,,,0.0,—,기상근거 부족,0,ASOS 공통 조사월 0개에서 기온·습도·강수·풍속의 관측 연관성을 추세 연장분에만 최대 ±3점으로 제한 적용(보정 +0점). 2027년 미래 기상값은 생성하거나 가정하지 않았습니다.,F27-WX1 설명가능 완화추세,"2024·2026 관측자료와 ASOS 공통 조사월의 연관성을 이용한 상대 위험 전망입니다. 2026년은 부분연도이며, 2027년 실제 기상·발생·확률을 확정하지 않습니다."
콩,점무늬병,병해,전남광주통합특별시,,20.0,,전망자료 부족,낮음,5,2026,"양년 자료 없음, 공통 조사단위 0개, 유효 관측 5건, 결측률 0.0%, 단위별 변화 변동성 100.0점. 제한된 비교 단위 또는 변동성 때문에 보수적으로 낮게 평가합니다. 2024·2026 두 개 연도의 NCPMS 예찰자료만 사용한 상대 위험 전망으로, 기상·재배면적·방제 변화와 2027년 실제 발생을 확정하지 않습니다. ASOS 공통 조사월 0개에서 기온·습도·강수·풍속의 관측 연관성을 추세 연장분에만 최대 ±3점으로 제한 적용(보정 +0점). 2027년 미래 기상값은 생성하거나 가정하지 않았습니다.",전망자료 부족,,,0.0,—,기상근거 부족,0,ASOS 공통 조사월 0개에서 기온·습도·강수·풍속의 관측 연관성을 추세 연장분에만 최대 ±3점으로 제한 적용(보정 +0점). 2027년 미래 기상값은 생성하거나 가정하지 않았습니다.,F27-WX1 설명가능 완화추세,"2024·2026 관측자료와 ASOS 공통 조사월의 연관성을 이용한 상대 위험 전망입니다. 2026년은 부분연도이며, 2027년 실제 기상·발생·확률을 확정하지 않습니다."
콩,점무늬병,병해,전북특별자치도,,0.0,,전망자료 부족,낮음,5,2026,"양년 자료 없음, 공통 조사단위 0개, 유효 관측 5건, 결측률 0.0%, 단위별 변화 변동성 100.0점. 제한된 비교 단위 또는 변동성 때문에 보수적으로 낮게 평가합니다. 2024·2026 두 개 연도의 NCPMS 예찰자료만 사용한 상대 위험 전망으로, 기상·재배면적·방제 변화와 2027년 실제 발생을 확정하지 않습니다. ASOS 공통 조사월 0개에서 기온·습도·강수·풍속의 관측 연관성을 추세 연장분에만 최대 ±3점으로 제한 적용(보정 +0점). 2027년 미래 기상값은 생성하거나 가정하지 않았습니다.",전망자료 부족,,,0.0,—,기상근거 부족,0,ASOS 공통 조사월 0개에서 기온·습도·강수·풍속의 관측 연관성을 추세 연장분에만 최대 ±3점으로 제한 적용(보정 +0점). 2027년 미래 기상값은 생성하거나 가정하지 않았습니다.,F27-WX1 설명가능 완화추세,"2024·2026 관측자료와 ASOS 공통 조사월의 연관성을 이용한 상대 위험 전망입니다. 2026년은 부분연도이며, 2027년 실제 기상·발생·확률을 확정하지 않습니다."
콩,점무늬병,병해,제주특별자치도,,0.0,,전망자료 부족,낮음,5,2026,"양년 자료 없음, 공통 조사단위 0개, 유효 관측 5건, 결측률 0.0%, 단위별 변화 변동성 100.0점. 제한된 비교 단위 또는 변동성 때문에 보수적으로 낮게 평가합니다. 2024·2026 두 개 연도의 NCPMS 예찰자료만 사용한 상대 위험 전망으로, 기상·재배면적·방제 변화와 2027년 실제 발생을 확정하지 않습니다. ASOS 공통 조사월 0개에서 기온·습도·강수·풍속의 관측 연관성을 추세 연장분에만 최대 ±3점으로 제한 적용(보정 +0점). 2027년 미래 기상값은 생성하거나 가정하지 않았습니다.",전망자료 부족,,,0.0,—,기상근거 부족,0,ASOS 공통 조사월 0개에서 기온·습도·강수·풍속의 관측 연관성을 추세 연장분에만 최대 ±3점으로 제한 적용(보정 +0점). 2027년 미래 기상값은 생성하거나 가정하지 않았습니다.,F27-WX1 설명가능 완화추세,"2024·2026 관측자료와 ASOS 공통 조사월의 연관성을 이용한 상대 위험 전망입니다. 2026년은 부분연도이며, 2027년 실제 기상·발생·확률을 확정하지 않습니다."
콩,점무늬병,병해,충청남도,,0.0,,전망자료 부족,낮음,5,2026,"양년 자료 없음, 공통 조사단위 0개, 유효 관측 5건, 결측률 0.0%, 단위별 변화 변동성 100.0점. 제한된 비교 단위 또는 변동성 때문에 보수적으로 낮게 평가합니다. 2024·2026 두 개 연도의 NCPMS 예찰자료만 사용한 상대 위험 전망으로, 기상·재배면적·방제 변화와 2027년 실제 발생을 확정하지 않습니다. ASOS 공통 조사월 0개에서 기온·습도·강수·풍속의 관측 연관성을 추세 연장분에만 최대 ±3점으로 제한 적용(보정 +0점). 2027년 미래 기상값은 생성하거나 가정하지 않았습니다.",전망자료 부족,,,0.0,—,기상근거 부족,0,ASOS 공통 조사월 0개에서 기온·습도·강수·풍속의 관측 연관성을 추세 연장분에만 최대 ±3점으로 제한 적용(보정 +0점). 2027년 미래 기상값은 생성하거나 가정하지 않았습니다.,F27-WX1 설명가능 완화추세,"2024·2026 관측자료와 ASOS 공통 조사월의 연관성을 이용한 상대 위험 전망입니다. 2026년은 부분연도이며, 2027년 실제 기상·발생·확률을 확정하지 않습니다."
콩,점무늬병,병해,충청북도,,20.0,,전망자료 부족,낮음,5,2026,"양년 자료 없음, 공통 조사단위 0개, 유효 관측 5건, 결측률 0.0%, 단위별 변화 변동성 100.0점. 제한된 비교 단위 또는 변동성 때문에 보수적으로 낮게 평가합니다. 2024·2026 두 개 연도의 NCPMS 예찰자료만 사용한 상대 위험 전망으로, 기상·재배면적·방제 변화와 2027년 실제 발생을 확정하지 않습니다. ASOS 공통 조사월 0개에서 기온·습도·강수·풍속의 관측 연관성을 추세 연장분에만 최대 ±3점으로 제한 적용(보정 +0점). 2027년 미래 기상값은 생성하거나 가정하지 않았습니다.",전망자료 부족,,,0.0,—,기상근거 부족,0,ASOS 공통 조사월 0개에서 기온·습도·강수·풍속의 관측 연관성을 추세 연장분에만 최대 ±3점으로 제한 적용(보정 +0점). 2027년 미래 기상값은 생성하거나 가정하지 않았습니다.,F27-WX1 설명가능 완화추세,"2024·2026 관측자료와 ASOS 공통 조사월의 연관성을 이용한 상대 위험 전망입니다. 2026년은 부분연도이며, 2027년 실제 기상·발생·확률을 확정하지 않습니다."
사과,점박이응애,기타,강원특별자치도,0.0,,,전망자료 부족,낮음,6,2024,"양년 자료 없음, 공통 조사단위 0개, 유효 관측 6건, 결측률 0.0%, 단위별 변화 변동성 100.0점. 제한된 비교 단위 또는 변동성 때문에 보수적으로 낮게 평가합니다. 2024·2026 두 개 연도의 NCPMS 예찰자료만 사용한 상대 위험 전망으로, 기상·재배면적·방제 변화와 2027년 실제 발생을 확정하지 않습니다. ASOS 공통 조사월 0개에서 기온·습도·강수·풍속의 관측 연관성을 추세 연장분에만 최대 ±3점으로 제한 적용(보정 +0점). 2027년 미래 기상값은 생성하거나 가정하지 않았습니다.",전망자료 부족,,,0.0,—,기상근거 부족,0,ASOS 공통 조사월 0개에서 기온·습도·강수·풍속의 관측 연관성을 추세 연장분에만 최대 ±3점으로 제한 적용(보정 +0점). 2027년 미래 기상값은 생성하거나 가정하지 않았습니다.,F27-WX1 설명가능 완화추세,"2024·2026 관측자료와 ASOS 공통 조사월의 연관성을 이용한 상대 위험 전망입니다. 2026년은 부분연도이며, 2027년 실제 기상·발생·확률을 확정하지 않습니다."
사과,점박이응애,기타,경기도,0.0,,,전망자료 부족,낮음,6,2024,"양년 자료 없음, 공통 조사단위 0개, 유효 관측 6건, 결측률 0.0%, 단위별 변화 변동성 100.0점. 제한된 비교 단위 또는 변동성 때문에 보수적으로 낮게 평가합니다. 2024·2026 두 개 연도의 NCPMS 예찰자료만 사용한 상대 위험 전망으로, 기상·재배면적·방제 변화와 2027년 실제 발생을 확정하지 않습니다. ASOS 공통 조사월 0개에서 기온·습도·강수·풍속의 관측 연관성을 추세 연장분에만 최대 ±3점으로 제한 적용(보정 +0점). 2027년 미래 기상값은 생성하거나 가정하지 않았습니다.",전망자료 부족,,,0.0,—,기상근거 부족,0,ASOS 공통 조사월 0개에서 기온·습도·강수·풍속의 관측 연관성을 추세 연장분에만 최대 ±3점으로 제한 적용(보정 +0점). 2027년 미래 기상값은 생성하거나 가정하지 않았습니다.,F27-WX1 설명가능 완화추세,"2024·2026 관측자료와 ASOS 공통 조사월의 연관성을 이용한 상대 위험 전망입니다. 2026년은 부분연도이며, 2027년 실제 기상·발생·확률을 확정하지 않습니다."
사과,점박이응애,기타,경상남도,0.0,,,전망자료 부족,낮음,6,2024,"양년 자료 없음, 공통 조사단위 0개, 유효 관측 6건, 결측률 0.0%, 단위별 변화 변동성 100.0점. 제한된 비교 단위 또는 변동성 때문에 보수적으로 낮게 평가합니다. 2024·2026 두 개 연도의 NCPMS 예찰자료만 사용한 상대 위험 전망으로, 기상·재배면적·방제 변화와 2027년 실제 발생을 확정하지 않습니다. ASOS 공통 조사월 0개에서 기온·습도·강수·풍속의 관측 연관성을 추세 연장분에만 최대 ±3점으로 제한 적용(보정 +0점). 2027년 미래 기상값은 생성하거나 가정하지 않았습니다.",전망자료 부족,,,0.0,—,기상근거 부족,0,ASOS 공통 조사월 0개에서 기온·습도·강수·풍속의 관측 연관성을 추세 연장분에만 최대 ±3점으로 제한 적용(보정 +0점). 2027년 미래 기상값은 생성하거나 가정하지 않았습니다.,F27-WX1 설명가능 완화추세,"2024·2026 관측자료와 ASOS 공통 조사월의 연관성을 이용한 상대 위험 전망입니다. 2026년은 부분연도이며, 2027년 실제 기상·발생·확률을 확정하지 않습니다."
사과,점박이응애,기타,경상북도,7.0,,,전망자료 부족,낮음,6,2024,"양년 자료 없음, 공통 조사단위 0개, 유효 관측 6건, 결측률 0.0%, 단위별 변화 변동성 100.0점. 제한된 비교 단위 또는 변동성 때문에 보수적으로 낮게 평가합니다. 2024·2026 두 개 연도의 NCPMS 예찰자료만 사용한 상대 위험 전망으로, 기상·재배면적·방제 변화와 2027년 실제 발생을 확정하지 않습니다. ASOS 공통 조사월 0개에서 기온·습도·강수·풍속의 관측 연관성을 추세 연장분에만 최대 ±3점으로 제한 적용(보정 +0점). 2027년 미래 기상값은 생성하거나 가정하지 않았습니다.",전망자료 부족,,,0.0,—,기상근거 부족,0,ASOS 공통 조사월 0개에서 기온·습도·강수·풍속의 관측 연관성을 추세 연장분에만 최대 ±3점으로 제한 적용(보정 +0점). 2027년 미래 기상값은 생성하거나 가정하지 않았습니다.,F27-WX1 설명가능 완화추세,"2024·2026 관측자료와 ASOS 공통 조사월의 연관성을 이용한 상대 위험 전망입니다. 2026년은 부분연도이며, 2027년 실제 기상·발생·확률을 확정하지 않습니다."
사과,점박이응애,기타,대구광역시,0.0,,,전망자료 부족,낮음,6,2024,"양년 자료 없음, 공통 조사단위 0개, 유효 관측 6건, 결측률 0.0%, 단위별 변화 변동성 100.0점. 제한된 비교 단위 또는 변동성 때문에 보수적으로 낮게 평가합니다. 2024·2026 두 개 연도의 NCPMS 예찰자료만 사용한 상대 위험 전망으로, 기상·재배면적·방제 변화와 2027년 실제 발생을 확정하지 않습니다. ASOS 공통 조사월 0개에서 기온·습도·강수·풍속의 관측 연관성을 추세 연장분에만 최대 ±3점으로 제한 적용(보정 +0점). 2027년 미래 기상값은 생성하거나 가정하지 않았습니다.",전망자료 부족,,,0.0,—,기상근거 부족,0,ASOS 공통 조사월 0개에서 기온·습도·강수·풍속의 관측 연관성을 추세 연장분에만 최대 ±3점으로 제한 적용(보정 +0점). 2027년 미래 기상값은 생성하거나 가정하지 않았습니다.,F27-WX1 설명가능 완화추세,"2024·2026 관측자료와 ASOS 공통 조사월의 연관성을 이용한 상대 위험 전망입니다. 2026년은 부분연도이며, 2027년 실제 기상·발생·확률을 확정하지 않습니다."
사과,점박이응애,기타,전남광주통합특별시,0.0,,,전망자료 부족,낮음,6,2024,"양년 자료 없음, 공통 조사단위 0개, 유효 관측 6건, 결측률 0.0%, 단위별 변화 변동성 100.0점. 제한된 비교 단위 또는 변동성 때문에 보수적으로 낮게 평가합니다. 2024·2026 두 개 연도의 NCPMS 예찰자료만 사용한 상대 위험 전망으로, 기상·재배면적·방제 변화와 2027년 실제 발생을 확정하지 않습니다. ASOS 공통 조사월 0개에서 기온·습도·강수·풍속의 관측 연관성을 추세 연장분에만 최대 ±3점으로 제한 적용(보정 +0점). 2027년 미래 기상값은 생성하거나 가정하지 않았습니다.",전망자료 부족,,,0.0,—,기상근거 부족,0,ASOS 공통 조사월 0개에서 기온·습도·강수·풍속의 관측 연관성을 추세 연장분에만 최대 ±3점으로 제한 적용(보정 +0점). 2027년 미래 기상값은 생성하거나 가정하지 않았습니다.,F27-WX1 설명가능 완화추세,"2024·2026 관측자료와 ASOS 공통 조사월의 연관성을 이용한 상대 위험 전망입니다. 2026년은 부분연도이며, 2027년 실제 기상·발생·확률을 확정하지 않습니다."
사과,점박이응애,기타,전북특별자치도,55.0,,,전망자료 부족,낮음,6,2024,"양년 자료 없음, 공통 조사단위 0개, 유효 관측 6건, 결측률 0.0%, 단위별 변화 변동성 100.0점. 제한된 비교 단위 또는 변동성 때문에 보수적으로 낮게 평가합니다. 2024·2026 두 개 연도의 NCPMS 예찰자료만 사용한 상대 위험 전망으로, 기상·재배면적·방제 변화와 2027년 실제 발생을 확정하지 않습니다. ASOS 공통 조사월 0개에서 기온·습도·강수·풍속의 관측 연관성을 추세 연장분에만 최대 ±3점으로 제한 적용(보정 +0점). 2027년 미래 기상값은 생성하거나 가정하지 않았습니다.",전망자료 부족,,,0.0,—,기상근거 부족,0,ASOS 공통 조사월 0개에서 기온·습도·강수·풍속의 관측 연관성을 추세 연장분에만 최대 ±3점으로 제한 적용(보정 +0점). 2027년 미래 기상값은 생성하거나 가정하지 않았습니다.,F27-WX1 설명가능 완화추세,"2024·2026 관측자료와 ASOS 공통 조사월의 연관성을 이용한 상대 위험 전망입니다. 2026년은 부분연도이며, 2027년 실제 기상·발생·확률을 확정하지 않습니다."
사과,점박이응애,기타,충청남도,1.0,,,전망자료 부족,낮음,6,2024,"양년 자료 없음, 공통 조사단위 0개, 유효 관측 6건, 결측률 0.0%, 단위별 변화 변동성 100.0점. 제한된 비교 단위 또는 변동성 때문에 보수적으로 낮게 평가합니다. 2024·2026 두 개 연도의 NCPMS 예찰자료만 사용한 상대 위험 전망으로, 기상·재배면적·방제 변화와 2027년 실제 발생을 확정하지 않습니다. ASOS 공통 조사월 0개에서 기온·습도·강수·풍속의 관측 연관성을 추세 연장분에만 최대 ±3점으로 제한 적용(보정 +0점). 2027년 미래 기상값은 생성하거나 가정하지 않았습니다.",전망자료 부족,,,0.0,—,기상근거 부족,0,ASOS 공통 조사월 0개에서 기온·습도·강수·풍속의 관측 연관성을 추세 연장분에만 최대 ±3점으로 제한 적용(보정 +0점). 2027년 미래 기상값은 생성하거나 가정하지 않았습니다.,F27-WX1 설명가능 완화추세,"2024·2026 관측자료와 ASOS 공통 조사월의 연관성을 이용한 상대 위험 전망입니다. 2026년은 부분연도이며, 2027년 실제 기상·발생·확률을 확정하지 않습니다."
사과,점박이응애,기타,충청북도,65.0,,,전망자료 부족,낮음,6,2024,"양년 자료 없음, 공통 조사단위 0개, 유효 관측 6건, 결측률 0.0%, 단위별 변화 변동성 100.0점. 제한된 비교 단위 또는 변동성 때문에 보수적으로 낮게 평가합니다. 2024·2026 두 개 연도의 NCPMS 예찰자료만 사용한 상대 위험 전망으로, 기상·재배면적·방제 변화와 2027년 실제 발생을 확정하지 않습니다. ASOS 공통 조사월 0개에서 기온·습도·강수·풍속의 관측 연관성을 추세 연장분에만 최대 ±3점으로 제한 적용(보정 +0점). 2027년 미래 기상값은 생성하거나 가정하지 않았습니다.",전망자료 부족,,,0.0,—,기상근거 부족,0,ASOS 공통 조사월 0개에서 기온·습도·강수·풍속의 관측 연관성을 추세 연장분에만 최대 ±3점으로 제한 적용(보정 +0점). 2027년 미래 기상값은 생성하거나 가정하지 않았습니다.,F27-WX1 설명가능 완화추세,"2024·2026 관측자료와 ASOS 공통 조사월의 연관성을 이용한 상대 위험 전망입니다. 2026년은 부분연도이며, 2027년 실제 기상·발생·확률을 확정하지 않습니다."
사과,조팝나무진딧물,해충,강원특별자치도,31.0,35.0,37,유지,낮음,9,2024·2026,"기준선 비교: 2026 유지 34.6점, 2024·2026 가중평균 33.3점, 선택 모델(완화 추세+표본 축소) 36.7점. 지역 변화 +3.9점을 표본가중치 0.43로 같은 병해충·작물의 지역 중앙 변화 +7.6점 방향에 축소하고, 1년 연장 변화는 ±20점으로 제한했습니다. 양년 자료 있음, 공통 조사단위 3개, 유효 관측 9건, 결측률 0.0%, 단위별 변화 변동성 43.8점. 제한된 비교 단위 또는 변동성 때문에 보수적으로 낮게 평가합니다. 2024·2026 두 개 연도의 NCPMS 예찰자료만 사용한 상대 위험 전망으로, 기상·재배면적·방제 변화와 2027년 실제 발생을 확정하지 않습니다. ASOS 공통 조사월 2개에서 기온·습도·강수·풍속의 관측 연관성을 추세 연장분에만 최대 ±3점으로 제한 적용(보정 +0점). 2027년 미래 기상값은 생성하거나 가정하지 않았습니다.",주의,37,0,-0.0257,강수량,기상 근거 보강,2,ASOS 공통 조사월 2개에서 기온·습도·강수·풍속의 관측 연관성을 추세 연장분에만 최대 ±3점으로 제한 적용(보정 +0점). 2027년 미래 기상값은 생성하거나 가정하지 않았습니다.,F27-WX1 설명가능 완화추세,"2024·2026 관측자료와 ASOS 공통 조사월의 연관성을 이용한 상대 위험 전망입니다. 2026년은 부분연도이며, 2027년 실제 기상·발생·확률을 확정하지 않습니다."
사과,조팝나무진딧물,해충,경기도,0.0,14.0,17,유지,보통,9,2024·2026,"기준선 비교: 2026 유지 13.8점, 2024·2026 가중평균 9.0점, 선택 모델(완화 추세+표본 축소) 17.4점. 지역 변화 +13.8점을 표본가중치 0.43로 같은 병해충·작물의 지역 중앙 변화 +7.6점 방향에 축소하고, 1년 연장 변화는 ±20점으로 제한했습니다. 양년 자료 있음, 공통 조사단위 3개, 유효 관측 9건, 결측률 0.0%, 단위별 변화 변동성 4.9점. 비교는 가능하지만 표본 또는 변동성에 불확실성이 남습니다. 2024·2026 두 개 연도의 NCPMS 예찰자료만 사용한 상대 위험 전망으로, 기상·재배면적·방제 변화와 2027년 실제 발생을 확정하지 않습니다. ASOS 공통 조사월 2개에서 기온·습도·강수·풍속의 관측 연관성을 추세 연장분에만 최대 ±3점으로 제한 적용(보정 +0점). 2027년 미래 기상값은 생성하거나 가정하지 않았습니다.",관찰,17,0,0.0397,강수량,기상 근거 보강,2,ASOS 공통 조사월 2개에서 기온·습도·강수·풍속의 관측 연관성을 추세 연장분에만 최대 ±3점으로 제한 적용(보정 +0점). 2027년 미래 기상값은 생성하거나 가정하지 않았습니다.,F27-WX1 설명가능 완화추세,"2024·2026 관측자료와 ASOS 공통 조사월의 연관성을 이용한 상대 위험 전망입니다. 2026년은 부분연도이며, 2027년 실제 기상·발생·확률을 확정하지 않습니다."
사과,조팝나무진딧물,해충,경상남도,0.0,0.0,2,유지,보통,9,2024·2026,"기준선 비교: 2026 유지 0.2점, 2024·2026 가중평균 0.1점, 선택 모델(완화 추세+표본 축소) 1.7점. 지역 변화 +0.2점을 표본가중치 0.43로 같은 병해충·작물의 지역 중앙 변화 +7.6점 방향에 축소하고, 1년 연장 변화는 ±20점으로 제한했습니다. 양년 자료 있음, 공통 조사단위 3개, 유효 관측 9건, 결측률 0.0%, 단위별 변화 변동성 0.5점. 비교는 가능하지만 표본 또는 변동성에 불확실성이 남습니다. 2024·2026 두 개 연도의 NCPMS 예찰자료만 사용한 상대 위험 전망으로, 기상·재배면적·방제 변화와 2027년 실제 발생을 확정하지 않습니다. ASOS 공통 조사월 2개에서 기온·습도·강수·풍속의 관측 연관성을 추세 연장분에만 최대 ±3점으로 제한 적용(보정 +0점). 2027년 미래 기상값은 생성하거나 가정하지 않았습니다.",관찰,2,0,0.0369,강수량,기상 근거 보강,2,ASOS 공통 조사월 2개에서 기온·습도·강수·풍속의 관측 연관성을 추세 연장분에만 최대 ±3점으로 제한 적용(보정 +0점). 2027년 미래 기상값은 생성하거나 가정하지 않았습니다.,F27-WX1 설명가능 완화추세,"2024·2026 관측자료와 ASOS 공통 조사월의 연관성을 이용한 상대 위험 전망입니다. 2026년은 부분연도이며, 2027년 실제 기상·발생·확률을 확정하지 않습니다."
사과,조팝나무진딧물,해충,경상북도,90.0,52.0,48,유지,보통,9,2024·2026,"기준선 비교: 2026 유지 52.3점, 2024·2026 가중평균 65.4점, 선택 모델(완화 추세+표본 축소) 48.2점. 지역 변화 -37.5점을 표본가중치 0.43로 같은 병해충·작물의 지역 중앙 변화 +7.6점 방향에 축소하고, 1년 연장 변화는 ±20점으로 제한했습니다. 양년 자료 있음, 공통 조사단위 3개, 유효 관측 9건, 결측률 0.0%, 단위별 변화 변동성 24.8점. 비교는 가능하지만 표본 또는 변동성에 불확실성이 남습니다. 2024·2026 두 개 연도의 NCPMS 예찰자료만 사용한 상대 위험 전망으로, 기상·재배면적·방제 변화와 2027년 실제 발생을 확정하지 않습니다. ASOS 공통 조사월 2개에서 기온·습도·강수·풍속의 관측 연관성을 추세 연장분에만 최대 ±3점으로 제한 적용(보정 +0점). 2027년 미래 기상값은 생성하거나 가정하지 않았습니다.",주의,48,0,-0.0067,습도,기상 근거 보강,2,ASOS 공통 조사월 2개에서 기온·습도·강수·풍속의 관측 연관성을 추세 연장분에만 최대 ±3점으로 제한 적용(보정 +0점). 2027년 미래 기상값은 생성하거나 가정하지 않았습니다.,F27-WX1 설명가능 완화추세,"2024·2026 관측자료와 ASOS 공통 조사월의 연관성을 이용한 상대 위험 전망입니다. 2026년은 부분연도이며, 2027년 실제 기상·발생·확률을 확정하지 않습니다."
사과,조팝나무진딧물,해충,대구광역시,3.0,,,전망자료 부족,낮음,3,2024,"양년 자료 없음, 공통 조사단위 0개, 유효 관측 3건, 결측률 0.0%, 단위별 변화 변동성 100.0점. 제한된 비교 단위 또는 변동성 때문에 보수적으로 낮게 평가합니다. 2024·2026 두 개 연도의 NCPMS 예찰자료만 사용한 상대 위험 전망으로, 기상·재배면적·방제 변화와 2027년 실제 발생을 확정하지 않습니다. ASOS 공통 조사월 0개에서 기온·습도·강수·풍속의 관측 연관성을 추세 연장분에만 최대 ±3점으로 제한 적용(보정 +0점). 2027년 미래 기상값은 생성하거나 가정하지 않았습니다.",전망자료 부족,,,0.0,—,기상근거 부족,0,ASOS 공통 조사월 0개에서 기온·습도·강수·풍속의 관측 연관성을 추세 연장분에만 최대 ±3점으로 제한 적용(보정 +0점). 2027년 미래 기상값은 생성하거나 가정하지 않았습니다.,F27-WX1 설명가능 완화추세,"2024·2026 관측자료와 ASOS 공통 조사월의 연관성을 이용한 상대 위험 전망입니다. 2026년은 부분연도이며, 2027년 실제 기상·발생·확률을 확정하지 않습니다."
사과,조팝나무진딧물,해충,전남광주통합특별시,0.0,14.0,18,유지,보통,8,2024·2026,"기준선 비교: 2026 유지 14.2점, 2024·2026 가중평균 9.2점, 선택 모델(완화 추세+표본 축소) 17.8점. 지역 변화 +14.2점을 표본가중치 0.40로 같은 병해충·작물의 지역 중앙 변화 +7.6점 방향에 축소하고, 1년 연장 변화는 ±20점으로 제한했습니다. 양년 자료 있음, 공통 조사단위 2개, 유효 관측 8건, 결측률 0.0%, 단위별 변화 변동성 0.0점. 비교는 가능하지만 표본 또는 변동성에 불확실성이 남습니다. 2024·2026 두 개 연도의 NCPMS 예찰자료만 사용한 상대 위험 전망으로, 기상·재배면적·방제 변화와 2027년 실제 발생을 확정하지 않습니다. ASOS 공통 조사월 2개에서 기온·습도·강수·풍속의 관측 연관성을 추세 연장분에만 최대 ±3점으로 제한 적용(보정 +0점). 2027년 미래 기상값은 생성하거나 가정하지 않았습니다.",관찰,18,0,0.0336,강수량,기상 근거 보강,2,ASOS 공통 조사월 2개에서 기온·습도·강수·풍속의 관측 연관성을 추세 연장분에만 최대 ±3점으로 제한 적용(보정 +0점). 2027년 미래 기상값은 생성하거나 가정하지 않았습니다.,F27-WX1 설명가능 완화추세,"2024·2026 관측자료와 ASOS 공통 조사월의 연관성을 이용한 상대 위험 전망입니다. 2026년은 부분연도이며, 2027년 실제 기상·발생·확률을 확정하지 않습니다."
사과,조팝나무진딧물,해충,전북특별자치도,7.0,30.0,35,증가,보통,9,2024·2026,"기준선 비교: 2026 유지 30.5점, 2024·2026 가중평균 22.4점, 선택 모델(완화 추세+표본 축소) 35.4점. 지역 변화 +23.0점을 표본가중치 0.43로 같은 병해충·작물의 지역 중앙 변화 +7.6점 방향에 축소하고, 1년 연장 변화는 ±20점으로 제한했습니다. 양년 자료 있음, 공통 조사단위 3개, 유효 관측 9건, 결측률 0.0%, 단위별 변화 변동성 3.0점. 비교는 가능하지만 표본 또는 변동성에 불확실성이 남습니다. 2024·2026 두 개 연도의 NCPMS 예찰자료만 사용한 상대 위험 전망으로, 기상·재배면적·방제 변화와 2027년 실제 발생을 확정하지 않습니다. ASOS 공통 조사월 2개에서 기온·습도·강수·풍속의 관측 연관성을 추세 연장분에만 최대 ±3점으로 제한 적용(보정 +0점). 2027년 미래 기상값은 생성하거나 가정하지 않았습니다.",주의,35,0,0.0218,강수량,기상 근거 보강,2,ASOS 공통 조사월 2개에서 기온·습도·강수·풍속의 관측 연관성을 추세 연장분에만 최대 ±3점으로 제한 적용(보정 +0점). 2027년 미래 기상값은 생성하거나 가정하지 않았습니다.,F27-WX1 설명가능 완화추세,"2024·2026 관측자료와 ASOS 공통 조사월의 연관성을 이용한 상대 위험 전망입니다. 2026년은 부분연도이며, 2027년 실제 기상·발생·확률을 확정하지 않습니다."
사과,조팝나무진딧물,해충,충청남도,5.0,17.0,20,유지,보통,9,2024·2026,"기준선 비교: 2026 유지 16.5점, 2024·2026 가중평균 12.6점, 선택 모델(완화 추세+표본 축소) 19.7점. 지역 변화 +11.2점을 표본가중치 0.43로 같은 병해충·작물의 지역 중앙 변화 +7.6점 방향에 축소하고, 1년 연장 변화는 ±20점으로 제한했습니다. 양년 자료 있음, 공통 조사단위 3개, 유효 관측 9건, 결측률 0.0%, 단위별 변화 변동성 19.3점. 비교는 가능하지만 표본 또는 변동성에 불확실성이 남습니다. 2024·2026 두 개 연도의 NCPMS 예찰자료만 사용한 상대 위험 전망으로, 기상·재배면적·방제 변화와 2027년 실제 발생을 확정하지 않습니다. ASOS 공통 조사월 2개에서 기온·습도·강수·풍속의 관측 연관성을 추세 연장분에만 최대 ±3점으로 제한 적용(보정 +0점). 2027년 미래 기상값은 생성하거나 가정하지 않았습니다.",관찰,20,0,0.019,강수량,기상 근거 보강,2,ASOS 공통 조사월 2개에서 기온·습도·강수·풍속의 관측 연관성을 추세 연장분에만 최대 ±3점으로 제한 적용(보정 +0점). 2027년 미래 기상값은 생성하거나 가정하지 않았습니다.,F27-WX1 설명가능 완화추세,"2024·2026 관측자료와 ASOS 공통 조사월의 연관성을 이용한 상대 위험 전망입니다. 2026년은 부분연도이며, 2027년 실제 기상·발생·확률을 확정하지 않습니다."
사과,조팝나무진딧물,해충,충청북도,19.0,20.0,21,유지,보통,9,2024·2026,"기준선 비교: 2026 유지 19.8점, 2024·2026 가중평균 19.4점, 선택 모델(완화 추세+표본 축소) 21.4점. 지역 변화 +0.9점을 표본가중치 0.43로 같은 병해충·작물의 지역 중앙 변화 +7.6점 방향에 축소하고, 1년 연장 변화는 ±20점으로 제한했습니다. 양년 자료 있음, 공통 조사단위 3개, 유효 관측 9건, 결측률 0.0%, 단위별 변화 변동성 24.3점. 비교는 가능하지만 표본 또는 변동성에 불확실성이 남습니다. 2024·2026 두 개 연도의 NCPMS 예찰자료만 사용한 상대 위험 전망으로, 기상·재배면적·방제 변화와 2027년 실제 발생을 확정하지 않습니다. ASOS 공통 조사월 2개에서 기온·습도·강수·풍속의 관측 연관성을 추세 연장분에만 최대 ±3점으로 제한 적용(보정 +0점). 2027년 미래 기상값은 생성하거나 가정하지 않았습니다.",관찰,21,0,0.025,강수량,기상 근거 보강,2,ASOS 공통 조사월 2개에서 기온·습도·강수·풍속의 관측 연관성을 추세 연장분에만 최대 ±3점으로 제한 적용(보정 +0점). 2027년 미래 기상값은 생성하거나 가정하지 않았습니다.,F27-WX1 설명가능 완화추세,"2024·2026 관측자료와 ASOS 공통 조사월의 연관성을 이용한 상대 위험 전망입니다. 2026년은 부분연도이며, 2027년 실제 기상·발생·확률을 확정하지 않습니다."
배,주경배나무이,해충,강원특별자치도,,0.0,,전망자료 부족,낮음,6,2026,"양년 자료 없음, 공통 조사단위 0개, 유효 관측 6건, 결측률 0.0%, 단위별 변화 변동성 100.0점. 제한된 비교 단위 또는 변동성 때문에 보수적으로 낮게 평가합니다. 2024·2026 두 개 연도의 NCPMS 예찰자료만 사용한 상대 위험 전망으로, 기상·재배면적·방제 변화와 2027년 실제 발생을 확정하지 않습니다. ASOS 공통 조사월 0개에서 기온·습도·강수·풍속의 관측 연관성을 추세 연장분에만 최대 ±3점으로 제한 적용(보정 +0점). 2027년 미래 기상값은 생성하거나 가정하지 않았습니다.",전망자료 부족,,,0.0,—,기상근거 부족,0,ASOS 공통 조사월 0개에서 기온·습도·강수·풍속의 관측 연관성을 추세 연장분에만 최대 ±3점으로 제한 적용(보정 +0점). 2027년 미래 기상값은 생성하거나 가정하지 않았습니다.,F27-WX1 설명가능 완화추세,"2024·2026 관측자료와 ASOS 공통 조사월의 연관성을 이용한 상대 위험 전망입니다. 2026년은 부분연도이며, 2027년 실제 기상·발생·확률을 확정하지 않습니다."
배,주경배나무이,해충,경기도,,38.0,,전망자료 부족,낮음,7,2026,"양년 자료 없음, 공통 조사단위 0개, 유효 관측 7건, 결측률 0.0%, 단위별 변화 변동성 100.0점. 제한된 비교 단위 또는 변동성 때문에 보수적으로 낮게 평가합니다. 2024·2026 두 개 연도의 NCPMS 예찰자료만 사용한 상대 위험 전망으로, 기상·재배면적·방제 변화와 2027년 실제 발생을 확정하지 않습니다. ASOS 공통 조사월 0개에서 기온·습도·강수·풍속의 관측 연관성을 추세 연장분에만 최대 ±3점으로 제한 적용(보정 +0점). 2027년 미래 기상값은 생성하거나 가정하지 않았습니다.",전망자료 부족,,,0.0,—,기상근거 부족,0,ASOS 공통 조사월 0개에서 기온·습도·강수·풍속의 관측 연관성을 추세 연장분에만 최대 ±3점으로 제한 적용(보정 +0점). 2027년 미래 기상값은 생성하거나 가정하지 않았습니다.,F27-WX1 설명가능 완화추세,"2024·2026 관측자료와 ASOS 공통 조사월의 연관성을 이용한 상대 위험 전망입니다. 2026년은 부분연도이며, 2027년 실제 기상·발생·확률을 확정하지 않습니다."
배,주경배나무이,해충,경상남도,,12.0,,전망자료 부족,낮음,7,2026,"양년 자료 없음, 공통 조사단위 0개, 유효 관측 7건, 결측률 0.0%, 단위별 변화 변동성 100.0점. 제한된 비교 단위 또는 변동성 때문에 보수적으로 낮게 평가합니다. 2024·2026 두 개 연도의 NCPMS 예찰자료만 사용한 상대 위험 전망으로, 기상·재배면적·방제 변화와 2027년 실제 발생을 확정하지 않습니다. ASOS 공통 조사월 0개에서 기온·습도·강수·풍속의 관측 연관성을 추세 연장분에만 최대 ±3점으로 제한 적용(보정 +0점). 2027년 미래 기상값은 생성하거나 가정하지 않았습니다.",전망자료 부족,,,0.0,—,기상근거 부족,0,ASOS 공통 조사월 0개에서 기온·습도·강수·풍속의 관측 연관성을 추세 연장분에만 최대 ±3점으로 제한 적용(보정 +0점). 2027년 미래 기상값은 생성하거나 가정하지 않았습니다.,F27-WX1 설명가능 완화추세,"2024·2026 관측자료와 ASOS 공통 조사월의 연관성을 이용한 상대 위험 전망입니다. 2026년은 부분연도이며, 2027년 실제 기상·발생·확률을 확정하지 않습니다."
배,주경배나무이,해충,경상북도,,35.0,,전망자료 부족,낮음,7,2026,"양년 자료 없음, 공통 조사단위 0개, 유효 관측 7건, 결측률 0.0%, 단위별 변화 변동성 100.0점. 제한된 비교 단위 또는 변동성 때문에 보수적으로 낮게 평가합니다. 2024·2026 두 개 연도의 NCPMS 예찰자료만 사용한 상대 위험 전망으로, 기상·재배면적·방제 변화와 2027년 실제 발생을 확정하지 않습니다. ASOS 공통 조사월 0개에서 기온·습도·강수·풍속의 관측 연관성을 추세 연장분에만 최대 ±3점으로 제한 적용(보정 +0점). 2027년 미래 기상값은 생성하거나 가정하지 않았습니다.",전망자료 부족,,,0.0,—,기상근거 부족,0,ASOS 공통 조사월 0개에서 기온·습도·강수·풍속의 관측 연관성을 추세 연장분에만 최대 ±3점으로 제한 적용(보정 +0점). 2027년 미래 기상값은 생성하거나 가정하지 않았습니다.,F27-WX1 설명가능 완화추세,"2024·2026 관측자료와 ASOS 공통 조사월의 연관성을 이용한 상대 위험 전망입니다. 2026년은 부분연도이며, 2027년 실제 기상·발생·확률을 확정하지 않습니다."
배,주경배나무이,해충,세종특별자치시,,0.0,,전망자료 부족,낮음,6,2026,"양년 자료 없음, 공통 조사단위 0개, 유효 관측 6건, 결측률 0.0%, 단위별 변화 변동성 100.0점. 제한된 비교 단위 또는 변동성 때문에 보수적으로 낮게 평가합니다. 2024·2026 두 개 연도의 NCPMS 예찰자료만 사용한 상대 위험 전망으로, 기상·재배면적·방제 변화와 2027년 실제 발생을 확정하지 않습니다. ASOS 공통 조사월 0개에서 기온·습도·강수·풍속의 관측 연관성을 추세 연장분에만 최대 ±3점으로 제한 적용(보정 +0점). 2027년 미래 기상값은 생성하거나 가정하지 않았습니다.",전망자료 부족,,,0.0,—,기상근거 부족,0,ASOS 공통 조사월 0개에서 기온·습도·강수·풍속의 관측 연관성을 추세 연장분에만 최대 ±3점으로 제한 적용(보정 +0점). 2027년 미래 기상값은 생성하거나 가정하지 않았습니다.,F27-WX1 설명가능 완화추세,"2024·2026 관측자료와 ASOS 공통 조사월의 연관성을 이용한 상대 위험 전망입니다. 2026년은 부분연도이며, 2027년 실제 기상·발생·확률을 확정하지 않습니다."
배,주경배나무이,해충,울산광역시,,33.0,,전망자료 부족,낮음,6,2026,"양년 자료 없음, 공통 조사단위 0개, 유효 관측 6건, 결측률 0.0%, 단위별 변화 변동성 100.0점. 제한된 비교 단위 또는 변동성 때문에 보수적으로 낮게 평가합니다. 2024·2026 두 개 연도의 NCPMS 예찰자료만 사용한 상대 위험 전망으로, 기상·재배면적·방제 변화와 2027년 실제 발생을 확정하지 않습니다. ASOS 공통 조사월 0개에서 기온·습도·강수·풍속의 관측 연관성을 추세 연장분에만 최대 ±3점으로 제한 적용(보정 +0점). 2027년 미래 기상값은 생성하거나 가정하지 않았습니다.",전망자료 부족,,,0.0,—,기상근거 부족,0,ASOS 공통 조사월 0개에서 기온·습도·강수·풍속의 관측 연관성을 추세 연장분에만 최대 ±3점으로 제한 적용(보정 +0점). 2027년 미래 기상값은 생성하거나 가정하지 않았습니다.,F27-WX1 설명가능 완화추세,"2024·2026 관측자료와 ASOS 공통 조사월의 연관성을 이용한 상대 위험 전망입니다. 2026년은 부분연도이며, 2027년 실제 기상·발생·확률을 확정하지 않습니다."
배,주경배나무이,해충,전남광주통합특별시,,13.0,,전망자료 부족,낮음,7,2026,"양년 자료 없음, 공통 조사단위 0개, 유효 관측 7건, 결측률 0.0%, 단위별 변화 변동성 100.0점. 제한된 비교 단위 또는 변동성 때문에 보수적으로 낮게 평가합니다. 2024·2026 두 개 연도의 NCPMS 예찰자료만 사용한 상대 위험 전망으로, 기상·재배면적·방제 변화와 2027년 실제 발생을 확정하지 않습니다. ASOS 공통 조사월 0개에서 기온·습도·강수·풍속의 관측 연관성을 추세 연장분에만 최대 ±3점으로 제한 적용(보정 +0점). 2027년 미래 기상값은 생성하거나 가정하지 않았습니다.",전망자료 부족,,,0.0,—,기상근거 부족,0,ASOS 공통 조사월 0개에서 기온·습도·강수·풍속의 관측 연관성을 추세 연장분에만 최대 ±3점으로 제한 적용(보정 +0점). 2027년 미래 기상값은 생성하거나 가정하지 않았습니다.,F27-WX1 설명가능 완화추세,"2024·2026 관측자료와 ASOS 공통 조사월의 연관성을 이용한 상대 위험 전망입니다. 2026년은 부분연도이며, 2027년 실제 기상·발생·확률을 확정하지 않습니다."
배,주경배나무이,해충,전북특별자치도,,2.0,,전망자료 부족,낮음,7,2026,"양년 자료 없음, 공통 조사단위 0개, 유효 관측 7건, 결측률 0.0%, 단위별 변화 변동성 100.0점. 제한된 비교 단위 또는 변동성 때문에 보수적으로 낮게 평가합니다. 2024·2026 두 개 연도의 NCPMS 예찰자료만 사용한 상대 위험 전망으로, 기상·재배면적·방제 변화와 2027년 실제 발생을 확정하지 않습니다. ASOS 공통 조사월 0개에서 기온·습도·강수·풍속의 관측 연관성을 추세 연장분에만 최대 ±3점으로 제한 적용(보정 +0점). 2027년 미래 기상값은 생성하거나 가정하지 않았습니다.",전망자료 부족,,,0.0,—,기상근거 부족,0,ASOS 공통 조사월 0개에서 기온·습도·강수·풍속의 관측 연관성을 추세 연장분에만 최대 ±3점으로 제한 적용(보정 +0점). 2027년 미래 기상값은 생성하거나 가정하지 않았습니다.,F27-WX1 설명가능 완화추세,"2024·2026 관측자료와 ASOS 공통 조사월의 연관성을 이용한 상대 위험 전망입니다. 2026년은 부분연도이며, 2027년 실제 기상·발생·확률을 확정하지 않습니다."
배,주경배나무이,해충,충청남도,,44.0,,전망자료 부족,낮음,7,2026,"양년 자료 없음, 공통 조사단위 0개, 유효 관측 7건, 결측률 0.0%, 단위별 변화 변동성 100.0점. 제한된 비교 단위 또는 변동성 때문에 보수적으로 낮게 평가합니다. 2024·2026 두 개 연도의 NCPMS 예찰자료만 사용한 상대 위험 전망으로, 기상·재배면적·방제 변화와 2027년 실제 발생을 확정하지 않습니다. ASOS 공통 조사월 0개에서 기온·습도·강수·풍속의 관측 연관성을 추세 연장분에만 최대 ±3점으로 제한 적용(보정 +0점). 2027년 미래 기상값은 생성하거나 가정하지 않았습니다.",전망자료 부족,,,0.0,—,기상근거 부족,0,ASOS 공통 조사월 0개에서 기온·습도·강수·풍속의 관측 연관성을 추세 연장분에만 최대 ±3점으로 제한 적용(보정 +0점). 2027년 미래 기상값은 생성하거나 가정하지 않았습니다.,F27-WX1 설명가능 완화추세,"2024·2026 관측자료와 ASOS 공통 조사월의 연관성을 이용한 상대 위험 전망입니다. 2026년은 부분연도이며, 2027년 실제 기상·발생·확률을 확정하지 않습니다."
배,주경배나무이,해충,충청북도,,0.0,,전망자료 부족,낮음,7,2026,"양년 자료 없음, 공통 조사단위 0개, 유효 관측 7건, 결측률 0.0%, 단위별 변화 변동성 100.0점. 제한된 비교 단위 또는 변동성 때문에 보수적으로 낮게 평가합니다. 2024·2026 두 개 연도의 NCPMS 예찰자료만 사용한 상대 위험 전망으로, 기상·재배면적·방제 변화와 2027년 실제 발생을 확정하지 않습니다. ASOS 공통 조사월 0개에서 기온·습도·강수·풍속의 관측 연관성을 추세 연장분에만 최대 ±3점으로 제한 적용(보정 +0점). 2027년 미래 기상값은 생성하거나 가정하지 않았습니다.",전망자료 부족,,,0.0,—,기상근거 부족,0,ASOS 공통 조사월 0개에서 기온·습도·강수·풍속의 관측 연관성을 추세 연장분에만 최대 ±3점으로 제한 적용(보정 +0점). 2027년 미래 기상값은 생성하거나 가정하지 않았습니다.,F27-WX1 설명가능 완화추세,"2024·2026 관측자료와 ASOS 공통 조사월의 연관성을 이용한 상대 위험 전망입니다. 2026년은 부분연도이며, 2027년 실제 기상·발생·확률을 확정하지 않습니다."
보리,줄무늬병,병해,경상남도,,0.0,,전망자료 부족,낮음,6,2026,"양년 자료 없음, 공통 조사단위 0개, 유효 관측 6건, 결측률 0.0%, 단위별 변화 변동성 100.0점. 제한된 비교 단위 또는 변동성 때문에 보수적으로 낮게 평가합니다. 2024·2026 두 개 연도의 NCPMS 예찰자료만 사용한 상대 위험 전망으로, 기상·재배면적·방제 변화와 2027년 실제 발생을 확정하지 않습니다. ASOS 공통 조사월 0개에서 기온·습도·강수·풍속의 관측 연관성을 추세 연장분에만 최대 ±3점으로 제한 적용(보정 +0점). 2027년 미래 기상값은 생성하거나 가정하지 않았습니다.",전망자료 부족,,,0.0,—,기상근거 부족,0,ASOS 공통 조사월 0개에서 기온·습도·강수·풍속의 관측 연관성을 추세 연장분에만 최대 ±3점으로 제한 적용(보정 +0점). 2027년 미래 기상값은 생성하거나 가정하지 않았습니다.,F27-WX1 설명가능 완화추세,"2024·2026 관측자료와 ASOS 공통 조사월의 연관성을 이용한 상대 위험 전망입니다. 2026년은 부분연도이며, 2027년 실제 기상·발생·확률을 확정하지 않습니다."
보리,줄무늬병,병해,경상북도,,0.0,,전망자료 부족,낮음,6,2026,"양년 자료 없음, 공통 조사단위 0개, 유효 관측 6건, 결측률 0.0%, 단위별 변화 변동성 100.0점. 제한된 비교 단위 또는 변동성 때문에 보수적으로 낮게 평가합니다. 2024·2026 두 개 연도의 NCPMS 예찰자료만 사용한 상대 위험 전망으로, 기상·재배면적·방제 변화와 2027년 실제 발생을 확정하지 않습니다. ASOS 공통 조사월 0개에서 기온·습도·강수·풍속의 관측 연관성을 추세 연장분에만 최대 ±3점으로 제한 적용(보정 +0점). 2027년 미래 기상값은 생성하거나 가정하지 않았습니다.",전망자료 부족,,,0.0,—,기상근거 부족,0,ASOS 공통 조사월 0개에서 기온·습도·강수·풍속의 관측 연관성을 추세 연장분에만 최대 ±3점으로 제한 적용(보정 +0점). 2027년 미래 기상값은 생성하거나 가정하지 않았습니다.,F27-WX1 설명가능 완화추세,"2024·2026 관측자료와 ASOS 공통 조사월의 연관성을 이용한 상대 위험 전망입니다. 2026년은 부분연도이며, 2027년 실제 기상·발생·확률을 확정하지 않습니다."
보리,줄무늬병,병해,전남광주통합특별시,,0.0,,전망자료 부족,낮음,6,2026,"양년 자료 없음, 공통 조사단위 0개, 유효 관측 6건, 결측률 0.0%, 단위별 변화 변동성 100.0점. 제한된 비교 단위 또는 변동성 때문에 보수적으로 낮게 평가합니다. 2024·2026 두 개 연도의 NCPMS 예찰자료만 사용한 상대 위험 전망으로, 기상·재배면적·방제 변화와 2027년 실제 발생을 확정하지 않습니다. ASOS 공통 조사월 0개에서 기온·습도·강수·풍속의 관측 연관성을 추세 연장분에만 최대 ±3점으로 제한 적용(보정 +0점). 2027년 미래 기상값은 생성하거나 가정하지 않았습니다.",전망자료 부족,,,0.0,—,기상근거 부족,0,ASOS 공통 조사월 0개에서 기온·습도·강수·풍속의 관측 연관성을 추세 연장분에만 최대 ±3점으로 제한 적용(보정 +0점). 2027년 미래 기상값은 생성하거나 가정하지 않았습니다.,F27-WX1 설명가능 완화추세,"2024·2026 관측자료와 ASOS 공통 조사월의 연관성을 이용한 상대 위험 전망입니다. 2026년은 부분연도이며, 2027년 실제 기상·발생·확률을 확정하지 않습니다."
보리,줄무늬병,병해,전북특별자치도,,0.0,,전망자료 부족,낮음,6,2026,"양년 자료 없음, 공통 조사단위 0개, 유효 관측 6건, 결측률 0.0%, 단위별 변화 변동성 100.0점. 제한된 비교 단위 또는 변동성 때문에 보수적으로 낮게 평가합니다. 2024·2026 두 개 연도의 NCPMS 예찰자료만 사용한 상대 위험 전망으로, 기상·재배면적·방제 변화와 2027년 실제 발생을 확정하지 않습니다. ASOS 공통 조사월 0개에서 기온·습도·강수·풍속의 관측 연관성을 추세 연장분에만 최대 ±3점으로 제한 적용(보정 +0점). 2027년 미래 기상값은 생성하거나 가정하지 않았습니다.",전망자료 부족,,,0.0,—,기상근거 부족,0,ASOS 공통 조사월 0개에서 기온·습도·강수·풍속의 관측 연관성을 추세 연장분에만 최대 ±3점으로 제한 적용(보정 +0점). 2027년 미래 기상값은 생성하거나 가정하지 않았습니다.,F27-WX1 설명가능 완화추세,"2024·2026 관측자료와 ASOS 공통 조사월의 연관성을 이용한 상대 위험 전망입니다. 2026년은 부분연도이며, 2027년 실제 기상·발생·확률을 확정하지 않습니다."
보리,줄무늬병,병해,충청남도,,0.0,,전망자료 부족,낮음,6,2026,"양년 자료 없음, 공통 조사단위 0개, 유효 관측 6건, 결측률 0.0%, 단위별 변화 변동성 100.0점. 제한된 비교 단위 또는 변동성 때문에 보수적으로 낮게 평가합니다. 2024·2026 두 개 연도의 NCPMS 예찰자료만 사용한 상대 위험 전망으로, 기상·재배면적·방제 변화와 2027년 실제 발생을 확정하지 않습니다. ASOS 공통 조사월 0개에서 기온·습도·강수·풍속의 관측 연관성을 추세 연장분에만 최대 ±3점으로 제한 적용(보정 +0점). 2027년 미래 기상값은 생성하거나 가정하지 않았습니다.",전망자료 부족,,,0.0,—,기상근거 부족,0,ASOS 공통 조사월 0개에서 기온·습도·강수·풍속의 관측 연관성을 추세 연장분에만 최대 ±3점으로 제한 적용(보정 +0점). 2027년 미래 기상값은 생성하거나 가정하지 않았습니다.,F27-WX1 설명가능 완화추세,"2024·2026 관측자료와 ASOS 공통 조사월의 연관성을 이용한 상대 위험 전망입니다. 2026년은 부분연도이며, 2027년 실제 기상·발생·확률을 확정하지 않습니다."
보리,줄무늬병,병해,충청북도,,0.0,,전망자료 부족,낮음,6,2026,"양년 자료 없음, 공통 조사단위 0개, 유효 관측 6건, 결측률 0.0%, 단위별 변화 변동성 100.0점. 제한된 비교 단위 또는 변동성 때문에 보수적으로 낮게 평가합니다. 2024·2026 두 개 연도의 NCPMS 예찰자료만 사용한 상대 위험 전망으로, 기상·재배면적·방제 변화와 2027년 실제 발생을 확정하지 않습니다. ASOS 공통 조사월 0개에서 기온·습도·강수·풍속의 관측 연관성을 추세 연장분에만 최대 ±3점으로 제한 적용(보정 +0점). 2027년 미래 기상값은 생성하거나 가정하지 않았습니다.",전망자료 부족,,,0.0,—,기상근거 부족,0,ASOS 공통 조사월 0개에서 기온·습도·강수·풍속의 관측 연관성을 추세 연장분에만 최대 ±3점으로 제한 적용(보정 +0점). 2027년 미래 기상값은 생성하거나 가정하지 않았습니다.,F27-WX1 설명가능 완화추세,"2024·2026 관측자료와 ASOS 공통 조사월의 연관성을 이용한 상대 위험 전망입니다. 2026년은 부분연도이며, 2027년 실제 기상·발생·확률을 확정하지 않습니다."
논벼,줄무늬잎마름병,기타,강원특별자치도,0.0,,,전망자료 부족,낮음,8,2024,"양년 자료 없음, 공통 조사단위 0개, 유효 관측 8건, 결측률 0.0%, 단위별 변화 변동성 100.0점. 제한된 비교 단위 또는 변동성 때문에 보수적으로 낮게 평가합니다. 2024·2026 두 개 연도의 NCPMS 예찰자료만 사용한 상대 위험 전망으로, 기상·재배면적·방제 변화와 2027년 실제 발생을 확정하지 않습니다. ASOS 공통 조사월 0개에서 기온·습도·강수·풍속의 관측 연관성을 추세 연장분에만 최대 ±3점으로 제한 적용(보정 +0점). 2027년 미래 기상값은 생성하거나 가정하지 않았습니다.",전망자료 부족,,,0.0,—,기상근거 부족,0,ASOS 공통 조사월 0개에서 기온·습도·강수·풍속의 관측 연관성을 추세 연장분에만 최대 ±3점으로 제한 적용(보정 +0점). 2027년 미래 기상값은 생성하거나 가정하지 않았습니다.,F27-WX1 설명가능 완화추세,"2024·2026 관측자료와 ASOS 공통 조사월의 연관성을 이용한 상대 위험 전망입니다. 2026년은 부분연도이며, 2027년 실제 기상·발생·확률을 확정하지 않습니다."
논벼,줄무늬잎마름병,기타,경기도,0.0,,,전망자료 부족,낮음,8,2024,"양년 자료 없음, 공통 조사단위 0개, 유효 관측 8건, 결측률 0.0%, 단위별 변화 변동성 100.0점. 제한된 비교 단위 또는 변동성 때문에 보수적으로 낮게 평가합니다. 2024·2026 두 개 연도의 NCPMS 예찰자료만 사용한 상대 위험 전망으로, 기상·재배면적·방제 변화와 2027년 실제 발생을 확정하지 않습니다. ASOS 공통 조사월 0개에서 기온·습도·강수·풍속의 관측 연관성을 추세 연장분에만 최대 ±3점으로 제한 적용(보정 +0점). 2027년 미래 기상값은 생성하거나 가정하지 않았습니다.",전망자료 부족,,,0.0,—,기상근거 부족,0,ASOS 공통 조사월 0개에서 기온·습도·강수·풍속의 관측 연관성을 추세 연장분에만 최대 ±3점으로 제한 적용(보정 +0점). 2027년 미래 기상값은 생성하거나 가정하지 않았습니다.,F27-WX1 설명가능 완화추세,"2024·2026 관측자료와 ASOS 공통 조사월의 연관성을 이용한 상대 위험 전망입니다. 2026년은 부분연도이며, 2027년 실제 기상·발생·확률을 확정하지 않습니다."
논벼,줄무늬잎마름병,기타,경상남도,0.0,,,전망자료 부족,낮음,8,2024,"양년 자료 없음, 공통 조사단위 0개, 유효 관측 8건, 결측률 0.0%, 단위별 변화 변동성 100.0점. 제한된 비교 단위 또는 변동성 때문에 보수적으로 낮게 평가합니다. 2024·2026 두 개 연도의 NCPMS 예찰자료만 사용한 상대 위험 전망으로, 기상·재배면적·방제 변화와 2027년 실제 발생을 확정하지 않습니다. ASOS 공통 조사월 0개에서 기온·습도·강수·풍속의 관측 연관성을 추세 연장분에만 최대 ±3점으로 제한 적용(보정 +0점). 2027년 미래 기상값은 생성하거나 가정하지 않았습니다.",전망자료 부족,,,0.0,—,기상근거 부족,0,ASOS 공통 조사월 0개에서 기온·습도·강수·풍속의 관측 연관성을 추세 연장분에만 최대 ±3점으로 제한 적용(보정 +0점). 2027년 미래 기상값은 생성하거나 가정하지 않았습니다.,F27-WX1 설명가능 완화추세,"2024·2026 관측자료와 ASOS 공통 조사월의 연관성을 이용한 상대 위험 전망입니다. 2026년은 부분연도이며, 2027년 실제 기상·발생·확률을 확정하지 않습니다."
논벼,줄무늬잎마름병,기타,경상북도,0.0,,,전망자료 부족,낮음,8,2024,"양년 자료 없음, 공통 조사단위 0개, 유효 관측 8건, 결측률 0.0%, 단위별 변화 변동성 100.0점. 제한된 비교 단위 또는 변동성 때문에 보수적으로 낮게 평가합니다. 2024·2026 두 개 연도의 NCPMS 예찰자료만 사용한 상대 위험 전망으로, 기상·재배면적·방제 변화와 2027년 실제 발생을 확정하지 않습니다. ASOS 공통 조사월 0개에서 기온·습도·강수·풍속의 관측 연관성을 추세 연장분에만 최대 ±3점으로 제한 적용(보정 +0점). 2027년 미래 기상값은 생성하거나 가정하지 않았습니다.",전망자료 부족,,,0.0,—,기상근거 부족,0,ASOS 공통 조사월 0개에서 기온·습도·강수·풍속의 관측 연관성을 추세 연장분에만 최대 ±3점으로 제한 적용(보정 +0점). 2027년 미래 기상값은 생성하거나 가정하지 않았습니다.,F27-WX1 설명가능 완화추세,"2024·2026 관측자료와 ASOS 공통 조사월의 연관성을 이용한 상대 위험 전망입니다. 2026년은 부분연도이며, 2027년 실제 기상·발생·확률을 확정하지 않습니다."
논벼,줄무늬잎마름병,기타,대구광역시,0.0,,,전망자료 부족,낮음,8,2024,"양년 자료 없음, 공통 조사단위 0개, 유효 관측 8건, 결측률 0.0%, 단위별 변화 변동성 100.0점. 제한된 비교 단위 또는 변동성 때문에 보수적으로 낮게 평가합니다. 2024·2026 두 개 연도의 NCPMS 예찰자료만 사용한 상대 위험 전망으로, 기상·재배면적·방제 변화와 2027년 실제 발생을 확정하지 않습니다. ASOS 공통 조사월 0개에서 기온·습도·강수·풍속의 관측 연관성을 추세 연장분에만 최대 ±3점으로 제한 적용(보정 +0점). 2027년 미래 기상값은 생성하거나 가정하지 않았습니다.",전망자료 부족,,,0.0,—,기상근거 부족,0,ASOS 공통 조사월 0개에서 기온·습도·강수·풍속의 관측 연관성을 추세 연장분에만 최대 ±3점으로 제한 적용(보정 +0점). 2027년 미래 기상값은 생성하거나 가정하지 않았습니다.,F27-WX1 설명가능 완화추세,"2024·2026 관측자료와 ASOS 공통 조사월의 연관성을 이용한 상대 위험 전망입니다. 2026년은 부분연도이며, 2027년 실제 기상·발생·확률을 확정하지 않습니다."
논벼,줄무늬잎마름병,기타,대전광역시,0.0,,,전망자료 부족,낮음,8,2024,"양년 자료 없음, 공통 조사단위 0개, 유효 관측 8건, 결측률 0.0%, 단위별 변화 변동성 100.0점. 제한된 비교 단위 또는 변동성 때문에 보수적으로 낮게 평가합니다. 2024·2026 두 개 연도의 NCPMS 예찰자료만 사용한 상대 위험 전망으로, 기상·재배면적·방제 변화와 2027년 실제 발생을 확정하지 않습니다. ASOS 공통 조사월 0개에서 기온·습도·강수·풍속의 관측 연관성을 추세 연장분에만 최대 ±3점으로 제한 적용(보정 +0점). 2027년 미래 기상값은 생성하거나 가정하지 않았습니다.",전망자료 부족,,,0.0,—,기상근거 부족,0,ASOS 공통 조사월 0개에서 기온·습도·강수·풍속의 관측 연관성을 추세 연장분에만 최대 ±3점으로 제한 적용(보정 +0점). 2027년 미래 기상값은 생성하거나 가정하지 않았습니다.,F27-WX1 설명가능 완화추세,"2024·2026 관측자료와 ASOS 공통 조사월의 연관성을 이용한 상대 위험 전망입니다. 2026년은 부분연도이며, 2027년 실제 기상·발생·확률을 확정하지 않습니다."
논벼,줄무늬잎마름병,기타,부산광역시,0.0,,,전망자료 부족,낮음,8,2024,"양년 자료 없음, 공통 조사단위 0개, 유효 관측 8건, 결측률 0.0%, 단위별 변화 변동성 100.0점. 제한된 비교 단위 또는 변동성 때문에 보수적으로 낮게 평가합니다. 2024·2026 두 개 연도의 NCPMS 예찰자료만 사용한 상대 위험 전망으로, 기상·재배면적·방제 변화와 2027년 실제 발생을 확정하지 않습니다. ASOS 공통 조사월 0개에서 기온·습도·강수·풍속의 관측 연관성을 추세 연장분에만 최대 ±3점으로 제한 적용(보정 +0점). 2027년 미래 기상값은 생성하거나 가정하지 않았습니다.",전망자료 부족,,,0.0,—,기상근거 부족,0,ASOS 공통 조사월 0개에서 기온·습도·강수·풍속의 관측 연관성을 추세 연장분에만 최대 ±3점으로 제한 적용(보정 +0점). 2027년 미래 기상값은 생성하거나 가정하지 않았습니다.,F27-WX1 설명가능 완화추세,"2024·2026 관측자료와 ASOS 공통 조사월의 연관성을 이용한 상대 위험 전망입니다. 2026년은 부분연도이며, 2027년 실제 기상·발생·확률을 확정하지 않습니다."
논벼,줄무늬잎마름병,기타,세종특별자치시,0.0,,,전망자료 부족,낮음,8,2024,"양년 자료 없음, 공통 조사단위 0개, 유효 관측 8건, 결측률 0.0%, 단위별 변화 변동성 100.0점. 제한된 비교 단위 또는 변동성 때문에 보수적으로 낮게 평가합니다. 2024·2026 두 개 연도의 NCPMS 예찰자료만 사용한 상대 위험 전망으로, 기상·재배면적·방제 변화와 2027년 실제 발생을 확정하지 않습니다. ASOS 공통 조사월 0개에서 기온·습도·강수·풍속의 관측 연관성을 추세 연장분에만 최대 ±3점으로 제한 적용(보정 +0점). 2027년 미래 기상값은 생성하거나 가정하지 않았습니다.",전망자료 부족,,,0.0,—,기상근거 부족,0,ASOS 공통 조사월 0개에서 기온·습도·강수·풍속의 관측 연관성을 추세 연장분에만 최대 ±3점으로 제한 적용(보정 +0점). 2027년 미래 기상값은 생성하거나 가정하지 않았습니다.,F27-WX1 설명가능 완화추세,"2024·2026 관측자료와 ASOS 공통 조사월의 연관성을 이용한 상대 위험 전망입니다. 2026년은 부분연도이며, 2027년 실제 기상·발생·확률을 확정하지 않습니다."
논벼,줄무늬잎마름병,기타,울산광역시,0.0,,,전망자료 부족,낮음,8,2024,"양년 자료 없음, 공통 조사단위 0개, 유효 관측 8건, 결측률 0.0%, 단위별 변화 변동성 100.0점. 제한된 비교 단위 또는 변동성 때문에 보수적으로 낮게 평가합니다. 2024·2026 두 개 연도의 NCPMS 예찰자료만 사용한 상대 위험 전망으로, 기상·재배면적·방제 변화와 2027년 실제 발생을 확정하지 않습니다. ASOS 공통 조사월 0개에서 기온·습도·강수·풍속의 관측 연관성을 추세 연장분에만 최대 ±3점으로 제한 적용(보정 +0점). 2027년 미래 기상값은 생성하거나 가정하지 않았습니다.",전망자료 부족,,,0.0,—,기상근거 부족,0,ASOS 공통 조사월 0개에서 기온·습도·강수·풍속의 관측 연관성을 추세 연장분에만 최대 ±3점으로 제한 적용(보정 +0점). 2027년 미래 기상값은 생성하거나 가정하지 않았습니다.,F27-WX1 설명가능 완화추세,"2024·2026 관측자료와 ASOS 공통 조사월의 연관성을 이용한 상대 위험 전망입니다. 2026년은 부분연도이며, 2027년 실제 기상·발생·확률을 확정하지 않습니다."
논벼,줄무늬잎마름병,기타,인천광역시,0.0,,,전망자료 부족,낮음,8,2024,"양년 자료 없음, 공통 조사단위 0개, 유효 관측 8건, 결측률 0.0%, 단위별 변화 변동성 100.0점. 제한된 비교 단위 또는 변동성 때문에 보수적으로 낮게 평가합니다. 2024·2026 두 개 연도의 NCPMS 예찰자료만 사용한 상대 위험 전망으로, 기상·재배면적·방제 변화와 2027년 실제 발생을 확정하지 않습니다. ASOS 공통 조사월 0개에서 기온·습도·강수·풍속의 관측 연관성을 추세 연장분에만 최대 ±3점으로 제한 적용(보정 +0점). 2027년 미래 기상값은 생성하거나 가정하지 않았습니다.",전망자료 부족,,,0.0,—,기상근거 부족,0,ASOS 공통 조사월 0개에서 기온·습도·강수·풍속의 관측 연관성을 추세 연장분에만 최대 ±3점으로 제한 적용(보정 +0점). 2027년 미래 기상값은 생성하거나 가정하지 않았습니다.,F27-WX1 설명가능 완화추세,"2024·2026 관측자료와 ASOS 공통 조사월의 연관성을 이용한 상대 위험 전망입니다. 2026년은 부분연도이며, 2027년 실제 기상·발생·확률을 확정하지 않습니다."
논벼,줄무늬잎마름병,기타,전남광주통합특별시,0.0,,,전망자료 부족,낮음,8,2024,"양년 자료 없음, 공통 조사단위 0개, 유효 관측 8건, 결측률 0.0%, 단위별 변화 변동성 100.0점. 제한된 비교 단위 또는 변동성 때문에 보수적으로 낮게 평가합니다. 2024·2026 두 개 연도의 NCPMS 예찰자료만 사용한 상대 위험 전망으로, 기상·재배면적·방제 변화와 2027년 실제 발생을 확정하지 않습니다. ASOS 공통 조사월 0개에서 기온·습도·강수·풍속의 관측 연관성을 추세 연장분에만 최대 ±3점으로 제한 적용(보정 +0점). 2027년 미래 기상값은 생성하거나 가정하지 않았습니다.",전망자료 부족,,,0.0,—,기상근거 부족,0,ASOS 공통 조사월 0개에서 기온·습도·강수·풍속의 관측 연관성을 추세 연장분에만 최대 ±3점으로 제한 적용(보정 +0점). 2027년 미래 기상값은 생성하거나 가정하지 않았습니다.,F27-WX1 설명가능 완화추세,"2024·2026 관측자료와 ASOS 공통 조사월의 연관성을 이용한 상대 위험 전망입니다. 2026년은 부분연도이며, 2027년 실제 기상·발생·확률을 확정하지 않습니다."
논벼,줄무늬잎마름병,기타,전북특별자치도,0.0,,,전망자료 부족,낮음,8,2024,"양년 자료 없음, 공통 조사단위 0개, 유효 관측 8건, 결측률 0.0%, 단위별 변화 변동성 100.0점. 제한된 비교 단위 또는 변동성 때문에 보수적으로 낮게 평가합니다. 2024·2026 두 개 연도의 NCPMS 예찰자료만 사용한 상대 위험 전망으로, 기상·재배면적·방제 변화와 2027년 실제 발생을 확정하지 않습니다. ASOS 공통 조사월 0개에서 기온·습도·강수·풍속의 관측 연관성을 추세 연장분에만 최대 ±3점으로 제한 적용(보정 +0점). 2027년 미래 기상값은 생성하거나 가정하지 않았습니다.",전망자료 부족,,,0.0,—,기상근거 부족,0,ASOS 공통 조사월 0개에서 기온·습도·강수·풍속의 관측 연관성을 추세 연장분에만 최대 ±3점으로 제한 적용(보정 +0점). 2027년 미래 기상값은 생성하거나 가정하지 않았습니다.,F27-WX1 설명가능 완화추세,"2024·2026 관측자료와 ASOS 공통 조사월의 연관성을 이용한 상대 위험 전망입니다. 2026년은 부분연도이며, 2027년 실제 기상·발생·확률을 확정하지 않습니다."
논벼,줄무늬잎마름병,기타,충청남도,0.0,,,전망자료 부족,낮음,8,2024,"양년 자료 없음, 공통 조사단위 0개, 유효 관측 8건, 결측률 0.0%, 단위별 변화 변동성 100.0점. 제한된 비교 단위 또는 변동성 때문에 보수적으로 낮게 평가합니다. 2024·2026 두 개 연도의 NCPMS 예찰자료만 사용한 상대 위험 전망으로, 기상·재배면적·방제 변화와 2027년 실제 발생을 확정하지 않습니다. ASOS 공통 조사월 0개에서 기온·습도·강수·풍속의 관측 연관성을 추세 연장분에만 최대 ±3점으로 제한 적용(보정 +0점). 2027년 미래 기상값은 생성하거나 가정하지 않았습니다.",전망자료 부족,,,0.0,—,기상근거 부족,0,ASOS 공통 조사월 0개에서 기온·습도·강수·풍속의 관측 연관성을 추세 연장분에만 최대 ±3점으로 제한 적용(보정 +0점). 2027년 미래 기상값은 생성하거나 가정하지 않았습니다.,F27-WX1 설명가능 완화추세,"2024·2026 관측자료와 ASOS 공통 조사월의 연관성을 이용한 상대 위험 전망입니다. 2026년은 부분연도이며, 2027년 실제 기상·발생·확률을 확정하지 않습니다."
논벼,줄무늬잎마름병,기타,충청북도,0.0,,,전망자료 부족,낮음,8,2024,"양년 자료 없음, 공통 조사단위 0개, 유효 관측 8건, 결측률 0.0%, 단위별 변화 변동성 100.0점. 제한된 비교 단위 또는 변동성 때문에 보수적으로 낮게 평가합니다. 2024·2026 두 개 연도의 NCPMS 예찰자료만 사용한 상대 위험 전망으로, 기상·재배면적·방제 변화와 2027년 실제 발생을 확정하지 않습니다. ASOS 공통 조사월 0개에서 기온·습도·강수·풍속의 관측 연관성을 추세 연장분에만 최대 ±3점으로 제한 적용(보정 +0점). 2027년 미래 기상값은 생성하거나 가정하지 않았습니다.",전망자료 부족,,,0.0,—,기상근거 부족,0,ASOS 공통 조사월 0개에서 기온·습도·강수·풍속의 관측 연관성을 추세 연장분에만 최대 ±3점으로 제한 적용(보정 +0점). 2027년 미래 기상값은 생성하거나 가정하지 않았습니다.,F27-WX1 설명가능 완화추세,"2024·2026 관측자료와 ASOS 공통 조사월의 연관성을 이용한 상대 위험 전망입니다. 2026년은 부분연도이며, 2027년 실제 기상·발생·확률을 확정하지 않습니다."
감귤,진딧물류,해충,제주특별자치도,,43.0,,전망자료 부족,낮음,7,2026,"양년 자료 없음, 공통 조사단위 0개, 유효 관측 7건, 결측률 0.0%, 단위별 변화 변동성 100.0점. 제한된 비교 단위 또는 변동성 때문에 보수적으로 낮게 평가합니다. 2024·2026 두 개 연도의 NCPMS 예찰자료만 사용한 상대 위험 전망으로, 기상·재배면적·방제 변화와 2027년 실제 발생을 확정하지 않습니다. ASOS 공통 조사월 0개에서 기온·습도·강수·풍속의 관측 연관성을 추세 연장분에만 최대 ±3점으로 제한 적용(보정 +0점). 2027년 미래 기상값은 생성하거나 가정하지 않았습니다.",전망자료 부족,,,0.0,—,기상근거 부족,0,ASOS 공통 조사월 0개에서 기온·습도·강수·풍속의 관측 연관성을 추세 연장분에만 최대 ±3점으로 제한 적용(보정 +0점). 2027년 미래 기상값은 생성하거나 가정하지 않았습니다.,F27-WX1 설명가능 완화추세,"2024·2026 관측자료와 ASOS 공통 조사월의 연관성을 이용한 상대 위험 전망입니다. 2026년은 부분연도이며, 2027년 실제 기상·발생·확률을 확정하지 않습니다."
보리,진딧물류,해충,경상남도,,7.0,,전망자료 부족,낮음,6,2026,"양년 자료 없음, 공통 조사단위 0개, 유효 관측 6건, 결측률 0.0%, 단위별 변화 변동성 100.0점. 제한된 비교 단위 또는 변동성 때문에 보수적으로 낮게 평가합니다. 2024·2026 두 개 연도의 NCPMS 예찰자료만 사용한 상대 위험 전망으로, 기상·재배면적·방제 변화와 2027년 실제 발생을 확정하지 않습니다. ASOS 공통 조사월 0개에서 기온·습도·강수·풍속의 관측 연관성을 추세 연장분에만 최대 ±3점으로 제한 적용(보정 +0점). 2027년 미래 기상값은 생성하거나 가정하지 않았습니다.",전망자료 부족,,,0.0,—,기상근거 부족,0,ASOS 공통 조사월 0개에서 기온·습도·강수·풍속의 관측 연관성을 추세 연장분에만 최대 ±3점으로 제한 적용(보정 +0점). 2027년 미래 기상값은 생성하거나 가정하지 않았습니다.,F27-WX1 설명가능 완화추세,"2024·2026 관측자료와 ASOS 공통 조사월의 연관성을 이용한 상대 위험 전망입니다. 2026년은 부분연도이며, 2027년 실제 기상·발생·확률을 확정하지 않습니다."
보리,진딧물류,해충,경상북도,,0.0,,전망자료 부족,낮음,6,2026,"양년 자료 없음, 공통 조사단위 0개, 유효 관측 6건, 결측률 0.0%, 단위별 변화 변동성 100.0점. 제한된 비교 단위 또는 변동성 때문에 보수적으로 낮게 평가합니다. 2024·2026 두 개 연도의 NCPMS 예찰자료만 사용한 상대 위험 전망으로, 기상·재배면적·방제 변화와 2027년 실제 발생을 확정하지 않습니다. ASOS 공통 조사월 0개에서 기온·습도·강수·풍속의 관측 연관성을 추세 연장분에만 최대 ±3점으로 제한 적용(보정 +0점). 2027년 미래 기상값은 생성하거나 가정하지 않았습니다.",전망자료 부족,,,0.0,—,기상근거 부족,0,ASOS 공통 조사월 0개에서 기온·습도·강수·풍속의 관측 연관성을 추세 연장분에만 최대 ±3점으로 제한 적용(보정 +0점). 2027년 미래 기상값은 생성하거나 가정하지 않았습니다.,F27-WX1 설명가능 완화추세,"2024·2026 관측자료와 ASOS 공통 조사월의 연관성을 이용한 상대 위험 전망입니다. 2026년은 부분연도이며, 2027년 실제 기상·발생·확률을 확정하지 않습니다."
보리,진딧물류,해충,전남광주통합특별시,,0.0,,전망자료 부족,낮음,6,2026,"양년 자료 없음, 공통 조사단위 0개, 유효 관측 6건, 결측률 0.0%, 단위별 변화 변동성 100.0점. 제한된 비교 단위 또는 변동성 때문에 보수적으로 낮게 평가합니다. 2024·2026 두 개 연도의 NCPMS 예찰자료만 사용한 상대 위험 전망으로, 기상·재배면적·방제 변화와 2027년 실제 발생을 확정하지 않습니다. ASOS 공통 조사월 0개에서 기온·습도·강수·풍속의 관측 연관성을 추세 연장분에만 최대 ±3점으로 제한 적용(보정 +0점). 2027년 미래 기상값은 생성하거나 가정하지 않았습니다.",전망자료 부족,,,0.0,—,기상근거 부족,0,ASOS 공통 조사월 0개에서 기온·습도·강수·풍속의 관측 연관성을 추세 연장분에만 최대 ±3점으로 제한 적용(보정 +0점). 2027년 미래 기상값은 생성하거나 가정하지 않았습니다.,F27-WX1 설명가능 완화추세,"2024·2026 관측자료와 ASOS 공통 조사월의 연관성을 이용한 상대 위험 전망입니다. 2026년은 부분연도이며, 2027년 실제 기상·발생·확률을 확정하지 않습니다."
보리,진딧물류,해충,전북특별자치도,,33.0,,전망자료 부족,낮음,6,2026,"양년 자료 없음, 공통 조사단위 0개, 유효 관측 6건, 결측률 0.0%, 단위별 변화 변동성 100.0점. 제한된 비교 단위 또는 변동성 때문에 보수적으로 낮게 평가합니다. 2024·2026 두 개 연도의 NCPMS 예찰자료만 사용한 상대 위험 전망으로, 기상·재배면적·방제 변화와 2027년 실제 발생을 확정하지 않습니다. ASOS 공통 조사월 0개에서 기온·습도·강수·풍속의 관측 연관성을 추세 연장분에만 최대 ±3점으로 제한 적용(보정 +0점). 2027년 미래 기상값은 생성하거나 가정하지 않았습니다.",전망자료 부족,,,0.0,—,기상근거 부족,0,ASOS 공통 조사월 0개에서 기온·습도·강수·풍속의 관측 연관성을 추세 연장분에만 최대 ±3점으로 제한 적용(보정 +0점). 2027년 미래 기상값은 생성하거나 가정하지 않았습니다.,F27-WX1 설명가능 완화추세,"2024·2026 관측자료와 ASOS 공통 조사월의 연관성을 이용한 상대 위험 전망입니다. 2026년은 부분연도이며, 2027년 실제 기상·발생·확률을 확정하지 않습니다."
보리,진딧물류,해충,충청남도,,0.0,,전망자료 부족,낮음,6,2026,"양년 자료 없음, 공통 조사단위 0개, 유효 관측 6건, 결측률 0.0%, 단위별 변화 변동성 100.0점. 제한된 비교 단위 또는 변동성 때문에 보수적으로 낮게 평가합니다. 2024·2026 두 개 연도의 NCPMS 예찰자료만 사용한 상대 위험 전망으로, 기상·재배면적·방제 변화와 2027년 실제 발생을 확정하지 않습니다. ASOS 공통 조사월 0개에서 기온·습도·강수·풍속의 관측 연관성을 추세 연장분에만 최대 ±3점으로 제한 적용(보정 +0점). 2027년 미래 기상값은 생성하거나 가정하지 않았습니다.",전망자료 부족,,,0.0,—,기상근거 부족,0,ASOS 공통 조사월 0개에서 기온·습도·강수·풍속의 관측 연관성을 추세 연장분에만 최대 ±3점으로 제한 적용(보정 +0점). 2027년 미래 기상값은 생성하거나 가정하지 않았습니다.,F27-WX1 설명가능 완화추세,"2024·2026 관측자료와 ASOS 공통 조사월의 연관성을 이용한 상대 위험 전망입니다. 2026년은 부분연도이며, 2027년 실제 기상·발생·확률을 확정하지 않습니다."
보리,진딧물류,해충,충청북도,,0.0,,전망자료 부족,낮음,6,2026,"양년 자료 없음, 공통 조사단위 0개, 유효 관측 6건, 결측률 0.0%, 단위별 변화 변동성 100.0점. 제한된 비교 단위 또는 변동성 때문에 보수적으로 낮게 평가합니다. 2024·2026 두 개 연도의 NCPMS 예찰자료만 사용한 상대 위험 전망으로, 기상·재배면적·방제 변화와 2027년 실제 발생을 확정하지 않습니다. ASOS 공통 조사월 0개에서 기온·습도·강수·풍속의 관측 연관성을 추세 연장분에만 최대 ±3점으로 제한 적용(보정 +0점). 2027년 미래 기상값은 생성하거나 가정하지 않았습니다.",전망자료 부족,,,0.0,—,기상근거 부족,0,ASOS 공통 조사월 0개에서 기온·습도·강수·풍속의 관측 연관성을 추세 연장분에만 최대 ±3점으로 제한 적용(보정 +0점). 2027년 미래 기상값은 생성하거나 가정하지 않았습니다.,F27-WX1 설명가능 완화추세,"2024·2026 관측자료와 ASOS 공통 조사월의 연관성을 이용한 상대 위험 전망입니다. 2026년은 부분연도이며, 2027년 실제 기상·발생·확률을 확정하지 않습니다."
콩,콩꼬투리혹파리,해충,강원특별자치도,,0.0,,전망자료 부족,낮음,5,2026,"양년 자료 없음, 공통 조사단위 0개, 유효 관측 5건, 결측률 0.0%, 단위별 변화 변동성 100.0점. 제한된 비교 단위 또는 변동성 때문에 보수적으로 낮게 평가합니다. 2024·2026 두 개 연도의 NCPMS 예찰자료만 사용한 상대 위험 전망으로, 기상·재배면적·방제 변화와 2027년 실제 발생을 확정하지 않습니다. ASOS 공통 조사월 0개에서 기온·습도·강수·풍속의 관측 연관성을 추세 연장분에만 최대 ±3점으로 제한 적용(보정 +0점). 2027년 미래 기상값은 생성하거나 가정하지 않았습니다.",전망자료 부족,,,0.0,—,기상근거 부족,0,ASOS 공통 조사월 0개에서 기온·습도·강수·풍속의 관측 연관성을 추세 연장분에만 최대 ±3점으로 제한 적용(보정 +0점). 2027년 미래 기상값은 생성하거나 가정하지 않았습니다.,F27-WX1 설명가능 완화추세,"2024·2026 관측자료와 ASOS 공통 조사월의 연관성을 이용한 상대 위험 전망입니다. 2026년은 부분연도이며, 2027년 실제 기상·발생·확률을 확정하지 않습니다."
콩,콩꼬투리혹파리,해충,경기도,,0.0,,전망자료 부족,낮음,5,2026,"양년 자료 없음, 공통 조사단위 0개, 유효 관측 5건, 결측률 0.0%, 단위별 변화 변동성 100.0점. 제한된 비교 단위 또는 변동성 때문에 보수적으로 낮게 평가합니다. 2024·2026 두 개 연도의 NCPMS 예찰자료만 사용한 상대 위험 전망으로, 기상·재배면적·방제 변화와 2027년 실제 발생을 확정하지 않습니다. ASOS 공통 조사월 0개에서 기온·습도·강수·풍속의 관측 연관성을 추세 연장분에만 최대 ±3점으로 제한 적용(보정 +0점). 2027년 미래 기상값은 생성하거나 가정하지 않았습니다.",전망자료 부족,,,0.0,—,기상근거 부족,0,ASOS 공통 조사월 0개에서 기온·습도·강수·풍속의 관측 연관성을 추세 연장분에만 최대 ±3점으로 제한 적용(보정 +0점). 2027년 미래 기상값은 생성하거나 가정하지 않았습니다.,F27-WX1 설명가능 완화추세,"2024·2026 관측자료와 ASOS 공통 조사월의 연관성을 이용한 상대 위험 전망입니다. 2026년은 부분연도이며, 2027년 실제 기상·발생·확률을 확정하지 않습니다."
콩,콩꼬투리혹파리,해충,경상남도,,0.0,,전망자료 부족,낮음,5,2026,"양년 자료 없음, 공통 조사단위 0개, 유효 관측 5건, 결측률 0.0%, 단위별 변화 변동성 100.0점. 제한된 비교 단위 또는 변동성 때문에 보수적으로 낮게 평가합니다. 2024·2026 두 개 연도의 NCPMS 예찰자료만 사용한 상대 위험 전망으로, 기상·재배면적·방제 변화와 2027년 실제 발생을 확정하지 않습니다. ASOS 공통 조사월 0개에서 기온·습도·강수·풍속의 관측 연관성을 추세 연장분에만 최대 ±3점으로 제한 적용(보정 +0점). 2027년 미래 기상값은 생성하거나 가정하지 않았습니다.",전망자료 부족,,,0.0,—,기상근거 부족,0,ASOS 공통 조사월 0개에서 기온·습도·강수·풍속의 관측 연관성을 추세 연장분에만 최대 ±3점으로 제한 적용(보정 +0점). 2027년 미래 기상값은 생성하거나 가정하지 않았습니다.,F27-WX1 설명가능 완화추세,"2024·2026 관측자료와 ASOS 공통 조사월의 연관성을 이용한 상대 위험 전망입니다. 2026년은 부분연도이며, 2027년 실제 기상·발생·확률을 확정하지 않습니다."
콩,콩꼬투리혹파리,해충,경상북도,,0.0,,전망자료 부족,낮음,5,2026,"양년 자료 없음, 공통 조사단위 0개, 유효 관측 5건, 결측률 0.0%, 단위별 변화 변동성 100.0점. 제한된 비교 단위 또는 변동성 때문에 보수적으로 낮게 평가합니다. 2024·2026 두 개 연도의 NCPMS 예찰자료만 사용한 상대 위험 전망으로, 기상·재배면적·방제 변화와 2027년 실제 발생을 확정하지 않습니다. ASOS 공통 조사월 0개에서 기온·습도·강수·풍속의 관측 연관성을 추세 연장분에만 최대 ±3점으로 제한 적용(보정 +0점). 2027년 미래 기상값은 생성하거나 가정하지 않았습니다.",전망자료 부족,,,0.0,—,기상근거 부족,0,ASOS 공통 조사월 0개에서 기온·습도·강수·풍속의 관측 연관성을 추세 연장분에만 최대 ±3점으로 제한 적용(보정 +0점). 2027년 미래 기상값은 생성하거나 가정하지 않았습니다.,F27-WX1 설명가능 완화추세,"2024·2026 관측자료와 ASOS 공통 조사월의 연관성을 이용한 상대 위험 전망입니다. 2026년은 부분연도이며, 2027년 실제 기상·발생·확률을 확정하지 않습니다."
콩,콩꼬투리혹파리,해충,전남광주통합특별시,,0.0,,전망자료 부족,낮음,5,2026,"양년 자료 없음, 공통 조사단위 0개, 유효 관측 5건, 결측률 0.0%, 단위별 변화 변동성 100.0점. 제한된 비교 단위 또는 변동성 때문에 보수적으로 낮게 평가합니다. 2024·2026 두 개 연도의 NCPMS 예찰자료만 사용한 상대 위험 전망으로, 기상·재배면적·방제 변화와 2027년 실제 발생을 확정하지 않습니다. ASOS 공통 조사월 0개에서 기온·습도·강수·풍속의 관측 연관성을 추세 연장분에만 최대 ±3점으로 제한 적용(보정 +0점). 2027년 미래 기상값은 생성하거나 가정하지 않았습니다.",전망자료 부족,,,0.0,—,기상근거 부족,0,ASOS 공통 조사월 0개에서 기온·습도·강수·풍속의 관측 연관성을 추세 연장분에만 최대 ±3점으로 제한 적용(보정 +0점). 2027년 미래 기상값은 생성하거나 가정하지 않았습니다.,F27-WX1 설명가능 완화추세,"2024·2026 관측자료와 ASOS 공통 조사월의 연관성을 이용한 상대 위험 전망입니다. 2026년은 부분연도이며, 2027년 실제 기상·발생·확률을 확정하지 않습니다."
콩,콩꼬투리혹파리,해충,전북특별자치도,,0.0,,전망자료 부족,낮음,5,2026,"양년 자료 없음, 공통 조사단위 0개, 유효 관측 5건, 결측률 0.0%, 단위별 변화 변동성 100.0점. 제한된 비교 단위 또는 변동성 때문에 보수적으로 낮게 평가합니다. 2024·2026 두 개 연도의 NCPMS 예찰자료만 사용한 상대 위험 전망으로, 기상·재배면적·방제 변화와 2027년 실제 발생을 확정하지 않습니다. ASOS 공통 조사월 0개에서 기온·습도·강수·풍속의 관측 연관성을 추세 연장분에만 최대 ±3점으로 제한 적용(보정 +0점). 2027년 미래 기상값은 생성하거나 가정하지 않았습니다.",전망자료 부족,,,0.0,—,기상근거 부족,0,ASOS 공통 조사월 0개에서 기온·습도·강수·풍속의 관측 연관성을 추세 연장분에만 최대 ±3점으로 제한 적용(보정 +0점). 2027년 미래 기상값은 생성하거나 가정하지 않았습니다.,F27-WX1 설명가능 완화추세,"2024·2026 관측자료와 ASOS 공통 조사월의 연관성을 이용한 상대 위험 전망입니다. 2026년은 부분연도이며, 2027년 실제 기상·발생·확률을 확정하지 않습니다."
콩,콩꼬투리혹파리,해충,제주특별자치도,,0.0,,전망자료 부족,낮음,5,2026,"양년 자료 없음, 공통 조사단위 0개, 유효 관측 5건, 결측률 0.0%, 단위별 변화 변동성 100.0점. 제한된 비교 단위 또는 변동성 때문에 보수적으로 낮게 평가합니다. 2024·2026 두 개 연도의 NCPMS 예찰자료만 사용한 상대 위험 전망으로, 기상·재배면적·방제 변화와 2027년 실제 발생을 확정하지 않습니다. ASOS 공통 조사월 0개에서 기온·습도·강수·풍속의 관측 연관성을 추세 연장분에만 최대 ±3점으로 제한 적용(보정 +0점). 2027년 미래 기상값은 생성하거나 가정하지 않았습니다.",전망자료 부족,,,0.0,—,기상근거 부족,0,ASOS 공통 조사월 0개에서 기온·습도·강수·풍속의 관측 연관성을 추세 연장분에만 최대 ±3점으로 제한 적용(보정 +0점). 2027년 미래 기상값은 생성하거나 가정하지 않았습니다.,F27-WX1 설명가능 완화추세,"2024·2026 관측자료와 ASOS 공통 조사월의 연관성을 이용한 상대 위험 전망입니다. 2026년은 부분연도이며, 2027년 실제 기상·발생·확률을 확정하지 않습니다."
콩,콩꼬투리혹파리,해충,충청남도,,0.0,,전망자료 부족,낮음,5,2026,"양년 자료 없음, 공통 조사단위 0개, 유효 관측 5건, 결측률 0.0%, 단위별 변화 변동성 100.0점. 제한된 비교 단위 또는 변동성 때문에 보수적으로 낮게 평가합니다. 2024·2026 두 개 연도의 NCPMS 예찰자료만 사용한 상대 위험 전망으로, 기상·재배면적·방제 변화와 2027년 실제 발생을 확정하지 않습니다. ASOS 공통 조사월 0개에서 기온·습도·강수·풍속의 관측 연관성을 추세 연장분에만 최대 ±3점으로 제한 적용(보정 +0점). 2027년 미래 기상값은 생성하거나 가정하지 않았습니다.",전망자료 부족,,,0.0,—,기상근거 부족,0,ASOS 공통 조사월 0개에서 기온·습도·강수·풍속의 관측 연관성을 추세 연장분에만 최대 ±3점으로 제한 적용(보정 +0점). 2027년 미래 기상값은 생성하거나 가정하지 않았습니다.,F27-WX1 설명가능 완화추세,"2024·2026 관측자료와 ASOS 공통 조사월의 연관성을 이용한 상대 위험 전망입니다. 2026년은 부분연도이며, 2027년 실제 기상·발생·확률을 확정하지 않습니다."
콩,콩꼬투리혹파리,해충,충청북도,,0.0,,전망자료 부족,낮음,5,2026,"양년 자료 없음, 공통 조사단위 0개, 유효 관측 5건, 결측률 0.0%, 단위별 변화 변동성 100.0점. 제한된 비교 단위 또는 변동성 때문에 보수적으로 낮게 평가합니다. 2024·2026 두 개 연도의 NCPMS 예찰자료만 사용한 상대 위험 전망으로, 기상·재배면적·방제 변화와 2027년 실제 발생을 확정하지 않습니다. ASOS 공통 조사월 0개에서 기온·습도·강수·풍속의 관측 연관성을 추세 연장분에만 최대 ±3점으로 제한 적용(보정 +0점). 2027년 미래 기상값은 생성하거나 가정하지 않았습니다.",전망자료 부족,,,0.0,—,기상근거 부족,0,ASOS 공통 조사월 0개에서 기온·습도·강수·풍속의 관측 연관성을 추세 연장분에만 최대 ±3점으로 제한 적용(보정 +0점). 2027년 미래 기상값은 생성하거나 가정하지 않았습니다.,F27-WX1 설명가능 완화추세,"2024·2026 관측자료와 ASOS 공통 조사월의 연관성을 이용한 상대 위험 전망입니다. 2026년은 부분연도이며, 2027년 실제 기상·발생·확률을 확정하지 않습니다."
논벼,키다리병,병해,강원특별자치도,,17.0,,전망자료 부족,낮음,24,2026,"양년 자료 없음, 공통 조사단위 0개, 유효 관측 24건, 결측률 0.0%, 단위별 변화 변동성 100.0점. 제한된 비교 단위 또는 변동성 때문에 보수적으로 낮게 평가합니다. 2024·2026 두 개 연도의 NCPMS 예찰자료만 사용한 상대 위험 전망으로, 기상·재배면적·방제 변화와 2027년 실제 발생을 확정하지 않습니다. ASOS 공통 조사월 0개에서 기온·습도·강수·풍속의 관측 연관성을 추세 연장분에만 최대 ±3점으로 제한 적용(보정 +0점). 2027년 미래 기상값은 생성하거나 가정하지 않았습니다.",전망자료 부족,,,0.0,—,기상근거 부족,0,ASOS 공통 조사월 0개에서 기온·습도·강수·풍속의 관측 연관성을 추세 연장분에만 최대 ±3점으로 제한 적용(보정 +0점). 2027년 미래 기상값은 생성하거나 가정하지 않았습니다.,F27-WX1 설명가능 완화추세,"2024·2026 관측자료와 ASOS 공통 조사월의 연관성을 이용한 상대 위험 전망입니다. 2026년은 부분연도이며, 2027년 실제 기상·발생·확률을 확정하지 않습니다."
논벼,키다리병,병해,경기도,,0.0,,전망자료 부족,낮음,28,2026,"양년 자료 없음, 공통 조사단위 0개, 유효 관측 28건, 결측률 0.0%, 단위별 변화 변동성 100.0점. 제한된 비교 단위 또는 변동성 때문에 보수적으로 낮게 평가합니다. 2024·2026 두 개 연도의 NCPMS 예찰자료만 사용한 상대 위험 전망으로, 기상·재배면적·방제 변화와 2027년 실제 발생을 확정하지 않습니다. ASOS 공통 조사월 0개에서 기온·습도·강수·풍속의 관측 연관성을 추세 연장분에만 최대 ±3점으로 제한 적용(보정 +0점). 2027년 미래 기상값은 생성하거나 가정하지 않았습니다.",전망자료 부족,,,0.0,—,기상근거 부족,0,ASOS 공통 조사월 0개에서 기온·습도·강수·풍속의 관측 연관성을 추세 연장분에만 최대 ±3점으로 제한 적용(보정 +0점). 2027년 미래 기상값은 생성하거나 가정하지 않았습니다.,F27-WX1 설명가능 완화추세,"2024·2026 관측자료와 ASOS 공통 조사월의 연관성을 이용한 상대 위험 전망입니다. 2026년은 부분연도이며, 2027년 실제 기상·발생·확률을 확정하지 않습니다."
논벼,키다리병,병해,경상남도,,17.0,,전망자료 부족,낮음,24,2026,"양년 자료 없음, 공통 조사단위 0개, 유효 관측 24건, 결측률 0.0%, 단위별 변화 변동성 100.0점. 제한된 비교 단위 또는 변동성 때문에 보수적으로 낮게 평가합니다. 2024·2026 두 개 연도의 NCPMS 예찰자료만 사용한 상대 위험 전망으로, 기상·재배면적·방제 변화와 2027년 실제 발생을 확정하지 않습니다. ASOS 공통 조사월 0개에서 기온·습도·강수·풍속의 관측 연관성을 추세 연장분에만 최대 ±3점으로 제한 적용(보정 +0점). 2027년 미래 기상값은 생성하거나 가정하지 않았습니다.",전망자료 부족,,,0.0,—,기상근거 부족,0,ASOS 공통 조사월 0개에서 기온·습도·강수·풍속의 관측 연관성을 추세 연장분에만 최대 ±3점으로 제한 적용(보정 +0점). 2027년 미래 기상값은 생성하거나 가정하지 않았습니다.,F27-WX1 설명가능 완화추세,"2024·2026 관측자료와 ASOS 공통 조사월의 연관성을 이용한 상대 위험 전망입니다. 2026년은 부분연도이며, 2027년 실제 기상·발생·확률을 확정하지 않습니다."
논벼,키다리병,병해,경상북도,,1.0,,전망자료 부족,낮음,24,2026,"양년 자료 없음, 공통 조사단위 0개, 유효 관측 24건, 결측률 0.0%, 단위별 변화 변동성 100.0점. 제한된 비교 단위 또는 변동성 때문에 보수적으로 낮게 평가합니다. 2024·2026 두 개 연도의 NCPMS 예찰자료만 사용한 상대 위험 전망으로, 기상·재배면적·방제 변화와 2027년 실제 발생을 확정하지 않습니다. ASOS 공통 조사월 0개에서 기온·습도·강수·풍속의 관측 연관성을 추세 연장분에만 최대 ±3점으로 제한 적용(보정 +0점). 2027년 미래 기상값은 생성하거나 가정하지 않았습니다.",전망자료 부족,,,0.0,—,기상근거 부족,0,ASOS 공통 조사월 0개에서 기온·습도·강수·풍속의 관측 연관성을 추세 연장분에만 최대 ±3점으로 제한 적용(보정 +0점). 2027년 미래 기상값은 생성하거나 가정하지 않았습니다.,F27-WX1 설명가능 완화추세,"2024·2026 관측자료와 ASOS 공통 조사월의 연관성을 이용한 상대 위험 전망입니다. 2026년은 부분연도이며, 2027년 실제 기상·발생·확률을 확정하지 않습니다."
논벼,키다리병,병해,대구광역시,,0.0,,전망자료 부족,낮음,24,2026,"양년 자료 없음, 공통 조사단위 0개, 유효 관측 24건, 결측률 0.0%, 단위별 변화 변동성 100.0점. 제한된 비교 단위 또는 변동성 때문에 보수적으로 낮게 평가합니다. 2024·2026 두 개 연도의 NCPMS 예찰자료만 사용한 상대 위험 전망으로, 기상·재배면적·방제 변화와 2027년 실제 발생을 확정하지 않습니다. ASOS 공통 조사월 0개에서 기온·습도·강수·풍속의 관측 연관성을 추세 연장분에만 최대 ±3점으로 제한 적용(보정 +0점). 2027년 미래 기상값은 생성하거나 가정하지 않았습니다.",전망자료 부족,,,0.0,—,기상근거 부족,0,ASOS 공통 조사월 0개에서 기온·습도·강수·풍속의 관측 연관성을 추세 연장분에만 최대 ±3점으로 제한 적용(보정 +0점). 2027년 미래 기상값은 생성하거나 가정하지 않았습니다.,F27-WX1 설명가능 완화추세,"2024·2026 관측자료와 ASOS 공통 조사월의 연관성을 이용한 상대 위험 전망입니다. 2026년은 부분연도이며, 2027년 실제 기상·발생·확률을 확정하지 않습니다."
논벼,키다리병,병해,대전광역시,,0.0,,전망자료 부족,낮음,24,2026,"양년 자료 없음, 공통 조사단위 0개, 유효 관측 24건, 결측률 0.0%, 단위별 변화 변동성 100.0점. 제한된 비교 단위 또는 변동성 때문에 보수적으로 낮게 평가합니다. 2024·2026 두 개 연도의 NCPMS 예찰자료만 사용한 상대 위험 전망으로, 기상·재배면적·방제 변화와 2027년 실제 발생을 확정하지 않습니다. ASOS 공통 조사월 0개에서 기온·습도·강수·풍속의 관측 연관성을 추세 연장분에만 최대 ±3점으로 제한 적용(보정 +0점). 2027년 미래 기상값은 생성하거나 가정하지 않았습니다.",전망자료 부족,,,0.0,—,기상근거 부족,0,ASOS 공통 조사월 0개에서 기온·습도·강수·풍속의 관측 연관성을 추세 연장분에만 최대 ±3점으로 제한 적용(보정 +0점). 2027년 미래 기상값은 생성하거나 가정하지 않았습니다.,F27-WX1 설명가능 완화추세,"2024·2026 관측자료와 ASOS 공통 조사월의 연관성을 이용한 상대 위험 전망입니다. 2026년은 부분연도이며, 2027년 실제 기상·발생·확률을 확정하지 않습니다."
논벼,키다리병,병해,부산광역시,,13.0,,전망자료 부족,낮음,24,2026,"양년 자료 없음, 공통 조사단위 0개, 유효 관측 24건, 결측률 0.0%, 단위별 변화 변동성 100.0점. 제한된 비교 단위 또는 변동성 때문에 보수적으로 낮게 평가합니다. 2024·2026 두 개 연도의 NCPMS 예찰자료만 사용한 상대 위험 전망으로, 기상·재배면적·방제 변화와 2027년 실제 발생을 확정하지 않습니다. ASOS 공통 조사월 0개에서 기온·습도·강수·풍속의 관측 연관성을 추세 연장분에만 최대 ±3점으로 제한 적용(보정 +0점). 2027년 미래 기상값은 생성하거나 가정하지 않았습니다.",전망자료 부족,,,0.0,—,기상근거 부족,0,ASOS 공통 조사월 0개에서 기온·습도·강수·풍속의 관측 연관성을 추세 연장분에만 최대 ±3점으로 제한 적용(보정 +0점). 2027년 미래 기상값은 생성하거나 가정하지 않았습니다.,F27-WX1 설명가능 완화추세,"2024·2026 관측자료와 ASOS 공통 조사월의 연관성을 이용한 상대 위험 전망입니다. 2026년은 부분연도이며, 2027년 실제 기상·발생·확률을 확정하지 않습니다."
논벼,키다리병,병해,세종특별자치시,,0.0,,전망자료 부족,낮음,20,2026,"양년 자료 없음, 공통 조사단위 0개, 유효 관측 20건, 결측률 0.0%, 단위별 변화 변동성 100.0점. 제한된 비교 단위 또는 변동성 때문에 보수적으로 낮게 평가합니다. 2024·2026 두 개 연도의 NCPMS 예찰자료만 사용한 상대 위험 전망으로, 기상·재배면적·방제 변화와 2027년 실제 발생을 확정하지 않습니다. ASOS 공통 조사월 0개에서 기온·습도·강수·풍속의 관측 연관성을 추세 연장분에만 최대 ±3점으로 제한 적용(보정 +0점). 2027년 미래 기상값은 생성하거나 가정하지 않았습니다.",전망자료 부족,,,0.0,—,기상근거 부족,0,ASOS 공통 조사월 0개에서 기온·습도·강수·풍속의 관측 연관성을 추세 연장분에만 최대 ±3점으로 제한 적용(보정 +0점). 2027년 미래 기상값은 생성하거나 가정하지 않았습니다.,F27-WX1 설명가능 완화추세,"2024·2026 관측자료와 ASOS 공통 조사월의 연관성을 이용한 상대 위험 전망입니다. 2026년은 부분연도이며, 2027년 실제 기상·발생·확률을 확정하지 않습니다."
논벼,키다리병,병해,울산광역시,,0.0,,전망자료 부족,낮음,24,2026,"양년 자료 없음, 공통 조사단위 0개, 유효 관측 24건, 결측률 0.0%, 단위별 변화 변동성 100.0점. 제한된 비교 단위 또는 변동성 때문에 보수적으로 낮게 평가합니다. 2024·2026 두 개 연도의 NCPMS 예찰자료만 사용한 상대 위험 전망으로, 기상·재배면적·방제 변화와 2027년 실제 발생을 확정하지 않습니다. ASOS 공통 조사월 0개에서 기온·습도·강수·풍속의 관측 연관성을 추세 연장분에만 최대 ±3점으로 제한 적용(보정 +0점). 2027년 미래 기상값은 생성하거나 가정하지 않았습니다.",전망자료 부족,,,0.0,—,기상근거 부족,0,ASOS 공통 조사월 0개에서 기온·습도·강수·풍속의 관측 연관성을 추세 연장분에만 최대 ±3점으로 제한 적용(보정 +0점). 2027년 미래 기상값은 생성하거나 가정하지 않았습니다.,F27-WX1 설명가능 완화추세,"2024·2026 관측자료와 ASOS 공통 조사월의 연관성을 이용한 상대 위험 전망입니다. 2026년은 부분연도이며, 2027년 실제 기상·발생·확률을 확정하지 않습니다."
논벼,키다리병,병해,인천광역시,,0.0,,전망자료 부족,낮음,24,2026,"양년 자료 없음, 공통 조사단위 0개, 유효 관측 24건, 결측률 0.0%, 단위별 변화 변동성 100.0점. 제한된 비교 단위 또는 변동성 때문에 보수적으로 낮게 평가합니다. 2024·2026 두 개 연도의 NCPMS 예찰자료만 사용한 상대 위험 전망으로, 기상·재배면적·방제 변화와 2027년 실제 발생을 확정하지 않습니다. ASOS 공통 조사월 0개에서 기온·습도·강수·풍속의 관측 연관성을 추세 연장분에만 최대 ±3점으로 제한 적용(보정 +0점). 2027년 미래 기상값은 생성하거나 가정하지 않았습니다.",전망자료 부족,,,0.0,—,기상근거 부족,0,ASOS 공통 조사월 0개에서 기온·습도·강수·풍속의 관측 연관성을 추세 연장분에만 최대 ±3점으로 제한 적용(보정 +0점). 2027년 미래 기상값은 생성하거나 가정하지 않았습니다.,F27-WX1 설명가능 완화추세,"2024·2026 관측자료와 ASOS 공통 조사월의 연관성을 이용한 상대 위험 전망입니다. 2026년은 부분연도이며, 2027년 실제 기상·발생·확률을 확정하지 않습니다."
논벼,키다리병,병해,전남광주통합특별시,,29.0,,전망자료 부족,낮음,24,2026,"양년 자료 없음, 공통 조사단위 0개, 유효 관측 24건, 결측률 0.0%, 단위별 변화 변동성 100.0점. 제한된 비교 단위 또는 변동성 때문에 보수적으로 낮게 평가합니다. 2024·2026 두 개 연도의 NCPMS 예찰자료만 사용한 상대 위험 전망으로, 기상·재배면적·방제 변화와 2027년 실제 발생을 확정하지 않습니다. ASOS 공통 조사월 0개에서 기온·습도·강수·풍속의 관측 연관성을 추세 연장분에만 최대 ±3점으로 제한 적용(보정 +0점). 2027년 미래 기상값은 생성하거나 가정하지 않았습니다.",전망자료 부족,,,0.0,—,기상근거 부족,0,ASOS 공통 조사월 0개에서 기온·습도·강수·풍속의 관측 연관성을 추세 연장분에만 최대 ±3점으로 제한 적용(보정 +0점). 2027년 미래 기상값은 생성하거나 가정하지 않았습니다.,F27-WX1 설명가능 완화추세,"2024·2026 관측자료와 ASOS 공통 조사월의 연관성을 이용한 상대 위험 전망입니다. 2026년은 부분연도이며, 2027년 실제 기상·발생·확률을 확정하지 않습니다."
논벼,키다리병,병해,전북특별자치도,,1.0,,전망자료 부족,낮음,24,2026,"양년 자료 없음, 공통 조사단위 0개, 유효 관측 24건, 결측률 0.0%, 단위별 변화 변동성 100.0점. 제한된 비교 단위 또는 변동성 때문에 보수적으로 낮게 평가합니다. 2024·2026 두 개 연도의 NCPMS 예찰자료만 사용한 상대 위험 전망으로, 기상·재배면적·방제 변화와 2027년 실제 발생을 확정하지 않습니다. ASOS 공통 조사월 0개에서 기온·습도·강수·풍속의 관측 연관성을 추세 연장분에만 최대 ±3점으로 제한 적용(보정 +0점). 2027년 미래 기상값은 생성하거나 가정하지 않았습니다.",전망자료 부족,,,0.0,—,기상근거 부족,0,ASOS 공통 조사월 0개에서 기온·습도·강수·풍속의 관측 연관성을 추세 연장분에만 최대 ±3점으로 제한 적용(보정 +0점). 2027년 미래 기상값은 생성하거나 가정하지 않았습니다.,F27-WX1 설명가능 완화추세,"2024·2026 관측자료와 ASOS 공통 조사월의 연관성을 이용한 상대 위험 전망입니다. 2026년은 부분연도이며, 2027년 실제 기상·발생·확률을 확정하지 않습니다."
논벼,키다리병,병해,충청남도,,33.0,,전망자료 부족,낮음,24,2026,"양년 자료 없음, 공통 조사단위 0개, 유효 관측 24건, 결측률 0.0%, 단위별 변화 변동성 100.0점. 제한된 비교 단위 또는 변동성 때문에 보수적으로 낮게 평가합니다. 2024·2026 두 개 연도의 NCPMS 예찰자료만 사용한 상대 위험 전망으로, 기상·재배면적·방제 변화와 2027년 실제 발생을 확정하지 않습니다. ASOS 공통 조사월 0개에서 기온·습도·강수·풍속의 관측 연관성을 추세 연장분에만 최대 ±3점으로 제한 적용(보정 +0점). 2027년 미래 기상값은 생성하거나 가정하지 않았습니다.",전망자료 부족,,,0.0,—,기상근거 부족,0,ASOS 공통 조사월 0개에서 기온·습도·강수·풍속의 관측 연관성을 추세 연장분에만 최대 ±3점으로 제한 적용(보정 +0점). 2027년 미래 기상값은 생성하거나 가정하지 않았습니다.,F27-WX1 설명가능 완화추세,"2024·2026 관측자료와 ASOS 공통 조사월의 연관성을 이용한 상대 위험 전망입니다. 2026년은 부분연도이며, 2027년 실제 기상·발생·확률을 확정하지 않습니다."
논벼,키다리병,병해,충청북도,,0.0,,전망자료 부족,낮음,28,2026,"양년 자료 없음, 공통 조사단위 0개, 유효 관측 28건, 결측률 0.0%, 단위별 변화 변동성 100.0점. 제한된 비교 단위 또는 변동성 때문에 보수적으로 낮게 평가합니다. 2024·2026 두 개 연도의 NCPMS 예찰자료만 사용한 상대 위험 전망으로, 기상·재배면적·방제 변화와 2027년 실제 발생을 확정하지 않습니다. ASOS 공통 조사월 0개에서 기온·습도·강수·풍속의 관측 연관성을 추세 연장분에만 최대 ±3점으로 제한 적용(보정 +0점). 2027년 미래 기상값은 생성하거나 가정하지 않았습니다.",전망자료 부족,,,0.0,—,기상근거 부족,0,ASOS 공통 조사월 0개에서 기온·습도·강수·풍속의 관측 연관성을 추세 연장분에만 최대 ±3점으로 제한 적용(보정 +0점). 2027년 미래 기상값은 생성하거나 가정하지 않았습니다.,F27-WX1 설명가능 완화추세,"2024·2026 관측자료와 ASOS 공통 조사월의 연관성을 이용한 상대 위험 전망입니다. 2026년은 부분연도이며, 2027년 실제 기상·발생·확률을 확정하지 않습니다."
감,탄저병,병해,경상남도,,11.0,,전망자료 부족,낮음,7,2026,"양년 자료 없음, 공통 조사단위 0개, 유효 관측 7건, 결측률 0.0%, 단위별 변화 변동성 100.0점. 제한된 비교 단위 또는 변동성 때문에 보수적으로 낮게 평가합니다. 2024·2026 두 개 연도의 NCPMS 예찰자료만 사용한 상대 위험 전망으로, 기상·재배면적·방제 변화와 2027년 실제 발생을 확정하지 않습니다. ASOS 공통 조사월 0개에서 기온·습도·강수·풍속의 관측 연관성을 추세 연장분에만 최대 ±3점으로 제한 적용(보정 +0점). 2027년 미래 기상값은 생성하거나 가정하지 않았습니다.",전망자료 부족,,,0.0,—,기상근거 부족,0,ASOS 공통 조사월 0개에서 기온·습도·강수·풍속의 관측 연관성을 추세 연장분에만 최대 ±3점으로 제한 적용(보정 +0점). 2027년 미래 기상값은 생성하거나 가정하지 않았습니다.,F27-WX1 설명가능 완화추세,"2024·2026 관측자료와 ASOS 공통 조사월의 연관성을 이용한 상대 위험 전망입니다. 2026년은 부분연도이며, 2027년 실제 기상·발생·확률을 확정하지 않습니다."
감,탄저병,병해,경상북도,,34.0,,전망자료 부족,낮음,7,2026,"양년 자료 없음, 공통 조사단위 0개, 유효 관측 7건, 결측률 0.0%, 단위별 변화 변동성 100.0점. 제한된 비교 단위 또는 변동성 때문에 보수적으로 낮게 평가합니다. 2024·2026 두 개 연도의 NCPMS 예찰자료만 사용한 상대 위험 전망으로, 기상·재배면적·방제 변화와 2027년 실제 발생을 확정하지 않습니다. ASOS 공통 조사월 0개에서 기온·습도·강수·풍속의 관측 연관성을 추세 연장분에만 최대 ±3점으로 제한 적용(보정 +0점). 2027년 미래 기상값은 생성하거나 가정하지 않았습니다.",전망자료 부족,,,0.0,—,기상근거 부족,0,ASOS 공통 조사월 0개에서 기온·습도·강수·풍속의 관측 연관성을 추세 연장분에만 최대 ±3점으로 제한 적용(보정 +0점). 2027년 미래 기상값은 생성하거나 가정하지 않았습니다.,F27-WX1 설명가능 완화추세,"2024·2026 관측자료와 ASOS 공통 조사월의 연관성을 이용한 상대 위험 전망입니다. 2026년은 부분연도이며, 2027년 실제 기상·발생·확률을 확정하지 않습니다."
감,탄저병,병해,울산광역시,,12.0,,전망자료 부족,낮음,6,2026,"양년 자료 없음, 공통 조사단위 0개, 유효 관측 6건, 결측률 0.0%, 단위별 변화 변동성 100.0점. 제한된 비교 단위 또는 변동성 때문에 보수적으로 낮게 평가합니다. 2024·2026 두 개 연도의 NCPMS 예찰자료만 사용한 상대 위험 전망으로, 기상·재배면적·방제 변화와 2027년 실제 발생을 확정하지 않습니다. ASOS 공통 조사월 0개에서 기온·습도·강수·풍속의 관측 연관성을 추세 연장분에만 최대 ±3점으로 제한 적용(보정 +0점). 2027년 미래 기상값은 생성하거나 가정하지 않았습니다.",전망자료 부족,,,0.0,—,기상근거 부족,0,ASOS 공통 조사월 0개에서 기온·습도·강수·풍속의 관측 연관성을 추세 연장분에만 최대 ±3점으로 제한 적용(보정 +0점). 2027년 미래 기상값은 생성하거나 가정하지 않았습니다.,F27-WX1 설명가능 완화추세,"2024·2026 관측자료와 ASOS 공통 조사월의 연관성을 이용한 상대 위험 전망입니다. 2026년은 부분연도이며, 2027년 실제 기상·발생·확률을 확정하지 않습니다."
감,탄저병,병해,전남광주통합특별시,,0.0,,전망자료 부족,낮음,7,2026,"양년 자료 없음, 공통 조사단위 0개, 유효 관측 7건, 결측률 0.0%, 단위별 변화 변동성 100.0점. 제한된 비교 단위 또는 변동성 때문에 보수적으로 낮게 평가합니다. 2024·2026 두 개 연도의 NCPMS 예찰자료만 사용한 상대 위험 전망으로, 기상·재배면적·방제 변화와 2027년 실제 발생을 확정하지 않습니다. ASOS 공통 조사월 0개에서 기온·습도·강수·풍속의 관측 연관성을 추세 연장분에만 최대 ±3점으로 제한 적용(보정 +0점). 2027년 미래 기상값은 생성하거나 가정하지 않았습니다.",전망자료 부족,,,0.0,—,기상근거 부족,0,ASOS 공통 조사월 0개에서 기온·습도·강수·풍속의 관측 연관성을 추세 연장분에만 최대 ±3점으로 제한 적용(보정 +0점). 2027년 미래 기상값은 생성하거나 가정하지 않았습니다.,F27-WX1 설명가능 완화추세,"2024·2026 관측자료와 ASOS 공통 조사월의 연관성을 이용한 상대 위험 전망입니다. 2026년은 부분연도이며, 2027년 실제 기상·발생·확률을 확정하지 않습니다."
고추,탄저병,병해,강원특별자치도,0.0,,,전망자료 부족,낮음,2,2024,"양년 자료 없음, 공통 조사단위 0개, 유효 관측 2건, 결측률 0.0%, 단위별 변화 변동성 100.0점. 제한된 비교 단위 또는 변동성 때문에 보수적으로 낮게 평가합니다. 2024·2026 두 개 연도의 NCPMS 예찰자료만 사용한 상대 위험 전망으로, 기상·재배면적·방제 변화와 2027년 실제 발생을 확정하지 않습니다. ASOS 공통 조사월 0개에서 기온·습도·강수·풍속의 관측 연관성을 추세 연장분에만 최대 ±3점으로 제한 적용(보정 +0점). 2027년 미래 기상값은 생성하거나 가정하지 않았습니다.",전망자료 부족,,,0.0,—,기상근거 부족,0,ASOS 공통 조사월 0개에서 기온·습도·강수·풍속의 관측 연관성을 추세 연장분에만 최대 ±3점으로 제한 적용(보정 +0점). 2027년 미래 기상값은 생성하거나 가정하지 않았습니다.,F27-WX1 설명가능 완화추세,"2024·2026 관측자료와 ASOS 공통 조사월의 연관성을 이용한 상대 위험 전망입니다. 2026년은 부분연도이며, 2027년 실제 기상·발생·확률을 확정하지 않습니다."
고추,탄저병,병해,경기도,0.0,,,전망자료 부족,낮음,2,2024,"양년 자료 없음, 공통 조사단위 0개, 유효 관측 2건, 결측률 0.0%, 단위별 변화 변동성 100.0점. 제한된 비교 단위 또는 변동성 때문에 보수적으로 낮게 평가합니다. 2024·2026 두 개 연도의 NCPMS 예찰자료만 사용한 상대 위험 전망으로, 기상·재배면적·방제 변화와 2027년 실제 발생을 확정하지 않습니다. ASOS 공통 조사월 0개에서 기온·습도·강수·풍속의 관측 연관성을 추세 연장분에만 최대 ±3점으로 제한 적용(보정 +0점). 2027년 미래 기상값은 생성하거나 가정하지 않았습니다.",전망자료 부족,,,0.0,—,기상근거 부족,0,ASOS 공통 조사월 0개에서 기온·습도·강수·풍속의 관측 연관성을 추세 연장분에만 최대 ±3점으로 제한 적용(보정 +0점). 2027년 미래 기상값은 생성하거나 가정하지 않았습니다.,F27-WX1 설명가능 완화추세,"2024·2026 관측자료와 ASOS 공통 조사월의 연관성을 이용한 상대 위험 전망입니다. 2026년은 부분연도이며, 2027년 실제 기상·발생·확률을 확정하지 않습니다."
고추,탄저병,병해,경상남도,0.0,,,전망자료 부족,낮음,2,2024,"양년 자료 없음, 공통 조사단위 0개, 유효 관측 2건, 결측률 0.0%, 단위별 변화 변동성 100.0점. 제한된 비교 단위 또는 변동성 때문에 보수적으로 낮게 평가합니다. 2024·2026 두 개 연도의 NCPMS 예찰자료만 사용한 상대 위험 전망으로, 기상·재배면적·방제 변화와 2027년 실제 발생을 확정하지 않습니다. ASOS 공통 조사월 0개에서 기온·습도·강수·풍속의 관측 연관성을 추세 연장분에만 최대 ±3점으로 제한 적용(보정 +0점). 2027년 미래 기상값은 생성하거나 가정하지 않았습니다.",전망자료 부족,,,0.0,—,기상근거 부족,0,ASOS 공통 조사월 0개에서 기온·습도·강수·풍속의 관측 연관성을 추세 연장분에만 최대 ±3점으로 제한 적용(보정 +0점). 2027년 미래 기상값은 생성하거나 가정하지 않았습니다.,F27-WX1 설명가능 완화추세,"2024·2026 관측자료와 ASOS 공통 조사월의 연관성을 이용한 상대 위험 전망입니다. 2026년은 부분연도이며, 2027년 실제 기상·발생·확률을 확정하지 않습니다."
고추,탄저병,병해,경상북도,0.0,,,전망자료 부족,낮음,9,2024,"양년 자료 없음, 공통 조사단위 0개, 유효 관측 9건, 결측률 0.0%, 단위별 변화 변동성 100.0점. 제한된 비교 단위 또는 변동성 때문에 보수적으로 낮게 평가합니다. 2024·2026 두 개 연도의 NCPMS 예찰자료만 사용한 상대 위험 전망으로, 기상·재배면적·방제 변화와 2027년 실제 발생을 확정하지 않습니다. ASOS 공통 조사월 0개에서 기온·습도·강수·풍속의 관측 연관성을 추세 연장분에만 최대 ±3점으로 제한 적용(보정 +0점). 2027년 미래 기상값은 생성하거나 가정하지 않았습니다.",전망자료 부족,,,0.0,—,기상근거 부족,0,ASOS 공통 조사월 0개에서 기온·습도·강수·풍속의 관측 연관성을 추세 연장분에만 최대 ±3점으로 제한 적용(보정 +0점). 2027년 미래 기상값은 생성하거나 가정하지 않았습니다.,F27-WX1 설명가능 완화추세,"2024·2026 관측자료와 ASOS 공통 조사월의 연관성을 이용한 상대 위험 전망입니다. 2026년은 부분연도이며, 2027년 실제 기상·발생·확률을 확정하지 않습니다."
고추,탄저병,병해,대구광역시,0.0,,,전망자료 부족,낮음,2,2024,"양년 자료 없음, 공통 조사단위 0개, 유효 관측 2건, 결측률 0.0%, 단위별 변화 변동성 100.0점. 제한된 비교 단위 또는 변동성 때문에 보수적으로 낮게 평가합니다. 2024·2026 두 개 연도의 NCPMS 예찰자료만 사용한 상대 위험 전망으로, 기상·재배면적·방제 변화와 2027년 실제 발생을 확정하지 않습니다. ASOS 공통 조사월 0개에서 기온·습도·강수·풍속의 관측 연관성을 추세 연장분에만 최대 ±3점으로 제한 적용(보정 +0점). 2027년 미래 기상값은 생성하거나 가정하지 않았습니다.",전망자료 부족,,,0.0,—,기상근거 부족,0,ASOS 공통 조사월 0개에서 기온·습도·강수·풍속의 관측 연관성을 추세 연장분에만 최대 ±3점으로 제한 적용(보정 +0점). 2027년 미래 기상값은 생성하거나 가정하지 않았습니다.,F27-WX1 설명가능 완화추세,"2024·2026 관측자료와 ASOS 공통 조사월의 연관성을 이용한 상대 위험 전망입니다. 2026년은 부분연도이며, 2027년 실제 기상·발생·확률을 확정하지 않습니다."
고추,탄저병,병해,전남광주통합특별시,0.0,,,전망자료 부족,낮음,2,2024,"양년 자료 없음, 공통 조사단위 0개, 유효 관측 2건, 결측률 0.0%, 단위별 변화 변동성 100.0점. 제한된 비교 단위 또는 변동성 때문에 보수적으로 낮게 평가합니다. 2024·2026 두 개 연도의 NCPMS 예찰자료만 사용한 상대 위험 전망으로, 기상·재배면적·방제 변화와 2027년 실제 발생을 확정하지 않습니다. ASOS 공통 조사월 0개에서 기온·습도·강수·풍속의 관측 연관성을 추세 연장분에만 최대 ±3점으로 제한 적용(보정 +0점). 2027년 미래 기상값은 생성하거나 가정하지 않았습니다.",전망자료 부족,,,0.0,—,기상근거 부족,0,ASOS 공통 조사월 0개에서 기온·습도·강수·풍속의 관측 연관성을 추세 연장분에만 최대 ±3점으로 제한 적용(보정 +0점). 2027년 미래 기상값은 생성하거나 가정하지 않았습니다.,F27-WX1 설명가능 완화추세,"2024·2026 관측자료와 ASOS 공통 조사월의 연관성을 이용한 상대 위험 전망입니다. 2026년은 부분연도이며, 2027년 실제 기상·발생·확률을 확정하지 않습니다."
고추,탄저병,병해,전북특별자치도,100.0,,,전망자료 부족,낮음,2,2024,"양년 자료 없음, 공통 조사단위 0개, 유효 관측 2건, 결측률 0.0%, 단위별 변화 변동성 100.0점. 제한된 비교 단위 또는 변동성 때문에 보수적으로 낮게 평가합니다. 2024·2026 두 개 연도의 NCPMS 예찰자료만 사용한 상대 위험 전망으로, 기상·재배면적·방제 변화와 2027년 실제 발생을 확정하지 않습니다. ASOS 공통 조사월 0개에서 기온·습도·강수·풍속의 관측 연관성을 추세 연장분에만 최대 ±3점으로 제한 적용(보정 +0점). 2027년 미래 기상값은 생성하거나 가정하지 않았습니다.",전망자료 부족,,,0.0,—,기상근거 부족,0,ASOS 공통 조사월 0개에서 기온·습도·강수·풍속의 관측 연관성을 추세 연장분에만 최대 ±3점으로 제한 적용(보정 +0점). 2027년 미래 기상값은 생성하거나 가정하지 않았습니다.,F27-WX1 설명가능 완화추세,"2024·2026 관측자료와 ASOS 공통 조사월의 연관성을 이용한 상대 위험 전망입니다. 2026년은 부분연도이며, 2027년 실제 기상·발생·확률을 확정하지 않습니다."
고추,탄저병,병해,충청남도,0.0,,,전망자료 부족,낮음,3,2024,"양년 자료 없음, 공통 조사단위 0개, 유효 관측 3건, 결측률 0.0%, 단위별 변화 변동성 100.0점. 제한된 비교 단위 또는 변동성 때문에 보수적으로 낮게 평가합니다. 2024·2026 두 개 연도의 NCPMS 예찰자료만 사용한 상대 위험 전망으로, 기상·재배면적·방제 변화와 2027년 실제 발생을 확정하지 않습니다. ASOS 공통 조사월 0개에서 기온·습도·강수·풍속의 관측 연관성을 추세 연장분에만 최대 ±3점으로 제한 적용(보정 +0점). 2027년 미래 기상값은 생성하거나 가정하지 않았습니다.",전망자료 부족,,,0.0,—,기상근거 부족,0,ASOS 공통 조사월 0개에서 기온·습도·강수·풍속의 관측 연관성을 추세 연장분에만 최대 ±3점으로 제한 적용(보정 +0점). 2027년 미래 기상값은 생성하거나 가정하지 않았습니다.,F27-WX1 설명가능 완화추세,"2024·2026 관측자료와 ASOS 공통 조사월의 연관성을 이용한 상대 위험 전망입니다. 2026년은 부분연도이며, 2027년 실제 기상·발생·확률을 확정하지 않습니다."
고추,탄저병,병해,충청북도,0.0,,,전망자료 부족,낮음,2,2024,"양년 자료 없음, 공통 조사단위 0개, 유효 관측 2건, 결측률 0.0%, 단위별 변화 변동성 100.0점. 제한된 비교 단위 또는 변동성 때문에 보수적으로 낮게 평가합니다. 2024·2026 두 개 연도의 NCPMS 예찰자료만 사용한 상대 위험 전망으로, 기상·재배면적·방제 변화와 2027년 실제 발생을 확정하지 않습니다. ASOS 공통 조사월 0개에서 기온·습도·강수·풍속의 관측 연관성을 추세 연장분에만 최대 ±3점으로 제한 적용(보정 +0점). 2027년 미래 기상값은 생성하거나 가정하지 않았습니다.",전망자료 부족,,,0.0,—,기상근거 부족,0,ASOS 공통 조사월 0개에서 기온·습도·강수·풍속의 관측 연관성을 추세 연장분에만 최대 ±3점으로 제한 적용(보정 +0점). 2027년 미래 기상값은 생성하거나 가정하지 않았습니다.,F27-WX1 설명가능 완화추세,"2024·2026 관측자료와 ASOS 공통 조사월의 연관성을 이용한 상대 위험 전망입니다. 2026년은 부분연도이며, 2027년 실제 기상·발생·확률을 확정하지 않습니다."
복숭아,탄저병,병해,강원특별자치도,,0.0,,전망자료 부족,낮음,7,2026,"양년 자료 없음, 공통 조사단위 0개, 유효 관측 7건, 결측률 0.0%, 단위별 변화 변동성 100.0점. 제한된 비교 단위 또는 변동성 때문에 보수적으로 낮게 평가합니다. 2024·2026 두 개 연도의 NCPMS 예찰자료만 사용한 상대 위험 전망으로, 기상·재배면적·방제 변화와 2027년 실제 발생을 확정하지 않습니다. ASOS 공통 조사월 0개에서 기온·습도·강수·풍속의 관측 연관성을 추세 연장분에만 최대 ±3점으로 제한 적용(보정 +0점). 2027년 미래 기상값은 생성하거나 가정하지 않았습니다.",전망자료 부족,,,0.0,—,기상근거 부족,0,ASOS 공통 조사월 0개에서 기온·습도·강수·풍속의 관측 연관성을 추세 연장분에만 최대 ±3점으로 제한 적용(보정 +0점). 2027년 미래 기상값은 생성하거나 가정하지 않았습니다.,F27-WX1 설명가능 완화추세,"2024·2026 관측자료와 ASOS 공통 조사월의 연관성을 이용한 상대 위험 전망입니다. 2026년은 부분연도이며, 2027년 실제 기상·발생·확률을 확정하지 않습니다."
복숭아,탄저병,병해,경기도,,26.0,,전망자료 부족,낮음,7,2026,"양년 자료 없음, 공통 조사단위 0개, 유효 관측 7건, 결측률 0.0%, 단위별 변화 변동성 100.0점. 제한된 비교 단위 또는 변동성 때문에 보수적으로 낮게 평가합니다. 2024·2026 두 개 연도의 NCPMS 예찰자료만 사용한 상대 위험 전망으로, 기상·재배면적·방제 변화와 2027년 실제 발생을 확정하지 않습니다. ASOS 공통 조사월 0개에서 기온·습도·강수·풍속의 관측 연관성을 추세 연장분에만 최대 ±3점으로 제한 적용(보정 +0점). 2027년 미래 기상값은 생성하거나 가정하지 않았습니다.",전망자료 부족,,,0.0,—,기상근거 부족,0,ASOS 공통 조사월 0개에서 기온·습도·강수·풍속의 관측 연관성을 추세 연장분에만 최대 ±3점으로 제한 적용(보정 +0점). 2027년 미래 기상값은 생성하거나 가정하지 않았습니다.,F27-WX1 설명가능 완화추세,"2024·2026 관측자료와 ASOS 공통 조사월의 연관성을 이용한 상대 위험 전망입니다. 2026년은 부분연도이며, 2027년 실제 기상·발생·확률을 확정하지 않습니다."
복숭아,탄저병,병해,경상남도,,12.0,,전망자료 부족,낮음,7,2026,"양년 자료 없음, 공통 조사단위 0개, 유효 관측 7건, 결측률 0.0%, 단위별 변화 변동성 100.0점. 제한된 비교 단위 또는 변동성 때문에 보수적으로 낮게 평가합니다. 2024·2026 두 개 연도의 NCPMS 예찰자료만 사용한 상대 위험 전망으로, 기상·재배면적·방제 변화와 2027년 실제 발생을 확정하지 않습니다. ASOS 공통 조사월 0개에서 기온·습도·강수·풍속의 관측 연관성을 추세 연장분에만 최대 ±3점으로 제한 적용(보정 +0점). 2027년 미래 기상값은 생성하거나 가정하지 않았습니다.",전망자료 부족,,,0.0,—,기상근거 부족,0,ASOS 공통 조사월 0개에서 기온·습도·강수·풍속의 관측 연관성을 추세 연장분에만 최대 ±3점으로 제한 적용(보정 +0점). 2027년 미래 기상값은 생성하거나 가정하지 않았습니다.,F27-WX1 설명가능 완화추세,"2024·2026 관측자료와 ASOS 공통 조사월의 연관성을 이용한 상대 위험 전망입니다. 2026년은 부분연도이며, 2027년 실제 기상·발생·확률을 확정하지 않습니다."
복숭아,탄저병,병해,경상북도,,28.0,,전망자료 부족,낮음,7,2026,"양년 자료 없음, 공통 조사단위 0개, 유효 관측 7건, 결측률 0.0%, 단위별 변화 변동성 100.0점. 제한된 비교 단위 또는 변동성 때문에 보수적으로 낮게 평가합니다. 2024·2026 두 개 연도의 NCPMS 예찰자료만 사용한 상대 위험 전망으로, 기상·재배면적·방제 변화와 2027년 실제 발생을 확정하지 않습니다. ASOS 공통 조사월 0개에서 기온·습도·강수·풍속의 관측 연관성을 추세 연장분에만 최대 ±3점으로 제한 적용(보정 +0점). 2027년 미래 기상값은 생성하거나 가정하지 않았습니다.",전망자료 부족,,,0.0,—,기상근거 부족,0,ASOS 공통 조사월 0개에서 기온·습도·강수·풍속의 관측 연관성을 추세 연장분에만 최대 ±3점으로 제한 적용(보정 +0점). 2027년 미래 기상값은 생성하거나 가정하지 않았습니다.,F27-WX1 설명가능 완화추세,"2024·2026 관측자료와 ASOS 공통 조사월의 연관성을 이용한 상대 위험 전망입니다. 2026년은 부분연도이며, 2027년 실제 기상·발생·확률을 확정하지 않습니다."
복숭아,탄저병,병해,세종특별자치시,,14.0,,전망자료 부족,낮음,6,2026,"양년 자료 없음, 공통 조사단위 0개, 유효 관측 6건, 결측률 0.0%, 단위별 변화 변동성 100.0점. 제한된 비교 단위 또는 변동성 때문에 보수적으로 낮게 평가합니다. 2024·2026 두 개 연도의 NCPMS 예찰자료만 사용한 상대 위험 전망으로, 기상·재배면적·방제 변화와 2027년 실제 발생을 확정하지 않습니다. ASOS 공통 조사월 0개에서 기온·습도·강수·풍속의 관측 연관성을 추세 연장분에만 최대 ±3점으로 제한 적용(보정 +0점). 2027년 미래 기상값은 생성하거나 가정하지 않았습니다.",전망자료 부족,,,0.0,—,기상근거 부족,0,ASOS 공통 조사월 0개에서 기온·습도·강수·풍속의 관측 연관성을 추세 연장분에만 최대 ±3점으로 제한 적용(보정 +0점). 2027년 미래 기상값은 생성하거나 가정하지 않았습니다.,F27-WX1 설명가능 완화추세,"2024·2026 관측자료와 ASOS 공통 조사월의 연관성을 이용한 상대 위험 전망입니다. 2026년은 부분연도이며, 2027년 실제 기상·발생·확률을 확정하지 않습니다."
복숭아,탄저병,병해,전남광주통합특별시,,37.0,,전망자료 부족,낮음,7,2026,"양년 자료 없음, 공통 조사단위 0개, 유효 관측 7건, 결측률 0.0%, 단위별 변화 변동성 100.0점. 제한된 비교 단위 또는 변동성 때문에 보수적으로 낮게 평가합니다. 2024·2026 두 개 연도의 NCPMS 예찰자료만 사용한 상대 위험 전망으로, 기상·재배면적·방제 변화와 2027년 실제 발생을 확정하지 않습니다. ASOS 공통 조사월 0개에서 기온·습도·강수·풍속의 관측 연관성을 추세 연장분에만 최대 ±3점으로 제한 적용(보정 +0점). 2027년 미래 기상값은 생성하거나 가정하지 않았습니다.",전망자료 부족,,,0.0,—,기상근거 부족,0,ASOS 공통 조사월 0개에서 기온·습도·강수·풍속의 관측 연관성을 추세 연장분에만 최대 ±3점으로 제한 적용(보정 +0점). 2027년 미래 기상값은 생성하거나 가정하지 않았습니다.,F27-WX1 설명가능 완화추세,"2024·2026 관측자료와 ASOS 공통 조사월의 연관성을 이용한 상대 위험 전망입니다. 2026년은 부분연도이며, 2027년 실제 기상·발생·확률을 확정하지 않습니다."
복숭아,탄저병,병해,전북특별자치도,,3.0,,전망자료 부족,낮음,7,2026,"양년 자료 없음, 공통 조사단위 0개, 유효 관측 7건, 결측률 0.0%, 단위별 변화 변동성 100.0점. 제한된 비교 단위 또는 변동성 때문에 보수적으로 낮게 평가합니다. 2024·2026 두 개 연도의 NCPMS 예찰자료만 사용한 상대 위험 전망으로, 기상·재배면적·방제 변화와 2027년 실제 발생을 확정하지 않습니다. ASOS 공통 조사월 0개에서 기온·습도·강수·풍속의 관측 연관성을 추세 연장분에만 최대 ±3점으로 제한 적용(보정 +0점). 2027년 미래 기상값은 생성하거나 가정하지 않았습니다.",전망자료 부족,,,0.0,—,기상근거 부족,0,ASOS 공통 조사월 0개에서 기온·습도·강수·풍속의 관측 연관성을 추세 연장분에만 최대 ±3점으로 제한 적용(보정 +0점). 2027년 미래 기상값은 생성하거나 가정하지 않았습니다.,F27-WX1 설명가능 완화추세,"2024·2026 관측자료와 ASOS 공통 조사월의 연관성을 이용한 상대 위험 전망입니다. 2026년은 부분연도이며, 2027년 실제 기상·발생·확률을 확정하지 않습니다."
복숭아,탄저병,병해,충청남도,,0.0,,전망자료 부족,낮음,7,2026,"양년 자료 없음, 공통 조사단위 0개, 유효 관측 7건, 결측률 0.0%, 단위별 변화 변동성 100.0점. 제한된 비교 단위 또는 변동성 때문에 보수적으로 낮게 평가합니다. 2024·2026 두 개 연도의 NCPMS 예찰자료만 사용한 상대 위험 전망으로, 기상·재배면적·방제 변화와 2027년 실제 발생을 확정하지 않습니다. ASOS 공통 조사월 0개에서 기온·습도·강수·풍속의 관측 연관성을 추세 연장분에만 최대 ±3점으로 제한 적용(보정 +0점). 2027년 미래 기상값은 생성하거나 가정하지 않았습니다.",전망자료 부족,,,0.0,—,기상근거 부족,0,ASOS 공통 조사월 0개에서 기온·습도·강수·풍속의 관측 연관성을 추세 연장분에만 최대 ±3점으로 제한 적용(보정 +0점). 2027년 미래 기상값은 생성하거나 가정하지 않았습니다.,F27-WX1 설명가능 완화추세,"2024·2026 관측자료와 ASOS 공통 조사월의 연관성을 이용한 상대 위험 전망입니다. 2026년은 부분연도이며, 2027년 실제 기상·발생·확률을 확정하지 않습니다."
복숭아,탄저병,병해,충청북도,,29.0,,전망자료 부족,낮음,7,2026,"양년 자료 없음, 공통 조사단위 0개, 유효 관측 7건, 결측률 0.0%, 단위별 변화 변동성 100.0점. 제한된 비교 단위 또는 변동성 때문에 보수적으로 낮게 평가합니다. 2024·2026 두 개 연도의 NCPMS 예찰자료만 사용한 상대 위험 전망으로, 기상·재배면적·방제 변화와 2027년 실제 발생을 확정하지 않습니다. ASOS 공통 조사월 0개에서 기온·습도·강수·풍속의 관측 연관성을 추세 연장분에만 최대 ±3점으로 제한 적용(보정 +0점). 2027년 미래 기상값은 생성하거나 가정하지 않았습니다.",전망자료 부족,,,0.0,—,기상근거 부족,0,ASOS 공통 조사월 0개에서 기온·습도·강수·풍속의 관측 연관성을 추세 연장분에만 최대 ±3점으로 제한 적용(보정 +0점). 2027년 미래 기상값은 생성하거나 가정하지 않았습니다.,F27-WX1 설명가능 완화추세,"2024·2026 관측자료와 ASOS 공통 조사월의 연관성을 이용한 상대 위험 전망입니다. 2026년은 부분연도이며, 2027년 실제 기상·발생·확률을 확정하지 않습니다."
사과,탄저병,병해,강원특별자치도,0.0,0.0,0,유지,보통,9,2024·2026,"기준선 비교: 2026 유지 0.0점, 2024·2026 가중평균 0.0점, 선택 모델(완화 추세+표본 축소) 0.0점. 지역 변화 +0.0점을 표본가중치 0.43로 같은 병해충·작물의 지역 중앙 변화 +0.0점 방향에 축소하고, 1년 연장 변화는 ±20점으로 제한했습니다. 양년 자료 있음, 공통 조사단위 3개, 유효 관측 9건, 결측률 0.0%, 단위별 변화 변동성 0.0점. 비교는 가능하지만 표본 또는 변동성에 불확실성이 남습니다. 2024·2026 두 개 연도의 NCPMS 예찰자료만 사용한 상대 위험 전망으로, 기상·재배면적·방제 변화와 2027년 실제 발생을 확정하지 않습니다. ASOS 공통 조사월 2개에서 기온·습도·강수·풍속의 관측 연관성을 추세 연장분에만 최대 ±3점으로 제한 적용(보정 +0점). 2027년 미래 기상값은 생성하거나 가정하지 않았습니다.",관찰,0,0,0.0086,습도,기상 근거 보강,2,ASOS 공통 조사월 2개에서 기온·습도·강수·풍속의 관측 연관성을 추세 연장분에만 최대 ±3점으로 제한 적용(보정 +0점). 2027년 미래 기상값은 생성하거나 가정하지 않았습니다.,F27-WX1 설명가능 완화추세,"2024·2026 관측자료와 ASOS 공통 조사월의 연관성을 이용한 상대 위험 전망입니다. 2026년은 부분연도이며, 2027년 실제 기상·발생·확률을 확정하지 않습니다."
사과,탄저병,병해,경기도,0.0,17.0,19,유지,보통,9,2024·2026,"기준선 비교: 2026 유지 16.7점, 2024·2026 가중평균 10.8점, 선택 모델(완화 추세+표본 축소) 19.2점. 지역 변화 +16.7점을 표본가중치 0.43로 같은 병해충·작물의 지역 중앙 변화 +0.0점 방향에 축소하고, 1년 연장 변화는 ±20점으로 제한했습니다. 양년 자료 있음, 공통 조사단위 3개, 유효 관측 9건, 결측률 0.0%, 단위별 변화 변동성 0.0점. 비교는 가능하지만 표본 또는 변동성에 불확실성이 남습니다. 2024·2026 두 개 연도의 NCPMS 예찰자료만 사용한 상대 위험 전망으로, 기상·재배면적·방제 변화와 2027년 실제 발생을 확정하지 않습니다. ASOS 공통 조사월 2개에서 기온·습도·강수·풍속의 관측 연관성을 추세 연장분에만 최대 ±3점으로 제한 적용(보정 +0점). 2027년 미래 기상값은 생성하거나 가정하지 않았습니다.",관찰,19,0,-0.001,습도,기상 근거 보강,2,ASOS 공통 조사월 2개에서 기온·습도·강수·풍속의 관측 연관성을 추세 연장분에만 최대 ±3점으로 제한 적용(보정 +0점). 2027년 미래 기상값은 생성하거나 가정하지 않았습니다.,F27-WX1 설명가능 완화추세,"2024·2026 관측자료와 ASOS 공통 조사월의 연관성을 이용한 상대 위험 전망입니다. 2026년은 부분연도이며, 2027년 실제 기상·발생·확률을 확정하지 않습니다."
사과,탄저병,병해,경상남도,0.0,0.0,0,유지,보통,9,2024·2026,"기준선 비교: 2026 유지 0.0점, 2024·2026 가중평균 0.0점, 선택 모델(완화 추세+표본 축소) 0.0점. 지역 변화 +0.0점을 표본가중치 0.43로 같은 병해충·작물의 지역 중앙 변화 +0.0점 방향에 축소하고, 1년 연장 변화는 ±20점으로 제한했습니다. 양년 자료 있음, 공통 조사단위 3개, 유효 관측 9건, 결측률 0.0%, 단위별 변화 변동성 0.0점. 비교는 가능하지만 표본 또는 변동성에 불확실성이 남습니다. 2024·2026 두 개 연도의 NCPMS 예찰자료만 사용한 상대 위험 전망으로, 기상·재배면적·방제 변화와 2027년 실제 발생을 확정하지 않습니다. ASOS 공통 조사월 2개에서 기온·습도·강수·풍속의 관측 연관성을 추세 연장분에만 최대 ±3점으로 제한 적용(보정 +0점). 2027년 미래 기상값은 생성하거나 가정하지 않았습니다.",관찰,0,0,0.0123,습도,기상 근거 보강,2,ASOS 공통 조사월 2개에서 기온·습도·강수·풍속의 관측 연관성을 추세 연장분에만 최대 ±3점으로 제한 적용(보정 +0점). 2027년 미래 기상값은 생성하거나 가정하지 않았습니다.,F27-WX1 설명가능 완화추세,"2024·2026 관측자료와 ASOS 공통 조사월의 연관성을 이용한 상대 위험 전망입니다. 2026년은 부분연도이며, 2027년 실제 기상·발생·확률을 확정하지 않습니다."
사과,탄저병,병해,경상북도,0.0,0.0,0,유지,보통,9,2024·2026,"기준선 비교: 2026 유지 0.0점, 2024·2026 가중평균 0.0점, 선택 모델(완화 추세+표본 축소) 0.0점. 지역 변화 +0.0점을 표본가중치 0.43로 같은 병해충·작물의 지역 중앙 변화 +0.0점 방향에 축소하고, 1년 연장 변화는 ±20점으로 제한했습니다. 양년 자료 있음, 공통 조사단위 3개, 유효 관측 9건, 결측률 0.0%, 단위별 변화 변동성 0.0점. 비교는 가능하지만 표본 또는 변동성에 불확실성이 남습니다. 2024·2026 두 개 연도의 NCPMS 예찰자료만 사용한 상대 위험 전망으로, 기상·재배면적·방제 변화와 2027년 실제 발생을 확정하지 않습니다. ASOS 공통 조사월 2개에서 기온·습도·강수·풍속의 관측 연관성을 추세 연장분에만 최대 ±3점으로 제한 적용(보정 +0점). 2027년 미래 기상값은 생성하거나 가정하지 않았습니다.",관찰,0,0,0.0158,습도,기상 근거 보강,2,ASOS 공통 조사월 2개에서 기온·습도·강수·풍속의 관측 연관성을 추세 연장분에만 최대 ±3점으로 제한 적용(보정 +0점). 2027년 미래 기상값은 생성하거나 가정하지 않았습니다.,F27-WX1 설명가능 완화추세,"2024·2026 관측자료와 ASOS 공통 조사월의 연관성을 이용한 상대 위험 전망입니다. 2026년은 부분연도이며, 2027년 실제 기상·발생·확률을 확정하지 않습니다."
사과,탄저병,병해,대구광역시,0.0,,,전망자료 부족,낮음,3,2024,"양년 자료 없음, 공통 조사단위 0개, 유효 관측 3건, 결측률 0.0%, 단위별 변화 변동성 100.0점. 제한된 비교 단위 또는 변동성 때문에 보수적으로 낮게 평가합니다. 2024·2026 두 개 연도의 NCPMS 예찰자료만 사용한 상대 위험 전망으로, 기상·재배면적·방제 변화와 2027년 실제 발생을 확정하지 않습니다. ASOS 공통 조사월 0개에서 기온·습도·강수·풍속의 관측 연관성을 추세 연장분에만 최대 ±3점으로 제한 적용(보정 +0점). 2027년 미래 기상값은 생성하거나 가정하지 않았습니다.",전망자료 부족,,,0.0,—,기상근거 부족,0,ASOS 공통 조사월 0개에서 기온·습도·강수·풍속의 관측 연관성을 추세 연장분에만 최대 ±3점으로 제한 적용(보정 +0점). 2027년 미래 기상값은 생성하거나 가정하지 않았습니다.,F27-WX1 설명가능 완화추세,"2024·2026 관측자료와 ASOS 공통 조사월의 연관성을 이용한 상대 위험 전망입니다. 2026년은 부분연도이며, 2027년 실제 기상·발생·확률을 확정하지 않습니다."
사과,탄저병,병해,전남광주통합특별시,0.0,1.0,1,유지,보통,8,2024·2026,"기준선 비교: 2026 유지 1.0점, 2024·2026 가중평균 0.6점, 선택 모델(완화 추세+표본 축소) 1.1점. 지역 변화 +1.0점을 표본가중치 0.40로 같은 병해충·작물의 지역 중앙 변화 +0.0점 방향에 축소하고, 1년 연장 변화는 ±20점으로 제한했습니다. 양년 자료 있음, 공통 조사단위 2개, 유효 관측 8건, 결측률 0.0%, 단위별 변화 변동성 0.0점. 비교는 가능하지만 표본 또는 변동성에 불확실성이 남습니다. 2024·2026 두 개 연도의 NCPMS 예찰자료만 사용한 상대 위험 전망으로, 기상·재배면적·방제 변화와 2027년 실제 발생을 확정하지 않습니다. ASOS 공통 조사월 2개에서 기온·습도·강수·풍속의 관측 연관성을 추세 연장분에만 최대 ±3점으로 제한 적용(보정 +0점). 2027년 미래 기상값은 생성하거나 가정하지 않았습니다.",관찰,1,0,0.0049,기온,기상 근거 보강,2,ASOS 공통 조사월 2개에서 기온·습도·강수·풍속의 관측 연관성을 추세 연장분에만 최대 ±3점으로 제한 적용(보정 +0점). 2027년 미래 기상값은 생성하거나 가정하지 않았습니다.,F27-WX1 설명가능 완화추세,"2024·2026 관측자료와 ASOS 공통 조사월의 연관성을 이용한 상대 위험 전망입니다. 2026년은 부분연도이며, 2027년 실제 기상·발생·확률을 확정하지 않습니다."
사과,탄저병,병해,전북특별자치도,0.0,0.0,0,유지,보통,9,2024·2026,"기준선 비교: 2026 유지 0.0점, 2024·2026 가중평균 0.0점, 선택 모델(완화 추세+표본 축소) 0.0점. 지역 변화 +0.0점을 표본가중치 0.43로 같은 병해충·작물의 지역 중앙 변화 +0.0점 방향에 축소하고, 1년 연장 변화는 ±20점으로 제한했습니다. 양년 자료 있음, 공통 조사단위 3개, 유효 관측 9건, 결측률 0.0%, 단위별 변화 변동성 0.0점. 비교는 가능하지만 표본 또는 변동성에 불확실성이 남습니다. 2024·2026 두 개 연도의 NCPMS 예찰자료만 사용한 상대 위험 전망으로, 기상·재배면적·방제 변화와 2027년 실제 발생을 확정하지 않습니다. ASOS 공통 조사월 2개에서 기온·습도·강수·풍속의 관측 연관성을 추세 연장분에만 최대 ±3점으로 제한 적용(보정 +0점). 2027년 미래 기상값은 생성하거나 가정하지 않았습니다.",관찰,0,0,0.0138,기온,기상 근거 보강,2,ASOS 공통 조사월 2개에서 기온·습도·강수·풍속의 관측 연관성을 추세 연장분에만 최대 ±3점으로 제한 적용(보정 +0점). 2027년 미래 기상값은 생성하거나 가정하지 않았습니다.,F27-WX1 설명가능 완화추세,"2024·2026 관측자료와 ASOS 공통 조사월의 연관성을 이용한 상대 위험 전망입니다. 2026년은 부분연도이며, 2027년 실제 기상·발생·확률을 확정하지 않습니다."
사과,탄저병,병해,충청남도,0.0,39.0,45,증가,보통,9,2024·2026,"기준선 비교: 2026 유지 39.1점, 2024·2026 가중평균 25.4점, 선택 모델(완화 추세+표본 축소) 44.9점. 지역 변화 +39.1점을 표본가중치 0.43로 같은 병해충·작물의 지역 중앙 변화 +0.0점 방향에 축소하고, 1년 연장 변화는 ±20점으로 제한했습니다. 양년 자료 있음, 공통 조사단위 3개, 유효 관측 9건, 결측률 0.0%, 단위별 변화 변동성 16.2점. 비교는 가능하지만 표본 또는 변동성에 불확실성이 남습니다. 2024·2026 두 개 연도의 NCPMS 예찰자료만 사용한 상대 위험 전망으로, 기상·재배면적·방제 변화와 2027년 실제 발생을 확정하지 않습니다. ASOS 공통 조사월 2개에서 기온·습도·강수·풍속의 관측 연관성을 추세 연장분에만 최대 ±3점으로 제한 적용(보정 +0점). 2027년 미래 기상값은 생성하거나 가정하지 않았습니다.",주의,45,0,0.0168,기온,기상 근거 보강,2,ASOS 공통 조사월 2개에서 기온·습도·강수·풍속의 관측 연관성을 추세 연장분에만 최대 ±3점으로 제한 적용(보정 +0점). 2027년 미래 기상값은 생성하거나 가정하지 않았습니다.,F27-WX1 설명가능 완화추세,"2024·2026 관측자료와 ASOS 공통 조사월의 연관성을 이용한 상대 위험 전망입니다. 2026년은 부분연도이며, 2027년 실제 기상·발생·확률을 확정하지 않습니다."
사과,탄저병,병해,충청북도,0.0,0.0,0,유지,보통,9,2024·2026,"기준선 비교: 2026 유지 0.0점, 2024·2026 가중평균 0.0점, 선택 모델(완화 추세+표본 축소) 0.0점. 지역 변화 +0.0점을 표본가중치 0.43로 같은 병해충·작물의 지역 중앙 변화 +0.0점 방향에 축소하고, 1년 연장 변화는 ±20점으로 제한했습니다. 양년 자료 있음, 공통 조사단위 3개, 유효 관측 9건, 결측률 0.0%, 단위별 변화 변동성 0.0점. 비교는 가능하지만 표본 또는 변동성에 불확실성이 남습니다. 2024·2026 두 개 연도의 NCPMS 예찰자료만 사용한 상대 위험 전망으로, 기상·재배면적·방제 변화와 2027년 실제 발생을 확정하지 않습니다. ASOS 공통 조사월 2개에서 기온·습도·강수·풍속의 관측 연관성을 추세 연장분에만 최대 ±3점으로 제한 적용(보정 +0점). 2027년 미래 기상값은 생성하거나 가정하지 않았습니다.",관찰,0,0,0.0116,기온,기상 근거 보강,2,ASOS 공통 조사월 2개에서 기온·습도·강수·풍속의 관측 연관성을 추세 연장분에만 최대 ±3점으로 제한 적용(보정 +0점). 2027년 미래 기상값은 생성하거나 가정하지 않았습니다.,F27-WX1 설명가능 완화추세,"2024·2026 관측자료와 ASOS 공통 조사월의 연관성을 이용한 상대 위험 전망입니다. 2026년은 부분연도이며, 2027년 실제 기상·발생·확률을 확정하지 않습니다."
콩,탄저병,병해,강원특별자치도,,0.0,,전망자료 부족,낮음,5,2026,"양년 자료 없음, 공통 조사단위 0개, 유효 관측 5건, 결측률 0.0%, 단위별 변화 변동성 100.0점. 제한된 비교 단위 또는 변동성 때문에 보수적으로 낮게 평가합니다. 2024·2026 두 개 연도의 NCPMS 예찰자료만 사용한 상대 위험 전망으로, 기상·재배면적·방제 변화와 2027년 실제 발생을 확정하지 않습니다. ASOS 공통 조사월 0개에서 기온·습도·강수·풍속의 관측 연관성을 추세 연장분에만 최대 ±3점으로 제한 적용(보정 +0점). 2027년 미래 기상값은 생성하거나 가정하지 않았습니다.",전망자료 부족,,,0.0,—,기상근거 부족,0,ASOS 공통 조사월 0개에서 기온·습도·강수·풍속의 관측 연관성을 추세 연장분에만 최대 ±3점으로 제한 적용(보정 +0점). 2027년 미래 기상값은 생성하거나 가정하지 않았습니다.,F27-WX1 설명가능 완화추세,"2024·2026 관측자료와 ASOS 공통 조사월의 연관성을 이용한 상대 위험 전망입니다. 2026년은 부분연도이며, 2027년 실제 기상·발생·확률을 확정하지 않습니다."
콩,탄저병,병해,경기도,,0.0,,전망자료 부족,낮음,5,2026,"양년 자료 없음, 공통 조사단위 0개, 유효 관측 5건, 결측률 0.0%, 단위별 변화 변동성 100.0점. 제한된 비교 단위 또는 변동성 때문에 보수적으로 낮게 평가합니다. 2024·2026 두 개 연도의 NCPMS 예찰자료만 사용한 상대 위험 전망으로, 기상·재배면적·방제 변화와 2027년 실제 발생을 확정하지 않습니다. ASOS 공통 조사월 0개에서 기온·습도·강수·풍속의 관측 연관성을 추세 연장분에만 최대 ±3점으로 제한 적용(보정 +0점). 2027년 미래 기상값은 생성하거나 가정하지 않았습니다.",전망자료 부족,,,0.0,—,기상근거 부족,0,ASOS 공통 조사월 0개에서 기온·습도·강수·풍속의 관측 연관성을 추세 연장분에만 최대 ±3점으로 제한 적용(보정 +0점). 2027년 미래 기상값은 생성하거나 가정하지 않았습니다.,F27-WX1 설명가능 완화추세,"2024·2026 관측자료와 ASOS 공통 조사월의 연관성을 이용한 상대 위험 전망입니다. 2026년은 부분연도이며, 2027년 실제 기상·발생·확률을 확정하지 않습니다."
콩,탄저병,병해,경상남도,,0.0,,전망자료 부족,낮음,5,2026,"양년 자료 없음, 공통 조사단위 0개, 유효 관측 5건, 결측률 0.0%, 단위별 변화 변동성 100.0점. 제한된 비교 단위 또는 변동성 때문에 보수적으로 낮게 평가합니다. 2024·2026 두 개 연도의 NCPMS 예찰자료만 사용한 상대 위험 전망으로, 기상·재배면적·방제 변화와 2027년 실제 발생을 확정하지 않습니다. ASOS 공통 조사월 0개에서 기온·습도·강수·풍속의 관측 연관성을 추세 연장분에만 최대 ±3점으로 제한 적용(보정 +0점). 2027년 미래 기상값은 생성하거나 가정하지 않았습니다.",전망자료 부족,,,0.0,—,기상근거 부족,0,ASOS 공통 조사월 0개에서 기온·습도·강수·풍속의 관측 연관성을 추세 연장분에만 최대 ±3점으로 제한 적용(보정 +0점). 2027년 미래 기상값은 생성하거나 가정하지 않았습니다.,F27-WX1 설명가능 완화추세,"2024·2026 관측자료와 ASOS 공통 조사월의 연관성을 이용한 상대 위험 전망입니다. 2026년은 부분연도이며, 2027년 실제 기상·발생·확률을 확정하지 않습니다."
콩,탄저병,병해,경상북도,,0.0,,전망자료 부족,낮음,5,2026,"양년 자료 없음, 공통 조사단위 0개, 유효 관측 5건, 결측률 0.0%, 단위별 변화 변동성 100.0점. 제한된 비교 단위 또는 변동성 때문에 보수적으로 낮게 평가합니다. 2024·2026 두 개 연도의 NCPMS 예찰자료만 사용한 상대 위험 전망으로, 기상·재배면적·방제 변화와 2027년 실제 발생을 확정하지 않습니다. ASOS 공통 조사월 0개에서 기온·습도·강수·풍속의 관측 연관성을 추세 연장분에만 최대 ±3점으로 제한 적용(보정 +0점). 2027년 미래 기상값은 생성하거나 가정하지 않았습니다.",전망자료 부족,,,0.0,—,기상근거 부족,0,ASOS 공통 조사월 0개에서 기온·습도·강수·풍속의 관측 연관성을 추세 연장분에만 최대 ±3점으로 제한 적용(보정 +0점). 2027년 미래 기상값은 생성하거나 가정하지 않았습니다.,F27-WX1 설명가능 완화추세,"2024·2026 관측자료와 ASOS 공통 조사월의 연관성을 이용한 상대 위험 전망입니다. 2026년은 부분연도이며, 2027년 실제 기상·발생·확률을 확정하지 않습니다."
콩,탄저병,병해,전남광주통합특별시,,0.0,,전망자료 부족,낮음,5,2026,"양년 자료 없음, 공통 조사단위 0개, 유효 관측 5건, 결측률 0.0%, 단위별 변화 변동성 100.0점. 제한된 비교 단위 또는 변동성 때문에 보수적으로 낮게 평가합니다. 2024·2026 두 개 연도의 NCPMS 예찰자료만 사용한 상대 위험 전망으로, 기상·재배면적·방제 변화와 2027년 실제 발생을 확정하지 않습니다. ASOS 공통 조사월 0개에서 기온·습도·강수·풍속의 관측 연관성을 추세 연장분에만 최대 ±3점으로 제한 적용(보정 +0점). 2027년 미래 기상값은 생성하거나 가정하지 않았습니다.",전망자료 부족,,,0.0,—,기상근거 부족,0,ASOS 공통 조사월 0개에서 기온·습도·강수·풍속의 관측 연관성을 추세 연장분에만 최대 ±3점으로 제한 적용(보정 +0점). 2027년 미래 기상값은 생성하거나 가정하지 않았습니다.,F27-WX1 설명가능 완화추세,"2024·2026 관측자료와 ASOS 공통 조사월의 연관성을 이용한 상대 위험 전망입니다. 2026년은 부분연도이며, 2027년 실제 기상·발생·확률을 확정하지 않습니다."
콩,탄저병,병해,전북특별자치도,,0.0,,전망자료 부족,낮음,5,2026,"양년 자료 없음, 공통 조사단위 0개, 유효 관측 5건, 결측률 0.0%, 단위별 변화 변동성 100.0점. 제한된 비교 단위 또는 변동성 때문에 보수적으로 낮게 평가합니다. 2024·2026 두 개 연도의 NCPMS 예찰자료만 사용한 상대 위험 전망으로, 기상·재배면적·방제 변화와 2027년 실제 발생을 확정하지 않습니다. ASOS 공통 조사월 0개에서 기온·습도·강수·풍속의 관측 연관성을 추세 연장분에만 최대 ±3점으로 제한 적용(보정 +0점). 2027년 미래 기상값은 생성하거나 가정하지 않았습니다.",전망자료 부족,,,0.0,—,기상근거 부족,0,ASOS 공통 조사월 0개에서 기온·습도·강수·풍속의 관측 연관성을 추세 연장분에만 최대 ±3점으로 제한 적용(보정 +0점). 2027년 미래 기상값은 생성하거나 가정하지 않았습니다.,F27-WX1 설명가능 완화추세,"2024·2026 관측자료와 ASOS 공통 조사월의 연관성을 이용한 상대 위험 전망입니다. 2026년은 부분연도이며, 2027년 실제 기상·발생·확률을 확정하지 않습니다."
콩,탄저병,병해,제주특별자치도,,0.0,,전망자료 부족,낮음,5,2026,"양년 자료 없음, 공통 조사단위 0개, 유효 관측 5건, 결측률 0.0%, 단위별 변화 변동성 100.0점. 제한된 비교 단위 또는 변동성 때문에 보수적으로 낮게 평가합니다. 2024·2026 두 개 연도의 NCPMS 예찰자료만 사용한 상대 위험 전망으로, 기상·재배면적·방제 변화와 2027년 실제 발생을 확정하지 않습니다. ASOS 공통 조사월 0개에서 기온·습도·강수·풍속의 관측 연관성을 추세 연장분에만 최대 ±3점으로 제한 적용(보정 +0점). 2027년 미래 기상값은 생성하거나 가정하지 않았습니다.",전망자료 부족,,,0.0,—,기상근거 부족,0,ASOS 공통 조사월 0개에서 기온·습도·강수·풍속의 관측 연관성을 추세 연장분에만 최대 ±3점으로 제한 적용(보정 +0점). 2027년 미래 기상값은 생성하거나 가정하지 않았습니다.,F27-WX1 설명가능 완화추세,"2024·2026 관측자료와 ASOS 공통 조사월의 연관성을 이용한 상대 위험 전망입니다. 2026년은 부분연도이며, 2027년 실제 기상·발생·확률을 확정하지 않습니다."
콩,탄저병,병해,충청남도,,0.0,,전망자료 부족,낮음,5,2026,"양년 자료 없음, 공통 조사단위 0개, 유효 관측 5건, 결측률 0.0%, 단위별 변화 변동성 100.0점. 제한된 비교 단위 또는 변동성 때문에 보수적으로 낮게 평가합니다. 2024·2026 두 개 연도의 NCPMS 예찰자료만 사용한 상대 위험 전망으로, 기상·재배면적·방제 변화와 2027년 실제 발생을 확정하지 않습니다. ASOS 공통 조사월 0개에서 기온·습도·강수·풍속의 관측 연관성을 추세 연장분에만 최대 ±3점으로 제한 적용(보정 +0점). 2027년 미래 기상값은 생성하거나 가정하지 않았습니다.",전망자료 부족,,,0.0,—,기상근거 부족,0,ASOS 공통 조사월 0개에서 기온·습도·강수·풍속의 관측 연관성을 추세 연장분에만 최대 ±3점으로 제한 적용(보정 +0점). 2027년 미래 기상값은 생성하거나 가정하지 않았습니다.,F27-WX1 설명가능 완화추세,"2024·2026 관측자료와 ASOS 공통 조사월의 연관성을 이용한 상대 위험 전망입니다. 2026년은 부분연도이며, 2027년 실제 기상·발생·확률을 확정하지 않습니다."
콩,탄저병,병해,충청북도,,0.0,,전망자료 부족,낮음,5,2026,"양년 자료 없음, 공통 조사단위 0개, 유효 관측 5건, 결측률 0.0%, 단위별 변화 변동성 100.0점. 제한된 비교 단위 또는 변동성 때문에 보수적으로 낮게 평가합니다. 2024·2026 두 개 연도의 NCPMS 예찰자료만 사용한 상대 위험 전망으로, 기상·재배면적·방제 변화와 2027년 실제 발생을 확정하지 않습니다. ASOS 공통 조사월 0개에서 기온·습도·강수·풍속의 관측 연관성을 추세 연장분에만 최대 ±3점으로 제한 적용(보정 +0점). 2027년 미래 기상값은 생성하거나 가정하지 않았습니다.",전망자료 부족,,,0.0,—,기상근거 부족,0,ASOS 공통 조사월 0개에서 기온·습도·강수·풍속의 관측 연관성을 추세 연장분에만 최대 ±3점으로 제한 적용(보정 +0점). 2027년 미래 기상값은 생성하거나 가정하지 않았습니다.,F27-WX1 설명가능 완화추세,"2024·2026 관측자료와 ASOS 공통 조사월의 연관성을 이용한 상대 위험 전망입니다. 2026년은 부분연도이며, 2027년 실제 기상·발생·확률을 확정하지 않습니다."
콩,톱다리개미허리노린재,해충,강원특별자치도,,0.0,,전망자료 부족,낮음,5,2026,"양년 자료 없음, 공통 조사단위 0개, 유효 관측 5건, 결측률 0.0%, 단위별 변화 변동성 100.0점. 제한된 비교 단위 또는 변동성 때문에 보수적으로 낮게 평가합니다. 2024·2026 두 개 연도의 NCPMS 예찰자료만 사용한 상대 위험 전망으로, 기상·재배면적·방제 변화와 2027년 실제 발생을 확정하지 않습니다. ASOS 공통 조사월 0개에서 기온·습도·강수·풍속의 관측 연관성을 추세 연장분에만 최대 ±3점으로 제한 적용(보정 +0점). 2027년 미래 기상값은 생성하거나 가정하지 않았습니다.",전망자료 부족,,,0.0,—,기상근거 부족,0,ASOS 공통 조사월 0개에서 기온·습도·강수·풍속의 관측 연관성을 추세 연장분에만 최대 ±3점으로 제한 적용(보정 +0점). 2027년 미래 기상값은 생성하거나 가정하지 않았습니다.,F27-WX1 설명가능 완화추세,"2024·2026 관측자료와 ASOS 공통 조사월의 연관성을 이용한 상대 위험 전망입니다. 2026년은 부분연도이며, 2027년 실제 기상·발생·확률을 확정하지 않습니다."
콩,톱다리개미허리노린재,해충,경기도,,0.0,,전망자료 부족,낮음,5,2026,"양년 자료 없음, 공통 조사단위 0개, 유효 관측 5건, 결측률 0.0%, 단위별 변화 변동성 100.0점. 제한된 비교 단위 또는 변동성 때문에 보수적으로 낮게 평가합니다. 2024·2026 두 개 연도의 NCPMS 예찰자료만 사용한 상대 위험 전망으로, 기상·재배면적·방제 변화와 2027년 실제 발생을 확정하지 않습니다. ASOS 공통 조사월 0개에서 기온·습도·강수·풍속의 관측 연관성을 추세 연장분에만 최대 ±3점으로 제한 적용(보정 +0점). 2027년 미래 기상값은 생성하거나 가정하지 않았습니다.",전망자료 부족,,,0.0,—,기상근거 부족,0,ASOS 공통 조사월 0개에서 기온·습도·강수·풍속의 관측 연관성을 추세 연장분에만 최대 ±3점으로 제한 적용(보정 +0점). 2027년 미래 기상값은 생성하거나 가정하지 않았습니다.,F27-WX1 설명가능 완화추세,"2024·2026 관측자료와 ASOS 공통 조사월의 연관성을 이용한 상대 위험 전망입니다. 2026년은 부분연도이며, 2027년 실제 기상·발생·확률을 확정하지 않습니다."
콩,톱다리개미허리노린재,해충,경상남도,,0.0,,전망자료 부족,낮음,5,2026,"양년 자료 없음, 공통 조사단위 0개, 유효 관측 5건, 결측률 0.0%, 단위별 변화 변동성 100.0점. 제한된 비교 단위 또는 변동성 때문에 보수적으로 낮게 평가합니다. 2024·2026 두 개 연도의 NCPMS 예찰자료만 사용한 상대 위험 전망으로, 기상·재배면적·방제 변화와 2027년 실제 발생을 확정하지 않습니다. ASOS 공통 조사월 0개에서 기온·습도·강수·풍속의 관측 연관성을 추세 연장분에만 최대 ±3점으로 제한 적용(보정 +0점). 2027년 미래 기상값은 생성하거나 가정하지 않았습니다.",전망자료 부족,,,0.0,—,기상근거 부족,0,ASOS 공통 조사월 0개에서 기온·습도·강수·풍속의 관측 연관성을 추세 연장분에만 최대 ±3점으로 제한 적용(보정 +0점). 2027년 미래 기상값은 생성하거나 가정하지 않았습니다.,F27-WX1 설명가능 완화추세,"2024·2026 관측자료와 ASOS 공통 조사월의 연관성을 이용한 상대 위험 전망입니다. 2026년은 부분연도이며, 2027년 실제 기상·발생·확률을 확정하지 않습니다."
콩,톱다리개미허리노린재,해충,경상북도,,0.0,,전망자료 부족,낮음,5,2026,"양년 자료 없음, 공통 조사단위 0개, 유효 관측 5건, 결측률 0.0%, 단위별 변화 변동성 100.0점. 제한된 비교 단위 또는 변동성 때문에 보수적으로 낮게 평가합니다. 2024·2026 두 개 연도의 NCPMS 예찰자료만 사용한 상대 위험 전망으로, 기상·재배면적·방제 변화와 2027년 실제 발생을 확정하지 않습니다. ASOS 공통 조사월 0개에서 기온·습도·강수·풍속의 관측 연관성을 추세 연장분에만 최대 ±3점으로 제한 적용(보정 +0점). 2027년 미래 기상값은 생성하거나 가정하지 않았습니다.",전망자료 부족,,,0.0,—,기상근거 부족,0,ASOS 공통 조사월 0개에서 기온·습도·강수·풍속의 관측 연관성을 추세 연장분에만 최대 ±3점으로 제한 적용(보정 +0점). 2027년 미래 기상값은 생성하거나 가정하지 않았습니다.,F27-WX1 설명가능 완화추세,"2024·2026 관측자료와 ASOS 공통 조사월의 연관성을 이용한 상대 위험 전망입니다. 2026년은 부분연도이며, 2027년 실제 기상·발생·확률을 확정하지 않습니다."
콩,톱다리개미허리노린재,해충,전남광주통합특별시,,36.0,,전망자료 부족,낮음,5,2026,"양년 자료 없음, 공통 조사단위 0개, 유효 관측 5건, 결측률 0.0%, 단위별 변화 변동성 100.0점. 제한된 비교 단위 또는 변동성 때문에 보수적으로 낮게 평가합니다. 2024·2026 두 개 연도의 NCPMS 예찰자료만 사용한 상대 위험 전망으로, 기상·재배면적·방제 변화와 2027년 실제 발생을 확정하지 않습니다. ASOS 공통 조사월 0개에서 기온·습도·강수·풍속의 관측 연관성을 추세 연장분에만 최대 ±3점으로 제한 적용(보정 +0점). 2027년 미래 기상값은 생성하거나 가정하지 않았습니다.",전망자료 부족,,,0.0,—,기상근거 부족,0,ASOS 공통 조사월 0개에서 기온·습도·강수·풍속의 관측 연관성을 추세 연장분에만 최대 ±3점으로 제한 적용(보정 +0점). 2027년 미래 기상값은 생성하거나 가정하지 않았습니다.,F27-WX1 설명가능 완화추세,"2024·2026 관측자료와 ASOS 공통 조사월의 연관성을 이용한 상대 위험 전망입니다. 2026년은 부분연도이며, 2027년 실제 기상·발생·확률을 확정하지 않습니다."
콩,톱다리개미허리노린재,해충,전북특별자치도,,0.0,,전망자료 부족,낮음,5,2026,"양년 자료 없음, 공통 조사단위 0개, 유효 관측 5건, 결측률 0.0%, 단위별 변화 변동성 100.0점. 제한된 비교 단위 또는 변동성 때문에 보수적으로 낮게 평가합니다. 2024·2026 두 개 연도의 NCPMS 예찰자료만 사용한 상대 위험 전망으로, 기상·재배면적·방제 변화와 2027년 실제 발생을 확정하지 않습니다. ASOS 공통 조사월 0개에서 기온·습도·강수·풍속의 관측 연관성을 추세 연장분에만 최대 ±3점으로 제한 적용(보정 +0점). 2027년 미래 기상값은 생성하거나 가정하지 않았습니다.",전망자료 부족,,,0.0,—,기상근거 부족,0,ASOS 공통 조사월 0개에서 기온·습도·강수·풍속의 관측 연관성을 추세 연장분에만 최대 ±3점으로 제한 적용(보정 +0점). 2027년 미래 기상값은 생성하거나 가정하지 않았습니다.,F27-WX1 설명가능 완화추세,"2024·2026 관측자료와 ASOS 공통 조사월의 연관성을 이용한 상대 위험 전망입니다. 2026년은 부분연도이며, 2027년 실제 기상·발생·확률을 확정하지 않습니다."
콩,톱다리개미허리노린재,해충,제주특별자치도,,20.0,,전망자료 부족,낮음,5,2026,"양년 자료 없음, 공통 조사단위 0개, 유효 관측 5건, 결측률 0.0%, 단위별 변화 변동성 100.0점. 제한된 비교 단위 또는 변동성 때문에 보수적으로 낮게 평가합니다. 2024·2026 두 개 연도의 NCPMS 예찰자료만 사용한 상대 위험 전망으로, 기상·재배면적·방제 변화와 2027년 실제 발생을 확정하지 않습니다. ASOS 공통 조사월 0개에서 기온·습도·강수·풍속의 관측 연관성을 추세 연장분에만 최대 ±3점으로 제한 적용(보정 +0점). 2027년 미래 기상값은 생성하거나 가정하지 않았습니다.",전망자료 부족,,,0.0,—,기상근거 부족,0,ASOS 공통 조사월 0개에서 기온·습도·강수·풍속의 관측 연관성을 추세 연장분에만 최대 ±3점으로 제한 적용(보정 +0점). 2027년 미래 기상값은 생성하거나 가정하지 않았습니다.,F27-WX1 설명가능 완화추세,"2024·2026 관측자료와 ASOS 공통 조사월의 연관성을 이용한 상대 위험 전망입니다. 2026년은 부분연도이며, 2027년 실제 기상·발생·확률을 확정하지 않습니다."
콩,톱다리개미허리노린재,해충,충청남도,,39.0,,전망자료 부족,낮음,5,2026,"양년 자료 없음, 공통 조사단위 0개, 유효 관측 5건, 결측률 0.0%, 단위별 변화 변동성 100.0점. 제한된 비교 단위 또는 변동성 때문에 보수적으로 낮게 평가합니다. 2024·2026 두 개 연도의 NCPMS 예찰자료만 사용한 상대 위험 전망으로, 기상·재배면적·방제 변화와 2027년 실제 발생을 확정하지 않습니다. ASOS 공통 조사월 0개에서 기온·습도·강수·풍속의 관측 연관성을 추세 연장분에만 최대 ±3점으로 제한 적용(보정 +0점). 2027년 미래 기상값은 생성하거나 가정하지 않았습니다.",전망자료 부족,,,0.0,—,기상근거 부족,0,ASOS 공통 조사월 0개에서 기온·습도·강수·풍속의 관측 연관성을 추세 연장분에만 최대 ±3점으로 제한 적용(보정 +0점). 2027년 미래 기상값은 생성하거나 가정하지 않았습니다.,F27-WX1 설명가능 완화추세,"2024·2026 관측자료와 ASOS 공통 조사월의 연관성을 이용한 상대 위험 전망입니다. 2026년은 부분연도이며, 2027년 실제 기상·발생·확률을 확정하지 않습니다."
콩,톱다리개미허리노린재,해충,충청북도,,0.0,,전망자료 부족,낮음,5,2026,"양년 자료 없음, 공통 조사단위 0개, 유효 관측 5건, 결측률 0.0%, 단위별 변화 변동성 100.0점. 제한된 비교 단위 또는 변동성 때문에 보수적으로 낮게 평가합니다. 2024·2026 두 개 연도의 NCPMS 예찰자료만 사용한 상대 위험 전망으로, 기상·재배면적·방제 변화와 2027년 실제 발생을 확정하지 않습니다. ASOS 공통 조사월 0개에서 기온·습도·강수·풍속의 관측 연관성을 추세 연장분에만 최대 ±3점으로 제한 적용(보정 +0점). 2027년 미래 기상값은 생성하거나 가정하지 않았습니다.",전망자료 부족,,,0.0,—,기상근거 부족,0,ASOS 공통 조사월 0개에서 기온·습도·강수·풍속의 관측 연관성을 추세 연장분에만 최대 ±3점으로 제한 적용(보정 +0점). 2027년 미래 기상값은 생성하거나 가정하지 않았습니다.,F27-WX1 설명가능 완화추세,"2024·2026 관측자료와 ASOS 공통 조사월의 연관성을 이용한 상대 위험 전망입니다. 2026년은 부분연도이며, 2027년 실제 기상·발생·확률을 확정하지 않습니다."
콩,파밤나방,해충,강원특별자치도,,0.0,,전망자료 부족,낮음,10,2026,"양년 자료 없음, 공통 조사단위 0개, 유효 관측 10건, 결측률 0.0%, 단위별 변화 변동성 100.0점. 제한된 비교 단위 또는 변동성 때문에 보수적으로 낮게 평가합니다. 2024·2026 두 개 연도의 NCPMS 예찰자료만 사용한 상대 위험 전망으로, 기상·재배면적·방제 변화와 2027년 실제 발생을 확정하지 않습니다. ASOS 공통 조사월 0개에서 기온·습도·강수·풍속의 관측 연관성을 추세 연장분에만 최대 ±3점으로 제한 적용(보정 +0점). 2027년 미래 기상값은 생성하거나 가정하지 않았습니다.",전망자료 부족,,,0.0,—,기상근거 부족,0,ASOS 공통 조사월 0개에서 기온·습도·강수·풍속의 관측 연관성을 추세 연장분에만 최대 ±3점으로 제한 적용(보정 +0점). 2027년 미래 기상값은 생성하거나 가정하지 않았습니다.,F27-WX1 설명가능 완화추세,"2024·2026 관측자료와 ASOS 공통 조사월의 연관성을 이용한 상대 위험 전망입니다. 2026년은 부분연도이며, 2027년 실제 기상·발생·확률을 확정하지 않습니다."
콩,파밤나방,해충,경기도,,0.0,,전망자료 부족,낮음,10,2026,"양년 자료 없음, 공통 조사단위 0개, 유효 관측 10건, 결측률 0.0%, 단위별 변화 변동성 100.0점. 제한된 비교 단위 또는 변동성 때문에 보수적으로 낮게 평가합니다. 2024·2026 두 개 연도의 NCPMS 예찰자료만 사용한 상대 위험 전망으로, 기상·재배면적·방제 변화와 2027년 실제 발생을 확정하지 않습니다. ASOS 공통 조사월 0개에서 기온·습도·강수·풍속의 관측 연관성을 추세 연장분에만 최대 ±3점으로 제한 적용(보정 +0점). 2027년 미래 기상값은 생성하거나 가정하지 않았습니다.",전망자료 부족,,,0.0,—,기상근거 부족,0,ASOS 공통 조사월 0개에서 기온·습도·강수·풍속의 관측 연관성을 추세 연장분에만 최대 ±3점으로 제한 적용(보정 +0점). 2027년 미래 기상값은 생성하거나 가정하지 않았습니다.,F27-WX1 설명가능 완화추세,"2024·2026 관측자료와 ASOS 공통 조사월의 연관성을 이용한 상대 위험 전망입니다. 2026년은 부분연도이며, 2027년 실제 기상·발생·확률을 확정하지 않습니다."
콩,파밤나방,해충,경상남도,,0.0,,전망자료 부족,낮음,10,2026,"양년 자료 없음, 공통 조사단위 0개, 유효 관측 10건, 결측률 0.0%, 단위별 변화 변동성 100.0점. 제한된 비교 단위 또는 변동성 때문에 보수적으로 낮게 평가합니다. 2024·2026 두 개 연도의 NCPMS 예찰자료만 사용한 상대 위험 전망으로, 기상·재배면적·방제 변화와 2027년 실제 발생을 확정하지 않습니다. ASOS 공통 조사월 0개에서 기온·습도·강수·풍속의 관측 연관성을 추세 연장분에만 최대 ±3점으로 제한 적용(보정 +0점). 2027년 미래 기상값은 생성하거나 가정하지 않았습니다.",전망자료 부족,,,0.0,—,기상근거 부족,0,ASOS 공통 조사월 0개에서 기온·습도·강수·풍속의 관측 연관성을 추세 연장분에만 최대 ±3점으로 제한 적용(보정 +0점). 2027년 미래 기상값은 생성하거나 가정하지 않았습니다.,F27-WX1 설명가능 완화추세,"2024·2026 관측자료와 ASOS 공통 조사월의 연관성을 이용한 상대 위험 전망입니다. 2026년은 부분연도이며, 2027년 실제 기상·발생·확률을 확정하지 않습니다."
콩,파밤나방,해충,경상북도,,27.0,,전망자료 부족,낮음,10,2026,"양년 자료 없음, 공통 조사단위 0개, 유효 관측 10건, 결측률 0.0%, 단위별 변화 변동성 100.0점. 제한된 비교 단위 또는 변동성 때문에 보수적으로 낮게 평가합니다. 2024·2026 두 개 연도의 NCPMS 예찰자료만 사용한 상대 위험 전망으로, 기상·재배면적·방제 변화와 2027년 실제 발생을 확정하지 않습니다. ASOS 공통 조사월 0개에서 기온·습도·강수·풍속의 관측 연관성을 추세 연장분에만 최대 ±3점으로 제한 적용(보정 +0점). 2027년 미래 기상값은 생성하거나 가정하지 않았습니다.",전망자료 부족,,,0.0,—,기상근거 부족,0,ASOS 공통 조사월 0개에서 기온·습도·강수·풍속의 관측 연관성을 추세 연장분에만 최대 ±3점으로 제한 적용(보정 +0점). 2027년 미래 기상값은 생성하거나 가정하지 않았습니다.,F27-WX1 설명가능 완화추세,"2024·2026 관측자료와 ASOS 공통 조사월의 연관성을 이용한 상대 위험 전망입니다. 2026년은 부분연도이며, 2027년 실제 기상·발생·확률을 확정하지 않습니다."
콩,파밤나방,해충,전남광주통합특별시,,29.0,,전망자료 부족,낮음,10,2026,"양년 자료 없음, 공통 조사단위 0개, 유효 관측 10건, 결측률 0.0%, 단위별 변화 변동성 100.0점. 제한된 비교 단위 또는 변동성 때문에 보수적으로 낮게 평가합니다. 2024·2026 두 개 연도의 NCPMS 예찰자료만 사용한 상대 위험 전망으로, 기상·재배면적·방제 변화와 2027년 실제 발생을 확정하지 않습니다. ASOS 공통 조사월 0개에서 기온·습도·강수·풍속의 관측 연관성을 추세 연장분에만 최대 ±3점으로 제한 적용(보정 +0점). 2027년 미래 기상값은 생성하거나 가정하지 않았습니다.",전망자료 부족,,,0.0,—,기상근거 부족,0,ASOS 공통 조사월 0개에서 기온·습도·강수·풍속의 관측 연관성을 추세 연장분에만 최대 ±3점으로 제한 적용(보정 +0점). 2027년 미래 기상값은 생성하거나 가정하지 않았습니다.,F27-WX1 설명가능 완화추세,"2024·2026 관측자료와 ASOS 공통 조사월의 연관성을 이용한 상대 위험 전망입니다. 2026년은 부분연도이며, 2027년 실제 기상·발생·확률을 확정하지 않습니다."
콩,파밤나방,해충,전북특별자치도,,0.0,,전망자료 부족,낮음,10,2026,"양년 자료 없음, 공통 조사단위 0개, 유효 관측 10건, 결측률 0.0%, 단위별 변화 변동성 100.0점. 제한된 비교 단위 또는 변동성 때문에 보수적으로 낮게 평가합니다. 2024·2026 두 개 연도의 NCPMS 예찰자료만 사용한 상대 위험 전망으로, 기상·재배면적·방제 변화와 2027년 실제 발생을 확정하지 않습니다. ASOS 공통 조사월 0개에서 기온·습도·강수·풍속의 관측 연관성을 추세 연장분에만 최대 ±3점으로 제한 적용(보정 +0점). 2027년 미래 기상값은 생성하거나 가정하지 않았습니다.",전망자료 부족,,,0.0,—,기상근거 부족,0,ASOS 공통 조사월 0개에서 기온·습도·강수·풍속의 관측 연관성을 추세 연장분에만 최대 ±3점으로 제한 적용(보정 +0점). 2027년 미래 기상값은 생성하거나 가정하지 않았습니다.,F27-WX1 설명가능 완화추세,"2024·2026 관측자료와 ASOS 공통 조사월의 연관성을 이용한 상대 위험 전망입니다. 2026년은 부분연도이며, 2027년 실제 기상·발생·확률을 확정하지 않습니다."
콩,파밤나방,해충,제주특별자치도,,20.0,,전망자료 부족,낮음,10,2026,"양년 자료 없음, 공통 조사단위 0개, 유효 관측 10건, 결측률 0.0%, 단위별 변화 변동성 100.0점. 제한된 비교 단위 또는 변동성 때문에 보수적으로 낮게 평가합니다. 2024·2026 두 개 연도의 NCPMS 예찰자료만 사용한 상대 위험 전망으로, 기상·재배면적·방제 변화와 2027년 실제 발생을 확정하지 않습니다. ASOS 공통 조사월 0개에서 기온·습도·강수·풍속의 관측 연관성을 추세 연장분에만 최대 ±3점으로 제한 적용(보정 +0점). 2027년 미래 기상값은 생성하거나 가정하지 않았습니다.",전망자료 부족,,,0.0,—,기상근거 부족,0,ASOS 공통 조사월 0개에서 기온·습도·강수·풍속의 관측 연관성을 추세 연장분에만 최대 ±3점으로 제한 적용(보정 +0점). 2027년 미래 기상값은 생성하거나 가정하지 않았습니다.,F27-WX1 설명가능 완화추세,"2024·2026 관측자료와 ASOS 공통 조사월의 연관성을 이용한 상대 위험 전망입니다. 2026년은 부분연도이며, 2027년 실제 기상·발생·확률을 확정하지 않습니다."
콩,파밤나방,해충,충청남도,,27.0,,전망자료 부족,낮음,10,2026,"양년 자료 없음, 공통 조사단위 0개, 유효 관측 10건, 결측률 0.0%, 단위별 변화 변동성 100.0점. 제한된 비교 단위 또는 변동성 때문에 보수적으로 낮게 평가합니다. 2024·2026 두 개 연도의 NCPMS 예찰자료만 사용한 상대 위험 전망으로, 기상·재배면적·방제 변화와 2027년 실제 발생을 확정하지 않습니다. ASOS 공통 조사월 0개에서 기온·습도·강수·풍속의 관측 연관성을 추세 연장분에만 최대 ±3점으로 제한 적용(보정 +0점). 2027년 미래 기상값은 생성하거나 가정하지 않았습니다.",전망자료 부족,,,0.0,—,기상근거 부족,0,ASOS 공통 조사월 0개에서 기온·습도·강수·풍속의 관측 연관성을 추세 연장분에만 최대 ±3점으로 제한 적용(보정 +0점). 2027년 미래 기상값은 생성하거나 가정하지 않았습니다.,F27-WX1 설명가능 완화추세,"2024·2026 관측자료와 ASOS 공통 조사월의 연관성을 이용한 상대 위험 전망입니다. 2026년은 부분연도이며, 2027년 실제 기상·발생·확률을 확정하지 않습니다."
콩,파밤나방,해충,충청북도,,1.0,,전망자료 부족,낮음,10,2026,"양년 자료 없음, 공통 조사단위 0개, 유효 관측 10건, 결측률 0.0%, 단위별 변화 변동성 100.0점. 제한된 비교 단위 또는 변동성 때문에 보수적으로 낮게 평가합니다. 2024·2026 두 개 연도의 NCPMS 예찰자료만 사용한 상대 위험 전망으로, 기상·재배면적·방제 변화와 2027년 실제 발생을 확정하지 않습니다. ASOS 공통 조사월 0개에서 기온·습도·강수·풍속의 관측 연관성을 추세 연장분에만 최대 ±3점으로 제한 적용(보정 +0점). 2027년 미래 기상값은 생성하거나 가정하지 않았습니다.",전망자료 부족,,,0.0,—,기상근거 부족,0,ASOS 공통 조사월 0개에서 기온·습도·강수·풍속의 관측 연관성을 추세 연장분에만 최대 ±3점으로 제한 적용(보정 +0점). 2027년 미래 기상값은 생성하거나 가정하지 않았습니다.,F27-WX1 설명가능 완화추세,"2024·2026 관측자료와 ASOS 공통 조사월의 연관성을 이용한 상대 위험 전망입니다. 2026년은 부분연도이며, 2027년 실제 기상·발생·확률을 확정하지 않습니다."
마늘,한지형마늘-고자리파리,해충,강원특별자치도,0.0,0.0,0,유지,높음,16,2024·2026,"기준선 비교: 2026 유지 0.0점, 2024·2026 가중평균 0.0점, 선택 모델(완화 추세+표본 축소) 0.0점. 지역 변화 +0.0점을 표본가중치 0.57로 같은 병해충·작물의 지역 중앙 변화 +0.0점 방향에 축소하고, 1년 연장 변화는 ±20점으로 제한했습니다. 양년 자료 있음, 공통 조사단위 5개, 유효 관측 16건, 결측률 0.0%, 단위별 변화 변동성 0.0점. 양년 반복관측·낮은 결측·낮은 변동성 기준을 충족합니다. 2024·2026 두 개 연도의 NCPMS 예찰자료만 사용한 상대 위험 전망으로, 기상·재배면적·방제 변화와 2027년 실제 발생을 확정하지 않습니다. ASOS 공통 조사월 3개에서 기온·습도·강수·풍속의 관측 연관성을 추세 연장분에만 최대 ±3점으로 제한 적용(보정 +0점). 2027년 미래 기상값은 생성하거나 가정하지 않았습니다.",관찰,0,0,0.0,—,기상근거 부족,3,ASOS 공통 조사월 3개에서 기온·습도·강수·풍속의 관측 연관성을 추세 연장분에만 최대 ±3점으로 제한 적용(보정 +0점). 2027년 미래 기상값은 생성하거나 가정하지 않았습니다.,F27-WX1 설명가능 완화추세,"2024·2026 관측자료와 ASOS 공통 조사월의 연관성을 이용한 상대 위험 전망입니다. 2026년은 부분연도이며, 2027년 실제 기상·발생·확률을 확정하지 않습니다."
마늘,한지형마늘-고자리파리,해충,경상남도,0.0,,,전망자료 부족,낮음,6,2024,"양년 자료 없음, 공통 조사단위 0개, 유효 관측 6건, 결측률 0.0%, 단위별 변화 변동성 100.0점. 제한된 비교 단위 또는 변동성 때문에 보수적으로 낮게 평가합니다. 2024·2026 두 개 연도의 NCPMS 예찰자료만 사용한 상대 위험 전망으로, 기상·재배면적·방제 변화와 2027년 실제 발생을 확정하지 않습니다. ASOS 공통 조사월 0개에서 기온·습도·강수·풍속의 관측 연관성을 추세 연장분에만 최대 ±3점으로 제한 적용(보정 +0점). 2027년 미래 기상값은 생성하거나 가정하지 않았습니다.",전망자료 부족,,,0.0,—,기상근거 부족,0,ASOS 공통 조사월 0개에서 기온·습도·강수·풍속의 관측 연관성을 추세 연장분에만 최대 ±3점으로 제한 적용(보정 +0점). 2027년 미래 기상값은 생성하거나 가정하지 않았습니다.,F27-WX1 설명가능 완화추세,"2024·2026 관측자료와 ASOS 공통 조사월의 연관성을 이용한 상대 위험 전망입니다. 2026년은 부분연도이며, 2027년 실제 기상·발생·확률을 확정하지 않습니다."
마늘,한지형마늘-고자리파리,해충,경상북도,0.0,0.0,0,유지,높음,22,2024·2026,"기준선 비교: 2026 유지 0.0점, 2024·2026 가중평균 0.0점, 선택 모델(완화 추세+표본 축소) 0.0점. 지역 변화 +0.0점을 표본가중치 0.65로 같은 병해충·작물의 지역 중앙 변화 +0.0점 방향에 축소하고, 1년 연장 변화는 ±20점으로 제한했습니다. 양년 자료 있음, 공통 조사단위 5개, 유효 관측 22건, 결측률 0.0%, 단위별 변화 변동성 0.0점. 양년 반복관측·낮은 결측·낮은 변동성 기준을 충족합니다. 2024·2026 두 개 연도의 NCPMS 예찰자료만 사용한 상대 위험 전망으로, 기상·재배면적·방제 변화와 2027년 실제 발생을 확정하지 않습니다. ASOS 공통 조사월 3개에서 기온·습도·강수·풍속의 관측 연관성을 추세 연장분에만 최대 ±3점으로 제한 적용(보정 +0점). 2027년 미래 기상값은 생성하거나 가정하지 않았습니다.",관찰,0,0,0.0,—,기상근거 부족,3,ASOS 공통 조사월 3개에서 기온·습도·강수·풍속의 관측 연관성을 추세 연장분에만 최대 ±3점으로 제한 적용(보정 +0점). 2027년 미래 기상값은 생성하거나 가정하지 않았습니다.,F27-WX1 설명가능 완화추세,"2024·2026 관측자료와 ASOS 공통 조사월의 연관성을 이용한 상대 위험 전망입니다. 2026년은 부분연도이며, 2027년 실제 기상·발생·확률을 확정하지 않습니다."
마늘,한지형마늘-고자리파리,해충,대구광역시,0.0,0.0,0,유지,높음,22,2024·2026,"기준선 비교: 2026 유지 0.0점, 2024·2026 가중평균 0.0점, 선택 모델(완화 추세+표본 축소) 0.0점. 지역 변화 +0.0점을 표본가중치 0.65로 같은 병해충·작물의 지역 중앙 변화 +0.0점 방향에 축소하고, 1년 연장 변화는 ±20점으로 제한했습니다. 양년 자료 있음, 공통 조사단위 5개, 유효 관측 22건, 결측률 0.0%, 단위별 변화 변동성 0.0점. 양년 반복관측·낮은 결측·낮은 변동성 기준을 충족합니다. 2024·2026 두 개 연도의 NCPMS 예찰자료만 사용한 상대 위험 전망으로, 기상·재배면적·방제 변화와 2027년 실제 발생을 확정하지 않습니다. ASOS 공통 조사월 3개에서 기온·습도·강수·풍속의 관측 연관성을 추세 연장분에만 최대 ±3점으로 제한 적용(보정 +0점). 2027년 미래 기상값은 생성하거나 가정하지 않았습니다.",관찰,0,0,0.0,—,기상근거 부족,3,ASOS 공통 조사월 3개에서 기온·습도·강수·풍속의 관측 연관성을 추세 연장분에만 최대 ±3점으로 제한 적용(보정 +0점). 2027년 미래 기상값은 생성하거나 가정하지 않았습니다.,F27-WX1 설명가능 완화추세,"2024·2026 관측자료와 ASOS 공통 조사월의 연관성을 이용한 상대 위험 전망입니다. 2026년은 부분연도이며, 2027년 실제 기상·발생·확률을 확정하지 않습니다."
마늘,한지형마늘-고자리파리,해충,전남광주통합특별시,0.0,,,전망자료 부족,낮음,6,2024,"양년 자료 없음, 공통 조사단위 0개, 유효 관측 6건, 결측률 0.0%, 단위별 변화 변동성 100.0점. 제한된 비교 단위 또는 변동성 때문에 보수적으로 낮게 평가합니다. 2024·2026 두 개 연도의 NCPMS 예찰자료만 사용한 상대 위험 전망으로, 기상·재배면적·방제 변화와 2027년 실제 발생을 확정하지 않습니다. ASOS 공통 조사월 0개에서 기온·습도·강수·풍속의 관측 연관성을 추세 연장분에만 최대 ±3점으로 제한 적용(보정 +0점). 2027년 미래 기상값은 생성하거나 가정하지 않았습니다.",전망자료 부족,,,0.0,—,기상근거 부족,0,ASOS 공통 조사월 0개에서 기온·습도·강수·풍속의 관측 연관성을 추세 연장분에만 최대 ±3점으로 제한 적용(보정 +0점). 2027년 미래 기상값은 생성하거나 가정하지 않았습니다.,F27-WX1 설명가능 완화추세,"2024·2026 관측자료와 ASOS 공통 조사월의 연관성을 이용한 상대 위험 전망입니다. 2026년은 부분연도이며, 2027년 실제 기상·발생·확률을 확정하지 않습니다."
마늘,한지형마늘-고자리파리,해충,전북특별자치도,0.0,,,전망자료 부족,낮음,6,2024,"양년 자료 없음, 공통 조사단위 0개, 유효 관측 6건, 결측률 0.0%, 단위별 변화 변동성 100.0점. 제한된 비교 단위 또는 변동성 때문에 보수적으로 낮게 평가합니다. 2024·2026 두 개 연도의 NCPMS 예찰자료만 사용한 상대 위험 전망으로, 기상·재배면적·방제 변화와 2027년 실제 발생을 확정하지 않습니다. ASOS 공통 조사월 0개에서 기온·습도·강수·풍속의 관측 연관성을 추세 연장분에만 최대 ±3점으로 제한 적용(보정 +0점). 2027년 미래 기상값은 생성하거나 가정하지 않았습니다.",전망자료 부족,,,0.0,—,기상근거 부족,0,ASOS 공통 조사월 0개에서 기온·습도·강수·풍속의 관측 연관성을 추세 연장분에만 최대 ±3점으로 제한 적용(보정 +0점). 2027년 미래 기상값은 생성하거나 가정하지 않았습니다.,F27-WX1 설명가능 완화추세,"2024·2026 관측자료와 ASOS 공통 조사월의 연관성을 이용한 상대 위험 전망입니다. 2026년은 부분연도이며, 2027년 실제 기상·발생·확률을 확정하지 않습니다."
마늘,한지형마늘-고자리파리,해충,충청남도,0.0,0.0,0,유지,높음,22,2024·2026,"기준선 비교: 2026 유지 0.0점, 2024·2026 가중평균 0.0점, 선택 모델(완화 추세+표본 축소) 0.0점. 지역 변화 +0.0점을 표본가중치 0.65로 같은 병해충·작물의 지역 중앙 변화 +0.0점 방향에 축소하고, 1년 연장 변화는 ±20점으로 제한했습니다. 양년 자료 있음, 공통 조사단위 5개, 유효 관측 22건, 결측률 0.0%, 단위별 변화 변동성 0.0점. 양년 반복관측·낮은 결측·낮은 변동성 기준을 충족합니다. 2024·2026 두 개 연도의 NCPMS 예찰자료만 사용한 상대 위험 전망으로, 기상·재배면적·방제 변화와 2027년 실제 발생을 확정하지 않습니다. ASOS 공통 조사월 3개에서 기온·습도·강수·풍속의 관측 연관성을 추세 연장분에만 최대 ±3점으로 제한 적용(보정 +0점). 2027년 미래 기상값은 생성하거나 가정하지 않았습니다.",관찰,0,0,0.0,—,기상근거 부족,3,ASOS 공통 조사월 3개에서 기온·습도·강수·풍속의 관측 연관성을 추세 연장분에만 최대 ±3점으로 제한 적용(보정 +0점). 2027년 미래 기상값은 생성하거나 가정하지 않았습니다.,F27-WX1 설명가능 완화추세,"2024·2026 관측자료와 ASOS 공통 조사월의 연관성을 이용한 상대 위험 전망입니다. 2026년은 부분연도이며, 2027년 실제 기상·발생·확률을 확정하지 않습니다."
마늘,한지형마늘-고자리파리,해충,충청북도,0.0,0.0,0,유지,높음,16,2024·2026,"기준선 비교: 2026 유지 0.0점, 2024·2026 가중평균 0.0점, 선택 모델(완화 추세+표본 축소) 0.0점. 지역 변화 +0.0점을 표본가중치 0.57로 같은 병해충·작물의 지역 중앙 변화 +0.0점 방향에 축소하고, 1년 연장 변화는 ±20점으로 제한했습니다. 양년 자료 있음, 공통 조사단위 5개, 유효 관측 16건, 결측률 0.0%, 단위별 변화 변동성 0.0점. 양년 반복관측·낮은 결측·낮은 변동성 기준을 충족합니다. 2024·2026 두 개 연도의 NCPMS 예찰자료만 사용한 상대 위험 전망으로, 기상·재배면적·방제 변화와 2027년 실제 발생을 확정하지 않습니다. ASOS 공통 조사월 3개에서 기온·습도·강수·풍속의 관측 연관성을 추세 연장분에만 최대 ±3점으로 제한 적용(보정 +0점). 2027년 미래 기상값은 생성하거나 가정하지 않았습니다.",관찰,0,0,0.0,—,기상근거 부족,3,ASOS 공통 조사월 3개에서 기온·습도·강수·풍속의 관측 연관성을 추세 연장분에만 최대 ±3점으로 제한 적용(보정 +0점). 2027년 미래 기상값은 생성하거나 가정하지 않았습니다.,F27-WX1 설명가능 완화추세,"2024·2026 관측자료와 ASOS 공통 조사월의 연관성을 이용한 상대 위험 전망입니다. 2026년은 부분연도이며, 2027년 실제 기상·발생·확률을 확정하지 않습니다."
마늘,한지형마늘-녹병,병해,강원특별자치도,,0.0,,전망자료 부족,낮음,10,2026,"양년 자료 없음, 공통 조사단위 0개, 유효 관측 10건, 결측률 0.0%, 단위별 변화 변동성 100.0점. 제한된 비교 단위 또는 변동성 때문에 보수적으로 낮게 평가합니다. 2024·2026 두 개 연도의 NCPMS 예찰자료만 사용한 상대 위험 전망으로, 기상·재배면적·방제 변화와 2027년 실제 발생을 확정하지 않습니다. ASOS 공통 조사월 0개에서 기온·습도·강수·풍속의 관측 연관성을 추세 연장분에만 최대 ±3점으로 제한 적용(보정 +0점). 2027년 미래 기상값은 생성하거나 가정하지 않았습니다.",전망자료 부족,,,0.0,—,기상근거 부족,0,ASOS 공통 조사월 0개에서 기온·습도·강수·풍속의 관측 연관성을 추세 연장분에만 최대 ±3점으로 제한 적용(보정 +0점). 2027년 미래 기상값은 생성하거나 가정하지 않았습니다.,F27-WX1 설명가능 완화추세,"2024·2026 관측자료와 ASOS 공통 조사월의 연관성을 이용한 상대 위험 전망입니다. 2026년은 부분연도이며, 2027년 실제 기상·발생·확률을 확정하지 않습니다."
마늘,한지형마늘-녹병,병해,경상북도,,0.0,,전망자료 부족,낮음,10,2026,"양년 자료 없음, 공통 조사단위 0개, 유효 관측 10건, 결측률 0.0%, 단위별 변화 변동성 100.0점. 제한된 비교 단위 또는 변동성 때문에 보수적으로 낮게 평가합니다. 2024·2026 두 개 연도의 NCPMS 예찰자료만 사용한 상대 위험 전망으로, 기상·재배면적·방제 변화와 2027년 실제 발생을 확정하지 않습니다. ASOS 공통 조사월 0개에서 기온·습도·강수·풍속의 관측 연관성을 추세 연장분에만 최대 ±3점으로 제한 적용(보정 +0점). 2027년 미래 기상값은 생성하거나 가정하지 않았습니다.",전망자료 부족,,,0.0,—,기상근거 부족,0,ASOS 공통 조사월 0개에서 기온·습도·강수·풍속의 관측 연관성을 추세 연장분에만 최대 ±3점으로 제한 적용(보정 +0점). 2027년 미래 기상값은 생성하거나 가정하지 않았습니다.,F27-WX1 설명가능 완화추세,"2024·2026 관측자료와 ASOS 공통 조사월의 연관성을 이용한 상대 위험 전망입니다. 2026년은 부분연도이며, 2027년 실제 기상·발생·확률을 확정하지 않습니다."
마늘,한지형마늘-녹병,병해,대구광역시,,0.0,,전망자료 부족,낮음,10,2026,"양년 자료 없음, 공통 조사단위 0개, 유효 관측 10건, 결측률 0.0%, 단위별 변화 변동성 100.0점. 제한된 비교 단위 또는 변동성 때문에 보수적으로 낮게 평가합니다. 2024·2026 두 개 연도의 NCPMS 예찰자료만 사용한 상대 위험 전망으로, 기상·재배면적·방제 변화와 2027년 실제 발생을 확정하지 않습니다. ASOS 공통 조사월 0개에서 기온·습도·강수·풍속의 관측 연관성을 추세 연장분에만 최대 ±3점으로 제한 적용(보정 +0점). 2027년 미래 기상값은 생성하거나 가정하지 않았습니다.",전망자료 부족,,,0.0,—,기상근거 부족,0,ASOS 공통 조사월 0개에서 기온·습도·강수·풍속의 관측 연관성을 추세 연장분에만 최대 ±3점으로 제한 적용(보정 +0점). 2027년 미래 기상값은 생성하거나 가정하지 않았습니다.,F27-WX1 설명가능 완화추세,"2024·2026 관측자료와 ASOS 공통 조사월의 연관성을 이용한 상대 위험 전망입니다. 2026년은 부분연도이며, 2027년 실제 기상·발생·확률을 확정하지 않습니다."
마늘,한지형마늘-녹병,병해,충청남도,,0.0,,전망자료 부족,낮음,10,2026,"양년 자료 없음, 공통 조사단위 0개, 유효 관측 10건, 결측률 0.0%, 단위별 변화 변동성 100.0점. 제한된 비교 단위 또는 변동성 때문에 보수적으로 낮게 평가합니다. 2024·2026 두 개 연도의 NCPMS 예찰자료만 사용한 상대 위험 전망으로, 기상·재배면적·방제 변화와 2027년 실제 발생을 확정하지 않습니다. ASOS 공통 조사월 0개에서 기온·습도·강수·풍속의 관측 연관성을 추세 연장분에만 최대 ±3점으로 제한 적용(보정 +0점). 2027년 미래 기상값은 생성하거나 가정하지 않았습니다.",전망자료 부족,,,0.0,—,기상근거 부족,0,ASOS 공통 조사월 0개에서 기온·습도·강수·풍속의 관측 연관성을 추세 연장분에만 최대 ±3점으로 제한 적용(보정 +0점). 2027년 미래 기상값은 생성하거나 가정하지 않았습니다.,F27-WX1 설명가능 완화추세,"2024·2026 관측자료와 ASOS 공통 조사월의 연관성을 이용한 상대 위험 전망입니다. 2026년은 부분연도이며, 2027년 실제 기상·발생·확률을 확정하지 않습니다."
마늘,한지형마늘-녹병,병해,충청북도,,0.0,,전망자료 부족,낮음,10,2026,"양년 자료 없음, 공통 조사단위 0개, 유효 관측 10건, 결측률 0.0%, 단위별 변화 변동성 100.0점. 제한된 비교 단위 또는 변동성 때문에 보수적으로 낮게 평가합니다. 2024·2026 두 개 연도의 NCPMS 예찰자료만 사용한 상대 위험 전망으로, 기상·재배면적·방제 변화와 2027년 실제 발생을 확정하지 않습니다. ASOS 공통 조사월 0개에서 기온·습도·강수·풍속의 관측 연관성을 추세 연장분에만 최대 ±3점으로 제한 적용(보정 +0점). 2027년 미래 기상값은 생성하거나 가정하지 않았습니다.",전망자료 부족,,,0.0,—,기상근거 부족,0,ASOS 공통 조사월 0개에서 기온·습도·강수·풍속의 관측 연관성을 추세 연장분에만 최대 ±3점으로 제한 적용(보정 +0점). 2027년 미래 기상값은 생성하거나 가정하지 않았습니다.,F27-WX1 설명가능 완화추세,"2024·2026 관측자료와 ASOS 공통 조사월의 연관성을 이용한 상대 위험 전망입니다. 2026년은 부분연도이며, 2027년 실제 기상·발생·확률을 확정하지 않습니다."
마늘,한지형마늘-무름병,병해,강원특별자치도,,0.0,,전망자료 부족,낮음,10,2026,"양년 자료 없음, 공통 조사단위 0개, 유효 관측 10건, 결측률 0.0%, 단위별 변화 변동성 100.0점. 제한된 비교 단위 또는 변동성 때문에 보수적으로 낮게 평가합니다. 2024·2026 두 개 연도의 NCPMS 예찰자료만 사용한 상대 위험 전망으로, 기상·재배면적·방제 변화와 2027년 실제 발생을 확정하지 않습니다. ASOS 공통 조사월 0개에서 기온·습도·강수·풍속의 관측 연관성을 추세 연장분에만 최대 ±3점으로 제한 적용(보정 +0점). 2027년 미래 기상값은 생성하거나 가정하지 않았습니다.",전망자료 부족,,,0.0,—,기상근거 부족,0,ASOS 공통 조사월 0개에서 기온·습도·강수·풍속의 관측 연관성을 추세 연장분에만 최대 ±3점으로 제한 적용(보정 +0점). 2027년 미래 기상값은 생성하거나 가정하지 않았습니다.,F27-WX1 설명가능 완화추세,"2024·2026 관측자료와 ASOS 공통 조사월의 연관성을 이용한 상대 위험 전망입니다. 2026년은 부분연도이며, 2027년 실제 기상·발생·확률을 확정하지 않습니다."
마늘,한지형마늘-무름병,병해,경상북도,,0.0,,전망자료 부족,낮음,10,2026,"양년 자료 없음, 공통 조사단위 0개, 유효 관측 10건, 결측률 0.0%, 단위별 변화 변동성 100.0점. 제한된 비교 단위 또는 변동성 때문에 보수적으로 낮게 평가합니다. 2024·2026 두 개 연도의 NCPMS 예찰자료만 사용한 상대 위험 전망으로, 기상·재배면적·방제 변화와 2027년 실제 발생을 확정하지 않습니다. ASOS 공통 조사월 0개에서 기온·습도·강수·풍속의 관측 연관성을 추세 연장분에만 최대 ±3점으로 제한 적용(보정 +0점). 2027년 미래 기상값은 생성하거나 가정하지 않았습니다.",전망자료 부족,,,0.0,—,기상근거 부족,0,ASOS 공통 조사월 0개에서 기온·습도·강수·풍속의 관측 연관성을 추세 연장분에만 최대 ±3점으로 제한 적용(보정 +0점). 2027년 미래 기상값은 생성하거나 가정하지 않았습니다.,F27-WX1 설명가능 완화추세,"2024·2026 관측자료와 ASOS 공통 조사월의 연관성을 이용한 상대 위험 전망입니다. 2026년은 부분연도이며, 2027년 실제 기상·발생·확률을 확정하지 않습니다."
마늘,한지형마늘-무름병,병해,대구광역시,,0.0,,전망자료 부족,낮음,10,2026,"양년 자료 없음, 공통 조사단위 0개, 유효 관측 10건, 결측률 0.0%, 단위별 변화 변동성 100.0점. 제한된 비교 단위 또는 변동성 때문에 보수적으로 낮게 평가합니다. 2024·2026 두 개 연도의 NCPMS 예찰자료만 사용한 상대 위험 전망으로, 기상·재배면적·방제 변화와 2027년 실제 발생을 확정하지 않습니다. ASOS 공통 조사월 0개에서 기온·습도·강수·풍속의 관측 연관성을 추세 연장분에만 최대 ±3점으로 제한 적용(보정 +0점). 2027년 미래 기상값은 생성하거나 가정하지 않았습니다.",전망자료 부족,,,0.0,—,기상근거 부족,0,ASOS 공통 조사월 0개에서 기온·습도·강수·풍속의 관측 연관성을 추세 연장분에만 최대 ±3점으로 제한 적용(보정 +0점). 2027년 미래 기상값은 생성하거나 가정하지 않았습니다.,F27-WX1 설명가능 완화추세,"2024·2026 관측자료와 ASOS 공통 조사월의 연관성을 이용한 상대 위험 전망입니다. 2026년은 부분연도이며, 2027년 실제 기상·발생·확률을 확정하지 않습니다."
마늘,한지형마늘-무름병,병해,충청남도,,0.0,,전망자료 부족,낮음,10,2026,"양년 자료 없음, 공통 조사단위 0개, 유효 관측 10건, 결측률 0.0%, 단위별 변화 변동성 100.0점. 제한된 비교 단위 또는 변동성 때문에 보수적으로 낮게 평가합니다. 2024·2026 두 개 연도의 NCPMS 예찰자료만 사용한 상대 위험 전망으로, 기상·재배면적·방제 변화와 2027년 실제 발생을 확정하지 않습니다. ASOS 공통 조사월 0개에서 기온·습도·강수·풍속의 관측 연관성을 추세 연장분에만 최대 ±3점으로 제한 적용(보정 +0점). 2027년 미래 기상값은 생성하거나 가정하지 않았습니다.",전망자료 부족,,,0.0,—,기상근거 부족,0,ASOS 공통 조사월 0개에서 기온·습도·강수·풍속의 관측 연관성을 추세 연장분에만 최대 ±3점으로 제한 적용(보정 +0점). 2027년 미래 기상값은 생성하거나 가정하지 않았습니다.,F27-WX1 설명가능 완화추세,"2024·2026 관측자료와 ASOS 공통 조사월의 연관성을 이용한 상대 위험 전망입니다. 2026년은 부분연도이며, 2027년 실제 기상·발생·확률을 확정하지 않습니다."
마늘,한지형마늘-무름병,병해,충청북도,,0.0,,전망자료 부족,낮음,10,2026,"양년 자료 없음, 공통 조사단위 0개, 유효 관측 10건, 결측률 0.0%, 단위별 변화 변동성 100.0점. 제한된 비교 단위 또는 변동성 때문에 보수적으로 낮게 평가합니다. 2024·2026 두 개 연도의 NCPMS 예찰자료만 사용한 상대 위험 전망으로, 기상·재배면적·방제 변화와 2027년 실제 발생을 확정하지 않습니다. ASOS 공통 조사월 0개에서 기온·습도·강수·풍속의 관측 연관성을 추세 연장분에만 최대 ±3점으로 제한 적용(보정 +0점). 2027년 미래 기상값은 생성하거나 가정하지 않았습니다.",전망자료 부족,,,0.0,—,기상근거 부족,0,ASOS 공통 조사월 0개에서 기온·습도·강수·풍속의 관측 연관성을 추세 연장분에만 최대 ±3점으로 제한 적용(보정 +0점). 2027년 미래 기상값은 생성하거나 가정하지 않았습니다.,F27-WX1 설명가능 완화추세,"2024·2026 관측자료와 ASOS 공통 조사월의 연관성을 이용한 상대 위험 전망입니다. 2026년은 부분연도이며, 2027년 실제 기상·발생·확률을 확정하지 않습니다."
마늘,한지형마늘-바이러스,바이러스,강원특별자치도,,40.0,,전망자료 부족,낮음,10,2026,"양년 자료 없음, 공통 조사단위 0개, 유효 관측 10건, 결측률 0.0%, 단위별 변화 변동성 100.0점. 제한된 비교 단위 또는 변동성 때문에 보수적으로 낮게 평가합니다. 2024·2026 두 개 연도의 NCPMS 예찰자료만 사용한 상대 위험 전망으로, 기상·재배면적·방제 변화와 2027년 실제 발생을 확정하지 않습니다. ASOS 공통 조사월 0개에서 기온·습도·강수·풍속의 관측 연관성을 추세 연장분에만 최대 ±3점으로 제한 적용(보정 +0점). 2027년 미래 기상값은 생성하거나 가정하지 않았습니다.",전망자료 부족,,,0.0,—,기상근거 부족,0,ASOS 공통 조사월 0개에서 기온·습도·강수·풍속의 관측 연관성을 추세 연장분에만 최대 ±3점으로 제한 적용(보정 +0점). 2027년 미래 기상값은 생성하거나 가정하지 않았습니다.,F27-WX1 설명가능 완화추세,"2024·2026 관측자료와 ASOS 공통 조사월의 연관성을 이용한 상대 위험 전망입니다. 2026년은 부분연도이며, 2027년 실제 기상·발생·확률을 확정하지 않습니다."
마늘,한지형마늘-바이러스,바이러스,경상북도,,0.0,,전망자료 부족,낮음,10,2026,"양년 자료 없음, 공통 조사단위 0개, 유효 관측 10건, 결측률 0.0%, 단위별 변화 변동성 100.0점. 제한된 비교 단위 또는 변동성 때문에 보수적으로 낮게 평가합니다. 2024·2026 두 개 연도의 NCPMS 예찰자료만 사용한 상대 위험 전망으로, 기상·재배면적·방제 변화와 2027년 실제 발생을 확정하지 않습니다. ASOS 공통 조사월 0개에서 기온·습도·강수·풍속의 관측 연관성을 추세 연장분에만 최대 ±3점으로 제한 적용(보정 +0점). 2027년 미래 기상값은 생성하거나 가정하지 않았습니다.",전망자료 부족,,,0.0,—,기상근거 부족,0,ASOS 공통 조사월 0개에서 기온·습도·강수·풍속의 관측 연관성을 추세 연장분에만 최대 ±3점으로 제한 적용(보정 +0점). 2027년 미래 기상값은 생성하거나 가정하지 않았습니다.,F27-WX1 설명가능 완화추세,"2024·2026 관측자료와 ASOS 공통 조사월의 연관성을 이용한 상대 위험 전망입니다. 2026년은 부분연도이며, 2027년 실제 기상·발생·확률을 확정하지 않습니다."
마늘,한지형마늘-바이러스,바이러스,대구광역시,,0.0,,전망자료 부족,낮음,10,2026,"양년 자료 없음, 공통 조사단위 0개, 유효 관측 10건, 결측률 0.0%, 단위별 변화 변동성 100.0점. 제한된 비교 단위 또는 변동성 때문에 보수적으로 낮게 평가합니다. 2024·2026 두 개 연도의 NCPMS 예찰자료만 사용한 상대 위험 전망으로, 기상·재배면적·방제 변화와 2027년 실제 발생을 확정하지 않습니다. ASOS 공통 조사월 0개에서 기온·습도·강수·풍속의 관측 연관성을 추세 연장분에만 최대 ±3점으로 제한 적용(보정 +0점). 2027년 미래 기상값은 생성하거나 가정하지 않았습니다.",전망자료 부족,,,0.0,—,기상근거 부족,0,ASOS 공통 조사월 0개에서 기온·습도·강수·풍속의 관측 연관성을 추세 연장분에만 최대 ±3점으로 제한 적용(보정 +0점). 2027년 미래 기상값은 생성하거나 가정하지 않았습니다.,F27-WX1 설명가능 완화추세,"2024·2026 관측자료와 ASOS 공통 조사월의 연관성을 이용한 상대 위험 전망입니다. 2026년은 부분연도이며, 2027년 실제 기상·발생·확률을 확정하지 않습니다."
마늘,한지형마늘-바이러스,바이러스,충청남도,,0.0,,전망자료 부족,낮음,10,2026,"양년 자료 없음, 공통 조사단위 0개, 유효 관측 10건, 결측률 0.0%, 단위별 변화 변동성 100.0점. 제한된 비교 단위 또는 변동성 때문에 보수적으로 낮게 평가합니다. 2024·2026 두 개 연도의 NCPMS 예찰자료만 사용한 상대 위험 전망으로, 기상·재배면적·방제 변화와 2027년 실제 발생을 확정하지 않습니다. ASOS 공통 조사월 0개에서 기온·습도·강수·풍속의 관측 연관성을 추세 연장분에만 최대 ±3점으로 제한 적용(보정 +0점). 2027년 미래 기상값은 생성하거나 가정하지 않았습니다.",전망자료 부족,,,0.0,—,기상근거 부족,0,ASOS 공통 조사월 0개에서 기온·습도·강수·풍속의 관측 연관성을 추세 연장분에만 최대 ±3점으로 제한 적용(보정 +0점). 2027년 미래 기상값은 생성하거나 가정하지 않았습니다.,F27-WX1 설명가능 완화추세,"2024·2026 관측자료와 ASOS 공통 조사월의 연관성을 이용한 상대 위험 전망입니다. 2026년은 부분연도이며, 2027년 실제 기상·발생·확률을 확정하지 않습니다."
마늘,한지형마늘-바이러스,바이러스,충청북도,,33.0,,전망자료 부족,낮음,10,2026,"양년 자료 없음, 공통 조사단위 0개, 유효 관측 10건, 결측률 0.0%, 단위별 변화 변동성 100.0점. 제한된 비교 단위 또는 변동성 때문에 보수적으로 낮게 평가합니다. 2024·2026 두 개 연도의 NCPMS 예찰자료만 사용한 상대 위험 전망으로, 기상·재배면적·방제 변화와 2027년 실제 발생을 확정하지 않습니다. ASOS 공통 조사월 0개에서 기온·습도·강수·풍속의 관측 연관성을 추세 연장분에만 최대 ±3점으로 제한 적용(보정 +0점). 2027년 미래 기상값은 생성하거나 가정하지 않았습니다.",전망자료 부족,,,0.0,—,기상근거 부족,0,ASOS 공통 조사월 0개에서 기온·습도·강수·풍속의 관측 연관성을 추세 연장분에만 최대 ±3점으로 제한 적용(보정 +0점). 2027년 미래 기상값은 생성하거나 가정하지 않았습니다.,F27-WX1 설명가능 완화추세,"2024·2026 관측자료와 ASOS 공통 조사월의 연관성을 이용한 상대 위험 전망입니다. 2026년은 부분연도이며, 2027년 실제 기상·발생·확률을 확정하지 않습니다."
마늘,한지형마늘-뿌리응애,해충,강원특별자치도,,80.0,,전망자료 부족,낮음,10,2026,"양년 자료 없음, 공통 조사단위 0개, 유효 관측 10건, 결측률 0.0%, 단위별 변화 변동성 100.0점. 제한된 비교 단위 또는 변동성 때문에 보수적으로 낮게 평가합니다. 2024·2026 두 개 연도의 NCPMS 예찰자료만 사용한 상대 위험 전망으로, 기상·재배면적·방제 변화와 2027년 실제 발생을 확정하지 않습니다. ASOS 공통 조사월 0개에서 기온·습도·강수·풍속의 관측 연관성을 추세 연장분에만 최대 ±3점으로 제한 적용(보정 +0점). 2027년 미래 기상값은 생성하거나 가정하지 않았습니다.",전망자료 부족,,,0.0,—,기상근거 부족,0,ASOS 공통 조사월 0개에서 기온·습도·강수·풍속의 관측 연관성을 추세 연장분에만 최대 ±3점으로 제한 적용(보정 +0점). 2027년 미래 기상값은 생성하거나 가정하지 않았습니다.,F27-WX1 설명가능 완화추세,"2024·2026 관측자료와 ASOS 공통 조사월의 연관성을 이용한 상대 위험 전망입니다. 2026년은 부분연도이며, 2027년 실제 기상·발생·확률을 확정하지 않습니다."
마늘,한지형마늘-뿌리응애,해충,경상북도,,0.0,,전망자료 부족,낮음,10,2026,"양년 자료 없음, 공통 조사단위 0개, 유효 관측 10건, 결측률 0.0%, 단위별 변화 변동성 100.0점. 제한된 비교 단위 또는 변동성 때문에 보수적으로 낮게 평가합니다. 2024·2026 두 개 연도의 NCPMS 예찰자료만 사용한 상대 위험 전망으로, 기상·재배면적·방제 변화와 2027년 실제 발생을 확정하지 않습니다. ASOS 공통 조사월 0개에서 기온·습도·강수·풍속의 관측 연관성을 추세 연장분에만 최대 ±3점으로 제한 적용(보정 +0점). 2027년 미래 기상값은 생성하거나 가정하지 않았습니다.",전망자료 부족,,,0.0,—,기상근거 부족,0,ASOS 공통 조사월 0개에서 기온·습도·강수·풍속의 관측 연관성을 추세 연장분에만 최대 ±3점으로 제한 적용(보정 +0점). 2027년 미래 기상값은 생성하거나 가정하지 않았습니다.,F27-WX1 설명가능 완화추세,"2024·2026 관측자료와 ASOS 공통 조사월의 연관성을 이용한 상대 위험 전망입니다. 2026년은 부분연도이며, 2027년 실제 기상·발생·확률을 확정하지 않습니다."
마늘,한지형마늘-뿌리응애,해충,대구광역시,,0.0,,전망자료 부족,낮음,10,2026,"양년 자료 없음, 공통 조사단위 0개, 유효 관측 10건, 결측률 0.0%, 단위별 변화 변동성 100.0점. 제한된 비교 단위 또는 변동성 때문에 보수적으로 낮게 평가합니다. 2024·2026 두 개 연도의 NCPMS 예찰자료만 사용한 상대 위험 전망으로, 기상·재배면적·방제 변화와 2027년 실제 발생을 확정하지 않습니다. ASOS 공통 조사월 0개에서 기온·습도·강수·풍속의 관측 연관성을 추세 연장분에만 최대 ±3점으로 제한 적용(보정 +0점). 2027년 미래 기상값은 생성하거나 가정하지 않았습니다.",전망자료 부족,,,0.0,—,기상근거 부족,0,ASOS 공통 조사월 0개에서 기온·습도·강수·풍속의 관측 연관성을 추세 연장분에만 최대 ±3점으로 제한 적용(보정 +0점). 2027년 미래 기상값은 생성하거나 가정하지 않았습니다.,F27-WX1 설명가능 완화추세,"2024·2026 관측자료와 ASOS 공통 조사월의 연관성을 이용한 상대 위험 전망입니다. 2026년은 부분연도이며, 2027년 실제 기상·발생·확률을 확정하지 않습니다."
마늘,한지형마늘-뿌리응애,해충,충청남도,,0.0,,전망자료 부족,낮음,10,2026,"양년 자료 없음, 공통 조사단위 0개, 유효 관측 10건, 결측률 0.0%, 단위별 변화 변동성 100.0점. 제한된 비교 단위 또는 변동성 때문에 보수적으로 낮게 평가합니다. 2024·2026 두 개 연도의 NCPMS 예찰자료만 사용한 상대 위험 전망으로, 기상·재배면적·방제 변화와 2027년 실제 발생을 확정하지 않습니다. ASOS 공통 조사월 0개에서 기온·습도·강수·풍속의 관측 연관성을 추세 연장분에만 최대 ±3점으로 제한 적용(보정 +0점). 2027년 미래 기상값은 생성하거나 가정하지 않았습니다.",전망자료 부족,,,0.0,—,기상근거 부족,0,ASOS 공통 조사월 0개에서 기온·습도·강수·풍속의 관측 연관성을 추세 연장분에만 최대 ±3점으로 제한 적용(보정 +0점). 2027년 미래 기상값은 생성하거나 가정하지 않았습니다.,F27-WX1 설명가능 완화추세,"2024·2026 관측자료와 ASOS 공통 조사월의 연관성을 이용한 상대 위험 전망입니다. 2026년은 부분연도이며, 2027년 실제 기상·발생·확률을 확정하지 않습니다."
마늘,한지형마늘-뿌리응애,해충,충청북도,,0.0,,전망자료 부족,낮음,10,2026,"양년 자료 없음, 공통 조사단위 0개, 유효 관측 10건, 결측률 0.0%, 단위별 변화 변동성 100.0점. 제한된 비교 단위 또는 변동성 때문에 보수적으로 낮게 평가합니다. 2024·2026 두 개 연도의 NCPMS 예찰자료만 사용한 상대 위험 전망으로, 기상·재배면적·방제 변화와 2027년 실제 발생을 확정하지 않습니다. ASOS 공통 조사월 0개에서 기온·습도·강수·풍속의 관측 연관성을 추세 연장분에만 최대 ±3점으로 제한 적용(보정 +0점). 2027년 미래 기상값은 생성하거나 가정하지 않았습니다.",전망자료 부족,,,0.0,—,기상근거 부족,0,ASOS 공통 조사월 0개에서 기온·습도·강수·풍속의 관측 연관성을 추세 연장분에만 최대 ±3점으로 제한 적용(보정 +0점). 2027년 미래 기상값은 생성하거나 가정하지 않았습니다.,F27-WX1 설명가능 완화추세,"2024·2026 관측자료와 ASOS 공통 조사월의 연관성을 이용한 상대 위험 전망입니다. 2026년은 부분연도이며, 2027년 실제 기상·발생·확률을 확정하지 않습니다."
마늘,한지형마늘-잎마름병,병해,강원특별자치도,,0.0,,전망자료 부족,낮음,10,2026,"양년 자료 없음, 공통 조사단위 0개, 유효 관측 10건, 결측률 0.0%, 단위별 변화 변동성 100.0점. 제한된 비교 단위 또는 변동성 때문에 보수적으로 낮게 평가합니다. 2024·2026 두 개 연도의 NCPMS 예찰자료만 사용한 상대 위험 전망으로, 기상·재배면적·방제 변화와 2027년 실제 발생을 확정하지 않습니다. ASOS 공통 조사월 0개에서 기온·습도·강수·풍속의 관측 연관성을 추세 연장분에만 최대 ±3점으로 제한 적용(보정 +0점). 2027년 미래 기상값은 생성하거나 가정하지 않았습니다.",전망자료 부족,,,0.0,—,기상근거 부족,0,ASOS 공통 조사월 0개에서 기온·습도·강수·풍속의 관측 연관성을 추세 연장분에만 최대 ±3점으로 제한 적용(보정 +0점). 2027년 미래 기상값은 생성하거나 가정하지 않았습니다.,F27-WX1 설명가능 완화추세,"2024·2026 관측자료와 ASOS 공통 조사월의 연관성을 이용한 상대 위험 전망입니다. 2026년은 부분연도이며, 2027년 실제 기상·발생·확률을 확정하지 않습니다."
마늘,한지형마늘-잎마름병,병해,경상북도,,35.0,,전망자료 부족,낮음,10,2026,"양년 자료 없음, 공통 조사단위 0개, 유효 관측 10건, 결측률 0.0%, 단위별 변화 변동성 100.0점. 제한된 비교 단위 또는 변동성 때문에 보수적으로 낮게 평가합니다. 2024·2026 두 개 연도의 NCPMS 예찰자료만 사용한 상대 위험 전망으로, 기상·재배면적·방제 변화와 2027년 실제 발생을 확정하지 않습니다. ASOS 공통 조사월 0개에서 기온·습도·강수·풍속의 관측 연관성을 추세 연장분에만 최대 ±3점으로 제한 적용(보정 +0점). 2027년 미래 기상값은 생성하거나 가정하지 않았습니다.",전망자료 부족,,,0.0,—,기상근거 부족,0,ASOS 공통 조사월 0개에서 기온·습도·강수·풍속의 관측 연관성을 추세 연장분에만 최대 ±3점으로 제한 적용(보정 +0점). 2027년 미래 기상값은 생성하거나 가정하지 않았습니다.,F27-WX1 설명가능 완화추세,"2024·2026 관측자료와 ASOS 공통 조사월의 연관성을 이용한 상대 위험 전망입니다. 2026년은 부분연도이며, 2027년 실제 기상·발생·확률을 확정하지 않습니다."
마늘,한지형마늘-잎마름병,병해,대구광역시,,0.0,,전망자료 부족,낮음,10,2026,"양년 자료 없음, 공통 조사단위 0개, 유효 관측 10건, 결측률 0.0%, 단위별 변화 변동성 100.0점. 제한된 비교 단위 또는 변동성 때문에 보수적으로 낮게 평가합니다. 2024·2026 두 개 연도의 NCPMS 예찰자료만 사용한 상대 위험 전망으로, 기상·재배면적·방제 변화와 2027년 실제 발생을 확정하지 않습니다. ASOS 공통 조사월 0개에서 기온·습도·강수·풍속의 관측 연관성을 추세 연장분에만 최대 ±3점으로 제한 적용(보정 +0점). 2027년 미래 기상값은 생성하거나 가정하지 않았습니다.",전망자료 부족,,,0.0,—,기상근거 부족,0,ASOS 공통 조사월 0개에서 기온·습도·강수·풍속의 관측 연관성을 추세 연장분에만 최대 ±3점으로 제한 적용(보정 +0점). 2027년 미래 기상값은 생성하거나 가정하지 않았습니다.,F27-WX1 설명가능 완화추세,"2024·2026 관측자료와 ASOS 공통 조사월의 연관성을 이용한 상대 위험 전망입니다. 2026년은 부분연도이며, 2027년 실제 기상·발생·확률을 확정하지 않습니다."
마늘,한지형마늘-잎마름병,병해,충청남도,,20.0,,전망자료 부족,낮음,10,2026,"양년 자료 없음, 공통 조사단위 0개, 유효 관측 10건, 결측률 0.0%, 단위별 변화 변동성 100.0점. 제한된 비교 단위 또는 변동성 때문에 보수적으로 낮게 평가합니다. 2024·2026 두 개 연도의 NCPMS 예찰자료만 사용한 상대 위험 전망으로, 기상·재배면적·방제 변화와 2027년 실제 발생을 확정하지 않습니다. ASOS 공통 조사월 0개에서 기온·습도·강수·풍속의 관측 연관성을 추세 연장분에만 최대 ±3점으로 제한 적용(보정 +0점). 2027년 미래 기상값은 생성하거나 가정하지 않았습니다.",전망자료 부족,,,0.0,—,기상근거 부족,0,ASOS 공통 조사월 0개에서 기온·습도·강수·풍속의 관측 연관성을 추세 연장분에만 최대 ±3점으로 제한 적용(보정 +0점). 2027년 미래 기상값은 생성하거나 가정하지 않았습니다.,F27-WX1 설명가능 완화추세,"2024·2026 관측자료와 ASOS 공통 조사월의 연관성을 이용한 상대 위험 전망입니다. 2026년은 부분연도이며, 2027년 실제 기상·발생·확률을 확정하지 않습니다."
마늘,한지형마늘-잎마름병,병해,충청북도,,8.0,,전망자료 부족,낮음,10,2026,"양년 자료 없음, 공통 조사단위 0개, 유효 관측 10건, 결측률 0.0%, 단위별 변화 변동성 100.0점. 제한된 비교 단위 또는 변동성 때문에 보수적으로 낮게 평가합니다. 2024·2026 두 개 연도의 NCPMS 예찰자료만 사용한 상대 위험 전망으로, 기상·재배면적·방제 변화와 2027년 실제 발생을 확정하지 않습니다. ASOS 공통 조사월 0개에서 기온·습도·강수·풍속의 관측 연관성을 추세 연장분에만 최대 ±3점으로 제한 적용(보정 +0점). 2027년 미래 기상값은 생성하거나 가정하지 않았습니다.",전망자료 부족,,,0.0,—,기상근거 부족,0,ASOS 공통 조사월 0개에서 기온·습도·강수·풍속의 관측 연관성을 추세 연장분에만 최대 ±3점으로 제한 적용(보정 +0점). 2027년 미래 기상값은 생성하거나 가정하지 않았습니다.,F27-WX1 설명가능 완화추세,"2024·2026 관측자료와 ASOS 공통 조사월의 연관성을 이용한 상대 위험 전망입니다. 2026년은 부분연도이며, 2027년 실제 기상·발생·확률을 확정하지 않습니다."
마늘,한지형마늘-잎집썩음병,병해,강원특별자치도,,0.0,,전망자료 부족,낮음,10,2026,"양년 자료 없음, 공통 조사단위 0개, 유효 관측 10건, 결측률 0.0%, 단위별 변화 변동성 100.0점. 제한된 비교 단위 또는 변동성 때문에 보수적으로 낮게 평가합니다. 2024·2026 두 개 연도의 NCPMS 예찰자료만 사용한 상대 위험 전망으로, 기상·재배면적·방제 변화와 2027년 실제 발생을 확정하지 않습니다. ASOS 공통 조사월 0개에서 기온·습도·강수·풍속의 관측 연관성을 추세 연장분에만 최대 ±3점으로 제한 적용(보정 +0점). 2027년 미래 기상값은 생성하거나 가정하지 않았습니다.",전망자료 부족,,,0.0,—,기상근거 부족,0,ASOS 공통 조사월 0개에서 기온·습도·강수·풍속의 관측 연관성을 추세 연장분에만 최대 ±3점으로 제한 적용(보정 +0점). 2027년 미래 기상값은 생성하거나 가정하지 않았습니다.,F27-WX1 설명가능 완화추세,"2024·2026 관측자료와 ASOS 공통 조사월의 연관성을 이용한 상대 위험 전망입니다. 2026년은 부분연도이며, 2027년 실제 기상·발생·확률을 확정하지 않습니다."
마늘,한지형마늘-잎집썩음병,병해,경상북도,,0.0,,전망자료 부족,낮음,10,2026,"양년 자료 없음, 공통 조사단위 0개, 유효 관측 10건, 결측률 0.0%, 단위별 변화 변동성 100.0점. 제한된 비교 단위 또는 변동성 때문에 보수적으로 낮게 평가합니다. 2024·2026 두 개 연도의 NCPMS 예찰자료만 사용한 상대 위험 전망으로, 기상·재배면적·방제 변화와 2027년 실제 발생을 확정하지 않습니다. ASOS 공통 조사월 0개에서 기온·습도·강수·풍속의 관측 연관성을 추세 연장분에만 최대 ±3점으로 제한 적용(보정 +0점). 2027년 미래 기상값은 생성하거나 가정하지 않았습니다.",전망자료 부족,,,0.0,—,기상근거 부족,0,ASOS 공통 조사월 0개에서 기온·습도·강수·풍속의 관측 연관성을 추세 연장분에만 최대 ±3점으로 제한 적용(보정 +0점). 2027년 미래 기상값은 생성하거나 가정하지 않았습니다.,F27-WX1 설명가능 완화추세,"2024·2026 관측자료와 ASOS 공통 조사월의 연관성을 이용한 상대 위험 전망입니다. 2026년은 부분연도이며, 2027년 실제 기상·발생·확률을 확정하지 않습니다."
마늘,한지형마늘-잎집썩음병,병해,대구광역시,,0.0,,전망자료 부족,낮음,10,2026,"양년 자료 없음, 공통 조사단위 0개, 유효 관측 10건, 결측률 0.0%, 단위별 변화 변동성 100.0점. 제한된 비교 단위 또는 변동성 때문에 보수적으로 낮게 평가합니다. 2024·2026 두 개 연도의 NCPMS 예찰자료만 사용한 상대 위험 전망으로, 기상·재배면적·방제 변화와 2027년 실제 발생을 확정하지 않습니다. ASOS 공통 조사월 0개에서 기온·습도·강수·풍속의 관측 연관성을 추세 연장분에만 최대 ±3점으로 제한 적용(보정 +0점). 2027년 미래 기상값은 생성하거나 가정하지 않았습니다.",전망자료 부족,,,0.0,—,기상근거 부족,0,ASOS 공통 조사월 0개에서 기온·습도·강수·풍속의 관측 연관성을 추세 연장분에만 최대 ±3점으로 제한 적용(보정 +0점). 2027년 미래 기상값은 생성하거나 가정하지 않았습니다.,F27-WX1 설명가능 완화추세,"2024·2026 관측자료와 ASOS 공통 조사월의 연관성을 이용한 상대 위험 전망입니다. 2026년은 부분연도이며, 2027년 실제 기상·발생·확률을 확정하지 않습니다."
마늘,한지형마늘-잎집썩음병,병해,충청남도,,0.0,,전망자료 부족,낮음,10,2026,"양년 자료 없음, 공통 조사단위 0개, 유효 관측 10건, 결측률 0.0%, 단위별 변화 변동성 100.0점. 제한된 비교 단위 또는 변동성 때문에 보수적으로 낮게 평가합니다. 2024·2026 두 개 연도의 NCPMS 예찰자료만 사용한 상대 위험 전망으로, 기상·재배면적·방제 변화와 2027년 실제 발생을 확정하지 않습니다. ASOS 공통 조사월 0개에서 기온·습도·강수·풍속의 관측 연관성을 추세 연장분에만 최대 ±3점으로 제한 적용(보정 +0점). 2027년 미래 기상값은 생성하거나 가정하지 않았습니다.",전망자료 부족,,,0.0,—,기상근거 부족,0,ASOS 공통 조사월 0개에서 기온·습도·강수·풍속의 관측 연관성을 추세 연장분에만 최대 ±3점으로 제한 적용(보정 +0점). 2027년 미래 기상값은 생성하거나 가정하지 않았습니다.,F27-WX1 설명가능 완화추세,"2024·2026 관측자료와 ASOS 공통 조사월의 연관성을 이용한 상대 위험 전망입니다. 2026년은 부분연도이며, 2027년 실제 기상·발생·확률을 확정하지 않습니다."
마늘,한지형마늘-잎집썩음병,병해,충청북도,,0.0,,전망자료 부족,낮음,10,2026,"양년 자료 없음, 공통 조사단위 0개, 유효 관측 10건, 결측률 0.0%, 단위별 변화 변동성 100.0점. 제한된 비교 단위 또는 변동성 때문에 보수적으로 낮게 평가합니다. 2024·2026 두 개 연도의 NCPMS 예찰자료만 사용한 상대 위험 전망으로, 기상·재배면적·방제 변화와 2027년 실제 발생을 확정하지 않습니다. ASOS 공통 조사월 0개에서 기온·습도·강수·풍속의 관측 연관성을 추세 연장분에만 최대 ±3점으로 제한 적용(보정 +0점). 2027년 미래 기상값은 생성하거나 가정하지 않았습니다.",전망자료 부족,,,0.0,—,기상근거 부족,0,ASOS 공통 조사월 0개에서 기온·습도·강수·풍속의 관측 연관성을 추세 연장분에만 최대 ±3점으로 제한 적용(보정 +0점). 2027년 미래 기상값은 생성하거나 가정하지 않았습니다.,F27-WX1 설명가능 완화추세,"2024·2026 관측자료와 ASOS 공통 조사월의 연관성을 이용한 상대 위험 전망입니다. 2026년은 부분연도이며, 2027년 실제 기상·발생·확률을 확정하지 않습니다."
마늘,한지형마늘-흑색썩음균핵병,병해,강원특별자치도,0.0,0.0,0,유지,높음,16,2024·2026,"기준선 비교: 2026 유지 0.0점, 2024·2026 가중평균 0.0점, 선택 모델(완화 추세+표본 축소) 0.0점. 지역 변화 +0.0점을 표본가중치 0.57로 같은 병해충·작물의 지역 중앙 변화 +0.0점 방향에 축소하고, 1년 연장 변화는 ±20점으로 제한했습니다. 양년 자료 있음, 공통 조사단위 5개, 유효 관측 16건, 결측률 0.0%, 단위별 변화 변동성 0.0점. 양년 반복관측·낮은 결측·낮은 변동성 기준을 충족합니다. 2024·2026 두 개 연도의 NCPMS 예찰자료만 사용한 상대 위험 전망으로, 기상·재배면적·방제 변화와 2027년 실제 발생을 확정하지 않습니다. ASOS 공통 조사월 3개에서 기온·습도·강수·풍속의 관측 연관성을 추세 연장분에만 최대 ±3점으로 제한 적용(보정 +0점). 2027년 미래 기상값은 생성하거나 가정하지 않았습니다.",관찰,0,0,0.0086,습도,기상 근거 보강,3,ASOS 공통 조사월 3개에서 기온·습도·강수·풍속의 관측 연관성을 추세 연장분에만 최대 ±3점으로 제한 적용(보정 +0점). 2027년 미래 기상값은 생성하거나 가정하지 않았습니다.,F27-WX1 설명가능 완화추세,"2024·2026 관측자료와 ASOS 공통 조사월의 연관성을 이용한 상대 위험 전망입니다. 2026년은 부분연도이며, 2027년 실제 기상·발생·확률을 확정하지 않습니다."
마늘,한지형마늘-흑색썩음균핵병,병해,경상남도,0.0,,,전망자료 부족,낮음,6,2024,"양년 자료 없음, 공통 조사단위 0개, 유효 관측 6건, 결측률 0.0%, 단위별 변화 변동성 100.0점. 제한된 비교 단위 또는 변동성 때문에 보수적으로 낮게 평가합니다. 2024·2026 두 개 연도의 NCPMS 예찰자료만 사용한 상대 위험 전망으로, 기상·재배면적·방제 변화와 2027년 실제 발생을 확정하지 않습니다. ASOS 공통 조사월 0개에서 기온·습도·강수·풍속의 관측 연관성을 추세 연장분에만 최대 ±3점으로 제한 적용(보정 +0점). 2027년 미래 기상값은 생성하거나 가정하지 않았습니다.",전망자료 부족,,,0.0,—,기상근거 부족,0,ASOS 공통 조사월 0개에서 기온·습도·강수·풍속의 관측 연관성을 추세 연장분에만 최대 ±3점으로 제한 적용(보정 +0점). 2027년 미래 기상값은 생성하거나 가정하지 않았습니다.,F27-WX1 설명가능 완화추세,"2024·2026 관측자료와 ASOS 공통 조사월의 연관성을 이용한 상대 위험 전망입니다. 2026년은 부분연도이며, 2027년 실제 기상·발생·확률을 확정하지 않습니다."
마늘,한지형마늘-흑색썩음균핵병,병해,경상북도,0.0,0.0,0,유지,높음,22,2024·2026,"기준선 비교: 2026 유지 0.0점, 2024·2026 가중평균 0.0점, 선택 모델(완화 추세+표본 축소) 0.0점. 지역 변화 +0.0점을 표본가중치 0.65로 같은 병해충·작물의 지역 중앙 변화 +0.0점 방향에 축소하고, 1년 연장 변화는 ±20점으로 제한했습니다. 양년 자료 있음, 공통 조사단위 5개, 유효 관측 22건, 결측률 0.0%, 단위별 변화 변동성 0.0점. 양년 반복관측·낮은 결측·낮은 변동성 기준을 충족합니다. 2024·2026 두 개 연도의 NCPMS 예찰자료만 사용한 상대 위험 전망으로, 기상·재배면적·방제 변화와 2027년 실제 발생을 확정하지 않습니다. ASOS 공통 조사월 3개에서 기온·습도·강수·풍속의 관측 연관성을 추세 연장분에만 최대 ±3점으로 제한 적용(보정 +0점). 2027년 미래 기상값은 생성하거나 가정하지 않았습니다.",관찰,0,0,-0.0008,습도,기상 근거 보강,3,ASOS 공통 조사월 3개에서 기온·습도·강수·풍속의 관측 연관성을 추세 연장분에만 최대 ±3점으로 제한 적용(보정 +0점). 2027년 미래 기상값은 생성하거나 가정하지 않았습니다.,F27-WX1 설명가능 완화추세,"2024·2026 관측자료와 ASOS 공통 조사월의 연관성을 이용한 상대 위험 전망입니다. 2026년은 부분연도이며, 2027년 실제 기상·발생·확률을 확정하지 않습니다."
마늘,한지형마늘-흑색썩음균핵병,병해,대구광역시,0.0,0.0,0,유지,높음,22,2024·2026,"기준선 비교: 2026 유지 0.0점, 2024·2026 가중평균 0.0점, 선택 모델(완화 추세+표본 축소) 0.0점. 지역 변화 +0.0점을 표본가중치 0.65로 같은 병해충·작물의 지역 중앙 변화 +0.0점 방향에 축소하고, 1년 연장 변화는 ±20점으로 제한했습니다. 양년 자료 있음, 공통 조사단위 5개, 유효 관측 22건, 결측률 0.0%, 단위별 변화 변동성 0.0점. 양년 반복관측·낮은 결측·낮은 변동성 기준을 충족합니다. 2024·2026 두 개 연도의 NCPMS 예찰자료만 사용한 상대 위험 전망으로, 기상·재배면적·방제 변화와 2027년 실제 발생을 확정하지 않습니다. ASOS 공통 조사월 3개에서 기온·습도·강수·풍속의 관측 연관성을 추세 연장분에만 최대 ±3점으로 제한 적용(보정 +0점). 2027년 미래 기상값은 생성하거나 가정하지 않았습니다.",관찰,0,0,-0.0152,습도,기상 근거 보강,3,ASOS 공통 조사월 3개에서 기온·습도·강수·풍속의 관측 연관성을 추세 연장분에만 최대 ±3점으로 제한 적용(보정 +0점). 2027년 미래 기상값은 생성하거나 가정하지 않았습니다.,F27-WX1 설명가능 완화추세,"2024·2026 관측자료와 ASOS 공통 조사월의 연관성을 이용한 상대 위험 전망입니다. 2026년은 부분연도이며, 2027년 실제 기상·발생·확률을 확정하지 않습니다."
마늘,한지형마늘-흑색썩음균핵병,병해,전남광주통합특별시,0.0,,,전망자료 부족,낮음,6,2024,"양년 자료 없음, 공통 조사단위 0개, 유효 관측 6건, 결측률 0.0%, 단위별 변화 변동성 100.0점. 제한된 비교 단위 또는 변동성 때문에 보수적으로 낮게 평가합니다. 2024·2026 두 개 연도의 NCPMS 예찰자료만 사용한 상대 위험 전망으로, 기상·재배면적·방제 변화와 2027년 실제 발생을 확정하지 않습니다. ASOS 공통 조사월 0개에서 기온·습도·강수·풍속의 관측 연관성을 추세 연장분에만 최대 ±3점으로 제한 적용(보정 +0점). 2027년 미래 기상값은 생성하거나 가정하지 않았습니다.",전망자료 부족,,,0.0,—,기상근거 부족,0,ASOS 공통 조사월 0개에서 기온·습도·강수·풍속의 관측 연관성을 추세 연장분에만 최대 ±3점으로 제한 적용(보정 +0점). 2027년 미래 기상값은 생성하거나 가정하지 않았습니다.,F27-WX1 설명가능 완화추세,"2024·2026 관측자료와 ASOS 공통 조사월의 연관성을 이용한 상대 위험 전망입니다. 2026년은 부분연도이며, 2027년 실제 기상·발생·확률을 확정하지 않습니다."
마늘,한지형마늘-흑색썩음균핵병,병해,전북특별자치도,0.0,,,전망자료 부족,낮음,6,2024,"양년 자료 없음, 공통 조사단위 0개, 유효 관측 6건, 결측률 0.0%, 단위별 변화 변동성 100.0점. 제한된 비교 단위 또는 변동성 때문에 보수적으로 낮게 평가합니다. 2024·2026 두 개 연도의 NCPMS 예찰자료만 사용한 상대 위험 전망으로, 기상·재배면적·방제 변화와 2027년 실제 발생을 확정하지 않습니다. ASOS 공통 조사월 0개에서 기온·습도·강수·풍속의 관측 연관성을 추세 연장분에만 최대 ±3점으로 제한 적용(보정 +0점). 2027년 미래 기상값은 생성하거나 가정하지 않았습니다.",전망자료 부족,,,0.0,—,기상근거 부족,0,ASOS 공통 조사월 0개에서 기온·습도·강수·풍속의 관측 연관성을 추세 연장분에만 최대 ±3점으로 제한 적용(보정 +0점). 2027년 미래 기상값은 생성하거나 가정하지 않았습니다.,F27-WX1 설명가능 완화추세,"2024·2026 관측자료와 ASOS 공통 조사월의 연관성을 이용한 상대 위험 전망입니다. 2026년은 부분연도이며, 2027년 실제 기상·발생·확률을 확정하지 않습니다."
마늘,한지형마늘-흑색썩음균핵병,병해,충청남도,33.0,0.0,0,유지,보통,22,2024·2026,"기준선 비교: 2026 유지 0.0점, 2024·2026 가중평균 11.7점, 선택 모델(완화 추세+표본 축소) 0.0점. 지역 변화 -33.3점을 표본가중치 0.65로 같은 병해충·작물의 지역 중앙 변화 +0.0점 방향에 축소하고, 1년 연장 변화는 ±20점으로 제한했습니다. 양년 자료 있음, 공통 조사단위 5개, 유효 관측 22건, 결측률 0.0%, 단위별 변화 변동성 24.5점. 비교는 가능하지만 표본 또는 변동성에 불확실성이 남습니다. 2024·2026 두 개 연도의 NCPMS 예찰자료만 사용한 상대 위험 전망으로, 기상·재배면적·방제 변화와 2027년 실제 발생을 확정하지 않습니다. ASOS 공통 조사월 3개에서 기온·습도·강수·풍속의 관측 연관성을 추세 연장분에만 최대 ±3점으로 제한 적용(보정 +0점). 2027년 미래 기상값은 생성하거나 가정하지 않았습니다.",관찰,0,0,-0.0226,습도,기상 근거 보강,3,ASOS 공통 조사월 3개에서 기온·습도·강수·풍속의 관측 연관성을 추세 연장분에만 최대 ±3점으로 제한 적용(보정 +0점). 2027년 미래 기상값은 생성하거나 가정하지 않았습니다.,F27-WX1 설명가능 완화추세,"2024·2026 관측자료와 ASOS 공통 조사월의 연관성을 이용한 상대 위험 전망입니다. 2026년은 부분연도이며, 2027년 실제 기상·발생·확률을 확정하지 않습니다."
마늘,한지형마늘-흑색썩음균핵병,병해,충청북도,0.0,0.0,0,유지,높음,16,2024·2026,"기준선 비교: 2026 유지 0.0점, 2024·2026 가중평균 0.0점, 선택 모델(완화 추세+표본 축소) 0.0점. 지역 변화 +0.0점을 표본가중치 0.57로 같은 병해충·작물의 지역 중앙 변화 +0.0점 방향에 축소하고, 1년 연장 변화는 ±20점으로 제한했습니다. 양년 자료 있음, 공통 조사단위 5개, 유효 관측 16건, 결측률 0.0%, 단위별 변화 변동성 0.0점. 양년 반복관측·낮은 결측·낮은 변동성 기준을 충족합니다. 2024·2026 두 개 연도의 NCPMS 예찰자료만 사용한 상대 위험 전망으로, 기상·재배면적·방제 변화와 2027년 실제 발생을 확정하지 않습니다. ASOS 공통 조사월 3개에서 기온·습도·강수·풍속의 관측 연관성을 추세 연장분에만 최대 ±3점으로 제한 적용(보정 +0점). 2027년 미래 기상값은 생성하거나 가정하지 않았습니다.",관찰,0,0,-0.0267,습도,기상 근거 보강,3,ASOS 공통 조사월 3개에서 기온·습도·강수·풍속의 관측 연관성을 추세 연장분에만 최대 ±3점으로 제한 적용(보정 +0점). 2027년 미래 기상값은 생성하거나 가정하지 않았습니다.,F27-WX1 설명가능 완화추세,"2024·2026 관측자료와 ASOS 공통 조사월의 연관성을 이용한 상대 위험 전망입니다. 2026년은 부분연도이며, 2027년 실제 기상·발생·확률을 확정하지 않습니다."
논벼,혹명나방,해충,강원특별자치도,0.0,1.0,1,유지,보통,32,2024·2026,"기준선 비교: 2026 유지 1.0점, 2024·2026 가중평균 0.6점, 선택 모델(완화 추세+표본 축소) 1.2점. 지역 변화 +1.0점을 표본가중치 0.73로 같은 병해충·작물의 지역 중앙 변화 +0.1점 방향에 축소하고, 1년 연장 변화는 ±20점으로 제한했습니다. 양년 자료 있음, 공통 조사단위 2개, 유효 관측 32건, 결측률 0.0%, 단위별 변화 변동성 0.0점. 비교는 가능하지만 표본 또는 변동성에 불확실성이 남습니다. 2024·2026 두 개 연도의 NCPMS 예찰자료만 사용한 상대 위험 전망으로, 기상·재배면적·방제 변화와 2027년 실제 발생을 확정하지 않습니다. ASOS 공통 조사월 1개에서 기온·습도·강수·풍속의 관측 연관성을 추세 연장분에만 최대 ±3점으로 제한 적용(보정 +0점). 2027년 미래 기상값은 생성하거나 가정하지 않았습니다.",관찰,1,0,-0.0252,기온,기상 근거 보강,1,ASOS 공통 조사월 1개에서 기온·습도·강수·풍속의 관측 연관성을 추세 연장분에만 최대 ±3점으로 제한 적용(보정 +0점). 2027년 미래 기상값은 생성하거나 가정하지 않았습니다.,F27-WX1 설명가능 완화추세,"2024·2026 관측자료와 ASOS 공통 조사월의 연관성을 이용한 상대 위험 전망입니다. 2026년은 부분연도이며, 2027년 실제 기상·발생·확률을 확정하지 않습니다."
논벼,혹명나방,해충,경기도,0.0,0.0,0,유지,보통,36,2024·2026,"기준선 비교: 2026 유지 0.0점, 2024·2026 가중평균 0.0점, 선택 모델(완화 추세+표본 축소) 0.0점. 지역 변화 +0.0점을 표본가중치 0.75로 같은 병해충·작물의 지역 중앙 변화 +0.1점 방향에 축소하고, 1년 연장 변화는 ±20점으로 제한했습니다. 양년 자료 있음, 공통 조사단위 2개, 유효 관측 36건, 결측률 0.0%, 단위별 변화 변동성 0.0점. 비교는 가능하지만 표본 또는 변동성에 불확실성이 남습니다. 2024·2026 두 개 연도의 NCPMS 예찰자료만 사용한 상대 위험 전망으로, 기상·재배면적·방제 변화와 2027년 실제 발생을 확정하지 않습니다. ASOS 공통 조사월 1개에서 기온·습도·강수·풍속의 관측 연관성을 추세 연장분에만 최대 ±3점으로 제한 적용(보정 +0점). 2027년 미래 기상값은 생성하거나 가정하지 않았습니다.",관찰,0,0,-0.0458,습도,기상 근거 보강,1,ASOS 공통 조사월 1개에서 기온·습도·강수·풍속의 관측 연관성을 추세 연장분에만 최대 ±3점으로 제한 적용(보정 +0점). 2027년 미래 기상값은 생성하거나 가정하지 않았습니다.,F27-WX1 설명가능 완화추세,"2024·2026 관측자료와 ASOS 공통 조사월의 연관성을 이용한 상대 위험 전망입니다. 2026년은 부분연도이며, 2027년 실제 기상·발생·확률을 확정하지 않습니다."
논벼,혹명나방,해충,경상남도,0.0,33.0,42,증가,보통,32,2024·2026,"기준선 비교: 2026 유지 33.3점, 2024·2026 가중평균 21.7점, 선택 모델(완화 추세+표본 축소) 41.8점. 지역 변화 +33.3점을 표본가중치 0.73로 같은 병해충·작물의 지역 중앙 변화 +0.1점 방향에 축소하고, 1년 연장 변화는 ±20점으로 제한했습니다. 양년 자료 있음, 공통 조사단위 2개, 유효 관측 32건, 결측률 0.0%, 단위별 변화 변동성 0.0점. 비교는 가능하지만 표본 또는 변동성에 불확실성이 남습니다. 2024·2026 두 개 연도의 NCPMS 예찰자료만 사용한 상대 위험 전망으로, 기상·재배면적·방제 변화와 2027년 실제 발생을 확정하지 않습니다. ASOS 공통 조사월 1개에서 기온·습도·강수·풍속의 관측 연관성을 추세 연장분에만 최대 ±3점으로 제한 적용(보정 +0점). 2027년 미래 기상값은 생성하거나 가정하지 않았습니다.",주의,42,0,0.0016,습도,기상 근거 보강,1,ASOS 공통 조사월 1개에서 기온·습도·강수·풍속의 관측 연관성을 추세 연장분에만 최대 ±3점으로 제한 적용(보정 +0점). 2027년 미래 기상값은 생성하거나 가정하지 않았습니다.,F27-WX1 설명가능 완화추세,"2024·2026 관측자료와 ASOS 공통 조사월의 연관성을 이용한 상대 위험 전망입니다. 2026년은 부분연도이며, 2027년 실제 기상·발생·확률을 확정하지 않습니다."
논벼,혹명나방,해충,경상북도,0.0,0.0,0,유지,보통,32,2024·2026,"기준선 비교: 2026 유지 0.3점, 2024·2026 가중평균 0.2점, 선택 모델(완화 추세+표본 축소) 0.3점. 지역 변화 +0.3점을 표본가중치 0.73로 같은 병해충·작물의 지역 중앙 변화 +0.1점 방향에 축소하고, 1년 연장 변화는 ±20점으로 제한했습니다. 양년 자료 있음, 공통 조사단위 2개, 유효 관측 32건, 결측률 0.0%, 단위별 변화 변동성 0.0점. 비교는 가능하지만 표본 또는 변동성에 불확실성이 남습니다. 2024·2026 두 개 연도의 NCPMS 예찰자료만 사용한 상대 위험 전망으로, 기상·재배면적·방제 변화와 2027년 실제 발생을 확정하지 않습니다. ASOS 공통 조사월 1개에서 기온·습도·강수·풍속의 관측 연관성을 추세 연장분에만 최대 ±3점으로 제한 적용(보정 +0점). 2027년 미래 기상값은 생성하거나 가정하지 않았습니다.",관찰,0,0,-0.0129,기온,기상 근거 보강,1,ASOS 공통 조사월 1개에서 기온·습도·강수·풍속의 관측 연관성을 추세 연장분에만 최대 ±3점으로 제한 적용(보정 +0점). 2027년 미래 기상값은 생성하거나 가정하지 않았습니다.,F27-WX1 설명가능 완화추세,"2024·2026 관측자료와 ASOS 공통 조사월의 연관성을 이용한 상대 위험 전망입니다. 2026년은 부분연도이며, 2027년 실제 기상·발생·확률을 확정하지 않습니다."
논벼,혹명나방,해충,대구광역시,0.0,0.0,0,유지,보통,32,2024·2026,"기준선 비교: 2026 유지 0.0점, 2024·2026 가중평균 0.0점, 선택 모델(완화 추세+표본 축소) 0.0점. 지역 변화 +0.0점을 표본가중치 0.73로 같은 병해충·작물의 지역 중앙 변화 +0.1점 방향에 축소하고, 1년 연장 변화는 ±20점으로 제한했습니다. 양년 자료 있음, 공통 조사단위 2개, 유효 관측 32건, 결측률 0.0%, 단위별 변화 변동성 0.0점. 비교는 가능하지만 표본 또는 변동성에 불확실성이 남습니다. 2024·2026 두 개 연도의 NCPMS 예찰자료만 사용한 상대 위험 전망으로, 기상·재배면적·방제 변화와 2027년 실제 발생을 확정하지 않습니다. ASOS 공통 조사월 1개에서 기온·습도·강수·풍속의 관측 연관성을 추세 연장분에만 최대 ±3점으로 제한 적용(보정 +0점). 2027년 미래 기상값은 생성하거나 가정하지 않았습니다.",관찰,0,0,-0.043,기온,기상 근거 보강,1,ASOS 공통 조사월 1개에서 기온·습도·강수·풍속의 관측 연관성을 추세 연장분에만 최대 ±3점으로 제한 적용(보정 +0점). 2027년 미래 기상값은 생성하거나 가정하지 않았습니다.,F27-WX1 설명가능 완화추세,"2024·2026 관측자료와 ASOS 공통 조사월의 연관성을 이용한 상대 위험 전망입니다. 2026년은 부분연도이며, 2027년 실제 기상·발생·확률을 확정하지 않습니다."
논벼,혹명나방,해충,대전광역시,0.0,0.0,0,유지,보통,32,2024·2026,"기준선 비교: 2026 유지 0.0점, 2024·2026 가중평균 0.0점, 선택 모델(완화 추세+표본 축소) 0.0점. 지역 변화 +0.0점을 표본가중치 0.73로 같은 병해충·작물의 지역 중앙 변화 +0.1점 방향에 축소하고, 1년 연장 변화는 ±20점으로 제한했습니다. 양년 자료 있음, 공통 조사단위 2개, 유효 관측 32건, 결측률 0.0%, 단위별 변화 변동성 0.0점. 비교는 가능하지만 표본 또는 변동성에 불확실성이 남습니다. 2024·2026 두 개 연도의 NCPMS 예찰자료만 사용한 상대 위험 전망으로, 기상·재배면적·방제 변화와 2027년 실제 발생을 확정하지 않습니다. ASOS 공통 조사월 1개에서 기온·습도·강수·풍속의 관측 연관성을 추세 연장분에만 최대 ±3점으로 제한 적용(보정 +0점). 2027년 미래 기상값은 생성하거나 가정하지 않았습니다.",관찰,0,0,0.0254,습도,기상 근거 보강,1,ASOS 공통 조사월 1개에서 기온·습도·강수·풍속의 관측 연관성을 추세 연장분에만 최대 ±3점으로 제한 적용(보정 +0점). 2027년 미래 기상값은 생성하거나 가정하지 않았습니다.,F27-WX1 설명가능 완화추세,"2024·2026 관측자료와 ASOS 공통 조사월의 연관성을 이용한 상대 위험 전망입니다. 2026년은 부분연도이며, 2027년 실제 기상·발생·확률을 확정하지 않습니다."
논벼,혹명나방,해충,부산광역시,0.0,0.0,0,유지,보통,32,2024·2026,"기준선 비교: 2026 유지 0.0점, 2024·2026 가중평균 0.0점, 선택 모델(완화 추세+표본 축소) 0.0점. 지역 변화 +0.0점을 표본가중치 0.73로 같은 병해충·작물의 지역 중앙 변화 +0.1점 방향에 축소하고, 1년 연장 변화는 ±20점으로 제한했습니다. 양년 자료 있음, 공통 조사단위 2개, 유효 관측 32건, 결측률 0.0%, 단위별 변화 변동성 0.0점. 비교는 가능하지만 표본 또는 변동성에 불확실성이 남습니다. 2024·2026 두 개 연도의 NCPMS 예찰자료만 사용한 상대 위험 전망으로, 기상·재배면적·방제 변화와 2027년 실제 발생을 확정하지 않습니다. ASOS 공통 조사월 1개에서 기온·습도·강수·풍속의 관측 연관성을 추세 연장분에만 최대 ±3점으로 제한 적용(보정 +0점). 2027년 미래 기상값은 생성하거나 가정하지 않았습니다.",관찰,0,0,0.0048,습도,기상 근거 보강,1,ASOS 공통 조사월 1개에서 기온·습도·강수·풍속의 관측 연관성을 추세 연장분에만 최대 ±3점으로 제한 적용(보정 +0점). 2027년 미래 기상값은 생성하거나 가정하지 않았습니다.,F27-WX1 설명가능 완화추세,"2024·2026 관측자료와 ASOS 공통 조사월의 연관성을 이용한 상대 위험 전망입니다. 2026년은 부분연도이며, 2027년 실제 기상·발생·확률을 확정하지 않습니다."
논벼,혹명나방,해충,세종특별자치시,0.0,0.0,0,유지,보통,28,2024·2026,"기준선 비교: 2026 유지 0.0점, 2024·2026 가중평균 0.0점, 선택 모델(완화 추세+표본 축소) 0.0점. 지역 변화 +0.0점을 표본가중치 0.70로 같은 병해충·작물의 지역 중앙 변화 +0.1점 방향에 축소하고, 1년 연장 변화는 ±20점으로 제한했습니다. 양년 자료 있음, 공통 조사단위 2개, 유효 관측 28건, 결측률 0.0%, 단위별 변화 변동성 0.0점. 비교는 가능하지만 표본 또는 변동성에 불확실성이 남습니다. 2024·2026 두 개 연도의 NCPMS 예찰자료만 사용한 상대 위험 전망으로, 기상·재배면적·방제 변화와 2027년 실제 발생을 확정하지 않습니다. ASOS 공통 조사월 1개에서 기온·습도·강수·풍속의 관측 연관성을 추세 연장분에만 최대 ±3점으로 제한 적용(보정 +0점). 2027년 미래 기상값은 생성하거나 가정하지 않았습니다.",관찰,0,0,0.0071,습도,기상 근거 보강,1,ASOS 공통 조사월 1개에서 기온·습도·강수·풍속의 관측 연관성을 추세 연장분에만 최대 ±3점으로 제한 적용(보정 +0점). 2027년 미래 기상값은 생성하거나 가정하지 않았습니다.,F27-WX1 설명가능 완화추세,"2024·2026 관측자료와 ASOS 공통 조사월의 연관성을 이용한 상대 위험 전망입니다. 2026년은 부분연도이며, 2027년 실제 기상·발생·확률을 확정하지 않습니다."
논벼,혹명나방,해충,울산광역시,0.0,17.0,21,유지,보통,32,2024·2026,"기준선 비교: 2026 유지 16.7점, 2024·2026 가중평균 10.8점, 선택 모델(완화 추세+표본 축소) 20.9점. 지역 변화 +16.7점을 표본가중치 0.73로 같은 병해충·작물의 지역 중앙 변화 +0.1점 방향에 축소하고, 1년 연장 변화는 ±20점으로 제한했습니다. 양년 자료 있음, 공통 조사단위 2개, 유효 관측 32건, 결측률 0.0%, 단위별 변화 변동성 0.0점. 비교는 가능하지만 표본 또는 변동성에 불확실성이 남습니다. 2024·2026 두 개 연도의 NCPMS 예찰자료만 사용한 상대 위험 전망으로, 기상·재배면적·방제 변화와 2027년 실제 발생을 확정하지 않습니다. ASOS 공통 조사월 1개에서 기온·습도·강수·풍속의 관측 연관성을 추세 연장분에만 최대 ±3점으로 제한 적용(보정 +0점). 2027년 미래 기상값은 생성하거나 가정하지 않았습니다.",관찰,21,0,-0.0129,기온,기상 근거 보강,1,ASOS 공통 조사월 1개에서 기온·습도·강수·풍속의 관측 연관성을 추세 연장분에만 최대 ±3점으로 제한 적용(보정 +0점). 2027년 미래 기상값은 생성하거나 가정하지 않았습니다.,F27-WX1 설명가능 완화추세,"2024·2026 관측자료와 ASOS 공통 조사월의 연관성을 이용한 상대 위험 전망입니다. 2026년은 부분연도이며, 2027년 실제 기상·발생·확률을 확정하지 않습니다."
논벼,혹명나방,해충,인천광역시,0.0,0.0,0,유지,보통,32,2024·2026,"기준선 비교: 2026 유지 0.0점, 2024·2026 가중평균 0.0점, 선택 모델(완화 추세+표본 축소) 0.0점. 지역 변화 +0.0점을 표본가중치 0.73로 같은 병해충·작물의 지역 중앙 변화 +0.1점 방향에 축소하고, 1년 연장 변화는 ±20점으로 제한했습니다. 양년 자료 있음, 공통 조사단위 2개, 유효 관측 32건, 결측률 0.0%, 단위별 변화 변동성 0.0점. 비교는 가능하지만 표본 또는 변동성에 불확실성이 남습니다. 2024·2026 두 개 연도의 NCPMS 예찰자료만 사용한 상대 위험 전망으로, 기상·재배면적·방제 변화와 2027년 실제 발생을 확정하지 않습니다. ASOS 공통 조사월 1개에서 기온·습도·강수·풍속의 관측 연관성을 추세 연장분에만 최대 ±3점으로 제한 적용(보정 +0점). 2027년 미래 기상값은 생성하거나 가정하지 않았습니다.",관찰,0,0,0.0027,습도,기상 근거 보강,1,ASOS 공통 조사월 1개에서 기온·습도·강수·풍속의 관측 연관성을 추세 연장분에만 최대 ±3점으로 제한 적용(보정 +0점). 2027년 미래 기상값은 생성하거나 가정하지 않았습니다.,F27-WX1 설명가능 완화추세,"2024·2026 관측자료와 ASOS 공통 조사월의 연관성을 이용한 상대 위험 전망입니다. 2026년은 부분연도이며, 2027년 실제 기상·발생·확률을 확정하지 않습니다."
논벼,혹명나방,해충,전남광주통합특별시,0.0,33.0,42,증가,보통,32,2024·2026,"기준선 비교: 2026 유지 33.5점, 2024·2026 가중평균 21.7점, 선택 모델(완화 추세+표본 축소) 42.0점. 지역 변화 +33.5점을 표본가중치 0.73로 같은 병해충·작물의 지역 중앙 변화 +0.1점 방향에 축소하고, 1년 연장 변화는 ±20점으로 제한했습니다. 양년 자료 있음, 공통 조사단위 2개, 유효 관측 32건, 결측률 0.0%, 단위별 변화 변동성 0.0점. 비교는 가능하지만 표본 또는 변동성에 불확실성이 남습니다. 2024·2026 두 개 연도의 NCPMS 예찰자료만 사용한 상대 위험 전망으로, 기상·재배면적·방제 변화와 2027년 실제 발생을 확정하지 않습니다. ASOS 공통 조사월 1개에서 기온·습도·강수·풍속의 관측 연관성을 추세 연장분에만 최대 ±3점으로 제한 적용(보정 +0점). 2027년 미래 기상값은 생성하거나 가정하지 않았습니다.",주의,42,0,-0.0204,습도,기상 근거 보강,1,ASOS 공통 조사월 1개에서 기온·습도·강수·풍속의 관측 연관성을 추세 연장분에만 최대 ±3점으로 제한 적용(보정 +0점). 2027년 미래 기상값은 생성하거나 가정하지 않았습니다.,F27-WX1 설명가능 완화추세,"2024·2026 관측자료와 ASOS 공통 조사월의 연관성을 이용한 상대 위험 전망입니다. 2026년은 부분연도이며, 2027년 실제 기상·발생·확률을 확정하지 않습니다."
논벼,혹명나방,해충,전북특별자치도,0.0,16.0,20,유지,보통,32,2024·2026,"기준선 비교: 2026 유지 16.0점, 2024·2026 가중평균 10.4점, 선택 모델(완화 추세+표본 축소) 20.1점. 지역 변화 +16.0점을 표본가중치 0.73로 같은 병해충·작물의 지역 중앙 변화 +0.1점 방향에 축소하고, 1년 연장 변화는 ±20점으로 제한했습니다. 양년 자료 있음, 공통 조사단위 2개, 유효 관측 32건, 결측률 0.0%, 단위별 변화 변동성 0.0점. 비교는 가능하지만 표본 또는 변동성에 불확실성이 남습니다. 2024·2026 두 개 연도의 NCPMS 예찰자료만 사용한 상대 위험 전망으로, 기상·재배면적·방제 변화와 2027년 실제 발생을 확정하지 않습니다. ASOS 공통 조사월 1개에서 기온·습도·강수·풍속의 관측 연관성을 추세 연장분에만 최대 ±3점으로 제한 적용(보정 +0점). 2027년 미래 기상값은 생성하거나 가정하지 않았습니다.",관찰,20,0,-0.0094,기온,기상 근거 보강,1,ASOS 공통 조사월 1개에서 기온·습도·강수·풍속의 관측 연관성을 추세 연장분에만 최대 ±3점으로 제한 적용(보정 +0점). 2027년 미래 기상값은 생성하거나 가정하지 않았습니다.,F27-WX1 설명가능 완화추세,"2024·2026 관측자료와 ASOS 공통 조사월의 연관성을 이용한 상대 위험 전망입니다. 2026년은 부분연도이며, 2027년 실제 기상·발생·확률을 확정하지 않습니다."
논벼,혹명나방,해충,충청남도,0.0,4.0,5,유지,보통,32,2024·2026,"기준선 비교: 2026 유지 4.0점, 2024·2026 가중평균 2.6점, 선택 모델(완화 추세+표본 축소) 5.1점. 지역 변화 +4.0점을 표본가중치 0.73로 같은 병해충·작물의 지역 중앙 변화 +0.1점 방향에 축소하고, 1년 연장 변화는 ±20점으로 제한했습니다. 양년 자료 있음, 공통 조사단위 2개, 유효 관측 32건, 결측률 0.0%, 단위별 변화 변동성 0.0점. 비교는 가능하지만 표본 또는 변동성에 불확실성이 남습니다. 2024·2026 두 개 연도의 NCPMS 예찰자료만 사용한 상대 위험 전망으로, 기상·재배면적·방제 변화와 2027년 실제 발생을 확정하지 않습니다. ASOS 공통 조사월 1개에서 기온·습도·강수·풍속의 관측 연관성을 추세 연장분에만 최대 ±3점으로 제한 적용(보정 +0점). 2027년 미래 기상값은 생성하거나 가정하지 않았습니다.",관찰,5,0,-0.0076,습도,기상 근거 보강,1,ASOS 공통 조사월 1개에서 기온·습도·강수·풍속의 관측 연관성을 추세 연장분에만 최대 ±3점으로 제한 적용(보정 +0점). 2027년 미래 기상값은 생성하거나 가정하지 않았습니다.,F27-WX1 설명가능 완화추세,"2024·2026 관측자료와 ASOS 공통 조사월의 연관성을 이용한 상대 위험 전망입니다. 2026년은 부분연도이며, 2027년 실제 기상·발생·확률을 확정하지 않습니다."
논벼,혹명나방,해충,충청북도,0.0,0.0,0,유지,보통,36,2024·2026,"기준선 비교: 2026 유지 0.0점, 2024·2026 가중평균 0.0점, 선택 모델(완화 추세+표본 축소) 0.0점. 지역 변화 +0.0점을 표본가중치 0.75로 같은 병해충·작물의 지역 중앙 변화 +0.1점 방향에 축소하고, 1년 연장 변화는 ±20점으로 제한했습니다. 양년 자료 있음, 공통 조사단위 2개, 유효 관측 36건, 결측률 0.0%, 단위별 변화 변동성 0.0점. 비교는 가능하지만 표본 또는 변동성에 불확실성이 남습니다. 2024·2026 두 개 연도의 NCPMS 예찰자료만 사용한 상대 위험 전망으로, 기상·재배면적·방제 변화와 2027년 실제 발생을 확정하지 않습니다. ASOS 공통 조사월 1개에서 기온·습도·강수·풍속의 관측 연관성을 추세 연장분에만 최대 ±3점으로 제한 적용(보정 +0점). 2027년 미래 기상값은 생성하거나 가정하지 않았습니다.",관찰,0,0,-0.0153,기온,기상 근거 보강,1,ASOS 공통 조사월 1개에서 기온·습도·강수·풍속의 관측 연관성을 추세 연장분에만 최대 ±3점으로 제한 적용(보정 +0점). 2027년 미래 기상값은 생성하거나 가정하지 않았습니다.,F27-WX1 설명가능 완화추세,"2024·2026 관측자료와 ASOS 공통 조사월의 연관성을 이용한 상대 위험 전망입니다. 2026년은 부분연도이며, 2027년 실제 기상·발생·확률을 확정하지 않습니다."
양파,흑색썩음균핵병,병해,경상남도,0.0,0.0,0,유지,보통,11,2024·2026,"기준선 비교: 2026 유지 0.0점, 2024·2026 가중평균 0.0점, 선택 모델(완화 추세+표본 축소) 0.0점. 지역 변화 +0.0점을 표본가중치 0.48로 같은 병해충·작물의 지역 중앙 변화 +0.0점 방향에 축소하고, 1년 연장 변화는 ±20점으로 제한했습니다. 양년 자료 있음, 공통 조사단위 5개, 유효 관측 11건, 결측률 0.0%, 단위별 변화 변동성 0.0점. 비교는 가능하지만 표본 또는 변동성에 불확실성이 남습니다. 2024·2026 두 개 연도의 NCPMS 예찰자료만 사용한 상대 위험 전망으로, 기상·재배면적·방제 변화와 2027년 실제 발생을 확정하지 않습니다. ASOS 공통 조사월 3개에서 기온·습도·강수·풍속의 관측 연관성을 추세 연장분에만 최대 ±3점으로 제한 적용(보정 +0점). 2027년 미래 기상값은 생성하거나 가정하지 않았습니다.",관찰,0,0,-0.0323,강수량,기상 근거 보강,3,ASOS 공통 조사월 3개에서 기온·습도·강수·풍속의 관측 연관성을 추세 연장분에만 최대 ±3점으로 제한 적용(보정 +0점). 2027년 미래 기상값은 생성하거나 가정하지 않았습니다.,F27-WX1 설명가능 완화추세,"2024·2026 관측자료와 ASOS 공통 조사월의 연관성을 이용한 상대 위험 전망입니다. 2026년은 부분연도이며, 2027년 실제 기상·발생·확률을 확정하지 않습니다."
양파,흑색썩음균핵병,병해,경상북도,0.0,20.0,23,유지,보통,11,2024·2026,"기준선 비교: 2026 유지 20.0점, 2024·2026 가중평균 13.0점, 선택 모델(완화 추세+표본 축소) 23.3점. 지역 변화 +20.0점을 표본가중치 0.48로 같은 병해충·작물의 지역 중앙 변화 +0.0점 방향에 축소하고, 1년 연장 변화는 ±20점으로 제한했습니다. 양년 자료 있음, 공통 조사단위 5개, 유효 관측 11건, 결측률 0.0%, 단위별 변화 변동성 40.0점. 비교는 가능하지만 표본 또는 변동성에 불확실성이 남습니다. 2024·2026 두 개 연도의 NCPMS 예찰자료만 사용한 상대 위험 전망으로, 기상·재배면적·방제 변화와 2027년 실제 발생을 확정하지 않습니다. ASOS 공통 조사월 3개에서 기온·습도·강수·풍속의 관측 연관성을 추세 연장분에만 최대 ±3점으로 제한 적용(보정 +0점). 2027년 미래 기상값은 생성하거나 가정하지 않았습니다.",관찰,23,0,0.007,강수량,기상 근거 보강,3,ASOS 공통 조사월 3개에서 기온·습도·강수·풍속의 관측 연관성을 추세 연장분에만 최대 ±3점으로 제한 적용(보정 +0점). 2027년 미래 기상값은 생성하거나 가정하지 않았습니다.,F27-WX1 설명가능 완화추세,"2024·2026 관측자료와 ASOS 공통 조사월의 연관성을 이용한 상대 위험 전망입니다. 2026년은 부분연도이며, 2027년 실제 기상·발생·확률을 확정하지 않습니다."
양파,흑색썩음균핵병,병해,대구광역시,0.0,0.0,0,유지,보통,11,2024·2026,"기준선 비교: 2026 유지 0.0점, 2024·2026 가중평균 0.0점, 선택 모델(완화 추세+표본 축소) 0.0점. 지역 변화 +0.0점을 표본가중치 0.48로 같은 병해충·작물의 지역 중앙 변화 +0.0점 방향에 축소하고, 1년 연장 변화는 ±20점으로 제한했습니다. 양년 자료 있음, 공통 조사단위 5개, 유효 관측 11건, 결측률 0.0%, 단위별 변화 변동성 0.0점. 비교는 가능하지만 표본 또는 변동성에 불확실성이 남습니다. 2024·2026 두 개 연도의 NCPMS 예찰자료만 사용한 상대 위험 전망으로, 기상·재배면적·방제 변화와 2027년 실제 발생을 확정하지 않습니다. ASOS 공통 조사월 3개에서 기온·습도·강수·풍속의 관측 연관성을 추세 연장분에만 최대 ±3점으로 제한 적용(보정 +0점). 2027년 미래 기상값은 생성하거나 가정하지 않았습니다.",관찰,0,0,-0.013,습도,기상 근거 보강,3,ASOS 공통 조사월 3개에서 기온·습도·강수·풍속의 관측 연관성을 추세 연장분에만 최대 ±3점으로 제한 적용(보정 +0점). 2027년 미래 기상값은 생성하거나 가정하지 않았습니다.,F27-WX1 설명가능 완화추세,"2024·2026 관측자료와 ASOS 공통 조사월의 연관성을 이용한 상대 위험 전망입니다. 2026년은 부분연도이며, 2027년 실제 기상·발생·확률을 확정하지 않습니다."
양파,흑색썩음균핵병,병해,전남광주통합특별시,16.0,0.0,0,유지,보통,11,2024·2026,"기준선 비교: 2026 유지 0.0점, 2024·2026 가중평균 5.8점, 선택 모델(완화 추세+표본 축소) 0.0점. 지역 변화 -16.4점을 표본가중치 0.48로 같은 병해충·작물의 지역 중앙 변화 +0.0점 방향에 축소하고, 1년 연장 변화는 ±20점으로 제한했습니다. 양년 자료 있음, 공통 조사단위 5개, 유효 관측 11건, 결측률 0.0%, 단위별 변화 변동성 11.8점. 비교는 가능하지만 표본 또는 변동성에 불확실성이 남습니다. 2024·2026 두 개 연도의 NCPMS 예찰자료만 사용한 상대 위험 전망으로, 기상·재배면적·방제 변화와 2027년 실제 발생을 확정하지 않습니다. ASOS 공통 조사월 3개에서 기온·습도·강수·풍속의 관측 연관성을 추세 연장분에만 최대 ±3점으로 제한 적용(보정 +0점). 2027년 미래 기상값은 생성하거나 가정하지 않았습니다.",관찰,0,0,-0.0316,습도,기상 근거 보강,3,ASOS 공통 조사월 3개에서 기온·습도·강수·풍속의 관측 연관성을 추세 연장분에만 최대 ±3점으로 제한 적용(보정 +0점). 2027년 미래 기상값은 생성하거나 가정하지 않았습니다.,F27-WX1 설명가능 완화추세,"2024·2026 관측자료와 ASOS 공통 조사월의 연관성을 이용한 상대 위험 전망입니다. 2026년은 부분연도이며, 2027년 실제 기상·발생·확률을 확정하지 않습니다."
양파,흑색썩음균핵병,병해,전북특별자치도,33.0,0.0,0,유지,보통,11,2024·2026,"기준선 비교: 2026 유지 0.0점, 2024·2026 가중평균 11.7점, 선택 모델(완화 추세+표본 축소) 0.0점. 지역 변화 -33.3점을 표본가중치 0.48로 같은 병해충·작물의 지역 중앙 변화 +0.0점 방향에 축소하고, 1년 연장 변화는 ±20점으로 제한했습니다. 양년 자료 있음, 공통 조사단위 5개, 유효 관측 11건, 결측률 0.0%, 단위별 변화 변동성 40.0점. 비교는 가능하지만 표본 또는 변동성에 불확실성이 남습니다. 2024·2026 두 개 연도의 NCPMS 예찰자료만 사용한 상대 위험 전망으로, 기상·재배면적·방제 변화와 2027년 실제 발생을 확정하지 않습니다. ASOS 공통 조사월 3개에서 기온·습도·강수·풍속의 관측 연관성을 추세 연장분에만 최대 ±3점으로 제한 적용(보정 +0점). 2027년 미래 기상값은 생성하거나 가정하지 않았습니다.",관찰,0,0,-0.0057,습도,기상 근거 보강,3,ASOS 공통 조사월 3개에서 기온·습도·강수·풍속의 관측 연관성을 추세 연장분에만 최대 ±3점으로 제한 적용(보정 +0점). 2027년 미래 기상값은 생성하거나 가정하지 않았습니다.,F27-WX1 설명가능 완화추세,"2024·2026 관측자료와 ASOS 공통 조사월의 연관성을 이용한 상대 위험 전망입니다. 2026년은 부분연도이며, 2027년 실제 기상·발생·확률을 확정하지 않습니다."
감,흰가루병,병해,경상남도,,1.0,,전망자료 부족,낮음,7,2026,"양년 자료 없음, 공통 조사단위 0개, 유효 관측 7건, 결측률 0.0%, 단위별 변화 변동성 100.0점. 제한된 비교 단위 또는 변동성 때문에 보수적으로 낮게 평가합니다. 2024·2026 두 개 연도의 NCPMS 예찰자료만 사용한 상대 위험 전망으로, 기상·재배면적·방제 변화와 2027년 실제 발생을 확정하지 않습니다. ASOS 공통 조사월 0개에서 기온·습도·강수·풍속의 관측 연관성을 추세 연장분에만 최대 ±3점으로 제한 적용(보정 +0점). 2027년 미래 기상값은 생성하거나 가정하지 않았습니다.",전망자료 부족,,,0.0,—,기상근거 부족,0,ASOS 공통 조사월 0개에서 기온·습도·강수·풍속의 관측 연관성을 추세 연장분에만 최대 ±3점으로 제한 적용(보정 +0점). 2027년 미래 기상값은 생성하거나 가정하지 않았습니다.,F27-WX1 설명가능 완화추세,"2024·2026 관측자료와 ASOS 공통 조사월의 연관성을 이용한 상대 위험 전망입니다. 2026년은 부분연도이며, 2027년 실제 기상·발생·확률을 확정하지 않습니다."
감,흰가루병,병해,경상북도,,47.0,,전망자료 부족,낮음,7,2026,"양년 자료 없음, 공통 조사단위 0개, 유효 관측 7건, 결측률 0.0%, 단위별 변화 변동성 100.0점. 제한된 비교 단위 또는 변동성 때문에 보수적으로 낮게 평가합니다. 2024·2026 두 개 연도의 NCPMS 예찰자료만 사용한 상대 위험 전망으로, 기상·재배면적·방제 변화와 2027년 실제 발생을 확정하지 않습니다. ASOS 공통 조사월 0개에서 기온·습도·강수·풍속의 관측 연관성을 추세 연장분에만 최대 ±3점으로 제한 적용(보정 +0점). 2027년 미래 기상값은 생성하거나 가정하지 않았습니다.",전망자료 부족,,,0.0,—,기상근거 부족,0,ASOS 공통 조사월 0개에서 기온·습도·강수·풍속의 관측 연관성을 추세 연장분에만 최대 ±3점으로 제한 적용(보정 +0점). 2027년 미래 기상값은 생성하거나 가정하지 않았습니다.,F27-WX1 설명가능 완화추세,"2024·2026 관측자료와 ASOS 공통 조사월의 연관성을 이용한 상대 위험 전망입니다. 2026년은 부분연도이며, 2027년 실제 기상·발생·확률을 확정하지 않습니다."
감,흰가루병,병해,울산광역시,,0.0,,전망자료 부족,낮음,6,2026,"양년 자료 없음, 공통 조사단위 0개, 유효 관측 6건, 결측률 0.0%, 단위별 변화 변동성 100.0점. 제한된 비교 단위 또는 변동성 때문에 보수적으로 낮게 평가합니다. 2024·2026 두 개 연도의 NCPMS 예찰자료만 사용한 상대 위험 전망으로, 기상·재배면적·방제 변화와 2027년 실제 발생을 확정하지 않습니다. ASOS 공통 조사월 0개에서 기온·습도·강수·풍속의 관측 연관성을 추세 연장분에만 최대 ±3점으로 제한 적용(보정 +0점). 2027년 미래 기상값은 생성하거나 가정하지 않았습니다.",전망자료 부족,,,0.0,—,기상근거 부족,0,ASOS 공통 조사월 0개에서 기온·습도·강수·풍속의 관측 연관성을 추세 연장분에만 최대 ±3점으로 제한 적용(보정 +0점). 2027년 미래 기상값은 생성하거나 가정하지 않았습니다.,F27-WX1 설명가능 완화추세,"2024·2026 관측자료와 ASOS 공통 조사월의 연관성을 이용한 상대 위험 전망입니다. 2026년은 부분연도이며, 2027년 실제 기상·발생·확률을 확정하지 않습니다."
감,흰가루병,병해,전남광주통합특별시,,45.0,,전망자료 부족,낮음,7,2026,"양년 자료 없음, 공통 조사단위 0개, 유효 관측 7건, 결측률 0.0%, 단위별 변화 변동성 100.0점. 제한된 비교 단위 또는 변동성 때문에 보수적으로 낮게 평가합니다. 2024·2026 두 개 연도의 NCPMS 예찰자료만 사용한 상대 위험 전망으로, 기상·재배면적·방제 변화와 2027년 실제 발생을 확정하지 않습니다. ASOS 공통 조사월 0개에서 기온·습도·강수·풍속의 관측 연관성을 추세 연장분에만 최대 ±3점으로 제한 적용(보정 +0점). 2027년 미래 기상값은 생성하거나 가정하지 않았습니다.",전망자료 부족,,,0.0,—,기상근거 부족,0,ASOS 공통 조사월 0개에서 기온·습도·강수·풍속의 관측 연관성을 추세 연장분에만 최대 ±3점으로 제한 적용(보정 +0점). 2027년 미래 기상값은 생성하거나 가정하지 않았습니다.,F27-WX1 설명가능 완화추세,"2024·2026 관측자료와 ASOS 공통 조사월의 연관성을 이용한 상대 위험 전망입니다. 2026년은 부분연도이며, 2027년 실제 기상·발생·확률을 확정하지 않습니다."
보리,흰가루병,병해,경상남도,,0.0,,전망자료 부족,낮음,6,2026,"양년 자료 없음, 공통 조사단위 0개, 유효 관측 6건, 결측률 0.0%, 단위별 변화 변동성 100.0점. 제한된 비교 단위 또는 변동성 때문에 보수적으로 낮게 평가합니다. 2024·2026 두 개 연도의 NCPMS 예찰자료만 사용한 상대 위험 전망으로, 기상·재배면적·방제 변화와 2027년 실제 발생을 확정하지 않습니다. ASOS 공통 조사월 0개에서 기온·습도·강수·풍속의 관측 연관성을 추세 연장분에만 최대 ±3점으로 제한 적용(보정 +0점). 2027년 미래 기상값은 생성하거나 가정하지 않았습니다.",전망자료 부족,,,0.0,—,기상근거 부족,0,ASOS 공통 조사월 0개에서 기온·습도·강수·풍속의 관측 연관성을 추세 연장분에만 최대 ±3점으로 제한 적용(보정 +0점). 2027년 미래 기상값은 생성하거나 가정하지 않았습니다.,F27-WX1 설명가능 완화추세,"2024·2026 관측자료와 ASOS 공통 조사월의 연관성을 이용한 상대 위험 전망입니다. 2026년은 부분연도이며, 2027년 실제 기상·발생·확률을 확정하지 않습니다."
보리,흰가루병,병해,경상북도,,0.0,,전망자료 부족,낮음,6,2026,"양년 자료 없음, 공통 조사단위 0개, 유효 관측 6건, 결측률 0.0%, 단위별 변화 변동성 100.0점. 제한된 비교 단위 또는 변동성 때문에 보수적으로 낮게 평가합니다. 2024·2026 두 개 연도의 NCPMS 예찰자료만 사용한 상대 위험 전망으로, 기상·재배면적·방제 변화와 2027년 실제 발생을 확정하지 않습니다. ASOS 공통 조사월 0개에서 기온·습도·강수·풍속의 관측 연관성을 추세 연장분에만 최대 ±3점으로 제한 적용(보정 +0점). 2027년 미래 기상값은 생성하거나 가정하지 않았습니다.",전망자료 부족,,,0.0,—,기상근거 부족,0,ASOS 공통 조사월 0개에서 기온·습도·강수·풍속의 관측 연관성을 추세 연장분에만 최대 ±3점으로 제한 적용(보정 +0점). 2027년 미래 기상값은 생성하거나 가정하지 않았습니다.,F27-WX1 설명가능 완화추세,"2024·2026 관측자료와 ASOS 공통 조사월의 연관성을 이용한 상대 위험 전망입니다. 2026년은 부분연도이며, 2027년 실제 기상·발생·확률을 확정하지 않습니다."
보리,흰가루병,병해,전남광주통합특별시,,0.0,,전망자료 부족,낮음,6,2026,"양년 자료 없음, 공통 조사단위 0개, 유효 관측 6건, 결측률 0.0%, 단위별 변화 변동성 100.0점. 제한된 비교 단위 또는 변동성 때문에 보수적으로 낮게 평가합니다. 2024·2026 두 개 연도의 NCPMS 예찰자료만 사용한 상대 위험 전망으로, 기상·재배면적·방제 변화와 2027년 실제 발생을 확정하지 않습니다. ASOS 공통 조사월 0개에서 기온·습도·강수·풍속의 관측 연관성을 추세 연장분에만 최대 ±3점으로 제한 적용(보정 +0점). 2027년 미래 기상값은 생성하거나 가정하지 않았습니다.",전망자료 부족,,,0.0,—,기상근거 부족,0,ASOS 공통 조사월 0개에서 기온·습도·강수·풍속의 관측 연관성을 추세 연장분에만 최대 ±3점으로 제한 적용(보정 +0점). 2027년 미래 기상값은 생성하거나 가정하지 않았습니다.,F27-WX1 설명가능 완화추세,"2024·2026 관측자료와 ASOS 공통 조사월의 연관성을 이용한 상대 위험 전망입니다. 2026년은 부분연도이며, 2027년 실제 기상·발생·확률을 확정하지 않습니다."
보리,흰가루병,병해,전북특별자치도,,0.0,,전망자료 부족,낮음,6,2026,"양년 자료 없음, 공통 조사단위 0개, 유효 관측 6건, 결측률 0.0%, 단위별 변화 변동성 100.0점. 제한된 비교 단위 또는 변동성 때문에 보수적으로 낮게 평가합니다. 2024·2026 두 개 연도의 NCPMS 예찰자료만 사용한 상대 위험 전망으로, 기상·재배면적·방제 변화와 2027년 실제 발생을 확정하지 않습니다. ASOS 공통 조사월 0개에서 기온·습도·강수·풍속의 관측 연관성을 추세 연장분에만 최대 ±3점으로 제한 적용(보정 +0점). 2027년 미래 기상값은 생성하거나 가정하지 않았습니다.",전망자료 부족,,,0.0,—,기상근거 부족,0,ASOS 공통 조사월 0개에서 기온·습도·강수·풍속의 관측 연관성을 추세 연장분에만 최대 ±3점으로 제한 적용(보정 +0점). 2027년 미래 기상값은 생성하거나 가정하지 않았습니다.,F27-WX1 설명가능 완화추세,"2024·2026 관측자료와 ASOS 공통 조사월의 연관성을 이용한 상대 위험 전망입니다. 2026년은 부분연도이며, 2027년 실제 기상·발생·확률을 확정하지 않습니다."
보리,흰가루병,병해,충청남도,,0.0,,전망자료 부족,낮음,6,2026,"양년 자료 없음, 공통 조사단위 0개, 유효 관측 6건, 결측률 0.0%, 단위별 변화 변동성 100.0점. 제한된 비교 단위 또는 변동성 때문에 보수적으로 낮게 평가합니다. 2024·2026 두 개 연도의 NCPMS 예찰자료만 사용한 상대 위험 전망으로, 기상·재배면적·방제 변화와 2027년 실제 발생을 확정하지 않습니다. ASOS 공통 조사월 0개에서 기온·습도·강수·풍속의 관측 연관성을 추세 연장분에만 최대 ±3점으로 제한 적용(보정 +0점). 2027년 미래 기상값은 생성하거나 가정하지 않았습니다.",전망자료 부족,,,0.0,—,기상근거 부족,0,ASOS 공통 조사월 0개에서 기온·습도·강수·풍속의 관측 연관성을 추세 연장분에만 최대 ±3점으로 제한 적용(보정 +0점). 2027년 미래 기상값은 생성하거나 가정하지 않았습니다.,F27-WX1 설명가능 완화추세,"2024·2026 관측자료와 ASOS 공통 조사월의 연관성을 이용한 상대 위험 전망입니다. 2026년은 부분연도이며, 2027년 실제 기상·발생·확률을 확정하지 않습니다."
보리,흰가루병,병해,충청북도,,0.0,,전망자료 부족,낮음,6,2026,"양년 자료 없음, 공통 조사단위 0개, 유효 관측 6건, 결측률 0.0%, 단위별 변화 변동성 100.0점. 제한된 비교 단위 또는 변동성 때문에 보수적으로 낮게 평가합니다. 2024·2026 두 개 연도의 NCPMS 예찰자료만 사용한 상대 위험 전망으로, 기상·재배면적·방제 변화와 2027년 실제 발생을 확정하지 않습니다. ASOS 공통 조사월 0개에서 기온·습도·강수·풍속의 관측 연관성을 추세 연장분에만 최대 ±3점으로 제한 적용(보정 +0점). 2027년 미래 기상값은 생성하거나 가정하지 않았습니다.",전망자료 부족,,,0.0,—,기상근거 부족,0,ASOS 공통 조사월 0개에서 기온·습도·강수·풍속의 관측 연관성을 추세 연장분에만 최대 ±3점으로 제한 적용(보정 +0점). 2027년 미래 기상값은 생성하거나 가정하지 않았습니다.,F27-WX1 설명가능 완화추세,"2024·2026 관측자료와 ASOS 공통 조사월의 연관성을 이용한 상대 위험 전망입니다. 2026년은 부분연도이며, 2027년 실제 기상·발생·확률을 확정하지 않습니다."
논벼,흰등멸구,해충,강원특별자치도,0.0,0.0,0,유지,보통,32,2024·2026,"기준선 비교: 2026 유지 0.0점, 2024·2026 가중평균 0.0점, 선택 모델(완화 추세+표본 축소) 0.0점. 지역 변화 +0.0점을 표본가중치 0.73로 같은 병해충·작물의 지역 중앙 변화 +0.0점 방향에 축소하고, 1년 연장 변화는 ±20점으로 제한했습니다. 양년 자료 있음, 공통 조사단위 2개, 유효 관측 32건, 결측률 0.0%, 단위별 변화 변동성 0.0점. 비교는 가능하지만 표본 또는 변동성에 불확실성이 남습니다. 2024·2026 두 개 연도의 NCPMS 예찰자료만 사용한 상대 위험 전망으로, 기상·재배면적·방제 변화와 2027년 실제 발생을 확정하지 않습니다. ASOS 공통 조사월 1개에서 기온·습도·강수·풍속의 관측 연관성을 추세 연장분에만 최대 ±3점으로 제한 적용(보정 +0점). 2027년 미래 기상값은 생성하거나 가정하지 않았습니다.",관찰,0,0,-0.0165,기온,기상 근거 보강,1,ASOS 공통 조사월 1개에서 기온·습도·강수·풍속의 관측 연관성을 추세 연장분에만 최대 ±3점으로 제한 적용(보정 +0점). 2027년 미래 기상값은 생성하거나 가정하지 않았습니다.,F27-WX1 설명가능 완화추세,"2024·2026 관측자료와 ASOS 공통 조사월의 연관성을 이용한 상대 위험 전망입니다. 2026년은 부분연도이며, 2027년 실제 기상·발생·확률을 확정하지 않습니다."
논벼,흰등멸구,해충,경기도,0.0,0.0,0,유지,보통,36,2024·2026,"기준선 비교: 2026 유지 0.2점, 2024·2026 가중평균 0.1점, 선택 모델(완화 추세+표본 축소) 0.2점. 지역 변화 +0.2점을 표본가중치 0.75로 같은 병해충·작물의 지역 중앙 변화 +0.0점 방향에 축소하고, 1년 연장 변화는 ±20점으로 제한했습니다. 양년 자료 있음, 공통 조사단위 2개, 유효 관측 36건, 결측률 0.0%, 단위별 변화 변동성 0.0점. 비교는 가능하지만 표본 또는 변동성에 불확실성이 남습니다. 2024·2026 두 개 연도의 NCPMS 예찰자료만 사용한 상대 위험 전망으로, 기상·재배면적·방제 변화와 2027년 실제 발생을 확정하지 않습니다. ASOS 공통 조사월 1개에서 기온·습도·강수·풍속의 관측 연관성을 추세 연장분에만 최대 ±3점으로 제한 적용(보정 +0점). 2027년 미래 기상값은 생성하거나 가정하지 않았습니다.",관찰,0,0,-0.0413,습도,기상 근거 보강,1,ASOS 공통 조사월 1개에서 기온·습도·강수·풍속의 관측 연관성을 추세 연장분에만 최대 ±3점으로 제한 적용(보정 +0점). 2027년 미래 기상값은 생성하거나 가정하지 않았습니다.,F27-WX1 설명가능 완화추세,"2024·2026 관측자료와 ASOS 공통 조사월의 연관성을 이용한 상대 위험 전망입니다. 2026년은 부분연도이며, 2027년 실제 기상·발생·확률을 확정하지 않습니다."
논벼,흰등멸구,해충,경상남도,0.0,17.0,21,유지,보통,32,2024·2026,"기준선 비교: 2026 유지 16.5점, 2024·2026 가중평균 10.8점, 선택 모델(완화 추세+표본 축소) 20.8점. 지역 변화 +16.5점을 표본가중치 0.73로 같은 병해충·작물의 지역 중앙 변화 +0.0점 방향에 축소하고, 1년 연장 변화는 ±20점으로 제한했습니다. 양년 자료 있음, 공통 조사단위 2개, 유효 관측 32건, 결측률 0.0%, 단위별 변화 변동성 0.0점. 비교는 가능하지만 표본 또는 변동성에 불확실성이 남습니다. 2024·2026 두 개 연도의 NCPMS 예찰자료만 사용한 상대 위험 전망으로, 기상·재배면적·방제 변화와 2027년 실제 발생을 확정하지 않습니다. ASOS 공통 조사월 1개에서 기온·습도·강수·풍속의 관측 연관성을 추세 연장분에만 최대 ±3점으로 제한 적용(보정 +0점). 2027년 미래 기상값은 생성하거나 가정하지 않았습니다.",관찰,21,0,-0.0231,강수량,기상 근거 보강,1,ASOS 공통 조사월 1개에서 기온·습도·강수·풍속의 관측 연관성을 추세 연장분에만 최대 ±3점으로 제한 적용(보정 +0점). 2027년 미래 기상값은 생성하거나 가정하지 않았습니다.,F27-WX1 설명가능 완화추세,"2024·2026 관측자료와 ASOS 공통 조사월의 연관성을 이용한 상대 위험 전망입니다. 2026년은 부분연도이며, 2027년 실제 기상·발생·확률을 확정하지 않습니다."
논벼,흰등멸구,해충,경상북도,0.0,0.0,0,유지,보통,32,2024·2026,"기준선 비교: 2026 유지 0.0점, 2024·2026 가중평균 0.0점, 선택 모델(완화 추세+표본 축소) 0.0점. 지역 변화 +0.0점을 표본가중치 0.73로 같은 병해충·작물의 지역 중앙 변화 +0.0점 방향에 축소하고, 1년 연장 변화는 ±20점으로 제한했습니다. 양년 자료 있음, 공통 조사단위 2개, 유효 관측 32건, 결측률 0.0%, 단위별 변화 변동성 0.0점. 비교는 가능하지만 표본 또는 변동성에 불확실성이 남습니다. 2024·2026 두 개 연도의 NCPMS 예찰자료만 사용한 상대 위험 전망으로, 기상·재배면적·방제 변화와 2027년 실제 발생을 확정하지 않습니다. ASOS 공통 조사월 1개에서 기온·습도·강수·풍속의 관측 연관성을 추세 연장분에만 최대 ±3점으로 제한 적용(보정 +0점). 2027년 미래 기상값은 생성하거나 가정하지 않았습니다.",관찰,0,0,-0.0139,기온,기상 근거 보강,1,ASOS 공통 조사월 1개에서 기온·습도·강수·풍속의 관측 연관성을 추세 연장분에만 최대 ±3점으로 제한 적용(보정 +0점). 2027년 미래 기상값은 생성하거나 가정하지 않았습니다.,F27-WX1 설명가능 완화추세,"2024·2026 관측자료와 ASOS 공통 조사월의 연관성을 이용한 상대 위험 전망입니다. 2026년은 부분연도이며, 2027년 실제 기상·발생·확률을 확정하지 않습니다."
논벼,흰등멸구,해충,대구광역시,0.0,0.0,0,유지,보통,32,2024·2026,"기준선 비교: 2026 유지 0.0점, 2024·2026 가중평균 0.0점, 선택 모델(완화 추세+표본 축소) 0.0점. 지역 변화 +0.0점을 표본가중치 0.73로 같은 병해충·작물의 지역 중앙 변화 +0.0점 방향에 축소하고, 1년 연장 변화는 ±20점으로 제한했습니다. 양년 자료 있음, 공통 조사단위 2개, 유효 관측 32건, 결측률 0.0%, 단위별 변화 변동성 0.0점. 비교는 가능하지만 표본 또는 변동성에 불확실성이 남습니다. 2024·2026 두 개 연도의 NCPMS 예찰자료만 사용한 상대 위험 전망으로, 기상·재배면적·방제 변화와 2027년 실제 발생을 확정하지 않습니다. ASOS 공통 조사월 1개에서 기온·습도·강수·풍속의 관측 연관성을 추세 연장분에만 최대 ±3점으로 제한 적용(보정 +0점). 2027년 미래 기상값은 생성하거나 가정하지 않았습니다.",관찰,0,0,-0.047,기온,기상 근거 보강,1,ASOS 공통 조사월 1개에서 기온·습도·강수·풍속의 관측 연관성을 추세 연장분에만 최대 ±3점으로 제한 적용(보정 +0점). 2027년 미래 기상값은 생성하거나 가정하지 않았습니다.,F27-WX1 설명가능 완화추세,"2024·2026 관측자료와 ASOS 공통 조사월의 연관성을 이용한 상대 위험 전망입니다. 2026년은 부분연도이며, 2027년 실제 기상·발생·확률을 확정하지 않습니다."
논벼,흰등멸구,해충,대전광역시,0.0,0.0,0,유지,보통,32,2024·2026,"기준선 비교: 2026 유지 0.0점, 2024·2026 가중평균 0.0점, 선택 모델(완화 추세+표본 축소) 0.0점. 지역 변화 +0.0점을 표본가중치 0.73로 같은 병해충·작물의 지역 중앙 변화 +0.0점 방향에 축소하고, 1년 연장 변화는 ±20점으로 제한했습니다. 양년 자료 있음, 공통 조사단위 2개, 유효 관측 32건, 결측률 0.0%, 단위별 변화 변동성 0.0점. 비교는 가능하지만 표본 또는 변동성에 불확실성이 남습니다. 2024·2026 두 개 연도의 NCPMS 예찰자료만 사용한 상대 위험 전망으로, 기상·재배면적·방제 변화와 2027년 실제 발생을 확정하지 않습니다. ASOS 공통 조사월 1개에서 기온·습도·강수·풍속의 관측 연관성을 추세 연장분에만 최대 ±3점으로 제한 적용(보정 +0점). 2027년 미래 기상값은 생성하거나 가정하지 않았습니다.",관찰,0,0,0.024,습도,기상 근거 보강,1,ASOS 공통 조사월 1개에서 기온·습도·강수·풍속의 관측 연관성을 추세 연장분에만 최대 ±3점으로 제한 적용(보정 +0점). 2027년 미래 기상값은 생성하거나 가정하지 않았습니다.,F27-WX1 설명가능 완화추세,"2024·2026 관측자료와 ASOS 공통 조사월의 연관성을 이용한 상대 위험 전망입니다. 2026년은 부분연도이며, 2027년 실제 기상·발생·확률을 확정하지 않습니다."
논벼,흰등멸구,해충,부산광역시,0.0,13.0,16,유지,보통,32,2024·2026,"기준선 비교: 2026 유지 12.5점, 2024·2026 가중평균 8.1점, 선택 모델(완화 추세+표본 축소) 15.7점. 지역 변화 +12.5점을 표본가중치 0.73로 같은 병해충·작물의 지역 중앙 변화 +0.0점 방향에 축소하고, 1년 연장 변화는 ±20점으로 제한했습니다. 양년 자료 있음, 공통 조사단위 2개, 유효 관측 32건, 결측률 0.0%, 단위별 변화 변동성 0.0점. 비교는 가능하지만 표본 또는 변동성에 불확실성이 남습니다. 2024·2026 두 개 연도의 NCPMS 예찰자료만 사용한 상대 위험 전망으로, 기상·재배면적·방제 변화와 2027년 실제 발생을 확정하지 않습니다. ASOS 공통 조사월 1개에서 기온·습도·강수·풍속의 관측 연관성을 추세 연장분에만 최대 ±3점으로 제한 적용(보정 +0점). 2027년 미래 기상값은 생성하거나 가정하지 않았습니다.",관찰,16,0,-0.0218,강수량,기상 근거 보강,1,ASOS 공통 조사월 1개에서 기온·습도·강수·풍속의 관측 연관성을 추세 연장분에만 최대 ±3점으로 제한 적용(보정 +0점). 2027년 미래 기상값은 생성하거나 가정하지 않았습니다.,F27-WX1 설명가능 완화추세,"2024·2026 관측자료와 ASOS 공통 조사월의 연관성을 이용한 상대 위험 전망입니다. 2026년은 부분연도이며, 2027년 실제 기상·발생·확률을 확정하지 않습니다."
논벼,흰등멸구,해충,세종특별자치시,0.0,0.0,0,유지,보통,28,2024·2026,"기준선 비교: 2026 유지 0.0점, 2024·2026 가중평균 0.0점, 선택 모델(완화 추세+표본 축소) 0.0점. 지역 변화 +0.0점을 표본가중치 0.70로 같은 병해충·작물의 지역 중앙 변화 +0.0점 방향에 축소하고, 1년 연장 변화는 ±20점으로 제한했습니다. 양년 자료 있음, 공통 조사단위 2개, 유효 관측 28건, 결측률 0.0%, 단위별 변화 변동성 0.0점. 비교는 가능하지만 표본 또는 변동성에 불확실성이 남습니다. 2024·2026 두 개 연도의 NCPMS 예찰자료만 사용한 상대 위험 전망으로, 기상·재배면적·방제 변화와 2027년 실제 발생을 확정하지 않습니다. ASOS 공통 조사월 1개에서 기온·습도·강수·풍속의 관측 연관성을 추세 연장분에만 최대 ±3점으로 제한 적용(보정 +0점). 2027년 미래 기상값은 생성하거나 가정하지 않았습니다.",관찰,0,0,0.0019,습도,기상 근거 보강,1,ASOS 공통 조사월 1개에서 기온·습도·강수·풍속의 관측 연관성을 추세 연장분에만 최대 ±3점으로 제한 적용(보정 +0점). 2027년 미래 기상값은 생성하거나 가정하지 않았습니다.,F27-WX1 설명가능 완화추세,"2024·2026 관측자료와 ASOS 공통 조사월의 연관성을 이용한 상대 위험 전망입니다. 2026년은 부분연도이며, 2027년 실제 기상·발생·확률을 확정하지 않습니다."
논벼,흰등멸구,해충,울산광역시,0.0,0.0,0,유지,보통,32,2024·2026,"기준선 비교: 2026 유지 0.0점, 2024·2026 가중평균 0.0점, 선택 모델(완화 추세+표본 축소) 0.0점. 지역 변화 +0.0점을 표본가중치 0.73로 같은 병해충·작물의 지역 중앙 변화 +0.0점 방향에 축소하고, 1년 연장 변화는 ±20점으로 제한했습니다. 양년 자료 있음, 공통 조사단위 2개, 유효 관측 32건, 결측률 0.0%, 단위별 변화 변동성 0.0점. 비교는 가능하지만 표본 또는 변동성에 불확실성이 남습니다. 2024·2026 두 개 연도의 NCPMS 예찰자료만 사용한 상대 위험 전망으로, 기상·재배면적·방제 변화와 2027년 실제 발생을 확정하지 않습니다. ASOS 공통 조사월 1개에서 기온·습도·강수·풍속의 관측 연관성을 추세 연장분에만 최대 ±3점으로 제한 적용(보정 +0점). 2027년 미래 기상값은 생성하거나 가정하지 않았습니다.",관찰,0,0,-0.0208,기온,기상 근거 보강,1,ASOS 공통 조사월 1개에서 기온·습도·강수·풍속의 관측 연관성을 추세 연장분에만 최대 ±3점으로 제한 적용(보정 +0점). 2027년 미래 기상값은 생성하거나 가정하지 않았습니다.,F27-WX1 설명가능 완화추세,"2024·2026 관측자료와 ASOS 공통 조사월의 연관성을 이용한 상대 위험 전망입니다. 2026년은 부분연도이며, 2027년 실제 기상·발생·확률을 확정하지 않습니다."
논벼,흰등멸구,해충,인천광역시,0.0,0.0,0,유지,보통,32,2024·2026,"기준선 비교: 2026 유지 0.0점, 2024·2026 가중평균 0.0점, 선택 모델(완화 추세+표본 축소) 0.0점. 지역 변화 +0.0점을 표본가중치 0.73로 같은 병해충·작물의 지역 중앙 변화 +0.0점 방향에 축소하고, 1년 연장 변화는 ±20점으로 제한했습니다. 양년 자료 있음, 공통 조사단위 2개, 유효 관측 32건, 결측률 0.0%, 단위별 변화 변동성 0.0점. 비교는 가능하지만 표본 또는 변동성에 불확실성이 남습니다. 2024·2026 두 개 연도의 NCPMS 예찰자료만 사용한 상대 위험 전망으로, 기상·재배면적·방제 변화와 2027년 실제 발생을 확정하지 않습니다. ASOS 공통 조사월 1개에서 기온·습도·강수·풍속의 관측 연관성을 추세 연장분에만 최대 ±3점으로 제한 적용(보정 +0점). 2027년 미래 기상값은 생성하거나 가정하지 않았습니다.",관찰,0,0,-0.0021,습도,기상 근거 보강,1,ASOS 공통 조사월 1개에서 기온·습도·강수·풍속의 관측 연관성을 추세 연장분에만 최대 ±3점으로 제한 적용(보정 +0점). 2027년 미래 기상값은 생성하거나 가정하지 않았습니다.,F27-WX1 설명가능 완화추세,"2024·2026 관측자료와 ASOS 공통 조사월의 연관성을 이용한 상대 위험 전망입니다. 2026년은 부분연도이며, 2027년 실제 기상·발생·확률을 확정하지 않습니다."
논벼,흰등멸구,해충,전남광주통합특별시,0.0,63.0,79,증가,보통,32,2024·2026,"기준선 비교: 2026 유지 62.7점, 2024·2026 가중평균 40.8점, 선택 모델(완화 추세+표본 축소) 78.7점. 지역 변화 +62.7점을 표본가중치 0.73로 같은 병해충·작물의 지역 중앙 변화 +0.0점 방향에 축소하고, 1년 연장 변화는 ±20점으로 제한했습니다. 양년 자료 있음, 공통 조사단위 2개, 유효 관측 32건, 결측률 0.0%, 단위별 변화 변동성 0.0점. 비교는 가능하지만 표본 또는 변동성에 불확실성이 남습니다. 2024·2026 두 개 연도의 NCPMS 예찰자료만 사용한 상대 위험 전망으로, 기상·재배면적·방제 변화와 2027년 실제 발생을 확정하지 않습니다. ASOS 공통 조사월 1개에서 기온·습도·강수·풍속의 관측 연관성을 추세 연장분에만 최대 ±3점으로 제한 적용(보정 +0점). 2027년 미래 기상값은 생성하거나 가정하지 않았습니다.",고위험,79,0,-0.0273,강수량,기상 근거 보강,1,ASOS 공통 조사월 1개에서 기온·습도·강수·풍속의 관측 연관성을 추세 연장분에만 최대 ±3점으로 제한 적용(보정 +0점). 2027년 미래 기상값은 생성하거나 가정하지 않았습니다.,F27-WX1 설명가능 완화추세,"2024·2026 관측자료와 ASOS 공통 조사월의 연관성을 이용한 상대 위험 전망입니다. 2026년은 부분연도이며, 2027년 실제 기상·발생·확률을 확정하지 않습니다."
논벼,흰등멸구,해충,전북특별자치도,0.0,0.0,0,유지,보통,32,2024·2026,"기준선 비교: 2026 유지 0.0점, 2024·2026 가중평균 0.0점, 선택 모델(완화 추세+표본 축소) 0.0점. 지역 변화 +0.0점을 표본가중치 0.73로 같은 병해충·작물의 지역 중앙 변화 +0.0점 방향에 축소하고, 1년 연장 변화는 ±20점으로 제한했습니다. 양년 자료 있음, 공통 조사단위 2개, 유효 관측 32건, 결측률 0.0%, 단위별 변화 변동성 0.0점. 비교는 가능하지만 표본 또는 변동성에 불확실성이 남습니다. 2024·2026 두 개 연도의 NCPMS 예찰자료만 사용한 상대 위험 전망으로, 기상·재배면적·방제 변화와 2027년 실제 발생을 확정하지 않습니다. ASOS 공통 조사월 1개에서 기온·습도·강수·풍속의 관측 연관성을 추세 연장분에만 최대 ±3점으로 제한 적용(보정 +0점). 2027년 미래 기상값은 생성하거나 가정하지 않았습니다.",관찰,0,0,-0.0182,강수량,기상 근거 보강,1,ASOS 공통 조사월 1개에서 기온·습도·강수·풍속의 관측 연관성을 추세 연장분에만 최대 ±3점으로 제한 적용(보정 +0점). 2027년 미래 기상값은 생성하거나 가정하지 않았습니다.,F27-WX1 설명가능 완화추세,"2024·2026 관측자료와 ASOS 공통 조사월의 연관성을 이용한 상대 위험 전망입니다. 2026년은 부분연도이며, 2027년 실제 기상·발생·확률을 확정하지 않습니다."
논벼,흰등멸구,해충,충청남도,0.0,19.0,24,증가,보통,32,2024·2026,"기준선 비교: 2026 유지 18.9점, 2024·2026 가중평균 12.3점, 선택 모델(완화 추세+표본 축소) 23.8점. 지역 변화 +18.9점을 표본가중치 0.73로 같은 병해충·작물의 지역 중앙 변화 +0.0점 방향에 축소하고, 1년 연장 변화는 ±20점으로 제한했습니다. 양년 자료 있음, 공통 조사단위 2개, 유효 관측 32건, 결측률 0.0%, 단위별 변화 변동성 0.7점. 비교는 가능하지만 표본 또는 변동성에 불확실성이 남습니다. 2024·2026 두 개 연도의 NCPMS 예찰자료만 사용한 상대 위험 전망으로, 기상·재배면적·방제 변화와 2027년 실제 발생을 확정하지 않습니다. ASOS 공통 조사월 1개에서 기온·습도·강수·풍속의 관측 연관성을 추세 연장분에만 최대 ±3점으로 제한 적용(보정 +0점). 2027년 미래 기상값은 생성하거나 가정하지 않았습니다.",관찰,24,0,-0.0105,강수량,기상 근거 보강,1,ASOS 공통 조사월 1개에서 기온·습도·강수·풍속의 관측 연관성을 추세 연장분에만 최대 ±3점으로 제한 적용(보정 +0점). 2027년 미래 기상값은 생성하거나 가정하지 않았습니다.,F27-WX1 설명가능 완화추세,"2024·2026 관측자료와 ASOS 공통 조사월의 연관성을 이용한 상대 위험 전망입니다. 2026년은 부분연도이며, 2027년 실제 기상·발생·확률을 확정하지 않습니다."
논벼,흰등멸구,해충,충청북도,0.0,0.0,0,유지,보통,36,2024·2026,"기준선 비교: 2026 유지 0.0점, 2024·2026 가중평균 0.0점, 선택 모델(완화 추세+표본 축소) 0.0점. 지역 변화 +0.0점을 표본가중치 0.75로 같은 병해충·작물의 지역 중앙 변화 +0.0점 방향에 축소하고, 1년 연장 변화는 ±20점으로 제한했습니다. 양년 자료 있음, 공통 조사단위 2개, 유효 관측 36건, 결측률 0.0%, 단위별 변화 변동성 0.0점. 비교는 가능하지만 표본 또는 변동성에 불확실성이 남습니다. 2024·2026 두 개 연도의 NCPMS 예찰자료만 사용한 상대 위험 전망으로, 기상·재배면적·방제 변화와 2027년 실제 발생을 확정하지 않습니다. ASOS 공통 조사월 1개에서 기온·습도·강수·풍속의 관측 연관성을 추세 연장분에만 최대 ±3점으로 제한 적용(보정 +0점). 2027년 미래 기상값은 생성하거나 가정하지 않았습니다.",관찰,0,0,-0.0171,기온,기상 근거 보강,1,ASOS 공통 조사월 1개에서 기온·습도·강수·풍속의 관측 연관성을 추세 연장분에만 최대 ±3점으로 제한 적용(보정 +0점). 2027년 미래 기상값은 생성하거나 가정하지 않았습니다.,F27-WX1 설명가능 완화추세,"2024·2026 관측자료와 ASOS 공통 조사월의 연관성을 이용한 상대 위험 전망입니다. 2026년은 부분연도이며, 2027년 실제 기상·발생·확률을 확정하지 않습니다."
논벼,흰잎마름병,병해,강원특별자치도,0.0,0.0,0,유지,보통,32,2024·2026,"기준선 비교: 2026 유지 0.0점, 2024·2026 가중평균 0.0점, 선택 모델(완화 추세+표본 축소) 0.0점. 지역 변화 +0.0점을 표본가중치 0.73로 같은 병해충·작물의 지역 중앙 변화 +0.0점 방향에 축소하고, 1년 연장 변화는 ±20점으로 제한했습니다. 양년 자료 있음, 공통 조사단위 2개, 유효 관측 32건, 결측률 0.0%, 단위별 변화 변동성 0.0점. 비교는 가능하지만 표본 또는 변동성에 불확실성이 남습니다. 2024·2026 두 개 연도의 NCPMS 예찰자료만 사용한 상대 위험 전망으로, 기상·재배면적·방제 변화와 2027년 실제 발생을 확정하지 않습니다. ASOS 공통 조사월 1개에서 기온·습도·강수·풍속의 관측 연관성을 추세 연장분에만 최대 ±3점으로 제한 적용(보정 +0점). 2027년 미래 기상값은 생성하거나 가정하지 않았습니다.",관찰,0,0,0.0006,기온,기상 근거 보강,1,ASOS 공통 조사월 1개에서 기온·습도·강수·풍속의 관측 연관성을 추세 연장분에만 최대 ±3점으로 제한 적용(보정 +0점). 2027년 미래 기상값은 생성하거나 가정하지 않았습니다.,F27-WX1 설명가능 완화추세,"2024·2026 관측자료와 ASOS 공통 조사월의 연관성을 이용한 상대 위험 전망입니다. 2026년은 부분연도이며, 2027년 실제 기상·발생·확률을 확정하지 않습니다."
논벼,흰잎마름병,병해,경기도,0.0,0.0,0,유지,보통,36,2024·2026,"기준선 비교: 2026 유지 0.0점, 2024·2026 가중평균 0.0점, 선택 모델(완화 추세+표본 축소) 0.0점. 지역 변화 +0.0점을 표본가중치 0.75로 같은 병해충·작물의 지역 중앙 변화 +0.0점 방향에 축소하고, 1년 연장 변화는 ±20점으로 제한했습니다. 양년 자료 있음, 공통 조사단위 2개, 유효 관측 36건, 결측률 0.0%, 단위별 변화 변동성 0.0점. 비교는 가능하지만 표본 또는 변동성에 불확실성이 남습니다. 2024·2026 두 개 연도의 NCPMS 예찰자료만 사용한 상대 위험 전망으로, 기상·재배면적·방제 변화와 2027년 실제 발생을 확정하지 않습니다. ASOS 공통 조사월 1개에서 기온·습도·강수·풍속의 관측 연관성을 추세 연장분에만 최대 ±3점으로 제한 적용(보정 +0점). 2027년 미래 기상값은 생성하거나 가정하지 않았습니다.",관찰,0,0,-0.0421,강수량,기상 근거 보강,1,ASOS 공통 조사월 1개에서 기온·습도·강수·풍속의 관측 연관성을 추세 연장분에만 최대 ±3점으로 제한 적용(보정 +0점). 2027년 미래 기상값은 생성하거나 가정하지 않았습니다.,F27-WX1 설명가능 완화추세,"2024·2026 관측자료와 ASOS 공통 조사월의 연관성을 이용한 상대 위험 전망입니다. 2026년은 부분연도이며, 2027년 실제 기상·발생·확률을 확정하지 않습니다."
논벼,흰잎마름병,병해,경상남도,0.0,0.0,0,유지,보통,32,2024·2026,"기준선 비교: 2026 유지 0.0점, 2024·2026 가중평균 0.0점, 선택 모델(완화 추세+표본 축소) 0.0점. 지역 변화 +0.0점을 표본가중치 0.73로 같은 병해충·작물의 지역 중앙 변화 +0.0점 방향에 축소하고, 1년 연장 변화는 ±20점으로 제한했습니다. 양년 자료 있음, 공통 조사단위 2개, 유효 관측 32건, 결측률 0.0%, 단위별 변화 변동성 0.0점. 비교는 가능하지만 표본 또는 변동성에 불확실성이 남습니다. 2024·2026 두 개 연도의 NCPMS 예찰자료만 사용한 상대 위험 전망으로, 기상·재배면적·방제 변화와 2027년 실제 발생을 확정하지 않습니다. ASOS 공통 조사월 1개에서 기온·습도·강수·풍속의 관측 연관성을 추세 연장분에만 최대 ±3점으로 제한 적용(보정 +0점). 2027년 미래 기상값은 생성하거나 가정하지 않았습니다.",관찰,0,0,-0.0404,강수량,기상 근거 보강,1,ASOS 공통 조사월 1개에서 기온·습도·강수·풍속의 관측 연관성을 추세 연장분에만 최대 ±3점으로 제한 적용(보정 +0점). 2027년 미래 기상값은 생성하거나 가정하지 않았습니다.,F27-WX1 설명가능 완화추세,"2024·2026 관측자료와 ASOS 공통 조사월의 연관성을 이용한 상대 위험 전망입니다. 2026년은 부분연도이며, 2027년 실제 기상·발생·확률을 확정하지 않습니다."
논벼,흰잎마름병,병해,경상북도,0.0,0.0,0,유지,보통,32,2024·2026,"기준선 비교: 2026 유지 0.0점, 2024·2026 가중평균 0.0점, 선택 모델(완화 추세+표본 축소) 0.0점. 지역 변화 +0.0점을 표본가중치 0.73로 같은 병해충·작물의 지역 중앙 변화 +0.0점 방향에 축소하고, 1년 연장 변화는 ±20점으로 제한했습니다. 양년 자료 있음, 공통 조사단위 2개, 유효 관측 32건, 결측률 0.0%, 단위별 변화 변동성 0.0점. 비교는 가능하지만 표본 또는 변동성에 불확실성이 남습니다. 2024·2026 두 개 연도의 NCPMS 예찰자료만 사용한 상대 위험 전망으로, 기상·재배면적·방제 변화와 2027년 실제 발생을 확정하지 않습니다. ASOS 공통 조사월 1개에서 기온·습도·강수·풍속의 관측 연관성을 추세 연장분에만 최대 ±3점으로 제한 적용(보정 +0점). 2027년 미래 기상값은 생성하거나 가정하지 않았습니다.",관찰,0,0,-0.0094,기온,기상 근거 보강,1,ASOS 공통 조사월 1개에서 기온·습도·강수·풍속의 관측 연관성을 추세 연장분에만 최대 ±3점으로 제한 적용(보정 +0점). 2027년 미래 기상값은 생성하거나 가정하지 않았습니다.,F27-WX1 설명가능 완화추세,"2024·2026 관측자료와 ASOS 공통 조사월의 연관성을 이용한 상대 위험 전망입니다. 2026년은 부분연도이며, 2027년 실제 기상·발생·확률을 확정하지 않습니다."
논벼,흰잎마름병,병해,대구광역시,0.0,0.0,0,유지,보통,32,2024·2026,"기준선 비교: 2026 유지 0.0점, 2024·2026 가중평균 0.0점, 선택 모델(완화 추세+표본 축소) 0.0점. 지역 변화 +0.0점을 표본가중치 0.73로 같은 병해충·작물의 지역 중앙 변화 +0.0점 방향에 축소하고, 1년 연장 변화는 ±20점으로 제한했습니다. 양년 자료 있음, 공통 조사단위 2개, 유효 관측 32건, 결측률 0.0%, 단위별 변화 변동성 0.0점. 비교는 가능하지만 표본 또는 변동성에 불확실성이 남습니다. 2024·2026 두 개 연도의 NCPMS 예찰자료만 사용한 상대 위험 전망으로, 기상·재배면적·방제 변화와 2027년 실제 발생을 확정하지 않습니다. ASOS 공통 조사월 1개에서 기온·습도·강수·풍속의 관측 연관성을 추세 연장분에만 최대 ±3점으로 제한 적용(보정 +0점). 2027년 미래 기상값은 생성하거나 가정하지 않았습니다.",관찰,0,0,-0.0419,강수량,기상 근거 보강,1,ASOS 공통 조사월 1개에서 기온·습도·강수·풍속의 관측 연관성을 추세 연장분에만 최대 ±3점으로 제한 적용(보정 +0점). 2027년 미래 기상값은 생성하거나 가정하지 않았습니다.,F27-WX1 설명가능 완화추세,"2024·2026 관측자료와 ASOS 공통 조사월의 연관성을 이용한 상대 위험 전망입니다. 2026년은 부분연도이며, 2027년 실제 기상·발생·확률을 확정하지 않습니다."
논벼,흰잎마름병,병해,대전광역시,0.0,0.0,0,유지,보통,32,2024·2026,"기준선 비교: 2026 유지 0.0점, 2024·2026 가중평균 0.0점, 선택 모델(완화 추세+표본 축소) 0.0점. 지역 변화 +0.0점을 표본가중치 0.73로 같은 병해충·작물의 지역 중앙 변화 +0.0점 방향에 축소하고, 1년 연장 변화는 ±20점으로 제한했습니다. 양년 자료 있음, 공통 조사단위 2개, 유효 관측 32건, 결측률 0.0%, 단위별 변화 변동성 0.0점. 비교는 가능하지만 표본 또는 변동성에 불확실성이 남습니다. 2024·2026 두 개 연도의 NCPMS 예찰자료만 사용한 상대 위험 전망으로, 기상·재배면적·방제 변화와 2027년 실제 발생을 확정하지 않습니다. ASOS 공통 조사월 1개에서 기온·습도·강수·풍속의 관측 연관성을 추세 연장분에만 최대 ±3점으로 제한 적용(보정 +0점). 2027년 미래 기상값은 생성하거나 가정하지 않았습니다.",관찰,0,0,0.029,습도,기상 근거 보강,1,ASOS 공통 조사월 1개에서 기온·습도·강수·풍속의 관측 연관성을 추세 연장분에만 최대 ±3점으로 제한 적용(보정 +0점). 2027년 미래 기상값은 생성하거나 가정하지 않았습니다.,F27-WX1 설명가능 완화추세,"2024·2026 관측자료와 ASOS 공통 조사월의 연관성을 이용한 상대 위험 전망입니다. 2026년은 부분연도이며, 2027년 실제 기상·발생·확률을 확정하지 않습니다."
논벼,흰잎마름병,병해,부산광역시,0.0,13.0,16,유지,보통,32,2024·2026,"기준선 비교: 2026 유지 12.5점, 2024·2026 가중평균 8.1점, 선택 모델(완화 추세+표본 축소) 15.7점. 지역 변화 +12.5점을 표본가중치 0.73로 같은 병해충·작물의 지역 중앙 변화 +0.0점 방향에 축소하고, 1년 연장 변화는 ±20점으로 제한했습니다. 양년 자료 있음, 공통 조사단위 2개, 유효 관측 32건, 결측률 0.0%, 단위별 변화 변동성 0.0점. 비교는 가능하지만 표본 또는 변동성에 불확실성이 남습니다. 2024·2026 두 개 연도의 NCPMS 예찰자료만 사용한 상대 위험 전망으로, 기상·재배면적·방제 변화와 2027년 실제 발생을 확정하지 않습니다. ASOS 공통 조사월 1개에서 기온·습도·강수·풍속의 관측 연관성을 추세 연장분에만 최대 ±3점으로 제한 적용(보정 +0점). 2027년 미래 기상값은 생성하거나 가정하지 않았습니다.",관찰,16,0,-0.0461,강수량,기상 근거 보강,1,ASOS 공통 조사월 1개에서 기온·습도·강수·풍속의 관측 연관성을 추세 연장분에만 최대 ±3점으로 제한 적용(보정 +0점). 2027년 미래 기상값은 생성하거나 가정하지 않았습니다.,F27-WX1 설명가능 완화추세,"2024·2026 관측자료와 ASOS 공통 조사월의 연관성을 이용한 상대 위험 전망입니다. 2026년은 부분연도이며, 2027년 실제 기상·발생·확률을 확정하지 않습니다."
논벼,흰잎마름병,병해,세종특별자치시,0.0,0.0,0,유지,보통,28,2024·2026,"기준선 비교: 2026 유지 0.0점, 2024·2026 가중평균 0.0점, 선택 모델(완화 추세+표본 축소) 0.0점. 지역 변화 +0.0점을 표본가중치 0.70로 같은 병해충·작물의 지역 중앙 변화 +0.0점 방향에 축소하고, 1년 연장 변화는 ±20점으로 제한했습니다. 양년 자료 있음, 공통 조사단위 2개, 유효 관측 28건, 결측률 0.0%, 단위별 변화 변동성 0.0점. 비교는 가능하지만 표본 또는 변동성에 불확실성이 남습니다. 2024·2026 두 개 연도의 NCPMS 예찰자료만 사용한 상대 위험 전망으로, 기상·재배면적·방제 변화와 2027년 실제 발생을 확정하지 않습니다. ASOS 공통 조사월 1개에서 기온·습도·강수·풍속의 관측 연관성을 추세 연장분에만 최대 ±3점으로 제한 적용(보정 +0점). 2027년 미래 기상값은 생성하거나 가정하지 않았습니다.",관찰,0,0,0.0024,습도,기상 근거 보강,1,ASOS 공통 조사월 1개에서 기온·습도·강수·풍속의 관측 연관성을 추세 연장분에만 최대 ±3점으로 제한 적용(보정 +0점). 2027년 미래 기상값은 생성하거나 가정하지 않았습니다.,F27-WX1 설명가능 완화추세,"2024·2026 관측자료와 ASOS 공통 조사월의 연관성을 이용한 상대 위험 전망입니다. 2026년은 부분연도이며, 2027년 실제 기상·발생·확률을 확정하지 않습니다."
논벼,흰잎마름병,병해,울산광역시,0.0,0.0,0,유지,보통,32,2024·2026,"기준선 비교: 2026 유지 0.0점, 2024·2026 가중평균 0.0점, 선택 모델(완화 추세+표본 축소) 0.0점. 지역 변화 +0.0점을 표본가중치 0.73로 같은 병해충·작물의 지역 중앙 변화 +0.0점 방향에 축소하고, 1년 연장 변화는 ±20점으로 제한했습니다. 양년 자료 있음, 공통 조사단위 2개, 유효 관측 32건, 결측률 0.0%, 단위별 변화 변동성 0.0점. 비교는 가능하지만 표본 또는 변동성에 불확실성이 남습니다. 2024·2026 두 개 연도의 NCPMS 예찰자료만 사용한 상대 위험 전망으로, 기상·재배면적·방제 변화와 2027년 실제 발생을 확정하지 않습니다. ASOS 공통 조사월 1개에서 기온·습도·강수·풍속의 관측 연관성을 추세 연장분에만 최대 ±3점으로 제한 적용(보정 +0점). 2027년 미래 기상값은 생성하거나 가정하지 않았습니다.",관찰,0,0,-0.017,기온,기상 근거 보강,1,ASOS 공통 조사월 1개에서 기온·습도·강수·풍속의 관측 연관성을 추세 연장분에만 최대 ±3점으로 제한 적용(보정 +0점). 2027년 미래 기상값은 생성하거나 가정하지 않았습니다.,F27-WX1 설명가능 완화추세,"2024·2026 관측자료와 ASOS 공통 조사월의 연관성을 이용한 상대 위험 전망입니다. 2026년은 부분연도이며, 2027년 실제 기상·발생·확률을 확정하지 않습니다."
논벼,흰잎마름병,병해,인천광역시,0.0,0.0,0,유지,보통,32,2024·2026,"기준선 비교: 2026 유지 0.0점, 2024·2026 가중평균 0.0점, 선택 모델(완화 추세+표본 축소) 0.0점. 지역 변화 +0.0점을 표본가중치 0.73로 같은 병해충·작물의 지역 중앙 변화 +0.0점 방향에 축소하고, 1년 연장 변화는 ±20점으로 제한했습니다. 양년 자료 있음, 공통 조사단위 2개, 유효 관측 32건, 결측률 0.0%, 단위별 변화 변동성 0.0점. 비교는 가능하지만 표본 또는 변동성에 불확실성이 남습니다. 2024·2026 두 개 연도의 NCPMS 예찰자료만 사용한 상대 위험 전망으로, 기상·재배면적·방제 변화와 2027년 실제 발생을 확정하지 않습니다. ASOS 공통 조사월 1개에서 기온·습도·강수·풍속의 관측 연관성을 추세 연장분에만 최대 ±3점으로 제한 적용(보정 +0점). 2027년 미래 기상값은 생성하거나 가정하지 않았습니다.",관찰,0,0,-0.0107,강수량,기상 근거 보강,1,ASOS 공통 조사월 1개에서 기온·습도·강수·풍속의 관측 연관성을 추세 연장분에만 최대 ±3점으로 제한 적용(보정 +0점). 2027년 미래 기상값은 생성하거나 가정하지 않았습니다.,F27-WX1 설명가능 완화추세,"2024·2026 관측자료와 ASOS 공통 조사월의 연관성을 이용한 상대 위험 전망입니다. 2026년은 부분연도이며, 2027년 실제 기상·발생·확률을 확정하지 않습니다."
논벼,흰잎마름병,병해,전남광주통합특별시,0.0,26.0,32,증가,보통,32,2024·2026,"기준선 비교: 2026 유지 25.5점, 2024·2026 가중평균 16.6점, 선택 모델(완화 추세+표본 축소) 32.0점. 지역 변화 +25.5점을 표본가중치 0.73로 같은 병해충·작물의 지역 중앙 변화 +0.0점 방향에 축소하고, 1년 연장 변화는 ±20점으로 제한했습니다. 양년 자료 있음, 공통 조사단위 2개, 유효 관측 32건, 결측률 0.0%, 단위별 변화 변동성 0.0점. 비교는 가능하지만 표본 또는 변동성에 불확실성이 남습니다. 2024·2026 두 개 연도의 NCPMS 예찰자료만 사용한 상대 위험 전망으로, 기상·재배면적·방제 변화와 2027년 실제 발생을 확정하지 않습니다. ASOS 공통 조사월 1개에서 기온·습도·강수·풍속의 관측 연관성을 추세 연장분에만 최대 ±3점으로 제한 적용(보정 +0점). 2027년 미래 기상값은 생성하거나 가정하지 않았습니다.",관찰,32,0,-0.0304,강수량,기상 근거 보강,1,ASOS 공통 조사월 1개에서 기온·습도·강수·풍속의 관측 연관성을 추세 연장분에만 최대 ±3점으로 제한 적용(보정 +0점). 2027년 미래 기상값은 생성하거나 가정하지 않았습니다.,F27-WX1 설명가능 완화추세,"2024·2026 관측자료와 ASOS 공통 조사월의 연관성을 이용한 상대 위험 전망입니다. 2026년은 부분연도이며, 2027년 실제 기상·발생·확률을 확정하지 않습니다."
논벼,흰잎마름병,병해,전북특별자치도,0.0,0.0,0,유지,보통,32,2024·2026,"기준선 비교: 2026 유지 0.0점, 2024·2026 가중평균 0.0점, 선택 모델(완화 추세+표본 축소) 0.0점. 지역 변화 +0.0점을 표본가중치 0.73로 같은 병해충·작물의 지역 중앙 변화 +0.0점 방향에 축소하고, 1년 연장 변화는 ±20점으로 제한했습니다. 양년 자료 있음, 공통 조사단위 2개, 유효 관측 32건, 결측률 0.0%, 단위별 변화 변동성 0.0점. 비교는 가능하지만 표본 또는 변동성에 불확실성이 남습니다. 2024·2026 두 개 연도의 NCPMS 예찰자료만 사용한 상대 위험 전망으로, 기상·재배면적·방제 변화와 2027년 실제 발생을 확정하지 않습니다. ASOS 공통 조사월 1개에서 기온·습도·강수·풍속의 관측 연관성을 추세 연장분에만 최대 ±3점으로 제한 적용(보정 +0점). 2027년 미래 기상값은 생성하거나 가정하지 않았습니다.",관찰,0,0,-0.0246,강수량,기상 근거 보강,1,ASOS 공통 조사월 1개에서 기온·습도·강수·풍속의 관측 연관성을 추세 연장분에만 최대 ±3점으로 제한 적용(보정 +0점). 2027년 미래 기상값은 생성하거나 가정하지 않았습니다.,F27-WX1 설명가능 완화추세,"2024·2026 관측자료와 ASOS 공통 조사월의 연관성을 이용한 상대 위험 전망입니다. 2026년은 부분연도이며, 2027년 실제 기상·발생·확률을 확정하지 않습니다."
논벼,흰잎마름병,병해,충청남도,0.0,17.0,21,유지,보통,32,2024·2026,"기준선 비교: 2026 유지 16.7점, 2024·2026 가중평균 10.8점, 선택 모델(완화 추세+표본 축소) 20.9점. 지역 변화 +16.7점을 표본가중치 0.73로 같은 병해충·작물의 지역 중앙 변화 +0.0점 방향에 축소하고, 1년 연장 변화는 ±20점으로 제한했습니다. 양년 자료 있음, 공통 조사단위 2개, 유효 관측 32건, 결측률 0.0%, 단위별 변화 변동성 0.0점. 비교는 가능하지만 표본 또는 변동성에 불확실성이 남습니다. 2024·2026 두 개 연도의 NCPMS 예찰자료만 사용한 상대 위험 전망으로, 기상·재배면적·방제 변화와 2027년 실제 발생을 확정하지 않습니다. ASOS 공통 조사월 1개에서 기온·습도·강수·풍속의 관측 연관성을 추세 연장분에만 최대 ±3점으로 제한 적용(보정 +0점). 2027년 미래 기상값은 생성하거나 가정하지 않았습니다.",관찰,21,0,-0.0128,강수량,기상 근거 보강,1,ASOS 공통 조사월 1개에서 기온·습도·강수·풍속의 관측 연관성을 추세 연장분에만 최대 ±3점으로 제한 적용(보정 +0점). 2027년 미래 기상값은 생성하거나 가정하지 않았습니다.,F27-WX1 설명가능 완화추세,"2024·2026 관측자료와 ASOS 공통 조사월의 연관성을 이용한 상대 위험 전망입니다. 2026년은 부분연도이며, 2027년 실제 기상·발생·확률을 확정하지 않습니다."
논벼,흰잎마름병,병해,충청북도,0.0,0.0,0,유지,보통,36,2024·2026,"기준선 비교: 2026 유지 0.0점, 2024·2026 가중평균 0.0점, 선택 모델(완화 추세+표본 축소) 0.0점. 지역 변화 +0.0점을 표본가중치 0.75로 같은 병해충·작물의 지역 중앙 변화 +0.0점 방향에 축소하고, 1년 연장 변화는 ±20점으로 제한했습니다. 양년 자료 있음, 공통 조사단위 2개, 유효 관측 36건, 결측률 0.0%, 단위별 변화 변동성 0.0점. 비교는 가능하지만 표본 또는 변동성에 불확실성이 남습니다. 2024·2026 두 개 연도의 NCPMS 예찰자료만 사용한 상대 위험 전망으로, 기상·재배면적·방제 변화와 2027년 실제 발생을 확정하지 않습니다. ASOS 공통 조사월 1개에서 기온·습도·강수·풍속의 관측 연관성을 추세 연장분에만 최대 ±3점으로 제한 적용(보정 +0점). 2027년 미래 기상값은 생성하거나 가정하지 않았습니다.",관찰,0,0,-0.0165,강수량,기상 근거 보강,1,ASOS 공통 조사월 1개에서 기온·습도·강수·풍속의 관측 연관성을 추세 연장분에만 최대 ±3점으로 제한 적용(보정 +0점). 2027년 미래 기상값은 생성하거나 가정하지 않았습니다.,F27-WX1 설명가능 완화추세,"2024·2026 관측자료와 ASOS 공통 조사월의 연관성을 이용한 상대 위험 전망입니다. 2026년은 부분연도이며, 2027년 실제 기상·발생·확률을 확정하지 않습니다."
