작물,병해충,유형,지역,위험도_2024,위험도_2026,전망위험도_2027,추세,신뢰도,관측수,근거연도,전망근거,대응유형
사과,갈색무늬병,병해,강원특별자치도,0,1,1,유지,보통,9,2024·2026,"기준선 비교: 2026 유지 0.8점, 2024·2026 가중평균 0.5점, 선택 모델(완화 추세+표본 축소) 1.1점. 지역 변화 +0.8점을 표본가중치 0.43로 같은 병해충·작물의 지역 중앙 변화 +1.0점 방향에 축소하고, 1년 연장 변화는 ±20점으로 제한했습니다. 양년 자료 있음, 공통 조사단위 3개, 유효 관측 9건, 결측률 0.0%, 단위별 변화 변동성 1.0점. 비교는 가능하지만 표본 또는 변동성에 불확실성이 남습니다. 2024·2026 두 개 연도의 NCPMS 예찰자료만 사용한 상대 위험 전망으로, 기상·재배면적·방제 변화와 2027년 실제 발생을 확정하지 않습니다.",관찰
사과,갈색무늬병,병해,경기도,0,6,7,유지,보통,9,2024·2026,"기준선 비교: 2026 유지 6.0점, 2024·2026 가중평균 3.9점, 선택 모델(완화 추세+표본 축소) 7.1점. 지역 변화 +6.0점을 표본가중치 0.43로 같은 병해충·작물의 지역 중앙 변화 +1.0점 방향에 축소하고, 1년 연장 변화는 ±20점으로 제한했습니다. 양년 자료 있음, 공통 조사단위 3개, 유효 관측 9건, 결측률 0.0%, 단위별 변화 변동성 4.0점. 비교는 가능하지만 표본 또는 변동성에 불확실성이 남습니다. 2024·2026 두 개 연도의 NCPMS 예찰자료만 사용한 상대 위험 전망으로, 기상·재배면적·방제 변화와 2027년 실제 발생을 확정하지 않습니다.",관찰
사과,갈색무늬병,병해,경상남도,38,2,0,유지,보통,9,2024·2026,"기준선 비교: 2026 유지 1.7점, 2024·2026 가중평균 14.5점, 선택 모델(완화 추세+표본 축소) 0.0점. 지역 변화 -36.6점을 표본가중치 0.43로 같은 병해충·작물의 지역 중앙 변화 +1.0점 방향에 축소하고, 1년 연장 변화는 ±20점으로 제한했습니다. 양년 자료 있음, 공통 조사단위 3개, 유효 관측 9건, 결측률 0.0%, 단위별 변화 변동성 31.6점. 비교는 가능하지만 표본 또는 변동성에 불확실성이 남습니다. 2024·2026 두 개 연도의 NCPMS 예찰자료만 사용한 상대 위험 전망으로, 기상·재배면적·방제 변화와 2027년 실제 발생을 확정하지 않습니다.",관찰
사과,갈색무늬병,병해,경상북도,0,0,0,유지,보통,9,2024·2026,"기준선 비교: 2026 유지 0.0점, 2024·2026 가중평균 0.0점, 선택 모델(완화 추세+표본 축소) 0.2점. 지역 변화 +0.0점을 표본가중치 0.43로 같은 병해충·작물의 지역 중앙 변화 +1.0점 방향에 축소하고, 1년 연장 변화는 ±20점으로 제한했습니다. 양년 자료 있음, 공통 조사단위 3개, 유효 관측 9건, 결측률 0.0%, 단위별 변화 변동성 0.0점. 비교는 가능하지만 표본 또는 변동성에 불확실성이 남습니다. 2024·2026 두 개 연도의 NCPMS 예찰자료만 사용한 상대 위험 전망으로, 기상·재배면적·방제 변화와 2027년 실제 발생을 확정하지 않습니다.",관찰
사과,갈색무늬병,병해,대구광역시,33,,,전망자료 부족,낮음,3,2024,"양년 자료 없음, 공통 조사단위 0개, 유효 관측 3건, 결측률 0.0%, 단위별 변화 변동성 100.0점. 제한된 비교 단위 또는 변동성 때문에 보수적으로 낮게 평가합니다. 2024·2026 두 개 연도의 NCPMS 예찰자료만 사용한 상대 위험 전망으로, 기상·재배면적·방제 변화와 2027년 실제 발생을 확정하지 않습니다.",전망자료 부족
사과,갈색무늬병,병해,전남광주통합특별시,41,60,63,유지,보통,8,2024·2026,"기준선 비교: 2026 유지 60.0점, 2024·2026 가중평균 53.5점, 선택 모델(완화 추세+표본 축소) 62.8점. 지역 변화 +18.7점을 표본가중치 0.40로 같은 병해충·작물의 지역 중앙 변화 +1.0점 방향에 축소하고, 1년 연장 변화는 ±20점으로 제한했습니다. 양년 자료 있음, 공통 조사단위 2개, 유효 관측 8건, 결측률 0.0%, 단위별 변화 변동성 2.4점. 비교는 가능하지만 표본 또는 변동성에 불확실성이 남습니다. 2024·2026 두 개 연도의 NCPMS 예찰자료만 사용한 상대 위험 전망으로, 기상·재배면적·방제 변화와 2027년 실제 발생을 확정하지 않습니다.",주의
사과,갈색무늬병,병해,전북특별자치도,7,3,2,유지,보통,9,2024·2026,"기준선 비교: 2026 유지 2.8점, 2024·2026 가중평균 4.3점, 선택 모델(완화 추세+표본 축소) 2.3점. 지역 변화 -4.4점을 표본가중치 0.43로 같은 병해충·작물의 지역 중앙 변화 +1.0점 방향에 축소하고, 1년 연장 변화는 ±20점으로 제한했습니다. 양년 자료 있음, 공통 조사단위 3개, 유효 관측 9건, 결측률 0.0%, 단위별 변화 변동성 10.1점. 비교는 가능하지만 표본 또는 변동성에 불확실성이 남습니다. 2024·2026 두 개 연도의 NCPMS 예찰자료만 사용한 상대 위험 전망으로, 기상·재배면적·방제 변화와 2027년 실제 발생을 확정하지 않습니다.",관찰
사과,갈색무늬병,병해,충청남도,3,30,35,증가,보통,9,2024·2026,"기준선 비교: 2026 유지 30.3점, 2024·2026 가중평균 20.8점, 선택 모델(완화 추세+표본 축소) 34.6점. 지역 변화 +27.2점을 표본가중치 0.43로 같은 병해충·작물의 지역 중앙 변화 +1.0점 방향에 축소하고, 1년 연장 변화는 ±20점으로 제한했습니다. 양년 자료 있음, 공통 조사단위 3개, 유효 관측 9건, 결측률 0.0%, 단위별 변화 변동성 24.8점. 비교는 가능하지만 표본 또는 변동성에 불확실성이 남습니다. 2024·2026 두 개 연도의 NCPMS 예찰자료만 사용한 상대 위험 전망으로, 기상·재배면적·방제 변화와 2027년 실제 발생을 확정하지 않습니다.",주의
사과,갈색무늬병,병해,충청북도,20,21,21,유지,보통,9,2024·2026,"기준선 비교: 2026 유지 21.1점, 2024·2026 가중평균 20.7점, 선택 모델(완화 추세+표본 축소) 21.5점. 지역 변화 +1.1점을 표본가중치 0.43로 같은 병해충·작물의 지역 중앙 변화 +1.0점 방향에 축소하고, 1년 연장 변화는 ±20점으로 제한했습니다. 양년 자료 있음, 공통 조사단위 3개, 유효 관측 9건, 결측률 0.0%, 단위별 변화 변동성 3.5점. 비교는 가능하지만 표본 또는 변동성에 불확실성이 남습니다. 2024·2026 두 개 연도의 NCPMS 예찰자료만 사용한 상대 위험 전망으로, 기상·재배면적·방제 변화와 2027년 실제 발생을 확정하지 않습니다.",관찰
포도,갈색무늬병,병해,경기도,0,30,38,증가,보통,13,2024·2026,"기준선 비교: 2026 유지 30.4점, 2024·2026 가중평균 19.7점, 선택 모델(완화 추세+표본 축소) 38.0점. 지역 변화 +30.4점을 표본가중치 0.52로 같은 병해충·작물의 지역 중앙 변화 +12.5점 방향에 축소하고, 1년 연장 변화는 ±20점으로 제한했습니다. 양년 자료 있음, 공통 조사단위 5개, 유효 관측 13건, 결측률 0.0%, 단위별 변화 변동성 0.0점. 비교는 가능하지만 표본 또는 변동성에 불확실성이 남습니다. 2024·2026 두 개 연도의 NCPMS 예찰자료만 사용한 상대 위험 전망으로, 기상·재배면적·방제 변화와 2027년 실제 발생을 확정하지 않습니다.",주의
포도,갈색무늬병,병해,경상남도,0,5,8,유지,보통,10,2024·2026,"기준선 비교: 2026 유지 4.6점, 2024·2026 가중평균 3.0점, 선택 모델(완화 추세+표본 축소) 7.7점. 지역 변화 +4.6점을 표본가중치 0.45로 같은 병해충·작물의 지역 중앙 변화 +12.5점 방향에 축소하고, 1년 연장 변화는 ±20점으로 제한했습니다. 양년 자료 있음, 공통 조사단위 2개, 유효 관측 10건, 결측률 0.0%, 단위별 변화 변동성 3.8점. 비교는 가능하지만 표본 또는 변동성에 불확실성이 남습니다. 2024·2026 두 개 연도의 NCPMS 예찰자료만 사용한 상대 위험 전망으로, 기상·재배면적·방제 변화와 2027년 실제 발생을 확정하지 않습니다.",관찰
포도,갈색무늬병,병해,경상북도,0,49,60,증가,보통,13,2024·2026,"기준선 비교: 2026 유지 48.8점, 2024·2026 가중평균 31.7점, 선택 모델(완화 추세+표본 축소) 59.8점. 지역 변화 +48.8점을 표본가중치 0.52로 같은 병해충·작물의 지역 중앙 변화 +12.5점 방향에 축소하고, 1년 연장 변화는 ±20점으로 제한했습니다. 양년 자료 있음, 공통 조사단위 5개, 유효 관측 13건, 결측률 0.0%, 단위별 변화 변동성 24.4점. 비교는 가능하지만 표본 또는 변동성에 불확실성이 남습니다. 2024·2026 두 개 연도의 NCPMS 예찰자료만 사용한 상대 위험 전망으로, 기상·재배면적·방제 변화와 2027년 실제 발생을 확정하지 않습니다.",주의
포도,갈색무늬병,병해,대전광역시,0,0,2,유지,보통,13,2024·2026,"기준선 비교: 2026 유지 0.0점, 2024·2026 가중평균 0.0점, 선택 모델(완화 추세+표본 축소) 2.1점. 지역 변화 +0.0점을 표본가중치 0.52로 같은 병해충·작물의 지역 중앙 변화 +12.5점 방향에 축소하고, 1년 연장 변화는 ±20점으로 제한했습니다. 양년 자료 있음, 공통 조사단위 5개, 유효 관측 13건, 결측률 0.0%, 단위별 변화 변동성 0.0점. 비교는 가능하지만 표본 또는 변동성에 불확실성이 남습니다. 2024·2026 두 개 연도의 NCPMS 예찰자료만 사용한 상대 위험 전망으로, 기상·재배면적·방제 변화와 2027년 실제 발생을 확정하지 않습니다.",관찰
포도,갈색무늬병,병해,전남광주통합특별시,46,1,0,유지,낮음,13,2024·2026,"기준선 비교: 2026 유지 1.0점, 2024·2026 가중평균 16.9점, 선택 모델(완화 추세+표본 축소) 0.0점. 지역 변화 -45.4점을 표본가중치 0.52로 같은 병해충·작물의 지역 중앙 변화 +12.5점 방향에 축소하고, 1년 연장 변화는 ±20점으로 제한했습니다. 양년 자료 있음, 공통 조사단위 5개, 유효 관측 13건, 결측률 0.0%, 단위별 변화 변동성 45.3점. 제한된 비교 단위 또는 변동성 때문에 보수적으로 낮게 평가합니다. 2024·2026 두 개 연도의 NCPMS 예찰자료만 사용한 상대 위험 전망으로, 기상·재배면적·방제 변화와 2027년 실제 발생을 확정하지 않습니다.",관찰
포도,갈색무늬병,병해,전북특별자치도,,3,,전망자료 부족,낮음,8,2026,"양년 자료 없음, 공통 조사단위 0개, 유효 관측 8건, 결측률 0.0%, 단위별 변화 변동성 100.0점. 제한된 비교 단위 또는 변동성 때문에 보수적으로 낮게 평가합니다. 2024·2026 두 개 연도의 NCPMS 예찰자료만 사용한 상대 위험 전망으로, 기상·재배면적·방제 변화와 2027년 실제 발생을 확정하지 않습니다.",전망자료 부족
포도,갈색무늬병,병해,충청남도,,9,,전망자료 부족,낮음,7,2026,"양년 자료 없음, 공통 조사단위 0개, 유효 관측 7건, 결측률 0.0%, 단위별 변화 변동성 100.0점. 제한된 비교 단위 또는 변동성 때문에 보수적으로 낮게 평가합니다. 2024·2026 두 개 연도의 NCPMS 예찰자료만 사용한 상대 위험 전망으로, 기상·재배면적·방제 변화와 2027년 실제 발생을 확정하지 않습니다.",전망자료 부족
포도,갈색무늬병,병해,충청북도,0,20,26,증가,보통,13,2024·2026,"기준선 비교: 2026 유지 20.4점, 2024·2026 가중평균 13.2점, 선택 모델(완화 추세+표본 축소) 26.2점. 지역 변화 +20.4점을 표본가중치 0.52로 같은 병해충·작물의 지역 중앙 변화 +12.5점 방향에 축소하고, 1년 연장 변화는 ±20점으로 제한했습니다. 양년 자료 있음, 공통 조사단위 5개, 유효 관측 13건, 결측률 0.0%, 단위별 변화 변동성 0.0점. 비교는 가능하지만 표본 또는 변동성에 불확실성이 남습니다. 2024·2026 두 개 연도의 NCPMS 예찰자료만 사용한 상대 위험 전망으로, 기상·재배면적·방제 변화와 2027년 실제 발생을 확정하지 않습니다.",관찰
배,갈색여치,기타,강원특별자치도,0,,,전망자료 부족,낮음,2,2024,"양년 자료 없음, 공통 조사단위 0개, 유효 관측 2건, 결측률 0.0%, 단위별 변화 변동성 100.0점. 제한된 비교 단위 또는 변동성 때문에 보수적으로 낮게 평가합니다. 2024·2026 두 개 연도의 NCPMS 예찰자료만 사용한 상대 위험 전망으로, 기상·재배면적·방제 변화와 2027년 실제 발생을 확정하지 않습니다.",전망자료 부족
배,갈색여치,기타,경기도,0,,,전망자료 부족,낮음,4,2024,"양년 자료 없음, 공통 조사단위 0개, 유효 관측 4건, 결측률 0.0%, 단위별 변화 변동성 100.0점. 제한된 비교 단위 또는 변동성 때문에 보수적으로 낮게 평가합니다. 2024·2026 두 개 연도의 NCPMS 예찰자료만 사용한 상대 위험 전망으로, 기상·재배면적·방제 변화와 2027년 실제 발생을 확정하지 않습니다.",전망자료 부족
배,갈색여치,기타,경상남도,0,,,전망자료 부족,낮음,4,2024,"양년 자료 없음, 공통 조사단위 0개, 유효 관측 4건, 결측률 0.0%, 단위별 변화 변동성 100.0점. 제한된 비교 단위 또는 변동성 때문에 보수적으로 낮게 평가합니다. 2024·2026 두 개 연도의 NCPMS 예찰자료만 사용한 상대 위험 전망으로, 기상·재배면적·방제 변화와 2027년 실제 발생을 확정하지 않습니다.",전망자료 부족
배,갈색여치,기타,경상북도,0,,,전망자료 부족,낮음,4,2024,"양년 자료 없음, 공통 조사단위 0개, 유효 관측 4건, 결측률 0.0%, 단위별 변화 변동성 100.0점. 제한된 비교 단위 또는 변동성 때문에 보수적으로 낮게 평가합니다. 2024·2026 두 개 연도의 NCPMS 예찰자료만 사용한 상대 위험 전망으로, 기상·재배면적·방제 변화와 2027년 실제 발생을 확정하지 않습니다.",전망자료 부족
배,갈색여치,기타,세종특별자치시,0,,,전망자료 부족,낮음,4,2024,"양년 자료 없음, 공통 조사단위 0개, 유효 관측 4건, 결측률 0.0%, 단위별 변화 변동성 100.0점. 제한된 비교 단위 또는 변동성 때문에 보수적으로 낮게 평가합니다. 2024·2026 두 개 연도의 NCPMS 예찰자료만 사용한 상대 위험 전망으로, 기상·재배면적·방제 변화와 2027년 실제 발생을 확정하지 않습니다.",전망자료 부족
배,갈색여치,기타,울산광역시,0,,,전망자료 부족,낮음,4,2024,"양년 자료 없음, 공통 조사단위 0개, 유효 관측 4건, 결측률 0.0%, 단위별 변화 변동성 100.0점. 제한된 비교 단위 또는 변동성 때문에 보수적으로 낮게 평가합니다. 2024·2026 두 개 연도의 NCPMS 예찰자료만 사용한 상대 위험 전망으로, 기상·재배면적·방제 변화와 2027년 실제 발생을 확정하지 않습니다.",전망자료 부족
배,갈색여치,기타,전남광주통합특별시,0,,,전망자료 부족,낮음,4,2024,"양년 자료 없음, 공통 조사단위 0개, 유효 관측 4건, 결측률 0.0%, 단위별 변화 변동성 100.0점. 제한된 비교 단위 또는 변동성 때문에 보수적으로 낮게 평가합니다. 2024·2026 두 개 연도의 NCPMS 예찰자료만 사용한 상대 위험 전망으로, 기상·재배면적·방제 변화와 2027년 실제 발생을 확정하지 않습니다.",전망자료 부족
배,갈색여치,기타,충청남도,0,,,전망자료 부족,낮음,4,2024,"양년 자료 없음, 공통 조사단위 0개, 유효 관측 4건, 결측률 0.0%, 단위별 변화 변동성 100.0점. 제한된 비교 단위 또는 변동성 때문에 보수적으로 낮게 평가합니다. 2024·2026 두 개 연도의 NCPMS 예찰자료만 사용한 상대 위험 전망으로, 기상·재배면적·방제 변화와 2027년 실제 발생을 확정하지 않습니다.",전망자료 부족
배,갈색여치,기타,충청북도,0,,,전망자료 부족,낮음,4,2024,"양년 자료 없음, 공통 조사단위 0개, 유효 관측 4건, 결측률 0.0%, 단위별 변화 변동성 100.0점. 제한된 비교 단위 또는 변동성 때문에 보수적으로 낮게 평가합니다. 2024·2026 두 개 연도의 NCPMS 예찰자료만 사용한 상대 위험 전망으로, 기상·재배면적·방제 변화와 2027년 실제 발생을 확정하지 않습니다.",전망자료 부족
사과,갈색여치,기타,강원특별자치도,0,,,전망자료 부족,낮음,3,2024,"양년 자료 없음, 공통 조사단위 0개, 유효 관측 3건, 결측률 0.0%, 단위별 변화 변동성 100.0점. 제한된 비교 단위 또는 변동성 때문에 보수적으로 낮게 평가합니다. 2024·2026 두 개 연도의 NCPMS 예찰자료만 사용한 상대 위험 전망으로, 기상·재배면적·방제 변화와 2027년 실제 발생을 확정하지 않습니다.",전망자료 부족
사과,갈색여치,기타,경기도,0,,,전망자료 부족,낮음,3,2024,"양년 자료 없음, 공통 조사단위 0개, 유효 관측 3건, 결측률 0.0%, 단위별 변화 변동성 100.0점. 제한된 비교 단위 또는 변동성 때문에 보수적으로 낮게 평가합니다. 2024·2026 두 개 연도의 NCPMS 예찰자료만 사용한 상대 위험 전망으로, 기상·재배면적·방제 변화와 2027년 실제 발생을 확정하지 않습니다.",전망자료 부족
사과,갈색여치,기타,경상남도,0,,,전망자료 부족,낮음,3,2024,"양년 자료 없음, 공통 조사단위 0개, 유효 관측 3건, 결측률 0.0%, 단위별 변화 변동성 100.0점. 제한된 비교 단위 또는 변동성 때문에 보수적으로 낮게 평가합니다. 2024·2026 두 개 연도의 NCPMS 예찰자료만 사용한 상대 위험 전망으로, 기상·재배면적·방제 변화와 2027년 실제 발생을 확정하지 않습니다.",전망자료 부족
사과,갈색여치,기타,경상북도,0,,,전망자료 부족,낮음,3,2024,"양년 자료 없음, 공통 조사단위 0개, 유효 관측 3건, 결측률 0.0%, 단위별 변화 변동성 100.0점. 제한된 비교 단위 또는 변동성 때문에 보수적으로 낮게 평가합니다. 2024·2026 두 개 연도의 NCPMS 예찰자료만 사용한 상대 위험 전망으로, 기상·재배면적·방제 변화와 2027년 실제 발생을 확정하지 않습니다.",전망자료 부족
사과,갈색여치,기타,대구광역시,0,,,전망자료 부족,낮음,3,2024,"양년 자료 없음, 공통 조사단위 0개, 유효 관측 3건, 결측률 0.0%, 단위별 변화 변동성 100.0점. 제한된 비교 단위 또는 변동성 때문에 보수적으로 낮게 평가합니다. 2024·2026 두 개 연도의 NCPMS 예찰자료만 사용한 상대 위험 전망으로, 기상·재배면적·방제 변화와 2027년 실제 발생을 확정하지 않습니다.",전망자료 부족
사과,갈색여치,기타,전남광주통합특별시,0,,,전망자료 부족,낮음,3,2024,"양년 자료 없음, 공통 조사단위 0개, 유효 관측 3건, 결측률 0.0%, 단위별 변화 변동성 100.0점. 제한된 비교 단위 또는 변동성 때문에 보수적으로 낮게 평가합니다. 2024·2026 두 개 연도의 NCPMS 예찰자료만 사용한 상대 위험 전망으로, 기상·재배면적·방제 변화와 2027년 실제 발생을 확정하지 않습니다.",전망자료 부족
사과,갈색여치,기타,전북특별자치도,0,,,전망자료 부족,낮음,3,2024,"양년 자료 없음, 공통 조사단위 0개, 유효 관측 3건, 결측률 0.0%, 단위별 변화 변동성 100.0점. 제한된 비교 단위 또는 변동성 때문에 보수적으로 낮게 평가합니다. 2024·2026 두 개 연도의 NCPMS 예찰자료만 사용한 상대 위험 전망으로, 기상·재배면적·방제 변화와 2027년 실제 발생을 확정하지 않습니다.",전망자료 부족
사과,갈색여치,기타,충청남도,0,,,전망자료 부족,낮음,3,2024,"양년 자료 없음, 공통 조사단위 0개, 유효 관측 3건, 결측률 0.0%, 단위별 변화 변동성 100.0점. 제한된 비교 단위 또는 변동성 때문에 보수적으로 낮게 평가합니다. 2024·2026 두 개 연도의 NCPMS 예찰자료만 사용한 상대 위험 전망으로, 기상·재배면적·방제 변화와 2027년 실제 발생을 확정하지 않습니다.",전망자료 부족
사과,갈색여치,기타,충청북도,33,,,전망자료 부족,낮음,3,2024,"양년 자료 없음, 공통 조사단위 0개, 유효 관측 3건, 결측률 0.0%, 단위별 변화 변동성 100.0점. 제한된 비교 단위 또는 변동성 때문에 보수적으로 낮게 평가합니다. 2024·2026 두 개 연도의 NCPMS 예찰자료만 사용한 상대 위험 전망으로, 기상·재배면적·방제 변화와 2027년 실제 발생을 확정하지 않습니다.",전망자료 부족
감,감꼭지나방,해충,경상남도,,33,,전망자료 부족,낮음,7,2026,"양년 자료 없음, 공통 조사단위 0개, 유효 관측 7건, 결측률 0.0%, 단위별 변화 변동성 100.0점. 제한된 비교 단위 또는 변동성 때문에 보수적으로 낮게 평가합니다. 2024·2026 두 개 연도의 NCPMS 예찰자료만 사용한 상대 위험 전망으로, 기상·재배면적·방제 변화와 2027년 실제 발생을 확정하지 않습니다.",전망자료 부족
감,감꼭지나방,해충,경상북도,,48,,전망자료 부족,낮음,7,2026,"양년 자료 없음, 공통 조사단위 0개, 유효 관측 7건, 결측률 0.0%, 단위별 변화 변동성 100.0점. 제한된 비교 단위 또는 변동성 때문에 보수적으로 낮게 평가합니다. 2024·2026 두 개 연도의 NCPMS 예찰자료만 사용한 상대 위험 전망으로, 기상·재배면적·방제 변화와 2027년 실제 발생을 확정하지 않습니다.",전망자료 부족
감,감꼭지나방,해충,울산광역시,,46,,전망자료 부족,낮음,6,2026,"양년 자료 없음, 공통 조사단위 0개, 유효 관측 6건, 결측률 0.0%, 단위별 변화 변동성 100.0점. 제한된 비교 단위 또는 변동성 때문에 보수적으로 낮게 평가합니다. 2024·2026 두 개 연도의 NCPMS 예찰자료만 사용한 상대 위험 전망으로, 기상·재배면적·방제 변화와 2027년 실제 발생을 확정하지 않습니다.",전망자료 부족
감,감꼭지나방,해충,전남광주통합특별시,,14,,전망자료 부족,낮음,7,2026,"양년 자료 없음, 공통 조사단위 0개, 유효 관측 7건, 결측률 0.0%, 단위별 변화 변동성 100.0점. 제한된 비교 단위 또는 변동성 때문에 보수적으로 낮게 평가합니다. 2024·2026 두 개 연도의 NCPMS 예찰자료만 사용한 상대 위험 전망으로, 기상·재배면적·방제 변화와 2027년 실제 발생을 확정하지 않습니다.",전망자료 부족
양파,검은무늬병,병해,경상남도,,0,,전망자료 부족,낮음,5,2026,"양년 자료 없음, 공통 조사단위 0개, 유효 관측 5건, 결측률 0.0%, 단위별 변화 변동성 100.0점. 제한된 비교 단위 또는 변동성 때문에 보수적으로 낮게 평가합니다. 2024·2026 두 개 연도의 NCPMS 예찰자료만 사용한 상대 위험 전망으로, 기상·재배면적·방제 변화와 2027년 실제 발생을 확정하지 않습니다.",전망자료 부족
양파,검은무늬병,병해,경상북도,,0,,전망자료 부족,낮음,5,2026,"양년 자료 없음, 공통 조사단위 0개, 유효 관측 5건, 결측률 0.0%, 단위별 변화 변동성 100.0점. 제한된 비교 단위 또는 변동성 때문에 보수적으로 낮게 평가합니다. 2024·2026 두 개 연도의 NCPMS 예찰자료만 사용한 상대 위험 전망으로, 기상·재배면적·방제 변화와 2027년 실제 발생을 확정하지 않습니다.",전망자료 부족
양파,검은무늬병,병해,대구광역시,,0,,전망자료 부족,낮음,5,2026,"양년 자료 없음, 공통 조사단위 0개, 유효 관측 5건, 결측률 0.0%, 단위별 변화 변동성 100.0점. 제한된 비교 단위 또는 변동성 때문에 보수적으로 낮게 평가합니다. 2024·2026 두 개 연도의 NCPMS 예찰자료만 사용한 상대 위험 전망으로, 기상·재배면적·방제 변화와 2027년 실제 발생을 확정하지 않습니다.",전망자료 부족
양파,검은무늬병,병해,전남광주통합특별시,,0,,전망자료 부족,낮음,5,2026,"양년 자료 없음, 공통 조사단위 0개, 유효 관측 5건, 결측률 0.0%, 단위별 변화 변동성 100.0점. 제한된 비교 단위 또는 변동성 때문에 보수적으로 낮게 평가합니다. 2024·2026 두 개 연도의 NCPMS 예찰자료만 사용한 상대 위험 전망으로, 기상·재배면적·방제 변화와 2027년 실제 발생을 확정하지 않습니다.",전망자료 부족
양파,검은무늬병,병해,전북특별자치도,,0,,전망자료 부족,낮음,5,2026,"양년 자료 없음, 공통 조사단위 0개, 유효 관측 5건, 결측률 0.0%, 단위별 변화 변동성 100.0점. 제한된 비교 단위 또는 변동성 때문에 보수적으로 낮게 평가합니다. 2024·2026 두 개 연도의 NCPMS 예찰자료만 사용한 상대 위험 전망으로, 기상·재배면적·방제 변화와 2027년 실제 발생을 확정하지 않습니다.",전망자료 부족
배,검은별무늬병,병해,강원특별자치도,3,0,0,유지,낮음,10,2024·2026,"기준선 비교: 2026 유지 0.0점, 2024·2026 가중평균 1.1점, 선택 모델(완화 추세+표본 축소) 0.0점. 지역 변화 -3.1점을 표본가중치 0.45로 같은 병해충·작물의 지역 중앙 변화 -11.8점 방향에 축소하고, 1년 연장 변화는 ±20점으로 제한했습니다. 양년 자료 있음, 공통 조사단위 1개, 유효 관측 10건, 결측률 0.0%, 단위별 변화 변동성 0.0점. 제한된 비교 단위 또는 변동성 때문에 보수적으로 낮게 평가합니다. 2024·2026 두 개 연도의 NCPMS 예찰자료만 사용한 상대 위험 전망으로, 기상·재배면적·방제 변화와 2027년 실제 발생을 확정하지 않습니다.",관찰
배,검은별무늬병,병해,경기도,22,0,0,유지,보통,15,2024·2026,"기준선 비교: 2026 유지 0.0점, 2024·2026 가중평균 7.8점, 선택 모델(완화 추세+표본 축소) 0.0점. 지역 변화 -22.3점을 표본가중치 0.56로 같은 병해충·작물의 지역 중앙 변화 -11.8점 방향에 축소하고, 1년 연장 변화는 ±20점으로 제한했습니다. 양년 자료 있음, 공통 조사단위 4개, 유효 관측 15건, 결측률 0.0%, 단위별 변화 변동성 22.9점. 비교는 가능하지만 표본 또는 변동성에 불확실성이 남습니다. 2024·2026 두 개 연도의 NCPMS 예찰자료만 사용한 상대 위험 전망으로, 기상·재배면적·방제 변화와 2027년 실제 발생을 확정하지 않습니다.",관찰
배,검은별무늬병,병해,경상남도,1,38,43,증가,보통,15,2024·2026,"기준선 비교: 2026 유지 37.6점, 2024·2026 가중평균 24.8점, 선택 모델(완화 추세+표본 축소) 42.8점. 지역 변화 +36.4점을 표본가중치 0.56로 같은 병해충·작물의 지역 중앙 변화 -11.8점 방향에 축소하고, 1년 연장 변화는 ±20점으로 제한했습니다. 양년 자료 있음, 공통 조사단위 4개, 유효 관측 15건, 결측률 0.0%, 단위별 변화 변동성 18.4점. 비교는 가능하지만 표본 또는 변동성에 불확실성이 남습니다. 2024·2026 두 개 연도의 NCPMS 예찰자료만 사용한 상대 위험 전망으로, 기상·재배면적·방제 변화와 2027년 실제 발생을 확정하지 않습니다.",주의
배,검은별무늬병,병해,경상북도,99,10,0,감소,보통,15,2024·2026,"기준선 비교: 2026 유지 10.0점, 2024·2026 가중평균 41.0점, 선택 모델(완화 추세+표본 축소) 0.0점. 지역 변화 -88.6점을 표본가중치 0.56로 같은 병해충·작물의 지역 중앙 변화 -11.8점 방향에 축소하고, 1년 연장 변화는 ±20점으로 제한했습니다. 양년 자료 있음, 공통 조사단위 4개, 유효 관측 15건, 결측률 0.0%, 단위별 변화 변동성 16.7점. 비교는 가능하지만 표본 또는 변동성에 불확실성이 남습니다. 2024·2026 두 개 연도의 NCPMS 예찰자료만 사용한 상대 위험 전망으로, 기상·재배면적·방제 변화와 2027년 실제 발생을 확정하지 않습니다.",관찰
배,검은별무늬병,병해,세종특별자치시,1,2,0,유지,보통,14,2024·2026,"기준선 비교: 2026 유지 1.9점, 2024·2026 가중평균 1.5점, 선택 모델(완화 추세+표본 축소) 0.2점. 지역 변화 +1.2점을 표본가중치 0.54로 같은 병해충·작물의 지역 중앙 변화 -11.8점 방향에 축소하고, 1년 연장 변화는 ±20점으로 제한했습니다. 양년 자료 있음, 공통 조사단위 4개, 유효 관측 14건, 결측률 0.0%, 단위별 변화 변동성 0.9점. 비교는 가능하지만 표본 또는 변동성에 불확실성이 남습니다. 2024·2026 두 개 연도의 NCPMS 예찰자료만 사용한 상대 위험 전망으로, 기상·재배면적·방제 변화와 2027년 실제 발생을 확정하지 않습니다.",관찰
배,검은별무늬병,병해,울산광역시,29,11,6,감소,보통,14,2024·2026,"기준선 비교: 2026 유지 10.9점, 2024·2026 가중평균 17.3점, 선택 모델(완화 추세+표본 축소) 5.6점. 지역 변화 -18.2점을 표본가중치 0.54로 같은 병해충·작물의 지역 중앙 변화 -11.8점 방향에 축소하고, 1년 연장 변화는 ±20점으로 제한했습니다. 양년 자료 있음, 공통 조사단위 4개, 유효 관측 14건, 결측률 0.0%, 단위별 변화 변동성 18.3점. 비교는 가능하지만 표본 또는 변동성에 불확실성이 남습니다. 2024·2026 두 개 연도의 NCPMS 예찰자료만 사용한 상대 위험 전망으로, 기상·재배면적·방제 변화와 2027년 실제 발생을 확정하지 않습니다.",관찰
배,검은별무늬병,병해,전남광주통합특별시,18,6,2,유지,보통,15,2024·2026,"기준선 비교: 2026 유지 5.7점, 2024·2026 가중평균 9.9점, 선택 모델(완화 추세+표본 축소) 1.6점. 지역 변화 -11.8점을 표본가중치 0.56로 같은 병해충·작물의 지역 중앙 변화 -11.8점 방향에 축소하고, 1년 연장 변화는 ±20점으로 제한했습니다. 양년 자료 있음, 공통 조사단위 4개, 유효 관측 15건, 결측률 0.0%, 단위별 변화 변동성 15.3점. 비교는 가능하지만 표본 또는 변동성에 불확실성이 남습니다. 2024·2026 두 개 연도의 NCPMS 예찰자료만 사용한 상대 위험 전망으로, 기상·재배면적·방제 변화와 2027년 실제 발생을 확정하지 않습니다.",관찰
배,검은별무늬병,병해,전북특별자치도,,57,,전망자료 부족,낮음,7,2026,"양년 자료 없음, 공통 조사단위 0개, 유효 관측 7건, 결측률 0.0%, 단위별 변화 변동성 100.0점. 제한된 비교 단위 또는 변동성 때문에 보수적으로 낮게 평가합니다. 2024·2026 두 개 연도의 NCPMS 예찰자료만 사용한 상대 위험 전망으로, 기상·재배면적·방제 변화와 2027년 실제 발생을 확정하지 않습니다.",전망자료 부족
배,검은별무늬병,병해,충청남도,0,14,14,유지,보통,15,2024·2026,"기준선 비교: 2026 유지 13.5점, 2024·2026 가중평균 8.8점, 선택 모델(완화 추세+표본 축소) 14.3점. 지역 변화 +13.3점을 표본가중치 0.56로 같은 병해충·작물의 지역 중앙 변화 -11.8점 방향에 축소하고, 1년 연장 변화는 ±20점으로 제한했습니다. 양년 자료 있음, 공통 조사단위 4개, 유효 관측 15건, 결측률 0.0%, 단위별 변화 변동성 3.3점. 비교는 가능하지만 표본 또는 변동성에 불확실성이 남습니다. 2024·2026 두 개 연도의 NCPMS 예찰자료만 사용한 상대 위험 전망으로, 기상·재배면적·방제 변화와 2027년 실제 발생을 확정하지 않습니다.",관찰
배,검은별무늬병,병해,충청북도,43,0,0,유지,보통,15,2024·2026,"기준선 비교: 2026 유지 0.0점, 2024·2026 가중평균 15.1점, 선택 모델(완화 추세+표본 축소) 0.0점. 지역 변화 -43.2점을 표본가중치 0.56로 같은 병해충·작물의 지역 중앙 변화 -11.8점 방향에 축소하고, 1년 연장 변화는 ±20점으로 제한했습니다. 양년 자료 있음, 공통 조사단위 4개, 유효 관측 15건, 결측률 0.0%, 단위별 변화 변동성 27.7점. 비교는 가능하지만 표본 또는 변동성에 불확실성이 남습니다. 2024·2026 두 개 연도의 NCPMS 예찰자료만 사용한 상대 위험 전망으로, 기상·재배면적·방제 변화와 2027년 실제 발생을 확정하지 않습니다.",관찰
감귤,검은점무늬병,병해,제주특별자치도,,0,,전망자료 부족,낮음,7,2026,"양년 자료 없음, 공통 조사단위 0개, 유효 관측 7건, 결측률 0.0%, 단위별 변화 변동성 100.0점. 제한된 비교 단위 또는 변동성 때문에 보수적으로 낮게 평가합니다. 2024·2026 두 개 연도의 NCPMS 예찰자료만 사용한 상대 위험 전망으로, 기상·재배면적·방제 변화와 2027년 실제 발생을 확정하지 않습니다.",전망자료 부족
배,겹무늬병,병해,강원특별자치도,0,0,0,유지,낮음,8,2024·2026,"기준선 비교: 2026 유지 0.0점, 2024·2026 가중평균 0.0점, 선택 모델(완화 추세+표본 축소) 0.0점. 지역 변화 +0.0점을 표본가중치 0.40로 같은 병해충·작물의 지역 중앙 변화 +0.0점 방향에 축소하고, 1년 연장 변화는 ±20점으로 제한했습니다. 양년 자료 있음, 공통 조사단위 1개, 유효 관측 8건, 결측률 0.0%, 단위별 변화 변동성 0.0점. 제한된 비교 단위 또는 변동성 때문에 보수적으로 낮게 평가합니다. 2024·2026 두 개 연도의 NCPMS 예찰자료만 사용한 상대 위험 전망으로, 기상·재배면적·방제 변화와 2027년 실제 발생을 확정하지 않습니다.",관찰
배,겹무늬병,병해,경기도,0,0,0,유지,보통,11,2024·2026,"기준선 비교: 2026 유지 0.0점, 2024·2026 가중평균 0.0점, 선택 모델(완화 추세+표본 축소) 0.0점. 지역 변화 +0.0점을 표본가중치 0.48로 같은 병해충·작물의 지역 중앙 변화 +0.0점 방향에 축소하고, 1년 연장 변화는 ±20점으로 제한했습니다. 양년 자료 있음, 공통 조사단위 4개, 유효 관측 11건, 결측률 0.0%, 단위별 변화 변동성 0.0점. 비교는 가능하지만 표본 또는 변동성에 불확실성이 남습니다. 2024·2026 두 개 연도의 NCPMS 예찰자료만 사용한 상대 위험 전망으로, 기상·재배면적·방제 변화와 2027년 실제 발생을 확정하지 않습니다.",관찰
배,겹무늬병,병해,경상남도,0,43,50,증가,낮음,11,2024·2026,"기준선 비교: 2026 유지 42.9점, 2024·2026 가중평균 27.9점, 선택 모델(완화 추세+표본 축소) 50.0점. 지역 변화 +42.9점을 표본가중치 0.48로 같은 병해충·작물의 지역 중앙 변화 +0.0점 방향에 축소하고, 1년 연장 변화는 ±20점으로 제한했습니다. 양년 자료 있음, 공통 조사단위 4개, 유효 관측 11건, 결측률 0.0%, 단위별 변화 변동성 43.3점. 제한된 비교 단위 또는 변동성 때문에 보수적으로 낮게 평가합니다. 2024·2026 두 개 연도의 NCPMS 예찰자료만 사용한 상대 위험 전망으로, 기상·재배면적·방제 변화와 2027년 실제 발생을 확정하지 않습니다.",주의
배,겹무늬병,병해,경상북도,0,23,26,유지,보통,11,2024·2026,"기준선 비교: 2026 유지 22.7점, 2024·2026 가중평균 14.7점, 선택 모델(완화 추세+표본 축소) 26.5점. 지역 변화 +22.7점을 표본가중치 0.48로 같은 병해충·작물의 지역 중앙 변화 +0.0점 방향에 축소하고, 1년 연장 변화는 ±20점으로 제한했습니다. 양년 자료 있음, 공통 조사단위 4개, 유효 관측 11건, 결측률 0.0%, 단위별 변화 변동성 0.0점. 비교는 가능하지만 표본 또는 변동성에 불확실성이 남습니다. 2024·2026 두 개 연도의 NCPMS 예찰자료만 사용한 상대 위험 전망으로, 기상·재배면적·방제 변화와 2027년 실제 발생을 확정하지 않습니다.",관찰
배,겹무늬병,병해,세종특별자치시,0,0,0,유지,보통,10,2024·2026,"기준선 비교: 2026 유지 0.0점, 2024·2026 가중평균 0.0점, 선택 모델(완화 추세+표본 축소) 0.0점. 지역 변화 +0.0점을 표본가중치 0.45로 같은 병해충·작물의 지역 중앙 변화 +0.0점 방향에 축소하고, 1년 연장 변화는 ±20점으로 제한했습니다. 양년 자료 있음, 공통 조사단위 4개, 유효 관측 10건, 결측률 0.0%, 단위별 변화 변동성 0.0점. 비교는 가능하지만 표본 또는 변동성에 불확실성이 남습니다. 2024·2026 두 개 연도의 NCPMS 예찰자료만 사용한 상대 위험 전망으로, 기상·재배면적·방제 변화와 2027년 실제 발생을 확정하지 않습니다.",관찰
배,겹무늬병,병해,울산광역시,0,0,0,유지,보통,10,2024·2026,"기준선 비교: 2026 유지 0.0점, 2024·2026 가중평균 0.0점, 선택 모델(완화 추세+표본 축소) 0.0점. 지역 변화 +0.0점을 표본가중치 0.45로 같은 병해충·작물의 지역 중앙 변화 +0.0점 방향에 축소하고, 1년 연장 변화는 ±20점으로 제한했습니다. 양년 자료 있음, 공통 조사단위 4개, 유효 관측 10건, 결측률 0.0%, 단위별 변화 변동성 0.0점. 비교는 가능하지만 표본 또는 변동성에 불확실성이 남습니다. 2024·2026 두 개 연도의 NCPMS 예찰자료만 사용한 상대 위험 전망으로, 기상·재배면적·방제 변화와 2027년 실제 발생을 확정하지 않습니다.",관찰
배,겹무늬병,병해,전남광주통합특별시,0,0,0,유지,보통,11,2024·2026,"기준선 비교: 2026 유지 0.0점, 2024·2026 가중평균 0.0점, 선택 모델(완화 추세+표본 축소) 0.0점. 지역 변화 +0.0점을 표본가중치 0.48로 같은 병해충·작물의 지역 중앙 변화 +0.0점 방향에 축소하고, 1년 연장 변화는 ±20점으로 제한했습니다. 양년 자료 있음, 공통 조사단위 4개, 유효 관측 11건, 결측률 0.0%, 단위별 변화 변동성 0.0점. 비교는 가능하지만 표본 또는 변동성에 불확실성이 남습니다. 2024·2026 두 개 연도의 NCPMS 예찰자료만 사용한 상대 위험 전망으로, 기상·재배면적·방제 변화와 2027년 실제 발생을 확정하지 않습니다.",관찰
배,겹무늬병,병해,전북특별자치도,,3,,전망자료 부족,낮음,7,2026,"양년 자료 없음, 공통 조사단위 0개, 유효 관측 7건, 결측률 0.0%, 단위별 변화 변동성 100.0점. 제한된 비교 단위 또는 변동성 때문에 보수적으로 낮게 평가합니다. 2024·2026 두 개 연도의 NCPMS 예찰자료만 사용한 상대 위험 전망으로, 기상·재배면적·방제 변화와 2027년 실제 발생을 확정하지 않습니다.",전망자료 부족
배,겹무늬병,병해,충청남도,0,0,0,유지,보통,11,2024·2026,"기준선 비교: 2026 유지 0.0점, 2024·2026 가중평균 0.0점, 선택 모델(완화 추세+표본 축소) 0.0점. 지역 변화 +0.0점을 표본가중치 0.48로 같은 병해충·작물의 지역 중앙 변화 +0.0점 방향에 축소하고, 1년 연장 변화는 ±20점으로 제한했습니다. 양년 자료 있음, 공통 조사단위 4개, 유효 관측 11건, 결측률 0.0%, 단위별 변화 변동성 0.0점. 비교는 가능하지만 표본 또는 변동성에 불확실성이 남습니다. 2024·2026 두 개 연도의 NCPMS 예찰자료만 사용한 상대 위험 전망으로, 기상·재배면적·방제 변화와 2027년 실제 발생을 확정하지 않습니다.",관찰
배,겹무늬병,병해,충청북도,0,0,0,유지,보통,11,2024·2026,"기준선 비교: 2026 유지 0.0점, 2024·2026 가중평균 0.0점, 선택 모델(완화 추세+표본 축소) 0.0점. 지역 변화 +0.0점을 표본가중치 0.48로 같은 병해충·작물의 지역 중앙 변화 +0.0점 방향에 축소하고, 1년 연장 변화는 ±20점으로 제한했습니다. 양년 자료 있음, 공통 조사단위 4개, 유효 관측 11건, 결측률 0.0%, 단위별 변화 변동성 0.0점. 비교는 가능하지만 표본 또는 변동성에 불확실성이 남습니다. 2024·2026 두 개 연도의 NCPMS 예찰자료만 사용한 상대 위험 전망으로, 기상·재배면적·방제 변화와 2027년 실제 발생을 확정하지 않습니다.",관찰
사과,겹무늬썩음병,병해,강원특별자치도,0,0,0,유지,보통,9,2024·2026,"기준선 비교: 2026 유지 0.0점, 2024·2026 가중평균 0.0점, 선택 모델(완화 추세+표본 축소) 0.0점. 지역 변화 +0.0점을 표본가중치 0.43로 같은 병해충·작물의 지역 중앙 변화 +0.0점 방향에 축소하고, 1년 연장 변화는 ±20점으로 제한했습니다. 양년 자료 있음, 공통 조사단위 3개, 유효 관측 9건, 결측률 0.0%, 단위별 변화 변동성 0.0점. 비교는 가능하지만 표본 또는 변동성에 불확실성이 남습니다. 2024·2026 두 개 연도의 NCPMS 예찰자료만 사용한 상대 위험 전망으로, 기상·재배면적·방제 변화와 2027년 실제 발생을 확정하지 않습니다.",관찰
사과,겹무늬썩음병,병해,경기도,0,0,0,유지,보통,9,2024·2026,"기준선 비교: 2026 유지 0.0점, 2024·2026 가중평균 0.0점, 선택 모델(완화 추세+표본 축소) 0.0점. 지역 변화 +0.0점을 표본가중치 0.43로 같은 병해충·작물의 지역 중앙 변화 +0.0점 방향에 축소하고, 1년 연장 변화는 ±20점으로 제한했습니다. 양년 자료 있음, 공통 조사단위 3개, 유효 관측 9건, 결측률 0.0%, 단위별 변화 변동성 0.0점. 비교는 가능하지만 표본 또는 변동성에 불확실성이 남습니다. 2024·2026 두 개 연도의 NCPMS 예찰자료만 사용한 상대 위험 전망으로, 기상·재배면적·방제 변화와 2027년 실제 발생을 확정하지 않습니다.",관찰
사과,겹무늬썩음병,병해,경상남도,0,0,0,유지,보통,9,2024·2026,"기준선 비교: 2026 유지 0.0점, 2024·2026 가중평균 0.0점, 선택 모델(완화 추세+표본 축소) 0.0점. 지역 변화 +0.0점을 표본가중치 0.43로 같은 병해충·작물의 지역 중앙 변화 +0.0점 방향에 축소하고, 1년 연장 변화는 ±20점으로 제한했습니다. 양년 자료 있음, 공통 조사단위 3개, 유효 관측 9건, 결측률 0.0%, 단위별 변화 변동성 0.0점. 비교는 가능하지만 표본 또는 변동성에 불확실성이 남습니다. 2024·2026 두 개 연도의 NCPMS 예찰자료만 사용한 상대 위험 전망으로, 기상·재배면적·방제 변화와 2027년 실제 발생을 확정하지 않습니다.",관찰
사과,겹무늬썩음병,병해,경상북도,0,0,0,유지,보통,9,2024·2026,"기준선 비교: 2026 유지 0.0점, 2024·2026 가중평균 0.0점, 선택 모델(완화 추세+표본 축소) 0.0점. 지역 변화 +0.0점을 표본가중치 0.43로 같은 병해충·작물의 지역 중앙 변화 +0.0점 방향에 축소하고, 1년 연장 변화는 ±20점으로 제한했습니다. 양년 자료 있음, 공통 조사단위 3개, 유효 관측 9건, 결측률 0.0%, 단위별 변화 변동성 0.0점. 비교는 가능하지만 표본 또는 변동성에 불확실성이 남습니다. 2024·2026 두 개 연도의 NCPMS 예찰자료만 사용한 상대 위험 전망으로, 기상·재배면적·방제 변화와 2027년 실제 발생을 확정하지 않습니다.",관찰
사과,겹무늬썩음병,병해,대구광역시,0,,,전망자료 부족,낮음,3,2024,"양년 자료 없음, 공통 조사단위 0개, 유효 관측 3건, 결측률 0.0%, 단위별 변화 변동성 100.0점. 제한된 비교 단위 또는 변동성 때문에 보수적으로 낮게 평가합니다. 2024·2026 두 개 연도의 NCPMS 예찰자료만 사용한 상대 위험 전망으로, 기상·재배면적·방제 변화와 2027년 실제 발생을 확정하지 않습니다.",전망자료 부족
사과,겹무늬썩음병,병해,전남광주통합특별시,0,0,0,유지,보통,8,2024·2026,"기준선 비교: 2026 유지 0.0점, 2024·2026 가중평균 0.0점, 선택 모델(완화 추세+표본 축소) 0.0점. 지역 변화 +0.0점을 표본가중치 0.40로 같은 병해충·작물의 지역 중앙 변화 +0.0점 방향에 축소하고, 1년 연장 변화는 ±20점으로 제한했습니다. 양년 자료 있음, 공통 조사단위 2개, 유효 관측 8건, 결측률 0.0%, 단위별 변화 변동성 0.0점. 비교는 가능하지만 표본 또는 변동성에 불확실성이 남습니다. 2024·2026 두 개 연도의 NCPMS 예찰자료만 사용한 상대 위험 전망으로, 기상·재배면적·방제 변화와 2027년 실제 발생을 확정하지 않습니다.",관찰
사과,겹무늬썩음병,병해,전북특별자치도,0,0,0,유지,보통,9,2024·2026,"기준선 비교: 2026 유지 0.0점, 2024·2026 가중평균 0.0점, 선택 모델(완화 추세+표본 축소) 0.0점. 지역 변화 +0.0점을 표본가중치 0.43로 같은 병해충·작물의 지역 중앙 변화 +0.0점 방향에 축소하고, 1년 연장 변화는 ±20점으로 제한했습니다. 양년 자료 있음, 공통 조사단위 3개, 유효 관측 9건, 결측률 0.0%, 단위별 변화 변동성 0.0점. 비교는 가능하지만 표본 또는 변동성에 불확실성이 남습니다. 2024·2026 두 개 연도의 NCPMS 예찰자료만 사용한 상대 위험 전망으로, 기상·재배면적·방제 변화와 2027년 실제 발생을 확정하지 않습니다.",관찰
사과,겹무늬썩음병,병해,충청남도,0,0,0,유지,보통,9,2024·2026,"기준선 비교: 2026 유지 0.0점, 2024·2026 가중평균 0.0점, 선택 모델(완화 추세+표본 축소) 0.0점. 지역 변화 +0.0점을 표본가중치 0.43로 같은 병해충·작물의 지역 중앙 변화 +0.0점 방향에 축소하고, 1년 연장 변화는 ±20점으로 제한했습니다. 양년 자료 있음, 공통 조사단위 3개, 유효 관측 9건, 결측률 0.0%, 단위별 변화 변동성 0.0점. 비교는 가능하지만 표본 또는 변동성에 불확실성이 남습니다. 2024·2026 두 개 연도의 NCPMS 예찰자료만 사용한 상대 위험 전망으로, 기상·재배면적·방제 변화와 2027년 실제 발생을 확정하지 않습니다.",관찰
사과,겹무늬썩음병,병해,충청북도,33,0,0,유지,낮음,9,2024·2026,"기준선 비교: 2026 유지 0.0점, 2024·2026 가중평균 11.7점, 선택 모델(완화 추세+표본 축소) 0.0점. 지역 변화 -33.3점을 표본가중치 0.43로 같은 병해충·작물의 지역 중앙 변화 +0.0점 방향에 축소하고, 1년 연장 변화는 ±20점으로 제한했습니다. 양년 자료 있음, 공통 조사단위 3개, 유효 관측 9건, 결측률 0.0%, 단위별 변화 변동성 47.1점. 제한된 비교 단위 또는 변동성 때문에 보수적으로 낮게 평가합니다. 2024·2026 두 개 연도의 NCPMS 예찰자료만 사용한 상대 위험 전망으로, 기상·재배면적·방제 변화와 2027년 실제 발생을 확정하지 않습니다.",관찰
양파,고자리파리,해충,경상남도,0,0,0,유지,보통,11,2024·2026,"기준선 비교: 2026 유지 0.0점, 2024·2026 가중평균 0.0점, 선택 모델(완화 추세+표본 축소) 0.0점. 지역 변화 +0.0점을 표본가중치 0.48로 같은 병해충·작물의 지역 중앙 변화 +0.0점 방향에 축소하고, 1년 연장 변화는 ±20점으로 제한했습니다. 양년 자료 있음, 공통 조사단위 5개, 유효 관측 11건, 결측률 0.0%, 단위별 변화 변동성 0.0점. 비교는 가능하지만 표본 또는 변동성에 불확실성이 남습니다. 2024·2026 두 개 연도의 NCPMS 예찰자료만 사용한 상대 위험 전망으로, 기상·재배면적·방제 변화와 2027년 실제 발생을 확정하지 않습니다.",관찰
양파,고자리파리,해충,경상북도,12,0,0,유지,보통,11,2024·2026,"기준선 비교: 2026 유지 0.0점, 2024·2026 가중평균 4.2점, 선택 모델(완화 추세+표본 축소) 0.0점. 지역 변화 -11.9점을 표본가중치 0.48로 같은 병해충·작물의 지역 중앙 변화 +0.0점 방향에 축소하고, 1년 연장 변화는 ±20점으로 제한했습니다. 양년 자료 있음, 공통 조사단위 5개, 유효 관측 11건, 결측률 0.0%, 단위별 변화 변동성 4.0점. 비교는 가능하지만 표본 또는 변동성에 불확실성이 남습니다. 2024·2026 두 개 연도의 NCPMS 예찰자료만 사용한 상대 위험 전망으로, 기상·재배면적·방제 변화와 2027년 실제 발생을 확정하지 않습니다.",관찰
양파,고자리파리,해충,대구광역시,33,0,0,유지,보통,11,2024·2026,"기준선 비교: 2026 유지 0.0점, 2024·2026 가중평균 11.7점, 선택 모델(완화 추세+표본 축소) 0.0점. 지역 변화 -33.3점을 표본가중치 0.48로 같은 병해충·작물의 지역 중앙 변화 +0.0점 방향에 축소하고, 1년 연장 변화는 ±20점으로 제한했습니다. 양년 자료 있음, 공통 조사단위 5개, 유효 관측 11건, 결측률 0.0%, 단위별 변화 변동성 40.0점. 비교는 가능하지만 표본 또는 변동성에 불확실성이 남습니다. 2024·2026 두 개 연도의 NCPMS 예찰자료만 사용한 상대 위험 전망으로, 기상·재배면적·방제 변화와 2027년 실제 발생을 확정하지 않습니다.",관찰
양파,고자리파리,해충,전남광주통합특별시,10,20,22,유지,보통,11,2024·2026,"기준선 비교: 2026 유지 20.0점, 2024·2026 가중평균 16.6점, 선택 모델(완화 추세+표본 축소) 21.6점. 지역 변화 +9.7점을 표본가중치 0.48로 같은 병해충·작물의 지역 중앙 변화 +0.0점 방향에 축소하고, 1년 연장 변화는 ±20점으로 제한했습니다. 양년 자료 있음, 공통 조사단위 5개, 유효 관측 11건, 결측률 0.0%, 단위별 변화 변동성 39.0점. 비교는 가능하지만 표본 또는 변동성에 불확실성이 남습니다. 2024·2026 두 개 연도의 NCPMS 예찰자료만 사용한 상대 위험 전망으로, 기상·재배면적·방제 변화와 2027년 실제 발생을 확정하지 않습니다.",관찰
양파,고자리파리,해충,전북특별자치도,0,0,0,유지,보통,11,2024·2026,"기준선 비교: 2026 유지 0.0점, 2024·2026 가중평균 0.0점, 선택 모델(완화 추세+표본 축소) 0.0점. 지역 변화 +0.0점을 표본가중치 0.48로 같은 병해충·작물의 지역 중앙 변화 +0.0점 방향에 축소하고, 1년 연장 변화는 ±20점으로 제한했습니다. 양년 자료 있음, 공통 조사단위 5개, 유효 관측 11건, 결측률 0.0%, 단위별 변화 변동성 0.0점. 비교는 가능하지만 표본 또는 변동성에 불확실성이 남습니다. 2024·2026 두 개 연도의 NCPMS 예찰자료만 사용한 상대 위험 전망으로, 기상·재배면적·방제 변화와 2027년 실제 발생을 확정하지 않습니다.",관찰
사과,과심곰팡이,기타,강원특별자치도,0,,,전망자료 부족,낮음,3,2024,"양년 자료 없음, 공통 조사단위 0개, 유효 관측 3건, 결측률 0.0%, 단위별 변화 변동성 100.0점. 제한된 비교 단위 또는 변동성 때문에 보수적으로 낮게 평가합니다. 2024·2026 두 개 연도의 NCPMS 예찰자료만 사용한 상대 위험 전망으로, 기상·재배면적·방제 변화와 2027년 실제 발생을 확정하지 않습니다.",전망자료 부족
사과,과심곰팡이,기타,경기도,0,,,전망자료 부족,낮음,3,2024,"양년 자료 없음, 공통 조사단위 0개, 유효 관측 3건, 결측률 0.0%, 단위별 변화 변동성 100.0점. 제한된 비교 단위 또는 변동성 때문에 보수적으로 낮게 평가합니다. 2024·2026 두 개 연도의 NCPMS 예찰자료만 사용한 상대 위험 전망으로, 기상·재배면적·방제 변화와 2027년 실제 발생을 확정하지 않습니다.",전망자료 부족
사과,과심곰팡이,기타,경상남도,0,,,전망자료 부족,낮음,3,2024,"양년 자료 없음, 공통 조사단위 0개, 유효 관측 3건, 결측률 0.0%, 단위별 변화 변동성 100.0점. 제한된 비교 단위 또는 변동성 때문에 보수적으로 낮게 평가합니다. 2024·2026 두 개 연도의 NCPMS 예찰자료만 사용한 상대 위험 전망으로, 기상·재배면적·방제 변화와 2027년 실제 발생을 확정하지 않습니다.",전망자료 부족
사과,과심곰팡이,기타,경상북도,29,,,전망자료 부족,낮음,3,2024,"양년 자료 없음, 공통 조사단위 0개, 유효 관측 3건, 결측률 0.0%, 단위별 변화 변동성 100.0점. 제한된 비교 단위 또는 변동성 때문에 보수적으로 낮게 평가합니다. 2024·2026 두 개 연도의 NCPMS 예찰자료만 사용한 상대 위험 전망으로, 기상·재배면적·방제 변화와 2027년 실제 발생을 확정하지 않습니다.",전망자료 부족
사과,과심곰팡이,기타,대구광역시,0,,,전망자료 부족,낮음,3,2024,"양년 자료 없음, 공통 조사단위 0개, 유효 관측 3건, 결측률 0.0%, 단위별 변화 변동성 100.0점. 제한된 비교 단위 또는 변동성 때문에 보수적으로 낮게 평가합니다. 2024·2026 두 개 연도의 NCPMS 예찰자료만 사용한 상대 위험 전망으로, 기상·재배면적·방제 변화와 2027년 실제 발생을 확정하지 않습니다.",전망자료 부족
사과,과심곰팡이,기타,전남광주통합특별시,0,,,전망자료 부족,낮음,3,2024,"양년 자료 없음, 공통 조사단위 0개, 유효 관측 3건, 결측률 0.0%, 단위별 변화 변동성 100.0점. 제한된 비교 단위 또는 변동성 때문에 보수적으로 낮게 평가합니다. 2024·2026 두 개 연도의 NCPMS 예찰자료만 사용한 상대 위험 전망으로, 기상·재배면적·방제 변화와 2027년 실제 발생을 확정하지 않습니다.",전망자료 부족
사과,과심곰팡이,기타,전북특별자치도,0,,,전망자료 부족,낮음,3,2024,"양년 자료 없음, 공통 조사단위 0개, 유효 관측 3건, 결측률 0.0%, 단위별 변화 변동성 100.0점. 제한된 비교 단위 또는 변동성 때문에 보수적으로 낮게 평가합니다. 2024·2026 두 개 연도의 NCPMS 예찰자료만 사용한 상대 위험 전망으로, 기상·재배면적·방제 변화와 2027년 실제 발생을 확정하지 않습니다.",전망자료 부족
사과,과심곰팡이,기타,충청남도,0,,,전망자료 부족,낮음,3,2024,"양년 자료 없음, 공통 조사단위 0개, 유효 관측 3건, 결측률 0.0%, 단위별 변화 변동성 100.0점. 제한된 비교 단위 또는 변동성 때문에 보수적으로 낮게 평가합니다. 2024·2026 두 개 연도의 NCPMS 예찰자료만 사용한 상대 위험 전망으로, 기상·재배면적·방제 변화와 2027년 실제 발생을 확정하지 않습니다.",전망자료 부족
사과,과심곰팡이,기타,충청북도,100,,,전망자료 부족,낮음,3,2024,"양년 자료 없음, 공통 조사단위 0개, 유효 관측 3건, 결측률 0.0%, 단위별 변화 변동성 100.0점. 제한된 비교 단위 또는 변동성 때문에 보수적으로 낮게 평가합니다. 2024·2026 두 개 연도의 NCPMS 예찰자료만 사용한 상대 위험 전망으로, 기상·재배면적·방제 변화와 2027년 실제 발생을 확정하지 않습니다.",전망자료 부족
배,과피얼룩병,기타,강원특별자치도,0,,,전망자료 부족,낮음,2,2024,"양년 자료 없음, 공통 조사단위 0개, 유효 관측 2건, 결측률 0.0%, 단위별 변화 변동성 100.0점. 제한된 비교 단위 또는 변동성 때문에 보수적으로 낮게 평가합니다. 2024·2026 두 개 연도의 NCPMS 예찰자료만 사용한 상대 위험 전망으로, 기상·재배면적·방제 변화와 2027년 실제 발생을 확정하지 않습니다.",전망자료 부족
배,과피얼룩병,기타,경기도,0,,,전망자료 부족,낮음,4,2024,"양년 자료 없음, 공통 조사단위 0개, 유효 관측 4건, 결측률 0.0%, 단위별 변화 변동성 100.0점. 제한된 비교 단위 또는 변동성 때문에 보수적으로 낮게 평가합니다. 2024·2026 두 개 연도의 NCPMS 예찰자료만 사용한 상대 위험 전망으로, 기상·재배면적·방제 변화와 2027년 실제 발생을 확정하지 않습니다.",전망자료 부족
배,과피얼룩병,기타,경상남도,25,,,전망자료 부족,낮음,4,2024,"양년 자료 없음, 공통 조사단위 0개, 유효 관측 4건, 결측률 0.0%, 단위별 변화 변동성 100.0점. 제한된 비교 단위 또는 변동성 때문에 보수적으로 낮게 평가합니다. 2024·2026 두 개 연도의 NCPMS 예찰자료만 사용한 상대 위험 전망으로, 기상·재배면적·방제 변화와 2027년 실제 발생을 확정하지 않습니다.",전망자료 부족
배,과피얼룩병,기타,경상북도,0,,,전망자료 부족,낮음,4,2024,"양년 자료 없음, 공통 조사단위 0개, 유효 관측 4건, 결측률 0.0%, 단위별 변화 변동성 100.0점. 제한된 비교 단위 또는 변동성 때문에 보수적으로 낮게 평가합니다. 2024·2026 두 개 연도의 NCPMS 예찰자료만 사용한 상대 위험 전망으로, 기상·재배면적·방제 변화와 2027년 실제 발생을 확정하지 않습니다.",전망자료 부족
배,과피얼룩병,기타,세종특별자치시,0,,,전망자료 부족,낮음,4,2024,"양년 자료 없음, 공통 조사단위 0개, 유효 관측 4건, 결측률 0.0%, 단위별 변화 변동성 100.0점. 제한된 비교 단위 또는 변동성 때문에 보수적으로 낮게 평가합니다. 2024·2026 두 개 연도의 NCPMS 예찰자료만 사용한 상대 위험 전망으로, 기상·재배면적·방제 변화와 2027년 실제 발생을 확정하지 않습니다.",전망자료 부족
배,과피얼룩병,기타,울산광역시,0,,,전망자료 부족,낮음,4,2024,"양년 자료 없음, 공통 조사단위 0개, 유효 관측 4건, 결측률 0.0%, 단위별 변화 변동성 100.0점. 제한된 비교 단위 또는 변동성 때문에 보수적으로 낮게 평가합니다. 2024·2026 두 개 연도의 NCPMS 예찰자료만 사용한 상대 위험 전망으로, 기상·재배면적·방제 변화와 2027년 실제 발생을 확정하지 않습니다.",전망자료 부족
배,과피얼룩병,기타,전남광주통합특별시,0,,,전망자료 부족,낮음,4,2024,"양년 자료 없음, 공통 조사단위 0개, 유효 관측 4건, 결측률 0.0%, 단위별 변화 변동성 100.0점. 제한된 비교 단위 또는 변동성 때문에 보수적으로 낮게 평가합니다. 2024·2026 두 개 연도의 NCPMS 예찰자료만 사용한 상대 위험 전망으로, 기상·재배면적·방제 변화와 2027년 실제 발생을 확정하지 않습니다.",전망자료 부족
배,과피얼룩병,기타,충청남도,0,,,전망자료 부족,낮음,4,2024,"양년 자료 없음, 공통 조사단위 0개, 유효 관측 4건, 결측률 0.0%, 단위별 변화 변동성 100.0점. 제한된 비교 단위 또는 변동성 때문에 보수적으로 낮게 평가합니다. 2024·2026 두 개 연도의 NCPMS 예찰자료만 사용한 상대 위험 전망으로, 기상·재배면적·방제 변화와 2027년 실제 발생을 확정하지 않습니다.",전망자료 부족
배,과피얼룩병,기타,충청북도,0,,,전망자료 부족,낮음,4,2024,"양년 자료 없음, 공통 조사단위 0개, 유효 관측 4건, 결측률 0.0%, 단위별 변화 변동성 100.0점. 제한된 비교 단위 또는 변동성 때문에 보수적으로 낮게 평가합니다. 2024·2026 두 개 연도의 NCPMS 예찰자료만 사용한 상대 위험 전망으로, 기상·재배면적·방제 변화와 2027년 실제 발생을 확정하지 않습니다.",전망자료 부족
감귤,궤양병,병해,제주특별자치도,,47,,전망자료 부족,낮음,7,2026,"양년 자료 없음, 공통 조사단위 0개, 유효 관측 7건, 결측률 0.0%, 단위별 변화 변동성 100.0점. 제한된 비교 단위 또는 변동성 때문에 보수적으로 낮게 평가합니다. 2024·2026 두 개 연도의 NCPMS 예찰자료만 사용한 상대 위험 전망으로, 기상·재배면적·방제 변화와 2027년 실제 발생을 확정하지 않습니다.",전망자료 부족
감귤,귤굴나방,해충,제주특별자치도,,25,,전망자료 부족,낮음,7,2026,"양년 자료 없음, 공통 조사단위 0개, 유효 관측 7건, 결측률 0.0%, 단위별 변화 변동성 100.0점. 제한된 비교 단위 또는 변동성 때문에 보수적으로 낮게 평가합니다. 2024·2026 두 개 연도의 NCPMS 예찰자료만 사용한 상대 위험 전망으로, 기상·재배면적·방제 변화와 2027년 실제 발생을 확정하지 않습니다.",전망자료 부족
감귤,귤응애,해충,제주특별자치도,,25,,전망자료 부족,낮음,7,2026,"양년 자료 없음, 공통 조사단위 0개, 유효 관측 7건, 결측률 0.0%, 단위별 변화 변동성 100.0점. 제한된 비교 단위 또는 변동성 때문에 보수적으로 낮게 평가합니다. 2024·2026 두 개 연도의 NCPMS 예찰자료만 사용한 상대 위험 전망으로, 기상·재배면적·방제 변화와 2027년 실제 발생을 확정하지 않습니다.",전망자료 부족
사과,그을음병,기타,강원특별자치도,0,,,전망자료 부족,낮음,3,2024,"양년 자료 없음, 공통 조사단위 0개, 유효 관측 3건, 결측률 0.0%, 단위별 변화 변동성 100.0점. 제한된 비교 단위 또는 변동성 때문에 보수적으로 낮게 평가합니다. 2024·2026 두 개 연도의 NCPMS 예찰자료만 사용한 상대 위험 전망으로, 기상·재배면적·방제 변화와 2027년 실제 발생을 확정하지 않습니다.",전망자료 부족
사과,그을음병,기타,경기도,0,,,전망자료 부족,낮음,3,2024,"양년 자료 없음, 공통 조사단위 0개, 유효 관측 3건, 결측률 0.0%, 단위별 변화 변동성 100.0점. 제한된 비교 단위 또는 변동성 때문에 보수적으로 낮게 평가합니다. 2024·2026 두 개 연도의 NCPMS 예찰자료만 사용한 상대 위험 전망으로, 기상·재배면적·방제 변화와 2027년 실제 발생을 확정하지 않습니다.",전망자료 부족
사과,그을음병,기타,경상남도,0,,,전망자료 부족,낮음,3,2024,"양년 자료 없음, 공통 조사단위 0개, 유효 관측 3건, 결측률 0.0%, 단위별 변화 변동성 100.0점. 제한된 비교 단위 또는 변동성 때문에 보수적으로 낮게 평가합니다. 2024·2026 두 개 연도의 NCPMS 예찰자료만 사용한 상대 위험 전망으로, 기상·재배면적·방제 변화와 2027년 실제 발생을 확정하지 않습니다.",전망자료 부족
사과,그을음병,기타,경상북도,0,,,전망자료 부족,낮음,3,2024,"양년 자료 없음, 공통 조사단위 0개, 유효 관측 3건, 결측률 0.0%, 단위별 변화 변동성 100.0점. 제한된 비교 단위 또는 변동성 때문에 보수적으로 낮게 평가합니다. 2024·2026 두 개 연도의 NCPMS 예찰자료만 사용한 상대 위험 전망으로, 기상·재배면적·방제 변화와 2027년 실제 발생을 확정하지 않습니다.",전망자료 부족
사과,그을음병,기타,대구광역시,0,,,전망자료 부족,낮음,3,2024,"양년 자료 없음, 공통 조사단위 0개, 유효 관측 3건, 결측률 0.0%, 단위별 변화 변동성 100.0점. 제한된 비교 단위 또는 변동성 때문에 보수적으로 낮게 평가합니다. 2024·2026 두 개 연도의 NCPMS 예찰자료만 사용한 상대 위험 전망으로, 기상·재배면적·방제 변화와 2027년 실제 발생을 확정하지 않습니다.",전망자료 부족
사과,그을음병,기타,전남광주통합특별시,0,,,전망자료 부족,낮음,3,2024,"양년 자료 없음, 공통 조사단위 0개, 유효 관측 3건, 결측률 0.0%, 단위별 변화 변동성 100.0점. 제한된 비교 단위 또는 변동성 때문에 보수적으로 낮게 평가합니다. 2024·2026 두 개 연도의 NCPMS 예찰자료만 사용한 상대 위험 전망으로, 기상·재배면적·방제 변화와 2027년 실제 발생을 확정하지 않습니다.",전망자료 부족
사과,그을음병,기타,전북특별자치도,0,,,전망자료 부족,낮음,3,2024,"양년 자료 없음, 공통 조사단위 0개, 유효 관측 3건, 결측률 0.0%, 단위별 변화 변동성 100.0점. 제한된 비교 단위 또는 변동성 때문에 보수적으로 낮게 평가합니다. 2024·2026 두 개 연도의 NCPMS 예찰자료만 사용한 상대 위험 전망으로, 기상·재배면적·방제 변화와 2027년 실제 발생을 확정하지 않습니다.",전망자료 부족
사과,그을음병,기타,충청남도,0,,,전망자료 부족,낮음,3,2024,"양년 자료 없음, 공통 조사단위 0개, 유효 관측 3건, 결측률 0.0%, 단위별 변화 변동성 100.0점. 제한된 비교 단위 또는 변동성 때문에 보수적으로 낮게 평가합니다. 2024·2026 두 개 연도의 NCPMS 예찰자료만 사용한 상대 위험 전망으로, 기상·재배면적·방제 변화와 2027년 실제 발생을 확정하지 않습니다.",전망자료 부족
사과,그을음병,기타,충청북도,0,,,전망자료 부족,낮음,3,2024,"양년 자료 없음, 공통 조사단위 0개, 유효 관측 3건, 결측률 0.0%, 단위별 변화 변동성 100.0점. 제한된 비교 단위 또는 변동성 때문에 보수적으로 낮게 평가합니다. 2024·2026 두 개 연도의 NCPMS 예찰자료만 사용한 상대 위험 전망으로, 기상·재배면적·방제 변화와 2027년 실제 발생을 확정하지 않습니다.",전망자료 부족
감귤,깍지벌레,해충,제주특별자치도,,32,,전망자료 부족,낮음,7,2026,"양년 자료 없음, 공통 조사단위 0개, 유효 관측 7건, 결측률 0.0%, 단위별 변화 변동성 100.0점. 제한된 비교 단위 또는 변동성 때문에 보수적으로 낮게 평가합니다. 2024·2026 두 개 연도의 NCPMS 예찰자료만 사용한 상대 위험 전망으로, 기상·재배면적·방제 변화와 2027년 실제 발생을 확정하지 않습니다.",전망자료 부족
감,깍지벌레류,해충,경상남도,,31,,전망자료 부족,낮음,7,2026,"양년 자료 없음, 공통 조사단위 0개, 유효 관측 7건, 결측률 0.0%, 단위별 변화 변동성 100.0점. 제한된 비교 단위 또는 변동성 때문에 보수적으로 낮게 평가합니다. 2024·2026 두 개 연도의 NCPMS 예찰자료만 사용한 상대 위험 전망으로, 기상·재배면적·방제 변화와 2027년 실제 발생을 확정하지 않습니다.",전망자료 부족
감,깍지벌레류,해충,경상북도,,41,,전망자료 부족,낮음,7,2026,"양년 자료 없음, 공통 조사단위 0개, 유효 관측 7건, 결측률 0.0%, 단위별 변화 변동성 100.0점. 제한된 비교 단위 또는 변동성 때문에 보수적으로 낮게 평가합니다. 2024·2026 두 개 연도의 NCPMS 예찰자료만 사용한 상대 위험 전망으로, 기상·재배면적·방제 변화와 2027년 실제 발생을 확정하지 않습니다.",전망자료 부족
감,깍지벌레류,해충,울산광역시,,34,,전망자료 부족,낮음,6,2026,"양년 자료 없음, 공통 조사단위 0개, 유효 관측 6건, 결측률 0.0%, 단위별 변화 변동성 100.0점. 제한된 비교 단위 또는 변동성 때문에 보수적으로 낮게 평가합니다. 2024·2026 두 개 연도의 NCPMS 예찰자료만 사용한 상대 위험 전망으로, 기상·재배면적·방제 변화와 2027년 실제 발생을 확정하지 않습니다.",전망자료 부족
감,깍지벌레류,해충,전남광주통합특별시,,22,,전망자료 부족,낮음,7,2026,"양년 자료 없음, 공통 조사단위 0개, 유효 관측 7건, 결측률 0.0%, 단위별 변화 변동성 100.0점. 제한된 비교 단위 또는 변동성 때문에 보수적으로 낮게 평가합니다. 2024·2026 두 개 연도의 NCPMS 예찰자료만 사용한 상대 위험 전망으로, 기상·재배면적·방제 변화와 2027년 실제 발생을 확정하지 않습니다.",전망자료 부족
배,깍지벌레류,해충,강원특별자치도,0,0,0,유지,낮음,10,2024·2026,"기준선 비교: 2026 유지 0.0점, 2024·2026 가중평균 0.0점, 선택 모델(완화 추세+표본 축소) 0.0점. 지역 변화 +0.0점을 표본가중치 0.45로 같은 병해충·작물의 지역 중앙 변화 +0.0점 방향에 축소하고, 1년 연장 변화는 ±20점으로 제한했습니다. 양년 자료 있음, 공통 조사단위 1개, 유효 관측 10건, 결측률 0.0%, 단위별 변화 변동성 0.0점. 제한된 비교 단위 또는 변동성 때문에 보수적으로 낮게 평가합니다. 2024·2026 두 개 연도의 NCPMS 예찰자료만 사용한 상대 위험 전망으로, 기상·재배면적·방제 변화와 2027년 실제 발생을 확정하지 않습니다.",관찰
배,깍지벌레류,해충,경기도,0,0,0,유지,보통,15,2024·2026,"기준선 비교: 2026 유지 0.1점, 2024·2026 가중평균 0.1점, 선택 모델(완화 추세+표본 축소) 0.1점. 지역 변화 +0.1점을 표본가중치 0.56로 같은 병해충·작물의 지역 중앙 변화 +0.0점 방향에 축소하고, 1년 연장 변화는 ±20점으로 제한했습니다. 양년 자료 있음, 공통 조사단위 4개, 유효 관측 15건, 결측률 0.0%, 단위별 변화 변동성 0.4점. 비교는 가능하지만 표본 또는 변동성에 불확실성이 남습니다. 2024·2026 두 개 연도의 NCPMS 예찰자료만 사용한 상대 위험 전망으로, 기상·재배면적·방제 변화와 2027년 실제 발생을 확정하지 않습니다.",관찰
배,깍지벌레류,해충,경상남도,0,15,18,유지,보통,15,2024·2026,"기준선 비교: 2026 유지 14.9점, 2024·2026 가중평균 9.7점, 선택 모델(완화 추세+표본 축소) 17.8점. 지역 변화 +14.9점을 표본가중치 0.56로 같은 병해충·작물의 지역 중앙 변화 +0.0점 방향에 축소하고, 1년 연장 변화는 ±20점으로 제한했습니다. 양년 자료 있음, 공통 조사단위 4개, 유효 관측 15건, 결측률 0.0%, 단위별 변화 변동성 1.0점. 비교는 가능하지만 표본 또는 변동성에 불확실성이 남습니다. 2024·2026 두 개 연도의 NCPMS 예찰자료만 사용한 상대 위험 전망으로, 기상·재배면적·방제 변화와 2027년 실제 발생을 확정하지 않습니다.",관찰
배,깍지벌레류,해충,경상북도,0,7,9,유지,보통,15,2024·2026,"기준선 비교: 2026 유지 7.4점, 2024·2026 가중평균 4.8점, 선택 모델(완화 추세+표본 축소) 8.9점. 지역 변화 +7.4점을 표본가중치 0.56로 같은 병해충·작물의 지역 중앙 변화 +0.0점 방향에 축소하고, 1년 연장 변화는 ±20점으로 제한했습니다. 양년 자료 있음, 공통 조사단위 4개, 유효 관측 15건, 결측률 0.0%, 단위별 변화 변동성 4.2점. 비교는 가능하지만 표본 또는 변동성에 불확실성이 남습니다. 2024·2026 두 개 연도의 NCPMS 예찰자료만 사용한 상대 위험 전망으로, 기상·재배면적·방제 변화와 2027년 실제 발생을 확정하지 않습니다.",관찰
배,깍지벌레류,해충,세종특별자치시,0,0,0,유지,보통,14,2024·2026,"기준선 비교: 2026 유지 0.0점, 2024·2026 가중평균 0.0점, 선택 모델(완화 추세+표본 축소) 0.0점. 지역 변화 +0.0점을 표본가중치 0.54로 같은 병해충·작물의 지역 중앙 변화 +0.0점 방향에 축소하고, 1년 연장 변화는 ±20점으로 제한했습니다. 양년 자료 있음, 공통 조사단위 4개, 유효 관측 14건, 결측률 0.0%, 단위별 변화 변동성 0.0점. 비교는 가능하지만 표본 또는 변동성에 불확실성이 남습니다. 2024·2026 두 개 연도의 NCPMS 예찰자료만 사용한 상대 위험 전망으로, 기상·재배면적·방제 변화와 2027년 실제 발생을 확정하지 않습니다.",관찰
배,깍지벌레류,해충,울산광역시,25,12,10,유지,낮음,14,2024·2026,"기준선 비교: 2026 유지 12.4점, 2024·2026 가중평균 16.8점, 선택 모델(완화 추세+표본 축소) 10.0점. 지역 변화 -12.6점을 표본가중치 0.54로 같은 병해충·작물의 지역 중앙 변화 +0.0점 방향에 축소하고, 1년 연장 변화는 ±20점으로 제한했습니다. 양년 자료 있음, 공통 조사단위 4개, 유효 관측 14건, 결측률 0.0%, 단위별 변화 변동성 40.2점. 제한된 비교 단위 또는 변동성 때문에 보수적으로 낮게 평가합니다. 2024·2026 두 개 연도의 NCPMS 예찰자료만 사용한 상대 위험 전망으로, 기상·재배면적·방제 변화와 2027년 실제 발생을 확정하지 않습니다.",관찰
배,깍지벌레류,해충,전남광주통합특별시,0,59,70,증가,낮음,15,2024·2026,"기준선 비교: 2026 유지 58.6점, 2024·2026 가중평균 38.1점, 선택 모델(완화 추세+표본 축소) 69.9점. 지역 변화 +58.6점을 표본가중치 0.56로 같은 병해충·작물의 지역 중앙 변화 +0.0점 방향에 축소하고, 1년 연장 변화는 ±20점으로 제한했습니다. 양년 자료 있음, 공통 조사단위 4개, 유효 관측 15건, 결측률 0.0%, 단위별 변화 변동성 50.0점. 제한된 비교 단위 또는 변동성 때문에 보수적으로 낮게 평가합니다. 2024·2026 두 개 연도의 NCPMS 예찰자료만 사용한 상대 위험 전망으로, 기상·재배면적·방제 변화와 2027년 실제 발생을 확정하지 않습니다.",고위험
배,깍지벌레류,해충,전북특별자치도,,4,,전망자료 부족,낮음,7,2026,"양년 자료 없음, 공통 조사단위 0개, 유효 관측 7건, 결측률 0.0%, 단위별 변화 변동성 100.0점. 제한된 비교 단위 또는 변동성 때문에 보수적으로 낮게 평가합니다. 2024·2026 두 개 연도의 NCPMS 예찰자료만 사용한 상대 위험 전망으로, 기상·재배면적·방제 변화와 2027년 실제 발생을 확정하지 않습니다.",전망자료 부족
배,깍지벌레류,해충,충청남도,48,29,25,유지,낮음,15,2024·2026,"기준선 비교: 2026 유지 28.7점, 2024·2026 가중평균 35.3점, 선택 모델(완화 추세+표본 축소) 25.1점. 지역 변화 -18.8점을 표본가중치 0.56로 같은 병해충·작물의 지역 중앙 변화 +0.0점 방향에 축소하고, 1년 연장 변화는 ±20점으로 제한했습니다. 양년 자료 있음, 공통 조사단위 4개, 유효 관측 15건, 결측률 0.0%, 단위별 변화 변동성 50.7점. 제한된 비교 단위 또는 변동성 때문에 보수적으로 낮게 평가합니다. 2024·2026 두 개 연도의 NCPMS 예찰자료만 사용한 상대 위험 전망으로, 기상·재배면적·방제 변화와 2027년 실제 발생을 확정하지 않습니다.",관찰
배,깍지벌레류,해충,충청북도,21,0,0,유지,보통,15,2024·2026,"기준선 비교: 2026 유지 0.0점, 2024·2026 가중평균 7.4점, 선택 모델(완화 추세+표본 축소) 0.0점. 지역 변화 -21.2점을 표본가중치 0.56로 같은 병해충·작물의 지역 중앙 변화 +0.0점 방향에 축소하고, 1년 연장 변화는 ±20점으로 제한했습니다. 양년 자료 있음, 공통 조사단위 4개, 유효 관측 15건, 결측률 0.0%, 단위별 변화 변동성 36.7점. 비교는 가능하지만 표본 또는 변동성에 불확실성이 남습니다. 2024·2026 두 개 연도의 NCPMS 예찰자료만 사용한 상대 위험 전망으로, 기상·재배면적·방제 변화와 2027년 실제 발생을 확정하지 않습니다.",관찰
보리,깜부기병,병해,경상남도,,42,,전망자료 부족,낮음,6,2026,"양년 자료 없음, 공통 조사단위 0개, 유효 관측 6건, 결측률 0.0%, 단위별 변화 변동성 100.0점. 제한된 비교 단위 또는 변동성 때문에 보수적으로 낮게 평가합니다. 2024·2026 두 개 연도의 NCPMS 예찰자료만 사용한 상대 위험 전망으로, 기상·재배면적·방제 변화와 2027년 실제 발생을 확정하지 않습니다.",전망자료 부족
보리,깜부기병,병해,경상북도,,10,,전망자료 부족,낮음,6,2026,"양년 자료 없음, 공통 조사단위 0개, 유효 관측 6건, 결측률 0.0%, 단위별 변화 변동성 100.0점. 제한된 비교 단위 또는 변동성 때문에 보수적으로 낮게 평가합니다. 2024·2026 두 개 연도의 NCPMS 예찰자료만 사용한 상대 위험 전망으로, 기상·재배면적·방제 변화와 2027년 실제 발생을 확정하지 않습니다.",전망자료 부족
보리,깜부기병,병해,전남광주통합특별시,,9,,전망자료 부족,낮음,6,2026,"양년 자료 없음, 공통 조사단위 0개, 유효 관측 6건, 결측률 0.0%, 단위별 변화 변동성 100.0점. 제한된 비교 단위 또는 변동성 때문에 보수적으로 낮게 평가합니다. 2024·2026 두 개 연도의 NCPMS 예찰자료만 사용한 상대 위험 전망으로, 기상·재배면적·방제 변화와 2027년 실제 발생을 확정하지 않습니다.",전망자료 부족
보리,깜부기병,병해,전북특별자치도,,28,,전망자료 부족,낮음,6,2026,"양년 자료 없음, 공통 조사단위 0개, 유효 관측 6건, 결측률 0.0%, 단위별 변화 변동성 100.0점. 제한된 비교 단위 또는 변동성 때문에 보수적으로 낮게 평가합니다. 2024·2026 두 개 연도의 NCPMS 예찰자료만 사용한 상대 위험 전망으로, 기상·재배면적·방제 변화와 2027년 실제 발생을 확정하지 않습니다.",전망자료 부족
보리,깜부기병,병해,충청남도,,2,,전망자료 부족,낮음,6,2026,"양년 자료 없음, 공통 조사단위 0개, 유효 관측 6건, 결측률 0.0%, 단위별 변화 변동성 100.0점. 제한된 비교 단위 또는 변동성 때문에 보수적으로 낮게 평가합니다. 2024·2026 두 개 연도의 NCPMS 예찰자료만 사용한 상대 위험 전망으로, 기상·재배면적·방제 변화와 2027년 실제 발생을 확정하지 않습니다.",전망자료 부족
보리,깜부기병,병해,충청북도,,17,,전망자료 부족,낮음,6,2026,"양년 자료 없음, 공통 조사단위 0개, 유효 관측 6건, 결측률 0.0%, 단위별 변화 변동성 100.0점. 제한된 비교 단위 또는 변동성 때문에 보수적으로 낮게 평가합니다. 2024·2026 두 개 연도의 NCPMS 예찰자료만 사용한 상대 위험 전망으로, 기상·재배면적·방제 변화와 2027년 실제 발생을 확정하지 않습니다.",전망자료 부족
논벼,깨씨무늬병,병해,강원특별자치도,0,14,17,유지,보통,32,2024·2026,"기준선 비교: 2026 유지 13.6점, 2024·2026 가중평균 8.9점, 선택 모델(완화 추세+표본 축소) 17.1점. 지역 변화 +13.6점을 표본가중치 0.73로 같은 병해충·작물의 지역 중앙 변화 +0.0점 방향에 축소하고, 1년 연장 변화는 ±20점으로 제한했습니다. 양년 자료 있음, 공통 조사단위 2개, 유효 관측 32건, 결측률 0.0%, 단위별 변화 변동성 0.0점. 비교는 가능하지만 표본 또는 변동성에 불확실성이 남습니다. 2024·2026 두 개 연도의 NCPMS 예찰자료만 사용한 상대 위험 전망으로, 기상·재배면적·방제 변화와 2027년 실제 발생을 확정하지 않습니다.",관찰
논벼,깨씨무늬병,병해,경기도,0,1,2,유지,보통,36,2024·2026,"기준선 비교: 2026 유지 1.4점, 2024·2026 가중평균 0.9점, 선택 모델(완화 추세+표본 축소) 1.7점. 지역 변화 +1.4점을 표본가중치 0.75로 같은 병해충·작물의 지역 중앙 변화 +0.0점 방향에 축소하고, 1년 연장 변화는 ±20점으로 제한했습니다. 양년 자료 있음, 공통 조사단위 2개, 유효 관측 36건, 결측률 0.0%, 단위별 변화 변동성 0.0점. 비교는 가능하지만 표본 또는 변동성에 불확실성이 남습니다. 2024·2026 두 개 연도의 NCPMS 예찰자료만 사용한 상대 위험 전망으로, 기상·재배면적·방제 변화와 2027년 실제 발생을 확정하지 않습니다.",관찰
논벼,깨씨무늬병,병해,경상남도,0,12,16,유지,보통,32,2024·2026,"기준선 비교: 2026 유지 12.5점, 2024·2026 가중평균 8.1점, 선택 모델(완화 추세+표본 축소) 15.7점. 지역 변화 +12.5점을 표본가중치 0.73로 같은 병해충·작물의 지역 중앙 변화 +0.0점 방향에 축소하고, 1년 연장 변화는 ±20점으로 제한했습니다. 양년 자료 있음, 공통 조사단위 2개, 유효 관측 32건, 결측률 0.0%, 단위별 변화 변동성 0.0점. 비교는 가능하지만 표본 또는 변동성에 불확실성이 남습니다. 2024·2026 두 개 연도의 NCPMS 예찰자료만 사용한 상대 위험 전망으로, 기상·재배면적·방제 변화와 2027년 실제 발생을 확정하지 않습니다.",관찰
논벼,깨씨무늬병,병해,경상북도,0,0,0,유지,보통,32,2024·2026,"기준선 비교: 2026 유지 0.0점, 2024·2026 가중평균 0.0점, 선택 모델(완화 추세+표본 축소) 0.0점. 지역 변화 +0.0점을 표본가중치 0.73로 같은 병해충·작물의 지역 중앙 변화 +0.0점 방향에 축소하고, 1년 연장 변화는 ±20점으로 제한했습니다. 양년 자료 있음, 공통 조사단위 2개, 유효 관측 32건, 결측률 0.0%, 단위별 변화 변동성 0.0점. 비교는 가능하지만 표본 또는 변동성에 불확실성이 남습니다. 2024·2026 두 개 연도의 NCPMS 예찰자료만 사용한 상대 위험 전망으로, 기상·재배면적·방제 변화와 2027년 실제 발생을 확정하지 않습니다.",관찰
논벼,깨씨무늬병,병해,대구광역시,0,0,0,유지,보통,32,2024·2026,"기준선 비교: 2026 유지 0.0점, 2024·2026 가중평균 0.0점, 선택 모델(완화 추세+표본 축소) 0.0점. 지역 변화 +0.0점을 표본가중치 0.73로 같은 병해충·작물의 지역 중앙 변화 +0.0점 방향에 축소하고, 1년 연장 변화는 ±20점으로 제한했습니다. 양년 자료 있음, 공통 조사단위 2개, 유효 관측 32건, 결측률 0.0%, 단위별 변화 변동성 0.0점. 비교는 가능하지만 표본 또는 변동성에 불확실성이 남습니다. 2024·2026 두 개 연도의 NCPMS 예찰자료만 사용한 상대 위험 전망으로, 기상·재배면적·방제 변화와 2027년 실제 발생을 확정하지 않습니다.",관찰
논벼,깨씨무늬병,병해,대전광역시,0,0,0,유지,보통,32,2024·2026,"기준선 비교: 2026 유지 0.0점, 2024·2026 가중평균 0.0점, 선택 모델(완화 추세+표본 축소) 0.0점. 지역 변화 +0.0점을 표본가중치 0.73로 같은 병해충·작물의 지역 중앙 변화 +0.0점 방향에 축소하고, 1년 연장 변화는 ±20점으로 제한했습니다. 양년 자료 있음, 공통 조사단위 2개, 유효 관측 32건, 결측률 0.0%, 단위별 변화 변동성 0.0점. 비교는 가능하지만 표본 또는 변동성에 불확실성이 남습니다. 2024·2026 두 개 연도의 NCPMS 예찰자료만 사용한 상대 위험 전망으로, 기상·재배면적·방제 변화와 2027년 실제 발생을 확정하지 않습니다.",관찰
논벼,깨씨무늬병,병해,부산광역시,0,0,0,유지,보통,32,2024·2026,"기준선 비교: 2026 유지 0.0점, 2024·2026 가중평균 0.0점, 선택 모델(완화 추세+표본 축소) 0.0점. 지역 변화 +0.0점을 표본가중치 0.73로 같은 병해충·작물의 지역 중앙 변화 +0.0점 방향에 축소하고, 1년 연장 변화는 ±20점으로 제한했습니다. 양년 자료 있음, 공통 조사단위 2개, 유효 관측 32건, 결측률 0.0%, 단위별 변화 변동성 0.0점. 비교는 가능하지만 표본 또는 변동성에 불확실성이 남습니다. 2024·2026 두 개 연도의 NCPMS 예찰자료만 사용한 상대 위험 전망으로, 기상·재배면적·방제 변화와 2027년 실제 발생을 확정하지 않습니다.",관찰
논벼,깨씨무늬병,병해,세종특별자치시,0,0,0,유지,보통,28,2024·2026,"기준선 비교: 2026 유지 0.0점, 2024·2026 가중평균 0.0점, 선택 모델(완화 추세+표본 축소) 0.0점. 지역 변화 +0.0점을 표본가중치 0.70로 같은 병해충·작물의 지역 중앙 변화 +0.0점 방향에 축소하고, 1년 연장 변화는 ±20점으로 제한했습니다. 양년 자료 있음, 공통 조사단위 2개, 유효 관측 28건, 결측률 0.0%, 단위별 변화 변동성 0.0점. 비교는 가능하지만 표본 또는 변동성에 불확실성이 남습니다. 2024·2026 두 개 연도의 NCPMS 예찰자료만 사용한 상대 위험 전망으로, 기상·재배면적·방제 변화와 2027년 실제 발생을 확정하지 않습니다.",관찰
논벼,깨씨무늬병,병해,울산광역시,0,0,0,유지,보통,32,2024·2026,"기준선 비교: 2026 유지 0.0점, 2024·2026 가중평균 0.0점, 선택 모델(완화 추세+표본 축소) 0.0점. 지역 변화 +0.0점을 표본가중치 0.73로 같은 병해충·작물의 지역 중앙 변화 +0.0점 방향에 축소하고, 1년 연장 변화는 ±20점으로 제한했습니다. 양년 자료 있음, 공통 조사단위 2개, 유효 관측 32건, 결측률 0.0%, 단위별 변화 변동성 0.0점. 비교는 가능하지만 표본 또는 변동성에 불확실성이 남습니다. 2024·2026 두 개 연도의 NCPMS 예찰자료만 사용한 상대 위험 전망으로, 기상·재배면적·방제 변화와 2027년 실제 발생을 확정하지 않습니다.",관찰
논벼,깨씨무늬병,병해,인천광역시,0,17,21,유지,보통,32,2024·2026,"기준선 비교: 2026 유지 16.7점, 2024·2026 가중평균 10.8점, 선택 모델(완화 추세+표본 축소) 20.9점. 지역 변화 +16.7점을 표본가중치 0.73로 같은 병해충·작물의 지역 중앙 변화 +0.0점 방향에 축소하고, 1년 연장 변화는 ±20점으로 제한했습니다. 양년 자료 있음, 공통 조사단위 2개, 유효 관측 32건, 결측률 0.0%, 단위별 변화 변동성 0.0점. 비교는 가능하지만 표본 또는 변동성에 불확실성이 남습니다. 2024·2026 두 개 연도의 NCPMS 예찰자료만 사용한 상대 위험 전망으로, 기상·재배면적·방제 변화와 2027년 실제 발생을 확정하지 않습니다.",관찰
논벼,깨씨무늬병,병해,전남광주통합특별시,0,25,32,증가,보통,32,2024·2026,"기준선 비교: 2026 유지 25.2점, 2024·2026 가중평균 16.4점, 선택 모델(완화 추세+표본 축소) 31.6점. 지역 변화 +25.2점을 표본가중치 0.73로 같은 병해충·작물의 지역 중앙 변화 +0.0점 방향에 축소하고, 1년 연장 변화는 ±20점으로 제한했습니다. 양년 자료 있음, 공통 조사단위 2개, 유효 관측 32건, 결측률 0.0%, 단위별 변화 변동성 0.0점. 비교는 가능하지만 표본 또는 변동성에 불확실성이 남습니다. 2024·2026 두 개 연도의 NCPMS 예찰자료만 사용한 상대 위험 전망으로, 기상·재배면적·방제 변화와 2027년 실제 발생을 확정하지 않습니다.",관찰
논벼,깨씨무늬병,병해,전북특별자치도,0,0,0,유지,보통,32,2024·2026,"기준선 비교: 2026 유지 0.0점, 2024·2026 가중평균 0.0점, 선택 모델(완화 추세+표본 축소) 0.0점. 지역 변화 +0.0점을 표본가중치 0.73로 같은 병해충·작물의 지역 중앙 변화 +0.0점 방향에 축소하고, 1년 연장 변화는 ±20점으로 제한했습니다. 양년 자료 있음, 공통 조사단위 2개, 유효 관측 32건, 결측률 0.0%, 단위별 변화 변동성 0.0점. 비교는 가능하지만 표본 또는 변동성에 불확실성이 남습니다. 2024·2026 두 개 연도의 NCPMS 예찰자료만 사용한 상대 위험 전망으로, 기상·재배면적·방제 변화와 2027년 실제 발생을 확정하지 않습니다.",관찰
논벼,깨씨무늬병,병해,충청남도,0,11,13,유지,보통,32,2024·2026,"기준선 비교: 2026 유지 10.6점, 2024·2026 가중평균 6.9점, 선택 모델(완화 추세+표본 축소) 13.3점. 지역 변화 +10.6점을 표본가중치 0.73로 같은 병해충·작물의 지역 중앙 변화 +0.0점 방향에 축소하고, 1년 연장 변화는 ±20점으로 제한했습니다. 양년 자료 있음, 공통 조사단위 2개, 유효 관측 32건, 결측률 0.0%, 단위별 변화 변동성 9.3점. 비교는 가능하지만 표본 또는 변동성에 불확실성이 남습니다. 2024·2026 두 개 연도의 NCPMS 예찰자료만 사용한 상대 위험 전망으로, 기상·재배면적·방제 변화와 2027년 실제 발생을 확정하지 않습니다.",관찰
논벼,깨씨무늬병,병해,충청북도,0,0,0,유지,보통,36,2024·2026,"기준선 비교: 2026 유지 0.0점, 2024·2026 가중평균 0.0점, 선택 모델(완화 추세+표본 축소) 0.0점. 지역 변화 +0.0점을 표본가중치 0.75로 같은 병해충·작물의 지역 중앙 변화 +0.0점 방향에 축소하고, 1년 연장 변화는 ±20점으로 제한했습니다. 양년 자료 있음, 공통 조사단위 2개, 유효 관측 36건, 결측률 0.0%, 단위별 변화 변동성 0.0점. 비교는 가능하지만 표본 또는 변동성에 불확실성이 남습니다. 2024·2026 두 개 연도의 NCPMS 예찰자료만 사용한 상대 위험 전망으로, 기상·재배면적·방제 변화와 2027년 실제 발생을 확정하지 않습니다.",관찰
배,꼬마배나무이,기타,강원특별자치도,0,,,전망자료 부족,낮음,2,2024,"양년 자료 없음, 공통 조사단위 0개, 유효 관측 2건, 결측률 0.0%, 단위별 변화 변동성 100.0점. 제한된 비교 단위 또는 변동성 때문에 보수적으로 낮게 평가합니다. 2024·2026 두 개 연도의 NCPMS 예찰자료만 사용한 상대 위험 전망으로, 기상·재배면적·방제 변화와 2027년 실제 발생을 확정하지 않습니다.",전망자료 부족
배,꼬마배나무이,기타,경기도,0,,,전망자료 부족,낮음,4,2024,"양년 자료 없음, 공통 조사단위 0개, 유효 관측 4건, 결측률 0.0%, 단위별 변화 변동성 100.0점. 제한된 비교 단위 또는 변동성 때문에 보수적으로 낮게 평가합니다. 2024·2026 두 개 연도의 NCPMS 예찰자료만 사용한 상대 위험 전망으로, 기상·재배면적·방제 변화와 2027년 실제 발생을 확정하지 않습니다.",전망자료 부족
배,꼬마배나무이,기타,경상남도,0,,,전망자료 부족,낮음,4,2024,"양년 자료 없음, 공통 조사단위 0개, 유효 관측 4건, 결측률 0.0%, 단위별 변화 변동성 100.0점. 제한된 비교 단위 또는 변동성 때문에 보수적으로 낮게 평가합니다. 2024·2026 두 개 연도의 NCPMS 예찰자료만 사용한 상대 위험 전망으로, 기상·재배면적·방제 변화와 2027년 실제 발생을 확정하지 않습니다.",전망자료 부족
배,꼬마배나무이,기타,경상북도,0,,,전망자료 부족,낮음,4,2024,"양년 자료 없음, 공통 조사단위 0개, 유효 관측 4건, 결측률 0.0%, 단위별 변화 변동성 100.0점. 제한된 비교 단위 또는 변동성 때문에 보수적으로 낮게 평가합니다. 2024·2026 두 개 연도의 NCPMS 예찰자료만 사용한 상대 위험 전망으로, 기상·재배면적·방제 변화와 2027년 실제 발생을 확정하지 않습니다.",전망자료 부족
배,꼬마배나무이,기타,세종특별자치시,0,,,전망자료 부족,낮음,4,2024,"양년 자료 없음, 공통 조사단위 0개, 유효 관측 4건, 결측률 0.0%, 단위별 변화 변동성 100.0점. 제한된 비교 단위 또는 변동성 때문에 보수적으로 낮게 평가합니다. 2024·2026 두 개 연도의 NCPMS 예찰자료만 사용한 상대 위험 전망으로, 기상·재배면적·방제 변화와 2027년 실제 발생을 확정하지 않습니다.",전망자료 부족
배,꼬마배나무이,기타,울산광역시,0,,,전망자료 부족,낮음,4,2024,"양년 자료 없음, 공통 조사단위 0개, 유효 관측 4건, 결측률 0.0%, 단위별 변화 변동성 100.0점. 제한된 비교 단위 또는 변동성 때문에 보수적으로 낮게 평가합니다. 2024·2026 두 개 연도의 NCPMS 예찰자료만 사용한 상대 위험 전망으로, 기상·재배면적·방제 변화와 2027년 실제 발생을 확정하지 않습니다.",전망자료 부족
배,꼬마배나무이,기타,전남광주통합특별시,0,,,전망자료 부족,낮음,4,2024,"양년 자료 없음, 공통 조사단위 0개, 유효 관측 4건, 결측률 0.0%, 단위별 변화 변동성 100.0점. 제한된 비교 단위 또는 변동성 때문에 보수적으로 낮게 평가합니다. 2024·2026 두 개 연도의 NCPMS 예찰자료만 사용한 상대 위험 전망으로, 기상·재배면적·방제 변화와 2027년 실제 발생을 확정하지 않습니다.",전망자료 부족
배,꼬마배나무이,기타,충청남도,0,,,전망자료 부족,낮음,4,2024,"양년 자료 없음, 공통 조사단위 0개, 유효 관측 4건, 결측률 0.0%, 단위별 변화 변동성 100.0점. 제한된 비교 단위 또는 변동성 때문에 보수적으로 낮게 평가합니다. 2024·2026 두 개 연도의 NCPMS 예찰자료만 사용한 상대 위험 전망으로, 기상·재배면적·방제 변화와 2027년 실제 발생을 확정하지 않습니다.",전망자료 부족
배,꼬마배나무이,기타,충청북도,0,,,전망자료 부족,낮음,4,2024,"양년 자료 없음, 공통 조사단위 0개, 유효 관측 4건, 결측률 0.0%, 단위별 변화 변동성 100.0점. 제한된 비교 단위 또는 변동성 때문에 보수적으로 낮게 평가합니다. 2024·2026 두 개 연도의 NCPMS 예찰자료만 사용한 상대 위험 전망으로, 기상·재배면적·방제 변화와 2027년 실제 발생을 확정하지 않습니다.",전망자료 부족
고추,꽃노랑총채벌레,기타,강원특별자치도,0,,,전망자료 부족,낮음,4,2024,"양년 자료 없음, 공통 조사단위 0개, 유효 관측 4건, 결측률 0.0%, 단위별 변화 변동성 100.0점. 제한된 비교 단위 또는 변동성 때문에 보수적으로 낮게 평가합니다. 2024·2026 두 개 연도의 NCPMS 예찰자료만 사용한 상대 위험 전망으로, 기상·재배면적·방제 변화와 2027년 실제 발생을 확정하지 않습니다.",전망자료 부족
고추,꽃노랑총채벌레,기타,경기도,0,,,전망자료 부족,낮음,4,2024,"양년 자료 없음, 공통 조사단위 0개, 유효 관측 4건, 결측률 0.0%, 단위별 변화 변동성 100.0점. 제한된 비교 단위 또는 변동성 때문에 보수적으로 낮게 평가합니다. 2024·2026 두 개 연도의 NCPMS 예찰자료만 사용한 상대 위험 전망으로, 기상·재배면적·방제 변화와 2027년 실제 발생을 확정하지 않습니다.",전망자료 부족
고추,꽃노랑총채벌레,기타,경상남도,0,,,전망자료 부족,낮음,4,2024,"양년 자료 없음, 공통 조사단위 0개, 유효 관측 4건, 결측률 0.0%, 단위별 변화 변동성 100.0점. 제한된 비교 단위 또는 변동성 때문에 보수적으로 낮게 평가합니다. 2024·2026 두 개 연도의 NCPMS 예찰자료만 사용한 상대 위험 전망으로, 기상·재배면적·방제 변화와 2027년 실제 발생을 확정하지 않습니다.",전망자료 부족
고추,꽃노랑총채벌레,기타,경상북도,11,,,전망자료 부족,낮음,18,2024,"양년 자료 없음, 공통 조사단위 0개, 유효 관측 18건, 결측률 0.0%, 단위별 변화 변동성 100.0점. 제한된 비교 단위 또는 변동성 때문에 보수적으로 낮게 평가합니다. 2024·2026 두 개 연도의 NCPMS 예찰자료만 사용한 상대 위험 전망으로, 기상·재배면적·방제 변화와 2027년 실제 발생을 확정하지 않습니다.",전망자료 부족
고추,꽃노랑총채벌레,기타,대구광역시,0,,,전망자료 부족,낮음,4,2024,"양년 자료 없음, 공통 조사단위 0개, 유효 관측 4건, 결측률 0.0%, 단위별 변화 변동성 100.0점. 제한된 비교 단위 또는 변동성 때문에 보수적으로 낮게 평가합니다. 2024·2026 두 개 연도의 NCPMS 예찰자료만 사용한 상대 위험 전망으로, 기상·재배면적·방제 변화와 2027년 실제 발생을 확정하지 않습니다.",전망자료 부족
고추,꽃노랑총채벌레,기타,전남광주통합특별시,0,,,전망자료 부족,낮음,4,2024,"양년 자료 없음, 공통 조사단위 0개, 유효 관측 4건, 결측률 0.0%, 단위별 변화 변동성 100.0점. 제한된 비교 단위 또는 변동성 때문에 보수적으로 낮게 평가합니다. 2024·2026 두 개 연도의 NCPMS 예찰자료만 사용한 상대 위험 전망으로, 기상·재배면적·방제 변화와 2027년 실제 발생을 확정하지 않습니다.",전망자료 부족
고추,꽃노랑총채벌레,기타,전북특별자치도,0,,,전망자료 부족,낮음,4,2024,"양년 자료 없음, 공통 조사단위 0개, 유효 관측 4건, 결측률 0.0%, 단위별 변화 변동성 100.0점. 제한된 비교 단위 또는 변동성 때문에 보수적으로 낮게 평가합니다. 2024·2026 두 개 연도의 NCPMS 예찰자료만 사용한 상대 위험 전망으로, 기상·재배면적·방제 변화와 2027년 실제 발생을 확정하지 않습니다.",전망자료 부족
고추,꽃노랑총채벌레,기타,충청남도,0,,,전망자료 부족,낮음,6,2024,"양년 자료 없음, 공통 조사단위 0개, 유효 관측 6건, 결측률 0.0%, 단위별 변화 변동성 100.0점. 제한된 비교 단위 또는 변동성 때문에 보수적으로 낮게 평가합니다. 2024·2026 두 개 연도의 NCPMS 예찰자료만 사용한 상대 위험 전망으로, 기상·재배면적·방제 변화와 2027년 실제 발생을 확정하지 않습니다.",전망자료 부족
고추,꽃노랑총채벌레,기타,충청북도,0,,,전망자료 부족,낮음,4,2024,"양년 자료 없음, 공통 조사단위 0개, 유효 관측 4건, 결측률 0.0%, 단위별 변화 변동성 100.0점. 제한된 비교 단위 또는 변동성 때문에 보수적으로 낮게 평가합니다. 2024·2026 두 개 연도의 NCPMS 예찰자료만 사용한 상대 위험 전망으로, 기상·재배면적·방제 변화와 2027년 실제 발생을 확정하지 않습니다.",전망자료 부족
포도,꽃매미,해충,경기도,15,16,17,유지,보통,28,2024·2026,"기준선 비교: 2026 유지 16.3점, 2024·2026 가중평균 15.8점, 선택 모델(완화 추세+표본 축소) 16.7점. 지역 변화 +1.3점을 표본가중치 0.70로 같은 병해충·작물의 지역 중앙 변화 +0.6점 방향에 축소하고, 1년 연장 변화는 ±20점으로 제한했습니다. 양년 자료 있음, 공통 조사단위 5개, 유효 관측 28건, 결측률 0.0%, 단위별 변화 변동성 40.0점. 비교는 가능하지만 표본 또는 변동성에 불확실성이 남습니다. 2024·2026 두 개 연도의 NCPMS 예찰자료만 사용한 상대 위험 전망으로, 기상·재배면적·방제 변화와 2027년 실제 발생을 확정하지 않습니다.",관찰
포도,꽃매미,해충,경상남도,0,0,0,유지,보통,16,2024·2026,"기준선 비교: 2026 유지 0.0점, 2024·2026 가중평균 0.0점, 선택 모델(완화 추세+표본 축소) 0.1점. 지역 변화 +0.0점을 표본가중치 0.57로 같은 병해충·작물의 지역 중앙 변화 +0.6점 방향에 축소하고, 1년 연장 변화는 ±20점으로 제한했습니다. 양년 자료 있음, 공통 조사단위 2개, 유효 관측 16건, 결측률 0.0%, 단위별 변화 변동성 0.0점. 비교는 가능하지만 표본 또는 변동성에 불확실성이 남습니다. 2024·2026 두 개 연도의 NCPMS 예찰자료만 사용한 상대 위험 전망으로, 기상·재배면적·방제 변화와 2027년 실제 발생을 확정하지 않습니다.",관찰
포도,꽃매미,해충,경상북도,0,39,48,증가,보통,28,2024·2026,"기준선 비교: 2026 유지 38.5점, 2024·2026 가중평균 25.0점, 선택 모델(완화 추세+표본 축소) 48.0점. 지역 변화 +38.5점을 표본가중치 0.70로 같은 병해충·작물의 지역 중앙 변화 +0.6점 방향에 축소하고, 1년 연장 변화는 ±20점으로 제한했습니다. 양년 자료 있음, 공통 조사단위 5개, 유효 관측 28건, 결측률 0.0%, 단위별 변화 변동성 20.2점. 비교는 가능하지만 표본 또는 변동성에 불확실성이 남습니다. 2024·2026 두 개 연도의 NCPMS 예찰자료만 사용한 상대 위험 전망으로, 기상·재배면적·방제 변화와 2027년 실제 발생을 확정하지 않습니다.",주의
포도,꽃매미,해충,대전광역시,0,0,0,유지,높음,28,2024·2026,"기준선 비교: 2026 유지 0.0점, 2024·2026 가중평균 0.0점, 선택 모델(완화 추세+표본 축소) 0.1점. 지역 변화 +0.0점을 표본가중치 0.70로 같은 병해충·작물의 지역 중앙 변화 +0.6점 방향에 축소하고, 1년 연장 변화는 ±20점으로 제한했습니다. 양년 자료 있음, 공통 조사단위 5개, 유효 관측 28건, 결측률 0.0%, 단위별 변화 변동성 0.0점. 양년 반복관측·낮은 결측·낮은 변동성 기준을 충족합니다. 2024·2026 두 개 연도의 NCPMS 예찰자료만 사용한 상대 위험 전망으로, 기상·재배면적·방제 변화와 2027년 실제 발생을 확정하지 않습니다.",관찰
포도,꽃매미,해충,전남광주통합특별시,0,12,16,유지,높음,28,2024·2026,"기준선 비교: 2026 유지 12.5점, 2024·2026 가중평균 8.1점, 선택 모델(완화 추세+표본 축소) 15.6점. 지역 변화 +12.5점을 표본가중치 0.70로 같은 병해충·작물의 지역 중앙 변화 +0.6점 방향에 축소하고, 1년 연장 변화는 ±20점으로 제한했습니다. 양년 자료 있음, 공통 조사단위 5개, 유효 관측 28건, 결측률 0.0%, 단위별 변화 변동성 0.0점. 양년 반복관측·낮은 결측·낮은 변동성 기준을 충족합니다. 2024·2026 두 개 연도의 NCPMS 예찰자료만 사용한 상대 위험 전망으로, 기상·재배면적·방제 변화와 2027년 실제 발생을 확정하지 않습니다.",관찰
포도,꽃매미,해충,전북특별자치도,,1,,전망자료 부족,낮음,8,2026,"양년 자료 없음, 공통 조사단위 0개, 유효 관측 8건, 결측률 0.0%, 단위별 변화 변동성 100.0점. 제한된 비교 단위 또는 변동성 때문에 보수적으로 낮게 평가합니다. 2024·2026 두 개 연도의 NCPMS 예찰자료만 사용한 상대 위험 전망으로, 기상·재배면적·방제 변화와 2027년 실제 발생을 확정하지 않습니다.",전망자료 부족
포도,꽃매미,해충,충청남도,,31,,전망자료 부족,낮음,7,2026,"양년 자료 없음, 공통 조사단위 0개, 유효 관측 7건, 결측률 0.0%, 단위별 변화 변동성 100.0점. 제한된 비교 단위 또는 변동성 때문에 보수적으로 낮게 평가합니다. 2024·2026 두 개 연도의 NCPMS 예찰자료만 사용한 상대 위험 전망으로, 기상·재배면적·방제 변화와 2027년 실제 발생을 확정하지 않습니다.",전망자료 부족
포도,꽃매미,해충,충청북도,9,7,7,유지,높음,28,2024·2026,"기준선 비교: 2026 유지 7.2점, 2024·2026 가중평균 7.9점, 선택 모델(완화 추세+표본 축소) 6.7점. 지역 변화 -2.3점을 표본가중치 0.70로 같은 병해충·작물의 지역 중앙 변화 +0.6점 방향에 축소하고, 1년 연장 변화는 ±20점으로 제한했습니다. 양년 자료 있음, 공통 조사단위 5개, 유효 관측 28건, 결측률 0.0%, 단위별 변화 변동성 9.5점. 양년 반복관측·낮은 결측·낮은 변동성 기준을 충족합니다. 2024·2026 두 개 연도의 NCPMS 예찰자료만 사용한 상대 위험 전망으로, 기상·재배면적·방제 변화와 2027년 실제 발생을 확정하지 않습니다.",관찰
논벼,끝동매미충,해충,강원특별자치도,0,0,0,유지,보통,32,2024·2026,"기준선 비교: 2026 유지 0.0점, 2024·2026 가중평균 0.0점, 선택 모델(완화 추세+표본 축소) 0.0점. 지역 변화 +0.0점을 표본가중치 0.73로 같은 병해충·작물의 지역 중앙 변화 +0.0점 방향에 축소하고, 1년 연장 변화는 ±20점으로 제한했습니다. 양년 자료 있음, 공통 조사단위 2개, 유효 관측 32건, 결측률 0.0%, 단위별 변화 변동성 0.0점. 비교는 가능하지만 표본 또는 변동성에 불확실성이 남습니다. 2024·2026 두 개 연도의 NCPMS 예찰자료만 사용한 상대 위험 전망으로, 기상·재배면적·방제 변화와 2027년 실제 발생을 확정하지 않습니다.",관찰
논벼,끝동매미충,해충,경기도,0,1,1,유지,보통,36,2024·2026,"기준선 비교: 2026 유지 0.9점, 2024·2026 가중평균 0.6점, 선택 모델(완화 추세+표본 축소) 1.2점. 지역 변화 +0.9점을 표본가중치 0.75로 같은 병해충·작물의 지역 중앙 변화 +0.0점 방향에 축소하고, 1년 연장 변화는 ±20점으로 제한했습니다. 양년 자료 있음, 공통 조사단위 2개, 유효 관측 36건, 결측률 0.0%, 단위별 변화 변동성 0.0점. 비교는 가능하지만 표본 또는 변동성에 불확실성이 남습니다. 2024·2026 두 개 연도의 NCPMS 예찰자료만 사용한 상대 위험 전망으로, 기상·재배면적·방제 변화와 2027년 실제 발생을 확정하지 않습니다.",관찰
논벼,끝동매미충,해충,경상남도,0,17,21,유지,보통,32,2024·2026,"기준선 비교: 2026 유지 16.9점, 2024·2026 가중평균 11.0점, 선택 모델(완화 추세+표본 축소) 21.2점. 지역 변화 +16.9점을 표본가중치 0.73로 같은 병해충·작물의 지역 중앙 변화 +0.0점 방향에 축소하고, 1년 연장 변화는 ±20점으로 제한했습니다. 양년 자료 있음, 공통 조사단위 2개, 유효 관측 32건, 결측률 0.0%, 단위별 변화 변동성 0.0점. 비교는 가능하지만 표본 또는 변동성에 불확실성이 남습니다. 2024·2026 두 개 연도의 NCPMS 예찰자료만 사용한 상대 위험 전망으로, 기상·재배면적·방제 변화와 2027년 실제 발생을 확정하지 않습니다.",관찰
논벼,끝동매미충,해충,경상북도,0,15,18,유지,보통,32,2024·2026,"기준선 비교: 2026 유지 14.6점, 2024·2026 가중평균 9.5점, 선택 모델(완화 추세+표본 축소) 18.3점. 지역 변화 +14.6점을 표본가중치 0.73로 같은 병해충·작물의 지역 중앙 변화 +0.0점 방향에 축소하고, 1년 연장 변화는 ±20점으로 제한했습니다. 양년 자료 있음, 공통 조사단위 2개, 유효 관측 32건, 결측률 0.0%, 단위별 변화 변동성 0.0점. 비교는 가능하지만 표본 또는 변동성에 불확실성이 남습니다. 2024·2026 두 개 연도의 NCPMS 예찰자료만 사용한 상대 위험 전망으로, 기상·재배면적·방제 변화와 2027년 실제 발생을 확정하지 않습니다.",관찰
논벼,끝동매미충,해충,대구광역시,0,0,0,유지,보통,32,2024·2026,"기준선 비교: 2026 유지 0.0점, 2024·2026 가중평균 0.0점, 선택 모델(완화 추세+표본 축소) 0.0점. 지역 변화 +0.0점을 표본가중치 0.73로 같은 병해충·작물의 지역 중앙 변화 +0.0점 방향에 축소하고, 1년 연장 변화는 ±20점으로 제한했습니다. 양년 자료 있음, 공통 조사단위 2개, 유효 관측 32건, 결측률 0.0%, 단위별 변화 변동성 0.0점. 비교는 가능하지만 표본 또는 변동성에 불확실성이 남습니다. 2024·2026 두 개 연도의 NCPMS 예찰자료만 사용한 상대 위험 전망으로, 기상·재배면적·방제 변화와 2027년 실제 발생을 확정하지 않습니다.",관찰
논벼,끝동매미충,해충,대전광역시,0,0,0,유지,보통,32,2024·2026,"기준선 비교: 2026 유지 0.0점, 2024·2026 가중평균 0.0점, 선택 모델(완화 추세+표본 축소) 0.0점. 지역 변화 +0.0점을 표본가중치 0.73로 같은 병해충·작물의 지역 중앙 변화 +0.0점 방향에 축소하고, 1년 연장 변화는 ±20점으로 제한했습니다. 양년 자료 있음, 공통 조사단위 2개, 유효 관측 32건, 결측률 0.0%, 단위별 변화 변동성 0.0점. 비교는 가능하지만 표본 또는 변동성에 불확실성이 남습니다. 2024·2026 두 개 연도의 NCPMS 예찰자료만 사용한 상대 위험 전망으로, 기상·재배면적·방제 변화와 2027년 실제 발생을 확정하지 않습니다.",관찰
논벼,끝동매미충,해충,부산광역시,0,0,0,유지,보통,32,2024·2026,"기준선 비교: 2026 유지 0.0점, 2024·2026 가중평균 0.0점, 선택 모델(완화 추세+표본 축소) 0.0점. 지역 변화 +0.0점을 표본가중치 0.73로 같은 병해충·작물의 지역 중앙 변화 +0.0점 방향에 축소하고, 1년 연장 변화는 ±20점으로 제한했습니다. 양년 자료 있음, 공통 조사단위 2개, 유효 관측 32건, 결측률 0.0%, 단위별 변화 변동성 0.0점. 비교는 가능하지만 표본 또는 변동성에 불확실성이 남습니다. 2024·2026 두 개 연도의 NCPMS 예찰자료만 사용한 상대 위험 전망으로, 기상·재배면적·방제 변화와 2027년 실제 발생을 확정하지 않습니다.",관찰
논벼,끝동매미충,해충,세종특별자치시,0,0,0,유지,보통,28,2024·2026,"기준선 비교: 2026 유지 0.0점, 2024·2026 가중평균 0.0점, 선택 모델(완화 추세+표본 축소) 0.0점. 지역 변화 +0.0점을 표본가중치 0.70로 같은 병해충·작물의 지역 중앙 변화 +0.0점 방향에 축소하고, 1년 연장 변화는 ±20점으로 제한했습니다. 양년 자료 있음, 공통 조사단위 2개, 유효 관측 28건, 결측률 0.0%, 단위별 변화 변동성 0.0점. 비교는 가능하지만 표본 또는 변동성에 불확실성이 남습니다. 2024·2026 두 개 연도의 NCPMS 예찰자료만 사용한 상대 위험 전망으로, 기상·재배면적·방제 변화와 2027년 실제 발생을 확정하지 않습니다.",관찰
논벼,끝동매미충,해충,울산광역시,0,0,0,유지,보통,32,2024·2026,"기준선 비교: 2026 유지 0.0점, 2024·2026 가중평균 0.0점, 선택 모델(완화 추세+표본 축소) 0.0점. 지역 변화 +0.0점을 표본가중치 0.73로 같은 병해충·작물의 지역 중앙 변화 +0.0점 방향에 축소하고, 1년 연장 변화는 ±20점으로 제한했습니다. 양년 자료 있음, 공통 조사단위 2개, 유효 관측 32건, 결측률 0.0%, 단위별 변화 변동성 0.0점. 비교는 가능하지만 표본 또는 변동성에 불확실성이 남습니다. 2024·2026 두 개 연도의 NCPMS 예찰자료만 사용한 상대 위험 전망으로, 기상·재배면적·방제 변화와 2027년 실제 발생을 확정하지 않습니다.",관찰
논벼,끝동매미충,해충,인천광역시,0,0,0,유지,보통,32,2024·2026,"기준선 비교: 2026 유지 0.0점, 2024·2026 가중평균 0.0점, 선택 모델(완화 추세+표본 축소) 0.0점. 지역 변화 +0.0점을 표본가중치 0.73로 같은 병해충·작물의 지역 중앙 변화 +0.0점 방향에 축소하고, 1년 연장 변화는 ±20점으로 제한했습니다. 양년 자료 있음, 공통 조사단위 2개, 유효 관측 32건, 결측률 0.0%, 단위별 변화 변동성 0.0점. 비교는 가능하지만 표본 또는 변동성에 불확실성이 남습니다. 2024·2026 두 개 연도의 NCPMS 예찰자료만 사용한 상대 위험 전망으로, 기상·재배면적·방제 변화와 2027년 실제 발생을 확정하지 않습니다.",관찰
논벼,끝동매미충,해충,전남광주통합특별시,22,44,49,증가,보통,32,2024·2026,"기준선 비교: 2026 유지 43.8점, 2024·2026 가중평균 36.1점, 선택 모델(완화 추세+표본 축소) 49.3점. 지역 변화 +21.8점을 표본가중치 0.73로 같은 병해충·작물의 지역 중앙 변화 +0.0점 방향에 축소하고, 1년 연장 변화는 ±20점으로 제한했습니다. 양년 자료 있음, 공통 조사단위 2개, 유효 관측 32건, 결측률 0.0%, 단위별 변화 변동성 21.9점. 비교는 가능하지만 표본 또는 변동성에 불확실성이 남습니다. 2024·2026 두 개 연도의 NCPMS 예찰자료만 사용한 상대 위험 전망으로, 기상·재배면적·방제 변화와 2027년 실제 발생을 확정하지 않습니다.",주의
논벼,끝동매미충,해충,전북특별자치도,24,0,0,유지,보통,32,2024·2026,"기준선 비교: 2026 유지 0.0점, 2024·2026 가중평균 8.3점, 선택 모델(완화 추세+표본 축소) 0.0점. 지역 변화 -23.7점을 표본가중치 0.73로 같은 병해충·작물의 지역 중앙 변화 +0.0점 방향에 축소하고, 1년 연장 변화는 ±20점으로 제한했습니다. 양년 자료 있음, 공통 조사단위 2개, 유효 관측 32건, 결측률 0.0%, 단위별 변화 변동성 23.7점. 비교는 가능하지만 표본 또는 변동성에 불확실성이 남습니다. 2024·2026 두 개 연도의 NCPMS 예찰자료만 사용한 상대 위험 전망으로, 기상·재배면적·방제 변화와 2027년 실제 발생을 확정하지 않습니다.",관찰
논벼,끝동매미충,해충,충청남도,25,3,0,유지,보통,32,2024·2026,"기준선 비교: 2026 유지 2.7점, 2024·2026 가중평균 10.5점, 선택 모델(완화 추세+표본 축소) 0.0점. 지역 변화 -22.3점을 표본가중치 0.73로 같은 병해충·작물의 지역 중앙 변화 +0.0점 방향에 축소하고, 1년 연장 변화는 ±20점으로 제한했습니다. 양년 자료 있음, 공통 조사단위 2개, 유효 관측 32건, 결측률 0.0%, 단위별 변화 변동성 23.0점. 비교는 가능하지만 표본 또는 변동성에 불확실성이 남습니다. 2024·2026 두 개 연도의 NCPMS 예찰자료만 사용한 상대 위험 전망으로, 기상·재배면적·방제 변화와 2027년 실제 발생을 확정하지 않습니다.",관찰
논벼,끝동매미충,해충,충청북도,0,0,0,유지,보통,36,2024·2026,"기준선 비교: 2026 유지 0.0점, 2024·2026 가중평균 0.0점, 선택 모델(완화 추세+표본 축소) 0.0점. 지역 변화 +0.0점을 표본가중치 0.75로 같은 병해충·작물의 지역 중앙 변화 +0.0점 방향에 축소하고, 1년 연장 변화는 ±20점으로 제한했습니다. 양년 자료 있음, 공통 조사단위 2개, 유효 관측 36건, 결측률 0.0%, 단위별 변화 변동성 0.0점. 비교는 가능하지만 표본 또는 변동성에 불확실성이 남습니다. 2024·2026 두 개 연도의 NCPMS 예찰자료만 사용한 상대 위험 전망으로, 기상·재배면적·방제 변화와 2027년 실제 발생을 확정하지 않습니다.",관찰
사과,나무좀,기타,강원특별자치도,24,,,전망자료 부족,낮음,3,2024,"양년 자료 없음, 공통 조사단위 0개, 유효 관측 3건, 결측률 0.0%, 단위별 변화 변동성 100.0점. 제한된 비교 단위 또는 변동성 때문에 보수적으로 낮게 평가합니다. 2024·2026 두 개 연도의 NCPMS 예찰자료만 사용한 상대 위험 전망으로, 기상·재배면적·방제 변화와 2027년 실제 발생을 확정하지 않습니다.",전망자료 부족
사과,나무좀,기타,경기도,95,,,전망자료 부족,낮음,3,2024,"양년 자료 없음, 공통 조사단위 0개, 유효 관측 3건, 결측률 0.0%, 단위별 변화 변동성 100.0점. 제한된 비교 단위 또는 변동성 때문에 보수적으로 낮게 평가합니다. 2024·2026 두 개 연도의 NCPMS 예찰자료만 사용한 상대 위험 전망으로, 기상·재배면적·방제 변화와 2027년 실제 발생을 확정하지 않습니다.",전망자료 부족
사과,나무좀,기타,경상남도,0,,,전망자료 부족,낮음,3,2024,"양년 자료 없음, 공통 조사단위 0개, 유효 관측 3건, 결측률 0.0%, 단위별 변화 변동성 100.0점. 제한된 비교 단위 또는 변동성 때문에 보수적으로 낮게 평가합니다. 2024·2026 두 개 연도의 NCPMS 예찰자료만 사용한 상대 위험 전망으로, 기상·재배면적·방제 변화와 2027년 실제 발생을 확정하지 않습니다.",전망자료 부족
사과,나무좀,기타,경상북도,27,,,전망자료 부족,낮음,3,2024,"양년 자료 없음, 공통 조사단위 0개, 유효 관측 3건, 결측률 0.0%, 단위별 변화 변동성 100.0점. 제한된 비교 단위 또는 변동성 때문에 보수적으로 낮게 평가합니다. 2024·2026 두 개 연도의 NCPMS 예찰자료만 사용한 상대 위험 전망으로, 기상·재배면적·방제 변화와 2027년 실제 발생을 확정하지 않습니다.",전망자료 부족
사과,나무좀,기타,대구광역시,0,,,전망자료 부족,낮음,3,2024,"양년 자료 없음, 공통 조사단위 0개, 유효 관측 3건, 결측률 0.0%, 단위별 변화 변동성 100.0점. 제한된 비교 단위 또는 변동성 때문에 보수적으로 낮게 평가합니다. 2024·2026 두 개 연도의 NCPMS 예찰자료만 사용한 상대 위험 전망으로, 기상·재배면적·방제 변화와 2027년 실제 발생을 확정하지 않습니다.",전망자료 부족
사과,나무좀,기타,전남광주통합특별시,0,,,전망자료 부족,낮음,3,2024,"양년 자료 없음, 공통 조사단위 0개, 유효 관측 3건, 결측률 0.0%, 단위별 변화 변동성 100.0점. 제한된 비교 단위 또는 변동성 때문에 보수적으로 낮게 평가합니다. 2024·2026 두 개 연도의 NCPMS 예찰자료만 사용한 상대 위험 전망으로, 기상·재배면적·방제 변화와 2027년 실제 발생을 확정하지 않습니다.",전망자료 부족
사과,나무좀,기타,전북특별자치도,56,,,전망자료 부족,낮음,3,2024,"양년 자료 없음, 공통 조사단위 0개, 유효 관측 3건, 결측률 0.0%, 단위별 변화 변동성 100.0점. 제한된 비교 단위 또는 변동성 때문에 보수적으로 낮게 평가합니다. 2024·2026 두 개 연도의 NCPMS 예찰자료만 사용한 상대 위험 전망으로, 기상·재배면적·방제 변화와 2027년 실제 발생을 확정하지 않습니다.",전망자료 부족
사과,나무좀,기타,충청남도,0,,,전망자료 부족,낮음,3,2024,"양년 자료 없음, 공통 조사단위 0개, 유효 관측 3건, 결측률 0.0%, 단위별 변화 변동성 100.0점. 제한된 비교 단위 또는 변동성 때문에 보수적으로 낮게 평가합니다. 2024·2026 두 개 연도의 NCPMS 예찰자료만 사용한 상대 위험 전망으로, 기상·재배면적·방제 변화와 2027년 실제 발생을 확정하지 않습니다.",전망자료 부족
사과,나무좀,기타,충청북도,4,,,전망자료 부족,낮음,3,2024,"양년 자료 없음, 공통 조사단위 0개, 유효 관측 3건, 결측률 0.0%, 단위별 변화 변동성 100.0점. 제한된 비교 단위 또는 변동성 때문에 보수적으로 낮게 평가합니다. 2024·2026 두 개 연도의 NCPMS 예찰자료만 사용한 상대 위험 전망으로, 기상·재배면적·방제 변화와 2027년 실제 발생을 확정하지 않습니다.",전망자료 부족
마늘,난지형마늘-고자리파리,해충,강원특별자치도,0,,,전망자료 부족,낮음,6,2024,"양년 자료 없음, 공통 조사단위 0개, 유효 관측 6건, 결측률 0.0%, 단위별 변화 변동성 100.0점. 제한된 비교 단위 또는 변동성 때문에 보수적으로 낮게 평가합니다. 2024·2026 두 개 연도의 NCPMS 예찰자료만 사용한 상대 위험 전망으로, 기상·재배면적·방제 변화와 2027년 실제 발생을 확정하지 않습니다.",전망자료 부족
마늘,난지형마늘-고자리파리,해충,경상남도,57,0,0,유지,낮음,16,2024·2026,"기준선 비교: 2026 유지 0.0점, 2024·2026 가중평균 19.9점, 선택 모델(완화 추세+표본 축소) 0.0점. 지역 변화 -57.0점을 표본가중치 0.57로 같은 병해충·작물의 지역 중앙 변화 +0.0점 방향에 축소하고, 1년 연장 변화는 ±20점으로 제한했습니다. 양년 자료 있음, 공통 조사단위 5개, 유효 관측 16건, 결측률 0.0%, 단위별 변화 변동성 49.0점. 제한된 비교 단위 또는 변동성 때문에 보수적으로 낮게 평가합니다. 2024·2026 두 개 연도의 NCPMS 예찰자료만 사용한 상대 위험 전망으로, 기상·재배면적·방제 변화와 2027년 실제 발생을 확정하지 않습니다.",관찰
마늘,난지형마늘-고자리파리,해충,경상북도,0,60,74,증가,낮음,22,2024·2026,"기준선 비교: 2026 유지 60.0점, 2024·2026 가중평균 39.0점, 선택 모델(완화 추세+표본 축소) 73.6점. 지역 변화 +60.0점을 표본가중치 0.65로 같은 병해충·작물의 지역 중앙 변화 +0.0점 방향에 축소하고, 1년 연장 변화는 ±20점으로 제한했습니다. 양년 자료 있음, 공통 조사단위 5개, 유효 관측 22건, 결측률 0.0%, 단위별 변화 변동성 49.0점. 제한된 비교 단위 또는 변동성 때문에 보수적으로 낮게 평가합니다. 2024·2026 두 개 연도의 NCPMS 예찰자료만 사용한 상대 위험 전망으로, 기상·재배면적·방제 변화와 2027년 실제 발생을 확정하지 않습니다.",고위험
마늘,난지형마늘-고자리파리,해충,대구광역시,0,0,0,유지,높음,22,2024·2026,"기준선 비교: 2026 유지 0.0점, 2024·2026 가중평균 0.0점, 선택 모델(완화 추세+표본 축소) 0.0점. 지역 변화 +0.0점을 표본가중치 0.65로 같은 병해충·작물의 지역 중앙 변화 +0.0점 방향에 축소하고, 1년 연장 변화는 ±20점으로 제한했습니다. 양년 자료 있음, 공통 조사단위 5개, 유효 관측 22건, 결측률 0.0%, 단위별 변화 변동성 0.0점. 양년 반복관측·낮은 결측·낮은 변동성 기준을 충족합니다. 2024·2026 두 개 연도의 NCPMS 예찰자료만 사용한 상대 위험 전망으로, 기상·재배면적·방제 변화와 2027년 실제 발생을 확정하지 않습니다.",관찰
마늘,난지형마늘-고자리파리,해충,전남광주통합특별시,50,20,14,감소,낮음,16,2024·2026,"기준선 비교: 2026 유지 20.0점, 2024·2026 가중평균 30.5점, 선택 모델(완화 추세+표본 축소) 14.0점. 지역 변화 -30.0점을 표본가중치 0.57로 같은 병해충·작물의 지역 중앙 변화 +0.0점 방향에 축소하고, 1년 연장 변화는 ±20점으로 제한했습니다. 양년 자료 있음, 공통 조사단위 5개, 유효 관측 16건, 결측률 0.0%, 단위별 변화 변동성 40.6점. 제한된 비교 단위 또는 변동성 때문에 보수적으로 낮게 평가합니다. 2024·2026 두 개 연도의 NCPMS 예찰자료만 사용한 상대 위험 전망으로, 기상·재배면적·방제 변화와 2027년 실제 발생을 확정하지 않습니다.",관찰
마늘,난지형마늘-고자리파리,해충,전북특별자치도,0,0,0,유지,높음,16,2024·2026,"기준선 비교: 2026 유지 0.0점, 2024·2026 가중평균 0.0점, 선택 모델(완화 추세+표본 축소) 0.0점. 지역 변화 +0.0점을 표본가중치 0.57로 같은 병해충·작물의 지역 중앙 변화 +0.0점 방향에 축소하고, 1년 연장 변화는 ±20점으로 제한했습니다. 양년 자료 있음, 공통 조사단위 5개, 유효 관측 16건, 결측률 0.0%, 단위별 변화 변동성 0.0점. 양년 반복관측·낮은 결측·낮은 변동성 기준을 충족합니다. 2024·2026 두 개 연도의 NCPMS 예찰자료만 사용한 상대 위험 전망으로, 기상·재배면적·방제 변화와 2027년 실제 발생을 확정하지 않습니다.",관찰
마늘,난지형마늘-고자리파리,해충,충청남도,0,0,0,유지,높음,22,2024·2026,"기준선 비교: 2026 유지 0.0점, 2024·2026 가중평균 0.0점, 선택 모델(완화 추세+표본 축소) 0.0점. 지역 변화 +0.0점을 표본가중치 0.65로 같은 병해충·작물의 지역 중앙 변화 +0.0점 방향에 축소하고, 1년 연장 변화는 ±20점으로 제한했습니다. 양년 자료 있음, 공통 조사단위 5개, 유효 관측 22건, 결측률 0.0%, 단위별 변화 변동성 0.0점. 양년 반복관측·낮은 결측·낮은 변동성 기준을 충족합니다. 2024·2026 두 개 연도의 NCPMS 예찰자료만 사용한 상대 위험 전망으로, 기상·재배면적·방제 변화와 2027년 실제 발생을 확정하지 않습니다.",관찰
마늘,난지형마늘-고자리파리,해충,충청북도,0,,,전망자료 부족,낮음,6,2024,"양년 자료 없음, 공통 조사단위 0개, 유효 관측 6건, 결측률 0.0%, 단위별 변화 변동성 100.0점. 제한된 비교 단위 또는 변동성 때문에 보수적으로 낮게 평가합니다. 2024·2026 두 개 연도의 NCPMS 예찰자료만 사용한 상대 위험 전망으로, 기상·재배면적·방제 변화와 2027년 실제 발생을 확정하지 않습니다.",전망자료 부족
마늘,난지형마늘-녹병,병해,경상남도,,0,,전망자료 부족,낮음,10,2026,"양년 자료 없음, 공통 조사단위 0개, 유효 관측 10건, 결측률 0.0%, 단위별 변화 변동성 100.0점. 제한된 비교 단위 또는 변동성 때문에 보수적으로 낮게 평가합니다. 2024·2026 두 개 연도의 NCPMS 예찰자료만 사용한 상대 위험 전망으로, 기상·재배면적·방제 변화와 2027년 실제 발생을 확정하지 않습니다.",전망자료 부족
마늘,난지형마늘-녹병,병해,경상북도,,20,,전망자료 부족,낮음,10,2026,"양년 자료 없음, 공통 조사단위 0개, 유효 관측 10건, 결측률 0.0%, 단위별 변화 변동성 100.0점. 제한된 비교 단위 또는 변동성 때문에 보수적으로 낮게 평가합니다. 2024·2026 두 개 연도의 NCPMS 예찰자료만 사용한 상대 위험 전망으로, 기상·재배면적·방제 변화와 2027년 실제 발생을 확정하지 않습니다.",전망자료 부족
마늘,난지형마늘-녹병,병해,대구광역시,,0,,전망자료 부족,낮음,10,2026,"양년 자료 없음, 공통 조사단위 0개, 유효 관측 10건, 결측률 0.0%, 단위별 변화 변동성 100.0점. 제한된 비교 단위 또는 변동성 때문에 보수적으로 낮게 평가합니다. 2024·2026 두 개 연도의 NCPMS 예찰자료만 사용한 상대 위험 전망으로, 기상·재배면적·방제 변화와 2027년 실제 발생을 확정하지 않습니다.",전망자료 부족
마늘,난지형마늘-녹병,병해,전남광주통합특별시,,20,,전망자료 부족,낮음,10,2026,"양년 자료 없음, 공통 조사단위 0개, 유효 관측 10건, 결측률 0.0%, 단위별 변화 변동성 100.0점. 제한된 비교 단위 또는 변동성 때문에 보수적으로 낮게 평가합니다. 2024·2026 두 개 연도의 NCPMS 예찰자료만 사용한 상대 위험 전망으로, 기상·재배면적·방제 변화와 2027년 실제 발생을 확정하지 않습니다.",전망자료 부족
마늘,난지형마늘-녹병,병해,전북특별자치도,,0,,전망자료 부족,낮음,10,2026,"양년 자료 없음, 공통 조사단위 0개, 유효 관측 10건, 결측률 0.0%, 단위별 변화 변동성 100.0점. 제한된 비교 단위 또는 변동성 때문에 보수적으로 낮게 평가합니다. 2024·2026 두 개 연도의 NCPMS 예찰자료만 사용한 상대 위험 전망으로, 기상·재배면적·방제 변화와 2027년 실제 발생을 확정하지 않습니다.",전망자료 부족
마늘,난지형마늘-녹병,병해,충청남도,,0,,전망자료 부족,낮음,10,2026,"양년 자료 없음, 공통 조사단위 0개, 유효 관측 10건, 결측률 0.0%, 단위별 변화 변동성 100.0점. 제한된 비교 단위 또는 변동성 때문에 보수적으로 낮게 평가합니다. 2024·2026 두 개 연도의 NCPMS 예찰자료만 사용한 상대 위험 전망으로, 기상·재배면적·방제 변화와 2027년 실제 발생을 확정하지 않습니다.",전망자료 부족
마늘,난지형마늘-무름병,병해,경상남도,,0,,전망자료 부족,낮음,10,2026,"양년 자료 없음, 공통 조사단위 0개, 유효 관측 10건, 결측률 0.0%, 단위별 변화 변동성 100.0점. 제한된 비교 단위 또는 변동성 때문에 보수적으로 낮게 평가합니다. 2024·2026 두 개 연도의 NCPMS 예찰자료만 사용한 상대 위험 전망으로, 기상·재배면적·방제 변화와 2027년 실제 발생을 확정하지 않습니다.",전망자료 부족
마늘,난지형마늘-무름병,병해,경상북도,,0,,전망자료 부족,낮음,10,2026,"양년 자료 없음, 공통 조사단위 0개, 유효 관측 10건, 결측률 0.0%, 단위별 변화 변동성 100.0점. 제한된 비교 단위 또는 변동성 때문에 보수적으로 낮게 평가합니다. 2024·2026 두 개 연도의 NCPMS 예찰자료만 사용한 상대 위험 전망으로, 기상·재배면적·방제 변화와 2027년 실제 발생을 확정하지 않습니다.",전망자료 부족
마늘,난지형마늘-무름병,병해,대구광역시,,0,,전망자료 부족,낮음,10,2026,"양년 자료 없음, 공통 조사단위 0개, 유효 관측 10건, 결측률 0.0%, 단위별 변화 변동성 100.0점. 제한된 비교 단위 또는 변동성 때문에 보수적으로 낮게 평가합니다. 2024·2026 두 개 연도의 NCPMS 예찰자료만 사용한 상대 위험 전망으로, 기상·재배면적·방제 변화와 2027년 실제 발생을 확정하지 않습니다.",전망자료 부족
마늘,난지형마늘-무름병,병해,전남광주통합특별시,,18,,전망자료 부족,낮음,10,2026,"양년 자료 없음, 공통 조사단위 0개, 유효 관측 10건, 결측률 0.0%, 단위별 변화 변동성 100.0점. 제한된 비교 단위 또는 변동성 때문에 보수적으로 낮게 평가합니다. 2024·2026 두 개 연도의 NCPMS 예찰자료만 사용한 상대 위험 전망으로, 기상·재배면적·방제 변화와 2027년 실제 발생을 확정하지 않습니다.",전망자료 부족
마늘,난지형마늘-무름병,병해,전북특별자치도,,15,,전망자료 부족,낮음,10,2026,"양년 자료 없음, 공통 조사단위 0개, 유효 관측 10건, 결측률 0.0%, 단위별 변화 변동성 100.0점. 제한된 비교 단위 또는 변동성 때문에 보수적으로 낮게 평가합니다. 2024·2026 두 개 연도의 NCPMS 예찰자료만 사용한 상대 위험 전망으로, 기상·재배면적·방제 변화와 2027년 실제 발생을 확정하지 않습니다.",전망자료 부족
마늘,난지형마늘-무름병,병해,충청남도,,60,,전망자료 부족,낮음,10,2026,"양년 자료 없음, 공통 조사단위 0개, 유효 관측 10건, 결측률 0.0%, 단위별 변화 변동성 100.0점. 제한된 비교 단위 또는 변동성 때문에 보수적으로 낮게 평가합니다. 2024·2026 두 개 연도의 NCPMS 예찰자료만 사용한 상대 위험 전망으로, 기상·재배면적·방제 변화와 2027년 실제 발생을 확정하지 않습니다.",전망자료 부족
마늘,난지형마늘-바이러스,바이러스,경상남도,,0,,전망자료 부족,낮음,10,2026,"양년 자료 없음, 공통 조사단위 0개, 유효 관측 10건, 결측률 0.0%, 단위별 변화 변동성 100.0점. 제한된 비교 단위 또는 변동성 때문에 보수적으로 낮게 평가합니다. 2024·2026 두 개 연도의 NCPMS 예찰자료만 사용한 상대 위험 전망으로, 기상·재배면적·방제 변화와 2027년 실제 발생을 확정하지 않습니다.",전망자료 부족
마늘,난지형마늘-바이러스,바이러스,경상북도,,0,,전망자료 부족,낮음,10,2026,"양년 자료 없음, 공통 조사단위 0개, 유효 관측 10건, 결측률 0.0%, 단위별 변화 변동성 100.0점. 제한된 비교 단위 또는 변동성 때문에 보수적으로 낮게 평가합니다. 2024·2026 두 개 연도의 NCPMS 예찰자료만 사용한 상대 위험 전망으로, 기상·재배면적·방제 변화와 2027년 실제 발생을 확정하지 않습니다.",전망자료 부족
마늘,난지형마늘-바이러스,바이러스,대구광역시,,0,,전망자료 부족,낮음,10,2026,"양년 자료 없음, 공통 조사단위 0개, 유효 관측 10건, 결측률 0.0%, 단위별 변화 변동성 100.0점. 제한된 비교 단위 또는 변동성 때문에 보수적으로 낮게 평가합니다. 2024·2026 두 개 연도의 NCPMS 예찰자료만 사용한 상대 위험 전망으로, 기상·재배면적·방제 변화와 2027년 실제 발생을 확정하지 않습니다.",전망자료 부족
마늘,난지형마늘-바이러스,바이러스,전남광주통합특별시,,20,,전망자료 부족,낮음,10,2026,"양년 자료 없음, 공통 조사단위 0개, 유효 관측 10건, 결측률 0.0%, 단위별 변화 변동성 100.0점. 제한된 비교 단위 또는 변동성 때문에 보수적으로 낮게 평가합니다. 2024·2026 두 개 연도의 NCPMS 예찰자료만 사용한 상대 위험 전망으로, 기상·재배면적·방제 변화와 2027년 실제 발생을 확정하지 않습니다.",전망자료 부족
마늘,난지형마늘-바이러스,바이러스,전북특별자치도,,20,,전망자료 부족,낮음,10,2026,"양년 자료 없음, 공통 조사단위 0개, 유효 관측 10건, 결측률 0.0%, 단위별 변화 변동성 100.0점. 제한된 비교 단위 또는 변동성 때문에 보수적으로 낮게 평가합니다. 2024·2026 두 개 연도의 NCPMS 예찰자료만 사용한 상대 위험 전망으로, 기상·재배면적·방제 변화와 2027년 실제 발생을 확정하지 않습니다.",전망자료 부족
마늘,난지형마늘-바이러스,바이러스,충청남도,,0,,전망자료 부족,낮음,10,2026,"양년 자료 없음, 공통 조사단위 0개, 유효 관측 10건, 결측률 0.0%, 단위별 변화 변동성 100.0점. 제한된 비교 단위 또는 변동성 때문에 보수적으로 낮게 평가합니다. 2024·2026 두 개 연도의 NCPMS 예찰자료만 사용한 상대 위험 전망으로, 기상·재배면적·방제 변화와 2027년 실제 발생을 확정하지 않습니다.",전망자료 부족
마늘,난지형마늘-뿌리응애,해충,경상남도,,0,,전망자료 부족,낮음,10,2026,"양년 자료 없음, 공통 조사단위 0개, 유효 관측 10건, 결측률 0.0%, 단위별 변화 변동성 100.0점. 제한된 비교 단위 또는 변동성 때문에 보수적으로 낮게 평가합니다. 2024·2026 두 개 연도의 NCPMS 예찰자료만 사용한 상대 위험 전망으로, 기상·재배면적·방제 변화와 2027년 실제 발생을 확정하지 않습니다.",전망자료 부족
마늘,난지형마늘-뿌리응애,해충,경상북도,,0,,전망자료 부족,낮음,10,2026,"양년 자료 없음, 공통 조사단위 0개, 유효 관측 10건, 결측률 0.0%, 단위별 변화 변동성 100.0점. 제한된 비교 단위 또는 변동성 때문에 보수적으로 낮게 평가합니다. 2024·2026 두 개 연도의 NCPMS 예찰자료만 사용한 상대 위험 전망으로, 기상·재배면적·방제 변화와 2027년 실제 발생을 확정하지 않습니다.",전망자료 부족
마늘,난지형마늘-뿌리응애,해충,대구광역시,,0,,전망자료 부족,낮음,10,2026,"양년 자료 없음, 공통 조사단위 0개, 유효 관측 10건, 결측률 0.0%, 단위별 변화 변동성 100.0점. 제한된 비교 단위 또는 변동성 때문에 보수적으로 낮게 평가합니다. 2024·2026 두 개 연도의 NCPMS 예찰자료만 사용한 상대 위험 전망으로, 기상·재배면적·방제 변화와 2027년 실제 발생을 확정하지 않습니다.",전망자료 부족
마늘,난지형마늘-뿌리응애,해충,전남광주통합특별시,,60,,전망자료 부족,낮음,10,2026,"양년 자료 없음, 공통 조사단위 0개, 유효 관측 10건, 결측률 0.0%, 단위별 변화 변동성 100.0점. 제한된 비교 단위 또는 변동성 때문에 보수적으로 낮게 평가합니다. 2024·2026 두 개 연도의 NCPMS 예찰자료만 사용한 상대 위험 전망으로, 기상·재배면적·방제 변화와 2027년 실제 발생을 확정하지 않습니다.",전망자료 부족
마늘,난지형마늘-뿌리응애,해충,전북특별자치도,,0,,전망자료 부족,낮음,10,2026,"양년 자료 없음, 공통 조사단위 0개, 유효 관측 10건, 결측률 0.0%, 단위별 변화 변동성 100.0점. 제한된 비교 단위 또는 변동성 때문에 보수적으로 낮게 평가합니다. 2024·2026 두 개 연도의 NCPMS 예찰자료만 사용한 상대 위험 전망으로, 기상·재배면적·방제 변화와 2027년 실제 발생을 확정하지 않습니다.",전망자료 부족
마늘,난지형마늘-뿌리응애,해충,충청남도,,0,,전망자료 부족,낮음,10,2026,"양년 자료 없음, 공통 조사단위 0개, 유효 관측 10건, 결측률 0.0%, 단위별 변화 변동성 100.0점. 제한된 비교 단위 또는 변동성 때문에 보수적으로 낮게 평가합니다. 2024·2026 두 개 연도의 NCPMS 예찰자료만 사용한 상대 위험 전망으로, 기상·재배면적·방제 변화와 2027년 실제 발생을 확정하지 않습니다.",전망자료 부족
마늘,난지형마늘-잎마름병,병해,경상남도,,0,,전망자료 부족,낮음,10,2026,"양년 자료 없음, 공통 조사단위 0개, 유효 관측 10건, 결측률 0.0%, 단위별 변화 변동성 100.0점. 제한된 비교 단위 또는 변동성 때문에 보수적으로 낮게 평가합니다. 2024·2026 두 개 연도의 NCPMS 예찰자료만 사용한 상대 위험 전망으로, 기상·재배면적·방제 변화와 2027년 실제 발생을 확정하지 않습니다.",전망자료 부족
마늘,난지형마늘-잎마름병,병해,경상북도,,0,,전망자료 부족,낮음,10,2026,"양년 자료 없음, 공통 조사단위 0개, 유효 관측 10건, 결측률 0.0%, 단위별 변화 변동성 100.0점. 제한된 비교 단위 또는 변동성 때문에 보수적으로 낮게 평가합니다. 2024·2026 두 개 연도의 NCPMS 예찰자료만 사용한 상대 위험 전망으로, 기상·재배면적·방제 변화와 2027년 실제 발생을 확정하지 않습니다.",전망자료 부족
마늘,난지형마늘-잎마름병,병해,대구광역시,,87,,전망자료 부족,낮음,10,2026,"양년 자료 없음, 공통 조사단위 0개, 유효 관측 10건, 결측률 0.0%, 단위별 변화 변동성 100.0점. 제한된 비교 단위 또는 변동성 때문에 보수적으로 낮게 평가합니다. 2024·2026 두 개 연도의 NCPMS 예찰자료만 사용한 상대 위험 전망으로, 기상·재배면적·방제 변화와 2027년 실제 발생을 확정하지 않습니다.",전망자료 부족
마늘,난지형마늘-잎마름병,병해,전남광주통합특별시,,3,,전망자료 부족,낮음,10,2026,"양년 자료 없음, 공통 조사단위 0개, 유효 관측 10건, 결측률 0.0%, 단위별 변화 변동성 100.0점. 제한된 비교 단위 또는 변동성 때문에 보수적으로 낮게 평가합니다. 2024·2026 두 개 연도의 NCPMS 예찰자료만 사용한 상대 위험 전망으로, 기상·재배면적·방제 변화와 2027년 실제 발생을 확정하지 않습니다.",전망자료 부족
마늘,난지형마늘-잎마름병,병해,전북특별자치도,,2,,전망자료 부족,낮음,10,2026,"양년 자료 없음, 공통 조사단위 0개, 유효 관측 10건, 결측률 0.0%, 단위별 변화 변동성 100.0점. 제한된 비교 단위 또는 변동성 때문에 보수적으로 낮게 평가합니다. 2024·2026 두 개 연도의 NCPMS 예찰자료만 사용한 상대 위험 전망으로, 기상·재배면적·방제 변화와 2027년 실제 발생을 확정하지 않습니다.",전망자료 부족
마늘,난지형마늘-잎마름병,병해,충청남도,,0,,전망자료 부족,낮음,10,2026,"양년 자료 없음, 공통 조사단위 0개, 유효 관측 10건, 결측률 0.0%, 단위별 변화 변동성 100.0점. 제한된 비교 단위 또는 변동성 때문에 보수적으로 낮게 평가합니다. 2024·2026 두 개 연도의 NCPMS 예찰자료만 사용한 상대 위험 전망으로, 기상·재배면적·방제 변화와 2027년 실제 발생을 확정하지 않습니다.",전망자료 부족
마늘,난지형마늘-잎집썩음병,병해,경상남도,,0,,전망자료 부족,낮음,10,2026,"양년 자료 없음, 공통 조사단위 0개, 유효 관측 10건, 결측률 0.0%, 단위별 변화 변동성 100.0점. 제한된 비교 단위 또는 변동성 때문에 보수적으로 낮게 평가합니다. 2024·2026 두 개 연도의 NCPMS 예찰자료만 사용한 상대 위험 전망으로, 기상·재배면적·방제 변화와 2027년 실제 발생을 확정하지 않습니다.",전망자료 부족
마늘,난지형마늘-잎집썩음병,병해,경상북도,,0,,전망자료 부족,낮음,10,2026,"양년 자료 없음, 공통 조사단위 0개, 유효 관측 10건, 결측률 0.0%, 단위별 변화 변동성 100.0점. 제한된 비교 단위 또는 변동성 때문에 보수적으로 낮게 평가합니다. 2024·2026 두 개 연도의 NCPMS 예찰자료만 사용한 상대 위험 전망으로, 기상·재배면적·방제 변화와 2027년 실제 발생을 확정하지 않습니다.",전망자료 부족
마늘,난지형마늘-잎집썩음병,병해,대구광역시,,0,,전망자료 부족,낮음,10,2026,"양년 자료 없음, 공통 조사단위 0개, 유효 관측 10건, 결측률 0.0%, 단위별 변화 변동성 100.0점. 제한된 비교 단위 또는 변동성 때문에 보수적으로 낮게 평가합니다. 2024·2026 두 개 연도의 NCPMS 예찰자료만 사용한 상대 위험 전망으로, 기상·재배면적·방제 변화와 2027년 실제 발생을 확정하지 않습니다.",전망자료 부족
마늘,난지형마늘-잎집썩음병,병해,전남광주통합특별시,,20,,전망자료 부족,낮음,10,2026,"양년 자료 없음, 공통 조사단위 0개, 유효 관측 10건, 결측률 0.0%, 단위별 변화 변동성 100.0점. 제한된 비교 단위 또는 변동성 때문에 보수적으로 낮게 평가합니다. 2024·2026 두 개 연도의 NCPMS 예찰자료만 사용한 상대 위험 전망으로, 기상·재배면적·방제 변화와 2027년 실제 발생을 확정하지 않습니다.",전망자료 부족
마늘,난지형마늘-잎집썩음병,병해,전북특별자치도,,0,,전망자료 부족,낮음,10,2026,"양년 자료 없음, 공통 조사단위 0개, 유효 관측 10건, 결측률 0.0%, 단위별 변화 변동성 100.0점. 제한된 비교 단위 또는 변동성 때문에 보수적으로 낮게 평가합니다. 2024·2026 두 개 연도의 NCPMS 예찰자료만 사용한 상대 위험 전망으로, 기상·재배면적·방제 변화와 2027년 실제 발생을 확정하지 않습니다.",전망자료 부족
마늘,난지형마늘-잎집썩음병,병해,충청남도,,0,,전망자료 부족,낮음,10,2026,"양년 자료 없음, 공통 조사단위 0개, 유효 관측 10건, 결측률 0.0%, 단위별 변화 변동성 100.0점. 제한된 비교 단위 또는 변동성 때문에 보수적으로 낮게 평가합니다. 2024·2026 두 개 연도의 NCPMS 예찰자료만 사용한 상대 위험 전망으로, 기상·재배면적·방제 변화와 2027년 실제 발생을 확정하지 않습니다.",전망자료 부족
마늘,난지형마늘-흑색썩음균핵병,병해,강원특별자치도,0,,,전망자료 부족,낮음,6,2024,"양년 자료 없음, 공통 조사단위 0개, 유효 관측 6건, 결측률 0.0%, 단위별 변화 변동성 100.0점. 제한된 비교 단위 또는 변동성 때문에 보수적으로 낮게 평가합니다. 2024·2026 두 개 연도의 NCPMS 예찰자료만 사용한 상대 위험 전망으로, 기상·재배면적·방제 변화와 2027년 실제 발생을 확정하지 않습니다.",전망자료 부족
마늘,난지형마늘-흑색썩음균핵병,병해,경상남도,52,0,0,유지,보통,16,2024·2026,"기준선 비교: 2026 유지 0.0점, 2024·2026 가중평균 18.2점, 선택 모델(완화 추세+표본 축소) 0.0점. 지역 변화 -52.1점을 표본가중치 0.57로 같은 병해충·작물의 지역 중앙 변화 -0.0점 방향에 축소하고, 1년 연장 변화는 ±20점으로 제한했습니다. 양년 자료 있음, 공통 조사단위 5개, 유효 관측 16건, 결측률 0.0%, 단위별 변화 변동성 22.7점. 비교는 가능하지만 표본 또는 변동성에 불확실성이 남습니다. 2024·2026 두 개 연도의 NCPMS 예찰자료만 사용한 상대 위험 전망으로, 기상·재배면적·방제 변화와 2027년 실제 발생을 확정하지 않습니다.",관찰
마늘,난지형마늘-흑색썩음균핵병,병해,경상북도,8,20,23,유지,보통,22,2024·2026,"기준선 비교: 2026 유지 20.0점, 2024·2026 가중평균 15.9점, 선택 모델(완화 추세+표본 축소) 22.6점. 지역 변화 +11.7점을 표본가중치 0.65로 같은 병해충·작물의 지역 중앙 변화 -0.0점 방향에 축소하고, 1년 연장 변화는 ±20점으로 제한했습니다. 양년 자료 있음, 공통 조사단위 5개, 유효 관측 22건, 결측률 0.0%, 단위별 변화 변동성 40.0점. 비교는 가능하지만 표본 또는 변동성에 불확실성이 남습니다. 2024·2026 두 개 연도의 NCPMS 예찰자료만 사용한 상대 위험 전망으로, 기상·재배면적·방제 변화와 2027년 실제 발생을 확정하지 않습니다.",관찰
마늘,난지형마늘-흑색썩음균핵병,병해,대구광역시,0,0,0,유지,높음,22,2024·2026,"기준선 비교: 2026 유지 0.0점, 2024·2026 가중평균 0.0점, 선택 모델(완화 추세+표본 축소) 0.0점. 지역 변화 +0.0점을 표본가중치 0.65로 같은 병해충·작물의 지역 중앙 변화 -0.0점 방향에 축소하고, 1년 연장 변화는 ±20점으로 제한했습니다. 양년 자료 있음, 공통 조사단위 5개, 유효 관측 22건, 결측률 0.0%, 단위별 변화 변동성 0.0점. 양년 반복관측·낮은 결측·낮은 변동성 기준을 충족합니다. 2024·2026 두 개 연도의 NCPMS 예찰자료만 사용한 상대 위험 전망으로, 기상·재배면적·방제 변화와 2027년 실제 발생을 확정하지 않습니다.",관찰
마늘,난지형마늘-흑색썩음균핵병,병해,전남광주통합특별시,13,13,12,유지,높음,16,2024·2026,"기준선 비교: 2026 유지 12.5점, 2024·2026 가중평균 12.5점, 선택 모델(완화 추세+표본 축소) 12.5점. 지역 변화 -0.0점을 표본가중치 0.57로 같은 병해충·작물의 지역 중앙 변화 -0.0점 방향에 축소하고, 1년 연장 변화는 ±20점으로 제한했습니다. 양년 자료 있음, 공통 조사단위 5개, 유효 관측 16건, 결측률 0.0%, 단위별 변화 변동성 3.7점. 양년 반복관측·낮은 결측·낮은 변동성 기준을 충족합니다. 2024·2026 두 개 연도의 NCPMS 예찰자료만 사용한 상대 위험 전망으로, 기상·재배면적·방제 변화와 2027년 실제 발생을 확정하지 않습니다.",관찰
마늘,난지형마늘-흑색썩음균핵병,병해,전북특별자치도,33,60,65,증가,낮음,16,2024·2026,"기준선 비교: 2026 유지 60.0점, 2024·2026 가중평균 50.7점, 선택 모델(완화 추세+표본 축소) 65.3점. 지역 변화 +26.7점을 표본가중치 0.57로 같은 병해충·작물의 지역 중앙 변화 -0.0점 방향에 축소하고, 1년 연장 변화는 ±20점으로 제한했습니다. 양년 자료 있음, 공통 조사단위 5개, 유효 관측 16건, 결측률 0.0%, 단위별 변화 변동성 46.4점. 제한된 비교 단위 또는 변동성 때문에 보수적으로 낮게 평가합니다. 2024·2026 두 개 연도의 NCPMS 예찰자료만 사용한 상대 위험 전망으로, 기상·재배면적·방제 변화와 2027년 실제 발생을 확정하지 않습니다.",주의
마늘,난지형마늘-흑색썩음균핵병,병해,충청남도,28,0,0,유지,높음,22,2024·2026,"기준선 비교: 2026 유지 0.0점, 2024·2026 가중평균 9.9점, 선택 모델(완화 추세+표본 축소) 0.0점. 지역 변화 -28.4점을 표본가중치 0.65로 같은 병해충·작물의 지역 중앙 변화 -0.0점 방향에 축소하고, 1년 연장 변화는 ±20점으로 제한했습니다. 양년 자료 있음, 공통 조사단위 5개, 유효 관측 22건, 결측률 0.0%, 단위별 변화 변동성 19.6점. 양년 반복관측·낮은 결측·낮은 변동성 기준을 충족합니다. 2024·2026 두 개 연도의 NCPMS 예찰자료만 사용한 상대 위험 전망으로, 기상·재배면적·방제 변화와 2027년 실제 발생을 확정하지 않습니다.",관찰
마늘,난지형마늘-흑색썩음균핵병,병해,충청북도,0,,,전망자료 부족,낮음,6,2024,"양년 자료 없음, 공통 조사단위 0개, 유효 관측 6건, 결측률 0.0%, 단위별 변화 변동성 100.0점. 제한된 비교 단위 또는 변동성 때문에 보수적으로 낮게 평가합니다. 2024·2026 두 개 연도의 NCPMS 예찰자료만 사용한 상대 위험 전망으로, 기상·재배면적·방제 변화와 2027년 실제 발생을 확정하지 않습니다.",전망자료 부족
양파,노균병,병해,경상남도,60,0,0,유지,보통,11,2024·2026,"기준선 비교: 2026 유지 0.0점, 2024·2026 가중평균 21.1점, 선택 모델(완화 추세+표본 축소) 0.0점. 지역 변화 -60.2점을 표본가중치 0.48로 같은 병해충·작물의 지역 중앙 변화 -16.4점 방향에 축소하고, 1년 연장 변화는 ±20점으로 제한했습니다. 양년 자료 있음, 공통 조사단위 5개, 유효 관측 11건, 결측률 0.0%, 단위별 변화 변동성 30.2점. 비교는 가능하지만 표본 또는 변동성에 불확실성이 남습니다. 2024·2026 두 개 연도의 NCPMS 예찰자료만 사용한 상대 위험 전망으로, 기상·재배면적·방제 변화와 2027년 실제 발생을 확정하지 않습니다.",관찰
양파,노균병,병해,경상북도,16,36,36,유지,보통,11,2024·2026,"기준선 비교: 2026 유지 35.8점, 2024·2026 가중평균 28.9점, 선택 모델(완화 추세+표본 축소) 36.2점. 지역 변화 +19.9점을 표본가중치 0.48로 같은 병해충·작물의 지역 중앙 변화 -16.4점 방향에 축소하고, 1년 연장 변화는 ±20점으로 제한했습니다. 양년 자료 있음, 공통 조사단위 5개, 유효 관측 11건, 결측률 0.0%, 단위별 변화 변동성 30.2점. 비교는 가능하지만 표본 또는 변동성에 불확실성이 남습니다. 2024·2026 두 개 연도의 NCPMS 예찰자료만 사용한 상대 위험 전망으로, 기상·재배면적·방제 변화와 2027년 실제 발생을 확정하지 않습니다.",주의
양파,노균병,병해,대구광역시,16,0,0,유지,보통,11,2024·2026,"기준선 비교: 2026 유지 0.0점, 2024·2026 가중평균 5.7점, 선택 모델(완화 추세+표본 축소) 0.0점. 지역 변화 -16.4점을 표본가중치 0.48로 같은 병해충·작물의 지역 중앙 변화 -16.4점 방향에 축소하고, 1년 연장 변화는 ±20점으로 제한했습니다. 양년 자료 있음, 공통 조사단위 5개, 유효 관측 11건, 결측률 0.0%, 단위별 변화 변동성 14.8점. 비교는 가능하지만 표본 또는 변동성에 불확실성이 남습니다. 2024·2026 두 개 연도의 NCPMS 예찰자료만 사용한 상대 위험 전망으로, 기상·재배면적·방제 변화와 2027년 실제 발생을 확정하지 않습니다.",관찰
양파,노균병,병해,전남광주통합특별시,41,26,20,감소,보통,11,2024·2026,"기준선 비교: 2026 유지 26.0점, 2024·2026 가중평균 31.2점, 선택 모델(완화 추세+표본 축소) 20.5점. 지역 변화 -15.1점을 표본가중치 0.48로 같은 병해충·작물의 지역 중앙 변화 -16.4점 방향에 축소하고, 1년 연장 변화는 ±20점으로 제한했습니다. 양년 자료 있음, 공통 조사단위 5개, 유효 관측 11건, 결측률 0.0%, 단위별 변화 변동성 30.0점. 비교는 가능하지만 표본 또는 변동성에 불확실성이 남습니다. 2024·2026 두 개 연도의 NCPMS 예찰자료만 사용한 상대 위험 전망으로, 기상·재배면적·방제 변화와 2027년 실제 발생을 확정하지 않습니다.",관찰
양파,노균병,병해,전북특별자치도,39,20,14,감소,보통,11,2024·2026,"기준선 비교: 2026 유지 20.0점, 2024·2026 가중평균 26.6점, 선택 모델(완화 추세+표본 축소) 13.9점. 지역 변화 -18.8점을 표본가중치 0.48로 같은 병해충·작물의 지역 중앙 변화 -16.4점 방향에 축소하고, 1년 연장 변화는 ±20점으로 제한했습니다. 양년 자료 있음, 공통 조사단위 5개, 유효 관측 11건, 결측률 0.0%, 단위별 변화 변동성 36.5점. 비교는 가능하지만 표본 또는 변동성에 불확실성이 남습니다. 2024·2026 두 개 연도의 NCPMS 예찰자료만 사용한 상대 위험 전망으로, 기상·재배면적·방제 변화와 2027년 실제 발생을 확정하지 않습니다.",관찰
포도,노균병,병해,경기도,,0,,전망자료 부족,낮음,8,2026,"양년 자료 없음, 공통 조사단위 0개, 유효 관측 8건, 결측률 0.0%, 단위별 변화 변동성 100.0점. 제한된 비교 단위 또는 변동성 때문에 보수적으로 낮게 평가합니다. 2024·2026 두 개 연도의 NCPMS 예찰자료만 사용한 상대 위험 전망으로, 기상·재배면적·방제 변화와 2027년 실제 발생을 확정하지 않습니다.",전망자료 부족
포도,노균병,병해,경상남도,,12,,전망자료 부족,낮음,8,2026,"양년 자료 없음, 공통 조사단위 0개, 유효 관측 8건, 결측률 0.0%, 단위별 변화 변동성 100.0점. 제한된 비교 단위 또는 변동성 때문에 보수적으로 낮게 평가합니다. 2024·2026 두 개 연도의 NCPMS 예찰자료만 사용한 상대 위험 전망으로, 기상·재배면적·방제 변화와 2027년 실제 발생을 확정하지 않습니다.",전망자료 부족
포도,노균병,병해,경상북도,,57,,전망자료 부족,낮음,8,2026,"양년 자료 없음, 공통 조사단위 0개, 유효 관측 8건, 결측률 0.0%, 단위별 변화 변동성 100.0점. 제한된 비교 단위 또는 변동성 때문에 보수적으로 낮게 평가합니다. 2024·2026 두 개 연도의 NCPMS 예찰자료만 사용한 상대 위험 전망으로, 기상·재배면적·방제 변화와 2027년 실제 발생을 확정하지 않습니다.",전망자료 부족
포도,노균병,병해,대전광역시,,0,,전망자료 부족,낮음,8,2026,"양년 자료 없음, 공통 조사단위 0개, 유효 관측 8건, 결측률 0.0%, 단위별 변화 변동성 100.0점. 제한된 비교 단위 또는 변동성 때문에 보수적으로 낮게 평가합니다. 2024·2026 두 개 연도의 NCPMS 예찰자료만 사용한 상대 위험 전망으로, 기상·재배면적·방제 변화와 2027년 실제 발생을 확정하지 않습니다.",전망자료 부족
포도,노균병,병해,전남광주통합특별시,,0,,전망자료 부족,낮음,8,2026,"양년 자료 없음, 공통 조사단위 0개, 유효 관측 8건, 결측률 0.0%, 단위별 변화 변동성 100.0점. 제한된 비교 단위 또는 변동성 때문에 보수적으로 낮게 평가합니다. 2024·2026 두 개 연도의 NCPMS 예찰자료만 사용한 상대 위험 전망으로, 기상·재배면적·방제 변화와 2027년 실제 발생을 확정하지 않습니다.",전망자료 부족
포도,노균병,병해,전북특별자치도,,1,,전망자료 부족,낮음,8,2026,"양년 자료 없음, 공통 조사단위 0개, 유효 관측 8건, 결측률 0.0%, 단위별 변화 변동성 100.0점. 제한된 비교 단위 또는 변동성 때문에 보수적으로 낮게 평가합니다. 2024·2026 두 개 연도의 NCPMS 예찰자료만 사용한 상대 위험 전망으로, 기상·재배면적·방제 변화와 2027년 실제 발생을 확정하지 않습니다.",전망자료 부족
포도,노균병,병해,충청남도,,14,,전망자료 부족,낮음,7,2026,"양년 자료 없음, 공통 조사단위 0개, 유효 관측 7건, 결측률 0.0%, 단위별 변화 변동성 100.0점. 제한된 비교 단위 또는 변동성 때문에 보수적으로 낮게 평가합니다. 2024·2026 두 개 연도의 NCPMS 예찰자료만 사용한 상대 위험 전망으로, 기상·재배면적·방제 변화와 2027년 실제 발생을 확정하지 않습니다.",전망자료 부족
포도,노균병,병해,충청북도,,0,,전망자료 부족,낮음,8,2026,"양년 자료 없음, 공통 조사단위 0개, 유효 관측 8건, 결측률 0.0%, 단위별 변화 변동성 100.0점. 제한된 비교 단위 또는 변동성 때문에 보수적으로 낮게 평가합니다. 2024·2026 두 개 연도의 NCPMS 예찰자료만 사용한 상대 위험 전망으로, 기상·재배면적·방제 변화와 2027년 실제 발생을 확정하지 않습니다.",전망자료 부족
감,노린재류,해충,경상남도,,13,,전망자료 부족,낮음,7,2026,"양년 자료 없음, 공통 조사단위 0개, 유효 관측 7건, 결측률 0.0%, 단위별 변화 변동성 100.0점. 제한된 비교 단위 또는 변동성 때문에 보수적으로 낮게 평가합니다. 2024·2026 두 개 연도의 NCPMS 예찰자료만 사용한 상대 위험 전망으로, 기상·재배면적·방제 변화와 2027년 실제 발생을 확정하지 않습니다.",전망자료 부족
감,노린재류,해충,경상북도,,70,,전망자료 부족,낮음,7,2026,"양년 자료 없음, 공통 조사단위 0개, 유효 관측 7건, 결측률 0.0%, 단위별 변화 변동성 100.0점. 제한된 비교 단위 또는 변동성 때문에 보수적으로 낮게 평가합니다. 2024·2026 두 개 연도의 NCPMS 예찰자료만 사용한 상대 위험 전망으로, 기상·재배면적·방제 변화와 2027년 실제 발생을 확정하지 않습니다.",전망자료 부족
감,노린재류,해충,울산광역시,,16,,전망자료 부족,낮음,6,2026,"양년 자료 없음, 공통 조사단위 0개, 유효 관측 6건, 결측률 0.0%, 단위별 변화 변동성 100.0점. 제한된 비교 단위 또는 변동성 때문에 보수적으로 낮게 평가합니다. 2024·2026 두 개 연도의 NCPMS 예찰자료만 사용한 상대 위험 전망으로, 기상·재배면적·방제 변화와 2027년 실제 발생을 확정하지 않습니다.",전망자료 부족
감,노린재류,해충,전남광주통합특별시,,5,,전망자료 부족,낮음,7,2026,"양년 자료 없음, 공통 조사단위 0개, 유효 관측 7건, 결측률 0.0%, 단위별 변화 변동성 100.0점. 제한된 비교 단위 또는 변동성 때문에 보수적으로 낮게 평가합니다. 2024·2026 두 개 연도의 NCPMS 예찰자료만 사용한 상대 위험 전망으로, 기상·재배면적·방제 변화와 2027년 실제 발생을 확정하지 않습니다.",전망자료 부족
사과,노린재류,해충,강원특별자치도,17,0,0,유지,보통,15,2024·2026,"기준선 비교: 2026 유지 0.0점, 2024·2026 가중평균 6.1점, 선택 모델(완화 추세+표본 축소) 0.0점. 지역 변화 -17.5점을 표본가중치 0.56로 같은 병해충·작물의 지역 중앙 변화 +0.5점 방향에 축소하고, 1년 연장 변화는 ±20점으로 제한했습니다. 양년 자료 있음, 공통 조사단위 3개, 유효 관측 15건, 결측률 0.0%, 단위별 변화 변동성 13.2점. 비교는 가능하지만 표본 또는 변동성에 불확실성이 남습니다. 2024·2026 두 개 연도의 NCPMS 예찰자료만 사용한 상대 위험 전망으로, 기상·재배면적·방제 변화와 2027년 실제 발생을 확정하지 않습니다.",관찰
사과,노린재류,해충,경기도,90,0,0,유지,보통,15,2024·2026,"기준선 비교: 2026 유지 0.0점, 2024·2026 가중평균 31.5점, 선택 모델(완화 추세+표본 축소) 0.0점. 지역 변화 -90.0점을 표본가중치 0.56로 같은 병해충·작물의 지역 중앙 변화 +0.5점 방향에 축소하고, 1년 연장 변화는 ±20점으로 제한했습니다. 양년 자료 있음, 공통 조사단위 3개, 유효 관측 15건, 결측률 0.0%, 단위별 변화 변동성 9.8점. 비교는 가능하지만 표본 또는 변동성에 불확실성이 남습니다. 2024·2026 두 개 연도의 NCPMS 예찰자료만 사용한 상대 위험 전망으로, 기상·재배면적·방제 변화와 2027년 실제 발생을 확정하지 않습니다.",관찰
사과,노린재류,해충,경상남도,0,17,20,유지,보통,15,2024·2026,"기준선 비교: 2026 유지 17.1점, 2024·2026 가중평균 11.1점, 선택 모델(완화 추세+표본 축소) 20.5점. 지역 변화 +17.1점을 표본가중치 0.56로 같은 병해충·작물의 지역 중앙 변화 +0.5점 방향에 축소하고, 1년 연장 변화는 ±20점으로 제한했습니다. 양년 자료 있음, 공통 조사단위 3개, 유효 관측 15건, 결측률 0.0%, 단위별 변화 변동성 0.0점. 비교는 가능하지만 표본 또는 변동성에 불확실성이 남습니다. 2024·2026 두 개 연도의 NCPMS 예찰자료만 사용한 상대 위험 전망으로, 기상·재배면적·방제 변화와 2027년 실제 발생을 확정하지 않습니다.",관찰
사과,노린재류,해충,경상북도,13,7,6,유지,보통,15,2024·2026,"기준선 비교: 2026 유지 6.6점, 2024·2026 가중평균 8.8점, 선택 모델(완화 추세+표본 축소) 5.5점. 지역 변화 -6.1점을 표본가중치 0.56로 같은 병해충·작물의 지역 중앙 변화 +0.5점 방향에 축소하고, 1년 연장 변화는 ±20점으로 제한했습니다. 양년 자료 있음, 공통 조사단위 3개, 유효 관측 15건, 결측률 0.0%, 단위별 변화 변동성 3.1점. 비교는 가능하지만 표본 또는 변동성에 불확실성이 남습니다. 2024·2026 두 개 연도의 NCPMS 예찰자료만 사용한 상대 위험 전망으로, 기상·재배면적·방제 변화와 2027년 실제 발생을 확정하지 않습니다.",관찰
사과,노린재류,해충,대구광역시,33,,,전망자료 부족,낮음,3,2024,"양년 자료 없음, 공통 조사단위 0개, 유효 관측 3건, 결측률 0.0%, 단위별 변화 변동성 100.0점. 제한된 비교 단위 또는 변동성 때문에 보수적으로 낮게 평가합니다. 2024·2026 두 개 연도의 NCPMS 예찰자료만 사용한 상대 위험 전망으로, 기상·재배면적·방제 변화와 2027년 실제 발생을 확정하지 않습니다.",전망자료 부족
사과,노린재류,해충,전남광주통합특별시,0,27,32,증가,보통,13,2024·2026,"기준선 비교: 2026 유지 26.9점, 2024·2026 가중평균 17.5점, 선택 모델(완화 추세+표본 축소) 31.9점. 지역 변화 +26.9점을 표본가중치 0.52로 같은 병해충·작물의 지역 중앙 변화 +0.5점 방향에 축소하고, 1년 연장 변화는 ±20점으로 제한했습니다. 양년 자료 있음, 공통 조사단위 2개, 유효 관측 13건, 결측률 0.0%, 단위별 변화 변동성 0.0점. 비교는 가능하지만 표본 또는 변동성에 불확실성이 남습니다. 2024·2026 두 개 연도의 NCPMS 예찰자료만 사용한 상대 위험 전망으로, 기상·재배면적·방제 변화와 2027년 실제 발생을 확정하지 않습니다.",관찰
사과,노린재류,해충,전북특별자치도,27,32,33,유지,보통,15,2024·2026,"기준선 비교: 2026 유지 32.1점, 2024·2026 가중평균 30.3점, 선택 모델(완화 추세+표본 축소) 33.2점. 지역 변화 +5.2점을 표본가중치 0.56로 같은 병해충·작물의 지역 중앙 변화 +0.5점 방향에 축소하고, 1년 연장 변화는 ±20점으로 제한했습니다. 양년 자료 있음, 공통 조사단위 3개, 유효 관측 15건, 결측률 0.0%, 단위별 변화 변동성 8.6점. 비교는 가능하지만 표본 또는 변동성에 불확실성이 남습니다. 2024·2026 두 개 연도의 NCPMS 예찰자료만 사용한 상대 위험 전망으로, 기상·재배면적·방제 변화와 2027년 실제 발생을 확정하지 않습니다.",관찰
사과,노린재류,해충,충청남도,0,0,1,유지,보통,15,2024·2026,"기준선 비교: 2026 유지 0.5점, 2024·2026 가중평균 0.3점, 선택 모델(완화 추세+표본 축소) 0.7점. 지역 변화 +0.5점을 표본가중치 0.56로 같은 병해충·작물의 지역 중앙 변화 +0.5점 방향에 축소하고, 1년 연장 변화는 ±20점으로 제한했습니다. 양년 자료 있음, 공통 조사단위 3개, 유효 관측 15건, 결측률 0.0%, 단위별 변화 변동성 0.3점. 비교는 가능하지만 표본 또는 변동성에 불확실성이 남습니다. 2024·2026 두 개 연도의 NCPMS 예찰자료만 사용한 상대 위험 전망으로, 기상·재배면적·방제 변화와 2027년 실제 발생을 확정하지 않습니다.",관찰
사과,노린재류,해충,충청북도,33,34,34,유지,보통,15,2024·2026,"기준선 비교: 2026 유지 34.1점, 2024·2026 가중평균 33.9점, 선택 모델(완화 추세+표본 축소) 34.3점. 지역 변화 +0.6점을 표본가중치 0.56로 같은 병해충·작물의 지역 중앙 변화 +0.5점 방향에 축소하고, 1년 연장 변화는 ±20점으로 제한했습니다. 양년 자료 있음, 공통 조사단위 3개, 유효 관측 15건, 결측률 0.0%, 단위별 변화 변동성 11.9점. 비교는 가능하지만 표본 또는 변동성에 불확실성이 남습니다. 2024·2026 두 개 연도의 NCPMS 예찰자료만 사용한 상대 위험 전망으로, 기상·재배면적·방제 변화와 2027년 실제 발생을 확정하지 않습니다.",주의
고추,노지고추-담배나방,해충,강원특별자치도,,24,,전망자료 부족,낮음,5,2026,"양년 자료 없음, 공통 조사단위 0개, 유효 관측 5건, 결측률 0.0%, 단위별 변화 변동성 100.0점. 제한된 비교 단위 또는 변동성 때문에 보수적으로 낮게 평가합니다. 2024·2026 두 개 연도의 NCPMS 예찰자료만 사용한 상대 위험 전망으로, 기상·재배면적·방제 변화와 2027년 실제 발생을 확정하지 않습니다.",전망자료 부족
고추,노지고추-담배나방,해충,경기도,,3,,전망자료 부족,낮음,5,2026,"양년 자료 없음, 공통 조사단위 0개, 유효 관측 5건, 결측률 0.0%, 단위별 변화 변동성 100.0점. 제한된 비교 단위 또는 변동성 때문에 보수적으로 낮게 평가합니다. 2024·2026 두 개 연도의 NCPMS 예찰자료만 사용한 상대 위험 전망으로, 기상·재배면적·방제 변화와 2027년 실제 발생을 확정하지 않습니다.",전망자료 부족
고추,노지고추-담배나방,해충,경상남도,,29,,전망자료 부족,낮음,5,2026,"양년 자료 없음, 공통 조사단위 0개, 유효 관측 5건, 결측률 0.0%, 단위별 변화 변동성 100.0점. 제한된 비교 단위 또는 변동성 때문에 보수적으로 낮게 평가합니다. 2024·2026 두 개 연도의 NCPMS 예찰자료만 사용한 상대 위험 전망으로, 기상·재배면적·방제 변화와 2027년 실제 발생을 확정하지 않습니다.",전망자료 부족
고추,노지고추-담배나방,해충,경상북도,,11,,전망자료 부족,낮음,5,2026,"양년 자료 없음, 공통 조사단위 0개, 유효 관측 5건, 결측률 0.0%, 단위별 변화 변동성 100.0점. 제한된 비교 단위 또는 변동성 때문에 보수적으로 낮게 평가합니다. 2024·2026 두 개 연도의 NCPMS 예찰자료만 사용한 상대 위험 전망으로, 기상·재배면적·방제 변화와 2027년 실제 발생을 확정하지 않습니다.",전망자료 부족
고추,노지고추-담배나방,해충,대구광역시,,0,,전망자료 부족,낮음,5,2026,"양년 자료 없음, 공통 조사단위 0개, 유효 관측 5건, 결측률 0.0%, 단위별 변화 변동성 100.0점. 제한된 비교 단위 또는 변동성 때문에 보수적으로 낮게 평가합니다. 2024·2026 두 개 연도의 NCPMS 예찰자료만 사용한 상대 위험 전망으로, 기상·재배면적·방제 변화와 2027년 실제 발생을 확정하지 않습니다.",전망자료 부족
고추,노지고추-담배나방,해충,전남광주통합특별시,,25,,전망자료 부족,낮음,5,2026,"양년 자료 없음, 공통 조사단위 0개, 유효 관측 5건, 결측률 0.0%, 단위별 변화 변동성 100.0점. 제한된 비교 단위 또는 변동성 때문에 보수적으로 낮게 평가합니다. 2024·2026 두 개 연도의 NCPMS 예찰자료만 사용한 상대 위험 전망으로, 기상·재배면적·방제 변화와 2027년 실제 발생을 확정하지 않습니다.",전망자료 부족
고추,노지고추-담배나방,해충,전북특별자치도,,14,,전망자료 부족,낮음,5,2026,"양년 자료 없음, 공통 조사단위 0개, 유효 관측 5건, 결측률 0.0%, 단위별 변화 변동성 100.0점. 제한된 비교 단위 또는 변동성 때문에 보수적으로 낮게 평가합니다. 2024·2026 두 개 연도의 NCPMS 예찰자료만 사용한 상대 위험 전망으로, 기상·재배면적·방제 변화와 2027년 실제 발생을 확정하지 않습니다.",전망자료 부족
고추,노지고추-담배나방,해충,충청남도,,62,,전망자료 부족,낮음,5,2026,"양년 자료 없음, 공통 조사단위 0개, 유효 관측 5건, 결측률 0.0%, 단위별 변화 변동성 100.0점. 제한된 비교 단위 또는 변동성 때문에 보수적으로 낮게 평가합니다. 2024·2026 두 개 연도의 NCPMS 예찰자료만 사용한 상대 위험 전망으로, 기상·재배면적·방제 변화와 2027년 실제 발생을 확정하지 않습니다.",전망자료 부족
고추,노지고추-담배나방,해충,충청북도,,32,,전망자료 부족,낮음,5,2026,"양년 자료 없음, 공통 조사단위 0개, 유효 관측 5건, 결측률 0.0%, 단위별 변화 변동성 100.0점. 제한된 비교 단위 또는 변동성 때문에 보수적으로 낮게 평가합니다. 2024·2026 두 개 연도의 NCPMS 예찰자료만 사용한 상대 위험 전망으로, 기상·재배면적·방제 변화와 2027년 실제 발생을 확정하지 않습니다.",전망자료 부족
고추,노지고추-무름병,병해,강원특별자치도,,20,,전망자료 부족,낮음,5,2026,"양년 자료 없음, 공통 조사단위 0개, 유효 관측 5건, 결측률 0.0%, 단위별 변화 변동성 100.0점. 제한된 비교 단위 또는 변동성 때문에 보수적으로 낮게 평가합니다. 2024·2026 두 개 연도의 NCPMS 예찰자료만 사용한 상대 위험 전망으로, 기상·재배면적·방제 변화와 2027년 실제 발생을 확정하지 않습니다.",전망자료 부족
고추,노지고추-무름병,병해,경기도,,1,,전망자료 부족,낮음,5,2026,"양년 자료 없음, 공통 조사단위 0개, 유효 관측 5건, 결측률 0.0%, 단위별 변화 변동성 100.0점. 제한된 비교 단위 또는 변동성 때문에 보수적으로 낮게 평가합니다. 2024·2026 두 개 연도의 NCPMS 예찰자료만 사용한 상대 위험 전망으로, 기상·재배면적·방제 변화와 2027년 실제 발생을 확정하지 않습니다.",전망자료 부족
고추,노지고추-무름병,병해,경상남도,,0,,전망자료 부족,낮음,5,2026,"양년 자료 없음, 공통 조사단위 0개, 유효 관측 5건, 결측률 0.0%, 단위별 변화 변동성 100.0점. 제한된 비교 단위 또는 변동성 때문에 보수적으로 낮게 평가합니다. 2024·2026 두 개 연도의 NCPMS 예찰자료만 사용한 상대 위험 전망으로, 기상·재배면적·방제 변화와 2027년 실제 발생을 확정하지 않습니다.",전망자료 부족
고추,노지고추-무름병,병해,경상북도,,42,,전망자료 부족,낮음,5,2026,"양년 자료 없음, 공통 조사단위 0개, 유효 관측 5건, 결측률 0.0%, 단위별 변화 변동성 100.0점. 제한된 비교 단위 또는 변동성 때문에 보수적으로 낮게 평가합니다. 2024·2026 두 개 연도의 NCPMS 예찰자료만 사용한 상대 위험 전망으로, 기상·재배면적·방제 변화와 2027년 실제 발생을 확정하지 않습니다.",전망자료 부족
고추,노지고추-무름병,병해,대구광역시,,0,,전망자료 부족,낮음,5,2026,"양년 자료 없음, 공통 조사단위 0개, 유효 관측 5건, 결측률 0.0%, 단위별 변화 변동성 100.0점. 제한된 비교 단위 또는 변동성 때문에 보수적으로 낮게 평가합니다. 2024·2026 두 개 연도의 NCPMS 예찰자료만 사용한 상대 위험 전망으로, 기상·재배면적·방제 변화와 2027년 실제 발생을 확정하지 않습니다.",전망자료 부족
고추,노지고추-무름병,병해,전남광주통합특별시,,0,,전망자료 부족,낮음,5,2026,"양년 자료 없음, 공통 조사단위 0개, 유효 관측 5건, 결측률 0.0%, 단위별 변화 변동성 100.0점. 제한된 비교 단위 또는 변동성 때문에 보수적으로 낮게 평가합니다. 2024·2026 두 개 연도의 NCPMS 예찰자료만 사용한 상대 위험 전망으로, 기상·재배면적·방제 변화와 2027년 실제 발생을 확정하지 않습니다.",전망자료 부족
고추,노지고추-무름병,병해,전북특별자치도,,0,,전망자료 부족,낮음,5,2026,"양년 자료 없음, 공통 조사단위 0개, 유효 관측 5건, 결측률 0.0%, 단위별 변화 변동성 100.0점. 제한된 비교 단위 또는 변동성 때문에 보수적으로 낮게 평가합니다. 2024·2026 두 개 연도의 NCPMS 예찰자료만 사용한 상대 위험 전망으로, 기상·재배면적·방제 변화와 2027년 실제 발생을 확정하지 않습니다.",전망자료 부족
고추,노지고추-무름병,병해,충청남도,,20,,전망자료 부족,낮음,5,2026,"양년 자료 없음, 공통 조사단위 0개, 유효 관측 5건, 결측률 0.0%, 단위별 변화 변동성 100.0점. 제한된 비교 단위 또는 변동성 때문에 보수적으로 낮게 평가합니다. 2024·2026 두 개 연도의 NCPMS 예찰자료만 사용한 상대 위험 전망으로, 기상·재배면적·방제 변화와 2027년 실제 발생을 확정하지 않습니다.",전망자료 부족
고추,노지고추-무름병,병해,충청북도,,26,,전망자료 부족,낮음,5,2026,"양년 자료 없음, 공통 조사단위 0개, 유효 관측 5건, 결측률 0.0%, 단위별 변화 변동성 100.0점. 제한된 비교 단위 또는 변동성 때문에 보수적으로 낮게 평가합니다. 2024·2026 두 개 연도의 NCPMS 예찰자료만 사용한 상대 위험 전망으로, 기상·재배면적·방제 변화와 2027년 실제 발생을 확정하지 않습니다.",전망자료 부족
고추,노지고추-바이러스,기타,강원특별자치도,0,,,전망자료 부족,낮음,2,2024,"양년 자료 없음, 공통 조사단위 0개, 유효 관측 2건, 결측률 0.0%, 단위별 변화 변동성 100.0점. 제한된 비교 단위 또는 변동성 때문에 보수적으로 낮게 평가합니다. 2024·2026 두 개 연도의 NCPMS 예찰자료만 사용한 상대 위험 전망으로, 기상·재배면적·방제 변화와 2027년 실제 발생을 확정하지 않습니다.",전망자료 부족
고추,노지고추-바이러스,기타,경기도,0,,,전망자료 부족,낮음,2,2024,"양년 자료 없음, 공통 조사단위 0개, 유효 관측 2건, 결측률 0.0%, 단위별 변화 변동성 100.0점. 제한된 비교 단위 또는 변동성 때문에 보수적으로 낮게 평가합니다. 2024·2026 두 개 연도의 NCPMS 예찰자료만 사용한 상대 위험 전망으로, 기상·재배면적·방제 변화와 2027년 실제 발생을 확정하지 않습니다.",전망자료 부족
고추,노지고추-바이러스,기타,경상남도,0,,,전망자료 부족,낮음,2,2024,"양년 자료 없음, 공통 조사단위 0개, 유효 관측 2건, 결측률 0.0%, 단위별 변화 변동성 100.0점. 제한된 비교 단위 또는 변동성 때문에 보수적으로 낮게 평가합니다. 2024·2026 두 개 연도의 NCPMS 예찰자료만 사용한 상대 위험 전망으로, 기상·재배면적·방제 변화와 2027년 실제 발생을 확정하지 않습니다.",전망자료 부족
고추,노지고추-바이러스,기타,경상북도,21,,,전망자료 부족,낮음,9,2024,"양년 자료 없음, 공통 조사단위 0개, 유효 관측 9건, 결측률 0.0%, 단위별 변화 변동성 100.0점. 제한된 비교 단위 또는 변동성 때문에 보수적으로 낮게 평가합니다. 2024·2026 두 개 연도의 NCPMS 예찰자료만 사용한 상대 위험 전망으로, 기상·재배면적·방제 변화와 2027년 실제 발생을 확정하지 않습니다.",전망자료 부족
고추,노지고추-바이러스,기타,대구광역시,0,,,전망자료 부족,낮음,2,2024,"양년 자료 없음, 공통 조사단위 0개, 유효 관측 2건, 결측률 0.0%, 단위별 변화 변동성 100.0점. 제한된 비교 단위 또는 변동성 때문에 보수적으로 낮게 평가합니다. 2024·2026 두 개 연도의 NCPMS 예찰자료만 사용한 상대 위험 전망으로, 기상·재배면적·방제 변화와 2027년 실제 발생을 확정하지 않습니다.",전망자료 부족
고추,노지고추-바이러스,기타,전남광주통합특별시,76,,,전망자료 부족,낮음,2,2024,"양년 자료 없음, 공통 조사단위 0개, 유효 관측 2건, 결측률 0.0%, 단위별 변화 변동성 100.0점. 제한된 비교 단위 또는 변동성 때문에 보수적으로 낮게 평가합니다. 2024·2026 두 개 연도의 NCPMS 예찰자료만 사용한 상대 위험 전망으로, 기상·재배면적·방제 변화와 2027년 실제 발생을 확정하지 않습니다.",전망자료 부족
고추,노지고추-바이러스,기타,전북특별자치도,1,,,전망자료 부족,낮음,2,2024,"양년 자료 없음, 공통 조사단위 0개, 유효 관측 2건, 결측률 0.0%, 단위별 변화 변동성 100.0점. 제한된 비교 단위 또는 변동성 때문에 보수적으로 낮게 평가합니다. 2024·2026 두 개 연도의 NCPMS 예찰자료만 사용한 상대 위험 전망으로, 기상·재배면적·방제 변화와 2027년 실제 발생을 확정하지 않습니다.",전망자료 부족
고추,노지고추-바이러스,기타,충청남도,30,,,전망자료 부족,낮음,3,2024,"양년 자료 없음, 공통 조사단위 0개, 유효 관측 3건, 결측률 0.0%, 단위별 변화 변동성 100.0점. 제한된 비교 단위 또는 변동성 때문에 보수적으로 낮게 평가합니다. 2024·2026 두 개 연도의 NCPMS 예찰자료만 사용한 상대 위험 전망으로, 기상·재배면적·방제 변화와 2027년 실제 발생을 확정하지 않습니다.",전망자료 부족
고추,노지고추-바이러스,기타,충청북도,0,,,전망자료 부족,낮음,2,2024,"양년 자료 없음, 공통 조사단위 0개, 유효 관측 2건, 결측률 0.0%, 단위별 변화 변동성 100.0점. 제한된 비교 단위 또는 변동성 때문에 보수적으로 낮게 평가합니다. 2024·2026 두 개 연도의 NCPMS 예찰자료만 사용한 상대 위험 전망으로, 기상·재배면적·방제 변화와 2027년 실제 발생을 확정하지 않습니다.",전망자료 부족
고추,노지고추-세균점무늬병,병해,강원특별자치도,,23,,전망자료 부족,낮음,5,2026,"양년 자료 없음, 공통 조사단위 0개, 유효 관측 5건, 결측률 0.0%, 단위별 변화 변동성 100.0점. 제한된 비교 단위 또는 변동성 때문에 보수적으로 낮게 평가합니다. 2024·2026 두 개 연도의 NCPMS 예찰자료만 사용한 상대 위험 전망으로, 기상·재배면적·방제 변화와 2027년 실제 발생을 확정하지 않습니다.",전망자료 부족
고추,노지고추-세균점무늬병,병해,경기도,,0,,전망자료 부족,낮음,5,2026,"양년 자료 없음, 공통 조사단위 0개, 유효 관측 5건, 결측률 0.0%, 단위별 변화 변동성 100.0점. 제한된 비교 단위 또는 변동성 때문에 보수적으로 낮게 평가합니다. 2024·2026 두 개 연도의 NCPMS 예찰자료만 사용한 상대 위험 전망으로, 기상·재배면적·방제 변화와 2027년 실제 발생을 확정하지 않습니다.",전망자료 부족
고추,노지고추-세균점무늬병,병해,경상남도,,0,,전망자료 부족,낮음,5,2026,"양년 자료 없음, 공통 조사단위 0개, 유효 관측 5건, 결측률 0.0%, 단위별 변화 변동성 100.0점. 제한된 비교 단위 또는 변동성 때문에 보수적으로 낮게 평가합니다. 2024·2026 두 개 연도의 NCPMS 예찰자료만 사용한 상대 위험 전망으로, 기상·재배면적·방제 변화와 2027년 실제 발생을 확정하지 않습니다.",전망자료 부족
고추,노지고추-세균점무늬병,병해,경상북도,,6,,전망자료 부족,낮음,5,2026,"양년 자료 없음, 공통 조사단위 0개, 유효 관측 5건, 결측률 0.0%, 단위별 변화 변동성 100.0점. 제한된 비교 단위 또는 변동성 때문에 보수적으로 낮게 평가합니다. 2024·2026 두 개 연도의 NCPMS 예찰자료만 사용한 상대 위험 전망으로, 기상·재배면적·방제 변화와 2027년 실제 발생을 확정하지 않습니다.",전망자료 부족
고추,노지고추-세균점무늬병,병해,대구광역시,,0,,전망자료 부족,낮음,5,2026,"양년 자료 없음, 공통 조사단위 0개, 유효 관측 5건, 결측률 0.0%, 단위별 변화 변동성 100.0점. 제한된 비교 단위 또는 변동성 때문에 보수적으로 낮게 평가합니다. 2024·2026 두 개 연도의 NCPMS 예찰자료만 사용한 상대 위험 전망으로, 기상·재배면적·방제 변화와 2027년 실제 발생을 확정하지 않습니다.",전망자료 부족
고추,노지고추-세균점무늬병,병해,전남광주통합특별시,,9,,전망자료 부족,낮음,5,2026,"양년 자료 없음, 공통 조사단위 0개, 유효 관측 5건, 결측률 0.0%, 단위별 변화 변동성 100.0점. 제한된 비교 단위 또는 변동성 때문에 보수적으로 낮게 평가합니다. 2024·2026 두 개 연도의 NCPMS 예찰자료만 사용한 상대 위험 전망으로, 기상·재배면적·방제 변화와 2027년 실제 발생을 확정하지 않습니다.",전망자료 부족
고추,노지고추-세균점무늬병,병해,전북특별자치도,,45,,전망자료 부족,낮음,5,2026,"양년 자료 없음, 공통 조사단위 0개, 유효 관측 5건, 결측률 0.0%, 단위별 변화 변동성 100.0점. 제한된 비교 단위 또는 변동성 때문에 보수적으로 낮게 평가합니다. 2024·2026 두 개 연도의 NCPMS 예찰자료만 사용한 상대 위험 전망으로, 기상·재배면적·방제 변화와 2027년 실제 발생을 확정하지 않습니다.",전망자료 부족
고추,노지고추-세균점무늬병,병해,충청남도,,34,,전망자료 부족,낮음,5,2026,"양년 자료 없음, 공통 조사단위 0개, 유효 관측 5건, 결측률 0.0%, 단위별 변화 변동성 100.0점. 제한된 비교 단위 또는 변동성 때문에 보수적으로 낮게 평가합니다. 2024·2026 두 개 연도의 NCPMS 예찰자료만 사용한 상대 위험 전망으로, 기상·재배면적·방제 변화와 2027년 실제 발생을 확정하지 않습니다.",전망자료 부족
고추,노지고추-세균점무늬병,병해,충청북도,,0,,전망자료 부족,낮음,5,2026,"양년 자료 없음, 공통 조사단위 0개, 유효 관측 5건, 결측률 0.0%, 단위별 변화 변동성 100.0점. 제한된 비교 단위 또는 변동성 때문에 보수적으로 낮게 평가합니다. 2024·2026 두 개 연도의 NCPMS 예찰자료만 사용한 상대 위험 전망으로, 기상·재배면적·방제 변화와 2027년 실제 발생을 확정하지 않습니다.",전망자료 부족
고추,노지고추-역병,병해,강원특별자치도,,0,,전망자료 부족,낮음,5,2026,"양년 자료 없음, 공통 조사단위 0개, 유효 관측 5건, 결측률 0.0%, 단위별 변화 변동성 100.0점. 제한된 비교 단위 또는 변동성 때문에 보수적으로 낮게 평가합니다. 2024·2026 두 개 연도의 NCPMS 예찰자료만 사용한 상대 위험 전망으로, 기상·재배면적·방제 변화와 2027년 실제 발생을 확정하지 않습니다.",전망자료 부족
고추,노지고추-역병,병해,경기도,,0,,전망자료 부족,낮음,5,2026,"양년 자료 없음, 공통 조사단위 0개, 유효 관측 5건, 결측률 0.0%, 단위별 변화 변동성 100.0점. 제한된 비교 단위 또는 변동성 때문에 보수적으로 낮게 평가합니다. 2024·2026 두 개 연도의 NCPMS 예찰자료만 사용한 상대 위험 전망으로, 기상·재배면적·방제 변화와 2027년 실제 발생을 확정하지 않습니다.",전망자료 부족
고추,노지고추-역병,병해,경상남도,,0,,전망자료 부족,낮음,5,2026,"양년 자료 없음, 공통 조사단위 0개, 유효 관측 5건, 결측률 0.0%, 단위별 변화 변동성 100.0점. 제한된 비교 단위 또는 변동성 때문에 보수적으로 낮게 평가합니다. 2024·2026 두 개 연도의 NCPMS 예찰자료만 사용한 상대 위험 전망으로, 기상·재배면적·방제 변화와 2027년 실제 발생을 확정하지 않습니다.",전망자료 부족
고추,노지고추-역병,병해,경상북도,,0,,전망자료 부족,낮음,5,2026,"양년 자료 없음, 공통 조사단위 0개, 유효 관측 5건, 결측률 0.0%, 단위별 변화 변동성 100.0점. 제한된 비교 단위 또는 변동성 때문에 보수적으로 낮게 평가합니다. 2024·2026 두 개 연도의 NCPMS 예찰자료만 사용한 상대 위험 전망으로, 기상·재배면적·방제 변화와 2027년 실제 발생을 확정하지 않습니다.",전망자료 부족
고추,노지고추-역병,병해,대구광역시,,0,,전망자료 부족,낮음,5,2026,"양년 자료 없음, 공통 조사단위 0개, 유효 관측 5건, 결측률 0.0%, 단위별 변화 변동성 100.0점. 제한된 비교 단위 또는 변동성 때문에 보수적으로 낮게 평가합니다. 2024·2026 두 개 연도의 NCPMS 예찰자료만 사용한 상대 위험 전망으로, 기상·재배면적·방제 변화와 2027년 실제 발생을 확정하지 않습니다.",전망자료 부족
고추,노지고추-역병,병해,전남광주통합특별시,,10,,전망자료 부족,낮음,5,2026,"양년 자료 없음, 공통 조사단위 0개, 유효 관측 5건, 결측률 0.0%, 단위별 변화 변동성 100.0점. 제한된 비교 단위 또는 변동성 때문에 보수적으로 낮게 평가합니다. 2024·2026 두 개 연도의 NCPMS 예찰자료만 사용한 상대 위험 전망으로, 기상·재배면적·방제 변화와 2027년 실제 발생을 확정하지 않습니다.",전망자료 부족
고추,노지고추-역병,병해,전북특별자치도,,60,,전망자료 부족,낮음,5,2026,"양년 자료 없음, 공통 조사단위 0개, 유효 관측 5건, 결측률 0.0%, 단위별 변화 변동성 100.0점. 제한된 비교 단위 또는 변동성 때문에 보수적으로 낮게 평가합니다. 2024·2026 두 개 연도의 NCPMS 예찰자료만 사용한 상대 위험 전망으로, 기상·재배면적·방제 변화와 2027년 실제 발생을 확정하지 않습니다.",전망자료 부족
고추,노지고추-역병,병해,충청남도,,7,,전망자료 부족,낮음,5,2026,"양년 자료 없음, 공통 조사단위 0개, 유효 관측 5건, 결측률 0.0%, 단위별 변화 변동성 100.0점. 제한된 비교 단위 또는 변동성 때문에 보수적으로 낮게 평가합니다. 2024·2026 두 개 연도의 NCPMS 예찰자료만 사용한 상대 위험 전망으로, 기상·재배면적·방제 변화와 2027년 실제 발생을 확정하지 않습니다.",전망자료 부족
고추,노지고추-역병,병해,충청북도,,3,,전망자료 부족,낮음,5,2026,"양년 자료 없음, 공통 조사단위 0개, 유효 관측 5건, 결측률 0.0%, 단위별 변화 변동성 100.0점. 제한된 비교 단위 또는 변동성 때문에 보수적으로 낮게 평가합니다. 2024·2026 두 개 연도의 NCPMS 예찰자료만 사용한 상대 위험 전망으로, 기상·재배면적·방제 변화와 2027년 실제 발생을 확정하지 않습니다.",전망자료 부족
고추,노지고추-진딧물류,해충,강원특별자치도,,28,,전망자료 부족,낮음,5,2026,"양년 자료 없음, 공통 조사단위 0개, 유효 관측 5건, 결측률 0.0%, 단위별 변화 변동성 100.0점. 제한된 비교 단위 또는 변동성 때문에 보수적으로 낮게 평가합니다. 2024·2026 두 개 연도의 NCPMS 예찰자료만 사용한 상대 위험 전망으로, 기상·재배면적·방제 변화와 2027년 실제 발생을 확정하지 않습니다.",전망자료 부족
고추,노지고추-진딧물류,해충,경기도,,51,,전망자료 부족,낮음,5,2026,"양년 자료 없음, 공통 조사단위 0개, 유효 관측 5건, 결측률 0.0%, 단위별 변화 변동성 100.0점. 제한된 비교 단위 또는 변동성 때문에 보수적으로 낮게 평가합니다. 2024·2026 두 개 연도의 NCPMS 예찰자료만 사용한 상대 위험 전망으로, 기상·재배면적·방제 변화와 2027년 실제 발생을 확정하지 않습니다.",전망자료 부족
고추,노지고추-진딧물류,해충,경상남도,,7,,전망자료 부족,낮음,5,2026,"양년 자료 없음, 공통 조사단위 0개, 유효 관측 5건, 결측률 0.0%, 단위별 변화 변동성 100.0점. 제한된 비교 단위 또는 변동성 때문에 보수적으로 낮게 평가합니다. 2024·2026 두 개 연도의 NCPMS 예찰자료만 사용한 상대 위험 전망으로, 기상·재배면적·방제 변화와 2027년 실제 발생을 확정하지 않습니다.",전망자료 부족
고추,노지고추-진딧물류,해충,경상북도,,10,,전망자료 부족,낮음,5,2026,"양년 자료 없음, 공통 조사단위 0개, 유효 관측 5건, 결측률 0.0%, 단위별 변화 변동성 100.0점. 제한된 비교 단위 또는 변동성 때문에 보수적으로 낮게 평가합니다. 2024·2026 두 개 연도의 NCPMS 예찰자료만 사용한 상대 위험 전망으로, 기상·재배면적·방제 변화와 2027년 실제 발생을 확정하지 않습니다.",전망자료 부족
고추,노지고추-진딧물류,해충,대구광역시,,0,,전망자료 부족,낮음,5,2026,"양년 자료 없음, 공통 조사단위 0개, 유효 관측 5건, 결측률 0.0%, 단위별 변화 변동성 100.0점. 제한된 비교 단위 또는 변동성 때문에 보수적으로 낮게 평가합니다. 2024·2026 두 개 연도의 NCPMS 예찰자료만 사용한 상대 위험 전망으로, 기상·재배면적·방제 변화와 2027년 실제 발생을 확정하지 않습니다.",전망자료 부족
고추,노지고추-진딧물류,해충,전남광주통합특별시,,48,,전망자료 부족,낮음,5,2026,"양년 자료 없음, 공통 조사단위 0개, 유효 관측 5건, 결측률 0.0%, 단위별 변화 변동성 100.0점. 제한된 비교 단위 또는 변동성 때문에 보수적으로 낮게 평가합니다. 2024·2026 두 개 연도의 NCPMS 예찰자료만 사용한 상대 위험 전망으로, 기상·재배면적·방제 변화와 2027년 실제 발생을 확정하지 않습니다.",전망자료 부족
고추,노지고추-진딧물류,해충,전북특별자치도,,7,,전망자료 부족,낮음,5,2026,"양년 자료 없음, 공통 조사단위 0개, 유효 관측 5건, 결측률 0.0%, 단위별 변화 변동성 100.0점. 제한된 비교 단위 또는 변동성 때문에 보수적으로 낮게 평가합니다. 2024·2026 두 개 연도의 NCPMS 예찰자료만 사용한 상대 위험 전망으로, 기상·재배면적·방제 변화와 2027년 실제 발생을 확정하지 않습니다.",전망자료 부족
고추,노지고추-진딧물류,해충,충청남도,,34,,전망자료 부족,낮음,5,2026,"양년 자료 없음, 공통 조사단위 0개, 유효 관측 5건, 결측률 0.0%, 단위별 변화 변동성 100.0점. 제한된 비교 단위 또는 변동성 때문에 보수적으로 낮게 평가합니다. 2024·2026 두 개 연도의 NCPMS 예찰자료만 사용한 상대 위험 전망으로, 기상·재배면적·방제 변화와 2027년 실제 발생을 확정하지 않습니다.",전망자료 부족
고추,노지고추-진딧물류,해충,충청북도,,1,,전망자료 부족,낮음,5,2026,"양년 자료 없음, 공통 조사단위 0개, 유효 관측 5건, 결측률 0.0%, 단위별 변화 변동성 100.0점. 제한된 비교 단위 또는 변동성 때문에 보수적으로 낮게 평가합니다. 2024·2026 두 개 연도의 NCPMS 예찰자료만 사용한 상대 위험 전망으로, 기상·재배면적·방제 변화와 2027년 실제 발생을 확정하지 않습니다.",전망자료 부족
고추,노지고추-총채벌레류,해충,강원특별자치도,,4,,전망자료 부족,낮음,5,2026,"양년 자료 없음, 공통 조사단위 0개, 유효 관측 5건, 결측률 0.0%, 단위별 변화 변동성 100.0점. 제한된 비교 단위 또는 변동성 때문에 보수적으로 낮게 평가합니다. 2024·2026 두 개 연도의 NCPMS 예찰자료만 사용한 상대 위험 전망으로, 기상·재배면적·방제 변화와 2027년 실제 발생을 확정하지 않습니다.",전망자료 부족
고추,노지고추-총채벌레류,해충,경기도,,62,,전망자료 부족,낮음,5,2026,"양년 자료 없음, 공통 조사단위 0개, 유효 관측 5건, 결측률 0.0%, 단위별 변화 변동성 100.0점. 제한된 비교 단위 또는 변동성 때문에 보수적으로 낮게 평가합니다. 2024·2026 두 개 연도의 NCPMS 예찰자료만 사용한 상대 위험 전망으로, 기상·재배면적·방제 변화와 2027년 실제 발생을 확정하지 않습니다.",전망자료 부족
고추,노지고추-총채벌레류,해충,경상남도,,1,,전망자료 부족,낮음,5,2026,"양년 자료 없음, 공통 조사단위 0개, 유효 관측 5건, 결측률 0.0%, 단위별 변화 변동성 100.0점. 제한된 비교 단위 또는 변동성 때문에 보수적으로 낮게 평가합니다. 2024·2026 두 개 연도의 NCPMS 예찰자료만 사용한 상대 위험 전망으로, 기상·재배면적·방제 변화와 2027년 실제 발생을 확정하지 않습니다.",전망자료 부족
고추,노지고추-총채벌레류,해충,경상북도,,7,,전망자료 부족,낮음,5,2026,"양년 자료 없음, 공통 조사단위 0개, 유효 관측 5건, 결측률 0.0%, 단위별 변화 변동성 100.0점. 제한된 비교 단위 또는 변동성 때문에 보수적으로 낮게 평가합니다. 2024·2026 두 개 연도의 NCPMS 예찰자료만 사용한 상대 위험 전망으로, 기상·재배면적·방제 변화와 2027년 실제 발생을 확정하지 않습니다.",전망자료 부족
고추,노지고추-총채벌레류,해충,대구광역시,,0,,전망자료 부족,낮음,5,2026,"양년 자료 없음, 공통 조사단위 0개, 유효 관측 5건, 결측률 0.0%, 단위별 변화 변동성 100.0점. 제한된 비교 단위 또는 변동성 때문에 보수적으로 낮게 평가합니다. 2024·2026 두 개 연도의 NCPMS 예찰자료만 사용한 상대 위험 전망으로, 기상·재배면적·방제 변화와 2027년 실제 발생을 확정하지 않습니다.",전망자료 부족
고추,노지고추-총채벌레류,해충,전남광주통합특별시,,76,,전망자료 부족,낮음,5,2026,"양년 자료 없음, 공통 조사단위 0개, 유효 관측 5건, 결측률 0.0%, 단위별 변화 변동성 100.0점. 제한된 비교 단위 또는 변동성 때문에 보수적으로 낮게 평가합니다. 2024·2026 두 개 연도의 NCPMS 예찰자료만 사용한 상대 위험 전망으로, 기상·재배면적·방제 변화와 2027년 실제 발생을 확정하지 않습니다.",전망자료 부족
고추,노지고추-총채벌레류,해충,전북특별자치도,,4,,전망자료 부족,낮음,5,2026,"양년 자료 없음, 공통 조사단위 0개, 유효 관측 5건, 결측률 0.0%, 단위별 변화 변동성 100.0점. 제한된 비교 단위 또는 변동성 때문에 보수적으로 낮게 평가합니다. 2024·2026 두 개 연도의 NCPMS 예찰자료만 사용한 상대 위험 전망으로, 기상·재배면적·방제 변화와 2027년 실제 발생을 확정하지 않습니다.",전망자료 부족
고추,노지고추-총채벌레류,해충,충청남도,,23,,전망자료 부족,낮음,5,2026,"양년 자료 없음, 공통 조사단위 0개, 유효 관측 5건, 결측률 0.0%, 단위별 변화 변동성 100.0점. 제한된 비교 단위 또는 변동성 때문에 보수적으로 낮게 평가합니다. 2024·2026 두 개 연도의 NCPMS 예찰자료만 사용한 상대 위험 전망으로, 기상·재배면적·방제 변화와 2027년 실제 발생을 확정하지 않습니다.",전망자료 부족
고추,노지고추-총채벌레류,해충,충청북도,,4,,전망자료 부족,낮음,5,2026,"양년 자료 없음, 공통 조사단위 0개, 유효 관측 5건, 결측률 0.0%, 단위별 변화 변동성 100.0점. 제한된 비교 단위 또는 변동성 때문에 보수적으로 낮게 평가합니다. 2024·2026 두 개 연도의 NCPMS 예찰자료만 사용한 상대 위험 전망으로, 기상·재배면적·방제 변화와 2027년 실제 발생을 확정하지 않습니다.",전망자료 부족
고추,노지고추-탄저병,병해,강원특별자치도,,18,,전망자료 부족,낮음,5,2026,"양년 자료 없음, 공통 조사단위 0개, 유효 관측 5건, 결측률 0.0%, 단위별 변화 변동성 100.0점. 제한된 비교 단위 또는 변동성 때문에 보수적으로 낮게 평가합니다. 2024·2026 두 개 연도의 NCPMS 예찰자료만 사용한 상대 위험 전망으로, 기상·재배면적·방제 변화와 2027년 실제 발생을 확정하지 않습니다.",전망자료 부족
고추,노지고추-탄저병,병해,경기도,,9,,전망자료 부족,낮음,5,2026,"양년 자료 없음, 공통 조사단위 0개, 유효 관측 5건, 결측률 0.0%, 단위별 변화 변동성 100.0점. 제한된 비교 단위 또는 변동성 때문에 보수적으로 낮게 평가합니다. 2024·2026 두 개 연도의 NCPMS 예찰자료만 사용한 상대 위험 전망으로, 기상·재배면적·방제 변화와 2027년 실제 발생을 확정하지 않습니다.",전망자료 부족
고추,노지고추-탄저병,병해,경상남도,,0,,전망자료 부족,낮음,5,2026,"양년 자료 없음, 공통 조사단위 0개, 유효 관측 5건, 결측률 0.0%, 단위별 변화 변동성 100.0점. 제한된 비교 단위 또는 변동성 때문에 보수적으로 낮게 평가합니다. 2024·2026 두 개 연도의 NCPMS 예찰자료만 사용한 상대 위험 전망으로, 기상·재배면적·방제 변화와 2027년 실제 발생을 확정하지 않습니다.",전망자료 부족
고추,노지고추-탄저병,병해,경상북도,,9,,전망자료 부족,낮음,5,2026,"양년 자료 없음, 공통 조사단위 0개, 유효 관측 5건, 결측률 0.0%, 단위별 변화 변동성 100.0점. 제한된 비교 단위 또는 변동성 때문에 보수적으로 낮게 평가합니다. 2024·2026 두 개 연도의 NCPMS 예찰자료만 사용한 상대 위험 전망으로, 기상·재배면적·방제 변화와 2027년 실제 발생을 확정하지 않습니다.",전망자료 부족
고추,노지고추-탄저병,병해,대구광역시,,0,,전망자료 부족,낮음,5,2026,"양년 자료 없음, 공통 조사단위 0개, 유효 관측 5건, 결측률 0.0%, 단위별 변화 변동성 100.0점. 제한된 비교 단위 또는 변동성 때문에 보수적으로 낮게 평가합니다. 2024·2026 두 개 연도의 NCPMS 예찰자료만 사용한 상대 위험 전망으로, 기상·재배면적·방제 변화와 2027년 실제 발생을 확정하지 않습니다.",전망자료 부족
고추,노지고추-탄저병,병해,전남광주통합특별시,,16,,전망자료 부족,낮음,5,2026,"양년 자료 없음, 공통 조사단위 0개, 유효 관측 5건, 결측률 0.0%, 단위별 변화 변동성 100.0점. 제한된 비교 단위 또는 변동성 때문에 보수적으로 낮게 평가합니다. 2024·2026 두 개 연도의 NCPMS 예찰자료만 사용한 상대 위험 전망으로, 기상·재배면적·방제 변화와 2027년 실제 발생을 확정하지 않습니다.",전망자료 부족
고추,노지고추-탄저병,병해,전북특별자치도,,46,,전망자료 부족,낮음,5,2026,"양년 자료 없음, 공통 조사단위 0개, 유효 관측 5건, 결측률 0.0%, 단위별 변화 변동성 100.0점. 제한된 비교 단위 또는 변동성 때문에 보수적으로 낮게 평가합니다. 2024·2026 두 개 연도의 NCPMS 예찰자료만 사용한 상대 위험 전망으로, 기상·재배면적·방제 변화와 2027년 실제 발생을 확정하지 않습니다.",전망자료 부족
고추,노지고추-탄저병,병해,충청남도,,32,,전망자료 부족,낮음,5,2026,"양년 자료 없음, 공통 조사단위 0개, 유효 관측 5건, 결측률 0.0%, 단위별 변화 변동성 100.0점. 제한된 비교 단위 또는 변동성 때문에 보수적으로 낮게 평가합니다. 2024·2026 두 개 연도의 NCPMS 예찰자료만 사용한 상대 위험 전망으로, 기상·재배면적·방제 변화와 2027년 실제 발생을 확정하지 않습니다.",전망자료 부족
고추,노지고추-탄저병,병해,충청북도,,22,,전망자료 부족,낮음,5,2026,"양년 자료 없음, 공통 조사단위 0개, 유효 관측 5건, 결측률 0.0%, 단위별 변화 변동성 100.0점. 제한된 비교 단위 또는 변동성 때문에 보수적으로 낮게 평가합니다. 2024·2026 두 개 연도의 NCPMS 예찰자료만 사용한 상대 위험 전망으로, 기상·재배면적·방제 변화와 2027년 실제 발생을 확정하지 않습니다.",전망자료 부족
고추,노지고추-풋마름병,병해,강원특별자치도,,16,,전망자료 부족,낮음,5,2026,"양년 자료 없음, 공통 조사단위 0개, 유효 관측 5건, 결측률 0.0%, 단위별 변화 변동성 100.0점. 제한된 비교 단위 또는 변동성 때문에 보수적으로 낮게 평가합니다. 2024·2026 두 개 연도의 NCPMS 예찰자료만 사용한 상대 위험 전망으로, 기상·재배면적·방제 변화와 2027년 실제 발생을 확정하지 않습니다.",전망자료 부족
고추,노지고추-풋마름병,병해,경기도,,20,,전망자료 부족,낮음,5,2026,"양년 자료 없음, 공통 조사단위 0개, 유효 관측 5건, 결측률 0.0%, 단위별 변화 변동성 100.0점. 제한된 비교 단위 또는 변동성 때문에 보수적으로 낮게 평가합니다. 2024·2026 두 개 연도의 NCPMS 예찰자료만 사용한 상대 위험 전망으로, 기상·재배면적·방제 변화와 2027년 실제 발생을 확정하지 않습니다.",전망자료 부족
고추,노지고추-풋마름병,병해,경상남도,,0,,전망자료 부족,낮음,5,2026,"양년 자료 없음, 공통 조사단위 0개, 유효 관측 5건, 결측률 0.0%, 단위별 변화 변동성 100.0점. 제한된 비교 단위 또는 변동성 때문에 보수적으로 낮게 평가합니다. 2024·2026 두 개 연도의 NCPMS 예찰자료만 사용한 상대 위험 전망으로, 기상·재배면적·방제 변화와 2027년 실제 발생을 확정하지 않습니다.",전망자료 부족
고추,노지고추-풋마름병,병해,경상북도,,3,,전망자료 부족,낮음,5,2026,"양년 자료 없음, 공통 조사단위 0개, 유효 관측 5건, 결측률 0.0%, 단위별 변화 변동성 100.0점. 제한된 비교 단위 또는 변동성 때문에 보수적으로 낮게 평가합니다. 2024·2026 두 개 연도의 NCPMS 예찰자료만 사용한 상대 위험 전망으로, 기상·재배면적·방제 변화와 2027년 실제 발생을 확정하지 않습니다.",전망자료 부족
고추,노지고추-풋마름병,병해,대구광역시,,0,,전망자료 부족,낮음,5,2026,"양년 자료 없음, 공통 조사단위 0개, 유효 관측 5건, 결측률 0.0%, 단위별 변화 변동성 100.0점. 제한된 비교 단위 또는 변동성 때문에 보수적으로 낮게 평가합니다. 2024·2026 두 개 연도의 NCPMS 예찰자료만 사용한 상대 위험 전망으로, 기상·재배면적·방제 변화와 2027년 실제 발생을 확정하지 않습니다.",전망자료 부족
고추,노지고추-풋마름병,병해,전남광주통합특별시,,40,,전망자료 부족,낮음,5,2026,"양년 자료 없음, 공통 조사단위 0개, 유효 관측 5건, 결측률 0.0%, 단위별 변화 변동성 100.0점. 제한된 비교 단위 또는 변동성 때문에 보수적으로 낮게 평가합니다. 2024·2026 두 개 연도의 NCPMS 예찰자료만 사용한 상대 위험 전망으로, 기상·재배면적·방제 변화와 2027년 실제 발생을 확정하지 않습니다.",전망자료 부족
고추,노지고추-풋마름병,병해,전북특별자치도,,25,,전망자료 부족,낮음,5,2026,"양년 자료 없음, 공통 조사단위 0개, 유효 관측 5건, 결측률 0.0%, 단위별 변화 변동성 100.0점. 제한된 비교 단위 또는 변동성 때문에 보수적으로 낮게 평가합니다. 2024·2026 두 개 연도의 NCPMS 예찰자료만 사용한 상대 위험 전망으로, 기상·재배면적·방제 변화와 2027년 실제 발생을 확정하지 않습니다.",전망자료 부족
고추,노지고추-풋마름병,병해,충청남도,,7,,전망자료 부족,낮음,5,2026,"양년 자료 없음, 공통 조사단위 0개, 유효 관측 5건, 결측률 0.0%, 단위별 변화 변동성 100.0점. 제한된 비교 단위 또는 변동성 때문에 보수적으로 낮게 평가합니다. 2024·2026 두 개 연도의 NCPMS 예찰자료만 사용한 상대 위험 전망으로, 기상·재배면적·방제 변화와 2027년 실제 발생을 확정하지 않습니다.",전망자료 부족
고추,노지고추-풋마름병,병해,충청북도,,44,,전망자료 부족,낮음,5,2026,"양년 자료 없음, 공통 조사단위 0개, 유효 관측 5건, 결측률 0.0%, 단위별 변화 변동성 100.0점. 제한된 비교 단위 또는 변동성 때문에 보수적으로 낮게 평가합니다. 2024·2026 두 개 연도의 NCPMS 예찰자료만 사용한 상대 위험 전망으로, 기상·재배면적·방제 변화와 2027년 실제 발생을 확정하지 않습니다.",전망자료 부족
마늘,녹병,병해,강원특별자치도,0,,,전망자료 부족,낮음,12,2024,"양년 자료 없음, 공통 조사단위 0개, 유효 관측 12건, 결측률 0.0%, 단위별 변화 변동성 100.0점. 제한된 비교 단위 또는 변동성 때문에 보수적으로 낮게 평가합니다. 2024·2026 두 개 연도의 NCPMS 예찰자료만 사용한 상대 위험 전망으로, 기상·재배면적·방제 변화와 2027년 실제 발생을 확정하지 않습니다.",전망자료 부족
마늘,녹병,병해,경상남도,17,,,전망자료 부족,낮음,12,2024,"양년 자료 없음, 공통 조사단위 0개, 유효 관측 12건, 결측률 0.0%, 단위별 변화 변동성 100.0점. 제한된 비교 단위 또는 변동성 때문에 보수적으로 낮게 평가합니다. 2024·2026 두 개 연도의 NCPMS 예찰자료만 사용한 상대 위험 전망으로, 기상·재배면적·방제 변화와 2027년 실제 발생을 확정하지 않습니다.",전망자료 부족
마늘,녹병,병해,경상북도,4,,,전망자료 부족,낮음,24,2024,"양년 자료 없음, 공통 조사단위 0개, 유효 관측 24건, 결측률 0.0%, 단위별 변화 변동성 100.0점. 제한된 비교 단위 또는 변동성 때문에 보수적으로 낮게 평가합니다. 2024·2026 두 개 연도의 NCPMS 예찰자료만 사용한 상대 위험 전망으로, 기상·재배면적·방제 변화와 2027년 실제 발생을 확정하지 않습니다.",전망자료 부족
마늘,녹병,병해,대구광역시,0,,,전망자료 부족,낮음,24,2024,"양년 자료 없음, 공통 조사단위 0개, 유효 관측 24건, 결측률 0.0%, 단위별 변화 변동성 100.0점. 제한된 비교 단위 또는 변동성 때문에 보수적으로 낮게 평가합니다. 2024·2026 두 개 연도의 NCPMS 예찰자료만 사용한 상대 위험 전망으로, 기상·재배면적·방제 변화와 2027년 실제 발생을 확정하지 않습니다.",전망자료 부족
마늘,녹병,병해,전남광주통합특별시,3,,,전망자료 부족,낮음,12,2024,"양년 자료 없음, 공통 조사단위 0개, 유효 관측 12건, 결측률 0.0%, 단위별 변화 변동성 100.0점. 제한된 비교 단위 또는 변동성 때문에 보수적으로 낮게 평가합니다. 2024·2026 두 개 연도의 NCPMS 예찰자료만 사용한 상대 위험 전망으로, 기상·재배면적·방제 변화와 2027년 실제 발생을 확정하지 않습니다.",전망자료 부족
마늘,녹병,병해,전북특별자치도,17,,,전망자료 부족,낮음,12,2024,"양년 자료 없음, 공통 조사단위 0개, 유효 관측 12건, 결측률 0.0%, 단위별 변화 변동성 100.0점. 제한된 비교 단위 또는 변동성 때문에 보수적으로 낮게 평가합니다. 2024·2026 두 개 연도의 NCPMS 예찰자료만 사용한 상대 위험 전망으로, 기상·재배면적·방제 변화와 2027년 실제 발생을 확정하지 않습니다.",전망자료 부족
마늘,녹병,병해,충청남도,8,,,전망자료 부족,낮음,24,2024,"양년 자료 없음, 공통 조사단위 0개, 유효 관측 24건, 결측률 0.0%, 단위별 변화 변동성 100.0점. 제한된 비교 단위 또는 변동성 때문에 보수적으로 낮게 평가합니다. 2024·2026 두 개 연도의 NCPMS 예찰자료만 사용한 상대 위험 전망으로, 기상·재배면적·방제 변화와 2027년 실제 발생을 확정하지 않습니다.",전망자료 부족
마늘,녹병,병해,충청북도,0,,,전망자료 부족,낮음,12,2024,"양년 자료 없음, 공통 조사단위 0개, 유효 관측 12건, 결측률 0.0%, 단위별 변화 변동성 100.0점. 제한된 비교 단위 또는 변동성 때문에 보수적으로 낮게 평가합니다. 2024·2026 두 개 연도의 NCPMS 예찰자료만 사용한 상대 위험 전망으로, 기상·재배면적·방제 변화와 2027년 실제 발생을 확정하지 않습니다.",전망자료 부족
보리,녹병,병해,경상남도,,0,,전망자료 부족,낮음,6,2026,"양년 자료 없음, 공통 조사단위 0개, 유효 관측 6건, 결측률 0.0%, 단위별 변화 변동성 100.0점. 제한된 비교 단위 또는 변동성 때문에 보수적으로 낮게 평가합니다. 2024·2026 두 개 연도의 NCPMS 예찰자료만 사용한 상대 위험 전망으로, 기상·재배면적·방제 변화와 2027년 실제 발생을 확정하지 않습니다.",전망자료 부족
보리,녹병,병해,경상북도,,0,,전망자료 부족,낮음,6,2026,"양년 자료 없음, 공통 조사단위 0개, 유효 관측 6건, 결측률 0.0%, 단위별 변화 변동성 100.0점. 제한된 비교 단위 또는 변동성 때문에 보수적으로 낮게 평가합니다. 2024·2026 두 개 연도의 NCPMS 예찰자료만 사용한 상대 위험 전망으로, 기상·재배면적·방제 변화와 2027년 실제 발생을 확정하지 않습니다.",전망자료 부족
보리,녹병,병해,전남광주통합특별시,,0,,전망자료 부족,낮음,6,2026,"양년 자료 없음, 공통 조사단위 0개, 유효 관측 6건, 결측률 0.0%, 단위별 변화 변동성 100.0점. 제한된 비교 단위 또는 변동성 때문에 보수적으로 낮게 평가합니다. 2024·2026 두 개 연도의 NCPMS 예찰자료만 사용한 상대 위험 전망으로, 기상·재배면적·방제 변화와 2027년 실제 발생을 확정하지 않습니다.",전망자료 부족
보리,녹병,병해,전북특별자치도,,0,,전망자료 부족,낮음,6,2026,"양년 자료 없음, 공통 조사단위 0개, 유효 관측 6건, 결측률 0.0%, 단위별 변화 변동성 100.0점. 제한된 비교 단위 또는 변동성 때문에 보수적으로 낮게 평가합니다. 2024·2026 두 개 연도의 NCPMS 예찰자료만 사용한 상대 위험 전망으로, 기상·재배면적·방제 변화와 2027년 실제 발생을 확정하지 않습니다.",전망자료 부족
보리,녹병,병해,충청남도,,0,,전망자료 부족,낮음,6,2026,"양년 자료 없음, 공통 조사단위 0개, 유효 관측 6건, 결측률 0.0%, 단위별 변화 변동성 100.0점. 제한된 비교 단위 또는 변동성 때문에 보수적으로 낮게 평가합니다. 2024·2026 두 개 연도의 NCPMS 예찰자료만 사용한 상대 위험 전망으로, 기상·재배면적·방제 변화와 2027년 실제 발생을 확정하지 않습니다.",전망자료 부족
보리,녹병,병해,충청북도,,0,,전망자료 부족,낮음,6,2026,"양년 자료 없음, 공통 조사단위 0개, 유효 관측 6건, 결측률 0.0%, 단위별 변화 변동성 100.0점. 제한된 비교 단위 또는 변동성 때문에 보수적으로 낮게 평가합니다. 2024·2026 두 개 연도의 NCPMS 예찰자료만 사용한 상대 위험 전망으로, 기상·재배면적·방제 변화와 2027년 실제 발생을 확정하지 않습니다.",전망자료 부족
양파,녹병,병해,경상남도,,0,,전망자료 부족,낮음,5,2026,"양년 자료 없음, 공통 조사단위 0개, 유효 관측 5건, 결측률 0.0%, 단위별 변화 변동성 100.0점. 제한된 비교 단위 또는 변동성 때문에 보수적으로 낮게 평가합니다. 2024·2026 두 개 연도의 NCPMS 예찰자료만 사용한 상대 위험 전망으로, 기상·재배면적·방제 변화와 2027년 실제 발생을 확정하지 않습니다.",전망자료 부족
양파,녹병,병해,경상북도,,40,,전망자료 부족,낮음,5,2026,"양년 자료 없음, 공통 조사단위 0개, 유효 관측 5건, 결측률 0.0%, 단위별 변화 변동성 100.0점. 제한된 비교 단위 또는 변동성 때문에 보수적으로 낮게 평가합니다. 2024·2026 두 개 연도의 NCPMS 예찰자료만 사용한 상대 위험 전망으로, 기상·재배면적·방제 변화와 2027년 실제 발생을 확정하지 않습니다.",전망자료 부족
양파,녹병,병해,대구광역시,,0,,전망자료 부족,낮음,5,2026,"양년 자료 없음, 공통 조사단위 0개, 유효 관측 5건, 결측률 0.0%, 단위별 변화 변동성 100.0점. 제한된 비교 단위 또는 변동성 때문에 보수적으로 낮게 평가합니다. 2024·2026 두 개 연도의 NCPMS 예찰자료만 사용한 상대 위험 전망으로, 기상·재배면적·방제 변화와 2027년 실제 발생을 확정하지 않습니다.",전망자료 부족
양파,녹병,병해,전남광주통합특별시,,0,,전망자료 부족,낮음,5,2026,"양년 자료 없음, 공통 조사단위 0개, 유효 관측 5건, 결측률 0.0%, 단위별 변화 변동성 100.0점. 제한된 비교 단위 또는 변동성 때문에 보수적으로 낮게 평가합니다. 2024·2026 두 개 연도의 NCPMS 예찰자료만 사용한 상대 위험 전망으로, 기상·재배면적·방제 변화와 2027년 실제 발생을 확정하지 않습니다.",전망자료 부족
양파,녹병,병해,전북특별자치도,,0,,전망자료 부족,낮음,5,2026,"양년 자료 없음, 공통 조사단위 0개, 유효 관측 5건, 결측률 0.0%, 단위별 변화 변동성 100.0점. 제한된 비교 단위 또는 변동성 때문에 보수적으로 낮게 평가합니다. 2024·2026 두 개 연도의 NCPMS 예찰자료만 사용한 상대 위험 전망으로, 기상·재배면적·방제 변화와 2027년 실제 발생을 확정하지 않습니다.",전망자료 부족
고추,담배가루이,기타,강원특별자치도,0,,,전망자료 부족,낮음,2,2024,"양년 자료 없음, 공통 조사단위 0개, 유효 관측 2건, 결측률 0.0%, 단위별 변화 변동성 100.0점. 제한된 비교 단위 또는 변동성 때문에 보수적으로 낮게 평가합니다. 2024·2026 두 개 연도의 NCPMS 예찰자료만 사용한 상대 위험 전망으로, 기상·재배면적·방제 변화와 2027년 실제 발생을 확정하지 않습니다.",전망자료 부족
고추,담배가루이,기타,경기도,0,,,전망자료 부족,낮음,2,2024,"양년 자료 없음, 공통 조사단위 0개, 유효 관측 2건, 결측률 0.0%, 단위별 변화 변동성 100.0점. 제한된 비교 단위 또는 변동성 때문에 보수적으로 낮게 평가합니다. 2024·2026 두 개 연도의 NCPMS 예찰자료만 사용한 상대 위험 전망으로, 기상·재배면적·방제 변화와 2027년 실제 발생을 확정하지 않습니다.",전망자료 부족
고추,담배가루이,기타,경상남도,0,,,전망자료 부족,낮음,2,2024,"양년 자료 없음, 공통 조사단위 0개, 유효 관측 2건, 결측률 0.0%, 단위별 변화 변동성 100.0점. 제한된 비교 단위 또는 변동성 때문에 보수적으로 낮게 평가합니다. 2024·2026 두 개 연도의 NCPMS 예찰자료만 사용한 상대 위험 전망으로, 기상·재배면적·방제 변화와 2027년 실제 발생을 확정하지 않습니다.",전망자료 부족
고추,담배가루이,기타,경상북도,0,,,전망자료 부족,낮음,9,2024,"양년 자료 없음, 공통 조사단위 0개, 유효 관측 9건, 결측률 0.0%, 단위별 변화 변동성 100.0점. 제한된 비교 단위 또는 변동성 때문에 보수적으로 낮게 평가합니다. 2024·2026 두 개 연도의 NCPMS 예찰자료만 사용한 상대 위험 전망으로, 기상·재배면적·방제 변화와 2027년 실제 발생을 확정하지 않습니다.",전망자료 부족
고추,담배가루이,기타,대구광역시,0,,,전망자료 부족,낮음,2,2024,"양년 자료 없음, 공통 조사단위 0개, 유효 관측 2건, 결측률 0.0%, 단위별 변화 변동성 100.0점. 제한된 비교 단위 또는 변동성 때문에 보수적으로 낮게 평가합니다. 2024·2026 두 개 연도의 NCPMS 예찰자료만 사용한 상대 위험 전망으로, 기상·재배면적·방제 변화와 2027년 실제 발생을 확정하지 않습니다.",전망자료 부족
고추,담배가루이,기타,전남광주통합특별시,0,,,전망자료 부족,낮음,2,2024,"양년 자료 없음, 공통 조사단위 0개, 유효 관측 2건, 결측률 0.0%, 단위별 변화 변동성 100.0점. 제한된 비교 단위 또는 변동성 때문에 보수적으로 낮게 평가합니다. 2024·2026 두 개 연도의 NCPMS 예찰자료만 사용한 상대 위험 전망으로, 기상·재배면적·방제 변화와 2027년 실제 발생을 확정하지 않습니다.",전망자료 부족
고추,담배가루이,기타,전북특별자치도,0,,,전망자료 부족,낮음,2,2024,"양년 자료 없음, 공통 조사단위 0개, 유효 관측 2건, 결측률 0.0%, 단위별 변화 변동성 100.0점. 제한된 비교 단위 또는 변동성 때문에 보수적으로 낮게 평가합니다. 2024·2026 두 개 연도의 NCPMS 예찰자료만 사용한 상대 위험 전망으로, 기상·재배면적·방제 변화와 2027년 실제 발생을 확정하지 않습니다.",전망자료 부족
고추,담배가루이,기타,충청남도,0,,,전망자료 부족,낮음,3,2024,"양년 자료 없음, 공통 조사단위 0개, 유효 관측 3건, 결측률 0.0%, 단위별 변화 변동성 100.0점. 제한된 비교 단위 또는 변동성 때문에 보수적으로 낮게 평가합니다. 2024·2026 두 개 연도의 NCPMS 예찰자료만 사용한 상대 위험 전망으로, 기상·재배면적·방제 변화와 2027년 실제 발생을 확정하지 않습니다.",전망자료 부족
고추,담배가루이,기타,충청북도,0,,,전망자료 부족,낮음,2,2024,"양년 자료 없음, 공통 조사단위 0개, 유효 관측 2건, 결측률 0.0%, 단위별 변화 변동성 100.0점. 제한된 비교 단위 또는 변동성 때문에 보수적으로 낮게 평가합니다. 2024·2026 두 개 연도의 NCPMS 예찰자료만 사용한 상대 위험 전망으로, 기상·재배면적·방제 변화와 2027년 실제 발생을 확정하지 않습니다.",전망자료 부족
콩,담배거세미나방,해충,강원특별자치도,,0,,전망자료 부족,낮음,10,2026,"양년 자료 없음, 공통 조사단위 0개, 유효 관측 10건, 결측률 0.0%, 단위별 변화 변동성 100.0점. 제한된 비교 단위 또는 변동성 때문에 보수적으로 낮게 평가합니다. 2024·2026 두 개 연도의 NCPMS 예찰자료만 사용한 상대 위험 전망으로, 기상·재배면적·방제 변화와 2027년 실제 발생을 확정하지 않습니다.",전망자료 부족
콩,담배거세미나방,해충,경기도,,0,,전망자료 부족,낮음,10,2026,"양년 자료 없음, 공통 조사단위 0개, 유효 관측 10건, 결측률 0.0%, 단위별 변화 변동성 100.0점. 제한된 비교 단위 또는 변동성 때문에 보수적으로 낮게 평가합니다. 2024·2026 두 개 연도의 NCPMS 예찰자료만 사용한 상대 위험 전망으로, 기상·재배면적·방제 변화와 2027년 실제 발생을 확정하지 않습니다.",전망자료 부족
콩,담배거세미나방,해충,경상남도,,0,,전망자료 부족,낮음,10,2026,"양년 자료 없음, 공통 조사단위 0개, 유효 관측 10건, 결측률 0.0%, 단위별 변화 변동성 100.0점. 제한된 비교 단위 또는 변동성 때문에 보수적으로 낮게 평가합니다. 2024·2026 두 개 연도의 NCPMS 예찰자료만 사용한 상대 위험 전망으로, 기상·재배면적·방제 변화와 2027년 실제 발생을 확정하지 않습니다.",전망자료 부족
콩,담배거세미나방,해충,경상북도,,3,,전망자료 부족,낮음,10,2026,"양년 자료 없음, 공통 조사단위 0개, 유효 관측 10건, 결측률 0.0%, 단위별 변화 변동성 100.0점. 제한된 비교 단위 또는 변동성 때문에 보수적으로 낮게 평가합니다. 2024·2026 두 개 연도의 NCPMS 예찰자료만 사용한 상대 위험 전망으로, 기상·재배면적·방제 변화와 2027년 실제 발생을 확정하지 않습니다.",전망자료 부족
콩,담배거세미나방,해충,전남광주통합특별시,,40,,전망자료 부족,낮음,10,2026,"양년 자료 없음, 공통 조사단위 0개, 유효 관측 10건, 결측률 0.0%, 단위별 변화 변동성 100.0점. 제한된 비교 단위 또는 변동성 때문에 보수적으로 낮게 평가합니다. 2024·2026 두 개 연도의 NCPMS 예찰자료만 사용한 상대 위험 전망으로, 기상·재배면적·방제 변화와 2027년 실제 발생을 확정하지 않습니다.",전망자료 부족
콩,담배거세미나방,해충,전북특별자치도,,0,,전망자료 부족,낮음,10,2026,"양년 자료 없음, 공통 조사단위 0개, 유효 관측 10건, 결측률 0.0%, 단위별 변화 변동성 100.0점. 제한된 비교 단위 또는 변동성 때문에 보수적으로 낮게 평가합니다. 2024·2026 두 개 연도의 NCPMS 예찰자료만 사용한 상대 위험 전망으로, 기상·재배면적·방제 변화와 2027년 실제 발생을 확정하지 않습니다.",전망자료 부족
콩,담배거세미나방,해충,제주특별자치도,,20,,전망자료 부족,낮음,10,2026,"양년 자료 없음, 공통 조사단위 0개, 유효 관측 10건, 결측률 0.0%, 단위별 변화 변동성 100.0점. 제한된 비교 단위 또는 변동성 때문에 보수적으로 낮게 평가합니다. 2024·2026 두 개 연도의 NCPMS 예찰자료만 사용한 상대 위험 전망으로, 기상·재배면적·방제 변화와 2027년 실제 발생을 확정하지 않습니다.",전망자료 부족
콩,담배거세미나방,해충,충청남도,,26,,전망자료 부족,낮음,10,2026,"양년 자료 없음, 공통 조사단위 0개, 유효 관측 10건, 결측률 0.0%, 단위별 변화 변동성 100.0점. 제한된 비교 단위 또는 변동성 때문에 보수적으로 낮게 평가합니다. 2024·2026 두 개 연도의 NCPMS 예찰자료만 사용한 상대 위험 전망으로, 기상·재배면적·방제 변화와 2027년 실제 발생을 확정하지 않습니다.",전망자료 부족
콩,담배거세미나방,해충,충청북도,,0,,전망자료 부족,낮음,10,2026,"양년 자료 없음, 공통 조사단위 0개, 유효 관측 10건, 결측률 0.0%, 단위별 변화 변동성 100.0점. 제한된 비교 단위 또는 변동성 때문에 보수적으로 낮게 평가합니다. 2024·2026 두 개 연도의 NCPMS 예찰자료만 사용한 상대 위험 전망으로, 기상·재배면적·방제 변화와 2027년 실제 발생을 확정하지 않습니다.",전망자료 부족
고추,담배나방,기타,강원특별자치도,0,,,전망자료 부족,낮음,2,2024,"양년 자료 없음, 공통 조사단위 0개, 유효 관측 2건, 결측률 0.0%, 단위별 변화 변동성 100.0점. 제한된 비교 단위 또는 변동성 때문에 보수적으로 낮게 평가합니다. 2024·2026 두 개 연도의 NCPMS 예찰자료만 사용한 상대 위험 전망으로, 기상·재배면적·방제 변화와 2027년 실제 발생을 확정하지 않습니다.",전망자료 부족
고추,담배나방,기타,경기도,10,,,전망자료 부족,낮음,2,2024,"양년 자료 없음, 공통 조사단위 0개, 유효 관측 2건, 결측률 0.0%, 단위별 변화 변동성 100.0점. 제한된 비교 단위 또는 변동성 때문에 보수적으로 낮게 평가합니다. 2024·2026 두 개 연도의 NCPMS 예찰자료만 사용한 상대 위험 전망으로, 기상·재배면적·방제 변화와 2027년 실제 발생을 확정하지 않습니다.",전망자료 부족
고추,담배나방,기타,경상남도,0,,,전망자료 부족,낮음,2,2024,"양년 자료 없음, 공통 조사단위 0개, 유효 관측 2건, 결측률 0.0%, 단위별 변화 변동성 100.0점. 제한된 비교 단위 또는 변동성 때문에 보수적으로 낮게 평가합니다. 2024·2026 두 개 연도의 NCPMS 예찰자료만 사용한 상대 위험 전망으로, 기상·재배면적·방제 변화와 2027년 실제 발생을 확정하지 않습니다.",전망자료 부족
고추,담배나방,기타,경상북도,11,,,전망자료 부족,낮음,9,2024,"양년 자료 없음, 공통 조사단위 0개, 유효 관측 9건, 결측률 0.0%, 단위별 변화 변동성 100.0점. 제한된 비교 단위 또는 변동성 때문에 보수적으로 낮게 평가합니다. 2024·2026 두 개 연도의 NCPMS 예찰자료만 사용한 상대 위험 전망으로, 기상·재배면적·방제 변화와 2027년 실제 발생을 확정하지 않습니다.",전망자료 부족
고추,담배나방,기타,대구광역시,100,,,전망자료 부족,낮음,2,2024,"양년 자료 없음, 공통 조사단위 0개, 유효 관측 2건, 결측률 0.0%, 단위별 변화 변동성 100.0점. 제한된 비교 단위 또는 변동성 때문에 보수적으로 낮게 평가합니다. 2024·2026 두 개 연도의 NCPMS 예찰자료만 사용한 상대 위험 전망으로, 기상·재배면적·방제 변화와 2027년 실제 발생을 확정하지 않습니다.",전망자료 부족
고추,담배나방,기타,전남광주통합특별시,25,,,전망자료 부족,낮음,2,2024,"양년 자료 없음, 공통 조사단위 0개, 유효 관측 2건, 결측률 0.0%, 단위별 변화 변동성 100.0점. 제한된 비교 단위 또는 변동성 때문에 보수적으로 낮게 평가합니다. 2024·2026 두 개 연도의 NCPMS 예찰자료만 사용한 상대 위험 전망으로, 기상·재배면적·방제 변화와 2027년 실제 발생을 확정하지 않습니다.",전망자료 부족
고추,담배나방,기타,전북특별자치도,5,,,전망자료 부족,낮음,2,2024,"양년 자료 없음, 공통 조사단위 0개, 유효 관측 2건, 결측률 0.0%, 단위별 변화 변동성 100.0점. 제한된 비교 단위 또는 변동성 때문에 보수적으로 낮게 평가합니다. 2024·2026 두 개 연도의 NCPMS 예찰자료만 사용한 상대 위험 전망으로, 기상·재배면적·방제 변화와 2027년 실제 발생을 확정하지 않습니다.",전망자료 부족
고추,담배나방,기타,충청남도,3,,,전망자료 부족,낮음,3,2024,"양년 자료 없음, 공통 조사단위 0개, 유효 관측 3건, 결측률 0.0%, 단위별 변화 변동성 100.0점. 제한된 비교 단위 또는 변동성 때문에 보수적으로 낮게 평가합니다. 2024·2026 두 개 연도의 NCPMS 예찰자료만 사용한 상대 위험 전망으로, 기상·재배면적·방제 변화와 2027년 실제 발생을 확정하지 않습니다.",전망자료 부족
고추,담배나방,기타,충청북도,8,,,전망자료 부족,낮음,2,2024,"양년 자료 없음, 공통 조사단위 0개, 유효 관측 2건, 결측률 0.0%, 단위별 변화 변동성 100.0점. 제한된 비교 단위 또는 변동성 때문에 보수적으로 낮게 평가합니다. 2024·2026 두 개 연도의 NCPMS 예찰자료만 사용한 상대 위험 전망으로, 기상·재배면적·방제 변화와 2027년 실제 발생을 확정하지 않습니다.",전망자료 부족
감귤,더뎅이병,병해,제주특별자치도,,59,,전망자료 부족,낮음,7,2026,"양년 자료 없음, 공통 조사단위 0개, 유효 관측 7건, 결측률 0.0%, 단위별 변화 변동성 100.0점. 제한된 비교 단위 또는 변동성 때문에 보수적으로 낮게 평가합니다. 2024·2026 두 개 연도의 NCPMS 예찰자료만 사용한 상대 위험 전망으로, 기상·재배면적·방제 변화와 2027년 실제 발생을 확정하지 않습니다.",전망자료 부족
감,둥근무늬낙엽병,병해,경상남도,,20,,전망자료 부족,낮음,7,2026,"양년 자료 없음, 공통 조사단위 0개, 유효 관측 7건, 결측률 0.0%, 단위별 변화 변동성 100.0점. 제한된 비교 단위 또는 변동성 때문에 보수적으로 낮게 평가합니다. 2024·2026 두 개 연도의 NCPMS 예찰자료만 사용한 상대 위험 전망으로, 기상·재배면적·방제 변화와 2027년 실제 발생을 확정하지 않습니다.",전망자료 부족
감,둥근무늬낙엽병,병해,경상북도,,37,,전망자료 부족,낮음,7,2026,"양년 자료 없음, 공통 조사단위 0개, 유효 관측 7건, 결측률 0.0%, 단위별 변화 변동성 100.0점. 제한된 비교 단위 또는 변동성 때문에 보수적으로 낮게 평가합니다. 2024·2026 두 개 연도의 NCPMS 예찰자료만 사용한 상대 위험 전망으로, 기상·재배면적·방제 변화와 2027년 실제 발생을 확정하지 않습니다.",전망자료 부족
감,둥근무늬낙엽병,병해,울산광역시,,0,,전망자료 부족,낮음,6,2026,"양년 자료 없음, 공통 조사단위 0개, 유효 관측 6건, 결측률 0.0%, 단위별 변화 변동성 100.0점. 제한된 비교 단위 또는 변동성 때문에 보수적으로 낮게 평가합니다. 2024·2026 두 개 연도의 NCPMS 예찰자료만 사용한 상대 위험 전망으로, 기상·재배면적·방제 변화와 2027년 실제 발생을 확정하지 않습니다.",전망자료 부족
감,둥근무늬낙엽병,병해,전남광주통합특별시,,9,,전망자료 부족,낮음,7,2026,"양년 자료 없음, 공통 조사단위 0개, 유효 관측 7건, 결측률 0.0%, 단위별 변화 변동성 100.0점. 제한된 비교 단위 또는 변동성 때문에 보수적으로 낮게 평가합니다. 2024·2026 두 개 연도의 NCPMS 예찰자료만 사용한 상대 위험 전망으로, 기상·재배면적·방제 변화와 2027년 실제 발생을 확정하지 않습니다.",전망자료 부족
감,매점병,병해,경상남도,,0,,전망자료 부족,낮음,7,2026,"양년 자료 없음, 공통 조사단위 0개, 유효 관측 7건, 결측률 0.0%, 단위별 변화 변동성 100.0점. 제한된 비교 단위 또는 변동성 때문에 보수적으로 낮게 평가합니다. 2024·2026 두 개 연도의 NCPMS 예찰자료만 사용한 상대 위험 전망으로, 기상·재배면적·방제 변화와 2027년 실제 발생을 확정하지 않습니다.",전망자료 부족
감,매점병,병해,경상북도,,4,,전망자료 부족,낮음,7,2026,"양년 자료 없음, 공통 조사단위 0개, 유효 관측 7건, 결측률 0.0%, 단위별 변화 변동성 100.0점. 제한된 비교 단위 또는 변동성 때문에 보수적으로 낮게 평가합니다. 2024·2026 두 개 연도의 NCPMS 예찰자료만 사용한 상대 위험 전망으로, 기상·재배면적·방제 변화와 2027년 실제 발생을 확정하지 않습니다.",전망자료 부족
감,매점병,병해,울산광역시,,0,,전망자료 부족,낮음,6,2026,"양년 자료 없음, 공통 조사단위 0개, 유효 관측 6건, 결측률 0.0%, 단위별 변화 변동성 100.0점. 제한된 비교 단위 또는 변동성 때문에 보수적으로 낮게 평가합니다. 2024·2026 두 개 연도의 NCPMS 예찰자료만 사용한 상대 위험 전망으로, 기상·재배면적·방제 변화와 2027년 실제 발생을 확정하지 않습니다.",전망자료 부족
감,매점병,병해,전남광주통합특별시,,48,,전망자료 부족,낮음,7,2026,"양년 자료 없음, 공통 조사단위 0개, 유효 관측 7건, 결측률 0.0%, 단위별 변화 변동성 100.0점. 제한된 비교 단위 또는 변동성 때문에 보수적으로 낮게 평가합니다. 2024·2026 두 개 연도의 NCPMS 예찰자료만 사용한 상대 위험 전망으로, 기상·재배면적·방제 변화와 2027년 실제 발생을 확정하지 않습니다.",전망자료 부족
논벼,먹노린재,해충,강원특별자치도,0,0,0,유지,보통,32,2024·2026,"기준선 비교: 2026 유지 0.0점, 2024·2026 가중평균 0.0점, 선택 모델(완화 추세+표본 축소) 0.0점. 지역 변화 +0.0점을 표본가중치 0.73로 같은 병해충·작물의 지역 중앙 변화 +0.0점 방향에 축소하고, 1년 연장 변화는 ±20점으로 제한했습니다. 양년 자료 있음, 공통 조사단위 2개, 유효 관측 32건, 결측률 0.0%, 단위별 변화 변동성 0.0점. 비교는 가능하지만 표본 또는 변동성에 불확실성이 남습니다. 2024·2026 두 개 연도의 NCPMS 예찰자료만 사용한 상대 위험 전망으로, 기상·재배면적·방제 변화와 2027년 실제 발생을 확정하지 않습니다.",관찰
논벼,먹노린재,해충,경기도,0,0,0,유지,보통,36,2024·2026,"기준선 비교: 2026 유지 0.0점, 2024·2026 가중평균 0.0점, 선택 모델(완화 추세+표본 축소) 0.0점. 지역 변화 +0.0점을 표본가중치 0.75로 같은 병해충·작물의 지역 중앙 변화 +0.0점 방향에 축소하고, 1년 연장 변화는 ±20점으로 제한했습니다. 양년 자료 있음, 공통 조사단위 2개, 유효 관측 36건, 결측률 0.0%, 단위별 변화 변동성 0.0점. 비교는 가능하지만 표본 또는 변동성에 불확실성이 남습니다. 2024·2026 두 개 연도의 NCPMS 예찰자료만 사용한 상대 위험 전망으로, 기상·재배면적·방제 변화와 2027년 실제 발생을 확정하지 않습니다.",관찰
논벼,먹노린재,해충,경상남도,0,4,6,유지,보통,32,2024·2026,"기준선 비교: 2026 유지 4.5점, 2024·2026 가중평균 2.9점, 선택 모델(완화 추세+표본 축소) 5.6점. 지역 변화 +4.5점을 표본가중치 0.73로 같은 병해충·작물의 지역 중앙 변화 +0.0점 방향에 축소하고, 1년 연장 변화는 ±20점으로 제한했습니다. 양년 자료 있음, 공통 조사단위 2개, 유효 관측 32건, 결측률 0.0%, 단위별 변화 변동성 0.0점. 비교는 가능하지만 표본 또는 변동성에 불확실성이 남습니다. 2024·2026 두 개 연도의 NCPMS 예찰자료만 사용한 상대 위험 전망으로, 기상·재배면적·방제 변화와 2027년 실제 발생을 확정하지 않습니다.",관찰
논벼,먹노린재,해충,경상북도,0,0,0,유지,보통,32,2024·2026,"기준선 비교: 2026 유지 0.2점, 2024·2026 가중평균 0.1점, 선택 모델(완화 추세+표본 축소) 0.2점. 지역 변화 +0.2점을 표본가중치 0.73로 같은 병해충·작물의 지역 중앙 변화 +0.0점 방향에 축소하고, 1년 연장 변화는 ±20점으로 제한했습니다. 양년 자료 있음, 공통 조사단위 2개, 유효 관측 32건, 결측률 0.0%, 단위별 변화 변동성 0.0점. 비교는 가능하지만 표본 또는 변동성에 불확실성이 남습니다. 2024·2026 두 개 연도의 NCPMS 예찰자료만 사용한 상대 위험 전망으로, 기상·재배면적·방제 변화와 2027년 실제 발생을 확정하지 않습니다.",관찰
논벼,먹노린재,해충,대구광역시,0,0,0,유지,보통,32,2024·2026,"기준선 비교: 2026 유지 0.0점, 2024·2026 가중평균 0.0점, 선택 모델(완화 추세+표본 축소) 0.0점. 지역 변화 +0.0점을 표본가중치 0.73로 같은 병해충·작물의 지역 중앙 변화 +0.0점 방향에 축소하고, 1년 연장 변화는 ±20점으로 제한했습니다. 양년 자료 있음, 공통 조사단위 2개, 유효 관측 32건, 결측률 0.0%, 단위별 변화 변동성 0.0점. 비교는 가능하지만 표본 또는 변동성에 불확실성이 남습니다. 2024·2026 두 개 연도의 NCPMS 예찰자료만 사용한 상대 위험 전망으로, 기상·재배면적·방제 변화와 2027년 실제 발생을 확정하지 않습니다.",관찰
논벼,먹노린재,해충,대전광역시,0,0,0,유지,보통,32,2024·2026,"기준선 비교: 2026 유지 0.0점, 2024·2026 가중평균 0.0점, 선택 모델(완화 추세+표본 축소) 0.0점. 지역 변화 +0.0점을 표본가중치 0.73로 같은 병해충·작물의 지역 중앙 변화 +0.0점 방향에 축소하고, 1년 연장 변화는 ±20점으로 제한했습니다. 양년 자료 있음, 공통 조사단위 2개, 유효 관측 32건, 결측률 0.0%, 단위별 변화 변동성 0.0점. 비교는 가능하지만 표본 또는 변동성에 불확실성이 남습니다. 2024·2026 두 개 연도의 NCPMS 예찰자료만 사용한 상대 위험 전망으로, 기상·재배면적·방제 변화와 2027년 실제 발생을 확정하지 않습니다.",관찰
논벼,먹노린재,해충,부산광역시,0,0,0,유지,보통,32,2024·2026,"기준선 비교: 2026 유지 0.0점, 2024·2026 가중평균 0.0점, 선택 모델(완화 추세+표본 축소) 0.0점. 지역 변화 +0.0점을 표본가중치 0.73로 같은 병해충·작물의 지역 중앙 변화 +0.0점 방향에 축소하고, 1년 연장 변화는 ±20점으로 제한했습니다. 양년 자료 있음, 공통 조사단위 2개, 유효 관측 32건, 결측률 0.0%, 단위별 변화 변동성 0.0점. 비교는 가능하지만 표본 또는 변동성에 불확실성이 남습니다. 2024·2026 두 개 연도의 NCPMS 예찰자료만 사용한 상대 위험 전망으로, 기상·재배면적·방제 변화와 2027년 실제 발생을 확정하지 않습니다.",관찰
논벼,먹노린재,해충,세종특별자치시,0,0,0,유지,보통,28,2024·2026,"기준선 비교: 2026 유지 0.0점, 2024·2026 가중평균 0.0점, 선택 모델(완화 추세+표본 축소) 0.0점. 지역 변화 +0.0점을 표본가중치 0.70로 같은 병해충·작물의 지역 중앙 변화 +0.0점 방향에 축소하고, 1년 연장 변화는 ±20점으로 제한했습니다. 양년 자료 있음, 공통 조사단위 2개, 유효 관측 28건, 결측률 0.0%, 단위별 변화 변동성 0.0점. 비교는 가능하지만 표본 또는 변동성에 불확실성이 남습니다. 2024·2026 두 개 연도의 NCPMS 예찰자료만 사용한 상대 위험 전망으로, 기상·재배면적·방제 변화와 2027년 실제 발생을 확정하지 않습니다.",관찰
논벼,먹노린재,해충,울산광역시,50,0,0,유지,낮음,32,2024·2026,"기준선 비교: 2026 유지 0.0점, 2024·2026 가중평균 17.5점, 선택 모델(완화 추세+표본 축소) 0.0점. 지역 변화 -50.0점을 표본가중치 0.73로 같은 병해충·작물의 지역 중앙 변화 +0.0점 방향에 축소하고, 1년 연장 변화는 ±20점으로 제한했습니다. 양년 자료 있음, 공통 조사단위 2개, 유효 관측 32건, 결측률 0.0%, 단위별 변화 변동성 50.0점. 제한된 비교 단위 또는 변동성 때문에 보수적으로 낮게 평가합니다. 2024·2026 두 개 연도의 NCPMS 예찰자료만 사용한 상대 위험 전망으로, 기상·재배면적·방제 변화와 2027년 실제 발생을 확정하지 않습니다.",관찰
논벼,먹노린재,해충,인천광역시,0,0,0,유지,보통,32,2024·2026,"기준선 비교: 2026 유지 0.0점, 2024·2026 가중평균 0.0점, 선택 모델(완화 추세+표본 축소) 0.0점. 지역 변화 +0.0점을 표본가중치 0.73로 같은 병해충·작물의 지역 중앙 변화 +0.0점 방향에 축소하고, 1년 연장 변화는 ±20점으로 제한했습니다. 양년 자료 있음, 공통 조사단위 2개, 유효 관측 32건, 결측률 0.0%, 단위별 변화 변동성 0.0점. 비교는 가능하지만 표본 또는 변동성에 불확실성이 남습니다. 2024·2026 두 개 연도의 NCPMS 예찰자료만 사용한 상대 위험 전망으로, 기상·재배면적·방제 변화와 2027년 실제 발생을 확정하지 않습니다.",관찰
논벼,먹노린재,해충,전남광주통합특별시,25,59,68,증가,보통,32,2024·2026,"기준선 비교: 2026 유지 59.0점, 2024·2026 가중평균 47.1점, 선택 모델(완화 추세+표본 축소) 67.6점. 지역 변화 +34.0점을 표본가중치 0.73로 같은 병해충·작물의 지역 중앙 변화 +0.0점 방향에 축소하고, 1년 연장 변화는 ±20점으로 제한했습니다. 양년 자료 있음, 공통 조사단위 2개, 유효 관측 32건, 결측률 0.0%, 단위별 변화 변동성 25.0점. 비교는 가능하지만 표본 또는 변동성에 불확실성이 남습니다. 2024·2026 두 개 연도의 NCPMS 예찰자료만 사용한 상대 위험 전망으로, 기상·재배면적·방제 변화와 2027년 실제 발생을 확정하지 않습니다.",고위험
논벼,먹노린재,해충,전북특별자치도,0,9,11,유지,보통,32,2024·2026,"기준선 비교: 2026 유지 8.9점, 2024·2026 가중평균 5.8점, 선택 모델(완화 추세+표본 축소) 11.1점. 지역 변화 +8.9점을 표본가중치 0.73로 같은 병해충·작물의 지역 중앙 변화 +0.0점 방향에 축소하고, 1년 연장 변화는 ±20점으로 제한했습니다. 양년 자료 있음, 공통 조사단위 2개, 유효 관측 32건, 결측률 0.0%, 단위별 변화 변동성 0.0점. 비교는 가능하지만 표본 또는 변동성에 불확실성이 남습니다. 2024·2026 두 개 연도의 NCPMS 예찰자료만 사용한 상대 위험 전망으로, 기상·재배면적·방제 변화와 2027년 실제 발생을 확정하지 않습니다.",관찰
논벼,먹노린재,해충,충청남도,0,28,35,증가,보통,32,2024·2026,"기준선 비교: 2026 유지 28.2점, 2024·2026 가중평균 18.3점, 선택 모델(완화 추세+표본 축소) 35.4점. 지역 변화 +28.2점을 표본가중치 0.73로 같은 병해충·작물의 지역 중앙 변화 +0.0점 방향에 축소하고, 1년 연장 변화는 ±20점으로 제한했습니다. 양년 자료 있음, 공통 조사단위 2개, 유효 관측 32건, 결측률 0.0%, 단위별 변화 변동성 4.8점. 비교는 가능하지만 표본 또는 변동성에 불확실성이 남습니다. 2024·2026 두 개 연도의 NCPMS 예찰자료만 사용한 상대 위험 전망으로, 기상·재배면적·방제 변화와 2027년 실제 발생을 확정하지 않습니다.",주의
논벼,먹노린재,해충,충청북도,0,1,1,유지,보통,36,2024·2026,"기준선 비교: 2026 유지 0.8점, 2024·2026 가중평균 0.5점, 선택 모델(완화 추세+표본 축소) 1.0점. 지역 변화 +0.8점을 표본가중치 0.75로 같은 병해충·작물의 지역 중앙 변화 +0.0점 방향에 축소하고, 1년 연장 변화는 ±20점으로 제한했습니다. 양년 자료 있음, 공통 조사단위 2개, 유효 관측 36건, 결측률 0.0%, 단위별 변화 변동성 0.0점. 비교는 가능하지만 표본 또는 변동성에 불확실성이 남습니다. 2024·2026 두 개 연도의 NCPMS 예찰자료만 사용한 상대 위험 전망으로, 기상·재배면적·방제 변화와 2027년 실제 발생을 확정하지 않습니다.",관찰
논벼,멸강나방,해충,강원특별자치도,0,0,0,유지,보통,32,2024·2026,"기준선 비교: 2026 유지 0.0점, 2024·2026 가중평균 0.0점, 선택 모델(완화 추세+표본 축소) 0.0점. 지역 변화 +0.0점을 표본가중치 0.73로 같은 병해충·작물의 지역 중앙 변화 +0.0점 방향에 축소하고, 1년 연장 변화는 ±20점으로 제한했습니다. 양년 자료 있음, 공통 조사단위 2개, 유효 관측 32건, 결측률 0.0%, 단위별 변화 변동성 0.0점. 비교는 가능하지만 표본 또는 변동성에 불확실성이 남습니다. 2024·2026 두 개 연도의 NCPMS 예찰자료만 사용한 상대 위험 전망으로, 기상·재배면적·방제 변화와 2027년 실제 발생을 확정하지 않습니다.",관찰
논벼,멸강나방,해충,경기도,0,0,0,유지,보통,36,2024·2026,"기준선 비교: 2026 유지 0.0점, 2024·2026 가중평균 0.0점, 선택 모델(완화 추세+표본 축소) 0.0점. 지역 변화 +0.0점을 표본가중치 0.75로 같은 병해충·작물의 지역 중앙 변화 +0.0점 방향에 축소하고, 1년 연장 변화는 ±20점으로 제한했습니다. 양년 자료 있음, 공통 조사단위 2개, 유효 관측 36건, 결측률 0.0%, 단위별 변화 변동성 0.0점. 비교는 가능하지만 표본 또는 변동성에 불확실성이 남습니다. 2024·2026 두 개 연도의 NCPMS 예찰자료만 사용한 상대 위험 전망으로, 기상·재배면적·방제 변화와 2027년 실제 발생을 확정하지 않습니다.",관찰
논벼,멸강나방,해충,경상남도,0,0,0,유지,보통,32,2024·2026,"기준선 비교: 2026 유지 0.0점, 2024·2026 가중평균 0.0점, 선택 모델(완화 추세+표본 축소) 0.0점. 지역 변화 +0.0점을 표본가중치 0.73로 같은 병해충·작물의 지역 중앙 변화 +0.0점 방향에 축소하고, 1년 연장 변화는 ±20점으로 제한했습니다. 양년 자료 있음, 공통 조사단위 2개, 유효 관측 32건, 결측률 0.0%, 단위별 변화 변동성 0.0점. 비교는 가능하지만 표본 또는 변동성에 불확실성이 남습니다. 2024·2026 두 개 연도의 NCPMS 예찰자료만 사용한 상대 위험 전망으로, 기상·재배면적·방제 변화와 2027년 실제 발생을 확정하지 않습니다.",관찰
논벼,멸강나방,해충,경상북도,0,0,0,유지,보통,32,2024·2026,"기준선 비교: 2026 유지 0.0점, 2024·2026 가중평균 0.0점, 선택 모델(완화 추세+표본 축소) 0.0점. 지역 변화 +0.0점을 표본가중치 0.73로 같은 병해충·작물의 지역 중앙 변화 +0.0점 방향에 축소하고, 1년 연장 변화는 ±20점으로 제한했습니다. 양년 자료 있음, 공통 조사단위 2개, 유효 관측 32건, 결측률 0.0%, 단위별 변화 변동성 0.0점. 비교는 가능하지만 표본 또는 변동성에 불확실성이 남습니다. 2024·2026 두 개 연도의 NCPMS 예찰자료만 사용한 상대 위험 전망으로, 기상·재배면적·방제 변화와 2027년 실제 발생을 확정하지 않습니다.",관찰
논벼,멸강나방,해충,대구광역시,0,0,0,유지,보통,32,2024·2026,"기준선 비교: 2026 유지 0.0점, 2024·2026 가중평균 0.0점, 선택 모델(완화 추세+표본 축소) 0.0점. 지역 변화 +0.0점을 표본가중치 0.73로 같은 병해충·작물의 지역 중앙 변화 +0.0점 방향에 축소하고, 1년 연장 변화는 ±20점으로 제한했습니다. 양년 자료 있음, 공통 조사단위 2개, 유효 관측 32건, 결측률 0.0%, 단위별 변화 변동성 0.0점. 비교는 가능하지만 표본 또는 변동성에 불확실성이 남습니다. 2024·2026 두 개 연도의 NCPMS 예찰자료만 사용한 상대 위험 전망으로, 기상·재배면적·방제 변화와 2027년 실제 발생을 확정하지 않습니다.",관찰
논벼,멸강나방,해충,대전광역시,0,0,0,유지,보통,32,2024·2026,"기준선 비교: 2026 유지 0.0점, 2024·2026 가중평균 0.0점, 선택 모델(완화 추세+표본 축소) 0.0점. 지역 변화 +0.0점을 표본가중치 0.73로 같은 병해충·작물의 지역 중앙 변화 +0.0점 방향에 축소하고, 1년 연장 변화는 ±20점으로 제한했습니다. 양년 자료 있음, 공통 조사단위 2개, 유효 관측 32건, 결측률 0.0%, 단위별 변화 변동성 0.0점. 비교는 가능하지만 표본 또는 변동성에 불확실성이 남습니다. 2024·2026 두 개 연도의 NCPMS 예찰자료만 사용한 상대 위험 전망으로, 기상·재배면적·방제 변화와 2027년 실제 발생을 확정하지 않습니다.",관찰
논벼,멸강나방,해충,부산광역시,0,0,0,유지,보통,32,2024·2026,"기준선 비교: 2026 유지 0.0점, 2024·2026 가중평균 0.0점, 선택 모델(완화 추세+표본 축소) 0.0점. 지역 변화 +0.0점을 표본가중치 0.73로 같은 병해충·작물의 지역 중앙 변화 +0.0점 방향에 축소하고, 1년 연장 변화는 ±20점으로 제한했습니다. 양년 자료 있음, 공통 조사단위 2개, 유효 관측 32건, 결측률 0.0%, 단위별 변화 변동성 0.0점. 비교는 가능하지만 표본 또는 변동성에 불확실성이 남습니다. 2024·2026 두 개 연도의 NCPMS 예찰자료만 사용한 상대 위험 전망으로, 기상·재배면적·방제 변화와 2027년 실제 발생을 확정하지 않습니다.",관찰
논벼,멸강나방,해충,세종특별자치시,0,0,0,유지,보통,28,2024·2026,"기준선 비교: 2026 유지 0.0점, 2024·2026 가중평균 0.0점, 선택 모델(완화 추세+표본 축소) 0.0점. 지역 변화 +0.0점을 표본가중치 0.70로 같은 병해충·작물의 지역 중앙 변화 +0.0점 방향에 축소하고, 1년 연장 변화는 ±20점으로 제한했습니다. 양년 자료 있음, 공통 조사단위 2개, 유효 관측 28건, 결측률 0.0%, 단위별 변화 변동성 0.0점. 비교는 가능하지만 표본 또는 변동성에 불확실성이 남습니다. 2024·2026 두 개 연도의 NCPMS 예찰자료만 사용한 상대 위험 전망으로, 기상·재배면적·방제 변화와 2027년 실제 발생을 확정하지 않습니다.",관찰
논벼,멸강나방,해충,울산광역시,0,0,0,유지,보통,32,2024·2026,"기준선 비교: 2026 유지 0.0점, 2024·2026 가중평균 0.0점, 선택 모델(완화 추세+표본 축소) 0.0점. 지역 변화 +0.0점을 표본가중치 0.73로 같은 병해충·작물의 지역 중앙 변화 +0.0점 방향에 축소하고, 1년 연장 변화는 ±20점으로 제한했습니다. 양년 자료 있음, 공통 조사단위 2개, 유효 관측 32건, 결측률 0.0%, 단위별 변화 변동성 0.0점. 비교는 가능하지만 표본 또는 변동성에 불확실성이 남습니다. 2024·2026 두 개 연도의 NCPMS 예찰자료만 사용한 상대 위험 전망으로, 기상·재배면적·방제 변화와 2027년 실제 발생을 확정하지 않습니다.",관찰
논벼,멸강나방,해충,인천광역시,0,0,0,유지,보통,32,2024·2026,"기준선 비교: 2026 유지 0.0점, 2024·2026 가중평균 0.0점, 선택 모델(완화 추세+표본 축소) 0.0점. 지역 변화 +0.0점을 표본가중치 0.73로 같은 병해충·작물의 지역 중앙 변화 +0.0점 방향에 축소하고, 1년 연장 변화는 ±20점으로 제한했습니다. 양년 자료 있음, 공통 조사단위 2개, 유효 관측 32건, 결측률 0.0%, 단위별 변화 변동성 0.0점. 비교는 가능하지만 표본 또는 변동성에 불확실성이 남습니다. 2024·2026 두 개 연도의 NCPMS 예찰자료만 사용한 상대 위험 전망으로, 기상·재배면적·방제 변화와 2027년 실제 발생을 확정하지 않습니다.",관찰
논벼,멸강나방,해충,전남광주통합특별시,0,0,0,유지,보통,32,2024·2026,"기준선 비교: 2026 유지 0.0점, 2024·2026 가중평균 0.0점, 선택 모델(완화 추세+표본 축소) 0.0점. 지역 변화 +0.0점을 표본가중치 0.73로 같은 병해충·작물의 지역 중앙 변화 +0.0점 방향에 축소하고, 1년 연장 변화는 ±20점으로 제한했습니다. 양년 자료 있음, 공통 조사단위 2개, 유효 관측 32건, 결측률 0.0%, 단위별 변화 변동성 0.0점. 비교는 가능하지만 표본 또는 변동성에 불확실성이 남습니다. 2024·2026 두 개 연도의 NCPMS 예찰자료만 사용한 상대 위험 전망으로, 기상·재배면적·방제 변화와 2027년 실제 발생을 확정하지 않습니다.",관찰
논벼,멸강나방,해충,전북특별자치도,0,0,0,유지,보통,32,2024·2026,"기준선 비교: 2026 유지 0.0점, 2024·2026 가중평균 0.0점, 선택 모델(완화 추세+표본 축소) 0.0점. 지역 변화 +0.0점을 표본가중치 0.73로 같은 병해충·작물의 지역 중앙 변화 +0.0점 방향에 축소하고, 1년 연장 변화는 ±20점으로 제한했습니다. 양년 자료 있음, 공통 조사단위 2개, 유효 관측 32건, 결측률 0.0%, 단위별 변화 변동성 0.0점. 비교는 가능하지만 표본 또는 변동성에 불확실성이 남습니다. 2024·2026 두 개 연도의 NCPMS 예찰자료만 사용한 상대 위험 전망으로, 기상·재배면적·방제 변화와 2027년 실제 발생을 확정하지 않습니다.",관찰
논벼,멸강나방,해충,충청남도,38,0,0,유지,보통,32,2024·2026,"기준선 비교: 2026 유지 0.0점, 2024·2026 가중평균 13.1점, 선택 모델(완화 추세+표본 축소) 0.0점. 지역 변화 -37.5점을 표본가중치 0.73로 같은 병해충·작물의 지역 중앙 변화 +0.0점 방향에 축소하고, 1년 연장 변화는 ±20점으로 제한했습니다. 양년 자료 있음, 공통 조사단위 2개, 유효 관측 32건, 결측률 0.0%, 단위별 변화 변동성 37.5점. 비교는 가능하지만 표본 또는 변동성에 불확실성이 남습니다. 2024·2026 두 개 연도의 NCPMS 예찰자료만 사용한 상대 위험 전망으로, 기상·재배면적·방제 변화와 2027년 실제 발생을 확정하지 않습니다.",관찰
논벼,멸강나방,해충,충청북도,0,0,0,유지,보통,36,2024·2026,"기준선 비교: 2026 유지 0.0점, 2024·2026 가중평균 0.0점, 선택 모델(완화 추세+표본 축소) 0.0점. 지역 변화 +0.0점을 표본가중치 0.75로 같은 병해충·작물의 지역 중앙 변화 +0.0점 방향에 축소하고, 1년 연장 변화는 ±20점으로 제한했습니다. 양년 자료 있음, 공통 조사단위 2개, 유효 관측 36건, 결측률 0.0%, 단위별 변화 변동성 0.0점. 비교는 가능하지만 표본 또는 변동성에 불확실성이 남습니다. 2024·2026 두 개 연도의 NCPMS 예찰자료만 사용한 상대 위험 전망으로, 기상·재배면적·방제 변화와 2027년 실제 발생을 확정하지 않습니다.",관찰
보리,멸강나방_유충,해충,경상남도,,0,,전망자료 부족,낮음,6,2026,"양년 자료 없음, 공통 조사단위 0개, 유효 관측 6건, 결측률 0.0%, 단위별 변화 변동성 100.0점. 제한된 비교 단위 또는 변동성 때문에 보수적으로 낮게 평가합니다. 2024·2026 두 개 연도의 NCPMS 예찰자료만 사용한 상대 위험 전망으로, 기상·재배면적·방제 변화와 2027년 실제 발생을 확정하지 않습니다.",전망자료 부족
보리,멸강나방_유충,해충,경상북도,,0,,전망자료 부족,낮음,6,2026,"양년 자료 없음, 공통 조사단위 0개, 유효 관측 6건, 결측률 0.0%, 단위별 변화 변동성 100.0점. 제한된 비교 단위 또는 변동성 때문에 보수적으로 낮게 평가합니다. 2024·2026 두 개 연도의 NCPMS 예찰자료만 사용한 상대 위험 전망으로, 기상·재배면적·방제 변화와 2027년 실제 발생을 확정하지 않습니다.",전망자료 부족
보리,멸강나방_유충,해충,전남광주통합특별시,,17,,전망자료 부족,낮음,6,2026,"양년 자료 없음, 공통 조사단위 0개, 유효 관측 6건, 결측률 0.0%, 단위별 변화 변동성 100.0점. 제한된 비교 단위 또는 변동성 때문에 보수적으로 낮게 평가합니다. 2024·2026 두 개 연도의 NCPMS 예찰자료만 사용한 상대 위험 전망으로, 기상·재배면적·방제 변화와 2027년 실제 발생을 확정하지 않습니다.",전망자료 부족
보리,멸강나방_유충,해충,전북특별자치도,,0,,전망자료 부족,낮음,6,2026,"양년 자료 없음, 공통 조사단위 0개, 유효 관측 6건, 결측률 0.0%, 단위별 변화 변동성 100.0점. 제한된 비교 단위 또는 변동성 때문에 보수적으로 낮게 평가합니다. 2024·2026 두 개 연도의 NCPMS 예찰자료만 사용한 상대 위험 전망으로, 기상·재배면적·방제 변화와 2027년 실제 발생을 확정하지 않습니다.",전망자료 부족
보리,멸강나방_유충,해충,충청남도,,0,,전망자료 부족,낮음,6,2026,"양년 자료 없음, 공통 조사단위 0개, 유효 관측 6건, 결측률 0.0%, 단위별 변화 변동성 100.0점. 제한된 비교 단위 또는 변동성 때문에 보수적으로 낮게 평가합니다. 2024·2026 두 개 연도의 NCPMS 예찰자료만 사용한 상대 위험 전망으로, 기상·재배면적·방제 변화와 2027년 실제 발생을 확정하지 않습니다.",전망자료 부족
보리,멸강나방_유충,해충,충청북도,,0,,전망자료 부족,낮음,6,2026,"양년 자료 없음, 공통 조사단위 0개, 유효 관측 6건, 결측률 0.0%, 단위별 변화 변동성 100.0점. 제한된 비교 단위 또는 변동성 때문에 보수적으로 낮게 평가합니다. 2024·2026 두 개 연도의 NCPMS 예찰자료만 사용한 상대 위험 전망으로, 기상·재배면적·방제 변화와 2027년 실제 발생을 확정하지 않습니다.",전망자료 부족
감,모무늬낙엽병,병해,경상남도,,0,,전망자료 부족,낮음,7,2026,"양년 자료 없음, 공통 조사단위 0개, 유효 관측 7건, 결측률 0.0%, 단위별 변화 변동성 100.0점. 제한된 비교 단위 또는 변동성 때문에 보수적으로 낮게 평가합니다. 2024·2026 두 개 연도의 NCPMS 예찰자료만 사용한 상대 위험 전망으로, 기상·재배면적·방제 변화와 2027년 실제 발생을 확정하지 않습니다.",전망자료 부족
감,모무늬낙엽병,병해,경상북도,,14,,전망자료 부족,낮음,7,2026,"양년 자료 없음, 공통 조사단위 0개, 유효 관측 7건, 결측률 0.0%, 단위별 변화 변동성 100.0점. 제한된 비교 단위 또는 변동성 때문에 보수적으로 낮게 평가합니다. 2024·2026 두 개 연도의 NCPMS 예찰자료만 사용한 상대 위험 전망으로, 기상·재배면적·방제 변화와 2027년 실제 발생을 확정하지 않습니다.",전망자료 부족
감,모무늬낙엽병,병해,울산광역시,,0,,전망자료 부족,낮음,6,2026,"양년 자료 없음, 공통 조사단위 0개, 유효 관측 6건, 결측률 0.0%, 단위별 변화 변동성 100.0점. 제한된 비교 단위 또는 변동성 때문에 보수적으로 낮게 평가합니다. 2024·2026 두 개 연도의 NCPMS 예찰자료만 사용한 상대 위험 전망으로, 기상·재배면적·방제 변화와 2027년 실제 발생을 확정하지 않습니다.",전망자료 부족
감,모무늬낙엽병,병해,전남광주통합특별시,,14,,전망자료 부족,낮음,7,2026,"양년 자료 없음, 공통 조사단위 0개, 유효 관측 7건, 결측률 0.0%, 단위별 변화 변동성 100.0점. 제한된 비교 단위 또는 변동성 때문에 보수적으로 낮게 평가합니다. 2024·2026 두 개 연도의 NCPMS 예찰자료만 사용한 상대 위험 전망으로, 기상·재배면적·방제 변화와 2027년 실제 발생을 확정하지 않습니다.",전망자료 부족
콩,바이러스,바이러스,강원특별자치도,,0,,전망자료 부족,낮음,5,2026,"양년 자료 없음, 공통 조사단위 0개, 유효 관측 5건, 결측률 0.0%, 단위별 변화 변동성 100.0점. 제한된 비교 단위 또는 변동성 때문에 보수적으로 낮게 평가합니다. 2024·2026 두 개 연도의 NCPMS 예찰자료만 사용한 상대 위험 전망으로, 기상·재배면적·방제 변화와 2027년 실제 발생을 확정하지 않습니다.",전망자료 부족
콩,바이러스,바이러스,경기도,,0,,전망자료 부족,낮음,5,2026,"양년 자료 없음, 공통 조사단위 0개, 유효 관측 5건, 결측률 0.0%, 단위별 변화 변동성 100.0점. 제한된 비교 단위 또는 변동성 때문에 보수적으로 낮게 평가합니다. 2024·2026 두 개 연도의 NCPMS 예찰자료만 사용한 상대 위험 전망으로, 기상·재배면적·방제 변화와 2027년 실제 발생을 확정하지 않습니다.",전망자료 부족
콩,바이러스,바이러스,경상남도,,0,,전망자료 부족,낮음,5,2026,"양년 자료 없음, 공통 조사단위 0개, 유효 관측 5건, 결측률 0.0%, 단위별 변화 변동성 100.0점. 제한된 비교 단위 또는 변동성 때문에 보수적으로 낮게 평가합니다. 2024·2026 두 개 연도의 NCPMS 예찰자료만 사용한 상대 위험 전망으로, 기상·재배면적·방제 변화와 2027년 실제 발생을 확정하지 않습니다.",전망자료 부족
콩,바이러스,바이러스,경상북도,,0,,전망자료 부족,낮음,5,2026,"양년 자료 없음, 공통 조사단위 0개, 유효 관측 5건, 결측률 0.0%, 단위별 변화 변동성 100.0점. 제한된 비교 단위 또는 변동성 때문에 보수적으로 낮게 평가합니다. 2024·2026 두 개 연도의 NCPMS 예찰자료만 사용한 상대 위험 전망으로, 기상·재배면적·방제 변화와 2027년 실제 발생을 확정하지 않습니다.",전망자료 부족
콩,바이러스,바이러스,전남광주통합특별시,,0,,전망자료 부족,낮음,5,2026,"양년 자료 없음, 공통 조사단위 0개, 유효 관측 5건, 결측률 0.0%, 단위별 변화 변동성 100.0점. 제한된 비교 단위 또는 변동성 때문에 보수적으로 낮게 평가합니다. 2024·2026 두 개 연도의 NCPMS 예찰자료만 사용한 상대 위험 전망으로, 기상·재배면적·방제 변화와 2027년 실제 발생을 확정하지 않습니다.",전망자료 부족
콩,바이러스,바이러스,전북특별자치도,,0,,전망자료 부족,낮음,5,2026,"양년 자료 없음, 공통 조사단위 0개, 유효 관측 5건, 결측률 0.0%, 단위별 변화 변동성 100.0점. 제한된 비교 단위 또는 변동성 때문에 보수적으로 낮게 평가합니다. 2024·2026 두 개 연도의 NCPMS 예찰자료만 사용한 상대 위험 전망으로, 기상·재배면적·방제 변화와 2027년 실제 발생을 확정하지 않습니다.",전망자료 부족
콩,바이러스,바이러스,제주특별자치도,,0,,전망자료 부족,낮음,5,2026,"양년 자료 없음, 공통 조사단위 0개, 유효 관측 5건, 결측률 0.0%, 단위별 변화 변동성 100.0점. 제한된 비교 단위 또는 변동성 때문에 보수적으로 낮게 평가합니다. 2024·2026 두 개 연도의 NCPMS 예찰자료만 사용한 상대 위험 전망으로, 기상·재배면적·방제 변화와 2027년 실제 발생을 확정하지 않습니다.",전망자료 부족
콩,바이러스,바이러스,충청남도,,0,,전망자료 부족,낮음,5,2026,"양년 자료 없음, 공통 조사단위 0개, 유효 관측 5건, 결측률 0.0%, 단위별 변화 변동성 100.0점. 제한된 비교 단위 또는 변동성 때문에 보수적으로 낮게 평가합니다. 2024·2026 두 개 연도의 NCPMS 예찰자료만 사용한 상대 위험 전망으로, 기상·재배면적·방제 변화와 2027년 실제 발생을 확정하지 않습니다.",전망자료 부족
콩,바이러스,바이러스,충청북도,,0,,전망자료 부족,낮음,5,2026,"양년 자료 없음, 공통 조사단위 0개, 유효 관측 5건, 결측률 0.0%, 단위별 변화 변동성 100.0점. 제한된 비교 단위 또는 변동성 때문에 보수적으로 낮게 평가합니다. 2024·2026 두 개 연도의 NCPMS 예찰자료만 사용한 상대 위험 전망으로, 기상·재배면적·방제 변화와 2027년 실제 발생을 확정하지 않습니다.",전망자료 부족
논벼,바이러스병,바이러스,강원특별자치도,,0,,전망자료 부족,낮음,24,2026,"양년 자료 없음, 공통 조사단위 0개, 유효 관측 24건, 결측률 0.0%, 단위별 변화 변동성 100.0점. 제한된 비교 단위 또는 변동성 때문에 보수적으로 낮게 평가합니다. 2024·2026 두 개 연도의 NCPMS 예찰자료만 사용한 상대 위험 전망으로, 기상·재배면적·방제 변화와 2027년 실제 발생을 확정하지 않습니다.",전망자료 부족
논벼,바이러스병,바이러스,경기도,,0,,전망자료 부족,낮음,28,2026,"양년 자료 없음, 공통 조사단위 0개, 유효 관측 28건, 결측률 0.0%, 단위별 변화 변동성 100.0점. 제한된 비교 단위 또는 변동성 때문에 보수적으로 낮게 평가합니다. 2024·2026 두 개 연도의 NCPMS 예찰자료만 사용한 상대 위험 전망으로, 기상·재배면적·방제 변화와 2027년 실제 발생을 확정하지 않습니다.",전망자료 부족
논벼,바이러스병,바이러스,경상남도,,0,,전망자료 부족,낮음,24,2026,"양년 자료 없음, 공통 조사단위 0개, 유효 관측 24건, 결측률 0.0%, 단위별 변화 변동성 100.0점. 제한된 비교 단위 또는 변동성 때문에 보수적으로 낮게 평가합니다. 2024·2026 두 개 연도의 NCPMS 예찰자료만 사용한 상대 위험 전망으로, 기상·재배면적·방제 변화와 2027년 실제 발생을 확정하지 않습니다.",전망자료 부족
논벼,바이러스병,바이러스,경상북도,,0,,전망자료 부족,낮음,24,2026,"양년 자료 없음, 공통 조사단위 0개, 유효 관측 24건, 결측률 0.0%, 단위별 변화 변동성 100.0점. 제한된 비교 단위 또는 변동성 때문에 보수적으로 낮게 평가합니다. 2024·2026 두 개 연도의 NCPMS 예찰자료만 사용한 상대 위험 전망으로, 기상·재배면적·방제 변화와 2027년 실제 발생을 확정하지 않습니다.",전망자료 부족
논벼,바이러스병,바이러스,대구광역시,,0,,전망자료 부족,낮음,24,2026,"양년 자료 없음, 공통 조사단위 0개, 유효 관측 24건, 결측률 0.0%, 단위별 변화 변동성 100.0점. 제한된 비교 단위 또는 변동성 때문에 보수적으로 낮게 평가합니다. 2024·2026 두 개 연도의 NCPMS 예찰자료만 사용한 상대 위험 전망으로, 기상·재배면적·방제 변화와 2027년 실제 발생을 확정하지 않습니다.",전망자료 부족
논벼,바이러스병,바이러스,대전광역시,,0,,전망자료 부족,낮음,24,2026,"양년 자료 없음, 공통 조사단위 0개, 유효 관측 24건, 결측률 0.0%, 단위별 변화 변동성 100.0점. 제한된 비교 단위 또는 변동성 때문에 보수적으로 낮게 평가합니다. 2024·2026 두 개 연도의 NCPMS 예찰자료만 사용한 상대 위험 전망으로, 기상·재배면적·방제 변화와 2027년 실제 발생을 확정하지 않습니다.",전망자료 부족
논벼,바이러스병,바이러스,부산광역시,,0,,전망자료 부족,낮음,24,2026,"양년 자료 없음, 공통 조사단위 0개, 유효 관측 24건, 결측률 0.0%, 단위별 변화 변동성 100.0점. 제한된 비교 단위 또는 변동성 때문에 보수적으로 낮게 평가합니다. 2024·2026 두 개 연도의 NCPMS 예찰자료만 사용한 상대 위험 전망으로, 기상·재배면적·방제 변화와 2027년 실제 발생을 확정하지 않습니다.",전망자료 부족
논벼,바이러스병,바이러스,세종특별자치시,,0,,전망자료 부족,낮음,20,2026,"양년 자료 없음, 공통 조사단위 0개, 유효 관측 20건, 결측률 0.0%, 단위별 변화 변동성 100.0점. 제한된 비교 단위 또는 변동성 때문에 보수적으로 낮게 평가합니다. 2024·2026 두 개 연도의 NCPMS 예찰자료만 사용한 상대 위험 전망으로, 기상·재배면적·방제 변화와 2027년 실제 발생을 확정하지 않습니다.",전망자료 부족
논벼,바이러스병,바이러스,울산광역시,,0,,전망자료 부족,낮음,24,2026,"양년 자료 없음, 공통 조사단위 0개, 유효 관측 24건, 결측률 0.0%, 단위별 변화 변동성 100.0점. 제한된 비교 단위 또는 변동성 때문에 보수적으로 낮게 평가합니다. 2024·2026 두 개 연도의 NCPMS 예찰자료만 사용한 상대 위험 전망으로, 기상·재배면적·방제 변화와 2027년 실제 발생을 확정하지 않습니다.",전망자료 부족
논벼,바이러스병,바이러스,인천광역시,,0,,전망자료 부족,낮음,24,2026,"양년 자료 없음, 공통 조사단위 0개, 유효 관측 24건, 결측률 0.0%, 단위별 변화 변동성 100.0점. 제한된 비교 단위 또는 변동성 때문에 보수적으로 낮게 평가합니다. 2024·2026 두 개 연도의 NCPMS 예찰자료만 사용한 상대 위험 전망으로, 기상·재배면적·방제 변화와 2027년 실제 발생을 확정하지 않습니다.",전망자료 부족
논벼,바이러스병,바이러스,전남광주통합특별시,,8,,전망자료 부족,낮음,24,2026,"양년 자료 없음, 공통 조사단위 0개, 유효 관측 24건, 결측률 0.0%, 단위별 변화 변동성 100.0점. 제한된 비교 단위 또는 변동성 때문에 보수적으로 낮게 평가합니다. 2024·2026 두 개 연도의 NCPMS 예찰자료만 사용한 상대 위험 전망으로, 기상·재배면적·방제 변화와 2027년 실제 발생을 확정하지 않습니다.",전망자료 부족
논벼,바이러스병,바이러스,전북특별자치도,,0,,전망자료 부족,낮음,24,2026,"양년 자료 없음, 공통 조사단위 0개, 유효 관측 24건, 결측률 0.0%, 단위별 변화 변동성 100.0점. 제한된 비교 단위 또는 변동성 때문에 보수적으로 낮게 평가합니다. 2024·2026 두 개 연도의 NCPMS 예찰자료만 사용한 상대 위험 전망으로, 기상·재배면적·방제 변화와 2027년 실제 발생을 확정하지 않습니다.",전망자료 부족
논벼,바이러스병,바이러스,충청남도,,2,,전망자료 부족,낮음,24,2026,"양년 자료 없음, 공통 조사단위 0개, 유효 관측 24건, 결측률 0.0%, 단위별 변화 변동성 100.0점. 제한된 비교 단위 또는 변동성 때문에 보수적으로 낮게 평가합니다. 2024·2026 두 개 연도의 NCPMS 예찰자료만 사용한 상대 위험 전망으로, 기상·재배면적·방제 변화와 2027년 실제 발생을 확정하지 않습니다.",전망자료 부족
논벼,바이러스병,바이러스,충청북도,,0,,전망자료 부족,낮음,28,2026,"양년 자료 없음, 공통 조사단위 0개, 유효 관측 28건, 결측률 0.0%, 단위별 변화 변동성 100.0점. 제한된 비교 단위 또는 변동성 때문에 보수적으로 낮게 평가합니다. 2024·2026 두 개 연도의 NCPMS 예찰자료만 사용한 상대 위험 전망으로, 기상·재배면적·방제 변화와 2027년 실제 발생을 확정하지 않습니다.",전망자료 부족
보리,바이러스병,바이러스,경상남도,,0,,전망자료 부족,낮음,6,2026,"양년 자료 없음, 공통 조사단위 0개, 유효 관측 6건, 결측률 0.0%, 단위별 변화 변동성 100.0점. 제한된 비교 단위 또는 변동성 때문에 보수적으로 낮게 평가합니다. 2024·2026 두 개 연도의 NCPMS 예찰자료만 사용한 상대 위험 전망으로, 기상·재배면적·방제 변화와 2027년 실제 발생을 확정하지 않습니다.",전망자료 부족
보리,바이러스병,바이러스,경상북도,,0,,전망자료 부족,낮음,6,2026,"양년 자료 없음, 공통 조사단위 0개, 유효 관측 6건, 결측률 0.0%, 단위별 변화 변동성 100.0점. 제한된 비교 단위 또는 변동성 때문에 보수적으로 낮게 평가합니다. 2024·2026 두 개 연도의 NCPMS 예찰자료만 사용한 상대 위험 전망으로, 기상·재배면적·방제 변화와 2027년 실제 발생을 확정하지 않습니다.",전망자료 부족
보리,바이러스병,바이러스,전남광주통합특별시,,0,,전망자료 부족,낮음,6,2026,"양년 자료 없음, 공통 조사단위 0개, 유효 관측 6건, 결측률 0.0%, 단위별 변화 변동성 100.0점. 제한된 비교 단위 또는 변동성 때문에 보수적으로 낮게 평가합니다. 2024·2026 두 개 연도의 NCPMS 예찰자료만 사용한 상대 위험 전망으로, 기상·재배면적·방제 변화와 2027년 실제 발생을 확정하지 않습니다.",전망자료 부족
보리,바이러스병,바이러스,전북특별자치도,,0,,전망자료 부족,낮음,6,2026,"양년 자료 없음, 공통 조사단위 0개, 유효 관측 6건, 결측률 0.0%, 단위별 변화 변동성 100.0점. 제한된 비교 단위 또는 변동성 때문에 보수적으로 낮게 평가합니다. 2024·2026 두 개 연도의 NCPMS 예찰자료만 사용한 상대 위험 전망으로, 기상·재배면적·방제 변화와 2027년 실제 발생을 확정하지 않습니다.",전망자료 부족
보리,바이러스병,바이러스,충청남도,,0,,전망자료 부족,낮음,6,2026,"양년 자료 없음, 공통 조사단위 0개, 유효 관측 6건, 결측률 0.0%, 단위별 변화 변동성 100.0점. 제한된 비교 단위 또는 변동성 때문에 보수적으로 낮게 평가합니다. 2024·2026 두 개 연도의 NCPMS 예찰자료만 사용한 상대 위험 전망으로, 기상·재배면적·방제 변화와 2027년 실제 발생을 확정하지 않습니다.",전망자료 부족
보리,바이러스병,바이러스,충청북도,,0,,전망자료 부족,낮음,6,2026,"양년 자료 없음, 공통 조사단위 0개, 유효 관측 6건, 결측률 0.0%, 단위별 변화 변동성 100.0점. 제한된 비교 단위 또는 변동성 때문에 보수적으로 낮게 평가합니다. 2024·2026 두 개 연도의 NCPMS 예찰자료만 사용한 상대 위험 전망으로, 기상·재배면적·방제 변화와 2027년 실제 발생을 확정하지 않습니다.",전망자료 부족
논벼,벼검은줄오갈병,기타,강원특별자치도,0,,,전망자료 부족,낮음,8,2024,"양년 자료 없음, 공통 조사단위 0개, 유효 관측 8건, 결측률 0.0%, 단위별 변화 변동성 100.0점. 제한된 비교 단위 또는 변동성 때문에 보수적으로 낮게 평가합니다. 2024·2026 두 개 연도의 NCPMS 예찰자료만 사용한 상대 위험 전망으로, 기상·재배면적·방제 변화와 2027년 실제 발생을 확정하지 않습니다.",전망자료 부족
논벼,벼검은줄오갈병,기타,경기도,0,,,전망자료 부족,낮음,8,2024,"양년 자료 없음, 공통 조사단위 0개, 유효 관측 8건, 결측률 0.0%, 단위별 변화 변동성 100.0점. 제한된 비교 단위 또는 변동성 때문에 보수적으로 낮게 평가합니다. 2024·2026 두 개 연도의 NCPMS 예찰자료만 사용한 상대 위험 전망으로, 기상·재배면적·방제 변화와 2027년 실제 발생을 확정하지 않습니다.",전망자료 부족
논벼,벼검은줄오갈병,기타,경상남도,0,,,전망자료 부족,낮음,8,2024,"양년 자료 없음, 공통 조사단위 0개, 유효 관측 8건, 결측률 0.0%, 단위별 변화 변동성 100.0점. 제한된 비교 단위 또는 변동성 때문에 보수적으로 낮게 평가합니다. 2024·2026 두 개 연도의 NCPMS 예찰자료만 사용한 상대 위험 전망으로, 기상·재배면적·방제 변화와 2027년 실제 발생을 확정하지 않습니다.",전망자료 부족
논벼,벼검은줄오갈병,기타,경상북도,0,,,전망자료 부족,낮음,8,2024,"양년 자료 없음, 공통 조사단위 0개, 유효 관측 8건, 결측률 0.0%, 단위별 변화 변동성 100.0점. 제한된 비교 단위 또는 변동성 때문에 보수적으로 낮게 평가합니다. 2024·2026 두 개 연도의 NCPMS 예찰자료만 사용한 상대 위험 전망으로, 기상·재배면적·방제 변화와 2027년 실제 발생을 확정하지 않습니다.",전망자료 부족
논벼,벼검은줄오갈병,기타,대구광역시,0,,,전망자료 부족,낮음,8,2024,"양년 자료 없음, 공통 조사단위 0개, 유효 관측 8건, 결측률 0.0%, 단위별 변화 변동성 100.0점. 제한된 비교 단위 또는 변동성 때문에 보수적으로 낮게 평가합니다. 2024·2026 두 개 연도의 NCPMS 예찰자료만 사용한 상대 위험 전망으로, 기상·재배면적·방제 변화와 2027년 실제 발생을 확정하지 않습니다.",전망자료 부족
논벼,벼검은줄오갈병,기타,대전광역시,0,,,전망자료 부족,낮음,8,2024,"양년 자료 없음, 공통 조사단위 0개, 유효 관측 8건, 결측률 0.0%, 단위별 변화 변동성 100.0점. 제한된 비교 단위 또는 변동성 때문에 보수적으로 낮게 평가합니다. 2024·2026 두 개 연도의 NCPMS 예찰자료만 사용한 상대 위험 전망으로, 기상·재배면적·방제 변화와 2027년 실제 발생을 확정하지 않습니다.",전망자료 부족
논벼,벼검은줄오갈병,기타,부산광역시,0,,,전망자료 부족,낮음,8,2024,"양년 자료 없음, 공통 조사단위 0개, 유효 관측 8건, 결측률 0.0%, 단위별 변화 변동성 100.0점. 제한된 비교 단위 또는 변동성 때문에 보수적으로 낮게 평가합니다. 2024·2026 두 개 연도의 NCPMS 예찰자료만 사용한 상대 위험 전망으로, 기상·재배면적·방제 변화와 2027년 실제 발생을 확정하지 않습니다.",전망자료 부족
논벼,벼검은줄오갈병,기타,세종특별자치시,0,,,전망자료 부족,낮음,8,2024,"양년 자료 없음, 공통 조사단위 0개, 유효 관측 8건, 결측률 0.0%, 단위별 변화 변동성 100.0점. 제한된 비교 단위 또는 변동성 때문에 보수적으로 낮게 평가합니다. 2024·2026 두 개 연도의 NCPMS 예찰자료만 사용한 상대 위험 전망으로, 기상·재배면적·방제 변화와 2027년 실제 발생을 확정하지 않습니다.",전망자료 부족
논벼,벼검은줄오갈병,기타,울산광역시,0,,,전망자료 부족,낮음,8,2024,"양년 자료 없음, 공통 조사단위 0개, 유효 관측 8건, 결측률 0.0%, 단위별 변화 변동성 100.0점. 제한된 비교 단위 또는 변동성 때문에 보수적으로 낮게 평가합니다. 2024·2026 두 개 연도의 NCPMS 예찰자료만 사용한 상대 위험 전망으로, 기상·재배면적·방제 변화와 2027년 실제 발생을 확정하지 않습니다.",전망자료 부족
논벼,벼검은줄오갈병,기타,인천광역시,0,,,전망자료 부족,낮음,8,2024,"양년 자료 없음, 공통 조사단위 0개, 유효 관측 8건, 결측률 0.0%, 단위별 변화 변동성 100.0점. 제한된 비교 단위 또는 변동성 때문에 보수적으로 낮게 평가합니다. 2024·2026 두 개 연도의 NCPMS 예찰자료만 사용한 상대 위험 전망으로, 기상·재배면적·방제 변화와 2027년 실제 발생을 확정하지 않습니다.",전망자료 부족
논벼,벼검은줄오갈병,기타,전남광주통합특별시,0,,,전망자료 부족,낮음,8,2024,"양년 자료 없음, 공통 조사단위 0개, 유효 관측 8건, 결측률 0.0%, 단위별 변화 변동성 100.0점. 제한된 비교 단위 또는 변동성 때문에 보수적으로 낮게 평가합니다. 2024·2026 두 개 연도의 NCPMS 예찰자료만 사용한 상대 위험 전망으로, 기상·재배면적·방제 변화와 2027년 실제 발생을 확정하지 않습니다.",전망자료 부족
논벼,벼검은줄오갈병,기타,전북특별자치도,0,,,전망자료 부족,낮음,8,2024,"양년 자료 없음, 공통 조사단위 0개, 유효 관측 8건, 결측률 0.0%, 단위별 변화 변동성 100.0점. 제한된 비교 단위 또는 변동성 때문에 보수적으로 낮게 평가합니다. 2024·2026 두 개 연도의 NCPMS 예찰자료만 사용한 상대 위험 전망으로, 기상·재배면적·방제 변화와 2027년 실제 발생을 확정하지 않습니다.",전망자료 부족
논벼,벼검은줄오갈병,기타,충청남도,0,,,전망자료 부족,낮음,8,2024,"양년 자료 없음, 공통 조사단위 0개, 유효 관측 8건, 결측률 0.0%, 단위별 변화 변동성 100.0점. 제한된 비교 단위 또는 변동성 때문에 보수적으로 낮게 평가합니다. 2024·2026 두 개 연도의 NCPMS 예찰자료만 사용한 상대 위험 전망으로, 기상·재배면적·방제 변화와 2027년 실제 발생을 확정하지 않습니다.",전망자료 부족
논벼,벼검은줄오갈병,기타,충청북도,0,,,전망자료 부족,낮음,8,2024,"양년 자료 없음, 공통 조사단위 0개, 유효 관측 8건, 결측률 0.0%, 단위별 변화 변동성 100.0점. 제한된 비교 단위 또는 변동성 때문에 보수적으로 낮게 평가합니다. 2024·2026 두 개 연도의 NCPMS 예찰자료만 사용한 상대 위험 전망으로, 기상·재배면적·방제 변화와 2027년 실제 발생을 확정하지 않습니다.",전망자료 부족
논벼,벼멸구,해충,강원특별자치도,0,7,9,유지,보통,32,2024·2026,"기준선 비교: 2026 유지 6.9점, 2024·2026 가중평균 4.5점, 선택 모델(완화 추세+표본 축소) 8.7점. 지역 변화 +6.9점을 표본가중치 0.73로 같은 병해충·작물의 지역 중앙 변화 +0.0점 방향에 축소하고, 1년 연장 변화는 ±20점으로 제한했습니다. 양년 자료 있음, 공통 조사단위 2개, 유효 관측 32건, 결측률 0.0%, 단위별 변화 변동성 0.0점. 비교는 가능하지만 표본 또는 변동성에 불확실성이 남습니다. 2024·2026 두 개 연도의 NCPMS 예찰자료만 사용한 상대 위험 전망으로, 기상·재배면적·방제 변화와 2027년 실제 발생을 확정하지 않습니다.",관찰
논벼,벼멸구,해충,경기도,0,0,0,유지,보통,36,2024·2026,"기준선 비교: 2026 유지 0.0점, 2024·2026 가중평균 0.0점, 선택 모델(완화 추세+표본 축소) 0.0점. 지역 변화 +0.0점을 표본가중치 0.75로 같은 병해충·작물의 지역 중앙 변화 +0.0점 방향에 축소하고, 1년 연장 변화는 ±20점으로 제한했습니다. 양년 자료 있음, 공통 조사단위 2개, 유효 관측 36건, 결측률 0.0%, 단위별 변화 변동성 0.0점. 비교는 가능하지만 표본 또는 변동성에 불확실성이 남습니다. 2024·2026 두 개 연도의 NCPMS 예찰자료만 사용한 상대 위험 전망으로, 기상·재배면적·방제 변화와 2027년 실제 발생을 확정하지 않습니다.",관찰
논벼,벼멸구,해충,경상남도,0,29,37,증가,보통,32,2024·2026,"기준선 비교: 2026 유지 29.3점, 2024·2026 가중평균 19.1점, 선택 모델(완화 추세+표본 축소) 36.8점. 지역 변화 +29.3점을 표본가중치 0.73로 같은 병해충·작물의 지역 중앙 변화 +0.0점 방향에 축소하고, 1년 연장 변화는 ±20점으로 제한했습니다. 양년 자료 있음, 공통 조사단위 2개, 유효 관측 32건, 결측률 0.0%, 단위별 변화 변동성 0.0점. 비교는 가능하지만 표본 또는 변동성에 불확실성이 남습니다. 2024·2026 두 개 연도의 NCPMS 예찰자료만 사용한 상대 위험 전망으로, 기상·재배면적·방제 변화와 2027년 실제 발생을 확정하지 않습니다.",주의
논벼,벼멸구,해충,경상북도,38,0,0,유지,보통,32,2024·2026,"기준선 비교: 2026 유지 0.0점, 2024·2026 가중평균 13.1점, 선택 모델(완화 추세+표본 축소) 0.0점. 지역 변화 -37.5점을 표본가중치 0.73로 같은 병해충·작물의 지역 중앙 변화 +0.0점 방향에 축소하고, 1년 연장 변화는 ±20점으로 제한했습니다. 양년 자료 있음, 공통 조사단위 2개, 유효 관측 32건, 결측률 0.0%, 단위별 변화 변동성 37.5점. 비교는 가능하지만 표본 또는 변동성에 불확실성이 남습니다. 2024·2026 두 개 연도의 NCPMS 예찰자료만 사용한 상대 위험 전망으로, 기상·재배면적·방제 변화와 2027년 실제 발생을 확정하지 않습니다.",관찰
논벼,벼멸구,해충,대구광역시,0,0,0,유지,보통,32,2024·2026,"기준선 비교: 2026 유지 0.0점, 2024·2026 가중평균 0.0점, 선택 모델(완화 추세+표본 축소) 0.0점. 지역 변화 +0.0점을 표본가중치 0.73로 같은 병해충·작물의 지역 중앙 변화 +0.0점 방향에 축소하고, 1년 연장 변화는 ±20점으로 제한했습니다. 양년 자료 있음, 공통 조사단위 2개, 유효 관측 32건, 결측률 0.0%, 단위별 변화 변동성 0.0점. 비교는 가능하지만 표본 또는 변동성에 불확실성이 남습니다. 2024·2026 두 개 연도의 NCPMS 예찰자료만 사용한 상대 위험 전망으로, 기상·재배면적·방제 변화와 2027년 실제 발생을 확정하지 않습니다.",관찰
논벼,벼멸구,해충,대전광역시,0,0,0,유지,보통,32,2024·2026,"기준선 비교: 2026 유지 0.0점, 2024·2026 가중평균 0.0점, 선택 모델(완화 추세+표본 축소) 0.0점. 지역 변화 +0.0점을 표본가중치 0.73로 같은 병해충·작물의 지역 중앙 변화 +0.0점 방향에 축소하고, 1년 연장 변화는 ±20점으로 제한했습니다. 양년 자료 있음, 공통 조사단위 2개, 유효 관측 32건, 결측률 0.0%, 단위별 변화 변동성 0.0점. 비교는 가능하지만 표본 또는 변동성에 불확실성이 남습니다. 2024·2026 두 개 연도의 NCPMS 예찰자료만 사용한 상대 위험 전망으로, 기상·재배면적·방제 변화와 2027년 실제 발생을 확정하지 않습니다.",관찰
논벼,벼멸구,해충,부산광역시,0,0,0,유지,보통,32,2024·2026,"기준선 비교: 2026 유지 0.0점, 2024·2026 가중평균 0.0점, 선택 모델(완화 추세+표본 축소) 0.0점. 지역 변화 +0.0점을 표본가중치 0.73로 같은 병해충·작물의 지역 중앙 변화 +0.0점 방향에 축소하고, 1년 연장 변화는 ±20점으로 제한했습니다. 양년 자료 있음, 공통 조사단위 2개, 유효 관측 32건, 결측률 0.0%, 단위별 변화 변동성 0.0점. 비교는 가능하지만 표본 또는 변동성에 불확실성이 남습니다. 2024·2026 두 개 연도의 NCPMS 예찰자료만 사용한 상대 위험 전망으로, 기상·재배면적·방제 변화와 2027년 실제 발생을 확정하지 않습니다.",관찰
논벼,벼멸구,해충,세종특별자치시,0,0,0,유지,보통,28,2024·2026,"기준선 비교: 2026 유지 0.0점, 2024·2026 가중평균 0.0점, 선택 모델(완화 추세+표본 축소) 0.0점. 지역 변화 +0.0점을 표본가중치 0.70로 같은 병해충·작물의 지역 중앙 변화 +0.0점 방향에 축소하고, 1년 연장 변화는 ±20점으로 제한했습니다. 양년 자료 있음, 공통 조사단위 2개, 유효 관측 28건, 결측률 0.0%, 단위별 변화 변동성 0.0점. 비교는 가능하지만 표본 또는 변동성에 불확실성이 남습니다. 2024·2026 두 개 연도의 NCPMS 예찰자료만 사용한 상대 위험 전망으로, 기상·재배면적·방제 변화와 2027년 실제 발생을 확정하지 않습니다.",관찰
논벼,벼멸구,해충,울산광역시,0,0,0,유지,보통,32,2024·2026,"기준선 비교: 2026 유지 0.0점, 2024·2026 가중평균 0.0점, 선택 모델(완화 추세+표본 축소) 0.0점. 지역 변화 +0.0점을 표본가중치 0.73로 같은 병해충·작물의 지역 중앙 변화 +0.0점 방향에 축소하고, 1년 연장 변화는 ±20점으로 제한했습니다. 양년 자료 있음, 공통 조사단위 2개, 유효 관측 32건, 결측률 0.0%, 단위별 변화 변동성 0.0점. 비교는 가능하지만 표본 또는 변동성에 불확실성이 남습니다. 2024·2026 두 개 연도의 NCPMS 예찰자료만 사용한 상대 위험 전망으로, 기상·재배면적·방제 변화와 2027년 실제 발생을 확정하지 않습니다.",관찰
논벼,벼멸구,해충,인천광역시,0,0,0,유지,보통,32,2024·2026,"기준선 비교: 2026 유지 0.0점, 2024·2026 가중평균 0.0점, 선택 모델(완화 추세+표본 축소) 0.0점. 지역 변화 +0.0점을 표본가중치 0.73로 같은 병해충·작물의 지역 중앙 변화 +0.0점 방향에 축소하고, 1년 연장 변화는 ±20점으로 제한했습니다. 양년 자료 있음, 공통 조사단위 2개, 유효 관측 32건, 결측률 0.0%, 단위별 변화 변동성 0.0점. 비교는 가능하지만 표본 또는 변동성에 불확실성이 남습니다. 2024·2026 두 개 연도의 NCPMS 예찰자료만 사용한 상대 위험 전망으로, 기상·재배면적·방제 변화와 2027년 실제 발생을 확정하지 않습니다.",관찰
논벼,벼멸구,해충,전남광주통합특별시,0,17,22,증가,보통,32,2024·2026,"기준선 비교: 2026 유지 17.4점, 2024·2026 가중평균 11.3점, 선택 모델(완화 추세+표본 축소) 21.8점. 지역 변화 +17.4점을 표본가중치 0.73로 같은 병해충·작물의 지역 중앙 변화 +0.0점 방향에 축소하고, 1년 연장 변화는 ±20점으로 제한했습니다. 양년 자료 있음, 공통 조사단위 2개, 유효 관측 32건, 결측률 0.0%, 단위별 변화 변동성 0.0점. 비교는 가능하지만 표본 또는 변동성에 불확실성이 남습니다. 2024·2026 두 개 연도의 NCPMS 예찰자료만 사용한 상대 위험 전망으로, 기상·재배면적·방제 변화와 2027년 실제 발생을 확정하지 않습니다.",관찰
논벼,벼멸구,해충,전북특별자치도,0,0,0,유지,보통,32,2024·2026,"기준선 비교: 2026 유지 0.0점, 2024·2026 가중평균 0.0점, 선택 모델(완화 추세+표본 축소) 0.0점. 지역 변화 +0.0점을 표본가중치 0.73로 같은 병해충·작물의 지역 중앙 변화 +0.0점 방향에 축소하고, 1년 연장 변화는 ±20점으로 제한했습니다. 양년 자료 있음, 공통 조사단위 2개, 유효 관측 32건, 결측률 0.0%, 단위별 변화 변동성 0.0점. 비교는 가능하지만 표본 또는 변동성에 불확실성이 남습니다. 2024·2026 두 개 연도의 NCPMS 예찰자료만 사용한 상대 위험 전망으로, 기상·재배면적·방제 변화와 2027년 실제 발생을 확정하지 않습니다.",관찰
논벼,벼멸구,해충,충청남도,0,0,0,유지,보통,32,2024·2026,"기준선 비교: 2026 유지 0.0점, 2024·2026 가중평균 0.0점, 선택 모델(완화 추세+표본 축소) 0.0점. 지역 변화 +0.0점을 표본가중치 0.73로 같은 병해충·작물의 지역 중앙 변화 +0.0점 방향에 축소하고, 1년 연장 변화는 ±20점으로 제한했습니다. 양년 자료 있음, 공통 조사단위 2개, 유효 관측 32건, 결측률 0.0%, 단위별 변화 변동성 0.0점. 비교는 가능하지만 표본 또는 변동성에 불확실성이 남습니다. 2024·2026 두 개 연도의 NCPMS 예찰자료만 사용한 상대 위험 전망으로, 기상·재배면적·방제 변화와 2027년 실제 발생을 확정하지 않습니다.",관찰
논벼,벼멸구,해충,충청북도,0,0,0,유지,보통,36,2024·2026,"기준선 비교: 2026 유지 0.0점, 2024·2026 가중평균 0.0점, 선택 모델(완화 추세+표본 축소) 0.0점. 지역 변화 +0.0점을 표본가중치 0.75로 같은 병해충·작물의 지역 중앙 변화 +0.0점 방향에 축소하고, 1년 연장 변화는 ±20점으로 제한했습니다. 양년 자료 있음, 공통 조사단위 2개, 유효 관측 36건, 결측률 0.0%, 단위별 변화 변동성 0.0점. 비교는 가능하지만 표본 또는 변동성에 불확실성이 남습니다. 2024·2026 두 개 연도의 NCPMS 예찰자료만 사용한 상대 위험 전망으로, 기상·재배면적·방제 변화와 2027년 실제 발생을 확정하지 않습니다.",관찰
논벼,벼물바구미,해충,강원특별자치도,11,53,63,증가,보통,32,2024·2026,"기준선 비교: 2026 유지 52.5점, 2024·2026 가중평균 37.8점, 선택 모델(완화 추세+표본 축소) 63.2점. 지역 변화 +42.0점을 표본가중치 0.73로 같은 병해충·작물의 지역 중앙 변화 +0.0점 방향에 축소하고, 1년 연장 변화는 ±20점으로 제한했습니다. 양년 자료 있음, 공통 조사단위 2개, 유효 관측 32건, 결측률 0.0%, 단위별 변화 변동성 12.6점. 비교는 가능하지만 표본 또는 변동성에 불확실성이 남습니다. 2024·2026 두 개 연도의 NCPMS 예찰자료만 사용한 상대 위험 전망으로, 기상·재배면적·방제 변화와 2027년 실제 발생을 확정하지 않습니다.",주의
논벼,벼물바구미,해충,경기도,31,7,1,감소,보통,36,2024·2026,"기준선 비교: 2026 유지 7.1점, 2024·2026 가중평균 15.4점, 선택 모델(완화 추세+표본 축소) 0.9점. 지역 변화 -23.6점을 표본가중치 0.75로 같은 병해충·작물의 지역 중앙 변화 +0.0점 방향에 축소하고, 1년 연장 변화는 ±20점으로 제한했습니다. 양년 자료 있음, 공통 조사단위 2개, 유효 관측 36건, 결측률 0.0%, 단위별 변화 변동성 14.8점. 비교는 가능하지만 표본 또는 변동성에 불확실성이 남습니다. 2024·2026 두 개 연도의 NCPMS 예찰자료만 사용한 상대 위험 전망으로, 기상·재배면적·방제 변화와 2027년 실제 발생을 확정하지 않습니다.",관찰
논벼,벼물바구미,해충,경상남도,13,0,0,유지,보통,32,2024·2026,"기준선 비교: 2026 유지 0.0점, 2024·2026 가중평균 4.6점, 선택 모델(완화 추세+표본 축소) 0.0점. 지역 변화 -13.2점을 표본가중치 0.73로 같은 병해충·작물의 지역 중앙 변화 +0.0점 방향에 축소하고, 1년 연장 변화는 ±20점으로 제한했습니다. 양년 자료 있음, 공통 조사단위 2개, 유효 관측 32건, 결측률 0.0%, 단위별 변화 변동성 11.3점. 비교는 가능하지만 표본 또는 변동성에 불확실성이 남습니다. 2024·2026 두 개 연도의 NCPMS 예찰자료만 사용한 상대 위험 전망으로, 기상·재배면적·방제 변화와 2027년 실제 발생을 확정하지 않습니다.",관찰
논벼,벼물바구미,해충,경상북도,76,23,10,감소,보통,32,2024·2026,"기준선 비교: 2026 유지 23.1점, 2024·2026 가중평균 41.8점, 선택 모델(완화 추세+표본 축소) 9.5점. 지역 변화 -53.3점을 표본가중치 0.73로 같은 병해충·작물의 지역 중앙 변화 +0.0점 방향에 축소하고, 1년 연장 변화는 ±20점으로 제한했습니다. 양년 자료 있음, 공통 조사단위 2개, 유효 관측 32건, 결측률 0.0%, 단위별 변화 변동성 18.0점. 비교는 가능하지만 표본 또는 변동성에 불확실성이 남습니다. 2024·2026 두 개 연도의 NCPMS 예찰자료만 사용한 상대 위험 전망으로, 기상·재배면적·방제 변화와 2027년 실제 발생을 확정하지 않습니다.",관찰
논벼,벼물바구미,해충,대구광역시,0,0,0,유지,보통,32,2024·2026,"기준선 비교: 2026 유지 0.0점, 2024·2026 가중평균 0.0점, 선택 모델(완화 추세+표본 축소) 0.0점. 지역 변화 +0.0점을 표본가중치 0.73로 같은 병해충·작물의 지역 중앙 변화 +0.0점 방향에 축소하고, 1년 연장 변화는 ±20점으로 제한했습니다. 양년 자료 있음, 공통 조사단위 2개, 유효 관측 32건, 결측률 0.0%, 단위별 변화 변동성 0.0점. 비교는 가능하지만 표본 또는 변동성에 불확실성이 남습니다. 2024·2026 두 개 연도의 NCPMS 예찰자료만 사용한 상대 위험 전망으로, 기상·재배면적·방제 변화와 2027년 실제 발생을 확정하지 않습니다.",관찰
논벼,벼물바구미,해충,대전광역시,0,3,3,유지,보통,32,2024·2026,"기준선 비교: 2026 유지 2.7점, 2024·2026 가중평균 1.8점, 선택 모델(완화 추세+표본 축소) 3.4점. 지역 변화 +2.7점을 표본가중치 0.73로 같은 병해충·작물의 지역 중앙 변화 +0.0점 방향에 축소하고, 1년 연장 변화는 ±20점으로 제한했습니다. 양년 자료 있음, 공통 조사단위 2개, 유효 관측 32건, 결측률 0.0%, 단위별 변화 변동성 0.0점. 비교는 가능하지만 표본 또는 변동성에 불확실성이 남습니다. 2024·2026 두 개 연도의 NCPMS 예찰자료만 사용한 상대 위험 전망으로, 기상·재배면적·방제 변화와 2027년 실제 발생을 확정하지 않습니다.",관찰
논벼,벼물바구미,해충,부산광역시,0,0,0,유지,보통,32,2024·2026,"기준선 비교: 2026 유지 0.0점, 2024·2026 가중평균 0.0점, 선택 모델(완화 추세+표본 축소) 0.0점. 지역 변화 +0.0점을 표본가중치 0.73로 같은 병해충·작물의 지역 중앙 변화 +0.0점 방향에 축소하고, 1년 연장 변화는 ±20점으로 제한했습니다. 양년 자료 있음, 공통 조사단위 2개, 유효 관측 32건, 결측률 0.0%, 단위별 변화 변동성 0.0점. 비교는 가능하지만 표본 또는 변동성에 불확실성이 남습니다. 2024·2026 두 개 연도의 NCPMS 예찰자료만 사용한 상대 위험 전망으로, 기상·재배면적·방제 변화와 2027년 실제 발생을 확정하지 않습니다.",관찰
논벼,벼물바구미,해충,세종특별자치시,0,0,0,유지,보통,28,2024·2026,"기준선 비교: 2026 유지 0.0점, 2024·2026 가중평균 0.0점, 선택 모델(완화 추세+표본 축소) 0.0점. 지역 변화 +0.0점을 표본가중치 0.70로 같은 병해충·작물의 지역 중앙 변화 +0.0점 방향에 축소하고, 1년 연장 변화는 ±20점으로 제한했습니다. 양년 자료 있음, 공통 조사단위 2개, 유효 관측 28건, 결측률 0.0%, 단위별 변화 변동성 0.0점. 비교는 가능하지만 표본 또는 변동성에 불확실성이 남습니다. 2024·2026 두 개 연도의 NCPMS 예찰자료만 사용한 상대 위험 전망으로, 기상·재배면적·방제 변화와 2027년 실제 발생을 확정하지 않습니다.",관찰
논벼,벼물바구미,해충,울산광역시,27,0,0,유지,보통,32,2024·2026,"기준선 비교: 2026 유지 0.0점, 2024·2026 가중평균 9.3점, 선택 모델(완화 추세+표본 축소) 0.0점. 지역 변화 -26.5점을 표본가중치 0.73로 같은 병해충·작물의 지역 중앙 변화 +0.0점 방향에 축소하고, 1년 연장 변화는 ±20점으로 제한했습니다. 양년 자료 있음, 공통 조사단위 2개, 유효 관측 32건, 결측률 0.0%, 단위별 변화 변동성 26.5점. 비교는 가능하지만 표본 또는 변동성에 불확실성이 남습니다. 2024·2026 두 개 연도의 NCPMS 예찰자료만 사용한 상대 위험 전망으로, 기상·재배면적·방제 변화와 2027년 실제 발생을 확정하지 않습니다.",관찰
논벼,벼물바구미,해충,인천광역시,1,0,0,유지,보통,32,2024·2026,"기준선 비교: 2026 유지 0.0점, 2024·2026 가중평균 0.5점, 선택 모델(완화 추세+표본 축소) 0.0점. 지역 변화 -1.4점을 표본가중치 0.73로 같은 병해충·작물의 지역 중앙 변화 +0.0점 방향에 축소하고, 1년 연장 변화는 ±20점으로 제한했습니다. 양년 자료 있음, 공통 조사단위 2개, 유효 관측 32건, 결측률 0.0%, 단위별 변화 변동성 1.4점. 비교는 가능하지만 표본 또는 변동성에 불확실성이 남습니다. 2024·2026 두 개 연도의 NCPMS 예찰자료만 사용한 상대 위험 전망으로, 기상·재배면적·방제 변화와 2027년 실제 발생을 확정하지 않습니다.",관찰
논벼,벼물바구미,해충,전남광주통합특별시,39,45,47,유지,보통,32,2024·2026,"기준선 비교: 2026 유지 45.2점, 2024·2026 가중평균 43.1점, 선택 모델(완화 추세+표본 축소) 46.8점. 지역 변화 +6.1점을 표본가중치 0.73로 같은 병해충·작물의 지역 중앙 변화 +0.0점 방향에 축소하고, 1년 연장 변화는 ±20점으로 제한했습니다. 양년 자료 있음, 공통 조사단위 2개, 유효 관측 32건, 결측률 0.0%, 단위별 변화 변동성 19.8점. 비교는 가능하지만 표본 또는 변동성에 불확실성이 남습니다. 2024·2026 두 개 연도의 NCPMS 예찰자료만 사용한 상대 위험 전망으로, 기상·재배면적·방제 변화와 2027년 실제 발생을 확정하지 않습니다.",주의
논벼,벼물바구미,해충,전북특별자치도,0,1,2,유지,보통,32,2024·2026,"기준선 비교: 2026 유지 1.3점, 2024·2026 가중평균 1.0점, 선택 모델(완화 추세+표본 축소) 1.5점. 지역 변화 +0.8점을 표본가중치 0.73로 같은 병해충·작물의 지역 중앙 변화 +0.0점 방향에 축소하고, 1년 연장 변화는 ±20점으로 제한했습니다. 양년 자료 있음, 공통 조사단위 2개, 유효 관측 32건, 결측률 0.0%, 단위별 변화 변동성 0.7점. 비교는 가능하지만 표본 또는 변동성에 불확실성이 남습니다. 2024·2026 두 개 연도의 NCPMS 예찰자료만 사용한 상대 위험 전망으로, 기상·재배면적·방제 변화와 2027년 실제 발생을 확정하지 않습니다.",관찰
논벼,벼물바구미,해충,충청남도,38,1,0,유지,보통,32,2024·2026,"기준선 비교: 2026 유지 1.5점, 2024·2026 가중평균 14.2점, 선택 모델(완화 추세+표본 축소) 0.0점. 지역 변화 -36.2점을 표본가중치 0.73로 같은 병해충·작물의 지역 중앙 변화 +0.0점 방향에 축소하고, 1년 연장 변화는 ±20점으로 제한했습니다. 양년 자료 있음, 공통 조사단위 2개, 유효 관측 32건, 결측률 0.0%, 단위별 변화 변동성 17.3점. 비교는 가능하지만 표본 또는 변동성에 불확실성이 남습니다. 2024·2026 두 개 연도의 NCPMS 예찰자료만 사용한 상대 위험 전망으로, 기상·재배면적·방제 변화와 2027년 실제 발생을 확정하지 않습니다.",관찰
논벼,벼물바구미,해충,충청북도,2,7,9,유지,보통,36,2024·2026,"기준선 비교: 2026 유지 7.4점, 2024·2026 가중평균 5.5점, 선택 모델(완화 추세+표본 축소) 8.8점. 지역 변화 +5.5점을 표본가중치 0.75로 같은 병해충·작물의 지역 중앙 변화 +0.0점 방향에 축소하고, 1년 연장 변화는 ±20점으로 제한했습니다. 양년 자료 있음, 공통 조사단위 2개, 유효 관측 36건, 결측률 0.0%, 단위별 변화 변동성 27.6점. 비교는 가능하지만 표본 또는 변동성에 불확실성이 남습니다. 2024·2026 두 개 연도의 NCPMS 예찰자료만 사용한 상대 위험 전망으로, 기상·재배면적·방제 변화와 2027년 실제 발생을 확정하지 않습니다.",관찰
논벼,벼애나방,해충,강원특별자치도,,0,,전망자료 부족,낮음,24,2026,"양년 자료 없음, 공통 조사단위 0개, 유효 관측 24건, 결측률 0.0%, 단위별 변화 변동성 100.0점. 제한된 비교 단위 또는 변동성 때문에 보수적으로 낮게 평가합니다. 2024·2026 두 개 연도의 NCPMS 예찰자료만 사용한 상대 위험 전망으로, 기상·재배면적·방제 변화와 2027년 실제 발생을 확정하지 않습니다.",전망자료 부족
논벼,벼애나방,해충,경기도,,14,,전망자료 부족,낮음,28,2026,"양년 자료 없음, 공통 조사단위 0개, 유효 관측 28건, 결측률 0.0%, 단위별 변화 변동성 100.0점. 제한된 비교 단위 또는 변동성 때문에 보수적으로 낮게 평가합니다. 2024·2026 두 개 연도의 NCPMS 예찰자료만 사용한 상대 위험 전망으로, 기상·재배면적·방제 변화와 2027년 실제 발생을 확정하지 않습니다.",전망자료 부족
논벼,벼애나방,해충,경상남도,,0,,전망자료 부족,낮음,24,2026,"양년 자료 없음, 공통 조사단위 0개, 유효 관측 24건, 결측률 0.0%, 단위별 변화 변동성 100.0점. 제한된 비교 단위 또는 변동성 때문에 보수적으로 낮게 평가합니다. 2024·2026 두 개 연도의 NCPMS 예찰자료만 사용한 상대 위험 전망으로, 기상·재배면적·방제 변화와 2027년 실제 발생을 확정하지 않습니다.",전망자료 부족
논벼,벼애나방,해충,경상북도,,0,,전망자료 부족,낮음,24,2026,"양년 자료 없음, 공통 조사단위 0개, 유효 관측 24건, 결측률 0.0%, 단위별 변화 변동성 100.0점. 제한된 비교 단위 또는 변동성 때문에 보수적으로 낮게 평가합니다. 2024·2026 두 개 연도의 NCPMS 예찰자료만 사용한 상대 위험 전망으로, 기상·재배면적·방제 변화와 2027년 실제 발생을 확정하지 않습니다.",전망자료 부족
논벼,벼애나방,해충,대구광역시,,0,,전망자료 부족,낮음,24,2026,"양년 자료 없음, 공통 조사단위 0개, 유효 관측 24건, 결측률 0.0%, 단위별 변화 변동성 100.0점. 제한된 비교 단위 또는 변동성 때문에 보수적으로 낮게 평가합니다. 2024·2026 두 개 연도의 NCPMS 예찰자료만 사용한 상대 위험 전망으로, 기상·재배면적·방제 변화와 2027년 실제 발생을 확정하지 않습니다.",전망자료 부족
논벼,벼애나방,해충,대전광역시,,0,,전망자료 부족,낮음,24,2026,"양년 자료 없음, 공통 조사단위 0개, 유효 관측 24건, 결측률 0.0%, 단위별 변화 변동성 100.0점. 제한된 비교 단위 또는 변동성 때문에 보수적으로 낮게 평가합니다. 2024·2026 두 개 연도의 NCPMS 예찰자료만 사용한 상대 위험 전망으로, 기상·재배면적·방제 변화와 2027년 실제 발생을 확정하지 않습니다.",전망자료 부족
논벼,벼애나방,해충,부산광역시,,0,,전망자료 부족,낮음,24,2026,"양년 자료 없음, 공통 조사단위 0개, 유효 관측 24건, 결측률 0.0%, 단위별 변화 변동성 100.0점. 제한된 비교 단위 또는 변동성 때문에 보수적으로 낮게 평가합니다. 2024·2026 두 개 연도의 NCPMS 예찰자료만 사용한 상대 위험 전망으로, 기상·재배면적·방제 변화와 2027년 실제 발생을 확정하지 않습니다.",전망자료 부족
논벼,벼애나방,해충,세종특별자치시,,0,,전망자료 부족,낮음,20,2026,"양년 자료 없음, 공통 조사단위 0개, 유효 관측 20건, 결측률 0.0%, 단위별 변화 변동성 100.0점. 제한된 비교 단위 또는 변동성 때문에 보수적으로 낮게 평가합니다. 2024·2026 두 개 연도의 NCPMS 예찰자료만 사용한 상대 위험 전망으로, 기상·재배면적·방제 변화와 2027년 실제 발생을 확정하지 않습니다.",전망자료 부족
논벼,벼애나방,해충,울산광역시,,0,,전망자료 부족,낮음,24,2026,"양년 자료 없음, 공통 조사단위 0개, 유효 관측 24건, 결측률 0.0%, 단위별 변화 변동성 100.0점. 제한된 비교 단위 또는 변동성 때문에 보수적으로 낮게 평가합니다. 2024·2026 두 개 연도의 NCPMS 예찰자료만 사용한 상대 위험 전망으로, 기상·재배면적·방제 변화와 2027년 실제 발생을 확정하지 않습니다.",전망자료 부족
논벼,벼애나방,해충,인천광역시,,0,,전망자료 부족,낮음,24,2026,"양년 자료 없음, 공통 조사단위 0개, 유효 관측 24건, 결측률 0.0%, 단위별 변화 변동성 100.0점. 제한된 비교 단위 또는 변동성 때문에 보수적으로 낮게 평가합니다. 2024·2026 두 개 연도의 NCPMS 예찰자료만 사용한 상대 위험 전망으로, 기상·재배면적·방제 변화와 2027년 실제 발생을 확정하지 않습니다.",전망자료 부족
논벼,벼애나방,해충,전남광주통합특별시,,0,,전망자료 부족,낮음,24,2026,"양년 자료 없음, 공통 조사단위 0개, 유효 관측 24건, 결측률 0.0%, 단위별 변화 변동성 100.0점. 제한된 비교 단위 또는 변동성 때문에 보수적으로 낮게 평가합니다. 2024·2026 두 개 연도의 NCPMS 예찰자료만 사용한 상대 위험 전망으로, 기상·재배면적·방제 변화와 2027년 실제 발생을 확정하지 않습니다.",전망자료 부족
논벼,벼애나방,해충,전북특별자치도,,0,,전망자료 부족,낮음,24,2026,"양년 자료 없음, 공통 조사단위 0개, 유효 관측 24건, 결측률 0.0%, 단위별 변화 변동성 100.0점. 제한된 비교 단위 또는 변동성 때문에 보수적으로 낮게 평가합니다. 2024·2026 두 개 연도의 NCPMS 예찰자료만 사용한 상대 위험 전망으로, 기상·재배면적·방제 변화와 2027년 실제 발생을 확정하지 않습니다.",전망자료 부족
논벼,벼애나방,해충,충청남도,,0,,전망자료 부족,낮음,24,2026,"양년 자료 없음, 공통 조사단위 0개, 유효 관측 24건, 결측률 0.0%, 단위별 변화 변동성 100.0점. 제한된 비교 단위 또는 변동성 때문에 보수적으로 낮게 평가합니다. 2024·2026 두 개 연도의 NCPMS 예찰자료만 사용한 상대 위험 전망으로, 기상·재배면적·방제 변화와 2027년 실제 발생을 확정하지 않습니다.",전망자료 부족
논벼,벼애나방,해충,충청북도,,0,,전망자료 부족,낮음,28,2026,"양년 자료 없음, 공통 조사단위 0개, 유효 관측 28건, 결측률 0.0%, 단위별 변화 변동성 100.0점. 제한된 비교 단위 또는 변동성 때문에 보수적으로 낮게 평가합니다. 2024·2026 두 개 연도의 NCPMS 예찰자료만 사용한 상대 위험 전망으로, 기상·재배면적·방제 변화와 2027년 실제 발생을 확정하지 않습니다.",전망자료 부족
논벼,벼애잎굴파리,해충,강원특별자치도,97,0,0,유지,보통,32,2024·2026,"기준선 비교: 2026 유지 0.0점, 2024·2026 가중평균 34.0점, 선택 모델(완화 추세+표본 축소) 0.0점. 지역 변화 -97.1점을 표본가중치 0.73로 같은 병해충·작물의 지역 중앙 변화 +0.0점 방향에 축소하고, 1년 연장 변화는 ±20점으로 제한했습니다. 양년 자료 있음, 공통 조사단위 2개, 유효 관측 32건, 결측률 0.0%, 단위별 변화 변동성 2.9점. 비교는 가능하지만 표본 또는 변동성에 불확실성이 남습니다. 2024·2026 두 개 연도의 NCPMS 예찰자료만 사용한 상대 위험 전망으로, 기상·재배면적·방제 변화와 2027년 실제 발생을 확정하지 않습니다.",관찰
논벼,벼애잎굴파리,해충,경기도,5,0,0,유지,보통,36,2024·2026,"기준선 비교: 2026 유지 0.0점, 2024·2026 가중평균 1.9점, 선택 모델(완화 추세+표본 축소) 0.0점. 지역 변화 -5.4점을 표본가중치 0.75로 같은 병해충·작물의 지역 중앙 변화 +0.0점 방향에 축소하고, 1년 연장 변화는 ±20점으로 제한했습니다. 양년 자료 있음, 공통 조사단위 2개, 유효 관측 36건, 결측률 0.0%, 단위별 변화 변동성 5.4점. 비교는 가능하지만 표본 또는 변동성에 불확실성이 남습니다. 2024·2026 두 개 연도의 NCPMS 예찰자료만 사용한 상대 위험 전망으로, 기상·재배면적·방제 변화와 2027년 실제 발생을 확정하지 않습니다.",관찰
논벼,벼애잎굴파리,해충,경상남도,3,0,0,유지,보통,32,2024·2026,"기준선 비교: 2026 유지 0.0점, 2024·2026 가중평균 1.1점, 선택 모델(완화 추세+표본 축소) 0.0점. 지역 변화 -3.2점을 표본가중치 0.73로 같은 병해충·작물의 지역 중앙 변화 +0.0점 방향에 축소하고, 1년 연장 변화는 ±20점으로 제한했습니다. 양년 자료 있음, 공통 조사단위 2개, 유효 관측 32건, 결측률 0.0%, 단위별 변화 변동성 2.2점. 비교는 가능하지만 표본 또는 변동성에 불확실성이 남습니다. 2024·2026 두 개 연도의 NCPMS 예찰자료만 사용한 상대 위험 전망으로, 기상·재배면적·방제 변화와 2027년 실제 발생을 확정하지 않습니다.",관찰
논벼,벼애잎굴파리,해충,경상북도,0,17,21,유지,낮음,32,2024·2026,"기준선 비교: 2026 유지 16.7점, 2024·2026 가중평균 10.8점, 선택 모델(완화 추세+표본 축소) 20.9점. 지역 변화 +16.7점을 표본가중치 0.73로 같은 병해충·작물의 지역 중앙 변화 +0.0점 방향에 축소하고, 1년 연장 변화는 ±20점으로 제한했습니다. 양년 자료 있음, 공통 조사단위 2개, 유효 관측 32건, 결측률 0.0%, 단위별 변화 변동성 50.0점. 제한된 비교 단위 또는 변동성 때문에 보수적으로 낮게 평가합니다. 2024·2026 두 개 연도의 NCPMS 예찰자료만 사용한 상대 위험 전망으로, 기상·재배면적·방제 변화와 2027년 실제 발생을 확정하지 않습니다.",관찰
논벼,벼애잎굴파리,해충,대구광역시,0,0,0,유지,보통,32,2024·2026,"기준선 비교: 2026 유지 0.0점, 2024·2026 가중평균 0.0점, 선택 모델(완화 추세+표본 축소) 0.0점. 지역 변화 +0.0점을 표본가중치 0.73로 같은 병해충·작물의 지역 중앙 변화 +0.0점 방향에 축소하고, 1년 연장 변화는 ±20점으로 제한했습니다. 양년 자료 있음, 공통 조사단위 2개, 유효 관측 32건, 결측률 0.0%, 단위별 변화 변동성 0.0점. 비교는 가능하지만 표본 또는 변동성에 불확실성이 남습니다. 2024·2026 두 개 연도의 NCPMS 예찰자료만 사용한 상대 위험 전망으로, 기상·재배면적·방제 변화와 2027년 실제 발생을 확정하지 않습니다.",관찰
논벼,벼애잎굴파리,해충,대전광역시,0,0,0,유지,보통,32,2024·2026,"기준선 비교: 2026 유지 0.0점, 2024·2026 가중평균 0.0점, 선택 모델(완화 추세+표본 축소) 0.0점. 지역 변화 +0.0점을 표본가중치 0.73로 같은 병해충·작물의 지역 중앙 변화 +0.0점 방향에 축소하고, 1년 연장 변화는 ±20점으로 제한했습니다. 양년 자료 있음, 공통 조사단위 2개, 유효 관측 32건, 결측률 0.0%, 단위별 변화 변동성 0.0점. 비교는 가능하지만 표본 또는 변동성에 불확실성이 남습니다. 2024·2026 두 개 연도의 NCPMS 예찰자료만 사용한 상대 위험 전망으로, 기상·재배면적·방제 변화와 2027년 실제 발생을 확정하지 않습니다.",관찰
논벼,벼애잎굴파리,해충,부산광역시,0,0,0,유지,보통,32,2024·2026,"기준선 비교: 2026 유지 0.0점, 2024·2026 가중평균 0.0점, 선택 모델(완화 추세+표본 축소) 0.0점. 지역 변화 +0.0점을 표본가중치 0.73로 같은 병해충·작물의 지역 중앙 변화 +0.0점 방향에 축소하고, 1년 연장 변화는 ±20점으로 제한했습니다. 양년 자료 있음, 공통 조사단위 2개, 유효 관측 32건, 결측률 0.0%, 단위별 변화 변동성 0.0점. 비교는 가능하지만 표본 또는 변동성에 불확실성이 남습니다. 2024·2026 두 개 연도의 NCPMS 예찰자료만 사용한 상대 위험 전망으로, 기상·재배면적·방제 변화와 2027년 실제 발생을 확정하지 않습니다.",관찰
논벼,벼애잎굴파리,해충,세종특별자치시,0,0,0,유지,보통,28,2024·2026,"기준선 비교: 2026 유지 0.0점, 2024·2026 가중평균 0.0점, 선택 모델(완화 추세+표본 축소) 0.0점. 지역 변화 +0.0점을 표본가중치 0.70로 같은 병해충·작물의 지역 중앙 변화 +0.0점 방향에 축소하고, 1년 연장 변화는 ±20점으로 제한했습니다. 양년 자료 있음, 공통 조사단위 2개, 유효 관측 28건, 결측률 0.0%, 단위별 변화 변동성 0.0점. 비교는 가능하지만 표본 또는 변동성에 불확실성이 남습니다. 2024·2026 두 개 연도의 NCPMS 예찰자료만 사용한 상대 위험 전망으로, 기상·재배면적·방제 변화와 2027년 실제 발생을 확정하지 않습니다.",관찰
논벼,벼애잎굴파리,해충,울산광역시,0,0,0,유지,보통,32,2024·2026,"기준선 비교: 2026 유지 0.0점, 2024·2026 가중평균 0.0점, 선택 모델(완화 추세+표본 축소) 0.0점. 지역 변화 +0.0점을 표본가중치 0.73로 같은 병해충·작물의 지역 중앙 변화 +0.0점 방향에 축소하고, 1년 연장 변화는 ±20점으로 제한했습니다. 양년 자료 있음, 공통 조사단위 2개, 유효 관측 32건, 결측률 0.0%, 단위별 변화 변동성 0.0점. 비교는 가능하지만 표본 또는 변동성에 불확실성이 남습니다. 2024·2026 두 개 연도의 NCPMS 예찰자료만 사용한 상대 위험 전망으로, 기상·재배면적·방제 변화와 2027년 실제 발생을 확정하지 않습니다.",관찰
논벼,벼애잎굴파리,해충,인천광역시,26,0,0,유지,보통,32,2024·2026,"기준선 비교: 2026 유지 0.0점, 2024·2026 가중평균 9.2점, 선택 모델(완화 추세+표본 축소) 0.0점. 지역 변화 -26.2점을 표본가중치 0.73로 같은 병해충·작물의 지역 중앙 변화 +0.0점 방향에 축소하고, 1년 연장 변화는 ±20점으로 제한했습니다. 양년 자료 있음, 공통 조사단위 2개, 유효 관측 32건, 결측률 0.0%, 단위별 변화 변동성 26.2점. 비교는 가능하지만 표본 또는 변동성에 불확실성이 남습니다. 2024·2026 두 개 연도의 NCPMS 예찰자료만 사용한 상대 위험 전망으로, 기상·재배면적·방제 변화와 2027년 실제 발생을 확정하지 않습니다.",관찰
논벼,벼애잎굴파리,해충,전남광주통합특별시,5,17,20,유지,보통,32,2024·2026,"기준선 비교: 2026 유지 16.7점, 2024·2026 가중평균 12.6점, 선택 모델(완화 추세+표본 축소) 19.6점. 지역 변화 +11.5점을 표본가중치 0.73로 같은 병해충·작물의 지역 중앙 변화 +0.0점 방향에 축소하고, 1년 연장 변화는 ±20점으로 제한했습니다. 양년 자료 있음, 공통 조사단위 2개, 유효 관측 32건, 결측률 0.0%, 단위별 변화 변동성 5.2점. 비교는 가능하지만 표본 또는 변동성에 불확실성이 남습니다. 2024·2026 두 개 연도의 NCPMS 예찰자료만 사용한 상대 위험 전망으로, 기상·재배면적·방제 변화와 2027년 실제 발생을 확정하지 않습니다.",관찰
논벼,벼애잎굴파리,해충,전북특별자치도,0,0,0,유지,보통,32,2024·2026,"기준선 비교: 2026 유지 0.0점, 2024·2026 가중평균 0.0점, 선택 모델(완화 추세+표본 축소) 0.0점. 지역 변화 +0.0점을 표본가중치 0.73로 같은 병해충·작물의 지역 중앙 변화 +0.0점 방향에 축소하고, 1년 연장 변화는 ±20점으로 제한했습니다. 양년 자료 있음, 공통 조사단위 2개, 유효 관측 32건, 결측률 0.0%, 단위별 변화 변동성 0.0점. 비교는 가능하지만 표본 또는 변동성에 불확실성이 남습니다. 2024·2026 두 개 연도의 NCPMS 예찰자료만 사용한 상대 위험 전망으로, 기상·재배면적·방제 변화와 2027년 실제 발생을 확정하지 않습니다.",관찰
논벼,벼애잎굴파리,해충,충청남도,49,17,9,감소,보통,32,2024·2026,"기준선 비교: 2026 유지 17.2점, 2024·2026 가중평균 28.5점, 선택 모델(완화 추세+표본 축소) 9.0점. 지역 변화 -32.3점을 표본가중치 0.73로 같은 병해충·작물의 지역 중앙 변화 +0.0점 방향에 축소하고, 1년 연장 변화는 ±20점으로 제한했습니다. 양년 자료 있음, 공통 조사단위 2개, 유효 관측 32건, 결측률 0.0%, 단위별 변화 변동성 8.6점. 비교는 가능하지만 표본 또는 변동성에 불확실성이 남습니다. 2024·2026 두 개 연도의 NCPMS 예찰자료만 사용한 상대 위험 전망으로, 기상·재배면적·방제 변화와 2027년 실제 발생을 확정하지 않습니다.",관찰
논벼,벼애잎굴파리,해충,충청북도,0,0,0,유지,보통,36,2024·2026,"기준선 비교: 2026 유지 0.0점, 2024·2026 가중평균 0.0점, 선택 모델(완화 추세+표본 축소) 0.0점. 지역 변화 +0.0점을 표본가중치 0.75로 같은 병해충·작물의 지역 중앙 변화 +0.0점 방향에 축소하고, 1년 연장 변화는 ±20점으로 제한했습니다. 양년 자료 있음, 공통 조사단위 2개, 유효 관측 36건, 결측률 0.0%, 단위별 변화 변동성 0.0점. 비교는 가능하지만 표본 또는 변동성에 불확실성이 남습니다. 2024·2026 두 개 연도의 NCPMS 예찰자료만 사용한 상대 위험 전망으로, 기상·재배면적·방제 변화와 2027년 실제 발생을 확정하지 않습니다.",관찰
논벼,벼잎벌레,해충,강원특별자치도,50,0,0,유지,낮음,32,2024·2026,"기준선 비교: 2026 유지 0.0점, 2024·2026 가중평균 17.5점, 선택 모델(완화 추세+표본 축소) 0.0점. 지역 변화 -50.0점을 표본가중치 0.73로 같은 병해충·작물의 지역 중앙 변화 +0.0점 방향에 축소하고, 1년 연장 변화는 ±20점으로 제한했습니다. 양년 자료 있음, 공통 조사단위 2개, 유효 관측 32건, 결측률 0.0%, 단위별 변화 변동성 50.0점. 제한된 비교 단위 또는 변동성 때문에 보수적으로 낮게 평가합니다. 2024·2026 두 개 연도의 NCPMS 예찰자료만 사용한 상대 위험 전망으로, 기상·재배면적·방제 변화와 2027년 실제 발생을 확정하지 않습니다.",관찰
논벼,벼잎벌레,해충,경기도,0,0,0,유지,보통,36,2024·2026,"기준선 비교: 2026 유지 0.0점, 2024·2026 가중평균 0.0점, 선택 모델(완화 추세+표본 축소) 0.0점. 지역 변화 +0.0점을 표본가중치 0.75로 같은 병해충·작물의 지역 중앙 변화 +0.0점 방향에 축소하고, 1년 연장 변화는 ±20점으로 제한했습니다. 양년 자료 있음, 공통 조사단위 2개, 유효 관측 36건, 결측률 0.0%, 단위별 변화 변동성 0.0점. 비교는 가능하지만 표본 또는 변동성에 불확실성이 남습니다. 2024·2026 두 개 연도의 NCPMS 예찰자료만 사용한 상대 위험 전망으로, 기상·재배면적·방제 변화와 2027년 실제 발생을 확정하지 않습니다.",관찰
논벼,벼잎벌레,해충,경상남도,0,0,0,유지,보통,32,2024·2026,"기준선 비교: 2026 유지 0.0점, 2024·2026 가중평균 0.0점, 선택 모델(완화 추세+표본 축소) 0.0점. 지역 변화 +0.0점을 표본가중치 0.73로 같은 병해충·작물의 지역 중앙 변화 +0.0점 방향에 축소하고, 1년 연장 변화는 ±20점으로 제한했습니다. 양년 자료 있음, 공통 조사단위 2개, 유효 관측 32건, 결측률 0.0%, 단위별 변화 변동성 0.0점. 비교는 가능하지만 표본 또는 변동성에 불확실성이 남습니다. 2024·2026 두 개 연도의 NCPMS 예찰자료만 사용한 상대 위험 전망으로, 기상·재배면적·방제 변화와 2027년 실제 발생을 확정하지 않습니다.",관찰
논벼,벼잎벌레,해충,경상북도,1,0,0,유지,보통,32,2024·2026,"기준선 비교: 2026 유지 0.0점, 2024·2026 가중평균 0.3점, 선택 모델(완화 추세+표본 축소) 0.0점. 지역 변화 -0.9점을 표본가중치 0.73로 같은 병해충·작물의 지역 중앙 변화 +0.0점 방향에 축소하고, 1년 연장 변화는 ±20점으로 제한했습니다. 양년 자료 있음, 공통 조사단위 2개, 유효 관측 32건, 결측률 0.0%, 단위별 변화 변동성 0.0점. 비교는 가능하지만 표본 또는 변동성에 불확실성이 남습니다. 2024·2026 두 개 연도의 NCPMS 예찰자료만 사용한 상대 위험 전망으로, 기상·재배면적·방제 변화와 2027년 실제 발생을 확정하지 않습니다.",관찰
논벼,벼잎벌레,해충,대구광역시,0,0,0,유지,보통,32,2024·2026,"기준선 비교: 2026 유지 0.0점, 2024·2026 가중평균 0.0점, 선택 모델(완화 추세+표본 축소) 0.0점. 지역 변화 +0.0점을 표본가중치 0.73로 같은 병해충·작물의 지역 중앙 변화 +0.0점 방향에 축소하고, 1년 연장 변화는 ±20점으로 제한했습니다. 양년 자료 있음, 공통 조사단위 2개, 유효 관측 32건, 결측률 0.0%, 단위별 변화 변동성 0.0점. 비교는 가능하지만 표본 또는 변동성에 불확실성이 남습니다. 2024·2026 두 개 연도의 NCPMS 예찰자료만 사용한 상대 위험 전망으로, 기상·재배면적·방제 변화와 2027년 실제 발생을 확정하지 않습니다.",관찰
논벼,벼잎벌레,해충,대전광역시,0,0,0,유지,보통,32,2024·2026,"기준선 비교: 2026 유지 0.0점, 2024·2026 가중평균 0.0점, 선택 모델(완화 추세+표본 축소) 0.0점. 지역 변화 +0.0점을 표본가중치 0.73로 같은 병해충·작물의 지역 중앙 변화 +0.0점 방향에 축소하고, 1년 연장 변화는 ±20점으로 제한했습니다. 양년 자료 있음, 공통 조사단위 2개, 유효 관측 32건, 결측률 0.0%, 단위별 변화 변동성 0.0점. 비교는 가능하지만 표본 또는 변동성에 불확실성이 남습니다. 2024·2026 두 개 연도의 NCPMS 예찰자료만 사용한 상대 위험 전망으로, 기상·재배면적·방제 변화와 2027년 실제 발생을 확정하지 않습니다.",관찰
논벼,벼잎벌레,해충,부산광역시,0,0,0,유지,보통,32,2024·2026,"기준선 비교: 2026 유지 0.0점, 2024·2026 가중평균 0.0점, 선택 모델(완화 추세+표본 축소) 0.0점. 지역 변화 +0.0점을 표본가중치 0.73로 같은 병해충·작물의 지역 중앙 변화 +0.0점 방향에 축소하고, 1년 연장 변화는 ±20점으로 제한했습니다. 양년 자료 있음, 공통 조사단위 2개, 유효 관측 32건, 결측률 0.0%, 단위별 변화 변동성 0.0점. 비교는 가능하지만 표본 또는 변동성에 불확실성이 남습니다. 2024·2026 두 개 연도의 NCPMS 예찰자료만 사용한 상대 위험 전망으로, 기상·재배면적·방제 변화와 2027년 실제 발생을 확정하지 않습니다.",관찰
논벼,벼잎벌레,해충,세종특별자치시,0,0,0,유지,보통,28,2024·2026,"기준선 비교: 2026 유지 0.0점, 2024·2026 가중평균 0.0점, 선택 모델(완화 추세+표본 축소) 0.0점. 지역 변화 +0.0점을 표본가중치 0.70로 같은 병해충·작물의 지역 중앙 변화 +0.0점 방향에 축소하고, 1년 연장 변화는 ±20점으로 제한했습니다. 양년 자료 있음, 공통 조사단위 2개, 유효 관측 28건, 결측률 0.0%, 단위별 변화 변동성 0.0점. 비교는 가능하지만 표본 또는 변동성에 불확실성이 남습니다. 2024·2026 두 개 연도의 NCPMS 예찰자료만 사용한 상대 위험 전망으로, 기상·재배면적·방제 변화와 2027년 실제 발생을 확정하지 않습니다.",관찰
논벼,벼잎벌레,해충,울산광역시,0,0,0,유지,보통,32,2024·2026,"기준선 비교: 2026 유지 0.0점, 2024·2026 가중평균 0.0점, 선택 모델(완화 추세+표본 축소) 0.0점. 지역 변화 +0.0점을 표본가중치 0.73로 같은 병해충·작물의 지역 중앙 변화 +0.0점 방향에 축소하고, 1년 연장 변화는 ±20점으로 제한했습니다. 양년 자료 있음, 공통 조사단위 2개, 유효 관측 32건, 결측률 0.0%, 단위별 변화 변동성 0.0점. 비교는 가능하지만 표본 또는 변동성에 불확실성이 남습니다. 2024·2026 두 개 연도의 NCPMS 예찰자료만 사용한 상대 위험 전망으로, 기상·재배면적·방제 변화와 2027년 실제 발생을 확정하지 않습니다.",관찰
논벼,벼잎벌레,해충,인천광역시,42,0,0,유지,낮음,32,2024·2026,"기준선 비교: 2026 유지 0.0점, 2024·2026 가중평균 14.6점, 선택 모델(완화 추세+표본 축소) 0.0점. 지역 변화 -41.6점을 표본가중치 0.73로 같은 병해충·작물의 지역 중앙 변화 +0.0점 방향에 축소하고, 1년 연장 변화는 ±20점으로 제한했습니다. 양년 자료 있음, 공통 조사단위 2개, 유효 관측 32건, 결측률 0.0%, 단위별 변화 변동성 41.6점. 제한된 비교 단위 또는 변동성 때문에 보수적으로 낮게 평가합니다. 2024·2026 두 개 연도의 NCPMS 예찰자료만 사용한 상대 위험 전망으로, 기상·재배면적·방제 변화와 2027년 실제 발생을 확정하지 않습니다.",관찰
논벼,벼잎벌레,해충,전남광주통합특별시,0,31,38,증가,보통,32,2024·2026,"기준선 비교: 2026 유지 30.6점, 2024·2026 가중평균 19.9점, 선택 모델(완화 추세+표본 축소) 38.3점. 지역 변화 +30.6점을 표본가중치 0.73로 같은 병해충·작물의 지역 중앙 변화 +0.0점 방향에 축소하고, 1년 연장 변화는 ±20점으로 제한했습니다. 양년 자료 있음, 공통 조사단위 2개, 유효 관측 32건, 결측률 0.0%, 단위별 변화 변동성 0.0점. 비교는 가능하지만 표본 또는 변동성에 불확실성이 남습니다. 2024·2026 두 개 연도의 NCPMS 예찰자료만 사용한 상대 위험 전망으로, 기상·재배면적·방제 변화와 2027년 실제 발생을 확정하지 않습니다.",주의
논벼,벼잎벌레,해충,전북특별자치도,0,0,0,유지,보통,32,2024·2026,"기준선 비교: 2026 유지 0.0점, 2024·2026 가중평균 0.0점, 선택 모델(완화 추세+표본 축소) 0.0점. 지역 변화 +0.0점을 표본가중치 0.73로 같은 병해충·작물의 지역 중앙 변화 +0.0점 방향에 축소하고, 1년 연장 변화는 ±20점으로 제한했습니다. 양년 자료 있음, 공통 조사단위 2개, 유효 관측 32건, 결측률 0.0%, 단위별 변화 변동성 0.0점. 비교는 가능하지만 표본 또는 변동성에 불확실성이 남습니다. 2024·2026 두 개 연도의 NCPMS 예찰자료만 사용한 상대 위험 전망으로, 기상·재배면적·방제 변화와 2027년 실제 발생을 확정하지 않습니다.",관찰
논벼,벼잎벌레,해충,충청남도,21,48,55,증가,보통,32,2024·2026,"기준선 비교: 2026 유지 47.9점, 2024·2026 가중평균 38.5점, 선택 모델(완화 추세+표본 축소) 54.7점. 지역 변화 +26.8점을 표본가중치 0.73로 같은 병해충·작물의 지역 중앙 변화 +0.0점 방향에 축소하고, 1년 연장 변화는 ±20점으로 제한했습니다. 양년 자료 있음, 공통 조사단위 2개, 유효 관측 32건, 결측률 0.0%, 단위별 변화 변동성 28.9점. 비교는 가능하지만 표본 또는 변동성에 불확실성이 남습니다. 2024·2026 두 개 연도의 NCPMS 예찰자료만 사용한 상대 위험 전망으로, 기상·재배면적·방제 변화와 2027년 실제 발생을 확정하지 않습니다.",주의
논벼,벼잎벌레,해충,충청북도,6,0,0,유지,보통,36,2024·2026,"기준선 비교: 2026 유지 0.0점, 2024·2026 가중평균 2.2점, 선택 모델(완화 추세+표본 축소) 0.0점. 지역 변화 -6.2점을 표본가중치 0.75로 같은 병해충·작물의 지역 중앙 변화 +0.0점 방향에 축소하고, 1년 연장 변화는 ±20점으로 제한했습니다. 양년 자료 있음, 공통 조사단위 2개, 유효 관측 36건, 결측률 0.0%, 단위별 변화 변동성 6.2점. 비교는 가능하지만 표본 또는 변동성에 불확실성이 남습니다. 2024·2026 두 개 연도의 NCPMS 예찰자료만 사용한 상대 위험 전망으로, 기상·재배면적·방제 변화와 2027년 실제 발생을 확정하지 않습니다.",관찰
논벼,벼잎선충,선충,강원특별자치도,,0,,전망자료 부족,낮음,24,2026,"양년 자료 없음, 공통 조사단위 0개, 유효 관측 24건, 결측률 0.0%, 단위별 변화 변동성 100.0점. 제한된 비교 단위 또는 변동성 때문에 보수적으로 낮게 평가합니다. 2024·2026 두 개 연도의 NCPMS 예찰자료만 사용한 상대 위험 전망으로, 기상·재배면적·방제 변화와 2027년 실제 발생을 확정하지 않습니다.",전망자료 부족
논벼,벼잎선충,선충,경기도,,0,,전망자료 부족,낮음,28,2026,"양년 자료 없음, 공통 조사단위 0개, 유효 관측 28건, 결측률 0.0%, 단위별 변화 변동성 100.0점. 제한된 비교 단위 또는 변동성 때문에 보수적으로 낮게 평가합니다. 2024·2026 두 개 연도의 NCPMS 예찰자료만 사용한 상대 위험 전망으로, 기상·재배면적·방제 변화와 2027년 실제 발생을 확정하지 않습니다.",전망자료 부족
논벼,벼잎선충,선충,경상남도,,2,,전망자료 부족,낮음,24,2026,"양년 자료 없음, 공통 조사단위 0개, 유효 관측 24건, 결측률 0.0%, 단위별 변화 변동성 100.0점. 제한된 비교 단위 또는 변동성 때문에 보수적으로 낮게 평가합니다. 2024·2026 두 개 연도의 NCPMS 예찰자료만 사용한 상대 위험 전망으로, 기상·재배면적·방제 변화와 2027년 실제 발생을 확정하지 않습니다.",전망자료 부족
논벼,벼잎선충,선충,경상북도,,0,,전망자료 부족,낮음,24,2026,"양년 자료 없음, 공통 조사단위 0개, 유효 관측 24건, 결측률 0.0%, 단위별 변화 변동성 100.0점. 제한된 비교 단위 또는 변동성 때문에 보수적으로 낮게 평가합니다. 2024·2026 두 개 연도의 NCPMS 예찰자료만 사용한 상대 위험 전망으로, 기상·재배면적·방제 변화와 2027년 실제 발생을 확정하지 않습니다.",전망자료 부족
논벼,벼잎선충,선충,대구광역시,,0,,전망자료 부족,낮음,24,2026,"양년 자료 없음, 공통 조사단위 0개, 유효 관측 24건, 결측률 0.0%, 단위별 변화 변동성 100.0점. 제한된 비교 단위 또는 변동성 때문에 보수적으로 낮게 평가합니다. 2024·2026 두 개 연도의 NCPMS 예찰자료만 사용한 상대 위험 전망으로, 기상·재배면적·방제 변화와 2027년 실제 발생을 확정하지 않습니다.",전망자료 부족
논벼,벼잎선충,선충,대전광역시,,0,,전망자료 부족,낮음,24,2026,"양년 자료 없음, 공통 조사단위 0개, 유효 관측 24건, 결측률 0.0%, 단위별 변화 변동성 100.0점. 제한된 비교 단위 또는 변동성 때문에 보수적으로 낮게 평가합니다. 2024·2026 두 개 연도의 NCPMS 예찰자료만 사용한 상대 위험 전망으로, 기상·재배면적·방제 변화와 2027년 실제 발생을 확정하지 않습니다.",전망자료 부족
논벼,벼잎선충,선충,부산광역시,,0,,전망자료 부족,낮음,24,2026,"양년 자료 없음, 공통 조사단위 0개, 유효 관측 24건, 결측률 0.0%, 단위별 변화 변동성 100.0점. 제한된 비교 단위 또는 변동성 때문에 보수적으로 낮게 평가합니다. 2024·2026 두 개 연도의 NCPMS 예찰자료만 사용한 상대 위험 전망으로, 기상·재배면적·방제 변화와 2027년 실제 발생을 확정하지 않습니다.",전망자료 부족
논벼,벼잎선충,선충,세종특별자치시,,0,,전망자료 부족,낮음,20,2026,"양년 자료 없음, 공통 조사단위 0개, 유효 관측 20건, 결측률 0.0%, 단위별 변화 변동성 100.0점. 제한된 비교 단위 또는 변동성 때문에 보수적으로 낮게 평가합니다. 2024·2026 두 개 연도의 NCPMS 예찰자료만 사용한 상대 위험 전망으로, 기상·재배면적·방제 변화와 2027년 실제 발생을 확정하지 않습니다.",전망자료 부족
논벼,벼잎선충,선충,울산광역시,,0,,전망자료 부족,낮음,24,2026,"양년 자료 없음, 공통 조사단위 0개, 유효 관측 24건, 결측률 0.0%, 단위별 변화 변동성 100.0점. 제한된 비교 단위 또는 변동성 때문에 보수적으로 낮게 평가합니다. 2024·2026 두 개 연도의 NCPMS 예찰자료만 사용한 상대 위험 전망으로, 기상·재배면적·방제 변화와 2027년 실제 발생을 확정하지 않습니다.",전망자료 부족
논벼,벼잎선충,선충,인천광역시,,0,,전망자료 부족,낮음,24,2026,"양년 자료 없음, 공통 조사단위 0개, 유효 관측 24건, 결측률 0.0%, 단위별 변화 변동성 100.0점. 제한된 비교 단위 또는 변동성 때문에 보수적으로 낮게 평가합니다. 2024·2026 두 개 연도의 NCPMS 예찰자료만 사용한 상대 위험 전망으로, 기상·재배면적·방제 변화와 2027년 실제 발생을 확정하지 않습니다.",전망자료 부족
논벼,벼잎선충,선충,전남광주통합특별시,,15,,전망자료 부족,낮음,24,2026,"양년 자료 없음, 공통 조사단위 0개, 유효 관측 24건, 결측률 0.0%, 단위별 변화 변동성 100.0점. 제한된 비교 단위 또는 변동성 때문에 보수적으로 낮게 평가합니다. 2024·2026 두 개 연도의 NCPMS 예찰자료만 사용한 상대 위험 전망으로, 기상·재배면적·방제 변화와 2027년 실제 발생을 확정하지 않습니다.",전망자료 부족
논벼,벼잎선충,선충,전북특별자치도,,0,,전망자료 부족,낮음,24,2026,"양년 자료 없음, 공통 조사단위 0개, 유효 관측 24건, 결측률 0.0%, 단위별 변화 변동성 100.0점. 제한된 비교 단위 또는 변동성 때문에 보수적으로 낮게 평가합니다. 2024·2026 두 개 연도의 NCPMS 예찰자료만 사용한 상대 위험 전망으로, 기상·재배면적·방제 변화와 2027년 실제 발생을 확정하지 않습니다.",전망자료 부족
논벼,벼잎선충,선충,충청남도,,0,,전망자료 부족,낮음,24,2026,"양년 자료 없음, 공통 조사단위 0개, 유효 관측 24건, 결측률 0.0%, 단위별 변화 변동성 100.0점. 제한된 비교 단위 또는 변동성 때문에 보수적으로 낮게 평가합니다. 2024·2026 두 개 연도의 NCPMS 예찰자료만 사용한 상대 위험 전망으로, 기상·재배면적·방제 변화와 2027년 실제 발생을 확정하지 않습니다.",전망자료 부족
논벼,벼잎선충,선충,충청북도,,0,,전망자료 부족,낮음,28,2026,"양년 자료 없음, 공통 조사단위 0개, 유효 관측 28건, 결측률 0.0%, 단위별 변화 변동성 100.0점. 제한된 비교 단위 또는 변동성 때문에 보수적으로 낮게 평가합니다. 2024·2026 두 개 연도의 NCPMS 예찰자료만 사용한 상대 위험 전망으로, 기상·재배면적·방제 변화와 2027년 실제 발생을 확정하지 않습니다.",전망자료 부족
논벼,벼줄기굴파리,해충,강원특별자치도,56,0,0,유지,낮음,32,2024·2026,"기준선 비교: 2026 유지 0.0점, 2024·2026 가중평균 19.5점, 선택 모델(완화 추세+표본 축소) 0.0점. 지역 변화 -55.7점을 표본가중치 0.73로 같은 병해충·작물의 지역 중앙 변화 +0.0점 방향에 축소하고, 1년 연장 변화는 ±20점으로 제한했습니다. 양년 자료 있음, 공통 조사단위 2개, 유효 관측 32건, 결측률 0.0%, 단위별 변화 변동성 44.3점. 제한된 비교 단위 또는 변동성 때문에 보수적으로 낮게 평가합니다. 2024·2026 두 개 연도의 NCPMS 예찰자료만 사용한 상대 위험 전망으로, 기상·재배면적·방제 변화와 2027년 실제 발생을 확정하지 않습니다.",관찰
논벼,벼줄기굴파리,해충,경기도,0,0,0,유지,보통,36,2024·2026,"기준선 비교: 2026 유지 0.0점, 2024·2026 가중평균 0.0점, 선택 모델(완화 추세+표본 축소) 0.0점. 지역 변화 +0.0점을 표본가중치 0.75로 같은 병해충·작물의 지역 중앙 변화 +0.0점 방향에 축소하고, 1년 연장 변화는 ±20점으로 제한했습니다. 양년 자료 있음, 공통 조사단위 2개, 유효 관측 36건, 결측률 0.0%, 단위별 변화 변동성 0.0점. 비교는 가능하지만 표본 또는 변동성에 불확실성이 남습니다. 2024·2026 두 개 연도의 NCPMS 예찰자료만 사용한 상대 위험 전망으로, 기상·재배면적·방제 변화와 2027년 실제 발생을 확정하지 않습니다.",관찰
논벼,벼줄기굴파리,해충,경상남도,0,0,0,유지,보통,32,2024·2026,"기준선 비교: 2026 유지 0.0점, 2024·2026 가중평균 0.0점, 선택 모델(완화 추세+표본 축소) 0.0점. 지역 변화 +0.0점을 표본가중치 0.73로 같은 병해충·작물의 지역 중앙 변화 +0.0점 방향에 축소하고, 1년 연장 변화는 ±20점으로 제한했습니다. 양년 자료 있음, 공통 조사단위 2개, 유효 관측 32건, 결측률 0.0%, 단위별 변화 변동성 0.0점. 비교는 가능하지만 표본 또는 변동성에 불확실성이 남습니다. 2024·2026 두 개 연도의 NCPMS 예찰자료만 사용한 상대 위험 전망으로, 기상·재배면적·방제 변화와 2027년 실제 발생을 확정하지 않습니다.",관찰
논벼,벼줄기굴파리,해충,경상북도,35,17,12,감소,낮음,32,2024·2026,"기준선 비교: 2026 유지 16.7점, 2024·2026 가중평균 23.0점, 선택 모델(완화 추세+표본 축소) 12.0점. 지역 변화 -18.1점을 표본가중치 0.73로 같은 병해충·작물의 지역 중앙 변화 +0.0점 방향에 축소하고, 1년 연장 변화는 ±20점으로 제한했습니다. 양년 자료 있음, 공통 조사단위 2개, 유효 관측 32건, 결측률 0.0%, 단위별 변화 변동성 84.8점. 제한된 비교 단위 또는 변동성 때문에 보수적으로 낮게 평가합니다. 2024·2026 두 개 연도의 NCPMS 예찰자료만 사용한 상대 위험 전망으로, 기상·재배면적·방제 변화와 2027년 실제 발생을 확정하지 않습니다.",관찰
논벼,벼줄기굴파리,해충,대구광역시,0,0,0,유지,보통,32,2024·2026,"기준선 비교: 2026 유지 0.0점, 2024·2026 가중평균 0.0점, 선택 모델(완화 추세+표본 축소) 0.0점. 지역 변화 +0.0점을 표본가중치 0.73로 같은 병해충·작물의 지역 중앙 변화 +0.0점 방향에 축소하고, 1년 연장 변화는 ±20점으로 제한했습니다. 양년 자료 있음, 공통 조사단위 2개, 유효 관측 32건, 결측률 0.0%, 단위별 변화 변동성 0.0점. 비교는 가능하지만 표본 또는 변동성에 불확실성이 남습니다. 2024·2026 두 개 연도의 NCPMS 예찰자료만 사용한 상대 위험 전망으로, 기상·재배면적·방제 변화와 2027년 실제 발생을 확정하지 않습니다.",관찰
논벼,벼줄기굴파리,해충,대전광역시,0,0,0,유지,보통,32,2024·2026,"기준선 비교: 2026 유지 0.0점, 2024·2026 가중평균 0.0점, 선택 모델(완화 추세+표본 축소) 0.0점. 지역 변화 +0.0점을 표본가중치 0.73로 같은 병해충·작물의 지역 중앙 변화 +0.0점 방향에 축소하고, 1년 연장 변화는 ±20점으로 제한했습니다. 양년 자료 있음, 공통 조사단위 2개, 유효 관측 32건, 결측률 0.0%, 단위별 변화 변동성 0.0점. 비교는 가능하지만 표본 또는 변동성에 불확실성이 남습니다. 2024·2026 두 개 연도의 NCPMS 예찰자료만 사용한 상대 위험 전망으로, 기상·재배면적·방제 변화와 2027년 실제 발생을 확정하지 않습니다.",관찰
논벼,벼줄기굴파리,해충,부산광역시,0,0,0,유지,보통,32,2024·2026,"기준선 비교: 2026 유지 0.0점, 2024·2026 가중평균 0.0점, 선택 모델(완화 추세+표본 축소) 0.0점. 지역 변화 +0.0점을 표본가중치 0.73로 같은 병해충·작물의 지역 중앙 변화 +0.0점 방향에 축소하고, 1년 연장 변화는 ±20점으로 제한했습니다. 양년 자료 있음, 공통 조사단위 2개, 유효 관측 32건, 결측률 0.0%, 단위별 변화 변동성 0.0점. 비교는 가능하지만 표본 또는 변동성에 불확실성이 남습니다. 2024·2026 두 개 연도의 NCPMS 예찰자료만 사용한 상대 위험 전망으로, 기상·재배면적·방제 변화와 2027년 실제 발생을 확정하지 않습니다.",관찰
논벼,벼줄기굴파리,해충,세종특별자치시,0,0,0,유지,보통,28,2024·2026,"기준선 비교: 2026 유지 0.0점, 2024·2026 가중평균 0.0점, 선택 모델(완화 추세+표본 축소) 0.0점. 지역 변화 +0.0점을 표본가중치 0.70로 같은 병해충·작물의 지역 중앙 변화 +0.0점 방향에 축소하고, 1년 연장 변화는 ±20점으로 제한했습니다. 양년 자료 있음, 공통 조사단위 2개, 유효 관측 28건, 결측률 0.0%, 단위별 변화 변동성 0.0점. 비교는 가능하지만 표본 또는 변동성에 불확실성이 남습니다. 2024·2026 두 개 연도의 NCPMS 예찰자료만 사용한 상대 위험 전망으로, 기상·재배면적·방제 변화와 2027년 실제 발생을 확정하지 않습니다.",관찰
논벼,벼줄기굴파리,해충,울산광역시,0,0,0,유지,보통,32,2024·2026,"기준선 비교: 2026 유지 0.0점, 2024·2026 가중평균 0.0점, 선택 모델(완화 추세+표본 축소) 0.0점. 지역 변화 +0.0점을 표본가중치 0.73로 같은 병해충·작물의 지역 중앙 변화 +0.0점 방향에 축소하고, 1년 연장 변화는 ±20점으로 제한했습니다. 양년 자료 있음, 공통 조사단위 2개, 유효 관측 32건, 결측률 0.0%, 단위별 변화 변동성 0.0점. 비교는 가능하지만 표본 또는 변동성에 불확실성이 남습니다. 2024·2026 두 개 연도의 NCPMS 예찰자료만 사용한 상대 위험 전망으로, 기상·재배면적·방제 변화와 2027년 실제 발생을 확정하지 않습니다.",관찰
논벼,벼줄기굴파리,해충,인천광역시,28,0,0,유지,보통,32,2024·2026,"기준선 비교: 2026 유지 0.0점, 2024·2026 가중평균 9.9점, 선택 모델(완화 추세+표본 축소) 0.0점. 지역 변화 -28.4점을 표본가중치 0.73로 같은 병해충·작물의 지역 중앙 변화 +0.0점 방향에 축소하고, 1년 연장 변화는 ±20점으로 제한했습니다. 양년 자료 있음, 공통 조사단위 2개, 유효 관측 32건, 결측률 0.0%, 단위별 변화 변동성 28.4점. 비교는 가능하지만 표본 또는 변동성에 불확실성이 남습니다. 2024·2026 두 개 연도의 NCPMS 예찰자료만 사용한 상대 위험 전망으로, 기상·재배면적·방제 변화와 2027년 실제 발생을 확정하지 않습니다.",관찰
논벼,벼줄기굴파리,해충,전남광주통합특별시,0,0,0,유지,보통,32,2024·2026,"기준선 비교: 2026 유지 0.1점, 2024·2026 가중평균 0.1점, 선택 모델(완화 추세+표본 축소) 0.2점. 지역 변화 +0.1점을 표본가중치 0.73로 같은 병해충·작물의 지역 중앙 변화 +0.0점 방향에 축소하고, 1년 연장 변화는 ±20점으로 제한했습니다. 양년 자료 있음, 공통 조사단위 2개, 유효 관측 32건, 결측률 0.0%, 단위별 변화 변동성 0.1점. 비교는 가능하지만 표본 또는 변동성에 불확실성이 남습니다. 2024·2026 두 개 연도의 NCPMS 예찰자료만 사용한 상대 위험 전망으로, 기상·재배면적·방제 변화와 2027년 실제 발생을 확정하지 않습니다.",관찰
논벼,벼줄기굴파리,해충,전북특별자치도,0,0,0,유지,보통,32,2024·2026,"기준선 비교: 2026 유지 0.0점, 2024·2026 가중평균 0.0점, 선택 모델(완화 추세+표본 축소) 0.0점. 지역 변화 +0.0점을 표본가중치 0.73로 같은 병해충·작물의 지역 중앙 변화 +0.0점 방향에 축소하고, 1년 연장 변화는 ±20점으로 제한했습니다. 양년 자료 있음, 공통 조사단위 2개, 유효 관측 32건, 결측률 0.0%, 단위별 변화 변동성 0.0점. 비교는 가능하지만 표본 또는 변동성에 불확실성이 남습니다. 2024·2026 두 개 연도의 NCPMS 예찰자료만 사용한 상대 위험 전망으로, 기상·재배면적·방제 변화와 2027년 실제 발생을 확정하지 않습니다.",관찰
논벼,벼줄기굴파리,해충,충청남도,0,0,0,유지,보통,32,2024·2026,"기준선 비교: 2026 유지 0.0점, 2024·2026 가중평균 0.0점, 선택 모델(완화 추세+표본 축소) 0.0점. 지역 변화 +0.0점을 표본가중치 0.73로 같은 병해충·작물의 지역 중앙 변화 +0.0점 방향에 축소하고, 1년 연장 변화는 ±20점으로 제한했습니다. 양년 자료 있음, 공통 조사단위 2개, 유효 관측 32건, 결측률 0.0%, 단위별 변화 변동성 0.0점. 비교는 가능하지만 표본 또는 변동성에 불확실성이 남습니다. 2024·2026 두 개 연도의 NCPMS 예찰자료만 사용한 상대 위험 전망으로, 기상·재배면적·방제 변화와 2027년 실제 발생을 확정하지 않습니다.",관찰
논벼,벼줄기굴파리,해충,충청북도,0,0,0,유지,보통,36,2024·2026,"기준선 비교: 2026 유지 0.0점, 2024·2026 가중평균 0.0점, 선택 모델(완화 추세+표본 축소) 0.0점. 지역 변화 +0.0점을 표본가중치 0.75로 같은 병해충·작물의 지역 중앙 변화 +0.0점 방향에 축소하고, 1년 연장 변화는 ±20점으로 제한했습니다. 양년 자료 있음, 공통 조사단위 2개, 유효 관측 36건, 결측률 0.0%, 단위별 변화 변동성 0.0점. 비교는 가능하지만 표본 또는 변동성에 불확실성이 남습니다. 2024·2026 두 개 연도의 NCPMS 예찰자료만 사용한 상대 위험 전망으로, 기상·재배면적·방제 변화와 2027년 실제 발생을 확정하지 않습니다.",관찰
보리,보리굴파리,해충,경상남도,,0,,전망자료 부족,낮음,6,2026,"양년 자료 없음, 공통 조사단위 0개, 유효 관측 6건, 결측률 0.0%, 단위별 변화 변동성 100.0점. 제한된 비교 단위 또는 변동성 때문에 보수적으로 낮게 평가합니다. 2024·2026 두 개 연도의 NCPMS 예찰자료만 사용한 상대 위험 전망으로, 기상·재배면적·방제 변화와 2027년 실제 발생을 확정하지 않습니다.",전망자료 부족
보리,보리굴파리,해충,경상북도,,0,,전망자료 부족,낮음,6,2026,"양년 자료 없음, 공통 조사단위 0개, 유효 관측 6건, 결측률 0.0%, 단위별 변화 변동성 100.0점. 제한된 비교 단위 또는 변동성 때문에 보수적으로 낮게 평가합니다. 2024·2026 두 개 연도의 NCPMS 예찰자료만 사용한 상대 위험 전망으로, 기상·재배면적·방제 변화와 2027년 실제 발생을 확정하지 않습니다.",전망자료 부족
보리,보리굴파리,해충,전남광주통합특별시,,17,,전망자료 부족,낮음,6,2026,"양년 자료 없음, 공통 조사단위 0개, 유효 관측 6건, 결측률 0.0%, 단위별 변화 변동성 100.0점. 제한된 비교 단위 또는 변동성 때문에 보수적으로 낮게 평가합니다. 2024·2026 두 개 연도의 NCPMS 예찰자료만 사용한 상대 위험 전망으로, 기상·재배면적·방제 변화와 2027년 실제 발생을 확정하지 않습니다.",전망자료 부족
보리,보리굴파리,해충,전북특별자치도,,0,,전망자료 부족,낮음,6,2026,"양년 자료 없음, 공통 조사단위 0개, 유효 관측 6건, 결측률 0.0%, 단위별 변화 변동성 100.0점. 제한된 비교 단위 또는 변동성 때문에 보수적으로 낮게 평가합니다. 2024·2026 두 개 연도의 NCPMS 예찰자료만 사용한 상대 위험 전망으로, 기상·재배면적·방제 변화와 2027년 실제 발생을 확정하지 않습니다.",전망자료 부족
보리,보리굴파리,해충,충청남도,,0,,전망자료 부족,낮음,6,2026,"양년 자료 없음, 공통 조사단위 0개, 유효 관측 6건, 결측률 0.0%, 단위별 변화 변동성 100.0점. 제한된 비교 단위 또는 변동성 때문에 보수적으로 낮게 평가합니다. 2024·2026 두 개 연도의 NCPMS 예찰자료만 사용한 상대 위험 전망으로, 기상·재배면적·방제 변화와 2027년 실제 발생을 확정하지 않습니다.",전망자료 부족
보리,보리굴파리,해충,충청북도,,0,,전망자료 부족,낮음,6,2026,"양년 자료 없음, 공통 조사단위 0개, 유효 관측 6건, 결측률 0.0%, 단위별 변화 변동성 100.0점. 제한된 비교 단위 또는 변동성 때문에 보수적으로 낮게 평가합니다. 2024·2026 두 개 연도의 NCPMS 예찰자료만 사용한 상대 위험 전망으로, 기상·재배면적·방제 변화와 2027년 실제 발생을 확정하지 않습니다.",전망자료 부족
배,복숭아순나방,해충,강원특별자치도,43,37,37,유지,낮음,18,2024·2026,"기준선 비교: 2026 유지 37.1점, 2024·2026 가중평균 39.2점, 선택 모델(완화 추세+표본 축소) 37.0점. 지역 변화 -6.1점을 표본가중치 0.60로 같은 병해충·작물의 지역 중앙 변화 +9.1점 방향에 축소하고, 1년 연장 변화는 ±20점으로 제한했습니다. 양년 자료 있음, 공통 조사단위 1개, 유효 관측 18건, 결측률 0.0%, 단위별 변화 변동성 0.0점. 제한된 비교 단위 또는 변동성 때문에 보수적으로 낮게 평가합니다. 2024·2026 두 개 연도의 NCPMS 예찰자료만 사용한 상대 위험 전망으로, 기상·재배면적·방제 변화와 2027년 실제 발생을 확정하지 않습니다.",주의
배,복숭아순나방,해충,경기도,7,42,51,증가,보통,26,2024·2026,"기준선 비교: 2026 유지 41.9점, 2024·2026 가중평균 29.6점, 선택 모델(완화 추세+표본 축소) 51.3점. 지역 변화 +35.2점을 표본가중치 0.68로 같은 병해충·작물의 지역 중앙 변화 +9.1점 방향에 축소하고, 1년 연장 변화는 ±20점으로 제한했습니다. 양년 자료 있음, 공통 조사단위 4개, 유효 관측 26건, 결측률 0.0%, 단위별 변화 변동성 24.4점. 비교는 가능하지만 표본 또는 변동성에 불확실성이 남습니다. 2024·2026 두 개 연도의 NCPMS 예찰자료만 사용한 상대 위험 전망으로, 기상·재배면적·방제 변화와 2027년 실제 발생을 확정하지 않습니다.",주의
배,복숭아순나방,해충,경상남도,15,29,34,증가,높음,26,2024·2026,"기준선 비교: 2026 유지 29.1점, 2024·2026 가중평균 24.1점, 선택 모델(완화 추세+표본 축소) 33.5점. 지역 변화 +14.4점을 표본가중치 0.68로 같은 병해충·작물의 지역 중앙 변화 +9.1점 방향에 축소하고, 1년 연장 변화는 ±20점으로 제한했습니다. 양년 자료 있음, 공통 조사단위 4개, 유효 관측 26건, 결측률 0.0%, 단위별 변화 변동성 12.4점. 양년 반복관측·낮은 결측·낮은 변동성 기준을 충족합니다. 2024·2026 두 개 연도의 NCPMS 예찰자료만 사용한 상대 위험 전망으로, 기상·재배면적·방제 변화와 2027년 실제 발생을 확정하지 않습니다.",주의
배,복숭아순나방,해충,경상북도,19,32,37,증가,보통,26,2024·2026,"기준선 비교: 2026 유지 32.4점, 2024·2026 가중평균 27.7점, 선택 모델(완화 추세+표본 축소) 36.6점. 지역 변화 +13.4점을 표본가중치 0.68로 같은 병해충·작물의 지역 중앙 변화 +9.1점 방향에 축소하고, 1년 연장 변화는 ±20점으로 제한했습니다. 양년 자료 있음, 공통 조사단위 4개, 유효 관측 26건, 결측률 0.0%, 단위별 변화 변동성 21.8점. 비교는 가능하지만 표본 또는 변동성에 불확실성이 남습니다. 2024·2026 두 개 연도의 NCPMS 예찰자료만 사용한 상대 위험 전망으로, 기상·재배면적·방제 변화와 2027년 실제 발생을 확정하지 않습니다.",주의
배,복숭아순나방,해충,세종특별자치시,3,1,2,유지,높음,24,2024·2026,"기준선 비교: 2026 유지 1.3점, 2024·2026 가중평균 1.9점, 선택 모델(완화 추세+표본 축소) 2.0점. 지역 변화 -1.5점을 표본가중치 0.67로 같은 병해충·작물의 지역 중앙 변화 +9.1점 방향에 축소하고, 1년 연장 변화는 ±20점으로 제한했습니다. 양년 자료 있음, 공통 조사단위 4개, 유효 관측 24건, 결측률 0.0%, 단위별 변화 변동성 1.4점. 양년 반복관측·낮은 결측·낮은 변동성 기준을 충족합니다. 2024·2026 두 개 연도의 NCPMS 예찰자료만 사용한 상대 위험 전망으로, 기상·재배면적·방제 변화와 2027년 실제 발생을 확정하지 않습니다.",관찰
배,복숭아순나방,해충,울산광역시,0,23,29,증가,높음,24,2024·2026,"기준선 비교: 2026 유지 22.6점, 2024·2026 가중평균 14.7점, 선택 모델(완화 추세+표본 축소) 28.9점. 지역 변화 +22.6점을 표본가중치 0.67로 같은 병해충·작물의 지역 중앙 변화 +9.1점 방향에 축소하고, 1년 연장 변화는 ±20점으로 제한했습니다. 양년 자료 있음, 공통 조사단위 4개, 유효 관측 24건, 결측률 0.0%, 단위별 변화 변동성 15.5점. 양년 반복관측·낮은 결측·낮은 변동성 기준을 충족합니다. 2024·2026 두 개 연도의 NCPMS 예찰자료만 사용한 상대 위험 전망으로, 기상·재배면적·방제 변화와 2027년 실제 발생을 확정하지 않습니다.",관찰
배,복숭아순나방,해충,전남광주통합특별시,0,3,5,유지,높음,26,2024·2026,"기준선 비교: 2026 유지 3.1점, 2024·2026 가중평균 2.1점, 선택 모델(완화 추세+표본 축소) 4.8점. 지역 변화 +3.0점을 표본가중치 0.68로 같은 병해충·작물의 지역 중앙 변화 +9.1점 방향에 축소하고, 1년 연장 변화는 ±20점으로 제한했습니다. 양년 자료 있음, 공통 조사단위 4개, 유효 관측 26건, 결측률 0.0%, 단위별 변화 변동성 1.7점. 양년 반복관측·낮은 결측·낮은 변동성 기준을 충족합니다. 2024·2026 두 개 연도의 NCPMS 예찰자료만 사용한 상대 위험 전망으로, 기상·재배면적·방제 변화와 2027년 실제 발생을 확정하지 않습니다.",관찰
배,복숭아순나방,해충,전북특별자치도,,16,,전망자료 부족,낮음,14,2026,"양년 자료 없음, 공통 조사단위 0개, 유효 관측 14건, 결측률 0.0%, 단위별 변화 변동성 100.0점. 제한된 비교 단위 또는 변동성 때문에 보수적으로 낮게 평가합니다. 2024·2026 두 개 연도의 NCPMS 예찰자료만 사용한 상대 위험 전망으로, 기상·재배면적·방제 변화와 2027년 실제 발생을 확정하지 않습니다.",전망자료 부족
배,복숭아순나방,해충,충청남도,0,9,13,유지,높음,26,2024·2026,"기준선 비교: 2026 유지 9.4점, 2024·2026 가중평균 6.3점, 선택 모델(완화 추세+표본 축소) 12.6점. 지역 변화 +9.1점을 표본가중치 0.68로 같은 병해충·작물의 지역 중앙 변화 +9.1점 방향에 축소하고, 1년 연장 변화는 ±20점으로 제한했습니다. 양년 자료 있음, 공통 조사단위 4개, 유효 관측 26건, 결측률 0.0%, 단위별 변화 변동성 11.8점. 양년 반복관측·낮은 결측·낮은 변동성 기준을 충족합니다. 2024·2026 두 개 연도의 NCPMS 예찰자료만 사용한 상대 위험 전망으로, 기상·재배면적·방제 변화와 2027년 실제 발생을 확정하지 않습니다.",관찰
배,복숭아순나방,해충,충청북도,0,0,1,유지,높음,26,2024·2026,"기준선 비교: 2026 유지 0.0점, 2024·2026 가중평균 0.0점, 선택 모델(완화 추세+표본 축소) 1.0점. 지역 변화 +0.0점을 표본가중치 0.68로 같은 병해충·작물의 지역 중앙 변화 +9.1점 방향에 축소하고, 1년 연장 변화는 ±20점으로 제한했습니다. 양년 자료 있음, 공통 조사단위 4개, 유효 관측 26건, 결측률 0.0%, 단위별 변화 변동성 0.0점. 양년 반복관측·낮은 결측·낮은 변동성 기준을 충족합니다. 2024·2026 두 개 연도의 NCPMS 예찰자료만 사용한 상대 위험 전망으로, 기상·재배면적·방제 변화와 2027년 실제 발생을 확정하지 않습니다.",관찰
복숭아,복숭아순나방,해충,강원특별자치도,60,19,10,감소,보통,16,2024·2026,"기준선 비교: 2026 유지 18.5점, 2024·2026 가중평균 32.9점, 선택 모델(완화 추세+표본 축소) 9.6점. 지역 변화 -41.1점을 표본가중치 0.57로 같은 병해충·작물의 지역 중앙 변화 -4.4점 방향에 축소하고, 1년 연장 변화는 ±20점으로 제한했습니다. 양년 자료 있음, 공통 조사단위 3개, 유효 관측 16건, 결측률 0.0%, 단위별 변화 변동성 14.9점. 비교는 가능하지만 표본 또는 변동성에 불확실성이 남습니다. 2024·2026 두 개 연도의 NCPMS 예찰자료만 사용한 상대 위험 전망으로, 기상·재배면적·방제 변화와 2027년 실제 발생을 확정하지 않습니다.",관찰
복숭아,복숭아순나방,해충,경기도,49,8,0,감소,보통,19,2024·2026,"기준선 비교: 2026 유지 7.7점, 2024·2026 가중평균 22.3점, 선택 모델(완화 추세+표본 축소) 0.0점. 지역 변화 -41.8점을 표본가중치 0.61로 같은 병해충·작물의 지역 중앙 변화 -4.4점 방향에 축소하고, 1년 연장 변화는 ±20점으로 제한했습니다. 양년 자료 있음, 공통 조사단위 4개, 유효 관측 19건, 결측률 0.0%, 단위별 변화 변동성 24.1점. 비교는 가능하지만 표본 또는 변동성에 불확실성이 남습니다. 2024·2026 두 개 연도의 NCPMS 예찰자료만 사용한 상대 위험 전망으로, 기상·재배면적·방제 변화와 2027년 실제 발생을 확정하지 않습니다.",관찰
복숭아,복숭아순나방,해충,경상남도,30,25,23,유지,높음,19,2024·2026,"기준선 비교: 2026 유지 25.2점, 2024·2026 가중평균 27.0점, 선택 모델(완화 추세+표본 축소) 23.5점. 지역 변화 -5.1점을 표본가중치 0.61로 같은 병해충·작물의 지역 중앙 변화 -4.4점 방향에 축소하고, 1년 연장 변화는 ±20점으로 제한했습니다. 양년 자료 있음, 공통 조사단위 4개, 유효 관측 19건, 결측률 0.0%, 단위별 변화 변동성 10.6점. 양년 반복관측·낮은 결측·낮은 변동성 기준을 충족합니다. 2024·2026 두 개 연도의 NCPMS 예찰자료만 사용한 상대 위험 전망으로, 기상·재배면적·방제 변화와 2027년 실제 발생을 확정하지 않습니다.",관찰
복숭아,복숭아순나방,해충,경상북도,18,20,20,유지,높음,19,2024·2026,"기준선 비교: 2026 유지 20.0점, 2024·2026 가중평균 19.5점, 선택 모델(완화 추세+표본 축소) 19.8점. 지역 변화 +1.7점을 표본가중치 0.61로 같은 병해충·작물의 지역 중앙 변화 -4.4점 방향에 축소하고, 1년 연장 변화는 ±20점으로 제한했습니다. 양년 자료 있음, 공통 조사단위 4개, 유효 관측 19건, 결측률 0.0%, 단위별 변화 변동성 5.1점. 양년 반복관측·낮은 결측·낮은 변동성 기준을 충족합니다. 2024·2026 두 개 연도의 NCPMS 예찰자료만 사용한 상대 위험 전망으로, 기상·재배면적·방제 변화와 2027년 실제 발생을 확정하지 않습니다.",관찰
복숭아,복숭아순나방,해충,세종특별자치시,10,6,4,유지,높음,18,2024·2026,"기준선 비교: 2026 유지 5.8점, 2024·2026 가중평균 7.3점, 선택 모델(완화 추세+표본 축소) 4.2점. 지역 변화 -4.4점을 표본가중치 0.60로 같은 병해충·작물의 지역 중앙 변화 -4.4점 방향에 축소하고, 1년 연장 변화는 ±20점으로 제한했습니다. 양년 자료 있음, 공통 조사단위 4개, 유효 관측 18건, 결측률 0.0%, 단위별 변화 변동성 6.4점. 양년 반복관측·낮은 결측·낮은 변동성 기준을 충족합니다. 2024·2026 두 개 연도의 NCPMS 예찰자료만 사용한 상대 위험 전망으로, 기상·재배면적·방제 변화와 2027년 실제 발생을 확정하지 않습니다.",관찰
복숭아,복숭아순나방,해충,전남광주통합특별시,13,24,26,유지,보통,13,2024·2026,"기준선 비교: 2026 유지 24.3점, 2024·2026 가중평균 20.5점, 선택 모델(완화 추세+표본 축소) 25.6점. 지역 변화 +10.8점을 표본가중치 0.52로 같은 병해충·작물의 지역 중앙 변화 -4.4점 방향에 축소하고, 1년 연장 변화는 ±20점으로 제한했습니다. 양년 자료 있음, 공통 조사단위 2개, 유효 관측 13건, 결측률 0.0%, 단위별 변화 변동성 4.0점. 비교는 가능하지만 표본 또는 변동성에 불확실성이 남습니다. 2024·2026 두 개 연도의 NCPMS 예찰자료만 사용한 상대 위험 전망으로, 기상·재배면적·방제 변화와 2027년 실제 발생을 확정하지 않습니다.",관찰
복숭아,복숭아순나방,해충,전북특별자치도,9,62,73,증가,보통,19,2024·2026,"기준선 비교: 2026 유지 62.5점, 2024·2026 가중평균 43.9점, 선택 모델(완화 추세+표본 축소) 73.2점. 지역 변화 +53.0점을 표본가중치 0.61로 같은 병해충·작물의 지역 중앙 변화 -4.4점 방향에 축소하고, 1년 연장 변화는 ±20점으로 제한했습니다. 양년 자료 있음, 공통 조사단위 4개, 유효 관측 19건, 결측률 0.0%, 단위별 변화 변동성 24.9점. 비교는 가능하지만 표본 또는 변동성에 불확실성이 남습니다. 2024·2026 두 개 연도의 NCPMS 예찰자료만 사용한 상대 위험 전망으로, 기상·재배면적·방제 변화와 2027년 실제 발생을 확정하지 않습니다.",고위험
복숭아,복숭아순나방,해충,충청남도,14,33,37,유지,보통,19,2024·2026,"기준선 비교: 2026 유지 33.0점, 2024·2026 가중평균 26.3점, 선택 모델(완화 추세+표본 축소) 36.5점. 지역 변화 +19.1점을 표본가중치 0.61로 같은 병해충·작물의 지역 중앙 변화 -4.4점 방향에 축소하고, 1년 연장 변화는 ±20점으로 제한했습니다. 양년 자료 있음, 공통 조사단위 4개, 유효 관측 19건, 결측률 0.0%, 단위별 변화 변동성 20.1점. 비교는 가능하지만 표본 또는 변동성에 불확실성이 남습니다. 2024·2026 두 개 연도의 NCPMS 예찰자료만 사용한 상대 위험 전망으로, 기상·재배면적·방제 변화와 2027년 실제 발생을 확정하지 않습니다.",주의
복숭아,복숭아순나방,해충,충청북도,25,15,12,유지,높음,19,2024·2026,"기준선 비교: 2026 유지 14.7점, 2024·2026 가중평균 18.2점, 선택 모델(완화 추세+표본 축소) 12.0점. 지역 변화 -10.0점을 표본가중치 0.61로 같은 병해충·작물의 지역 중앙 변화 -4.4점 방향에 축소하고, 1년 연장 변화는 ±20점으로 제한했습니다. 양년 자료 있음, 공통 조사단위 4개, 유효 관측 19건, 결측률 0.0%, 단위별 변화 변동성 13.3점. 양년 반복관측·낮은 결측·낮은 변동성 기준을 충족합니다. 2024·2026 두 개 연도의 NCPMS 예찰자료만 사용한 상대 위험 전망으로, 기상·재배면적·방제 변화와 2027년 실제 발생을 확정하지 않습니다.",관찰
사과,복숭아순나방,해충,강원특별자치도,1,1,1,유지,보통,21,2024·2026,"기준선 비교: 2026 유지 1.1점, 2024·2026 가중평균 1.0점, 선택 모델(완화 추세+표본 축소) 1.2점. 지역 변화 +0.2점을 표본가중치 0.64로 같은 병해충·작물의 지역 중앙 변화 +0.7점 방향에 축소하고, 1년 연장 변화는 ±20점으로 제한했습니다. 양년 자료 있음, 공통 조사단위 3개, 유효 관측 21건, 결측률 0.0%, 단위별 변화 변동성 1.3점. 비교는 가능하지만 표본 또는 변동성에 불확실성이 남습니다. 2024·2026 두 개 연도의 NCPMS 예찰자료만 사용한 상대 위험 전망으로, 기상·재배면적·방제 변화와 2027년 실제 발생을 확정하지 않습니다.",관찰
사과,복숭아순나방,해충,경기도,7,7,8,유지,보통,21,2024·2026,"기준선 비교: 2026 유지 7.3점, 2024·2026 가중평균 7.2점, 선택 모델(완화 추세+표본 축소) 7.6점. 지역 변화 +0.5점을 표본가중치 0.64로 같은 병해충·작물의 지역 중앙 변화 +0.7점 방향에 축소하고, 1년 연장 변화는 ±20점으로 제한했습니다. 양년 자료 있음, 공통 조사단위 3개, 유효 관측 21건, 결측률 0.0%, 단위별 변화 변동성 8.7점. 비교는 가능하지만 표본 또는 변동성에 불확실성이 남습니다. 2024·2026 두 개 연도의 NCPMS 예찰자료만 사용한 상대 위험 전망으로, 기상·재배면적·방제 변화와 2027년 실제 발생을 확정하지 않습니다.",관찰
사과,복숭아순나방,해충,경상남도,0,7,8,유지,보통,21,2024·2026,"기준선 비교: 2026 유지 6.7점, 2024·2026 가중평균 4.3점, 선택 모델(완화 추세+표본 축소) 8.3점. 지역 변화 +6.7점을 표본가중치 0.64로 같은 병해충·작물의 지역 중앙 변화 +0.7점 방향에 축소하고, 1년 연장 변화는 ±20점으로 제한했습니다. 양년 자료 있음, 공통 조사단위 3개, 유효 관측 21건, 결측률 0.0%, 단위별 변화 변동성 8.1점. 비교는 가능하지만 표본 또는 변동성에 불확실성이 남습니다. 2024·2026 두 개 연도의 NCPMS 예찰자료만 사용한 상대 위험 전망으로, 기상·재배면적·방제 변화와 2027년 실제 발생을 확정하지 않습니다.",관찰
사과,복숭아순나방,해충,경상북도,10,17,19,유지,보통,21,2024·2026,"기준선 비교: 2026 유지 17.2점, 2024·2026 가중평균 14.6점, 선택 모델(완화 추세+표본 축소) 18.9점. 지역 변화 +7.3점을 표본가중치 0.64로 같은 병해충·작물의 지역 중앙 변화 +0.7점 방향에 축소하고, 1년 연장 변화는 ±20점으로 제한했습니다. 양년 자료 있음, 공통 조사단위 3개, 유효 관측 21건, 결측률 0.0%, 단위별 변화 변동성 16.9점. 비교는 가능하지만 표본 또는 변동성에 불확실성이 남습니다. 2024·2026 두 개 연도의 NCPMS 예찰자료만 사용한 상대 위험 전망으로, 기상·재배면적·방제 변화와 2027년 실제 발생을 확정하지 않습니다.",관찰
사과,복숭아순나방,해충,대구광역시,4,,,전망자료 부족,낮음,9,2024,"양년 자료 없음, 공통 조사단위 0개, 유효 관측 9건, 결측률 0.0%, 단위별 변화 변동성 100.0점. 제한된 비교 단위 또는 변동성 때문에 보수적으로 낮게 평가합니다. 2024·2026 두 개 연도의 NCPMS 예찰자료만 사용한 상대 위험 전망으로, 기상·재배면적·방제 변화와 2027년 실제 발생을 확정하지 않습니다.",전망자료 부족
사과,복숭아순나방,해충,전남광주통합특별시,0,12,14,유지,보통,19,2024·2026,"기준선 비교: 2026 유지 11.8점, 2024·2026 가중평균 7.7점, 선택 모델(완화 추세+표본 축소) 14.4점. 지역 변화 +11.8점을 표본가중치 0.61로 같은 병해충·작물의 지역 중앙 변화 +0.7점 방향에 축소하고, 1년 연장 변화는 ±20점으로 제한했습니다. 양년 자료 있음, 공통 조사단위 2개, 유효 관측 19건, 결측률 0.0%, 단위별 변화 변동성 0.0점. 비교는 가능하지만 표본 또는 변동성에 불확실성이 남습니다. 2024·2026 두 개 연도의 NCPMS 예찰자료만 사용한 상대 위험 전망으로, 기상·재배면적·방제 변화와 2027년 실제 발생을 확정하지 않습니다.",관찰
사과,복숭아순나방,해충,전북특별자치도,72,51,46,감소,보통,21,2024·2026,"기준선 비교: 2026 유지 50.6점, 2024·2026 가중평균 58.0점, 선택 모델(완화 추세+표본 축소) 46.0점. 지역 변화 -21.2점을 표본가중치 0.64로 같은 병해충·작물의 지역 중앙 변화 +0.7점 방향에 축소하고, 1년 연장 변화는 ±20점으로 제한했습니다. 양년 자료 있음, 공통 조사단위 3개, 유효 관측 21건, 결측률 0.0%, 단위별 변화 변동성 16.3점. 비교는 가능하지만 표본 또는 변동성에 불확실성이 남습니다. 2024·2026 두 개 연도의 NCPMS 예찰자료만 사용한 상대 위험 전망으로, 기상·재배면적·방제 변화와 2027년 실제 발생을 확정하지 않습니다.",주의
사과,복숭아순나방,해충,충청남도,12,13,13,유지,보통,21,2024·2026,"기준선 비교: 2026 유지 13.1점, 2024·2026 가중평균 12.8점, 선택 모델(완화 추세+표본 축소) 13.4점. 지역 변화 +0.9점을 표본가중치 0.64로 같은 병해충·작물의 지역 중앙 변화 +0.7점 방향에 축소하고, 1년 연장 변화는 ±20점으로 제한했습니다. 양년 자료 있음, 공통 조사단위 3개, 유효 관측 21건, 결측률 0.0%, 단위별 변화 변동성 8.2점. 비교는 가능하지만 표본 또는 변동성에 불확실성이 남습니다. 2024·2026 두 개 연도의 NCPMS 예찰자료만 사용한 상대 위험 전망으로, 기상·재배면적·방제 변화와 2027년 실제 발생을 확정하지 않습니다.",관찰
사과,복숭아순나방,해충,충청북도,50,40,37,유지,보통,21,2024·2026,"기준선 비교: 2026 유지 39.7점, 2024·2026 가중평균 43.3점, 선택 모델(완화 추세+표본 축소) 37.5점. 지역 변화 -10.4점을 표본가중치 0.64로 같은 병해충·작물의 지역 중앙 변화 +0.7점 방향에 축소하고, 1년 연장 변화는 ±20점으로 제한했습니다. 양년 자료 있음, 공통 조사단위 3개, 유효 관측 21건, 결측률 0.0%, 단위별 변화 변동성 16.5점. 비교는 가능하지만 표본 또는 변동성에 불확실성이 남습니다. 2024·2026 두 개 연도의 NCPMS 예찰자료만 사용한 상대 위험 전망으로, 기상·재배면적·방제 변화와 2027년 실제 발생을 확정하지 않습니다.",주의
사과,복숭아순나방붙이,해충,강원특별자치도,1,0,0,유지,보통,12,2024·2026,"기준선 비교: 2026 유지 0.0점, 2024·2026 가중평균 0.4점, 선택 모델(완화 추세+표본 축소) 0.0점. 지역 변화 -1.2점을 표본가중치 0.50로 같은 병해충·작물의 지역 중앙 변화 -0.4점 방향에 축소하고, 1년 연장 변화는 ±20점으로 제한했습니다. 양년 자료 있음, 공통 조사단위 3개, 유효 관측 12건, 결측률 0.0%, 단위별 변화 변동성 1.6점. 비교는 가능하지만 표본 또는 변동성에 불확실성이 남습니다. 2024·2026 두 개 연도의 NCPMS 예찰자료만 사용한 상대 위험 전망으로, 기상·재배면적·방제 변화와 2027년 실제 발생을 확정하지 않습니다.",관찰
사과,복숭아순나방붙이,해충,경기도,2,1,0,유지,보통,12,2024·2026,"기준선 비교: 2026 유지 0.8점, 2024·2026 가중평균 1.4점, 선택 모델(완화 추세+표본 축소) 0.5점. 지역 변화 -1.6점을 표본가중치 0.50로 같은 병해충·작물의 지역 중앙 변화 -0.4점 방향에 축소하고, 1년 연장 변화는 ±20점으로 제한했습니다. 양년 자료 있음, 공통 조사단위 3개, 유효 관측 12건, 결측률 0.0%, 단위별 변화 변동성 1.7점. 비교는 가능하지만 표본 또는 변동성에 불확실성이 남습니다. 2024·2026 두 개 연도의 NCPMS 예찰자료만 사용한 상대 위험 전망으로, 기상·재배면적·방제 변화와 2027년 실제 발생을 확정하지 않습니다.",관찰
사과,복숭아순나방붙이,해충,경상남도,0,0,0,유지,보통,12,2024·2026,"기준선 비교: 2026 유지 0.0점, 2024·2026 가중평균 0.0점, 선택 모델(완화 추세+표본 축소) 0.0점. 지역 변화 +0.0점을 표본가중치 0.50로 같은 병해충·작물의 지역 중앙 변화 -0.4점 방향에 축소하고, 1년 연장 변화는 ±20점으로 제한했습니다. 양년 자료 있음, 공통 조사단위 3개, 유효 관측 12건, 결측률 0.0%, 단위별 변화 변동성 0.0점. 비교는 가능하지만 표본 또는 변동성에 불확실성이 남습니다. 2024·2026 두 개 연도의 NCPMS 예찰자료만 사용한 상대 위험 전망으로, 기상·재배면적·방제 변화와 2027년 실제 발생을 확정하지 않습니다.",관찰
사과,복숭아순나방붙이,해충,경상북도,1,1,0,유지,보통,12,2024·2026,"기준선 비교: 2026 유지 0.7점, 2024·2026 가중평균 1.0점, 선택 모델(완화 추세+표본 축소) 0.5점. 지역 변화 -0.7점을 표본가중치 0.50로 같은 병해충·작물의 지역 중앙 변화 -0.4점 방향에 축소하고, 1년 연장 변화는 ±20점으로 제한했습니다. 양년 자료 있음, 공통 조사단위 3개, 유효 관측 12건, 결측률 0.0%, 단위별 변화 변동성 1.4점. 비교는 가능하지만 표본 또는 변동성에 불확실성이 남습니다. 2024·2026 두 개 연도의 NCPMS 예찰자료만 사용한 상대 위험 전망으로, 기상·재배면적·방제 변화와 2027년 실제 발생을 확정하지 않습니다.",관찰
사과,복숭아순나방붙이,해충,대구광역시,0,,,전망자료 부족,낮음,6,2024,"양년 자료 없음, 공통 조사단위 0개, 유효 관측 6건, 결측률 0.0%, 단위별 변화 변동성 100.0점. 제한된 비교 단위 또는 변동성 때문에 보수적으로 낮게 평가합니다. 2024·2026 두 개 연도의 NCPMS 예찰자료만 사용한 상대 위험 전망으로, 기상·재배면적·방제 변화와 2027년 실제 발생을 확정하지 않습니다.",전망자료 부족
사과,복숭아순나방붙이,해충,전남광주통합특별시,0,0,0,유지,보통,11,2024·2026,"기준선 비교: 2026 유지 0.0점, 2024·2026 가중평균 0.0점, 선택 모델(완화 추세+표본 축소) 0.0점. 지역 변화 +0.0점을 표본가중치 0.48로 같은 병해충·작물의 지역 중앙 변화 -0.4점 방향에 축소하고, 1년 연장 변화는 ±20점으로 제한했습니다. 양년 자료 있음, 공통 조사단위 2개, 유효 관측 11건, 결측률 0.0%, 단위별 변화 변동성 0.0점. 비교는 가능하지만 표본 또는 변동성에 불확실성이 남습니다. 2024·2026 두 개 연도의 NCPMS 예찰자료만 사용한 상대 위험 전망으로, 기상·재배면적·방제 변화와 2027년 실제 발생을 확정하지 않습니다.",관찰
사과,복숭아순나방붙이,해충,전북특별자치도,60,81,85,유지,보통,12,2024·2026,"기준선 비교: 2026 유지 81.4점, 2024·2026 가중평균 74.1점, 선택 모델(완화 추세+표본 축소) 85.0점. 지역 변화 +21.0점을 표본가중치 0.50로 같은 병해충·작물의 지역 중앙 변화 -0.4점 방향에 축소하고, 1년 연장 변화는 ±20점으로 제한했습니다. 양년 자료 있음, 공통 조사단위 3개, 유효 관측 12건, 결측률 0.0%, 단위별 변화 변동성 26.8점. 비교는 가능하지만 표본 또는 변동성에 불확실성이 남습니다. 2024·2026 두 개 연도의 NCPMS 예찰자료만 사용한 상대 위험 전망으로, 기상·재배면적·방제 변화와 2027년 실제 발생을 확정하지 않습니다.",고위험
사과,복숭아순나방붙이,해충,충청남도,0,0,0,유지,보통,12,2024·2026,"기준선 비교: 2026 유지 0.0점, 2024·2026 가중평균 0.0점, 선택 모델(완화 추세+표본 축소) 0.0점. 지역 변화 +0.0점을 표본가중치 0.50로 같은 병해충·작물의 지역 중앙 변화 -0.4점 방향에 축소하고, 1년 연장 변화는 ±20점으로 제한했습니다. 양년 자료 있음, 공통 조사단위 3개, 유효 관측 12건, 결측률 0.0%, 단위별 변화 변동성 0.0점. 비교는 가능하지만 표본 또는 변동성에 불확실성이 남습니다. 2024·2026 두 개 연도의 NCPMS 예찰자료만 사용한 상대 위험 전망으로, 기상·재배면적·방제 변화와 2027년 실제 발생을 확정하지 않습니다.",관찰
사과,복숭아순나방붙이,해충,충청북도,4,3,3,유지,보통,12,2024·2026,"기준선 비교: 2026 유지 3.0점, 2024·2026 가중평균 3.4점, 선택 모델(완화 추세+표본 축소) 2.7점. 지역 변화 -1.2점을 표본가중치 0.50로 같은 병해충·작물의 지역 중앙 변화 -0.4점 방향에 축소하고, 1년 연장 변화는 ±20점으로 제한했습니다. 양년 자료 있음, 공통 조사단위 3개, 유효 관측 12건, 결측률 0.0%, 단위별 변화 변동성 3.6점. 비교는 가능하지만 표본 또는 변동성에 불확실성이 남습니다. 2024·2026 두 개 연도의 NCPMS 예찰자료만 사용한 상대 위험 전망으로, 기상·재배면적·방제 변화와 2027년 실제 발생을 확정하지 않습니다.",관찰
배,복숭아심식나방,해충,강원특별자치도,14,45,50,증가,낮음,8,2024·2026,"기준선 비교: 2026 유지 44.5점, 2024·2026 가중평균 33.9점, 선택 모델(완화 추세+표본 축소) 49.7점. 지역 변화 +30.2점을 표본가중치 0.40로 같은 병해충·작물의 지역 중앙 변화 +4.7점 방향에 축소하고, 1년 연장 변화는 ±20점으로 제한했습니다. 양년 자료 있음, 공통 조사단위 1개, 유효 관측 8건, 결측률 0.0%, 단위별 변화 변동성 0.0점. 제한된 비교 단위 또는 변동성 때문에 보수적으로 낮게 평가합니다. 2024·2026 두 개 연도의 NCPMS 예찰자료만 사용한 상대 위험 전망으로, 기상·재배면적·방제 변화와 2027년 실제 발생을 확정하지 않습니다.",주의
배,복숭아심식나방,해충,경기도,50,56,58,유지,보통,11,2024·2026,"기준선 비교: 2026 유지 56.1점, 2024·2026 가중평균 54.0점, 선택 모델(완화 추세+표본 축소) 57.9점. 지역 변화 +6.0점을 표본가중치 0.48로 같은 병해충·작물의 지역 중앙 변화 +4.7점 방향에 축소하고, 1년 연장 변화는 ±20점으로 제한했습니다. 양년 자료 있음, 공통 조사단위 4개, 유효 관측 11건, 결측률 0.0%, 단위별 변화 변동성 15.0점. 비교는 가능하지만 표본 또는 변동성에 불확실성이 남습니다. 2024·2026 두 개 연도의 NCPMS 예찰자료만 사용한 상대 위험 전망으로, 기상·재배면적·방제 변화와 2027년 실제 발생을 확정하지 않습니다.",주의
배,복숭아심식나방,해충,경상남도,0,0,1,유지,보통,11,2024·2026,"기준선 비교: 2026 유지 0.0점, 2024·2026 가중평균 0.0점, 선택 모델(완화 추세+표본 축소) 0.9점. 지역 변화 +0.0점을 표본가중치 0.48로 같은 병해충·작물의 지역 중앙 변화 +4.7점 방향에 축소하고, 1년 연장 변화는 ±20점으로 제한했습니다. 양년 자료 있음, 공통 조사단위 4개, 유효 관측 11건, 결측률 0.0%, 단위별 변화 변동성 0.0점. 비교는 가능하지만 표본 또는 변동성에 불확실성이 남습니다. 2024·2026 두 개 연도의 NCPMS 예찰자료만 사용한 상대 위험 전망으로, 기상·재배면적·방제 변화와 2027년 실제 발생을 확정하지 않습니다.",관찰
배,복숭아심식나방,해충,경상북도,25,48,52,유지,보통,11,2024·2026,"기준선 비교: 2026 유지 47.6점, 2024·2026 가중평균 39.7점, 선택 모델(완화 추세+표본 축소) 52.2점. 지역 변화 +22.6점을 표본가중치 0.48로 같은 병해충·작물의 지역 중앙 변화 +4.7점 방향에 축소하고, 1년 연장 변화는 ±20점으로 제한했습니다. 양년 자료 있음, 공통 조사단위 4개, 유효 관측 11건, 결측률 0.0%, 단위별 변화 변동성 15.0점. 비교는 가능하지만 표본 또는 변동성에 불확실성이 남습니다. 2024·2026 두 개 연도의 NCPMS 예찰자료만 사용한 상대 위험 전망으로, 기상·재배면적·방제 변화와 2027년 실제 발생을 확정하지 않습니다.",주의
배,복숭아심식나방,해충,세종특별자치시,2,3,4,유지,보통,10,2024·2026,"기준선 비교: 2026 유지 2.6점, 2024·2026 가중평균 2.4점, 선택 모델(완화 추세+표본 축소) 3.6점. 지역 변화 +0.6점을 표본가중치 0.45로 같은 병해충·작물의 지역 중앙 변화 +4.7점 방향에 축소하고, 1년 연장 변화는 ±20점으로 제한했습니다. 양년 자료 있음, 공통 조사단위 4개, 유효 관측 10건, 결측률 0.0%, 단위별 변화 변동성 2.4점. 비교는 가능하지만 표본 또는 변동성에 불확실성이 남습니다. 2024·2026 두 개 연도의 NCPMS 예찰자료만 사용한 상대 위험 전망으로, 기상·재배면적·방제 변화와 2027년 실제 발생을 확정하지 않습니다.",관찰
배,복숭아심식나방,해충,울산광역시,0,22,27,증가,보통,10,2024·2026,"기준선 비교: 2026 유지 22.2점, 2024·2026 가중평균 14.4점, 선택 모델(완화 추세+표본 축소) 26.6점. 지역 변화 +22.2점을 표본가중치 0.45로 같은 병해충·작물의 지역 중앙 변화 +4.7점 방향에 축소하고, 1년 연장 변화는 ±20점으로 제한했습니다. 양년 자료 있음, 공통 조사단위 4개, 유효 관측 10건, 결측률 0.0%, 단위별 변화 변동성 10.2점. 비교는 가능하지만 표본 또는 변동성에 불확실성이 남습니다. 2024·2026 두 개 연도의 NCPMS 예찰자료만 사용한 상대 위험 전망으로, 기상·재배면적·방제 변화와 2027년 실제 발생을 확정하지 않습니다.",관찰
배,복숭아심식나방,해충,전남광주통합특별시,7,0,0,유지,보통,11,2024·2026,"기준선 비교: 2026 유지 0.0점, 2024·2026 가중평균 2.4점, 선택 모델(완화 추세+표본 축소) 0.0점. 지역 변화 -6.8점을 표본가중치 0.48로 같은 병해충·작물의 지역 중앙 변화 +4.7점 방향에 축소하고, 1년 연장 변화는 ±20점으로 제한했습니다. 양년 자료 있음, 공통 조사단위 4개, 유효 관측 11건, 결측률 0.0%, 단위별 변화 변동성 6.8점. 비교는 가능하지만 표본 또는 변동성에 불확실성이 남습니다. 2024·2026 두 개 연도의 NCPMS 예찰자료만 사용한 상대 위험 전망으로, 기상·재배면적·방제 변화와 2027년 실제 발생을 확정하지 않습니다.",관찰
배,복숭아심식나방,해충,전북특별자치도,,3,,전망자료 부족,낮음,7,2026,"양년 자료 없음, 공통 조사단위 0개, 유효 관측 7건, 결측률 0.0%, 단위별 변화 변동성 100.0점. 제한된 비교 단위 또는 변동성 때문에 보수적으로 낮게 평가합니다. 2024·2026 두 개 연도의 NCPMS 예찰자료만 사용한 상대 위험 전망으로, 기상·재배면적·방제 변화와 2027년 실제 발생을 확정하지 않습니다.",전망자료 부족
배,복숭아심식나방,해충,충청남도,0,5,6,유지,보통,11,2024·2026,"기준선 비교: 2026 유지 4.7점, 2024·2026 가중평균 3.0점, 선택 모델(완화 추세+표본 축소) 6.3점. 지역 변화 +4.7점을 표본가중치 0.48로 같은 병해충·작물의 지역 중앙 변화 +4.7점 방향에 축소하고, 1년 연장 변화는 ±20점으로 제한했습니다. 양년 자료 있음, 공통 조사단위 4개, 유효 관측 11건, 결측률 0.0%, 단위별 변화 변동성 11.9점. 비교는 가능하지만 표본 또는 변동성에 불확실성이 남습니다. 2024·2026 두 개 연도의 NCPMS 예찰자료만 사용한 상대 위험 전망으로, 기상·재배면적·방제 변화와 2027년 실제 발생을 확정하지 않습니다.",관찰
배,복숭아심식나방,해충,충청북도,0,0,1,유지,보통,11,2024·2026,"기준선 비교: 2026 유지 0.0점, 2024·2026 가중평균 0.0점, 선택 모델(완화 추세+표본 축소) 0.9점. 지역 변화 +0.0점을 표본가중치 0.48로 같은 병해충·작물의 지역 중앙 변화 +4.7점 방향에 축소하고, 1년 연장 변화는 ±20점으로 제한했습니다. 양년 자료 있음, 공통 조사단위 4개, 유효 관측 11건, 결측률 0.0%, 단위별 변화 변동성 0.0점. 비교는 가능하지만 표본 또는 변동성에 불확실성이 남습니다. 2024·2026 두 개 연도의 NCPMS 예찰자료만 사용한 상대 위험 전망으로, 기상·재배면적·방제 변화와 2027년 실제 발생을 확정하지 않습니다.",관찰
복숭아,복숭아심식나방,해충,강원특별자치도,20,5,2,유지,보통,13,2024·2026,"기준선 비교: 2026 유지 4.5점, 2024·2026 가중평균 9.8점, 선택 모델(완화 추세+표본 축소) 1.6점. 지역 변화 -15.0점을 표본가중치 0.52로 같은 병해충·작물의 지역 중앙 변화 -0.9점 방향에 축소하고, 1년 연장 변화는 ±20점으로 제한했습니다. 양년 자료 있음, 공통 조사단위 3개, 유효 관측 13건, 결측률 0.0%, 단위별 변화 변동성 27.6점. 비교는 가능하지만 표본 또는 변동성에 불확실성이 남습니다. 2024·2026 두 개 연도의 NCPMS 예찰자료만 사용한 상대 위험 전망으로, 기상·재배면적·방제 변화와 2027년 실제 발생을 확정하지 않습니다.",관찰
복숭아,복숭아심식나방,해충,경기도,25,1,0,유지,보통,15,2024·2026,"기준선 비교: 2026 유지 0.9점, 2024·2026 가중평균 9.3점, 선택 모델(완화 추세+표본 축소) 0.0점. 지역 변화 -24.0점을 표본가중치 0.56로 같은 병해충·작물의 지역 중앙 변화 -0.9점 방향에 축소하고, 1년 연장 변화는 ±20점으로 제한했습니다. 양년 자료 있음, 공통 조사단위 4개, 유효 관측 15건, 결측률 0.0%, 단위별 변화 변동성 39.7점. 비교는 가능하지만 표본 또는 변동성에 불확실성이 남습니다. 2024·2026 두 개 연도의 NCPMS 예찰자료만 사용한 상대 위험 전망으로, 기상·재배면적·방제 변화와 2027년 실제 발생을 확정하지 않습니다.",관찰
복숭아,복숭아심식나방,해충,경상남도,32,9,5,유지,보통,15,2024·2026,"기준선 비교: 2026 유지 9.5점, 2024·2026 가중평균 17.5점, 선택 모델(완화 추세+표본 축소) 4.9점. 지역 변화 -22.8점을 표본가중치 0.56로 같은 병해충·작물의 지역 중앙 변화 -0.9점 방향에 축소하고, 1년 연장 변화는 ±20점으로 제한했습니다. 양년 자료 있음, 공통 조사단위 4개, 유효 관측 15건, 결측률 0.0%, 단위별 변화 변동성 18.3점. 비교는 가능하지만 표본 또는 변동성에 불확실성이 남습니다. 2024·2026 두 개 연도의 NCPMS 예찰자료만 사용한 상대 위험 전망으로, 기상·재배면적·방제 변화와 2027년 실제 발생을 확정하지 않습니다.",관찰
복숭아,복숭아심식나방,해충,경상북도,15,35,39,유지,보통,15,2024·2026,"기준선 비교: 2026 유지 35.4점, 2024·2026 가중평균 28.3점, 선택 모델(완화 추세+표본 축소) 39.2점. 지역 변화 +20.4점을 표본가중치 0.56로 같은 병해충·작물의 지역 중앙 변화 -0.9점 방향에 축소하고, 1년 연장 변화는 ±20점으로 제한했습니다. 양년 자료 있음, 공통 조사단위 4개, 유효 관측 15건, 결측률 0.0%, 단위별 변화 변동성 19.2점. 비교는 가능하지만 표본 또는 변동성에 불확실성이 남습니다. 2024·2026 두 개 연도의 NCPMS 예찰자료만 사용한 상대 위험 전망으로, 기상·재배면적·방제 변화와 2027년 실제 발생을 확정하지 않습니다.",주의
복숭아,복숭아심식나방,해충,세종특별자치시,1,0,0,유지,보통,14,2024·2026,"기준선 비교: 2026 유지 0.0점, 2024·2026 가중평균 0.3점, 선택 모델(완화 추세+표본 축소) 0.0점. 지역 변화 -0.9점을 표본가중치 0.54로 같은 병해충·작물의 지역 중앙 변화 -0.9점 방향에 축소하고, 1년 연장 변화는 ±20점으로 제한했습니다. 양년 자료 있음, 공통 조사단위 4개, 유효 관측 14건, 결측률 0.0%, 단위별 변화 변동성 1.5점. 비교는 가능하지만 표본 또는 변동성에 불확실성이 남습니다. 2024·2026 두 개 연도의 NCPMS 예찰자료만 사용한 상대 위험 전망으로, 기상·재배면적·방제 변화와 2027년 실제 발생을 확정하지 않습니다.",관찰
복숭아,복숭아심식나방,해충,전남광주통합특별시,32,1,0,유지,보통,11,2024·2026,"기준선 비교: 2026 유지 1.4점, 2024·2026 가중평균 11.9점, 선택 모델(완화 추세+표본 축소) 0.0점. 지역 변화 -30.2점을 표본가중치 0.48로 같은 병해충·작물의 지역 중앙 변화 -0.9점 방향에 축소하고, 1년 연장 변화는 ±20점으로 제한했습니다. 양년 자료 있음, 공통 조사단위 2개, 유효 관측 11건, 결측률 0.0%, 단위별 변화 변동성 30.0점. 비교는 가능하지만 표본 또는 변동성에 불확실성이 남습니다. 2024·2026 두 개 연도의 NCPMS 예찰자료만 사용한 상대 위험 전망으로, 기상·재배면적·방제 변화와 2027년 실제 발생을 확정하지 않습니다.",관찰
복숭아,복숭아심식나방,해충,전북특별자치도,5,60,70,증가,보통,15,2024·2026,"기준선 비교: 2026 유지 59.9점, 2024·2026 가중평균 40.7점, 선택 모델(완화 추세+표본 축소) 70.4점. 지역 변화 +54.8점을 표본가중치 0.56로 같은 병해충·작물의 지역 중앙 변화 -0.9점 방향에 축소하고, 1년 연장 변화는 ±20점으로 제한했습니다. 양년 자료 있음, 공통 조사단위 4개, 유효 관측 15건, 결측률 0.0%, 단위별 변화 변동성 33.8점. 비교는 가능하지만 표본 또는 변동성에 불확실성이 남습니다. 2024·2026 두 개 연도의 NCPMS 예찰자료만 사용한 상대 위험 전망으로, 기상·재배면적·방제 변화와 2027년 실제 발생을 확정하지 않습니다.",고위험
복숭아,복숭아심식나방,해충,충청남도,0,1,1,유지,보통,15,2024·2026,"기준선 비교: 2026 유지 0.9점, 2024·2026 가중평균 0.6점, 선택 모델(완화 추세+표본 축소) 0.9점. 지역 변화 +0.9점을 표본가중치 0.56로 같은 병해충·작물의 지역 중앙 변화 -0.9점 방향에 축소하고, 1년 연장 변화는 ±20점으로 제한했습니다. 양년 자료 있음, 공통 조사단위 4개, 유효 관측 15건, 결측률 0.0%, 단위별 변화 변동성 0.0점. 비교는 가능하지만 표본 또는 변동성에 불확실성이 남습니다. 2024·2026 두 개 연도의 NCPMS 예찰자료만 사용한 상대 위험 전망으로, 기상·재배면적·방제 변화와 2027년 실제 발생을 확정하지 않습니다.",관찰
복숭아,복숭아심식나방,해충,충청북도,9,10,10,유지,보통,15,2024·2026,"기준선 비교: 2026 유지 10.1점, 2024·2026 가중평균 9.7점, 선택 모델(완화 추세+표본 축소) 10.2점. 지역 변화 +1.3점을 표본가중치 0.56로 같은 병해충·작물의 지역 중앙 변화 -0.9점 방향에 축소하고, 1년 연장 변화는 ±20점으로 제한했습니다. 양년 자료 있음, 공통 조사단위 4개, 유효 관측 15건, 결측률 0.0%, 단위별 변화 변동성 11.3점. 비교는 가능하지만 표본 또는 변동성에 불확실성이 남습니다. 2024·2026 두 개 연도의 NCPMS 예찰자료만 사용한 상대 위험 전망으로, 기상·재배면적·방제 변화와 2027년 실제 발생을 확정하지 않습니다.",관찰
사과,복숭아심식나방,해충,강원특별자치도,17,0,0,유지,보통,18,2024·2026,"기준선 비교: 2026 유지 0.0점, 2024·2026 가중평균 5.8점, 선택 모델(완화 추세+표본 축소) 0.0점. 지역 변화 -16.7점을 표본가중치 0.60로 같은 병해충·작물의 지역 중앙 변화 +0.0점 방향에 축소하고, 1년 연장 변화는 ±20점으로 제한했습니다. 양년 자료 있음, 공통 조사단위 3개, 유효 관측 18건, 결측률 0.0%, 단위별 변화 변동성 23.6점. 비교는 가능하지만 표본 또는 변동성에 불확실성이 남습니다. 2024·2026 두 개 연도의 NCPMS 예찰자료만 사용한 상대 위험 전망으로, 기상·재배면적·방제 변화와 2027년 실제 발생을 확정하지 않습니다.",관찰
사과,복숭아심식나방,해충,경기도,5,6,6,유지,보통,18,2024·2026,"기준선 비교: 2026 유지 5.9점, 2024·2026 가중평균 5.6점, 선택 모델(완화 추세+표본 축소) 6.1점. 지역 변화 +0.8점을 표본가중치 0.60로 같은 병해충·작물의 지역 중앙 변화 +0.0점 방향에 축소하고, 1년 연장 변화는 ±20점으로 제한했습니다. 양년 자료 있음, 공통 조사단위 3개, 유효 관측 18건, 결측률 0.0%, 단위별 변화 변동성 3.4점. 비교는 가능하지만 표본 또는 변동성에 불확실성이 남습니다. 2024·2026 두 개 연도의 NCPMS 예찰자료만 사용한 상대 위험 전망으로, 기상·재배면적·방제 변화와 2027년 실제 발생을 확정하지 않습니다.",관찰
사과,복숭아심식나방,해충,경상남도,0,0,0,유지,보통,18,2024·2026,"기준선 비교: 2026 유지 0.0점, 2024·2026 가중평균 0.0점, 선택 모델(완화 추세+표본 축소) 0.0점. 지역 변화 +0.0점을 표본가중치 0.60로 같은 병해충·작물의 지역 중앙 변화 +0.0점 방향에 축소하고, 1년 연장 변화는 ±20점으로 제한했습니다. 양년 자료 있음, 공통 조사단위 3개, 유효 관측 18건, 결측률 0.0%, 단위별 변화 변동성 0.0점. 비교는 가능하지만 표본 또는 변동성에 불확실성이 남습니다. 2024·2026 두 개 연도의 NCPMS 예찰자료만 사용한 상대 위험 전망으로, 기상·재배면적·방제 변화와 2027년 실제 발생을 확정하지 않습니다.",관찰
사과,복숭아심식나방,해충,경상북도,20,27,29,유지,보통,18,2024·2026,"기준선 비교: 2026 유지 27.4점, 2024·2026 가중평균 24.9점, 선택 모델(완화 추세+표본 축소) 28.9점. 지역 변화 +7.1점을 표본가중치 0.60로 같은 병해충·작물의 지역 중앙 변화 +0.0점 방향에 축소하고, 1년 연장 변화는 ±20점으로 제한했습니다. 양년 자료 있음, 공통 조사단위 3개, 유효 관측 18건, 결측률 0.0%, 단위별 변화 변동성 3.4점. 비교는 가능하지만 표본 또는 변동성에 불확실성이 남습니다. 2024·2026 두 개 연도의 NCPMS 예찰자료만 사용한 상대 위험 전망으로, 기상·재배면적·방제 변화와 2027년 실제 발생을 확정하지 않습니다.",관찰
사과,복숭아심식나방,해충,대구광역시,0,,,전망자료 부족,낮음,6,2024,"양년 자료 없음, 공통 조사단위 0개, 유효 관측 6건, 결측률 0.0%, 단위별 변화 변동성 100.0점. 제한된 비교 단위 또는 변동성 때문에 보수적으로 낮게 평가합니다. 2024·2026 두 개 연도의 NCPMS 예찰자료만 사용한 상대 위험 전망으로, 기상·재배면적·방제 변화와 2027년 실제 발생을 확정하지 않습니다.",전망자료 부족
사과,복숭아심식나방,해충,전남광주통합특별시,0,0,0,유지,보통,16,2024·2026,"기준선 비교: 2026 유지 0.0점, 2024·2026 가중평균 0.0점, 선택 모델(완화 추세+표본 축소) 0.0점. 지역 변화 +0.0점을 표본가중치 0.57로 같은 병해충·작물의 지역 중앙 변화 +0.0점 방향에 축소하고, 1년 연장 변화는 ±20점으로 제한했습니다. 양년 자료 있음, 공통 조사단위 2개, 유효 관측 16건, 결측률 0.0%, 단위별 변화 변동성 0.0점. 비교는 가능하지만 표본 또는 변동성에 불확실성이 남습니다. 2024·2026 두 개 연도의 NCPMS 예찰자료만 사용한 상대 위험 전망으로, 기상·재배면적·방제 변화와 2027년 실제 발생을 확정하지 않습니다.",관찰
사과,복숭아심식나방,해충,전북특별자치도,34,43,44,유지,보통,18,2024·2026,"기준선 비교: 2026 유지 42.6점, 2024·2026 가중평균 39.7점, 선택 모델(완화 추세+표본 축소) 44.3점. 지역 변화 +8.3점을 표본가중치 0.60로 같은 병해충·작물의 지역 중앙 변화 +0.0점 방향에 축소하고, 1년 연장 변화는 ±20점으로 제한했습니다. 양년 자료 있음, 공통 조사단위 3개, 유효 관측 18건, 결측률 0.0%, 단위별 변화 변동성 10.3점. 비교는 가능하지만 표본 또는 변동성에 불확실성이 남습니다. 2024·2026 두 개 연도의 NCPMS 예찰자료만 사용한 상대 위험 전망으로, 기상·재배면적·방제 변화와 2027년 실제 발생을 확정하지 않습니다.",주의
사과,복숭아심식나방,해충,충청남도,0,0,0,유지,보통,18,2024·2026,"기준선 비교: 2026 유지 0.0점, 2024·2026 가중평균 0.0점, 선택 모델(완화 추세+표본 축소) 0.0점. 지역 변화 +0.0점을 표본가중치 0.60로 같은 병해충·작물의 지역 중앙 변화 +0.0점 방향에 축소하고, 1년 연장 변화는 ±20점으로 제한했습니다. 양년 자료 있음, 공통 조사단위 3개, 유효 관측 18건, 결측률 0.0%, 단위별 변화 변동성 0.0점. 비교는 가능하지만 표본 또는 변동성에 불확실성이 남습니다. 2024·2026 두 개 연도의 NCPMS 예찰자료만 사용한 상대 위험 전망으로, 기상·재배면적·방제 변화와 2027년 실제 발생을 확정하지 않습니다.",관찰
사과,복숭아심식나방,해충,충청북도,51,38,35,유지,보통,18,2024·2026,"기준선 비교: 2026 유지 37.6점, 2024·2026 가중평균 42.3점, 선택 모델(완화 추세+표본 축소) 34.9점. 지역 변화 -13.2점을 표본가중치 0.60로 같은 병해충·작물의 지역 중앙 변화 +0.0점 방향에 축소하고, 1년 연장 변화는 ±20점으로 제한했습니다. 양년 자료 있음, 공통 조사단위 3개, 유효 관측 18건, 결측률 0.0%, 단위별 변화 변동성 8.5점. 비교는 가능하지만 표본 또는 변동성에 불확실성이 남습니다. 2024·2026 두 개 연도의 NCPMS 예찰자료만 사용한 상대 위험 전망으로, 기상·재배면적·방제 변화와 2027년 실제 발생을 확정하지 않습니다.",주의
감귤,볼록총채벌레,해충,제주특별자치도,,30,,전망자료 부족,낮음,14,2026,"양년 자료 없음, 공통 조사단위 0개, 유효 관측 14건, 결측률 0.0%, 단위별 변화 변동성 100.0점. 제한된 비교 단위 또는 변동성 때문에 보수적으로 낮게 평가합니다. 2024·2026 두 개 연도의 NCPMS 예찰자료만 사용한 상대 위험 전망으로, 기상·재배면적·방제 변화와 2027년 실제 발생을 확정하지 않습니다.",전망자료 부족
사과,부란병,병해,강원특별자치도,11,17,19,유지,낮음,12,2024·2026,"기준선 비교: 2026 유지 16.7점, 2024·2026 가중평균 14.7점, 선택 모델(완화 추세+표본 축소) 19.0점. 지역 변화 +5.7점을 표본가중치 0.50로 같은 병해충·작물의 지역 중앙 변화 +7.6점 방향에 축소하고, 1년 연장 변화는 ±20점으로 제한했습니다. 양년 자료 있음, 공통 조사단위 3개, 유효 관측 12건, 결측률 0.0%, 단위별 변화 변동성 51.4점. 제한된 비교 단위 또는 변동성 때문에 보수적으로 낮게 평가합니다. 2024·2026 두 개 연도의 NCPMS 예찰자료만 사용한 상대 위험 전망으로, 기상·재배면적·방제 변화와 2027년 실제 발생을 확정하지 않습니다.",관찰
사과,부란병,병해,경기도,2,0,1,유지,보통,12,2024·2026,"기준선 비교: 2026 유지 0.0점, 2024·2026 가중평균 0.7점, 선택 모델(완화 추세+표본 축소) 1.0점. 지역 변화 -2.0점을 표본가중치 0.50로 같은 병해충·작물의 지역 중앙 변화 +7.6점 방향에 축소하고, 1년 연장 변화는 ±20점으로 제한했습니다. 양년 자료 있음, 공통 조사단위 3개, 유효 관측 12건, 결측률 0.0%, 단위별 변화 변동성 2.8점. 비교는 가능하지만 표본 또는 변동성에 불확실성이 남습니다. 2024·2026 두 개 연도의 NCPMS 예찰자료만 사용한 상대 위험 전망으로, 기상·재배면적·방제 변화와 2027년 실제 발생을 확정하지 않습니다.",관찰
사과,부란병,병해,경상남도,0,66,79,증가,보통,12,2024·2026,"기준선 비교: 2026 유지 66.3점, 2024·2026 가중평균 43.1점, 선택 모델(완화 추세+표본 축소) 79.3점. 지역 변화 +66.3점을 표본가중치 0.50로 같은 병해충·작물의 지역 중앙 변화 +7.6점 방향에 축소하고, 1년 연장 변화는 ±20점으로 제한했습니다. 양년 자료 있음, 공통 조사단위 3개, 유효 관측 12건, 결측률 0.0%, 단위별 변화 변동성 23.7점. 비교는 가능하지만 표본 또는 변동성에 불확실성이 남습니다. 2024·2026 두 개 연도의 NCPMS 예찰자료만 사용한 상대 위험 전망으로, 기상·재배면적·방제 변화와 2027년 실제 발생을 확정하지 않습니다.",고위험
사과,부란병,병해,경상북도,12,48,56,증가,보통,12,2024·2026,"기준선 비교: 2026 유지 48.3점, 2024·2026 가중평균 35.4점, 선택 모델(완화 추세+표본 축소) 56.1점. 지역 변화 +36.8점을 표본가중치 0.50로 같은 병해충·작물의 지역 중앙 변화 +7.6점 방향에 축소하고, 1년 연장 변화는 ±20점으로 제한했습니다. 양년 자료 있음, 공통 조사단위 3개, 유효 관측 12건, 결측률 0.0%, 단위별 변화 변동성 2.2점. 비교는 가능하지만 표본 또는 변동성에 불확실성이 남습니다. 2024·2026 두 개 연도의 NCPMS 예찰자료만 사용한 상대 위험 전망으로, 기상·재배면적·방제 변화와 2027년 실제 발생을 확정하지 않습니다.",주의
사과,부란병,병해,대구광역시,1,,,전망자료 부족,낮음,6,2024,"양년 자료 없음, 공통 조사단위 0개, 유효 관측 6건, 결측률 0.0%, 단위별 변화 변동성 100.0점. 제한된 비교 단위 또는 변동성 때문에 보수적으로 낮게 평가합니다. 2024·2026 두 개 연도의 NCPMS 예찰자료만 사용한 상대 위험 전망으로, 기상·재배면적·방제 변화와 2027년 실제 발생을 확정하지 않습니다.",전망자료 부족
사과,부란병,병해,전남광주통합특별시,0,0,1,유지,보통,11,2024·2026,"기준선 비교: 2026 유지 0.0점, 2024·2026 가중평균 0.0점, 선택 모델(완화 추세+표본 축소) 1.4점. 지역 변화 +0.0점을 표본가중치 0.48로 같은 병해충·작물의 지역 중앙 변화 +7.6점 방향에 축소하고, 1년 연장 변화는 ±20점으로 제한했습니다. 양년 자료 있음, 공통 조사단위 2개, 유효 관측 11건, 결측률 0.0%, 단위별 변화 변동성 0.0점. 비교는 가능하지만 표본 또는 변동성에 불확실성이 남습니다. 2024·2026 두 개 연도의 NCPMS 예찰자료만 사용한 상대 위험 전망으로, 기상·재배면적·방제 변화와 2027년 실제 발생을 확정하지 않습니다.",관찰
사과,부란병,병해,전북특별자치도,91,56,51,감소,보통,12,2024·2026,"기준선 비교: 2026 유지 55.7점, 2024·2026 가중평균 68.0점, 선택 모델(완화 추세+표본 축소) 50.8점. 지역 변화 -35.2점을 표본가중치 0.50로 같은 병해충·작물의 지역 중앙 변화 +7.6점 방향에 축소하고, 1년 연장 변화는 ±20점으로 제한했습니다. 양년 자료 있음, 공통 조사단위 3개, 유효 관측 12건, 결측률 0.0%, 단위별 변화 변동성 15.4점. 비교는 가능하지만 표본 또는 변동성에 불확실성이 남습니다. 2024·2026 두 개 연도의 NCPMS 예찰자료만 사용한 상대 위험 전망으로, 기상·재배면적·방제 변화와 2027년 실제 발생을 확정하지 않습니다.",주의
사과,부란병,병해,충청남도,1,10,13,유지,보통,12,2024·2026,"기준선 비교: 2026 유지 10.1점, 2024·2026 가중평균 6.8점, 선택 모델(완화 추세+표본 축소) 13.1점. 지역 변화 +9.6점을 표본가중치 0.50로 같은 병해충·작물의 지역 중앙 변화 +7.6점 방향에 축소하고, 1년 연장 변화는 ±20점으로 제한했습니다. 양년 자료 있음, 공통 조사단위 3개, 유효 관측 12건, 결측률 0.0%, 단위별 변화 변동성 19.6점. 비교는 가능하지만 표본 또는 변동성에 불확실성이 남습니다. 2024·2026 두 개 연도의 NCPMS 예찰자료만 사용한 상대 위험 전망으로, 기상·재배면적·방제 변화와 2027년 실제 발생을 확정하지 않습니다.",관찰
사과,부란병,병해,충청북도,10,44,52,증가,보통,12,2024·2026,"기준선 비교: 2026 유지 44.3점, 2024·2026 가중평균 32.2점, 선택 모델(완화 추세+표본 축소) 51.7점. 지역 변화 +34.7점을 표본가중치 0.50로 같은 병해충·작물의 지역 중앙 변화 +7.6점 방향에 축소하고, 1년 연장 변화는 ±20점으로 제한했습니다. 양년 자료 있음, 공통 조사단위 3개, 유효 관측 12건, 결측률 0.0%, 단위별 변화 변동성 32.6점. 비교는 가능하지만 표본 또는 변동성에 불확실성이 남습니다. 2024·2026 두 개 연도의 NCPMS 예찰자료만 사용한 상대 위험 전망으로, 기상·재배면적·방제 변화와 2027년 실제 발생을 확정하지 않습니다.",주의
보리,붉은곰팡이병,병해,경상남도,,7,,전망자료 부족,낮음,6,2026,"양년 자료 없음, 공통 조사단위 0개, 유효 관측 6건, 결측률 0.0%, 단위별 변화 변동성 100.0점. 제한된 비교 단위 또는 변동성 때문에 보수적으로 낮게 평가합니다. 2024·2026 두 개 연도의 NCPMS 예찰자료만 사용한 상대 위험 전망으로, 기상·재배면적·방제 변화와 2027년 실제 발생을 확정하지 않습니다.",전망자료 부족
보리,붉은곰팡이병,병해,경상북도,,0,,전망자료 부족,낮음,6,2026,"양년 자료 없음, 공통 조사단위 0개, 유효 관측 6건, 결측률 0.0%, 단위별 변화 변동성 100.0점. 제한된 비교 단위 또는 변동성 때문에 보수적으로 낮게 평가합니다. 2024·2026 두 개 연도의 NCPMS 예찰자료만 사용한 상대 위험 전망으로, 기상·재배면적·방제 변화와 2027년 실제 발생을 확정하지 않습니다.",전망자료 부족
보리,붉은곰팡이병,병해,전남광주통합특별시,,43,,전망자료 부족,낮음,6,2026,"양년 자료 없음, 공통 조사단위 0개, 유효 관측 6건, 결측률 0.0%, 단위별 변화 변동성 100.0점. 제한된 비교 단위 또는 변동성 때문에 보수적으로 낮게 평가합니다. 2024·2026 두 개 연도의 NCPMS 예찰자료만 사용한 상대 위험 전망으로, 기상·재배면적·방제 변화와 2027년 실제 발생을 확정하지 않습니다.",전망자료 부족
보리,붉은곰팡이병,병해,전북특별자치도,,26,,전망자료 부족,낮음,6,2026,"양년 자료 없음, 공통 조사단위 0개, 유효 관측 6건, 결측률 0.0%, 단위별 변화 변동성 100.0점. 제한된 비교 단위 또는 변동성 때문에 보수적으로 낮게 평가합니다. 2024·2026 두 개 연도의 NCPMS 예찰자료만 사용한 상대 위험 전망으로, 기상·재배면적·방제 변화와 2027년 실제 발생을 확정하지 않습니다.",전망자료 부족
보리,붉은곰팡이병,병해,충청남도,,0,,전망자료 부족,낮음,6,2026,"양년 자료 없음, 공통 조사단위 0개, 유효 관측 6건, 결측률 0.0%, 단위별 변화 변동성 100.0점. 제한된 비교 단위 또는 변동성 때문에 보수적으로 낮게 평가합니다. 2024·2026 두 개 연도의 NCPMS 예찰자료만 사용한 상대 위험 전망으로, 기상·재배면적·방제 변화와 2027년 실제 발생을 확정하지 않습니다.",전망자료 부족
보리,붉은곰팡이병,병해,충청북도,,0,,전망자료 부족,낮음,6,2026,"양년 자료 없음, 공통 조사단위 0개, 유효 관측 6건, 결측률 0.0%, 단위별 변화 변동성 100.0점. 제한된 비교 단위 또는 변동성 때문에 보수적으로 낮게 평가합니다. 2024·2026 두 개 연도의 NCPMS 예찰자료만 사용한 상대 위험 전망으로, 기상·재배면적·방제 변화와 2027년 실제 발생을 확정하지 않습니다.",전망자료 부족
배,붉은별무늬병,병해,강원특별자치도,5,0,0,유지,낮음,10,2024·2026,"기준선 비교: 2026 유지 0.0점, 2024·2026 가중평균 1.8점, 선택 모델(완화 추세+표본 축소) 0.0점. 지역 변화 -5.0점을 표본가중치 0.45로 같은 병해충·작물의 지역 중앙 변화 +0.0점 방향에 축소하고, 1년 연장 변화는 ±20점으로 제한했습니다. 양년 자료 있음, 공통 조사단위 1개, 유효 관측 10건, 결측률 0.0%, 단위별 변화 변동성 0.0점. 제한된 비교 단위 또는 변동성 때문에 보수적으로 낮게 평가합니다. 2024·2026 두 개 연도의 NCPMS 예찰자료만 사용한 상대 위험 전망으로, 기상·재배면적·방제 변화와 2027년 실제 발생을 확정하지 않습니다.",관찰
배,붉은별무늬병,병해,경기도,13,8,7,유지,보통,15,2024·2026,"기준선 비교: 2026 유지 8.2점, 2024·2026 가중평균 9.7점, 선택 모델(완화 추세+표본 축소) 7.4점. 지역 변화 -4.3점을 표본가중치 0.56로 같은 병해충·작물의 지역 중앙 변화 +0.0점 방향에 축소하고, 1년 연장 변화는 ±20점으로 제한했습니다. 양년 자료 있음, 공통 조사단위 4개, 유효 관측 15건, 결측률 0.0%, 단위별 변화 변동성 11.2점. 비교는 가능하지만 표본 또는 변동성에 불확실성이 남습니다. 2024·2026 두 개 연도의 NCPMS 예찰자료만 사용한 상대 위험 전망으로, 기상·재배면적·방제 변화와 2027년 실제 발생을 확정하지 않습니다.",관찰
배,붉은별무늬병,병해,경상남도,29,64,71,증가,보통,15,2024·2026,"기준선 비교: 2026 유지 64.2점, 2024·2026 가중평균 51.8점, 선택 모델(완화 추세+표본 축소) 71.1점. 지역 변화 +35.4점을 표본가중치 0.56로 같은 병해충·작물의 지역 중앙 변화 +0.0점 방향에 축소하고, 1년 연장 변화는 ±20점으로 제한했습니다. 양년 자료 있음, 공통 조사단위 4개, 유효 관측 15건, 결측률 0.0%, 단위별 변화 변동성 19.6점. 비교는 가능하지만 표본 또는 변동성에 불확실성이 남습니다. 2024·2026 두 개 연도의 NCPMS 예찰자료만 사용한 상대 위험 전망으로, 기상·재배면적·방제 변화와 2027년 실제 발생을 확정하지 않습니다.",고위험
배,붉은별무늬병,병해,경상북도,100,0,0,유지,보통,15,2024·2026,"기준선 비교: 2026 유지 0.2점, 2024·2026 가중평균 35.1점, 선택 모델(완화 추세+표본 축소) 0.0점. 지역 변화 -99.8점을 표본가중치 0.56로 같은 병해충·작물의 지역 중앙 변화 +0.0점 방향에 축소하고, 1년 연장 변화는 ±20점으로 제한했습니다. 양년 자료 있음, 공통 조사단위 4개, 유효 관측 15건, 결측률 0.0%, 단위별 변화 변동성 0.0점. 비교는 가능하지만 표본 또는 변동성에 불확실성이 남습니다. 2024·2026 두 개 연도의 NCPMS 예찰자료만 사용한 상대 위험 전망으로, 기상·재배면적·방제 변화와 2027년 실제 발생을 확정하지 않습니다.",관찰
배,붉은별무늬병,병해,세종특별자치시,0,0,0,유지,보통,14,2024·2026,"기준선 비교: 2026 유지 0.0점, 2024·2026 가중평균 0.0점, 선택 모델(완화 추세+표본 축소) 0.0점. 지역 변화 +0.0점을 표본가중치 0.54로 같은 병해충·작물의 지역 중앙 변화 +0.0점 방향에 축소하고, 1년 연장 변화는 ±20점으로 제한했습니다. 양년 자료 있음, 공통 조사단위 4개, 유효 관측 14건, 결측률 0.0%, 단위별 변화 변동성 0.0점. 비교는 가능하지만 표본 또는 변동성에 불확실성이 남습니다. 2024·2026 두 개 연도의 NCPMS 예찰자료만 사용한 상대 위험 전망으로, 기상·재배면적·방제 변화와 2027년 실제 발생을 확정하지 않습니다.",관찰
배,붉은별무늬병,병해,울산광역시,6,18,20,유지,보통,14,2024·2026,"기준선 비교: 2026 유지 18.1점, 2024·2026 가중평균 13.9점, 선택 모델(완화 추세+표본 축소) 20.4점. 지역 변화 +12.0점을 표본가중치 0.54로 같은 병해충·작물의 지역 중앙 변화 +0.0점 방향에 축소하고, 1년 연장 변화는 ±20점으로 제한했습니다. 양년 자료 있음, 공통 조사단위 4개, 유효 관측 14건, 결측률 0.0%, 단위별 변화 변동성 16.0점. 비교는 가능하지만 표본 또는 변동성에 불확실성이 남습니다. 2024·2026 두 개 연도의 NCPMS 예찰자료만 사용한 상대 위험 전망으로, 기상·재배면적·방제 변화와 2027년 실제 발생을 확정하지 않습니다.",관찰
배,붉은별무늬병,병해,전남광주통합특별시,0,66,79,증가,보통,15,2024·2026,"기준선 비교: 2026 유지 66.1점, 2024·2026 가중평균 42.9점, 선택 모델(완화 추세+표본 축소) 78.9점. 지역 변화 +66.1점을 표본가중치 0.56로 같은 병해충·작물의 지역 중앙 변화 +0.0점 방향에 축소하고, 1년 연장 변화는 ±20점으로 제한했습니다. 양년 자료 있음, 공통 조사단위 4개, 유효 관측 15건, 결측률 0.0%, 단위별 변화 변동성 10.1점. 비교는 가능하지만 표본 또는 변동성에 불확실성이 남습니다. 2024·2026 두 개 연도의 NCPMS 예찰자료만 사용한 상대 위험 전망으로, 기상·재배면적·방제 변화와 2027년 실제 발생을 확정하지 않습니다.",고위험
배,붉은별무늬병,병해,전북특별자치도,,14,,전망자료 부족,낮음,7,2026,"양년 자료 없음, 공통 조사단위 0개, 유효 관측 7건, 결측률 0.0%, 단위별 변화 변동성 100.0점. 제한된 비교 단위 또는 변동성 때문에 보수적으로 낮게 평가합니다. 2024·2026 두 개 연도의 NCPMS 예찰자료만 사용한 상대 위험 전망으로, 기상·재배면적·방제 변화와 2027년 실제 발생을 확정하지 않습니다.",전망자료 부족
배,붉은별무늬병,병해,충청남도,0,13,16,유지,보통,15,2024·2026,"기준선 비교: 2026 유지 13.3점, 2024·2026 가중평균 8.8점, 선택 모델(완화 추세+표본 축소) 15.9점. 지역 변화 +13.1점을 표본가중치 0.56로 같은 병해충·작물의 지역 중앙 변화 +0.0점 방향에 축소하고, 1년 연장 변화는 ±20점으로 제한했습니다. 양년 자료 있음, 공통 조사단위 4개, 유효 관측 15건, 결측률 0.0%, 단위별 변화 변동성 6.5점. 비교는 가능하지만 표본 또는 변동성에 불확실성이 남습니다. 2024·2026 두 개 연도의 NCPMS 예찰자료만 사용한 상대 위험 전망으로, 기상·재배면적·방제 변화와 2027년 실제 발생을 확정하지 않습니다.",관찰
배,붉은별무늬병,병해,충청북도,4,0,0,유지,보통,15,2024·2026,"기준선 비교: 2026 유지 0.0점, 2024·2026 가중평균 1.5점, 선택 모델(완화 추세+표본 축소) 0.0점. 지역 변화 -4.3점을 표본가중치 0.56로 같은 병해충·작물의 지역 중앙 변화 +0.0점 방향에 축소하고, 1년 연장 변화는 ±20점으로 제한했습니다. 양년 자료 있음, 공통 조사단위 4개, 유효 관측 15건, 결측률 0.0%, 단위별 변화 변동성 5.8점. 비교는 가능하지만 표본 또는 변동성에 불확실성이 남습니다. 2024·2026 두 개 연도의 NCPMS 예찰자료만 사용한 상대 위험 전망으로, 기상·재배면적·방제 변화와 2027년 실제 발생을 확정하지 않습니다.",관찰
사과,붉은별무늬병,병해,강원특별자치도,0,61,71,증가,보통,9,2024·2026,"기준선 비교: 2026 유지 61.4점, 2024·2026 가중평균 39.9점, 선택 모델(완화 추세+표본 축소) 70.6점. 지역 변화 +61.4점을 표본가중치 0.43로 같은 병해충·작물의 지역 중앙 변화 +0.0점 방향에 축소하고, 1년 연장 변화는 ±20점으로 제한했습니다. 양년 자료 있음, 공통 조사단위 3개, 유효 관측 9건, 결측률 0.0%, 단위별 변화 변동성 15.0점. 비교는 가능하지만 표본 또는 변동성에 불확실성이 남습니다. 2024·2026 두 개 연도의 NCPMS 예찰자료만 사용한 상대 위험 전망으로, 기상·재배면적·방제 변화와 2027년 실제 발생을 확정하지 않습니다.",고위험
사과,붉은별무늬병,병해,경기도,0,0,0,유지,보통,9,2024·2026,"기준선 비교: 2026 유지 0.0점, 2024·2026 가중평균 0.0점, 선택 모델(완화 추세+표본 축소) 0.0점. 지역 변화 +0.0점을 표본가중치 0.43로 같은 병해충·작물의 지역 중앙 변화 +0.0점 방향에 축소하고, 1년 연장 변화는 ±20점으로 제한했습니다. 양년 자료 있음, 공통 조사단위 3개, 유효 관측 9건, 결측률 0.0%, 단위별 변화 변동성 0.0점. 비교는 가능하지만 표본 또는 변동성에 불확실성이 남습니다. 2024·2026 두 개 연도의 NCPMS 예찰자료만 사용한 상대 위험 전망으로, 기상·재배면적·방제 변화와 2027년 실제 발생을 확정하지 않습니다.",관찰
사과,붉은별무늬병,병해,경상남도,0,0,0,유지,보통,9,2024·2026,"기준선 비교: 2026 유지 0.0점, 2024·2026 가중평균 0.0점, 선택 모델(완화 추세+표본 축소) 0.0점. 지역 변화 +0.0점을 표본가중치 0.43로 같은 병해충·작물의 지역 중앙 변화 +0.0점 방향에 축소하고, 1년 연장 변화는 ±20점으로 제한했습니다. 양년 자료 있음, 공통 조사단위 3개, 유효 관측 9건, 결측률 0.0%, 단위별 변화 변동성 0.0점. 비교는 가능하지만 표본 또는 변동성에 불확실성이 남습니다. 2024·2026 두 개 연도의 NCPMS 예찰자료만 사용한 상대 위험 전망으로, 기상·재배면적·방제 변화와 2027년 실제 발생을 확정하지 않습니다.",관찰
사과,붉은별무늬병,병해,경상북도,0,0,0,유지,보통,9,2024·2026,"기준선 비교: 2026 유지 0.0점, 2024·2026 가중평균 0.0점, 선택 모델(완화 추세+표본 축소) 0.0점. 지역 변화 +0.0점을 표본가중치 0.43로 같은 병해충·작물의 지역 중앙 변화 +0.0점 방향에 축소하고, 1년 연장 변화는 ±20점으로 제한했습니다. 양년 자료 있음, 공통 조사단위 3개, 유효 관측 9건, 결측률 0.0%, 단위별 변화 변동성 0.0점. 비교는 가능하지만 표본 또는 변동성에 불확실성이 남습니다. 2024·2026 두 개 연도의 NCPMS 예찰자료만 사용한 상대 위험 전망으로, 기상·재배면적·방제 변화와 2027년 실제 발생을 확정하지 않습니다.",관찰
사과,붉은별무늬병,병해,대구광역시,0,,,전망자료 부족,낮음,3,2024,"양년 자료 없음, 공통 조사단위 0개, 유효 관측 3건, 결측률 0.0%, 단위별 변화 변동성 100.0점. 제한된 비교 단위 또는 변동성 때문에 보수적으로 낮게 평가합니다. 2024·2026 두 개 연도의 NCPMS 예찰자료만 사용한 상대 위험 전망으로, 기상·재배면적·방제 변화와 2027년 실제 발생을 확정하지 않습니다.",전망자료 부족
사과,붉은별무늬병,병해,전남광주통합특별시,0,0,0,유지,보통,8,2024·2026,"기준선 비교: 2026 유지 0.0점, 2024·2026 가중평균 0.0점, 선택 모델(완화 추세+표본 축소) 0.0점. 지역 변화 +0.0점을 표본가중치 0.40로 같은 병해충·작물의 지역 중앙 변화 +0.0점 방향에 축소하고, 1년 연장 변화는 ±20점으로 제한했습니다. 양년 자료 있음, 공통 조사단위 2개, 유효 관측 8건, 결측률 0.0%, 단위별 변화 변동성 0.0점. 비교는 가능하지만 표본 또는 변동성에 불확실성이 남습니다. 2024·2026 두 개 연도의 NCPMS 예찰자료만 사용한 상대 위험 전망으로, 기상·재배면적·방제 변화와 2027년 실제 발생을 확정하지 않습니다.",관찰
사과,붉은별무늬병,병해,전북특별자치도,75,0,0,유지,보통,9,2024·2026,"기준선 비교: 2026 유지 0.0점, 2024·2026 가중평균 26.2점, 선택 모델(완화 추세+표본 축소) 0.0점. 지역 변화 -74.9점을 표본가중치 0.43로 같은 병해충·작물의 지역 중앙 변화 +0.0점 방향에 축소하고, 1년 연장 변화는 ±20점으로 제한했습니다. 양년 자료 있음, 공통 조사단위 3개, 유효 관측 9건, 결측률 0.0%, 단위별 변화 변동성 35.5점. 비교는 가능하지만 표본 또는 변동성에 불확실성이 남습니다. 2024·2026 두 개 연도의 NCPMS 예찰자료만 사용한 상대 위험 전망으로, 기상·재배면적·방제 변화와 2027년 실제 발생을 확정하지 않습니다.",관찰
사과,붉은별무늬병,병해,충청남도,0,0,0,유지,보통,9,2024·2026,"기준선 비교: 2026 유지 0.0점, 2024·2026 가중평균 0.0점, 선택 모델(완화 추세+표본 축소) 0.0점. 지역 변화 +0.0점을 표본가중치 0.43로 같은 병해충·작물의 지역 중앙 변화 +0.0점 방향에 축소하고, 1년 연장 변화는 ±20점으로 제한했습니다. 양년 자료 있음, 공통 조사단위 3개, 유효 관측 9건, 결측률 0.0%, 단위별 변화 변동성 0.0점. 비교는 가능하지만 표본 또는 변동성에 불확실성이 남습니다. 2024·2026 두 개 연도의 NCPMS 예찰자료만 사용한 상대 위험 전망으로, 기상·재배면적·방제 변화와 2027년 실제 발생을 확정하지 않습니다.",관찰
사과,붉은별무늬병,병해,충청북도,0,0,0,유지,보통,9,2024·2026,"기준선 비교: 2026 유지 0.0점, 2024·2026 가중평균 0.0점, 선택 모델(완화 추세+표본 축소) 0.0점. 지역 변화 +0.0점을 표본가중치 0.43로 같은 병해충·작물의 지역 중앙 변화 +0.0점 방향에 축소하고, 1년 연장 변화는 ±20점으로 제한했습니다. 양년 자료 있음, 공통 조사단위 3개, 유효 관측 9건, 결측률 0.0%, 단위별 변화 변동성 0.0점. 비교는 가능하지만 표본 또는 변동성에 불확실성이 남습니다. 2024·2026 두 개 연도의 NCPMS 예찰자료만 사용한 상대 위험 전망으로, 기상·재배면적·방제 변화와 2027년 실제 발생을 확정하지 않습니다.",관찰
사과,사과굴나방,해충,강원특별자치도,13,0,0,유지,보통,12,2024·2026,"기준선 비교: 2026 유지 0.2점, 2024·2026 가중평균 4.8점, 선택 모델(완화 추세+표본 축소) 0.0점. 지역 변화 -13.3점을 표본가중치 0.50로 같은 병해충·작물의 지역 중앙 변화 +0.0점 방향에 축소하고, 1년 연장 변화는 ±20점으로 제한했습니다. 양년 자료 있음, 공통 조사단위 3개, 유효 관측 12건, 결측률 0.0%, 단위별 변화 변동성 19.0점. 비교는 가능하지만 표본 또는 변동성에 불확실성이 남습니다. 2024·2026 두 개 연도의 NCPMS 예찰자료만 사용한 상대 위험 전망으로, 기상·재배면적·방제 변화와 2027년 실제 발생을 확정하지 않습니다.",관찰
사과,사과굴나방,해충,경기도,2,12,13,유지,보통,12,2024·2026,"기준선 비교: 2026 유지 11.6점, 2024·2026 가중평균 8.1점, 선택 모델(완화 추세+표본 축소) 13.3점. 지역 변화 +9.8점을 표본가중치 0.50로 같은 병해충·작물의 지역 중앙 변화 +0.0점 방향에 축소하고, 1년 연장 변화는 ±20점으로 제한했습니다. 양년 자료 있음, 공통 조사단위 3개, 유효 관측 12건, 결측률 0.0%, 단위별 변화 변동성 8.3점. 비교는 가능하지만 표본 또는 변동성에 불확실성이 남습니다. 2024·2026 두 개 연도의 NCPMS 예찰자료만 사용한 상대 위험 전망으로, 기상·재배면적·방제 변화와 2027년 실제 발생을 확정하지 않습니다.",관찰
사과,사과굴나방,해충,경상남도,0,0,0,유지,보통,12,2024·2026,"기준선 비교: 2026 유지 0.0점, 2024·2026 가중평균 0.0점, 선택 모델(완화 추세+표본 축소) 0.0점. 지역 변화 +0.0점을 표본가중치 0.50로 같은 병해충·작물의 지역 중앙 변화 +0.0점 방향에 축소하고, 1년 연장 변화는 ±20점으로 제한했습니다. 양년 자료 있음, 공통 조사단위 3개, 유효 관측 12건, 결측률 0.0%, 단위별 변화 변동성 0.0점. 비교는 가능하지만 표본 또는 변동성에 불확실성이 남습니다. 2024·2026 두 개 연도의 NCPMS 예찰자료만 사용한 상대 위험 전망으로, 기상·재배면적·방제 변화와 2027년 실제 발생을 확정하지 않습니다.",관찰
사과,사과굴나방,해충,경상북도,49,71,75,유지,보통,12,2024·2026,"기준선 비교: 2026 유지 71.1점, 2024·2026 가중평균 63.3점, 선택 모델(완화 추세+표본 축소) 75.1점. 지역 변화 +22.4점을 표본가중치 0.50로 같은 병해충·작물의 지역 중앙 변화 +0.0점 방향에 축소하고, 1년 연장 변화는 ±20점으로 제한했습니다. 양년 자료 있음, 공통 조사단위 3개, 유효 관측 12건, 결측률 0.0%, 단위별 변화 변동성 36.0점. 비교는 가능하지만 표본 또는 변동성에 불확실성이 남습니다. 2024·2026 두 개 연도의 NCPMS 예찰자료만 사용한 상대 위험 전망으로, 기상·재배면적·방제 변화와 2027년 실제 발생을 확정하지 않습니다.",고위험
사과,사과굴나방,해충,대구광역시,0,,,전망자료 부족,낮음,6,2024,"양년 자료 없음, 공통 조사단위 0개, 유효 관측 6건, 결측률 0.0%, 단위별 변화 변동성 100.0점. 제한된 비교 단위 또는 변동성 때문에 보수적으로 낮게 평가합니다. 2024·2026 두 개 연도의 NCPMS 예찰자료만 사용한 상대 위험 전망으로, 기상·재배면적·방제 변화와 2027년 실제 발생을 확정하지 않습니다.",전망자료 부족
사과,사과굴나방,해충,전남광주통합특별시,0,0,0,유지,보통,11,2024·2026,"기준선 비교: 2026 유지 0.0점, 2024·2026 가중평균 0.0점, 선택 모델(완화 추세+표본 축소) 0.0점. 지역 변화 +0.0점을 표본가중치 0.48로 같은 병해충·작물의 지역 중앙 변화 +0.0점 방향에 축소하고, 1년 연장 변화는 ±20점으로 제한했습니다. 양년 자료 있음, 공통 조사단위 2개, 유효 관측 11건, 결측률 0.0%, 단위별 변화 변동성 0.0점. 비교는 가능하지만 표본 또는 변동성에 불확실성이 남습니다. 2024·2026 두 개 연도의 NCPMS 예찰자료만 사용한 상대 위험 전망으로, 기상·재배면적·방제 변화와 2027년 실제 발생을 확정하지 않습니다.",관찰
사과,사과굴나방,해충,전북특별자치도,63,65,65,유지,낮음,12,2024·2026,"기준선 비교: 2026 유지 65.0점, 2024·2026 가중평균 64.4점, 선택 모델(완화 추세+표본 축소) 65.4점. 지역 변화 +1.9점을 표본가중치 0.50로 같은 병해충·작물의 지역 중앙 변화 +0.0점 방향에 축소하고, 1년 연장 변화는 ±20점으로 제한했습니다. 양년 자료 있음, 공통 조사단위 3개, 유효 관측 12건, 결측률 0.0%, 단위별 변화 변동성 51.5점. 제한된 비교 단위 또는 변동성 때문에 보수적으로 낮게 평가합니다. 2024·2026 두 개 연도의 NCPMS 예찰자료만 사용한 상대 위험 전망으로, 기상·재배면적·방제 변화와 2027년 실제 발생을 확정하지 않습니다.",주의
사과,사과굴나방,해충,충청남도,0,0,0,유지,보통,12,2024·2026,"기준선 비교: 2026 유지 0.0점, 2024·2026 가중평균 0.0점, 선택 모델(완화 추세+표본 축소) 0.0점. 지역 변화 +0.0점을 표본가중치 0.50로 같은 병해충·작물의 지역 중앙 변화 +0.0점 방향에 축소하고, 1년 연장 변화는 ±20점으로 제한했습니다. 양년 자료 있음, 공통 조사단위 3개, 유효 관측 12건, 결측률 0.0%, 단위별 변화 변동성 0.0점. 비교는 가능하지만 표본 또는 변동성에 불확실성이 남습니다. 2024·2026 두 개 연도의 NCPMS 예찰자료만 사용한 상대 위험 전망으로, 기상·재배면적·방제 변화와 2027년 실제 발생을 확정하지 않습니다.",관찰
사과,사과굴나방,해충,충청북도,23,1,0,유지,보통,12,2024·2026,"기준선 비교: 2026 유지 1.3점, 2024·2026 가중평균 8.9점, 선택 모델(완화 추세+표본 축소) 0.0점. 지역 변화 -21.7점을 표본가중치 0.50로 같은 병해충·작물의 지역 중앙 변화 +0.0점 방향에 축소하고, 1년 연장 변화는 ±20점으로 제한했습니다. 양년 자료 있음, 공통 조사단위 3개, 유효 관측 12건, 결측률 0.0%, 단위별 변화 변동성 2.3점. 비교는 가능하지만 표본 또는 변동성에 불확실성이 남습니다. 2024·2026 두 개 연도의 NCPMS 예찰자료만 사용한 상대 위험 전망으로, 기상·재배면적·방제 변화와 2027년 실제 발생을 확정하지 않습니다.",관찰
배,사과무늬잎말이나방,해충,강원특별자치도,59,0,0,유지,낮음,8,2024·2026,"기준선 비교: 2026 유지 0.0점, 2024·2026 가중평균 20.8점, 선택 모델(완화 추세+표본 축소) 0.0점. 지역 변화 -59.3점을 표본가중치 0.40로 같은 병해충·작물의 지역 중앙 변화 +0.0점 방향에 축소하고, 1년 연장 변화는 ±20점으로 제한했습니다. 양년 자료 있음, 공통 조사단위 1개, 유효 관측 8건, 결측률 0.0%, 단위별 변화 변동성 0.0점. 제한된 비교 단위 또는 변동성 때문에 보수적으로 낮게 평가합니다. 2024·2026 두 개 연도의 NCPMS 예찰자료만 사용한 상대 위험 전망으로, 기상·재배면적·방제 변화와 2027년 실제 발생을 확정하지 않습니다.",관찰
배,사과무늬잎말이나방,해충,경기도,8,41,47,증가,보통,11,2024·2026,"기준선 비교: 2026 유지 41.2점, 2024·2026 가중평균 29.5점, 선택 모델(완화 추세+표본 축소) 46.8점. 지역 변화 +33.5점을 표본가중치 0.48로 같은 병해충·작물의 지역 중앙 변화 +0.0점 방향에 축소하고, 1년 연장 변화는 ±20점으로 제한했습니다. 양년 자료 있음, 공통 조사단위 4개, 유효 관측 11건, 결측률 0.0%, 단위별 변화 변동성 29.6점. 비교는 가능하지만 표본 또는 변동성에 불확실성이 남습니다. 2024·2026 두 개 연도의 NCPMS 예찰자료만 사용한 상대 위험 전망으로, 기상·재배면적·방제 변화와 2027년 실제 발생을 확정하지 않습니다.",주의
배,사과무늬잎말이나방,해충,경상남도,3,6,7,유지,보통,11,2024·2026,"기준선 비교: 2026 유지 6.3점, 2024·2026 가중평균 5.2점, 선택 모델(완화 추세+표본 축소) 6.9점. 지역 변화 +3.2점을 표본가중치 0.48로 같은 병해충·작물의 지역 중앙 변화 +0.0점 방향에 축소하고, 1년 연장 변화는 ±20점으로 제한했습니다. 양년 자료 있음, 공통 조사단위 4개, 유효 관측 11건, 결측률 0.0%, 단위별 변화 변동성 13.8점. 비교는 가능하지만 표본 또는 변동성에 불확실성이 남습니다. 2024·2026 두 개 연도의 NCPMS 예찰자료만 사용한 상대 위험 전망으로, 기상·재배면적·방제 변화와 2027년 실제 발생을 확정하지 않습니다.",관찰
배,사과무늬잎말이나방,해충,경상북도,52,43,41,유지,낮음,11,2024·2026,"기준선 비교: 2026 유지 42.9점, 2024·2026 가중평균 46.2점, 선택 모델(완화 추세+표본 축소) 41.3점. 지역 변화 -9.4점을 표본가중치 0.48로 같은 병해충·작물의 지역 중앙 변화 +0.0점 방향에 축소하고, 1년 연장 변화는 ±20점으로 제한했습니다. 양년 자료 있음, 공통 조사단위 4개, 유효 관측 11건, 결측률 0.0%, 단위별 변화 변동성 64.3점. 제한된 비교 단위 또는 변동성 때문에 보수적으로 낮게 평가합니다. 2024·2026 두 개 연도의 NCPMS 예찰자료만 사용한 상대 위험 전망으로, 기상·재배면적·방제 변화와 2027년 실제 발생을 확정하지 않습니다.",주의
배,사과무늬잎말이나방,해충,세종특별자치시,0,0,0,유지,보통,10,2024·2026,"기준선 비교: 2026 유지 0.0점, 2024·2026 가중평균 0.0점, 선택 모델(완화 추세+표본 축소) 0.0점. 지역 변화 +0.0점을 표본가중치 0.45로 같은 병해충·작물의 지역 중앙 변화 +0.0점 방향에 축소하고, 1년 연장 변화는 ±20점으로 제한했습니다. 양년 자료 있음, 공통 조사단위 4개, 유효 관측 10건, 결측률 0.0%, 단위별 변화 변동성 0.0점. 비교는 가능하지만 표본 또는 변동성에 불확실성이 남습니다. 2024·2026 두 개 연도의 NCPMS 예찰자료만 사용한 상대 위험 전망으로, 기상·재배면적·방제 변화와 2027년 실제 발생을 확정하지 않습니다.",관찰
배,사과무늬잎말이나방,해충,울산광역시,0,0,0,유지,보통,10,2024·2026,"기준선 비교: 2026 유지 0.0점, 2024·2026 가중평균 0.0점, 선택 모델(완화 추세+표본 축소) 0.0점. 지역 변화 +0.0점을 표본가중치 0.45로 같은 병해충·작물의 지역 중앙 변화 +0.0점 방향에 축소하고, 1년 연장 변화는 ±20점으로 제한했습니다. 양년 자료 있음, 공통 조사단위 4개, 유효 관측 10건, 결측률 0.0%, 단위별 변화 변동성 0.0점. 비교는 가능하지만 표본 또는 변동성에 불확실성이 남습니다. 2024·2026 두 개 연도의 NCPMS 예찰자료만 사용한 상대 위험 전망으로, 기상·재배면적·방제 변화와 2027년 실제 발생을 확정하지 않습니다.",관찰
배,사과무늬잎말이나방,해충,전남광주통합특별시,0,0,0,유지,보통,11,2024·2026,"기준선 비교: 2026 유지 0.0점, 2024·2026 가중평균 0.0점, 선택 모델(완화 추세+표본 축소) 0.0점. 지역 변화 +0.0점을 표본가중치 0.48로 같은 병해충·작물의 지역 중앙 변화 +0.0점 방향에 축소하고, 1년 연장 변화는 ±20점으로 제한했습니다. 양년 자료 있음, 공통 조사단위 4개, 유효 관측 11건, 결측률 0.0%, 단위별 변화 변동성 0.0점. 비교는 가능하지만 표본 또는 변동성에 불확실성이 남습니다. 2024·2026 두 개 연도의 NCPMS 예찰자료만 사용한 상대 위험 전망으로, 기상·재배면적·방제 변화와 2027년 실제 발생을 확정하지 않습니다.",관찰
배,사과무늬잎말이나방,해충,전북특별자치도,,17,,전망자료 부족,낮음,7,2026,"양년 자료 없음, 공통 조사단위 0개, 유효 관측 7건, 결측률 0.0%, 단위별 변화 변동성 100.0점. 제한된 비교 단위 또는 변동성 때문에 보수적으로 낮게 평가합니다. 2024·2026 두 개 연도의 NCPMS 예찰자료만 사용한 상대 위험 전망으로, 기상·재배면적·방제 변화와 2027년 실제 발생을 확정하지 않습니다.",전망자료 부족
배,사과무늬잎말이나방,해충,충청남도,0,14,17,유지,보통,11,2024·2026,"기준선 비교: 2026 유지 14.3점, 2024·2026 가중평균 9.3점, 선택 모델(완화 추세+표본 축소) 16.7점. 지역 변화 +14.3점을 표본가중치 0.48로 같은 병해충·작물의 지역 중앙 변화 +0.0점 방향에 축소하고, 1년 연장 변화는 ±20점으로 제한했습니다. 양년 자료 있음, 공통 조사단위 4개, 유효 관측 11건, 결측률 0.0%, 단위별 변화 변동성 34.4점. 비교는 가능하지만 표본 또는 변동성에 불확실성이 남습니다. 2024·2026 두 개 연도의 NCPMS 예찰자료만 사용한 상대 위험 전망으로, 기상·재배면적·방제 변화와 2027년 실제 발생을 확정하지 않습니다.",관찰
배,사과무늬잎말이나방,해충,충청북도,0,0,0,유지,보통,11,2024·2026,"기준선 비교: 2026 유지 0.0점, 2024·2026 가중평균 0.0점, 선택 모델(완화 추세+표본 축소) 0.0점. 지역 변화 +0.0점을 표본가중치 0.48로 같은 병해충·작물의 지역 중앙 변화 +0.0점 방향에 축소하고, 1년 연장 변화는 ±20점으로 제한했습니다. 양년 자료 있음, 공통 조사단위 4개, 유효 관측 11건, 결측률 0.0%, 단위별 변화 변동성 0.0점. 비교는 가능하지만 표본 또는 변동성에 불확실성이 남습니다. 2024·2026 두 개 연도의 NCPMS 예찰자료만 사용한 상대 위험 전망으로, 기상·재배면적·방제 변화와 2027년 실제 발생을 확정하지 않습니다.",관찰
사과,사과무늬잎말이나방,해충,강원특별자치도,0,0,0,유지,보통,12,2024·2026,"기준선 비교: 2026 유지 0.0점, 2024·2026 가중평균 0.0점, 선택 모델(완화 추세+표본 축소) 0.0점. 지역 변화 +0.0점을 표본가중치 0.50로 같은 병해충·작물의 지역 중앙 변화 +0.0점 방향에 축소하고, 1년 연장 변화는 ±20점으로 제한했습니다. 양년 자료 있음, 공통 조사단위 3개, 유효 관측 12건, 결측률 0.0%, 단위별 변화 변동성 0.0점. 비교는 가능하지만 표본 또는 변동성에 불확실성이 남습니다. 2024·2026 두 개 연도의 NCPMS 예찰자료만 사용한 상대 위험 전망으로, 기상·재배면적·방제 변화와 2027년 실제 발생을 확정하지 않습니다.",관찰
사과,사과무늬잎말이나방,해충,경기도,23,19,18,유지,보통,12,2024·2026,"기준선 비교: 2026 유지 18.6점, 2024·2026 가중평균 20.2점, 선택 모델(완화 추세+표본 축소) 17.8점. 지역 변화 -4.5점을 표본가중치 0.50로 같은 병해충·작물의 지역 중앙 변화 +0.0점 방향에 축소하고, 1년 연장 변화는 ±20점으로 제한했습니다. 양년 자료 있음, 공통 조사단위 3개, 유효 관측 12건, 결측률 0.0%, 단위별 변화 변동성 35.9점. 비교는 가능하지만 표본 또는 변동성에 불확실성이 남습니다. 2024·2026 두 개 연도의 NCPMS 예찰자료만 사용한 상대 위험 전망으로, 기상·재배면적·방제 변화와 2027년 실제 발생을 확정하지 않습니다.",관찰
사과,사과무늬잎말이나방,해충,경상남도,0,0,0,유지,보통,12,2024·2026,"기준선 비교: 2026 유지 0.0점, 2024·2026 가중평균 0.0점, 선택 모델(완화 추세+표본 축소) 0.0점. 지역 변화 +0.0점을 표본가중치 0.50로 같은 병해충·작물의 지역 중앙 변화 +0.0점 방향에 축소하고, 1년 연장 변화는 ±20점으로 제한했습니다. 양년 자료 있음, 공통 조사단위 3개, 유효 관측 12건, 결측률 0.0%, 단위별 변화 변동성 0.0점. 비교는 가능하지만 표본 또는 변동성에 불확실성이 남습니다. 2024·2026 두 개 연도의 NCPMS 예찰자료만 사용한 상대 위험 전망으로, 기상·재배면적·방제 변화와 2027년 실제 발생을 확정하지 않습니다.",관찰
사과,사과무늬잎말이나방,해충,경상북도,64,59,58,유지,보통,12,2024·2026,"기준선 비교: 2026 유지 58.8점, 2024·2026 가중평균 60.7점, 선택 모델(완화 추세+표본 축소) 57.8점. 지역 변화 -5.5점을 표본가중치 0.50로 같은 병해충·작물의 지역 중앙 변화 +0.0점 방향에 축소하고, 1년 연장 변화는 ±20점으로 제한했습니다. 양년 자료 있음, 공통 조사단위 3개, 유효 관측 12건, 결측률 0.0%, 단위별 변화 변동성 38.3점. 비교는 가능하지만 표본 또는 변동성에 불확실성이 남습니다. 2024·2026 두 개 연도의 NCPMS 예찰자료만 사용한 상대 위험 전망으로, 기상·재배면적·방제 변화와 2027년 실제 발생을 확정하지 않습니다.",주의
사과,사과무늬잎말이나방,해충,대구광역시,17,,,전망자료 부족,낮음,6,2024,"양년 자료 없음, 공통 조사단위 0개, 유효 관측 6건, 결측률 0.0%, 단위별 변화 변동성 100.0점. 제한된 비교 단위 또는 변동성 때문에 보수적으로 낮게 평가합니다. 2024·2026 두 개 연도의 NCPMS 예찰자료만 사용한 상대 위험 전망으로, 기상·재배면적·방제 변화와 2027년 실제 발생을 확정하지 않습니다.",전망자료 부족
사과,사과무늬잎말이나방,해충,전남광주통합특별시,0,0,0,유지,보통,11,2024·2026,"기준선 비교: 2026 유지 0.0점, 2024·2026 가중평균 0.0점, 선택 모델(완화 추세+표본 축소) 0.0점. 지역 변화 +0.0점을 표본가중치 0.48로 같은 병해충·작물의 지역 중앙 변화 +0.0점 방향에 축소하고, 1년 연장 변화는 ±20점으로 제한했습니다. 양년 자료 있음, 공통 조사단위 2개, 유효 관측 11건, 결측률 0.0%, 단위별 변화 변동성 0.0점. 비교는 가능하지만 표본 또는 변동성에 불확실성이 남습니다. 2024·2026 두 개 연도의 NCPMS 예찰자료만 사용한 상대 위험 전망으로, 기상·재배면적·방제 변화와 2027년 실제 발생을 확정하지 않습니다.",관찰
사과,사과무늬잎말이나방,해충,전북특별자치도,1,0,0,유지,보통,12,2024·2026,"기준선 비교: 2026 유지 0.0점, 2024·2026 가중평균 0.2점, 선택 모델(완화 추세+표본 축소) 0.0점. 지역 변화 -0.6점을 표본가중치 0.50로 같은 병해충·작물의 지역 중앙 변화 +0.0점 방향에 축소하고, 1년 연장 변화는 ±20점으로 제한했습니다. 양년 자료 있음, 공통 조사단위 3개, 유효 관측 12건, 결측률 0.0%, 단위별 변화 변동성 0.8점. 비교는 가능하지만 표본 또는 변동성에 불확실성이 남습니다. 2024·2026 두 개 연도의 NCPMS 예찰자료만 사용한 상대 위험 전망으로, 기상·재배면적·방제 변화와 2027년 실제 발생을 확정하지 않습니다.",관찰
사과,사과무늬잎말이나방,해충,충청남도,0,0,0,유지,보통,12,2024·2026,"기준선 비교: 2026 유지 0.0점, 2024·2026 가중평균 0.0점, 선택 모델(완화 추세+표본 축소) 0.0점. 지역 변화 +0.0점을 표본가중치 0.50로 같은 병해충·작물의 지역 중앙 변화 +0.0점 방향에 축소하고, 1년 연장 변화는 ±20점으로 제한했습니다. 양년 자료 있음, 공통 조사단위 3개, 유효 관측 12건, 결측률 0.0%, 단위별 변화 변동성 0.0점. 비교는 가능하지만 표본 또는 변동성에 불확실성이 남습니다. 2024·2026 두 개 연도의 NCPMS 예찰자료만 사용한 상대 위험 전망으로, 기상·재배면적·방제 변화와 2027년 실제 발생을 확정하지 않습니다.",관찰
사과,사과무늬잎말이나방,해충,충청북도,8,47,53,증가,보통,12,2024·2026,"기준선 비교: 2026 유지 46.6점, 2024·2026 가중평균 33.2점, 선택 모델(완화 추세+표본 축소) 53.2점. 지역 변화 +38.2점을 표본가중치 0.50로 같은 병해충·작물의 지역 중앙 변화 +0.0점 방향에 축소하고, 1년 연장 변화는 ±20점으로 제한했습니다. 양년 자료 있음, 공통 조사단위 3개, 유효 관측 12건, 결측률 0.0%, 단위별 변화 변동성 35.6점. 비교는 가능하지만 표본 또는 변동성에 불확실성이 남습니다. 2024·2026 두 개 연도의 NCPMS 예찰자료만 사용한 상대 위험 전망으로, 기상·재배면적·방제 변화와 2027년 실제 발생을 확정하지 않습니다.",주의
배,사과애모무늬잎말이나방,해충,강원특별자치도,73,0,0,유지,낮음,8,2024·2026,"기준선 비교: 2026 유지 0.0점, 2024·2026 가중평균 25.5점, 선택 모델(완화 추세+표본 축소) 0.0점. 지역 변화 -73.0점을 표본가중치 0.40로 같은 병해충·작물의 지역 중앙 변화 +0.0점 방향에 축소하고, 1년 연장 변화는 ±20점으로 제한했습니다. 양년 자료 있음, 공통 조사단위 1개, 유효 관측 8건, 결측률 0.0%, 단위별 변화 변동성 0.0점. 제한된 비교 단위 또는 변동성 때문에 보수적으로 낮게 평가합니다. 2024·2026 두 개 연도의 NCPMS 예찰자료만 사용한 상대 위험 전망으로, 기상·재배면적·방제 변화와 2027년 실제 발생을 확정하지 않습니다.",관찰
배,사과애모무늬잎말이나방,해충,경기도,34,0,0,유지,보통,11,2024·2026,"기준선 비교: 2026 유지 0.0점, 2024·2026 가중평균 11.8점, 선택 모델(완화 추세+표본 축소) 0.0점. 지역 변화 -33.7점을 표본가중치 0.48로 같은 병해충·작물의 지역 중앙 변화 +0.0점 방향에 축소하고, 1년 연장 변화는 ±20점으로 제한했습니다. 양년 자료 있음, 공통 조사단위 4개, 유효 관측 11건, 결측률 0.0%, 단위별 변화 변동성 35.6점. 비교는 가능하지만 표본 또는 변동성에 불확실성이 남습니다. 2024·2026 두 개 연도의 NCPMS 예찰자료만 사용한 상대 위험 전망으로, 기상·재배면적·방제 변화와 2027년 실제 발생을 확정하지 않습니다.",관찰
배,사과애모무늬잎말이나방,해충,경상남도,0,0,0,유지,보통,11,2024·2026,"기준선 비교: 2026 유지 0.0점, 2024·2026 가중평균 0.0점, 선택 모델(완화 추세+표본 축소) 0.0점. 지역 변화 +0.0점을 표본가중치 0.48로 같은 병해충·작물의 지역 중앙 변화 +0.0점 방향에 축소하고, 1년 연장 변화는 ±20점으로 제한했습니다. 양년 자료 있음, 공통 조사단위 4개, 유효 관측 11건, 결측률 0.0%, 단위별 변화 변동성 0.0점. 비교는 가능하지만 표본 또는 변동성에 불확실성이 남습니다. 2024·2026 두 개 연도의 NCPMS 예찰자료만 사용한 상대 위험 전망으로, 기상·재배면적·방제 변화와 2027년 실제 발생을 확정하지 않습니다.",관찰
배,사과애모무늬잎말이나방,해충,경상북도,71,69,68,유지,낮음,11,2024·2026,"기준선 비교: 2026 유지 68.7점, 2024·2026 가중평균 69.5점, 선택 모델(완화 추세+표본 축소) 68.3점. 지역 변화 -2.3점을 표본가중치 0.48로 같은 병해충·작물의 지역 중앙 변화 +0.0점 방향에 축소하고, 1년 연장 변화는 ±20점으로 제한했습니다. 양년 자료 있음, 공통 조사단위 4개, 유효 관측 11건, 결측률 0.0%, 단위별 변화 변동성 41.1점. 제한된 비교 단위 또는 변동성 때문에 보수적으로 낮게 평가합니다. 2024·2026 두 개 연도의 NCPMS 예찰자료만 사용한 상대 위험 전망으로, 기상·재배면적·방제 변화와 2027년 실제 발생을 확정하지 않습니다.",고위험
배,사과애모무늬잎말이나방,해충,세종특별자치시,0,0,0,유지,보통,10,2024·2026,"기준선 비교: 2026 유지 0.0점, 2024·2026 가중평균 0.0점, 선택 모델(완화 추세+표본 축소) 0.0점. 지역 변화 +0.0점을 표본가중치 0.45로 같은 병해충·작물의 지역 중앙 변화 +0.0점 방향에 축소하고, 1년 연장 변화는 ±20점으로 제한했습니다. 양년 자료 있음, 공통 조사단위 4개, 유효 관측 10건, 결측률 0.0%, 단위별 변화 변동성 0.0점. 비교는 가능하지만 표본 또는 변동성에 불확실성이 남습니다. 2024·2026 두 개 연도의 NCPMS 예찰자료만 사용한 상대 위험 전망으로, 기상·재배면적·방제 변화와 2027년 실제 발생을 확정하지 않습니다.",관찰
배,사과애모무늬잎말이나방,해충,울산광역시,0,0,0,유지,보통,10,2024·2026,"기준선 비교: 2026 유지 0.0점, 2024·2026 가중평균 0.0점, 선택 모델(완화 추세+표본 축소) 0.0점. 지역 변화 +0.0점을 표본가중치 0.45로 같은 병해충·작물의 지역 중앙 변화 +0.0점 방향에 축소하고, 1년 연장 변화는 ±20점으로 제한했습니다. 양년 자료 있음, 공통 조사단위 4개, 유효 관측 10건, 결측률 0.0%, 단위별 변화 변동성 0.0점. 비교는 가능하지만 표본 또는 변동성에 불확실성이 남습니다. 2024·2026 두 개 연도의 NCPMS 예찰자료만 사용한 상대 위험 전망으로, 기상·재배면적·방제 변화와 2027년 실제 발생을 확정하지 않습니다.",관찰
배,사과애모무늬잎말이나방,해충,전남광주통합특별시,0,0,0,유지,보통,11,2024·2026,"기준선 비교: 2026 유지 0.0점, 2024·2026 가중평균 0.0점, 선택 모델(완화 추세+표본 축소) 0.0점. 지역 변화 +0.0점을 표본가중치 0.48로 같은 병해충·작물의 지역 중앙 변화 +0.0점 방향에 축소하고, 1년 연장 변화는 ±20점으로 제한했습니다. 양년 자료 있음, 공통 조사단위 4개, 유효 관측 11건, 결측률 0.0%, 단위별 변화 변동성 0.0점. 비교는 가능하지만 표본 또는 변동성에 불확실성이 남습니다. 2024·2026 두 개 연도의 NCPMS 예찰자료만 사용한 상대 위험 전망으로, 기상·재배면적·방제 변화와 2027년 실제 발생을 확정하지 않습니다.",관찰
배,사과애모무늬잎말이나방,해충,전북특별자치도,,14,,전망자료 부족,낮음,7,2026,"양년 자료 없음, 공통 조사단위 0개, 유효 관측 7건, 결측률 0.0%, 단위별 변화 변동성 100.0점. 제한된 비교 단위 또는 변동성 때문에 보수적으로 낮게 평가합니다. 2024·2026 두 개 연도의 NCPMS 예찰자료만 사용한 상대 위험 전망으로, 기상·재배면적·방제 변화와 2027년 실제 발생을 확정하지 않습니다.",전망자료 부족
배,사과애모무늬잎말이나방,해충,충청남도,19,8,7,유지,보통,11,2024·2026,"기준선 비교: 2026 유지 8.5점, 2024·2026 가중평균 12.2점, 선택 모델(완화 추세+표본 축소) 6.7점. 지역 변화 -10.6점을 표본가중치 0.48로 같은 병해충·작물의 지역 중앙 변화 +0.0점 방향에 축소하고, 1년 연장 변화는 ±20점으로 제한했습니다. 양년 자료 있음, 공통 조사단위 4개, 유효 관측 11건, 결측률 0.0%, 단위별 변화 변동성 29.3점. 비교는 가능하지만 표본 또는 변동성에 불확실성이 남습니다. 2024·2026 두 개 연도의 NCPMS 예찰자료만 사용한 상대 위험 전망으로, 기상·재배면적·방제 변화와 2027년 실제 발생을 확정하지 않습니다.",관찰
배,사과애모무늬잎말이나방,해충,충청북도,0,0,0,유지,보통,11,2024·2026,"기준선 비교: 2026 유지 0.0점, 2024·2026 가중평균 0.0점, 선택 모델(완화 추세+표본 축소) 0.0점. 지역 변화 +0.0점을 표본가중치 0.48로 같은 병해충·작물의 지역 중앙 변화 +0.0점 방향에 축소하고, 1년 연장 변화는 ±20점으로 제한했습니다. 양년 자료 있음, 공통 조사단위 4개, 유효 관측 11건, 결측률 0.0%, 단위별 변화 변동성 0.0점. 비교는 가능하지만 표본 또는 변동성에 불확실성이 남습니다. 2024·2026 두 개 연도의 NCPMS 예찰자료만 사용한 상대 위험 전망으로, 기상·재배면적·방제 변화와 2027년 실제 발생을 확정하지 않습니다.",관찰
사과,사과애모무늬잎말이나방,해충,강원특별자치도,3,9,11,유지,보통,12,2024·2026,"기준선 비교: 2026 유지 9.3점, 2024·2026 가중평균 7.2점, 선택 모델(완화 추세+표본 축소) 11.0점. 지역 변화 +6.2점을 표본가중치 0.50로 같은 병해충·작물의 지역 중앙 변화 +3.1점 방향에 축소하고, 1년 연장 변화는 ±20점으로 제한했습니다. 양년 자료 있음, 공통 조사단위 3개, 유효 관측 12건, 결측률 0.0%, 단위별 변화 변동성 4.5점. 비교는 가능하지만 표본 또는 변동성에 불확실성이 남습니다. 2024·2026 두 개 연도의 NCPMS 예찰자료만 사용한 상대 위험 전망으로, 기상·재배면적·방제 변화와 2027년 실제 발생을 확정하지 않습니다.",관찰
사과,사과애모무늬잎말이나방,해충,경기도,34,45,48,유지,낮음,12,2024·2026,"기준선 비교: 2026 유지 45.2점, 2024·2026 가중평균 41.4점, 선택 모델(완화 추세+표본 축소) 47.6점. 지역 변화 +10.7점을 표본가중치 0.50로 같은 병해충·작물의 지역 중앙 변화 +3.1점 방향에 축소하고, 1년 연장 변화는 ±20점으로 제한했습니다. 양년 자료 있음, 공통 조사단위 3개, 유효 관측 12건, 결측률 0.0%, 단위별 변화 변동성 51.2점. 제한된 비교 단위 또는 변동성 때문에 보수적으로 낮게 평가합니다. 2024·2026 두 개 연도의 NCPMS 예찰자료만 사용한 상대 위험 전망으로, 기상·재배면적·방제 변화와 2027년 실제 발생을 확정하지 않습니다.",주의
사과,사과애모무늬잎말이나방,해충,경상남도,0,0,1,유지,보통,12,2024·2026,"기준선 비교: 2026 유지 0.0점, 2024·2026 가중평균 0.0점, 선택 모델(완화 추세+표본 축소) 0.5점. 지역 변화 +0.0점을 표본가중치 0.50로 같은 병해충·작물의 지역 중앙 변화 +3.1점 방향에 축소하고, 1년 연장 변화는 ±20점으로 제한했습니다. 양년 자료 있음, 공통 조사단위 3개, 유효 관측 12건, 결측률 0.0%, 단위별 변화 변동성 0.0점. 비교는 가능하지만 표본 또는 변동성에 불확실성이 남습니다. 2024·2026 두 개 연도의 NCPMS 예찰자료만 사용한 상대 위험 전망으로, 기상·재배면적·방제 변화와 2027년 실제 발생을 확정하지 않습니다.",관찰
사과,사과애모무늬잎말이나방,해충,경상북도,17,62,70,증가,보통,12,2024·2026,"기준선 비교: 2026 유지 62.0점, 2024·2026 가중평균 46.2점, 선택 모델(완화 추세+표본 축소) 70.5점. 지역 변화 +45.1점을 표본가중치 0.50로 같은 병해충·작물의 지역 중앙 변화 +3.1점 방향에 축소하고, 1년 연장 변화는 ±20점으로 제한했습니다. 양년 자료 있음, 공통 조사단위 3개, 유효 관측 12건, 결측률 0.0%, 단위별 변화 변동성 23.3점. 비교는 가능하지만 표본 또는 변동성에 불확실성이 남습니다. 2024·2026 두 개 연도의 NCPMS 예찰자료만 사용한 상대 위험 전망으로, 기상·재배면적·방제 변화와 2027년 실제 발생을 확정하지 않습니다.",고위험
사과,사과애모무늬잎말이나방,해충,대구광역시,17,,,전망자료 부족,낮음,6,2024,"양년 자료 없음, 공통 조사단위 0개, 유효 관측 6건, 결측률 0.0%, 단위별 변화 변동성 100.0점. 제한된 비교 단위 또는 변동성 때문에 보수적으로 낮게 평가합니다. 2024·2026 두 개 연도의 NCPMS 예찰자료만 사용한 상대 위험 전망으로, 기상·재배면적·방제 변화와 2027년 실제 발생을 확정하지 않습니다.",전망자료 부족
사과,사과애모무늬잎말이나방,해충,전남광주통합특별시,0,0,1,유지,보통,11,2024·2026,"기준선 비교: 2026 유지 0.0점, 2024·2026 가중평균 0.0점, 선택 모델(완화 추세+표본 축소) 0.6점. 지역 변화 +0.0점을 표본가중치 0.48로 같은 병해충·작물의 지역 중앙 변화 +3.1점 방향에 축소하고, 1년 연장 변화는 ±20점으로 제한했습니다. 양년 자료 있음, 공통 조사단위 2개, 유효 관측 11건, 결측률 0.0%, 단위별 변화 변동성 0.0점. 비교는 가능하지만 표본 또는 변동성에 불확실성이 남습니다. 2024·2026 두 개 연도의 NCPMS 예찰자료만 사용한 상대 위험 전망으로, 기상·재배면적·방제 변화와 2027년 실제 발생을 확정하지 않습니다.",관찰
사과,사과애모무늬잎말이나방,해충,전북특별자치도,35,21,19,유지,낮음,12,2024·2026,"기준선 비교: 2026 유지 21.3점, 2024·2026 가중평균 26.1점, 선택 모델(완화 추세+표본 축소) 19.5점. 지역 변화 -13.6점을 표본가중치 0.50로 같은 병해충·작물의 지역 중앙 변화 +3.1점 방향에 축소하고, 1년 연장 변화는 ±20점으로 제한했습니다. 양년 자료 있음, 공통 조사단위 3개, 유효 관측 12건, 결측률 0.0%, 단위별 변화 변동성 68.0점. 제한된 비교 단위 또는 변동성 때문에 보수적으로 낮게 평가합니다. 2024·2026 두 개 연도의 NCPMS 예찰자료만 사용한 상대 위험 전망으로, 기상·재배면적·방제 변화와 2027년 실제 발생을 확정하지 않습니다.",관찰
사과,사과애모무늬잎말이나방,해충,충청남도,0,0,1,유지,보통,12,2024·2026,"기준선 비교: 2026 유지 0.0점, 2024·2026 가중평균 0.0점, 선택 모델(완화 추세+표본 축소) 0.5점. 지역 변화 +0.0점을 표본가중치 0.50로 같은 병해충·작물의 지역 중앙 변화 +3.1점 방향에 축소하고, 1년 연장 변화는 ±20점으로 제한했습니다. 양년 자료 있음, 공통 조사단위 3개, 유효 관측 12건, 결측률 0.0%, 단위별 변화 변동성 0.0점. 비교는 가능하지만 표본 또는 변동성에 불확실성이 남습니다. 2024·2026 두 개 연도의 NCPMS 예찰자료만 사용한 상대 위험 전망으로, 기상·재배면적·방제 변화와 2027년 실제 발생을 확정하지 않습니다.",관찰
사과,사과애모무늬잎말이나방,해충,충청북도,25,44,48,유지,보통,12,2024·2026,"기준선 비교: 2026 유지 44.4점, 2024·2026 가중평균 37.7점, 선택 모델(완화 추세+표본 축소) 48.3점. 지역 변화 +19.1점을 표본가중치 0.50로 같은 병해충·작물의 지역 중앙 변화 +3.1점 방향에 축소하고, 1년 연장 변화는 ±20점으로 제한했습니다. 양년 자료 있음, 공통 조사단위 3개, 유효 관측 12건, 결측률 0.0%, 단위별 변화 변동성 21.8점. 비교는 가능하지만 표본 또는 변동성에 불확실성이 남습니다. 2024·2026 두 개 연도의 NCPMS 예찰자료만 사용한 상대 위험 전망으로, 기상·재배면적·방제 변화와 2027년 실제 발생을 확정하지 않습니다.",주의
사과,사과응애,기타,강원특별자치도,0,,,전망자료 부족,낮음,3,2024,"양년 자료 없음, 공통 조사단위 0개, 유효 관측 3건, 결측률 0.0%, 단위별 변화 변동성 100.0점. 제한된 비교 단위 또는 변동성 때문에 보수적으로 낮게 평가합니다. 2024·2026 두 개 연도의 NCPMS 예찰자료만 사용한 상대 위험 전망으로, 기상·재배면적·방제 변화와 2027년 실제 발생을 확정하지 않습니다.",전망자료 부족
사과,사과응애,기타,경기도,0,,,전망자료 부족,낮음,3,2024,"양년 자료 없음, 공통 조사단위 0개, 유효 관측 3건, 결측률 0.0%, 단위별 변화 변동성 100.0점. 제한된 비교 단위 또는 변동성 때문에 보수적으로 낮게 평가합니다. 2024·2026 두 개 연도의 NCPMS 예찰자료만 사용한 상대 위험 전망으로, 기상·재배면적·방제 변화와 2027년 실제 발생을 확정하지 않습니다.",전망자료 부족
사과,사과응애,기타,경상남도,0,,,전망자료 부족,낮음,3,2024,"양년 자료 없음, 공통 조사단위 0개, 유효 관측 3건, 결측률 0.0%, 단위별 변화 변동성 100.0점. 제한된 비교 단위 또는 변동성 때문에 보수적으로 낮게 평가합니다. 2024·2026 두 개 연도의 NCPMS 예찰자료만 사용한 상대 위험 전망으로, 기상·재배면적·방제 변화와 2027년 실제 발생을 확정하지 않습니다.",전망자료 부족
사과,사과응애,기타,경상북도,17,,,전망자료 부족,낮음,3,2024,"양년 자료 없음, 공통 조사단위 0개, 유효 관측 3건, 결측률 0.0%, 단위별 변화 변동성 100.0점. 제한된 비교 단위 또는 변동성 때문에 보수적으로 낮게 평가합니다. 2024·2026 두 개 연도의 NCPMS 예찰자료만 사용한 상대 위험 전망으로, 기상·재배면적·방제 변화와 2027년 실제 발생을 확정하지 않습니다.",전망자료 부족
사과,사과응애,기타,대구광역시,33,,,전망자료 부족,낮음,3,2024,"양년 자료 없음, 공통 조사단위 0개, 유효 관측 3건, 결측률 0.0%, 단위별 변화 변동성 100.0점. 제한된 비교 단위 또는 변동성 때문에 보수적으로 낮게 평가합니다. 2024·2026 두 개 연도의 NCPMS 예찰자료만 사용한 상대 위험 전망으로, 기상·재배면적·방제 변화와 2027년 실제 발생을 확정하지 않습니다.",전망자료 부족
사과,사과응애,기타,전남광주통합특별시,0,,,전망자료 부족,낮음,3,2024,"양년 자료 없음, 공통 조사단위 0개, 유효 관측 3건, 결측률 0.0%, 단위별 변화 변동성 100.0점. 제한된 비교 단위 또는 변동성 때문에 보수적으로 낮게 평가합니다. 2024·2026 두 개 연도의 NCPMS 예찰자료만 사용한 상대 위험 전망으로, 기상·재배면적·방제 변화와 2027년 실제 발생을 확정하지 않습니다.",전망자료 부족
사과,사과응애,기타,전북특별자치도,61,,,전망자료 부족,낮음,3,2024,"양년 자료 없음, 공통 조사단위 0개, 유효 관측 3건, 결측률 0.0%, 단위별 변화 변동성 100.0점. 제한된 비교 단위 또는 변동성 때문에 보수적으로 낮게 평가합니다. 2024·2026 두 개 연도의 NCPMS 예찰자료만 사용한 상대 위험 전망으로, 기상·재배면적·방제 변화와 2027년 실제 발생을 확정하지 않습니다.",전망자료 부족
사과,사과응애,기타,충청남도,0,,,전망자료 부족,낮음,3,2024,"양년 자료 없음, 공통 조사단위 0개, 유효 관측 3건, 결측률 0.0%, 단위별 변화 변동성 100.0점. 제한된 비교 단위 또는 변동성 때문에 보수적으로 낮게 평가합니다. 2024·2026 두 개 연도의 NCPMS 예찰자료만 사용한 상대 위험 전망으로, 기상·재배면적·방제 변화와 2027년 실제 발생을 확정하지 않습니다.",전망자료 부족
사과,사과응애,기타,충청북도,8,,,전망자료 부족,낮음,3,2024,"양년 자료 없음, 공통 조사단위 0개, 유효 관측 3건, 결측률 0.0%, 단위별 변화 변동성 100.0점. 제한된 비교 단위 또는 변동성 때문에 보수적으로 낮게 평가합니다. 2024·2026 두 개 연도의 NCPMS 예찰자료만 사용한 상대 위험 전망으로, 기상·재배면적·방제 변화와 2027년 실제 발생을 확정하지 않습니다.",전망자료 부족
사과,사과혹진딧물,기타,강원특별자치도,0,,,전망자료 부족,낮음,3,2024,"양년 자료 없음, 공통 조사단위 0개, 유효 관측 3건, 결측률 0.0%, 단위별 변화 변동성 100.0점. 제한된 비교 단위 또는 변동성 때문에 보수적으로 낮게 평가합니다. 2024·2026 두 개 연도의 NCPMS 예찰자료만 사용한 상대 위험 전망으로, 기상·재배면적·방제 변화와 2027년 실제 발생을 확정하지 않습니다.",전망자료 부족
사과,사과혹진딧물,기타,경기도,33,,,전망자료 부족,낮음,3,2024,"양년 자료 없음, 공통 조사단위 0개, 유효 관측 3건, 결측률 0.0%, 단위별 변화 변동성 100.0점. 제한된 비교 단위 또는 변동성 때문에 보수적으로 낮게 평가합니다. 2024·2026 두 개 연도의 NCPMS 예찰자료만 사용한 상대 위험 전망으로, 기상·재배면적·방제 변화와 2027년 실제 발생을 확정하지 않습니다.",전망자료 부족
사과,사과혹진딧물,기타,경상남도,0,,,전망자료 부족,낮음,3,2024,"양년 자료 없음, 공통 조사단위 0개, 유효 관측 3건, 결측률 0.0%, 단위별 변화 변동성 100.0점. 제한된 비교 단위 또는 변동성 때문에 보수적으로 낮게 평가합니다. 2024·2026 두 개 연도의 NCPMS 예찰자료만 사용한 상대 위험 전망으로, 기상·재배면적·방제 변화와 2027년 실제 발생을 확정하지 않습니다.",전망자료 부족
사과,사과혹진딧물,기타,경상북도,33,,,전망자료 부족,낮음,3,2024,"양년 자료 없음, 공통 조사단위 0개, 유효 관측 3건, 결측률 0.0%, 단위별 변화 변동성 100.0점. 제한된 비교 단위 또는 변동성 때문에 보수적으로 낮게 평가합니다. 2024·2026 두 개 연도의 NCPMS 예찰자료만 사용한 상대 위험 전망으로, 기상·재배면적·방제 변화와 2027년 실제 발생을 확정하지 않습니다.",전망자료 부족
사과,사과혹진딧물,기타,대구광역시,0,,,전망자료 부족,낮음,3,2024,"양년 자료 없음, 공통 조사단위 0개, 유효 관측 3건, 결측률 0.0%, 단위별 변화 변동성 100.0점. 제한된 비교 단위 또는 변동성 때문에 보수적으로 낮게 평가합니다. 2024·2026 두 개 연도의 NCPMS 예찰자료만 사용한 상대 위험 전망으로, 기상·재배면적·방제 변화와 2027년 실제 발생을 확정하지 않습니다.",전망자료 부족
사과,사과혹진딧물,기타,전남광주통합특별시,0,,,전망자료 부족,낮음,3,2024,"양년 자료 없음, 공통 조사단위 0개, 유효 관측 3건, 결측률 0.0%, 단위별 변화 변동성 100.0점. 제한된 비교 단위 또는 변동성 때문에 보수적으로 낮게 평가합니다. 2024·2026 두 개 연도의 NCPMS 예찰자료만 사용한 상대 위험 전망으로, 기상·재배면적·방제 변화와 2027년 실제 발생을 확정하지 않습니다.",전망자료 부족
사과,사과혹진딧물,기타,전북특별자치도,29,,,전망자료 부족,낮음,3,2024,"양년 자료 없음, 공통 조사단위 0개, 유효 관측 3건, 결측률 0.0%, 단위별 변화 변동성 100.0점. 제한된 비교 단위 또는 변동성 때문에 보수적으로 낮게 평가합니다. 2024·2026 두 개 연도의 NCPMS 예찰자료만 사용한 상대 위험 전망으로, 기상·재배면적·방제 변화와 2027년 실제 발생을 확정하지 않습니다.",전망자료 부족
사과,사과혹진딧물,기타,충청남도,4,,,전망자료 부족,낮음,3,2024,"양년 자료 없음, 공통 조사단위 0개, 유효 관측 3건, 결측률 0.0%, 단위별 변화 변동성 100.0점. 제한된 비교 단위 또는 변동성 때문에 보수적으로 낮게 평가합니다. 2024·2026 두 개 연도의 NCPMS 예찰자료만 사용한 상대 위험 전망으로, 기상·재배면적·방제 변화와 2027년 실제 발생을 확정하지 않습니다.",전망자료 부족
사과,사과혹진딧물,기타,충청북도,71,,,전망자료 부족,낮음,3,2024,"양년 자료 없음, 공통 조사단위 0개, 유효 관측 3건, 결측률 0.0%, 단위별 변화 변동성 100.0점. 제한된 비교 단위 또는 변동성 때문에 보수적으로 낮게 평가합니다. 2024·2026 두 개 연도의 NCPMS 예찰자료만 사용한 상대 위험 전망으로, 기상·재배면적·방제 변화와 2027년 실제 발생을 확정하지 않습니다.",전망자료 부족
복숭아,세균구멍병,병해,강원특별자치도,21,42,48,증가,보통,13,2024·2026,"기준선 비교: 2026 유지 42.2점, 2024·2026 가중평균 34.9점, 선택 모델(완화 추세+표본 축소) 48.0점. 지역 변화 +20.9점을 표본가중치 0.52로 같은 병해충·작물의 지역 중앙 변화 +12.0점 방향에 축소하고, 1년 연장 변화는 ±20점으로 제한했습니다. 양년 자료 있음, 공통 조사단위 3개, 유효 관측 13건, 결측률 0.0%, 단위별 변화 변동성 16.8점. 비교는 가능하지만 표본 또는 변동성에 불확실성이 남습니다. 2024·2026 두 개 연도의 NCPMS 예찰자료만 사용한 상대 위험 전망으로, 기상·재배면적·방제 변화와 2027년 실제 발생을 확정하지 않습니다.",주의
복숭아,세균구멍병,병해,경기도,27,3,1,유지,보통,15,2024·2026,"기준선 비교: 2026 유지 3.4점, 2024·2026 가중평균 11.6점, 선택 모델(완화 추세+표본 축소) 0.8점. 지역 변화 -23.3점을 표본가중치 0.56로 같은 병해충·작물의 지역 중앙 변화 +12.0점 방향에 축소하고, 1년 연장 변화는 ±20점으로 제한했습니다. 양년 자료 있음, 공통 조사단위 4개, 유효 관측 15건, 결측률 0.0%, 단위별 변화 변동성 25.4점. 비교는 가능하지만 표본 또는 변동성에 불확실성이 남습니다. 2024·2026 두 개 연도의 NCPMS 예찰자료만 사용한 상대 위험 전망으로, 기상·재배면적·방제 변화와 2027년 실제 발생을 확정하지 않습니다.",관찰
복숭아,세균구멍병,병해,경상남도,50,35,35,유지,보통,15,2024·2026,"기준선 비교: 2026 유지 35.5점, 2024·2026 가중평균 40.6점, 선택 모델(완화 추세+표본 축소) 34.5점. 지역 변화 -14.6점을 표본가중치 0.56로 같은 병해충·작물의 지역 중앙 변화 +12.0점 방향에 축소하고, 1년 연장 변화는 ±20점으로 제한했습니다. 양년 자료 있음, 공통 조사단위 4개, 유효 관측 15건, 결측률 0.0%, 단위별 변화 변동성 31.6점. 비교는 가능하지만 표본 또는 변동성에 불확실성이 남습니다. 2024·2026 두 개 연도의 NCPMS 예찰자료만 사용한 상대 위험 전망으로, 기상·재배면적·방제 변화와 2027년 실제 발생을 확정하지 않습니다.",주의
복숭아,세균구멍병,병해,경상북도,23,10,9,유지,보통,15,2024·2026,"기준선 비교: 2026 유지 9.9점, 2024·2026 가중평균 14.4점, 선택 모델(완화 추세+표본 축소) 9.2점. 지역 변화 -13.0점을 표본가중치 0.56로 같은 병해충·작물의 지역 중앙 변화 +12.0점 방향에 축소하고, 1년 연장 변화는 ±20점으로 제한했습니다. 양년 자료 있음, 공통 조사단위 4개, 유효 관측 15건, 결측률 0.0%, 단위별 변화 변동성 10.6점. 비교는 가능하지만 표본 또는 변동성에 불확실성이 남습니다. 2024·2026 두 개 연도의 NCPMS 예찰자료만 사용한 상대 위험 전망으로, 기상·재배면적·방제 변화와 2027년 실제 발생을 확정하지 않습니다.",관찰
복숭아,세균구멍병,병해,세종특별자치시,5,22,27,증가,보통,14,2024·2026,"기준선 비교: 2026 유지 22.0점, 2024·2026 가중평균 16.1점, 선택 모델(완화 추세+표본 축소) 27.2점. 지역 변화 +17.0점을 표본가중치 0.54로 같은 병해충·작물의 지역 중앙 변화 +12.0점 방향에 축소하고, 1년 연장 변화는 ±20점으로 제한했습니다. 양년 자료 있음, 공통 조사단위 4개, 유효 관측 14건, 결측률 0.0%, 단위별 변화 변동성 16.6점. 비교는 가능하지만 표본 또는 변동성에 불확실성이 남습니다. 2024·2026 두 개 연도의 NCPMS 예찰자료만 사용한 상대 위험 전망으로, 기상·재배면적·방제 변화와 2027년 실제 발생을 확정하지 않습니다.",관찰
복숭아,세균구멍병,병해,전남광주통합특별시,81,8,0,감소,보통,11,2024·2026,"기준선 비교: 2026 유지 8.3점, 2024·2026 가중평균 33.6점, 선택 모델(완화 추세+표본 축소) 0.0점. 지역 변화 -72.2점을 표본가중치 0.48로 같은 병해충·작물의 지역 중앙 변화 +12.0점 방향에 축소하고, 1년 연장 변화는 ±20점으로 제한했습니다. 양년 자료 있음, 공통 조사단위 2개, 유효 관측 11건, 결측률 0.0%, 단위별 변화 변동성 6.5점. 비교는 가능하지만 표본 또는 변동성에 불확실성이 남습니다. 2024·2026 두 개 연도의 NCPMS 예찰자료만 사용한 상대 위험 전망으로, 기상·재배면적·방제 변화와 2027년 실제 발생을 확정하지 않습니다.",관찰
복숭아,세균구멍병,병해,전북특별자치도,3,38,46,증가,보통,15,2024·2026,"기준선 비교: 2026 유지 37.6점, 2024·2026 가중평균 25.6점, 선택 모델(완화 추세+표본 축소) 46.1점. 지역 변화 +34.2점을 표본가중치 0.56로 같은 병해충·작물의 지역 중앙 변화 +12.0점 방향에 축소하고, 1년 연장 변화는 ±20점으로 제한했습니다. 양년 자료 있음, 공통 조사단위 4개, 유효 관측 15건, 결측률 0.0%, 단위별 변화 변동성 9.1점. 비교는 가능하지만 표본 또는 변동성에 불확실성이 남습니다. 2024·2026 두 개 연도의 NCPMS 예찰자료만 사용한 상대 위험 전망으로, 기상·재배면적·방제 변화와 2027년 실제 발생을 확정하지 않습니다.",주의
복숭아,세균구멍병,병해,충청남도,4,47,57,증가,낮음,15,2024·2026,"기준선 비교: 2026 유지 46.5점, 2024·2026 가중평균 31.7점, 선택 모델(완화 추세+표본 축소) 56.7점. 지역 변화 +42.4점을 표본가중치 0.56로 같은 병해충·작물의 지역 중앙 변화 +12.0점 방향에 축소하고, 1년 연장 변화는 ±20점으로 제한했습니다. 양년 자료 있음, 공통 조사단위 4개, 유효 관측 15건, 결측률 0.0%, 단위별 변화 변동성 41.6점. 제한된 비교 단위 또는 변동성 때문에 보수적으로 낮게 평가합니다. 2024·2026 두 개 연도의 NCPMS 예찰자료만 사용한 상대 위험 전망으로, 기상·재배면적·방제 변화와 2027년 실제 발생을 확정하지 않습니다.",주의
복숭아,세균구멍병,병해,충청북도,16,28,33,증가,보통,15,2024·2026,"기준선 비교: 2026 유지 28.5점, 2024·2026 가중평균 24.3점, 선택 모델(완화 추세+표본 축소) 32.7점. 지역 변화 +12.0점을 표본가중치 0.56로 같은 병해충·작물의 지역 중앙 변화 +12.0점 방향에 축소하고, 1년 연장 변화는 ±20점으로 제한했습니다. 양년 자료 있음, 공통 조사단위 4개, 유효 관측 15건, 결측률 0.0%, 단위별 변화 변동성 4.4점. 비교는 가능하지만 표본 또는 변동성에 불확실성이 남습니다. 2024·2026 두 개 연도의 NCPMS 예찰자료만 사용한 상대 위험 전망으로, 기상·재배면적·방제 변화와 2027년 실제 발생을 확정하지 않습니다.",관찰
논벼,세균벼알마름병,병해,강원특별자치도,0,0,0,유지,보통,32,2024·2026,"기준선 비교: 2026 유지 0.0점, 2024·2026 가중평균 0.0점, 선택 모델(완화 추세+표본 축소) 0.0점. 지역 변화 +0.0점을 표본가중치 0.73로 같은 병해충·작물의 지역 중앙 변화 +0.0점 방향에 축소하고, 1년 연장 변화는 ±20점으로 제한했습니다. 양년 자료 있음, 공통 조사단위 2개, 유효 관측 32건, 결측률 0.0%, 단위별 변화 변동성 0.0점. 비교는 가능하지만 표본 또는 변동성에 불확실성이 남습니다. 2024·2026 두 개 연도의 NCPMS 예찰자료만 사용한 상대 위험 전망으로, 기상·재배면적·방제 변화와 2027년 실제 발생을 확정하지 않습니다.",관찰
논벼,세균벼알마름병,병해,경기도,0,0,0,유지,보통,36,2024·2026,"기준선 비교: 2026 유지 0.0점, 2024·2026 가중평균 0.0점, 선택 모델(완화 추세+표본 축소) 0.0점. 지역 변화 +0.0점을 표본가중치 0.75로 같은 병해충·작물의 지역 중앙 변화 +0.0점 방향에 축소하고, 1년 연장 변화는 ±20점으로 제한했습니다. 양년 자료 있음, 공통 조사단위 2개, 유효 관측 36건, 결측률 0.0%, 단위별 변화 변동성 0.0점. 비교는 가능하지만 표본 또는 변동성에 불확실성이 남습니다. 2024·2026 두 개 연도의 NCPMS 예찰자료만 사용한 상대 위험 전망으로, 기상·재배면적·방제 변화와 2027년 실제 발생을 확정하지 않습니다.",관찰
논벼,세균벼알마름병,병해,경상남도,0,12,16,유지,보통,32,2024·2026,"기준선 비교: 2026 유지 12.5점, 2024·2026 가중평균 8.1점, 선택 모델(완화 추세+표본 축소) 15.7점. 지역 변화 +12.5점을 표본가중치 0.73로 같은 병해충·작물의 지역 중앙 변화 +0.0점 방향에 축소하고, 1년 연장 변화는 ±20점으로 제한했습니다. 양년 자료 있음, 공통 조사단위 2개, 유효 관측 32건, 결측률 0.0%, 단위별 변화 변동성 0.0점. 비교는 가능하지만 표본 또는 변동성에 불확실성이 남습니다. 2024·2026 두 개 연도의 NCPMS 예찰자료만 사용한 상대 위험 전망으로, 기상·재배면적·방제 변화와 2027년 실제 발생을 확정하지 않습니다.",관찰
논벼,세균벼알마름병,병해,경상북도,0,0,0,유지,보통,32,2024·2026,"기준선 비교: 2026 유지 0.0점, 2024·2026 가중평균 0.0점, 선택 모델(완화 추세+표본 축소) 0.0점. 지역 변화 +0.0점을 표본가중치 0.73로 같은 병해충·작물의 지역 중앙 변화 +0.0점 방향에 축소하고, 1년 연장 변화는 ±20점으로 제한했습니다. 양년 자료 있음, 공통 조사단위 2개, 유효 관측 32건, 결측률 0.0%, 단위별 변화 변동성 0.0점. 비교는 가능하지만 표본 또는 변동성에 불확실성이 남습니다. 2024·2026 두 개 연도의 NCPMS 예찰자료만 사용한 상대 위험 전망으로, 기상·재배면적·방제 변화와 2027년 실제 발생을 확정하지 않습니다.",관찰
논벼,세균벼알마름병,병해,대구광역시,0,0,0,유지,보통,32,2024·2026,"기준선 비교: 2026 유지 0.0점, 2024·2026 가중평균 0.0점, 선택 모델(완화 추세+표본 축소) 0.0점. 지역 변화 +0.0점을 표본가중치 0.73로 같은 병해충·작물의 지역 중앙 변화 +0.0점 방향에 축소하고, 1년 연장 변화는 ±20점으로 제한했습니다. 양년 자료 있음, 공통 조사단위 2개, 유효 관측 32건, 결측률 0.0%, 단위별 변화 변동성 0.0점. 비교는 가능하지만 표본 또는 변동성에 불확실성이 남습니다. 2024·2026 두 개 연도의 NCPMS 예찰자료만 사용한 상대 위험 전망으로, 기상·재배면적·방제 변화와 2027년 실제 발생을 확정하지 않습니다.",관찰
논벼,세균벼알마름병,병해,대전광역시,0,0,0,유지,보통,32,2024·2026,"기준선 비교: 2026 유지 0.0점, 2024·2026 가중평균 0.0점, 선택 모델(완화 추세+표본 축소) 0.0점. 지역 변화 +0.0점을 표본가중치 0.73로 같은 병해충·작물의 지역 중앙 변화 +0.0점 방향에 축소하고, 1년 연장 변화는 ±20점으로 제한했습니다. 양년 자료 있음, 공통 조사단위 2개, 유효 관측 32건, 결측률 0.0%, 단위별 변화 변동성 0.0점. 비교는 가능하지만 표본 또는 변동성에 불확실성이 남습니다. 2024·2026 두 개 연도의 NCPMS 예찰자료만 사용한 상대 위험 전망으로, 기상·재배면적·방제 변화와 2027년 실제 발생을 확정하지 않습니다.",관찰
논벼,세균벼알마름병,병해,부산광역시,0,0,0,유지,보통,32,2024·2026,"기준선 비교: 2026 유지 0.0점, 2024·2026 가중평균 0.0점, 선택 모델(완화 추세+표본 축소) 0.0점. 지역 변화 +0.0점을 표본가중치 0.73로 같은 병해충·작물의 지역 중앙 변화 +0.0점 방향에 축소하고, 1년 연장 변화는 ±20점으로 제한했습니다. 양년 자료 있음, 공통 조사단위 2개, 유효 관측 32건, 결측률 0.0%, 단위별 변화 변동성 0.0점. 비교는 가능하지만 표본 또는 변동성에 불확실성이 남습니다. 2024·2026 두 개 연도의 NCPMS 예찰자료만 사용한 상대 위험 전망으로, 기상·재배면적·방제 변화와 2027년 실제 발생을 확정하지 않습니다.",관찰
논벼,세균벼알마름병,병해,세종특별자치시,0,0,0,유지,보통,28,2024·2026,"기준선 비교: 2026 유지 0.0점, 2024·2026 가중평균 0.0점, 선택 모델(완화 추세+표본 축소) 0.0점. 지역 변화 +0.0점을 표본가중치 0.70로 같은 병해충·작물의 지역 중앙 변화 +0.0점 방향에 축소하고, 1년 연장 변화는 ±20점으로 제한했습니다. 양년 자료 있음, 공통 조사단위 2개, 유효 관측 28건, 결측률 0.0%, 단위별 변화 변동성 0.0점. 비교는 가능하지만 표본 또는 변동성에 불확실성이 남습니다. 2024·2026 두 개 연도의 NCPMS 예찰자료만 사용한 상대 위험 전망으로, 기상·재배면적·방제 변화와 2027년 실제 발생을 확정하지 않습니다.",관찰
논벼,세균벼알마름병,병해,울산광역시,0,0,0,유지,보통,32,2024·2026,"기준선 비교: 2026 유지 0.0점, 2024·2026 가중평균 0.0점, 선택 모델(완화 추세+표본 축소) 0.0점. 지역 변화 +0.0점을 표본가중치 0.73로 같은 병해충·작물의 지역 중앙 변화 +0.0점 방향에 축소하고, 1년 연장 변화는 ±20점으로 제한했습니다. 양년 자료 있음, 공통 조사단위 2개, 유효 관측 32건, 결측률 0.0%, 단위별 변화 변동성 0.0점. 비교는 가능하지만 표본 또는 변동성에 불확실성이 남습니다. 2024·2026 두 개 연도의 NCPMS 예찰자료만 사용한 상대 위험 전망으로, 기상·재배면적·방제 변화와 2027년 실제 발생을 확정하지 않습니다.",관찰
논벼,세균벼알마름병,병해,인천광역시,0,0,0,유지,보통,32,2024·2026,"기준선 비교: 2026 유지 0.0점, 2024·2026 가중평균 0.0점, 선택 모델(완화 추세+표본 축소) 0.0점. 지역 변화 +0.0점을 표본가중치 0.73로 같은 병해충·작물의 지역 중앙 변화 +0.0점 방향에 축소하고, 1년 연장 변화는 ±20점으로 제한했습니다. 양년 자료 있음, 공통 조사단위 2개, 유효 관측 32건, 결측률 0.0%, 단위별 변화 변동성 0.0점. 비교는 가능하지만 표본 또는 변동성에 불확실성이 남습니다. 2024·2026 두 개 연도의 NCPMS 예찰자료만 사용한 상대 위험 전망으로, 기상·재배면적·방제 변화와 2027년 실제 발생을 확정하지 않습니다.",관찰
논벼,세균벼알마름병,병해,전남광주통합특별시,0,0,0,유지,보통,32,2024·2026,"기준선 비교: 2026 유지 0.0점, 2024·2026 가중평균 0.0점, 선택 모델(완화 추세+표본 축소) 0.0점. 지역 변화 +0.0점을 표본가중치 0.73로 같은 병해충·작물의 지역 중앙 변화 +0.0점 방향에 축소하고, 1년 연장 변화는 ±20점으로 제한했습니다. 양년 자료 있음, 공통 조사단위 2개, 유효 관측 32건, 결측률 0.0%, 단위별 변화 변동성 0.0점. 비교는 가능하지만 표본 또는 변동성에 불확실성이 남습니다. 2024·2026 두 개 연도의 NCPMS 예찰자료만 사용한 상대 위험 전망으로, 기상·재배면적·방제 변화와 2027년 실제 발생을 확정하지 않습니다.",관찰
논벼,세균벼알마름병,병해,전북특별자치도,0,0,0,유지,보통,32,2024·2026,"기준선 비교: 2026 유지 0.0점, 2024·2026 가중평균 0.0점, 선택 모델(완화 추세+표본 축소) 0.0점. 지역 변화 +0.0점을 표본가중치 0.73로 같은 병해충·작물의 지역 중앙 변화 +0.0점 방향에 축소하고, 1년 연장 변화는 ±20점으로 제한했습니다. 양년 자료 있음, 공통 조사단위 2개, 유효 관측 32건, 결측률 0.0%, 단위별 변화 변동성 0.0점. 비교는 가능하지만 표본 또는 변동성에 불확실성이 남습니다. 2024·2026 두 개 연도의 NCPMS 예찰자료만 사용한 상대 위험 전망으로, 기상·재배면적·방제 변화와 2027년 실제 발생을 확정하지 않습니다.",관찰
논벼,세균벼알마름병,병해,충청남도,0,4,4,유지,보통,32,2024·2026,"기준선 비교: 2026 유지 3.5점, 2024·2026 가중평균 2.3점, 선택 모델(완화 추세+표본 축소) 4.4점. 지역 변화 +3.5점을 표본가중치 0.73로 같은 병해충·작물의 지역 중앙 변화 +0.0점 방향에 축소하고, 1년 연장 변화는 ±20점으로 제한했습니다. 양년 자료 있음, 공통 조사단위 2개, 유효 관측 32건, 결측률 0.0%, 단위별 변화 변동성 10.6점. 비교는 가능하지만 표본 또는 변동성에 불확실성이 남습니다. 2024·2026 두 개 연도의 NCPMS 예찰자료만 사용한 상대 위험 전망으로, 기상·재배면적·방제 변화와 2027년 실제 발생을 확정하지 않습니다.",관찰
논벼,세균벼알마름병,병해,충청북도,0,0,0,유지,보통,36,2024·2026,"기준선 비교: 2026 유지 0.0점, 2024·2026 가중평균 0.0점, 선택 모델(완화 추세+표본 축소) 0.0점. 지역 변화 +0.0점을 표본가중치 0.75로 같은 병해충·작물의 지역 중앙 변화 +0.0점 방향에 축소하고, 1년 연장 변화는 ±20점으로 제한했습니다. 양년 자료 있음, 공통 조사단위 2개, 유효 관측 36건, 결측률 0.0%, 단위별 변화 변동성 0.0점. 비교는 가능하지만 표본 또는 변동성에 불확실성이 남습니다. 2024·2026 두 개 연도의 NCPMS 예찰자료만 사용한 상대 위험 전망으로, 기상·재배면적·방제 변화와 2027년 실제 발생을 확정하지 않습니다.",관찰
콩,세균병,병해,강원특별자치도,,0,,전망자료 부족,낮음,5,2026,"양년 자료 없음, 공통 조사단위 0개, 유효 관측 5건, 결측률 0.0%, 단위별 변화 변동성 100.0점. 제한된 비교 단위 또는 변동성 때문에 보수적으로 낮게 평가합니다. 2024·2026 두 개 연도의 NCPMS 예찰자료만 사용한 상대 위험 전망으로, 기상·재배면적·방제 변화와 2027년 실제 발생을 확정하지 않습니다.",전망자료 부족
콩,세균병,병해,경기도,,40,,전망자료 부족,낮음,5,2026,"양년 자료 없음, 공통 조사단위 0개, 유효 관측 5건, 결측률 0.0%, 단위별 변화 변동성 100.0점. 제한된 비교 단위 또는 변동성 때문에 보수적으로 낮게 평가합니다. 2024·2026 두 개 연도의 NCPMS 예찰자료만 사용한 상대 위험 전망으로, 기상·재배면적·방제 변화와 2027년 실제 발생을 확정하지 않습니다.",전망자료 부족
콩,세균병,병해,경상남도,,0,,전망자료 부족,낮음,5,2026,"양년 자료 없음, 공통 조사단위 0개, 유효 관측 5건, 결측률 0.0%, 단위별 변화 변동성 100.0점. 제한된 비교 단위 또는 변동성 때문에 보수적으로 낮게 평가합니다. 2024·2026 두 개 연도의 NCPMS 예찰자료만 사용한 상대 위험 전망으로, 기상·재배면적·방제 변화와 2027년 실제 발생을 확정하지 않습니다.",전망자료 부족
콩,세균병,병해,경상북도,,0,,전망자료 부족,낮음,5,2026,"양년 자료 없음, 공통 조사단위 0개, 유효 관측 5건, 결측률 0.0%, 단위별 변화 변동성 100.0점. 제한된 비교 단위 또는 변동성 때문에 보수적으로 낮게 평가합니다. 2024·2026 두 개 연도의 NCPMS 예찰자료만 사용한 상대 위험 전망으로, 기상·재배면적·방제 변화와 2027년 실제 발생을 확정하지 않습니다.",전망자료 부족
콩,세균병,병해,전남광주통합특별시,,20,,전망자료 부족,낮음,5,2026,"양년 자료 없음, 공통 조사단위 0개, 유효 관측 5건, 결측률 0.0%, 단위별 변화 변동성 100.0점. 제한된 비교 단위 또는 변동성 때문에 보수적으로 낮게 평가합니다. 2024·2026 두 개 연도의 NCPMS 예찰자료만 사용한 상대 위험 전망으로, 기상·재배면적·방제 변화와 2027년 실제 발생을 확정하지 않습니다.",전망자료 부족
콩,세균병,병해,전북특별자치도,,0,,전망자료 부족,낮음,5,2026,"양년 자료 없음, 공통 조사단위 0개, 유효 관측 5건, 결측률 0.0%, 단위별 변화 변동성 100.0점. 제한된 비교 단위 또는 변동성 때문에 보수적으로 낮게 평가합니다. 2024·2026 두 개 연도의 NCPMS 예찰자료만 사용한 상대 위험 전망으로, 기상·재배면적·방제 변화와 2027년 실제 발생을 확정하지 않습니다.",전망자료 부족
콩,세균병,병해,제주특별자치도,,0,,전망자료 부족,낮음,5,2026,"양년 자료 없음, 공통 조사단위 0개, 유효 관측 5건, 결측률 0.0%, 단위별 변화 변동성 100.0점. 제한된 비교 단위 또는 변동성 때문에 보수적으로 낮게 평가합니다. 2024·2026 두 개 연도의 NCPMS 예찰자료만 사용한 상대 위험 전망으로, 기상·재배면적·방제 변화와 2027년 실제 발생을 확정하지 않습니다.",전망자료 부족
콩,세균병,병해,충청남도,,0,,전망자료 부족,낮음,5,2026,"양년 자료 없음, 공통 조사단위 0개, 유효 관측 5건, 결측률 0.0%, 단위별 변화 변동성 100.0점. 제한된 비교 단위 또는 변동성 때문에 보수적으로 낮게 평가합니다. 2024·2026 두 개 연도의 NCPMS 예찰자료만 사용한 상대 위험 전망으로, 기상·재배면적·방제 변화와 2027년 실제 발생을 확정하지 않습니다.",전망자료 부족
콩,세균병,병해,충청북도,,0,,전망자료 부족,낮음,5,2026,"양년 자료 없음, 공통 조사단위 0개, 유효 관측 5건, 결측률 0.0%, 단위별 변화 변동성 100.0점. 제한된 비교 단위 또는 변동성 때문에 보수적으로 낮게 평가합니다. 2024·2026 두 개 연도의 NCPMS 예찰자료만 사용한 상대 위험 전망으로, 기상·재배면적·방제 변화와 2027년 실제 발생을 확정하지 않습니다.",전망자료 부족
마늘,세균점무늬병,기타,강원특별자치도,0,,,전망자료 부족,낮음,12,2024,"양년 자료 없음, 공통 조사단위 0개, 유효 관측 12건, 결측률 0.0%, 단위별 변화 변동성 100.0점. 제한된 비교 단위 또는 변동성 때문에 보수적으로 낮게 평가합니다. 2024·2026 두 개 연도의 NCPMS 예찰자료만 사용한 상대 위험 전망으로, 기상·재배면적·방제 변화와 2027년 실제 발생을 확정하지 않습니다.",전망자료 부족
마늘,세균점무늬병,기타,경상남도,8,,,전망자료 부족,낮음,12,2024,"양년 자료 없음, 공통 조사단위 0개, 유효 관측 12건, 결측률 0.0%, 단위별 변화 변동성 100.0점. 제한된 비교 단위 또는 변동성 때문에 보수적으로 낮게 평가합니다. 2024·2026 두 개 연도의 NCPMS 예찰자료만 사용한 상대 위험 전망으로, 기상·재배면적·방제 변화와 2027년 실제 발생을 확정하지 않습니다.",전망자료 부족
마늘,세균점무늬병,기타,경상북도,0,,,전망자료 부족,낮음,24,2024,"양년 자료 없음, 공통 조사단위 0개, 유효 관측 24건, 결측률 0.0%, 단위별 변화 변동성 100.0점. 제한된 비교 단위 또는 변동성 때문에 보수적으로 낮게 평가합니다. 2024·2026 두 개 연도의 NCPMS 예찰자료만 사용한 상대 위험 전망으로, 기상·재배면적·방제 변화와 2027년 실제 발생을 확정하지 않습니다.",전망자료 부족
마늘,세균점무늬병,기타,대구광역시,0,,,전망자료 부족,낮음,24,2024,"양년 자료 없음, 공통 조사단위 0개, 유효 관측 24건, 결측률 0.0%, 단위별 변화 변동성 100.0점. 제한된 비교 단위 또는 변동성 때문에 보수적으로 낮게 평가합니다. 2024·2026 두 개 연도의 NCPMS 예찰자료만 사용한 상대 위험 전망으로, 기상·재배면적·방제 변화와 2027년 실제 발생을 확정하지 않습니다.",전망자료 부족
마늘,세균점무늬병,기타,전남광주통합특별시,15,,,전망자료 부족,낮음,12,2024,"양년 자료 없음, 공통 조사단위 0개, 유효 관측 12건, 결측률 0.0%, 단위별 변화 변동성 100.0점. 제한된 비교 단위 또는 변동성 때문에 보수적으로 낮게 평가합니다. 2024·2026 두 개 연도의 NCPMS 예찰자료만 사용한 상대 위험 전망으로, 기상·재배면적·방제 변화와 2027년 실제 발생을 확정하지 않습니다.",전망자료 부족
마늘,세균점무늬병,기타,전북특별자치도,0,,,전망자료 부족,낮음,12,2024,"양년 자료 없음, 공통 조사단위 0개, 유효 관측 12건, 결측률 0.0%, 단위별 변화 변동성 100.0점. 제한된 비교 단위 또는 변동성 때문에 보수적으로 낮게 평가합니다. 2024·2026 두 개 연도의 NCPMS 예찰자료만 사용한 상대 위험 전망으로, 기상·재배면적·방제 변화와 2027년 실제 발생을 확정하지 않습니다.",전망자료 부족
마늘,세균점무늬병,기타,충청남도,0,,,전망자료 부족,낮음,24,2024,"양년 자료 없음, 공통 조사단위 0개, 유효 관측 24건, 결측률 0.0%, 단위별 변화 변동성 100.0점. 제한된 비교 단위 또는 변동성 때문에 보수적으로 낮게 평가합니다. 2024·2026 두 개 연도의 NCPMS 예찰자료만 사용한 상대 위험 전망으로, 기상·재배면적·방제 변화와 2027년 실제 발생을 확정하지 않습니다.",전망자료 부족
마늘,세균점무늬병,기타,충청북도,0,,,전망자료 부족,낮음,12,2024,"양년 자료 없음, 공통 조사단위 0개, 유효 관측 12건, 결측률 0.0%, 단위별 변화 변동성 100.0점. 제한된 비교 단위 또는 변동성 때문에 보수적으로 낮게 평가합니다. 2024·2026 두 개 연도의 NCPMS 예찰자료만 사용한 상대 위험 전망으로, 기상·재배면적·방제 변화와 2027년 실제 발생을 확정하지 않습니다.",전망자료 부족
고추,시설고추-바이러스,기타,강원특별자치도,0,,,전망자료 부족,낮음,2,2024,"양년 자료 없음, 공통 조사단위 0개, 유효 관측 2건, 결측률 0.0%, 단위별 변화 변동성 100.0점. 제한된 비교 단위 또는 변동성 때문에 보수적으로 낮게 평가합니다. 2024·2026 두 개 연도의 NCPMS 예찰자료만 사용한 상대 위험 전망으로, 기상·재배면적·방제 변화와 2027년 실제 발생을 확정하지 않습니다.",전망자료 부족
고추,시설고추-바이러스,기타,경기도,0,,,전망자료 부족,낮음,2,2024,"양년 자료 없음, 공통 조사단위 0개, 유효 관측 2건, 결측률 0.0%, 단위별 변화 변동성 100.0점. 제한된 비교 단위 또는 변동성 때문에 보수적으로 낮게 평가합니다. 2024·2026 두 개 연도의 NCPMS 예찰자료만 사용한 상대 위험 전망으로, 기상·재배면적·방제 변화와 2027년 실제 발생을 확정하지 않습니다.",전망자료 부족
고추,시설고추-바이러스,기타,경상남도,0,,,전망자료 부족,낮음,2,2024,"양년 자료 없음, 공통 조사단위 0개, 유효 관측 2건, 결측률 0.0%, 단위별 변화 변동성 100.0점. 제한된 비교 단위 또는 변동성 때문에 보수적으로 낮게 평가합니다. 2024·2026 두 개 연도의 NCPMS 예찰자료만 사용한 상대 위험 전망으로, 기상·재배면적·방제 변화와 2027년 실제 발생을 확정하지 않습니다.",전망자료 부족
고추,시설고추-바이러스,기타,경상북도,0,,,전망자료 부족,낮음,9,2024,"양년 자료 없음, 공통 조사단위 0개, 유효 관측 9건, 결측률 0.0%, 단위별 변화 변동성 100.0점. 제한된 비교 단위 또는 변동성 때문에 보수적으로 낮게 평가합니다. 2024·2026 두 개 연도의 NCPMS 예찰자료만 사용한 상대 위험 전망으로, 기상·재배면적·방제 변화와 2027년 실제 발생을 확정하지 않습니다.",전망자료 부족
고추,시설고추-바이러스,기타,대구광역시,0,,,전망자료 부족,낮음,2,2024,"양년 자료 없음, 공통 조사단위 0개, 유효 관측 2건, 결측률 0.0%, 단위별 변화 변동성 100.0점. 제한된 비교 단위 또는 변동성 때문에 보수적으로 낮게 평가합니다. 2024·2026 두 개 연도의 NCPMS 예찰자료만 사용한 상대 위험 전망으로, 기상·재배면적·방제 변화와 2027년 실제 발생을 확정하지 않습니다.",전망자료 부족
고추,시설고추-바이러스,기타,전남광주통합특별시,0,,,전망자료 부족,낮음,2,2024,"양년 자료 없음, 공통 조사단위 0개, 유효 관측 2건, 결측률 0.0%, 단위별 변화 변동성 100.0점. 제한된 비교 단위 또는 변동성 때문에 보수적으로 낮게 평가합니다. 2024·2026 두 개 연도의 NCPMS 예찰자료만 사용한 상대 위험 전망으로, 기상·재배면적·방제 변화와 2027년 실제 발생을 확정하지 않습니다.",전망자료 부족
고추,시설고추-바이러스,기타,전북특별자치도,0,,,전망자료 부족,낮음,2,2024,"양년 자료 없음, 공통 조사단위 0개, 유효 관측 2건, 결측률 0.0%, 단위별 변화 변동성 100.0점. 제한된 비교 단위 또는 변동성 때문에 보수적으로 낮게 평가합니다. 2024·2026 두 개 연도의 NCPMS 예찰자료만 사용한 상대 위험 전망으로, 기상·재배면적·방제 변화와 2027년 실제 발생을 확정하지 않습니다.",전망자료 부족
고추,시설고추-바이러스,기타,충청남도,0,,,전망자료 부족,낮음,3,2024,"양년 자료 없음, 공통 조사단위 0개, 유효 관측 3건, 결측률 0.0%, 단위별 변화 변동성 100.0점. 제한된 비교 단위 또는 변동성 때문에 보수적으로 낮게 평가합니다. 2024·2026 두 개 연도의 NCPMS 예찰자료만 사용한 상대 위험 전망으로, 기상·재배면적·방제 변화와 2027년 실제 발생을 확정하지 않습니다.",전망자료 부족
고추,시설고추-바이러스,기타,충청북도,0,,,전망자료 부족,낮음,2,2024,"양년 자료 없음, 공통 조사단위 0개, 유효 관측 2건, 결측률 0.0%, 단위별 변화 변동성 100.0점. 제한된 비교 단위 또는 변동성 때문에 보수적으로 낮게 평가합니다. 2024·2026 두 개 연도의 NCPMS 예찰자료만 사용한 상대 위험 전망으로, 기상·재배면적·방제 변화와 2027년 실제 발생을 확정하지 않습니다.",전망자료 부족
배,애매미충,기타,강원특별자치도,0,,,전망자료 부족,낮음,2,2024,"양년 자료 없음, 공통 조사단위 0개, 유효 관측 2건, 결측률 0.0%, 단위별 변화 변동성 100.0점. 제한된 비교 단위 또는 변동성 때문에 보수적으로 낮게 평가합니다. 2024·2026 두 개 연도의 NCPMS 예찰자료만 사용한 상대 위험 전망으로, 기상·재배면적·방제 변화와 2027년 실제 발생을 확정하지 않습니다.",전망자료 부족
배,애매미충,기타,경기도,0,,,전망자료 부족,낮음,4,2024,"양년 자료 없음, 공통 조사단위 0개, 유효 관측 4건, 결측률 0.0%, 단위별 변화 변동성 100.0점. 제한된 비교 단위 또는 변동성 때문에 보수적으로 낮게 평가합니다. 2024·2026 두 개 연도의 NCPMS 예찰자료만 사용한 상대 위험 전망으로, 기상·재배면적·방제 변화와 2027년 실제 발생을 확정하지 않습니다.",전망자료 부족
배,애매미충,기타,경상남도,0,,,전망자료 부족,낮음,4,2024,"양년 자료 없음, 공통 조사단위 0개, 유효 관측 4건, 결측률 0.0%, 단위별 변화 변동성 100.0점. 제한된 비교 단위 또는 변동성 때문에 보수적으로 낮게 평가합니다. 2024·2026 두 개 연도의 NCPMS 예찰자료만 사용한 상대 위험 전망으로, 기상·재배면적·방제 변화와 2027년 실제 발생을 확정하지 않습니다.",전망자료 부족
배,애매미충,기타,경상북도,0,,,전망자료 부족,낮음,4,2024,"양년 자료 없음, 공통 조사단위 0개, 유효 관측 4건, 결측률 0.0%, 단위별 변화 변동성 100.0점. 제한된 비교 단위 또는 변동성 때문에 보수적으로 낮게 평가합니다. 2024·2026 두 개 연도의 NCPMS 예찰자료만 사용한 상대 위험 전망으로, 기상·재배면적·방제 변화와 2027년 실제 발생을 확정하지 않습니다.",전망자료 부족
배,애매미충,기타,세종특별자치시,0,,,전망자료 부족,낮음,4,2024,"양년 자료 없음, 공통 조사단위 0개, 유효 관측 4건, 결측률 0.0%, 단위별 변화 변동성 100.0점. 제한된 비교 단위 또는 변동성 때문에 보수적으로 낮게 평가합니다. 2024·2026 두 개 연도의 NCPMS 예찰자료만 사용한 상대 위험 전망으로, 기상·재배면적·방제 변화와 2027년 실제 발생을 확정하지 않습니다.",전망자료 부족
배,애매미충,기타,울산광역시,0,,,전망자료 부족,낮음,4,2024,"양년 자료 없음, 공통 조사단위 0개, 유효 관측 4건, 결측률 0.0%, 단위별 변화 변동성 100.0점. 제한된 비교 단위 또는 변동성 때문에 보수적으로 낮게 평가합니다. 2024·2026 두 개 연도의 NCPMS 예찰자료만 사용한 상대 위험 전망으로, 기상·재배면적·방제 변화와 2027년 실제 발생을 확정하지 않습니다.",전망자료 부족
배,애매미충,기타,전남광주통합특별시,0,,,전망자료 부족,낮음,4,2024,"양년 자료 없음, 공통 조사단위 0개, 유효 관측 4건, 결측률 0.0%, 단위별 변화 변동성 100.0점. 제한된 비교 단위 또는 변동성 때문에 보수적으로 낮게 평가합니다. 2024·2026 두 개 연도의 NCPMS 예찰자료만 사용한 상대 위험 전망으로, 기상·재배면적·방제 변화와 2027년 실제 발생을 확정하지 않습니다.",전망자료 부족
배,애매미충,기타,충청남도,0,,,전망자료 부족,낮음,4,2024,"양년 자료 없음, 공통 조사단위 0개, 유효 관측 4건, 결측률 0.0%, 단위별 변화 변동성 100.0점. 제한된 비교 단위 또는 변동성 때문에 보수적으로 낮게 평가합니다. 2024·2026 두 개 연도의 NCPMS 예찰자료만 사용한 상대 위험 전망으로, 기상·재배면적·방제 변화와 2027년 실제 발생을 확정하지 않습니다.",전망자료 부족
배,애매미충,기타,충청북도,0,,,전망자료 부족,낮음,4,2024,"양년 자료 없음, 공통 조사단위 0개, 유효 관측 4건, 결측률 0.0%, 단위별 변화 변동성 100.0점. 제한된 비교 단위 또는 변동성 때문에 보수적으로 낮게 평가합니다. 2024·2026 두 개 연도의 NCPMS 예찰자료만 사용한 상대 위험 전망으로, 기상·재배면적·방제 변화와 2027년 실제 발생을 확정하지 않습니다.",전망자료 부족
논벼,애멸구,해충,강원특별자치도,0,0,0,유지,보통,32,2024·2026,"기준선 비교: 2026 유지 0.0점, 2024·2026 가중평균 0.0점, 선택 모델(완화 추세+표본 축소) 0.0점. 지역 변화 +0.0점을 표본가중치 0.73로 같은 병해충·작물의 지역 중앙 변화 +0.0점 방향에 축소하고, 1년 연장 변화는 ±20점으로 제한했습니다. 양년 자료 있음, 공통 조사단위 2개, 유효 관측 32건, 결측률 0.0%, 단위별 변화 변동성 0.0점. 비교는 가능하지만 표본 또는 변동성에 불확실성이 남습니다. 2024·2026 두 개 연도의 NCPMS 예찰자료만 사용한 상대 위험 전망으로, 기상·재배면적·방제 변화와 2027년 실제 발생을 확정하지 않습니다.",관찰
논벼,애멸구,해충,경기도,0,0,0,유지,보통,36,2024·2026,"기준선 비교: 2026 유지 0.0점, 2024·2026 가중평균 0.0점, 선택 모델(완화 추세+표본 축소) 0.0점. 지역 변화 +0.0점을 표본가중치 0.75로 같은 병해충·작물의 지역 중앙 변화 +0.0점 방향에 축소하고, 1년 연장 변화는 ±20점으로 제한했습니다. 양년 자료 있음, 공통 조사단위 2개, 유효 관측 36건, 결측률 0.0%, 단위별 변화 변동성 0.0점. 비교는 가능하지만 표본 또는 변동성에 불확실성이 남습니다. 2024·2026 두 개 연도의 NCPMS 예찰자료만 사용한 상대 위험 전망으로, 기상·재배면적·방제 변화와 2027년 실제 발생을 확정하지 않습니다.",관찰
논벼,애멸구,해충,경상남도,38,29,27,유지,보통,32,2024·2026,"기준선 비교: 2026 유지 29.0점, 2024·2026 가중평균 32.0점, 선택 모델(완화 추세+표본 축소) 26.8점. 지역 변화 -8.5점을 표본가중치 0.73로 같은 병해충·작물의 지역 중앙 변화 +0.0점 방향에 축소하고, 1년 연장 변화는 ±20점으로 제한했습니다. 양년 자료 있음, 공통 조사단위 2개, 유효 관측 32건, 결측률 0.0%, 단위별 변화 변동성 37.5점. 비교는 가능하지만 표본 또는 변동성에 불확실성이 남습니다. 2024·2026 두 개 연도의 NCPMS 예찰자료만 사용한 상대 위험 전망으로, 기상·재배면적·방제 변화와 2027년 실제 발생을 확정하지 않습니다.",관찰
논벼,애멸구,해충,경상북도,0,0,0,유지,보통,32,2024·2026,"기준선 비교: 2026 유지 0.0점, 2024·2026 가중평균 0.0점, 선택 모델(완화 추세+표본 축소) 0.0점. 지역 변화 +0.0점을 표본가중치 0.73로 같은 병해충·작물의 지역 중앙 변화 +0.0점 방향에 축소하고, 1년 연장 변화는 ±20점으로 제한했습니다. 양년 자료 있음, 공통 조사단위 2개, 유효 관측 32건, 결측률 0.0%, 단위별 변화 변동성 0.0점. 비교는 가능하지만 표본 또는 변동성에 불확실성이 남습니다. 2024·2026 두 개 연도의 NCPMS 예찰자료만 사용한 상대 위험 전망으로, 기상·재배면적·방제 변화와 2027년 실제 발생을 확정하지 않습니다.",관찰
논벼,애멸구,해충,대구광역시,0,0,0,유지,보통,32,2024·2026,"기준선 비교: 2026 유지 0.0점, 2024·2026 가중평균 0.0점, 선택 모델(완화 추세+표본 축소) 0.0점. 지역 변화 +0.0점을 표본가중치 0.73로 같은 병해충·작물의 지역 중앙 변화 +0.0점 방향에 축소하고, 1년 연장 변화는 ±20점으로 제한했습니다. 양년 자료 있음, 공통 조사단위 2개, 유효 관측 32건, 결측률 0.0%, 단위별 변화 변동성 0.0점. 비교는 가능하지만 표본 또는 변동성에 불확실성이 남습니다. 2024·2026 두 개 연도의 NCPMS 예찰자료만 사용한 상대 위험 전망으로, 기상·재배면적·방제 변화와 2027년 실제 발생을 확정하지 않습니다.",관찰
논벼,애멸구,해충,대전광역시,0,0,0,유지,보통,32,2024·2026,"기준선 비교: 2026 유지 0.0점, 2024·2026 가중평균 0.0점, 선택 모델(완화 추세+표본 축소) 0.0점. 지역 변화 +0.0점을 표본가중치 0.73로 같은 병해충·작물의 지역 중앙 변화 +0.0점 방향에 축소하고, 1년 연장 변화는 ±20점으로 제한했습니다. 양년 자료 있음, 공통 조사단위 2개, 유효 관측 32건, 결측률 0.0%, 단위별 변화 변동성 0.0점. 비교는 가능하지만 표본 또는 변동성에 불확실성이 남습니다. 2024·2026 두 개 연도의 NCPMS 예찰자료만 사용한 상대 위험 전망으로, 기상·재배면적·방제 변화와 2027년 실제 발생을 확정하지 않습니다.",관찰
논벼,애멸구,해충,부산광역시,0,0,0,유지,보통,32,2024·2026,"기준선 비교: 2026 유지 0.0점, 2024·2026 가중평균 0.0점, 선택 모델(완화 추세+표본 축소) 0.0점. 지역 변화 +0.0점을 표본가중치 0.73로 같은 병해충·작물의 지역 중앙 변화 +0.0점 방향에 축소하고, 1년 연장 변화는 ±20점으로 제한했습니다. 양년 자료 있음, 공통 조사단위 2개, 유효 관측 32건, 결측률 0.0%, 단위별 변화 변동성 0.0점. 비교는 가능하지만 표본 또는 변동성에 불확실성이 남습니다. 2024·2026 두 개 연도의 NCPMS 예찰자료만 사용한 상대 위험 전망으로, 기상·재배면적·방제 변화와 2027년 실제 발생을 확정하지 않습니다.",관찰
논벼,애멸구,해충,세종특별자치시,0,0,0,유지,보통,28,2024·2026,"기준선 비교: 2026 유지 0.0점, 2024·2026 가중평균 0.0점, 선택 모델(완화 추세+표본 축소) 0.0점. 지역 변화 +0.0점을 표본가중치 0.70로 같은 병해충·작물의 지역 중앙 변화 +0.0점 방향에 축소하고, 1년 연장 변화는 ±20점으로 제한했습니다. 양년 자료 있음, 공통 조사단위 2개, 유효 관측 28건, 결측률 0.0%, 단위별 변화 변동성 0.0점. 비교는 가능하지만 표본 또는 변동성에 불확실성이 남습니다. 2024·2026 두 개 연도의 NCPMS 예찰자료만 사용한 상대 위험 전망으로, 기상·재배면적·방제 변화와 2027년 실제 발생을 확정하지 않습니다.",관찰
논벼,애멸구,해충,울산광역시,0,0,0,유지,보통,32,2024·2026,"기준선 비교: 2026 유지 0.0점, 2024·2026 가중평균 0.0점, 선택 모델(완화 추세+표본 축소) 0.0점. 지역 변화 +0.0점을 표본가중치 0.73로 같은 병해충·작물의 지역 중앙 변화 +0.0점 방향에 축소하고, 1년 연장 변화는 ±20점으로 제한했습니다. 양년 자료 있음, 공통 조사단위 2개, 유효 관측 32건, 결측률 0.0%, 단위별 변화 변동성 0.0점. 비교는 가능하지만 표본 또는 변동성에 불확실성이 남습니다. 2024·2026 두 개 연도의 NCPMS 예찰자료만 사용한 상대 위험 전망으로, 기상·재배면적·방제 변화와 2027년 실제 발생을 확정하지 않습니다.",관찰
논벼,애멸구,해충,인천광역시,0,0,0,유지,보통,32,2024·2026,"기준선 비교: 2026 유지 0.0점, 2024·2026 가중평균 0.0점, 선택 모델(완화 추세+표본 축소) 0.0점. 지역 변화 +0.0점을 표본가중치 0.73로 같은 병해충·작물의 지역 중앙 변화 +0.0점 방향에 축소하고, 1년 연장 변화는 ±20점으로 제한했습니다. 양년 자료 있음, 공통 조사단위 2개, 유효 관측 32건, 결측률 0.0%, 단위별 변화 변동성 0.0점. 비교는 가능하지만 표본 또는 변동성에 불확실성이 남습니다. 2024·2026 두 개 연도의 NCPMS 예찰자료만 사용한 상대 위험 전망으로, 기상·재배면적·방제 변화와 2027년 실제 발생을 확정하지 않습니다.",관찰
논벼,애멸구,해충,전남광주통합특별시,50,68,72,유지,보통,32,2024·2026,"기준선 비교: 2026 유지 67.8점, 2024·2026 가중평균 61.6점, 선택 모델(완화 추세+표본 축소) 72.3점. 지역 변화 +17.8점을 표본가중치 0.73로 같은 병해충·작물의 지역 중앙 변화 +0.0점 방향에 축소하고, 1년 연장 변화는 ±20점으로 제한했습니다. 양년 자료 있음, 공통 조사단위 2개, 유효 관측 32건, 결측률 0.0%, 단위별 변화 변동성 3.3점. 비교는 가능하지만 표본 또는 변동성에 불확실성이 남습니다. 2024·2026 두 개 연도의 NCPMS 예찰자료만 사용한 상대 위험 전망으로, 기상·재배면적·방제 변화와 2027년 실제 발생을 확정하지 않습니다.",고위험
논벼,애멸구,해충,전북특별자치도,0,8,10,유지,보통,32,2024·2026,"기준선 비교: 2026 유지 8.2점, 2024·2026 가중평균 5.3점, 선택 모델(완화 추세+표본 축소) 10.2점. 지역 변화 +8.2점을 표본가중치 0.73로 같은 병해충·작물의 지역 중앙 변화 +0.0점 방향에 축소하고, 1년 연장 변화는 ±20점으로 제한했습니다. 양년 자료 있음, 공통 조사단위 2개, 유효 관측 32건, 결측률 0.0%, 단위별 변화 변동성 0.0점. 비교는 가능하지만 표본 또는 변동성에 불확실성이 남습니다. 2024·2026 두 개 연도의 NCPMS 예찰자료만 사용한 상대 위험 전망으로, 기상·재배면적·방제 변화와 2027년 실제 발생을 확정하지 않습니다.",관찰
논벼,애멸구,해충,충청남도,37,0,0,유지,보통,32,2024·2026,"기준선 비교: 2026 유지 0.0점, 2024·2026 가중평균 13.2점, 선택 모델(완화 추세+표본 축소) 0.0점. 지역 변화 -37.5점을 표본가중치 0.73로 같은 병해충·작물의 지역 중앙 변화 +0.0점 방향에 축소하고, 1년 연장 변화는 ±20점으로 제한했습니다. 양년 자료 있음, 공통 조사단위 2개, 유효 관측 32건, 결측률 0.0%, 단위별 변화 변동성 0.1점. 비교는 가능하지만 표본 또는 변동성에 불확실성이 남습니다. 2024·2026 두 개 연도의 NCPMS 예찰자료만 사용한 상대 위험 전망으로, 기상·재배면적·방제 변화와 2027년 실제 발생을 확정하지 않습니다.",관찰
논벼,애멸구,해충,충청북도,0,0,0,유지,보통,36,2024·2026,"기준선 비교: 2026 유지 0.0점, 2024·2026 가중평균 0.0점, 선택 모델(완화 추세+표본 축소) 0.0점. 지역 변화 +0.0점을 표본가중치 0.75로 같은 병해충·작물의 지역 중앙 변화 +0.0점 방향에 축소하고, 1년 연장 변화는 ±20점으로 제한했습니다. 양년 자료 있음, 공통 조사단위 2개, 유효 관측 36건, 결측률 0.0%, 단위별 변화 변동성 0.0점. 비교는 가능하지만 표본 또는 변동성에 불확실성이 남습니다. 2024·2026 두 개 연도의 NCPMS 예찰자료만 사용한 상대 위험 전망으로, 기상·재배면적·방제 변화와 2027년 실제 발생을 확정하지 않습니다.",관찰
무,여름무-검은썩음병,병해,강원특별자치도,,0,,전망자료 부족,낮음,8,2026,"양년 자료 없음, 공통 조사단위 0개, 유효 관측 8건, 결측률 0.0%, 단위별 변화 변동성 100.0점. 제한된 비교 단위 또는 변동성 때문에 보수적으로 낮게 평가합니다. 2024·2026 두 개 연도의 NCPMS 예찰자료만 사용한 상대 위험 전망으로, 기상·재배면적·방제 변화와 2027년 실제 발생을 확정하지 않습니다.",전망자료 부족
무,여름무-노균병,병해,강원특별자치도,,25,,전망자료 부족,낮음,8,2026,"양년 자료 없음, 공통 조사단위 0개, 유효 관측 8건, 결측률 0.0%, 단위별 변화 변동성 100.0점. 제한된 비교 단위 또는 변동성 때문에 보수적으로 낮게 평가합니다. 2024·2026 두 개 연도의 NCPMS 예찰자료만 사용한 상대 위험 전망으로, 기상·재배면적·방제 변화와 2027년 실제 발생을 확정하지 않습니다.",전망자료 부족
무,여름무-무름병,병해,강원특별자치도,,25,,전망자료 부족,낮음,8,2026,"양년 자료 없음, 공통 조사단위 0개, 유효 관측 8건, 결측률 0.0%, 단위별 변화 변동성 100.0점. 제한된 비교 단위 또는 변동성 때문에 보수적으로 낮게 평가합니다. 2024·2026 두 개 연도의 NCPMS 예찰자료만 사용한 상대 위험 전망으로, 기상·재배면적·방제 변화와 2027년 실제 발생을 확정하지 않습니다.",전망자료 부족
무,여름무-바이러스병,바이러스,강원특별자치도,,0,,전망자료 부족,낮음,8,2026,"양년 자료 없음, 공통 조사단위 0개, 유효 관측 8건, 결측률 0.0%, 단위별 변화 변동성 100.0점. 제한된 비교 단위 또는 변동성 때문에 보수적으로 낮게 평가합니다. 2024·2026 두 개 연도의 NCPMS 예찰자료만 사용한 상대 위험 전망으로, 기상·재배면적·방제 변화와 2027년 실제 발생을 확정하지 않습니다.",전망자료 부족
무,여름무-뿌리혹병,병해,강원특별자치도,,0,,전망자료 부족,낮음,8,2026,"양년 자료 없음, 공통 조사단위 0개, 유효 관측 8건, 결측률 0.0%, 단위별 변화 변동성 100.0점. 제한된 비교 단위 또는 변동성 때문에 보수적으로 낮게 평가합니다. 2024·2026 두 개 연도의 NCPMS 예찰자료만 사용한 상대 위험 전망으로, 기상·재배면적·방제 변화와 2027년 실제 발생을 확정하지 않습니다.",전망자료 부족
배추,여름배추-검은무늬병,병해,강원특별자치도,,0,,전망자료 부족,낮음,8,2026,"양년 자료 없음, 공통 조사단위 0개, 유효 관측 8건, 결측률 0.0%, 단위별 변화 변동성 100.0점. 제한된 비교 단위 또는 변동성 때문에 보수적으로 낮게 평가합니다. 2024·2026 두 개 연도의 NCPMS 예찰자료만 사용한 상대 위험 전망으로, 기상·재배면적·방제 변화와 2027년 실제 발생을 확정하지 않습니다.",전망자료 부족
배추,여름배추-노균병,병해,강원특별자치도,,0,,전망자료 부족,낮음,8,2026,"양년 자료 없음, 공통 조사단위 0개, 유효 관측 8건, 결측률 0.0%, 단위별 변화 변동성 100.0점. 제한된 비교 단위 또는 변동성 때문에 보수적으로 낮게 평가합니다. 2024·2026 두 개 연도의 NCPMS 예찰자료만 사용한 상대 위험 전망으로, 기상·재배면적·방제 변화와 2027년 실제 발생을 확정하지 않습니다.",전망자료 부족
배추,여름배추-무름병,병해,강원특별자치도,,27,,전망자료 부족,낮음,8,2026,"양년 자료 없음, 공통 조사단위 0개, 유효 관측 8건, 결측률 0.0%, 단위별 변화 변동성 100.0점. 제한된 비교 단위 또는 변동성 때문에 보수적으로 낮게 평가합니다. 2024·2026 두 개 연도의 NCPMS 예찰자료만 사용한 상대 위험 전망으로, 기상·재배면적·방제 변화와 2027년 실제 발생을 확정하지 않습니다.",전망자료 부족
배추,여름배추-바이러스병,바이러스,강원특별자치도,,0,,전망자료 부족,낮음,8,2026,"양년 자료 없음, 공통 조사단위 0개, 유효 관측 8건, 결측률 0.0%, 단위별 변화 변동성 100.0점. 제한된 비교 단위 또는 변동성 때문에 보수적으로 낮게 평가합니다. 2024·2026 두 개 연도의 NCPMS 예찰자료만 사용한 상대 위험 전망으로, 기상·재배면적·방제 변화와 2027년 실제 발생을 확정하지 않습니다.",전망자료 부족
배추,여름배추-배추좀나방,해충,강원특별자치도,,0,,전망자료 부족,낮음,8,2026,"양년 자료 없음, 공통 조사단위 0개, 유효 관측 8건, 결측률 0.0%, 단위별 변화 변동성 100.0점. 제한된 비교 단위 또는 변동성 때문에 보수적으로 낮게 평가합니다. 2024·2026 두 개 연도의 NCPMS 예찰자료만 사용한 상대 위험 전망으로, 기상·재배면적·방제 변화와 2027년 실제 발생을 확정하지 않습니다.",전망자료 부족
배추,여름배추-뿌리마름병,병해,강원특별자치도,,0,,전망자료 부족,낮음,8,2026,"양년 자료 없음, 공통 조사단위 0개, 유효 관측 8건, 결측률 0.0%, 단위별 변화 변동성 100.0점. 제한된 비교 단위 또는 변동성 때문에 보수적으로 낮게 평가합니다. 2024·2026 두 개 연도의 NCPMS 예찰자료만 사용한 상대 위험 전망으로, 기상·재배면적·방제 변화와 2027년 실제 발생을 확정하지 않습니다.",전망자료 부족
배추,여름배추-진딧물류,해충,강원특별자치도,,0,,전망자료 부족,낮음,8,2026,"양년 자료 없음, 공통 조사단위 0개, 유효 관측 8건, 결측률 0.0%, 단위별 변화 변동성 100.0점. 제한된 비교 단위 또는 변동성 때문에 보수적으로 낮게 평가합니다. 2024·2026 두 개 연도의 NCPMS 예찰자료만 사용한 상대 위험 전망으로, 기상·재배면적·방제 변화와 2027년 실제 발생을 확정하지 않습니다.",전망자료 부족
배추,여름배추-흰무늬병,병해,강원특별자치도,,0,,전망자료 부족,낮음,8,2026,"양년 자료 없음, 공통 조사단위 0개, 유효 관측 8건, 결측률 0.0%, 단위별 변화 변동성 100.0점. 제한된 비교 단위 또는 변동성 때문에 보수적으로 낮게 평가합니다. 2024·2026 두 개 연도의 NCPMS 예찰자료만 사용한 상대 위험 전망으로, 기상·재배면적·방제 변화와 2027년 실제 발생을 확정하지 않습니다.",전망자료 부족
감귤,역병,병해,제주특별자치도,,0,,전망자료 부족,낮음,7,2026,"양년 자료 없음, 공통 조사단위 0개, 유효 관측 7건, 결측률 0.0%, 단위별 변화 변동성 100.0점. 제한된 비교 단위 또는 변동성 때문에 보수적으로 낮게 평가합니다. 2024·2026 두 개 연도의 NCPMS 예찰자료만 사용한 상대 위험 전망으로, 기상·재배면적·방제 변화와 2027년 실제 발생을 확정하지 않습니다.",전망자료 부족
고추,역병,병해,강원특별자치도,0,,,전망자료 부족,낮음,2,2024,"양년 자료 없음, 공통 조사단위 0개, 유효 관측 2건, 결측률 0.0%, 단위별 변화 변동성 100.0점. 제한된 비교 단위 또는 변동성 때문에 보수적으로 낮게 평가합니다. 2024·2026 두 개 연도의 NCPMS 예찰자료만 사용한 상대 위험 전망으로, 기상·재배면적·방제 변화와 2027년 실제 발생을 확정하지 않습니다.",전망자료 부족
고추,역병,병해,경기도,0,,,전망자료 부족,낮음,2,2024,"양년 자료 없음, 공통 조사단위 0개, 유효 관측 2건, 결측률 0.0%, 단위별 변화 변동성 100.0점. 제한된 비교 단위 또는 변동성 때문에 보수적으로 낮게 평가합니다. 2024·2026 두 개 연도의 NCPMS 예찰자료만 사용한 상대 위험 전망으로, 기상·재배면적·방제 변화와 2027년 실제 발생을 확정하지 않습니다.",전망자료 부족
고추,역병,병해,경상남도,0,,,전망자료 부족,낮음,2,2024,"양년 자료 없음, 공통 조사단위 0개, 유효 관측 2건, 결측률 0.0%, 단위별 변화 변동성 100.0점. 제한된 비교 단위 또는 변동성 때문에 보수적으로 낮게 평가합니다. 2024·2026 두 개 연도의 NCPMS 예찰자료만 사용한 상대 위험 전망으로, 기상·재배면적·방제 변화와 2027년 실제 발생을 확정하지 않습니다.",전망자료 부족
고추,역병,병해,경상북도,0,,,전망자료 부족,낮음,9,2024,"양년 자료 없음, 공통 조사단위 0개, 유효 관측 9건, 결측률 0.0%, 단위별 변화 변동성 100.0점. 제한된 비교 단위 또는 변동성 때문에 보수적으로 낮게 평가합니다. 2024·2026 두 개 연도의 NCPMS 예찰자료만 사용한 상대 위험 전망으로, 기상·재배면적·방제 변화와 2027년 실제 발생을 확정하지 않습니다.",전망자료 부족
고추,역병,병해,대구광역시,0,,,전망자료 부족,낮음,2,2024,"양년 자료 없음, 공통 조사단위 0개, 유효 관측 2건, 결측률 0.0%, 단위별 변화 변동성 100.0점. 제한된 비교 단위 또는 변동성 때문에 보수적으로 낮게 평가합니다. 2024·2026 두 개 연도의 NCPMS 예찰자료만 사용한 상대 위험 전망으로, 기상·재배면적·방제 변화와 2027년 실제 발생을 확정하지 않습니다.",전망자료 부족
고추,역병,병해,전남광주통합특별시,0,,,전망자료 부족,낮음,2,2024,"양년 자료 없음, 공통 조사단위 0개, 유효 관측 2건, 결측률 0.0%, 단위별 변화 변동성 100.0점. 제한된 비교 단위 또는 변동성 때문에 보수적으로 낮게 평가합니다. 2024·2026 두 개 연도의 NCPMS 예찰자료만 사용한 상대 위험 전망으로, 기상·재배면적·방제 변화와 2027년 실제 발생을 확정하지 않습니다.",전망자료 부족
고추,역병,병해,전북특별자치도,100,,,전망자료 부족,낮음,2,2024,"양년 자료 없음, 공통 조사단위 0개, 유효 관측 2건, 결측률 0.0%, 단위별 변화 변동성 100.0점. 제한된 비교 단위 또는 변동성 때문에 보수적으로 낮게 평가합니다. 2024·2026 두 개 연도의 NCPMS 예찰자료만 사용한 상대 위험 전망으로, 기상·재배면적·방제 변화와 2027년 실제 발생을 확정하지 않습니다.",전망자료 부족
고추,역병,병해,충청남도,0,,,전망자료 부족,낮음,3,2024,"양년 자료 없음, 공통 조사단위 0개, 유효 관측 3건, 결측률 0.0%, 단위별 변화 변동성 100.0점. 제한된 비교 단위 또는 변동성 때문에 보수적으로 낮게 평가합니다. 2024·2026 두 개 연도의 NCPMS 예찰자료만 사용한 상대 위험 전망으로, 기상·재배면적·방제 변화와 2027년 실제 발생을 확정하지 않습니다.",전망자료 부족
고추,역병,병해,충청북도,0,,,전망자료 부족,낮음,2,2024,"양년 자료 없음, 공통 조사단위 0개, 유효 관측 2건, 결측률 0.0%, 단위별 변화 변동성 100.0점. 제한된 비교 단위 또는 변동성 때문에 보수적으로 낮게 평가합니다. 2024·2026 두 개 연도의 NCPMS 예찰자료만 사용한 상대 위험 전망으로, 기상·재배면적·방제 변화와 2027년 실제 발생을 확정하지 않습니다.",전망자료 부족
사과,역병,병해,강원특별자치도,0,0,0,유지,보통,12,2024·2026,"기준선 비교: 2026 유지 0.0점, 2024·2026 가중평균 0.0점, 선택 모델(완화 추세+표본 축소) 0.0점. 지역 변화 +0.0점을 표본가중치 0.50로 같은 병해충·작물의 지역 중앙 변화 +0.0점 방향에 축소하고, 1년 연장 변화는 ±20점으로 제한했습니다. 양년 자료 있음, 공통 조사단위 3개, 유효 관측 12건, 결측률 0.0%, 단위별 변화 변동성 0.0점. 비교는 가능하지만 표본 또는 변동성에 불확실성이 남습니다. 2024·2026 두 개 연도의 NCPMS 예찰자료만 사용한 상대 위험 전망으로, 기상·재배면적·방제 변화와 2027년 실제 발생을 확정하지 않습니다.",관찰
사과,역병,병해,경기도,0,0,0,유지,보통,12,2024·2026,"기준선 비교: 2026 유지 0.0점, 2024·2026 가중평균 0.0점, 선택 모델(완화 추세+표본 축소) 0.0점. 지역 변화 +0.0점을 표본가중치 0.50로 같은 병해충·작물의 지역 중앙 변화 +0.0점 방향에 축소하고, 1년 연장 변화는 ±20점으로 제한했습니다. 양년 자료 있음, 공통 조사단위 3개, 유효 관측 12건, 결측률 0.0%, 단위별 변화 변동성 0.0점. 비교는 가능하지만 표본 또는 변동성에 불확실성이 남습니다. 2024·2026 두 개 연도의 NCPMS 예찰자료만 사용한 상대 위험 전망으로, 기상·재배면적·방제 변화와 2027년 실제 발생을 확정하지 않습니다.",관찰
사과,역병,병해,경상남도,0,0,0,유지,보통,12,2024·2026,"기준선 비교: 2026 유지 0.0점, 2024·2026 가중평균 0.0점, 선택 모델(완화 추세+표본 축소) 0.0점. 지역 변화 +0.0점을 표본가중치 0.50로 같은 병해충·작물의 지역 중앙 변화 +0.0점 방향에 축소하고, 1년 연장 변화는 ±20점으로 제한했습니다. 양년 자료 있음, 공통 조사단위 3개, 유효 관측 12건, 결측률 0.0%, 단위별 변화 변동성 0.0점. 비교는 가능하지만 표본 또는 변동성에 불확실성이 남습니다. 2024·2026 두 개 연도의 NCPMS 예찰자료만 사용한 상대 위험 전망으로, 기상·재배면적·방제 변화와 2027년 실제 발생을 확정하지 않습니다.",관찰
사과,역병,병해,경상북도,0,0,0,유지,보통,12,2024·2026,"기준선 비교: 2026 유지 0.0점, 2024·2026 가중평균 0.0점, 선택 모델(완화 추세+표본 축소) 0.0점. 지역 변화 +0.0점을 표본가중치 0.50로 같은 병해충·작물의 지역 중앙 변화 +0.0점 방향에 축소하고, 1년 연장 변화는 ±20점으로 제한했습니다. 양년 자료 있음, 공통 조사단위 3개, 유효 관측 12건, 결측률 0.0%, 단위별 변화 변동성 0.0점. 비교는 가능하지만 표본 또는 변동성에 불확실성이 남습니다. 2024·2026 두 개 연도의 NCPMS 예찰자료만 사용한 상대 위험 전망으로, 기상·재배면적·방제 변화와 2027년 실제 발생을 확정하지 않습니다.",관찰
사과,역병,병해,대구광역시,0,,,전망자료 부족,낮음,6,2024,"양년 자료 없음, 공통 조사단위 0개, 유효 관측 6건, 결측률 0.0%, 단위별 변화 변동성 100.0점. 제한된 비교 단위 또는 변동성 때문에 보수적으로 낮게 평가합니다. 2024·2026 두 개 연도의 NCPMS 예찰자료만 사용한 상대 위험 전망으로, 기상·재배면적·방제 변화와 2027년 실제 발생을 확정하지 않습니다.",전망자료 부족
사과,역병,병해,전남광주통합특별시,0,0,0,유지,보통,11,2024·2026,"기준선 비교: 2026 유지 0.0점, 2024·2026 가중평균 0.0점, 선택 모델(완화 추세+표본 축소) 0.0점. 지역 변화 +0.0점을 표본가중치 0.48로 같은 병해충·작물의 지역 중앙 변화 +0.0점 방향에 축소하고, 1년 연장 변화는 ±20점으로 제한했습니다. 양년 자료 있음, 공통 조사단위 2개, 유효 관측 11건, 결측률 0.0%, 단위별 변화 변동성 0.0점. 비교는 가능하지만 표본 또는 변동성에 불확실성이 남습니다. 2024·2026 두 개 연도의 NCPMS 예찰자료만 사용한 상대 위험 전망으로, 기상·재배면적·방제 변화와 2027년 실제 발생을 확정하지 않습니다.",관찰
사과,역병,병해,전북특별자치도,0,0,0,유지,보통,12,2024·2026,"기준선 비교: 2026 유지 0.0점, 2024·2026 가중평균 0.0점, 선택 모델(완화 추세+표본 축소) 0.0점. 지역 변화 +0.0점을 표본가중치 0.50로 같은 병해충·작물의 지역 중앙 변화 +0.0점 방향에 축소하고, 1년 연장 변화는 ±20점으로 제한했습니다. 양년 자료 있음, 공통 조사단위 3개, 유효 관측 12건, 결측률 0.0%, 단위별 변화 변동성 0.0점. 비교는 가능하지만 표본 또는 변동성에 불확실성이 남습니다. 2024·2026 두 개 연도의 NCPMS 예찰자료만 사용한 상대 위험 전망으로, 기상·재배면적·방제 변화와 2027년 실제 발생을 확정하지 않습니다.",관찰
사과,역병,병해,충청남도,0,50,59,증가,낮음,12,2024·2026,"기준선 비교: 2026 유지 50.0점, 2024·2026 가중평균 32.5점, 선택 모델(완화 추세+표본 축소) 58.8점. 지역 변화 +50.0점을 표본가중치 0.50로 같은 병해충·작물의 지역 중앙 변화 +0.0점 방향에 축소하고, 1년 연장 변화는 ±20점으로 제한했습니다. 양년 자료 있음, 공통 조사단위 3개, 유효 관측 12건, 결측률 0.0%, 단위별 변화 변동성 47.1점. 제한된 비교 단위 또는 변동성 때문에 보수적으로 낮게 평가합니다. 2024·2026 두 개 연도의 NCPMS 예찰자료만 사용한 상대 위험 전망으로, 기상·재배면적·방제 변화와 2027년 실제 발생을 확정하지 않습니다.",주의
사과,역병,병해,충청북도,0,0,0,유지,보통,12,2024·2026,"기준선 비교: 2026 유지 0.0점, 2024·2026 가중평균 0.0점, 선택 모델(완화 추세+표본 축소) 0.0점. 지역 변화 +0.0점을 표본가중치 0.50로 같은 병해충·작물의 지역 중앙 변화 +0.0점 방향에 축소하고, 1년 연장 변화는 ±20점으로 제한했습니다. 양년 자료 있음, 공통 조사단위 3개, 유효 관측 12건, 결측률 0.0%, 단위별 변화 변동성 0.0점. 비교는 가능하지만 표본 또는 변동성에 불확실성이 남습니다. 2024·2026 두 개 연도의 NCPMS 예찰자료만 사용한 상대 위험 전망으로, 기상·재배면적·방제 변화와 2027년 실제 발생을 확정하지 않습니다.",관찰
콩,역병,병해,강원특별자치도,,0,,전망자료 부족,낮음,5,2026,"양년 자료 없음, 공통 조사단위 0개, 유효 관측 5건, 결측률 0.0%, 단위별 변화 변동성 100.0점. 제한된 비교 단위 또는 변동성 때문에 보수적으로 낮게 평가합니다. 2024·2026 두 개 연도의 NCPMS 예찰자료만 사용한 상대 위험 전망으로, 기상·재배면적·방제 변화와 2027년 실제 발생을 확정하지 않습니다.",전망자료 부족
콩,역병,병해,경기도,,0,,전망자료 부족,낮음,5,2026,"양년 자료 없음, 공통 조사단위 0개, 유효 관측 5건, 결측률 0.0%, 단위별 변화 변동성 100.0점. 제한된 비교 단위 또는 변동성 때문에 보수적으로 낮게 평가합니다. 2024·2026 두 개 연도의 NCPMS 예찰자료만 사용한 상대 위험 전망으로, 기상·재배면적·방제 변화와 2027년 실제 발생을 확정하지 않습니다.",전망자료 부족
콩,역병,병해,경상남도,,0,,전망자료 부족,낮음,5,2026,"양년 자료 없음, 공통 조사단위 0개, 유효 관측 5건, 결측률 0.0%, 단위별 변화 변동성 100.0점. 제한된 비교 단위 또는 변동성 때문에 보수적으로 낮게 평가합니다. 2024·2026 두 개 연도의 NCPMS 예찰자료만 사용한 상대 위험 전망으로, 기상·재배면적·방제 변화와 2027년 실제 발생을 확정하지 않습니다.",전망자료 부족
콩,역병,병해,경상북도,,0,,전망자료 부족,낮음,5,2026,"양년 자료 없음, 공통 조사단위 0개, 유효 관측 5건, 결측률 0.0%, 단위별 변화 변동성 100.0점. 제한된 비교 단위 또는 변동성 때문에 보수적으로 낮게 평가합니다. 2024·2026 두 개 연도의 NCPMS 예찰자료만 사용한 상대 위험 전망으로, 기상·재배면적·방제 변화와 2027년 실제 발생을 확정하지 않습니다.",전망자료 부족
콩,역병,병해,전남광주통합특별시,,0,,전망자료 부족,낮음,5,2026,"양년 자료 없음, 공통 조사단위 0개, 유효 관측 5건, 결측률 0.0%, 단위별 변화 변동성 100.0점. 제한된 비교 단위 또는 변동성 때문에 보수적으로 낮게 평가합니다. 2024·2026 두 개 연도의 NCPMS 예찰자료만 사용한 상대 위험 전망으로, 기상·재배면적·방제 변화와 2027년 실제 발생을 확정하지 않습니다.",전망자료 부족
콩,역병,병해,전북특별자치도,,0,,전망자료 부족,낮음,5,2026,"양년 자료 없음, 공통 조사단위 0개, 유효 관측 5건, 결측률 0.0%, 단위별 변화 변동성 100.0점. 제한된 비교 단위 또는 변동성 때문에 보수적으로 낮게 평가합니다. 2024·2026 두 개 연도의 NCPMS 예찰자료만 사용한 상대 위험 전망으로, 기상·재배면적·방제 변화와 2027년 실제 발생을 확정하지 않습니다.",전망자료 부족
콩,역병,병해,제주특별자치도,,0,,전망자료 부족,낮음,5,2026,"양년 자료 없음, 공통 조사단위 0개, 유효 관측 5건, 결측률 0.0%, 단위별 변화 변동성 100.0점. 제한된 비교 단위 또는 변동성 때문에 보수적으로 낮게 평가합니다. 2024·2026 두 개 연도의 NCPMS 예찰자료만 사용한 상대 위험 전망으로, 기상·재배면적·방제 변화와 2027년 실제 발생을 확정하지 않습니다.",전망자료 부족
콩,역병,병해,충청남도,,0,,전망자료 부족,낮음,5,2026,"양년 자료 없음, 공통 조사단위 0개, 유효 관측 5건, 결측률 0.0%, 단위별 변화 변동성 100.0점. 제한된 비교 단위 또는 변동성 때문에 보수적으로 낮게 평가합니다. 2024·2026 두 개 연도의 NCPMS 예찰자료만 사용한 상대 위험 전망으로, 기상·재배면적·방제 변화와 2027년 실제 발생을 확정하지 않습니다.",전망자료 부족
콩,역병,병해,충청북도,,0,,전망자료 부족,낮음,5,2026,"양년 자료 없음, 공통 조사단위 0개, 유효 관측 5건, 결측률 0.0%, 단위별 변화 변동성 100.0점. 제한된 비교 단위 또는 변동성 때문에 보수적으로 낮게 평가합니다. 2024·2026 두 개 연도의 NCPMS 예찰자료만 사용한 상대 위험 전망으로, 기상·재배면적·방제 변화와 2027년 실제 발생을 확정하지 않습니다.",전망자료 부족
논벼,오갈병,기타,강원특별자치도,0,,,전망자료 부족,낮음,8,2024,"양년 자료 없음, 공통 조사단위 0개, 유효 관측 8건, 결측률 0.0%, 단위별 변화 변동성 100.0점. 제한된 비교 단위 또는 변동성 때문에 보수적으로 낮게 평가합니다. 2024·2026 두 개 연도의 NCPMS 예찰자료만 사용한 상대 위험 전망으로, 기상·재배면적·방제 변화와 2027년 실제 발생을 확정하지 않습니다.",전망자료 부족
논벼,오갈병,기타,경기도,0,,,전망자료 부족,낮음,8,2024,"양년 자료 없음, 공통 조사단위 0개, 유효 관측 8건, 결측률 0.0%, 단위별 변화 변동성 100.0점. 제한된 비교 단위 또는 변동성 때문에 보수적으로 낮게 평가합니다. 2024·2026 두 개 연도의 NCPMS 예찰자료만 사용한 상대 위험 전망으로, 기상·재배면적·방제 변화와 2027년 실제 발생을 확정하지 않습니다.",전망자료 부족
논벼,오갈병,기타,경상남도,0,,,전망자료 부족,낮음,8,2024,"양년 자료 없음, 공통 조사단위 0개, 유효 관측 8건, 결측률 0.0%, 단위별 변화 변동성 100.0점. 제한된 비교 단위 또는 변동성 때문에 보수적으로 낮게 평가합니다. 2024·2026 두 개 연도의 NCPMS 예찰자료만 사용한 상대 위험 전망으로, 기상·재배면적·방제 변화와 2027년 실제 발생을 확정하지 않습니다.",전망자료 부족
논벼,오갈병,기타,경상북도,0,,,전망자료 부족,낮음,8,2024,"양년 자료 없음, 공통 조사단위 0개, 유효 관측 8건, 결측률 0.0%, 단위별 변화 변동성 100.0점. 제한된 비교 단위 또는 변동성 때문에 보수적으로 낮게 평가합니다. 2024·2026 두 개 연도의 NCPMS 예찰자료만 사용한 상대 위험 전망으로, 기상·재배면적·방제 변화와 2027년 실제 발생을 확정하지 않습니다.",전망자료 부족
논벼,오갈병,기타,대구광역시,0,,,전망자료 부족,낮음,8,2024,"양년 자료 없음, 공통 조사단위 0개, 유효 관측 8건, 결측률 0.0%, 단위별 변화 변동성 100.0점. 제한된 비교 단위 또는 변동성 때문에 보수적으로 낮게 평가합니다. 2024·2026 두 개 연도의 NCPMS 예찰자료만 사용한 상대 위험 전망으로, 기상·재배면적·방제 변화와 2027년 실제 발생을 확정하지 않습니다.",전망자료 부족
논벼,오갈병,기타,대전광역시,0,,,전망자료 부족,낮음,8,2024,"양년 자료 없음, 공통 조사단위 0개, 유효 관측 8건, 결측률 0.0%, 단위별 변화 변동성 100.0점. 제한된 비교 단위 또는 변동성 때문에 보수적으로 낮게 평가합니다. 2024·2026 두 개 연도의 NCPMS 예찰자료만 사용한 상대 위험 전망으로, 기상·재배면적·방제 변화와 2027년 실제 발생을 확정하지 않습니다.",전망자료 부족
논벼,오갈병,기타,부산광역시,0,,,전망자료 부족,낮음,8,2024,"양년 자료 없음, 공통 조사단위 0개, 유효 관측 8건, 결측률 0.0%, 단위별 변화 변동성 100.0점. 제한된 비교 단위 또는 변동성 때문에 보수적으로 낮게 평가합니다. 2024·2026 두 개 연도의 NCPMS 예찰자료만 사용한 상대 위험 전망으로, 기상·재배면적·방제 변화와 2027년 실제 발생을 확정하지 않습니다.",전망자료 부족
논벼,오갈병,기타,세종특별자치시,0,,,전망자료 부족,낮음,8,2024,"양년 자료 없음, 공통 조사단위 0개, 유효 관측 8건, 결측률 0.0%, 단위별 변화 변동성 100.0점. 제한된 비교 단위 또는 변동성 때문에 보수적으로 낮게 평가합니다. 2024·2026 두 개 연도의 NCPMS 예찰자료만 사용한 상대 위험 전망으로, 기상·재배면적·방제 변화와 2027년 실제 발생을 확정하지 않습니다.",전망자료 부족
논벼,오갈병,기타,울산광역시,0,,,전망자료 부족,낮음,8,2024,"양년 자료 없음, 공통 조사단위 0개, 유효 관측 8건, 결측률 0.0%, 단위별 변화 변동성 100.0점. 제한된 비교 단위 또는 변동성 때문에 보수적으로 낮게 평가합니다. 2024·2026 두 개 연도의 NCPMS 예찰자료만 사용한 상대 위험 전망으로, 기상·재배면적·방제 변화와 2027년 실제 발생을 확정하지 않습니다.",전망자료 부족
논벼,오갈병,기타,인천광역시,0,,,전망자료 부족,낮음,8,2024,"양년 자료 없음, 공통 조사단위 0개, 유효 관측 8건, 결측률 0.0%, 단위별 변화 변동성 100.0점. 제한된 비교 단위 또는 변동성 때문에 보수적으로 낮게 평가합니다. 2024·2026 두 개 연도의 NCPMS 예찰자료만 사용한 상대 위험 전망으로, 기상·재배면적·방제 변화와 2027년 실제 발생을 확정하지 않습니다.",전망자료 부족
논벼,오갈병,기타,전남광주통합특별시,0,,,전망자료 부족,낮음,8,2024,"양년 자료 없음, 공통 조사단위 0개, 유효 관측 8건, 결측률 0.0%, 단위별 변화 변동성 100.0점. 제한된 비교 단위 또는 변동성 때문에 보수적으로 낮게 평가합니다. 2024·2026 두 개 연도의 NCPMS 예찰자료만 사용한 상대 위험 전망으로, 기상·재배면적·방제 변화와 2027년 실제 발생을 확정하지 않습니다.",전망자료 부족
논벼,오갈병,기타,전북특별자치도,0,,,전망자료 부족,낮음,8,2024,"양년 자료 없음, 공통 조사단위 0개, 유효 관측 8건, 결측률 0.0%, 단위별 변화 변동성 100.0점. 제한된 비교 단위 또는 변동성 때문에 보수적으로 낮게 평가합니다. 2024·2026 두 개 연도의 NCPMS 예찰자료만 사용한 상대 위험 전망으로, 기상·재배면적·방제 변화와 2027년 실제 발생을 확정하지 않습니다.",전망자료 부족
논벼,오갈병,기타,충청남도,0,,,전망자료 부족,낮음,8,2024,"양년 자료 없음, 공통 조사단위 0개, 유효 관측 8건, 결측률 0.0%, 단위별 변화 변동성 100.0점. 제한된 비교 단위 또는 변동성 때문에 보수적으로 낮게 평가합니다. 2024·2026 두 개 연도의 NCPMS 예찰자료만 사용한 상대 위험 전망으로, 기상·재배면적·방제 변화와 2027년 실제 발생을 확정하지 않습니다.",전망자료 부족
논벼,오갈병,기타,충청북도,0,,,전망자료 부족,낮음,8,2024,"양년 자료 없음, 공통 조사단위 0개, 유효 관측 8건, 결측률 0.0%, 단위별 변화 변동성 100.0점. 제한된 비교 단위 또는 변동성 때문에 보수적으로 낮게 평가합니다. 2024·2026 두 개 연도의 NCPMS 예찰자료만 사용한 상대 위험 전망으로, 기상·재배면적·방제 변화와 2027년 실제 발생을 확정하지 않습니다.",전망자료 부족
사과,은무늬굴나방,해충,강원특별자치도,7,10,10,유지,보통,12,2024·2026,"기준선 비교: 2026 유지 9.5점, 2024·2026 가중평균 8.8점, 선택 모델(완화 추세+표본 축소) 10.1점. 지역 변화 +2.1점을 표본가중치 0.50로 같은 병해충·작물의 지역 중앙 변화 +1.0점 방향에 축소하고, 1년 연장 변화는 ±20점으로 제한했습니다. 양년 자료 있음, 공통 조사단위 3개, 유효 관측 12건, 결측률 0.0%, 단위별 변화 변동성 10.5점. 비교는 가능하지만 표본 또는 변동성에 불확실성이 남습니다. 2024·2026 두 개 연도의 NCPMS 예찰자료만 사용한 상대 위험 전망으로, 기상·재배면적·방제 변화와 2027년 실제 발생을 확정하지 않습니다.",관찰
사과,은무늬굴나방,해충,경기도,9,62,72,증가,보통,12,2024·2026,"기준선 비교: 2026 유지 62.2점, 2024·2026 가중평균 43.4점, 선택 모델(완화 추세+표본 축소) 71.8점. 지역 변화 +53.6점을 표본가중치 0.50로 같은 병해충·작물의 지역 중앙 변화 +1.0점 방향에 축소하고, 1년 연장 변화는 ±20점으로 제한했습니다. 양년 자료 있음, 공통 조사단위 3개, 유효 관측 12건, 결측률 0.0%, 단위별 변화 변동성 27.8점. 비교는 가능하지만 표본 또는 변동성에 불확실성이 남습니다. 2024·2026 두 개 연도의 NCPMS 예찰자료만 사용한 상대 위험 전망으로, 기상·재배면적·방제 변화와 2027년 실제 발생을 확정하지 않습니다.",고위험
사과,은무늬굴나방,해충,경상남도,0,0,0,유지,보통,12,2024·2026,"기준선 비교: 2026 유지 0.0점, 2024·2026 가중평균 0.0점, 선택 모델(완화 추세+표본 축소) 0.2점. 지역 변화 +0.0점을 표본가중치 0.50로 같은 병해충·작물의 지역 중앙 변화 +1.0점 방향에 축소하고, 1년 연장 변화는 ±20점으로 제한했습니다. 양년 자료 있음, 공통 조사단위 3개, 유효 관측 12건, 결측률 0.0%, 단위별 변화 변동성 0.0점. 비교는 가능하지만 표본 또는 변동성에 불확실성이 남습니다. 2024·2026 두 개 연도의 NCPMS 예찰자료만 사용한 상대 위험 전망으로, 기상·재배면적·방제 변화와 2027년 실제 발생을 확정하지 않습니다.",관찰
사과,은무늬굴나방,해충,경상북도,43,64,68,유지,보통,12,2024·2026,"기준선 비교: 2026 유지 63.8점, 2024·2026 가중평균 56.3점, 선택 모델(완화 추세+표본 축소) 67.7점. 지역 변화 +21.2점을 표본가중치 0.50로 같은 병해충·작물의 지역 중앙 변화 +1.0점 방향에 축소하고, 1년 연장 변화는 ±20점으로 제한했습니다. 양년 자료 있음, 공통 조사단위 3개, 유효 관측 12건, 결측률 0.0%, 단위별 변화 변동성 18.3점. 비교는 가능하지만 표본 또는 변동성에 불확실성이 남습니다. 2024·2026 두 개 연도의 NCPMS 예찰자료만 사용한 상대 위험 전망으로, 기상·재배면적·방제 변화와 2027년 실제 발생을 확정하지 않습니다.",고위험
사과,은무늬굴나방,해충,대구광역시,0,,,전망자료 부족,낮음,6,2024,"양년 자료 없음, 공통 조사단위 0개, 유효 관측 6건, 결측률 0.0%, 단위별 변화 변동성 100.0점. 제한된 비교 단위 또는 변동성 때문에 보수적으로 낮게 평가합니다. 2024·2026 두 개 연도의 NCPMS 예찰자료만 사용한 상대 위험 전망으로, 기상·재배면적·방제 변화와 2027년 실제 발생을 확정하지 않습니다.",전망자료 부족
사과,은무늬굴나방,해충,전남광주통합특별시,0,0,0,유지,보통,11,2024·2026,"기준선 비교: 2026 유지 0.0점, 2024·2026 가중평균 0.0점, 선택 모델(완화 추세+표본 축소) 0.2점. 지역 변화 +0.0점을 표본가중치 0.48로 같은 병해충·작물의 지역 중앙 변화 +1.0점 방향에 축소하고, 1년 연장 변화는 ±20점으로 제한했습니다. 양년 자료 있음, 공통 조사단위 2개, 유효 관측 11건, 결측률 0.0%, 단위별 변화 변동성 0.0점. 비교는 가능하지만 표본 또는 변동성에 불확실성이 남습니다. 2024·2026 두 개 연도의 NCPMS 예찰자료만 사용한 상대 위험 전망으로, 기상·재배면적·방제 변화와 2027년 실제 발생을 확정하지 않습니다.",관찰
사과,은무늬굴나방,해충,전북특별자치도,3,17,19,유지,보통,12,2024·2026,"기준선 비교: 2026 유지 16.7점, 2024·2026 가중평균 11.9점, 선택 모델(완화 추세+표본 축소) 19.2점. 지역 변화 +13.7점을 표본가중치 0.50로 같은 병해충·작물의 지역 중앙 변화 +1.0점 방향에 축소하고, 1년 연장 변화는 ±20점으로 제한했습니다. 양년 자료 있음, 공통 조사단위 3개, 유효 관측 12건, 결측률 0.0%, 단위별 변화 변동성 1.4점. 비교는 가능하지만 표본 또는 변동성에 불확실성이 남습니다. 2024·2026 두 개 연도의 NCPMS 예찰자료만 사용한 상대 위험 전망으로, 기상·재배면적·방제 변화와 2027년 실제 발생을 확정하지 않습니다.",관찰
사과,은무늬굴나방,해충,충청남도,0,0,0,유지,보통,12,2024·2026,"기준선 비교: 2026 유지 0.0점, 2024·2026 가중평균 0.0점, 선택 모델(완화 추세+표본 축소) 0.2점. 지역 변화 +0.0점을 표본가중치 0.50로 같은 병해충·작물의 지역 중앙 변화 +1.0점 방향에 축소하고, 1년 연장 변화는 ±20점으로 제한했습니다. 양년 자료 있음, 공통 조사단위 3개, 유효 관측 12건, 결측률 0.0%, 단위별 변화 변동성 0.0점. 비교는 가능하지만 표본 또는 변동성에 불확실성이 남습니다. 2024·2026 두 개 연도의 NCPMS 예찰자료만 사용한 상대 위험 전망으로, 기상·재배면적·방제 변화와 2027년 실제 발생을 확정하지 않습니다.",관찰
사과,은무늬굴나방,해충,충청북도,38,21,18,유지,보통,12,2024·2026,"기준선 비교: 2026 유지 20.5점, 2024·2026 가중평균 26.8점, 선택 모델(완화 추세+표본 축소) 17.6점. 지역 변화 -17.9점을 표본가중치 0.50로 같은 병해충·작물의 지역 중앙 변화 +1.0점 방향에 축소하고, 1년 연장 변화는 ±20점으로 제한했습니다. 양년 자료 있음, 공통 조사단위 3개, 유효 관측 12건, 결측률 0.0%, 단위별 변화 변동성 26.1점. 비교는 가능하지만 표본 또는 변동성에 불확실성이 남습니다. 2024·2026 두 개 연도의 NCPMS 예찰자료만 사용한 상대 위험 전망으로, 기상·재배면적·방제 변화와 2027년 실제 발생을 확정하지 않습니다.",관찰
배,응애류,해충,강원특별자치도,50,0,0,유지,낮음,8,2024·2026,"기준선 비교: 2026 유지 0.0점, 2024·2026 가중평균 17.5점, 선택 모델(완화 추세+표본 축소) 0.0점. 지역 변화 -50.0점을 표본가중치 0.40로 같은 병해충·작물의 지역 중앙 변화 +1.6점 방향에 축소하고, 1년 연장 변화는 ±20점으로 제한했습니다. 양년 자료 있음, 공통 조사단위 1개, 유효 관측 8건, 결측률 0.0%, 단위별 변화 변동성 0.0점. 제한된 비교 단위 또는 변동성 때문에 보수적으로 낮게 평가합니다. 2024·2026 두 개 연도의 NCPMS 예찰자료만 사용한 상대 위험 전망으로, 기상·재배면적·방제 변화와 2027년 실제 발생을 확정하지 않습니다.",관찰
배,응애류,해충,경기도,0,4,5,유지,보통,11,2024·2026,"기준선 비교: 2026 유지 4.3점, 2024·2026 가중평균 2.8점, 선택 모델(완화 추세+표본 축소) 5.3점. 지역 변화 +4.3점을 표본가중치 0.48로 같은 병해충·작물의 지역 중앙 변화 +1.6점 방향에 축소하고, 1년 연장 변화는 ±20점으로 제한했습니다. 양년 자료 있음, 공통 조사단위 4개, 유효 관측 11건, 결측률 0.0%, 단위별 변화 변동성 0.0점. 비교는 가능하지만 표본 또는 변동성에 불확실성이 남습니다. 2024·2026 두 개 연도의 NCPMS 예찰자료만 사용한 상대 위험 전망으로, 기상·재배면적·방제 변화와 2027년 실제 발생을 확정하지 않습니다.",관찰
배,응애류,해충,경상남도,0,2,2,유지,보통,11,2024·2026,"기준선 비교: 2026 유지 1.6점, 2024·2026 가중평균 1.0점, 선택 모델(완화 추세+표본 축소) 2.1점. 지역 변화 +1.6점을 표본가중치 0.48로 같은 병해충·작물의 지역 중앙 변화 +1.6점 방향에 축소하고, 1년 연장 변화는 ±20점으로 제한했습니다. 양년 자료 있음, 공통 조사단위 4개, 유효 관측 11건, 결측률 0.0%, 단위별 변화 변동성 0.0점. 비교는 가능하지만 표본 또는 변동성에 불확실성이 남습니다. 2024·2026 두 개 연도의 NCPMS 예찰자료만 사용한 상대 위험 전망으로, 기상·재배면적·방제 변화와 2027년 실제 발생을 확정하지 않습니다.",관찰
배,응애류,해충,경상북도,0,2,2,유지,보통,11,2024·2026,"기준선 비교: 2026 유지 1.9점, 2024·2026 가중평균 1.2점, 선택 모델(완화 추세+표본 축소) 2.5점. 지역 변화 +1.9점을 표본가중치 0.48로 같은 병해충·작물의 지역 중앙 변화 +1.6점 방향에 축소하고, 1년 연장 변화는 ±20점으로 제한했습니다. 양년 자료 있음, 공통 조사단위 4개, 유효 관측 11건, 결측률 0.0%, 단위별 변화 변동성 0.0점. 비교는 가능하지만 표본 또는 변동성에 불확실성이 남습니다. 2024·2026 두 개 연도의 NCPMS 예찰자료만 사용한 상대 위험 전망으로, 기상·재배면적·방제 변화와 2027년 실제 발생을 확정하지 않습니다.",관찰
배,응애류,해충,세종특별자치시,0,0,0,유지,보통,10,2024·2026,"기준선 비교: 2026 유지 0.0점, 2024·2026 가중평균 0.0점, 선택 모델(완화 추세+표본 축소) 0.3점. 지역 변화 +0.0점을 표본가중치 0.45로 같은 병해충·작물의 지역 중앙 변화 +1.6점 방향에 축소하고, 1년 연장 변화는 ±20점으로 제한했습니다. 양년 자료 있음, 공통 조사단위 4개, 유효 관측 10건, 결측률 0.0%, 단위별 변화 변동성 0.0점. 비교는 가능하지만 표본 또는 변동성에 불확실성이 남습니다. 2024·2026 두 개 연도의 NCPMS 예찰자료만 사용한 상대 위험 전망으로, 기상·재배면적·방제 변화와 2027년 실제 발생을 확정하지 않습니다.",관찰
배,응애류,해충,울산광역시,25,1,0,유지,낮음,10,2024·2026,"기준선 비교: 2026 유지 1.1점, 2024·2026 가중평균 9.5점, 선택 모델(완화 추세+표본 축소) 0.0점. 지역 변화 -23.9점을 표본가중치 0.45로 같은 병해충·작물의 지역 중앙 변화 +1.6점 방향에 축소하고, 1년 연장 변화는 ±20점으로 제한했습니다. 양년 자료 있음, 공통 조사단위 4개, 유효 관측 10건, 결측률 0.0%, 단위별 변화 변동성 43.3점. 제한된 비교 단위 또는 변동성 때문에 보수적으로 낮게 평가합니다. 2024·2026 두 개 연도의 NCPMS 예찰자료만 사용한 상대 위험 전망으로, 기상·재배면적·방제 변화와 2027년 실제 발생을 확정하지 않습니다.",관찰
배,응애류,해충,전남광주통합특별시,32,57,62,증가,보통,11,2024·2026,"기준선 비교: 2026 유지 57.1점, 2024·2026 가중평균 48.5점, 선택 모델(완화 추세+표본 축소) 61.6점. 지역 변화 +24.8점을 표본가중치 0.48로 같은 병해충·작물의 지역 중앙 변화 +1.6점 방향에 축소하고, 1년 연장 변화는 ±20점으로 제한했습니다. 양년 자료 있음, 공통 조사단위 4개, 유효 관측 11건, 결측률 0.0%, 단위별 변화 변동성 22.4점. 비교는 가능하지만 표본 또는 변동성에 불확실성이 남습니다. 2024·2026 두 개 연도의 NCPMS 예찰자료만 사용한 상대 위험 전망으로, 기상·재배면적·방제 변화와 2027년 실제 발생을 확정하지 않습니다.",주의
배,응애류,해충,전북특별자치도,,4,,전망자료 부족,낮음,7,2026,"양년 자료 없음, 공통 조사단위 0개, 유효 관측 7건, 결측률 0.0%, 단위별 변화 변동성 100.0점. 제한된 비교 단위 또는 변동성 때문에 보수적으로 낮게 평가합니다. 2024·2026 두 개 연도의 NCPMS 예찰자료만 사용한 상대 위험 전망으로, 기상·재배면적·방제 변화와 2027년 실제 발생을 확정하지 않습니다.",전망자료 부족
배,응애류,해충,충청남도,0,25,29,유지,보통,11,2024·2026,"기준선 비교: 2026 유지 24.8점, 2024·2026 가중평균 16.1점, 선택 모델(완화 추세+표본 축소) 29.2점. 지역 변화 +24.8점을 표본가중치 0.48로 같은 병해충·작물의 지역 중앙 변화 +1.6점 방향에 축소하고, 1년 연장 변화는 ±20점으로 제한했습니다. 양년 자료 있음, 공통 조사단위 4개, 유효 관측 11건, 결측률 0.0%, 단위별 변화 변동성 8.7점. 비교는 가능하지만 표본 또는 변동성에 불확실성이 남습니다. 2024·2026 두 개 연도의 NCPMS 예찰자료만 사용한 상대 위험 전망으로, 기상·재배면적·방제 변화와 2027년 실제 발생을 확정하지 않습니다.",관찰
배,응애류,해충,충청북도,0,0,0,유지,보통,11,2024·2026,"기준선 비교: 2026 유지 0.0점, 2024·2026 가중평균 0.0점, 선택 모델(완화 추세+표본 축소) 0.3점. 지역 변화 +0.0점을 표본가중치 0.48로 같은 병해충·작물의 지역 중앙 변화 +1.6점 방향에 축소하고, 1년 연장 변화는 ±20점으로 제한했습니다. 양년 자료 있음, 공통 조사단위 4개, 유효 관측 11건, 결측률 0.0%, 단위별 변화 변동성 0.0점. 비교는 가능하지만 표본 또는 변동성에 불확실성이 남습니다. 2024·2026 두 개 연도의 NCPMS 예찰자료만 사용한 상대 위험 전망으로, 기상·재배면적·방제 변화와 2027년 실제 발생을 확정하지 않습니다.",관찰
사과,응애류,해충,강원특별자치도,,42,,전망자료 부족,낮음,6,2026,"양년 자료 없음, 공통 조사단위 0개, 유효 관측 6건, 결측률 0.0%, 단위별 변화 변동성 100.0점. 제한된 비교 단위 또는 변동성 때문에 보수적으로 낮게 평가합니다. 2024·2026 두 개 연도의 NCPMS 예찰자료만 사용한 상대 위험 전망으로, 기상·재배면적·방제 변화와 2027년 실제 발생을 확정하지 않습니다.",전망자료 부족
사과,응애류,해충,경기도,,0,,전망자료 부족,낮음,6,2026,"양년 자료 없음, 공통 조사단위 0개, 유효 관측 6건, 결측률 0.0%, 단위별 변화 변동성 100.0점. 제한된 비교 단위 또는 변동성 때문에 보수적으로 낮게 평가합니다. 2024·2026 두 개 연도의 NCPMS 예찰자료만 사용한 상대 위험 전망으로, 기상·재배면적·방제 변화와 2027년 실제 발생을 확정하지 않습니다.",전망자료 부족
사과,응애류,해충,경상남도,,19,,전망자료 부족,낮음,6,2026,"양년 자료 없음, 공통 조사단위 0개, 유효 관측 6건, 결측률 0.0%, 단위별 변화 변동성 100.0점. 제한된 비교 단위 또는 변동성 때문에 보수적으로 낮게 평가합니다. 2024·2026 두 개 연도의 NCPMS 예찰자료만 사용한 상대 위험 전망으로, 기상·재배면적·방제 변화와 2027년 실제 발생을 확정하지 않습니다.",전망자료 부족
사과,응애류,해충,경상북도,,37,,전망자료 부족,낮음,6,2026,"양년 자료 없음, 공통 조사단위 0개, 유효 관측 6건, 결측률 0.0%, 단위별 변화 변동성 100.0점. 제한된 비교 단위 또는 변동성 때문에 보수적으로 낮게 평가합니다. 2024·2026 두 개 연도의 NCPMS 예찰자료만 사용한 상대 위험 전망으로, 기상·재배면적·방제 변화와 2027년 실제 발생을 확정하지 않습니다.",전망자료 부족
사과,응애류,해충,전남광주통합특별시,,19,,전망자료 부족,낮음,5,2026,"양년 자료 없음, 공통 조사단위 0개, 유효 관측 5건, 결측률 0.0%, 단위별 변화 변동성 100.0점. 제한된 비교 단위 또는 변동성 때문에 보수적으로 낮게 평가합니다. 2024·2026 두 개 연도의 NCPMS 예찰자료만 사용한 상대 위험 전망으로, 기상·재배면적·방제 변화와 2027년 실제 발생을 확정하지 않습니다.",전망자료 부족
사과,응애류,해충,전북특별자치도,,1,,전망자료 부족,낮음,6,2026,"양년 자료 없음, 공통 조사단위 0개, 유효 관측 6건, 결측률 0.0%, 단위별 변화 변동성 100.0점. 제한된 비교 단위 또는 변동성 때문에 보수적으로 낮게 평가합니다. 2024·2026 두 개 연도의 NCPMS 예찰자료만 사용한 상대 위험 전망으로, 기상·재배면적·방제 변화와 2027년 실제 발생을 확정하지 않습니다.",전망자료 부족
사과,응애류,해충,충청남도,,20,,전망자료 부족,낮음,6,2026,"양년 자료 없음, 공통 조사단위 0개, 유효 관측 6건, 결측률 0.0%, 단위별 변화 변동성 100.0점. 제한된 비교 단위 또는 변동성 때문에 보수적으로 낮게 평가합니다. 2024·2026 두 개 연도의 NCPMS 예찰자료만 사용한 상대 위험 전망으로, 기상·재배면적·방제 변화와 2027년 실제 발생을 확정하지 않습니다.",전망자료 부족
사과,응애류,해충,충청북도,,2,,전망자료 부족,낮음,6,2026,"양년 자료 없음, 공통 조사단위 0개, 유효 관측 6건, 결측률 0.0%, 단위별 변화 변동성 100.0점. 제한된 비교 단위 또는 변동성 때문에 보수적으로 낮게 평가합니다. 2024·2026 두 개 연도의 NCPMS 예찰자료만 사용한 상대 위험 전망으로, 기상·재배면적·방제 변화와 2027년 실제 발생을 확정하지 않습니다.",전망자료 부족
논벼,이삭누룩병,병해,강원특별자치도,0,0,0,유지,보통,32,2024·2026,"기준선 비교: 2026 유지 0.0점, 2024·2026 가중평균 0.0점, 선택 모델(완화 추세+표본 축소) 0.0점. 지역 변화 +0.0점을 표본가중치 0.73로 같은 병해충·작물의 지역 중앙 변화 +0.0점 방향에 축소하고, 1년 연장 변화는 ±20점으로 제한했습니다. 양년 자료 있음, 공통 조사단위 2개, 유효 관측 32건, 결측률 0.0%, 단위별 변화 변동성 0.0점. 비교는 가능하지만 표본 또는 변동성에 불확실성이 남습니다. 2024·2026 두 개 연도의 NCPMS 예찰자료만 사용한 상대 위험 전망으로, 기상·재배면적·방제 변화와 2027년 실제 발생을 확정하지 않습니다.",관찰
논벼,이삭누룩병,병해,경기도,0,0,0,유지,보통,36,2024·2026,"기준선 비교: 2026 유지 0.0점, 2024·2026 가중평균 0.0점, 선택 모델(완화 추세+표본 축소) 0.0점. 지역 변화 +0.0점을 표본가중치 0.75로 같은 병해충·작물의 지역 중앙 변화 +0.0점 방향에 축소하고, 1년 연장 변화는 ±20점으로 제한했습니다. 양년 자료 있음, 공통 조사단위 2개, 유효 관측 36건, 결측률 0.0%, 단위별 변화 변동성 0.0점. 비교는 가능하지만 표본 또는 변동성에 불확실성이 남습니다. 2024·2026 두 개 연도의 NCPMS 예찰자료만 사용한 상대 위험 전망으로, 기상·재배면적·방제 변화와 2027년 실제 발생을 확정하지 않습니다.",관찰
논벼,이삭누룩병,병해,경상남도,0,0,0,유지,보통,32,2024·2026,"기준선 비교: 2026 유지 0.0점, 2024·2026 가중평균 0.0점, 선택 모델(완화 추세+표본 축소) 0.0점. 지역 변화 +0.0점을 표본가중치 0.73로 같은 병해충·작물의 지역 중앙 변화 +0.0점 방향에 축소하고, 1년 연장 변화는 ±20점으로 제한했습니다. 양년 자료 있음, 공통 조사단위 2개, 유효 관측 32건, 결측률 0.0%, 단위별 변화 변동성 0.0점. 비교는 가능하지만 표본 또는 변동성에 불확실성이 남습니다. 2024·2026 두 개 연도의 NCPMS 예찰자료만 사용한 상대 위험 전망으로, 기상·재배면적·방제 변화와 2027년 실제 발생을 확정하지 않습니다.",관찰
논벼,이삭누룩병,병해,경상북도,0,0,0,유지,보통,32,2024·2026,"기준선 비교: 2026 유지 0.0점, 2024·2026 가중평균 0.0점, 선택 모델(완화 추세+표본 축소) 0.0점. 지역 변화 +0.0점을 표본가중치 0.73로 같은 병해충·작물의 지역 중앙 변화 +0.0점 방향에 축소하고, 1년 연장 변화는 ±20점으로 제한했습니다. 양년 자료 있음, 공통 조사단위 2개, 유효 관측 32건, 결측률 0.0%, 단위별 변화 변동성 0.0점. 비교는 가능하지만 표본 또는 변동성에 불확실성이 남습니다. 2024·2026 두 개 연도의 NCPMS 예찰자료만 사용한 상대 위험 전망으로, 기상·재배면적·방제 변화와 2027년 실제 발생을 확정하지 않습니다.",관찰
논벼,이삭누룩병,병해,대구광역시,0,0,0,유지,보통,32,2024·2026,"기준선 비교: 2026 유지 0.0점, 2024·2026 가중평균 0.0점, 선택 모델(완화 추세+표본 축소) 0.0점. 지역 변화 +0.0점을 표본가중치 0.73로 같은 병해충·작물의 지역 중앙 변화 +0.0점 방향에 축소하고, 1년 연장 변화는 ±20점으로 제한했습니다. 양년 자료 있음, 공통 조사단위 2개, 유효 관측 32건, 결측률 0.0%, 단위별 변화 변동성 0.0점. 비교는 가능하지만 표본 또는 변동성에 불확실성이 남습니다. 2024·2026 두 개 연도의 NCPMS 예찰자료만 사용한 상대 위험 전망으로, 기상·재배면적·방제 변화와 2027년 실제 발생을 확정하지 않습니다.",관찰
논벼,이삭누룩병,병해,대전광역시,0,0,0,유지,보통,32,2024·2026,"기준선 비교: 2026 유지 0.0점, 2024·2026 가중평균 0.0점, 선택 모델(완화 추세+표본 축소) 0.0점. 지역 변화 +0.0점을 표본가중치 0.73로 같은 병해충·작물의 지역 중앙 변화 +0.0점 방향에 축소하고, 1년 연장 변화는 ±20점으로 제한했습니다. 양년 자료 있음, 공통 조사단위 2개, 유효 관측 32건, 결측률 0.0%, 단위별 변화 변동성 0.0점. 비교는 가능하지만 표본 또는 변동성에 불확실성이 남습니다. 2024·2026 두 개 연도의 NCPMS 예찰자료만 사용한 상대 위험 전망으로, 기상·재배면적·방제 변화와 2027년 실제 발생을 확정하지 않습니다.",관찰
논벼,이삭누룩병,병해,부산광역시,0,0,0,유지,보통,32,2024·2026,"기준선 비교: 2026 유지 0.0점, 2024·2026 가중평균 0.0점, 선택 모델(완화 추세+표본 축소) 0.0점. 지역 변화 +0.0점을 표본가중치 0.73로 같은 병해충·작물의 지역 중앙 변화 +0.0점 방향에 축소하고, 1년 연장 변화는 ±20점으로 제한했습니다. 양년 자료 있음, 공통 조사단위 2개, 유효 관측 32건, 결측률 0.0%, 단위별 변화 변동성 0.0점. 비교는 가능하지만 표본 또는 변동성에 불확실성이 남습니다. 2024·2026 두 개 연도의 NCPMS 예찰자료만 사용한 상대 위험 전망으로, 기상·재배면적·방제 변화와 2027년 실제 발생을 확정하지 않습니다.",관찰
논벼,이삭누룩병,병해,세종특별자치시,0,0,0,유지,보통,28,2024·2026,"기준선 비교: 2026 유지 0.0점, 2024·2026 가중평균 0.0점, 선택 모델(완화 추세+표본 축소) 0.0점. 지역 변화 +0.0점을 표본가중치 0.70로 같은 병해충·작물의 지역 중앙 변화 +0.0점 방향에 축소하고, 1년 연장 변화는 ±20점으로 제한했습니다. 양년 자료 있음, 공통 조사단위 2개, 유효 관측 28건, 결측률 0.0%, 단위별 변화 변동성 0.0점. 비교는 가능하지만 표본 또는 변동성에 불확실성이 남습니다. 2024·2026 두 개 연도의 NCPMS 예찰자료만 사용한 상대 위험 전망으로, 기상·재배면적·방제 변화와 2027년 실제 발생을 확정하지 않습니다.",관찰
논벼,이삭누룩병,병해,울산광역시,0,0,0,유지,보통,32,2024·2026,"기준선 비교: 2026 유지 0.0점, 2024·2026 가중평균 0.0점, 선택 모델(완화 추세+표본 축소) 0.0점. 지역 변화 +0.0점을 표본가중치 0.73로 같은 병해충·작물의 지역 중앙 변화 +0.0점 방향에 축소하고, 1년 연장 변화는 ±20점으로 제한했습니다. 양년 자료 있음, 공통 조사단위 2개, 유효 관측 32건, 결측률 0.0%, 단위별 변화 변동성 0.0점. 비교는 가능하지만 표본 또는 변동성에 불확실성이 남습니다. 2024·2026 두 개 연도의 NCPMS 예찰자료만 사용한 상대 위험 전망으로, 기상·재배면적·방제 변화와 2027년 실제 발생을 확정하지 않습니다.",관찰
논벼,이삭누룩병,병해,인천광역시,0,0,0,유지,보통,32,2024·2026,"기준선 비교: 2026 유지 0.0점, 2024·2026 가중평균 0.0점, 선택 모델(완화 추세+표본 축소) 0.0점. 지역 변화 +0.0점을 표본가중치 0.73로 같은 병해충·작물의 지역 중앙 변화 +0.0점 방향에 축소하고, 1년 연장 변화는 ±20점으로 제한했습니다. 양년 자료 있음, 공통 조사단위 2개, 유효 관측 32건, 결측률 0.0%, 단위별 변화 변동성 0.0점. 비교는 가능하지만 표본 또는 변동성에 불확실성이 남습니다. 2024·2026 두 개 연도의 NCPMS 예찰자료만 사용한 상대 위험 전망으로, 기상·재배면적·방제 변화와 2027년 실제 발생을 확정하지 않습니다.",관찰
논벼,이삭누룩병,병해,전남광주통합특별시,0,0,0,유지,보통,32,2024·2026,"기준선 비교: 2026 유지 0.0점, 2024·2026 가중평균 0.0점, 선택 모델(완화 추세+표본 축소) 0.0점. 지역 변화 +0.0점을 표본가중치 0.73로 같은 병해충·작물의 지역 중앙 변화 +0.0점 방향에 축소하고, 1년 연장 변화는 ±20점으로 제한했습니다. 양년 자료 있음, 공통 조사단위 2개, 유효 관측 32건, 결측률 0.0%, 단위별 변화 변동성 0.0점. 비교는 가능하지만 표본 또는 변동성에 불확실성이 남습니다. 2024·2026 두 개 연도의 NCPMS 예찰자료만 사용한 상대 위험 전망으로, 기상·재배면적·방제 변화와 2027년 실제 발생을 확정하지 않습니다.",관찰
논벼,이삭누룩병,병해,전북특별자치도,0,0,0,유지,보통,32,2024·2026,"기준선 비교: 2026 유지 0.0점, 2024·2026 가중평균 0.0점, 선택 모델(완화 추세+표본 축소) 0.0점. 지역 변화 +0.0점을 표본가중치 0.73로 같은 병해충·작물의 지역 중앙 변화 +0.0점 방향에 축소하고, 1년 연장 변화는 ±20점으로 제한했습니다. 양년 자료 있음, 공통 조사단위 2개, 유효 관측 32건, 결측률 0.0%, 단위별 변화 변동성 0.0점. 비교는 가능하지만 표본 또는 변동성에 불확실성이 남습니다. 2024·2026 두 개 연도의 NCPMS 예찰자료만 사용한 상대 위험 전망으로, 기상·재배면적·방제 변화와 2027년 실제 발생을 확정하지 않습니다.",관찰
논벼,이삭누룩병,병해,충청남도,0,0,0,유지,보통,32,2024·2026,"기준선 비교: 2026 유지 0.0점, 2024·2026 가중평균 0.0점, 선택 모델(완화 추세+표본 축소) 0.0점. 지역 변화 +0.0점을 표본가중치 0.73로 같은 병해충·작물의 지역 중앙 변화 +0.0점 방향에 축소하고, 1년 연장 변화는 ±20점으로 제한했습니다. 양년 자료 있음, 공통 조사단위 2개, 유효 관측 32건, 결측률 0.0%, 단위별 변화 변동성 0.0점. 비교는 가능하지만 표본 또는 변동성에 불확실성이 남습니다. 2024·2026 두 개 연도의 NCPMS 예찰자료만 사용한 상대 위험 전망으로, 기상·재배면적·방제 변화와 2027년 실제 발생을 확정하지 않습니다.",관찰
논벼,이삭누룩병,병해,충청북도,0,0,0,유지,보통,36,2024·2026,"기준선 비교: 2026 유지 0.0점, 2024·2026 가중평균 0.0점, 선택 모델(완화 추세+표본 축소) 0.0점. 지역 변화 +0.0점을 표본가중치 0.75로 같은 병해충·작물의 지역 중앙 변화 +0.0점 방향에 축소하고, 1년 연장 변화는 ±20점으로 제한했습니다. 양년 자료 있음, 공통 조사단위 2개, 유효 관측 36건, 결측률 0.0%, 단위별 변화 변동성 0.0점. 비교는 가능하지만 표본 또는 변동성에 불확실성이 남습니다. 2024·2026 두 개 연도의 NCPMS 예찰자료만 사용한 상대 위험 전망으로, 기상·재배면적·방제 변화와 2027년 실제 발생을 확정하지 않습니다.",관찰
논벼,이삭도열병,병해,강원특별자치도,0,0,0,유지,보통,32,2024·2026,"기준선 비교: 2026 유지 0.0점, 2024·2026 가중평균 0.0점, 선택 모델(완화 추세+표본 축소) 0.0점. 지역 변화 +0.0점을 표본가중치 0.73로 같은 병해충·작물의 지역 중앙 변화 +0.0점 방향에 축소하고, 1년 연장 변화는 ±20점으로 제한했습니다. 양년 자료 있음, 공통 조사단위 2개, 유효 관측 32건, 결측률 0.0%, 단위별 변화 변동성 0.0점. 비교는 가능하지만 표본 또는 변동성에 불확실성이 남습니다. 2024·2026 두 개 연도의 NCPMS 예찰자료만 사용한 상대 위험 전망으로, 기상·재배면적·방제 변화와 2027년 실제 발생을 확정하지 않습니다.",관찰
논벼,이삭도열병,병해,경기도,0,0,0,유지,보통,36,2024·2026,"기준선 비교: 2026 유지 0.0점, 2024·2026 가중평균 0.0점, 선택 모델(완화 추세+표본 축소) 0.0점. 지역 변화 +0.0점을 표본가중치 0.75로 같은 병해충·작물의 지역 중앙 변화 +0.0점 방향에 축소하고, 1년 연장 변화는 ±20점으로 제한했습니다. 양년 자료 있음, 공통 조사단위 2개, 유효 관측 36건, 결측률 0.0%, 단위별 변화 변동성 0.0점. 비교는 가능하지만 표본 또는 변동성에 불확실성이 남습니다. 2024·2026 두 개 연도의 NCPMS 예찰자료만 사용한 상대 위험 전망으로, 기상·재배면적·방제 변화와 2027년 실제 발생을 확정하지 않습니다.",관찰
논벼,이삭도열병,병해,경상남도,0,0,0,유지,보통,32,2024·2026,"기준선 비교: 2026 유지 0.0점, 2024·2026 가중평균 0.0점, 선택 모델(완화 추세+표본 축소) 0.0점. 지역 변화 +0.0점을 표본가중치 0.73로 같은 병해충·작물의 지역 중앙 변화 +0.0점 방향에 축소하고, 1년 연장 변화는 ±20점으로 제한했습니다. 양년 자료 있음, 공통 조사단위 2개, 유효 관측 32건, 결측률 0.0%, 단위별 변화 변동성 0.0점. 비교는 가능하지만 표본 또는 변동성에 불확실성이 남습니다. 2024·2026 두 개 연도의 NCPMS 예찰자료만 사용한 상대 위험 전망으로, 기상·재배면적·방제 변화와 2027년 실제 발생을 확정하지 않습니다.",관찰
논벼,이삭도열병,병해,경상북도,0,0,0,유지,보통,32,2024·2026,"기준선 비교: 2026 유지 0.0점, 2024·2026 가중평균 0.0점, 선택 모델(완화 추세+표본 축소) 0.0점. 지역 변화 +0.0점을 표본가중치 0.73로 같은 병해충·작물의 지역 중앙 변화 +0.0점 방향에 축소하고, 1년 연장 변화는 ±20점으로 제한했습니다. 양년 자료 있음, 공통 조사단위 2개, 유효 관측 32건, 결측률 0.0%, 단위별 변화 변동성 0.0점. 비교는 가능하지만 표본 또는 변동성에 불확실성이 남습니다. 2024·2026 두 개 연도의 NCPMS 예찰자료만 사용한 상대 위험 전망으로, 기상·재배면적·방제 변화와 2027년 실제 발생을 확정하지 않습니다.",관찰
논벼,이삭도열병,병해,대구광역시,0,0,0,유지,보통,32,2024·2026,"기준선 비교: 2026 유지 0.0점, 2024·2026 가중평균 0.0점, 선택 모델(완화 추세+표본 축소) 0.0점. 지역 변화 +0.0점을 표본가중치 0.73로 같은 병해충·작물의 지역 중앙 변화 +0.0점 방향에 축소하고, 1년 연장 변화는 ±20점으로 제한했습니다. 양년 자료 있음, 공통 조사단위 2개, 유효 관측 32건, 결측률 0.0%, 단위별 변화 변동성 0.0점. 비교는 가능하지만 표본 또는 변동성에 불확실성이 남습니다. 2024·2026 두 개 연도의 NCPMS 예찰자료만 사용한 상대 위험 전망으로, 기상·재배면적·방제 변화와 2027년 실제 발생을 확정하지 않습니다.",관찰
논벼,이삭도열병,병해,대전광역시,0,0,0,유지,보통,32,2024·2026,"기준선 비교: 2026 유지 0.0점, 2024·2026 가중평균 0.0점, 선택 모델(완화 추세+표본 축소) 0.0점. 지역 변화 +0.0점을 표본가중치 0.73로 같은 병해충·작물의 지역 중앙 변화 +0.0점 방향에 축소하고, 1년 연장 변화는 ±20점으로 제한했습니다. 양년 자료 있음, 공통 조사단위 2개, 유효 관측 32건, 결측률 0.0%, 단위별 변화 변동성 0.0점. 비교는 가능하지만 표본 또는 변동성에 불확실성이 남습니다. 2024·2026 두 개 연도의 NCPMS 예찰자료만 사용한 상대 위험 전망으로, 기상·재배면적·방제 변화와 2027년 실제 발생을 확정하지 않습니다.",관찰
논벼,이삭도열병,병해,부산광역시,0,0,0,유지,보통,32,2024·2026,"기준선 비교: 2026 유지 0.0점, 2024·2026 가중평균 0.0점, 선택 모델(완화 추세+표본 축소) 0.0점. 지역 변화 +0.0점을 표본가중치 0.73로 같은 병해충·작물의 지역 중앙 변화 +0.0점 방향에 축소하고, 1년 연장 변화는 ±20점으로 제한했습니다. 양년 자료 있음, 공통 조사단위 2개, 유효 관측 32건, 결측률 0.0%, 단위별 변화 변동성 0.0점. 비교는 가능하지만 표본 또는 변동성에 불확실성이 남습니다. 2024·2026 두 개 연도의 NCPMS 예찰자료만 사용한 상대 위험 전망으로, 기상·재배면적·방제 변화와 2027년 실제 발생을 확정하지 않습니다.",관찰
논벼,이삭도열병,병해,세종특별자치시,0,0,0,유지,보통,28,2024·2026,"기준선 비교: 2026 유지 0.0점, 2024·2026 가중평균 0.0점, 선택 모델(완화 추세+표본 축소) 0.0점. 지역 변화 +0.0점을 표본가중치 0.70로 같은 병해충·작물의 지역 중앙 변화 +0.0점 방향에 축소하고, 1년 연장 변화는 ±20점으로 제한했습니다. 양년 자료 있음, 공통 조사단위 2개, 유효 관측 28건, 결측률 0.0%, 단위별 변화 변동성 0.0점. 비교는 가능하지만 표본 또는 변동성에 불확실성이 남습니다. 2024·2026 두 개 연도의 NCPMS 예찰자료만 사용한 상대 위험 전망으로, 기상·재배면적·방제 변화와 2027년 실제 발생을 확정하지 않습니다.",관찰
논벼,이삭도열병,병해,울산광역시,0,0,0,유지,보통,32,2024·2026,"기준선 비교: 2026 유지 0.0점, 2024·2026 가중평균 0.0점, 선택 모델(완화 추세+표본 축소) 0.0점. 지역 변화 +0.0점을 표본가중치 0.73로 같은 병해충·작물의 지역 중앙 변화 +0.0점 방향에 축소하고, 1년 연장 변화는 ±20점으로 제한했습니다. 양년 자료 있음, 공통 조사단위 2개, 유효 관측 32건, 결측률 0.0%, 단위별 변화 변동성 0.0점. 비교는 가능하지만 표본 또는 변동성에 불확실성이 남습니다. 2024·2026 두 개 연도의 NCPMS 예찰자료만 사용한 상대 위험 전망으로, 기상·재배면적·방제 변화와 2027년 실제 발생을 확정하지 않습니다.",관찰
논벼,이삭도열병,병해,인천광역시,0,0,0,유지,보통,32,2024·2026,"기준선 비교: 2026 유지 0.0점, 2024·2026 가중평균 0.0점, 선택 모델(완화 추세+표본 축소) 0.0점. 지역 변화 +0.0점을 표본가중치 0.73로 같은 병해충·작물의 지역 중앙 변화 +0.0점 방향에 축소하고, 1년 연장 변화는 ±20점으로 제한했습니다. 양년 자료 있음, 공통 조사단위 2개, 유효 관측 32건, 결측률 0.0%, 단위별 변화 변동성 0.0점. 비교는 가능하지만 표본 또는 변동성에 불확실성이 남습니다. 2024·2026 두 개 연도의 NCPMS 예찰자료만 사용한 상대 위험 전망으로, 기상·재배면적·방제 변화와 2027년 실제 발생을 확정하지 않습니다.",관찰
논벼,이삭도열병,병해,전남광주통합특별시,0,8,10,유지,보통,32,2024·2026,"기준선 비교: 2026 유지 8.3점, 2024·2026 가중평균 5.4점, 선택 모델(완화 추세+표본 축소) 10.5점. 지역 변화 +8.3점을 표본가중치 0.73로 같은 병해충·작물의 지역 중앙 변화 +0.0점 방향에 축소하고, 1년 연장 변화는 ±20점으로 제한했습니다. 양년 자료 있음, 공통 조사단위 2개, 유효 관측 32건, 결측률 0.0%, 단위별 변화 변동성 0.0점. 비교는 가능하지만 표본 또는 변동성에 불확실성이 남습니다. 2024·2026 두 개 연도의 NCPMS 예찰자료만 사용한 상대 위험 전망으로, 기상·재배면적·방제 변화와 2027년 실제 발생을 확정하지 않습니다.",관찰
논벼,이삭도열병,병해,전북특별자치도,0,0,0,유지,보통,32,2024·2026,"기준선 비교: 2026 유지 0.0점, 2024·2026 가중평균 0.0점, 선택 모델(완화 추세+표본 축소) 0.0점. 지역 변화 +0.0점을 표본가중치 0.73로 같은 병해충·작물의 지역 중앙 변화 +0.0점 방향에 축소하고, 1년 연장 변화는 ±20점으로 제한했습니다. 양년 자료 있음, 공통 조사단위 2개, 유효 관측 32건, 결측률 0.0%, 단위별 변화 변동성 0.0점. 비교는 가능하지만 표본 또는 변동성에 불확실성이 남습니다. 2024·2026 두 개 연도의 NCPMS 예찰자료만 사용한 상대 위험 전망으로, 기상·재배면적·방제 변화와 2027년 실제 발생을 확정하지 않습니다.",관찰
논벼,이삭도열병,병해,충청남도,0,0,0,유지,보통,32,2024·2026,"기준선 비교: 2026 유지 0.0점, 2024·2026 가중평균 0.0점, 선택 모델(완화 추세+표본 축소) 0.0점. 지역 변화 +0.0점을 표본가중치 0.73로 같은 병해충·작물의 지역 중앙 변화 +0.0점 방향에 축소하고, 1년 연장 변화는 ±20점으로 제한했습니다. 양년 자료 있음, 공통 조사단위 2개, 유효 관측 32건, 결측률 0.0%, 단위별 변화 변동성 0.0점. 비교는 가능하지만 표본 또는 변동성에 불확실성이 남습니다. 2024·2026 두 개 연도의 NCPMS 예찰자료만 사용한 상대 위험 전망으로, 기상·재배면적·방제 변화와 2027년 실제 발생을 확정하지 않습니다.",관찰
논벼,이삭도열병,병해,충청북도,0,0,0,유지,보통,36,2024·2026,"기준선 비교: 2026 유지 0.0점, 2024·2026 가중평균 0.0점, 선택 모델(완화 추세+표본 축소) 0.0점. 지역 변화 +0.0점을 표본가중치 0.75로 같은 병해충·작물의 지역 중앙 변화 +0.0점 방향에 축소하고, 1년 연장 변화는 ±20점으로 제한했습니다. 양년 자료 있음, 공통 조사단위 2개, 유효 관측 36건, 결측률 0.0%, 단위별 변화 변동성 0.0점. 비교는 가능하지만 표본 또는 변동성에 불확실성이 남습니다. 2024·2026 두 개 연도의 NCPMS 예찰자료만 사용한 상대 위험 전망으로, 기상·재배면적·방제 변화와 2027년 실제 발생을 확정하지 않습니다.",관찰
논벼,이화명나방,해충,강원특별자치도,,17,,전망자료 부족,낮음,24,2026,"양년 자료 없음, 공통 조사단위 0개, 유효 관측 24건, 결측률 0.0%, 단위별 변화 변동성 100.0점. 제한된 비교 단위 또는 변동성 때문에 보수적으로 낮게 평가합니다. 2024·2026 두 개 연도의 NCPMS 예찰자료만 사용한 상대 위험 전망으로, 기상·재배면적·방제 변화와 2027년 실제 발생을 확정하지 않습니다.",전망자료 부족
논벼,이화명나방,해충,경기도,,0,,전망자료 부족,낮음,28,2026,"양년 자료 없음, 공통 조사단위 0개, 유효 관측 28건, 결측률 0.0%, 단위별 변화 변동성 100.0점. 제한된 비교 단위 또는 변동성 때문에 보수적으로 낮게 평가합니다. 2024·2026 두 개 연도의 NCPMS 예찰자료만 사용한 상대 위험 전망으로, 기상·재배면적·방제 변화와 2027년 실제 발생을 확정하지 않습니다.",전망자료 부족
논벼,이화명나방,해충,경상남도,,0,,전망자료 부족,낮음,24,2026,"양년 자료 없음, 공통 조사단위 0개, 유효 관측 24건, 결측률 0.0%, 단위별 변화 변동성 100.0점. 제한된 비교 단위 또는 변동성 때문에 보수적으로 낮게 평가합니다. 2024·2026 두 개 연도의 NCPMS 예찰자료만 사용한 상대 위험 전망으로, 기상·재배면적·방제 변화와 2027년 실제 발생을 확정하지 않습니다.",전망자료 부족
논벼,이화명나방,해충,경상북도,,13,,전망자료 부족,낮음,24,2026,"양년 자료 없음, 공통 조사단위 0개, 유효 관측 24건, 결측률 0.0%, 단위별 변화 변동성 100.0점. 제한된 비교 단위 또는 변동성 때문에 보수적으로 낮게 평가합니다. 2024·2026 두 개 연도의 NCPMS 예찰자료만 사용한 상대 위험 전망으로, 기상·재배면적·방제 변화와 2027년 실제 발생을 확정하지 않습니다.",전망자료 부족
논벼,이화명나방,해충,대구광역시,,0,,전망자료 부족,낮음,24,2026,"양년 자료 없음, 공통 조사단위 0개, 유효 관측 24건, 결측률 0.0%, 단위별 변화 변동성 100.0점. 제한된 비교 단위 또는 변동성 때문에 보수적으로 낮게 평가합니다. 2024·2026 두 개 연도의 NCPMS 예찰자료만 사용한 상대 위험 전망으로, 기상·재배면적·방제 변화와 2027년 실제 발생을 확정하지 않습니다.",전망자료 부족
논벼,이화명나방,해충,대전광역시,,0,,전망자료 부족,낮음,24,2026,"양년 자료 없음, 공통 조사단위 0개, 유효 관측 24건, 결측률 0.0%, 단위별 변화 변동성 100.0점. 제한된 비교 단위 또는 변동성 때문에 보수적으로 낮게 평가합니다. 2024·2026 두 개 연도의 NCPMS 예찰자료만 사용한 상대 위험 전망으로, 기상·재배면적·방제 변화와 2027년 실제 발생을 확정하지 않습니다.",전망자료 부족
논벼,이화명나방,해충,부산광역시,,0,,전망자료 부족,낮음,24,2026,"양년 자료 없음, 공통 조사단위 0개, 유효 관측 24건, 결측률 0.0%, 단위별 변화 변동성 100.0점. 제한된 비교 단위 또는 변동성 때문에 보수적으로 낮게 평가합니다. 2024·2026 두 개 연도의 NCPMS 예찰자료만 사용한 상대 위험 전망으로, 기상·재배면적·방제 변화와 2027년 실제 발생을 확정하지 않습니다.",전망자료 부족
논벼,이화명나방,해충,세종특별자치시,,0,,전망자료 부족,낮음,20,2026,"양년 자료 없음, 공통 조사단위 0개, 유효 관측 20건, 결측률 0.0%, 단위별 변화 변동성 100.0점. 제한된 비교 단위 또는 변동성 때문에 보수적으로 낮게 평가합니다. 2024·2026 두 개 연도의 NCPMS 예찰자료만 사용한 상대 위험 전망으로, 기상·재배면적·방제 변화와 2027년 실제 발생을 확정하지 않습니다.",전망자료 부족
논벼,이화명나방,해충,울산광역시,,0,,전망자료 부족,낮음,24,2026,"양년 자료 없음, 공통 조사단위 0개, 유효 관측 24건, 결측률 0.0%, 단위별 변화 변동성 100.0점. 제한된 비교 단위 또는 변동성 때문에 보수적으로 낮게 평가합니다. 2024·2026 두 개 연도의 NCPMS 예찰자료만 사용한 상대 위험 전망으로, 기상·재배면적·방제 변화와 2027년 실제 발생을 확정하지 않습니다.",전망자료 부족
논벼,이화명나방,해충,인천광역시,,0,,전망자료 부족,낮음,24,2026,"양년 자료 없음, 공통 조사단위 0개, 유효 관측 24건, 결측률 0.0%, 단위별 변화 변동성 100.0점. 제한된 비교 단위 또는 변동성 때문에 보수적으로 낮게 평가합니다. 2024·2026 두 개 연도의 NCPMS 예찰자료만 사용한 상대 위험 전망으로, 기상·재배면적·방제 변화와 2027년 실제 발생을 확정하지 않습니다.",전망자료 부족
논벼,이화명나방,해충,전남광주통합특별시,,27,,전망자료 부족,낮음,24,2026,"양년 자료 없음, 공통 조사단위 0개, 유효 관측 24건, 결측률 0.0%, 단위별 변화 변동성 100.0점. 제한된 비교 단위 또는 변동성 때문에 보수적으로 낮게 평가합니다. 2024·2026 두 개 연도의 NCPMS 예찰자료만 사용한 상대 위험 전망으로, 기상·재배면적·방제 변화와 2027년 실제 발생을 확정하지 않습니다.",전망자료 부족
논벼,이화명나방,해충,전북특별자치도,,13,,전망자료 부족,낮음,24,2026,"양년 자료 없음, 공통 조사단위 0개, 유효 관측 24건, 결측률 0.0%, 단위별 변화 변동성 100.0점. 제한된 비교 단위 또는 변동성 때문에 보수적으로 낮게 평가합니다. 2024·2026 두 개 연도의 NCPMS 예찰자료만 사용한 상대 위험 전망으로, 기상·재배면적·방제 변화와 2027년 실제 발생을 확정하지 않습니다.",전망자료 부족
논벼,이화명나방,해충,충청남도,,1,,전망자료 부족,낮음,24,2026,"양년 자료 없음, 공통 조사단위 0개, 유효 관측 24건, 결측률 0.0%, 단위별 변화 변동성 100.0점. 제한된 비교 단위 또는 변동성 때문에 보수적으로 낮게 평가합니다. 2024·2026 두 개 연도의 NCPMS 예찰자료만 사용한 상대 위험 전망으로, 기상·재배면적·방제 변화와 2027년 실제 발생을 확정하지 않습니다.",전망자료 부족
논벼,이화명나방,해충,충청북도,,0,,전망자료 부족,낮음,28,2026,"양년 자료 없음, 공통 조사단위 0개, 유효 관측 28건, 결측률 0.0%, 단위별 변화 변동성 100.0점. 제한된 비교 단위 또는 변동성 때문에 보수적으로 낮게 평가합니다. 2024·2026 두 개 연도의 NCPMS 예찰자료만 사용한 상대 위험 전망으로, 기상·재배면적·방제 변화와 2027년 실제 발생을 확정하지 않습니다.",전망자료 부족
논벼,이화명나방1화기,기타,강원특별자치도,0,,,전망자료 부족,낮음,8,2024,"양년 자료 없음, 공통 조사단위 0개, 유효 관측 8건, 결측률 0.0%, 단위별 변화 변동성 100.0점. 제한된 비교 단위 또는 변동성 때문에 보수적으로 낮게 평가합니다. 2024·2026 두 개 연도의 NCPMS 예찰자료만 사용한 상대 위험 전망으로, 기상·재배면적·방제 변화와 2027년 실제 발생을 확정하지 않습니다.",전망자료 부족
논벼,이화명나방1화기,기타,경기도,0,,,전망자료 부족,낮음,8,2024,"양년 자료 없음, 공통 조사단위 0개, 유효 관측 8건, 결측률 0.0%, 단위별 변화 변동성 100.0점. 제한된 비교 단위 또는 변동성 때문에 보수적으로 낮게 평가합니다. 2024·2026 두 개 연도의 NCPMS 예찰자료만 사용한 상대 위험 전망으로, 기상·재배면적·방제 변화와 2027년 실제 발생을 확정하지 않습니다.",전망자료 부족
논벼,이화명나방1화기,기타,경상남도,0,,,전망자료 부족,낮음,8,2024,"양년 자료 없음, 공통 조사단위 0개, 유효 관측 8건, 결측률 0.0%, 단위별 변화 변동성 100.0점. 제한된 비교 단위 또는 변동성 때문에 보수적으로 낮게 평가합니다. 2024·2026 두 개 연도의 NCPMS 예찰자료만 사용한 상대 위험 전망으로, 기상·재배면적·방제 변화와 2027년 실제 발생을 확정하지 않습니다.",전망자료 부족
논벼,이화명나방1화기,기타,경상북도,0,,,전망자료 부족,낮음,8,2024,"양년 자료 없음, 공통 조사단위 0개, 유효 관측 8건, 결측률 0.0%, 단위별 변화 변동성 100.0점. 제한된 비교 단위 또는 변동성 때문에 보수적으로 낮게 평가합니다. 2024·2026 두 개 연도의 NCPMS 예찰자료만 사용한 상대 위험 전망으로, 기상·재배면적·방제 변화와 2027년 실제 발생을 확정하지 않습니다.",전망자료 부족
논벼,이화명나방1화기,기타,대구광역시,0,,,전망자료 부족,낮음,8,2024,"양년 자료 없음, 공통 조사단위 0개, 유효 관측 8건, 결측률 0.0%, 단위별 변화 변동성 100.0점. 제한된 비교 단위 또는 변동성 때문에 보수적으로 낮게 평가합니다. 2024·2026 두 개 연도의 NCPMS 예찰자료만 사용한 상대 위험 전망으로, 기상·재배면적·방제 변화와 2027년 실제 발생을 확정하지 않습니다.",전망자료 부족
논벼,이화명나방1화기,기타,대전광역시,0,,,전망자료 부족,낮음,8,2024,"양년 자료 없음, 공통 조사단위 0개, 유효 관측 8건, 결측률 0.0%, 단위별 변화 변동성 100.0점. 제한된 비교 단위 또는 변동성 때문에 보수적으로 낮게 평가합니다. 2024·2026 두 개 연도의 NCPMS 예찰자료만 사용한 상대 위험 전망으로, 기상·재배면적·방제 변화와 2027년 실제 발생을 확정하지 않습니다.",전망자료 부족
논벼,이화명나방1화기,기타,부산광역시,0,,,전망자료 부족,낮음,8,2024,"양년 자료 없음, 공통 조사단위 0개, 유효 관측 8건, 결측률 0.0%, 단위별 변화 변동성 100.0점. 제한된 비교 단위 또는 변동성 때문에 보수적으로 낮게 평가합니다. 2024·2026 두 개 연도의 NCPMS 예찰자료만 사용한 상대 위험 전망으로, 기상·재배면적·방제 변화와 2027년 실제 발생을 확정하지 않습니다.",전망자료 부족
논벼,이화명나방1화기,기타,세종특별자치시,0,,,전망자료 부족,낮음,8,2024,"양년 자료 없음, 공통 조사단위 0개, 유효 관측 8건, 결측률 0.0%, 단위별 변화 변동성 100.0점. 제한된 비교 단위 또는 변동성 때문에 보수적으로 낮게 평가합니다. 2024·2026 두 개 연도의 NCPMS 예찰자료만 사용한 상대 위험 전망으로, 기상·재배면적·방제 변화와 2027년 실제 발생을 확정하지 않습니다.",전망자료 부족
논벼,이화명나방1화기,기타,울산광역시,0,,,전망자료 부족,낮음,8,2024,"양년 자료 없음, 공통 조사단위 0개, 유효 관측 8건, 결측률 0.0%, 단위별 변화 변동성 100.0점. 제한된 비교 단위 또는 변동성 때문에 보수적으로 낮게 평가합니다. 2024·2026 두 개 연도의 NCPMS 예찰자료만 사용한 상대 위험 전망으로, 기상·재배면적·방제 변화와 2027년 실제 발생을 확정하지 않습니다.",전망자료 부족
논벼,이화명나방1화기,기타,인천광역시,0,,,전망자료 부족,낮음,8,2024,"양년 자료 없음, 공통 조사단위 0개, 유효 관측 8건, 결측률 0.0%, 단위별 변화 변동성 100.0점. 제한된 비교 단위 또는 변동성 때문에 보수적으로 낮게 평가합니다. 2024·2026 두 개 연도의 NCPMS 예찰자료만 사용한 상대 위험 전망으로, 기상·재배면적·방제 변화와 2027년 실제 발생을 확정하지 않습니다.",전망자료 부족
논벼,이화명나방1화기,기타,전남광주통합특별시,0,,,전망자료 부족,낮음,8,2024,"양년 자료 없음, 공통 조사단위 0개, 유효 관측 8건, 결측률 0.0%, 단위별 변화 변동성 100.0점. 제한된 비교 단위 또는 변동성 때문에 보수적으로 낮게 평가합니다. 2024·2026 두 개 연도의 NCPMS 예찰자료만 사용한 상대 위험 전망으로, 기상·재배면적·방제 변화와 2027년 실제 발생을 확정하지 않습니다.",전망자료 부족
논벼,이화명나방1화기,기타,전북특별자치도,25,,,전망자료 부족,낮음,8,2024,"양년 자료 없음, 공통 조사단위 0개, 유효 관측 8건, 결측률 0.0%, 단위별 변화 변동성 100.0점. 제한된 비교 단위 또는 변동성 때문에 보수적으로 낮게 평가합니다. 2024·2026 두 개 연도의 NCPMS 예찰자료만 사용한 상대 위험 전망으로, 기상·재배면적·방제 변화와 2027년 실제 발생을 확정하지 않습니다.",전망자료 부족
논벼,이화명나방1화기,기타,충청남도,0,,,전망자료 부족,낮음,8,2024,"양년 자료 없음, 공통 조사단위 0개, 유효 관측 8건, 결측률 0.0%, 단위별 변화 변동성 100.0점. 제한된 비교 단위 또는 변동성 때문에 보수적으로 낮게 평가합니다. 2024·2026 두 개 연도의 NCPMS 예찰자료만 사용한 상대 위험 전망으로, 기상·재배면적·방제 변화와 2027년 실제 발생을 확정하지 않습니다.",전망자료 부족
논벼,이화명나방1화기,기타,충청북도,0,,,전망자료 부족,낮음,8,2024,"양년 자료 없음, 공통 조사단위 0개, 유효 관측 8건, 결측률 0.0%, 단위별 변화 변동성 100.0점. 제한된 비교 단위 또는 변동성 때문에 보수적으로 낮게 평가합니다. 2024·2026 두 개 연도의 NCPMS 예찰자료만 사용한 상대 위험 전망으로, 기상·재배면적·방제 변화와 2027년 실제 발생을 확정하지 않습니다.",전망자료 부족
논벼,이화명나방2화기,기타,강원특별자치도,0,,,전망자료 부족,낮음,8,2024,"양년 자료 없음, 공통 조사단위 0개, 유효 관측 8건, 결측률 0.0%, 단위별 변화 변동성 100.0점. 제한된 비교 단위 또는 변동성 때문에 보수적으로 낮게 평가합니다. 2024·2026 두 개 연도의 NCPMS 예찰자료만 사용한 상대 위험 전망으로, 기상·재배면적·방제 변화와 2027년 실제 발생을 확정하지 않습니다.",전망자료 부족
논벼,이화명나방2화기,기타,경기도,0,,,전망자료 부족,낮음,8,2024,"양년 자료 없음, 공통 조사단위 0개, 유효 관측 8건, 결측률 0.0%, 단위별 변화 변동성 100.0점. 제한된 비교 단위 또는 변동성 때문에 보수적으로 낮게 평가합니다. 2024·2026 두 개 연도의 NCPMS 예찰자료만 사용한 상대 위험 전망으로, 기상·재배면적·방제 변화와 2027년 실제 발생을 확정하지 않습니다.",전망자료 부족
논벼,이화명나방2화기,기타,경상남도,0,,,전망자료 부족,낮음,8,2024,"양년 자료 없음, 공통 조사단위 0개, 유효 관측 8건, 결측률 0.0%, 단위별 변화 변동성 100.0점. 제한된 비교 단위 또는 변동성 때문에 보수적으로 낮게 평가합니다. 2024·2026 두 개 연도의 NCPMS 예찰자료만 사용한 상대 위험 전망으로, 기상·재배면적·방제 변화와 2027년 실제 발생을 확정하지 않습니다.",전망자료 부족
논벼,이화명나방2화기,기타,경상북도,0,,,전망자료 부족,낮음,8,2024,"양년 자료 없음, 공통 조사단위 0개, 유효 관측 8건, 결측률 0.0%, 단위별 변화 변동성 100.0점. 제한된 비교 단위 또는 변동성 때문에 보수적으로 낮게 평가합니다. 2024·2026 두 개 연도의 NCPMS 예찰자료만 사용한 상대 위험 전망으로, 기상·재배면적·방제 변화와 2027년 실제 발생을 확정하지 않습니다.",전망자료 부족
논벼,이화명나방2화기,기타,대구광역시,0,,,전망자료 부족,낮음,8,2024,"양년 자료 없음, 공통 조사단위 0개, 유효 관측 8건, 결측률 0.0%, 단위별 변화 변동성 100.0점. 제한된 비교 단위 또는 변동성 때문에 보수적으로 낮게 평가합니다. 2024·2026 두 개 연도의 NCPMS 예찰자료만 사용한 상대 위험 전망으로, 기상·재배면적·방제 변화와 2027년 실제 발생을 확정하지 않습니다.",전망자료 부족
논벼,이화명나방2화기,기타,대전광역시,0,,,전망자료 부족,낮음,8,2024,"양년 자료 없음, 공통 조사단위 0개, 유효 관측 8건, 결측률 0.0%, 단위별 변화 변동성 100.0점. 제한된 비교 단위 또는 변동성 때문에 보수적으로 낮게 평가합니다. 2024·2026 두 개 연도의 NCPMS 예찰자료만 사용한 상대 위험 전망으로, 기상·재배면적·방제 변화와 2027년 실제 발생을 확정하지 않습니다.",전망자료 부족
논벼,이화명나방2화기,기타,부산광역시,0,,,전망자료 부족,낮음,8,2024,"양년 자료 없음, 공통 조사단위 0개, 유효 관측 8건, 결측률 0.0%, 단위별 변화 변동성 100.0점. 제한된 비교 단위 또는 변동성 때문에 보수적으로 낮게 평가합니다. 2024·2026 두 개 연도의 NCPMS 예찰자료만 사용한 상대 위험 전망으로, 기상·재배면적·방제 변화와 2027년 실제 발생을 확정하지 않습니다.",전망자료 부족
논벼,이화명나방2화기,기타,세종특별자치시,0,,,전망자료 부족,낮음,8,2024,"양년 자료 없음, 공통 조사단위 0개, 유효 관측 8건, 결측률 0.0%, 단위별 변화 변동성 100.0점. 제한된 비교 단위 또는 변동성 때문에 보수적으로 낮게 평가합니다. 2024·2026 두 개 연도의 NCPMS 예찰자료만 사용한 상대 위험 전망으로, 기상·재배면적·방제 변화와 2027년 실제 발생을 확정하지 않습니다.",전망자료 부족
논벼,이화명나방2화기,기타,울산광역시,0,,,전망자료 부족,낮음,8,2024,"양년 자료 없음, 공통 조사단위 0개, 유효 관측 8건, 결측률 0.0%, 단위별 변화 변동성 100.0점. 제한된 비교 단위 또는 변동성 때문에 보수적으로 낮게 평가합니다. 2024·2026 두 개 연도의 NCPMS 예찰자료만 사용한 상대 위험 전망으로, 기상·재배면적·방제 변화와 2027년 실제 발생을 확정하지 않습니다.",전망자료 부족
논벼,이화명나방2화기,기타,인천광역시,0,,,전망자료 부족,낮음,8,2024,"양년 자료 없음, 공통 조사단위 0개, 유효 관측 8건, 결측률 0.0%, 단위별 변화 변동성 100.0점. 제한된 비교 단위 또는 변동성 때문에 보수적으로 낮게 평가합니다. 2024·2026 두 개 연도의 NCPMS 예찰자료만 사용한 상대 위험 전망으로, 기상·재배면적·방제 변화와 2027년 실제 발생을 확정하지 않습니다.",전망자료 부족
논벼,이화명나방2화기,기타,전남광주통합특별시,0,,,전망자료 부족,낮음,8,2024,"양년 자료 없음, 공통 조사단위 0개, 유효 관측 8건, 결측률 0.0%, 단위별 변화 변동성 100.0점. 제한된 비교 단위 또는 변동성 때문에 보수적으로 낮게 평가합니다. 2024·2026 두 개 연도의 NCPMS 예찰자료만 사용한 상대 위험 전망으로, 기상·재배면적·방제 변화와 2027년 실제 발생을 확정하지 않습니다.",전망자료 부족
논벼,이화명나방2화기,기타,전북특별자치도,0,,,전망자료 부족,낮음,8,2024,"양년 자료 없음, 공통 조사단위 0개, 유효 관측 8건, 결측률 0.0%, 단위별 변화 변동성 100.0점. 제한된 비교 단위 또는 변동성 때문에 보수적으로 낮게 평가합니다. 2024·2026 두 개 연도의 NCPMS 예찰자료만 사용한 상대 위험 전망으로, 기상·재배면적·방제 변화와 2027년 실제 발생을 확정하지 않습니다.",전망자료 부족
논벼,이화명나방2화기,기타,충청남도,0,,,전망자료 부족,낮음,8,2024,"양년 자료 없음, 공통 조사단위 0개, 유효 관측 8건, 결측률 0.0%, 단위별 변화 변동성 100.0점. 제한된 비교 단위 또는 변동성 때문에 보수적으로 낮게 평가합니다. 2024·2026 두 개 연도의 NCPMS 예찰자료만 사용한 상대 위험 전망으로, 기상·재배면적·방제 변화와 2027년 실제 발생을 확정하지 않습니다.",전망자료 부족
논벼,이화명나방2화기,기타,충청북도,0,,,전망자료 부족,낮음,8,2024,"양년 자료 없음, 공통 조사단위 0개, 유효 관측 8건, 결측률 0.0%, 단위별 변화 변동성 100.0점. 제한된 비교 단위 또는 변동성 때문에 보수적으로 낮게 평가합니다. 2024·2026 두 개 연도의 NCPMS 예찰자료만 사용한 상대 위험 전망으로, 기상·재배면적·방제 변화와 2027년 실제 발생을 확정하지 않습니다.",전망자료 부족
배,잎검은점병,병해,강원특별자치도,3,0,0,유지,낮음,8,2024·2026,"기준선 비교: 2026 유지 0.0점, 2024·2026 가중평균 1.0점, 선택 모델(완화 추세+표본 축소) 0.0점. 지역 변화 -2.7점을 표본가중치 0.40로 같은 병해충·작물의 지역 중앙 변화 +0.0점 방향에 축소하고, 1년 연장 변화는 ±20점으로 제한했습니다. 양년 자료 있음, 공통 조사단위 1개, 유효 관측 8건, 결측률 0.0%, 단위별 변화 변동성 0.0점. 제한된 비교 단위 또는 변동성 때문에 보수적으로 낮게 평가합니다. 2024·2026 두 개 연도의 NCPMS 예찰자료만 사용한 상대 위험 전망으로, 기상·재배면적·방제 변화와 2027년 실제 발생을 확정하지 않습니다.",관찰
배,잎검은점병,병해,경기도,0,0,0,유지,보통,11,2024·2026,"기준선 비교: 2026 유지 0.0점, 2024·2026 가중평균 0.0점, 선택 모델(완화 추세+표본 축소) 0.0점. 지역 변화 +0.0점을 표본가중치 0.48로 같은 병해충·작물의 지역 중앙 변화 +0.0점 방향에 축소하고, 1년 연장 변화는 ±20점으로 제한했습니다. 양년 자료 있음, 공통 조사단위 4개, 유효 관측 11건, 결측률 0.0%, 단위별 변화 변동성 0.0점. 비교는 가능하지만 표본 또는 변동성에 불확실성이 남습니다. 2024·2026 두 개 연도의 NCPMS 예찰자료만 사용한 상대 위험 전망으로, 기상·재배면적·방제 변화와 2027년 실제 발생을 확정하지 않습니다.",관찰
배,잎검은점병,병해,경상남도,0,20,23,유지,보통,11,2024·2026,"기준선 비교: 2026 유지 20.1점, 2024·2026 가중평균 13.1점, 선택 모델(완화 추세+표본 축소) 23.5점. 지역 변화 +20.1점을 표본가중치 0.48로 같은 병해충·작물의 지역 중앙 변화 +0.0점 방향에 축소하고, 1년 연장 변화는 ±20점으로 제한했습니다. 양년 자료 있음, 공통 조사단위 4개, 유효 관측 11건, 결측률 0.0%, 단위별 변화 변동성 18.4점. 비교는 가능하지만 표본 또는 변동성에 불확실성이 남습니다. 2024·2026 두 개 연도의 NCPMS 예찰자료만 사용한 상대 위험 전망으로, 기상·재배면적·방제 변화와 2027년 실제 발생을 확정하지 않습니다.",관찰
배,잎검은점병,병해,경상북도,97,4,0,유지,보통,11,2024·2026,"기준선 비교: 2026 유지 4.4점, 2024·2026 가중평균 37.0점, 선택 모델(완화 추세+표본 축소) 0.0점. 지역 변화 -93.0점을 표본가중치 0.48로 같은 병해충·작물의 지역 중앙 변화 +0.0점 방향에 축소하고, 1년 연장 변화는 ±20점으로 제한했습니다. 양년 자료 있음, 공통 조사단위 4개, 유효 관측 11건, 결측률 0.0%, 단위별 변화 변동성 7.1점. 비교는 가능하지만 표본 또는 변동성에 불확실성이 남습니다. 2024·2026 두 개 연도의 NCPMS 예찰자료만 사용한 상대 위험 전망으로, 기상·재배면적·방제 변화와 2027년 실제 발생을 확정하지 않습니다.",관찰
배,잎검은점병,병해,세종특별자치시,0,0,0,유지,보통,10,2024·2026,"기준선 비교: 2026 유지 0.0점, 2024·2026 가중평균 0.0점, 선택 모델(완화 추세+표본 축소) 0.0점. 지역 변화 +0.0점을 표본가중치 0.45로 같은 병해충·작물의 지역 중앙 변화 +0.0점 방향에 축소하고, 1년 연장 변화는 ±20점으로 제한했습니다. 양년 자료 있음, 공통 조사단위 4개, 유효 관측 10건, 결측률 0.0%, 단위별 변화 변동성 0.0점. 비교는 가능하지만 표본 또는 변동성에 불확실성이 남습니다. 2024·2026 두 개 연도의 NCPMS 예찰자료만 사용한 상대 위험 전망으로, 기상·재배면적·방제 변화와 2027년 실제 발생을 확정하지 않습니다.",관찰
배,잎검은점병,병해,울산광역시,20,17,16,유지,보통,10,2024·2026,"기준선 비교: 2026 유지 16.7점, 2024·2026 가중평균 17.8점, 선택 모델(완화 추세+표본 축소) 16.1점. 지역 변화 -3.3점을 표본가중치 0.45로 같은 병해충·작물의 지역 중앙 변화 +0.0점 방향에 축소하고, 1년 연장 변화는 ±20점으로 제한했습니다. 양년 자료 있음, 공통 조사단위 4개, 유효 관측 10건, 결측률 0.0%, 단위별 변화 변동성 34.5점. 비교는 가능하지만 표본 또는 변동성에 불확실성이 남습니다. 2024·2026 두 개 연도의 NCPMS 예찰자료만 사용한 상대 위험 전망으로, 기상·재배면적·방제 변화와 2027년 실제 발생을 확정하지 않습니다.",관찰
배,잎검은점병,병해,전남광주통합특별시,3,56,65,증가,보통,11,2024·2026,"기준선 비교: 2026 유지 55.9점, 2024·2026 가중평균 37.3점, 선택 모델(완화 추세+표본 축소) 64.7점. 지역 변화 +53.1점을 표본가중치 0.48로 같은 병해충·작물의 지역 중앙 변화 +0.0점 방향에 축소하고, 1년 연장 변화는 ±20점으로 제한했습니다. 양년 자료 있음, 공통 조사단위 4개, 유효 관측 11건, 결측률 0.0%, 단위별 변화 변동성 26.7점. 비교는 가능하지만 표본 또는 변동성에 불확실성이 남습니다. 2024·2026 두 개 연도의 NCPMS 예찰자료만 사용한 상대 위험 전망으로, 기상·재배면적·방제 변화와 2027년 실제 발생을 확정하지 않습니다.",주의
배,잎검은점병,병해,전북특별자치도,,25,,전망자료 부족,낮음,7,2026,"양년 자료 없음, 공통 조사단위 0개, 유효 관측 7건, 결측률 0.0%, 단위별 변화 변동성 100.0점. 제한된 비교 단위 또는 변동성 때문에 보수적으로 낮게 평가합니다. 2024·2026 두 개 연도의 NCPMS 예찰자료만 사용한 상대 위험 전망으로, 기상·재배면적·방제 변화와 2027년 실제 발생을 확정하지 않습니다.",전망자료 부족
배,잎검은점병,병해,충청남도,1,12,14,유지,보통,11,2024·2026,"기준선 비교: 2026 유지 12.0점, 2024·2026 가중평균 8.2점, 선택 모델(완화 추세+표본 축소) 13.8점. 지역 변화 +10.8점을 표본가중치 0.48로 같은 병해충·작물의 지역 중앙 변화 +0.0점 방향에 축소하고, 1년 연장 변화는 ±20점으로 제한했습니다. 양년 자료 있음, 공통 조사단위 4개, 유효 관측 11건, 결측률 0.0%, 단위별 변화 변동성 8.5점. 비교는 가능하지만 표본 또는 변동성에 불확실성이 남습니다. 2024·2026 두 개 연도의 NCPMS 예찰자료만 사용한 상대 위험 전망으로, 기상·재배면적·방제 변화와 2027년 실제 발생을 확정하지 않습니다.",관찰
배,잎검은점병,병해,충청북도,0,0,0,유지,보통,11,2024·2026,"기준선 비교: 2026 유지 0.0점, 2024·2026 가중평균 0.0점, 선택 모델(완화 추세+표본 축소) 0.0점. 지역 변화 +0.0점을 표본가중치 0.48로 같은 병해충·작물의 지역 중앙 변화 +0.0점 방향에 축소하고, 1년 연장 변화는 ±20점으로 제한했습니다. 양년 자료 있음, 공통 조사단위 4개, 유효 관측 11건, 결측률 0.0%, 단위별 변화 변동성 0.0점. 비교는 가능하지만 표본 또는 변동성에 불확실성이 남습니다. 2024·2026 두 개 연도의 NCPMS 예찰자료만 사용한 상대 위험 전망으로, 기상·재배면적·방제 변화와 2027년 실제 발생을 확정하지 않습니다.",관찰
논벼,잎도열병,병해,강원특별자치도,0,37,46,증가,보통,32,2024·2026,"기준선 비교: 2026 유지 36.6점, 2024·2026 가중평균 23.8점, 선택 모델(완화 추세+표본 축소) 46.1점. 지역 변화 +36.6점을 표본가중치 0.73로 같은 병해충·작물의 지역 중앙 변화 +2.0점 방향에 축소하고, 1년 연장 변화는 ±20점으로 제한했습니다. 양년 자료 있음, 공통 조사단위 2개, 유효 관측 32건, 결측률 0.0%, 단위별 변화 변동성 0.0점. 비교는 가능하지만 표본 또는 변동성에 불확실성이 남습니다. 2024·2026 두 개 연도의 NCPMS 예찰자료만 사용한 상대 위험 전망으로, 기상·재배면적·방제 변화와 2027년 실제 발생을 확정하지 않습니다.",주의
논벼,잎도열병,병해,경기도,0,3,4,유지,보통,36,2024·2026,"기준선 비교: 2026 유지 2.7점, 2024·2026 가중평균 1.7점, 선택 모델(완화 추세+표본 축소) 3.5점. 지역 변화 +2.7점을 표본가중치 0.75로 같은 병해충·작물의 지역 중앙 변화 +2.0점 방향에 축소하고, 1년 연장 변화는 ±20점으로 제한했습니다. 양년 자료 있음, 공통 조사단위 2개, 유효 관측 36건, 결측률 0.0%, 단위별 변화 변동성 0.0점. 비교는 가능하지만 표본 또는 변동성에 불확실성이 남습니다. 2024·2026 두 개 연도의 NCPMS 예찰자료만 사용한 상대 위험 전망으로, 기상·재배면적·방제 변화와 2027년 실제 발생을 확정하지 않습니다.",관찰
논벼,잎도열병,병해,경상남도,0,15,19,유지,보통,32,2024·2026,"기준선 비교: 2026 유지 15.1점, 2024·2026 가중평균 9.8점, 선택 모델(완화 추세+표본 축소) 19.1점. 지역 변화 +15.1점을 표본가중치 0.73로 같은 병해충·작물의 지역 중앙 변화 +2.0점 방향에 축소하고, 1년 연장 변화는 ±20점으로 제한했습니다. 양년 자료 있음, 공통 조사단위 2개, 유효 관측 32건, 결측률 0.0%, 단위별 변화 변동성 0.0점. 비교는 가능하지만 표본 또는 변동성에 불확실성이 남습니다. 2024·2026 두 개 연도의 NCPMS 예찰자료만 사용한 상대 위험 전망으로, 기상·재배면적·방제 변화와 2027년 실제 발생을 확정하지 않습니다.",관찰
논벼,잎도열병,병해,경상북도,0,1,2,유지,보통,32,2024·2026,"기준선 비교: 2026 유지 1.4점, 2024·2026 가중평균 0.9점, 선택 모델(완화 추세+표본 축소) 1.9점. 지역 변화 +1.4점을 표본가중치 0.73로 같은 병해충·작물의 지역 중앙 변화 +2.0점 방향에 축소하고, 1년 연장 변화는 ±20점으로 제한했습니다. 양년 자료 있음, 공통 조사단위 2개, 유효 관측 32건, 결측률 0.0%, 단위별 변화 변동성 0.0점. 비교는 가능하지만 표본 또는 변동성에 불확실성이 남습니다. 2024·2026 두 개 연도의 NCPMS 예찰자료만 사용한 상대 위험 전망으로, 기상·재배면적·방제 변화와 2027년 실제 발생을 확정하지 않습니다.",관찰
논벼,잎도열병,병해,대구광역시,0,0,0,유지,보통,32,2024·2026,"기준선 비교: 2026 유지 0.0점, 2024·2026 가중평균 0.0점, 선택 모델(완화 추세+표본 축소) 0.2점. 지역 변화 +0.0점을 표본가중치 0.73로 같은 병해충·작물의 지역 중앙 변화 +2.0점 방향에 축소하고, 1년 연장 변화는 ±20점으로 제한했습니다. 양년 자료 있음, 공통 조사단위 2개, 유효 관측 32건, 결측률 0.0%, 단위별 변화 변동성 0.0점. 비교는 가능하지만 표본 또는 변동성에 불확실성이 남습니다. 2024·2026 두 개 연도의 NCPMS 예찰자료만 사용한 상대 위험 전망으로, 기상·재배면적·방제 변화와 2027년 실제 발생을 확정하지 않습니다.",관찰
논벼,잎도열병,병해,대전광역시,0,0,0,유지,보통,32,2024·2026,"기준선 비교: 2026 유지 0.0점, 2024·2026 가중평균 0.0점, 선택 모델(완화 추세+표본 축소) 0.2점. 지역 변화 +0.0점을 표본가중치 0.73로 같은 병해충·작물의 지역 중앙 변화 +2.0점 방향에 축소하고, 1년 연장 변화는 ±20점으로 제한했습니다. 양년 자료 있음, 공통 조사단위 2개, 유효 관측 32건, 결측률 0.0%, 단위별 변화 변동성 0.0점. 비교는 가능하지만 표본 또는 변동성에 불확실성이 남습니다. 2024·2026 두 개 연도의 NCPMS 예찰자료만 사용한 상대 위험 전망으로, 기상·재배면적·방제 변화와 2027년 실제 발생을 확정하지 않습니다.",관찰
논벼,잎도열병,병해,부산광역시,0,0,0,유지,보통,32,2024·2026,"기준선 비교: 2026 유지 0.0점, 2024·2026 가중평균 0.0점, 선택 모델(완화 추세+표본 축소) 0.2점. 지역 변화 +0.0점을 표본가중치 0.73로 같은 병해충·작물의 지역 중앙 변화 +2.0점 방향에 축소하고, 1년 연장 변화는 ±20점으로 제한했습니다. 양년 자료 있음, 공통 조사단위 2개, 유효 관측 32건, 결측률 0.0%, 단위별 변화 변동성 0.0점. 비교는 가능하지만 표본 또는 변동성에 불확실성이 남습니다. 2024·2026 두 개 연도의 NCPMS 예찰자료만 사용한 상대 위험 전망으로, 기상·재배면적·방제 변화와 2027년 실제 발생을 확정하지 않습니다.",관찰
논벼,잎도열병,병해,세종특별자치시,0,0,0,유지,보통,28,2024·2026,"기준선 비교: 2026 유지 0.0점, 2024·2026 가중평균 0.0점, 선택 모델(완화 추세+표본 축소) 0.2점. 지역 변화 +0.0점을 표본가중치 0.70로 같은 병해충·작물의 지역 중앙 변화 +2.0점 방향에 축소하고, 1년 연장 변화는 ±20점으로 제한했습니다. 양년 자료 있음, 공통 조사단위 2개, 유효 관측 28건, 결측률 0.0%, 단위별 변화 변동성 0.0점. 비교는 가능하지만 표본 또는 변동성에 불확실성이 남습니다. 2024·2026 두 개 연도의 NCPMS 예찰자료만 사용한 상대 위험 전망으로, 기상·재배면적·방제 변화와 2027년 실제 발생을 확정하지 않습니다.",관찰
논벼,잎도열병,병해,울산광역시,0,27,34,증가,보통,32,2024·2026,"기준선 비교: 2026 유지 26.8점, 2024·2026 가중평균 17.4점, 선택 모델(완화 추세+표본 축소) 33.8점. 지역 변화 +26.8점을 표본가중치 0.73로 같은 병해충·작물의 지역 중앙 변화 +2.0점 방향에 축소하고, 1년 연장 변화는 ±20점으로 제한했습니다. 양년 자료 있음, 공통 조사단위 2개, 유효 관측 32건, 결측률 0.0%, 단위별 변화 변동성 0.0점. 비교는 가능하지만 표본 또는 변동성에 불확실성이 남습니다. 2024·2026 두 개 연도의 NCPMS 예찰자료만 사용한 상대 위험 전망으로, 기상·재배면적·방제 변화와 2027년 실제 발생을 확정하지 않습니다.",주의
논벼,잎도열병,병해,인천광역시,0,44,55,증가,보통,32,2024·2026,"기준선 비교: 2026 유지 43.6점, 2024·2026 가중평균 28.3점, 선택 모델(완화 추세+표본 축소) 54.9점. 지역 변화 +43.6점을 표본가중치 0.73로 같은 병해충·작물의 지역 중앙 변화 +2.0점 방향에 축소하고, 1년 연장 변화는 ±20점으로 제한했습니다. 양년 자료 있음, 공통 조사단위 2개, 유효 관측 32건, 결측률 0.0%, 단위별 변화 변동성 0.0점. 비교는 가능하지만 표본 또는 변동성에 불확실성이 남습니다. 2024·2026 두 개 연도의 NCPMS 예찰자료만 사용한 상대 위험 전망으로, 기상·재배면적·방제 변화와 2027년 실제 발생을 확정하지 않습니다.",주의
논벼,잎도열병,병해,전남광주통합특별시,0,24,30,증가,보통,32,2024·2026,"기준선 비교: 2026 유지 23.6점, 2024·2026 가중평균 15.3점, 선택 모델(완화 추세+표본 축소) 29.8점. 지역 변화 +23.6점을 표본가중치 0.73로 같은 병해충·작물의 지역 중앙 변화 +2.0점 방향에 축소하고, 1년 연장 변화는 ±20점으로 제한했습니다. 양년 자료 있음, 공통 조사단위 2개, 유효 관측 32건, 결측률 0.0%, 단위별 변화 변동성 0.0점. 비교는 가능하지만 표본 또는 변동성에 불확실성이 남습니다. 2024·2026 두 개 연도의 NCPMS 예찰자료만 사용한 상대 위험 전망으로, 기상·재배면적·방제 변화와 2027년 실제 발생을 확정하지 않습니다.",관찰
논벼,잎도열병,병해,전북특별자치도,0,16,20,유지,보통,32,2024·2026,"기준선 비교: 2026 유지 15.6점, 2024·2026 가중평균 10.1점, 선택 모델(완화 추세+표본 축소) 19.7점. 지역 변화 +15.6점을 표본가중치 0.73로 같은 병해충·작물의 지역 중앙 변화 +2.0점 방향에 축소하고, 1년 연장 변화는 ±20점으로 제한했습니다. 양년 자료 있음, 공통 조사단위 2개, 유효 관측 32건, 결측률 0.0%, 단위별 변화 변동성 0.0점. 비교는 가능하지만 표본 또는 변동성에 불확실성이 남습니다. 2024·2026 두 개 연도의 NCPMS 예찰자료만 사용한 상대 위험 전망으로, 기상·재배면적·방제 변화와 2027년 실제 발생을 확정하지 않습니다.",관찰
논벼,잎도열병,병해,충청남도,0,1,2,유지,보통,32,2024·2026,"기준선 비교: 2026 유지 1.3점, 2024·2026 가중평균 0.8점, 선택 모델(완화 추세+표본 축소) 1.8점. 지역 변화 +1.3점을 표본가중치 0.73로 같은 병해충·작물의 지역 중앙 변화 +2.0점 방향에 축소하고, 1년 연장 변화는 ±20점으로 제한했습니다. 양년 자료 있음, 공통 조사단위 2개, 유효 관측 32건, 결측률 0.0%, 단위별 변화 변동성 0.3점. 비교는 가능하지만 표본 또는 변동성에 불확실성이 남습니다. 2024·2026 두 개 연도의 NCPMS 예찰자료만 사용한 상대 위험 전망으로, 기상·재배면적·방제 변화와 2027년 실제 발생을 확정하지 않습니다.",관찰
논벼,잎도열병,병해,충청북도,0,1,1,유지,보통,36,2024·2026,"기준선 비교: 2026 유지 0.6점, 2024·2026 가중평균 0.4점, 선택 모델(완화 추세+표본 축소) 0.9점. 지역 변화 +0.6점을 표본가중치 0.75로 같은 병해충·작물의 지역 중앙 변화 +2.0점 방향에 축소하고, 1년 연장 변화는 ±20점으로 제한했습니다. 양년 자료 있음, 공통 조사단위 2개, 유효 관측 36건, 결측률 0.0%, 단위별 변화 변동성 0.0점. 비교는 가능하지만 표본 또는 변동성에 불확실성이 남습니다. 2024·2026 두 개 연도의 NCPMS 예찰자료만 사용한 상대 위험 전망으로, 기상·재배면적·방제 변화와 2027년 실제 발생을 확정하지 않습니다.",관찰
마늘,잎마름병,병해,강원특별자치도,17,,,전망자료 부족,낮음,12,2024,"양년 자료 없음, 공통 조사단위 0개, 유효 관측 12건, 결측률 0.0%, 단위별 변화 변동성 100.0점. 제한된 비교 단위 또는 변동성 때문에 보수적으로 낮게 평가합니다. 2024·2026 두 개 연도의 NCPMS 예찰자료만 사용한 상대 위험 전망으로, 기상·재배면적·방제 변화와 2027년 실제 발생을 확정하지 않습니다.",전망자료 부족
마늘,잎마름병,병해,경상남도,7,,,전망자료 부족,낮음,12,2024,"양년 자료 없음, 공통 조사단위 0개, 유효 관측 12건, 결측률 0.0%, 단위별 변화 변동성 100.0점. 제한된 비교 단위 또는 변동성 때문에 보수적으로 낮게 평가합니다. 2024·2026 두 개 연도의 NCPMS 예찰자료만 사용한 상대 위험 전망으로, 기상·재배면적·방제 변화와 2027년 실제 발생을 확정하지 않습니다.",전망자료 부족
마늘,잎마름병,병해,경상북도,10,,,전망자료 부족,낮음,24,2024,"양년 자료 없음, 공통 조사단위 0개, 유효 관측 24건, 결측률 0.0%, 단위별 변화 변동성 100.0점. 제한된 비교 단위 또는 변동성 때문에 보수적으로 낮게 평가합니다. 2024·2026 두 개 연도의 NCPMS 예찰자료만 사용한 상대 위험 전망으로, 기상·재배면적·방제 변화와 2027년 실제 발생을 확정하지 않습니다.",전망자료 부족
마늘,잎마름병,병해,대구광역시,16,,,전망자료 부족,낮음,24,2024,"양년 자료 없음, 공통 조사단위 0개, 유효 관측 24건, 결측률 0.0%, 단위별 변화 변동성 100.0점. 제한된 비교 단위 또는 변동성 때문에 보수적으로 낮게 평가합니다. 2024·2026 두 개 연도의 NCPMS 예찰자료만 사용한 상대 위험 전망으로, 기상·재배면적·방제 변화와 2027년 실제 발생을 확정하지 않습니다.",전망자료 부족
마늘,잎마름병,병해,전남광주통합특별시,11,,,전망자료 부족,낮음,12,2024,"양년 자료 없음, 공통 조사단위 0개, 유효 관측 12건, 결측률 0.0%, 단위별 변화 변동성 100.0점. 제한된 비교 단위 또는 변동성 때문에 보수적으로 낮게 평가합니다. 2024·2026 두 개 연도의 NCPMS 예찰자료만 사용한 상대 위험 전망으로, 기상·재배면적·방제 변화와 2027년 실제 발생을 확정하지 않습니다.",전망자료 부족
마늘,잎마름병,병해,전북특별자치도,7,,,전망자료 부족,낮음,12,2024,"양년 자료 없음, 공통 조사단위 0개, 유효 관측 12건, 결측률 0.0%, 단위별 변화 변동성 100.0점. 제한된 비교 단위 또는 변동성 때문에 보수적으로 낮게 평가합니다. 2024·2026 두 개 연도의 NCPMS 예찰자료만 사용한 상대 위험 전망으로, 기상·재배면적·방제 변화와 2027년 실제 발생을 확정하지 않습니다.",전망자료 부족
마늘,잎마름병,병해,충청남도,5,,,전망자료 부족,낮음,24,2024,"양년 자료 없음, 공통 조사단위 0개, 유효 관측 24건, 결측률 0.0%, 단위별 변화 변동성 100.0점. 제한된 비교 단위 또는 변동성 때문에 보수적으로 낮게 평가합니다. 2024·2026 두 개 연도의 NCPMS 예찰자료만 사용한 상대 위험 전망으로, 기상·재배면적·방제 변화와 2027년 실제 발생을 확정하지 않습니다.",전망자료 부족
마늘,잎마름병,병해,충청북도,6,,,전망자료 부족,낮음,12,2024,"양년 자료 없음, 공통 조사단위 0개, 유효 관측 12건, 결측률 0.0%, 단위별 변화 변동성 100.0점. 제한된 비교 단위 또는 변동성 때문에 보수적으로 낮게 평가합니다. 2024·2026 두 개 연도의 NCPMS 예찰자료만 사용한 상대 위험 전망으로, 기상·재배면적·방제 변화와 2027년 실제 발생을 확정하지 않습니다.",전망자료 부족
양파,잎마름병,병해,경상남도,21,0,0,유지,보통,11,2024·2026,"기준선 비교: 2026 유지 0.0점, 2024·2026 가중평균 7.4점, 선택 모델(완화 추세+표본 축소) 0.0점. 지역 변화 -21.2점을 표본가중치 0.48로 같은 병해충·작물의 지역 중앙 변화 -17.7점 방향에 축소하고, 1년 연장 변화는 ±20점으로 제한했습니다. 양년 자료 있음, 공통 조사단위 5개, 유효 관측 11건, 결측률 0.0%, 단위별 변화 변동성 20.5점. 비교는 가능하지만 표본 또는 변동성에 불확실성이 남습니다. 2024·2026 두 개 연도의 NCPMS 예찰자료만 사용한 상대 위험 전망으로, 기상·재배면적·방제 변화와 2027년 실제 발생을 확정하지 않습니다.",관찰
양파,잎마름병,병해,경상북도,27,6,0,감소,보통,11,2024·2026,"기준선 비교: 2026 유지 5.8점, 2024·2026 가중평균 13.4점, 선택 모델(완화 추세+표본 축소) 0.0점. 지역 변화 -21.7점을 표본가중치 0.48로 같은 병해충·작물의 지역 중앙 변화 -17.7점 방향에 축소하고, 1년 연장 변화는 ±20점으로 제한했습니다. 양년 자료 있음, 공통 조사단위 5개, 유효 관측 11건, 결측률 0.0%, 단위별 변화 변동성 35.7점. 비교는 가능하지만 표본 또는 변동성에 불확실성이 남습니다. 2024·2026 두 개 연도의 NCPMS 예찰자료만 사용한 상대 위험 전망으로, 기상·재배면적·방제 변화와 2027년 실제 발생을 확정하지 않습니다.",관찰
양파,잎마름병,병해,대구광역시,29,88,95,증가,보통,11,2024·2026,"기준선 비교: 2026 유지 88.1점, 2024·2026 가중평균 67.3점, 선택 모델(완화 추세+표본 축소) 94.8점. 지역 변화 +59.4점을 표본가중치 0.48로 같은 병해충·작물의 지역 중앙 변화 -17.7점 방향에 축소하고, 1년 연장 변화는 ±20점으로 제한했습니다. 양년 자료 있음, 공통 조사단위 5개, 유효 관측 11건, 결측률 0.0%, 단위별 변화 변동성 23.7점. 비교는 가능하지만 표본 또는 변동성에 불확실성이 남습니다. 2024·2026 두 개 연도의 NCPMS 예찰자료만 사용한 상대 위험 전망으로, 기상·재배면적·방제 변화와 2027년 실제 발생을 확정하지 않습니다.",고위험
양파,잎마름병,병해,전남광주통합특별시,29,11,5,감소,보통,11,2024·2026,"기준선 비교: 2026 유지 11.3점, 2024·2026 가중평균 17.5점, 선택 모델(완화 추세+표본 축소) 5.1점. 지역 변화 -17.7점을 표본가중치 0.48로 같은 병해충·작물의 지역 중앙 변화 -17.7점 방향에 축소하고, 1년 연장 변화는 ±20점으로 제한했습니다. 양년 자료 있음, 공통 조사단위 5개, 유효 관측 11건, 결측률 0.0%, 단위별 변화 변동성 13.4점. 비교는 가능하지만 표본 또는 변동성에 불확실성이 남습니다. 2024·2026 두 개 연도의 NCPMS 예찰자료만 사용한 상대 위험 전망으로, 기상·재배면적·방제 변화와 2027년 실제 발생을 확정하지 않습니다.",관찰
양파,잎마름병,병해,전북특별자치도,4,17,16,유지,보통,11,2024·2026,"기준선 비교: 2026 유지 17.3점, 2024·2026 가중평균 12.6점, 선택 모델(완화 추세+표본 축소) 16.3점. 지역 변화 +13.4점을 표본가중치 0.48로 같은 병해충·작물의 지역 중앙 변화 -17.7점 방향에 축소하고, 1년 연장 변화는 ±20점으로 제한했습니다. 양년 자료 있음, 공통 조사단위 5개, 유효 관측 11건, 결측률 0.0%, 단위별 변화 변동성 21.4점. 비교는 가능하지만 표본 또는 변동성에 불확실성이 남습니다. 2024·2026 두 개 연도의 NCPMS 예찰자료만 사용한 상대 위험 전망으로, 기상·재배면적·방제 변화와 2027년 실제 발생을 확정하지 않습니다.",관찰
배,잎말이나방,기타,강원특별자치도,0,,,전망자료 부족,낮음,4,2024,"양년 자료 없음, 공통 조사단위 0개, 유효 관측 4건, 결측률 0.0%, 단위별 변화 변동성 100.0점. 제한된 비교 단위 또는 변동성 때문에 보수적으로 낮게 평가합니다. 2024·2026 두 개 연도의 NCPMS 예찰자료만 사용한 상대 위험 전망으로, 기상·재배면적·방제 변화와 2027년 실제 발생을 확정하지 않습니다.",전망자료 부족
배,잎말이나방,기타,경기도,0,,,전망자료 부족,낮음,8,2024,"양년 자료 없음, 공통 조사단위 0개, 유효 관측 8건, 결측률 0.0%, 단위별 변화 변동성 100.0점. 제한된 비교 단위 또는 변동성 때문에 보수적으로 낮게 평가합니다. 2024·2026 두 개 연도의 NCPMS 예찰자료만 사용한 상대 위험 전망으로, 기상·재배면적·방제 변화와 2027년 실제 발생을 확정하지 않습니다.",전망자료 부족
배,잎말이나방,기타,경상남도,0,,,전망자료 부족,낮음,8,2024,"양년 자료 없음, 공통 조사단위 0개, 유효 관측 8건, 결측률 0.0%, 단위별 변화 변동성 100.0점. 제한된 비교 단위 또는 변동성 때문에 보수적으로 낮게 평가합니다. 2024·2026 두 개 연도의 NCPMS 예찰자료만 사용한 상대 위험 전망으로, 기상·재배면적·방제 변화와 2027년 실제 발생을 확정하지 않습니다.",전망자료 부족
배,잎말이나방,기타,경상북도,0,,,전망자료 부족,낮음,8,2024,"양년 자료 없음, 공통 조사단위 0개, 유효 관측 8건, 결측률 0.0%, 단위별 변화 변동성 100.0점. 제한된 비교 단위 또는 변동성 때문에 보수적으로 낮게 평가합니다. 2024·2026 두 개 연도의 NCPMS 예찰자료만 사용한 상대 위험 전망으로, 기상·재배면적·방제 변화와 2027년 실제 발생을 확정하지 않습니다.",전망자료 부족
배,잎말이나방,기타,세종특별자치시,0,,,전망자료 부족,낮음,8,2024,"양년 자료 없음, 공통 조사단위 0개, 유효 관측 8건, 결측률 0.0%, 단위별 변화 변동성 100.0점. 제한된 비교 단위 또는 변동성 때문에 보수적으로 낮게 평가합니다. 2024·2026 두 개 연도의 NCPMS 예찰자료만 사용한 상대 위험 전망으로, 기상·재배면적·방제 변화와 2027년 실제 발생을 확정하지 않습니다.",전망자료 부족
배,잎말이나방,기타,울산광역시,0,,,전망자료 부족,낮음,8,2024,"양년 자료 없음, 공통 조사단위 0개, 유효 관측 8건, 결측률 0.0%, 단위별 변화 변동성 100.0점. 제한된 비교 단위 또는 변동성 때문에 보수적으로 낮게 평가합니다. 2024·2026 두 개 연도의 NCPMS 예찰자료만 사용한 상대 위험 전망으로, 기상·재배면적·방제 변화와 2027년 실제 발생을 확정하지 않습니다.",전망자료 부족
배,잎말이나방,기타,전남광주통합특별시,0,,,전망자료 부족,낮음,8,2024,"양년 자료 없음, 공통 조사단위 0개, 유효 관측 8건, 결측률 0.0%, 단위별 변화 변동성 100.0점. 제한된 비교 단위 또는 변동성 때문에 보수적으로 낮게 평가합니다. 2024·2026 두 개 연도의 NCPMS 예찰자료만 사용한 상대 위험 전망으로, 기상·재배면적·방제 변화와 2027년 실제 발생을 확정하지 않습니다.",전망자료 부족
배,잎말이나방,기타,충청남도,0,,,전망자료 부족,낮음,8,2024,"양년 자료 없음, 공통 조사단위 0개, 유효 관측 8건, 결측률 0.0%, 단위별 변화 변동성 100.0점. 제한된 비교 단위 또는 변동성 때문에 보수적으로 낮게 평가합니다. 2024·2026 두 개 연도의 NCPMS 예찰자료만 사용한 상대 위험 전망으로, 기상·재배면적·방제 변화와 2027년 실제 발생을 확정하지 않습니다.",전망자료 부족
배,잎말이나방,기타,충청북도,0,,,전망자료 부족,낮음,8,2024,"양년 자료 없음, 공통 조사단위 0개, 유효 관측 8건, 결측률 0.0%, 단위별 변화 변동성 100.0점. 제한된 비교 단위 또는 변동성 때문에 보수적으로 낮게 평가합니다. 2024·2026 두 개 연도의 NCPMS 예찰자료만 사용한 상대 위험 전망으로, 기상·재배면적·방제 변화와 2027년 실제 발생을 확정하지 않습니다.",전망자료 부족
복숭아,잎오갈병,병해,강원특별자치도,,0,,전망자료 부족,낮음,7,2026,"양년 자료 없음, 공통 조사단위 0개, 유효 관측 7건, 결측률 0.0%, 단위별 변화 변동성 100.0점. 제한된 비교 단위 또는 변동성 때문에 보수적으로 낮게 평가합니다. 2024·2026 두 개 연도의 NCPMS 예찰자료만 사용한 상대 위험 전망으로, 기상·재배면적·방제 변화와 2027년 실제 발생을 확정하지 않습니다.",전망자료 부족
복숭아,잎오갈병,병해,경기도,,0,,전망자료 부족,낮음,7,2026,"양년 자료 없음, 공통 조사단위 0개, 유효 관측 7건, 결측률 0.0%, 단위별 변화 변동성 100.0점. 제한된 비교 단위 또는 변동성 때문에 보수적으로 낮게 평가합니다. 2024·2026 두 개 연도의 NCPMS 예찰자료만 사용한 상대 위험 전망으로, 기상·재배면적·방제 변화와 2027년 실제 발생을 확정하지 않습니다.",전망자료 부족
복숭아,잎오갈병,병해,경상남도,,1,,전망자료 부족,낮음,7,2026,"양년 자료 없음, 공통 조사단위 0개, 유효 관측 7건, 결측률 0.0%, 단위별 변화 변동성 100.0점. 제한된 비교 단위 또는 변동성 때문에 보수적으로 낮게 평가합니다. 2024·2026 두 개 연도의 NCPMS 예찰자료만 사용한 상대 위험 전망으로, 기상·재배면적·방제 변화와 2027년 실제 발생을 확정하지 않습니다.",전망자료 부족
복숭아,잎오갈병,병해,경상북도,,0,,전망자료 부족,낮음,7,2026,"양년 자료 없음, 공통 조사단위 0개, 유효 관측 7건, 결측률 0.0%, 단위별 변화 변동성 100.0점. 제한된 비교 단위 또는 변동성 때문에 보수적으로 낮게 평가합니다. 2024·2026 두 개 연도의 NCPMS 예찰자료만 사용한 상대 위험 전망으로, 기상·재배면적·방제 변화와 2027년 실제 발생을 확정하지 않습니다.",전망자료 부족
복숭아,잎오갈병,병해,세종특별자치시,,0,,전망자료 부족,낮음,6,2026,"양년 자료 없음, 공통 조사단위 0개, 유효 관측 6건, 결측률 0.0%, 단위별 변화 변동성 100.0점. 제한된 비교 단위 또는 변동성 때문에 보수적으로 낮게 평가합니다. 2024·2026 두 개 연도의 NCPMS 예찰자료만 사용한 상대 위험 전망으로, 기상·재배면적·방제 변화와 2027년 실제 발생을 확정하지 않습니다.",전망자료 부족
복숭아,잎오갈병,병해,전남광주통합특별시,,0,,전망자료 부족,낮음,7,2026,"양년 자료 없음, 공통 조사단위 0개, 유효 관측 7건, 결측률 0.0%, 단위별 변화 변동성 100.0점. 제한된 비교 단위 또는 변동성 때문에 보수적으로 낮게 평가합니다. 2024·2026 두 개 연도의 NCPMS 예찰자료만 사용한 상대 위험 전망으로, 기상·재배면적·방제 변화와 2027년 실제 발생을 확정하지 않습니다.",전망자료 부족
복숭아,잎오갈병,병해,전북특별자치도,,0,,전망자료 부족,낮음,7,2026,"양년 자료 없음, 공통 조사단위 0개, 유효 관측 7건, 결측률 0.0%, 단위별 변화 변동성 100.0점. 제한된 비교 단위 또는 변동성 때문에 보수적으로 낮게 평가합니다. 2024·2026 두 개 연도의 NCPMS 예찰자료만 사용한 상대 위험 전망으로, 기상·재배면적·방제 변화와 2027년 실제 발생을 확정하지 않습니다.",전망자료 부족
복숭아,잎오갈병,병해,충청남도,,14,,전망자료 부족,낮음,7,2026,"양년 자료 없음, 공통 조사단위 0개, 유효 관측 7건, 결측률 0.0%, 단위별 변화 변동성 100.0점. 제한된 비교 단위 또는 변동성 때문에 보수적으로 낮게 평가합니다. 2024·2026 두 개 연도의 NCPMS 예찰자료만 사용한 상대 위험 전망으로, 기상·재배면적·방제 변화와 2027년 실제 발생을 확정하지 않습니다.",전망자료 부족
복숭아,잎오갈병,병해,충청북도,,4,,전망자료 부족,낮음,7,2026,"양년 자료 없음, 공통 조사단위 0개, 유효 관측 7건, 결측률 0.0%, 단위별 변화 변동성 100.0점. 제한된 비교 단위 또는 변동성 때문에 보수적으로 낮게 평가합니다. 2024·2026 두 개 연도의 NCPMS 예찰자료만 사용한 상대 위험 전망으로, 기상·재배면적·방제 변화와 2027년 실제 발생을 확정하지 않습니다.",전망자료 부족
보리,잎집눈무늬병,병해,경상남도,,0,,전망자료 부족,낮음,6,2026,"양년 자료 없음, 공통 조사단위 0개, 유효 관측 6건, 결측률 0.0%, 단위별 변화 변동성 100.0점. 제한된 비교 단위 또는 변동성 때문에 보수적으로 낮게 평가합니다. 2024·2026 두 개 연도의 NCPMS 예찰자료만 사용한 상대 위험 전망으로, 기상·재배면적·방제 변화와 2027년 실제 발생을 확정하지 않습니다.",전망자료 부족
보리,잎집눈무늬병,병해,경상북도,,0,,전망자료 부족,낮음,6,2026,"양년 자료 없음, 공통 조사단위 0개, 유효 관측 6건, 결측률 0.0%, 단위별 변화 변동성 100.0점. 제한된 비교 단위 또는 변동성 때문에 보수적으로 낮게 평가합니다. 2024·2026 두 개 연도의 NCPMS 예찰자료만 사용한 상대 위험 전망으로, 기상·재배면적·방제 변화와 2027년 실제 발생을 확정하지 않습니다.",전망자료 부족
보리,잎집눈무늬병,병해,전남광주통합특별시,,50,,전망자료 부족,낮음,6,2026,"양년 자료 없음, 공통 조사단위 0개, 유효 관측 6건, 결측률 0.0%, 단위별 변화 변동성 100.0점. 제한된 비교 단위 또는 변동성 때문에 보수적으로 낮게 평가합니다. 2024·2026 두 개 연도의 NCPMS 예찰자료만 사용한 상대 위험 전망으로, 기상·재배면적·방제 변화와 2027년 실제 발생을 확정하지 않습니다.",전망자료 부족
보리,잎집눈무늬병,병해,전북특별자치도,,0,,전망자료 부족,낮음,6,2026,"양년 자료 없음, 공통 조사단위 0개, 유효 관측 6건, 결측률 0.0%, 단위별 변화 변동성 100.0점. 제한된 비교 단위 또는 변동성 때문에 보수적으로 낮게 평가합니다. 2024·2026 두 개 연도의 NCPMS 예찰자료만 사용한 상대 위험 전망으로, 기상·재배면적·방제 변화와 2027년 실제 발생을 확정하지 않습니다.",전망자료 부족
보리,잎집눈무늬병,병해,충청남도,,0,,전망자료 부족,낮음,6,2026,"양년 자료 없음, 공통 조사단위 0개, 유효 관측 6건, 결측률 0.0%, 단위별 변화 변동성 100.0점. 제한된 비교 단위 또는 변동성 때문에 보수적으로 낮게 평가합니다. 2024·2026 두 개 연도의 NCPMS 예찰자료만 사용한 상대 위험 전망으로, 기상·재배면적·방제 변화와 2027년 실제 발생을 확정하지 않습니다.",전망자료 부족
보리,잎집눈무늬병,병해,충청북도,,0,,전망자료 부족,낮음,6,2026,"양년 자료 없음, 공통 조사단위 0개, 유효 관측 6건, 결측률 0.0%, 단위별 변화 변동성 100.0점. 제한된 비교 단위 또는 변동성 때문에 보수적으로 낮게 평가합니다. 2024·2026 두 개 연도의 NCPMS 예찰자료만 사용한 상대 위험 전망으로, 기상·재배면적·방제 변화와 2027년 실제 발생을 확정하지 않습니다.",전망자료 부족
논벼,잎집무늬마름병,병해,강원특별자치도,0,17,21,유지,보통,32,2024·2026,"기준선 비교: 2026 유지 16.7점, 2024·2026 가중평균 10.8점, 선택 모델(완화 추세+표본 축소) 21.3점. 지역 변화 +16.7점을 표본가중치 0.73로 같은 병해충·작물의 지역 중앙 변화 +3.4점 방향에 축소하고, 1년 연장 변화는 ±20점으로 제한했습니다. 양년 자료 있음, 공통 조사단위 2개, 유효 관측 32건, 결측률 0.0%, 단위별 변화 변동성 0.0점. 비교는 가능하지만 표본 또는 변동성에 불확실성이 남습니다. 2024·2026 두 개 연도의 NCPMS 예찰자료만 사용한 상대 위험 전망으로, 기상·재배면적·방제 변화와 2027년 실제 발생을 확정하지 않습니다.",관찰
논벼,잎집무늬마름병,병해,경기도,0,9,12,유지,보통,36,2024·2026,"기준선 비교: 2026 유지 9.4점, 2024·2026 가중평균 6.1점, 선택 모델(완화 추세+표본 축소) 12.1점. 지역 변화 +9.4점을 표본가중치 0.75로 같은 병해충·작물의 지역 중앙 변화 +3.4점 방향에 축소하고, 1년 연장 변화는 ±20점으로 제한했습니다. 양년 자료 있음, 공통 조사단위 2개, 유효 관측 36건, 결측률 0.0%, 단위별 변화 변동성 0.0점. 비교는 가능하지만 표본 또는 변동성에 불확실성이 남습니다. 2024·2026 두 개 연도의 NCPMS 예찰자료만 사용한 상대 위험 전망으로, 기상·재배면적·방제 변화와 2027년 실제 발생을 확정하지 않습니다.",관찰
논벼,잎집무늬마름병,병해,경상남도,0,19,24,증가,보통,32,2024·2026,"기준선 비교: 2026 유지 18.8점, 2024·2026 가중평균 12.2점, 선택 모델(완화 추세+표본 축소) 23.9점. 지역 변화 +18.8점을 표본가중치 0.73로 같은 병해충·작물의 지역 중앙 변화 +3.4점 방향에 축소하고, 1년 연장 변화는 ±20점으로 제한했습니다. 양년 자료 있음, 공통 조사단위 2개, 유효 관측 32건, 결측률 0.0%, 단위별 변화 변동성 0.0점. 비교는 가능하지만 표본 또는 변동성에 불확실성이 남습니다. 2024·2026 두 개 연도의 NCPMS 예찰자료만 사용한 상대 위험 전망으로, 기상·재배면적·방제 변화와 2027년 실제 발생을 확정하지 않습니다.",관찰
논벼,잎집무늬마름병,병해,경상북도,0,0,1,유지,보통,32,2024·2026,"기준선 비교: 2026 유지 0.4점, 2024·2026 가중평균 0.2점, 선택 모델(완화 추세+표본 축소) 0.8점. 지역 변화 +0.4점을 표본가중치 0.73로 같은 병해충·작물의 지역 중앙 변화 +3.4점 방향에 축소하고, 1년 연장 변화는 ±20점으로 제한했습니다. 양년 자료 있음, 공통 조사단위 2개, 유효 관측 32건, 결측률 0.0%, 단위별 변화 변동성 0.0점. 비교는 가능하지만 표본 또는 변동성에 불확실성이 남습니다. 2024·2026 두 개 연도의 NCPMS 예찰자료만 사용한 상대 위험 전망으로, 기상·재배면적·방제 변화와 2027년 실제 발생을 확정하지 않습니다.",관찰
논벼,잎집무늬마름병,병해,대구광역시,0,0,0,유지,보통,32,2024·2026,"기준선 비교: 2026 유지 0.0점, 2024·2026 가중평균 0.0점, 선택 모델(완화 추세+표본 축소) 0.3점. 지역 변화 +0.0점을 표본가중치 0.73로 같은 병해충·작물의 지역 중앙 변화 +3.4점 방향에 축소하고, 1년 연장 변화는 ±20점으로 제한했습니다. 양년 자료 있음, 공통 조사단위 2개, 유효 관측 32건, 결측률 0.0%, 단위별 변화 변동성 0.0점. 비교는 가능하지만 표본 또는 변동성에 불확실성이 남습니다. 2024·2026 두 개 연도의 NCPMS 예찰자료만 사용한 상대 위험 전망으로, 기상·재배면적·방제 변화와 2027년 실제 발생을 확정하지 않습니다.",관찰
논벼,잎집무늬마름병,병해,대전광역시,0,0,0,유지,보통,32,2024·2026,"기준선 비교: 2026 유지 0.0점, 2024·2026 가중평균 0.0점, 선택 모델(완화 추세+표본 축소) 0.3점. 지역 변화 +0.0점을 표본가중치 0.73로 같은 병해충·작물의 지역 중앙 변화 +3.4점 방향에 축소하고, 1년 연장 변화는 ±20점으로 제한했습니다. 양년 자료 있음, 공통 조사단위 2개, 유효 관측 32건, 결측률 0.0%, 단위별 변화 변동성 0.0점. 비교는 가능하지만 표본 또는 변동성에 불확실성이 남습니다. 2024·2026 두 개 연도의 NCPMS 예찰자료만 사용한 상대 위험 전망으로, 기상·재배면적·방제 변화와 2027년 실제 발생을 확정하지 않습니다.",관찰
논벼,잎집무늬마름병,병해,부산광역시,0,0,0,유지,보통,32,2024·2026,"기준선 비교: 2026 유지 0.0점, 2024·2026 가중평균 0.0점, 선택 모델(완화 추세+표본 축소) 0.3점. 지역 변화 +0.0점을 표본가중치 0.73로 같은 병해충·작물의 지역 중앙 변화 +3.4점 방향에 축소하고, 1년 연장 변화는 ±20점으로 제한했습니다. 양년 자료 있음, 공통 조사단위 2개, 유효 관측 32건, 결측률 0.0%, 단위별 변화 변동성 0.0점. 비교는 가능하지만 표본 또는 변동성에 불확실성이 남습니다. 2024·2026 두 개 연도의 NCPMS 예찰자료만 사용한 상대 위험 전망으로, 기상·재배면적·방제 변화와 2027년 실제 발생을 확정하지 않습니다.",관찰
논벼,잎집무늬마름병,병해,세종특별자치시,0,16,21,증가,보통,28,2024·2026,"기준선 비교: 2026 유지 16.3점, 2024·2026 가중평균 10.6점, 선택 모델(완화 추세+표본 축소) 20.7점. 지역 변화 +16.3점을 표본가중치 0.70로 같은 병해충·작물의 지역 중앙 변화 +3.4점 방향에 축소하고, 1년 연장 변화는 ±20점으로 제한했습니다. 양년 자료 있음, 공통 조사단위 2개, 유효 관측 28건, 결측률 0.0%, 단위별 변화 변동성 0.0점. 비교는 가능하지만 표본 또는 변동성에 불확실성이 남습니다. 2024·2026 두 개 연도의 NCPMS 예찰자료만 사용한 상대 위험 전망으로, 기상·재배면적·방제 변화와 2027년 실제 발생을 확정하지 않습니다.",관찰
논벼,잎집무늬마름병,병해,울산광역시,0,0,0,유지,보통,32,2024·2026,"기준선 비교: 2026 유지 0.0점, 2024·2026 가중평균 0.0점, 선택 모델(완화 추세+표본 축소) 0.3점. 지역 변화 +0.0점을 표본가중치 0.73로 같은 병해충·작물의 지역 중앙 변화 +3.4점 방향에 축소하고, 1년 연장 변화는 ±20점으로 제한했습니다. 양년 자료 있음, 공통 조사단위 2개, 유효 관측 32건, 결측률 0.0%, 단위별 변화 변동성 0.0점. 비교는 가능하지만 표본 또는 변동성에 불확실성이 남습니다. 2024·2026 두 개 연도의 NCPMS 예찰자료만 사용한 상대 위험 전망으로, 기상·재배면적·방제 변화와 2027년 실제 발생을 확정하지 않습니다.",관찰
논벼,잎집무늬마름병,병해,인천광역시,38,17,12,감소,보통,32,2024·2026,"기준선 비교: 2026 유지 16.7점, 2024·2026 가중평균 24.0점, 선택 모델(완화 추세+표본 축소) 11.7점. 지역 변화 -20.8점을 표본가중치 0.73로 같은 병해충·작물의 지역 중앙 변화 +3.4점 방향에 축소하고, 1년 연장 변화는 ±20점으로 제한했습니다. 양년 자료 있음, 공통 조사단위 2개, 유효 관측 32건, 결측률 0.0%, 단위별 변화 변동성 37.5점. 비교는 가능하지만 표본 또는 변동성에 불확실성이 남습니다. 2024·2026 두 개 연도의 NCPMS 예찰자료만 사용한 상대 위험 전망으로, 기상·재배면적·방제 변화와 2027년 실제 발생을 확정하지 않습니다.",관찰
논벼,잎집무늬마름병,병해,전남광주통합특별시,0,23,30,증가,보통,32,2024·2026,"기준선 비교: 2026 유지 23.4점, 2024·2026 가중평균 15.2점, 선택 모델(완화 추세+표본 축소) 29.6점. 지역 변화 +23.4점을 표본가중치 0.73로 같은 병해충·작물의 지역 중앙 변화 +3.4점 방향에 축소하고, 1년 연장 변화는 ±20점으로 제한했습니다. 양년 자료 있음, 공통 조사단위 2개, 유효 관측 32건, 결측률 0.0%, 단위별 변화 변동성 0.0점. 비교는 가능하지만 표본 또는 변동성에 불확실성이 남습니다. 2024·2026 두 개 연도의 NCPMS 예찰자료만 사용한 상대 위험 전망으로, 기상·재배면적·방제 변화와 2027년 실제 발생을 확정하지 않습니다.",관찰
논벼,잎집무늬마름병,병해,전북특별자치도,0,1,2,유지,보통,32,2024·2026,"기준선 비교: 2026 유지 1.4점, 2024·2026 가중평균 0.9점, 선택 모델(완화 추세+표본 축소) 2.1점. 지역 변화 +1.4점을 표본가중치 0.73로 같은 병해충·작물의 지역 중앙 변화 +3.4점 방향에 축소하고, 1년 연장 변화는 ±20점으로 제한했습니다. 양년 자료 있음, 공통 조사단위 2개, 유효 관측 32건, 결측률 0.0%, 단위별 변화 변동성 0.0점. 비교는 가능하지만 표본 또는 변동성에 불확실성이 남습니다. 2024·2026 두 개 연도의 NCPMS 예찰자료만 사용한 상대 위험 전망으로, 기상·재배면적·방제 변화와 2027년 실제 발생을 확정하지 않습니다.",관찰
논벼,잎집무늬마름병,병해,충청남도,0,5,7,유지,보통,32,2024·2026,"기준선 비교: 2026 유지 5.3점, 2024·2026 가중평균 3.4점, 선택 모델(완화 추세+표본 축소) 7.0점. 지역 변화 +5.3점을 표본가중치 0.73로 같은 병해충·작물의 지역 중앙 변화 +3.4점 방향에 축소하고, 1년 연장 변화는 ±20점으로 제한했습니다. 양년 자료 있음, 공통 조사단위 2개, 유효 관측 32건, 결측률 0.0%, 단위별 변화 변동성 0.0점. 비교는 가능하지만 표본 또는 변동성에 불확실성이 남습니다. 2024·2026 두 개 연도의 NCPMS 예찰자료만 사용한 상대 위험 전망으로, 기상·재배면적·방제 변화와 2027년 실제 발생을 확정하지 않습니다.",관찰
논벼,잎집무늬마름병,병해,충청북도,0,14,18,유지,보통,36,2024·2026,"기준선 비교: 2026 유지 14.3점, 2024·2026 가중평균 9.3점, 선택 모델(완화 추세+표본 축소) 18.3점. 지역 변화 +14.3점을 표본가중치 0.75로 같은 병해충·작물의 지역 중앙 변화 +3.4점 방향에 축소하고, 1년 연장 변화는 ±20점으로 제한했습니다. 양년 자료 있음, 공통 조사단위 2개, 유효 관측 36건, 결측률 0.0%, 단위별 변화 변동성 0.0점. 비교는 가능하지만 표본 또는 변동성에 불확실성이 남습니다. 2024·2026 두 개 연도의 NCPMS 예찰자료만 사용한 상대 위험 전망으로, 기상·재배면적·방제 변화와 2027년 실제 발생을 확정하지 않습니다.",관찰
마늘,잎집썩음병,기타,강원특별자치도,0,,,전망자료 부족,낮음,12,2024,"양년 자료 없음, 공통 조사단위 0개, 유효 관측 12건, 결측률 0.0%, 단위별 변화 변동성 100.0점. 제한된 비교 단위 또는 변동성 때문에 보수적으로 낮게 평가합니다. 2024·2026 두 개 연도의 NCPMS 예찰자료만 사용한 상대 위험 전망으로, 기상·재배면적·방제 변화와 2027년 실제 발생을 확정하지 않습니다.",전망자료 부족
마늘,잎집썩음병,기타,경상남도,25,,,전망자료 부족,낮음,12,2024,"양년 자료 없음, 공통 조사단위 0개, 유효 관측 12건, 결측률 0.0%, 단위별 변화 변동성 100.0점. 제한된 비교 단위 또는 변동성 때문에 보수적으로 낮게 평가합니다. 2024·2026 두 개 연도의 NCPMS 예찰자료만 사용한 상대 위험 전망으로, 기상·재배면적·방제 변화와 2027년 실제 발생을 확정하지 않습니다.",전망자료 부족
마늘,잎집썩음병,기타,경상북도,0,,,전망자료 부족,낮음,24,2024,"양년 자료 없음, 공통 조사단위 0개, 유효 관측 24건, 결측률 0.0%, 단위별 변화 변동성 100.0점. 제한된 비교 단위 또는 변동성 때문에 보수적으로 낮게 평가합니다. 2024·2026 두 개 연도의 NCPMS 예찰자료만 사용한 상대 위험 전망으로, 기상·재배면적·방제 변화와 2027년 실제 발생을 확정하지 않습니다.",전망자료 부족
마늘,잎집썩음병,기타,대구광역시,0,,,전망자료 부족,낮음,24,2024,"양년 자료 없음, 공통 조사단위 0개, 유효 관측 24건, 결측률 0.0%, 단위별 변화 변동성 100.0점. 제한된 비교 단위 또는 변동성 때문에 보수적으로 낮게 평가합니다. 2024·2026 두 개 연도의 NCPMS 예찰자료만 사용한 상대 위험 전망으로, 기상·재배면적·방제 변화와 2027년 실제 발생을 확정하지 않습니다.",전망자료 부족
마늘,잎집썩음병,기타,전남광주통합특별시,14,,,전망자료 부족,낮음,12,2024,"양년 자료 없음, 공통 조사단위 0개, 유효 관측 12건, 결측률 0.0%, 단위별 변화 변동성 100.0점. 제한된 비교 단위 또는 변동성 때문에 보수적으로 낮게 평가합니다. 2024·2026 두 개 연도의 NCPMS 예찰자료만 사용한 상대 위험 전망으로, 기상·재배면적·방제 변화와 2027년 실제 발생을 확정하지 않습니다.",전망자료 부족
마늘,잎집썩음병,기타,전북특별자치도,24,,,전망자료 부족,낮음,12,2024,"양년 자료 없음, 공통 조사단위 0개, 유효 관측 12건, 결측률 0.0%, 단위별 변화 변동성 100.0점. 제한된 비교 단위 또는 변동성 때문에 보수적으로 낮게 평가합니다. 2024·2026 두 개 연도의 NCPMS 예찰자료만 사용한 상대 위험 전망으로, 기상·재배면적·방제 변화와 2027년 실제 발생을 확정하지 않습니다.",전망자료 부족
마늘,잎집썩음병,기타,충청남도,25,,,전망자료 부족,낮음,24,2024,"양년 자료 없음, 공통 조사단위 0개, 유효 관측 24건, 결측률 0.0%, 단위별 변화 변동성 100.0점. 제한된 비교 단위 또는 변동성 때문에 보수적으로 낮게 평가합니다. 2024·2026 두 개 연도의 NCPMS 예찰자료만 사용한 상대 위험 전망으로, 기상·재배면적·방제 변화와 2027년 실제 발생을 확정하지 않습니다.",전망자료 부족
마늘,잎집썩음병,기타,충청북도,0,,,전망자료 부족,낮음,12,2024,"양년 자료 없음, 공통 조사단위 0개, 유효 관측 12건, 결측률 0.0%, 단위별 변화 변동성 100.0점. 제한된 비교 단위 또는 변동성 때문에 보수적으로 낮게 평가합니다. 2024·2026 두 개 연도의 NCPMS 예찰자료만 사용한 상대 위험 전망으로, 기상·재배면적·방제 변화와 2027년 실제 발생을 확정하지 않습니다.",전망자료 부족
사과,잿빛곰팡이,기타,강원특별자치도,0,,,전망자료 부족,낮음,3,2024,"양년 자료 없음, 공통 조사단위 0개, 유효 관측 3건, 결측률 0.0%, 단위별 변화 변동성 100.0점. 제한된 비교 단위 또는 변동성 때문에 보수적으로 낮게 평가합니다. 2024·2026 두 개 연도의 NCPMS 예찰자료만 사용한 상대 위험 전망으로, 기상·재배면적·방제 변화와 2027년 실제 발생을 확정하지 않습니다.",전망자료 부족
사과,잿빛곰팡이,기타,경기도,0,,,전망자료 부족,낮음,3,2024,"양년 자료 없음, 공통 조사단위 0개, 유효 관측 3건, 결측률 0.0%, 단위별 변화 변동성 100.0점. 제한된 비교 단위 또는 변동성 때문에 보수적으로 낮게 평가합니다. 2024·2026 두 개 연도의 NCPMS 예찰자료만 사용한 상대 위험 전망으로, 기상·재배면적·방제 변화와 2027년 실제 발생을 확정하지 않습니다.",전망자료 부족
사과,잿빛곰팡이,기타,경상남도,0,,,전망자료 부족,낮음,3,2024,"양년 자료 없음, 공통 조사단위 0개, 유효 관측 3건, 결측률 0.0%, 단위별 변화 변동성 100.0점. 제한된 비교 단위 또는 변동성 때문에 보수적으로 낮게 평가합니다. 2024·2026 두 개 연도의 NCPMS 예찰자료만 사용한 상대 위험 전망으로, 기상·재배면적·방제 변화와 2027년 실제 발생을 확정하지 않습니다.",전망자료 부족
사과,잿빛곰팡이,기타,경상북도,0,,,전망자료 부족,낮음,3,2024,"양년 자료 없음, 공통 조사단위 0개, 유효 관측 3건, 결측률 0.0%, 단위별 변화 변동성 100.0점. 제한된 비교 단위 또는 변동성 때문에 보수적으로 낮게 평가합니다. 2024·2026 두 개 연도의 NCPMS 예찰자료만 사용한 상대 위험 전망으로, 기상·재배면적·방제 변화와 2027년 실제 발생을 확정하지 않습니다.",전망자료 부족
사과,잿빛곰팡이,기타,대구광역시,0,,,전망자료 부족,낮음,3,2024,"양년 자료 없음, 공통 조사단위 0개, 유효 관측 3건, 결측률 0.0%, 단위별 변화 변동성 100.0점. 제한된 비교 단위 또는 변동성 때문에 보수적으로 낮게 평가합니다. 2024·2026 두 개 연도의 NCPMS 예찰자료만 사용한 상대 위험 전망으로, 기상·재배면적·방제 변화와 2027년 실제 발생을 확정하지 않습니다.",전망자료 부족
사과,잿빛곰팡이,기타,전남광주통합특별시,0,,,전망자료 부족,낮음,3,2024,"양년 자료 없음, 공통 조사단위 0개, 유효 관측 3건, 결측률 0.0%, 단위별 변화 변동성 100.0점. 제한된 비교 단위 또는 변동성 때문에 보수적으로 낮게 평가합니다. 2024·2026 두 개 연도의 NCPMS 예찰자료만 사용한 상대 위험 전망으로, 기상·재배면적·방제 변화와 2027년 실제 발생을 확정하지 않습니다.",전망자료 부족
사과,잿빛곰팡이,기타,전북특별자치도,0,,,전망자료 부족,낮음,3,2024,"양년 자료 없음, 공통 조사단위 0개, 유효 관측 3건, 결측률 0.0%, 단위별 변화 변동성 100.0점. 제한된 비교 단위 또는 변동성 때문에 보수적으로 낮게 평가합니다. 2024·2026 두 개 연도의 NCPMS 예찰자료만 사용한 상대 위험 전망으로, 기상·재배면적·방제 변화와 2027년 실제 발생을 확정하지 않습니다.",전망자료 부족
사과,잿빛곰팡이,기타,충청남도,0,,,전망자료 부족,낮음,3,2024,"양년 자료 없음, 공통 조사단위 0개, 유효 관측 3건, 결측률 0.0%, 단위별 변화 변동성 100.0점. 제한된 비교 단위 또는 변동성 때문에 보수적으로 낮게 평가합니다. 2024·2026 두 개 연도의 NCPMS 예찰자료만 사용한 상대 위험 전망으로, 기상·재배면적·방제 변화와 2027년 실제 발생을 확정하지 않습니다.",전망자료 부족
사과,잿빛곰팡이,기타,충청북도,0,,,전망자료 부족,낮음,3,2024,"양년 자료 없음, 공통 조사단위 0개, 유효 관측 3건, 결측률 0.0%, 단위별 변화 변동성 100.0점. 제한된 비교 단위 또는 변동성 때문에 보수적으로 낮게 평가합니다. 2024·2026 두 개 연도의 NCPMS 예찰자료만 사용한 상대 위험 전망으로, 기상·재배면적·방제 변화와 2027년 실제 발생을 확정하지 않습니다.",전망자료 부족
사과,점무늬낙엽병,병해,강원특별자치도,0,40,46,증가,보통,9,2024·2026,"기준선 비교: 2026 유지 40.3점, 2024·2026 가중평균 26.2점, 선택 모델(완화 추세+표본 축소) 46.0점. 지역 변화 +40.3점을 표본가중치 0.43로 같은 병해충·작물의 지역 중앙 변화 -2.0점 방향에 축소하고, 1년 연장 변화는 ±20점으로 제한했습니다. 양년 자료 있음, 공통 조사단위 3개, 유효 관측 9건, 결측률 0.0%, 단위별 변화 변동성 24.0점. 비교는 가능하지만 표본 또는 변동성에 불확실성이 남습니다. 2024·2026 두 개 연도의 NCPMS 예찰자료만 사용한 상대 위험 전망으로, 기상·재배면적·방제 변화와 2027년 실제 발생을 확정하지 않습니다.",주의
사과,점무늬낙엽병,병해,경기도,0,3,4,유지,보통,9,2024·2026,"기준선 비교: 2026 유지 3.5점, 2024·2026 가중평균 2.3점, 선택 모델(완화 추세+표본 축소) 3.6점. 지역 변화 +3.5점을 표본가중치 0.43로 같은 병해충·작물의 지역 중앙 변화 -2.0점 방향에 축소하고, 1년 연장 변화는 ±20점으로 제한했습니다. 양년 자료 있음, 공통 조사단위 3개, 유효 관측 9건, 결측률 0.0%, 단위별 변화 변동성 0.0점. 비교는 가능하지만 표본 또는 변동성에 불확실성이 남습니다. 2024·2026 두 개 연도의 NCPMS 예찰자료만 사용한 상대 위험 전망으로, 기상·재배면적·방제 변화와 2027년 실제 발생을 확정하지 않습니다.",관찰
사과,점무늬낙엽병,병해,경상남도,4,0,0,유지,보통,9,2024·2026,"기준선 비교: 2026 유지 0.0점, 2024·2026 가중평균 1.4점, 선택 모델(완화 추세+표본 축소) 0.0점. 지역 변화 -4.1점을 표본가중치 0.43로 같은 병해충·작물의 지역 중앙 변화 -2.0점 방향에 축소하고, 1년 연장 변화는 ±20점으로 제한했습니다. 양년 자료 있음, 공통 조사단위 3개, 유효 관측 9건, 결측률 0.0%, 단위별 변화 변동성 3.8점. 비교는 가능하지만 표본 또는 변동성에 불확실성이 남습니다. 2024·2026 두 개 연도의 NCPMS 예찰자료만 사용한 상대 위험 전망으로, 기상·재배면적·방제 변화와 2027년 실제 발생을 확정하지 않습니다.",관찰
사과,점무늬낙엽병,병해,경상북도,9,9,9,유지,보통,9,2024·2026,"기준선 비교: 2026 유지 9.0점, 2024·2026 가중평균 8.9점, 선택 모델(완화 추세+표본 축소) 8.6점. 지역 변화 +0.1점을 표본가중치 0.43로 같은 병해충·작물의 지역 중앙 변화 -2.0점 방향에 축소하고, 1년 연장 변화는 ±20점으로 제한했습니다. 양년 자료 있음, 공통 조사단위 3개, 유효 관측 9건, 결측률 0.0%, 단위별 변화 변동성 7.0점. 비교는 가능하지만 표본 또는 변동성에 불확실성이 남습니다. 2024·2026 두 개 연도의 NCPMS 예찰자료만 사용한 상대 위험 전망으로, 기상·재배면적·방제 변화와 2027년 실제 발생을 확정하지 않습니다.",관찰
사과,점무늬낙엽병,병해,대구광역시,7,,,전망자료 부족,낮음,3,2024,"양년 자료 없음, 공통 조사단위 0개, 유효 관측 3건, 결측률 0.0%, 단위별 변화 변동성 100.0점. 제한된 비교 단위 또는 변동성 때문에 보수적으로 낮게 평가합니다. 2024·2026 두 개 연도의 NCPMS 예찰자료만 사용한 상대 위험 전망으로, 기상·재배면적·방제 변화와 2027년 실제 발생을 확정하지 않습니다.",전망자료 부족
사과,점무늬낙엽병,병해,전남광주통합특별시,94,60,55,감소,보통,8,2024·2026,"기준선 비교: 2026 유지 60.0점, 2024·2026 가중평균 71.8점, 선택 모델(완화 추세+표본 축소) 54.9점. 지역 변화 -33.8점을 표본가중치 0.40로 같은 병해충·작물의 지역 중앙 변화 -2.0점 방향에 축소하고, 1년 연장 변화는 ±20점으로 제한했습니다. 양년 자료 있음, 공통 조사단위 2개, 유효 관측 8건, 결측률 0.0%, 단위별 변화 변동성 0.0점. 비교는 가능하지만 표본 또는 변동성에 불확실성이 남습니다. 2024·2026 두 개 연도의 NCPMS 예찰자료만 사용한 상대 위험 전망으로, 기상·재배면적·방제 변화와 2027년 실제 발생을 확정하지 않습니다.",주의
사과,점무늬낙엽병,병해,전북특별자치도,21,3,0,유지,보통,9,2024·2026,"기준선 비교: 2026 유지 2.6점, 2024·2026 가중평균 9.2점, 선택 모델(완화 추세+표본 축소) 0.0점. 지역 변화 -18.8점을 표본가중치 0.43로 같은 병해충·작물의 지역 중앙 변화 -2.0점 방향에 축소하고, 1년 연장 변화는 ±20점으로 제한했습니다. 양년 자료 있음, 공통 조사단위 3개, 유효 관측 9건, 결측률 0.0%, 단위별 변화 변동성 15.2점. 비교는 가능하지만 표본 또는 변동성에 불확실성이 남습니다. 2024·2026 두 개 연도의 NCPMS 예찰자료만 사용한 상대 위험 전망으로, 기상·재배면적·방제 변화와 2027년 실제 발생을 확정하지 않습니다.",관찰
사과,점무늬낙엽병,병해,충청남도,11,6,5,유지,보통,9,2024·2026,"기준선 비교: 2026 유지 6.4점, 2024·2026 가중평균 8.1점, 선택 모델(완화 추세+표본 축소) 5.3점. 지역 변화 -4.9점을 표본가중치 0.43로 같은 병해충·작물의 지역 중앙 변화 -2.0점 방향에 축소하고, 1년 연장 변화는 ±20점으로 제한했습니다. 양년 자료 있음, 공통 조사단위 3개, 유효 관측 9건, 결측률 0.0%, 단위별 변화 변동성 5.9점. 비교는 가능하지만 표본 또는 변동성에 불확실성이 남습니다. 2024·2026 두 개 연도의 NCPMS 예찰자료만 사용한 상대 위험 전망으로, 기상·재배면적·방제 변화와 2027년 실제 발생을 확정하지 않습니다.",관찰
사과,점무늬낙엽병,병해,충청북도,13,21,22,유지,보통,9,2024·2026,"기준선 비교: 2026 유지 21.3점, 2024·2026 가중평균 18.3점, 선택 모델(완화 추세+표본 축소) 22.2점. 지역 변화 +8.5점을 표본가중치 0.43로 같은 병해충·작물의 지역 중앙 변화 -2.0점 방향에 축소하고, 1년 연장 변화는 ±20점으로 제한했습니다. 양년 자료 있음, 공통 조사단위 3개, 유효 관측 9건, 결측률 0.0%, 단위별 변화 변동성 6.1점. 비교는 가능하지만 표본 또는 변동성에 불확실성이 남습니다. 2024·2026 두 개 연도의 NCPMS 예찰자료만 사용한 상대 위험 전망으로, 기상·재배면적·방제 변화와 2027년 실제 발생을 확정하지 않습니다.",관찰
콩,점무늬병,병해,강원특별자치도,,0,,전망자료 부족,낮음,5,2026,"양년 자료 없음, 공통 조사단위 0개, 유효 관측 5건, 결측률 0.0%, 단위별 변화 변동성 100.0점. 제한된 비교 단위 또는 변동성 때문에 보수적으로 낮게 평가합니다. 2024·2026 두 개 연도의 NCPMS 예찰자료만 사용한 상대 위험 전망으로, 기상·재배면적·방제 변화와 2027년 실제 발생을 확정하지 않습니다.",전망자료 부족
콩,점무늬병,병해,경기도,,20,,전망자료 부족,낮음,5,2026,"양년 자료 없음, 공통 조사단위 0개, 유효 관측 5건, 결측률 0.0%, 단위별 변화 변동성 100.0점. 제한된 비교 단위 또는 변동성 때문에 보수적으로 낮게 평가합니다. 2024·2026 두 개 연도의 NCPMS 예찰자료만 사용한 상대 위험 전망으로, 기상·재배면적·방제 변화와 2027년 실제 발생을 확정하지 않습니다.",전망자료 부족
콩,점무늬병,병해,경상남도,,0,,전망자료 부족,낮음,5,2026,"양년 자료 없음, 공통 조사단위 0개, 유효 관측 5건, 결측률 0.0%, 단위별 변화 변동성 100.0점. 제한된 비교 단위 또는 변동성 때문에 보수적으로 낮게 평가합니다. 2024·2026 두 개 연도의 NCPMS 예찰자료만 사용한 상대 위험 전망으로, 기상·재배면적·방제 변화와 2027년 실제 발생을 확정하지 않습니다.",전망자료 부족
콩,점무늬병,병해,경상북도,,0,,전망자료 부족,낮음,5,2026,"양년 자료 없음, 공통 조사단위 0개, 유효 관측 5건, 결측률 0.0%, 단위별 변화 변동성 100.0점. 제한된 비교 단위 또는 변동성 때문에 보수적으로 낮게 평가합니다. 2024·2026 두 개 연도의 NCPMS 예찰자료만 사용한 상대 위험 전망으로, 기상·재배면적·방제 변화와 2027년 실제 발생을 확정하지 않습니다.",전망자료 부족
콩,점무늬병,병해,전남광주통합특별시,,20,,전망자료 부족,낮음,5,2026,"양년 자료 없음, 공통 조사단위 0개, 유효 관측 5건, 결측률 0.0%, 단위별 변화 변동성 100.0점. 제한된 비교 단위 또는 변동성 때문에 보수적으로 낮게 평가합니다. 2024·2026 두 개 연도의 NCPMS 예찰자료만 사용한 상대 위험 전망으로, 기상·재배면적·방제 변화와 2027년 실제 발생을 확정하지 않습니다.",전망자료 부족
콩,점무늬병,병해,전북특별자치도,,0,,전망자료 부족,낮음,5,2026,"양년 자료 없음, 공통 조사단위 0개, 유효 관측 5건, 결측률 0.0%, 단위별 변화 변동성 100.0점. 제한된 비교 단위 또는 변동성 때문에 보수적으로 낮게 평가합니다. 2024·2026 두 개 연도의 NCPMS 예찰자료만 사용한 상대 위험 전망으로, 기상·재배면적·방제 변화와 2027년 실제 발생을 확정하지 않습니다.",전망자료 부족
콩,점무늬병,병해,제주특별자치도,,0,,전망자료 부족,낮음,5,2026,"양년 자료 없음, 공통 조사단위 0개, 유효 관측 5건, 결측률 0.0%, 단위별 변화 변동성 100.0점. 제한된 비교 단위 또는 변동성 때문에 보수적으로 낮게 평가합니다. 2024·2026 두 개 연도의 NCPMS 예찰자료만 사용한 상대 위험 전망으로, 기상·재배면적·방제 변화와 2027년 실제 발생을 확정하지 않습니다.",전망자료 부족
콩,점무늬병,병해,충청남도,,0,,전망자료 부족,낮음,5,2026,"양년 자료 없음, 공통 조사단위 0개, 유효 관측 5건, 결측률 0.0%, 단위별 변화 변동성 100.0점. 제한된 비교 단위 또는 변동성 때문에 보수적으로 낮게 평가합니다. 2024·2026 두 개 연도의 NCPMS 예찰자료만 사용한 상대 위험 전망으로, 기상·재배면적·방제 변화와 2027년 실제 발생을 확정하지 않습니다.",전망자료 부족
콩,점무늬병,병해,충청북도,,20,,전망자료 부족,낮음,5,2026,"양년 자료 없음, 공통 조사단위 0개, 유효 관측 5건, 결측률 0.0%, 단위별 변화 변동성 100.0점. 제한된 비교 단위 또는 변동성 때문에 보수적으로 낮게 평가합니다. 2024·2026 두 개 연도의 NCPMS 예찰자료만 사용한 상대 위험 전망으로, 기상·재배면적·방제 변화와 2027년 실제 발생을 확정하지 않습니다.",전망자료 부족
사과,점박이응애,기타,강원특별자치도,0,,,전망자료 부족,낮음,6,2024,"양년 자료 없음, 공통 조사단위 0개, 유효 관측 6건, 결측률 0.0%, 단위별 변화 변동성 100.0점. 제한된 비교 단위 또는 변동성 때문에 보수적으로 낮게 평가합니다. 2024·2026 두 개 연도의 NCPMS 예찰자료만 사용한 상대 위험 전망으로, 기상·재배면적·방제 변화와 2027년 실제 발생을 확정하지 않습니다.",전망자료 부족
사과,점박이응애,기타,경기도,0,,,전망자료 부족,낮음,6,2024,"양년 자료 없음, 공통 조사단위 0개, 유효 관측 6건, 결측률 0.0%, 단위별 변화 변동성 100.0점. 제한된 비교 단위 또는 변동성 때문에 보수적으로 낮게 평가합니다. 2024·2026 두 개 연도의 NCPMS 예찰자료만 사용한 상대 위험 전망으로, 기상·재배면적·방제 변화와 2027년 실제 발생을 확정하지 않습니다.",전망자료 부족
사과,점박이응애,기타,경상남도,0,,,전망자료 부족,낮음,6,2024,"양년 자료 없음, 공통 조사단위 0개, 유효 관측 6건, 결측률 0.0%, 단위별 변화 변동성 100.0점. 제한된 비교 단위 또는 변동성 때문에 보수적으로 낮게 평가합니다. 2024·2026 두 개 연도의 NCPMS 예찰자료만 사용한 상대 위험 전망으로, 기상·재배면적·방제 변화와 2027년 실제 발생을 확정하지 않습니다.",전망자료 부족
사과,점박이응애,기타,경상북도,7,,,전망자료 부족,낮음,6,2024,"양년 자료 없음, 공통 조사단위 0개, 유효 관측 6건, 결측률 0.0%, 단위별 변화 변동성 100.0점. 제한된 비교 단위 또는 변동성 때문에 보수적으로 낮게 평가합니다. 2024·2026 두 개 연도의 NCPMS 예찰자료만 사용한 상대 위험 전망으로, 기상·재배면적·방제 변화와 2027년 실제 발생을 확정하지 않습니다.",전망자료 부족
사과,점박이응애,기타,대구광역시,0,,,전망자료 부족,낮음,6,2024,"양년 자료 없음, 공통 조사단위 0개, 유효 관측 6건, 결측률 0.0%, 단위별 변화 변동성 100.0점. 제한된 비교 단위 또는 변동성 때문에 보수적으로 낮게 평가합니다. 2024·2026 두 개 연도의 NCPMS 예찰자료만 사용한 상대 위험 전망으로, 기상·재배면적·방제 변화와 2027년 실제 발생을 확정하지 않습니다.",전망자료 부족
사과,점박이응애,기타,전남광주통합특별시,0,,,전망자료 부족,낮음,6,2024,"양년 자료 없음, 공통 조사단위 0개, 유효 관측 6건, 결측률 0.0%, 단위별 변화 변동성 100.0점. 제한된 비교 단위 또는 변동성 때문에 보수적으로 낮게 평가합니다. 2024·2026 두 개 연도의 NCPMS 예찰자료만 사용한 상대 위험 전망으로, 기상·재배면적·방제 변화와 2027년 실제 발생을 확정하지 않습니다.",전망자료 부족
사과,점박이응애,기타,전북특별자치도,55,,,전망자료 부족,낮음,6,2024,"양년 자료 없음, 공통 조사단위 0개, 유효 관측 6건, 결측률 0.0%, 단위별 변화 변동성 100.0점. 제한된 비교 단위 또는 변동성 때문에 보수적으로 낮게 평가합니다. 2024·2026 두 개 연도의 NCPMS 예찰자료만 사용한 상대 위험 전망으로, 기상·재배면적·방제 변화와 2027년 실제 발생을 확정하지 않습니다.",전망자료 부족
사과,점박이응애,기타,충청남도,1,,,전망자료 부족,낮음,6,2024,"양년 자료 없음, 공통 조사단위 0개, 유효 관측 6건, 결측률 0.0%, 단위별 변화 변동성 100.0점. 제한된 비교 단위 또는 변동성 때문에 보수적으로 낮게 평가합니다. 2024·2026 두 개 연도의 NCPMS 예찰자료만 사용한 상대 위험 전망으로, 기상·재배면적·방제 변화와 2027년 실제 발생을 확정하지 않습니다.",전망자료 부족
사과,점박이응애,기타,충청북도,65,,,전망자료 부족,낮음,6,2024,"양년 자료 없음, 공통 조사단위 0개, 유효 관측 6건, 결측률 0.0%, 단위별 변화 변동성 100.0점. 제한된 비교 단위 또는 변동성 때문에 보수적으로 낮게 평가합니다. 2024·2026 두 개 연도의 NCPMS 예찰자료만 사용한 상대 위험 전망으로, 기상·재배면적·방제 변화와 2027년 실제 발생을 확정하지 않습니다.",전망자료 부족
사과,조팝나무진딧물,해충,강원특별자치도,31,35,37,유지,낮음,9,2024·2026,"기준선 비교: 2026 유지 34.6점, 2024·2026 가중평균 33.3점, 선택 모델(완화 추세+표본 축소) 36.7점. 지역 변화 +3.9점을 표본가중치 0.43로 같은 병해충·작물의 지역 중앙 변화 +7.6점 방향에 축소하고, 1년 연장 변화는 ±20점으로 제한했습니다. 양년 자료 있음, 공통 조사단위 3개, 유효 관측 9건, 결측률 0.0%, 단위별 변화 변동성 43.8점. 제한된 비교 단위 또는 변동성 때문에 보수적으로 낮게 평가합니다. 2024·2026 두 개 연도의 NCPMS 예찰자료만 사용한 상대 위험 전망으로, 기상·재배면적·방제 변화와 2027년 실제 발생을 확정하지 않습니다.",주의
사과,조팝나무진딧물,해충,경기도,0,14,17,유지,보통,9,2024·2026,"기준선 비교: 2026 유지 13.8점, 2024·2026 가중평균 9.0점, 선택 모델(완화 추세+표본 축소) 17.4점. 지역 변화 +13.8점을 표본가중치 0.43로 같은 병해충·작물의 지역 중앙 변화 +7.6점 방향에 축소하고, 1년 연장 변화는 ±20점으로 제한했습니다. 양년 자료 있음, 공통 조사단위 3개, 유효 관측 9건, 결측률 0.0%, 단위별 변화 변동성 4.9점. 비교는 가능하지만 표본 또는 변동성에 불확실성이 남습니다. 2024·2026 두 개 연도의 NCPMS 예찰자료만 사용한 상대 위험 전망으로, 기상·재배면적·방제 변화와 2027년 실제 발생을 확정하지 않습니다.",관찰
사과,조팝나무진딧물,해충,경상남도,0,0,2,유지,보통,9,2024·2026,"기준선 비교: 2026 유지 0.2점, 2024·2026 가중평균 0.1점, 선택 모델(완화 추세+표본 축소) 1.7점. 지역 변화 +0.2점을 표본가중치 0.43로 같은 병해충·작물의 지역 중앙 변화 +7.6점 방향에 축소하고, 1년 연장 변화는 ±20점으로 제한했습니다. 양년 자료 있음, 공통 조사단위 3개, 유효 관측 9건, 결측률 0.0%, 단위별 변화 변동성 0.5점. 비교는 가능하지만 표본 또는 변동성에 불확실성이 남습니다. 2024·2026 두 개 연도의 NCPMS 예찰자료만 사용한 상대 위험 전망으로, 기상·재배면적·방제 변화와 2027년 실제 발생을 확정하지 않습니다.",관찰
사과,조팝나무진딧물,해충,경상북도,90,52,48,유지,보통,9,2024·2026,"기준선 비교: 2026 유지 52.3점, 2024·2026 가중평균 65.4점, 선택 모델(완화 추세+표본 축소) 48.2점. 지역 변화 -37.5점을 표본가중치 0.43로 같은 병해충·작물의 지역 중앙 변화 +7.6점 방향에 축소하고, 1년 연장 변화는 ±20점으로 제한했습니다. 양년 자료 있음, 공통 조사단위 3개, 유효 관측 9건, 결측률 0.0%, 단위별 변화 변동성 24.8점. 비교는 가능하지만 표본 또는 변동성에 불확실성이 남습니다. 2024·2026 두 개 연도의 NCPMS 예찰자료만 사용한 상대 위험 전망으로, 기상·재배면적·방제 변화와 2027년 실제 발생을 확정하지 않습니다.",주의
사과,조팝나무진딧물,해충,대구광역시,3,,,전망자료 부족,낮음,3,2024,"양년 자료 없음, 공통 조사단위 0개, 유효 관측 3건, 결측률 0.0%, 단위별 변화 변동성 100.0점. 제한된 비교 단위 또는 변동성 때문에 보수적으로 낮게 평가합니다. 2024·2026 두 개 연도의 NCPMS 예찰자료만 사용한 상대 위험 전망으로, 기상·재배면적·방제 변화와 2027년 실제 발생을 확정하지 않습니다.",전망자료 부족
사과,조팝나무진딧물,해충,전남광주통합특별시,0,14,18,유지,보통,8,2024·2026,"기준선 비교: 2026 유지 14.2점, 2024·2026 가중평균 9.2점, 선택 모델(완화 추세+표본 축소) 17.8점. 지역 변화 +14.2점을 표본가중치 0.40로 같은 병해충·작물의 지역 중앙 변화 +7.6점 방향에 축소하고, 1년 연장 변화는 ±20점으로 제한했습니다. 양년 자료 있음, 공통 조사단위 2개, 유효 관측 8건, 결측률 0.0%, 단위별 변화 변동성 0.0점. 비교는 가능하지만 표본 또는 변동성에 불확실성이 남습니다. 2024·2026 두 개 연도의 NCPMS 예찰자료만 사용한 상대 위험 전망으로, 기상·재배면적·방제 변화와 2027년 실제 발생을 확정하지 않습니다.",관찰
사과,조팝나무진딧물,해충,전북특별자치도,7,30,35,증가,보통,9,2024·2026,"기준선 비교: 2026 유지 30.5점, 2024·2026 가중평균 22.4점, 선택 모델(완화 추세+표본 축소) 35.4점. 지역 변화 +23.0점을 표본가중치 0.43로 같은 병해충·작물의 지역 중앙 변화 +7.6점 방향에 축소하고, 1년 연장 변화는 ±20점으로 제한했습니다. 양년 자료 있음, 공통 조사단위 3개, 유효 관측 9건, 결측률 0.0%, 단위별 변화 변동성 3.0점. 비교는 가능하지만 표본 또는 변동성에 불확실성이 남습니다. 2024·2026 두 개 연도의 NCPMS 예찰자료만 사용한 상대 위험 전망으로, 기상·재배면적·방제 변화와 2027년 실제 발생을 확정하지 않습니다.",주의
사과,조팝나무진딧물,해충,충청남도,5,17,20,유지,보통,9,2024·2026,"기준선 비교: 2026 유지 16.5점, 2024·2026 가중평균 12.6점, 선택 모델(완화 추세+표본 축소) 19.7점. 지역 변화 +11.2점을 표본가중치 0.43로 같은 병해충·작물의 지역 중앙 변화 +7.6점 방향에 축소하고, 1년 연장 변화는 ±20점으로 제한했습니다. 양년 자료 있음, 공통 조사단위 3개, 유효 관측 9건, 결측률 0.0%, 단위별 변화 변동성 19.3점. 비교는 가능하지만 표본 또는 변동성에 불확실성이 남습니다. 2024·2026 두 개 연도의 NCPMS 예찰자료만 사용한 상대 위험 전망으로, 기상·재배면적·방제 변화와 2027년 실제 발생을 확정하지 않습니다.",관찰
사과,조팝나무진딧물,해충,충청북도,19,20,21,유지,보통,9,2024·2026,"기준선 비교: 2026 유지 19.8점, 2024·2026 가중평균 19.4점, 선택 모델(완화 추세+표본 축소) 21.4점. 지역 변화 +0.9점을 표본가중치 0.43로 같은 병해충·작물의 지역 중앙 변화 +7.6점 방향에 축소하고, 1년 연장 변화는 ±20점으로 제한했습니다. 양년 자료 있음, 공통 조사단위 3개, 유효 관측 9건, 결측률 0.0%, 단위별 변화 변동성 24.3점. 비교는 가능하지만 표본 또는 변동성에 불확실성이 남습니다. 2024·2026 두 개 연도의 NCPMS 예찰자료만 사용한 상대 위험 전망으로, 기상·재배면적·방제 변화와 2027년 실제 발생을 확정하지 않습니다.",관찰
배,주경배나무이,해충,강원특별자치도,,0,,전망자료 부족,낮음,6,2026,"양년 자료 없음, 공통 조사단위 0개, 유효 관측 6건, 결측률 0.0%, 단위별 변화 변동성 100.0점. 제한된 비교 단위 또는 변동성 때문에 보수적으로 낮게 평가합니다. 2024·2026 두 개 연도의 NCPMS 예찰자료만 사용한 상대 위험 전망으로, 기상·재배면적·방제 변화와 2027년 실제 발생을 확정하지 않습니다.",전망자료 부족
배,주경배나무이,해충,경기도,,38,,전망자료 부족,낮음,7,2026,"양년 자료 없음, 공통 조사단위 0개, 유효 관측 7건, 결측률 0.0%, 단위별 변화 변동성 100.0점. 제한된 비교 단위 또는 변동성 때문에 보수적으로 낮게 평가합니다. 2024·2026 두 개 연도의 NCPMS 예찰자료만 사용한 상대 위험 전망으로, 기상·재배면적·방제 변화와 2027년 실제 발생을 확정하지 않습니다.",전망자료 부족
배,주경배나무이,해충,경상남도,,12,,전망자료 부족,낮음,7,2026,"양년 자료 없음, 공통 조사단위 0개, 유효 관측 7건, 결측률 0.0%, 단위별 변화 변동성 100.0점. 제한된 비교 단위 또는 변동성 때문에 보수적으로 낮게 평가합니다. 2024·2026 두 개 연도의 NCPMS 예찰자료만 사용한 상대 위험 전망으로, 기상·재배면적·방제 변화와 2027년 실제 발생을 확정하지 않습니다.",전망자료 부족
배,주경배나무이,해충,경상북도,,35,,전망자료 부족,낮음,7,2026,"양년 자료 없음, 공통 조사단위 0개, 유효 관측 7건, 결측률 0.0%, 단위별 변화 변동성 100.0점. 제한된 비교 단위 또는 변동성 때문에 보수적으로 낮게 평가합니다. 2024·2026 두 개 연도의 NCPMS 예찰자료만 사용한 상대 위험 전망으로, 기상·재배면적·방제 변화와 2027년 실제 발생을 확정하지 않습니다.",전망자료 부족
배,주경배나무이,해충,세종특별자치시,,0,,전망자료 부족,낮음,6,2026,"양년 자료 없음, 공통 조사단위 0개, 유효 관측 6건, 결측률 0.0%, 단위별 변화 변동성 100.0점. 제한된 비교 단위 또는 변동성 때문에 보수적으로 낮게 평가합니다. 2024·2026 두 개 연도의 NCPMS 예찰자료만 사용한 상대 위험 전망으로, 기상·재배면적·방제 변화와 2027년 실제 발생을 확정하지 않습니다.",전망자료 부족
배,주경배나무이,해충,울산광역시,,33,,전망자료 부족,낮음,6,2026,"양년 자료 없음, 공통 조사단위 0개, 유효 관측 6건, 결측률 0.0%, 단위별 변화 변동성 100.0점. 제한된 비교 단위 또는 변동성 때문에 보수적으로 낮게 평가합니다. 2024·2026 두 개 연도의 NCPMS 예찰자료만 사용한 상대 위험 전망으로, 기상·재배면적·방제 변화와 2027년 실제 발생을 확정하지 않습니다.",전망자료 부족
배,주경배나무이,해충,전남광주통합특별시,,13,,전망자료 부족,낮음,7,2026,"양년 자료 없음, 공통 조사단위 0개, 유효 관측 7건, 결측률 0.0%, 단위별 변화 변동성 100.0점. 제한된 비교 단위 또는 변동성 때문에 보수적으로 낮게 평가합니다. 2024·2026 두 개 연도의 NCPMS 예찰자료만 사용한 상대 위험 전망으로, 기상·재배면적·방제 변화와 2027년 실제 발생을 확정하지 않습니다.",전망자료 부족
배,주경배나무이,해충,전북특별자치도,,2,,전망자료 부족,낮음,7,2026,"양년 자료 없음, 공통 조사단위 0개, 유효 관측 7건, 결측률 0.0%, 단위별 변화 변동성 100.0점. 제한된 비교 단위 또는 변동성 때문에 보수적으로 낮게 평가합니다. 2024·2026 두 개 연도의 NCPMS 예찰자료만 사용한 상대 위험 전망으로, 기상·재배면적·방제 변화와 2027년 실제 발생을 확정하지 않습니다.",전망자료 부족
배,주경배나무이,해충,충청남도,,44,,전망자료 부족,낮음,7,2026,"양년 자료 없음, 공통 조사단위 0개, 유효 관측 7건, 결측률 0.0%, 단위별 변화 변동성 100.0점. 제한된 비교 단위 또는 변동성 때문에 보수적으로 낮게 평가합니다. 2024·2026 두 개 연도의 NCPMS 예찰자료만 사용한 상대 위험 전망으로, 기상·재배면적·방제 변화와 2027년 실제 발생을 확정하지 않습니다.",전망자료 부족
배,주경배나무이,해충,충청북도,,0,,전망자료 부족,낮음,7,2026,"양년 자료 없음, 공통 조사단위 0개, 유효 관측 7건, 결측률 0.0%, 단위별 변화 변동성 100.0점. 제한된 비교 단위 또는 변동성 때문에 보수적으로 낮게 평가합니다. 2024·2026 두 개 연도의 NCPMS 예찰자료만 사용한 상대 위험 전망으로, 기상·재배면적·방제 변화와 2027년 실제 발생을 확정하지 않습니다.",전망자료 부족
보리,줄무늬병,병해,경상남도,,0,,전망자료 부족,낮음,6,2026,"양년 자료 없음, 공통 조사단위 0개, 유효 관측 6건, 결측률 0.0%, 단위별 변화 변동성 100.0점. 제한된 비교 단위 또는 변동성 때문에 보수적으로 낮게 평가합니다. 2024·2026 두 개 연도의 NCPMS 예찰자료만 사용한 상대 위험 전망으로, 기상·재배면적·방제 변화와 2027년 실제 발생을 확정하지 않습니다.",전망자료 부족
보리,줄무늬병,병해,경상북도,,0,,전망자료 부족,낮음,6,2026,"양년 자료 없음, 공통 조사단위 0개, 유효 관측 6건, 결측률 0.0%, 단위별 변화 변동성 100.0점. 제한된 비교 단위 또는 변동성 때문에 보수적으로 낮게 평가합니다. 2024·2026 두 개 연도의 NCPMS 예찰자료만 사용한 상대 위험 전망으로, 기상·재배면적·방제 변화와 2027년 실제 발생을 확정하지 않습니다.",전망자료 부족
보리,줄무늬병,병해,전남광주통합특별시,,0,,전망자료 부족,낮음,6,2026,"양년 자료 없음, 공통 조사단위 0개, 유효 관측 6건, 결측률 0.0%, 단위별 변화 변동성 100.0점. 제한된 비교 단위 또는 변동성 때문에 보수적으로 낮게 평가합니다. 2024·2026 두 개 연도의 NCPMS 예찰자료만 사용한 상대 위험 전망으로, 기상·재배면적·방제 변화와 2027년 실제 발생을 확정하지 않습니다.",전망자료 부족
보리,줄무늬병,병해,전북특별자치도,,0,,전망자료 부족,낮음,6,2026,"양년 자료 없음, 공통 조사단위 0개, 유효 관측 6건, 결측률 0.0%, 단위별 변화 변동성 100.0점. 제한된 비교 단위 또는 변동성 때문에 보수적으로 낮게 평가합니다. 2024·2026 두 개 연도의 NCPMS 예찰자료만 사용한 상대 위험 전망으로, 기상·재배면적·방제 변화와 2027년 실제 발생을 확정하지 않습니다.",전망자료 부족
보리,줄무늬병,병해,충청남도,,0,,전망자료 부족,낮음,6,2026,"양년 자료 없음, 공통 조사단위 0개, 유효 관측 6건, 결측률 0.0%, 단위별 변화 변동성 100.0점. 제한된 비교 단위 또는 변동성 때문에 보수적으로 낮게 평가합니다. 2024·2026 두 개 연도의 NCPMS 예찰자료만 사용한 상대 위험 전망으로, 기상·재배면적·방제 변화와 2027년 실제 발생을 확정하지 않습니다.",전망자료 부족
보리,줄무늬병,병해,충청북도,,0,,전망자료 부족,낮음,6,2026,"양년 자료 없음, 공통 조사단위 0개, 유효 관측 6건, 결측률 0.0%, 단위별 변화 변동성 100.0점. 제한된 비교 단위 또는 변동성 때문에 보수적으로 낮게 평가합니다. 2024·2026 두 개 연도의 NCPMS 예찰자료만 사용한 상대 위험 전망으로, 기상·재배면적·방제 변화와 2027년 실제 발생을 확정하지 않습니다.",전망자료 부족
논벼,줄무늬잎마름병,기타,강원특별자치도,0,,,전망자료 부족,낮음,8,2024,"양년 자료 없음, 공통 조사단위 0개, 유효 관측 8건, 결측률 0.0%, 단위별 변화 변동성 100.0점. 제한된 비교 단위 또는 변동성 때문에 보수적으로 낮게 평가합니다. 2024·2026 두 개 연도의 NCPMS 예찰자료만 사용한 상대 위험 전망으로, 기상·재배면적·방제 변화와 2027년 실제 발생을 확정하지 않습니다.",전망자료 부족
논벼,줄무늬잎마름병,기타,경기도,0,,,전망자료 부족,낮음,8,2024,"양년 자료 없음, 공통 조사단위 0개, 유효 관측 8건, 결측률 0.0%, 단위별 변화 변동성 100.0점. 제한된 비교 단위 또는 변동성 때문에 보수적으로 낮게 평가합니다. 2024·2026 두 개 연도의 NCPMS 예찰자료만 사용한 상대 위험 전망으로, 기상·재배면적·방제 변화와 2027년 실제 발생을 확정하지 않습니다.",전망자료 부족
논벼,줄무늬잎마름병,기타,경상남도,0,,,전망자료 부족,낮음,8,2024,"양년 자료 없음, 공통 조사단위 0개, 유효 관측 8건, 결측률 0.0%, 단위별 변화 변동성 100.0점. 제한된 비교 단위 또는 변동성 때문에 보수적으로 낮게 평가합니다. 2024·2026 두 개 연도의 NCPMS 예찰자료만 사용한 상대 위험 전망으로, 기상·재배면적·방제 변화와 2027년 실제 발생을 확정하지 않습니다.",전망자료 부족
논벼,줄무늬잎마름병,기타,경상북도,0,,,전망자료 부족,낮음,8,2024,"양년 자료 없음, 공통 조사단위 0개, 유효 관측 8건, 결측률 0.0%, 단위별 변화 변동성 100.0점. 제한된 비교 단위 또는 변동성 때문에 보수적으로 낮게 평가합니다. 2024·2026 두 개 연도의 NCPMS 예찰자료만 사용한 상대 위험 전망으로, 기상·재배면적·방제 변화와 2027년 실제 발생을 확정하지 않습니다.",전망자료 부족
논벼,줄무늬잎마름병,기타,대구광역시,0,,,전망자료 부족,낮음,8,2024,"양년 자료 없음, 공통 조사단위 0개, 유효 관측 8건, 결측률 0.0%, 단위별 변화 변동성 100.0점. 제한된 비교 단위 또는 변동성 때문에 보수적으로 낮게 평가합니다. 2024·2026 두 개 연도의 NCPMS 예찰자료만 사용한 상대 위험 전망으로, 기상·재배면적·방제 변화와 2027년 실제 발생을 확정하지 않습니다.",전망자료 부족
논벼,줄무늬잎마름병,기타,대전광역시,0,,,전망자료 부족,낮음,8,2024,"양년 자료 없음, 공통 조사단위 0개, 유효 관측 8건, 결측률 0.0%, 단위별 변화 변동성 100.0점. 제한된 비교 단위 또는 변동성 때문에 보수적으로 낮게 평가합니다. 2024·2026 두 개 연도의 NCPMS 예찰자료만 사용한 상대 위험 전망으로, 기상·재배면적·방제 변화와 2027년 실제 발생을 확정하지 않습니다.",전망자료 부족
논벼,줄무늬잎마름병,기타,부산광역시,0,,,전망자료 부족,낮음,8,2024,"양년 자료 없음, 공통 조사단위 0개, 유효 관측 8건, 결측률 0.0%, 단위별 변화 변동성 100.0점. 제한된 비교 단위 또는 변동성 때문에 보수적으로 낮게 평가합니다. 2024·2026 두 개 연도의 NCPMS 예찰자료만 사용한 상대 위험 전망으로, 기상·재배면적·방제 변화와 2027년 실제 발생을 확정하지 않습니다.",전망자료 부족
논벼,줄무늬잎마름병,기타,세종특별자치시,0,,,전망자료 부족,낮음,8,2024,"양년 자료 없음, 공통 조사단위 0개, 유효 관측 8건, 결측률 0.0%, 단위별 변화 변동성 100.0점. 제한된 비교 단위 또는 변동성 때문에 보수적으로 낮게 평가합니다. 2024·2026 두 개 연도의 NCPMS 예찰자료만 사용한 상대 위험 전망으로, 기상·재배면적·방제 변화와 2027년 실제 발생을 확정하지 않습니다.",전망자료 부족
논벼,줄무늬잎마름병,기타,울산광역시,0,,,전망자료 부족,낮음,8,2024,"양년 자료 없음, 공통 조사단위 0개, 유효 관측 8건, 결측률 0.0%, 단위별 변화 변동성 100.0점. 제한된 비교 단위 또는 변동성 때문에 보수적으로 낮게 평가합니다. 2024·2026 두 개 연도의 NCPMS 예찰자료만 사용한 상대 위험 전망으로, 기상·재배면적·방제 변화와 2027년 실제 발생을 확정하지 않습니다.",전망자료 부족
논벼,줄무늬잎마름병,기타,인천광역시,0,,,전망자료 부족,낮음,8,2024,"양년 자료 없음, 공통 조사단위 0개, 유효 관측 8건, 결측률 0.0%, 단위별 변화 변동성 100.0점. 제한된 비교 단위 또는 변동성 때문에 보수적으로 낮게 평가합니다. 2024·2026 두 개 연도의 NCPMS 예찰자료만 사용한 상대 위험 전망으로, 기상·재배면적·방제 변화와 2027년 실제 발생을 확정하지 않습니다.",전망자료 부족
논벼,줄무늬잎마름병,기타,전남광주통합특별시,0,,,전망자료 부족,낮음,8,2024,"양년 자료 없음, 공통 조사단위 0개, 유효 관측 8건, 결측률 0.0%, 단위별 변화 변동성 100.0점. 제한된 비교 단위 또는 변동성 때문에 보수적으로 낮게 평가합니다. 2024·2026 두 개 연도의 NCPMS 예찰자료만 사용한 상대 위험 전망으로, 기상·재배면적·방제 변화와 2027년 실제 발생을 확정하지 않습니다.",전망자료 부족
논벼,줄무늬잎마름병,기타,전북특별자치도,0,,,전망자료 부족,낮음,8,2024,"양년 자료 없음, 공통 조사단위 0개, 유효 관측 8건, 결측률 0.0%, 단위별 변화 변동성 100.0점. 제한된 비교 단위 또는 변동성 때문에 보수적으로 낮게 평가합니다. 2024·2026 두 개 연도의 NCPMS 예찰자료만 사용한 상대 위험 전망으로, 기상·재배면적·방제 변화와 2027년 실제 발생을 확정하지 않습니다.",전망자료 부족
논벼,줄무늬잎마름병,기타,충청남도,0,,,전망자료 부족,낮음,8,2024,"양년 자료 없음, 공통 조사단위 0개, 유효 관측 8건, 결측률 0.0%, 단위별 변화 변동성 100.0점. 제한된 비교 단위 또는 변동성 때문에 보수적으로 낮게 평가합니다. 2024·2026 두 개 연도의 NCPMS 예찰자료만 사용한 상대 위험 전망으로, 기상·재배면적·방제 변화와 2027년 실제 발생을 확정하지 않습니다.",전망자료 부족
논벼,줄무늬잎마름병,기타,충청북도,0,,,전망자료 부족,낮음,8,2024,"양년 자료 없음, 공통 조사단위 0개, 유효 관측 8건, 결측률 0.0%, 단위별 변화 변동성 100.0점. 제한된 비교 단위 또는 변동성 때문에 보수적으로 낮게 평가합니다. 2024·2026 두 개 연도의 NCPMS 예찰자료만 사용한 상대 위험 전망으로, 기상·재배면적·방제 변화와 2027년 실제 발생을 확정하지 않습니다.",전망자료 부족
감귤,진딧물류,해충,제주특별자치도,,43,,전망자료 부족,낮음,7,2026,"양년 자료 없음, 공통 조사단위 0개, 유효 관측 7건, 결측률 0.0%, 단위별 변화 변동성 100.0점. 제한된 비교 단위 또는 변동성 때문에 보수적으로 낮게 평가합니다. 2024·2026 두 개 연도의 NCPMS 예찰자료만 사용한 상대 위험 전망으로, 기상·재배면적·방제 변화와 2027년 실제 발생을 확정하지 않습니다.",전망자료 부족
보리,진딧물류,해충,경상남도,,7,,전망자료 부족,낮음,6,2026,"양년 자료 없음, 공통 조사단위 0개, 유효 관측 6건, 결측률 0.0%, 단위별 변화 변동성 100.0점. 제한된 비교 단위 또는 변동성 때문에 보수적으로 낮게 평가합니다. 2024·2026 두 개 연도의 NCPMS 예찰자료만 사용한 상대 위험 전망으로, 기상·재배면적·방제 변화와 2027년 실제 발생을 확정하지 않습니다.",전망자료 부족
보리,진딧물류,해충,경상북도,,0,,전망자료 부족,낮음,6,2026,"양년 자료 없음, 공통 조사단위 0개, 유효 관측 6건, 결측률 0.0%, 단위별 변화 변동성 100.0점. 제한된 비교 단위 또는 변동성 때문에 보수적으로 낮게 평가합니다. 2024·2026 두 개 연도의 NCPMS 예찰자료만 사용한 상대 위험 전망으로, 기상·재배면적·방제 변화와 2027년 실제 발생을 확정하지 않습니다.",전망자료 부족
보리,진딧물류,해충,전남광주통합특별시,,0,,전망자료 부족,낮음,6,2026,"양년 자료 없음, 공통 조사단위 0개, 유효 관측 6건, 결측률 0.0%, 단위별 변화 변동성 100.0점. 제한된 비교 단위 또는 변동성 때문에 보수적으로 낮게 평가합니다. 2024·2026 두 개 연도의 NCPMS 예찰자료만 사용한 상대 위험 전망으로, 기상·재배면적·방제 변화와 2027년 실제 발생을 확정하지 않습니다.",전망자료 부족
보리,진딧물류,해충,전북특별자치도,,33,,전망자료 부족,낮음,6,2026,"양년 자료 없음, 공통 조사단위 0개, 유효 관측 6건, 결측률 0.0%, 단위별 변화 변동성 100.0점. 제한된 비교 단위 또는 변동성 때문에 보수적으로 낮게 평가합니다. 2024·2026 두 개 연도의 NCPMS 예찰자료만 사용한 상대 위험 전망으로, 기상·재배면적·방제 변화와 2027년 실제 발생을 확정하지 않습니다.",전망자료 부족
보리,진딧물류,해충,충청남도,,0,,전망자료 부족,낮음,6,2026,"양년 자료 없음, 공통 조사단위 0개, 유효 관측 6건, 결측률 0.0%, 단위별 변화 변동성 100.0점. 제한된 비교 단위 또는 변동성 때문에 보수적으로 낮게 평가합니다. 2024·2026 두 개 연도의 NCPMS 예찰자료만 사용한 상대 위험 전망으로, 기상·재배면적·방제 변화와 2027년 실제 발생을 확정하지 않습니다.",전망자료 부족
보리,진딧물류,해충,충청북도,,0,,전망자료 부족,낮음,6,2026,"양년 자료 없음, 공통 조사단위 0개, 유효 관측 6건, 결측률 0.0%, 단위별 변화 변동성 100.0점. 제한된 비교 단위 또는 변동성 때문에 보수적으로 낮게 평가합니다. 2024·2026 두 개 연도의 NCPMS 예찰자료만 사용한 상대 위험 전망으로, 기상·재배면적·방제 변화와 2027년 실제 발생을 확정하지 않습니다.",전망자료 부족
콩,콩꼬투리혹파리,해충,강원특별자치도,,0,,전망자료 부족,낮음,5,2026,"양년 자료 없음, 공통 조사단위 0개, 유효 관측 5건, 결측률 0.0%, 단위별 변화 변동성 100.0점. 제한된 비교 단위 또는 변동성 때문에 보수적으로 낮게 평가합니다. 2024·2026 두 개 연도의 NCPMS 예찰자료만 사용한 상대 위험 전망으로, 기상·재배면적·방제 변화와 2027년 실제 발생을 확정하지 않습니다.",전망자료 부족
콩,콩꼬투리혹파리,해충,경기도,,0,,전망자료 부족,낮음,5,2026,"양년 자료 없음, 공통 조사단위 0개, 유효 관측 5건, 결측률 0.0%, 단위별 변화 변동성 100.0점. 제한된 비교 단위 또는 변동성 때문에 보수적으로 낮게 평가합니다. 2024·2026 두 개 연도의 NCPMS 예찰자료만 사용한 상대 위험 전망으로, 기상·재배면적·방제 변화와 2027년 실제 발생을 확정하지 않습니다.",전망자료 부족
콩,콩꼬투리혹파리,해충,경상남도,,0,,전망자료 부족,낮음,5,2026,"양년 자료 없음, 공통 조사단위 0개, 유효 관측 5건, 결측률 0.0%, 단위별 변화 변동성 100.0점. 제한된 비교 단위 또는 변동성 때문에 보수적으로 낮게 평가합니다. 2024·2026 두 개 연도의 NCPMS 예찰자료만 사용한 상대 위험 전망으로, 기상·재배면적·방제 변화와 2027년 실제 발생을 확정하지 않습니다.",전망자료 부족
콩,콩꼬투리혹파리,해충,경상북도,,0,,전망자료 부족,낮음,5,2026,"양년 자료 없음, 공통 조사단위 0개, 유효 관측 5건, 결측률 0.0%, 단위별 변화 변동성 100.0점. 제한된 비교 단위 또는 변동성 때문에 보수적으로 낮게 평가합니다. 2024·2026 두 개 연도의 NCPMS 예찰자료만 사용한 상대 위험 전망으로, 기상·재배면적·방제 변화와 2027년 실제 발생을 확정하지 않습니다.",전망자료 부족
콩,콩꼬투리혹파리,해충,전남광주통합특별시,,0,,전망자료 부족,낮음,5,2026,"양년 자료 없음, 공통 조사단위 0개, 유효 관측 5건, 결측률 0.0%, 단위별 변화 변동성 100.0점. 제한된 비교 단위 또는 변동성 때문에 보수적으로 낮게 평가합니다. 2024·2026 두 개 연도의 NCPMS 예찰자료만 사용한 상대 위험 전망으로, 기상·재배면적·방제 변화와 2027년 실제 발생을 확정하지 않습니다.",전망자료 부족
콩,콩꼬투리혹파리,해충,전북특별자치도,,0,,전망자료 부족,낮음,5,2026,"양년 자료 없음, 공통 조사단위 0개, 유효 관측 5건, 결측률 0.0%, 단위별 변화 변동성 100.0점. 제한된 비교 단위 또는 변동성 때문에 보수적으로 낮게 평가합니다. 2024·2026 두 개 연도의 NCPMS 예찰자료만 사용한 상대 위험 전망으로, 기상·재배면적·방제 변화와 2027년 실제 발생을 확정하지 않습니다.",전망자료 부족
콩,콩꼬투리혹파리,해충,제주특별자치도,,0,,전망자료 부족,낮음,5,2026,"양년 자료 없음, 공통 조사단위 0개, 유효 관측 5건, 결측률 0.0%, 단위별 변화 변동성 100.0점. 제한된 비교 단위 또는 변동성 때문에 보수적으로 낮게 평가합니다. 2024·2026 두 개 연도의 NCPMS 예찰자료만 사용한 상대 위험 전망으로, 기상·재배면적·방제 변화와 2027년 실제 발생을 확정하지 않습니다.",전망자료 부족
콩,콩꼬투리혹파리,해충,충청남도,,0,,전망자료 부족,낮음,5,2026,"양년 자료 없음, 공통 조사단위 0개, 유효 관측 5건, 결측률 0.0%, 단위별 변화 변동성 100.0점. 제한된 비교 단위 또는 변동성 때문에 보수적으로 낮게 평가합니다. 2024·2026 두 개 연도의 NCPMS 예찰자료만 사용한 상대 위험 전망으로, 기상·재배면적·방제 변화와 2027년 실제 발생을 확정하지 않습니다.",전망자료 부족
콩,콩꼬투리혹파리,해충,충청북도,,0,,전망자료 부족,낮음,5,2026,"양년 자료 없음, 공통 조사단위 0개, 유효 관측 5건, 결측률 0.0%, 단위별 변화 변동성 100.0점. 제한된 비교 단위 또는 변동성 때문에 보수적으로 낮게 평가합니다. 2024·2026 두 개 연도의 NCPMS 예찰자료만 사용한 상대 위험 전망으로, 기상·재배면적·방제 변화와 2027년 실제 발생을 확정하지 않습니다.",전망자료 부족
논벼,키다리병,병해,강원특별자치도,,17,,전망자료 부족,낮음,24,2026,"양년 자료 없음, 공통 조사단위 0개, 유효 관측 24건, 결측률 0.0%, 단위별 변화 변동성 100.0점. 제한된 비교 단위 또는 변동성 때문에 보수적으로 낮게 평가합니다. 2024·2026 두 개 연도의 NCPMS 예찰자료만 사용한 상대 위험 전망으로, 기상·재배면적·방제 변화와 2027년 실제 발생을 확정하지 않습니다.",전망자료 부족
논벼,키다리병,병해,경기도,,0,,전망자료 부족,낮음,28,2026,"양년 자료 없음, 공통 조사단위 0개, 유효 관측 28건, 결측률 0.0%, 단위별 변화 변동성 100.0점. 제한된 비교 단위 또는 변동성 때문에 보수적으로 낮게 평가합니다. 2024·2026 두 개 연도의 NCPMS 예찰자료만 사용한 상대 위험 전망으로, 기상·재배면적·방제 변화와 2027년 실제 발생을 확정하지 않습니다.",전망자료 부족
논벼,키다리병,병해,경상남도,,17,,전망자료 부족,낮음,24,2026,"양년 자료 없음, 공통 조사단위 0개, 유효 관측 24건, 결측률 0.0%, 단위별 변화 변동성 100.0점. 제한된 비교 단위 또는 변동성 때문에 보수적으로 낮게 평가합니다. 2024·2026 두 개 연도의 NCPMS 예찰자료만 사용한 상대 위험 전망으로, 기상·재배면적·방제 변화와 2027년 실제 발생을 확정하지 않습니다.",전망자료 부족
논벼,키다리병,병해,경상북도,,1,,전망자료 부족,낮음,24,2026,"양년 자료 없음, 공통 조사단위 0개, 유효 관측 24건, 결측률 0.0%, 단위별 변화 변동성 100.0점. 제한된 비교 단위 또는 변동성 때문에 보수적으로 낮게 평가합니다. 2024·2026 두 개 연도의 NCPMS 예찰자료만 사용한 상대 위험 전망으로, 기상·재배면적·방제 변화와 2027년 실제 발생을 확정하지 않습니다.",전망자료 부족
논벼,키다리병,병해,대구광역시,,0,,전망자료 부족,낮음,24,2026,"양년 자료 없음, 공통 조사단위 0개, 유효 관측 24건, 결측률 0.0%, 단위별 변화 변동성 100.0점. 제한된 비교 단위 또는 변동성 때문에 보수적으로 낮게 평가합니다. 2024·2026 두 개 연도의 NCPMS 예찰자료만 사용한 상대 위험 전망으로, 기상·재배면적·방제 변화와 2027년 실제 발생을 확정하지 않습니다.",전망자료 부족
논벼,키다리병,병해,대전광역시,,0,,전망자료 부족,낮음,24,2026,"양년 자료 없음, 공통 조사단위 0개, 유효 관측 24건, 결측률 0.0%, 단위별 변화 변동성 100.0점. 제한된 비교 단위 또는 변동성 때문에 보수적으로 낮게 평가합니다. 2024·2026 두 개 연도의 NCPMS 예찰자료만 사용한 상대 위험 전망으로, 기상·재배면적·방제 변화와 2027년 실제 발생을 확정하지 않습니다.",전망자료 부족
논벼,키다리병,병해,부산광역시,,13,,전망자료 부족,낮음,24,2026,"양년 자료 없음, 공통 조사단위 0개, 유효 관측 24건, 결측률 0.0%, 단위별 변화 변동성 100.0점. 제한된 비교 단위 또는 변동성 때문에 보수적으로 낮게 평가합니다. 2024·2026 두 개 연도의 NCPMS 예찰자료만 사용한 상대 위험 전망으로, 기상·재배면적·방제 변화와 2027년 실제 발생을 확정하지 않습니다.",전망자료 부족
논벼,키다리병,병해,세종특별자치시,,0,,전망자료 부족,낮음,20,2026,"양년 자료 없음, 공통 조사단위 0개, 유효 관측 20건, 결측률 0.0%, 단위별 변화 변동성 100.0점. 제한된 비교 단위 또는 변동성 때문에 보수적으로 낮게 평가합니다. 2024·2026 두 개 연도의 NCPMS 예찰자료만 사용한 상대 위험 전망으로, 기상·재배면적·방제 변화와 2027년 실제 발생을 확정하지 않습니다.",전망자료 부족
논벼,키다리병,병해,울산광역시,,0,,전망자료 부족,낮음,24,2026,"양년 자료 없음, 공통 조사단위 0개, 유효 관측 24건, 결측률 0.0%, 단위별 변화 변동성 100.0점. 제한된 비교 단위 또는 변동성 때문에 보수적으로 낮게 평가합니다. 2024·2026 두 개 연도의 NCPMS 예찰자료만 사용한 상대 위험 전망으로, 기상·재배면적·방제 변화와 2027년 실제 발생을 확정하지 않습니다.",전망자료 부족
논벼,키다리병,병해,인천광역시,,0,,전망자료 부족,낮음,24,2026,"양년 자료 없음, 공통 조사단위 0개, 유효 관측 24건, 결측률 0.0%, 단위별 변화 변동성 100.0점. 제한된 비교 단위 또는 변동성 때문에 보수적으로 낮게 평가합니다. 2024·2026 두 개 연도의 NCPMS 예찰자료만 사용한 상대 위험 전망으로, 기상·재배면적·방제 변화와 2027년 실제 발생을 확정하지 않습니다.",전망자료 부족
논벼,키다리병,병해,전남광주통합특별시,,29,,전망자료 부족,낮음,24,2026,"양년 자료 없음, 공통 조사단위 0개, 유효 관측 24건, 결측률 0.0%, 단위별 변화 변동성 100.0점. 제한된 비교 단위 또는 변동성 때문에 보수적으로 낮게 평가합니다. 2024·2026 두 개 연도의 NCPMS 예찰자료만 사용한 상대 위험 전망으로, 기상·재배면적·방제 변화와 2027년 실제 발생을 확정하지 않습니다.",전망자료 부족
논벼,키다리병,병해,전북특별자치도,,1,,전망자료 부족,낮음,24,2026,"양년 자료 없음, 공통 조사단위 0개, 유효 관측 24건, 결측률 0.0%, 단위별 변화 변동성 100.0점. 제한된 비교 단위 또는 변동성 때문에 보수적으로 낮게 평가합니다. 2024·2026 두 개 연도의 NCPMS 예찰자료만 사용한 상대 위험 전망으로, 기상·재배면적·방제 변화와 2027년 실제 발생을 확정하지 않습니다.",전망자료 부족
논벼,키다리병,병해,충청남도,,33,,전망자료 부족,낮음,24,2026,"양년 자료 없음, 공통 조사단위 0개, 유효 관측 24건, 결측률 0.0%, 단위별 변화 변동성 100.0점. 제한된 비교 단위 또는 변동성 때문에 보수적으로 낮게 평가합니다. 2024·2026 두 개 연도의 NCPMS 예찰자료만 사용한 상대 위험 전망으로, 기상·재배면적·방제 변화와 2027년 실제 발생을 확정하지 않습니다.",전망자료 부족
논벼,키다리병,병해,충청북도,,0,,전망자료 부족,낮음,28,2026,"양년 자료 없음, 공통 조사단위 0개, 유효 관측 28건, 결측률 0.0%, 단위별 변화 변동성 100.0점. 제한된 비교 단위 또는 변동성 때문에 보수적으로 낮게 평가합니다. 2024·2026 두 개 연도의 NCPMS 예찰자료만 사용한 상대 위험 전망으로, 기상·재배면적·방제 변화와 2027년 실제 발생을 확정하지 않습니다.",전망자료 부족
감,탄저병,병해,경상남도,,11,,전망자료 부족,낮음,7,2026,"양년 자료 없음, 공통 조사단위 0개, 유효 관측 7건, 결측률 0.0%, 단위별 변화 변동성 100.0점. 제한된 비교 단위 또는 변동성 때문에 보수적으로 낮게 평가합니다. 2024·2026 두 개 연도의 NCPMS 예찰자료만 사용한 상대 위험 전망으로, 기상·재배면적·방제 변화와 2027년 실제 발생을 확정하지 않습니다.",전망자료 부족
감,탄저병,병해,경상북도,,34,,전망자료 부족,낮음,7,2026,"양년 자료 없음, 공통 조사단위 0개, 유효 관측 7건, 결측률 0.0%, 단위별 변화 변동성 100.0점. 제한된 비교 단위 또는 변동성 때문에 보수적으로 낮게 평가합니다. 2024·2026 두 개 연도의 NCPMS 예찰자료만 사용한 상대 위험 전망으로, 기상·재배면적·방제 변화와 2027년 실제 발생을 확정하지 않습니다.",전망자료 부족
감,탄저병,병해,울산광역시,,12,,전망자료 부족,낮음,6,2026,"양년 자료 없음, 공통 조사단위 0개, 유효 관측 6건, 결측률 0.0%, 단위별 변화 변동성 100.0점. 제한된 비교 단위 또는 변동성 때문에 보수적으로 낮게 평가합니다. 2024·2026 두 개 연도의 NCPMS 예찰자료만 사용한 상대 위험 전망으로, 기상·재배면적·방제 변화와 2027년 실제 발생을 확정하지 않습니다.",전망자료 부족
감,탄저병,병해,전남광주통합특별시,,0,,전망자료 부족,낮음,7,2026,"양년 자료 없음, 공통 조사단위 0개, 유효 관측 7건, 결측률 0.0%, 단위별 변화 변동성 100.0점. 제한된 비교 단위 또는 변동성 때문에 보수적으로 낮게 평가합니다. 2024·2026 두 개 연도의 NCPMS 예찰자료만 사용한 상대 위험 전망으로, 기상·재배면적·방제 변화와 2027년 실제 발생을 확정하지 않습니다.",전망자료 부족
고추,탄저병,병해,강원특별자치도,0,,,전망자료 부족,낮음,2,2024,"양년 자료 없음, 공통 조사단위 0개, 유효 관측 2건, 결측률 0.0%, 단위별 변화 변동성 100.0점. 제한된 비교 단위 또는 변동성 때문에 보수적으로 낮게 평가합니다. 2024·2026 두 개 연도의 NCPMS 예찰자료만 사용한 상대 위험 전망으로, 기상·재배면적·방제 변화와 2027년 실제 발생을 확정하지 않습니다.",전망자료 부족
고추,탄저병,병해,경기도,0,,,전망자료 부족,낮음,2,2024,"양년 자료 없음, 공통 조사단위 0개, 유효 관측 2건, 결측률 0.0%, 단위별 변화 변동성 100.0점. 제한된 비교 단위 또는 변동성 때문에 보수적으로 낮게 평가합니다. 2024·2026 두 개 연도의 NCPMS 예찰자료만 사용한 상대 위험 전망으로, 기상·재배면적·방제 변화와 2027년 실제 발생을 확정하지 않습니다.",전망자료 부족
고추,탄저병,병해,경상남도,0,,,전망자료 부족,낮음,2,2024,"양년 자료 없음, 공통 조사단위 0개, 유효 관측 2건, 결측률 0.0%, 단위별 변화 변동성 100.0점. 제한된 비교 단위 또는 변동성 때문에 보수적으로 낮게 평가합니다. 2024·2026 두 개 연도의 NCPMS 예찰자료만 사용한 상대 위험 전망으로, 기상·재배면적·방제 변화와 2027년 실제 발생을 확정하지 않습니다.",전망자료 부족
고추,탄저병,병해,경상북도,0,,,전망자료 부족,낮음,9,2024,"양년 자료 없음, 공통 조사단위 0개, 유효 관측 9건, 결측률 0.0%, 단위별 변화 변동성 100.0점. 제한된 비교 단위 또는 변동성 때문에 보수적으로 낮게 평가합니다. 2024·2026 두 개 연도의 NCPMS 예찰자료만 사용한 상대 위험 전망으로, 기상·재배면적·방제 변화와 2027년 실제 발생을 확정하지 않습니다.",전망자료 부족
고추,탄저병,병해,대구광역시,0,,,전망자료 부족,낮음,2,2024,"양년 자료 없음, 공통 조사단위 0개, 유효 관측 2건, 결측률 0.0%, 단위별 변화 변동성 100.0점. 제한된 비교 단위 또는 변동성 때문에 보수적으로 낮게 평가합니다. 2024·2026 두 개 연도의 NCPMS 예찰자료만 사용한 상대 위험 전망으로, 기상·재배면적·방제 변화와 2027년 실제 발생을 확정하지 않습니다.",전망자료 부족
고추,탄저병,병해,전남광주통합특별시,0,,,전망자료 부족,낮음,2,2024,"양년 자료 없음, 공통 조사단위 0개, 유효 관측 2건, 결측률 0.0%, 단위별 변화 변동성 100.0점. 제한된 비교 단위 또는 변동성 때문에 보수적으로 낮게 평가합니다. 2024·2026 두 개 연도의 NCPMS 예찰자료만 사용한 상대 위험 전망으로, 기상·재배면적·방제 변화와 2027년 실제 발생을 확정하지 않습니다.",전망자료 부족
고추,탄저병,병해,전북특별자치도,100,,,전망자료 부족,낮음,2,2024,"양년 자료 없음, 공통 조사단위 0개, 유효 관측 2건, 결측률 0.0%, 단위별 변화 변동성 100.0점. 제한된 비교 단위 또는 변동성 때문에 보수적으로 낮게 평가합니다. 2024·2026 두 개 연도의 NCPMS 예찰자료만 사용한 상대 위험 전망으로, 기상·재배면적·방제 변화와 2027년 실제 발생을 확정하지 않습니다.",전망자료 부족
고추,탄저병,병해,충청남도,0,,,전망자료 부족,낮음,3,2024,"양년 자료 없음, 공통 조사단위 0개, 유효 관측 3건, 결측률 0.0%, 단위별 변화 변동성 100.0점. 제한된 비교 단위 또는 변동성 때문에 보수적으로 낮게 평가합니다. 2024·2026 두 개 연도의 NCPMS 예찰자료만 사용한 상대 위험 전망으로, 기상·재배면적·방제 변화와 2027년 실제 발생을 확정하지 않습니다.",전망자료 부족
고추,탄저병,병해,충청북도,0,,,전망자료 부족,낮음,2,2024,"양년 자료 없음, 공통 조사단위 0개, 유효 관측 2건, 결측률 0.0%, 단위별 변화 변동성 100.0점. 제한된 비교 단위 또는 변동성 때문에 보수적으로 낮게 평가합니다. 2024·2026 두 개 연도의 NCPMS 예찰자료만 사용한 상대 위험 전망으로, 기상·재배면적·방제 변화와 2027년 실제 발생을 확정하지 않습니다.",전망자료 부족
복숭아,탄저병,병해,강원특별자치도,,0,,전망자료 부족,낮음,7,2026,"양년 자료 없음, 공통 조사단위 0개, 유효 관측 7건, 결측률 0.0%, 단위별 변화 변동성 100.0점. 제한된 비교 단위 또는 변동성 때문에 보수적으로 낮게 평가합니다. 2024·2026 두 개 연도의 NCPMS 예찰자료만 사용한 상대 위험 전망으로, 기상·재배면적·방제 변화와 2027년 실제 발생을 확정하지 않습니다.",전망자료 부족
복숭아,탄저병,병해,경기도,,26,,전망자료 부족,낮음,7,2026,"양년 자료 없음, 공통 조사단위 0개, 유효 관측 7건, 결측률 0.0%, 단위별 변화 변동성 100.0점. 제한된 비교 단위 또는 변동성 때문에 보수적으로 낮게 평가합니다. 2024·2026 두 개 연도의 NCPMS 예찰자료만 사용한 상대 위험 전망으로, 기상·재배면적·방제 변화와 2027년 실제 발생을 확정하지 않습니다.",전망자료 부족
복숭아,탄저병,병해,경상남도,,12,,전망자료 부족,낮음,7,2026,"양년 자료 없음, 공통 조사단위 0개, 유효 관측 7건, 결측률 0.0%, 단위별 변화 변동성 100.0점. 제한된 비교 단위 또는 변동성 때문에 보수적으로 낮게 평가합니다. 2024·2026 두 개 연도의 NCPMS 예찰자료만 사용한 상대 위험 전망으로, 기상·재배면적·방제 변화와 2027년 실제 발생을 확정하지 않습니다.",전망자료 부족
복숭아,탄저병,병해,경상북도,,28,,전망자료 부족,낮음,7,2026,"양년 자료 없음, 공통 조사단위 0개, 유효 관측 7건, 결측률 0.0%, 단위별 변화 변동성 100.0점. 제한된 비교 단위 또는 변동성 때문에 보수적으로 낮게 평가합니다. 2024·2026 두 개 연도의 NCPMS 예찰자료만 사용한 상대 위험 전망으로, 기상·재배면적·방제 변화와 2027년 실제 발생을 확정하지 않습니다.",전망자료 부족
복숭아,탄저병,병해,세종특별자치시,,14,,전망자료 부족,낮음,6,2026,"양년 자료 없음, 공통 조사단위 0개, 유효 관측 6건, 결측률 0.0%, 단위별 변화 변동성 100.0점. 제한된 비교 단위 또는 변동성 때문에 보수적으로 낮게 평가합니다. 2024·2026 두 개 연도의 NCPMS 예찰자료만 사용한 상대 위험 전망으로, 기상·재배면적·방제 변화와 2027년 실제 발생을 확정하지 않습니다.",전망자료 부족
복숭아,탄저병,병해,전남광주통합특별시,,37,,전망자료 부족,낮음,7,2026,"양년 자료 없음, 공통 조사단위 0개, 유효 관측 7건, 결측률 0.0%, 단위별 변화 변동성 100.0점. 제한된 비교 단위 또는 변동성 때문에 보수적으로 낮게 평가합니다. 2024·2026 두 개 연도의 NCPMS 예찰자료만 사용한 상대 위험 전망으로, 기상·재배면적·방제 변화와 2027년 실제 발생을 확정하지 않습니다.",전망자료 부족
복숭아,탄저병,병해,전북특별자치도,,3,,전망자료 부족,낮음,7,2026,"양년 자료 없음, 공통 조사단위 0개, 유효 관측 7건, 결측률 0.0%, 단위별 변화 변동성 100.0점. 제한된 비교 단위 또는 변동성 때문에 보수적으로 낮게 평가합니다. 2024·2026 두 개 연도의 NCPMS 예찰자료만 사용한 상대 위험 전망으로, 기상·재배면적·방제 변화와 2027년 실제 발생을 확정하지 않습니다.",전망자료 부족
복숭아,탄저병,병해,충청남도,,0,,전망자료 부족,낮음,7,2026,"양년 자료 없음, 공통 조사단위 0개, 유효 관측 7건, 결측률 0.0%, 단위별 변화 변동성 100.0점. 제한된 비교 단위 또는 변동성 때문에 보수적으로 낮게 평가합니다. 2024·2026 두 개 연도의 NCPMS 예찰자료만 사용한 상대 위험 전망으로, 기상·재배면적·방제 변화와 2027년 실제 발생을 확정하지 않습니다.",전망자료 부족
복숭아,탄저병,병해,충청북도,,29,,전망자료 부족,낮음,7,2026,"양년 자료 없음, 공통 조사단위 0개, 유효 관측 7건, 결측률 0.0%, 단위별 변화 변동성 100.0점. 제한된 비교 단위 또는 변동성 때문에 보수적으로 낮게 평가합니다. 2024·2026 두 개 연도의 NCPMS 예찰자료만 사용한 상대 위험 전망으로, 기상·재배면적·방제 변화와 2027년 실제 발생을 확정하지 않습니다.",전망자료 부족
사과,탄저병,병해,강원특별자치도,0,0,0,유지,보통,9,2024·2026,"기준선 비교: 2026 유지 0.0점, 2024·2026 가중평균 0.0점, 선택 모델(완화 추세+표본 축소) 0.0점. 지역 변화 +0.0점을 표본가중치 0.43로 같은 병해충·작물의 지역 중앙 변화 +0.0점 방향에 축소하고, 1년 연장 변화는 ±20점으로 제한했습니다. 양년 자료 있음, 공통 조사단위 3개, 유효 관측 9건, 결측률 0.0%, 단위별 변화 변동성 0.0점. 비교는 가능하지만 표본 또는 변동성에 불확실성이 남습니다. 2024·2026 두 개 연도의 NCPMS 예찰자료만 사용한 상대 위험 전망으로, 기상·재배면적·방제 변화와 2027년 실제 발생을 확정하지 않습니다.",관찰
사과,탄저병,병해,경기도,0,17,19,유지,보통,9,2024·2026,"기준선 비교: 2026 유지 16.7점, 2024·2026 가중평균 10.8점, 선택 모델(완화 추세+표본 축소) 19.2점. 지역 변화 +16.7점을 표본가중치 0.43로 같은 병해충·작물의 지역 중앙 변화 +0.0점 방향에 축소하고, 1년 연장 변화는 ±20점으로 제한했습니다. 양년 자료 있음, 공통 조사단위 3개, 유효 관측 9건, 결측률 0.0%, 단위별 변화 변동성 0.0점. 비교는 가능하지만 표본 또는 변동성에 불확실성이 남습니다. 2024·2026 두 개 연도의 NCPMS 예찰자료만 사용한 상대 위험 전망으로, 기상·재배면적·방제 변화와 2027년 실제 발생을 확정하지 않습니다.",관찰
사과,탄저병,병해,경상남도,0,0,0,유지,보통,9,2024·2026,"기준선 비교: 2026 유지 0.0점, 2024·2026 가중평균 0.0점, 선택 모델(완화 추세+표본 축소) 0.0점. 지역 변화 +0.0점을 표본가중치 0.43로 같은 병해충·작물의 지역 중앙 변화 +0.0점 방향에 축소하고, 1년 연장 변화는 ±20점으로 제한했습니다. 양년 자료 있음, 공통 조사단위 3개, 유효 관측 9건, 결측률 0.0%, 단위별 변화 변동성 0.0점. 비교는 가능하지만 표본 또는 변동성에 불확실성이 남습니다. 2024·2026 두 개 연도의 NCPMS 예찰자료만 사용한 상대 위험 전망으로, 기상·재배면적·방제 변화와 2027년 실제 발생을 확정하지 않습니다.",관찰
사과,탄저병,병해,경상북도,0,0,0,유지,보통,9,2024·2026,"기준선 비교: 2026 유지 0.0점, 2024·2026 가중평균 0.0점, 선택 모델(완화 추세+표본 축소) 0.0점. 지역 변화 +0.0점을 표본가중치 0.43로 같은 병해충·작물의 지역 중앙 변화 +0.0점 방향에 축소하고, 1년 연장 변화는 ±20점으로 제한했습니다. 양년 자료 있음, 공통 조사단위 3개, 유효 관측 9건, 결측률 0.0%, 단위별 변화 변동성 0.0점. 비교는 가능하지만 표본 또는 변동성에 불확실성이 남습니다. 2024·2026 두 개 연도의 NCPMS 예찰자료만 사용한 상대 위험 전망으로, 기상·재배면적·방제 변화와 2027년 실제 발생을 확정하지 않습니다.",관찰
사과,탄저병,병해,대구광역시,0,,,전망자료 부족,낮음,3,2024,"양년 자료 없음, 공통 조사단위 0개, 유효 관측 3건, 결측률 0.0%, 단위별 변화 변동성 100.0점. 제한된 비교 단위 또는 변동성 때문에 보수적으로 낮게 평가합니다. 2024·2026 두 개 연도의 NCPMS 예찰자료만 사용한 상대 위험 전망으로, 기상·재배면적·방제 변화와 2027년 실제 발생을 확정하지 않습니다.",전망자료 부족
사과,탄저병,병해,전남광주통합특별시,0,1,1,유지,보통,8,2024·2026,"기준선 비교: 2026 유지 1.0점, 2024·2026 가중평균 0.6점, 선택 모델(완화 추세+표본 축소) 1.1점. 지역 변화 +1.0점을 표본가중치 0.40로 같은 병해충·작물의 지역 중앙 변화 +0.0점 방향에 축소하고, 1년 연장 변화는 ±20점으로 제한했습니다. 양년 자료 있음, 공통 조사단위 2개, 유효 관측 8건, 결측률 0.0%, 단위별 변화 변동성 0.0점. 비교는 가능하지만 표본 또는 변동성에 불확실성이 남습니다. 2024·2026 두 개 연도의 NCPMS 예찰자료만 사용한 상대 위험 전망으로, 기상·재배면적·방제 변화와 2027년 실제 발생을 확정하지 않습니다.",관찰
사과,탄저병,병해,전북특별자치도,0,0,0,유지,보통,9,2024·2026,"기준선 비교: 2026 유지 0.0점, 2024·2026 가중평균 0.0점, 선택 모델(완화 추세+표본 축소) 0.0점. 지역 변화 +0.0점을 표본가중치 0.43로 같은 병해충·작물의 지역 중앙 변화 +0.0점 방향에 축소하고, 1년 연장 변화는 ±20점으로 제한했습니다. 양년 자료 있음, 공통 조사단위 3개, 유효 관측 9건, 결측률 0.0%, 단위별 변화 변동성 0.0점. 비교는 가능하지만 표본 또는 변동성에 불확실성이 남습니다. 2024·2026 두 개 연도의 NCPMS 예찰자료만 사용한 상대 위험 전망으로, 기상·재배면적·방제 변화와 2027년 실제 발생을 확정하지 않습니다.",관찰
사과,탄저병,병해,충청남도,0,39,45,증가,보통,9,2024·2026,"기준선 비교: 2026 유지 39.1점, 2024·2026 가중평균 25.4점, 선택 모델(완화 추세+표본 축소) 44.9점. 지역 변화 +39.1점을 표본가중치 0.43로 같은 병해충·작물의 지역 중앙 변화 +0.0점 방향에 축소하고, 1년 연장 변화는 ±20점으로 제한했습니다. 양년 자료 있음, 공통 조사단위 3개, 유효 관측 9건, 결측률 0.0%, 단위별 변화 변동성 16.2점. 비교는 가능하지만 표본 또는 변동성에 불확실성이 남습니다. 2024·2026 두 개 연도의 NCPMS 예찰자료만 사용한 상대 위험 전망으로, 기상·재배면적·방제 변화와 2027년 실제 발생을 확정하지 않습니다.",주의
사과,탄저병,병해,충청북도,0,0,0,유지,보통,9,2024·2026,"기준선 비교: 2026 유지 0.0점, 2024·2026 가중평균 0.0점, 선택 모델(완화 추세+표본 축소) 0.0점. 지역 변화 +0.0점을 표본가중치 0.43로 같은 병해충·작물의 지역 중앙 변화 +0.0점 방향에 축소하고, 1년 연장 변화는 ±20점으로 제한했습니다. 양년 자료 있음, 공통 조사단위 3개, 유효 관측 9건, 결측률 0.0%, 단위별 변화 변동성 0.0점. 비교는 가능하지만 표본 또는 변동성에 불확실성이 남습니다. 2024·2026 두 개 연도의 NCPMS 예찰자료만 사용한 상대 위험 전망으로, 기상·재배면적·방제 변화와 2027년 실제 발생을 확정하지 않습니다.",관찰
콩,탄저병,병해,강원특별자치도,,0,,전망자료 부족,낮음,5,2026,"양년 자료 없음, 공통 조사단위 0개, 유효 관측 5건, 결측률 0.0%, 단위별 변화 변동성 100.0점. 제한된 비교 단위 또는 변동성 때문에 보수적으로 낮게 평가합니다. 2024·2026 두 개 연도의 NCPMS 예찰자료만 사용한 상대 위험 전망으로, 기상·재배면적·방제 변화와 2027년 실제 발생을 확정하지 않습니다.",전망자료 부족
콩,탄저병,병해,경기도,,0,,전망자료 부족,낮음,5,2026,"양년 자료 없음, 공통 조사단위 0개, 유효 관측 5건, 결측률 0.0%, 단위별 변화 변동성 100.0점. 제한된 비교 단위 또는 변동성 때문에 보수적으로 낮게 평가합니다. 2024·2026 두 개 연도의 NCPMS 예찰자료만 사용한 상대 위험 전망으로, 기상·재배면적·방제 변화와 2027년 실제 발생을 확정하지 않습니다.",전망자료 부족
콩,탄저병,병해,경상남도,,0,,전망자료 부족,낮음,5,2026,"양년 자료 없음, 공통 조사단위 0개, 유효 관측 5건, 결측률 0.0%, 단위별 변화 변동성 100.0점. 제한된 비교 단위 또는 변동성 때문에 보수적으로 낮게 평가합니다. 2024·2026 두 개 연도의 NCPMS 예찰자료만 사용한 상대 위험 전망으로, 기상·재배면적·방제 변화와 2027년 실제 발생을 확정하지 않습니다.",전망자료 부족
콩,탄저병,병해,경상북도,,0,,전망자료 부족,낮음,5,2026,"양년 자료 없음, 공통 조사단위 0개, 유효 관측 5건, 결측률 0.0%, 단위별 변화 변동성 100.0점. 제한된 비교 단위 또는 변동성 때문에 보수적으로 낮게 평가합니다. 2024·2026 두 개 연도의 NCPMS 예찰자료만 사용한 상대 위험 전망으로, 기상·재배면적·방제 변화와 2027년 실제 발생을 확정하지 않습니다.",전망자료 부족
콩,탄저병,병해,전남광주통합특별시,,0,,전망자료 부족,낮음,5,2026,"양년 자료 없음, 공통 조사단위 0개, 유효 관측 5건, 결측률 0.0%, 단위별 변화 변동성 100.0점. 제한된 비교 단위 또는 변동성 때문에 보수적으로 낮게 평가합니다. 2024·2026 두 개 연도의 NCPMS 예찰자료만 사용한 상대 위험 전망으로, 기상·재배면적·방제 변화와 2027년 실제 발생을 확정하지 않습니다.",전망자료 부족
콩,탄저병,병해,전북특별자치도,,0,,전망자료 부족,낮음,5,2026,"양년 자료 없음, 공통 조사단위 0개, 유효 관측 5건, 결측률 0.0%, 단위별 변화 변동성 100.0점. 제한된 비교 단위 또는 변동성 때문에 보수적으로 낮게 평가합니다. 2024·2026 두 개 연도의 NCPMS 예찰자료만 사용한 상대 위험 전망으로, 기상·재배면적·방제 변화와 2027년 실제 발생을 확정하지 않습니다.",전망자료 부족
콩,탄저병,병해,제주특별자치도,,0,,전망자료 부족,낮음,5,2026,"양년 자료 없음, 공통 조사단위 0개, 유효 관측 5건, 결측률 0.0%, 단위별 변화 변동성 100.0점. 제한된 비교 단위 또는 변동성 때문에 보수적으로 낮게 평가합니다. 2024·2026 두 개 연도의 NCPMS 예찰자료만 사용한 상대 위험 전망으로, 기상·재배면적·방제 변화와 2027년 실제 발생을 확정하지 않습니다.",전망자료 부족
콩,탄저병,병해,충청남도,,0,,전망자료 부족,낮음,5,2026,"양년 자료 없음, 공통 조사단위 0개, 유효 관측 5건, 결측률 0.0%, 단위별 변화 변동성 100.0점. 제한된 비교 단위 또는 변동성 때문에 보수적으로 낮게 평가합니다. 2024·2026 두 개 연도의 NCPMS 예찰자료만 사용한 상대 위험 전망으로, 기상·재배면적·방제 변화와 2027년 실제 발생을 확정하지 않습니다.",전망자료 부족
콩,탄저병,병해,충청북도,,0,,전망자료 부족,낮음,5,2026,"양년 자료 없음, 공통 조사단위 0개, 유효 관측 5건, 결측률 0.0%, 단위별 변화 변동성 100.0점. 제한된 비교 단위 또는 변동성 때문에 보수적으로 낮게 평가합니다. 2024·2026 두 개 연도의 NCPMS 예찰자료만 사용한 상대 위험 전망으로, 기상·재배면적·방제 변화와 2027년 실제 발생을 확정하지 않습니다.",전망자료 부족
콩,톱다리개미허리노린재,해충,강원특별자치도,,0,,전망자료 부족,낮음,5,2026,"양년 자료 없음, 공통 조사단위 0개, 유효 관측 5건, 결측률 0.0%, 단위별 변화 변동성 100.0점. 제한된 비교 단위 또는 변동성 때문에 보수적으로 낮게 평가합니다. 2024·2026 두 개 연도의 NCPMS 예찰자료만 사용한 상대 위험 전망으로, 기상·재배면적·방제 변화와 2027년 실제 발생을 확정하지 않습니다.",전망자료 부족
콩,톱다리개미허리노린재,해충,경기도,,0,,전망자료 부족,낮음,5,2026,"양년 자료 없음, 공통 조사단위 0개, 유효 관측 5건, 결측률 0.0%, 단위별 변화 변동성 100.0점. 제한된 비교 단위 또는 변동성 때문에 보수적으로 낮게 평가합니다. 2024·2026 두 개 연도의 NCPMS 예찰자료만 사용한 상대 위험 전망으로, 기상·재배면적·방제 변화와 2027년 실제 발생을 확정하지 않습니다.",전망자료 부족
콩,톱다리개미허리노린재,해충,경상남도,,0,,전망자료 부족,낮음,5,2026,"양년 자료 없음, 공통 조사단위 0개, 유효 관측 5건, 결측률 0.0%, 단위별 변화 변동성 100.0점. 제한된 비교 단위 또는 변동성 때문에 보수적으로 낮게 평가합니다. 2024·2026 두 개 연도의 NCPMS 예찰자료만 사용한 상대 위험 전망으로, 기상·재배면적·방제 변화와 2027년 실제 발생을 확정하지 않습니다.",전망자료 부족
콩,톱다리개미허리노린재,해충,경상북도,,0,,전망자료 부족,낮음,5,2026,"양년 자료 없음, 공통 조사단위 0개, 유효 관측 5건, 결측률 0.0%, 단위별 변화 변동성 100.0점. 제한된 비교 단위 또는 변동성 때문에 보수적으로 낮게 평가합니다. 2024·2026 두 개 연도의 NCPMS 예찰자료만 사용한 상대 위험 전망으로, 기상·재배면적·방제 변화와 2027년 실제 발생을 확정하지 않습니다.",전망자료 부족
콩,톱다리개미허리노린재,해충,전남광주통합특별시,,36,,전망자료 부족,낮음,5,2026,"양년 자료 없음, 공통 조사단위 0개, 유효 관측 5건, 결측률 0.0%, 단위별 변화 변동성 100.0점. 제한된 비교 단위 또는 변동성 때문에 보수적으로 낮게 평가합니다. 2024·2026 두 개 연도의 NCPMS 예찰자료만 사용한 상대 위험 전망으로, 기상·재배면적·방제 변화와 2027년 실제 발생을 확정하지 않습니다.",전망자료 부족
콩,톱다리개미허리노린재,해충,전북특별자치도,,0,,전망자료 부족,낮음,5,2026,"양년 자료 없음, 공통 조사단위 0개, 유효 관측 5건, 결측률 0.0%, 단위별 변화 변동성 100.0점. 제한된 비교 단위 또는 변동성 때문에 보수적으로 낮게 평가합니다. 2024·2026 두 개 연도의 NCPMS 예찰자료만 사용한 상대 위험 전망으로, 기상·재배면적·방제 변화와 2027년 실제 발생을 확정하지 않습니다.",전망자료 부족
콩,톱다리개미허리노린재,해충,제주특별자치도,,20,,전망자료 부족,낮음,5,2026,"양년 자료 없음, 공통 조사단위 0개, 유효 관측 5건, 결측률 0.0%, 단위별 변화 변동성 100.0점. 제한된 비교 단위 또는 변동성 때문에 보수적으로 낮게 평가합니다. 2024·2026 두 개 연도의 NCPMS 예찰자료만 사용한 상대 위험 전망으로, 기상·재배면적·방제 변화와 2027년 실제 발생을 확정하지 않습니다.",전망자료 부족
콩,톱다리개미허리노린재,해충,충청남도,,39,,전망자료 부족,낮음,5,2026,"양년 자료 없음, 공통 조사단위 0개, 유효 관측 5건, 결측률 0.0%, 단위별 변화 변동성 100.0점. 제한된 비교 단위 또는 변동성 때문에 보수적으로 낮게 평가합니다. 2024·2026 두 개 연도의 NCPMS 예찰자료만 사용한 상대 위험 전망으로, 기상·재배면적·방제 변화와 2027년 실제 발생을 확정하지 않습니다.",전망자료 부족
콩,톱다리개미허리노린재,해충,충청북도,,0,,전망자료 부족,낮음,5,2026,"양년 자료 없음, 공통 조사단위 0개, 유효 관측 5건, 결측률 0.0%, 단위별 변화 변동성 100.0점. 제한된 비교 단위 또는 변동성 때문에 보수적으로 낮게 평가합니다. 2024·2026 두 개 연도의 NCPMS 예찰자료만 사용한 상대 위험 전망으로, 기상·재배면적·방제 변화와 2027년 실제 발생을 확정하지 않습니다.",전망자료 부족
콩,파밤나방,해충,강원특별자치도,,0,,전망자료 부족,낮음,10,2026,"양년 자료 없음, 공통 조사단위 0개, 유효 관측 10건, 결측률 0.0%, 단위별 변화 변동성 100.0점. 제한된 비교 단위 또는 변동성 때문에 보수적으로 낮게 평가합니다. 2024·2026 두 개 연도의 NCPMS 예찰자료만 사용한 상대 위험 전망으로, 기상·재배면적·방제 변화와 2027년 실제 발생을 확정하지 않습니다.",전망자료 부족
콩,파밤나방,해충,경기도,,0,,전망자료 부족,낮음,10,2026,"양년 자료 없음, 공통 조사단위 0개, 유효 관측 10건, 결측률 0.0%, 단위별 변화 변동성 100.0점. 제한된 비교 단위 또는 변동성 때문에 보수적으로 낮게 평가합니다. 2024·2026 두 개 연도의 NCPMS 예찰자료만 사용한 상대 위험 전망으로, 기상·재배면적·방제 변화와 2027년 실제 발생을 확정하지 않습니다.",전망자료 부족
콩,파밤나방,해충,경상남도,,0,,전망자료 부족,낮음,10,2026,"양년 자료 없음, 공통 조사단위 0개, 유효 관측 10건, 결측률 0.0%, 단위별 변화 변동성 100.0점. 제한된 비교 단위 또는 변동성 때문에 보수적으로 낮게 평가합니다. 2024·2026 두 개 연도의 NCPMS 예찰자료만 사용한 상대 위험 전망으로, 기상·재배면적·방제 변화와 2027년 실제 발생을 확정하지 않습니다.",전망자료 부족
콩,파밤나방,해충,경상북도,,27,,전망자료 부족,낮음,10,2026,"양년 자료 없음, 공통 조사단위 0개, 유효 관측 10건, 결측률 0.0%, 단위별 변화 변동성 100.0점. 제한된 비교 단위 또는 변동성 때문에 보수적으로 낮게 평가합니다. 2024·2026 두 개 연도의 NCPMS 예찰자료만 사용한 상대 위험 전망으로, 기상·재배면적·방제 변화와 2027년 실제 발생을 확정하지 않습니다.",전망자료 부족
콩,파밤나방,해충,전남광주통합특별시,,29,,전망자료 부족,낮음,10,2026,"양년 자료 없음, 공통 조사단위 0개, 유효 관측 10건, 결측률 0.0%, 단위별 변화 변동성 100.0점. 제한된 비교 단위 또는 변동성 때문에 보수적으로 낮게 평가합니다. 2024·2026 두 개 연도의 NCPMS 예찰자료만 사용한 상대 위험 전망으로, 기상·재배면적·방제 변화와 2027년 실제 발생을 확정하지 않습니다.",전망자료 부족
콩,파밤나방,해충,전북특별자치도,,0,,전망자료 부족,낮음,10,2026,"양년 자료 없음, 공통 조사단위 0개, 유효 관측 10건, 결측률 0.0%, 단위별 변화 변동성 100.0점. 제한된 비교 단위 또는 변동성 때문에 보수적으로 낮게 평가합니다. 2024·2026 두 개 연도의 NCPMS 예찰자료만 사용한 상대 위험 전망으로, 기상·재배면적·방제 변화와 2027년 실제 발생을 확정하지 않습니다.",전망자료 부족
콩,파밤나방,해충,제주특별자치도,,20,,전망자료 부족,낮음,10,2026,"양년 자료 없음, 공통 조사단위 0개, 유효 관측 10건, 결측률 0.0%, 단위별 변화 변동성 100.0점. 제한된 비교 단위 또는 변동성 때문에 보수적으로 낮게 평가합니다. 2024·2026 두 개 연도의 NCPMS 예찰자료만 사용한 상대 위험 전망으로, 기상·재배면적·방제 변화와 2027년 실제 발생을 확정하지 않습니다.",전망자료 부족
콩,파밤나방,해충,충청남도,,27,,전망자료 부족,낮음,10,2026,"양년 자료 없음, 공통 조사단위 0개, 유효 관측 10건, 결측률 0.0%, 단위별 변화 변동성 100.0점. 제한된 비교 단위 또는 변동성 때문에 보수적으로 낮게 평가합니다. 2024·2026 두 개 연도의 NCPMS 예찰자료만 사용한 상대 위험 전망으로, 기상·재배면적·방제 변화와 2027년 실제 발생을 확정하지 않습니다.",전망자료 부족
콩,파밤나방,해충,충청북도,,1,,전망자료 부족,낮음,10,2026,"양년 자료 없음, 공통 조사단위 0개, 유효 관측 10건, 결측률 0.0%, 단위별 변화 변동성 100.0점. 제한된 비교 단위 또는 변동성 때문에 보수적으로 낮게 평가합니다. 2024·2026 두 개 연도의 NCPMS 예찰자료만 사용한 상대 위험 전망으로, 기상·재배면적·방제 변화와 2027년 실제 발생을 확정하지 않습니다.",전망자료 부족
마늘,한지형마늘-고자리파리,해충,강원특별자치도,0,0,0,유지,높음,16,2024·2026,"기준선 비교: 2026 유지 0.0점, 2024·2026 가중평균 0.0점, 선택 모델(완화 추세+표본 축소) 0.0점. 지역 변화 +0.0점을 표본가중치 0.57로 같은 병해충·작물의 지역 중앙 변화 +0.0점 방향에 축소하고, 1년 연장 변화는 ±20점으로 제한했습니다. 양년 자료 있음, 공통 조사단위 5개, 유효 관측 16건, 결측률 0.0%, 단위별 변화 변동성 0.0점. 양년 반복관측·낮은 결측·낮은 변동성 기준을 충족합니다. 2024·2026 두 개 연도의 NCPMS 예찰자료만 사용한 상대 위험 전망으로, 기상·재배면적·방제 변화와 2027년 실제 발생을 확정하지 않습니다.",관찰
마늘,한지형마늘-고자리파리,해충,경상남도,0,,,전망자료 부족,낮음,6,2024,"양년 자료 없음, 공통 조사단위 0개, 유효 관측 6건, 결측률 0.0%, 단위별 변화 변동성 100.0점. 제한된 비교 단위 또는 변동성 때문에 보수적으로 낮게 평가합니다. 2024·2026 두 개 연도의 NCPMS 예찰자료만 사용한 상대 위험 전망으로, 기상·재배면적·방제 변화와 2027년 실제 발생을 확정하지 않습니다.",전망자료 부족
마늘,한지형마늘-고자리파리,해충,경상북도,0,0,0,유지,높음,22,2024·2026,"기준선 비교: 2026 유지 0.0점, 2024·2026 가중평균 0.0점, 선택 모델(완화 추세+표본 축소) 0.0점. 지역 변화 +0.0점을 표본가중치 0.65로 같은 병해충·작물의 지역 중앙 변화 +0.0점 방향에 축소하고, 1년 연장 변화는 ±20점으로 제한했습니다. 양년 자료 있음, 공통 조사단위 5개, 유효 관측 22건, 결측률 0.0%, 단위별 변화 변동성 0.0점. 양년 반복관측·낮은 결측·낮은 변동성 기준을 충족합니다. 2024·2026 두 개 연도의 NCPMS 예찰자료만 사용한 상대 위험 전망으로, 기상·재배면적·방제 변화와 2027년 실제 발생을 확정하지 않습니다.",관찰
마늘,한지형마늘-고자리파리,해충,대구광역시,0,0,0,유지,높음,22,2024·2026,"기준선 비교: 2026 유지 0.0점, 2024·2026 가중평균 0.0점, 선택 모델(완화 추세+표본 축소) 0.0점. 지역 변화 +0.0점을 표본가중치 0.65로 같은 병해충·작물의 지역 중앙 변화 +0.0점 방향에 축소하고, 1년 연장 변화는 ±20점으로 제한했습니다. 양년 자료 있음, 공통 조사단위 5개, 유효 관측 22건, 결측률 0.0%, 단위별 변화 변동성 0.0점. 양년 반복관측·낮은 결측·낮은 변동성 기준을 충족합니다. 2024·2026 두 개 연도의 NCPMS 예찰자료만 사용한 상대 위험 전망으로, 기상·재배면적·방제 변화와 2027년 실제 발생을 확정하지 않습니다.",관찰
마늘,한지형마늘-고자리파리,해충,전남광주통합특별시,0,,,전망자료 부족,낮음,6,2024,"양년 자료 없음, 공통 조사단위 0개, 유효 관측 6건, 결측률 0.0%, 단위별 변화 변동성 100.0점. 제한된 비교 단위 또는 변동성 때문에 보수적으로 낮게 평가합니다. 2024·2026 두 개 연도의 NCPMS 예찰자료만 사용한 상대 위험 전망으로, 기상·재배면적·방제 변화와 2027년 실제 발생을 확정하지 않습니다.",전망자료 부족
마늘,한지형마늘-고자리파리,해충,전북특별자치도,0,,,전망자료 부족,낮음,6,2024,"양년 자료 없음, 공통 조사단위 0개, 유효 관측 6건, 결측률 0.0%, 단위별 변화 변동성 100.0점. 제한된 비교 단위 또는 변동성 때문에 보수적으로 낮게 평가합니다. 2024·2026 두 개 연도의 NCPMS 예찰자료만 사용한 상대 위험 전망으로, 기상·재배면적·방제 변화와 2027년 실제 발생을 확정하지 않습니다.",전망자료 부족
마늘,한지형마늘-고자리파리,해충,충청남도,0,0,0,유지,높음,22,2024·2026,"기준선 비교: 2026 유지 0.0점, 2024·2026 가중평균 0.0점, 선택 모델(완화 추세+표본 축소) 0.0점. 지역 변화 +0.0점을 표본가중치 0.65로 같은 병해충·작물의 지역 중앙 변화 +0.0점 방향에 축소하고, 1년 연장 변화는 ±20점으로 제한했습니다. 양년 자료 있음, 공통 조사단위 5개, 유효 관측 22건, 결측률 0.0%, 단위별 변화 변동성 0.0점. 양년 반복관측·낮은 결측·낮은 변동성 기준을 충족합니다. 2024·2026 두 개 연도의 NCPMS 예찰자료만 사용한 상대 위험 전망으로, 기상·재배면적·방제 변화와 2027년 실제 발생을 확정하지 않습니다.",관찰
마늘,한지형마늘-고자리파리,해충,충청북도,0,0,0,유지,높음,16,2024·2026,"기준선 비교: 2026 유지 0.0점, 2024·2026 가중평균 0.0점, 선택 모델(완화 추세+표본 축소) 0.0점. 지역 변화 +0.0점을 표본가중치 0.57로 같은 병해충·작물의 지역 중앙 변화 +0.0점 방향에 축소하고, 1년 연장 변화는 ±20점으로 제한했습니다. 양년 자료 있음, 공통 조사단위 5개, 유효 관측 16건, 결측률 0.0%, 단위별 변화 변동성 0.0점. 양년 반복관측·낮은 결측·낮은 변동성 기준을 충족합니다. 2024·2026 두 개 연도의 NCPMS 예찰자료만 사용한 상대 위험 전망으로, 기상·재배면적·방제 변화와 2027년 실제 발생을 확정하지 않습니다.",관찰
마늘,한지형마늘-녹병,병해,강원특별자치도,,0,,전망자료 부족,낮음,10,2026,"양년 자료 없음, 공통 조사단위 0개, 유효 관측 10건, 결측률 0.0%, 단위별 변화 변동성 100.0점. 제한된 비교 단위 또는 변동성 때문에 보수적으로 낮게 평가합니다. 2024·2026 두 개 연도의 NCPMS 예찰자료만 사용한 상대 위험 전망으로, 기상·재배면적·방제 변화와 2027년 실제 발생을 확정하지 않습니다.",전망자료 부족
마늘,한지형마늘-녹병,병해,경상북도,,0,,전망자료 부족,낮음,10,2026,"양년 자료 없음, 공통 조사단위 0개, 유효 관측 10건, 결측률 0.0%, 단위별 변화 변동성 100.0점. 제한된 비교 단위 또는 변동성 때문에 보수적으로 낮게 평가합니다. 2024·2026 두 개 연도의 NCPMS 예찰자료만 사용한 상대 위험 전망으로, 기상·재배면적·방제 변화와 2027년 실제 발생을 확정하지 않습니다.",전망자료 부족
마늘,한지형마늘-녹병,병해,대구광역시,,0,,전망자료 부족,낮음,10,2026,"양년 자료 없음, 공통 조사단위 0개, 유효 관측 10건, 결측률 0.0%, 단위별 변화 변동성 100.0점. 제한된 비교 단위 또는 변동성 때문에 보수적으로 낮게 평가합니다. 2024·2026 두 개 연도의 NCPMS 예찰자료만 사용한 상대 위험 전망으로, 기상·재배면적·방제 변화와 2027년 실제 발생을 확정하지 않습니다.",전망자료 부족
마늘,한지형마늘-녹병,병해,충청남도,,0,,전망자료 부족,낮음,10,2026,"양년 자료 없음, 공통 조사단위 0개, 유효 관측 10건, 결측률 0.0%, 단위별 변화 변동성 100.0점. 제한된 비교 단위 또는 변동성 때문에 보수적으로 낮게 평가합니다. 2024·2026 두 개 연도의 NCPMS 예찰자료만 사용한 상대 위험 전망으로, 기상·재배면적·방제 변화와 2027년 실제 발생을 확정하지 않습니다.",전망자료 부족
마늘,한지형마늘-녹병,병해,충청북도,,0,,전망자료 부족,낮음,10,2026,"양년 자료 없음, 공통 조사단위 0개, 유효 관측 10건, 결측률 0.0%, 단위별 변화 변동성 100.0점. 제한된 비교 단위 또는 변동성 때문에 보수적으로 낮게 평가합니다. 2024·2026 두 개 연도의 NCPMS 예찰자료만 사용한 상대 위험 전망으로, 기상·재배면적·방제 변화와 2027년 실제 발생을 확정하지 않습니다.",전망자료 부족
마늘,한지형마늘-무름병,병해,강원특별자치도,,0,,전망자료 부족,낮음,10,2026,"양년 자료 없음, 공통 조사단위 0개, 유효 관측 10건, 결측률 0.0%, 단위별 변화 변동성 100.0점. 제한된 비교 단위 또는 변동성 때문에 보수적으로 낮게 평가합니다. 2024·2026 두 개 연도의 NCPMS 예찰자료만 사용한 상대 위험 전망으로, 기상·재배면적·방제 변화와 2027년 실제 발생을 확정하지 않습니다.",전망자료 부족
마늘,한지형마늘-무름병,병해,경상북도,,0,,전망자료 부족,낮음,10,2026,"양년 자료 없음, 공통 조사단위 0개, 유효 관측 10건, 결측률 0.0%, 단위별 변화 변동성 100.0점. 제한된 비교 단위 또는 변동성 때문에 보수적으로 낮게 평가합니다. 2024·2026 두 개 연도의 NCPMS 예찰자료만 사용한 상대 위험 전망으로, 기상·재배면적·방제 변화와 2027년 실제 발생을 확정하지 않습니다.",전망자료 부족
마늘,한지형마늘-무름병,병해,대구광역시,,0,,전망자료 부족,낮음,10,2026,"양년 자료 없음, 공통 조사단위 0개, 유효 관측 10건, 결측률 0.0%, 단위별 변화 변동성 100.0점. 제한된 비교 단위 또는 변동성 때문에 보수적으로 낮게 평가합니다. 2024·2026 두 개 연도의 NCPMS 예찰자료만 사용한 상대 위험 전망으로, 기상·재배면적·방제 변화와 2027년 실제 발생을 확정하지 않습니다.",전망자료 부족
마늘,한지형마늘-무름병,병해,충청남도,,0,,전망자료 부족,낮음,10,2026,"양년 자료 없음, 공통 조사단위 0개, 유효 관측 10건, 결측률 0.0%, 단위별 변화 변동성 100.0점. 제한된 비교 단위 또는 변동성 때문에 보수적으로 낮게 평가합니다. 2024·2026 두 개 연도의 NCPMS 예찰자료만 사용한 상대 위험 전망으로, 기상·재배면적·방제 변화와 2027년 실제 발생을 확정하지 않습니다.",전망자료 부족
마늘,한지형마늘-무름병,병해,충청북도,,0,,전망자료 부족,낮음,10,2026,"양년 자료 없음, 공통 조사단위 0개, 유효 관측 10건, 결측률 0.0%, 단위별 변화 변동성 100.0점. 제한된 비교 단위 또는 변동성 때문에 보수적으로 낮게 평가합니다. 2024·2026 두 개 연도의 NCPMS 예찰자료만 사용한 상대 위험 전망으로, 기상·재배면적·방제 변화와 2027년 실제 발생을 확정하지 않습니다.",전망자료 부족
마늘,한지형마늘-바이러스,바이러스,강원특별자치도,,40,,전망자료 부족,낮음,10,2026,"양년 자료 없음, 공통 조사단위 0개, 유효 관측 10건, 결측률 0.0%, 단위별 변화 변동성 100.0점. 제한된 비교 단위 또는 변동성 때문에 보수적으로 낮게 평가합니다. 2024·2026 두 개 연도의 NCPMS 예찰자료만 사용한 상대 위험 전망으로, 기상·재배면적·방제 변화와 2027년 실제 발생을 확정하지 않습니다.",전망자료 부족
마늘,한지형마늘-바이러스,바이러스,경상북도,,0,,전망자료 부족,낮음,10,2026,"양년 자료 없음, 공통 조사단위 0개, 유효 관측 10건, 결측률 0.0%, 단위별 변화 변동성 100.0점. 제한된 비교 단위 또는 변동성 때문에 보수적으로 낮게 평가합니다. 2024·2026 두 개 연도의 NCPMS 예찰자료만 사용한 상대 위험 전망으로, 기상·재배면적·방제 변화와 2027년 실제 발생을 확정하지 않습니다.",전망자료 부족
마늘,한지형마늘-바이러스,바이러스,대구광역시,,0,,전망자료 부족,낮음,10,2026,"양년 자료 없음, 공통 조사단위 0개, 유효 관측 10건, 결측률 0.0%, 단위별 변화 변동성 100.0점. 제한된 비교 단위 또는 변동성 때문에 보수적으로 낮게 평가합니다. 2024·2026 두 개 연도의 NCPMS 예찰자료만 사용한 상대 위험 전망으로, 기상·재배면적·방제 변화와 2027년 실제 발생을 확정하지 않습니다.",전망자료 부족
마늘,한지형마늘-바이러스,바이러스,충청남도,,0,,전망자료 부족,낮음,10,2026,"양년 자료 없음, 공통 조사단위 0개, 유효 관측 10건, 결측률 0.0%, 단위별 변화 변동성 100.0점. 제한된 비교 단위 또는 변동성 때문에 보수적으로 낮게 평가합니다. 2024·2026 두 개 연도의 NCPMS 예찰자료만 사용한 상대 위험 전망으로, 기상·재배면적·방제 변화와 2027년 실제 발생을 확정하지 않습니다.",전망자료 부족
마늘,한지형마늘-바이러스,바이러스,충청북도,,33,,전망자료 부족,낮음,10,2026,"양년 자료 없음, 공통 조사단위 0개, 유효 관측 10건, 결측률 0.0%, 단위별 변화 변동성 100.0점. 제한된 비교 단위 또는 변동성 때문에 보수적으로 낮게 평가합니다. 2024·2026 두 개 연도의 NCPMS 예찰자료만 사용한 상대 위험 전망으로, 기상·재배면적·방제 변화와 2027년 실제 발생을 확정하지 않습니다.",전망자료 부족
마늘,한지형마늘-뿌리응애,해충,강원특별자치도,,80,,전망자료 부족,낮음,10,2026,"양년 자료 없음, 공통 조사단위 0개, 유효 관측 10건, 결측률 0.0%, 단위별 변화 변동성 100.0점. 제한된 비교 단위 또는 변동성 때문에 보수적으로 낮게 평가합니다. 2024·2026 두 개 연도의 NCPMS 예찰자료만 사용한 상대 위험 전망으로, 기상·재배면적·방제 변화와 2027년 실제 발생을 확정하지 않습니다.",전망자료 부족
마늘,한지형마늘-뿌리응애,해충,경상북도,,0,,전망자료 부족,낮음,10,2026,"양년 자료 없음, 공통 조사단위 0개, 유효 관측 10건, 결측률 0.0%, 단위별 변화 변동성 100.0점. 제한된 비교 단위 또는 변동성 때문에 보수적으로 낮게 평가합니다. 2024·2026 두 개 연도의 NCPMS 예찰자료만 사용한 상대 위험 전망으로, 기상·재배면적·방제 변화와 2027년 실제 발생을 확정하지 않습니다.",전망자료 부족
마늘,한지형마늘-뿌리응애,해충,대구광역시,,0,,전망자료 부족,낮음,10,2026,"양년 자료 없음, 공통 조사단위 0개, 유효 관측 10건, 결측률 0.0%, 단위별 변화 변동성 100.0점. 제한된 비교 단위 또는 변동성 때문에 보수적으로 낮게 평가합니다. 2024·2026 두 개 연도의 NCPMS 예찰자료만 사용한 상대 위험 전망으로, 기상·재배면적·방제 변화와 2027년 실제 발생을 확정하지 않습니다.",전망자료 부족
마늘,한지형마늘-뿌리응애,해충,충청남도,,0,,전망자료 부족,낮음,10,2026,"양년 자료 없음, 공통 조사단위 0개, 유효 관측 10건, 결측률 0.0%, 단위별 변화 변동성 100.0점. 제한된 비교 단위 또는 변동성 때문에 보수적으로 낮게 평가합니다. 2024·2026 두 개 연도의 NCPMS 예찰자료만 사용한 상대 위험 전망으로, 기상·재배면적·방제 변화와 2027년 실제 발생을 확정하지 않습니다.",전망자료 부족
마늘,한지형마늘-뿌리응애,해충,충청북도,,0,,전망자료 부족,낮음,10,2026,"양년 자료 없음, 공통 조사단위 0개, 유효 관측 10건, 결측률 0.0%, 단위별 변화 변동성 100.0점. 제한된 비교 단위 또는 변동성 때문에 보수적으로 낮게 평가합니다. 2024·2026 두 개 연도의 NCPMS 예찰자료만 사용한 상대 위험 전망으로, 기상·재배면적·방제 변화와 2027년 실제 발생을 확정하지 않습니다.",전망자료 부족
마늘,한지형마늘-잎마름병,병해,강원특별자치도,,0,,전망자료 부족,낮음,10,2026,"양년 자료 없음, 공통 조사단위 0개, 유효 관측 10건, 결측률 0.0%, 단위별 변화 변동성 100.0점. 제한된 비교 단위 또는 변동성 때문에 보수적으로 낮게 평가합니다. 2024·2026 두 개 연도의 NCPMS 예찰자료만 사용한 상대 위험 전망으로, 기상·재배면적·방제 변화와 2027년 실제 발생을 확정하지 않습니다.",전망자료 부족
마늘,한지형마늘-잎마름병,병해,경상북도,,35,,전망자료 부족,낮음,10,2026,"양년 자료 없음, 공통 조사단위 0개, 유효 관측 10건, 결측률 0.0%, 단위별 변화 변동성 100.0점. 제한된 비교 단위 또는 변동성 때문에 보수적으로 낮게 평가합니다. 2024·2026 두 개 연도의 NCPMS 예찰자료만 사용한 상대 위험 전망으로, 기상·재배면적·방제 변화와 2027년 실제 발생을 확정하지 않습니다.",전망자료 부족
마늘,한지형마늘-잎마름병,병해,대구광역시,,0,,전망자료 부족,낮음,10,2026,"양년 자료 없음, 공통 조사단위 0개, 유효 관측 10건, 결측률 0.0%, 단위별 변화 변동성 100.0점. 제한된 비교 단위 또는 변동성 때문에 보수적으로 낮게 평가합니다. 2024·2026 두 개 연도의 NCPMS 예찰자료만 사용한 상대 위험 전망으로, 기상·재배면적·방제 변화와 2027년 실제 발생을 확정하지 않습니다.",전망자료 부족
마늘,한지형마늘-잎마름병,병해,충청남도,,20,,전망자료 부족,낮음,10,2026,"양년 자료 없음, 공통 조사단위 0개, 유효 관측 10건, 결측률 0.0%, 단위별 변화 변동성 100.0점. 제한된 비교 단위 또는 변동성 때문에 보수적으로 낮게 평가합니다. 2024·2026 두 개 연도의 NCPMS 예찰자료만 사용한 상대 위험 전망으로, 기상·재배면적·방제 변화와 2027년 실제 발생을 확정하지 않습니다.",전망자료 부족
마늘,한지형마늘-잎마름병,병해,충청북도,,8,,전망자료 부족,낮음,10,2026,"양년 자료 없음, 공통 조사단위 0개, 유효 관측 10건, 결측률 0.0%, 단위별 변화 변동성 100.0점. 제한된 비교 단위 또는 변동성 때문에 보수적으로 낮게 평가합니다. 2024·2026 두 개 연도의 NCPMS 예찰자료만 사용한 상대 위험 전망으로, 기상·재배면적·방제 변화와 2027년 실제 발생을 확정하지 않습니다.",전망자료 부족
마늘,한지형마늘-잎집썩음병,병해,강원특별자치도,,0,,전망자료 부족,낮음,10,2026,"양년 자료 없음, 공통 조사단위 0개, 유효 관측 10건, 결측률 0.0%, 단위별 변화 변동성 100.0점. 제한된 비교 단위 또는 변동성 때문에 보수적으로 낮게 평가합니다. 2024·2026 두 개 연도의 NCPMS 예찰자료만 사용한 상대 위험 전망으로, 기상·재배면적·방제 변화와 2027년 실제 발생을 확정하지 않습니다.",전망자료 부족
마늘,한지형마늘-잎집썩음병,병해,경상북도,,0,,전망자료 부족,낮음,10,2026,"양년 자료 없음, 공통 조사단위 0개, 유효 관측 10건, 결측률 0.0%, 단위별 변화 변동성 100.0점. 제한된 비교 단위 또는 변동성 때문에 보수적으로 낮게 평가합니다. 2024·2026 두 개 연도의 NCPMS 예찰자료만 사용한 상대 위험 전망으로, 기상·재배면적·방제 변화와 2027년 실제 발생을 확정하지 않습니다.",전망자료 부족
마늘,한지형마늘-잎집썩음병,병해,대구광역시,,0,,전망자료 부족,낮음,10,2026,"양년 자료 없음, 공통 조사단위 0개, 유효 관측 10건, 결측률 0.0%, 단위별 변화 변동성 100.0점. 제한된 비교 단위 또는 변동성 때문에 보수적으로 낮게 평가합니다. 2024·2026 두 개 연도의 NCPMS 예찰자료만 사용한 상대 위험 전망으로, 기상·재배면적·방제 변화와 2027년 실제 발생을 확정하지 않습니다.",전망자료 부족
마늘,한지형마늘-잎집썩음병,병해,충청남도,,0,,전망자료 부족,낮음,10,2026,"양년 자료 없음, 공통 조사단위 0개, 유효 관측 10건, 결측률 0.0%, 단위별 변화 변동성 100.0점. 제한된 비교 단위 또는 변동성 때문에 보수적으로 낮게 평가합니다. 2024·2026 두 개 연도의 NCPMS 예찰자료만 사용한 상대 위험 전망으로, 기상·재배면적·방제 변화와 2027년 실제 발생을 확정하지 않습니다.",전망자료 부족
마늘,한지형마늘-잎집썩음병,병해,충청북도,,0,,전망자료 부족,낮음,10,2026,"양년 자료 없음, 공통 조사단위 0개, 유효 관측 10건, 결측률 0.0%, 단위별 변화 변동성 100.0점. 제한된 비교 단위 또는 변동성 때문에 보수적으로 낮게 평가합니다. 2024·2026 두 개 연도의 NCPMS 예찰자료만 사용한 상대 위험 전망으로, 기상·재배면적·방제 변화와 2027년 실제 발생을 확정하지 않습니다.",전망자료 부족
마늘,한지형마늘-흑색썩음균핵병,병해,강원특별자치도,0,0,0,유지,높음,16,2024·2026,"기준선 비교: 2026 유지 0.0점, 2024·2026 가중평균 0.0점, 선택 모델(완화 추세+표본 축소) 0.0점. 지역 변화 +0.0점을 표본가중치 0.57로 같은 병해충·작물의 지역 중앙 변화 +0.0점 방향에 축소하고, 1년 연장 변화는 ±20점으로 제한했습니다. 양년 자료 있음, 공통 조사단위 5개, 유효 관측 16건, 결측률 0.0%, 단위별 변화 변동성 0.0점. 양년 반복관측·낮은 결측·낮은 변동성 기준을 충족합니다. 2024·2026 두 개 연도의 NCPMS 예찰자료만 사용한 상대 위험 전망으로, 기상·재배면적·방제 변화와 2027년 실제 발생을 확정하지 않습니다.",관찰
마늘,한지형마늘-흑색썩음균핵병,병해,경상남도,0,,,전망자료 부족,낮음,6,2024,"양년 자료 없음, 공통 조사단위 0개, 유효 관측 6건, 결측률 0.0%, 단위별 변화 변동성 100.0점. 제한된 비교 단위 또는 변동성 때문에 보수적으로 낮게 평가합니다. 2024·2026 두 개 연도의 NCPMS 예찰자료만 사용한 상대 위험 전망으로, 기상·재배면적·방제 변화와 2027년 실제 발생을 확정하지 않습니다.",전망자료 부족
마늘,한지형마늘-흑색썩음균핵병,병해,경상북도,0,0,0,유지,높음,22,2024·2026,"기준선 비교: 2026 유지 0.0점, 2024·2026 가중평균 0.0점, 선택 모델(완화 추세+표본 축소) 0.0점. 지역 변화 +0.0점을 표본가중치 0.65로 같은 병해충·작물의 지역 중앙 변화 +0.0점 방향에 축소하고, 1년 연장 변화는 ±20점으로 제한했습니다. 양년 자료 있음, 공통 조사단위 5개, 유효 관측 22건, 결측률 0.0%, 단위별 변화 변동성 0.0점. 양년 반복관측·낮은 결측·낮은 변동성 기준을 충족합니다. 2024·2026 두 개 연도의 NCPMS 예찰자료만 사용한 상대 위험 전망으로, 기상·재배면적·방제 변화와 2027년 실제 발생을 확정하지 않습니다.",관찰
마늘,한지형마늘-흑색썩음균핵병,병해,대구광역시,0,0,0,유지,높음,22,2024·2026,"기준선 비교: 2026 유지 0.0점, 2024·2026 가중평균 0.0점, 선택 모델(완화 추세+표본 축소) 0.0점. 지역 변화 +0.0점을 표본가중치 0.65로 같은 병해충·작물의 지역 중앙 변화 +0.0점 방향에 축소하고, 1년 연장 변화는 ±20점으로 제한했습니다. 양년 자료 있음, 공통 조사단위 5개, 유효 관측 22건, 결측률 0.0%, 단위별 변화 변동성 0.0점. 양년 반복관측·낮은 결측·낮은 변동성 기준을 충족합니다. 2024·2026 두 개 연도의 NCPMS 예찰자료만 사용한 상대 위험 전망으로, 기상·재배면적·방제 변화와 2027년 실제 발생을 확정하지 않습니다.",관찰
마늘,한지형마늘-흑색썩음균핵병,병해,전남광주통합특별시,0,,,전망자료 부족,낮음,6,2024,"양년 자료 없음, 공통 조사단위 0개, 유효 관측 6건, 결측률 0.0%, 단위별 변화 변동성 100.0점. 제한된 비교 단위 또는 변동성 때문에 보수적으로 낮게 평가합니다. 2024·2026 두 개 연도의 NCPMS 예찰자료만 사용한 상대 위험 전망으로, 기상·재배면적·방제 변화와 2027년 실제 발생을 확정하지 않습니다.",전망자료 부족
마늘,한지형마늘-흑색썩음균핵병,병해,전북특별자치도,0,,,전망자료 부족,낮음,6,2024,"양년 자료 없음, 공통 조사단위 0개, 유효 관측 6건, 결측률 0.0%, 단위별 변화 변동성 100.0점. 제한된 비교 단위 또는 변동성 때문에 보수적으로 낮게 평가합니다. 2024·2026 두 개 연도의 NCPMS 예찰자료만 사용한 상대 위험 전망으로, 기상·재배면적·방제 변화와 2027년 실제 발생을 확정하지 않습니다.",전망자료 부족
마늘,한지형마늘-흑색썩음균핵병,병해,충청남도,33,0,0,유지,보통,22,2024·2026,"기준선 비교: 2026 유지 0.0점, 2024·2026 가중평균 11.7점, 선택 모델(완화 추세+표본 축소) 0.0점. 지역 변화 -33.3점을 표본가중치 0.65로 같은 병해충·작물의 지역 중앙 변화 +0.0점 방향에 축소하고, 1년 연장 변화는 ±20점으로 제한했습니다. 양년 자료 있음, 공통 조사단위 5개, 유효 관측 22건, 결측률 0.0%, 단위별 변화 변동성 24.5점. 비교는 가능하지만 표본 또는 변동성에 불확실성이 남습니다. 2024·2026 두 개 연도의 NCPMS 예찰자료만 사용한 상대 위험 전망으로, 기상·재배면적·방제 변화와 2027년 실제 발생을 확정하지 않습니다.",관찰
마늘,한지형마늘-흑색썩음균핵병,병해,충청북도,0,0,0,유지,높음,16,2024·2026,"기준선 비교: 2026 유지 0.0점, 2024·2026 가중평균 0.0점, 선택 모델(완화 추세+표본 축소) 0.0점. 지역 변화 +0.0점을 표본가중치 0.57로 같은 병해충·작물의 지역 중앙 변화 +0.0점 방향에 축소하고, 1년 연장 변화는 ±20점으로 제한했습니다. 양년 자료 있음, 공통 조사단위 5개, 유효 관측 16건, 결측률 0.0%, 단위별 변화 변동성 0.0점. 양년 반복관측·낮은 결측·낮은 변동성 기준을 충족합니다. 2024·2026 두 개 연도의 NCPMS 예찰자료만 사용한 상대 위험 전망으로, 기상·재배면적·방제 변화와 2027년 실제 발생을 확정하지 않습니다.",관찰
논벼,혹명나방,해충,강원특별자치도,0,1,1,유지,보통,32,2024·2026,"기준선 비교: 2026 유지 1.0점, 2024·2026 가중평균 0.6점, 선택 모델(완화 추세+표본 축소) 1.2점. 지역 변화 +1.0점을 표본가중치 0.73로 같은 병해충·작물의 지역 중앙 변화 +0.1점 방향에 축소하고, 1년 연장 변화는 ±20점으로 제한했습니다. 양년 자료 있음, 공통 조사단위 2개, 유효 관측 32건, 결측률 0.0%, 단위별 변화 변동성 0.0점. 비교는 가능하지만 표본 또는 변동성에 불확실성이 남습니다. 2024·2026 두 개 연도의 NCPMS 예찰자료만 사용한 상대 위험 전망으로, 기상·재배면적·방제 변화와 2027년 실제 발생을 확정하지 않습니다.",관찰
논벼,혹명나방,해충,경기도,0,0,0,유지,보통,36,2024·2026,"기준선 비교: 2026 유지 0.0점, 2024·2026 가중평균 0.0점, 선택 모델(완화 추세+표본 축소) 0.0점. 지역 변화 +0.0점을 표본가중치 0.75로 같은 병해충·작물의 지역 중앙 변화 +0.1점 방향에 축소하고, 1년 연장 변화는 ±20점으로 제한했습니다. 양년 자료 있음, 공통 조사단위 2개, 유효 관측 36건, 결측률 0.0%, 단위별 변화 변동성 0.0점. 비교는 가능하지만 표본 또는 변동성에 불확실성이 남습니다. 2024·2026 두 개 연도의 NCPMS 예찰자료만 사용한 상대 위험 전망으로, 기상·재배면적·방제 변화와 2027년 실제 발생을 확정하지 않습니다.",관찰
논벼,혹명나방,해충,경상남도,0,33,42,증가,보통,32,2024·2026,"기준선 비교: 2026 유지 33.3점, 2024·2026 가중평균 21.7점, 선택 모델(완화 추세+표본 축소) 41.8점. 지역 변화 +33.3점을 표본가중치 0.73로 같은 병해충·작물의 지역 중앙 변화 +0.1점 방향에 축소하고, 1년 연장 변화는 ±20점으로 제한했습니다. 양년 자료 있음, 공통 조사단위 2개, 유효 관측 32건, 결측률 0.0%, 단위별 변화 변동성 0.0점. 비교는 가능하지만 표본 또는 변동성에 불확실성이 남습니다. 2024·2026 두 개 연도의 NCPMS 예찰자료만 사용한 상대 위험 전망으로, 기상·재배면적·방제 변화와 2027년 실제 발생을 확정하지 않습니다.",주의
논벼,혹명나방,해충,경상북도,0,0,0,유지,보통,32,2024·2026,"기준선 비교: 2026 유지 0.3점, 2024·2026 가중평균 0.2점, 선택 모델(완화 추세+표본 축소) 0.3점. 지역 변화 +0.3점을 표본가중치 0.73로 같은 병해충·작물의 지역 중앙 변화 +0.1점 방향에 축소하고, 1년 연장 변화는 ±20점으로 제한했습니다. 양년 자료 있음, 공통 조사단위 2개, 유효 관측 32건, 결측률 0.0%, 단위별 변화 변동성 0.0점. 비교는 가능하지만 표본 또는 변동성에 불확실성이 남습니다. 2024·2026 두 개 연도의 NCPMS 예찰자료만 사용한 상대 위험 전망으로, 기상·재배면적·방제 변화와 2027년 실제 발생을 확정하지 않습니다.",관찰
논벼,혹명나방,해충,대구광역시,0,0,0,유지,보통,32,2024·2026,"기준선 비교: 2026 유지 0.0점, 2024·2026 가중평균 0.0점, 선택 모델(완화 추세+표본 축소) 0.0점. 지역 변화 +0.0점을 표본가중치 0.73로 같은 병해충·작물의 지역 중앙 변화 +0.1점 방향에 축소하고, 1년 연장 변화는 ±20점으로 제한했습니다. 양년 자료 있음, 공통 조사단위 2개, 유효 관측 32건, 결측률 0.0%, 단위별 변화 변동성 0.0점. 비교는 가능하지만 표본 또는 변동성에 불확실성이 남습니다. 2024·2026 두 개 연도의 NCPMS 예찰자료만 사용한 상대 위험 전망으로, 기상·재배면적·방제 변화와 2027년 실제 발생을 확정하지 않습니다.",관찰
논벼,혹명나방,해충,대전광역시,0,0,0,유지,보통,32,2024·2026,"기준선 비교: 2026 유지 0.0점, 2024·2026 가중평균 0.0점, 선택 모델(완화 추세+표본 축소) 0.0점. 지역 변화 +0.0점을 표본가중치 0.73로 같은 병해충·작물의 지역 중앙 변화 +0.1점 방향에 축소하고, 1년 연장 변화는 ±20점으로 제한했습니다. 양년 자료 있음, 공통 조사단위 2개, 유효 관측 32건, 결측률 0.0%, 단위별 변화 변동성 0.0점. 비교는 가능하지만 표본 또는 변동성에 불확실성이 남습니다. 2024·2026 두 개 연도의 NCPMS 예찰자료만 사용한 상대 위험 전망으로, 기상·재배면적·방제 변화와 2027년 실제 발생을 확정하지 않습니다.",관찰
논벼,혹명나방,해충,부산광역시,0,0,0,유지,보통,32,2024·2026,"기준선 비교: 2026 유지 0.0점, 2024·2026 가중평균 0.0점, 선택 모델(완화 추세+표본 축소) 0.0점. 지역 변화 +0.0점을 표본가중치 0.73로 같은 병해충·작물의 지역 중앙 변화 +0.1점 방향에 축소하고, 1년 연장 변화는 ±20점으로 제한했습니다. 양년 자료 있음, 공통 조사단위 2개, 유효 관측 32건, 결측률 0.0%, 단위별 변화 변동성 0.0점. 비교는 가능하지만 표본 또는 변동성에 불확실성이 남습니다. 2024·2026 두 개 연도의 NCPMS 예찰자료만 사용한 상대 위험 전망으로, 기상·재배면적·방제 변화와 2027년 실제 발생을 확정하지 않습니다.",관찰
논벼,혹명나방,해충,세종특별자치시,0,0,0,유지,보통,28,2024·2026,"기준선 비교: 2026 유지 0.0점, 2024·2026 가중평균 0.0점, 선택 모델(완화 추세+표본 축소) 0.0점. 지역 변화 +0.0점을 표본가중치 0.70로 같은 병해충·작물의 지역 중앙 변화 +0.1점 방향에 축소하고, 1년 연장 변화는 ±20점으로 제한했습니다. 양년 자료 있음, 공통 조사단위 2개, 유효 관측 28건, 결측률 0.0%, 단위별 변화 변동성 0.0점. 비교는 가능하지만 표본 또는 변동성에 불확실성이 남습니다. 2024·2026 두 개 연도의 NCPMS 예찰자료만 사용한 상대 위험 전망으로, 기상·재배면적·방제 변화와 2027년 실제 발생을 확정하지 않습니다.",관찰
논벼,혹명나방,해충,울산광역시,0,17,21,유지,보통,32,2024·2026,"기준선 비교: 2026 유지 16.7점, 2024·2026 가중평균 10.8점, 선택 모델(완화 추세+표본 축소) 20.9점. 지역 변화 +16.7점을 표본가중치 0.73로 같은 병해충·작물의 지역 중앙 변화 +0.1점 방향에 축소하고, 1년 연장 변화는 ±20점으로 제한했습니다. 양년 자료 있음, 공통 조사단위 2개, 유효 관측 32건, 결측률 0.0%, 단위별 변화 변동성 0.0점. 비교는 가능하지만 표본 또는 변동성에 불확실성이 남습니다. 2024·2026 두 개 연도의 NCPMS 예찰자료만 사용한 상대 위험 전망으로, 기상·재배면적·방제 변화와 2027년 실제 발생을 확정하지 않습니다.",관찰
논벼,혹명나방,해충,인천광역시,0,0,0,유지,보통,32,2024·2026,"기준선 비교: 2026 유지 0.0점, 2024·2026 가중평균 0.0점, 선택 모델(완화 추세+표본 축소) 0.0점. 지역 변화 +0.0점을 표본가중치 0.73로 같은 병해충·작물의 지역 중앙 변화 +0.1점 방향에 축소하고, 1년 연장 변화는 ±20점으로 제한했습니다. 양년 자료 있음, 공통 조사단위 2개, 유효 관측 32건, 결측률 0.0%, 단위별 변화 변동성 0.0점. 비교는 가능하지만 표본 또는 변동성에 불확실성이 남습니다. 2024·2026 두 개 연도의 NCPMS 예찰자료만 사용한 상대 위험 전망으로, 기상·재배면적·방제 변화와 2027년 실제 발생을 확정하지 않습니다.",관찰
논벼,혹명나방,해충,전남광주통합특별시,0,33,42,증가,보통,32,2024·2026,"기준선 비교: 2026 유지 33.5점, 2024·2026 가중평균 21.7점, 선택 모델(완화 추세+표본 축소) 42.0점. 지역 변화 +33.5점을 표본가중치 0.73로 같은 병해충·작물의 지역 중앙 변화 +0.1점 방향에 축소하고, 1년 연장 변화는 ±20점으로 제한했습니다. 양년 자료 있음, 공통 조사단위 2개, 유효 관측 32건, 결측률 0.0%, 단위별 변화 변동성 0.0점. 비교는 가능하지만 표본 또는 변동성에 불확실성이 남습니다. 2024·2026 두 개 연도의 NCPMS 예찰자료만 사용한 상대 위험 전망으로, 기상·재배면적·방제 변화와 2027년 실제 발생을 확정하지 않습니다.",주의
논벼,혹명나방,해충,전북특별자치도,0,16,20,유지,보통,32,2024·2026,"기준선 비교: 2026 유지 16.0점, 2024·2026 가중평균 10.4점, 선택 모델(완화 추세+표본 축소) 20.1점. 지역 변화 +16.0점을 표본가중치 0.73로 같은 병해충·작물의 지역 중앙 변화 +0.1점 방향에 축소하고, 1년 연장 변화는 ±20점으로 제한했습니다. 양년 자료 있음, 공통 조사단위 2개, 유효 관측 32건, 결측률 0.0%, 단위별 변화 변동성 0.0점. 비교는 가능하지만 표본 또는 변동성에 불확실성이 남습니다. 2024·2026 두 개 연도의 NCPMS 예찰자료만 사용한 상대 위험 전망으로, 기상·재배면적·방제 변화와 2027년 실제 발생을 확정하지 않습니다.",관찰
논벼,혹명나방,해충,충청남도,0,4,5,유지,보통,32,2024·2026,"기준선 비교: 2026 유지 4.0점, 2024·2026 가중평균 2.6점, 선택 모델(완화 추세+표본 축소) 5.1점. 지역 변화 +4.0점을 표본가중치 0.73로 같은 병해충·작물의 지역 중앙 변화 +0.1점 방향에 축소하고, 1년 연장 변화는 ±20점으로 제한했습니다. 양년 자료 있음, 공통 조사단위 2개, 유효 관측 32건, 결측률 0.0%, 단위별 변화 변동성 0.0점. 비교는 가능하지만 표본 또는 변동성에 불확실성이 남습니다. 2024·2026 두 개 연도의 NCPMS 예찰자료만 사용한 상대 위험 전망으로, 기상·재배면적·방제 변화와 2027년 실제 발생을 확정하지 않습니다.",관찰
논벼,혹명나방,해충,충청북도,0,0,0,유지,보통,36,2024·2026,"기준선 비교: 2026 유지 0.0점, 2024·2026 가중평균 0.0점, 선택 모델(완화 추세+표본 축소) 0.0점. 지역 변화 +0.0점을 표본가중치 0.75로 같은 병해충·작물의 지역 중앙 변화 +0.1점 방향에 축소하고, 1년 연장 변화는 ±20점으로 제한했습니다. 양년 자료 있음, 공통 조사단위 2개, 유효 관측 36건, 결측률 0.0%, 단위별 변화 변동성 0.0점. 비교는 가능하지만 표본 또는 변동성에 불확실성이 남습니다. 2024·2026 두 개 연도의 NCPMS 예찰자료만 사용한 상대 위험 전망으로, 기상·재배면적·방제 변화와 2027년 실제 발생을 확정하지 않습니다.",관찰
양파,흑색썩음균핵병,병해,경상남도,0,0,0,유지,보통,11,2024·2026,"기준선 비교: 2026 유지 0.0점, 2024·2026 가중평균 0.0점, 선택 모델(완화 추세+표본 축소) 0.0점. 지역 변화 +0.0점을 표본가중치 0.48로 같은 병해충·작물의 지역 중앙 변화 +0.0점 방향에 축소하고, 1년 연장 변화는 ±20점으로 제한했습니다. 양년 자료 있음, 공통 조사단위 5개, 유효 관측 11건, 결측률 0.0%, 단위별 변화 변동성 0.0점. 비교는 가능하지만 표본 또는 변동성에 불확실성이 남습니다. 2024·2026 두 개 연도의 NCPMS 예찰자료만 사용한 상대 위험 전망으로, 기상·재배면적·방제 변화와 2027년 실제 발생을 확정하지 않습니다.",관찰
양파,흑색썩음균핵병,병해,경상북도,0,20,23,유지,보통,11,2024·2026,"기준선 비교: 2026 유지 20.0점, 2024·2026 가중평균 13.0점, 선택 모델(완화 추세+표본 축소) 23.3점. 지역 변화 +20.0점을 표본가중치 0.48로 같은 병해충·작물의 지역 중앙 변화 +0.0점 방향에 축소하고, 1년 연장 변화는 ±20점으로 제한했습니다. 양년 자료 있음, 공통 조사단위 5개, 유효 관측 11건, 결측률 0.0%, 단위별 변화 변동성 40.0점. 비교는 가능하지만 표본 또는 변동성에 불확실성이 남습니다. 2024·2026 두 개 연도의 NCPMS 예찰자료만 사용한 상대 위험 전망으로, 기상·재배면적·방제 변화와 2027년 실제 발생을 확정하지 않습니다.",관찰
양파,흑색썩음균핵병,병해,대구광역시,0,0,0,유지,보통,11,2024·2026,"기준선 비교: 2026 유지 0.0점, 2024·2026 가중평균 0.0점, 선택 모델(완화 추세+표본 축소) 0.0점. 지역 변화 +0.0점을 표본가중치 0.48로 같은 병해충·작물의 지역 중앙 변화 +0.0점 방향에 축소하고, 1년 연장 변화는 ±20점으로 제한했습니다. 양년 자료 있음, 공통 조사단위 5개, 유효 관측 11건, 결측률 0.0%, 단위별 변화 변동성 0.0점. 비교는 가능하지만 표본 또는 변동성에 불확실성이 남습니다. 2024·2026 두 개 연도의 NCPMS 예찰자료만 사용한 상대 위험 전망으로, 기상·재배면적·방제 변화와 2027년 실제 발생을 확정하지 않습니다.",관찰
양파,흑색썩음균핵병,병해,전남광주통합특별시,16,0,0,유지,보통,11,2024·2026,"기준선 비교: 2026 유지 0.0점, 2024·2026 가중평균 5.8점, 선택 모델(완화 추세+표본 축소) 0.0점. 지역 변화 -16.4점을 표본가중치 0.48로 같은 병해충·작물의 지역 중앙 변화 +0.0점 방향에 축소하고, 1년 연장 변화는 ±20점으로 제한했습니다. 양년 자료 있음, 공통 조사단위 5개, 유효 관측 11건, 결측률 0.0%, 단위별 변화 변동성 11.8점. 비교는 가능하지만 표본 또는 변동성에 불확실성이 남습니다. 2024·2026 두 개 연도의 NCPMS 예찰자료만 사용한 상대 위험 전망으로, 기상·재배면적·방제 변화와 2027년 실제 발생을 확정하지 않습니다.",관찰
양파,흑색썩음균핵병,병해,전북특별자치도,33,0,0,유지,보통,11,2024·2026,"기준선 비교: 2026 유지 0.0점, 2024·2026 가중평균 11.7점, 선택 모델(완화 추세+표본 축소) 0.0점. 지역 변화 -33.3점을 표본가중치 0.48로 같은 병해충·작물의 지역 중앙 변화 +0.0점 방향에 축소하고, 1년 연장 변화는 ±20점으로 제한했습니다. 양년 자료 있음, 공통 조사단위 5개, 유효 관측 11건, 결측률 0.0%, 단위별 변화 변동성 40.0점. 비교는 가능하지만 표본 또는 변동성에 불확실성이 남습니다. 2024·2026 두 개 연도의 NCPMS 예찰자료만 사용한 상대 위험 전망으로, 기상·재배면적·방제 변화와 2027년 실제 발생을 확정하지 않습니다.",관찰
감,흰가루병,병해,경상남도,,1,,전망자료 부족,낮음,7,2026,"양년 자료 없음, 공통 조사단위 0개, 유효 관측 7건, 결측률 0.0%, 단위별 변화 변동성 100.0점. 제한된 비교 단위 또는 변동성 때문에 보수적으로 낮게 평가합니다. 2024·2026 두 개 연도의 NCPMS 예찰자료만 사용한 상대 위험 전망으로, 기상·재배면적·방제 변화와 2027년 실제 발생을 확정하지 않습니다.",전망자료 부족
감,흰가루병,병해,경상북도,,47,,전망자료 부족,낮음,7,2026,"양년 자료 없음, 공통 조사단위 0개, 유효 관측 7건, 결측률 0.0%, 단위별 변화 변동성 100.0점. 제한된 비교 단위 또는 변동성 때문에 보수적으로 낮게 평가합니다. 2024·2026 두 개 연도의 NCPMS 예찰자료만 사용한 상대 위험 전망으로, 기상·재배면적·방제 변화와 2027년 실제 발생을 확정하지 않습니다.",전망자료 부족
감,흰가루병,병해,울산광역시,,0,,전망자료 부족,낮음,6,2026,"양년 자료 없음, 공통 조사단위 0개, 유효 관측 6건, 결측률 0.0%, 단위별 변화 변동성 100.0점. 제한된 비교 단위 또는 변동성 때문에 보수적으로 낮게 평가합니다. 2024·2026 두 개 연도의 NCPMS 예찰자료만 사용한 상대 위험 전망으로, 기상·재배면적·방제 변화와 2027년 실제 발생을 확정하지 않습니다.",전망자료 부족
감,흰가루병,병해,전남광주통합특별시,,45,,전망자료 부족,낮음,7,2026,"양년 자료 없음, 공통 조사단위 0개, 유효 관측 7건, 결측률 0.0%, 단위별 변화 변동성 100.0점. 제한된 비교 단위 또는 변동성 때문에 보수적으로 낮게 평가합니다. 2024·2026 두 개 연도의 NCPMS 예찰자료만 사용한 상대 위험 전망으로, 기상·재배면적·방제 변화와 2027년 실제 발생을 확정하지 않습니다.",전망자료 부족
보리,흰가루병,병해,경상남도,,0,,전망자료 부족,낮음,6,2026,"양년 자료 없음, 공통 조사단위 0개, 유효 관측 6건, 결측률 0.0%, 단위별 변화 변동성 100.0점. 제한된 비교 단위 또는 변동성 때문에 보수적으로 낮게 평가합니다. 2024·2026 두 개 연도의 NCPMS 예찰자료만 사용한 상대 위험 전망으로, 기상·재배면적·방제 변화와 2027년 실제 발생을 확정하지 않습니다.",전망자료 부족
보리,흰가루병,병해,경상북도,,0,,전망자료 부족,낮음,6,2026,"양년 자료 없음, 공통 조사단위 0개, 유효 관측 6건, 결측률 0.0%, 단위별 변화 변동성 100.0점. 제한된 비교 단위 또는 변동성 때문에 보수적으로 낮게 평가합니다. 2024·2026 두 개 연도의 NCPMS 예찰자료만 사용한 상대 위험 전망으로, 기상·재배면적·방제 변화와 2027년 실제 발생을 확정하지 않습니다.",전망자료 부족
보리,흰가루병,병해,전남광주통합특별시,,0,,전망자료 부족,낮음,6,2026,"양년 자료 없음, 공통 조사단위 0개, 유효 관측 6건, 결측률 0.0%, 단위별 변화 변동성 100.0점. 제한된 비교 단위 또는 변동성 때문에 보수적으로 낮게 평가합니다. 2024·2026 두 개 연도의 NCPMS 예찰자료만 사용한 상대 위험 전망으로, 기상·재배면적·방제 변화와 2027년 실제 발생을 확정하지 않습니다.",전망자료 부족
보리,흰가루병,병해,전북특별자치도,,0,,전망자료 부족,낮음,6,2026,"양년 자료 없음, 공통 조사단위 0개, 유효 관측 6건, 결측률 0.0%, 단위별 변화 변동성 100.0점. 제한된 비교 단위 또는 변동성 때문에 보수적으로 낮게 평가합니다. 2024·2026 두 개 연도의 NCPMS 예찰자료만 사용한 상대 위험 전망으로, 기상·재배면적·방제 변화와 2027년 실제 발생을 확정하지 않습니다.",전망자료 부족
보리,흰가루병,병해,충청남도,,0,,전망자료 부족,낮음,6,2026,"양년 자료 없음, 공통 조사단위 0개, 유효 관측 6건, 결측률 0.0%, 단위별 변화 변동성 100.0점. 제한된 비교 단위 또는 변동성 때문에 보수적으로 낮게 평가합니다. 2024·2026 두 개 연도의 NCPMS 예찰자료만 사용한 상대 위험 전망으로, 기상·재배면적·방제 변화와 2027년 실제 발생을 확정하지 않습니다.",전망자료 부족
보리,흰가루병,병해,충청북도,,0,,전망자료 부족,낮음,6,2026,"양년 자료 없음, 공통 조사단위 0개, 유효 관측 6건, 결측률 0.0%, 단위별 변화 변동성 100.0점. 제한된 비교 단위 또는 변동성 때문에 보수적으로 낮게 평가합니다. 2024·2026 두 개 연도의 NCPMS 예찰자료만 사용한 상대 위험 전망으로, 기상·재배면적·방제 변화와 2027년 실제 발생을 확정하지 않습니다.",전망자료 부족
논벼,흰등멸구,해충,강원특별자치도,0,0,0,유지,보통,32,2024·2026,"기준선 비교: 2026 유지 0.0점, 2024·2026 가중평균 0.0점, 선택 모델(완화 추세+표본 축소) 0.0점. 지역 변화 +0.0점을 표본가중치 0.73로 같은 병해충·작물의 지역 중앙 변화 +0.0점 방향에 축소하고, 1년 연장 변화는 ±20점으로 제한했습니다. 양년 자료 있음, 공통 조사단위 2개, 유효 관측 32건, 결측률 0.0%, 단위별 변화 변동성 0.0점. 비교는 가능하지만 표본 또는 변동성에 불확실성이 남습니다. 2024·2026 두 개 연도의 NCPMS 예찰자료만 사용한 상대 위험 전망으로, 기상·재배면적·방제 변화와 2027년 실제 발생을 확정하지 않습니다.",관찰
논벼,흰등멸구,해충,경기도,0,0,0,유지,보통,36,2024·2026,"기준선 비교: 2026 유지 0.2점, 2024·2026 가중평균 0.1점, 선택 모델(완화 추세+표본 축소) 0.2점. 지역 변화 +0.2점을 표본가중치 0.75로 같은 병해충·작물의 지역 중앙 변화 +0.0점 방향에 축소하고, 1년 연장 변화는 ±20점으로 제한했습니다. 양년 자료 있음, 공통 조사단위 2개, 유효 관측 36건, 결측률 0.0%, 단위별 변화 변동성 0.0점. 비교는 가능하지만 표본 또는 변동성에 불확실성이 남습니다. 2024·2026 두 개 연도의 NCPMS 예찰자료만 사용한 상대 위험 전망으로, 기상·재배면적·방제 변화와 2027년 실제 발생을 확정하지 않습니다.",관찰
논벼,흰등멸구,해충,경상남도,0,17,21,유지,보통,32,2024·2026,"기준선 비교: 2026 유지 16.5점, 2024·2026 가중평균 10.8점, 선택 모델(완화 추세+표본 축소) 20.8점. 지역 변화 +16.5점을 표본가중치 0.73로 같은 병해충·작물의 지역 중앙 변화 +0.0점 방향에 축소하고, 1년 연장 변화는 ±20점으로 제한했습니다. 양년 자료 있음, 공통 조사단위 2개, 유효 관측 32건, 결측률 0.0%, 단위별 변화 변동성 0.0점. 비교는 가능하지만 표본 또는 변동성에 불확실성이 남습니다. 2024·2026 두 개 연도의 NCPMS 예찰자료만 사용한 상대 위험 전망으로, 기상·재배면적·방제 변화와 2027년 실제 발생을 확정하지 않습니다.",관찰
논벼,흰등멸구,해충,경상북도,0,0,0,유지,보통,32,2024·2026,"기준선 비교: 2026 유지 0.0점, 2024·2026 가중평균 0.0점, 선택 모델(완화 추세+표본 축소) 0.0점. 지역 변화 +0.0점을 표본가중치 0.73로 같은 병해충·작물의 지역 중앙 변화 +0.0점 방향에 축소하고, 1년 연장 변화는 ±20점으로 제한했습니다. 양년 자료 있음, 공통 조사단위 2개, 유효 관측 32건, 결측률 0.0%, 단위별 변화 변동성 0.0점. 비교는 가능하지만 표본 또는 변동성에 불확실성이 남습니다. 2024·2026 두 개 연도의 NCPMS 예찰자료만 사용한 상대 위험 전망으로, 기상·재배면적·방제 변화와 2027년 실제 발생을 확정하지 않습니다.",관찰
논벼,흰등멸구,해충,대구광역시,0,0,0,유지,보통,32,2024·2026,"기준선 비교: 2026 유지 0.0점, 2024·2026 가중평균 0.0점, 선택 모델(완화 추세+표본 축소) 0.0점. 지역 변화 +0.0점을 표본가중치 0.73로 같은 병해충·작물의 지역 중앙 변화 +0.0점 방향에 축소하고, 1년 연장 변화는 ±20점으로 제한했습니다. 양년 자료 있음, 공통 조사단위 2개, 유효 관측 32건, 결측률 0.0%, 단위별 변화 변동성 0.0점. 비교는 가능하지만 표본 또는 변동성에 불확실성이 남습니다. 2024·2026 두 개 연도의 NCPMS 예찰자료만 사용한 상대 위험 전망으로, 기상·재배면적·방제 변화와 2027년 실제 발생을 확정하지 않습니다.",관찰
논벼,흰등멸구,해충,대전광역시,0,0,0,유지,보통,32,2024·2026,"기준선 비교: 2026 유지 0.0점, 2024·2026 가중평균 0.0점, 선택 모델(완화 추세+표본 축소) 0.0점. 지역 변화 +0.0점을 표본가중치 0.73로 같은 병해충·작물의 지역 중앙 변화 +0.0점 방향에 축소하고, 1년 연장 변화는 ±20점으로 제한했습니다. 양년 자료 있음, 공통 조사단위 2개, 유효 관측 32건, 결측률 0.0%, 단위별 변화 변동성 0.0점. 비교는 가능하지만 표본 또는 변동성에 불확실성이 남습니다. 2024·2026 두 개 연도의 NCPMS 예찰자료만 사용한 상대 위험 전망으로, 기상·재배면적·방제 변화와 2027년 실제 발생을 확정하지 않습니다.",관찰
논벼,흰등멸구,해충,부산광역시,0,13,16,유지,보통,32,2024·2026,"기준선 비교: 2026 유지 12.5점, 2024·2026 가중평균 8.1점, 선택 모델(완화 추세+표본 축소) 15.7점. 지역 변화 +12.5점을 표본가중치 0.73로 같은 병해충·작물의 지역 중앙 변화 +0.0점 방향에 축소하고, 1년 연장 변화는 ±20점으로 제한했습니다. 양년 자료 있음, 공통 조사단위 2개, 유효 관측 32건, 결측률 0.0%, 단위별 변화 변동성 0.0점. 비교는 가능하지만 표본 또는 변동성에 불확실성이 남습니다. 2024·2026 두 개 연도의 NCPMS 예찰자료만 사용한 상대 위험 전망으로, 기상·재배면적·방제 변화와 2027년 실제 발생을 확정하지 않습니다.",관찰
논벼,흰등멸구,해충,세종특별자치시,0,0,0,유지,보통,28,2024·2026,"기준선 비교: 2026 유지 0.0점, 2024·2026 가중평균 0.0점, 선택 모델(완화 추세+표본 축소) 0.0점. 지역 변화 +0.0점을 표본가중치 0.70로 같은 병해충·작물의 지역 중앙 변화 +0.0점 방향에 축소하고, 1년 연장 변화는 ±20점으로 제한했습니다. 양년 자료 있음, 공통 조사단위 2개, 유효 관측 28건, 결측률 0.0%, 단위별 변화 변동성 0.0점. 비교는 가능하지만 표본 또는 변동성에 불확실성이 남습니다. 2024·2026 두 개 연도의 NCPMS 예찰자료만 사용한 상대 위험 전망으로, 기상·재배면적·방제 변화와 2027년 실제 발생을 확정하지 않습니다.",관찰
논벼,흰등멸구,해충,울산광역시,0,0,0,유지,보통,32,2024·2026,"기준선 비교: 2026 유지 0.0점, 2024·2026 가중평균 0.0점, 선택 모델(완화 추세+표본 축소) 0.0점. 지역 변화 +0.0점을 표본가중치 0.73로 같은 병해충·작물의 지역 중앙 변화 +0.0점 방향에 축소하고, 1년 연장 변화는 ±20점으로 제한했습니다. 양년 자료 있음, 공통 조사단위 2개, 유효 관측 32건, 결측률 0.0%, 단위별 변화 변동성 0.0점. 비교는 가능하지만 표본 또는 변동성에 불확실성이 남습니다. 2024·2026 두 개 연도의 NCPMS 예찰자료만 사용한 상대 위험 전망으로, 기상·재배면적·방제 변화와 2027년 실제 발생을 확정하지 않습니다.",관찰
논벼,흰등멸구,해충,인천광역시,0,0,0,유지,보통,32,2024·2026,"기준선 비교: 2026 유지 0.0점, 2024·2026 가중평균 0.0점, 선택 모델(완화 추세+표본 축소) 0.0점. 지역 변화 +0.0점을 표본가중치 0.73로 같은 병해충·작물의 지역 중앙 변화 +0.0점 방향에 축소하고, 1년 연장 변화는 ±20점으로 제한했습니다. 양년 자료 있음, 공통 조사단위 2개, 유효 관측 32건, 결측률 0.0%, 단위별 변화 변동성 0.0점. 비교는 가능하지만 표본 또는 변동성에 불확실성이 남습니다. 2024·2026 두 개 연도의 NCPMS 예찰자료만 사용한 상대 위험 전망으로, 기상·재배면적·방제 변화와 2027년 실제 발생을 확정하지 않습니다.",관찰
논벼,흰등멸구,해충,전남광주통합특별시,0,63,79,증가,보통,32,2024·2026,"기준선 비교: 2026 유지 62.7점, 2024·2026 가중평균 40.8점, 선택 모델(완화 추세+표본 축소) 78.7점. 지역 변화 +62.7점을 표본가중치 0.73로 같은 병해충·작물의 지역 중앙 변화 +0.0점 방향에 축소하고, 1년 연장 변화는 ±20점으로 제한했습니다. 양년 자료 있음, 공통 조사단위 2개, 유효 관측 32건, 결측률 0.0%, 단위별 변화 변동성 0.0점. 비교는 가능하지만 표본 또는 변동성에 불확실성이 남습니다. 2024·2026 두 개 연도의 NCPMS 예찰자료만 사용한 상대 위험 전망으로, 기상·재배면적·방제 변화와 2027년 실제 발생을 확정하지 않습니다.",고위험
논벼,흰등멸구,해충,전북특별자치도,0,0,0,유지,보통,32,2024·2026,"기준선 비교: 2026 유지 0.0점, 2024·2026 가중평균 0.0점, 선택 모델(완화 추세+표본 축소) 0.0점. 지역 변화 +0.0점을 표본가중치 0.73로 같은 병해충·작물의 지역 중앙 변화 +0.0점 방향에 축소하고, 1년 연장 변화는 ±20점으로 제한했습니다. 양년 자료 있음, 공통 조사단위 2개, 유효 관측 32건, 결측률 0.0%, 단위별 변화 변동성 0.0점. 비교는 가능하지만 표본 또는 변동성에 불확실성이 남습니다. 2024·2026 두 개 연도의 NCPMS 예찰자료만 사용한 상대 위험 전망으로, 기상·재배면적·방제 변화와 2027년 실제 발생을 확정하지 않습니다.",관찰
논벼,흰등멸구,해충,충청남도,0,19,24,증가,보통,32,2024·2026,"기준선 비교: 2026 유지 18.9점, 2024·2026 가중평균 12.3점, 선택 모델(완화 추세+표본 축소) 23.8점. 지역 변화 +18.9점을 표본가중치 0.73로 같은 병해충·작물의 지역 중앙 변화 +0.0점 방향에 축소하고, 1년 연장 변화는 ±20점으로 제한했습니다. 양년 자료 있음, 공통 조사단위 2개, 유효 관측 32건, 결측률 0.0%, 단위별 변화 변동성 0.7점. 비교는 가능하지만 표본 또는 변동성에 불확실성이 남습니다. 2024·2026 두 개 연도의 NCPMS 예찰자료만 사용한 상대 위험 전망으로, 기상·재배면적·방제 변화와 2027년 실제 발생을 확정하지 않습니다.",관찰
논벼,흰등멸구,해충,충청북도,0,0,0,유지,보통,36,2024·2026,"기준선 비교: 2026 유지 0.0점, 2024·2026 가중평균 0.0점, 선택 모델(완화 추세+표본 축소) 0.0점. 지역 변화 +0.0점을 표본가중치 0.75로 같은 병해충·작물의 지역 중앙 변화 +0.0점 방향에 축소하고, 1년 연장 변화는 ±20점으로 제한했습니다. 양년 자료 있음, 공통 조사단위 2개, 유효 관측 36건, 결측률 0.0%, 단위별 변화 변동성 0.0점. 비교는 가능하지만 표본 또는 변동성에 불확실성이 남습니다. 2024·2026 두 개 연도의 NCPMS 예찰자료만 사용한 상대 위험 전망으로, 기상·재배면적·방제 변화와 2027년 실제 발생을 확정하지 않습니다.",관찰
논벼,흰잎마름병,병해,강원특별자치도,0,0,0,유지,보통,32,2024·2026,"기준선 비교: 2026 유지 0.0점, 2024·2026 가중평균 0.0점, 선택 모델(완화 추세+표본 축소) 0.0점. 지역 변화 +0.0점을 표본가중치 0.73로 같은 병해충·작물의 지역 중앙 변화 +0.0점 방향에 축소하고, 1년 연장 변화는 ±20점으로 제한했습니다. 양년 자료 있음, 공통 조사단위 2개, 유효 관측 32건, 결측률 0.0%, 단위별 변화 변동성 0.0점. 비교는 가능하지만 표본 또는 변동성에 불확실성이 남습니다. 2024·2026 두 개 연도의 NCPMS 예찰자료만 사용한 상대 위험 전망으로, 기상·재배면적·방제 변화와 2027년 실제 발생을 확정하지 않습니다.",관찰
논벼,흰잎마름병,병해,경기도,0,0,0,유지,보통,36,2024·2026,"기준선 비교: 2026 유지 0.0점, 2024·2026 가중평균 0.0점, 선택 모델(완화 추세+표본 축소) 0.0점. 지역 변화 +0.0점을 표본가중치 0.75로 같은 병해충·작물의 지역 중앙 변화 +0.0점 방향에 축소하고, 1년 연장 변화는 ±20점으로 제한했습니다. 양년 자료 있음, 공통 조사단위 2개, 유효 관측 36건, 결측률 0.0%, 단위별 변화 변동성 0.0점. 비교는 가능하지만 표본 또는 변동성에 불확실성이 남습니다. 2024·2026 두 개 연도의 NCPMS 예찰자료만 사용한 상대 위험 전망으로, 기상·재배면적·방제 변화와 2027년 실제 발생을 확정하지 않습니다.",관찰
논벼,흰잎마름병,병해,경상남도,0,0,0,유지,보통,32,2024·2026,"기준선 비교: 2026 유지 0.0점, 2024·2026 가중평균 0.0점, 선택 모델(완화 추세+표본 축소) 0.0점. 지역 변화 +0.0점을 표본가중치 0.73로 같은 병해충·작물의 지역 중앙 변화 +0.0점 방향에 축소하고, 1년 연장 변화는 ±20점으로 제한했습니다. 양년 자료 있음, 공통 조사단위 2개, 유효 관측 32건, 결측률 0.0%, 단위별 변화 변동성 0.0점. 비교는 가능하지만 표본 또는 변동성에 불확실성이 남습니다. 2024·2026 두 개 연도의 NCPMS 예찰자료만 사용한 상대 위험 전망으로, 기상·재배면적·방제 변화와 2027년 실제 발생을 확정하지 않습니다.",관찰
논벼,흰잎마름병,병해,경상북도,0,0,0,유지,보통,32,2024·2026,"기준선 비교: 2026 유지 0.0점, 2024·2026 가중평균 0.0점, 선택 모델(완화 추세+표본 축소) 0.0점. 지역 변화 +0.0점을 표본가중치 0.73로 같은 병해충·작물의 지역 중앙 변화 +0.0점 방향에 축소하고, 1년 연장 변화는 ±20점으로 제한했습니다. 양년 자료 있음, 공통 조사단위 2개, 유효 관측 32건, 결측률 0.0%, 단위별 변화 변동성 0.0점. 비교는 가능하지만 표본 또는 변동성에 불확실성이 남습니다. 2024·2026 두 개 연도의 NCPMS 예찰자료만 사용한 상대 위험 전망으로, 기상·재배면적·방제 변화와 2027년 실제 발생을 확정하지 않습니다.",관찰
논벼,흰잎마름병,병해,대구광역시,0,0,0,유지,보통,32,2024·2026,"기준선 비교: 2026 유지 0.0점, 2024·2026 가중평균 0.0점, 선택 모델(완화 추세+표본 축소) 0.0점. 지역 변화 +0.0점을 표본가중치 0.73로 같은 병해충·작물의 지역 중앙 변화 +0.0점 방향에 축소하고, 1년 연장 변화는 ±20점으로 제한했습니다. 양년 자료 있음, 공통 조사단위 2개, 유효 관측 32건, 결측률 0.0%, 단위별 변화 변동성 0.0점. 비교는 가능하지만 표본 또는 변동성에 불확실성이 남습니다. 2024·2026 두 개 연도의 NCPMS 예찰자료만 사용한 상대 위험 전망으로, 기상·재배면적·방제 변화와 2027년 실제 발생을 확정하지 않습니다.",관찰
논벼,흰잎마름병,병해,대전광역시,0,0,0,유지,보통,32,2024·2026,"기준선 비교: 2026 유지 0.0점, 2024·2026 가중평균 0.0점, 선택 모델(완화 추세+표본 축소) 0.0점. 지역 변화 +0.0점을 표본가중치 0.73로 같은 병해충·작물의 지역 중앙 변화 +0.0점 방향에 축소하고, 1년 연장 변화는 ±20점으로 제한했습니다. 양년 자료 있음, 공통 조사단위 2개, 유효 관측 32건, 결측률 0.0%, 단위별 변화 변동성 0.0점. 비교는 가능하지만 표본 또는 변동성에 불확실성이 남습니다. 2024·2026 두 개 연도의 NCPMS 예찰자료만 사용한 상대 위험 전망으로, 기상·재배면적·방제 변화와 2027년 실제 발생을 확정하지 않습니다.",관찰
논벼,흰잎마름병,병해,부산광역시,0,13,16,유지,보통,32,2024·2026,"기준선 비교: 2026 유지 12.5점, 2024·2026 가중평균 8.1점, 선택 모델(완화 추세+표본 축소) 15.7점. 지역 변화 +12.5점을 표본가중치 0.73로 같은 병해충·작물의 지역 중앙 변화 +0.0점 방향에 축소하고, 1년 연장 변화는 ±20점으로 제한했습니다. 양년 자료 있음, 공통 조사단위 2개, 유효 관측 32건, 결측률 0.0%, 단위별 변화 변동성 0.0점. 비교는 가능하지만 표본 또는 변동성에 불확실성이 남습니다. 2024·2026 두 개 연도의 NCPMS 예찰자료만 사용한 상대 위험 전망으로, 기상·재배면적·방제 변화와 2027년 실제 발생을 확정하지 않습니다.",관찰
논벼,흰잎마름병,병해,세종특별자치시,0,0,0,유지,보통,28,2024·2026,"기준선 비교: 2026 유지 0.0점, 2024·2026 가중평균 0.0점, 선택 모델(완화 추세+표본 축소) 0.0점. 지역 변화 +0.0점을 표본가중치 0.70로 같은 병해충·작물의 지역 중앙 변화 +0.0점 방향에 축소하고, 1년 연장 변화는 ±20점으로 제한했습니다. 양년 자료 있음, 공통 조사단위 2개, 유효 관측 28건, 결측률 0.0%, 단위별 변화 변동성 0.0점. 비교는 가능하지만 표본 또는 변동성에 불확실성이 남습니다. 2024·2026 두 개 연도의 NCPMS 예찰자료만 사용한 상대 위험 전망으로, 기상·재배면적·방제 변화와 2027년 실제 발생을 확정하지 않습니다.",관찰
논벼,흰잎마름병,병해,울산광역시,0,0,0,유지,보통,32,2024·2026,"기준선 비교: 2026 유지 0.0점, 2024·2026 가중평균 0.0점, 선택 모델(완화 추세+표본 축소) 0.0점. 지역 변화 +0.0점을 표본가중치 0.73로 같은 병해충·작물의 지역 중앙 변화 +0.0점 방향에 축소하고, 1년 연장 변화는 ±20점으로 제한했습니다. 양년 자료 있음, 공통 조사단위 2개, 유효 관측 32건, 결측률 0.0%, 단위별 변화 변동성 0.0점. 비교는 가능하지만 표본 또는 변동성에 불확실성이 남습니다. 2024·2026 두 개 연도의 NCPMS 예찰자료만 사용한 상대 위험 전망으로, 기상·재배면적·방제 변화와 2027년 실제 발생을 확정하지 않습니다.",관찰
논벼,흰잎마름병,병해,인천광역시,0,0,0,유지,보통,32,2024·2026,"기준선 비교: 2026 유지 0.0점, 2024·2026 가중평균 0.0점, 선택 모델(완화 추세+표본 축소) 0.0점. 지역 변화 +0.0점을 표본가중치 0.73로 같은 병해충·작물의 지역 중앙 변화 +0.0점 방향에 축소하고, 1년 연장 변화는 ±20점으로 제한했습니다. 양년 자료 있음, 공통 조사단위 2개, 유효 관측 32건, 결측률 0.0%, 단위별 변화 변동성 0.0점. 비교는 가능하지만 표본 또는 변동성에 불확실성이 남습니다. 2024·2026 두 개 연도의 NCPMS 예찰자료만 사용한 상대 위험 전망으로, 기상·재배면적·방제 변화와 2027년 실제 발생을 확정하지 않습니다.",관찰
논벼,흰잎마름병,병해,전남광주통합특별시,0,26,32,증가,보통,32,2024·2026,"기준선 비교: 2026 유지 25.5점, 2024·2026 가중평균 16.6점, 선택 모델(완화 추세+표본 축소) 32.0점. 지역 변화 +25.5점을 표본가중치 0.73로 같은 병해충·작물의 지역 중앙 변화 +0.0점 방향에 축소하고, 1년 연장 변화는 ±20점으로 제한했습니다. 양년 자료 있음, 공통 조사단위 2개, 유효 관측 32건, 결측률 0.0%, 단위별 변화 변동성 0.0점. 비교는 가능하지만 표본 또는 변동성에 불확실성이 남습니다. 2024·2026 두 개 연도의 NCPMS 예찰자료만 사용한 상대 위험 전망으로, 기상·재배면적·방제 변화와 2027년 실제 발생을 확정하지 않습니다.",관찰
논벼,흰잎마름병,병해,전북특별자치도,0,0,0,유지,보통,32,2024·2026,"기준선 비교: 2026 유지 0.0점, 2024·2026 가중평균 0.0점, 선택 모델(완화 추세+표본 축소) 0.0점. 지역 변화 +0.0점을 표본가중치 0.73로 같은 병해충·작물의 지역 중앙 변화 +0.0점 방향에 축소하고, 1년 연장 변화는 ±20점으로 제한했습니다. 양년 자료 있음, 공통 조사단위 2개, 유효 관측 32건, 결측률 0.0%, 단위별 변화 변동성 0.0점. 비교는 가능하지만 표본 또는 변동성에 불확실성이 남습니다. 2024·2026 두 개 연도의 NCPMS 예찰자료만 사용한 상대 위험 전망으로, 기상·재배면적·방제 변화와 2027년 실제 발생을 확정하지 않습니다.",관찰
논벼,흰잎마름병,병해,충청남도,0,17,21,유지,보통,32,2024·2026,"기준선 비교: 2026 유지 16.7점, 2024·2026 가중평균 10.8점, 선택 모델(완화 추세+표본 축소) 20.9점. 지역 변화 +16.7점을 표본가중치 0.73로 같은 병해충·작물의 지역 중앙 변화 +0.0점 방향에 축소하고, 1년 연장 변화는 ±20점으로 제한했습니다. 양년 자료 있음, 공통 조사단위 2개, 유효 관측 32건, 결측률 0.0%, 단위별 변화 변동성 0.0점. 비교는 가능하지만 표본 또는 변동성에 불확실성이 남습니다. 2024·2026 두 개 연도의 NCPMS 예찰자료만 사용한 상대 위험 전망으로, 기상·재배면적·방제 변화와 2027년 실제 발생을 확정하지 않습니다.",관찰
논벼,흰잎마름병,병해,충청북도,0,0,0,유지,보통,36,2024·2026,"기준선 비교: 2026 유지 0.0점, 2024·2026 가중평균 0.0점, 선택 모델(완화 추세+표본 축소) 0.0점. 지역 변화 +0.0점을 표본가중치 0.75로 같은 병해충·작물의 지역 중앙 변화 +0.0점 방향에 축소하고, 1년 연장 변화는 ±20점으로 제한했습니다. 양년 자료 있음, 공통 조사단위 2개, 유효 관측 36건, 결측률 0.0%, 단위별 변화 변동성 0.0점. 비교는 가능하지만 표본 또는 변동성에 불확실성이 남습니다. 2024·2026 두 개 연도의 NCPMS 예찰자료만 사용한 상대 위험 전망으로, 기상·재배면적·방제 변화와 2027년 실제 발생을 확정하지 않습니다.",관찰
