insectKey,작물,조사구분,예찰구분,조사연도,조사회차,병해충,지역,발생값
202600204FC01010101322007,논벼,기본조사,벼관찰포,2026,7,잎도열병(발생추정면적),경기도,0.0
202600204FC01010101322007,논벼,기본조사,벼관찰포,2026,7,잎도열병(감수율),경기도,0.0
202600204FC01010101322007,논벼,기본조사,벼관찰포,2026,7,잎도열병(피해율),경기도,0.0
202600204FC01010101322007,논벼,기본조사,벼관찰포,2026,7,잎도열병(발생면적율),경기도,0.0
202600204FC01010101322007,논벼,기본조사,벼관찰포,2026,7,이삭도열병(발생추정면적),경기도,0.0
202600204FC01010101322007,논벼,기본조사,벼관찰포,2026,7,이삭도열병(감수율),경기도,0.0
202600204FC01010101322007,논벼,기본조사,벼관찰포,2026,7,이삭도열병(피해율),경기도,0.0
202600204FC01010101322007,논벼,기본조사,벼관찰포,2026,7,이삭도열병(발생면적율),경기도,0.0
202600204FC01010101322007,논벼,기본조사,벼관찰포,2026,7,세균벼알마름병(발생추정면적),경기도,0.0
202600204FC01010101322007,논벼,기본조사,벼관찰포,2026,7,세균벼알마름병(감수율),경기도,0.0
202600204FC01010101322007,논벼,기본조사,벼관찰포,2026,7,세균벼알마름병(피해율),경기도,0.0
202600204FC01010101322007,논벼,기본조사,벼관찰포,2026,7,세균벼알마름병(발생면적율),경기도,0.0
202600204FC01010101322007,논벼,기본조사,벼관찰포,2026,7,흰잎마름병(발생추정면적),경기도,0.0
202600204FC01010101322007,논벼,기본조사,벼관찰포,2026,7,흰잎마름병(감수율),경기도,0.0
202600204FC01010101322007,논벼,기본조사,벼관찰포,2026,7,흰잎마름병(피해율),경기도,0.0
202600204FC01010101322007,논벼,기본조사,벼관찰포,2026,7,흰잎마름병(발생면적율),경기도,0.0
202600204FC01010101322007,논벼,기본조사,벼관찰포,2026,7,깨씨무늬병(발생추정면적),경기도,0.0
202600204FC01010101322007,논벼,기본조사,벼관찰포,2026,7,깨씨무늬병(감수율),경기도,0.0
202600204FC01010101322007,논벼,기본조사,벼관찰포,2026,7,깨씨무늬병(피해율),경기도,0.0
202600204FC01010101322007,논벼,기본조사,벼관찰포,2026,7,깨씨무늬병(발생면적율),경기도,0.0
202600204FC01010101322007,논벼,기본조사,벼관찰포,2026,7,바이러스병(발생추정면적),경기도,0.0
202600204FC01010101322007,논벼,기본조사,벼관찰포,2026,7,바이러스병(감수율),경기도,0.0
202600204FC01010101322007,논벼,기본조사,벼관찰포,2026,7,바이러스병(피해율),경기도,0.0
202600204FC01010101322007,논벼,기본조사,벼관찰포,2026,7,바이러스병(발생면적율),경기도,0.0
202600204FC01010101322007,논벼,기본조사,벼관찰포,2026,7,이화명나방(발생추정면적),경기도,0.0
202600204FC01010101322007,논벼,기본조사,벼관찰포,2026,7,이화명나방(감수율),경기도,0.0
202600204FC01010101322007,논벼,기본조사,벼관찰포,2026,7,이화명나방(피해율),경기도,0.0
202600204FC01010101322007,논벼,기본조사,벼관찰포,2026,7,이화명나방(발생면적율),경기도,0.0
202600204FC01010101322007,논벼,기본조사,벼관찰포,2026,7,혹명나방(발생추정면적),경기도,0.0
202600204FC01010101322007,논벼,기본조사,벼관찰포,2026,7,혹명나방(감수율),경기도,0.0
202600204FC01010101322007,논벼,기본조사,벼관찰포,2026,7,혹명나방(피해율),경기도,0.0
202600204FC01010101322007,논벼,기본조사,벼관찰포,2026,7,혹명나방(발생면적율),경기도,0.0
202600204FC01010101322007,논벼,기본조사,벼관찰포,2026,7,먹노린재(발생추정면적),경기도,0.0
202600204FC01010101322007,논벼,기본조사,벼관찰포,2026,7,먹노린재(감수율),경기도,0.0
202600204FC01010101322007,논벼,기본조사,벼관찰포,2026,7,먹노린재(피해율),경기도,0.0
202600204FC01010101322007,논벼,기본조사,벼관찰포,2026,7,먹노린재(발생면적율),경기도,0.0
202600204FC01010101322007,논벼,기본조사,벼관찰포,2026,7,벼멸구(발생추정면적),경기도,0.0
202600204FC01010101322007,논벼,기본조사,벼관찰포,2026,7,벼멸구(감수율),경기도,0.0
202600204FC01010101322007,논벼,기본조사,벼관찰포,2026,7,벼멸구(피해율),경기도,0.0
202600204FC01010101322007,논벼,기본조사,벼관찰포,2026,7,벼멸구(발생면적율),경기도,0.0
202600204FC01010101322007,논벼,기본조사,벼관찰포,2026,7,흰등멸구(발생추정면적),경기도,0.0
202600204FC01010101322007,논벼,기본조사,벼관찰포,2026,7,흰등멸구(감수율),경기도,0.0
202600204FC01010101322007,논벼,기본조사,벼관찰포,2026,7,흰등멸구(피해율),경기도,0.0
202600204FC01010101322007,논벼,기본조사,벼관찰포,2026,7,흰등멸구(발생면적율),경기도,0.0
202600204FC01010101322007,논벼,기본조사,벼관찰포,2026,7,잎집무늬마름병(발생추정면적),경기도,0.0
202600204FC01010101322007,논벼,기본조사,벼관찰포,2026,7,잎집무늬마름병(감수율),경기도,0.0
202600204FC01010101322007,논벼,기본조사,벼관찰포,2026,7,잎집무늬마름병(피해율),경기도,0.0
202600204FC01010101322007,논벼,기본조사,벼관찰포,2026,7,잎집무늬마름병(발생면적율),경기도,0.0
202600204FC01010101322007,논벼,기본조사,벼관찰포,2026,7,키다리병(발생추정면적),경기도,0.0
202600204FC01010101322007,논벼,기본조사,벼관찰포,2026,7,키다리병(감수율),경기도,0.0
202600204FC01010101322007,논벼,기본조사,벼관찰포,2026,7,키다리병(피해율),경기도,0.0
202600204FC01010101322007,논벼,기본조사,벼관찰포,2026,7,키다리병(발생면적율),경기도,0.0
202600204FC01010101322007,논벼,기본조사,벼관찰포,2026,7,이삭누룩병(발생추정면적),경기도,0.0
202600204FC01010101322007,논벼,기본조사,벼관찰포,2026,7,이삭누룩병(감수율),경기도,0.0
202600204FC01010101322007,논벼,기본조사,벼관찰포,2026,7,이삭누룩병(피해율),경기도,0.0
202600204FC01010101322007,논벼,기본조사,벼관찰포,2026,7,이삭누룩병(발생면적율),경기도,0.0
202600204FC01010101322007,논벼,기본조사,벼관찰포,2026,7,벼잎벌레(발생추정면적),경기도,0.0
202600204FC01010101322007,논벼,기본조사,벼관찰포,2026,7,벼잎벌레(감수율),경기도,0.0
202600204FC01010101322007,논벼,기본조사,벼관찰포,2026,7,벼잎벌레(피해율),경기도,0.0
202600204FC01010101322007,논벼,기본조사,벼관찰포,2026,7,벼잎벌레(발생면적율),경기도,0.0
202600204FC01010101322007,논벼,기본조사,벼관찰포,2026,7,벼애나방(발생추정면적),경기도,0.0
202600204FC01010101322007,논벼,기본조사,벼관찰포,2026,7,벼애나방(감수율),경기도,0.0
202600204FC01010101322007,논벼,기본조사,벼관찰포,2026,7,벼애나방(피해율),경기도,0.0
202600204FC01010101322007,논벼,기본조사,벼관찰포,2026,7,벼애나방(발생면적율),경기도,0.0
202600204FC01010101322007,논벼,기본조사,벼관찰포,2026,7,벼애잎굴파리(발생추정면적),경기도,0.0
202600204FC01010101322007,논벼,기본조사,벼관찰포,2026,7,벼애잎굴파리(감수율),경기도,0.0
202600204FC01010101322007,논벼,기본조사,벼관찰포,2026,7,벼애잎굴파리(피해율),경기도,0.0
202600204FC01010101322007,논벼,기본조사,벼관찰포,2026,7,벼애잎굴파리(발생면적율),경기도,0.0
202600204FC01010101322007,논벼,기본조사,벼관찰포,2026,7,벼줄기굴파리(발생추정면적),경기도,0.0
202600204FC01010101322007,논벼,기본조사,벼관찰포,2026,7,벼줄기굴파리(감수율),경기도,0.0
202600204FC01010101322007,논벼,기본조사,벼관찰포,2026,7,벼줄기굴파리(피해율),경기도,0.0
202600204FC01010101322007,논벼,기본조사,벼관찰포,2026,7,벼줄기굴파리(발생면적율),경기도,0.0
202600204FC01010101322007,논벼,기본조사,벼관찰포,2026,7,벼물바구미(발생추정면적),경기도,0.0
202600204FC01010101322007,논벼,기본조사,벼관찰포,2026,7,벼물바구미(감수율),경기도,0.0
202600204FC01010101322007,논벼,기본조사,벼관찰포,2026,7,벼물바구미(피해율),경기도,0.0
202600204FC01010101322007,논벼,기본조사,벼관찰포,2026,7,벼물바구미(발생면적율),경기도,0.0
202600204FC01010101322007,논벼,기본조사,벼관찰포,2026,7,애멸구(발생추정면적),경기도,0.0
202600204FC01010101322007,논벼,기본조사,벼관찰포,2026,7,애멸구(감수율),경기도,0.0
202600204FC01010101322007,논벼,기본조사,벼관찰포,2026,7,애멸구(피해율),경기도,0.0
202600204FC01010101322007,논벼,기본조사,벼관찰포,2026,7,애멸구(발생면적율),경기도,0.0
202600204FC01010101322007,논벼,기본조사,벼관찰포,2026,7,끝동매미충(발생추정면적),경기도,0.0
202600204FC01010101322007,논벼,기본조사,벼관찰포,2026,7,끝동매미충(감수율),경기도,0.0
202600204FC01010101322007,논벼,기본조사,벼관찰포,2026,7,끝동매미충(피해율),경기도,0.0
202600204FC01010101322007,논벼,기본조사,벼관찰포,2026,7,끝동매미충(발생면적율),경기도,0.0
202600204FC01010101322007,논벼,기본조사,벼관찰포,2026,7,멸강나방(발생추정면적),경기도,0.0
202600204FC01010101322007,논벼,기본조사,벼관찰포,2026,7,멸강나방(감수율),경기도,0.0
202600204FC01010101322007,논벼,기본조사,벼관찰포,2026,7,멸강나방(피해율),경기도,0.0
202600204FC01010101322007,논벼,기본조사,벼관찰포,2026,7,멸강나방(발생면적율),경기도,0.0
202600204FC01010101322007,논벼,기본조사,벼관찰포,2026,7,벼잎선충(발생추정면적),경기도,0.0
202600204FC01010101322007,논벼,기본조사,벼관찰포,2026,7,벼잎선충(감수율),경기도,0.0
202600204FC01010101322007,논벼,기본조사,벼관찰포,2026,7,벼잎선충(피해율),경기도,0.0
202600204FC01010101322007,논벼,기본조사,벼관찰포,2026,7,벼잎선충(발생면적율),경기도,0.0
202600204FC01010101322007,논벼,기본조사,벼관찰포,2026,7,잎도열병(발생추정면적),충청북도,0.0
202600204FC01010101322007,논벼,기본조사,벼관찰포,2026,7,잎도열병(감수율),충청북도,0.0
202600204FC01010101322007,논벼,기본조사,벼관찰포,2026,7,잎도열병(피해율),충청북도,0.0
202600204FC01010101322007,논벼,기본조사,벼관찰포,2026,7,잎도열병(발생면적율),충청북도,0.0
202600204FC01010101322007,논벼,기본조사,벼관찰포,2026,7,이삭도열병(발생추정면적),충청북도,0.0
202600204FC01010101322007,논벼,기본조사,벼관찰포,2026,7,이삭도열병(감수율),충청북도,0.0
202600204FC01010101322007,논벼,기본조사,벼관찰포,2026,7,이삭도열병(피해율),충청북도,0.0
202600204FC01010101322007,논벼,기본조사,벼관찰포,2026,7,이삭도열병(발생면적율),충청북도,0.0
202600204FC01010101322007,논벼,기본조사,벼관찰포,2026,7,세균벼알마름병(발생추정면적),충청북도,0.0
202600204FC01010101322007,논벼,기본조사,벼관찰포,2026,7,세균벼알마름병(감수율),충청북도,0.0
202600204FC01010101322007,논벼,기본조사,벼관찰포,2026,7,세균벼알마름병(피해율),충청북도,0.0
202600204FC01010101322007,논벼,기본조사,벼관찰포,2026,7,세균벼알마름병(발생면적율),충청북도,0.0
202600204FC01010101322007,논벼,기본조사,벼관찰포,2026,7,흰잎마름병(발생추정면적),충청북도,0.0
202600204FC01010101322007,논벼,기본조사,벼관찰포,2026,7,흰잎마름병(감수율),충청북도,0.0
202600204FC01010101322007,논벼,기본조사,벼관찰포,2026,7,흰잎마름병(피해율),충청북도,0.0
202600204FC01010101322007,논벼,기본조사,벼관찰포,2026,7,흰잎마름병(발생면적율),충청북도,0.0
202600204FC01010101322007,논벼,기본조사,벼관찰포,2026,7,깨씨무늬병(발생추정면적),충청북도,0.0
202600204FC01010101322007,논벼,기본조사,벼관찰포,2026,7,깨씨무늬병(감수율),충청북도,0.0
202600204FC01010101322007,논벼,기본조사,벼관찰포,2026,7,깨씨무늬병(피해율),충청북도,0.0
202600204FC01010101322007,논벼,기본조사,벼관찰포,2026,7,깨씨무늬병(발생면적율),충청북도,0.0
202600204FC01010101322007,논벼,기본조사,벼관찰포,2026,7,바이러스병(발생추정면적),충청북도,0.0
202600204FC01010101322007,논벼,기본조사,벼관찰포,2026,7,바이러스병(감수율),충청북도,0.0
202600204FC01010101322007,논벼,기본조사,벼관찰포,2026,7,바이러스병(피해율),충청북도,0.0
202600204FC01010101322007,논벼,기본조사,벼관찰포,2026,7,바이러스병(발생면적율),충청북도,0.0
202600204FC01010101322007,논벼,기본조사,벼관찰포,2026,7,이화명나방(발생추정면적),충청북도,0.0
202600204FC01010101322007,논벼,기본조사,벼관찰포,2026,7,이화명나방(감수율),충청북도,0.0
202600204FC01010101322007,논벼,기본조사,벼관찰포,2026,7,이화명나방(피해율),충청북도,0.0
202600204FC01010101322007,논벼,기본조사,벼관찰포,2026,7,이화명나방(발생면적율),충청북도,0.0
202600204FC01010101322007,논벼,기본조사,벼관찰포,2026,7,혹명나방(발생추정면적),충청북도,0.0
202600204FC01010101322007,논벼,기본조사,벼관찰포,2026,7,혹명나방(감수율),충청북도,0.0
202600204FC01010101322007,논벼,기본조사,벼관찰포,2026,7,혹명나방(피해율),충청북도,0.0
202600204FC01010101322007,논벼,기본조사,벼관찰포,2026,7,혹명나방(발생면적율),충청북도,0.0
202600204FC01010101322007,논벼,기본조사,벼관찰포,2026,7,먹노린재(발생추정면적),충청북도,0.0
202600204FC01010101322007,논벼,기본조사,벼관찰포,2026,7,먹노린재(감수율),충청북도,0.0
202600204FC01010101322007,논벼,기본조사,벼관찰포,2026,7,먹노린재(피해율),충청북도,0.0
202600204FC01010101322007,논벼,기본조사,벼관찰포,2026,7,먹노린재(발생면적율),충청북도,0.0
202600204FC01010101322007,논벼,기본조사,벼관찰포,2026,7,벼멸구(발생추정면적),충청북도,0.0
202600204FC01010101322007,논벼,기본조사,벼관찰포,2026,7,벼멸구(감수율),충청북도,0.0
202600204FC01010101322007,논벼,기본조사,벼관찰포,2026,7,벼멸구(피해율),충청북도,0.0
202600204FC01010101322007,논벼,기본조사,벼관찰포,2026,7,벼멸구(발생면적율),충청북도,0.0
202600204FC01010101322007,논벼,기본조사,벼관찰포,2026,7,흰등멸구(발생추정면적),충청북도,0.0
202600204FC01010101322007,논벼,기본조사,벼관찰포,2026,7,흰등멸구(감수율),충청북도,0.0
202600204FC01010101322007,논벼,기본조사,벼관찰포,2026,7,흰등멸구(피해율),충청북도,0.0
202600204FC01010101322007,논벼,기본조사,벼관찰포,2026,7,흰등멸구(발생면적율),충청북도,0.0
202600204FC01010101322007,논벼,기본조사,벼관찰포,2026,7,잎집무늬마름병(발생추정면적),충청북도,0.0
202600204FC01010101322007,논벼,기본조사,벼관찰포,2026,7,잎집무늬마름병(감수율),충청북도,0.0
202600204FC01010101322007,논벼,기본조사,벼관찰포,2026,7,잎집무늬마름병(피해율),충청북도,0.0
202600204FC01010101322007,논벼,기본조사,벼관찰포,2026,7,잎집무늬마름병(발생면적율),충청북도,0.0
202600204FC01010101322007,논벼,기본조사,벼관찰포,2026,7,키다리병(발생추정면적),충청북도,0.0
202600204FC01010101322007,논벼,기본조사,벼관찰포,2026,7,키다리병(감수율),충청북도,0.0
202600204FC01010101322007,논벼,기본조사,벼관찰포,2026,7,키다리병(피해율),충청북도,0.0
202600204FC01010101322007,논벼,기본조사,벼관찰포,2026,7,키다리병(발생면적율),충청북도,0.0
202600204FC01010101322007,논벼,기본조사,벼관찰포,2026,7,이삭누룩병(발생추정면적),충청북도,0.0
202600204FC01010101322007,논벼,기본조사,벼관찰포,2026,7,이삭누룩병(감수율),충청북도,0.0
202600204FC01010101322007,논벼,기본조사,벼관찰포,2026,7,이삭누룩병(피해율),충청북도,0.0
202600204FC01010101322007,논벼,기본조사,벼관찰포,2026,7,이삭누룩병(발생면적율),충청북도,0.0
202600204FC01010101322007,논벼,기본조사,벼관찰포,2026,7,벼잎벌레(발생추정면적),충청북도,0.0
202600204FC01010101322007,논벼,기본조사,벼관찰포,2026,7,벼잎벌레(감수율),충청북도,0.0
202600204FC01010101322007,논벼,기본조사,벼관찰포,2026,7,벼잎벌레(피해율),충청북도,0.0
202600204FC01010101322007,논벼,기본조사,벼관찰포,2026,7,벼잎벌레(발생면적율),충청북도,0.0
202600204FC01010101322007,논벼,기본조사,벼관찰포,2026,7,벼애나방(발생추정면적),충청북도,0.0
202600204FC01010101322007,논벼,기본조사,벼관찰포,2026,7,벼애나방(감수율),충청북도,0.0
202600204FC01010101322007,논벼,기본조사,벼관찰포,2026,7,벼애나방(피해율),충청북도,0.0
202600204FC01010101322007,논벼,기본조사,벼관찰포,2026,7,벼애나방(발생면적율),충청북도,0.0
202600204FC01010101322007,논벼,기본조사,벼관찰포,2026,7,벼애잎굴파리(발생추정면적),충청북도,0.0
202600204FC01010101322007,논벼,기본조사,벼관찰포,2026,7,벼애잎굴파리(감수율),충청북도,0.0
202600204FC01010101322007,논벼,기본조사,벼관찰포,2026,7,벼애잎굴파리(피해율),충청북도,0.0
202600204FC01010101322007,논벼,기본조사,벼관찰포,2026,7,벼애잎굴파리(발생면적율),충청북도,0.0
202600204FC01010101322007,논벼,기본조사,벼관찰포,2026,7,벼줄기굴파리(발생추정면적),충청북도,0.0
202600204FC01010101322007,논벼,기본조사,벼관찰포,2026,7,벼줄기굴파리(감수율),충청북도,0.0
202600204FC01010101322007,논벼,기본조사,벼관찰포,2026,7,벼줄기굴파리(피해율),충청북도,0.0
202600204FC01010101322007,논벼,기본조사,벼관찰포,2026,7,벼줄기굴파리(발생면적율),충청북도,0.0
202600204FC01010101322007,논벼,기본조사,벼관찰포,2026,7,벼물바구미(발생추정면적),충청북도,0.0
202600204FC01010101322007,논벼,기본조사,벼관찰포,2026,7,벼물바구미(감수율),충청북도,0.0
202600204FC01010101322007,논벼,기본조사,벼관찰포,2026,7,벼물바구미(피해율),충청북도,0.0
202600204FC01010101322007,논벼,기본조사,벼관찰포,2026,7,벼물바구미(발생면적율),충청북도,0.0
202600204FC01010101322007,논벼,기본조사,벼관찰포,2026,7,애멸구(발생추정면적),충청북도,0.0
202600204FC01010101322007,논벼,기본조사,벼관찰포,2026,7,애멸구(감수율),충청북도,0.0
202600204FC01010101322007,논벼,기본조사,벼관찰포,2026,7,애멸구(피해율),충청북도,0.0
202600204FC01010101322007,논벼,기본조사,벼관찰포,2026,7,애멸구(발생면적율),충청북도,0.0
202600204FC01010101322007,논벼,기본조사,벼관찰포,2026,7,끝동매미충(발생추정면적),충청북도,0.0
202600204FC01010101322007,논벼,기본조사,벼관찰포,2026,7,끝동매미충(감수율),충청북도,0.0
202600204FC01010101322007,논벼,기본조사,벼관찰포,2026,7,끝동매미충(피해율),충청북도,0.0
202600204FC01010101322007,논벼,기본조사,벼관찰포,2026,7,끝동매미충(발생면적율),충청북도,0.0
202600204FC01010101322007,논벼,기본조사,벼관찰포,2026,7,멸강나방(발생추정면적),충청북도,0.0
202600204FC01010101322007,논벼,기본조사,벼관찰포,2026,7,멸강나방(감수율),충청북도,0.0
202600204FC01010101322007,논벼,기본조사,벼관찰포,2026,7,멸강나방(피해율),충청북도,0.0
202600204FC01010101322007,논벼,기본조사,벼관찰포,2026,7,멸강나방(발생면적율),충청북도,0.0
202600204FC01010101322007,논벼,기본조사,벼관찰포,2026,7,벼잎선충(발생추정면적),충청북도,0.0
202600204FC01010101322007,논벼,기본조사,벼관찰포,2026,7,벼잎선충(감수율),충청북도,0.0
202600204FC01010101322007,논벼,기본조사,벼관찰포,2026,7,벼잎선충(피해율),충청북도,0.0
202600204FC01010101322007,논벼,기본조사,벼관찰포,2026,7,벼잎선충(발생면적율),충청북도,0.0
202600204FC01010101322006,논벼,기본조사,벼관찰포,2026,6,잎도열병(발생추정면적),부산광역시,0.0
202600204FC01010101322006,논벼,기본조사,벼관찰포,2026,6,잎도열병(감수율),부산광역시,0.0
202600204FC01010101322006,논벼,기본조사,벼관찰포,2026,6,잎도열병(피해율),부산광역시,0.0
202600204FC01010101322006,논벼,기본조사,벼관찰포,2026,6,잎도열병(발생면적율),부산광역시,0.0
202600204FC01010101322006,논벼,기본조사,벼관찰포,2026,6,이삭도열병(발생추정면적),부산광역시,0.0
202600204FC01010101322006,논벼,기본조사,벼관찰포,2026,6,이삭도열병(감수율),부산광역시,0.0
202600204FC01010101322006,논벼,기본조사,벼관찰포,2026,6,이삭도열병(피해율),부산광역시,0.0
202600204FC01010101322006,논벼,기본조사,벼관찰포,2026,6,이삭도열병(발생면적율),부산광역시,0.0
202600204FC01010101322006,논벼,기본조사,벼관찰포,2026,6,세균벼알마름병(발생추정면적),부산광역시,0.0
202600204FC01010101322006,논벼,기본조사,벼관찰포,2026,6,세균벼알마름병(감수율),부산광역시,0.0
202600204FC01010101322006,논벼,기본조사,벼관찰포,2026,6,세균벼알마름병(피해율),부산광역시,0.0
202600204FC01010101322006,논벼,기본조사,벼관찰포,2026,6,세균벼알마름병(발생면적율),부산광역시,0.0
202600204FC01010101322006,논벼,기본조사,벼관찰포,2026,6,흰잎마름병(발생추정면적),부산광역시,0.0
202600204FC01010101322006,논벼,기본조사,벼관찰포,2026,6,흰잎마름병(감수율),부산광역시,0.0
202600204FC01010101322006,논벼,기본조사,벼관찰포,2026,6,흰잎마름병(피해율),부산광역시,0.0
202600204FC01010101322006,논벼,기본조사,벼관찰포,2026,6,흰잎마름병(발생면적율),부산광역시,0.0
202600204FC01010101322006,논벼,기본조사,벼관찰포,2026,6,깨씨무늬병(발생추정면적),부산광역시,0.0
202600204FC01010101322006,논벼,기본조사,벼관찰포,2026,6,깨씨무늬병(감수율),부산광역시,0.0
202600204FC01010101322006,논벼,기본조사,벼관찰포,2026,6,깨씨무늬병(피해율),부산광역시,0.0
202600204FC01010101322006,논벼,기본조사,벼관찰포,2026,6,깨씨무늬병(발생면적율),부산광역시,0.0
202600204FC01010101322006,논벼,기본조사,벼관찰포,2026,6,바이러스병(발생추정면적),부산광역시,0.0
202600204FC01010101322006,논벼,기본조사,벼관찰포,2026,6,바이러스병(감수율),부산광역시,0.0
202600204FC01010101322006,논벼,기본조사,벼관찰포,2026,6,바이러스병(피해율),부산광역시,0.0
202600204FC01010101322006,논벼,기본조사,벼관찰포,2026,6,바이러스병(발생면적율),부산광역시,0.0
202600204FC01010101322006,논벼,기본조사,벼관찰포,2026,6,이화명나방(발생추정면적),부산광역시,0.0
202600204FC01010101322006,논벼,기본조사,벼관찰포,2026,6,이화명나방(감수율),부산광역시,0.0
202600204FC01010101322006,논벼,기본조사,벼관찰포,2026,6,이화명나방(피해율),부산광역시,0.0
202600204FC01010101322006,논벼,기본조사,벼관찰포,2026,6,이화명나방(발생면적율),부산광역시,0.0
202600204FC01010101322006,논벼,기본조사,벼관찰포,2026,6,혹명나방(발생추정면적),부산광역시,0.0
202600204FC01010101322006,논벼,기본조사,벼관찰포,2026,6,혹명나방(감수율),부산광역시,0.0
202600204FC01010101322006,논벼,기본조사,벼관찰포,2026,6,혹명나방(피해율),부산광역시,0.0
202600204FC01010101322006,논벼,기본조사,벼관찰포,2026,6,혹명나방(발생면적율),부산광역시,0.0
202600204FC01010101322006,논벼,기본조사,벼관찰포,2026,6,먹노린재(발생추정면적),부산광역시,0.0
202600204FC01010101322006,논벼,기본조사,벼관찰포,2026,6,먹노린재(감수율),부산광역시,0.0
202600204FC01010101322006,논벼,기본조사,벼관찰포,2026,6,먹노린재(피해율),부산광역시,0.0
202600204FC01010101322006,논벼,기본조사,벼관찰포,2026,6,먹노린재(발생면적율),부산광역시,0.0
202600204FC01010101322006,논벼,기본조사,벼관찰포,2026,6,벼멸구(발생추정면적),부산광역시,0.0
202600204FC01010101322006,논벼,기본조사,벼관찰포,2026,6,벼멸구(감수율),부산광역시,0.0
202600204FC01010101322006,논벼,기본조사,벼관찰포,2026,6,벼멸구(피해율),부산광역시,0.0
202600204FC01010101322006,논벼,기본조사,벼관찰포,2026,6,벼멸구(발생면적율),부산광역시,0.0
202600204FC01010101322006,논벼,기본조사,벼관찰포,2026,6,흰등멸구(발생추정면적),부산광역시,0.001
202600204FC01010101322006,논벼,기본조사,벼관찰포,2026,6,흰등멸구(감수율),부산광역시,0.04
202600204FC01010101322006,논벼,기본조사,벼관찰포,2026,6,흰등멸구(피해율),부산광역시,0.1
202600204FC01010101322006,논벼,기본조사,벼관찰포,2026,6,흰등멸구(발생면적율),부산광역시,0.333
202600204FC01010101322006,논벼,기본조사,벼관찰포,2026,6,잎집무늬마름병(발생추정면적),부산광역시,0.0
202600204FC01010101322006,논벼,기본조사,벼관찰포,2026,6,잎집무늬마름병(감수율),부산광역시,0.0
202600204FC01010101322006,논벼,기본조사,벼관찰포,2026,6,잎집무늬마름병(피해율),부산광역시,0.0
202600204FC01010101322006,논벼,기본조사,벼관찰포,2026,6,잎집무늬마름병(발생면적율),부산광역시,0.0
202600204FC01010101322006,논벼,기본조사,벼관찰포,2026,6,키다리병(발생추정면적),부산광역시,0.0
202600204FC01010101322006,논벼,기본조사,벼관찰포,2026,6,키다리병(감수율),부산광역시,0.0
202600204FC01010101322006,논벼,기본조사,벼관찰포,2026,6,키다리병(피해율),부산광역시,0.0
202600204FC01010101322006,논벼,기본조사,벼관찰포,2026,6,키다리병(발생면적율),부산광역시,0.0
202600204FC01010101322006,논벼,기본조사,벼관찰포,2026,6,이삭누룩병(발생추정면적),부산광역시,0.0
202600204FC01010101322006,논벼,기본조사,벼관찰포,2026,6,이삭누룩병(감수율),부산광역시,0.0
202600204FC01010101322006,논벼,기본조사,벼관찰포,2026,6,이삭누룩병(피해율),부산광역시,0.0
202600204FC01010101322006,논벼,기본조사,벼관찰포,2026,6,이삭누룩병(발생면적율),부산광역시,0.0
202600204FC01010101322006,논벼,기본조사,벼관찰포,2026,6,벼잎벌레(발생추정면적),부산광역시,0.0
202600204FC01010101322006,논벼,기본조사,벼관찰포,2026,6,벼잎벌레(감수율),부산광역시,0.0
202600204FC01010101322006,논벼,기본조사,벼관찰포,2026,6,벼잎벌레(피해율),부산광역시,0.0
202600204FC01010101322006,논벼,기본조사,벼관찰포,2026,6,벼잎벌레(발생면적율),부산광역시,0.0
202600204FC01010101322006,논벼,기본조사,벼관찰포,2026,6,벼애나방(발생추정면적),부산광역시,0.0
202600204FC01010101322006,논벼,기본조사,벼관찰포,2026,6,벼애나방(감수율),부산광역시,0.0
202600204FC01010101322006,논벼,기본조사,벼관찰포,2026,6,벼애나방(피해율),부산광역시,0.0
202600204FC01010101322006,논벼,기본조사,벼관찰포,2026,6,벼애나방(발생면적율),부산광역시,0.0
202600204FC01010101322006,논벼,기본조사,벼관찰포,2026,6,벼애잎굴파리(발생추정면적),부산광역시,0.0
202600204FC01010101322006,논벼,기본조사,벼관찰포,2026,6,벼애잎굴파리(감수율),부산광역시,0.0
202600204FC01010101322006,논벼,기본조사,벼관찰포,2026,6,벼애잎굴파리(피해율),부산광역시,0.0
202600204FC01010101322006,논벼,기본조사,벼관찰포,2026,6,벼애잎굴파리(발생면적율),부산광역시,0.0
202600204FC01010101322006,논벼,기본조사,벼관찰포,2026,6,벼줄기굴파리(발생추정면적),부산광역시,0.0
202600204FC01010101322006,논벼,기본조사,벼관찰포,2026,6,벼줄기굴파리(감수율),부산광역시,0.0
202600204FC01010101322006,논벼,기본조사,벼관찰포,2026,6,벼줄기굴파리(피해율),부산광역시,0.0
202600204FC01010101322006,논벼,기본조사,벼관찰포,2026,6,벼줄기굴파리(발생면적율),부산광역시,0.0
202600204FC01010101322006,논벼,기본조사,벼관찰포,2026,6,벼물바구미(발생추정면적),부산광역시,0.0
202600204FC01010101322006,논벼,기본조사,벼관찰포,2026,6,벼물바구미(감수율),부산광역시,0.0
202600204FC01010101322006,논벼,기본조사,벼관찰포,2026,6,벼물바구미(피해율),부산광역시,0.0
202600204FC01010101322006,논벼,기본조사,벼관찰포,2026,6,벼물바구미(발생면적율),부산광역시,0.0
202600204FC01010101322006,논벼,기본조사,벼관찰포,2026,6,애멸구(발생추정면적),부산광역시,0.0
202600204FC01010101322006,논벼,기본조사,벼관찰포,2026,6,애멸구(감수율),부산광역시,0.0
202600204FC01010101322006,논벼,기본조사,벼관찰포,2026,6,애멸구(피해율),부산광역시,0.0
202600204FC01010101322006,논벼,기본조사,벼관찰포,2026,6,애멸구(발생면적율),부산광역시,0.0
202600204FC01010101322006,논벼,기본조사,벼관찰포,2026,6,끝동매미충(발생추정면적),부산광역시,0.0
202600204FC01010101322006,논벼,기본조사,벼관찰포,2026,6,끝동매미충(감수율),부산광역시,0.0
202600204FC01010101322006,논벼,기본조사,벼관찰포,2026,6,끝동매미충(피해율),부산광역시,0.0
202600204FC01010101322006,논벼,기본조사,벼관찰포,2026,6,끝동매미충(발생면적율),부산광역시,0.0
202600204FC01010101322006,논벼,기본조사,벼관찰포,2026,6,멸강나방(발생추정면적),부산광역시,0.0
202600204FC01010101322006,논벼,기본조사,벼관찰포,2026,6,멸강나방(감수율),부산광역시,0.0
202600204FC01010101322006,논벼,기본조사,벼관찰포,2026,6,멸강나방(피해율),부산광역시,0.0
202600204FC01010101322006,논벼,기본조사,벼관찰포,2026,6,멸강나방(발생면적율),부산광역시,0.0
202600204FC01010101322006,논벼,기본조사,벼관찰포,2026,6,벼잎선충(발생추정면적),부산광역시,0.0
202600204FC01010101322006,논벼,기본조사,벼관찰포,2026,6,벼잎선충(감수율),부산광역시,0.0
202600204FC01010101322006,논벼,기본조사,벼관찰포,2026,6,벼잎선충(피해율),부산광역시,0.0
202600204FC01010101322006,논벼,기본조사,벼관찰포,2026,6,벼잎선충(발생면적율),부산광역시,0.0
202600204FC01010101322006,논벼,기본조사,벼관찰포,2026,6,잎도열병(발생추정면적),대구광역시,0.0
202600204FC01010101322006,논벼,기본조사,벼관찰포,2026,6,잎도열병(감수율),대구광역시,0.0
202600204FC01010101322006,논벼,기본조사,벼관찰포,2026,6,잎도열병(피해율),대구광역시,0.0
202600204FC01010101322006,논벼,기본조사,벼관찰포,2026,6,잎도열병(발생면적율),대구광역시,0.0
202600204FC01010101322006,논벼,기본조사,벼관찰포,2026,6,이삭도열병(발생추정면적),대구광역시,0.0
202600204FC01010101322006,논벼,기본조사,벼관찰포,2026,6,이삭도열병(감수율),대구광역시,0.0
202600204FC01010101322006,논벼,기본조사,벼관찰포,2026,6,이삭도열병(피해율),대구광역시,0.0
202600204FC01010101322006,논벼,기본조사,벼관찰포,2026,6,이삭도열병(발생면적율),대구광역시,0.0
202600204FC01010101322006,논벼,기본조사,벼관찰포,2026,6,세균벼알마름병(발생추정면적),대구광역시,0.0
202600204FC01010101322006,논벼,기본조사,벼관찰포,2026,6,세균벼알마름병(감수율),대구광역시,0.0
202600204FC01010101322006,논벼,기본조사,벼관찰포,2026,6,세균벼알마름병(피해율),대구광역시,0.0
202600204FC01010101322006,논벼,기본조사,벼관찰포,2026,6,세균벼알마름병(발생면적율),대구광역시,0.0
202600204FC01010101322006,논벼,기본조사,벼관찰포,2026,6,흰잎마름병(발생추정면적),대구광역시,0.0
202600204FC01010101322006,논벼,기본조사,벼관찰포,2026,6,흰잎마름병(감수율),대구광역시,0.0
202600204FC01010101322006,논벼,기본조사,벼관찰포,2026,6,흰잎마름병(피해율),대구광역시,0.0
202600204FC01010101322006,논벼,기본조사,벼관찰포,2026,6,흰잎마름병(발생면적율),대구광역시,0.0
202600204FC01010101322006,논벼,기본조사,벼관찰포,2026,6,깨씨무늬병(발생추정면적),대구광역시,0.0
202600204FC01010101322006,논벼,기본조사,벼관찰포,2026,6,깨씨무늬병(감수율),대구광역시,0.0
202600204FC01010101322006,논벼,기본조사,벼관찰포,2026,6,깨씨무늬병(피해율),대구광역시,0.0
202600204FC01010101322006,논벼,기본조사,벼관찰포,2026,6,깨씨무늬병(발생면적율),대구광역시,0.0
202600204FC01010101322006,논벼,기본조사,벼관찰포,2026,6,바이러스병(발생추정면적),대구광역시,0.0
202600204FC01010101322006,논벼,기본조사,벼관찰포,2026,6,바이러스병(감수율),대구광역시,0.0
202600204FC01010101322006,논벼,기본조사,벼관찰포,2026,6,바이러스병(피해율),대구광역시,0.0
202600204FC01010101322006,논벼,기본조사,벼관찰포,2026,6,바이러스병(발생면적율),대구광역시,0.0
202600204FC01010101322006,논벼,기본조사,벼관찰포,2026,6,이화명나방(발생추정면적),대구광역시,0.0
202600204FC01010101322006,논벼,기본조사,벼관찰포,2026,6,이화명나방(감수율),대구광역시,0.0
202600204FC01010101322006,논벼,기본조사,벼관찰포,2026,6,이화명나방(피해율),대구광역시,0.0
202600204FC01010101322006,논벼,기본조사,벼관찰포,2026,6,이화명나방(발생면적율),대구광역시,0.0
202600204FC01010101322006,논벼,기본조사,벼관찰포,2026,6,혹명나방(발생추정면적),대구광역시,0.0
202600204FC01010101322006,논벼,기본조사,벼관찰포,2026,6,혹명나방(감수율),대구광역시,0.0
202600204FC01010101322006,논벼,기본조사,벼관찰포,2026,6,혹명나방(피해율),대구광역시,0.0
202600204FC01010101322006,논벼,기본조사,벼관찰포,2026,6,혹명나방(발생면적율),대구광역시,0.0
202600204FC01010101322006,논벼,기본조사,벼관찰포,2026,6,먹노린재(발생추정면적),대구광역시,0.0
202600204FC01010101322006,논벼,기본조사,벼관찰포,2026,6,먹노린재(감수율),대구광역시,0.0
202600204FC01010101322006,논벼,기본조사,벼관찰포,2026,6,먹노린재(피해율),대구광역시,0.0
202600204FC01010101322006,논벼,기본조사,벼관찰포,2026,6,먹노린재(발생면적율),대구광역시,0.0
202600204FC01010101322006,논벼,기본조사,벼관찰포,2026,6,벼멸구(발생추정면적),대구광역시,0.0
202600204FC01010101322006,논벼,기본조사,벼관찰포,2026,6,벼멸구(감수율),대구광역시,0.0
202600204FC01010101322006,논벼,기본조사,벼관찰포,2026,6,벼멸구(피해율),대구광역시,0.0
202600204FC01010101322006,논벼,기본조사,벼관찰포,2026,6,벼멸구(발생면적율),대구광역시,0.0
202600204FC01010101322006,논벼,기본조사,벼관찰포,2026,6,흰등멸구(발생추정면적),대구광역시,0.0
202600204FC01010101322006,논벼,기본조사,벼관찰포,2026,6,흰등멸구(감수율),대구광역시,0.0
202600204FC01010101322006,논벼,기본조사,벼관찰포,2026,6,흰등멸구(피해율),대구광역시,0.0
202600204FC01010101322006,논벼,기본조사,벼관찰포,2026,6,흰등멸구(발생면적율),대구광역시,0.0
202600204FC01010101322006,논벼,기본조사,벼관찰포,2026,6,잎집무늬마름병(발생추정면적),대구광역시,0.0
202600204FC01010101322006,논벼,기본조사,벼관찰포,2026,6,잎집무늬마름병(감수율),대구광역시,0.0
202600204FC01010101322006,논벼,기본조사,벼관찰포,2026,6,잎집무늬마름병(피해율),대구광역시,0.0
202600204FC01010101322006,논벼,기본조사,벼관찰포,2026,6,잎집무늬마름병(발생면적율),대구광역시,0.0
202600204FC01010101322006,논벼,기본조사,벼관찰포,2026,6,키다리병(발생추정면적),대구광역시,0.0
202600204FC01010101322006,논벼,기본조사,벼관찰포,2026,6,키다리병(감수율),대구광역시,0.0
202600204FC01010101322006,논벼,기본조사,벼관찰포,2026,6,키다리병(피해율),대구광역시,0.0
202600204FC01010101322006,논벼,기본조사,벼관찰포,2026,6,키다리병(발생면적율),대구광역시,0.0
202600204FC01010101322006,논벼,기본조사,벼관찰포,2026,6,이삭누룩병(발생추정면적),대구광역시,0.0
202600204FC01010101322006,논벼,기본조사,벼관찰포,2026,6,이삭누룩병(감수율),대구광역시,0.0
202600204FC01010101322006,논벼,기본조사,벼관찰포,2026,6,이삭누룩병(피해율),대구광역시,0.0
202600204FC01010101322006,논벼,기본조사,벼관찰포,2026,6,이삭누룩병(발생면적율),대구광역시,0.0
202600204FC01010101322006,논벼,기본조사,벼관찰포,2026,6,벼잎벌레(발생추정면적),대구광역시,0.0
202600204FC01010101322006,논벼,기본조사,벼관찰포,2026,6,벼잎벌레(감수율),대구광역시,0.0
202600204FC01010101322006,논벼,기본조사,벼관찰포,2026,6,벼잎벌레(피해율),대구광역시,0.0
202600204FC01010101322006,논벼,기본조사,벼관찰포,2026,6,벼잎벌레(발생면적율),대구광역시,0.0
202600204FC01010101322006,논벼,기본조사,벼관찰포,2026,6,벼애나방(발생추정면적),대구광역시,0.0
202600204FC01010101322006,논벼,기본조사,벼관찰포,2026,6,벼애나방(감수율),대구광역시,0.0
202600204FC01010101322006,논벼,기본조사,벼관찰포,2026,6,벼애나방(피해율),대구광역시,0.0
202600204FC01010101322006,논벼,기본조사,벼관찰포,2026,6,벼애나방(발생면적율),대구광역시,0.0
202600204FC01010101322006,논벼,기본조사,벼관찰포,2026,6,벼애잎굴파리(발생추정면적),대구광역시,0.0
202600204FC01010101322006,논벼,기본조사,벼관찰포,2026,6,벼애잎굴파리(감수율),대구광역시,0.0
202600204FC01010101322006,논벼,기본조사,벼관찰포,2026,6,벼애잎굴파리(피해율),대구광역시,0.0
202600204FC01010101322006,논벼,기본조사,벼관찰포,2026,6,벼애잎굴파리(발생면적율),대구광역시,0.0
202600204FC01010101322006,논벼,기본조사,벼관찰포,2026,6,벼줄기굴파리(발생추정면적),대구광역시,0.0
202600204FC01010101322006,논벼,기본조사,벼관찰포,2026,6,벼줄기굴파리(감수율),대구광역시,0.0
202600204FC01010101322006,논벼,기본조사,벼관찰포,2026,6,벼줄기굴파리(피해율),대구광역시,0.0
202600204FC01010101322006,논벼,기본조사,벼관찰포,2026,6,벼줄기굴파리(발생면적율),대구광역시,0.0
202600204FC01010101322006,논벼,기본조사,벼관찰포,2026,6,벼물바구미(발생추정면적),대구광역시,0.0
202600204FC01010101322006,논벼,기본조사,벼관찰포,2026,6,벼물바구미(감수율),대구광역시,0.0
202600204FC01010101322006,논벼,기본조사,벼관찰포,2026,6,벼물바구미(피해율),대구광역시,0.0
202600204FC01010101322006,논벼,기본조사,벼관찰포,2026,6,벼물바구미(발생면적율),대구광역시,0.0
202600204FC01010101322006,논벼,기본조사,벼관찰포,2026,6,애멸구(발생추정면적),대구광역시,0.0
202600204FC01010101322006,논벼,기본조사,벼관찰포,2026,6,애멸구(감수율),대구광역시,0.0
202600204FC01010101322006,논벼,기본조사,벼관찰포,2026,6,애멸구(피해율),대구광역시,0.0
202600204FC01010101322006,논벼,기본조사,벼관찰포,2026,6,애멸구(발생면적율),대구광역시,0.0
202600204FC01010101322006,논벼,기본조사,벼관찰포,2026,6,끝동매미충(발생추정면적),대구광역시,0.0
202600204FC01010101322006,논벼,기본조사,벼관찰포,2026,6,끝동매미충(감수율),대구광역시,0.0
202600204FC01010101322006,논벼,기본조사,벼관찰포,2026,6,끝동매미충(피해율),대구광역시,0.0
202600204FC01010101322006,논벼,기본조사,벼관찰포,2026,6,끝동매미충(발생면적율),대구광역시,0.0
202600204FC01010101322006,논벼,기본조사,벼관찰포,2026,6,멸강나방(발생추정면적),대구광역시,0.0
202600204FC01010101322006,논벼,기본조사,벼관찰포,2026,6,멸강나방(감수율),대구광역시,0.0
202600204FC01010101322006,논벼,기본조사,벼관찰포,2026,6,멸강나방(피해율),대구광역시,0.0
202600204FC01010101322006,논벼,기본조사,벼관찰포,2026,6,멸강나방(발생면적율),대구광역시,0.0
202600204FC01010101322006,논벼,기본조사,벼관찰포,2026,6,벼잎선충(발생추정면적),대구광역시,0.0
202600204FC01010101322006,논벼,기본조사,벼관찰포,2026,6,벼잎선충(감수율),대구광역시,0.0
202600204FC01010101322006,논벼,기본조사,벼관찰포,2026,6,벼잎선충(피해율),대구광역시,0.0
202600204FC01010101322006,논벼,기본조사,벼관찰포,2026,6,벼잎선충(발생면적율),대구광역시,0.0
202600204FC01010101322006,논벼,기본조사,벼관찰포,2026,6,잎도열병(발생추정면적),인천광역시,0.0
202600204FC01010101322006,논벼,기본조사,벼관찰포,2026,6,잎도열병(감수율),인천광역시,0.0
202600204FC01010101322006,논벼,기본조사,벼관찰포,2026,6,잎도열병(피해율),인천광역시,0.0
202600204FC01010101322006,논벼,기본조사,벼관찰포,2026,6,잎도열병(발생면적율),인천광역시,0.0
202600204FC01010101322006,논벼,기본조사,벼관찰포,2026,6,이삭도열병(발생추정면적),인천광역시,0.0
202600204FC01010101322006,논벼,기본조사,벼관찰포,2026,6,이삭도열병(감수율),인천광역시,0.0
202600204FC01010101322006,논벼,기본조사,벼관찰포,2026,6,이삭도열병(피해율),인천광역시,0.0
202600204FC01010101322006,논벼,기본조사,벼관찰포,2026,6,이삭도열병(발생면적율),인천광역시,0.0
202600204FC01010101322006,논벼,기본조사,벼관찰포,2026,6,세균벼알마름병(발생추정면적),인천광역시,0.0
202600204FC01010101322006,논벼,기본조사,벼관찰포,2026,6,세균벼알마름병(감수율),인천광역시,0.0
202600204FC01010101322006,논벼,기본조사,벼관찰포,2026,6,세균벼알마름병(피해율),인천광역시,0.0
202600204FC01010101322006,논벼,기본조사,벼관찰포,2026,6,세균벼알마름병(발생면적율),인천광역시,0.0
202600204FC01010101322006,논벼,기본조사,벼관찰포,2026,6,흰잎마름병(발생추정면적),인천광역시,0.0
202600204FC01010101322006,논벼,기본조사,벼관찰포,2026,6,흰잎마름병(감수율),인천광역시,0.0
202600204FC01010101322006,논벼,기본조사,벼관찰포,2026,6,흰잎마름병(피해율),인천광역시,0.0
202600204FC01010101322006,논벼,기본조사,벼관찰포,2026,6,흰잎마름병(발생면적율),인천광역시,0.0
202600204FC01010101322006,논벼,기본조사,벼관찰포,2026,6,깨씨무늬병(발생추정면적),인천광역시,0.0
202600204FC01010101322006,논벼,기본조사,벼관찰포,2026,6,깨씨무늬병(감수율),인천광역시,0.0
202600204FC01010101322006,논벼,기본조사,벼관찰포,2026,6,깨씨무늬병(피해율),인천광역시,0.0
202600204FC01010101322006,논벼,기본조사,벼관찰포,2026,6,깨씨무늬병(발생면적율),인천광역시,0.0
202600204FC01010101322006,논벼,기본조사,벼관찰포,2026,6,바이러스병(발생추정면적),인천광역시,0.0
202600204FC01010101322006,논벼,기본조사,벼관찰포,2026,6,바이러스병(감수율),인천광역시,0.0
202600204FC01010101322006,논벼,기본조사,벼관찰포,2026,6,바이러스병(피해율),인천광역시,0.0
202600204FC01010101322006,논벼,기본조사,벼관찰포,2026,6,바이러스병(발생면적율),인천광역시,0.0
202600204FC01010101322006,논벼,기본조사,벼관찰포,2026,6,이화명나방(발생추정면적),인천광역시,0.0
202600204FC01010101322006,논벼,기본조사,벼관찰포,2026,6,이화명나방(감수율),인천광역시,0.0
202600204FC01010101322006,논벼,기본조사,벼관찰포,2026,6,이화명나방(피해율),인천광역시,0.0
202600204FC01010101322006,논벼,기본조사,벼관찰포,2026,6,이화명나방(발생면적율),인천광역시,0.0
202600204FC01010101322006,논벼,기본조사,벼관찰포,2026,6,혹명나방(발생추정면적),인천광역시,0.0
202600204FC01010101322006,논벼,기본조사,벼관찰포,2026,6,혹명나방(감수율),인천광역시,0.0
202600204FC01010101322006,논벼,기본조사,벼관찰포,2026,6,혹명나방(피해율),인천광역시,0.0
202600204FC01010101322006,논벼,기본조사,벼관찰포,2026,6,혹명나방(발생면적율),인천광역시,0.0
202600204FC01010101322006,논벼,기본조사,벼관찰포,2026,6,먹노린재(발생추정면적),인천광역시,0.0
202600204FC01010101322006,논벼,기본조사,벼관찰포,2026,6,먹노린재(감수율),인천광역시,0.0
202600204FC01010101322006,논벼,기본조사,벼관찰포,2026,6,먹노린재(피해율),인천광역시,0.0
202600204FC01010101322006,논벼,기본조사,벼관찰포,2026,6,먹노린재(발생면적율),인천광역시,0.0
202600204FC01010101322006,논벼,기본조사,벼관찰포,2026,6,벼멸구(발생추정면적),인천광역시,0.0
202600204FC01010101322006,논벼,기본조사,벼관찰포,2026,6,벼멸구(감수율),인천광역시,0.0
202600204FC01010101322006,논벼,기본조사,벼관찰포,2026,6,벼멸구(피해율),인천광역시,0.0
202600204FC01010101322006,논벼,기본조사,벼관찰포,2026,6,벼멸구(발생면적율),인천광역시,0.0
202600204FC01010101322006,논벼,기본조사,벼관찰포,2026,6,흰등멸구(발생추정면적),인천광역시,0.0
202600204FC01010101322006,논벼,기본조사,벼관찰포,2026,6,흰등멸구(감수율),인천광역시,0.0
202600204FC01010101322006,논벼,기본조사,벼관찰포,2026,6,흰등멸구(피해율),인천광역시,0.0
202600204FC01010101322006,논벼,기본조사,벼관찰포,2026,6,흰등멸구(발생면적율),인천광역시,0.0
202600204FC01010101322006,논벼,기본조사,벼관찰포,2026,6,잎집무늬마름병(발생추정면적),인천광역시,0.0
202600204FC01010101322006,논벼,기본조사,벼관찰포,2026,6,잎집무늬마름병(감수율),인천광역시,0.0
202600204FC01010101322006,논벼,기본조사,벼관찰포,2026,6,잎집무늬마름병(피해율),인천광역시,0.0
202600204FC01010101322006,논벼,기본조사,벼관찰포,2026,6,잎집무늬마름병(발생면적율),인천광역시,0.0
202600204FC01010101322006,논벼,기본조사,벼관찰포,2026,6,키다리병(발생추정면적),인천광역시,0.0
202600204FC01010101322006,논벼,기본조사,벼관찰포,2026,6,키다리병(감수율),인천광역시,0.0
202600204FC01010101322006,논벼,기본조사,벼관찰포,2026,6,키다리병(피해율),인천광역시,0.0
202600204FC01010101322006,논벼,기본조사,벼관찰포,2026,6,키다리병(발생면적율),인천광역시,0.0
202600204FC01010101322006,논벼,기본조사,벼관찰포,2026,6,이삭누룩병(발생추정면적),인천광역시,0.0
202600204FC01010101322006,논벼,기본조사,벼관찰포,2026,6,이삭누룩병(감수율),인천광역시,0.0
202600204FC01010101322006,논벼,기본조사,벼관찰포,2026,6,이삭누룩병(피해율),인천광역시,0.0
202600204FC01010101322006,논벼,기본조사,벼관찰포,2026,6,이삭누룩병(발생면적율),인천광역시,0.0
202600204FC01010101322006,논벼,기본조사,벼관찰포,2026,6,벼잎벌레(발생추정면적),인천광역시,0.0
202600204FC01010101322006,논벼,기본조사,벼관찰포,2026,6,벼잎벌레(감수율),인천광역시,0.0
202600204FC01010101322006,논벼,기본조사,벼관찰포,2026,6,벼잎벌레(피해율),인천광역시,0.0
202600204FC01010101322006,논벼,기본조사,벼관찰포,2026,6,벼잎벌레(발생면적율),인천광역시,0.0
202600204FC01010101322006,논벼,기본조사,벼관찰포,2026,6,벼애나방(발생추정면적),인천광역시,0.0
202600204FC01010101322006,논벼,기본조사,벼관찰포,2026,6,벼애나방(감수율),인천광역시,0.0
202600204FC01010101322006,논벼,기본조사,벼관찰포,2026,6,벼애나방(피해율),인천광역시,0.0
202600204FC01010101322006,논벼,기본조사,벼관찰포,2026,6,벼애나방(발생면적율),인천광역시,0.0
202600204FC01010101322006,논벼,기본조사,벼관찰포,2026,6,벼애잎굴파리(발생추정면적),인천광역시,0.0
202600204FC01010101322006,논벼,기본조사,벼관찰포,2026,6,벼애잎굴파리(감수율),인천광역시,0.0
202600204FC01010101322006,논벼,기본조사,벼관찰포,2026,6,벼애잎굴파리(피해율),인천광역시,0.0
202600204FC01010101322006,논벼,기본조사,벼관찰포,2026,6,벼애잎굴파리(발생면적율),인천광역시,0.0
202600204FC01010101322006,논벼,기본조사,벼관찰포,2026,6,벼줄기굴파리(발생추정면적),인천광역시,0.0
202600204FC01010101322006,논벼,기본조사,벼관찰포,2026,6,벼줄기굴파리(감수율),인천광역시,0.0
202600204FC01010101322006,논벼,기본조사,벼관찰포,2026,6,벼줄기굴파리(피해율),인천광역시,0.0
202600204FC01010101322006,논벼,기본조사,벼관찰포,2026,6,벼줄기굴파리(발생면적율),인천광역시,0.0
202600204FC01010101322006,논벼,기본조사,벼관찰포,2026,6,벼물바구미(발생추정면적),인천광역시,0.0
202600204FC01010101322006,논벼,기본조사,벼관찰포,2026,6,벼물바구미(감수율),인천광역시,0.0
202600204FC01010101322006,논벼,기본조사,벼관찰포,2026,6,벼물바구미(피해율),인천광역시,0.0
202600204FC01010101322006,논벼,기본조사,벼관찰포,2026,6,벼물바구미(발생면적율),인천광역시,0.0
202600204FC01010101322006,논벼,기본조사,벼관찰포,2026,6,애멸구(발생추정면적),인천광역시,0.0
202600204FC01010101322006,논벼,기본조사,벼관찰포,2026,6,애멸구(감수율),인천광역시,0.0
202600204FC01010101322006,논벼,기본조사,벼관찰포,2026,6,애멸구(피해율),인천광역시,0.0
202600204FC01010101322006,논벼,기본조사,벼관찰포,2026,6,애멸구(발생면적율),인천광역시,0.0
202600204FC01010101322006,논벼,기본조사,벼관찰포,2026,6,끝동매미충(발생추정면적),인천광역시,0.0
202600204FC01010101322006,논벼,기본조사,벼관찰포,2026,6,끝동매미충(감수율),인천광역시,0.0
202600204FC01010101322006,논벼,기본조사,벼관찰포,2026,6,끝동매미충(피해율),인천광역시,0.0
202600204FC01010101322006,논벼,기본조사,벼관찰포,2026,6,끝동매미충(발생면적율),인천광역시,0.0
202600204FC01010101322006,논벼,기본조사,벼관찰포,2026,6,멸강나방(발생추정면적),인천광역시,0.0
202600204FC01010101322006,논벼,기본조사,벼관찰포,2026,6,멸강나방(감수율),인천광역시,0.0
202600204FC01010101322006,논벼,기본조사,벼관찰포,2026,6,멸강나방(피해율),인천광역시,0.0
202600204FC01010101322006,논벼,기본조사,벼관찰포,2026,6,멸강나방(발생면적율),인천광역시,0.0
202600204FC01010101322006,논벼,기본조사,벼관찰포,2026,6,벼잎선충(발생추정면적),인천광역시,0.0
202600204FC01010101322006,논벼,기본조사,벼관찰포,2026,6,벼잎선충(감수율),인천광역시,0.0
202600204FC01010101322006,논벼,기본조사,벼관찰포,2026,6,벼잎선충(피해율),인천광역시,0.0
202600204FC01010101322006,논벼,기본조사,벼관찰포,2026,6,벼잎선충(발생면적율),인천광역시,0.0
202600204FC01010101322006,논벼,기본조사,벼관찰포,2026,6,잎도열병(발생추정면적),대전광역시,0.0
202600204FC01010101322006,논벼,기본조사,벼관찰포,2026,6,잎도열병(감수율),대전광역시,0.0
202600204FC01010101322006,논벼,기본조사,벼관찰포,2026,6,잎도열병(피해율),대전광역시,0.0
202600204FC01010101322006,논벼,기본조사,벼관찰포,2026,6,잎도열병(발생면적율),대전광역시,0.0
202600204FC01010101322006,논벼,기본조사,벼관찰포,2026,6,이삭도열병(발생추정면적),대전광역시,0.0
202600204FC01010101322006,논벼,기본조사,벼관찰포,2026,6,이삭도열병(감수율),대전광역시,0.0
202600204FC01010101322006,논벼,기본조사,벼관찰포,2026,6,이삭도열병(피해율),대전광역시,0.0
202600204FC01010101322006,논벼,기본조사,벼관찰포,2026,6,이삭도열병(발생면적율),대전광역시,0.0
202600204FC01010101322006,논벼,기본조사,벼관찰포,2026,6,세균벼알마름병(발생추정면적),대전광역시,0.0
202600204FC01010101322006,논벼,기본조사,벼관찰포,2026,6,세균벼알마름병(감수율),대전광역시,0.0
202600204FC01010101322006,논벼,기본조사,벼관찰포,2026,6,세균벼알마름병(피해율),대전광역시,0.0
202600204FC01010101322006,논벼,기본조사,벼관찰포,2026,6,세균벼알마름병(발생면적율),대전광역시,0.0
202600204FC01010101322006,논벼,기본조사,벼관찰포,2026,6,흰잎마름병(발생추정면적),대전광역시,0.0
202600204FC01010101322006,논벼,기본조사,벼관찰포,2026,6,흰잎마름병(감수율),대전광역시,0.0
202600204FC01010101322006,논벼,기본조사,벼관찰포,2026,6,흰잎마름병(피해율),대전광역시,0.0
202600204FC01010101322006,논벼,기본조사,벼관찰포,2026,6,흰잎마름병(발생면적율),대전광역시,0.0
202600204FC01010101322006,논벼,기본조사,벼관찰포,2026,6,깨씨무늬병(발생추정면적),대전광역시,0.0
202600204FC01010101322006,논벼,기본조사,벼관찰포,2026,6,깨씨무늬병(감수율),대전광역시,0.0
202600204FC01010101322006,논벼,기본조사,벼관찰포,2026,6,깨씨무늬병(피해율),대전광역시,0.0
202600204FC01010101322006,논벼,기본조사,벼관찰포,2026,6,깨씨무늬병(발생면적율),대전광역시,0.0
202600204FC01010101322006,논벼,기본조사,벼관찰포,2026,6,바이러스병(발생추정면적),대전광역시,0.0
202600204FC01010101322006,논벼,기본조사,벼관찰포,2026,6,바이러스병(감수율),대전광역시,0.0
202600204FC01010101322006,논벼,기본조사,벼관찰포,2026,6,바이러스병(피해율),대전광역시,0.0
202600204FC01010101322006,논벼,기본조사,벼관찰포,2026,6,바이러스병(발생면적율),대전광역시,0.0
202600204FC01010101322006,논벼,기본조사,벼관찰포,2026,6,이화명나방(발생추정면적),대전광역시,0.0
202600204FC01010101322006,논벼,기본조사,벼관찰포,2026,6,이화명나방(감수율),대전광역시,0.0
202600204FC01010101322006,논벼,기본조사,벼관찰포,2026,6,이화명나방(피해율),대전광역시,0.0
202600204FC01010101322006,논벼,기본조사,벼관찰포,2026,6,이화명나방(발생면적율),대전광역시,0.0
202600204FC01010101322006,논벼,기본조사,벼관찰포,2026,6,혹명나방(발생추정면적),대전광역시,0.0
202600204FC01010101322006,논벼,기본조사,벼관찰포,2026,6,혹명나방(감수율),대전광역시,0.0
202600204FC01010101322006,논벼,기본조사,벼관찰포,2026,6,혹명나방(피해율),대전광역시,0.0
202600204FC01010101322006,논벼,기본조사,벼관찰포,2026,6,혹명나방(발생면적율),대전광역시,0.0
202600204FC01010101322006,논벼,기본조사,벼관찰포,2026,6,먹노린재(발생추정면적),대전광역시,0.0
202600204FC01010101322006,논벼,기본조사,벼관찰포,2026,6,먹노린재(감수율),대전광역시,0.0
202600204FC01010101322006,논벼,기본조사,벼관찰포,2026,6,먹노린재(피해율),대전광역시,0.0
202600204FC01010101322006,논벼,기본조사,벼관찰포,2026,6,먹노린재(발생면적율),대전광역시,0.0
202600204FC01010101322006,논벼,기본조사,벼관찰포,2026,6,벼멸구(발생추정면적),대전광역시,0.0
202600204FC01010101322006,논벼,기본조사,벼관찰포,2026,6,벼멸구(감수율),대전광역시,0.0
202600204FC01010101322006,논벼,기본조사,벼관찰포,2026,6,벼멸구(피해율),대전광역시,0.0
202600204FC01010101322006,논벼,기본조사,벼관찰포,2026,6,벼멸구(발생면적율),대전광역시,0.0
202600204FC01010101322006,논벼,기본조사,벼관찰포,2026,6,흰등멸구(발생추정면적),대전광역시,0.0
202600204FC01010101322006,논벼,기본조사,벼관찰포,2026,6,흰등멸구(감수율),대전광역시,0.0
202600204FC01010101322006,논벼,기본조사,벼관찰포,2026,6,흰등멸구(피해율),대전광역시,0.0
202600204FC01010101322006,논벼,기본조사,벼관찰포,2026,6,흰등멸구(발생면적율),대전광역시,0.0
202600204FC01010101322006,논벼,기본조사,벼관찰포,2026,6,잎집무늬마름병(발생추정면적),대전광역시,0.0
202600204FC01010101322006,논벼,기본조사,벼관찰포,2026,6,잎집무늬마름병(감수율),대전광역시,0.0
202600204FC01010101322006,논벼,기본조사,벼관찰포,2026,6,잎집무늬마름병(피해율),대전광역시,0.0
202600204FC01010101322006,논벼,기본조사,벼관찰포,2026,6,잎집무늬마름병(발생면적율),대전광역시,0.0
202600204FC01010101322006,논벼,기본조사,벼관찰포,2026,6,키다리병(발생추정면적),대전광역시,0.0
202600204FC01010101322006,논벼,기본조사,벼관찰포,2026,6,키다리병(감수율),대전광역시,0.0
202600204FC01010101322006,논벼,기본조사,벼관찰포,2026,6,키다리병(피해율),대전광역시,0.0
202600204FC01010101322006,논벼,기본조사,벼관찰포,2026,6,키다리병(발생면적율),대전광역시,0.0
202600204FC01010101322006,논벼,기본조사,벼관찰포,2026,6,이삭누룩병(발생추정면적),대전광역시,0.0
202600204FC01010101322006,논벼,기본조사,벼관찰포,2026,6,이삭누룩병(감수율),대전광역시,0.0
202600204FC01010101322006,논벼,기본조사,벼관찰포,2026,6,이삭누룩병(피해율),대전광역시,0.0
202600204FC01010101322006,논벼,기본조사,벼관찰포,2026,6,이삭누룩병(발생면적율),대전광역시,0.0
202600204FC01010101322006,논벼,기본조사,벼관찰포,2026,6,벼잎벌레(발생추정면적),대전광역시,0.0
202600204FC01010101322006,논벼,기본조사,벼관찰포,2026,6,벼잎벌레(감수율),대전광역시,0.0
202600204FC01010101322006,논벼,기본조사,벼관찰포,2026,6,벼잎벌레(피해율),대전광역시,0.0
202600204FC01010101322006,논벼,기본조사,벼관찰포,2026,6,벼잎벌레(발생면적율),대전광역시,0.0
202600204FC01010101322006,논벼,기본조사,벼관찰포,2026,6,벼애나방(발생추정면적),대전광역시,0.0
202600204FC01010101322006,논벼,기본조사,벼관찰포,2026,6,벼애나방(감수율),대전광역시,0.0
202600204FC01010101322006,논벼,기본조사,벼관찰포,2026,6,벼애나방(피해율),대전광역시,0.0
202600204FC01010101322006,논벼,기본조사,벼관찰포,2026,6,벼애나방(발생면적율),대전광역시,0.0
202600204FC01010101322006,논벼,기본조사,벼관찰포,2026,6,벼애잎굴파리(발생추정면적),대전광역시,0.0
202600204FC01010101322006,논벼,기본조사,벼관찰포,2026,6,벼애잎굴파리(감수율),대전광역시,0.0
202600204FC01010101322006,논벼,기본조사,벼관찰포,2026,6,벼애잎굴파리(피해율),대전광역시,0.0
202600204FC01010101322006,논벼,기본조사,벼관찰포,2026,6,벼애잎굴파리(발생면적율),대전광역시,0.0
202600204FC01010101322006,논벼,기본조사,벼관찰포,2026,6,벼줄기굴파리(발생추정면적),대전광역시,0.0
202600204FC01010101322006,논벼,기본조사,벼관찰포,2026,6,벼줄기굴파리(감수율),대전광역시,0.0
202600204FC01010101322006,논벼,기본조사,벼관찰포,2026,6,벼줄기굴파리(피해율),대전광역시,0.0
202600204FC01010101322006,논벼,기본조사,벼관찰포,2026,6,벼줄기굴파리(발생면적율),대전광역시,0.0
202600204FC01010101322006,논벼,기본조사,벼관찰포,2026,6,벼물바구미(발생추정면적),대전광역시,0.0
202600204FC01010101322006,논벼,기본조사,벼관찰포,2026,6,벼물바구미(감수율),대전광역시,0.0
202600204FC01010101322006,논벼,기본조사,벼관찰포,2026,6,벼물바구미(피해율),대전광역시,0.0
202600204FC01010101322006,논벼,기본조사,벼관찰포,2026,6,벼물바구미(발생면적율),대전광역시,0.0
202600204FC01010101322006,논벼,기본조사,벼관찰포,2026,6,애멸구(발생추정면적),대전광역시,0.0
202600204FC01010101322006,논벼,기본조사,벼관찰포,2026,6,애멸구(감수율),대전광역시,0.0
202600204FC01010101322006,논벼,기본조사,벼관찰포,2026,6,애멸구(피해율),대전광역시,0.0
202600204FC01010101322006,논벼,기본조사,벼관찰포,2026,6,애멸구(발생면적율),대전광역시,0.0
202600204FC01010101322006,논벼,기본조사,벼관찰포,2026,6,끝동매미충(발생추정면적),대전광역시,0.0
202600204FC01010101322006,논벼,기본조사,벼관찰포,2026,6,끝동매미충(감수율),대전광역시,0.0
202600204FC01010101322006,논벼,기본조사,벼관찰포,2026,6,끝동매미충(피해율),대전광역시,0.0
202600204FC01010101322006,논벼,기본조사,벼관찰포,2026,6,끝동매미충(발생면적율),대전광역시,0.0
202600204FC01010101322006,논벼,기본조사,벼관찰포,2026,6,멸강나방(발생추정면적),대전광역시,0.0
202600204FC01010101322006,논벼,기본조사,벼관찰포,2026,6,멸강나방(감수율),대전광역시,0.0
202600204FC01010101322006,논벼,기본조사,벼관찰포,2026,6,멸강나방(피해율),대전광역시,0.0
202600204FC01010101322006,논벼,기본조사,벼관찰포,2026,6,멸강나방(발생면적율),대전광역시,0.0
202600204FC01010101322006,논벼,기본조사,벼관찰포,2026,6,벼잎선충(발생추정면적),대전광역시,0.0
202600204FC01010101322006,논벼,기본조사,벼관찰포,2026,6,벼잎선충(감수율),대전광역시,0.0
202600204FC01010101322006,논벼,기본조사,벼관찰포,2026,6,벼잎선충(피해율),대전광역시,0.0
202600204FC01010101322006,논벼,기본조사,벼관찰포,2026,6,벼잎선충(발생면적율),대전광역시,0.0
202600204FC01010101322006,논벼,기본조사,벼관찰포,2026,6,잎도열병(발생추정면적),울산광역시,0.0
202600204FC01010101322006,논벼,기본조사,벼관찰포,2026,6,잎도열병(감수율),울산광역시,0.0
202600204FC01010101322006,논벼,기본조사,벼관찰포,2026,6,잎도열병(피해율),울산광역시,0.0
202600204FC01010101322006,논벼,기본조사,벼관찰포,2026,6,잎도열병(발생면적율),울산광역시,0.0
202600204FC01010101322006,논벼,기본조사,벼관찰포,2026,6,이삭도열병(발생추정면적),울산광역시,0.0
202600204FC01010101322006,논벼,기본조사,벼관찰포,2026,6,이삭도열병(감수율),울산광역시,0.0
202600204FC01010101322006,논벼,기본조사,벼관찰포,2026,6,이삭도열병(피해율),울산광역시,0.0
202600204FC01010101322006,논벼,기본조사,벼관찰포,2026,6,이삭도열병(발생면적율),울산광역시,0.0
202600204FC01010101322006,논벼,기본조사,벼관찰포,2026,6,세균벼알마름병(발생추정면적),울산광역시,0.0
202600204FC01010101322006,논벼,기본조사,벼관찰포,2026,6,세균벼알마름병(감수율),울산광역시,0.0
202600204FC01010101322006,논벼,기본조사,벼관찰포,2026,6,세균벼알마름병(피해율),울산광역시,0.0
202600204FC01010101322006,논벼,기본조사,벼관찰포,2026,6,세균벼알마름병(발생면적율),울산광역시,0.0
202600204FC01010101322006,논벼,기본조사,벼관찰포,2026,6,흰잎마름병(발생추정면적),울산광역시,0.0
202600204FC01010101322006,논벼,기본조사,벼관찰포,2026,6,흰잎마름병(감수율),울산광역시,0.0
202600204FC01010101322006,논벼,기본조사,벼관찰포,2026,6,흰잎마름병(피해율),울산광역시,0.0
202600204FC01010101322006,논벼,기본조사,벼관찰포,2026,6,흰잎마름병(발생면적율),울산광역시,0.0
202600204FC01010101322006,논벼,기본조사,벼관찰포,2026,6,깨씨무늬병(발생추정면적),울산광역시,0.0
202600204FC01010101322006,논벼,기본조사,벼관찰포,2026,6,깨씨무늬병(감수율),울산광역시,0.0
202600204FC01010101322006,논벼,기본조사,벼관찰포,2026,6,깨씨무늬병(피해율),울산광역시,0.0
202600204FC01010101322006,논벼,기본조사,벼관찰포,2026,6,깨씨무늬병(발생면적율),울산광역시,0.0
202600204FC01010101322006,논벼,기본조사,벼관찰포,2026,6,바이러스병(발생추정면적),울산광역시,0.0
202600204FC01010101322006,논벼,기본조사,벼관찰포,2026,6,바이러스병(감수율),울산광역시,0.0
202600204FC01010101322006,논벼,기본조사,벼관찰포,2026,6,바이러스병(피해율),울산광역시,0.0
202600204FC01010101322006,논벼,기본조사,벼관찰포,2026,6,바이러스병(발생면적율),울산광역시,0.0
202600204FC01010101322006,논벼,기본조사,벼관찰포,2026,6,이화명나방(발생추정면적),울산광역시,0.0
202600204FC01010101322006,논벼,기본조사,벼관찰포,2026,6,이화명나방(감수율),울산광역시,0.0
202600204FC01010101322006,논벼,기본조사,벼관찰포,2026,6,이화명나방(피해율),울산광역시,0.0
202600204FC01010101322006,논벼,기본조사,벼관찰포,2026,6,이화명나방(발생면적율),울산광역시,0.0
202600204FC01010101322006,논벼,기본조사,벼관찰포,2026,6,혹명나방(발생추정면적),울산광역시,0.0
202600204FC01010101322006,논벼,기본조사,벼관찰포,2026,6,혹명나방(감수율),울산광역시,0.0
202600204FC01010101322006,논벼,기본조사,벼관찰포,2026,6,혹명나방(피해율),울산광역시,0.0
202600204FC01010101322006,논벼,기본조사,벼관찰포,2026,6,혹명나방(발생면적율),울산광역시,0.0
202600204FC01010101322006,논벼,기본조사,벼관찰포,2026,6,먹노린재(발생추정면적),울산광역시,0.0
202600204FC01010101322006,논벼,기본조사,벼관찰포,2026,6,먹노린재(감수율),울산광역시,0.0
202600204FC01010101322006,논벼,기본조사,벼관찰포,2026,6,먹노린재(피해율),울산광역시,0.0
202600204FC01010101322006,논벼,기본조사,벼관찰포,2026,6,먹노린재(발생면적율),울산광역시,0.0
202600204FC01010101322006,논벼,기본조사,벼관찰포,2026,6,벼멸구(발생추정면적),울산광역시,0.0
202600204FC01010101322006,논벼,기본조사,벼관찰포,2026,6,벼멸구(감수율),울산광역시,0.0
202600204FC01010101322006,논벼,기본조사,벼관찰포,2026,6,벼멸구(피해율),울산광역시,0.0
202600204FC01010101322006,논벼,기본조사,벼관찰포,2026,6,벼멸구(발생면적율),울산광역시,0.0
202600204FC01010101322006,논벼,기본조사,벼관찰포,2026,6,흰등멸구(발생추정면적),울산광역시,0.0
202600204FC01010101322006,논벼,기본조사,벼관찰포,2026,6,흰등멸구(감수율),울산광역시,0.0
202600204FC01010101322006,논벼,기본조사,벼관찰포,2026,6,흰등멸구(피해율),울산광역시,0.0
202600204FC01010101322006,논벼,기본조사,벼관찰포,2026,6,흰등멸구(발생면적율),울산광역시,0.0
202600204FC01010101322006,논벼,기본조사,벼관찰포,2026,6,잎집무늬마름병(발생추정면적),울산광역시,0.0
202600204FC01010101322006,논벼,기본조사,벼관찰포,2026,6,잎집무늬마름병(감수율),울산광역시,0.0
202600204FC01010101322006,논벼,기본조사,벼관찰포,2026,6,잎집무늬마름병(피해율),울산광역시,0.0
202600204FC01010101322006,논벼,기본조사,벼관찰포,2026,6,잎집무늬마름병(발생면적율),울산광역시,0.0
202600204FC01010101322006,논벼,기본조사,벼관찰포,2026,6,키다리병(발생추정면적),울산광역시,0.0
202600204FC01010101322006,논벼,기본조사,벼관찰포,2026,6,키다리병(감수율),울산광역시,0.0
202600204FC01010101322006,논벼,기본조사,벼관찰포,2026,6,키다리병(피해율),울산광역시,0.0
202600204FC01010101322006,논벼,기본조사,벼관찰포,2026,6,키다리병(발생면적율),울산광역시,0.0
202600204FC01010101322006,논벼,기본조사,벼관찰포,2026,6,이삭누룩병(발생추정면적),울산광역시,0.0
202600204FC01010101322006,논벼,기본조사,벼관찰포,2026,6,이삭누룩병(감수율),울산광역시,0.0
202600204FC01010101322006,논벼,기본조사,벼관찰포,2026,6,이삭누룩병(피해율),울산광역시,0.0
202600204FC01010101322006,논벼,기본조사,벼관찰포,2026,6,이삭누룩병(발생면적율),울산광역시,0.0
202600204FC01010101322006,논벼,기본조사,벼관찰포,2026,6,벼잎벌레(발생추정면적),울산광역시,0.0
202600204FC01010101322006,논벼,기본조사,벼관찰포,2026,6,벼잎벌레(감수율),울산광역시,0.0
202600204FC01010101322006,논벼,기본조사,벼관찰포,2026,6,벼잎벌레(피해율),울산광역시,0.0
202600204FC01010101322006,논벼,기본조사,벼관찰포,2026,6,벼잎벌레(발생면적율),울산광역시,0.0
202600204FC01010101322006,논벼,기본조사,벼관찰포,2026,6,벼애나방(발생추정면적),울산광역시,0.0
202600204FC01010101322006,논벼,기본조사,벼관찰포,2026,6,벼애나방(감수율),울산광역시,0.0
202600204FC01010101322006,논벼,기본조사,벼관찰포,2026,6,벼애나방(피해율),울산광역시,0.0
202600204FC01010101322006,논벼,기본조사,벼관찰포,2026,6,벼애나방(발생면적율),울산광역시,0.0
202600204FC01010101322006,논벼,기본조사,벼관찰포,2026,6,벼애잎굴파리(발생추정면적),울산광역시,0.0
202600204FC01010101322006,논벼,기본조사,벼관찰포,2026,6,벼애잎굴파리(감수율),울산광역시,0.0
202600204FC01010101322006,논벼,기본조사,벼관찰포,2026,6,벼애잎굴파리(피해율),울산광역시,0.0
202600204FC01010101322006,논벼,기본조사,벼관찰포,2026,6,벼애잎굴파리(발생면적율),울산광역시,0.0
202600204FC01010101322006,논벼,기본조사,벼관찰포,2026,6,벼줄기굴파리(발생추정면적),울산광역시,0.0
202600204FC01010101322006,논벼,기본조사,벼관찰포,2026,6,벼줄기굴파리(감수율),울산광역시,0.0
202600204FC01010101322006,논벼,기본조사,벼관찰포,2026,6,벼줄기굴파리(피해율),울산광역시,0.0
202600204FC01010101322006,논벼,기본조사,벼관찰포,2026,6,벼줄기굴파리(발생면적율),울산광역시,0.0
202600204FC01010101322006,논벼,기본조사,벼관찰포,2026,6,벼물바구미(발생추정면적),울산광역시,0.0
202600204FC01010101322006,논벼,기본조사,벼관찰포,2026,6,벼물바구미(감수율),울산광역시,0.0
202600204FC01010101322006,논벼,기본조사,벼관찰포,2026,6,벼물바구미(피해율),울산광역시,0.0
202600204FC01010101322006,논벼,기본조사,벼관찰포,2026,6,벼물바구미(발생면적율),울산광역시,0.0
202600204FC01010101322006,논벼,기본조사,벼관찰포,2026,6,애멸구(발생추정면적),울산광역시,0.0
202600204FC01010101322006,논벼,기본조사,벼관찰포,2026,6,애멸구(감수율),울산광역시,0.0
202600204FC01010101322006,논벼,기본조사,벼관찰포,2026,6,애멸구(피해율),울산광역시,0.0
202600204FC01010101322006,논벼,기본조사,벼관찰포,2026,6,애멸구(발생면적율),울산광역시,0.0
202600204FC01010101322006,논벼,기본조사,벼관찰포,2026,6,끝동매미충(발생추정면적),울산광역시,0.0
202600204FC01010101322006,논벼,기본조사,벼관찰포,2026,6,끝동매미충(감수율),울산광역시,0.0
202600204FC01010101322006,논벼,기본조사,벼관찰포,2026,6,끝동매미충(피해율),울산광역시,0.0
202600204FC01010101322006,논벼,기본조사,벼관찰포,2026,6,끝동매미충(발생면적율),울산광역시,0.0
202600204FC01010101322006,논벼,기본조사,벼관찰포,2026,6,멸강나방(발생추정면적),울산광역시,0.0
202600204FC01010101322006,논벼,기본조사,벼관찰포,2026,6,멸강나방(감수율),울산광역시,0.0
202600204FC01010101322006,논벼,기본조사,벼관찰포,2026,6,멸강나방(피해율),울산광역시,0.0
202600204FC01010101322006,논벼,기본조사,벼관찰포,2026,6,멸강나방(발생면적율),울산광역시,0.0
202600204FC01010101322006,논벼,기본조사,벼관찰포,2026,6,벼잎선충(발생추정면적),울산광역시,0.0
202600204FC01010101322006,논벼,기본조사,벼관찰포,2026,6,벼잎선충(감수율),울산광역시,0.0
202600204FC01010101322006,논벼,기본조사,벼관찰포,2026,6,벼잎선충(피해율),울산광역시,0.0
202600204FC01010101322006,논벼,기본조사,벼관찰포,2026,6,벼잎선충(발생면적율),울산광역시,0.0
202600204FC01010101322006,논벼,기본조사,벼관찰포,2026,6,잎도열병(발생추정면적),세종특별자치시,0.0
202600204FC01010101322006,논벼,기본조사,벼관찰포,2026,6,잎도열병(감수율),세종특별자치시,0.0
202600204FC01010101322006,논벼,기본조사,벼관찰포,2026,6,잎도열병(피해율),세종특별자치시,0.0
202600204FC01010101322006,논벼,기본조사,벼관찰포,2026,6,잎도열병(발생면적율),세종특별자치시,0.0
202600204FC01010101322006,논벼,기본조사,벼관찰포,2026,6,이삭도열병(발생추정면적),세종특별자치시,0.0
202600204FC01010101322006,논벼,기본조사,벼관찰포,2026,6,이삭도열병(감수율),세종특별자치시,0.0
202600204FC01010101322006,논벼,기본조사,벼관찰포,2026,6,이삭도열병(피해율),세종특별자치시,0.0
202600204FC01010101322006,논벼,기본조사,벼관찰포,2026,6,이삭도열병(발생면적율),세종특별자치시,0.0
202600204FC01010101322006,논벼,기본조사,벼관찰포,2026,6,세균벼알마름병(발생추정면적),세종특별자치시,0.0
202600204FC01010101322006,논벼,기본조사,벼관찰포,2026,6,세균벼알마름병(감수율),세종특별자치시,0.0
202600204FC01010101322006,논벼,기본조사,벼관찰포,2026,6,세균벼알마름병(피해율),세종특별자치시,0.0
202600204FC01010101322006,논벼,기본조사,벼관찰포,2026,6,세균벼알마름병(발생면적율),세종특별자치시,0.0
202600204FC01010101322006,논벼,기본조사,벼관찰포,2026,6,흰잎마름병(발생추정면적),세종특별자치시,0.0
202600204FC01010101322006,논벼,기본조사,벼관찰포,2026,6,흰잎마름병(감수율),세종특별자치시,0.0
202600204FC01010101322006,논벼,기본조사,벼관찰포,2026,6,흰잎마름병(피해율),세종특별자치시,0.0
202600204FC01010101322006,논벼,기본조사,벼관찰포,2026,6,흰잎마름병(발생면적율),세종특별자치시,0.0
202600204FC01010101322006,논벼,기본조사,벼관찰포,2026,6,깨씨무늬병(발생추정면적),세종특별자치시,0.0
202600204FC01010101322006,논벼,기본조사,벼관찰포,2026,6,깨씨무늬병(감수율),세종특별자치시,0.0
202600204FC01010101322006,논벼,기본조사,벼관찰포,2026,6,깨씨무늬병(피해율),세종특별자치시,0.0
202600204FC01010101322006,논벼,기본조사,벼관찰포,2026,6,깨씨무늬병(발생면적율),세종특별자치시,0.0
202600204FC01010101322006,논벼,기본조사,벼관찰포,2026,6,바이러스병(발생추정면적),세종특별자치시,0.0
202600204FC01010101322006,논벼,기본조사,벼관찰포,2026,6,바이러스병(감수율),세종특별자치시,0.0
202600204FC01010101322006,논벼,기본조사,벼관찰포,2026,6,바이러스병(피해율),세종특별자치시,0.0
202600204FC01010101322006,논벼,기본조사,벼관찰포,2026,6,바이러스병(발생면적율),세종특별자치시,0.0
202600204FC01010101322006,논벼,기본조사,벼관찰포,2026,6,이화명나방(발생추정면적),세종특별자치시,0.0
202600204FC01010101322006,논벼,기본조사,벼관찰포,2026,6,이화명나방(감수율),세종특별자치시,0.0
202600204FC01010101322006,논벼,기본조사,벼관찰포,2026,6,이화명나방(피해율),세종특별자치시,0.0
202600204FC01010101322006,논벼,기본조사,벼관찰포,2026,6,이화명나방(발생면적율),세종특별자치시,0.0
202600204FC01010101322006,논벼,기본조사,벼관찰포,2026,6,혹명나방(발생추정면적),세종특별자치시,0.0
202600204FC01010101322006,논벼,기본조사,벼관찰포,2026,6,혹명나방(감수율),세종특별자치시,0.0
202600204FC01010101322006,논벼,기본조사,벼관찰포,2026,6,혹명나방(피해율),세종특별자치시,0.0
202600204FC01010101322006,논벼,기본조사,벼관찰포,2026,6,혹명나방(발생면적율),세종특별자치시,0.0
202600204FC01010101322006,논벼,기본조사,벼관찰포,2026,6,먹노린재(발생추정면적),세종특별자치시,0.0
202600204FC01010101322006,논벼,기본조사,벼관찰포,2026,6,먹노린재(감수율),세종특별자치시,0.0
202600204FC01010101322006,논벼,기본조사,벼관찰포,2026,6,먹노린재(피해율),세종특별자치시,0.0
202600204FC01010101322006,논벼,기본조사,벼관찰포,2026,6,먹노린재(발생면적율),세종특별자치시,0.0
202600204FC01010101322006,논벼,기본조사,벼관찰포,2026,6,벼멸구(발생추정면적),세종특별자치시,0.0
202600204FC01010101322006,논벼,기본조사,벼관찰포,2026,6,벼멸구(감수율),세종특별자치시,0.0
202600204FC01010101322006,논벼,기본조사,벼관찰포,2026,6,벼멸구(피해율),세종특별자치시,0.0
202600204FC01010101322006,논벼,기본조사,벼관찰포,2026,6,벼멸구(발생면적율),세종특별자치시,0.0
202600204FC01010101322006,논벼,기본조사,벼관찰포,2026,6,흰등멸구(발생추정면적),세종특별자치시,0.0
202600204FC01010101322006,논벼,기본조사,벼관찰포,2026,6,흰등멸구(감수율),세종특별자치시,0.0
202600204FC01010101322006,논벼,기본조사,벼관찰포,2026,6,흰등멸구(피해율),세종특별자치시,0.0
202600204FC01010101322006,논벼,기본조사,벼관찰포,2026,6,흰등멸구(발생면적율),세종특별자치시,0.0
202600204FC01010101322006,논벼,기본조사,벼관찰포,2026,6,잎집무늬마름병(발생추정면적),세종특별자치시,0.0
202600204FC01010101322006,논벼,기본조사,벼관찰포,2026,6,잎집무늬마름병(감수율),세종특별자치시,0.0
202600204FC01010101322006,논벼,기본조사,벼관찰포,2026,6,잎집무늬마름병(피해율),세종특별자치시,0.0
202600204FC01010101322006,논벼,기본조사,벼관찰포,2026,6,잎집무늬마름병(발생면적율),세종특별자치시,0.0
202600204FC01010101322006,논벼,기본조사,벼관찰포,2026,6,키다리병(발생추정면적),세종특별자치시,0.0
202600204FC01010101322006,논벼,기본조사,벼관찰포,2026,6,키다리병(감수율),세종특별자치시,0.0
202600204FC01010101322006,논벼,기본조사,벼관찰포,2026,6,키다리병(피해율),세종특별자치시,0.0
202600204FC01010101322006,논벼,기본조사,벼관찰포,2026,6,키다리병(발생면적율),세종특별자치시,0.0
202600204FC01010101322006,논벼,기본조사,벼관찰포,2026,6,이삭누룩병(발생추정면적),세종특별자치시,0.0
202600204FC01010101322006,논벼,기본조사,벼관찰포,2026,6,이삭누룩병(감수율),세종특별자치시,0.0
202600204FC01010101322006,논벼,기본조사,벼관찰포,2026,6,이삭누룩병(피해율),세종특별자치시,0.0
202600204FC01010101322006,논벼,기본조사,벼관찰포,2026,6,이삭누룩병(발생면적율),세종특별자치시,0.0
202600204FC01010101322006,논벼,기본조사,벼관찰포,2026,6,벼잎벌레(발생추정면적),세종특별자치시,0.0
202600204FC01010101322006,논벼,기본조사,벼관찰포,2026,6,벼잎벌레(감수율),세종특별자치시,0.0
202600204FC01010101322006,논벼,기본조사,벼관찰포,2026,6,벼잎벌레(피해율),세종특별자치시,0.0
202600204FC01010101322006,논벼,기본조사,벼관찰포,2026,6,벼잎벌레(발생면적율),세종특별자치시,0.0
202600204FC01010101322006,논벼,기본조사,벼관찰포,2026,6,벼애나방(발생추정면적),세종특별자치시,0.0
202600204FC01010101322006,논벼,기본조사,벼관찰포,2026,6,벼애나방(감수율),세종특별자치시,0.0
202600204FC01010101322006,논벼,기본조사,벼관찰포,2026,6,벼애나방(피해율),세종특별자치시,0.0
202600204FC01010101322006,논벼,기본조사,벼관찰포,2026,6,벼애나방(발생면적율),세종특별자치시,0.0
202600204FC01010101322006,논벼,기본조사,벼관찰포,2026,6,벼애잎굴파리(발생추정면적),세종특별자치시,0.0
202600204FC01010101322006,논벼,기본조사,벼관찰포,2026,6,벼애잎굴파리(감수율),세종특별자치시,0.0
202600204FC01010101322006,논벼,기본조사,벼관찰포,2026,6,벼애잎굴파리(피해율),세종특별자치시,0.0
202600204FC01010101322006,논벼,기본조사,벼관찰포,2026,6,벼애잎굴파리(발생면적율),세종특별자치시,0.0
202600204FC01010101322006,논벼,기본조사,벼관찰포,2026,6,벼줄기굴파리(발생추정면적),세종특별자치시,0.0
202600204FC01010101322006,논벼,기본조사,벼관찰포,2026,6,벼줄기굴파리(감수율),세종특별자치시,0.0
202600204FC01010101322006,논벼,기본조사,벼관찰포,2026,6,벼줄기굴파리(피해율),세종특별자치시,0.0
202600204FC01010101322006,논벼,기본조사,벼관찰포,2026,6,벼줄기굴파리(발생면적율),세종특별자치시,0.0
202600204FC01010101322006,논벼,기본조사,벼관찰포,2026,6,벼물바구미(발생추정면적),세종특별자치시,0.0
202600204FC01010101322006,논벼,기본조사,벼관찰포,2026,6,벼물바구미(감수율),세종특별자치시,0.0
202600204FC01010101322006,논벼,기본조사,벼관찰포,2026,6,벼물바구미(피해율),세종특별자치시,0.0
202600204FC01010101322006,논벼,기본조사,벼관찰포,2026,6,벼물바구미(발생면적율),세종특별자치시,0.0
202600204FC01010101322006,논벼,기본조사,벼관찰포,2026,6,애멸구(발생추정면적),세종특별자치시,0.0
202600204FC01010101322006,논벼,기본조사,벼관찰포,2026,6,애멸구(감수율),세종특별자치시,0.0
202600204FC01010101322006,논벼,기본조사,벼관찰포,2026,6,애멸구(피해율),세종특별자치시,0.0
202600204FC01010101322006,논벼,기본조사,벼관찰포,2026,6,애멸구(발생면적율),세종특별자치시,0.0
202600204FC01010101322006,논벼,기본조사,벼관찰포,2026,6,끝동매미충(발생추정면적),세종특별자치시,0.0
202600204FC01010101322006,논벼,기본조사,벼관찰포,2026,6,끝동매미충(감수율),세종특별자치시,0.0
202600204FC01010101322006,논벼,기본조사,벼관찰포,2026,6,끝동매미충(피해율),세종특별자치시,0.0
202600204FC01010101322006,논벼,기본조사,벼관찰포,2026,6,끝동매미충(발생면적율),세종특별자치시,0.0
202600204FC01010101322006,논벼,기본조사,벼관찰포,2026,6,멸강나방(발생추정면적),세종특별자치시,0.0
202600204FC01010101322006,논벼,기본조사,벼관찰포,2026,6,멸강나방(감수율),세종특별자치시,0.0
202600204FC01010101322006,논벼,기본조사,벼관찰포,2026,6,멸강나방(피해율),세종특별자치시,0.0
202600204FC01010101322006,논벼,기본조사,벼관찰포,2026,6,멸강나방(발생면적율),세종특별자치시,0.0
202600204FC01010101322006,논벼,기본조사,벼관찰포,2026,6,벼잎선충(발생추정면적),세종특별자치시,0.0
202600204FC01010101322006,논벼,기본조사,벼관찰포,2026,6,벼잎선충(감수율),세종특별자치시,0.0
202600204FC01010101322006,논벼,기본조사,벼관찰포,2026,6,벼잎선충(피해율),세종특별자치시,0.0
202600204FC01010101322006,논벼,기본조사,벼관찰포,2026,6,벼잎선충(발생면적율),세종특별자치시,0.0
202600204FC01010101322006,논벼,기본조사,벼관찰포,2026,6,잎도열병(발생추정면적),경기도,0.0
202600204FC01010101322006,논벼,기본조사,벼관찰포,2026,6,잎도열병(감수율),경기도,0.0
202600204FC01010101322006,논벼,기본조사,벼관찰포,2026,6,잎도열병(피해율),경기도,0.0
202600204FC01010101322006,논벼,기본조사,벼관찰포,2026,6,잎도열병(발생면적율),경기도,0.0
202600204FC01010101322006,논벼,기본조사,벼관찰포,2026,6,이삭도열병(발생추정면적),경기도,0.0
202600204FC01010101322006,논벼,기본조사,벼관찰포,2026,6,이삭도열병(감수율),경기도,0.0
202600204FC01010101322006,논벼,기본조사,벼관찰포,2026,6,이삭도열병(피해율),경기도,0.0
202600204FC01010101322006,논벼,기본조사,벼관찰포,2026,6,이삭도열병(발생면적율),경기도,0.0
202600204FC01010101322006,논벼,기본조사,벼관찰포,2026,6,세균벼알마름병(발생추정면적),경기도,0.0
202600204FC01010101322006,논벼,기본조사,벼관찰포,2026,6,세균벼알마름병(감수율),경기도,0.0
202600204FC01010101322006,논벼,기본조사,벼관찰포,2026,6,세균벼알마름병(피해율),경기도,0.0
202600204FC01010101322006,논벼,기본조사,벼관찰포,2026,6,세균벼알마름병(발생면적율),경기도,0.0
202600204FC01010101322006,논벼,기본조사,벼관찰포,2026,6,흰잎마름병(발생추정면적),경기도,0.0
202600204FC01010101322006,논벼,기본조사,벼관찰포,2026,6,흰잎마름병(감수율),경기도,0.0
202600204FC01010101322006,논벼,기본조사,벼관찰포,2026,6,흰잎마름병(피해율),경기도,0.0
202600204FC01010101322006,논벼,기본조사,벼관찰포,2026,6,흰잎마름병(발생면적율),경기도,0.0
202600204FC01010101322006,논벼,기본조사,벼관찰포,2026,6,깨씨무늬병(발생추정면적),경기도,0.0
202600204FC01010101322006,논벼,기본조사,벼관찰포,2026,6,깨씨무늬병(감수율),경기도,0.0
202600204FC01010101322006,논벼,기본조사,벼관찰포,2026,6,깨씨무늬병(피해율),경기도,0.0
202600204FC01010101322006,논벼,기본조사,벼관찰포,2026,6,깨씨무늬병(발생면적율),경기도,0.0
202600204FC01010101322006,논벼,기본조사,벼관찰포,2026,6,바이러스병(발생추정면적),경기도,0.0
202600204FC01010101322006,논벼,기본조사,벼관찰포,2026,6,바이러스병(감수율),경기도,0.0
202600204FC01010101322006,논벼,기본조사,벼관찰포,2026,6,바이러스병(피해율),경기도,0.0
202600204FC01010101322006,논벼,기본조사,벼관찰포,2026,6,바이러스병(발생면적율),경기도,0.0
202600204FC01010101322006,논벼,기본조사,벼관찰포,2026,6,이화명나방(발생추정면적),경기도,0.0
202600204FC01010101322006,논벼,기본조사,벼관찰포,2026,6,이화명나방(감수율),경기도,0.0
202600204FC01010101322006,논벼,기본조사,벼관찰포,2026,6,이화명나방(피해율),경기도,0.0
202600204FC01010101322006,논벼,기본조사,벼관찰포,2026,6,이화명나방(발생면적율),경기도,0.0
202600204FC01010101322006,논벼,기본조사,벼관찰포,2026,6,혹명나방(발생추정면적),경기도,0.0
202600204FC01010101322006,논벼,기본조사,벼관찰포,2026,6,혹명나방(감수율),경기도,0.0
202600204FC01010101322006,논벼,기본조사,벼관찰포,2026,6,혹명나방(피해율),경기도,0.0
202600204FC01010101322006,논벼,기본조사,벼관찰포,2026,6,혹명나방(발생면적율),경기도,0.0
202600204FC01010101322006,논벼,기본조사,벼관찰포,2026,6,먹노린재(발생추정면적),경기도,0.0
202600204FC01010101322006,논벼,기본조사,벼관찰포,2026,6,먹노린재(감수율),경기도,0.0
202600204FC01010101322006,논벼,기본조사,벼관찰포,2026,6,먹노린재(피해율),경기도,0.0
202600204FC01010101322006,논벼,기본조사,벼관찰포,2026,6,먹노린재(발생면적율),경기도,0.0
202600204FC01010101322006,논벼,기본조사,벼관찰포,2026,6,벼멸구(발생추정면적),경기도,0.0
202600204FC01010101322006,논벼,기본조사,벼관찰포,2026,6,벼멸구(감수율),경기도,0.0
202600204FC01010101322006,논벼,기본조사,벼관찰포,2026,6,벼멸구(피해율),경기도,0.0
202600204FC01010101322006,논벼,기본조사,벼관찰포,2026,6,벼멸구(발생면적율),경기도,0.0
202600204FC01010101322006,논벼,기본조사,벼관찰포,2026,6,흰등멸구(발생추정면적),경기도,0.0
202600204FC01010101322006,논벼,기본조사,벼관찰포,2026,6,흰등멸구(감수율),경기도,0.0
202600204FC01010101322006,논벼,기본조사,벼관찰포,2026,6,흰등멸구(피해율),경기도,0.0
202600204FC01010101322006,논벼,기본조사,벼관찰포,2026,6,흰등멸구(발생면적율),경기도,0.0
202600204FC01010101322006,논벼,기본조사,벼관찰포,2026,6,잎집무늬마름병(발생추정면적),경기도,0.0
202600204FC01010101322006,논벼,기본조사,벼관찰포,2026,6,잎집무늬마름병(감수율),경기도,0.0
202600204FC01010101322006,논벼,기본조사,벼관찰포,2026,6,잎집무늬마름병(피해율),경기도,0.0
202600204FC01010101322006,논벼,기본조사,벼관찰포,2026,6,잎집무늬마름병(발생면적율),경기도,0.0
202600204FC01010101322006,논벼,기본조사,벼관찰포,2026,6,키다리병(발생추정면적),경기도,0.0
202600204FC01010101322006,논벼,기본조사,벼관찰포,2026,6,키다리병(감수율),경기도,0.0
202600204FC01010101322006,논벼,기본조사,벼관찰포,2026,6,키다리병(피해율),경기도,0.0
202600204FC01010101322006,논벼,기본조사,벼관찰포,2026,6,키다리병(발생면적율),경기도,0.0
202600204FC01010101322006,논벼,기본조사,벼관찰포,2026,6,이삭누룩병(발생추정면적),경기도,0.0
202600204FC01010101322006,논벼,기본조사,벼관찰포,2026,6,이삭누룩병(감수율),경기도,0.0
202600204FC01010101322006,논벼,기본조사,벼관찰포,2026,6,이삭누룩병(피해율),경기도,0.0
202600204FC01010101322006,논벼,기본조사,벼관찰포,2026,6,이삭누룩병(발생면적율),경기도,0.0
202600204FC01010101322006,논벼,기본조사,벼관찰포,2026,6,벼잎벌레(발생추정면적),경기도,0.0
202600204FC01010101322006,논벼,기본조사,벼관찰포,2026,6,벼잎벌레(감수율),경기도,0.0
202600204FC01010101322006,논벼,기본조사,벼관찰포,2026,6,벼잎벌레(피해율),경기도,0.0
202600204FC01010101322006,논벼,기본조사,벼관찰포,2026,6,벼잎벌레(발생면적율),경기도,0.0
202600204FC01010101322006,논벼,기본조사,벼관찰포,2026,6,벼애나방(발생추정면적),경기도,0.0
202600204FC01010101322006,논벼,기본조사,벼관찰포,2026,6,벼애나방(감수율),경기도,0.0
202600204FC01010101322006,논벼,기본조사,벼관찰포,2026,6,벼애나방(피해율),경기도,0.0
202600204FC01010101322006,논벼,기본조사,벼관찰포,2026,6,벼애나방(발생면적율),경기도,0.0
202600204FC01010101322006,논벼,기본조사,벼관찰포,2026,6,벼애잎굴파리(발생추정면적),경기도,0.0
202600204FC01010101322006,논벼,기본조사,벼관찰포,2026,6,벼애잎굴파리(감수율),경기도,0.0
202600204FC01010101322006,논벼,기본조사,벼관찰포,2026,6,벼애잎굴파리(피해율),경기도,0.0
202600204FC01010101322006,논벼,기본조사,벼관찰포,2026,6,벼애잎굴파리(발생면적율),경기도,0.0
202600204FC01010101322006,논벼,기본조사,벼관찰포,2026,6,벼줄기굴파리(발생추정면적),경기도,0.0
202600204FC01010101322006,논벼,기본조사,벼관찰포,2026,6,벼줄기굴파리(감수율),경기도,0.0
202600204FC01010101322006,논벼,기본조사,벼관찰포,2026,6,벼줄기굴파리(피해율),경기도,0.0
202600204FC01010101322006,논벼,기본조사,벼관찰포,2026,6,벼줄기굴파리(발생면적율),경기도,0.0
202600204FC01010101322006,논벼,기본조사,벼관찰포,2026,6,벼물바구미(발생추정면적),경기도,0.0
202600204FC01010101322006,논벼,기본조사,벼관찰포,2026,6,벼물바구미(감수율),경기도,0.0
202600204FC01010101322006,논벼,기본조사,벼관찰포,2026,6,벼물바구미(피해율),경기도,0.0
202600204FC01010101322006,논벼,기본조사,벼관찰포,2026,6,벼물바구미(발생면적율),경기도,0.0
202600204FC01010101322006,논벼,기본조사,벼관찰포,2026,6,애멸구(발생추정면적),경기도,0.0
202600204FC01010101322006,논벼,기본조사,벼관찰포,2026,6,애멸구(감수율),경기도,0.0
202600204FC01010101322006,논벼,기본조사,벼관찰포,2026,6,애멸구(피해율),경기도,0.0
202600204FC01010101322006,논벼,기본조사,벼관찰포,2026,6,애멸구(발생면적율),경기도,0.0
202600204FC01010101322006,논벼,기본조사,벼관찰포,2026,6,끝동매미충(발생추정면적),경기도,0.0
202600204FC01010101322006,논벼,기본조사,벼관찰포,2026,6,끝동매미충(감수율),경기도,0.0
202600204FC01010101322006,논벼,기본조사,벼관찰포,2026,6,끝동매미충(피해율),경기도,0.0
202600204FC01010101322006,논벼,기본조사,벼관찰포,2026,6,끝동매미충(발생면적율),경기도,0.0
202600204FC01010101322006,논벼,기본조사,벼관찰포,2026,6,멸강나방(발생추정면적),경기도,0.0
202600204FC01010101322006,논벼,기본조사,벼관찰포,2026,6,멸강나방(감수율),경기도,0.0
202600204FC01010101322006,논벼,기본조사,벼관찰포,2026,6,멸강나방(피해율),경기도,0.0
202600204FC01010101322006,논벼,기본조사,벼관찰포,2026,6,멸강나방(발생면적율),경기도,0.0
202600204FC01010101322006,논벼,기본조사,벼관찰포,2026,6,벼잎선충(발생추정면적),경기도,0.0
202600204FC01010101322006,논벼,기본조사,벼관찰포,2026,6,벼잎선충(감수율),경기도,0.0
202600204FC01010101322006,논벼,기본조사,벼관찰포,2026,6,벼잎선충(피해율),경기도,0.0
202600204FC01010101322006,논벼,기본조사,벼관찰포,2026,6,벼잎선충(발생면적율),경기도,0.0
202600204FC01010101322006,논벼,기본조사,벼관찰포,2026,6,잎도열병(발생추정면적),강원특별자치도,0.0
202600204FC01010101322006,논벼,기본조사,벼관찰포,2026,6,잎도열병(감수율),강원특별자치도,0.0
202600204FC01010101322006,논벼,기본조사,벼관찰포,2026,6,잎도열병(피해율),강원특별자치도,0.0
202600204FC01010101322006,논벼,기본조사,벼관찰포,2026,6,잎도열병(발생면적율),강원특별자치도,0.0
202600204FC01010101322006,논벼,기본조사,벼관찰포,2026,6,이삭도열병(발생추정면적),강원특별자치도,0.0
202600204FC01010101322006,논벼,기본조사,벼관찰포,2026,6,이삭도열병(감수율),강원특별자치도,0.0
202600204FC01010101322006,논벼,기본조사,벼관찰포,2026,6,이삭도열병(피해율),강원특별자치도,0.0
202600204FC01010101322006,논벼,기본조사,벼관찰포,2026,6,이삭도열병(발생면적율),강원특별자치도,0.0
202600204FC01010101322006,논벼,기본조사,벼관찰포,2026,6,세균벼알마름병(발생추정면적),강원특별자치도,0.0
202600204FC01010101322006,논벼,기본조사,벼관찰포,2026,6,세균벼알마름병(감수율),강원특별자치도,0.0
202600204FC01010101322006,논벼,기본조사,벼관찰포,2026,6,세균벼알마름병(피해율),강원특별자치도,0.0
202600204FC01010101322006,논벼,기본조사,벼관찰포,2026,6,세균벼알마름병(발생면적율),강원특별자치도,0.0
202600204FC01010101322006,논벼,기본조사,벼관찰포,2026,6,흰잎마름병(발생추정면적),강원특별자치도,0.0
202600204FC01010101322006,논벼,기본조사,벼관찰포,2026,6,흰잎마름병(감수율),강원특별자치도,0.0
202600204FC01010101322006,논벼,기본조사,벼관찰포,2026,6,흰잎마름병(피해율),강원특별자치도,0.0
202600204FC01010101322006,논벼,기본조사,벼관찰포,2026,6,흰잎마름병(발생면적율),강원특별자치도,0.0
202600204FC01010101322006,논벼,기본조사,벼관찰포,2026,6,깨씨무늬병(발생추정면적),강원특별자치도,0.0
202600204FC01010101322006,논벼,기본조사,벼관찰포,2026,6,깨씨무늬병(감수율),강원특별자치도,0.0
202600204FC01010101322006,논벼,기본조사,벼관찰포,2026,6,깨씨무늬병(피해율),강원특별자치도,0.0
202600204FC01010101322006,논벼,기본조사,벼관찰포,2026,6,깨씨무늬병(발생면적율),강원특별자치도,0.0
202600204FC01010101322006,논벼,기본조사,벼관찰포,2026,6,바이러스병(발생추정면적),강원특별자치도,0.0
202600204FC01010101322006,논벼,기본조사,벼관찰포,2026,6,바이러스병(감수율),강원특별자치도,0.0
202600204FC01010101322006,논벼,기본조사,벼관찰포,2026,6,바이러스병(피해율),강원특별자치도,0.0
202600204FC01010101322006,논벼,기본조사,벼관찰포,2026,6,바이러스병(발생면적율),강원특별자치도,0.0
202600204FC01010101322006,논벼,기본조사,벼관찰포,2026,6,이화명나방(발생추정면적),강원특별자치도,0.0
202600204FC01010101322006,논벼,기본조사,벼관찰포,2026,6,이화명나방(감수율),강원특별자치도,0.0
202600204FC01010101322006,논벼,기본조사,벼관찰포,2026,6,이화명나방(피해율),강원특별자치도,0.0
202600204FC01010101322006,논벼,기본조사,벼관찰포,2026,6,이화명나방(발생면적율),강원특별자치도,0.0
202600204FC01010101322006,논벼,기본조사,벼관찰포,2026,6,혹명나방(발생추정면적),강원특별자치도,0.0
202600204FC01010101322006,논벼,기본조사,벼관찰포,2026,6,혹명나방(감수율),강원특별자치도,0.0
202600204FC01010101322006,논벼,기본조사,벼관찰포,2026,6,혹명나방(피해율),강원특별자치도,0.0
202600204FC01010101322006,논벼,기본조사,벼관찰포,2026,6,혹명나방(발생면적율),강원특별자치도,0.0
202600204FC01010101322006,논벼,기본조사,벼관찰포,2026,6,먹노린재(발생추정면적),강원특별자치도,0.0
202600204FC01010101322006,논벼,기본조사,벼관찰포,2026,6,먹노린재(감수율),강원특별자치도,0.0
202600204FC01010101322006,논벼,기본조사,벼관찰포,2026,6,먹노린재(피해율),강원특별자치도,0.0
202600204FC01010101322006,논벼,기본조사,벼관찰포,2026,6,먹노린재(발생면적율),강원특별자치도,0.0
202600204FC01010101322006,논벼,기본조사,벼관찰포,2026,6,벼멸구(발생추정면적),강원특별자치도,0.164
202600204FC01010101322006,논벼,기본조사,벼관찰포,2026,6,벼멸구(감수율),강원특별자치도,0.0
202600204FC01010101322006,논벼,기본조사,벼관찰포,2026,6,벼멸구(피해율),강원특별자치도,0.0
202600204FC01010101322006,논벼,기본조사,벼관찰포,2026,6,벼멸구(발생면적율),강원특별자치도,0.001
202600204FC01010101322006,논벼,기본조사,벼관찰포,2026,6,흰등멸구(발생추정면적),강원특별자치도,0.082
202600204FC01010101322006,논벼,기본조사,벼관찰포,2026,6,흰등멸구(감수율),강원특별자치도,0.0
202600204FC01010101322006,논벼,기본조사,벼관찰포,2026,6,흰등멸구(피해율),강원특별자치도,0.0
202600204FC01010101322006,논벼,기본조사,벼관찰포,2026,6,흰등멸구(발생면적율),강원특별자치도,0.0
202600204FC01010101322006,논벼,기본조사,벼관찰포,2026,6,잎집무늬마름병(발생추정면적),강원특별자치도,0.0
202600204FC01010101322006,논벼,기본조사,벼관찰포,2026,6,잎집무늬마름병(감수율),강원특별자치도,0.0
202600204FC01010101322006,논벼,기본조사,벼관찰포,2026,6,잎집무늬마름병(피해율),강원특별자치도,0.0
202600204FC01010101322006,논벼,기본조사,벼관찰포,2026,6,잎집무늬마름병(발생면적율),강원특별자치도,0.0
202600204FC01010101322006,논벼,기본조사,벼관찰포,2026,6,키다리병(발생추정면적),강원특별자치도,0.0
202600204FC01010101322006,논벼,기본조사,벼관찰포,2026,6,키다리병(감수율),강원특별자치도,0.0
202600204FC01010101322006,논벼,기본조사,벼관찰포,2026,6,키다리병(피해율),강원특별자치도,0.0
202600204FC01010101322006,논벼,기본조사,벼관찰포,2026,6,키다리병(발생면적율),강원특별자치도,0.0
202600204FC01010101322006,논벼,기본조사,벼관찰포,2026,6,이삭누룩병(발생추정면적),강원특별자치도,0.0
202600204FC01010101322006,논벼,기본조사,벼관찰포,2026,6,이삭누룩병(감수율),강원특별자치도,0.0
202600204FC01010101322006,논벼,기본조사,벼관찰포,2026,6,이삭누룩병(피해율),강원특별자치도,0.0
202600204FC01010101322006,논벼,기본조사,벼관찰포,2026,6,이삭누룩병(발생면적율),강원특별자치도,0.0
202600204FC01010101322006,논벼,기본조사,벼관찰포,2026,6,벼잎벌레(발생추정면적),강원특별자치도,0.0
202600204FC01010101322006,논벼,기본조사,벼관찰포,2026,6,벼잎벌레(감수율),강원특별자치도,0.0
202600204FC01010101322006,논벼,기본조사,벼관찰포,2026,6,벼잎벌레(피해율),강원특별자치도,0.0
202600204FC01010101322006,논벼,기본조사,벼관찰포,2026,6,벼잎벌레(발생면적율),강원특별자치도,0.0
202600204FC01010101322006,논벼,기본조사,벼관찰포,2026,6,벼애나방(발생추정면적),강원특별자치도,0.0
202600204FC01010101322006,논벼,기본조사,벼관찰포,2026,6,벼애나방(감수율),강원특별자치도,0.0
202600204FC01010101322006,논벼,기본조사,벼관찰포,2026,6,벼애나방(피해율),강원특별자치도,0.0
202600204FC01010101322006,논벼,기본조사,벼관찰포,2026,6,벼애나방(발생면적율),강원특별자치도,0.0
202600204FC01010101322006,논벼,기본조사,벼관찰포,2026,6,벼애잎굴파리(발생추정면적),강원특별자치도,0.0
202600204FC01010101322006,논벼,기본조사,벼관찰포,2026,6,벼애잎굴파리(감수율),강원특별자치도,0.0
202600204FC01010101322006,논벼,기본조사,벼관찰포,2026,6,벼애잎굴파리(피해율),강원특별자치도,0.0
202600204FC01010101322006,논벼,기본조사,벼관찰포,2026,6,벼애잎굴파리(발생면적율),강원특별자치도,0.0
202600204FC01010101322006,논벼,기본조사,벼관찰포,2026,6,벼줄기굴파리(발생추정면적),강원특별자치도,0.0
202600204FC01010101322006,논벼,기본조사,벼관찰포,2026,6,벼줄기굴파리(감수율),강원특별자치도,0.0
202600204FC01010101322006,논벼,기본조사,벼관찰포,2026,6,벼줄기굴파리(피해율),강원특별자치도,0.0
202600204FC01010101322006,논벼,기본조사,벼관찰포,2026,6,벼줄기굴파리(발생면적율),강원특별자치도,0.0
202600204FC01010101322006,논벼,기본조사,벼관찰포,2026,6,벼물바구미(발생추정면적),강원특별자치도,0.0
202600204FC01010101322006,논벼,기본조사,벼관찰포,2026,6,벼물바구미(감수율),강원특별자치도,0.0
202600204FC01010101322006,논벼,기본조사,벼관찰포,2026,6,벼물바구미(피해율),강원특별자치도,0.0
202600204FC01010101322006,논벼,기본조사,벼관찰포,2026,6,벼물바구미(발생면적율),강원특별자치도,0.0
202600204FC01010101322006,논벼,기본조사,벼관찰포,2026,6,애멸구(발생추정면적),강원특별자치도,0.0
202600204FC01010101322006,논벼,기본조사,벼관찰포,2026,6,애멸구(감수율),강원특별자치도,0.0
202600204FC01010101322006,논벼,기본조사,벼관찰포,2026,6,애멸구(피해율),강원특별자치도,0.0
202600204FC01010101322006,논벼,기본조사,벼관찰포,2026,6,애멸구(발생면적율),강원특별자치도,0.0
202600204FC01010101322006,논벼,기본조사,벼관찰포,2026,6,끝동매미충(발생추정면적),강원특별자치도,0.0
202600204FC01010101322006,논벼,기본조사,벼관찰포,2026,6,끝동매미충(감수율),강원특별자치도,0.0
202600204FC01010101322006,논벼,기본조사,벼관찰포,2026,6,끝동매미충(피해율),강원특별자치도,0.0
202600204FC01010101322006,논벼,기본조사,벼관찰포,2026,6,끝동매미충(발생면적율),강원특별자치도,0.0
202600204FC01010101322006,논벼,기본조사,벼관찰포,2026,6,멸강나방(발생추정면적),강원특별자치도,0.0
202600204FC01010101322006,논벼,기본조사,벼관찰포,2026,6,멸강나방(감수율),강원특별자치도,0.0
202600204FC01010101322006,논벼,기본조사,벼관찰포,2026,6,멸강나방(피해율),강원특별자치도,0.0
202600204FC01010101322006,논벼,기본조사,벼관찰포,2026,6,멸강나방(발생면적율),강원특별자치도,0.0
202600204FC01010101322006,논벼,기본조사,벼관찰포,2026,6,벼잎선충(발생추정면적),강원특별자치도,0.0
202600204FC01010101322006,논벼,기본조사,벼관찰포,2026,6,벼잎선충(감수율),강원특별자치도,0.0
202600204FC01010101322006,논벼,기본조사,벼관찰포,2026,6,벼잎선충(피해율),강원특별자치도,0.0
202600204FC01010101322006,논벼,기본조사,벼관찰포,2026,6,벼잎선충(발생면적율),강원특별자치도,0.0
202600204FC01010101322006,논벼,기본조사,벼관찰포,2026,6,잎도열병(발생추정면적),충청북도,0.0
202600204FC01010101322006,논벼,기본조사,벼관찰포,2026,6,잎도열병(감수율),충청북도,0.0
202600204FC01010101322006,논벼,기본조사,벼관찰포,2026,6,잎도열병(피해율),충청북도,0.0
202600204FC01010101322006,논벼,기본조사,벼관찰포,2026,6,잎도열병(발생면적율),충청북도,0.0
202600204FC01010101322006,논벼,기본조사,벼관찰포,2026,6,이삭도열병(발생추정면적),충청북도,0.0
202600204FC01010101322006,논벼,기본조사,벼관찰포,2026,6,이삭도열병(감수율),충청북도,0.0
202600204FC01010101322006,논벼,기본조사,벼관찰포,2026,6,이삭도열병(피해율),충청북도,0.0
202600204FC01010101322006,논벼,기본조사,벼관찰포,2026,6,이삭도열병(발생면적율),충청북도,0.0
202600204FC01010101322006,논벼,기본조사,벼관찰포,2026,6,세균벼알마름병(발생추정면적),충청북도,0.0
202600204FC01010101322006,논벼,기본조사,벼관찰포,2026,6,세균벼알마름병(감수율),충청북도,0.0
202600204FC01010101322006,논벼,기본조사,벼관찰포,2026,6,세균벼알마름병(피해율),충청북도,0.0
202600204FC01010101322006,논벼,기본조사,벼관찰포,2026,6,세균벼알마름병(발생면적율),충청북도,0.0
202600204FC01010101322006,논벼,기본조사,벼관찰포,2026,6,흰잎마름병(발생추정면적),충청북도,0.0
202600204FC01010101322006,논벼,기본조사,벼관찰포,2026,6,흰잎마름병(감수율),충청북도,0.0
202600204FC01010101322006,논벼,기본조사,벼관찰포,2026,6,흰잎마름병(피해율),충청북도,0.0
202600204FC01010101322006,논벼,기본조사,벼관찰포,2026,6,흰잎마름병(발생면적율),충청북도,0.0
202600204FC01010101322006,논벼,기본조사,벼관찰포,2026,6,깨씨무늬병(발생추정면적),충청북도,0.0
202600204FC01010101322006,논벼,기본조사,벼관찰포,2026,6,깨씨무늬병(감수율),충청북도,0.0
202600204FC01010101322006,논벼,기본조사,벼관찰포,2026,6,깨씨무늬병(피해율),충청북도,0.0
202600204FC01010101322006,논벼,기본조사,벼관찰포,2026,6,깨씨무늬병(발생면적율),충청북도,0.0
202600204FC01010101322006,논벼,기본조사,벼관찰포,2026,6,바이러스병(발생추정면적),충청북도,0.0
202600204FC01010101322006,논벼,기본조사,벼관찰포,2026,6,바이러스병(감수율),충청북도,0.0
202600204FC01010101322006,논벼,기본조사,벼관찰포,2026,6,바이러스병(피해율),충청북도,0.0
202600204FC01010101322006,논벼,기본조사,벼관찰포,2026,6,바이러스병(발생면적율),충청북도,0.0
202600204FC01010101322006,논벼,기본조사,벼관찰포,2026,6,이화명나방(발생추정면적),충청북도,0.0
202600204FC01010101322006,논벼,기본조사,벼관찰포,2026,6,이화명나방(감수율),충청북도,0.0
202600204FC01010101322006,논벼,기본조사,벼관찰포,2026,6,이화명나방(피해율),충청북도,0.0
202600204FC01010101322006,논벼,기본조사,벼관찰포,2026,6,이화명나방(발생면적율),충청북도,0.0
202600204FC01010101322006,논벼,기본조사,벼관찰포,2026,6,혹명나방(발생추정면적),충청북도,0.0
202600204FC01010101322006,논벼,기본조사,벼관찰포,2026,6,혹명나방(감수율),충청북도,0.0
202600204FC01010101322006,논벼,기본조사,벼관찰포,2026,6,혹명나방(피해율),충청북도,0.0
202600204FC01010101322006,논벼,기본조사,벼관찰포,2026,6,혹명나방(발생면적율),충청북도,0.0
202600204FC01010101322006,논벼,기본조사,벼관찰포,2026,6,먹노린재(발생추정면적),충청북도,0.0
202600204FC01010101322006,논벼,기본조사,벼관찰포,2026,6,먹노린재(감수율),충청북도,0.0
202600204FC01010101322006,논벼,기본조사,벼관찰포,2026,6,먹노린재(피해율),충청북도,0.0
202600204FC01010101322006,논벼,기본조사,벼관찰포,2026,6,먹노린재(발생면적율),충청북도,0.0
202600204FC01010101322006,논벼,기본조사,벼관찰포,2026,6,벼멸구(발생추정면적),충청북도,0.0
202600204FC01010101322006,논벼,기본조사,벼관찰포,2026,6,벼멸구(감수율),충청북도,0.0
202600204FC01010101322006,논벼,기본조사,벼관찰포,2026,6,벼멸구(피해율),충청북도,0.0
202600204FC01010101322006,논벼,기본조사,벼관찰포,2026,6,벼멸구(발생면적율),충청북도,0.0
202600204FC01010101322006,논벼,기본조사,벼관찰포,2026,6,흰등멸구(발생추정면적),충청북도,0.0
202600204FC01010101322006,논벼,기본조사,벼관찰포,2026,6,흰등멸구(감수율),충청북도,0.0
202600204FC01010101322006,논벼,기본조사,벼관찰포,2026,6,흰등멸구(피해율),충청북도,0.0
202600204FC01010101322006,논벼,기본조사,벼관찰포,2026,6,흰등멸구(발생면적율),충청북도,0.0
202600204FC01010101322006,논벼,기본조사,벼관찰포,2026,6,잎집무늬마름병(발생추정면적),충청북도,0.0
202600204FC01010101322006,논벼,기본조사,벼관찰포,2026,6,잎집무늬마름병(감수율),충청북도,0.0
202600204FC01010101322006,논벼,기본조사,벼관찰포,2026,6,잎집무늬마름병(피해율),충청북도,0.0
202600204FC01010101322006,논벼,기본조사,벼관찰포,2026,6,잎집무늬마름병(발생면적율),충청북도,0.0
202600204FC01010101322006,논벼,기본조사,벼관찰포,2026,6,키다리병(발생추정면적),충청북도,0.0
202600204FC01010101322006,논벼,기본조사,벼관찰포,2026,6,키다리병(감수율),충청북도,0.0
202600204FC01010101322006,논벼,기본조사,벼관찰포,2026,6,키다리병(피해율),충청북도,0.0
202600204FC01010101322006,논벼,기본조사,벼관찰포,2026,6,키다리병(발생면적율),충청북도,0.0
202600204FC01010101322006,논벼,기본조사,벼관찰포,2026,6,이삭누룩병(발생추정면적),충청북도,0.0
202600204FC01010101322006,논벼,기본조사,벼관찰포,2026,6,이삭누룩병(감수율),충청북도,0.0
202600204FC01010101322006,논벼,기본조사,벼관찰포,2026,6,이삭누룩병(피해율),충청북도,0.0
202600204FC01010101322006,논벼,기본조사,벼관찰포,2026,6,이삭누룩병(발생면적율),충청북도,0.0
202600204FC01010101322006,논벼,기본조사,벼관찰포,2026,6,벼잎벌레(발생추정면적),충청북도,0.0
202600204FC01010101322006,논벼,기본조사,벼관찰포,2026,6,벼잎벌레(감수율),충청북도,0.0
202600204FC01010101322006,논벼,기본조사,벼관찰포,2026,6,벼잎벌레(피해율),충청북도,0.0
202600204FC01010101322006,논벼,기본조사,벼관찰포,2026,6,벼잎벌레(발생면적율),충청북도,0.0
202600204FC01010101322006,논벼,기본조사,벼관찰포,2026,6,벼애나방(발생추정면적),충청북도,0.0
202600204FC01010101322006,논벼,기본조사,벼관찰포,2026,6,벼애나방(감수율),충청북도,0.0
202600204FC01010101322006,논벼,기본조사,벼관찰포,2026,6,벼애나방(피해율),충청북도,0.0
202600204FC01010101322006,논벼,기본조사,벼관찰포,2026,6,벼애나방(발생면적율),충청북도,0.0
202600204FC01010101322006,논벼,기본조사,벼관찰포,2026,6,벼애잎굴파리(발생추정면적),충청북도,0.0
202600204FC01010101322006,논벼,기본조사,벼관찰포,2026,6,벼애잎굴파리(감수율),충청북도,0.0
202600204FC01010101322006,논벼,기본조사,벼관찰포,2026,6,벼애잎굴파리(피해율),충청북도,0.0
202600204FC01010101322006,논벼,기본조사,벼관찰포,2026,6,벼애잎굴파리(발생면적율),충청북도,0.0
202600204FC01010101322006,논벼,기본조사,벼관찰포,2026,6,벼줄기굴파리(발생추정면적),충청북도,0.0
202600204FC01010101322006,논벼,기본조사,벼관찰포,2026,6,벼줄기굴파리(감수율),충청북도,0.0
202600204FC01010101322006,논벼,기본조사,벼관찰포,2026,6,벼줄기굴파리(피해율),충청북도,0.0
202600204FC01010101322006,논벼,기본조사,벼관찰포,2026,6,벼줄기굴파리(발생면적율),충청북도,0.0
202600204FC01010101322006,논벼,기본조사,벼관찰포,2026,6,벼물바구미(발생추정면적),충청북도,0.0
202600204FC01010101322006,논벼,기본조사,벼관찰포,2026,6,벼물바구미(감수율),충청북도,0.0
202600204FC01010101322006,논벼,기본조사,벼관찰포,2026,6,벼물바구미(피해율),충청북도,0.0
202600204FC01010101322006,논벼,기본조사,벼관찰포,2026,6,벼물바구미(발생면적율),충청북도,0.0
202600204FC01010101322006,논벼,기본조사,벼관찰포,2026,6,애멸구(발생추정면적),충청북도,0.0
202600204FC01010101322006,논벼,기본조사,벼관찰포,2026,6,애멸구(감수율),충청북도,0.0
202600204FC01010101322006,논벼,기본조사,벼관찰포,2026,6,애멸구(피해율),충청북도,0.0
202600204FC01010101322006,논벼,기본조사,벼관찰포,2026,6,애멸구(발생면적율),충청북도,0.0
202600204FC01010101322006,논벼,기본조사,벼관찰포,2026,6,끝동매미충(발생추정면적),충청북도,0.0
202600204FC01010101322006,논벼,기본조사,벼관찰포,2026,6,끝동매미충(감수율),충청북도,0.0
202600204FC01010101322006,논벼,기본조사,벼관찰포,2026,6,끝동매미충(피해율),충청북도,0.0
202600204FC01010101322006,논벼,기본조사,벼관찰포,2026,6,끝동매미충(발생면적율),충청북도,0.0
202600204FC01010101322006,논벼,기본조사,벼관찰포,2026,6,멸강나방(발생추정면적),충청북도,0.0
202600204FC01010101322006,논벼,기본조사,벼관찰포,2026,6,멸강나방(감수율),충청북도,0.0
202600204FC01010101322006,논벼,기본조사,벼관찰포,2026,6,멸강나방(피해율),충청북도,0.0
202600204FC01010101322006,논벼,기본조사,벼관찰포,2026,6,멸강나방(발생면적율),충청북도,0.0
202600204FC01010101322006,논벼,기본조사,벼관찰포,2026,6,벼잎선충(발생추정면적),충청북도,0.0
202600204FC01010101322006,논벼,기본조사,벼관찰포,2026,6,벼잎선충(감수율),충청북도,0.0
202600204FC01010101322006,논벼,기본조사,벼관찰포,2026,6,벼잎선충(피해율),충청북도,0.0
202600204FC01010101322006,논벼,기본조사,벼관찰포,2026,6,벼잎선충(발생면적율),충청북도,0.0
202600204FC01010101322006,논벼,기본조사,벼관찰포,2026,6,잎도열병(발생추정면적),충청남도,0.0
202600204FC01010101322006,논벼,기본조사,벼관찰포,2026,6,잎도열병(감수율),충청남도,0.0
202600204FC01010101322006,논벼,기본조사,벼관찰포,2026,6,잎도열병(피해율),충청남도,0.0
202600204FC01010101322006,논벼,기본조사,벼관찰포,2026,6,잎도열병(발생면적율),충청남도,0.0
202600204FC01010101322006,논벼,기본조사,벼관찰포,2026,6,이삭도열병(발생추정면적),충청남도,0.0
202600204FC01010101322006,논벼,기본조사,벼관찰포,2026,6,이삭도열병(감수율),충청남도,0.0
202600204FC01010101322006,논벼,기본조사,벼관찰포,2026,6,이삭도열병(피해율),충청남도,0.0
202600204FC01010101322006,논벼,기본조사,벼관찰포,2026,6,이삭도열병(발생면적율),충청남도,0.0
202600204FC01010101322006,논벼,기본조사,벼관찰포,2026,6,세균벼알마름병(발생추정면적),충청남도,0.0
202600204FC01010101322006,논벼,기본조사,벼관찰포,2026,6,세균벼알마름병(감수율),충청남도,0.0
202600204FC01010101322006,논벼,기본조사,벼관찰포,2026,6,세균벼알마름병(피해율),충청남도,0.0
202600204FC01010101322006,논벼,기본조사,벼관찰포,2026,6,세균벼알마름병(발생면적율),충청남도,0.0
202600204FC01010101322006,논벼,기본조사,벼관찰포,2026,6,흰잎마름병(발생추정면적),충청남도,0.0
202600204FC01010101322006,논벼,기본조사,벼관찰포,2026,6,흰잎마름병(감수율),충청남도,0.0
202600204FC01010101322006,논벼,기본조사,벼관찰포,2026,6,흰잎마름병(피해율),충청남도,0.0
202600204FC01010101322006,논벼,기본조사,벼관찰포,2026,6,흰잎마름병(발생면적율),충청남도,0.0
202600204FC01010101322006,논벼,기본조사,벼관찰포,2026,6,깨씨무늬병(발생추정면적),충청남도,0.0
202600204FC01010101322006,논벼,기본조사,벼관찰포,2026,6,깨씨무늬병(감수율),충청남도,0.0
202600204FC01010101322006,논벼,기본조사,벼관찰포,2026,6,깨씨무늬병(피해율),충청남도,0.0
202600204FC01010101322006,논벼,기본조사,벼관찰포,2026,6,깨씨무늬병(발생면적율),충청남도,0.0
202600204FC01010101322006,논벼,기본조사,벼관찰포,2026,6,바이러스병(발생추정면적),충청남도,0.0
202600204FC01010101322006,논벼,기본조사,벼관찰포,2026,6,바이러스병(감수율),충청남도,0.0
202600204FC01010101322006,논벼,기본조사,벼관찰포,2026,6,바이러스병(피해율),충청남도,0.0
202600204FC01010101322006,논벼,기본조사,벼관찰포,2026,6,바이러스병(발생면적율),충청남도,0.0
202600204FC01010101322006,논벼,기본조사,벼관찰포,2026,6,이화명나방(발생추정면적),충청남도,0.0
202600204FC01010101322006,논벼,기본조사,벼관찰포,2026,6,이화명나방(감수율),충청남도,0.0
202600204FC01010101322006,논벼,기본조사,벼관찰포,2026,6,이화명나방(피해율),충청남도,0.0
202600204FC01010101322006,논벼,기본조사,벼관찰포,2026,6,이화명나방(발생면적율),충청남도,0.0
202600204FC01010101322006,논벼,기본조사,벼관찰포,2026,6,혹명나방(발생추정면적),충청남도,0.0
202600204FC01010101322006,논벼,기본조사,벼관찰포,2026,6,혹명나방(감수율),충청남도,0.0
202600204FC01010101322006,논벼,기본조사,벼관찰포,2026,6,혹명나방(피해율),충청남도,0.0
202600204FC01010101322006,논벼,기본조사,벼관찰포,2026,6,혹명나방(발생면적율),충청남도,0.0
202600204FC01010101322006,논벼,기본조사,벼관찰포,2026,6,먹노린재(발생추정면적),충청남도,0.0
202600204FC01010101322006,논벼,기본조사,벼관찰포,2026,6,먹노린재(감수율),충청남도,0.0
202600204FC01010101322006,논벼,기본조사,벼관찰포,2026,6,먹노린재(피해율),충청남도,0.0
202600204FC01010101322006,논벼,기본조사,벼관찰포,2026,6,먹노린재(발생면적율),충청남도,0.0
202600204FC01010101322006,논벼,기본조사,벼관찰포,2026,6,벼멸구(발생추정면적),충청남도,0.0
202600204FC01010101322006,논벼,기본조사,벼관찰포,2026,6,벼멸구(감수율),충청남도,0.0
202600204FC01010101322006,논벼,기본조사,벼관찰포,2026,6,벼멸구(피해율),충청남도,0.0
202600204FC01010101322006,논벼,기본조사,벼관찰포,2026,6,벼멸구(발생면적율),충청남도,0.0
202600204FC01010101322006,논벼,기본조사,벼관찰포,2026,6,흰등멸구(발생추정면적),충청남도,32.226
202600204FC01010101322006,논벼,기본조사,벼관찰포,2026,6,흰등멸구(감수율),충청남도,0.001
202600204FC01010101322006,논벼,기본조사,벼관찰포,2026,6,흰등멸구(피해율),충청남도,0.003
202600204FC01010101322006,논벼,기본조사,벼관찰포,2026,6,흰등멸구(발생면적율),충청남도,0.028
202600204FC01010101322006,논벼,기본조사,벼관찰포,2026,6,잎집무늬마름병(발생추정면적),충청남도,0.0
202600204FC01010101322006,논벼,기본조사,벼관찰포,2026,6,잎집무늬마름병(감수율),충청남도,0.0
202600204FC01010101322006,논벼,기본조사,벼관찰포,2026,6,잎집무늬마름병(피해율),충청남도,0.0
202600204FC01010101322006,논벼,기본조사,벼관찰포,2026,6,잎집무늬마름병(발생면적율),충청남도,0.0
202600204FC01010101322006,논벼,기본조사,벼관찰포,2026,6,키다리병(발생추정면적),충청남도,0.0
202600204FC01010101322006,논벼,기본조사,벼관찰포,2026,6,키다리병(감수율),충청남도,0.0
202600204FC01010101322006,논벼,기본조사,벼관찰포,2026,6,키다리병(피해율),충청남도,0.0
202600204FC01010101322006,논벼,기본조사,벼관찰포,2026,6,키다리병(발생면적율),충청남도,0.0
202600204FC01010101322006,논벼,기본조사,벼관찰포,2026,6,이삭누룩병(발생추정면적),충청남도,0.0
202600204FC01010101322006,논벼,기본조사,벼관찰포,2026,6,이삭누룩병(감수율),충청남도,0.0
202600204FC01010101322006,논벼,기본조사,벼관찰포,2026,6,이삭누룩병(피해율),충청남도,0.0
202600204FC01010101322006,논벼,기본조사,벼관찰포,2026,6,이삭누룩병(발생면적율),충청남도,0.0
202600204FC01010101322006,논벼,기본조사,벼관찰포,2026,6,벼잎벌레(발생추정면적),충청남도,0.0
202600204FC01010101322006,논벼,기본조사,벼관찰포,2026,6,벼잎벌레(감수율),충청남도,0.0
202600204FC01010101322006,논벼,기본조사,벼관찰포,2026,6,벼잎벌레(피해율),충청남도,0.0
202600204FC01010101322006,논벼,기본조사,벼관찰포,2026,6,벼잎벌레(발생면적율),충청남도,0.0
202600204FC01010101322006,논벼,기본조사,벼관찰포,2026,6,벼애나방(발생추정면적),충청남도,0.0
202600204FC01010101322006,논벼,기본조사,벼관찰포,2026,6,벼애나방(감수율),충청남도,0.0
202600204FC01010101322006,논벼,기본조사,벼관찰포,2026,6,벼애나방(피해율),충청남도,0.0
202600204FC01010101322006,논벼,기본조사,벼관찰포,2026,6,벼애나방(발생면적율),충청남도,0.0
202600204FC01010101322006,논벼,기본조사,벼관찰포,2026,6,벼애잎굴파리(발생추정면적),충청남도,0.0
202600204FC01010101322006,논벼,기본조사,벼관찰포,2026,6,벼애잎굴파리(감수율),충청남도,0.0
202600204FC01010101322006,논벼,기본조사,벼관찰포,2026,6,벼애잎굴파리(피해율),충청남도,0.0
202600204FC01010101322006,논벼,기본조사,벼관찰포,2026,6,벼애잎굴파리(발생면적율),충청남도,0.0
202600204FC01010101322006,논벼,기본조사,벼관찰포,2026,6,벼줄기굴파리(발생추정면적),충청남도,0.0
202600204FC01010101322006,논벼,기본조사,벼관찰포,2026,6,벼줄기굴파리(감수율),충청남도,0.0
202600204FC01010101322006,논벼,기본조사,벼관찰포,2026,6,벼줄기굴파리(피해율),충청남도,0.0
202600204FC01010101322006,논벼,기본조사,벼관찰포,2026,6,벼줄기굴파리(발생면적율),충청남도,0.0
202600204FC01010101322006,논벼,기본조사,벼관찰포,2026,6,벼물바구미(발생추정면적),충청남도,0.0
202600204FC01010101322006,논벼,기본조사,벼관찰포,2026,6,벼물바구미(감수율),충청남도,0.0
202600204FC01010101322006,논벼,기본조사,벼관찰포,2026,6,벼물바구미(피해율),충청남도,0.0
202600204FC01010101322006,논벼,기본조사,벼관찰포,2026,6,벼물바구미(발생면적율),충청남도,0.0
202600204FC01010101322006,논벼,기본조사,벼관찰포,2026,6,애멸구(발생추정면적),충청남도,0.0
202600204FC01010101322006,논벼,기본조사,벼관찰포,2026,6,애멸구(감수율),충청남도,0.0
202600204FC01010101322006,논벼,기본조사,벼관찰포,2026,6,애멸구(피해율),충청남도,0.0
202600204FC01010101322006,논벼,기본조사,벼관찰포,2026,6,애멸구(발생면적율),충청남도,0.0
202600204FC01010101322006,논벼,기본조사,벼관찰포,2026,6,끝동매미충(발생추정면적),충청남도,0.0
202600204FC01010101322006,논벼,기본조사,벼관찰포,2026,6,끝동매미충(감수율),충청남도,0.0
202600204FC01010101322006,논벼,기본조사,벼관찰포,2026,6,끝동매미충(피해율),충청남도,0.0
202600204FC01010101322006,논벼,기본조사,벼관찰포,2026,6,끝동매미충(발생면적율),충청남도,0.0
202600204FC01010101322006,논벼,기본조사,벼관찰포,2026,6,멸강나방(발생추정면적),충청남도,0.0
202600204FC01010101322006,논벼,기본조사,벼관찰포,2026,6,멸강나방(감수율),충청남도,0.0
202600204FC01010101322006,논벼,기본조사,벼관찰포,2026,6,멸강나방(피해율),충청남도,0.0
202600204FC01010101322006,논벼,기본조사,벼관찰포,2026,6,멸강나방(발생면적율),충청남도,0.0
202600204FC01010101322006,논벼,기본조사,벼관찰포,2026,6,벼잎선충(발생추정면적),충청남도,0.0
202600204FC01010101322006,논벼,기본조사,벼관찰포,2026,6,벼잎선충(감수율),충청남도,0.0
202600204FC01010101322006,논벼,기본조사,벼관찰포,2026,6,벼잎선충(피해율),충청남도,0.0
202600204FC01010101322006,논벼,기본조사,벼관찰포,2026,6,벼잎선충(발생면적율),충청남도,0.0
202600204FC01010101322006,논벼,기본조사,벼관찰포,2026,6,잎도열병(발생추정면적),전북특별자치도,0.0
202600204FC01010101322006,논벼,기본조사,벼관찰포,2026,6,잎도열병(감수율),전북특별자치도,0.0
202600204FC01010101322006,논벼,기본조사,벼관찰포,2026,6,잎도열병(피해율),전북특별자치도,0.0
202600204FC01010101322006,논벼,기본조사,벼관찰포,2026,6,잎도열병(발생면적율),전북특별자치도,0.0
202600204FC01010101322006,논벼,기본조사,벼관찰포,2026,6,이삭도열병(발생추정면적),전북특별자치도,0.0
202600204FC01010101322006,논벼,기본조사,벼관찰포,2026,6,이삭도열병(감수율),전북특별자치도,0.0
202600204FC01010101322006,논벼,기본조사,벼관찰포,2026,6,이삭도열병(피해율),전북특별자치도,0.0
202600204FC01010101322006,논벼,기본조사,벼관찰포,2026,6,이삭도열병(발생면적율),전북특별자치도,0.0
202600204FC01010101322006,논벼,기본조사,벼관찰포,2026,6,세균벼알마름병(발생추정면적),전북특별자치도,0.0
202600204FC01010101322006,논벼,기본조사,벼관찰포,2026,6,세균벼알마름병(감수율),전북특별자치도,0.0
202600204FC01010101322006,논벼,기본조사,벼관찰포,2026,6,세균벼알마름병(피해율),전북특별자치도,0.0
202600204FC01010101322006,논벼,기본조사,벼관찰포,2026,6,세균벼알마름병(발생면적율),전북특별자치도,0.0
202600204FC01010101322006,논벼,기본조사,벼관찰포,2026,6,흰잎마름병(발생추정면적),전북특별자치도,0.0
202600204FC01010101322006,논벼,기본조사,벼관찰포,2026,6,흰잎마름병(감수율),전북특별자치도,0.0
202600204FC01010101322006,논벼,기본조사,벼관찰포,2026,6,흰잎마름병(피해율),전북특별자치도,0.0
202600204FC01010101322006,논벼,기본조사,벼관찰포,2026,6,흰잎마름병(발생면적율),전북특별자치도,0.0
202600204FC01010101322006,논벼,기본조사,벼관찰포,2026,6,깨씨무늬병(발생추정면적),전북특별자치도,0.0
202600204FC01010101322006,논벼,기본조사,벼관찰포,2026,6,깨씨무늬병(감수율),전북특별자치도,0.0
202600204FC01010101322006,논벼,기본조사,벼관찰포,2026,6,깨씨무늬병(피해율),전북특별자치도,0.0
202600204FC01010101322006,논벼,기본조사,벼관찰포,2026,6,깨씨무늬병(발생면적율),전북특별자치도,0.0
202600204FC01010101322006,논벼,기본조사,벼관찰포,2026,6,바이러스병(발생추정면적),전북특별자치도,0.0
202600204FC01010101322006,논벼,기본조사,벼관찰포,2026,6,바이러스병(감수율),전북특별자치도,0.0
202600204FC01010101322006,논벼,기본조사,벼관찰포,2026,6,바이러스병(피해율),전북특별자치도,0.0
202600204FC01010101322006,논벼,기본조사,벼관찰포,2026,6,바이러스병(발생면적율),전북특별자치도,0.0
202600204FC01010101322006,논벼,기본조사,벼관찰포,2026,6,이화명나방(발생추정면적),전북특별자치도,0.0
202600204FC01010101322006,논벼,기본조사,벼관찰포,2026,6,이화명나방(감수율),전북특별자치도,0.0
202600204FC01010101322006,논벼,기본조사,벼관찰포,2026,6,이화명나방(피해율),전북특별자치도,0.0
202600204FC01010101322006,논벼,기본조사,벼관찰포,2026,6,이화명나방(발생면적율),전북특별자치도,0.0
202600204FC01010101322006,논벼,기본조사,벼관찰포,2026,6,혹명나방(발생추정면적),전북특별자치도,0.0
202600204FC01010101322006,논벼,기본조사,벼관찰포,2026,6,혹명나방(감수율),전북특별자치도,0.0
202600204FC01010101322006,논벼,기본조사,벼관찰포,2026,6,혹명나방(피해율),전북특별자치도,0.0
202600204FC01010101322006,논벼,기본조사,벼관찰포,2026,6,혹명나방(발생면적율),전북특별자치도,0.0
202600204FC01010101322006,논벼,기본조사,벼관찰포,2026,6,먹노린재(발생추정면적),전북특별자치도,0.0
202600204FC01010101322006,논벼,기본조사,벼관찰포,2026,6,먹노린재(감수율),전북특별자치도,0.0
202600204FC01010101322006,논벼,기본조사,벼관찰포,2026,6,먹노린재(피해율),전북특별자치도,0.0
202600204FC01010101322006,논벼,기본조사,벼관찰포,2026,6,먹노린재(발생면적율),전북특별자치도,0.0
202600204FC01010101322006,논벼,기본조사,벼관찰포,2026,6,벼멸구(발생추정면적),전북특별자치도,0.0
202600204FC01010101322006,논벼,기본조사,벼관찰포,2026,6,벼멸구(감수율),전북특별자치도,0.0
202600204FC01010101322006,논벼,기본조사,벼관찰포,2026,6,벼멸구(피해율),전북특별자치도,0.0
202600204FC01010101322006,논벼,기본조사,벼관찰포,2026,6,벼멸구(발생면적율),전북특별자치도,0.0
202600204FC01010101322006,논벼,기본조사,벼관찰포,2026,6,흰등멸구(발생추정면적),전북특별자치도,0.0
202600204FC01010101322006,논벼,기본조사,벼관찰포,2026,6,흰등멸구(감수율),전북특별자치도,0.0
202600204FC01010101322006,논벼,기본조사,벼관찰포,2026,6,흰등멸구(피해율),전북특별자치도,0.0
202600204FC01010101322006,논벼,기본조사,벼관찰포,2026,6,흰등멸구(발생면적율),전북특별자치도,0.0
202600204FC01010101322006,논벼,기본조사,벼관찰포,2026,6,잎집무늬마름병(발생추정면적),전북특별자치도,0.0
202600204FC01010101322006,논벼,기본조사,벼관찰포,2026,6,잎집무늬마름병(감수율),전북특별자치도,0.0
202600204FC01010101322006,논벼,기본조사,벼관찰포,2026,6,잎집무늬마름병(피해율),전북특별자치도,0.0
202600204FC01010101322006,논벼,기본조사,벼관찰포,2026,6,잎집무늬마름병(발생면적율),전북특별자치도,0.0
202600204FC01010101322006,논벼,기본조사,벼관찰포,2026,6,키다리병(발생추정면적),전북특별자치도,0.0
202600204FC01010101322006,논벼,기본조사,벼관찰포,2026,6,키다리병(감수율),전북특별자치도,0.0
202600204FC01010101322006,논벼,기본조사,벼관찰포,2026,6,키다리병(피해율),전북특별자치도,0.0
202600204FC01010101322006,논벼,기본조사,벼관찰포,2026,6,키다리병(발생면적율),전북특별자치도,0.0
202600204FC01010101322006,논벼,기본조사,벼관찰포,2026,6,이삭누룩병(발생추정면적),전북특별자치도,0.0
202600204FC01010101322006,논벼,기본조사,벼관찰포,2026,6,이삭누룩병(감수율),전북특별자치도,0.0
202600204FC01010101322006,논벼,기본조사,벼관찰포,2026,6,이삭누룩병(피해율),전북특별자치도,0.0
202600204FC01010101322006,논벼,기본조사,벼관찰포,2026,6,이삭누룩병(발생면적율),전북특별자치도,0.0
202600204FC01010101322006,논벼,기본조사,벼관찰포,2026,6,벼잎벌레(발생추정면적),전북특별자치도,0.0
202600204FC01010101322006,논벼,기본조사,벼관찰포,2026,6,벼잎벌레(감수율),전북특별자치도,0.0
202600204FC01010101322006,논벼,기본조사,벼관찰포,2026,6,벼잎벌레(피해율),전북특별자치도,0.0
202600204FC01010101322006,논벼,기본조사,벼관찰포,2026,6,벼잎벌레(발생면적율),전북특별자치도,0.0
202600204FC01010101322006,논벼,기본조사,벼관찰포,2026,6,벼애나방(발생추정면적),전북특별자치도,0.0
202600204FC01010101322006,논벼,기본조사,벼관찰포,2026,6,벼애나방(감수율),전북특별자치도,0.0
202600204FC01010101322006,논벼,기본조사,벼관찰포,2026,6,벼애나방(피해율),전북특별자치도,0.0
202600204FC01010101322006,논벼,기본조사,벼관찰포,2026,6,벼애나방(발생면적율),전북특별자치도,0.0
202600204FC01010101322006,논벼,기본조사,벼관찰포,2026,6,벼애잎굴파리(발생추정면적),전북특별자치도,0.0
202600204FC01010101322006,논벼,기본조사,벼관찰포,2026,6,벼애잎굴파리(감수율),전북특별자치도,0.0
202600204FC01010101322006,논벼,기본조사,벼관찰포,2026,6,벼애잎굴파리(피해율),전북특별자치도,0.0
202600204FC01010101322006,논벼,기본조사,벼관찰포,2026,6,벼애잎굴파리(발생면적율),전북특별자치도,0.0
202600204FC01010101322006,논벼,기본조사,벼관찰포,2026,6,벼줄기굴파리(발생추정면적),전북특별자치도,0.0
202600204FC01010101322006,논벼,기본조사,벼관찰포,2026,6,벼줄기굴파리(감수율),전북특별자치도,0.0
202600204FC01010101322006,논벼,기본조사,벼관찰포,2026,6,벼줄기굴파리(피해율),전북특별자치도,0.0
202600204FC01010101322006,논벼,기본조사,벼관찰포,2026,6,벼줄기굴파리(발생면적율),전북특별자치도,0.0
202600204FC01010101322006,논벼,기본조사,벼관찰포,2026,6,벼물바구미(발생추정면적),전북특별자치도,0.0
202600204FC01010101322006,논벼,기본조사,벼관찰포,2026,6,벼물바구미(감수율),전북특별자치도,0.0
202600204FC01010101322006,논벼,기본조사,벼관찰포,2026,6,벼물바구미(피해율),전북특별자치도,0.0
202600204FC01010101322006,논벼,기본조사,벼관찰포,2026,6,벼물바구미(발생면적율),전북특별자치도,0.0
202600204FC01010101322006,논벼,기본조사,벼관찰포,2026,6,애멸구(발생추정면적),전북특별자치도,0.0
202600204FC01010101322006,논벼,기본조사,벼관찰포,2026,6,애멸구(감수율),전북특별자치도,0.0
202600204FC01010101322006,논벼,기본조사,벼관찰포,2026,6,애멸구(피해율),전북특별자치도,0.0
202600204FC01010101322006,논벼,기본조사,벼관찰포,2026,6,애멸구(발생면적율),전북특별자치도,0.0
202600204FC01010101322006,논벼,기본조사,벼관찰포,2026,6,끝동매미충(발생추정면적),전북특별자치도,0.0
202600204FC01010101322006,논벼,기본조사,벼관찰포,2026,6,끝동매미충(감수율),전북특별자치도,0.0
202600204FC01010101322006,논벼,기본조사,벼관찰포,2026,6,끝동매미충(피해율),전북특별자치도,0.0
202600204FC01010101322006,논벼,기본조사,벼관찰포,2026,6,끝동매미충(발생면적율),전북특별자치도,0.0
202600204FC01010101322006,논벼,기본조사,벼관찰포,2026,6,멸강나방(발생추정면적),전북특별자치도,0.0
202600204FC01010101322006,논벼,기본조사,벼관찰포,2026,6,멸강나방(감수율),전북특별자치도,0.0
202600204FC01010101322006,논벼,기본조사,벼관찰포,2026,6,멸강나방(피해율),전북특별자치도,0.0
202600204FC01010101322006,논벼,기본조사,벼관찰포,2026,6,멸강나방(발생면적율),전북특별자치도,0.0
202600204FC01010101322006,논벼,기본조사,벼관찰포,2026,6,벼잎선충(발생추정면적),전북특별자치도,0.0
202600204FC01010101322006,논벼,기본조사,벼관찰포,2026,6,벼잎선충(감수율),전북특별자치도,0.0
202600204FC01010101322006,논벼,기본조사,벼관찰포,2026,6,벼잎선충(피해율),전북특별자치도,0.0
202600204FC01010101322006,논벼,기본조사,벼관찰포,2026,6,벼잎선충(발생면적율),전북특별자치도,0.0
202600204FC01010101322006,논벼,기본조사,벼관찰포,2026,6,잎도열병(발생추정면적),전남광주통합특별시,0.0
202600204FC01010101322006,논벼,기본조사,벼관찰포,2026,6,잎도열병(감수율),전남광주통합특별시,0.0
202600204FC01010101322006,논벼,기본조사,벼관찰포,2026,6,잎도열병(피해율),전남광주통합특별시,0.0
202600204FC01010101322006,논벼,기본조사,벼관찰포,2026,6,잎도열병(발생면적율),전남광주통합특별시,0.0
202600204FC01010101322006,논벼,기본조사,벼관찰포,2026,6,이삭도열병(발생추정면적),전남광주통합특별시,0.0
202600204FC01010101322006,논벼,기본조사,벼관찰포,2026,6,이삭도열병(감수율),전남광주통합특별시,0.0
202600204FC01010101322006,논벼,기본조사,벼관찰포,2026,6,이삭도열병(피해율),전남광주통합특별시,0.0
202600204FC01010101322006,논벼,기본조사,벼관찰포,2026,6,이삭도열병(발생면적율),전남광주통합특별시,0.0
202600204FC01010101322006,논벼,기본조사,벼관찰포,2026,6,세균벼알마름병(발생추정면적),전남광주통합특별시,0.0
202600204FC01010101322006,논벼,기본조사,벼관찰포,2026,6,세균벼알마름병(감수율),전남광주통합특별시,0.0
202600204FC01010101322006,논벼,기본조사,벼관찰포,2026,6,세균벼알마름병(피해율),전남광주통합특별시,0.0
202600204FC01010101322006,논벼,기본조사,벼관찰포,2026,6,세균벼알마름병(발생면적율),전남광주통합특별시,0.0
202600204FC01010101322006,논벼,기본조사,벼관찰포,2026,6,흰잎마름병(발생추정면적),전남광주통합특별시,0.0
202600204FC01010101322006,논벼,기본조사,벼관찰포,2026,6,흰잎마름병(감수율),전남광주통합특별시,0.0
202600204FC01010101322006,논벼,기본조사,벼관찰포,2026,6,흰잎마름병(피해율),전남광주통합특별시,0.0
202600204FC01010101322006,논벼,기본조사,벼관찰포,2026,6,흰잎마름병(발생면적율),전남광주통합특별시,0.0
202600204FC01010101322006,논벼,기본조사,벼관찰포,2026,6,깨씨무늬병(발생추정면적),전남광주통합특별시,0.0
202600204FC01010101322006,논벼,기본조사,벼관찰포,2026,6,깨씨무늬병(감수율),전남광주통합특별시,0.0
202600204FC01010101322006,논벼,기본조사,벼관찰포,2026,6,깨씨무늬병(피해율),전남광주통합특별시,0.0
202600204FC01010101322006,논벼,기본조사,벼관찰포,2026,6,깨씨무늬병(발생면적율),전남광주통합특별시,0.0
202600204FC01010101322006,논벼,기본조사,벼관찰포,2026,6,바이러스병(발생추정면적),전남광주통합특별시,0.0
202600204FC01010101322006,논벼,기본조사,벼관찰포,2026,6,바이러스병(감수율),전남광주통합특별시,0.0
202600204FC01010101322006,논벼,기본조사,벼관찰포,2026,6,바이러스병(피해율),전남광주통합특별시,0.0
202600204FC01010101322006,논벼,기본조사,벼관찰포,2026,6,바이러스병(발생면적율),전남광주통합특별시,0.0
202600204FC01010101322006,논벼,기본조사,벼관찰포,2026,6,이화명나방(발생추정면적),전남광주통합특별시,0.0
202600204FC01010101322006,논벼,기본조사,벼관찰포,2026,6,이화명나방(감수율),전남광주통합특별시,0.0
202600204FC01010101322006,논벼,기본조사,벼관찰포,2026,6,이화명나방(피해율),전남광주통합특별시,0.0
202600204FC01010101322006,논벼,기본조사,벼관찰포,2026,6,이화명나방(발생면적율),전남광주통합특별시,0.0
202600204FC01010101322006,논벼,기본조사,벼관찰포,2026,6,혹명나방(발생추정면적),전남광주통합특별시,0.0
202600204FC01010101322006,논벼,기본조사,벼관찰포,2026,6,혹명나방(감수율),전남광주통합특별시,0.0
202600204FC01010101322006,논벼,기본조사,벼관찰포,2026,6,혹명나방(피해율),전남광주통합특별시,0.0
202600204FC01010101322006,논벼,기본조사,벼관찰포,2026,6,혹명나방(발생면적율),전남광주통합특별시,0.0
202600204FC01010101322006,논벼,기본조사,벼관찰포,2026,6,먹노린재(발생추정면적),전남광주통합특별시,0.0
202600204FC01010101322006,논벼,기본조사,벼관찰포,2026,6,먹노린재(감수율),전남광주통합특별시,0.0
202600204FC01010101322006,논벼,기본조사,벼관찰포,2026,6,먹노린재(피해율),전남광주통합특별시,0.0
202600204FC01010101322006,논벼,기본조사,벼관찰포,2026,6,먹노린재(발생면적율),전남광주통합특별시,0.0
202600204FC01010101322006,논벼,기본조사,벼관찰포,2026,6,벼멸구(발생추정면적),전남광주통합특별시,29.037
202600204FC01010101322006,논벼,기본조사,벼관찰포,2026,6,벼멸구(감수율),전남광주통합특별시,0.001
202600204FC01010101322006,논벼,기본조사,벼관찰포,2026,6,벼멸구(피해율),전남광주통합특별시,0.002
202600204FC01010101322006,논벼,기본조사,벼관찰포,2026,6,벼멸구(발생면적율),전남광주통합특별시,0.018
202600204FC01010101322006,논벼,기본조사,벼관찰포,2026,6,흰등멸구(발생추정면적),전남광주통합특별시,161.442
202600204FC01010101322006,논벼,기본조사,벼관찰포,2026,6,흰등멸구(감수율),전남광주통합특별시,0.004
202600204FC01010101322006,논벼,기본조사,벼관찰포,2026,6,흰등멸구(피해율),전남광주통합특별시,0.01
202600204FC01010101322006,논벼,기본조사,벼관찰포,2026,6,흰등멸구(발생면적율),전남광주통합특별시,0.1
202600204FC01010101322006,논벼,기본조사,벼관찰포,2026,6,잎집무늬마름병(발생추정면적),전남광주통합특별시,0.0
202600204FC01010101322006,논벼,기본조사,벼관찰포,2026,6,잎집무늬마름병(감수율),전남광주통합특별시,0.0
202600204FC01010101322006,논벼,기본조사,벼관찰포,2026,6,잎집무늬마름병(피해율),전남광주통합특별시,0.0
202600204FC01010101322006,논벼,기본조사,벼관찰포,2026,6,잎집무늬마름병(발생면적율),전남광주통합특별시,0.0
202600204FC01010101322006,논벼,기본조사,벼관찰포,2026,6,키다리병(발생추정면적),전남광주통합특별시,0.0
202600204FC01010101322006,논벼,기본조사,벼관찰포,2026,6,키다리병(감수율),전남광주통합특별시,0.0
202600204FC01010101322006,논벼,기본조사,벼관찰포,2026,6,키다리병(피해율),전남광주통합특별시,0.0
202600204FC01010101322006,논벼,기본조사,벼관찰포,2026,6,키다리병(발생면적율),전남광주통합특별시,0.0
202600204FC01010101322006,논벼,기본조사,벼관찰포,2026,6,이삭누룩병(발생추정면적),전남광주통합특별시,0.0
202600204FC01010101322006,논벼,기본조사,벼관찰포,2026,6,이삭누룩병(감수율),전남광주통합특별시,0.0
202600204FC01010101322006,논벼,기본조사,벼관찰포,2026,6,이삭누룩병(피해율),전남광주통합특별시,0.0
202600204FC01010101322006,논벼,기본조사,벼관찰포,2026,6,이삭누룩병(발생면적율),전남광주통합특별시,0.0
202600204FC01010101322006,논벼,기본조사,벼관찰포,2026,6,벼잎벌레(발생추정면적),전남광주통합특별시,0.0
202600204FC01010101322006,논벼,기본조사,벼관찰포,2026,6,벼잎벌레(감수율),전남광주통합특별시,0.0
202600204FC01010101322006,논벼,기본조사,벼관찰포,2026,6,벼잎벌레(피해율),전남광주통합특별시,0.0
202600204FC01010101322006,논벼,기본조사,벼관찰포,2026,6,벼잎벌레(발생면적율),전남광주통합특별시,0.0
202600204FC01010101322006,논벼,기본조사,벼관찰포,2026,6,벼애나방(발생추정면적),전남광주통합특별시,0.0
202600204FC01010101322006,논벼,기본조사,벼관찰포,2026,6,벼애나방(감수율),전남광주통합특별시,0.0
202600204FC01010101322006,논벼,기본조사,벼관찰포,2026,6,벼애나방(피해율),전남광주통합특별시,0.0
202600204FC01010101322006,논벼,기본조사,벼관찰포,2026,6,벼애나방(발생면적율),전남광주통합특별시,0.0
202600204FC01010101322006,논벼,기본조사,벼관찰포,2026,6,벼애잎굴파리(발생추정면적),전남광주통합특별시,0.0
202600204FC01010101322006,논벼,기본조사,벼관찰포,2026,6,벼애잎굴파리(감수율),전남광주통합특별시,0.0
202600204FC01010101322006,논벼,기본조사,벼관찰포,2026,6,벼애잎굴파리(피해율),전남광주통합특별시,0.0
202600204FC01010101322006,논벼,기본조사,벼관찰포,2026,6,벼애잎굴파리(발생면적율),전남광주통합특별시,0.0
202600204FC01010101322006,논벼,기본조사,벼관찰포,2026,6,벼줄기굴파리(발생추정면적),전남광주통합특별시,0.0
202600204FC01010101322006,논벼,기본조사,벼관찰포,2026,6,벼줄기굴파리(감수율),전남광주통합특별시,0.0
202600204FC01010101322006,논벼,기본조사,벼관찰포,2026,6,벼줄기굴파리(피해율),전남광주통합특별시,0.0
202600204FC01010101322006,논벼,기본조사,벼관찰포,2026,6,벼줄기굴파리(발생면적율),전남광주통합특별시,0.0
202600204FC01010101322006,논벼,기본조사,벼관찰포,2026,6,벼물바구미(발생추정면적),전남광주통합특별시,0.0
202600204FC01010101322006,논벼,기본조사,벼관찰포,2026,6,벼물바구미(감수율),전남광주통합특별시,0.0
202600204FC01010101322006,논벼,기본조사,벼관찰포,2026,6,벼물바구미(피해율),전남광주통합특별시,0.0
202600204FC01010101322006,논벼,기본조사,벼관찰포,2026,6,벼물바구미(발생면적율),전남광주통합특별시,0.0
202600204FC01010101322006,논벼,기본조사,벼관찰포,2026,6,애멸구(발생추정면적),전남광주통합특별시,0.0
202600204FC01010101322006,논벼,기본조사,벼관찰포,2026,6,애멸구(감수율),전남광주통합특별시,0.0
202600204FC01010101322006,논벼,기본조사,벼관찰포,2026,6,애멸구(피해율),전남광주통합특별시,0.0
202600204FC01010101322006,논벼,기본조사,벼관찰포,2026,6,애멸구(발생면적율),전남광주통합특별시,0.0
202600204FC01010101322006,논벼,기본조사,벼관찰포,2026,6,끝동매미충(발생추정면적),전남광주통합특별시,0.0
202600204FC01010101322006,논벼,기본조사,벼관찰포,2026,6,끝동매미충(감수율),전남광주통합특별시,0.0
202600204FC01010101322006,논벼,기본조사,벼관찰포,2026,6,끝동매미충(피해율),전남광주통합특별시,0.0
202600204FC01010101322006,논벼,기본조사,벼관찰포,2026,6,끝동매미충(발생면적율),전남광주통합특별시,0.0
202600204FC01010101322006,논벼,기본조사,벼관찰포,2026,6,멸강나방(발생추정면적),전남광주통합특별시,0.0
202600204FC01010101322006,논벼,기본조사,벼관찰포,2026,6,멸강나방(감수율),전남광주통합특별시,0.0
202600204FC01010101322006,논벼,기본조사,벼관찰포,2026,6,멸강나방(피해율),전남광주통합특별시,0.0
202600204FC01010101322006,논벼,기본조사,벼관찰포,2026,6,멸강나방(발생면적율),전남광주통합특별시,0.0
202600204FC01010101322006,논벼,기본조사,벼관찰포,2026,6,벼잎선충(발생추정면적),전남광주통합특별시,0.0
202600204FC01010101322006,논벼,기본조사,벼관찰포,2026,6,벼잎선충(감수율),전남광주통합특별시,0.0
202600204FC01010101322006,논벼,기본조사,벼관찰포,2026,6,벼잎선충(피해율),전남광주통합특별시,0.0
202600204FC01010101322006,논벼,기본조사,벼관찰포,2026,6,벼잎선충(발생면적율),전남광주통합특별시,0.0
202600204FC01010101322006,논벼,기본조사,벼관찰포,2026,6,잎도열병(발생추정면적),경상북도,0.0
202600204FC01010101322006,논벼,기본조사,벼관찰포,2026,6,잎도열병(감수율),경상북도,0.0
202600204FC01010101322006,논벼,기본조사,벼관찰포,2026,6,잎도열병(피해율),경상북도,0.0
202600204FC01010101322006,논벼,기본조사,벼관찰포,2026,6,잎도열병(발생면적율),경상북도,0.0
202600204FC01010101322006,논벼,기본조사,벼관찰포,2026,6,이삭도열병(발생추정면적),경상북도,0.0
202600204FC01010101322006,논벼,기본조사,벼관찰포,2026,6,이삭도열병(감수율),경상북도,0.0
202600204FC01010101322006,논벼,기본조사,벼관찰포,2026,6,이삭도열병(피해율),경상북도,0.0
202600204FC01010101322006,논벼,기본조사,벼관찰포,2026,6,이삭도열병(발생면적율),경상북도,0.0
202600204FC01010101322006,논벼,기본조사,벼관찰포,2026,6,세균벼알마름병(발생추정면적),경상북도,0.0
202600204FC01010101322006,논벼,기본조사,벼관찰포,2026,6,세균벼알마름병(감수율),경상북도,0.0
202600204FC01010101322006,논벼,기본조사,벼관찰포,2026,6,세균벼알마름병(피해율),경상북도,0.0
202600204FC01010101322006,논벼,기본조사,벼관찰포,2026,6,세균벼알마름병(발생면적율),경상북도,0.0
202600204FC01010101322006,논벼,기본조사,벼관찰포,2026,6,흰잎마름병(발생추정면적),경상북도,0.0
202600204FC01010101322006,논벼,기본조사,벼관찰포,2026,6,흰잎마름병(감수율),경상북도,0.0
202600204FC01010101322006,논벼,기본조사,벼관찰포,2026,6,흰잎마름병(피해율),경상북도,0.0
202600204FC01010101322006,논벼,기본조사,벼관찰포,2026,6,흰잎마름병(발생면적율),경상북도,0.0
202600204FC01010101322006,논벼,기본조사,벼관찰포,2026,6,깨씨무늬병(발생추정면적),경상북도,0.0
202600204FC01010101322006,논벼,기본조사,벼관찰포,2026,6,깨씨무늬병(감수율),경상북도,0.0
202600204FC01010101322006,논벼,기본조사,벼관찰포,2026,6,깨씨무늬병(피해율),경상북도,0.0
202600204FC01010101322006,논벼,기본조사,벼관찰포,2026,6,깨씨무늬병(발생면적율),경상북도,0.0
202600204FC01010101322006,논벼,기본조사,벼관찰포,2026,6,바이러스병(발생추정면적),경상북도,0.0
202600204FC01010101322006,논벼,기본조사,벼관찰포,2026,6,바이러스병(감수율),경상북도,0.0
202600204FC01010101322006,논벼,기본조사,벼관찰포,2026,6,바이러스병(피해율),경상북도,0.0
202600204FC01010101322006,논벼,기본조사,벼관찰포,2026,6,바이러스병(발생면적율),경상북도,0.0
202600204FC01010101322006,논벼,기본조사,벼관찰포,2026,6,이화명나방(발생추정면적),경상북도,0.0
202600204FC01010101322006,논벼,기본조사,벼관찰포,2026,6,이화명나방(감수율),경상북도,0.0
202600204FC01010101322006,논벼,기본조사,벼관찰포,2026,6,이화명나방(피해율),경상북도,0.0
202600204FC01010101322006,논벼,기본조사,벼관찰포,2026,6,이화명나방(발생면적율),경상북도,0.0
202600204FC01010101322006,논벼,기본조사,벼관찰포,2026,6,혹명나방(발생추정면적),경상북도,0.0
202600204FC01010101322006,논벼,기본조사,벼관찰포,2026,6,혹명나방(감수율),경상북도,0.0
202600204FC01010101322006,논벼,기본조사,벼관찰포,2026,6,혹명나방(피해율),경상북도,0.0
202600204FC01010101322006,논벼,기본조사,벼관찰포,2026,6,혹명나방(발생면적율),경상북도,0.0
202600204FC01010101322006,논벼,기본조사,벼관찰포,2026,6,먹노린재(발생추정면적),경상북도,0.0
202600204FC01010101322006,논벼,기본조사,벼관찰포,2026,6,먹노린재(감수율),경상북도,0.0
202600204FC01010101322006,논벼,기본조사,벼관찰포,2026,6,먹노린재(피해율),경상북도,0.0
202600204FC01010101322006,논벼,기본조사,벼관찰포,2026,6,먹노린재(발생면적율),경상북도,0.0
202600204FC01010101322006,논벼,기본조사,벼관찰포,2026,6,벼멸구(발생추정면적),경상북도,0.0
202600204FC01010101322006,논벼,기본조사,벼관찰포,2026,6,벼멸구(감수율),경상북도,0.0
202600204FC01010101322006,논벼,기본조사,벼관찰포,2026,6,벼멸구(피해율),경상북도,0.0
202600204FC01010101322006,논벼,기본조사,벼관찰포,2026,6,벼멸구(발생면적율),경상북도,0.0
202600204FC01010101322006,논벼,기본조사,벼관찰포,2026,6,흰등멸구(발생추정면적),경상북도,0.0
202600204FC01010101322006,논벼,기본조사,벼관찰포,2026,6,흰등멸구(감수율),경상북도,0.0
202600204FC01010101322006,논벼,기본조사,벼관찰포,2026,6,흰등멸구(피해율),경상북도,0.0
202600204FC01010101322006,논벼,기본조사,벼관찰포,2026,6,흰등멸구(발생면적율),경상북도,0.0
202600204FC01010101322006,논벼,기본조사,벼관찰포,2026,6,잎집무늬마름병(발생추정면적),경상북도,0.0
202600204FC01010101322006,논벼,기본조사,벼관찰포,2026,6,잎집무늬마름병(감수율),경상북도,0.0
202600204FC01010101322006,논벼,기본조사,벼관찰포,2026,6,잎집무늬마름병(피해율),경상북도,0.0
202600204FC01010101322006,논벼,기본조사,벼관찰포,2026,6,잎집무늬마름병(발생면적율),경상북도,0.0
202600204FC01010101322006,논벼,기본조사,벼관찰포,2026,6,키다리병(발생추정면적),경상북도,0.0
202600204FC01010101322006,논벼,기본조사,벼관찰포,2026,6,키다리병(감수율),경상북도,0.0
202600204FC01010101322006,논벼,기본조사,벼관찰포,2026,6,키다리병(피해율),경상북도,0.0
202600204FC01010101322006,논벼,기본조사,벼관찰포,2026,6,키다리병(발생면적율),경상북도,0.0
202600204FC01010101322006,논벼,기본조사,벼관찰포,2026,6,이삭누룩병(발생추정면적),경상북도,0.0
202600204FC01010101322006,논벼,기본조사,벼관찰포,2026,6,이삭누룩병(감수율),경상북도,0.0
202600204FC01010101322006,논벼,기본조사,벼관찰포,2026,6,이삭누룩병(피해율),경상북도,0.0
202600204FC01010101322006,논벼,기본조사,벼관찰포,2026,6,이삭누룩병(발생면적율),경상북도,0.0
202600204FC01010101322006,논벼,기본조사,벼관찰포,2026,6,벼잎벌레(발생추정면적),경상북도,0.0
202600204FC01010101322006,논벼,기본조사,벼관찰포,2026,6,벼잎벌레(감수율),경상북도,0.0
202600204FC01010101322006,논벼,기본조사,벼관찰포,2026,6,벼잎벌레(피해율),경상북도,0.0
202600204FC01010101322006,논벼,기본조사,벼관찰포,2026,6,벼잎벌레(발생면적율),경상북도,0.0
202600204FC01010101322006,논벼,기본조사,벼관찰포,2026,6,벼애나방(발생추정면적),경상북도,0.0
202600204FC01010101322006,논벼,기본조사,벼관찰포,2026,6,벼애나방(감수율),경상북도,0.0
202600204FC01010101322006,논벼,기본조사,벼관찰포,2026,6,벼애나방(피해율),경상북도,0.0
202600204FC01010101322006,논벼,기본조사,벼관찰포,2026,6,벼애나방(발생면적율),경상북도,0.0
202600204FC01010101322006,논벼,기본조사,벼관찰포,2026,6,벼애잎굴파리(발생추정면적),경상북도,0.0
202600204FC01010101322006,논벼,기본조사,벼관찰포,2026,6,벼애잎굴파리(감수율),경상북도,0.0
202600204FC01010101322006,논벼,기본조사,벼관찰포,2026,6,벼애잎굴파리(피해율),경상북도,0.0
202600204FC01010101322006,논벼,기본조사,벼관찰포,2026,6,벼애잎굴파리(발생면적율),경상북도,0.0
202600204FC01010101322006,논벼,기본조사,벼관찰포,2026,6,벼줄기굴파리(발생추정면적),경상북도,0.0
202600204FC01010101322006,논벼,기본조사,벼관찰포,2026,6,벼줄기굴파리(감수율),경상북도,0.0
202600204FC01010101322006,논벼,기본조사,벼관찰포,2026,6,벼줄기굴파리(피해율),경상북도,0.0
202600204FC01010101322006,논벼,기본조사,벼관찰포,2026,6,벼줄기굴파리(발생면적율),경상북도,0.0
202600204FC01010101322006,논벼,기본조사,벼관찰포,2026,6,벼물바구미(발생추정면적),경상북도,0.0
202600204FC01010101322006,논벼,기본조사,벼관찰포,2026,6,벼물바구미(감수율),경상북도,0.0
202600204FC01010101322006,논벼,기본조사,벼관찰포,2026,6,벼물바구미(피해율),경상북도,0.0
202600204FC01010101322006,논벼,기본조사,벼관찰포,2026,6,벼물바구미(발생면적율),경상북도,0.0
202600204FC01010101322006,논벼,기본조사,벼관찰포,2026,6,애멸구(발생추정면적),경상북도,0.0
202600204FC01010101322006,논벼,기본조사,벼관찰포,2026,6,애멸구(감수율),경상북도,0.0
202600204FC01010101322006,논벼,기본조사,벼관찰포,2026,6,애멸구(피해율),경상북도,0.0
202600204FC01010101322006,논벼,기본조사,벼관찰포,2026,6,애멸구(발생면적율),경상북도,0.0
202600204FC01010101322006,논벼,기본조사,벼관찰포,2026,6,끝동매미충(발생추정면적),경상북도,0.0
202600204FC01010101322006,논벼,기본조사,벼관찰포,2026,6,끝동매미충(감수율),경상북도,0.0
202600204FC01010101322006,논벼,기본조사,벼관찰포,2026,6,끝동매미충(피해율),경상북도,0.0
202600204FC01010101322006,논벼,기본조사,벼관찰포,2026,6,끝동매미충(발생면적율),경상북도,0.0
202600204FC01010101322006,논벼,기본조사,벼관찰포,2026,6,멸강나방(발생추정면적),경상북도,0.0
202600204FC01010101322006,논벼,기본조사,벼관찰포,2026,6,멸강나방(감수율),경상북도,0.0
202600204FC01010101322006,논벼,기본조사,벼관찰포,2026,6,멸강나방(피해율),경상북도,0.0
202600204FC01010101322006,논벼,기본조사,벼관찰포,2026,6,멸강나방(발생면적율),경상북도,0.0
202600204FC01010101322006,논벼,기본조사,벼관찰포,2026,6,벼잎선충(발생추정면적),경상북도,0.0
202600204FC01010101322006,논벼,기본조사,벼관찰포,2026,6,벼잎선충(감수율),경상북도,0.0
202600204FC01010101322006,논벼,기본조사,벼관찰포,2026,6,벼잎선충(피해율),경상북도,0.0
202600204FC01010101322006,논벼,기본조사,벼관찰포,2026,6,벼잎선충(발생면적율),경상북도,0.0
202600204FC01010101322006,논벼,기본조사,벼관찰포,2026,6,잎도열병(발생추정면적),경상남도,0.0
202600204FC01010101322006,논벼,기본조사,벼관찰포,2026,6,잎도열병(감수율),경상남도,0.0
202600204FC01010101322006,논벼,기본조사,벼관찰포,2026,6,잎도열병(피해율),경상남도,0.0
202600204FC01010101322006,논벼,기본조사,벼관찰포,2026,6,잎도열병(발생면적율),경상남도,0.0
202600204FC01010101322006,논벼,기본조사,벼관찰포,2026,6,이삭도열병(발생추정면적),경상남도,0.0
202600204FC01010101322006,논벼,기본조사,벼관찰포,2026,6,이삭도열병(감수율),경상남도,0.0
202600204FC01010101322006,논벼,기본조사,벼관찰포,2026,6,이삭도열병(피해율),경상남도,0.0
202600204FC01010101322006,논벼,기본조사,벼관찰포,2026,6,이삭도열병(발생면적율),경상남도,0.0
202600204FC01010101322006,논벼,기본조사,벼관찰포,2026,6,세균벼알마름병(발생추정면적),경상남도,0.0
202600204FC01010101322006,논벼,기본조사,벼관찰포,2026,6,세균벼알마름병(감수율),경상남도,0.0
202600204FC01010101322006,논벼,기본조사,벼관찰포,2026,6,세균벼알마름병(피해율),경상남도,0.0
202600204FC01010101322006,논벼,기본조사,벼관찰포,2026,6,세균벼알마름병(발생면적율),경상남도,0.0
202600204FC01010101322006,논벼,기본조사,벼관찰포,2026,6,흰잎마름병(발생추정면적),경상남도,0.0
202600204FC01010101322006,논벼,기본조사,벼관찰포,2026,6,흰잎마름병(감수율),경상남도,0.0
202600204FC01010101322006,논벼,기본조사,벼관찰포,2026,6,흰잎마름병(피해율),경상남도,0.0
202600204FC01010101322006,논벼,기본조사,벼관찰포,2026,6,흰잎마름병(발생면적율),경상남도,0.0
202600204FC01010101322006,논벼,기본조사,벼관찰포,2026,6,깨씨무늬병(발생추정면적),경상남도,0.0
202600204FC01010101322006,논벼,기본조사,벼관찰포,2026,6,깨씨무늬병(감수율),경상남도,0.0
202600204FC01010101322006,논벼,기본조사,벼관찰포,2026,6,깨씨무늬병(피해율),경상남도,0.0
202600204FC01010101322006,논벼,기본조사,벼관찰포,2026,6,깨씨무늬병(발생면적율),경상남도,0.0
202600204FC01010101322006,논벼,기본조사,벼관찰포,2026,6,바이러스병(발생추정면적),경상남도,0.0
202600204FC01010101322006,논벼,기본조사,벼관찰포,2026,6,바이러스병(감수율),경상남도,0.0
202600204FC01010101322006,논벼,기본조사,벼관찰포,2026,6,바이러스병(피해율),경상남도,0.0
202600204FC01010101322006,논벼,기본조사,벼관찰포,2026,6,바이러스병(발생면적율),경상남도,0.0
202600204FC01010101322006,논벼,기본조사,벼관찰포,2026,6,이화명나방(발생추정면적),경상남도,0.0
202600204FC01010101322006,논벼,기본조사,벼관찰포,2026,6,이화명나방(감수율),경상남도,0.0
202600204FC01010101322006,논벼,기본조사,벼관찰포,2026,6,이화명나방(피해율),경상남도,0.0
202600204FC01010101322006,논벼,기본조사,벼관찰포,2026,6,이화명나방(발생면적율),경상남도,0.0
202600204FC01010101322006,논벼,기본조사,벼관찰포,2026,6,혹명나방(발생추정면적),경상남도,0.0
202600204FC01010101322006,논벼,기본조사,벼관찰포,2026,6,혹명나방(감수율),경상남도,0.0
202600204FC01010101322006,논벼,기본조사,벼관찰포,2026,6,혹명나방(피해율),경상남도,0.0
202600204FC01010101322006,논벼,기본조사,벼관찰포,2026,6,혹명나방(발생면적율),경상남도,0.0
202600204FC01010101322006,논벼,기본조사,벼관찰포,2026,6,먹노린재(발생추정면적),경상남도,0.0
202600204FC01010101322006,논벼,기본조사,벼관찰포,2026,6,먹노린재(감수율),경상남도,0.0
202600204FC01010101322006,논벼,기본조사,벼관찰포,2026,6,먹노린재(피해율),경상남도,0.0
202600204FC01010101322006,논벼,기본조사,벼관찰포,2026,6,먹노린재(발생면적율),경상남도,0.0
202600204FC01010101322006,논벼,기본조사,벼관찰포,2026,6,벼멸구(발생추정면적),경상남도,139.5
202600204FC01010101322006,논벼,기본조사,벼관찰포,2026,6,벼멸구(감수율),경상남도,0.01
202600204FC01010101322006,논벼,기본조사,벼관찰포,2026,6,벼멸구(피해율),경상남도,0.026
202600204FC01010101322006,논벼,기본조사,벼관찰포,2026,6,벼멸구(발생면적율),경상남도,0.262
202600204FC01010101322006,논벼,기본조사,벼관찰포,2026,6,흰등멸구(발생추정면적),경상남도,2.392
202600204FC01010101322006,논벼,기본조사,벼관찰포,2026,6,흰등멸구(감수율),경상남도,0.0
202600204FC01010101322006,논벼,기본조사,벼관찰포,2026,6,흰등멸구(피해율),경상남도,0.0
202600204FC01010101322006,논벼,기본조사,벼관찰포,2026,6,흰등멸구(발생면적율),경상남도,0.004
202600204FC01010101322006,논벼,기본조사,벼관찰포,2026,6,잎집무늬마름병(발생추정면적),경상남도,0.0
202600204FC01010101322006,논벼,기본조사,벼관찰포,2026,6,잎집무늬마름병(감수율),경상남도,0.0
202600204FC01010101322006,논벼,기본조사,벼관찰포,2026,6,잎집무늬마름병(피해율),경상남도,0.0
202600204FC01010101322006,논벼,기본조사,벼관찰포,2026,6,잎집무늬마름병(발생면적율),경상남도,0.0
202600204FC01010101322006,논벼,기본조사,벼관찰포,2026,6,키다리병(발생추정면적),경상남도,0.0
202600204FC01010101322006,논벼,기본조사,벼관찰포,2026,6,키다리병(감수율),경상남도,0.0
202600204FC01010101322006,논벼,기본조사,벼관찰포,2026,6,키다리병(피해율),경상남도,0.0
202600204FC01010101322006,논벼,기본조사,벼관찰포,2026,6,키다리병(발생면적율),경상남도,0.0
202600204FC01010101322006,논벼,기본조사,벼관찰포,2026,6,이삭누룩병(발생추정면적),경상남도,0.0
202600204FC01010101322006,논벼,기본조사,벼관찰포,2026,6,이삭누룩병(감수율),경상남도,0.0
202600204FC01010101322006,논벼,기본조사,벼관찰포,2026,6,이삭누룩병(피해율),경상남도,0.0
202600204FC01010101322006,논벼,기본조사,벼관찰포,2026,6,이삭누룩병(발생면적율),경상남도,0.0
202600204FC01010101322006,논벼,기본조사,벼관찰포,2026,6,벼잎벌레(발생추정면적),경상남도,0.0
202600204FC01010101322006,논벼,기본조사,벼관찰포,2026,6,벼잎벌레(감수율),경상남도,0.0
202600204FC01010101322006,논벼,기본조사,벼관찰포,2026,6,벼잎벌레(피해율),경상남도,0.0
202600204FC01010101322006,논벼,기본조사,벼관찰포,2026,6,벼잎벌레(발생면적율),경상남도,0.0
202600204FC01010101322006,논벼,기본조사,벼관찰포,2026,6,벼애나방(발생추정면적),경상남도,0.0
202600204FC01010101322006,논벼,기본조사,벼관찰포,2026,6,벼애나방(감수율),경상남도,0.0
202600204FC01010101322006,논벼,기본조사,벼관찰포,2026,6,벼애나방(피해율),경상남도,0.0
202600204FC01010101322006,논벼,기본조사,벼관찰포,2026,6,벼애나방(발생면적율),경상남도,0.0
202600204FC01010101322006,논벼,기본조사,벼관찰포,2026,6,벼애잎굴파리(발생추정면적),경상남도,0.0
202600204FC01010101322006,논벼,기본조사,벼관찰포,2026,6,벼애잎굴파리(감수율),경상남도,0.0
202600204FC01010101322006,논벼,기본조사,벼관찰포,2026,6,벼애잎굴파리(피해율),경상남도,0.0
202600204FC01010101322006,논벼,기본조사,벼관찰포,2026,6,벼애잎굴파리(발생면적율),경상남도,0.0
202600204FC01010101322006,논벼,기본조사,벼관찰포,2026,6,벼줄기굴파리(발생추정면적),경상남도,0.0
202600204FC01010101322006,논벼,기본조사,벼관찰포,2026,6,벼줄기굴파리(감수율),경상남도,0.0
202600204FC01010101322006,논벼,기본조사,벼관찰포,2026,6,벼줄기굴파리(피해율),경상남도,0.0
202600204FC01010101322006,논벼,기본조사,벼관찰포,2026,6,벼줄기굴파리(발생면적율),경상남도,0.0
202600204FC01010101322006,논벼,기본조사,벼관찰포,2026,6,벼물바구미(발생추정면적),경상남도,0.0
202600204FC01010101322006,논벼,기본조사,벼관찰포,2026,6,벼물바구미(감수율),경상남도,0.0
202600204FC01010101322006,논벼,기본조사,벼관찰포,2026,6,벼물바구미(피해율),경상남도,0.0
202600204FC01010101322006,논벼,기본조사,벼관찰포,2026,6,벼물바구미(발생면적율),경상남도,0.0
202600204FC01010101322006,논벼,기본조사,벼관찰포,2026,6,애멸구(발생추정면적),경상남도,0.0
202600204FC01010101322006,논벼,기본조사,벼관찰포,2026,6,애멸구(감수율),경상남도,0.0
202600204FC01010101322006,논벼,기본조사,벼관찰포,2026,6,애멸구(피해율),경상남도,0.0
202600204FC01010101322006,논벼,기본조사,벼관찰포,2026,6,애멸구(발생면적율),경상남도,0.0
202600204FC01010101322006,논벼,기본조사,벼관찰포,2026,6,끝동매미충(발생추정면적),경상남도,0.0
202600204FC01010101322006,논벼,기본조사,벼관찰포,2026,6,끝동매미충(감수율),경상남도,0.0
202600204FC01010101322006,논벼,기본조사,벼관찰포,2026,6,끝동매미충(피해율),경상남도,0.0
202600204FC01010101322006,논벼,기본조사,벼관찰포,2026,6,끝동매미충(발생면적율),경상남도,0.0
202600204FC01010101322006,논벼,기본조사,벼관찰포,2026,6,멸강나방(발생추정면적),경상남도,0.0
202600204FC01010101322006,논벼,기본조사,벼관찰포,2026,6,멸강나방(감수율),경상남도,0.0
202600204FC01010101322006,논벼,기본조사,벼관찰포,2026,6,멸강나방(피해율),경상남도,0.0
202600204FC01010101322006,논벼,기본조사,벼관찰포,2026,6,멸강나방(발생면적율),경상남도,0.0
202600204FC01010101322006,논벼,기본조사,벼관찰포,2026,6,벼잎선충(발생추정면적),경상남도,0.0
202600204FC01010101322006,논벼,기본조사,벼관찰포,2026,6,벼잎선충(감수율),경상남도,0.0
202600204FC01010101322006,논벼,기본조사,벼관찰포,2026,6,벼잎선충(피해율),경상남도,0.0
202600204FC01010101322006,논벼,기본조사,벼관찰포,2026,6,벼잎선충(발생면적율),경상남도,0.0
202600204FC01010101322005,논벼,기본조사,벼관찰포,2026,5,잎도열병(발생추정면적),부산광역시,0.0
202600204FC01010101322005,논벼,기본조사,벼관찰포,2026,5,잎도열병(감수율),부산광역시,0.0
202600204FC01010101322005,논벼,기본조사,벼관찰포,2026,5,잎도열병(피해율),부산광역시,0.0
202600204FC01010101322005,논벼,기본조사,벼관찰포,2026,5,잎도열병(발생면적율),부산광역시,0.0
202600204FC01010101322005,논벼,기본조사,벼관찰포,2026,5,이삭도열병(발생추정면적),부산광역시,0.0
202600204FC01010101322005,논벼,기본조사,벼관찰포,2026,5,이삭도열병(감수율),부산광역시,0.0
202600204FC01010101322005,논벼,기본조사,벼관찰포,2026,5,이삭도열병(피해율),부산광역시,0.0
202600204FC01010101322005,논벼,기본조사,벼관찰포,2026,5,이삭도열병(발생면적율),부산광역시,0.0
202600204FC01010101322005,논벼,기본조사,벼관찰포,2026,5,세균벼알마름병(발생추정면적),부산광역시,0.0
202600204FC01010101322005,논벼,기본조사,벼관찰포,2026,5,세균벼알마름병(감수율),부산광역시,0.0
202600204FC01010101322005,논벼,기본조사,벼관찰포,2026,5,세균벼알마름병(피해율),부산광역시,0.0
202600204FC01010101322005,논벼,기본조사,벼관찰포,2026,5,세균벼알마름병(발생면적율),부산광역시,0.0
202600204FC01010101322005,논벼,기본조사,벼관찰포,2026,5,흰잎마름병(발생추정면적),부산광역시,0.001
202600204FC01010101322005,논벼,기본조사,벼관찰포,2026,5,흰잎마름병(감수율),부산광역시,0.003
202600204FC01010101322005,논벼,기본조사,벼관찰포,2026,5,흰잎마름병(피해율),부산광역시,0.017
202600204FC01010101322005,논벼,기본조사,벼관찰포,2026,5,흰잎마름병(발생면적율),부산광역시,0.333
202600204FC01010101322005,논벼,기본조사,벼관찰포,2026,5,깨씨무늬병(발생추정면적),부산광역시,0.0
202600204FC01010101322005,논벼,기본조사,벼관찰포,2026,5,깨씨무늬병(감수율),부산광역시,0.0
202600204FC01010101322005,논벼,기본조사,벼관찰포,2026,5,깨씨무늬병(피해율),부산광역시,0.0
202600204FC01010101322005,논벼,기본조사,벼관찰포,2026,5,깨씨무늬병(발생면적율),부산광역시,0.0
202600204FC01010101322005,논벼,기본조사,벼관찰포,2026,5,바이러스병(발생추정면적),부산광역시,0.0
202600204FC01010101322005,논벼,기본조사,벼관찰포,2026,5,바이러스병(감수율),부산광역시,0.0
202600204FC01010101322005,논벼,기본조사,벼관찰포,2026,5,바이러스병(피해율),부산광역시,0.0
202600204FC01010101322005,논벼,기본조사,벼관찰포,2026,5,바이러스병(발생면적율),부산광역시,0.0
202600204FC01010101322005,논벼,기본조사,벼관찰포,2026,5,이화명나방(발생추정면적),부산광역시,0.0
202600204FC01010101322005,논벼,기본조사,벼관찰포,2026,5,이화명나방(감수율),부산광역시,0.0
202600204FC01010101322005,논벼,기본조사,벼관찰포,2026,5,이화명나방(피해율),부산광역시,0.0
202600204FC01010101322005,논벼,기본조사,벼관찰포,2026,5,이화명나방(발생면적율),부산광역시,0.0
202600204FC01010101322005,논벼,기본조사,벼관찰포,2026,5,혹명나방(발생추정면적),부산광역시,0.0
202600204FC01010101322005,논벼,기본조사,벼관찰포,2026,5,혹명나방(감수율),부산광역시,0.0
202600204FC01010101322005,논벼,기본조사,벼관찰포,2026,5,혹명나방(피해율),부산광역시,0.0
202600204FC01010101322005,논벼,기본조사,벼관찰포,2026,5,혹명나방(발생면적율),부산광역시,0.0
202600204FC01010101322005,논벼,기본조사,벼관찰포,2026,5,먹노린재(발생추정면적),부산광역시,0.0
202600204FC01010101322005,논벼,기본조사,벼관찰포,2026,5,먹노린재(감수율),부산광역시,0.0
202600204FC01010101322005,논벼,기본조사,벼관찰포,2026,5,먹노린재(피해율),부산광역시,0.0
202600204FC01010101322005,논벼,기본조사,벼관찰포,2026,5,먹노린재(발생면적율),부산광역시,0.0
202600204FC01010101322005,논벼,기본조사,벼관찰포,2026,5,벼멸구(발생추정면적),부산광역시,0.0
202600204FC01010101322005,논벼,기본조사,벼관찰포,2026,5,벼멸구(감수율),부산광역시,0.0
202600204FC01010101322005,논벼,기본조사,벼관찰포,2026,5,벼멸구(피해율),부산광역시,0.0
202600204FC01010101322005,논벼,기본조사,벼관찰포,2026,5,벼멸구(발생면적율),부산광역시,0.0
202600204FC01010101322005,논벼,기본조사,벼관찰포,2026,5,흰등멸구(발생추정면적),부산광역시,0.0
202600204FC01010101322005,논벼,기본조사,벼관찰포,2026,5,흰등멸구(감수율),부산광역시,0.0
202600204FC01010101322005,논벼,기본조사,벼관찰포,2026,5,흰등멸구(피해율),부산광역시,0.0
202600204FC01010101322005,논벼,기본조사,벼관찰포,2026,5,흰등멸구(발생면적율),부산광역시,0.0
202600204FC01010101322005,논벼,기본조사,벼관찰포,2026,5,잎집무늬마름병(발생추정면적),부산광역시,0.0
202600204FC01010101322005,논벼,기본조사,벼관찰포,2026,5,잎집무늬마름병(감수율),부산광역시,0.0
202600204FC01010101322005,논벼,기본조사,벼관찰포,2026,5,잎집무늬마름병(피해율),부산광역시,0.0
202600204FC01010101322005,논벼,기본조사,벼관찰포,2026,5,잎집무늬마름병(발생면적율),부산광역시,0.0
202600204FC01010101322005,논벼,기본조사,벼관찰포,2026,5,키다리병(발생추정면적),부산광역시,0.0
202600204FC01010101322005,논벼,기본조사,벼관찰포,2026,5,키다리병(감수율),부산광역시,0.0
202600204FC01010101322005,논벼,기본조사,벼관찰포,2026,5,키다리병(피해율),부산광역시,0.0
202600204FC01010101322005,논벼,기본조사,벼관찰포,2026,5,키다리병(발생면적율),부산광역시,0.0
202600204FC01010101322005,논벼,기본조사,벼관찰포,2026,5,이삭누룩병(발생추정면적),부산광역시,0.0
202600204FC01010101322005,논벼,기본조사,벼관찰포,2026,5,이삭누룩병(감수율),부산광역시,0.0
202600204FC01010101322005,논벼,기본조사,벼관찰포,2026,5,이삭누룩병(피해율),부산광역시,0.0
202600204FC01010101322005,논벼,기본조사,벼관찰포,2026,5,이삭누룩병(발생면적율),부산광역시,0.0
202600204FC01010101322005,논벼,기본조사,벼관찰포,2026,5,벼잎벌레(발생추정면적),부산광역시,0.0
202600204FC01010101322005,논벼,기본조사,벼관찰포,2026,5,벼잎벌레(감수율),부산광역시,0.0
202600204FC01010101322005,논벼,기본조사,벼관찰포,2026,5,벼잎벌레(피해율),부산광역시,0.0
202600204FC01010101322005,논벼,기본조사,벼관찰포,2026,5,벼잎벌레(발생면적율),부산광역시,0.0
202600204FC01010101322005,논벼,기본조사,벼관찰포,2026,5,벼애나방(발생추정면적),부산광역시,0.0
202600204FC01010101322005,논벼,기본조사,벼관찰포,2026,5,벼애나방(감수율),부산광역시,0.0
202600204FC01010101322005,논벼,기본조사,벼관찰포,2026,5,벼애나방(피해율),부산광역시,0.0
202600204FC01010101322005,논벼,기본조사,벼관찰포,2026,5,벼애나방(발생면적율),부산광역시,0.0
202600204FC01010101322005,논벼,기본조사,벼관찰포,2026,5,벼애잎굴파리(발생추정면적),부산광역시,0.0
202600204FC01010101322005,논벼,기본조사,벼관찰포,2026,5,벼애잎굴파리(감수율),부산광역시,0.0
202600204FC01010101322005,논벼,기본조사,벼관찰포,2026,5,벼애잎굴파리(피해율),부산광역시,0.0
202600204FC01010101322005,논벼,기본조사,벼관찰포,2026,5,벼애잎굴파리(발생면적율),부산광역시,0.0
202600204FC01010101322005,논벼,기본조사,벼관찰포,2026,5,벼줄기굴파리(발생추정면적),부산광역시,0.0
202600204FC01010101322005,논벼,기본조사,벼관찰포,2026,5,벼줄기굴파리(감수율),부산광역시,0.0
202600204FC01010101322005,논벼,기본조사,벼관찰포,2026,5,벼줄기굴파리(피해율),부산광역시,0.0
202600204FC01010101322005,논벼,기본조사,벼관찰포,2026,5,벼줄기굴파리(발생면적율),부산광역시,0.0
202600204FC01010101322005,논벼,기본조사,벼관찰포,2026,5,벼물바구미(발생추정면적),부산광역시,0.0
202600204FC01010101322005,논벼,기본조사,벼관찰포,2026,5,벼물바구미(감수율),부산광역시,0.0
202600204FC01010101322005,논벼,기본조사,벼관찰포,2026,5,벼물바구미(피해율),부산광역시,0.0
202600204FC01010101322005,논벼,기본조사,벼관찰포,2026,5,벼물바구미(발생면적율),부산광역시,0.0
202600204FC01010101322005,논벼,기본조사,벼관찰포,2026,5,애멸구(발생추정면적),부산광역시,0.0
202600204FC01010101322005,논벼,기본조사,벼관찰포,2026,5,애멸구(감수율),부산광역시,0.0
202600204FC01010101322005,논벼,기본조사,벼관찰포,2026,5,애멸구(피해율),부산광역시,0.0
202600204FC01010101322005,논벼,기본조사,벼관찰포,2026,5,애멸구(발생면적율),부산광역시,0.0
202600204FC01010101322005,논벼,기본조사,벼관찰포,2026,5,끝동매미충(발생추정면적),부산광역시,0.0
202600204FC01010101322005,논벼,기본조사,벼관찰포,2026,5,끝동매미충(감수율),부산광역시,0.0
202600204FC01010101322005,논벼,기본조사,벼관찰포,2026,5,끝동매미충(피해율),부산광역시,0.0
202600204FC01010101322005,논벼,기본조사,벼관찰포,2026,5,끝동매미충(발생면적율),부산광역시,0.0
202600204FC01010101322005,논벼,기본조사,벼관찰포,2026,5,멸강나방(발생추정면적),부산광역시,0.0
202600204FC01010101322005,논벼,기본조사,벼관찰포,2026,5,멸강나방(감수율),부산광역시,0.0
202600204FC01010101322005,논벼,기본조사,벼관찰포,2026,5,멸강나방(피해율),부산광역시,0.0
202600204FC01010101322005,논벼,기본조사,벼관찰포,2026,5,멸강나방(발생면적율),부산광역시,0.0
202600204FC01010101322005,논벼,기본조사,벼관찰포,2026,5,벼잎선충(발생추정면적),부산광역시,0.0
202600204FC01010101322005,논벼,기본조사,벼관찰포,2026,5,벼잎선충(감수율),부산광역시,0.0
202600204FC01010101322005,논벼,기본조사,벼관찰포,2026,5,벼잎선충(피해율),부산광역시,0.0
202600204FC01010101322005,논벼,기본조사,벼관찰포,2026,5,벼잎선충(발생면적율),부산광역시,0.0
202600204FC01010101322005,논벼,기본조사,벼관찰포,2026,5,잎도열병(발생추정면적),대구광역시,0.0
202600204FC01010101322005,논벼,기본조사,벼관찰포,2026,5,잎도열병(감수율),대구광역시,0.0
202600204FC01010101322005,논벼,기본조사,벼관찰포,2026,5,잎도열병(피해율),대구광역시,0.0
202600204FC01010101322005,논벼,기본조사,벼관찰포,2026,5,잎도열병(발생면적율),대구광역시,0.0
202600204FC01010101322005,논벼,기본조사,벼관찰포,2026,5,이삭도열병(발생추정면적),대구광역시,0.0
202600204FC01010101322005,논벼,기본조사,벼관찰포,2026,5,이삭도열병(감수율),대구광역시,0.0
202600204FC01010101322005,논벼,기본조사,벼관찰포,2026,5,이삭도열병(피해율),대구광역시,0.0
202600204FC01010101322005,논벼,기본조사,벼관찰포,2026,5,이삭도열병(발생면적율),대구광역시,0.0
202600204FC01010101322005,논벼,기본조사,벼관찰포,2026,5,세균벼알마름병(발생추정면적),대구광역시,0.0
202600204FC01010101322005,논벼,기본조사,벼관찰포,2026,5,세균벼알마름병(감수율),대구광역시,0.0
202600204FC01010101322005,논벼,기본조사,벼관찰포,2026,5,세균벼알마름병(피해율),대구광역시,0.0
202600204FC01010101322005,논벼,기본조사,벼관찰포,2026,5,세균벼알마름병(발생면적율),대구광역시,0.0
202600204FC01010101322005,논벼,기본조사,벼관찰포,2026,5,흰잎마름병(발생추정면적),대구광역시,0.0
202600204FC01010101322005,논벼,기본조사,벼관찰포,2026,5,흰잎마름병(감수율),대구광역시,0.0
202600204FC01010101322005,논벼,기본조사,벼관찰포,2026,5,흰잎마름병(피해율),대구광역시,0.0
202600204FC01010101322005,논벼,기본조사,벼관찰포,2026,5,흰잎마름병(발생면적율),대구광역시,0.0
202600204FC01010101322005,논벼,기본조사,벼관찰포,2026,5,깨씨무늬병(발생추정면적),대구광역시,0.0
202600204FC01010101322005,논벼,기본조사,벼관찰포,2026,5,깨씨무늬병(감수율),대구광역시,0.0
202600204FC01010101322005,논벼,기본조사,벼관찰포,2026,5,깨씨무늬병(피해율),대구광역시,0.0
202600204FC01010101322005,논벼,기본조사,벼관찰포,2026,5,깨씨무늬병(발생면적율),대구광역시,0.0
202600204FC01010101322005,논벼,기본조사,벼관찰포,2026,5,바이러스병(발생추정면적),대구광역시,0.0
202600204FC01010101322005,논벼,기본조사,벼관찰포,2026,5,바이러스병(감수율),대구광역시,0.0
202600204FC01010101322005,논벼,기본조사,벼관찰포,2026,5,바이러스병(피해율),대구광역시,0.0
202600204FC01010101322005,논벼,기본조사,벼관찰포,2026,5,바이러스병(발생면적율),대구광역시,0.0
202600204FC01010101322005,논벼,기본조사,벼관찰포,2026,5,이화명나방(발생추정면적),대구광역시,0.0
202600204FC01010101322005,논벼,기본조사,벼관찰포,2026,5,이화명나방(감수율),대구광역시,0.0
202600204FC01010101322005,논벼,기본조사,벼관찰포,2026,5,이화명나방(피해율),대구광역시,0.0
202600204FC01010101322005,논벼,기본조사,벼관찰포,2026,5,이화명나방(발생면적율),대구광역시,0.0
202600204FC01010101322005,논벼,기본조사,벼관찰포,2026,5,혹명나방(발생추정면적),대구광역시,0.0
202600204FC01010101322005,논벼,기본조사,벼관찰포,2026,5,혹명나방(감수율),대구광역시,0.0
202600204FC01010101322005,논벼,기본조사,벼관찰포,2026,5,혹명나방(피해율),대구광역시,0.0
202600204FC01010101322005,논벼,기본조사,벼관찰포,2026,5,혹명나방(발생면적율),대구광역시,0.0
202600204FC01010101322005,논벼,기본조사,벼관찰포,2026,5,먹노린재(발생추정면적),대구광역시,0.0
202600204FC01010101322005,논벼,기본조사,벼관찰포,2026,5,먹노린재(감수율),대구광역시,0.0
202600204FC01010101322005,논벼,기본조사,벼관찰포,2026,5,먹노린재(피해율),대구광역시,0.0
202600204FC01010101322005,논벼,기본조사,벼관찰포,2026,5,먹노린재(발생면적율),대구광역시,0.0
202600204FC01010101322005,논벼,기본조사,벼관찰포,2026,5,벼멸구(발생추정면적),대구광역시,0.0
202600204FC01010101322005,논벼,기본조사,벼관찰포,2026,5,벼멸구(감수율),대구광역시,0.0
202600204FC01010101322005,논벼,기본조사,벼관찰포,2026,5,벼멸구(피해율),대구광역시,0.0
202600204FC01010101322005,논벼,기본조사,벼관찰포,2026,5,벼멸구(발생면적율),대구광역시,0.0
202600204FC01010101322005,논벼,기본조사,벼관찰포,2026,5,흰등멸구(발생추정면적),대구광역시,0.0
202600204FC01010101322005,논벼,기본조사,벼관찰포,2026,5,흰등멸구(감수율),대구광역시,0.0
202600204FC01010101322005,논벼,기본조사,벼관찰포,2026,5,흰등멸구(피해율),대구광역시,0.0
202600204FC01010101322005,논벼,기본조사,벼관찰포,2026,5,흰등멸구(발생면적율),대구광역시,0.0
202600204FC01010101322005,논벼,기본조사,벼관찰포,2026,5,잎집무늬마름병(발생추정면적),대구광역시,0.0
202600204FC01010101322005,논벼,기본조사,벼관찰포,2026,5,잎집무늬마름병(감수율),대구광역시,0.0
202600204FC01010101322005,논벼,기본조사,벼관찰포,2026,5,잎집무늬마름병(피해율),대구광역시,0.0
202600204FC01010101322005,논벼,기본조사,벼관찰포,2026,5,잎집무늬마름병(발생면적율),대구광역시,0.0
202600204FC01010101322005,논벼,기본조사,벼관찰포,2026,5,키다리병(발생추정면적),대구광역시,0.0
202600204FC01010101322005,논벼,기본조사,벼관찰포,2026,5,키다리병(감수율),대구광역시,0.0
202600204FC01010101322005,논벼,기본조사,벼관찰포,2026,5,키다리병(피해율),대구광역시,0.0
202600204FC01010101322005,논벼,기본조사,벼관찰포,2026,5,키다리병(발생면적율),대구광역시,0.0
202600204FC01010101322005,논벼,기본조사,벼관찰포,2026,5,이삭누룩병(발생추정면적),대구광역시,0.0
202600204FC01010101322005,논벼,기본조사,벼관찰포,2026,5,이삭누룩병(감수율),대구광역시,0.0
202600204FC01010101322005,논벼,기본조사,벼관찰포,2026,5,이삭누룩병(피해율),대구광역시,0.0
202600204FC01010101322005,논벼,기본조사,벼관찰포,2026,5,이삭누룩병(발생면적율),대구광역시,0.0
202600204FC01010101322005,논벼,기본조사,벼관찰포,2026,5,벼잎벌레(발생추정면적),대구광역시,0.0
202600204FC01010101322005,논벼,기본조사,벼관찰포,2026,5,벼잎벌레(감수율),대구광역시,0.0
202600204FC01010101322005,논벼,기본조사,벼관찰포,2026,5,벼잎벌레(피해율),대구광역시,0.0
202600204FC01010101322005,논벼,기본조사,벼관찰포,2026,5,벼잎벌레(발생면적율),대구광역시,0.0
202600204FC01010101322005,논벼,기본조사,벼관찰포,2026,5,벼애나방(발생추정면적),대구광역시,0.0
202600204FC01010101322005,논벼,기본조사,벼관찰포,2026,5,벼애나방(감수율),대구광역시,0.0
202600204FC01010101322005,논벼,기본조사,벼관찰포,2026,5,벼애나방(피해율),대구광역시,0.0
202600204FC01010101322005,논벼,기본조사,벼관찰포,2026,5,벼애나방(발생면적율),대구광역시,0.0
202600204FC01010101322005,논벼,기본조사,벼관찰포,2026,5,벼애잎굴파리(발생추정면적),대구광역시,0.0
202600204FC01010101322005,논벼,기본조사,벼관찰포,2026,5,벼애잎굴파리(감수율),대구광역시,0.0
202600204FC01010101322005,논벼,기본조사,벼관찰포,2026,5,벼애잎굴파리(피해율),대구광역시,0.0
202600204FC01010101322005,논벼,기본조사,벼관찰포,2026,5,벼애잎굴파리(발생면적율),대구광역시,0.0
202600204FC01010101322005,논벼,기본조사,벼관찰포,2026,5,벼줄기굴파리(발생추정면적),대구광역시,0.0
202600204FC01010101322005,논벼,기본조사,벼관찰포,2026,5,벼줄기굴파리(감수율),대구광역시,0.0
202600204FC01010101322005,논벼,기본조사,벼관찰포,2026,5,벼줄기굴파리(피해율),대구광역시,0.0
202600204FC01010101322005,논벼,기본조사,벼관찰포,2026,5,벼줄기굴파리(발생면적율),대구광역시,0.0
202600204FC01010101322005,논벼,기본조사,벼관찰포,2026,5,벼물바구미(발생추정면적),대구광역시,0.0
202600204FC01010101322005,논벼,기본조사,벼관찰포,2026,5,벼물바구미(감수율),대구광역시,0.0
202600204FC01010101322005,논벼,기본조사,벼관찰포,2026,5,벼물바구미(피해율),대구광역시,0.0
202600204FC01010101322005,논벼,기본조사,벼관찰포,2026,5,벼물바구미(발생면적율),대구광역시,0.0
202600204FC01010101322005,논벼,기본조사,벼관찰포,2026,5,애멸구(발생추정면적),대구광역시,0.0
202600204FC01010101322005,논벼,기본조사,벼관찰포,2026,5,애멸구(감수율),대구광역시,0.0
202600204FC01010101322005,논벼,기본조사,벼관찰포,2026,5,애멸구(피해율),대구광역시,0.0
202600204FC01010101322005,논벼,기본조사,벼관찰포,2026,5,애멸구(발생면적율),대구광역시,0.0
202600204FC01010101322005,논벼,기본조사,벼관찰포,2026,5,끝동매미충(발생추정면적),대구광역시,0.0
202600204FC01010101322005,논벼,기본조사,벼관찰포,2026,5,끝동매미충(감수율),대구광역시,0.0
202600204FC01010101322005,논벼,기본조사,벼관찰포,2026,5,끝동매미충(피해율),대구광역시,0.0
202600204FC01010101322005,논벼,기본조사,벼관찰포,2026,5,끝동매미충(발생면적율),대구광역시,0.0
202600204FC01010101322005,논벼,기본조사,벼관찰포,2026,5,멸강나방(발생추정면적),대구광역시,0.0
202600204FC01010101322005,논벼,기본조사,벼관찰포,2026,5,멸강나방(감수율),대구광역시,0.0
202600204FC01010101322005,논벼,기본조사,벼관찰포,2026,5,멸강나방(피해율),대구광역시,0.0
202600204FC01010101322005,논벼,기본조사,벼관찰포,2026,5,멸강나방(발생면적율),대구광역시,0.0
202600204FC01010101322005,논벼,기본조사,벼관찰포,2026,5,벼잎선충(발생추정면적),대구광역시,0.0
202600204FC01010101322005,논벼,기본조사,벼관찰포,2026,5,벼잎선충(감수율),대구광역시,0.0
202600204FC01010101322005,논벼,기본조사,벼관찰포,2026,5,벼잎선충(피해율),대구광역시,0.0
202600204FC01010101322005,논벼,기본조사,벼관찰포,2026,5,벼잎선충(발생면적율),대구광역시,0.0
202600204FC01010101322005,논벼,기본조사,벼관찰포,2026,5,잎도열병(발생추정면적),인천광역시,167.469
202600204FC01010101322005,논벼,기본조사,벼관찰포,2026,5,잎도열병(감수율),인천광역시,0.001
202600204FC01010101322005,논벼,기본조사,벼관찰포,2026,5,잎도열병(피해율),인천광역시,0.003
202600204FC01010101322005,논벼,기본조사,벼관찰포,2026,5,잎도열병(발생면적율),인천광역시,1.349
202600204FC01010101322005,논벼,기본조사,벼관찰포,2026,5,이삭도열병(발생추정면적),인천광역시,0.0
202600204FC01010101322005,논벼,기본조사,벼관찰포,2026,5,이삭도열병(감수율),인천광역시,0.0
202600204FC01010101322005,논벼,기본조사,벼관찰포,2026,5,이삭도열병(피해율),인천광역시,0.0
202600204FC01010101322005,논벼,기본조사,벼관찰포,2026,5,이삭도열병(발생면적율),인천광역시,0.0
202600204FC01010101322005,논벼,기본조사,벼관찰포,2026,5,세균벼알마름병(발생추정면적),인천광역시,0.0
202600204FC01010101322005,논벼,기본조사,벼관찰포,2026,5,세균벼알마름병(감수율),인천광역시,0.0
202600204FC01010101322005,논벼,기본조사,벼관찰포,2026,5,세균벼알마름병(피해율),인천광역시,0.0
202600204FC01010101322005,논벼,기본조사,벼관찰포,2026,5,세균벼알마름병(발생면적율),인천광역시,0.0
202600204FC01010101322005,논벼,기본조사,벼관찰포,2026,5,흰잎마름병(발생추정면적),인천광역시,0.0
202600204FC01010101322005,논벼,기본조사,벼관찰포,2026,5,흰잎마름병(감수율),인천광역시,0.0
202600204FC01010101322005,논벼,기본조사,벼관찰포,2026,5,흰잎마름병(피해율),인천광역시,0.0
202600204FC01010101322005,논벼,기본조사,벼관찰포,2026,5,흰잎마름병(발생면적율),인천광역시,0.0
202600204FC01010101322005,논벼,기본조사,벼관찰포,2026,5,깨씨무늬병(발생추정면적),인천광역시,502.406
202600204FC01010101322005,논벼,기본조사,벼관찰포,2026,5,깨씨무늬병(감수율),인천광역시,0.04
202600204FC01010101322005,논벼,기본조사,벼관찰포,2026,5,깨씨무늬병(피해율),인천광역시,0.202
202600204FC01010101322005,논벼,기본조사,벼관찰포,2026,5,깨씨무늬병(발생면적율),인천광역시,4.047
202600204FC01010101322005,논벼,기본조사,벼관찰포,2026,5,바이러스병(발생추정면적),인천광역시,0.0
202600204FC01010101322005,논벼,기본조사,벼관찰포,2026,5,바이러스병(감수율),인천광역시,0.0
202600204FC01010101322005,논벼,기본조사,벼관찰포,2026,5,바이러스병(피해율),인천광역시,0.0
202600204FC01010101322005,논벼,기본조사,벼관찰포,2026,5,바이러스병(발생면적율),인천광역시,0.0
202600204FC01010101322005,논벼,기본조사,벼관찰포,2026,5,이화명나방(발생추정면적),인천광역시,0.087
202600204FC01010101322005,논벼,기본조사,벼관찰포,2026,5,이화명나방(감수율),인천광역시,0.0
202600204FC01010101322005,논벼,기본조사,벼관찰포,2026,5,이화명나방(피해율),인천광역시,0.0
202600204FC01010101322005,논벼,기본조사,벼관찰포,2026,5,이화명나방(발생면적율),인천광역시,0.001
202600204FC01010101322005,논벼,기본조사,벼관찰포,2026,5,혹명나방(발생추정면적),인천광역시,0.0
202600204FC01010101322005,논벼,기본조사,벼관찰포,2026,5,혹명나방(감수율),인천광역시,0.0
202600204FC01010101322005,논벼,기본조사,벼관찰포,2026,5,혹명나방(피해율),인천광역시,0.0
202600204FC01010101322005,논벼,기본조사,벼관찰포,2026,5,혹명나방(발생면적율),인천광역시,0.0
202600204FC01010101322005,논벼,기본조사,벼관찰포,2026,5,먹노린재(발생추정면적),인천광역시,0.0
202600204FC01010101322005,논벼,기본조사,벼관찰포,2026,5,먹노린재(감수율),인천광역시,0.0
202600204FC01010101322005,논벼,기본조사,벼관찰포,2026,5,먹노린재(피해율),인천광역시,0.0
202600204FC01010101322005,논벼,기본조사,벼관찰포,2026,5,먹노린재(발생면적율),인천광역시,0.0
202600204FC01010101322005,논벼,기본조사,벼관찰포,2026,5,벼멸구(발생추정면적),인천광역시,0.0
202600204FC01010101322005,논벼,기본조사,벼관찰포,2026,5,벼멸구(감수율),인천광역시,0.0
202600204FC01010101322005,논벼,기본조사,벼관찰포,2026,5,벼멸구(피해율),인천광역시,0.0
202600204FC01010101322005,논벼,기본조사,벼관찰포,2026,5,벼멸구(발생면적율),인천광역시,0.0
202600204FC01010101322005,논벼,기본조사,벼관찰포,2026,5,흰등멸구(발생추정면적),인천광역시,0.0
202600204FC01010101322005,논벼,기본조사,벼관찰포,2026,5,흰등멸구(감수율),인천광역시,0.0
202600204FC01010101322005,논벼,기본조사,벼관찰포,2026,5,흰등멸구(피해율),인천광역시,0.0
202600204FC01010101322005,논벼,기본조사,벼관찰포,2026,5,흰등멸구(발생면적율),인천광역시,0.0
202600204FC01010101322005,논벼,기본조사,벼관찰포,2026,5,잎집무늬마름병(발생추정면적),인천광역시,502.406
202600204FC01010101322005,논벼,기본조사,벼관찰포,2026,5,잎집무늬마름병(감수율),인천광역시,0.061
202600204FC01010101322005,논벼,기본조사,벼관찰포,2026,5,잎집무늬마름병(피해율),인천광역시,0.304
202600204FC01010101322005,논벼,기본조사,벼관찰포,2026,5,잎집무늬마름병(발생면적율),인천광역시,4.047
202600204FC01010101322005,논벼,기본조사,벼관찰포,2026,5,키다리병(발생추정면적),인천광역시,0.0
202600204FC01010101322005,논벼,기본조사,벼관찰포,2026,5,키다리병(감수율),인천광역시,0.0
202600204FC01010101322005,논벼,기본조사,벼관찰포,2026,5,키다리병(피해율),인천광역시,0.0
202600204FC01010101322005,논벼,기본조사,벼관찰포,2026,5,키다리병(발생면적율),인천광역시,0.0
202600204FC01010101322005,논벼,기본조사,벼관찰포,2026,5,이삭누룩병(발생추정면적),인천광역시,0.0
202600204FC01010101322005,논벼,기본조사,벼관찰포,2026,5,이삭누룩병(감수율),인천광역시,0.0
202600204FC01010101322005,논벼,기본조사,벼관찰포,2026,5,이삭누룩병(피해율),인천광역시,0.0
202600204FC01010101322005,논벼,기본조사,벼관찰포,2026,5,이삭누룩병(발생면적율),인천광역시,0.0
202600204FC01010101322005,논벼,기본조사,벼관찰포,2026,5,벼잎벌레(발생추정면적),인천광역시,0.0
202600204FC01010101322005,논벼,기본조사,벼관찰포,2026,5,벼잎벌레(감수율),인천광역시,0.0
202600204FC01010101322005,논벼,기본조사,벼관찰포,2026,5,벼잎벌레(피해율),인천광역시,0.0
202600204FC01010101322005,논벼,기본조사,벼관찰포,2026,5,벼잎벌레(발생면적율),인천광역시,0.0
202600204FC01010101322005,논벼,기본조사,벼관찰포,2026,5,벼애나방(발생추정면적),인천광역시,0.0
202600204FC01010101322005,논벼,기본조사,벼관찰포,2026,5,벼애나방(감수율),인천광역시,0.0
202600204FC01010101322005,논벼,기본조사,벼관찰포,2026,5,벼애나방(피해율),인천광역시,0.0
202600204FC01010101322005,논벼,기본조사,벼관찰포,2026,5,벼애나방(발생면적율),인천광역시,0.0
202600204FC01010101322005,논벼,기본조사,벼관찰포,2026,5,벼애잎굴파리(발생추정면적),인천광역시,0.0
202600204FC01010101322005,논벼,기본조사,벼관찰포,2026,5,벼애잎굴파리(감수율),인천광역시,0.0
202600204FC01010101322005,논벼,기본조사,벼관찰포,2026,5,벼애잎굴파리(피해율),인천광역시,0.0
202600204FC01010101322005,논벼,기본조사,벼관찰포,2026,5,벼애잎굴파리(발생면적율),인천광역시,0.0
202600204FC01010101322005,논벼,기본조사,벼관찰포,2026,5,벼줄기굴파리(발생추정면적),인천광역시,0.0
202600204FC01010101322005,논벼,기본조사,벼관찰포,2026,5,벼줄기굴파리(감수율),인천광역시,0.0
202600204FC01010101322005,논벼,기본조사,벼관찰포,2026,5,벼줄기굴파리(피해율),인천광역시,0.0
202600204FC01010101322005,논벼,기본조사,벼관찰포,2026,5,벼줄기굴파리(발생면적율),인천광역시,0.0
202600204FC01010101322005,논벼,기본조사,벼관찰포,2026,5,벼물바구미(발생추정면적),인천광역시,0.0
202600204FC01010101322005,논벼,기본조사,벼관찰포,2026,5,벼물바구미(감수율),인천광역시,0.0
202600204FC01010101322005,논벼,기본조사,벼관찰포,2026,5,벼물바구미(피해율),인천광역시,0.0
202600204FC01010101322005,논벼,기본조사,벼관찰포,2026,5,벼물바구미(발생면적율),인천광역시,0.0
202600204FC01010101322005,논벼,기본조사,벼관찰포,2026,5,애멸구(발생추정면적),인천광역시,0.0
202600204FC01010101322005,논벼,기본조사,벼관찰포,2026,5,애멸구(감수율),인천광역시,0.0
202600204FC01010101322005,논벼,기본조사,벼관찰포,2026,5,애멸구(피해율),인천광역시,0.0
202600204FC01010101322005,논벼,기본조사,벼관찰포,2026,5,애멸구(발생면적율),인천광역시,0.0
202600204FC01010101322005,논벼,기본조사,벼관찰포,2026,5,끝동매미충(발생추정면적),인천광역시,0.0
202600204FC01010101322005,논벼,기본조사,벼관찰포,2026,5,끝동매미충(감수율),인천광역시,0.0
202600204FC01010101322005,논벼,기본조사,벼관찰포,2026,5,끝동매미충(피해율),인천광역시,0.0
202600204FC01010101322005,논벼,기본조사,벼관찰포,2026,5,끝동매미충(발생면적율),인천광역시,0.0
202600204FC01010101322005,논벼,기본조사,벼관찰포,2026,5,멸강나방(발생추정면적),인천광역시,0.0
202600204FC01010101322005,논벼,기본조사,벼관찰포,2026,5,멸강나방(감수율),인천광역시,0.0
202600204FC01010101322005,논벼,기본조사,벼관찰포,2026,5,멸강나방(피해율),인천광역시,0.0
202600204FC01010101322005,논벼,기본조사,벼관찰포,2026,5,멸강나방(발생면적율),인천광역시,0.0
202600204FC01010101322005,논벼,기본조사,벼관찰포,2026,5,벼잎선충(발생추정면적),인천광역시,0.0
202600204FC01010101322005,논벼,기본조사,벼관찰포,2026,5,벼잎선충(감수율),인천광역시,0.0
202600204FC01010101322005,논벼,기본조사,벼관찰포,2026,5,벼잎선충(피해율),인천광역시,0.0
202600204FC01010101322005,논벼,기본조사,벼관찰포,2026,5,벼잎선충(발생면적율),인천광역시,0.0
202600204FC01010101322005,논벼,기본조사,벼관찰포,2026,5,잎도열병(발생추정면적),대전광역시,0.0
202600204FC01010101322005,논벼,기본조사,벼관찰포,2026,5,잎도열병(감수율),대전광역시,0.0
202600204FC01010101322005,논벼,기본조사,벼관찰포,2026,5,잎도열병(피해율),대전광역시,0.0
202600204FC01010101322005,논벼,기본조사,벼관찰포,2026,5,잎도열병(발생면적율),대전광역시,0.0
202600204FC01010101322005,논벼,기본조사,벼관찰포,2026,5,이삭도열병(발생추정면적),대전광역시,0.0
202600204FC01010101322005,논벼,기본조사,벼관찰포,2026,5,이삭도열병(감수율),대전광역시,0.0
202600204FC01010101322005,논벼,기본조사,벼관찰포,2026,5,이삭도열병(피해율),대전광역시,0.0
202600204FC01010101322005,논벼,기본조사,벼관찰포,2026,5,이삭도열병(발생면적율),대전광역시,0.0
202600204FC01010101322005,논벼,기본조사,벼관찰포,2026,5,세균벼알마름병(발생추정면적),대전광역시,0.0
202600204FC01010101322005,논벼,기본조사,벼관찰포,2026,5,세균벼알마름병(감수율),대전광역시,0.0
202600204FC01010101322005,논벼,기본조사,벼관찰포,2026,5,세균벼알마름병(피해율),대전광역시,0.0
202600204FC01010101322005,논벼,기본조사,벼관찰포,2026,5,세균벼알마름병(발생면적율),대전광역시,0.0
202600204FC01010101322005,논벼,기본조사,벼관찰포,2026,5,흰잎마름병(발생추정면적),대전광역시,0.0
202600204FC01010101322005,논벼,기본조사,벼관찰포,2026,5,흰잎마름병(감수율),대전광역시,0.0
202600204FC01010101322005,논벼,기본조사,벼관찰포,2026,5,흰잎마름병(피해율),대전광역시,0.0
202600204FC01010101322005,논벼,기본조사,벼관찰포,2026,5,흰잎마름병(발생면적율),대전광역시,0.0
202600204FC01010101322005,논벼,기본조사,벼관찰포,2026,5,깨씨무늬병(발생추정면적),대전광역시,0.0
202600204FC01010101322005,논벼,기본조사,벼관찰포,2026,5,깨씨무늬병(감수율),대전광역시,0.0
202600204FC01010101322005,논벼,기본조사,벼관찰포,2026,5,깨씨무늬병(피해율),대전광역시,0.0
202600204FC01010101322005,논벼,기본조사,벼관찰포,2026,5,깨씨무늬병(발생면적율),대전광역시,0.0
202600204FC01010101322005,논벼,기본조사,벼관찰포,2026,5,바이러스병(발생추정면적),대전광역시,0.0
202600204FC01010101322005,논벼,기본조사,벼관찰포,2026,5,바이러스병(감수율),대전광역시,0.0
202600204FC01010101322005,논벼,기본조사,벼관찰포,2026,5,바이러스병(피해율),대전광역시,0.0
202600204FC01010101322005,논벼,기본조사,벼관찰포,2026,5,바이러스병(발생면적율),대전광역시,0.0
202600204FC01010101322005,논벼,기본조사,벼관찰포,2026,5,이화명나방(발생추정면적),대전광역시,0.0
202600204FC01010101322005,논벼,기본조사,벼관찰포,2026,5,이화명나방(감수율),대전광역시,0.0
202600204FC01010101322005,논벼,기본조사,벼관찰포,2026,5,이화명나방(피해율),대전광역시,0.0
202600204FC01010101322005,논벼,기본조사,벼관찰포,2026,5,이화명나방(발생면적율),대전광역시,0.0
202600204FC01010101322005,논벼,기본조사,벼관찰포,2026,5,혹명나방(발생추정면적),대전광역시,0.0
202600204FC01010101322005,논벼,기본조사,벼관찰포,2026,5,혹명나방(감수율),대전광역시,0.0
202600204FC01010101322005,논벼,기본조사,벼관찰포,2026,5,혹명나방(피해율),대전광역시,0.0
202600204FC01010101322005,논벼,기본조사,벼관찰포,2026,5,혹명나방(발생면적율),대전광역시,0.0
202600204FC01010101322005,논벼,기본조사,벼관찰포,2026,5,먹노린재(발생추정면적),대전광역시,0.0
202600204FC01010101322005,논벼,기본조사,벼관찰포,2026,5,먹노린재(감수율),대전광역시,0.0
202600204FC01010101322005,논벼,기본조사,벼관찰포,2026,5,먹노린재(피해율),대전광역시,0.0
202600204FC01010101322005,논벼,기본조사,벼관찰포,2026,5,먹노린재(발생면적율),대전광역시,0.0
202600204FC01010101322005,논벼,기본조사,벼관찰포,2026,5,벼멸구(발생추정면적),대전광역시,0.0
202600204FC01010101322005,논벼,기본조사,벼관찰포,2026,5,벼멸구(감수율),대전광역시,0.0
202600204FC01010101322005,논벼,기본조사,벼관찰포,2026,5,벼멸구(피해율),대전광역시,0.0
202600204FC01010101322005,논벼,기본조사,벼관찰포,2026,5,벼멸구(발생면적율),대전광역시,0.0
202600204FC01010101322005,논벼,기본조사,벼관찰포,2026,5,흰등멸구(발생추정면적),대전광역시,0.0
202600204FC01010101322005,논벼,기본조사,벼관찰포,2026,5,흰등멸구(감수율),대전광역시,0.0
202600204FC01010101322005,논벼,기본조사,벼관찰포,2026,5,흰등멸구(피해율),대전광역시,0.0
202600204FC01010101322005,논벼,기본조사,벼관찰포,2026,5,흰등멸구(발생면적율),대전광역시,0.0
202600204FC01010101322005,논벼,기본조사,벼관찰포,2026,5,잎집무늬마름병(발생추정면적),대전광역시,0.0
202600204FC01010101322005,논벼,기본조사,벼관찰포,2026,5,잎집무늬마름병(감수율),대전광역시,0.0
202600204FC01010101322005,논벼,기본조사,벼관찰포,2026,5,잎집무늬마름병(피해율),대전광역시,0.0
202600204FC01010101322005,논벼,기본조사,벼관찰포,2026,5,잎집무늬마름병(발생면적율),대전광역시,0.0
202600204FC01010101322005,논벼,기본조사,벼관찰포,2026,5,키다리병(발생추정면적),대전광역시,0.0
202600204FC01010101322005,논벼,기본조사,벼관찰포,2026,5,키다리병(감수율),대전광역시,0.0
202600204FC01010101322005,논벼,기본조사,벼관찰포,2026,5,키다리병(피해율),대전광역시,0.0
202600204FC01010101322005,논벼,기본조사,벼관찰포,2026,5,키다리병(발생면적율),대전광역시,0.0
202600204FC01010101322005,논벼,기본조사,벼관찰포,2026,5,이삭누룩병(발생추정면적),대전광역시,0.0
202600204FC01010101322005,논벼,기본조사,벼관찰포,2026,5,이삭누룩병(감수율),대전광역시,0.0
202600204FC01010101322005,논벼,기본조사,벼관찰포,2026,5,이삭누룩병(피해율),대전광역시,0.0
202600204FC01010101322005,논벼,기본조사,벼관찰포,2026,5,이삭누룩병(발생면적율),대전광역시,0.0
202600204FC01010101322005,논벼,기본조사,벼관찰포,2026,5,벼잎벌레(발생추정면적),대전광역시,0.0
202600204FC01010101322005,논벼,기본조사,벼관찰포,2026,5,벼잎벌레(감수율),대전광역시,0.0
202600204FC01010101322005,논벼,기본조사,벼관찰포,2026,5,벼잎벌레(피해율),대전광역시,0.0
202600204FC01010101322005,논벼,기본조사,벼관찰포,2026,5,벼잎벌레(발생면적율),대전광역시,0.0
202600204FC01010101322005,논벼,기본조사,벼관찰포,2026,5,벼애나방(발생추정면적),대전광역시,0.0
202600204FC01010101322005,논벼,기본조사,벼관찰포,2026,5,벼애나방(감수율),대전광역시,0.0
202600204FC01010101322005,논벼,기본조사,벼관찰포,2026,5,벼애나방(피해율),대전광역시,0.0
202600204FC01010101322005,논벼,기본조사,벼관찰포,2026,5,벼애나방(발생면적율),대전광역시,0.0
202600204FC01010101322005,논벼,기본조사,벼관찰포,2026,5,벼애잎굴파리(발생추정면적),대전광역시,0.0
202600204FC01010101322005,논벼,기본조사,벼관찰포,2026,5,벼애잎굴파리(감수율),대전광역시,0.0
202600204FC01010101322005,논벼,기본조사,벼관찰포,2026,5,벼애잎굴파리(피해율),대전광역시,0.0
202600204FC01010101322005,논벼,기본조사,벼관찰포,2026,5,벼애잎굴파리(발생면적율),대전광역시,0.0
202600204FC01010101322005,논벼,기본조사,벼관찰포,2026,5,벼줄기굴파리(발생추정면적),대전광역시,0.0
202600204FC01010101322005,논벼,기본조사,벼관찰포,2026,5,벼줄기굴파리(감수율),대전광역시,0.0
202600204FC01010101322005,논벼,기본조사,벼관찰포,2026,5,벼줄기굴파리(피해율),대전광역시,0.0
202600204FC01010101322005,논벼,기본조사,벼관찰포,2026,5,벼줄기굴파리(발생면적율),대전광역시,0.0
202600204FC01010101322005,논벼,기본조사,벼관찰포,2026,5,벼물바구미(발생추정면적),대전광역시,0.0
202600204FC01010101322005,논벼,기본조사,벼관찰포,2026,5,벼물바구미(감수율),대전광역시,0.0
202600204FC01010101322005,논벼,기본조사,벼관찰포,2026,5,벼물바구미(피해율),대전광역시,0.0
202600204FC01010101322005,논벼,기본조사,벼관찰포,2026,5,벼물바구미(발생면적율),대전광역시,0.0
202600204FC01010101322005,논벼,기본조사,벼관찰포,2026,5,애멸구(발생추정면적),대전광역시,0.0
202600204FC01010101322005,논벼,기본조사,벼관찰포,2026,5,애멸구(감수율),대전광역시,0.0
202600204FC01010101322005,논벼,기본조사,벼관찰포,2026,5,애멸구(피해율),대전광역시,0.0
202600204FC01010101322005,논벼,기본조사,벼관찰포,2026,5,애멸구(발생면적율),대전광역시,0.0
202600204FC01010101322005,논벼,기본조사,벼관찰포,2026,5,끝동매미충(발생추정면적),대전광역시,0.0
202600204FC01010101322005,논벼,기본조사,벼관찰포,2026,5,끝동매미충(감수율),대전광역시,0.0
202600204FC01010101322005,논벼,기본조사,벼관찰포,2026,5,끝동매미충(피해율),대전광역시,0.0
202600204FC01010101322005,논벼,기본조사,벼관찰포,2026,5,끝동매미충(발생면적율),대전광역시,0.0
202600204FC01010101322005,논벼,기본조사,벼관찰포,2026,5,멸강나방(발생추정면적),대전광역시,0.0
202600204FC01010101322005,논벼,기본조사,벼관찰포,2026,5,멸강나방(감수율),대전광역시,0.0
202600204FC01010101322005,논벼,기본조사,벼관찰포,2026,5,멸강나방(피해율),대전광역시,0.0
202600204FC01010101322005,논벼,기본조사,벼관찰포,2026,5,멸강나방(발생면적율),대전광역시,0.0
202600204FC01010101322005,논벼,기본조사,벼관찰포,2026,5,벼잎선충(발생추정면적),대전광역시,0.0
202600204FC01010101322005,논벼,기본조사,벼관찰포,2026,5,벼잎선충(감수율),대전광역시,0.0
202600204FC01010101322005,논벼,기본조사,벼관찰포,2026,5,벼잎선충(피해율),대전광역시,0.0
202600204FC01010101322005,논벼,기본조사,벼관찰포,2026,5,벼잎선충(발생면적율),대전광역시,0.0
202600204FC01010101322005,논벼,기본조사,벼관찰포,2026,5,잎도열병(발생추정면적),울산광역시,52.18
202600204FC01010101322005,논벼,기본조사,벼관찰포,2026,5,잎도열병(감수율),울산광역시,0.001
202600204FC01010101322005,논벼,기본조사,벼관찰포,2026,5,잎도열병(피해율),울산광역시,0.004
202600204FC01010101322005,논벼,기본조사,벼관찰포,2026,5,잎도열병(발생면적율),울산광역시,1.639
202600204FC01010101322005,논벼,기본조사,벼관찰포,2026,5,이삭도열병(발생추정면적),울산광역시,0.0
202600204FC01010101322005,논벼,기본조사,벼관찰포,2026,5,이삭도열병(감수율),울산광역시,0.0
202600204FC01010101322005,논벼,기본조사,벼관찰포,2026,5,이삭도열병(피해율),울산광역시,0.0
202600204FC01010101322005,논벼,기본조사,벼관찰포,2026,5,이삭도열병(발생면적율),울산광역시,0.0
202600204FC01010101322005,논벼,기본조사,벼관찰포,2026,5,세균벼알마름병(발생추정면적),울산광역시,0.0
202600204FC01010101322005,논벼,기본조사,벼관찰포,2026,5,세균벼알마름병(감수율),울산광역시,0.0
202600204FC01010101322005,논벼,기본조사,벼관찰포,2026,5,세균벼알마름병(피해율),울산광역시,0.0
202600204FC01010101322005,논벼,기본조사,벼관찰포,2026,5,세균벼알마름병(발생면적율),울산광역시,0.0
202600204FC01010101322005,논벼,기본조사,벼관찰포,2026,5,흰잎마름병(발생추정면적),울산광역시,0.0
202600204FC01010101322005,논벼,기본조사,벼관찰포,2026,5,흰잎마름병(감수율),울산광역시,0.0
202600204FC01010101322005,논벼,기본조사,벼관찰포,2026,5,흰잎마름병(피해율),울산광역시,0.0
202600204FC01010101322005,논벼,기본조사,벼관찰포,2026,5,흰잎마름병(발생면적율),울산광역시,0.0
202600204FC01010101322005,논벼,기본조사,벼관찰포,2026,5,깨씨무늬병(발생추정면적),울산광역시,0.0
202600204FC01010101322005,논벼,기본조사,벼관찰포,2026,5,깨씨무늬병(감수율),울산광역시,0.0
202600204FC01010101322005,논벼,기본조사,벼관찰포,2026,5,깨씨무늬병(피해율),울산광역시,0.0
202600204FC01010101322005,논벼,기본조사,벼관찰포,2026,5,깨씨무늬병(발생면적율),울산광역시,0.0
202600204FC01010101322005,논벼,기본조사,벼관찰포,2026,5,바이러스병(발생추정면적),울산광역시,0.0
202600204FC01010101322005,논벼,기본조사,벼관찰포,2026,5,바이러스병(감수율),울산광역시,0.0
202600204FC01010101322005,논벼,기본조사,벼관찰포,2026,5,바이러스병(피해율),울산광역시,0.0
202600204FC01010101322005,논벼,기본조사,벼관찰포,2026,5,바이러스병(발생면적율),울산광역시,0.0
202600204FC01010101322005,논벼,기본조사,벼관찰포,2026,5,이화명나방(발생추정면적),울산광역시,0.0
202600204FC01010101322005,논벼,기본조사,벼관찰포,2026,5,이화명나방(감수율),울산광역시,0.0
202600204FC01010101322005,논벼,기본조사,벼관찰포,2026,5,이화명나방(피해율),울산광역시,0.0
202600204FC01010101322005,논벼,기본조사,벼관찰포,2026,5,이화명나방(발생면적율),울산광역시,0.0
202600204FC01010101322005,논벼,기본조사,벼관찰포,2026,5,혹명나방(발생추정면적),울산광역시,0.0
202600204FC01010101322005,논벼,기본조사,벼관찰포,2026,5,혹명나방(감수율),울산광역시,0.0
202600204FC01010101322005,논벼,기본조사,벼관찰포,2026,5,혹명나방(피해율),울산광역시,0.0
202600204FC01010101322005,논벼,기본조사,벼관찰포,2026,5,혹명나방(발생면적율),울산광역시,0.0
202600204FC01010101322005,논벼,기본조사,벼관찰포,2026,5,먹노린재(발생추정면적),울산광역시,0.0
202600204FC01010101322005,논벼,기본조사,벼관찰포,2026,5,먹노린재(감수율),울산광역시,0.0
202600204FC01010101322005,논벼,기본조사,벼관찰포,2026,5,먹노린재(피해율),울산광역시,0.0
202600204FC01010101322005,논벼,기본조사,벼관찰포,2026,5,먹노린재(발생면적율),울산광역시,0.0
202600204FC01010101322005,논벼,기본조사,벼관찰포,2026,5,벼멸구(발생추정면적),울산광역시,0.0
202600204FC01010101322005,논벼,기본조사,벼관찰포,2026,5,벼멸구(감수율),울산광역시,0.0
202600204FC01010101322005,논벼,기본조사,벼관찰포,2026,5,벼멸구(피해율),울산광역시,0.0
202600204FC01010101322005,논벼,기본조사,벼관찰포,2026,5,벼멸구(발생면적율),울산광역시,0.0
202600204FC01010101322005,논벼,기본조사,벼관찰포,2026,5,흰등멸구(발생추정면적),울산광역시,0.0
202600204FC01010101322005,논벼,기본조사,벼관찰포,2026,5,흰등멸구(감수율),울산광역시,0.0
202600204FC01010101322005,논벼,기본조사,벼관찰포,2026,5,흰등멸구(피해율),울산광역시,0.0
202600204FC01010101322005,논벼,기본조사,벼관찰포,2026,5,흰등멸구(발생면적율),울산광역시,0.0
202600204FC01010101322005,논벼,기본조사,벼관찰포,2026,5,잎집무늬마름병(발생추정면적),울산광역시,0.0
202600204FC01010101322005,논벼,기본조사,벼관찰포,2026,5,잎집무늬마름병(감수율),울산광역시,0.0
202600204FC01010101322005,논벼,기본조사,벼관찰포,2026,5,잎집무늬마름병(피해율),울산광역시,0.0
202600204FC01010101322005,논벼,기본조사,벼관찰포,2026,5,잎집무늬마름병(발생면적율),울산광역시,0.0
202600204FC01010101322005,논벼,기본조사,벼관찰포,2026,5,키다리병(발생추정면적),울산광역시,0.0
202600204FC01010101322005,논벼,기본조사,벼관찰포,2026,5,키다리병(감수율),울산광역시,0.0
202600204FC01010101322005,논벼,기본조사,벼관찰포,2026,5,키다리병(피해율),울산광역시,0.0
202600204FC01010101322005,논벼,기본조사,벼관찰포,2026,5,키다리병(발생면적율),울산광역시,0.0
202600204FC01010101322005,논벼,기본조사,벼관찰포,2026,5,이삭누룩병(발생추정면적),울산광역시,0.0
202600204FC01010101322005,논벼,기본조사,벼관찰포,2026,5,이삭누룩병(감수율),울산광역시,0.0
202600204FC01010101322005,논벼,기본조사,벼관찰포,2026,5,이삭누룩병(피해율),울산광역시,0.0
202600204FC01010101322005,논벼,기본조사,벼관찰포,2026,5,이삭누룩병(발생면적율),울산광역시,0.0
202600204FC01010101322005,논벼,기본조사,벼관찰포,2026,5,벼잎벌레(발생추정면적),울산광역시,0.0
202600204FC01010101322005,논벼,기본조사,벼관찰포,2026,5,벼잎벌레(감수율),울산광역시,0.0
202600204FC01010101322005,논벼,기본조사,벼관찰포,2026,5,벼잎벌레(피해율),울산광역시,0.0
202600204FC01010101322005,논벼,기본조사,벼관찰포,2026,5,벼잎벌레(발생면적율),울산광역시,0.0
202600204FC01010101322005,논벼,기본조사,벼관찰포,2026,5,벼애나방(발생추정면적),울산광역시,0.0
202600204FC01010101322005,논벼,기본조사,벼관찰포,2026,5,벼애나방(감수율),울산광역시,0.0
202600204FC01010101322005,논벼,기본조사,벼관찰포,2026,5,벼애나방(피해율),울산광역시,0.0
202600204FC01010101322005,논벼,기본조사,벼관찰포,2026,5,벼애나방(발생면적율),울산광역시,0.0
202600204FC01010101322005,논벼,기본조사,벼관찰포,2026,5,벼애잎굴파리(발생추정면적),울산광역시,0.0
202600204FC01010101322005,논벼,기본조사,벼관찰포,2026,5,벼애잎굴파리(감수율),울산광역시,0.0
202600204FC01010101322005,논벼,기본조사,벼관찰포,2026,5,벼애잎굴파리(피해율),울산광역시,0.0
202600204FC01010101322005,논벼,기본조사,벼관찰포,2026,5,벼애잎굴파리(발생면적율),울산광역시,0.0
202600204FC01010101322005,논벼,기본조사,벼관찰포,2026,5,벼줄기굴파리(발생추정면적),울산광역시,0.0
202600204FC01010101322005,논벼,기본조사,벼관찰포,2026,5,벼줄기굴파리(감수율),울산광역시,0.0
202600204FC01010101322005,논벼,기본조사,벼관찰포,2026,5,벼줄기굴파리(피해율),울산광역시,0.0
202600204FC01010101322005,논벼,기본조사,벼관찰포,2026,5,벼줄기굴파리(발생면적율),울산광역시,0.0
202600204FC01010101322005,논벼,기본조사,벼관찰포,2026,5,벼물바구미(발생추정면적),울산광역시,0.0
202600204FC01010101322005,논벼,기본조사,벼관찰포,2026,5,벼물바구미(감수율),울산광역시,0.0
202600204FC01010101322005,논벼,기본조사,벼관찰포,2026,5,벼물바구미(피해율),울산광역시,0.0
202600204FC01010101322005,논벼,기본조사,벼관찰포,2026,5,벼물바구미(발생면적율),울산광역시,0.0
202600204FC01010101322005,논벼,기본조사,벼관찰포,2026,5,애멸구(발생추정면적),울산광역시,0.0
202600204FC01010101322005,논벼,기본조사,벼관찰포,2026,5,애멸구(감수율),울산광역시,0.0
202600204FC01010101322005,논벼,기본조사,벼관찰포,2026,5,애멸구(피해율),울산광역시,0.0
202600204FC01010101322005,논벼,기본조사,벼관찰포,2026,5,애멸구(발생면적율),울산광역시,0.0
202600204FC01010101322005,논벼,기본조사,벼관찰포,2026,5,끝동매미충(발생추정면적),울산광역시,0.0
202600204FC01010101322005,논벼,기본조사,벼관찰포,2026,5,끝동매미충(감수율),울산광역시,0.0
202600204FC01010101322005,논벼,기본조사,벼관찰포,2026,5,끝동매미충(피해율),울산광역시,0.0
202600204FC01010101322005,논벼,기본조사,벼관찰포,2026,5,끝동매미충(발생면적율),울산광역시,0.0
202600204FC01010101322005,논벼,기본조사,벼관찰포,2026,5,멸강나방(발생추정면적),울산광역시,0.0
202600204FC01010101322005,논벼,기본조사,벼관찰포,2026,5,멸강나방(감수율),울산광역시,0.0
202600204FC01010101322005,논벼,기본조사,벼관찰포,2026,5,멸강나방(피해율),울산광역시,0.0
202600204FC01010101322005,논벼,기본조사,벼관찰포,2026,5,멸강나방(발생면적율),울산광역시,0.0
202600204FC01010101322005,논벼,기본조사,벼관찰포,2026,5,벼잎선충(발생추정면적),울산광역시,0.0
202600204FC01010101322005,논벼,기본조사,벼관찰포,2026,5,벼잎선충(감수율),울산광역시,0.0
202600204FC01010101322005,논벼,기본조사,벼관찰포,2026,5,벼잎선충(피해율),울산광역시,0.0
202600204FC01010101322005,논벼,기본조사,벼관찰포,2026,5,벼잎선충(발생면적율),울산광역시,0.0
202600204FC01010101322005,논벼,기본조사,벼관찰포,2026,5,잎도열병(발생추정면적),경기도,68.722
202600204FC01010101322005,논벼,기본조사,벼관찰포,2026,5,잎도열병(감수율),경기도,0.0
202600204FC01010101322005,논벼,기본조사,벼관찰포,2026,5,잎도열병(피해율),경기도,0.0
202600204FC01010101322005,논벼,기본조사,벼관찰포,2026,5,잎도열병(발생면적율),경기도,0.115
202600204FC01010101322005,논벼,기본조사,벼관찰포,2026,5,이삭도열병(발생추정면적),경기도,0.0
202600204FC01010101322005,논벼,기본조사,벼관찰포,2026,5,이삭도열병(감수율),경기도,0.0
202600204FC01010101322005,논벼,기본조사,벼관찰포,2026,5,이삭도열병(피해율),경기도,0.0
202600204FC01010101322005,논벼,기본조사,벼관찰포,2026,5,이삭도열병(발생면적율),경기도,0.0
202600204FC01010101322005,논벼,기본조사,벼관찰포,2026,5,세균벼알마름병(발생추정면적),경기도,0.0
202600204FC01010101322005,논벼,기본조사,벼관찰포,2026,5,세균벼알마름병(감수율),경기도,0.0
202600204FC01010101322005,논벼,기본조사,벼관찰포,2026,5,세균벼알마름병(피해율),경기도,0.0
202600204FC01010101322005,논벼,기본조사,벼관찰포,2026,5,세균벼알마름병(발생면적율),경기도,0.0
202600204FC01010101322005,논벼,기본조사,벼관찰포,2026,5,흰잎마름병(발생추정면적),경기도,0.0
202600204FC01010101322005,논벼,기본조사,벼관찰포,2026,5,흰잎마름병(감수율),경기도,0.0
202600204FC01010101322005,논벼,기본조사,벼관찰포,2026,5,흰잎마름병(피해율),경기도,0.0
202600204FC01010101322005,논벼,기본조사,벼관찰포,2026,5,흰잎마름병(발생면적율),경기도,0.0
202600204FC01010101322005,논벼,기본조사,벼관찰포,2026,5,깨씨무늬병(발생추정면적),경기도,3.77
202600204FC01010101322005,논벼,기본조사,벼관찰포,2026,5,깨씨무늬병(감수율),경기도,0.0
202600204FC01010101322005,논벼,기본조사,벼관찰포,2026,5,깨씨무늬병(피해율),경기도,0.0
202600204FC01010101322005,논벼,기본조사,벼관찰포,2026,5,깨씨무늬병(발생면적율),경기도,0.006
202600204FC01010101322005,논벼,기본조사,벼관찰포,2026,5,바이러스병(발생추정면적),경기도,0.0
202600204FC01010101322005,논벼,기본조사,벼관찰포,2026,5,바이러스병(감수율),경기도,0.0
202600204FC01010101322005,논벼,기본조사,벼관찰포,2026,5,바이러스병(피해율),경기도,0.0
202600204FC01010101322005,논벼,기본조사,벼관찰포,2026,5,바이러스병(발생면적율),경기도,0.0
202600204FC01010101322005,논벼,기본조사,벼관찰포,2026,5,이화명나방(발생추정면적),경기도,0.0
202600204FC01010101322005,논벼,기본조사,벼관찰포,2026,5,이화명나방(감수율),경기도,0.0
202600204FC01010101322005,논벼,기본조사,벼관찰포,2026,5,이화명나방(피해율),경기도,0.0
202600204FC01010101322005,논벼,기본조사,벼관찰포,2026,5,이화명나방(발생면적율),경기도,0.0
202600204FC01010101322005,논벼,기본조사,벼관찰포,2026,5,혹명나방(발생추정면적),경기도,0.0
202600204FC01010101322005,논벼,기본조사,벼관찰포,2026,5,혹명나방(감수율),경기도,0.0
202600204FC01010101322005,논벼,기본조사,벼관찰포,2026,5,혹명나방(피해율),경기도,0.0
202600204FC01010101322005,논벼,기본조사,벼관찰포,2026,5,혹명나방(발생면적율),경기도,0.0
202600204FC01010101322005,논벼,기본조사,벼관찰포,2026,5,먹노린재(발생추정면적),경기도,0.0
202600204FC01010101322005,논벼,기본조사,벼관찰포,2026,5,먹노린재(감수율),경기도,0.0
202600204FC01010101322005,논벼,기본조사,벼관찰포,2026,5,먹노린재(피해율),경기도,0.0
202600204FC01010101322005,논벼,기본조사,벼관찰포,2026,5,먹노린재(발생면적율),경기도,0.0
202600204FC01010101322005,논벼,기본조사,벼관찰포,2026,5,벼멸구(발생추정면적),경기도,0.0
202600204FC01010101322005,논벼,기본조사,벼관찰포,2026,5,벼멸구(감수율),경기도,0.0
202600204FC01010101322005,논벼,기본조사,벼관찰포,2026,5,벼멸구(피해율),경기도,0.0
202600204FC01010101322005,논벼,기본조사,벼관찰포,2026,5,벼멸구(발생면적율),경기도,0.0
202600204FC01010101322005,논벼,기본조사,벼관찰포,2026,5,흰등멸구(발생추정면적),경기도,0.52
202600204FC01010101322005,논벼,기본조사,벼관찰포,2026,5,흰등멸구(감수율),경기도,0.0
202600204FC01010101322005,논벼,기본조사,벼관찰포,2026,5,흰등멸구(피해율),경기도,0.0
202600204FC01010101322005,논벼,기본조사,벼관찰포,2026,5,흰등멸구(발생면적율),경기도,0.001
202600204FC01010101322005,논벼,기본조사,벼관찰포,2026,5,잎집무늬마름병(발생추정면적),경기도,216.298
202600204FC01010101322005,논벼,기본조사,벼관찰포,2026,5,잎집무늬마름병(감수율),경기도,0.007
202600204FC01010101322005,논벼,기본조사,벼관찰포,2026,5,잎집무늬마름병(피해율),경기도,0.036
202600204FC01010101322005,논벼,기본조사,벼관찰포,2026,5,잎집무늬마름병(발생면적율),경기도,0.361
202600204FC01010101322005,논벼,기본조사,벼관찰포,2026,5,키다리병(발생추정면적),경기도,0.0
202600204FC01010101322005,논벼,기본조사,벼관찰포,2026,5,키다리병(감수율),경기도,0.0
202600204FC01010101322005,논벼,기본조사,벼관찰포,2026,5,키다리병(피해율),경기도,0.0
202600204FC01010101322005,논벼,기본조사,벼관찰포,2026,5,키다리병(발생면적율),경기도,0.0
202600204FC01010101322005,논벼,기본조사,벼관찰포,2026,5,이삭누룩병(발생추정면적),경기도,0.0
202600204FC01010101322005,논벼,기본조사,벼관찰포,2026,5,이삭누룩병(감수율),경기도,0.0
202600204FC01010101322005,논벼,기본조사,벼관찰포,2026,5,이삭누룩병(피해율),경기도,0.0
202600204FC01010101322005,논벼,기본조사,벼관찰포,2026,5,이삭누룩병(발생면적율),경기도,0.0
202600204FC01010101322005,논벼,기본조사,벼관찰포,2026,5,벼잎벌레(발생추정면적),경기도,0.0
202600204FC01010101322005,논벼,기본조사,벼관찰포,2026,5,벼잎벌레(감수율),경기도,0.0
202600204FC01010101322005,논벼,기본조사,벼관찰포,2026,5,벼잎벌레(피해율),경기도,0.0
202600204FC01010101322005,논벼,기본조사,벼관찰포,2026,5,벼잎벌레(발생면적율),경기도,0.0
202600204FC01010101322005,논벼,기본조사,벼관찰포,2026,5,벼애나방(발생추정면적),경기도,122.138
202600204FC01010101322005,논벼,기본조사,벼관찰포,2026,5,벼애나방(감수율),경기도,0.008
202600204FC01010101322005,논벼,기본조사,벼관찰포,2026,5,벼애나방(피해율),경기도,0.041
202600204FC01010101322005,논벼,기본조사,벼관찰포,2026,5,벼애나방(발생면적율),경기도,0.204
202600204FC01010101322005,논벼,기본조사,벼관찰포,2026,5,벼애잎굴파리(발생추정면적),경기도,0.0
202600204FC01010101322005,논벼,기본조사,벼관찰포,2026,5,벼애잎굴파리(감수율),경기도,0.0
202600204FC01010101322005,논벼,기본조사,벼관찰포,2026,5,벼애잎굴파리(피해율),경기도,0.0
202600204FC01010101322005,논벼,기본조사,벼관찰포,2026,5,벼애잎굴파리(발생면적율),경기도,0.0
202600204FC01010101322005,논벼,기본조사,벼관찰포,2026,5,벼줄기굴파리(발생추정면적),경기도,0.0
202600204FC01010101322005,논벼,기본조사,벼관찰포,2026,5,벼줄기굴파리(감수율),경기도,0.0
202600204FC01010101322005,논벼,기본조사,벼관찰포,2026,5,벼줄기굴파리(피해율),경기도,0.0
202600204FC01010101322005,논벼,기본조사,벼관찰포,2026,5,벼줄기굴파리(발생면적율),경기도,0.0
202600204FC01010101322005,논벼,기본조사,벼관찰포,2026,5,벼물바구미(발생추정면적),경기도,0.0
202600204FC01010101322005,논벼,기본조사,벼관찰포,2026,5,벼물바구미(감수율),경기도,0.0
202600204FC01010101322005,논벼,기본조사,벼관찰포,2026,5,벼물바구미(피해율),경기도,0.0
202600204FC01010101322005,논벼,기본조사,벼관찰포,2026,5,벼물바구미(발생면적율),경기도,0.0
202600204FC01010101322005,논벼,기본조사,벼관찰포,2026,5,애멸구(발생추정면적),경기도,0.0
202600204FC01010101322005,논벼,기본조사,벼관찰포,2026,5,애멸구(감수율),경기도,0.0
202600204FC01010101322005,논벼,기본조사,벼관찰포,2026,5,애멸구(피해율),경기도,0.0
202600204FC01010101322005,논벼,기본조사,벼관찰포,2026,5,애멸구(발생면적율),경기도,0.0
202600204FC01010101322005,논벼,기본조사,벼관찰포,2026,5,끝동매미충(발생추정면적),경기도,1.012
202600204FC01010101322005,논벼,기본조사,벼관찰포,2026,5,끝동매미충(감수율),경기도,0.0
202600204FC01010101322005,논벼,기본조사,벼관찰포,2026,5,끝동매미충(피해율),경기도,0.0
202600204FC01010101322005,논벼,기본조사,벼관찰포,2026,5,끝동매미충(발생면적율),경기도,0.002
202600204FC01010101322005,논벼,기본조사,벼관찰포,2026,5,멸강나방(발생추정면적),경기도,0.0
202600204FC01010101322005,논벼,기본조사,벼관찰포,2026,5,멸강나방(감수율),경기도,0.0
202600204FC01010101322005,논벼,기본조사,벼관찰포,2026,5,멸강나방(피해율),경기도,0.0
202600204FC01010101322005,논벼,기본조사,벼관찰포,2026,5,멸강나방(발생면적율),경기도,0.0
202600204FC01010101322005,논벼,기본조사,벼관찰포,2026,5,벼잎선충(발생추정면적),경기도,0.0
202600204FC01010101322005,논벼,기본조사,벼관찰포,2026,5,벼잎선충(감수율),경기도,0.0
202600204FC01010101322005,논벼,기본조사,벼관찰포,2026,5,벼잎선충(피해율),경기도,0.0
202600204FC01010101322005,논벼,기본조사,벼관찰포,2026,5,벼잎선충(발생면적율),경기도,0.0
202600204FC01010101322005,논벼,기본조사,벼관찰포,2026,5,잎도열병(발생추정면적),강원특별자치도,245.207
202600204FC01010101322005,논벼,기본조사,벼관찰포,2026,5,잎도열병(감수율),강원특별자치도,0.001
202600204FC01010101322005,논벼,기본조사,벼관찰포,2026,5,잎도열병(피해율),강원특별자치도,0.007
202600204FC01010101322005,논벼,기본조사,벼관찰포,2026,5,잎도열병(발생면적율),강원특별자치도,1.265
202600204FC01010101322005,논벼,기본조사,벼관찰포,2026,5,이삭도열병(발생추정면적),강원특별자치도,0.0
202600204FC01010101322005,논벼,기본조사,벼관찰포,2026,5,이삭도열병(감수율),강원특별자치도,0.0
202600204FC01010101322005,논벼,기본조사,벼관찰포,2026,5,이삭도열병(피해율),강원특별자치도,0.0
202600204FC01010101322005,논벼,기본조사,벼관찰포,2026,5,이삭도열병(발생면적율),강원특별자치도,0.0
202600204FC01010101322005,논벼,기본조사,벼관찰포,2026,5,세균벼알마름병(발생추정면적),강원특별자치도,0.0
202600204FC01010101322005,논벼,기본조사,벼관찰포,2026,5,세균벼알마름병(감수율),강원특별자치도,0.0
202600204FC01010101322005,논벼,기본조사,벼관찰포,2026,5,세균벼알마름병(피해율),강원특별자치도,0.0
202600204FC01010101322005,논벼,기본조사,벼관찰포,2026,5,세균벼알마름병(발생면적율),강원특별자치도,0.0
202600204FC01010101322005,논벼,기본조사,벼관찰포,2026,5,흰잎마름병(발생추정면적),강원특별자치도,0.0
202600204FC01010101322005,논벼,기본조사,벼관찰포,2026,5,흰잎마름병(감수율),강원특별자치도,0.0
202600204FC01010101322005,논벼,기본조사,벼관찰포,2026,5,흰잎마름병(피해율),강원특별자치도,0.0
202600204FC01010101322005,논벼,기본조사,벼관찰포,2026,5,흰잎마름병(발생면적율),강원특별자치도,0.0
202600204FC01010101322005,논벼,기본조사,벼관찰포,2026,5,깨씨무늬병(발생추정면적),강원특별자치도,214.803
202600204FC01010101322005,논벼,기본조사,벼관찰포,2026,5,깨씨무늬병(감수율),강원특별자치도,0.011
202600204FC01010101322005,논벼,기본조사,벼관찰포,2026,5,깨씨무늬병(피해율),강원특별자치도,0.055
202600204FC01010101322005,논벼,기본조사,벼관찰포,2026,5,깨씨무늬병(발생면적율),강원특별자치도,1.108
202600204FC01010101322005,논벼,기본조사,벼관찰포,2026,5,바이러스병(발생추정면적),강원특별자치도,0.0
202600204FC01010101322005,논벼,기본조사,벼관찰포,2026,5,바이러스병(감수율),강원특별자치도,0.0
202600204FC01010101322005,논벼,기본조사,벼관찰포,2026,5,바이러스병(피해율),강원특별자치도,0.0
202600204FC01010101322005,논벼,기본조사,벼관찰포,2026,5,바이러스병(발생면적율),강원특별자치도,0.0
202600204FC01010101322005,논벼,기본조사,벼관찰포,2026,5,이화명나방(발생추정면적),강원특별자치도,128.664
202600204FC01010101322005,논벼,기본조사,벼관찰포,2026,5,이화명나방(감수율),강원특별자치도,0.025
202600204FC01010101322005,논벼,기본조사,벼관찰포,2026,5,이화명나방(피해율),강원특별자치도,0.051
202600204FC01010101322005,논벼,기본조사,벼관찰포,2026,5,이화명나방(발생면적율),강원특별자치도,0.664
202600204FC01010101322005,논벼,기본조사,벼관찰포,2026,5,혹명나방(발생추정면적),강원특별자치도,0.0
202600204FC01010101322005,논벼,기본조사,벼관찰포,2026,5,혹명나방(감수율),강원특별자치도,0.0
202600204FC01010101322005,논벼,기본조사,벼관찰포,2026,5,혹명나방(피해율),강원특별자치도,0.0
202600204FC01010101322005,논벼,기본조사,벼관찰포,2026,5,혹명나방(발생면적율),강원특별자치도,0.0
202600204FC01010101322005,논벼,기본조사,벼관찰포,2026,5,먹노린재(발생추정면적),강원특별자치도,0.0
202600204FC01010101322005,논벼,기본조사,벼관찰포,2026,5,먹노린재(감수율),강원특별자치도,0.0
202600204FC01010101322005,논벼,기본조사,벼관찰포,2026,5,먹노린재(피해율),강원특별자치도,0.0
202600204FC01010101322005,논벼,기본조사,벼관찰포,2026,5,먹노린재(발생면적율),강원특별자치도,0.0
202600204FC01010101322005,논벼,기본조사,벼관찰포,2026,5,벼멸구(발생추정면적),강원특별자치도,0.0
202600204FC01010101322005,논벼,기본조사,벼관찰포,2026,5,벼멸구(감수율),강원특별자치도,0.0
202600204FC01010101322005,논벼,기본조사,벼관찰포,2026,5,벼멸구(피해율),강원특별자치도,0.0
202600204FC01010101322005,논벼,기본조사,벼관찰포,2026,5,벼멸구(발생면적율),강원특별자치도,0.0
202600204FC01010101322005,논벼,기본조사,벼관찰포,2026,5,흰등멸구(발생추정면적),강원특별자치도,0.0
202600204FC01010101322005,논벼,기본조사,벼관찰포,2026,5,흰등멸구(감수율),강원특별자치도,0.0
202600204FC01010101322005,논벼,기본조사,벼관찰포,2026,5,흰등멸구(피해율),강원특별자치도,0.0
202600204FC01010101322005,논벼,기본조사,벼관찰포,2026,5,흰등멸구(발생면적율),강원특별자치도,0.0
202600204FC01010101322005,논벼,기본조사,벼관찰포,2026,5,잎집무늬마름병(발생추정면적),강원특별자치도,1539.816
202600204FC01010101322005,논벼,기본조사,벼관찰포,2026,5,잎집무늬마름병(감수율),강원특별자치도,0.352
202600204FC01010101322005,논벼,기본조사,벼관찰포,2026,5,잎집무늬마름병(피해율),강원특별자치도,1.76
202600204FC01010101322005,논벼,기본조사,벼관찰포,2026,5,잎집무늬마름병(발생면적율),강원특별자치도,7.943
202600204FC01010101322005,논벼,기본조사,벼관찰포,2026,5,키다리병(발생추정면적),강원특별자치도,149.439
202600204FC01010101322005,논벼,기본조사,벼관찰포,2026,5,키다리병(감수율),강원특별자치도,0.047
202600204FC01010101322005,논벼,기본조사,벼관찰포,2026,5,키다리병(피해율),강원특별자치도,0.068
202600204FC01010101322005,논벼,기본조사,벼관찰포,2026,5,키다리병(발생면적율),강원특별자치도,0.771
202600204FC01010101322005,논벼,기본조사,벼관찰포,2026,5,이삭누룩병(발생추정면적),강원특별자치도,0.0
202600204FC01010101322005,논벼,기본조사,벼관찰포,2026,5,이삭누룩병(감수율),강원특별자치도,0.0
202600204FC01010101322005,논벼,기본조사,벼관찰포,2026,5,이삭누룩병(피해율),강원특별자치도,0.0
202600204FC01010101322005,논벼,기본조사,벼관찰포,2026,5,이삭누룩병(발생면적율),강원특별자치도,0.0
202600204FC01010101322005,논벼,기본조사,벼관찰포,2026,5,벼잎벌레(발생추정면적),강원특별자치도,0.0
202600204FC01010101322005,논벼,기본조사,벼관찰포,2026,5,벼잎벌레(감수율),강원특별자치도,0.0
202600204FC01010101322005,논벼,기본조사,벼관찰포,2026,5,벼잎벌레(피해율),강원특별자치도,0.0
202600204FC01010101322005,논벼,기본조사,벼관찰포,2026,5,벼잎벌레(발생면적율),강원특별자치도,0.0
202600204FC01010101322005,논벼,기본조사,벼관찰포,2026,5,벼애나방(발생추정면적),강원특별자치도,0.0
202600204FC01010101322005,논벼,기본조사,벼관찰포,2026,5,벼애나방(감수율),강원특별자치도,0.0
202600204FC01010101322005,논벼,기본조사,벼관찰포,2026,5,벼애나방(피해율),강원특별자치도,0.0
202600204FC01010101322005,논벼,기본조사,벼관찰포,2026,5,벼애나방(발생면적율),강원특별자치도,0.0
202600204FC01010101322005,논벼,기본조사,벼관찰포,2026,5,벼애잎굴파리(발생추정면적),강원특별자치도,0.0
202600204FC01010101322005,논벼,기본조사,벼관찰포,2026,5,벼애잎굴파리(감수율),강원특별자치도,0.0
202600204FC01010101322005,논벼,기본조사,벼관찰포,2026,5,벼애잎굴파리(피해율),강원특별자치도,0.0
202600204FC01010101322005,논벼,기본조사,벼관찰포,2026,5,벼애잎굴파리(발생면적율),강원특별자치도,0.0
202600204FC01010101322005,논벼,기본조사,벼관찰포,2026,5,벼줄기굴파리(발생추정면적),강원특별자치도,0.0
202600204FC01010101322005,논벼,기본조사,벼관찰포,2026,5,벼줄기굴파리(감수율),강원특별자치도,0.0
202600204FC01010101322005,논벼,기본조사,벼관찰포,2026,5,벼줄기굴파리(피해율),강원특별자치도,0.0
202600204FC01010101322005,논벼,기본조사,벼관찰포,2026,5,벼줄기굴파리(발생면적율),강원특별자치도,0.0
202600204FC01010101322005,논벼,기본조사,벼관찰포,2026,5,벼물바구미(발생추정면적),강원특별자치도,243.9
202600204FC01010101322005,논벼,기본조사,벼관찰포,2026,5,벼물바구미(감수율),강원특별자치도,0.013
202600204FC01010101322005,논벼,기본조사,벼관찰포,2026,5,벼물바구미(피해율),강원특별자치도,0.051
202600204FC01010101322005,논벼,기본조사,벼관찰포,2026,5,벼물바구미(발생면적율),강원특별자치도,1.258
202600204FC01010101322005,논벼,기본조사,벼관찰포,2026,5,애멸구(발생추정면적),강원특별자치도,0.0
202600204FC01010101322005,논벼,기본조사,벼관찰포,2026,5,애멸구(감수율),강원특별자치도,0.0
202600204FC01010101322005,논벼,기본조사,벼관찰포,2026,5,애멸구(피해율),강원특별자치도,0.0
202600204FC01010101322005,논벼,기본조사,벼관찰포,2026,5,애멸구(발생면적율),강원특별자치도,0.0
202600204FC01010101322005,논벼,기본조사,벼관찰포,2026,5,끝동매미충(발생추정면적),강원특별자치도,0.0
202600204FC01010101322005,논벼,기본조사,벼관찰포,2026,5,끝동매미충(감수율),강원특별자치도,0.0
202600204FC01010101322005,논벼,기본조사,벼관찰포,2026,5,끝동매미충(피해율),강원특별자치도,0.0
202600204FC01010101322005,논벼,기본조사,벼관찰포,2026,5,끝동매미충(발생면적율),강원특별자치도,0.0
202600204FC01010101322005,논벼,기본조사,벼관찰포,2026,5,멸강나방(발생추정면적),강원특별자치도,0.0
202600204FC01010101322005,논벼,기본조사,벼관찰포,2026,5,멸강나방(감수율),강원특별자치도,0.0
202600204FC01010101322005,논벼,기본조사,벼관찰포,2026,5,멸강나방(피해율),강원특별자치도,0.0
202600204FC01010101322005,논벼,기본조사,벼관찰포,2026,5,멸강나방(발생면적율),강원특별자치도,0.0
202600204FC01010101322005,논벼,기본조사,벼관찰포,2026,5,벼잎선충(발생추정면적),강원특별자치도,0.0
202600204FC01010101322005,논벼,기본조사,벼관찰포,2026,5,벼잎선충(감수율),강원특별자치도,0.0
202600204FC01010101322005,논벼,기본조사,벼관찰포,2026,5,벼잎선충(피해율),강원특별자치도,0.0
202600204FC01010101322005,논벼,기본조사,벼관찰포,2026,5,벼잎선충(발생면적율),강원특별자치도,0.0
202600204FC01010101322005,논벼,기본조사,벼관찰포,2026,5,잎도열병(발생추정면적),충청북도,23.383
202600204FC01010101322005,논벼,기본조사,벼관찰포,2026,5,잎도열병(감수율),충청북도,0.0
202600204FC01010101322005,논벼,기본조사,벼관찰포,2026,5,잎도열병(피해율),충청북도,0.0
202600204FC01010101322005,논벼,기본조사,벼관찰포,2026,5,잎도열병(발생면적율),충청북도,0.097
202600204FC01010101322005,논벼,기본조사,벼관찰포,2026,5,이삭도열병(발생추정면적),충청북도,0.0
202600204FC01010101322005,논벼,기본조사,벼관찰포,2026,5,이삭도열병(감수율),충청북도,0.0
202600204FC01010101322005,논벼,기본조사,벼관찰포,2026,5,이삭도열병(피해율),충청북도,0.0
202600204FC01010101322005,논벼,기본조사,벼관찰포,2026,5,이삭도열병(발생면적율),충청북도,0.0
202600204FC01010101322005,논벼,기본조사,벼관찰포,2026,5,세균벼알마름병(발생추정면적),충청북도,0.0
202600204FC01010101322005,논벼,기본조사,벼관찰포,2026,5,세균벼알마름병(감수율),충청북도,0.0
202600204FC01010101322005,논벼,기본조사,벼관찰포,2026,5,세균벼알마름병(피해율),충청북도,0.0
202600204FC01010101322005,논벼,기본조사,벼관찰포,2026,5,세균벼알마름병(발생면적율),충청북도,0.0
202600204FC01010101322005,논벼,기본조사,벼관찰포,2026,5,흰잎마름병(발생추정면적),충청북도,0.0
202600204FC01010101322005,논벼,기본조사,벼관찰포,2026,5,흰잎마름병(감수율),충청북도,0.0
202600204FC01010101322005,논벼,기본조사,벼관찰포,2026,5,흰잎마름병(피해율),충청북도,0.0
202600204FC01010101322005,논벼,기본조사,벼관찰포,2026,5,흰잎마름병(발생면적율),충청북도,0.0
202600204FC01010101322005,논벼,기본조사,벼관찰포,2026,5,깨씨무늬병(발생추정면적),충청북도,0.0
202600204FC01010101322005,논벼,기본조사,벼관찰포,2026,5,깨씨무늬병(감수율),충청북도,0.0
202600204FC01010101322005,논벼,기본조사,벼관찰포,2026,5,깨씨무늬병(피해율),충청북도,0.0
202600204FC01010101322005,논벼,기본조사,벼관찰포,2026,5,깨씨무늬병(발생면적율),충청북도,0.0
202600204FC01010101322005,논벼,기본조사,벼관찰포,2026,5,바이러스병(발생추정면적),충청북도,0.0
202600204FC01010101322005,논벼,기본조사,벼관찰포,2026,5,바이러스병(감수율),충청북도,0.0
202600204FC01010101322005,논벼,기본조사,벼관찰포,2026,5,바이러스병(피해율),충청북도,0.0
202600204FC01010101322005,논벼,기본조사,벼관찰포,2026,5,바이러스병(발생면적율),충청북도,0.0
202600204FC01010101322005,논벼,기본조사,벼관찰포,2026,5,이화명나방(발생추정면적),충청북도,0.0
202600204FC01010101322005,논벼,기본조사,벼관찰포,2026,5,이화명나방(감수율),충청북도,0.0
202600204FC01010101322005,논벼,기본조사,벼관찰포,2026,5,이화명나방(피해율),충청북도,0.0
202600204FC01010101322005,논벼,기본조사,벼관찰포,2026,5,이화명나방(발생면적율),충청북도,0.0
202600204FC01010101322005,논벼,기본조사,벼관찰포,2026,5,혹명나방(발생추정면적),충청북도,0.0
202600204FC01010101322005,논벼,기본조사,벼관찰포,2026,5,혹명나방(감수율),충청북도,0.0
202600204FC01010101322005,논벼,기본조사,벼관찰포,2026,5,혹명나방(피해율),충청북도,0.0
202600204FC01010101322005,논벼,기본조사,벼관찰포,2026,5,혹명나방(발생면적율),충청북도,0.0
202600204FC01010101322005,논벼,기본조사,벼관찰포,2026,5,먹노린재(발생추정면적),충청북도,0.283
202600204FC01010101322005,논벼,기본조사,벼관찰포,2026,5,먹노린재(감수율),충청북도,0.0
202600204FC01010101322005,논벼,기본조사,벼관찰포,2026,5,먹노린재(피해율),충청북도,0.0
202600204FC01010101322005,논벼,기본조사,벼관찰포,2026,5,먹노린재(발생면적율),충청북도,0.001
202600204FC01010101322005,논벼,기본조사,벼관찰포,2026,5,벼멸구(발생추정면적),충청북도,0.0
202600204FC01010101322005,논벼,기본조사,벼관찰포,2026,5,벼멸구(감수율),충청북도,0.0
202600204FC01010101322005,논벼,기본조사,벼관찰포,2026,5,벼멸구(피해율),충청북도,0.0
202600204FC01010101322005,논벼,기본조사,벼관찰포,2026,5,벼멸구(발생면적율),충청북도,0.0
202600204FC01010101322005,논벼,기본조사,벼관찰포,2026,5,흰등멸구(발생추정면적),충청북도,0.0
202600204FC01010101322005,논벼,기본조사,벼관찰포,2026,5,흰등멸구(감수율),충청북도,0.0
202600204FC01010101322005,논벼,기본조사,벼관찰포,2026,5,흰등멸구(피해율),충청북도,0.0
202600204FC01010101322005,논벼,기본조사,벼관찰포,2026,5,흰등멸구(발생면적율),충청북도,0.0
202600204FC01010101322005,논벼,기본조사,벼관찰포,2026,5,잎집무늬마름병(발생추정면적),충청북도,234.251
202600204FC01010101322005,논벼,기본조사,벼관찰포,2026,5,잎집무늬마름병(감수율),충청북도,0.015
202600204FC01010101322005,논벼,기본조사,벼관찰포,2026,5,잎집무늬마름병(피해율),충청북도,0.073
202600204FC01010101322005,논벼,기본조사,벼관찰포,2026,5,잎집무늬마름병(발생면적율),충청북도,0.974
202600204FC01010101322005,논벼,기본조사,벼관찰포,2026,5,키다리병(발생추정면적),충청북도,0.142
202600204FC01010101322005,논벼,기본조사,벼관찰포,2026,5,키다리병(감수율),충청북도,0.0
202600204FC01010101322005,논벼,기본조사,벼관찰포,2026,5,키다리병(피해율),충청북도,0.0
202600204FC01010101322005,논벼,기본조사,벼관찰포,2026,5,키다리병(발생면적율),충청북도,0.001
202600204FC01010101322005,논벼,기본조사,벼관찰포,2026,5,이삭누룩병(발생추정면적),충청북도,0.0
202600204FC01010101322005,논벼,기본조사,벼관찰포,2026,5,이삭누룩병(감수율),충청북도,0.0
202600204FC01010101322005,논벼,기본조사,벼관찰포,2026,5,이삭누룩병(피해율),충청북도,0.0
202600204FC01010101322005,논벼,기본조사,벼관찰포,2026,5,이삭누룩병(발생면적율),충청북도,0.0
202600204FC01010101322005,논벼,기본조사,벼관찰포,2026,5,벼잎벌레(발생추정면적),충청북도,0.0
202600204FC01010101322005,논벼,기본조사,벼관찰포,2026,5,벼잎벌레(감수율),충청북도,0.0
202600204FC01010101322005,논벼,기본조사,벼관찰포,2026,5,벼잎벌레(피해율),충청북도,0.0
202600204FC01010101322005,논벼,기본조사,벼관찰포,2026,5,벼잎벌레(발생면적율),충청북도,0.0
202600204FC01010101322005,논벼,기본조사,벼관찰포,2026,5,벼애나방(발생추정면적),충청북도,0.0
202600204FC01010101322005,논벼,기본조사,벼관찰포,2026,5,벼애나방(감수율),충청북도,0.0
202600204FC01010101322005,논벼,기본조사,벼관찰포,2026,5,벼애나방(피해율),충청북도,0.0
202600204FC01010101322005,논벼,기본조사,벼관찰포,2026,5,벼애나방(발생면적율),충청북도,0.0
202600204FC01010101322005,논벼,기본조사,벼관찰포,2026,5,벼애잎굴파리(발생추정면적),충청북도,0.0
202600204FC01010101322005,논벼,기본조사,벼관찰포,2026,5,벼애잎굴파리(감수율),충청북도,0.0
202600204FC01010101322005,논벼,기본조사,벼관찰포,2026,5,벼애잎굴파리(피해율),충청북도,0.0
202600204FC01010101322005,논벼,기본조사,벼관찰포,2026,5,벼애잎굴파리(발생면적율),충청북도,0.0
202600204FC01010101322005,논벼,기본조사,벼관찰포,2026,5,벼줄기굴파리(발생추정면적),충청북도,0.0
202600204FC01010101322005,논벼,기본조사,벼관찰포,2026,5,벼줄기굴파리(감수율),충청북도,0.0
202600204FC01010101322005,논벼,기본조사,벼관찰포,2026,5,벼줄기굴파리(피해율),충청북도,0.0
202600204FC01010101322005,논벼,기본조사,벼관찰포,2026,5,벼줄기굴파리(발생면적율),충청북도,0.0
202600204FC01010101322005,논벼,기본조사,벼관찰포,2026,5,벼물바구미(발생추정면적),충청북도,0.0
202600204FC01010101322005,논벼,기본조사,벼관찰포,2026,5,벼물바구미(감수율),충청북도,0.0
202600204FC01010101322005,논벼,기본조사,벼관찰포,2026,5,벼물바구미(피해율),충청북도,0.0
202600204FC01010101322005,논벼,기본조사,벼관찰포,2026,5,벼물바구미(발생면적율),충청북도,0.0
202600204FC01010101322005,논벼,기본조사,벼관찰포,2026,5,애멸구(발생추정면적),충청북도,0.0
202600204FC01010101322005,논벼,기본조사,벼관찰포,2026,5,애멸구(감수율),충청북도,0.0
202600204FC01010101322005,논벼,기본조사,벼관찰포,2026,5,애멸구(피해율),충청북도,0.0
202600204FC01010101322005,논벼,기본조사,벼관찰포,2026,5,애멸구(발생면적율),충청북도,0.0
202600204FC01010101322005,논벼,기본조사,벼관찰포,2026,5,끝동매미충(발생추정면적),충청북도,0.0
202600204FC01010101322005,논벼,기본조사,벼관찰포,2026,5,끝동매미충(감수율),충청북도,0.0
202600204FC01010101322005,논벼,기본조사,벼관찰포,2026,5,끝동매미충(피해율),충청북도,0.0
202600204FC01010101322005,논벼,기본조사,벼관찰포,2026,5,끝동매미충(발생면적율),충청북도,0.0
202600204FC01010101322005,논벼,기본조사,벼관찰포,2026,5,멸강나방(발생추정면적),충청북도,0.0
202600204FC01010101322005,논벼,기본조사,벼관찰포,2026,5,멸강나방(감수율),충청북도,0.0
202600204FC01010101322005,논벼,기본조사,벼관찰포,2026,5,멸강나방(피해율),충청북도,0.0
202600204FC01010101322005,논벼,기본조사,벼관찰포,2026,5,멸강나방(발생면적율),충청북도,0.0
202600204FC01010101322005,논벼,기본조사,벼관찰포,2026,5,벼잎선충(발생추정면적),충청북도,0.0
202600204FC01010101322005,논벼,기본조사,벼관찰포,2026,5,벼잎선충(감수율),충청북도,0.0
202600204FC01010101322005,논벼,기본조사,벼관찰포,2026,5,벼잎선충(피해율),충청북도,0.0
202600204FC01010101322005,논벼,기본조사,벼관찰포,2026,5,벼잎선충(발생면적율),충청북도,0.0
202600204FC01010101322005,논벼,기본조사,벼관찰포,2026,5,잎도열병(발생추정면적),충청남도,14.86
202600204FC01010101322005,논벼,기본조사,벼관찰포,2026,5,잎도열병(감수율),충청남도,0.0
202600204FC01010101322005,논벼,기본조사,벼관찰포,2026,5,잎도열병(피해율),충청남도,0.0
202600204FC01010101322005,논벼,기본조사,벼관찰포,2026,5,잎도열병(발생면적율),충청남도,0.013
202600204FC01010101322005,논벼,기본조사,벼관찰포,2026,5,이삭도열병(발생추정면적),충청남도,0.0
202600204FC01010101322005,논벼,기본조사,벼관찰포,2026,5,이삭도열병(감수율),충청남도,0.0
202600204FC01010101322005,논벼,기본조사,벼관찰포,2026,5,이삭도열병(피해율),충청남도,0.0
202600204FC01010101322005,논벼,기본조사,벼관찰포,2026,5,이삭도열병(발생면적율),충청남도,0.0
202600204FC01010101322005,논벼,기본조사,벼관찰포,2026,5,세균벼알마름병(발생추정면적),충청남도,0.0
202600204FC01010101322005,논벼,기본조사,벼관찰포,2026,5,세균벼알마름병(감수율),충청남도,0.0
202600204FC01010101322005,논벼,기본조사,벼관찰포,2026,5,세균벼알마름병(피해율),충청남도,0.0
202600204FC01010101322005,논벼,기본조사,벼관찰포,2026,5,세균벼알마름병(발생면적율),충청남도,0.0
202600204FC01010101322005,논벼,기본조사,벼관찰포,2026,5,흰잎마름병(발생추정면적),충청남도,2.545
202600204FC01010101322005,논벼,기본조사,벼관찰포,2026,5,흰잎마름병(감수율),충청남도,0.0
202600204FC01010101322005,논벼,기본조사,벼관찰포,2026,5,흰잎마름병(피해율),충청남도,0.0
202600204FC01010101322005,논벼,기본조사,벼관찰포,2026,5,흰잎마름병(발생면적율),충청남도,0.002
202600204FC01010101322005,논벼,기본조사,벼관찰포,2026,5,깨씨무늬병(발생추정면적),충청남도,15.942
202600204FC01010101322005,논벼,기본조사,벼관찰포,2026,5,깨씨무늬병(감수율),충청남도,0.0
202600204FC01010101322005,논벼,기본조사,벼관찰포,2026,5,깨씨무늬병(피해율),충청남도,0.001
202600204FC01010101322005,논벼,기본조사,벼관찰포,2026,5,깨씨무늬병(발생면적율),충청남도,0.014
202600204FC01010101322005,논벼,기본조사,벼관찰포,2026,5,바이러스병(발생추정면적),충청남도,0.0
202600204FC01010101322005,논벼,기본조사,벼관찰포,2026,5,바이러스병(감수율),충청남도,0.0
202600204FC01010101322005,논벼,기본조사,벼관찰포,2026,5,바이러스병(피해율),충청남도,0.0
202600204FC01010101322005,논벼,기본조사,벼관찰포,2026,5,바이러스병(발생면적율),충청남도,0.0
202600204FC01010101322005,논벼,기본조사,벼관찰포,2026,5,이화명나방(발생추정면적),충청남도,2.085
202600204FC01010101322005,논벼,기본조사,벼관찰포,2026,5,이화명나방(감수율),충청남도,0.0
202600204FC01010101322005,논벼,기본조사,벼관찰포,2026,5,이화명나방(피해율),충청남도,0.0
202600204FC01010101322005,논벼,기본조사,벼관찰포,2026,5,이화명나방(발생면적율),충청남도,0.002
202600204FC01010101322005,논벼,기본조사,벼관찰포,2026,5,혹명나방(발생추정면적),충청남도,48.787
202600204FC01010101322005,논벼,기본조사,벼관찰포,2026,5,혹명나방(감수율),충청남도,0.0
202600204FC01010101322005,논벼,기본조사,벼관찰포,2026,5,혹명나방(피해율),충청남도,0.002
202600204FC01010101322005,논벼,기본조사,벼관찰포,2026,5,혹명나방(발생면적율),충청남도,0.043
202600204FC01010101322005,논벼,기본조사,벼관찰포,2026,5,먹노린재(발생추정면적),충청남도,26.28
202600204FC01010101322005,논벼,기본조사,벼관찰포,2026,5,먹노린재(감수율),충청남도,0.0
202600204FC01010101322005,논벼,기본조사,벼관찰포,2026,5,먹노린재(피해율),충청남도,0.001
202600204FC01010101322005,논벼,기본조사,벼관찰포,2026,5,먹노린재(발생면적율),충청남도,0.023
202600204FC01010101322005,논벼,기본조사,벼관찰포,2026,5,벼멸구(발생추정면적),충청남도,0.0
202600204FC01010101322005,논벼,기본조사,벼관찰포,2026,5,벼멸구(감수율),충청남도,0.0
202600204FC01010101322005,논벼,기본조사,벼관찰포,2026,5,벼멸구(피해율),충청남도,0.0
202600204FC01010101322005,논벼,기본조사,벼관찰포,2026,5,벼멸구(발생면적율),충청남도,0.0
202600204FC01010101322005,논벼,기본조사,벼관찰포,2026,5,흰등멸구(발생추정면적),충청남도,4.079
202600204FC01010101322005,논벼,기본조사,벼관찰포,2026,5,흰등멸구(감수율),충청남도,0.0
202600204FC01010101322005,논벼,기본조사,벼관찰포,2026,5,흰등멸구(피해율),충청남도,0.0
202600204FC01010101322005,논벼,기본조사,벼관찰포,2026,5,흰등멸구(발생면적율),충청남도,0.004
202600204FC01010101322005,논벼,기본조사,벼관찰포,2026,5,잎집무늬마름병(발생추정면적),충청남도,104.117
202600204FC01010101322005,논벼,기본조사,벼관찰포,2026,5,잎집무늬마름병(감수율),충청남도,0.002
202600204FC01010101322005,논벼,기본조사,벼관찰포,2026,5,잎집무늬마름병(피해율),충청남도,0.009
202600204FC01010101322005,논벼,기본조사,벼관찰포,2026,5,잎집무늬마름병(발생면적율),충청남도,0.091
202600204FC01010101322005,논벼,기본조사,벼관찰포,2026,5,키다리병(발생추정면적),충청남도,22.43
202600204FC01010101322005,논벼,기본조사,벼관찰포,2026,5,키다리병(감수율),충청남도,0.001
202600204FC01010101322005,논벼,기본조사,벼관찰포,2026,5,키다리병(피해율),충청남도,0.002
202600204FC01010101322005,논벼,기본조사,벼관찰포,2026,5,키다리병(발생면적율),충청남도,0.02
202600204FC01010101322005,논벼,기본조사,벼관찰포,2026,5,이삭누룩병(발생추정면적),충청남도,0.0
202600204FC01010101322005,논벼,기본조사,벼관찰포,2026,5,이삭누룩병(감수율),충청남도,0.0
202600204FC01010101322005,논벼,기본조사,벼관찰포,2026,5,이삭누룩병(피해율),충청남도,0.0
202600204FC01010101322005,논벼,기본조사,벼관찰포,2026,5,이삭누룩병(발생면적율),충청남도,0.0
202600204FC01010101322005,논벼,기본조사,벼관찰포,2026,5,벼잎벌레(발생추정면적),충청남도,11.401
202600204FC01010101322005,논벼,기본조사,벼관찰포,2026,5,벼잎벌레(감수율),충청남도,0.0
202600204FC01010101322005,논벼,기본조사,벼관찰포,2026,5,벼잎벌레(피해율),충청남도,0.0
202600204FC01010101322005,논벼,기본조사,벼관찰포,2026,5,벼잎벌레(발생면적율),충청남도,0.01
202600204FC01010101322005,논벼,기본조사,벼관찰포,2026,5,벼애나방(발생추정면적),충청남도,0.0
202600204FC01010101322005,논벼,기본조사,벼관찰포,2026,5,벼애나방(감수율),충청남도,0.0
202600204FC01010101322005,논벼,기본조사,벼관찰포,2026,5,벼애나방(피해율),충청남도,0.0
202600204FC01010101322005,논벼,기본조사,벼관찰포,2026,5,벼애나방(발생면적율),충청남도,0.0
202600204FC01010101322005,논벼,기본조사,벼관찰포,2026,5,벼애잎굴파리(발생추정면적),충청남도,0.0
202600204FC01010101322005,논벼,기본조사,벼관찰포,2026,5,벼애잎굴파리(감수율),충청남도,0.0
202600204FC01010101322005,논벼,기본조사,벼관찰포,2026,5,벼애잎굴파리(피해율),충청남도,0.0
202600204FC01010101322005,논벼,기본조사,벼관찰포,2026,5,벼애잎굴파리(발생면적율),충청남도,0.0
202600204FC01010101322005,논벼,기본조사,벼관찰포,2026,5,벼줄기굴파리(발생추정면적),충청남도,0.0
202600204FC01010101322005,논벼,기본조사,벼관찰포,2026,5,벼줄기굴파리(감수율),충청남도,0.0
202600204FC01010101322005,논벼,기본조사,벼관찰포,2026,5,벼줄기굴파리(피해율),충청남도,0.0
202600204FC01010101322005,논벼,기본조사,벼관찰포,2026,5,벼줄기굴파리(발생면적율),충청남도,0.0
202600204FC01010101322005,논벼,기본조사,벼관찰포,2026,5,벼물바구미(발생추정면적),충청남도,6.791
202600204FC01010101322005,논벼,기본조사,벼관찰포,2026,5,벼물바구미(감수율),충청남도,0.0
202600204FC01010101322005,논벼,기본조사,벼관찰포,2026,5,벼물바구미(피해율),충청남도,0.0
202600204FC01010101322005,논벼,기본조사,벼관찰포,2026,5,벼물바구미(발생면적율),충청남도,0.006
202600204FC01010101322005,논벼,기본조사,벼관찰포,2026,5,애멸구(발생추정면적),충청남도,0.0
202600204FC01010101322005,논벼,기본조사,벼관찰포,2026,5,애멸구(감수율),충청남도,0.0
202600204FC01010101322005,논벼,기본조사,벼관찰포,2026,5,애멸구(피해율),충청남도,0.0
202600204FC01010101322005,논벼,기본조사,벼관찰포,2026,5,애멸구(발생면적율),충청남도,0.0
202600204FC01010101322005,논벼,기본조사,벼관찰포,2026,5,끝동매미충(발생추정면적),충청남도,0.0
202600204FC01010101322005,논벼,기본조사,벼관찰포,2026,5,끝동매미충(감수율),충청남도,0.0
202600204FC01010101322005,논벼,기본조사,벼관찰포,2026,5,끝동매미충(피해율),충청남도,0.0
202600204FC01010101322005,논벼,기본조사,벼관찰포,2026,5,끝동매미충(발생면적율),충청남도,0.0
202600204FC01010101322005,논벼,기본조사,벼관찰포,2026,5,멸강나방(발생추정면적),충청남도,0.0
202600204FC01010101322005,논벼,기본조사,벼관찰포,2026,5,멸강나방(감수율),충청남도,0.0
202600204FC01010101322005,논벼,기본조사,벼관찰포,2026,5,멸강나방(피해율),충청남도,0.0
202600204FC01010101322005,논벼,기본조사,벼관찰포,2026,5,멸강나방(발생면적율),충청남도,0.0
202600204FC01010101322005,논벼,기본조사,벼관찰포,2026,5,벼잎선충(발생추정면적),충청남도,0.0
202600204FC01010101322005,논벼,기본조사,벼관찰포,2026,5,벼잎선충(감수율),충청남도,0.0
202600204FC01010101322005,논벼,기본조사,벼관찰포,2026,5,벼잎선충(피해율),충청남도,0.0
202600204FC01010101322005,논벼,기본조사,벼관찰포,2026,5,벼잎선충(발생면적율),충청남도,0.0
202600204FC01010101322005,논벼,기본조사,벼관찰포,2026,5,잎도열병(발생추정면적),전북특별자치도,476.402
202600204FC01010101322005,논벼,기본조사,벼관찰포,2026,5,잎도열병(감수율),전북특별자치도,0.001
202600204FC01010101322005,논벼,기본조사,벼관찰포,2026,5,잎도열병(피해율),전북특별자치도,0.003
202600204FC01010101322005,논벼,기본조사,벼관찰포,2026,5,잎도열병(발생면적율),전북특별자치도,1.278
202600204FC01010101322005,논벼,기본조사,벼관찰포,2026,5,이삭도열병(발생추정면적),전북특별자치도,0.0
202600204FC01010101322005,논벼,기본조사,벼관찰포,2026,5,이삭도열병(감수율),전북특별자치도,0.0
202600204FC01010101322005,논벼,기본조사,벼관찰포,2026,5,이삭도열병(피해율),전북특별자치도,0.0
202600204FC01010101322005,논벼,기본조사,벼관찰포,2026,5,이삭도열병(발생면적율),전북특별자치도,0.0
202600204FC01010101322005,논벼,기본조사,벼관찰포,2026,5,세균벼알마름병(발생추정면적),전북특별자치도,0.0
202600204FC01010101322005,논벼,기본조사,벼관찰포,2026,5,세균벼알마름병(감수율),전북특별자치도,0.0
202600204FC01010101322005,논벼,기본조사,벼관찰포,2026,5,세균벼알마름병(피해율),전북특별자치도,0.0
202600204FC01010101322005,논벼,기본조사,벼관찰포,2026,5,세균벼알마름병(발생면적율),전북특별자치도,0.0
202600204FC01010101322005,논벼,기본조사,벼관찰포,2026,5,흰잎마름병(발생추정면적),전북특별자치도,0.0
202600204FC01010101322005,논벼,기본조사,벼관찰포,2026,5,흰잎마름병(감수율),전북특별자치도,0.0
202600204FC01010101322005,논벼,기본조사,벼관찰포,2026,5,흰잎마름병(피해율),전북특별자치도,0.0
202600204FC01010101322005,논벼,기본조사,벼관찰포,2026,5,흰잎마름병(발생면적율),전북특별자치도,0.0
202600204FC01010101322005,논벼,기본조사,벼관찰포,2026,5,깨씨무늬병(발생추정면적),전북특별자치도,0.005
202600204FC01010101322005,논벼,기본조사,벼관찰포,2026,5,깨씨무늬병(감수율),전북특별자치도,0.0
202600204FC01010101322005,논벼,기본조사,벼관찰포,2026,5,깨씨무늬병(피해율),전북특별자치도,0.0
202600204FC01010101322005,논벼,기본조사,벼관찰포,2026,5,깨씨무늬병(발생면적율),전북특별자치도,0.0
202600204FC01010101322005,논벼,기본조사,벼관찰포,2026,5,바이러스병(발생추정면적),전북특별자치도,0.0
202600204FC01010101322005,논벼,기본조사,벼관찰포,2026,5,바이러스병(감수율),전북특별자치도,0.0
202600204FC01010101322005,논벼,기본조사,벼관찰포,2026,5,바이러스병(피해율),전북특별자치도,0.0
202600204FC01010101322005,논벼,기본조사,벼관찰포,2026,5,바이러스병(발생면적율),전북특별자치도,0.0
202600204FC01010101322005,논벼,기본조사,벼관찰포,2026,5,이화명나방(발생추정면적),전북특별자치도,0.003
202600204FC01010101322005,논벼,기본조사,벼관찰포,2026,5,이화명나방(감수율),전북특별자치도,0.0
202600204FC01010101322005,논벼,기본조사,벼관찰포,2026,5,이화명나방(피해율),전북특별자치도,0.0
202600204FC01010101322005,논벼,기본조사,벼관찰포,2026,5,이화명나방(발생면적율),전북특별자치도,0.0
202600204FC01010101322005,논벼,기본조사,벼관찰포,2026,5,혹명나방(발생추정면적),전북특별자치도,140.8
202600204FC01010101322005,논벼,기본조사,벼관찰포,2026,5,혹명나방(감수율),전북특별자치도,0.004
202600204FC01010101322005,논벼,기본조사,벼관찰포,2026,5,혹명나방(피해율),전북특별자치도,0.019
202600204FC01010101322005,논벼,기본조사,벼관찰포,2026,5,혹명나방(발생면적율),전북특별자치도,0.378
202600204FC01010101322005,논벼,기본조사,벼관찰포,2026,5,먹노린재(발생추정면적),전북특별자치도,0.0
202600204FC01010101322005,논벼,기본조사,벼관찰포,2026,5,먹노린재(감수율),전북특별자치도,0.0
202600204FC01010101322005,논벼,기본조사,벼관찰포,2026,5,먹노린재(피해율),전북특별자치도,0.0
202600204FC01010101322005,논벼,기본조사,벼관찰포,2026,5,먹노린재(발생면적율),전북특별자치도,0.0
202600204FC01010101322005,논벼,기본조사,벼관찰포,2026,5,벼멸구(발생추정면적),전북특별자치도,0.0
202600204FC01010101322005,논벼,기본조사,벼관찰포,2026,5,벼멸구(감수율),전북특별자치도,0.0
202600204FC01010101322005,논벼,기본조사,벼관찰포,2026,5,벼멸구(피해율),전북특별자치도,0.0
202600204FC01010101322005,논벼,기본조사,벼관찰포,2026,5,벼멸구(발생면적율),전북특별자치도,0.0
202600204FC01010101322005,논벼,기본조사,벼관찰포,2026,5,흰등멸구(발생추정면적),전북특별자치도,0.0
202600204FC01010101322005,논벼,기본조사,벼관찰포,2026,5,흰등멸구(감수율),전북특별자치도,0.0
202600204FC01010101322005,논벼,기본조사,벼관찰포,2026,5,흰등멸구(피해율),전북특별자치도,0.0
202600204FC01010101322005,논벼,기본조사,벼관찰포,2026,5,흰등멸구(발생면적율),전북특별자치도,0.0
202600204FC01010101322005,논벼,기본조사,벼관찰포,2026,5,잎집무늬마름병(발생추정면적),전북특별자치도,9.855
202600204FC01010101322005,논벼,기본조사,벼관찰포,2026,5,잎집무늬마름병(감수율),전북특별자치도,0.0
202600204FC01010101322005,논벼,기본조사,벼관찰포,2026,5,잎집무늬마름병(피해율),전북특별자치도,0.002
202600204FC01010101322005,논벼,기본조사,벼관찰포,2026,5,잎집무늬마름병(발생면적율),전북특별자치도,0.026
202600204FC01010101322005,논벼,기본조사,벼관찰포,2026,5,키다리병(발생추정면적),전북특별자치도,1.453
202600204FC01010101322005,논벼,기본조사,벼관찰포,2026,5,키다리병(감수율),전북특별자치도,0.0
202600204FC01010101322005,논벼,기본조사,벼관찰포,2026,5,키다리병(피해율),전북특별자치도,0.0
202600204FC01010101322005,논벼,기본조사,벼관찰포,2026,5,키다리병(발생면적율),전북특별자치도,0.004
202600204FC01010101322005,논벼,기본조사,벼관찰포,2026,5,이삭누룩병(발생추정면적),전북특별자치도,0.0
202600204FC01010101322005,논벼,기본조사,벼관찰포,2026,5,이삭누룩병(감수율),전북특별자치도,0.0
202600204FC01010101322005,논벼,기본조사,벼관찰포,2026,5,이삭누룩병(피해율),전북특별자치도,0.0
202600204FC01010101322005,논벼,기본조사,벼관찰포,2026,5,이삭누룩병(발생면적율),전북특별자치도,0.0
202600204FC01010101322005,논벼,기본조사,벼관찰포,2026,5,벼잎벌레(발생추정면적),전북특별자치도,0.0
202600204FC01010101322005,논벼,기본조사,벼관찰포,2026,5,벼잎벌레(감수율),전북특별자치도,0.0
202600204FC01010101322005,논벼,기본조사,벼관찰포,2026,5,벼잎벌레(피해율),전북특별자치도,0.0
202600204FC01010101322005,논벼,기본조사,벼관찰포,2026,5,벼잎벌레(발생면적율),전북특별자치도,0.0
202600204FC01010101322005,논벼,기본조사,벼관찰포,2026,5,벼애나방(발생추정면적),전북특별자치도,0.0
202600204FC01010101322005,논벼,기본조사,벼관찰포,2026,5,벼애나방(감수율),전북특별자치도,0.0
202600204FC01010101322005,논벼,기본조사,벼관찰포,2026,5,벼애나방(피해율),전북특별자치도,0.0
202600204FC01010101322005,논벼,기본조사,벼관찰포,2026,5,벼애나방(발생면적율),전북특별자치도,0.0
202600204FC01010101322005,논벼,기본조사,벼관찰포,2026,5,벼애잎굴파리(발생추정면적),전북특별자치도,0.0
202600204FC01010101322005,논벼,기본조사,벼관찰포,2026,5,벼애잎굴파리(감수율),전북특별자치도,0.0
202600204FC01010101322005,논벼,기본조사,벼관찰포,2026,5,벼애잎굴파리(피해율),전북특별자치도,0.0
202600204FC01010101322005,논벼,기본조사,벼관찰포,2026,5,벼애잎굴파리(발생면적율),전북특별자치도,0.0
202600204FC01010101322005,논벼,기본조사,벼관찰포,2026,5,벼줄기굴파리(발생추정면적),전북특별자치도,0.0
202600204FC01010101322005,논벼,기본조사,벼관찰포,2026,5,벼줄기굴파리(감수율),전북특별자치도,0.0
202600204FC01010101322005,논벼,기본조사,벼관찰포,2026,5,벼줄기굴파리(피해율),전북특별자치도,0.0
202600204FC01010101322005,논벼,기본조사,벼관찰포,2026,5,벼줄기굴파리(발생면적율),전북특별자치도,0.0
202600204FC01010101322005,논벼,기본조사,벼관찰포,2026,5,벼물바구미(발생추정면적),전북특별자치도,0.0
202600204FC01010101322005,논벼,기본조사,벼관찰포,2026,5,벼물바구미(감수율),전북특별자치도,0.0
202600204FC01010101322005,논벼,기본조사,벼관찰포,2026,5,벼물바구미(피해율),전북특별자치도,0.0
202600204FC01010101322005,논벼,기본조사,벼관찰포,2026,5,벼물바구미(발생면적율),전북특별자치도,0.0
202600204FC01010101322005,논벼,기본조사,벼관찰포,2026,5,애멸구(발생추정면적),전북특별자치도,4.558
202600204FC01010101322005,논벼,기본조사,벼관찰포,2026,5,애멸구(감수율),전북특별자치도,0.001
202600204FC01010101322005,논벼,기본조사,벼관찰포,2026,5,애멸구(피해율),전북특별자치도,0.001
202600204FC01010101322005,논벼,기본조사,벼관찰포,2026,5,애멸구(발생면적율),전북특별자치도,0.012
202600204FC01010101322005,논벼,기본조사,벼관찰포,2026,5,끝동매미충(발생추정면적),전북특별자치도,0.0
202600204FC01010101322005,논벼,기본조사,벼관찰포,2026,5,끝동매미충(감수율),전북특별자치도,0.0
202600204FC01010101322005,논벼,기본조사,벼관찰포,2026,5,끝동매미충(피해율),전북특별자치도,0.0
202600204FC01010101322005,논벼,기본조사,벼관찰포,2026,5,끝동매미충(발생면적율),전북특별자치도,0.0
202600204FC01010101322005,논벼,기본조사,벼관찰포,2026,5,멸강나방(발생추정면적),전북특별자치도,0.0
202600204FC01010101322005,논벼,기본조사,벼관찰포,2026,5,멸강나방(감수율),전북특별자치도,0.0
202600204FC01010101322005,논벼,기본조사,벼관찰포,2026,5,멸강나방(피해율),전북특별자치도,0.0
202600204FC01010101322005,논벼,기본조사,벼관찰포,2026,5,멸강나방(발생면적율),전북특별자치도,0.0
202600204FC01010101322005,논벼,기본조사,벼관찰포,2026,5,벼잎선충(발생추정면적),전북특별자치도,0.0
202600204FC01010101322005,논벼,기본조사,벼관찰포,2026,5,벼잎선충(감수율),전북특별자치도,0.0
202600204FC01010101322005,논벼,기본조사,벼관찰포,2026,5,벼잎선충(피해율),전북특별자치도,0.0
202600204FC01010101322005,논벼,기본조사,벼관찰포,2026,5,벼잎선충(발생면적율),전북특별자치도,0.0
202600204FC01010101322005,논벼,기본조사,벼관찰포,2026,5,잎도열병(발생추정면적),전남광주통합특별시,685.583
202600204FC01010101322005,논벼,기본조사,벼관찰포,2026,5,잎도열병(감수율),전남광주통합특별시,0.0
202600204FC01010101322005,논벼,기본조사,벼관찰포,2026,5,잎도열병(피해율),전남광주통합특별시,0.001
202600204FC01010101322005,논벼,기본조사,벼관찰포,2026,5,잎도열병(발생면적율),전남광주통합특별시,0.425
202600204FC01010101322005,논벼,기본조사,벼관찰포,2026,5,이삭도열병(발생추정면적),전남광주통합특별시,4.309
202600204FC01010101322005,논벼,기본조사,벼관찰포,2026,5,이삭도열병(감수율),전남광주통합특별시,0.0
202600204FC01010101322005,논벼,기본조사,벼관찰포,2026,5,이삭도열병(피해율),전남광주통합특별시,0.0
202600204FC01010101322005,논벼,기본조사,벼관찰포,2026,5,이삭도열병(발생면적율),전남광주통합특별시,0.003
202600204FC01010101322005,논벼,기본조사,벼관찰포,2026,5,세균벼알마름병(발생추정면적),전남광주통합특별시,0.0
202600204FC01010101322005,논벼,기본조사,벼관찰포,2026,5,세균벼알마름병(감수율),전남광주통합특별시,0.0
202600204FC01010101322005,논벼,기본조사,벼관찰포,2026,5,세균벼알마름병(피해율),전남광주통합특별시,0.0
202600204FC01010101322005,논벼,기본조사,벼관찰포,2026,5,세균벼알마름병(발생면적율),전남광주통합특별시,0.0
202600204FC01010101322005,논벼,기본조사,벼관찰포,2026,5,흰잎마름병(발생추정면적),전남광주통합특별시,126.088
202600204FC01010101322005,논벼,기본조사,벼관찰포,2026,5,흰잎마름병(감수율),전남광주통합특별시,0.001
202600204FC01010101322005,논벼,기본조사,벼관찰포,2026,5,흰잎마름병(피해율),전남광주통합특별시,0.004
202600204FC01010101322005,논벼,기본조사,벼관찰포,2026,5,흰잎마름병(발생면적율),전남광주통합특별시,0.078
202600204FC01010101322005,논벼,기본조사,벼관찰포,2026,5,깨씨무늬병(발생추정면적),전남광주통합특별시,184.001
202600204FC01010101322005,논벼,기본조사,벼관찰포,2026,5,깨씨무늬병(감수율),전남광주통합특별시,0.001
202600204FC01010101322005,논벼,기본조사,벼관찰포,2026,5,깨씨무늬병(피해율),전남광주통합특별시,0.006
202600204FC01010101322005,논벼,기본조사,벼관찰포,2026,5,깨씨무늬병(발생면적율),전남광주통합특별시,0.114
202600204FC01010101322005,논벼,기본조사,벼관찰포,2026,5,바이러스병(발생추정면적),전남광주통합특별시,0.0
202600204FC01010101322005,논벼,기본조사,벼관찰포,2026,5,바이러스병(감수율),전남광주통합특별시,0.0
202600204FC01010101322005,논벼,기본조사,벼관찰포,2026,5,바이러스병(피해율),전남광주통합특별시,0.0
202600204FC01010101322005,논벼,기본조사,벼관찰포,2026,5,바이러스병(발생면적율),전남광주통합특별시,0.0
202600204FC01010101322005,논벼,기본조사,벼관찰포,2026,5,이화명나방(발생추정면적),전남광주통합특별시,85.624
202600204FC01010101322005,논벼,기본조사,벼관찰포,2026,5,이화명나방(감수율),전남광주통합특별시,0.001
202600204FC01010101322005,논벼,기본조사,벼관찰포,2026,5,이화명나방(피해율),전남광주통합특별시,0.001
202600204FC01010101322005,논벼,기본조사,벼관찰포,2026,5,이화명나방(발생면적율),전남광주통합특별시,0.053
202600204FC01010101322005,논벼,기본조사,벼관찰포,2026,5,혹명나방(발생추정면적),전남광주통합특별시,589.169
202600204FC01010101322005,논벼,기본조사,벼관찰포,2026,5,혹명나방(감수율),전남광주통합특별시,0.004
202600204FC01010101322005,논벼,기본조사,벼관찰포,2026,5,혹명나방(피해율),전남광주통합특별시,0.021
202600204FC01010101322005,논벼,기본조사,벼관찰포,2026,5,혹명나방(발생면적율),전남광주통합특별시,0.366
202600204FC01010101322005,논벼,기본조사,벼관찰포,2026,5,먹노린재(발생추정면적),전남광주통합특별시,62.719
202600204FC01010101322005,논벼,기본조사,벼관찰포,2026,5,먹노린재(감수율),전남광주통합특별시,0.0
202600204FC01010101322005,논벼,기본조사,벼관찰포,2026,5,먹노린재(피해율),전남광주통합특별시,0.002
202600204FC01010101322005,논벼,기본조사,벼관찰포,2026,5,먹노린재(발생면적율),전남광주통합특별시,0.039
202600204FC01010101322005,논벼,기본조사,벼관찰포,2026,5,벼멸구(발생추정면적),전남광주통합특별시,3.819
202600204FC01010101322005,논벼,기본조사,벼관찰포,2026,5,벼멸구(감수율),전남광주통합특별시,0.0
202600204FC01010101322005,논벼,기본조사,벼관찰포,2026,5,벼멸구(피해율),전남광주통합특별시,0.0
202600204FC01010101322005,논벼,기본조사,벼관찰포,2026,5,벼멸구(발생면적율),전남광주통합특별시,0.002
202600204FC01010101322005,논벼,기본조사,벼관찰포,2026,5,흰등멸구(발생추정면적),전남광주통합특별시,278.892
202600204FC01010101322005,논벼,기본조사,벼관찰포,2026,5,흰등멸구(감수율),전남광주통합특별시,0.009
202600204FC01010101322005,논벼,기본조사,벼관찰포,2026,5,흰등멸구(피해율),전남광주통합특별시,0.021
202600204FC01010101322005,논벼,기본조사,벼관찰포,2026,5,흰등멸구(발생면적율),전남광주통합특별시,0.173
202600204FC01010101322005,논벼,기본조사,벼관찰포,2026,5,잎집무늬마름병(발생추정면적),전남광주통합특별시,1242.198
202600204FC01010101322005,논벼,기본조사,벼관찰포,2026,5,잎집무늬마름병(감수율),전남광주통합특별시,0.012
202600204FC01010101322005,논벼,기본조사,벼관찰포,2026,5,잎집무늬마름병(피해율),전남광주통합특별시,0.06
202600204FC01010101322005,논벼,기본조사,벼관찰포,2026,5,잎집무늬마름병(발생면적율),전남광주통합특별시,0.771
202600204FC01010101322005,논벼,기본조사,벼관찰포,2026,5,키다리병(발생추정면적),전남광주통합특별시,41.073
202600204FC01010101322005,논벼,기본조사,벼관찰포,2026,5,키다리병(감수율),전남광주통합특별시,0.001
202600204FC01010101322005,논벼,기본조사,벼관찰포,2026,5,키다리병(피해율),전남광주통합특별시,0.001
202600204FC01010101322005,논벼,기본조사,벼관찰포,2026,5,키다리병(발생면적율),전남광주통합특별시,0.025
202600204FC01010101322005,논벼,기본조사,벼관찰포,2026,5,이삭누룩병(발생추정면적),전남광주통합특별시,0.0
202600204FC01010101322005,논벼,기본조사,벼관찰포,2026,5,이삭누룩병(감수율),전남광주통합특별시,0.0
202600204FC01010101322005,논벼,기본조사,벼관찰포,2026,5,이삭누룩병(피해율),전남광주통합특별시,0.0
202600204FC01010101322005,논벼,기본조사,벼관찰포,2026,5,이삭누룩병(발생면적율),전남광주통합특별시,0.0
202600204FC01010101322005,논벼,기본조사,벼관찰포,2026,5,벼잎벌레(발생추정면적),전남광주통합특별시,0.0
202600204FC01010101322005,논벼,기본조사,벼관찰포,2026,5,벼잎벌레(감수율),전남광주통합특별시,0.0
202600204FC01010101322005,논벼,기본조사,벼관찰포,2026,5,벼잎벌레(피해율),전남광주통합특별시,0.0
202600204FC01010101322005,논벼,기본조사,벼관찰포,2026,5,벼잎벌레(발생면적율),전남광주통합특별시,0.0
202600204FC01010101322005,논벼,기본조사,벼관찰포,2026,5,벼애나방(발생추정면적),전남광주통합특별시,0.0
202600204FC01010101322005,논벼,기본조사,벼관찰포,2026,5,벼애나방(감수율),전남광주통합특별시,0.0
202600204FC01010101322005,논벼,기본조사,벼관찰포,2026,5,벼애나방(피해율),전남광주통합특별시,0.0
202600204FC01010101322005,논벼,기본조사,벼관찰포,2026,5,벼애나방(발생면적율),전남광주통합특별시,0.0
202600204FC01010101322005,논벼,기본조사,벼관찰포,2026,5,벼애잎굴파리(발생추정면적),전남광주통합특별시,0.0
202600204FC01010101322005,논벼,기본조사,벼관찰포,2026,5,벼애잎굴파리(감수율),전남광주통합특별시,0.0
202600204FC01010101322005,논벼,기본조사,벼관찰포,2026,5,벼애잎굴파리(피해율),전남광주통합특별시,0.0
202600204FC01010101322005,논벼,기본조사,벼관찰포,2026,5,벼애잎굴파리(발생면적율),전남광주통합특별시,0.0
202600204FC01010101322005,논벼,기본조사,벼관찰포,2026,5,벼줄기굴파리(발생추정면적),전남광주통합특별시,0.0
202600204FC01010101322005,논벼,기본조사,벼관찰포,2026,5,벼줄기굴파리(감수율),전남광주통합특별시,0.0
202600204FC01010101322005,논벼,기본조사,벼관찰포,2026,5,벼줄기굴파리(피해율),전남광주통합특별시,0.0
202600204FC01010101322005,논벼,기본조사,벼관찰포,2026,5,벼줄기굴파리(발생면적율),전남광주통합특별시,0.0
202600204FC01010101322005,논벼,기본조사,벼관찰포,2026,5,벼물바구미(발생추정면적),전남광주통합특별시,21.116
202600204FC01010101322005,논벼,기본조사,벼관찰포,2026,5,벼물바구미(감수율),전남광주통합특별시,0.0
202600204FC01010101322005,논벼,기본조사,벼관찰포,2026,5,벼물바구미(피해율),전남광주통합특별시,0.0
202600204FC01010101322005,논벼,기본조사,벼관찰포,2026,5,벼물바구미(발생면적율),전남광주통합특별시,0.013
202600204FC01010101322005,논벼,기본조사,벼관찰포,2026,5,애멸구(발생추정면적),전남광주통합특별시,46.889
202600204FC01010101322005,논벼,기본조사,벼관찰포,2026,5,애멸구(감수율),전남광주통합특별시,0.001
202600204FC01010101322005,논벼,기본조사,벼관찰포,2026,5,애멸구(피해율),전남광주통합특별시,0.003
202600204FC01010101322005,논벼,기본조사,벼관찰포,2026,5,애멸구(발생면적율),전남광주통합특별시,0.029
202600204FC01010101322005,논벼,기본조사,벼관찰포,2026,5,끝동매미충(발생추정면적),전남광주통합특별시,264.438
202600204FC01010101322005,논벼,기본조사,벼관찰포,2026,5,끝동매미충(감수율),전남광주통합특별시,0.002
202600204FC01010101322005,논벼,기본조사,벼관찰포,2026,5,끝동매미충(피해율),전남광주통합특별시,0.009
202600204FC01010101322005,논벼,기본조사,벼관찰포,2026,5,끝동매미충(발생면적율),전남광주통합특별시,0.164
202600204FC01010101322005,논벼,기본조사,벼관찰포,2026,5,멸강나방(발생추정면적),전남광주통합특별시,0.0
202600204FC01010101322005,논벼,기본조사,벼관찰포,2026,5,멸강나방(감수율),전남광주통합특별시,0.0
202600204FC01010101322005,논벼,기본조사,벼관찰포,2026,5,멸강나방(피해율),전남광주통합특별시,0.0
202600204FC01010101322005,논벼,기본조사,벼관찰포,2026,5,멸강나방(발생면적율),전남광주통합특별시,0.0
202600204FC01010101322005,논벼,기본조사,벼관찰포,2026,5,벼잎선충(발생추정면적),전남광주통합특별시,8.82
202600204FC01010101322005,논벼,기본조사,벼관찰포,2026,5,벼잎선충(감수율),전남광주통합특별시,0.0
202600204FC01010101322005,논벼,기본조사,벼관찰포,2026,5,벼잎선충(피해율),전남광주통합특별시,0.0
202600204FC01010101322005,논벼,기본조사,벼관찰포,2026,5,벼잎선충(발생면적율),전남광주통합특별시,0.005
202600204FC01010101322005,논벼,기본조사,벼관찰포,2026,5,잎도열병(발생추정면적),경상북도,18.834
202600204FC01010101322005,논벼,기본조사,벼관찰포,2026,5,잎도열병(감수율),경상북도,0.0
202600204FC01010101322005,논벼,기본조사,벼관찰포,2026,5,잎도열병(피해율),경상북도,0.0
202600204FC01010101322005,논벼,기본조사,벼관찰포,2026,5,잎도열병(발생면적율),경상북도,0.024
202600204FC01010101322005,논벼,기본조사,벼관찰포,2026,5,이삭도열병(발생추정면적),경상북도,0.0
202600204FC01010101322005,논벼,기본조사,벼관찰포,2026,5,이삭도열병(감수율),경상북도,0.0
202600204FC01010101322005,논벼,기본조사,벼관찰포,2026,5,이삭도열병(피해율),경상북도,0.0
202600204FC01010101322005,논벼,기본조사,벼관찰포,2026,5,이삭도열병(발생면적율),경상북도,0.0
202600204FC01010101322005,논벼,기본조사,벼관찰포,2026,5,세균벼알마름병(발생추정면적),경상북도,0.0
202600204FC01010101322005,논벼,기본조사,벼관찰포,2026,5,세균벼알마름병(감수율),경상북도,0.0
202600204FC01010101322005,논벼,기본조사,벼관찰포,2026,5,세균벼알마름병(피해율),경상북도,0.0
202600204FC01010101322005,논벼,기본조사,벼관찰포,2026,5,세균벼알마름병(발생면적율),경상북도,0.0
202600204FC01010101322005,논벼,기본조사,벼관찰포,2026,5,흰잎마름병(발생추정면적),경상북도,0.0
202600204FC01010101322005,논벼,기본조사,벼관찰포,2026,5,흰잎마름병(감수율),경상북도,0.0
202600204FC01010101322005,논벼,기본조사,벼관찰포,2026,5,흰잎마름병(피해율),경상북도,0.0
202600204FC01010101322005,논벼,기본조사,벼관찰포,2026,5,흰잎마름병(발생면적율),경상북도,0.0
202600204FC01010101322005,논벼,기본조사,벼관찰포,2026,5,깨씨무늬병(발생추정면적),경상북도,0.0
202600204FC01010101322005,논벼,기본조사,벼관찰포,2026,5,깨씨무늬병(감수율),경상북도,0.0
202600204FC01010101322005,논벼,기본조사,벼관찰포,2026,5,깨씨무늬병(피해율),경상북도,0.0
202600204FC01010101322005,논벼,기본조사,벼관찰포,2026,5,깨씨무늬병(발생면적율),경상북도,0.0
202600204FC01010101322005,논벼,기본조사,벼관찰포,2026,5,바이러스병(발생추정면적),경상북도,0.0
202600204FC01010101322005,논벼,기본조사,벼관찰포,2026,5,바이러스병(감수율),경상북도,0.0
202600204FC01010101322005,논벼,기본조사,벼관찰포,2026,5,바이러스병(피해율),경상북도,0.0
202600204FC01010101322005,논벼,기본조사,벼관찰포,2026,5,바이러스병(발생면적율),경상북도,0.0
202600204FC01010101322005,논벼,기본조사,벼관찰포,2026,5,이화명나방(발생추정면적),경상북도,22.556
202600204FC01010101322005,논벼,기본조사,벼관찰포,2026,5,이화명나방(감수율),경상북도,0.0
202600204FC01010101322005,논벼,기본조사,벼관찰포,2026,5,이화명나방(피해율),경상북도,0.001
202600204FC01010101322005,논벼,기본조사,벼관찰포,2026,5,이화명나방(발생면적율),경상북도,0.028
202600204FC01010101322005,논벼,기본조사,벼관찰포,2026,5,혹명나방(발생추정면적),경상북도,0.259
202600204FC01010101322005,논벼,기본조사,벼관찰포,2026,5,혹명나방(감수율),경상북도,0.0
202600204FC01010101322005,논벼,기본조사,벼관찰포,2026,5,혹명나방(피해율),경상북도,0.0
202600204FC01010101322005,논벼,기본조사,벼관찰포,2026,5,혹명나방(발생면적율),경상북도,0.0
202600204FC01010101322005,논벼,기본조사,벼관찰포,2026,5,먹노린재(발생추정면적),경상북도,0.0
202600204FC01010101322005,논벼,기본조사,벼관찰포,2026,5,먹노린재(감수율),경상북도,0.0
202600204FC01010101322005,논벼,기본조사,벼관찰포,2026,5,먹노린재(피해율),경상북도,0.0
202600204FC01010101322005,논벼,기본조사,벼관찰포,2026,5,먹노린재(발생면적율),경상북도,0.0
202600204FC01010101322005,논벼,기본조사,벼관찰포,2026,5,벼멸구(발생추정면적),경상북도,0.0
202600204FC01010101322005,논벼,기본조사,벼관찰포,2026,5,벼멸구(감수율),경상북도,0.0
202600204FC01010101322005,논벼,기본조사,벼관찰포,2026,5,벼멸구(피해율),경상북도,0.0
202600204FC01010101322005,논벼,기본조사,벼관찰포,2026,5,벼멸구(발생면적율),경상북도,0.0
202600204FC01010101322005,논벼,기본조사,벼관찰포,2026,5,흰등멸구(발생추정면적),경상북도,0.0
202600204FC01010101322005,논벼,기본조사,벼관찰포,2026,5,흰등멸구(감수율),경상북도,0.0
202600204FC01010101322005,논벼,기본조사,벼관찰포,2026,5,흰등멸구(피해율),경상북도,0.0
202600204FC01010101322005,논벼,기본조사,벼관찰포,2026,5,흰등멸구(발생면적율),경상북도,0.0
202600204FC01010101322005,논벼,기본조사,벼관찰포,2026,5,잎집무늬마름병(발생추정면적),경상북도,11.829
202600204FC01010101322005,논벼,기본조사,벼관찰포,2026,5,잎집무늬마름병(감수율),경상북도,0.0
202600204FC01010101322005,논벼,기본조사,벼관찰포,2026,5,잎집무늬마름병(피해율),경상북도,0.001
202600204FC01010101322005,논벼,기본조사,벼관찰포,2026,5,잎집무늬마름병(발생면적율),경상북도,0.015
202600204FC01010101322005,논벼,기본조사,벼관찰포,2026,5,키다리병(발생추정면적),경상북도,0.599
202600204FC01010101322005,논벼,기본조사,벼관찰포,2026,5,키다리병(감수율),경상북도,0.0
202600204FC01010101322005,논벼,기본조사,벼관찰포,2026,5,키다리병(피해율),경상북도,0.0
202600204FC01010101322005,논벼,기본조사,벼관찰포,2026,5,키다리병(발생면적율),경상북도,0.001
202600204FC01010101322005,논벼,기본조사,벼관찰포,2026,5,이삭누룩병(발생추정면적),경상북도,0.0
202600204FC01010101322005,논벼,기본조사,벼관찰포,2026,5,이삭누룩병(감수율),경상북도,0.0
202600204FC01010101322005,논벼,기본조사,벼관찰포,2026,5,이삭누룩병(피해율),경상북도,0.0
202600204FC01010101322005,논벼,기본조사,벼관찰포,2026,5,이삭누룩병(발생면적율),경상북도,0.0
202600204FC01010101322005,논벼,기본조사,벼관찰포,2026,5,벼잎벌레(발생추정면적),경상북도,0.0
202600204FC01010101322005,논벼,기본조사,벼관찰포,2026,5,벼잎벌레(감수율),경상북도,0.0
202600204FC01010101322005,논벼,기본조사,벼관찰포,2026,5,벼잎벌레(피해율),경상북도,0.0
202600204FC01010101322005,논벼,기본조사,벼관찰포,2026,5,벼잎벌레(발생면적율),경상북도,0.0
202600204FC01010101322005,논벼,기본조사,벼관찰포,2026,5,벼애나방(발생추정면적),경상북도,0.0
202600204FC01010101322005,논벼,기본조사,벼관찰포,2026,5,벼애나방(감수율),경상북도,0.0
202600204FC01010101322005,논벼,기본조사,벼관찰포,2026,5,벼애나방(피해율),경상북도,0.0
202600204FC01010101322005,논벼,기본조사,벼관찰포,2026,5,벼애나방(발생면적율),경상북도,0.0
202600204FC01010101322005,논벼,기본조사,벼관찰포,2026,5,벼애잎굴파리(발생추정면적),경상북도,0.0
202600204FC01010101322005,논벼,기본조사,벼관찰포,2026,5,벼애잎굴파리(감수율),경상북도,0.0
202600204FC01010101322005,논벼,기본조사,벼관찰포,2026,5,벼애잎굴파리(피해율),경상북도,0.0
202600204FC01010101322005,논벼,기본조사,벼관찰포,2026,5,벼애잎굴파리(발생면적율),경상북도,0.0
202600204FC01010101322005,논벼,기본조사,벼관찰포,2026,5,벼줄기굴파리(발생추정면적),경상북도,0.0
202600204FC01010101322005,논벼,기본조사,벼관찰포,2026,5,벼줄기굴파리(감수율),경상북도,0.0
202600204FC01010101322005,논벼,기본조사,벼관찰포,2026,5,벼줄기굴파리(피해율),경상북도,0.0
202600204FC01010101322005,논벼,기본조사,벼관찰포,2026,5,벼줄기굴파리(발생면적율),경상북도,0.0
202600204FC01010101322005,논벼,기본조사,벼관찰포,2026,5,벼물바구미(발생추정면적),경상북도,69.882
202600204FC01010101322005,논벼,기본조사,벼관찰포,2026,5,벼물바구미(감수율),경상북도,0.001
202600204FC01010101322005,논벼,기본조사,벼관찰포,2026,5,벼물바구미(피해율),경상북도,0.003
202600204FC01010101322005,논벼,기본조사,벼관찰포,2026,5,벼물바구미(발생면적율),경상북도,0.088
202600204FC01010101322005,논벼,기본조사,벼관찰포,2026,5,애멸구(발생추정면적),경상북도,0.0
202600204FC01010101322005,논벼,기본조사,벼관찰포,2026,5,애멸구(감수율),경상북도,0.0
202600204FC01010101322005,논벼,기본조사,벼관찰포,2026,5,애멸구(피해율),경상북도,0.0
202600204FC01010101322005,논벼,기본조사,벼관찰포,2026,5,애멸구(발생면적율),경상북도,0.0
202600204FC01010101322005,논벼,기본조사,벼관찰포,2026,5,끝동매미충(발생추정면적),경상북도,68.085
202600204FC01010101322005,논벼,기본조사,벼관찰포,2026,5,끝동매미충(감수율),경상북도,0.001
202600204FC01010101322005,논벼,기본조사,벼관찰포,2026,5,끝동매미충(피해율),경상북도,0.004
202600204FC01010101322005,논벼,기본조사,벼관찰포,2026,5,끝동매미충(발생면적율),경상북도,0.085
202600204FC01010101322005,논벼,기본조사,벼관찰포,2026,5,멸강나방(발생추정면적),경상북도,0.0
202600204FC01010101322005,논벼,기본조사,벼관찰포,2026,5,멸강나방(감수율),경상북도,0.0
202600204FC01010101322005,논벼,기본조사,벼관찰포,2026,5,멸강나방(피해율),경상북도,0.0
202600204FC01010101322005,논벼,기본조사,벼관찰포,2026,5,멸강나방(발생면적율),경상북도,0.0
202600204FC01010101322005,논벼,기본조사,벼관찰포,2026,5,벼잎선충(발생추정면적),경상북도,0.0
202600204FC01010101322005,논벼,기본조사,벼관찰포,2026,5,벼잎선충(감수율),경상북도,0.0
202600204FC01010101322005,논벼,기본조사,벼관찰포,2026,5,벼잎선충(피해율),경상북도,0.0
202600204FC01010101322005,논벼,기본조사,벼관찰포,2026,5,벼잎선충(발생면적율),경상북도,0.0
202600204FC01010101322005,논벼,기본조사,벼관찰포,2026,5,잎도열병(발생추정면적),경상남도,431.921
202600204FC01010101322005,논벼,기본조사,벼관찰포,2026,5,잎도열병(감수율),경상남도,0.0
202600204FC01010101322005,논벼,기본조사,벼관찰포,2026,5,잎도열병(피해율),경상남도,0.002
202600204FC01010101322005,논벼,기본조사,벼관찰포,2026,5,잎도열병(발생면적율),경상남도,0.75
202600204FC01010101322005,논벼,기본조사,벼관찰포,2026,5,이삭도열병(발생추정면적),경상남도,0.0
202600204FC01010101322005,논벼,기본조사,벼관찰포,2026,5,이삭도열병(감수율),경상남도,0.0
202600204FC01010101322005,논벼,기본조사,벼관찰포,2026,5,이삭도열병(피해율),경상남도,0.0
202600204FC01010101322005,논벼,기본조사,벼관찰포,2026,5,이삭도열병(발생면적율),경상남도,0.0
202600204FC01010101322005,논벼,기본조사,벼관찰포,2026,5,세균벼알마름병(발생추정면적),경상남도,0.0
202600204FC01010101322005,논벼,기본조사,벼관찰포,2026,5,세균벼알마름병(감수율),경상남도,0.0
202600204FC01010101322005,논벼,기본조사,벼관찰포,2026,5,세균벼알마름병(피해율),경상남도,0.0
202600204FC01010101322005,논벼,기본조사,벼관찰포,2026,5,세균벼알마름병(발생면적율),경상남도,0.0
202600204FC01010101322005,논벼,기본조사,벼관찰포,2026,5,흰잎마름병(발생추정면적),경상남도,0.0
202600204FC01010101322005,논벼,기본조사,벼관찰포,2026,5,흰잎마름병(감수율),경상남도,0.0
202600204FC01010101322005,논벼,기본조사,벼관찰포,2026,5,흰잎마름병(피해율),경상남도,0.0
202600204FC01010101322005,논벼,기본조사,벼관찰포,2026,5,흰잎마름병(발생면적율),경상남도,0.0
202600204FC01010101322005,논벼,기본조사,벼관찰포,2026,5,깨씨무늬병(발생추정면적),경상남도,20.925
202600204FC01010101322005,논벼,기본조사,벼관찰포,2026,5,깨씨무늬병(감수율),경상남도,0.0
202600204FC01010101322005,논벼,기본조사,벼관찰포,2026,5,깨씨무늬병(피해율),경상남도,0.002
202600204FC01010101322005,논벼,기본조사,벼관찰포,2026,5,깨씨무늬병(발생면적율),경상남도,0.036
202600204FC01010101322005,논벼,기본조사,벼관찰포,2026,5,바이러스병(발생추정면적),경상남도,0.0
202600204FC01010101322005,논벼,기본조사,벼관찰포,2026,5,바이러스병(감수율),경상남도,0.0
202600204FC01010101322005,논벼,기본조사,벼관찰포,2026,5,바이러스병(피해율),경상남도,0.0
202600204FC01010101322005,논벼,기본조사,벼관찰포,2026,5,바이러스병(발생면적율),경상남도,0.0
202600204FC01010101322005,논벼,기본조사,벼관찰포,2026,5,이화명나방(발생추정면적),경상남도,0.0
202600204FC01010101322005,논벼,기본조사,벼관찰포,2026,5,이화명나방(감수율),경상남도,0.0
202600204FC01010101322005,논벼,기본조사,벼관찰포,2026,5,이화명나방(피해율),경상남도,0.0
202600204FC01010101322005,논벼,기본조사,벼관찰포,2026,5,이화명나방(발생면적율),경상남도,0.0
202600204FC01010101322005,논벼,기본조사,벼관찰포,2026,5,혹명나방(발생추정면적),경상남도,273.079
202600204FC01010101322005,논벼,기본조사,벼관찰포,2026,5,혹명나방(감수율),경상남도,0.025
202600204FC01010101322005,논벼,기본조사,벼관찰포,2026,5,혹명나방(피해율),경상남도,0.123
202600204FC01010101322005,논벼,기본조사,벼관찰포,2026,5,혹명나방(발생면적율),경상남도,0.474
202600204FC01010101322005,논벼,기본조사,벼관찰포,2026,5,먹노린재(발생추정면적),경상남도,0.0
202600204FC01010101322005,논벼,기본조사,벼관찰포,2026,5,먹노린재(감수율),경상남도,0.0
202600204FC01010101322005,논벼,기본조사,벼관찰포,2026,5,먹노린재(피해율),경상남도,0.0
202600204FC01010101322005,논벼,기본조사,벼관찰포,2026,5,먹노린재(발생면적율),경상남도,0.0
202600204FC01010101322005,논벼,기본조사,벼관찰포,2026,5,벼멸구(발생추정면적),경상남도,4.576
202600204FC01010101322005,논벼,기본조사,벼관찰포,2026,5,벼멸구(감수율),경상남도,0.0
202600204FC01010101322005,논벼,기본조사,벼관찰포,2026,5,벼멸구(피해율),경상남도,0.001
202600204FC01010101322005,논벼,기본조사,벼관찰포,2026,5,벼멸구(발생면적율),경상남도,0.008
202600204FC01010101322005,논벼,기본조사,벼관찰포,2026,5,흰등멸구(발생추정면적),경상남도,20.16
202600204FC01010101322005,논벼,기본조사,벼관찰포,2026,5,흰등멸구(감수율),경상남도,0.002
202600204FC01010101322005,논벼,기본조사,벼관찰포,2026,5,흰등멸구(피해율),경상남도,0.005
202600204FC01010101322005,논벼,기본조사,벼관찰포,2026,5,흰등멸구(발생면적율),경상남도,0.035
202600204FC01010101322005,논벼,기본조사,벼관찰포,2026,5,잎집무늬마름병(발생추정면적),경상남도,277.072
202600204FC01010101322005,논벼,기본조사,벼관찰포,2026,5,잎집무늬마름병(감수율),경상남도,0.009
202600204FC01010101322005,논벼,기본조사,벼관찰포,2026,5,잎집무늬마름병(피해율),경상남도,0.043
202600204FC01010101322005,논벼,기본조사,벼관찰포,2026,5,잎집무늬마름병(발생면적율),경상남도,0.481
202600204FC01010101322005,논벼,기본조사,벼관찰포,2026,5,키다리병(발생추정면적),경상남도,0.0
202600204FC01010101322005,논벼,기본조사,벼관찰포,2026,5,키다리병(감수율),경상남도,0.0
202600204FC01010101322005,논벼,기본조사,벼관찰포,2026,5,키다리병(피해율),경상남도,0.0
202600204FC01010101322005,논벼,기본조사,벼관찰포,2026,5,키다리병(발생면적율),경상남도,0.0
202600204FC01010101322005,논벼,기본조사,벼관찰포,2026,5,이삭누룩병(발생추정면적),경상남도,0.0
202600204FC01010101322005,논벼,기본조사,벼관찰포,2026,5,이삭누룩병(감수율),경상남도,0.0
202600204FC01010101322005,논벼,기본조사,벼관찰포,2026,5,이삭누룩병(피해율),경상남도,0.0
202600204FC01010101322005,논벼,기본조사,벼관찰포,2026,5,이삭누룩병(발생면적율),경상남도,0.0
202600204FC01010101322005,논벼,기본조사,벼관찰포,2026,5,벼잎벌레(발생추정면적),경상남도,0.0
202600204FC01010101322005,논벼,기본조사,벼관찰포,2026,5,벼잎벌레(감수율),경상남도,0.0
202600204FC01010101322005,논벼,기본조사,벼관찰포,2026,5,벼잎벌레(피해율),경상남도,0.0
202600204FC01010101322005,논벼,기본조사,벼관찰포,2026,5,벼잎벌레(발생면적율),경상남도,0.0
202600204FC01010101322005,논벼,기본조사,벼관찰포,2026,5,벼애나방(발생추정면적),경상남도,0.0
202600204FC01010101322005,논벼,기본조사,벼관찰포,2026,5,벼애나방(감수율),경상남도,0.0
202600204FC01010101322005,논벼,기본조사,벼관찰포,2026,5,벼애나방(피해율),경상남도,0.0
202600204FC01010101322005,논벼,기본조사,벼관찰포,2026,5,벼애나방(발생면적율),경상남도,0.0
202600204FC01010101322005,논벼,기본조사,벼관찰포,2026,5,벼애잎굴파리(발생추정면적),경상남도,0.0
202600204FC01010101322005,논벼,기본조사,벼관찰포,2026,5,벼애잎굴파리(감수율),경상남도,0.0
202600204FC01010101322005,논벼,기본조사,벼관찰포,2026,5,벼애잎굴파리(피해율),경상남도,0.0
202600204FC01010101322005,논벼,기본조사,벼관찰포,2026,5,벼애잎굴파리(발생면적율),경상남도,0.0
202600204FC01010101322005,논벼,기본조사,벼관찰포,2026,5,벼줄기굴파리(발생추정면적),경상남도,0.0
202600204FC01010101322005,논벼,기본조사,벼관찰포,2026,5,벼줄기굴파리(감수율),경상남도,0.0
202600204FC01010101322005,논벼,기본조사,벼관찰포,2026,5,벼줄기굴파리(피해율),경상남도,0.0
202600204FC01010101322005,논벼,기본조사,벼관찰포,2026,5,벼줄기굴파리(발생면적율),경상남도,0.0
202600204FC01010101322005,논벼,기본조사,벼관찰포,2026,5,벼물바구미(발생추정면적),경상남도,0.0
202600204FC01010101322005,논벼,기본조사,벼관찰포,2026,5,벼물바구미(감수율),경상남도,0.0
202600204FC01010101322005,논벼,기본조사,벼관찰포,2026,5,벼물바구미(피해율),경상남도,0.0
202600204FC01010101322005,논벼,기본조사,벼관찰포,2026,5,벼물바구미(발생면적율),경상남도,0.0
202600204FC01010101322005,논벼,기본조사,벼관찰포,2026,5,애멸구(발생추정면적),경상남도,1.114
202600204FC01010101322005,논벼,기본조사,벼관찰포,2026,5,애멸구(감수율),경상남도,0.0
202600204FC01010101322005,논벼,기본조사,벼관찰포,2026,5,애멸구(피해율),경상남도,0.0
202600204FC01010101322005,논벼,기본조사,벼관찰포,2026,5,애멸구(발생면적율),경상남도,0.002
202600204FC01010101322005,논벼,기본조사,벼관찰포,2026,5,끝동매미충(발생추정면적),경상남도,4.428
202600204FC01010101322005,논벼,기본조사,벼관찰포,2026,5,끝동매미충(감수율),경상남도,0.0
202600204FC01010101322005,논벼,기본조사,벼관찰포,2026,5,끝동매미충(피해율),경상남도,0.0
202600204FC01010101322005,논벼,기본조사,벼관찰포,2026,5,끝동매미충(발생면적율),경상남도,0.008
202600204FC01010101322005,논벼,기본조사,벼관찰포,2026,5,멸강나방(발생추정면적),경상남도,0.0
202600204FC01010101322005,논벼,기본조사,벼관찰포,2026,5,멸강나방(감수율),경상남도,0.0
202600204FC01010101322005,논벼,기본조사,벼관찰포,2026,5,멸강나방(피해율),경상남도,0.0
202600204FC01010101322005,논벼,기본조사,벼관찰포,2026,5,멸강나방(발생면적율),경상남도,0.0
202600204FC01010101322005,논벼,기본조사,벼관찰포,2026,5,벼잎선충(발생추정면적),경상남도,2.692
202600204FC01010101322005,논벼,기본조사,벼관찰포,2026,5,벼잎선충(감수율),경상남도,0.0
202600204FC01010101322005,논벼,기본조사,벼관찰포,2026,5,벼잎선충(피해율),경상남도,0.0
202600204FC01010101322005,논벼,기본조사,벼관찰포,2026,5,벼잎선충(발생면적율),경상남도,0.005
202600209FC03030101322005,콩,기본조사,관찰포,2026,5,바이러스(피해주율),경기도,0.0
202600209FC03030101322005,콩,기본조사,관찰포,2026,5,점무늬병(피해잎율),경기도,0.357
202600209FC03030101322005,콩,기본조사,관찰포,2026,5,세균병(피해잎율),경기도,2.857
202600209FC03030101322005,콩,기본조사,관찰포,2026,5,탄저병(피해협율),경기도,0.0
202600209FC03030101322005,콩,기본조사,관찰포,2026,5,파밤나방(밀도),경기도,0.0
202600209FC03030101322005,콩,기본조사,관찰포,2026,5,담배거세미나방(밀도),경기도,0.0
202600209FC03030101322005,콩,기본조사,관찰포,2026,5,파밤나방(트랩마리수),경기도,0.0
202600209FC03030101322005,콩,기본조사,관찰포,2026,5,담배거세미나방(트랩마리수),경기도,0.0
202600209FC03030101322005,콩,기본조사,관찰포,2026,5,톱다리개미허리노린재(트랩마리수),경기도,0.0
202600209FC03030101322005,콩,기본조사,관찰포,2026,5,콩꼬투리혹파리(피해협율),경기도,0.0
202600209FC03030101322005,콩,기본조사,관찰포,2026,5,역병(피해주율),경기도,0.0
202600209FC03030101322005,콩,기본조사,관찰포,2026,5,바이러스(피해주율),강원특별자치도,0.0
202600209FC03030101322005,콩,기본조사,관찰포,2026,5,점무늬병(피해잎율),강원특별자치도,0.0
202600209FC03030101322005,콩,기본조사,관찰포,2026,5,세균병(피해잎율),강원특별자치도,0.0
202600209FC03030101322005,콩,기본조사,관찰포,2026,5,탄저병(피해협율),강원특별자치도,0.0
202600209FC03030101322005,콩,기본조사,관찰포,2026,5,파밤나방(밀도),강원특별자치도,0.0
202600209FC03030101322005,콩,기본조사,관찰포,2026,5,담배거세미나방(밀도),강원특별자치도,0.0
202600209FC03030101322005,콩,기본조사,관찰포,2026,5,파밤나방(트랩마리수),강원특별자치도,0.0
202600209FC03030101322005,콩,기본조사,관찰포,2026,5,담배거세미나방(트랩마리수),강원특별자치도,0.0
202600209FC03030101322005,콩,기본조사,관찰포,2026,5,톱다리개미허리노린재(트랩마리수),강원특별자치도,0.0
202600209FC03030101322005,콩,기본조사,관찰포,2026,5,콩꼬투리혹파리(피해협율),강원특별자치도,0.0
202600209FC03030101322005,콩,기본조사,관찰포,2026,5,역병(피해주율),강원특별자치도,0.0
202600209FC03030101322005,콩,기본조사,관찰포,2026,5,바이러스(피해주율),충청북도,0.0
202600209FC03030101322005,콩,기본조사,관찰포,2026,5,점무늬병(피해잎율),충청북도,0.0
202600209FC03030101322005,콩,기본조사,관찰포,2026,5,세균병(피해잎율),충청북도,0.0
202600209FC03030101322005,콩,기본조사,관찰포,2026,5,탄저병(피해협율),충청북도,0.0
202600209FC03030101322005,콩,기본조사,관찰포,2026,5,파밤나방(밀도),충청북도,0.0
202600209FC03030101322005,콩,기본조사,관찰포,2026,5,담배거세미나방(밀도),충청북도,0.0
202600209FC03030101322005,콩,기본조사,관찰포,2026,5,파밤나방(트랩마리수),충청북도,0.0
202600209FC03030101322005,콩,기본조사,관찰포,2026,5,담배거세미나방(트랩마리수),충청북도,0.0
202600209FC03030101322005,콩,기본조사,관찰포,2026,5,톱다리개미허리노린재(트랩마리수),충청북도,0.0
202600209FC03030101322005,콩,기본조사,관찰포,2026,5,콩꼬투리혹파리(피해협율),충청북도,0.0
202600209FC03030101322005,콩,기본조사,관찰포,2026,5,역병(피해주율),충청북도,0.0
202600209FC03030101322005,콩,기본조사,관찰포,2026,5,바이러스(피해주율),충청남도,0.0
202600209FC03030101322005,콩,기본조사,관찰포,2026,5,점무늬병(피해잎율),충청남도,0.0
202600209FC03030101322005,콩,기본조사,관찰포,2026,5,세균병(피해잎율),충청남도,0.0
202600209FC03030101322005,콩,기본조사,관찰포,2026,5,탄저병(피해협율),충청남도,0.0
202600209FC03030101322005,콩,기본조사,관찰포,2026,5,파밤나방(밀도),충청남도,0.045
202600209FC03030101322005,콩,기본조사,관찰포,2026,5,담배거세미나방(밀도),충청남도,0.01
202600209FC03030101322005,콩,기본조사,관찰포,2026,5,파밤나방(트랩마리수),충청남도,0.667
202600209FC03030101322005,콩,기본조사,관찰포,2026,5,담배거세미나방(트랩마리수),충청남도,1.333
202600209FC03030101322005,콩,기본조사,관찰포,2026,5,톱다리개미허리노린재(트랩마리수),충청남도,3.5
202600209FC03030101322005,콩,기본조사,관찰포,2026,5,콩꼬투리혹파리(피해협율),충청남도,0.0
202600209FC03030101322005,콩,기본조사,관찰포,2026,5,역병(피해주율),충청남도,0.0
202600209FC03030101322005,콩,기본조사,관찰포,2026,5,바이러스(피해주율),전북특별자치도,0.0
202600209FC03030101322005,콩,기본조사,관찰포,2026,5,점무늬병(피해잎율),전북특별자치도,0.0
202600209FC03030101322005,콩,기본조사,관찰포,2026,5,세균병(피해잎율),전북특별자치도,0.0
202600209FC03030101322005,콩,기본조사,관찰포,2026,5,탄저병(피해협율),전북특별자치도,0.0
202600209FC03030101322005,콩,기본조사,관찰포,2026,5,파밤나방(밀도),전북특별자치도,0.0
202600209FC03030101322005,콩,기본조사,관찰포,2026,5,담배거세미나방(밀도),전북특별자치도,0.0
202600209FC03030101322005,콩,기본조사,관찰포,2026,5,파밤나방(트랩마리수),전북특별자치도,0.0
202600209FC03030101322005,콩,기본조사,관찰포,2026,5,담배거세미나방(트랩마리수),전북특별자치도,0.0
202600209FC03030101322005,콩,기본조사,관찰포,2026,5,톱다리개미허리노린재(트랩마리수),전북특별자치도,0.0
202600209FC03030101322005,콩,기본조사,관찰포,2026,5,콩꼬투리혹파리(피해협율),전북특별자치도,0.0
202600209FC03030101322005,콩,기본조사,관찰포,2026,5,역병(피해주율),전북특별자치도,0.0
202600209FC03030101322005,콩,기본조사,관찰포,2026,5,바이러스(피해주율),전남광주통합특별시,0.0
202600209FC03030101322005,콩,기본조사,관찰포,2026,5,점무늬병(피해잎율),전남광주통합특별시,0.1
202600209FC03030101322005,콩,기본조사,관찰포,2026,5,세균병(피해잎율),전남광주통합특별시,0.1
202600209FC03030101322005,콩,기본조사,관찰포,2026,5,탄저병(피해협율),전남광주통합특별시,0.0
202600209FC03030101322005,콩,기본조사,관찰포,2026,5,파밤나방(밀도),전남광주통합특별시,0.02
202600209FC03030101322005,콩,기본조사,관찰포,2026,5,담배거세미나방(밀도),전남광주통합특별시,0.02
202600209FC03030101322005,콩,기본조사,관찰포,2026,5,파밤나방(트랩마리수),전남광주통합특별시,7.8
202600209FC03030101322005,콩,기본조사,관찰포,2026,5,담배거세미나방(트랩마리수),전남광주통합특별시,4.9
202600209FC03030101322005,콩,기본조사,관찰포,2026,5,톱다리개미허리노린재(트랩마리수),전남광주통합특별시,6.8
202600209FC03030101322005,콩,기본조사,관찰포,2026,5,콩꼬투리혹파리(피해협율),전남광주통합특별시,0.0
202600209FC03030101322005,콩,기본조사,관찰포,2026,5,역병(피해주율),전남광주통합특별시,0.0
202600209FC03030101322005,콩,기본조사,관찰포,2026,5,바이러스(피해주율),경상북도,0.0
202600209FC03030101322005,콩,기본조사,관찰포,2026,5,점무늬병(피해잎율),경상북도,0.0
202600209FC03030101322005,콩,기본조사,관찰포,2026,5,세균병(피해잎율),경상북도,0.0
202600209FC03030101322005,콩,기본조사,관찰포,2026,5,탄저병(피해협율),경상북도,0.0
202600209FC03030101322005,콩,기본조사,관찰포,2026,5,파밤나방(밀도),경상북도,0.05
202600209FC03030101322005,콩,기본조사,관찰포,2026,5,담배거세미나방(밀도),경상북도,0.0
202600209FC03030101322005,콩,기본조사,관찰포,2026,5,파밤나방(트랩마리수),경상북도,0.0
202600209FC03030101322005,콩,기본조사,관찰포,2026,5,담배거세미나방(트랩마리수),경상북도,0.0
202600209FC03030101322005,콩,기본조사,관찰포,2026,5,톱다리개미허리노린재(트랩마리수),경상북도,0.0
202600209FC03030101322005,콩,기본조사,관찰포,2026,5,콩꼬투리혹파리(피해협율),경상북도,0.0
202600209FC03030101322005,콩,기본조사,관찰포,2026,5,역병(피해주율),경상북도,0.0
202600209FC03030101322005,콩,기본조사,관찰포,2026,5,바이러스(피해주율),경상남도,0.0
202600209FC03030101322005,콩,기본조사,관찰포,2026,5,점무늬병(피해잎율),경상남도,0.0
202600209FC03030101322005,콩,기본조사,관찰포,2026,5,세균병(피해잎율),경상남도,0.0
202600209FC03030101322005,콩,기본조사,관찰포,2026,5,탄저병(피해협율),경상남도,0.0
202600209FC03030101322005,콩,기본조사,관찰포,2026,5,파밤나방(밀도),경상남도,0.0
202600209FC03030101322005,콩,기본조사,관찰포,2026,5,담배거세미나방(밀도),경상남도,0.0
202600209FC03030101322005,콩,기본조사,관찰포,2026,5,파밤나방(트랩마리수),경상남도,0.0
202600209FC03030101322005,콩,기본조사,관찰포,2026,5,담배거세미나방(트랩마리수),경상남도,0.0
202600209FC03030101322005,콩,기본조사,관찰포,2026,5,톱다리개미허리노린재(트랩마리수),경상남도,0.0
202600209FC03030101322005,콩,기본조사,관찰포,2026,5,콩꼬투리혹파리(피해협율),경상남도,0.0
202600209FC03030101322005,콩,기본조사,관찰포,2026,5,역병(피해주율),경상남도,0.0
202600209FC03030101322005,콩,기본조사,관찰포,2026,5,바이러스(피해주율),제주특별자치도,0.0
202600209FC03030101322005,콩,기본조사,관찰포,2026,5,점무늬병(피해잎율),제주특별자치도,0.0
202600209FC03030101322005,콩,기본조사,관찰포,2026,5,세균병(피해잎율),제주특별자치도,0.0
202600209FC03030101322005,콩,기본조사,관찰포,2026,5,탄저병(피해협율),제주특별자치도,0.0
202600209FC03030101322005,콩,기본조사,관찰포,2026,5,파밤나방(밀도),제주특별자치도,0.775
202600209FC03030101322005,콩,기본조사,관찰포,2026,5,담배거세미나방(밀도),제주특별자치도,0.3
202600209FC03030101322005,콩,기본조사,관찰포,2026,5,파밤나방(트랩마리수),제주특별자치도,32.75
202600209FC03030101322005,콩,기본조사,관찰포,2026,5,담배거세미나방(트랩마리수),제주특별자치도,25.5
202600209FC03030101322005,콩,기본조사,관찰포,2026,5,톱다리개미허리노린재(트랩마리수),제주특별자치도,24.75
202600209FC03030101322005,콩,기본조사,관찰포,2026,5,콩꼬투리혹파리(피해협율),제주특별자치도,0.0
202600209FC03030101322005,콩,기본조사,관찰포,2026,5,역병(피해주율),제주특별자치도,0.0
202600209FT01060101322006,사과,기본조사,관찰포,2026,6,갈색무늬병(피해잎율),경기도,0.26
202600209FT01060101322006,사과,기본조사,관찰포,2026,6,점무늬낙엽병(피해잎율),경기도,0.27
202600209FT01060101322006,사과,기본조사,관찰포,2026,6,겹무늬썩음병(피해과율),경기도,0.0
202600209FT01060101322006,사과,기본조사,관찰포,2026,6,탄저병(피해과율),경기도,0.45
202600209FT01060101322006,사과,기본조사,관찰포,2026,6,부란병(피해주율),경기도,0.0
202600209FT01060101322006,사과,기본조사,관찰포,2026,6,응애류(밀도),경기도,0.0
202600209FT01060101322006,사과,기본조사,관찰포,2026,6,복숭아심식나방(피해과율),경기도,0.0
202600209FT01060101322006,사과,기본조사,관찰포,2026,6,복숭아순나방(피해신초율),경기도,0.0
202600209FT01060101322006,사과,기본조사,관찰포,2026,6,조팝나무진딧물(밀도),경기도,0.0
202600209FT01060101322006,사과,기본조사,관찰포,2026,6,노린재류(피해과율),경기도,0.0
202600209FT01060101322006,사과,기본조사,관찰포,2026,6,노린재류(트랩마리수),경기도,0.0
202600209FT01060101322006,사과,기본조사,관찰포,2026,6,복숭아순나방(트랩마리수),경기도,0.8
202600209FT01060101322006,사과,기본조사,관찰포,2026,6,복숭아심식나방(트랩마리수),경기도,1.4
202600209FT01060101322006,사과,기본조사,관찰포,2026,6,복숭아순나방붙이(트랩마리수),경기도,0.0
202600209FT01060101322006,사과,기본조사,관찰포,2026,6,사과굴나방(트랩마리수),경기도,14.1
202600209FT01060101322006,사과,기본조사,관찰포,2026,6,은무늬굴나방(트랩마리수),경기도,6.8
202600209FT01060101322006,사과,기본조사,관찰포,2026,6,사과무늬잎말이나방(트랩마리수),경기도,0.0
202600209FT01060101322006,사과,기본조사,관찰포,2026,6,사과애모무늬잎말이나방(트랩마리수),경기도,0.0
202600209FT01060101322006,사과,기본조사,관찰포,2026,6,붉은별무늬병(피해잎율),경기도,0.0
202600209FT01060101322006,사과,기본조사,관찰포,2026,6,역병(피해과율),경기도,0.0
202600209FT01060101322006,사과,기본조사,관찰포,2026,6,갈색무늬병(피해잎율),강원특별자치도,0.0
202600209FT01060101322006,사과,기본조사,관찰포,2026,6,점무늬낙엽병(피해잎율),강원특별자치도,4.025
202600209FT01060101322006,사과,기본조사,관찰포,2026,6,겹무늬썩음병(피해과율),강원특별자치도,0.0
202600209FT01060101322006,사과,기본조사,관찰포,2026,6,탄저병(피해과율),강원특별자치도,0.0
202600209FT01060101322006,사과,기본조사,관찰포,2026,6,부란병(피해주율),강원특별자치도,0.0
202600209FT01060101322006,사과,기본조사,관찰포,2026,6,응애류(밀도),강원특별자치도,0.225
202600209FT01060101322006,사과,기본조사,관찰포,2026,6,복숭아심식나방(피해과율),강원특별자치도,0.0
202600209FT01060101322006,사과,기본조사,관찰포,2026,6,복숭아순나방(피해신초율),강원특별자치도,0.0
202600209FT01060101322006,사과,기본조사,관찰포,2026,6,조팝나무진딧물(밀도),강원특별자치도,0.0
202600209FT01060101322006,사과,기본조사,관찰포,2026,6,노린재류(피해과율),강원특별자치도,0.0
202600209FT01060101322006,사과,기본조사,관찰포,2026,6,노린재류(트랩마리수),강원특별자치도,0.0
202600209FT01060101322006,사과,기본조사,관찰포,2026,6,복숭아순나방(트랩마리수),강원특별자치도,0.0
202600209FT01060101322006,사과,기본조사,관찰포,2026,6,복숭아심식나방(트랩마리수),강원특별자치도,0.0
202600209FT01060101322006,사과,기본조사,관찰포,2026,6,복숭아순나방붙이(트랩마리수),강원특별자치도,0.0
202600209FT01060101322006,사과,기본조사,관찰포,2026,6,사과굴나방(트랩마리수),강원특별자치도,0.0
202600209FT01060101322006,사과,기본조사,관찰포,2026,6,은무늬굴나방(트랩마리수),강원특별자치도,0.0
202600209FT01060101322006,사과,기본조사,관찰포,2026,6,사과무늬잎말이나방(트랩마리수),강원특별자치도,0.0
202600209FT01060101322006,사과,기본조사,관찰포,2026,6,사과애모무늬잎말이나방(트랩마리수),강원특별자치도,0.0
202600209FT01060101322006,사과,기본조사,관찰포,2026,6,붉은별무늬병(피해잎율),강원특별자치도,0.0
202600209FT01060101322006,사과,기본조사,관찰포,2026,6,역병(피해과율),강원특별자치도,0.0
202600209FT01060101322006,사과,기본조사,관찰포,2026,6,갈색무늬병(피해잎율),충청북도,0.6
202600209FT01060101322006,사과,기본조사,관찰포,2026,6,점무늬낙엽병(피해잎율),충청북도,0.55
202600209FT01060101322006,사과,기본조사,관찰포,2026,6,겹무늬썩음병(피해과율),충청북도,0.0
202600209FT01060101322006,사과,기본조사,관찰포,2026,6,탄저병(피해과율),충청북도,0.0
202600209FT01060101322006,사과,기본조사,관찰포,2026,6,부란병(피해주율),충청북도,2.0
202600209FT01060101322006,사과,기본조사,관찰포,2026,6,응애류(밀도),충청북도,0.04
202600209FT01060101322006,사과,기본조사,관찰포,2026,6,복숭아심식나방(피해과율),충청북도,0.125
202600209FT01060101322006,사과,기본조사,관찰포,2026,6,복숭아순나방(피해신초율),충청북도,3.625
202600209FT01060101322006,사과,기본조사,관찰포,2026,6,조팝나무진딧물(밀도),충청북도,0.275
202600209FT01060101322006,사과,기본조사,관찰포,2026,6,노린재류(피해과율),충청북도,0.0
202600209FT01060101322006,사과,기본조사,관찰포,2026,6,노린재류(트랩마리수),충청북도,8.7
202600209FT01060101322006,사과,기본조사,관찰포,2026,6,복숭아순나방(트랩마리수),충청북도,1.7
202600209FT01060101322006,사과,기본조사,관찰포,2026,6,복숭아심식나방(트랩마리수),충청북도,0.95
202600209FT01060101322006,사과,기본조사,관찰포,2026,6,복숭아순나방붙이(트랩마리수),충청북도,0.2
202600209FT01060101322006,사과,기본조사,관찰포,2026,6,사과굴나방(트랩마리수),충청북도,1.5
202600209FT01060101322006,사과,기본조사,관찰포,2026,6,은무늬굴나방(트랩마리수),충청북도,1.75
202600209FT01060101322006,사과,기본조사,관찰포,2026,6,사과무늬잎말이나방(트랩마리수),충청북도,0.6
202600209FT01060101322006,사과,기본조사,관찰포,2026,6,사과애모무늬잎말이나방(트랩마리수),충청북도,0.35
202600209FT01060101322006,사과,기본조사,관찰포,2026,6,붉은별무늬병(피해잎율),충청북도,0.0
202600209FT01060101322006,사과,기본조사,관찰포,2026,6,역병(피해과율),충청북도,0.0
202600209FT01060101322006,사과,기본조사,관찰포,2026,6,갈색무늬병(피해잎율),충청남도,0.833
202600209FT01060101322006,사과,기본조사,관찰포,2026,6,점무늬낙엽병(피해잎율),충청남도,0.356
202600209FT01060101322006,사과,기본조사,관찰포,2026,6,겹무늬썩음병(피해과율),충청남도,0.0
202600209FT01060101322006,사과,기본조사,관찰포,2026,6,탄저병(피해과율),충청남도,0.467
202600209FT01060101322006,사과,기본조사,관찰포,2026,6,부란병(피해주율),충청남도,0.0
202600209FT01060101322006,사과,기본조사,관찰포,2026,6,응애류(밀도),충청남도,0.622
202600209FT01060101322006,사과,기본조사,관찰포,2026,6,복숭아심식나방(피해과율),충청남도,0.0
202600209FT01060101322006,사과,기본조사,관찰포,2026,6,복숭아순나방(피해신초율),충청남도,1.389
202600209FT01060101322006,사과,기본조사,관찰포,2026,6,조팝나무진딧물(밀도),충청남도,0.189
202600209FT01060101322006,사과,기본조사,관찰포,2026,6,노린재류(피해과율),충청남도,0.022
202600209FT01060101322006,사과,기본조사,관찰포,2026,6,노린재류(트랩마리수),충청남도,0.0
202600209FT01060101322006,사과,기본조사,관찰포,2026,6,복숭아순나방(트랩마리수),충청남도,0.111
202600209FT01060101322006,사과,기본조사,관찰포,2026,6,복숭아심식나방(트랩마리수),충청남도,0.0
202600209FT01060101322006,사과,기본조사,관찰포,2026,6,복숭아순나방붙이(트랩마리수),충청남도,0.0
202600209FT01060101322006,사과,기본조사,관찰포,2026,6,사과굴나방(트랩마리수),충청남도,0.0
202600209FT01060101322006,사과,기본조사,관찰포,2026,6,은무늬굴나방(트랩마리수),충청남도,0.0
202600209FT01060101322006,사과,기본조사,관찰포,2026,6,사과무늬잎말이나방(트랩마리수),충청남도,0.0
202600209FT01060101322006,사과,기본조사,관찰포,2026,6,사과애모무늬잎말이나방(트랩마리수),충청남도,0.0
202600209FT01060101322006,사과,기본조사,관찰포,2026,6,붉은별무늬병(피해잎율),충청남도,0.0
202600209FT01060101322006,사과,기본조사,관찰포,2026,6,역병(피해과율),충청남도,0.0
202600209FT01060101322006,사과,기본조사,관찰포,2026,6,갈색무늬병(피해잎율),전북특별자치도,0.38
202600209FT01060101322006,사과,기본조사,관찰포,2026,6,점무늬낙엽병(피해잎율),전북특별자치도,0.4
202600209FT01060101322006,사과,기본조사,관찰포,2026,6,겹무늬썩음병(피해과율),전북특별자치도,0.0
202600209FT01060101322006,사과,기본조사,관찰포,2026,6,탄저병(피해과율),전북특별자치도,0.0
202600209FT01060101322006,사과,기본조사,관찰포,2026,6,부란병(피해주율),전북특별자치도,2.0
202600209FT01060101322006,사과,기본조사,관찰포,2026,6,응애류(밀도),전북특별자치도,0.01
202600209FT01060101322006,사과,기본조사,관찰포,2026,6,복숭아심식나방(피해과율),전북특별자치도,0.0
202600209FT01060101322006,사과,기본조사,관찰포,2026,6,복숭아순나방(피해신초율),전북특별자치도,0.5
202600209FT01060101322006,사과,기본조사,관찰포,2026,6,조팝나무진딧물(밀도),전북특별자치도,0.0
202600209FT01060101322006,사과,기본조사,관찰포,2026,6,노린재류(피해과율),전북특별자치도,0.01
202600209FT01060101322006,사과,기본조사,관찰포,2026,6,노린재류(트랩마리수),전북특별자치도,30.9
202600209FT01060101322006,사과,기본조사,관찰포,2026,6,복숭아순나방(트랩마리수),전북특별자치도,28.5
202600209FT01060101322006,사과,기본조사,관찰포,2026,6,복숭아심식나방(트랩마리수),전북특별자치도,11.6
202600209FT01060101322006,사과,기본조사,관찰포,2026,6,복숭아순나방붙이(트랩마리수),전북특별자치도,17.4
202600209FT01060101322006,사과,기본조사,관찰포,2026,6,사과굴나방(트랩마리수),전북특별자치도,145.0
202600209FT01060101322006,사과,기본조사,관찰포,2026,6,은무늬굴나방(트랩마리수),전북특별자치도,0.0
202600209FT01060101322006,사과,기본조사,관찰포,2026,6,사과무늬잎말이나방(트랩마리수),전북특별자치도,0.0
202600209FT01060101322006,사과,기본조사,관찰포,2026,6,사과애모무늬잎말이나방(트랩마리수),전북특별자치도,0.1
202600209FT01060101322006,사과,기본조사,관찰포,2026,6,붉은별무늬병(피해잎율),전북특별자치도,0.0
202600209FT01060101322006,사과,기본조사,관찰포,2026,6,역병(피해과율),전북특별자치도,0.0
202600209FT01060101322006,사과,기본조사,관찰포,2026,6,갈색무늬병(피해잎율),전남광주통합특별시,5.967
202600209FT01060101322006,사과,기본조사,관찰포,2026,6,점무늬낙엽병(피해잎율),전남광주통합특별시,7.117
202600209FT01060101322006,사과,기본조사,관찰포,2026,6,겹무늬썩음병(피해과율),전남광주통합특별시,0.0
202600209FT01060101322006,사과,기본조사,관찰포,2026,6,탄저병(피해과율),전남광주통합특별시,0.017
202600209FT01060101322006,사과,기본조사,관찰포,2026,6,부란병(피해주율),전남광주통합특별시,0.0
202600209FT01060101322006,사과,기본조사,관찰포,2026,6,응애류(밀도),전남광주통합특별시,0.233
202600209FT01060101322006,사과,기본조사,관찰포,2026,6,복숭아심식나방(피해과율),전남광주통합특별시,0.0
202600209FT01060101322006,사과,기본조사,관찰포,2026,6,복숭아순나방(피해신초율),전남광주통합특별시,0.0
202600209FT01060101322006,사과,기본조사,관찰포,2026,6,조팝나무진딧물(밀도),전남광주통합특별시,0.317
202600209FT01060101322006,사과,기본조사,관찰포,2026,6,노린재류(피해과율),전남광주통합특별시,0.733
202600209FT01060101322006,사과,기본조사,관찰포,2026,6,노린재류(트랩마리수),전남광주통합특별시,0.0
202600209FT01060101322006,사과,기본조사,관찰포,2026,6,복숭아순나방(트랩마리수),전남광주통합특별시,0.0
202600209FT01060101322006,사과,기본조사,관찰포,2026,6,복숭아심식나방(트랩마리수),전남광주통합특별시,0.0
202600209FT01060101322006,사과,기본조사,관찰포,2026,6,복숭아순나방붙이(트랩마리수),전남광주통합특별시,0.0
202600209FT01060101322006,사과,기본조사,관찰포,2026,6,사과굴나방(트랩마리수),전남광주통합특별시,0.0
202600209FT01060101322006,사과,기본조사,관찰포,2026,6,은무늬굴나방(트랩마리수),전남광주통합특별시,0.0
202600209FT01060101322006,사과,기본조사,관찰포,2026,6,사과무늬잎말이나방(트랩마리수),전남광주통합특별시,0.0
202600209FT01060101322006,사과,기본조사,관찰포,2026,6,사과애모무늬잎말이나방(트랩마리수),전남광주통합특별시,0.0
202600209FT01060101322006,사과,기본조사,관찰포,2026,6,붉은별무늬병(피해잎율),전남광주통합특별시,0.0
202600209FT01060101322006,사과,기본조사,관찰포,2026,6,역병(피해과율),전남광주통합특별시,0.0
202600209FT01060101322006,사과,기본조사,관찰포,2026,6,갈색무늬병(피해잎율),경상북도,0.0
202600209FT01060101322006,사과,기본조사,관찰포,2026,6,점무늬낙엽병(피해잎율),경상북도,0.333
202600209FT01060101322006,사과,기본조사,관찰포,2026,6,겹무늬썩음병(피해과율),경상북도,0.0
202600209FT01060101322006,사과,기본조사,관찰포,2026,6,탄저병(피해과율),경상북도,0.0
202600209FT01060101322006,사과,기본조사,관찰포,2026,6,부란병(피해주율),경상북도,0.476
202600209FT01060101322006,사과,기본조사,관찰포,2026,6,응애류(밀도),경상북도,1.895
202600209FT01060101322006,사과,기본조사,관찰포,2026,6,복숭아심식나방(피해과율),경상북도,0.0
202600209FT01060101322006,사과,기본조사,관찰포,2026,6,복숭아순나방(피해신초율),경상북도,0.238
202600209FT01060101322006,사과,기본조사,관찰포,2026,6,조팝나무진딧물(밀도),경상북도,0.181
202600209FT01060101322006,사과,기본조사,관찰포,2026,6,노린재류(피해과율),경상북도,0.048
202600209FT01060101322006,사과,기본조사,관찰포,2026,6,노린재류(트랩마리수),경상북도,0.0
202600209FT01060101322006,사과,기본조사,관찰포,2026,6,복숭아순나방(트랩마리수),경상북도,6.143
202600209FT01060101322006,사과,기본조사,관찰포,2026,6,복숭아심식나방(트랩마리수),경상북도,11.619
202600209FT01060101322006,사과,기본조사,관찰포,2026,6,복숭아순나방붙이(트랩마리수),경상북도,0.0
202600209FT01060101322006,사과,기본조사,관찰포,2026,6,사과굴나방(트랩마리수),경상북도,122.762
202600209FT01060101322006,사과,기본조사,관찰포,2026,6,은무늬굴나방(트랩마리수),경상북도,4.048
202600209FT01060101322006,사과,기본조사,관찰포,2026,6,사과무늬잎말이나방(트랩마리수),경상북도,2.619
202600209FT01060101322006,사과,기본조사,관찰포,2026,6,사과애모무늬잎말이나방(트랩마리수),경상북도,1.381
202600209FT01060101322006,사과,기본조사,관찰포,2026,6,붉은별무늬병(피해잎율),경상북도,0.0
202600209FT01060101322006,사과,기본조사,관찰포,2026,6,역병(피해과율),경상북도,0.0
202600209FT01060101322006,사과,기본조사,관찰포,2026,6,갈색무늬병(피해잎율),경상남도,0.0
202600209FT01060101322006,사과,기본조사,관찰포,2026,6,점무늬낙엽병(피해잎율),경상남도,0.0
202600209FT01060101322006,사과,기본조사,관찰포,2026,6,겹무늬썩음병(피해과율),경상남도,0.0
202600209FT01060101322006,사과,기본조사,관찰포,2026,6,탄저병(피해과율),경상남도,0.0
202600209FT01060101322006,사과,기본조사,관찰포,2026,6,부란병(피해주율),경상남도,4.0
202600209FT01060101322006,사과,기본조사,관찰포,2026,6,응애류(밀도),경상남도,0.7
202600209FT01060101322006,사과,기본조사,관찰포,2026,6,복숭아심식나방(피해과율),경상남도,0.0
202600209FT01060101322006,사과,기본조사,관찰포,2026,6,복숭아순나방(피해신초율),경상남도,0.0
202600209FT01060101322006,사과,기본조사,관찰포,2026,6,조팝나무진딧물(밀도),경상남도,0.0
202600209FT01060101322006,사과,기본조사,관찰포,2026,6,노린재류(피해과율),경상남도,0.0
202600209FT01060101322006,사과,기본조사,관찰포,2026,6,노린재류(트랩마리수),경상남도,0.0
202600209FT01060101322006,사과,기본조사,관찰포,2026,6,복숭아순나방(트랩마리수),경상남도,0.0
202600209FT01060101322006,사과,기본조사,관찰포,2026,6,복숭아심식나방(트랩마리수),경상남도,0.0
202600209FT01060101322006,사과,기본조사,관찰포,2026,6,복숭아순나방붙이(트랩마리수),경상남도,0.0
202600209FT01060101322006,사과,기본조사,관찰포,2026,6,사과굴나방(트랩마리수),경상남도,0.0
202600209FT01060101322006,사과,기본조사,관찰포,2026,6,은무늬굴나방(트랩마리수),경상남도,0.0
202600209FT01060101322006,사과,기본조사,관찰포,2026,6,사과무늬잎말이나방(트랩마리수),경상남도,0.0
202600209FT01060101322006,사과,기본조사,관찰포,2026,6,사과애모무늬잎말이나방(트랩마리수),경상남도,0.0
202600209FT01060101322006,사과,기본조사,관찰포,2026,6,붉은별무늬병(피해잎율),경상남도,0.0
202600209FT01060101322006,사과,기본조사,관찰포,2026,6,역병(피해과율),경상남도,0.0
202600209FT01060201322007,배,기본조사,관찰포,2026,7,붉은별무늬병(피해잎율),울산광역시,0.0
202600209FT01060201322007,배,기본조사,관찰포,2026,7,검은별무늬병(피해잎율),울산광역시,0.5
202600209FT01060201322007,배,기본조사,관찰포,2026,7,잎검은점병(피해잎율),울산광역시,0.0
202600209FT01060201322007,배,기본조사,관찰포,2026,7,겹무늬병(피해과율),울산광역시,0.0
202600209FT01060201322007,배,기본조사,관찰포,2026,7,복숭아순나방(피해신초율),울산광역시,0.0
202600209FT01060201322007,배,기본조사,관찰포,2026,7,응애류(밀도),울산광역시,0.02
202600209FT01060201322007,배,기본조사,관찰포,2026,7,주경배나무이(밀도),울산광역시,0.08
202600209FT01060201322007,배,기본조사,관찰포,2026,7,깍지벌레류(밀도),울산광역시,0.1
202600209FT01060201322007,배,기본조사,관찰포,2026,7,복숭아순나방(트랩마리수),울산광역시,0.0
202600209FT01060201322007,배,기본조사,관찰포,2026,7,복숭아심식나방(트랩마리수),울산광역시,0.0
202600209FT01060201322007,배,기본조사,관찰포,2026,7,사과무늬잎말이나방(트랩마리수),울산광역시,0.0
202600209FT01060201322007,배,기본조사,관찰포,2026,7,사과애모무늬잎말이나방(트랩마리수),울산광역시,0.0
202600209FT01060201322007,배,기본조사,관찰포,2026,7,붉은별무늬병(피해잎율),세종특별자치시,0.0
202600209FT01060201322007,배,기본조사,관찰포,2026,7,검은별무늬병(피해잎율),세종특별자치시,0.08
202600209FT01060201322007,배,기본조사,관찰포,2026,7,잎검은점병(피해잎율),세종특별자치시,0.0
202600209FT01060201322007,배,기본조사,관찰포,2026,7,겹무늬병(피해과율),세종특별자치시,0.0
202600209FT01060201322007,배,기본조사,관찰포,2026,7,복숭아순나방(피해신초율),세종특별자치시,0.0
202600209FT01060201322007,배,기본조사,관찰포,2026,7,응애류(밀도),세종특별자치시,0.0
202600209FT01060201322007,배,기본조사,관찰포,2026,7,주경배나무이(밀도),세종특별자치시,0.0
202600209FT01060201322007,배,기본조사,관찰포,2026,7,깍지벌레류(밀도),세종특별자치시,0.0
202600209FT01060201322007,배,기본조사,관찰포,2026,7,복숭아순나방(트랩마리수),세종특별자치시,0.6
202600209FT01060201322007,배,기본조사,관찰포,2026,7,복숭아심식나방(트랩마리수),세종특별자치시,0.6
202600209FT01060201322007,배,기본조사,관찰포,2026,7,사과무늬잎말이나방(트랩마리수),세종특별자치시,0.0
202600209FT01060201322007,배,기본조사,관찰포,2026,7,사과애모무늬잎말이나방(트랩마리수),세종특별자치시,0.0
202600209FT01060201322007,배,기본조사,관찰포,2026,7,붉은별무늬병(피해잎율),경기도,0.133
202600209FT01060201322007,배,기본조사,관찰포,2026,7,검은별무늬병(피해잎율),경기도,0.0
202600209FT01060201322007,배,기본조사,관찰포,2026,7,잎검은점병(피해잎율),경기도,0.0
202600209FT01060201322007,배,기본조사,관찰포,2026,7,겹무늬병(피해과율),경기도,0.0
202600209FT01060201322007,배,기본조사,관찰포,2026,7,복숭아순나방(피해신초율),경기도,0.333
202600209FT01060201322007,배,기본조사,관찰포,2026,7,응애류(밀도),경기도,0.093
202600209FT01060201322007,배,기본조사,관찰포,2026,7,주경배나무이(밀도),경기도,0.007
202600209FT01060201322007,배,기본조사,관찰포,2026,7,깍지벌레류(밀도),경기도,0.0
202600209FT01060201322007,배,기본조사,관찰포,2026,7,복숭아순나방(트랩마리수),경기도,0.533
202600209FT01060201322007,배,기본조사,관찰포,2026,7,복숭아심식나방(트랩마리수),경기도,5.4
202600209FT01060201322007,배,기본조사,관찰포,2026,7,사과무늬잎말이나방(트랩마리수),경기도,0.0
202600209FT01060201322007,배,기본조사,관찰포,2026,7,사과애모무늬잎말이나방(트랩마리수),경기도,0.0
202600209FT01060201322007,배,기본조사,관찰포,2026,7,붉은별무늬병(피해잎율),강원특별자치도,0.0
202600209FT01060201322007,배,기본조사,관찰포,2026,7,검은별무늬병(피해잎율),강원특별자치도,0.0
202600209FT01060201322007,배,기본조사,관찰포,2026,7,잎검은점병(피해잎율),강원특별자치도,0.0
202600209FT01060201322007,배,기본조사,관찰포,2026,7,겹무늬병(피해과율),강원특별자치도,0.0
202600209FT01060201322007,배,기본조사,관찰포,2026,7,복숭아순나방(피해신초율),강원특별자치도,0.0
202600209FT01060201322007,배,기본조사,관찰포,2026,7,응애류(밀도),강원특별자치도,0.0
202600209FT01060201322007,배,기본조사,관찰포,2026,7,주경배나무이(밀도),강원특별자치도,0.0
202600209FT01060201322007,배,기본조사,관찰포,2026,7,깍지벌레류(밀도),강원특별자치도,0.0
202600209FT01060201322007,배,기본조사,관찰포,2026,7,복숭아순나방(트랩마리수),강원특별자치도,8.0
202600209FT01060201322007,배,기본조사,관찰포,2026,7,복숭아심식나방(트랩마리수),강원특별자치도,4.0
202600209FT01060201322007,배,기본조사,관찰포,2026,7,사과무늬잎말이나방(트랩마리수),강원특별자치도,0.0
202600209FT01060201322007,배,기본조사,관찰포,2026,7,사과애모무늬잎말이나방(트랩마리수),강원특별자치도,0.0
202600209FT01060201322007,배,기본조사,관찰포,2026,7,붉은별무늬병(피해잎율),충청북도,0.0
202600209FT01060201322007,배,기본조사,관찰포,2026,7,검은별무늬병(피해잎율),충청북도,0.0
202600209FT01060201322007,배,기본조사,관찰포,2026,7,잎검은점병(피해잎율),충청북도,0.0
202600209FT01060201322007,배,기본조사,관찰포,2026,7,겹무늬병(피해과율),충청북도,0.0
202600209FT01060201322007,배,기본조사,관찰포,2026,7,복숭아순나방(피해신초율),충청북도,0.0
202600209FT01060201322007,배,기본조사,관찰포,2026,7,응애류(밀도),충청북도,0.0
202600209FT01060201322007,배,기본조사,관찰포,2026,7,주경배나무이(밀도),충청북도,0.0
202600209FT01060201322007,배,기본조사,관찰포,2026,7,깍지벌레류(밀도),충청북도,0.0
202600209FT01060201322007,배,기본조사,관찰포,2026,7,복숭아순나방(트랩마리수),충청북도,0.0
202600209FT01060201322007,배,기본조사,관찰포,2026,7,복숭아심식나방(트랩마리수),충청북도,0.0
202600209FT01060201322007,배,기본조사,관찰포,2026,7,사과무늬잎말이나방(트랩마리수),충청북도,0.0
202600209FT01060201322007,배,기본조사,관찰포,2026,7,사과애모무늬잎말이나방(트랩마리수),충청북도,0.0
202600209FT01060201322007,배,기본조사,관찰포,2026,7,붉은별무늬병(피해잎율),충청남도,0.0
202600209FT01060201322007,배,기본조사,관찰포,2026,7,검은별무늬병(피해잎율),충청남도,0.0
202600209FT01060201322007,배,기본조사,관찰포,2026,7,잎검은점병(피해잎율),충청남도,0.0
202600209FT01060201322007,배,기본조사,관찰포,2026,7,겹무늬병(피해과율),충청남도,0.0
202600209FT01060201322007,배,기본조사,관찰포,2026,7,복숭아순나방(피해신초율),충청남도,0.0
202600209FT01060201322007,배,기본조사,관찰포,2026,7,응애류(밀도),충청남도,0.08
202600209FT01060201322007,배,기본조사,관찰포,2026,7,주경배나무이(밀도),충청남도,0.02
202600209FT01060201322007,배,기본조사,관찰포,2026,7,깍지벌레류(밀도),충청남도,0.0
202600209FT01060201322007,배,기본조사,관찰포,2026,7,복숭아순나방(트랩마리수),충청남도,0.0
202600209FT01060201322007,배,기본조사,관찰포,2026,7,복숭아심식나방(트랩마리수),충청남도,0.0
202600209FT01060201322007,배,기본조사,관찰포,2026,7,사과무늬잎말이나방(트랩마리수),충청남도,0.0
202600209FT01060201322007,배,기본조사,관찰포,2026,7,사과애모무늬잎말이나방(트랩마리수),충청남도,0.0
202600209FT01060201322007,배,기본조사,관찰포,2026,7,붉은별무늬병(피해잎율),전북특별자치도,0.0
202600209FT01060201322007,배,기본조사,관찰포,2026,7,검은별무늬병(피해잎율),전북특별자치도,25.4
202600209FT01060201322007,배,기본조사,관찰포,2026,7,잎검은점병(피해잎율),전북특별자치도,0.0
202600209FT01060201322007,배,기본조사,관찰포,2026,7,겹무늬병(피해과율),전북특별자치도,0.0
202600209FT01060201322007,배,기본조사,관찰포,2026,7,복숭아순나방(피해신초율),전북특별자치도,0.0
202600209FT01060201322007,배,기본조사,관찰포,2026,7,응애류(밀도),전북특별자치도,0.08
202600209FT01060201322007,배,기본조사,관찰포,2026,7,주경배나무이(밀도),전북특별자치도,0.0
202600209FT01060201322007,배,기본조사,관찰포,2026,7,깍지벌레류(밀도),전북특별자치도,0.0
202600209FT01060201322007,배,기본조사,관찰포,2026,7,복숭아순나방(트랩마리수),전북특별자치도,0.0
202600209FT01060201322007,배,기본조사,관찰포,2026,7,복숭아심식나방(트랩마리수),전북특별자치도,0.0
202600209FT01060201322007,배,기본조사,관찰포,2026,7,사과무늬잎말이나방(트랩마리수),전북특별자치도,0.0
202600209FT01060201322007,배,기본조사,관찰포,2026,7,사과애모무늬잎말이나방(트랩마리수),전북특별자치도,0.0
202600209FT01060201322007,배,기본조사,관찰포,2026,7,붉은별무늬병(피해잎율),전남광주통합특별시,0.6
202600209FT01060201322007,배,기본조사,관찰포,2026,7,검은별무늬병(피해잎율),전남광주통합특별시,0.2
202600209FT01060201322007,배,기본조사,관찰포,2026,7,잎검은점병(피해잎율),전남광주통합특별시,0.36
202600209FT01060201322007,배,기본조사,관찰포,2026,7,겹무늬병(피해과율),전남광주통합특별시,0.0
202600209FT01060201322007,배,기본조사,관찰포,2026,7,복숭아순나방(피해신초율),전남광주통합특별시,0.5
202600209FT01060201322007,배,기본조사,관찰포,2026,7,응애류(밀도),전남광주통합특별시,0.5
202600209FT01060201322007,배,기본조사,관찰포,2026,7,주경배나무이(밀도),전남광주통합특별시,0.0
202600209FT01060201322007,배,기본조사,관찰포,2026,7,깍지벌레류(밀도),전남광주통합특별시,1.34
202600209FT01060201322007,배,기본조사,관찰포,2026,7,복숭아순나방(트랩마리수),전남광주통합특별시,0.0
202600209FT01060201322007,배,기본조사,관찰포,2026,7,복숭아심식나방(트랩마리수),전남광주통합특별시,0.0
202600209FT01060201322007,배,기본조사,관찰포,2026,7,사과무늬잎말이나방(트랩마리수),전남광주통합특별시,0.0
202600209FT01060201322007,배,기본조사,관찰포,2026,7,사과애모무늬잎말이나방(트랩마리수),전남광주통합특별시,0.0
202600209FT01060201322007,배,기본조사,관찰포,2026,7,붉은별무늬병(피해잎율),경상북도,0.0
202600209FT01060201322007,배,기본조사,관찰포,2026,7,검은별무늬병(피해잎율),경상북도,0.0
202600209FT01060201322007,배,기본조사,관찰포,2026,7,잎검은점병(피해잎율),경상북도,0.0
202600209FT01060201322007,배,기본조사,관찰포,2026,7,겹무늬병(피해과율),경상북도,0.0
202600209FT01060201322007,배,기본조사,관찰포,2026,7,복숭아순나방(피해신초율),경상북도,1.0
202600209FT01060201322007,배,기본조사,관찰포,2026,7,응애류(밀도),경상북도,0.03
202600209FT01060201322007,배,기본조사,관찰포,2026,7,주경배나무이(밀도),경상북도,0.0
202600209FT01060201322007,배,기본조사,관찰포,2026,7,깍지벌레류(밀도),경상북도,0.12
202600209FT01060201322007,배,기본조사,관찰포,2026,7,복숭아순나방(트랩마리수),경상북도,5.6
202600209FT01060201322007,배,기본조사,관찰포,2026,7,복숭아심식나방(트랩마리수),경상북도,8.5
202600209FT01060201322007,배,기본조사,관찰포,2026,7,사과무늬잎말이나방(트랩마리수),경상북도,0.0
202600209FT01060201322007,배,기본조사,관찰포,2026,7,사과애모무늬잎말이나방(트랩마리수),경상북도,0.3
202600209FT01060201322007,배,기본조사,관찰포,2026,7,붉은별무늬병(피해잎율),경상남도,2.333
202600209FT01060201322007,배,기본조사,관찰포,2026,7,검은별무늬병(피해잎율),경상남도,2.48
202600209FT01060201322007,배,기본조사,관찰포,2026,7,잎검은점병(피해잎율),경상남도,1.0
202600209FT01060201322007,배,기본조사,관찰포,2026,7,겹무늬병(피해과율),경상남도,4.667
202600209FT01060201322007,배,기본조사,관찰포,2026,7,복숭아순나방(피해신초율),경상남도,0.833
202600209FT01060201322007,배,기본조사,관찰포,2026,7,응애류(밀도),경상남도,0.007
202600209FT01060201322007,배,기본조사,관찰포,2026,7,주경배나무이(밀도),경상남도,0.0
202600209FT01060201322007,배,기본조사,관찰포,2026,7,깍지벌레류(밀도),경상남도,0.0
202600209FT01060201322007,배,기본조사,관찰포,2026,7,복숭아순나방(트랩마리수),경상남도,0.067
202600209FT01060201322007,배,기본조사,관찰포,2026,7,복숭아심식나방(트랩마리수),경상남도,0.0
202600209FT01060201322007,배,기본조사,관찰포,2026,7,사과무늬잎말이나방(트랩마리수),경상남도,0.0
202600209FT01060201322007,배,기본조사,관찰포,2026,7,사과애모무늬잎말이나방(트랩마리수),경상남도,0.0
202600209FT02060401322007,복숭아,기본조사,관찰포,2026,7,세균구멍병(피해잎율),세종특별자치시,2.0
202600209FT02060401322007,복숭아,기본조사,관찰포,2026,7,탄저병(피해과율),세종특별자치시,0.1
202600209FT02060401322007,복숭아,기본조사,관찰포,2026,7,잎오갈병(피해잎율),세종특별자치시,0.0
202600209FT02060401322007,복숭아,기본조사,관찰포,2026,7,복숭아심식나방(피해과율),세종특별자치시,0.0
202600209FT02060401322007,복숭아,기본조사,관찰포,2026,7,복숭아순나방(피해신초율),세종특별자치시,0.8
202600209FT02060401322007,복숭아,기본조사,관찰포,2026,7,세균구멍병(피해잎율),경기도,0.7
202600209FT02060401322007,복숭아,기본조사,관찰포,2026,7,탄저병(피해과율),경기도,0.11
202600209FT02060401322007,복숭아,기본조사,관찰포,2026,7,잎오갈병(피해잎율),경기도,0.0
202600209FT02060401322007,복숭아,기본조사,관찰포,2026,7,복숭아심식나방(피해과율),경기도,0.0
202600209FT02060401322007,복숭아,기본조사,관찰포,2026,7,복숭아순나방(피해신초율),경기도,0.9
202600209FT02060401322007,복숭아,기본조사,관찰포,2026,7,세균구멍병(피해잎율),강원특별자치도,8.38
202600209FT02060401322007,복숭아,기본조사,관찰포,2026,7,탄저병(피해과율),강원특별자치도,0.0
202600209FT02060401322007,복숭아,기본조사,관찰포,2026,7,잎오갈병(피해잎율),강원특별자치도,0.0
202600209FT02060401322007,복숭아,기본조사,관찰포,2026,7,복숭아심식나방(피해과율),강원특별자치도,0.08
202600209FT02060401322007,복숭아,기본조사,관찰포,2026,7,복숭아순나방(피해신초율),강원특별자치도,2.4
202600209FT02060401322007,복숭아,기본조사,관찰포,2026,7,세균구멍병(피해잎율),충청북도,8.8
202600209FT02060401322007,복숭아,기본조사,관찰포,2026,7,탄저병(피해과율),충청북도,0.16
202600209FT02060401322007,복숭아,기본조사,관찰포,2026,7,잎오갈병(피해잎율),충청북도,0.6
202600209FT02060401322007,복숭아,기본조사,관찰포,2026,7,복숭아심식나방(피해과율),충청북도,0.11
202600209FT02060401322007,복숭아,기본조사,관찰포,2026,7,복숭아순나방(피해신초율),충청북도,1.9
202600209FT02060401322007,복숭아,기본조사,관찰포,2026,7,세균구멍병(피해잎율),충청남도,19.8
202600209FT02060401322007,복숭아,기본조사,관찰포,2026,7,탄저병(피해과율),충청남도,0.0
202600209FT02060401322007,복숭아,기본조사,관찰포,2026,7,잎오갈병(피해잎율),충청남도,0.0
202600209FT02060401322007,복숭아,기본조사,관찰포,2026,7,복숭아심식나방(피해과율),충청남도,0.02
202600209FT02060401322007,복숭아,기본조사,관찰포,2026,7,복숭아순나방(피해신초율),충청남도,9.6
202600209FT02060401322007,복숭아,기본조사,관찰포,2026,7,세균구멍병(피해잎율),전북특별자치도,5.667
202600209FT02060401322007,복숭아,기본조사,관찰포,2026,7,탄저병(피해과율),전북특별자치도,0.0
202600209FT02060401322007,복숭아,기본조사,관찰포,2026,7,잎오갈병(피해잎율),전북특별자치도,0.0
202600209FT02060401322007,복숭아,기본조사,관찰포,2026,7,복숭아심식나방(피해과율),전북특별자치도,0.42
202600209FT02060401322007,복숭아,기본조사,관찰포,2026,7,복숭아순나방(피해신초율),전북특별자치도,5.867
202600209FT02060401322007,복숭아,기본조사,관찰포,2026,7,세균구멍병(피해잎율),전남광주통합특별시,1.31
202600209FT02060401322007,복숭아,기본조사,관찰포,2026,7,탄저병(피해과율),전남광주통합특별시,1.23
202600209FT02060401322007,복숭아,기본조사,관찰포,2026,7,잎오갈병(피해잎율),전남광주통합특별시,0.0
202600209FT02060401322007,복숭아,기본조사,관찰포,2026,7,복숭아심식나방(피해과율),전남광주통합특별시,0.01
202600209FT02060401322007,복숭아,기본조사,관찰포,2026,7,복숭아순나방(피해신초율),전남광주통합특별시,3.6
202600209FT02060401322007,복숭아,기본조사,관찰포,2026,7,세균구멍병(피해잎율),경상북도,1.148
202600209FT02060401322007,복숭아,기본조사,관찰포,2026,7,탄저병(피해과율),경상북도,0.092
202600209FT02060401322007,복숭아,기본조사,관찰포,2026,7,잎오갈병(피해잎율),경상북도,0.0
202600209FT02060401322007,복숭아,기본조사,관찰포,2026,7,복숭아심식나방(피해과율),경상북도,0.176
202600209FT02060401322007,복숭아,기본조사,관찰포,2026,7,복숭아순나방(피해신초율),경상북도,1.52
202600209FT02060401322007,복숭아,기본조사,관찰포,2026,7,세균구멍병(피해잎율),경상남도,2.1
202600209FT02060401322007,복숭아,기본조사,관찰포,2026,7,탄저병(피해과율),경상남도,0.0
202600209FT02060401322007,복숭아,기본조사,관찰포,2026,7,잎오갈병(피해잎율),경상남도,0.0
202600209FT02060401322007,복숭아,기본조사,관찰포,2026,7,복숭아심식나방(피해과율),경상남도,0.0
202600209FT02060401322007,복숭아,기본조사,관찰포,2026,7,복숭아순나방(피해신초율),경상남도,1.0
202600209FT04060301306008,포도,기본조사,관찰포,2026,8,갈색무늬병(피해잎율),대전광역시,0.0
202600209FT04060301306008,포도,기본조사,관찰포,2026,8,노균병(피해잎율),대전광역시,0.0
202600209FT04060301306008,포도,기본조사,관찰포,2026,8,꽃매미(밀도),대전광역시,0.0
202600209FT04060301306008,포도,기본조사,관찰포,2026,8,갈색무늬병(피해잎율),경기도,1.933
202600209FT04060301306008,포도,기본조사,관찰포,2026,8,노균병(피해잎율),경기도,0.0
202600209FT04060301306008,포도,기본조사,관찰포,2026,8,꽃매미(밀도),경기도,0.0
202600209FT04060301306008,포도,기본조사,관찰포,2026,8,갈색무늬병(피해잎율),충청북도,7.0
202600209FT04060301306008,포도,기본조사,관찰포,2026,8,노균병(피해잎율),충청북도,0.0
202600209FT04060301306008,포도,기본조사,관찰포,2026,8,꽃매미(밀도),충청북도,0.0
202600209FT04060301306008,포도,기본조사,관찰포,2026,8,갈색무늬병(피해잎율),충청남도,1.54
202600209FT04060301306008,포도,기본조사,관찰포,2026,8,노균병(피해잎율),충청남도,0.0
202600209FT04060301306008,포도,기본조사,관찰포,2026,8,꽃매미(밀도),충청남도,0.3
202600209FT04060301306008,포도,기본조사,관찰포,2026,8,갈색무늬병(피해잎율),전북특별자치도,0.29
202600209FT04060301306008,포도,기본조사,관찰포,2026,8,노균병(피해잎율),전북특별자치도,0.0
202600209FT04060301306008,포도,기본조사,관찰포,2026,8,꽃매미(밀도),전북특별자치도,0.04
202600209FT04060301306008,포도,기본조사,관찰포,2026,8,갈색무늬병(피해잎율),전남광주통합특별시,0.0
202600209FT04060301306008,포도,기본조사,관찰포,2026,8,노균병(피해잎율),전남광주통합특별시,0.0
202600209FT04060301306008,포도,기본조사,관찰포,2026,8,꽃매미(밀도),전남광주통합특별시,0.7
202600209FT04060301306008,포도,기본조사,관찰포,2026,8,갈색무늬병(피해잎율),경상북도,4.0
202600209FT04060301306008,포도,기본조사,관찰포,2026,8,노균병(피해잎율),경상북도,3.8
202600209FT04060301306008,포도,기본조사,관찰포,2026,8,꽃매미(밀도),경상북도,0.75
202600209FT04060301306008,포도,기본조사,관찰포,2026,8,갈색무늬병(피해잎율),경상남도,0.0
202600209FT04060301306008,포도,기본조사,관찰포,2026,8,노균병(피해잎율),경상남도,0.0
202600209FT04060301306008,포도,기본조사,관찰포,2026,8,꽃매미(밀도),경상남도,0.0
202600209FT06060501322007,감,기본조사,관찰포,2026,7,탄저병(피해과율),울산광역시,0.0
202600209FT06060501322007,감,기본조사,관찰포,2026,7,둥근무늬낙엽병(피해잎율),울산광역시,0.0
202600209FT06060501322007,감,기본조사,관찰포,2026,7,흰가루병(피해잎율),울산광역시,0.0
202600209FT06060501322007,감,기본조사,관찰포,2026,7,깍지벌레류(밀도),울산광역시,0.1
202600209FT06060501322007,감,기본조사,관찰포,2026,7,감꼭지나방(피해과율),울산광역시,0.0
202600209FT06060501322007,감,기본조사,관찰포,2026,7,노린재류(피해과율),울산광역시,0.14
202600209FT06060501322007,감,기본조사,관찰포,2026,7,모무늬낙엽병(피해잎율),울산광역시,0.0
202600209FT06060501322007,감,기본조사,관찰포,2026,7,매점병(피해과율),울산광역시,0.0
202600209FT06060501322007,감,기본조사,관찰포,2026,7,탄저병(피해과율),전남광주통합특별시,0.0
202600209FT06060501322007,감,기본조사,관찰포,2026,7,둥근무늬낙엽병(피해잎율),전남광주통합특별시,0.1
202600209FT06060501322007,감,기본조사,관찰포,2026,7,흰가루병(피해잎율),전남광주통합특별시,1.41
202600209FT06060501322007,감,기본조사,관찰포,2026,7,깍지벌레류(밀도),전남광주통합특별시,0.56
202600209FT06060501322007,감,기본조사,관찰포,2026,7,감꼭지나방(피해과율),전남광주통합특별시,0.058
202600209FT06060501322007,감,기본조사,관찰포,2026,7,노린재류(피해과율),전남광주통합특별시,0.188
202600209FT06060501322007,감,기본조사,관찰포,2026,7,모무늬낙엽병(피해잎율),전남광주통합특별시,0.0
202600209FT06060501322007,감,기본조사,관찰포,2026,7,매점병(피해과율),전남광주통합특별시,0.4
202600209FT06060501322007,감,기본조사,관찰포,2026,7,탄저병(피해과율),경상북도,0.6
202600209FT06060501322007,감,기본조사,관찰포,2026,7,둥근무늬낙엽병(피해잎율),경상북도,0.0
202600209FT06060501322007,감,기본조사,관찰포,2026,7,흰가루병(피해잎율),경상북도,0.0
202600209FT06060501322007,감,기본조사,관찰포,2026,7,깍지벌레류(밀도),경상북도,0.11
202600209FT06060501322007,감,기본조사,관찰포,2026,7,감꼭지나방(피해과율),경상북도,0.05
202600209FT06060501322007,감,기본조사,관찰포,2026,7,노린재류(피해과율),경상북도,0.2
202600209FT06060501322007,감,기본조사,관찰포,2026,7,모무늬낙엽병(피해잎율),경상북도,0.0
202600209FT06060501322007,감,기본조사,관찰포,2026,7,매점병(피해과율),경상북도,0.08
202600209FT06060501322007,감,기본조사,관찰포,2026,7,탄저병(피해과율),경상남도,0.171
202600209FT06060501322007,감,기본조사,관찰포,2026,7,둥근무늬낙엽병(피해잎율),경상남도,0.0
202600209FT06060501322007,감,기본조사,관찰포,2026,7,흰가루병(피해잎율),경상남도,0.0
202600209FT06060501322007,감,기본조사,관찰포,2026,7,깍지벌레류(밀도),경상남도,0.589
202600209FT06060501322007,감,기본조사,관찰포,2026,7,감꼭지나방(피해과율),경상남도,0.049
202600209FT06060501322007,감,기본조사,관찰포,2026,7,노린재류(피해과율),경상남도,0.106
202600209FT06060501322007,감,기본조사,관찰포,2026,7,모무늬낙엽병(피해잎율),경상남도,0.0
202600209FT06060501322007,감,기본조사,관찰포,2026,7,매점병(피해과율),경상남도,0.0
202600209FT06061401322007,감귤,기본조사,관찰포,2026,7,더뎅이병(피해주율),제주특별자치도,0.381
202600209FT06061401322007,감귤,기본조사,관찰포,2026,7,궤양병(피해주율),제주특별자치도,0.762
202600209FT06061401322007,감귤,기본조사,관찰포,2026,7,검은점무늬병(피해과율),제주특별자치도,0.0
202600209FT06061401322007,감귤,기본조사,관찰포,2026,7,역병(피해과율),제주특별자치도,0.0
202600209FT06061401322007,감귤,기본조사,관찰포,2026,7,볼록총채벌레(밀도),제주특별자치도,0.005
202600209FT06061401322007,감귤,기본조사,관찰포,2026,7,귤응애(밀도),제주특별자치도,0.195
202600209FT06061401322007,감귤,기본조사,관찰포,2026,7,볼록총채벌레(트랩마리수),제주특별자치도,27.952
202600209FT06061401322007,감귤,기본조사,관찰포,2026,7,깍지벌레(트랩마리수),제주특별자치도,0.0
202600209FT06061401322007,감귤,기본조사,관찰포,2026,7,귤굴나방(밀도),제주특별자치도,0.0
202600209FT06061401322007,감귤,기본조사,관찰포,2026,7,진딧물류(밀도),제주특별자치도,0.081
202600209VC01120501320005,고추,노지고추,관찰포,2026,5,노지고추 - 역병(피해주율),대구광역시,0.0
202600209VC01120501320005,고추,노지고추,관찰포,2026,5,노지고추 - 탄저병(피해과율),대구광역시,0.0
202600209VC01120501320005,고추,노지고추,관찰포,2026,5,노지고추 - 풋마름병(피해주율),대구광역시,0.0
202600209VC01120501320005,고추,노지고추,관찰포,2026,5,노지고추 - 세균점무늬병(피해주율),대구광역시,0.0
202600209VC01120501320005,고추,노지고추,관찰포,2026,5,노지고추 - 무름병(피해과율),대구광역시,0.0
202600209VC01120501320005,고추,노지고추,관찰포,2026,5,노지고추 - 담배나방(피해과율),대구광역시,0.0
202600209VC01120501320005,고추,노지고추,관찰포,2026,5,노지고추 - 진딧물류(밀도),대구광역시,0.0
202600209VC01120501320005,고추,노지고추,관찰포,2026,5,노지고추 - 총채벌레류(밀도),대구광역시,0.0
202600209VC01120501320005,고추,노지고추,관찰포,2026,5,노지고추 - 역병(피해주율),경기도,0.0
202600209VC01120501320005,고추,노지고추,관찰포,2026,5,노지고추 - 탄저병(피해과율),경기도,0.556
202600209VC01120501320005,고추,노지고추,관찰포,2026,5,노지고추 - 풋마름병(피해주율),경기도,1.8
202600209VC01120501320005,고추,노지고추,관찰포,2026,5,노지고추 - 세균점무늬병(피해주율),경기도,0.0
202600209VC01120501320005,고추,노지고추,관찰포,2026,5,노지고추 - 무름병(피해과율),경기도,0.0
202600209VC01120501320005,고추,노지고추,관찰포,2026,5,노지고추 - 담배나방(피해과율),경기도,0.076
202600209VC01120501320005,고추,노지고추,관찰포,2026,5,노지고추 - 진딧물류(밀도),경기도,0.08
202600209VC01120501320005,고추,노지고추,관찰포,2026,5,노지고추 - 총채벌레류(밀도),경기도,7.016
202600209VC01120501320005,고추,노지고추,관찰포,2026,5,노지고추 - 역병(피해주율),강원특별자치도,0.0
202600209VC01120501320005,고추,노지고추,관찰포,2026,5,노지고추 - 탄저병(피해과율),강원특별자치도,1.057
202600209VC01120501320005,고추,노지고추,관찰포,2026,5,노지고추 - 풋마름병(피해주율),강원특별자치도,0.143
202600209VC01120501320005,고추,노지고추,관찰포,2026,5,노지고추 - 세균점무늬병(피해주율),강원특별자치도,1.143
202600209VC01120501320005,고추,노지고추,관찰포,2026,5,노지고추 - 무름병(피해과율),강원특별자치도,5.371
202600209VC01120501320005,고추,노지고추,관찰포,2026,5,노지고추 - 담배나방(피해과율),강원특별자치도,7.034
202600209VC01120501320005,고추,노지고추,관찰포,2026,5,노지고추 - 진딧물류(밀도),강원특별자치도,0.154
202600209VC01120501320005,고추,노지고추,관찰포,2026,5,노지고추 - 총채벌레류(밀도),강원특별자치도,0.617
202600209VC01120501320005,고추,노지고추,관찰포,2026,5,노지고추 - 역병(피해주율),충청북도,0.182
202600209VC01120501320005,고추,노지고추,관찰포,2026,5,노지고추 - 탄저병(피해과율),충청북도,4.891
202600209VC01120501320005,고추,노지고추,관찰포,2026,5,노지고추 - 풋마름병(피해주율),충청북도,0.636
202600209VC01120501320005,고추,노지고추,관찰포,2026,5,노지고추 - 세균점무늬병(피해주율),충청북도,0.0
202600209VC01120501320005,고추,노지고추,관찰포,2026,5,노지고추 - 무름병(피해과율),충청북도,0.531
202600209VC01120501320005,고추,노지고추,관찰포,2026,5,노지고추 - 담배나방(피해과율),충청북도,5.636
202600209VC01120501320005,고추,노지고추,관찰포,2026,5,노지고추 - 진딧물류(밀도),충청북도,0.016
202600209VC01120501320005,고추,노지고추,관찰포,2026,5,노지고추 - 총채벌레류(밀도),충청북도,1.027
202600209VC01120501320005,고추,노지고추,관찰포,2026,5,노지고추 - 역병(피해주율),충청남도,0.444
202600209VC01120501320005,고추,노지고추,관찰포,2026,5,노지고추 - 탄저병(피해과율),충청남도,7.273
202600209VC01120501320005,고추,노지고추,관찰포,2026,5,노지고추 - 풋마름병(피해주율),충청남도,0.667
202600209VC01120501320005,고추,노지고추,관찰포,2026,5,노지고추 - 세균점무늬병(피해주율),충청남도,1.0
202600209VC01120501320005,고추,노지고추,관찰포,2026,5,노지고추 - 무름병(피해과율),충청남도,0.449
202600209VC01120501320005,고추,노지고추,관찰포,2026,5,노지고추 - 담배나방(피해과율),충청남도,7.769
202600209VC01120501320005,고추,노지고추,관찰포,2026,5,노지고추 - 진딧물류(밀도),충청남도,1.398
202600209VC01120501320005,고추,노지고추,관찰포,2026,5,노지고추 - 총채벌레류(밀도),충청남도,3.829
202600209VC01120501320005,고추,노지고추,관찰포,2026,5,노지고추 - 역병(피해주율),전북특별자치도,4.167
202600209VC01120501320005,고추,노지고추,관찰포,2026,5,노지고추 - 탄저병(피해과율),전북특별자치도,1.547
202600209VC01120501320005,고추,노지고추,관찰포,2026,5,노지고추 - 풋마름병(피해주율),전북특별자치도,0.0
202600209VC01120501320005,고추,노지고추,관찰포,2026,5,노지고추 - 세균점무늬병(피해주율),전북특별자치도,0.167
202600209VC01120501320005,고추,노지고추,관찰포,2026,5,노지고추 - 무름병(피해과율),전북특별자치도,0.0
202600209VC01120501320005,고추,노지고추,관찰포,2026,5,노지고추 - 담배나방(피해과율),전북특별자치도,2.69
202600209VC01120501320005,고추,노지고추,관찰포,2026,5,노지고추 - 진딧물류(밀도),전북특별자치도,0.267
202600209VC01120501320005,고추,노지고추,관찰포,2026,5,노지고추 - 총채벌레류(밀도),전북특별자치도,0.27
202600209VC01120501320005,고추,노지고추,관찰포,2026,5,노지고추 - 역병(피해주율),전남광주통합특별시,0.091
202600209VC01120501320005,고추,노지고추,관찰포,2026,5,노지고추 - 탄저병(피해과율),전남광주통합특별시,0.416
202600209VC01120501320005,고추,노지고추,관찰포,2026,5,노지고추 - 풋마름병(피해주율),전남광주통합특별시,2.091
202600209VC01120501320005,고추,노지고추,관찰포,2026,5,노지고추 - 세균점무늬병(피해주율),전남광주통합특별시,0.091
202600209VC01120501320005,고추,노지고추,관찰포,2026,5,노지고추 - 무름병(피해과율),전남광주통합특별시,0.0
202600209VC01120501320005,고추,노지고추,관찰포,2026,5,노지고추 - 담배나방(피해과율),전남광주통합특별시,2.296
202600209VC01120501320005,고추,노지고추,관찰포,2026,5,노지고추 - 진딧물류(밀도),전남광주통합특별시,0.745
202600209VC01120501320005,고추,노지고추,관찰포,2026,5,노지고추 - 총채벌레류(밀도),전남광주통합특별시,9.818
202600209VC01120501320005,고추,노지고추,관찰포,2026,5,노지고추 - 역병(피해주율),경상북도,0.0
202600209VC01120501320005,고추,노지고추,관찰포,2026,5,노지고추 - 탄저병(피해과율),경상북도,0.468
202600209VC01120501320005,고추,노지고추,관찰포,2026,5,노지고추 - 풋마름병(피해주율),경상북도,0.147
202600209VC01120501320005,고추,노지고추,관찰포,2026,5,노지고추 - 세균점무늬병(피해주율),경상북도,0.294
202600209VC01120501320005,고추,노지고추,관찰포,2026,5,노지고추 - 무름병(피해과율),경상북도,0.341
202600209VC01120501320005,고추,노지고추,관찰포,2026,5,노지고추 - 담배나방(피해과율),경상북도,2.072
202600209VC01120501320005,고추,노지고추,관찰포,2026,5,노지고추 - 진딧물류(밀도),경상북도,0.056
202600209VC01120501320005,고추,노지고추,관찰포,2026,5,노지고추 - 총채벌레류(밀도),경상북도,0.879
202600209VC01120501320005,고추,노지고추,관찰포,2026,5,노지고추 - 역병(피해주율),경상남도,0.0
202600209VC01120501320005,고추,노지고추,관찰포,2026,5,노지고추 - 탄저병(피해과율),경상남도,0.0
202600209VC01120501320005,고추,노지고추,관찰포,2026,5,노지고추 - 풋마름병(피해주율),경상남도,0.0
202600209VC01120501320005,고추,노지고추,관찰포,2026,5,노지고추 - 세균점무늬병(피해주율),경상남도,0.0
202600209VC01120501320005,고추,노지고추,관찰포,2026,5,노지고추 - 무름병(피해과율),경상남도,0.0
202600209VC01120501320005,고추,노지고추,관찰포,2026,5,노지고추 - 담배나방(피해과율),경상남도,9.0
202600209VC01120501320005,고추,노지고추,관찰포,2026,5,노지고추 - 진딧물류(밀도),경상남도,0.35
202600209VC01120501320005,고추,노지고추,관찰포,2026,5,노지고추 - 총채벌레류(밀도),경상남도,0.68
202600209VC02100101345004,배추,여름배추,관찰포,2026,4,여름배추 - 무름병(피해주율),강원특별자치도,0.125
202600209VC02100101345004,배추,여름배추,관찰포,2026,4,여름배추 - 무름병(피해주율),강원특별자치도,0.125
202600209VC02100101345004,배추,여름배추,관찰포,2026,4,여름배추 - 바이러스병(피해주율),강원특별자치도,0.0
202600209VC02100101345004,배추,여름배추,관찰포,2026,4,여름배추 - 바이러스병(피해주율),강원특별자치도,0.0
202600209VC02100101345004,배추,여름배추,관찰포,2026,4,여름배추 - 노균병(피해주율),강원특별자치도,0.0
202600209VC02100101345004,배추,여름배추,관찰포,2026,4,여름배추 - 노균병(피해주율),강원특별자치도,0.0
202600209VC02100101345004,배추,여름배추,관찰포,2026,4,여름배추 - 흰무늬병(피해주율),강원특별자치도,0.0
202600209VC02100101345004,배추,여름배추,관찰포,2026,4,여름배추 - 검은무늬병(피해주율),강원특별자치도,0.0
202600209VC02100101345004,배추,여름배추,관찰포,2026,4,여름배추 - 검은무늬병(피해주율),강원특별자치도,0.0
202600209VC02100101345004,배추,여름배추,관찰포,2026,4,여름배추 - 흰무늬병(피해주율),강원특별자치도,0.0
202600209VC02100101345004,배추,여름배추,관찰포,2026,4,여름배추 - 배추좀나방(피해주율),강원특별자치도,0.0
202600209VC02100101345004,배추,여름배추,관찰포,2026,4,여름배추 - 배추좀나방(피해주율),강원특별자치도,0.0
202600209VC02100101345004,배추,여름배추,관찰포,2026,4,여름배추 - 뿌리마름병(피해주율),강원특별자치도,0.0
202600209VC02100101345004,배추,여름배추,관찰포,2026,4,여름배추 - 뿌리마름병(피해주율),강원특별자치도,0.0
202600209VC02100101345004,배추,여름배추,관찰포,2026,4,여름배추 - 진딧물류(밀도),강원특별자치도,0.0
202600209VC02100101345004,배추,여름배추,관찰포,2026,4,여름배추 - 진딧물류(밀도),강원특별자치도,0.0
202600209VC03110101347004,무,여름무,관찰포,2026,4,여름무 - 무름병(피해주율),강원특별자치도,1.5
202600209VC03110101347004,무,여름무,관찰포,2026,4,여름무 - 무름병(피해주율),강원특별자치도,1.5
202600209VC03110101347004,무,여름무,관찰포,2026,4,여름무 - 뿌리혹병(피해주율),강원특별자치도,0.0
202600209VC03110101347004,무,여름무,관찰포,2026,4,여름무 - 뿌리혹병(피해주율),강원특별자치도,0.0
202600209VC03110101347004,무,여름무,관찰포,2026,4,여름무 - 바이러스병(피해주율),강원특별자치도,0.0
202600209VC03110101347004,무,여름무,관찰포,2026,4,여름무 - 바이러스병(피해주율),강원특별자치도,0.0
202600209VC03110101347004,무,여름무,관찰포,2026,4,여름무 - 검은썩음병(피해주율),강원특별자치도,0.0
202600209VC03110101347004,무,여름무,관찰포,2026,4,여름무 - 검은썩음병(피해주율),강원특별자치도,0.0
202600209VC03110101347004,무,여름무,관찰포,2026,4,여름무 - 노균병(피해주율),강원특별자치도,0.167
202600209VC03110101347004,무,여름무,관찰포,2026,4,여름무 - 노균병(피해주율),강원특별자치도,0.167
202600204FC01010101322004,논벼,기본조사,벼관찰포,2026,4,잎도열병(발생추정면적),부산광역시,0.0
202600204FC01010101322004,논벼,기본조사,벼관찰포,2026,4,잎도열병(감수율),부산광역시,0.0
202600204FC01010101322004,논벼,기본조사,벼관찰포,2026,4,잎도열병(피해율),부산광역시,0.0
202600204FC01010101322004,논벼,기본조사,벼관찰포,2026,4,잎도열병(발생면적율),부산광역시,0.0
202600204FC01010101322004,논벼,기본조사,벼관찰포,2026,4,이삭도열병(발생추정면적),부산광역시,0.0
202600204FC01010101322004,논벼,기본조사,벼관찰포,2026,4,이삭도열병(감수율),부산광역시,0.0
202600204FC01010101322004,논벼,기본조사,벼관찰포,2026,4,이삭도열병(피해율),부산광역시,0.0
202600204FC01010101322004,논벼,기본조사,벼관찰포,2026,4,이삭도열병(발생면적율),부산광역시,0.0
202600204FC01010101322004,논벼,기본조사,벼관찰포,2026,4,세균벼알마름병(발생추정면적),부산광역시,0.0
202600204FC01010101322004,논벼,기본조사,벼관찰포,2026,4,세균벼알마름병(감수율),부산광역시,0.0
202600204FC01010101322004,논벼,기본조사,벼관찰포,2026,4,세균벼알마름병(피해율),부산광역시,0.0
202600204FC01010101322004,논벼,기본조사,벼관찰포,2026,4,세균벼알마름병(발생면적율),부산광역시,0.0
202600204FC01010101322004,논벼,기본조사,벼관찰포,2026,4,흰잎마름병(발생추정면적),부산광역시,0.0
202600204FC01010101322004,논벼,기본조사,벼관찰포,2026,4,흰잎마름병(감수율),부산광역시,0.0
202600204FC01010101322004,논벼,기본조사,벼관찰포,2026,4,흰잎마름병(피해율),부산광역시,0.0
202600204FC01010101322004,논벼,기본조사,벼관찰포,2026,4,흰잎마름병(발생면적율),부산광역시,0.0
202600204FC01010101322004,논벼,기본조사,벼관찰포,2026,4,깨씨무늬병(발생추정면적),부산광역시,0.0
202600204FC01010101322004,논벼,기본조사,벼관찰포,2026,4,깨씨무늬병(감수율),부산광역시,0.0
202600204FC01010101322004,논벼,기본조사,벼관찰포,2026,4,깨씨무늬병(피해율),부산광역시,0.0
202600204FC01010101322004,논벼,기본조사,벼관찰포,2026,4,깨씨무늬병(발생면적율),부산광역시,0.0
202600204FC01010101322004,논벼,기본조사,벼관찰포,2026,4,바이러스병(발생추정면적),부산광역시,0.0
202600204FC01010101322004,논벼,기본조사,벼관찰포,2026,4,바이러스병(감수율),부산광역시,0.0
202600204FC01010101322004,논벼,기본조사,벼관찰포,2026,4,바이러스병(피해율),부산광역시,0.0
202600204FC01010101322004,논벼,기본조사,벼관찰포,2026,4,바이러스병(발생면적율),부산광역시,0.0
202600204FC01010101322004,논벼,기본조사,벼관찰포,2026,4,이화명나방(발생추정면적),부산광역시,0.0
202600204FC01010101322004,논벼,기본조사,벼관찰포,2026,4,이화명나방(감수율),부산광역시,0.0
202600204FC01010101322004,논벼,기본조사,벼관찰포,2026,4,이화명나방(피해율),부산광역시,0.0
202600204FC01010101322004,논벼,기본조사,벼관찰포,2026,4,이화명나방(발생면적율),부산광역시,0.0
202600204FC01010101322004,논벼,기본조사,벼관찰포,2026,4,혹명나방(발생추정면적),부산광역시,0.0
202600204FC01010101322004,논벼,기본조사,벼관찰포,2026,4,혹명나방(감수율),부산광역시,0.0
202600204FC01010101322004,논벼,기본조사,벼관찰포,2026,4,혹명나방(피해율),부산광역시,0.0
202600204FC01010101322004,논벼,기본조사,벼관찰포,2026,4,혹명나방(발생면적율),부산광역시,0.0
202600204FC01010101322004,논벼,기본조사,벼관찰포,2026,4,먹노린재(발생추정면적),부산광역시,0.0
202600204FC01010101322004,논벼,기본조사,벼관찰포,2026,4,먹노린재(감수율),부산광역시,0.0
202600204FC01010101322004,논벼,기본조사,벼관찰포,2026,4,먹노린재(피해율),부산광역시,0.0
202600204FC01010101322004,논벼,기본조사,벼관찰포,2026,4,먹노린재(발생면적율),부산광역시,0.0
202600204FC01010101322004,논벼,기본조사,벼관찰포,2026,4,벼멸구(발생추정면적),부산광역시,0.0
202600204FC01010101322004,논벼,기본조사,벼관찰포,2026,4,벼멸구(감수율),부산광역시,0.0
202600204FC01010101322004,논벼,기본조사,벼관찰포,2026,4,벼멸구(피해율),부산광역시,0.0
202600204FC01010101322004,논벼,기본조사,벼관찰포,2026,4,벼멸구(발생면적율),부산광역시,0.0
202600204FC01010101322004,논벼,기본조사,벼관찰포,2026,4,흰등멸구(발생추정면적),부산광역시,0.0
202600204FC01010101322004,논벼,기본조사,벼관찰포,2026,4,흰등멸구(감수율),부산광역시,0.0
202600204FC01010101322004,논벼,기본조사,벼관찰포,2026,4,흰등멸구(피해율),부산광역시,0.0
202600204FC01010101322004,논벼,기본조사,벼관찰포,2026,4,흰등멸구(발생면적율),부산광역시,0.0
202600204FC01010101322004,논벼,기본조사,벼관찰포,2026,4,잎집무늬마름병(발생추정면적),부산광역시,0.0
202600204FC01010101322004,논벼,기본조사,벼관찰포,2026,4,잎집무늬마름병(감수율),부산광역시,0.0
202600204FC01010101322004,논벼,기본조사,벼관찰포,2026,4,잎집무늬마름병(피해율),부산광역시,0.0
202600204FC01010101322004,논벼,기본조사,벼관찰포,2026,4,잎집무늬마름병(발생면적율),부산광역시,0.0
202600204FC01010101322004,논벼,기본조사,벼관찰포,2026,4,키다리병(발생추정면적),부산광역시,0.001
202600204FC01010101322004,논벼,기본조사,벼관찰포,2026,4,키다리병(감수율),부산광역시,0.023
202600204FC01010101322004,논벼,기본조사,벼관찰포,2026,4,키다리병(피해율),부산광역시,0.033
202600204FC01010101322004,논벼,기본조사,벼관찰포,2026,4,키다리병(발생면적율),부산광역시,0.333
202600204FC01010101322004,논벼,기본조사,벼관찰포,2026,4,이삭누룩병(발생추정면적),부산광역시,0.0
202600204FC01010101322004,논벼,기본조사,벼관찰포,2026,4,이삭누룩병(감수율),부산광역시,0.0
202600204FC01010101322004,논벼,기본조사,벼관찰포,2026,4,이삭누룩병(피해율),부산광역시,0.0
202600204FC01010101322004,논벼,기본조사,벼관찰포,2026,4,이삭누룩병(발생면적율),부산광역시,0.0
202600204FC01010101322004,논벼,기본조사,벼관찰포,2026,4,벼잎벌레(발생추정면적),부산광역시,0.0
202600204FC01010101322004,논벼,기본조사,벼관찰포,2026,4,벼잎벌레(감수율),부산광역시,0.0
202600204FC01010101322004,논벼,기본조사,벼관찰포,2026,4,벼잎벌레(피해율),부산광역시,0.0
202600204FC01010101322004,논벼,기본조사,벼관찰포,2026,4,벼잎벌레(발생면적율),부산광역시,0.0
202600204FC01010101322004,논벼,기본조사,벼관찰포,2026,4,벼애나방(발생추정면적),부산광역시,0.0
202600204FC01010101322004,논벼,기본조사,벼관찰포,2026,4,벼애나방(감수율),부산광역시,0.0
202600204FC01010101322004,논벼,기본조사,벼관찰포,2026,4,벼애나방(피해율),부산광역시,0.0
202600204FC01010101322004,논벼,기본조사,벼관찰포,2026,4,벼애나방(발생면적율),부산광역시,0.0
202600204FC01010101322004,논벼,기본조사,벼관찰포,2026,4,벼애잎굴파리(발생추정면적),부산광역시,0.0
202600204FC01010101322004,논벼,기본조사,벼관찰포,2026,4,벼애잎굴파리(감수율),부산광역시,0.0
202600204FC01010101322004,논벼,기본조사,벼관찰포,2026,4,벼애잎굴파리(피해율),부산광역시,0.0
202600204FC01010101322004,논벼,기본조사,벼관찰포,2026,4,벼애잎굴파리(발생면적율),부산광역시,0.0
202600204FC01010101322004,논벼,기본조사,벼관찰포,2026,4,벼줄기굴파리(발생추정면적),부산광역시,0.0
202600204FC01010101322004,논벼,기본조사,벼관찰포,2026,4,벼줄기굴파리(감수율),부산광역시,0.0
202600204FC01010101322004,논벼,기본조사,벼관찰포,2026,4,벼줄기굴파리(피해율),부산광역시,0.0
202600204FC01010101322004,논벼,기본조사,벼관찰포,2026,4,벼줄기굴파리(발생면적율),부산광역시,0.0
202600204FC01010101322004,논벼,기본조사,벼관찰포,2026,4,벼물바구미(발생추정면적),부산광역시,0.0
202600204FC01010101322004,논벼,기본조사,벼관찰포,2026,4,벼물바구미(감수율),부산광역시,0.0
202600204FC01010101322004,논벼,기본조사,벼관찰포,2026,4,벼물바구미(피해율),부산광역시,0.0
202600204FC01010101322004,논벼,기본조사,벼관찰포,2026,4,벼물바구미(발생면적율),부산광역시,0.0
202600204FC01010101322004,논벼,기본조사,벼관찰포,2026,4,애멸구(발생추정면적),부산광역시,0.0
202600204FC01010101322004,논벼,기본조사,벼관찰포,2026,4,애멸구(감수율),부산광역시,0.0
202600204FC01010101322004,논벼,기본조사,벼관찰포,2026,4,애멸구(피해율),부산광역시,0.0
202600204FC01010101322004,논벼,기본조사,벼관찰포,2026,4,애멸구(발생면적율),부산광역시,0.0
202600204FC01010101322004,논벼,기본조사,벼관찰포,2026,4,끝동매미충(발생추정면적),부산광역시,0.0
202600204FC01010101322004,논벼,기본조사,벼관찰포,2026,4,끝동매미충(감수율),부산광역시,0.0
202600204FC01010101322004,논벼,기본조사,벼관찰포,2026,4,끝동매미충(피해율),부산광역시,0.0
202600204FC01010101322004,논벼,기본조사,벼관찰포,2026,4,끝동매미충(발생면적율),부산광역시,0.0
202600204FC01010101322004,논벼,기본조사,벼관찰포,2026,4,멸강나방(발생추정면적),부산광역시,0.0
202600204FC01010101322004,논벼,기본조사,벼관찰포,2026,4,멸강나방(감수율),부산광역시,0.0
202600204FC01010101322004,논벼,기본조사,벼관찰포,2026,4,멸강나방(피해율),부산광역시,0.0
202600204FC01010101322004,논벼,기본조사,벼관찰포,2026,4,멸강나방(발생면적율),부산광역시,0.0
202600204FC01010101322004,논벼,기본조사,벼관찰포,2026,4,벼잎선충(발생추정면적),부산광역시,0.0
202600204FC01010101322004,논벼,기본조사,벼관찰포,2026,4,벼잎선충(감수율),부산광역시,0.0
202600204FC01010101322004,논벼,기본조사,벼관찰포,2026,4,벼잎선충(피해율),부산광역시,0.0
202600204FC01010101322004,논벼,기본조사,벼관찰포,2026,4,벼잎선충(발생면적율),부산광역시,0.0
202600204FC01010101322004,논벼,기본조사,벼관찰포,2026,4,잎도열병(발생추정면적),대구광역시,0.0
202600204FC01010101322004,논벼,기본조사,벼관찰포,2026,4,잎도열병(감수율),대구광역시,0.0
202600204FC01010101322004,논벼,기본조사,벼관찰포,2026,4,잎도열병(피해율),대구광역시,0.0
202600204FC01010101322004,논벼,기본조사,벼관찰포,2026,4,잎도열병(발생면적율),대구광역시,0.0
202600204FC01010101322004,논벼,기본조사,벼관찰포,2026,4,이삭도열병(발생추정면적),대구광역시,0.0
202600204FC01010101322004,논벼,기본조사,벼관찰포,2026,4,이삭도열병(감수율),대구광역시,0.0
202600204FC01010101322004,논벼,기본조사,벼관찰포,2026,4,이삭도열병(피해율),대구광역시,0.0
202600204FC01010101322004,논벼,기본조사,벼관찰포,2026,4,이삭도열병(발생면적율),대구광역시,0.0
202600204FC01010101322004,논벼,기본조사,벼관찰포,2026,4,세균벼알마름병(발생추정면적),대구광역시,0.0
202600204FC01010101322004,논벼,기본조사,벼관찰포,2026,4,세균벼알마름병(감수율),대구광역시,0.0
202600204FC01010101322004,논벼,기본조사,벼관찰포,2026,4,세균벼알마름병(피해율),대구광역시,0.0
202600204FC01010101322004,논벼,기본조사,벼관찰포,2026,4,세균벼알마름병(발생면적율),대구광역시,0.0
202600204FC01010101322004,논벼,기본조사,벼관찰포,2026,4,흰잎마름병(발생추정면적),대구광역시,0.0
202600204FC01010101322004,논벼,기본조사,벼관찰포,2026,4,흰잎마름병(감수율),대구광역시,0.0
202600204FC01010101322004,논벼,기본조사,벼관찰포,2026,4,흰잎마름병(피해율),대구광역시,0.0
202600204FC01010101322004,논벼,기본조사,벼관찰포,2026,4,흰잎마름병(발생면적율),대구광역시,0.0
202600204FC01010101322004,논벼,기본조사,벼관찰포,2026,4,깨씨무늬병(발생추정면적),대구광역시,0.0
202600204FC01010101322004,논벼,기본조사,벼관찰포,2026,4,깨씨무늬병(감수율),대구광역시,0.0
202600204FC01010101322004,논벼,기본조사,벼관찰포,2026,4,깨씨무늬병(피해율),대구광역시,0.0
202600204FC01010101322004,논벼,기본조사,벼관찰포,2026,4,깨씨무늬병(발생면적율),대구광역시,0.0
202600204FC01010101322004,논벼,기본조사,벼관찰포,2026,4,바이러스병(발생추정면적),대구광역시,0.0
202600204FC01010101322004,논벼,기본조사,벼관찰포,2026,4,바이러스병(감수율),대구광역시,0.0
202600204FC01010101322004,논벼,기본조사,벼관찰포,2026,4,바이러스병(피해율),대구광역시,0.0
202600204FC01010101322004,논벼,기본조사,벼관찰포,2026,4,바이러스병(발생면적율),대구광역시,0.0
202600204FC01010101322004,논벼,기본조사,벼관찰포,2026,4,이화명나방(발생추정면적),대구광역시,0.0
202600204FC01010101322004,논벼,기본조사,벼관찰포,2026,4,이화명나방(감수율),대구광역시,0.0
202600204FC01010101322004,논벼,기본조사,벼관찰포,2026,4,이화명나방(피해율),대구광역시,0.0
202600204FC01010101322004,논벼,기본조사,벼관찰포,2026,4,이화명나방(발생면적율),대구광역시,0.0
202600204FC01010101322004,논벼,기본조사,벼관찰포,2026,4,혹명나방(발생추정면적),대구광역시,0.0
202600204FC01010101322004,논벼,기본조사,벼관찰포,2026,4,혹명나방(감수율),대구광역시,0.0
202600204FC01010101322004,논벼,기본조사,벼관찰포,2026,4,혹명나방(피해율),대구광역시,0.0
202600204FC01010101322004,논벼,기본조사,벼관찰포,2026,4,혹명나방(발생면적율),대구광역시,0.0
202600204FC01010101322004,논벼,기본조사,벼관찰포,2026,4,먹노린재(발생추정면적),대구광역시,0.0
202600204FC01010101322004,논벼,기본조사,벼관찰포,2026,4,먹노린재(감수율),대구광역시,0.0
202600204FC01010101322004,논벼,기본조사,벼관찰포,2026,4,먹노린재(피해율),대구광역시,0.0
202600204FC01010101322004,논벼,기본조사,벼관찰포,2026,4,먹노린재(발생면적율),대구광역시,0.0
202600204FC01010101322004,논벼,기본조사,벼관찰포,2026,4,벼멸구(발생추정면적),대구광역시,0.0
202600204FC01010101322004,논벼,기본조사,벼관찰포,2026,4,벼멸구(감수율),대구광역시,0.0
202600204FC01010101322004,논벼,기본조사,벼관찰포,2026,4,벼멸구(피해율),대구광역시,0.0
202600204FC01010101322004,논벼,기본조사,벼관찰포,2026,4,벼멸구(발생면적율),대구광역시,0.0
202600204FC01010101322004,논벼,기본조사,벼관찰포,2026,4,흰등멸구(발생추정면적),대구광역시,0.0
202600204FC01010101322004,논벼,기본조사,벼관찰포,2026,4,흰등멸구(감수율),대구광역시,0.0
202600204FC01010101322004,논벼,기본조사,벼관찰포,2026,4,흰등멸구(피해율),대구광역시,0.0
202600204FC01010101322004,논벼,기본조사,벼관찰포,2026,4,흰등멸구(발생면적율),대구광역시,0.0
202600204FC01010101322004,논벼,기본조사,벼관찰포,2026,4,잎집무늬마름병(발생추정면적),대구광역시,0.0
202600204FC01010101322004,논벼,기본조사,벼관찰포,2026,4,잎집무늬마름병(감수율),대구광역시,0.0
202600204FC01010101322004,논벼,기본조사,벼관찰포,2026,4,잎집무늬마름병(피해율),대구광역시,0.0
202600204FC01010101322004,논벼,기본조사,벼관찰포,2026,4,잎집무늬마름병(발생면적율),대구광역시,0.0
202600204FC01010101322004,논벼,기본조사,벼관찰포,2026,4,키다리병(발생추정면적),대구광역시,0.0
202600204FC01010101322004,논벼,기본조사,벼관찰포,2026,4,키다리병(감수율),대구광역시,0.0
202600204FC01010101322004,논벼,기본조사,벼관찰포,2026,4,키다리병(피해율),대구광역시,0.0
202600204FC01010101322004,논벼,기본조사,벼관찰포,2026,4,키다리병(발생면적율),대구광역시,0.0
202600204FC01010101322004,논벼,기본조사,벼관찰포,2026,4,이삭누룩병(발생추정면적),대구광역시,0.0
202600204FC01010101322004,논벼,기본조사,벼관찰포,2026,4,이삭누룩병(감수율),대구광역시,0.0
202600204FC01010101322004,논벼,기본조사,벼관찰포,2026,4,이삭누룩병(피해율),대구광역시,0.0
202600204FC01010101322004,논벼,기본조사,벼관찰포,2026,4,이삭누룩병(발생면적율),대구광역시,0.0
202600204FC01010101322004,논벼,기본조사,벼관찰포,2026,4,벼잎벌레(발생추정면적),대구광역시,0.0
202600204FC01010101322004,논벼,기본조사,벼관찰포,2026,4,벼잎벌레(감수율),대구광역시,0.0
202600204FC01010101322004,논벼,기본조사,벼관찰포,2026,4,벼잎벌레(피해율),대구광역시,0.0
202600204FC01010101322004,논벼,기본조사,벼관찰포,2026,4,벼잎벌레(발생면적율),대구광역시,0.0
202600204FC01010101322004,논벼,기본조사,벼관찰포,2026,4,벼애나방(발생추정면적),대구광역시,0.0
202600204FC01010101322004,논벼,기본조사,벼관찰포,2026,4,벼애나방(감수율),대구광역시,0.0
202600204FC01010101322004,논벼,기본조사,벼관찰포,2026,4,벼애나방(피해율),대구광역시,0.0
202600204FC01010101322004,논벼,기본조사,벼관찰포,2026,4,벼애나방(발생면적율),대구광역시,0.0
202600204FC01010101322004,논벼,기본조사,벼관찰포,2026,4,벼애잎굴파리(발생추정면적),대구광역시,0.0
202600204FC01010101322004,논벼,기본조사,벼관찰포,2026,4,벼애잎굴파리(감수율),대구광역시,0.0
202600204FC01010101322004,논벼,기본조사,벼관찰포,2026,4,벼애잎굴파리(피해율),대구광역시,0.0
202600204FC01010101322004,논벼,기본조사,벼관찰포,2026,4,벼애잎굴파리(발생면적율),대구광역시,0.0
202600204FC01010101322004,논벼,기본조사,벼관찰포,2026,4,벼줄기굴파리(발생추정면적),대구광역시,0.0
202600204FC01010101322004,논벼,기본조사,벼관찰포,2026,4,벼줄기굴파리(감수율),대구광역시,0.0
202600204FC01010101322004,논벼,기본조사,벼관찰포,2026,4,벼줄기굴파리(피해율),대구광역시,0.0
202600204FC01010101322004,논벼,기본조사,벼관찰포,2026,4,벼줄기굴파리(발생면적율),대구광역시,0.0
202600204FC01010101322004,논벼,기본조사,벼관찰포,2026,4,벼물바구미(발생추정면적),대구광역시,0.0
202600204FC01010101322004,논벼,기본조사,벼관찰포,2026,4,벼물바구미(감수율),대구광역시,0.0
202600204FC01010101322004,논벼,기본조사,벼관찰포,2026,4,벼물바구미(피해율),대구광역시,0.0
202600204FC01010101322004,논벼,기본조사,벼관찰포,2026,4,벼물바구미(발생면적율),대구광역시,0.0
202600204FC01010101322004,논벼,기본조사,벼관찰포,2026,4,애멸구(발생추정면적),대구광역시,0.0
202600204FC01010101322004,논벼,기본조사,벼관찰포,2026,4,애멸구(감수율),대구광역시,0.0
202600204FC01010101322004,논벼,기본조사,벼관찰포,2026,4,애멸구(피해율),대구광역시,0.0
202600204FC01010101322004,논벼,기본조사,벼관찰포,2026,4,애멸구(발생면적율),대구광역시,0.0
202600204FC01010101322004,논벼,기본조사,벼관찰포,2026,4,끝동매미충(발생추정면적),대구광역시,0.0
202600204FC01010101322004,논벼,기본조사,벼관찰포,2026,4,끝동매미충(감수율),대구광역시,0.0
202600204FC01010101322004,논벼,기본조사,벼관찰포,2026,4,끝동매미충(피해율),대구광역시,0.0
202600204FC01010101322004,논벼,기본조사,벼관찰포,2026,4,끝동매미충(발생면적율),대구광역시,0.0
202600204FC01010101322004,논벼,기본조사,벼관찰포,2026,4,멸강나방(발생추정면적),대구광역시,0.0
202600204FC01010101322004,논벼,기본조사,벼관찰포,2026,4,멸강나방(감수율),대구광역시,0.0
202600204FC01010101322004,논벼,기본조사,벼관찰포,2026,4,멸강나방(피해율),대구광역시,0.0
202600204FC01010101322004,논벼,기본조사,벼관찰포,2026,4,멸강나방(발생면적율),대구광역시,0.0
202600204FC01010101322004,논벼,기본조사,벼관찰포,2026,4,벼잎선충(발생추정면적),대구광역시,0.0
202600204FC01010101322004,논벼,기본조사,벼관찰포,2026,4,벼잎선충(감수율),대구광역시,0.0
202600204FC01010101322004,논벼,기본조사,벼관찰포,2026,4,벼잎선충(피해율),대구광역시,0.0
202600204FC01010101322004,논벼,기본조사,벼관찰포,2026,4,벼잎선충(발생면적율),대구광역시,0.0
202600204FC01010101322004,논벼,기본조사,벼관찰포,2026,4,잎도열병(발생추정면적),인천광역시,167.469
202600204FC01010101322004,논벼,기본조사,벼관찰포,2026,4,잎도열병(감수율),인천광역시,0.001
202600204FC01010101322004,논벼,기본조사,벼관찰포,2026,4,잎도열병(피해율),인천광역시,0.003
202600204FC01010101322004,논벼,기본조사,벼관찰포,2026,4,잎도열병(발생면적율),인천광역시,1.349
202600204FC01010101322004,논벼,기본조사,벼관찰포,2026,4,이삭도열병(발생추정면적),인천광역시,0.0
202600204FC01010101322004,논벼,기본조사,벼관찰포,2026,4,이삭도열병(감수율),인천광역시,0.0
202600204FC01010101322004,논벼,기본조사,벼관찰포,2026,4,이삭도열병(피해율),인천광역시,0.0
202600204FC01010101322004,논벼,기본조사,벼관찰포,2026,4,이삭도열병(발생면적율),인천광역시,0.0
202600204FC01010101322004,논벼,기본조사,벼관찰포,2026,4,세균벼알마름병(발생추정면적),인천광역시,0.0
202600204FC01010101322004,논벼,기본조사,벼관찰포,2026,4,세균벼알마름병(감수율),인천광역시,0.0
202600204FC01010101322004,논벼,기본조사,벼관찰포,2026,4,세균벼알마름병(피해율),인천광역시,0.0
202600204FC01010101322004,논벼,기본조사,벼관찰포,2026,4,세균벼알마름병(발생면적율),인천광역시,0.0
202600204FC01010101322004,논벼,기본조사,벼관찰포,2026,4,흰잎마름병(발생추정면적),인천광역시,0.0
202600204FC01010101322004,논벼,기본조사,벼관찰포,2026,4,흰잎마름병(감수율),인천광역시,0.0
202600204FC01010101322004,논벼,기본조사,벼관찰포,2026,4,흰잎마름병(피해율),인천광역시,0.0
202600204FC01010101322004,논벼,기본조사,벼관찰포,2026,4,흰잎마름병(발생면적율),인천광역시,0.0
202600204FC01010101322004,논벼,기본조사,벼관찰포,2026,4,깨씨무늬병(발생추정면적),인천광역시,0.0
202600204FC01010101322004,논벼,기본조사,벼관찰포,2026,4,깨씨무늬병(감수율),인천광역시,0.0
202600204FC01010101322004,논벼,기본조사,벼관찰포,2026,4,깨씨무늬병(피해율),인천광역시,0.0
202600204FC01010101322004,논벼,기본조사,벼관찰포,2026,4,깨씨무늬병(발생면적율),인천광역시,0.0
202600204FC01010101322004,논벼,기본조사,벼관찰포,2026,4,바이러스병(발생추정면적),인천광역시,0.0
202600204FC01010101322004,논벼,기본조사,벼관찰포,2026,4,바이러스병(감수율),인천광역시,0.0
202600204FC01010101322004,논벼,기본조사,벼관찰포,2026,4,바이러스병(피해율),인천광역시,0.0
202600204FC01010101322004,논벼,기본조사,벼관찰포,2026,4,바이러스병(발생면적율),인천광역시,0.0
202600204FC01010101322004,논벼,기본조사,벼관찰포,2026,4,이화명나방(발생추정면적),인천광역시,0.0
202600204FC01010101322004,논벼,기본조사,벼관찰포,2026,4,이화명나방(감수율),인천광역시,0.0
202600204FC01010101322004,논벼,기본조사,벼관찰포,2026,4,이화명나방(피해율),인천광역시,0.0
202600204FC01010101322004,논벼,기본조사,벼관찰포,2026,4,이화명나방(발생면적율),인천광역시,0.0
202600204FC01010101322004,논벼,기본조사,벼관찰포,2026,4,혹명나방(발생추정면적),인천광역시,0.0
202600204FC01010101322004,논벼,기본조사,벼관찰포,2026,4,혹명나방(감수율),인천광역시,0.0
202600204FC01010101322004,논벼,기본조사,벼관찰포,2026,4,혹명나방(피해율),인천광역시,0.0
202600204FC01010101322004,논벼,기본조사,벼관찰포,2026,4,혹명나방(발생면적율),인천광역시,0.0
202600204FC01010101322004,논벼,기본조사,벼관찰포,2026,4,먹노린재(발생추정면적),인천광역시,0.0
202600204FC01010101322004,논벼,기본조사,벼관찰포,2026,4,먹노린재(감수율),인천광역시,0.0
202600204FC01010101322004,논벼,기본조사,벼관찰포,2026,4,먹노린재(피해율),인천광역시,0.0
202600204FC01010101322004,논벼,기본조사,벼관찰포,2026,4,먹노린재(발생면적율),인천광역시,0.0
202600204FC01010101322004,논벼,기본조사,벼관찰포,2026,4,벼멸구(발생추정면적),인천광역시,0.0
202600204FC01010101322004,논벼,기본조사,벼관찰포,2026,4,벼멸구(감수율),인천광역시,0.0
202600204FC01010101322004,논벼,기본조사,벼관찰포,2026,4,벼멸구(피해율),인천광역시,0.0
202600204FC01010101322004,논벼,기본조사,벼관찰포,2026,4,벼멸구(발생면적율),인천광역시,0.0
202600204FC01010101322004,논벼,기본조사,벼관찰포,2026,4,흰등멸구(발생추정면적),인천광역시,0.0
202600204FC01010101322004,논벼,기본조사,벼관찰포,2026,4,흰등멸구(감수율),인천광역시,0.0
202600204FC01010101322004,논벼,기본조사,벼관찰포,2026,4,흰등멸구(피해율),인천광역시,0.0
202600204FC01010101322004,논벼,기본조사,벼관찰포,2026,4,흰등멸구(발생면적율),인천광역시,0.0
202600204FC01010101322004,논벼,기본조사,벼관찰포,2026,4,잎집무늬마름병(발생추정면적),인천광역시,0.0
202600204FC01010101322004,논벼,기본조사,벼관찰포,2026,4,잎집무늬마름병(감수율),인천광역시,0.0
202600204FC01010101322004,논벼,기본조사,벼관찰포,2026,4,잎집무늬마름병(피해율),인천광역시,0.0
202600204FC01010101322004,논벼,기본조사,벼관찰포,2026,4,잎집무늬마름병(발생면적율),인천광역시,0.0
202600204FC01010101322004,논벼,기본조사,벼관찰포,2026,4,키다리병(발생추정면적),인천광역시,0.0
202600204FC01010101322004,논벼,기본조사,벼관찰포,2026,4,키다리병(감수율),인천광역시,0.0
202600204FC01010101322004,논벼,기본조사,벼관찰포,2026,4,키다리병(피해율),인천광역시,0.0
202600204FC01010101322004,논벼,기본조사,벼관찰포,2026,4,키다리병(발생면적율),인천광역시,0.0
202600204FC01010101322004,논벼,기본조사,벼관찰포,2026,4,이삭누룩병(발생추정면적),인천광역시,0.0
202600204FC01010101322004,논벼,기본조사,벼관찰포,2026,4,이삭누룩병(감수율),인천광역시,0.0
202600204FC01010101322004,논벼,기본조사,벼관찰포,2026,4,이삭누룩병(피해율),인천광역시,0.0
202600204FC01010101322004,논벼,기본조사,벼관찰포,2026,4,이삭누룩병(발생면적율),인천광역시,0.0
202600204FC01010101322004,논벼,기본조사,벼관찰포,2026,4,벼잎벌레(발생추정면적),인천광역시,0.0
202600204FC01010101322004,논벼,기본조사,벼관찰포,2026,4,벼잎벌레(감수율),인천광역시,0.0
202600204FC01010101322004,논벼,기본조사,벼관찰포,2026,4,벼잎벌레(피해율),인천광역시,0.0
202600204FC01010101322004,논벼,기본조사,벼관찰포,2026,4,벼잎벌레(발생면적율),인천광역시,0.0
202600204FC01010101322004,논벼,기본조사,벼관찰포,2026,4,벼애나방(발생추정면적),인천광역시,0.0
202600204FC01010101322004,논벼,기본조사,벼관찰포,2026,4,벼애나방(감수율),인천광역시,0.0
202600204FC01010101322004,논벼,기본조사,벼관찰포,2026,4,벼애나방(피해율),인천광역시,0.0
202600204FC01010101322004,논벼,기본조사,벼관찰포,2026,4,벼애나방(발생면적율),인천광역시,0.0
202600204FC01010101322004,논벼,기본조사,벼관찰포,2026,4,벼애잎굴파리(발생추정면적),인천광역시,0.0
202600204FC01010101322004,논벼,기본조사,벼관찰포,2026,4,벼애잎굴파리(감수율),인천광역시,0.0
202600204FC01010101322004,논벼,기본조사,벼관찰포,2026,4,벼애잎굴파리(피해율),인천광역시,0.0
202600204FC01010101322004,논벼,기본조사,벼관찰포,2026,4,벼애잎굴파리(발생면적율),인천광역시,0.0
202600204FC01010101322004,논벼,기본조사,벼관찰포,2026,4,벼줄기굴파리(발생추정면적),인천광역시,0.0
202600204FC01010101322004,논벼,기본조사,벼관찰포,2026,4,벼줄기굴파리(감수율),인천광역시,0.0
202600204FC01010101322004,논벼,기본조사,벼관찰포,2026,4,벼줄기굴파리(피해율),인천광역시,0.0
202600204FC01010101322004,논벼,기본조사,벼관찰포,2026,4,벼줄기굴파리(발생면적율),인천광역시,0.0
202600204FC01010101322004,논벼,기본조사,벼관찰포,2026,4,벼물바구미(발생추정면적),인천광역시,0.0
202600204FC01010101322004,논벼,기본조사,벼관찰포,2026,4,벼물바구미(감수율),인천광역시,0.0
202600204FC01010101322004,논벼,기본조사,벼관찰포,2026,4,벼물바구미(피해율),인천광역시,0.0
202600204FC01010101322004,논벼,기본조사,벼관찰포,2026,4,벼물바구미(발생면적율),인천광역시,0.0
202600204FC01010101322004,논벼,기본조사,벼관찰포,2026,4,애멸구(발생추정면적),인천광역시,0.0
202600204FC01010101322004,논벼,기본조사,벼관찰포,2026,4,애멸구(감수율),인천광역시,0.0
202600204FC01010101322004,논벼,기본조사,벼관찰포,2026,4,애멸구(피해율),인천광역시,0.0
202600204FC01010101322004,논벼,기본조사,벼관찰포,2026,4,애멸구(발생면적율),인천광역시,0.0
202600204FC01010101322004,논벼,기본조사,벼관찰포,2026,4,끝동매미충(발생추정면적),인천광역시,0.0
202600204FC01010101322004,논벼,기본조사,벼관찰포,2026,4,끝동매미충(감수율),인천광역시,0.0
202600204FC01010101322004,논벼,기본조사,벼관찰포,2026,4,끝동매미충(피해율),인천광역시,0.0
202600204FC01010101322004,논벼,기본조사,벼관찰포,2026,4,끝동매미충(발생면적율),인천광역시,0.0
202600204FC01010101322004,논벼,기본조사,벼관찰포,2026,4,멸강나방(발생추정면적),인천광역시,0.0
202600204FC01010101322004,논벼,기본조사,벼관찰포,2026,4,멸강나방(감수율),인천광역시,0.0
202600204FC01010101322004,논벼,기본조사,벼관찰포,2026,4,멸강나방(피해율),인천광역시,0.0
202600204FC01010101322004,논벼,기본조사,벼관찰포,2026,4,멸강나방(발생면적율),인천광역시,0.0
202600204FC01010101322004,논벼,기본조사,벼관찰포,2026,4,벼잎선충(발생추정면적),인천광역시,0.0
202600204FC01010101322004,논벼,기본조사,벼관찰포,2026,4,벼잎선충(감수율),인천광역시,0.0
202600204FC01010101322004,논벼,기본조사,벼관찰포,2026,4,벼잎선충(피해율),인천광역시,0.0
202600204FC01010101322004,논벼,기본조사,벼관찰포,2026,4,벼잎선충(발생면적율),인천광역시,0.0
202600204FC01010101322004,논벼,기본조사,벼관찰포,2026,4,잎도열병(발생추정면적),대전광역시,0.0
202600204FC01010101322004,논벼,기본조사,벼관찰포,2026,4,잎도열병(감수율),대전광역시,0.0
202600204FC01010101322004,논벼,기본조사,벼관찰포,2026,4,잎도열병(피해율),대전광역시,0.0
202600204FC01010101322004,논벼,기본조사,벼관찰포,2026,4,잎도열병(발생면적율),대전광역시,0.0
202600204FC01010101322004,논벼,기본조사,벼관찰포,2026,4,이삭도열병(발생추정면적),대전광역시,0.0
202600204FC01010101322004,논벼,기본조사,벼관찰포,2026,4,이삭도열병(감수율),대전광역시,0.0
202600204FC01010101322004,논벼,기본조사,벼관찰포,2026,4,이삭도열병(피해율),대전광역시,0.0
202600204FC01010101322004,논벼,기본조사,벼관찰포,2026,4,이삭도열병(발생면적율),대전광역시,0.0
202600204FC01010101322004,논벼,기본조사,벼관찰포,2026,4,세균벼알마름병(발생추정면적),대전광역시,0.0
202600204FC01010101322004,논벼,기본조사,벼관찰포,2026,4,세균벼알마름병(감수율),대전광역시,0.0
202600204FC01010101322004,논벼,기본조사,벼관찰포,2026,4,세균벼알마름병(피해율),대전광역시,0.0
202600204FC01010101322004,논벼,기본조사,벼관찰포,2026,4,세균벼알마름병(발생면적율),대전광역시,0.0
202600204FC01010101322004,논벼,기본조사,벼관찰포,2026,4,흰잎마름병(발생추정면적),대전광역시,0.0
202600204FC01010101322004,논벼,기본조사,벼관찰포,2026,4,흰잎마름병(감수율),대전광역시,0.0
202600204FC01010101322004,논벼,기본조사,벼관찰포,2026,4,흰잎마름병(피해율),대전광역시,0.0
202600204FC01010101322004,논벼,기본조사,벼관찰포,2026,4,흰잎마름병(발생면적율),대전광역시,0.0
202600204FC01010101322004,논벼,기본조사,벼관찰포,2026,4,깨씨무늬병(발생추정면적),대전광역시,0.0
202600204FC01010101322004,논벼,기본조사,벼관찰포,2026,4,깨씨무늬병(감수율),대전광역시,0.0
202600204FC01010101322004,논벼,기본조사,벼관찰포,2026,4,깨씨무늬병(피해율),대전광역시,0.0
202600204FC01010101322004,논벼,기본조사,벼관찰포,2026,4,깨씨무늬병(발생면적율),대전광역시,0.0
202600204FC01010101322004,논벼,기본조사,벼관찰포,2026,4,바이러스병(발생추정면적),대전광역시,0.0
202600204FC01010101322004,논벼,기본조사,벼관찰포,2026,4,바이러스병(감수율),대전광역시,0.0
202600204FC01010101322004,논벼,기본조사,벼관찰포,2026,4,바이러스병(피해율),대전광역시,0.0
202600204FC01010101322004,논벼,기본조사,벼관찰포,2026,4,바이러스병(발생면적율),대전광역시,0.0
202600204FC01010101322004,논벼,기본조사,벼관찰포,2026,4,이화명나방(발생추정면적),대전광역시,0.0
202600204FC01010101322004,논벼,기본조사,벼관찰포,2026,4,이화명나방(감수율),대전광역시,0.0
202600204FC01010101322004,논벼,기본조사,벼관찰포,2026,4,이화명나방(피해율),대전광역시,0.0
202600204FC01010101322004,논벼,기본조사,벼관찰포,2026,4,이화명나방(발생면적율),대전광역시,0.0
202600204FC01010101322004,논벼,기본조사,벼관찰포,2026,4,혹명나방(발생추정면적),대전광역시,0.0
202600204FC01010101322004,논벼,기본조사,벼관찰포,2026,4,혹명나방(감수율),대전광역시,0.0
202600204FC01010101322004,논벼,기본조사,벼관찰포,2026,4,혹명나방(피해율),대전광역시,0.0
202600204FC01010101322004,논벼,기본조사,벼관찰포,2026,4,혹명나방(발생면적율),대전광역시,0.0
202600204FC01010101322004,논벼,기본조사,벼관찰포,2026,4,먹노린재(발생추정면적),대전광역시,0.0
202600204FC01010101322004,논벼,기본조사,벼관찰포,2026,4,먹노린재(감수율),대전광역시,0.0
202600204FC01010101322004,논벼,기본조사,벼관찰포,2026,4,먹노린재(피해율),대전광역시,0.0
202600204FC01010101322004,논벼,기본조사,벼관찰포,2026,4,먹노린재(발생면적율),대전광역시,0.0
202600204FC01010101322004,논벼,기본조사,벼관찰포,2026,4,벼멸구(발생추정면적),대전광역시,0.0
202600204FC01010101322004,논벼,기본조사,벼관찰포,2026,4,벼멸구(감수율),대전광역시,0.0
202600204FC01010101322004,논벼,기본조사,벼관찰포,2026,4,벼멸구(피해율),대전광역시,0.0
202600204FC01010101322004,논벼,기본조사,벼관찰포,2026,4,벼멸구(발생면적율),대전광역시,0.0
202600204FC01010101322004,논벼,기본조사,벼관찰포,2026,4,흰등멸구(발생추정면적),대전광역시,0.0
202600204FC01010101322004,논벼,기본조사,벼관찰포,2026,4,흰등멸구(감수율),대전광역시,0.0
202600204FC01010101322004,논벼,기본조사,벼관찰포,2026,4,흰등멸구(피해율),대전광역시,0.0
202600204FC01010101322004,논벼,기본조사,벼관찰포,2026,4,흰등멸구(발생면적율),대전광역시,0.0
202600204FC01010101322004,논벼,기본조사,벼관찰포,2026,4,잎집무늬마름병(발생추정면적),대전광역시,0.0
202600204FC01010101322004,논벼,기본조사,벼관찰포,2026,4,잎집무늬마름병(감수율),대전광역시,0.0
202600204FC01010101322004,논벼,기본조사,벼관찰포,2026,4,잎집무늬마름병(피해율),대전광역시,0.0
202600204FC01010101322004,논벼,기본조사,벼관찰포,2026,4,잎집무늬마름병(발생면적율),대전광역시,0.0
202600204FC01010101322004,논벼,기본조사,벼관찰포,2026,4,키다리병(발생추정면적),대전광역시,0.0
202600204FC01010101322004,논벼,기본조사,벼관찰포,2026,4,키다리병(감수율),대전광역시,0.0
202600204FC01010101322004,논벼,기본조사,벼관찰포,2026,4,키다리병(피해율),대전광역시,0.0
202600204FC01010101322004,논벼,기본조사,벼관찰포,2026,4,키다리병(발생면적율),대전광역시,0.0
202600204FC01010101322004,논벼,기본조사,벼관찰포,2026,4,이삭누룩병(발생추정면적),대전광역시,0.0
202600204FC01010101322004,논벼,기본조사,벼관찰포,2026,4,이삭누룩병(감수율),대전광역시,0.0
202600204FC01010101322004,논벼,기본조사,벼관찰포,2026,4,이삭누룩병(피해율),대전광역시,0.0
202600204FC01010101322004,논벼,기본조사,벼관찰포,2026,4,이삭누룩병(발생면적율),대전광역시,0.0
202600204FC01010101322004,논벼,기본조사,벼관찰포,2026,4,벼잎벌레(발생추정면적),대전광역시,0.0
202600204FC01010101322004,논벼,기본조사,벼관찰포,2026,4,벼잎벌레(감수율),대전광역시,0.0
202600204FC01010101322004,논벼,기본조사,벼관찰포,2026,4,벼잎벌레(피해율),대전광역시,0.0
202600204FC01010101322004,논벼,기본조사,벼관찰포,2026,4,벼잎벌레(발생면적율),대전광역시,0.0
202600204FC01010101322004,논벼,기본조사,벼관찰포,2026,4,벼애나방(발생추정면적),대전광역시,0.0
202600204FC01010101322004,논벼,기본조사,벼관찰포,2026,4,벼애나방(감수율),대전광역시,0.0
202600204FC01010101322004,논벼,기본조사,벼관찰포,2026,4,벼애나방(피해율),대전광역시,0.0
202600204FC01010101322004,논벼,기본조사,벼관찰포,2026,4,벼애나방(발생면적율),대전광역시,0.0
202600204FC01010101322004,논벼,기본조사,벼관찰포,2026,4,벼애잎굴파리(발생추정면적),대전광역시,0.0
202600204FC01010101322004,논벼,기본조사,벼관찰포,2026,4,벼애잎굴파리(감수율),대전광역시,0.0
202600204FC01010101322004,논벼,기본조사,벼관찰포,2026,4,벼애잎굴파리(피해율),대전광역시,0.0
202600204FC01010101322004,논벼,기본조사,벼관찰포,2026,4,벼애잎굴파리(발생면적율),대전광역시,0.0
202600204FC01010101322004,논벼,기본조사,벼관찰포,2026,4,벼줄기굴파리(발생추정면적),대전광역시,0.0
202600204FC01010101322004,논벼,기본조사,벼관찰포,2026,4,벼줄기굴파리(감수율),대전광역시,0.0
202600204FC01010101322004,논벼,기본조사,벼관찰포,2026,4,벼줄기굴파리(피해율),대전광역시,0.0
202600204FC01010101322004,논벼,기본조사,벼관찰포,2026,4,벼줄기굴파리(발생면적율),대전광역시,0.0
202600204FC01010101322004,논벼,기본조사,벼관찰포,2026,4,벼물바구미(발생추정면적),대전광역시,1.391
202600204FC01010101322004,논벼,기본조사,벼관찰포,2026,4,벼물바구미(감수율),대전광역시,0.001
202600204FC01010101322004,논벼,기본조사,벼관찰포,2026,4,벼물바구미(피해율),대전광역시,0.003
202600204FC01010101322004,논벼,기본조사,벼관찰포,2026,4,벼물바구미(발생면적율),대전광역시,0.092
202600204FC01010101322004,논벼,기본조사,벼관찰포,2026,4,애멸구(발생추정면적),대전광역시,0.0
202600204FC01010101322004,논벼,기본조사,벼관찰포,2026,4,애멸구(감수율),대전광역시,0.0
202600204FC01010101322004,논벼,기본조사,벼관찰포,2026,4,애멸구(피해율),대전광역시,0.0
202600204FC01010101322004,논벼,기본조사,벼관찰포,2026,4,애멸구(발생면적율),대전광역시,0.0
202600204FC01010101322004,논벼,기본조사,벼관찰포,2026,4,끝동매미충(발생추정면적),대전광역시,0.0
202600204FC01010101322004,논벼,기본조사,벼관찰포,2026,4,끝동매미충(감수율),대전광역시,0.0
202600204FC01010101322004,논벼,기본조사,벼관찰포,2026,4,끝동매미충(피해율),대전광역시,0.0
202600204FC01010101322004,논벼,기본조사,벼관찰포,2026,4,끝동매미충(발생면적율),대전광역시,0.0
202600204FC01010101322004,논벼,기본조사,벼관찰포,2026,4,멸강나방(발생추정면적),대전광역시,0.0
202600204FC01010101322004,논벼,기본조사,벼관찰포,2026,4,멸강나방(감수율),대전광역시,0.0
202600204FC01010101322004,논벼,기본조사,벼관찰포,2026,4,멸강나방(피해율),대전광역시,0.0
202600204FC01010101322004,논벼,기본조사,벼관찰포,2026,4,멸강나방(발생면적율),대전광역시,0.0
202600204FC01010101322004,논벼,기본조사,벼관찰포,2026,4,벼잎선충(발생추정면적),대전광역시,0.0
202600204FC01010101322004,논벼,기본조사,벼관찰포,2026,4,벼잎선충(감수율),대전광역시,0.0
202600204FC01010101322004,논벼,기본조사,벼관찰포,2026,4,벼잎선충(피해율),대전광역시,0.0
202600204FC01010101322004,논벼,기본조사,벼관찰포,2026,4,벼잎선충(발생면적율),대전광역시,0.0
202600204FC01010101322004,논벼,기본조사,벼관찰포,2026,4,잎도열병(발생추정면적),울산광역시,52.18
202600204FC01010101322004,논벼,기본조사,벼관찰포,2026,4,잎도열병(감수율),울산광역시,0.001
202600204FC01010101322004,논벼,기본조사,벼관찰포,2026,4,잎도열병(피해율),울산광역시,0.004
202600204FC01010101322004,논벼,기본조사,벼관찰포,2026,4,잎도열병(발생면적율),울산광역시,1.639
202600204FC01010101322004,논벼,기본조사,벼관찰포,2026,4,이삭도열병(발생추정면적),울산광역시,0.0
202600204FC01010101322004,논벼,기본조사,벼관찰포,2026,4,이삭도열병(감수율),울산광역시,0.0
202600204FC01010101322004,논벼,기본조사,벼관찰포,2026,4,이삭도열병(피해율),울산광역시,0.0
202600204FC01010101322004,논벼,기본조사,벼관찰포,2026,4,이삭도열병(발생면적율),울산광역시,0.0
202600204FC01010101322004,논벼,기본조사,벼관찰포,2026,4,세균벼알마름병(발생추정면적),울산광역시,0.0
202600204FC01010101322004,논벼,기본조사,벼관찰포,2026,4,세균벼알마름병(감수율),울산광역시,0.0
202600204FC01010101322004,논벼,기본조사,벼관찰포,2026,4,세균벼알마름병(피해율),울산광역시,0.0
202600204FC01010101322004,논벼,기본조사,벼관찰포,2026,4,세균벼알마름병(발생면적율),울산광역시,0.0
202600204FC01010101322004,논벼,기본조사,벼관찰포,2026,4,흰잎마름병(발생추정면적),울산광역시,0.0
202600204FC01010101322004,논벼,기본조사,벼관찰포,2026,4,흰잎마름병(감수율),울산광역시,0.0
202600204FC01010101322004,논벼,기본조사,벼관찰포,2026,4,흰잎마름병(피해율),울산광역시,0.0
202600204FC01010101322004,논벼,기본조사,벼관찰포,2026,4,흰잎마름병(발생면적율),울산광역시,0.0
202600204FC01010101322004,논벼,기본조사,벼관찰포,2026,4,깨씨무늬병(발생추정면적),울산광역시,0.0
202600204FC01010101322004,논벼,기본조사,벼관찰포,2026,4,깨씨무늬병(감수율),울산광역시,0.0
202600204FC01010101322004,논벼,기본조사,벼관찰포,2026,4,깨씨무늬병(피해율),울산광역시,0.0
202600204FC01010101322004,논벼,기본조사,벼관찰포,2026,4,깨씨무늬병(발생면적율),울산광역시,0.0
202600204FC01010101322004,논벼,기본조사,벼관찰포,2026,4,바이러스병(발생추정면적),울산광역시,0.0
202600204FC01010101322004,논벼,기본조사,벼관찰포,2026,4,바이러스병(감수율),울산광역시,0.0
202600204FC01010101322004,논벼,기본조사,벼관찰포,2026,4,바이러스병(피해율),울산광역시,0.0
202600204FC01010101322004,논벼,기본조사,벼관찰포,2026,4,바이러스병(발생면적율),울산광역시,0.0
202600204FC01010101322004,논벼,기본조사,벼관찰포,2026,4,이화명나방(발생추정면적),울산광역시,0.0
202600204FC01010101322004,논벼,기본조사,벼관찰포,2026,4,이화명나방(감수율),울산광역시,0.0
202600204FC01010101322004,논벼,기본조사,벼관찰포,2026,4,이화명나방(피해율),울산광역시,0.0
202600204FC01010101322004,논벼,기본조사,벼관찰포,2026,4,이화명나방(발생면적율),울산광역시,0.0
202600204FC01010101322004,논벼,기본조사,벼관찰포,2026,4,혹명나방(발생추정면적),울산광역시,156.541
202600204FC01010101322004,논벼,기본조사,벼관찰포,2026,4,혹명나방(감수율),울산광역시,0.049
202600204FC01010101322004,논벼,기본조사,벼관찰포,2026,4,혹명나방(피해율),울산광역시,0.246
202600204FC01010101322004,논벼,기본조사,벼관찰포,2026,4,혹명나방(발생면적율),울산광역시,4.918
202600204FC01010101322004,논벼,기본조사,벼관찰포,2026,4,먹노린재(발생추정면적),울산광역시,0.0
202600204FC01010101322004,논벼,기본조사,벼관찰포,2026,4,먹노린재(감수율),울산광역시,0.0
202600204FC01010101322004,논벼,기본조사,벼관찰포,2026,4,먹노린재(피해율),울산광역시,0.0
202600204FC01010101322004,논벼,기본조사,벼관찰포,2026,4,먹노린재(발생면적율),울산광역시,0.0
202600204FC01010101322004,논벼,기본조사,벼관찰포,2026,4,벼멸구(발생추정면적),울산광역시,0.0
202600204FC01010101322004,논벼,기본조사,벼관찰포,2026,4,벼멸구(감수율),울산광역시,0.0
202600204FC01010101322004,논벼,기본조사,벼관찰포,2026,4,벼멸구(피해율),울산광역시,0.0
202600204FC01010101322004,논벼,기본조사,벼관찰포,2026,4,벼멸구(발생면적율),울산광역시,0.0
202600204FC01010101322004,논벼,기본조사,벼관찰포,2026,4,흰등멸구(발생추정면적),울산광역시,0.0
202600204FC01010101322004,논벼,기본조사,벼관찰포,2026,4,흰등멸구(감수율),울산광역시,0.0
202600204FC01010101322004,논벼,기본조사,벼관찰포,2026,4,흰등멸구(피해율),울산광역시,0.0
202600204FC01010101322004,논벼,기본조사,벼관찰포,2026,4,흰등멸구(발생면적율),울산광역시,0.0
202600204FC01010101322004,논벼,기본조사,벼관찰포,2026,4,잎집무늬마름병(발생추정면적),울산광역시,0.0
202600204FC01010101322004,논벼,기본조사,벼관찰포,2026,4,잎집무늬마름병(감수율),울산광역시,0.0
202600204FC01010101322004,논벼,기본조사,벼관찰포,2026,4,잎집무늬마름병(피해율),울산광역시,0.0
202600204FC01010101322004,논벼,기본조사,벼관찰포,2026,4,잎집무늬마름병(발생면적율),울산광역시,0.0
202600204FC01010101322004,논벼,기본조사,벼관찰포,2026,4,키다리병(발생추정면적),울산광역시,0.0
202600204FC01010101322004,논벼,기본조사,벼관찰포,2026,4,키다리병(감수율),울산광역시,0.0
202600204FC01010101322004,논벼,기본조사,벼관찰포,2026,4,키다리병(피해율),울산광역시,0.0
202600204FC01010101322004,논벼,기본조사,벼관찰포,2026,4,키다리병(발생면적율),울산광역시,0.0
202600204FC01010101322004,논벼,기본조사,벼관찰포,2026,4,이삭누룩병(발생추정면적),울산광역시,0.0
202600204FC01010101322004,논벼,기본조사,벼관찰포,2026,4,이삭누룩병(감수율),울산광역시,0.0
202600204FC01010101322004,논벼,기본조사,벼관찰포,2026,4,이삭누룩병(피해율),울산광역시,0.0
202600204FC01010101322004,논벼,기본조사,벼관찰포,2026,4,이삭누룩병(발생면적율),울산광역시,0.0
202600204FC01010101322004,논벼,기본조사,벼관찰포,2026,4,벼잎벌레(발생추정면적),울산광역시,0.0
202600204FC01010101322004,논벼,기본조사,벼관찰포,2026,4,벼잎벌레(감수율),울산광역시,0.0
202600204FC01010101322004,논벼,기본조사,벼관찰포,2026,4,벼잎벌레(피해율),울산광역시,0.0
202600204FC01010101322004,논벼,기본조사,벼관찰포,2026,4,벼잎벌레(발생면적율),울산광역시,0.0
202600204FC01010101322004,논벼,기본조사,벼관찰포,2026,4,벼애나방(발생추정면적),울산광역시,0.0
202600204FC01010101322004,논벼,기본조사,벼관찰포,2026,4,벼애나방(감수율),울산광역시,0.0
202600204FC01010101322004,논벼,기본조사,벼관찰포,2026,4,벼애나방(피해율),울산광역시,0.0
202600204FC01010101322004,논벼,기본조사,벼관찰포,2026,4,벼애나방(발생면적율),울산광역시,0.0
202600204FC01010101322004,논벼,기본조사,벼관찰포,2026,4,벼애잎굴파리(발생추정면적),울산광역시,0.0
202600204FC01010101322004,논벼,기본조사,벼관찰포,2026,4,벼애잎굴파리(감수율),울산광역시,0.0
202600204FC01010101322004,논벼,기본조사,벼관찰포,2026,4,벼애잎굴파리(피해율),울산광역시,0.0
202600204FC01010101322004,논벼,기본조사,벼관찰포,2026,4,벼애잎굴파리(발생면적율),울산광역시,0.0
202600204FC01010101322004,논벼,기본조사,벼관찰포,2026,4,벼줄기굴파리(발생추정면적),울산광역시,0.0
202600204FC01010101322004,논벼,기본조사,벼관찰포,2026,4,벼줄기굴파리(감수율),울산광역시,0.0
202600204FC01010101322004,논벼,기본조사,벼관찰포,2026,4,벼줄기굴파리(피해율),울산광역시,0.0
202600204FC01010101322004,논벼,기본조사,벼관찰포,2026,4,벼줄기굴파리(발생면적율),울산광역시,0.0
202600204FC01010101322004,논벼,기본조사,벼관찰포,2026,4,벼물바구미(발생추정면적),울산광역시,0.0
202600204FC01010101322004,논벼,기본조사,벼관찰포,2026,4,벼물바구미(감수율),울산광역시,0.0
202600204FC01010101322004,논벼,기본조사,벼관찰포,2026,4,벼물바구미(피해율),울산광역시,0.0
202600204FC01010101322004,논벼,기본조사,벼관찰포,2026,4,벼물바구미(발생면적율),울산광역시,0.0
202600204FC01010101322004,논벼,기본조사,벼관찰포,2026,4,애멸구(발생추정면적),울산광역시,0.0
202600204FC01010101322004,논벼,기본조사,벼관찰포,2026,4,애멸구(감수율),울산광역시,0.0
202600204FC01010101322004,논벼,기본조사,벼관찰포,2026,4,애멸구(피해율),울산광역시,0.0
202600204FC01010101322004,논벼,기본조사,벼관찰포,2026,4,애멸구(발생면적율),울산광역시,0.0
202600204FC01010101322004,논벼,기본조사,벼관찰포,2026,4,끝동매미충(발생추정면적),울산광역시,0.0
202600204FC01010101322004,논벼,기본조사,벼관찰포,2026,4,끝동매미충(감수율),울산광역시,0.0
202600204FC01010101322004,논벼,기본조사,벼관찰포,2026,4,끝동매미충(피해율),울산광역시,0.0
202600204FC01010101322004,논벼,기본조사,벼관찰포,2026,4,끝동매미충(발생면적율),울산광역시,0.0
202600204FC01010101322004,논벼,기본조사,벼관찰포,2026,4,멸강나방(발생추정면적),울산광역시,0.0
202600204FC01010101322004,논벼,기본조사,벼관찰포,2026,4,멸강나방(감수율),울산광역시,0.0
202600204FC01010101322004,논벼,기본조사,벼관찰포,2026,4,멸강나방(피해율),울산광역시,0.0
202600204FC01010101322004,논벼,기본조사,벼관찰포,2026,4,멸강나방(발생면적율),울산광역시,0.0
202600204FC01010101322004,논벼,기본조사,벼관찰포,2026,4,벼잎선충(발생추정면적),울산광역시,0.0
202600204FC01010101322004,논벼,기본조사,벼관찰포,2026,4,벼잎선충(감수율),울산광역시,0.0
202600204FC01010101322004,논벼,기본조사,벼관찰포,2026,4,벼잎선충(피해율),울산광역시,0.0
202600204FC01010101322004,논벼,기본조사,벼관찰포,2026,4,벼잎선충(발생면적율),울산광역시,0.0
202600204FC01010101322004,논벼,기본조사,벼관찰포,2026,4,잎도열병(발생추정면적),세종특별자치시,0.0
202600204FC01010101322004,논벼,기본조사,벼관찰포,2026,4,잎도열병(감수율),세종특별자치시,0.0
202600204FC01010101322004,논벼,기본조사,벼관찰포,2026,4,잎도열병(피해율),세종특별자치시,0.0
202600204FC01010101322004,논벼,기본조사,벼관찰포,2026,4,잎도열병(발생면적율),세종특별자치시,0.0
202600204FC01010101322004,논벼,기본조사,벼관찰포,2026,4,이삭도열병(발생추정면적),세종특별자치시,0.0
202600204FC01010101322004,논벼,기본조사,벼관찰포,2026,4,이삭도열병(감수율),세종특별자치시,0.0
202600204FC01010101322004,논벼,기본조사,벼관찰포,2026,4,이삭도열병(피해율),세종특별자치시,0.0
202600204FC01010101322004,논벼,기본조사,벼관찰포,2026,4,이삭도열병(발생면적율),세종특별자치시,0.0
202600204FC01010101322004,논벼,기본조사,벼관찰포,2026,4,세균벼알마름병(발생추정면적),세종특별자치시,0.0
202600204FC01010101322004,논벼,기본조사,벼관찰포,2026,4,세균벼알마름병(감수율),세종특별자치시,0.0
202600204FC01010101322004,논벼,기본조사,벼관찰포,2026,4,세균벼알마름병(피해율),세종특별자치시,0.0
202600204FC01010101322004,논벼,기본조사,벼관찰포,2026,4,세균벼알마름병(발생면적율),세종특별자치시,0.0
202600204FC01010101322004,논벼,기본조사,벼관찰포,2026,4,흰잎마름병(발생추정면적),세종특별자치시,0.0
202600204FC01010101322004,논벼,기본조사,벼관찰포,2026,4,흰잎마름병(감수율),세종특별자치시,0.0
202600204FC01010101322004,논벼,기본조사,벼관찰포,2026,4,흰잎마름병(피해율),세종특별자치시,0.0
202600204FC01010101322004,논벼,기본조사,벼관찰포,2026,4,흰잎마름병(발생면적율),세종특별자치시,0.0
202600204FC01010101322004,논벼,기본조사,벼관찰포,2026,4,깨씨무늬병(발생추정면적),세종특별자치시,0.0
202600204FC01010101322004,논벼,기본조사,벼관찰포,2026,4,깨씨무늬병(감수율),세종특별자치시,0.0
202600204FC01010101322004,논벼,기본조사,벼관찰포,2026,4,깨씨무늬병(피해율),세종특별자치시,0.0
202600204FC01010101322004,논벼,기본조사,벼관찰포,2026,4,깨씨무늬병(발생면적율),세종특별자치시,0.0
202600204FC01010101322004,논벼,기본조사,벼관찰포,2026,4,바이러스병(발생추정면적),세종특별자치시,0.0
202600204FC01010101322004,논벼,기본조사,벼관찰포,2026,4,바이러스병(감수율),세종특별자치시,0.0
202600204FC01010101322004,논벼,기본조사,벼관찰포,2026,4,바이러스병(피해율),세종특별자치시,0.0
202600204FC01010101322004,논벼,기본조사,벼관찰포,2026,4,바이러스병(발생면적율),세종특별자치시,0.0
202600204FC01010101322004,논벼,기본조사,벼관찰포,2026,4,이화명나방(발생추정면적),세종특별자치시,0.0
202600204FC01010101322004,논벼,기본조사,벼관찰포,2026,4,이화명나방(감수율),세종특별자치시,0.0
202600204FC01010101322004,논벼,기본조사,벼관찰포,2026,4,이화명나방(피해율),세종특별자치시,0.0
202600204FC01010101322004,논벼,기본조사,벼관찰포,2026,4,이화명나방(발생면적율),세종특별자치시,0.0
202600204FC01010101322004,논벼,기본조사,벼관찰포,2026,4,혹명나방(발생추정면적),세종특별자치시,0.0
202600204FC01010101322004,논벼,기본조사,벼관찰포,2026,4,혹명나방(감수율),세종특별자치시,0.0
202600204FC01010101322004,논벼,기본조사,벼관찰포,2026,4,혹명나방(피해율),세종특별자치시,0.0
202600204FC01010101322004,논벼,기본조사,벼관찰포,2026,4,혹명나방(발생면적율),세종특별자치시,0.0
202600204FC01010101322004,논벼,기본조사,벼관찰포,2026,4,먹노린재(발생추정면적),세종특별자치시,0.0
202600204FC01010101322004,논벼,기본조사,벼관찰포,2026,4,먹노린재(감수율),세종특별자치시,0.0
202600204FC01010101322004,논벼,기본조사,벼관찰포,2026,4,먹노린재(피해율),세종특별자치시,0.0
202600204FC01010101322004,논벼,기본조사,벼관찰포,2026,4,먹노린재(발생면적율),세종특별자치시,0.0
202600204FC01010101322004,논벼,기본조사,벼관찰포,2026,4,벼멸구(발생추정면적),세종특별자치시,0.0
202600204FC01010101322004,논벼,기본조사,벼관찰포,2026,4,벼멸구(감수율),세종특별자치시,0.0
202600204FC01010101322004,논벼,기본조사,벼관찰포,2026,4,벼멸구(피해율),세종특별자치시,0.0
202600204FC01010101322004,논벼,기본조사,벼관찰포,2026,4,벼멸구(발생면적율),세종특별자치시,0.0
202600204FC01010101322004,논벼,기본조사,벼관찰포,2026,4,흰등멸구(발생추정면적),세종특별자치시,0.0
202600204FC01010101322004,논벼,기본조사,벼관찰포,2026,4,흰등멸구(감수율),세종특별자치시,0.0
202600204FC01010101322004,논벼,기본조사,벼관찰포,2026,4,흰등멸구(피해율),세종특별자치시,0.0
202600204FC01010101322004,논벼,기본조사,벼관찰포,2026,4,흰등멸구(발생면적율),세종특별자치시,0.0
202600204FC01010101322004,논벼,기본조사,벼관찰포,2026,4,잎집무늬마름병(발생추정면적),세종특별자치시,65.417
202600204FC01010101322004,논벼,기본조사,벼관찰포,2026,4,잎집무늬마름병(감수율),세종특별자치시,0.031
202600204FC01010101322004,논벼,기본조사,벼관찰포,2026,4,잎집무늬마름병(피해율),세종특별자치시,0.156
202600204FC01010101322004,논벼,기본조사,벼관찰포,2026,4,잎집무늬마름병(발생면적율),세종특별자치시,2.083
202600204FC01010101322004,논벼,기본조사,벼관찰포,2026,4,키다리병(발생추정면적),세종특별자치시,0.0
202600204FC01010101322004,논벼,기본조사,벼관찰포,2026,4,키다리병(감수율),세종특별자치시,0.0
202600204FC01010101322004,논벼,기본조사,벼관찰포,2026,4,키다리병(피해율),세종특별자치시,0.0
202600204FC01010101322004,논벼,기본조사,벼관찰포,2026,4,키다리병(발생면적율),세종특별자치시,0.0
202600204FC01010101322004,논벼,기본조사,벼관찰포,2026,4,이삭누룩병(발생추정면적),세종특별자치시,0.0
202600204FC01010101322004,논벼,기본조사,벼관찰포,2026,4,이삭누룩병(감수율),세종특별자치시,0.0
202600204FC01010101322004,논벼,기본조사,벼관찰포,2026,4,이삭누룩병(피해율),세종특별자치시,0.0
202600204FC01010101322004,논벼,기본조사,벼관찰포,2026,4,이삭누룩병(발생면적율),세종특별자치시,0.0
202600204FC01010101322004,논벼,기본조사,벼관찰포,2026,4,벼잎벌레(발생추정면적),세종특별자치시,0.0
202600204FC01010101322004,논벼,기본조사,벼관찰포,2026,4,벼잎벌레(감수율),세종특별자치시,0.0
202600204FC01010101322004,논벼,기본조사,벼관찰포,2026,4,벼잎벌레(피해율),세종특별자치시,0.0
202600204FC01010101322004,논벼,기본조사,벼관찰포,2026,4,벼잎벌레(발생면적율),세종특별자치시,0.0
202600204FC01010101322004,논벼,기본조사,벼관찰포,2026,4,벼애나방(발생추정면적),세종특별자치시,0.0
202600204FC01010101322004,논벼,기본조사,벼관찰포,2026,4,벼애나방(감수율),세종특별자치시,0.0
202600204FC01010101322004,논벼,기본조사,벼관찰포,2026,4,벼애나방(피해율),세종특별자치시,0.0
202600204FC01010101322004,논벼,기본조사,벼관찰포,2026,4,벼애나방(발생면적율),세종특별자치시,0.0
202600204FC01010101322004,논벼,기본조사,벼관찰포,2026,4,벼애잎굴파리(발생추정면적),세종특별자치시,0.0
202600204FC01010101322004,논벼,기본조사,벼관찰포,2026,4,벼애잎굴파리(감수율),세종특별자치시,0.0
202600204FC01010101322004,논벼,기본조사,벼관찰포,2026,4,벼애잎굴파리(피해율),세종특별자치시,0.0
202600204FC01010101322004,논벼,기본조사,벼관찰포,2026,4,벼애잎굴파리(발생면적율),세종특별자치시,0.0
202600204FC01010101322004,논벼,기본조사,벼관찰포,2026,4,벼줄기굴파리(발생추정면적),세종특별자치시,0.0
202600204FC01010101322004,논벼,기본조사,벼관찰포,2026,4,벼줄기굴파리(감수율),세종특별자치시,0.0
202600204FC01010101322004,논벼,기본조사,벼관찰포,2026,4,벼줄기굴파리(피해율),세종특별자치시,0.0
202600204FC01010101322004,논벼,기본조사,벼관찰포,2026,4,벼줄기굴파리(발생면적율),세종특별자치시,0.0
202600204FC01010101322004,논벼,기본조사,벼관찰포,2026,4,벼물바구미(발생추정면적),세종특별자치시,0.0
202600204FC01010101322004,논벼,기본조사,벼관찰포,2026,4,벼물바구미(감수율),세종특별자치시,0.0
202600204FC01010101322004,논벼,기본조사,벼관찰포,2026,4,벼물바구미(피해율),세종특별자치시,0.0
202600204FC01010101322004,논벼,기본조사,벼관찰포,2026,4,벼물바구미(발생면적율),세종특별자치시,0.0
202600204FC01010101322004,논벼,기본조사,벼관찰포,2026,4,애멸구(발생추정면적),세종특별자치시,0.0
202600204FC01010101322004,논벼,기본조사,벼관찰포,2026,4,애멸구(감수율),세종특별자치시,0.0
202600204FC01010101322004,논벼,기본조사,벼관찰포,2026,4,애멸구(피해율),세종특별자치시,0.0
202600204FC01010101322004,논벼,기본조사,벼관찰포,2026,4,애멸구(발생면적율),세종특별자치시,0.0
202600204FC01010101322004,논벼,기본조사,벼관찰포,2026,4,끝동매미충(발생추정면적),세종특별자치시,0.0
202600204FC01010101322004,논벼,기본조사,벼관찰포,2026,4,끝동매미충(감수율),세종특별자치시,0.0
202600204FC01010101322004,논벼,기본조사,벼관찰포,2026,4,끝동매미충(피해율),세종특별자치시,0.0
202600204FC01010101322004,논벼,기본조사,벼관찰포,2026,4,끝동매미충(발생면적율),세종특별자치시,0.0
202600204FC01010101322004,논벼,기본조사,벼관찰포,2026,4,멸강나방(발생추정면적),세종특별자치시,0.0
202600204FC01010101322004,논벼,기본조사,벼관찰포,2026,4,멸강나방(감수율),세종특별자치시,0.0
202600204FC01010101322004,논벼,기본조사,벼관찰포,2026,4,멸강나방(피해율),세종특별자치시,0.0
202600204FC01010101322004,논벼,기본조사,벼관찰포,2026,4,멸강나방(발생면적율),세종특별자치시,0.0
202600204FC01010101322004,논벼,기본조사,벼관찰포,2026,4,벼잎선충(발생추정면적),세종특별자치시,0.0
202600204FC01010101322004,논벼,기본조사,벼관찰포,2026,4,벼잎선충(감수율),세종특별자치시,0.0
202600204FC01010101322004,논벼,기본조사,벼관찰포,2026,4,벼잎선충(피해율),세종특별자치시,0.0
202600204FC01010101322004,논벼,기본조사,벼관찰포,2026,4,벼잎선충(발생면적율),세종특별자치시,0.0
202600204FC01010101322004,논벼,기본조사,벼관찰포,2026,4,잎도열병(발생추정면적),경기도,68.722
202600204FC01010101322004,논벼,기본조사,벼관찰포,2026,4,잎도열병(감수율),경기도,0.0
202600204FC01010101322004,논벼,기본조사,벼관찰포,2026,4,잎도열병(피해율),경기도,0.0
202600204FC01010101322004,논벼,기본조사,벼관찰포,2026,4,잎도열병(발생면적율),경기도,0.115
202600204FC01010101322004,논벼,기본조사,벼관찰포,2026,4,이삭도열병(발생추정면적),경기도,0.0
202600204FC01010101322004,논벼,기본조사,벼관찰포,2026,4,이삭도열병(감수율),경기도,0.0
202600204FC01010101322004,논벼,기본조사,벼관찰포,2026,4,이삭도열병(피해율),경기도,0.0
202600204FC01010101322004,논벼,기본조사,벼관찰포,2026,4,이삭도열병(발생면적율),경기도,0.0
202600204FC01010101322004,논벼,기본조사,벼관찰포,2026,4,세균벼알마름병(발생추정면적),경기도,0.0
202600204FC01010101322004,논벼,기본조사,벼관찰포,2026,4,세균벼알마름병(감수율),경기도,0.0
202600204FC01010101322004,논벼,기본조사,벼관찰포,2026,4,세균벼알마름병(피해율),경기도,0.0
202600204FC01010101322004,논벼,기본조사,벼관찰포,2026,4,세균벼알마름병(발생면적율),경기도,0.0
202600204FC01010101322004,논벼,기본조사,벼관찰포,2026,4,흰잎마름병(발생추정면적),경기도,0.0
202600204FC01010101322004,논벼,기본조사,벼관찰포,2026,4,흰잎마름병(감수율),경기도,0.0
202600204FC01010101322004,논벼,기본조사,벼관찰포,2026,4,흰잎마름병(피해율),경기도,0.0
202600204FC01010101322004,논벼,기본조사,벼관찰포,2026,4,흰잎마름병(발생면적율),경기도,0.0
202600204FC01010101322004,논벼,기본조사,벼관찰포,2026,4,깨씨무늬병(발생추정면적),경기도,0.0
202600204FC01010101322004,논벼,기본조사,벼관찰포,2026,4,깨씨무늬병(감수율),경기도,0.0
202600204FC01010101322004,논벼,기본조사,벼관찰포,2026,4,깨씨무늬병(피해율),경기도,0.0
202600204FC01010101322004,논벼,기본조사,벼관찰포,2026,4,깨씨무늬병(발생면적율),경기도,0.0
202600204FC01010101322004,논벼,기본조사,벼관찰포,2026,4,바이러스병(발생추정면적),경기도,0.0
202600204FC01010101322004,논벼,기본조사,벼관찰포,2026,4,바이러스병(감수율),경기도,0.0
202600204FC01010101322004,논벼,기본조사,벼관찰포,2026,4,바이러스병(피해율),경기도,0.0
202600204FC01010101322004,논벼,기본조사,벼관찰포,2026,4,바이러스병(발생면적율),경기도,0.0
202600204FC01010101322004,논벼,기본조사,벼관찰포,2026,4,이화명나방(발생추정면적),경기도,0.0
202600204FC01010101322004,논벼,기본조사,벼관찰포,2026,4,이화명나방(감수율),경기도,0.0
202600204FC01010101322004,논벼,기본조사,벼관찰포,2026,4,이화명나방(피해율),경기도,0.0
202600204FC01010101322004,논벼,기본조사,벼관찰포,2026,4,이화명나방(발생면적율),경기도,0.0
202600204FC01010101322004,논벼,기본조사,벼관찰포,2026,4,혹명나방(발생추정면적),경기도,0.0
202600204FC01010101322004,논벼,기본조사,벼관찰포,2026,4,혹명나방(감수율),경기도,0.0
202600204FC01010101322004,논벼,기본조사,벼관찰포,2026,4,혹명나방(피해율),경기도,0.0
202600204FC01010101322004,논벼,기본조사,벼관찰포,2026,4,혹명나방(발생면적율),경기도,0.0
202600204FC01010101322004,논벼,기본조사,벼관찰포,2026,4,먹노린재(발생추정면적),경기도,0.0
202600204FC01010101322004,논벼,기본조사,벼관찰포,2026,4,먹노린재(감수율),경기도,0.0
202600204FC01010101322004,논벼,기본조사,벼관찰포,2026,4,먹노린재(피해율),경기도,0.0
202600204FC01010101322004,논벼,기본조사,벼관찰포,2026,4,먹노린재(발생면적율),경기도,0.0
202600204FC01010101322004,논벼,기본조사,벼관찰포,2026,4,벼멸구(발생추정면적),경기도,0.0
202600204FC01010101322004,논벼,기본조사,벼관찰포,2026,4,벼멸구(감수율),경기도,0.0
202600204FC01010101322004,논벼,기본조사,벼관찰포,2026,4,벼멸구(피해율),경기도,0.0
202600204FC01010101322004,논벼,기본조사,벼관찰포,2026,4,벼멸구(발생면적율),경기도,0.0
202600204FC01010101322004,논벼,기본조사,벼관찰포,2026,4,흰등멸구(발생추정면적),경기도,0.0
202600204FC01010101322004,논벼,기본조사,벼관찰포,2026,4,흰등멸구(감수율),경기도,0.0
202600204FC01010101322004,논벼,기본조사,벼관찰포,2026,4,흰등멸구(피해율),경기도,0.0
202600204FC01010101322004,논벼,기본조사,벼관찰포,2026,4,흰등멸구(발생면적율),경기도,0.0
202600204FC01010101322004,논벼,기본조사,벼관찰포,2026,4,잎집무늬마름병(발생추정면적),경기도,0.0
202600204FC01010101322004,논벼,기본조사,벼관찰포,2026,4,잎집무늬마름병(감수율),경기도,0.0
202600204FC01010101322004,논벼,기본조사,벼관찰포,2026,4,잎집무늬마름병(피해율),경기도,0.0
202600204FC01010101322004,논벼,기본조사,벼관찰포,2026,4,잎집무늬마름병(발생면적율),경기도,0.0
202600204FC01010101322004,논벼,기본조사,벼관찰포,2026,4,키다리병(발생추정면적),경기도,0.0
202600204FC01010101322004,논벼,기본조사,벼관찰포,2026,4,키다리병(감수율),경기도,0.0
202600204FC01010101322004,논벼,기본조사,벼관찰포,2026,4,키다리병(피해율),경기도,0.0
202600204FC01010101322004,논벼,기본조사,벼관찰포,2026,4,키다리병(발생면적율),경기도,0.0
202600204FC01010101322004,논벼,기본조사,벼관찰포,2026,4,이삭누룩병(발생추정면적),경기도,0.0
202600204FC01010101322004,논벼,기본조사,벼관찰포,2026,4,이삭누룩병(감수율),경기도,0.0
202600204FC01010101322004,논벼,기본조사,벼관찰포,2026,4,이삭누룩병(피해율),경기도,0.0
202600204FC01010101322004,논벼,기본조사,벼관찰포,2026,4,이삭누룩병(발생면적율),경기도,0.0
202600204FC01010101322004,논벼,기본조사,벼관찰포,2026,4,벼잎벌레(발생추정면적),경기도,0.0
202600204FC01010101322004,논벼,기본조사,벼관찰포,2026,4,벼잎벌레(감수율),경기도,0.0
202600204FC01010101322004,논벼,기본조사,벼관찰포,2026,4,벼잎벌레(피해율),경기도,0.0
202600204FC01010101322004,논벼,기본조사,벼관찰포,2026,4,벼잎벌레(발생면적율),경기도,0.0
202600204FC01010101322004,논벼,기본조사,벼관찰포,2026,4,벼애나방(발생추정면적),경기도,0.0
202600204FC01010101322004,논벼,기본조사,벼관찰포,2026,4,벼애나방(감수율),경기도,0.0
202600204FC01010101322004,논벼,기본조사,벼관찰포,2026,4,벼애나방(피해율),경기도,0.0
202600204FC01010101322004,논벼,기본조사,벼관찰포,2026,4,벼애나방(발생면적율),경기도,0.0
202600204FC01010101322004,논벼,기본조사,벼관찰포,2026,4,벼애잎굴파리(발생추정면적),경기도,0.0
202600204FC01010101322004,논벼,기본조사,벼관찰포,2026,4,벼애잎굴파리(감수율),경기도,0.0
202600204FC01010101322004,논벼,기본조사,벼관찰포,2026,4,벼애잎굴파리(피해율),경기도,0.0
202600204FC01010101322004,논벼,기본조사,벼관찰포,2026,4,벼애잎굴파리(발생면적율),경기도,0.0
202600204FC01010101322004,논벼,기본조사,벼관찰포,2026,4,벼줄기굴파리(발생추정면적),경기도,0.0
202600204FC01010101322004,논벼,기본조사,벼관찰포,2026,4,벼줄기굴파리(감수율),경기도,0.0
202600204FC01010101322004,논벼,기본조사,벼관찰포,2026,4,벼줄기굴파리(피해율),경기도,0.0
202600204FC01010101322004,논벼,기본조사,벼관찰포,2026,4,벼줄기굴파리(발생면적율),경기도,0.0
202600204FC01010101322004,논벼,기본조사,벼관찰포,2026,4,벼물바구미(발생추정면적),경기도,0.0
202600204FC01010101322004,논벼,기본조사,벼관찰포,2026,4,벼물바구미(감수율),경기도,0.0
202600204FC01010101322004,논벼,기본조사,벼관찰포,2026,4,벼물바구미(피해율),경기도,0.0
202600204FC01010101322004,논벼,기본조사,벼관찰포,2026,4,벼물바구미(발생면적율),경기도,0.0
202600204FC01010101322004,논벼,기본조사,벼관찰포,2026,4,애멸구(발생추정면적),경기도,0.0
202600204FC01010101322004,논벼,기본조사,벼관찰포,2026,4,애멸구(감수율),경기도,0.0
202600204FC01010101322004,논벼,기본조사,벼관찰포,2026,4,애멸구(피해율),경기도,0.0
202600204FC01010101322004,논벼,기본조사,벼관찰포,2026,4,애멸구(발생면적율),경기도,0.0
202600204FC01010101322004,논벼,기본조사,벼관찰포,2026,4,끝동매미충(발생추정면적),경기도,0.0
202600204FC01010101322004,논벼,기본조사,벼관찰포,2026,4,끝동매미충(감수율),경기도,0.0
202600204FC01010101322004,논벼,기본조사,벼관찰포,2026,4,끝동매미충(피해율),경기도,0.0
202600204FC01010101322004,논벼,기본조사,벼관찰포,2026,4,끝동매미충(발생면적율),경기도,0.0
202600204FC01010101322004,논벼,기본조사,벼관찰포,2026,4,멸강나방(발생추정면적),경기도,0.0
202600204FC01010101322004,논벼,기본조사,벼관찰포,2026,4,멸강나방(감수율),경기도,0.0
202600204FC01010101322004,논벼,기본조사,벼관찰포,2026,4,멸강나방(피해율),경기도,0.0
202600204FC01010101322004,논벼,기본조사,벼관찰포,2026,4,멸강나방(발생면적율),경기도,0.0
202600204FC01010101322004,논벼,기본조사,벼관찰포,2026,4,벼잎선충(발생추정면적),경기도,0.0
202600204FC01010101322004,논벼,기본조사,벼관찰포,2026,4,벼잎선충(감수율),경기도,0.0
202600204FC01010101322004,논벼,기본조사,벼관찰포,2026,4,벼잎선충(피해율),경기도,0.0
202600204FC01010101322004,논벼,기본조사,벼관찰포,2026,4,벼잎선충(발생면적율),경기도,0.0
202600204FC01010101322004,논벼,기본조사,벼관찰포,2026,4,잎도열병(발생추정면적),강원특별자치도,112.395
202600204FC01010101322004,논벼,기본조사,벼관찰포,2026,4,잎도열병(감수율),강원특별자치도,0.001
202600204FC01010101322004,논벼,기본조사,벼관찰포,2026,4,잎도열병(피해율),강원특별자치도,0.006
202600204FC01010101322004,논벼,기본조사,벼관찰포,2026,4,잎도열병(발생면적율),강원특별자치도,0.485
202600204FC01010101322004,논벼,기본조사,벼관찰포,2026,4,이삭도열병(발생추정면적),강원특별자치도,0.0
202600204FC01010101322004,논벼,기본조사,벼관찰포,2026,4,이삭도열병(감수율),강원특별자치도,0.0
202600204FC01010101322004,논벼,기본조사,벼관찰포,2026,4,이삭도열병(피해율),강원특별자치도,0.0
202600204FC01010101322004,논벼,기본조사,벼관찰포,2026,4,이삭도열병(발생면적율),강원특별자치도,0.0
202600204FC01010101322004,논벼,기본조사,벼관찰포,2026,4,세균벼알마름병(발생추정면적),강원특별자치도,0.0
202600204FC01010101322004,논벼,기본조사,벼관찰포,2026,4,세균벼알마름병(감수율),강원특별자치도,0.0
202600204FC01010101322004,논벼,기본조사,벼관찰포,2026,4,세균벼알마름병(피해율),강원특별자치도,0.0
202600204FC01010101322004,논벼,기본조사,벼관찰포,2026,4,세균벼알마름병(발생면적율),강원특별자치도,0.0
202600204FC01010101322004,논벼,기본조사,벼관찰포,2026,4,흰잎마름병(발생추정면적),강원특별자치도,0.0
202600204FC01010101322004,논벼,기본조사,벼관찰포,2026,4,흰잎마름병(감수율),강원특별자치도,0.0
202600204FC01010101322004,논벼,기본조사,벼관찰포,2026,4,흰잎마름병(피해율),강원특별자치도,0.0
202600204FC01010101322004,논벼,기본조사,벼관찰포,2026,4,흰잎마름병(발생면적율),강원특별자치도,0.0
202600204FC01010101322004,논벼,기본조사,벼관찰포,2026,4,깨씨무늬병(발생추정면적),강원특별자치도,0.0
202600204FC01010101322004,논벼,기본조사,벼관찰포,2026,4,깨씨무늬병(감수율),강원특별자치도,0.0
202600204FC01010101322004,논벼,기본조사,벼관찰포,2026,4,깨씨무늬병(피해율),강원특별자치도,0.0
202600204FC01010101322004,논벼,기본조사,벼관찰포,2026,4,깨씨무늬병(발생면적율),강원특별자치도,0.0
202600204FC01010101322004,논벼,기본조사,벼관찰포,2026,4,바이러스병(발생추정면적),강원특별자치도,0.0
202600204FC01010101322004,논벼,기본조사,벼관찰포,2026,4,바이러스병(감수율),강원특별자치도,0.0
202600204FC01010101322004,논벼,기본조사,벼관찰포,2026,4,바이러스병(피해율),강원특별자치도,0.0
202600204FC01010101322004,논벼,기본조사,벼관찰포,2026,4,바이러스병(발생면적율),강원특별자치도,0.0
202600204FC01010101322004,논벼,기본조사,벼관찰포,2026,4,이화명나방(발생추정면적),강원특별자치도,0.0
202600204FC01010101322004,논벼,기본조사,벼관찰포,2026,4,이화명나방(감수율),강원특별자치도,0.0
202600204FC01010101322004,논벼,기본조사,벼관찰포,2026,4,이화명나방(피해율),강원특별자치도,0.0
202600204FC01010101322004,논벼,기본조사,벼관찰포,2026,4,이화명나방(발생면적율),강원특별자치도,0.0
202600204FC01010101322004,논벼,기본조사,벼관찰포,2026,4,혹명나방(발생추정면적),강원특별자치도,7.358
202600204FC01010101322004,논벼,기본조사,벼관찰포,2026,4,혹명나방(감수율),강원특별자치도,0.0
202600204FC01010101322004,논벼,기본조사,벼관찰포,2026,4,혹명나방(피해율),강원특별자치도,0.002
202600204FC01010101322004,논벼,기본조사,벼관찰포,2026,4,혹명나방(발생면적율),강원특별자치도,0.032
202600204FC01010101322004,논벼,기본조사,벼관찰포,2026,4,먹노린재(발생추정면적),강원특별자치도,0.0
202600204FC01010101322004,논벼,기본조사,벼관찰포,2026,4,먹노린재(감수율),강원특별자치도,0.0
202600204FC01010101322004,논벼,기본조사,벼관찰포,2026,4,먹노린재(피해율),강원특별자치도,0.0
202600204FC01010101322004,논벼,기본조사,벼관찰포,2026,4,먹노린재(발생면적율),강원특별자치도,0.0
202600204FC01010101322004,논벼,기본조사,벼관찰포,2026,4,벼멸구(발생추정면적),강원특별자치도,0.0
202600204FC01010101322004,논벼,기본조사,벼관찰포,2026,4,벼멸구(감수율),강원특별자치도,0.0
202600204FC01010101322004,논벼,기본조사,벼관찰포,2026,4,벼멸구(피해율),강원특별자치도,0.0
202600204FC01010101322004,논벼,기본조사,벼관찰포,2026,4,벼멸구(발생면적율),강원특별자치도,0.0
202600204FC01010101322004,논벼,기본조사,벼관찰포,2026,4,흰등멸구(발생추정면적),강원특별자치도,0.0
202600204FC01010101322004,논벼,기본조사,벼관찰포,2026,4,흰등멸구(감수율),강원특별자치도,0.0
202600204FC01010101322004,논벼,기본조사,벼관찰포,2026,4,흰등멸구(피해율),강원특별자치도,0.0
202600204FC01010101322004,논벼,기본조사,벼관찰포,2026,4,흰등멸구(발생면적율),강원특별자치도,0.0
202600204FC01010101322004,논벼,기본조사,벼관찰포,2026,4,잎집무늬마름병(발생추정면적),강원특별자치도,0.547
202600204FC01010101322004,논벼,기본조사,벼관찰포,2026,4,잎집무늬마름병(감수율),강원특별자치도,0.0
202600204FC01010101322004,논벼,기본조사,벼관찰포,2026,4,잎집무늬마름병(피해율),강원특별자치도,0.0
202600204FC01010101322004,논벼,기본조사,벼관찰포,2026,4,잎집무늬마름병(발생면적율),강원특별자치도,0.002
202600204FC01010101322004,논벼,기본조사,벼관찰포,2026,4,키다리병(발생추정면적),강원특별자치도,0.182
202600204FC01010101322004,논벼,기본조사,벼관찰포,2026,4,키다리병(감수율),강원특별자치도,0.0
202600204FC01010101322004,논벼,기본조사,벼관찰포,2026,4,키다리병(피해율),강원특별자치도,0.0
202600204FC01010101322004,논벼,기본조사,벼관찰포,2026,4,키다리병(발생면적율),강원특별자치도,0.001
202600204FC01010101322004,논벼,기본조사,벼관찰포,2026,4,이삭누룩병(발생추정면적),강원특별자치도,0.0
202600204FC01010101322004,논벼,기본조사,벼관찰포,2026,4,이삭누룩병(감수율),강원특별자치도,0.0
202600204FC01010101322004,논벼,기본조사,벼관찰포,2026,4,이삭누룩병(피해율),강원특별자치도,0.0
202600204FC01010101322004,논벼,기본조사,벼관찰포,2026,4,이삭누룩병(발생면적율),강원특별자치도,0.0
202600204FC01010101322004,논벼,기본조사,벼관찰포,2026,4,벼잎벌레(발생추정면적),강원특별자치도,0.0
202600204FC01010101322004,논벼,기본조사,벼관찰포,2026,4,벼잎벌레(감수율),강원특별자치도,0.0
202600204FC01010101322004,논벼,기본조사,벼관찰포,2026,4,벼잎벌레(피해율),강원특별자치도,0.0
202600204FC01010101322004,논벼,기본조사,벼관찰포,2026,4,벼잎벌레(발생면적율),강원특별자치도,0.0
202600204FC01010101322004,논벼,기본조사,벼관찰포,2026,4,벼애나방(발생추정면적),강원특별자치도,0.0
202600204FC01010101322004,논벼,기본조사,벼관찰포,2026,4,벼애나방(감수율),강원특별자치도,0.0
202600204FC01010101322004,논벼,기본조사,벼관찰포,2026,4,벼애나방(피해율),강원특별자치도,0.0
202600204FC01010101322004,논벼,기본조사,벼관찰포,2026,4,벼애나방(발생면적율),강원특별자치도,0.0
202600204FC01010101322004,논벼,기본조사,벼관찰포,2026,4,벼애잎굴파리(발생추정면적),강원특별자치도,0.0
202600204FC01010101322004,논벼,기본조사,벼관찰포,2026,4,벼애잎굴파리(감수율),강원특별자치도,0.0
202600204FC01010101322004,논벼,기본조사,벼관찰포,2026,4,벼애잎굴파리(피해율),강원특별자치도,0.0
202600204FC01010101322004,논벼,기본조사,벼관찰포,2026,4,벼애잎굴파리(발생면적율),강원특별자치도,0.0
202600204FC01010101322004,논벼,기본조사,벼관찰포,2026,4,벼줄기굴파리(발생추정면적),강원특별자치도,0.0
202600204FC01010101322004,논벼,기본조사,벼관찰포,2026,4,벼줄기굴파리(감수율),강원특별자치도,0.0
202600204FC01010101322004,논벼,기본조사,벼관찰포,2026,4,벼줄기굴파리(피해율),강원특별자치도,0.0
202600204FC01010101322004,논벼,기본조사,벼관찰포,2026,4,벼줄기굴파리(발생면적율),강원특별자치도,0.0
202600204FC01010101322004,논벼,기본조사,벼관찰포,2026,4,벼물바구미(발생추정면적),강원특별자치도,164.625
202600204FC01010101322004,논벼,기본조사,벼관찰포,2026,4,벼물바구미(감수율),강원특별자치도,0.006
202600204FC01010101322004,논벼,기본조사,벼관찰포,2026,4,벼물바구미(피해율),강원특별자치도,0.023
202600204FC01010101322004,논벼,기본조사,벼관찰포,2026,4,벼물바구미(발생면적율),강원특별자치도,0.711
202600204FC01010101322004,논벼,기본조사,벼관찰포,2026,4,애멸구(발생추정면적),강원특별자치도,0.0
202600204FC01010101322004,논벼,기본조사,벼관찰포,2026,4,애멸구(감수율),강원특별자치도,0.0
202600204FC01010101322004,논벼,기본조사,벼관찰포,2026,4,애멸구(피해율),강원특별자치도,0.0
202600204FC01010101322004,논벼,기본조사,벼관찰포,2026,4,애멸구(발생면적율),강원특별자치도,0.0
202600204FC01010101322004,논벼,기본조사,벼관찰포,2026,4,끝동매미충(발생추정면적),강원특별자치도,0.0
202600204FC01010101322004,논벼,기본조사,벼관찰포,2026,4,끝동매미충(감수율),강원특별자치도,0.0
202600204FC01010101322004,논벼,기본조사,벼관찰포,2026,4,끝동매미충(피해율),강원특별자치도,0.0
202600204FC01010101322004,논벼,기본조사,벼관찰포,2026,4,끝동매미충(발생면적율),강원특별자치도,0.0
202600204FC01010101322004,논벼,기본조사,벼관찰포,2026,4,멸강나방(발생추정면적),강원특별자치도,0.0
202600204FC01010101322004,논벼,기본조사,벼관찰포,2026,4,멸강나방(감수율),강원특별자치도,0.0
202600204FC01010101322004,논벼,기본조사,벼관찰포,2026,4,멸강나방(피해율),강원특별자치도,0.0
202600204FC01010101322004,논벼,기본조사,벼관찰포,2026,4,멸강나방(발생면적율),강원특별자치도,0.0
202600204FC01010101322004,논벼,기본조사,벼관찰포,2026,4,벼잎선충(발생추정면적),강원특별자치도,0.0
202600204FC01010101322004,논벼,기본조사,벼관찰포,2026,4,벼잎선충(감수율),강원특별자치도,0.0
202600204FC01010101322004,논벼,기본조사,벼관찰포,2026,4,벼잎선충(피해율),강원특별자치도,0.0
202600204FC01010101322004,논벼,기본조사,벼관찰포,2026,4,벼잎선충(발생면적율),강원특별자치도,0.0
202600204FC01010101322004,논벼,기본조사,벼관찰포,2026,4,잎도열병(발생추정면적),충청북도,0.0
202600204FC01010101322004,논벼,기본조사,벼관찰포,2026,4,잎도열병(감수율),충청북도,0.0
202600204FC01010101322004,논벼,기본조사,벼관찰포,2026,4,잎도열병(피해율),충청북도,0.0
202600204FC01010101322004,논벼,기본조사,벼관찰포,2026,4,잎도열병(발생면적율),충청북도,0.0
202600204FC01010101322004,논벼,기본조사,벼관찰포,2026,4,이삭도열병(발생추정면적),충청북도,0.0
202600204FC01010101322004,논벼,기본조사,벼관찰포,2026,4,이삭도열병(감수율),충청북도,0.0
202600204FC01010101322004,논벼,기본조사,벼관찰포,2026,4,이삭도열병(피해율),충청북도,0.0
202600204FC01010101322004,논벼,기본조사,벼관찰포,2026,4,이삭도열병(발생면적율),충청북도,0.0
202600204FC01010101322004,논벼,기본조사,벼관찰포,2026,4,세균벼알마름병(발생추정면적),충청북도,0.0
202600204FC01010101322004,논벼,기본조사,벼관찰포,2026,4,세균벼알마름병(감수율),충청북도,0.0
202600204FC01010101322004,논벼,기본조사,벼관찰포,2026,4,세균벼알마름병(피해율),충청북도,0.0
202600204FC01010101322004,논벼,기본조사,벼관찰포,2026,4,세균벼알마름병(발생면적율),충청북도,0.0
202600204FC01010101322004,논벼,기본조사,벼관찰포,2026,4,흰잎마름병(발생추정면적),충청북도,0.0
202600204FC01010101322004,논벼,기본조사,벼관찰포,2026,4,흰잎마름병(감수율),충청북도,0.0
202600204FC01010101322004,논벼,기본조사,벼관찰포,2026,4,흰잎마름병(피해율),충청북도,0.0
202600204FC01010101322004,논벼,기본조사,벼관찰포,2026,4,흰잎마름병(발생면적율),충청북도,0.0
202600204FC01010101322004,논벼,기본조사,벼관찰포,2026,4,깨씨무늬병(발생추정면적),충청북도,0.0
202600204FC01010101322004,논벼,기본조사,벼관찰포,2026,4,깨씨무늬병(감수율),충청북도,0.0
202600204FC01010101322004,논벼,기본조사,벼관찰포,2026,4,깨씨무늬병(피해율),충청북도,0.0
202600204FC01010101322004,논벼,기본조사,벼관찰포,2026,4,깨씨무늬병(발생면적율),충청북도,0.0
202600204FC01010101322004,논벼,기본조사,벼관찰포,2026,4,바이러스병(발생추정면적),충청북도,0.0
202600204FC01010101322004,논벼,기본조사,벼관찰포,2026,4,바이러스병(감수율),충청북도,0.0
202600204FC01010101322004,논벼,기본조사,벼관찰포,2026,4,바이러스병(피해율),충청북도,0.0
202600204FC01010101322004,논벼,기본조사,벼관찰포,2026,4,바이러스병(발생면적율),충청북도,0.0
202600204FC01010101322004,논벼,기본조사,벼관찰포,2026,4,이화명나방(발생추정면적),충청북도,0.0
202600204FC01010101322004,논벼,기본조사,벼관찰포,2026,4,이화명나방(감수율),충청북도,0.0
202600204FC01010101322004,논벼,기본조사,벼관찰포,2026,4,이화명나방(피해율),충청북도,0.0
202600204FC01010101322004,논벼,기본조사,벼관찰포,2026,4,이화명나방(발생면적율),충청북도,0.0
202600204FC01010101322004,논벼,기본조사,벼관찰포,2026,4,혹명나방(발생추정면적),충청북도,0.0
202600204FC01010101322004,논벼,기본조사,벼관찰포,2026,4,혹명나방(감수율),충청북도,0.0
202600204FC01010101322004,논벼,기본조사,벼관찰포,2026,4,혹명나방(피해율),충청북도,0.0
202600204FC01010101322004,논벼,기본조사,벼관찰포,2026,4,혹명나방(발생면적율),충청북도,0.0
202600204FC01010101322004,논벼,기본조사,벼관찰포,2026,4,먹노린재(발생추정면적),충청북도,1.6
202600204FC01010101322004,논벼,기본조사,벼관찰포,2026,4,먹노린재(감수율),충청북도,0.0
202600204FC01010101322004,논벼,기본조사,벼관찰포,2026,4,먹노린재(피해율),충청북도,0.0
202600204FC01010101322004,논벼,기본조사,벼관찰포,2026,4,먹노린재(발생면적율),충청북도,0.005
202600204FC01010101322004,논벼,기본조사,벼관찰포,2026,4,벼멸구(발생추정면적),충청북도,0.0
202600204FC01010101322004,논벼,기본조사,벼관찰포,2026,4,벼멸구(감수율),충청북도,0.0
202600204FC01010101322004,논벼,기본조사,벼관찰포,2026,4,벼멸구(피해율),충청북도,0.0
202600204FC01010101322004,논벼,기본조사,벼관찰포,2026,4,벼멸구(발생면적율),충청북도,0.0
202600204FC01010101322004,논벼,기본조사,벼관찰포,2026,4,흰등멸구(발생추정면적),충청북도,0.0
202600204FC01010101322004,논벼,기본조사,벼관찰포,2026,4,흰등멸구(감수율),충청북도,0.0
202600204FC01010101322004,논벼,기본조사,벼관찰포,2026,4,흰등멸구(피해율),충청북도,0.0
202600204FC01010101322004,논벼,기본조사,벼관찰포,2026,4,흰등멸구(발생면적율),충청북도,0.0
202600204FC01010101322004,논벼,기본조사,벼관찰포,2026,4,잎집무늬마름병(발생추정면적),충청북도,5.664
202600204FC01010101322004,논벼,기본조사,벼관찰포,2026,4,잎집무늬마름병(감수율),충청북도,0.0
202600204FC01010101322004,논벼,기본조사,벼관찰포,2026,4,잎집무늬마름병(피해율),충청북도,0.001
202600204FC01010101322004,논벼,기본조사,벼관찰포,2026,4,잎집무늬마름병(발생면적율),충청북도,0.019
202600204FC01010101322004,논벼,기본조사,벼관찰포,2026,4,키다리병(발생추정면적),충청북도,0.0
202600204FC01010101322004,논벼,기본조사,벼관찰포,2026,4,키다리병(감수율),충청북도,0.0
202600204FC01010101322004,논벼,기본조사,벼관찰포,2026,4,키다리병(피해율),충청북도,0.0
202600204FC01010101322004,논벼,기본조사,벼관찰포,2026,4,키다리병(발생면적율),충청북도,0.0
202600204FC01010101322004,논벼,기본조사,벼관찰포,2026,4,이삭누룩병(발생추정면적),충청북도,0.0
202600204FC01010101322004,논벼,기본조사,벼관찰포,2026,4,이삭누룩병(감수율),충청북도,0.0
202600204FC01010101322004,논벼,기본조사,벼관찰포,2026,4,이삭누룩병(피해율),충청북도,0.0
202600204FC01010101322004,논벼,기본조사,벼관찰포,2026,4,이삭누룩병(발생면적율),충청북도,0.0
202600204FC01010101322004,논벼,기본조사,벼관찰포,2026,4,벼잎벌레(발생추정면적),충청북도,0.0
202600204FC01010101322004,논벼,기본조사,벼관찰포,2026,4,벼잎벌레(감수율),충청북도,0.0
202600204FC01010101322004,논벼,기본조사,벼관찰포,2026,4,벼잎벌레(피해율),충청북도,0.0
202600204FC01010101322004,논벼,기본조사,벼관찰포,2026,4,벼잎벌레(발생면적율),충청북도,0.0
202600204FC01010101322004,논벼,기본조사,벼관찰포,2026,4,벼애나방(발생추정면적),충청북도,0.0
202600204FC01010101322004,논벼,기본조사,벼관찰포,2026,4,벼애나방(감수율),충청북도,0.0
202600204FC01010101322004,논벼,기본조사,벼관찰포,2026,4,벼애나방(피해율),충청북도,0.0
202600204FC01010101322004,논벼,기본조사,벼관찰포,2026,4,벼애나방(발생면적율),충청북도,0.0
202600204FC01010101322004,논벼,기본조사,벼관찰포,2026,4,벼애잎굴파리(발생추정면적),충청북도,0.0
202600204FC01010101322004,논벼,기본조사,벼관찰포,2026,4,벼애잎굴파리(감수율),충청북도,0.0
202600204FC01010101322004,논벼,기본조사,벼관찰포,2026,4,벼애잎굴파리(피해율),충청북도,0.0
202600204FC01010101322004,논벼,기본조사,벼관찰포,2026,4,벼애잎굴파리(발생면적율),충청북도,0.0
202600204FC01010101322004,논벼,기본조사,벼관찰포,2026,4,벼줄기굴파리(발생추정면적),충청북도,0.0
202600204FC01010101322004,논벼,기본조사,벼관찰포,2026,4,벼줄기굴파리(감수율),충청북도,0.0
202600204FC01010101322004,논벼,기본조사,벼관찰포,2026,4,벼줄기굴파리(피해율),충청북도,0.0
202600204FC01010101322004,논벼,기본조사,벼관찰포,2026,4,벼줄기굴파리(발생면적율),충청북도,0.0
202600204FC01010101322004,논벼,기본조사,벼관찰포,2026,4,벼물바구미(발생추정면적),충청북도,0.0
202600204FC01010101322004,논벼,기본조사,벼관찰포,2026,4,벼물바구미(감수율),충청북도,0.0
202600204FC01010101322004,논벼,기본조사,벼관찰포,2026,4,벼물바구미(피해율),충청북도,0.0
202600204FC01010101322004,논벼,기본조사,벼관찰포,2026,4,벼물바구미(발생면적율),충청북도,0.0
202600204FC01010101322004,논벼,기본조사,벼관찰포,2026,4,애멸구(발생추정면적),충청북도,0.0
202600204FC01010101322004,논벼,기본조사,벼관찰포,2026,4,애멸구(감수율),충청북도,0.0
202600204FC01010101322004,논벼,기본조사,벼관찰포,2026,4,애멸구(피해율),충청북도,0.0
202600204FC01010101322004,논벼,기본조사,벼관찰포,2026,4,애멸구(발생면적율),충청북도,0.0
202600204FC01010101322004,논벼,기본조사,벼관찰포,2026,4,끝동매미충(발생추정면적),충청북도,0.0
202600204FC01010101322004,논벼,기본조사,벼관찰포,2026,4,끝동매미충(감수율),충청북도,0.0
202600204FC01010101322004,논벼,기본조사,벼관찰포,2026,4,끝동매미충(피해율),충청북도,0.0
202600204FC01010101322004,논벼,기본조사,벼관찰포,2026,4,끝동매미충(발생면적율),충청북도,0.0
202600204FC01010101322004,논벼,기본조사,벼관찰포,2026,4,멸강나방(발생추정면적),충청북도,0.0
202600204FC01010101322004,논벼,기본조사,벼관찰포,2026,4,멸강나방(감수율),충청북도,0.0
202600204FC01010101322004,논벼,기본조사,벼관찰포,2026,4,멸강나방(피해율),충청북도,0.0
202600204FC01010101322004,논벼,기본조사,벼관찰포,2026,4,멸강나방(발생면적율),충청북도,0.0
202600204FC01010101322004,논벼,기본조사,벼관찰포,2026,4,벼잎선충(발생추정면적),충청북도,0.0
202600204FC01010101322004,논벼,기본조사,벼관찰포,2026,4,벼잎선충(감수율),충청북도,0.0
202600204FC01010101322004,논벼,기본조사,벼관찰포,2026,4,벼잎선충(피해율),충청북도,0.0
202600204FC01010101322004,논벼,기본조사,벼관찰포,2026,4,벼잎선충(발생면적율),충청북도,0.0
202600204FC01010101322004,논벼,기본조사,벼관찰포,2026,4,잎도열병(발생추정면적),충청남도,42.982
202600204FC01010101322004,논벼,기본조사,벼관찰포,2026,4,잎도열병(감수율),충청남도,0.0
202600204FC01010101322004,논벼,기본조사,벼관찰포,2026,4,잎도열병(피해율),충청남도,0.0
202600204FC01010101322004,논벼,기본조사,벼관찰포,2026,4,잎도열병(발생면적율),충청남도,0.04
202600204FC01010101322004,논벼,기본조사,벼관찰포,2026,4,이삭도열병(발생추정면적),충청남도,0.0
202600204FC01010101322004,논벼,기본조사,벼관찰포,2026,4,이삭도열병(감수율),충청남도,0.0
202600204FC01010101322004,논벼,기본조사,벼관찰포,2026,4,이삭도열병(피해율),충청남도,0.0
202600204FC01010101322004,논벼,기본조사,벼관찰포,2026,4,이삭도열병(발생면적율),충청남도,0.0
202600204FC01010101322004,논벼,기본조사,벼관찰포,2026,4,세균벼알마름병(발생추정면적),충청남도,0.0
202600204FC01010101322004,논벼,기본조사,벼관찰포,2026,4,세균벼알마름병(감수율),충청남도,0.0
202600204FC01010101322004,논벼,기본조사,벼관찰포,2026,4,세균벼알마름병(피해율),충청남도,0.0
202600204FC01010101322004,논벼,기본조사,벼관찰포,2026,4,세균벼알마름병(발생면적율),충청남도,0.0
202600204FC01010101322004,논벼,기본조사,벼관찰포,2026,4,흰잎마름병(발생추정면적),충청남도,5.744
202600204FC01010101322004,논벼,기본조사,벼관찰포,2026,4,흰잎마름병(감수율),충청남도,0.0
202600204FC01010101322004,논벼,기본조사,벼관찰포,2026,4,흰잎마름병(피해율),충청남도,0.0
202600204FC01010101322004,논벼,기본조사,벼관찰포,2026,4,흰잎마름병(발생면적율),충청남도,0.005
202600204FC01010101322004,논벼,기본조사,벼관찰포,2026,4,깨씨무늬병(발생추정면적),충청남도,0.0
202600204FC01010101322004,논벼,기본조사,벼관찰포,2026,4,깨씨무늬병(감수율),충청남도,0.0
202600204FC01010101322004,논벼,기본조사,벼관찰포,2026,4,깨씨무늬병(피해율),충청남도,0.0
202600204FC01010101322004,논벼,기본조사,벼관찰포,2026,4,깨씨무늬병(발생면적율),충청남도,0.0
202600204FC01010101322004,논벼,기본조사,벼관찰포,2026,4,바이러스병(발생추정면적),충청남도,0.0
202600204FC01010101322004,논벼,기본조사,벼관찰포,2026,4,바이러스병(감수율),충청남도,0.0
202600204FC01010101322004,논벼,기본조사,벼관찰포,2026,4,바이러스병(피해율),충청남도,0.0
202600204FC01010101322004,논벼,기본조사,벼관찰포,2026,4,바이러스병(발생면적율),충청남도,0.0
202600204FC01010101322004,논벼,기본조사,벼관찰포,2026,4,이화명나방(발생추정면적),충청남도,0.0
202600204FC01010101322004,논벼,기본조사,벼관찰포,2026,4,이화명나방(감수율),충청남도,0.0
202600204FC01010101322004,논벼,기본조사,벼관찰포,2026,4,이화명나방(피해율),충청남도,0.0
202600204FC01010101322004,논벼,기본조사,벼관찰포,2026,4,이화명나방(발생면적율),충청남도,0.0
202600204FC01010101322004,논벼,기본조사,벼관찰포,2026,4,혹명나방(발생추정면적),충청남도,38.242
202600204FC01010101322004,논벼,기본조사,벼관찰포,2026,4,혹명나방(감수율),충청남도,0.0
202600204FC01010101322004,논벼,기본조사,벼관찰포,2026,4,혹명나방(피해율),충청남도,0.002
202600204FC01010101322004,논벼,기본조사,벼관찰포,2026,4,혹명나방(발생면적율),충청남도,0.036
202600204FC01010101322004,논벼,기본조사,벼관찰포,2026,4,먹노린재(발생추정면적),충청남도,51.011
202600204FC01010101322004,논벼,기본조사,벼관찰포,2026,4,먹노린재(감수율),충청남도,0.001
202600204FC01010101322004,논벼,기본조사,벼관찰포,2026,4,먹노린재(피해율),충청남도,0.005
202600204FC01010101322004,논벼,기본조사,벼관찰포,2026,4,먹노린재(발생면적율),충청남도,0.048
202600204FC01010101322004,논벼,기본조사,벼관찰포,2026,4,벼멸구(발생추정면적),충청남도,0.0
202600204FC01010101322004,논벼,기본조사,벼관찰포,2026,4,벼멸구(감수율),충청남도,0.0
202600204FC01010101322004,논벼,기본조사,벼관찰포,2026,4,벼멸구(피해율),충청남도,0.0
202600204FC01010101322004,논벼,기본조사,벼관찰포,2026,4,벼멸구(발생면적율),충청남도,0.0
202600204FC01010101322004,논벼,기본조사,벼관찰포,2026,4,흰등멸구(발생추정면적),충청남도,2.717
202600204FC01010101322004,논벼,기본조사,벼관찰포,2026,4,흰등멸구(감수율),충청남도,0.0
202600204FC01010101322004,논벼,기본조사,벼관찰포,2026,4,흰등멸구(피해율),충청남도,0.0
202600204FC01010101322004,논벼,기본조사,벼관찰포,2026,4,흰등멸구(발생면적율),충청남도,0.003
202600204FC01010101322004,논벼,기본조사,벼관찰포,2026,4,잎집무늬마름병(발생추정면적),충청남도,48.214
202600204FC01010101322004,논벼,기본조사,벼관찰포,2026,4,잎집무늬마름병(감수율),충청남도,0.001
202600204FC01010101322004,논벼,기본조사,벼관찰포,2026,4,잎집무늬마름병(피해율),충청남도,0.003
202600204FC01010101322004,논벼,기본조사,벼관찰포,2026,4,잎집무늬마름병(발생면적율),충청남도,0.045
202600204FC01010101322004,논벼,기본조사,벼관찰포,2026,4,키다리병(발생추정면적),충청남도,62.622
202600204FC01010101322004,논벼,기본조사,벼관찰포,2026,4,키다리병(감수율),충청남도,0.001
202600204FC01010101322004,논벼,기본조사,벼관찰포,2026,4,키다리병(피해율),충청남도,0.001
202600204FC01010101322004,논벼,기본조사,벼관찰포,2026,4,키다리병(발생면적율),충청남도,0.059
202600204FC01010101322004,논벼,기본조사,벼관찰포,2026,4,이삭누룩병(발생추정면적),충청남도,0.0
202600204FC01010101322004,논벼,기본조사,벼관찰포,2026,4,이삭누룩병(감수율),충청남도,0.0
202600204FC01010101322004,논벼,기본조사,벼관찰포,2026,4,이삭누룩병(피해율),충청남도,0.0
202600204FC01010101322004,논벼,기본조사,벼관찰포,2026,4,이삭누룩병(발생면적율),충청남도,0.0
202600204FC01010101322004,논벼,기본조사,벼관찰포,2026,4,벼잎벌레(발생추정면적),충청남도,36.386
202600204FC01010101322004,논벼,기본조사,벼관찰포,2026,4,벼잎벌레(감수율),충청남도,0.0
202600204FC01010101322004,논벼,기본조사,벼관찰포,2026,4,벼잎벌레(피해율),충청남도,0.002
202600204FC01010101322004,논벼,기본조사,벼관찰포,2026,4,벼잎벌레(발생면적율),충청남도,0.034
202600204FC01010101322004,논벼,기본조사,벼관찰포,2026,4,벼애나방(발생추정면적),충청남도,8.041
202600204FC01010101322004,논벼,기본조사,벼관찰포,2026,4,벼애나방(감수율),충청남도,0.0
202600204FC01010101322004,논벼,기본조사,벼관찰포,2026,4,벼애나방(피해율),충청남도,0.0
202600204FC01010101322004,논벼,기본조사,벼관찰포,2026,4,벼애나방(발생면적율),충청남도,0.008
202600204FC01010101322004,논벼,기본조사,벼관찰포,2026,4,벼애잎굴파리(발생추정면적),충청남도,0.0
202600204FC01010101322004,논벼,기본조사,벼관찰포,2026,4,벼애잎굴파리(감수율),충청남도,0.0
202600204FC01010101322004,논벼,기본조사,벼관찰포,2026,4,벼애잎굴파리(피해율),충청남도,0.0
202600204FC01010101322004,논벼,기본조사,벼관찰포,2026,4,벼애잎굴파리(발생면적율),충청남도,0.0
202600204FC01010101322004,논벼,기본조사,벼관찰포,2026,4,벼줄기굴파리(발생추정면적),충청남도,0.0
202600204FC01010101322004,논벼,기본조사,벼관찰포,2026,4,벼줄기굴파리(감수율),충청남도,0.0
202600204FC01010101322004,논벼,기본조사,벼관찰포,2026,4,벼줄기굴파리(피해율),충청남도,0.0
202600204FC01010101322004,논벼,기본조사,벼관찰포,2026,4,벼줄기굴파리(발생면적율),충청남도,0.0
202600204FC01010101322004,논벼,기본조사,벼관찰포,2026,4,벼물바구미(발생추정면적),충청남도,0.616
202600204FC01010101322004,논벼,기본조사,벼관찰포,2026,4,벼물바구미(감수율),충청남도,0.0
202600204FC01010101322004,논벼,기본조사,벼관찰포,2026,4,벼물바구미(피해율),충청남도,0.0
202600204FC01010101322004,논벼,기본조사,벼관찰포,2026,4,벼물바구미(발생면적율),충청남도,0.001
202600204FC01010101322004,논벼,기본조사,벼관찰포,2026,4,애멸구(발생추정면적),충청남도,0.0
202600204FC01010101322004,논벼,기본조사,벼관찰포,2026,4,애멸구(감수율),충청남도,0.0
202600204FC01010101322004,논벼,기본조사,벼관찰포,2026,4,애멸구(피해율),충청남도,0.0
202600204FC01010101322004,논벼,기본조사,벼관찰포,2026,4,애멸구(발생면적율),충청남도,0.0
202600204FC01010101322004,논벼,기본조사,벼관찰포,2026,4,끝동매미충(발생추정면적),충청남도,2.885
202600204FC01010101322004,논벼,기본조사,벼관찰포,2026,4,끝동매미충(감수율),충청남도,0.0
202600204FC01010101322004,논벼,기본조사,벼관찰포,2026,4,끝동매미충(피해율),충청남도,0.0
202600204FC01010101322004,논벼,기본조사,벼관찰포,2026,4,끝동매미충(발생면적율),충청남도,0.003
202600204FC01010101322004,논벼,기본조사,벼관찰포,2026,4,멸강나방(발생추정면적),충청남도,0.0
202600204FC01010101322004,논벼,기본조사,벼관찰포,2026,4,멸강나방(감수율),충청남도,0.0
202600204FC01010101322004,논벼,기본조사,벼관찰포,2026,4,멸강나방(피해율),충청남도,0.0
202600204FC01010101322004,논벼,기본조사,벼관찰포,2026,4,멸강나방(발생면적율),충청남도,0.0
202600204FC01010101322004,논벼,기본조사,벼관찰포,2026,4,벼잎선충(발생추정면적),충청남도,0.0
202600204FC01010101322004,논벼,기본조사,벼관찰포,2026,4,벼잎선충(감수율),충청남도,0.0
202600204FC01010101322004,논벼,기본조사,벼관찰포,2026,4,벼잎선충(피해율),충청남도,0.0
202600204FC01010101322004,논벼,기본조사,벼관찰포,2026,4,벼잎선충(발생면적율),충청남도,0.0
202600204FC01010101322004,논벼,기본조사,벼관찰포,2026,4,잎도열병(발생추정면적),전북특별자치도,0.0
202600204FC01010101322004,논벼,기본조사,벼관찰포,2026,4,잎도열병(감수율),전북특별자치도,0.0
202600204FC01010101322004,논벼,기본조사,벼관찰포,2026,4,잎도열병(피해율),전북특별자치도,0.0
202600204FC01010101322004,논벼,기본조사,벼관찰포,2026,4,잎도열병(발생면적율),전북특별자치도,0.0
202600204FC01010101322004,논벼,기본조사,벼관찰포,2026,4,이삭도열병(발생추정면적),전북특별자치도,0.0
202600204FC01010101322004,논벼,기본조사,벼관찰포,2026,4,이삭도열병(감수율),전북특별자치도,0.0
202600204FC01010101322004,논벼,기본조사,벼관찰포,2026,4,이삭도열병(피해율),전북특별자치도,0.0
202600204FC01010101322004,논벼,기본조사,벼관찰포,2026,4,이삭도열병(발생면적율),전북특별자치도,0.0
202600204FC01010101322004,논벼,기본조사,벼관찰포,2026,4,세균벼알마름병(발생추정면적),전북특별자치도,0.0
202600204FC01010101322004,논벼,기본조사,벼관찰포,2026,4,세균벼알마름병(감수율),전북특별자치도,0.0
202600204FC01010101322004,논벼,기본조사,벼관찰포,2026,4,세균벼알마름병(피해율),전북특별자치도,0.0
202600204FC01010101322004,논벼,기본조사,벼관찰포,2026,4,세균벼알마름병(발생면적율),전북특별자치도,0.0
202600204FC01010101322004,논벼,기본조사,벼관찰포,2026,4,흰잎마름병(발생추정면적),전북특별자치도,0.0
202600204FC01010101322004,논벼,기본조사,벼관찰포,2026,4,흰잎마름병(감수율),전북특별자치도,0.0
202600204FC01010101322004,논벼,기본조사,벼관찰포,2026,4,흰잎마름병(피해율),전북특별자치도,0.0
202600204FC01010101322004,논벼,기본조사,벼관찰포,2026,4,흰잎마름병(발생면적율),전북특별자치도,0.0
202600204FC01010101322004,논벼,기본조사,벼관찰포,2026,4,깨씨무늬병(발생추정면적),전북특별자치도,0.0
202600204FC01010101322004,논벼,기본조사,벼관찰포,2026,4,깨씨무늬병(감수율),전북특별자치도,0.0
202600204FC01010101322004,논벼,기본조사,벼관찰포,2026,4,깨씨무늬병(피해율),전북특별자치도,0.0
202600204FC01010101322004,논벼,기본조사,벼관찰포,2026,4,깨씨무늬병(발생면적율),전북특별자치도,0.0
202600204FC01010101322004,논벼,기본조사,벼관찰포,2026,4,바이러스병(발생추정면적),전북특별자치도,0.0
202600204FC01010101322004,논벼,기본조사,벼관찰포,2026,4,바이러스병(감수율),전북특별자치도,0.0
202600204FC01010101322004,논벼,기본조사,벼관찰포,2026,4,바이러스병(피해율),전북특별자치도,0.0
202600204FC01010101322004,논벼,기본조사,벼관찰포,2026,4,바이러스병(발생면적율),전북특별자치도,0.0
202600204FC01010101322004,논벼,기본조사,벼관찰포,2026,4,이화명나방(발생추정면적),전북특별자치도,112.464
202600204FC01010101322004,논벼,기본조사,벼관찰포,2026,4,이화명나방(감수율),전북특별자치도,0.005
202600204FC01010101322004,논벼,기본조사,벼관찰포,2026,4,이화명나방(피해율),전북특별자치도,0.01
202600204FC01010101322004,논벼,기본조사,벼관찰포,2026,4,이화명나방(발생면적율),전북특별자치도,0.398
202600204FC01010101322004,논벼,기본조사,벼관찰포,2026,4,혹명나방(발생추정면적),전북특별자치도,0.0
202600204FC01010101322004,논벼,기본조사,벼관찰포,2026,4,혹명나방(감수율),전북특별자치도,0.0
202600204FC01010101322004,논벼,기본조사,벼관찰포,2026,4,혹명나방(피해율),전북특별자치도,0.0
202600204FC01010101322004,논벼,기본조사,벼관찰포,2026,4,혹명나방(발생면적율),전북특별자치도,0.0
202600204FC01010101322004,논벼,기본조사,벼관찰포,2026,4,먹노린재(발생추정면적),전북특별자치도,9.795
202600204FC01010101322004,논벼,기본조사,벼관찰포,2026,4,먹노린재(감수율),전북특별자치도,0.0
202600204FC01010101322004,논벼,기본조사,벼관찰포,2026,4,먹노린재(피해율),전북특별자치도,0.002
202600204FC01010101322004,논벼,기본조사,벼관찰포,2026,4,먹노린재(발생면적율),전북특별자치도,0.035
202600204FC01010101322004,논벼,기본조사,벼관찰포,2026,4,벼멸구(발생추정면적),전북특별자치도,0.0
202600204FC01010101322004,논벼,기본조사,벼관찰포,2026,4,벼멸구(감수율),전북특별자치도,0.0
202600204FC01010101322004,논벼,기본조사,벼관찰포,2026,4,벼멸구(피해율),전북특별자치도,0.0
202600204FC01010101322004,논벼,기본조사,벼관찰포,2026,4,벼멸구(발생면적율),전북특별자치도,0.0
202600204FC01010101322004,논벼,기본조사,벼관찰포,2026,4,흰등멸구(발생추정면적),전북특별자치도,0.0
202600204FC01010101322004,논벼,기본조사,벼관찰포,2026,4,흰등멸구(감수율),전북특별자치도,0.0
202600204FC01010101322004,논벼,기본조사,벼관찰포,2026,4,흰등멸구(피해율),전북특별자치도,0.0
202600204FC01010101322004,논벼,기본조사,벼관찰포,2026,4,흰등멸구(발생면적율),전북특별자치도,0.0
202600204FC01010101322004,논벼,기본조사,벼관찰포,2026,4,잎집무늬마름병(발생추정면적),전북특별자치도,9.795
202600204FC01010101322004,논벼,기본조사,벼관찰포,2026,4,잎집무늬마름병(감수율),전북특별자치도,0.001
202600204FC01010101322004,논벼,기본조사,벼관찰포,2026,4,잎집무늬마름병(피해율),전북특별자치도,0.003
202600204FC01010101322004,논벼,기본조사,벼관찰포,2026,4,잎집무늬마름병(발생면적율),전북특별자치도,0.035
202600204FC01010101322004,논벼,기본조사,벼관찰포,2026,4,키다리병(발생추정면적),전북특별자치도,0.0
202600204FC01010101322004,논벼,기본조사,벼관찰포,2026,4,키다리병(감수율),전북특별자치도,0.0
202600204FC01010101322004,논벼,기본조사,벼관찰포,2026,4,키다리병(피해율),전북특별자치도,0.0
202600204FC01010101322004,논벼,기본조사,벼관찰포,2026,4,키다리병(발생면적율),전북특별자치도,0.0
202600204FC01010101322004,논벼,기본조사,벼관찰포,2026,4,이삭누룩병(발생추정면적),전북특별자치도,0.0
202600204FC01010101322004,논벼,기본조사,벼관찰포,2026,4,이삭누룩병(감수율),전북특별자치도,0.0
202600204FC01010101322004,논벼,기본조사,벼관찰포,2026,4,이삭누룩병(피해율),전북특별자치도,0.0
202600204FC01010101322004,논벼,기본조사,벼관찰포,2026,4,이삭누룩병(발생면적율),전북특별자치도,0.0
202600204FC01010101322004,논벼,기본조사,벼관찰포,2026,4,벼잎벌레(발생추정면적),전북특별자치도,0.0
202600204FC01010101322004,논벼,기본조사,벼관찰포,2026,4,벼잎벌레(감수율),전북특별자치도,0.0
202600204FC01010101322004,논벼,기본조사,벼관찰포,2026,4,벼잎벌레(피해율),전북특별자치도,0.0
202600204FC01010101322004,논벼,기본조사,벼관찰포,2026,4,벼잎벌레(발생면적율),전북특별자치도,0.0
202600204FC01010101322004,논벼,기본조사,벼관찰포,2026,4,벼애나방(발생추정면적),전북특별자치도,0.0
202600204FC01010101322004,논벼,기본조사,벼관찰포,2026,4,벼애나방(감수율),전북특별자치도,0.0
202600204FC01010101322004,논벼,기본조사,벼관찰포,2026,4,벼애나방(피해율),전북특별자치도,0.0
202600204FC01010101322004,논벼,기본조사,벼관찰포,2026,4,벼애나방(발생면적율),전북특별자치도,0.0
202600204FC01010101322004,논벼,기본조사,벼관찰포,2026,4,벼애잎굴파리(발생추정면적),전북특별자치도,0.0
202600204FC01010101322004,논벼,기본조사,벼관찰포,2026,4,벼애잎굴파리(감수율),전북특별자치도,0.0
202600204FC01010101322004,논벼,기본조사,벼관찰포,2026,4,벼애잎굴파리(피해율),전북특별자치도,0.0
202600204FC01010101322004,논벼,기본조사,벼관찰포,2026,4,벼애잎굴파리(발생면적율),전북특별자치도,0.0
202600204FC01010101322004,논벼,기본조사,벼관찰포,2026,4,벼줄기굴파리(발생추정면적),전북특별자치도,0.0
202600204FC01010101322004,논벼,기본조사,벼관찰포,2026,4,벼줄기굴파리(감수율),전북특별자치도,0.0
202600204FC01010101322004,논벼,기본조사,벼관찰포,2026,4,벼줄기굴파리(피해율),전북특별자치도,0.0
202600204FC01010101322004,논벼,기본조사,벼관찰포,2026,4,벼줄기굴파리(발생면적율),전북특별자치도,0.0
202600204FC01010101322004,논벼,기본조사,벼관찰포,2026,4,벼물바구미(발생추정면적),전북특별자치도,0.0
202600204FC01010101322004,논벼,기본조사,벼관찰포,2026,4,벼물바구미(감수율),전북특별자치도,0.0
202600204FC01010101322004,논벼,기본조사,벼관찰포,2026,4,벼물바구미(피해율),전북특별자치도,0.0
202600204FC01010101322004,논벼,기본조사,벼관찰포,2026,4,벼물바구미(발생면적율),전북특별자치도,0.0
202600204FC01010101322004,논벼,기본조사,벼관찰포,2026,4,애멸구(발생추정면적),전북특별자치도,0.0
202600204FC01010101322004,논벼,기본조사,벼관찰포,2026,4,애멸구(감수율),전북특별자치도,0.0
202600204FC01010101322004,논벼,기본조사,벼관찰포,2026,4,애멸구(피해율),전북특별자치도,0.0
202600204FC01010101322004,논벼,기본조사,벼관찰포,2026,4,애멸구(발생면적율),전북특별자치도,0.0
202600204FC01010101322004,논벼,기본조사,벼관찰포,2026,4,끝동매미충(발생추정면적),전북특별자치도,0.0
202600204FC01010101322004,논벼,기본조사,벼관찰포,2026,4,끝동매미충(감수율),전북특별자치도,0.0
202600204FC01010101322004,논벼,기본조사,벼관찰포,2026,4,끝동매미충(피해율),전북특별자치도,0.0
202600204FC01010101322004,논벼,기본조사,벼관찰포,2026,4,끝동매미충(발생면적율),전북특별자치도,0.0
202600204FC01010101322004,논벼,기본조사,벼관찰포,2026,4,멸강나방(발생추정면적),전북특별자치도,0.0
202600204FC01010101322004,논벼,기본조사,벼관찰포,2026,4,멸강나방(감수율),전북특별자치도,0.0
202600204FC01010101322004,논벼,기본조사,벼관찰포,2026,4,멸강나방(피해율),전북특별자치도,0.0
202600204FC01010101322004,논벼,기본조사,벼관찰포,2026,4,멸강나방(발생면적율),전북특별자치도,0.0
202600204FC01010101322004,논벼,기본조사,벼관찰포,2026,4,벼잎선충(발생추정면적),전북특별자치도,0.0
202600204FC01010101322004,논벼,기본조사,벼관찰포,2026,4,벼잎선충(감수율),전북특별자치도,0.0
202600204FC01010101322004,논벼,기본조사,벼관찰포,2026,4,벼잎선충(피해율),전북특별자치도,0.0
202600204FC01010101322004,논벼,기본조사,벼관찰포,2026,4,벼잎선충(발생면적율),전북특별자치도,0.0
202600204FC01010101322004,논벼,기본조사,벼관찰포,2026,4,잎도열병(발생추정면적),전남광주통합특별시,2377.969
202600204FC01010101322004,논벼,기본조사,벼관찰포,2026,4,잎도열병(감수율),전남광주통합특별시,0.001
202600204FC01010101322004,논벼,기본조사,벼관찰포,2026,4,잎도열병(피해율),전남광주통합특별시,0.006
202600204FC01010101322004,논벼,기본조사,벼관찰포,2026,4,잎도열병(발생면적율),전남광주통합특별시,1.476
202600204FC01010101322004,논벼,기본조사,벼관찰포,2026,4,이삭도열병(발생추정면적),전남광주통합특별시,0.0
202600204FC01010101322004,논벼,기본조사,벼관찰포,2026,4,이삭도열병(감수율),전남광주통합특별시,0.0
202600204FC01010101322004,논벼,기본조사,벼관찰포,2026,4,이삭도열병(피해율),전남광주통합특별시,0.0
202600204FC01010101322004,논벼,기본조사,벼관찰포,2026,4,이삭도열병(발생면적율),전남광주통합특별시,0.0
202600204FC01010101322004,논벼,기본조사,벼관찰포,2026,4,세균벼알마름병(발생추정면적),전남광주통합특별시,0.0
202600204FC01010101322004,논벼,기본조사,벼관찰포,2026,4,세균벼알마름병(감수율),전남광주통합특별시,0.0
202600204FC01010101322004,논벼,기본조사,벼관찰포,2026,4,세균벼알마름병(피해율),전남광주통합특별시,0.0
202600204FC01010101322004,논벼,기본조사,벼관찰포,2026,4,세균벼알마름병(발생면적율),전남광주통합특별시,0.0
202600204FC01010101322004,논벼,기본조사,벼관찰포,2026,4,흰잎마름병(발생추정면적),전남광주통합특별시,2.94
202600204FC01010101322004,논벼,기본조사,벼관찰포,2026,4,흰잎마름병(감수율),전남광주통합특별시,0.0
202600204FC01010101322004,논벼,기본조사,벼관찰포,2026,4,흰잎마름병(피해율),전남광주통합특별시,0.0
202600204FC01010101322004,논벼,기본조사,벼관찰포,2026,4,흰잎마름병(발생면적율),전남광주통합특별시,0.002
202600204FC01010101322004,논벼,기본조사,벼관찰포,2026,4,깨씨무늬병(발생추정면적),전남광주통합특별시,113.317
202600204FC01010101322004,논벼,기본조사,벼관찰포,2026,4,깨씨무늬병(감수율),전남광주통합특별시,0.001
202600204FC01010101322004,논벼,기본조사,벼관찰포,2026,4,깨씨무늬병(피해율),전남광주통합특별시,0.004
202600204FC01010101322004,논벼,기본조사,벼관찰포,2026,4,깨씨무늬병(발생면적율),전남광주통합특별시,0.07
202600204FC01010101322004,논벼,기본조사,벼관찰포,2026,4,바이러스병(발생추정면적),전남광주통합특별시,5.038
202600204FC01010101322004,논벼,기본조사,벼관찰포,2026,4,바이러스병(감수율),전남광주통합특별시,0.0
202600204FC01010101322004,논벼,기본조사,벼관찰포,2026,4,바이러스병(피해율),전남광주통합특별시,0.0
202600204FC01010101322004,논벼,기본조사,벼관찰포,2026,4,바이러스병(발생면적율),전남광주통합특별시,0.003
202600204FC01010101322004,논벼,기본조사,벼관찰포,2026,4,이화명나방(발생추정면적),전남광주통합특별시,58.091
202600204FC01010101322004,논벼,기본조사,벼관찰포,2026,4,이화명나방(감수율),전남광주통합특별시,0.0
202600204FC01010101322004,논벼,기본조사,벼관찰포,2026,4,이화명나방(피해율),전남광주통합특별시,0.001
202600204FC01010101322004,논벼,기본조사,벼관찰포,2026,4,이화명나방(발생면적율),전남광주통합특별시,0.036
202600204FC01010101322004,논벼,기본조사,벼관찰포,2026,4,혹명나방(발생추정면적),전남광주통합특별시,845.331
202600204FC01010101322004,논벼,기본조사,벼관찰포,2026,4,혹명나방(감수율),전남광주통합특별시,0.005
202600204FC01010101322004,논벼,기본조사,벼관찰포,2026,4,혹명나방(피해율),전남광주통합특별시,0.027
202600204FC01010101322004,논벼,기본조사,벼관찰포,2026,4,혹명나방(발생면적율),전남광주통합특별시,0.525
202600204FC01010101322004,논벼,기본조사,벼관찰포,2026,4,먹노린재(발생추정면적),전남광주통합특별시,717.752
202600204FC01010101322004,논벼,기본조사,벼관찰포,2026,4,먹노린재(감수율),전남광주통합특별시,0.005
202600204FC01010101322004,논벼,기본조사,벼관찰포,2026,4,먹노린재(피해율),전남광주통합특별시,0.027
202600204FC01010101322004,논벼,기본조사,벼관찰포,2026,4,먹노린재(발생면적율),전남광주통합특별시,0.445
202600204FC01010101322004,논벼,기본조사,벼관찰포,2026,4,벼멸구(발생추정면적),전남광주통합특별시,0.0
202600204FC01010101322004,논벼,기본조사,벼관찰포,2026,4,벼멸구(감수율),전남광주통합특별시,0.0
202600204FC01010101322004,논벼,기본조사,벼관찰포,2026,4,벼멸구(피해율),전남광주통합특별시,0.0
202600204FC01010101322004,논벼,기본조사,벼관찰포,2026,4,벼멸구(발생면적율),전남광주통합특별시,0.0
202600204FC01010101322004,논벼,기본조사,벼관찰포,2026,4,흰등멸구(발생추정면적),전남광주통합특별시,34.478
202600204FC01010101322004,논벼,기본조사,벼관찰포,2026,4,흰등멸구(감수율),전남광주통합특별시,0.001
202600204FC01010101322004,논벼,기본조사,벼관찰포,2026,4,흰등멸구(피해율),전남광주통합특별시,0.002
202600204FC01010101322004,논벼,기본조사,벼관찰포,2026,4,흰등멸구(발생면적율),전남광주통합특별시,0.021
202600204FC01010101322004,논벼,기본조사,벼관찰포,2026,4,잎집무늬마름병(발생추정면적),전남광주통합특별시,254.694
202600204FC01010101322004,논벼,기본조사,벼관찰포,2026,4,잎집무늬마름병(감수율),전남광주통합특별시,0.002
202600204FC01010101322004,논벼,기본조사,벼관찰포,2026,4,잎집무늬마름병(피해율),전남광주통합특별시,0.012
202600204FC01010101322004,논벼,기본조사,벼관찰포,2026,4,잎집무늬마름병(발생면적율),전남광주통합특별시,0.158
202600204FC01010101322004,논벼,기본조사,벼관찰포,2026,4,키다리병(발생추정면적),전남광주통합특별시,21.611
202600204FC01010101322004,논벼,기본조사,벼관찰포,2026,4,키다리병(감수율),전남광주통합특별시,0.0
202600204FC01010101322004,논벼,기본조사,벼관찰포,2026,4,키다리병(피해율),전남광주통합특별시,0.0
202600204FC01010101322004,논벼,기본조사,벼관찰포,2026,4,키다리병(발생면적율),전남광주통합특별시,0.013
202600204FC01010101322004,논벼,기본조사,벼관찰포,2026,4,이삭누룩병(발생추정면적),전남광주통합특별시,0.0
202600204FC01010101322004,논벼,기본조사,벼관찰포,2026,4,이삭누룩병(감수율),전남광주통합특별시,0.0
202600204FC01010101322004,논벼,기본조사,벼관찰포,2026,4,이삭누룩병(피해율),전남광주통합특별시,0.0
202600204FC01010101322004,논벼,기본조사,벼관찰포,2026,4,이삭누룩병(발생면적율),전남광주통합특별시,0.0
202600204FC01010101322004,논벼,기본조사,벼관찰포,2026,4,벼잎벌레(발생추정면적),전남광주통합특별시,96.775
202600204FC01010101322004,논벼,기본조사,벼관찰포,2026,4,벼잎벌레(감수율),전남광주통합특별시,0.001
202600204FC01010101322004,논벼,기본조사,벼관찰포,2026,4,벼잎벌레(피해율),전남광주통합특별시,0.003
202600204FC01010101322004,논벼,기본조사,벼관찰포,2026,4,벼잎벌레(발생면적율),전남광주통합특별시,0.06
202600204FC01010101322004,논벼,기본조사,벼관찰포,2026,4,벼애나방(발생추정면적),전남광주통합특별시,3.359
202600204FC01010101322004,논벼,기본조사,벼관찰포,2026,4,벼애나방(감수율),전남광주통합특별시,0.0
202600204FC01010101322004,논벼,기본조사,벼관찰포,2026,4,벼애나방(피해율),전남광주통합특별시,0.0
202600204FC01010101322004,논벼,기본조사,벼관찰포,2026,4,벼애나방(발생면적율),전남광주통합특별시,0.002
202600204FC01010101322004,논벼,기본조사,벼관찰포,2026,4,벼애잎굴파리(발생추정면적),전남광주통합특별시,0.0
202600204FC01010101322004,논벼,기본조사,벼관찰포,2026,4,벼애잎굴파리(감수율),전남광주통합특별시,0.0
202600204FC01010101322004,논벼,기본조사,벼관찰포,2026,4,벼애잎굴파리(피해율),전남광주통합특별시,0.0
202600204FC01010101322004,논벼,기본조사,벼관찰포,2026,4,벼애잎굴파리(발생면적율),전남광주통합특별시,0.0
202600204FC01010101322004,논벼,기본조사,벼관찰포,2026,4,벼줄기굴파리(발생추정면적),전남광주통합특별시,0.0
202600204FC01010101322004,논벼,기본조사,벼관찰포,2026,4,벼줄기굴파리(감수율),전남광주통합특별시,0.0
202600204FC01010101322004,논벼,기본조사,벼관찰포,2026,4,벼줄기굴파리(피해율),전남광주통합특별시,0.0
202600204FC01010101322004,논벼,기본조사,벼관찰포,2026,4,벼줄기굴파리(발생면적율),전남광주통합특별시,0.0
202600204FC01010101322004,논벼,기본조사,벼관찰포,2026,4,벼물바구미(발생추정면적),전남광주통합특별시,38.742
202600204FC01010101322004,논벼,기본조사,벼관찰포,2026,4,벼물바구미(감수율),전남광주통합특별시,0.0
202600204FC01010101322004,논벼,기본조사,벼관찰포,2026,4,벼물바구미(피해율),전남광주통합특별시,0.001
202600204FC01010101322004,논벼,기본조사,벼관찰포,2026,4,벼물바구미(발생면적율),전남광주통합특별시,0.024
202600204FC01010101322004,논벼,기본조사,벼관찰포,2026,4,애멸구(발생추정면적),전남광주통합특별시,586.219
202600204FC01010101322004,논벼,기본조사,벼관찰포,2026,4,애멸구(감수율),전남광주통합특별시,0.043
202600204FC01010101322004,논벼,기본조사,벼관찰포,2026,4,애멸구(피해율),전남광주통합특별시,0.107
202600204FC01010101322004,논벼,기본조사,벼관찰포,2026,4,애멸구(발생면적율),전남광주통합특별시,0.364
202600204FC01010101322004,논벼,기본조사,벼관찰포,2026,4,끝동매미충(발생추정면적),전남광주통합특별시,78.97
202600204FC01010101322004,논벼,기본조사,벼관찰포,2026,4,끝동매미충(감수율),전남광주통합특별시,0.001
202600204FC01010101322004,논벼,기본조사,벼관찰포,2026,4,끝동매미충(피해율),전남광주통합특별시,0.003
202600204FC01010101322004,논벼,기본조사,벼관찰포,2026,4,끝동매미충(발생면적율),전남광주통합특별시,0.049
202600204FC01010101322004,논벼,기본조사,벼관찰포,2026,4,멸강나방(발생추정면적),전남광주통합특별시,0.0
202600204FC01010101322004,논벼,기본조사,벼관찰포,2026,4,멸강나방(감수율),전남광주통합특별시,0.0
202600204FC01010101322004,논벼,기본조사,벼관찰포,2026,4,멸강나방(피해율),전남광주통합특별시,0.0
202600204FC01010101322004,논벼,기본조사,벼관찰포,2026,4,멸강나방(발생면적율),전남광주통합특별시,0.0
202600204FC01010101322004,논벼,기본조사,벼관찰포,2026,4,벼잎선충(발생추정면적),전남광주통합특별시,20.043
202600204FC01010101322004,논벼,기본조사,벼관찰포,2026,4,벼잎선충(감수율),전남광주통합특별시,0.0
202600204FC01010101322004,논벼,기본조사,벼관찰포,2026,4,벼잎선충(피해율),전남광주통합특별시,0.0
202600204FC01010101322004,논벼,기본조사,벼관찰포,2026,4,벼잎선충(발생면적율),전남광주통합특별시,0.012
202600204FC01010101322004,논벼,기본조사,벼관찰포,2026,4,잎도열병(발생추정면적),경상북도,46.743
202600204FC01010101322004,논벼,기본조사,벼관찰포,2026,4,잎도열병(감수율),경상북도,0.0
202600204FC01010101322004,논벼,기본조사,벼관찰포,2026,4,잎도열병(피해율),경상북도,0.0
202600204FC01010101322004,논벼,기본조사,벼관찰포,2026,4,잎도열병(발생면적율),경상북도,0.058
202600204FC01010101322004,논벼,기본조사,벼관찰포,2026,4,이삭도열병(발생추정면적),경상북도,0.0
202600204FC01010101322004,논벼,기본조사,벼관찰포,2026,4,이삭도열병(감수율),경상북도,0.0
202600204FC01010101322004,논벼,기본조사,벼관찰포,2026,4,이삭도열병(피해율),경상북도,0.0
202600204FC01010101322004,논벼,기본조사,벼관찰포,2026,4,이삭도열병(발생면적율),경상북도,0.0
202600204FC01010101322004,논벼,기본조사,벼관찰포,2026,4,세균벼알마름병(발생추정면적),경상북도,0.0
202600204FC01010101322004,논벼,기본조사,벼관찰포,2026,4,세균벼알마름병(감수율),경상북도,0.0
202600204FC01010101322004,논벼,기본조사,벼관찰포,2026,4,세균벼알마름병(피해율),경상북도,0.0
202600204FC01010101322004,논벼,기본조사,벼관찰포,2026,4,세균벼알마름병(발생면적율),경상북도,0.0
202600204FC01010101322004,논벼,기본조사,벼관찰포,2026,4,흰잎마름병(발생추정면적),경상북도,0.0
202600204FC01010101322004,논벼,기본조사,벼관찰포,2026,4,흰잎마름병(감수율),경상북도,0.0
202600204FC01010101322004,논벼,기본조사,벼관찰포,2026,4,흰잎마름병(피해율),경상북도,0.0
202600204FC01010101322004,논벼,기본조사,벼관찰포,2026,4,흰잎마름병(발생면적율),경상북도,0.0
202600204FC01010101322004,논벼,기본조사,벼관찰포,2026,4,깨씨무늬병(발생추정면적),경상북도,0.0
202600204FC01010101322004,논벼,기본조사,벼관찰포,2026,4,깨씨무늬병(감수율),경상북도,0.0
202600204FC01010101322004,논벼,기본조사,벼관찰포,2026,4,깨씨무늬병(피해율),경상북도,0.0
202600204FC01010101322004,논벼,기본조사,벼관찰포,2026,4,깨씨무늬병(발생면적율),경상북도,0.0
202600204FC01010101322004,논벼,기본조사,벼관찰포,2026,4,바이러스병(발생추정면적),경상북도,0.0
202600204FC01010101322004,논벼,기본조사,벼관찰포,2026,4,바이러스병(감수율),경상북도,0.0
202600204FC01010101322004,논벼,기본조사,벼관찰포,2026,4,바이러스병(피해율),경상북도,0.0
202600204FC01010101322004,논벼,기본조사,벼관찰포,2026,4,바이러스병(발생면적율),경상북도,0.0
202600204FC01010101322004,논벼,기본조사,벼관찰포,2026,4,이화명나방(발생추정면적),경상북도,0.599
202600204FC01010101322004,논벼,기본조사,벼관찰포,2026,4,이화명나방(감수율),경상북도,0.0
202600204FC01010101322004,논벼,기본조사,벼관찰포,2026,4,이화명나방(피해율),경상북도,0.0
202600204FC01010101322004,논벼,기본조사,벼관찰포,2026,4,이화명나방(발생면적율),경상북도,0.001
202600204FC01010101322004,논벼,기본조사,벼관찰포,2026,4,혹명나방(발생추정면적),경상북도,6.187
202600204FC01010101322004,논벼,기본조사,벼관찰포,2026,4,혹명나방(감수율),경상북도,0.0
202600204FC01010101322004,논벼,기본조사,벼관찰포,2026,4,혹명나방(피해율),경상북도,0.0
202600204FC01010101322004,논벼,기본조사,벼관찰포,2026,4,혹명나방(발생면적율),경상북도,0.008
202600204FC01010101322004,논벼,기본조사,벼관찰포,2026,4,먹노린재(발생추정면적),경상북도,0.599
202600204FC01010101322004,논벼,기본조사,벼관찰포,2026,4,먹노린재(감수율),경상북도,0.0
202600204FC01010101322004,논벼,기본조사,벼관찰포,2026,4,먹노린재(피해율),경상북도,0.0
202600204FC01010101322004,논벼,기본조사,벼관찰포,2026,4,먹노린재(발생면적율),경상북도,0.001
202600204FC01010101322004,논벼,기본조사,벼관찰포,2026,4,벼멸구(발생추정면적),경상북도,0.0
202600204FC01010101322004,논벼,기본조사,벼관찰포,2026,4,벼멸구(감수율),경상북도,0.0
202600204FC01010101322004,논벼,기본조사,벼관찰포,2026,4,벼멸구(피해율),경상북도,0.0
202600204FC01010101322004,논벼,기본조사,벼관찰포,2026,4,벼멸구(발생면적율),경상북도,0.0
202600204FC01010101322004,논벼,기본조사,벼관찰포,2026,4,흰등멸구(발생추정면적),경상북도,0.0
202600204FC01010101322004,논벼,기본조사,벼관찰포,2026,4,흰등멸구(감수율),경상북도,0.0
202600204FC01010101322004,논벼,기본조사,벼관찰포,2026,4,흰등멸구(피해율),경상북도,0.0
202600204FC01010101322004,논벼,기본조사,벼관찰포,2026,4,흰등멸구(발생면적율),경상북도,0.0
202600204FC01010101322004,논벼,기본조사,벼관찰포,2026,4,잎집무늬마름병(발생추정면적),경상북도,0.0
202600204FC01010101322004,논벼,기본조사,벼관찰포,2026,4,잎집무늬마름병(감수율),경상북도,0.0
202600204FC01010101322004,논벼,기본조사,벼관찰포,2026,4,잎집무늬마름병(피해율),경상북도,0.0
202600204FC01010101322004,논벼,기본조사,벼관찰포,2026,4,잎집무늬마름병(발생면적율),경상북도,0.0
202600204FC01010101322004,논벼,기본조사,벼관찰포,2026,4,키다리병(발생추정면적),경상북도,0.0
202600204FC01010101322004,논벼,기본조사,벼관찰포,2026,4,키다리병(감수율),경상북도,0.0
202600204FC01010101322004,논벼,기본조사,벼관찰포,2026,4,키다리병(피해율),경상북도,0.0
202600204FC01010101322004,논벼,기본조사,벼관찰포,2026,4,키다리병(발생면적율),경상북도,0.0
202600204FC01010101322004,논벼,기본조사,벼관찰포,2026,4,이삭누룩병(발생추정면적),경상북도,0.0
202600204FC01010101322004,논벼,기본조사,벼관찰포,2026,4,이삭누룩병(감수율),경상북도,0.0
202600204FC01010101322004,논벼,기본조사,벼관찰포,2026,4,이삭누룩병(피해율),경상북도,0.0
202600204FC01010101322004,논벼,기본조사,벼관찰포,2026,4,이삭누룩병(발생면적율),경상북도,0.0
202600204FC01010101322004,논벼,기본조사,벼관찰포,2026,4,벼잎벌레(발생추정면적),경상북도,0.0
202600204FC01010101322004,논벼,기본조사,벼관찰포,2026,4,벼잎벌레(감수율),경상북도,0.0
202600204FC01010101322004,논벼,기본조사,벼관찰포,2026,4,벼잎벌레(피해율),경상북도,0.0
202600204FC01010101322004,논벼,기본조사,벼관찰포,2026,4,벼잎벌레(발생면적율),경상북도,0.0
202600204FC01010101322004,논벼,기본조사,벼관찰포,2026,4,벼애나방(발생추정면적),경상북도,0.0
202600204FC01010101322004,논벼,기본조사,벼관찰포,2026,4,벼애나방(감수율),경상북도,0.0
202600204FC01010101322004,논벼,기본조사,벼관찰포,2026,4,벼애나방(피해율),경상북도,0.0
202600204FC01010101322004,논벼,기본조사,벼관찰포,2026,4,벼애나방(발생면적율),경상북도,0.0
202600204FC01010101322004,논벼,기본조사,벼관찰포,2026,4,벼애잎굴파리(발생추정면적),경상북도,0.0
202600204FC01010101322004,논벼,기본조사,벼관찰포,2026,4,벼애잎굴파리(감수율),경상북도,0.0
202600204FC01010101322004,논벼,기본조사,벼관찰포,2026,4,벼애잎굴파리(피해율),경상북도,0.0
202600204FC01010101322004,논벼,기본조사,벼관찰포,2026,4,벼애잎굴파리(발생면적율),경상북도,0.0
202600204FC01010101322004,논벼,기본조사,벼관찰포,2026,4,벼줄기굴파리(발생추정면적),경상북도,0.0
202600204FC01010101322004,논벼,기본조사,벼관찰포,2026,4,벼줄기굴파리(감수율),경상북도,0.0
202600204FC01010101322004,논벼,기본조사,벼관찰포,2026,4,벼줄기굴파리(피해율),경상북도,0.0
202600204FC01010101322004,논벼,기본조사,벼관찰포,2026,4,벼줄기굴파리(발생면적율),경상북도,0.0
202600204FC01010101322004,논벼,기본조사,벼관찰포,2026,4,벼물바구미(발생추정면적),경상북도,1.797
202600204FC01010101322004,논벼,기본조사,벼관찰포,2026,4,벼물바구미(감수율),경상북도,0.0
202600204FC01010101322004,논벼,기본조사,벼관찰포,2026,4,벼물바구미(피해율),경상북도,0.0
202600204FC01010101322004,논벼,기본조사,벼관찰포,2026,4,벼물바구미(발생면적율),경상북도,0.002
202600204FC01010101322004,논벼,기본조사,벼관찰포,2026,4,애멸구(발생추정면적),경상북도,0.0
202600204FC01010101322004,논벼,기본조사,벼관찰포,2026,4,애멸구(감수율),경상북도,0.0
202600204FC01010101322004,논벼,기본조사,벼관찰포,2026,4,애멸구(피해율),경상북도,0.0
202600204FC01010101322004,논벼,기본조사,벼관찰포,2026,4,애멸구(발생면적율),경상북도,0.0
202600204FC01010101322004,논벼,기본조사,벼관찰포,2026,4,끝동매미충(발생추정면적),경상북도,0.0
202600204FC01010101322004,논벼,기본조사,벼관찰포,2026,4,끝동매미충(감수율),경상북도,0.0
202600204FC01010101322004,논벼,기본조사,벼관찰포,2026,4,끝동매미충(피해율),경상북도,0.0
202600204FC01010101322004,논벼,기본조사,벼관찰포,2026,4,끝동매미충(발생면적율),경상북도,0.0
202600204FC01010101322004,논벼,기본조사,벼관찰포,2026,4,멸강나방(발생추정면적),경상북도,0.0
202600204FC01010101322004,논벼,기본조사,벼관찰포,2026,4,멸강나방(감수율),경상북도,0.0
202600204FC01010101322004,논벼,기본조사,벼관찰포,2026,4,멸강나방(피해율),경상북도,0.0
202600204FC01010101322004,논벼,기본조사,벼관찰포,2026,4,멸강나방(발생면적율),경상북도,0.0
202600204FC01010101322004,논벼,기본조사,벼관찰포,2026,4,벼잎선충(발생추정면적),경상북도,0.0
202600204FC01010101322004,논벼,기본조사,벼관찰포,2026,4,벼잎선충(감수율),경상북도,0.0
202600204FC01010101322004,논벼,기본조사,벼관찰포,2026,4,벼잎선충(피해율),경상북도,0.0
202600204FC01010101322004,논벼,기본조사,벼관찰포,2026,4,벼잎선충(발생면적율),경상북도,0.0
202600204FC01010101322004,논벼,기본조사,벼관찰포,2026,4,잎도열병(발생추정면적),경상남도,221.329
202600204FC01010101322004,논벼,기본조사,벼관찰포,2026,4,잎도열병(감수율),경상남도,0.0
202600204FC01010101322004,논벼,기본조사,벼관찰포,2026,4,잎도열병(피해율),경상남도,0.001
202600204FC01010101322004,논벼,기본조사,벼관찰포,2026,4,잎도열병(발생면적율),경상남도,0.384
202600204FC01010101322004,논벼,기본조사,벼관찰포,2026,4,이삭도열병(발생추정면적),경상남도,0.0
202600204FC01010101322004,논벼,기본조사,벼관찰포,2026,4,이삭도열병(감수율),경상남도,0.0
202600204FC01010101322004,논벼,기본조사,벼관찰포,2026,4,이삭도열병(피해율),경상남도,0.0
202600204FC01010101322004,논벼,기본조사,벼관찰포,2026,4,이삭도열병(발생면적율),경상남도,0.0
202600204FC01010101322004,논벼,기본조사,벼관찰포,2026,4,세균벼알마름병(발생추정면적),경상남도,8.417
202600204FC01010101322004,논벼,기본조사,벼관찰포,2026,4,세균벼알마름병(감수율),경상남도,0.0
202600204FC01010101322004,논벼,기본조사,벼관찰포,2026,4,세균벼알마름병(피해율),경상남도,0.001
202600204FC01010101322004,논벼,기본조사,벼관찰포,2026,4,세균벼알마름병(발생면적율),경상남도,0.015
202600204FC01010101322004,논벼,기본조사,벼관찰포,2026,4,흰잎마름병(발생추정면적),경상남도,0.0
202600204FC01010101322004,논벼,기본조사,벼관찰포,2026,4,흰잎마름병(감수율),경상남도,0.0
202600204FC01010101322004,논벼,기본조사,벼관찰포,2026,4,흰잎마름병(피해율),경상남도,0.0
202600204FC01010101322004,논벼,기본조사,벼관찰포,2026,4,흰잎마름병(발생면적율),경상남도,0.0
202600204FC01010101322004,논벼,기본조사,벼관찰포,2026,4,깨씨무늬병(발생추정면적),경상남도,0.0
202600204FC01010101322004,논벼,기본조사,벼관찰포,2026,4,깨씨무늬병(감수율),경상남도,0.0
202600204FC01010101322004,논벼,기본조사,벼관찰포,2026,4,깨씨무늬병(피해율),경상남도,0.0
202600204FC01010101322004,논벼,기본조사,벼관찰포,2026,4,깨씨무늬병(발생면적율),경상남도,0.0
202600204FC01010101322004,논벼,기본조사,벼관찰포,2026,4,바이러스병(발생추정면적),경상남도,0.0
202600204FC01010101322004,논벼,기본조사,벼관찰포,2026,4,바이러스병(감수율),경상남도,0.0
202600204FC01010101322004,논벼,기본조사,벼관찰포,2026,4,바이러스병(피해율),경상남도,0.0
202600204FC01010101322004,논벼,기본조사,벼관찰포,2026,4,바이러스병(발생면적율),경상남도,0.0
202600204FC01010101322004,논벼,기본조사,벼관찰포,2026,4,이화명나방(발생추정면적),경상남도,0.0
202600204FC01010101322004,논벼,기본조사,벼관찰포,2026,4,이화명나방(감수율),경상남도,0.0
202600204FC01010101322004,논벼,기본조사,벼관찰포,2026,4,이화명나방(피해율),경상남도,0.0
202600204FC01010101322004,논벼,기본조사,벼관찰포,2026,4,이화명나방(발생면적율),경상남도,0.0
202600204FC01010101322004,논벼,기본조사,벼관찰포,2026,4,혹명나방(발생추정면적),경상남도,256.868
202600204FC01010101322004,논벼,기본조사,벼관찰포,2026,4,혹명나방(감수율),경상남도,0.004
202600204FC01010101322004,논벼,기본조사,벼관찰포,2026,4,혹명나방(피해율),경상남도,0.022
202600204FC01010101322004,논벼,기본조사,벼관찰포,2026,4,혹명나방(발생면적율),경상남도,0.446
202600204FC01010101322004,논벼,기본조사,벼관찰포,2026,4,먹노린재(발생추정면적),경상남도,8.555
202600204FC01010101322004,논벼,기본조사,벼관찰포,2026,4,먹노린재(감수율),경상남도,0.0
202600204FC01010101322004,논벼,기본조사,벼관찰포,2026,4,먹노린재(피해율),경상남도,0.001
202600204FC01010101322004,논벼,기본조사,벼관찰포,2026,4,먹노린재(발생면적율),경상남도,0.015
202600204FC01010101322004,논벼,기본조사,벼관찰포,2026,4,벼멸구(발생추정면적),경상남도,0.0
202600204FC01010101322004,논벼,기본조사,벼관찰포,2026,4,벼멸구(감수율),경상남도,0.0
202600204FC01010101322004,논벼,기본조사,벼관찰포,2026,4,벼멸구(피해율),경상남도,0.0
202600204FC01010101322004,논벼,기본조사,벼관찰포,2026,4,벼멸구(발생면적율),경상남도,0.0
202600204FC01010101322004,논벼,기본조사,벼관찰포,2026,4,흰등멸구(발생추정면적),경상남도,0.0
202600204FC01010101322004,논벼,기본조사,벼관찰포,2026,4,흰등멸구(감수율),경상남도,0.0
202600204FC01010101322004,논벼,기본조사,벼관찰포,2026,4,흰등멸구(피해율),경상남도,0.0
202600204FC01010101322004,논벼,기본조사,벼관찰포,2026,4,흰등멸구(발생면적율),경상남도,0.0
202600204FC01010101322004,논벼,기본조사,벼관찰포,2026,4,잎집무늬마름병(발생추정면적),경상남도,117.425
202600204FC01010101322004,논벼,기본조사,벼관찰포,2026,4,잎집무늬마름병(감수율),경상남도,0.003
202600204FC01010101322004,논벼,기본조사,벼관찰포,2026,4,잎집무늬마름병(피해율),경상남도,0.015
202600204FC01010101322004,논벼,기본조사,벼관찰포,2026,4,잎집무늬마름병(발생면적율),경상남도,0.204
202600204FC01010101322004,논벼,기본조사,벼관찰포,2026,4,키다리병(발생추정면적),경상남도,0.0
202600204FC01010101322004,논벼,기본조사,벼관찰포,2026,4,키다리병(감수율),경상남도,0.0
202600204FC01010101322004,논벼,기본조사,벼관찰포,2026,4,키다리병(피해율),경상남도,0.0
202600204FC01010101322004,논벼,기본조사,벼관찰포,2026,4,키다리병(발생면적율),경상남도,0.0
202600204FC01010101322004,논벼,기본조사,벼관찰포,2026,4,이삭누룩병(발생추정면적),경상남도,0.0
202600204FC01010101322004,논벼,기본조사,벼관찰포,2026,4,이삭누룩병(감수율),경상남도,0.0
202600204FC01010101322004,논벼,기본조사,벼관찰포,2026,4,이삭누룩병(피해율),경상남도,0.0
202600204FC01010101322004,논벼,기본조사,벼관찰포,2026,4,이삭누룩병(발생면적율),경상남도,0.0
202600204FC01010101322004,논벼,기본조사,벼관찰포,2026,4,벼잎벌레(발생추정면적),경상남도,0.0
202600204FC01010101322004,논벼,기본조사,벼관찰포,2026,4,벼잎벌레(감수율),경상남도,0.0
202600204FC01010101322004,논벼,기본조사,벼관찰포,2026,4,벼잎벌레(피해율),경상남도,0.0
202600204FC01010101322004,논벼,기본조사,벼관찰포,2026,4,벼잎벌레(발생면적율),경상남도,0.0
202600204FC01010101322004,논벼,기본조사,벼관찰포,2026,4,벼애나방(발생추정면적),경상남도,0.0
202600204FC01010101322004,논벼,기본조사,벼관찰포,2026,4,벼애나방(감수율),경상남도,0.0
202600204FC01010101322004,논벼,기본조사,벼관찰포,2026,4,벼애나방(피해율),경상남도,0.0
202600204FC01010101322004,논벼,기본조사,벼관찰포,2026,4,벼애나방(발생면적율),경상남도,0.0
202600204FC01010101322004,논벼,기본조사,벼관찰포,2026,4,벼애잎굴파리(발생추정면적),경상남도,0.0
202600204FC01010101322004,논벼,기본조사,벼관찰포,2026,4,벼애잎굴파리(감수율),경상남도,0.0
202600204FC01010101322004,논벼,기본조사,벼관찰포,2026,4,벼애잎굴파리(피해율),경상남도,0.0
202600204FC01010101322004,논벼,기본조사,벼관찰포,2026,4,벼애잎굴파리(발생면적율),경상남도,0.0
202600204FC01010101322004,논벼,기본조사,벼관찰포,2026,4,벼줄기굴파리(발생추정면적),경상남도,0.0
202600204FC01010101322004,논벼,기본조사,벼관찰포,2026,4,벼줄기굴파리(감수율),경상남도,0.0
202600204FC01010101322004,논벼,기본조사,벼관찰포,2026,4,벼줄기굴파리(피해율),경상남도,0.0
202600204FC01010101322004,논벼,기본조사,벼관찰포,2026,4,벼줄기굴파리(발생면적율),경상남도,0.0
202600204FC01010101322004,논벼,기본조사,벼관찰포,2026,4,벼물바구미(발생추정면적),경상남도,0.0
202600204FC01010101322004,논벼,기본조사,벼관찰포,2026,4,벼물바구미(감수율),경상남도,0.0
202600204FC01010101322004,논벼,기본조사,벼관찰포,2026,4,벼물바구미(피해율),경상남도,0.0
202600204FC01010101322004,논벼,기본조사,벼관찰포,2026,4,벼물바구미(발생면적율),경상남도,0.0
202600204FC01010101322004,논벼,기본조사,벼관찰포,2026,4,애멸구(발생추정면적),경상남도,39.359
202600204FC01010101322004,논벼,기본조사,벼관찰포,2026,4,애멸구(감수율),경상남도,0.003
202600204FC01010101322004,논벼,기본조사,벼관찰포,2026,4,애멸구(피해율),경상남도,0.007
202600204FC01010101322004,논벼,기본조사,벼관찰포,2026,4,애멸구(발생면적율),경상남도,0.068
202600204FC01010101322004,논벼,기본조사,벼관찰포,2026,4,끝동매미충(발생추정면적),경상남도,19.112
202600204FC01010101322004,논벼,기본조사,벼관찰포,2026,4,끝동매미충(감수율),경상남도,0.0
202600204FC01010101322004,논벼,기본조사,벼관찰포,2026,4,끝동매미충(피해율),경상남도,0.002
202600204FC01010101322004,논벼,기본조사,벼관찰포,2026,4,끝동매미충(발생면적율),경상남도,0.033
202600204FC01010101322004,논벼,기본조사,벼관찰포,2026,4,멸강나방(발생추정면적),경상남도,0.0
202600204FC01010101322004,논벼,기본조사,벼관찰포,2026,4,멸강나방(감수율),경상남도,0.0
202600204FC01010101322004,논벼,기본조사,벼관찰포,2026,4,멸강나방(피해율),경상남도,0.0
202600204FC01010101322004,논벼,기본조사,벼관찰포,2026,4,멸강나방(발생면적율),경상남도,0.0
202600204FC01010101322004,논벼,기본조사,벼관찰포,2026,4,벼잎선충(발생추정면적),경상남도,0.0
202600204FC01010101322004,논벼,기본조사,벼관찰포,2026,4,벼잎선충(감수율),경상남도,0.0
202600204FC01010101322004,논벼,기본조사,벼관찰포,2026,4,벼잎선충(피해율),경상남도,0.0
202600204FC01010101322004,논벼,기본조사,벼관찰포,2026,4,벼잎선충(발생면적율),경상남도,0.0
202600209FC03030101322004,콩,기본조사,관찰포,2026,4,바이러스(피해주율),경기도,0.0
202600209FC03030101322004,콩,기본조사,관찰포,2026,4,점무늬병(피해잎율),경기도,0.0
202600209FC03030101322004,콩,기본조사,관찰포,2026,4,세균병(피해잎율),경기도,2.857
202600209FC03030101322004,콩,기본조사,관찰포,2026,4,탄저병(피해협율),경기도,0.0
202600209FC03030101322004,콩,기본조사,관찰포,2026,4,파밤나방(밀도),경기도,0.0
202600209FC03030101322004,콩,기본조사,관찰포,2026,4,담배거세미나방(밀도),경기도,0.0
202600209FC03030101322004,콩,기본조사,관찰포,2026,4,파밤나방(트랩마리수),경기도,0.0
202600209FC03030101322004,콩,기본조사,관찰포,2026,4,담배거세미나방(트랩마리수),경기도,0.0
202600209FC03030101322004,콩,기본조사,관찰포,2026,4,톱다리개미허리노린재(트랩마리수),경기도,0.0
202600209FC03030101322004,콩,기본조사,관찰포,2026,4,콩꼬투리혹파리(피해협율),경기도,0.0
202600209FC03030101322004,콩,기본조사,관찰포,2026,4,역병(피해주율),경기도,0.0
202600209FC03030101322004,콩,기본조사,관찰포,2026,4,바이러스(피해주율),강원특별자치도,0.0
202600209FC03030101322004,콩,기본조사,관찰포,2026,4,점무늬병(피해잎율),강원특별자치도,0.0
202600209FC03030101322004,콩,기본조사,관찰포,2026,4,세균병(피해잎율),강원특별자치도,0.0
202600209FC03030101322004,콩,기본조사,관찰포,2026,4,탄저병(피해협율),강원특별자치도,0.0
202600209FC03030101322004,콩,기본조사,관찰포,2026,4,파밤나방(밀도),강원특별자치도,0.0
202600209FC03030101322004,콩,기본조사,관찰포,2026,4,담배거세미나방(밀도),강원특별자치도,0.0
202600209FC03030101322004,콩,기본조사,관찰포,2026,4,파밤나방(트랩마리수),강원특별자치도,0.0
202600209FC03030101322004,콩,기본조사,관찰포,2026,4,담배거세미나방(트랩마리수),강원특별자치도,0.0
202600209FC03030101322004,콩,기본조사,관찰포,2026,4,톱다리개미허리노린재(트랩마리수),강원특별자치도,0.0
202600209FC03030101322004,콩,기본조사,관찰포,2026,4,콩꼬투리혹파리(피해협율),강원특별자치도,0.0
202600209FC03030101322004,콩,기본조사,관찰포,2026,4,역병(피해주율),강원특별자치도,0.0
202600209FC03030101322004,콩,기본조사,관찰포,2026,4,바이러스(피해주율),충청북도,0.0
202600209FC03030101322004,콩,기본조사,관찰포,2026,4,점무늬병(피해잎율),충청북도,0.167
202600209FC03030101322004,콩,기본조사,관찰포,2026,4,세균병(피해잎율),충청북도,0.0
202600209FC03030101322004,콩,기본조사,관찰포,2026,4,탄저병(피해협율),충청북도,0.0
202600209FC03030101322004,콩,기본조사,관찰포,2026,4,파밤나방(밀도),충청북도,0.008
202600209FC03030101322004,콩,기본조사,관찰포,2026,4,담배거세미나방(밀도),충청북도,0.0
202600209FC03030101322004,콩,기본조사,관찰포,2026,4,파밤나방(트랩마리수),충청북도,0.0
202600209FC03030101322004,콩,기본조사,관찰포,2026,4,담배거세미나방(트랩마리수),충청북도,0.0
202600209FC03030101322004,콩,기본조사,관찰포,2026,4,톱다리개미허리노린재(트랩마리수),충청북도,0.0
202600209FC03030101322004,콩,기본조사,관찰포,2026,4,콩꼬투리혹파리(피해협율),충청북도,0.0
202600209FC03030101322004,콩,기본조사,관찰포,2026,4,역병(피해주율),충청북도,0.0
202600209FC03030101322004,콩,기본조사,관찰포,2026,4,바이러스(피해주율),충청남도,0.0
202600209FC03030101322004,콩,기본조사,관찰포,2026,4,점무늬병(피해잎율),충청남도,0.0
202600209FC03030101322004,콩,기본조사,관찰포,2026,4,세균병(피해잎율),충청남도,0.0
202600209FC03030101322004,콩,기본조사,관찰포,2026,4,탄저병(피해협율),충청남도,0.0
202600209FC03030101322004,콩,기본조사,관찰포,2026,4,파밤나방(밀도),충청남도,0.1
202600209FC03030101322004,콩,기본조사,관찰포,2026,4,담배거세미나방(밀도),충청남도,0.191
202600209FC03030101322004,콩,기본조사,관찰포,2026,4,파밤나방(트랩마리수),충청남도,0.0
202600209FC03030101322004,콩,기본조사,관찰포,2026,4,담배거세미나방(트랩마리수),충청남도,0.0
202600209FC03030101322004,콩,기본조사,관찰포,2026,4,톱다리개미허리노린재(트랩마리수),충청남도,2.182
202600209FC03030101322004,콩,기본조사,관찰포,2026,4,콩꼬투리혹파리(피해협율),충청남도,0.0
202600209FC03030101322004,콩,기본조사,관찰포,2026,4,역병(피해주율),충청남도,0.0
202600209FC03030101322004,콩,기본조사,관찰포,2026,4,바이러스(피해주율),전북특별자치도,0.0
202600209FC03030101322004,콩,기본조사,관찰포,2026,4,점무늬병(피해잎율),전북특별자치도,0.0
202600209FC03030101322004,콩,기본조사,관찰포,2026,4,세균병(피해잎율),전북특별자치도,0.0
202600209FC03030101322004,콩,기본조사,관찰포,2026,4,탄저병(피해협율),전북특별자치도,0.0
202600209FC03030101322004,콩,기본조사,관찰포,2026,4,파밤나방(밀도),전북특별자치도,0.0
202600209FC03030101322004,콩,기본조사,관찰포,2026,4,담배거세미나방(밀도),전북특별자치도,0.0
202600209FC03030101322004,콩,기본조사,관찰포,2026,4,파밤나방(트랩마리수),전북특별자치도,0.0
202600209FC03030101322004,콩,기본조사,관찰포,2026,4,담배거세미나방(트랩마리수),전북특별자치도,0.0
202600209FC03030101322004,콩,기본조사,관찰포,2026,4,톱다리개미허리노린재(트랩마리수),전북특별자치도,0.0
202600209FC03030101322004,콩,기본조사,관찰포,2026,4,콩꼬투리혹파리(피해협율),전북특별자치도,0.0
202600209FC03030101322004,콩,기본조사,관찰포,2026,4,역병(피해주율),전북특별자치도,0.0
202600209FC03030101322004,콩,기본조사,관찰포,2026,4,바이러스(피해주율),전남광주통합특별시,0.0
202600209FC03030101322004,콩,기본조사,관찰포,2026,4,점무늬병(피해잎율),전남광주통합특별시,0.0
202600209FC03030101322004,콩,기본조사,관찰포,2026,4,세균병(피해잎율),전남광주통합특별시,0.0
202600209FC03030101322004,콩,기본조사,관찰포,2026,4,탄저병(피해협율),전남광주통합특별시,0.0
202600209FC03030101322004,콩,기본조사,관찰포,2026,4,파밤나방(밀도),전남광주통합특별시,0.03
202600209FC03030101322004,콩,기본조사,관찰포,2026,4,담배거세미나방(밀도),전남광주통합특별시,0.02
202600209FC03030101322004,콩,기본조사,관찰포,2026,4,파밤나방(트랩마리수),전남광주통합특별시,14.3
202600209FC03030101322004,콩,기본조사,관찰포,2026,4,담배거세미나방(트랩마리수),전남광주통합특별시,5.0
202600209FC03030101322004,콩,기본조사,관찰포,2026,4,톱다리개미허리노린재(트랩마리수),전남광주통합특별시,2.7
202600209FC03030101322004,콩,기본조사,관찰포,2026,4,콩꼬투리혹파리(피해협율),전남광주통합특별시,0.0
202600209FC03030101322004,콩,기본조사,관찰포,2026,4,역병(피해주율),전남광주통합특별시,0.0
202600209FC03030101322004,콩,기본조사,관찰포,2026,4,바이러스(피해주율),경상북도,0.0
202600209FC03030101322004,콩,기본조사,관찰포,2026,4,점무늬병(피해잎율),경상북도,0.0
202600209FC03030101322004,콩,기본조사,관찰포,2026,4,세균병(피해잎율),경상북도,0.0
202600209FC03030101322004,콩,기본조사,관찰포,2026,4,탄저병(피해협율),경상북도,0.0
202600209FC03030101322004,콩,기본조사,관찰포,2026,4,파밤나방(밀도),경상북도,0.042
202600209FC03030101322004,콩,기본조사,관찰포,2026,4,담배거세미나방(밀도),경상북도,0.0
202600209FC03030101322004,콩,기본조사,관찰포,2026,4,파밤나방(트랩마리수),경상북도,0.0
202600209FC03030101322004,콩,기본조사,관찰포,2026,4,담배거세미나방(트랩마리수),경상북도,0.0
202600209FC03030101322004,콩,기본조사,관찰포,2026,4,톱다리개미허리노린재(트랩마리수),경상북도,0.083
202600209FC03030101322004,콩,기본조사,관찰포,2026,4,콩꼬투리혹파리(피해협율),경상북도,0.0
202600209FC03030101322004,콩,기본조사,관찰포,2026,4,역병(피해주율),경상북도,0.0
202600209FC03030101322004,콩,기본조사,관찰포,2026,4,바이러스(피해주율),경상남도,0.0
202600209FC03030101322004,콩,기본조사,관찰포,2026,4,점무늬병(피해잎율),경상남도,0.0
202600209FC03030101322004,콩,기본조사,관찰포,2026,4,세균병(피해잎율),경상남도,0.0
202600209FC03030101322004,콩,기본조사,관찰포,2026,4,탄저병(피해협율),경상남도,0.0
202600209FC03030101322004,콩,기본조사,관찰포,2026,4,파밤나방(밀도),경상남도,0.0
202600209FC03030101322004,콩,기본조사,관찰포,2026,4,담배거세미나방(밀도),경상남도,0.0
202600209FC03030101322004,콩,기본조사,관찰포,2026,4,파밤나방(트랩마리수),경상남도,0.0
202600209FC03030101322004,콩,기본조사,관찰포,2026,4,담배거세미나방(트랩마리수),경상남도,0.0
202600209FC03030101322004,콩,기본조사,관찰포,2026,4,톱다리개미허리노린재(트랩마리수),경상남도,0.0
202600209FC03030101322004,콩,기본조사,관찰포,2026,4,콩꼬투리혹파리(피해협율),경상남도,0.0
202600209FC03030101322004,콩,기본조사,관찰포,2026,4,역병(피해주율),경상남도,0.0
202600209FC03030101322004,콩,기본조사,관찰포,2026,4,바이러스(피해주율),제주특별자치도,0.0
202600209FC03030101322004,콩,기본조사,관찰포,2026,4,점무늬병(피해잎율),제주특별자치도,0.0
202600209FC03030101322004,콩,기본조사,관찰포,2026,4,세균병(피해잎율),제주특별자치도,0.0
202600209FC03030101322004,콩,기본조사,관찰포,2026,4,탄저병(피해협율),제주특별자치도,0.0
202600209FC03030101322004,콩,기본조사,관찰포,2026,4,파밤나방(밀도),제주특별자치도,0.0
202600209FC03030101322004,콩,기본조사,관찰포,2026,4,담배거세미나방(밀도),제주특별자치도,0.0
202600209FC03030101322004,콩,기본조사,관찰포,2026,4,파밤나방(트랩마리수),제주특별자치도,0.0
202600209FC03030101322004,콩,기본조사,관찰포,2026,4,담배거세미나방(트랩마리수),제주특별자치도,0.0
202600209FC03030101322004,콩,기본조사,관찰포,2026,4,톱다리개미허리노린재(트랩마리수),제주특별자치도,0.0
202600209FC03030101322004,콩,기본조사,관찰포,2026,4,콩꼬투리혹파리(피해협율),제주특별자치도,0.0
202600209FC03030101322004,콩,기본조사,관찰포,2026,4,역병(피해주율),제주특별자치도,0.0
202600209FT01060101322005,사과,기본조사,관찰포,2026,5,갈색무늬병(피해잎율),경기도,0.28
202600209FT01060101322005,사과,기본조사,관찰포,2026,5,점무늬낙엽병(피해잎율),경기도,0.29
202600209FT01060101322005,사과,기본조사,관찰포,2026,5,겹무늬썩음병(피해과율),경기도,0.0
202600209FT01060101322005,사과,기본조사,관찰포,2026,5,탄저병(피해과율),경기도,0.0
202600209FT01060101322005,사과,기본조사,관찰포,2026,5,부란병(피해주율),경기도,0.0
202600209FT01060101322005,사과,기본조사,관찰포,2026,5,응애류(밀도),경기도,0.0
202600209FT01060101322005,사과,기본조사,관찰포,2026,5,복숭아심식나방(피해과율),경기도,0.0
202600209FT01060101322005,사과,기본조사,관찰포,2026,5,복숭아순나방(피해신초율),경기도,0.0
202600209FT01060101322005,사과,기본조사,관찰포,2026,5,조팝나무진딧물(밀도),경기도,0.0
202600209FT01060101322005,사과,기본조사,관찰포,2026,5,노린재류(피해과율),경기도,0.0
202600209FT01060101322005,사과,기본조사,관찰포,2026,5,노린재류(트랩마리수),경기도,0.0
202600209FT01060101322005,사과,기본조사,관찰포,2026,5,복숭아순나방(트랩마리수),경기도,1.0
202600209FT01060101322005,사과,기본조사,관찰포,2026,5,복숭아심식나방(트랩마리수),경기도,1.7
202600209FT01060101322005,사과,기본조사,관찰포,2026,5,복숭아순나방붙이(트랩마리수),경기도,0.0
202600209FT01060101322005,사과,기본조사,관찰포,2026,5,사과굴나방(트랩마리수),경기도,13.0
202600209FT01060101322005,사과,기본조사,관찰포,2026,5,은무늬굴나방(트랩마리수),경기도,5.2
202600209FT01060101322005,사과,기본조사,관찰포,2026,5,사과무늬잎말이나방(트랩마리수),경기도,0.2
202600209FT01060101322005,사과,기본조사,관찰포,2026,5,사과애모무늬잎말이나방(트랩마리수),경기도,0.2
202600209FT01060101322005,사과,기본조사,관찰포,2026,5,붉은별무늬병(피해잎율),경기도,0.0
202600209FT01060101322005,사과,기본조사,관찰포,2026,5,역병(피해과율),경기도,0.0
202600209FT01060101322005,사과,기본조사,관찰포,2026,5,갈색무늬병(피해잎율),강원특별자치도,0.08
202600209FT01060101322005,사과,기본조사,관찰포,2026,5,점무늬낙엽병(피해잎율),강원특별자치도,1.73
202600209FT01060101322005,사과,기본조사,관찰포,2026,5,겹무늬썩음병(피해과율),강원특별자치도,0.0
202600209FT01060101322005,사과,기본조사,관찰포,2026,5,탄저병(피해과율),강원특별자치도,0.0
202600209FT01060101322005,사과,기본조사,관찰포,2026,5,부란병(피해주율),강원특별자치도,0.0
202600209FT01060101322005,사과,기본조사,관찰포,2026,5,응애류(밀도),강원특별자치도,0.01
202600209FT01060101322005,사과,기본조사,관찰포,2026,5,복숭아심식나방(피해과율),강원특별자치도,0.0
202600209FT01060101322005,사과,기본조사,관찰포,2026,5,복숭아순나방(피해신초율),강원특별자치도,0.25
202600209FT01060101322005,사과,기본조사,관찰포,2026,5,조팝나무진딧물(밀도),강원특별자치도,0.19
202600209FT01060101322005,사과,기본조사,관찰포,2026,5,노린재류(피해과율),강원특별자치도,0.0
202600209FT01060101322005,사과,기본조사,관찰포,2026,5,노린재류(트랩마리수),강원특별자치도,0.0
202600209FT01060101322005,사과,기본조사,관찰포,2026,5,복숭아순나방(트랩마리수),강원특별자치도,0.0
202600209FT01060101322005,사과,기본조사,관찰포,2026,5,복숭아심식나방(트랩마리수),강원특별자치도,0.0
202600209FT01060101322005,사과,기본조사,관찰포,2026,5,복숭아순나방붙이(트랩마리수),강원특별자치도,0.0
202600209FT01060101322005,사과,기본조사,관찰포,2026,5,사과굴나방(트랩마리수),강원특별자치도,0.0
202600209FT01060101322005,사과,기본조사,관찰포,2026,5,은무늬굴나방(트랩마리수),강원특별자치도,0.0
202600209FT01060101322005,사과,기본조사,관찰포,2026,5,사과무늬잎말이나방(트랩마리수),강원특별자치도,0.0
202600209FT01060101322005,사과,기본조사,관찰포,2026,5,사과애모무늬잎말이나방(트랩마리수),강원특별자치도,0.0
202600209FT01060101322005,사과,기본조사,관찰포,2026,5,붉은별무늬병(피해잎율),강원특별자치도,0.0
202600209FT01060101322005,사과,기본조사,관찰포,2026,5,역병(피해과율),강원특별자치도,0.0
202600209FT01060101322005,사과,기본조사,관찰포,2026,5,갈색무늬병(피해잎율),충청북도,1.155
202600209FT01060101322005,사과,기본조사,관찰포,2026,5,점무늬낙엽병(피해잎율),충청북도,0.75
202600209FT01060101322005,사과,기본조사,관찰포,2026,5,겹무늬썩음병(피해과율),충청북도,0.0
202600209FT01060101322005,사과,기본조사,관찰포,2026,5,탄저병(피해과율),충청북도,0.0
202600209FT01060101322005,사과,기본조사,관찰포,2026,5,부란병(피해주율),충청북도,2.0
202600209FT01060101322005,사과,기본조사,관찰포,2026,5,응애류(밀도),충청북도,0.02
202600209FT01060101322005,사과,기본조사,관찰포,2026,5,복숭아심식나방(피해과율),충청북도,0.0
202600209FT01060101322005,사과,기본조사,관찰포,2026,5,복숭아순나방(피해신초율),충청북도,3.875
202600209FT01060101322005,사과,기본조사,관찰포,2026,5,조팝나무진딧물(밀도),충청북도,0.14
202600209FT01060101322005,사과,기본조사,관찰포,2026,5,노린재류(피해과율),충청북도,0.0
202600209FT01060101322005,사과,기본조사,관찰포,2026,5,노린재류(트랩마리수),충청북도,10.8
202600209FT01060101322005,사과,기본조사,관찰포,2026,5,복숭아순나방(트랩마리수),충청북도,2.0
202600209FT01060101322005,사과,기본조사,관찰포,2026,5,복숭아심식나방(트랩마리수),충청북도,1.15
202600209FT01060101322005,사과,기본조사,관찰포,2026,5,복숭아순나방붙이(트랩마리수),충청북도,0.45
202600209FT01060101322005,사과,기본조사,관찰포,2026,5,사과굴나방(트랩마리수),충청북도,1.75
202600209FT01060101322005,사과,기본조사,관찰포,2026,5,은무늬굴나방(트랩마리수),충청북도,2.0
202600209FT01060101322005,사과,기본조사,관찰포,2026,5,사과무늬잎말이나방(트랩마리수),충청북도,0.55
202600209FT01060101322005,사과,기본조사,관찰포,2026,5,사과애모무늬잎말이나방(트랩마리수),충청북도,0.85
202600209FT01060101322005,사과,기본조사,관찰포,2026,5,붉은별무늬병(피해잎율),충청북도,0.0
202600209FT01060101322005,사과,기본조사,관찰포,2026,5,역병(피해과율),충청북도,0.0
202600209FT01060101322005,사과,기본조사,관찰포,2026,5,갈색무늬병(피해잎율),충청남도,0.83
202600209FT01060101322005,사과,기본조사,관찰포,2026,5,점무늬낙엽병(피해잎율),충청남도,0.31
202600209FT01060101322005,사과,기본조사,관찰포,2026,5,겹무늬썩음병(피해과율),충청남도,0.0
202600209FT01060101322005,사과,기본조사,관찰포,2026,5,탄저병(피해과율),충청남도,0.75
202600209FT01060101322005,사과,기본조사,관찰포,2026,5,부란병(피해주율),충청남도,0.0
202600209FT01060101322005,사과,기본조사,관찰포,2026,5,응애류(밀도),충청남도,0.08
202600209FT01060101322005,사과,기본조사,관찰포,2026,5,복숭아심식나방(피해과율),충청남도,0.0
202600209FT01060101322005,사과,기본조사,관찰포,2026,5,복숭아순나방(피해신초율),충청남도,1.25
202600209FT01060101322005,사과,기본조사,관찰포,2026,5,조팝나무진딧물(밀도),충청남도,0.16
202600209FT01060101322005,사과,기본조사,관찰포,2026,5,노린재류(피해과율),충청남도,0.02
202600209FT01060101322005,사과,기본조사,관찰포,2026,5,노린재류(트랩마리수),충청남도,0.0
202600209FT01060101322005,사과,기본조사,관찰포,2026,5,복숭아순나방(트랩마리수),충청남도,0.5
202600209FT01060101322005,사과,기본조사,관찰포,2026,5,복숭아심식나방(트랩마리수),충청남도,0.0
202600209FT01060101322005,사과,기본조사,관찰포,2026,5,복숭아순나방붙이(트랩마리수),충청남도,0.0
202600209FT01060101322005,사과,기본조사,관찰포,2026,5,사과굴나방(트랩마리수),충청남도,0.0
202600209FT01060101322005,사과,기본조사,관찰포,2026,5,은무늬굴나방(트랩마리수),충청남도,0.0
202600209FT01060101322005,사과,기본조사,관찰포,2026,5,사과무늬잎말이나방(트랩마리수),충청남도,0.0
202600209FT01060101322005,사과,기본조사,관찰포,2026,5,사과애모무늬잎말이나방(트랩마리수),충청남도,0.0
202600209FT01060101322005,사과,기본조사,관찰포,2026,5,붉은별무늬병(피해잎율),충청남도,0.0
202600209FT01060101322005,사과,기본조사,관찰포,2026,5,역병(피해과율),충청남도,1.2
202600209FT01060101322005,사과,기본조사,관찰포,2026,5,갈색무늬병(피해잎율),전북특별자치도,0.09
202600209FT01060101322005,사과,기본조사,관찰포,2026,5,점무늬낙엽병(피해잎율),전북특별자치도,0.08
202600209FT01060101322005,사과,기본조사,관찰포,2026,5,겹무늬썩음병(피해과율),전북특별자치도,0.0
202600209FT01060101322005,사과,기본조사,관찰포,2026,5,탄저병(피해과율),전북특별자치도,0.0
202600209FT01060101322005,사과,기본조사,관찰포,2026,5,부란병(피해주율),전북특별자치도,2.0
202600209FT01060101322005,사과,기본조사,관찰포,2026,5,응애류(밀도),전북특별자치도,0.0
202600209FT01060101322005,사과,기본조사,관찰포,2026,5,복숭아심식나방(피해과율),전북특별자치도,0.0
202600209FT01060101322005,사과,기본조사,관찰포,2026,5,복숭아순나방(피해신초율),전북특별자치도,0.25
202600209FT01060101322005,사과,기본조사,관찰포,2026,5,조팝나무진딧물(밀도),전북특별자치도,0.0
202600209FT01060101322005,사과,기본조사,관찰포,2026,5,노린재류(피해과율),전북특별자치도,0.0
202600209FT01060101322005,사과,기본조사,관찰포,2026,5,노린재류(트랩마리수),전북특별자치도,31.7
202600209FT01060101322005,사과,기본조사,관찰포,2026,5,복숭아순나방(트랩마리수),전북특별자치도,15.1
202600209FT01060101322005,사과,기본조사,관찰포,2026,5,복숭아심식나방(트랩마리수),전북특별자치도,12.0
202600209FT01060101322005,사과,기본조사,관찰포,2026,5,복숭아순나방붙이(트랩마리수),전북특별자치도,17.4
202600209FT01060101322005,사과,기본조사,관찰포,2026,5,사과굴나방(트랩마리수),전북특별자치도,186.4
202600209FT01060101322005,사과,기본조사,관찰포,2026,5,은무늬굴나방(트랩마리수),전북특별자치도,0.0
202600209FT01060101322005,사과,기본조사,관찰포,2026,5,사과무늬잎말이나방(트랩마리수),전북특별자치도,0.0
202600209FT01060101322005,사과,기본조사,관찰포,2026,5,사과애모무늬잎말이나방(트랩마리수),전북특별자치도,0.0
202600209FT01060101322005,사과,기본조사,관찰포,2026,5,붉은별무늬병(피해잎율),전북특별자치도,0.0
202600209FT01060101322005,사과,기본조사,관찰포,2026,5,역병(피해과율),전북특별자치도,0.0
202600209FT01060101322005,사과,기본조사,관찰포,2026,5,갈색무늬병(피해잎율),전남광주통합특별시,3.473
202600209FT01060101322005,사과,기본조사,관찰포,2026,5,점무늬낙엽병(피해잎율),전남광주통합특별시,4.091
202600209FT01060101322005,사과,기본조사,관찰포,2026,5,겹무늬썩음병(피해과율),전남광주통합특별시,0.0
202600209FT01060101322005,사과,기본조사,관찰포,2026,5,탄저병(피해과율),전남광주통합특별시,0.0
202600209FT01060101322005,사과,기본조사,관찰포,2026,5,부란병(피해주율),전남광주통합특별시,0.0
202600209FT01060101322005,사과,기본조사,관찰포,2026,5,응애류(밀도),전남광주통합특별시,0.064
202600209FT01060101322005,사과,기본조사,관찰포,2026,5,복숭아심식나방(피해과율),전남광주통합특별시,0.0
202600209FT01060101322005,사과,기본조사,관찰포,2026,5,복숭아순나방(피해신초율),전남광주통합특별시,0.682
202600209FT01060101322005,사과,기본조사,관찰포,2026,5,조팝나무진딧물(밀도),전남광주통합특별시,0.136
202600209FT01060101322005,사과,기본조사,관찰포,2026,5,노린재류(피해과율),전남광주통합특별시,0.909
202600209FT01060101322005,사과,기본조사,관찰포,2026,5,노린재류(트랩마리수),전남광주통합특별시,0.0
202600209FT01060101322005,사과,기본조사,관찰포,2026,5,복숭아순나방(트랩마리수),전남광주통합특별시,0.0
202600209FT01060101322005,사과,기본조사,관찰포,2026,5,복숭아심식나방(트랩마리수),전남광주통합특별시,0.0
202600209FT01060101322005,사과,기본조사,관찰포,2026,5,복숭아순나방붙이(트랩마리수),전남광주통합특별시,0.0
202600209FT01060101322005,사과,기본조사,관찰포,2026,5,사과굴나방(트랩마리수),전남광주통합특별시,0.0
202600209FT01060101322005,사과,기본조사,관찰포,2026,5,은무늬굴나방(트랩마리수),전남광주통합특별시,0.0
202600209FT01060101322005,사과,기본조사,관찰포,2026,5,사과무늬잎말이나방(트랩마리수),전남광주통합특별시,0.0
202600209FT01060101322005,사과,기본조사,관찰포,2026,5,사과애모무늬잎말이나방(트랩마리수),전남광주통합특별시,0.0
202600209FT01060101322005,사과,기본조사,관찰포,2026,5,붉은별무늬병(피해잎율),전남광주통합특별시,0.0
202600209FT01060101322005,사과,기본조사,관찰포,2026,5,역병(피해과율),전남광주통합특별시,0.0
202600209FT01060101322005,사과,기본조사,관찰포,2026,5,갈색무늬병(피해잎율),경상북도,0.0
202600209FT01060101322005,사과,기본조사,관찰포,2026,5,점무늬낙엽병(피해잎율),경상북도,0.423
202600209FT01060101322005,사과,기본조사,관찰포,2026,5,겹무늬썩음병(피해과율),경상북도,0.0
202600209FT01060101322005,사과,기본조사,관찰포,2026,5,탄저병(피해과율),경상북도,0.0
202600209FT01060101322005,사과,기본조사,관찰포,2026,5,부란병(피해주율),경상북도,2.308
202600209FT01060101322005,사과,기본조사,관찰포,2026,5,응애류(밀도),경상북도,0.577
202600209FT01060101322005,사과,기본조사,관찰포,2026,5,복숭아심식나방(피해과율),경상북도,0.0
202600209FT01060101322005,사과,기본조사,관찰포,2026,5,복숭아순나방(피해신초율),경상북도,0.192
202600209FT01060101322005,사과,기본조사,관찰포,2026,5,조팝나무진딧물(밀도),경상북도,0.75
202600209FT01060101322005,사과,기본조사,관찰포,2026,5,노린재류(피해과율),경상북도,0.0
202600209FT01060101322005,사과,기본조사,관찰포,2026,5,노린재류(트랩마리수),경상북도,0.0
202600209FT01060101322005,사과,기본조사,관찰포,2026,5,복숭아순나방(트랩마리수),경상북도,3.577
202600209FT01060101322005,사과,기본조사,관찰포,2026,5,복숭아심식나방(트랩마리수),경상북도,8.346
202600209FT01060101322005,사과,기본조사,관찰포,2026,5,복숭아순나방붙이(트랩마리수),경상북도,0.0
202600209FT01060101322005,사과,기본조사,관찰포,2026,5,사과굴나방(트랩마리수),경상북도,167.962
202600209FT01060101322005,사과,기본조사,관찰포,2026,5,은무늬굴나방(트랩마리수),경상북도,4.269
202600209FT01060101322005,사과,기본조사,관찰포,2026,5,사과무늬잎말이나방(트랩마리수),경상북도,1.308
202600209FT01060101322005,사과,기본조사,관찰포,2026,5,사과애모무늬잎말이나방(트랩마리수),경상북도,0.923
202600209FT01060101322005,사과,기본조사,관찰포,2026,5,붉은별무늬병(피해잎율),경상북도,0.0
202600209FT01060101322005,사과,기본조사,관찰포,2026,5,역병(피해과율),경상북도,0.0
202600209FT01060101322005,사과,기본조사,관찰포,2026,5,갈색무늬병(피해잎율),경상남도,0.0
202600209FT01060101322005,사과,기본조사,관찰포,2026,5,점무늬낙엽병(피해잎율),경상남도,0.0
202600209FT01060101322005,사과,기본조사,관찰포,2026,5,겹무늬썩음병(피해과율),경상남도,0.0
202600209FT01060101322005,사과,기본조사,관찰포,2026,5,탄저병(피해과율),경상남도,0.0
202600209FT01060101322005,사과,기본조사,관찰포,2026,5,부란병(피해주율),경상남도,1.0
202600209FT01060101322005,사과,기본조사,관찰포,2026,5,응애류(밀도),경상남도,0.01
202600209FT01060101322005,사과,기본조사,관찰포,2026,5,복숭아심식나방(피해과율),경상남도,0.0
202600209FT01060101322005,사과,기본조사,관찰포,2026,5,복숭아순나방(피해신초율),경상남도,0.0
202600209FT01060101322005,사과,기본조사,관찰포,2026,5,조팝나무진딧물(밀도),경상남도,0.0
202600209FT01060101322005,사과,기본조사,관찰포,2026,5,노린재류(피해과율),경상남도,1.0
202600209FT01060101322005,사과,기본조사,관찰포,2026,5,노린재류(트랩마리수),경상남도,0.5
202600209FT01060101322005,사과,기본조사,관찰포,2026,5,복숭아순나방(트랩마리수),경상남도,0.0
202600209FT01060101322005,사과,기본조사,관찰포,2026,5,복숭아심식나방(트랩마리수),경상남도,0.0
202600209FT01060101322005,사과,기본조사,관찰포,2026,5,복숭아순나방붙이(트랩마리수),경상남도,0.0
202600209FT01060101322005,사과,기본조사,관찰포,2026,5,사과굴나방(트랩마리수),경상남도,0.0
202600209FT01060101322005,사과,기본조사,관찰포,2026,5,은무늬굴나방(트랩마리수),경상남도,0.0
202600209FT01060101322005,사과,기본조사,관찰포,2026,5,사과무늬잎말이나방(트랩마리수),경상남도,0.0
202600209FT01060101322005,사과,기본조사,관찰포,2026,5,사과애모무늬잎말이나방(트랩마리수),경상남도,0.0
202600209FT01060101322005,사과,기본조사,관찰포,2026,5,붉은별무늬병(피해잎율),경상남도,0.0
202600209FT01060101322005,사과,기본조사,관찰포,2026,5,역병(피해과율),경상남도,0.0
202600209FT01060201322006,배,기본조사,관찰포,2026,6,붉은별무늬병(피해잎율),울산광역시,0.0
202600209FT01060201322006,배,기본조사,관찰포,2026,6,검은별무늬병(피해잎율),울산광역시,1.9
202600209FT01060201322006,배,기본조사,관찰포,2026,6,잎검은점병(피해잎율),울산광역시,7.0
202600209FT01060201322006,배,기본조사,관찰포,2026,6,겹무늬병(피해과율),울산광역시,0.0
202600209FT01060201322006,배,기본조사,관찰포,2026,6,복숭아순나방(피해신초율),울산광역시,0.0
202600209FT01060201322006,배,기본조사,관찰포,2026,6,응애류(밀도),울산광역시,0.0
202600209FT01060201322006,배,기본조사,관찰포,2026,6,주경배나무이(밀도),울산광역시,0.1
202600209FT01060201322006,배,기본조사,관찰포,2026,6,깍지벌레류(밀도),울산광역시,0.28
202600209FT01060201322006,배,기본조사,관찰포,2026,6,복숭아순나방(트랩마리수),울산광역시,8.6
202600209FT01060201322006,배,기본조사,관찰포,2026,6,복숭아심식나방(트랩마리수),울산광역시,5.6
202600209FT01060201322006,배,기본조사,관찰포,2026,6,사과무늬잎말이나방(트랩마리수),울산광역시,0.0
202600209FT01060201322006,배,기본조사,관찰포,2026,6,사과애모무늬잎말이나방(트랩마리수),울산광역시,0.0
202600209FT01060201322006,배,기본조사,관찰포,2026,6,붉은별무늬병(피해잎율),세종특별자치시,0.0
202600209FT01060201322006,배,기본조사,관찰포,2026,6,검은별무늬병(피해잎율),세종특별자치시,0.12
202600209FT01060201322006,배,기본조사,관찰포,2026,6,잎검은점병(피해잎율),세종특별자치시,0.0
202600209FT01060201322006,배,기본조사,관찰포,2026,6,겹무늬병(피해과율),세종특별자치시,0.0
202600209FT01060201322006,배,기본조사,관찰포,2026,6,복숭아순나방(피해신초율),세종특별자치시,0.0
202600209FT01060201322006,배,기본조사,관찰포,2026,6,응애류(밀도),세종특별자치시,0.0
202600209FT01060201322006,배,기본조사,관찰포,2026,6,주경배나무이(밀도),세종특별자치시,0.0
202600209FT01060201322006,배,기본조사,관찰포,2026,6,깍지벌레류(밀도),세종특별자치시,0.0
202600209FT01060201322006,배,기본조사,관찰포,2026,6,복숭아순나방(트랩마리수),세종특별자치시,0.4
202600209FT01060201322006,배,기본조사,관찰포,2026,6,복숭아심식나방(트랩마리수),세종특별자치시,0.4
202600209FT01060201322006,배,기본조사,관찰포,2026,6,사과무늬잎말이나방(트랩마리수),세종특별자치시,0.0
202600209FT01060201322006,배,기본조사,관찰포,2026,6,사과애모무늬잎말이나방(트랩마리수),세종특별자치시,0.0
202600209FT01060201322006,배,기본조사,관찰포,2026,6,붉은별무늬병(피해잎율),경기도,0.587
202600209FT01060201322006,배,기본조사,관찰포,2026,6,검은별무늬병(피해잎율),경기도,0.0
202600209FT01060201322006,배,기본조사,관찰포,2026,6,잎검은점병(피해잎율),경기도,0.0
202600209FT01060201322006,배,기본조사,관찰포,2026,6,겹무늬병(피해과율),경기도,0.0
202600209FT01060201322006,배,기본조사,관찰포,2026,6,복숭아순나방(피해신초율),경기도,2.5
202600209FT01060201322006,배,기본조사,관찰포,2026,6,응애류(밀도),경기도,0.0
202600209FT01060201322006,배,기본조사,관찰포,2026,6,주경배나무이(밀도),경기도,0.1
202600209FT01060201322006,배,기본조사,관찰포,2026,6,깍지벌레류(밀도),경기도,0.0
202600209FT01060201322006,배,기본조사,관찰포,2026,6,복숭아순나방(트랩마리수),경기도,2.0
202600209FT01060201322006,배,기본조사,관찰포,2026,6,복숭아심식나방(트랩마리수),경기도,9.6
202600209FT01060201322006,배,기본조사,관찰포,2026,6,사과무늬잎말이나방(트랩마리수),경기도,0.6
202600209FT01060201322006,배,기본조사,관찰포,2026,6,사과애모무늬잎말이나방(트랩마리수),경기도,0.0
202600209FT01060201322006,배,기본조사,관찰포,2026,6,붉은별무늬병(피해잎율),강원특별자치도,0.0
202600209FT01060201322006,배,기본조사,관찰포,2026,6,검은별무늬병(피해잎율),강원특별자치도,0.0
202600209FT01060201322006,배,기본조사,관찰포,2026,6,잎검은점병(피해잎율),강원특별자치도,0.0
202600209FT01060201322006,배,기본조사,관찰포,2026,6,겹무늬병(피해과율),강원특별자치도,0.0
202600209FT01060201322006,배,기본조사,관찰포,2026,6,복숭아순나방(피해신초율),강원특별자치도,0.0
202600209FT01060201322006,배,기본조사,관찰포,2026,6,응애류(밀도),강원특별자치도,0.0
202600209FT01060201322006,배,기본조사,관찰포,2026,6,주경배나무이(밀도),강원특별자치도,0.0
202600209FT01060201322006,배,기본조사,관찰포,2026,6,깍지벌레류(밀도),강원특별자치도,0.0
202600209FT01060201322006,배,기본조사,관찰포,2026,6,복숭아순나방(트랩마리수),강원특별자치도,4.6
202600209FT01060201322006,배,기본조사,관찰포,2026,6,복숭아심식나방(트랩마리수),강원특별자치도,5.0
202600209FT01060201322006,배,기본조사,관찰포,2026,6,사과무늬잎말이나방(트랩마리수),강원특별자치도,0.0
202600209FT01060201322006,배,기본조사,관찰포,2026,6,사과애모무늬잎말이나방(트랩마리수),강원특별자치도,0.0
202600209FT01060201322006,배,기본조사,관찰포,2026,6,붉은별무늬병(피해잎율),충청북도,0.0
202600209FT01060201322006,배,기본조사,관찰포,2026,6,검은별무늬병(피해잎율),충청북도,0.0
202600209FT01060201322006,배,기본조사,관찰포,2026,6,잎검은점병(피해잎율),충청북도,0.0
202600209FT01060201322006,배,기본조사,관찰포,2026,6,겹무늬병(피해과율),충청북도,0.0
202600209FT01060201322006,배,기본조사,관찰포,2026,6,복숭아순나방(피해신초율),충청북도,0.0
202600209FT01060201322006,배,기본조사,관찰포,2026,6,응애류(밀도),충청북도,0.0
202600209FT01060201322006,배,기본조사,관찰포,2026,6,주경배나무이(밀도),충청북도,0.0
202600209FT01060201322006,배,기본조사,관찰포,2026,6,깍지벌레류(밀도),충청북도,0.0
202600209FT01060201322006,배,기본조사,관찰포,2026,6,복숭아순나방(트랩마리수),충청북도,0.0
202600209FT01060201322006,배,기본조사,관찰포,2026,6,복숭아심식나방(트랩마리수),충청북도,0.0
202600209FT01060201322006,배,기본조사,관찰포,2026,6,사과무늬잎말이나방(트랩마리수),충청북도,0.0
202600209FT01060201322006,배,기본조사,관찰포,2026,6,사과애모무늬잎말이나방(트랩마리수),충청북도,0.0
202600209FT01060201322006,배,기본조사,관찰포,2026,6,붉은별무늬병(피해잎율),충청남도,1.33
202600209FT01060201322006,배,기본조사,관찰포,2026,6,검은별무늬병(피해잎율),충청남도,1.13
202600209FT01060201322006,배,기본조사,관찰포,2026,6,잎검은점병(피해잎율),충청남도,0.0
202600209FT01060201322006,배,기본조사,관찰포,2026,6,겹무늬병(피해과율),충청남도,0.0
202600209FT01060201322006,배,기본조사,관찰포,2026,6,복숭아순나방(피해신초율),충청남도,0.0
202600209FT01060201322006,배,기본조사,관찰포,2026,6,응애류(밀도),충청남도,0.25
202600209FT01060201322006,배,기본조사,관찰포,2026,6,주경배나무이(밀도),충청남도,0.07
202600209FT01060201322006,배,기본조사,관찰포,2026,6,깍지벌레류(밀도),충청남도,0.0
202600209FT01060201322006,배,기본조사,관찰포,2026,6,복숭아순나방(트랩마리수),충청남도,0.0
202600209FT01060201322006,배,기본조사,관찰포,2026,6,복숭아심식나방(트랩마리수),충청남도,0.0
202600209FT01060201322006,배,기본조사,관찰포,2026,6,사과무늬잎말이나방(트랩마리수),충청남도,0.0
202600209FT01060201322006,배,기본조사,관찰포,2026,6,사과애모무늬잎말이나방(트랩마리수),충청남도,0.0
202600209FT01060201322006,배,기본조사,관찰포,2026,6,붉은별무늬병(피해잎율),전북특별자치도,0.0
202600209FT01060201322006,배,기본조사,관찰포,2026,6,검은별무늬병(피해잎율),전북특별자치도,4.75
202600209FT01060201322006,배,기본조사,관찰포,2026,6,잎검은점병(피해잎율),전북특별자치도,4.5
202600209FT01060201322006,배,기본조사,관찰포,2026,6,겹무늬병(피해과율),전북특별자치도,0.0
202600209FT01060201322006,배,기본조사,관찰포,2026,6,복숭아순나방(피해신초율),전북특별자치도,0.0
202600209FT01060201322006,배,기본조사,관찰포,2026,6,응애류(밀도),전북특별자치도,0.0
202600209FT01060201322006,배,기본조사,관찰포,2026,6,주경배나무이(밀도),전북특별자치도,0.0
202600209FT01060201322006,배,기본조사,관찰포,2026,6,깍지벌레류(밀도),전북특별자치도,0.1
202600209FT01060201322006,배,기본조사,관찰포,2026,6,복숭아순나방(트랩마리수),전북특별자치도,0.0
202600209FT01060201322006,배,기본조사,관찰포,2026,6,복숭아심식나방(트랩마리수),전북특별자치도,0.0
202600209FT01060201322006,배,기본조사,관찰포,2026,6,사과무늬잎말이나방(트랩마리수),전북특별자치도,0.0
202600209FT01060201322006,배,기본조사,관찰포,2026,6,사과애모무늬잎말이나방(트랩마리수),전북특별자치도,0.0
202600209FT01060201322006,배,기본조사,관찰포,2026,6,붉은별무늬병(피해잎율),전남광주통합특별시,0.0
202600209FT01060201322006,배,기본조사,관찰포,2026,6,검은별무늬병(피해잎율),전남광주통합특별시,0.0
202600209FT01060201322006,배,기본조사,관찰포,2026,6,잎검은점병(피해잎율),전남광주통합특별시,0.24
202600209FT01060201322006,배,기본조사,관찰포,2026,6,겹무늬병(피해과율),전남광주통합특별시,0.0
202600209FT01060201322006,배,기본조사,관찰포,2026,6,복숭아순나방(피해신초율),전남광주통합특별시,0.0
202600209FT01060201322006,배,기본조사,관찰포,2026,6,응애류(밀도),전남광주통합특별시,0.0
202600209FT01060201322006,배,기본조사,관찰포,2026,6,주경배나무이(밀도),전남광주통합특별시,0.0
202600209FT01060201322006,배,기본조사,관찰포,2026,6,깍지벌레류(밀도),전남광주통합특별시,0.08
202600209FT01060201322006,배,기본조사,관찰포,2026,6,복숭아순나방(트랩마리수),전남광주통합특별시,0.0
202600209FT01060201322006,배,기본조사,관찰포,2026,6,복숭아심식나방(트랩마리수),전남광주통합특별시,0.0
202600209FT01060201322006,배,기본조사,관찰포,2026,6,사과무늬잎말이나방(트랩마리수),전남광주통합특별시,0.0
202600209FT01060201322006,배,기본조사,관찰포,2026,6,사과애모무늬잎말이나방(트랩마리수),전남광주통합특별시,0.0
202600209FT01060201322006,배,기본조사,관찰포,2026,6,붉은별무늬병(피해잎율),경상북도,0.05
202600209FT01060201322006,배,기본조사,관찰포,2026,6,검은별무늬병(피해잎율),경상북도,0.25
202600209FT01060201322006,배,기본조사,관찰포,2026,6,잎검은점병(피해잎율),경상북도,0.2
202600209FT01060201322006,배,기본조사,관찰포,2026,6,겹무늬병(피해과율),경상북도,0.2
202600209FT01060201322006,배,기본조사,관찰포,2026,6,복숭아순나방(피해신초율),경상북도,0.5
202600209FT01060201322006,배,기본조사,관찰포,2026,6,응애류(밀도),경상북도,0.0
202600209FT01060201322006,배,기본조사,관찰포,2026,6,주경배나무이(밀도),경상북도,0.0
202600209FT01060201322006,배,기본조사,관찰포,2026,6,깍지벌레류(밀도),경상북도,0.09
202600209FT01060201322006,배,기본조사,관찰포,2026,6,복숭아순나방(트랩마리수),경상북도,2.9
202600209FT01060201322006,배,기본조사,관찰포,2026,6,복숭아심식나방(트랩마리수),경상북도,5.2
202600209FT01060201322006,배,기본조사,관찰포,2026,6,사과무늬잎말이나방(트랩마리수),경상북도,0.1
202600209FT01060201322006,배,기본조사,관찰포,2026,6,사과애모무늬잎말이나방(트랩마리수),경상북도,0.4
202600209FT01060201322006,배,기본조사,관찰포,2026,6,붉은별무늬병(피해잎율),경상남도,2.167
202600209FT01060201322006,배,기본조사,관찰포,2026,6,검은별무늬병(피해잎율),경상남도,3.373
202600209FT01060201322006,배,기본조사,관찰포,2026,6,잎검은점병(피해잎율),경상남도,1.167
202600209FT01060201322006,배,기본조사,관찰포,2026,6,겹무늬병(피해과율),경상남도,2.0
202600209FT01060201322006,배,기본조사,관찰포,2026,6,복숭아순나방(피해신초율),경상남도,2.0
202600209FT01060201322006,배,기본조사,관찰포,2026,6,응애류(밀도),경상남도,0.02
202600209FT01060201322006,배,기본조사,관찰포,2026,6,주경배나무이(밀도),경상남도,0.0
202600209FT01060201322006,배,기본조사,관찰포,2026,6,깍지벌레류(밀도),경상남도,0.667
202600209FT01060201322006,배,기본조사,관찰포,2026,6,복숭아순나방(트랩마리수),경상남도,0.0
202600209FT01060201322006,배,기본조사,관찰포,2026,6,복숭아심식나방(트랩마리수),경상남도,0.0
202600209FT01060201322006,배,기본조사,관찰포,2026,6,사과무늬잎말이나방(트랩마리수),경상남도,0.0
202600209FT01060201322006,배,기본조사,관찰포,2026,6,사과애모무늬잎말이나방(트랩마리수),경상남도,0.0
202600209FT02060401322006,복숭아,기본조사,관찰포,2026,6,세균구멍병(피해잎율),세종특별자치시,3.2
202600209FT02060401322006,복숭아,기본조사,관찰포,2026,6,탄저병(피해과율),세종특별자치시,0.0
202600209FT02060401322006,복숭아,기본조사,관찰포,2026,6,잎오갈병(피해잎율),세종특별자치시,0.0
202600209FT02060401322006,복숭아,기본조사,관찰포,2026,6,복숭아심식나방(피해과율),세종특별자치시,0.0
202600209FT02060401322006,복숭아,기본조사,관찰포,2026,6,복숭아순나방(피해신초율),세종특별자치시,0.8
202600209FT02060401322006,복숭아,기본조사,관찰포,2026,6,세균구멍병(피해잎율),경기도,0.3
202600209FT02060401322006,복숭아,기본조사,관찰포,2026,6,탄저병(피해과율),경기도,0.11
202600209FT02060401322006,복숭아,기본조사,관찰포,2026,6,잎오갈병(피해잎율),경기도,0.0
202600209FT02060401322006,복숭아,기본조사,관찰포,2026,6,복숭아심식나방(피해과율),경기도,0.02
202600209FT02060401322006,복숭아,기본조사,관찰포,2026,6,복숭아순나방(피해신초율),경기도,0.8
202600209FT02060401322006,복숭아,기본조사,관찰포,2026,6,세균구멍병(피해잎율),강원특별자치도,2.11
202600209FT02060401322006,복숭아,기본조사,관찰포,2026,6,탄저병(피해과율),강원특별자치도,0.0
202600209FT02060401322006,복숭아,기본조사,관찰포,2026,6,잎오갈병(피해잎율),강원특별자치도,0.0
202600209FT02060401322006,복숭아,기본조사,관찰포,2026,6,복숭아심식나방(피해과율),강원특별자치도,0.02
202600209FT02060401322006,복숭아,기본조사,관찰포,2026,6,복숭아순나방(피해신초율),강원특별자치도,1.8
202600209FT02060401322006,복숭아,기본조사,관찰포,2026,6,세균구멍병(피해잎율),충청북도,4.267
202600209FT02060401322006,복숭아,기본조사,관찰포,2026,6,탄저병(피해과율),충청북도,0.12
202600209FT02060401322006,복숭아,기본조사,관찰포,2026,6,잎오갈병(피해잎율),충청북도,0.0
202600209FT02060401322006,복숭아,기본조사,관찰포,2026,6,복숭아심식나방(피해과율),충청북도,0.067
202600209FT02060401322006,복숭아,기본조사,관찰포,2026,6,복숭아순나방(피해신초율),충청북도,1.533
202600209FT02060401322006,복숭아,기본조사,관찰포,2026,6,세균구멍병(피해잎율),충청남도,24.0
202600209FT02060401322006,복숭아,기본조사,관찰포,2026,6,탄저병(피해과율),충청남도,0.0
202600209FT02060401322006,복숭아,기본조사,관찰포,2026,6,잎오갈병(피해잎율),충청남도,2.2
202600209FT02060401322006,복숭아,기본조사,관찰포,2026,6,복숭아심식나방(피해과율),충청남도,0.0
202600209FT02060401322006,복숭아,기본조사,관찰포,2026,6,복숭아순나방(피해신초율),충청남도,7.8
202600209FT02060401322006,복숭아,기본조사,관찰포,2026,6,세균구멍병(피해잎율),전북특별자치도,7.8
202600209FT02060401322006,복숭아,기본조사,관찰포,2026,6,탄저병(피해과율),전북특별자치도,0.027
202600209FT02060401322006,복숭아,기본조사,관찰포,2026,6,잎오갈병(피해잎율),전북특별자치도,0.0
202600209FT02060401322006,복숭아,기본조사,관찰포,2026,6,복숭아심식나방(피해과율),전북특별자치도,0.32
202600209FT02060401322006,복숭아,기본조사,관찰포,2026,6,복숭아순나방(피해신초율),전북특별자치도,3.933
202600209FT02060401322006,복숭아,기본조사,관찰포,2026,6,세균구멍병(피해잎율),전남광주통합특별시,1.0
202600209FT02060401322006,복숭아,기본조사,관찰포,2026,6,탄저병(피해과율),전남광주통합특별시,0.05
202600209FT02060401322006,복숭아,기본조사,관찰포,2026,6,잎오갈병(피해잎율),전남광주통합특별시,0.0
202600209FT02060401322006,복숭아,기본조사,관찰포,2026,6,복숭아심식나방(피해과율),전남광주통합특별시,0.0
202600209FT02060401322006,복숭아,기본조사,관찰포,2026,6,복숭아순나방(피해신초율),전남광주통합특별시,2.75
202600209FT02060401322006,복숭아,기본조사,관찰포,2026,6,세균구멍병(피해잎율),경상북도,1.324
202600209FT02060401322006,복숭아,기본조사,관찰포,2026,6,탄저병(피해과율),경상북도,0.492
202600209FT02060401322006,복숭아,기본조사,관찰포,2026,6,잎오갈병(피해잎율),경상북도,0.0
202600209FT02060401322006,복숭아,기본조사,관찰포,2026,6,복숭아심식나방(피해과율),경상북도,0.248
202600209FT02060401322006,복숭아,기본조사,관찰포,2026,6,복숭아순나방(피해신초율),경상북도,3.6
202600209FT02060401322006,복숭아,기본조사,관찰포,2026,6,세균구멍병(피해잎율),경상남도,4.6
202600209FT02060401322006,복숭아,기본조사,관찰포,2026,6,탄저병(피해과율),경상남도,0.1
202600209FT02060401322006,복숭아,기본조사,관찰포,2026,6,잎오갈병(피해잎율),경상남도,0.0
202600209FT02060401322006,복숭아,기본조사,관찰포,2026,6,복숭아심식나방(피해과율),경상남도,0.2
202600209FT02060401322006,복숭아,기본조사,관찰포,2026,6,복숭아순나방(피해신초율),경상남도,4.1
202600209FT04060301306007,포도,기본조사,관찰포,2026,7,갈색무늬병(피해잎율),대전광역시,0.0
202600209FT04060301306007,포도,기본조사,관찰포,2026,7,노균병(피해잎율),대전광역시,0.0
202600209FT04060301306007,포도,기본조사,관찰포,2026,7,꽃매미(밀도),대전광역시,0.0
202600209FT04060301306007,포도,기본조사,관찰포,2026,7,갈색무늬병(피해잎율),경기도,1.6
202600209FT04060301306007,포도,기본조사,관찰포,2026,7,노균병(피해잎율),경기도,0.0
202600209FT04060301306007,포도,기본조사,관찰포,2026,7,꽃매미(밀도),경기도,0.0
202600209FT04060301306007,포도,기본조사,관찰포,2026,7,갈색무늬병(피해잎율),충청북도,1.5
202600209FT04060301306007,포도,기본조사,관찰포,2026,7,노균병(피해잎율),충청북도,0.0
202600209FT04060301306007,포도,기본조사,관찰포,2026,7,꽃매미(밀도),충청북도,0.0
202600209FT04060301306007,포도,기본조사,관찰포,2026,7,갈색무늬병(피해잎율),전북특별자치도,0.3
202600209FT04060301306007,포도,기본조사,관찰포,2026,7,노균병(피해잎율),전북특별자치도,0.0
202600209FT04060301306007,포도,기본조사,관찰포,2026,7,꽃매미(밀도),전북특별자치도,0.0
202600209FT04060301306007,포도,기본조사,관찰포,2026,7,갈색무늬병(피해잎율),전남광주통합특별시,0.2
202600209FT04060301306007,포도,기본조사,관찰포,2026,7,노균병(피해잎율),전남광주통합특별시,0.0
202600209FT04060301306007,포도,기본조사,관찰포,2026,7,꽃매미(밀도),전남광주통합특별시,0.0
202600209FT04060301306007,포도,기본조사,관찰포,2026,7,갈색무늬병(피해잎율),경상북도,5.667
202600209FT04060301306007,포도,기본조사,관찰포,2026,7,노균병(피해잎율),경상북도,2.733
202600209FT04060301306007,포도,기본조사,관찰포,2026,7,꽃매미(밀도),경상북도,0.507
202600209FT04060301306007,포도,기본조사,관찰포,2026,7,갈색무늬병(피해잎율),경상남도,0.0
202600209FT04060301306007,포도,기본조사,관찰포,2026,7,노균병(피해잎율),경상남도,0.0
202600209FT04060301306007,포도,기본조사,관찰포,2026,7,꽃매미(밀도),경상남도,0.0
202600209FT06060501322006,감,기본조사,관찰포,2026,6,탄저병(피해과율),울산광역시,0.32
202600209FT06060501322006,감,기본조사,관찰포,2026,6,둥근무늬낙엽병(피해잎율),울산광역시,0.0
202600209FT06060501322006,감,기본조사,관찰포,2026,6,흰가루병(피해잎율),울산광역시,0.0
202600209FT06060501322006,감,기본조사,관찰포,2026,6,깍지벌레류(밀도),울산광역시,0.52
202600209FT06060501322006,감,기본조사,관찰포,2026,6,감꼭지나방(피해과율),울산광역시,0.12
202600209FT06060501322006,감,기본조사,관찰포,2026,6,노린재류(피해과율),울산광역시,0.56
202600209FT06060501322006,감,기본조사,관찰포,2026,6,모무늬낙엽병(피해잎율),울산광역시,0.0
202600209FT06060501322006,감,기본조사,관찰포,2026,6,매점병(피해과율),울산광역시,0.0
202600209FT06060501322006,감,기본조사,관찰포,2026,6,탄저병(피해과율),전남광주통합특별시,0.0
202600209FT06060501322006,감,기본조사,관찰포,2026,6,둥근무늬낙엽병(피해잎율),전남광주통합특별시,0.0
202600209FT06060501322006,감,기본조사,관찰포,2026,6,흰가루병(피해잎율),전남광주통합특별시,1.269
202600209FT06060501322006,감,기본조사,관찰포,2026,6,깍지벌레류(밀도),전남광주통합특별시,0.086
202600209FT06060501322006,감,기본조사,관찰포,2026,6,감꼭지나방(피해과율),전남광주통합특별시,0.0
202600209FT06060501322006,감,기본조사,관찰포,2026,6,노린재류(피해과율),전남광주통합특별시,0.023
202600209FT06060501322006,감,기본조사,관찰포,2026,6,모무늬낙엽병(피해잎율),전남광주통합특별시,0.0
202600209FT06060501322006,감,기본조사,관찰포,2026,6,매점병(피해과율),전남광주통합특별시,0.331
202600209FT06060501322006,감,기본조사,관찰포,2026,6,탄저병(피해과율),경상북도,0.48
202600209FT06060501322006,감,기본조사,관찰포,2026,6,둥근무늬낙엽병(피해잎율),경상북도,0.32
202600209FT06060501322006,감,기본조사,관찰포,2026,6,흰가루병(피해잎율),경상북도,1.0
202600209FT06060501322006,감,기본조사,관찰포,2026,6,깍지벌레류(밀도),경상북도,0.06
202600209FT06060501322006,감,기본조사,관찰포,2026,6,감꼭지나방(피해과율),경상북도,0.01
202600209FT06060501322006,감,기본조사,관찰포,2026,6,노린재류(피해과율),경상북도,0.07
202600209FT06060501322006,감,기본조사,관찰포,2026,6,모무늬낙엽병(피해잎율),경상북도,0.08
202600209FT06060501322006,감,기본조사,관찰포,2026,6,매점병(피해과율),경상북도,0.0
202600209FT06060501322006,감,기본조사,관찰포,2026,6,탄저병(피해과율),경상남도,0.114
202600209FT06060501322006,감,기본조사,관찰포,2026,6,둥근무늬낙엽병(피해잎율),경상남도,0.0
202600209FT06060501322006,감,기본조사,관찰포,2026,6,흰가루병(피해잎율),경상남도,0.114
202600209FT06060501322006,감,기본조사,관찰포,2026,6,깍지벌레류(밀도),경상남도,0.331
202600209FT06060501322006,감,기본조사,관찰포,2026,6,감꼭지나방(피해과율),경상남도,0.014
202600209FT06060501322006,감,기본조사,관찰포,2026,6,노린재류(피해과율),경상남도,0.026
202600209FT06060501322006,감,기본조사,관찰포,2026,6,모무늬낙엽병(피해잎율),경상남도,0.0
202600209FT06060501322006,감,기본조사,관찰포,2026,6,매점병(피해과율),경상남도,0.0
202600209FT06061401322006,감귤,기본조사,관찰포,2026,6,더뎅이병(피해주율),제주특별자치도,0.667
202600209FT06061401322006,감귤,기본조사,관찰포,2026,6,궤양병(피해주율),제주특별자치도,1.048
202600209FT06061401322006,감귤,기본조사,관찰포,2026,6,검은점무늬병(피해과율),제주특별자치도,0.0
202600209FT06061401322006,감귤,기본조사,관찰포,2026,6,역병(피해과율),제주특별자치도,0.0
202600209FT06061401322006,감귤,기본조사,관찰포,2026,6,볼록총채벌레(밀도),제주특별자치도,0.0
202600209FT06061401322006,감귤,기본조사,관찰포,2026,6,귤응애(밀도),제주특별자치도,0.024
202600209FT06061401322006,감귤,기본조사,관찰포,2026,6,볼록총채벌레(트랩마리수),제주특별자치도,44.524
202600209FT06061401322006,감귤,기본조사,관찰포,2026,6,깍지벌레(트랩마리수),제주특별자치도,0.095
202600209FT06061401322006,감귤,기본조사,관찰포,2026,6,귤굴나방(밀도),제주특별자치도,0.029
202600209FT06061401322006,감귤,기본조사,관찰포,2026,6,진딧물류(밀도),제주특별자치도,0.057
202600209VC01120501320004,고추,노지고추,관찰포,2026,4,노지고추 - 역병(피해주율),대구광역시,0.0
202600209VC01120501320004,고추,노지고추,관찰포,2026,4,노지고추 - 탄저병(피해과율),대구광역시,0.0
202600209VC01120501320004,고추,노지고추,관찰포,2026,4,노지고추 - 풋마름병(피해주율),대구광역시,0.0
202600209VC01120501320004,고추,노지고추,관찰포,2026,4,노지고추 - 세균점무늬병(피해주율),대구광역시,0.0
202600209VC01120501320004,고추,노지고추,관찰포,2026,4,노지고추 - 무름병(피해과율),대구광역시,0.0
202600209VC01120501320004,고추,노지고추,관찰포,2026,4,노지고추 - 담배나방(피해과율),대구광역시,0.0
202600209VC01120501320004,고추,노지고추,관찰포,2026,4,노지고추 - 진딧물류(밀도),대구광역시,0.0
202600209VC01120501320004,고추,노지고추,관찰포,2026,4,노지고추 - 총채벌레류(밀도),대구광역시,0.0
202600209VC01120501320004,고추,노지고추,관찰포,2026,4,노지고추 - 역병(피해주율),경기도,0.0
202600209VC01120501320004,고추,노지고추,관찰포,2026,4,노지고추 - 탄저병(피해과율),경기도,0.052
202600209VC01120501320004,고추,노지고추,관찰포,2026,4,노지고추 - 풋마름병(피해주율),경기도,0.0
202600209VC01120501320004,고추,노지고추,관찰포,2026,4,노지고추 - 세균점무늬병(피해주율),경기도,0.0
202600209VC01120501320004,고추,노지고추,관찰포,2026,4,노지고추 - 무름병(피해과율),경기도,0.0
202600209VC01120501320004,고추,노지고추,관찰포,2026,4,노지고추 - 담배나방(피해과율),경기도,0.188
202600209VC01120501320004,고추,노지고추,관찰포,2026,4,노지고추 - 진딧물류(밀도),경기도,0.22
202600209VC01120501320004,고추,노지고추,관찰포,2026,4,노지고추 - 총채벌레류(밀도),경기도,17.752
202600209VC01120501320004,고추,노지고추,관찰포,2026,4,노지고추 - 역병(피해주율),강원특별자치도,0.0
202600209VC01120501320004,고추,노지고추,관찰포,2026,4,노지고추 - 탄저병(피해과율),강원특별자치도,0.286
202600209VC01120501320004,고추,노지고추,관찰포,2026,4,노지고추 - 풋마름병(피해주율),강원특별자치도,0.857
202600209VC01120501320004,고추,노지고추,관찰포,2026,4,노지고추 - 세균점무늬병(피해주율),강원특별자치도,0.143
202600209VC01120501320004,고추,노지고추,관찰포,2026,4,노지고추 - 무름병(피해과율),강원특별자치도,0.0
202600209VC01120501320004,고추,노지고추,관찰포,2026,4,노지고추 - 담배나방(피해과율),강원특별자치도,1.677
202600209VC01120501320004,고추,노지고추,관찰포,2026,4,노지고추 - 진딧물류(밀도),강원특별자치도,0.18
202600209VC01120501320004,고추,노지고추,관찰포,2026,4,노지고추 - 총채벌레류(밀도),강원특별자치도,1.377
202600209VC01120501320004,고추,노지고추,관찰포,2026,4,노지고추 - 역병(피해주율),충청북도,0.0
202600209VC01120501320004,고추,노지고추,관찰포,2026,4,노지고추 - 탄저병(피해과율),충청북도,0.091
202600209VC01120501320004,고추,노지고추,관찰포,2026,4,노지고추 - 풋마름병(피해주율),충청북도,1.727
202600209VC01120501320004,고추,노지고추,관찰포,2026,4,노지고추 - 세균점무늬병(피해주율),충청북도,0.0
202600209VC01120501320004,고추,노지고추,관찰포,2026,4,노지고추 - 무름병(피해과율),충청북도,0.0
202600209VC01120501320004,고추,노지고추,관찰포,2026,4,노지고추 - 담배나방(피해과율),충청북도,5.433
202600209VC01120501320004,고추,노지고추,관찰포,2026,4,노지고추 - 진딧물류(밀도),충청북도,0.016
202600209VC01120501320004,고추,노지고추,관찰포,2026,4,노지고추 - 총채벌레류(밀도),충청북도,0.876
202600209VC01120501320004,고추,노지고추,관찰포,2026,4,노지고추 - 역병(피해주율),충청남도,0.0
202600209VC01120501320004,고추,노지고추,관찰포,2026,4,노지고추 - 탄저병(피해과율),충청남도,0.728
202600209VC01120501320004,고추,노지고추,관찰포,2026,4,노지고추 - 풋마름병(피해주율),충청남도,0.0
202600209VC01120501320004,고추,노지고추,관찰포,2026,4,노지고추 - 세균점무늬병(피해주율),충청남도,0.698
202600209VC01120501320004,고추,노지고추,관찰포,2026,4,노지고추 - 무름병(피해과율),충청남도,0.0
202600209VC01120501320004,고추,노지고추,관찰포,2026,4,노지고추 - 담배나방(피해과율),충청남도,10.486
202600209VC01120501320004,고추,노지고추,관찰포,2026,4,노지고추 - 진딧물류(밀도),충청남도,0.067
202600209VC01120501320004,고추,노지고추,관찰포,2026,4,노지고추 - 총채벌레류(밀도),충청남도,3.212
202600209VC01120501320004,고추,노지고추,관찰포,2026,4,노지고추 - 역병(피해주율),전북특별자치도,4.107
202600209VC01120501320004,고추,노지고추,관찰포,2026,4,노지고추 - 탄저병(피해과율),전북특별자치도,1.25
202600209VC01120501320004,고추,노지고추,관찰포,2026,4,노지고추 - 풋마름병(피해주율),전북특별자치도,0.0
202600209VC01120501320004,고추,노지고추,관찰포,2026,4,노지고추 - 세균점무늬병(피해주율),전북특별자치도,1.964
202600209VC01120501320004,고추,노지고추,관찰포,2026,4,노지고추 - 무름병(피해과율),전북특별자치도,0.0
202600209VC01120501320004,고추,노지고추,관찰포,2026,4,노지고추 - 담배나방(피해과율),전북특별자치도,1.275
202600209VC01120501320004,고추,노지고추,관찰포,2026,4,노지고추 - 진딧물류(밀도),전북특별자치도,0.036
202600209VC01120501320004,고추,노지고추,관찰포,2026,4,노지고추 - 총채벌레류(밀도),전북특별자치도,1.482
202600209VC01120501320004,고추,노지고추,관찰포,2026,4,노지고추 - 역병(피해주율),전남광주통합특별시,0.364
202600209VC01120501320004,고추,노지고추,관찰포,2026,4,노지고추 - 탄저병(피해과율),전남광주통합특별시,0.167
202600209VC01120501320004,고추,노지고추,관찰포,2026,4,노지고추 - 풋마름병(피해주율),전남광주통합특별시,1.545
202600209VC01120501320004,고추,노지고추,관찰포,2026,4,노지고추 - 세균점무늬병(피해주율),전남광주통합특별시,0.364
202600209VC01120501320004,고추,노지고추,관찰포,2026,4,노지고추 - 무름병(피해과율),전남광주통합특별시,0.0
202600209VC01120501320004,고추,노지고추,관찰포,2026,4,노지고추 - 담배나방(피해과율),전남광주통합특별시,1.627
202600209VC01120501320004,고추,노지고추,관찰포,2026,4,노지고추 - 진딧물류(밀도),전남광주통합특별시,0.731
202600209VC01120501320004,고추,노지고추,관찰포,2026,4,노지고추 - 총채벌레류(밀도),전남광주통합특별시,12.242
202600209VC01120501320004,고추,노지고추,관찰포,2026,4,노지고추 - 역병(피해주율),경상북도,0.0
202600209VC01120501320004,고추,노지고추,관찰포,2026,4,노지고추 - 탄저병(피해과율),경상북도,0.07
202600209VC01120501320004,고추,노지고추,관찰포,2026,4,노지고추 - 풋마름병(피해주율),경상북도,0.079
202600209VC01120501320004,고추,노지고추,관찰포,2026,4,노지고추 - 세균점무늬병(피해주율),경상북도,0.0
202600209VC01120501320004,고추,노지고추,관찰포,2026,4,노지고추 - 무름병(피해과율),경상북도,0.262
202600209VC01120501320004,고추,노지고추,관찰포,2026,4,노지고추 - 담배나방(피해과율),경상북도,1.4
202600209VC01120501320004,고추,노지고추,관찰포,2026,4,노지고추 - 진딧물류(밀도),경상북도,0.09
202600209VC01120501320004,고추,노지고추,관찰포,2026,4,노지고추 - 총채벌레류(밀도),경상북도,0.379
202600209VC01120501320004,고추,노지고추,관찰포,2026,4,노지고추 - 역병(피해주율),경상남도,0.0
202600209VC01120501320004,고추,노지고추,관찰포,2026,4,노지고추 - 탄저병(피해과율),경상남도,0.0
202600209VC01120501320004,고추,노지고추,관찰포,2026,4,노지고추 - 풋마름병(피해주율),경상남도,0.0
202600209VC01120501320004,고추,노지고추,관찰포,2026,4,노지고추 - 세균점무늬병(피해주율),경상남도,0.0
202600209VC01120501320004,고추,노지고추,관찰포,2026,4,노지고추 - 무름병(피해과율),경상남도,0.0
202600209VC01120501320004,고추,노지고추,관찰포,2026,4,노지고추 - 담배나방(피해과율),경상남도,4.0
202600209VC01120501320004,고추,노지고추,관찰포,2026,4,노지고추 - 진딧물류(밀도),경상남도,0.0
202600209VC01120501320004,고추,노지고추,관찰포,2026,4,노지고추 - 총채벌레류(밀도),경상남도,0.0
202600209VC02100101345003,배추,여름배추,관찰포,2026,3,여름배추 - 무름병(피해주율),강원특별자치도,2.0
202600209VC02100101345003,배추,여름배추,관찰포,2026,3,여름배추 - 무름병(피해주율),강원특별자치도,2.0
202600209VC02100101345003,배추,여름배추,관찰포,2026,3,여름배추 - 바이러스병(피해주율),강원특별자치도,0.0
202600209VC02100101345003,배추,여름배추,관찰포,2026,3,여름배추 - 바이러스병(피해주율),강원특별자치도,0.0
202600209VC02100101345003,배추,여름배추,관찰포,2026,3,여름배추 - 노균병(피해주율),강원특별자치도,0.0
202600209VC02100101345003,배추,여름배추,관찰포,2026,3,여름배추 - 노균병(피해주율),강원특별자치도,0.0
202600209VC02100101345003,배추,여름배추,관찰포,2026,3,여름배추 - 흰무늬병(피해주율),강원특별자치도,0.0
202600209VC02100101345003,배추,여름배추,관찰포,2026,3,여름배추 - 검은무늬병(피해주율),강원특별자치도,0.0
202600209VC02100101345003,배추,여름배추,관찰포,2026,3,여름배추 - 검은무늬병(피해주율),강원특별자치도,0.0
202600209VC02100101345003,배추,여름배추,관찰포,2026,3,여름배추 - 흰무늬병(피해주율),강원특별자치도,0.0
202600209VC02100101345003,배추,여름배추,관찰포,2026,3,여름배추 - 배추좀나방(피해주율),강원특별자치도,0.0
202600209VC02100101345003,배추,여름배추,관찰포,2026,3,여름배추 - 배추좀나방(피해주율),강원특별자치도,0.0
202600209VC02100101345003,배추,여름배추,관찰포,2026,3,여름배추 - 뿌리마름병(피해주율),강원특별자치도,0.0
202600209VC02100101345003,배추,여름배추,관찰포,2026,3,여름배추 - 뿌리마름병(피해주율),강원특별자치도,0.0
202600209VC02100101345003,배추,여름배추,관찰포,2026,3,여름배추 - 진딧물류(밀도),강원특별자치도,0.0
202600209VC02100101345003,배추,여름배추,관찰포,2026,3,여름배추 - 진딧물류(밀도),강원특별자치도,0.0
202600209VC03110101347003,무,여름무,관찰포,2026,3,여름무 - 무름병(피해주율),강원특별자치도,0.0
202600209VC03110101347003,무,여름무,관찰포,2026,3,여름무 - 무름병(피해주율),강원특별자치도,0.0
202600209VC03110101347003,무,여름무,관찰포,2026,3,여름무 - 뿌리혹병(피해주율),강원특별자치도,0.0
202600209VC03110101347003,무,여름무,관찰포,2026,3,여름무 - 뿌리혹병(피해주율),강원특별자치도,0.0
202600209VC03110101347003,무,여름무,관찰포,2026,3,여름무 - 바이러스병(피해주율),강원특별자치도,0.0
202600209VC03110101347003,무,여름무,관찰포,2026,3,여름무 - 바이러스병(피해주율),강원특별자치도,0.0
202600209VC03110101347003,무,여름무,관찰포,2026,3,여름무 - 검은썩음병(피해주율),강원특별자치도,0.0
202600209VC03110101347003,무,여름무,관찰포,2026,3,여름무 - 검은썩음병(피해주율),강원특별자치도,0.0
202600209VC03110101347003,무,여름무,관찰포,2026,3,여름무 - 노균병(피해주율),강원특별자치도,0.0
202600209VC03110101347003,무,여름무,관찰포,2026,3,여름무 - 노균병(피해주율),강원특별자치도,0.0
202600204FC01010101322003,논벼,기본조사,벼관찰포,2026,3,잎도열병(발생추정면적),부산광역시,0.0
202600204FC01010101322003,논벼,기본조사,벼관찰포,2026,3,잎도열병(감수율),부산광역시,0.0
202600204FC01010101322003,논벼,기본조사,벼관찰포,2026,3,잎도열병(피해율),부산광역시,0.0
202600204FC01010101322003,논벼,기본조사,벼관찰포,2026,3,잎도열병(발생면적율),부산광역시,0.0
202600204FC01010101322003,논벼,기본조사,벼관찰포,2026,3,이삭도열병(발생추정면적),부산광역시,0.0
202600204FC01010101322003,논벼,기본조사,벼관찰포,2026,3,이삭도열병(감수율),부산광역시,0.0
202600204FC01010101322003,논벼,기본조사,벼관찰포,2026,3,이삭도열병(피해율),부산광역시,0.0
202600204FC01010101322003,논벼,기본조사,벼관찰포,2026,3,이삭도열병(발생면적율),부산광역시,0.0
202600204FC01010101322003,논벼,기본조사,벼관찰포,2026,3,세균벼알마름병(발생추정면적),부산광역시,0.0
202600204FC01010101322003,논벼,기본조사,벼관찰포,2026,3,세균벼알마름병(감수율),부산광역시,0.0
202600204FC01010101322003,논벼,기본조사,벼관찰포,2026,3,세균벼알마름병(피해율),부산광역시,0.0
202600204FC01010101322003,논벼,기본조사,벼관찰포,2026,3,세균벼알마름병(발생면적율),부산광역시,0.0
202600204FC01010101322003,논벼,기본조사,벼관찰포,2026,3,흰잎마름병(발생추정면적),부산광역시,0.0
202600204FC01010101322003,논벼,기본조사,벼관찰포,2026,3,흰잎마름병(감수율),부산광역시,0.0
202600204FC01010101322003,논벼,기본조사,벼관찰포,2026,3,흰잎마름병(피해율),부산광역시,0.0
202600204FC01010101322003,논벼,기본조사,벼관찰포,2026,3,흰잎마름병(발생면적율),부산광역시,0.0
202600204FC01010101322003,논벼,기본조사,벼관찰포,2026,3,깨씨무늬병(발생추정면적),부산광역시,0.0
202600204FC01010101322003,논벼,기본조사,벼관찰포,2026,3,깨씨무늬병(감수율),부산광역시,0.0
202600204FC01010101322003,논벼,기본조사,벼관찰포,2026,3,깨씨무늬병(피해율),부산광역시,0.0
202600204FC01010101322003,논벼,기본조사,벼관찰포,2026,3,깨씨무늬병(발생면적율),부산광역시,0.0
202600204FC01010101322003,논벼,기본조사,벼관찰포,2026,3,바이러스병(발생추정면적),부산광역시,0.0
202600204FC01010101322003,논벼,기본조사,벼관찰포,2026,3,바이러스병(감수율),부산광역시,0.0
202600204FC01010101322003,논벼,기본조사,벼관찰포,2026,3,바이러스병(피해율),부산광역시,0.0
202600204FC01010101322003,논벼,기본조사,벼관찰포,2026,3,바이러스병(발생면적율),부산광역시,0.0
202600204FC01010101322003,논벼,기본조사,벼관찰포,2026,3,이화명나방(발생추정면적),부산광역시,0.0
202600204FC01010101322003,논벼,기본조사,벼관찰포,2026,3,이화명나방(감수율),부산광역시,0.0
202600204FC01010101322003,논벼,기본조사,벼관찰포,2026,3,이화명나방(피해율),부산광역시,0.0
202600204FC01010101322003,논벼,기본조사,벼관찰포,2026,3,이화명나방(발생면적율),부산광역시,0.0
202600204FC01010101322003,논벼,기본조사,벼관찰포,2026,3,혹명나방(발생추정면적),부산광역시,0.0
202600204FC01010101322003,논벼,기본조사,벼관찰포,2026,3,혹명나방(감수율),부산광역시,0.0
202600204FC01010101322003,논벼,기본조사,벼관찰포,2026,3,혹명나방(피해율),부산광역시,0.0
202600204FC01010101322003,논벼,기본조사,벼관찰포,2026,3,혹명나방(발생면적율),부산광역시,0.0
202600204FC01010101322003,논벼,기본조사,벼관찰포,2026,3,먹노린재(발생추정면적),부산광역시,0.0
202600204FC01010101322003,논벼,기본조사,벼관찰포,2026,3,먹노린재(감수율),부산광역시,0.0
202600204FC01010101322003,논벼,기본조사,벼관찰포,2026,3,먹노린재(피해율),부산광역시,0.0
202600204FC01010101322003,논벼,기본조사,벼관찰포,2026,3,먹노린재(발생면적율),부산광역시,0.0
202600204FC01010101322003,논벼,기본조사,벼관찰포,2026,3,벼멸구(발생추정면적),부산광역시,0.0
202600204FC01010101322003,논벼,기본조사,벼관찰포,2026,3,벼멸구(감수율),부산광역시,0.0
202600204FC01010101322003,논벼,기본조사,벼관찰포,2026,3,벼멸구(피해율),부산광역시,0.0
202600204FC01010101322003,논벼,기본조사,벼관찰포,2026,3,벼멸구(발생면적율),부산광역시,0.0
202600204FC01010101322003,논벼,기본조사,벼관찰포,2026,3,흰등멸구(발생추정면적),부산광역시,0.0
202600204FC01010101322003,논벼,기본조사,벼관찰포,2026,3,흰등멸구(감수율),부산광역시,0.0
202600204FC01010101322003,논벼,기본조사,벼관찰포,2026,3,흰등멸구(피해율),부산광역시,0.0
202600204FC01010101322003,논벼,기본조사,벼관찰포,2026,3,흰등멸구(발생면적율),부산광역시,0.0
202600204FC01010101322003,논벼,기본조사,벼관찰포,2026,3,잎집무늬마름병(발생추정면적),부산광역시,0.0
202600204FC01010101322003,논벼,기본조사,벼관찰포,2026,3,잎집무늬마름병(감수율),부산광역시,0.0
202600204FC01010101322003,논벼,기본조사,벼관찰포,2026,3,잎집무늬마름병(피해율),부산광역시,0.0
202600204FC01010101322003,논벼,기본조사,벼관찰포,2026,3,잎집무늬마름병(발생면적율),부산광역시,0.0
202600204FC01010101322003,논벼,기본조사,벼관찰포,2026,3,키다리병(발생추정면적),부산광역시,0.0
202600204FC01010101322003,논벼,기본조사,벼관찰포,2026,3,키다리병(감수율),부산광역시,0.0
202600204FC01010101322003,논벼,기본조사,벼관찰포,2026,3,키다리병(피해율),부산광역시,0.0
202600204FC01010101322003,논벼,기본조사,벼관찰포,2026,3,키다리병(발생면적율),부산광역시,0.0
202600204FC01010101322003,논벼,기본조사,벼관찰포,2026,3,이삭누룩병(발생추정면적),부산광역시,0.0
202600204FC01010101322003,논벼,기본조사,벼관찰포,2026,3,이삭누룩병(감수율),부산광역시,0.0
202600204FC01010101322003,논벼,기본조사,벼관찰포,2026,3,이삭누룩병(피해율),부산광역시,0.0
202600204FC01010101322003,논벼,기본조사,벼관찰포,2026,3,이삭누룩병(발생면적율),부산광역시,0.0
202600204FC01010101322003,논벼,기본조사,벼관찰포,2026,3,벼잎벌레(발생추정면적),부산광역시,0.0
202600204FC01010101322003,논벼,기본조사,벼관찰포,2026,3,벼잎벌레(감수율),부산광역시,0.0
202600204FC01010101322003,논벼,기본조사,벼관찰포,2026,3,벼잎벌레(피해율),부산광역시,0.0
202600204FC01010101322003,논벼,기본조사,벼관찰포,2026,3,벼잎벌레(발생면적율),부산광역시,0.0
202600204FC01010101322003,논벼,기본조사,벼관찰포,2026,3,벼애나방(발생추정면적),부산광역시,0.0
202600204FC01010101322003,논벼,기본조사,벼관찰포,2026,3,벼애나방(감수율),부산광역시,0.0
202600204FC01010101322003,논벼,기본조사,벼관찰포,2026,3,벼애나방(피해율),부산광역시,0.0
202600204FC01010101322003,논벼,기본조사,벼관찰포,2026,3,벼애나방(발생면적율),부산광역시,0.0
202600204FC01010101322003,논벼,기본조사,벼관찰포,2026,3,벼애잎굴파리(발생추정면적),부산광역시,0.0
202600204FC01010101322003,논벼,기본조사,벼관찰포,2026,3,벼애잎굴파리(감수율),부산광역시,0.0
202600204FC01010101322003,논벼,기본조사,벼관찰포,2026,3,벼애잎굴파리(피해율),부산광역시,0.0
202600204FC01010101322003,논벼,기본조사,벼관찰포,2026,3,벼애잎굴파리(발생면적율),부산광역시,0.0
202600204FC01010101322003,논벼,기본조사,벼관찰포,2026,3,벼줄기굴파리(발생추정면적),부산광역시,0.0
202600204FC01010101322003,논벼,기본조사,벼관찰포,2026,3,벼줄기굴파리(감수율),부산광역시,0.0
202600204FC01010101322003,논벼,기본조사,벼관찰포,2026,3,벼줄기굴파리(피해율),부산광역시,0.0
202600204FC01010101322003,논벼,기본조사,벼관찰포,2026,3,벼줄기굴파리(발생면적율),부산광역시,0.0
202600204FC01010101322003,논벼,기본조사,벼관찰포,2026,3,벼물바구미(발생추정면적),부산광역시,0.0
202600204FC01010101322003,논벼,기본조사,벼관찰포,2026,3,벼물바구미(감수율),부산광역시,0.0
202600204FC01010101322003,논벼,기본조사,벼관찰포,2026,3,벼물바구미(피해율),부산광역시,0.0
202600204FC01010101322003,논벼,기본조사,벼관찰포,2026,3,벼물바구미(발생면적율),부산광역시,0.0
202600204FC01010101322003,논벼,기본조사,벼관찰포,2026,3,애멸구(발생추정면적),부산광역시,0.0
202600204FC01010101322003,논벼,기본조사,벼관찰포,2026,3,애멸구(감수율),부산광역시,0.0
202600204FC01010101322003,논벼,기본조사,벼관찰포,2026,3,애멸구(피해율),부산광역시,0.0
202600204FC01010101322003,논벼,기본조사,벼관찰포,2026,3,애멸구(발생면적율),부산광역시,0.0
202600204FC01010101322003,논벼,기본조사,벼관찰포,2026,3,끝동매미충(발생추정면적),부산광역시,0.0
202600204FC01010101322003,논벼,기본조사,벼관찰포,2026,3,끝동매미충(감수율),부산광역시,0.0
202600204FC01010101322003,논벼,기본조사,벼관찰포,2026,3,끝동매미충(피해율),부산광역시,0.0
202600204FC01010101322003,논벼,기본조사,벼관찰포,2026,3,끝동매미충(발생면적율),부산광역시,0.0
202600204FC01010101322003,논벼,기본조사,벼관찰포,2026,3,멸강나방(발생추정면적),부산광역시,0.0
202600204FC01010101322003,논벼,기본조사,벼관찰포,2026,3,멸강나방(감수율),부산광역시,0.0
202600204FC01010101322003,논벼,기본조사,벼관찰포,2026,3,멸강나방(피해율),부산광역시,0.0
202600204FC01010101322003,논벼,기본조사,벼관찰포,2026,3,멸강나방(발생면적율),부산광역시,0.0
202600204FC01010101322003,논벼,기본조사,벼관찰포,2026,3,벼잎선충(발생추정면적),부산광역시,0.0
202600204FC01010101322003,논벼,기본조사,벼관찰포,2026,3,벼잎선충(감수율),부산광역시,0.0
202600204FC01010101322003,논벼,기본조사,벼관찰포,2026,3,벼잎선충(피해율),부산광역시,0.0
202600204FC01010101322003,논벼,기본조사,벼관찰포,2026,3,벼잎선충(발생면적율),부산광역시,0.0
202600204FC01010101322003,논벼,기본조사,벼관찰포,2026,3,잎도열병(발생추정면적),대구광역시,0.0
202600204FC01010101322003,논벼,기본조사,벼관찰포,2026,3,잎도열병(감수율),대구광역시,0.0
202600204FC01010101322003,논벼,기본조사,벼관찰포,2026,3,잎도열병(피해율),대구광역시,0.0
202600204FC01010101322003,논벼,기본조사,벼관찰포,2026,3,잎도열병(발생면적율),대구광역시,0.0
202600204FC01010101322003,논벼,기본조사,벼관찰포,2026,3,이삭도열병(발생추정면적),대구광역시,0.0
202600204FC01010101322003,논벼,기본조사,벼관찰포,2026,3,이삭도열병(감수율),대구광역시,0.0
202600204FC01010101322003,논벼,기본조사,벼관찰포,2026,3,이삭도열병(피해율),대구광역시,0.0
202600204FC01010101322003,논벼,기본조사,벼관찰포,2026,3,이삭도열병(발생면적율),대구광역시,0.0
202600204FC01010101322003,논벼,기본조사,벼관찰포,2026,3,세균벼알마름병(발생추정면적),대구광역시,0.0
202600204FC01010101322003,논벼,기본조사,벼관찰포,2026,3,세균벼알마름병(감수율),대구광역시,0.0
202600204FC01010101322003,논벼,기본조사,벼관찰포,2026,3,세균벼알마름병(피해율),대구광역시,0.0
202600204FC01010101322003,논벼,기본조사,벼관찰포,2026,3,세균벼알마름병(발생면적율),대구광역시,0.0
202600204FC01010101322003,논벼,기본조사,벼관찰포,2026,3,흰잎마름병(발생추정면적),대구광역시,0.0
202600204FC01010101322003,논벼,기본조사,벼관찰포,2026,3,흰잎마름병(감수율),대구광역시,0.0
202600204FC01010101322003,논벼,기본조사,벼관찰포,2026,3,흰잎마름병(피해율),대구광역시,0.0
202600204FC01010101322003,논벼,기본조사,벼관찰포,2026,3,흰잎마름병(발생면적율),대구광역시,0.0
202600204FC01010101322003,논벼,기본조사,벼관찰포,2026,3,깨씨무늬병(발생추정면적),대구광역시,0.0
202600204FC01010101322003,논벼,기본조사,벼관찰포,2026,3,깨씨무늬병(감수율),대구광역시,0.0
202600204FC01010101322003,논벼,기본조사,벼관찰포,2026,3,깨씨무늬병(피해율),대구광역시,0.0
202600204FC01010101322003,논벼,기본조사,벼관찰포,2026,3,깨씨무늬병(발생면적율),대구광역시,0.0
202600204FC01010101322003,논벼,기본조사,벼관찰포,2026,3,바이러스병(발생추정면적),대구광역시,0.0
202600204FC01010101322003,논벼,기본조사,벼관찰포,2026,3,바이러스병(감수율),대구광역시,0.0
202600204FC01010101322003,논벼,기본조사,벼관찰포,2026,3,바이러스병(피해율),대구광역시,0.0
202600204FC01010101322003,논벼,기본조사,벼관찰포,2026,3,바이러스병(발생면적율),대구광역시,0.0
202600204FC01010101322003,논벼,기본조사,벼관찰포,2026,3,이화명나방(발생추정면적),대구광역시,0.0
202600204FC01010101322003,논벼,기본조사,벼관찰포,2026,3,이화명나방(감수율),대구광역시,0.0
202600204FC01010101322003,논벼,기본조사,벼관찰포,2026,3,이화명나방(피해율),대구광역시,0.0
202600204FC01010101322003,논벼,기본조사,벼관찰포,2026,3,이화명나방(발생면적율),대구광역시,0.0
202600204FC01010101322003,논벼,기본조사,벼관찰포,2026,3,혹명나방(발생추정면적),대구광역시,0.0
202600204FC01010101322003,논벼,기본조사,벼관찰포,2026,3,혹명나방(감수율),대구광역시,0.0
202600204FC01010101322003,논벼,기본조사,벼관찰포,2026,3,혹명나방(피해율),대구광역시,0.0
202600204FC01010101322003,논벼,기본조사,벼관찰포,2026,3,혹명나방(발생면적율),대구광역시,0.0
202600204FC01010101322003,논벼,기본조사,벼관찰포,2026,3,먹노린재(발생추정면적),대구광역시,0.0
202600204FC01010101322003,논벼,기본조사,벼관찰포,2026,3,먹노린재(감수율),대구광역시,0.0
202600204FC01010101322003,논벼,기본조사,벼관찰포,2026,3,먹노린재(피해율),대구광역시,0.0
202600204FC01010101322003,논벼,기본조사,벼관찰포,2026,3,먹노린재(발생면적율),대구광역시,0.0
202600204FC01010101322003,논벼,기본조사,벼관찰포,2026,3,벼멸구(발생추정면적),대구광역시,0.0
202600204FC01010101322003,논벼,기본조사,벼관찰포,2026,3,벼멸구(감수율),대구광역시,0.0
202600204FC01010101322003,논벼,기본조사,벼관찰포,2026,3,벼멸구(피해율),대구광역시,0.0
202600204FC01010101322003,논벼,기본조사,벼관찰포,2026,3,벼멸구(발생면적율),대구광역시,0.0
202600204FC01010101322003,논벼,기본조사,벼관찰포,2026,3,흰등멸구(발생추정면적),대구광역시,0.0
202600204FC01010101322003,논벼,기본조사,벼관찰포,2026,3,흰등멸구(감수율),대구광역시,0.0
202600204FC01010101322003,논벼,기본조사,벼관찰포,2026,3,흰등멸구(피해율),대구광역시,0.0
202600204FC01010101322003,논벼,기본조사,벼관찰포,2026,3,흰등멸구(발생면적율),대구광역시,0.0
202600204FC01010101322003,논벼,기본조사,벼관찰포,2026,3,잎집무늬마름병(발생추정면적),대구광역시,0.0
202600204FC01010101322003,논벼,기본조사,벼관찰포,2026,3,잎집무늬마름병(감수율),대구광역시,0.0
202600204FC01010101322003,논벼,기본조사,벼관찰포,2026,3,잎집무늬마름병(피해율),대구광역시,0.0
202600204FC01010101322003,논벼,기본조사,벼관찰포,2026,3,잎집무늬마름병(발생면적율),대구광역시,0.0
202600204FC01010101322003,논벼,기본조사,벼관찰포,2026,3,키다리병(발생추정면적),대구광역시,0.0
202600204FC01010101322003,논벼,기본조사,벼관찰포,2026,3,키다리병(감수율),대구광역시,0.0
202600204FC01010101322003,논벼,기본조사,벼관찰포,2026,3,키다리병(피해율),대구광역시,0.0
202600204FC01010101322003,논벼,기본조사,벼관찰포,2026,3,키다리병(발생면적율),대구광역시,0.0
202600204FC01010101322003,논벼,기본조사,벼관찰포,2026,3,이삭누룩병(발생추정면적),대구광역시,0.0
202600204FC01010101322003,논벼,기본조사,벼관찰포,2026,3,이삭누룩병(감수율),대구광역시,0.0
202600204FC01010101322003,논벼,기본조사,벼관찰포,2026,3,이삭누룩병(피해율),대구광역시,0.0
202600204FC01010101322003,논벼,기본조사,벼관찰포,2026,3,이삭누룩병(발생면적율),대구광역시,0.0
202600204FC01010101322003,논벼,기본조사,벼관찰포,2026,3,벼잎벌레(발생추정면적),대구광역시,0.0
202600204FC01010101322003,논벼,기본조사,벼관찰포,2026,3,벼잎벌레(감수율),대구광역시,0.0
202600204FC01010101322003,논벼,기본조사,벼관찰포,2026,3,벼잎벌레(피해율),대구광역시,0.0
202600204FC01010101322003,논벼,기본조사,벼관찰포,2026,3,벼잎벌레(발생면적율),대구광역시,0.0
202600204FC01010101322003,논벼,기본조사,벼관찰포,2026,3,벼애나방(발생추정면적),대구광역시,0.0
202600204FC01010101322003,논벼,기본조사,벼관찰포,2026,3,벼애나방(감수율),대구광역시,0.0
202600204FC01010101322003,논벼,기본조사,벼관찰포,2026,3,벼애나방(피해율),대구광역시,0.0
202600204FC01010101322003,논벼,기본조사,벼관찰포,2026,3,벼애나방(발생면적율),대구광역시,0.0
202600204FC01010101322003,논벼,기본조사,벼관찰포,2026,3,벼애잎굴파리(발생추정면적),대구광역시,0.0
202600204FC01010101322003,논벼,기본조사,벼관찰포,2026,3,벼애잎굴파리(감수율),대구광역시,0.0
202600204FC01010101322003,논벼,기본조사,벼관찰포,2026,3,벼애잎굴파리(피해율),대구광역시,0.0
202600204FC01010101322003,논벼,기본조사,벼관찰포,2026,3,벼애잎굴파리(발생면적율),대구광역시,0.0
202600204FC01010101322003,논벼,기본조사,벼관찰포,2026,3,벼줄기굴파리(발생추정면적),대구광역시,0.0
202600204FC01010101322003,논벼,기본조사,벼관찰포,2026,3,벼줄기굴파리(감수율),대구광역시,0.0
202600204FC01010101322003,논벼,기본조사,벼관찰포,2026,3,벼줄기굴파리(피해율),대구광역시,0.0
202600204FC01010101322003,논벼,기본조사,벼관찰포,2026,3,벼줄기굴파리(발생면적율),대구광역시,0.0
202600204FC01010101322003,논벼,기본조사,벼관찰포,2026,3,벼물바구미(발생추정면적),대구광역시,0.0
202600204FC01010101322003,논벼,기본조사,벼관찰포,2026,3,벼물바구미(감수율),대구광역시,0.0
202600204FC01010101322003,논벼,기본조사,벼관찰포,2026,3,벼물바구미(피해율),대구광역시,0.0
202600204FC01010101322003,논벼,기본조사,벼관찰포,2026,3,벼물바구미(발생면적율),대구광역시,0.0
202600204FC01010101322003,논벼,기본조사,벼관찰포,2026,3,애멸구(발생추정면적),대구광역시,0.0
202600204FC01010101322003,논벼,기본조사,벼관찰포,2026,3,애멸구(감수율),대구광역시,0.0
202600204FC01010101322003,논벼,기본조사,벼관찰포,2026,3,애멸구(피해율),대구광역시,0.0
202600204FC01010101322003,논벼,기본조사,벼관찰포,2026,3,애멸구(발생면적율),대구광역시,0.0
202600204FC01010101322003,논벼,기본조사,벼관찰포,2026,3,끝동매미충(발생추정면적),대구광역시,0.0
202600204FC01010101322003,논벼,기본조사,벼관찰포,2026,3,끝동매미충(감수율),대구광역시,0.0
202600204FC01010101322003,논벼,기본조사,벼관찰포,2026,3,끝동매미충(피해율),대구광역시,0.0
202600204FC01010101322003,논벼,기본조사,벼관찰포,2026,3,끝동매미충(발생면적율),대구광역시,0.0
202600204FC01010101322003,논벼,기본조사,벼관찰포,2026,3,멸강나방(발생추정면적),대구광역시,0.0
202600204FC01010101322003,논벼,기본조사,벼관찰포,2026,3,멸강나방(감수율),대구광역시,0.0
202600204FC01010101322003,논벼,기본조사,벼관찰포,2026,3,멸강나방(피해율),대구광역시,0.0
202600204FC01010101322003,논벼,기본조사,벼관찰포,2026,3,멸강나방(발생면적율),대구광역시,0.0
202600204FC01010101322003,논벼,기본조사,벼관찰포,2026,3,벼잎선충(발생추정면적),대구광역시,0.0
202600204FC01010101322003,논벼,기본조사,벼관찰포,2026,3,벼잎선충(감수율),대구광역시,0.0
202600204FC01010101322003,논벼,기본조사,벼관찰포,2026,3,벼잎선충(피해율),대구광역시,0.0
202600204FC01010101322003,논벼,기본조사,벼관찰포,2026,3,벼잎선충(발생면적율),대구광역시,0.0
202600204FC01010101322003,논벼,기본조사,벼관찰포,2026,3,잎도열병(발생추정면적),인천광역시,167.469
202600204FC01010101322003,논벼,기본조사,벼관찰포,2026,3,잎도열병(감수율),인천광역시,0.001
202600204FC01010101322003,논벼,기본조사,벼관찰포,2026,3,잎도열병(피해율),인천광역시,0.003
202600204FC01010101322003,논벼,기본조사,벼관찰포,2026,3,잎도열병(발생면적율),인천광역시,1.349
202600204FC01010101322003,논벼,기본조사,벼관찰포,2026,3,이삭도열병(발생추정면적),인천광역시,0.0
202600204FC01010101322003,논벼,기본조사,벼관찰포,2026,3,이삭도열병(감수율),인천광역시,0.0
202600204FC01010101322003,논벼,기본조사,벼관찰포,2026,3,이삭도열병(피해율),인천광역시,0.0
202600204FC01010101322003,논벼,기본조사,벼관찰포,2026,3,이삭도열병(발생면적율),인천광역시,0.0
202600204FC01010101322003,논벼,기본조사,벼관찰포,2026,3,세균벼알마름병(발생추정면적),인천광역시,0.0
202600204FC01010101322003,논벼,기본조사,벼관찰포,2026,3,세균벼알마름병(감수율),인천광역시,0.0
202600204FC01010101322003,논벼,기본조사,벼관찰포,2026,3,세균벼알마름병(피해율),인천광역시,0.0
202600204FC01010101322003,논벼,기본조사,벼관찰포,2026,3,세균벼알마름병(발생면적율),인천광역시,0.0
202600204FC01010101322003,논벼,기본조사,벼관찰포,2026,3,흰잎마름병(발생추정면적),인천광역시,0.0
202600204FC01010101322003,논벼,기본조사,벼관찰포,2026,3,흰잎마름병(감수율),인천광역시,0.0
202600204FC01010101322003,논벼,기본조사,벼관찰포,2026,3,흰잎마름병(피해율),인천광역시,0.0
202600204FC01010101322003,논벼,기본조사,벼관찰포,2026,3,흰잎마름병(발생면적율),인천광역시,0.0
202600204FC01010101322003,논벼,기본조사,벼관찰포,2026,3,깨씨무늬병(발생추정면적),인천광역시,0.0
202600204FC01010101322003,논벼,기본조사,벼관찰포,2026,3,깨씨무늬병(감수율),인천광역시,0.0
202600204FC01010101322003,논벼,기본조사,벼관찰포,2026,3,깨씨무늬병(피해율),인천광역시,0.0
202600204FC01010101322003,논벼,기본조사,벼관찰포,2026,3,깨씨무늬병(발생면적율),인천광역시,0.0
202600204FC01010101322003,논벼,기본조사,벼관찰포,2026,3,바이러스병(발생추정면적),인천광역시,0.0
202600204FC01010101322003,논벼,기본조사,벼관찰포,2026,3,바이러스병(감수율),인천광역시,0.0
202600204FC01010101322003,논벼,기본조사,벼관찰포,2026,3,바이러스병(피해율),인천광역시,0.0
202600204FC01010101322003,논벼,기본조사,벼관찰포,2026,3,바이러스병(발생면적율),인천광역시,0.0
202600204FC01010101322003,논벼,기본조사,벼관찰포,2026,3,이화명나방(발생추정면적),인천광역시,0.0
202600204FC01010101322003,논벼,기본조사,벼관찰포,2026,3,이화명나방(감수율),인천광역시,0.0
202600204FC01010101322003,논벼,기본조사,벼관찰포,2026,3,이화명나방(피해율),인천광역시,0.0
202600204FC01010101322003,논벼,기본조사,벼관찰포,2026,3,이화명나방(발생면적율),인천광역시,0.0
202600204FC01010101322003,논벼,기본조사,벼관찰포,2026,3,혹명나방(발생추정면적),인천광역시,0.0
202600204FC01010101322003,논벼,기본조사,벼관찰포,2026,3,혹명나방(감수율),인천광역시,0.0
202600204FC01010101322003,논벼,기본조사,벼관찰포,2026,3,혹명나방(피해율),인천광역시,0.0
202600204FC01010101322003,논벼,기본조사,벼관찰포,2026,3,혹명나방(발생면적율),인천광역시,0.0
202600204FC01010101322003,논벼,기본조사,벼관찰포,2026,3,먹노린재(발생추정면적),인천광역시,0.0
202600204FC01010101322003,논벼,기본조사,벼관찰포,2026,3,먹노린재(감수율),인천광역시,0.0
202600204FC01010101322003,논벼,기본조사,벼관찰포,2026,3,먹노린재(피해율),인천광역시,0.0
202600204FC01010101322003,논벼,기본조사,벼관찰포,2026,3,먹노린재(발생면적율),인천광역시,0.0
202600204FC01010101322003,논벼,기본조사,벼관찰포,2026,3,벼멸구(발생추정면적),인천광역시,0.0
202600204FC01010101322003,논벼,기본조사,벼관찰포,2026,3,벼멸구(감수율),인천광역시,0.0
202600204FC01010101322003,논벼,기본조사,벼관찰포,2026,3,벼멸구(피해율),인천광역시,0.0
202600204FC01010101322003,논벼,기본조사,벼관찰포,2026,3,벼멸구(발생면적율),인천광역시,0.0
202600204FC01010101322003,논벼,기본조사,벼관찰포,2026,3,흰등멸구(발생추정면적),인천광역시,0.0
202600204FC01010101322003,논벼,기본조사,벼관찰포,2026,3,흰등멸구(감수율),인천광역시,0.0
202600204FC01010101322003,논벼,기본조사,벼관찰포,2026,3,흰등멸구(피해율),인천광역시,0.0
202600204FC01010101322003,논벼,기본조사,벼관찰포,2026,3,흰등멸구(발생면적율),인천광역시,0.0
202600204FC01010101322003,논벼,기본조사,벼관찰포,2026,3,잎집무늬마름병(발생추정면적),인천광역시,0.0
202600204FC01010101322003,논벼,기본조사,벼관찰포,2026,3,잎집무늬마름병(감수율),인천광역시,0.0
202600204FC01010101322003,논벼,기본조사,벼관찰포,2026,3,잎집무늬마름병(피해율),인천광역시,0.0
202600204FC01010101322003,논벼,기본조사,벼관찰포,2026,3,잎집무늬마름병(발생면적율),인천광역시,0.0
202600204FC01010101322003,논벼,기본조사,벼관찰포,2026,3,키다리병(발생추정면적),인천광역시,0.0
202600204FC01010101322003,논벼,기본조사,벼관찰포,2026,3,키다리병(감수율),인천광역시,0.0
202600204FC01010101322003,논벼,기본조사,벼관찰포,2026,3,키다리병(피해율),인천광역시,0.0
202600204FC01010101322003,논벼,기본조사,벼관찰포,2026,3,키다리병(발생면적율),인천광역시,0.0
202600204FC01010101322003,논벼,기본조사,벼관찰포,2026,3,이삭누룩병(발생추정면적),인천광역시,0.0
202600204FC01010101322003,논벼,기본조사,벼관찰포,2026,3,이삭누룩병(감수율),인천광역시,0.0
202600204FC01010101322003,논벼,기본조사,벼관찰포,2026,3,이삭누룩병(피해율),인천광역시,0.0
202600204FC01010101322003,논벼,기본조사,벼관찰포,2026,3,이삭누룩병(발생면적율),인천광역시,0.0
202600204FC01010101322003,논벼,기본조사,벼관찰포,2026,3,벼잎벌레(발생추정면적),인천광역시,0.0
202600204FC01010101322003,논벼,기본조사,벼관찰포,2026,3,벼잎벌레(감수율),인천광역시,0.0
202600204FC01010101322003,논벼,기본조사,벼관찰포,2026,3,벼잎벌레(피해율),인천광역시,0.0
202600204FC01010101322003,논벼,기본조사,벼관찰포,2026,3,벼잎벌레(발생면적율),인천광역시,0.0
202600204FC01010101322003,논벼,기본조사,벼관찰포,2026,3,벼애나방(발생추정면적),인천광역시,0.0
202600204FC01010101322003,논벼,기본조사,벼관찰포,2026,3,벼애나방(감수율),인천광역시,0.0
202600204FC01010101322003,논벼,기본조사,벼관찰포,2026,3,벼애나방(피해율),인천광역시,0.0
202600204FC01010101322003,논벼,기본조사,벼관찰포,2026,3,벼애나방(발생면적율),인천광역시,0.0
202600204FC01010101322003,논벼,기본조사,벼관찰포,2026,3,벼애잎굴파리(발생추정면적),인천광역시,0.0
202600204FC01010101322003,논벼,기본조사,벼관찰포,2026,3,벼애잎굴파리(감수율),인천광역시,0.0
202600204FC01010101322003,논벼,기본조사,벼관찰포,2026,3,벼애잎굴파리(피해율),인천광역시,0.0
202600204FC01010101322003,논벼,기본조사,벼관찰포,2026,3,벼애잎굴파리(발생면적율),인천광역시,0.0
202600204FC01010101322003,논벼,기본조사,벼관찰포,2026,3,벼줄기굴파리(발생추정면적),인천광역시,0.0
202600204FC01010101322003,논벼,기본조사,벼관찰포,2026,3,벼줄기굴파리(감수율),인천광역시,0.0
202600204FC01010101322003,논벼,기본조사,벼관찰포,2026,3,벼줄기굴파리(피해율),인천광역시,0.0
202600204FC01010101322003,논벼,기본조사,벼관찰포,2026,3,벼줄기굴파리(발생면적율),인천광역시,0.0
202600204FC01010101322003,논벼,기본조사,벼관찰포,2026,3,벼물바구미(발생추정면적),인천광역시,0.0
202600204FC01010101322003,논벼,기본조사,벼관찰포,2026,3,벼물바구미(감수율),인천광역시,0.0
202600204FC01010101322003,논벼,기본조사,벼관찰포,2026,3,벼물바구미(피해율),인천광역시,0.0
202600204FC01010101322003,논벼,기본조사,벼관찰포,2026,3,벼물바구미(발생면적율),인천광역시,0.0
202600204FC01010101322003,논벼,기본조사,벼관찰포,2026,3,애멸구(발생추정면적),인천광역시,0.0
202600204FC01010101322003,논벼,기본조사,벼관찰포,2026,3,애멸구(감수율),인천광역시,0.0
202600204FC01010101322003,논벼,기본조사,벼관찰포,2026,3,애멸구(피해율),인천광역시,0.0
202600204FC01010101322003,논벼,기본조사,벼관찰포,2026,3,애멸구(발생면적율),인천광역시,0.0
202600204FC01010101322003,논벼,기본조사,벼관찰포,2026,3,끝동매미충(발생추정면적),인천광역시,0.0
202600204FC01010101322003,논벼,기본조사,벼관찰포,2026,3,끝동매미충(감수율),인천광역시,0.0
202600204FC01010101322003,논벼,기본조사,벼관찰포,2026,3,끝동매미충(피해율),인천광역시,0.0
202600204FC01010101322003,논벼,기본조사,벼관찰포,2026,3,끝동매미충(발생면적율),인천광역시,0.0
202600204FC01010101322003,논벼,기본조사,벼관찰포,2026,3,멸강나방(발생추정면적),인천광역시,0.0
202600204FC01010101322003,논벼,기본조사,벼관찰포,2026,3,멸강나방(감수율),인천광역시,0.0
202600204FC01010101322003,논벼,기본조사,벼관찰포,2026,3,멸강나방(피해율),인천광역시,0.0
202600204FC01010101322003,논벼,기본조사,벼관찰포,2026,3,멸강나방(발생면적율),인천광역시,0.0
202600204FC01010101322003,논벼,기본조사,벼관찰포,2026,3,벼잎선충(발생추정면적),인천광역시,0.0
202600204FC01010101322003,논벼,기본조사,벼관찰포,2026,3,벼잎선충(감수율),인천광역시,0.0
202600204FC01010101322003,논벼,기본조사,벼관찰포,2026,3,벼잎선충(피해율),인천광역시,0.0
202600204FC01010101322003,논벼,기본조사,벼관찰포,2026,3,벼잎선충(발생면적율),인천광역시,0.0
202600204FC01010101322003,논벼,기본조사,벼관찰포,2026,3,잎도열병(발생추정면적),대전광역시,0.0
202600204FC01010101322003,논벼,기본조사,벼관찰포,2026,3,잎도열병(감수율),대전광역시,0.0
202600204FC01010101322003,논벼,기본조사,벼관찰포,2026,3,잎도열병(피해율),대전광역시,0.0
202600204FC01010101322003,논벼,기본조사,벼관찰포,2026,3,잎도열병(발생면적율),대전광역시,0.0
202600204FC01010101322003,논벼,기본조사,벼관찰포,2026,3,이삭도열병(발생추정면적),대전광역시,0.0
202600204FC01010101322003,논벼,기본조사,벼관찰포,2026,3,이삭도열병(감수율),대전광역시,0.0
202600204FC01010101322003,논벼,기본조사,벼관찰포,2026,3,이삭도열병(피해율),대전광역시,0.0
202600204FC01010101322003,논벼,기본조사,벼관찰포,2026,3,이삭도열병(발생면적율),대전광역시,0.0
202600204FC01010101322003,논벼,기본조사,벼관찰포,2026,3,세균벼알마름병(발생추정면적),대전광역시,0.0
202600204FC01010101322003,논벼,기본조사,벼관찰포,2026,3,세균벼알마름병(감수율),대전광역시,0.0
202600204FC01010101322003,논벼,기본조사,벼관찰포,2026,3,세균벼알마름병(피해율),대전광역시,0.0
202600204FC01010101322003,논벼,기본조사,벼관찰포,2026,3,세균벼알마름병(발생면적율),대전광역시,0.0
202600204FC01010101322003,논벼,기본조사,벼관찰포,2026,3,흰잎마름병(발생추정면적),대전광역시,0.0
202600204FC01010101322003,논벼,기본조사,벼관찰포,2026,3,흰잎마름병(감수율),대전광역시,0.0
202600204FC01010101322003,논벼,기본조사,벼관찰포,2026,3,흰잎마름병(피해율),대전광역시,0.0
202600204FC01010101322003,논벼,기본조사,벼관찰포,2026,3,흰잎마름병(발생면적율),대전광역시,0.0
202600204FC01010101322003,논벼,기본조사,벼관찰포,2026,3,깨씨무늬병(발생추정면적),대전광역시,0.0
202600204FC01010101322003,논벼,기본조사,벼관찰포,2026,3,깨씨무늬병(감수율),대전광역시,0.0
202600204FC01010101322003,논벼,기본조사,벼관찰포,2026,3,깨씨무늬병(피해율),대전광역시,0.0
202600204FC01010101322003,논벼,기본조사,벼관찰포,2026,3,깨씨무늬병(발생면적율),대전광역시,0.0
202600204FC01010101322003,논벼,기본조사,벼관찰포,2026,3,바이러스병(발생추정면적),대전광역시,0.0
202600204FC01010101322003,논벼,기본조사,벼관찰포,2026,3,바이러스병(감수율),대전광역시,0.0
202600204FC01010101322003,논벼,기본조사,벼관찰포,2026,3,바이러스병(피해율),대전광역시,0.0
202600204FC01010101322003,논벼,기본조사,벼관찰포,2026,3,바이러스병(발생면적율),대전광역시,0.0
202600204FC01010101322003,논벼,기본조사,벼관찰포,2026,3,이화명나방(발생추정면적),대전광역시,0.0
202600204FC01010101322003,논벼,기본조사,벼관찰포,2026,3,이화명나방(감수율),대전광역시,0.0
202600204FC01010101322003,논벼,기본조사,벼관찰포,2026,3,이화명나방(피해율),대전광역시,0.0
202600204FC01010101322003,논벼,기본조사,벼관찰포,2026,3,이화명나방(발생면적율),대전광역시,0.0
202600204FC01010101322003,논벼,기본조사,벼관찰포,2026,3,혹명나방(발생추정면적),대전광역시,0.0
202600204FC01010101322003,논벼,기본조사,벼관찰포,2026,3,혹명나방(감수율),대전광역시,0.0
202600204FC01010101322003,논벼,기본조사,벼관찰포,2026,3,혹명나방(피해율),대전광역시,0.0
202600204FC01010101322003,논벼,기본조사,벼관찰포,2026,3,혹명나방(발생면적율),대전광역시,0.0
202600204FC01010101322003,논벼,기본조사,벼관찰포,2026,3,먹노린재(발생추정면적),대전광역시,0.0
202600204FC01010101322003,논벼,기본조사,벼관찰포,2026,3,먹노린재(감수율),대전광역시,0.0
202600204FC01010101322003,논벼,기본조사,벼관찰포,2026,3,먹노린재(피해율),대전광역시,0.0
202600204FC01010101322003,논벼,기본조사,벼관찰포,2026,3,먹노린재(발생면적율),대전광역시,0.0
202600204FC01010101322003,논벼,기본조사,벼관찰포,2026,3,벼멸구(발생추정면적),대전광역시,0.0
202600204FC01010101322003,논벼,기본조사,벼관찰포,2026,3,벼멸구(감수율),대전광역시,0.0
202600204FC01010101322003,논벼,기본조사,벼관찰포,2026,3,벼멸구(피해율),대전광역시,0.0
202600204FC01010101322003,논벼,기본조사,벼관찰포,2026,3,벼멸구(발생면적율),대전광역시,0.0
202600204FC01010101322003,논벼,기본조사,벼관찰포,2026,3,흰등멸구(발생추정면적),대전광역시,0.0
202600204FC01010101322003,논벼,기본조사,벼관찰포,2026,3,흰등멸구(감수율),대전광역시,0.0
202600204FC01010101322003,논벼,기본조사,벼관찰포,2026,3,흰등멸구(피해율),대전광역시,0.0
202600204FC01010101322003,논벼,기본조사,벼관찰포,2026,3,흰등멸구(발생면적율),대전광역시,0.0
202600204FC01010101322003,논벼,기본조사,벼관찰포,2026,3,잎집무늬마름병(발생추정면적),대전광역시,0.0
202600204FC01010101322003,논벼,기본조사,벼관찰포,2026,3,잎집무늬마름병(감수율),대전광역시,0.0
202600204FC01010101322003,논벼,기본조사,벼관찰포,2026,3,잎집무늬마름병(피해율),대전광역시,0.0
202600204FC01010101322003,논벼,기본조사,벼관찰포,2026,3,잎집무늬마름병(발생면적율),대전광역시,0.0
202600204FC01010101322003,논벼,기본조사,벼관찰포,2026,3,키다리병(발생추정면적),대전광역시,0.0
202600204FC01010101322003,논벼,기본조사,벼관찰포,2026,3,키다리병(감수율),대전광역시,0.0
202600204FC01010101322003,논벼,기본조사,벼관찰포,2026,3,키다리병(피해율),대전광역시,0.0
202600204FC01010101322003,논벼,기본조사,벼관찰포,2026,3,키다리병(발생면적율),대전광역시,0.0
202600204FC01010101322003,논벼,기본조사,벼관찰포,2026,3,이삭누룩병(발생추정면적),대전광역시,0.0
202600204FC01010101322003,논벼,기본조사,벼관찰포,2026,3,이삭누룩병(감수율),대전광역시,0.0
202600204FC01010101322003,논벼,기본조사,벼관찰포,2026,3,이삭누룩병(피해율),대전광역시,0.0
202600204FC01010101322003,논벼,기본조사,벼관찰포,2026,3,이삭누룩병(발생면적율),대전광역시,0.0
202600204FC01010101322003,논벼,기본조사,벼관찰포,2026,3,벼잎벌레(발생추정면적),대전광역시,0.0
202600204FC01010101322003,논벼,기본조사,벼관찰포,2026,3,벼잎벌레(감수율),대전광역시,0.0
202600204FC01010101322003,논벼,기본조사,벼관찰포,2026,3,벼잎벌레(피해율),대전광역시,0.0
202600204FC01010101322003,논벼,기본조사,벼관찰포,2026,3,벼잎벌레(발생면적율),대전광역시,0.0
202600204FC01010101322003,논벼,기본조사,벼관찰포,2026,3,벼애나방(발생추정면적),대전광역시,0.0
202600204FC01010101322003,논벼,기본조사,벼관찰포,2026,3,벼애나방(감수율),대전광역시,0.0
202600204FC01010101322003,논벼,기본조사,벼관찰포,2026,3,벼애나방(피해율),대전광역시,0.0
202600204FC01010101322003,논벼,기본조사,벼관찰포,2026,3,벼애나방(발생면적율),대전광역시,0.0
202600204FC01010101322003,논벼,기본조사,벼관찰포,2026,3,벼애잎굴파리(발생추정면적),대전광역시,0.0
202600204FC01010101322003,논벼,기본조사,벼관찰포,2026,3,벼애잎굴파리(감수율),대전광역시,0.0
202600204FC01010101322003,논벼,기본조사,벼관찰포,2026,3,벼애잎굴파리(피해율),대전광역시,0.0
202600204FC01010101322003,논벼,기본조사,벼관찰포,2026,3,벼애잎굴파리(발생면적율),대전광역시,0.0
202600204FC01010101322003,논벼,기본조사,벼관찰포,2026,3,벼줄기굴파리(발생추정면적),대전광역시,0.0
202600204FC01010101322003,논벼,기본조사,벼관찰포,2026,3,벼줄기굴파리(감수율),대전광역시,0.0
202600204FC01010101322003,논벼,기본조사,벼관찰포,2026,3,벼줄기굴파리(피해율),대전광역시,0.0
202600204FC01010101322003,논벼,기본조사,벼관찰포,2026,3,벼줄기굴파리(발생면적율),대전광역시,0.0
202600204FC01010101322003,논벼,기본조사,벼관찰포,2026,3,벼물바구미(발생추정면적),대전광역시,0.348
202600204FC01010101322003,논벼,기본조사,벼관찰포,2026,3,벼물바구미(감수율),대전광역시,0.0
202600204FC01010101322003,논벼,기본조사,벼관찰포,2026,3,벼물바구미(피해율),대전광역시,0.001
202600204FC01010101322003,논벼,기본조사,벼관찰포,2026,3,벼물바구미(발생면적율),대전광역시,0.023
202600204FC01010101322003,논벼,기본조사,벼관찰포,2026,3,애멸구(발생추정면적),대전광역시,0.0
202600204FC01010101322003,논벼,기본조사,벼관찰포,2026,3,애멸구(감수율),대전광역시,0.0
202600204FC01010101322003,논벼,기본조사,벼관찰포,2026,3,애멸구(피해율),대전광역시,0.0
202600204FC01010101322003,논벼,기본조사,벼관찰포,2026,3,애멸구(발생면적율),대전광역시,0.0
202600204FC01010101322003,논벼,기본조사,벼관찰포,2026,3,끝동매미충(발생추정면적),대전광역시,0.0
202600204FC01010101322003,논벼,기본조사,벼관찰포,2026,3,끝동매미충(감수율),대전광역시,0.0
202600204FC01010101322003,논벼,기본조사,벼관찰포,2026,3,끝동매미충(피해율),대전광역시,0.0
202600204FC01010101322003,논벼,기본조사,벼관찰포,2026,3,끝동매미충(발생면적율),대전광역시,0.0
202600204FC01010101322003,논벼,기본조사,벼관찰포,2026,3,멸강나방(발생추정면적),대전광역시,0.0
202600204FC01010101322003,논벼,기본조사,벼관찰포,2026,3,멸강나방(감수율),대전광역시,0.0
202600204FC01010101322003,논벼,기본조사,벼관찰포,2026,3,멸강나방(피해율),대전광역시,0.0
202600204FC01010101322003,논벼,기본조사,벼관찰포,2026,3,멸강나방(발생면적율),대전광역시,0.0
202600204FC01010101322003,논벼,기본조사,벼관찰포,2026,3,벼잎선충(발생추정면적),대전광역시,0.0
202600204FC01010101322003,논벼,기본조사,벼관찰포,2026,3,벼잎선충(감수율),대전광역시,0.0
202600204FC01010101322003,논벼,기본조사,벼관찰포,2026,3,벼잎선충(피해율),대전광역시,0.0
202600204FC01010101322003,논벼,기본조사,벼관찰포,2026,3,벼잎선충(발생면적율),대전광역시,0.0
202600204FC01010101322003,논벼,기본조사,벼관찰포,2026,3,잎도열병(발생추정면적),울산광역시,0.0
202600204FC01010101322003,논벼,기본조사,벼관찰포,2026,3,잎도열병(감수율),울산광역시,0.0
202600204FC01010101322003,논벼,기본조사,벼관찰포,2026,3,잎도열병(피해율),울산광역시,0.0
202600204FC01010101322003,논벼,기본조사,벼관찰포,2026,3,잎도열병(발생면적율),울산광역시,0.0
202600204FC01010101322003,논벼,기본조사,벼관찰포,2026,3,이삭도열병(발생추정면적),울산광역시,0.0
202600204FC01010101322003,논벼,기본조사,벼관찰포,2026,3,이삭도열병(감수율),울산광역시,0.0
202600204FC01010101322003,논벼,기본조사,벼관찰포,2026,3,이삭도열병(피해율),울산광역시,0.0
202600204FC01010101322003,논벼,기본조사,벼관찰포,2026,3,이삭도열병(발생면적율),울산광역시,0.0
202600204FC01010101322003,논벼,기본조사,벼관찰포,2026,3,세균벼알마름병(발생추정면적),울산광역시,0.0
202600204FC01010101322003,논벼,기본조사,벼관찰포,2026,3,세균벼알마름병(감수율),울산광역시,0.0
202600204FC01010101322003,논벼,기본조사,벼관찰포,2026,3,세균벼알마름병(피해율),울산광역시,0.0
202600204FC01010101322003,논벼,기본조사,벼관찰포,2026,3,세균벼알마름병(발생면적율),울산광역시,0.0
202600204FC01010101322003,논벼,기본조사,벼관찰포,2026,3,흰잎마름병(발생추정면적),울산광역시,0.0
202600204FC01010101322003,논벼,기본조사,벼관찰포,2026,3,흰잎마름병(감수율),울산광역시,0.0
202600204FC01010101322003,논벼,기본조사,벼관찰포,2026,3,흰잎마름병(피해율),울산광역시,0.0
202600204FC01010101322003,논벼,기본조사,벼관찰포,2026,3,흰잎마름병(발생면적율),울산광역시,0.0
202600204FC01010101322003,논벼,기본조사,벼관찰포,2026,3,깨씨무늬병(발생추정면적),울산광역시,0.0
202600204FC01010101322003,논벼,기본조사,벼관찰포,2026,3,깨씨무늬병(감수율),울산광역시,0.0
202600204FC01010101322003,논벼,기본조사,벼관찰포,2026,3,깨씨무늬병(피해율),울산광역시,0.0
202600204FC01010101322003,논벼,기본조사,벼관찰포,2026,3,깨씨무늬병(발생면적율),울산광역시,0.0
202600204FC01010101322003,논벼,기본조사,벼관찰포,2026,3,바이러스병(발생추정면적),울산광역시,0.0
202600204FC01010101322003,논벼,기본조사,벼관찰포,2026,3,바이러스병(감수율),울산광역시,0.0
202600204FC01010101322003,논벼,기본조사,벼관찰포,2026,3,바이러스병(피해율),울산광역시,0.0
202600204FC01010101322003,논벼,기본조사,벼관찰포,2026,3,바이러스병(발생면적율),울산광역시,0.0
202600204FC01010101322003,논벼,기본조사,벼관찰포,2026,3,이화명나방(발생추정면적),울산광역시,0.0
202600204FC01010101322003,논벼,기본조사,벼관찰포,2026,3,이화명나방(감수율),울산광역시,0.0
202600204FC01010101322003,논벼,기본조사,벼관찰포,2026,3,이화명나방(피해율),울산광역시,0.0
202600204FC01010101322003,논벼,기본조사,벼관찰포,2026,3,이화명나방(발생면적율),울산광역시,0.0
202600204FC01010101322003,논벼,기본조사,벼관찰포,2026,3,혹명나방(발생추정면적),울산광역시,0.0
202600204FC01010101322003,논벼,기본조사,벼관찰포,2026,3,혹명나방(감수율),울산광역시,0.0
202600204FC01010101322003,논벼,기본조사,벼관찰포,2026,3,혹명나방(피해율),울산광역시,0.0
202600204FC01010101322003,논벼,기본조사,벼관찰포,2026,3,혹명나방(발생면적율),울산광역시,0.0
202600204FC01010101322003,논벼,기본조사,벼관찰포,2026,3,먹노린재(발생추정면적),울산광역시,0.0
202600204FC01010101322003,논벼,기본조사,벼관찰포,2026,3,먹노린재(감수율),울산광역시,0.0
202600204FC01010101322003,논벼,기본조사,벼관찰포,2026,3,먹노린재(피해율),울산광역시,0.0
202600204FC01010101322003,논벼,기본조사,벼관찰포,2026,3,먹노린재(발생면적율),울산광역시,0.0
202600204FC01010101322003,논벼,기본조사,벼관찰포,2026,3,벼멸구(발생추정면적),울산광역시,0.0
202600204FC01010101322003,논벼,기본조사,벼관찰포,2026,3,벼멸구(감수율),울산광역시,0.0
202600204FC01010101322003,논벼,기본조사,벼관찰포,2026,3,벼멸구(피해율),울산광역시,0.0
202600204FC01010101322003,논벼,기본조사,벼관찰포,2026,3,벼멸구(발생면적율),울산광역시,0.0
202600204FC01010101322003,논벼,기본조사,벼관찰포,2026,3,흰등멸구(발생추정면적),울산광역시,0.0
202600204FC01010101322003,논벼,기본조사,벼관찰포,2026,3,흰등멸구(감수율),울산광역시,0.0
202600204FC01010101322003,논벼,기본조사,벼관찰포,2026,3,흰등멸구(피해율),울산광역시,0.0
202600204FC01010101322003,논벼,기본조사,벼관찰포,2026,3,흰등멸구(발생면적율),울산광역시,0.0
202600204FC01010101322003,논벼,기본조사,벼관찰포,2026,3,잎집무늬마름병(발생추정면적),울산광역시,0.0
202600204FC01010101322003,논벼,기본조사,벼관찰포,2026,3,잎집무늬마름병(감수율),울산광역시,0.0
202600204FC01010101322003,논벼,기본조사,벼관찰포,2026,3,잎집무늬마름병(피해율),울산광역시,0.0
202600204FC01010101322003,논벼,기본조사,벼관찰포,2026,3,잎집무늬마름병(발생면적율),울산광역시,0.0
202600204FC01010101322003,논벼,기본조사,벼관찰포,2026,3,키다리병(발생추정면적),울산광역시,0.0
202600204FC01010101322003,논벼,기본조사,벼관찰포,2026,3,키다리병(감수율),울산광역시,0.0
202600204FC01010101322003,논벼,기본조사,벼관찰포,2026,3,키다리병(피해율),울산광역시,0.0
202600204FC01010101322003,논벼,기본조사,벼관찰포,2026,3,키다리병(발생면적율),울산광역시,0.0
202600204FC01010101322003,논벼,기본조사,벼관찰포,2026,3,이삭누룩병(발생추정면적),울산광역시,0.0
202600204FC01010101322003,논벼,기본조사,벼관찰포,2026,3,이삭누룩병(감수율),울산광역시,0.0
202600204FC01010101322003,논벼,기본조사,벼관찰포,2026,3,이삭누룩병(피해율),울산광역시,0.0
202600204FC01010101322003,논벼,기본조사,벼관찰포,2026,3,이삭누룩병(발생면적율),울산광역시,0.0
202600204FC01010101322003,논벼,기본조사,벼관찰포,2026,3,벼잎벌레(발생추정면적),울산광역시,0.0
202600204FC01010101322003,논벼,기본조사,벼관찰포,2026,3,벼잎벌레(감수율),울산광역시,0.0
202600204FC01010101322003,논벼,기본조사,벼관찰포,2026,3,벼잎벌레(피해율),울산광역시,0.0
202600204FC01010101322003,논벼,기본조사,벼관찰포,2026,3,벼잎벌레(발생면적율),울산광역시,0.0
202600204FC01010101322003,논벼,기본조사,벼관찰포,2026,3,벼애나방(발생추정면적),울산광역시,0.0
202600204FC01010101322003,논벼,기본조사,벼관찰포,2026,3,벼애나방(감수율),울산광역시,0.0
202600204FC01010101322003,논벼,기본조사,벼관찰포,2026,3,벼애나방(피해율),울산광역시,0.0
202600204FC01010101322003,논벼,기본조사,벼관찰포,2026,3,벼애나방(발생면적율),울산광역시,0.0
202600204FC01010101322003,논벼,기본조사,벼관찰포,2026,3,벼애잎굴파리(발생추정면적),울산광역시,0.0
202600204FC01010101322003,논벼,기본조사,벼관찰포,2026,3,벼애잎굴파리(감수율),울산광역시,0.0
202600204FC01010101322003,논벼,기본조사,벼관찰포,2026,3,벼애잎굴파리(피해율),울산광역시,0.0
202600204FC01010101322003,논벼,기본조사,벼관찰포,2026,3,벼애잎굴파리(발생면적율),울산광역시,0.0
202600204FC01010101322003,논벼,기본조사,벼관찰포,2026,3,벼줄기굴파리(발생추정면적),울산광역시,0.0
202600204FC01010101322003,논벼,기본조사,벼관찰포,2026,3,벼줄기굴파리(감수율),울산광역시,0.0
202600204FC01010101322003,논벼,기본조사,벼관찰포,2026,3,벼줄기굴파리(피해율),울산광역시,0.0
202600204FC01010101322003,논벼,기본조사,벼관찰포,2026,3,벼줄기굴파리(발생면적율),울산광역시,0.0
202600204FC01010101322003,논벼,기본조사,벼관찰포,2026,3,벼물바구미(발생추정면적),울산광역시,0.0
202600204FC01010101322003,논벼,기본조사,벼관찰포,2026,3,벼물바구미(감수율),울산광역시,0.0
202600204FC01010101322003,논벼,기본조사,벼관찰포,2026,3,벼물바구미(피해율),울산광역시,0.0
202600204FC01010101322003,논벼,기본조사,벼관찰포,2026,3,벼물바구미(발생면적율),울산광역시,0.0
202600204FC01010101322003,논벼,기본조사,벼관찰포,2026,3,애멸구(발생추정면적),울산광역시,0.0
202600204FC01010101322003,논벼,기본조사,벼관찰포,2026,3,애멸구(감수율),울산광역시,0.0
202600204FC01010101322003,논벼,기본조사,벼관찰포,2026,3,애멸구(피해율),울산광역시,0.0
202600204FC01010101322003,논벼,기본조사,벼관찰포,2026,3,애멸구(발생면적율),울산광역시,0.0
202600204FC01010101322003,논벼,기본조사,벼관찰포,2026,3,끝동매미충(발생추정면적),울산광역시,0.0
202600204FC01010101322003,논벼,기본조사,벼관찰포,2026,3,끝동매미충(감수율),울산광역시,0.0
202600204FC01010101322003,논벼,기본조사,벼관찰포,2026,3,끝동매미충(피해율),울산광역시,0.0
202600204FC01010101322003,논벼,기본조사,벼관찰포,2026,3,끝동매미충(발생면적율),울산광역시,0.0
202600204FC01010101322003,논벼,기본조사,벼관찰포,2026,3,멸강나방(발생추정면적),울산광역시,0.0
202600204FC01010101322003,논벼,기본조사,벼관찰포,2026,3,멸강나방(감수율),울산광역시,0.0
202600204FC01010101322003,논벼,기본조사,벼관찰포,2026,3,멸강나방(피해율),울산광역시,0.0
202600204FC01010101322003,논벼,기본조사,벼관찰포,2026,3,멸강나방(발생면적율),울산광역시,0.0
202600204FC01010101322003,논벼,기본조사,벼관찰포,2026,3,벼잎선충(발생추정면적),울산광역시,0.0
202600204FC01010101322003,논벼,기본조사,벼관찰포,2026,3,벼잎선충(감수율),울산광역시,0.0
202600204FC01010101322003,논벼,기본조사,벼관찰포,2026,3,벼잎선충(피해율),울산광역시,0.0
202600204FC01010101322003,논벼,기본조사,벼관찰포,2026,3,벼잎선충(발생면적율),울산광역시,0.0
202600204FC01010101322003,논벼,기본조사,벼관찰포,2026,3,잎도열병(발생추정면적),세종특별자치시,0.0
202600204FC01010101322003,논벼,기본조사,벼관찰포,2026,3,잎도열병(감수율),세종특별자치시,0.0
202600204FC01010101322003,논벼,기본조사,벼관찰포,2026,3,잎도열병(피해율),세종특별자치시,0.0
202600204FC01010101322003,논벼,기본조사,벼관찰포,2026,3,잎도열병(발생면적율),세종특별자치시,0.0
202600204FC01010101322003,논벼,기본조사,벼관찰포,2026,3,이삭도열병(발생추정면적),세종특별자치시,0.0
202600204FC01010101322003,논벼,기본조사,벼관찰포,2026,3,이삭도열병(감수율),세종특별자치시,0.0
202600204FC01010101322003,논벼,기본조사,벼관찰포,2026,3,이삭도열병(피해율),세종특별자치시,0.0
202600204FC01010101322003,논벼,기본조사,벼관찰포,2026,3,이삭도열병(발생면적율),세종특별자치시,0.0
202600204FC01010101322003,논벼,기본조사,벼관찰포,2026,3,세균벼알마름병(발생추정면적),세종특별자치시,0.0
202600204FC01010101322003,논벼,기본조사,벼관찰포,2026,3,세균벼알마름병(감수율),세종특별자치시,0.0
202600204FC01010101322003,논벼,기본조사,벼관찰포,2026,3,세균벼알마름병(피해율),세종특별자치시,0.0
202600204FC01010101322003,논벼,기본조사,벼관찰포,2026,3,세균벼알마름병(발생면적율),세종특별자치시,0.0
202600204FC01010101322003,논벼,기본조사,벼관찰포,2026,3,흰잎마름병(발생추정면적),세종특별자치시,0.0
202600204FC01010101322003,논벼,기본조사,벼관찰포,2026,3,흰잎마름병(감수율),세종특별자치시,0.0
202600204FC01010101322003,논벼,기본조사,벼관찰포,2026,3,흰잎마름병(피해율),세종특별자치시,0.0
202600204FC01010101322003,논벼,기본조사,벼관찰포,2026,3,흰잎마름병(발생면적율),세종특별자치시,0.0
202600204FC01010101322003,논벼,기본조사,벼관찰포,2026,3,깨씨무늬병(발생추정면적),세종특별자치시,0.0
202600204FC01010101322003,논벼,기본조사,벼관찰포,2026,3,깨씨무늬병(감수율),세종특별자치시,0.0
202600204FC01010101322003,논벼,기본조사,벼관찰포,2026,3,깨씨무늬병(피해율),세종특별자치시,0.0
202600204FC01010101322003,논벼,기본조사,벼관찰포,2026,3,깨씨무늬병(발생면적율),세종특별자치시,0.0
202600204FC01010101322003,논벼,기본조사,벼관찰포,2026,3,바이러스병(발생추정면적),세종특별자치시,0.0
202600204FC01010101322003,논벼,기본조사,벼관찰포,2026,3,바이러스병(감수율),세종특별자치시,0.0
202600204FC01010101322003,논벼,기본조사,벼관찰포,2026,3,바이러스병(피해율),세종특별자치시,0.0
202600204FC01010101322003,논벼,기본조사,벼관찰포,2026,3,바이러스병(발생면적율),세종특별자치시,0.0
202600204FC01010101322003,논벼,기본조사,벼관찰포,2026,3,이화명나방(발생추정면적),세종특별자치시,0.0
202600204FC01010101322003,논벼,기본조사,벼관찰포,2026,3,이화명나방(감수율),세종특별자치시,0.0
202600204FC01010101322003,논벼,기본조사,벼관찰포,2026,3,이화명나방(피해율),세종특별자치시,0.0
202600204FC01010101322003,논벼,기본조사,벼관찰포,2026,3,이화명나방(발생면적율),세종특별자치시,0.0
202600204FC01010101322003,논벼,기본조사,벼관찰포,2026,3,혹명나방(발생추정면적),세종특별자치시,0.0
202600204FC01010101322003,논벼,기본조사,벼관찰포,2026,3,혹명나방(감수율),세종특별자치시,0.0
202600204FC01010101322003,논벼,기본조사,벼관찰포,2026,3,혹명나방(피해율),세종특별자치시,0.0
202600204FC01010101322003,논벼,기본조사,벼관찰포,2026,3,혹명나방(발생면적율),세종특별자치시,0.0
202600204FC01010101322003,논벼,기본조사,벼관찰포,2026,3,먹노린재(발생추정면적),세종특별자치시,0.0
202600204FC01010101322003,논벼,기본조사,벼관찰포,2026,3,먹노린재(감수율),세종특별자치시,0.0
202600204FC01010101322003,논벼,기본조사,벼관찰포,2026,3,먹노린재(피해율),세종특별자치시,0.0
202600204FC01010101322003,논벼,기본조사,벼관찰포,2026,3,먹노린재(발생면적율),세종특별자치시,0.0
202600204FC01010101322003,논벼,기본조사,벼관찰포,2026,3,벼멸구(발생추정면적),세종특별자치시,0.0
202600204FC01010101322003,논벼,기본조사,벼관찰포,2026,3,벼멸구(감수율),세종특별자치시,0.0
202600204FC01010101322003,논벼,기본조사,벼관찰포,2026,3,벼멸구(피해율),세종특별자치시,0.0
202600204FC01010101322003,논벼,기본조사,벼관찰포,2026,3,벼멸구(발생면적율),세종특별자치시,0.0
202600204FC01010101322003,논벼,기본조사,벼관찰포,2026,3,흰등멸구(발생추정면적),세종특별자치시,0.0
202600204FC01010101322003,논벼,기본조사,벼관찰포,2026,3,흰등멸구(감수율),세종특별자치시,0.0
202600204FC01010101322003,논벼,기본조사,벼관찰포,2026,3,흰등멸구(피해율),세종특별자치시,0.0
202600204FC01010101322003,논벼,기본조사,벼관찰포,2026,3,흰등멸구(발생면적율),세종특별자치시,0.0
202600204FC01010101322003,논벼,기본조사,벼관찰포,2026,3,잎집무늬마름병(발생추정면적),세종특별자치시,0.0
202600204FC01010101322003,논벼,기본조사,벼관찰포,2026,3,잎집무늬마름병(감수율),세종특별자치시,0.0
202600204FC01010101322003,논벼,기본조사,벼관찰포,2026,3,잎집무늬마름병(피해율),세종특별자치시,0.0
202600204FC01010101322003,논벼,기본조사,벼관찰포,2026,3,잎집무늬마름병(발생면적율),세종특별자치시,0.0
202600204FC01010101322003,논벼,기본조사,벼관찰포,2026,3,키다리병(발생추정면적),세종특별자치시,0.0
202600204FC01010101322003,논벼,기본조사,벼관찰포,2026,3,키다리병(감수율),세종특별자치시,0.0
202600204FC01010101322003,논벼,기본조사,벼관찰포,2026,3,키다리병(피해율),세종특별자치시,0.0
202600204FC01010101322003,논벼,기본조사,벼관찰포,2026,3,키다리병(발생면적율),세종특별자치시,0.0
202600204FC01010101322003,논벼,기본조사,벼관찰포,2026,3,이삭누룩병(발생추정면적),세종특별자치시,0.0
202600204FC01010101322003,논벼,기본조사,벼관찰포,2026,3,이삭누룩병(감수율),세종특별자치시,0.0
202600204FC01010101322003,논벼,기본조사,벼관찰포,2026,3,이삭누룩병(피해율),세종특별자치시,0.0
202600204FC01010101322003,논벼,기본조사,벼관찰포,2026,3,이삭누룩병(발생면적율),세종특별자치시,0.0
202600204FC01010101322003,논벼,기본조사,벼관찰포,2026,3,벼잎벌레(발생추정면적),세종특별자치시,0.0
202600204FC01010101322003,논벼,기본조사,벼관찰포,2026,3,벼잎벌레(감수율),세종특별자치시,0.0
202600204FC01010101322003,논벼,기본조사,벼관찰포,2026,3,벼잎벌레(피해율),세종특별자치시,0.0
202600204FC01010101322003,논벼,기본조사,벼관찰포,2026,3,벼잎벌레(발생면적율),세종특별자치시,0.0
202600204FC01010101322003,논벼,기본조사,벼관찰포,2026,3,벼애나방(발생추정면적),세종특별자치시,0.0
202600204FC01010101322003,논벼,기본조사,벼관찰포,2026,3,벼애나방(감수율),세종특별자치시,0.0
202600204FC01010101322003,논벼,기본조사,벼관찰포,2026,3,벼애나방(피해율),세종특별자치시,0.0
202600204FC01010101322003,논벼,기본조사,벼관찰포,2026,3,벼애나방(발생면적율),세종특별자치시,0.0
202600204FC01010101322003,논벼,기본조사,벼관찰포,2026,3,벼애잎굴파리(발생추정면적),세종특별자치시,0.0
202600204FC01010101322003,논벼,기본조사,벼관찰포,2026,3,벼애잎굴파리(감수율),세종특별자치시,0.0
202600204FC01010101322003,논벼,기본조사,벼관찰포,2026,3,벼애잎굴파리(피해율),세종특별자치시,0.0
202600204FC01010101322003,논벼,기본조사,벼관찰포,2026,3,벼애잎굴파리(발생면적율),세종특별자치시,0.0
202600204FC01010101322003,논벼,기본조사,벼관찰포,2026,3,벼줄기굴파리(발생추정면적),세종특별자치시,0.0
202600204FC01010101322003,논벼,기본조사,벼관찰포,2026,3,벼줄기굴파리(감수율),세종특별자치시,0.0
202600204FC01010101322003,논벼,기본조사,벼관찰포,2026,3,벼줄기굴파리(피해율),세종특별자치시,0.0
202600204FC01010101322003,논벼,기본조사,벼관찰포,2026,3,벼줄기굴파리(발생면적율),세종특별자치시,0.0
202600204FC01010101322003,논벼,기본조사,벼관찰포,2026,3,벼물바구미(발생추정면적),세종특별자치시,0.0
202600204FC01010101322003,논벼,기본조사,벼관찰포,2026,3,벼물바구미(감수율),세종특별자치시,0.0
202600204FC01010101322003,논벼,기본조사,벼관찰포,2026,3,벼물바구미(피해율),세종특별자치시,0.0
202600204FC01010101322003,논벼,기본조사,벼관찰포,2026,3,벼물바구미(발생면적율),세종특별자치시,0.0
202600204FC01010101322003,논벼,기본조사,벼관찰포,2026,3,애멸구(발생추정면적),세종특별자치시,0.0
202600204FC01010101322003,논벼,기본조사,벼관찰포,2026,3,애멸구(감수율),세종특별자치시,0.0
202600204FC01010101322003,논벼,기본조사,벼관찰포,2026,3,애멸구(피해율),세종특별자치시,0.0
202600204FC01010101322003,논벼,기본조사,벼관찰포,2026,3,애멸구(발생면적율),세종특별자치시,0.0
202600204FC01010101322003,논벼,기본조사,벼관찰포,2026,3,끝동매미충(발생추정면적),세종특별자치시,0.0
202600204FC01010101322003,논벼,기본조사,벼관찰포,2026,3,끝동매미충(감수율),세종특별자치시,0.0
202600204FC01010101322003,논벼,기본조사,벼관찰포,2026,3,끝동매미충(피해율),세종특별자치시,0.0
202600204FC01010101322003,논벼,기본조사,벼관찰포,2026,3,끝동매미충(발생면적율),세종특별자치시,0.0
202600204FC01010101322003,논벼,기본조사,벼관찰포,2026,3,멸강나방(발생추정면적),세종특별자치시,0.0
202600204FC01010101322003,논벼,기본조사,벼관찰포,2026,3,멸강나방(감수율),세종특별자치시,0.0
202600204FC01010101322003,논벼,기본조사,벼관찰포,2026,3,멸강나방(피해율),세종특별자치시,0.0
202600204FC01010101322003,논벼,기본조사,벼관찰포,2026,3,멸강나방(발생면적율),세종특별자치시,0.0
202600204FC01010101322003,논벼,기본조사,벼관찰포,2026,3,벼잎선충(발생추정면적),세종특별자치시,0.0
202600204FC01010101322003,논벼,기본조사,벼관찰포,2026,3,벼잎선충(감수율),세종특별자치시,0.0
202600204FC01010101322003,논벼,기본조사,벼관찰포,2026,3,벼잎선충(피해율),세종특별자치시,0.0
202600204FC01010101322003,논벼,기본조사,벼관찰포,2026,3,벼잎선충(발생면적율),세종특별자치시,0.0
202600204FC01010101322003,논벼,기본조사,벼관찰포,2026,3,잎도열병(발생추정면적),경기도,0.0
202600204FC01010101322003,논벼,기본조사,벼관찰포,2026,3,잎도열병(감수율),경기도,0.0
202600204FC01010101322003,논벼,기본조사,벼관찰포,2026,3,잎도열병(피해율),경기도,0.0
202600204FC01010101322003,논벼,기본조사,벼관찰포,2026,3,잎도열병(발생면적율),경기도,0.0
202600204FC01010101322003,논벼,기본조사,벼관찰포,2026,3,이삭도열병(발생추정면적),경기도,0.0
202600204FC01010101322003,논벼,기본조사,벼관찰포,2026,3,이삭도열병(감수율),경기도,0.0
202600204FC01010101322003,논벼,기본조사,벼관찰포,2026,3,이삭도열병(피해율),경기도,0.0
202600204FC01010101322003,논벼,기본조사,벼관찰포,2026,3,이삭도열병(발생면적율),경기도,0.0
202600204FC01010101322003,논벼,기본조사,벼관찰포,2026,3,세균벼알마름병(발생추정면적),경기도,0.0
202600204FC01010101322003,논벼,기본조사,벼관찰포,2026,3,세균벼알마름병(감수율),경기도,0.0
202600204FC01010101322003,논벼,기본조사,벼관찰포,2026,3,세균벼알마름병(피해율),경기도,0.0
202600204FC01010101322003,논벼,기본조사,벼관찰포,2026,3,세균벼알마름병(발생면적율),경기도,0.0
202600204FC01010101322003,논벼,기본조사,벼관찰포,2026,3,흰잎마름병(발생추정면적),경기도,0.0
202600204FC01010101322003,논벼,기본조사,벼관찰포,2026,3,흰잎마름병(감수율),경기도,0.0
202600204FC01010101322003,논벼,기본조사,벼관찰포,2026,3,흰잎마름병(피해율),경기도,0.0
202600204FC01010101322003,논벼,기본조사,벼관찰포,2026,3,흰잎마름병(발생면적율),경기도,0.0
202600204FC01010101322003,논벼,기본조사,벼관찰포,2026,3,깨씨무늬병(발생추정면적),경기도,0.0
202600204FC01010101322003,논벼,기본조사,벼관찰포,2026,3,깨씨무늬병(감수율),경기도,0.0
202600204FC01010101322003,논벼,기본조사,벼관찰포,2026,3,깨씨무늬병(피해율),경기도,0.0
202600204FC01010101322003,논벼,기본조사,벼관찰포,2026,3,깨씨무늬병(발생면적율),경기도,0.0
202600204FC01010101322003,논벼,기본조사,벼관찰포,2026,3,바이러스병(발생추정면적),경기도,0.0
202600204FC01010101322003,논벼,기본조사,벼관찰포,2026,3,바이러스병(감수율),경기도,0.0
202600204FC01010101322003,논벼,기본조사,벼관찰포,2026,3,바이러스병(피해율),경기도,0.0
202600204FC01010101322003,논벼,기본조사,벼관찰포,2026,3,바이러스병(발생면적율),경기도,0.0
202600204FC01010101322003,논벼,기본조사,벼관찰포,2026,3,이화명나방(발생추정면적),경기도,0.0
202600204FC01010101322003,논벼,기본조사,벼관찰포,2026,3,이화명나방(감수율),경기도,0.0
202600204FC01010101322003,논벼,기본조사,벼관찰포,2026,3,이화명나방(피해율),경기도,0.0
202600204FC01010101322003,논벼,기본조사,벼관찰포,2026,3,이화명나방(발생면적율),경기도,0.0
202600204FC01010101322003,논벼,기본조사,벼관찰포,2026,3,혹명나방(발생추정면적),경기도,0.0
202600204FC01010101322003,논벼,기본조사,벼관찰포,2026,3,혹명나방(감수율),경기도,0.0
202600204FC01010101322003,논벼,기본조사,벼관찰포,2026,3,혹명나방(피해율),경기도,0.0
202600204FC01010101322003,논벼,기본조사,벼관찰포,2026,3,혹명나방(발생면적율),경기도,0.0
202600204FC01010101322003,논벼,기본조사,벼관찰포,2026,3,먹노린재(발생추정면적),경기도,0.0
202600204FC01010101322003,논벼,기본조사,벼관찰포,2026,3,먹노린재(감수율),경기도,0.0
202600204FC01010101322003,논벼,기본조사,벼관찰포,2026,3,먹노린재(피해율),경기도,0.0
202600204FC01010101322003,논벼,기본조사,벼관찰포,2026,3,먹노린재(발생면적율),경기도,0.0
202600204FC01010101322003,논벼,기본조사,벼관찰포,2026,3,벼멸구(발생추정면적),경기도,0.0
202600204FC01010101322003,논벼,기본조사,벼관찰포,2026,3,벼멸구(감수율),경기도,0.0
202600204FC01010101322003,논벼,기본조사,벼관찰포,2026,3,벼멸구(피해율),경기도,0.0
202600204FC01010101322003,논벼,기본조사,벼관찰포,2026,3,벼멸구(발생면적율),경기도,0.0
202600204FC01010101322003,논벼,기본조사,벼관찰포,2026,3,흰등멸구(발생추정면적),경기도,0.0
202600204FC01010101322003,논벼,기본조사,벼관찰포,2026,3,흰등멸구(감수율),경기도,0.0
202600204FC01010101322003,논벼,기본조사,벼관찰포,2026,3,흰등멸구(피해율),경기도,0.0
202600204FC01010101322003,논벼,기본조사,벼관찰포,2026,3,흰등멸구(발생면적율),경기도,0.0
202600204FC01010101322003,논벼,기본조사,벼관찰포,2026,3,잎집무늬마름병(발생추정면적),경기도,0.0
202600204FC01010101322003,논벼,기본조사,벼관찰포,2026,3,잎집무늬마름병(감수율),경기도,0.0
202600204FC01010101322003,논벼,기본조사,벼관찰포,2026,3,잎집무늬마름병(피해율),경기도,0.0
202600204FC01010101322003,논벼,기본조사,벼관찰포,2026,3,잎집무늬마름병(발생면적율),경기도,0.0
202600204FC01010101322003,논벼,기본조사,벼관찰포,2026,3,키다리병(발생추정면적),경기도,0.0
202600204FC01010101322003,논벼,기본조사,벼관찰포,2026,3,키다리병(감수율),경기도,0.0
202600204FC01010101322003,논벼,기본조사,벼관찰포,2026,3,키다리병(피해율),경기도,0.0
202600204FC01010101322003,논벼,기본조사,벼관찰포,2026,3,키다리병(발생면적율),경기도,0.0
202600204FC01010101322003,논벼,기본조사,벼관찰포,2026,3,이삭누룩병(발생추정면적),경기도,0.0
202600204FC01010101322003,논벼,기본조사,벼관찰포,2026,3,이삭누룩병(감수율),경기도,0.0
202600204FC01010101322003,논벼,기본조사,벼관찰포,2026,3,이삭누룩병(피해율),경기도,0.0
202600204FC01010101322003,논벼,기본조사,벼관찰포,2026,3,이삭누룩병(발생면적율),경기도,0.0
202600204FC01010101322003,논벼,기본조사,벼관찰포,2026,3,벼잎벌레(발생추정면적),경기도,0.0
202600204FC01010101322003,논벼,기본조사,벼관찰포,2026,3,벼잎벌레(감수율),경기도,0.0
202600204FC01010101322003,논벼,기본조사,벼관찰포,2026,3,벼잎벌레(피해율),경기도,0.0
202600204FC01010101322003,논벼,기본조사,벼관찰포,2026,3,벼잎벌레(발생면적율),경기도,0.0
202600204FC01010101322003,논벼,기본조사,벼관찰포,2026,3,벼애나방(발생추정면적),경기도,0.0
202600204FC01010101322003,논벼,기본조사,벼관찰포,2026,3,벼애나방(감수율),경기도,0.0
202600204FC01010101322003,논벼,기본조사,벼관찰포,2026,3,벼애나방(피해율),경기도,0.0
202600204FC01010101322003,논벼,기본조사,벼관찰포,2026,3,벼애나방(발생면적율),경기도,0.0
202600204FC01010101322003,논벼,기본조사,벼관찰포,2026,3,벼애잎굴파리(발생추정면적),경기도,0.0
202600204FC01010101322003,논벼,기본조사,벼관찰포,2026,3,벼애잎굴파리(감수율),경기도,0.0
202600204FC01010101322003,논벼,기본조사,벼관찰포,2026,3,벼애잎굴파리(피해율),경기도,0.0
202600204FC01010101322003,논벼,기본조사,벼관찰포,2026,3,벼애잎굴파리(발생면적율),경기도,0.0
202600204FC01010101322003,논벼,기본조사,벼관찰포,2026,3,벼줄기굴파리(발생추정면적),경기도,0.0
202600204FC01010101322003,논벼,기본조사,벼관찰포,2026,3,벼줄기굴파리(감수율),경기도,0.0
202600204FC01010101322003,논벼,기본조사,벼관찰포,2026,3,벼줄기굴파리(피해율),경기도,0.0
202600204FC01010101322003,논벼,기본조사,벼관찰포,2026,3,벼줄기굴파리(발생면적율),경기도,0.0
202600204FC01010101322003,논벼,기본조사,벼관찰포,2026,3,벼물바구미(발생추정면적),경기도,73.591
202600204FC01010101322003,논벼,기본조사,벼관찰포,2026,3,벼물바구미(감수율),경기도,0.001
202600204FC01010101322003,논벼,기본조사,벼관찰포,2026,3,벼물바구미(피해율),경기도,0.004
202600204FC01010101322003,논벼,기본조사,벼관찰포,2026,3,벼물바구미(발생면적율),경기도,0.123
202600204FC01010101322003,논벼,기본조사,벼관찰포,2026,3,애멸구(발생추정면적),경기도,0.0
202600204FC01010101322003,논벼,기본조사,벼관찰포,2026,3,애멸구(감수율),경기도,0.0
202600204FC01010101322003,논벼,기본조사,벼관찰포,2026,3,애멸구(피해율),경기도,0.0
202600204FC01010101322003,논벼,기본조사,벼관찰포,2026,3,애멸구(발생면적율),경기도,0.0
202600204FC01010101322003,논벼,기본조사,벼관찰포,2026,3,끝동매미충(발생추정면적),경기도,0.0
202600204FC01010101322003,논벼,기본조사,벼관찰포,2026,3,끝동매미충(감수율),경기도,0.0
202600204FC01010101322003,논벼,기본조사,벼관찰포,2026,3,끝동매미충(피해율),경기도,0.0
202600204FC01010101322003,논벼,기본조사,벼관찰포,2026,3,끝동매미충(발생면적율),경기도,0.0
202600204FC01010101322003,논벼,기본조사,벼관찰포,2026,3,멸강나방(발생추정면적),경기도,0.0
202600204FC01010101322003,논벼,기본조사,벼관찰포,2026,3,멸강나방(감수율),경기도,0.0
202600204FC01010101322003,논벼,기본조사,벼관찰포,2026,3,멸강나방(피해율),경기도,0.0
202600204FC01010101322003,논벼,기본조사,벼관찰포,2026,3,멸강나방(발생면적율),경기도,0.0
202600204FC01010101322003,논벼,기본조사,벼관찰포,2026,3,벼잎선충(발생추정면적),경기도,0.0
202600204FC01010101322003,논벼,기본조사,벼관찰포,2026,3,벼잎선충(감수율),경기도,0.0
202600204FC01010101322003,논벼,기본조사,벼관찰포,2026,3,벼잎선충(피해율),경기도,0.0
202600204FC01010101322003,논벼,기본조사,벼관찰포,2026,3,벼잎선충(발생면적율),경기도,0.0
202600204FC01010101322003,논벼,기본조사,벼관찰포,2026,3,잎도열병(발생추정면적),강원특별자치도,213.292
202600204FC01010101322003,논벼,기본조사,벼관찰포,2026,3,잎도열병(감수율),강원특별자치도,0.0
202600204FC01010101322003,논벼,기본조사,벼관찰포,2026,3,잎도열병(피해율),강원특별자치도,0.002
202600204FC01010101322003,논벼,기본조사,벼관찰포,2026,3,잎도열병(발생면적율),강원특별자치도,0.827
202600204FC01010101322003,논벼,기본조사,벼관찰포,2026,3,이삭도열병(발생추정면적),강원특별자치도,0.0
202600204FC01010101322003,논벼,기본조사,벼관찰포,2026,3,이삭도열병(감수율),강원특별자치도,0.0
202600204FC01010101322003,논벼,기본조사,벼관찰포,2026,3,이삭도열병(피해율),강원특별자치도,0.0
202600204FC01010101322003,논벼,기본조사,벼관찰포,2026,3,이삭도열병(발생면적율),강원특별자치도,0.0
202600204FC01010101322003,논벼,기본조사,벼관찰포,2026,3,세균벼알마름병(발생추정면적),강원특별자치도,0.0
202600204FC01010101322003,논벼,기본조사,벼관찰포,2026,3,세균벼알마름병(감수율),강원특별자치도,0.0
202600204FC01010101322003,논벼,기본조사,벼관찰포,2026,3,세균벼알마름병(피해율),강원특별자치도,0.0
202600204FC01010101322003,논벼,기본조사,벼관찰포,2026,3,세균벼알마름병(발생면적율),강원특별자치도,0.0
202600204FC01010101322003,논벼,기본조사,벼관찰포,2026,3,흰잎마름병(발생추정면적),강원특별자치도,0.0
202600204FC01010101322003,논벼,기본조사,벼관찰포,2026,3,흰잎마름병(감수율),강원특별자치도,0.0
202600204FC01010101322003,논벼,기본조사,벼관찰포,2026,3,흰잎마름병(피해율),강원특별자치도,0.0
202600204FC01010101322003,논벼,기본조사,벼관찰포,2026,3,흰잎마름병(발생면적율),강원특별자치도,0.0
202600204FC01010101322003,논벼,기본조사,벼관찰포,2026,3,깨씨무늬병(발생추정면적),강원특별자치도,0.0
202600204FC01010101322003,논벼,기본조사,벼관찰포,2026,3,깨씨무늬병(감수율),강원특별자치도,0.0
202600204FC01010101322003,논벼,기본조사,벼관찰포,2026,3,깨씨무늬병(피해율),강원특별자치도,0.0
202600204FC01010101322003,논벼,기본조사,벼관찰포,2026,3,깨씨무늬병(발생면적율),강원특별자치도,0.0
202600204FC01010101322003,논벼,기본조사,벼관찰포,2026,3,바이러스병(발생추정면적),강원특별자치도,0.0
202600204FC01010101322003,논벼,기본조사,벼관찰포,2026,3,바이러스병(감수율),강원특별자치도,0.0
202600204FC01010101322003,논벼,기본조사,벼관찰포,2026,3,바이러스병(피해율),강원특별자치도,0.0
202600204FC01010101322003,논벼,기본조사,벼관찰포,2026,3,바이러스병(발생면적율),강원특별자치도,0.0
202600204FC01010101322003,논벼,기본조사,벼관찰포,2026,3,이화명나방(발생추정면적),강원특별자치도,0.0
202600204FC01010101322003,논벼,기본조사,벼관찰포,2026,3,이화명나방(감수율),강원특별자치도,0.0
202600204FC01010101322003,논벼,기본조사,벼관찰포,2026,3,이화명나방(피해율),강원특별자치도,0.0
202600204FC01010101322003,논벼,기본조사,벼관찰포,2026,3,이화명나방(발생면적율),강원특별자치도,0.0
202600204FC01010101322003,논벼,기본조사,벼관찰포,2026,3,혹명나방(발생추정면적),강원특별자치도,0.0
202600204FC01010101322003,논벼,기본조사,벼관찰포,2026,3,혹명나방(감수율),강원특별자치도,0.0
202600204FC01010101322003,논벼,기본조사,벼관찰포,2026,3,혹명나방(피해율),강원특별자치도,0.0
202600204FC01010101322003,논벼,기본조사,벼관찰포,2026,3,혹명나방(발생면적율),강원특별자치도,0.0
202600204FC01010101322003,논벼,기본조사,벼관찰포,2026,3,먹노린재(발생추정면적),강원특별자치도,0.0
202600204FC01010101322003,논벼,기본조사,벼관찰포,2026,3,먹노린재(감수율),강원특별자치도,0.0
202600204FC01010101322003,논벼,기본조사,벼관찰포,2026,3,먹노린재(피해율),강원특별자치도,0.0
202600204FC01010101322003,논벼,기본조사,벼관찰포,2026,3,먹노린재(발생면적율),강원특별자치도,0.0
202600204FC01010101322003,논벼,기본조사,벼관찰포,2026,3,벼멸구(발생추정면적),강원특별자치도,0.0
202600204FC01010101322003,논벼,기본조사,벼관찰포,2026,3,벼멸구(감수율),강원특별자치도,0.0
202600204FC01010101322003,논벼,기본조사,벼관찰포,2026,3,벼멸구(피해율),강원특별자치도,0.0
202600204FC01010101322003,논벼,기본조사,벼관찰포,2026,3,벼멸구(발생면적율),강원특별자치도,0.0
202600204FC01010101322003,논벼,기본조사,벼관찰포,2026,3,흰등멸구(발생추정면적),강원특별자치도,0.0
202600204FC01010101322003,논벼,기본조사,벼관찰포,2026,3,흰등멸구(감수율),강원특별자치도,0.0
202600204FC01010101322003,논벼,기본조사,벼관찰포,2026,3,흰등멸구(피해율),강원특별자치도,0.0
202600204FC01010101322003,논벼,기본조사,벼관찰포,2026,3,흰등멸구(발생면적율),강원특별자치도,0.0
202600204FC01010101322003,논벼,기본조사,벼관찰포,2026,3,잎집무늬마름병(발생추정면적),강원특별자치도,0.0
202600204FC01010101322003,논벼,기본조사,벼관찰포,2026,3,잎집무늬마름병(감수율),강원특별자치도,0.0
202600204FC01010101322003,논벼,기본조사,벼관찰포,2026,3,잎집무늬마름병(피해율),강원특별자치도,0.0
202600204FC01010101322003,논벼,기본조사,벼관찰포,2026,3,잎집무늬마름병(발생면적율),강원특별자치도,0.0
202600204FC01010101322003,논벼,기본조사,벼관찰포,2026,3,키다리병(발생추정면적),강원특별자치도,0.0
202600204FC01010101322003,논벼,기본조사,벼관찰포,2026,3,키다리병(감수율),강원특별자치도,0.0
202600204FC01010101322003,논벼,기본조사,벼관찰포,2026,3,키다리병(피해율),강원특별자치도,0.0
202600204FC01010101322003,논벼,기본조사,벼관찰포,2026,3,키다리병(발생면적율),강원특별자치도,0.0
202600204FC01010101322003,논벼,기본조사,벼관찰포,2026,3,이삭누룩병(발생추정면적),강원특별자치도,0.0
202600204FC01010101322003,논벼,기본조사,벼관찰포,2026,3,이삭누룩병(감수율),강원특별자치도,0.0
202600204FC01010101322003,논벼,기본조사,벼관찰포,2026,3,이삭누룩병(피해율),강원특별자치도,0.0
202600204FC01010101322003,논벼,기본조사,벼관찰포,2026,3,이삭누룩병(발생면적율),강원특별자치도,0.0
202600204FC01010101322003,논벼,기본조사,벼관찰포,2026,3,벼잎벌레(발생추정면적),강원특별자치도,0.0
202600204FC01010101322003,논벼,기본조사,벼관찰포,2026,3,벼잎벌레(감수율),강원특별자치도,0.0
202600204FC01010101322003,논벼,기본조사,벼관찰포,2026,3,벼잎벌레(피해율),강원특별자치도,0.0
202600204FC01010101322003,논벼,기본조사,벼관찰포,2026,3,벼잎벌레(발생면적율),강원특별자치도,0.0
202600204FC01010101322003,논벼,기본조사,벼관찰포,2026,3,벼애나방(발생추정면적),강원특별자치도,0.0
202600204FC01010101322003,논벼,기본조사,벼관찰포,2026,3,벼애나방(감수율),강원특별자치도,0.0
202600204FC01010101322003,논벼,기본조사,벼관찰포,2026,3,벼애나방(피해율),강원특별자치도,0.0
202600204FC01010101322003,논벼,기본조사,벼관찰포,2026,3,벼애나방(발생면적율),강원특별자치도,0.0
202600204FC01010101322003,논벼,기본조사,벼관찰포,2026,3,벼애잎굴파리(발생추정면적),강원특별자치도,0.0
202600204FC01010101322003,논벼,기본조사,벼관찰포,2026,3,벼애잎굴파리(감수율),강원특별자치도,0.0
202600204FC01010101322003,논벼,기본조사,벼관찰포,2026,3,벼애잎굴파리(피해율),강원특별자치도,0.0
202600204FC01010101322003,논벼,기본조사,벼관찰포,2026,3,벼애잎굴파리(발생면적율),강원특별자치도,0.0
202600204FC01010101322003,논벼,기본조사,벼관찰포,2026,3,벼줄기굴파리(발생추정면적),강원특별자치도,0.0
202600204FC01010101322003,논벼,기본조사,벼관찰포,2026,3,벼줄기굴파리(감수율),강원특별자치도,0.0
202600204FC01010101322003,논벼,기본조사,벼관찰포,2026,3,벼줄기굴파리(피해율),강원특별자치도,0.0
202600204FC01010101322003,논벼,기본조사,벼관찰포,2026,3,벼줄기굴파리(발생면적율),강원특별자치도,0.0
202600204FC01010101322003,논벼,기본조사,벼관찰포,2026,3,벼물바구미(발생추정면적),강원특별자치도,131.7
202600204FC01010101322003,논벼,기본조사,벼관찰포,2026,3,벼물바구미(감수율),강원특별자치도,0.004
202600204FC01010101322003,논벼,기본조사,벼관찰포,2026,3,벼물바구미(피해율),강원특별자치도,0.016
202600204FC01010101322003,논벼,기본조사,벼관찰포,2026,3,벼물바구미(발생면적율),강원특별자치도,0.511
202600204FC01010101322003,논벼,기본조사,벼관찰포,2026,3,애멸구(발생추정면적),강원특별자치도,0.0
202600204FC01010101322003,논벼,기본조사,벼관찰포,2026,3,애멸구(감수율),강원특별자치도,0.0
202600204FC01010101322003,논벼,기본조사,벼관찰포,2026,3,애멸구(피해율),강원특별자치도,0.0
202600204FC01010101322003,논벼,기본조사,벼관찰포,2026,3,애멸구(발생면적율),강원특별자치도,0.0
202600204FC01010101322003,논벼,기본조사,벼관찰포,2026,3,끝동매미충(발생추정면적),강원특별자치도,0.0
202600204FC01010101322003,논벼,기본조사,벼관찰포,2026,3,끝동매미충(감수율),강원특별자치도,0.0
202600204FC01010101322003,논벼,기본조사,벼관찰포,2026,3,끝동매미충(피해율),강원특별자치도,0.0
202600204FC01010101322003,논벼,기본조사,벼관찰포,2026,3,끝동매미충(발생면적율),강원특별자치도,0.0
202600204FC01010101322003,논벼,기본조사,벼관찰포,2026,3,멸강나방(발생추정면적),강원특별자치도,0.0
202600204FC01010101322003,논벼,기본조사,벼관찰포,2026,3,멸강나방(감수율),강원특별자치도,0.0
202600204FC01010101322003,논벼,기본조사,벼관찰포,2026,3,멸강나방(피해율),강원특별자치도,0.0
202600204FC01010101322003,논벼,기본조사,벼관찰포,2026,3,멸강나방(발생면적율),강원특별자치도,0.0
202600204FC01010101322003,논벼,기본조사,벼관찰포,2026,3,벼잎선충(발생추정면적),강원특별자치도,0.0
202600204FC01010101322003,논벼,기본조사,벼관찰포,2026,3,벼잎선충(감수율),강원특별자치도,0.0
202600204FC01010101322003,논벼,기본조사,벼관찰포,2026,3,벼잎선충(피해율),강원특별자치도,0.0
202600204FC01010101322003,논벼,기본조사,벼관찰포,2026,3,벼잎선충(발생면적율),강원특별자치도,0.0
202600204FC01010101322003,논벼,기본조사,벼관찰포,2026,3,잎도열병(발생추정면적),충청북도,0.0
202600204FC01010101322003,논벼,기본조사,벼관찰포,2026,3,잎도열병(감수율),충청북도,0.0
202600204FC01010101322003,논벼,기본조사,벼관찰포,2026,3,잎도열병(피해율),충청북도,0.0
202600204FC01010101322003,논벼,기본조사,벼관찰포,2026,3,잎도열병(발생면적율),충청북도,0.0
202600204FC01010101322003,논벼,기본조사,벼관찰포,2026,3,이삭도열병(발생추정면적),충청북도,0.0
202600204FC01010101322003,논벼,기본조사,벼관찰포,2026,3,이삭도열병(감수율),충청북도,0.0
202600204FC01010101322003,논벼,기본조사,벼관찰포,2026,3,이삭도열병(피해율),충청북도,0.0
202600204FC01010101322003,논벼,기본조사,벼관찰포,2026,3,이삭도열병(발생면적율),충청북도,0.0
202600204FC01010101322003,논벼,기본조사,벼관찰포,2026,3,세균벼알마름병(발생추정면적),충청북도,0.0
202600204FC01010101322003,논벼,기본조사,벼관찰포,2026,3,세균벼알마름병(감수율),충청북도,0.0
202600204FC01010101322003,논벼,기본조사,벼관찰포,2026,3,세균벼알마름병(피해율),충청북도,0.0
202600204FC01010101322003,논벼,기본조사,벼관찰포,2026,3,세균벼알마름병(발생면적율),충청북도,0.0
202600204FC01010101322003,논벼,기본조사,벼관찰포,2026,3,흰잎마름병(발생추정면적),충청북도,0.0
202600204FC01010101322003,논벼,기본조사,벼관찰포,2026,3,흰잎마름병(감수율),충청북도,0.0
202600204FC01010101322003,논벼,기본조사,벼관찰포,2026,3,흰잎마름병(피해율),충청북도,0.0
202600204FC01010101322003,논벼,기본조사,벼관찰포,2026,3,흰잎마름병(발생면적율),충청북도,0.0
202600204FC01010101322003,논벼,기본조사,벼관찰포,2026,3,깨씨무늬병(발생추정면적),충청북도,0.0
202600204FC01010101322003,논벼,기본조사,벼관찰포,2026,3,깨씨무늬병(감수율),충청북도,0.0
202600204FC01010101322003,논벼,기본조사,벼관찰포,2026,3,깨씨무늬병(피해율),충청북도,0.0
202600204FC01010101322003,논벼,기본조사,벼관찰포,2026,3,깨씨무늬병(발생면적율),충청북도,0.0
202600204FC01010101322003,논벼,기본조사,벼관찰포,2026,3,바이러스병(발생추정면적),충청북도,0.0
202600204FC01010101322003,논벼,기본조사,벼관찰포,2026,3,바이러스병(감수율),충청북도,0.0
202600204FC01010101322003,논벼,기본조사,벼관찰포,2026,3,바이러스병(피해율),충청북도,0.0
202600204FC01010101322003,논벼,기본조사,벼관찰포,2026,3,바이러스병(발생면적율),충청북도,0.0
202600204FC01010101322003,논벼,기본조사,벼관찰포,2026,3,이화명나방(발생추정면적),충청북도,0.0
202600204FC01010101322003,논벼,기본조사,벼관찰포,2026,3,이화명나방(감수율),충청북도,0.0
202600204FC01010101322003,논벼,기본조사,벼관찰포,2026,3,이화명나방(피해율),충청북도,0.0
202600204FC01010101322003,논벼,기본조사,벼관찰포,2026,3,이화명나방(발생면적율),충청북도,0.0
202600204FC01010101322003,논벼,기본조사,벼관찰포,2026,3,혹명나방(발생추정면적),충청북도,0.0
202600204FC01010101322003,논벼,기본조사,벼관찰포,2026,3,혹명나방(감수율),충청북도,0.0
202600204FC01010101322003,논벼,기본조사,벼관찰포,2026,3,혹명나방(피해율),충청북도,0.0
202600204FC01010101322003,논벼,기본조사,벼관찰포,2026,3,혹명나방(발생면적율),충청북도,0.0
202600204FC01010101322003,논벼,기본조사,벼관찰포,2026,3,먹노린재(발생추정면적),충청북도,0.16
202600204FC01010101322003,논벼,기본조사,벼관찰포,2026,3,먹노린재(감수율),충청북도,0.0
202600204FC01010101322003,논벼,기본조사,벼관찰포,2026,3,먹노린재(피해율),충청북도,0.0
202600204FC01010101322003,논벼,기본조사,벼관찰포,2026,3,먹노린재(발생면적율),충청북도,0.001
202600204FC01010101322003,논벼,기본조사,벼관찰포,2026,3,벼멸구(발생추정면적),충청북도,0.0
202600204FC01010101322003,논벼,기본조사,벼관찰포,2026,3,벼멸구(감수율),충청북도,0.0
202600204FC01010101322003,논벼,기본조사,벼관찰포,2026,3,벼멸구(피해율),충청북도,0.0
202600204FC01010101322003,논벼,기본조사,벼관찰포,2026,3,벼멸구(발생면적율),충청북도,0.0
202600204FC01010101322003,논벼,기본조사,벼관찰포,2026,3,흰등멸구(발생추정면적),충청북도,0.0
202600204FC01010101322003,논벼,기본조사,벼관찰포,2026,3,흰등멸구(감수율),충청북도,0.0
202600204FC01010101322003,논벼,기본조사,벼관찰포,2026,3,흰등멸구(피해율),충청북도,0.0
202600204FC01010101322003,논벼,기본조사,벼관찰포,2026,3,흰등멸구(발생면적율),충청북도,0.0
202600204FC01010101322003,논벼,기본조사,벼관찰포,2026,3,잎집무늬마름병(발생추정면적),충청북도,0.0
202600204FC01010101322003,논벼,기본조사,벼관찰포,2026,3,잎집무늬마름병(감수율),충청북도,0.0
202600204FC01010101322003,논벼,기본조사,벼관찰포,2026,3,잎집무늬마름병(피해율),충청북도,0.0
202600204FC01010101322003,논벼,기본조사,벼관찰포,2026,3,잎집무늬마름병(발생면적율),충청북도,0.0
202600204FC01010101322003,논벼,기본조사,벼관찰포,2026,3,키다리병(발생추정면적),충청북도,0.0
202600204FC01010101322003,논벼,기본조사,벼관찰포,2026,3,키다리병(감수율),충청북도,0.0
202600204FC01010101322003,논벼,기본조사,벼관찰포,2026,3,키다리병(피해율),충청북도,0.0
202600204FC01010101322003,논벼,기본조사,벼관찰포,2026,3,키다리병(발생면적율),충청북도,0.0
202600204FC01010101322003,논벼,기본조사,벼관찰포,2026,3,이삭누룩병(발생추정면적),충청북도,0.0
202600204FC01010101322003,논벼,기본조사,벼관찰포,2026,3,이삭누룩병(감수율),충청북도,0.0
202600204FC01010101322003,논벼,기본조사,벼관찰포,2026,3,이삭누룩병(피해율),충청북도,0.0
202600204FC01010101322003,논벼,기본조사,벼관찰포,2026,3,이삭누룩병(발생면적율),충청북도,0.0
202600204FC01010101322003,논벼,기본조사,벼관찰포,2026,3,벼잎벌레(발생추정면적),충청북도,0.0
202600204FC01010101322003,논벼,기본조사,벼관찰포,2026,3,벼잎벌레(감수율),충청북도,0.0
202600204FC01010101322003,논벼,기본조사,벼관찰포,2026,3,벼잎벌레(피해율),충청북도,0.0
202600204FC01010101322003,논벼,기본조사,벼관찰포,2026,3,벼잎벌레(발생면적율),충청북도,0.0
202600204FC01010101322003,논벼,기본조사,벼관찰포,2026,3,벼애나방(발생추정면적),충청북도,0.0
202600204FC01010101322003,논벼,기본조사,벼관찰포,2026,3,벼애나방(감수율),충청북도,0.0
202600204FC01010101322003,논벼,기본조사,벼관찰포,2026,3,벼애나방(피해율),충청북도,0.0
202600204FC01010101322003,논벼,기본조사,벼관찰포,2026,3,벼애나방(발생면적율),충청북도,0.0
202600204FC01010101322003,논벼,기본조사,벼관찰포,2026,3,벼애잎굴파리(발생추정면적),충청북도,0.0
202600204FC01010101322003,논벼,기본조사,벼관찰포,2026,3,벼애잎굴파리(감수율),충청북도,0.0
202600204FC01010101322003,논벼,기본조사,벼관찰포,2026,3,벼애잎굴파리(피해율),충청북도,0.0
202600204FC01010101322003,논벼,기본조사,벼관찰포,2026,3,벼애잎굴파리(발생면적율),충청북도,0.0
202600204FC01010101322003,논벼,기본조사,벼관찰포,2026,3,벼줄기굴파리(발생추정면적),충청북도,0.0
202600204FC01010101322003,논벼,기본조사,벼관찰포,2026,3,벼줄기굴파리(감수율),충청북도,0.0
202600204FC01010101322003,논벼,기본조사,벼관찰포,2026,3,벼줄기굴파리(피해율),충청북도,0.0
202600204FC01010101322003,논벼,기본조사,벼관찰포,2026,3,벼줄기굴파리(발생면적율),충청북도,0.0
202600204FC01010101322003,논벼,기본조사,벼관찰포,2026,3,벼물바구미(발생추정면적),충청북도,0.0
202600204FC01010101322003,논벼,기본조사,벼관찰포,2026,3,벼물바구미(감수율),충청북도,0.0
202600204FC01010101322003,논벼,기본조사,벼관찰포,2026,3,벼물바구미(피해율),충청북도,0.0
202600204FC01010101322003,논벼,기본조사,벼관찰포,2026,3,벼물바구미(발생면적율),충청북도,0.0
202600204FC01010101322003,논벼,기본조사,벼관찰포,2026,3,애멸구(발생추정면적),충청북도,0.0
202600204FC01010101322003,논벼,기본조사,벼관찰포,2026,3,애멸구(감수율),충청북도,0.0
202600204FC01010101322003,논벼,기본조사,벼관찰포,2026,3,애멸구(피해율),충청북도,0.0
202600204FC01010101322003,논벼,기본조사,벼관찰포,2026,3,애멸구(발생면적율),충청북도,0.0
202600204FC01010101322003,논벼,기본조사,벼관찰포,2026,3,끝동매미충(발생추정면적),충청북도,0.0
202600204FC01010101322003,논벼,기본조사,벼관찰포,2026,3,끝동매미충(감수율),충청북도,0.0
202600204FC01010101322003,논벼,기본조사,벼관찰포,2026,3,끝동매미충(피해율),충청북도,0.0
202600204FC01010101322003,논벼,기본조사,벼관찰포,2026,3,끝동매미충(발생면적율),충청북도,0.0
202600204FC01010101322003,논벼,기본조사,벼관찰포,2026,3,멸강나방(발생추정면적),충청북도,0.0
202600204FC01010101322003,논벼,기본조사,벼관찰포,2026,3,멸강나방(감수율),충청북도,0.0
202600204FC01010101322003,논벼,기본조사,벼관찰포,2026,3,멸강나방(피해율),충청북도,0.0
202600204FC01010101322003,논벼,기본조사,벼관찰포,2026,3,멸강나방(발생면적율),충청북도,0.0
202600204FC01010101322003,논벼,기본조사,벼관찰포,2026,3,벼잎선충(발생추정면적),충청북도,0.0
202600204FC01010101322003,논벼,기본조사,벼관찰포,2026,3,벼잎선충(감수율),충청북도,0.0
202600204FC01010101322003,논벼,기본조사,벼관찰포,2026,3,벼잎선충(피해율),충청북도,0.0
202600204FC01010101322003,논벼,기본조사,벼관찰포,2026,3,벼잎선충(발생면적율),충청북도,0.0
202600204FC01010101322003,논벼,기본조사,벼관찰포,2026,3,잎도열병(발생추정면적),충청남도,0.0
202600204FC01010101322003,논벼,기본조사,벼관찰포,2026,3,잎도열병(감수율),충청남도,0.0
202600204FC01010101322003,논벼,기본조사,벼관찰포,2026,3,잎도열병(피해율),충청남도,0.0
202600204FC01010101322003,논벼,기본조사,벼관찰포,2026,3,잎도열병(발생면적율),충청남도,0.0
202600204FC01010101322003,논벼,기본조사,벼관찰포,2026,3,이삭도열병(발생추정면적),충청남도,0.0
202600204FC01010101322003,논벼,기본조사,벼관찰포,2026,3,이삭도열병(감수율),충청남도,0.0
202600204FC01010101322003,논벼,기본조사,벼관찰포,2026,3,이삭도열병(피해율),충청남도,0.0
202600204FC01010101322003,논벼,기본조사,벼관찰포,2026,3,이삭도열병(발생면적율),충청남도,0.0
202600204FC01010101322003,논벼,기본조사,벼관찰포,2026,3,세균벼알마름병(발생추정면적),충청남도,0.0
202600204FC01010101322003,논벼,기본조사,벼관찰포,2026,3,세균벼알마름병(감수율),충청남도,0.0
202600204FC01010101322003,논벼,기본조사,벼관찰포,2026,3,세균벼알마름병(피해율),충청남도,0.0
202600204FC01010101322003,논벼,기본조사,벼관찰포,2026,3,세균벼알마름병(발생면적율),충청남도,0.0
202600204FC01010101322003,논벼,기본조사,벼관찰포,2026,3,흰잎마름병(발생추정면적),충청남도,0.0
202600204FC01010101322003,논벼,기본조사,벼관찰포,2026,3,흰잎마름병(감수율),충청남도,0.0
202600204FC01010101322003,논벼,기본조사,벼관찰포,2026,3,흰잎마름병(피해율),충청남도,0.0
202600204FC01010101322003,논벼,기본조사,벼관찰포,2026,3,흰잎마름병(발생면적율),충청남도,0.0
202600204FC01010101322003,논벼,기본조사,벼관찰포,2026,3,깨씨무늬병(발생추정면적),충청남도,0.0
202600204FC01010101322003,논벼,기본조사,벼관찰포,2026,3,깨씨무늬병(감수율),충청남도,0.0
202600204FC01010101322003,논벼,기본조사,벼관찰포,2026,3,깨씨무늬병(피해율),충청남도,0.0
202600204FC01010101322003,논벼,기본조사,벼관찰포,2026,3,깨씨무늬병(발생면적율),충청남도,0.0
202600204FC01010101322003,논벼,기본조사,벼관찰포,2026,3,바이러스병(발생추정면적),충청남도,0.0
202600204FC01010101322003,논벼,기본조사,벼관찰포,2026,3,바이러스병(감수율),충청남도,0.0
202600204FC01010101322003,논벼,기본조사,벼관찰포,2026,3,바이러스병(피해율),충청남도,0.0
202600204FC01010101322003,논벼,기본조사,벼관찰포,2026,3,바이러스병(발생면적율),충청남도,0.0
202600204FC01010101322003,논벼,기본조사,벼관찰포,2026,3,이화명나방(발생추정면적),충청남도,0.0
202600204FC01010101322003,논벼,기본조사,벼관찰포,2026,3,이화명나방(감수율),충청남도,0.0
202600204FC01010101322003,논벼,기본조사,벼관찰포,2026,3,이화명나방(피해율),충청남도,0.0
202600204FC01010101322003,논벼,기본조사,벼관찰포,2026,3,이화명나방(발생면적율),충청남도,0.0
202600204FC01010101322003,논벼,기본조사,벼관찰포,2026,3,혹명나방(발생추정면적),충청남도,0.0
202600204FC01010101322003,논벼,기본조사,벼관찰포,2026,3,혹명나방(감수율),충청남도,0.0
202600204FC01010101322003,논벼,기본조사,벼관찰포,2026,3,혹명나방(피해율),충청남도,0.0
202600204FC01010101322003,논벼,기본조사,벼관찰포,2026,3,혹명나방(발생면적율),충청남도,0.0
202600204FC01010101322003,논벼,기본조사,벼관찰포,2026,3,먹노린재(발생추정면적),충청남도,25.862
202600204FC01010101322003,논벼,기본조사,벼관찰포,2026,3,먹노린재(감수율),충청남도,0.0
202600204FC01010101322003,논벼,기본조사,벼관찰포,2026,3,먹노린재(피해율),충청남도,0.001
202600204FC01010101322003,논벼,기본조사,벼관찰포,2026,3,먹노린재(발생면적율),충청남도,0.023
202600204FC01010101322003,논벼,기본조사,벼관찰포,2026,3,벼멸구(발생추정면적),충청남도,0.0
202600204FC01010101322003,논벼,기본조사,벼관찰포,2026,3,벼멸구(감수율),충청남도,0.0
202600204FC01010101322003,논벼,기본조사,벼관찰포,2026,3,벼멸구(피해율),충청남도,0.0
202600204FC01010101322003,논벼,기본조사,벼관찰포,2026,3,벼멸구(발생면적율),충청남도,0.0
202600204FC01010101322003,논벼,기본조사,벼관찰포,2026,3,흰등멸구(발생추정면적),충청남도,0.0
202600204FC01010101322003,논벼,기본조사,벼관찰포,2026,3,흰등멸구(감수율),충청남도,0.0
202600204FC01010101322003,논벼,기본조사,벼관찰포,2026,3,흰등멸구(피해율),충청남도,0.0
202600204FC01010101322003,논벼,기본조사,벼관찰포,2026,3,흰등멸구(발생면적율),충청남도,0.0
202600204FC01010101322003,논벼,기본조사,벼관찰포,2026,3,잎집무늬마름병(발생추정면적),충청남도,0.0
202600204FC01010101322003,논벼,기본조사,벼관찰포,2026,3,잎집무늬마름병(감수율),충청남도,0.0
202600204FC01010101322003,논벼,기본조사,벼관찰포,2026,3,잎집무늬마름병(피해율),충청남도,0.0
202600204FC01010101322003,논벼,기본조사,벼관찰포,2026,3,잎집무늬마름병(발생면적율),충청남도,0.0
202600204FC01010101322003,논벼,기본조사,벼관찰포,2026,3,키다리병(발생추정면적),충청남도,0.0
202600204FC01010101322003,논벼,기본조사,벼관찰포,2026,3,키다리병(감수율),충청남도,0.0
202600204FC01010101322003,논벼,기본조사,벼관찰포,2026,3,키다리병(피해율),충청남도,0.0
202600204FC01010101322003,논벼,기본조사,벼관찰포,2026,3,키다리병(발생면적율),충청남도,0.0
202600204FC01010101322003,논벼,기본조사,벼관찰포,2026,3,이삭누룩병(발생추정면적),충청남도,0.0
202600204FC01010101322003,논벼,기본조사,벼관찰포,2026,3,이삭누룩병(감수율),충청남도,0.0
202600204FC01010101322003,논벼,기본조사,벼관찰포,2026,3,이삭누룩병(피해율),충청남도,0.0
202600204FC01010101322003,논벼,기본조사,벼관찰포,2026,3,이삭누룩병(발생면적율),충청남도,0.0
202600204FC01010101322003,논벼,기본조사,벼관찰포,2026,3,벼잎벌레(발생추정면적),충청남도,22.084
202600204FC01010101322003,논벼,기본조사,벼관찰포,2026,3,벼잎벌레(감수율),충청남도,0.001
202600204FC01010101322003,논벼,기본조사,벼관찰포,2026,3,벼잎벌레(피해율),충청남도,0.005
202600204FC01010101322003,논벼,기본조사,벼관찰포,2026,3,벼잎벌레(발생면적율),충청남도,0.019
202600204FC01010101322003,논벼,기본조사,벼관찰포,2026,3,벼애나방(발생추정면적),충청남도,0.121
202600204FC01010101322003,논벼,기본조사,벼관찰포,2026,3,벼애나방(감수율),충청남도,0.0
202600204FC01010101322003,논벼,기본조사,벼관찰포,2026,3,벼애나방(피해율),충청남도,0.0
202600204FC01010101322003,논벼,기본조사,벼관찰포,2026,3,벼애나방(발생면적율),충청남도,0.0
202600204FC01010101322003,논벼,기본조사,벼관찰포,2026,3,벼애잎굴파리(발생추정면적),충청남도,2.038
202600204FC01010101322003,논벼,기본조사,벼관찰포,2026,3,벼애잎굴파리(감수율),충청남도,0.0
202600204FC01010101322003,논벼,기본조사,벼관찰포,2026,3,벼애잎굴파리(피해율),충청남도,0.0
202600204FC01010101322003,논벼,기본조사,벼관찰포,2026,3,벼애잎굴파리(발생면적율),충청남도,0.002
202600204FC01010101322003,논벼,기본조사,벼관찰포,2026,3,벼줄기굴파리(발생추정면적),충청남도,0.0
202600204FC01010101322003,논벼,기본조사,벼관찰포,2026,3,벼줄기굴파리(감수율),충청남도,0.0
202600204FC01010101322003,논벼,기본조사,벼관찰포,2026,3,벼줄기굴파리(피해율),충청남도,0.0
202600204FC01010101322003,논벼,기본조사,벼관찰포,2026,3,벼줄기굴파리(발생면적율),충청남도,0.0
202600204FC01010101322003,논벼,기본조사,벼관찰포,2026,3,벼물바구미(발생추정면적),충청남도,3.07
202600204FC01010101322003,논벼,기본조사,벼관찰포,2026,3,벼물바구미(감수율),충청남도,0.0
202600204FC01010101322003,논벼,기본조사,벼관찰포,2026,3,벼물바구미(피해율),충청남도,0.0
202600204FC01010101322003,논벼,기본조사,벼관찰포,2026,3,벼물바구미(발생면적율),충청남도,0.003
202600204FC01010101322003,논벼,기본조사,벼관찰포,2026,3,애멸구(발생추정면적),충청남도,0.0
202600204FC01010101322003,논벼,기본조사,벼관찰포,2026,3,애멸구(감수율),충청남도,0.0
202600204FC01010101322003,논벼,기본조사,벼관찰포,2026,3,애멸구(피해율),충청남도,0.0
202600204FC01010101322003,논벼,기본조사,벼관찰포,2026,3,애멸구(발생면적율),충청남도,0.0
202600204FC01010101322003,논벼,기본조사,벼관찰포,2026,3,끝동매미충(발생추정면적),충청남도,0.0
202600204FC01010101322003,논벼,기본조사,벼관찰포,2026,3,끝동매미충(감수율),충청남도,0.0
202600204FC01010101322003,논벼,기본조사,벼관찰포,2026,3,끝동매미충(피해율),충청남도,0.0
202600204FC01010101322003,논벼,기본조사,벼관찰포,2026,3,끝동매미충(발생면적율),충청남도,0.0
202600204FC01010101322003,논벼,기본조사,벼관찰포,2026,3,멸강나방(발생추정면적),충청남도,0.0
202600204FC01010101322003,논벼,기본조사,벼관찰포,2026,3,멸강나방(감수율),충청남도,0.0
202600204FC01010101322003,논벼,기본조사,벼관찰포,2026,3,멸강나방(피해율),충청남도,0.0
202600204FC01010101322003,논벼,기본조사,벼관찰포,2026,3,멸강나방(발생면적율),충청남도,0.0
202600204FC01010101322003,논벼,기본조사,벼관찰포,2026,3,벼잎선충(발생추정면적),충청남도,0.0
202600204FC01010101322003,논벼,기본조사,벼관찰포,2026,3,벼잎선충(감수율),충청남도,0.0
202600204FC01010101322003,논벼,기본조사,벼관찰포,2026,3,벼잎선충(피해율),충청남도,0.0
202600204FC01010101322003,논벼,기본조사,벼관찰포,2026,3,벼잎선충(발생면적율),충청남도,0.0
202600204FC01010101322003,논벼,기본조사,벼관찰포,2026,3,잎도열병(발생추정면적),전북특별자치도,0.0
202600204FC01010101322003,논벼,기본조사,벼관찰포,2026,3,잎도열병(감수율),전북특별자치도,0.0
202600204FC01010101322003,논벼,기본조사,벼관찰포,2026,3,잎도열병(피해율),전북특별자치도,0.0
202600204FC01010101322003,논벼,기본조사,벼관찰포,2026,3,잎도열병(발생면적율),전북특별자치도,0.0
202600204FC01010101322003,논벼,기본조사,벼관찰포,2026,3,이삭도열병(발생추정면적),전북특별자치도,0.0
202600204FC01010101322003,논벼,기본조사,벼관찰포,2026,3,이삭도열병(감수율),전북특별자치도,0.0
202600204FC01010101322003,논벼,기본조사,벼관찰포,2026,3,이삭도열병(피해율),전북특별자치도,0.0
202600204FC01010101322003,논벼,기본조사,벼관찰포,2026,3,이삭도열병(발생면적율),전북특별자치도,0.0
202600204FC01010101322003,논벼,기본조사,벼관찰포,2026,3,세균벼알마름병(발생추정면적),전북특별자치도,0.0
202600204FC01010101322003,논벼,기본조사,벼관찰포,2026,3,세균벼알마름병(감수율),전북특별자치도,0.0
202600204FC01010101322003,논벼,기본조사,벼관찰포,2026,3,세균벼알마름병(피해율),전북특별자치도,0.0
202600204FC01010101322003,논벼,기본조사,벼관찰포,2026,3,세균벼알마름병(발생면적율),전북특별자치도,0.0
202600204FC01010101322003,논벼,기본조사,벼관찰포,2026,3,흰잎마름병(발생추정면적),전북특별자치도,0.0
202600204FC01010101322003,논벼,기본조사,벼관찰포,2026,3,흰잎마름병(감수율),전북특별자치도,0.0
202600204FC01010101322003,논벼,기본조사,벼관찰포,2026,3,흰잎마름병(피해율),전북특별자치도,0.0
202600204FC01010101322003,논벼,기본조사,벼관찰포,2026,3,흰잎마름병(발생면적율),전북특별자치도,0.0
202600204FC01010101322003,논벼,기본조사,벼관찰포,2026,3,깨씨무늬병(발생추정면적),전북특별자치도,0.0
202600204FC01010101322003,논벼,기본조사,벼관찰포,2026,3,깨씨무늬병(감수율),전북특별자치도,0.0
202600204FC01010101322003,논벼,기본조사,벼관찰포,2026,3,깨씨무늬병(피해율),전북특별자치도,0.0
202600204FC01010101322003,논벼,기본조사,벼관찰포,2026,3,깨씨무늬병(발생면적율),전북특별자치도,0.0
202600204FC01010101322003,논벼,기본조사,벼관찰포,2026,3,바이러스병(발생추정면적),전북특별자치도,0.0
202600204FC01010101322003,논벼,기본조사,벼관찰포,2026,3,바이러스병(감수율),전북특별자치도,0.0
202600204FC01010101322003,논벼,기본조사,벼관찰포,2026,3,바이러스병(피해율),전북특별자치도,0.0
202600204FC01010101322003,논벼,기본조사,벼관찰포,2026,3,바이러스병(발생면적율),전북특별자치도,0.0
202600204FC01010101322003,논벼,기본조사,벼관찰포,2026,3,이화명나방(발생추정면적),전북특별자치도,0.0
202600204FC01010101322003,논벼,기본조사,벼관찰포,2026,3,이화명나방(감수율),전북특별자치도,0.0
202600204FC01010101322003,논벼,기본조사,벼관찰포,2026,3,이화명나방(피해율),전북특별자치도,0.0
202600204FC01010101322003,논벼,기본조사,벼관찰포,2026,3,이화명나방(발생면적율),전북특별자치도,0.0
202600204FC01010101322003,논벼,기본조사,벼관찰포,2026,3,혹명나방(발생추정면적),전북특별자치도,0.0
202600204FC01010101322003,논벼,기본조사,벼관찰포,2026,3,혹명나방(감수율),전북특별자치도,0.0
202600204FC01010101322003,논벼,기본조사,벼관찰포,2026,3,혹명나방(피해율),전북특별자치도,0.0
202600204FC01010101322003,논벼,기본조사,벼관찰포,2026,3,혹명나방(발생면적율),전북특별자치도,0.0
202600204FC01010101322003,논벼,기본조사,벼관찰포,2026,3,먹노린재(발생추정면적),전북특별자치도,0.0
202600204FC01010101322003,논벼,기본조사,벼관찰포,2026,3,먹노린재(감수율),전북특별자치도,0.0
202600204FC01010101322003,논벼,기본조사,벼관찰포,2026,3,먹노린재(피해율),전북특별자치도,0.0
202600204FC01010101322003,논벼,기본조사,벼관찰포,2026,3,먹노린재(발생면적율),전북특별자치도,0.0
202600204FC01010101322003,논벼,기본조사,벼관찰포,2026,3,벼멸구(발생추정면적),전북특별자치도,0.0
202600204FC01010101322003,논벼,기본조사,벼관찰포,2026,3,벼멸구(감수율),전북특별자치도,0.0
202600204FC01010101322003,논벼,기본조사,벼관찰포,2026,3,벼멸구(피해율),전북특별자치도,0.0
202600204FC01010101322003,논벼,기본조사,벼관찰포,2026,3,벼멸구(발생면적율),전북특별자치도,0.0
202600204FC01010101322003,논벼,기본조사,벼관찰포,2026,3,흰등멸구(발생추정면적),전북특별자치도,0.0
202600204FC01010101322003,논벼,기본조사,벼관찰포,2026,3,흰등멸구(감수율),전북특별자치도,0.0
202600204FC01010101322003,논벼,기본조사,벼관찰포,2026,3,흰등멸구(피해율),전북특별자치도,0.0
202600204FC01010101322003,논벼,기본조사,벼관찰포,2026,3,흰등멸구(발생면적율),전북특별자치도,0.0
202600204FC01010101322003,논벼,기본조사,벼관찰포,2026,3,잎집무늬마름병(발생추정면적),전북특별자치도,0.0
202600204FC01010101322003,논벼,기본조사,벼관찰포,2026,3,잎집무늬마름병(감수율),전북특별자치도,0.0
202600204FC01010101322003,논벼,기본조사,벼관찰포,2026,3,잎집무늬마름병(피해율),전북특별자치도,0.0
202600204FC01010101322003,논벼,기본조사,벼관찰포,2026,3,잎집무늬마름병(발생면적율),전북특별자치도,0.0
202600204FC01010101322003,논벼,기본조사,벼관찰포,2026,3,키다리병(발생추정면적),전북특별자치도,0.0
202600204FC01010101322003,논벼,기본조사,벼관찰포,2026,3,키다리병(감수율),전북특별자치도,0.0
202600204FC01010101322003,논벼,기본조사,벼관찰포,2026,3,키다리병(피해율),전북특별자치도,0.0
202600204FC01010101322003,논벼,기본조사,벼관찰포,2026,3,키다리병(발생면적율),전북특별자치도,0.0
202600204FC01010101322003,논벼,기본조사,벼관찰포,2026,3,이삭누룩병(발생추정면적),전북특별자치도,0.0
202600204FC01010101322003,논벼,기본조사,벼관찰포,2026,3,이삭누룩병(감수율),전북특별자치도,0.0
202600204FC01010101322003,논벼,기본조사,벼관찰포,2026,3,이삭누룩병(피해율),전북특별자치도,0.0
202600204FC01010101322003,논벼,기본조사,벼관찰포,2026,3,이삭누룩병(발생면적율),전북특별자치도,0.0
202600204FC01010101322003,논벼,기본조사,벼관찰포,2026,3,벼잎벌레(발생추정면적),전북특별자치도,0.0
202600204FC01010101322003,논벼,기본조사,벼관찰포,2026,3,벼잎벌레(감수율),전북특별자치도,0.0
202600204FC01010101322003,논벼,기본조사,벼관찰포,2026,3,벼잎벌레(피해율),전북특별자치도,0.0
202600204FC01010101322003,논벼,기본조사,벼관찰포,2026,3,벼잎벌레(발생면적율),전북특별자치도,0.0
202600204FC01010101322003,논벼,기본조사,벼관찰포,2026,3,벼애나방(발생추정면적),전북특별자치도,0.0
202600204FC01010101322003,논벼,기본조사,벼관찰포,2026,3,벼애나방(감수율),전북특별자치도,0.0
202600204FC01010101322003,논벼,기본조사,벼관찰포,2026,3,벼애나방(피해율),전북특별자치도,0.0
202600204FC01010101322003,논벼,기본조사,벼관찰포,2026,3,벼애나방(발생면적율),전북특별자치도,0.0
202600204FC01010101322003,논벼,기본조사,벼관찰포,2026,3,벼애잎굴파리(발생추정면적),전북특별자치도,0.0
202600204FC01010101322003,논벼,기본조사,벼관찰포,2026,3,벼애잎굴파리(감수율),전북특별자치도,0.0
202600204FC01010101322003,논벼,기본조사,벼관찰포,2026,3,벼애잎굴파리(피해율),전북특별자치도,0.0
202600204FC01010101322003,논벼,기본조사,벼관찰포,2026,3,벼애잎굴파리(발생면적율),전북특별자치도,0.0
202600204FC01010101322003,논벼,기본조사,벼관찰포,2026,3,벼줄기굴파리(발생추정면적),전북특별자치도,0.0
202600204FC01010101322003,논벼,기본조사,벼관찰포,2026,3,벼줄기굴파리(감수율),전북특별자치도,0.0
202600204FC01010101322003,논벼,기본조사,벼관찰포,2026,3,벼줄기굴파리(피해율),전북특별자치도,0.0
202600204FC01010101322003,논벼,기본조사,벼관찰포,2026,3,벼줄기굴파리(발생면적율),전북특별자치도,0.0
202600204FC01010101322003,논벼,기본조사,벼관찰포,2026,3,벼물바구미(발생추정면적),전북특별자치도,0.0
202600204FC01010101322003,논벼,기본조사,벼관찰포,2026,3,벼물바구미(감수율),전북특별자치도,0.0
202600204FC01010101322003,논벼,기본조사,벼관찰포,2026,3,벼물바구미(피해율),전북특별자치도,0.0
202600204FC01010101322003,논벼,기본조사,벼관찰포,2026,3,벼물바구미(발생면적율),전북특별자치도,0.0
202600204FC01010101322003,논벼,기본조사,벼관찰포,2026,3,애멸구(발생추정면적),전북특별자치도,0.0
202600204FC01010101322003,논벼,기본조사,벼관찰포,2026,3,애멸구(감수율),전북특별자치도,0.0
202600204FC01010101322003,논벼,기본조사,벼관찰포,2026,3,애멸구(피해율),전북특별자치도,0.0
202600204FC01010101322003,논벼,기본조사,벼관찰포,2026,3,애멸구(발생면적율),전북특별자치도,0.0
202600204FC01010101322003,논벼,기본조사,벼관찰포,2026,3,끝동매미충(발생추정면적),전북특별자치도,0.0
202600204FC01010101322003,논벼,기본조사,벼관찰포,2026,3,끝동매미충(감수율),전북특별자치도,0.0
202600204FC01010101322003,논벼,기본조사,벼관찰포,2026,3,끝동매미충(피해율),전북특별자치도,0.0
202600204FC01010101322003,논벼,기본조사,벼관찰포,2026,3,끝동매미충(발생면적율),전북특별자치도,0.0
202600204FC01010101322003,논벼,기본조사,벼관찰포,2026,3,멸강나방(발생추정면적),전북특별자치도,0.0
202600204FC01010101322003,논벼,기본조사,벼관찰포,2026,3,멸강나방(감수율),전북특별자치도,0.0
202600204FC01010101322003,논벼,기본조사,벼관찰포,2026,3,멸강나방(피해율),전북특별자치도,0.0
202600204FC01010101322003,논벼,기본조사,벼관찰포,2026,3,멸강나방(발생면적율),전북특별자치도,0.0
202600204FC01010101322003,논벼,기본조사,벼관찰포,2026,3,벼잎선충(발생추정면적),전북특별자치도,0.0
202600204FC01010101322003,논벼,기본조사,벼관찰포,2026,3,벼잎선충(감수율),전북특별자치도,0.0
202600204FC01010101322003,논벼,기본조사,벼관찰포,2026,3,벼잎선충(피해율),전북특별자치도,0.0
202600204FC01010101322003,논벼,기본조사,벼관찰포,2026,3,벼잎선충(발생면적율),전북특별자치도,0.0
202600204FC01010101322003,논벼,기본조사,벼관찰포,2026,3,잎도열병(발생추정면적),전남광주통합특별시,16.658
202600204FC01010101322003,논벼,기본조사,벼관찰포,2026,3,잎도열병(감수율),전남광주통합특별시,0.0
202600204FC01010101322003,논벼,기본조사,벼관찰포,2026,3,잎도열병(피해율),전남광주통합특별시,0.0
202600204FC01010101322003,논벼,기본조사,벼관찰포,2026,3,잎도열병(발생면적율),전남광주통합특별시,0.01
202600204FC01010101322003,논벼,기본조사,벼관찰포,2026,3,이삭도열병(발생추정면적),전남광주통합특별시,0.0
202600204FC01010101322003,논벼,기본조사,벼관찰포,2026,3,이삭도열병(감수율),전남광주통합특별시,0.0
202600204FC01010101322003,논벼,기본조사,벼관찰포,2026,3,이삭도열병(피해율),전남광주통합특별시,0.0
202600204FC01010101322003,논벼,기본조사,벼관찰포,2026,3,이삭도열병(발생면적율),전남광주통합특별시,0.0
202600204FC01010101322003,논벼,기본조사,벼관찰포,2026,3,세균벼알마름병(발생추정면적),전남광주통합특별시,0.0
202600204FC01010101322003,논벼,기본조사,벼관찰포,2026,3,세균벼알마름병(감수율),전남광주통합특별시,0.0
202600204FC01010101322003,논벼,기본조사,벼관찰포,2026,3,세균벼알마름병(피해율),전남광주통합특별시,0.0
202600204FC01010101322003,논벼,기본조사,벼관찰포,2026,3,세균벼알마름병(발생면적율),전남광주통합특별시,0.0
202600204FC01010101322003,논벼,기본조사,벼관찰포,2026,3,흰잎마름병(발생추정면적),전남광주통합특별시,1.47
202600204FC01010101322003,논벼,기본조사,벼관찰포,2026,3,흰잎마름병(감수율),전남광주통합특별시,0.0
202600204FC01010101322003,논벼,기본조사,벼관찰포,2026,3,흰잎마름병(피해율),전남광주통합특별시,0.0
202600204FC01010101322003,논벼,기본조사,벼관찰포,2026,3,흰잎마름병(발생면적율),전남광주통합특별시,0.001
202600204FC01010101322003,논벼,기본조사,벼관찰포,2026,3,깨씨무늬병(발생추정면적),전남광주통합특별시,0.0
202600204FC01010101322003,논벼,기본조사,벼관찰포,2026,3,깨씨무늬병(감수율),전남광주통합특별시,0.0
202600204FC01010101322003,논벼,기본조사,벼관찰포,2026,3,깨씨무늬병(피해율),전남광주통합특별시,0.0
202600204FC01010101322003,논벼,기본조사,벼관찰포,2026,3,깨씨무늬병(발생면적율),전남광주통합특별시,0.0
202600204FC01010101322003,논벼,기본조사,벼관찰포,2026,3,바이러스병(발생추정면적),전남광주통합특별시,0.0
202600204FC01010101322003,논벼,기본조사,벼관찰포,2026,3,바이러스병(감수율),전남광주통합특별시,0.0
202600204FC01010101322003,논벼,기본조사,벼관찰포,2026,3,바이러스병(피해율),전남광주통합특별시,0.0
202600204FC01010101322003,논벼,기본조사,벼관찰포,2026,3,바이러스병(발생면적율),전남광주통합특별시,0.0
202600204FC01010101322003,논벼,기본조사,벼관찰포,2026,3,이화명나방(발생추정면적),전남광주통합특별시,4.41
202600204FC01010101322003,논벼,기본조사,벼관찰포,2026,3,이화명나방(감수율),전남광주통합특별시,0.0
202600204FC01010101322003,논벼,기본조사,벼관찰포,2026,3,이화명나방(피해율),전남광주통합특별시,0.0
202600204FC01010101322003,논벼,기본조사,벼관찰포,2026,3,이화명나방(발생면적율),전남광주통합특별시,0.003
202600204FC01010101322003,논벼,기본조사,벼관찰포,2026,3,혹명나방(발생추정면적),전남광주통합특별시,6.717
202600204FC01010101322003,논벼,기본조사,벼관찰포,2026,3,혹명나방(감수율),전남광주통합특별시,0.0
202600204FC01010101322003,논벼,기본조사,벼관찰포,2026,3,혹명나방(피해율),전남광주통합특별시,0.0
202600204FC01010101322003,논벼,기본조사,벼관찰포,2026,3,혹명나방(발생면적율),전남광주통합특별시,0.004
202600204FC01010101322003,논벼,기본조사,벼관찰포,2026,3,먹노린재(발생추정면적),전남광주통합특별시,934.898
202600204FC01010101322003,논벼,기본조사,벼관찰포,2026,3,먹노린재(감수율),전남광주통합특별시,0.017
202600204FC01010101322003,논벼,기본조사,벼관찰포,2026,3,먹노린재(피해율),전남광주통합특별시,0.086
202600204FC01010101322003,논벼,기본조사,벼관찰포,2026,3,먹노린재(발생면적율),전남광주통합특별시,0.58
202600204FC01010101322003,논벼,기본조사,벼관찰포,2026,3,벼멸구(발생추정면적),전남광주통합특별시,0.0
202600204FC01010101322003,논벼,기본조사,벼관찰포,2026,3,벼멸구(감수율),전남광주통합특별시,0.0
202600204FC01010101322003,논벼,기본조사,벼관찰포,2026,3,벼멸구(피해율),전남광주통합특별시,0.0
202600204FC01010101322003,논벼,기본조사,벼관찰포,2026,3,벼멸구(발생면적율),전남광주통합특별시,0.0
202600204FC01010101322003,논벼,기본조사,벼관찰포,2026,3,흰등멸구(발생추정면적),전남광주통합특별시,36.945
202600204FC01010101322003,논벼,기본조사,벼관찰포,2026,3,흰등멸구(감수율),전남광주통합특별시,0.001
202600204FC01010101322003,논벼,기본조사,벼관찰포,2026,3,흰등멸구(피해율),전남광주통합특별시,0.002
202600204FC01010101322003,논벼,기본조사,벼관찰포,2026,3,흰등멸구(발생면적율),전남광주통합특별시,0.023
202600204FC01010101322003,논벼,기본조사,벼관찰포,2026,3,잎집무늬마름병(발생추정면적),전남광주통합특별시,0.0
202600204FC01010101322003,논벼,기본조사,벼관찰포,2026,3,잎집무늬마름병(감수율),전남광주통합특별시,0.0
202600204FC01010101322003,논벼,기본조사,벼관찰포,2026,3,잎집무늬마름병(피해율),전남광주통합특별시,0.0
202600204FC01010101322003,논벼,기본조사,벼관찰포,2026,3,잎집무늬마름병(발생면적율),전남광주통합특별시,0.0
202600204FC01010101322003,논벼,기본조사,벼관찰포,2026,3,키다리병(발생추정면적),전남광주통합특별시,18.699
202600204FC01010101322003,논벼,기본조사,벼관찰포,2026,3,키다리병(감수율),전남광주통합특별시,0.0
202600204FC01010101322003,논벼,기본조사,벼관찰포,2026,3,키다리병(피해율),전남광주통합특별시,0.0
202600204FC01010101322003,논벼,기본조사,벼관찰포,2026,3,키다리병(발생면적율),전남광주통합특별시,0.012
202600204FC01010101322003,논벼,기본조사,벼관찰포,2026,3,이삭누룩병(발생추정면적),전남광주통합특별시,0.0
202600204FC01010101322003,논벼,기본조사,벼관찰포,2026,3,이삭누룩병(감수율),전남광주통합특별시,0.0
202600204FC01010101322003,논벼,기본조사,벼관찰포,2026,3,이삭누룩병(피해율),전남광주통합특별시,0.0
202600204FC01010101322003,논벼,기본조사,벼관찰포,2026,3,이삭누룩병(발생면적율),전남광주통합특별시,0.0
202600204FC01010101322003,논벼,기본조사,벼관찰포,2026,3,벼잎벌레(발생추정면적),전남광주통합특별시,429.795
202600204FC01010101322003,논벼,기본조사,벼관찰포,2026,3,벼잎벌레(감수율),전남광주통합특별시,0.003
202600204FC01010101322003,논벼,기본조사,벼관찰포,2026,3,벼잎벌레(피해율),전남광주통합특별시,0.013
202600204FC01010101322003,논벼,기본조사,벼관찰포,2026,3,벼잎벌레(발생면적율),전남광주통합특별시,0.267
202600204FC01010101322003,논벼,기본조사,벼관찰포,2026,3,벼애나방(발생추정면적),전남광주통합특별시,0.0
202600204FC01010101322003,논벼,기본조사,벼관찰포,2026,3,벼애나방(감수율),전남광주통합특별시,0.0
202600204FC01010101322003,논벼,기본조사,벼관찰포,2026,3,벼애나방(피해율),전남광주통합특별시,0.0
202600204FC01010101322003,논벼,기본조사,벼관찰포,2026,3,벼애나방(발생면적율),전남광주통합특별시,0.0
202600204FC01010101322003,논벼,기본조사,벼관찰포,2026,3,벼애잎굴파리(발생추정면적),전남광주통합특별시,0.0
202600204FC01010101322003,논벼,기본조사,벼관찰포,2026,3,벼애잎굴파리(감수율),전남광주통합특별시,0.0
202600204FC01010101322003,논벼,기본조사,벼관찰포,2026,3,벼애잎굴파리(피해율),전남광주통합특별시,0.0
202600204FC01010101322003,논벼,기본조사,벼관찰포,2026,3,벼애잎굴파리(발생면적율),전남광주통합특별시,0.0
202600204FC01010101322003,논벼,기본조사,벼관찰포,2026,3,벼줄기굴파리(발생추정면적),전남광주통합특별시,0.0
202600204FC01010101322003,논벼,기본조사,벼관찰포,2026,3,벼줄기굴파리(감수율),전남광주통합특별시,0.0
202600204FC01010101322003,논벼,기본조사,벼관찰포,2026,3,벼줄기굴파리(피해율),전남광주통합특별시,0.0
202600204FC01010101322003,논벼,기본조사,벼관찰포,2026,3,벼줄기굴파리(발생면적율),전남광주통합특별시,0.0
202600204FC01010101322003,논벼,기본조사,벼관찰포,2026,3,벼물바구미(발생추정면적),전남광주통합특별시,897.357
202600204FC01010101322003,논벼,기본조사,벼관찰포,2026,3,벼물바구미(감수율),전남광주통합특별시,0.005
202600204FC01010101322003,논벼,기본조사,벼관찰포,2026,3,벼물바구미(피해율),전남광주통합특별시,0.018
202600204FC01010101322003,논벼,기본조사,벼관찰포,2026,3,벼물바구미(발생면적율),전남광주통합특별시,0.557
202600204FC01010101322003,논벼,기본조사,벼관찰포,2026,3,애멸구(발생추정면적),전남광주통합특별시,155.868
202600204FC01010101322003,논벼,기본조사,벼관찰포,2026,3,애멸구(감수율),전남광주통합특별시,0.006
202600204FC01010101322003,논벼,기본조사,벼관찰포,2026,3,애멸구(피해율),전남광주통합특별시,0.016
202600204FC01010101322003,논벼,기본조사,벼관찰포,2026,3,애멸구(발생면적율),전남광주통합특별시,0.097
202600204FC01010101322003,논벼,기본조사,벼관찰포,2026,3,끝동매미충(발생추정면적),전남광주통합특별시,17.746
202600204FC01010101322003,논벼,기본조사,벼관찰포,2026,3,끝동매미충(감수율),전남광주통합특별시,0.0
202600204FC01010101322003,논벼,기본조사,벼관찰포,2026,3,끝동매미충(피해율),전남광주통합특별시,0.001
202600204FC01010101322003,논벼,기본조사,벼관찰포,2026,3,끝동매미충(발생면적율),전남광주통합특별시,0.011
202600204FC01010101322003,논벼,기본조사,벼관찰포,2026,3,멸강나방(발생추정면적),전남광주통합특별시,0.0
202600204FC01010101322003,논벼,기본조사,벼관찰포,2026,3,멸강나방(감수율),전남광주통합특별시,0.0
202600204FC01010101322003,논벼,기본조사,벼관찰포,2026,3,멸강나방(피해율),전남광주통합특별시,0.0
202600204FC01010101322003,논벼,기본조사,벼관찰포,2026,3,멸강나방(발생면적율),전남광주통합특별시,0.0
202600204FC01010101322003,논벼,기본조사,벼관찰포,2026,3,벼잎선충(발생추정면적),전남광주통합특별시,5.88
202600204FC01010101322003,논벼,기본조사,벼관찰포,2026,3,벼잎선충(감수율),전남광주통합특별시,0.0
202600204FC01010101322003,논벼,기본조사,벼관찰포,2026,3,벼잎선충(피해율),전남광주통합특별시,0.0
202600204FC01010101322003,논벼,기본조사,벼관찰포,2026,3,벼잎선충(발생면적율),전남광주통합특별시,0.004
202600204FC01010101322003,논벼,기본조사,벼관찰포,2026,3,잎도열병(발생추정면적),경상북도,0.0
202600204FC01010101322003,논벼,기본조사,벼관찰포,2026,3,잎도열병(감수율),경상북도,0.0
202600204FC01010101322003,논벼,기본조사,벼관찰포,2026,3,잎도열병(피해율),경상북도,0.0
202600204FC01010101322003,논벼,기본조사,벼관찰포,2026,3,잎도열병(발생면적율),경상북도,0.0
202600204FC01010101322003,논벼,기본조사,벼관찰포,2026,3,이삭도열병(발생추정면적),경상북도,0.0
202600204FC01010101322003,논벼,기본조사,벼관찰포,2026,3,이삭도열병(감수율),경상북도,0.0
202600204FC01010101322003,논벼,기본조사,벼관찰포,2026,3,이삭도열병(피해율),경상북도,0.0
202600204FC01010101322003,논벼,기본조사,벼관찰포,2026,3,이삭도열병(발생면적율),경상북도,0.0
202600204FC01010101322003,논벼,기본조사,벼관찰포,2026,3,세균벼알마름병(발생추정면적),경상북도,0.0
202600204FC01010101322003,논벼,기본조사,벼관찰포,2026,3,세균벼알마름병(감수율),경상북도,0.0
202600204FC01010101322003,논벼,기본조사,벼관찰포,2026,3,세균벼알마름병(피해율),경상북도,0.0
202600204FC01010101322003,논벼,기본조사,벼관찰포,2026,3,세균벼알마름병(발생면적율),경상북도,0.0
202600204FC01010101322003,논벼,기본조사,벼관찰포,2026,3,흰잎마름병(발생추정면적),경상북도,0.0
202600204FC01010101322003,논벼,기본조사,벼관찰포,2026,3,흰잎마름병(감수율),경상북도,0.0
202600204FC01010101322003,논벼,기본조사,벼관찰포,2026,3,흰잎마름병(피해율),경상북도,0.0
202600204FC01010101322003,논벼,기본조사,벼관찰포,2026,3,흰잎마름병(발생면적율),경상북도,0.0
202600204FC01010101322003,논벼,기본조사,벼관찰포,2026,3,깨씨무늬병(발생추정면적),경상북도,0.0
202600204FC01010101322003,논벼,기본조사,벼관찰포,2026,3,깨씨무늬병(감수율),경상북도,0.0
202600204FC01010101322003,논벼,기본조사,벼관찰포,2026,3,깨씨무늬병(피해율),경상북도,0.0
202600204FC01010101322003,논벼,기본조사,벼관찰포,2026,3,깨씨무늬병(발생면적율),경상북도,0.0
202600204FC01010101322003,논벼,기본조사,벼관찰포,2026,3,바이러스병(발생추정면적),경상북도,0.0
202600204FC01010101322003,논벼,기본조사,벼관찰포,2026,3,바이러스병(감수율),경상북도,0.0
202600204FC01010101322003,논벼,기본조사,벼관찰포,2026,3,바이러스병(피해율),경상북도,0.0
202600204FC01010101322003,논벼,기본조사,벼관찰포,2026,3,바이러스병(발생면적율),경상북도,0.0
202600204FC01010101322003,논벼,기본조사,벼관찰포,2026,3,이화명나방(발생추정면적),경상북도,0.0
202600204FC01010101322003,논벼,기본조사,벼관찰포,2026,3,이화명나방(감수율),경상북도,0.0
202600204FC01010101322003,논벼,기본조사,벼관찰포,2026,3,이화명나방(피해율),경상북도,0.0
202600204FC01010101322003,논벼,기본조사,벼관찰포,2026,3,이화명나방(발생면적율),경상북도,0.0
202600204FC01010101322003,논벼,기본조사,벼관찰포,2026,3,혹명나방(발생추정면적),경상북도,0.0
202600204FC01010101322003,논벼,기본조사,벼관찰포,2026,3,혹명나방(감수율),경상북도,0.0
202600204FC01010101322003,논벼,기본조사,벼관찰포,2026,3,혹명나방(피해율),경상북도,0.0
202600204FC01010101322003,논벼,기본조사,벼관찰포,2026,3,혹명나방(발생면적율),경상북도,0.0
202600204FC01010101322003,논벼,기본조사,벼관찰포,2026,3,먹노린재(발생추정면적),경상북도,0.0
202600204FC01010101322003,논벼,기본조사,벼관찰포,2026,3,먹노린재(감수율),경상북도,0.0
202600204FC01010101322003,논벼,기본조사,벼관찰포,2026,3,먹노린재(피해율),경상북도,0.0
202600204FC01010101322003,논벼,기본조사,벼관찰포,2026,3,먹노린재(발생면적율),경상북도,0.0
202600204FC01010101322003,논벼,기본조사,벼관찰포,2026,3,벼멸구(발생추정면적),경상북도,0.0
202600204FC01010101322003,논벼,기본조사,벼관찰포,2026,3,벼멸구(감수율),경상북도,0.0
202600204FC01010101322003,논벼,기본조사,벼관찰포,2026,3,벼멸구(피해율),경상북도,0.0
202600204FC01010101322003,논벼,기본조사,벼관찰포,2026,3,벼멸구(발생면적율),경상북도,0.0
202600204FC01010101322003,논벼,기본조사,벼관찰포,2026,3,흰등멸구(발생추정면적),경상북도,0.0
202600204FC01010101322003,논벼,기본조사,벼관찰포,2026,3,흰등멸구(감수율),경상북도,0.0
202600204FC01010101322003,논벼,기본조사,벼관찰포,2026,3,흰등멸구(피해율),경상북도,0.0
202600204FC01010101322003,논벼,기본조사,벼관찰포,2026,3,흰등멸구(발생면적율),경상북도,0.0
202600204FC01010101322003,논벼,기본조사,벼관찰포,2026,3,잎집무늬마름병(발생추정면적),경상북도,0.0
202600204FC01010101322003,논벼,기본조사,벼관찰포,2026,3,잎집무늬마름병(감수율),경상북도,0.0
202600204FC01010101322003,논벼,기본조사,벼관찰포,2026,3,잎집무늬마름병(피해율),경상북도,0.0
202600204FC01010101322003,논벼,기본조사,벼관찰포,2026,3,잎집무늬마름병(발생면적율),경상북도,0.0
202600204FC01010101322003,논벼,기본조사,벼관찰포,2026,3,키다리병(발생추정면적),경상북도,2.127
202600204FC01010101322003,논벼,기본조사,벼관찰포,2026,3,키다리병(감수율),경상북도,0.0
202600204FC01010101322003,논벼,기본조사,벼관찰포,2026,3,키다리병(피해율),경상북도,0.0
202600204FC01010101322003,논벼,기본조사,벼관찰포,2026,3,키다리병(발생면적율),경상북도,0.003
202600204FC01010101322003,논벼,기본조사,벼관찰포,2026,3,이삭누룩병(발생추정면적),경상북도,0.0
202600204FC01010101322003,논벼,기본조사,벼관찰포,2026,3,이삭누룩병(감수율),경상북도,0.0
202600204FC01010101322003,논벼,기본조사,벼관찰포,2026,3,이삭누룩병(피해율),경상북도,0.0
202600204FC01010101322003,논벼,기본조사,벼관찰포,2026,3,이삭누룩병(발생면적율),경상북도,0.0
202600204FC01010101322003,논벼,기본조사,벼관찰포,2026,3,벼잎벌레(발생추정면적),경상북도,0.0
202600204FC01010101322003,논벼,기본조사,벼관찰포,2026,3,벼잎벌레(감수율),경상북도,0.0
202600204FC01010101322003,논벼,기본조사,벼관찰포,2026,3,벼잎벌레(피해율),경상북도,0.0
202600204FC01010101322003,논벼,기본조사,벼관찰포,2026,3,벼잎벌레(발생면적율),경상북도,0.0
202600204FC01010101322003,논벼,기본조사,벼관찰포,2026,3,벼애나방(발생추정면적),경상북도,0.0
202600204FC01010101322003,논벼,기본조사,벼관찰포,2026,3,벼애나방(감수율),경상북도,0.0
202600204FC01010101322003,논벼,기본조사,벼관찰포,2026,3,벼애나방(피해율),경상북도,0.0
202600204FC01010101322003,논벼,기본조사,벼관찰포,2026,3,벼애나방(발생면적율),경상북도,0.0
202600204FC01010101322003,논벼,기본조사,벼관찰포,2026,3,벼애잎굴파리(발생추정면적),경상북도,0.0
202600204FC01010101322003,논벼,기본조사,벼관찰포,2026,3,벼애잎굴파리(감수율),경상북도,0.0
202600204FC01010101322003,논벼,기본조사,벼관찰포,2026,3,벼애잎굴파리(피해율),경상북도,0.0
202600204FC01010101322003,논벼,기본조사,벼관찰포,2026,3,벼애잎굴파리(발생면적율),경상북도,0.0
202600204FC01010101322003,논벼,기본조사,벼관찰포,2026,3,벼줄기굴파리(발생추정면적),경상북도,0.0
202600204FC01010101322003,논벼,기본조사,벼관찰포,2026,3,벼줄기굴파리(감수율),경상북도,0.0
202600204FC01010101322003,논벼,기본조사,벼관찰포,2026,3,벼줄기굴파리(피해율),경상북도,0.0
202600204FC01010101322003,논벼,기본조사,벼관찰포,2026,3,벼줄기굴파리(발생면적율),경상북도,0.0
202600204FC01010101322003,논벼,기본조사,벼관찰포,2026,3,벼물바구미(발생추정면적),경상북도,2.395
202600204FC01010101322003,논벼,기본조사,벼관찰포,2026,3,벼물바구미(감수율),경상북도,0.0
202600204FC01010101322003,논벼,기본조사,벼관찰포,2026,3,벼물바구미(피해율),경상북도,0.0
202600204FC01010101322003,논벼,기본조사,벼관찰포,2026,3,벼물바구미(발생면적율),경상북도,0.003
202600204FC01010101322003,논벼,기본조사,벼관찰포,2026,3,애멸구(발생추정면적),경상북도,0.0
202600204FC01010101322003,논벼,기본조사,벼관찰포,2026,3,애멸구(감수율),경상북도,0.0
202600204FC01010101322003,논벼,기본조사,벼관찰포,2026,3,애멸구(피해율),경상북도,0.0
202600204FC01010101322003,논벼,기본조사,벼관찰포,2026,3,애멸구(발생면적율),경상북도,0.0
202600204FC01010101322003,논벼,기본조사,벼관찰포,2026,3,끝동매미충(발생추정면적),경상북도,0.0
202600204FC01010101322003,논벼,기본조사,벼관찰포,2026,3,끝동매미충(감수율),경상북도,0.0
202600204FC01010101322003,논벼,기본조사,벼관찰포,2026,3,끝동매미충(피해율),경상북도,0.0
202600204FC01010101322003,논벼,기본조사,벼관찰포,2026,3,끝동매미충(발생면적율),경상북도,0.0
202600204FC01010101322003,논벼,기본조사,벼관찰포,2026,3,멸강나방(발생추정면적),경상북도,0.0
202600204FC01010101322003,논벼,기본조사,벼관찰포,2026,3,멸강나방(감수율),경상북도,0.0
202600204FC01010101322003,논벼,기본조사,벼관찰포,2026,3,멸강나방(피해율),경상북도,0.0
202600204FC01010101322003,논벼,기본조사,벼관찰포,2026,3,멸강나방(발생면적율),경상북도,0.0
202600204FC01010101322003,논벼,기본조사,벼관찰포,2026,3,벼잎선충(발생추정면적),경상북도,0.0
202600204FC01010101322003,논벼,기본조사,벼관찰포,2026,3,벼잎선충(감수율),경상북도,0.0
202600204FC01010101322003,논벼,기본조사,벼관찰포,2026,3,벼잎선충(피해율),경상북도,0.0
202600204FC01010101322003,논벼,기본조사,벼관찰포,2026,3,벼잎선충(발생면적율),경상북도,0.0
202600204FC01010101322003,논벼,기본조사,벼관찰포,2026,3,잎도열병(발생추정면적),경상남도,12.833
202600204FC01010101322003,논벼,기본조사,벼관찰포,2026,3,잎도열병(감수율),경상남도,0.0
202600204FC01010101322003,논벼,기본조사,벼관찰포,2026,3,잎도열병(피해율),경상남도,0.0
202600204FC01010101322003,논벼,기본조사,벼관찰포,2026,3,잎도열병(발생면적율),경상남도,0.022
202600204FC01010101322003,논벼,기본조사,벼관찰포,2026,3,이삭도열병(발생추정면적),경상남도,0.0
202600204FC01010101322003,논벼,기본조사,벼관찰포,2026,3,이삭도열병(감수율),경상남도,0.0
202600204FC01010101322003,논벼,기본조사,벼관찰포,2026,3,이삭도열병(피해율),경상남도,0.0
202600204FC01010101322003,논벼,기본조사,벼관찰포,2026,3,이삭도열병(발생면적율),경상남도,0.0
202600204FC01010101322003,논벼,기본조사,벼관찰포,2026,3,세균벼알마름병(발생추정면적),경상남도,0.0
202600204FC01010101322003,논벼,기본조사,벼관찰포,2026,3,세균벼알마름병(감수율),경상남도,0.0
202600204FC01010101322003,논벼,기본조사,벼관찰포,2026,3,세균벼알마름병(피해율),경상남도,0.0
202600204FC01010101322003,논벼,기본조사,벼관찰포,2026,3,세균벼알마름병(발생면적율),경상남도,0.0
202600204FC01010101322003,논벼,기본조사,벼관찰포,2026,3,흰잎마름병(발생추정면적),경상남도,0.0
202600204FC01010101322003,논벼,기본조사,벼관찰포,2026,3,흰잎마름병(감수율),경상남도,0.0
202600204FC01010101322003,논벼,기본조사,벼관찰포,2026,3,흰잎마름병(피해율),경상남도,0.0
202600204FC01010101322003,논벼,기본조사,벼관찰포,2026,3,흰잎마름병(발생면적율),경상남도,0.0
202600204FC01010101322003,논벼,기본조사,벼관찰포,2026,3,깨씨무늬병(발생추정면적),경상남도,0.0
202600204FC01010101322003,논벼,기본조사,벼관찰포,2026,3,깨씨무늬병(감수율),경상남도,0.0
202600204FC01010101322003,논벼,기본조사,벼관찰포,2026,3,깨씨무늬병(피해율),경상남도,0.0
202600204FC01010101322003,논벼,기본조사,벼관찰포,2026,3,깨씨무늬병(발생면적율),경상남도,0.0
202600204FC01010101322003,논벼,기본조사,벼관찰포,2026,3,바이러스병(발생추정면적),경상남도,0.0
202600204FC01010101322003,논벼,기본조사,벼관찰포,2026,3,바이러스병(감수율),경상남도,0.0
202600204FC01010101322003,논벼,기본조사,벼관찰포,2026,3,바이러스병(피해율),경상남도,0.0
202600204FC01010101322003,논벼,기본조사,벼관찰포,2026,3,바이러스병(발생면적율),경상남도,0.0
202600204FC01010101322003,논벼,기본조사,벼관찰포,2026,3,이화명나방(발생추정면적),경상남도,0.0
202600204FC01010101322003,논벼,기본조사,벼관찰포,2026,3,이화명나방(감수율),경상남도,0.0
202600204FC01010101322003,논벼,기본조사,벼관찰포,2026,3,이화명나방(피해율),경상남도,0.0
202600204FC01010101322003,논벼,기본조사,벼관찰포,2026,3,이화명나방(발생면적율),경상남도,0.0
202600204FC01010101322003,논벼,기본조사,벼관찰포,2026,3,혹명나방(발생추정면적),경상남도,0.0
202600204FC01010101322003,논벼,기본조사,벼관찰포,2026,3,혹명나방(감수율),경상남도,0.0
202600204FC01010101322003,논벼,기본조사,벼관찰포,2026,3,혹명나방(피해율),경상남도,0.0
202600204FC01010101322003,논벼,기본조사,벼관찰포,2026,3,혹명나방(발생면적율),경상남도,0.0
202600204FC01010101322003,논벼,기본조사,벼관찰포,2026,3,먹노린재(발생추정면적),경상남도,0.0
202600204FC01010101322003,논벼,기본조사,벼관찰포,2026,3,먹노린재(감수율),경상남도,0.0
202600204FC01010101322003,논벼,기본조사,벼관찰포,2026,3,먹노린재(피해율),경상남도,0.0
202600204FC01010101322003,논벼,기본조사,벼관찰포,2026,3,먹노린재(발생면적율),경상남도,0.0
202600204FC01010101322003,논벼,기본조사,벼관찰포,2026,3,벼멸구(발생추정면적),경상남도,0.269
202600204FC01010101322003,논벼,기본조사,벼관찰포,2026,3,벼멸구(감수율),경상남도,0.0
202600204FC01010101322003,논벼,기본조사,벼관찰포,2026,3,벼멸구(피해율),경상남도,0.0
202600204FC01010101322003,논벼,기본조사,벼관찰포,2026,3,벼멸구(발생면적율),경상남도,0.0
202600204FC01010101322003,논벼,기본조사,벼관찰포,2026,3,흰등멸구(발생추정면적),경상남도,0.859
202600204FC01010101322003,논벼,기본조사,벼관찰포,2026,3,흰등멸구(감수율),경상남도,0.0
202600204FC01010101322003,논벼,기본조사,벼관찰포,2026,3,흰등멸구(피해율),경상남도,0.0
202600204FC01010101322003,논벼,기본조사,벼관찰포,2026,3,흰등멸구(발생면적율),경상남도,0.001
202600204FC01010101322003,논벼,기본조사,벼관찰포,2026,3,잎집무늬마름병(발생추정면적),경상남도,0.0
202600204FC01010101322003,논벼,기본조사,벼관찰포,2026,3,잎집무늬마름병(감수율),경상남도,0.0
202600204FC01010101322003,논벼,기본조사,벼관찰포,2026,3,잎집무늬마름병(피해율),경상남도,0.0
202600204FC01010101322003,논벼,기본조사,벼관찰포,2026,3,잎집무늬마름병(발생면적율),경상남도,0.0
202600204FC01010101322003,논벼,기본조사,벼관찰포,2026,3,키다리병(발생추정면적),경상남도,27.9
202600204FC01010101322003,논벼,기본조사,벼관찰포,2026,3,키다리병(감수율),경상남도,0.001
202600204FC01010101322003,논벼,기본조사,벼관찰포,2026,3,키다리병(피해율),경상남도,0.001
202600204FC01010101322003,논벼,기본조사,벼관찰포,2026,3,키다리병(발생면적율),경상남도,0.048
202600204FC01010101322003,논벼,기본조사,벼관찰포,2026,3,이삭누룩병(발생추정면적),경상남도,0.0
202600204FC01010101322003,논벼,기본조사,벼관찰포,2026,3,이삭누룩병(감수율),경상남도,0.0
202600204FC01010101322003,논벼,기본조사,벼관찰포,2026,3,이삭누룩병(피해율),경상남도,0.0
202600204FC01010101322003,논벼,기본조사,벼관찰포,2026,3,이삭누룩병(발생면적율),경상남도,0.0
202600204FC01010101322003,논벼,기본조사,벼관찰포,2026,3,벼잎벌레(발생추정면적),경상남도,0.0
202600204FC01010101322003,논벼,기본조사,벼관찰포,2026,3,벼잎벌레(감수율),경상남도,0.0
202600204FC01010101322003,논벼,기본조사,벼관찰포,2026,3,벼잎벌레(피해율),경상남도,0.0
202600204FC01010101322003,논벼,기본조사,벼관찰포,2026,3,벼잎벌레(발생면적율),경상남도,0.0
202600204FC01010101322003,논벼,기본조사,벼관찰포,2026,3,벼애나방(발생추정면적),경상남도,0.0
202600204FC01010101322003,논벼,기본조사,벼관찰포,2026,3,벼애나방(감수율),경상남도,0.0
202600204FC01010101322003,논벼,기본조사,벼관찰포,2026,3,벼애나방(피해율),경상남도,0.0
202600204FC01010101322003,논벼,기본조사,벼관찰포,2026,3,벼애나방(발생면적율),경상남도,0.0
202600204FC01010101322003,논벼,기본조사,벼관찰포,2026,3,벼애잎굴파리(발생추정면적),경상남도,0.0
202600204FC01010101322003,논벼,기본조사,벼관찰포,2026,3,벼애잎굴파리(감수율),경상남도,0.0
202600204FC01010101322003,논벼,기본조사,벼관찰포,2026,3,벼애잎굴파리(피해율),경상남도,0.0
202600204FC01010101322003,논벼,기본조사,벼관찰포,2026,3,벼애잎굴파리(발생면적율),경상남도,0.0
202600204FC01010101322003,논벼,기본조사,벼관찰포,2026,3,벼줄기굴파리(발생추정면적),경상남도,0.0
202600204FC01010101322003,논벼,기본조사,벼관찰포,2026,3,벼줄기굴파리(감수율),경상남도,0.0
202600204FC01010101322003,논벼,기본조사,벼관찰포,2026,3,벼줄기굴파리(피해율),경상남도,0.0
202600204FC01010101322003,논벼,기본조사,벼관찰포,2026,3,벼줄기굴파리(발생면적율),경상남도,0.0
202600204FC01010101322003,논벼,기본조사,벼관찰포,2026,3,벼물바구미(발생추정면적),경상남도,0.0
202600204FC01010101322003,논벼,기본조사,벼관찰포,2026,3,벼물바구미(감수율),경상남도,0.0
202600204FC01010101322003,논벼,기본조사,벼관찰포,2026,3,벼물바구미(피해율),경상남도,0.0
202600204FC01010101322003,논벼,기본조사,벼관찰포,2026,3,벼물바구미(발생면적율),경상남도,0.0
202600204FC01010101322003,논벼,기본조사,벼관찰포,2026,3,애멸구(발생추정면적),경상남도,11.786
202600204FC01010101322003,논벼,기본조사,벼관찰포,2026,3,애멸구(감수율),경상남도,0.001
202600204FC01010101322003,논벼,기본조사,벼관찰포,2026,3,애멸구(피해율),경상남도,0.002
202600204FC01010101322003,논벼,기본조사,벼관찰포,2026,3,애멸구(발생면적율),경상남도,0.02
202600204FC01010101322003,논벼,기본조사,벼관찰포,2026,3,끝동매미충(발생추정면적),경상남도,0.0
202600204FC01010101322003,논벼,기본조사,벼관찰포,2026,3,끝동매미충(감수율),경상남도,0.0
202600204FC01010101322003,논벼,기본조사,벼관찰포,2026,3,끝동매미충(피해율),경상남도,0.0
202600204FC01010101322003,논벼,기본조사,벼관찰포,2026,3,끝동매미충(발생면적율),경상남도,0.0
202600204FC01010101322003,논벼,기본조사,벼관찰포,2026,3,멸강나방(발생추정면적),경상남도,0.0
202600204FC01010101322003,논벼,기본조사,벼관찰포,2026,3,멸강나방(감수율),경상남도,0.0
202600204FC01010101322003,논벼,기본조사,벼관찰포,2026,3,멸강나방(피해율),경상남도,0.0
202600204FC01010101322003,논벼,기본조사,벼관찰포,2026,3,멸강나방(발생면적율),경상남도,0.0
202600204FC01010101322003,논벼,기본조사,벼관찰포,2026,3,벼잎선충(발생추정면적),경상남도,0.0
202600204FC01010101322003,논벼,기본조사,벼관찰포,2026,3,벼잎선충(감수율),경상남도,0.0
202600204FC01010101322003,논벼,기본조사,벼관찰포,2026,3,벼잎선충(피해율),경상남도,0.0
202600204FC01010101322003,논벼,기본조사,벼관찰포,2026,3,벼잎선충(발생면적율),경상남도,0.0
202600209FC03030101322003,콩,기본조사,관찰포,2026,3,바이러스(피해주율),경기도,0.0
202600209FC03030101322003,콩,기본조사,관찰포,2026,3,점무늬병(피해잎율),경기도,0.0
202600209FC03030101322003,콩,기본조사,관찰포,2026,3,세균병(피해잎율),경기도,0.0
202600209FC03030101322003,콩,기본조사,관찰포,2026,3,탄저병(피해협율),경기도,0.0
202600209FC03030101322003,콩,기본조사,관찰포,2026,3,파밤나방(밀도),경기도,0.0
202600209FC03030101322003,콩,기본조사,관찰포,2026,3,담배거세미나방(밀도),경기도,0.0
202600209FC03030101322003,콩,기본조사,관찰포,2026,3,파밤나방(트랩마리수),경기도,0.0
202600209FC03030101322003,콩,기본조사,관찰포,2026,3,담배거세미나방(트랩마리수),경기도,0.0
202600209FC03030101322003,콩,기본조사,관찰포,2026,3,톱다리개미허리노린재(트랩마리수),경기도,0.0
202600209FC03030101322003,콩,기본조사,관찰포,2026,3,콩꼬투리혹파리(피해협율),경기도,0.0
202600209FC03030101322003,콩,기본조사,관찰포,2026,3,역병(피해주율),경기도,0.0
202600209FC03030101322003,콩,기본조사,관찰포,2026,3,바이러스(피해주율),강원특별자치도,0.0
202600209FC03030101322003,콩,기본조사,관찰포,2026,3,점무늬병(피해잎율),강원특별자치도,0.0
202600209FC03030101322003,콩,기본조사,관찰포,2026,3,세균병(피해잎율),강원특별자치도,0.0
202600209FC03030101322003,콩,기본조사,관찰포,2026,3,탄저병(피해협율),강원특별자치도,0.0
202600209FC03030101322003,콩,기본조사,관찰포,2026,3,파밤나방(밀도),강원특별자치도,0.0
202600209FC03030101322003,콩,기본조사,관찰포,2026,3,담배거세미나방(밀도),강원특별자치도,0.0
202600209FC03030101322003,콩,기본조사,관찰포,2026,3,파밤나방(트랩마리수),강원특별자치도,0.0
202600209FC03030101322003,콩,기본조사,관찰포,2026,3,담배거세미나방(트랩마리수),강원특별자치도,0.0
202600209FC03030101322003,콩,기본조사,관찰포,2026,3,톱다리개미허리노린재(트랩마리수),강원특별자치도,0.0
202600209FC03030101322003,콩,기본조사,관찰포,2026,3,콩꼬투리혹파리(피해협율),강원특별자치도,0.0
202600209FC03030101322003,콩,기본조사,관찰포,2026,3,역병(피해주율),강원특별자치도,0.0
202600209FC03030101322003,콩,기본조사,관찰포,2026,3,바이러스(피해주율),충청북도,0.0
202600209FC03030101322003,콩,기본조사,관찰포,2026,3,점무늬병(피해잎율),충청북도,0.0
202600209FC03030101322003,콩,기본조사,관찰포,2026,3,세균병(피해잎율),충청북도,0.0
202600209FC03030101322003,콩,기본조사,관찰포,2026,3,탄저병(피해협율),충청북도,0.0
202600209FC03030101322003,콩,기본조사,관찰포,2026,3,파밤나방(밀도),충청북도,0.0
202600209FC03030101322003,콩,기본조사,관찰포,2026,3,담배거세미나방(밀도),충청북도,0.0
202600209FC03030101322003,콩,기본조사,관찰포,2026,3,파밤나방(트랩마리수),충청북도,0.0
202600209FC03030101322003,콩,기본조사,관찰포,2026,3,담배거세미나방(트랩마리수),충청북도,0.0
202600209FC03030101322003,콩,기본조사,관찰포,2026,3,톱다리개미허리노린재(트랩마리수),충청북도,0.0
202600209FC03030101322003,콩,기본조사,관찰포,2026,3,콩꼬투리혹파리(피해협율),충청북도,0.0
202600209FC03030101322003,콩,기본조사,관찰포,2026,3,역병(피해주율),충청북도,0.0
202600209FC03030101322003,콩,기본조사,관찰포,2026,3,바이러스(피해주율),충청남도,0.0
202600209FC03030101322003,콩,기본조사,관찰포,2026,3,점무늬병(피해잎율),충청남도,0.0
202600209FC03030101322003,콩,기본조사,관찰포,2026,3,세균병(피해잎율),충청남도,0.0
202600209FC03030101322003,콩,기본조사,관찰포,2026,3,탄저병(피해협율),충청남도,0.0
202600209FC03030101322003,콩,기본조사,관찰포,2026,3,파밤나방(밀도),충청남도,0.018
202600209FC03030101322003,콩,기본조사,관찰포,2026,3,담배거세미나방(밀도),충청남도,0.0
202600209FC03030101322003,콩,기본조사,관찰포,2026,3,파밤나방(트랩마리수),충청남도,3.182
202600209FC03030101322003,콩,기본조사,관찰포,2026,3,담배거세미나방(트랩마리수),충청남도,4.091
202600209FC03030101322003,콩,기본조사,관찰포,2026,3,톱다리개미허리노린재(트랩마리수),충청남도,1.0
202600209FC03030101322003,콩,기본조사,관찰포,2026,3,콩꼬투리혹파리(피해협율),충청남도,0.0
202600209FC03030101322003,콩,기본조사,관찰포,2026,3,역병(피해주율),충청남도,0.0
202600209FC03030101322003,콩,기본조사,관찰포,2026,3,바이러스(피해주율),전북특별자치도,0.0
202600209FC03030101322003,콩,기본조사,관찰포,2026,3,점무늬병(피해잎율),전북특별자치도,0.0
202600209FC03030101322003,콩,기본조사,관찰포,2026,3,세균병(피해잎율),전북특별자치도,0.0
202600209FC03030101322003,콩,기본조사,관찰포,2026,3,탄저병(피해협율),전북특별자치도,0.0
202600209FC03030101322003,콩,기본조사,관찰포,2026,3,파밤나방(밀도),전북특별자치도,0.0
202600209FC03030101322003,콩,기본조사,관찰포,2026,3,담배거세미나방(밀도),전북특별자치도,0.0
202600209FC03030101322003,콩,기본조사,관찰포,2026,3,파밤나방(트랩마리수),전북특별자치도,0.0
202600209FC03030101322003,콩,기본조사,관찰포,2026,3,담배거세미나방(트랩마리수),전북특별자치도,0.0
202600209FC03030101322003,콩,기본조사,관찰포,2026,3,톱다리개미허리노린재(트랩마리수),전북특별자치도,0.0
202600209FC03030101322003,콩,기본조사,관찰포,2026,3,콩꼬투리혹파리(피해협율),전북특별자치도,0.0
202600209FC03030101322003,콩,기본조사,관찰포,2026,3,역병(피해주율),전북특별자치도,0.0
202600209FC03030101322003,콩,기본조사,관찰포,2026,3,바이러스(피해주율),전남광주통합특별시,0.0
202600209FC03030101322003,콩,기본조사,관찰포,2026,3,점무늬병(피해잎율),전남광주통합특별시,0.0
202600209FC03030101322003,콩,기본조사,관찰포,2026,3,세균병(피해잎율),전남광주통합특별시,0.0
202600209FC03030101322003,콩,기본조사,관찰포,2026,3,탄저병(피해협율),전남광주통합특별시,0.0
202600209FC03030101322003,콩,기본조사,관찰포,2026,3,파밤나방(밀도),전남광주통합특별시,0.0
202600209FC03030101322003,콩,기본조사,관찰포,2026,3,담배거세미나방(밀도),전남광주통합특별시,0.0
202600209FC03030101322003,콩,기본조사,관찰포,2026,3,파밤나방(트랩마리수),전남광주통합특별시,0.0
202600209FC03030101322003,콩,기본조사,관찰포,2026,3,담배거세미나방(트랩마리수),전남광주통합특별시,0.0
202600209FC03030101322003,콩,기본조사,관찰포,2026,3,톱다리개미허리노린재(트랩마리수),전남광주통합특별시,0.0
202600209FC03030101322003,콩,기본조사,관찰포,2026,3,콩꼬투리혹파리(피해협율),전남광주통합특별시,0.0
202600209FC03030101322003,콩,기본조사,관찰포,2026,3,역병(피해주율),전남광주통합특별시,0.0
202600209FC03030101322003,콩,기본조사,관찰포,2026,3,바이러스(피해주율),경상북도,0.0
202600209FC03030101322003,콩,기본조사,관찰포,2026,3,점무늬병(피해잎율),경상북도,0.0
202600209FC03030101322003,콩,기본조사,관찰포,2026,3,세균병(피해잎율),경상북도,0.0
202600209FC03030101322003,콩,기본조사,관찰포,2026,3,탄저병(피해협율),경상북도,0.0
202600209FC03030101322003,콩,기본조사,관찰포,2026,3,파밤나방(밀도),경상북도,0.057
202600209FC03030101322003,콩,기본조사,관찰포,2026,3,담배거세미나방(밀도),경상북도,0.007
202600209FC03030101322003,콩,기본조사,관찰포,2026,3,파밤나방(트랩마리수),경상북도,0.0
202600209FC03030101322003,콩,기본조사,관찰포,2026,3,담배거세미나방(트랩마리수),경상북도,0.0
202600209FC03030101322003,콩,기본조사,관찰포,2026,3,톱다리개미허리노린재(트랩마리수),경상북도,0.0
202600209FC03030101322003,콩,기본조사,관찰포,2026,3,콩꼬투리혹파리(피해협율),경상북도,0.0
202600209FC03030101322003,콩,기본조사,관찰포,2026,3,역병(피해주율),경상북도,0.0
202600209FC03030101322003,콩,기본조사,관찰포,2026,3,바이러스(피해주율),경상남도,0.0
202600209FC03030101322003,콩,기본조사,관찰포,2026,3,점무늬병(피해잎율),경상남도,0.0
202600209FC03030101322003,콩,기본조사,관찰포,2026,3,세균병(피해잎율),경상남도,0.0
202600209FC03030101322003,콩,기본조사,관찰포,2026,3,탄저병(피해협율),경상남도,0.0
202600209FC03030101322003,콩,기본조사,관찰포,2026,3,파밤나방(밀도),경상남도,0.0
202600209FC03030101322003,콩,기본조사,관찰포,2026,3,담배거세미나방(밀도),경상남도,0.0
202600209FC03030101322003,콩,기본조사,관찰포,2026,3,파밤나방(트랩마리수),경상남도,0.0
202600209FC03030101322003,콩,기본조사,관찰포,2026,3,담배거세미나방(트랩마리수),경상남도,0.0
202600209FC03030101322003,콩,기본조사,관찰포,2026,3,톱다리개미허리노린재(트랩마리수),경상남도,0.0
202600209FC03030101322003,콩,기본조사,관찰포,2026,3,콩꼬투리혹파리(피해협율),경상남도,0.0
202600209FC03030101322003,콩,기본조사,관찰포,2026,3,역병(피해주율),경상남도,0.0
202600209FC03030101322003,콩,기본조사,관찰포,2026,3,바이러스(피해주율),제주특별자치도,0.0
202600209FC03030101322003,콩,기본조사,관찰포,2026,3,점무늬병(피해잎율),제주특별자치도,0.0
202600209FC03030101322003,콩,기본조사,관찰포,2026,3,세균병(피해잎율),제주특별자치도,0.0
202600209FC03030101322003,콩,기본조사,관찰포,2026,3,탄저병(피해협율),제주특별자치도,0.0
202600209FC03030101322003,콩,기본조사,관찰포,2026,3,파밤나방(밀도),제주특별자치도,0.0
202600209FC03030101322003,콩,기본조사,관찰포,2026,3,담배거세미나방(밀도),제주특별자치도,0.0
202600209FC03030101322003,콩,기본조사,관찰포,2026,3,파밤나방(트랩마리수),제주특별자치도,0.0
202600209FC03030101322003,콩,기본조사,관찰포,2026,3,담배거세미나방(트랩마리수),제주특별자치도,0.0
202600209FC03030101322003,콩,기본조사,관찰포,2026,3,톱다리개미허리노린재(트랩마리수),제주특별자치도,0.0
202600209FC03030101322003,콩,기본조사,관찰포,2026,3,콩꼬투리혹파리(피해협율),제주특별자치도,0.0
202600209FC03030101322003,콩,기본조사,관찰포,2026,3,역병(피해주율),제주특별자치도,0.0
202600209FT01060101322004,사과,기본조사,관찰포,2026,4,갈색무늬병(피해잎율),경기도,0.28
202600209FT01060101322004,사과,기본조사,관찰포,2026,4,점무늬낙엽병(피해잎율),경기도,0.29
202600209FT01060101322004,사과,기본조사,관찰포,2026,4,겹무늬썩음병(피해과율),경기도,0.0
202600209FT01060101322004,사과,기본조사,관찰포,2026,4,탄저병(피해과율),경기도,0.0
202600209FT01060101322004,사과,기본조사,관찰포,2026,4,부란병(피해주율),경기도,0.0
202600209FT01060101322004,사과,기본조사,관찰포,2026,4,응애류(밀도),경기도,0.0
202600209FT01060101322004,사과,기본조사,관찰포,2026,4,복숭아심식나방(피해과율),경기도,0.0
202600209FT01060101322004,사과,기본조사,관찰포,2026,4,복숭아순나방(피해신초율),경기도,0.0
202600209FT01060101322004,사과,기본조사,관찰포,2026,4,조팝나무진딧물(밀도),경기도,0.1
202600209FT01060101322004,사과,기본조사,관찰포,2026,4,노린재류(피해과율),경기도,0.0
202600209FT01060101322004,사과,기본조사,관찰포,2026,4,노린재류(트랩마리수),경기도,0.0
202600209FT01060101322004,사과,기본조사,관찰포,2026,4,복숭아순나방(트랩마리수),경기도,1.4
202600209FT01060101322004,사과,기본조사,관찰포,2026,4,복숭아심식나방(트랩마리수),경기도,1.6
202600209FT01060101322004,사과,기본조사,관찰포,2026,4,복숭아순나방붙이(트랩마리수),경기도,0.8
202600209FT01060101322004,사과,기본조사,관찰포,2026,4,사과굴나방(트랩마리수),경기도,13.3
202600209FT01060101322004,사과,기본조사,관찰포,2026,4,은무늬굴나방(트랩마리수),경기도,9.0
202600209FT01060101322004,사과,기본조사,관찰포,2026,4,사과무늬잎말이나방(트랩마리수),경기도,0.2
202600209FT01060101322004,사과,기본조사,관찰포,2026,4,사과애모무늬잎말이나방(트랩마리수),경기도,0.7
202600209FT01060101322004,사과,기본조사,관찰포,2026,4,붉은별무늬병(피해잎율),경기도,0.0
202600209FT01060101322004,사과,기본조사,관찰포,2026,4,역병(피해과율),경기도,0.0
202600209FT01060101322004,사과,기본조사,관찰포,2026,4,갈색무늬병(피해잎율),강원특별자치도,0.0
202600209FT01060101322004,사과,기본조사,관찰포,2026,4,점무늬낙엽병(피해잎율),강원특별자치도,1.54
202600209FT01060101322004,사과,기본조사,관찰포,2026,4,겹무늬썩음병(피해과율),강원특별자치도,0.0
202600209FT01060101322004,사과,기본조사,관찰포,2026,4,탄저병(피해과율),강원특별자치도,0.0
202600209FT01060101322004,사과,기본조사,관찰포,2026,4,부란병(피해주율),강원특별자치도,0.0
202600209FT01060101322004,사과,기본조사,관찰포,2026,4,응애류(밀도),강원특별자치도,0.7
202600209FT01060101322004,사과,기본조사,관찰포,2026,4,복숭아심식나방(피해과율),강원특별자치도,0.0
202600209FT01060101322004,사과,기본조사,관찰포,2026,4,복숭아순나방(피해신초율),강원특별자치도,0.0
202600209FT01060101322004,사과,기본조사,관찰포,2026,4,조팝나무진딧물(밀도),강원특별자치도,1.05
202600209FT01060101322004,사과,기본조사,관찰포,2026,4,노린재류(피해과율),강원특별자치도,0.0
202600209FT01060101322004,사과,기본조사,관찰포,2026,4,노린재류(트랩마리수),강원특별자치도,0.0
202600209FT01060101322004,사과,기본조사,관찰포,2026,4,복숭아순나방(트랩마리수),강원특별자치도,0.0
202600209FT01060101322004,사과,기본조사,관찰포,2026,4,복숭아심식나방(트랩마리수),강원특별자치도,0.0
202600209FT01060101322004,사과,기본조사,관찰포,2026,4,복숭아순나방붙이(트랩마리수),강원특별자치도,0.0
202600209FT01060101322004,사과,기본조사,관찰포,2026,4,사과굴나방(트랩마리수),강원특별자치도,1.5
202600209FT01060101322004,사과,기본조사,관찰포,2026,4,은무늬굴나방(트랩마리수),강원특별자치도,4.9
202600209FT01060101322004,사과,기본조사,관찰포,2026,4,사과무늬잎말이나방(트랩마리수),강원특별자치도,0.0
202600209FT01060101322004,사과,기본조사,관찰포,2026,4,사과애모무늬잎말이나방(트랩마리수),강원특별자치도,0.6
202600209FT01060101322004,사과,기본조사,관찰포,2026,4,붉은별무늬병(피해잎율),강원특별자치도,0.05
202600209FT01060101322004,사과,기본조사,관찰포,2026,4,역병(피해과율),강원특별자치도,0.0
202600209FT01060101322004,사과,기본조사,관찰포,2026,4,갈색무늬병(피해잎율),충청북도,0.64
202600209FT01060101322004,사과,기본조사,관찰포,2026,4,점무늬낙엽병(피해잎율),충청북도,0.75
202600209FT01060101322004,사과,기본조사,관찰포,2026,4,겹무늬썩음병(피해과율),충청북도,0.0
202600209FT01060101322004,사과,기본조사,관찰포,2026,4,탄저병(피해과율),충청북도,0.0
202600209FT01060101322004,사과,기본조사,관찰포,2026,4,부란병(피해주율),충청북도,3.0
202600209FT01060101322004,사과,기본조사,관찰포,2026,4,응애류(밀도),충청북도,0.02
202600209FT01060101322004,사과,기본조사,관찰포,2026,4,복숭아심식나방(피해과율),충청북도,0.125
202600209FT01060101322004,사과,기본조사,관찰포,2026,4,복숭아순나방(피해신초율),충청북도,0.75
202600209FT01060101322004,사과,기본조사,관찰포,2026,4,조팝나무진딧물(밀도),충청북도,0.03
202600209FT01060101322004,사과,기본조사,관찰포,2026,4,노린재류(피해과율),충청북도,0.0
202600209FT01060101322004,사과,기본조사,관찰포,2026,4,노린재류(트랩마리수),충청북도,4.5
202600209FT01060101322004,사과,기본조사,관찰포,2026,4,복숭아순나방(트랩마리수),충청북도,1.6
202600209FT01060101322004,사과,기본조사,관찰포,2026,4,복숭아심식나방(트랩마리수),충청북도,0.9
202600209FT01060101322004,사과,기본조사,관찰포,2026,4,복숭아순나방붙이(트랩마리수),충청북도,0.1
202600209FT01060101322004,사과,기본조사,관찰포,2026,4,사과굴나방(트랩마리수),충청북도,1.95
202600209FT01060101322004,사과,기본조사,관찰포,2026,4,은무늬굴나방(트랩마리수),충청북도,1.6
202600209FT01060101322004,사과,기본조사,관찰포,2026,4,사과무늬잎말이나방(트랩마리수),충청북도,0.1
202600209FT01060101322004,사과,기본조사,관찰포,2026,4,사과애모무늬잎말이나방(트랩마리수),충청북도,0.85
202600209FT01060101322004,사과,기본조사,관찰포,2026,4,붉은별무늬병(피해잎율),충청북도,0.0
202600209FT01060101322004,사과,기본조사,관찰포,2026,4,역병(피해과율),충청북도,0.0
202600209FT01060101322004,사과,기본조사,관찰포,2026,4,갈색무늬병(피해잎율),충청남도,0.333
202600209FT01060101322004,사과,기본조사,관찰포,2026,4,점무늬낙엽병(피해잎율),충청남도,0.267
202600209FT01060101322004,사과,기본조사,관찰포,2026,4,겹무늬썩음병(피해과율),충청남도,0.0
202600209FT01060101322004,사과,기본조사,관찰포,2026,4,탄저병(피해과율),충청남도,0.0
202600209FT01060101322004,사과,기본조사,관찰포,2026,4,부란병(피해주율),충청남도,0.0
202600209FT01060101322004,사과,기본조사,관찰포,2026,4,응애류(밀도),충청남도,0.044
202600209FT01060101322004,사과,기본조사,관찰포,2026,4,복숭아심식나방(피해과율),충청남도,0.0
202600209FT01060101322004,사과,기본조사,관찰포,2026,4,복숭아순나방(피해신초율),충청남도,0.556
202600209FT01060101322004,사과,기본조사,관찰포,2026,4,조팝나무진딧물(밀도),충청남도,0.133
202600209FT01060101322004,사과,기본조사,관찰포,2026,4,노린재류(피해과율),충청남도,0.0
202600209FT01060101322004,사과,기본조사,관찰포,2026,4,노린재류(트랩마리수),충청남도,0.0
202600209FT01060101322004,사과,기본조사,관찰포,2026,4,복숭아순나방(트랩마리수),충청남도,0.0
202600209FT01060101322004,사과,기본조사,관찰포,2026,4,복숭아심식나방(트랩마리수),충청남도,0.0
202600209FT01060101322004,사과,기본조사,관찰포,2026,4,복숭아순나방붙이(트랩마리수),충청남도,0.0
202600209FT01060101322004,사과,기본조사,관찰포,2026,4,사과굴나방(트랩마리수),충청남도,0.0
202600209FT01060101322004,사과,기본조사,관찰포,2026,4,은무늬굴나방(트랩마리수),충청남도,0.0
202600209FT01060101322004,사과,기본조사,관찰포,2026,4,사과무늬잎말이나방(트랩마리수),충청남도,0.0
202600209FT01060101322004,사과,기본조사,관찰포,2026,4,사과애모무늬잎말이나방(트랩마리수),충청남도,0.0
202600209FT01060101322004,사과,기본조사,관찰포,2026,4,붉은별무늬병(피해잎율),충청남도,0.0
202600209FT01060101322004,사과,기본조사,관찰포,2026,4,역병(피해과율),충청남도,0.0
202600209FT01060101322004,사과,기본조사,관찰포,2026,4,갈색무늬병(피해잎율),전북특별자치도,0.02
202600209FT01060101322004,사과,기본조사,관찰포,2026,4,점무늬낙엽병(피해잎율),전북특별자치도,0.16
202600209FT01060101322004,사과,기본조사,관찰포,2026,4,겹무늬썩음병(피해과율),전북특별자치도,0.0
202600209FT01060101322004,사과,기본조사,관찰포,2026,4,탄저병(피해과율),전북특별자치도,0.0
202600209FT01060101322004,사과,기본조사,관찰포,2026,4,부란병(피해주율),전북특별자치도,1.0
202600209FT01060101322004,사과,기본조사,관찰포,2026,4,응애류(밀도),전북특별자치도,0.02
202600209FT01060101322004,사과,기본조사,관찰포,2026,4,복숭아심식나방(피해과율),전북특별자치도,0.0
202600209FT01060101322004,사과,기본조사,관찰포,2026,4,복숭아순나방(피해신초율),전북특별자치도,1.5
202600209FT01060101322004,사과,기본조사,관찰포,2026,4,조팝나무진딧물(밀도),전북특별자치도,5.11
202600209FT01060101322004,사과,기본조사,관찰포,2026,4,노린재류(피해과율),전북특별자치도,0.0
202600209FT01060101322004,사과,기본조사,관찰포,2026,4,노린재류(트랩마리수),전북특별자치도,2.8
202600209FT01060101322004,사과,기본조사,관찰포,2026,4,복숭아순나방(트랩마리수),전북특별자치도,26.5
202600209FT01060101322004,사과,기본조사,관찰포,2026,4,복숭아심식나방(트랩마리수),전북특별자치도,12.9
202600209FT01060101322004,사과,기본조사,관찰포,2026,4,복숭아순나방붙이(트랩마리수),전북특별자치도,17.6
202600209FT01060101322004,사과,기본조사,관찰포,2026,4,사과굴나방(트랩마리수),전북특별자치도,49.0
202600209FT01060101322004,사과,기본조사,관찰포,2026,4,은무늬굴나방(트랩마리수),전북특별자치도,29.5
202600209FT01060101322004,사과,기본조사,관찰포,2026,4,사과무늬잎말이나방(트랩마리수),전북특별자치도,0.0
202600209FT01060101322004,사과,기본조사,관찰포,2026,4,사과애모무늬잎말이나방(트랩마리수),전북특별자치도,0.2
202600209FT01060101322004,사과,기본조사,관찰포,2026,4,붉은별무늬병(피해잎율),전북특별자치도,0.0
202600209FT01060101322004,사과,기본조사,관찰포,2026,4,역병(피해과율),전북특별자치도,0.0
202600209FT01060101322004,사과,기본조사,관찰포,2026,4,갈색무늬병(피해잎율),전남광주통합특별시,6.333
202600209FT01060101322004,사과,기본조사,관찰포,2026,4,점무늬낙엽병(피해잎율),전남광주통합특별시,5.833
202600209FT01060101322004,사과,기본조사,관찰포,2026,4,겹무늬썩음병(피해과율),전남광주통합특별시,0.0
202600209FT01060101322004,사과,기본조사,관찰포,2026,4,탄저병(피해과율),전남광주통합특별시,0.0
202600209FT01060101322004,사과,기본조사,관찰포,2026,4,부란병(피해주율),전남광주통합특별시,0.0
202600209FT01060101322004,사과,기본조사,관찰포,2026,4,응애류(밀도),전남광주통합특별시,0.383
202600209FT01060101322004,사과,기본조사,관찰포,2026,4,복숭아심식나방(피해과율),전남광주통합특별시,0.0
202600209FT01060101322004,사과,기본조사,관찰포,2026,4,복숭아순나방(피해신초율),전남광주통합특별시,5.417
202600209FT01060101322004,사과,기본조사,관찰포,2026,4,조팝나무진딧물(밀도),전남광주통합특별시,0.233
202600209FT01060101322004,사과,기본조사,관찰포,2026,4,노린재류(피해과율),전남광주통합특별시,3.333
202600209FT01060101322004,사과,기본조사,관찰포,2026,4,노린재류(트랩마리수),전남광주통합특별시,0.0
202600209FT01060101322004,사과,기본조사,관찰포,2026,4,복숭아순나방(트랩마리수),전남광주통합특별시,0.0
202600209FT01060101322004,사과,기본조사,관찰포,2026,4,복숭아심식나방(트랩마리수),전남광주통합특별시,0.0
202600209FT01060101322004,사과,기본조사,관찰포,2026,4,복숭아순나방붙이(트랩마리수),전남광주통합특별시,0.0
202600209FT01060101322004,사과,기본조사,관찰포,2026,4,사과굴나방(트랩마리수),전남광주통합특별시,0.0
202600209FT01060101322004,사과,기본조사,관찰포,2026,4,은무늬굴나방(트랩마리수),전남광주통합특별시,0.0
202600209FT01060101322004,사과,기본조사,관찰포,2026,4,사과무늬잎말이나방(트랩마리수),전남광주통합특별시,0.0
202600209FT01060101322004,사과,기본조사,관찰포,2026,4,사과애모무늬잎말이나방(트랩마리수),전남광주통합특별시,0.0
202600209FT01060101322004,사과,기본조사,관찰포,2026,4,붉은별무늬병(피해잎율),전남광주통합특별시,0.0
202600209FT01060101322004,사과,기본조사,관찰포,2026,4,역병(피해과율),전남광주통합특별시,0.0
202600209FT01060101322004,사과,기본조사,관찰포,2026,4,갈색무늬병(피해잎율),경상북도,0.0
202600209FT01060101322004,사과,기본조사,관찰포,2026,4,점무늬낙엽병(피해잎율),경상북도,0.906
202600209FT01060101322004,사과,기본조사,관찰포,2026,4,겹무늬썩음병(피해과율),경상북도,0.0
202600209FT01060101322004,사과,기본조사,관찰포,2026,4,탄저병(피해과율),경상북도,0.0
202600209FT01060101322004,사과,기본조사,관찰포,2026,4,부란병(피해주율),경상북도,2.581
202600209FT01060101322004,사과,기본조사,관찰포,2026,4,응애류(밀도),경상북도,0.055
202600209FT01060101322004,사과,기본조사,관찰포,2026,4,복숭아심식나방(피해과율),경상북도,0.0
202600209FT01060101322004,사과,기본조사,관찰포,2026,4,복숭아순나방(피해신초율),경상북도,0.323
202600209FT01060101322004,사과,기본조사,관찰포,2026,4,조팝나무진딧물(밀도),경상북도,0.281
202600209FT01060101322004,사과,기본조사,관찰포,2026,4,노린재류(피해과율),경상북도,0.032
202600209FT01060101322004,사과,기본조사,관찰포,2026,4,노린재류(트랩마리수),경상북도,0.323
202600209FT01060101322004,사과,기본조사,관찰포,2026,4,복숭아순나방(트랩마리수),경상북도,3.839
202600209FT01060101322004,사과,기본조사,관찰포,2026,4,복숭아심식나방(트랩마리수),경상북도,12.613
202600209FT01060101322004,사과,기본조사,관찰포,2026,4,복숭아순나방붙이(트랩마리수),경상북도,0.161
202600209FT01060101322004,사과,기본조사,관찰포,2026,4,사과굴나방(트랩마리수),경상북도,113.226
202600209FT01060101322004,사과,기본조사,관찰포,2026,4,은무늬굴나방(트랩마리수),경상북도,14.516
202600209FT01060101322004,사과,기본조사,관찰포,2026,4,사과무늬잎말이나방(트랩마리수),경상북도,0.258
202600209FT01060101322004,사과,기본조사,관찰포,2026,4,사과애모무늬잎말이나방(트랩마리수),경상북도,0.032
202600209FT01060101322004,사과,기본조사,관찰포,2026,4,붉은별무늬병(피해잎율),경상북도,0.0
202600209FT01060101322004,사과,기본조사,관찰포,2026,4,역병(피해과율),경상북도,0.0
202600209FT01060101322004,사과,기본조사,관찰포,2026,4,갈색무늬병(피해잎율),경상남도,0.0
202600209FT01060101322004,사과,기본조사,관찰포,2026,4,점무늬낙엽병(피해잎율),경상남도,0.0
202600209FT01060101322004,사과,기본조사,관찰포,2026,4,겹무늬썩음병(피해과율),경상남도,0.0
202600209FT01060101322004,사과,기본조사,관찰포,2026,4,탄저병(피해과율),경상남도,0.0
202600209FT01060101322004,사과,기본조사,관찰포,2026,4,부란병(피해주율),경상남도,4.0
202600209FT01060101322004,사과,기본조사,관찰포,2026,4,응애류(밀도),경상남도,0.01
202600209FT01060101322004,사과,기본조사,관찰포,2026,4,복숭아심식나방(피해과율),경상남도,0.0
202600209FT01060101322004,사과,기본조사,관찰포,2026,4,복숭아순나방(피해신초율),경상남도,0.75
202600209FT01060101322004,사과,기본조사,관찰포,2026,4,조팝나무진딧물(밀도),경상남도,0.0
202600209FT01060101322004,사과,기본조사,관찰포,2026,4,노린재류(피해과율),경상남도,1.4
202600209FT01060101322004,사과,기본조사,관찰포,2026,4,노린재류(트랩마리수),경상남도,0.0
202600209FT01060101322004,사과,기본조사,관찰포,2026,4,복숭아순나방(트랩마리수),경상남도,0.0
202600209FT01060101322004,사과,기본조사,관찰포,2026,4,복숭아심식나방(트랩마리수),경상남도,0.0
202600209FT01060101322004,사과,기본조사,관찰포,2026,4,복숭아순나방붙이(트랩마리수),경상남도,0.0
202600209FT01060101322004,사과,기본조사,관찰포,2026,4,사과굴나방(트랩마리수),경상남도,0.0
202600209FT01060101322004,사과,기본조사,관찰포,2026,4,은무늬굴나방(트랩마리수),경상남도,0.0
202600209FT01060101322004,사과,기본조사,관찰포,2026,4,사과무늬잎말이나방(트랩마리수),경상남도,0.0
202600209FT01060101322004,사과,기본조사,관찰포,2026,4,사과애모무늬잎말이나방(트랩마리수),경상남도,0.0
202600209FT01060101322004,사과,기본조사,관찰포,2026,4,붉은별무늬병(피해잎율),경상남도,0.0
202600209FT01060101322004,사과,기본조사,관찰포,2026,4,역병(피해과율),경상남도,0.0
202600209FT01060201322005,배,기본조사,관찰포,2026,5,붉은별무늬병(피해잎율),경기도,0.507
202600209FT01060201322005,배,기본조사,관찰포,2026,5,검은별무늬병(피해잎율),경기도,0.0
202600209FT01060201322005,배,기본조사,관찰포,2026,5,잎검은점병(피해잎율),경기도,0.0
202600209FT01060201322005,배,기본조사,관찰포,2026,5,겹무늬병(피해과율),경기도,0.0
202600209FT01060201322005,배,기본조사,관찰포,2026,5,복숭아순나방(피해신초율),경기도,3.0
202600209FT01060201322005,배,기본조사,관찰포,2026,5,응애류(밀도),경기도,0.0
202600209FT01060201322005,배,기본조사,관찰포,2026,5,주경배나무이(밀도),경기도,0.08
202600209FT01060201322005,배,기본조사,관찰포,2026,5,깍지벌레류(밀도),경기도,0.0
202600209FT01060201322005,배,기본조사,관찰포,2026,5,복숭아순나방(트랩마리수),경기도,2.333
202600209FT01060201322005,배,기본조사,관찰포,2026,5,복숭아심식나방(트랩마리수),경기도,6.733
202600209FT01060201322005,배,기본조사,관찰포,2026,5,사과무늬잎말이나방(트랩마리수),경기도,0.133
202600209FT01060201322005,배,기본조사,관찰포,2026,5,사과애모무늬잎말이나방(트랩마리수),경기도,0.0
202600209FT01060201322005,배,기본조사,관찰포,2026,5,붉은별무늬병(피해잎율),강원특별자치도,0.0
202600209FT01060201322005,배,기본조사,관찰포,2026,5,검은별무늬병(피해잎율),강원특별자치도,0.0
202600209FT01060201322005,배,기본조사,관찰포,2026,5,잎검은점병(피해잎율),강원특별자치도,0.0
202600209FT01060201322005,배,기본조사,관찰포,2026,5,겹무늬병(피해과율),강원특별자치도,0.0
202600209FT01060201322005,배,기본조사,관찰포,2026,5,복숭아순나방(피해신초율),강원특별자치도,1.0
202600209FT01060201322005,배,기본조사,관찰포,2026,5,응애류(밀도),강원특별자치도,0.0
202600209FT01060201322005,배,기본조사,관찰포,2026,5,주경배나무이(밀도),강원특별자치도,0.0
202600209FT01060201322005,배,기본조사,관찰포,2026,5,깍지벌레류(밀도),강원특별자치도,0.0
202600209FT01060201322005,배,기본조사,관찰포,2026,5,복숭아순나방(트랩마리수),강원특별자치도,14.0
202600209FT01060201322005,배,기본조사,관찰포,2026,5,복숭아심식나방(트랩마리수),강원특별자치도,8.0
202600209FT01060201322005,배,기본조사,관찰포,2026,5,사과무늬잎말이나방(트랩마리수),강원특별자치도,0.0
202600209FT01060201322005,배,기본조사,관찰포,2026,5,사과애모무늬잎말이나방(트랩마리수),강원특별자치도,0.0
202600209FT01060201322005,배,기본조사,관찰포,2026,5,붉은별무늬병(피해잎율),충청북도,0.0
202600209FT01060201322005,배,기본조사,관찰포,2026,5,검은별무늬병(피해잎율),충청북도,0.0
202600209FT01060201322005,배,기본조사,관찰포,2026,5,잎검은점병(피해잎율),충청북도,0.0
202600209FT01060201322005,배,기본조사,관찰포,2026,5,겹무늬병(피해과율),충청북도,0.0
202600209FT01060201322005,배,기본조사,관찰포,2026,5,복숭아순나방(피해신초율),충청북도,0.0
202600209FT01060201322005,배,기본조사,관찰포,2026,5,응애류(밀도),충청북도,0.0
202600209FT01060201322005,배,기본조사,관찰포,2026,5,주경배나무이(밀도),충청북도,0.0
202600209FT01060201322005,배,기본조사,관찰포,2026,5,깍지벌레류(밀도),충청북도,0.0
202600209FT01060201322005,배,기본조사,관찰포,2026,5,복숭아순나방(트랩마리수),충청북도,0.0
202600209FT01060201322005,배,기본조사,관찰포,2026,5,복숭아심식나방(트랩마리수),충청북도,0.0
202600209FT01060201322005,배,기본조사,관찰포,2026,5,사과무늬잎말이나방(트랩마리수),충청북도,0.0
202600209FT01060201322005,배,기본조사,관찰포,2026,5,사과애모무늬잎말이나방(트랩마리수),충청북도,0.0
202600209FT01060201322005,배,기본조사,관찰포,2026,5,붉은별무늬병(피해잎율),충청남도,0.5
202600209FT01060201322005,배,기본조사,관찰포,2026,5,검은별무늬병(피해잎율),충청남도,0.667
202600209FT01060201322005,배,기본조사,관찰포,2026,5,잎검은점병(피해잎율),충청남도,1.667
202600209FT01060201322005,배,기본조사,관찰포,2026,5,겹무늬병(피해과율),충청남도,0.0
202600209FT01060201322005,배,기본조사,관찰포,2026,5,복숭아순나방(피해신초율),충청남도,0.0
202600209FT01060201322005,배,기본조사,관찰포,2026,5,응애류(밀도),충청남도,0.0
202600209FT01060201322005,배,기본조사,관찰포,2026,5,주경배나무이(밀도),충청남도,0.027
202600209FT01060201322005,배,기본조사,관찰포,2026,5,깍지벌레류(밀도),충청남도,0.0
202600209FT01060201322005,배,기본조사,관찰포,2026,5,복숭아순나방(트랩마리수),충청남도,0.0
202600209FT01060201322005,배,기본조사,관찰포,2026,5,복숭아심식나방(트랩마리수),충청남도,0.0
202600209FT01060201322005,배,기본조사,관찰포,2026,5,사과무늬잎말이나방(트랩마리수),충청남도,0.0
202600209FT01060201322005,배,기본조사,관찰포,2026,5,사과애모무늬잎말이나방(트랩마리수),충청남도,0.0
202600209FT01060201322005,배,기본조사,관찰포,2026,5,붉은별무늬병(피해잎율),전북특별자치도,0.0
202600209FT01060201322005,배,기본조사,관찰포,2026,5,검은별무늬병(피해잎율),전북특별자치도,0.0
202600209FT01060201322005,배,기본조사,관찰포,2026,5,잎검은점병(피해잎율),전북특별자치도,0.0
202600209FT01060201322005,배,기본조사,관찰포,2026,5,겹무늬병(피해과율),전북특별자치도,0.0
202600209FT01060201322005,배,기본조사,관찰포,2026,5,복숭아순나방(피해신초율),전북특별자치도,0.0
202600209FT01060201322005,배,기본조사,관찰포,2026,5,응애류(밀도),전북특별자치도,0.0
202600209FT01060201322005,배,기본조사,관찰포,2026,5,주경배나무이(밀도),전북특별자치도,0.0
202600209FT01060201322005,배,기본조사,관찰포,2026,5,깍지벌레류(밀도),전북특별자치도,0.0
202600209FT01060201322005,배,기본조사,관찰포,2026,5,복숭아순나방(트랩마리수),전북특별자치도,0.0
202600209FT01060201322005,배,기본조사,관찰포,2026,5,복숭아심식나방(트랩마리수),전북특별자치도,0.0
202600209FT01060201322005,배,기본조사,관찰포,2026,5,사과무늬잎말이나방(트랩마리수),전북특별자치도,0.0
202600209FT01060201322005,배,기본조사,관찰포,2026,5,사과애모무늬잎말이나방(트랩마리수),전북특별자치도,0.0
202600209FT01060201322005,배,기본조사,관찰포,2026,5,붉은별무늬병(피해잎율),전남광주통합특별시,3.429
202600209FT01060201322005,배,기본조사,관찰포,2026,5,검은별무늬병(피해잎율),전남광주통합특별시,0.0
202600209FT01060201322005,배,기본조사,관찰포,2026,5,잎검은점병(피해잎율),전남광주통합특별시,1.657
202600209FT01060201322005,배,기본조사,관찰포,2026,5,겹무늬병(피해과율),전남광주통합특별시,0.0
202600209FT01060201322005,배,기본조사,관찰포,2026,5,복숭아순나방(피해신초율),전남광주통합특별시,0.179
202600209FT01060201322005,배,기본조사,관찰포,2026,5,응애류(밀도),전남광주통합특별시,0.357
202600209FT01060201322005,배,기본조사,관찰포,2026,5,주경배나무이(밀도),전남광주통합특별시,0.043
202600209FT01060201322005,배,기본조사,관찰포,2026,5,깍지벌레류(밀도),전남광주통합특별시,0.964
202600209FT01060201322005,배,기본조사,관찰포,2026,5,복숭아순나방(트랩마리수),전남광주통합특별시,0.0
202600209FT01060201322005,배,기본조사,관찰포,2026,5,복숭아심식나방(트랩마리수),전남광주통합특별시,0.0
202600209FT01060201322005,배,기본조사,관찰포,2026,5,사과무늬잎말이나방(트랩마리수),전남광주통합특별시,0.0
202600209FT01060201322005,배,기본조사,관찰포,2026,5,사과애모무늬잎말이나방(트랩마리수),전남광주통합특별시,0.0
202600209FT01060201322005,배,기본조사,관찰포,2026,5,붉은별무늬병(피해잎율),경상북도,0.0
202600209FT01060201322005,배,기본조사,관찰포,2026,5,검은별무늬병(피해잎율),경상북도,0.25
202600209FT01060201322005,배,기본조사,관찰포,2026,5,잎검은점병(피해잎율),경상북도,0.15
202600209FT01060201322005,배,기본조사,관찰포,2026,5,겹무늬병(피해과율),경상북도,0.4
202600209FT01060201322005,배,기본조사,관찰포,2026,5,복숭아순나방(피해신초율),경상북도,1.5
202600209FT01060201322005,배,기본조사,관찰포,2026,5,응애류(밀도),경상북도,0.01
202600209FT01060201322005,배,기본조사,관찰포,2026,5,주경배나무이(밀도),경상북도,0.02
202600209FT01060201322005,배,기본조사,관찰포,2026,5,깍지벌레류(밀도),경상북도,0.08
202600209FT01060201322005,배,기본조사,관찰포,2026,5,복숭아순나방(트랩마리수),경상북도,2.6
202600209FT01060201322005,배,기본조사,관찰포,2026,5,복숭아심식나방(트랩마리수),경상북도,10.5
202600209FT01060201322005,배,기본조사,관찰포,2026,5,사과무늬잎말이나방(트랩마리수),경상북도,0.3
202600209FT01060201322005,배,기본조사,관찰포,2026,5,사과애모무늬잎말이나방(트랩마리수),경상북도,0.4
202600209FT01060201322005,배,기본조사,관찰포,2026,5,붉은별무늬병(피해잎율),경상남도,3.167
202600209FT01060201322005,배,기본조사,관찰포,2026,5,검은별무늬병(피해잎율),경상남도,1.333
202600209FT01060201322005,배,기본조사,관찰포,2026,5,잎검은점병(피해잎율),경상남도,1.167
202600209FT01060201322005,배,기본조사,관찰포,2026,5,겹무늬병(피해과율),경상남도,0.0
202600209FT01060201322005,배,기본조사,관찰포,2026,5,복숭아순나방(피해신초율),경상남도,1.333
202600209FT01060201322005,배,기본조사,관찰포,2026,5,응애류(밀도),경상남도,0.007
202600209FT01060201322005,배,기본조사,관찰포,2026,5,주경배나무이(밀도),경상남도,0.0
202600209FT01060201322005,배,기본조사,관찰포,2026,5,깍지벌레류(밀도),경상남도,0.067
202600209FT01060201322005,배,기본조사,관찰포,2026,5,복숭아순나방(트랩마리수),경상남도,0.0
202600209FT01060201322005,배,기본조사,관찰포,2026,5,복숭아심식나방(트랩마리수),경상남도,0.0
202600209FT01060201322005,배,기본조사,관찰포,2026,5,사과무늬잎말이나방(트랩마리수),경상남도,0.0
202600209FT01060201322005,배,기본조사,관찰포,2026,5,사과애모무늬잎말이나방(트랩마리수),경상남도,0.0
202600209FT02060401322005,복숭아,기본조사,관찰포,2026,5,세균구멍병(피해잎율),경기도,0.2
202600209FT02060401322005,복숭아,기본조사,관찰포,2026,5,탄저병(피해과율),경기도,0.0
202600209FT02060401322005,복숭아,기본조사,관찰포,2026,5,잎오갈병(피해잎율),경기도,0.0
202600209FT02060401322005,복숭아,기본조사,관찰포,2026,5,복숭아심식나방(피해과율),경기도,0.0
202600209FT02060401322005,복숭아,기본조사,관찰포,2026,5,복숭아순나방(피해신초율),경기도,0.8
202600209FT02060401322005,복숭아,기본조사,관찰포,2026,5,세균구멍병(피해잎율),강원특별자치도,5.1
202600209FT02060401322005,복숭아,기본조사,관찰포,2026,5,탄저병(피해과율),강원특별자치도,0.0
202600209FT02060401322005,복숭아,기본조사,관찰포,2026,5,잎오갈병(피해잎율),강원특별자치도,0.0
202600209FT02060401322005,복숭아,기본조사,관찰포,2026,5,복숭아심식나방(피해과율),강원특별자치도,0.0
202600209FT02060401322005,복숭아,기본조사,관찰포,2026,5,복숭아순나방(피해신초율),강원특별자치도,0.3
202600209FT02060401322005,복숭아,기본조사,관찰포,2026,5,세균구멍병(피해잎율),충청북도,0.333
202600209FT02060401322005,복숭아,기본조사,관찰포,2026,5,탄저병(피해과율),충청북도,0.0
202600209FT02060401322005,복숭아,기본조사,관찰포,2026,5,잎오갈병(피해잎율),충청북도,0.0
202600209FT02060401322005,복숭아,기본조사,관찰포,2026,5,복숭아심식나방(피해과율),충청북도,0.047
202600209FT02060401322005,복숭아,기본조사,관찰포,2026,5,복숭아순나방(피해신초율),충청북도,0.933
202600209FT02060401322005,복숭아,기본조사,관찰포,2026,5,세균구멍병(피해잎율),충청남도,0.0
202600209FT02060401322005,복숭아,기본조사,관찰포,2026,5,탄저병(피해과율),충청남도,0.0
202600209FT02060401322005,복숭아,기본조사,관찰포,2026,5,잎오갈병(피해잎율),충청남도,0.0
202600209FT02060401322005,복숭아,기본조사,관찰포,2026,5,복숭아심식나방(피해과율),충청남도,0.0
202600209FT02060401322005,복숭아,기본조사,관찰포,2026,5,복숭아순나방(피해신초율),충청남도,0.0
202600209FT02060401322005,복숭아,기본조사,관찰포,2026,5,세균구멍병(피해잎율),전북특별자치도,3.6
202600209FT02060401322005,복숭아,기본조사,관찰포,2026,5,탄저병(피해과율),전북특별자치도,0.0
202600209FT02060401322005,복숭아,기본조사,관찰포,2026,5,잎오갈병(피해잎율),전북특별자치도,0.0
202600209FT02060401322005,복숭아,기본조사,관찰포,2026,5,복숭아심식나방(피해과율),전북특별자치도,1.433
202600209FT02060401322005,복숭아,기본조사,관찰포,2026,5,복숭아순나방(피해신초율),전북특별자치도,4.267
202600209FT02060401322005,복숭아,기본조사,관찰포,2026,5,세균구멍병(피해잎율),전남광주통합특별시,1.4
202600209FT02060401322005,복숭아,기본조사,관찰포,2026,5,탄저병(피해과율),전남광주통합특별시,0.09
202600209FT02060401322005,복숭아,기본조사,관찰포,2026,5,잎오갈병(피해잎율),전남광주통합특별시,0.0
202600209FT02060401322005,복숭아,기본조사,관찰포,2026,5,복숭아심식나방(피해과율),전남광주통합특별시,0.01
202600209FT02060401322005,복숭아,기본조사,관찰포,2026,5,복숭아순나방(피해신초율),전남광주통합특별시,1.3
202600209FT02060401322005,복숭아,기본조사,관찰포,2026,5,세균구멍병(피해잎율),경상북도,1.04
202600209FT02060401322005,복숭아,기본조사,관찰포,2026,5,탄저병(피해과율),경상북도,0.02
202600209FT02060401322005,복숭아,기본조사,관찰포,2026,5,잎오갈병(피해잎율),경상북도,0.0
202600209FT02060401322005,복숭아,기본조사,관찰포,2026,5,복숭아심식나방(피해과율),경상북도,0.168
202600209FT02060401322005,복숭아,기본조사,관찰포,2026,5,복숭아순나방(피해신초율),경상북도,1.52
202600209FT02060401322005,복숭아,기본조사,관찰포,2026,5,세균구멍병(피해잎율),경상남도,2.6
202600209FT02060401322005,복숭아,기본조사,관찰포,2026,5,탄저병(피해과율),경상남도,0.0
202600209FT02060401322005,복숭아,기본조사,관찰포,2026,5,잎오갈병(피해잎율),경상남도,0.0
202600209FT02060401322005,복숭아,기본조사,관찰포,2026,5,복숭아심식나방(피해과율),경상남도,0.0
202600209FT02060401322005,복숭아,기본조사,관찰포,2026,5,복숭아순나방(피해신초율),경상남도,1.6
202600209FT04060301306006,포도,기본조사,관찰포,2026,6,갈색무늬병(피해잎율),대전광역시,0.0
202600209FT04060301306006,포도,기본조사,관찰포,2026,6,노균병(피해잎율),대전광역시,0.0
202600209FT04060301306006,포도,기본조사,관찰포,2026,6,꽃매미(밀도),대전광역시,0.0
202600209FT04060301306006,포도,기본조사,관찰포,2026,6,갈색무늬병(피해잎율),경기도,2.267
202600209FT04060301306006,포도,기본조사,관찰포,2026,6,노균병(피해잎율),경기도,0.0
202600209FT04060301306006,포도,기본조사,관찰포,2026,6,꽃매미(밀도),경기도,0.193
202600209FT04060301306006,포도,기본조사,관찰포,2026,6,갈색무늬병(피해잎율),충청북도,0.0
202600209FT04060301306006,포도,기본조사,관찰포,2026,6,노균병(피해잎율),충청북도,0.0
202600209FT04060301306006,포도,기본조사,관찰포,2026,6,꽃매미(밀도),충청북도,0.0
202600209FT04060301306006,포도,기본조사,관찰포,2026,6,갈색무늬병(피해잎율),충청남도,0.0
202600209FT04060301306006,포도,기본조사,관찰포,2026,6,노균병(피해잎율),충청남도,1.667
202600209FT04060301306006,포도,기본조사,관찰포,2026,6,꽃매미(밀도),충청남도,0.167
202600209FT04060301306006,포도,기본조사,관찰포,2026,6,갈색무늬병(피해잎율),전북특별자치도,0.0
202600209FT04060301306006,포도,기본조사,관찰포,2026,6,노균병(피해잎율),전북특별자치도,0.0
202600209FT04060301306006,포도,기본조사,관찰포,2026,6,꽃매미(밀도),전북특별자치도,0.0
202600209FT04060301306006,포도,기본조사,관찰포,2026,6,갈색무늬병(피해잎율),전남광주통합특별시,0.0
202600209FT04060301306006,포도,기본조사,관찰포,2026,6,노균병(피해잎율),전남광주통합특별시,0.0
202600209FT04060301306006,포도,기본조사,관찰포,2026,6,꽃매미(밀도),전남광주통합특별시,0.0
202600209FT04060301306006,포도,기본조사,관찰포,2026,6,갈색무늬병(피해잎율),경상북도,2.4
202600209FT04060301306006,포도,기본조사,관찰포,2026,6,노균병(피해잎율),경상북도,1.36
202600209FT04060301306006,포도,기본조사,관찰포,2026,6,꽃매미(밀도),경상북도,0.232
202600209FT04060301306006,포도,기본조사,관찰포,2026,6,갈색무늬병(피해잎율),경상남도,0.35
202600209FT04060301306006,포도,기본조사,관찰포,2026,6,노균병(피해잎율),경상남도,0.37
202600209FT04060301306006,포도,기본조사,관찰포,2026,6,꽃매미(밀도),경상남도,0.0
202600209FT06060501322005,감,기본조사,관찰포,2026,5,탄저병(피해과율),전남광주통합특별시,0.0
202600209FT06060501322005,감,기본조사,관찰포,2026,5,둥근무늬낙엽병(피해잎율),전남광주통합특별시,0.069
202600209FT06060501322005,감,기본조사,관찰포,2026,5,흰가루병(피해잎율),전남광주통합특별시,0.697
202600209FT06060501322005,감,기본조사,관찰포,2026,5,깍지벌레류(밀도),전남광주통합특별시,0.123
202600209FT06060501322005,감,기본조사,관찰포,2026,5,감꼭지나방(피해과율),전남광주통합특별시,0.0
202600209FT06060501322005,감,기본조사,관찰포,2026,5,노린재류(피해과율),전남광주통합특별시,0.051
202600209FT06060501322005,감,기본조사,관찰포,2026,5,모무늬낙엽병(피해잎율),전남광주통합특별시,0.0
202600209FT06060501322005,감,기본조사,관찰포,2026,5,매점병(피해과율),전남광주통합특별시,0.229
202600209FT06060501322005,감,기본조사,관찰포,2026,5,탄저병(피해과율),경상북도,0.16
202600209FT06060501322005,감,기본조사,관찰포,2026,5,둥근무늬낙엽병(피해잎율),경상북도,0.32
202600209FT06060501322005,감,기본조사,관찰포,2026,5,흰가루병(피해잎율),경상북도,0.6
202600209FT06060501322005,감,기본조사,관찰포,2026,5,깍지벌레류(밀도),경상북도,0.29
202600209FT06060501322005,감,기본조사,관찰포,2026,5,감꼭지나방(피해과율),경상북도,0.02
202600209FT06060501322005,감,기본조사,관찰포,2026,5,노린재류(피해과율),경상북도,0.54
202600209FT06060501322005,감,기본조사,관찰포,2026,5,모무늬낙엽병(피해잎율),경상북도,0.0
202600209FT06060501322005,감,기본조사,관찰포,2026,5,매점병(피해과율),경상북도,0.0
202600209FT06060501322005,감,기본조사,관찰포,2026,5,탄저병(피해과율),경상남도,0.0
202600209FT06060501322005,감,기본조사,관찰포,2026,5,둥근무늬낙엽병(피해잎율),경상남도,0.0
202600209FT06060501322005,감,기본조사,관찰포,2026,5,흰가루병(피해잎율),경상남도,0.0
202600209FT06060501322005,감,기본조사,관찰포,2026,5,깍지벌레류(밀도),경상남도,0.069
202600209FT06060501322005,감,기본조사,관찰포,2026,5,감꼭지나방(피해과율),경상남도,0.057
202600209FT06060501322005,감,기본조사,관찰포,2026,5,노린재류(피해과율),경상남도,0.111
202600209FT06060501322005,감,기본조사,관찰포,2026,5,모무늬낙엽병(피해잎율),경상남도,0.0
202600209FT06060501322005,감,기본조사,관찰포,2026,5,매점병(피해과율),경상남도,0.0
202600209FT06061401322005,감귤,기본조사,관찰포,2026,5,더뎅이병(피해주율),제주특별자치도,0.571
202600209FT06061401322005,감귤,기본조사,관찰포,2026,5,궤양병(피해주율),제주특별자치도,0.667
202600209FT06061401322005,감귤,기본조사,관찰포,2026,5,검은점무늬병(피해과율),제주특별자치도,0.0
202600209FT06061401322005,감귤,기본조사,관찰포,2026,5,역병(피해과율),제주특별자치도,0.0
202600209FT06061401322005,감귤,기본조사,관찰포,2026,5,볼록총채벌레(밀도),제주특별자치도,0.0
202600209FT06061401322005,감귤,기본조사,관찰포,2026,5,귤응애(밀도),제주특별자치도,0.019
202600209FT06061401322005,감귤,기본조사,관찰포,2026,5,볼록총채벌레(트랩마리수),제주특별자치도,97.762
202600209FT06061401322005,감귤,기본조사,관찰포,2026,5,깍지벌레(트랩마리수),제주특별자치도,0.0
202600209FT06061401322005,감귤,기본조사,관찰포,2026,5,귤굴나방(밀도),제주특별자치도,0.019
202600209FT06061401322005,감귤,기본조사,관찰포,2026,5,진딧물류(밀도),제주특별자치도,0.043
202600209VC01120501320003,고추,노지고추,관찰포,2026,3,노지고추 - 역병(피해주율),대구광역시,0.0
202600209VC01120501320003,고추,노지고추,관찰포,2026,3,노지고추 - 탄저병(피해과율),대구광역시,0.0
202600209VC01120501320003,고추,노지고추,관찰포,2026,3,노지고추 - 풋마름병(피해주율),대구광역시,0.0
202600209VC01120501320003,고추,노지고추,관찰포,2026,3,노지고추 - 세균점무늬병(피해주율),대구광역시,0.0
202600209VC01120501320003,고추,노지고추,관찰포,2026,3,노지고추 - 무름병(피해과율),대구광역시,0.0
202600209VC01120501320003,고추,노지고추,관찰포,2026,3,노지고추 - 담배나방(피해과율),대구광역시,0.0
202600209VC01120501320003,고추,노지고추,관찰포,2026,3,노지고추 - 진딧물류(밀도),대구광역시,0.0
202600209VC01120501320003,고추,노지고추,관찰포,2026,3,노지고추 - 총채벌레류(밀도),대구광역시,0.0
202600209VC01120501320003,고추,노지고추,관찰포,2026,3,노지고추 - 역병(피해주율),경기도,0.0
202600209VC01120501320003,고추,노지고추,관찰포,2026,3,노지고추 - 탄저병(피해과율),경기도,0.048
202600209VC01120501320003,고추,노지고추,관찰포,2026,3,노지고추 - 풋마름병(피해주율),경기도,0.0
202600209VC01120501320003,고추,노지고추,관찰포,2026,3,노지고추 - 세균점무늬병(피해주율),경기도,0.0
202600209VC01120501320003,고추,노지고추,관찰포,2026,3,노지고추 - 무름병(피해과율),경기도,0.02
202600209VC01120501320003,고추,노지고추,관찰포,2026,3,노지고추 - 담배나방(피해과율),경기도,0.14
202600209VC01120501320003,고추,노지고추,관찰포,2026,3,노지고추 - 진딧물류(밀도),경기도,1.532
202600209VC01120501320003,고추,노지고추,관찰포,2026,3,노지고추 - 총채벌레류(밀도),경기도,21.796
202600209VC01120501320003,고추,노지고추,관찰포,2026,3,노지고추 - 역병(피해주율),강원특별자치도,0.0
202600209VC01120501320003,고추,노지고추,관찰포,2026,3,노지고추 - 탄저병(피해과율),강원특별자치도,0.0
202600209VC01120501320003,고추,노지고추,관찰포,2026,3,노지고추 - 풋마름병(피해주율),강원특별자치도,0.429
202600209VC01120501320003,고추,노지고추,관찰포,2026,3,노지고추 - 세균점무늬병(피해주율),강원특별자치도,0.0
202600209VC01120501320003,고추,노지고추,관찰포,2026,3,노지고추 - 무름병(피해과율),강원특별자치도,0.0
202600209VC01120501320003,고추,노지고추,관찰포,2026,3,노지고추 - 담배나방(피해과율),강원특별자치도,1.3
202600209VC01120501320003,고추,노지고추,관찰포,2026,3,노지고추 - 진딧물류(밀도),강원특별자치도,0.18
202600209VC01120501320003,고추,노지고추,관찰포,2026,3,노지고추 - 총채벌레류(밀도),강원특별자치도,1.043
202600209VC01120501320003,고추,노지고추,관찰포,2026,3,노지고추 - 역병(피해주율),충청북도,0.0
202600209VC01120501320003,고추,노지고추,관찰포,2026,3,노지고추 - 탄저병(피해과율),충청북도,0.091
202600209VC01120501320003,고추,노지고추,관찰포,2026,3,노지고추 - 풋마름병(피해주율),충청북도,1.545
202600209VC01120501320003,고추,노지고추,관찰포,2026,3,노지고추 - 세균점무늬병(피해주율),충청북도,0.0
202600209VC01120501320003,고추,노지고추,관찰포,2026,3,노지고추 - 무름병(피해과율),충청북도,0.122
202600209VC01120501320003,고추,노지고추,관찰포,2026,3,노지고추 - 담배나방(피해과율),충청북도,2.365
202600209VC01120501320003,고추,노지고추,관찰포,2026,3,노지고추 - 진딧물류(밀도),충청북도,0.005
202600209VC01120501320003,고추,노지고추,관찰포,2026,3,노지고추 - 총채벌레류(밀도),충청북도,0.542
202600209VC01120501320003,고추,노지고추,관찰포,2026,3,노지고추 - 역병(피해주율),충청남도,0.0
202600209VC01120501320003,고추,노지고추,관찰포,2026,3,노지고추 - 탄저병(피해과율),충청남도,0.128
202600209VC01120501320003,고추,노지고추,관찰포,2026,3,노지고추 - 풋마름병(피해주율),충청남도,0.0
202600209VC01120501320003,고추,노지고추,관찰포,2026,3,노지고추 - 세균점무늬병(피해주율),충청남도,0.0
202600209VC01120501320003,고추,노지고추,관찰포,2026,3,노지고추 - 무름병(피해과율),충청남도,0.0
202600209VC01120501320003,고추,노지고추,관찰포,2026,3,노지고추 - 담배나방(피해과율),충청남도,10.008
202600209VC01120501320003,고추,노지고추,관찰포,2026,3,노지고추 - 진딧물류(밀도),충청남도,0.351
202600209VC01120501320003,고추,노지고추,관찰포,2026,3,노지고추 - 총채벌레류(밀도),충청남도,6.01
202600209VC01120501320003,고추,노지고추,관찰포,2026,3,노지고추 - 역병(피해주율),전북특별자치도,1.429
202600209VC01120501320003,고추,노지고추,관찰포,2026,3,노지고추 - 탄저병(피해과율),전북특별자치도,0.714
202600209VC01120501320003,고추,노지고추,관찰포,2026,3,노지고추 - 풋마름병(피해주율),전북특별자치도,0.429
202600209VC01120501320003,고추,노지고추,관찰포,2026,3,노지고추 - 세균점무늬병(피해주율),전북특별자치도,0.857
202600209VC01120501320003,고추,노지고추,관찰포,2026,3,노지고추 - 무름병(피해과율),전북특별자치도,0.0
202600209VC01120501320003,고추,노지고추,관찰포,2026,3,노지고추 - 담배나방(피해과율),전북특별자치도,1.523
202600209VC01120501320003,고추,노지고추,관찰포,2026,3,노지고추 - 진딧물류(밀도),전북특별자치도,0.017
202600209VC01120501320003,고추,노지고추,관찰포,2026,3,노지고추 - 총채벌레류(밀도),전북특별자치도,0.063
202600209VC01120501320003,고추,노지고추,관찰포,2026,3,노지고추 - 역병(피해주율),전남광주통합특별시,0.182
202600209VC01120501320003,고추,노지고추,관찰포,2026,3,노지고추 - 탄저병(피해과율),전남광주통합특별시,0.547
202600209VC01120501320003,고추,노지고추,관찰포,2026,3,노지고추 - 풋마름병(피해주율),전남광주통합특별시,0.273
202600209VC01120501320003,고추,노지고추,관찰포,2026,3,노지고추 - 세균점무늬병(피해주율),전남광주통합특별시,0.0
202600209VC01120501320003,고추,노지고추,관찰포,2026,3,노지고추 - 무름병(피해과율),전남광주통합특별시,0.0
202600209VC01120501320003,고추,노지고추,관찰포,2026,3,노지고추 - 담배나방(피해과율),전남광주통합특별시,5.067
202600209VC01120501320003,고추,노지고추,관찰포,2026,3,노지고추 - 진딧물류(밀도),전남광주통합특별시,0.595
202600209VC01120501320003,고추,노지고추,관찰포,2026,3,노지고추 - 총채벌레류(밀도),전남광주통합특별시,14.647
202600209VC01120501320003,고추,노지고추,관찰포,2026,3,노지고추 - 역병(피해주율),경상북도,0.0
202600209VC01120501320003,고추,노지고추,관찰포,2026,3,노지고추 - 탄저병(피해과율),경상북도,0.059
202600209VC01120501320003,고추,노지고추,관찰포,2026,3,노지고추 - 풋마름병(피해주율),경상북도,0.0
202600209VC01120501320003,고추,노지고추,관찰포,2026,3,노지고추 - 세균점무늬병(피해주율),경상북도,0.0
202600209VC01120501320003,고추,노지고추,관찰포,2026,3,노지고추 - 무름병(피해과율),경상북도,0.206
202600209VC01120501320003,고추,노지고추,관찰포,2026,3,노지고추 - 담배나방(피해과율),경상북도,0.756
202600209VC01120501320003,고추,노지고추,관찰포,2026,3,노지고추 - 진딧물류(밀도),경상북도,0.118
202600209VC01120501320003,고추,노지고추,관찰포,2026,3,노지고추 - 총채벌레류(밀도),경상북도,1.537
202600209VC01120501320003,고추,노지고추,관찰포,2026,3,노지고추 - 역병(피해주율),경상남도,0.0
202600209VC01120501320003,고추,노지고추,관찰포,2026,3,노지고추 - 탄저병(피해과율),경상남도,0.0
202600209VC01120501320003,고추,노지고추,관찰포,2026,3,노지고추 - 풋마름병(피해주율),경상남도,0.0
202600209VC01120501320003,고추,노지고추,관찰포,2026,3,노지고추 - 세균점무늬병(피해주율),경상남도,0.0
202600209VC01120501320003,고추,노지고추,관찰포,2026,3,노지고추 - 무름병(피해과율),경상남도,0.0
202600209VC01120501320003,고추,노지고추,관찰포,2026,3,노지고추 - 담배나방(피해과율),경상남도,0.0
202600209VC01120501320003,고추,노지고추,관찰포,2026,3,노지고추 - 진딧물류(밀도),경상남도,0.0
202600209VC01120501320003,고추,노지고추,관찰포,2026,3,노지고추 - 총채벌레류(밀도),경상남도,0.0
202600209VC02100101345002,배추,여름배추,관찰포,2026,2,여름배추 - 무름병(피해주율),강원특별자치도,0.0
202600209VC02100101345002,배추,여름배추,관찰포,2026,2,여름배추 - 무름병(피해주율),강원특별자치도,0.0
202600209VC02100101345002,배추,여름배추,관찰포,2026,2,여름배추 - 바이러스병(피해주율),강원특별자치도,0.0
202600209VC02100101345002,배추,여름배추,관찰포,2026,2,여름배추 - 바이러스병(피해주율),강원특별자치도,0.0
202600209VC02100101345002,배추,여름배추,관찰포,2026,2,여름배추 - 노균병(피해주율),강원특별자치도,0.0
202600209VC02100101345002,배추,여름배추,관찰포,2026,2,여름배추 - 노균병(피해주율),강원특별자치도,0.0
202600209VC02100101345002,배추,여름배추,관찰포,2026,2,여름배추 - 흰무늬병(피해주율),강원특별자치도,0.0
202600209VC02100101345002,배추,여름배추,관찰포,2026,2,여름배추 - 검은무늬병(피해주율),강원특별자치도,0.0
202600209VC02100101345002,배추,여름배추,관찰포,2026,2,여름배추 - 검은무늬병(피해주율),강원특별자치도,0.0
202600209VC02100101345002,배추,여름배추,관찰포,2026,2,여름배추 - 흰무늬병(피해주율),강원특별자치도,0.0
202600209VC02100101345002,배추,여름배추,관찰포,2026,2,여름배추 - 배추좀나방(피해주율),강원특별자치도,0.0
202600209VC02100101345002,배추,여름배추,관찰포,2026,2,여름배추 - 배추좀나방(피해주율),강원특별자치도,0.0
202600209VC02100101345002,배추,여름배추,관찰포,2026,2,여름배추 - 뿌리마름병(피해주율),강원특별자치도,0.0
202600209VC02100101345002,배추,여름배추,관찰포,2026,2,여름배추 - 뿌리마름병(피해주율),강원특별자치도,0.0
202600209VC02100101345002,배추,여름배추,관찰포,2026,2,여름배추 - 진딧물류(밀도),강원특별자치도,0.0
202600209VC02100101345002,배추,여름배추,관찰포,2026,2,여름배추 - 진딧물류(밀도),강원특별자치도,0.0
202600209VC03110101347002,무,여름무,관찰포,2026,2,여름무 - 무름병(피해주율),강원특별자치도,0.0
202600209VC03110101347002,무,여름무,관찰포,2026,2,여름무 - 무름병(피해주율),강원특별자치도,0.0
202600209VC03110101347002,무,여름무,관찰포,2026,2,여름무 - 뿌리혹병(피해주율),강원특별자치도,0.0
202600209VC03110101347002,무,여름무,관찰포,2026,2,여름무 - 뿌리혹병(피해주율),강원특별자치도,0.0
202600209VC03110101347002,무,여름무,관찰포,2026,2,여름무 - 바이러스병(피해주율),강원특별자치도,0.0
202600209VC03110101347002,무,여름무,관찰포,2026,2,여름무 - 바이러스병(피해주율),강원특별자치도,0.0
202600209VC03110101347002,무,여름무,관찰포,2026,2,여름무 - 검은썩음병(피해주율),강원특별자치도,0.0
202600209VC03110101347002,무,여름무,관찰포,2026,2,여름무 - 검은썩음병(피해주율),강원특별자치도,0.0
202600209VC03110101347002,무,여름무,관찰포,2026,2,여름무 - 노균병(피해주율),강원특별자치도,0.0
202600209VC03110101347002,무,여름무,관찰포,2026,2,여름무 - 노균병(피해주율),강원특별자치도,0.0
202600204FC01010101322002,논벼,기본조사,벼관찰포,2026,2,잎도열병(발생추정면적),부산광역시,0.0
202600204FC01010101322002,논벼,기본조사,벼관찰포,2026,2,잎도열병(감수율),부산광역시,0.0
202600204FC01010101322002,논벼,기본조사,벼관찰포,2026,2,잎도열병(피해율),부산광역시,0.0
202600204FC01010101322002,논벼,기본조사,벼관찰포,2026,2,잎도열병(발생면적율),부산광역시,0.0
202600204FC01010101322002,논벼,기본조사,벼관찰포,2026,2,이삭도열병(발생추정면적),부산광역시,0.0
202600204FC01010101322002,논벼,기본조사,벼관찰포,2026,2,이삭도열병(감수율),부산광역시,0.0
202600204FC01010101322002,논벼,기본조사,벼관찰포,2026,2,이삭도열병(피해율),부산광역시,0.0
202600204FC01010101322002,논벼,기본조사,벼관찰포,2026,2,이삭도열병(발생면적율),부산광역시,0.0
202600204FC01010101322002,논벼,기본조사,벼관찰포,2026,2,세균벼알마름병(발생추정면적),부산광역시,0.0
202600204FC01010101322002,논벼,기본조사,벼관찰포,2026,2,세균벼알마름병(감수율),부산광역시,0.0
202600204FC01010101322002,논벼,기본조사,벼관찰포,2026,2,세균벼알마름병(피해율),부산광역시,0.0
202600204FC01010101322002,논벼,기본조사,벼관찰포,2026,2,세균벼알마름병(발생면적율),부산광역시,0.0
202600204FC01010101322002,논벼,기본조사,벼관찰포,2026,2,흰잎마름병(발생추정면적),부산광역시,0.0
202600204FC01010101322002,논벼,기본조사,벼관찰포,2026,2,흰잎마름병(감수율),부산광역시,0.0
202600204FC01010101322002,논벼,기본조사,벼관찰포,2026,2,흰잎마름병(피해율),부산광역시,0.0
202600204FC01010101322002,논벼,기본조사,벼관찰포,2026,2,흰잎마름병(발생면적율),부산광역시,0.0
202600204FC01010101322002,논벼,기본조사,벼관찰포,2026,2,깨씨무늬병(발생추정면적),부산광역시,0.0
202600204FC01010101322002,논벼,기본조사,벼관찰포,2026,2,깨씨무늬병(감수율),부산광역시,0.0
202600204FC01010101322002,논벼,기본조사,벼관찰포,2026,2,깨씨무늬병(피해율),부산광역시,0.0
202600204FC01010101322002,논벼,기본조사,벼관찰포,2026,2,깨씨무늬병(발생면적율),부산광역시,0.0
202600204FC01010101322002,논벼,기본조사,벼관찰포,2026,2,바이러스병(발생추정면적),부산광역시,0.0
202600204FC01010101322002,논벼,기본조사,벼관찰포,2026,2,바이러스병(감수율),부산광역시,0.0
202600204FC01010101322002,논벼,기본조사,벼관찰포,2026,2,바이러스병(피해율),부산광역시,0.0
202600204FC01010101322002,논벼,기본조사,벼관찰포,2026,2,바이러스병(발생면적율),부산광역시,0.0
202600204FC01010101322002,논벼,기본조사,벼관찰포,2026,2,이화명나방(발생추정면적),부산광역시,0.0
202600204FC01010101322002,논벼,기본조사,벼관찰포,2026,2,이화명나방(감수율),부산광역시,0.0
202600204FC01010101322002,논벼,기본조사,벼관찰포,2026,2,이화명나방(피해율),부산광역시,0.0
202600204FC01010101322002,논벼,기본조사,벼관찰포,2026,2,이화명나방(발생면적율),부산광역시,0.0
202600204FC01010101322002,논벼,기본조사,벼관찰포,2026,2,혹명나방(발생추정면적),부산광역시,0.0
202600204FC01010101322002,논벼,기본조사,벼관찰포,2026,2,혹명나방(감수율),부산광역시,0.0
202600204FC01010101322002,논벼,기본조사,벼관찰포,2026,2,혹명나방(피해율),부산광역시,0.0
202600204FC01010101322002,논벼,기본조사,벼관찰포,2026,2,혹명나방(발생면적율),부산광역시,0.0
202600204FC01010101322002,논벼,기본조사,벼관찰포,2026,2,먹노린재(발생추정면적),부산광역시,0.0
202600204FC01010101322002,논벼,기본조사,벼관찰포,2026,2,먹노린재(감수율),부산광역시,0.0
202600204FC01010101322002,논벼,기본조사,벼관찰포,2026,2,먹노린재(피해율),부산광역시,0.0
202600204FC01010101322002,논벼,기본조사,벼관찰포,2026,2,먹노린재(발생면적율),부산광역시,0.0
202600204FC01010101322002,논벼,기본조사,벼관찰포,2026,2,벼멸구(발생추정면적),부산광역시,0.0
202600204FC01010101322002,논벼,기본조사,벼관찰포,2026,2,벼멸구(감수율),부산광역시,0.0
202600204FC01010101322002,논벼,기본조사,벼관찰포,2026,2,벼멸구(피해율),부산광역시,0.0
202600204FC01010101322002,논벼,기본조사,벼관찰포,2026,2,벼멸구(발생면적율),부산광역시,0.0
202600204FC01010101322002,논벼,기본조사,벼관찰포,2026,2,흰등멸구(발생추정면적),부산광역시,0.0
202600204FC01010101322002,논벼,기본조사,벼관찰포,2026,2,흰등멸구(감수율),부산광역시,0.0
202600204FC01010101322002,논벼,기본조사,벼관찰포,2026,2,흰등멸구(피해율),부산광역시,0.0
202600204FC01010101322002,논벼,기본조사,벼관찰포,2026,2,흰등멸구(발생면적율),부산광역시,0.0
202600204FC01010101322002,논벼,기본조사,벼관찰포,2026,2,잎집무늬마름병(발생추정면적),부산광역시,0.0
202600204FC01010101322002,논벼,기본조사,벼관찰포,2026,2,잎집무늬마름병(감수율),부산광역시,0.0
202600204FC01010101322002,논벼,기본조사,벼관찰포,2026,2,잎집무늬마름병(피해율),부산광역시,0.0
202600204FC01010101322002,논벼,기본조사,벼관찰포,2026,2,잎집무늬마름병(발생면적율),부산광역시,0.0
202600204FC01010101322002,논벼,기본조사,벼관찰포,2026,2,키다리병(발생추정면적),부산광역시,0.0
202600204FC01010101322002,논벼,기본조사,벼관찰포,2026,2,키다리병(감수율),부산광역시,0.0
202600204FC01010101322002,논벼,기본조사,벼관찰포,2026,2,키다리병(피해율),부산광역시,0.0
202600204FC01010101322002,논벼,기본조사,벼관찰포,2026,2,키다리병(발생면적율),부산광역시,0.0
202600204FC01010101322002,논벼,기본조사,벼관찰포,2026,2,이삭누룩병(발생추정면적),부산광역시,0.0
202600204FC01010101322002,논벼,기본조사,벼관찰포,2026,2,이삭누룩병(감수율),부산광역시,0.0
202600204FC01010101322002,논벼,기본조사,벼관찰포,2026,2,이삭누룩병(피해율),부산광역시,0.0
202600204FC01010101322002,논벼,기본조사,벼관찰포,2026,2,이삭누룩병(발생면적율),부산광역시,0.0
202600204FC01010101322002,논벼,기본조사,벼관찰포,2026,2,벼잎벌레(발생추정면적),부산광역시,0.0
202600204FC01010101322002,논벼,기본조사,벼관찰포,2026,2,벼잎벌레(감수율),부산광역시,0.0
202600204FC01010101322002,논벼,기본조사,벼관찰포,2026,2,벼잎벌레(피해율),부산광역시,0.0
202600204FC01010101322002,논벼,기본조사,벼관찰포,2026,2,벼잎벌레(발생면적율),부산광역시,0.0
202600204FC01010101322002,논벼,기본조사,벼관찰포,2026,2,벼애나방(발생추정면적),부산광역시,0.0
202600204FC01010101322002,논벼,기본조사,벼관찰포,2026,2,벼애나방(감수율),부산광역시,0.0
202600204FC01010101322002,논벼,기본조사,벼관찰포,2026,2,벼애나방(피해율),부산광역시,0.0
202600204FC01010101322002,논벼,기본조사,벼관찰포,2026,2,벼애나방(발생면적율),부산광역시,0.0
202600204FC01010101322002,논벼,기본조사,벼관찰포,2026,2,벼애잎굴파리(발생추정면적),부산광역시,0.0
202600204FC01010101322002,논벼,기본조사,벼관찰포,2026,2,벼애잎굴파리(감수율),부산광역시,0.0
202600204FC01010101322002,논벼,기본조사,벼관찰포,2026,2,벼애잎굴파리(피해율),부산광역시,0.0
202600204FC01010101322002,논벼,기본조사,벼관찰포,2026,2,벼애잎굴파리(발생면적율),부산광역시,0.0
202600204FC01010101322002,논벼,기본조사,벼관찰포,2026,2,벼줄기굴파리(발생추정면적),부산광역시,0.0
202600204FC01010101322002,논벼,기본조사,벼관찰포,2026,2,벼줄기굴파리(감수율),부산광역시,0.0
202600204FC01010101322002,논벼,기본조사,벼관찰포,2026,2,벼줄기굴파리(피해율),부산광역시,0.0
202600204FC01010101322002,논벼,기본조사,벼관찰포,2026,2,벼줄기굴파리(발생면적율),부산광역시,0.0
202600204FC01010101322002,논벼,기본조사,벼관찰포,2026,2,벼물바구미(발생추정면적),부산광역시,0.0
202600204FC01010101322002,논벼,기본조사,벼관찰포,2026,2,벼물바구미(감수율),부산광역시,0.0
202600204FC01010101322002,논벼,기본조사,벼관찰포,2026,2,벼물바구미(피해율),부산광역시,0.0
202600204FC01010101322002,논벼,기본조사,벼관찰포,2026,2,벼물바구미(발생면적율),부산광역시,0.0
202600204FC01010101322002,논벼,기본조사,벼관찰포,2026,2,애멸구(발생추정면적),부산광역시,0.0
202600204FC01010101322002,논벼,기본조사,벼관찰포,2026,2,애멸구(감수율),부산광역시,0.0
202600204FC01010101322002,논벼,기본조사,벼관찰포,2026,2,애멸구(피해율),부산광역시,0.0
202600204FC01010101322002,논벼,기본조사,벼관찰포,2026,2,애멸구(발생면적율),부산광역시,0.0
202600204FC01010101322002,논벼,기본조사,벼관찰포,2026,2,끝동매미충(발생추정면적),부산광역시,0.0
202600204FC01010101322002,논벼,기본조사,벼관찰포,2026,2,끝동매미충(감수율),부산광역시,0.0
202600204FC01010101322002,논벼,기본조사,벼관찰포,2026,2,끝동매미충(피해율),부산광역시,0.0
202600204FC01010101322002,논벼,기본조사,벼관찰포,2026,2,끝동매미충(발생면적율),부산광역시,0.0
202600204FC01010101322002,논벼,기본조사,벼관찰포,2026,2,멸강나방(발생추정면적),부산광역시,0.0
202600204FC01010101322002,논벼,기본조사,벼관찰포,2026,2,멸강나방(감수율),부산광역시,0.0
202600204FC01010101322002,논벼,기본조사,벼관찰포,2026,2,멸강나방(피해율),부산광역시,0.0
202600204FC01010101322002,논벼,기본조사,벼관찰포,2026,2,멸강나방(발생면적율),부산광역시,0.0
202600204FC01010101322002,논벼,기본조사,벼관찰포,2026,2,벼잎선충(발생추정면적),부산광역시,0.0
202600204FC01010101322002,논벼,기본조사,벼관찰포,2026,2,벼잎선충(감수율),부산광역시,0.0
202600204FC01010101322002,논벼,기본조사,벼관찰포,2026,2,벼잎선충(피해율),부산광역시,0.0
202600204FC01010101322002,논벼,기본조사,벼관찰포,2026,2,벼잎선충(발생면적율),부산광역시,0.0
202600204FC01010101322002,논벼,기본조사,벼관찰포,2026,2,잎도열병(발생추정면적),대구광역시,0.0
202600204FC01010101322002,논벼,기본조사,벼관찰포,2026,2,잎도열병(감수율),대구광역시,0.0
202600204FC01010101322002,논벼,기본조사,벼관찰포,2026,2,잎도열병(피해율),대구광역시,0.0
202600204FC01010101322002,논벼,기본조사,벼관찰포,2026,2,잎도열병(발생면적율),대구광역시,0.0
202600204FC01010101322002,논벼,기본조사,벼관찰포,2026,2,이삭도열병(발생추정면적),대구광역시,0.0
202600204FC01010101322002,논벼,기본조사,벼관찰포,2026,2,이삭도열병(감수율),대구광역시,0.0
202600204FC01010101322002,논벼,기본조사,벼관찰포,2026,2,이삭도열병(피해율),대구광역시,0.0
202600204FC01010101322002,논벼,기본조사,벼관찰포,2026,2,이삭도열병(발생면적율),대구광역시,0.0
202600204FC01010101322002,논벼,기본조사,벼관찰포,2026,2,세균벼알마름병(발생추정면적),대구광역시,0.0
202600204FC01010101322002,논벼,기본조사,벼관찰포,2026,2,세균벼알마름병(감수율),대구광역시,0.0
202600204FC01010101322002,논벼,기본조사,벼관찰포,2026,2,세균벼알마름병(피해율),대구광역시,0.0
202600204FC01010101322002,논벼,기본조사,벼관찰포,2026,2,세균벼알마름병(발생면적율),대구광역시,0.0
202600204FC01010101322002,논벼,기본조사,벼관찰포,2026,2,흰잎마름병(발생추정면적),대구광역시,0.0
202600204FC01010101322002,논벼,기본조사,벼관찰포,2026,2,흰잎마름병(감수율),대구광역시,0.0
202600204FC01010101322002,논벼,기본조사,벼관찰포,2026,2,흰잎마름병(피해율),대구광역시,0.0
202600204FC01010101322002,논벼,기본조사,벼관찰포,2026,2,흰잎마름병(발생면적율),대구광역시,0.0
202600204FC01010101322002,논벼,기본조사,벼관찰포,2026,2,깨씨무늬병(발생추정면적),대구광역시,0.0
202600204FC01010101322002,논벼,기본조사,벼관찰포,2026,2,깨씨무늬병(감수율),대구광역시,0.0
202600204FC01010101322002,논벼,기본조사,벼관찰포,2026,2,깨씨무늬병(피해율),대구광역시,0.0
202600204FC01010101322002,논벼,기본조사,벼관찰포,2026,2,깨씨무늬병(발생면적율),대구광역시,0.0
202600204FC01010101322002,논벼,기본조사,벼관찰포,2026,2,바이러스병(발생추정면적),대구광역시,0.0
202600204FC01010101322002,논벼,기본조사,벼관찰포,2026,2,바이러스병(감수율),대구광역시,0.0
202600204FC01010101322002,논벼,기본조사,벼관찰포,2026,2,바이러스병(피해율),대구광역시,0.0
202600204FC01010101322002,논벼,기본조사,벼관찰포,2026,2,바이러스병(발생면적율),대구광역시,0.0
202600204FC01010101322002,논벼,기본조사,벼관찰포,2026,2,이화명나방(발생추정면적),대구광역시,0.0
202600204FC01010101322002,논벼,기본조사,벼관찰포,2026,2,이화명나방(감수율),대구광역시,0.0
202600204FC01010101322002,논벼,기본조사,벼관찰포,2026,2,이화명나방(피해율),대구광역시,0.0
202600204FC01010101322002,논벼,기본조사,벼관찰포,2026,2,이화명나방(발생면적율),대구광역시,0.0
202600204FC01010101322002,논벼,기본조사,벼관찰포,2026,2,혹명나방(발생추정면적),대구광역시,0.0
202600204FC01010101322002,논벼,기본조사,벼관찰포,2026,2,혹명나방(감수율),대구광역시,0.0
202600204FC01010101322002,논벼,기본조사,벼관찰포,2026,2,혹명나방(피해율),대구광역시,0.0
202600204FC01010101322002,논벼,기본조사,벼관찰포,2026,2,혹명나방(발생면적율),대구광역시,0.0
202600204FC01010101322002,논벼,기본조사,벼관찰포,2026,2,먹노린재(발생추정면적),대구광역시,0.0
202600204FC01010101322002,논벼,기본조사,벼관찰포,2026,2,먹노린재(감수율),대구광역시,0.0
202600204FC01010101322002,논벼,기본조사,벼관찰포,2026,2,먹노린재(피해율),대구광역시,0.0
202600204FC01010101322002,논벼,기본조사,벼관찰포,2026,2,먹노린재(발생면적율),대구광역시,0.0
202600204FC01010101322002,논벼,기본조사,벼관찰포,2026,2,벼멸구(발생추정면적),대구광역시,0.0
202600204FC01010101322002,논벼,기본조사,벼관찰포,2026,2,벼멸구(감수율),대구광역시,0.0
202600204FC01010101322002,논벼,기본조사,벼관찰포,2026,2,벼멸구(피해율),대구광역시,0.0
202600204FC01010101322002,논벼,기본조사,벼관찰포,2026,2,벼멸구(발생면적율),대구광역시,0.0
202600204FC01010101322002,논벼,기본조사,벼관찰포,2026,2,흰등멸구(발생추정면적),대구광역시,0.0
202600204FC01010101322002,논벼,기본조사,벼관찰포,2026,2,흰등멸구(감수율),대구광역시,0.0
202600204FC01010101322002,논벼,기본조사,벼관찰포,2026,2,흰등멸구(피해율),대구광역시,0.0
202600204FC01010101322002,논벼,기본조사,벼관찰포,2026,2,흰등멸구(발생면적율),대구광역시,0.0
202600204FC01010101322002,논벼,기본조사,벼관찰포,2026,2,잎집무늬마름병(발생추정면적),대구광역시,0.0
202600204FC01010101322002,논벼,기본조사,벼관찰포,2026,2,잎집무늬마름병(감수율),대구광역시,0.0
202600204FC01010101322002,논벼,기본조사,벼관찰포,2026,2,잎집무늬마름병(피해율),대구광역시,0.0
202600204FC01010101322002,논벼,기본조사,벼관찰포,2026,2,잎집무늬마름병(발생면적율),대구광역시,0.0
202600204FC01010101322002,논벼,기본조사,벼관찰포,2026,2,키다리병(발생추정면적),대구광역시,0.0
202600204FC01010101322002,논벼,기본조사,벼관찰포,2026,2,키다리병(감수율),대구광역시,0.0
202600204FC01010101322002,논벼,기본조사,벼관찰포,2026,2,키다리병(피해율),대구광역시,0.0
202600204FC01010101322002,논벼,기본조사,벼관찰포,2026,2,키다리병(발생면적율),대구광역시,0.0
202600204FC01010101322002,논벼,기본조사,벼관찰포,2026,2,이삭누룩병(발생추정면적),대구광역시,0.0
202600204FC01010101322002,논벼,기본조사,벼관찰포,2026,2,이삭누룩병(감수율),대구광역시,0.0
202600204FC01010101322002,논벼,기본조사,벼관찰포,2026,2,이삭누룩병(피해율),대구광역시,0.0
202600204FC01010101322002,논벼,기본조사,벼관찰포,2026,2,이삭누룩병(발생면적율),대구광역시,0.0
202600204FC01010101322002,논벼,기본조사,벼관찰포,2026,2,벼잎벌레(발생추정면적),대구광역시,0.0
202600204FC01010101322002,논벼,기본조사,벼관찰포,2026,2,벼잎벌레(감수율),대구광역시,0.0
202600204FC01010101322002,논벼,기본조사,벼관찰포,2026,2,벼잎벌레(피해율),대구광역시,0.0
202600204FC01010101322002,논벼,기본조사,벼관찰포,2026,2,벼잎벌레(발생면적율),대구광역시,0.0
202600204FC01010101322002,논벼,기본조사,벼관찰포,2026,2,벼애나방(발생추정면적),대구광역시,0.0
202600204FC01010101322002,논벼,기본조사,벼관찰포,2026,2,벼애나방(감수율),대구광역시,0.0
202600204FC01010101322002,논벼,기본조사,벼관찰포,2026,2,벼애나방(피해율),대구광역시,0.0
202600204FC01010101322002,논벼,기본조사,벼관찰포,2026,2,벼애나방(발생면적율),대구광역시,0.0
202600204FC01010101322002,논벼,기본조사,벼관찰포,2026,2,벼애잎굴파리(발생추정면적),대구광역시,0.0
202600204FC01010101322002,논벼,기본조사,벼관찰포,2026,2,벼애잎굴파리(감수율),대구광역시,0.0
202600204FC01010101322002,논벼,기본조사,벼관찰포,2026,2,벼애잎굴파리(피해율),대구광역시,0.0
202600204FC01010101322002,논벼,기본조사,벼관찰포,2026,2,벼애잎굴파리(발생면적율),대구광역시,0.0
202600204FC01010101322002,논벼,기본조사,벼관찰포,2026,2,벼줄기굴파리(발생추정면적),대구광역시,0.0
202600204FC01010101322002,논벼,기본조사,벼관찰포,2026,2,벼줄기굴파리(감수율),대구광역시,0.0
202600204FC01010101322002,논벼,기본조사,벼관찰포,2026,2,벼줄기굴파리(피해율),대구광역시,0.0
202600204FC01010101322002,논벼,기본조사,벼관찰포,2026,2,벼줄기굴파리(발생면적율),대구광역시,0.0
202600204FC01010101322002,논벼,기본조사,벼관찰포,2026,2,벼물바구미(발생추정면적),대구광역시,0.0
202600204FC01010101322002,논벼,기본조사,벼관찰포,2026,2,벼물바구미(감수율),대구광역시,0.0
202600204FC01010101322002,논벼,기본조사,벼관찰포,2026,2,벼물바구미(피해율),대구광역시,0.0
202600204FC01010101322002,논벼,기본조사,벼관찰포,2026,2,벼물바구미(발생면적율),대구광역시,0.0
202600204FC01010101322002,논벼,기본조사,벼관찰포,2026,2,애멸구(발생추정면적),대구광역시,0.0
202600204FC01010101322002,논벼,기본조사,벼관찰포,2026,2,애멸구(감수율),대구광역시,0.0
202600204FC01010101322002,논벼,기본조사,벼관찰포,2026,2,애멸구(피해율),대구광역시,0.0
202600204FC01010101322002,논벼,기본조사,벼관찰포,2026,2,애멸구(발생면적율),대구광역시,0.0
202600204FC01010101322002,논벼,기본조사,벼관찰포,2026,2,끝동매미충(발생추정면적),대구광역시,0.0
202600204FC01010101322002,논벼,기본조사,벼관찰포,2026,2,끝동매미충(감수율),대구광역시,0.0
202600204FC01010101322002,논벼,기본조사,벼관찰포,2026,2,끝동매미충(피해율),대구광역시,0.0
202600204FC01010101322002,논벼,기본조사,벼관찰포,2026,2,끝동매미충(발생면적율),대구광역시,0.0
202600204FC01010101322002,논벼,기본조사,벼관찰포,2026,2,멸강나방(발생추정면적),대구광역시,0.0
202600204FC01010101322002,논벼,기본조사,벼관찰포,2026,2,멸강나방(감수율),대구광역시,0.0
202600204FC01010101322002,논벼,기본조사,벼관찰포,2026,2,멸강나방(피해율),대구광역시,0.0
202600204FC01010101322002,논벼,기본조사,벼관찰포,2026,2,멸강나방(발생면적율),대구광역시,0.0
202600204FC01010101322002,논벼,기본조사,벼관찰포,2026,2,벼잎선충(발생추정면적),대구광역시,0.0
202600204FC01010101322002,논벼,기본조사,벼관찰포,2026,2,벼잎선충(감수율),대구광역시,0.0
202600204FC01010101322002,논벼,기본조사,벼관찰포,2026,2,벼잎선충(피해율),대구광역시,0.0
202600204FC01010101322002,논벼,기본조사,벼관찰포,2026,2,벼잎선충(발생면적율),대구광역시,0.0
202600204FC01010101322002,논벼,기본조사,벼관찰포,2026,2,잎도열병(발생추정면적),인천광역시,0.0
202600204FC01010101322002,논벼,기본조사,벼관찰포,2026,2,잎도열병(감수율),인천광역시,0.0
202600204FC01010101322002,논벼,기본조사,벼관찰포,2026,2,잎도열병(피해율),인천광역시,0.0
202600204FC01010101322002,논벼,기본조사,벼관찰포,2026,2,잎도열병(발생면적율),인천광역시,0.0
202600204FC01010101322002,논벼,기본조사,벼관찰포,2026,2,이삭도열병(발생추정면적),인천광역시,0.0
202600204FC01010101322002,논벼,기본조사,벼관찰포,2026,2,이삭도열병(감수율),인천광역시,0.0
202600204FC01010101322002,논벼,기본조사,벼관찰포,2026,2,이삭도열병(피해율),인천광역시,0.0
202600204FC01010101322002,논벼,기본조사,벼관찰포,2026,2,이삭도열병(발생면적율),인천광역시,0.0
202600204FC01010101322002,논벼,기본조사,벼관찰포,2026,2,세균벼알마름병(발생추정면적),인천광역시,0.0
202600204FC01010101322002,논벼,기본조사,벼관찰포,2026,2,세균벼알마름병(감수율),인천광역시,0.0
202600204FC01010101322002,논벼,기본조사,벼관찰포,2026,2,세균벼알마름병(피해율),인천광역시,0.0
202600204FC01010101322002,논벼,기본조사,벼관찰포,2026,2,세균벼알마름병(발생면적율),인천광역시,0.0
202600204FC01010101322002,논벼,기본조사,벼관찰포,2026,2,흰잎마름병(발생추정면적),인천광역시,0.0
202600204FC01010101322002,논벼,기본조사,벼관찰포,2026,2,흰잎마름병(감수율),인천광역시,0.0
202600204FC01010101322002,논벼,기본조사,벼관찰포,2026,2,흰잎마름병(피해율),인천광역시,0.0
202600204FC01010101322002,논벼,기본조사,벼관찰포,2026,2,흰잎마름병(발생면적율),인천광역시,0.0
202600204FC01010101322002,논벼,기본조사,벼관찰포,2026,2,깨씨무늬병(발생추정면적),인천광역시,0.0
202600204FC01010101322002,논벼,기본조사,벼관찰포,2026,2,깨씨무늬병(감수율),인천광역시,0.0
202600204FC01010101322002,논벼,기본조사,벼관찰포,2026,2,깨씨무늬병(피해율),인천광역시,0.0
202600204FC01010101322002,논벼,기본조사,벼관찰포,2026,2,깨씨무늬병(발생면적율),인천광역시,0.0
202600204FC01010101322002,논벼,기본조사,벼관찰포,2026,2,바이러스병(발생추정면적),인천광역시,0.0
202600204FC01010101322002,논벼,기본조사,벼관찰포,2026,2,바이러스병(감수율),인천광역시,0.0
202600204FC01010101322002,논벼,기본조사,벼관찰포,2026,2,바이러스병(피해율),인천광역시,0.0
202600204FC01010101322002,논벼,기본조사,벼관찰포,2026,2,바이러스병(발생면적율),인천광역시,0.0
202600204FC01010101322002,논벼,기본조사,벼관찰포,2026,2,이화명나방(발생추정면적),인천광역시,0.0
202600204FC01010101322002,논벼,기본조사,벼관찰포,2026,2,이화명나방(감수율),인천광역시,0.0
202600204FC01010101322002,논벼,기본조사,벼관찰포,2026,2,이화명나방(피해율),인천광역시,0.0
202600204FC01010101322002,논벼,기본조사,벼관찰포,2026,2,이화명나방(발생면적율),인천광역시,0.0
202600204FC01010101322002,논벼,기본조사,벼관찰포,2026,2,혹명나방(발생추정면적),인천광역시,0.0
202600204FC01010101322002,논벼,기본조사,벼관찰포,2026,2,혹명나방(감수율),인천광역시,0.0
202600204FC01010101322002,논벼,기본조사,벼관찰포,2026,2,혹명나방(피해율),인천광역시,0.0
202600204FC01010101322002,논벼,기본조사,벼관찰포,2026,2,혹명나방(발생면적율),인천광역시,0.0
202600204FC01010101322002,논벼,기본조사,벼관찰포,2026,2,먹노린재(발생추정면적),인천광역시,0.0
202600204FC01010101322002,논벼,기본조사,벼관찰포,2026,2,먹노린재(감수율),인천광역시,0.0
202600204FC01010101322002,논벼,기본조사,벼관찰포,2026,2,먹노린재(피해율),인천광역시,0.0
202600204FC01010101322002,논벼,기본조사,벼관찰포,2026,2,먹노린재(발생면적율),인천광역시,0.0
202600204FC01010101322002,논벼,기본조사,벼관찰포,2026,2,벼멸구(발생추정면적),인천광역시,0.0
202600204FC01010101322002,논벼,기본조사,벼관찰포,2026,2,벼멸구(감수율),인천광역시,0.0
202600204FC01010101322002,논벼,기본조사,벼관찰포,2026,2,벼멸구(피해율),인천광역시,0.0
202600204FC01010101322002,논벼,기본조사,벼관찰포,2026,2,벼멸구(발생면적율),인천광역시,0.0
202600204FC01010101322002,논벼,기본조사,벼관찰포,2026,2,흰등멸구(발생추정면적),인천광역시,0.0
202600204FC01010101322002,논벼,기본조사,벼관찰포,2026,2,흰등멸구(감수율),인천광역시,0.0
202600204FC01010101322002,논벼,기본조사,벼관찰포,2026,2,흰등멸구(피해율),인천광역시,0.0
202600204FC01010101322002,논벼,기본조사,벼관찰포,2026,2,흰등멸구(발생면적율),인천광역시,0.0
202600204FC01010101322002,논벼,기본조사,벼관찰포,2026,2,잎집무늬마름병(발생추정면적),인천광역시,0.0
202600204FC01010101322002,논벼,기본조사,벼관찰포,2026,2,잎집무늬마름병(감수율),인천광역시,0.0
202600204FC01010101322002,논벼,기본조사,벼관찰포,2026,2,잎집무늬마름병(피해율),인천광역시,0.0
202600204FC01010101322002,논벼,기본조사,벼관찰포,2026,2,잎집무늬마름병(발생면적율),인천광역시,0.0
202600204FC01010101322002,논벼,기본조사,벼관찰포,2026,2,키다리병(발생추정면적),인천광역시,0.0
202600204FC01010101322002,논벼,기본조사,벼관찰포,2026,2,키다리병(감수율),인천광역시,0.0
202600204FC01010101322002,논벼,기본조사,벼관찰포,2026,2,키다리병(피해율),인천광역시,0.0
202600204FC01010101322002,논벼,기본조사,벼관찰포,2026,2,키다리병(발생면적율),인천광역시,0.0
202600204FC01010101322002,논벼,기본조사,벼관찰포,2026,2,이삭누룩병(발생추정면적),인천광역시,0.0
202600204FC01010101322002,논벼,기본조사,벼관찰포,2026,2,이삭누룩병(감수율),인천광역시,0.0
202600204FC01010101322002,논벼,기본조사,벼관찰포,2026,2,이삭누룩병(피해율),인천광역시,0.0
202600204FC01010101322002,논벼,기본조사,벼관찰포,2026,2,이삭누룩병(발생면적율),인천광역시,0.0
202600204FC01010101322002,논벼,기본조사,벼관찰포,2026,2,벼잎벌레(발생추정면적),인천광역시,0.0
202600204FC01010101322002,논벼,기본조사,벼관찰포,2026,2,벼잎벌레(감수율),인천광역시,0.0
202600204FC01010101322002,논벼,기본조사,벼관찰포,2026,2,벼잎벌레(피해율),인천광역시,0.0
202600204FC01010101322002,논벼,기본조사,벼관찰포,2026,2,벼잎벌레(발생면적율),인천광역시,0.0
202600204FC01010101322002,논벼,기본조사,벼관찰포,2026,2,벼애나방(발생추정면적),인천광역시,0.0
202600204FC01010101322002,논벼,기본조사,벼관찰포,2026,2,벼애나방(감수율),인천광역시,0.0
202600204FC01010101322002,논벼,기본조사,벼관찰포,2026,2,벼애나방(피해율),인천광역시,0.0
202600204FC01010101322002,논벼,기본조사,벼관찰포,2026,2,벼애나방(발생면적율),인천광역시,0.0
202600204FC01010101322002,논벼,기본조사,벼관찰포,2026,2,벼애잎굴파리(발생추정면적),인천광역시,0.0
202600204FC01010101322002,논벼,기본조사,벼관찰포,2026,2,벼애잎굴파리(감수율),인천광역시,0.0
202600204FC01010101322002,논벼,기본조사,벼관찰포,2026,2,벼애잎굴파리(피해율),인천광역시,0.0
202600204FC01010101322002,논벼,기본조사,벼관찰포,2026,2,벼애잎굴파리(발생면적율),인천광역시,0.0
202600204FC01010101322002,논벼,기본조사,벼관찰포,2026,2,벼줄기굴파리(발생추정면적),인천광역시,0.0
202600204FC01010101322002,논벼,기본조사,벼관찰포,2026,2,벼줄기굴파리(감수율),인천광역시,0.0
202600204FC01010101322002,논벼,기본조사,벼관찰포,2026,2,벼줄기굴파리(피해율),인천광역시,0.0
202600204FC01010101322002,논벼,기본조사,벼관찰포,2026,2,벼줄기굴파리(발생면적율),인천광역시,0.0
202600204FC01010101322002,논벼,기본조사,벼관찰포,2026,2,벼물바구미(발생추정면적),인천광역시,0.0
202600204FC01010101322002,논벼,기본조사,벼관찰포,2026,2,벼물바구미(감수율),인천광역시,0.0
202600204FC01010101322002,논벼,기본조사,벼관찰포,2026,2,벼물바구미(피해율),인천광역시,0.0
202600204FC01010101322002,논벼,기본조사,벼관찰포,2026,2,벼물바구미(발생면적율),인천광역시,0.0
202600204FC01010101322002,논벼,기본조사,벼관찰포,2026,2,애멸구(발생추정면적),인천광역시,0.0
202600204FC01010101322002,논벼,기본조사,벼관찰포,2026,2,애멸구(감수율),인천광역시,0.0
202600204FC01010101322002,논벼,기본조사,벼관찰포,2026,2,애멸구(피해율),인천광역시,0.0
202600204FC01010101322002,논벼,기본조사,벼관찰포,2026,2,애멸구(발생면적율),인천광역시,0.0
202600204FC01010101322002,논벼,기본조사,벼관찰포,2026,2,끝동매미충(발생추정면적),인천광역시,0.0
202600204FC01010101322002,논벼,기본조사,벼관찰포,2026,2,끝동매미충(감수율),인천광역시,0.0
202600204FC01010101322002,논벼,기본조사,벼관찰포,2026,2,끝동매미충(피해율),인천광역시,0.0
202600204FC01010101322002,논벼,기본조사,벼관찰포,2026,2,끝동매미충(발생면적율),인천광역시,0.0
202600204FC01010101322002,논벼,기본조사,벼관찰포,2026,2,멸강나방(발생추정면적),인천광역시,0.0
202600204FC01010101322002,논벼,기본조사,벼관찰포,2026,2,멸강나방(감수율),인천광역시,0.0
202600204FC01010101322002,논벼,기본조사,벼관찰포,2026,2,멸강나방(피해율),인천광역시,0.0
202600204FC01010101322002,논벼,기본조사,벼관찰포,2026,2,멸강나방(발생면적율),인천광역시,0.0
202600204FC01010101322002,논벼,기본조사,벼관찰포,2026,2,벼잎선충(발생추정면적),인천광역시,0.0
202600204FC01010101322002,논벼,기본조사,벼관찰포,2026,2,벼잎선충(감수율),인천광역시,0.0
202600204FC01010101322002,논벼,기본조사,벼관찰포,2026,2,벼잎선충(피해율),인천광역시,0.0
202600204FC01010101322002,논벼,기본조사,벼관찰포,2026,2,벼잎선충(발생면적율),인천광역시,0.0
202600204FC01010101322002,논벼,기본조사,벼관찰포,2026,2,잎도열병(발생추정면적),대전광역시,0.0
202600204FC01010101322002,논벼,기본조사,벼관찰포,2026,2,잎도열병(감수율),대전광역시,0.0
202600204FC01010101322002,논벼,기본조사,벼관찰포,2026,2,잎도열병(피해율),대전광역시,0.0
202600204FC01010101322002,논벼,기본조사,벼관찰포,2026,2,잎도열병(발생면적율),대전광역시,0.0
202600204FC01010101322002,논벼,기본조사,벼관찰포,2026,2,이삭도열병(발생추정면적),대전광역시,0.0
202600204FC01010101322002,논벼,기본조사,벼관찰포,2026,2,이삭도열병(감수율),대전광역시,0.0
202600204FC01010101322002,논벼,기본조사,벼관찰포,2026,2,이삭도열병(피해율),대전광역시,0.0
202600204FC01010101322002,논벼,기본조사,벼관찰포,2026,2,이삭도열병(발생면적율),대전광역시,0.0
202600204FC01010101322002,논벼,기본조사,벼관찰포,2026,2,세균벼알마름병(발생추정면적),대전광역시,0.0
202600204FC01010101322002,논벼,기본조사,벼관찰포,2026,2,세균벼알마름병(감수율),대전광역시,0.0
202600204FC01010101322002,논벼,기본조사,벼관찰포,2026,2,세균벼알마름병(피해율),대전광역시,0.0
202600204FC01010101322002,논벼,기본조사,벼관찰포,2026,2,세균벼알마름병(발생면적율),대전광역시,0.0
202600204FC01010101322002,논벼,기본조사,벼관찰포,2026,2,흰잎마름병(발생추정면적),대전광역시,0.0
202600204FC01010101322002,논벼,기본조사,벼관찰포,2026,2,흰잎마름병(감수율),대전광역시,0.0
202600204FC01010101322002,논벼,기본조사,벼관찰포,2026,2,흰잎마름병(피해율),대전광역시,0.0
202600204FC01010101322002,논벼,기본조사,벼관찰포,2026,2,흰잎마름병(발생면적율),대전광역시,0.0
202600204FC01010101322002,논벼,기본조사,벼관찰포,2026,2,깨씨무늬병(발생추정면적),대전광역시,0.0
202600204FC01010101322002,논벼,기본조사,벼관찰포,2026,2,깨씨무늬병(감수율),대전광역시,0.0
202600204FC01010101322002,논벼,기본조사,벼관찰포,2026,2,깨씨무늬병(피해율),대전광역시,0.0
202600204FC01010101322002,논벼,기본조사,벼관찰포,2026,2,깨씨무늬병(발생면적율),대전광역시,0.0
202600204FC01010101322002,논벼,기본조사,벼관찰포,2026,2,바이러스병(발생추정면적),대전광역시,0.0
202600204FC01010101322002,논벼,기본조사,벼관찰포,2026,2,바이러스병(감수율),대전광역시,0.0
202600204FC01010101322002,논벼,기본조사,벼관찰포,2026,2,바이러스병(피해율),대전광역시,0.0
202600204FC01010101322002,논벼,기본조사,벼관찰포,2026,2,바이러스병(발생면적율),대전광역시,0.0
202600204FC01010101322002,논벼,기본조사,벼관찰포,2026,2,이화명나방(발생추정면적),대전광역시,0.0
202600204FC01010101322002,논벼,기본조사,벼관찰포,2026,2,이화명나방(감수율),대전광역시,0.0
202600204FC01010101322002,논벼,기본조사,벼관찰포,2026,2,이화명나방(피해율),대전광역시,0.0
202600204FC01010101322002,논벼,기본조사,벼관찰포,2026,2,이화명나방(발생면적율),대전광역시,0.0
202600204FC01010101322002,논벼,기본조사,벼관찰포,2026,2,혹명나방(발생추정면적),대전광역시,0.0
202600204FC01010101322002,논벼,기본조사,벼관찰포,2026,2,혹명나방(감수율),대전광역시,0.0
202600204FC01010101322002,논벼,기본조사,벼관찰포,2026,2,혹명나방(피해율),대전광역시,0.0
202600204FC01010101322002,논벼,기본조사,벼관찰포,2026,2,혹명나방(발생면적율),대전광역시,0.0
202600204FC01010101322002,논벼,기본조사,벼관찰포,2026,2,먹노린재(발생추정면적),대전광역시,0.0
202600204FC01010101322002,논벼,기본조사,벼관찰포,2026,2,먹노린재(감수율),대전광역시,0.0
202600204FC01010101322002,논벼,기본조사,벼관찰포,2026,2,먹노린재(피해율),대전광역시,0.0
202600204FC01010101322002,논벼,기본조사,벼관찰포,2026,2,먹노린재(발생면적율),대전광역시,0.0
202600204FC01010101322002,논벼,기본조사,벼관찰포,2026,2,벼멸구(발생추정면적),대전광역시,0.0
202600204FC01010101322002,논벼,기본조사,벼관찰포,2026,2,벼멸구(감수율),대전광역시,0.0
202600204FC01010101322002,논벼,기본조사,벼관찰포,2026,2,벼멸구(피해율),대전광역시,0.0
202600204FC01010101322002,논벼,기본조사,벼관찰포,2026,2,벼멸구(발생면적율),대전광역시,0.0
202600204FC01010101322002,논벼,기본조사,벼관찰포,2026,2,흰등멸구(발생추정면적),대전광역시,0.0
202600204FC01010101322002,논벼,기본조사,벼관찰포,2026,2,흰등멸구(감수율),대전광역시,0.0
202600204FC01010101322002,논벼,기본조사,벼관찰포,2026,2,흰등멸구(피해율),대전광역시,0.0
202600204FC01010101322002,논벼,기본조사,벼관찰포,2026,2,흰등멸구(발생면적율),대전광역시,0.0
202600204FC01010101322002,논벼,기본조사,벼관찰포,2026,2,잎집무늬마름병(발생추정면적),대전광역시,0.0
202600204FC01010101322002,논벼,기본조사,벼관찰포,2026,2,잎집무늬마름병(감수율),대전광역시,0.0
202600204FC01010101322002,논벼,기본조사,벼관찰포,2026,2,잎집무늬마름병(피해율),대전광역시,0.0
202600204FC01010101322002,논벼,기본조사,벼관찰포,2026,2,잎집무늬마름병(발생면적율),대전광역시,0.0
202600204FC01010101322002,논벼,기본조사,벼관찰포,2026,2,키다리병(발생추정면적),대전광역시,0.0
202600204FC01010101322002,논벼,기본조사,벼관찰포,2026,2,키다리병(감수율),대전광역시,0.0
202600204FC01010101322002,논벼,기본조사,벼관찰포,2026,2,키다리병(피해율),대전광역시,0.0
202600204FC01010101322002,논벼,기본조사,벼관찰포,2026,2,키다리병(발생면적율),대전광역시,0.0
202600204FC01010101322002,논벼,기본조사,벼관찰포,2026,2,이삭누룩병(발생추정면적),대전광역시,0.0
202600204FC01010101322002,논벼,기본조사,벼관찰포,2026,2,이삭누룩병(감수율),대전광역시,0.0
202600204FC01010101322002,논벼,기본조사,벼관찰포,2026,2,이삭누룩병(피해율),대전광역시,0.0
202600204FC01010101322002,논벼,기본조사,벼관찰포,2026,2,이삭누룩병(발생면적율),대전광역시,0.0
202600204FC01010101322002,논벼,기본조사,벼관찰포,2026,2,벼잎벌레(발생추정면적),대전광역시,0.0
202600204FC01010101322002,논벼,기본조사,벼관찰포,2026,2,벼잎벌레(감수율),대전광역시,0.0
202600204FC01010101322002,논벼,기본조사,벼관찰포,2026,2,벼잎벌레(피해율),대전광역시,0.0
202600204FC01010101322002,논벼,기본조사,벼관찰포,2026,2,벼잎벌레(발생면적율),대전광역시,0.0
202600204FC01010101322002,논벼,기본조사,벼관찰포,2026,2,벼애나방(발생추정면적),대전광역시,0.0
202600204FC01010101322002,논벼,기본조사,벼관찰포,2026,2,벼애나방(감수율),대전광역시,0.0
202600204FC01010101322002,논벼,기본조사,벼관찰포,2026,2,벼애나방(피해율),대전광역시,0.0
202600204FC01010101322002,논벼,기본조사,벼관찰포,2026,2,벼애나방(발생면적율),대전광역시,0.0
202600204FC01010101322002,논벼,기본조사,벼관찰포,2026,2,벼애잎굴파리(발생추정면적),대전광역시,0.0
202600204FC01010101322002,논벼,기본조사,벼관찰포,2026,2,벼애잎굴파리(감수율),대전광역시,0.0
202600204FC01010101322002,논벼,기본조사,벼관찰포,2026,2,벼애잎굴파리(피해율),대전광역시,0.0
202600204FC01010101322002,논벼,기본조사,벼관찰포,2026,2,벼애잎굴파리(발생면적율),대전광역시,0.0
202600204FC01010101322002,논벼,기본조사,벼관찰포,2026,2,벼줄기굴파리(발생추정면적),대전광역시,0.0
202600204FC01010101322002,논벼,기본조사,벼관찰포,2026,2,벼줄기굴파리(감수율),대전광역시,0.0
202600204FC01010101322002,논벼,기본조사,벼관찰포,2026,2,벼줄기굴파리(피해율),대전광역시,0.0
202600204FC01010101322002,논벼,기본조사,벼관찰포,2026,2,벼줄기굴파리(발생면적율),대전광역시,0.0
202600204FC01010101322002,논벼,기본조사,벼관찰포,2026,2,벼물바구미(발생추정면적),대전광역시,0.0
202600204FC01010101322002,논벼,기본조사,벼관찰포,2026,2,벼물바구미(감수율),대전광역시,0.0
202600204FC01010101322002,논벼,기본조사,벼관찰포,2026,2,벼물바구미(피해율),대전광역시,0.0
202600204FC01010101322002,논벼,기본조사,벼관찰포,2026,2,벼물바구미(발생면적율),대전광역시,0.0
202600204FC01010101322002,논벼,기본조사,벼관찰포,2026,2,애멸구(발생추정면적),대전광역시,0.0
202600204FC01010101322002,논벼,기본조사,벼관찰포,2026,2,애멸구(감수율),대전광역시,0.0
202600204FC01010101322002,논벼,기본조사,벼관찰포,2026,2,애멸구(피해율),대전광역시,0.0
202600204FC01010101322002,논벼,기본조사,벼관찰포,2026,2,애멸구(발생면적율),대전광역시,0.0
202600204FC01010101322002,논벼,기본조사,벼관찰포,2026,2,끝동매미충(발생추정면적),대전광역시,0.0
202600204FC01010101322002,논벼,기본조사,벼관찰포,2026,2,끝동매미충(감수율),대전광역시,0.0
202600204FC01010101322002,논벼,기본조사,벼관찰포,2026,2,끝동매미충(피해율),대전광역시,0.0
202600204FC01010101322002,논벼,기본조사,벼관찰포,2026,2,끝동매미충(발생면적율),대전광역시,0.0
202600204FC01010101322002,논벼,기본조사,벼관찰포,2026,2,멸강나방(발생추정면적),대전광역시,0.0
202600204FC01010101322002,논벼,기본조사,벼관찰포,2026,2,멸강나방(감수율),대전광역시,0.0
202600204FC01010101322002,논벼,기본조사,벼관찰포,2026,2,멸강나방(피해율),대전광역시,0.0
202600204FC01010101322002,논벼,기본조사,벼관찰포,2026,2,멸강나방(발생면적율),대전광역시,0.0
202600204FC01010101322002,논벼,기본조사,벼관찰포,2026,2,벼잎선충(발생추정면적),대전광역시,0.0
202600204FC01010101322002,논벼,기본조사,벼관찰포,2026,2,벼잎선충(감수율),대전광역시,0.0
202600204FC01010101322002,논벼,기본조사,벼관찰포,2026,2,벼잎선충(피해율),대전광역시,0.0
202600204FC01010101322002,논벼,기본조사,벼관찰포,2026,2,벼잎선충(발생면적율),대전광역시,0.0
202600204FC01010101322002,논벼,기본조사,벼관찰포,2026,2,잎도열병(발생추정면적),울산광역시,0.0
202600204FC01010101322002,논벼,기본조사,벼관찰포,2026,2,잎도열병(감수율),울산광역시,0.0
202600204FC01010101322002,논벼,기본조사,벼관찰포,2026,2,잎도열병(피해율),울산광역시,0.0
202600204FC01010101322002,논벼,기본조사,벼관찰포,2026,2,잎도열병(발생면적율),울산광역시,0.0
202600204FC01010101322002,논벼,기본조사,벼관찰포,2026,2,이삭도열병(발생추정면적),울산광역시,0.0
202600204FC01010101322002,논벼,기본조사,벼관찰포,2026,2,이삭도열병(감수율),울산광역시,0.0
202600204FC01010101322002,논벼,기본조사,벼관찰포,2026,2,이삭도열병(피해율),울산광역시,0.0
202600204FC01010101322002,논벼,기본조사,벼관찰포,2026,2,이삭도열병(발생면적율),울산광역시,0.0
202600204FC01010101322002,논벼,기본조사,벼관찰포,2026,2,세균벼알마름병(발생추정면적),울산광역시,0.0
202600204FC01010101322002,논벼,기본조사,벼관찰포,2026,2,세균벼알마름병(감수율),울산광역시,0.0
202600204FC01010101322002,논벼,기본조사,벼관찰포,2026,2,세균벼알마름병(피해율),울산광역시,0.0
202600204FC01010101322002,논벼,기본조사,벼관찰포,2026,2,세균벼알마름병(발생면적율),울산광역시,0.0
202600204FC01010101322002,논벼,기본조사,벼관찰포,2026,2,흰잎마름병(발생추정면적),울산광역시,0.0
202600204FC01010101322002,논벼,기본조사,벼관찰포,2026,2,흰잎마름병(감수율),울산광역시,0.0
202600204FC01010101322002,논벼,기본조사,벼관찰포,2026,2,흰잎마름병(피해율),울산광역시,0.0
202600204FC01010101322002,논벼,기본조사,벼관찰포,2026,2,흰잎마름병(발생면적율),울산광역시,0.0
202600204FC01010101322002,논벼,기본조사,벼관찰포,2026,2,깨씨무늬병(발생추정면적),울산광역시,0.0
202600204FC01010101322002,논벼,기본조사,벼관찰포,2026,2,깨씨무늬병(감수율),울산광역시,0.0
202600204FC01010101322002,논벼,기본조사,벼관찰포,2026,2,깨씨무늬병(피해율),울산광역시,0.0
202600204FC01010101322002,논벼,기본조사,벼관찰포,2026,2,깨씨무늬병(발생면적율),울산광역시,0.0
202600204FC01010101322002,논벼,기본조사,벼관찰포,2026,2,바이러스병(발생추정면적),울산광역시,0.0
202600204FC01010101322002,논벼,기본조사,벼관찰포,2026,2,바이러스병(감수율),울산광역시,0.0
202600204FC01010101322002,논벼,기본조사,벼관찰포,2026,2,바이러스병(피해율),울산광역시,0.0
202600204FC01010101322002,논벼,기본조사,벼관찰포,2026,2,바이러스병(발생면적율),울산광역시,0.0
202600204FC01010101322002,논벼,기본조사,벼관찰포,2026,2,이화명나방(발생추정면적),울산광역시,0.0
202600204FC01010101322002,논벼,기본조사,벼관찰포,2026,2,이화명나방(감수율),울산광역시,0.0
202600204FC01010101322002,논벼,기본조사,벼관찰포,2026,2,이화명나방(피해율),울산광역시,0.0
202600204FC01010101322002,논벼,기본조사,벼관찰포,2026,2,이화명나방(발생면적율),울산광역시,0.0
202600204FC01010101322002,논벼,기본조사,벼관찰포,2026,2,혹명나방(발생추정면적),울산광역시,0.0
202600204FC01010101322002,논벼,기본조사,벼관찰포,2026,2,혹명나방(감수율),울산광역시,0.0
202600204FC01010101322002,논벼,기본조사,벼관찰포,2026,2,혹명나방(피해율),울산광역시,0.0
202600204FC01010101322002,논벼,기본조사,벼관찰포,2026,2,혹명나방(발생면적율),울산광역시,0.0
202600204FC01010101322002,논벼,기본조사,벼관찰포,2026,2,먹노린재(발생추정면적),울산광역시,0.0
202600204FC01010101322002,논벼,기본조사,벼관찰포,2026,2,먹노린재(감수율),울산광역시,0.0
202600204FC01010101322002,논벼,기본조사,벼관찰포,2026,2,먹노린재(피해율),울산광역시,0.0
202600204FC01010101322002,논벼,기본조사,벼관찰포,2026,2,먹노린재(발생면적율),울산광역시,0.0
202600204FC01010101322002,논벼,기본조사,벼관찰포,2026,2,벼멸구(발생추정면적),울산광역시,0.0
202600204FC01010101322002,논벼,기본조사,벼관찰포,2026,2,벼멸구(감수율),울산광역시,0.0
202600204FC01010101322002,논벼,기본조사,벼관찰포,2026,2,벼멸구(피해율),울산광역시,0.0
202600204FC01010101322002,논벼,기본조사,벼관찰포,2026,2,벼멸구(발생면적율),울산광역시,0.0
202600204FC01010101322002,논벼,기본조사,벼관찰포,2026,2,흰등멸구(발생추정면적),울산광역시,0.0
202600204FC01010101322002,논벼,기본조사,벼관찰포,2026,2,흰등멸구(감수율),울산광역시,0.0
202600204FC01010101322002,논벼,기본조사,벼관찰포,2026,2,흰등멸구(피해율),울산광역시,0.0
202600204FC01010101322002,논벼,기본조사,벼관찰포,2026,2,흰등멸구(발생면적율),울산광역시,0.0
202600204FC01010101322002,논벼,기본조사,벼관찰포,2026,2,잎집무늬마름병(발생추정면적),울산광역시,0.0
202600204FC01010101322002,논벼,기본조사,벼관찰포,2026,2,잎집무늬마름병(감수율),울산광역시,0.0
202600204FC01010101322002,논벼,기본조사,벼관찰포,2026,2,잎집무늬마름병(피해율),울산광역시,0.0
202600204FC01010101322002,논벼,기본조사,벼관찰포,2026,2,잎집무늬마름병(발생면적율),울산광역시,0.0
202600204FC01010101322002,논벼,기본조사,벼관찰포,2026,2,키다리병(발생추정면적),울산광역시,0.0
202600204FC01010101322002,논벼,기본조사,벼관찰포,2026,2,키다리병(감수율),울산광역시,0.0
202600204FC01010101322002,논벼,기본조사,벼관찰포,2026,2,키다리병(피해율),울산광역시,0.0
202600204FC01010101322002,논벼,기본조사,벼관찰포,2026,2,키다리병(발생면적율),울산광역시,0.0
202600204FC01010101322002,논벼,기본조사,벼관찰포,2026,2,이삭누룩병(발생추정면적),울산광역시,0.0
202600204FC01010101322002,논벼,기본조사,벼관찰포,2026,2,이삭누룩병(감수율),울산광역시,0.0
202600204FC01010101322002,논벼,기본조사,벼관찰포,2026,2,이삭누룩병(피해율),울산광역시,0.0
202600204FC01010101322002,논벼,기본조사,벼관찰포,2026,2,이삭누룩병(발생면적율),울산광역시,0.0
202600204FC01010101322002,논벼,기본조사,벼관찰포,2026,2,벼잎벌레(발생추정면적),울산광역시,0.0
202600204FC01010101322002,논벼,기본조사,벼관찰포,2026,2,벼잎벌레(감수율),울산광역시,0.0
202600204FC01010101322002,논벼,기본조사,벼관찰포,2026,2,벼잎벌레(피해율),울산광역시,0.0
202600204FC01010101322002,논벼,기본조사,벼관찰포,2026,2,벼잎벌레(발생면적율),울산광역시,0.0
202600204FC01010101322002,논벼,기본조사,벼관찰포,2026,2,벼애나방(발생추정면적),울산광역시,0.0
202600204FC01010101322002,논벼,기본조사,벼관찰포,2026,2,벼애나방(감수율),울산광역시,0.0
202600204FC01010101322002,논벼,기본조사,벼관찰포,2026,2,벼애나방(피해율),울산광역시,0.0
202600204FC01010101322002,논벼,기본조사,벼관찰포,2026,2,벼애나방(발생면적율),울산광역시,0.0
202600204FC01010101322002,논벼,기본조사,벼관찰포,2026,2,벼애잎굴파리(발생추정면적),울산광역시,0.0
202600204FC01010101322002,논벼,기본조사,벼관찰포,2026,2,벼애잎굴파리(감수율),울산광역시,0.0
202600204FC01010101322002,논벼,기본조사,벼관찰포,2026,2,벼애잎굴파리(피해율),울산광역시,0.0
202600204FC01010101322002,논벼,기본조사,벼관찰포,2026,2,벼애잎굴파리(발생면적율),울산광역시,0.0
202600204FC01010101322002,논벼,기본조사,벼관찰포,2026,2,벼줄기굴파리(발생추정면적),울산광역시,0.0
202600204FC01010101322002,논벼,기본조사,벼관찰포,2026,2,벼줄기굴파리(감수율),울산광역시,0.0
202600204FC01010101322002,논벼,기본조사,벼관찰포,2026,2,벼줄기굴파리(피해율),울산광역시,0.0
202600204FC01010101322002,논벼,기본조사,벼관찰포,2026,2,벼줄기굴파리(발생면적율),울산광역시,0.0
202600204FC01010101322002,논벼,기본조사,벼관찰포,2026,2,벼물바구미(발생추정면적),울산광역시,0.0
202600204FC01010101322002,논벼,기본조사,벼관찰포,2026,2,벼물바구미(감수율),울산광역시,0.0
202600204FC01010101322002,논벼,기본조사,벼관찰포,2026,2,벼물바구미(피해율),울산광역시,0.0
202600204FC01010101322002,논벼,기본조사,벼관찰포,2026,2,벼물바구미(발생면적율),울산광역시,0.0
202600204FC01010101322002,논벼,기본조사,벼관찰포,2026,2,애멸구(발생추정면적),울산광역시,0.0
202600204FC01010101322002,논벼,기본조사,벼관찰포,2026,2,애멸구(감수율),울산광역시,0.0
202600204FC01010101322002,논벼,기본조사,벼관찰포,2026,2,애멸구(피해율),울산광역시,0.0
202600204FC01010101322002,논벼,기본조사,벼관찰포,2026,2,애멸구(발생면적율),울산광역시,0.0
202600204FC01010101322002,논벼,기본조사,벼관찰포,2026,2,끝동매미충(발생추정면적),울산광역시,0.0
202600204FC01010101322002,논벼,기본조사,벼관찰포,2026,2,끝동매미충(감수율),울산광역시,0.0
202600204FC01010101322002,논벼,기본조사,벼관찰포,2026,2,끝동매미충(피해율),울산광역시,0.0
202600204FC01010101322002,논벼,기본조사,벼관찰포,2026,2,끝동매미충(발생면적율),울산광역시,0.0
202600204FC01010101322002,논벼,기본조사,벼관찰포,2026,2,멸강나방(발생추정면적),울산광역시,0.0
202600204FC01010101322002,논벼,기본조사,벼관찰포,2026,2,멸강나방(감수율),울산광역시,0.0
202600204FC01010101322002,논벼,기본조사,벼관찰포,2026,2,멸강나방(피해율),울산광역시,0.0
202600204FC01010101322002,논벼,기본조사,벼관찰포,2026,2,멸강나방(발생면적율),울산광역시,0.0
202600204FC01010101322002,논벼,기본조사,벼관찰포,2026,2,벼잎선충(발생추정면적),울산광역시,0.0
202600204FC01010101322002,논벼,기본조사,벼관찰포,2026,2,벼잎선충(감수율),울산광역시,0.0
202600204FC01010101322002,논벼,기본조사,벼관찰포,2026,2,벼잎선충(피해율),울산광역시,0.0
202600204FC01010101322002,논벼,기본조사,벼관찰포,2026,2,벼잎선충(발생면적율),울산광역시,0.0
202600204FC01010101322002,논벼,기본조사,벼관찰포,2026,2,잎도열병(발생추정면적),세종특별자치시,0.0
202600204FC01010101322002,논벼,기본조사,벼관찰포,2026,2,잎도열병(감수율),세종특별자치시,0.0
202600204FC01010101322002,논벼,기본조사,벼관찰포,2026,2,잎도열병(피해율),세종특별자치시,0.0
202600204FC01010101322002,논벼,기본조사,벼관찰포,2026,2,잎도열병(발생면적율),세종특별자치시,0.0
202600204FC01010101322002,논벼,기본조사,벼관찰포,2026,2,이삭도열병(발생추정면적),세종특별자치시,0.0
202600204FC01010101322002,논벼,기본조사,벼관찰포,2026,2,이삭도열병(감수율),세종특별자치시,0.0
202600204FC01010101322002,논벼,기본조사,벼관찰포,2026,2,이삭도열병(피해율),세종특별자치시,0.0
202600204FC01010101322002,논벼,기본조사,벼관찰포,2026,2,이삭도열병(발생면적율),세종특별자치시,0.0
202600204FC01010101322002,논벼,기본조사,벼관찰포,2026,2,세균벼알마름병(발생추정면적),세종특별자치시,0.0
202600204FC01010101322002,논벼,기본조사,벼관찰포,2026,2,세균벼알마름병(감수율),세종특별자치시,0.0
202600204FC01010101322002,논벼,기본조사,벼관찰포,2026,2,세균벼알마름병(피해율),세종특별자치시,0.0
202600204FC01010101322002,논벼,기본조사,벼관찰포,2026,2,세균벼알마름병(발생면적율),세종특별자치시,0.0
202600204FC01010101322002,논벼,기본조사,벼관찰포,2026,2,흰잎마름병(발생추정면적),세종특별자치시,0.0
202600204FC01010101322002,논벼,기본조사,벼관찰포,2026,2,흰잎마름병(감수율),세종특별자치시,0.0
202600204FC01010101322002,논벼,기본조사,벼관찰포,2026,2,흰잎마름병(피해율),세종특별자치시,0.0
202600204FC01010101322002,논벼,기본조사,벼관찰포,2026,2,흰잎마름병(발생면적율),세종특별자치시,0.0
202600204FC01010101322002,논벼,기본조사,벼관찰포,2026,2,깨씨무늬병(발생추정면적),세종특별자치시,0.0
202600204FC01010101322002,논벼,기본조사,벼관찰포,2026,2,깨씨무늬병(감수율),세종특별자치시,0.0
202600204FC01010101322002,논벼,기본조사,벼관찰포,2026,2,깨씨무늬병(피해율),세종특별자치시,0.0
202600204FC01010101322002,논벼,기본조사,벼관찰포,2026,2,깨씨무늬병(발생면적율),세종특별자치시,0.0
202600204FC01010101322002,논벼,기본조사,벼관찰포,2026,2,바이러스병(발생추정면적),세종특별자치시,0.0
202600204FC01010101322002,논벼,기본조사,벼관찰포,2026,2,바이러스병(감수율),세종특별자치시,0.0
202600204FC01010101322002,논벼,기본조사,벼관찰포,2026,2,바이러스병(피해율),세종특별자치시,0.0
202600204FC01010101322002,논벼,기본조사,벼관찰포,2026,2,바이러스병(발생면적율),세종특별자치시,0.0
202600204FC01010101322002,논벼,기본조사,벼관찰포,2026,2,이화명나방(발생추정면적),세종특별자치시,0.0
202600204FC01010101322002,논벼,기본조사,벼관찰포,2026,2,이화명나방(감수율),세종특별자치시,0.0
202600204FC01010101322002,논벼,기본조사,벼관찰포,2026,2,이화명나방(피해율),세종특별자치시,0.0
202600204FC01010101322002,논벼,기본조사,벼관찰포,2026,2,이화명나방(발생면적율),세종특별자치시,0.0
202600204FC01010101322002,논벼,기본조사,벼관찰포,2026,2,혹명나방(발생추정면적),세종특별자치시,0.0
202600204FC01010101322002,논벼,기본조사,벼관찰포,2026,2,혹명나방(감수율),세종특별자치시,0.0
202600204FC01010101322002,논벼,기본조사,벼관찰포,2026,2,혹명나방(피해율),세종특별자치시,0.0
202600204FC01010101322002,논벼,기본조사,벼관찰포,2026,2,혹명나방(발생면적율),세종특별자치시,0.0
202600204FC01010101322002,논벼,기본조사,벼관찰포,2026,2,먹노린재(발생추정면적),세종특별자치시,0.0
202600204FC01010101322002,논벼,기본조사,벼관찰포,2026,2,먹노린재(감수율),세종특별자치시,0.0
202600204FC01010101322002,논벼,기본조사,벼관찰포,2026,2,먹노린재(피해율),세종특별자치시,0.0
202600204FC01010101322002,논벼,기본조사,벼관찰포,2026,2,먹노린재(발생면적율),세종특별자치시,0.0
202600204FC01010101322002,논벼,기본조사,벼관찰포,2026,2,벼멸구(발생추정면적),세종특별자치시,0.0
202600204FC01010101322002,논벼,기본조사,벼관찰포,2026,2,벼멸구(감수율),세종특별자치시,0.0
202600204FC01010101322002,논벼,기본조사,벼관찰포,2026,2,벼멸구(피해율),세종특별자치시,0.0
202600204FC01010101322002,논벼,기본조사,벼관찰포,2026,2,벼멸구(발생면적율),세종특별자치시,0.0
202600204FC01010101322002,논벼,기본조사,벼관찰포,2026,2,흰등멸구(발생추정면적),세종특별자치시,0.0
202600204FC01010101322002,논벼,기본조사,벼관찰포,2026,2,흰등멸구(감수율),세종특별자치시,0.0
202600204FC01010101322002,논벼,기본조사,벼관찰포,2026,2,흰등멸구(피해율),세종특별자치시,0.0
202600204FC01010101322002,논벼,기본조사,벼관찰포,2026,2,흰등멸구(발생면적율),세종특별자치시,0.0
202600204FC01010101322002,논벼,기본조사,벼관찰포,2026,2,잎집무늬마름병(발생추정면적),세종특별자치시,0.0
202600204FC01010101322002,논벼,기본조사,벼관찰포,2026,2,잎집무늬마름병(감수율),세종특별자치시,0.0
202600204FC01010101322002,논벼,기본조사,벼관찰포,2026,2,잎집무늬마름병(피해율),세종특별자치시,0.0
202600204FC01010101322002,논벼,기본조사,벼관찰포,2026,2,잎집무늬마름병(발생면적율),세종특별자치시,0.0
202600204FC01010101322002,논벼,기본조사,벼관찰포,2026,2,키다리병(발생추정면적),세종특별자치시,0.0
202600204FC01010101322002,논벼,기본조사,벼관찰포,2026,2,키다리병(감수율),세종특별자치시,0.0
202600204FC01010101322002,논벼,기본조사,벼관찰포,2026,2,키다리병(피해율),세종특별자치시,0.0
202600204FC01010101322002,논벼,기본조사,벼관찰포,2026,2,키다리병(발생면적율),세종특별자치시,0.0
202600204FC01010101322002,논벼,기본조사,벼관찰포,2026,2,이삭누룩병(발생추정면적),세종특별자치시,0.0
202600204FC01010101322002,논벼,기본조사,벼관찰포,2026,2,이삭누룩병(감수율),세종특별자치시,0.0
202600204FC01010101322002,논벼,기본조사,벼관찰포,2026,2,이삭누룩병(피해율),세종특별자치시,0.0
202600204FC01010101322002,논벼,기본조사,벼관찰포,2026,2,이삭누룩병(발생면적율),세종특별자치시,0.0
202600204FC01010101322002,논벼,기본조사,벼관찰포,2026,2,벼잎벌레(발생추정면적),세종특별자치시,0.0
202600204FC01010101322002,논벼,기본조사,벼관찰포,2026,2,벼잎벌레(감수율),세종특별자치시,0.0
202600204FC01010101322002,논벼,기본조사,벼관찰포,2026,2,벼잎벌레(피해율),세종특별자치시,0.0
202600204FC01010101322002,논벼,기본조사,벼관찰포,2026,2,벼잎벌레(발생면적율),세종특별자치시,0.0
202600204FC01010101322002,논벼,기본조사,벼관찰포,2026,2,벼애나방(발생추정면적),세종특별자치시,0.0
202600204FC01010101322002,논벼,기본조사,벼관찰포,2026,2,벼애나방(감수율),세종특별자치시,0.0
202600204FC01010101322002,논벼,기본조사,벼관찰포,2026,2,벼애나방(피해율),세종특별자치시,0.0
202600204FC01010101322002,논벼,기본조사,벼관찰포,2026,2,벼애나방(발생면적율),세종특별자치시,0.0
202600204FC01010101322002,논벼,기본조사,벼관찰포,2026,2,벼애잎굴파리(발생추정면적),세종특별자치시,0.0
202600204FC01010101322002,논벼,기본조사,벼관찰포,2026,2,벼애잎굴파리(감수율),세종특별자치시,0.0
202600204FC01010101322002,논벼,기본조사,벼관찰포,2026,2,벼애잎굴파리(피해율),세종특별자치시,0.0
202600204FC01010101322002,논벼,기본조사,벼관찰포,2026,2,벼애잎굴파리(발생면적율),세종특별자치시,0.0
202600204FC01010101322002,논벼,기본조사,벼관찰포,2026,2,벼줄기굴파리(발생추정면적),세종특별자치시,0.0
202600204FC01010101322002,논벼,기본조사,벼관찰포,2026,2,벼줄기굴파리(감수율),세종특별자치시,0.0
202600204FC01010101322002,논벼,기본조사,벼관찰포,2026,2,벼줄기굴파리(피해율),세종특별자치시,0.0
202600204FC01010101322002,논벼,기본조사,벼관찰포,2026,2,벼줄기굴파리(발생면적율),세종특별자치시,0.0
202600204FC01010101322002,논벼,기본조사,벼관찰포,2026,2,벼물바구미(발생추정면적),세종특별자치시,0.0
202600204FC01010101322002,논벼,기본조사,벼관찰포,2026,2,벼물바구미(감수율),세종특별자치시,0.0
202600204FC01010101322002,논벼,기본조사,벼관찰포,2026,2,벼물바구미(피해율),세종특별자치시,0.0
202600204FC01010101322002,논벼,기본조사,벼관찰포,2026,2,벼물바구미(발생면적율),세종특별자치시,0.0
202600204FC01010101322002,논벼,기본조사,벼관찰포,2026,2,애멸구(발생추정면적),세종특별자치시,0.0
202600204FC01010101322002,논벼,기본조사,벼관찰포,2026,2,애멸구(감수율),세종특별자치시,0.0
202600204FC01010101322002,논벼,기본조사,벼관찰포,2026,2,애멸구(피해율),세종특별자치시,0.0
202600204FC01010101322002,논벼,기본조사,벼관찰포,2026,2,애멸구(발생면적율),세종특별자치시,0.0
202600204FC01010101322002,논벼,기본조사,벼관찰포,2026,2,끝동매미충(발생추정면적),세종특별자치시,0.0
202600204FC01010101322002,논벼,기본조사,벼관찰포,2026,2,끝동매미충(감수율),세종특별자치시,0.0
202600204FC01010101322002,논벼,기본조사,벼관찰포,2026,2,끝동매미충(피해율),세종특별자치시,0.0
202600204FC01010101322002,논벼,기본조사,벼관찰포,2026,2,끝동매미충(발생면적율),세종특별자치시,0.0
202600204FC01010101322002,논벼,기본조사,벼관찰포,2026,2,멸강나방(발생추정면적),세종특별자치시,0.0
202600204FC01010101322002,논벼,기본조사,벼관찰포,2026,2,멸강나방(감수율),세종특별자치시,0.0
202600204FC01010101322002,논벼,기본조사,벼관찰포,2026,2,멸강나방(피해율),세종특별자치시,0.0
202600204FC01010101322002,논벼,기본조사,벼관찰포,2026,2,멸강나방(발생면적율),세종특별자치시,0.0
202600204FC01010101322002,논벼,기본조사,벼관찰포,2026,2,벼잎선충(발생추정면적),세종특별자치시,0.0
202600204FC01010101322002,논벼,기본조사,벼관찰포,2026,2,벼잎선충(감수율),세종특별자치시,0.0
202600204FC01010101322002,논벼,기본조사,벼관찰포,2026,2,벼잎선충(피해율),세종특별자치시,0.0
202600204FC01010101322002,논벼,기본조사,벼관찰포,2026,2,벼잎선충(발생면적율),세종특별자치시,0.0
202600204FC01010101322002,논벼,기본조사,벼관찰포,2026,2,잎도열병(발생추정면적),경기도,0.0
202600204FC01010101322002,논벼,기본조사,벼관찰포,2026,2,잎도열병(감수율),경기도,0.0
202600204FC01010101322002,논벼,기본조사,벼관찰포,2026,2,잎도열병(피해율),경기도,0.0
202600204FC01010101322002,논벼,기본조사,벼관찰포,2026,2,잎도열병(발생면적율),경기도,0.0
202600204FC01010101322002,논벼,기본조사,벼관찰포,2026,2,이삭도열병(발생추정면적),경기도,0.0
202600204FC01010101322002,논벼,기본조사,벼관찰포,2026,2,이삭도열병(감수율),경기도,0.0
202600204FC01010101322002,논벼,기본조사,벼관찰포,2026,2,이삭도열병(피해율),경기도,0.0
202600204FC01010101322002,논벼,기본조사,벼관찰포,2026,2,이삭도열병(발생면적율),경기도,0.0
202600204FC01010101322002,논벼,기본조사,벼관찰포,2026,2,세균벼알마름병(발생추정면적),경기도,0.0
202600204FC01010101322002,논벼,기본조사,벼관찰포,2026,2,세균벼알마름병(감수율),경기도,0.0
202600204FC01010101322002,논벼,기본조사,벼관찰포,2026,2,세균벼알마름병(피해율),경기도,0.0
202600204FC01010101322002,논벼,기본조사,벼관찰포,2026,2,세균벼알마름병(발생면적율),경기도,0.0
202600204FC01010101322002,논벼,기본조사,벼관찰포,2026,2,흰잎마름병(발생추정면적),경기도,0.0
202600204FC01010101322002,논벼,기본조사,벼관찰포,2026,2,흰잎마름병(감수율),경기도,0.0
202600204FC01010101322002,논벼,기본조사,벼관찰포,2026,2,흰잎마름병(피해율),경기도,0.0
202600204FC01010101322002,논벼,기본조사,벼관찰포,2026,2,흰잎마름병(발생면적율),경기도,0.0
202600204FC01010101322002,논벼,기본조사,벼관찰포,2026,2,깨씨무늬병(발생추정면적),경기도,0.0
202600204FC01010101322002,논벼,기본조사,벼관찰포,2026,2,깨씨무늬병(감수율),경기도,0.0
202600204FC01010101322002,논벼,기본조사,벼관찰포,2026,2,깨씨무늬병(피해율),경기도,0.0
202600204FC01010101322002,논벼,기본조사,벼관찰포,2026,2,깨씨무늬병(발생면적율),경기도,0.0
202600204FC01010101322002,논벼,기본조사,벼관찰포,2026,2,바이러스병(발생추정면적),경기도,0.0
202600204FC01010101322002,논벼,기본조사,벼관찰포,2026,2,바이러스병(감수율),경기도,0.0
202600204FC01010101322002,논벼,기본조사,벼관찰포,2026,2,바이러스병(피해율),경기도,0.0
202600204FC01010101322002,논벼,기본조사,벼관찰포,2026,2,바이러스병(발생면적율),경기도,0.0
202600204FC01010101322002,논벼,기본조사,벼관찰포,2026,2,이화명나방(발생추정면적),경기도,0.0
202600204FC01010101322002,논벼,기본조사,벼관찰포,2026,2,이화명나방(감수율),경기도,0.0
202600204FC01010101322002,논벼,기본조사,벼관찰포,2026,2,이화명나방(피해율),경기도,0.0
202600204FC01010101322002,논벼,기본조사,벼관찰포,2026,2,이화명나방(발생면적율),경기도,0.0
202600204FC01010101322002,논벼,기본조사,벼관찰포,2026,2,혹명나방(발생추정면적),경기도,0.0
202600204FC01010101322002,논벼,기본조사,벼관찰포,2026,2,혹명나방(감수율),경기도,0.0
202600204FC01010101322002,논벼,기본조사,벼관찰포,2026,2,혹명나방(피해율),경기도,0.0
202600204FC01010101322002,논벼,기본조사,벼관찰포,2026,2,혹명나방(발생면적율),경기도,0.0
202600204FC01010101322002,논벼,기본조사,벼관찰포,2026,2,먹노린재(발생추정면적),경기도,0.0
202600204FC01010101322002,논벼,기본조사,벼관찰포,2026,2,먹노린재(감수율),경기도,0.0
202600204FC01010101322002,논벼,기본조사,벼관찰포,2026,2,먹노린재(피해율),경기도,0.0
202600204FC01010101322002,논벼,기본조사,벼관찰포,2026,2,먹노린재(발생면적율),경기도,0.0
202600204FC01010101322002,논벼,기본조사,벼관찰포,2026,2,벼멸구(발생추정면적),경기도,0.0
202600204FC01010101322002,논벼,기본조사,벼관찰포,2026,2,벼멸구(감수율),경기도,0.0
202600204FC01010101322002,논벼,기본조사,벼관찰포,2026,2,벼멸구(피해율),경기도,0.0
202600204FC01010101322002,논벼,기본조사,벼관찰포,2026,2,벼멸구(발생면적율),경기도,0.0
202600204FC01010101322002,논벼,기본조사,벼관찰포,2026,2,흰등멸구(발생추정면적),경기도,0.0
202600204FC01010101322002,논벼,기본조사,벼관찰포,2026,2,흰등멸구(감수율),경기도,0.0
202600204FC01010101322002,논벼,기본조사,벼관찰포,2026,2,흰등멸구(피해율),경기도,0.0
202600204FC01010101322002,논벼,기본조사,벼관찰포,2026,2,흰등멸구(발생면적율),경기도,0.0
202600204FC01010101322002,논벼,기본조사,벼관찰포,2026,2,잎집무늬마름병(발생추정면적),경기도,0.0
202600204FC01010101322002,논벼,기본조사,벼관찰포,2026,2,잎집무늬마름병(감수율),경기도,0.0
202600204FC01010101322002,논벼,기본조사,벼관찰포,2026,2,잎집무늬마름병(피해율),경기도,0.0
202600204FC01010101322002,논벼,기본조사,벼관찰포,2026,2,잎집무늬마름병(발생면적율),경기도,0.0
202600204FC01010101322002,논벼,기본조사,벼관찰포,2026,2,키다리병(발생추정면적),경기도,0.0
202600204FC01010101322002,논벼,기본조사,벼관찰포,2026,2,키다리병(감수율),경기도,0.0
202600204FC01010101322002,논벼,기본조사,벼관찰포,2026,2,키다리병(피해율),경기도,0.0
202600204FC01010101322002,논벼,기본조사,벼관찰포,2026,2,키다리병(발생면적율),경기도,0.0
202600204FC01010101322002,논벼,기본조사,벼관찰포,2026,2,이삭누룩병(발생추정면적),경기도,0.0
202600204FC01010101322002,논벼,기본조사,벼관찰포,2026,2,이삭누룩병(감수율),경기도,0.0
202600204FC01010101322002,논벼,기본조사,벼관찰포,2026,2,이삭누룩병(피해율),경기도,0.0
202600204FC01010101322002,논벼,기본조사,벼관찰포,2026,2,이삭누룩병(발생면적율),경기도,0.0
202600204FC01010101322002,논벼,기본조사,벼관찰포,2026,2,벼잎벌레(발생추정면적),경기도,0.0
202600204FC01010101322002,논벼,기본조사,벼관찰포,2026,2,벼잎벌레(감수율),경기도,0.0
202600204FC01010101322002,논벼,기본조사,벼관찰포,2026,2,벼잎벌레(피해율),경기도,0.0
202600204FC01010101322002,논벼,기본조사,벼관찰포,2026,2,벼잎벌레(발생면적율),경기도,0.0
202600204FC01010101322002,논벼,기본조사,벼관찰포,2026,2,벼애나방(발생추정면적),경기도,0.0
202600204FC01010101322002,논벼,기본조사,벼관찰포,2026,2,벼애나방(감수율),경기도,0.0
202600204FC01010101322002,논벼,기본조사,벼관찰포,2026,2,벼애나방(피해율),경기도,0.0
202600204FC01010101322002,논벼,기본조사,벼관찰포,2026,2,벼애나방(발생면적율),경기도,0.0
202600204FC01010101322002,논벼,기본조사,벼관찰포,2026,2,벼애잎굴파리(발생추정면적),경기도,0.0
202600204FC01010101322002,논벼,기본조사,벼관찰포,2026,2,벼애잎굴파리(감수율),경기도,0.0
202600204FC01010101322002,논벼,기본조사,벼관찰포,2026,2,벼애잎굴파리(피해율),경기도,0.0
202600204FC01010101322002,논벼,기본조사,벼관찰포,2026,2,벼애잎굴파리(발생면적율),경기도,0.0
202600204FC01010101322002,논벼,기본조사,벼관찰포,2026,2,벼줄기굴파리(발생추정면적),경기도,0.0
202600204FC01010101322002,논벼,기본조사,벼관찰포,2026,2,벼줄기굴파리(감수율),경기도,0.0
202600204FC01010101322002,논벼,기본조사,벼관찰포,2026,2,벼줄기굴파리(피해율),경기도,0.0
202600204FC01010101322002,논벼,기본조사,벼관찰포,2026,2,벼줄기굴파리(발생면적율),경기도,0.0
202600204FC01010101322002,논벼,기본조사,벼관찰포,2026,2,벼물바구미(발생추정면적),경기도,76.729
202600204FC01010101322002,논벼,기본조사,벼관찰포,2026,2,벼물바구미(감수율),경기도,0.001
202600204FC01010101322002,논벼,기본조사,벼관찰포,2026,2,벼물바구미(피해율),경기도,0.004
202600204FC01010101322002,논벼,기본조사,벼관찰포,2026,2,벼물바구미(발생면적율),경기도,0.128
202600204FC01010101322002,논벼,기본조사,벼관찰포,2026,2,애멸구(발생추정면적),경기도,0.0
202600204FC01010101322002,논벼,기본조사,벼관찰포,2026,2,애멸구(감수율),경기도,0.0
202600204FC01010101322002,논벼,기본조사,벼관찰포,2026,2,애멸구(피해율),경기도,0.0
202600204FC01010101322002,논벼,기본조사,벼관찰포,2026,2,애멸구(발생면적율),경기도,0.0
202600204FC01010101322002,논벼,기본조사,벼관찰포,2026,2,끝동매미충(발생추정면적),경기도,0.0
202600204FC01010101322002,논벼,기본조사,벼관찰포,2026,2,끝동매미충(감수율),경기도,0.0
202600204FC01010101322002,논벼,기본조사,벼관찰포,2026,2,끝동매미충(피해율),경기도,0.0
202600204FC01010101322002,논벼,기본조사,벼관찰포,2026,2,끝동매미충(발생면적율),경기도,0.0
202600204FC01010101322002,논벼,기본조사,벼관찰포,2026,2,멸강나방(발생추정면적),경기도,0.0
202600204FC01010101322002,논벼,기본조사,벼관찰포,2026,2,멸강나방(감수율),경기도,0.0
202600204FC01010101322002,논벼,기본조사,벼관찰포,2026,2,멸강나방(피해율),경기도,0.0
202600204FC01010101322002,논벼,기본조사,벼관찰포,2026,2,멸강나방(발생면적율),경기도,0.0
202600204FC01010101322002,논벼,기본조사,벼관찰포,2026,2,벼잎선충(발생추정면적),경기도,0.0
202600204FC01010101322002,논벼,기본조사,벼관찰포,2026,2,벼잎선충(감수율),경기도,0.0
202600204FC01010101322002,논벼,기본조사,벼관찰포,2026,2,벼잎선충(피해율),경기도,0.0
202600204FC01010101322002,논벼,기본조사,벼관찰포,2026,2,벼잎선충(발생면적율),경기도,0.0
202600204FC01010101322002,논벼,기본조사,벼관찰포,2026,2,잎도열병(발생추정면적),강원특별자치도,0.0
202600204FC01010101322002,논벼,기본조사,벼관찰포,2026,2,잎도열병(감수율),강원특별자치도,0.0
202600204FC01010101322002,논벼,기본조사,벼관찰포,2026,2,잎도열병(피해율),강원특별자치도,0.0
202600204FC01010101322002,논벼,기본조사,벼관찰포,2026,2,잎도열병(발생면적율),강원특별자치도,0.0
202600204FC01010101322002,논벼,기본조사,벼관찰포,2026,2,이삭도열병(발생추정면적),강원특별자치도,0.0
202600204FC01010101322002,논벼,기본조사,벼관찰포,2026,2,이삭도열병(감수율),강원특별자치도,0.0
202600204FC01010101322002,논벼,기본조사,벼관찰포,2026,2,이삭도열병(피해율),강원특별자치도,0.0
202600204FC01010101322002,논벼,기본조사,벼관찰포,2026,2,이삭도열병(발생면적율),강원특별자치도,0.0
202600204FC01010101322002,논벼,기본조사,벼관찰포,2026,2,세균벼알마름병(발생추정면적),강원특별자치도,0.0
202600204FC01010101322002,논벼,기본조사,벼관찰포,2026,2,세균벼알마름병(감수율),강원특별자치도,0.0
202600204FC01010101322002,논벼,기본조사,벼관찰포,2026,2,세균벼알마름병(피해율),강원특별자치도,0.0
202600204FC01010101322002,논벼,기본조사,벼관찰포,2026,2,세균벼알마름병(발생면적율),강원특별자치도,0.0
202600204FC01010101322002,논벼,기본조사,벼관찰포,2026,2,흰잎마름병(발생추정면적),강원특별자치도,0.0
202600204FC01010101322002,논벼,기본조사,벼관찰포,2026,2,흰잎마름병(감수율),강원특별자치도,0.0
202600204FC01010101322002,논벼,기본조사,벼관찰포,2026,2,흰잎마름병(피해율),강원특별자치도,0.0
202600204FC01010101322002,논벼,기본조사,벼관찰포,2026,2,흰잎마름병(발생면적율),강원특별자치도,0.0
202600204FC01010101322002,논벼,기본조사,벼관찰포,2026,2,깨씨무늬병(발생추정면적),강원특별자치도,0.0
202600204FC01010101322002,논벼,기본조사,벼관찰포,2026,2,깨씨무늬병(감수율),강원특별자치도,0.0
202600204FC01010101322002,논벼,기본조사,벼관찰포,2026,2,깨씨무늬병(피해율),강원특별자치도,0.0
202600204FC01010101322002,논벼,기본조사,벼관찰포,2026,2,깨씨무늬병(발생면적율),강원특별자치도,0.0
202600204FC01010101322002,논벼,기본조사,벼관찰포,2026,2,바이러스병(발생추정면적),강원특별자치도,0.0
202600204FC01010101322002,논벼,기본조사,벼관찰포,2026,2,바이러스병(감수율),강원특별자치도,0.0
202600204FC01010101322002,논벼,기본조사,벼관찰포,2026,2,바이러스병(피해율),강원특별자치도,0.0
202600204FC01010101322002,논벼,기본조사,벼관찰포,2026,2,바이러스병(발생면적율),강원특별자치도,0.0
202600204FC01010101322002,논벼,기본조사,벼관찰포,2026,2,이화명나방(발생추정면적),강원특별자치도,0.0
202600204FC01010101322002,논벼,기본조사,벼관찰포,2026,2,이화명나방(감수율),강원특별자치도,0.0
202600204FC01010101322002,논벼,기본조사,벼관찰포,2026,2,이화명나방(피해율),강원특별자치도,0.0
202600204FC01010101322002,논벼,기본조사,벼관찰포,2026,2,이화명나방(발생면적율),강원특별자치도,0.0
202600204FC01010101322002,논벼,기본조사,벼관찰포,2026,2,혹명나방(발생추정면적),강원특별자치도,0.0
202600204FC01010101322002,논벼,기본조사,벼관찰포,2026,2,혹명나방(감수율),강원특별자치도,0.0
202600204FC01010101322002,논벼,기본조사,벼관찰포,2026,2,혹명나방(피해율),강원특별자치도,0.0
202600204FC01010101322002,논벼,기본조사,벼관찰포,2026,2,혹명나방(발생면적율),강원특별자치도,0.0
202600204FC01010101322002,논벼,기본조사,벼관찰포,2026,2,먹노린재(발생추정면적),강원특별자치도,0.0
202600204FC01010101322002,논벼,기본조사,벼관찰포,2026,2,먹노린재(감수율),강원특별자치도,0.0
202600204FC01010101322002,논벼,기본조사,벼관찰포,2026,2,먹노린재(피해율),강원특별자치도,0.0
202600204FC01010101322002,논벼,기본조사,벼관찰포,2026,2,먹노린재(발생면적율),강원특별자치도,0.0
202600204FC01010101322002,논벼,기본조사,벼관찰포,2026,2,벼멸구(발생추정면적),강원특별자치도,0.0
202600204FC01010101322002,논벼,기본조사,벼관찰포,2026,2,벼멸구(감수율),강원특별자치도,0.0
202600204FC01010101322002,논벼,기본조사,벼관찰포,2026,2,벼멸구(피해율),강원특별자치도,0.0
202600204FC01010101322002,논벼,기본조사,벼관찰포,2026,2,벼멸구(발생면적율),강원특별자치도,0.0
202600204FC01010101322002,논벼,기본조사,벼관찰포,2026,2,흰등멸구(발생추정면적),강원특별자치도,0.0
202600204FC01010101322002,논벼,기본조사,벼관찰포,2026,2,흰등멸구(감수율),강원특별자치도,0.0
202600204FC01010101322002,논벼,기본조사,벼관찰포,2026,2,흰등멸구(피해율),강원특별자치도,0.0
202600204FC01010101322002,논벼,기본조사,벼관찰포,2026,2,흰등멸구(발생면적율),강원특별자치도,0.0
202600204FC01010101322002,논벼,기본조사,벼관찰포,2026,2,잎집무늬마름병(발생추정면적),강원특별자치도,0.0
202600204FC01010101322002,논벼,기본조사,벼관찰포,2026,2,잎집무늬마름병(감수율),강원특별자치도,0.0
202600204FC01010101322002,논벼,기본조사,벼관찰포,2026,2,잎집무늬마름병(피해율),강원특별자치도,0.0
202600204FC01010101322002,논벼,기본조사,벼관찰포,2026,2,잎집무늬마름병(발생면적율),강원특별자치도,0.0
202600204FC01010101322002,논벼,기본조사,벼관찰포,2026,2,키다리병(발생추정면적),강원특별자치도,0.0
202600204FC01010101322002,논벼,기본조사,벼관찰포,2026,2,키다리병(감수율),강원특별자치도,0.0
202600204FC01010101322002,논벼,기본조사,벼관찰포,2026,2,키다리병(피해율),강원특별자치도,0.0
202600204FC01010101322002,논벼,기본조사,벼관찰포,2026,2,키다리병(발생면적율),강원특별자치도,0.0
202600204FC01010101322002,논벼,기본조사,벼관찰포,2026,2,이삭누룩병(발생추정면적),강원특별자치도,0.0
202600204FC01010101322002,논벼,기본조사,벼관찰포,2026,2,이삭누룩병(감수율),강원특별자치도,0.0
202600204FC01010101322002,논벼,기본조사,벼관찰포,2026,2,이삭누룩병(피해율),강원특별자치도,0.0
202600204FC01010101322002,논벼,기본조사,벼관찰포,2026,2,이삭누룩병(발생면적율),강원특별자치도,0.0
202600204FC01010101322002,논벼,기본조사,벼관찰포,2026,2,벼잎벌레(발생추정면적),강원특별자치도,0.0
202600204FC01010101322002,논벼,기본조사,벼관찰포,2026,2,벼잎벌레(감수율),강원특별자치도,0.0
202600204FC01010101322002,논벼,기본조사,벼관찰포,2026,2,벼잎벌레(피해율),강원특별자치도,0.0
202600204FC01010101322002,논벼,기본조사,벼관찰포,2026,2,벼잎벌레(발생면적율),강원특별자치도,0.0
202600204FC01010101322002,논벼,기본조사,벼관찰포,2026,2,벼애나방(발생추정면적),강원특별자치도,0.0
202600204FC01010101322002,논벼,기본조사,벼관찰포,2026,2,벼애나방(감수율),강원특별자치도,0.0
202600204FC01010101322002,논벼,기본조사,벼관찰포,2026,2,벼애나방(피해율),강원특별자치도,0.0
202600204FC01010101322002,논벼,기본조사,벼관찰포,2026,2,벼애나방(발생면적율),강원특별자치도,0.0
202600204FC01010101322002,논벼,기본조사,벼관찰포,2026,2,벼애잎굴파리(발생추정면적),강원특별자치도,0.0
202600204FC01010101322002,논벼,기본조사,벼관찰포,2026,2,벼애잎굴파리(감수율),강원특별자치도,0.0
202600204FC01010101322002,논벼,기본조사,벼관찰포,2026,2,벼애잎굴파리(피해율),강원특별자치도,0.0
202600204FC01010101322002,논벼,기본조사,벼관찰포,2026,2,벼애잎굴파리(발생면적율),강원특별자치도,0.0
202600204FC01010101322002,논벼,기본조사,벼관찰포,2026,2,벼줄기굴파리(발생추정면적),강원특별자치도,0.0
202600204FC01010101322002,논벼,기본조사,벼관찰포,2026,2,벼줄기굴파리(감수율),강원특별자치도,0.0
202600204FC01010101322002,논벼,기본조사,벼관찰포,2026,2,벼줄기굴파리(피해율),강원특별자치도,0.0
202600204FC01010101322002,논벼,기본조사,벼관찰포,2026,2,벼줄기굴파리(발생면적율),강원특별자치도,0.0
202600204FC01010101322002,논벼,기본조사,벼관찰포,2026,2,벼물바구미(발생추정면적),강원특별자치도,66.133
202600204FC01010101322002,논벼,기본조사,벼관찰포,2026,2,벼물바구미(감수율),강원특별자치도,0.002
202600204FC01010101322002,논벼,기본조사,벼관찰포,2026,2,벼물바구미(피해율),강원특별자치도,0.008
202600204FC01010101322002,논벼,기본조사,벼관찰포,2026,2,벼물바구미(발생면적율),강원특별자치도,0.257
202600204FC01010101322002,논벼,기본조사,벼관찰포,2026,2,애멸구(발생추정면적),강원특별자치도,0.0
202600204FC01010101322002,논벼,기본조사,벼관찰포,2026,2,애멸구(감수율),강원특별자치도,0.0
202600204FC01010101322002,논벼,기본조사,벼관찰포,2026,2,애멸구(피해율),강원특별자치도,0.0
202600204FC01010101322002,논벼,기본조사,벼관찰포,2026,2,애멸구(발생면적율),강원특별자치도,0.0
202600204FC01010101322002,논벼,기본조사,벼관찰포,2026,2,끝동매미충(발생추정면적),강원특별자치도,0.0
202600204FC01010101322002,논벼,기본조사,벼관찰포,2026,2,끝동매미충(감수율),강원특별자치도,0.0
202600204FC01010101322002,논벼,기본조사,벼관찰포,2026,2,끝동매미충(피해율),강원특별자치도,0.0
202600204FC01010101322002,논벼,기본조사,벼관찰포,2026,2,끝동매미충(발생면적율),강원특별자치도,0.0
202600204FC01010101322002,논벼,기본조사,벼관찰포,2026,2,멸강나방(발생추정면적),강원특별자치도,0.0
202600204FC01010101322002,논벼,기본조사,벼관찰포,2026,2,멸강나방(감수율),강원특별자치도,0.0
202600204FC01010101322002,논벼,기본조사,벼관찰포,2026,2,멸강나방(피해율),강원특별자치도,0.0
202600204FC01010101322002,논벼,기본조사,벼관찰포,2026,2,멸강나방(발생면적율),강원특별자치도,0.0
202600204FC01010101322002,논벼,기본조사,벼관찰포,2026,2,벼잎선충(발생추정면적),강원특별자치도,0.0
202600204FC01010101322002,논벼,기본조사,벼관찰포,2026,2,벼잎선충(감수율),강원특별자치도,0.0
202600204FC01010101322002,논벼,기본조사,벼관찰포,2026,2,벼잎선충(피해율),강원특별자치도,0.0
202600204FC01010101322002,논벼,기본조사,벼관찰포,2026,2,벼잎선충(발생면적율),강원특별자치도,0.0
202600204FC01010101322002,논벼,기본조사,벼관찰포,2026,2,잎도열병(발생추정면적),충청북도,0.0
202600204FC01010101322002,논벼,기본조사,벼관찰포,2026,2,잎도열병(감수율),충청북도,0.0
202600204FC01010101322002,논벼,기본조사,벼관찰포,2026,2,잎도열병(피해율),충청북도,0.0
202600204FC01010101322002,논벼,기본조사,벼관찰포,2026,2,잎도열병(발생면적율),충청북도,0.0
202600204FC01010101322002,논벼,기본조사,벼관찰포,2026,2,이삭도열병(발생추정면적),충청북도,0.0
202600204FC01010101322002,논벼,기본조사,벼관찰포,2026,2,이삭도열병(감수율),충청북도,0.0
202600204FC01010101322002,논벼,기본조사,벼관찰포,2026,2,이삭도열병(피해율),충청북도,0.0
202600204FC01010101322002,논벼,기본조사,벼관찰포,2026,2,이삭도열병(발생면적율),충청북도,0.0
202600204FC01010101322002,논벼,기본조사,벼관찰포,2026,2,세균벼알마름병(발생추정면적),충청북도,0.0
202600204FC01010101322002,논벼,기본조사,벼관찰포,2026,2,세균벼알마름병(감수율),충청북도,0.0
202600204FC01010101322002,논벼,기본조사,벼관찰포,2026,2,세균벼알마름병(피해율),충청북도,0.0
202600204FC01010101322002,논벼,기본조사,벼관찰포,2026,2,세균벼알마름병(발생면적율),충청북도,0.0
202600204FC01010101322002,논벼,기본조사,벼관찰포,2026,2,흰잎마름병(발생추정면적),충청북도,0.0
202600204FC01010101322002,논벼,기본조사,벼관찰포,2026,2,흰잎마름병(감수율),충청북도,0.0
202600204FC01010101322002,논벼,기본조사,벼관찰포,2026,2,흰잎마름병(피해율),충청북도,0.0
202600204FC01010101322002,논벼,기본조사,벼관찰포,2026,2,흰잎마름병(발생면적율),충청북도,0.0
202600204FC01010101322002,논벼,기본조사,벼관찰포,2026,2,깨씨무늬병(발생추정면적),충청북도,0.0
202600204FC01010101322002,논벼,기본조사,벼관찰포,2026,2,깨씨무늬병(감수율),충청북도,0.0
202600204FC01010101322002,논벼,기본조사,벼관찰포,2026,2,깨씨무늬병(피해율),충청북도,0.0
202600204FC01010101322002,논벼,기본조사,벼관찰포,2026,2,깨씨무늬병(발생면적율),충청북도,0.0
202600204FC01010101322002,논벼,기본조사,벼관찰포,2026,2,바이러스병(발생추정면적),충청북도,0.0
202600204FC01010101322002,논벼,기본조사,벼관찰포,2026,2,바이러스병(감수율),충청북도,0.0
202600204FC01010101322002,논벼,기본조사,벼관찰포,2026,2,바이러스병(피해율),충청북도,0.0
202600204FC01010101322002,논벼,기본조사,벼관찰포,2026,2,바이러스병(발생면적율),충청북도,0.0
202600204FC01010101322002,논벼,기본조사,벼관찰포,2026,2,이화명나방(발생추정면적),충청북도,0.283
202600204FC01010101322002,논벼,기본조사,벼관찰포,2026,2,이화명나방(감수율),충청북도,0.0
202600204FC01010101322002,논벼,기본조사,벼관찰포,2026,2,이화명나방(피해율),충청북도,0.0
202600204FC01010101322002,논벼,기본조사,벼관찰포,2026,2,이화명나방(발생면적율),충청북도,0.001
202600204FC01010101322002,논벼,기본조사,벼관찰포,2026,2,혹명나방(발생추정면적),충청북도,0.0
202600204FC01010101322002,논벼,기본조사,벼관찰포,2026,2,혹명나방(감수율),충청북도,0.0
202600204FC01010101322002,논벼,기본조사,벼관찰포,2026,2,혹명나방(피해율),충청북도,0.0
202600204FC01010101322002,논벼,기본조사,벼관찰포,2026,2,혹명나방(발생면적율),충청북도,0.0
202600204FC01010101322002,논벼,기본조사,벼관찰포,2026,2,먹노린재(발생추정면적),충청북도,0.0
202600204FC01010101322002,논벼,기본조사,벼관찰포,2026,2,먹노린재(감수율),충청북도,0.0
202600204FC01010101322002,논벼,기본조사,벼관찰포,2026,2,먹노린재(피해율),충청북도,0.0
202600204FC01010101322002,논벼,기본조사,벼관찰포,2026,2,먹노린재(발생면적율),충청북도,0.0
202600204FC01010101322002,논벼,기본조사,벼관찰포,2026,2,벼멸구(발생추정면적),충청북도,0.0
202600204FC01010101322002,논벼,기본조사,벼관찰포,2026,2,벼멸구(감수율),충청북도,0.0
202600204FC01010101322002,논벼,기본조사,벼관찰포,2026,2,벼멸구(피해율),충청북도,0.0
202600204FC01010101322002,논벼,기본조사,벼관찰포,2026,2,벼멸구(발생면적율),충청북도,0.0
202600204FC01010101322002,논벼,기본조사,벼관찰포,2026,2,흰등멸구(발생추정면적),충청북도,0.0
202600204FC01010101322002,논벼,기본조사,벼관찰포,2026,2,흰등멸구(감수율),충청북도,0.0
202600204FC01010101322002,논벼,기본조사,벼관찰포,2026,2,흰등멸구(피해율),충청북도,0.0
202600204FC01010101322002,논벼,기본조사,벼관찰포,2026,2,흰등멸구(발생면적율),충청북도,0.0
202600204FC01010101322002,논벼,기본조사,벼관찰포,2026,2,잎집무늬마름병(발생추정면적),충청북도,0.0
202600204FC01010101322002,논벼,기본조사,벼관찰포,2026,2,잎집무늬마름병(감수율),충청북도,0.0
202600204FC01010101322002,논벼,기본조사,벼관찰포,2026,2,잎집무늬마름병(피해율),충청북도,0.0
202600204FC01010101322002,논벼,기본조사,벼관찰포,2026,2,잎집무늬마름병(발생면적율),충청북도,0.0
202600204FC01010101322002,논벼,기본조사,벼관찰포,2026,2,키다리병(발생추정면적),충청북도,0.0
202600204FC01010101322002,논벼,기본조사,벼관찰포,2026,2,키다리병(감수율),충청북도,0.0
202600204FC01010101322002,논벼,기본조사,벼관찰포,2026,2,키다리병(피해율),충청북도,0.0
202600204FC01010101322002,논벼,기본조사,벼관찰포,2026,2,키다리병(발생면적율),충청북도,0.0
202600204FC01010101322002,논벼,기본조사,벼관찰포,2026,2,이삭누룩병(발생추정면적),충청북도,0.0
202600204FC01010101322002,논벼,기본조사,벼관찰포,2026,2,이삭누룩병(감수율),충청북도,0.0
202600204FC01010101322002,논벼,기본조사,벼관찰포,2026,2,이삭누룩병(피해율),충청북도,0.0
202600204FC01010101322002,논벼,기본조사,벼관찰포,2026,2,이삭누룩병(발생면적율),충청북도,0.0
202600204FC01010101322002,논벼,기본조사,벼관찰포,2026,2,벼잎벌레(발생추정면적),충청북도,0.0
202600204FC01010101322002,논벼,기본조사,벼관찰포,2026,2,벼잎벌레(감수율),충청북도,0.0
202600204FC01010101322002,논벼,기본조사,벼관찰포,2026,2,벼잎벌레(피해율),충청북도,0.0
202600204FC01010101322002,논벼,기본조사,벼관찰포,2026,2,벼잎벌레(발생면적율),충청북도,0.0
202600204FC01010101322002,논벼,기본조사,벼관찰포,2026,2,벼애나방(발생추정면적),충청북도,0.0
202600204FC01010101322002,논벼,기본조사,벼관찰포,2026,2,벼애나방(감수율),충청북도,0.0
202600204FC01010101322002,논벼,기본조사,벼관찰포,2026,2,벼애나방(피해율),충청북도,0.0
202600204FC01010101322002,논벼,기본조사,벼관찰포,2026,2,벼애나방(발생면적율),충청북도,0.0
202600204FC01010101322002,논벼,기본조사,벼관찰포,2026,2,벼애잎굴파리(발생추정면적),충청북도,0.0
202600204FC01010101322002,논벼,기본조사,벼관찰포,2026,2,벼애잎굴파리(감수율),충청북도,0.0
202600204FC01010101322002,논벼,기본조사,벼관찰포,2026,2,벼애잎굴파리(피해율),충청북도,0.0
202600204FC01010101322002,논벼,기본조사,벼관찰포,2026,2,벼애잎굴파리(발생면적율),충청북도,0.0
202600204FC01010101322002,논벼,기본조사,벼관찰포,2026,2,벼줄기굴파리(발생추정면적),충청북도,0.0
202600204FC01010101322002,논벼,기본조사,벼관찰포,2026,2,벼줄기굴파리(감수율),충청북도,0.0
202600204FC01010101322002,논벼,기본조사,벼관찰포,2026,2,벼줄기굴파리(피해율),충청북도,0.0
202600204FC01010101322002,논벼,기본조사,벼관찰포,2026,2,벼줄기굴파리(발생면적율),충청북도,0.0
202600204FC01010101322002,논벼,기본조사,벼관찰포,2026,2,벼물바구미(발생추정면적),충청북도,0.708
202600204FC01010101322002,논벼,기본조사,벼관찰포,2026,2,벼물바구미(감수율),충청북도,0.0
202600204FC01010101322002,논벼,기본조사,벼관찰포,2026,2,벼물바구미(피해율),충청북도,0.0
202600204FC01010101322002,논벼,기본조사,벼관찰포,2026,2,벼물바구미(발생면적율),충청북도,0.002
202600204FC01010101322002,논벼,기본조사,벼관찰포,2026,2,애멸구(발생추정면적),충청북도,0.0
202600204FC01010101322002,논벼,기본조사,벼관찰포,2026,2,애멸구(감수율),충청북도,0.0
202600204FC01010101322002,논벼,기본조사,벼관찰포,2026,2,애멸구(피해율),충청북도,0.0
202600204FC01010101322002,논벼,기본조사,벼관찰포,2026,2,애멸구(발생면적율),충청북도,0.0
202600204FC01010101322002,논벼,기본조사,벼관찰포,2026,2,끝동매미충(발생추정면적),충청북도,0.0
202600204FC01010101322002,논벼,기본조사,벼관찰포,2026,2,끝동매미충(감수율),충청북도,0.0
202600204FC01010101322002,논벼,기본조사,벼관찰포,2026,2,끝동매미충(피해율),충청북도,0.0
202600204FC01010101322002,논벼,기본조사,벼관찰포,2026,2,끝동매미충(발생면적율),충청북도,0.0
202600204FC01010101322002,논벼,기본조사,벼관찰포,2026,2,멸강나방(발생추정면적),충청북도,0.0
202600204FC01010101322002,논벼,기본조사,벼관찰포,2026,2,멸강나방(감수율),충청북도,0.0
202600204FC01010101322002,논벼,기본조사,벼관찰포,2026,2,멸강나방(피해율),충청북도,0.0
202600204FC01010101322002,논벼,기본조사,벼관찰포,2026,2,멸강나방(발생면적율),충청북도,0.0
202600204FC01010101322002,논벼,기본조사,벼관찰포,2026,2,벼잎선충(발생추정면적),충청북도,0.0
202600204FC01010101322002,논벼,기본조사,벼관찰포,2026,2,벼잎선충(감수율),충청북도,0.0
202600204FC01010101322002,논벼,기본조사,벼관찰포,2026,2,벼잎선충(피해율),충청북도,0.0
202600204FC01010101322002,논벼,기본조사,벼관찰포,2026,2,벼잎선충(발생면적율),충청북도,0.0
202600204FC01010101322002,논벼,기본조사,벼관찰포,2026,2,잎도열병(발생추정면적),충청남도,4.595
202600204FC01010101322002,논벼,기본조사,벼관찰포,2026,2,잎도열병(감수율),충청남도,0.0
202600204FC01010101322002,논벼,기본조사,벼관찰포,2026,2,잎도열병(피해율),충청남도,0.0
202600204FC01010101322002,논벼,기본조사,벼관찰포,2026,2,잎도열병(발생면적율),충청남도,0.004
202600204FC01010101322002,논벼,기본조사,벼관찰포,2026,2,이삭도열병(발생추정면적),충청남도,0.0
202600204FC01010101322002,논벼,기본조사,벼관찰포,2026,2,이삭도열병(감수율),충청남도,0.0
202600204FC01010101322002,논벼,기본조사,벼관찰포,2026,2,이삭도열병(피해율),충청남도,0.0
202600204FC01010101322002,논벼,기본조사,벼관찰포,2026,2,이삭도열병(발생면적율),충청남도,0.0
202600204FC01010101322002,논벼,기본조사,벼관찰포,2026,2,세균벼알마름병(발생추정면적),충청남도,4.893
202600204FC01010101322002,논벼,기본조사,벼관찰포,2026,2,세균벼알마름병(감수율),충청남도,0.0
202600204FC01010101322002,논벼,기본조사,벼관찰포,2026,2,세균벼알마름병(피해율),충청남도,0.0
202600204FC01010101322002,논벼,기본조사,벼관찰포,2026,2,세균벼알마름병(발생면적율),충청남도,0.004
202600204FC01010101322002,논벼,기본조사,벼관찰포,2026,2,흰잎마름병(발생추정면적),충청남도,0.0
202600204FC01010101322002,논벼,기본조사,벼관찰포,2026,2,흰잎마름병(감수율),충청남도,0.0
202600204FC01010101322002,논벼,기본조사,벼관찰포,2026,2,흰잎마름병(피해율),충청남도,0.0
202600204FC01010101322002,논벼,기본조사,벼관찰포,2026,2,흰잎마름병(발생면적율),충청남도,0.0
202600204FC01010101322002,논벼,기본조사,벼관찰포,2026,2,깨씨무늬병(발생추정면적),충청남도,9.786
202600204FC01010101322002,논벼,기본조사,벼관찰포,2026,2,깨씨무늬병(감수율),충청남도,0.0
202600204FC01010101322002,논벼,기본조사,벼관찰포,2026,2,깨씨무늬병(피해율),충청남도,0.0
202600204FC01010101322002,논벼,기본조사,벼관찰포,2026,2,깨씨무늬병(발생면적율),충청남도,0.008
202600204FC01010101322002,논벼,기본조사,벼관찰포,2026,2,바이러스병(발생추정면적),충청남도,0.742
202600204FC01010101322002,논벼,기본조사,벼관찰포,2026,2,바이러스병(감수율),충청남도,0.0
202600204FC01010101322002,논벼,기본조사,벼관찰포,2026,2,바이러스병(피해율),충청남도,0.0
202600204FC01010101322002,논벼,기본조사,벼관찰포,2026,2,바이러스병(발생면적율),충청남도,0.001
202600204FC01010101322002,논벼,기본조사,벼관찰포,2026,2,이화명나방(발생추정면적),충청남도,0.0
202600204FC01010101322002,논벼,기본조사,벼관찰포,2026,2,이화명나방(감수율),충청남도,0.0
202600204FC01010101322002,논벼,기본조사,벼관찰포,2026,2,이화명나방(피해율),충청남도,0.0
202600204FC01010101322002,논벼,기본조사,벼관찰포,2026,2,이화명나방(발생면적율),충청남도,0.0
202600204FC01010101322002,논벼,기본조사,벼관찰포,2026,2,혹명나방(발생추정면적),충청남도,0.0
202600204FC01010101322002,논벼,기본조사,벼관찰포,2026,2,혹명나방(감수율),충청남도,0.0
202600204FC01010101322002,논벼,기본조사,벼관찰포,2026,2,혹명나방(피해율),충청남도,0.0
202600204FC01010101322002,논벼,기본조사,벼관찰포,2026,2,혹명나방(발생면적율),충청남도,0.0
202600204FC01010101322002,논벼,기본조사,벼관찰포,2026,2,먹노린재(발생추정면적),충청남도,9.19
202600204FC01010101322002,논벼,기본조사,벼관찰포,2026,2,먹노린재(감수율),충청남도,0.0
202600204FC01010101322002,논벼,기본조사,벼관찰포,2026,2,먹노린재(피해율),충청남도,0.0
202600204FC01010101322002,논벼,기본조사,벼관찰포,2026,2,먹노린재(발생면적율),충청남도,0.007
202600204FC01010101322002,논벼,기본조사,벼관찰포,2026,2,벼멸구(발생추정면적),충청남도,0.0
202600204FC01010101322002,논벼,기본조사,벼관찰포,2026,2,벼멸구(감수율),충청남도,0.0
202600204FC01010101322002,논벼,기본조사,벼관찰포,2026,2,벼멸구(피해율),충청남도,0.0
202600204FC01010101322002,논벼,기본조사,벼관찰포,2026,2,벼멸구(발생면적율),충청남도,0.0
202600204FC01010101322002,논벼,기본조사,벼관찰포,2026,2,흰등멸구(발생추정면적),충청남도,0.679
202600204FC01010101322002,논벼,기본조사,벼관찰포,2026,2,흰등멸구(감수율),충청남도,0.0
202600204FC01010101322002,논벼,기본조사,벼관찰포,2026,2,흰등멸구(피해율),충청남도,0.0
202600204FC01010101322002,논벼,기본조사,벼관찰포,2026,2,흰등멸구(발생면적율),충청남도,0.001
202600204FC01010101322002,논벼,기본조사,벼관찰포,2026,2,잎집무늬마름병(발생추정면적),충청남도,0.0
202600204FC01010101322002,논벼,기본조사,벼관찰포,2026,2,잎집무늬마름병(감수율),충청남도,0.0
202600204FC01010101322002,논벼,기본조사,벼관찰포,2026,2,잎집무늬마름병(피해율),충청남도,0.0
202600204FC01010101322002,논벼,기본조사,벼관찰포,2026,2,잎집무늬마름병(발생면적율),충청남도,0.0
202600204FC01010101322002,논벼,기본조사,벼관찰포,2026,2,키다리병(발생추정면적),충청남도,0.0
202600204FC01010101322002,논벼,기본조사,벼관찰포,2026,2,키다리병(감수율),충청남도,0.0
202600204FC01010101322002,논벼,기본조사,벼관찰포,2026,2,키다리병(피해율),충청남도,0.0
202600204FC01010101322002,논벼,기본조사,벼관찰포,2026,2,키다리병(발생면적율),충청남도,0.0
202600204FC01010101322002,논벼,기본조사,벼관찰포,2026,2,이삭누룩병(발생추정면적),충청남도,0.0
202600204FC01010101322002,논벼,기본조사,벼관찰포,2026,2,이삭누룩병(감수율),충청남도,0.0
202600204FC01010101322002,논벼,기본조사,벼관찰포,2026,2,이삭누룩병(피해율),충청남도,0.0
202600204FC01010101322002,논벼,기본조사,벼관찰포,2026,2,이삭누룩병(발생면적율),충청남도,0.0
202600204FC01010101322002,논벼,기본조사,벼관찰포,2026,2,벼잎벌레(발생추정면적),충청남도,95.077
202600204FC01010101322002,논벼,기본조사,벼관찰포,2026,2,벼잎벌레(감수율),충청남도,0.003
202600204FC01010101322002,논벼,기본조사,벼관찰포,2026,2,벼잎벌레(피해율),충청남도,0.015
202600204FC01010101322002,논벼,기본조사,벼관찰포,2026,2,벼잎벌레(발생면적율),충청남도,0.077
202600204FC01010101322002,논벼,기본조사,벼관찰포,2026,2,벼애나방(발생추정면적),충청남도,0.0
202600204FC01010101322002,논벼,기본조사,벼관찰포,2026,2,벼애나방(감수율),충청남도,0.0
202600204FC01010101322002,논벼,기본조사,벼관찰포,2026,2,벼애나방(피해율),충청남도,0.0
202600204FC01010101322002,논벼,기본조사,벼관찰포,2026,2,벼애나방(발생면적율),충청남도,0.0
202600204FC01010101322002,논벼,기본조사,벼관찰포,2026,2,벼애잎굴파리(발생추정면적),충청남도,29.886
202600204FC01010101322002,논벼,기본조사,벼관찰포,2026,2,벼애잎굴파리(감수율),충청남도,0.0
202600204FC01010101322002,논벼,기본조사,벼관찰포,2026,2,벼애잎굴파리(피해율),충청남도,0.001
202600204FC01010101322002,논벼,기본조사,벼관찰포,2026,2,벼애잎굴파리(발생면적율),충청남도,0.024
202600204FC01010101322002,논벼,기본조사,벼관찰포,2026,2,벼줄기굴파리(발생추정면적),충청남도,0.0
202600204FC01010101322002,논벼,기본조사,벼관찰포,2026,2,벼줄기굴파리(감수율),충청남도,0.0
202600204FC01010101322002,논벼,기본조사,벼관찰포,2026,2,벼줄기굴파리(피해율),충청남도,0.0
202600204FC01010101322002,논벼,기본조사,벼관찰포,2026,2,벼줄기굴파리(발생면적율),충청남도,0.0
202600204FC01010101322002,논벼,기본조사,벼관찰포,2026,2,벼물바구미(발생추정면적),충청남도,33.208
202600204FC01010101322002,논벼,기본조사,벼관찰포,2026,2,벼물바구미(감수율),충청남도,0.0
202600204FC01010101322002,논벼,기본조사,벼관찰포,2026,2,벼물바구미(피해율),충청남도,0.001
202600204FC01010101322002,논벼,기본조사,벼관찰포,2026,2,벼물바구미(발생면적율),충청남도,0.027
202600204FC01010101322002,논벼,기본조사,벼관찰포,2026,2,애멸구(발생추정면적),충청남도,0.34
202600204FC01010101322002,논벼,기본조사,벼관찰포,2026,2,애멸구(감수율),충청남도,0.0
202600204FC01010101322002,논벼,기본조사,벼관찰포,2026,2,애멸구(피해율),충청남도,0.0
202600204FC01010101322002,논벼,기본조사,벼관찰포,2026,2,애멸구(발생면적율),충청남도,0.0
202600204FC01010101322002,논벼,기본조사,벼관찰포,2026,2,끝동매미충(발생추정면적),충청남도,1.019
202600204FC01010101322002,논벼,기본조사,벼관찰포,2026,2,끝동매미충(감수율),충청남도,0.0
202600204FC01010101322002,논벼,기본조사,벼관찰포,2026,2,끝동매미충(피해율),충청남도,0.0
202600204FC01010101322002,논벼,기본조사,벼관찰포,2026,2,끝동매미충(발생면적율),충청남도,0.001
202600204FC01010101322002,논벼,기본조사,벼관찰포,2026,2,멸강나방(발생추정면적),충청남도,0.0
202600204FC01010101322002,논벼,기본조사,벼관찰포,2026,2,멸강나방(감수율),충청남도,0.0
202600204FC01010101322002,논벼,기본조사,벼관찰포,2026,2,멸강나방(피해율),충청남도,0.0
202600204FC01010101322002,논벼,기본조사,벼관찰포,2026,2,멸강나방(발생면적율),충청남도,0.0
202600204FC01010101322002,논벼,기본조사,벼관찰포,2026,2,벼잎선충(발생추정면적),충청남도,0.0
202600204FC01010101322002,논벼,기본조사,벼관찰포,2026,2,벼잎선충(감수율),충청남도,0.0
202600204FC01010101322002,논벼,기본조사,벼관찰포,2026,2,벼잎선충(피해율),충청남도,0.0
202600204FC01010101322002,논벼,기본조사,벼관찰포,2026,2,벼잎선충(발생면적율),충청남도,0.0
202600204FC01010101322002,논벼,기본조사,벼관찰포,2026,2,잎도열병(발생추정면적),전북특별자치도,0.0
202600204FC01010101322002,논벼,기본조사,벼관찰포,2026,2,잎도열병(감수율),전북특별자치도,0.0
202600204FC01010101322002,논벼,기본조사,벼관찰포,2026,2,잎도열병(피해율),전북특별자치도,0.0
202600204FC01010101322002,논벼,기본조사,벼관찰포,2026,2,잎도열병(발생면적율),전북특별자치도,0.0
202600204FC01010101322002,논벼,기본조사,벼관찰포,2026,2,이삭도열병(발생추정면적),전북특별자치도,0.0
202600204FC01010101322002,논벼,기본조사,벼관찰포,2026,2,이삭도열병(감수율),전북특별자치도,0.0
202600204FC01010101322002,논벼,기본조사,벼관찰포,2026,2,이삭도열병(피해율),전북특별자치도,0.0
202600204FC01010101322002,논벼,기본조사,벼관찰포,2026,2,이삭도열병(발생면적율),전북특별자치도,0.0
202600204FC01010101322002,논벼,기본조사,벼관찰포,2026,2,세균벼알마름병(발생추정면적),전북특별자치도,0.0
202600204FC01010101322002,논벼,기본조사,벼관찰포,2026,2,세균벼알마름병(감수율),전북특별자치도,0.0
202600204FC01010101322002,논벼,기본조사,벼관찰포,2026,2,세균벼알마름병(피해율),전북특별자치도,0.0
202600204FC01010101322002,논벼,기본조사,벼관찰포,2026,2,세균벼알마름병(발생면적율),전북특별자치도,0.0
202600204FC01010101322002,논벼,기본조사,벼관찰포,2026,2,흰잎마름병(발생추정면적),전북특별자치도,0.0
202600204FC01010101322002,논벼,기본조사,벼관찰포,2026,2,흰잎마름병(감수율),전북특별자치도,0.0
202600204FC01010101322002,논벼,기본조사,벼관찰포,2026,2,흰잎마름병(피해율),전북특별자치도,0.0
202600204FC01010101322002,논벼,기본조사,벼관찰포,2026,2,흰잎마름병(발생면적율),전북특별자치도,0.0
202600204FC01010101322002,논벼,기본조사,벼관찰포,2026,2,깨씨무늬병(발생추정면적),전북특별자치도,0.0
202600204FC01010101322002,논벼,기본조사,벼관찰포,2026,2,깨씨무늬병(감수율),전북특별자치도,0.0
202600204FC01010101322002,논벼,기본조사,벼관찰포,2026,2,깨씨무늬병(피해율),전북특별자치도,0.0
202600204FC01010101322002,논벼,기본조사,벼관찰포,2026,2,깨씨무늬병(발생면적율),전북특별자치도,0.0
202600204FC01010101322002,논벼,기본조사,벼관찰포,2026,2,바이러스병(발생추정면적),전북특별자치도,0.0
202600204FC01010101322002,논벼,기본조사,벼관찰포,2026,2,바이러스병(감수율),전북특별자치도,0.0
202600204FC01010101322002,논벼,기본조사,벼관찰포,2026,2,바이러스병(피해율),전북특별자치도,0.0
202600204FC01010101322002,논벼,기본조사,벼관찰포,2026,2,바이러스병(발생면적율),전북특별자치도,0.0
202600204FC01010101322002,논벼,기본조사,벼관찰포,2026,2,이화명나방(발생추정면적),전북특별자치도,0.0
202600204FC01010101322002,논벼,기본조사,벼관찰포,2026,2,이화명나방(감수율),전북특별자치도,0.0
202600204FC01010101322002,논벼,기본조사,벼관찰포,2026,2,이화명나방(피해율),전북특별자치도,0.0
202600204FC01010101322002,논벼,기본조사,벼관찰포,2026,2,이화명나방(발생면적율),전북특별자치도,0.0
202600204FC01010101322002,논벼,기본조사,벼관찰포,2026,2,혹명나방(발생추정면적),전북특별자치도,0.0
202600204FC01010101322002,논벼,기본조사,벼관찰포,2026,2,혹명나방(감수율),전북특별자치도,0.0
202600204FC01010101322002,논벼,기본조사,벼관찰포,2026,2,혹명나방(피해율),전북특별자치도,0.0
202600204FC01010101322002,논벼,기본조사,벼관찰포,2026,2,혹명나방(발생면적율),전북특별자치도,0.0
202600204FC01010101322002,논벼,기본조사,벼관찰포,2026,2,먹노린재(발생추정면적),전북특별자치도,0.0
202600204FC01010101322002,논벼,기본조사,벼관찰포,2026,2,먹노린재(감수율),전북특별자치도,0.0
202600204FC01010101322002,논벼,기본조사,벼관찰포,2026,2,먹노린재(피해율),전북특별자치도,0.0
202600204FC01010101322002,논벼,기본조사,벼관찰포,2026,2,먹노린재(발생면적율),전북특별자치도,0.0
202600204FC01010101322002,논벼,기본조사,벼관찰포,2026,2,벼멸구(발생추정면적),전북특별자치도,0.0
202600204FC01010101322002,논벼,기본조사,벼관찰포,2026,2,벼멸구(감수율),전북특별자치도,0.0
202600204FC01010101322002,논벼,기본조사,벼관찰포,2026,2,벼멸구(피해율),전북특별자치도,0.0
202600204FC01010101322002,논벼,기본조사,벼관찰포,2026,2,벼멸구(발생면적율),전북특별자치도,0.0
202600204FC01010101322002,논벼,기본조사,벼관찰포,2026,2,흰등멸구(발생추정면적),전북특별자치도,0.0
202600204FC01010101322002,논벼,기본조사,벼관찰포,2026,2,흰등멸구(감수율),전북특별자치도,0.0
202600204FC01010101322002,논벼,기본조사,벼관찰포,2026,2,흰등멸구(피해율),전북특별자치도,0.0
202600204FC01010101322002,논벼,기본조사,벼관찰포,2026,2,흰등멸구(발생면적율),전북특별자치도,0.0
202600204FC01010101322002,논벼,기본조사,벼관찰포,2026,2,잎집무늬마름병(발생추정면적),전북특별자치도,0.0
202600204FC01010101322002,논벼,기본조사,벼관찰포,2026,2,잎집무늬마름병(감수율),전북특별자치도,0.0
202600204FC01010101322002,논벼,기본조사,벼관찰포,2026,2,잎집무늬마름병(피해율),전북특별자치도,0.0
202600204FC01010101322002,논벼,기본조사,벼관찰포,2026,2,잎집무늬마름병(발생면적율),전북특별자치도,0.0
202600204FC01010101322002,논벼,기본조사,벼관찰포,2026,2,키다리병(발생추정면적),전북특별자치도,0.0
202600204FC01010101322002,논벼,기본조사,벼관찰포,2026,2,키다리병(감수율),전북특별자치도,0.0
202600204FC01010101322002,논벼,기본조사,벼관찰포,2026,2,키다리병(피해율),전북특별자치도,0.0
202600204FC01010101322002,논벼,기본조사,벼관찰포,2026,2,키다리병(발생면적율),전북특별자치도,0.0
202600204FC01010101322002,논벼,기본조사,벼관찰포,2026,2,이삭누룩병(발생추정면적),전북특별자치도,0.0
202600204FC01010101322002,논벼,기본조사,벼관찰포,2026,2,이삭누룩병(감수율),전북특별자치도,0.0
202600204FC01010101322002,논벼,기본조사,벼관찰포,2026,2,이삭누룩병(피해율),전북특별자치도,0.0
202600204FC01010101322002,논벼,기본조사,벼관찰포,2026,2,이삭누룩병(발생면적율),전북특별자치도,0.0
202600204FC01010101322002,논벼,기본조사,벼관찰포,2026,2,벼잎벌레(발생추정면적),전북특별자치도,0.0
202600204FC01010101322002,논벼,기본조사,벼관찰포,2026,2,벼잎벌레(감수율),전북특별자치도,0.0
202600204FC01010101322002,논벼,기본조사,벼관찰포,2026,2,벼잎벌레(피해율),전북특별자치도,0.0
202600204FC01010101322002,논벼,기본조사,벼관찰포,2026,2,벼잎벌레(발생면적율),전북특별자치도,0.0
202600204FC01010101322002,논벼,기본조사,벼관찰포,2026,2,벼애나방(발생추정면적),전북특별자치도,0.0
202600204FC01010101322002,논벼,기본조사,벼관찰포,2026,2,벼애나방(감수율),전북특별자치도,0.0
202600204FC01010101322002,논벼,기본조사,벼관찰포,2026,2,벼애나방(피해율),전북특별자치도,0.0
202600204FC01010101322002,논벼,기본조사,벼관찰포,2026,2,벼애나방(발생면적율),전북특별자치도,0.0
202600204FC01010101322002,논벼,기본조사,벼관찰포,2026,2,벼애잎굴파리(발생추정면적),전북특별자치도,0.0
202600204FC01010101322002,논벼,기본조사,벼관찰포,2026,2,벼애잎굴파리(감수율),전북특별자치도,0.0
202600204FC01010101322002,논벼,기본조사,벼관찰포,2026,2,벼애잎굴파리(피해율),전북특별자치도,0.0
202600204FC01010101322002,논벼,기본조사,벼관찰포,2026,2,벼애잎굴파리(발생면적율),전북특별자치도,0.0
202600204FC01010101322002,논벼,기본조사,벼관찰포,2026,2,벼줄기굴파리(발생추정면적),전북특별자치도,0.0
202600204FC01010101322002,논벼,기본조사,벼관찰포,2026,2,벼줄기굴파리(감수율),전북특별자치도,0.0
202600204FC01010101322002,논벼,기본조사,벼관찰포,2026,2,벼줄기굴파리(피해율),전북특별자치도,0.0
202600204FC01010101322002,논벼,기본조사,벼관찰포,2026,2,벼줄기굴파리(발생면적율),전북특별자치도,0.0
202600204FC01010101322002,논벼,기본조사,벼관찰포,2026,2,벼물바구미(발생추정면적),전북특별자치도,11.17
202600204FC01010101322002,논벼,기본조사,벼관찰포,2026,2,벼물바구미(감수율),전북특별자치도,0.0
202600204FC01010101322002,논벼,기본조사,벼관찰포,2026,2,벼물바구미(피해율),전북특별자치도,0.001
202600204FC01010101322002,논벼,기본조사,벼관찰포,2026,2,벼물바구미(발생면적율),전북특별자치도,0.036
202600204FC01010101322002,논벼,기본조사,벼관찰포,2026,2,애멸구(발생추정면적),전북특별자치도,0.0
202600204FC01010101322002,논벼,기본조사,벼관찰포,2026,2,애멸구(감수율),전북특별자치도,0.0
202600204FC01010101322002,논벼,기본조사,벼관찰포,2026,2,애멸구(피해율),전북특별자치도,0.0
202600204FC01010101322002,논벼,기본조사,벼관찰포,2026,2,애멸구(발생면적율),전북특별자치도,0.0
202600204FC01010101322002,논벼,기본조사,벼관찰포,2026,2,끝동매미충(발생추정면적),전북특별자치도,0.0
202600204FC01010101322002,논벼,기본조사,벼관찰포,2026,2,끝동매미충(감수율),전북특별자치도,0.0
202600204FC01010101322002,논벼,기본조사,벼관찰포,2026,2,끝동매미충(피해율),전북특별자치도,0.0
202600204FC01010101322002,논벼,기본조사,벼관찰포,2026,2,끝동매미충(발생면적율),전북특별자치도,0.0
202600204FC01010101322002,논벼,기본조사,벼관찰포,2026,2,멸강나방(발생추정면적),전북특별자치도,0.0
202600204FC01010101322002,논벼,기본조사,벼관찰포,2026,2,멸강나방(감수율),전북특별자치도,0.0
202600204FC01010101322002,논벼,기본조사,벼관찰포,2026,2,멸강나방(피해율),전북특별자치도,0.0
202600204FC01010101322002,논벼,기본조사,벼관찰포,2026,2,멸강나방(발생면적율),전북특별자치도,0.0
202600204FC01010101322002,논벼,기본조사,벼관찰포,2026,2,벼잎선충(발생추정면적),전북특별자치도,0.0
202600204FC01010101322002,논벼,기본조사,벼관찰포,2026,2,벼잎선충(감수율),전북특별자치도,0.0
202600204FC01010101322002,논벼,기본조사,벼관찰포,2026,2,벼잎선충(피해율),전북특별자치도,0.0
202600204FC01010101322002,논벼,기본조사,벼관찰포,2026,2,벼잎선충(발생면적율),전북특별자치도,0.0
202600204FC01010101322002,논벼,기본조사,벼관찰포,2026,2,잎도열병(발생추정면적),전남광주통합특별시,0.0
202600204FC01010101322002,논벼,기본조사,벼관찰포,2026,2,잎도열병(감수율),전남광주통합특별시,0.0
202600204FC01010101322002,논벼,기본조사,벼관찰포,2026,2,잎도열병(피해율),전남광주통합특별시,0.0
202600204FC01010101322002,논벼,기본조사,벼관찰포,2026,2,잎도열병(발생면적율),전남광주통합특별시,0.0
202600204FC01010101322002,논벼,기본조사,벼관찰포,2026,2,이삭도열병(발생추정면적),전남광주통합특별시,0.0
202600204FC01010101322002,논벼,기본조사,벼관찰포,2026,2,이삭도열병(감수율),전남광주통합특별시,0.0
202600204FC01010101322002,논벼,기본조사,벼관찰포,2026,2,이삭도열병(피해율),전남광주통합특별시,0.0
202600204FC01010101322002,논벼,기본조사,벼관찰포,2026,2,이삭도열병(발생면적율),전남광주통합특별시,0.0
202600204FC01010101322002,논벼,기본조사,벼관찰포,2026,2,세균벼알마름병(발생추정면적),전남광주통합특별시,0.0
202600204FC01010101322002,논벼,기본조사,벼관찰포,2026,2,세균벼알마름병(감수율),전남광주통합특별시,0.0
202600204FC01010101322002,논벼,기본조사,벼관찰포,2026,2,세균벼알마름병(피해율),전남광주통합특별시,0.0
202600204FC01010101322002,논벼,기본조사,벼관찰포,2026,2,세균벼알마름병(발생면적율),전남광주통합특별시,0.0
202600204FC01010101322002,논벼,기본조사,벼관찰포,2026,2,흰잎마름병(발생추정면적),전남광주통합특별시,0.0
202600204FC01010101322002,논벼,기본조사,벼관찰포,2026,2,흰잎마름병(감수율),전남광주통합특별시,0.0
202600204FC01010101322002,논벼,기본조사,벼관찰포,2026,2,흰잎마름병(피해율),전남광주통합특별시,0.0
202600204FC01010101322002,논벼,기본조사,벼관찰포,2026,2,흰잎마름병(발생면적율),전남광주통합특별시,0.0
202600204FC01010101322002,논벼,기본조사,벼관찰포,2026,2,깨씨무늬병(발생추정면적),전남광주통합특별시,0.0
202600204FC01010101322002,논벼,기본조사,벼관찰포,2026,2,깨씨무늬병(감수율),전남광주통합특별시,0.0
202600204FC01010101322002,논벼,기본조사,벼관찰포,2026,2,깨씨무늬병(피해율),전남광주통합특별시,0.0
202600204FC01010101322002,논벼,기본조사,벼관찰포,2026,2,깨씨무늬병(발생면적율),전남광주통합특별시,0.0
202600204FC01010101322002,논벼,기본조사,벼관찰포,2026,2,바이러스병(발생추정면적),전남광주통합특별시,0.0
202600204FC01010101322002,논벼,기본조사,벼관찰포,2026,2,바이러스병(감수율),전남광주통합특별시,0.0
202600204FC01010101322002,논벼,기본조사,벼관찰포,2026,2,바이러스병(피해율),전남광주통합특별시,0.0
202600204FC01010101322002,논벼,기본조사,벼관찰포,2026,2,바이러스병(발생면적율),전남광주통합특별시,0.0
202600204FC01010101322002,논벼,기본조사,벼관찰포,2026,2,이화명나방(발생추정면적),전남광주통합특별시,0.0
202600204FC01010101322002,논벼,기본조사,벼관찰포,2026,2,이화명나방(감수율),전남광주통합특별시,0.0
202600204FC01010101322002,논벼,기본조사,벼관찰포,2026,2,이화명나방(피해율),전남광주통합특별시,0.0
202600204FC01010101322002,논벼,기본조사,벼관찰포,2026,2,이화명나방(발생면적율),전남광주통합특별시,0.0
202600204FC01010101322002,논벼,기본조사,벼관찰포,2026,2,혹명나방(발생추정면적),전남광주통합특별시,0.0
202600204FC01010101322002,논벼,기본조사,벼관찰포,2026,2,혹명나방(감수율),전남광주통합특별시,0.0
202600204FC01010101322002,논벼,기본조사,벼관찰포,2026,2,혹명나방(피해율),전남광주통합특별시,0.0
202600204FC01010101322002,논벼,기본조사,벼관찰포,2026,2,혹명나방(발생면적율),전남광주통합특별시,0.0
202600204FC01010101322002,논벼,기본조사,벼관찰포,2026,2,먹노린재(발생추정면적),전남광주통합특별시,390.339
202600204FC01010101322002,논벼,기본조사,벼관찰포,2026,2,먹노린재(감수율),전남광주통합특별시,0.019
202600204FC01010101322002,논벼,기본조사,벼관찰포,2026,2,먹노린재(피해율),전남광주통합특별시,0.097
202600204FC01010101322002,논벼,기본조사,벼관찰포,2026,2,먹노린재(발생면적율),전남광주통합특별시,0.242
202600204FC01010101322002,논벼,기본조사,벼관찰포,2026,2,벼멸구(발생추정면적),전남광주통합특별시,0.0
202600204FC01010101322002,논벼,기본조사,벼관찰포,2026,2,벼멸구(감수율),전남광주통합특별시,0.0
202600204FC01010101322002,논벼,기본조사,벼관찰포,2026,2,벼멸구(피해율),전남광주통합특별시,0.0
202600204FC01010101322002,논벼,기본조사,벼관찰포,2026,2,벼멸구(발생면적율),전남광주통합특별시,0.0
202600204FC01010101322002,논벼,기본조사,벼관찰포,2026,2,흰등멸구(발생추정면적),전남광주통합특별시,0.0
202600204FC01010101322002,논벼,기본조사,벼관찰포,2026,2,흰등멸구(감수율),전남광주통합특별시,0.0
202600204FC01010101322002,논벼,기본조사,벼관찰포,2026,2,흰등멸구(피해율),전남광주통합특별시,0.0
202600204FC01010101322002,논벼,기본조사,벼관찰포,2026,2,흰등멸구(발생면적율),전남광주통합특별시,0.0
202600204FC01010101322002,논벼,기본조사,벼관찰포,2026,2,잎집무늬마름병(발생추정면적),전남광주통합특별시,0.0
202600204FC01010101322002,논벼,기본조사,벼관찰포,2026,2,잎집무늬마름병(감수율),전남광주통합특별시,0.0
202600204FC01010101322002,논벼,기본조사,벼관찰포,2026,2,잎집무늬마름병(피해율),전남광주통합특별시,0.0
202600204FC01010101322002,논벼,기본조사,벼관찰포,2026,2,잎집무늬마름병(발생면적율),전남광주통합특별시,0.0
202600204FC01010101322002,논벼,기본조사,벼관찰포,2026,2,키다리병(발생추정면적),전남광주통합특별시,0.0
202600204FC01010101322002,논벼,기본조사,벼관찰포,2026,2,키다리병(감수율),전남광주통합특별시,0.0
202600204FC01010101322002,논벼,기본조사,벼관찰포,2026,2,키다리병(피해율),전남광주통합특별시,0.0
202600204FC01010101322002,논벼,기본조사,벼관찰포,2026,2,키다리병(발생면적율),전남광주통합특별시,0.0
202600204FC01010101322002,논벼,기본조사,벼관찰포,2026,2,이삭누룩병(발생추정면적),전남광주통합특별시,0.0
202600204FC01010101322002,논벼,기본조사,벼관찰포,2026,2,이삭누룩병(감수율),전남광주통합특별시,0.0
202600204FC01010101322002,논벼,기본조사,벼관찰포,2026,2,이삭누룩병(피해율),전남광주통합특별시,0.0
202600204FC01010101322002,논벼,기본조사,벼관찰포,2026,2,이삭누룩병(발생면적율),전남광주통합특별시,0.0
202600204FC01010101322002,논벼,기본조사,벼관찰포,2026,2,벼잎벌레(발생추정면적),전남광주통합특별시,0.0
202600204FC01010101322002,논벼,기본조사,벼관찰포,2026,2,벼잎벌레(감수율),전남광주통합특별시,0.0
202600204FC01010101322002,논벼,기본조사,벼관찰포,2026,2,벼잎벌레(피해율),전남광주통합특별시,0.0
202600204FC01010101322002,논벼,기본조사,벼관찰포,2026,2,벼잎벌레(발생면적율),전남광주통합특별시,0.0
202600204FC01010101322002,논벼,기본조사,벼관찰포,2026,2,벼애나방(발생추정면적),전남광주통합특별시,0.0
202600204FC01010101322002,논벼,기본조사,벼관찰포,2026,2,벼애나방(감수율),전남광주통합특별시,0.0
202600204FC01010101322002,논벼,기본조사,벼관찰포,2026,2,벼애나방(피해율),전남광주통합특별시,0.0
202600204FC01010101322002,논벼,기본조사,벼관찰포,2026,2,벼애나방(발생면적율),전남광주통합특별시,0.0
202600204FC01010101322002,논벼,기본조사,벼관찰포,2026,2,벼애잎굴파리(발생추정면적),전남광주통합특별시,11.755
202600204FC01010101322002,논벼,기본조사,벼관찰포,2026,2,벼애잎굴파리(감수율),전남광주통합특별시,0.0
202600204FC01010101322002,논벼,기본조사,벼관찰포,2026,2,벼애잎굴파리(피해율),전남광주통합특별시,0.0
202600204FC01010101322002,논벼,기본조사,벼관찰포,2026,2,벼애잎굴파리(발생면적율),전남광주통합특별시,0.007
202600204FC01010101322002,논벼,기본조사,벼관찰포,2026,2,벼줄기굴파리(발생추정면적),전남광주통합특별시,3.359
202600204FC01010101322002,논벼,기본조사,벼관찰포,2026,2,벼줄기굴파리(감수율),전남광주통합특별시,0.0
202600204FC01010101322002,논벼,기본조사,벼관찰포,2026,2,벼줄기굴파리(피해율),전남광주통합특별시,0.0
202600204FC01010101322002,논벼,기본조사,벼관찰포,2026,2,벼줄기굴파리(발생면적율),전남광주통합특별시,0.002
202600204FC01010101322002,논벼,기본조사,벼관찰포,2026,2,벼물바구미(발생추정면적),전남광주통합특별시,2059.9
202600204FC01010101322002,논벼,기본조사,벼관찰포,2026,2,벼물바구미(감수율),전남광주통합특별시,0.011
202600204FC01010101322002,논벼,기본조사,벼관찰포,2026,2,벼물바구미(피해율),전남광주통합특별시,0.041
202600204FC01010101322002,논벼,기본조사,벼관찰포,2026,2,벼물바구미(발생면적율),전남광주통합특별시,1.278
202600204FC01010101322002,논벼,기본조사,벼관찰포,2026,2,애멸구(발생추정면적),전남광주통합특별시,43.662
202600204FC01010101322002,논벼,기본조사,벼관찰포,2026,2,애멸구(감수율),전남광주통합특별시,0.001
202600204FC01010101322002,논벼,기본조사,벼관찰포,2026,2,애멸구(피해율),전남광주통합특별시,0.003
202600204FC01010101322002,논벼,기본조사,벼관찰포,2026,2,애멸구(발생면적율),전남광주통합특별시,0.027
202600204FC01010101322002,논벼,기본조사,벼관찰포,2026,2,끝동매미충(발생추정면적),전남광주통합특별시,0.0
202600204FC01010101322002,논벼,기본조사,벼관찰포,2026,2,끝동매미충(감수율),전남광주통합특별시,0.0
202600204FC01010101322002,논벼,기본조사,벼관찰포,2026,2,끝동매미충(피해율),전남광주통합특별시,0.0
202600204FC01010101322002,논벼,기본조사,벼관찰포,2026,2,끝동매미충(발생면적율),전남광주통합특별시,0.0
202600204FC01010101322002,논벼,기본조사,벼관찰포,2026,2,멸강나방(발생추정면적),전남광주통합특별시,0.0
202600204FC01010101322002,논벼,기본조사,벼관찰포,2026,2,멸강나방(감수율),전남광주통합특별시,0.0
202600204FC01010101322002,논벼,기본조사,벼관찰포,2026,2,멸강나방(피해율),전남광주통합특별시,0.0
202600204FC01010101322002,논벼,기본조사,벼관찰포,2026,2,멸강나방(발생면적율),전남광주통합특별시,0.0
202600204FC01010101322002,논벼,기본조사,벼관찰포,2026,2,벼잎선충(발생추정면적),전남광주통합특별시,0.0
202600204FC01010101322002,논벼,기본조사,벼관찰포,2026,2,벼잎선충(감수율),전남광주통합특별시,0.0
202600204FC01010101322002,논벼,기본조사,벼관찰포,2026,2,벼잎선충(피해율),전남광주통합특별시,0.0
202600204FC01010101322002,논벼,기본조사,벼관찰포,2026,2,벼잎선충(발생면적율),전남광주통합특별시,0.0
202600204FC01010101322002,논벼,기본조사,벼관찰포,2026,2,잎도열병(발생추정면적),경상북도,0.0
202600204FC01010101322002,논벼,기본조사,벼관찰포,2026,2,잎도열병(감수율),경상북도,0.0
202600204FC01010101322002,논벼,기본조사,벼관찰포,2026,2,잎도열병(피해율),경상북도,0.0
202600204FC01010101322002,논벼,기본조사,벼관찰포,2026,2,잎도열병(발생면적율),경상북도,0.0
202600204FC01010101322002,논벼,기본조사,벼관찰포,2026,2,이삭도열병(발생추정면적),경상북도,0.0
202600204FC01010101322002,논벼,기본조사,벼관찰포,2026,2,이삭도열병(감수율),경상북도,0.0
202600204FC01010101322002,논벼,기본조사,벼관찰포,2026,2,이삭도열병(피해율),경상북도,0.0
202600204FC01010101322002,논벼,기본조사,벼관찰포,2026,2,이삭도열병(발생면적율),경상북도,0.0
202600204FC01010101322002,논벼,기본조사,벼관찰포,2026,2,세균벼알마름병(발생추정면적),경상북도,0.0
202600204FC01010101322002,논벼,기본조사,벼관찰포,2026,2,세균벼알마름병(감수율),경상북도,0.0
202600204FC01010101322002,논벼,기본조사,벼관찰포,2026,2,세균벼알마름병(피해율),경상북도,0.0
202600204FC01010101322002,논벼,기본조사,벼관찰포,2026,2,세균벼알마름병(발생면적율),경상북도,0.0
202600204FC01010101322002,논벼,기본조사,벼관찰포,2026,2,흰잎마름병(발생추정면적),경상북도,0.0
202600204FC01010101322002,논벼,기본조사,벼관찰포,2026,2,흰잎마름병(감수율),경상북도,0.0
202600204FC01010101322002,논벼,기본조사,벼관찰포,2026,2,흰잎마름병(피해율),경상북도,0.0
202600204FC01010101322002,논벼,기본조사,벼관찰포,2026,2,흰잎마름병(발생면적율),경상북도,0.0
202600204FC01010101322002,논벼,기본조사,벼관찰포,2026,2,깨씨무늬병(발생추정면적),경상북도,0.0
202600204FC01010101322002,논벼,기본조사,벼관찰포,2026,2,깨씨무늬병(감수율),경상북도,0.0
202600204FC01010101322002,논벼,기본조사,벼관찰포,2026,2,깨씨무늬병(피해율),경상북도,0.0
202600204FC01010101322002,논벼,기본조사,벼관찰포,2026,2,깨씨무늬병(발생면적율),경상북도,0.0
202600204FC01010101322002,논벼,기본조사,벼관찰포,2026,2,바이러스병(발생추정면적),경상북도,0.0
202600204FC01010101322002,논벼,기본조사,벼관찰포,2026,2,바이러스병(감수율),경상북도,0.0
202600204FC01010101322002,논벼,기본조사,벼관찰포,2026,2,바이러스병(피해율),경상북도,0.0
202600204FC01010101322002,논벼,기본조사,벼관찰포,2026,2,바이러스병(발생면적율),경상북도,0.0
202600204FC01010101322002,논벼,기본조사,벼관찰포,2026,2,이화명나방(발생추정면적),경상북도,0.0
202600204FC01010101322002,논벼,기본조사,벼관찰포,2026,2,이화명나방(감수율),경상북도,0.0
202600204FC01010101322002,논벼,기본조사,벼관찰포,2026,2,이화명나방(피해율),경상북도,0.0
202600204FC01010101322002,논벼,기본조사,벼관찰포,2026,2,이화명나방(발생면적율),경상북도,0.0
202600204FC01010101322002,논벼,기본조사,벼관찰포,2026,2,혹명나방(발생추정면적),경상북도,0.0
202600204FC01010101322002,논벼,기본조사,벼관찰포,2026,2,혹명나방(감수율),경상북도,0.0
202600204FC01010101322002,논벼,기본조사,벼관찰포,2026,2,혹명나방(피해율),경상북도,0.0
202600204FC01010101322002,논벼,기본조사,벼관찰포,2026,2,혹명나방(발생면적율),경상북도,0.0
202600204FC01010101322002,논벼,기본조사,벼관찰포,2026,2,먹노린재(발생추정면적),경상북도,0.0
202600204FC01010101322002,논벼,기본조사,벼관찰포,2026,2,먹노린재(감수율),경상북도,0.0
202600204FC01010101322002,논벼,기본조사,벼관찰포,2026,2,먹노린재(피해율),경상북도,0.0
202600204FC01010101322002,논벼,기본조사,벼관찰포,2026,2,먹노린재(발생면적율),경상북도,0.0
202600204FC01010101322002,논벼,기본조사,벼관찰포,2026,2,벼멸구(발생추정면적),경상북도,0.0
202600204FC01010101322002,논벼,기본조사,벼관찰포,2026,2,벼멸구(감수율),경상북도,0.0
202600204FC01010101322002,논벼,기본조사,벼관찰포,2026,2,벼멸구(피해율),경상북도,0.0
202600204FC01010101322002,논벼,기본조사,벼관찰포,2026,2,벼멸구(발생면적율),경상북도,0.0
202600204FC01010101322002,논벼,기본조사,벼관찰포,2026,2,흰등멸구(발생추정면적),경상북도,0.0
202600204FC01010101322002,논벼,기본조사,벼관찰포,2026,2,흰등멸구(감수율),경상북도,0.0
202600204FC01010101322002,논벼,기본조사,벼관찰포,2026,2,흰등멸구(피해율),경상북도,0.0
202600204FC01010101322002,논벼,기본조사,벼관찰포,2026,2,흰등멸구(발생면적율),경상북도,0.0
202600204FC01010101322002,논벼,기본조사,벼관찰포,2026,2,잎집무늬마름병(발생추정면적),경상북도,0.0
202600204FC01010101322002,논벼,기본조사,벼관찰포,2026,2,잎집무늬마름병(감수율),경상북도,0.0
202600204FC01010101322002,논벼,기본조사,벼관찰포,2026,2,잎집무늬마름병(피해율),경상북도,0.0
202600204FC01010101322002,논벼,기본조사,벼관찰포,2026,2,잎집무늬마름병(발생면적율),경상북도,0.0
202600204FC01010101322002,논벼,기본조사,벼관찰포,2026,2,키다리병(발생추정면적),경상북도,0.0
202600204FC01010101322002,논벼,기본조사,벼관찰포,2026,2,키다리병(감수율),경상북도,0.0
202600204FC01010101322002,논벼,기본조사,벼관찰포,2026,2,키다리병(피해율),경상북도,0.0
202600204FC01010101322002,논벼,기본조사,벼관찰포,2026,2,키다리병(발생면적율),경상북도,0.0
202600204FC01010101322002,논벼,기본조사,벼관찰포,2026,2,이삭누룩병(발생추정면적),경상북도,0.0
202600204FC01010101322002,논벼,기본조사,벼관찰포,2026,2,이삭누룩병(감수율),경상북도,0.0
202600204FC01010101322002,논벼,기본조사,벼관찰포,2026,2,이삭누룩병(피해율),경상북도,0.0
202600204FC01010101322002,논벼,기본조사,벼관찰포,2026,2,이삭누룩병(발생면적율),경상북도,0.0
202600204FC01010101322002,논벼,기본조사,벼관찰포,2026,2,벼잎벌레(발생추정면적),경상북도,0.0
202600204FC01010101322002,논벼,기본조사,벼관찰포,2026,2,벼잎벌레(감수율),경상북도,0.0
202600204FC01010101322002,논벼,기본조사,벼관찰포,2026,2,벼잎벌레(피해율),경상북도,0.0
202600204FC01010101322002,논벼,기본조사,벼관찰포,2026,2,벼잎벌레(발생면적율),경상북도,0.0
202600204FC01010101322002,논벼,기본조사,벼관찰포,2026,2,벼애나방(발생추정면적),경상북도,0.0
202600204FC01010101322002,논벼,기본조사,벼관찰포,2026,2,벼애나방(감수율),경상북도,0.0
202600204FC01010101322002,논벼,기본조사,벼관찰포,2026,2,벼애나방(피해율),경상북도,0.0
202600204FC01010101322002,논벼,기본조사,벼관찰포,2026,2,벼애나방(발생면적율),경상북도,0.0
202600204FC01010101322002,논벼,기본조사,벼관찰포,2026,2,벼애잎굴파리(발생추정면적),경상북도,0.0
202600204FC01010101322002,논벼,기본조사,벼관찰포,2026,2,벼애잎굴파리(감수율),경상북도,0.0
202600204FC01010101322002,논벼,기본조사,벼관찰포,2026,2,벼애잎굴파리(피해율),경상북도,0.0
202600204FC01010101322002,논벼,기본조사,벼관찰포,2026,2,벼애잎굴파리(발생면적율),경상북도,0.0
202600204FC01010101322002,논벼,기본조사,벼관찰포,2026,2,벼줄기굴파리(발생추정면적),경상북도,0.0
202600204FC01010101322002,논벼,기본조사,벼관찰포,2026,2,벼줄기굴파리(감수율),경상북도,0.0
202600204FC01010101322002,논벼,기본조사,벼관찰포,2026,2,벼줄기굴파리(피해율),경상북도,0.0
202600204FC01010101322002,논벼,기본조사,벼관찰포,2026,2,벼줄기굴파리(발생면적율),경상북도,0.0
202600204FC01010101322002,논벼,기본조사,벼관찰포,2026,2,벼물바구미(발생추정면적),경상북도,52.507
202600204FC01010101322002,논벼,기본조사,벼관찰포,2026,2,벼물바구미(감수율),경상북도,0.001
202600204FC01010101322002,논벼,기본조사,벼관찰포,2026,2,벼물바구미(피해율),경상북도,0.002
202600204FC01010101322002,논벼,기본조사,벼관찰포,2026,2,벼물바구미(발생면적율),경상북도,0.064
202600204FC01010101322002,논벼,기본조사,벼관찰포,2026,2,애멸구(발생추정면적),경상북도,0.0
202600204FC01010101322002,논벼,기본조사,벼관찰포,2026,2,애멸구(감수율),경상북도,0.0
202600204FC01010101322002,논벼,기본조사,벼관찰포,2026,2,애멸구(피해율),경상북도,0.0
202600204FC01010101322002,논벼,기본조사,벼관찰포,2026,2,애멸구(발생면적율),경상북도,0.0
202600204FC01010101322002,논벼,기본조사,벼관찰포,2026,2,끝동매미충(발생추정면적),경상북도,0.0
202600204FC01010101322002,논벼,기본조사,벼관찰포,2026,2,끝동매미충(감수율),경상북도,0.0
202600204FC01010101322002,논벼,기본조사,벼관찰포,2026,2,끝동매미충(피해율),경상북도,0.0
202600204FC01010101322002,논벼,기본조사,벼관찰포,2026,2,끝동매미충(발생면적율),경상북도,0.0
202600204FC01010101322002,논벼,기본조사,벼관찰포,2026,2,멸강나방(발생추정면적),경상북도,0.0
202600204FC01010101322002,논벼,기본조사,벼관찰포,2026,2,멸강나방(감수율),경상북도,0.0
202600204FC01010101322002,논벼,기본조사,벼관찰포,2026,2,멸강나방(피해율),경상북도,0.0
202600204FC01010101322002,논벼,기본조사,벼관찰포,2026,2,멸강나방(발생면적율),경상북도,0.0
202600204FC01010101322002,논벼,기본조사,벼관찰포,2026,2,벼잎선충(발생추정면적),경상북도,0.0
202600204FC01010101322002,논벼,기본조사,벼관찰포,2026,2,벼잎선충(감수율),경상북도,0.0
202600204FC01010101322002,논벼,기본조사,벼관찰포,2026,2,벼잎선충(피해율),경상북도,0.0
202600204FC01010101322002,논벼,기본조사,벼관찰포,2026,2,벼잎선충(발생면적율),경상북도,0.0
202600204FC01010101322002,논벼,기본조사,벼관찰포,2026,2,잎도열병(발생추정면적),경상남도,0.0
202600204FC01010101322002,논벼,기본조사,벼관찰포,2026,2,잎도열병(감수율),경상남도,0.0
202600204FC01010101322002,논벼,기본조사,벼관찰포,2026,2,잎도열병(피해율),경상남도,0.0
202600204FC01010101322002,논벼,기본조사,벼관찰포,2026,2,잎도열병(발생면적율),경상남도,0.0
202600204FC01010101322002,논벼,기본조사,벼관찰포,2026,2,이삭도열병(발생추정면적),경상남도,0.0
202600204FC01010101322002,논벼,기본조사,벼관찰포,2026,2,이삭도열병(감수율),경상남도,0.0
202600204FC01010101322002,논벼,기본조사,벼관찰포,2026,2,이삭도열병(피해율),경상남도,0.0
202600204FC01010101322002,논벼,기본조사,벼관찰포,2026,2,이삭도열병(발생면적율),경상남도,0.0
202600204FC01010101322002,논벼,기본조사,벼관찰포,2026,2,세균벼알마름병(발생추정면적),경상남도,0.0
202600204FC01010101322002,논벼,기본조사,벼관찰포,2026,2,세균벼알마름병(감수율),경상남도,0.0
202600204FC01010101322002,논벼,기본조사,벼관찰포,2026,2,세균벼알마름병(피해율),경상남도,0.0
202600204FC01010101322002,논벼,기본조사,벼관찰포,2026,2,세균벼알마름병(발생면적율),경상남도,0.0
202600204FC01010101322002,논벼,기본조사,벼관찰포,2026,2,흰잎마름병(발생추정면적),경상남도,0.0
202600204FC01010101322002,논벼,기본조사,벼관찰포,2026,2,흰잎마름병(감수율),경상남도,0.0
202600204FC01010101322002,논벼,기본조사,벼관찰포,2026,2,흰잎마름병(피해율),경상남도,0.0
202600204FC01010101322002,논벼,기본조사,벼관찰포,2026,2,흰잎마름병(발생면적율),경상남도,0.0
202600204FC01010101322002,논벼,기본조사,벼관찰포,2026,2,깨씨무늬병(발생추정면적),경상남도,0.0
202600204FC01010101322002,논벼,기본조사,벼관찰포,2026,2,깨씨무늬병(감수율),경상남도,0.0
202600204FC01010101322002,논벼,기본조사,벼관찰포,2026,2,깨씨무늬병(피해율),경상남도,0.0
202600204FC01010101322002,논벼,기본조사,벼관찰포,2026,2,깨씨무늬병(발생면적율),경상남도,0.0
202600204FC01010101322002,논벼,기본조사,벼관찰포,2026,2,바이러스병(발생추정면적),경상남도,0.0
202600204FC01010101322002,논벼,기본조사,벼관찰포,2026,2,바이러스병(감수율),경상남도,0.0
202600204FC01010101322002,논벼,기본조사,벼관찰포,2026,2,바이러스병(피해율),경상남도,0.0
202600204FC01010101322002,논벼,기본조사,벼관찰포,2026,2,바이러스병(발생면적율),경상남도,0.0
202600204FC01010101322002,논벼,기본조사,벼관찰포,2026,2,이화명나방(발생추정면적),경상남도,0.0
202600204FC01010101322002,논벼,기본조사,벼관찰포,2026,2,이화명나방(감수율),경상남도,0.0
202600204FC01010101322002,논벼,기본조사,벼관찰포,2026,2,이화명나방(피해율),경상남도,0.0
202600204FC01010101322002,논벼,기본조사,벼관찰포,2026,2,이화명나방(발생면적율),경상남도,0.0
202600204FC01010101322002,논벼,기본조사,벼관찰포,2026,2,혹명나방(발생추정면적),경상남도,0.0
202600204FC01010101322002,논벼,기본조사,벼관찰포,2026,2,혹명나방(감수율),경상남도,0.0
202600204FC01010101322002,논벼,기본조사,벼관찰포,2026,2,혹명나방(피해율),경상남도,0.0
202600204FC01010101322002,논벼,기본조사,벼관찰포,2026,2,혹명나방(발생면적율),경상남도,0.0
202600204FC01010101322002,논벼,기본조사,벼관찰포,2026,2,먹노린재(발생추정면적),경상남도,0.0
202600204FC01010101322002,논벼,기본조사,벼관찰포,2026,2,먹노린재(감수율),경상남도,0.0
202600204FC01010101322002,논벼,기본조사,벼관찰포,2026,2,먹노린재(피해율),경상남도,0.0
202600204FC01010101322002,논벼,기본조사,벼관찰포,2026,2,먹노린재(발생면적율),경상남도,0.0
202600204FC01010101322002,논벼,기본조사,벼관찰포,2026,2,벼멸구(발생추정면적),경상남도,0.0
202600204FC01010101322002,논벼,기본조사,벼관찰포,2026,2,벼멸구(감수율),경상남도,0.0
202600204FC01010101322002,논벼,기본조사,벼관찰포,2026,2,벼멸구(피해율),경상남도,0.0
202600204FC01010101322002,논벼,기본조사,벼관찰포,2026,2,벼멸구(발생면적율),경상남도,0.0
202600204FC01010101322002,논벼,기본조사,벼관찰포,2026,2,흰등멸구(발생추정면적),경상남도,0.0
202600204FC01010101322002,논벼,기본조사,벼관찰포,2026,2,흰등멸구(감수율),경상남도,0.0
202600204FC01010101322002,논벼,기본조사,벼관찰포,2026,2,흰등멸구(피해율),경상남도,0.0
202600204FC01010101322002,논벼,기본조사,벼관찰포,2026,2,흰등멸구(발생면적율),경상남도,0.0
202600204FC01010101322002,논벼,기본조사,벼관찰포,2026,2,잎집무늬마름병(발생추정면적),경상남도,0.0
202600204FC01010101322002,논벼,기본조사,벼관찰포,2026,2,잎집무늬마름병(감수율),경상남도,0.0
202600204FC01010101322002,논벼,기본조사,벼관찰포,2026,2,잎집무늬마름병(피해율),경상남도,0.0
202600204FC01010101322002,논벼,기본조사,벼관찰포,2026,2,잎집무늬마름병(발생면적율),경상남도,0.0
202600204FC01010101322002,논벼,기본조사,벼관찰포,2026,2,키다리병(발생추정면적),경상남도,0.0
202600204FC01010101322002,논벼,기본조사,벼관찰포,2026,2,키다리병(감수율),경상남도,0.0
202600204FC01010101322002,논벼,기본조사,벼관찰포,2026,2,키다리병(피해율),경상남도,0.0
202600204FC01010101322002,논벼,기본조사,벼관찰포,2026,2,키다리병(발생면적율),경상남도,0.0
202600204FC01010101322002,논벼,기본조사,벼관찰포,2026,2,이삭누룩병(발생추정면적),경상남도,0.0
202600204FC01010101322002,논벼,기본조사,벼관찰포,2026,2,이삭누룩병(감수율),경상남도,0.0
202600204FC01010101322002,논벼,기본조사,벼관찰포,2026,2,이삭누룩병(피해율),경상남도,0.0
202600204FC01010101322002,논벼,기본조사,벼관찰포,2026,2,이삭누룩병(발생면적율),경상남도,0.0
202600204FC01010101322002,논벼,기본조사,벼관찰포,2026,2,벼잎벌레(발생추정면적),경상남도,0.0
202600204FC01010101322002,논벼,기본조사,벼관찰포,2026,2,벼잎벌레(감수율),경상남도,0.0
202600204FC01010101322002,논벼,기본조사,벼관찰포,2026,2,벼잎벌레(피해율),경상남도,0.0
202600204FC01010101322002,논벼,기본조사,벼관찰포,2026,2,벼잎벌레(발생면적율),경상남도,0.0
202600204FC01010101322002,논벼,기본조사,벼관찰포,2026,2,벼애나방(발생추정면적),경상남도,0.0
202600204FC01010101322002,논벼,기본조사,벼관찰포,2026,2,벼애나방(감수율),경상남도,0.0
202600204FC01010101322002,논벼,기본조사,벼관찰포,2026,2,벼애나방(피해율),경상남도,0.0
202600204FC01010101322002,논벼,기본조사,벼관찰포,2026,2,벼애나방(발생면적율),경상남도,0.0
202600204FC01010101322002,논벼,기본조사,벼관찰포,2026,2,벼애잎굴파리(발생추정면적),경상남도,0.0
202600204FC01010101322002,논벼,기본조사,벼관찰포,2026,2,벼애잎굴파리(감수율),경상남도,0.0
202600204FC01010101322002,논벼,기본조사,벼관찰포,2026,2,벼애잎굴파리(피해율),경상남도,0.0
202600204FC01010101322002,논벼,기본조사,벼관찰포,2026,2,벼애잎굴파리(발생면적율),경상남도,0.0
202600204FC01010101322002,논벼,기본조사,벼관찰포,2026,2,벼줄기굴파리(발생추정면적),경상남도,0.0
202600204FC01010101322002,논벼,기본조사,벼관찰포,2026,2,벼줄기굴파리(감수율),경상남도,0.0
202600204FC01010101322002,논벼,기본조사,벼관찰포,2026,2,벼줄기굴파리(피해율),경상남도,0.0
202600204FC01010101322002,논벼,기본조사,벼관찰포,2026,2,벼줄기굴파리(발생면적율),경상남도,0.0
202600204FC01010101322002,논벼,기본조사,벼관찰포,2026,2,벼물바구미(발생추정면적),경상남도,0.0
202600204FC01010101322002,논벼,기본조사,벼관찰포,2026,2,벼물바구미(감수율),경상남도,0.0
202600204FC01010101322002,논벼,기본조사,벼관찰포,2026,2,벼물바구미(피해율),경상남도,0.0
202600204FC01010101322002,논벼,기본조사,벼관찰포,2026,2,벼물바구미(발생면적율),경상남도,0.0
202600204FC01010101322002,논벼,기본조사,벼관찰포,2026,2,애멸구(발생추정면적),경상남도,0.0
202600204FC01010101322002,논벼,기본조사,벼관찰포,2026,2,애멸구(감수율),경상남도,0.0
202600204FC01010101322002,논벼,기본조사,벼관찰포,2026,2,애멸구(피해율),경상남도,0.0
202600204FC01010101322002,논벼,기본조사,벼관찰포,2026,2,애멸구(발생면적율),경상남도,0.0
202600204FC01010101322002,논벼,기본조사,벼관찰포,2026,2,끝동매미충(발생추정면적),경상남도,0.0
202600204FC01010101322002,논벼,기본조사,벼관찰포,2026,2,끝동매미충(감수율),경상남도,0.0
202600204FC01010101322002,논벼,기본조사,벼관찰포,2026,2,끝동매미충(피해율),경상남도,0.0
202600204FC01010101322002,논벼,기본조사,벼관찰포,2026,2,끝동매미충(발생면적율),경상남도,0.0
202600204FC01010101322002,논벼,기본조사,벼관찰포,2026,2,멸강나방(발생추정면적),경상남도,0.0
202600204FC01010101322002,논벼,기본조사,벼관찰포,2026,2,멸강나방(감수율),경상남도,0.0
202600204FC01010101322002,논벼,기본조사,벼관찰포,2026,2,멸강나방(피해율),경상남도,0.0
202600204FC01010101322002,논벼,기본조사,벼관찰포,2026,2,멸강나방(발생면적율),경상남도,0.0
202600204FC01010101322002,논벼,기본조사,벼관찰포,2026,2,벼잎선충(발생추정면적),경상남도,0.0
202600204FC01010101322002,논벼,기본조사,벼관찰포,2026,2,벼잎선충(감수율),경상남도,0.0
202600204FC01010101322002,논벼,기본조사,벼관찰포,2026,2,벼잎선충(피해율),경상남도,0.0
202600204FC01010101322002,논벼,기본조사,벼관찰포,2026,2,벼잎선충(발생면적율),경상남도,0.0
202600209FC03030101322002,콩,기본조사,관찰포,2026,2,바이러스(피해주율),경기도,0.0
202600209FC03030101322002,콩,기본조사,관찰포,2026,2,점무늬병(피해잎율),경기도,0.0
202600209FC03030101322002,콩,기본조사,관찰포,2026,2,세균병(피해잎율),경기도,0.0
202600209FC03030101322002,콩,기본조사,관찰포,2026,2,탄저병(피해협율),경기도,0.0
202600209FC03030101322002,콩,기본조사,관찰포,2026,2,파밤나방(밀도),경기도,0.0
202600209FC03030101322002,콩,기본조사,관찰포,2026,2,담배거세미나방(밀도),경기도,0.0
202600209FC03030101322002,콩,기본조사,관찰포,2026,2,파밤나방(트랩마리수),경기도,0.0
202600209FC03030101322002,콩,기본조사,관찰포,2026,2,담배거세미나방(트랩마리수),경기도,0.0
202600209FC03030101322002,콩,기본조사,관찰포,2026,2,톱다리개미허리노린재(트랩마리수),경기도,0.0
202600209FC03030101322002,콩,기본조사,관찰포,2026,2,콩꼬투리혹파리(피해협율),경기도,0.0
202600209FC03030101322002,콩,기본조사,관찰포,2026,2,역병(피해주율),경기도,0.0
202600209FC03030101322002,콩,기본조사,관찰포,2026,2,바이러스(피해주율),강원특별자치도,0.0
202600209FC03030101322002,콩,기본조사,관찰포,2026,2,점무늬병(피해잎율),강원특별자치도,0.0
202600209FC03030101322002,콩,기본조사,관찰포,2026,2,세균병(피해잎율),강원특별자치도,0.0
202600209FC03030101322002,콩,기본조사,관찰포,2026,2,탄저병(피해협율),강원특별자치도,0.0
202600209FC03030101322002,콩,기본조사,관찰포,2026,2,파밤나방(밀도),강원특별자치도,0.0
202600209FC03030101322002,콩,기본조사,관찰포,2026,2,담배거세미나방(밀도),강원특별자치도,0.0
202600209FC03030101322002,콩,기본조사,관찰포,2026,2,파밤나방(트랩마리수),강원특별자치도,0.0
202600209FC03030101322002,콩,기본조사,관찰포,2026,2,담배거세미나방(트랩마리수),강원특별자치도,0.0
202600209FC03030101322002,콩,기본조사,관찰포,2026,2,톱다리개미허리노린재(트랩마리수),강원특별자치도,0.0
202600209FC03030101322002,콩,기본조사,관찰포,2026,2,콩꼬투리혹파리(피해협율),강원특별자치도,0.0
202600209FC03030101322002,콩,기본조사,관찰포,2026,2,역병(피해주율),강원특별자치도,0.0
202600209FC03030101322002,콩,기본조사,관찰포,2026,2,바이러스(피해주율),충청북도,0.0
202600209FC03030101322002,콩,기본조사,관찰포,2026,2,점무늬병(피해잎율),충청북도,0.0
202600209FC03030101322002,콩,기본조사,관찰포,2026,2,세균병(피해잎율),충청북도,0.0
202600209FC03030101322002,콩,기본조사,관찰포,2026,2,탄저병(피해협율),충청북도,0.0
202600209FC03030101322002,콩,기본조사,관찰포,2026,2,파밤나방(밀도),충청북도,0.0
202600209FC03030101322002,콩,기본조사,관찰포,2026,2,담배거세미나방(밀도),충청북도,0.0
202600209FC03030101322002,콩,기본조사,관찰포,2026,2,파밤나방(트랩마리수),충청북도,0.0
202600209FC03030101322002,콩,기본조사,관찰포,2026,2,담배거세미나방(트랩마리수),충청북도,0.0
202600209FC03030101322002,콩,기본조사,관찰포,2026,2,톱다리개미허리노린재(트랩마리수),충청북도,0.0
202600209FC03030101322002,콩,기본조사,관찰포,2026,2,콩꼬투리혹파리(피해협율),충청북도,0.0
202600209FC03030101322002,콩,기본조사,관찰포,2026,2,역병(피해주율),충청북도,0.0
202600209FC03030101322002,콩,기본조사,관찰포,2026,2,바이러스(피해주율),충청남도,0.0
202600209FC03030101322002,콩,기본조사,관찰포,2026,2,점무늬병(피해잎율),충청남도,0.0
202600209FC03030101322002,콩,기본조사,관찰포,2026,2,세균병(피해잎율),충청남도,0.0
202600209FC03030101322002,콩,기본조사,관찰포,2026,2,탄저병(피해협율),충청남도,0.0
202600209FC03030101322002,콩,기본조사,관찰포,2026,2,파밤나방(밀도),충청남도,0.0
202600209FC03030101322002,콩,기본조사,관찰포,2026,2,담배거세미나방(밀도),충청남도,0.0
202600209FC03030101322002,콩,기본조사,관찰포,2026,2,파밤나방(트랩마리수),충청남도,0.0
202600209FC03030101322002,콩,기본조사,관찰포,2026,2,담배거세미나방(트랩마리수),충청남도,0.0
202600209FC03030101322002,콩,기본조사,관찰포,2026,2,톱다리개미허리노린재(트랩마리수),충청남도,0.0
202600209FC03030101322002,콩,기본조사,관찰포,2026,2,콩꼬투리혹파리(피해협율),충청남도,0.0
202600209FC03030101322002,콩,기본조사,관찰포,2026,2,역병(피해주율),충청남도,0.0
202600209FC03030101322002,콩,기본조사,관찰포,2026,2,바이러스(피해주율),전북특별자치도,0.0
202600209FC03030101322002,콩,기본조사,관찰포,2026,2,점무늬병(피해잎율),전북특별자치도,0.0
202600209FC03030101322002,콩,기본조사,관찰포,2026,2,세균병(피해잎율),전북특별자치도,0.0
202600209FC03030101322002,콩,기본조사,관찰포,2026,2,탄저병(피해협율),전북특별자치도,0.0
202600209FC03030101322002,콩,기본조사,관찰포,2026,2,파밤나방(밀도),전북특별자치도,0.0
202600209FC03030101322002,콩,기본조사,관찰포,2026,2,담배거세미나방(밀도),전북특별자치도,0.0
202600209FC03030101322002,콩,기본조사,관찰포,2026,2,파밤나방(트랩마리수),전북특별자치도,0.0
202600209FC03030101322002,콩,기본조사,관찰포,2026,2,담배거세미나방(트랩마리수),전북특별자치도,0.0
202600209FC03030101322002,콩,기본조사,관찰포,2026,2,톱다리개미허리노린재(트랩마리수),전북특별자치도,0.0
202600209FC03030101322002,콩,기본조사,관찰포,2026,2,콩꼬투리혹파리(피해협율),전북특별자치도,0.0
202600209FC03030101322002,콩,기본조사,관찰포,2026,2,역병(피해주율),전북특별자치도,0.0
202600209FC03030101322002,콩,기본조사,관찰포,2026,2,바이러스(피해주율),전남광주통합특별시,0.0
202600209FC03030101322002,콩,기본조사,관찰포,2026,2,점무늬병(피해잎율),전남광주통합특별시,0.0
202600209FC03030101322002,콩,기본조사,관찰포,2026,2,세균병(피해잎율),전남광주통합특별시,0.0
202600209FC03030101322002,콩,기본조사,관찰포,2026,2,탄저병(피해협율),전남광주통합특별시,0.0
202600209FC03030101322002,콩,기본조사,관찰포,2026,2,파밤나방(밀도),전남광주통합특별시,0.0
202600209FC03030101322002,콩,기본조사,관찰포,2026,2,담배거세미나방(밀도),전남광주통합특별시,0.0
202600209FC03030101322002,콩,기본조사,관찰포,2026,2,파밤나방(트랩마리수),전남광주통합특별시,0.0
202600209FC03030101322002,콩,기본조사,관찰포,2026,2,담배거세미나방(트랩마리수),전남광주통합특별시,0.0
202600209FC03030101322002,콩,기본조사,관찰포,2026,2,톱다리개미허리노린재(트랩마리수),전남광주통합특별시,0.0
202600209FC03030101322002,콩,기본조사,관찰포,2026,2,콩꼬투리혹파리(피해협율),전남광주통합특별시,0.0
202600209FC03030101322002,콩,기본조사,관찰포,2026,2,역병(피해주율),전남광주통합특별시,0.0
202600209FC03030101322002,콩,기본조사,관찰포,2026,2,바이러스(피해주율),경상북도,0.0
202600209FC03030101322002,콩,기본조사,관찰포,2026,2,점무늬병(피해잎율),경상북도,0.0
202600209FC03030101322002,콩,기본조사,관찰포,2026,2,세균병(피해잎율),경상북도,0.0
202600209FC03030101322002,콩,기본조사,관찰포,2026,2,탄저병(피해협율),경상북도,0.0
202600209FC03030101322002,콩,기본조사,관찰포,2026,2,파밤나방(밀도),경상북도,0.0
202600209FC03030101322002,콩,기본조사,관찰포,2026,2,담배거세미나방(밀도),경상북도,0.0
202600209FC03030101322002,콩,기본조사,관찰포,2026,2,파밤나방(트랩마리수),경상북도,0.0
202600209FC03030101322002,콩,기본조사,관찰포,2026,2,담배거세미나방(트랩마리수),경상북도,0.0
202600209FC03030101322002,콩,기본조사,관찰포,2026,2,톱다리개미허리노린재(트랩마리수),경상북도,0.0
202600209FC03030101322002,콩,기본조사,관찰포,2026,2,콩꼬투리혹파리(피해협율),경상북도,0.0
202600209FC03030101322002,콩,기본조사,관찰포,2026,2,역병(피해주율),경상북도,0.0
202600209FC03030101322002,콩,기본조사,관찰포,2026,2,바이러스(피해주율),경상남도,0.0
202600209FC03030101322002,콩,기본조사,관찰포,2026,2,점무늬병(피해잎율),경상남도,0.0
202600209FC03030101322002,콩,기본조사,관찰포,2026,2,세균병(피해잎율),경상남도,0.0
202600209FC03030101322002,콩,기본조사,관찰포,2026,2,탄저병(피해협율),경상남도,0.0
202600209FC03030101322002,콩,기본조사,관찰포,2026,2,파밤나방(밀도),경상남도,0.0
202600209FC03030101322002,콩,기본조사,관찰포,2026,2,담배거세미나방(밀도),경상남도,0.0
202600209FC03030101322002,콩,기본조사,관찰포,2026,2,파밤나방(트랩마리수),경상남도,0.0
202600209FC03030101322002,콩,기본조사,관찰포,2026,2,담배거세미나방(트랩마리수),경상남도,0.0
202600209FC03030101322002,콩,기본조사,관찰포,2026,2,톱다리개미허리노린재(트랩마리수),경상남도,0.0
202600209FC03030101322002,콩,기본조사,관찰포,2026,2,콩꼬투리혹파리(피해협율),경상남도,0.0
202600209FC03030101322002,콩,기본조사,관찰포,2026,2,역병(피해주율),경상남도,0.0
202600209FC03030101322002,콩,기본조사,관찰포,2026,2,바이러스(피해주율),제주특별자치도,0.0
202600209FC03030101322002,콩,기본조사,관찰포,2026,2,점무늬병(피해잎율),제주특별자치도,0.0
202600209FC03030101322002,콩,기본조사,관찰포,2026,2,세균병(피해잎율),제주특별자치도,0.0
202600209FC03030101322002,콩,기본조사,관찰포,2026,2,탄저병(피해협율),제주특별자치도,0.0
202600209FC03030101322002,콩,기본조사,관찰포,2026,2,파밤나방(밀도),제주특별자치도,0.0
202600209FC03030101322002,콩,기본조사,관찰포,2026,2,담배거세미나방(밀도),제주특별자치도,0.0
202600209FC03030101322002,콩,기본조사,관찰포,2026,2,파밤나방(트랩마리수),제주특별자치도,0.0
202600209FC03030101322002,콩,기본조사,관찰포,2026,2,담배거세미나방(트랩마리수),제주특별자치도,0.0
202600209FC03030101322002,콩,기본조사,관찰포,2026,2,톱다리개미허리노린재(트랩마리수),제주특별자치도,0.0
202600209FC03030101322002,콩,기본조사,관찰포,2026,2,콩꼬투리혹파리(피해협율),제주특별자치도,0.0
202600209FC03030101322002,콩,기본조사,관찰포,2026,2,역병(피해주율),제주특별자치도,0.0
202600209FT01060101322003,사과,기본조사,관찰포,2026,3,갈색무늬병(피해잎율),경기도,0.25
202600209FT01060101322003,사과,기본조사,관찰포,2026,3,점무늬낙엽병(피해잎율),경기도,0.0
202600209FT01060101322003,사과,기본조사,관찰포,2026,3,겹무늬썩음병(피해과율),경기도,0.0
202600209FT01060101322003,사과,기본조사,관찰포,2026,3,탄저병(피해과율),경기도,0.0
202600209FT01060101322003,사과,기본조사,관찰포,2026,3,부란병(피해주율),경기도,0.0
202600209FT01060101322003,사과,기본조사,관찰포,2026,3,응애류(밀도),경기도,0.01
202600209FT01060101322003,사과,기본조사,관찰포,2026,3,복숭아심식나방(피해과율),경기도,0.0
202600209FT01060101322003,사과,기본조사,관찰포,2026,3,복숭아순나방(피해신초율),경기도,0.0
202600209FT01060101322003,사과,기본조사,관찰포,2026,3,조팝나무진딧물(밀도),경기도,0.2
202600209FT01060101322003,사과,기본조사,관찰포,2026,3,노린재류(피해과율),경기도,0.0
202600209FT01060101322003,사과,기본조사,관찰포,2026,3,노린재류(트랩마리수),경기도,0.0
202600209FT01060101322003,사과,기본조사,관찰포,2026,3,복숭아순나방(트랩마리수),경기도,0.6
202600209FT01060101322003,사과,기본조사,관찰포,2026,3,복숭아심식나방(트랩마리수),경기도,2.5
202600209FT01060101322003,사과,기본조사,관찰포,2026,3,복숭아순나방붙이(트랩마리수),경기도,0.0
202600209FT01060101322003,사과,기본조사,관찰포,2026,3,사과굴나방(트랩마리수),경기도,18.8
202600209FT01060101322003,사과,기본조사,관찰포,2026,3,은무늬굴나방(트랩마리수),경기도,3.6
202600209FT01060101322003,사과,기본조사,관찰포,2026,3,사과무늬잎말이나방(트랩마리수),경기도,0.8
202600209FT01060101322003,사과,기본조사,관찰포,2026,3,사과애모무늬잎말이나방(트랩마리수),경기도,1.0
202600209FT01060101322003,사과,기본조사,관찰포,2026,3,붉은별무늬병(피해잎율),경기도,0.0
202600209FT01060101322003,사과,기본조사,관찰포,2026,3,역병(피해과율),경기도,0.0
202600209FT01060101322003,사과,기본조사,관찰포,2026,3,갈색무늬병(피해잎율),강원특별자치도,0.06
202600209FT01060101322003,사과,기본조사,관찰포,2026,3,점무늬낙엽병(피해잎율),강원특별자치도,2.22
202600209FT01060101322003,사과,기본조사,관찰포,2026,3,겹무늬썩음병(피해과율),강원특별자치도,0.0
202600209FT01060101322003,사과,기본조사,관찰포,2026,3,탄저병(피해과율),강원특별자치도,0.0
202600209FT01060101322003,사과,기본조사,관찰포,2026,3,부란병(피해주율),강원특별자치도,0.0
202600209FT01060101322003,사과,기본조사,관찰포,2026,3,응애류(밀도),강원특별자치도,1.3
202600209FT01060101322003,사과,기본조사,관찰포,2026,3,복숭아심식나방(피해과율),강원특별자치도,0.0
202600209FT01060101322003,사과,기본조사,관찰포,2026,3,복숭아순나방(피해신초율),강원특별자치도,0.0
202600209FT01060101322003,사과,기본조사,관찰포,2026,3,조팝나무진딧물(밀도),강원특별자치도,0.08
202600209FT01060101322003,사과,기본조사,관찰포,2026,3,노린재류(피해과율),강원특별자치도,0.0
202600209FT01060101322003,사과,기본조사,관찰포,2026,3,노린재류(트랩마리수),강원특별자치도,0.0
202600209FT01060101322003,사과,기본조사,관찰포,2026,3,복숭아순나방(트랩마리수),강원특별자치도,0.0
202600209FT01060101322003,사과,기본조사,관찰포,2026,3,복숭아심식나방(트랩마리수),강원특별자치도,0.0
202600209FT01060101322003,사과,기본조사,관찰포,2026,3,복숭아순나방붙이(트랩마리수),강원특별자치도,0.0
202600209FT01060101322003,사과,기본조사,관찰포,2026,3,사과굴나방(트랩마리수),강원특별자치도,0.0
202600209FT01060101322003,사과,기본조사,관찰포,2026,3,은무늬굴나방(트랩마리수),강원특별자치도,0.0
202600209FT01060101322003,사과,기본조사,관찰포,2026,3,사과무늬잎말이나방(트랩마리수),강원특별자치도,0.0
202600209FT01060101322003,사과,기본조사,관찰포,2026,3,사과애모무늬잎말이나방(트랩마리수),강원특별자치도,0.0
202600209FT01060101322003,사과,기본조사,관찰포,2026,3,붉은별무늬병(피해잎율),강원특별자치도,0.06
202600209FT01060101322003,사과,기본조사,관찰포,2026,3,역병(피해과율),강원특별자치도,0.0
202600209FT01060101322003,사과,기본조사,관찰포,2026,3,갈색무늬병(피해잎율),충청북도,0.85
202600209FT01060101322003,사과,기본조사,관찰포,2026,3,점무늬낙엽병(피해잎율),충청북도,1.05
202600209FT01060101322003,사과,기본조사,관찰포,2026,3,겹무늬썩음병(피해과율),충청북도,0.0
202600209FT01060101322003,사과,기본조사,관찰포,2026,3,탄저병(피해과율),충청북도,0.0
202600209FT01060101322003,사과,기본조사,관찰포,2026,3,부란병(피해주율),충청북도,1.0
202600209FT01060101322003,사과,기본조사,관찰포,2026,3,응애류(밀도),충청북도,0.015
202600209FT01060101322003,사과,기본조사,관찰포,2026,3,복숭아심식나방(피해과율),충청북도,0.125
202600209FT01060101322003,사과,기본조사,관찰포,2026,3,복숭아순나방(피해신초율),충청북도,4.625
202600209FT01060101322003,사과,기본조사,관찰포,2026,3,조팝나무진딧물(밀도),충청북도,0.09
202600209FT01060101322003,사과,기본조사,관찰포,2026,3,노린재류(피해과율),충청북도,0.0
202600209FT01060101322003,사과,기본조사,관찰포,2026,3,노린재류(트랩마리수),충청북도,9.0
202600209FT01060101322003,사과,기본조사,관찰포,2026,3,복숭아순나방(트랩마리수),충청북도,2.8
202600209FT01060101322003,사과,기본조사,관찰포,2026,3,복숭아심식나방(트랩마리수),충청북도,1.85
202600209FT01060101322003,사과,기본조사,관찰포,2026,3,복숭아순나방붙이(트랩마리수),충청북도,0.9
202600209FT01060101322003,사과,기본조사,관찰포,2026,3,사과굴나방(트랩마리수),충청북도,3.1
202600209FT01060101322003,사과,기본조사,관찰포,2026,3,은무늬굴나방(트랩마리수),충청북도,1.35
202600209FT01060101322003,사과,기본조사,관찰포,2026,3,사과무늬잎말이나방(트랩마리수),충청북도,0.65
202600209FT01060101322003,사과,기본조사,관찰포,2026,3,사과애모무늬잎말이나방(트랩마리수),충청북도,0.3
202600209FT01060101322003,사과,기본조사,관찰포,2026,3,붉은별무늬병(피해잎율),충청북도,0.0
202600209FT01060101322003,사과,기본조사,관찰포,2026,3,역병(피해과율),충청북도,0.0
202600209FT01060101322003,사과,기본조사,관찰포,2026,3,갈색무늬병(피해잎율),충청남도,0.0
202600209FT01060101322003,사과,기본조사,관찰포,2026,3,점무늬낙엽병(피해잎율),충청남도,0.22
202600209FT01060101322003,사과,기본조사,관찰포,2026,3,겹무늬썩음병(피해과율),충청남도,0.0
202600209FT01060101322003,사과,기본조사,관찰포,2026,3,탄저병(피해과율),충청남도,0.0
202600209FT01060101322003,사과,기본조사,관찰포,2026,3,부란병(피해주율),충청남도,0.0
202600209FT01060101322003,사과,기본조사,관찰포,2026,3,응애류(밀도),충청남도,0.013
202600209FT01060101322003,사과,기본조사,관찰포,2026,3,복숭아심식나방(피해과율),충청남도,0.0
202600209FT01060101322003,사과,기본조사,관찰포,2026,3,복숭아순나방(피해신초율),충청남도,0.333
202600209FT01060101322003,사과,기본조사,관찰포,2026,3,조팝나무진딧물(밀도),충청남도,0.02
202600209FT01060101322003,사과,기본조사,관찰포,2026,3,노린재류(피해과율),충청남도,0.0
202600209FT01060101322003,사과,기본조사,관찰포,2026,3,노린재류(트랩마리수),충청남도,0.0
202600209FT01060101322003,사과,기본조사,관찰포,2026,3,복숭아순나방(트랩마리수),충청남도,0.0
202600209FT01060101322003,사과,기본조사,관찰포,2026,3,복숭아심식나방(트랩마리수),충청남도,0.0
202600209FT01060101322003,사과,기본조사,관찰포,2026,3,복숭아순나방붙이(트랩마리수),충청남도,0.0
202600209FT01060101322003,사과,기본조사,관찰포,2026,3,사과굴나방(트랩마리수),충청남도,0.0
202600209FT01060101322003,사과,기본조사,관찰포,2026,3,은무늬굴나방(트랩마리수),충청남도,0.0
202600209FT01060101322003,사과,기본조사,관찰포,2026,3,사과무늬잎말이나방(트랩마리수),충청남도,0.0
202600209FT01060101322003,사과,기본조사,관찰포,2026,3,사과애모무늬잎말이나방(트랩마리수),충청남도,0.0
202600209FT01060101322003,사과,기본조사,관찰포,2026,3,붉은별무늬병(피해잎율),충청남도,0.0
202600209FT01060101322003,사과,기본조사,관찰포,2026,3,역병(피해과율),충청남도,0.0
202600209FT01060101322003,사과,기본조사,관찰포,2026,3,갈색무늬병(피해잎율),전북특별자치도,0.0
202600209FT01060101322003,사과,기본조사,관찰포,2026,3,점무늬낙엽병(피해잎율),전북특별자치도,0.0
202600209FT01060101322003,사과,기본조사,관찰포,2026,3,겹무늬썩음병(피해과율),전북특별자치도,0.0
202600209FT01060101322003,사과,기본조사,관찰포,2026,3,탄저병(피해과율),전북특별자치도,0.0
202600209FT01060101322003,사과,기본조사,관찰포,2026,3,부란병(피해주율),전북특별자치도,6.0
202600209FT01060101322003,사과,기본조사,관찰포,2026,3,응애류(밀도),전북특별자치도,0.0
202600209FT01060101322003,사과,기본조사,관찰포,2026,3,복숭아심식나방(피해과율),전북특별자치도,0.2
202600209FT01060101322003,사과,기본조사,관찰포,2026,3,복숭아순나방(피해신초율),전북특별자치도,1.25
202600209FT01060101322003,사과,기본조사,관찰포,2026,3,조팝나무진딧물(밀도),전북특별자치도,0.36
202600209FT01060101322003,사과,기본조사,관찰포,2026,3,노린재류(피해과율),전북특별자치도,0.0
202600209FT01060101322003,사과,기본조사,관찰포,2026,3,노린재류(트랩마리수),전북특별자치도,3.2
202600209FT01060101322003,사과,기본조사,관찰포,2026,3,복숭아순나방(트랩마리수),전북특별자치도,31.1
202600209FT01060101322003,사과,기본조사,관찰포,2026,3,복숭아심식나방(트랩마리수),전북특별자치도,10.3
202600209FT01060101322003,사과,기본조사,관찰포,2026,3,복숭아순나방붙이(트랩마리수),전북특별자치도,14.4
202600209FT01060101322003,사과,기본조사,관찰포,2026,3,사과굴나방(트랩마리수),전북특별자치도,88.8
202600209FT01060101322003,사과,기본조사,관찰포,2026,3,은무늬굴나방(트랩마리수),전북특별자치도,0.0
202600209FT01060101322003,사과,기본조사,관찰포,2026,3,사과무늬잎말이나방(트랩마리수),전북특별자치도,0.0
202600209FT01060101322003,사과,기본조사,관찰포,2026,3,사과애모무늬잎말이나방(트랩마리수),전북특별자치도,1.1
202600209FT01060101322003,사과,기본조사,관찰포,2026,3,붉은별무늬병(피해잎율),전북특별자치도,0.0
202600209FT01060101322003,사과,기본조사,관찰포,2026,3,역병(피해과율),전북특별자치도,0.0
202600209FT01060101322003,사과,기본조사,관찰포,2026,3,갈색무늬병(피해잎율),경상북도,0.0
202600209FT01060101322003,사과,기본조사,관찰포,2026,3,점무늬낙엽병(피해잎율),경상북도,0.161
202600209FT01060101322003,사과,기본조사,관찰포,2026,3,겹무늬썩음병(피해과율),경상북도,0.0
202600209FT01060101322003,사과,기본조사,관찰포,2026,3,탄저병(피해과율),경상북도,0.0
202600209FT01060101322003,사과,기본조사,관찰포,2026,3,부란병(피해주율),경상북도,2.581
202600209FT01060101322003,사과,기본조사,관찰포,2026,3,응애류(밀도),경상북도,0.087
202600209FT01060101322003,사과,기본조사,관찰포,2026,3,복숭아심식나방(피해과율),경상북도,0.0
202600209FT01060101322003,사과,기본조사,관찰포,2026,3,복숭아순나방(피해신초율),경상북도,0.0
202600209FT01060101322003,사과,기본조사,관찰포,2026,3,조팝나무진딧물(밀도),경상북도,0.387
202600209FT01060101322003,사과,기본조사,관찰포,2026,3,노린재류(피해과율),경상북도,0.0
202600209FT01060101322003,사과,기본조사,관찰포,2026,3,노린재류(트랩마리수),경상북도,0.323
202600209FT01060101322003,사과,기본조사,관찰포,2026,3,복숭아순나방(트랩마리수),경상북도,2.323
202600209FT01060101322003,사과,기본조사,관찰포,2026,3,복숭아심식나방(트랩마리수),경상북도,5.645
202600209FT01060101322003,사과,기본조사,관찰포,2026,3,복숭아순나방붙이(트랩마리수),경상북도,0.097
202600209FT01060101322003,사과,기본조사,관찰포,2026,3,사과굴나방(트랩마리수),경상북도,85.065
202600209FT01060101322003,사과,기본조사,관찰포,2026,3,은무늬굴나방(트랩마리수),경상북도,7.548
202600209FT01060101322003,사과,기본조사,관찰포,2026,3,사과무늬잎말이나방(트랩마리수),경상북도,0.387
202600209FT01060101322003,사과,기본조사,관찰포,2026,3,사과애모무늬잎말이나방(트랩마리수),경상북도,0.581
202600209FT01060101322003,사과,기본조사,관찰포,2026,3,붉은별무늬병(피해잎율),경상북도,0.0
202600209FT01060101322003,사과,기본조사,관찰포,2026,3,역병(피해과율),경상북도,0.0
202600209FT01060101322003,사과,기본조사,관찰포,2026,3,갈색무늬병(피해잎율),경상남도,0.0
202600209FT01060101322003,사과,기본조사,관찰포,2026,3,점무늬낙엽병(피해잎율),경상남도,0.0
202600209FT01060101322003,사과,기본조사,관찰포,2026,3,겹무늬썩음병(피해과율),경상남도,0.0
202600209FT01060101322003,사과,기본조사,관찰포,2026,3,탄저병(피해과율),경상남도,0.0
202600209FT01060101322003,사과,기본조사,관찰포,2026,3,부란병(피해주율),경상남도,2.0
202600209FT01060101322003,사과,기본조사,관찰포,2026,3,응애류(밀도),경상남도,0.02
202600209FT01060101322003,사과,기본조사,관찰포,2026,3,복숭아심식나방(피해과율),경상남도,0.0
202600209FT01060101322003,사과,기본조사,관찰포,2026,3,복숭아순나방(피해신초율),경상남도,1.5
202600209FT01060101322003,사과,기본조사,관찰포,2026,3,조팝나무진딧물(밀도),경상남도,0.0
202600209FT01060101322003,사과,기본조사,관찰포,2026,3,노린재류(피해과율),경상남도,0.0
202600209FT01060101322003,사과,기본조사,관찰포,2026,3,노린재류(트랩마리수),경상남도,0.0
202600209FT01060101322003,사과,기본조사,관찰포,2026,3,복숭아순나방(트랩마리수),경상남도,0.0
202600209FT01060101322003,사과,기본조사,관찰포,2026,3,복숭아심식나방(트랩마리수),경상남도,0.0
202600209FT01060101322003,사과,기본조사,관찰포,2026,3,복숭아순나방붙이(트랩마리수),경상남도,0.0
202600209FT01060101322003,사과,기본조사,관찰포,2026,3,사과굴나방(트랩마리수),경상남도,0.0
202600209FT01060101322003,사과,기본조사,관찰포,2026,3,은무늬굴나방(트랩마리수),경상남도,0.0
202600209FT01060101322003,사과,기본조사,관찰포,2026,3,사과무늬잎말이나방(트랩마리수),경상남도,0.0
202600209FT01060101322003,사과,기본조사,관찰포,2026,3,사과애모무늬잎말이나방(트랩마리수),경상남도,0.0
202600209FT01060101322003,사과,기본조사,관찰포,2026,3,붉은별무늬병(피해잎율),경상남도,0.0
202600209FT01060101322003,사과,기본조사,관찰포,2026,3,역병(피해과율),경상남도,0.0
202600209FT01060201322004,배,기본조사,관찰포,2026,4,붉은별무늬병(피해잎율),울산광역시,1.9
202600209FT01060201322004,배,기본조사,관찰포,2026,4,검은별무늬병(피해잎율),울산광역시,0.0
202600209FT01060201322004,배,기본조사,관찰포,2026,4,잎검은점병(피해잎율),울산광역시,0.0
202600209FT01060201322004,배,기본조사,관찰포,2026,4,겹무늬병(피해과율),울산광역시,0.0
202600209FT01060201322004,배,기본조사,관찰포,2026,4,복숭아순나방(피해신초율),울산광역시,1.0
202600209FT01060201322004,배,기본조사,관찰포,2026,4,응애류(밀도),울산광역시,0.0
202600209FT01060201322004,배,기본조사,관찰포,2026,4,주경배나무이(밀도),울산광역시,0.0
202600209FT01060201322004,배,기본조사,관찰포,2026,4,깍지벌레류(밀도),울산광역시,0.1
202600209FT01060201322004,배,기본조사,관찰포,2026,4,복숭아순나방(트랩마리수),울산광역시,2.0
202600209FT01060201322004,배,기본조사,관찰포,2026,4,복숭아심식나방(트랩마리수),울산광역시,2.2
202600209FT01060201322004,배,기본조사,관찰포,2026,4,사과무늬잎말이나방(트랩마리수),울산광역시,0.0
202600209FT01060201322004,배,기본조사,관찰포,2026,4,사과애모무늬잎말이나방(트랩마리수),울산광역시,0.0
202600209FT01060201322004,배,기본조사,관찰포,2026,4,붉은별무늬병(피해잎율),세종특별자치시,0.0
202600209FT01060201322004,배,기본조사,관찰포,2026,4,검은별무늬병(피해잎율),세종특별자치시,0.12
202600209FT01060201322004,배,기본조사,관찰포,2026,4,잎검은점병(피해잎율),세종특별자치시,0.0
202600209FT01060201322004,배,기본조사,관찰포,2026,4,겹무늬병(피해과율),세종특별자치시,0.0
202600209FT01060201322004,배,기본조사,관찰포,2026,4,복숭아순나방(피해신초율),세종특별자치시,0.0
202600209FT01060201322004,배,기본조사,관찰포,2026,4,응애류(밀도),세종특별자치시,0.0
202600209FT01060201322004,배,기본조사,관찰포,2026,4,주경배나무이(밀도),세종특별자치시,0.0
202600209FT01060201322004,배,기본조사,관찰포,2026,4,깍지벌레류(밀도),세종특별자치시,0.0
202600209FT01060201322004,배,기본조사,관찰포,2026,4,복숭아순나방(트랩마리수),세종특별자치시,0.4
202600209FT01060201322004,배,기본조사,관찰포,2026,4,복숭아심식나방(트랩마리수),세종특별자치시,0.2
202600209FT01060201322004,배,기본조사,관찰포,2026,4,사과무늬잎말이나방(트랩마리수),세종특별자치시,0.0
202600209FT01060201322004,배,기본조사,관찰포,2026,4,사과애모무늬잎말이나방(트랩마리수),세종특별자치시,0.0
202600209FT01060201322004,배,기본조사,관찰포,2026,4,붉은별무늬병(피해잎율),경기도,0.207
202600209FT01060201322004,배,기본조사,관찰포,2026,4,검은별무늬병(피해잎율),경기도,0.0
202600209FT01060201322004,배,기본조사,관찰포,2026,4,잎검은점병(피해잎율),경기도,0.0
202600209FT01060201322004,배,기본조사,관찰포,2026,4,겹무늬병(피해과율),경기도,0.0
202600209FT01060201322004,배,기본조사,관찰포,2026,4,복숭아순나방(피해신초율),경기도,3.167
202600209FT01060201322004,배,기본조사,관찰포,2026,4,응애류(밀도),경기도,0.0
202600209FT01060201322004,배,기본조사,관찰포,2026,4,주경배나무이(밀도),경기도,0.033
202600209FT01060201322004,배,기본조사,관찰포,2026,4,깍지벌레류(밀도),경기도,0.0
202600209FT01060201322004,배,기본조사,관찰포,2026,4,복숭아순나방(트랩마리수),경기도,5.6
202600209FT01060201322004,배,기본조사,관찰포,2026,4,복숭아심식나방(트랩마리수),경기도,6.867
202600209FT01060201322004,배,기본조사,관찰포,2026,4,사과무늬잎말이나방(트랩마리수),경기도,0.133
202600209FT01060201322004,배,기본조사,관찰포,2026,4,사과애모무늬잎말이나방(트랩마리수),경기도,0.0
202600209FT01060201322004,배,기본조사,관찰포,2026,4,붉은별무늬병(피해잎율),충청북도,0.0
202600209FT01060201322004,배,기본조사,관찰포,2026,4,검은별무늬병(피해잎율),충청북도,0.0
202600209FT01060201322004,배,기본조사,관찰포,2026,4,잎검은점병(피해잎율),충청북도,0.0
202600209FT01060201322004,배,기본조사,관찰포,2026,4,겹무늬병(피해과율),충청북도,0.0
202600209FT01060201322004,배,기본조사,관찰포,2026,4,복숭아순나방(피해신초율),충청북도,0.0
202600209FT01060201322004,배,기본조사,관찰포,2026,4,응애류(밀도),충청북도,0.0
202600209FT01060201322004,배,기본조사,관찰포,2026,4,주경배나무이(밀도),충청북도,0.0
202600209FT01060201322004,배,기본조사,관찰포,2026,4,깍지벌레류(밀도),충청북도,0.0
202600209FT01060201322004,배,기본조사,관찰포,2026,4,복숭아순나방(트랩마리수),충청북도,0.0
202600209FT01060201322004,배,기본조사,관찰포,2026,4,복숭아심식나방(트랩마리수),충청북도,0.0
202600209FT01060201322004,배,기본조사,관찰포,2026,4,사과무늬잎말이나방(트랩마리수),충청북도,0.0
202600209FT01060201322004,배,기본조사,관찰포,2026,4,사과애모무늬잎말이나방(트랩마리수),충청북도,0.0
202600209FT01060201322004,배,기본조사,관찰포,2026,4,붉은별무늬병(피해잎율),충청남도,0.944
202600209FT01060201322004,배,기본조사,관찰포,2026,4,검은별무늬병(피해잎율),충청남도,0.532
202600209FT01060201322004,배,기본조사,관찰포,2026,4,잎검은점병(피해잎율),충청남도,0.9
202600209FT01060201322004,배,기본조사,관찰포,2026,4,겹무늬병(피해과율),충청남도,0.0
202600209FT01060201322004,배,기본조사,관찰포,2026,4,복숭아순나방(피해신초율),충청남도,0.1
202600209FT01060201322004,배,기본조사,관찰포,2026,4,응애류(밀도),충청남도,0.084
202600209FT01060201322004,배,기본조사,관찰포,2026,4,주경배나무이(밀도),충청남도,0.024
202600209FT01060201322004,배,기본조사,관찰포,2026,4,깍지벌레류(밀도),충청남도,0.448
202600209FT01060201322004,배,기본조사,관찰포,2026,4,복숭아순나방(트랩마리수),충청남도,8.96
202600209FT01060201322004,배,기본조사,관찰포,2026,4,복숭아심식나방(트랩마리수),충청남도,2.2
202600209FT01060201322004,배,기본조사,관찰포,2026,4,사과무늬잎말이나방(트랩마리수),충청남도,0.0
202600209FT01060201322004,배,기본조사,관찰포,2026,4,사과애모무늬잎말이나방(트랩마리수),충청남도,0.12
202600209FT01060201322004,배,기본조사,관찰포,2026,4,붉은별무늬병(피해잎율),전북특별자치도,4.0
202600209FT01060201322004,배,기본조사,관찰포,2026,4,검은별무늬병(피해잎율),전북특별자치도,4.0
202600209FT01060201322004,배,기본조사,관찰포,2026,4,잎검은점병(피해잎율),전북특별자치도,4.0
202600209FT01060201322004,배,기본조사,관찰포,2026,4,겹무늬병(피해과율),전북특별자치도,0.06
202600209FT01060201322004,배,기본조사,관찰포,2026,4,복숭아순나방(피해신초율),전북특별자치도,1.75
202600209FT01060201322004,배,기본조사,관찰포,2026,4,응애류(밀도),전북특별자치도,0.01
202600209FT01060201322004,배,기본조사,관찰포,2026,4,주경배나무이(밀도),전북특별자치도,0.01
202600209FT01060201322004,배,기본조사,관찰포,2026,4,깍지벌레류(밀도),전북특별자치도,0.11
202600209FT01060201322004,배,기본조사,관찰포,2026,4,복숭아순나방(트랩마리수),전북특별자치도,1.4
202600209FT01060201322004,배,기본조사,관찰포,2026,4,복숭아심식나방(트랩마리수),전북특별자치도,1.5
202600209FT01060201322004,배,기본조사,관찰포,2026,4,사과무늬잎말이나방(트랩마리수),전북특별자치도,1.5
202600209FT01060201322004,배,기본조사,관찰포,2026,4,사과애모무늬잎말이나방(트랩마리수),전북특별자치도,0.3
202600209FT01060201322004,배,기본조사,관찰포,2026,4,붉은별무늬병(피해잎율),전남광주통합특별시,3.607
202600209FT01060201322004,배,기본조사,관찰포,2026,4,검은별무늬병(피해잎율),전남광주통합특별시,0.0
202600209FT01060201322004,배,기본조사,관찰포,2026,4,잎검은점병(피해잎율),전남광주통합특별시,2.157
202600209FT01060201322004,배,기본조사,관찰포,2026,4,겹무늬병(피해과율),전남광주통합특별시,0.0
202600209FT01060201322004,배,기본조사,관찰포,2026,4,복숭아순나방(피해신초율),전남광주통합특별시,0.179
202600209FT01060201322004,배,기본조사,관찰포,2026,4,응애류(밀도),전남광주통합특별시,0.357
202600209FT01060201322004,배,기본조사,관찰포,2026,4,주경배나무이(밀도),전남광주통합특별시,0.029
202600209FT01060201322004,배,기본조사,관찰포,2026,4,깍지벌레류(밀도),전남광주통합특별시,0.929
202600209FT01060201322004,배,기본조사,관찰포,2026,4,복숭아순나방(트랩마리수),전남광주통합특별시,0.0
202600209FT01060201322004,배,기본조사,관찰포,2026,4,복숭아심식나방(트랩마리수),전남광주통합특별시,0.0
202600209FT01060201322004,배,기본조사,관찰포,2026,4,사과무늬잎말이나방(트랩마리수),전남광주통합특별시,0.0
202600209FT01060201322004,배,기본조사,관찰포,2026,4,사과애모무늬잎말이나방(트랩마리수),전남광주통합특별시,0.0
202600209FT01060201322004,배,기본조사,관찰포,2026,4,붉은별무늬병(피해잎율),경상북도,0.0
202600209FT01060201322004,배,기본조사,관찰포,2026,4,검은별무늬병(피해잎율),경상북도,0.25
202600209FT01060201322004,배,기본조사,관찰포,2026,4,잎검은점병(피해잎율),경상북도,0.15
202600209FT01060201322004,배,기본조사,관찰포,2026,4,겹무늬병(피해과율),경상북도,0.0
202600209FT01060201322004,배,기본조사,관찰포,2026,4,복숭아순나방(피해신초율),경상북도,0.0
202600209FT01060201322004,배,기본조사,관찰포,2026,4,응애류(밀도),경상북도,0.0
202600209FT01060201322004,배,기본조사,관찰포,2026,4,주경배나무이(밀도),경상북도,0.04
202600209FT01060201322004,배,기본조사,관찰포,2026,4,깍지벌레류(밀도),경상북도,0.0
202600209FT01060201322004,배,기본조사,관찰포,2026,4,복숭아순나방(트랩마리수),경상북도,2.2
202600209FT01060201322004,배,기본조사,관찰포,2026,4,복숭아심식나방(트랩마리수),경상북도,5.0
202600209FT01060201322004,배,기본조사,관찰포,2026,4,사과무늬잎말이나방(트랩마리수),경상북도,0.0
202600209FT01060201322004,배,기본조사,관찰포,2026,4,사과애모무늬잎말이나방(트랩마리수),경상북도,0.0
202600209FT01060201322004,배,기본조사,관찰포,2026,4,붉은별무늬병(피해잎율),경상남도,3.433
202600209FT01060201322004,배,기본조사,관찰포,2026,4,검은별무늬병(피해잎율),경상남도,1.667
202600209FT01060201322004,배,기본조사,관찰포,2026,4,잎검은점병(피해잎율),경상남도,2.333
202600209FT01060201322004,배,기본조사,관찰포,2026,4,겹무늬병(피해과율),경상남도,2.0
202600209FT01060201322004,배,기본조사,관찰포,2026,4,복숭아순나방(피해신초율),경상남도,1.167
202600209FT01060201322004,배,기본조사,관찰포,2026,4,응애류(밀도),경상남도,0.0
202600209FT01060201322004,배,기본조사,관찰포,2026,4,주경배나무이(밀도),경상남도,0.013
202600209FT01060201322004,배,기본조사,관찰포,2026,4,깍지벌레류(밀도),경상남도,0.033
202600209FT01060201322004,배,기본조사,관찰포,2026,4,복숭아순나방(트랩마리수),경상남도,0.267
202600209FT01060201322004,배,기본조사,관찰포,2026,4,복숭아심식나방(트랩마리수),경상남도,0.0
202600209FT01060201322004,배,기본조사,관찰포,2026,4,사과무늬잎말이나방(트랩마리수),경상남도,0.133
202600209FT01060201322004,배,기본조사,관찰포,2026,4,사과애모무늬잎말이나방(트랩마리수),경상남도,0.0
202600209FT02060401322004,복숭아,기본조사,관찰포,2026,4,세균구멍병(피해잎율),세종특별자치시,4.8
202600209FT02060401322004,복숭아,기본조사,관찰포,2026,4,탄저병(피해과율),세종특별자치시,0.0
202600209FT02060401322004,복숭아,기본조사,관찰포,2026,4,잎오갈병(피해잎율),세종특별자치시,0.0
202600209FT02060401322004,복숭아,기본조사,관찰포,2026,4,복숭아심식나방(피해과율),세종특별자치시,0.0
202600209FT02060401322004,복숭아,기본조사,관찰포,2026,4,복숭아순나방(피해신초율),세종특별자치시,0.0
202600209FT02060401322004,복숭아,기본조사,관찰포,2026,4,세균구멍병(피해잎율),경기도,0.5
202600209FT02060401322004,복숭아,기본조사,관찰포,2026,4,탄저병(피해과율),경기도,0.0
202600209FT02060401322004,복숭아,기본조사,관찰포,2026,4,잎오갈병(피해잎율),경기도,0.0
202600209FT02060401322004,복숭아,기본조사,관찰포,2026,4,복숭아심식나방(피해과율),경기도,0.0
202600209FT02060401322004,복숭아,기본조사,관찰포,2026,4,복숭아순나방(피해신초율),경기도,0.2
202600209FT02060401322004,복숭아,기본조사,관찰포,2026,4,세균구멍병(피해잎율),강원특별자치도,6.0
202600209FT02060401322004,복숭아,기본조사,관찰포,2026,4,탄저병(피해과율),강원특별자치도,0.0
202600209FT02060401322004,복숭아,기본조사,관찰포,2026,4,잎오갈병(피해잎율),강원특별자치도,0.0
202600209FT02060401322004,복숭아,기본조사,관찰포,2026,4,복숭아심식나방(피해과율),강원특별자치도,0.0
202600209FT02060401322004,복숭아,기본조사,관찰포,2026,4,복숭아순나방(피해신초율),강원특별자치도,1.2
202600209FT02060401322004,복숭아,기본조사,관찰포,2026,4,세균구멍병(피해잎율),충청북도,2.2
202600209FT02060401322004,복숭아,기본조사,관찰포,2026,4,탄저병(피해과율),충청북도,0.0
202600209FT02060401322004,복숭아,기본조사,관찰포,2026,4,잎오갈병(피해잎율),충청북도,0.0
202600209FT02060401322004,복숭아,기본조사,관찰포,2026,4,복숭아심식나방(피해과율),충청북도,0.0
202600209FT02060401322004,복숭아,기본조사,관찰포,2026,4,복숭아순나방(피해신초율),충청북도,0.6
202600209FT02060401322004,복숭아,기본조사,관찰포,2026,4,세균구멍병(피해잎율),충청남도,0.0
202600209FT02060401322004,복숭아,기본조사,관찰포,2026,4,탄저병(피해과율),충청남도,0.0
202600209FT02060401322004,복숭아,기본조사,관찰포,2026,4,잎오갈병(피해잎율),충청남도,0.0
202600209FT02060401322004,복숭아,기본조사,관찰포,2026,4,복숭아심식나방(피해과율),충청남도,0.0
202600209FT02060401322004,복숭아,기본조사,관찰포,2026,4,복숭아순나방(피해신초율),충청남도,0.0
202600209FT02060401322004,복숭아,기본조사,관찰포,2026,4,세균구멍병(피해잎율),전북특별자치도,2.293
202600209FT02060401322004,복숭아,기본조사,관찰포,2026,4,탄저병(피해과율),전북특별자치도,0.0
202600209FT02060401322004,복숭아,기본조사,관찰포,2026,4,잎오갈병(피해잎율),전북특별자치도,0.0
202600209FT02060401322004,복숭아,기본조사,관찰포,2026,4,복숭아심식나방(피해과율),전북특별자치도,0.913
202600209FT02060401322004,복숭아,기본조사,관찰포,2026,4,복숭아순나방(피해신초율),전북특별자치도,6.467
202600209FT02060401322004,복숭아,기본조사,관찰포,2026,4,세균구멍병(피해잎율),전남광주통합특별시,1.2
202600209FT02060401322004,복숭아,기본조사,관찰포,2026,4,탄저병(피해과율),전남광주통합특별시,0.05
202600209FT02060401322004,복숭아,기본조사,관찰포,2026,4,잎오갈병(피해잎율),전남광주통합특별시,0.0
202600209FT02060401322004,복숭아,기본조사,관찰포,2026,4,복숭아심식나방(피해과율),전남광주통합특별시,0.01
202600209FT02060401322004,복숭아,기본조사,관찰포,2026,4,복숭아순나방(피해신초율),전남광주통합특별시,1.1
202600209FT02060401322004,복숭아,기본조사,관찰포,2026,4,세균구멍병(피해잎율),경상북도,1.456
202600209FT02060401322004,복숭아,기본조사,관찰포,2026,4,탄저병(피해과율),경상북도,0.0
202600209FT02060401322004,복숭아,기본조사,관찰포,2026,4,잎오갈병(피해잎율),경상북도,0.0
202600209FT02060401322004,복숭아,기본조사,관찰포,2026,4,복숭아심식나방(피해과율),경상북도,0.06
202600209FT02060401322004,복숭아,기본조사,관찰포,2026,4,복숭아순나방(피해신초율),경상북도,1.04
202600209FT02060401322004,복숭아,기본조사,관찰포,2026,4,세균구멍병(피해잎율),경상남도,3.1
202600209FT02060401322004,복숭아,기본조사,관찰포,2026,4,탄저병(피해과율),경상남도,0.0
202600209FT02060401322004,복숭아,기본조사,관찰포,2026,4,잎오갈병(피해잎율),경상남도,0.1
202600209FT02060401322004,복숭아,기본조사,관찰포,2026,4,복숭아심식나방(피해과율),경상남도,0.01
202600209FT02060401322004,복숭아,기본조사,관찰포,2026,4,복숭아순나방(피해신초율),경상남도,0.9
202600209FT04060301306005,포도,기본조사,관찰포,2026,5,갈색무늬병(피해잎율),대전광역시,0.0
202600209FT04060301306005,포도,기본조사,관찰포,2026,5,노균병(피해잎율),대전광역시,0.0
202600209FT04060301306005,포도,기본조사,관찰포,2026,5,꽃매미(밀도),대전광역시,0.0
202600209FT04060301306005,포도,기본조사,관찰포,2026,5,갈색무늬병(피해잎율),경기도,0.0
202600209FT04060301306005,포도,기본조사,관찰포,2026,5,노균병(피해잎율),경기도,0.0
202600209FT04060301306005,포도,기본조사,관찰포,2026,5,꽃매미(밀도),경기도,0.0
202600209FT04060301306005,포도,기본조사,관찰포,2026,5,갈색무늬병(피해잎율),충청북도,0.0
202600209FT04060301306005,포도,기본조사,관찰포,2026,5,노균병(피해잎율),충청북도,0.0
202600209FT04060301306005,포도,기본조사,관찰포,2026,5,꽃매미(밀도),충청북도,0.07
202600209FT04060301306005,포도,기본조사,관찰포,2026,5,갈색무늬병(피해잎율),충청남도,0.0
202600209FT04060301306005,포도,기본조사,관찰포,2026,5,노균병(피해잎율),충청남도,0.0
202600209FT04060301306005,포도,기본조사,관찰포,2026,5,꽃매미(밀도),충청남도,0.067
202600209FT04060301306005,포도,기본조사,관찰포,2026,5,갈색무늬병(피해잎율),전북특별자치도,0.0
202600209FT04060301306005,포도,기본조사,관찰포,2026,5,노균병(피해잎율),전북특별자치도,0.0
202600209FT04060301306005,포도,기본조사,관찰포,2026,5,꽃매미(밀도),전북특별자치도,0.0
202600209FT04060301306005,포도,기본조사,관찰포,2026,5,갈색무늬병(피해잎율),전남광주통합특별시,0.0
202600209FT04060301306005,포도,기본조사,관찰포,2026,5,노균병(피해잎율),전남광주통합특별시,0.0
202600209FT04060301306005,포도,기본조사,관찰포,2026,5,꽃매미(밀도),전남광주통합특별시,0.0
202600209FT04060301306005,포도,기본조사,관찰포,2026,5,갈색무늬병(피해잎율),경상북도,1.467
202600209FT04060301306005,포도,기본조사,관찰포,2026,5,노균병(피해잎율),경상북도,1.733
202600209FT04060301306005,포도,기본조사,관찰포,2026,5,꽃매미(밀도),경상북도,0.327
202600209FT04060301306005,포도,기본조사,관찰포,2026,5,갈색무늬병(피해잎율),경상남도,0.35
202600209FT04060301306005,포도,기본조사,관찰포,2026,5,노균병(피해잎율),경상남도,0.67
202600209FT04060301306005,포도,기본조사,관찰포,2026,5,꽃매미(밀도),경상남도,0.0
202600209FT06060501322004,감,기본조사,관찰포,2026,4,탄저병(피해과율),울산광역시,0.0
202600209FT06060501322004,감,기본조사,관찰포,2026,4,둥근무늬낙엽병(피해잎율),울산광역시,0.0
202600209FT06060501322004,감,기본조사,관찰포,2026,4,흰가루병(피해잎율),울산광역시,0.0
202600209FT06060501322004,감,기본조사,관찰포,2026,4,깍지벌레류(밀도),울산광역시,0.22
202600209FT06060501322004,감,기본조사,관찰포,2026,4,감꼭지나방(피해과율),울산광역시,0.04
202600209FT06060501322004,감,기본조사,관찰포,2026,4,노린재류(피해과율),울산광역시,0.04
202600209FT06060501322004,감,기본조사,관찰포,2026,4,모무늬낙엽병(피해잎율),울산광역시,0.0
202600209FT06060501322004,감,기본조사,관찰포,2026,4,매점병(피해과율),울산광역시,0.0
202600209FT06060501322004,감,기본조사,관찰포,2026,4,탄저병(피해과율),전남광주통합특별시,0.0
202600209FT06060501322004,감,기본조사,관찰포,2026,4,둥근무늬낙엽병(피해잎율),전남광주통합특별시,0.009
202600209FT06060501322004,감,기본조사,관찰포,2026,4,흰가루병(피해잎율),전남광주통합특별시,0.373
202600209FT06060501322004,감,기본조사,관찰포,2026,4,깍지벌레류(밀도),전남광주통합특별시,0.075
202600209FT06060501322004,감,기본조사,관찰포,2026,4,감꼭지나방(피해과율),전남광주통합특별시,0.0
202600209FT06060501322004,감,기본조사,관찰포,2026,4,노린재류(피해과율),전남광주통합특별시,0.023
202600209FT06060501322004,감,기본조사,관찰포,2026,4,모무늬낙엽병(피해잎율),전남광주통합특별시,0.009
202600209FT06060501322004,감,기본조사,관찰포,2026,4,매점병(피해과율),전남광주통합특별시,0.182
202600209FT06060501322004,감,기본조사,관찰포,2026,4,탄저병(피해과율),경상북도,0.0
202600209FT06060501322004,감,기본조사,관찰포,2026,4,둥근무늬낙엽병(피해잎율),경상북도,0.089
202600209FT06060501322004,감,기본조사,관찰포,2026,4,흰가루병(피해잎율),경상북도,0.8
202600209FT06060501322004,감,기본조사,관찰포,2026,4,깍지벌레류(밀도),경상북도,0.289
202600209FT06060501322004,감,기본조사,관찰포,2026,4,감꼭지나방(피해과율),경상북도,0.033
202600209FT06060501322004,감,기본조사,관찰포,2026,4,노린재류(피해과율),경상북도,0.756
202600209FT06060501322004,감,기본조사,관찰포,2026,4,모무늬낙엽병(피해잎율),경상북도,0.0
202600209FT06060501322004,감,기본조사,관찰포,2026,4,매점병(피해과율),경상북도,0.0
202600209FT06060501322004,감,기본조사,관찰포,2026,4,탄저병(피해과율),경상남도,0.034
202600209FT06060501322004,감,기본조사,관찰포,2026,4,둥근무늬낙엽병(피해잎율),경상남도,0.069
202600209FT06060501322004,감,기본조사,관찰포,2026,4,흰가루병(피해잎율),경상남도,0.0
202600209FT06060501322004,감,기본조사,관찰포,2026,4,깍지벌레류(밀도),경상남도,0.054
202600209FT06060501322004,감,기본조사,관찰포,2026,4,감꼭지나방(피해과율),경상남도,0.014
202600209FT06060501322004,감,기본조사,관찰포,2026,4,노린재류(피해과율),경상남도,0.077
202600209FT06060501322004,감,기본조사,관찰포,2026,4,모무늬낙엽병(피해잎율),경상남도,0.0
202600209FT06060501322004,감,기본조사,관찰포,2026,4,매점병(피해과율),경상남도,0.0
202600209FT06061401322004,감귤,기본조사,관찰포,2026,4,더뎅이병(피해주율),제주특별자치도,1.238
202600209FT06061401322004,감귤,기본조사,관찰포,2026,4,궤양병(피해주율),제주특별자치도,0.667
202600209FT06061401322004,감귤,기본조사,관찰포,2026,4,검은점무늬병(피해과율),제주특별자치도,0.0
202600209FT06061401322004,감귤,기본조사,관찰포,2026,4,역병(피해과율),제주특별자치도,0.0
202600209FT06061401322004,감귤,기본조사,관찰포,2026,4,볼록총채벌레(밀도),제주특별자치도,0.0
202600209FT06061401322004,감귤,기본조사,관찰포,2026,4,귤응애(밀도),제주특별자치도,0.052
202600209FT06061401322004,감귤,기본조사,관찰포,2026,4,볼록총채벌레(트랩마리수),제주특별자치도,44.524
202600209FT06061401322004,감귤,기본조사,관찰포,2026,4,깍지벌레(트랩마리수),제주특별자치도,0.19
202600209FT06061401322004,감귤,기본조사,관찰포,2026,4,귤굴나방(밀도),제주특별자치도,0.0
202600209FT06061401322004,감귤,기본조사,관찰포,2026,4,진딧물류(밀도),제주특별자치도,0.09
202600209VC01120501320002,고추,노지고추,관찰포,2026,2,노지고추 - 역병(피해주율),대구광역시,0.0
202600209VC01120501320002,고추,노지고추,관찰포,2026,2,노지고추 - 탄저병(피해과율),대구광역시,0.0
202600209VC01120501320002,고추,노지고추,관찰포,2026,2,노지고추 - 풋마름병(피해주율),대구광역시,0.0
202600209VC01120501320002,고추,노지고추,관찰포,2026,2,노지고추 - 세균점무늬병(피해주율),대구광역시,0.0
202600209VC01120501320002,고추,노지고추,관찰포,2026,2,노지고추 - 무름병(피해과율),대구광역시,0.0
202600209VC01120501320002,고추,노지고추,관찰포,2026,2,노지고추 - 담배나방(피해과율),대구광역시,0.0
202600209VC01120501320002,고추,노지고추,관찰포,2026,2,노지고추 - 진딧물류(밀도),대구광역시,0.0
202600209VC01120501320002,고추,노지고추,관찰포,2026,2,노지고추 - 총채벌레류(밀도),대구광역시,0.0
202600209VC01120501320002,고추,노지고추,관찰포,2026,2,노지고추 - 역병(피해주율),경기도,0.0
202600209VC01120501320002,고추,노지고추,관찰포,2026,2,노지고추 - 탄저병(피해과율),경기도,0.0
202600209VC01120501320002,고추,노지고추,관찰포,2026,2,노지고추 - 풋마름병(피해주율),경기도,0.0
202600209VC01120501320002,고추,노지고추,관찰포,2026,2,노지고추 - 세균점무늬병(피해주율),경기도,0.0
202600209VC01120501320002,고추,노지고추,관찰포,2026,2,노지고추 - 무름병(피해과율),경기도,0.0
202600209VC01120501320002,고추,노지고추,관찰포,2026,2,노지고추 - 담배나방(피해과율),경기도,0.8
202600209VC01120501320002,고추,노지고추,관찰포,2026,2,노지고추 - 진딧물류(밀도),경기도,0.228
202600209VC01120501320002,고추,노지고추,관찰포,2026,2,노지고추 - 총채벌레류(밀도),경기도,7.948
202600209VC01120501320002,고추,노지고추,관찰포,2026,2,노지고추 - 역병(피해주율),강원특별자치도,0.0
202600209VC01120501320002,고추,노지고추,관찰포,2026,2,노지고추 - 탄저병(피해과율),강원특별자치도,0.0
202600209VC01120501320002,고추,노지고추,관찰포,2026,2,노지고추 - 풋마름병(피해주율),강원특별자치도,0.0
202600209VC01120501320002,고추,노지고추,관찰포,2026,2,노지고추 - 세균점무늬병(피해주율),강원특별자치도,0.0
202600209VC01120501320002,고추,노지고추,관찰포,2026,2,노지고추 - 무름병(피해과율),강원특별자치도,0.0
202600209VC01120501320002,고추,노지고추,관찰포,2026,2,노지고추 - 담배나방(피해과율),강원특별자치도,0.571
202600209VC01120501320002,고추,노지고추,관찰포,2026,2,노지고추 - 진딧물류(밀도),강원특별자치도,0.0
202600209VC01120501320002,고추,노지고추,관찰포,2026,2,노지고추 - 총채벌레류(밀도),강원특별자치도,0.097
202600209VC01120501320002,고추,노지고추,관찰포,2026,2,노지고추 - 역병(피해주율),충청북도,0.0
202600209VC01120501320002,고추,노지고추,관찰포,2026,2,노지고추 - 탄저병(피해과율),충청북도,0.0
202600209VC01120501320002,고추,노지고추,관찰포,2026,2,노지고추 - 풋마름병(피해주율),충청북도,0.0
202600209VC01120501320002,고추,노지고추,관찰포,2026,2,노지고추 - 세균점무늬병(피해주율),충청북도,0.0
202600209VC01120501320002,고추,노지고추,관찰포,2026,2,노지고추 - 무름병(피해과율),충청북도,0.0
202600209VC01120501320002,고추,노지고추,관찰포,2026,2,노지고추 - 담배나방(피해과율),충청북도,0.455
202600209VC01120501320002,고추,노지고추,관찰포,2026,2,노지고추 - 진딧물류(밀도),충청북도,0.009
202600209VC01120501320002,고추,노지고추,관찰포,2026,2,노지고추 - 총채벌레류(밀도),충청북도,0.133
202600209VC01120501320002,고추,노지고추,관찰포,2026,2,노지고추 - 역병(피해주율),충청남도,0.0
202600209VC01120501320002,고추,노지고추,관찰포,2026,2,노지고추 - 탄저병(피해과율),충청남도,0.0
202600209VC01120501320002,고추,노지고추,관찰포,2026,2,노지고추 - 풋마름병(피해주율),충청남도,0.0
202600209VC01120501320002,고추,노지고추,관찰포,2026,2,노지고추 - 세균점무늬병(피해주율),충청남도,0.0
202600209VC01120501320002,고추,노지고추,관찰포,2026,2,노지고추 - 무름병(피해과율),충청남도,0.0
202600209VC01120501320002,고추,노지고추,관찰포,2026,2,노지고추 - 담배나방(피해과율),충청남도,1.848
202600209VC01120501320002,고추,노지고추,관찰포,2026,2,노지고추 - 진딧물류(밀도),충청남도,0.191
202600209VC01120501320002,고추,노지고추,관찰포,2026,2,노지고추 - 총채벌레류(밀도),충청남도,1.207
202600209VC01120501320002,고추,노지고추,관찰포,2026,2,노지고추 - 역병(피해주율),전북특별자치도,0.0
202600209VC01120501320002,고추,노지고추,관찰포,2026,2,노지고추 - 탄저병(피해과율),전북특별자치도,0.0
202600209VC01120501320002,고추,노지고추,관찰포,2026,2,노지고추 - 풋마름병(피해주율),전북특별자치도,2.097
202600209VC01120501320002,고추,노지고추,관찰포,2026,2,노지고추 - 세균점무늬병(피해주율),전북특별자치도,0.023
202600209VC01120501320002,고추,노지고추,관찰포,2026,2,노지고추 - 무름병(피해과율),전북특별자치도,0.0
202600209VC01120501320002,고추,노지고추,관찰포,2026,2,노지고추 - 담배나방(피해과율),전북특별자치도,0.645
202600209VC01120501320002,고추,노지고추,관찰포,2026,2,노지고추 - 진딧물류(밀도),전북특별자치도,0.0
202600209VC01120501320002,고추,노지고추,관찰포,2026,2,노지고추 - 총채벌레류(밀도),전북특별자치도,0.994
202600209VC01120501320002,고추,노지고추,관찰포,2026,2,노지고추 - 역병(피해주율),전남광주통합특별시,0.0
202600209VC01120501320002,고추,노지고추,관찰포,2026,2,노지고추 - 탄저병(피해과율),전남광주통합특별시,0.091
202600209VC01120501320002,고추,노지고추,관찰포,2026,2,노지고추 - 풋마름병(피해주율),전남광주통합특별시,0.0
202600209VC01120501320002,고추,노지고추,관찰포,2026,2,노지고추 - 세균점무늬병(피해주율),전남광주통합특별시,0.0
202600209VC01120501320002,고추,노지고추,관찰포,2026,2,노지고추 - 무름병(피해과율),전남광주통합특별시,0.0
202600209VC01120501320002,고추,노지고추,관찰포,2026,2,노지고추 - 담배나방(피해과율),전남광주통합특별시,1.685
202600209VC01120501320002,고추,노지고추,관찰포,2026,2,노지고추 - 진딧물류(밀도),전남광주통합특별시,0.035
202600209VC01120501320002,고추,노지고추,관찰포,2026,2,노지고추 - 총채벌레류(밀도),전남광주통합특별시,12.485
202600209VC01120501320002,고추,노지고추,관찰포,2026,2,노지고추 - 역병(피해주율),경상북도,0.0
202600209VC01120501320002,고추,노지고추,관찰포,2026,2,노지고추 - 탄저병(피해과율),경상북도,0.079
202600209VC01120501320002,고추,노지고추,관찰포,2026,2,노지고추 - 풋마름병(피해주율),경상북도,0.0
202600209VC01120501320002,고추,노지고추,관찰포,2026,2,노지고추 - 세균점무늬병(피해주율),경상북도,0.0
202600209VC01120501320002,고추,노지고추,관찰포,2026,2,노지고추 - 무름병(피해과율),경상북도,0.079
202600209VC01120501320002,고추,노지고추,관찰포,2026,2,노지고추 - 담배나방(피해과율),경상북도,0.654
202600209VC01120501320002,고추,노지고추,관찰포,2026,2,노지고추 - 진딧물류(밀도),경상북도,0.087
202600209VC01120501320002,고추,노지고추,관찰포,2026,2,노지고추 - 총채벌레류(밀도),경상북도,1.878
202600209VC01120501320002,고추,노지고추,관찰포,2026,2,노지고추 - 역병(피해주율),경상남도,0.0
202600209VC01120501320002,고추,노지고추,관찰포,2026,2,노지고추 - 탄저병(피해과율),경상남도,0.0
202600209VC01120501320002,고추,노지고추,관찰포,2026,2,노지고추 - 풋마름병(피해주율),경상남도,0.0
202600209VC01120501320002,고추,노지고추,관찰포,2026,2,노지고추 - 세균점무늬병(피해주율),경상남도,0.0
202600209VC01120501320002,고추,노지고추,관찰포,2026,2,노지고추 - 무름병(피해과율),경상남도,0.0
202600209VC01120501320002,고추,노지고추,관찰포,2026,2,노지고추 - 담배나방(피해과율),경상남도,0.0
202600209VC01120501320002,고추,노지고추,관찰포,2026,2,노지고추 - 진딧물류(밀도),경상남도,0.0
202600209VC01120501320002,고추,노지고추,관찰포,2026,2,노지고추 - 총채벌레류(밀도),경상남도,0.0
202600209VC02100101345001,배추,여름배추,관찰포,2026,1,여름배추 - 무름병(피해주율),강원특별자치도,0.0
202600209VC02100101345001,배추,여름배추,관찰포,2026,1,여름배추 - 무름병(피해주율),강원특별자치도,0.0
202600209VC02100101345001,배추,여름배추,관찰포,2026,1,여름배추 - 바이러스병(피해주율),강원특별자치도,0.0
202600209VC02100101345001,배추,여름배추,관찰포,2026,1,여름배추 - 바이러스병(피해주율),강원특별자치도,0.0
202600209VC02100101345001,배추,여름배추,관찰포,2026,1,여름배추 - 노균병(피해주율),강원특별자치도,0.0
202600209VC02100101345001,배추,여름배추,관찰포,2026,1,여름배추 - 노균병(피해주율),강원특별자치도,0.0
202600209VC02100101345001,배추,여름배추,관찰포,2026,1,여름배추 - 흰무늬병(피해주율),강원특별자치도,0.0
202600209VC02100101345001,배추,여름배추,관찰포,2026,1,여름배추 - 검은무늬병(피해주율),강원특별자치도,0.0
202600209VC02100101345001,배추,여름배추,관찰포,2026,1,여름배추 - 검은무늬병(피해주율),강원특별자치도,0.0
202600209VC02100101345001,배추,여름배추,관찰포,2026,1,여름배추 - 흰무늬병(피해주율),강원특별자치도,0.0
202600209VC02100101345001,배추,여름배추,관찰포,2026,1,여름배추 - 배추좀나방(피해주율),강원특별자치도,0.0
202600209VC02100101345001,배추,여름배추,관찰포,2026,1,여름배추 - 배추좀나방(피해주율),강원특별자치도,0.0
202600209VC02100101345001,배추,여름배추,관찰포,2026,1,여름배추 - 뿌리마름병(피해주율),강원특별자치도,0.0
202600209VC02100101345001,배추,여름배추,관찰포,2026,1,여름배추 - 뿌리마름병(피해주율),강원특별자치도,0.0
202600209VC02100101345001,배추,여름배추,관찰포,2026,1,여름배추 - 진딧물류(밀도),강원특별자치도,0.0
202600209VC02100101345001,배추,여름배추,관찰포,2026,1,여름배추 - 진딧물류(밀도),강원특별자치도,0.0
202600209VC03110101347001,무,여름무,관찰포,2026,1,여름무 - 무름병(피해주율),강원특별자치도,0.0
202600209VC03110101347001,무,여름무,관찰포,2026,1,여름무 - 무름병(피해주율),강원특별자치도,0.0
202600209VC03110101347001,무,여름무,관찰포,2026,1,여름무 - 뿌리혹병(피해주율),강원특별자치도,0.0
202600209VC03110101347001,무,여름무,관찰포,2026,1,여름무 - 뿌리혹병(피해주율),강원특별자치도,0.0
202600209VC03110101347001,무,여름무,관찰포,2026,1,여름무 - 바이러스병(피해주율),강원특별자치도,0.0
202600209VC03110101347001,무,여름무,관찰포,2026,1,여름무 - 바이러스병(피해주율),강원특별자치도,0.0
202600209VC03110101347001,무,여름무,관찰포,2026,1,여름무 - 검은썩음병(피해주율),강원특별자치도,0.0
202600209VC03110101347001,무,여름무,관찰포,2026,1,여름무 - 검은썩음병(피해주율),강원특별자치도,0.0
202600209VC03110101347001,무,여름무,관찰포,2026,1,여름무 - 노균병(피해주율),강원특별자치도,0.0
202600209VC03110101347001,무,여름무,관찰포,2026,1,여름무 - 노균병(피해주율),강원특별자치도,0.0
202600204FC01010101322001,논벼,기본조사,벼관찰포,2026,1,잎도열병(발생추정면적),부산광역시,0.0
202600204FC01010101322001,논벼,기본조사,벼관찰포,2026,1,잎도열병(감수율),부산광역시,0.0
202600204FC01010101322001,논벼,기본조사,벼관찰포,2026,1,잎도열병(피해율),부산광역시,0.0
202600204FC01010101322001,논벼,기본조사,벼관찰포,2026,1,잎도열병(발생면적율),부산광역시,0.0
202600204FC01010101322001,논벼,기본조사,벼관찰포,2026,1,이삭도열병(발생추정면적),부산광역시,0.0
202600204FC01010101322001,논벼,기본조사,벼관찰포,2026,1,이삭도열병(감수율),부산광역시,0.0
202600204FC01010101322001,논벼,기본조사,벼관찰포,2026,1,이삭도열병(피해율),부산광역시,0.0
202600204FC01010101322001,논벼,기본조사,벼관찰포,2026,1,이삭도열병(발생면적율),부산광역시,0.0
202600204FC01010101322001,논벼,기본조사,벼관찰포,2026,1,세균벼알마름병(발생추정면적),부산광역시,0.0
202600204FC01010101322001,논벼,기본조사,벼관찰포,2026,1,세균벼알마름병(감수율),부산광역시,0.0
202600204FC01010101322001,논벼,기본조사,벼관찰포,2026,1,세균벼알마름병(피해율),부산광역시,0.0
202600204FC01010101322001,논벼,기본조사,벼관찰포,2026,1,세균벼알마름병(발생면적율),부산광역시,0.0
202600204FC01010101322001,논벼,기본조사,벼관찰포,2026,1,흰잎마름병(발생추정면적),부산광역시,0.0
202600204FC01010101322001,논벼,기본조사,벼관찰포,2026,1,흰잎마름병(감수율),부산광역시,0.0
202600204FC01010101322001,논벼,기본조사,벼관찰포,2026,1,흰잎마름병(피해율),부산광역시,0.0
202600204FC01010101322001,논벼,기본조사,벼관찰포,2026,1,흰잎마름병(발생면적율),부산광역시,0.0
202600204FC01010101322001,논벼,기본조사,벼관찰포,2026,1,깨씨무늬병(발생추정면적),부산광역시,0.0
202600204FC01010101322001,논벼,기본조사,벼관찰포,2026,1,깨씨무늬병(감수율),부산광역시,0.0
202600204FC01010101322001,논벼,기본조사,벼관찰포,2026,1,깨씨무늬병(피해율),부산광역시,0.0
202600204FC01010101322001,논벼,기본조사,벼관찰포,2026,1,깨씨무늬병(발생면적율),부산광역시,0.0
202600204FC01010101322001,논벼,기본조사,벼관찰포,2026,1,바이러스병(발생추정면적),부산광역시,0.0
202600204FC01010101322001,논벼,기본조사,벼관찰포,2026,1,바이러스병(감수율),부산광역시,0.0
202600204FC01010101322001,논벼,기본조사,벼관찰포,2026,1,바이러스병(피해율),부산광역시,0.0
202600204FC01010101322001,논벼,기본조사,벼관찰포,2026,1,바이러스병(발생면적율),부산광역시,0.0
202600204FC01010101322001,논벼,기본조사,벼관찰포,2026,1,이화명나방(발생추정면적),부산광역시,0.0
202600204FC01010101322001,논벼,기본조사,벼관찰포,2026,1,이화명나방(감수율),부산광역시,0.0
202600204FC01010101322001,논벼,기본조사,벼관찰포,2026,1,이화명나방(피해율),부산광역시,0.0
202600204FC01010101322001,논벼,기본조사,벼관찰포,2026,1,이화명나방(발생면적율),부산광역시,0.0
202600204FC01010101322001,논벼,기본조사,벼관찰포,2026,1,혹명나방(발생추정면적),부산광역시,0.0
202600204FC01010101322001,논벼,기본조사,벼관찰포,2026,1,혹명나방(감수율),부산광역시,0.0
202600204FC01010101322001,논벼,기본조사,벼관찰포,2026,1,혹명나방(피해율),부산광역시,0.0
202600204FC01010101322001,논벼,기본조사,벼관찰포,2026,1,혹명나방(발생면적율),부산광역시,0.0
202600204FC01010101322001,논벼,기본조사,벼관찰포,2026,1,먹노린재(발생추정면적),부산광역시,0.0
202600204FC01010101322001,논벼,기본조사,벼관찰포,2026,1,먹노린재(감수율),부산광역시,0.0
202600204FC01010101322001,논벼,기본조사,벼관찰포,2026,1,먹노린재(피해율),부산광역시,0.0
202600204FC01010101322001,논벼,기본조사,벼관찰포,2026,1,먹노린재(발생면적율),부산광역시,0.0
202600204FC01010101322001,논벼,기본조사,벼관찰포,2026,1,벼멸구(발생추정면적),부산광역시,0.0
202600204FC01010101322001,논벼,기본조사,벼관찰포,2026,1,벼멸구(감수율),부산광역시,0.0
202600204FC01010101322001,논벼,기본조사,벼관찰포,2026,1,벼멸구(피해율),부산광역시,0.0
202600204FC01010101322001,논벼,기본조사,벼관찰포,2026,1,벼멸구(발생면적율),부산광역시,0.0
202600204FC01010101322001,논벼,기본조사,벼관찰포,2026,1,흰등멸구(발생추정면적),부산광역시,0.0
202600204FC01010101322001,논벼,기본조사,벼관찰포,2026,1,흰등멸구(감수율),부산광역시,0.0
202600204FC01010101322001,논벼,기본조사,벼관찰포,2026,1,흰등멸구(피해율),부산광역시,0.0
202600204FC01010101322001,논벼,기본조사,벼관찰포,2026,1,흰등멸구(발생면적율),부산광역시,0.0
202600204FC01010101322001,논벼,기본조사,벼관찰포,2026,1,잎집무늬마름병(발생추정면적),부산광역시,0.0
202600204FC01010101322001,논벼,기본조사,벼관찰포,2026,1,잎집무늬마름병(감수율),부산광역시,0.0
202600204FC01010101322001,논벼,기본조사,벼관찰포,2026,1,잎집무늬마름병(피해율),부산광역시,0.0
202600204FC01010101322001,논벼,기본조사,벼관찰포,2026,1,잎집무늬마름병(발생면적율),부산광역시,0.0
202600204FC01010101322001,논벼,기본조사,벼관찰포,2026,1,키다리병(발생추정면적),부산광역시,0.0
202600204FC01010101322001,논벼,기본조사,벼관찰포,2026,1,키다리병(감수율),부산광역시,0.0
202600204FC01010101322001,논벼,기본조사,벼관찰포,2026,1,키다리병(피해율),부산광역시,0.0
202600204FC01010101322001,논벼,기본조사,벼관찰포,2026,1,키다리병(발생면적율),부산광역시,0.0
202600204FC01010101322001,논벼,기본조사,벼관찰포,2026,1,이삭누룩병(발생추정면적),부산광역시,0.0
202600204FC01010101322001,논벼,기본조사,벼관찰포,2026,1,이삭누룩병(감수율),부산광역시,0.0
202600204FC01010101322001,논벼,기본조사,벼관찰포,2026,1,이삭누룩병(피해율),부산광역시,0.0
202600204FC01010101322001,논벼,기본조사,벼관찰포,2026,1,이삭누룩병(발생면적율),부산광역시,0.0
202600204FC01010101322001,논벼,기본조사,벼관찰포,2026,1,벼잎벌레(발생추정면적),부산광역시,0.0
202600204FC01010101322001,논벼,기본조사,벼관찰포,2026,1,벼잎벌레(감수율),부산광역시,0.0
202600204FC01010101322001,논벼,기본조사,벼관찰포,2026,1,벼잎벌레(피해율),부산광역시,0.0
202600204FC01010101322001,논벼,기본조사,벼관찰포,2026,1,벼잎벌레(발생면적율),부산광역시,0.0
202600204FC01010101322001,논벼,기본조사,벼관찰포,2026,1,벼애나방(발생추정면적),부산광역시,0.0
202600204FC01010101322001,논벼,기본조사,벼관찰포,2026,1,벼애나방(감수율),부산광역시,0.0
202600204FC01010101322001,논벼,기본조사,벼관찰포,2026,1,벼애나방(피해율),부산광역시,0.0
202600204FC01010101322001,논벼,기본조사,벼관찰포,2026,1,벼애나방(발생면적율),부산광역시,0.0
202600204FC01010101322001,논벼,기본조사,벼관찰포,2026,1,벼애잎굴파리(발생추정면적),부산광역시,0.0
202600204FC01010101322001,논벼,기본조사,벼관찰포,2026,1,벼애잎굴파리(감수율),부산광역시,0.0
202600204FC01010101322001,논벼,기본조사,벼관찰포,2026,1,벼애잎굴파리(피해율),부산광역시,0.0
202600204FC01010101322001,논벼,기본조사,벼관찰포,2026,1,벼애잎굴파리(발생면적율),부산광역시,0.0
202600204FC01010101322001,논벼,기본조사,벼관찰포,2026,1,벼줄기굴파리(발생추정면적),부산광역시,0.0
202600204FC01010101322001,논벼,기본조사,벼관찰포,2026,1,벼줄기굴파리(감수율),부산광역시,0.0
202600204FC01010101322001,논벼,기본조사,벼관찰포,2026,1,벼줄기굴파리(피해율),부산광역시,0.0
202600204FC01010101322001,논벼,기본조사,벼관찰포,2026,1,벼줄기굴파리(발생면적율),부산광역시,0.0
202600204FC01010101322001,논벼,기본조사,벼관찰포,2026,1,벼물바구미(발생추정면적),부산광역시,0.0
202600204FC01010101322001,논벼,기본조사,벼관찰포,2026,1,벼물바구미(감수율),부산광역시,0.0
202600204FC01010101322001,논벼,기본조사,벼관찰포,2026,1,벼물바구미(피해율),부산광역시,0.0
202600204FC01010101322001,논벼,기본조사,벼관찰포,2026,1,벼물바구미(발생면적율),부산광역시,0.0
202600204FC01010101322001,논벼,기본조사,벼관찰포,2026,1,애멸구(발생추정면적),부산광역시,0.0
202600204FC01010101322001,논벼,기본조사,벼관찰포,2026,1,애멸구(감수율),부산광역시,0.0
202600204FC01010101322001,논벼,기본조사,벼관찰포,2026,1,애멸구(피해율),부산광역시,0.0
202600204FC01010101322001,논벼,기본조사,벼관찰포,2026,1,애멸구(발생면적율),부산광역시,0.0
202600204FC01010101322001,논벼,기본조사,벼관찰포,2026,1,끝동매미충(발생추정면적),부산광역시,0.0
202600204FC01010101322001,논벼,기본조사,벼관찰포,2026,1,끝동매미충(감수율),부산광역시,0.0
202600204FC01010101322001,논벼,기본조사,벼관찰포,2026,1,끝동매미충(피해율),부산광역시,0.0
202600204FC01010101322001,논벼,기본조사,벼관찰포,2026,1,끝동매미충(발생면적율),부산광역시,0.0
202600204FC01010101322001,논벼,기본조사,벼관찰포,2026,1,멸강나방(발생추정면적),부산광역시,0.0
202600204FC01010101322001,논벼,기본조사,벼관찰포,2026,1,멸강나방(감수율),부산광역시,0.0
202600204FC01010101322001,논벼,기본조사,벼관찰포,2026,1,멸강나방(피해율),부산광역시,0.0
202600204FC01010101322001,논벼,기본조사,벼관찰포,2026,1,멸강나방(발생면적율),부산광역시,0.0
202600204FC01010101322001,논벼,기본조사,벼관찰포,2026,1,벼잎선충(발생추정면적),부산광역시,0.0
202600204FC01010101322001,논벼,기본조사,벼관찰포,2026,1,벼잎선충(감수율),부산광역시,0.0
202600204FC01010101322001,논벼,기본조사,벼관찰포,2026,1,벼잎선충(피해율),부산광역시,0.0
202600204FC01010101322001,논벼,기본조사,벼관찰포,2026,1,벼잎선충(발생면적율),부산광역시,0.0
202600204FC01010101322001,논벼,기본조사,벼관찰포,2026,1,잎도열병(발생추정면적),대구광역시,0.0
202600204FC01010101322001,논벼,기본조사,벼관찰포,2026,1,잎도열병(감수율),대구광역시,0.0
202600204FC01010101322001,논벼,기본조사,벼관찰포,2026,1,잎도열병(피해율),대구광역시,0.0
202600204FC01010101322001,논벼,기본조사,벼관찰포,2026,1,잎도열병(발생면적율),대구광역시,0.0
202600204FC01010101322001,논벼,기본조사,벼관찰포,2026,1,이삭도열병(발생추정면적),대구광역시,0.0
202600204FC01010101322001,논벼,기본조사,벼관찰포,2026,1,이삭도열병(감수율),대구광역시,0.0
202600204FC01010101322001,논벼,기본조사,벼관찰포,2026,1,이삭도열병(피해율),대구광역시,0.0
202600204FC01010101322001,논벼,기본조사,벼관찰포,2026,1,이삭도열병(발생면적율),대구광역시,0.0
202600204FC01010101322001,논벼,기본조사,벼관찰포,2026,1,세균벼알마름병(발생추정면적),대구광역시,0.0
202600204FC01010101322001,논벼,기본조사,벼관찰포,2026,1,세균벼알마름병(감수율),대구광역시,0.0
202600204FC01010101322001,논벼,기본조사,벼관찰포,2026,1,세균벼알마름병(피해율),대구광역시,0.0
202600204FC01010101322001,논벼,기본조사,벼관찰포,2026,1,세균벼알마름병(발생면적율),대구광역시,0.0
202600204FC01010101322001,논벼,기본조사,벼관찰포,2026,1,흰잎마름병(발생추정면적),대구광역시,0.0
202600204FC01010101322001,논벼,기본조사,벼관찰포,2026,1,흰잎마름병(감수율),대구광역시,0.0
202600204FC01010101322001,논벼,기본조사,벼관찰포,2026,1,흰잎마름병(피해율),대구광역시,0.0
202600204FC01010101322001,논벼,기본조사,벼관찰포,2026,1,흰잎마름병(발생면적율),대구광역시,0.0
202600204FC01010101322001,논벼,기본조사,벼관찰포,2026,1,깨씨무늬병(발생추정면적),대구광역시,0.0
202600204FC01010101322001,논벼,기본조사,벼관찰포,2026,1,깨씨무늬병(감수율),대구광역시,0.0
202600204FC01010101322001,논벼,기본조사,벼관찰포,2026,1,깨씨무늬병(피해율),대구광역시,0.0
202600204FC01010101322001,논벼,기본조사,벼관찰포,2026,1,깨씨무늬병(발생면적율),대구광역시,0.0
202600204FC01010101322001,논벼,기본조사,벼관찰포,2026,1,바이러스병(발생추정면적),대구광역시,0.0
202600204FC01010101322001,논벼,기본조사,벼관찰포,2026,1,바이러스병(감수율),대구광역시,0.0
202600204FC01010101322001,논벼,기본조사,벼관찰포,2026,1,바이러스병(피해율),대구광역시,0.0
202600204FC01010101322001,논벼,기본조사,벼관찰포,2026,1,바이러스병(발생면적율),대구광역시,0.0
202600204FC01010101322001,논벼,기본조사,벼관찰포,2026,1,이화명나방(발생추정면적),대구광역시,0.0
202600204FC01010101322001,논벼,기본조사,벼관찰포,2026,1,이화명나방(감수율),대구광역시,0.0
202600204FC01010101322001,논벼,기본조사,벼관찰포,2026,1,이화명나방(피해율),대구광역시,0.0
202600204FC01010101322001,논벼,기본조사,벼관찰포,2026,1,이화명나방(발생면적율),대구광역시,0.0
202600204FC01010101322001,논벼,기본조사,벼관찰포,2026,1,혹명나방(발생추정면적),대구광역시,0.0
202600204FC01010101322001,논벼,기본조사,벼관찰포,2026,1,혹명나방(감수율),대구광역시,0.0
202600204FC01010101322001,논벼,기본조사,벼관찰포,2026,1,혹명나방(피해율),대구광역시,0.0
202600204FC01010101322001,논벼,기본조사,벼관찰포,2026,1,혹명나방(발생면적율),대구광역시,0.0
202600204FC01010101322001,논벼,기본조사,벼관찰포,2026,1,먹노린재(발생추정면적),대구광역시,0.0
202600204FC01010101322001,논벼,기본조사,벼관찰포,2026,1,먹노린재(감수율),대구광역시,0.0
202600204FC01010101322001,논벼,기본조사,벼관찰포,2026,1,먹노린재(피해율),대구광역시,0.0
202600204FC01010101322001,논벼,기본조사,벼관찰포,2026,1,먹노린재(발생면적율),대구광역시,0.0
202600204FC01010101322001,논벼,기본조사,벼관찰포,2026,1,벼멸구(발생추정면적),대구광역시,0.0
202600204FC01010101322001,논벼,기본조사,벼관찰포,2026,1,벼멸구(감수율),대구광역시,0.0
202600204FC01010101322001,논벼,기본조사,벼관찰포,2026,1,벼멸구(피해율),대구광역시,0.0
202600204FC01010101322001,논벼,기본조사,벼관찰포,2026,1,벼멸구(발생면적율),대구광역시,0.0
202600204FC01010101322001,논벼,기본조사,벼관찰포,2026,1,흰등멸구(발생추정면적),대구광역시,0.0
202600204FC01010101322001,논벼,기본조사,벼관찰포,2026,1,흰등멸구(감수율),대구광역시,0.0
202600204FC01010101322001,논벼,기본조사,벼관찰포,2026,1,흰등멸구(피해율),대구광역시,0.0
202600204FC01010101322001,논벼,기본조사,벼관찰포,2026,1,흰등멸구(발생면적율),대구광역시,0.0
202600204FC01010101322001,논벼,기본조사,벼관찰포,2026,1,잎집무늬마름병(발생추정면적),대구광역시,0.0
202600204FC01010101322001,논벼,기본조사,벼관찰포,2026,1,잎집무늬마름병(감수율),대구광역시,0.0
202600204FC01010101322001,논벼,기본조사,벼관찰포,2026,1,잎집무늬마름병(피해율),대구광역시,0.0
202600204FC01010101322001,논벼,기본조사,벼관찰포,2026,1,잎집무늬마름병(발생면적율),대구광역시,0.0
202600204FC01010101322001,논벼,기본조사,벼관찰포,2026,1,키다리병(발생추정면적),대구광역시,0.0
202600204FC01010101322001,논벼,기본조사,벼관찰포,2026,1,키다리병(감수율),대구광역시,0.0
202600204FC01010101322001,논벼,기본조사,벼관찰포,2026,1,키다리병(피해율),대구광역시,0.0
202600204FC01010101322001,논벼,기본조사,벼관찰포,2026,1,키다리병(발생면적율),대구광역시,0.0
202600204FC01010101322001,논벼,기본조사,벼관찰포,2026,1,이삭누룩병(발생추정면적),대구광역시,0.0
202600204FC01010101322001,논벼,기본조사,벼관찰포,2026,1,이삭누룩병(감수율),대구광역시,0.0
202600204FC01010101322001,논벼,기본조사,벼관찰포,2026,1,이삭누룩병(피해율),대구광역시,0.0
202600204FC01010101322001,논벼,기본조사,벼관찰포,2026,1,이삭누룩병(발생면적율),대구광역시,0.0
202600204FC01010101322001,논벼,기본조사,벼관찰포,2026,1,벼잎벌레(발생추정면적),대구광역시,0.0
202600204FC01010101322001,논벼,기본조사,벼관찰포,2026,1,벼잎벌레(감수율),대구광역시,0.0
202600204FC01010101322001,논벼,기본조사,벼관찰포,2026,1,벼잎벌레(피해율),대구광역시,0.0
202600204FC01010101322001,논벼,기본조사,벼관찰포,2026,1,벼잎벌레(발생면적율),대구광역시,0.0
202600204FC01010101322001,논벼,기본조사,벼관찰포,2026,1,벼애나방(발생추정면적),대구광역시,0.0
202600204FC01010101322001,논벼,기본조사,벼관찰포,2026,1,벼애나방(감수율),대구광역시,0.0
202600204FC01010101322001,논벼,기본조사,벼관찰포,2026,1,벼애나방(피해율),대구광역시,0.0
202600204FC01010101322001,논벼,기본조사,벼관찰포,2026,1,벼애나방(발생면적율),대구광역시,0.0
202600204FC01010101322001,논벼,기본조사,벼관찰포,2026,1,벼애잎굴파리(발생추정면적),대구광역시,0.0
202600204FC01010101322001,논벼,기본조사,벼관찰포,2026,1,벼애잎굴파리(감수율),대구광역시,0.0
202600204FC01010101322001,논벼,기본조사,벼관찰포,2026,1,벼애잎굴파리(피해율),대구광역시,0.0
202600204FC01010101322001,논벼,기본조사,벼관찰포,2026,1,벼애잎굴파리(발생면적율),대구광역시,0.0
202600204FC01010101322001,논벼,기본조사,벼관찰포,2026,1,벼줄기굴파리(발생추정면적),대구광역시,0.0
202600204FC01010101322001,논벼,기본조사,벼관찰포,2026,1,벼줄기굴파리(감수율),대구광역시,0.0
202600204FC01010101322001,논벼,기본조사,벼관찰포,2026,1,벼줄기굴파리(피해율),대구광역시,0.0
202600204FC01010101322001,논벼,기본조사,벼관찰포,2026,1,벼줄기굴파리(발생면적율),대구광역시,0.0
202600204FC01010101322001,논벼,기본조사,벼관찰포,2026,1,벼물바구미(발생추정면적),대구광역시,0.0
202600204FC01010101322001,논벼,기본조사,벼관찰포,2026,1,벼물바구미(감수율),대구광역시,0.0
202600204FC01010101322001,논벼,기본조사,벼관찰포,2026,1,벼물바구미(피해율),대구광역시,0.0
202600204FC01010101322001,논벼,기본조사,벼관찰포,2026,1,벼물바구미(발생면적율),대구광역시,0.0
202600204FC01010101322001,논벼,기본조사,벼관찰포,2026,1,애멸구(발생추정면적),대구광역시,0.0
202600204FC01010101322001,논벼,기본조사,벼관찰포,2026,1,애멸구(감수율),대구광역시,0.0
202600204FC01010101322001,논벼,기본조사,벼관찰포,2026,1,애멸구(피해율),대구광역시,0.0
202600204FC01010101322001,논벼,기본조사,벼관찰포,2026,1,애멸구(발생면적율),대구광역시,0.0
202600204FC01010101322001,논벼,기본조사,벼관찰포,2026,1,끝동매미충(발생추정면적),대구광역시,0.0
202600204FC01010101322001,논벼,기본조사,벼관찰포,2026,1,끝동매미충(감수율),대구광역시,0.0
202600204FC01010101322001,논벼,기본조사,벼관찰포,2026,1,끝동매미충(피해율),대구광역시,0.0
202600204FC01010101322001,논벼,기본조사,벼관찰포,2026,1,끝동매미충(발생면적율),대구광역시,0.0
202600204FC01010101322001,논벼,기본조사,벼관찰포,2026,1,멸강나방(발생추정면적),대구광역시,0.0
202600204FC01010101322001,논벼,기본조사,벼관찰포,2026,1,멸강나방(감수율),대구광역시,0.0
202600204FC01010101322001,논벼,기본조사,벼관찰포,2026,1,멸강나방(피해율),대구광역시,0.0
202600204FC01010101322001,논벼,기본조사,벼관찰포,2026,1,멸강나방(발생면적율),대구광역시,0.0
202600204FC01010101322001,논벼,기본조사,벼관찰포,2026,1,벼잎선충(발생추정면적),대구광역시,0.0
202600204FC01010101322001,논벼,기본조사,벼관찰포,2026,1,벼잎선충(감수율),대구광역시,0.0
202600204FC01010101322001,논벼,기본조사,벼관찰포,2026,1,벼잎선충(피해율),대구광역시,0.0
202600204FC01010101322001,논벼,기본조사,벼관찰포,2026,1,벼잎선충(발생면적율),대구광역시,0.0
202600204FC01010101322001,논벼,기본조사,벼관찰포,2026,1,잎도열병(발생추정면적),인천광역시,0.0
202600204FC01010101322001,논벼,기본조사,벼관찰포,2026,1,잎도열병(감수율),인천광역시,0.0
202600204FC01010101322001,논벼,기본조사,벼관찰포,2026,1,잎도열병(피해율),인천광역시,0.0
202600204FC01010101322001,논벼,기본조사,벼관찰포,2026,1,잎도열병(발생면적율),인천광역시,0.0
202600204FC01010101322001,논벼,기본조사,벼관찰포,2026,1,이삭도열병(발생추정면적),인천광역시,0.0
202600204FC01010101322001,논벼,기본조사,벼관찰포,2026,1,이삭도열병(감수율),인천광역시,0.0
202600204FC01010101322001,논벼,기본조사,벼관찰포,2026,1,이삭도열병(피해율),인천광역시,0.0
202600204FC01010101322001,논벼,기본조사,벼관찰포,2026,1,이삭도열병(발생면적율),인천광역시,0.0
202600204FC01010101322001,논벼,기본조사,벼관찰포,2026,1,세균벼알마름병(발생추정면적),인천광역시,0.0
202600204FC01010101322001,논벼,기본조사,벼관찰포,2026,1,세균벼알마름병(감수율),인천광역시,0.0
202600204FC01010101322001,논벼,기본조사,벼관찰포,2026,1,세균벼알마름병(피해율),인천광역시,0.0
202600204FC01010101322001,논벼,기본조사,벼관찰포,2026,1,세균벼알마름병(발생면적율),인천광역시,0.0
202600204FC01010101322001,논벼,기본조사,벼관찰포,2026,1,흰잎마름병(발생추정면적),인천광역시,0.0
202600204FC01010101322001,논벼,기본조사,벼관찰포,2026,1,흰잎마름병(감수율),인천광역시,0.0
202600204FC01010101322001,논벼,기본조사,벼관찰포,2026,1,흰잎마름병(피해율),인천광역시,0.0
202600204FC01010101322001,논벼,기본조사,벼관찰포,2026,1,흰잎마름병(발생면적율),인천광역시,0.0
202600204FC01010101322001,논벼,기본조사,벼관찰포,2026,1,깨씨무늬병(발생추정면적),인천광역시,0.0
202600204FC01010101322001,논벼,기본조사,벼관찰포,2026,1,깨씨무늬병(감수율),인천광역시,0.0
202600204FC01010101322001,논벼,기본조사,벼관찰포,2026,1,깨씨무늬병(피해율),인천광역시,0.0
202600204FC01010101322001,논벼,기본조사,벼관찰포,2026,1,깨씨무늬병(발생면적율),인천광역시,0.0
202600204FC01010101322001,논벼,기본조사,벼관찰포,2026,1,바이러스병(발생추정면적),인천광역시,0.0
202600204FC01010101322001,논벼,기본조사,벼관찰포,2026,1,바이러스병(감수율),인천광역시,0.0
202600204FC01010101322001,논벼,기본조사,벼관찰포,2026,1,바이러스병(피해율),인천광역시,0.0
202600204FC01010101322001,논벼,기본조사,벼관찰포,2026,1,바이러스병(발생면적율),인천광역시,0.0
202600204FC01010101322001,논벼,기본조사,벼관찰포,2026,1,이화명나방(발생추정면적),인천광역시,0.0
202600204FC01010101322001,논벼,기본조사,벼관찰포,2026,1,이화명나방(감수율),인천광역시,0.0
202600204FC01010101322001,논벼,기본조사,벼관찰포,2026,1,이화명나방(피해율),인천광역시,0.0
202600204FC01010101322001,논벼,기본조사,벼관찰포,2026,1,이화명나방(발생면적율),인천광역시,0.0
202600204FC01010101322001,논벼,기본조사,벼관찰포,2026,1,혹명나방(발생추정면적),인천광역시,0.0
202600204FC01010101322001,논벼,기본조사,벼관찰포,2026,1,혹명나방(감수율),인천광역시,0.0
202600204FC01010101322001,논벼,기본조사,벼관찰포,2026,1,혹명나방(피해율),인천광역시,0.0
202600204FC01010101322001,논벼,기본조사,벼관찰포,2026,1,혹명나방(발생면적율),인천광역시,0.0
202600204FC01010101322001,논벼,기본조사,벼관찰포,2026,1,먹노린재(발생추정면적),인천광역시,0.0
202600204FC01010101322001,논벼,기본조사,벼관찰포,2026,1,먹노린재(감수율),인천광역시,0.0
202600204FC01010101322001,논벼,기본조사,벼관찰포,2026,1,먹노린재(피해율),인천광역시,0.0
202600204FC01010101322001,논벼,기본조사,벼관찰포,2026,1,먹노린재(발생면적율),인천광역시,0.0
202600204FC01010101322001,논벼,기본조사,벼관찰포,2026,1,벼멸구(발생추정면적),인천광역시,0.0
202600204FC01010101322001,논벼,기본조사,벼관찰포,2026,1,벼멸구(감수율),인천광역시,0.0
202600204FC01010101322001,논벼,기본조사,벼관찰포,2026,1,벼멸구(피해율),인천광역시,0.0
202600204FC01010101322001,논벼,기본조사,벼관찰포,2026,1,벼멸구(발생면적율),인천광역시,0.0
202600204FC01010101322001,논벼,기본조사,벼관찰포,2026,1,흰등멸구(발생추정면적),인천광역시,0.0
202600204FC01010101322001,논벼,기본조사,벼관찰포,2026,1,흰등멸구(감수율),인천광역시,0.0
202600204FC01010101322001,논벼,기본조사,벼관찰포,2026,1,흰등멸구(피해율),인천광역시,0.0
202600204FC01010101322001,논벼,기본조사,벼관찰포,2026,1,흰등멸구(발생면적율),인천광역시,0.0
202600204FC01010101322001,논벼,기본조사,벼관찰포,2026,1,잎집무늬마름병(발생추정면적),인천광역시,0.0
202600204FC01010101322001,논벼,기본조사,벼관찰포,2026,1,잎집무늬마름병(감수율),인천광역시,0.0
202600204FC01010101322001,논벼,기본조사,벼관찰포,2026,1,잎집무늬마름병(피해율),인천광역시,0.0
202600204FC01010101322001,논벼,기본조사,벼관찰포,2026,1,잎집무늬마름병(발생면적율),인천광역시,0.0
202600204FC01010101322001,논벼,기본조사,벼관찰포,2026,1,키다리병(발생추정면적),인천광역시,0.0
202600204FC01010101322001,논벼,기본조사,벼관찰포,2026,1,키다리병(감수율),인천광역시,0.0
202600204FC01010101322001,논벼,기본조사,벼관찰포,2026,1,키다리병(피해율),인천광역시,0.0
202600204FC01010101322001,논벼,기본조사,벼관찰포,2026,1,키다리병(발생면적율),인천광역시,0.0
202600204FC01010101322001,논벼,기본조사,벼관찰포,2026,1,이삭누룩병(발생추정면적),인천광역시,0.0
202600204FC01010101322001,논벼,기본조사,벼관찰포,2026,1,이삭누룩병(감수율),인천광역시,0.0
202600204FC01010101322001,논벼,기본조사,벼관찰포,2026,1,이삭누룩병(피해율),인천광역시,0.0
202600204FC01010101322001,논벼,기본조사,벼관찰포,2026,1,이삭누룩병(발생면적율),인천광역시,0.0
202600204FC01010101322001,논벼,기본조사,벼관찰포,2026,1,벼잎벌레(발생추정면적),인천광역시,0.0
202600204FC01010101322001,논벼,기본조사,벼관찰포,2026,1,벼잎벌레(감수율),인천광역시,0.0
202600204FC01010101322001,논벼,기본조사,벼관찰포,2026,1,벼잎벌레(피해율),인천광역시,0.0
202600204FC01010101322001,논벼,기본조사,벼관찰포,2026,1,벼잎벌레(발생면적율),인천광역시,0.0
202600204FC01010101322001,논벼,기본조사,벼관찰포,2026,1,벼애나방(발생추정면적),인천광역시,0.0
202600204FC01010101322001,논벼,기본조사,벼관찰포,2026,1,벼애나방(감수율),인천광역시,0.0
202600204FC01010101322001,논벼,기본조사,벼관찰포,2026,1,벼애나방(피해율),인천광역시,0.0
202600204FC01010101322001,논벼,기본조사,벼관찰포,2026,1,벼애나방(발생면적율),인천광역시,0.0
202600204FC01010101322001,논벼,기본조사,벼관찰포,2026,1,벼애잎굴파리(발생추정면적),인천광역시,0.0
202600204FC01010101322001,논벼,기본조사,벼관찰포,2026,1,벼애잎굴파리(감수율),인천광역시,0.0
202600204FC01010101322001,논벼,기본조사,벼관찰포,2026,1,벼애잎굴파리(피해율),인천광역시,0.0
202600204FC01010101322001,논벼,기본조사,벼관찰포,2026,1,벼애잎굴파리(발생면적율),인천광역시,0.0
202600204FC01010101322001,논벼,기본조사,벼관찰포,2026,1,벼줄기굴파리(발생추정면적),인천광역시,0.0
202600204FC01010101322001,논벼,기본조사,벼관찰포,2026,1,벼줄기굴파리(감수율),인천광역시,0.0
202600204FC01010101322001,논벼,기본조사,벼관찰포,2026,1,벼줄기굴파리(피해율),인천광역시,0.0
202600204FC01010101322001,논벼,기본조사,벼관찰포,2026,1,벼줄기굴파리(발생면적율),인천광역시,0.0
202600204FC01010101322001,논벼,기본조사,벼관찰포,2026,1,벼물바구미(발생추정면적),인천광역시,0.0
202600204FC01010101322001,논벼,기본조사,벼관찰포,2026,1,벼물바구미(감수율),인천광역시,0.0
202600204FC01010101322001,논벼,기본조사,벼관찰포,2026,1,벼물바구미(피해율),인천광역시,0.0
202600204FC01010101322001,논벼,기본조사,벼관찰포,2026,1,벼물바구미(발생면적율),인천광역시,0.0
202600204FC01010101322001,논벼,기본조사,벼관찰포,2026,1,애멸구(발생추정면적),인천광역시,0.0
202600204FC01010101322001,논벼,기본조사,벼관찰포,2026,1,애멸구(감수율),인천광역시,0.0
202600204FC01010101322001,논벼,기본조사,벼관찰포,2026,1,애멸구(피해율),인천광역시,0.0
202600204FC01010101322001,논벼,기본조사,벼관찰포,2026,1,애멸구(발생면적율),인천광역시,0.0
202600204FC01010101322001,논벼,기본조사,벼관찰포,2026,1,끝동매미충(발생추정면적),인천광역시,0.0
202600204FC01010101322001,논벼,기본조사,벼관찰포,2026,1,끝동매미충(감수율),인천광역시,0.0
202600204FC01010101322001,논벼,기본조사,벼관찰포,2026,1,끝동매미충(피해율),인천광역시,0.0
202600204FC01010101322001,논벼,기본조사,벼관찰포,2026,1,끝동매미충(발생면적율),인천광역시,0.0
202600204FC01010101322001,논벼,기본조사,벼관찰포,2026,1,멸강나방(발생추정면적),인천광역시,0.0
202600204FC01010101322001,논벼,기본조사,벼관찰포,2026,1,멸강나방(감수율),인천광역시,0.0
202600204FC01010101322001,논벼,기본조사,벼관찰포,2026,1,멸강나방(피해율),인천광역시,0.0
202600204FC01010101322001,논벼,기본조사,벼관찰포,2026,1,멸강나방(발생면적율),인천광역시,0.0
202600204FC01010101322001,논벼,기본조사,벼관찰포,2026,1,벼잎선충(발생추정면적),인천광역시,0.0
202600204FC01010101322001,논벼,기본조사,벼관찰포,2026,1,벼잎선충(감수율),인천광역시,0.0
202600204FC01010101322001,논벼,기본조사,벼관찰포,2026,1,벼잎선충(피해율),인천광역시,0.0
202600204FC01010101322001,논벼,기본조사,벼관찰포,2026,1,벼잎선충(발생면적율),인천광역시,0.0
202600204FC01010101322001,논벼,기본조사,벼관찰포,2026,1,잎도열병(발생추정면적),대전광역시,0.0
202600204FC01010101322001,논벼,기본조사,벼관찰포,2026,1,잎도열병(감수율),대전광역시,0.0
202600204FC01010101322001,논벼,기본조사,벼관찰포,2026,1,잎도열병(피해율),대전광역시,0.0
202600204FC01010101322001,논벼,기본조사,벼관찰포,2026,1,잎도열병(발생면적율),대전광역시,0.0
202600204FC01010101322001,논벼,기본조사,벼관찰포,2026,1,이삭도열병(발생추정면적),대전광역시,0.0
202600204FC01010101322001,논벼,기본조사,벼관찰포,2026,1,이삭도열병(감수율),대전광역시,0.0
202600204FC01010101322001,논벼,기본조사,벼관찰포,2026,1,이삭도열병(피해율),대전광역시,0.0
202600204FC01010101322001,논벼,기본조사,벼관찰포,2026,1,이삭도열병(발생면적율),대전광역시,0.0
202600204FC01010101322001,논벼,기본조사,벼관찰포,2026,1,세균벼알마름병(발생추정면적),대전광역시,0.0
202600204FC01010101322001,논벼,기본조사,벼관찰포,2026,1,세균벼알마름병(감수율),대전광역시,0.0
202600204FC01010101322001,논벼,기본조사,벼관찰포,2026,1,세균벼알마름병(피해율),대전광역시,0.0
202600204FC01010101322001,논벼,기본조사,벼관찰포,2026,1,세균벼알마름병(발생면적율),대전광역시,0.0
202600204FC01010101322001,논벼,기본조사,벼관찰포,2026,1,흰잎마름병(발생추정면적),대전광역시,0.0
202600204FC01010101322001,논벼,기본조사,벼관찰포,2026,1,흰잎마름병(감수율),대전광역시,0.0
202600204FC01010101322001,논벼,기본조사,벼관찰포,2026,1,흰잎마름병(피해율),대전광역시,0.0
202600204FC01010101322001,논벼,기본조사,벼관찰포,2026,1,흰잎마름병(발생면적율),대전광역시,0.0
202600204FC01010101322001,논벼,기본조사,벼관찰포,2026,1,깨씨무늬병(발생추정면적),대전광역시,0.0
202600204FC01010101322001,논벼,기본조사,벼관찰포,2026,1,깨씨무늬병(감수율),대전광역시,0.0
202600204FC01010101322001,논벼,기본조사,벼관찰포,2026,1,깨씨무늬병(피해율),대전광역시,0.0
202600204FC01010101322001,논벼,기본조사,벼관찰포,2026,1,깨씨무늬병(발생면적율),대전광역시,0.0
202600204FC01010101322001,논벼,기본조사,벼관찰포,2026,1,바이러스병(발생추정면적),대전광역시,0.0
202600204FC01010101322001,논벼,기본조사,벼관찰포,2026,1,바이러스병(감수율),대전광역시,0.0
202600204FC01010101322001,논벼,기본조사,벼관찰포,2026,1,바이러스병(피해율),대전광역시,0.0
202600204FC01010101322001,논벼,기본조사,벼관찰포,2026,1,바이러스병(발생면적율),대전광역시,0.0
202600204FC01010101322001,논벼,기본조사,벼관찰포,2026,1,이화명나방(발생추정면적),대전광역시,0.0
202600204FC01010101322001,논벼,기본조사,벼관찰포,2026,1,이화명나방(감수율),대전광역시,0.0
202600204FC01010101322001,논벼,기본조사,벼관찰포,2026,1,이화명나방(피해율),대전광역시,0.0
202600204FC01010101322001,논벼,기본조사,벼관찰포,2026,1,이화명나방(발생면적율),대전광역시,0.0
202600204FC01010101322001,논벼,기본조사,벼관찰포,2026,1,혹명나방(발생추정면적),대전광역시,0.0
202600204FC01010101322001,논벼,기본조사,벼관찰포,2026,1,혹명나방(감수율),대전광역시,0.0
202600204FC01010101322001,논벼,기본조사,벼관찰포,2026,1,혹명나방(피해율),대전광역시,0.0
202600204FC01010101322001,논벼,기본조사,벼관찰포,2026,1,혹명나방(발생면적율),대전광역시,0.0
202600204FC01010101322001,논벼,기본조사,벼관찰포,2026,1,먹노린재(발생추정면적),대전광역시,0.0
202600204FC01010101322001,논벼,기본조사,벼관찰포,2026,1,먹노린재(감수율),대전광역시,0.0
202600204FC01010101322001,논벼,기본조사,벼관찰포,2026,1,먹노린재(피해율),대전광역시,0.0
202600204FC01010101322001,논벼,기본조사,벼관찰포,2026,1,먹노린재(발생면적율),대전광역시,0.0
202600204FC01010101322001,논벼,기본조사,벼관찰포,2026,1,벼멸구(발생추정면적),대전광역시,0.0
202600204FC01010101322001,논벼,기본조사,벼관찰포,2026,1,벼멸구(감수율),대전광역시,0.0
202600204FC01010101322001,논벼,기본조사,벼관찰포,2026,1,벼멸구(피해율),대전광역시,0.0
202600204FC01010101322001,논벼,기본조사,벼관찰포,2026,1,벼멸구(발생면적율),대전광역시,0.0
202600204FC01010101322001,논벼,기본조사,벼관찰포,2026,1,흰등멸구(발생추정면적),대전광역시,0.0
202600204FC01010101322001,논벼,기본조사,벼관찰포,2026,1,흰등멸구(감수율),대전광역시,0.0
202600204FC01010101322001,논벼,기본조사,벼관찰포,2026,1,흰등멸구(피해율),대전광역시,0.0
202600204FC01010101322001,논벼,기본조사,벼관찰포,2026,1,흰등멸구(발생면적율),대전광역시,0.0
202600204FC01010101322001,논벼,기본조사,벼관찰포,2026,1,잎집무늬마름병(발생추정면적),대전광역시,0.0
202600204FC01010101322001,논벼,기본조사,벼관찰포,2026,1,잎집무늬마름병(감수율),대전광역시,0.0
202600204FC01010101322001,논벼,기본조사,벼관찰포,2026,1,잎집무늬마름병(피해율),대전광역시,0.0
202600204FC01010101322001,논벼,기본조사,벼관찰포,2026,1,잎집무늬마름병(발생면적율),대전광역시,0.0
202600204FC01010101322001,논벼,기본조사,벼관찰포,2026,1,키다리병(발생추정면적),대전광역시,0.0
202600204FC01010101322001,논벼,기본조사,벼관찰포,2026,1,키다리병(감수율),대전광역시,0.0
202600204FC01010101322001,논벼,기본조사,벼관찰포,2026,1,키다리병(피해율),대전광역시,0.0
202600204FC01010101322001,논벼,기본조사,벼관찰포,2026,1,키다리병(발생면적율),대전광역시,0.0
202600204FC01010101322001,논벼,기본조사,벼관찰포,2026,1,이삭누룩병(발생추정면적),대전광역시,0.0
202600204FC01010101322001,논벼,기본조사,벼관찰포,2026,1,이삭누룩병(감수율),대전광역시,0.0
202600204FC01010101322001,논벼,기본조사,벼관찰포,2026,1,이삭누룩병(피해율),대전광역시,0.0
202600204FC01010101322001,논벼,기본조사,벼관찰포,2026,1,이삭누룩병(발생면적율),대전광역시,0.0
202600204FC01010101322001,논벼,기본조사,벼관찰포,2026,1,벼잎벌레(발생추정면적),대전광역시,0.0
202600204FC01010101322001,논벼,기본조사,벼관찰포,2026,1,벼잎벌레(감수율),대전광역시,0.0
202600204FC01010101322001,논벼,기본조사,벼관찰포,2026,1,벼잎벌레(피해율),대전광역시,0.0
202600204FC01010101322001,논벼,기본조사,벼관찰포,2026,1,벼잎벌레(발생면적율),대전광역시,0.0
202600204FC01010101322001,논벼,기본조사,벼관찰포,2026,1,벼애나방(발생추정면적),대전광역시,0.0
202600204FC01010101322001,논벼,기본조사,벼관찰포,2026,1,벼애나방(감수율),대전광역시,0.0
202600204FC01010101322001,논벼,기본조사,벼관찰포,2026,1,벼애나방(피해율),대전광역시,0.0
202600204FC01010101322001,논벼,기본조사,벼관찰포,2026,1,벼애나방(발생면적율),대전광역시,0.0
202600204FC01010101322001,논벼,기본조사,벼관찰포,2026,1,벼애잎굴파리(발생추정면적),대전광역시,0.0
202600204FC01010101322001,논벼,기본조사,벼관찰포,2026,1,벼애잎굴파리(감수율),대전광역시,0.0
202600204FC01010101322001,논벼,기본조사,벼관찰포,2026,1,벼애잎굴파리(피해율),대전광역시,0.0
202600204FC01010101322001,논벼,기본조사,벼관찰포,2026,1,벼애잎굴파리(발생면적율),대전광역시,0.0
202600204FC01010101322001,논벼,기본조사,벼관찰포,2026,1,벼줄기굴파리(발생추정면적),대전광역시,0.0
202600204FC01010101322001,논벼,기본조사,벼관찰포,2026,1,벼줄기굴파리(감수율),대전광역시,0.0
202600204FC01010101322001,논벼,기본조사,벼관찰포,2026,1,벼줄기굴파리(피해율),대전광역시,0.0
202600204FC01010101322001,논벼,기본조사,벼관찰포,2026,1,벼줄기굴파리(발생면적율),대전광역시,0.0
202600204FC01010101322001,논벼,기본조사,벼관찰포,2026,1,벼물바구미(발생추정면적),대전광역시,0.0
202600204FC01010101322001,논벼,기본조사,벼관찰포,2026,1,벼물바구미(감수율),대전광역시,0.0
202600204FC01010101322001,논벼,기본조사,벼관찰포,2026,1,벼물바구미(피해율),대전광역시,0.0
202600204FC01010101322001,논벼,기본조사,벼관찰포,2026,1,벼물바구미(발생면적율),대전광역시,0.0
202600204FC01010101322001,논벼,기본조사,벼관찰포,2026,1,애멸구(발생추정면적),대전광역시,0.0
202600204FC01010101322001,논벼,기본조사,벼관찰포,2026,1,애멸구(감수율),대전광역시,0.0
202600204FC01010101322001,논벼,기본조사,벼관찰포,2026,1,애멸구(피해율),대전광역시,0.0
202600204FC01010101322001,논벼,기본조사,벼관찰포,2026,1,애멸구(발생면적율),대전광역시,0.0
202600204FC01010101322001,논벼,기본조사,벼관찰포,2026,1,끝동매미충(발생추정면적),대전광역시,0.0
202600204FC01010101322001,논벼,기본조사,벼관찰포,2026,1,끝동매미충(감수율),대전광역시,0.0
202600204FC01010101322001,논벼,기본조사,벼관찰포,2026,1,끝동매미충(피해율),대전광역시,0.0
202600204FC01010101322001,논벼,기본조사,벼관찰포,2026,1,끝동매미충(발생면적율),대전광역시,0.0
202600204FC01010101322001,논벼,기본조사,벼관찰포,2026,1,멸강나방(발생추정면적),대전광역시,0.0
202600204FC01010101322001,논벼,기본조사,벼관찰포,2026,1,멸강나방(감수율),대전광역시,0.0
202600204FC01010101322001,논벼,기본조사,벼관찰포,2026,1,멸강나방(피해율),대전광역시,0.0
202600204FC01010101322001,논벼,기본조사,벼관찰포,2026,1,멸강나방(발생면적율),대전광역시,0.0
202600204FC01010101322001,논벼,기본조사,벼관찰포,2026,1,벼잎선충(발생추정면적),대전광역시,0.0
202600204FC01010101322001,논벼,기본조사,벼관찰포,2026,1,벼잎선충(감수율),대전광역시,0.0
202600204FC01010101322001,논벼,기본조사,벼관찰포,2026,1,벼잎선충(피해율),대전광역시,0.0
202600204FC01010101322001,논벼,기본조사,벼관찰포,2026,1,벼잎선충(발생면적율),대전광역시,0.0
202600204FC01010101322001,논벼,기본조사,벼관찰포,2026,1,잎도열병(발생추정면적),울산광역시,0.0
202600204FC01010101322001,논벼,기본조사,벼관찰포,2026,1,잎도열병(감수율),울산광역시,0.0
202600204FC01010101322001,논벼,기본조사,벼관찰포,2026,1,잎도열병(피해율),울산광역시,0.0
202600204FC01010101322001,논벼,기본조사,벼관찰포,2026,1,잎도열병(발생면적율),울산광역시,0.0
202600204FC01010101322001,논벼,기본조사,벼관찰포,2026,1,이삭도열병(발생추정면적),울산광역시,0.0
202600204FC01010101322001,논벼,기본조사,벼관찰포,2026,1,이삭도열병(감수율),울산광역시,0.0
202600204FC01010101322001,논벼,기본조사,벼관찰포,2026,1,이삭도열병(피해율),울산광역시,0.0
202600204FC01010101322001,논벼,기본조사,벼관찰포,2026,1,이삭도열병(발생면적율),울산광역시,0.0
202600204FC01010101322001,논벼,기본조사,벼관찰포,2026,1,세균벼알마름병(발생추정면적),울산광역시,0.0
202600204FC01010101322001,논벼,기본조사,벼관찰포,2026,1,세균벼알마름병(감수율),울산광역시,0.0
202600204FC01010101322001,논벼,기본조사,벼관찰포,2026,1,세균벼알마름병(피해율),울산광역시,0.0
202600204FC01010101322001,논벼,기본조사,벼관찰포,2026,1,세균벼알마름병(발생면적율),울산광역시,0.0
202600204FC01010101322001,논벼,기본조사,벼관찰포,2026,1,흰잎마름병(발생추정면적),울산광역시,0.0
202600204FC01010101322001,논벼,기본조사,벼관찰포,2026,1,흰잎마름병(감수율),울산광역시,0.0
202600204FC01010101322001,논벼,기본조사,벼관찰포,2026,1,흰잎마름병(피해율),울산광역시,0.0
202600204FC01010101322001,논벼,기본조사,벼관찰포,2026,1,흰잎마름병(발생면적율),울산광역시,0.0
202600204FC01010101322001,논벼,기본조사,벼관찰포,2026,1,깨씨무늬병(발생추정면적),울산광역시,0.0
202600204FC01010101322001,논벼,기본조사,벼관찰포,2026,1,깨씨무늬병(감수율),울산광역시,0.0
202600204FC01010101322001,논벼,기본조사,벼관찰포,2026,1,깨씨무늬병(피해율),울산광역시,0.0
202600204FC01010101322001,논벼,기본조사,벼관찰포,2026,1,깨씨무늬병(발생면적율),울산광역시,0.0
202600204FC01010101322001,논벼,기본조사,벼관찰포,2026,1,바이러스병(발생추정면적),울산광역시,0.0
202600204FC01010101322001,논벼,기본조사,벼관찰포,2026,1,바이러스병(감수율),울산광역시,0.0
202600204FC01010101322001,논벼,기본조사,벼관찰포,2026,1,바이러스병(피해율),울산광역시,0.0
202600204FC01010101322001,논벼,기본조사,벼관찰포,2026,1,바이러스병(발생면적율),울산광역시,0.0
202600204FC01010101322001,논벼,기본조사,벼관찰포,2026,1,이화명나방(발생추정면적),울산광역시,0.0
202600204FC01010101322001,논벼,기본조사,벼관찰포,2026,1,이화명나방(감수율),울산광역시,0.0
202600204FC01010101322001,논벼,기본조사,벼관찰포,2026,1,이화명나방(피해율),울산광역시,0.0
202600204FC01010101322001,논벼,기본조사,벼관찰포,2026,1,이화명나방(발생면적율),울산광역시,0.0
202600204FC01010101322001,논벼,기본조사,벼관찰포,2026,1,혹명나방(발생추정면적),울산광역시,0.0
202600204FC01010101322001,논벼,기본조사,벼관찰포,2026,1,혹명나방(감수율),울산광역시,0.0
202600204FC01010101322001,논벼,기본조사,벼관찰포,2026,1,혹명나방(피해율),울산광역시,0.0
202600204FC01010101322001,논벼,기본조사,벼관찰포,2026,1,혹명나방(발생면적율),울산광역시,0.0
202600204FC01010101322001,논벼,기본조사,벼관찰포,2026,1,먹노린재(발생추정면적),울산광역시,0.0
202600204FC01010101322001,논벼,기본조사,벼관찰포,2026,1,먹노린재(감수율),울산광역시,0.0
202600204FC01010101322001,논벼,기본조사,벼관찰포,2026,1,먹노린재(피해율),울산광역시,0.0
202600204FC01010101322001,논벼,기본조사,벼관찰포,2026,1,먹노린재(발생면적율),울산광역시,0.0
202600204FC01010101322001,논벼,기본조사,벼관찰포,2026,1,벼멸구(발생추정면적),울산광역시,0.0
202600204FC01010101322001,논벼,기본조사,벼관찰포,2026,1,벼멸구(감수율),울산광역시,0.0
202600204FC01010101322001,논벼,기본조사,벼관찰포,2026,1,벼멸구(피해율),울산광역시,0.0
202600204FC01010101322001,논벼,기본조사,벼관찰포,2026,1,벼멸구(발생면적율),울산광역시,0.0
202600204FC01010101322001,논벼,기본조사,벼관찰포,2026,1,흰등멸구(발생추정면적),울산광역시,0.0
202600204FC01010101322001,논벼,기본조사,벼관찰포,2026,1,흰등멸구(감수율),울산광역시,0.0
202600204FC01010101322001,논벼,기본조사,벼관찰포,2026,1,흰등멸구(피해율),울산광역시,0.0
202600204FC01010101322001,논벼,기본조사,벼관찰포,2026,1,흰등멸구(발생면적율),울산광역시,0.0
202600204FC01010101322001,논벼,기본조사,벼관찰포,2026,1,잎집무늬마름병(발생추정면적),울산광역시,0.0
202600204FC01010101322001,논벼,기본조사,벼관찰포,2026,1,잎집무늬마름병(감수율),울산광역시,0.0
202600204FC01010101322001,논벼,기본조사,벼관찰포,2026,1,잎집무늬마름병(피해율),울산광역시,0.0
202600204FC01010101322001,논벼,기본조사,벼관찰포,2026,1,잎집무늬마름병(발생면적율),울산광역시,0.0
202600204FC01010101322001,논벼,기본조사,벼관찰포,2026,1,키다리병(발생추정면적),울산광역시,0.0
202600204FC01010101322001,논벼,기본조사,벼관찰포,2026,1,키다리병(감수율),울산광역시,0.0
202600204FC01010101322001,논벼,기본조사,벼관찰포,2026,1,키다리병(피해율),울산광역시,0.0
202600204FC01010101322001,논벼,기본조사,벼관찰포,2026,1,키다리병(발생면적율),울산광역시,0.0
202600204FC01010101322001,논벼,기본조사,벼관찰포,2026,1,이삭누룩병(발생추정면적),울산광역시,0.0
202600204FC01010101322001,논벼,기본조사,벼관찰포,2026,1,이삭누룩병(감수율),울산광역시,0.0
202600204FC01010101322001,논벼,기본조사,벼관찰포,2026,1,이삭누룩병(피해율),울산광역시,0.0
202600204FC01010101322001,논벼,기본조사,벼관찰포,2026,1,이삭누룩병(발생면적율),울산광역시,0.0
202600204FC01010101322001,논벼,기본조사,벼관찰포,2026,1,벼잎벌레(발생추정면적),울산광역시,0.0
202600204FC01010101322001,논벼,기본조사,벼관찰포,2026,1,벼잎벌레(감수율),울산광역시,0.0
202600204FC01010101322001,논벼,기본조사,벼관찰포,2026,1,벼잎벌레(피해율),울산광역시,0.0
202600204FC01010101322001,논벼,기본조사,벼관찰포,2026,1,벼잎벌레(발생면적율),울산광역시,0.0
202600204FC01010101322001,논벼,기본조사,벼관찰포,2026,1,벼애나방(발생추정면적),울산광역시,0.0
202600204FC01010101322001,논벼,기본조사,벼관찰포,2026,1,벼애나방(감수율),울산광역시,0.0
202600204FC01010101322001,논벼,기본조사,벼관찰포,2026,1,벼애나방(피해율),울산광역시,0.0
202600204FC01010101322001,논벼,기본조사,벼관찰포,2026,1,벼애나방(발생면적율),울산광역시,0.0
202600204FC01010101322001,논벼,기본조사,벼관찰포,2026,1,벼애잎굴파리(발생추정면적),울산광역시,0.0
202600204FC01010101322001,논벼,기본조사,벼관찰포,2026,1,벼애잎굴파리(감수율),울산광역시,0.0
202600204FC01010101322001,논벼,기본조사,벼관찰포,2026,1,벼애잎굴파리(피해율),울산광역시,0.0
202600204FC01010101322001,논벼,기본조사,벼관찰포,2026,1,벼애잎굴파리(발생면적율),울산광역시,0.0
202600204FC01010101322001,논벼,기본조사,벼관찰포,2026,1,벼줄기굴파리(발생추정면적),울산광역시,0.0
202600204FC01010101322001,논벼,기본조사,벼관찰포,2026,1,벼줄기굴파리(감수율),울산광역시,0.0
202600204FC01010101322001,논벼,기본조사,벼관찰포,2026,1,벼줄기굴파리(피해율),울산광역시,0.0
202600204FC01010101322001,논벼,기본조사,벼관찰포,2026,1,벼줄기굴파리(발생면적율),울산광역시,0.0
202600204FC01010101322001,논벼,기본조사,벼관찰포,2026,1,벼물바구미(발생추정면적),울산광역시,0.0
202600204FC01010101322001,논벼,기본조사,벼관찰포,2026,1,벼물바구미(감수율),울산광역시,0.0
202600204FC01010101322001,논벼,기본조사,벼관찰포,2026,1,벼물바구미(피해율),울산광역시,0.0
202600204FC01010101322001,논벼,기본조사,벼관찰포,2026,1,벼물바구미(발생면적율),울산광역시,0.0
202600204FC01010101322001,논벼,기본조사,벼관찰포,2026,1,애멸구(발생추정면적),울산광역시,0.0
202600204FC01010101322001,논벼,기본조사,벼관찰포,2026,1,애멸구(감수율),울산광역시,0.0
202600204FC01010101322001,논벼,기본조사,벼관찰포,2026,1,애멸구(피해율),울산광역시,0.0
202600204FC01010101322001,논벼,기본조사,벼관찰포,2026,1,애멸구(발생면적율),울산광역시,0.0
202600204FC01010101322001,논벼,기본조사,벼관찰포,2026,1,끝동매미충(발생추정면적),울산광역시,0.0
202600204FC01010101322001,논벼,기본조사,벼관찰포,2026,1,끝동매미충(감수율),울산광역시,0.0
202600204FC01010101322001,논벼,기본조사,벼관찰포,2026,1,끝동매미충(피해율),울산광역시,0.0
202600204FC01010101322001,논벼,기본조사,벼관찰포,2026,1,끝동매미충(발생면적율),울산광역시,0.0
202600204FC01010101322001,논벼,기본조사,벼관찰포,2026,1,멸강나방(발생추정면적),울산광역시,0.0
202600204FC01010101322001,논벼,기본조사,벼관찰포,2026,1,멸강나방(감수율),울산광역시,0.0
202600204FC01010101322001,논벼,기본조사,벼관찰포,2026,1,멸강나방(피해율),울산광역시,0.0
202600204FC01010101322001,논벼,기본조사,벼관찰포,2026,1,멸강나방(발생면적율),울산광역시,0.0
202600204FC01010101322001,논벼,기본조사,벼관찰포,2026,1,벼잎선충(발생추정면적),울산광역시,0.0
202600204FC01010101322001,논벼,기본조사,벼관찰포,2026,1,벼잎선충(감수율),울산광역시,0.0
202600204FC01010101322001,논벼,기본조사,벼관찰포,2026,1,벼잎선충(피해율),울산광역시,0.0
202600204FC01010101322001,논벼,기본조사,벼관찰포,2026,1,벼잎선충(발생면적율),울산광역시,0.0
202600204FC01010101322001,논벼,기본조사,벼관찰포,2026,1,잎도열병(발생추정면적),세종특별자치시,0.0
202600204FC01010101322001,논벼,기본조사,벼관찰포,2026,1,잎도열병(감수율),세종특별자치시,0.0
202600204FC01010101322001,논벼,기본조사,벼관찰포,2026,1,잎도열병(피해율),세종특별자치시,0.0
202600204FC01010101322001,논벼,기본조사,벼관찰포,2026,1,잎도열병(발생면적율),세종특별자치시,0.0
202600204FC01010101322001,논벼,기본조사,벼관찰포,2026,1,이삭도열병(발생추정면적),세종특별자치시,0.0
202600204FC01010101322001,논벼,기본조사,벼관찰포,2026,1,이삭도열병(감수율),세종특별자치시,0.0
202600204FC01010101322001,논벼,기본조사,벼관찰포,2026,1,이삭도열병(피해율),세종특별자치시,0.0
202600204FC01010101322001,논벼,기본조사,벼관찰포,2026,1,이삭도열병(발생면적율),세종특별자치시,0.0
202600204FC01010101322001,논벼,기본조사,벼관찰포,2026,1,세균벼알마름병(발생추정면적),세종특별자치시,0.0
202600204FC01010101322001,논벼,기본조사,벼관찰포,2026,1,세균벼알마름병(감수율),세종특별자치시,0.0
202600204FC01010101322001,논벼,기본조사,벼관찰포,2026,1,세균벼알마름병(피해율),세종특별자치시,0.0
202600204FC01010101322001,논벼,기본조사,벼관찰포,2026,1,세균벼알마름병(발생면적율),세종특별자치시,0.0
202600204FC01010101322001,논벼,기본조사,벼관찰포,2026,1,흰잎마름병(발생추정면적),세종특별자치시,0.0
202600204FC01010101322001,논벼,기본조사,벼관찰포,2026,1,흰잎마름병(감수율),세종특별자치시,0.0
202600204FC01010101322001,논벼,기본조사,벼관찰포,2026,1,흰잎마름병(피해율),세종특별자치시,0.0
202600204FC01010101322001,논벼,기본조사,벼관찰포,2026,1,흰잎마름병(발생면적율),세종특별자치시,0.0
202600204FC01010101322001,논벼,기본조사,벼관찰포,2026,1,깨씨무늬병(발생추정면적),세종특별자치시,0.0
202600204FC01010101322001,논벼,기본조사,벼관찰포,2026,1,깨씨무늬병(감수율),세종특별자치시,0.0
202600204FC01010101322001,논벼,기본조사,벼관찰포,2026,1,깨씨무늬병(피해율),세종특별자치시,0.0
202600204FC01010101322001,논벼,기본조사,벼관찰포,2026,1,깨씨무늬병(발생면적율),세종특별자치시,0.0
202600204FC01010101322001,논벼,기본조사,벼관찰포,2026,1,바이러스병(발생추정면적),세종특별자치시,0.0
202600204FC01010101322001,논벼,기본조사,벼관찰포,2026,1,바이러스병(감수율),세종특별자치시,0.0
202600204FC01010101322001,논벼,기본조사,벼관찰포,2026,1,바이러스병(피해율),세종특별자치시,0.0
202600204FC01010101322001,논벼,기본조사,벼관찰포,2026,1,바이러스병(발생면적율),세종특별자치시,0.0
202600204FC01010101322001,논벼,기본조사,벼관찰포,2026,1,이화명나방(발생추정면적),세종특별자치시,0.0
202600204FC01010101322001,논벼,기본조사,벼관찰포,2026,1,이화명나방(감수율),세종특별자치시,0.0
202600204FC01010101322001,논벼,기본조사,벼관찰포,2026,1,이화명나방(피해율),세종특별자치시,0.0
202600204FC01010101322001,논벼,기본조사,벼관찰포,2026,1,이화명나방(발생면적율),세종특별자치시,0.0
202600204FC01010101322001,논벼,기본조사,벼관찰포,2026,1,혹명나방(발생추정면적),세종특별자치시,0.0
202600204FC01010101322001,논벼,기본조사,벼관찰포,2026,1,혹명나방(감수율),세종특별자치시,0.0
202600204FC01010101322001,논벼,기본조사,벼관찰포,2026,1,혹명나방(피해율),세종특별자치시,0.0
202600204FC01010101322001,논벼,기본조사,벼관찰포,2026,1,혹명나방(발생면적율),세종특별자치시,0.0
202600204FC01010101322001,논벼,기본조사,벼관찰포,2026,1,먹노린재(발생추정면적),세종특별자치시,0.0
202600204FC01010101322001,논벼,기본조사,벼관찰포,2026,1,먹노린재(감수율),세종특별자치시,0.0
202600204FC01010101322001,논벼,기본조사,벼관찰포,2026,1,먹노린재(피해율),세종특별자치시,0.0
202600204FC01010101322001,논벼,기본조사,벼관찰포,2026,1,먹노린재(발생면적율),세종특별자치시,0.0
202600204FC01010101322001,논벼,기본조사,벼관찰포,2026,1,벼멸구(발생추정면적),세종특별자치시,0.0
202600204FC01010101322001,논벼,기본조사,벼관찰포,2026,1,벼멸구(감수율),세종특별자치시,0.0
202600204FC01010101322001,논벼,기본조사,벼관찰포,2026,1,벼멸구(피해율),세종특별자치시,0.0
202600204FC01010101322001,논벼,기본조사,벼관찰포,2026,1,벼멸구(발생면적율),세종특별자치시,0.0
202600204FC01010101322001,논벼,기본조사,벼관찰포,2026,1,흰등멸구(발생추정면적),세종특별자치시,0.0
202600204FC01010101322001,논벼,기본조사,벼관찰포,2026,1,흰등멸구(감수율),세종특별자치시,0.0
202600204FC01010101322001,논벼,기본조사,벼관찰포,2026,1,흰등멸구(피해율),세종특별자치시,0.0
202600204FC01010101322001,논벼,기본조사,벼관찰포,2026,1,흰등멸구(발생면적율),세종특별자치시,0.0
202600204FC01010101322001,논벼,기본조사,벼관찰포,2026,1,잎집무늬마름병(발생추정면적),세종특별자치시,0.0
202600204FC01010101322001,논벼,기본조사,벼관찰포,2026,1,잎집무늬마름병(감수율),세종특별자치시,0.0
202600204FC01010101322001,논벼,기본조사,벼관찰포,2026,1,잎집무늬마름병(피해율),세종특별자치시,0.0
202600204FC01010101322001,논벼,기본조사,벼관찰포,2026,1,잎집무늬마름병(발생면적율),세종특별자치시,0.0
202600204FC01010101322001,논벼,기본조사,벼관찰포,2026,1,키다리병(발생추정면적),세종특별자치시,0.0
202600204FC01010101322001,논벼,기본조사,벼관찰포,2026,1,키다리병(감수율),세종특별자치시,0.0
202600204FC01010101322001,논벼,기본조사,벼관찰포,2026,1,키다리병(피해율),세종특별자치시,0.0
202600204FC01010101322001,논벼,기본조사,벼관찰포,2026,1,키다리병(발생면적율),세종특별자치시,0.0
202600204FC01010101322001,논벼,기본조사,벼관찰포,2026,1,이삭누룩병(발생추정면적),세종특별자치시,0.0
202600204FC01010101322001,논벼,기본조사,벼관찰포,2026,1,이삭누룩병(감수율),세종특별자치시,0.0
202600204FC01010101322001,논벼,기본조사,벼관찰포,2026,1,이삭누룩병(피해율),세종특별자치시,0.0
202600204FC01010101322001,논벼,기본조사,벼관찰포,2026,1,이삭누룩병(발생면적율),세종특별자치시,0.0
202600204FC01010101322001,논벼,기본조사,벼관찰포,2026,1,벼잎벌레(발생추정면적),세종특별자치시,0.0
202600204FC01010101322001,논벼,기본조사,벼관찰포,2026,1,벼잎벌레(감수율),세종특별자치시,0.0
202600204FC01010101322001,논벼,기본조사,벼관찰포,2026,1,벼잎벌레(피해율),세종특별자치시,0.0
202600204FC01010101322001,논벼,기본조사,벼관찰포,2026,1,벼잎벌레(발생면적율),세종특별자치시,0.0
202600204FC01010101322001,논벼,기본조사,벼관찰포,2026,1,벼애나방(발생추정면적),세종특별자치시,0.0
202600204FC01010101322001,논벼,기본조사,벼관찰포,2026,1,벼애나방(감수율),세종특별자치시,0.0
202600204FC01010101322001,논벼,기본조사,벼관찰포,2026,1,벼애나방(피해율),세종특별자치시,0.0
202600204FC01010101322001,논벼,기본조사,벼관찰포,2026,1,벼애나방(발생면적율),세종특별자치시,0.0
202600204FC01010101322001,논벼,기본조사,벼관찰포,2026,1,벼애잎굴파리(발생추정면적),세종특별자치시,0.0
202600204FC01010101322001,논벼,기본조사,벼관찰포,2026,1,벼애잎굴파리(감수율),세종특별자치시,0.0
202600204FC01010101322001,논벼,기본조사,벼관찰포,2026,1,벼애잎굴파리(피해율),세종특별자치시,0.0
202600204FC01010101322001,논벼,기본조사,벼관찰포,2026,1,벼애잎굴파리(발생면적율),세종특별자치시,0.0
202600204FC01010101322001,논벼,기본조사,벼관찰포,2026,1,벼줄기굴파리(발생추정면적),세종특별자치시,0.0
202600204FC01010101322001,논벼,기본조사,벼관찰포,2026,1,벼줄기굴파리(감수율),세종특별자치시,0.0
202600204FC01010101322001,논벼,기본조사,벼관찰포,2026,1,벼줄기굴파리(피해율),세종특별자치시,0.0
202600204FC01010101322001,논벼,기본조사,벼관찰포,2026,1,벼줄기굴파리(발생면적율),세종특별자치시,0.0
202600204FC01010101322001,논벼,기본조사,벼관찰포,2026,1,벼물바구미(발생추정면적),세종특별자치시,0.0
202600204FC01010101322001,논벼,기본조사,벼관찰포,2026,1,벼물바구미(감수율),세종특별자치시,0.0
202600204FC01010101322001,논벼,기본조사,벼관찰포,2026,1,벼물바구미(피해율),세종특별자치시,0.0
202600204FC01010101322001,논벼,기본조사,벼관찰포,2026,1,벼물바구미(발생면적율),세종특별자치시,0.0
202600204FC01010101322001,논벼,기본조사,벼관찰포,2026,1,애멸구(발생추정면적),세종특별자치시,0.0
202600204FC01010101322001,논벼,기본조사,벼관찰포,2026,1,애멸구(감수율),세종특별자치시,0.0
202600204FC01010101322001,논벼,기본조사,벼관찰포,2026,1,애멸구(피해율),세종특별자치시,0.0
202600204FC01010101322001,논벼,기본조사,벼관찰포,2026,1,애멸구(발생면적율),세종특별자치시,0.0
202600204FC01010101322001,논벼,기본조사,벼관찰포,2026,1,끝동매미충(발생추정면적),세종특별자치시,0.0
202600204FC01010101322001,논벼,기본조사,벼관찰포,2026,1,끝동매미충(감수율),세종특별자치시,0.0
202600204FC01010101322001,논벼,기본조사,벼관찰포,2026,1,끝동매미충(피해율),세종특별자치시,0.0
202600204FC01010101322001,논벼,기본조사,벼관찰포,2026,1,끝동매미충(발생면적율),세종특별자치시,0.0
202600204FC01010101322001,논벼,기본조사,벼관찰포,2026,1,멸강나방(발생추정면적),세종특별자치시,0.0
202600204FC01010101322001,논벼,기본조사,벼관찰포,2026,1,멸강나방(감수율),세종특별자치시,0.0
202600204FC01010101322001,논벼,기본조사,벼관찰포,2026,1,멸강나방(피해율),세종특별자치시,0.0
202600204FC01010101322001,논벼,기본조사,벼관찰포,2026,1,멸강나방(발생면적율),세종특별자치시,0.0
202600204FC01010101322001,논벼,기본조사,벼관찰포,2026,1,벼잎선충(발생추정면적),세종특별자치시,0.0
202600204FC01010101322001,논벼,기본조사,벼관찰포,2026,1,벼잎선충(감수율),세종특별자치시,0.0
202600204FC01010101322001,논벼,기본조사,벼관찰포,2026,1,벼잎선충(피해율),세종특별자치시,0.0
202600204FC01010101322001,논벼,기본조사,벼관찰포,2026,1,벼잎선충(발생면적율),세종특별자치시,0.0
202600204FC01010101322001,논벼,기본조사,벼관찰포,2026,1,잎도열병(발생추정면적),경기도,0.0
202600204FC01010101322001,논벼,기본조사,벼관찰포,2026,1,잎도열병(감수율),경기도,0.0
202600204FC01010101322001,논벼,기본조사,벼관찰포,2026,1,잎도열병(피해율),경기도,0.0
202600204FC01010101322001,논벼,기본조사,벼관찰포,2026,1,잎도열병(발생면적율),경기도,0.0
202600204FC01010101322001,논벼,기본조사,벼관찰포,2026,1,이삭도열병(발생추정면적),경기도,0.0
202600204FC01010101322001,논벼,기본조사,벼관찰포,2026,1,이삭도열병(감수율),경기도,0.0
202600204FC01010101322001,논벼,기본조사,벼관찰포,2026,1,이삭도열병(피해율),경기도,0.0
202600204FC01010101322001,논벼,기본조사,벼관찰포,2026,1,이삭도열병(발생면적율),경기도,0.0
202600204FC01010101322001,논벼,기본조사,벼관찰포,2026,1,세균벼알마름병(발생추정면적),경기도,0.0
202600204FC01010101322001,논벼,기본조사,벼관찰포,2026,1,세균벼알마름병(감수율),경기도,0.0
202600204FC01010101322001,논벼,기본조사,벼관찰포,2026,1,세균벼알마름병(피해율),경기도,0.0
202600204FC01010101322001,논벼,기본조사,벼관찰포,2026,1,세균벼알마름병(발생면적율),경기도,0.0
202600204FC01010101322001,논벼,기본조사,벼관찰포,2026,1,흰잎마름병(발생추정면적),경기도,0.0
202600204FC01010101322001,논벼,기본조사,벼관찰포,2026,1,흰잎마름병(감수율),경기도,0.0
202600204FC01010101322001,논벼,기본조사,벼관찰포,2026,1,흰잎마름병(피해율),경기도,0.0
202600204FC01010101322001,논벼,기본조사,벼관찰포,2026,1,흰잎마름병(발생면적율),경기도,0.0
202600204FC01010101322001,논벼,기본조사,벼관찰포,2026,1,깨씨무늬병(발생추정면적),경기도,0.0
202600204FC01010101322001,논벼,기본조사,벼관찰포,2026,1,깨씨무늬병(감수율),경기도,0.0
202600204FC01010101322001,논벼,기본조사,벼관찰포,2026,1,깨씨무늬병(피해율),경기도,0.0
202600204FC01010101322001,논벼,기본조사,벼관찰포,2026,1,깨씨무늬병(발생면적율),경기도,0.0
202600204FC01010101322001,논벼,기본조사,벼관찰포,2026,1,바이러스병(발생추정면적),경기도,0.0
202600204FC01010101322001,논벼,기본조사,벼관찰포,2026,1,바이러스병(감수율),경기도,0.0
202600204FC01010101322001,논벼,기본조사,벼관찰포,2026,1,바이러스병(피해율),경기도,0.0
202600204FC01010101322001,논벼,기본조사,벼관찰포,2026,1,바이러스병(발생면적율),경기도,0.0
202600204FC01010101322001,논벼,기본조사,벼관찰포,2026,1,이화명나방(발생추정면적),경기도,0.0
202600204FC01010101322001,논벼,기본조사,벼관찰포,2026,1,이화명나방(감수율),경기도,0.0
202600204FC01010101322001,논벼,기본조사,벼관찰포,2026,1,이화명나방(피해율),경기도,0.0
202600204FC01010101322001,논벼,기본조사,벼관찰포,2026,1,이화명나방(발생면적율),경기도,0.0
202600204FC01010101322001,논벼,기본조사,벼관찰포,2026,1,혹명나방(발생추정면적),경기도,0.0
202600204FC01010101322001,논벼,기본조사,벼관찰포,2026,1,혹명나방(감수율),경기도,0.0
202600204FC01010101322001,논벼,기본조사,벼관찰포,2026,1,혹명나방(피해율),경기도,0.0
202600204FC01010101322001,논벼,기본조사,벼관찰포,2026,1,혹명나방(발생면적율),경기도,0.0
202600204FC01010101322001,논벼,기본조사,벼관찰포,2026,1,먹노린재(발생추정면적),경기도,0.0
202600204FC01010101322001,논벼,기본조사,벼관찰포,2026,1,먹노린재(감수율),경기도,0.0
202600204FC01010101322001,논벼,기본조사,벼관찰포,2026,1,먹노린재(피해율),경기도,0.0
202600204FC01010101322001,논벼,기본조사,벼관찰포,2026,1,먹노린재(발생면적율),경기도,0.0
202600204FC01010101322001,논벼,기본조사,벼관찰포,2026,1,벼멸구(발생추정면적),경기도,0.0
202600204FC01010101322001,논벼,기본조사,벼관찰포,2026,1,벼멸구(감수율),경기도,0.0
202600204FC01010101322001,논벼,기본조사,벼관찰포,2026,1,벼멸구(피해율),경기도,0.0
202600204FC01010101322001,논벼,기본조사,벼관찰포,2026,1,벼멸구(발생면적율),경기도,0.0
202600204FC01010101322001,논벼,기본조사,벼관찰포,2026,1,흰등멸구(발생추정면적),경기도,0.0
202600204FC01010101322001,논벼,기본조사,벼관찰포,2026,1,흰등멸구(감수율),경기도,0.0
202600204FC01010101322001,논벼,기본조사,벼관찰포,2026,1,흰등멸구(피해율),경기도,0.0
202600204FC01010101322001,논벼,기본조사,벼관찰포,2026,1,흰등멸구(발생면적율),경기도,0.0
202600204FC01010101322001,논벼,기본조사,벼관찰포,2026,1,잎집무늬마름병(발생추정면적),경기도,0.0
202600204FC01010101322001,논벼,기본조사,벼관찰포,2026,1,잎집무늬마름병(감수율),경기도,0.0
202600204FC01010101322001,논벼,기본조사,벼관찰포,2026,1,잎집무늬마름병(피해율),경기도,0.0
202600204FC01010101322001,논벼,기본조사,벼관찰포,2026,1,잎집무늬마름병(발생면적율),경기도,0.0
202600204FC01010101322001,논벼,기본조사,벼관찰포,2026,1,키다리병(발생추정면적),경기도,0.0
202600204FC01010101322001,논벼,기본조사,벼관찰포,2026,1,키다리병(감수율),경기도,0.0
202600204FC01010101322001,논벼,기본조사,벼관찰포,2026,1,키다리병(피해율),경기도,0.0
202600204FC01010101322001,논벼,기본조사,벼관찰포,2026,1,키다리병(발생면적율),경기도,0.0
202600204FC01010101322001,논벼,기본조사,벼관찰포,2026,1,이삭누룩병(발생추정면적),경기도,0.0
202600204FC01010101322001,논벼,기본조사,벼관찰포,2026,1,이삭누룩병(감수율),경기도,0.0
202600204FC01010101322001,논벼,기본조사,벼관찰포,2026,1,이삭누룩병(피해율),경기도,0.0
202600204FC01010101322001,논벼,기본조사,벼관찰포,2026,1,이삭누룩병(발생면적율),경기도,0.0
202600204FC01010101322001,논벼,기본조사,벼관찰포,2026,1,벼잎벌레(발생추정면적),경기도,0.0
202600204FC01010101322001,논벼,기본조사,벼관찰포,2026,1,벼잎벌레(감수율),경기도,0.0
202600204FC01010101322001,논벼,기본조사,벼관찰포,2026,1,벼잎벌레(피해율),경기도,0.0
202600204FC01010101322001,논벼,기본조사,벼관찰포,2026,1,벼잎벌레(발생면적율),경기도,0.0
202600204FC01010101322001,논벼,기본조사,벼관찰포,2026,1,벼애나방(발생추정면적),경기도,0.0
202600204FC01010101322001,논벼,기본조사,벼관찰포,2026,1,벼애나방(감수율),경기도,0.0
202600204FC01010101322001,논벼,기본조사,벼관찰포,2026,1,벼애나방(피해율),경기도,0.0
202600204FC01010101322001,논벼,기본조사,벼관찰포,2026,1,벼애나방(발생면적율),경기도,0.0
202600204FC01010101322001,논벼,기본조사,벼관찰포,2026,1,벼애잎굴파리(발생추정면적),경기도,0.0
202600204FC01010101322001,논벼,기본조사,벼관찰포,2026,1,벼애잎굴파리(감수율),경기도,0.0
202600204FC01010101322001,논벼,기본조사,벼관찰포,2026,1,벼애잎굴파리(피해율),경기도,0.0
202600204FC01010101322001,논벼,기본조사,벼관찰포,2026,1,벼애잎굴파리(발생면적율),경기도,0.0
202600204FC01010101322001,논벼,기본조사,벼관찰포,2026,1,벼줄기굴파리(발생추정면적),경기도,0.0
202600204FC01010101322001,논벼,기본조사,벼관찰포,2026,1,벼줄기굴파리(감수율),경기도,0.0
202600204FC01010101322001,논벼,기본조사,벼관찰포,2026,1,벼줄기굴파리(피해율),경기도,0.0
202600204FC01010101322001,논벼,기본조사,벼관찰포,2026,1,벼줄기굴파리(발생면적율),경기도,0.0
202600204FC01010101322001,논벼,기본조사,벼관찰포,2026,1,벼물바구미(발생추정면적),경기도,0.0
202600204FC01010101322001,논벼,기본조사,벼관찰포,2026,1,벼물바구미(감수율),경기도,0.0
202600204FC01010101322001,논벼,기본조사,벼관찰포,2026,1,벼물바구미(피해율),경기도,0.0
202600204FC01010101322001,논벼,기본조사,벼관찰포,2026,1,벼물바구미(발생면적율),경기도,0.0
202600204FC01010101322001,논벼,기본조사,벼관찰포,2026,1,애멸구(발생추정면적),경기도,0.0
202600204FC01010101322001,논벼,기본조사,벼관찰포,2026,1,애멸구(감수율),경기도,0.0
202600204FC01010101322001,논벼,기본조사,벼관찰포,2026,1,애멸구(피해율),경기도,0.0
202600204FC01010101322001,논벼,기본조사,벼관찰포,2026,1,애멸구(발생면적율),경기도,0.0
202600204FC01010101322001,논벼,기본조사,벼관찰포,2026,1,끝동매미충(발생추정면적),경기도,0.0
202600204FC01010101322001,논벼,기본조사,벼관찰포,2026,1,끝동매미충(감수율),경기도,0.0
202600204FC01010101322001,논벼,기본조사,벼관찰포,2026,1,끝동매미충(피해율),경기도,0.0
202600204FC01010101322001,논벼,기본조사,벼관찰포,2026,1,끝동매미충(발생면적율),경기도,0.0
202600204FC01010101322001,논벼,기본조사,벼관찰포,2026,1,멸강나방(발생추정면적),경기도,0.0
202600204FC01010101322001,논벼,기본조사,벼관찰포,2026,1,멸강나방(감수율),경기도,0.0
202600204FC01010101322001,논벼,기본조사,벼관찰포,2026,1,멸강나방(피해율),경기도,0.0
202600204FC01010101322001,논벼,기본조사,벼관찰포,2026,1,멸강나방(발생면적율),경기도,0.0
202600204FC01010101322001,논벼,기본조사,벼관찰포,2026,1,벼잎선충(발생추정면적),경기도,0.0
202600204FC01010101322001,논벼,기본조사,벼관찰포,2026,1,벼잎선충(감수율),경기도,0.0
202600204FC01010101322001,논벼,기본조사,벼관찰포,2026,1,벼잎선충(피해율),경기도,0.0
202600204FC01010101322001,논벼,기본조사,벼관찰포,2026,1,벼잎선충(발생면적율),경기도,0.0
202600204FC01010101322001,논벼,기본조사,벼관찰포,2026,1,잎도열병(발생추정면적),강원특별자치도,0.0
202600204FC01010101322001,논벼,기본조사,벼관찰포,2026,1,잎도열병(감수율),강원특별자치도,0.0
202600204FC01010101322001,논벼,기본조사,벼관찰포,2026,1,잎도열병(피해율),강원특별자치도,0.0
202600204FC01010101322001,논벼,기본조사,벼관찰포,2026,1,잎도열병(발생면적율),강원특별자치도,0.0
202600204FC01010101322001,논벼,기본조사,벼관찰포,2026,1,이삭도열병(발생추정면적),강원특별자치도,0.0
202600204FC01010101322001,논벼,기본조사,벼관찰포,2026,1,이삭도열병(감수율),강원특별자치도,0.0
202600204FC01010101322001,논벼,기본조사,벼관찰포,2026,1,이삭도열병(피해율),강원특별자치도,0.0
202600204FC01010101322001,논벼,기본조사,벼관찰포,2026,1,이삭도열병(발생면적율),강원특별자치도,0.0
202600204FC01010101322001,논벼,기본조사,벼관찰포,2026,1,세균벼알마름병(발생추정면적),강원특별자치도,0.0
202600204FC01010101322001,논벼,기본조사,벼관찰포,2026,1,세균벼알마름병(감수율),강원특별자치도,0.0
202600204FC01010101322001,논벼,기본조사,벼관찰포,2026,1,세균벼알마름병(피해율),강원특별자치도,0.0
202600204FC01010101322001,논벼,기본조사,벼관찰포,2026,1,세균벼알마름병(발생면적율),강원특별자치도,0.0
202600204FC01010101322001,논벼,기본조사,벼관찰포,2026,1,흰잎마름병(발생추정면적),강원특별자치도,0.0
202600204FC01010101322001,논벼,기본조사,벼관찰포,2026,1,흰잎마름병(감수율),강원특별자치도,0.0
202600204FC01010101322001,논벼,기본조사,벼관찰포,2026,1,흰잎마름병(피해율),강원특별자치도,0.0
202600204FC01010101322001,논벼,기본조사,벼관찰포,2026,1,흰잎마름병(발생면적율),강원특별자치도,0.0
202600204FC01010101322001,논벼,기본조사,벼관찰포,2026,1,깨씨무늬병(발생추정면적),강원특별자치도,0.0
202600204FC01010101322001,논벼,기본조사,벼관찰포,2026,1,깨씨무늬병(감수율),강원특별자치도,0.0
202600204FC01010101322001,논벼,기본조사,벼관찰포,2026,1,깨씨무늬병(피해율),강원특별자치도,0.0
202600204FC01010101322001,논벼,기본조사,벼관찰포,2026,1,깨씨무늬병(발생면적율),강원특별자치도,0.0
202600204FC01010101322001,논벼,기본조사,벼관찰포,2026,1,바이러스병(발생추정면적),강원특별자치도,0.0
202600204FC01010101322001,논벼,기본조사,벼관찰포,2026,1,바이러스병(감수율),강원특별자치도,0.0
202600204FC01010101322001,논벼,기본조사,벼관찰포,2026,1,바이러스병(피해율),강원특별자치도,0.0
202600204FC01010101322001,논벼,기본조사,벼관찰포,2026,1,바이러스병(발생면적율),강원특별자치도,0.0
202600204FC01010101322001,논벼,기본조사,벼관찰포,2026,1,이화명나방(발생추정면적),강원특별자치도,0.0
202600204FC01010101322001,논벼,기본조사,벼관찰포,2026,1,이화명나방(감수율),강원특별자치도,0.0
202600204FC01010101322001,논벼,기본조사,벼관찰포,2026,1,이화명나방(피해율),강원특별자치도,0.0
202600204FC01010101322001,논벼,기본조사,벼관찰포,2026,1,이화명나방(발생면적율),강원특별자치도,0.0
202600204FC01010101322001,논벼,기본조사,벼관찰포,2026,1,혹명나방(발생추정면적),강원특별자치도,0.0
202600204FC01010101322001,논벼,기본조사,벼관찰포,2026,1,혹명나방(감수율),강원특별자치도,0.0
202600204FC01010101322001,논벼,기본조사,벼관찰포,2026,1,혹명나방(피해율),강원특별자치도,0.0
202600204FC01010101322001,논벼,기본조사,벼관찰포,2026,1,혹명나방(발생면적율),강원특별자치도,0.0
202600204FC01010101322001,논벼,기본조사,벼관찰포,2026,1,먹노린재(발생추정면적),강원특별자치도,0.0
202600204FC01010101322001,논벼,기본조사,벼관찰포,2026,1,먹노린재(감수율),강원특별자치도,0.0
202600204FC01010101322001,논벼,기본조사,벼관찰포,2026,1,먹노린재(피해율),강원특별자치도,0.0
202600204FC01010101322001,논벼,기본조사,벼관찰포,2026,1,먹노린재(발생면적율),강원특별자치도,0.0
202600204FC01010101322001,논벼,기본조사,벼관찰포,2026,1,벼멸구(발생추정면적),강원특별자치도,0.0
202600204FC01010101322001,논벼,기본조사,벼관찰포,2026,1,벼멸구(감수율),강원특별자치도,0.0
202600204FC01010101322001,논벼,기본조사,벼관찰포,2026,1,벼멸구(피해율),강원특별자치도,0.0
202600204FC01010101322001,논벼,기본조사,벼관찰포,2026,1,벼멸구(발생면적율),강원특별자치도,0.0
202600204FC01010101322001,논벼,기본조사,벼관찰포,2026,1,흰등멸구(발생추정면적),강원특별자치도,0.0
202600204FC01010101322001,논벼,기본조사,벼관찰포,2026,1,흰등멸구(감수율),강원특별자치도,0.0
202600204FC01010101322001,논벼,기본조사,벼관찰포,2026,1,흰등멸구(피해율),강원특별자치도,0.0
202600204FC01010101322001,논벼,기본조사,벼관찰포,2026,1,흰등멸구(발생면적율),강원특별자치도,0.0
202600204FC01010101322001,논벼,기본조사,벼관찰포,2026,1,잎집무늬마름병(발생추정면적),강원특별자치도,0.0
202600204FC01010101322001,논벼,기본조사,벼관찰포,2026,1,잎집무늬마름병(감수율),강원특별자치도,0.0
202600204FC01010101322001,논벼,기본조사,벼관찰포,2026,1,잎집무늬마름병(피해율),강원특별자치도,0.0
202600204FC01010101322001,논벼,기본조사,벼관찰포,2026,1,잎집무늬마름병(발생면적율),강원특별자치도,0.0
202600204FC01010101322001,논벼,기본조사,벼관찰포,2026,1,키다리병(발생추정면적),강원특별자치도,0.0
202600204FC01010101322001,논벼,기본조사,벼관찰포,2026,1,키다리병(감수율),강원특별자치도,0.0
202600204FC01010101322001,논벼,기본조사,벼관찰포,2026,1,키다리병(피해율),강원특별자치도,0.0
202600204FC01010101322001,논벼,기본조사,벼관찰포,2026,1,키다리병(발생면적율),강원특별자치도,0.0
202600204FC01010101322001,논벼,기본조사,벼관찰포,2026,1,이삭누룩병(발생추정면적),강원특별자치도,0.0
202600204FC01010101322001,논벼,기본조사,벼관찰포,2026,1,이삭누룩병(감수율),강원특별자치도,0.0
202600204FC01010101322001,논벼,기본조사,벼관찰포,2026,1,이삭누룩병(피해율),강원특별자치도,0.0
202600204FC01010101322001,논벼,기본조사,벼관찰포,2026,1,이삭누룩병(발생면적율),강원특별자치도,0.0
202600204FC01010101322001,논벼,기본조사,벼관찰포,2026,1,벼잎벌레(발생추정면적),강원특별자치도,0.0
202600204FC01010101322001,논벼,기본조사,벼관찰포,2026,1,벼잎벌레(감수율),강원특별자치도,0.0
202600204FC01010101322001,논벼,기본조사,벼관찰포,2026,1,벼잎벌레(피해율),강원특별자치도,0.0
202600204FC01010101322001,논벼,기본조사,벼관찰포,2026,1,벼잎벌레(발생면적율),강원특별자치도,0.0
202600204FC01010101322001,논벼,기본조사,벼관찰포,2026,1,벼애나방(발생추정면적),강원특별자치도,0.0
202600204FC01010101322001,논벼,기본조사,벼관찰포,2026,1,벼애나방(감수율),강원특별자치도,0.0
202600204FC01010101322001,논벼,기본조사,벼관찰포,2026,1,벼애나방(피해율),강원특별자치도,0.0
202600204FC01010101322001,논벼,기본조사,벼관찰포,2026,1,벼애나방(발생면적율),강원특별자치도,0.0
202600204FC01010101322001,논벼,기본조사,벼관찰포,2026,1,벼애잎굴파리(발생추정면적),강원특별자치도,0.0
202600204FC01010101322001,논벼,기본조사,벼관찰포,2026,1,벼애잎굴파리(감수율),강원특별자치도,0.0
202600204FC01010101322001,논벼,기본조사,벼관찰포,2026,1,벼애잎굴파리(피해율),강원특별자치도,0.0
202600204FC01010101322001,논벼,기본조사,벼관찰포,2026,1,벼애잎굴파리(발생면적율),강원특별자치도,0.0
202600204FC01010101322001,논벼,기본조사,벼관찰포,2026,1,벼줄기굴파리(발생추정면적),강원특별자치도,0.0
202600204FC01010101322001,논벼,기본조사,벼관찰포,2026,1,벼줄기굴파리(감수율),강원특별자치도,0.0
202600204FC01010101322001,논벼,기본조사,벼관찰포,2026,1,벼줄기굴파리(피해율),강원특별자치도,0.0
202600204FC01010101322001,논벼,기본조사,벼관찰포,2026,1,벼줄기굴파리(발생면적율),강원특별자치도,0.0
202600204FC01010101322001,논벼,기본조사,벼관찰포,2026,1,벼물바구미(발생추정면적),강원특별자치도,0.283
202600204FC01010101322001,논벼,기본조사,벼관찰포,2026,1,벼물바구미(감수율),강원특별자치도,0.0
202600204FC01010101322001,논벼,기본조사,벼관찰포,2026,1,벼물바구미(피해율),강원특별자치도,0.0
202600204FC01010101322001,논벼,기본조사,벼관찰포,2026,1,벼물바구미(발생면적율),강원특별자치도,0.001
202600204FC01010101322001,논벼,기본조사,벼관찰포,2026,1,애멸구(발생추정면적),강원특별자치도,0.0
202600204FC01010101322001,논벼,기본조사,벼관찰포,2026,1,애멸구(감수율),강원특별자치도,0.0
202600204FC01010101322001,논벼,기본조사,벼관찰포,2026,1,애멸구(피해율),강원특별자치도,0.0
202600204FC01010101322001,논벼,기본조사,벼관찰포,2026,1,애멸구(발생면적율),강원특별자치도,0.0
202600204FC01010101322001,논벼,기본조사,벼관찰포,2026,1,끝동매미충(발생추정면적),강원특별자치도,0.0
202600204FC01010101322001,논벼,기본조사,벼관찰포,2026,1,끝동매미충(감수율),강원특별자치도,0.0
202600204FC01010101322001,논벼,기본조사,벼관찰포,2026,1,끝동매미충(피해율),강원특별자치도,0.0
202600204FC01010101322001,논벼,기본조사,벼관찰포,2026,1,끝동매미충(발생면적율),강원특별자치도,0.0
202600204FC01010101322001,논벼,기본조사,벼관찰포,2026,1,멸강나방(발생추정면적),강원특별자치도,0.0
202600204FC01010101322001,논벼,기본조사,벼관찰포,2026,1,멸강나방(감수율),강원특별자치도,0.0
202600204FC01010101322001,논벼,기본조사,벼관찰포,2026,1,멸강나방(피해율),강원특별자치도,0.0
202600204FC01010101322001,논벼,기본조사,벼관찰포,2026,1,멸강나방(발생면적율),강원특별자치도,0.0
202600204FC01010101322001,논벼,기본조사,벼관찰포,2026,1,벼잎선충(발생추정면적),강원특별자치도,0.0
202600204FC01010101322001,논벼,기본조사,벼관찰포,2026,1,벼잎선충(감수율),강원특별자치도,0.0
202600204FC01010101322001,논벼,기본조사,벼관찰포,2026,1,벼잎선충(피해율),강원특별자치도,0.0
202600204FC01010101322001,논벼,기본조사,벼관찰포,2026,1,벼잎선충(발생면적율),강원특별자치도,0.0
202600204FC01010101322001,논벼,기본조사,벼관찰포,2026,1,잎도열병(발생추정면적),충청북도,0.0
202600204FC01010101322001,논벼,기본조사,벼관찰포,2026,1,잎도열병(감수율),충청북도,0.0
202600204FC01010101322001,논벼,기본조사,벼관찰포,2026,1,잎도열병(피해율),충청북도,0.0
202600204FC01010101322001,논벼,기본조사,벼관찰포,2026,1,잎도열병(발생면적율),충청북도,0.0
202600204FC01010101322001,논벼,기본조사,벼관찰포,2026,1,이삭도열병(발생추정면적),충청북도,0.0
202600204FC01010101322001,논벼,기본조사,벼관찰포,2026,1,이삭도열병(감수율),충청북도,0.0
202600204FC01010101322001,논벼,기본조사,벼관찰포,2026,1,이삭도열병(피해율),충청북도,0.0
202600204FC01010101322001,논벼,기본조사,벼관찰포,2026,1,이삭도열병(발생면적율),충청북도,0.0
202600204FC01010101322001,논벼,기본조사,벼관찰포,2026,1,세균벼알마름병(발생추정면적),충청북도,0.0
202600204FC01010101322001,논벼,기본조사,벼관찰포,2026,1,세균벼알마름병(감수율),충청북도,0.0
202600204FC01010101322001,논벼,기본조사,벼관찰포,2026,1,세균벼알마름병(피해율),충청북도,0.0
202600204FC01010101322001,논벼,기본조사,벼관찰포,2026,1,세균벼알마름병(발생면적율),충청북도,0.0
202600204FC01010101322001,논벼,기본조사,벼관찰포,2026,1,흰잎마름병(발생추정면적),충청북도,0.0
202600204FC01010101322001,논벼,기본조사,벼관찰포,2026,1,흰잎마름병(감수율),충청북도,0.0
202600204FC01010101322001,논벼,기본조사,벼관찰포,2026,1,흰잎마름병(피해율),충청북도,0.0
202600204FC01010101322001,논벼,기본조사,벼관찰포,2026,1,흰잎마름병(발생면적율),충청북도,0.0
202600204FC01010101322001,논벼,기본조사,벼관찰포,2026,1,깨씨무늬병(발생추정면적),충청북도,0.0
202600204FC01010101322001,논벼,기본조사,벼관찰포,2026,1,깨씨무늬병(감수율),충청북도,0.0
202600204FC01010101322001,논벼,기본조사,벼관찰포,2026,1,깨씨무늬병(피해율),충청북도,0.0
202600204FC01010101322001,논벼,기본조사,벼관찰포,2026,1,깨씨무늬병(발생면적율),충청북도,0.0
202600204FC01010101322001,논벼,기본조사,벼관찰포,2026,1,바이러스병(발생추정면적),충청북도,0.0
202600204FC01010101322001,논벼,기본조사,벼관찰포,2026,1,바이러스병(감수율),충청북도,0.0
202600204FC01010101322001,논벼,기본조사,벼관찰포,2026,1,바이러스병(피해율),충청북도,0.0
202600204FC01010101322001,논벼,기본조사,벼관찰포,2026,1,바이러스병(발생면적율),충청북도,0.0
202600204FC01010101322001,논벼,기본조사,벼관찰포,2026,1,이화명나방(발생추정면적),충청북도,0.0
202600204FC01010101322001,논벼,기본조사,벼관찰포,2026,1,이화명나방(감수율),충청북도,0.0
202600204FC01010101322001,논벼,기본조사,벼관찰포,2026,1,이화명나방(피해율),충청북도,0.0
202600204FC01010101322001,논벼,기본조사,벼관찰포,2026,1,이화명나방(발생면적율),충청북도,0.0
202600204FC01010101322001,논벼,기본조사,벼관찰포,2026,1,혹명나방(발생추정면적),충청북도,0.0
202600204FC01010101322001,논벼,기본조사,벼관찰포,2026,1,혹명나방(감수율),충청북도,0.0
202600204FC01010101322001,논벼,기본조사,벼관찰포,2026,1,혹명나방(피해율),충청북도,0.0
202600204FC01010101322001,논벼,기본조사,벼관찰포,2026,1,혹명나방(발생면적율),충청북도,0.0
202600204FC01010101322001,논벼,기본조사,벼관찰포,2026,1,먹노린재(발생추정면적),충청북도,0.0
202600204FC01010101322001,논벼,기본조사,벼관찰포,2026,1,먹노린재(감수율),충청북도,0.0
202600204FC01010101322001,논벼,기본조사,벼관찰포,2026,1,먹노린재(피해율),충청북도,0.0
202600204FC01010101322001,논벼,기본조사,벼관찰포,2026,1,먹노린재(발생면적율),충청북도,0.0
202600204FC01010101322001,논벼,기본조사,벼관찰포,2026,1,벼멸구(발생추정면적),충청북도,0.0
202600204FC01010101322001,논벼,기본조사,벼관찰포,2026,1,벼멸구(감수율),충청북도,0.0
202600204FC01010101322001,논벼,기본조사,벼관찰포,2026,1,벼멸구(피해율),충청북도,0.0
202600204FC01010101322001,논벼,기본조사,벼관찰포,2026,1,벼멸구(발생면적율),충청북도,0.0
202600204FC01010101322001,논벼,기본조사,벼관찰포,2026,1,흰등멸구(발생추정면적),충청북도,0.0
202600204FC01010101322001,논벼,기본조사,벼관찰포,2026,1,흰등멸구(감수율),충청북도,0.0
202600204FC01010101322001,논벼,기본조사,벼관찰포,2026,1,흰등멸구(피해율),충청북도,0.0
202600204FC01010101322001,논벼,기본조사,벼관찰포,2026,1,흰등멸구(발생면적율),충청북도,0.0
202600204FC01010101322001,논벼,기본조사,벼관찰포,2026,1,잎집무늬마름병(발생추정면적),충청북도,0.0
202600204FC01010101322001,논벼,기본조사,벼관찰포,2026,1,잎집무늬마름병(감수율),충청북도,0.0
202600204FC01010101322001,논벼,기본조사,벼관찰포,2026,1,잎집무늬마름병(피해율),충청북도,0.0
202600204FC01010101322001,논벼,기본조사,벼관찰포,2026,1,잎집무늬마름병(발생면적율),충청북도,0.0
202600204FC01010101322001,논벼,기본조사,벼관찰포,2026,1,키다리병(발생추정면적),충청북도,0.0
202600204FC01010101322001,논벼,기본조사,벼관찰포,2026,1,키다리병(감수율),충청북도,0.0
202600204FC01010101322001,논벼,기본조사,벼관찰포,2026,1,키다리병(피해율),충청북도,0.0
202600204FC01010101322001,논벼,기본조사,벼관찰포,2026,1,키다리병(발생면적율),충청북도,0.0
202600204FC01010101322001,논벼,기본조사,벼관찰포,2026,1,이삭누룩병(발생추정면적),충청북도,0.0
202600204FC01010101322001,논벼,기본조사,벼관찰포,2026,1,이삭누룩병(감수율),충청북도,0.0
202600204FC01010101322001,논벼,기본조사,벼관찰포,2026,1,이삭누룩병(피해율),충청북도,0.0
202600204FC01010101322001,논벼,기본조사,벼관찰포,2026,1,이삭누룩병(발생면적율),충청북도,0.0
202600204FC01010101322001,논벼,기본조사,벼관찰포,2026,1,벼잎벌레(발생추정면적),충청북도,0.0
202600204FC01010101322001,논벼,기본조사,벼관찰포,2026,1,벼잎벌레(감수율),충청북도,0.0
202600204FC01010101322001,논벼,기본조사,벼관찰포,2026,1,벼잎벌레(피해율),충청북도,0.0
202600204FC01010101322001,논벼,기본조사,벼관찰포,2026,1,벼잎벌레(발생면적율),충청북도,0.0
202600204FC01010101322001,논벼,기본조사,벼관찰포,2026,1,벼애나방(발생추정면적),충청북도,0.0
202600204FC01010101322001,논벼,기본조사,벼관찰포,2026,1,벼애나방(감수율),충청북도,0.0
202600204FC01010101322001,논벼,기본조사,벼관찰포,2026,1,벼애나방(피해율),충청북도,0.0
202600204FC01010101322001,논벼,기본조사,벼관찰포,2026,1,벼애나방(발생면적율),충청북도,0.0
202600204FC01010101322001,논벼,기본조사,벼관찰포,2026,1,벼애잎굴파리(발생추정면적),충청북도,0.0
202600204FC01010101322001,논벼,기본조사,벼관찰포,2026,1,벼애잎굴파리(감수율),충청북도,0.0
202600204FC01010101322001,논벼,기본조사,벼관찰포,2026,1,벼애잎굴파리(피해율),충청북도,0.0
202600204FC01010101322001,논벼,기본조사,벼관찰포,2026,1,벼애잎굴파리(발생면적율),충청북도,0.0
202600204FC01010101322001,논벼,기본조사,벼관찰포,2026,1,벼줄기굴파리(발생추정면적),충청북도,0.0
202600204FC01010101322001,논벼,기본조사,벼관찰포,2026,1,벼줄기굴파리(감수율),충청북도,0.0
202600204FC01010101322001,논벼,기본조사,벼관찰포,2026,1,벼줄기굴파리(피해율),충청북도,0.0
202600204FC01010101322001,논벼,기본조사,벼관찰포,2026,1,벼줄기굴파리(발생면적율),충청북도,0.0
202600204FC01010101322001,논벼,기본조사,벼관찰포,2026,1,벼물바구미(발생추정면적),충청북도,82.526
202600204FC01010101322001,논벼,기본조사,벼관찰포,2026,1,벼물바구미(감수율),충청북도,0.003
202600204FC01010101322001,논벼,기본조사,벼관찰포,2026,1,벼물바구미(피해율),충청북도,0.01
202600204FC01010101322001,논벼,기본조사,벼관찰포,2026,1,벼물바구미(발생면적율),충청북도,0.278
202600204FC01010101322001,논벼,기본조사,벼관찰포,2026,1,애멸구(발생추정면적),충청북도,0.0
202600204FC01010101322001,논벼,기본조사,벼관찰포,2026,1,애멸구(감수율),충청북도,0.0
202600204FC01010101322001,논벼,기본조사,벼관찰포,2026,1,애멸구(피해율),충청북도,0.0
202600204FC01010101322001,논벼,기본조사,벼관찰포,2026,1,애멸구(발생면적율),충청북도,0.0
202600204FC01010101322001,논벼,기본조사,벼관찰포,2026,1,끝동매미충(발생추정면적),충청북도,0.0
202600204FC01010101322001,논벼,기본조사,벼관찰포,2026,1,끝동매미충(감수율),충청북도,0.0
202600204FC01010101322001,논벼,기본조사,벼관찰포,2026,1,끝동매미충(피해율),충청북도,0.0
202600204FC01010101322001,논벼,기본조사,벼관찰포,2026,1,끝동매미충(발생면적율),충청북도,0.0
202600204FC01010101322001,논벼,기본조사,벼관찰포,2026,1,멸강나방(발생추정면적),충청북도,0.0
202600204FC01010101322001,논벼,기본조사,벼관찰포,2026,1,멸강나방(감수율),충청북도,0.0
202600204FC01010101322001,논벼,기본조사,벼관찰포,2026,1,멸강나방(피해율),충청북도,0.0
202600204FC01010101322001,논벼,기본조사,벼관찰포,2026,1,멸강나방(발생면적율),충청북도,0.0
202600204FC01010101322001,논벼,기본조사,벼관찰포,2026,1,벼잎선충(발생추정면적),충청북도,0.0
202600204FC01010101322001,논벼,기본조사,벼관찰포,2026,1,벼잎선충(감수율),충청북도,0.0
202600204FC01010101322001,논벼,기본조사,벼관찰포,2026,1,벼잎선충(피해율),충청북도,0.0
202600204FC01010101322001,논벼,기본조사,벼관찰포,2026,1,벼잎선충(발생면적율),충청북도,0.0
202600204FC01010101322001,논벼,기본조사,벼관찰포,2026,1,잎도열병(발생추정면적),충청남도,0.0
202600204FC01010101322001,논벼,기본조사,벼관찰포,2026,1,잎도열병(감수율),충청남도,0.0
202600204FC01010101322001,논벼,기본조사,벼관찰포,2026,1,잎도열병(피해율),충청남도,0.0
202600204FC01010101322001,논벼,기본조사,벼관찰포,2026,1,잎도열병(발생면적율),충청남도,0.0
202600204FC01010101322001,논벼,기본조사,벼관찰포,2026,1,이삭도열병(발생추정면적),충청남도,0.0
202600204FC01010101322001,논벼,기본조사,벼관찰포,2026,1,이삭도열병(감수율),충청남도,0.0
202600204FC01010101322001,논벼,기본조사,벼관찰포,2026,1,이삭도열병(피해율),충청남도,0.0
202600204FC01010101322001,논벼,기본조사,벼관찰포,2026,1,이삭도열병(발생면적율),충청남도,0.0
202600204FC01010101322001,논벼,기본조사,벼관찰포,2026,1,세균벼알마름병(발생추정면적),충청남도,0.0
202600204FC01010101322001,논벼,기본조사,벼관찰포,2026,1,세균벼알마름병(감수율),충청남도,0.0
202600204FC01010101322001,논벼,기본조사,벼관찰포,2026,1,세균벼알마름병(피해율),충청남도,0.0
202600204FC01010101322001,논벼,기본조사,벼관찰포,2026,1,세균벼알마름병(발생면적율),충청남도,0.0
202600204FC01010101322001,논벼,기본조사,벼관찰포,2026,1,흰잎마름병(발생추정면적),충청남도,0.0
202600204FC01010101322001,논벼,기본조사,벼관찰포,2026,1,흰잎마름병(감수율),충청남도,0.0
202600204FC01010101322001,논벼,기본조사,벼관찰포,2026,1,흰잎마름병(피해율),충청남도,0.0
202600204FC01010101322001,논벼,기본조사,벼관찰포,2026,1,흰잎마름병(발생면적율),충청남도,0.0
202600204FC01010101322001,논벼,기본조사,벼관찰포,2026,1,깨씨무늬병(발생추정면적),충청남도,0.0
202600204FC01010101322001,논벼,기본조사,벼관찰포,2026,1,깨씨무늬병(감수율),충청남도,0.0
202600204FC01010101322001,논벼,기본조사,벼관찰포,2026,1,깨씨무늬병(피해율),충청남도,0.0
202600204FC01010101322001,논벼,기본조사,벼관찰포,2026,1,깨씨무늬병(발생면적율),충청남도,0.0
202600204FC01010101322001,논벼,기본조사,벼관찰포,2026,1,바이러스병(발생추정면적),충청남도,0.0
202600204FC01010101322001,논벼,기본조사,벼관찰포,2026,1,바이러스병(감수율),충청남도,0.0
202600204FC01010101322001,논벼,기본조사,벼관찰포,2026,1,바이러스병(피해율),충청남도,0.0
202600204FC01010101322001,논벼,기본조사,벼관찰포,2026,1,바이러스병(발생면적율),충청남도,0.0
202600204FC01010101322001,논벼,기본조사,벼관찰포,2026,1,이화명나방(발생추정면적),충청남도,0.0
202600204FC01010101322001,논벼,기본조사,벼관찰포,2026,1,이화명나방(감수율),충청남도,0.0
202600204FC01010101322001,논벼,기본조사,벼관찰포,2026,1,이화명나방(피해율),충청남도,0.0
202600204FC01010101322001,논벼,기본조사,벼관찰포,2026,1,이화명나방(발생면적율),충청남도,0.0
202600204FC01010101322001,논벼,기본조사,벼관찰포,2026,1,혹명나방(발생추정면적),충청남도,0.0
202600204FC01010101322001,논벼,기본조사,벼관찰포,2026,1,혹명나방(감수율),충청남도,0.0
202600204FC01010101322001,논벼,기본조사,벼관찰포,2026,1,혹명나방(피해율),충청남도,0.0
202600204FC01010101322001,논벼,기본조사,벼관찰포,2026,1,혹명나방(발생면적율),충청남도,0.0
202600204FC01010101322001,논벼,기본조사,벼관찰포,2026,1,먹노린재(발생추정면적),충청남도,0.0
202600204FC01010101322001,논벼,기본조사,벼관찰포,2026,1,먹노린재(감수율),충청남도,0.0
202600204FC01010101322001,논벼,기본조사,벼관찰포,2026,1,먹노린재(피해율),충청남도,0.0
202600204FC01010101322001,논벼,기본조사,벼관찰포,2026,1,먹노린재(발생면적율),충청남도,0.0
202600204FC01010101322001,논벼,기본조사,벼관찰포,2026,1,벼멸구(발생추정면적),충청남도,0.0
202600204FC01010101322001,논벼,기본조사,벼관찰포,2026,1,벼멸구(감수율),충청남도,0.0
202600204FC01010101322001,논벼,기본조사,벼관찰포,2026,1,벼멸구(피해율),충청남도,0.0
202600204FC01010101322001,논벼,기본조사,벼관찰포,2026,1,벼멸구(발생면적율),충청남도,0.0
202600204FC01010101322001,논벼,기본조사,벼관찰포,2026,1,흰등멸구(발생추정면적),충청남도,0.0
202600204FC01010101322001,논벼,기본조사,벼관찰포,2026,1,흰등멸구(감수율),충청남도,0.0
202600204FC01010101322001,논벼,기본조사,벼관찰포,2026,1,흰등멸구(피해율),충청남도,0.0
202600204FC01010101322001,논벼,기본조사,벼관찰포,2026,1,흰등멸구(발생면적율),충청남도,0.0
202600204FC01010101322001,논벼,기본조사,벼관찰포,2026,1,잎집무늬마름병(발생추정면적),충청남도,0.0
202600204FC01010101322001,논벼,기본조사,벼관찰포,2026,1,잎집무늬마름병(감수율),충청남도,0.0
202600204FC01010101322001,논벼,기본조사,벼관찰포,2026,1,잎집무늬마름병(피해율),충청남도,0.0
202600204FC01010101322001,논벼,기본조사,벼관찰포,2026,1,잎집무늬마름병(발생면적율),충청남도,0.0
202600204FC01010101322001,논벼,기본조사,벼관찰포,2026,1,키다리병(발생추정면적),충청남도,0.0
202600204FC01010101322001,논벼,기본조사,벼관찰포,2026,1,키다리병(감수율),충청남도,0.0
202600204FC01010101322001,논벼,기본조사,벼관찰포,2026,1,키다리병(피해율),충청남도,0.0
202600204FC01010101322001,논벼,기본조사,벼관찰포,2026,1,키다리병(발생면적율),충청남도,0.0
202600204FC01010101322001,논벼,기본조사,벼관찰포,2026,1,이삭누룩병(발생추정면적),충청남도,0.0
202600204FC01010101322001,논벼,기본조사,벼관찰포,2026,1,이삭누룩병(감수율),충청남도,0.0
202600204FC01010101322001,논벼,기본조사,벼관찰포,2026,1,이삭누룩병(피해율),충청남도,0.0
202600204FC01010101322001,논벼,기본조사,벼관찰포,2026,1,이삭누룩병(발생면적율),충청남도,0.0
202600204FC01010101322001,논벼,기본조사,벼관찰포,2026,1,벼잎벌레(발생추정면적),충청남도,0.0
202600204FC01010101322001,논벼,기본조사,벼관찰포,2026,1,벼잎벌레(감수율),충청남도,0.0
202600204FC01010101322001,논벼,기본조사,벼관찰포,2026,1,벼잎벌레(피해율),충청남도,0.0
202600204FC01010101322001,논벼,기본조사,벼관찰포,2026,1,벼잎벌레(발생면적율),충청남도,0.0
202600204FC01010101322001,논벼,기본조사,벼관찰포,2026,1,벼애나방(발생추정면적),충청남도,0.0
202600204FC01010101322001,논벼,기본조사,벼관찰포,2026,1,벼애나방(감수율),충청남도,0.0
202600204FC01010101322001,논벼,기본조사,벼관찰포,2026,1,벼애나방(피해율),충청남도,0.0
202600204FC01010101322001,논벼,기본조사,벼관찰포,2026,1,벼애나방(발생면적율),충청남도,0.0
202600204FC01010101322001,논벼,기본조사,벼관찰포,2026,1,벼애잎굴파리(발생추정면적),충청남도,0.0
202600204FC01010101322001,논벼,기본조사,벼관찰포,2026,1,벼애잎굴파리(감수율),충청남도,0.0
202600204FC01010101322001,논벼,기본조사,벼관찰포,2026,1,벼애잎굴파리(피해율),충청남도,0.0
202600204FC01010101322001,논벼,기본조사,벼관찰포,2026,1,벼애잎굴파리(발생면적율),충청남도,0.0
202600204FC01010101322001,논벼,기본조사,벼관찰포,2026,1,벼줄기굴파리(발생추정면적),충청남도,0.0
202600204FC01010101322001,논벼,기본조사,벼관찰포,2026,1,벼줄기굴파리(감수율),충청남도,0.0
202600204FC01010101322001,논벼,기본조사,벼관찰포,2026,1,벼줄기굴파리(피해율),충청남도,0.0
202600204FC01010101322001,논벼,기본조사,벼관찰포,2026,1,벼줄기굴파리(발생면적율),충청남도,0.0
202600204FC01010101322001,논벼,기본조사,벼관찰포,2026,1,벼물바구미(발생추정면적),충청남도,6.049
202600204FC01010101322001,논벼,기본조사,벼관찰포,2026,1,벼물바구미(감수율),충청남도,0.0
202600204FC01010101322001,논벼,기본조사,벼관찰포,2026,1,벼물바구미(피해율),충청남도,0.0
202600204FC01010101322001,논벼,기본조사,벼관찰포,2026,1,벼물바구미(발생면적율),충청남도,0.005
202600204FC01010101322001,논벼,기본조사,벼관찰포,2026,1,애멸구(발생추정면적),충청남도,0.0
202600204FC01010101322001,논벼,기본조사,벼관찰포,2026,1,애멸구(감수율),충청남도,0.0
202600204FC01010101322001,논벼,기본조사,벼관찰포,2026,1,애멸구(피해율),충청남도,0.0
202600204FC01010101322001,논벼,기본조사,벼관찰포,2026,1,애멸구(발생면적율),충청남도,0.0
202600204FC01010101322001,논벼,기본조사,벼관찰포,2026,1,끝동매미충(발생추정면적),충청남도,0.0
202600204FC01010101322001,논벼,기본조사,벼관찰포,2026,1,끝동매미충(감수율),충청남도,0.0
202600204FC01010101322001,논벼,기본조사,벼관찰포,2026,1,끝동매미충(피해율),충청남도,0.0
202600204FC01010101322001,논벼,기본조사,벼관찰포,2026,1,끝동매미충(발생면적율),충청남도,0.0
202600204FC01010101322001,논벼,기본조사,벼관찰포,2026,1,멸강나방(발생추정면적),충청남도,0.0
202600204FC01010101322001,논벼,기본조사,벼관찰포,2026,1,멸강나방(감수율),충청남도,0.0
202600204FC01010101322001,논벼,기본조사,벼관찰포,2026,1,멸강나방(피해율),충청남도,0.0
202600204FC01010101322001,논벼,기본조사,벼관찰포,2026,1,멸강나방(발생면적율),충청남도,0.0
202600204FC01010101322001,논벼,기본조사,벼관찰포,2026,1,벼잎선충(발생추정면적),충청남도,0.0
202600204FC01010101322001,논벼,기본조사,벼관찰포,2026,1,벼잎선충(감수율),충청남도,0.0
202600204FC01010101322001,논벼,기본조사,벼관찰포,2026,1,벼잎선충(피해율),충청남도,0.0
202600204FC01010101322001,논벼,기본조사,벼관찰포,2026,1,벼잎선충(발생면적율),충청남도,0.0
202600204FC01010101322001,논벼,기본조사,벼관찰포,2026,1,잎도열병(발생추정면적),전북특별자치도,0.0
202600204FC01010101322001,논벼,기본조사,벼관찰포,2026,1,잎도열병(감수율),전북특별자치도,0.0
202600204FC01010101322001,논벼,기본조사,벼관찰포,2026,1,잎도열병(피해율),전북특별자치도,0.0
202600204FC01010101322001,논벼,기본조사,벼관찰포,2026,1,잎도열병(발생면적율),전북특별자치도,0.0
202600204FC01010101322001,논벼,기본조사,벼관찰포,2026,1,이삭도열병(발생추정면적),전북특별자치도,0.0
202600204FC01010101322001,논벼,기본조사,벼관찰포,2026,1,이삭도열병(감수율),전북특별자치도,0.0
202600204FC01010101322001,논벼,기본조사,벼관찰포,2026,1,이삭도열병(피해율),전북특별자치도,0.0
202600204FC01010101322001,논벼,기본조사,벼관찰포,2026,1,이삭도열병(발생면적율),전북특별자치도,0.0
202600204FC01010101322001,논벼,기본조사,벼관찰포,2026,1,세균벼알마름병(발생추정면적),전북특별자치도,0.0
202600204FC01010101322001,논벼,기본조사,벼관찰포,2026,1,세균벼알마름병(감수율),전북특별자치도,0.0
202600204FC01010101322001,논벼,기본조사,벼관찰포,2026,1,세균벼알마름병(피해율),전북특별자치도,0.0
202600204FC01010101322001,논벼,기본조사,벼관찰포,2026,1,세균벼알마름병(발생면적율),전북특별자치도,0.0
202600204FC01010101322001,논벼,기본조사,벼관찰포,2026,1,흰잎마름병(발생추정면적),전북특별자치도,0.0
202600204FC01010101322001,논벼,기본조사,벼관찰포,2026,1,흰잎마름병(감수율),전북특별자치도,0.0
202600204FC01010101322001,논벼,기본조사,벼관찰포,2026,1,흰잎마름병(피해율),전북특별자치도,0.0
202600204FC01010101322001,논벼,기본조사,벼관찰포,2026,1,흰잎마름병(발생면적율),전북특별자치도,0.0
202600204FC01010101322001,논벼,기본조사,벼관찰포,2026,1,깨씨무늬병(발생추정면적),전북특별자치도,0.0
202600204FC01010101322001,논벼,기본조사,벼관찰포,2026,1,깨씨무늬병(감수율),전북특별자치도,0.0
202600204FC01010101322001,논벼,기본조사,벼관찰포,2026,1,깨씨무늬병(피해율),전북특별자치도,0.0
202600204FC01010101322001,논벼,기본조사,벼관찰포,2026,1,깨씨무늬병(발생면적율),전북특별자치도,0.0
202600204FC01010101322001,논벼,기본조사,벼관찰포,2026,1,바이러스병(발생추정면적),전북특별자치도,0.0
202600204FC01010101322001,논벼,기본조사,벼관찰포,2026,1,바이러스병(감수율),전북특별자치도,0.0
202600204FC01010101322001,논벼,기본조사,벼관찰포,2026,1,바이러스병(피해율),전북특별자치도,0.0
202600204FC01010101322001,논벼,기본조사,벼관찰포,2026,1,바이러스병(발생면적율),전북특별자치도,0.0
202600204FC01010101322001,논벼,기본조사,벼관찰포,2026,1,이화명나방(발생추정면적),전북특별자치도,0.0
202600204FC01010101322001,논벼,기본조사,벼관찰포,2026,1,이화명나방(감수율),전북특별자치도,0.0
202600204FC01010101322001,논벼,기본조사,벼관찰포,2026,1,이화명나방(피해율),전북특별자치도,0.0
202600204FC01010101322001,논벼,기본조사,벼관찰포,2026,1,이화명나방(발생면적율),전북특별자치도,0.0
202600204FC01010101322001,논벼,기본조사,벼관찰포,2026,1,혹명나방(발생추정면적),전북특별자치도,0.0
202600204FC01010101322001,논벼,기본조사,벼관찰포,2026,1,혹명나방(감수율),전북특별자치도,0.0
202600204FC01010101322001,논벼,기본조사,벼관찰포,2026,1,혹명나방(피해율),전북특별자치도,0.0
202600204FC01010101322001,논벼,기본조사,벼관찰포,2026,1,혹명나방(발생면적율),전북특별자치도,0.0
202600204FC01010101322001,논벼,기본조사,벼관찰포,2026,1,먹노린재(발생추정면적),전북특별자치도,0.0
202600204FC01010101322001,논벼,기본조사,벼관찰포,2026,1,먹노린재(감수율),전북특별자치도,0.0
202600204FC01010101322001,논벼,기본조사,벼관찰포,2026,1,먹노린재(피해율),전북특별자치도,0.0
202600204FC01010101322001,논벼,기본조사,벼관찰포,2026,1,먹노린재(발생면적율),전북특별자치도,0.0
202600204FC01010101322001,논벼,기본조사,벼관찰포,2026,1,벼멸구(발생추정면적),전북특별자치도,0.0
202600204FC01010101322001,논벼,기본조사,벼관찰포,2026,1,벼멸구(감수율),전북특별자치도,0.0
202600204FC01010101322001,논벼,기본조사,벼관찰포,2026,1,벼멸구(피해율),전북특별자치도,0.0
202600204FC01010101322001,논벼,기본조사,벼관찰포,2026,1,벼멸구(발생면적율),전북특별자치도,0.0
202600204FC01010101322001,논벼,기본조사,벼관찰포,2026,1,흰등멸구(발생추정면적),전북특별자치도,0.0
202600204FC01010101322001,논벼,기본조사,벼관찰포,2026,1,흰등멸구(감수율),전북특별자치도,0.0
202600204FC01010101322001,논벼,기본조사,벼관찰포,2026,1,흰등멸구(피해율),전북특별자치도,0.0
202600204FC01010101322001,논벼,기본조사,벼관찰포,2026,1,흰등멸구(발생면적율),전북특별자치도,0.0
202600204FC01010101322001,논벼,기본조사,벼관찰포,2026,1,잎집무늬마름병(발생추정면적),전북특별자치도,0.0
202600204FC01010101322001,논벼,기본조사,벼관찰포,2026,1,잎집무늬마름병(감수율),전북특별자치도,0.0
202600204FC01010101322001,논벼,기본조사,벼관찰포,2026,1,잎집무늬마름병(피해율),전북특별자치도,0.0
202600204FC01010101322001,논벼,기본조사,벼관찰포,2026,1,잎집무늬마름병(발생면적율),전북특별자치도,0.0
202600204FC01010101322001,논벼,기본조사,벼관찰포,2026,1,키다리병(발생추정면적),전북특별자치도,0.0
202600204FC01010101322001,논벼,기본조사,벼관찰포,2026,1,키다리병(감수율),전북특별자치도,0.0
202600204FC01010101322001,논벼,기본조사,벼관찰포,2026,1,키다리병(피해율),전북특별자치도,0.0
202600204FC01010101322001,논벼,기본조사,벼관찰포,2026,1,키다리병(발생면적율),전북특별자치도,0.0
202600204FC01010101322001,논벼,기본조사,벼관찰포,2026,1,이삭누룩병(발생추정면적),전북특별자치도,0.0
202600204FC01010101322001,논벼,기본조사,벼관찰포,2026,1,이삭누룩병(감수율),전북특별자치도,0.0
202600204FC01010101322001,논벼,기본조사,벼관찰포,2026,1,이삭누룩병(피해율),전북특별자치도,0.0
202600204FC01010101322001,논벼,기본조사,벼관찰포,2026,1,이삭누룩병(발생면적율),전북특별자치도,0.0
202600204FC01010101322001,논벼,기본조사,벼관찰포,2026,1,벼잎벌레(발생추정면적),전북특별자치도,0.0
202600204FC01010101322001,논벼,기본조사,벼관찰포,2026,1,벼잎벌레(감수율),전북특별자치도,0.0
202600204FC01010101322001,논벼,기본조사,벼관찰포,2026,1,벼잎벌레(피해율),전북특별자치도,0.0
202600204FC01010101322001,논벼,기본조사,벼관찰포,2026,1,벼잎벌레(발생면적율),전북특별자치도,0.0
202600204FC01010101322001,논벼,기본조사,벼관찰포,2026,1,벼애나방(발생추정면적),전북특별자치도,0.0
202600204FC01010101322001,논벼,기본조사,벼관찰포,2026,1,벼애나방(감수율),전북특별자치도,0.0
202600204FC01010101322001,논벼,기본조사,벼관찰포,2026,1,벼애나방(피해율),전북특별자치도,0.0
202600204FC01010101322001,논벼,기본조사,벼관찰포,2026,1,벼애나방(발생면적율),전북특별자치도,0.0
202600204FC01010101322001,논벼,기본조사,벼관찰포,2026,1,벼애잎굴파리(발생추정면적),전북특별자치도,0.0
202600204FC01010101322001,논벼,기본조사,벼관찰포,2026,1,벼애잎굴파리(감수율),전북특별자치도,0.0
202600204FC01010101322001,논벼,기본조사,벼관찰포,2026,1,벼애잎굴파리(피해율),전북특별자치도,0.0
202600204FC01010101322001,논벼,기본조사,벼관찰포,2026,1,벼애잎굴파리(발생면적율),전북특별자치도,0.0
202600204FC01010101322001,논벼,기본조사,벼관찰포,2026,1,벼줄기굴파리(발생추정면적),전북특별자치도,0.0
202600204FC01010101322001,논벼,기본조사,벼관찰포,2026,1,벼줄기굴파리(감수율),전북특별자치도,0.0
202600204FC01010101322001,논벼,기본조사,벼관찰포,2026,1,벼줄기굴파리(피해율),전북특별자치도,0.0
202600204FC01010101322001,논벼,기본조사,벼관찰포,2026,1,벼줄기굴파리(발생면적율),전북특별자치도,0.0
202600204FC01010101322001,논벼,기본조사,벼관찰포,2026,1,벼물바구미(발생추정면적),전북특별자치도,8.721
202600204FC01010101322001,논벼,기본조사,벼관찰포,2026,1,벼물바구미(감수율),전북특별자치도,0.0
202600204FC01010101322001,논벼,기본조사,벼관찰포,2026,1,벼물바구미(피해율),전북특별자치도,0.001
202600204FC01010101322001,논벼,기본조사,벼관찰포,2026,1,벼물바구미(발생면적율),전북특별자치도,0.028
202600204FC01010101322001,논벼,기본조사,벼관찰포,2026,1,애멸구(발생추정면적),전북특별자치도,0.0
202600204FC01010101322001,논벼,기본조사,벼관찰포,2026,1,애멸구(감수율),전북특별자치도,0.0
202600204FC01010101322001,논벼,기본조사,벼관찰포,2026,1,애멸구(피해율),전북특별자치도,0.0
202600204FC01010101322001,논벼,기본조사,벼관찰포,2026,1,애멸구(발생면적율),전북특별자치도,0.0
202600204FC01010101322001,논벼,기본조사,벼관찰포,2026,1,끝동매미충(발생추정면적),전북특별자치도,0.0
202600204FC01010101322001,논벼,기본조사,벼관찰포,2026,1,끝동매미충(감수율),전북특별자치도,0.0
202600204FC01010101322001,논벼,기본조사,벼관찰포,2026,1,끝동매미충(피해율),전북특별자치도,0.0
202600204FC01010101322001,논벼,기본조사,벼관찰포,2026,1,끝동매미충(발생면적율),전북특별자치도,0.0
202600204FC01010101322001,논벼,기본조사,벼관찰포,2026,1,멸강나방(발생추정면적),전북특별자치도,0.0
202600204FC01010101322001,논벼,기본조사,벼관찰포,2026,1,멸강나방(감수율),전북특별자치도,0.0
202600204FC01010101322001,논벼,기본조사,벼관찰포,2026,1,멸강나방(피해율),전북특별자치도,0.0
202600204FC01010101322001,논벼,기본조사,벼관찰포,2026,1,멸강나방(발생면적율),전북특별자치도,0.0
202600204FC01010101322001,논벼,기본조사,벼관찰포,2026,1,벼잎선충(발생추정면적),전북특별자치도,0.0
202600204FC01010101322001,논벼,기본조사,벼관찰포,2026,1,벼잎선충(감수율),전북특별자치도,0.0
202600204FC01010101322001,논벼,기본조사,벼관찰포,2026,1,벼잎선충(피해율),전북특별자치도,0.0
202600204FC01010101322001,논벼,기본조사,벼관찰포,2026,1,벼잎선충(발생면적율),전북특별자치도,0.0
202600204FC01010101322001,논벼,기본조사,벼관찰포,2026,1,잎도열병(발생추정면적),전남광주통합특별시,0.0
202600204FC01010101322001,논벼,기본조사,벼관찰포,2026,1,잎도열병(감수율),전남광주통합특별시,0.0
202600204FC01010101322001,논벼,기본조사,벼관찰포,2026,1,잎도열병(피해율),전남광주통합특별시,0.0
202600204FC01010101322001,논벼,기본조사,벼관찰포,2026,1,잎도열병(발생면적율),전남광주통합특별시,0.0
202600204FC01010101322001,논벼,기본조사,벼관찰포,2026,1,이삭도열병(발생추정면적),전남광주통합특별시,0.0
202600204FC01010101322001,논벼,기본조사,벼관찰포,2026,1,이삭도열병(감수율),전남광주통합특별시,0.0
202600204FC01010101322001,논벼,기본조사,벼관찰포,2026,1,이삭도열병(피해율),전남광주통합특별시,0.0
202600204FC01010101322001,논벼,기본조사,벼관찰포,2026,1,이삭도열병(발생면적율),전남광주통합특별시,0.0
202600204FC01010101322001,논벼,기본조사,벼관찰포,2026,1,세균벼알마름병(발생추정면적),전남광주통합특별시,0.0
202600204FC01010101322001,논벼,기본조사,벼관찰포,2026,1,세균벼알마름병(감수율),전남광주통합특별시,0.0
202600204FC01010101322001,논벼,기본조사,벼관찰포,2026,1,세균벼알마름병(피해율),전남광주통합특별시,0.0
202600204FC01010101322001,논벼,기본조사,벼관찰포,2026,1,세균벼알마름병(발생면적율),전남광주통합특별시,0.0
202600204FC01010101322001,논벼,기본조사,벼관찰포,2026,1,흰잎마름병(발생추정면적),전남광주통합특별시,0.0
202600204FC01010101322001,논벼,기본조사,벼관찰포,2026,1,흰잎마름병(감수율),전남광주통합특별시,0.0
202600204FC01010101322001,논벼,기본조사,벼관찰포,2026,1,흰잎마름병(피해율),전남광주통합특별시,0.0
202600204FC01010101322001,논벼,기본조사,벼관찰포,2026,1,흰잎마름병(발생면적율),전남광주통합특별시,0.0
202600204FC01010101322001,논벼,기본조사,벼관찰포,2026,1,깨씨무늬병(발생추정면적),전남광주통합특별시,0.0
202600204FC01010101322001,논벼,기본조사,벼관찰포,2026,1,깨씨무늬병(감수율),전남광주통합특별시,0.0
202600204FC01010101322001,논벼,기본조사,벼관찰포,2026,1,깨씨무늬병(피해율),전남광주통합특별시,0.0
202600204FC01010101322001,논벼,기본조사,벼관찰포,2026,1,깨씨무늬병(발생면적율),전남광주통합특별시,0.0
202600204FC01010101322001,논벼,기본조사,벼관찰포,2026,1,바이러스병(발생추정면적),전남광주통합특별시,0.0
202600204FC01010101322001,논벼,기본조사,벼관찰포,2026,1,바이러스병(감수율),전남광주통합특별시,0.0
202600204FC01010101322001,논벼,기본조사,벼관찰포,2026,1,바이러스병(피해율),전남광주통합특별시,0.0
202600204FC01010101322001,논벼,기본조사,벼관찰포,2026,1,바이러스병(발생면적율),전남광주통합특별시,0.0
202600204FC01010101322001,논벼,기본조사,벼관찰포,2026,1,이화명나방(발생추정면적),전남광주통합특별시,0.0
202600204FC01010101322001,논벼,기본조사,벼관찰포,2026,1,이화명나방(감수율),전남광주통합특별시,0.0
202600204FC01010101322001,논벼,기본조사,벼관찰포,2026,1,이화명나방(피해율),전남광주통합특별시,0.0
202600204FC01010101322001,논벼,기본조사,벼관찰포,2026,1,이화명나방(발생면적율),전남광주통합특별시,0.0
202600204FC01010101322001,논벼,기본조사,벼관찰포,2026,1,혹명나방(발생추정면적),전남광주통합특별시,0.0
202600204FC01010101322001,논벼,기본조사,벼관찰포,2026,1,혹명나방(감수율),전남광주통합특별시,0.0
202600204FC01010101322001,논벼,기본조사,벼관찰포,2026,1,혹명나방(피해율),전남광주통합특별시,0.0
202600204FC01010101322001,논벼,기본조사,벼관찰포,2026,1,혹명나방(발생면적율),전남광주통합특별시,0.0
202600204FC01010101322001,논벼,기본조사,벼관찰포,2026,1,먹노린재(발생추정면적),전남광주통합특별시,0.0
202600204FC01010101322001,논벼,기본조사,벼관찰포,2026,1,먹노린재(감수율),전남광주통합특별시,0.0
202600204FC01010101322001,논벼,기본조사,벼관찰포,2026,1,먹노린재(피해율),전남광주통합특별시,0.0
202600204FC01010101322001,논벼,기본조사,벼관찰포,2026,1,먹노린재(발생면적율),전남광주통합특별시,0.0
202600204FC01010101322001,논벼,기본조사,벼관찰포,2026,1,벼멸구(발생추정면적),전남광주통합특별시,0.0
202600204FC01010101322001,논벼,기본조사,벼관찰포,2026,1,벼멸구(감수율),전남광주통합특별시,0.0
202600204FC01010101322001,논벼,기본조사,벼관찰포,2026,1,벼멸구(피해율),전남광주통합특별시,0.0
202600204FC01010101322001,논벼,기본조사,벼관찰포,2026,1,벼멸구(발생면적율),전남광주통합특별시,0.0
202600204FC01010101322001,논벼,기본조사,벼관찰포,2026,1,흰등멸구(발생추정면적),전남광주통합특별시,0.0
202600204FC01010101322001,논벼,기본조사,벼관찰포,2026,1,흰등멸구(감수율),전남광주통합특별시,0.0
202600204FC01010101322001,논벼,기본조사,벼관찰포,2026,1,흰등멸구(피해율),전남광주통합특별시,0.0
202600204FC01010101322001,논벼,기본조사,벼관찰포,2026,1,흰등멸구(발생면적율),전남광주통합특별시,0.0
202600204FC01010101322001,논벼,기본조사,벼관찰포,2026,1,잎집무늬마름병(발생추정면적),전남광주통합특별시,0.0
202600204FC01010101322001,논벼,기본조사,벼관찰포,2026,1,잎집무늬마름병(감수율),전남광주통합특별시,0.0
202600204FC01010101322001,논벼,기본조사,벼관찰포,2026,1,잎집무늬마름병(피해율),전남광주통합특별시,0.0
202600204FC01010101322001,논벼,기본조사,벼관찰포,2026,1,잎집무늬마름병(발생면적율),전남광주통합특별시,0.0
202600204FC01010101322001,논벼,기본조사,벼관찰포,2026,1,키다리병(발생추정면적),전남광주통합특별시,0.0
202600204FC01010101322001,논벼,기본조사,벼관찰포,2026,1,키다리병(감수율),전남광주통합특별시,0.0
202600204FC01010101322001,논벼,기본조사,벼관찰포,2026,1,키다리병(피해율),전남광주통합특별시,0.0
202600204FC01010101322001,논벼,기본조사,벼관찰포,2026,1,키다리병(발생면적율),전남광주통합특별시,0.0
202600204FC01010101322001,논벼,기본조사,벼관찰포,2026,1,이삭누룩병(발생추정면적),전남광주통합특별시,0.0
202600204FC01010101322001,논벼,기본조사,벼관찰포,2026,1,이삭누룩병(감수율),전남광주통합특별시,0.0
202600204FC01010101322001,논벼,기본조사,벼관찰포,2026,1,이삭누룩병(피해율),전남광주통합특별시,0.0
202600204FC01010101322001,논벼,기본조사,벼관찰포,2026,1,이삭누룩병(발생면적율),전남광주통합특별시,0.0
202600204FC01010101322001,논벼,기본조사,벼관찰포,2026,1,벼잎벌레(발생추정면적),전남광주통합특별시,0.0
202600204FC01010101322001,논벼,기본조사,벼관찰포,2026,1,벼잎벌레(감수율),전남광주통합특별시,0.0
202600204FC01010101322001,논벼,기본조사,벼관찰포,2026,1,벼잎벌레(피해율),전남광주통합특별시,0.0
202600204FC01010101322001,논벼,기본조사,벼관찰포,2026,1,벼잎벌레(발생면적율),전남광주통합특별시,0.0
202600204FC01010101322001,논벼,기본조사,벼관찰포,2026,1,벼애나방(발생추정면적),전남광주통합특별시,0.0
202600204FC01010101322001,논벼,기본조사,벼관찰포,2026,1,벼애나방(감수율),전남광주통합특별시,0.0
202600204FC01010101322001,논벼,기본조사,벼관찰포,2026,1,벼애나방(피해율),전남광주통합특별시,0.0
202600204FC01010101322001,논벼,기본조사,벼관찰포,2026,1,벼애나방(발생면적율),전남광주통합특별시,0.0
202600204FC01010101322001,논벼,기본조사,벼관찰포,2026,1,벼애잎굴파리(발생추정면적),전남광주통합특별시,6.717
202600204FC01010101322001,논벼,기본조사,벼관찰포,2026,1,벼애잎굴파리(감수율),전남광주통합특별시,0.0
202600204FC01010101322001,논벼,기본조사,벼관찰포,2026,1,벼애잎굴파리(피해율),전남광주통합특별시,0.0
202600204FC01010101322001,논벼,기본조사,벼관찰포,2026,1,벼애잎굴파리(발생면적율),전남광주통합특별시,0.004
202600204FC01010101322001,논벼,기본조사,벼관찰포,2026,1,벼줄기굴파리(발생추정면적),전남광주통합특별시,1.679
202600204FC01010101322001,논벼,기본조사,벼관찰포,2026,1,벼줄기굴파리(감수율),전남광주통합특별시,0.0
202600204FC01010101322001,논벼,기본조사,벼관찰포,2026,1,벼줄기굴파리(피해율),전남광주통합특별시,0.0
202600204FC01010101322001,논벼,기본조사,벼관찰포,2026,1,벼줄기굴파리(발생면적율),전남광주통합특별시,0.001
202600204FC01010101322001,논벼,기본조사,벼관찰포,2026,1,벼물바구미(발생추정면적),전남광주통합특별시,474.396
202600204FC01010101322001,논벼,기본조사,벼관찰포,2026,1,벼물바구미(감수율),전남광주통합특별시,0.002
202600204FC01010101322001,논벼,기본조사,벼관찰포,2026,1,벼물바구미(피해율),전남광주통합특별시,0.009
202600204FC01010101322001,논벼,기본조사,벼관찰포,2026,1,벼물바구미(발생면적율),전남광주통합특별시,0.294
202600204FC01010101322001,논벼,기본조사,벼관찰포,2026,1,애멸구(발생추정면적),전남광주통합특별시,5.038
202600204FC01010101322001,논벼,기본조사,벼관찰포,2026,1,애멸구(감수율),전남광주통합특별시,0.0
202600204FC01010101322001,논벼,기본조사,벼관찰포,2026,1,애멸구(피해율),전남광주통합특별시,0.0
202600204FC01010101322001,논벼,기본조사,벼관찰포,2026,1,애멸구(발생면적율),전남광주통합특별시,0.003
202600204FC01010101322001,논벼,기본조사,벼관찰포,2026,1,끝동매미충(발생추정면적),전남광주통합특별시,0.0
202600204FC01010101322001,논벼,기본조사,벼관찰포,2026,1,끝동매미충(감수율),전남광주통합특별시,0.0
202600204FC01010101322001,논벼,기본조사,벼관찰포,2026,1,끝동매미충(피해율),전남광주통합특별시,0.0
202600204FC01010101322001,논벼,기본조사,벼관찰포,2026,1,끝동매미충(발생면적율),전남광주통합특별시,0.0
202600204FC01010101322001,논벼,기본조사,벼관찰포,2026,1,멸강나방(발생추정면적),전남광주통합특별시,0.0
202600204FC01010101322001,논벼,기본조사,벼관찰포,2026,1,멸강나방(감수율),전남광주통합특별시,0.0
202600204FC01010101322001,논벼,기본조사,벼관찰포,2026,1,멸강나방(피해율),전남광주통합특별시,0.0
202600204FC01010101322001,논벼,기본조사,벼관찰포,2026,1,멸강나방(발생면적율),전남광주통합특별시,0.0
202600204FC01010101322001,논벼,기본조사,벼관찰포,2026,1,벼잎선충(발생추정면적),전남광주통합특별시,0.0
202600204FC01010101322001,논벼,기본조사,벼관찰포,2026,1,벼잎선충(감수율),전남광주통합특별시,0.0
202600204FC01010101322001,논벼,기본조사,벼관찰포,2026,1,벼잎선충(피해율),전남광주통합특별시,0.0
202600204FC01010101322001,논벼,기본조사,벼관찰포,2026,1,벼잎선충(발생면적율),전남광주통합특별시,0.0
202600204FC01010101322001,논벼,기본조사,벼관찰포,2026,1,잎도열병(발생추정면적),경상북도,0.0
202600204FC01010101322001,논벼,기본조사,벼관찰포,2026,1,잎도열병(감수율),경상북도,0.0
202600204FC01010101322001,논벼,기본조사,벼관찰포,2026,1,잎도열병(피해율),경상북도,0.0
202600204FC01010101322001,논벼,기본조사,벼관찰포,2026,1,잎도열병(발생면적율),경상북도,0.0
202600204FC01010101322001,논벼,기본조사,벼관찰포,2026,1,이삭도열병(발생추정면적),경상북도,0.0
202600204FC01010101322001,논벼,기본조사,벼관찰포,2026,1,이삭도열병(감수율),경상북도,0.0
202600204FC01010101322001,논벼,기본조사,벼관찰포,2026,1,이삭도열병(피해율),경상북도,0.0
202600204FC01010101322001,논벼,기본조사,벼관찰포,2026,1,이삭도열병(발생면적율),경상북도,0.0
202600204FC01010101322001,논벼,기본조사,벼관찰포,2026,1,세균벼알마름병(발생추정면적),경상북도,0.0
202600204FC01010101322001,논벼,기본조사,벼관찰포,2026,1,세균벼알마름병(감수율),경상북도,0.0
202600204FC01010101322001,논벼,기본조사,벼관찰포,2026,1,세균벼알마름병(피해율),경상북도,0.0
202600204FC01010101322001,논벼,기본조사,벼관찰포,2026,1,세균벼알마름병(발생면적율),경상북도,0.0
202600204FC01010101322001,논벼,기본조사,벼관찰포,2026,1,흰잎마름병(발생추정면적),경상북도,0.0
202600204FC01010101322001,논벼,기본조사,벼관찰포,2026,1,흰잎마름병(감수율),경상북도,0.0
202600204FC01010101322001,논벼,기본조사,벼관찰포,2026,1,흰잎마름병(피해율),경상북도,0.0
202600204FC01010101322001,논벼,기본조사,벼관찰포,2026,1,흰잎마름병(발생면적율),경상북도,0.0
202600204FC01010101322001,논벼,기본조사,벼관찰포,2026,1,깨씨무늬병(발생추정면적),경상북도,0.0
202600204FC01010101322001,논벼,기본조사,벼관찰포,2026,1,깨씨무늬병(감수율),경상북도,0.0
202600204FC01010101322001,논벼,기본조사,벼관찰포,2026,1,깨씨무늬병(피해율),경상북도,0.0
202600204FC01010101322001,논벼,기본조사,벼관찰포,2026,1,깨씨무늬병(발생면적율),경상북도,0.0
202600204FC01010101322001,논벼,기본조사,벼관찰포,2026,1,바이러스병(발생추정면적),경상북도,0.0
202600204FC01010101322001,논벼,기본조사,벼관찰포,2026,1,바이러스병(감수율),경상북도,0.0
202600204FC01010101322001,논벼,기본조사,벼관찰포,2026,1,바이러스병(피해율),경상북도,0.0
202600204FC01010101322001,논벼,기본조사,벼관찰포,2026,1,바이러스병(발생면적율),경상북도,0.0
202600204FC01010101322001,논벼,기본조사,벼관찰포,2026,1,이화명나방(발생추정면적),경상북도,0.0
202600204FC01010101322001,논벼,기본조사,벼관찰포,2026,1,이화명나방(감수율),경상북도,0.0
202600204FC01010101322001,논벼,기본조사,벼관찰포,2026,1,이화명나방(피해율),경상북도,0.0
202600204FC01010101322001,논벼,기본조사,벼관찰포,2026,1,이화명나방(발생면적율),경상북도,0.0
202600204FC01010101322001,논벼,기본조사,벼관찰포,2026,1,혹명나방(발생추정면적),경상북도,0.0
202600204FC01010101322001,논벼,기본조사,벼관찰포,2026,1,혹명나방(감수율),경상북도,0.0
202600204FC01010101322001,논벼,기본조사,벼관찰포,2026,1,혹명나방(피해율),경상북도,0.0
202600204FC01010101322001,논벼,기본조사,벼관찰포,2026,1,혹명나방(발생면적율),경상북도,0.0
202600204FC01010101322001,논벼,기본조사,벼관찰포,2026,1,먹노린재(발생추정면적),경상북도,0.0
202600204FC01010101322001,논벼,기본조사,벼관찰포,2026,1,먹노린재(감수율),경상북도,0.0
202600204FC01010101322001,논벼,기본조사,벼관찰포,2026,1,먹노린재(피해율),경상북도,0.0
202600204FC01010101322001,논벼,기본조사,벼관찰포,2026,1,먹노린재(발생면적율),경상북도,0.0
202600204FC01010101322001,논벼,기본조사,벼관찰포,2026,1,벼멸구(발생추정면적),경상북도,0.0
202600204FC01010101322001,논벼,기본조사,벼관찰포,2026,1,벼멸구(감수율),경상북도,0.0
202600204FC01010101322001,논벼,기본조사,벼관찰포,2026,1,벼멸구(피해율),경상북도,0.0
202600204FC01010101322001,논벼,기본조사,벼관찰포,2026,1,벼멸구(발생면적율),경상북도,0.0
202600204FC01010101322001,논벼,기본조사,벼관찰포,2026,1,흰등멸구(발생추정면적),경상북도,0.0
202600204FC01010101322001,논벼,기본조사,벼관찰포,2026,1,흰등멸구(감수율),경상북도,0.0
202600204FC01010101322001,논벼,기본조사,벼관찰포,2026,1,흰등멸구(피해율),경상북도,0.0
202600204FC01010101322001,논벼,기본조사,벼관찰포,2026,1,흰등멸구(발생면적율),경상북도,0.0
202600204FC01010101322001,논벼,기본조사,벼관찰포,2026,1,잎집무늬마름병(발생추정면적),경상북도,0.0
202600204FC01010101322001,논벼,기본조사,벼관찰포,2026,1,잎집무늬마름병(감수율),경상북도,0.0
202600204FC01010101322001,논벼,기본조사,벼관찰포,2026,1,잎집무늬마름병(피해율),경상북도,0.0
202600204FC01010101322001,논벼,기본조사,벼관찰포,2026,1,잎집무늬마름병(발생면적율),경상북도,0.0
202600204FC01010101322001,논벼,기본조사,벼관찰포,2026,1,키다리병(발생추정면적),경상북도,0.0
202600204FC01010101322001,논벼,기본조사,벼관찰포,2026,1,키다리병(감수율),경상북도,0.0
202600204FC01010101322001,논벼,기본조사,벼관찰포,2026,1,키다리병(피해율),경상북도,0.0
202600204FC01010101322001,논벼,기본조사,벼관찰포,2026,1,키다리병(발생면적율),경상북도,0.0
202600204FC01010101322001,논벼,기본조사,벼관찰포,2026,1,이삭누룩병(발생추정면적),경상북도,0.0
202600204FC01010101322001,논벼,기본조사,벼관찰포,2026,1,이삭누룩병(감수율),경상북도,0.0
202600204FC01010101322001,논벼,기본조사,벼관찰포,2026,1,이삭누룩병(피해율),경상북도,0.0
202600204FC01010101322001,논벼,기본조사,벼관찰포,2026,1,이삭누룩병(발생면적율),경상북도,0.0
202600204FC01010101322001,논벼,기본조사,벼관찰포,2026,1,벼잎벌레(발생추정면적),경상북도,0.0
202600204FC01010101322001,논벼,기본조사,벼관찰포,2026,1,벼잎벌레(감수율),경상북도,0.0
202600204FC01010101322001,논벼,기본조사,벼관찰포,2026,1,벼잎벌레(피해율),경상북도,0.0
202600204FC01010101322001,논벼,기본조사,벼관찰포,2026,1,벼잎벌레(발생면적율),경상북도,0.0
202600204FC01010101322001,논벼,기본조사,벼관찰포,2026,1,벼애나방(발생추정면적),경상북도,0.0
202600204FC01010101322001,논벼,기본조사,벼관찰포,2026,1,벼애나방(감수율),경상북도,0.0
202600204FC01010101322001,논벼,기본조사,벼관찰포,2026,1,벼애나방(피해율),경상북도,0.0
202600204FC01010101322001,논벼,기본조사,벼관찰포,2026,1,벼애나방(발생면적율),경상북도,0.0
202600204FC01010101322001,논벼,기본조사,벼관찰포,2026,1,벼애잎굴파리(발생추정면적),경상북도,125.38
202600204FC01010101322001,논벼,기본조사,벼관찰포,2026,1,벼애잎굴파리(감수율),경상북도,0.002
202600204FC01010101322001,논벼,기본조사,벼관찰포,2026,1,벼애잎굴파리(피해율),경상북도,0.008
202600204FC01010101322001,논벼,기본조사,벼관찰포,2026,1,벼애잎굴파리(발생면적율),경상북도,0.152
202600204FC01010101322001,논벼,기본조사,벼관찰포,2026,1,벼줄기굴파리(발생추정면적),경상북도,219.415
202600204FC01010101322001,논벼,기본조사,벼관찰포,2026,1,벼줄기굴파리(감수율),경상북도,0.005
202600204FC01010101322001,논벼,기본조사,벼관찰포,2026,1,벼줄기굴파리(피해율),경상북도,0.025
202600204FC01010101322001,논벼,기본조사,벼관찰포,2026,1,벼줄기굴파리(발생면적율),경상북도,0.266
202600204FC01010101322001,논벼,기본조사,벼관찰포,2026,1,벼물바구미(발생추정면적),경상북도,460.77
202600204FC01010101322001,논벼,기본조사,벼관찰포,2026,1,벼물바구미(감수율),경상북도,0.007
202600204FC01010101322001,논벼,기본조사,벼관찰포,2026,1,벼물바구미(피해율),경상북도,0.027
202600204FC01010101322001,논벼,기본조사,벼관찰포,2026,1,벼물바구미(발생면적율),경상북도,0.559
202600204FC01010101322001,논벼,기본조사,벼관찰포,2026,1,애멸구(발생추정면적),경상북도,0.0
202600204FC01010101322001,논벼,기본조사,벼관찰포,2026,1,애멸구(감수율),경상북도,0.0
202600204FC01010101322001,논벼,기본조사,벼관찰포,2026,1,애멸구(피해율),경상북도,0.0
202600204FC01010101322001,논벼,기본조사,벼관찰포,2026,1,애멸구(발생면적율),경상북도,0.0
202600204FC01010101322001,논벼,기본조사,벼관찰포,2026,1,끝동매미충(발생추정면적),경상북도,0.0
202600204FC01010101322001,논벼,기본조사,벼관찰포,2026,1,끝동매미충(감수율),경상북도,0.0
202600204FC01010101322001,논벼,기본조사,벼관찰포,2026,1,끝동매미충(피해율),경상북도,0.0
202600204FC01010101322001,논벼,기본조사,벼관찰포,2026,1,끝동매미충(발생면적율),경상북도,0.0
202600204FC01010101322001,논벼,기본조사,벼관찰포,2026,1,멸강나방(발생추정면적),경상북도,0.0
202600204FC01010101322001,논벼,기본조사,벼관찰포,2026,1,멸강나방(감수율),경상북도,0.0
202600204FC01010101322001,논벼,기본조사,벼관찰포,2026,1,멸강나방(피해율),경상북도,0.0
202600204FC01010101322001,논벼,기본조사,벼관찰포,2026,1,멸강나방(발생면적율),경상북도,0.0
202600204FC01010101322001,논벼,기본조사,벼관찰포,2026,1,벼잎선충(발생추정면적),경상북도,0.0
202600204FC01010101322001,논벼,기본조사,벼관찰포,2026,1,벼잎선충(감수율),경상북도,0.0
202600204FC01010101322001,논벼,기본조사,벼관찰포,2026,1,벼잎선충(피해율),경상북도,0.0
202600204FC01010101322001,논벼,기본조사,벼관찰포,2026,1,벼잎선충(발생면적율),경상북도,0.0
202600204FC01010101322001,논벼,기본조사,벼관찰포,2026,1,잎도열병(발생추정면적),경상남도,0.0
202600204FC01010101322001,논벼,기본조사,벼관찰포,2026,1,잎도열병(감수율),경상남도,0.0
202600204FC01010101322001,논벼,기본조사,벼관찰포,2026,1,잎도열병(피해율),경상남도,0.0
202600204FC01010101322001,논벼,기본조사,벼관찰포,2026,1,잎도열병(발생면적율),경상남도,0.0
202600204FC01010101322001,논벼,기본조사,벼관찰포,2026,1,이삭도열병(발생추정면적),경상남도,0.0
202600204FC01010101322001,논벼,기본조사,벼관찰포,2026,1,이삭도열병(감수율),경상남도,0.0
202600204FC01010101322001,논벼,기본조사,벼관찰포,2026,1,이삭도열병(피해율),경상남도,0.0
202600204FC01010101322001,논벼,기본조사,벼관찰포,2026,1,이삭도열병(발생면적율),경상남도,0.0
202600204FC01010101322001,논벼,기본조사,벼관찰포,2026,1,세균벼알마름병(발생추정면적),경상남도,0.0
202600204FC01010101322001,논벼,기본조사,벼관찰포,2026,1,세균벼알마름병(감수율),경상남도,0.0
202600204FC01010101322001,논벼,기본조사,벼관찰포,2026,1,세균벼알마름병(피해율),경상남도,0.0
202600204FC01010101322001,논벼,기본조사,벼관찰포,2026,1,세균벼알마름병(발생면적율),경상남도,0.0
202600204FC01010101322001,논벼,기본조사,벼관찰포,2026,1,흰잎마름병(발생추정면적),경상남도,0.0
202600204FC01010101322001,논벼,기본조사,벼관찰포,2026,1,흰잎마름병(감수율),경상남도,0.0
202600204FC01010101322001,논벼,기본조사,벼관찰포,2026,1,흰잎마름병(피해율),경상남도,0.0
202600204FC01010101322001,논벼,기본조사,벼관찰포,2026,1,흰잎마름병(발생면적율),경상남도,0.0
202600204FC01010101322001,논벼,기본조사,벼관찰포,2026,1,깨씨무늬병(발생추정면적),경상남도,0.0
202600204FC01010101322001,논벼,기본조사,벼관찰포,2026,1,깨씨무늬병(감수율),경상남도,0.0
202600204FC01010101322001,논벼,기본조사,벼관찰포,2026,1,깨씨무늬병(피해율),경상남도,0.0
202600204FC01010101322001,논벼,기본조사,벼관찰포,2026,1,깨씨무늬병(발생면적율),경상남도,0.0
202600204FC01010101322001,논벼,기본조사,벼관찰포,2026,1,바이러스병(발생추정면적),경상남도,0.0
202600204FC01010101322001,논벼,기본조사,벼관찰포,2026,1,바이러스병(감수율),경상남도,0.0
202600204FC01010101322001,논벼,기본조사,벼관찰포,2026,1,바이러스병(피해율),경상남도,0.0
202600204FC01010101322001,논벼,기본조사,벼관찰포,2026,1,바이러스병(발생면적율),경상남도,0.0
202600204FC01010101322001,논벼,기본조사,벼관찰포,2026,1,이화명나방(발생추정면적),경상남도,0.0
202600204FC01010101322001,논벼,기본조사,벼관찰포,2026,1,이화명나방(감수율),경상남도,0.0
202600204FC01010101322001,논벼,기본조사,벼관찰포,2026,1,이화명나방(피해율),경상남도,0.0
202600204FC01010101322001,논벼,기본조사,벼관찰포,2026,1,이화명나방(발생면적율),경상남도,0.0
202600204FC01010101322001,논벼,기본조사,벼관찰포,2026,1,혹명나방(발생추정면적),경상남도,0.0
202600204FC01010101322001,논벼,기본조사,벼관찰포,2026,1,혹명나방(감수율),경상남도,0.0
202600204FC01010101322001,논벼,기본조사,벼관찰포,2026,1,혹명나방(피해율),경상남도,0.0
202600204FC01010101322001,논벼,기본조사,벼관찰포,2026,1,혹명나방(발생면적율),경상남도,0.0
202600204FC01010101322001,논벼,기본조사,벼관찰포,2026,1,먹노린재(발생추정면적),경상남도,0.0
202600204FC01010101322001,논벼,기본조사,벼관찰포,2026,1,먹노린재(감수율),경상남도,0.0
202600204FC01010101322001,논벼,기본조사,벼관찰포,2026,1,먹노린재(피해율),경상남도,0.0
202600204FC01010101322001,논벼,기본조사,벼관찰포,2026,1,먹노린재(발생면적율),경상남도,0.0
202600204FC01010101322001,논벼,기본조사,벼관찰포,2026,1,벼멸구(발생추정면적),경상남도,0.0
202600204FC01010101322001,논벼,기본조사,벼관찰포,2026,1,벼멸구(감수율),경상남도,0.0
202600204FC01010101322001,논벼,기본조사,벼관찰포,2026,1,벼멸구(피해율),경상남도,0.0
202600204FC01010101322001,논벼,기본조사,벼관찰포,2026,1,벼멸구(발생면적율),경상남도,0.0
202600204FC01010101322001,논벼,기본조사,벼관찰포,2026,1,흰등멸구(발생추정면적),경상남도,0.0
202600204FC01010101322001,논벼,기본조사,벼관찰포,2026,1,흰등멸구(감수율),경상남도,0.0
202600204FC01010101322001,논벼,기본조사,벼관찰포,2026,1,흰등멸구(피해율),경상남도,0.0
202600204FC01010101322001,논벼,기본조사,벼관찰포,2026,1,흰등멸구(발생면적율),경상남도,0.0
202600204FC01010101322001,논벼,기본조사,벼관찰포,2026,1,잎집무늬마름병(발생추정면적),경상남도,0.0
202600204FC01010101322001,논벼,기본조사,벼관찰포,2026,1,잎집무늬마름병(감수율),경상남도,0.0
202600204FC01010101322001,논벼,기본조사,벼관찰포,2026,1,잎집무늬마름병(피해율),경상남도,0.0
202600204FC01010101322001,논벼,기본조사,벼관찰포,2026,1,잎집무늬마름병(발생면적율),경상남도,0.0
202600204FC01010101322001,논벼,기본조사,벼관찰포,2026,1,키다리병(발생추정면적),경상남도,0.0
202600204FC01010101322001,논벼,기본조사,벼관찰포,2026,1,키다리병(감수율),경상남도,0.0
202600204FC01010101322001,논벼,기본조사,벼관찰포,2026,1,키다리병(피해율),경상남도,0.0
202600204FC01010101322001,논벼,기본조사,벼관찰포,2026,1,키다리병(발생면적율),경상남도,0.0
202600204FC01010101322001,논벼,기본조사,벼관찰포,2026,1,이삭누룩병(발생추정면적),경상남도,0.0
202600204FC01010101322001,논벼,기본조사,벼관찰포,2026,1,이삭누룩병(감수율),경상남도,0.0
202600204FC01010101322001,논벼,기본조사,벼관찰포,2026,1,이삭누룩병(피해율),경상남도,0.0
202600204FC01010101322001,논벼,기본조사,벼관찰포,2026,1,이삭누룩병(발생면적율),경상남도,0.0
202600204FC01010101322001,논벼,기본조사,벼관찰포,2026,1,벼잎벌레(발생추정면적),경상남도,0.0
202600204FC01010101322001,논벼,기본조사,벼관찰포,2026,1,벼잎벌레(감수율),경상남도,0.0
202600204FC01010101322001,논벼,기본조사,벼관찰포,2026,1,벼잎벌레(피해율),경상남도,0.0
202600204FC01010101322001,논벼,기본조사,벼관찰포,2026,1,벼잎벌레(발생면적율),경상남도,0.0
202600204FC01010101322001,논벼,기본조사,벼관찰포,2026,1,벼애나방(발생추정면적),경상남도,0.0
202600204FC01010101322001,논벼,기본조사,벼관찰포,2026,1,벼애나방(감수율),경상남도,0.0
202600204FC01010101322001,논벼,기본조사,벼관찰포,2026,1,벼애나방(피해율),경상남도,0.0
202600204FC01010101322001,논벼,기본조사,벼관찰포,2026,1,벼애나방(발생면적율),경상남도,0.0
202600204FC01010101322001,논벼,기본조사,벼관찰포,2026,1,벼애잎굴파리(발생추정면적),경상남도,0.0
202600204FC01010101322001,논벼,기본조사,벼관찰포,2026,1,벼애잎굴파리(감수율),경상남도,0.0
202600204FC01010101322001,논벼,기본조사,벼관찰포,2026,1,벼애잎굴파리(피해율),경상남도,0.0
202600204FC01010101322001,논벼,기본조사,벼관찰포,2026,1,벼애잎굴파리(발생면적율),경상남도,0.0
202600204FC01010101322001,논벼,기본조사,벼관찰포,2026,1,벼줄기굴파리(발생추정면적),경상남도,0.0
202600204FC01010101322001,논벼,기본조사,벼관찰포,2026,1,벼줄기굴파리(감수율),경상남도,0.0
202600204FC01010101322001,논벼,기본조사,벼관찰포,2026,1,벼줄기굴파리(피해율),경상남도,0.0
202600204FC01010101322001,논벼,기본조사,벼관찰포,2026,1,벼줄기굴파리(발생면적율),경상남도,0.0
202600204FC01010101322001,논벼,기본조사,벼관찰포,2026,1,벼물바구미(발생추정면적),경상남도,0.0
202600204FC01010101322001,논벼,기본조사,벼관찰포,2026,1,벼물바구미(감수율),경상남도,0.0
202600204FC01010101322001,논벼,기본조사,벼관찰포,2026,1,벼물바구미(피해율),경상남도,0.0
202600204FC01010101322001,논벼,기본조사,벼관찰포,2026,1,벼물바구미(발생면적율),경상남도,0.0
202600204FC01010101322001,논벼,기본조사,벼관찰포,2026,1,애멸구(발생추정면적),경상남도,0.0
202600204FC01010101322001,논벼,기본조사,벼관찰포,2026,1,애멸구(감수율),경상남도,0.0
202600204FC01010101322001,논벼,기본조사,벼관찰포,2026,1,애멸구(피해율),경상남도,0.0
202600204FC01010101322001,논벼,기본조사,벼관찰포,2026,1,애멸구(발생면적율),경상남도,0.0
202600204FC01010101322001,논벼,기본조사,벼관찰포,2026,1,끝동매미충(발생추정면적),경상남도,0.0
202600204FC01010101322001,논벼,기본조사,벼관찰포,2026,1,끝동매미충(감수율),경상남도,0.0
202600204FC01010101322001,논벼,기본조사,벼관찰포,2026,1,끝동매미충(피해율),경상남도,0.0
202600204FC01010101322001,논벼,기본조사,벼관찰포,2026,1,끝동매미충(발생면적율),경상남도,0.0
202600204FC01010101322001,논벼,기본조사,벼관찰포,2026,1,멸강나방(발생추정면적),경상남도,0.0
202600204FC01010101322001,논벼,기본조사,벼관찰포,2026,1,멸강나방(감수율),경상남도,0.0
202600204FC01010101322001,논벼,기본조사,벼관찰포,2026,1,멸강나방(피해율),경상남도,0.0
202600204FC01010101322001,논벼,기본조사,벼관찰포,2026,1,멸강나방(발생면적율),경상남도,0.0
202600204FC01010101322001,논벼,기본조사,벼관찰포,2026,1,벼잎선충(발생추정면적),경상남도,0.0
202600204FC01010101322001,논벼,기본조사,벼관찰포,2026,1,벼잎선충(감수율),경상남도,0.0
202600204FC01010101322001,논벼,기본조사,벼관찰포,2026,1,벼잎선충(피해율),경상남도,0.0
202600204FC01010101322001,논벼,기본조사,벼관찰포,2026,1,벼잎선충(발생면적율),경상남도,0.0
202600209FC02020101305006,보리,기본조사,관찰포,2026,6,붉은곰팡이병(피해이삭율),충청북도,0.0
202600209FC02020101305006,보리,기본조사,관찰포,2026,6,깜부기병(피해이삭율),충청북도,10.0
202600209FC02020101305006,보리,기본조사,관찰포,2026,6,줄무늬병(피해주율),충청북도,0.0
202600209FC02020101305006,보리,기본조사,관찰포,2026,6,흰가루병(피해주율),충청북도,0.0
202600209FC02020101305006,보리,기본조사,관찰포,2026,6,녹병(피해주율),충청북도,0.0
202600209FC02020101305006,보리,기본조사,관찰포,2026,6,바이러스병(피해주율),충청북도,0.0
202600209FC02020101305006,보리,기본조사,관찰포,2026,6,잎집눈무늬병(피해주율),충청북도,0.0
202600209FC02020101305006,보리,기본조사,관찰포,2026,6,멸강나방_유충(밀도),충청북도,0.0
202600209FC02020101305006,보리,기본조사,관찰포,2026,6,보리굴파리(피해잎율),충청북도,0.0
202600209FC02020101305006,보리,기본조사,관찰포,2026,6,진딧물류(피해잎율),충청북도,0.0
202600209FC02020101305006,보리,기본조사,관찰포,2026,6,붉은곰팡이병(피해이삭율),충청남도,0.0
202600209FC02020101305006,보리,기본조사,관찰포,2026,6,깜부기병(피해이삭율),충청남도,0.2
202600209FC02020101305006,보리,기본조사,관찰포,2026,6,줄무늬병(피해주율),충청남도,0.0
202600209FC02020101305006,보리,기본조사,관찰포,2026,6,흰가루병(피해주율),충청남도,0.0
202600209FC02020101305006,보리,기본조사,관찰포,2026,6,녹병(피해주율),충청남도,0.0
202600209FC02020101305006,보리,기본조사,관찰포,2026,6,바이러스병(피해주율),충청남도,0.0
202600209FC02020101305006,보리,기본조사,관찰포,2026,6,잎집눈무늬병(피해주율),충청남도,0.0
202600209FC02020101305006,보리,기본조사,관찰포,2026,6,멸강나방_유충(밀도),충청남도,0.0
202600209FC02020101305006,보리,기본조사,관찰포,2026,6,보리굴파리(피해잎율),충청남도,0.0
202600209FC02020101305006,보리,기본조사,관찰포,2026,6,진딧물류(피해잎율),충청남도,0.0
202600209FC02020101305006,보리,기본조사,관찰포,2026,6,붉은곰팡이병(피해이삭율),전북특별자치도,0.392
202600209FC02020101305006,보리,기본조사,관찰포,2026,6,깜부기병(피해이삭율),전북특별자치도,0.392
202600209FC02020101305006,보리,기본조사,관찰포,2026,6,줄무늬병(피해주율),전북특별자치도,0.0
202600209FC02020101305006,보리,기본조사,관찰포,2026,6,흰가루병(피해주율),전북특별자치도,0.0
202600209FC02020101305006,보리,기본조사,관찰포,2026,6,녹병(피해주율),전북특별자치도,0.0
202600209FC02020101305006,보리,기본조사,관찰포,2026,6,바이러스병(피해주율),전북특별자치도,0.0
202600209FC02020101305006,보리,기본조사,관찰포,2026,6,잎집눈무늬병(피해주율),전북특별자치도,0.0
202600209FC02020101305006,보리,기본조사,관찰포,2026,6,멸강나방_유충(밀도),전북특별자치도,0.0
202600209FC02020101305006,보리,기본조사,관찰포,2026,6,보리굴파리(피해잎율),전북특별자치도,0.0
202600209FC02020101305006,보리,기본조사,관찰포,2026,6,진딧물류(피해잎율),전북특별자치도,0.431
202600209FC02020101305006,보리,기본조사,관찰포,2026,6,붉은곰팡이병(피해이삭율),전남광주통합특별시,0.831
202600209FC02020101305006,보리,기본조사,관찰포,2026,6,깜부기병(피해이삭율),전남광주통합특별시,0.062
202600209FC02020101305006,보리,기본조사,관찰포,2026,6,줄무늬병(피해주율),전남광주통합특별시,0.0
202600209FC02020101305006,보리,기본조사,관찰포,2026,6,흰가루병(피해주율),전남광주통합특별시,0.0
202600209FC02020101305006,보리,기본조사,관찰포,2026,6,녹병(피해주율),전남광주통합특별시,0.0
202600209FC02020101305006,보리,기본조사,관찰포,2026,6,바이러스병(피해주율),전남광주통합특별시,0.0
202600209FC02020101305006,보리,기본조사,관찰포,2026,6,잎집눈무늬병(피해주율),전남광주통합특별시,0.0
202600209FC02020101305006,보리,기본조사,관찰포,2026,6,멸강나방_유충(밀도),전남광주통합특별시,0.0
202600209FC02020101305006,보리,기본조사,관찰포,2026,6,보리굴파리(피해잎율),전남광주통합특별시,0.0
202600209FC02020101305006,보리,기본조사,관찰포,2026,6,진딧물류(피해잎율),전남광주통합특별시,0.0
202600209FC02020101305006,보리,기본조사,관찰포,2026,6,붉은곰팡이병(피해이삭율),경상북도,0.0
202600209FC02020101305006,보리,기본조사,관찰포,2026,6,깜부기병(피해이삭율),경상북도,0.0
202600209FC02020101305006,보리,기본조사,관찰포,2026,6,줄무늬병(피해주율),경상북도,0.0
202600209FC02020101305006,보리,기본조사,관찰포,2026,6,흰가루병(피해주율),경상북도,0.0
202600209FC02020101305006,보리,기본조사,관찰포,2026,6,녹병(피해주율),경상북도,0.0
202600209FC02020101305006,보리,기본조사,관찰포,2026,6,바이러스병(피해주율),경상북도,0.0
202600209FC02020101305006,보리,기본조사,관찰포,2026,6,잎집눈무늬병(피해주율),경상북도,0.0
202600209FC02020101305006,보리,기본조사,관찰포,2026,6,멸강나방_유충(밀도),경상북도,0.0
202600209FC02020101305006,보리,기본조사,관찰포,2026,6,보리굴파리(피해잎율),경상북도,0.0
202600209FC02020101305006,보리,기본조사,관찰포,2026,6,진딧물류(피해잎율),경상북도,0.0
202600209FC02020101305006,보리,기본조사,관찰포,2026,6,붉은곰팡이병(피해이삭율),경상남도,0.0
202600209FC02020101305006,보리,기본조사,관찰포,2026,6,깜부기병(피해이삭율),경상남도,1.759
202600209FC02020101305006,보리,기본조사,관찰포,2026,6,줄무늬병(피해주율),경상남도,0.0
202600209FC02020101305006,보리,기본조사,관찰포,2026,6,흰가루병(피해주율),경상남도,0.0
202600209FC02020101305006,보리,기본조사,관찰포,2026,6,녹병(피해주율),경상남도,0.0
202600209FC02020101305006,보리,기본조사,관찰포,2026,6,바이러스병(피해주율),경상남도,0.0
202600209FC02020101305006,보리,기본조사,관찰포,2026,6,잎집눈무늬병(피해주율),경상남도,0.0
202600209FC02020101305006,보리,기본조사,관찰포,2026,6,멸강나방_유충(밀도),경상남도,0.0
202600209FC02020101305006,보리,기본조사,관찰포,2026,6,보리굴파리(피해잎율),경상남도,0.0
202600209FC02020101305006,보리,기본조사,관찰포,2026,6,진딧물류(피해잎율),경상남도,0.0
202600209FC03030101322001,콩,기본조사,관찰포,2026,1,바이러스(피해주율),경기도,0.0
202600209FC03030101322001,콩,기본조사,관찰포,2026,1,점무늬병(피해잎율),경기도,0.0
202600209FC03030101322001,콩,기본조사,관찰포,2026,1,세균병(피해잎율),경기도,0.0
202600209FC03030101322001,콩,기본조사,관찰포,2026,1,탄저병(피해협율),경기도,0.0
202600209FC03030101322001,콩,기본조사,관찰포,2026,1,파밤나방(밀도),경기도,0.0
202600209FC03030101322001,콩,기본조사,관찰포,2026,1,담배거세미나방(밀도),경기도,0.0
202600209FC03030101322001,콩,기본조사,관찰포,2026,1,파밤나방(트랩마리수),경기도,0.0
202600209FC03030101322001,콩,기본조사,관찰포,2026,1,담배거세미나방(트랩마리수),경기도,0.0
202600209FC03030101322001,콩,기본조사,관찰포,2026,1,톱다리개미허리노린재(트랩마리수),경기도,0.0
202600209FC03030101322001,콩,기본조사,관찰포,2026,1,콩꼬투리혹파리(피해협율),경기도,0.0
202600209FC03030101322001,콩,기본조사,관찰포,2026,1,역병(피해주율),경기도,0.0
202600209FC03030101322001,콩,기본조사,관찰포,2026,1,바이러스(피해주율),강원특별자치도,0.0
202600209FC03030101322001,콩,기본조사,관찰포,2026,1,점무늬병(피해잎율),강원특별자치도,0.0
202600209FC03030101322001,콩,기본조사,관찰포,2026,1,세균병(피해잎율),강원특별자치도,0.0
202600209FC03030101322001,콩,기본조사,관찰포,2026,1,탄저병(피해협율),강원특별자치도,0.0
202600209FC03030101322001,콩,기본조사,관찰포,2026,1,파밤나방(밀도),강원특별자치도,0.0
202600209FC03030101322001,콩,기본조사,관찰포,2026,1,담배거세미나방(밀도),강원특별자치도,0.0
202600209FC03030101322001,콩,기본조사,관찰포,2026,1,파밤나방(트랩마리수),강원특별자치도,0.0
202600209FC03030101322001,콩,기본조사,관찰포,2026,1,담배거세미나방(트랩마리수),강원특별자치도,0.0
202600209FC03030101322001,콩,기본조사,관찰포,2026,1,톱다리개미허리노린재(트랩마리수),강원특별자치도,0.0
202600209FC03030101322001,콩,기본조사,관찰포,2026,1,콩꼬투리혹파리(피해협율),강원특별자치도,0.0
202600209FC03030101322001,콩,기본조사,관찰포,2026,1,역병(피해주율),강원특별자치도,0.0
202600209FC03030101322001,콩,기본조사,관찰포,2026,1,바이러스(피해주율),충청북도,0.0
202600209FC03030101322001,콩,기본조사,관찰포,2026,1,점무늬병(피해잎율),충청북도,0.0
202600209FC03030101322001,콩,기본조사,관찰포,2026,1,세균병(피해잎율),충청북도,0.0
202600209FC03030101322001,콩,기본조사,관찰포,2026,1,탄저병(피해협율),충청북도,0.0
202600209FC03030101322001,콩,기본조사,관찰포,2026,1,파밤나방(밀도),충청북도,0.0
202600209FC03030101322001,콩,기본조사,관찰포,2026,1,담배거세미나방(밀도),충청북도,0.0
202600209FC03030101322001,콩,기본조사,관찰포,2026,1,파밤나방(트랩마리수),충청북도,0.0
202600209FC03030101322001,콩,기본조사,관찰포,2026,1,담배거세미나방(트랩마리수),충청북도,0.0
202600209FC03030101322001,콩,기본조사,관찰포,2026,1,톱다리개미허리노린재(트랩마리수),충청북도,0.0
202600209FC03030101322001,콩,기본조사,관찰포,2026,1,콩꼬투리혹파리(피해협율),충청북도,0.0
202600209FC03030101322001,콩,기본조사,관찰포,2026,1,역병(피해주율),충청북도,0.0
202600209FC03030101322001,콩,기본조사,관찰포,2026,1,바이러스(피해주율),충청남도,0.0
202600209FC03030101322001,콩,기본조사,관찰포,2026,1,점무늬병(피해잎율),충청남도,0.0
202600209FC03030101322001,콩,기본조사,관찰포,2026,1,세균병(피해잎율),충청남도,0.0
202600209FC03030101322001,콩,기본조사,관찰포,2026,1,탄저병(피해협율),충청남도,0.0
202600209FC03030101322001,콩,기본조사,관찰포,2026,1,파밤나방(밀도),충청남도,0.0
202600209FC03030101322001,콩,기본조사,관찰포,2026,1,담배거세미나방(밀도),충청남도,0.0
202600209FC03030101322001,콩,기본조사,관찰포,2026,1,파밤나방(트랩마리수),충청남도,0.0
202600209FC03030101322001,콩,기본조사,관찰포,2026,1,담배거세미나방(트랩마리수),충청남도,0.0
202600209FC03030101322001,콩,기본조사,관찰포,2026,1,톱다리개미허리노린재(트랩마리수),충청남도,0.0
202600209FC03030101322001,콩,기본조사,관찰포,2026,1,콩꼬투리혹파리(피해협율),충청남도,0.0
202600209FC03030101322001,콩,기본조사,관찰포,2026,1,역병(피해주율),충청남도,0.0
202600209FC03030101322001,콩,기본조사,관찰포,2026,1,바이러스(피해주율),전북특별자치도,0.0
202600209FC03030101322001,콩,기본조사,관찰포,2026,1,점무늬병(피해잎율),전북특별자치도,0.0
202600209FC03030101322001,콩,기본조사,관찰포,2026,1,세균병(피해잎율),전북특별자치도,0.0
202600209FC03030101322001,콩,기본조사,관찰포,2026,1,탄저병(피해협율),전북특별자치도,0.0
202600209FC03030101322001,콩,기본조사,관찰포,2026,1,파밤나방(밀도),전북특별자치도,0.0
202600209FC03030101322001,콩,기본조사,관찰포,2026,1,담배거세미나방(밀도),전북특별자치도,0.0
202600209FC03030101322001,콩,기본조사,관찰포,2026,1,파밤나방(트랩마리수),전북특별자치도,0.25
202600209FC03030101322001,콩,기본조사,관찰포,2026,1,담배거세미나방(트랩마리수),전북특별자치도,0.0
202600209FC03030101322001,콩,기본조사,관찰포,2026,1,톱다리개미허리노린재(트랩마리수),전북특별자치도,0.0
202600209FC03030101322001,콩,기본조사,관찰포,2026,1,콩꼬투리혹파리(피해협율),전북특별자치도,0.0
202600209FC03030101322001,콩,기본조사,관찰포,2026,1,역병(피해주율),전북특별자치도,0.0
202600209FC03030101322001,콩,기본조사,관찰포,2026,1,바이러스(피해주율),전남광주통합특별시,0.0
202600209FC03030101322001,콩,기본조사,관찰포,2026,1,점무늬병(피해잎율),전남광주통합특별시,0.0
202600209FC03030101322001,콩,기본조사,관찰포,2026,1,세균병(피해잎율),전남광주통합특별시,0.0
202600209FC03030101322001,콩,기본조사,관찰포,2026,1,탄저병(피해협율),전남광주통합특별시,0.0
202600209FC03030101322001,콩,기본조사,관찰포,2026,1,파밤나방(밀도),전남광주통합특별시,0.0
202600209FC03030101322001,콩,기본조사,관찰포,2026,1,담배거세미나방(밀도),전남광주통합특별시,0.0
202600209FC03030101322001,콩,기본조사,관찰포,2026,1,파밤나방(트랩마리수),전남광주통합특별시,0.0
202600209FC03030101322001,콩,기본조사,관찰포,2026,1,담배거세미나방(트랩마리수),전남광주통합특별시,0.0
202600209FC03030101322001,콩,기본조사,관찰포,2026,1,톱다리개미허리노린재(트랩마리수),전남광주통합특별시,0.0
202600209FC03030101322001,콩,기본조사,관찰포,2026,1,콩꼬투리혹파리(피해협율),전남광주통합특별시,0.0
202600209FC03030101322001,콩,기본조사,관찰포,2026,1,역병(피해주율),전남광주통합특별시,0.0
202600209FC03030101322001,콩,기본조사,관찰포,2026,1,바이러스(피해주율),경상북도,0.0
202600209FC03030101322001,콩,기본조사,관찰포,2026,1,점무늬병(피해잎율),경상북도,0.0
202600209FC03030101322001,콩,기본조사,관찰포,2026,1,세균병(피해잎율),경상북도,0.0
202600209FC03030101322001,콩,기본조사,관찰포,2026,1,탄저병(피해협율),경상북도,0.0
202600209FC03030101322001,콩,기본조사,관찰포,2026,1,파밤나방(밀도),경상북도,0.0
202600209FC03030101322001,콩,기본조사,관찰포,2026,1,담배거세미나방(밀도),경상북도,0.0
202600209FC03030101322001,콩,기본조사,관찰포,2026,1,파밤나방(트랩마리수),경상북도,0.0
202600209FC03030101322001,콩,기본조사,관찰포,2026,1,담배거세미나방(트랩마리수),경상북도,0.0
202600209FC03030101322001,콩,기본조사,관찰포,2026,1,톱다리개미허리노린재(트랩마리수),경상북도,0.0
202600209FC03030101322001,콩,기본조사,관찰포,2026,1,콩꼬투리혹파리(피해협율),경상북도,0.0
202600209FC03030101322001,콩,기본조사,관찰포,2026,1,역병(피해주율),경상북도,0.0
202600209FC03030101322001,콩,기본조사,관찰포,2026,1,바이러스(피해주율),경상남도,0.0
202600209FC03030101322001,콩,기본조사,관찰포,2026,1,점무늬병(피해잎율),경상남도,0.0
202600209FC03030101322001,콩,기본조사,관찰포,2026,1,세균병(피해잎율),경상남도,0.0
202600209FC03030101322001,콩,기본조사,관찰포,2026,1,탄저병(피해협율),경상남도,0.0
202600209FC03030101322001,콩,기본조사,관찰포,2026,1,파밤나방(밀도),경상남도,0.0
202600209FC03030101322001,콩,기본조사,관찰포,2026,1,담배거세미나방(밀도),경상남도,0.0
202600209FC03030101322001,콩,기본조사,관찰포,2026,1,파밤나방(트랩마리수),경상남도,0.0
202600209FC03030101322001,콩,기본조사,관찰포,2026,1,담배거세미나방(트랩마리수),경상남도,0.0
202600209FC03030101322001,콩,기본조사,관찰포,2026,1,톱다리개미허리노린재(트랩마리수),경상남도,0.0
202600209FC03030101322001,콩,기본조사,관찰포,2026,1,콩꼬투리혹파리(피해협율),경상남도,0.0
202600209FC03030101322001,콩,기본조사,관찰포,2026,1,역병(피해주율),경상남도,0.0
202600209FC03030101322001,콩,기본조사,관찰포,2026,1,바이러스(피해주율),제주특별자치도,0.0
202600209FC03030101322001,콩,기본조사,관찰포,2026,1,점무늬병(피해잎율),제주특별자치도,0.0
202600209FC03030101322001,콩,기본조사,관찰포,2026,1,세균병(피해잎율),제주특별자치도,0.0
202600209FC03030101322001,콩,기본조사,관찰포,2026,1,탄저병(피해협율),제주특별자치도,0.0
202600209FC03030101322001,콩,기본조사,관찰포,2026,1,파밤나방(밀도),제주특별자치도,0.0
202600209FC03030101322001,콩,기본조사,관찰포,2026,1,담배거세미나방(밀도),제주특별자치도,0.0
202600209FC03030101322001,콩,기본조사,관찰포,2026,1,파밤나방(트랩마리수),제주특별자치도,0.0
202600209FC03030101322001,콩,기본조사,관찰포,2026,1,담배거세미나방(트랩마리수),제주특별자치도,0.0
202600209FC03030101322001,콩,기본조사,관찰포,2026,1,톱다리개미허리노린재(트랩마리수),제주특별자치도,0.0
202600209FC03030101322001,콩,기본조사,관찰포,2026,1,콩꼬투리혹파리(피해협율),제주특별자치도,0.0
202600209FC03030101322001,콩,기본조사,관찰포,2026,1,역병(피해주율),제주특별자치도,0.0
202600209FT01060101322002,사과,기본조사,관찰포,2026,2,갈색무늬병(피해잎율),경기도,0.0
202600209FT01060101322002,사과,기본조사,관찰포,2026,2,점무늬낙엽병(피해잎율),경기도,0.0
202600209FT01060101322002,사과,기본조사,관찰포,2026,2,겹무늬썩음병(피해과율),경기도,0.0
202600209FT01060101322002,사과,기본조사,관찰포,2026,2,탄저병(피해과율),경기도,0.0
202600209FT01060101322002,사과,기본조사,관찰포,2026,2,부란병(피해주율),경기도,0.0
202600209FT01060101322002,사과,기본조사,관찰포,2026,2,응애류(밀도),경기도,0.0
202600209FT01060101322002,사과,기본조사,관찰포,2026,2,복숭아심식나방(피해과율),경기도,0.0
202600209FT01060101322002,사과,기본조사,관찰포,2026,2,복숭아순나방(피해신초율),경기도,0.25
202600209FT01060101322002,사과,기본조사,관찰포,2026,2,조팝나무진딧물(밀도),경기도,0.2
202600209FT01060101322002,사과,기본조사,관찰포,2026,2,노린재류(피해과율),경기도,0.0
202600209FT01060101322002,사과,기본조사,관찰포,2026,2,노린재류(트랩마리수),경기도,0.0
202600209FT01060101322002,사과,기본조사,관찰포,2026,2,복숭아순나방(트랩마리수),경기도,2.4
202600209FT01060101322002,사과,기본조사,관찰포,2026,2,복숭아심식나방(트랩마리수),경기도,0.8
202600209FT01060101322002,사과,기본조사,관찰포,2026,2,복숭아순나방붙이(트랩마리수),경기도,0.0
202600209FT01060101322002,사과,기본조사,관찰포,2026,2,사과굴나방(트랩마리수),경기도,32.5
202600209FT01060101322002,사과,기본조사,관찰포,2026,2,은무늬굴나방(트랩마리수),경기도,7.0
202600209FT01060101322002,사과,기본조사,관찰포,2026,2,사과무늬잎말이나방(트랩마리수),경기도,0.0
202600209FT01060101322002,사과,기본조사,관찰포,2026,2,사과애모무늬잎말이나방(트랩마리수),경기도,0.1
202600209FT01060101322002,사과,기본조사,관찰포,2026,2,붉은별무늬병(피해잎율),경기도,0.0
202600209FT01060101322002,사과,기본조사,관찰포,2026,2,역병(피해과율),경기도,0.0
202600209FT01060101322002,사과,기본조사,관찰포,2026,2,갈색무늬병(피해잎율),강원특별자치도,0.0
202600209FT01060101322002,사과,기본조사,관찰포,2026,2,점무늬낙엽병(피해잎율),강원특별자치도,0.33
202600209FT01060101322002,사과,기본조사,관찰포,2026,2,겹무늬썩음병(피해과율),강원특별자치도,0.0
202600209FT01060101322002,사과,기본조사,관찰포,2026,2,탄저병(피해과율),강원특별자치도,0.0
202600209FT01060101322002,사과,기본조사,관찰포,2026,2,부란병(피해주율),강원특별자치도,0.0
202600209FT01060101322002,사과,기본조사,관찰포,2026,2,응애류(밀도),강원특별자치도,0.13
202600209FT01060101322002,사과,기본조사,관찰포,2026,2,복숭아심식나방(피해과율),강원특별자치도,0.0
202600209FT01060101322002,사과,기본조사,관찰포,2026,2,복숭아순나방(피해신초율),강원특별자치도,0.25
202600209FT01060101322002,사과,기본조사,관찰포,2026,2,조팝나무진딧물(밀도),강원특별자치도,0.0
202600209FT01060101322002,사과,기본조사,관찰포,2026,2,노린재류(피해과율),강원특별자치도,0.0
202600209FT01060101322002,사과,기본조사,관찰포,2026,2,노린재류(트랩마리수),강원특별자치도,0.0
202600209FT01060101322002,사과,기본조사,관찰포,2026,2,복숭아순나방(트랩마리수),강원특별자치도,0.0
202600209FT01060101322002,사과,기본조사,관찰포,2026,2,복숭아심식나방(트랩마리수),강원특별자치도,0.0
202600209FT01060101322002,사과,기본조사,관찰포,2026,2,복숭아순나방붙이(트랩마리수),강원특별자치도,0.0
202600209FT01060101322002,사과,기본조사,관찰포,2026,2,사과굴나방(트랩마리수),강원특별자치도,0.0
202600209FT01060101322002,사과,기본조사,관찰포,2026,2,은무늬굴나방(트랩마리수),강원특별자치도,0.0
202600209FT01060101322002,사과,기본조사,관찰포,2026,2,사과무늬잎말이나방(트랩마리수),강원특별자치도,0.0
202600209FT01060101322002,사과,기본조사,관찰포,2026,2,사과애모무늬잎말이나방(트랩마리수),강원특별자치도,0.0
202600209FT01060101322002,사과,기본조사,관찰포,2026,2,붉은별무늬병(피해잎율),강원특별자치도,0.05
202600209FT01060101322002,사과,기본조사,관찰포,2026,2,역병(피해과율),강원특별자치도,0.0
202600209FT01060101322002,사과,기본조사,관찰포,2026,2,갈색무늬병(피해잎율),충청북도,0.5
202600209FT01060101322002,사과,기본조사,관찰포,2026,2,점무늬낙엽병(피해잎율),충청북도,1.25
202600209FT01060101322002,사과,기본조사,관찰포,2026,2,겹무늬썩음병(피해과율),충청북도,0.0
202600209FT01060101322002,사과,기본조사,관찰포,2026,2,탄저병(피해과율),충청북도,0.0
202600209FT01060101322002,사과,기본조사,관찰포,2026,2,부란병(피해주율),충청북도,4.0
202600209FT01060101322002,사과,기본조사,관찰포,2026,2,응애류(밀도),충청북도,0.0
202600209FT01060101322002,사과,기본조사,관찰포,2026,2,복숭아심식나방(피해과율),충청북도,0.25
202600209FT01060101322002,사과,기본조사,관찰포,2026,2,복숭아순나방(피해신초율),충청북도,3.5
202600209FT01060101322002,사과,기본조사,관찰포,2026,2,조팝나무진딧물(밀도),충청북도,0.18
202600209FT01060101322002,사과,기본조사,관찰포,2026,2,노린재류(피해과율),충청북도,0.0
202600209FT01060101322002,사과,기본조사,관찰포,2026,2,노린재류(트랩마리수),충청북도,4.8
202600209FT01060101322002,사과,기본조사,관찰포,2026,2,복숭아순나방(트랩마리수),충청북도,2.95
202600209FT01060101322002,사과,기본조사,관찰포,2026,2,복숭아심식나방(트랩마리수),충청북도,1.2
202600209FT01060101322002,사과,기본조사,관찰포,2026,2,복숭아순나방붙이(트랩마리수),충청북도,0.9
202600209FT01060101322002,사과,기본조사,관찰포,2026,2,사과굴나방(트랩마리수),충청북도,1.65
202600209FT01060101322002,사과,기본조사,관찰포,2026,2,은무늬굴나방(트랩마리수),충청북도,2.5
202600209FT01060101322002,사과,기본조사,관찰포,2026,2,사과무늬잎말이나방(트랩마리수),충청북도,1.4
202600209FT01060101322002,사과,기본조사,관찰포,2026,2,사과애모무늬잎말이나방(트랩마리수),충청북도,0.45
202600209FT01060101322002,사과,기본조사,관찰포,2026,2,붉은별무늬병(피해잎율),충청북도,0.0
202600209FT01060101322002,사과,기본조사,관찰포,2026,2,역병(피해과율),충청북도,0.0
202600209FT01060101322002,사과,기본조사,관찰포,2026,2,갈색무늬병(피해잎율),충청남도,1.764
202600209FT01060101322002,사과,기본조사,관찰포,2026,2,점무늬낙엽병(피해잎율),충청남도,0.329
202600209FT01060101322002,사과,기본조사,관찰포,2026,2,겹무늬썩음병(피해과율),충청남도,0.0
202600209FT01060101322002,사과,기본조사,관찰포,2026,2,탄저병(피해과율),충청남도,0.121
202600209FT01060101322002,사과,기본조사,관찰포,2026,2,부란병(피해주율),충청남도,2.143
202600209FT01060101322002,사과,기본조사,관찰포,2026,2,응애류(밀도),충청남도,0.079
202600209FT01060101322002,사과,기본조사,관찰포,2026,2,복숭아심식나방(피해과율),충청남도,0.0
202600209FT01060101322002,사과,기본조사,관찰포,2026,2,복숭아순나방(피해신초율),충청남도,2.143
202600209FT01060101322002,사과,기본조사,관찰포,2026,2,조팝나무진딧물(밀도),충청남도,0.393
202600209FT01060101322002,사과,기본조사,관찰포,2026,2,노린재류(피해과율),충청남도,0.0
202600209FT01060101322002,사과,기본조사,관찰포,2026,2,노린재류(트랩마리수),충청남도,0.143
202600209FT01060101322002,사과,기본조사,관찰포,2026,2,복숭아순나방(트랩마리수),충청남도,0.286
202600209FT01060101322002,사과,기본조사,관찰포,2026,2,복숭아심식나방(트랩마리수),충청남도,0.0
202600209FT01060101322002,사과,기본조사,관찰포,2026,2,복숭아순나방붙이(트랩마리수),충청남도,0.0
202600209FT01060101322002,사과,기본조사,관찰포,2026,2,사과굴나방(트랩마리수),충청남도,0.0
202600209FT01060101322002,사과,기본조사,관찰포,2026,2,은무늬굴나방(트랩마리수),충청남도,0.0
202600209FT01060101322002,사과,기본조사,관찰포,2026,2,사과무늬잎말이나방(트랩마리수),충청남도,0.0
202600209FT01060101322002,사과,기본조사,관찰포,2026,2,사과애모무늬잎말이나방(트랩마리수),충청남도,0.0
202600209FT01060101322002,사과,기본조사,관찰포,2026,2,붉은별무늬병(피해잎율),충청남도,0.0
202600209FT01060101322002,사과,기본조사,관찰포,2026,2,역병(피해과율),충청남도,0.257
202600209FT01060101322002,사과,기본조사,관찰포,2026,2,갈색무늬병(피해잎율),전북특별자치도,0.0
202600209FT01060101322002,사과,기본조사,관찰포,2026,2,점무늬낙엽병(피해잎율),전북특별자치도,0.0
202600209FT01060101322002,사과,기본조사,관찰포,2026,2,겹무늬썩음병(피해과율),전북특별자치도,0.0
202600209FT01060101322002,사과,기본조사,관찰포,2026,2,탄저병(피해과율),전북특별자치도,0.0
202600209FT01060101322002,사과,기본조사,관찰포,2026,2,부란병(피해주율),전북특별자치도,3.0
202600209FT01060101322002,사과,기본조사,관찰포,2026,2,응애류(밀도),전북특별자치도,0.0
202600209FT01060101322002,사과,기본조사,관찰포,2026,2,복숭아심식나방(피해과율),전북특별자치도,0.0
202600209FT01060101322002,사과,기본조사,관찰포,2026,2,복숭아순나방(피해신초율),전북특별자치도,1.5
202600209FT01060101322002,사과,기본조사,관찰포,2026,2,조팝나무진딧물(밀도),전북특별자치도,0.21
202600209FT01060101322002,사과,기본조사,관찰포,2026,2,노린재류(피해과율),전북특별자치도,0.0
202600209FT01060101322002,사과,기본조사,관찰포,2026,2,노린재류(트랩마리수),전북특별자치도,7.1
202600209FT01060101322002,사과,기본조사,관찰포,2026,2,복숭아순나방(트랩마리수),전북특별자치도,14.0
202600209FT01060101322002,사과,기본조사,관찰포,2026,2,복숭아심식나방(트랩마리수),전북특별자치도,2.9
202600209FT01060101322002,사과,기본조사,관찰포,2026,2,복숭아순나방붙이(트랩마리수),전북특별자치도,4.8
202600209FT01060101322002,사과,기본조사,관찰포,2026,2,사과굴나방(트랩마리수),전북특별자치도,115.6
202600209FT01060101322002,사과,기본조사,관찰포,2026,2,은무늬굴나방(트랩마리수),전북특별자치도,0.0
202600209FT01060101322002,사과,기본조사,관찰포,2026,2,사과무늬잎말이나방(트랩마리수),전북특별자치도,0.0
202600209FT01060101322002,사과,기본조사,관찰포,2026,2,사과애모무늬잎말이나방(트랩마리수),전북특별자치도,0.0
202600209FT01060101322002,사과,기본조사,관찰포,2026,2,붉은별무늬병(피해잎율),전북특별자치도,0.0
202600209FT01060101322002,사과,기본조사,관찰포,2026,2,역병(피해과율),전북특별자치도,0.0
202600209FT01060101322002,사과,기본조사,관찰포,2026,2,갈색무늬병(피해잎율),전남광주통합특별시,0.0
202600209FT01060101322002,사과,기본조사,관찰포,2026,2,점무늬낙엽병(피해잎율),전남광주통합특별시,0.0
202600209FT01060101322002,사과,기본조사,관찰포,2026,2,겹무늬썩음병(피해과율),전남광주통합특별시,0.0
202600209FT01060101322002,사과,기본조사,관찰포,2026,2,탄저병(피해과율),전남광주통합특별시,0.0
202600209FT01060101322002,사과,기본조사,관찰포,2026,2,부란병(피해주율),전남광주통합특별시,0.0
202600209FT01060101322002,사과,기본조사,관찰포,2026,2,응애류(밀도),전남광주통합특별시,0.0
202600209FT01060101322002,사과,기본조사,관찰포,2026,2,복숭아심식나방(피해과율),전남광주통합특별시,0.0
202600209FT01060101322002,사과,기본조사,관찰포,2026,2,복숭아순나방(피해신초율),전남광주통합특별시,0.0
202600209FT01060101322002,사과,기본조사,관찰포,2026,2,조팝나무진딧물(밀도),전남광주통합특별시,0.0
202600209FT01060101322002,사과,기본조사,관찰포,2026,2,노린재류(피해과율),전남광주통합특별시,0.0
202600209FT01060101322002,사과,기본조사,관찰포,2026,2,노린재류(트랩마리수),전남광주통합특별시,0.0
202600209FT01060101322002,사과,기본조사,관찰포,2026,2,복숭아순나방(트랩마리수),전남광주통합특별시,0.0
202600209FT01060101322002,사과,기본조사,관찰포,2026,2,복숭아심식나방(트랩마리수),전남광주통합특별시,0.0
202600209FT01060101322002,사과,기본조사,관찰포,2026,2,복숭아순나방붙이(트랩마리수),전남광주통합특별시,0.0
202600209FT01060101322002,사과,기본조사,관찰포,2026,2,사과굴나방(트랩마리수),전남광주통합특별시,0.0
202600209FT01060101322002,사과,기본조사,관찰포,2026,2,은무늬굴나방(트랩마리수),전남광주통합특별시,0.0
202600209FT01060101322002,사과,기본조사,관찰포,2026,2,사과무늬잎말이나방(트랩마리수),전남광주통합특별시,0.0
202600209FT01060101322002,사과,기본조사,관찰포,2026,2,사과애모무늬잎말이나방(트랩마리수),전남광주통합특별시,0.0
202600209FT01060101322002,사과,기본조사,관찰포,2026,2,붉은별무늬병(피해잎율),전남광주통합특별시,0.0
202600209FT01060101322002,사과,기본조사,관찰포,2026,2,역병(피해과율),전남광주통합특별시,0.0
202600209FT01060101322002,사과,기본조사,관찰포,2026,2,갈색무늬병(피해잎율),경상북도,0.0
202600209FT01060101322002,사과,기본조사,관찰포,2026,2,점무늬낙엽병(피해잎율),경상북도,0.065
202600209FT01060101322002,사과,기본조사,관찰포,2026,2,겹무늬썩음병(피해과율),경상북도,0.0
202600209FT01060101322002,사과,기본조사,관찰포,2026,2,탄저병(피해과율),경상북도,0.0
202600209FT01060101322002,사과,기본조사,관찰포,2026,2,부란병(피해주율),경상북도,2.903
202600209FT01060101322002,사과,기본조사,관찰포,2026,2,응애류(밀도),경상북도,0.084
202600209FT01060101322002,사과,기본조사,관찰포,2026,2,복숭아심식나방(피해과율),경상북도,0.0
202600209FT01060101322002,사과,기본조사,관찰포,2026,2,복숭아순나방(피해신초율),경상북도,0.403
202600209FT01060101322002,사과,기본조사,관찰포,2026,2,조팝나무진딧물(밀도),경상북도,1.6
202600209FT01060101322002,사과,기본조사,관찰포,2026,2,노린재류(피해과율),경상북도,0.161
202600209FT01060101322002,사과,기본조사,관찰포,2026,2,노린재류(트랩마리수),경상북도,2.065
202600209FT01060101322002,사과,기본조사,관찰포,2026,2,복숭아순나방(트랩마리수),경상북도,3.387
202600209FT01060101322002,사과,기본조사,관찰포,2026,2,복숭아심식나방(트랩마리수),경상북도,1.581
202600209FT01060101322002,사과,기본조사,관찰포,2026,2,복숭아순나방붙이(트랩마리수),경상북도,0.258
202600209FT01060101322002,사과,기본조사,관찰포,2026,2,사과굴나방(트랩마리수),경상북도,27.742
202600209FT01060101322002,사과,기본조사,관찰포,2026,2,은무늬굴나방(트랩마리수),경상북도,6.452
202600209FT01060101322002,사과,기본조사,관찰포,2026,2,사과무늬잎말이나방(트랩마리수),경상북도,1.129
202600209FT01060101322002,사과,기본조사,관찰포,2026,2,사과애모무늬잎말이나방(트랩마리수),경상북도,1.516
202600209FT01060101322002,사과,기본조사,관찰포,2026,2,붉은별무늬병(피해잎율),경상북도,0.0
202600209FT01060101322002,사과,기본조사,관찰포,2026,2,역병(피해과율),경상북도,0.0
202600209FT01060101322002,사과,기본조사,관찰포,2026,2,갈색무늬병(피해잎율),경상남도,0.0
202600209FT01060101322002,사과,기본조사,관찰포,2026,2,점무늬낙엽병(피해잎율),경상남도,0.0
202600209FT01060101322002,사과,기본조사,관찰포,2026,2,겹무늬썩음병(피해과율),경상남도,0.0
202600209FT01060101322002,사과,기본조사,관찰포,2026,2,탄저병(피해과율),경상남도,0.0
202600209FT01060101322002,사과,기본조사,관찰포,2026,2,부란병(피해주율),경상남도,5.0
202600209FT01060101322002,사과,기본조사,관찰포,2026,2,응애류(밀도),경상남도,0.02
202600209FT01060101322002,사과,기본조사,관찰포,2026,2,복숭아심식나방(피해과율),경상남도,0.0
202600209FT01060101322002,사과,기본조사,관찰포,2026,2,복숭아순나방(피해신초율),경상남도,0.75
202600209FT01060101322002,사과,기본조사,관찰포,2026,2,조팝나무진딧물(밀도),경상남도,0.01
202600209FT01060101322002,사과,기본조사,관찰포,2026,2,노린재류(피해과율),경상남도,0.0
202600209FT01060101322002,사과,기본조사,관찰포,2026,2,노린재류(트랩마리수),경상남도,0.0
202600209FT01060101322002,사과,기본조사,관찰포,2026,2,복숭아순나방(트랩마리수),경상남도,0.3
202600209FT01060101322002,사과,기본조사,관찰포,2026,2,복숭아심식나방(트랩마리수),경상남도,0.0
202600209FT01060101322002,사과,기본조사,관찰포,2026,2,복숭아순나방붙이(트랩마리수),경상남도,0.0
202600209FT01060101322002,사과,기본조사,관찰포,2026,2,사과굴나방(트랩마리수),경상남도,0.0
202600209FT01060101322002,사과,기본조사,관찰포,2026,2,은무늬굴나방(트랩마리수),경상남도,0.0
202600209FT01060101322002,사과,기본조사,관찰포,2026,2,사과무늬잎말이나방(트랩마리수),경상남도,0.0
202600209FT01060101322002,사과,기본조사,관찰포,2026,2,사과애모무늬잎말이나방(트랩마리수),경상남도,0.0
202600209FT01060101322002,사과,기본조사,관찰포,2026,2,붉은별무늬병(피해잎율),경상남도,0.0
202600209FT01060101322002,사과,기본조사,관찰포,2026,2,역병(피해과율),경상남도,0.0
202600209FT01060201322003,배,기본조사,관찰포,2026,3,붉은별무늬병(피해잎율),울산광역시,1.5
202600209FT01060201322003,배,기본조사,관찰포,2026,3,검은별무늬병(피해잎율),울산광역시,0.0
202600209FT01060201322003,배,기본조사,관찰포,2026,3,잎검은점병(피해잎율),울산광역시,0.0
202600209FT01060201322003,배,기본조사,관찰포,2026,3,겹무늬병(피해과율),울산광역시,0.0
202600209FT01060201322003,배,기본조사,관찰포,2026,3,복숭아순나방(피해신초율),울산광역시,1.5
202600209FT01060201322003,배,기본조사,관찰포,2026,3,응애류(밀도),울산광역시,0.0
202600209FT01060201322003,배,기본조사,관찰포,2026,3,주경배나무이(밀도),울산광역시,0.0
202600209FT01060201322003,배,기본조사,관찰포,2026,3,깍지벌레류(밀도),울산광역시,0.06
202600209FT01060201322003,배,기본조사,관찰포,2026,3,복숭아순나방(트랩마리수),울산광역시,1.4
202600209FT01060201322003,배,기본조사,관찰포,2026,3,복숭아심식나방(트랩마리수),울산광역시,1.2
202600209FT01060201322003,배,기본조사,관찰포,2026,3,사과무늬잎말이나방(트랩마리수),울산광역시,0.0
202600209FT01060201322003,배,기본조사,관찰포,2026,3,사과애모무늬잎말이나방(트랩마리수),울산광역시,0.0
202600209FT01060201322003,배,기본조사,관찰포,2026,3,붉은별무늬병(피해잎율),세종특별자치시,0.0
202600209FT01060201322003,배,기본조사,관찰포,2026,3,검은별무늬병(피해잎율),세종특별자치시,0.12
202600209FT01060201322003,배,기본조사,관찰포,2026,3,잎검은점병(피해잎율),세종특별자치시,0.0
202600209FT01060201322003,배,기본조사,관찰포,2026,3,겹무늬병(피해과율),세종특별자치시,0.0
202600209FT01060201322003,배,기본조사,관찰포,2026,3,복숭아순나방(피해신초율),세종특별자치시,0.0
202600209FT01060201322003,배,기본조사,관찰포,2026,3,응애류(밀도),세종특별자치시,0.0
202600209FT01060201322003,배,기본조사,관찰포,2026,3,주경배나무이(밀도),세종특별자치시,0.0
202600209FT01060201322003,배,기본조사,관찰포,2026,3,깍지벌레류(밀도),세종특별자치시,0.0
202600209FT01060201322003,배,기본조사,관찰포,2026,3,복숭아순나방(트랩마리수),세종특별자치시,0.8
202600209FT01060201322003,배,기본조사,관찰포,2026,3,복숭아심식나방(트랩마리수),세종특별자치시,0.0
202600209FT01060201322003,배,기본조사,관찰포,2026,3,사과무늬잎말이나방(트랩마리수),세종특별자치시,0.0
202600209FT01060201322003,배,기본조사,관찰포,2026,3,사과애모무늬잎말이나방(트랩마리수),세종특별자치시,0.0
202600209FT01060201322003,배,기본조사,관찰포,2026,3,붉은별무늬병(피해잎율),경기도,1.267
202600209FT01060201322003,배,기본조사,관찰포,2026,3,검은별무늬병(피해잎율),경기도,0.0
202600209FT01060201322003,배,기본조사,관찰포,2026,3,잎검은점병(피해잎율),경기도,0.0
202600209FT01060201322003,배,기본조사,관찰포,2026,3,겹무늬병(피해과율),경기도,0.0
202600209FT01060201322003,배,기본조사,관찰포,2026,3,복숭아순나방(피해신초율),경기도,0.833
202600209FT01060201322003,배,기본조사,관찰포,2026,3,응애류(밀도),경기도,0.0
202600209FT01060201322003,배,기본조사,관찰포,2026,3,주경배나무이(밀도),경기도,0.013
202600209FT01060201322003,배,기본조사,관찰포,2026,3,깍지벌레류(밀도),경기도,0.0
202600209FT01060201322003,배,기본조사,관찰포,2026,3,복숭아순나방(트랩마리수),경기도,5.4
202600209FT01060201322003,배,기본조사,관찰포,2026,3,복숭아심식나방(트랩마리수),경기도,3.4
202600209FT01060201322003,배,기본조사,관찰포,2026,3,사과무늬잎말이나방(트랩마리수),경기도,0.733
202600209FT01060201322003,배,기본조사,관찰포,2026,3,사과애모무늬잎말이나방(트랩마리수),경기도,0.0
202600209FT01060201322003,배,기본조사,관찰포,2026,3,붉은별무늬병(피해잎율),강원특별자치도,0.0
202600209FT01060201322003,배,기본조사,관찰포,2026,3,검은별무늬병(피해잎율),강원특별자치도,0.0
202600209FT01060201322003,배,기본조사,관찰포,2026,3,잎검은점병(피해잎율),강원특별자치도,0.0
202600209FT01060201322003,배,기본조사,관찰포,2026,3,겹무늬병(피해과율),강원특별자치도,0.0
202600209FT01060201322003,배,기본조사,관찰포,2026,3,복숭아순나방(피해신초율),강원특별자치도,0.0
202600209FT01060201322003,배,기본조사,관찰포,2026,3,응애류(밀도),강원특별자치도,0.0
202600209FT01060201322003,배,기본조사,관찰포,2026,3,주경배나무이(밀도),강원특별자치도,0.0
202600209FT01060201322003,배,기본조사,관찰포,2026,3,깍지벌레류(밀도),강원특별자치도,0.0
202600209FT01060201322003,배,기본조사,관찰포,2026,3,복숭아순나방(트랩마리수),강원특별자치도,4.4
202600209FT01060201322003,배,기본조사,관찰포,2026,3,복숭아심식나방(트랩마리수),강원특별자치도,3.8
202600209FT01060201322003,배,기본조사,관찰포,2026,3,사과무늬잎말이나방(트랩마리수),강원특별자치도,0.0
202600209FT01060201322003,배,기본조사,관찰포,2026,3,사과애모무늬잎말이나방(트랩마리수),강원특별자치도,0.0
202600209FT01060201322003,배,기본조사,관찰포,2026,3,붉은별무늬병(피해잎율),충청북도,0.0
202600209FT01060201322003,배,기본조사,관찰포,2026,3,검은별무늬병(피해잎율),충청북도,0.0
202600209FT01060201322003,배,기본조사,관찰포,2026,3,잎검은점병(피해잎율),충청북도,0.0
202600209FT01060201322003,배,기본조사,관찰포,2026,3,겹무늬병(피해과율),충청북도,0.0
202600209FT01060201322003,배,기본조사,관찰포,2026,3,복숭아순나방(피해신초율),충청북도,0.0
202600209FT01060201322003,배,기본조사,관찰포,2026,3,응애류(밀도),충청북도,0.0
202600209FT01060201322003,배,기본조사,관찰포,2026,3,주경배나무이(밀도),충청북도,0.0
202600209FT01060201322003,배,기본조사,관찰포,2026,3,깍지벌레류(밀도),충청북도,0.0
202600209FT01060201322003,배,기본조사,관찰포,2026,3,복숭아순나방(트랩마리수),충청북도,0.0
202600209FT01060201322003,배,기본조사,관찰포,2026,3,복숭아심식나방(트랩마리수),충청북도,0.0
202600209FT01060201322003,배,기본조사,관찰포,2026,3,사과무늬잎말이나방(트랩마리수),충청북도,0.0
202600209FT01060201322003,배,기본조사,관찰포,2026,3,사과애모무늬잎말이나방(트랩마리수),충청북도,0.0
202600209FT01060201322003,배,기본조사,관찰포,2026,3,붉은별무늬병(피해잎율),충청남도,0.925
202600209FT01060201322003,배,기본조사,관찰포,2026,3,검은별무늬병(피해잎율),충청남도,0.525
202600209FT01060201322003,배,기본조사,관찰포,2026,3,잎검은점병(피해잎율),충청남도,1.125
202600209FT01060201322003,배,기본조사,관찰포,2026,3,겹무늬병(피해과율),충청남도,0.0
202600209FT01060201322003,배,기본조사,관찰포,2026,3,복숭아순나방(피해신초율),충청남도,0.5
202600209FT01060201322003,배,기본조사,관찰포,2026,3,응애류(밀도),충청남도,0.06
202600209FT01060201322003,배,기본조사,관찰포,2026,3,주경배나무이(밀도),충청남도,0.015
202600209FT01060201322003,배,기본조사,관찰포,2026,3,깍지벌레류(밀도),충청남도,0.625
202600209FT01060201322003,배,기본조사,관찰포,2026,3,복숭아순나방(트랩마리수),충청남도,1.95
202600209FT01060201322003,배,기본조사,관찰포,2026,3,복숭아심식나방(트랩마리수),충청남도,0.15
202600209FT01060201322003,배,기본조사,관찰포,2026,3,사과무늬잎말이나방(트랩마리수),충청남도,0.05
202600209FT01060201322003,배,기본조사,관찰포,2026,3,사과애모무늬잎말이나방(트랩마리수),충청남도,0.1
202600209FT01060201322003,배,기본조사,관찰포,2026,3,붉은별무늬병(피해잎율),전북특별자치도,0.75
202600209FT01060201322003,배,기본조사,관찰포,2026,3,검은별무늬병(피해잎율),전북특별자치도,6.25
202600209FT01060201322003,배,기본조사,관찰포,2026,3,잎검은점병(피해잎율),전북특별자치도,0.0
202600209FT01060201322003,배,기본조사,관찰포,2026,3,겹무늬병(피해과율),전북특별자치도,0.0
202600209FT01060201322003,배,기본조사,관찰포,2026,3,복숭아순나방(피해신초율),전북특별자치도,0.0
202600209FT01060201322003,배,기본조사,관찰포,2026,3,응애류(밀도),전북특별자치도,0.0
202600209FT01060201322003,배,기본조사,관찰포,2026,3,주경배나무이(밀도),전북특별자치도,0.0
202600209FT01060201322003,배,기본조사,관찰포,2026,3,깍지벌레류(밀도),전북특별자치도,0.0
202600209FT01060201322003,배,기본조사,관찰포,2026,3,복숭아순나방(트랩마리수),전북특별자치도,0.0
202600209FT01060201322003,배,기본조사,관찰포,2026,3,복숭아심식나방(트랩마리수),전북특별자치도,0.0
202600209FT01060201322003,배,기본조사,관찰포,2026,3,사과무늬잎말이나방(트랩마리수),전북특별자치도,0.0
202600209FT01060201322003,배,기본조사,관찰포,2026,3,사과애모무늬잎말이나방(트랩마리수),전북특별자치도,0.0
202600209FT01060201322003,배,기본조사,관찰포,2026,3,붉은별무늬병(피해잎율),전남광주통합특별시,6.467
202600209FT01060201322003,배,기본조사,관찰포,2026,3,검은별무늬병(피해잎율),전남광주통합특별시,0.5
202600209FT01060201322003,배,기본조사,관찰포,2026,3,잎검은점병(피해잎율),전남광주통합특별시,7.047
202600209FT01060201322003,배,기본조사,관찰포,2026,3,겹무늬병(피해과율),전남광주통합특별시,0.0
202600209FT01060201322003,배,기본조사,관찰포,2026,3,복숭아순나방(피해신초율),전남광주통합특별시,0.167
202600209FT01060201322003,배,기본조사,관찰포,2026,3,응애류(밀도),전남광주통합특별시,0.333
202600209FT01060201322003,배,기본조사,관찰포,2026,3,주경배나무이(밀도),전남광주통합특별시,0.0
202600209FT01060201322003,배,기본조사,관찰포,2026,3,깍지벌레류(밀도),전남광주통합특별시,0.867
202600209FT01060201322003,배,기본조사,관찰포,2026,3,복숭아순나방(트랩마리수),전남광주통합특별시,0.0
202600209FT01060201322003,배,기본조사,관찰포,2026,3,복숭아심식나방(트랩마리수),전남광주통합특별시,0.0
202600209FT01060201322003,배,기본조사,관찰포,2026,3,사과무늬잎말이나방(트랩마리수),전남광주통합특별시,0.0
202600209FT01060201322003,배,기본조사,관찰포,2026,3,사과애모무늬잎말이나방(트랩마리수),전남광주통합특별시,0.0
202600209FT01060201322003,배,기본조사,관찰포,2026,3,붉은별무늬병(피해잎율),경상북도,0.0
202600209FT01060201322003,배,기본조사,관찰포,2026,3,검은별무늬병(피해잎율),경상북도,0.25
202600209FT01060201322003,배,기본조사,관찰포,2026,3,잎검은점병(피해잎율),경상북도,1.0
202600209FT01060201322003,배,기본조사,관찰포,2026,3,겹무늬병(피해과율),경상북도,0.0
202600209FT01060201322003,배,기본조사,관찰포,2026,3,복숭아순나방(피해신초율),경상북도,0.0
202600209FT01060201322003,배,기본조사,관찰포,2026,3,응애류(밀도),경상북도,0.0
202600209FT01060201322003,배,기본조사,관찰포,2026,3,주경배나무이(밀도),경상북도,0.03
202600209FT01060201322003,배,기본조사,관찰포,2026,3,깍지벌레류(밀도),경상북도,0.05
202600209FT01060201322003,배,기본조사,관찰포,2026,3,복숭아순나방(트랩마리수),경상북도,4.0
202600209FT01060201322003,배,기본조사,관찰포,2026,3,복숭아심식나방(트랩마리수),경상북도,0.0
202600209FT01060201322003,배,기본조사,관찰포,2026,3,사과무늬잎말이나방(트랩마리수),경상북도,0.2
202600209FT01060201322003,배,기본조사,관찰포,2026,3,사과애모무늬잎말이나방(트랩마리수),경상북도,0.9
202600209FT01060201322003,배,기본조사,관찰포,2026,3,붉은별무늬병(피해잎율),경상남도,3.0
202600209FT01060201322003,배,기본조사,관찰포,2026,3,검은별무늬병(피해잎율),경상남도,1.167
202600209FT01060201322003,배,기본조사,관찰포,2026,3,잎검은점병(피해잎율),경상남도,0.833
202600209FT01060201322003,배,기본조사,관찰포,2026,3,겹무늬병(피해과율),경상남도,0.0
202600209FT01060201322003,배,기본조사,관찰포,2026,3,복숭아순나방(피해신초율),경상남도,0.5
202600209FT01060201322003,배,기본조사,관찰포,2026,3,응애류(밀도),경상남도,0.0
202600209FT01060201322003,배,기본조사,관찰포,2026,3,주경배나무이(밀도),경상남도,0.0
202600209FT01060201322003,배,기본조사,관찰포,2026,3,깍지벌레류(밀도),경상남도,0.013
202600209FT01060201322003,배,기본조사,관찰포,2026,3,복숭아순나방(트랩마리수),경상남도,0.0
202600209FT01060201322003,배,기본조사,관찰포,2026,3,복숭아심식나방(트랩마리수),경상남도,0.0
202600209FT01060201322003,배,기본조사,관찰포,2026,3,사과무늬잎말이나방(트랩마리수),경상남도,0.0
202600209FT01060201322003,배,기본조사,관찰포,2026,3,사과애모무늬잎말이나방(트랩마리수),경상남도,0.0
202600209FT02060401322003,복숭아,기본조사,관찰포,2026,3,세균구멍병(피해잎율),세종특별자치시,1.6
202600209FT02060401322003,복숭아,기본조사,관찰포,2026,3,탄저병(피해과율),세종특별자치시,0.0
202600209FT02060401322003,복숭아,기본조사,관찰포,2026,3,잎오갈병(피해잎율),세종특별자치시,0.0
202600209FT02060401322003,복숭아,기본조사,관찰포,2026,3,복숭아심식나방(피해과율),세종특별자치시,0.0
202600209FT02060401322003,복숭아,기본조사,관찰포,2026,3,복숭아순나방(피해신초율),세종특별자치시,0.4
202600209FT02060401322003,복숭아,기본조사,관찰포,2026,3,세균구멍병(피해잎율),경기도,0.3
202600209FT02060401322003,복숭아,기본조사,관찰포,2026,3,탄저병(피해과율),경기도,0.0
202600209FT02060401322003,복숭아,기본조사,관찰포,2026,3,잎오갈병(피해잎율),경기도,0.0
202600209FT02060401322003,복숭아,기본조사,관찰포,2026,3,복숭아심식나방(피해과율),경기도,0.0
202600209FT02060401322003,복숭아,기본조사,관찰포,2026,3,복숭아순나방(피해신초율),경기도,0.1
202600209FT02060401322003,복숭아,기본조사,관찰포,2026,3,세균구멍병(피해잎율),강원특별자치도,2.84
202600209FT02060401322003,복숭아,기본조사,관찰포,2026,3,탄저병(피해과율),강원특별자치도,0.0
202600209FT02060401322003,복숭아,기본조사,관찰포,2026,3,잎오갈병(피해잎율),강원특별자치도,0.0
202600209FT02060401322003,복숭아,기본조사,관찰포,2026,3,복숭아심식나방(피해과율),강원특별자치도,0.0
202600209FT02060401322003,복숭아,기본조사,관찰포,2026,3,복숭아순나방(피해신초율),강원특별자치도,0.5
202600209FT02060401322003,복숭아,기본조사,관찰포,2026,3,세균구멍병(피해잎율),충청북도,1.667
202600209FT02060401322003,복숭아,기본조사,관찰포,2026,3,탄저병(피해과율),충청북도,0.0
202600209FT02060401322003,복숭아,기본조사,관찰포,2026,3,잎오갈병(피해잎율),충청북도,0.0
202600209FT02060401322003,복숭아,기본조사,관찰포,2026,3,복숭아심식나방(피해과율),충청북도,0.0
202600209FT02060401322003,복숭아,기본조사,관찰포,2026,3,복숭아순나방(피해신초율),충청북도,0.667
202600209FT02060401322003,복숭아,기본조사,관찰포,2026,3,세균구멍병(피해잎율),충청남도,0.0
202600209FT02060401322003,복숭아,기본조사,관찰포,2026,3,탄저병(피해과율),충청남도,0.0
202600209FT02060401322003,복숭아,기본조사,관찰포,2026,3,잎오갈병(피해잎율),충청남도,0.0
202600209FT02060401322003,복숭아,기본조사,관찰포,2026,3,복숭아심식나방(피해과율),충청남도,0.0
202600209FT02060401322003,복숭아,기본조사,관찰포,2026,3,복숭아순나방(피해신초율),충청남도,0.0
202600209FT02060401322003,복숭아,기본조사,관찰포,2026,3,세균구멍병(피해잎율),전북특별자치도,1.867
202600209FT02060401322003,복숭아,기본조사,관찰포,2026,3,탄저병(피해과율),전북특별자치도,0.0
202600209FT02060401322003,복숭아,기본조사,관찰포,2026,3,잎오갈병(피해잎율),전북특별자치도,0.0
202600209FT02060401322003,복숭아,기본조사,관찰포,2026,3,복숭아심식나방(피해과율),전북특별자치도,0.053
202600209FT02060401322003,복숭아,기본조사,관찰포,2026,3,복숭아순나방(피해신초율),전북특별자치도,1.267
202600209FT02060401322003,복숭아,기본조사,관찰포,2026,3,세균구멍병(피해잎율),전남광주통합특별시,0.0
202600209FT02060401322003,복숭아,기본조사,관찰포,2026,3,탄저병(피해과율),전남광주통합특별시,0.0
202600209FT02060401322003,복숭아,기본조사,관찰포,2026,3,잎오갈병(피해잎율),전남광주통합특별시,0.0
202600209FT02060401322003,복숭아,기본조사,관찰포,2026,3,복숭아심식나방(피해과율),전남광주통합특별시,0.0
202600209FT02060401322003,복숭아,기본조사,관찰포,2026,3,복숭아순나방(피해신초율),전남광주통합특별시,0.0
202600209FT02060401322003,복숭아,기본조사,관찰포,2026,3,세균구멍병(피해잎율),경상북도,1.04
202600209FT02060401322003,복숭아,기본조사,관찰포,2026,3,탄저병(피해과율),경상북도,0.0
202600209FT02060401322003,복숭아,기본조사,관찰포,2026,3,잎오갈병(피해잎율),경상북도,0.0
202600209FT02060401322003,복숭아,기본조사,관찰포,2026,3,복숭아심식나방(피해과율),경상북도,0.072
202600209FT02060401322003,복숭아,기본조사,관찰포,2026,3,복숭아순나방(피해신초율),경상북도,0.36
202600209FT02060401322003,복숭아,기본조사,관찰포,2026,3,세균구멍병(피해잎율),경상남도,3.1
202600209FT02060401322003,복숭아,기본조사,관찰포,2026,3,탄저병(피해과율),경상남도,0.0
202600209FT02060401322003,복숭아,기본조사,관찰포,2026,3,잎오갈병(피해잎율),경상남도,0.0
202600209FT02060401322003,복숭아,기본조사,관찰포,2026,3,복숭아심식나방(피해과율),경상남도,0.0
202600209FT02060401322003,복숭아,기본조사,관찰포,2026,3,복숭아순나방(피해신초율),경상남도,0.9
202600209FT04060301306004,포도,기본조사,관찰포,2026,4,갈색무늬병(피해잎율),대전광역시,0.0
202600209FT04060301306004,포도,기본조사,관찰포,2026,4,노균병(피해잎율),대전광역시,0.0
202600209FT04060301306004,포도,기본조사,관찰포,2026,4,꽃매미(밀도),대전광역시,0.0
202600209FT04060301306004,포도,기본조사,관찰포,2026,4,갈색무늬병(피해잎율),경기도,0.0
202600209FT04060301306004,포도,기본조사,관찰포,2026,4,노균병(피해잎율),경기도,0.0
202600209FT04060301306004,포도,기본조사,관찰포,2026,4,꽃매미(밀도),경기도,1.033
202600209FT04060301306004,포도,기본조사,관찰포,2026,4,갈색무늬병(피해잎율),충청북도,0.0
202600209FT04060301306004,포도,기본조사,관찰포,2026,4,노균병(피해잎율),충청북도,0.0
202600209FT04060301306004,포도,기본조사,관찰포,2026,4,꽃매미(밀도),충청북도,0.07
202600209FT04060301306004,포도,기본조사,관찰포,2026,4,갈색무늬병(피해잎율),충청남도,0.0
202600209FT04060301306004,포도,기본조사,관찰포,2026,4,노균병(피해잎율),충청남도,0.0
202600209FT04060301306004,포도,기본조사,관찰포,2026,4,꽃매미(밀도),충청남도,0.28
202600209FT04060301306004,포도,기본조사,관찰포,2026,4,갈색무늬병(피해잎율),전북특별자치도,0.0
202600209FT04060301306004,포도,기본조사,관찰포,2026,4,노균병(피해잎율),전북특별자치도,0.0
202600209FT04060301306004,포도,기본조사,관찰포,2026,4,꽃매미(밀도),전북특별자치도,0.0
202600209FT04060301306004,포도,기본조사,관찰포,2026,4,갈색무늬병(피해잎율),전남광주통합특별시,0.0
202600209FT04060301306004,포도,기본조사,관찰포,2026,4,노균병(피해잎율),전남광주통합특별시,0.0
202600209FT04060301306004,포도,기본조사,관찰포,2026,4,꽃매미(밀도),전남광주통합특별시,0.0
202600209FT04060301306004,포도,기본조사,관찰포,2026,4,갈색무늬병(피해잎율),경상북도,0.688
202600209FT04060301306004,포도,기본조사,관찰포,2026,4,노균병(피해잎율),경상북도,1.188
202600209FT04060301306004,포도,기본조사,관찰포,2026,4,꽃매미(밀도),경상북도,0.269
202600209FT04060301306004,포도,기본조사,관찰포,2026,4,갈색무늬병(피해잎율),경상남도,0.17
202600209FT04060301306004,포도,기본조사,관찰포,2026,4,노균병(피해잎율),경상남도,0.5
202600209FT04060301306004,포도,기본조사,관찰포,2026,4,꽃매미(밀도),경상남도,0.0
202600209FT06060501322003,감,기본조사,관찰포,2026,3,탄저병(피해과율),울산광역시,0.0
202600209FT06060501322003,감,기본조사,관찰포,2026,3,둥근무늬낙엽병(피해잎율),울산광역시,0.0
202600209FT06060501322003,감,기본조사,관찰포,2026,3,흰가루병(피해잎율),울산광역시,0.0
202600209FT06060501322003,감,기본조사,관찰포,2026,3,깍지벌레류(밀도),울산광역시,0.14
202600209FT06060501322003,감,기본조사,관찰포,2026,3,감꼭지나방(피해과율),울산광역시,0.02
202600209FT06060501322003,감,기본조사,관찰포,2026,3,노린재류(피해과율),울산광역시,0.0
202600209FT06060501322003,감,기본조사,관찰포,2026,3,모무늬낙엽병(피해잎율),울산광역시,0.0
202600209FT06060501322003,감,기본조사,관찰포,2026,3,매점병(피해과율),울산광역시,0.0
202600209FT06060501322003,감,기본조사,관찰포,2026,3,탄저병(피해과율),전남광주통합특별시,0.0
202600209FT06060501322003,감,기본조사,관찰포,2026,3,둥근무늬낙엽병(피해잎율),전남광주통합특별시,0.0
202600209FT06060501322003,감,기본조사,관찰포,2026,3,흰가루병(피해잎율),전남광주통합특별시,0.267
202600209FT06060501322003,감,기본조사,관찰포,2026,3,깍지벌레류(밀도),전남광주통합특별시,0.024
202600209FT06060501322003,감,기본조사,관찰포,2026,3,감꼭지나방(피해과율),전남광주통합특별시,0.0
202600209FT06060501322003,감,기본조사,관찰포,2026,3,노린재류(피해과율),전남광주통합특별시,0.004
202600209FT06060501322003,감,기본조사,관찰포,2026,3,모무늬낙엽병(피해잎율),전남광주통합특별시,0.0
202600209FT06060501322003,감,기본조사,관찰포,2026,3,매점병(피해과율),전남광주통합특별시,0.0
202600209FT06060501322003,감,기본조사,관찰포,2026,3,탄저병(피해과율),경상북도,0.0
202600209FT06060501322003,감,기본조사,관찰포,2026,3,둥근무늬낙엽병(피해잎율),경상북도,0.08
202600209FT06060501322003,감,기본조사,관찰포,2026,3,흰가루병(피해잎율),경상북도,0.56
202600209FT06060501322003,감,기본조사,관찰포,2026,3,깍지벌레류(밀도),경상북도,0.25
202600209FT06060501322003,감,기본조사,관찰포,2026,3,감꼭지나방(피해과율),경상북도,0.02
202600209FT06060501322003,감,기본조사,관찰포,2026,3,노린재류(피해과율),경상북도,0.81
202600209FT06060501322003,감,기본조사,관찰포,2026,3,모무늬낙엽병(피해잎율),경상북도,0.0
202600209FT06060501322003,감,기본조사,관찰포,2026,3,매점병(피해과율),경상북도,0.0
202600209FT06060501322003,감,기본조사,관찰포,2026,3,탄저병(피해과율),경상남도,0.0
202600209FT06060501322003,감,기본조사,관찰포,2026,3,둥근무늬낙엽병(피해잎율),경상남도,0.114
202600209FT06060501322003,감,기본조사,관찰포,2026,3,흰가루병(피해잎율),경상남도,0.0
202600209FT06060501322003,감,기본조사,관찰포,2026,3,깍지벌레류(밀도),경상남도,0.091
202600209FT06060501322003,감,기본조사,관찰포,2026,3,감꼭지나방(피해과율),경상남도,0.0
202600209FT06060501322003,감,기본조사,관찰포,2026,3,노린재류(피해과율),경상남도,0.071
202600209FT06060501322003,감,기본조사,관찰포,2026,3,모무늬낙엽병(피해잎율),경상남도,0.0
202600209FT06060501322003,감,기본조사,관찰포,2026,3,매점병(피해과율),경상남도,0.0
202600209FT06061401322003,감귤,기본조사,관찰포,2026,3,더뎅이병(피해주율),제주특별자치도,0.952
202600209FT06061401322003,감귤,기본조사,관찰포,2026,3,궤양병(피해주율),제주특별자치도,0.095
202600209FT06061401322003,감귤,기본조사,관찰포,2026,3,검은점무늬병(피해과율),제주특별자치도,0.0
202600209FT06061401322003,감귤,기본조사,관찰포,2026,3,역병(피해과율),제주특별자치도,0.0
202600209FT06061401322003,감귤,기본조사,관찰포,2026,3,볼록총채벌레(밀도),제주특별자치도,0.0
202600209FT06061401322003,감귤,기본조사,관찰포,2026,3,귤응애(밀도),제주특별자치도,0.09
202600209FT06061401322003,감귤,기본조사,관찰포,2026,3,볼록총채벌레(트랩마리수),제주특별자치도,48.286
202600209FT06061401322003,감귤,기본조사,관찰포,2026,3,깍지벌레(트랩마리수),제주특별자치도,0.238
202600209FT06061401322003,감귤,기본조사,관찰포,2026,3,귤굴나방(밀도),제주특별자치도,0.0
202600209FT06061401322003,감귤,기본조사,관찰포,2026,3,진딧물류(밀도),제주특별자치도,0.286
202600209VC01120501320001,고추,노지고추,관찰포,2026,1,노지고추 - 역병(피해주율),대구광역시,0.0
202600209VC01120501320001,고추,노지고추,관찰포,2026,1,노지고추 - 탄저병(피해과율),대구광역시,0.0
202600209VC01120501320001,고추,노지고추,관찰포,2026,1,노지고추 - 풋마름병(피해주율),대구광역시,0.0
202600209VC01120501320001,고추,노지고추,관찰포,2026,1,노지고추 - 세균점무늬병(피해주율),대구광역시,0.0
202600209VC01120501320001,고추,노지고추,관찰포,2026,1,노지고추 - 무름병(피해과율),대구광역시,0.0
202600209VC01120501320001,고추,노지고추,관찰포,2026,1,노지고추 - 담배나방(피해과율),대구광역시,0.0
202600209VC01120501320001,고추,노지고추,관찰포,2026,1,노지고추 - 진딧물류(밀도),대구광역시,0.0
202600209VC01120501320001,고추,노지고추,관찰포,2026,1,노지고추 - 총채벌레류(밀도),대구광역시,0.0
202600209VC01120501320001,고추,노지고추,관찰포,2026,1,노지고추 - 역병(피해주율),경기도,0.0
202600209VC01120501320001,고추,노지고추,관찰포,2026,1,노지고추 - 탄저병(피해과율),경기도,0.0
202600209VC01120501320001,고추,노지고추,관찰포,2026,1,노지고추 - 풋마름병(피해주율),경기도,0.0
202600209VC01120501320001,고추,노지고추,관찰포,2026,1,노지고추 - 세균점무늬병(피해주율),경기도,0.0
202600209VC01120501320001,고추,노지고추,관찰포,2026,1,노지고추 - 무름병(피해과율),경기도,0.0
202600209VC01120501320001,고추,노지고추,관찰포,2026,1,노지고추 - 담배나방(피해과율),경기도,0.0
202600209VC01120501320001,고추,노지고추,관찰포,2026,1,노지고추 - 진딧물류(밀도),경기도,0.992
202600209VC01120501320001,고추,노지고추,관찰포,2026,1,노지고추 - 총채벌레류(밀도),경기도,0.824
202600209VC01120501320001,고추,노지고추,관찰포,2026,1,노지고추 - 역병(피해주율),강원특별자치도,0.0
202600209VC01120501320001,고추,노지고추,관찰포,2026,1,노지고추 - 탄저병(피해과율),강원특별자치도,0.0
202600209VC01120501320001,고추,노지고추,관찰포,2026,1,노지고추 - 풋마름병(피해주율),강원특별자치도,0.0
202600209VC01120501320001,고추,노지고추,관찰포,2026,1,노지고추 - 세균점무늬병(피해주율),강원특별자치도,0.0
202600209VC01120501320001,고추,노지고추,관찰포,2026,1,노지고추 - 무름병(피해과율),강원특별자치도,0.0
202600209VC01120501320001,고추,노지고추,관찰포,2026,1,노지고추 - 담배나방(피해과율),강원특별자치도,0.0
202600209VC01120501320001,고추,노지고추,관찰포,2026,1,노지고추 - 진딧물류(밀도),강원특별자치도,0.857
202600209VC01120501320001,고추,노지고추,관찰포,2026,1,노지고추 - 총채벌레류(밀도),강원특별자치도,0.0
202600209VC01120501320001,고추,노지고추,관찰포,2026,1,노지고추 - 역병(피해주율),충청북도,0.0
202600209VC01120501320001,고추,노지고추,관찰포,2026,1,노지고추 - 탄저병(피해과율),충청북도,0.0
202600209VC01120501320001,고추,노지고추,관찰포,2026,1,노지고추 - 풋마름병(피해주율),충청북도,0.0
202600209VC01120501320001,고추,노지고추,관찰포,2026,1,노지고추 - 세균점무늬병(피해주율),충청북도,0.0
202600209VC01120501320001,고추,노지고추,관찰포,2026,1,노지고추 - 무름병(피해과율),충청북도,0.0
202600209VC01120501320001,고추,노지고추,관찰포,2026,1,노지고추 - 담배나방(피해과율),충청북도,0.0
202600209VC01120501320001,고추,노지고추,관찰포,2026,1,노지고추 - 진딧물류(밀도),충청북도,0.0
202600209VC01120501320001,고추,노지고추,관찰포,2026,1,노지고추 - 총채벌레류(밀도),충청북도,0.035
202600209VC01120501320001,고추,노지고추,관찰포,2026,1,노지고추 - 역병(피해주율),충청남도,0.0
202600209VC01120501320001,고추,노지고추,관찰포,2026,1,노지고추 - 탄저병(피해과율),충청남도,0.0
202600209VC01120501320001,고추,노지고추,관찰포,2026,1,노지고추 - 풋마름병(피해주율),충청남도,0.0
202600209VC01120501320001,고추,노지고추,관찰포,2026,1,노지고추 - 세균점무늬병(피해주율),충청남도,0.0
202600209VC01120501320001,고추,노지고추,관찰포,2026,1,노지고추 - 무름병(피해과율),충청남도,0.0
202600209VC01120501320001,고추,노지고추,관찰포,2026,1,노지고추 - 담배나방(피해과율),충청남도,0.049
202600209VC01120501320001,고추,노지고추,관찰포,2026,1,노지고추 - 진딧물류(밀도),충청남도,0.064
202600209VC01120501320001,고추,노지고추,관찰포,2026,1,노지고추 - 총채벌레류(밀도),충청남도,2.309
202600209VC01120501320001,고추,노지고추,관찰포,2026,1,노지고추 - 역병(피해주율),전북특별자치도,0.0
202600209VC01120501320001,고추,노지고추,관찰포,2026,1,노지고추 - 탄저병(피해과율),전북특별자치도,0.0
202600209VC01120501320001,고추,노지고추,관찰포,2026,1,노지고추 - 풋마름병(피해주율),전북특별자치도,0.0
202600209VC01120501320001,고추,노지고추,관찰포,2026,1,노지고추 - 세균점무늬병(피해주율),전북특별자치도,0.167
202600209VC01120501320001,고추,노지고추,관찰포,2026,1,노지고추 - 무름병(피해과율),전북특별자치도,0.0
202600209VC01120501320001,고추,노지고추,관찰포,2026,1,노지고추 - 담배나방(피해과율),전북특별자치도,0.0
202600209VC01120501320001,고추,노지고추,관찰포,2026,1,노지고추 - 진딧물류(밀도),전북특별자치도,0.017
202600209VC01120501320001,고추,노지고추,관찰포,2026,1,노지고추 - 총채벌레류(밀도),전북특별자치도,0.027
202600209VC01120501320001,고추,노지고추,관찰포,2026,1,노지고추 - 역병(피해주율),전남광주통합특별시,0.0
202600209VC01120501320001,고추,노지고추,관찰포,2026,1,노지고추 - 탄저병(피해과율),전남광주통합특별시,0.0
202600209VC01120501320001,고추,노지고추,관찰포,2026,1,노지고추 - 풋마름병(피해주율),전남광주통합특별시,0.0
202600209VC01120501320001,고추,노지고추,관찰포,2026,1,노지고추 - 세균점무늬병(피해주율),전남광주통합특별시,0.0
202600209VC01120501320001,고추,노지고추,관찰포,2026,1,노지고추 - 무름병(피해과율),전남광주통합특별시,0.0
202600209VC01120501320001,고추,노지고추,관찰포,2026,1,노지고추 - 담배나방(피해과율),전남광주통합특별시,0.413
202600209VC01120501320001,고추,노지고추,관찰포,2026,1,노지고추 - 진딧물류(밀도),전남광주통합특별시,0.196
202600209VC01120501320001,고추,노지고추,관찰포,2026,1,노지고추 - 총채벌레류(밀도),전남광주통합특별시,5.151
202600209VC01120501320001,고추,노지고추,관찰포,2026,1,노지고추 - 역병(피해주율),경상북도,0.0
202600209VC01120501320001,고추,노지고추,관찰포,2026,1,노지고추 - 탄저병(피해과율),경상북도,0.0
202600209VC01120501320001,고추,노지고추,관찰포,2026,1,노지고추 - 풋마름병(피해주율),경상북도,0.0
202600209VC01120501320001,고추,노지고추,관찰포,2026,1,노지고추 - 세균점무늬병(피해주율),경상북도,0.0
202600209VC01120501320001,고추,노지고추,관찰포,2026,1,노지고추 - 무름병(피해과율),경상북도,0.0
202600209VC01120501320001,고추,노지고추,관찰포,2026,1,노지고추 - 담배나방(피해과율),경상북도,0.0
202600209VC01120501320001,고추,노지고추,관찰포,2026,1,노지고추 - 진딧물류(밀도),경상북도,0.13
202600209VC01120501320001,고추,노지고추,관찰포,2026,1,노지고추 - 총채벌레류(밀도),경상북도,0.094
202600209VC01120501320001,고추,노지고추,관찰포,2026,1,노지고추 - 역병(피해주율),경상남도,0.0
202600209VC01120501320001,고추,노지고추,관찰포,2026,1,노지고추 - 탄저병(피해과율),경상남도,0.0
202600209VC01120501320001,고추,노지고추,관찰포,2026,1,노지고추 - 풋마름병(피해주율),경상남도,0.0
202600209VC01120501320001,고추,노지고추,관찰포,2026,1,노지고추 - 세균점무늬병(피해주율),경상남도,0.0
202600209VC01120501320001,고추,노지고추,관찰포,2026,1,노지고추 - 무름병(피해과율),경상남도,0.0
202600209VC01120501320001,고추,노지고추,관찰포,2026,1,노지고추 - 담배나방(피해과율),경상남도,0.0
202600209VC01120501320001,고추,노지고추,관찰포,2026,1,노지고추 - 진딧물류(밀도),경상남도,0.0
202600209VC01120501320001,고추,노지고추,관찰포,2026,1,노지고추 - 총채벌레류(밀도),경상남도,0.0
202600209FC02020101305005,보리,기본조사,관찰포,2026,5,붉은곰팡이병(피해이삭율),충청북도,0.0
202600209FC02020101305005,보리,기본조사,관찰포,2026,5,깜부기병(피해이삭율),충청북도,0.0
202600209FC02020101305005,보리,기본조사,관찰포,2026,5,줄무늬병(피해주율),충청북도,0.0
202600209FC02020101305005,보리,기본조사,관찰포,2026,5,흰가루병(피해주율),충청북도,0.0
202600209FC02020101305005,보리,기본조사,관찰포,2026,5,녹병(피해주율),충청북도,0.0
202600209FC02020101305005,보리,기본조사,관찰포,2026,5,바이러스병(피해주율),충청북도,0.0
202600209FC02020101305005,보리,기본조사,관찰포,2026,5,잎집눈무늬병(피해주율),충청북도,0.0
202600209FC02020101305005,보리,기본조사,관찰포,2026,5,멸강나방_유충(밀도),충청북도,0.0
202600209FC02020101305005,보리,기본조사,관찰포,2026,5,보리굴파리(피해잎율),충청북도,0.0
202600209FC02020101305005,보리,기본조사,관찰포,2026,5,진딧물류(피해잎율),충청북도,0.0
202600209FC02020101305005,보리,기본조사,관찰포,2026,5,붉은곰팡이병(피해이삭율),충청남도,0.0
202600209FC02020101305005,보리,기본조사,관찰포,2026,5,깜부기병(피해이삭율),충청남도,0.0
202600209FC02020101305005,보리,기본조사,관찰포,2026,5,줄무늬병(피해주율),충청남도,0.0
202600209FC02020101305005,보리,기본조사,관찰포,2026,5,흰가루병(피해주율),충청남도,0.0
202600209FC02020101305005,보리,기본조사,관찰포,2026,5,녹병(피해주율),충청남도,0.0
202600209FC02020101305005,보리,기본조사,관찰포,2026,5,바이러스병(피해주율),충청남도,0.0
202600209FC02020101305005,보리,기본조사,관찰포,2026,5,잎집눈무늬병(피해주율),충청남도,0.0
202600209FC02020101305005,보리,기본조사,관찰포,2026,5,멸강나방_유충(밀도),충청남도,0.0
202600209FC02020101305005,보리,기본조사,관찰포,2026,5,보리굴파리(피해잎율),충청남도,0.0
202600209FC02020101305005,보리,기본조사,관찰포,2026,5,진딧물류(피해잎율),충청남도,0.0
202600209FC02020101305005,보리,기본조사,관찰포,2026,5,붉은곰팡이병(피해이삭율),전북특별자치도,0.673
202600209FC02020101305005,보리,기본조사,관찰포,2026,5,깜부기병(피해이삭율),전북특별자치도,2.093
202600209FC02020101305005,보리,기본조사,관찰포,2026,5,줄무늬병(피해주율),전북특별자치도,0.0
202600209FC02020101305005,보리,기본조사,관찰포,2026,5,흰가루병(피해주율),전북특별자치도,0.0
202600209FC02020101305005,보리,기본조사,관찰포,2026,5,녹병(피해주율),전북특별자치도,0.0
202600209FC02020101305005,보리,기본조사,관찰포,2026,5,바이러스병(피해주율),전북특별자치도,0.0
202600209FC02020101305005,보리,기본조사,관찰포,2026,5,잎집눈무늬병(피해주율),전북특별자치도,0.0
202600209FC02020101305005,보리,기본조사,관찰포,2026,5,멸강나방_유충(밀도),전북특별자치도,0.0
202600209FC02020101305005,보리,기본조사,관찰포,2026,5,보리굴파리(피해잎율),전북특별자치도,0.0
202600209FC02020101305005,보리,기본조사,관찰포,2026,5,진딧물류(피해잎율),전북특별자치도,0.193
202600209FC02020101305005,보리,기본조사,관찰포,2026,5,붉은곰팡이병(피해이삭율),전남광주통합특별시,0.681
202600209FC02020101305005,보리,기본조사,관찰포,2026,5,깜부기병(피해이삭율),전남광주통합특별시,0.546
202600209FC02020101305005,보리,기본조사,관찰포,2026,5,줄무늬병(피해주율),전남광주통합특별시,0.0
202600209FC02020101305005,보리,기본조사,관찰포,2026,5,흰가루병(피해주율),전남광주통합특별시,0.0
202600209FC02020101305005,보리,기본조사,관찰포,2026,5,녹병(피해주율),전남광주통합특별시,0.0
202600209FC02020101305005,보리,기본조사,관찰포,2026,5,바이러스병(피해주율),전남광주통합특별시,0.0
202600209FC02020101305005,보리,기본조사,관찰포,2026,5,잎집눈무늬병(피해주율),전남광주통합특별시,0.0
202600209FC02020101305005,보리,기본조사,관찰포,2026,5,멸강나방_유충(밀도),전남광주통합특별시,0.012
202600209FC02020101305005,보리,기본조사,관찰포,2026,5,보리굴파리(피해잎율),전남광주통합특별시,0.169
202600209FC02020101305005,보리,기본조사,관찰포,2026,5,진딧물류(피해잎율),전남광주통합특별시,0.0
202600209FC02020101305005,보리,기본조사,관찰포,2026,5,붉은곰팡이병(피해이삭율),경상북도,0.0
202600209FC02020101305005,보리,기본조사,관찰포,2026,5,깜부기병(피해이삭율),경상북도,1.113
202600209FC02020101305005,보리,기본조사,관찰포,2026,5,줄무늬병(피해주율),경상북도,0.0
202600209FC02020101305005,보리,기본조사,관찰포,2026,5,흰가루병(피해주율),경상북도,0.0
202600209FC02020101305005,보리,기본조사,관찰포,2026,5,녹병(피해주율),경상북도,0.0
202600209FC02020101305005,보리,기본조사,관찰포,2026,5,바이러스병(피해주율),경상북도,0.0
202600209FC02020101305005,보리,기본조사,관찰포,2026,5,잎집눈무늬병(피해주율),경상북도,0.0
202600209FC02020101305005,보리,기본조사,관찰포,2026,5,멸강나방_유충(밀도),경상북도,0.0
202600209FC02020101305005,보리,기본조사,관찰포,2026,5,보리굴파리(피해잎율),경상북도,0.0
202600209FC02020101305005,보리,기본조사,관찰포,2026,5,진딧물류(피해잎율),경상북도,0.0
202600209FC02020101305005,보리,기본조사,관찰포,2026,5,붉은곰팡이병(피해이삭율),경상남도,0.276
202600209FC02020101305005,보리,기본조사,관찰포,2026,5,깜부기병(피해이삭율),경상남도,1.114
202600209FC02020101305005,보리,기본조사,관찰포,2026,5,줄무늬병(피해주율),경상남도,0.0
202600209FC02020101305005,보리,기본조사,관찰포,2026,5,흰가루병(피해주율),경상남도,0.0
202600209FC02020101305005,보리,기본조사,관찰포,2026,5,녹병(피해주율),경상남도,0.0
202600209FC02020101305005,보리,기본조사,관찰포,2026,5,바이러스병(피해주율),경상남도,0.0
202600209FC02020101305005,보리,기본조사,관찰포,2026,5,잎집눈무늬병(피해주율),경상남도,0.0
202600209FC02020101305005,보리,기본조사,관찰포,2026,5,멸강나방_유충(밀도),경상남도,0.0
202600209FC02020101305005,보리,기본조사,관찰포,2026,5,보리굴파리(피해잎율),경상남도,0.0
202600209FC02020101305005,보리,기본조사,관찰포,2026,5,진딧물류(피해잎율),경상남도,0.0
202600209FT01060101322001,사과,기본조사,관찰포,2026,1,갈색무늬병(피해잎율),경기도,0.0
202600209FT01060101322001,사과,기본조사,관찰포,2026,1,점무늬낙엽병(피해잎율),경기도,0.0
202600209FT01060101322001,사과,기본조사,관찰포,2026,1,겹무늬썩음병(피해과율),경기도,0.0
202600209FT01060101322001,사과,기본조사,관찰포,2026,1,탄저병(피해과율),경기도,0.0
202600209FT01060101322001,사과,기본조사,관찰포,2026,1,부란병(피해주율),경기도,0.0
202600209FT01060101322001,사과,기본조사,관찰포,2026,1,응애류(밀도),경기도,0.0
202600209FT01060101322001,사과,기본조사,관찰포,2026,1,복숭아심식나방(피해과율),경기도,0.0
202600209FT01060101322001,사과,기본조사,관찰포,2026,1,복숭아순나방(피해신초율),경기도,0.25
202600209FT01060101322001,사과,기본조사,관찰포,2026,1,조팝나무진딧물(밀도),경기도,0.3
202600209FT01060101322001,사과,기본조사,관찰포,2026,1,노린재류(피해과율),경기도,0.0
202600209FT01060101322001,사과,기본조사,관찰포,2026,1,노린재류(트랩마리수),경기도,0.0
202600209FT01060101322001,사과,기본조사,관찰포,2026,1,복숭아순나방(트랩마리수),경기도,12.5
202600209FT01060101322001,사과,기본조사,관찰포,2026,1,복숭아심식나방(트랩마리수),경기도,0.4
202600209FT01060101322001,사과,기본조사,관찰포,2026,1,복숭아순나방붙이(트랩마리수),경기도,0.0
202600209FT01060101322001,사과,기본조사,관찰포,2026,1,사과굴나방(트랩마리수),경기도,4.3
202600209FT01060101322001,사과,기본조사,관찰포,2026,1,은무늬굴나방(트랩마리수),경기도,0.8
202600209FT01060101322001,사과,기본조사,관찰포,2026,1,사과무늬잎말이나방(트랩마리수),경기도,0.2
202600209FT01060101322001,사과,기본조사,관찰포,2026,1,사과애모무늬잎말이나방(트랩마리수),경기도,0.9
202600209FT01060101322001,사과,기본조사,관찰포,2026,1,붉은별무늬병(피해잎율),경기도,0.0
202600209FT01060101322001,사과,기본조사,관찰포,2026,1,역병(피해과율),경기도,0.0
202600209FT01060101322001,사과,기본조사,관찰포,2026,1,갈색무늬병(피해잎율),강원특별자치도,0.0
202600209FT01060101322001,사과,기본조사,관찰포,2026,1,점무늬낙엽병(피해잎율),강원특별자치도,0.0
202600209FT01060101322001,사과,기본조사,관찰포,2026,1,겹무늬썩음병(피해과율),강원특별자치도,0.0
202600209FT01060101322001,사과,기본조사,관찰포,2026,1,탄저병(피해과율),강원특별자치도,0.0
202600209FT01060101322001,사과,기본조사,관찰포,2026,1,부란병(피해주율),강원특별자치도,25.0
202600209FT01060101322001,사과,기본조사,관찰포,2026,1,응애류(밀도),강원특별자치도,0.0
202600209FT01060101322001,사과,기본조사,관찰포,2026,1,복숭아심식나방(피해과율),강원특별자치도,0.0
202600209FT01060101322001,사과,기본조사,관찰포,2026,1,복숭아순나방(피해신초율),강원특별자치도,0.0
202600209FT01060101322001,사과,기본조사,관찰포,2026,1,조팝나무진딧물(밀도),강원특별자치도,0.77
202600209FT01060101322001,사과,기본조사,관찰포,2026,1,노린재류(피해과율),강원특별자치도,0.0
202600209FT01060101322001,사과,기본조사,관찰포,2026,1,노린재류(트랩마리수),강원특별자치도,0.0
202600209FT01060101322001,사과,기본조사,관찰포,2026,1,복숭아순나방(트랩마리수),강원특별자치도,0.0
202600209FT01060101322001,사과,기본조사,관찰포,2026,1,복숭아심식나방(트랩마리수),강원특별자치도,0.0
202600209FT01060101322001,사과,기본조사,관찰포,2026,1,복숭아순나방붙이(트랩마리수),강원특별자치도,0.0
202600209FT01060101322001,사과,기본조사,관찰포,2026,1,사과굴나방(트랩마리수),강원특별자치도,0.0
202600209FT01060101322001,사과,기본조사,관찰포,2026,1,은무늬굴나방(트랩마리수),강원특별자치도,0.0
202600209FT01060101322001,사과,기본조사,관찰포,2026,1,사과무늬잎말이나방(트랩마리수),강원특별자치도,0.0
202600209FT01060101322001,사과,기본조사,관찰포,2026,1,사과애모무늬잎말이나방(트랩마리수),강원특별자치도,0.0
202600209FT01060101322001,사과,기본조사,관찰포,2026,1,붉은별무늬병(피해잎율),강원특별자치도,0.03
202600209FT01060101322001,사과,기본조사,관찰포,2026,1,역병(피해과율),강원특별자치도,0.0
202600209FT01060101322001,사과,기본조사,관찰포,2026,1,갈색무늬병(피해잎율),충청북도,0.0
202600209FT01060101322001,사과,기본조사,관찰포,2026,1,점무늬낙엽병(피해잎율),충청북도,0.85
202600209FT01060101322001,사과,기본조사,관찰포,2026,1,겹무늬썩음병(피해과율),충청북도,0.0
202600209FT01060101322001,사과,기본조사,관찰포,2026,1,탄저병(피해과율),충청북도,0.0
202600209FT01060101322001,사과,기본조사,관찰포,2026,1,부란병(피해주율),충청북도,0.5
202600209FT01060101322001,사과,기본조사,관찰포,2026,1,응애류(밀도),충청북도,0.0
202600209FT01060101322001,사과,기본조사,관찰포,2026,1,복숭아심식나방(피해과율),충청북도,0.0
202600209FT01060101322001,사과,기본조사,관찰포,2026,1,복숭아순나방(피해신초율),충청북도,0.875
202600209FT01060101322001,사과,기본조사,관찰포,2026,1,조팝나무진딧물(밀도),충청북도,0.43
202600209FT01060101322001,사과,기본조사,관찰포,2026,1,노린재류(피해과율),충청북도,0.0
202600209FT01060101322001,사과,기본조사,관찰포,2026,1,노린재류(트랩마리수),충청북도,4.7
202600209FT01060101322001,사과,기본조사,관찰포,2026,1,복숭아순나방(트랩마리수),충청북도,0.5
202600209FT01060101322001,사과,기본조사,관찰포,2026,1,복숭아심식나방(트랩마리수),충청북도,0.1
202600209FT01060101322001,사과,기본조사,관찰포,2026,1,복숭아순나방붙이(트랩마리수),충청북도,0.4
202600209FT01060101322001,사과,기본조사,관찰포,2026,1,사과굴나방(트랩마리수),충청북도,0.9
202600209FT01060101322001,사과,기본조사,관찰포,2026,1,은무늬굴나방(트랩마리수),충청북도,1.35
202600209FT01060101322001,사과,기본조사,관찰포,2026,1,사과무늬잎말이나방(트랩마리수),충청북도,0.35
202600209FT01060101322001,사과,기본조사,관찰포,2026,1,사과애모무늬잎말이나방(트랩마리수),충청북도,0.05
202600209FT01060101322001,사과,기본조사,관찰포,2026,1,붉은별무늬병(피해잎율),충청북도,0.0
202600209FT01060101322001,사과,기본조사,관찰포,2026,1,역병(피해과율),충청북도,0.0
202600209FT01060101322001,사과,기본조사,관찰포,2026,1,갈색무늬병(피해잎율),충청남도,1.629
202600209FT01060101322001,사과,기본조사,관찰포,2026,1,점무늬낙엽병(피해잎율),충청남도,0.086
202600209FT01060101322001,사과,기본조사,관찰포,2026,1,겹무늬썩음병(피해과율),충청남도,0.0
202600209FT01060101322001,사과,기본조사,관찰포,2026,1,탄저병(피해과율),충청남도,0.0
202600209FT01060101322001,사과,기본조사,관찰포,2026,1,부란병(피해주율),충청남도,0.714
202600209FT01060101322001,사과,기본조사,관찰포,2026,1,응애류(밀도),충청남도,0.014
202600209FT01060101322001,사과,기본조사,관찰포,2026,1,복숭아심식나방(피해과율),충청남도,0.0
202600209FT01060101322001,사과,기본조사,관찰포,2026,1,복숭아순나방(피해신초율),충청남도,0.179
202600209FT01060101322001,사과,기본조사,관찰포,2026,1,조팝나무진딧물(밀도),충청남도,0.064
202600209FT01060101322001,사과,기본조사,관찰포,2026,1,노린재류(피해과율),충청남도,0.0
202600209FT01060101322001,사과,기본조사,관찰포,2026,1,노린재류(트랩마리수),충청남도,0.0
202600209FT01060101322001,사과,기본조사,관찰포,2026,1,복숭아순나방(트랩마리수),충청남도,0.0
202600209FT01060101322001,사과,기본조사,관찰포,2026,1,복숭아심식나방(트랩마리수),충청남도,0.0
202600209FT01060101322001,사과,기본조사,관찰포,2026,1,복숭아순나방붙이(트랩마리수),충청남도,0.0
202600209FT01060101322001,사과,기본조사,관찰포,2026,1,사과굴나방(트랩마리수),충청남도,0.0
202600209FT01060101322001,사과,기본조사,관찰포,2026,1,은무늬굴나방(트랩마리수),충청남도,0.0
202600209FT01060101322001,사과,기본조사,관찰포,2026,1,사과무늬잎말이나방(트랩마리수),충청남도,0.0
202600209FT01060101322001,사과,기본조사,관찰포,2026,1,사과애모무늬잎말이나방(트랩마리수),충청남도,0.0
202600209FT01060101322001,사과,기본조사,관찰포,2026,1,붉은별무늬병(피해잎율),충청남도,0.0
202600209FT01060101322001,사과,기본조사,관찰포,2026,1,역병(피해과율),충청남도,0.057
202600209FT01060101322001,사과,기본조사,관찰포,2026,1,갈색무늬병(피해잎율),전북특별자치도,0.0
202600209FT01060101322001,사과,기본조사,관찰포,2026,1,점무늬낙엽병(피해잎율),전북특별자치도,0.0
202600209FT01060101322001,사과,기본조사,관찰포,2026,1,겹무늬썩음병(피해과율),전북특별자치도,0.0
202600209FT01060101322001,사과,기본조사,관찰포,2026,1,탄저병(피해과율),전북특별자치도,0.0
202600209FT01060101322001,사과,기본조사,관찰포,2026,1,부란병(피해주율),전북특별자치도,3.0
202600209FT01060101322001,사과,기본조사,관찰포,2026,1,응애류(밀도),전북특별자치도,0.0
202600209FT01060101322001,사과,기본조사,관찰포,2026,1,복숭아심식나방(피해과율),전북특별자치도,0.0
202600209FT01060101322001,사과,기본조사,관찰포,2026,1,복숭아순나방(피해신초율),전북특별자치도,0.0
202600209FT01060101322001,사과,기본조사,관찰포,2026,1,조팝나무진딧물(밀도),전북특별자치도,0.23
202600209FT01060101322001,사과,기본조사,관찰포,2026,1,노린재류(피해과율),전북특별자치도,0.0
202600209FT01060101322001,사과,기본조사,관찰포,2026,1,노린재류(트랩마리수),전북특별자치도,5.8
202600209FT01060101322001,사과,기본조사,관찰포,2026,1,복숭아순나방(트랩마리수),전북특별자치도,14.7
202600209FT01060101322001,사과,기본조사,관찰포,2026,1,복숭아심식나방(트랩마리수),전북특별자치도,0.3
202600209FT01060101322001,사과,기본조사,관찰포,2026,1,복숭아순나방붙이(트랩마리수),전북특별자치도,11.9
202600209FT01060101322001,사과,기본조사,관찰포,2026,1,사과굴나방(트랩마리수),전북특별자치도,9.7
202600209FT01060101322001,사과,기본조사,관찰포,2026,1,은무늬굴나방(트랩마리수),전북특별자치도,0.0
202600209FT01060101322001,사과,기본조사,관찰포,2026,1,사과무늬잎말이나방(트랩마리수),전북특별자치도,0.0
202600209FT01060101322001,사과,기본조사,관찰포,2026,1,사과애모무늬잎말이나방(트랩마리수),전북특별자치도,0.0
202600209FT01060101322001,사과,기본조사,관찰포,2026,1,붉은별무늬병(피해잎율),전북특별자치도,0.0
202600209FT01060101322001,사과,기본조사,관찰포,2026,1,역병(피해과율),전북특별자치도,0.0
202600209FT01060101322001,사과,기본조사,관찰포,2026,1,갈색무늬병(피해잎율),전남광주통합특별시,0.0
202600209FT01060101322001,사과,기본조사,관찰포,2026,1,점무늬낙엽병(피해잎율),전남광주통합특별시,0.0
202600209FT01060101322001,사과,기본조사,관찰포,2026,1,겹무늬썩음병(피해과율),전남광주통합특별시,0.0
202600209FT01060101322001,사과,기본조사,관찰포,2026,1,탄저병(피해과율),전남광주통합특별시,0.0
202600209FT01060101322001,사과,기본조사,관찰포,2026,1,부란병(피해주율),전남광주통합특별시,0.0
202600209FT01060101322001,사과,기본조사,관찰포,2026,1,응애류(밀도),전남광주통합특별시,0.0
202600209FT01060101322001,사과,기본조사,관찰포,2026,1,복숭아심식나방(피해과율),전남광주통합특별시,0.0
202600209FT01060101322001,사과,기본조사,관찰포,2026,1,복숭아순나방(피해신초율),전남광주통합특별시,0.0
202600209FT01060101322001,사과,기본조사,관찰포,2026,1,조팝나무진딧물(밀도),전남광주통합특별시,0.0
202600209FT01060101322001,사과,기본조사,관찰포,2026,1,노린재류(피해과율),전남광주통합특별시,0.0
202600209FT01060101322001,사과,기본조사,관찰포,2026,1,노린재류(트랩마리수),전남광주통합특별시,0.0
202600209FT01060101322001,사과,기본조사,관찰포,2026,1,복숭아순나방(트랩마리수),전남광주통합특별시,0.0
202600209FT01060101322001,사과,기본조사,관찰포,2026,1,복숭아심식나방(트랩마리수),전남광주통합특별시,0.0
202600209FT01060101322001,사과,기본조사,관찰포,2026,1,복숭아순나방붙이(트랩마리수),전남광주통합특별시,0.0
202600209FT01060101322001,사과,기본조사,관찰포,2026,1,사과굴나방(트랩마리수),전남광주통합특별시,0.0
202600209FT01060101322001,사과,기본조사,관찰포,2026,1,은무늬굴나방(트랩마리수),전남광주통합특별시,0.0
202600209FT01060101322001,사과,기본조사,관찰포,2026,1,사과무늬잎말이나방(트랩마리수),전남광주통합특별시,0.0
202600209FT01060101322001,사과,기본조사,관찰포,2026,1,사과애모무늬잎말이나방(트랩마리수),전남광주통합특별시,0.0
202600209FT01060101322001,사과,기본조사,관찰포,2026,1,붉은별무늬병(피해잎율),전남광주통합특별시,0.0
202600209FT01060101322001,사과,기본조사,관찰포,2026,1,역병(피해과율),전남광주통합특별시,0.0
202600209FT01060101322001,사과,기본조사,관찰포,2026,1,갈색무늬병(피해잎율),경상북도,0.0
202600209FT01060101322001,사과,기본조사,관찰포,2026,1,점무늬낙엽병(피해잎율),경상북도,0.306
202600209FT01060101322001,사과,기본조사,관찰포,2026,1,겹무늬썩음병(피해과율),경상북도,0.0
202600209FT01060101322001,사과,기본조사,관찰포,2026,1,탄저병(피해과율),경상북도,0.0
202600209FT01060101322001,사과,기본조사,관찰포,2026,1,부란병(피해주율),경상북도,2.778
202600209FT01060101322001,사과,기본조사,관찰포,2026,1,응애류(밀도),경상북도,0.058
202600209FT01060101322001,사과,기본조사,관찰포,2026,1,복숭아심식나방(피해과율),경상북도,0.0
202600209FT01060101322001,사과,기본조사,관찰포,2026,1,복숭아순나방(피해신초율),경상북도,0.486
202600209FT01060101322001,사과,기본조사,관찰포,2026,1,조팝나무진딧물(밀도),경상북도,0.467
202600209FT01060101322001,사과,기본조사,관찰포,2026,1,노린재류(피해과율),경상북도,0.0
202600209FT01060101322001,사과,기본조사,관찰포,2026,1,노린재류(트랩마리수),경상북도,2.917
202600209FT01060101322001,사과,기본조사,관찰포,2026,1,복숭아순나방(트랩마리수),경상북도,21.306
202600209FT01060101322001,사과,기본조사,관찰포,2026,1,복숭아심식나방(트랩마리수),경상북도,0.0
202600209FT01060101322001,사과,기본조사,관찰포,2026,1,복숭아순나방붙이(트랩마리수),경상북도,0.167
202600209FT01060101322001,사과,기본조사,관찰포,2026,1,사과굴나방(트랩마리수),경상북도,103.361
202600209FT01060101322001,사과,기본조사,관찰포,2026,1,은무늬굴나방(트랩마리수),경상북도,1.889
202600209FT01060101322001,사과,기본조사,관찰포,2026,1,사과무늬잎말이나방(트랩마리수),경상북도,0.139
202600209FT01060101322001,사과,기본조사,관찰포,2026,1,사과애모무늬잎말이나방(트랩마리수),경상북도,0.306
202600209FT01060101322001,사과,기본조사,관찰포,2026,1,붉은별무늬병(피해잎율),경상북도,0.0
202600209FT01060101322001,사과,기본조사,관찰포,2026,1,역병(피해과율),경상북도,0.0
202600209FT01060101322001,사과,기본조사,관찰포,2026,1,갈색무늬병(피해잎율),경상남도,0.3
202600209FT01060101322001,사과,기본조사,관찰포,2026,1,점무늬낙엽병(피해잎율),경상남도,0.0
202600209FT01060101322001,사과,기본조사,관찰포,2026,1,겹무늬썩음병(피해과율),경상남도,0.0
202600209FT01060101322001,사과,기본조사,관찰포,2026,1,탄저병(피해과율),경상남도,0.0
202600209FT01060101322001,사과,기본조사,관찰포,2026,1,부란병(피해주율),경상남도,3.0
202600209FT01060101322001,사과,기본조사,관찰포,2026,1,응애류(밀도),경상남도,0.03
202600209FT01060101322001,사과,기본조사,관찰포,2026,1,복숭아심식나방(피해과율),경상남도,0.0
202600209FT01060101322001,사과,기본조사,관찰포,2026,1,복숭아순나방(피해신초율),경상남도,0.0
202600209FT01060101322001,사과,기본조사,관찰포,2026,1,조팝나무진딧물(밀도),경상남도,0.0
202600209FT01060101322001,사과,기본조사,관찰포,2026,1,노린재류(피해과율),경상남도,0.0
202600209FT01060101322001,사과,기본조사,관찰포,2026,1,노린재류(트랩마리수),경상남도,0.0
202600209FT01060101322001,사과,기본조사,관찰포,2026,1,복숭아순나방(트랩마리수),경상남도,0.0
202600209FT01060101322001,사과,기본조사,관찰포,2026,1,복숭아심식나방(트랩마리수),경상남도,0.0
202600209FT01060101322001,사과,기본조사,관찰포,2026,1,복숭아순나방붙이(트랩마리수),경상남도,0.0
202600209FT01060101322001,사과,기본조사,관찰포,2026,1,사과굴나방(트랩마리수),경상남도,0.0
202600209FT01060101322001,사과,기본조사,관찰포,2026,1,은무늬굴나방(트랩마리수),경상남도,0.0
202600209FT01060101322001,사과,기본조사,관찰포,2026,1,사과무늬잎말이나방(트랩마리수),경상남도,0.0
202600209FT01060101322001,사과,기본조사,관찰포,2026,1,사과애모무늬잎말이나방(트랩마리수),경상남도,0.0
202600209FT01060101322001,사과,기본조사,관찰포,2026,1,붉은별무늬병(피해잎율),경상남도,0.0
202600209FT01060101322001,사과,기본조사,관찰포,2026,1,역병(피해과율),경상남도,0.0
202600209FT01060201322002,배,기본조사,관찰포,2026,2,붉은별무늬병(피해잎율),울산광역시,1.7
202600209FT01060201322002,배,기본조사,관찰포,2026,2,검은별무늬병(피해잎율),울산광역시,0.1
202600209FT01060201322002,배,기본조사,관찰포,2026,2,잎검은점병(피해잎율),울산광역시,0.0
202600209FT01060201322002,배,기본조사,관찰포,2026,2,겹무늬병(피해과율),울산광역시,0.0
202600209FT01060201322002,배,기본조사,관찰포,2026,2,복숭아순나방(피해신초율),울산광역시,1.5
202600209FT01060201322002,배,기본조사,관찰포,2026,2,응애류(밀도),울산광역시,0.0
202600209FT01060201322002,배,기본조사,관찰포,2026,2,주경배나무이(밀도),울산광역시,0.0
202600209FT01060201322002,배,기본조사,관찰포,2026,2,깍지벌레류(밀도),울산광역시,0.06
202600209FT01060201322002,배,기본조사,관찰포,2026,2,복숭아순나방(트랩마리수),울산광역시,1.8
202600209FT01060201322002,배,기본조사,관찰포,2026,2,복숭아심식나방(트랩마리수),울산광역시,1.2
202600209FT01060201322002,배,기본조사,관찰포,2026,2,사과무늬잎말이나방(트랩마리수),울산광역시,0.0
202600209FT01060201322002,배,기본조사,관찰포,2026,2,사과애모무늬잎말이나방(트랩마리수),울산광역시,0.0
202600209FT01060201322002,배,기본조사,관찰포,2026,2,붉은별무늬병(피해잎율),세종특별자치시,0.0
202600209FT01060201322002,배,기본조사,관찰포,2026,2,검은별무늬병(피해잎율),세종특별자치시,0.0
202600209FT01060201322002,배,기본조사,관찰포,2026,2,잎검은점병(피해잎율),세종특별자치시,0.0
202600209FT01060201322002,배,기본조사,관찰포,2026,2,겹무늬병(피해과율),세종특별자치시,0.0
202600209FT01060201322002,배,기본조사,관찰포,2026,2,복숭아순나방(피해신초율),세종특별자치시,0.0
202600209FT01060201322002,배,기본조사,관찰포,2026,2,응애류(밀도),세종특별자치시,0.0
202600209FT01060201322002,배,기본조사,관찰포,2026,2,주경배나무이(밀도),세종특별자치시,0.0
202600209FT01060201322002,배,기본조사,관찰포,2026,2,깍지벌레류(밀도),세종특별자치시,0.0
202600209FT01060201322002,배,기본조사,관찰포,2026,2,복숭아순나방(트랩마리수),세종특별자치시,0.0
202600209FT01060201322002,배,기본조사,관찰포,2026,2,복숭아심식나방(트랩마리수),세종특별자치시,0.0
202600209FT01060201322002,배,기본조사,관찰포,2026,2,사과무늬잎말이나방(트랩마리수),세종특별자치시,0.0
202600209FT01060201322002,배,기본조사,관찰포,2026,2,사과애모무늬잎말이나방(트랩마리수),세종특별자치시,0.0
202600209FT01060201322002,배,기본조사,관찰포,2026,2,붉은별무늬병(피해잎율),경기도,0.0
202600209FT01060201322002,배,기본조사,관찰포,2026,2,검은별무늬병(피해잎율),경기도,0.0
202600209FT01060201322002,배,기본조사,관찰포,2026,2,잎검은점병(피해잎율),경기도,0.0
202600209FT01060201322002,배,기본조사,관찰포,2026,2,겹무늬병(피해과율),경기도,0.0
202600209FT01060201322002,배,기본조사,관찰포,2026,2,복숭아순나방(피해신초율),경기도,0.5
202600209FT01060201322002,배,기본조사,관찰포,2026,2,응애류(밀도),경기도,0.0
202600209FT01060201322002,배,기본조사,관찰포,2026,2,주경배나무이(밀도),경기도,0.0
202600209FT01060201322002,배,기본조사,관찰포,2026,2,깍지벌레류(밀도),경기도,0.007
202600209FT01060201322002,배,기본조사,관찰포,2026,2,복숭아순나방(트랩마리수),경기도,26.4
202600209FT01060201322002,배,기본조사,관찰포,2026,2,복숭아심식나방(트랩마리수),경기도,0.0
202600209FT01060201322002,배,기본조사,관찰포,2026,2,사과무늬잎말이나방(트랩마리수),경기도,0.0
202600209FT01060201322002,배,기본조사,관찰포,2026,2,사과애모무늬잎말이나방(트랩마리수),경기도,0.0
202600209FT01060201322002,배,기본조사,관찰포,2026,2,붉은별무늬병(피해잎율),강원특별자치도,0.0
202600209FT01060201322002,배,기본조사,관찰포,2026,2,검은별무늬병(피해잎율),강원특별자치도,0.0
202600209FT01060201322002,배,기본조사,관찰포,2026,2,잎검은점병(피해잎율),강원특별자치도,0.0
202600209FT01060201322002,배,기본조사,관찰포,2026,2,겹무늬병(피해과율),강원특별자치도,0.0
202600209FT01060201322002,배,기본조사,관찰포,2026,2,복숭아순나방(피해신초율),강원특별자치도,0.0
202600209FT01060201322002,배,기본조사,관찰포,2026,2,응애류(밀도),강원특별자치도,0.0
202600209FT01060201322002,배,기본조사,관찰포,2026,2,주경배나무이(밀도),강원특별자치도,0.0
202600209FT01060201322002,배,기본조사,관찰포,2026,2,깍지벌레류(밀도),강원특별자치도,0.0
202600209FT01060201322002,배,기본조사,관찰포,2026,2,복숭아순나방(트랩마리수),강원특별자치도,13.0
202600209FT01060201322002,배,기본조사,관찰포,2026,2,복숭아심식나방(트랩마리수),강원특별자치도,0.0
202600209FT01060201322002,배,기본조사,관찰포,2026,2,사과무늬잎말이나방(트랩마리수),강원특별자치도,0.0
202600209FT01060201322002,배,기본조사,관찰포,2026,2,사과애모무늬잎말이나방(트랩마리수),강원특별자치도,0.0
202600209FT01060201322002,배,기본조사,관찰포,2026,2,붉은별무늬병(피해잎율),충청북도,0.0
202600209FT01060201322002,배,기본조사,관찰포,2026,2,검은별무늬병(피해잎율),충청북도,0.0
202600209FT01060201322002,배,기본조사,관찰포,2026,2,잎검은점병(피해잎율),충청북도,0.0
202600209FT01060201322002,배,기본조사,관찰포,2026,2,겹무늬병(피해과율),충청북도,0.0
202600209FT01060201322002,배,기본조사,관찰포,2026,2,복숭아순나방(피해신초율),충청북도,0.0
202600209FT01060201322002,배,기본조사,관찰포,2026,2,응애류(밀도),충청북도,0.0
202600209FT01060201322002,배,기본조사,관찰포,2026,2,주경배나무이(밀도),충청북도,0.0
202600209FT01060201322002,배,기본조사,관찰포,2026,2,깍지벌레류(밀도),충청북도,0.0
202600209FT01060201322002,배,기본조사,관찰포,2026,2,복숭아순나방(트랩마리수),충청북도,0.0
202600209FT01060201322002,배,기본조사,관찰포,2026,2,복숭아심식나방(트랩마리수),충청북도,0.0
202600209FT01060201322002,배,기본조사,관찰포,2026,2,사과무늬잎말이나방(트랩마리수),충청북도,0.0
202600209FT01060201322002,배,기본조사,관찰포,2026,2,사과애모무늬잎말이나방(트랩마리수),충청북도,0.0
202600209FT01060201322002,배,기본조사,관찰포,2026,2,붉은별무늬병(피해잎율),충청남도,0.495
202600209FT01060201322002,배,기본조사,관찰포,2026,2,검은별무늬병(피해잎율),충청남도,0.52
202600209FT01060201322002,배,기본조사,관찰포,2026,2,잎검은점병(피해잎율),충청남도,0.375
202600209FT01060201322002,배,기본조사,관찰포,2026,2,겹무늬병(피해과율),충청남도,0.0
202600209FT01060201322002,배,기본조사,관찰포,2026,2,복숭아순나방(피해신초율),충청남도,0.375
202600209FT01060201322002,배,기본조사,관찰포,2026,2,응애류(밀도),충청남도,0.05
202600209FT01060201322002,배,기본조사,관찰포,2026,2,주경배나무이(밀도),충청남도,0.07
202600209FT01060201322002,배,기본조사,관찰포,2026,2,깍지벌레류(밀도),충청남도,0.55
202600209FT01060201322002,배,기본조사,관찰포,2026,2,복숭아순나방(트랩마리수),충청남도,0.8
202600209FT01060201322002,배,기본조사,관찰포,2026,2,복숭아심식나방(트랩마리수),충청남도,0.15
202600209FT01060201322002,배,기본조사,관찰포,2026,2,사과무늬잎말이나방(트랩마리수),충청남도,0.25
202600209FT01060201322002,배,기본조사,관찰포,2026,2,사과애모무늬잎말이나방(트랩마리수),충청남도,0.0
202600209FT01060201322002,배,기본조사,관찰포,2026,2,붉은별무늬병(피해잎율),전북특별자치도,0.0
202600209FT01060201322002,배,기본조사,관찰포,2026,2,검은별무늬병(피해잎율),전북특별자치도,0.0
202600209FT01060201322002,배,기본조사,관찰포,2026,2,잎검은점병(피해잎율),전북특별자치도,0.0
202600209FT01060201322002,배,기본조사,관찰포,2026,2,겹무늬병(피해과율),전북특별자치도,0.0
202600209FT01060201322002,배,기본조사,관찰포,2026,2,복숭아순나방(피해신초율),전북특별자치도,0.5
202600209FT01060201322002,배,기본조사,관찰포,2026,2,응애류(밀도),전북특별자치도,0.0
202600209FT01060201322002,배,기본조사,관찰포,2026,2,주경배나무이(밀도),전북특별자치도,0.0
202600209FT01060201322002,배,기본조사,관찰포,2026,2,깍지벌레류(밀도),전북특별자치도,0.0
202600209FT01060201322002,배,기본조사,관찰포,2026,2,복숭아순나방(트랩마리수),전북특별자치도,3.333
202600209FT01060201322002,배,기본조사,관찰포,2026,2,복숭아심식나방(트랩마리수),전북특별자치도,0.0
202600209FT01060201322002,배,기본조사,관찰포,2026,2,사과무늬잎말이나방(트랩마리수),전북특별자치도,0.067
202600209FT01060201322002,배,기본조사,관찰포,2026,2,사과애모무늬잎말이나방(트랩마리수),전북특별자치도,0.067
202600209FT01060201322002,배,기본조사,관찰포,2026,2,붉은별무늬병(피해잎율),전남광주통합특별시,5.333
202600209FT01060201322002,배,기본조사,관찰포,2026,2,검은별무늬병(피해잎율),전남광주통합특별시,0.333
202600209FT01060201322002,배,기본조사,관찰포,2026,2,잎검은점병(피해잎율),전남광주통합특별시,5.5
202600209FT01060201322002,배,기본조사,관찰포,2026,2,겹무늬병(피해과율),전남광주통합특별시,0.0
202600209FT01060201322002,배,기본조사,관찰포,2026,2,복숭아순나방(피해신초율),전남광주통합특별시,0.0
202600209FT01060201322002,배,기본조사,관찰포,2026,2,응애류(밀도),전남광주통합특별시,0.0
202600209FT01060201322002,배,기본조사,관찰포,2026,2,주경배나무이(밀도),전남광주통합특별시,0.0
202600209FT01060201322002,배,기본조사,관찰포,2026,2,깍지벌레류(밀도),전남광주통합특별시,0.0
202600209FT01060201322002,배,기본조사,관찰포,2026,2,복숭아순나방(트랩마리수),전남광주통합특별시,0.0
202600209FT01060201322002,배,기본조사,관찰포,2026,2,복숭아심식나방(트랩마리수),전남광주통합특별시,0.0
202600209FT01060201322002,배,기본조사,관찰포,2026,2,사과무늬잎말이나방(트랩마리수),전남광주통합특별시,0.0
202600209FT01060201322002,배,기본조사,관찰포,2026,2,사과애모무늬잎말이나방(트랩마리수),전남광주통합특별시,0.0
202600209FT01060201322002,배,기본조사,관찰포,2026,2,붉은별무늬병(피해잎율),경상북도,0.0
202600209FT01060201322002,배,기본조사,관찰포,2026,2,검은별무늬병(피해잎율),경상북도,1.68
202600209FT01060201322002,배,기본조사,관찰포,2026,2,잎검은점병(피해잎율),경상북도,0.0
202600209FT01060201322002,배,기본조사,관찰포,2026,2,겹무늬병(피해과율),경상북도,0.0
202600209FT01060201322002,배,기본조사,관찰포,2026,2,복숭아순나방(피해신초율),경상북도,0.0
202600209FT01060201322002,배,기본조사,관찰포,2026,2,응애류(밀도),경상북도,0.0
202600209FT01060201322002,배,기본조사,관찰포,2026,2,주경배나무이(밀도),경상북도,0.05
202600209FT01060201322002,배,기본조사,관찰포,2026,2,깍지벌레류(밀도),경상북도,0.0
202600209FT01060201322002,배,기본조사,관찰포,2026,2,복숭아순나방(트랩마리수),경상북도,43.9
202600209FT01060201322002,배,기본조사,관찰포,2026,2,복숭아심식나방(트랩마리수),경상북도,0.0
202600209FT01060201322002,배,기본조사,관찰포,2026,2,사과무늬잎말이나방(트랩마리수),경상북도,0.3
202600209FT01060201322002,배,기본조사,관찰포,2026,2,사과애모무늬잎말이나방(트랩마리수),경상북도,0.7
202600209FT01060201322002,배,기본조사,관찰포,2026,2,붉은별무늬병(피해잎율),경상남도,2.333
202600209FT01060201322002,배,기본조사,관찰포,2026,2,검은별무늬병(피해잎율),경상남도,0.0
202600209FT01060201322002,배,기본조사,관찰포,2026,2,잎검은점병(피해잎율),경상남도,0.333
202600209FT01060201322002,배,기본조사,관찰포,2026,2,겹무늬병(피해과율),경상남도,0.0
202600209FT01060201322002,배,기본조사,관찰포,2026,2,복숭아순나방(피해신초율),경상남도,2.667
202600209FT01060201322002,배,기본조사,관찰포,2026,2,응애류(밀도),경상남도,0.0
202600209FT01060201322002,배,기본조사,관찰포,2026,2,주경배나무이(밀도),경상남도,0.053
202600209FT01060201322002,배,기본조사,관찰포,2026,2,깍지벌레류(밀도),경상남도,0.027
202600209FT01060201322002,배,기본조사,관찰포,2026,2,복숭아순나방(트랩마리수),경상남도,0.0
202600209FT01060201322002,배,기본조사,관찰포,2026,2,복숭아심식나방(트랩마리수),경상남도,0.0
202600209FT01060201322002,배,기본조사,관찰포,2026,2,사과무늬잎말이나방(트랩마리수),경상남도,0.0
202600209FT01060201322002,배,기본조사,관찰포,2026,2,사과애모무늬잎말이나방(트랩마리수),경상남도,0.0
202600209FT02060401322002,복숭아,기본조사,관찰포,2026,2,세균구멍병(피해잎율),세종특별자치시,0.0
202600209FT02060401322002,복숭아,기본조사,관찰포,2026,2,탄저병(피해과율),세종특별자치시,0.0
202600209FT02060401322002,복숭아,기본조사,관찰포,2026,2,잎오갈병(피해잎율),세종특별자치시,0.0
202600209FT02060401322002,복숭아,기본조사,관찰포,2026,2,복숭아심식나방(피해과율),세종특별자치시,0.0
202600209FT02060401322002,복숭아,기본조사,관찰포,2026,2,복숭아순나방(피해신초율),세종특별자치시,0.0
202600209FT02060401322002,복숭아,기본조사,관찰포,2026,2,세균구멍병(피해잎율),경기도,0.1
202600209FT02060401322002,복숭아,기본조사,관찰포,2026,2,탄저병(피해과율),경기도,0.0
202600209FT02060401322002,복숭아,기본조사,관찰포,2026,2,잎오갈병(피해잎율),경기도,0.0
202600209FT02060401322002,복숭아,기본조사,관찰포,2026,2,복숭아심식나방(피해과율),경기도,0.0
202600209FT02060401322002,복숭아,기본조사,관찰포,2026,2,복숭아순나방(피해신초율),경기도,0.3
202600209FT02060401322002,복숭아,기본조사,관찰포,2026,2,세균구멍병(피해잎율),강원특별자치도,1.5
202600209FT02060401322002,복숭아,기본조사,관찰포,2026,2,탄저병(피해과율),강원특별자치도,0.0
202600209FT02060401322002,복숭아,기본조사,관찰포,2026,2,잎오갈병(피해잎율),강원특별자치도,0.0
202600209FT02060401322002,복숭아,기본조사,관찰포,2026,2,복숭아심식나방(피해과율),강원특별자치도,0.0
202600209FT02060401322002,복숭아,기본조사,관찰포,2026,2,복숭아순나방(피해신초율),강원특별자치도,0.8
202600209FT02060401322002,복숭아,기본조사,관찰포,2026,2,세균구멍병(피해잎율),충청북도,0.267
202600209FT02060401322002,복숭아,기본조사,관찰포,2026,2,탄저병(피해과율),충청북도,0.0
202600209FT02060401322002,복숭아,기본조사,관찰포,2026,2,잎오갈병(피해잎율),충청북도,0.0
202600209FT02060401322002,복숭아,기본조사,관찰포,2026,2,복숭아심식나방(피해과율),충청북도,0.0
202600209FT02060401322002,복숭아,기본조사,관찰포,2026,2,복숭아순나방(피해신초율),충청북도,0.267
202600209FT02060401322002,복숭아,기본조사,관찰포,2026,2,세균구멍병(피해잎율),충청남도,26.4
202600209FT02060401322002,복숭아,기본조사,관찰포,2026,2,탄저병(피해과율),충청남도,0.0
202600209FT02060401322002,복숭아,기본조사,관찰포,2026,2,잎오갈병(피해잎율),충청남도,0.0
202600209FT02060401322002,복숭아,기본조사,관찰포,2026,2,복숭아심식나방(피해과율),충청남도,0.0
202600209FT02060401322002,복숭아,기본조사,관찰포,2026,2,복숭아순나방(피해신초율),충청남도,0.0
202600209FT02060401322002,복숭아,기본조사,관찰포,2026,2,세균구멍병(피해잎율),전북특별자치도,1.867
202600209FT02060401322002,복숭아,기본조사,관찰포,2026,2,탄저병(피해과율),전북특별자치도,0.0
202600209FT02060401322002,복숭아,기본조사,관찰포,2026,2,잎오갈병(피해잎율),전북특별자치도,0.0
202600209FT02060401322002,복숭아,기본조사,관찰포,2026,2,복숭아심식나방(피해과율),전북특별자치도,0.007
202600209FT02060401322002,복숭아,기본조사,관찰포,2026,2,복숭아순나방(피해신초율),전북특별자치도,1.133
202600209FT02060401322002,복숭아,기본조사,관찰포,2026,2,세균구멍병(피해잎율),전남광주통합특별시,0.2
202600209FT02060401322002,복숭아,기본조사,관찰포,2026,2,탄저병(피해과율),전남광주통합특별시,0.0
202600209FT02060401322002,복숭아,기본조사,관찰포,2026,2,잎오갈병(피해잎율),전남광주통합특별시,0.0
202600209FT02060401322002,복숭아,기본조사,관찰포,2026,2,복숭아심식나방(피해과율),전남광주통합특별시,0.0
202600209FT02060401322002,복숭아,기본조사,관찰포,2026,2,복숭아순나방(피해신초율),전남광주통합특별시,1.1
202600209FT02060401322002,복숭아,기본조사,관찰포,2026,2,세균구멍병(피해잎율),경상북도,0.048
202600209FT02060401322002,복숭아,기본조사,관찰포,2026,2,탄저병(피해과율),경상북도,0.0
202600209FT02060401322002,복숭아,기본조사,관찰포,2026,2,잎오갈병(피해잎율),경상북도,0.0
202600209FT02060401322002,복숭아,기본조사,관찰포,2026,2,복숭아심식나방(피해과율),경상북도,0.06
202600209FT02060401322002,복숭아,기본조사,관찰포,2026,2,복숭아순나방(피해신초율),경상북도,0.08
202600209FT02060401322002,복숭아,기본조사,관찰포,2026,2,세균구멍병(피해잎율),경상남도,2.9
202600209FT02060401322002,복숭아,기본조사,관찰포,2026,2,탄저병(피해과율),경상남도,0.0
202600209FT02060401322002,복숭아,기본조사,관찰포,2026,2,잎오갈병(피해잎율),경상남도,0.0
202600209FT02060401322002,복숭아,기본조사,관찰포,2026,2,복숭아심식나방(피해과율),경상남도,0.0
202600209FT02060401322002,복숭아,기본조사,관찰포,2026,2,복숭아순나방(피해신초율),경상남도,1.7
202600209FT04060301306003,포도,기본조사,관찰포,2026,3,갈색무늬병(피해잎율),대전광역시,0.0
202600209FT04060301306003,포도,기본조사,관찰포,2026,3,노균병(피해잎율),대전광역시,0.0
202600209FT04060301306003,포도,기본조사,관찰포,2026,3,꽃매미(밀도),대전광역시,0.0
202600209FT04060301306003,포도,기본조사,관찰포,2026,3,갈색무늬병(피해잎율),경기도,0.0
202600209FT04060301306003,포도,기본조사,관찰포,2026,3,노균병(피해잎율),경기도,0.0
202600209FT04060301306003,포도,기본조사,관찰포,2026,3,꽃매미(밀도),경기도,0.013
202600209FT04060301306003,포도,기본조사,관찰포,2026,3,갈색무늬병(피해잎율),충청북도,0.0
202600209FT04060301306003,포도,기본조사,관찰포,2026,3,노균병(피해잎율),충청북도,0.0
202600209FT04060301306003,포도,기본조사,관찰포,2026,3,꽃매미(밀도),충청북도,0.25
202600209FT04060301306003,포도,기본조사,관찰포,2026,3,갈색무늬병(피해잎율),충청남도,0.0
202600209FT04060301306003,포도,기본조사,관찰포,2026,3,노균병(피해잎율),충청남도,0.0
202600209FT04060301306003,포도,기본조사,관찰포,2026,3,꽃매미(밀도),충청남도,2.2
202600209FT04060301306003,포도,기본조사,관찰포,2026,3,갈색무늬병(피해잎율),전북특별자치도,0.0
202600209FT04060301306003,포도,기본조사,관찰포,2026,3,노균병(피해잎율),전북특별자치도,0.1
202600209FT04060301306003,포도,기본조사,관찰포,2026,3,꽃매미(밀도),전북특별자치도,0.0
202600209FT04060301306003,포도,기본조사,관찰포,2026,3,갈색무늬병(피해잎율),전남광주통합특별시,0.0
202600209FT04060301306003,포도,기본조사,관찰포,2026,3,노균병(피해잎율),전남광주통합특별시,0.0
202600209FT04060301306003,포도,기본조사,관찰포,2026,3,꽃매미(밀도),전남광주통합특별시,0.0
202600209FT04060301306003,포도,기본조사,관찰포,2026,3,갈색무늬병(피해잎율),경상북도,0.0
202600209FT04060301306003,포도,기본조사,관찰포,2026,3,노균병(피해잎율),경상북도,0.0
202600209FT04060301306003,포도,기본조사,관찰포,2026,3,꽃매미(밀도),경상북도,0.081
202600209FT04060301306003,포도,기본조사,관찰포,2026,3,갈색무늬병(피해잎율),경상남도,0.0
202600209FT04060301306003,포도,기본조사,관찰포,2026,3,노균병(피해잎율),경상남도,0.0
202600209FT04060301306003,포도,기본조사,관찰포,2026,3,꽃매미(밀도),경상남도,0.0
202600209FT06060501322002,감,기본조사,관찰포,2026,2,탄저병(피해과율),울산광역시,0.0
202600209FT06060501322002,감,기본조사,관찰포,2026,2,둥근무늬낙엽병(피해잎율),울산광역시,0.0
202600209FT06060501322002,감,기본조사,관찰포,2026,2,흰가루병(피해잎율),울산광역시,0.0
202600209FT06060501322002,감,기본조사,관찰포,2026,2,깍지벌레류(밀도),울산광역시,0.14
202600209FT06060501322002,감,기본조사,관찰포,2026,2,감꼭지나방(피해과율),울산광역시,0.04
202600209FT06060501322002,감,기본조사,관찰포,2026,2,노린재류(피해과율),울산광역시,0.0
202600209FT06060501322002,감,기본조사,관찰포,2026,2,모무늬낙엽병(피해잎율),울산광역시,0.0
202600209FT06060501322002,감,기본조사,관찰포,2026,2,매점병(피해과율),울산광역시,0.0
202600209FT06060501322002,감,기본조사,관찰포,2026,2,탄저병(피해과율),전남광주통합특별시,0.0
202600209FT06060501322002,감,기본조사,관찰포,2026,2,둥근무늬낙엽병(피해잎율),전남광주통합특별시,0.0
202600209FT06060501322002,감,기본조사,관찰포,2026,2,흰가루병(피해잎율),전남광주통합특별시,0.0
202600209FT06060501322002,감,기본조사,관찰포,2026,2,깍지벌레류(밀도),전남광주통합특별시,0.0
202600209FT06060501322002,감,기본조사,관찰포,2026,2,감꼭지나방(피해과율),전남광주통합특별시,0.0
202600209FT06060501322002,감,기본조사,관찰포,2026,2,노린재류(피해과율),전남광주통합특별시,0.0
202600209FT06060501322002,감,기본조사,관찰포,2026,2,모무늬낙엽병(피해잎율),전남광주통합특별시,0.0
202600209FT06060501322002,감,기본조사,관찰포,2026,2,매점병(피해과율),전남광주통합특별시,0.0
202600209FT06060501322002,감,기본조사,관찰포,2026,2,탄저병(피해과율),경상북도,0.0
202600209FT06060501322002,감,기본조사,관찰포,2026,2,둥근무늬낙엽병(피해잎율),경상북도,0.0
202600209FT06060501322002,감,기본조사,관찰포,2026,2,흰가루병(피해잎율),경상북도,0.48
202600209FT06060501322002,감,기본조사,관찰포,2026,2,깍지벌레류(밀도),경상북도,0.27
202600209FT06060501322002,감,기본조사,관찰포,2026,2,감꼭지나방(피해과율),경상북도,0.03
202600209FT06060501322002,감,기본조사,관찰포,2026,2,노린재류(피해과율),경상북도,0.76
202600209FT06060501322002,감,기본조사,관찰포,2026,2,모무늬낙엽병(피해잎율),경상북도,0.0
202600209FT06060501322002,감,기본조사,관찰포,2026,2,매점병(피해과율),경상북도,0.0
202600209FT06060501322002,감,기본조사,관찰포,2026,2,탄저병(피해과율),경상남도,0.0
202600209FT06060501322002,감,기본조사,관찰포,2026,2,둥근무늬낙엽병(피해잎율),경상남도,0.217
202600209FT06060501322002,감,기본조사,관찰포,2026,2,흰가루병(피해잎율),경상남도,0.0
202600209FT06060501322002,감,기본조사,관찰포,2026,2,깍지벌레류(밀도),경상남도,0.083
202600209FT06060501322002,감,기본조사,관찰포,2026,2,감꼭지나방(피해과율),경상남도,0.0
202600209FT06060501322002,감,기본조사,관찰포,2026,2,노린재류(피해과율),경상남도,0.169
202600209FT06060501322002,감,기본조사,관찰포,2026,2,모무늬낙엽병(피해잎율),경상남도,0.0
202600209FT06060501322002,감,기본조사,관찰포,2026,2,매점병(피해과율),경상남도,0.0
202600209FT06061401322002,감귤,기본조사,관찰포,2026,2,더뎅이병(피해주율),제주특별자치도,0.909
202600209FT06061401322002,감귤,기본조사,관찰포,2026,2,궤양병(피해주율),제주특별자치도,0.0
202600209FT06061401322002,감귤,기본조사,관찰포,2026,2,검은점무늬병(피해과율),제주특별자치도,0.0
202600209FT06061401322002,감귤,기본조사,관찰포,2026,2,역병(피해과율),제주특별자치도,0.0
202600209FT06061401322002,감귤,기본조사,관찰포,2026,2,볼록총채벌레(밀도),제주특별자치도,0.0
202600209FT06061401322002,감귤,기본조사,관찰포,2026,2,귤응애(밀도),제주특별자치도,0.264
202600209FT06061401322002,감귤,기본조사,관찰포,2026,2,볼록총채벌레(트랩마리수),제주특별자치도,9.182
202600209FT06061401322002,감귤,기본조사,관찰포,2026,2,깍지벌레(트랩마리수),제주특별자치도,0.0
202600209FT06061401322002,감귤,기본조사,관찰포,2026,2,귤굴나방(밀도),제주특별자치도,0.0
202600209FT06061401322002,감귤,기본조사,관찰포,2026,2,진딧물류(밀도),제주특별자치도,0.136
202600209VC04120101322005,양파,기본조사,관찰포,2026,5,잎마름병(피해주율),대구광역시,28.75
202600209VC04120101322005,양파,기본조사,관찰포,2026,5,흑색썩음균핵병(피해주율),대구광역시,0.0
202600209VC04120101322005,양파,기본조사,관찰포,2026,5,노균병(피해주율),대구광역시,0.0
202600209VC04120101322005,양파,기본조사,관찰포,2026,5,녹병(피해주율),대구광역시,0.0
202600209VC04120101322005,양파,기본조사,관찰포,2026,5,고자리파리(피해주율),대구광역시,0.0
202600209VC04120101322005,양파,기본조사,관찰포,2026,5,검은무늬병(피해주율),대구광역시,0.0
202600209VC04120101322005,양파,기본조사,관찰포,2026,5,잎마름병(피해주율),전북특별자치도,12.5
202600209VC04120101322005,양파,기본조사,관찰포,2026,5,흑색썩음균핵병(피해주율),전북특별자치도,0.0
202600209VC04120101322005,양파,기본조사,관찰포,2026,5,노균병(피해주율),전북특별자치도,0.0
202600209VC04120101322005,양파,기본조사,관찰포,2026,5,녹병(피해주율),전북특별자치도,0.0
202600209VC04120101322005,양파,기본조사,관찰포,2026,5,고자리파리(피해주율),전북특별자치도,0.0
202600209VC04120101322005,양파,기본조사,관찰포,2026,5,검은무늬병(피해주율),전북특별자치도,0.0
202600209VC04120101322005,양파,기본조사,관찰포,2026,5,잎마름병(피해주율),전남광주통합특별시,7.5
202600209VC04120101322005,양파,기본조사,관찰포,2026,5,흑색썩음균핵병(피해주율),전남광주통합특별시,0.0
202600209VC04120101322005,양파,기본조사,관찰포,2026,5,노균병(피해주율),전남광주통합특별시,5.357
202600209VC04120101322005,양파,기본조사,관찰포,2026,5,녹병(피해주율),전남광주통합특별시,0.0
202600209VC04120101322005,양파,기본조사,관찰포,2026,5,고자리파리(피해주율),전남광주통합특별시,0.714
202600209VC04120101322005,양파,기본조사,관찰포,2026,5,검은무늬병(피해주율),전남광주통합특별시,0.0
202600209VC04120101322005,양파,기본조사,관찰포,2026,5,잎마름병(피해주율),경상북도,3.214
202600209VC04120101322005,양파,기본조사,관찰포,2026,5,흑색썩음균핵병(피해주율),경상북도,0.357
202600209VC04120101322005,양파,기본조사,관찰포,2026,5,노균병(피해주율),경상북도,3.929
202600209VC04120101322005,양파,기본조사,관찰포,2026,5,녹병(피해주율),경상북도,0.714
202600209VC04120101322005,양파,기본조사,관찰포,2026,5,고자리파리(피해주율),경상북도,0.0
202600209VC04120101322005,양파,기본조사,관찰포,2026,5,검은무늬병(피해주율),경상북도,0.0
202600209VC04120101322005,양파,기본조사,관찰포,2026,5,잎마름병(피해주율),경상남도,0.0
202600209VC04120101322005,양파,기본조사,관찰포,2026,5,흑색썩음균핵병(피해주율),경상남도,0.0
202600209VC04120101322005,양파,기본조사,관찰포,2026,5,노균병(피해주율),경상남도,0.0
202600209VC04120101322005,양파,기본조사,관찰포,2026,5,녹병(피해주율),경상남도,0.0
202600209VC04120101322005,양파,기본조사,관찰포,2026,5,고자리파리(피해주율),경상남도,0.0
202600209VC04120101322005,양파,기본조사,관찰포,2026,5,검은무늬병(피해주율),경상남도,0.0
202600209VC04120901348005,마늘,한지형마늘,관찰포,2026,5,한지형마늘 - 잎마름병(피해주율),대구광역시,0.0
202600209VC04120901348005,마늘,한지형마늘,관찰포,2026,5,한지형마늘 - 잎마름병(피해주율),대구광역시,0.0
202600209VC04120901348005,마늘,한지형마늘,관찰포,2026,5,한지형마늘 - 흑색썩음균핵병(피해주율),대구광역시,0.0
202600209VC04120901348005,마늘,한지형마늘,관찰포,2026,5,한지형마늘 - 흑색썩음균핵병(피해주율),대구광역시,0.0
202600209VC04120901348005,마늘,한지형마늘,관찰포,2026,5,한지형마늘 - 녹병(피해주율),대구광역시,0.0
202600209VC04120901348005,마늘,한지형마늘,관찰포,2026,5,한지형마늘 - 녹병(피해주율),대구광역시,0.0
202600209VC04120901348005,마늘,한지형마늘,관찰포,2026,5,한지형마늘 - 무름병(피해주율),대구광역시,0.0
202600209VC04120901348005,마늘,한지형마늘,관찰포,2026,5,한지형마늘 - 무름병(피해주율),대구광역시,0.0
202600209VC04120901348005,마늘,한지형마늘,관찰포,2026,5,한지형마늘 - 잎집썩음병(피해주율),대구광역시,0.0
202600209VC04120901348005,마늘,한지형마늘,관찰포,2026,5,한지형마늘 - 잎집썩음병(피해주율),대구광역시,0.0
202600209VC04120901348005,마늘,한지형마늘,관찰포,2026,5,한지형마늘 - 고자리파리(피해주율),대구광역시,0.0
202600209VC04120901348005,마늘,한지형마늘,관찰포,2026,5,한지형마늘 - 고자리파리(피해주율),대구광역시,0.0
202600209VC04120901348005,마늘,한지형마늘,관찰포,2026,5,한지형마늘 - 뿌리응애(피해주율),대구광역시,0.0
202600209VC04120901348005,마늘,한지형마늘,관찰포,2026,5,한지형마늘 - 뿌리응애(피해주율),대구광역시,0.0
202600209VC04120901348005,마늘,한지형마늘,관찰포,2026,5,한지형마늘 - 바이러스(피해주율),대구광역시,0.0
202600209VC04120901348005,마늘,한지형마늘,관찰포,2026,5,한지형마늘 - 바이러스(피해주율),대구광역시,0.0
202600209VC04120901348005,마늘,한지형마늘,관찰포,2026,5,한지형마늘 - 잎마름병(피해주율),강원특별자치도,0.0
202600209VC04120901348005,마늘,한지형마늘,관찰포,2026,5,한지형마늘 - 잎마름병(피해주율),강원특별자치도,0.0
202600209VC04120901348005,마늘,한지형마늘,관찰포,2026,5,한지형마늘 - 흑색썩음균핵병(피해주율),강원특별자치도,0.0
202600209VC04120901348005,마늘,한지형마늘,관찰포,2026,5,한지형마늘 - 흑색썩음균핵병(피해주율),강원특별자치도,0.0
202600209VC04120901348005,마늘,한지형마늘,관찰포,2026,5,한지형마늘 - 녹병(피해주율),강원특별자치도,0.0
202600209VC04120901348005,마늘,한지형마늘,관찰포,2026,5,한지형마늘 - 녹병(피해주율),강원특별자치도,0.0
202600209VC04120901348005,마늘,한지형마늘,관찰포,2026,5,한지형마늘 - 무름병(피해주율),강원특별자치도,0.0
202600209VC04120901348005,마늘,한지형마늘,관찰포,2026,5,한지형마늘 - 무름병(피해주율),강원특별자치도,0.0
202600209VC04120901348005,마늘,한지형마늘,관찰포,2026,5,한지형마늘 - 잎집썩음병(피해주율),강원특별자치도,0.0
202600209VC04120901348005,마늘,한지형마늘,관찰포,2026,5,한지형마늘 - 잎집썩음병(피해주율),강원특별자치도,0.0
202600209VC04120901348005,마늘,한지형마늘,관찰포,2026,5,한지형마늘 - 고자리파리(피해주율),강원특별자치도,0.0
202600209VC04120901348005,마늘,한지형마늘,관찰포,2026,5,한지형마늘 - 고자리파리(피해주율),강원특별자치도,0.0
202600209VC04120901348005,마늘,한지형마늘,관찰포,2026,5,한지형마늘 - 뿌리응애(피해주율),강원특별자치도,2.5
202600209VC04120901348005,마늘,한지형마늘,관찰포,2026,5,한지형마늘 - 뿌리응애(피해주율),강원특별자치도,2.5
202600209VC04120901348005,마늘,한지형마늘,관찰포,2026,5,한지형마늘 - 바이러스(피해주율),강원특별자치도,5.0
202600209VC04120901348005,마늘,한지형마늘,관찰포,2026,5,한지형마늘 - 바이러스(피해주율),강원특별자치도,5.0
202600209VC04120901348005,마늘,한지형마늘,관찰포,2026,5,한지형마늘 - 잎마름병(피해주율),충청북도,0.833
202600209VC04120901348005,마늘,한지형마늘,관찰포,2026,5,한지형마늘 - 잎마름병(피해주율),충청북도,0.833
202600209VC04120901348005,마늘,한지형마늘,관찰포,2026,5,한지형마늘 - 흑색썩음균핵병(피해주율),충청북도,0.0
202600209VC04120901348005,마늘,한지형마늘,관찰포,2026,5,한지형마늘 - 흑색썩음균핵병(피해주율),충청북도,0.0
202600209VC04120901348005,마늘,한지형마늘,관찰포,2026,5,한지형마늘 - 녹병(피해주율),충청북도,0.0
202600209VC04120901348005,마늘,한지형마늘,관찰포,2026,5,한지형마늘 - 녹병(피해주율),충청북도,0.0
202600209VC04120901348005,마늘,한지형마늘,관찰포,2026,5,한지형마늘 - 무름병(피해주율),충청북도,0.0
202600209VC04120901348005,마늘,한지형마늘,관찰포,2026,5,한지형마늘 - 무름병(피해주율),충청북도,0.0
202600209VC04120901348005,마늘,한지형마늘,관찰포,2026,5,한지형마늘 - 잎집썩음병(피해주율),충청북도,0.0
202600209VC04120901348005,마늘,한지형마늘,관찰포,2026,5,한지형마늘 - 잎집썩음병(피해주율),충청북도,0.0
202600209VC04120901348005,마늘,한지형마늘,관찰포,2026,5,한지형마늘 - 고자리파리(피해주율),충청북도,0.0
202600209VC04120901348005,마늘,한지형마늘,관찰포,2026,5,한지형마늘 - 고자리파리(피해주율),충청북도,0.0
202600209VC04120901348005,마늘,한지형마늘,관찰포,2026,5,한지형마늘 - 뿌리응애(피해주율),충청북도,0.0
202600209VC04120901348005,마늘,한지형마늘,관찰포,2026,5,한지형마늘 - 뿌리응애(피해주율),충청북도,0.0
202600209VC04120901348005,마늘,한지형마늘,관찰포,2026,5,한지형마늘 - 바이러스(피해주율),충청북도,0.0
202600209VC04120901348005,마늘,한지형마늘,관찰포,2026,5,한지형마늘 - 바이러스(피해주율),충청북도,0.0
202600209VC04120901348005,마늘,한지형마늘,관찰포,2026,5,한지형마늘 - 잎마름병(피해주율),충청남도,5.0
202600209VC04120901348005,마늘,한지형마늘,관찰포,2026,5,한지형마늘 - 잎마름병(피해주율),충청남도,5.0
202600209VC04120901348005,마늘,한지형마늘,관찰포,2026,5,한지형마늘 - 흑색썩음균핵병(피해주율),충청남도,0.0
202600209VC04120901348005,마늘,한지형마늘,관찰포,2026,5,한지형마늘 - 흑색썩음균핵병(피해주율),충청남도,0.0
202600209VC04120901348005,마늘,한지형마늘,관찰포,2026,5,한지형마늘 - 녹병(피해주율),충청남도,0.0
202600209VC04120901348005,마늘,한지형마늘,관찰포,2026,5,한지형마늘 - 녹병(피해주율),충청남도,0.0
202600209VC04120901348005,마늘,한지형마늘,관찰포,2026,5,한지형마늘 - 무름병(피해주율),충청남도,0.0
202600209VC04120901348005,마늘,한지형마늘,관찰포,2026,5,한지형마늘 - 무름병(피해주율),충청남도,0.0
202600209VC04120901348005,마늘,한지형마늘,관찰포,2026,5,한지형마늘 - 잎집썩음병(피해주율),충청남도,0.0
202600209VC04120901348005,마늘,한지형마늘,관찰포,2026,5,한지형마늘 - 잎집썩음병(피해주율),충청남도,0.0
202600209VC04120901348005,마늘,한지형마늘,관찰포,2026,5,한지형마늘 - 고자리파리(피해주율),충청남도,0.0
202600209VC04120901348005,마늘,한지형마늘,관찰포,2026,5,한지형마늘 - 고자리파리(피해주율),충청남도,0.0
202600209VC04120901348005,마늘,한지형마늘,관찰포,2026,5,한지형마늘 - 뿌리응애(피해주율),충청남도,0.0
202600209VC04120901348005,마늘,한지형마늘,관찰포,2026,5,한지형마늘 - 뿌리응애(피해주율),충청남도,0.0
202600209VC04120901348005,마늘,한지형마늘,관찰포,2026,5,한지형마늘 - 바이러스(피해주율),충청남도,0.0
202600209VC04120901348005,마늘,한지형마늘,관찰포,2026,5,한지형마늘 - 바이러스(피해주율),충청남도,0.0
202600209VC04120901348005,마늘,한지형마늘,관찰포,2026,5,한지형마늘 - 잎마름병(피해주율),경상북도,2.0
202600209VC04120901348005,마늘,한지형마늘,관찰포,2026,5,한지형마늘 - 잎마름병(피해주율),경상북도,2.0
202600209VC04120901348005,마늘,한지형마늘,관찰포,2026,5,한지형마늘 - 흑색썩음균핵병(피해주율),경상북도,0.0
202600209VC04120901348005,마늘,한지형마늘,관찰포,2026,5,한지형마늘 - 흑색썩음균핵병(피해주율),경상북도,0.0
202600209VC04120901348005,마늘,한지형마늘,관찰포,2026,5,한지형마늘 - 녹병(피해주율),경상북도,0.0
202600209VC04120901348005,마늘,한지형마늘,관찰포,2026,5,한지형마늘 - 녹병(피해주율),경상북도,0.0
202600209VC04120901348005,마늘,한지형마늘,관찰포,2026,5,한지형마늘 - 무름병(피해주율),경상북도,0.0
202600209VC04120901348005,마늘,한지형마늘,관찰포,2026,5,한지형마늘 - 무름병(피해주율),경상북도,0.0
202600209VC04120901348005,마늘,한지형마늘,관찰포,2026,5,한지형마늘 - 잎집썩음병(피해주율),경상북도,0.0
202600209VC04120901348005,마늘,한지형마늘,관찰포,2026,5,한지형마늘 - 잎집썩음병(피해주율),경상북도,0.0
202600209VC04120901348005,마늘,한지형마늘,관찰포,2026,5,한지형마늘 - 고자리파리(피해주율),경상북도,0.0
202600209VC04120901348005,마늘,한지형마늘,관찰포,2026,5,한지형마늘 - 고자리파리(피해주율),경상북도,0.0
202600209VC04120901348005,마늘,한지형마늘,관찰포,2026,5,한지형마늘 - 뿌리응애(피해주율),경상북도,0.0
202600209VC04120901348005,마늘,한지형마늘,관찰포,2026,5,한지형마늘 - 뿌리응애(피해주율),경상북도,0.0
202600209VC04120901348005,마늘,한지형마늘,관찰포,2026,5,한지형마늘 - 바이러스(피해주율),경상북도,0.0
202600209VC04120901348005,마늘,한지형마늘,관찰포,2026,5,한지형마늘 - 바이러스(피해주율),경상북도,0.0
202600209VC04120901349005,마늘,난지형마늘,관찰포,2026,5,난지형마늘 - 잎마름병(피해주율),대구광역시,60.0
202600209VC04120901349005,마늘,난지형마늘,관찰포,2026,5,난지형마늘 - 잎마름병(피해주율),대구광역시,60.0
202600209VC04120901349005,마늘,난지형마늘,관찰포,2026,5,난지형마늘 - 흑색썩음균핵병(피해주율),대구광역시,0.0
202600209VC04120901349005,마늘,난지형마늘,관찰포,2026,5,난지형마늘 - 흑색썩음균핵병(피해주율),대구광역시,0.0
202600209VC04120901349005,마늘,난지형마늘,관찰포,2026,5,난지형마늘 - 녹병(피해주율),대구광역시,0.0
202600209VC04120901349005,마늘,난지형마늘,관찰포,2026,5,난지형마늘 - 녹병(피해주율),대구광역시,0.0
202600209VC04120901349005,마늘,난지형마늘,관찰포,2026,5,난지형마늘 - 무름병(피해주율),대구광역시,0.0
202600209VC04120901349005,마늘,난지형마늘,관찰포,2026,5,난지형마늘 - 무름병(피해주율),대구광역시,0.0
202600209VC04120901349005,마늘,난지형마늘,관찰포,2026,5,난지형마늘 - 잎집썩음병(피해주율),대구광역시,0.0
202600209VC04120901349005,마늘,난지형마늘,관찰포,2026,5,난지형마늘 - 잎집썩음병(피해주율),대구광역시,0.0
202600209VC04120901349005,마늘,난지형마늘,관찰포,2026,5,난지형마늘 - 고자리파리(피해주율),대구광역시,0.0
202600209VC04120901349005,마늘,난지형마늘,관찰포,2026,5,난지형마늘 - 고자리파리(피해주율),대구광역시,0.0
202600209VC04120901349005,마늘,난지형마늘,관찰포,2026,5,난지형마늘 - 뿌리응애(피해주율),대구광역시,0.0
202600209VC04120901349005,마늘,난지형마늘,관찰포,2026,5,난지형마늘 - 뿌리응애(피해주율),대구광역시,0.0
202600209VC04120901349005,마늘,난지형마늘,관찰포,2026,5,난지형마늘 - 바이러스(피해주율),대구광역시,0.0
202600209VC04120901349005,마늘,난지형마늘,관찰포,2026,5,난지형마늘 - 바이러스(피해주율),대구광역시,0.0
202600209VC04120901349005,마늘,난지형마늘,관찰포,2026,5,난지형마늘 - 잎마름병(피해주율),충청남도,0.0
202600209VC04120901349005,마늘,난지형마늘,관찰포,2026,5,난지형마늘 - 잎마름병(피해주율),충청남도,0.0
202600209VC04120901349005,마늘,난지형마늘,관찰포,2026,5,난지형마늘 - 흑색썩음균핵병(피해주율),충청남도,0.0
202600209VC04120901349005,마늘,난지형마늘,관찰포,2026,5,난지형마늘 - 흑색썩음균핵병(피해주율),충청남도,0.0
202600209VC04120901349005,마늘,난지형마늘,관찰포,2026,5,난지형마늘 - 녹병(피해주율),충청남도,0.0
202600209VC04120901349005,마늘,난지형마늘,관찰포,2026,5,난지형마늘 - 녹병(피해주율),충청남도,0.0
202600209VC04120901349005,마늘,난지형마늘,관찰포,2026,5,난지형마늘 - 무름병(피해주율),충청남도,5.0
202600209VC04120901349005,마늘,난지형마늘,관찰포,2026,5,난지형마늘 - 무름병(피해주율),충청남도,5.0
202600209VC04120901349005,마늘,난지형마늘,관찰포,2026,5,난지형마늘 - 잎집썩음병(피해주율),충청남도,0.0
202600209VC04120901349005,마늘,난지형마늘,관찰포,2026,5,난지형마늘 - 잎집썩음병(피해주율),충청남도,0.0
202600209VC04120901349005,마늘,난지형마늘,관찰포,2026,5,난지형마늘 - 고자리파리(피해주율),충청남도,0.0
202600209VC04120901349005,마늘,난지형마늘,관찰포,2026,5,난지형마늘 - 고자리파리(피해주율),충청남도,0.0
202600209VC04120901349005,마늘,난지형마늘,관찰포,2026,5,난지형마늘 - 뿌리응애(피해주율),충청남도,0.0
202600209VC04120901349005,마늘,난지형마늘,관찰포,2026,5,난지형마늘 - 뿌리응애(피해주율),충청남도,0.0
202600209VC04120901349005,마늘,난지형마늘,관찰포,2026,5,난지형마늘 - 바이러스(피해주율),충청남도,0.0
202600209VC04120901349005,마늘,난지형마늘,관찰포,2026,5,난지형마늘 - 바이러스(피해주율),충청남도,0.0
202600209VC04120901349005,마늘,난지형마늘,관찰포,2026,5,난지형마늘 - 잎마름병(피해주율),전북특별자치도,0.0
202600209VC04120901349005,마늘,난지형마늘,관찰포,2026,5,난지형마늘 - 잎마름병(피해주율),전북특별자치도,0.0
202600209VC04120901349005,마늘,난지형마늘,관찰포,2026,5,난지형마늘 - 흑색썩음균핵병(피해주율),전북특별자치도,3.75
202600209VC04120901349005,마늘,난지형마늘,관찰포,2026,5,난지형마늘 - 흑색썩음균핵병(피해주율),전북특별자치도,3.75
202600209VC04120901349005,마늘,난지형마늘,관찰포,2026,5,난지형마늘 - 녹병(피해주율),전북특별자치도,0.0
202600209VC04120901349005,마늘,난지형마늘,관찰포,2026,5,난지형마늘 - 녹병(피해주율),전북특별자치도,0.0
202600209VC04120901349005,마늘,난지형마늘,관찰포,2026,5,난지형마늘 - 무름병(피해주율),전북특별자치도,1.25
202600209VC04120901349005,마늘,난지형마늘,관찰포,2026,5,난지형마늘 - 무름병(피해주율),전북특별자치도,1.25
202600209VC04120901349005,마늘,난지형마늘,관찰포,2026,5,난지형마늘 - 잎집썩음병(피해주율),전북특별자치도,0.0
202600209VC04120901349005,마늘,난지형마늘,관찰포,2026,5,난지형마늘 - 잎집썩음병(피해주율),전북특별자치도,0.0
202600209VC04120901349005,마늘,난지형마늘,관찰포,2026,5,난지형마늘 - 고자리파리(피해주율),전북특별자치도,0.0
202600209VC04120901349005,마늘,난지형마늘,관찰포,2026,5,난지형마늘 - 고자리파리(피해주율),전북특별자치도,0.0
202600209VC04120901349005,마늘,난지형마늘,관찰포,2026,5,난지형마늘 - 뿌리응애(피해주율),전북특별자치도,0.0
202600209VC04120901349005,마늘,난지형마늘,관찰포,2026,5,난지형마늘 - 뿌리응애(피해주율),전북특별자치도,0.0
202600209VC04120901349005,마늘,난지형마늘,관찰포,2026,5,난지형마늘 - 바이러스(피해주율),전북특별자치도,0.0
202600209VC04120901349005,마늘,난지형마늘,관찰포,2026,5,난지형마늘 - 바이러스(피해주율),전북특별자치도,0.0
202600209VC04120901349005,마늘,난지형마늘,관찰포,2026,5,난지형마늘 - 잎마름병(피해주율),전남광주통합특별시,3.438
202600209VC04120901349005,마늘,난지형마늘,관찰포,2026,5,난지형마늘 - 잎마름병(피해주율),전남광주통합특별시,3.438
202600209VC04120901349005,마늘,난지형마늘,관찰포,2026,5,난지형마늘 - 흑색썩음균핵병(피해주율),전남광주통합특별시,0.938
202600209VC04120901349005,마늘,난지형마늘,관찰포,2026,5,난지형마늘 - 흑색썩음균핵병(피해주율),전남광주통합특별시,0.938
202600209VC04120901349005,마늘,난지형마늘,관찰포,2026,5,난지형마늘 - 녹병(피해주율),전남광주통합특별시,0.938
202600209VC04120901349005,마늘,난지형마늘,관찰포,2026,5,난지형마늘 - 녹병(피해주율),전남광주통합특별시,0.938
202600209VC04120901349005,마늘,난지형마늘,관찰포,2026,5,난지형마늘 - 무름병(피해주율),전남광주통합특별시,1.563
202600209VC04120901349005,마늘,난지형마늘,관찰포,2026,5,난지형마늘 - 무름병(피해주율),전남광주통합특별시,1.563
202600209VC04120901349005,마늘,난지형마늘,관찰포,2026,5,난지형마늘 - 잎집썩음병(피해주율),전남광주통합특별시,0.313
202600209VC04120901349005,마늘,난지형마늘,관찰포,2026,5,난지형마늘 - 잎집썩음병(피해주율),전남광주통합특별시,0.313
202600209VC04120901349005,마늘,난지형마늘,관찰포,2026,5,난지형마늘 - 고자리파리(피해주율),전남광주통합특별시,0.938
202600209VC04120901349005,마늘,난지형마늘,관찰포,2026,5,난지형마늘 - 고자리파리(피해주율),전남광주통합특별시,0.938
202600209VC04120901349005,마늘,난지형마늘,관찰포,2026,5,난지형마늘 - 뿌리응애(피해주율),전남광주통합특별시,0.625
202600209VC04120901349005,마늘,난지형마늘,관찰포,2026,5,난지형마늘 - 뿌리응애(피해주율),전남광주통합특별시,0.625
202600209VC04120901349005,마늘,난지형마늘,관찰포,2026,5,난지형마늘 - 바이러스(피해주율),전남광주통합특별시,0.0
202600209VC04120901349005,마늘,난지형마늘,관찰포,2026,5,난지형마늘 - 바이러스(피해주율),전남광주통합특별시,0.0
202600209VC04120901349005,마늘,난지형마늘,관찰포,2026,5,난지형마늘 - 잎마름병(피해주율),경상북도,0.0
202600209VC04120901349005,마늘,난지형마늘,관찰포,2026,5,난지형마늘 - 잎마름병(피해주율),경상북도,0.0
202600209VC04120901349005,마늘,난지형마늘,관찰포,2026,5,난지형마늘 - 흑색썩음균핵병(피해주율),경상북도,5.0
202600209VC04120901349005,마늘,난지형마늘,관찰포,2026,5,난지형마늘 - 흑색썩음균핵병(피해주율),경상북도,5.0
202600209VC04120901349005,마늘,난지형마늘,관찰포,2026,5,난지형마늘 - 녹병(피해주율),경상북도,5.0
202600209VC04120901349005,마늘,난지형마늘,관찰포,2026,5,난지형마늘 - 녹병(피해주율),경상북도,5.0
202600209VC04120901349005,마늘,난지형마늘,관찰포,2026,5,난지형마늘 - 무름병(피해주율),경상북도,0.0
202600209VC04120901349005,마늘,난지형마늘,관찰포,2026,5,난지형마늘 - 무름병(피해주율),경상북도,0.0
202600209VC04120901349005,마늘,난지형마늘,관찰포,2026,5,난지형마늘 - 잎집썩음병(피해주율),경상북도,0.0
202600209VC04120901349005,마늘,난지형마늘,관찰포,2026,5,난지형마늘 - 잎집썩음병(피해주율),경상북도,0.0
202600209VC04120901349005,마늘,난지형마늘,관찰포,2026,5,난지형마늘 - 고자리파리(피해주율),경상북도,0.0
202600209VC04120901349005,마늘,난지형마늘,관찰포,2026,5,난지형마늘 - 고자리파리(피해주율),경상북도,0.0
202600209VC04120901349005,마늘,난지형마늘,관찰포,2026,5,난지형마늘 - 뿌리응애(피해주율),경상북도,0.0
202600209VC04120901349005,마늘,난지형마늘,관찰포,2026,5,난지형마늘 - 뿌리응애(피해주율),경상북도,0.0
202600209VC04120901349005,마늘,난지형마늘,관찰포,2026,5,난지형마늘 - 바이러스(피해주율),경상북도,0.0
202600209VC04120901349005,마늘,난지형마늘,관찰포,2026,5,난지형마늘 - 바이러스(피해주율),경상북도,0.0
202600209VC04120901349005,마늘,난지형마늘,관찰포,2026,5,난지형마늘 - 잎마름병(피해주율),경상남도,0.0
202600209VC04120901349005,마늘,난지형마늘,관찰포,2026,5,난지형마늘 - 잎마름병(피해주율),경상남도,0.0
202600209VC04120901349005,마늘,난지형마늘,관찰포,2026,5,난지형마늘 - 흑색썩음균핵병(피해주율),경상남도,0.0
202600209VC04120901349005,마늘,난지형마늘,관찰포,2026,5,난지형마늘 - 흑색썩음균핵병(피해주율),경상남도,0.0
202600209VC04120901349005,마늘,난지형마늘,관찰포,2026,5,난지형마늘 - 녹병(피해주율),경상남도,0.0
202600209VC04120901349005,마늘,난지형마늘,관찰포,2026,5,난지형마늘 - 녹병(피해주율),경상남도,0.0
202600209VC04120901349005,마늘,난지형마늘,관찰포,2026,5,난지형마늘 - 무름병(피해주율),경상남도,0.0
202600209VC04120901349005,마늘,난지형마늘,관찰포,2026,5,난지형마늘 - 무름병(피해주율),경상남도,0.0
202600209VC04120901349005,마늘,난지형마늘,관찰포,2026,5,난지형마늘 - 잎집썩음병(피해주율),경상남도,0.0
202600209VC04120901349005,마늘,난지형마늘,관찰포,2026,5,난지형마늘 - 잎집썩음병(피해주율),경상남도,0.0
202600209VC04120901349005,마늘,난지형마늘,관찰포,2026,5,난지형마늘 - 고자리파리(피해주율),경상남도,0.0
202600209VC04120901349005,마늘,난지형마늘,관찰포,2026,5,난지형마늘 - 고자리파리(피해주율),경상남도,0.0
202600209VC04120901349005,마늘,난지형마늘,관찰포,2026,5,난지형마늘 - 뿌리응애(피해주율),경상남도,0.0
202600209VC04120901349005,마늘,난지형마늘,관찰포,2026,5,난지형마늘 - 뿌리응애(피해주율),경상남도,0.0
202600209VC04120901349005,마늘,난지형마늘,관찰포,2026,5,난지형마늘 - 바이러스(피해주율),경상남도,0.0
202600209VC04120901349005,마늘,난지형마늘,관찰포,2026,5,난지형마늘 - 바이러스(피해주율),경상남도,0.0
202600209FC02020101305004,보리,기본조사,관찰포,2026,4,붉은곰팡이병(피해이삭율),충청북도,0.0
202600209FC02020101305004,보리,기본조사,관찰포,2026,4,깜부기병(피해이삭율),충청북도,0.0
202600209FC02020101305004,보리,기본조사,관찰포,2026,4,줄무늬병(피해주율),충청북도,0.0
202600209FC02020101305004,보리,기본조사,관찰포,2026,4,흰가루병(피해주율),충청북도,0.0
202600209FC02020101305004,보리,기본조사,관찰포,2026,4,녹병(피해주율),충청북도,0.0
202600209FC02020101305004,보리,기본조사,관찰포,2026,4,바이러스병(피해주율),충청북도,0.0
202600209FC02020101305004,보리,기본조사,관찰포,2026,4,잎집눈무늬병(피해주율),충청북도,0.0
202600209FC02020101305004,보리,기본조사,관찰포,2026,4,멸강나방_유충(밀도),충청북도,0.0
202600209FC02020101305004,보리,기본조사,관찰포,2026,4,보리굴파리(피해잎율),충청북도,0.0
202600209FC02020101305004,보리,기본조사,관찰포,2026,4,진딧물류(피해잎율),충청북도,0.0
202600209FC02020101305004,보리,기본조사,관찰포,2026,4,붉은곰팡이병(피해이삭율),충청남도,0.0
202600209FC02020101305004,보리,기본조사,관찰포,2026,4,깜부기병(피해이삭율),충청남도,0.0
202600209FC02020101305004,보리,기본조사,관찰포,2026,4,줄무늬병(피해주율),충청남도,0.0
202600209FC02020101305004,보리,기본조사,관찰포,2026,4,흰가루병(피해주율),충청남도,0.0
202600209FC02020101305004,보리,기본조사,관찰포,2026,4,녹병(피해주율),충청남도,0.0
202600209FC02020101305004,보리,기본조사,관찰포,2026,4,바이러스병(피해주율),충청남도,0.0
202600209FC02020101305004,보리,기본조사,관찰포,2026,4,잎집눈무늬병(피해주율),충청남도,0.0
202600209FC02020101305004,보리,기본조사,관찰포,2026,4,멸강나방_유충(밀도),충청남도,0.0
202600209FC02020101305004,보리,기본조사,관찰포,2026,4,보리굴파리(피해잎율),충청남도,0.0
202600209FC02020101305004,보리,기본조사,관찰포,2026,4,진딧물류(피해잎율),충청남도,0.0
202600209FC02020101305004,보리,기본조사,관찰포,2026,4,붉은곰팡이병(피해이삭율),전북특별자치도,0.007
202600209FC02020101305004,보리,기본조사,관찰포,2026,4,깜부기병(피해이삭율),전북특별자치도,0.827
202600209FC02020101305004,보리,기본조사,관찰포,2026,4,줄무늬병(피해주율),전북특별자치도,0.0
202600209FC02020101305004,보리,기본조사,관찰포,2026,4,흰가루병(피해주율),전북특별자치도,0.0
202600209FC02020101305004,보리,기본조사,관찰포,2026,4,녹병(피해주율),전북특별자치도,0.0
202600209FC02020101305004,보리,기본조사,관찰포,2026,4,바이러스병(피해주율),전북특별자치도,0.0
202600209FC02020101305004,보리,기본조사,관찰포,2026,4,잎집눈무늬병(피해주율),전북특별자치도,0.0
202600209FC02020101305004,보리,기본조사,관찰포,2026,4,멸강나방_유충(밀도),전북특별자치도,0.0
202600209FC02020101305004,보리,기본조사,관찰포,2026,4,보리굴파리(피해잎율),전북특별자치도,0.0
202600209FC02020101305004,보리,기본조사,관찰포,2026,4,진딧물류(피해잎율),전북특별자치도,0.0
202600209FC02020101305004,보리,기본조사,관찰포,2026,4,붉은곰팡이병(피해이삭율),전남광주통합특별시,0.404
202600209FC02020101305004,보리,기본조사,관찰포,2026,4,깜부기병(피해이삭율),전남광주통합특별시,0.319
202600209FC02020101305004,보리,기본조사,관찰포,2026,4,줄무늬병(피해주율),전남광주통합특별시,0.0
202600209FC02020101305004,보리,기본조사,관찰포,2026,4,흰가루병(피해주율),전남광주통합특별시,0.0
202600209FC02020101305004,보리,기본조사,관찰포,2026,4,녹병(피해주율),전남광주통합특별시,0.0
202600209FC02020101305004,보리,기본조사,관찰포,2026,4,바이러스병(피해주율),전남광주통합특별시,0.0
202600209FC02020101305004,보리,기본조사,관찰포,2026,4,잎집눈무늬병(피해주율),전남광주통합특별시,0.192
202600209FC02020101305004,보리,기본조사,관찰포,2026,4,멸강나방_유충(밀도),전남광주통합특별시,0.0
202600209FC02020101305004,보리,기본조사,관찰포,2026,4,보리굴파리(피해잎율),전남광주통합특별시,0.0
202600209FC02020101305004,보리,기본조사,관찰포,2026,4,진딧물류(피해잎율),전남광주통합특별시,0.0
202600209FC02020101305004,보리,기본조사,관찰포,2026,4,붉은곰팡이병(피해이삭율),경상북도,0.0
202600209FC02020101305004,보리,기본조사,관찰포,2026,4,깜부기병(피해이삭율),경상북도,0.0
202600209FC02020101305004,보리,기본조사,관찰포,2026,4,줄무늬병(피해주율),경상북도,0.0
202600209FC02020101305004,보리,기본조사,관찰포,2026,4,흰가루병(피해주율),경상북도,0.0
202600209FC02020101305004,보리,기본조사,관찰포,2026,4,녹병(피해주율),경상북도,0.0
202600209FC02020101305004,보리,기본조사,관찰포,2026,4,바이러스병(피해주율),경상북도,0.0
202600209FC02020101305004,보리,기본조사,관찰포,2026,4,잎집눈무늬병(피해주율),경상북도,0.0
202600209FC02020101305004,보리,기본조사,관찰포,2026,4,멸강나방_유충(밀도),경상북도,0.0
202600209FC02020101305004,보리,기본조사,관찰포,2026,4,보리굴파리(피해잎율),경상북도,0.0
202600209FC02020101305004,보리,기본조사,관찰포,2026,4,진딧물류(피해잎율),경상북도,0.0
202600209FC02020101305004,보리,기본조사,관찰포,2026,4,붉은곰팡이병(피해이삭율),경상남도,0.0
202600209FC02020101305004,보리,기본조사,관찰포,2026,4,깜부기병(피해이삭율),경상남도,1.397
202600209FC02020101305004,보리,기본조사,관찰포,2026,4,줄무늬병(피해주율),경상남도,0.0
202600209FC02020101305004,보리,기본조사,관찰포,2026,4,흰가루병(피해주율),경상남도,0.0
202600209FC02020101305004,보리,기본조사,관찰포,2026,4,녹병(피해주율),경상남도,0.0
202600209FC02020101305004,보리,기본조사,관찰포,2026,4,바이러스병(피해주율),경상남도,0.0
202600209FC02020101305004,보리,기본조사,관찰포,2026,4,잎집눈무늬병(피해주율),경상남도,0.0
202600209FC02020101305004,보리,기본조사,관찰포,2026,4,멸강나방_유충(밀도),경상남도,0.0
202600209FC02020101305004,보리,기본조사,관찰포,2026,4,보리굴파리(피해잎율),경상남도,0.0
202600209FC02020101305004,보리,기본조사,관찰포,2026,4,진딧물류(피해잎율),경상남도,0.032
202600209FT01060201322001,배,기본조사,관찰포,2026,1,붉은별무늬병(피해잎율),울산광역시,0.0
202600209FT01060201322001,배,기본조사,관찰포,2026,1,검은별무늬병(피해잎율),울산광역시,0.0
202600209FT01060201322001,배,기본조사,관찰포,2026,1,잎검은점병(피해잎율),울산광역시,0.0
202600209FT01060201322001,배,기본조사,관찰포,2026,1,겹무늬병(피해과율),울산광역시,0.0
202600209FT01060201322001,배,기본조사,관찰포,2026,1,복숭아순나방(피해신초율),울산광역시,0.0
202600209FT01060201322001,배,기본조사,관찰포,2026,1,응애류(밀도),울산광역시,0.0
202600209FT01060201322001,배,기본조사,관찰포,2026,1,주경배나무이(밀도),울산광역시,0.0
202600209FT01060201322001,배,기본조사,관찰포,2026,1,깍지벌레류(밀도),울산광역시,0.0
202600209FT01060201322001,배,기본조사,관찰포,2026,1,복숭아순나방(트랩마리수),울산광역시,0.0
202600209FT01060201322001,배,기본조사,관찰포,2026,1,복숭아심식나방(트랩마리수),울산광역시,0.0
202600209FT01060201322001,배,기본조사,관찰포,2026,1,사과무늬잎말이나방(트랩마리수),울산광역시,0.0
202600209FT01060201322001,배,기본조사,관찰포,2026,1,사과애모무늬잎말이나방(트랩마리수),울산광역시,0.0
202600209FT01060201322001,배,기본조사,관찰포,2026,1,붉은별무늬병(피해잎율),세종특별자치시,0.0
202600209FT01060201322001,배,기본조사,관찰포,2026,1,검은별무늬병(피해잎율),세종특별자치시,0.0
202600209FT01060201322001,배,기본조사,관찰포,2026,1,잎검은점병(피해잎율),세종특별자치시,0.0
202600209FT01060201322001,배,기본조사,관찰포,2026,1,겹무늬병(피해과율),세종특별자치시,0.0
202600209FT01060201322001,배,기본조사,관찰포,2026,1,복숭아순나방(피해신초율),세종특별자치시,0.0
202600209FT01060201322001,배,기본조사,관찰포,2026,1,응애류(밀도),세종특별자치시,0.0
202600209FT01060201322001,배,기본조사,관찰포,2026,1,주경배나무이(밀도),세종특별자치시,0.0
202600209FT01060201322001,배,기본조사,관찰포,2026,1,깍지벌레류(밀도),세종특별자치시,0.0
202600209FT01060201322001,배,기본조사,관찰포,2026,1,복숭아순나방(트랩마리수),세종특별자치시,0.0
202600209FT01060201322001,배,기본조사,관찰포,2026,1,복숭아심식나방(트랩마리수),세종특별자치시,0.0
202600209FT01060201322001,배,기본조사,관찰포,2026,1,사과무늬잎말이나방(트랩마리수),세종특별자치시,0.0
202600209FT01060201322001,배,기본조사,관찰포,2026,1,사과애모무늬잎말이나방(트랩마리수),세종특별자치시,0.0
202600209FT01060201322001,배,기본조사,관찰포,2026,1,붉은별무늬병(피해잎율),경기도,0.0
202600209FT01060201322001,배,기본조사,관찰포,2026,1,검은별무늬병(피해잎율),경기도,0.0
202600209FT01060201322001,배,기본조사,관찰포,2026,1,잎검은점병(피해잎율),경기도,0.0
202600209FT01060201322001,배,기본조사,관찰포,2026,1,겹무늬병(피해과율),경기도,0.0
202600209FT01060201322001,배,기본조사,관찰포,2026,1,복숭아순나방(피해신초율),경기도,0.0
202600209FT01060201322001,배,기본조사,관찰포,2026,1,응애류(밀도),경기도,0.0
202600209FT01060201322001,배,기본조사,관찰포,2026,1,주경배나무이(밀도),경기도,0.0
202600209FT01060201322001,배,기본조사,관찰포,2026,1,깍지벌레류(밀도),경기도,0.0
202600209FT01060201322001,배,기본조사,관찰포,2026,1,복숭아순나방(트랩마리수),경기도,0.0
202600209FT01060201322001,배,기본조사,관찰포,2026,1,복숭아심식나방(트랩마리수),경기도,0.0
202600209FT01060201322001,배,기본조사,관찰포,2026,1,사과무늬잎말이나방(트랩마리수),경기도,0.0
202600209FT01060201322001,배,기본조사,관찰포,2026,1,사과애모무늬잎말이나방(트랩마리수),경기도,0.0
202600209FT01060201322001,배,기본조사,관찰포,2026,1,붉은별무늬병(피해잎율),강원특별자치도,0.0
202600209FT01060201322001,배,기본조사,관찰포,2026,1,검은별무늬병(피해잎율),강원특별자치도,0.0
202600209FT01060201322001,배,기본조사,관찰포,2026,1,잎검은점병(피해잎율),강원특별자치도,0.0
202600209FT01060201322001,배,기본조사,관찰포,2026,1,겹무늬병(피해과율),강원특별자치도,0.0
202600209FT01060201322001,배,기본조사,관찰포,2026,1,복숭아순나방(피해신초율),강원특별자치도,0.0
202600209FT01060201322001,배,기본조사,관찰포,2026,1,응애류(밀도),강원특별자치도,0.0
202600209FT01060201322001,배,기본조사,관찰포,2026,1,주경배나무이(밀도),강원특별자치도,0.0
202600209FT01060201322001,배,기본조사,관찰포,2026,1,깍지벌레류(밀도),강원특별자치도,0.0
202600209FT01060201322001,배,기본조사,관찰포,2026,1,복숭아순나방(트랩마리수),강원특별자치도,11.4
202600209FT01060201322001,배,기본조사,관찰포,2026,1,복숭아심식나방(트랩마리수),강원특별자치도,0.0
202600209FT01060201322001,배,기본조사,관찰포,2026,1,사과무늬잎말이나방(트랩마리수),강원특별자치도,0.0
202600209FT01060201322001,배,기본조사,관찰포,2026,1,사과애모무늬잎말이나방(트랩마리수),강원특별자치도,0.0
202600209FT01060201322001,배,기본조사,관찰포,2026,1,붉은별무늬병(피해잎율),충청북도,0.0
202600209FT01060201322001,배,기본조사,관찰포,2026,1,검은별무늬병(피해잎율),충청북도,0.0
202600209FT01060201322001,배,기본조사,관찰포,2026,1,잎검은점병(피해잎율),충청북도,0.0
202600209FT01060201322001,배,기본조사,관찰포,2026,1,겹무늬병(피해과율),충청북도,0.0
202600209FT01060201322001,배,기본조사,관찰포,2026,1,복숭아순나방(피해신초율),충청북도,0.0
202600209FT01060201322001,배,기본조사,관찰포,2026,1,응애류(밀도),충청북도,0.0
202600209FT01060201322001,배,기본조사,관찰포,2026,1,주경배나무이(밀도),충청북도,0.0
202600209FT01060201322001,배,기본조사,관찰포,2026,1,깍지벌레류(밀도),충청북도,0.0
202600209FT01060201322001,배,기본조사,관찰포,2026,1,복숭아순나방(트랩마리수),충청북도,0.0
202600209FT01060201322001,배,기본조사,관찰포,2026,1,복숭아심식나방(트랩마리수),충청북도,0.0
202600209FT01060201322001,배,기본조사,관찰포,2026,1,사과무늬잎말이나방(트랩마리수),충청북도,0.0
202600209FT01060201322001,배,기본조사,관찰포,2026,1,사과애모무늬잎말이나방(트랩마리수),충청북도,0.0
202600209FT01060201322001,배,기본조사,관찰포,2026,1,붉은별무늬병(피해잎율),충청남도,0.19
202600209FT01060201322001,배,기본조사,관찰포,2026,1,검은별무늬병(피해잎율),충청남도,0.23
202600209FT01060201322001,배,기본조사,관찰포,2026,1,잎검은점병(피해잎율),충청남도,0.0
202600209FT01060201322001,배,기본조사,관찰포,2026,1,겹무늬병(피해과율),충청남도,0.0
202600209FT01060201322001,배,기본조사,관찰포,2026,1,복숭아순나방(피해신초율),충청남도,0.125
202600209FT01060201322001,배,기본조사,관찰포,2026,1,응애류(밀도),충청남도,0.01
202600209FT01060201322001,배,기본조사,관찰포,2026,1,주경배나무이(밀도),충청남도,0.01
202600209FT01060201322001,배,기본조사,관찰포,2026,1,깍지벌레류(밀도),충청남도,0.0
202600209FT01060201322001,배,기본조사,관찰포,2026,1,복숭아순나방(트랩마리수),충청남도,0.0
202600209FT01060201322001,배,기본조사,관찰포,2026,1,복숭아심식나방(트랩마리수),충청남도,0.0
202600209FT01060201322001,배,기본조사,관찰포,2026,1,사과무늬잎말이나방(트랩마리수),충청남도,0.0
202600209FT01060201322001,배,기본조사,관찰포,2026,1,사과애모무늬잎말이나방(트랩마리수),충청남도,0.0
202600209FT01060201322001,배,기본조사,관찰포,2026,1,붉은별무늬병(피해잎율),전북특별자치도,0.0
202600209FT01060201322001,배,기본조사,관찰포,2026,1,검은별무늬병(피해잎율),전북특별자치도,0.0
202600209FT01060201322001,배,기본조사,관찰포,2026,1,잎검은점병(피해잎율),전북특별자치도,0.0
202600209FT01060201322001,배,기본조사,관찰포,2026,1,겹무늬병(피해과율),전북특별자치도,0.0
202600209FT01060201322001,배,기본조사,관찰포,2026,1,복숭아순나방(피해신초율),전북특별자치도,0.5
202600209FT01060201322001,배,기본조사,관찰포,2026,1,응애류(밀도),전북특별자치도,0.0
202600209FT01060201322001,배,기본조사,관찰포,2026,1,주경배나무이(밀도),전북특별자치도,0.0
202600209FT01060201322001,배,기본조사,관찰포,2026,1,깍지벌레류(밀도),전북특별자치도,0.007
202600209FT01060201322001,배,기본조사,관찰포,2026,1,복숭아순나방(트랩마리수),전북특별자치도,10.4
202600209FT01060201322001,배,기본조사,관찰포,2026,1,복숭아심식나방(트랩마리수),전북특별자치도,0.0
202600209FT01060201322001,배,기본조사,관찰포,2026,1,사과무늬잎말이나방(트랩마리수),전북특별자치도,0.0
202600209FT01060201322001,배,기본조사,관찰포,2026,1,사과애모무늬잎말이나방(트랩마리수),전북특별자치도,0.0
202600209FT01060201322001,배,기본조사,관찰포,2026,1,붉은별무늬병(피해잎율),전남광주통합특별시,5.0
202600209FT01060201322001,배,기본조사,관찰포,2026,1,검은별무늬병(피해잎율),전남광주통합특별시,0.5
202600209FT01060201322001,배,기본조사,관찰포,2026,1,잎검은점병(피해잎율),전남광주통합특별시,5.0
202600209FT01060201322001,배,기본조사,관찰포,2026,1,겹무늬병(피해과율),전남광주통합특별시,0.0
202600209FT01060201322001,배,기본조사,관찰포,2026,1,복숭아순나방(피해신초율),전남광주통합특별시,0.0
202600209FT01060201322001,배,기본조사,관찰포,2026,1,응애류(밀도),전남광주통합특별시,0.0
202600209FT01060201322001,배,기본조사,관찰포,2026,1,주경배나무이(밀도),전남광주통합특별시,0.0
202600209FT01060201322001,배,기본조사,관찰포,2026,1,깍지벌레류(밀도),전남광주통합특별시,0.0
202600209FT01060201322001,배,기본조사,관찰포,2026,1,복숭아순나방(트랩마리수),전남광주통합특별시,0.0
202600209FT01060201322001,배,기본조사,관찰포,2026,1,복숭아심식나방(트랩마리수),전남광주통합특별시,0.0
202600209FT01060201322001,배,기본조사,관찰포,2026,1,사과무늬잎말이나방(트랩마리수),전남광주통합특별시,0.0
202600209FT01060201322001,배,기본조사,관찰포,2026,1,사과애모무늬잎말이나방(트랩마리수),전남광주통합특별시,0.0
202600209FT01060201322001,배,기본조사,관찰포,2026,1,붉은별무늬병(피해잎율),경상북도,0.0
202600209FT01060201322001,배,기본조사,관찰포,2026,1,검은별무늬병(피해잎율),경상북도,0.0
202600209FT01060201322001,배,기본조사,관찰포,2026,1,잎검은점병(피해잎율),경상북도,0.0
202600209FT01060201322001,배,기본조사,관찰포,2026,1,겹무늬병(피해과율),경상북도,0.0
202600209FT01060201322001,배,기본조사,관찰포,2026,1,복숭아순나방(피해신초율),경상북도,0.0
202600209FT01060201322001,배,기본조사,관찰포,2026,1,응애류(밀도),경상북도,0.0
202600209FT01060201322001,배,기본조사,관찰포,2026,1,주경배나무이(밀도),경상북도,0.05
202600209FT01060201322001,배,기본조사,관찰포,2026,1,깍지벌레류(밀도),경상북도,0.08
202600209FT01060201322001,배,기본조사,관찰포,2026,1,복숭아순나방(트랩마리수),경상북도,33.2
202600209FT01060201322001,배,기본조사,관찰포,2026,1,복숭아심식나방(트랩마리수),경상북도,0.0
202600209FT01060201322001,배,기본조사,관찰포,2026,1,사과무늬잎말이나방(트랩마리수),경상북도,0.0
202600209FT01060201322001,배,기본조사,관찰포,2026,1,사과애모무늬잎말이나방(트랩마리수),경상북도,0.0
202600209FT01060201322001,배,기본조사,관찰포,2026,1,붉은별무늬병(피해잎율),경상남도,6.667
202600209FT01060201322001,배,기본조사,관찰포,2026,1,검은별무늬병(피해잎율),경상남도,0.0
202600209FT01060201322001,배,기본조사,관찰포,2026,1,잎검은점병(피해잎율),경상남도,0.0
202600209FT01060201322001,배,기본조사,관찰포,2026,1,겹무늬병(피해과율),경상남도,0.0
202600209FT01060201322001,배,기본조사,관찰포,2026,1,복숭아순나방(피해신초율),경상남도,1.333
202600209FT01060201322001,배,기본조사,관찰포,2026,1,응애류(밀도),경상남도,0.0
202600209FT01060201322001,배,기본조사,관찰포,2026,1,주경배나무이(밀도),경상남도,0.0
202600209FT01060201322001,배,기본조사,관찰포,2026,1,깍지벌레류(밀도),경상남도,0.033
202600209FT01060201322001,배,기본조사,관찰포,2026,1,복숭아순나방(트랩마리수),경상남도,0.0
202600209FT01060201322001,배,기본조사,관찰포,2026,1,복숭아심식나방(트랩마리수),경상남도,0.0
202600209FT01060201322001,배,기본조사,관찰포,2026,1,사과무늬잎말이나방(트랩마리수),경상남도,0.0
202600209FT01060201322001,배,기본조사,관찰포,2026,1,사과애모무늬잎말이나방(트랩마리수),경상남도,0.0
202600209FT02060401322001,복숭아,기본조사,관찰포,2026,1,세균구멍병(피해잎율),세종특별자치시,0.0
202600209FT02060401322001,복숭아,기본조사,관찰포,2026,1,탄저병(피해과율),세종특별자치시,0.0
202600209FT02060401322001,복숭아,기본조사,관찰포,2026,1,잎오갈병(피해잎율),세종특별자치시,0.0
202600209FT02060401322001,복숭아,기본조사,관찰포,2026,1,복숭아심식나방(피해과율),세종특별자치시,0.0
202600209FT02060401322001,복숭아,기본조사,관찰포,2026,1,복숭아순나방(피해신초율),세종특별자치시,0.0
202600209FT02060401322001,복숭아,기본조사,관찰포,2026,1,세균구멍병(피해잎율),경기도,0.0
202600209FT02060401322001,복숭아,기본조사,관찰포,2026,1,탄저병(피해과율),경기도,0.0
202600209FT02060401322001,복숭아,기본조사,관찰포,2026,1,잎오갈병(피해잎율),경기도,0.0
202600209FT02060401322001,복숭아,기본조사,관찰포,2026,1,복숭아심식나방(피해과율),경기도,0.0
202600209FT02060401322001,복숭아,기본조사,관찰포,2026,1,복숭아순나방(피해신초율),경기도,0.0
202600209FT02060401322001,복숭아,기본조사,관찰포,2026,1,세균구멍병(피해잎율),강원특별자치도,0.0
202600209FT02060401322001,복숭아,기본조사,관찰포,2026,1,탄저병(피해과율),강원특별자치도,0.0
202600209FT02060401322001,복숭아,기본조사,관찰포,2026,1,잎오갈병(피해잎율),강원특별자치도,0.0
202600209FT02060401322001,복숭아,기본조사,관찰포,2026,1,복숭아심식나방(피해과율),강원특별자치도,0.0
202600209FT02060401322001,복숭아,기본조사,관찰포,2026,1,복숭아순나방(피해신초율),강원특별자치도,0.5
202600209FT02060401322001,복숭아,기본조사,관찰포,2026,1,세균구멍병(피해잎율),충청북도,0.0
202600209FT02060401322001,복숭아,기본조사,관찰포,2026,1,탄저병(피해과율),충청북도,0.0
202600209FT02060401322001,복숭아,기본조사,관찰포,2026,1,잎오갈병(피해잎율),충청북도,0.0
202600209FT02060401322001,복숭아,기본조사,관찰포,2026,1,복숭아심식나방(피해과율),충청북도,0.0
202600209FT02060401322001,복숭아,기본조사,관찰포,2026,1,복숭아순나방(피해신초율),충청북도,0.067
202600209FT02060401322001,복숭아,기본조사,관찰포,2026,1,세균구멍병(피해잎율),충청남도,2.26
202600209FT02060401322001,복숭아,기본조사,관찰포,2026,1,탄저병(피해과율),충청남도,0.0
202600209FT02060401322001,복숭아,기본조사,관찰포,2026,1,잎오갈병(피해잎율),충청남도,0.0
202600209FT02060401322001,복숭아,기본조사,관찰포,2026,1,복숭아심식나방(피해과율),충청남도,0.0
202600209FT02060401322001,복숭아,기본조사,관찰포,2026,1,복숭아순나방(피해신초율),충청남도,1.8
202600209FT02060401322001,복숭아,기본조사,관찰포,2026,1,세균구멍병(피해잎율),전북특별자치도,0.0
202600209FT02060401322001,복숭아,기본조사,관찰포,2026,1,탄저병(피해과율),전북특별자치도,0.0
202600209FT02060401322001,복숭아,기본조사,관찰포,2026,1,잎오갈병(피해잎율),전북특별자치도,0.0
202600209FT02060401322001,복숭아,기본조사,관찰포,2026,1,복숭아심식나방(피해과율),전북특별자치도,0.0
202600209FT02060401322001,복숭아,기본조사,관찰포,2026,1,복숭아순나방(피해신초율),전북특별자치도,3.133
202600209FT02060401322001,복숭아,기본조사,관찰포,2026,1,세균구멍병(피해잎율),전남광주통합특별시,0.0
202600209FT02060401322001,복숭아,기본조사,관찰포,2026,1,탄저병(피해과율),전남광주통합특별시,0.0
202600209FT02060401322001,복숭아,기본조사,관찰포,2026,1,잎오갈병(피해잎율),전남광주통합특별시,0.0
202600209FT02060401322001,복숭아,기본조사,관찰포,2026,1,복숭아심식나방(피해과율),전남광주통합특별시,0.0
202600209FT02060401322001,복숭아,기본조사,관찰포,2026,1,복숭아순나방(피해신초율),전남광주통합특별시,0.0
202600209FT02060401322001,복숭아,기본조사,관찰포,2026,1,세균구멍병(피해잎율),경상북도,0.0
202600209FT02060401322001,복숭아,기본조사,관찰포,2026,1,탄저병(피해과율),경상북도,0.0
202600209FT02060401322001,복숭아,기본조사,관찰포,2026,1,잎오갈병(피해잎율),경상북도,0.0
202600209FT02060401322001,복숭아,기본조사,관찰포,2026,1,복숭아심식나방(피해과율),경상북도,0.0
202600209FT02060401322001,복숭아,기본조사,관찰포,2026,1,복숭아순나방(피해신초율),경상북도,0.0
202600209FT02060401322001,복숭아,기본조사,관찰포,2026,1,세균구멍병(피해잎율),경상남도,3.4
202600209FT02060401322001,복숭아,기본조사,관찰포,2026,1,탄저병(피해과율),경상남도,0.0
202600209FT02060401322001,복숭아,기본조사,관찰포,2026,1,잎오갈병(피해잎율),경상남도,0.0
202600209FT02060401322001,복숭아,기본조사,관찰포,2026,1,복숭아심식나방(피해과율),경상남도,0.0
202600209FT02060401322001,복숭아,기본조사,관찰포,2026,1,복숭아순나방(피해신초율),경상남도,0.0
202600209FT04060301306002,포도,기본조사,관찰포,2026,2,갈색무늬병(피해잎율),대전광역시,0.0
202600209FT04060301306002,포도,기본조사,관찰포,2026,2,노균병(피해잎율),대전광역시,0.0
202600209FT04060301306002,포도,기본조사,관찰포,2026,2,꽃매미(밀도),대전광역시,0.0
202600209FT04060301306002,포도,기본조사,관찰포,2026,2,갈색무늬병(피해잎율),경기도,0.0
202600209FT04060301306002,포도,기본조사,관찰포,2026,2,노균병(피해잎율),경기도,0.0
202600209FT04060301306002,포도,기본조사,관찰포,2026,2,꽃매미(밀도),경기도,0.0
202600209FT04060301306002,포도,기본조사,관찰포,2026,2,갈색무늬병(피해잎율),충청북도,0.0
202600209FT04060301306002,포도,기본조사,관찰포,2026,2,노균병(피해잎율),충청북도,0.0
202600209FT04060301306002,포도,기본조사,관찰포,2026,2,꽃매미(밀도),충청북도,0.0
202600209FT04060301306002,포도,기본조사,관찰포,2026,2,갈색무늬병(피해잎율),충청남도,0.0
202600209FT04060301306002,포도,기본조사,관찰포,2026,2,노균병(피해잎율),충청남도,0.0
202600209FT04060301306002,포도,기본조사,관찰포,2026,2,꽃매미(밀도),충청남도,0.0
202600209FT04060301306002,포도,기본조사,관찰포,2026,2,갈색무늬병(피해잎율),전북특별자치도,0.0
202600209FT04060301306002,포도,기본조사,관찰포,2026,2,노균병(피해잎율),전북특별자치도,0.0
202600209FT04060301306002,포도,기본조사,관찰포,2026,2,꽃매미(밀도),전북특별자치도,0.0
202600209FT04060301306002,포도,기본조사,관찰포,2026,2,갈색무늬병(피해잎율),전남광주통합특별시,0.0
202600209FT04060301306002,포도,기본조사,관찰포,2026,2,노균병(피해잎율),전남광주통합특별시,0.0
202600209FT04060301306002,포도,기본조사,관찰포,2026,2,꽃매미(밀도),전남광주통합특별시,0.0
202600209FT04060301306002,포도,기본조사,관찰포,2026,2,갈색무늬병(피해잎율),경상북도,0.0
202600209FT04060301306002,포도,기본조사,관찰포,2026,2,노균병(피해잎율),경상북도,0.0
202600209FT04060301306002,포도,기본조사,관찰포,2026,2,꽃매미(밀도),경상북도,0.0
202600209FT04060301306002,포도,기본조사,관찰포,2026,2,갈색무늬병(피해잎율),경상남도,0.0
202600209FT04060301306002,포도,기본조사,관찰포,2026,2,노균병(피해잎율),경상남도,0.0
202600209FT04060301306002,포도,기본조사,관찰포,2026,2,꽃매미(밀도),경상남도,0.0
202600209FT06060501322001,감,기본조사,관찰포,2026,1,탄저병(피해과율),울산광역시,0.0
202600209FT06060501322001,감,기본조사,관찰포,2026,1,둥근무늬낙엽병(피해잎율),울산광역시,0.0
202600209FT06060501322001,감,기본조사,관찰포,2026,1,흰가루병(피해잎율),울산광역시,0.0
202600209FT06060501322001,감,기본조사,관찰포,2026,1,깍지벌레류(밀도),울산광역시,0.0
202600209FT06060501322001,감,기본조사,관찰포,2026,1,감꼭지나방(피해과율),울산광역시,0.0
202600209FT06060501322001,감,기본조사,관찰포,2026,1,노린재류(피해과율),울산광역시,0.0
202600209FT06060501322001,감,기본조사,관찰포,2026,1,모무늬낙엽병(피해잎율),울산광역시,0.0
202600209FT06060501322001,감,기본조사,관찰포,2026,1,매점병(피해과율),울산광역시,0.0
202600209FT06060501322001,감,기본조사,관찰포,2026,1,탄저병(피해과율),전남광주통합특별시,0.0
202600209FT06060501322001,감,기본조사,관찰포,2026,1,둥근무늬낙엽병(피해잎율),전남광주통합특별시,0.0
202600209FT06060501322001,감,기본조사,관찰포,2026,1,흰가루병(피해잎율),전남광주통합특별시,0.0
202600209FT06060501322001,감,기본조사,관찰포,2026,1,깍지벌레류(밀도),전남광주통합특별시,0.0
202600209FT06060501322001,감,기본조사,관찰포,2026,1,감꼭지나방(피해과율),전남광주통합특별시,0.0
202600209FT06060501322001,감,기본조사,관찰포,2026,1,노린재류(피해과율),전남광주통합특별시,0.0
202600209FT06060501322001,감,기본조사,관찰포,2026,1,모무늬낙엽병(피해잎율),전남광주통합특별시,0.0
202600209FT06060501322001,감,기본조사,관찰포,2026,1,매점병(피해과율),전남광주통합특별시,0.0
202600209FT06060501322001,감,기본조사,관찰포,2026,1,탄저병(피해과율),경상북도,0.0
202600209FT06060501322001,감,기본조사,관찰포,2026,1,둥근무늬낙엽병(피해잎율),경상북도,0.0
202600209FT06060501322001,감,기본조사,관찰포,2026,1,흰가루병(피해잎율),경상북도,0.48
202600209FT06060501322001,감,기본조사,관찰포,2026,1,깍지벌레류(밀도),경상북도,0.31
202600209FT06060501322001,감,기본조사,관찰포,2026,1,감꼭지나방(피해과율),경상북도,0.03
202600209FT06060501322001,감,기본조사,관찰포,2026,1,노린재류(피해과율),경상북도,1.04
202600209FT06060501322001,감,기본조사,관찰포,2026,1,모무늬낙엽병(피해잎율),경상북도,0.0
202600209FT06060501322001,감,기본조사,관찰포,2026,1,매점병(피해과율),경상북도,0.0
202600209FT06060501322001,감,기본조사,관찰포,2026,1,탄저병(피해과율),경상남도,0.0
202600209FT06060501322001,감,기본조사,관찰포,2026,1,둥근무늬낙엽병(피해잎율),경상남도,0.0
202600209FT06060501322001,감,기본조사,관찰포,2026,1,흰가루병(피해잎율),경상남도,0.0
202600209FT06060501322001,감,기본조사,관찰포,2026,1,깍지벌레류(밀도),경상남도,0.017
202600209FT06060501322001,감,기본조사,관찰포,2026,1,감꼭지나방(피해과율),경상남도,0.0
202600209FT06060501322001,감,기본조사,관찰포,2026,1,노린재류(피해과율),경상남도,0.143
202600209FT06060501322001,감,기본조사,관찰포,2026,1,모무늬낙엽병(피해잎율),경상남도,0.0
202600209FT06060501322001,감,기본조사,관찰포,2026,1,매점병(피해과율),경상남도,0.0
202600209FT06061401322001,감귤,기본조사,관찰포,2026,1,더뎅이병(피해주율),제주특별자치도,0.091
202600209FT06061401322001,감귤,기본조사,관찰포,2026,1,궤양병(피해주율),제주특별자치도,0.0
202600209FT06061401322001,감귤,기본조사,관찰포,2026,1,검은점무늬병(피해과율),제주특별자치도,0.0
202600209FT06061401322001,감귤,기본조사,관찰포,2026,1,역병(피해과율),제주특별자치도,0.0
202600209FT06061401322001,감귤,기본조사,관찰포,2026,1,볼록총채벌레(밀도),제주특별자치도,0.0
202600209FT06061401322001,감귤,기본조사,관찰포,2026,1,귤응애(밀도),제주특별자치도,1.118
202600209FT06061401322001,감귤,기본조사,관찰포,2026,1,볼록총채벌레(트랩마리수),제주특별자치도,2.864
202600209FT06061401322001,감귤,기본조사,관찰포,2026,1,깍지벌레(트랩마리수),제주특별자치도,0.0
202600209FT06061401322001,감귤,기본조사,관찰포,2026,1,귤굴나방(밀도),제주특별자치도,0.0
202600209FT06061401322001,감귤,기본조사,관찰포,2026,1,진딧물류(밀도),제주특별자치도,0.077
202600209VC04120101322004,양파,기본조사,관찰포,2026,4,잎마름병(피해주율),대구광역시,23.75
202600209VC04120101322004,양파,기본조사,관찰포,2026,4,흑색썩음균핵병(피해주율),대구광역시,0.0
202600209VC04120101322004,양파,기본조사,관찰포,2026,4,노균병(피해주율),대구광역시,0.0
202600209VC04120101322004,양파,기본조사,관찰포,2026,4,녹병(피해주율),대구광역시,0.0
202600209VC04120101322004,양파,기본조사,관찰포,2026,4,고자리파리(피해주율),대구광역시,0.0
202600209VC04120101322004,양파,기본조사,관찰포,2026,4,검은무늬병(피해주율),대구광역시,0.0
202600209VC04120101322004,양파,기본조사,관찰포,2026,4,잎마름병(피해주율),전북특별자치도,10.0
202600209VC04120101322004,양파,기본조사,관찰포,2026,4,흑색썩음균핵병(피해주율),전북특별자치도,0.0
202600209VC04120101322004,양파,기본조사,관찰포,2026,4,노균병(피해주율),전북특별자치도,0.0
202600209VC04120101322004,양파,기본조사,관찰포,2026,4,녹병(피해주율),전북특별자치도,0.0
202600209VC04120101322004,양파,기본조사,관찰포,2026,4,고자리파리(피해주율),전북특별자치도,0.0
202600209VC04120101322004,양파,기본조사,관찰포,2026,4,검은무늬병(피해주율),전북특별자치도,0.0
202600209VC04120101322004,양파,기본조사,관찰포,2026,4,잎마름병(피해주율),전남광주통합특별시,0.357
202600209VC04120101322004,양파,기본조사,관찰포,2026,4,흑색썩음균핵병(피해주율),전남광주통합특별시,0.0
202600209VC04120101322004,양파,기본조사,관찰포,2026,4,노균병(피해주율),전남광주통합특별시,1.071
202600209VC04120101322004,양파,기본조사,관찰포,2026,4,녹병(피해주율),전남광주통합특별시,0.0
202600209VC04120101322004,양파,기본조사,관찰포,2026,4,고자리파리(피해주율),전남광주통합특별시,0.0
202600209VC04120101322004,양파,기본조사,관찰포,2026,4,검은무늬병(피해주율),전남광주통합특별시,0.0
202600209VC04120101322004,양파,기본조사,관찰포,2026,4,잎마름병(피해주율),경상북도,3.929
202600209VC04120101322004,양파,기본조사,관찰포,2026,4,흑색썩음균핵병(피해주율),경상북도,0.0
202600209VC04120101322004,양파,기본조사,관찰포,2026,4,노균병(피해주율),경상북도,3.571
202600209VC04120101322004,양파,기본조사,관찰포,2026,4,녹병(피해주율),경상북도,0.714
202600209VC04120101322004,양파,기본조사,관찰포,2026,4,고자리파리(피해주율),경상북도,0.0
202600209VC04120101322004,양파,기본조사,관찰포,2026,4,검은무늬병(피해주율),경상북도,0.0
202600209VC04120101322004,양파,기본조사,관찰포,2026,4,잎마름병(피해주율),경상남도,0.0
202600209VC04120101322004,양파,기본조사,관찰포,2026,4,흑색썩음균핵병(피해주율),경상남도,0.0
202600209VC04120101322004,양파,기본조사,관찰포,2026,4,노균병(피해주율),경상남도,0.0
202600209VC04120101322004,양파,기본조사,관찰포,2026,4,녹병(피해주율),경상남도,0.0
202600209VC04120101322004,양파,기본조사,관찰포,2026,4,고자리파리(피해주율),경상남도,0.0
202600209VC04120101322004,양파,기본조사,관찰포,2026,4,검은무늬병(피해주율),경상남도,0.0
202600209VC04120901349004,마늘,난지형마늘,관찰포,2026,4,난지형마늘 - 잎마름병(피해주율),대구광역시,50.0
202600209VC04120901349004,마늘,난지형마늘,관찰포,2026,4,난지형마늘 - 잎마름병(피해주율),대구광역시,50.0
202600209VC04120901349004,마늘,난지형마늘,관찰포,2026,4,난지형마늘 - 흑색썩음균핵병(피해주율),대구광역시,0.0
202600209VC04120901349004,마늘,난지형마늘,관찰포,2026,4,난지형마늘 - 흑색썩음균핵병(피해주율),대구광역시,0.0
202600209VC04120901349004,마늘,난지형마늘,관찰포,2026,4,난지형마늘 - 녹병(피해주율),대구광역시,0.0
202600209VC04120901349004,마늘,난지형마늘,관찰포,2026,4,난지형마늘 - 녹병(피해주율),대구광역시,0.0
202600209VC04120901349004,마늘,난지형마늘,관찰포,2026,4,난지형마늘 - 무름병(피해주율),대구광역시,0.0
202600209VC04120901349004,마늘,난지형마늘,관찰포,2026,4,난지형마늘 - 무름병(피해주율),대구광역시,0.0
202600209VC04120901349004,마늘,난지형마늘,관찰포,2026,4,난지형마늘 - 잎집썩음병(피해주율),대구광역시,0.0
202600209VC04120901349004,마늘,난지형마늘,관찰포,2026,4,난지형마늘 - 잎집썩음병(피해주율),대구광역시,0.0
202600209VC04120901349004,마늘,난지형마늘,관찰포,2026,4,난지형마늘 - 고자리파리(피해주율),대구광역시,0.0
202600209VC04120901349004,마늘,난지형마늘,관찰포,2026,4,난지형마늘 - 고자리파리(피해주율),대구광역시,0.0
202600209VC04120901349004,마늘,난지형마늘,관찰포,2026,4,난지형마늘 - 뿌리응애(피해주율),대구광역시,0.0
202600209VC04120901349004,마늘,난지형마늘,관찰포,2026,4,난지형마늘 - 뿌리응애(피해주율),대구광역시,0.0
202600209VC04120901349004,마늘,난지형마늘,관찰포,2026,4,난지형마늘 - 바이러스(피해주율),대구광역시,0.0
202600209VC04120901349004,마늘,난지형마늘,관찰포,2026,4,난지형마늘 - 바이러스(피해주율),대구광역시,0.0
202600209VC04120901349004,마늘,난지형마늘,관찰포,2026,4,난지형마늘 - 잎마름병(피해주율),충청남도,0.0
202600209VC04120901349004,마늘,난지형마늘,관찰포,2026,4,난지형마늘 - 잎마름병(피해주율),충청남도,0.0
202600209VC04120901349004,마늘,난지형마늘,관찰포,2026,4,난지형마늘 - 흑색썩음균핵병(피해주율),충청남도,0.0
202600209VC04120901349004,마늘,난지형마늘,관찰포,2026,4,난지형마늘 - 흑색썩음균핵병(피해주율),충청남도,0.0
202600209VC04120901349004,마늘,난지형마늘,관찰포,2026,4,난지형마늘 - 녹병(피해주율),충청남도,0.0
202600209VC04120901349004,마늘,난지형마늘,관찰포,2026,4,난지형마늘 - 녹병(피해주율),충청남도,0.0
202600209VC04120901349004,마늘,난지형마늘,관찰포,2026,4,난지형마늘 - 무름병(피해주율),충청남도,5.0
202600209VC04120901349004,마늘,난지형마늘,관찰포,2026,4,난지형마늘 - 무름병(피해주율),충청남도,5.0
202600209VC04120901349004,마늘,난지형마늘,관찰포,2026,4,난지형마늘 - 잎집썩음병(피해주율),충청남도,0.0
202600209VC04120901349004,마늘,난지형마늘,관찰포,2026,4,난지형마늘 - 잎집썩음병(피해주율),충청남도,0.0
202600209VC04120901349004,마늘,난지형마늘,관찰포,2026,4,난지형마늘 - 고자리파리(피해주율),충청남도,0.0
202600209VC04120901349004,마늘,난지형마늘,관찰포,2026,4,난지형마늘 - 고자리파리(피해주율),충청남도,0.0
202600209VC04120901349004,마늘,난지형마늘,관찰포,2026,4,난지형마늘 - 뿌리응애(피해주율),충청남도,0.0
202600209VC04120901349004,마늘,난지형마늘,관찰포,2026,4,난지형마늘 - 뿌리응애(피해주율),충청남도,0.0
202600209VC04120901349004,마늘,난지형마늘,관찰포,2026,4,난지형마늘 - 바이러스(피해주율),충청남도,0.0
202600209VC04120901349004,마늘,난지형마늘,관찰포,2026,4,난지형마늘 - 바이러스(피해주율),충청남도,0.0
202600209VC04120901349004,마늘,난지형마늘,관찰포,2026,4,난지형마늘 - 잎마름병(피해주율),전북특별자치도,0.0
202600209VC04120901349004,마늘,난지형마늘,관찰포,2026,4,난지형마늘 - 잎마름병(피해주율),전북특별자치도,0.0
202600209VC04120901349004,마늘,난지형마늘,관찰포,2026,4,난지형마늘 - 흑색썩음균핵병(피해주율),전북특별자치도,2.5
202600209VC04120901349004,마늘,난지형마늘,관찰포,2026,4,난지형마늘 - 흑색썩음균핵병(피해주율),전북특별자치도,2.5
202600209VC04120901349004,마늘,난지형마늘,관찰포,2026,4,난지형마늘 - 녹병(피해주율),전북특별자치도,0.0
202600209VC04120901349004,마늘,난지형마늘,관찰포,2026,4,난지형마늘 - 녹병(피해주율),전북특별자치도,0.0
202600209VC04120901349004,마늘,난지형마늘,관찰포,2026,4,난지형마늘 - 무름병(피해주율),전북특별자치도,1.25
202600209VC04120901349004,마늘,난지형마늘,관찰포,2026,4,난지형마늘 - 무름병(피해주율),전북특별자치도,1.25
202600209VC04120901349004,마늘,난지형마늘,관찰포,2026,4,난지형마늘 - 잎집썩음병(피해주율),전북특별자치도,0.0
202600209VC04120901349004,마늘,난지형마늘,관찰포,2026,4,난지형마늘 - 잎집썩음병(피해주율),전북특별자치도,0.0
202600209VC04120901349004,마늘,난지형마늘,관찰포,2026,4,난지형마늘 - 고자리파리(피해주율),전북특별자치도,0.0
202600209VC04120901349004,마늘,난지형마늘,관찰포,2026,4,난지형마늘 - 고자리파리(피해주율),전북특별자치도,0.0
202600209VC04120901349004,마늘,난지형마늘,관찰포,2026,4,난지형마늘 - 뿌리응애(피해주율),전북특별자치도,0.0
202600209VC04120901349004,마늘,난지형마늘,관찰포,2026,4,난지형마늘 - 뿌리응애(피해주율),전북특별자치도,0.0
202600209VC04120901349004,마늘,난지형마늘,관찰포,2026,4,난지형마늘 - 바이러스(피해주율),전북특별자치도,1.25
202600209VC04120901349004,마늘,난지형마늘,관찰포,2026,4,난지형마늘 - 바이러스(피해주율),전북특별자치도,1.25
202600209VC04120901349004,마늘,난지형마늘,관찰포,2026,4,난지형마늘 - 잎마름병(피해주율),전남광주통합특별시,1.563
202600209VC04120901349004,마늘,난지형마늘,관찰포,2026,4,난지형마늘 - 잎마름병(피해주율),전남광주통합특별시,1.563
202600209VC04120901349004,마늘,난지형마늘,관찰포,2026,4,난지형마늘 - 흑색썩음균핵병(피해주율),전남광주통합특별시,1.25
202600209VC04120901349004,마늘,난지형마늘,관찰포,2026,4,난지형마늘 - 흑색썩음균핵병(피해주율),전남광주통합특별시,1.25
202600209VC04120901349004,마늘,난지형마늘,관찰포,2026,4,난지형마늘 - 녹병(피해주율),전남광주통합특별시,0.0
202600209VC04120901349004,마늘,난지형마늘,관찰포,2026,4,난지형마늘 - 녹병(피해주율),전남광주통합특별시,0.0
202600209VC04120901349004,마늘,난지형마늘,관찰포,2026,4,난지형마늘 - 무름병(피해주율),전남광주통합특별시,1.25
202600209VC04120901349004,마늘,난지형마늘,관찰포,2026,4,난지형마늘 - 무름병(피해주율),전남광주통합특별시,1.25
202600209VC04120901349004,마늘,난지형마늘,관찰포,2026,4,난지형마늘 - 잎집썩음병(피해주율),전남광주통합특별시,0.0
202600209VC04120901349004,마늘,난지형마늘,관찰포,2026,4,난지형마늘 - 잎집썩음병(피해주율),전남광주통합특별시,0.0
202600209VC04120901349004,마늘,난지형마늘,관찰포,2026,4,난지형마늘 - 고자리파리(피해주율),전남광주통합특별시,0.625
202600209VC04120901349004,마늘,난지형마늘,관찰포,2026,4,난지형마늘 - 고자리파리(피해주율),전남광주통합특별시,0.625
202600209VC04120901349004,마늘,난지형마늘,관찰포,2026,4,난지형마늘 - 뿌리응애(피해주율),전남광주통합특별시,0.313
202600209VC04120901349004,마늘,난지형마늘,관찰포,2026,4,난지형마늘 - 뿌리응애(피해주율),전남광주통합특별시,0.313
202600209VC04120901349004,마늘,난지형마늘,관찰포,2026,4,난지형마늘 - 바이러스(피해주율),전남광주통합특별시,0.313
202600209VC04120901349004,마늘,난지형마늘,관찰포,2026,4,난지형마늘 - 바이러스(피해주율),전남광주통합특별시,0.313
202600209VC04120901349004,마늘,난지형마늘,관찰포,2026,4,난지형마늘 - 잎마름병(피해주율),경상북도,0.0
202600209VC04120901349004,마늘,난지형마늘,관찰포,2026,4,난지형마늘 - 잎마름병(피해주율),경상북도,0.0
202600209VC04120901349004,마늘,난지형마늘,관찰포,2026,4,난지형마늘 - 흑색썩음균핵병(피해주율),경상북도,0.0
202600209VC04120901349004,마늘,난지형마늘,관찰포,2026,4,난지형마늘 - 흑색썩음균핵병(피해주율),경상북도,0.0
202600209VC04120901349004,마늘,난지형마늘,관찰포,2026,4,난지형마늘 - 녹병(피해주율),경상북도,0.0
202600209VC04120901349004,마늘,난지형마늘,관찰포,2026,4,난지형마늘 - 녹병(피해주율),경상북도,0.0
202600209VC04120901349004,마늘,난지형마늘,관찰포,2026,4,난지형마늘 - 무름병(피해주율),경상북도,0.0
202600209VC04120901349004,마늘,난지형마늘,관찰포,2026,4,난지형마늘 - 무름병(피해주율),경상북도,0.0
202600209VC04120901349004,마늘,난지형마늘,관찰포,2026,4,난지형마늘 - 잎집썩음병(피해주율),경상북도,0.0
202600209VC04120901349004,마늘,난지형마늘,관찰포,2026,4,난지형마늘 - 잎집썩음병(피해주율),경상북도,0.0
202600209VC04120901349004,마늘,난지형마늘,관찰포,2026,4,난지형마늘 - 고자리파리(피해주율),경상북도,5.0
202600209VC04120901349004,마늘,난지형마늘,관찰포,2026,4,난지형마늘 - 고자리파리(피해주율),경상북도,5.0
202600209VC04120901349004,마늘,난지형마늘,관찰포,2026,4,난지형마늘 - 뿌리응애(피해주율),경상북도,0.0
202600209VC04120901349004,마늘,난지형마늘,관찰포,2026,4,난지형마늘 - 뿌리응애(피해주율),경상북도,0.0
202600209VC04120901349004,마늘,난지형마늘,관찰포,2026,4,난지형마늘 - 바이러스(피해주율),경상북도,0.0
202600209VC04120901349004,마늘,난지형마늘,관찰포,2026,4,난지형마늘 - 바이러스(피해주율),경상북도,0.0
202600209VC04120901349004,마늘,난지형마늘,관찰포,2026,4,난지형마늘 - 잎마름병(피해주율),경상남도,0.0
202600209VC04120901349004,마늘,난지형마늘,관찰포,2026,4,난지형마늘 - 잎마름병(피해주율),경상남도,0.0
202600209VC04120901349004,마늘,난지형마늘,관찰포,2026,4,난지형마늘 - 흑색썩음균핵병(피해주율),경상남도,0.0
202600209VC04120901349004,마늘,난지형마늘,관찰포,2026,4,난지형마늘 - 흑색썩음균핵병(피해주율),경상남도,0.0
202600209VC04120901349004,마늘,난지형마늘,관찰포,2026,4,난지형마늘 - 녹병(피해주율),경상남도,0.0
202600209VC04120901349004,마늘,난지형마늘,관찰포,2026,4,난지형마늘 - 녹병(피해주율),경상남도,0.0
202600209VC04120901349004,마늘,난지형마늘,관찰포,2026,4,난지형마늘 - 무름병(피해주율),경상남도,0.0
202600209VC04120901349004,마늘,난지형마늘,관찰포,2026,4,난지형마늘 - 무름병(피해주율),경상남도,0.0
202600209VC04120901349004,마늘,난지형마늘,관찰포,2026,4,난지형마늘 - 잎집썩음병(피해주율),경상남도,0.0
202600209VC04120901349004,마늘,난지형마늘,관찰포,2026,4,난지형마늘 - 잎집썩음병(피해주율),경상남도,0.0
202600209VC04120901349004,마늘,난지형마늘,관찰포,2026,4,난지형마늘 - 고자리파리(피해주율),경상남도,0.0
202600209VC04120901349004,마늘,난지형마늘,관찰포,2026,4,난지형마늘 - 고자리파리(피해주율),경상남도,0.0
202600209VC04120901349004,마늘,난지형마늘,관찰포,2026,4,난지형마늘 - 뿌리응애(피해주율),경상남도,0.0
202600209VC04120901349004,마늘,난지형마늘,관찰포,2026,4,난지형마늘 - 뿌리응애(피해주율),경상남도,0.0
202600209VC04120901349004,마늘,난지형마늘,관찰포,2026,4,난지형마늘 - 바이러스(피해주율),경상남도,0.0
202600209VC04120901349004,마늘,난지형마늘,관찰포,2026,4,난지형마늘 - 바이러스(피해주율),경상남도,0.0
202600209VC04120901348004,마늘,한지형마늘,관찰포,2026,4,한지형마늘 - 잎마름병(피해주율),대구광역시,0.0
202600209VC04120901348004,마늘,한지형마늘,관찰포,2026,4,한지형마늘 - 잎마름병(피해주율),대구광역시,0.0
202600209VC04120901348004,마늘,한지형마늘,관찰포,2026,4,한지형마늘 - 흑색썩음균핵병(피해주율),대구광역시,0.0
202600209VC04120901348004,마늘,한지형마늘,관찰포,2026,4,한지형마늘 - 흑색썩음균핵병(피해주율),대구광역시,0.0
202600209VC04120901348004,마늘,한지형마늘,관찰포,2026,4,한지형마늘 - 녹병(피해주율),대구광역시,0.0
202600209VC04120901348004,마늘,한지형마늘,관찰포,2026,4,한지형마늘 - 녹병(피해주율),대구광역시,0.0
202600209VC04120901348004,마늘,한지형마늘,관찰포,2026,4,한지형마늘 - 무름병(피해주율),대구광역시,0.0
202600209VC04120901348004,마늘,한지형마늘,관찰포,2026,4,한지형마늘 - 무름병(피해주율),대구광역시,0.0
202600209VC04120901348004,마늘,한지형마늘,관찰포,2026,4,한지형마늘 - 잎집썩음병(피해주율),대구광역시,0.0
202600209VC04120901348004,마늘,한지형마늘,관찰포,2026,4,한지형마늘 - 잎집썩음병(피해주율),대구광역시,0.0
202600209VC04120901348004,마늘,한지형마늘,관찰포,2026,4,한지형마늘 - 고자리파리(피해주율),대구광역시,0.0
202600209VC04120901348004,마늘,한지형마늘,관찰포,2026,4,한지형마늘 - 고자리파리(피해주율),대구광역시,0.0
202600209VC04120901348004,마늘,한지형마늘,관찰포,2026,4,한지형마늘 - 뿌리응애(피해주율),대구광역시,0.0
202600209VC04120901348004,마늘,한지형마늘,관찰포,2026,4,한지형마늘 - 뿌리응애(피해주율),대구광역시,0.0
202600209VC04120901348004,마늘,한지형마늘,관찰포,2026,4,한지형마늘 - 바이러스(피해주율),대구광역시,0.0
202600209VC04120901348004,마늘,한지형마늘,관찰포,2026,4,한지형마늘 - 바이러스(피해주율),대구광역시,0.0
202600209VC04120901348004,마늘,한지형마늘,관찰포,2026,4,한지형마늘 - 잎마름병(피해주율),강원특별자치도,0.0
202600209VC04120901348004,마늘,한지형마늘,관찰포,2026,4,한지형마늘 - 잎마름병(피해주율),강원특별자치도,0.0
202600209VC04120901348004,마늘,한지형마늘,관찰포,2026,4,한지형마늘 - 흑색썩음균핵병(피해주율),강원특별자치도,0.0
202600209VC04120901348004,마늘,한지형마늘,관찰포,2026,4,한지형마늘 - 흑색썩음균핵병(피해주율),강원특별자치도,0.0
202600209VC04120901348004,마늘,한지형마늘,관찰포,2026,4,한지형마늘 - 녹병(피해주율),강원특별자치도,0.0
202600209VC04120901348004,마늘,한지형마늘,관찰포,2026,4,한지형마늘 - 녹병(피해주율),강원특별자치도,0.0
202600209VC04120901348004,마늘,한지형마늘,관찰포,2026,4,한지형마늘 - 무름병(피해주율),강원특별자치도,0.0
202600209VC04120901348004,마늘,한지형마늘,관찰포,2026,4,한지형마늘 - 무름병(피해주율),강원특별자치도,0.0
202600209VC04120901348004,마늘,한지형마늘,관찰포,2026,4,한지형마늘 - 잎집썩음병(피해주율),강원특별자치도,0.0
202600209VC04120901348004,마늘,한지형마늘,관찰포,2026,4,한지형마늘 - 잎집썩음병(피해주율),강원특별자치도,0.0
202600209VC04120901348004,마늘,한지형마늘,관찰포,2026,4,한지형마늘 - 고자리파리(피해주율),강원특별자치도,0.0
202600209VC04120901348004,마늘,한지형마늘,관찰포,2026,4,한지형마늘 - 고자리파리(피해주율),강원특별자치도,0.0
202600209VC04120901348004,마늘,한지형마늘,관찰포,2026,4,한지형마늘 - 뿌리응애(피해주율),강원특별자치도,2.5
202600209VC04120901348004,마늘,한지형마늘,관찰포,2026,4,한지형마늘 - 뿌리응애(피해주율),강원특별자치도,2.5
202600209VC04120901348004,마늘,한지형마늘,관찰포,2026,4,한지형마늘 - 바이러스(피해주율),강원특별자치도,2.5
202600209VC04120901348004,마늘,한지형마늘,관찰포,2026,4,한지형마늘 - 바이러스(피해주율),강원특별자치도,2.5
202600209VC04120901348004,마늘,한지형마늘,관찰포,2026,4,한지형마늘 - 잎마름병(피해주율),충청북도,0.0
202600209VC04120901348004,마늘,한지형마늘,관찰포,2026,4,한지형마늘 - 잎마름병(피해주율),충청북도,0.0
202600209VC04120901348004,마늘,한지형마늘,관찰포,2026,4,한지형마늘 - 흑색썩음균핵병(피해주율),충청북도,0.0
202600209VC04120901348004,마늘,한지형마늘,관찰포,2026,4,한지형마늘 - 흑색썩음균핵병(피해주율),충청북도,0.0
202600209VC04120901348004,마늘,한지형마늘,관찰포,2026,4,한지형마늘 - 녹병(피해주율),충청북도,0.0
202600209VC04120901348004,마늘,한지형마늘,관찰포,2026,4,한지형마늘 - 녹병(피해주율),충청북도,0.0
202600209VC04120901348004,마늘,한지형마늘,관찰포,2026,4,한지형마늘 - 무름병(피해주율),충청북도,0.0
202600209VC04120901348004,마늘,한지형마늘,관찰포,2026,4,한지형마늘 - 무름병(피해주율),충청북도,0.0
202600209VC04120901348004,마늘,한지형마늘,관찰포,2026,4,한지형마늘 - 잎집썩음병(피해주율),충청북도,0.0
202600209VC04120901348004,마늘,한지형마늘,관찰포,2026,4,한지형마늘 - 잎집썩음병(피해주율),충청북도,0.0
202600209VC04120901348004,마늘,한지형마늘,관찰포,2026,4,한지형마늘 - 고자리파리(피해주율),충청북도,0.0
202600209VC04120901348004,마늘,한지형마늘,관찰포,2026,4,한지형마늘 - 고자리파리(피해주율),충청북도,0.0
202600209VC04120901348004,마늘,한지형마늘,관찰포,2026,4,한지형마늘 - 뿌리응애(피해주율),충청북도,0.0
202600209VC04120901348004,마늘,한지형마늘,관찰포,2026,4,한지형마늘 - 뿌리응애(피해주율),충청북도,0.0
202600209VC04120901348004,마늘,한지형마늘,관찰포,2026,4,한지형마늘 - 바이러스(피해주율),충청북도,2.5
202600209VC04120901348004,마늘,한지형마늘,관찰포,2026,4,한지형마늘 - 바이러스(피해주율),충청북도,2.5
202600209VC04120901348004,마늘,한지형마늘,관찰포,2026,4,한지형마늘 - 잎마름병(피해주율),충청남도,0.0
202600209VC04120901348004,마늘,한지형마늘,관찰포,2026,4,한지형마늘 - 잎마름병(피해주율),충청남도,0.0
202600209VC04120901348004,마늘,한지형마늘,관찰포,2026,4,한지형마늘 - 흑색썩음균핵병(피해주율),충청남도,0.0
202600209VC04120901348004,마늘,한지형마늘,관찰포,2026,4,한지형마늘 - 흑색썩음균핵병(피해주율),충청남도,0.0
202600209VC04120901348004,마늘,한지형마늘,관찰포,2026,4,한지형마늘 - 녹병(피해주율),충청남도,0.0
202600209VC04120901348004,마늘,한지형마늘,관찰포,2026,4,한지형마늘 - 녹병(피해주율),충청남도,0.0
202600209VC04120901348004,마늘,한지형마늘,관찰포,2026,4,한지형마늘 - 무름병(피해주율),충청남도,0.0
202600209VC04120901348004,마늘,한지형마늘,관찰포,2026,4,한지형마늘 - 무름병(피해주율),충청남도,0.0
202600209VC04120901348004,마늘,한지형마늘,관찰포,2026,4,한지형마늘 - 잎집썩음병(피해주율),충청남도,0.0
202600209VC04120901348004,마늘,한지형마늘,관찰포,2026,4,한지형마늘 - 잎집썩음병(피해주율),충청남도,0.0
202600209VC04120901348004,마늘,한지형마늘,관찰포,2026,4,한지형마늘 - 고자리파리(피해주율),충청남도,0.0
202600209VC04120901348004,마늘,한지형마늘,관찰포,2026,4,한지형마늘 - 고자리파리(피해주율),충청남도,0.0
202600209VC04120901348004,마늘,한지형마늘,관찰포,2026,4,한지형마늘 - 뿌리응애(피해주율),충청남도,0.0
202600209VC04120901348004,마늘,한지형마늘,관찰포,2026,4,한지형마늘 - 뿌리응애(피해주율),충청남도,0.0
202600209VC04120901348004,마늘,한지형마늘,관찰포,2026,4,한지형마늘 - 바이러스(피해주율),충청남도,0.0
202600209VC04120901348004,마늘,한지형마늘,관찰포,2026,4,한지형마늘 - 바이러스(피해주율),충청남도,0.0
202600209VC04120901348004,마늘,한지형마늘,관찰포,2026,4,한지형마늘 - 잎마름병(피해주율),경상북도,0.5
202600209VC04120901348004,마늘,한지형마늘,관찰포,2026,4,한지형마늘 - 잎마름병(피해주율),경상북도,0.5
202600209VC04120901348004,마늘,한지형마늘,관찰포,2026,4,한지형마늘 - 흑색썩음균핵병(피해주율),경상북도,0.0
202600209VC04120901348004,마늘,한지형마늘,관찰포,2026,4,한지형마늘 - 흑색썩음균핵병(피해주율),경상북도,0.0
202600209VC04120901348004,마늘,한지형마늘,관찰포,2026,4,한지형마늘 - 녹병(피해주율),경상북도,0.0
202600209VC04120901348004,마늘,한지형마늘,관찰포,2026,4,한지형마늘 - 녹병(피해주율),경상북도,0.0
202600209VC04120901348004,마늘,한지형마늘,관찰포,2026,4,한지형마늘 - 무름병(피해주율),경상북도,0.0
202600209VC04120901348004,마늘,한지형마늘,관찰포,2026,4,한지형마늘 - 무름병(피해주율),경상북도,0.0
202600209VC04120901348004,마늘,한지형마늘,관찰포,2026,4,한지형마늘 - 잎집썩음병(피해주율),경상북도,0.0
202600209VC04120901348004,마늘,한지형마늘,관찰포,2026,4,한지형마늘 - 잎집썩음병(피해주율),경상북도,0.0
202600209VC04120901348004,마늘,한지형마늘,관찰포,2026,4,한지형마늘 - 고자리파리(피해주율),경상북도,0.0
202600209VC04120901348004,마늘,한지형마늘,관찰포,2026,4,한지형마늘 - 고자리파리(피해주율),경상북도,0.0
202600209VC04120901348004,마늘,한지형마늘,관찰포,2026,4,한지형마늘 - 뿌리응애(피해주율),경상북도,0.0
202600209VC04120901348004,마늘,한지형마늘,관찰포,2026,4,한지형마늘 - 뿌리응애(피해주율),경상북도,0.0
202600209VC04120901348004,마늘,한지형마늘,관찰포,2026,4,한지형마늘 - 바이러스(피해주율),경상북도,0.0
202600209VC04120901348004,마늘,한지형마늘,관찰포,2026,4,한지형마늘 - 바이러스(피해주율),경상북도,0.0
202600209FC02020101305003,보리,기본조사,관찰포,2026,3,붉은곰팡이병(피해이삭율),충청북도,0.0
202600209FC02020101305003,보리,기본조사,관찰포,2026,3,깜부기병(피해이삭율),충청북도,0.0
202600209FC02020101305003,보리,기본조사,관찰포,2026,3,줄무늬병(피해주율),충청북도,0.0
202600209FC02020101305003,보리,기본조사,관찰포,2026,3,흰가루병(피해주율),충청북도,0.0
202600209FC02020101305003,보리,기본조사,관찰포,2026,3,녹병(피해주율),충청북도,0.0
202600209FC02020101305003,보리,기본조사,관찰포,2026,3,바이러스병(피해주율),충청북도,0.0
202600209FC02020101305003,보리,기본조사,관찰포,2026,3,잎집눈무늬병(피해주율),충청북도,0.0
202600209FC02020101305003,보리,기본조사,관찰포,2026,3,멸강나방_유충(밀도),충청북도,0.0
202600209FC02020101305003,보리,기본조사,관찰포,2026,3,보리굴파리(피해잎율),충청북도,0.0
202600209FC02020101305003,보리,기본조사,관찰포,2026,3,진딧물류(피해잎율),충청북도,0.0
202600209FC02020101305003,보리,기본조사,관찰포,2026,3,붉은곰팡이병(피해이삭율),충청남도,0.0
202600209FC02020101305003,보리,기본조사,관찰포,2026,3,깜부기병(피해이삭율),충청남도,0.0
202600209FC02020101305003,보리,기본조사,관찰포,2026,3,줄무늬병(피해주율),충청남도,0.0
202600209FC02020101305003,보리,기본조사,관찰포,2026,3,흰가루병(피해주율),충청남도,0.0
202600209FC02020101305003,보리,기본조사,관찰포,2026,3,녹병(피해주율),충청남도,0.0
202600209FC02020101305003,보리,기본조사,관찰포,2026,3,바이러스병(피해주율),충청남도,0.0
202600209FC02020101305003,보리,기본조사,관찰포,2026,3,잎집눈무늬병(피해주율),충청남도,0.0
202600209FC02020101305003,보리,기본조사,관찰포,2026,3,멸강나방_유충(밀도),충청남도,0.0
202600209FC02020101305003,보리,기본조사,관찰포,2026,3,보리굴파리(피해잎율),충청남도,0.0
202600209FC02020101305003,보리,기본조사,관찰포,2026,3,진딧물류(피해잎율),충청남도,0.0
202600209FC02020101305003,보리,기본조사,관찰포,2026,3,붉은곰팡이병(피해이삭율),전북특별자치도,0.0
202600209FC02020101305003,보리,기본조사,관찰포,2026,3,깜부기병(피해이삭율),전북특별자치도,0.0
202600209FC02020101305003,보리,기본조사,관찰포,2026,3,줄무늬병(피해주율),전북특별자치도,0.0
202600209FC02020101305003,보리,기본조사,관찰포,2026,3,흰가루병(피해주율),전북특별자치도,0.0
202600209FC02020101305003,보리,기본조사,관찰포,2026,3,녹병(피해주율),전북특별자치도,0.0
202600209FC02020101305003,보리,기본조사,관찰포,2026,3,바이러스병(피해주율),전북특별자치도,0.0
202600209FC02020101305003,보리,기본조사,관찰포,2026,3,잎집눈무늬병(피해주율),전북특별자치도,0.0
202600209FC02020101305003,보리,기본조사,관찰포,2026,3,멸강나방_유충(밀도),전북특별자치도,0.0
202600209FC02020101305003,보리,기본조사,관찰포,2026,3,보리굴파리(피해잎율),전북특별자치도,0.0
202600209FC02020101305003,보리,기본조사,관찰포,2026,3,진딧물류(피해잎율),전북특별자치도,0.0
202600209FC02020101305003,보리,기본조사,관찰포,2026,3,붉은곰팡이병(피해이삭율),전남광주통합특별시,0.0
202600209FC02020101305003,보리,기본조사,관찰포,2026,3,깜부기병(피해이삭율),전남광주통합특별시,0.069
202600209FC02020101305003,보리,기본조사,관찰포,2026,3,줄무늬병(피해주율),전남광주통합특별시,0.0
202600209FC02020101305003,보리,기본조사,관찰포,2026,3,흰가루병(피해주율),전남광주통합특별시,0.0
202600209FC02020101305003,보리,기본조사,관찰포,2026,3,녹병(피해주율),전남광주통합특별시,0.0
202600209FC02020101305003,보리,기본조사,관찰포,2026,3,바이러스병(피해주율),전남광주통합특별시,0.0
202600209FC02020101305003,보리,기본조사,관찰포,2026,3,잎집눈무늬병(피해주율),전남광주통합특별시,0.192
202600209FC02020101305003,보리,기본조사,관찰포,2026,3,멸강나방_유충(밀도),전남광주통합특별시,0.0
202600209FC02020101305003,보리,기본조사,관찰포,2026,3,보리굴파리(피해잎율),전남광주통합특별시,0.0
202600209FC02020101305003,보리,기본조사,관찰포,2026,3,진딧물류(피해잎율),전남광주통합특별시,0.0
202600209FC02020101305003,보리,기본조사,관찰포,2026,3,붉은곰팡이병(피해이삭율),경상북도,0.0
202600209FC02020101305003,보리,기본조사,관찰포,2026,3,깜부기병(피해이삭율),경상북도,0.0
202600209FC02020101305003,보리,기본조사,관찰포,2026,3,줄무늬병(피해주율),경상북도,0.0
202600209FC02020101305003,보리,기본조사,관찰포,2026,3,흰가루병(피해주율),경상북도,0.0
202600209FC02020101305003,보리,기본조사,관찰포,2026,3,녹병(피해주율),경상북도,0.0
202600209FC02020101305003,보리,기본조사,관찰포,2026,3,바이러스병(피해주율),경상북도,0.0
202600209FC02020101305003,보리,기본조사,관찰포,2026,3,잎집눈무늬병(피해주율),경상북도,0.0
202600209FC02020101305003,보리,기본조사,관찰포,2026,3,멸강나방_유충(밀도),경상북도,0.0
202600209FC02020101305003,보리,기본조사,관찰포,2026,3,보리굴파리(피해잎율),경상북도,0.0
202600209FC02020101305003,보리,기본조사,관찰포,2026,3,진딧물류(피해잎율),경상북도,0.0
202600209FC02020101305003,보리,기본조사,관찰포,2026,3,붉은곰팡이병(피해이삭율),경상남도,0.0
202600209FC02020101305003,보리,기본조사,관찰포,2026,3,깜부기병(피해이삭율),경상남도,0.323
202600209FC02020101305003,보리,기본조사,관찰포,2026,3,줄무늬병(피해주율),경상남도,0.0
202600209FC02020101305003,보리,기본조사,관찰포,2026,3,흰가루병(피해주율),경상남도,0.0
202600209FC02020101305003,보리,기본조사,관찰포,2026,3,녹병(피해주율),경상남도,0.0
202600209FC02020101305003,보리,기본조사,관찰포,2026,3,바이러스병(피해주율),경상남도,0.0
202600209FC02020101305003,보리,기본조사,관찰포,2026,3,잎집눈무늬병(피해주율),경상남도,0.0
202600209FC02020101305003,보리,기본조사,관찰포,2026,3,멸강나방_유충(밀도),경상남도,0.0
202600209FC02020101305003,보리,기본조사,관찰포,2026,3,보리굴파리(피해잎율),경상남도,0.0
202600209FC02020101305003,보리,기본조사,관찰포,2026,3,진딧물류(피해잎율),경상남도,0.0
202600209FT04060301306001,포도,기본조사,관찰포,2026,1,갈색무늬병(피해잎율),대전광역시,0.0
202600209FT04060301306001,포도,기본조사,관찰포,2026,1,노균병(피해잎율),대전광역시,0.0
202600209FT04060301306001,포도,기본조사,관찰포,2026,1,꽃매미(밀도),대전광역시,0.0
202600209FT04060301306001,포도,기본조사,관찰포,2026,1,갈색무늬병(피해잎율),경기도,0.0
202600209FT04060301306001,포도,기본조사,관찰포,2026,1,노균병(피해잎율),경기도,0.0
202600209FT04060301306001,포도,기본조사,관찰포,2026,1,꽃매미(밀도),경기도,0.0
202600209FT04060301306001,포도,기본조사,관찰포,2026,1,갈색무늬병(피해잎율),충청북도,0.0
202600209FT04060301306001,포도,기본조사,관찰포,2026,1,노균병(피해잎율),충청북도,0.0
202600209FT04060301306001,포도,기본조사,관찰포,2026,1,꽃매미(밀도),충청북도,0.0
202600209FT04060301306001,포도,기본조사,관찰포,2026,1,갈색무늬병(피해잎율),충청남도,0.0
202600209FT04060301306001,포도,기본조사,관찰포,2026,1,노균병(피해잎율),충청남도,0.0
202600209FT04060301306001,포도,기본조사,관찰포,2026,1,꽃매미(밀도),충청남도,0.0
202600209FT04060301306001,포도,기본조사,관찰포,2026,1,갈색무늬병(피해잎율),전북특별자치도,0.0
202600209FT04060301306001,포도,기본조사,관찰포,2026,1,노균병(피해잎율),전북특별자치도,0.0
202600209FT04060301306001,포도,기본조사,관찰포,2026,1,꽃매미(밀도),전북특별자치도,0.0
202600209FT04060301306001,포도,기본조사,관찰포,2026,1,갈색무늬병(피해잎율),전남광주통합특별시,0.0
202600209FT04060301306001,포도,기본조사,관찰포,2026,1,노균병(피해잎율),전남광주통합특별시,0.0
202600209FT04060301306001,포도,기본조사,관찰포,2026,1,꽃매미(밀도),전남광주통합특별시,0.0
202600209FT04060301306001,포도,기본조사,관찰포,2026,1,갈색무늬병(피해잎율),경상북도,0.0
202600209FT04060301306001,포도,기본조사,관찰포,2026,1,노균병(피해잎율),경상북도,0.0
202600209FT04060301306001,포도,기본조사,관찰포,2026,1,꽃매미(밀도),경상북도,0.0
202600209FT04060301306001,포도,기본조사,관찰포,2026,1,갈색무늬병(피해잎율),경상남도,0.0
202600209FT04060301306001,포도,기본조사,관찰포,2026,1,노균병(피해잎율),경상남도,0.0
202600209FT04060301306001,포도,기본조사,관찰포,2026,1,꽃매미(밀도),경상남도,0.0
202600209VC04120101322003,양파,기본조사,관찰포,2026,3,잎마름병(피해주율),대구광역시,25.0
202600209VC04120101322003,양파,기본조사,관찰포,2026,3,흑색썩음균핵병(피해주율),대구광역시,0.0
202600209VC04120101322003,양파,기본조사,관찰포,2026,3,노균병(피해주율),대구광역시,0.0
202600209VC04120101322003,양파,기본조사,관찰포,2026,3,녹병(피해주율),대구광역시,0.0
202600209VC04120101322003,양파,기본조사,관찰포,2026,3,고자리파리(피해주율),대구광역시,0.0
202600209VC04120101322003,양파,기본조사,관찰포,2026,3,검은무늬병(피해주율),대구광역시,0.0
202600209VC04120101322003,양파,기본조사,관찰포,2026,3,잎마름병(피해주율),전북특별자치도,0.0
202600209VC04120101322003,양파,기본조사,관찰포,2026,3,흑색썩음균핵병(피해주율),전북특별자치도,0.0
202600209VC04120101322003,양파,기본조사,관찰포,2026,3,노균병(피해주율),전북특별자치도,5.0
202600209VC04120101322003,양파,기본조사,관찰포,2026,3,녹병(피해주율),전북특별자치도,0.0
202600209VC04120101322003,양파,기본조사,관찰포,2026,3,고자리파리(피해주율),전북특별자치도,0.0
202600209VC04120101322003,양파,기본조사,관찰포,2026,3,검은무늬병(피해주율),전북특별자치도,0.0
202600209VC04120101322003,양파,기본조사,관찰포,2026,3,잎마름병(피해주율),전남광주통합특별시,4.286
202600209VC04120101322003,양파,기본조사,관찰포,2026,3,흑색썩음균핵병(피해주율),전남광주통합특별시,0.0
202600209VC04120101322003,양파,기본조사,관찰포,2026,3,노균병(피해주율),전남광주통합특별시,0.357
202600209VC04120101322003,양파,기본조사,관찰포,2026,3,녹병(피해주율),전남광주통합특별시,0.0
202600209VC04120101322003,양파,기본조사,관찰포,2026,3,고자리파리(피해주율),전남광주통합특별시,0.0
202600209VC04120101322003,양파,기본조사,관찰포,2026,3,검은무늬병(피해주율),전남광주통합특별시,0.0
202600209VC04120101322003,양파,기본조사,관찰포,2026,3,잎마름병(피해주율),경상북도,0.357
202600209VC04120101322003,양파,기본조사,관찰포,2026,3,흑색썩음균핵병(피해주율),경상북도,0.0
202600209VC04120101322003,양파,기본조사,관찰포,2026,3,노균병(피해주율),경상북도,1.071
202600209VC04120101322003,양파,기본조사,관찰포,2026,3,녹병(피해주율),경상북도,0.0
202600209VC04120101322003,양파,기본조사,관찰포,2026,3,고자리파리(피해주율),경상북도,0.0
202600209VC04120101322003,양파,기본조사,관찰포,2026,3,검은무늬병(피해주율),경상북도,0.0
202600209VC04120101322003,양파,기본조사,관찰포,2026,3,잎마름병(피해주율),경상남도,0.0
202600209VC04120101322003,양파,기본조사,관찰포,2026,3,흑색썩음균핵병(피해주율),경상남도,0.0
202600209VC04120101322003,양파,기본조사,관찰포,2026,3,노균병(피해주율),경상남도,0.0
202600209VC04120101322003,양파,기본조사,관찰포,2026,3,녹병(피해주율),경상남도,0.0
202600209VC04120101322003,양파,기본조사,관찰포,2026,3,고자리파리(피해주율),경상남도,0.0
202600209VC04120101322003,양파,기본조사,관찰포,2026,3,검은무늬병(피해주율),경상남도,0.0
202600209VC04120901349003,마늘,난지형마늘,관찰포,2026,3,난지형마늘 - 잎마름병(피해주율),대구광역시,50.0
202600209VC04120901349003,마늘,난지형마늘,관찰포,2026,3,난지형마늘 - 잎마름병(피해주율),대구광역시,50.0
202600209VC04120901349003,마늘,난지형마늘,관찰포,2026,3,난지형마늘 - 흑색썩음균핵병(피해주율),대구광역시,0.0
202600209VC04120901349003,마늘,난지형마늘,관찰포,2026,3,난지형마늘 - 흑색썩음균핵병(피해주율),대구광역시,0.0
202600209VC04120901349003,마늘,난지형마늘,관찰포,2026,3,난지형마늘 - 녹병(피해주율),대구광역시,0.0
202600209VC04120901349003,마늘,난지형마늘,관찰포,2026,3,난지형마늘 - 녹병(피해주율),대구광역시,0.0
202600209VC04120901349003,마늘,난지형마늘,관찰포,2026,3,난지형마늘 - 무름병(피해주율),대구광역시,0.0
202600209VC04120901349003,마늘,난지형마늘,관찰포,2026,3,난지형마늘 - 무름병(피해주율),대구광역시,0.0
202600209VC04120901349003,마늘,난지형마늘,관찰포,2026,3,난지형마늘 - 잎집썩음병(피해주율),대구광역시,0.0
202600209VC04120901349003,마늘,난지형마늘,관찰포,2026,3,난지형마늘 - 잎집썩음병(피해주율),대구광역시,0.0
202600209VC04120901349003,마늘,난지형마늘,관찰포,2026,3,난지형마늘 - 고자리파리(피해주율),대구광역시,0.0
202600209VC04120901349003,마늘,난지형마늘,관찰포,2026,3,난지형마늘 - 고자리파리(피해주율),대구광역시,0.0
202600209VC04120901349003,마늘,난지형마늘,관찰포,2026,3,난지형마늘 - 뿌리응애(피해주율),대구광역시,0.0
202600209VC04120901349003,마늘,난지형마늘,관찰포,2026,3,난지형마늘 - 뿌리응애(피해주율),대구광역시,0.0
202600209VC04120901349003,마늘,난지형마늘,관찰포,2026,3,난지형마늘 - 바이러스(피해주율),대구광역시,0.0
202600209VC04120901349003,마늘,난지형마늘,관찰포,2026,3,난지형마늘 - 바이러스(피해주율),대구광역시,0.0
202600209VC04120901349003,마늘,난지형마늘,관찰포,2026,3,난지형마늘 - 잎마름병(피해주율),충청남도,0.0
202600209VC04120901349003,마늘,난지형마늘,관찰포,2026,3,난지형마늘 - 잎마름병(피해주율),충청남도,0.0
202600209VC04120901349003,마늘,난지형마늘,관찰포,2026,3,난지형마늘 - 흑색썩음균핵병(피해주율),충청남도,0.0
202600209VC04120901349003,마늘,난지형마늘,관찰포,2026,3,난지형마늘 - 흑색썩음균핵병(피해주율),충청남도,0.0
202600209VC04120901349003,마늘,난지형마늘,관찰포,2026,3,난지형마늘 - 녹병(피해주율),충청남도,0.0
202600209VC04120901349003,마늘,난지형마늘,관찰포,2026,3,난지형마늘 - 녹병(피해주율),충청남도,0.0
202600209VC04120901349003,마늘,난지형마늘,관찰포,2026,3,난지형마늘 - 무름병(피해주율),충청남도,5.0
202600209VC04120901349003,마늘,난지형마늘,관찰포,2026,3,난지형마늘 - 무름병(피해주율),충청남도,5.0
202600209VC04120901349003,마늘,난지형마늘,관찰포,2026,3,난지형마늘 - 잎집썩음병(피해주율),충청남도,0.0
202600209VC04120901349003,마늘,난지형마늘,관찰포,2026,3,난지형마늘 - 잎집썩음병(피해주율),충청남도,0.0
202600209VC04120901349003,마늘,난지형마늘,관찰포,2026,3,난지형마늘 - 고자리파리(피해주율),충청남도,0.0
202600209VC04120901349003,마늘,난지형마늘,관찰포,2026,3,난지형마늘 - 고자리파리(피해주율),충청남도,0.0
202600209VC04120901349003,마늘,난지형마늘,관찰포,2026,3,난지형마늘 - 뿌리응애(피해주율),충청남도,0.0
202600209VC04120901349003,마늘,난지형마늘,관찰포,2026,3,난지형마늘 - 뿌리응애(피해주율),충청남도,0.0
202600209VC04120901349003,마늘,난지형마늘,관찰포,2026,3,난지형마늘 - 바이러스(피해주율),충청남도,0.0
202600209VC04120901349003,마늘,난지형마늘,관찰포,2026,3,난지형마늘 - 바이러스(피해주율),충청남도,0.0
202600209VC04120901349003,마늘,난지형마늘,관찰포,2026,3,난지형마늘 - 잎마름병(피해주율),전북특별자치도,2.5
202600209VC04120901349003,마늘,난지형마늘,관찰포,2026,3,난지형마늘 - 잎마름병(피해주율),전북특별자치도,2.5
202600209VC04120901349003,마늘,난지형마늘,관찰포,2026,3,난지형마늘 - 흑색썩음균핵병(피해주율),전북특별자치도,3.75
202600209VC04120901349003,마늘,난지형마늘,관찰포,2026,3,난지형마늘 - 흑색썩음균핵병(피해주율),전북특별자치도,3.75
202600209VC04120901349003,마늘,난지형마늘,관찰포,2026,3,난지형마늘 - 녹병(피해주율),전북특별자치도,0.0
202600209VC04120901349003,마늘,난지형마늘,관찰포,2026,3,난지형마늘 - 녹병(피해주율),전북특별자치도,0.0
202600209VC04120901349003,마늘,난지형마늘,관찰포,2026,3,난지형마늘 - 무름병(피해주율),전북특별자치도,1.25
202600209VC04120901349003,마늘,난지형마늘,관찰포,2026,3,난지형마늘 - 무름병(피해주율),전북특별자치도,1.25
202600209VC04120901349003,마늘,난지형마늘,관찰포,2026,3,난지형마늘 - 잎집썩음병(피해주율),전북특별자치도,0.0
202600209VC04120901349003,마늘,난지형마늘,관찰포,2026,3,난지형마늘 - 잎집썩음병(피해주율),전북특별자치도,0.0
202600209VC04120901349003,마늘,난지형마늘,관찰포,2026,3,난지형마늘 - 고자리파리(피해주율),전북특별자치도,0.0
202600209VC04120901349003,마늘,난지형마늘,관찰포,2026,3,난지형마늘 - 고자리파리(피해주율),전북특별자치도,0.0
202600209VC04120901349003,마늘,난지형마늘,관찰포,2026,3,난지형마늘 - 뿌리응애(피해주율),전북특별자치도,0.0
202600209VC04120901349003,마늘,난지형마늘,관찰포,2026,3,난지형마늘 - 뿌리응애(피해주율),전북특별자치도,0.0
202600209VC04120901349003,마늘,난지형마늘,관찰포,2026,3,난지형마늘 - 바이러스(피해주율),전북특별자치도,0.0
202600209VC04120901349003,마늘,난지형마늘,관찰포,2026,3,난지형마늘 - 바이러스(피해주율),전북특별자치도,0.0
202600209VC04120901349003,마늘,난지형마늘,관찰포,2026,3,난지형마늘 - 잎마름병(피해주율),전남광주통합특별시,1.875
202600209VC04120901349003,마늘,난지형마늘,관찰포,2026,3,난지형마늘 - 잎마름병(피해주율),전남광주통합특별시,1.875
202600209VC04120901349003,마늘,난지형마늘,관찰포,2026,3,난지형마늘 - 흑색썩음균핵병(피해주율),전남광주통합특별시,0.938
202600209VC04120901349003,마늘,난지형마늘,관찰포,2026,3,난지형마늘 - 흑색썩음균핵병(피해주율),전남광주통합특별시,0.938
202600209VC04120901349003,마늘,난지형마늘,관찰포,2026,3,난지형마늘 - 녹병(피해주율),전남광주통합특별시,0.0
202600209VC04120901349003,마늘,난지형마늘,관찰포,2026,3,난지형마늘 - 녹병(피해주율),전남광주통합특별시,0.0
202600209VC04120901349003,마늘,난지형마늘,관찰포,2026,3,난지형마늘 - 무름병(피해주율),전남광주통합특별시,1.25
202600209VC04120901349003,마늘,난지형마늘,관찰포,2026,3,난지형마늘 - 무름병(피해주율),전남광주통합특별시,1.25
202600209VC04120901349003,마늘,난지형마늘,관찰포,2026,3,난지형마늘 - 잎집썩음병(피해주율),전남광주통합특별시,0.0
202600209VC04120901349003,마늘,난지형마늘,관찰포,2026,3,난지형마늘 - 잎집썩음병(피해주율),전남광주통합특별시,0.0
202600209VC04120901349003,마늘,난지형마늘,관찰포,2026,3,난지형마늘 - 고자리파리(피해주율),전남광주통합특별시,0.313
202600209VC04120901349003,마늘,난지형마늘,관찰포,2026,3,난지형마늘 - 고자리파리(피해주율),전남광주통합특별시,0.313
202600209VC04120901349003,마늘,난지형마늘,관찰포,2026,3,난지형마늘 - 뿌리응애(피해주율),전남광주통합특별시,0.0
202600209VC04120901349003,마늘,난지형마늘,관찰포,2026,3,난지형마늘 - 뿌리응애(피해주율),전남광주통합특별시,0.0
202600209VC04120901349003,마늘,난지형마늘,관찰포,2026,3,난지형마늘 - 바이러스(피해주율),전남광주통합특별시,0.0
202600209VC04120901349003,마늘,난지형마늘,관찰포,2026,3,난지형마늘 - 바이러스(피해주율),전남광주통합특별시,0.0
202600209VC04120901349003,마늘,난지형마늘,관찰포,2026,3,난지형마늘 - 잎마름병(피해주율),경상북도,0.0
202600209VC04120901349003,마늘,난지형마늘,관찰포,2026,3,난지형마늘 - 잎마름병(피해주율),경상북도,0.0
202600209VC04120901349003,마늘,난지형마늘,관찰포,2026,3,난지형마늘 - 흑색썩음균핵병(피해주율),경상북도,0.0
202600209VC04120901349003,마늘,난지형마늘,관찰포,2026,3,난지형마늘 - 흑색썩음균핵병(피해주율),경상북도,0.0
202600209VC04120901349003,마늘,난지형마늘,관찰포,2026,3,난지형마늘 - 녹병(피해주율),경상북도,0.0
202600209VC04120901349003,마늘,난지형마늘,관찰포,2026,3,난지형마늘 - 녹병(피해주율),경상북도,0.0
202600209VC04120901349003,마늘,난지형마늘,관찰포,2026,3,난지형마늘 - 무름병(피해주율),경상북도,0.0
202600209VC04120901349003,마늘,난지형마늘,관찰포,2026,3,난지형마늘 - 무름병(피해주율),경상북도,0.0
202600209VC04120901349003,마늘,난지형마늘,관찰포,2026,3,난지형마늘 - 잎집썩음병(피해주율),경상북도,0.0
202600209VC04120901349003,마늘,난지형마늘,관찰포,2026,3,난지형마늘 - 잎집썩음병(피해주율),경상북도,0.0
202600209VC04120901349003,마늘,난지형마늘,관찰포,2026,3,난지형마늘 - 고자리파리(피해주율),경상북도,0.0
202600209VC04120901349003,마늘,난지형마늘,관찰포,2026,3,난지형마늘 - 고자리파리(피해주율),경상북도,0.0
202600209VC04120901349003,마늘,난지형마늘,관찰포,2026,3,난지형마늘 - 뿌리응애(피해주율),경상북도,0.0
202600209VC04120901349003,마늘,난지형마늘,관찰포,2026,3,난지형마늘 - 뿌리응애(피해주율),경상북도,0.0
202600209VC04120901349003,마늘,난지형마늘,관찰포,2026,3,난지형마늘 - 바이러스(피해주율),경상북도,0.0
202600209VC04120901349003,마늘,난지형마늘,관찰포,2026,3,난지형마늘 - 바이러스(피해주율),경상북도,0.0
202600209VC04120901349003,마늘,난지형마늘,관찰포,2026,3,난지형마늘 - 잎마름병(피해주율),경상남도,0.0
202600209VC04120901349003,마늘,난지형마늘,관찰포,2026,3,난지형마늘 - 잎마름병(피해주율),경상남도,0.0
202600209VC04120901349003,마늘,난지형마늘,관찰포,2026,3,난지형마늘 - 흑색썩음균핵병(피해주율),경상남도,0.0
202600209VC04120901349003,마늘,난지형마늘,관찰포,2026,3,난지형마늘 - 흑색썩음균핵병(피해주율),경상남도,0.0
202600209VC04120901349003,마늘,난지형마늘,관찰포,2026,3,난지형마늘 - 녹병(피해주율),경상남도,0.0
202600209VC04120901349003,마늘,난지형마늘,관찰포,2026,3,난지형마늘 - 녹병(피해주율),경상남도,0.0
202600209VC04120901349003,마늘,난지형마늘,관찰포,2026,3,난지형마늘 - 무름병(피해주율),경상남도,0.0
202600209VC04120901349003,마늘,난지형마늘,관찰포,2026,3,난지형마늘 - 무름병(피해주율),경상남도,0.0
202600209VC04120901349003,마늘,난지형마늘,관찰포,2026,3,난지형마늘 - 잎집썩음병(피해주율),경상남도,0.0
202600209VC04120901349003,마늘,난지형마늘,관찰포,2026,3,난지형마늘 - 잎집썩음병(피해주율),경상남도,0.0
202600209VC04120901349003,마늘,난지형마늘,관찰포,2026,3,난지형마늘 - 고자리파리(피해주율),경상남도,0.0
202600209VC04120901349003,마늘,난지형마늘,관찰포,2026,3,난지형마늘 - 고자리파리(피해주율),경상남도,0.0
202600209VC04120901349003,마늘,난지형마늘,관찰포,2026,3,난지형마늘 - 뿌리응애(피해주율),경상남도,0.0
202600209VC04120901349003,마늘,난지형마늘,관찰포,2026,3,난지형마늘 - 뿌리응애(피해주율),경상남도,0.0
202600209VC04120901349003,마늘,난지형마늘,관찰포,2026,3,난지형마늘 - 바이러스(피해주율),경상남도,0.0
202600209VC04120901349003,마늘,난지형마늘,관찰포,2026,3,난지형마늘 - 바이러스(피해주율),경상남도,0.0
202600209VC04120901348003,마늘,한지형마늘,관찰포,2026,3,한지형마늘 - 잎마름병(피해주율),대구광역시,0.0
202600209VC04120901348003,마늘,한지형마늘,관찰포,2026,3,한지형마늘 - 잎마름병(피해주율),대구광역시,0.0
202600209VC04120901348003,마늘,한지형마늘,관찰포,2026,3,한지형마늘 - 흑색썩음균핵병(피해주율),대구광역시,0.0
202600209VC04120901348003,마늘,한지형마늘,관찰포,2026,3,한지형마늘 - 흑색썩음균핵병(피해주율),대구광역시,0.0
202600209VC04120901348003,마늘,한지형마늘,관찰포,2026,3,한지형마늘 - 녹병(피해주율),대구광역시,0.0
202600209VC04120901348003,마늘,한지형마늘,관찰포,2026,3,한지형마늘 - 녹병(피해주율),대구광역시,0.0
202600209VC04120901348003,마늘,한지형마늘,관찰포,2026,3,한지형마늘 - 무름병(피해주율),대구광역시,0.0
202600209VC04120901348003,마늘,한지형마늘,관찰포,2026,3,한지형마늘 - 무름병(피해주율),대구광역시,0.0
202600209VC04120901348003,마늘,한지형마늘,관찰포,2026,3,한지형마늘 - 잎집썩음병(피해주율),대구광역시,0.0
202600209VC04120901348003,마늘,한지형마늘,관찰포,2026,3,한지형마늘 - 잎집썩음병(피해주율),대구광역시,0.0
202600209VC04120901348003,마늘,한지형마늘,관찰포,2026,3,한지형마늘 - 고자리파리(피해주율),대구광역시,0.0
202600209VC04120901348003,마늘,한지형마늘,관찰포,2026,3,한지형마늘 - 고자리파리(피해주율),대구광역시,0.0
202600209VC04120901348003,마늘,한지형마늘,관찰포,2026,3,한지형마늘 - 뿌리응애(피해주율),대구광역시,0.0
202600209VC04120901348003,마늘,한지형마늘,관찰포,2026,3,한지형마늘 - 뿌리응애(피해주율),대구광역시,0.0
202600209VC04120901348003,마늘,한지형마늘,관찰포,2026,3,한지형마늘 - 바이러스(피해주율),대구광역시,0.0
202600209VC04120901348003,마늘,한지형마늘,관찰포,2026,3,한지형마늘 - 바이러스(피해주율),대구광역시,0.0
202600209VC04120901348003,마늘,한지형마늘,관찰포,2026,3,한지형마늘 - 잎마름병(피해주율),강원특별자치도,0.0
202600209VC04120901348003,마늘,한지형마늘,관찰포,2026,3,한지형마늘 - 잎마름병(피해주율),강원특별자치도,0.0
202600209VC04120901348003,마늘,한지형마늘,관찰포,2026,3,한지형마늘 - 흑색썩음균핵병(피해주율),강원특별자치도,0.0
202600209VC04120901348003,마늘,한지형마늘,관찰포,2026,3,한지형마늘 - 흑색썩음균핵병(피해주율),강원특별자치도,0.0
202600209VC04120901348003,마늘,한지형마늘,관찰포,2026,3,한지형마늘 - 녹병(피해주율),강원특별자치도,0.0
202600209VC04120901348003,마늘,한지형마늘,관찰포,2026,3,한지형마늘 - 녹병(피해주율),강원특별자치도,0.0
202600209VC04120901348003,마늘,한지형마늘,관찰포,2026,3,한지형마늘 - 무름병(피해주율),강원특별자치도,0.0
202600209VC04120901348003,마늘,한지형마늘,관찰포,2026,3,한지형마늘 - 무름병(피해주율),강원특별자치도,0.0
202600209VC04120901348003,마늘,한지형마늘,관찰포,2026,3,한지형마늘 - 잎집썩음병(피해주율),강원특별자치도,0.0
202600209VC04120901348003,마늘,한지형마늘,관찰포,2026,3,한지형마늘 - 잎집썩음병(피해주율),강원특별자치도,0.0
202600209VC04120901348003,마늘,한지형마늘,관찰포,2026,3,한지형마늘 - 고자리파리(피해주율),강원특별자치도,0.0
202600209VC04120901348003,마늘,한지형마늘,관찰포,2026,3,한지형마늘 - 고자리파리(피해주율),강원특별자치도,0.0
202600209VC04120901348003,마늘,한지형마늘,관찰포,2026,3,한지형마늘 - 뿌리응애(피해주율),강원특별자치도,2.5
202600209VC04120901348003,마늘,한지형마늘,관찰포,2026,3,한지형마늘 - 뿌리응애(피해주율),강원특별자치도,2.5
202600209VC04120901348003,마늘,한지형마늘,관찰포,2026,3,한지형마늘 - 바이러스(피해주율),강원특별자치도,0.0
202600209VC04120901348003,마늘,한지형마늘,관찰포,2026,3,한지형마늘 - 바이러스(피해주율),강원특별자치도,0.0
202600209VC04120901348003,마늘,한지형마늘,관찰포,2026,3,한지형마늘 - 잎마름병(피해주율),충청북도,0.0
202600209VC04120901348003,마늘,한지형마늘,관찰포,2026,3,한지형마늘 - 잎마름병(피해주율),충청북도,0.0
202600209VC04120901348003,마늘,한지형마늘,관찰포,2026,3,한지형마늘 - 흑색썩음균핵병(피해주율),충청북도,0.0
202600209VC04120901348003,마늘,한지형마늘,관찰포,2026,3,한지형마늘 - 흑색썩음균핵병(피해주율),충청북도,0.0
202600209VC04120901348003,마늘,한지형마늘,관찰포,2026,3,한지형마늘 - 녹병(피해주율),충청북도,0.0
202600209VC04120901348003,마늘,한지형마늘,관찰포,2026,3,한지형마늘 - 녹병(피해주율),충청북도,0.0
202600209VC04120901348003,마늘,한지형마늘,관찰포,2026,3,한지형마늘 - 무름병(피해주율),충청북도,0.0
202600209VC04120901348003,마늘,한지형마늘,관찰포,2026,3,한지형마늘 - 무름병(피해주율),충청북도,0.0
202600209VC04120901348003,마늘,한지형마늘,관찰포,2026,3,한지형마늘 - 잎집썩음병(피해주율),충청북도,0.0
202600209VC04120901348003,마늘,한지형마늘,관찰포,2026,3,한지형마늘 - 잎집썩음병(피해주율),충청북도,0.0
202600209VC04120901348003,마늘,한지형마늘,관찰포,2026,3,한지형마늘 - 고자리파리(피해주율),충청북도,0.0
202600209VC04120901348003,마늘,한지형마늘,관찰포,2026,3,한지형마늘 - 고자리파리(피해주율),충청북도,0.0
202600209VC04120901348003,마늘,한지형마늘,관찰포,2026,3,한지형마늘 - 뿌리응애(피해주율),충청북도,0.0
202600209VC04120901348003,마늘,한지형마늘,관찰포,2026,3,한지형마늘 - 뿌리응애(피해주율),충청북도,0.0
202600209VC04120901348003,마늘,한지형마늘,관찰포,2026,3,한지형마늘 - 바이러스(피해주율),충청북도,1.667
202600209VC04120901348003,마늘,한지형마늘,관찰포,2026,3,한지형마늘 - 바이러스(피해주율),충청북도,1.667
202600209VC04120901348003,마늘,한지형마늘,관찰포,2026,3,한지형마늘 - 잎마름병(피해주율),충청남도,0.0
202600209VC04120901348003,마늘,한지형마늘,관찰포,2026,3,한지형마늘 - 잎마름병(피해주율),충청남도,0.0
202600209VC04120901348003,마늘,한지형마늘,관찰포,2026,3,한지형마늘 - 흑색썩음균핵병(피해주율),충청남도,0.0
202600209VC04120901348003,마늘,한지형마늘,관찰포,2026,3,한지형마늘 - 흑색썩음균핵병(피해주율),충청남도,0.0
202600209VC04120901348003,마늘,한지형마늘,관찰포,2026,3,한지형마늘 - 녹병(피해주율),충청남도,0.0
202600209VC04120901348003,마늘,한지형마늘,관찰포,2026,3,한지형마늘 - 녹병(피해주율),충청남도,0.0
202600209VC04120901348003,마늘,한지형마늘,관찰포,2026,3,한지형마늘 - 무름병(피해주율),충청남도,0.0
202600209VC04120901348003,마늘,한지형마늘,관찰포,2026,3,한지형마늘 - 무름병(피해주율),충청남도,0.0
202600209VC04120901348003,마늘,한지형마늘,관찰포,2026,3,한지형마늘 - 잎집썩음병(피해주율),충청남도,0.0
202600209VC04120901348003,마늘,한지형마늘,관찰포,2026,3,한지형마늘 - 잎집썩음병(피해주율),충청남도,0.0
202600209VC04120901348003,마늘,한지형마늘,관찰포,2026,3,한지형마늘 - 고자리파리(피해주율),충청남도,0.0
202600209VC04120901348003,마늘,한지형마늘,관찰포,2026,3,한지형마늘 - 고자리파리(피해주율),충청남도,0.0
202600209VC04120901348003,마늘,한지형마늘,관찰포,2026,3,한지형마늘 - 뿌리응애(피해주율),충청남도,0.0
202600209VC04120901348003,마늘,한지형마늘,관찰포,2026,3,한지형마늘 - 뿌리응애(피해주율),충청남도,0.0
202600209VC04120901348003,마늘,한지형마늘,관찰포,2026,3,한지형마늘 - 바이러스(피해주율),충청남도,0.0
202600209VC04120901348003,마늘,한지형마늘,관찰포,2026,3,한지형마늘 - 바이러스(피해주율),충청남도,0.0
202600209VC04120901348003,마늘,한지형마늘,관찰포,2026,3,한지형마늘 - 잎마름병(피해주율),경상북도,1.0
202600209VC04120901348003,마늘,한지형마늘,관찰포,2026,3,한지형마늘 - 잎마름병(피해주율),경상북도,1.0
202600209VC04120901348003,마늘,한지형마늘,관찰포,2026,3,한지형마늘 - 흑색썩음균핵병(피해주율),경상북도,0.0
202600209VC04120901348003,마늘,한지형마늘,관찰포,2026,3,한지형마늘 - 흑색썩음균핵병(피해주율),경상북도,0.0
202600209VC04120901348003,마늘,한지형마늘,관찰포,2026,3,한지형마늘 - 녹병(피해주율),경상북도,0.0
202600209VC04120901348003,마늘,한지형마늘,관찰포,2026,3,한지형마늘 - 녹병(피해주율),경상북도,0.0
202600209VC04120901348003,마늘,한지형마늘,관찰포,2026,3,한지형마늘 - 무름병(피해주율),경상북도,0.0
202600209VC04120901348003,마늘,한지형마늘,관찰포,2026,3,한지형마늘 - 무름병(피해주율),경상북도,0.0
202600209VC04120901348003,마늘,한지형마늘,관찰포,2026,3,한지형마늘 - 잎집썩음병(피해주율),경상북도,0.0
202600209VC04120901348003,마늘,한지형마늘,관찰포,2026,3,한지형마늘 - 잎집썩음병(피해주율),경상북도,0.0
202600209VC04120901348003,마늘,한지형마늘,관찰포,2026,3,한지형마늘 - 고자리파리(피해주율),경상북도,0.0
202600209VC04120901348003,마늘,한지형마늘,관찰포,2026,3,한지형마늘 - 고자리파리(피해주율),경상북도,0.0
202600209VC04120901348003,마늘,한지형마늘,관찰포,2026,3,한지형마늘 - 뿌리응애(피해주율),경상북도,0.0
202600209VC04120901348003,마늘,한지형마늘,관찰포,2026,3,한지형마늘 - 뿌리응애(피해주율),경상북도,0.0
202600209VC04120901348003,마늘,한지형마늘,관찰포,2026,3,한지형마늘 - 바이러스(피해주율),경상북도,0.0
202600209VC04120901348003,마늘,한지형마늘,관찰포,2026,3,한지형마늘 - 바이러스(피해주율),경상북도,0.0
202600209FC02020101305002,보리,기본조사,관찰포,2026,2,붉은곰팡이병(피해이삭율),충청북도,0.0
202600209FC02020101305002,보리,기본조사,관찰포,2026,2,깜부기병(피해이삭율),충청북도,0.0
202600209FC02020101305002,보리,기본조사,관찰포,2026,2,줄무늬병(피해주율),충청북도,0.0
202600209FC02020101305002,보리,기본조사,관찰포,2026,2,흰가루병(피해주율),충청북도,0.0
202600209FC02020101305002,보리,기본조사,관찰포,2026,2,녹병(피해주율),충청북도,0.0
202600209FC02020101305002,보리,기본조사,관찰포,2026,2,바이러스병(피해주율),충청북도,0.0
202600209FC02020101305002,보리,기본조사,관찰포,2026,2,잎집눈무늬병(피해주율),충청북도,0.0
202600209FC02020101305002,보리,기본조사,관찰포,2026,2,멸강나방_유충(밀도),충청북도,0.0
202600209FC02020101305002,보리,기본조사,관찰포,2026,2,보리굴파리(피해잎율),충청북도,0.0
202600209FC02020101305002,보리,기본조사,관찰포,2026,2,진딧물류(피해잎율),충청북도,0.0
202600209FC02020101305002,보리,기본조사,관찰포,2026,2,붉은곰팡이병(피해이삭율),충청남도,0.0
202600209FC02020101305002,보리,기본조사,관찰포,2026,2,깜부기병(피해이삭율),충청남도,0.0
202600209FC02020101305002,보리,기본조사,관찰포,2026,2,줄무늬병(피해주율),충청남도,0.0
202600209FC02020101305002,보리,기본조사,관찰포,2026,2,흰가루병(피해주율),충청남도,0.0
202600209FC02020101305002,보리,기본조사,관찰포,2026,2,녹병(피해주율),충청남도,0.0
202600209FC02020101305002,보리,기본조사,관찰포,2026,2,바이러스병(피해주율),충청남도,0.0
202600209FC02020101305002,보리,기본조사,관찰포,2026,2,잎집눈무늬병(피해주율),충청남도,0.0
202600209FC02020101305002,보리,기본조사,관찰포,2026,2,멸강나방_유충(밀도),충청남도,0.0
202600209FC02020101305002,보리,기본조사,관찰포,2026,2,보리굴파리(피해잎율),충청남도,0.0
202600209FC02020101305002,보리,기본조사,관찰포,2026,2,진딧물류(피해잎율),충청남도,0.0
202600209FC02020101305002,보리,기본조사,관찰포,2026,2,붉은곰팡이병(피해이삭율),전북특별자치도,0.0
202600209FC02020101305002,보리,기본조사,관찰포,2026,2,깜부기병(피해이삭율),전북특별자치도,0.0
202600209FC02020101305002,보리,기본조사,관찰포,2026,2,줄무늬병(피해주율),전북특별자치도,0.0
202600209FC02020101305002,보리,기본조사,관찰포,2026,2,흰가루병(피해주율),전북특별자치도,0.0
202600209FC02020101305002,보리,기본조사,관찰포,2026,2,녹병(피해주율),전북특별자치도,0.0
202600209FC02020101305002,보리,기본조사,관찰포,2026,2,바이러스병(피해주율),전북특별자치도,0.0
202600209FC02020101305002,보리,기본조사,관찰포,2026,2,잎집눈무늬병(피해주율),전북특별자치도,0.0
202600209FC02020101305002,보리,기본조사,관찰포,2026,2,멸강나방_유충(밀도),전북특별자치도,0.0
202600209FC02020101305002,보리,기본조사,관찰포,2026,2,보리굴파리(피해잎율),전북특별자치도,0.0
202600209FC02020101305002,보리,기본조사,관찰포,2026,2,진딧물류(피해잎율),전북특별자치도,0.0
202600209FC02020101305002,보리,기본조사,관찰포,2026,2,붉은곰팡이병(피해이삭율),전남광주통합특별시,0.0
202600209FC02020101305002,보리,기본조사,관찰포,2026,2,깜부기병(피해이삭율),전남광주통합특별시,0.0
202600209FC02020101305002,보리,기본조사,관찰포,2026,2,줄무늬병(피해주율),전남광주통합특별시,0.0
202600209FC02020101305002,보리,기본조사,관찰포,2026,2,흰가루병(피해주율),전남광주통합특별시,0.0
202600209FC02020101305002,보리,기본조사,관찰포,2026,2,녹병(피해주율),전남광주통합특별시,0.0
202600209FC02020101305002,보리,기본조사,관찰포,2026,2,바이러스병(피해주율),전남광주통합특별시,0.0
202600209FC02020101305002,보리,기본조사,관찰포,2026,2,잎집눈무늬병(피해주율),전남광주통합특별시,0.2
202600209FC02020101305002,보리,기본조사,관찰포,2026,2,멸강나방_유충(밀도),전남광주통합특별시,0.0
202600209FC02020101305002,보리,기본조사,관찰포,2026,2,보리굴파리(피해잎율),전남광주통합특별시,0.0
202600209FC02020101305002,보리,기본조사,관찰포,2026,2,진딧물류(피해잎율),전남광주통합특별시,0.0
202600209FC02020101305002,보리,기본조사,관찰포,2026,2,붉은곰팡이병(피해이삭율),경상북도,0.0
202600209FC02020101305002,보리,기본조사,관찰포,2026,2,깜부기병(피해이삭율),경상북도,0.0
202600209FC02020101305002,보리,기본조사,관찰포,2026,2,줄무늬병(피해주율),경상북도,0.0
202600209FC02020101305002,보리,기본조사,관찰포,2026,2,흰가루병(피해주율),경상북도,0.0
202600209FC02020101305002,보리,기본조사,관찰포,2026,2,녹병(피해주율),경상북도,0.0
202600209FC02020101305002,보리,기본조사,관찰포,2026,2,바이러스병(피해주율),경상북도,0.0
202600209FC02020101305002,보리,기본조사,관찰포,2026,2,잎집눈무늬병(피해주율),경상북도,0.0
202600209FC02020101305002,보리,기본조사,관찰포,2026,2,멸강나방_유충(밀도),경상북도,0.0
202600209FC02020101305002,보리,기본조사,관찰포,2026,2,보리굴파리(피해잎율),경상북도,0.0
202600209FC02020101305002,보리,기본조사,관찰포,2026,2,진딧물류(피해잎율),경상북도,0.0
202600209FC02020101305002,보리,기본조사,관찰포,2026,2,붉은곰팡이병(피해이삭율),경상남도,0.0
202600209FC02020101305002,보리,기본조사,관찰포,2026,2,깜부기병(피해이삭율),경상남도,0.0
202600209FC02020101305002,보리,기본조사,관찰포,2026,2,줄무늬병(피해주율),경상남도,0.0
202600209FC02020101305002,보리,기본조사,관찰포,2026,2,흰가루병(피해주율),경상남도,0.0
202600209FC02020101305002,보리,기본조사,관찰포,2026,2,녹병(피해주율),경상남도,0.0
202600209FC02020101305002,보리,기본조사,관찰포,2026,2,바이러스병(피해주율),경상남도,0.0
202600209FC02020101305002,보리,기본조사,관찰포,2026,2,잎집눈무늬병(피해주율),경상남도,0.0
202600209FC02020101305002,보리,기본조사,관찰포,2026,2,멸강나방_유충(밀도),경상남도,0.0
202600209FC02020101305002,보리,기본조사,관찰포,2026,2,보리굴파리(피해잎율),경상남도,0.0
202600209FC02020101305002,보리,기본조사,관찰포,2026,2,진딧물류(피해잎율),경상남도,0.0
202600209VC04120101322002,양파,기본조사,관찰포,2026,2,잎마름병(피해주율),대구광역시,26.25
202600209VC04120101322002,양파,기본조사,관찰포,2026,2,흑색썩음균핵병(피해주율),대구광역시,0.0
202600209VC04120101322002,양파,기본조사,관찰포,2026,2,노균병(피해주율),대구광역시,0.0
202600209VC04120101322002,양파,기본조사,관찰포,2026,2,녹병(피해주율),대구광역시,0.0
202600209VC04120101322002,양파,기본조사,관찰포,2026,2,고자리파리(피해주율),대구광역시,0.0
202600209VC04120101322002,양파,기본조사,관찰포,2026,2,검은무늬병(피해주율),대구광역시,0.0
202600209VC04120101322002,양파,기본조사,관찰포,2026,2,잎마름병(피해주율),전북특별자치도,0.0
202600209VC04120101322002,양파,기본조사,관찰포,2026,2,흑색썩음균핵병(피해주율),전북특별자치도,0.0
202600209VC04120101322002,양파,기본조사,관찰포,2026,2,노균병(피해주율),전북특별자치도,0.0
202600209VC04120101322002,양파,기본조사,관찰포,2026,2,녹병(피해주율),전북특별자치도,0.0
202600209VC04120101322002,양파,기본조사,관찰포,2026,2,고자리파리(피해주율),전북특별자치도,0.0
202600209VC04120101322002,양파,기본조사,관찰포,2026,2,검은무늬병(피해주율),전북특별자치도,0.0
202600209VC04120101322002,양파,기본조사,관찰포,2026,2,잎마름병(피해주율),전남광주통합특별시,2.5
202600209VC04120101322002,양파,기본조사,관찰포,2026,2,흑색썩음균핵병(피해주율),전남광주통합특별시,0.0
202600209VC04120101322002,양파,기본조사,관찰포,2026,2,노균병(피해주율),전남광주통합특별시,0.0
202600209VC04120101322002,양파,기본조사,관찰포,2026,2,녹병(피해주율),전남광주통합특별시,0.0
202600209VC04120101322002,양파,기본조사,관찰포,2026,2,고자리파리(피해주율),전남광주통합특별시,0.0
202600209VC04120101322002,양파,기본조사,관찰포,2026,2,검은무늬병(피해주율),전남광주통합특별시,0.0
202600209VC04120101322002,양파,기본조사,관찰포,2026,2,잎마름병(피해주율),경상북도,0.0
202600209VC04120101322002,양파,기본조사,관찰포,2026,2,흑색썩음균핵병(피해주율),경상북도,0.0
202600209VC04120101322002,양파,기본조사,관찰포,2026,2,노균병(피해주율),경상북도,0.0
202600209VC04120101322002,양파,기본조사,관찰포,2026,2,녹병(피해주율),경상북도,0.0
202600209VC04120101322002,양파,기본조사,관찰포,2026,2,고자리파리(피해주율),경상북도,0.0
202600209VC04120101322002,양파,기본조사,관찰포,2026,2,검은무늬병(피해주율),경상북도,0.0
202600209VC04120101322002,양파,기본조사,관찰포,2026,2,잎마름병(피해주율),경상남도,0.0
202600209VC04120101322002,양파,기본조사,관찰포,2026,2,흑색썩음균핵병(피해주율),경상남도,0.0
202600209VC04120101322002,양파,기본조사,관찰포,2026,2,노균병(피해주율),경상남도,0.0
202600209VC04120101322002,양파,기본조사,관찰포,2026,2,녹병(피해주율),경상남도,0.0
202600209VC04120101322002,양파,기본조사,관찰포,2026,2,고자리파리(피해주율),경상남도,0.0
202600209VC04120101322002,양파,기본조사,관찰포,2026,2,검은무늬병(피해주율),경상남도,0.0
202600209VC04120901349002,마늘,난지형마늘,관찰포,2026,2,난지형마늘 - 잎마름병(피해주율),대구광역시,57.5
202600209VC04120901349002,마늘,난지형마늘,관찰포,2026,2,난지형마늘 - 잎마름병(피해주율),대구광역시,57.5
202600209VC04120901349002,마늘,난지형마늘,관찰포,2026,2,난지형마늘 - 흑색썩음균핵병(피해주율),대구광역시,0.0
202600209VC04120901349002,마늘,난지형마늘,관찰포,2026,2,난지형마늘 - 흑색썩음균핵병(피해주율),대구광역시,0.0
202600209VC04120901349002,마늘,난지형마늘,관찰포,2026,2,난지형마늘 - 녹병(피해주율),대구광역시,0.0
202600209VC04120901349002,마늘,난지형마늘,관찰포,2026,2,난지형마늘 - 녹병(피해주율),대구광역시,0.0
202600209VC04120901349002,마늘,난지형마늘,관찰포,2026,2,난지형마늘 - 무름병(피해주율),대구광역시,0.0
202600209VC04120901349002,마늘,난지형마늘,관찰포,2026,2,난지형마늘 - 무름병(피해주율),대구광역시,0.0
202600209VC04120901349002,마늘,난지형마늘,관찰포,2026,2,난지형마늘 - 잎집썩음병(피해주율),대구광역시,0.0
202600209VC04120901349002,마늘,난지형마늘,관찰포,2026,2,난지형마늘 - 잎집썩음병(피해주율),대구광역시,0.0
202600209VC04120901349002,마늘,난지형마늘,관찰포,2026,2,난지형마늘 - 고자리파리(피해주율),대구광역시,0.0
202600209VC04120901349002,마늘,난지형마늘,관찰포,2026,2,난지형마늘 - 고자리파리(피해주율),대구광역시,0.0
202600209VC04120901349002,마늘,난지형마늘,관찰포,2026,2,난지형마늘 - 뿌리응애(피해주율),대구광역시,0.0
202600209VC04120901349002,마늘,난지형마늘,관찰포,2026,2,난지형마늘 - 뿌리응애(피해주율),대구광역시,0.0
202600209VC04120901349002,마늘,난지형마늘,관찰포,2026,2,난지형마늘 - 바이러스(피해주율),대구광역시,0.0
202600209VC04120901349002,마늘,난지형마늘,관찰포,2026,2,난지형마늘 - 바이러스(피해주율),대구광역시,0.0
202600209VC04120901349002,마늘,난지형마늘,관찰포,2026,2,난지형마늘 - 잎마름병(피해주율),충청남도,0.0
202600209VC04120901349002,마늘,난지형마늘,관찰포,2026,2,난지형마늘 - 잎마름병(피해주율),충청남도,0.0
202600209VC04120901349002,마늘,난지형마늘,관찰포,2026,2,난지형마늘 - 흑색썩음균핵병(피해주율),충청남도,0.0
202600209VC04120901349002,마늘,난지형마늘,관찰포,2026,2,난지형마늘 - 흑색썩음균핵병(피해주율),충청남도,0.0
202600209VC04120901349002,마늘,난지형마늘,관찰포,2026,2,난지형마늘 - 녹병(피해주율),충청남도,0.0
202600209VC04120901349002,마늘,난지형마늘,관찰포,2026,2,난지형마늘 - 녹병(피해주율),충청남도,0.0
202600209VC04120901349002,마늘,난지형마늘,관찰포,2026,2,난지형마늘 - 무름병(피해주율),충청남도,0.0
202600209VC04120901349002,마늘,난지형마늘,관찰포,2026,2,난지형마늘 - 무름병(피해주율),충청남도,0.0
202600209VC04120901349002,마늘,난지형마늘,관찰포,2026,2,난지형마늘 - 잎집썩음병(피해주율),충청남도,0.0
202600209VC04120901349002,마늘,난지형마늘,관찰포,2026,2,난지형마늘 - 잎집썩음병(피해주율),충청남도,0.0
202600209VC04120901349002,마늘,난지형마늘,관찰포,2026,2,난지형마늘 - 고자리파리(피해주율),충청남도,0.0
202600209VC04120901349002,마늘,난지형마늘,관찰포,2026,2,난지형마늘 - 고자리파리(피해주율),충청남도,0.0
202600209VC04120901349002,마늘,난지형마늘,관찰포,2026,2,난지형마늘 - 뿌리응애(피해주율),충청남도,0.0
202600209VC04120901349002,마늘,난지형마늘,관찰포,2026,2,난지형마늘 - 뿌리응애(피해주율),충청남도,0.0
202600209VC04120901349002,마늘,난지형마늘,관찰포,2026,2,난지형마늘 - 바이러스(피해주율),충청남도,0.0
202600209VC04120901349002,마늘,난지형마늘,관찰포,2026,2,난지형마늘 - 바이러스(피해주율),충청남도,0.0
202600209VC04120901349002,마늘,난지형마늘,관찰포,2026,2,난지형마늘 - 잎마름병(피해주율),전북특별자치도,2.5
202600209VC04120901349002,마늘,난지형마늘,관찰포,2026,2,난지형마늘 - 잎마름병(피해주율),전북특별자치도,2.5
202600209VC04120901349002,마늘,난지형마늘,관찰포,2026,2,난지형마늘 - 흑색썩음균핵병(피해주율),전북특별자치도,5.0
202600209VC04120901349002,마늘,난지형마늘,관찰포,2026,2,난지형마늘 - 흑색썩음균핵병(피해주율),전북특별자치도,5.0
202600209VC04120901349002,마늘,난지형마늘,관찰포,2026,2,난지형마늘 - 녹병(피해주율),전북특별자치도,0.0
202600209VC04120901349002,마늘,난지형마늘,관찰포,2026,2,난지형마늘 - 녹병(피해주율),전북특별자치도,0.0
202600209VC04120901349002,마늘,난지형마늘,관찰포,2026,2,난지형마늘 - 무름병(피해주율),전북특별자치도,0.0
202600209VC04120901349002,마늘,난지형마늘,관찰포,2026,2,난지형마늘 - 무름병(피해주율),전북특별자치도,0.0
202600209VC04120901349002,마늘,난지형마늘,관찰포,2026,2,난지형마늘 - 잎집썩음병(피해주율),전북특별자치도,0.0
202600209VC04120901349002,마늘,난지형마늘,관찰포,2026,2,난지형마늘 - 잎집썩음병(피해주율),전북특별자치도,0.0
202600209VC04120901349002,마늘,난지형마늘,관찰포,2026,2,난지형마늘 - 고자리파리(피해주율),전북특별자치도,0.0
202600209VC04120901349002,마늘,난지형마늘,관찰포,2026,2,난지형마늘 - 고자리파리(피해주율),전북특별자치도,0.0
202600209VC04120901349002,마늘,난지형마늘,관찰포,2026,2,난지형마늘 - 뿌리응애(피해주율),전북특별자치도,0.0
202600209VC04120901349002,마늘,난지형마늘,관찰포,2026,2,난지형마늘 - 뿌리응애(피해주율),전북특별자치도,0.0
202600209VC04120901349002,마늘,난지형마늘,관찰포,2026,2,난지형마늘 - 바이러스(피해주율),전북특별자치도,0.0
202600209VC04120901349002,마늘,난지형마늘,관찰포,2026,2,난지형마늘 - 바이러스(피해주율),전북특별자치도,0.0
202600209VC04120901349002,마늘,난지형마늘,관찰포,2026,2,난지형마늘 - 잎마름병(피해주율),전남광주통합특별시,0.625
202600209VC04120901349002,마늘,난지형마늘,관찰포,2026,2,난지형마늘 - 잎마름병(피해주율),전남광주통합특별시,0.625
202600209VC04120901349002,마늘,난지형마늘,관찰포,2026,2,난지형마늘 - 흑색썩음균핵병(피해주율),전남광주통합특별시,0.0
202600209VC04120901349002,마늘,난지형마늘,관찰포,2026,2,난지형마늘 - 흑색썩음균핵병(피해주율),전남광주통합특별시,0.0
202600209VC04120901349002,마늘,난지형마늘,관찰포,2026,2,난지형마늘 - 녹병(피해주율),전남광주통합특별시,0.0
202600209VC04120901349002,마늘,난지형마늘,관찰포,2026,2,난지형마늘 - 녹병(피해주율),전남광주통합특별시,0.0
202600209VC04120901349002,마늘,난지형마늘,관찰포,2026,2,난지형마늘 - 무름병(피해주율),전남광주통합특별시,0.313
202600209VC04120901349002,마늘,난지형마늘,관찰포,2026,2,난지형마늘 - 무름병(피해주율),전남광주통합특별시,0.313
202600209VC04120901349002,마늘,난지형마늘,관찰포,2026,2,난지형마늘 - 잎집썩음병(피해주율),전남광주통합특별시,0.0
202600209VC04120901349002,마늘,난지형마늘,관찰포,2026,2,난지형마늘 - 잎집썩음병(피해주율),전남광주통합특별시,0.0
202600209VC04120901349002,마늘,난지형마늘,관찰포,2026,2,난지형마늘 - 고자리파리(피해주율),전남광주통합특별시,0.625
202600209VC04120901349002,마늘,난지형마늘,관찰포,2026,2,난지형마늘 - 고자리파리(피해주율),전남광주통합특별시,0.625
202600209VC04120901349002,마늘,난지형마늘,관찰포,2026,2,난지형마늘 - 뿌리응애(피해주율),전남광주통합특별시,0.313
202600209VC04120901349002,마늘,난지형마늘,관찰포,2026,2,난지형마늘 - 뿌리응애(피해주율),전남광주통합특별시,0.313
202600209VC04120901349002,마늘,난지형마늘,관찰포,2026,2,난지형마늘 - 바이러스(피해주율),전남광주통합특별시,0.0
202600209VC04120901349002,마늘,난지형마늘,관찰포,2026,2,난지형마늘 - 바이러스(피해주율),전남광주통합특별시,0.0
202600209VC04120901349002,마늘,난지형마늘,관찰포,2026,2,난지형마늘 - 잎마름병(피해주율),경상북도,0.0
202600209VC04120901349002,마늘,난지형마늘,관찰포,2026,2,난지형마늘 - 잎마름병(피해주율),경상북도,0.0
202600209VC04120901349002,마늘,난지형마늘,관찰포,2026,2,난지형마늘 - 흑색썩음균핵병(피해주율),경상북도,0.0
202600209VC04120901349002,마늘,난지형마늘,관찰포,2026,2,난지형마늘 - 흑색썩음균핵병(피해주율),경상북도,0.0
202600209VC04120901349002,마늘,난지형마늘,관찰포,2026,2,난지형마늘 - 녹병(피해주율),경상북도,0.0
202600209VC04120901349002,마늘,난지형마늘,관찰포,2026,2,난지형마늘 - 녹병(피해주율),경상북도,0.0
202600209VC04120901349002,마늘,난지형마늘,관찰포,2026,2,난지형마늘 - 무름병(피해주율),경상북도,0.0
202600209VC04120901349002,마늘,난지형마늘,관찰포,2026,2,난지형마늘 - 무름병(피해주율),경상북도,0.0
202600209VC04120901349002,마늘,난지형마늘,관찰포,2026,2,난지형마늘 - 잎집썩음병(피해주율),경상북도,0.0
202600209VC04120901349002,마늘,난지형마늘,관찰포,2026,2,난지형마늘 - 잎집썩음병(피해주율),경상북도,0.0
202600209VC04120901349002,마늘,난지형마늘,관찰포,2026,2,난지형마늘 - 고자리파리(피해주율),경상북도,2.5
202600209VC04120901349002,마늘,난지형마늘,관찰포,2026,2,난지형마늘 - 고자리파리(피해주율),경상북도,2.5
202600209VC04120901349002,마늘,난지형마늘,관찰포,2026,2,난지형마늘 - 뿌리응애(피해주율),경상북도,0.0
202600209VC04120901349002,마늘,난지형마늘,관찰포,2026,2,난지형마늘 - 뿌리응애(피해주율),경상북도,0.0
202600209VC04120901349002,마늘,난지형마늘,관찰포,2026,2,난지형마늘 - 바이러스(피해주율),경상북도,0.0
202600209VC04120901349002,마늘,난지형마늘,관찰포,2026,2,난지형마늘 - 바이러스(피해주율),경상북도,0.0
202600209VC04120901349002,마늘,난지형마늘,관찰포,2026,2,난지형마늘 - 잎마름병(피해주율),경상남도,0.0
202600209VC04120901349002,마늘,난지형마늘,관찰포,2026,2,난지형마늘 - 잎마름병(피해주율),경상남도,0.0
202600209VC04120901349002,마늘,난지형마늘,관찰포,2026,2,난지형마늘 - 흑색썩음균핵병(피해주율),경상남도,0.0
202600209VC04120901349002,마늘,난지형마늘,관찰포,2026,2,난지형마늘 - 흑색썩음균핵병(피해주율),경상남도,0.0
202600209VC04120901349002,마늘,난지형마늘,관찰포,2026,2,난지형마늘 - 녹병(피해주율),경상남도,0.0
202600209VC04120901349002,마늘,난지형마늘,관찰포,2026,2,난지형마늘 - 녹병(피해주율),경상남도,0.0
202600209VC04120901349002,마늘,난지형마늘,관찰포,2026,2,난지형마늘 - 무름병(피해주율),경상남도,0.0
202600209VC04120901349002,마늘,난지형마늘,관찰포,2026,2,난지형마늘 - 무름병(피해주율),경상남도,0.0
202600209VC04120901349002,마늘,난지형마늘,관찰포,2026,2,난지형마늘 - 잎집썩음병(피해주율),경상남도,0.0
202600209VC04120901349002,마늘,난지형마늘,관찰포,2026,2,난지형마늘 - 잎집썩음병(피해주율),경상남도,0.0
202600209VC04120901349002,마늘,난지형마늘,관찰포,2026,2,난지형마늘 - 고자리파리(피해주율),경상남도,0.0
202600209VC04120901349002,마늘,난지형마늘,관찰포,2026,2,난지형마늘 - 고자리파리(피해주율),경상남도,0.0
202600209VC04120901349002,마늘,난지형마늘,관찰포,2026,2,난지형마늘 - 뿌리응애(피해주율),경상남도,0.0
202600209VC04120901349002,마늘,난지형마늘,관찰포,2026,2,난지형마늘 - 뿌리응애(피해주율),경상남도,0.0
202600209VC04120901349002,마늘,난지형마늘,관찰포,2026,2,난지형마늘 - 바이러스(피해주율),경상남도,0.0
202600209VC04120901349002,마늘,난지형마늘,관찰포,2026,2,난지형마늘 - 바이러스(피해주율),경상남도,0.0
202600209VC04120901348002,마늘,한지형마늘,관찰포,2026,2,한지형마늘 - 잎마름병(피해주율),대구광역시,0.0
202600209VC04120901348002,마늘,한지형마늘,관찰포,2026,2,한지형마늘 - 잎마름병(피해주율),대구광역시,0.0
202600209VC04120901348002,마늘,한지형마늘,관찰포,2026,2,한지형마늘 - 흑색썩음균핵병(피해주율),대구광역시,0.0
202600209VC04120901348002,마늘,한지형마늘,관찰포,2026,2,한지형마늘 - 흑색썩음균핵병(피해주율),대구광역시,0.0
202600209VC04120901348002,마늘,한지형마늘,관찰포,2026,2,한지형마늘 - 녹병(피해주율),대구광역시,0.0
202600209VC04120901348002,마늘,한지형마늘,관찰포,2026,2,한지형마늘 - 녹병(피해주율),대구광역시,0.0
202600209VC04120901348002,마늘,한지형마늘,관찰포,2026,2,한지형마늘 - 무름병(피해주율),대구광역시,0.0
202600209VC04120901348002,마늘,한지형마늘,관찰포,2026,2,한지형마늘 - 무름병(피해주율),대구광역시,0.0
202600209VC04120901348002,마늘,한지형마늘,관찰포,2026,2,한지형마늘 - 잎집썩음병(피해주율),대구광역시,0.0
202600209VC04120901348002,마늘,한지형마늘,관찰포,2026,2,한지형마늘 - 잎집썩음병(피해주율),대구광역시,0.0
202600209VC04120901348002,마늘,한지형마늘,관찰포,2026,2,한지형마늘 - 고자리파리(피해주율),대구광역시,0.0
202600209VC04120901348002,마늘,한지형마늘,관찰포,2026,2,한지형마늘 - 고자리파리(피해주율),대구광역시,0.0
202600209VC04120901348002,마늘,한지형마늘,관찰포,2026,2,한지형마늘 - 뿌리응애(피해주율),대구광역시,0.0
202600209VC04120901348002,마늘,한지형마늘,관찰포,2026,2,한지형마늘 - 뿌리응애(피해주율),대구광역시,0.0
202600209VC04120901348002,마늘,한지형마늘,관찰포,2026,2,한지형마늘 - 바이러스(피해주율),대구광역시,0.0
202600209VC04120901348002,마늘,한지형마늘,관찰포,2026,2,한지형마늘 - 바이러스(피해주율),대구광역시,0.0
202600209VC04120901348002,마늘,한지형마늘,관찰포,2026,2,한지형마늘 - 잎마름병(피해주율),강원특별자치도,0.0
202600209VC04120901348002,마늘,한지형마늘,관찰포,2026,2,한지형마늘 - 잎마름병(피해주율),강원특별자치도,0.0
202600209VC04120901348002,마늘,한지형마늘,관찰포,2026,2,한지형마늘 - 흑색썩음균핵병(피해주율),강원특별자치도,0.0
202600209VC04120901348002,마늘,한지형마늘,관찰포,2026,2,한지형마늘 - 흑색썩음균핵병(피해주율),강원특별자치도,0.0
202600209VC04120901348002,마늘,한지형마늘,관찰포,2026,2,한지형마늘 - 녹병(피해주율),강원특별자치도,0.0
202600209VC04120901348002,마늘,한지형마늘,관찰포,2026,2,한지형마늘 - 녹병(피해주율),강원특별자치도,0.0
202600209VC04120901348002,마늘,한지형마늘,관찰포,2026,2,한지형마늘 - 무름병(피해주율),강원특별자치도,0.0
202600209VC04120901348002,마늘,한지형마늘,관찰포,2026,2,한지형마늘 - 무름병(피해주율),강원특별자치도,0.0
202600209VC04120901348002,마늘,한지형마늘,관찰포,2026,2,한지형마늘 - 잎집썩음병(피해주율),강원특별자치도,0.0
202600209VC04120901348002,마늘,한지형마늘,관찰포,2026,2,한지형마늘 - 잎집썩음병(피해주율),강원특별자치도,0.0
202600209VC04120901348002,마늘,한지형마늘,관찰포,2026,2,한지형마늘 - 고자리파리(피해주율),강원특별자치도,0.0
202600209VC04120901348002,마늘,한지형마늘,관찰포,2026,2,한지형마늘 - 고자리파리(피해주율),강원특별자치도,0.0
202600209VC04120901348002,마늘,한지형마늘,관찰포,2026,2,한지형마늘 - 뿌리응애(피해주율),강원특별자치도,2.5
202600209VC04120901348002,마늘,한지형마늘,관찰포,2026,2,한지형마늘 - 뿌리응애(피해주율),강원특별자치도,2.5
202600209VC04120901348002,마늘,한지형마늘,관찰포,2026,2,한지형마늘 - 바이러스(피해주율),강원특별자치도,0.0
202600209VC04120901348002,마늘,한지형마늘,관찰포,2026,2,한지형마늘 - 바이러스(피해주율),강원특별자치도,0.0
202600209VC04120901348002,마늘,한지형마늘,관찰포,2026,2,한지형마늘 - 잎마름병(피해주율),충청북도,0.0
202600209VC04120901348002,마늘,한지형마늘,관찰포,2026,2,한지형마늘 - 잎마름병(피해주율),충청북도,0.0
202600209VC04120901348002,마늘,한지형마늘,관찰포,2026,2,한지형마늘 - 흑색썩음균핵병(피해주율),충청북도,0.0
202600209VC04120901348002,마늘,한지형마늘,관찰포,2026,2,한지형마늘 - 흑색썩음균핵병(피해주율),충청북도,0.0
202600209VC04120901348002,마늘,한지형마늘,관찰포,2026,2,한지형마늘 - 녹병(피해주율),충청북도,0.0
202600209VC04120901348002,마늘,한지형마늘,관찰포,2026,2,한지형마늘 - 녹병(피해주율),충청북도,0.0
202600209VC04120901348002,마늘,한지형마늘,관찰포,2026,2,한지형마늘 - 무름병(피해주율),충청북도,0.0
202600209VC04120901348002,마늘,한지형마늘,관찰포,2026,2,한지형마늘 - 무름병(피해주율),충청북도,0.0
202600209VC04120901348002,마늘,한지형마늘,관찰포,2026,2,한지형마늘 - 잎집썩음병(피해주율),충청북도,0.0
202600209VC04120901348002,마늘,한지형마늘,관찰포,2026,2,한지형마늘 - 잎집썩음병(피해주율),충청북도,0.0
202600209VC04120901348002,마늘,한지형마늘,관찰포,2026,2,한지형마늘 - 고자리파리(피해주율),충청북도,0.0
202600209VC04120901348002,마늘,한지형마늘,관찰포,2026,2,한지형마늘 - 고자리파리(피해주율),충청북도,0.0
202600209VC04120901348002,마늘,한지형마늘,관찰포,2026,2,한지형마늘 - 뿌리응애(피해주율),충청북도,0.0
202600209VC04120901348002,마늘,한지형마늘,관찰포,2026,2,한지형마늘 - 뿌리응애(피해주율),충청북도,0.0
202600209VC04120901348002,마늘,한지형마늘,관찰포,2026,2,한지형마늘 - 바이러스(피해주율),충청북도,0.0
202600209VC04120901348002,마늘,한지형마늘,관찰포,2026,2,한지형마늘 - 바이러스(피해주율),충청북도,0.0
202600209VC04120901348002,마늘,한지형마늘,관찰포,2026,2,한지형마늘 - 잎마름병(피해주율),충청남도,0.0
202600209VC04120901348002,마늘,한지형마늘,관찰포,2026,2,한지형마늘 - 잎마름병(피해주율),충청남도,0.0
202600209VC04120901348002,마늘,한지형마늘,관찰포,2026,2,한지형마늘 - 흑색썩음균핵병(피해주율),충청남도,0.0
202600209VC04120901348002,마늘,한지형마늘,관찰포,2026,2,한지형마늘 - 흑색썩음균핵병(피해주율),충청남도,0.0
202600209VC04120901348002,마늘,한지형마늘,관찰포,2026,2,한지형마늘 - 녹병(피해주율),충청남도,0.0
202600209VC04120901348002,마늘,한지형마늘,관찰포,2026,2,한지형마늘 - 녹병(피해주율),충청남도,0.0
202600209VC04120901348002,마늘,한지형마늘,관찰포,2026,2,한지형마늘 - 무름병(피해주율),충청남도,0.0
202600209VC04120901348002,마늘,한지형마늘,관찰포,2026,2,한지형마늘 - 무름병(피해주율),충청남도,0.0
202600209VC04120901348002,마늘,한지형마늘,관찰포,2026,2,한지형마늘 - 잎집썩음병(피해주율),충청남도,0.0
202600209VC04120901348002,마늘,한지형마늘,관찰포,2026,2,한지형마늘 - 잎집썩음병(피해주율),충청남도,0.0
202600209VC04120901348002,마늘,한지형마늘,관찰포,2026,2,한지형마늘 - 고자리파리(피해주율),충청남도,0.0
202600209VC04120901348002,마늘,한지형마늘,관찰포,2026,2,한지형마늘 - 고자리파리(피해주율),충청남도,0.0
202600209VC04120901348002,마늘,한지형마늘,관찰포,2026,2,한지형마늘 - 뿌리응애(피해주율),충청남도,0.0
202600209VC04120901348002,마늘,한지형마늘,관찰포,2026,2,한지형마늘 - 뿌리응애(피해주율),충청남도,0.0
202600209VC04120901348002,마늘,한지형마늘,관찰포,2026,2,한지형마늘 - 바이러스(피해주율),충청남도,0.0
202600209VC04120901348002,마늘,한지형마늘,관찰포,2026,2,한지형마늘 - 바이러스(피해주율),충청남도,0.0
202600209VC04120901348002,마늘,한지형마늘,관찰포,2026,2,한지형마늘 - 잎마름병(피해주율),경상북도,0.0
202600209VC04120901348002,마늘,한지형마늘,관찰포,2026,2,한지형마늘 - 잎마름병(피해주율),경상북도,0.0
202600209VC04120901348002,마늘,한지형마늘,관찰포,2026,2,한지형마늘 - 흑색썩음균핵병(피해주율),경상북도,0.0
202600209VC04120901348002,마늘,한지형마늘,관찰포,2026,2,한지형마늘 - 흑색썩음균핵병(피해주율),경상북도,0.0
202600209VC04120901348002,마늘,한지형마늘,관찰포,2026,2,한지형마늘 - 녹병(피해주율),경상북도,0.0
202600209VC04120901348002,마늘,한지형마늘,관찰포,2026,2,한지형마늘 - 녹병(피해주율),경상북도,0.0
202600209VC04120901348002,마늘,한지형마늘,관찰포,2026,2,한지형마늘 - 무름병(피해주율),경상북도,0.0
202600209VC04120901348002,마늘,한지형마늘,관찰포,2026,2,한지형마늘 - 무름병(피해주율),경상북도,0.0
202600209VC04120901348002,마늘,한지형마늘,관찰포,2026,2,한지형마늘 - 잎집썩음병(피해주율),경상북도,0.0
202600209VC04120901348002,마늘,한지형마늘,관찰포,2026,2,한지형마늘 - 잎집썩음병(피해주율),경상북도,0.0
202600209VC04120901348002,마늘,한지형마늘,관찰포,2026,2,한지형마늘 - 고자리파리(피해주율),경상북도,0.0
202600209VC04120901348002,마늘,한지형마늘,관찰포,2026,2,한지형마늘 - 고자리파리(피해주율),경상북도,0.0
202600209VC04120901348002,마늘,한지형마늘,관찰포,2026,2,한지형마늘 - 뿌리응애(피해주율),경상북도,0.0
202600209VC04120901348002,마늘,한지형마늘,관찰포,2026,2,한지형마늘 - 뿌리응애(피해주율),경상북도,0.0
202600209VC04120901348002,마늘,한지형마늘,관찰포,2026,2,한지형마늘 - 바이러스(피해주율),경상북도,0.0
202600209VC04120901348002,마늘,한지형마늘,관찰포,2026,2,한지형마늘 - 바이러스(피해주율),경상북도,0.0
202600209FC02020101305001,보리,기본조사,관찰포,2026,1,붉은곰팡이병(피해이삭율),충청북도,0.0
202600209FC02020101305001,보리,기본조사,관찰포,2026,1,깜부기병(피해이삭율),충청북도,0.0
202600209FC02020101305001,보리,기본조사,관찰포,2026,1,줄무늬병(피해주율),충청북도,0.0
202600209FC02020101305001,보리,기본조사,관찰포,2026,1,흰가루병(피해주율),충청북도,0.0
202600209FC02020101305001,보리,기본조사,관찰포,2026,1,녹병(피해주율),충청북도,0.0
202600209FC02020101305001,보리,기본조사,관찰포,2026,1,바이러스병(피해주율),충청북도,0.0
202600209FC02020101305001,보리,기본조사,관찰포,2026,1,잎집눈무늬병(피해주율),충청북도,0.0
202600209FC02020101305001,보리,기본조사,관찰포,2026,1,멸강나방_유충(밀도),충청북도,0.0
202600209FC02020101305001,보리,기본조사,관찰포,2026,1,보리굴파리(피해잎율),충청북도,0.0
202600209FC02020101305001,보리,기본조사,관찰포,2026,1,진딧물류(피해잎율),충청북도,0.0
202600209FC02020101305001,보리,기본조사,관찰포,2026,1,붉은곰팡이병(피해이삭율),충청남도,0.0
202600209FC02020101305001,보리,기본조사,관찰포,2026,1,깜부기병(피해이삭율),충청남도,0.0
202600209FC02020101305001,보리,기본조사,관찰포,2026,1,줄무늬병(피해주율),충청남도,0.0
202600209FC02020101305001,보리,기본조사,관찰포,2026,1,흰가루병(피해주율),충청남도,0.0
202600209FC02020101305001,보리,기본조사,관찰포,2026,1,녹병(피해주율),충청남도,0.0
202600209FC02020101305001,보리,기본조사,관찰포,2026,1,바이러스병(피해주율),충청남도,0.0
202600209FC02020101305001,보리,기본조사,관찰포,2026,1,잎집눈무늬병(피해주율),충청남도,0.0
202600209FC02020101305001,보리,기본조사,관찰포,2026,1,멸강나방_유충(밀도),충청남도,0.0
202600209FC02020101305001,보리,기본조사,관찰포,2026,1,보리굴파리(피해잎율),충청남도,0.0
202600209FC02020101305001,보리,기본조사,관찰포,2026,1,진딧물류(피해잎율),충청남도,0.0
202600209FC02020101305001,보리,기본조사,관찰포,2026,1,붉은곰팡이병(피해이삭율),전북특별자치도,0.0
202600209FC02020101305001,보리,기본조사,관찰포,2026,1,깜부기병(피해이삭율),전북특별자치도,0.0
202600209FC02020101305001,보리,기본조사,관찰포,2026,1,줄무늬병(피해주율),전북특별자치도,0.0
202600209FC02020101305001,보리,기본조사,관찰포,2026,1,흰가루병(피해주율),전북특별자치도,0.0
202600209FC02020101305001,보리,기본조사,관찰포,2026,1,녹병(피해주율),전북특별자치도,0.0
202600209FC02020101305001,보리,기본조사,관찰포,2026,1,바이러스병(피해주율),전북특별자치도,0.0
202600209FC02020101305001,보리,기본조사,관찰포,2026,1,잎집눈무늬병(피해주율),전북특별자치도,0.0
202600209FC02020101305001,보리,기본조사,관찰포,2026,1,멸강나방_유충(밀도),전북특별자치도,0.0
202600209FC02020101305001,보리,기본조사,관찰포,2026,1,보리굴파리(피해잎율),전북특별자치도,0.0
202600209FC02020101305001,보리,기본조사,관찰포,2026,1,진딧물류(피해잎율),전북특별자치도,0.0
202600209FC02020101305001,보리,기본조사,관찰포,2026,1,붉은곰팡이병(피해이삭율),전남광주통합특별시,0.0
202600209FC02020101305001,보리,기본조사,관찰포,2026,1,깜부기병(피해이삭율),전남광주통합특별시,0.0
202600209FC02020101305001,보리,기본조사,관찰포,2026,1,줄무늬병(피해주율),전남광주통합특별시,0.0
202600209FC02020101305001,보리,기본조사,관찰포,2026,1,흰가루병(피해주율),전남광주통합특별시,0.0
202600209FC02020101305001,보리,기본조사,관찰포,2026,1,녹병(피해주율),전남광주통합특별시,0.0
202600209FC02020101305001,보리,기본조사,관찰포,2026,1,바이러스병(피해주율),전남광주통합특별시,0.0
202600209FC02020101305001,보리,기본조사,관찰포,2026,1,잎집눈무늬병(피해주율),전남광주통합특별시,0.0
202600209FC02020101305001,보리,기본조사,관찰포,2026,1,멸강나방_유충(밀도),전남광주통합특별시,0.0
202600209FC02020101305001,보리,기본조사,관찰포,2026,1,보리굴파리(피해잎율),전남광주통합특별시,0.0
202600209FC02020101305001,보리,기본조사,관찰포,2026,1,진딧물류(피해잎율),전남광주통합특별시,0.0
202600209FC02020101305001,보리,기본조사,관찰포,2026,1,붉은곰팡이병(피해이삭율),경상북도,0.0
202600209FC02020101305001,보리,기본조사,관찰포,2026,1,깜부기병(피해이삭율),경상북도,0.0
202600209FC02020101305001,보리,기본조사,관찰포,2026,1,줄무늬병(피해주율),경상북도,0.0
202600209FC02020101305001,보리,기본조사,관찰포,2026,1,흰가루병(피해주율),경상북도,0.0
202600209FC02020101305001,보리,기본조사,관찰포,2026,1,녹병(피해주율),경상북도,0.0
202600209FC02020101305001,보리,기본조사,관찰포,2026,1,바이러스병(피해주율),경상북도,0.0
202600209FC02020101305001,보리,기본조사,관찰포,2026,1,잎집눈무늬병(피해주율),경상북도,0.0
202600209FC02020101305001,보리,기본조사,관찰포,2026,1,멸강나방_유충(밀도),경상북도,0.0
202600209FC02020101305001,보리,기본조사,관찰포,2026,1,보리굴파리(피해잎율),경상북도,0.0
202600209FC02020101305001,보리,기본조사,관찰포,2026,1,진딧물류(피해잎율),경상북도,0.0
202600209FC02020101305001,보리,기본조사,관찰포,2026,1,붉은곰팡이병(피해이삭율),경상남도,0.0
202600209FC02020101305001,보리,기본조사,관찰포,2026,1,깜부기병(피해이삭율),경상남도,0.0
202600209FC02020101305001,보리,기본조사,관찰포,2026,1,줄무늬병(피해주율),경상남도,0.0
202600209FC02020101305001,보리,기본조사,관찰포,2026,1,흰가루병(피해주율),경상남도,0.0
202600209FC02020101305001,보리,기본조사,관찰포,2026,1,녹병(피해주율),경상남도,0.0
202600209FC02020101305001,보리,기본조사,관찰포,2026,1,바이러스병(피해주율),경상남도,0.0
202600209FC02020101305001,보리,기본조사,관찰포,2026,1,잎집눈무늬병(피해주율),경상남도,0.0
202600209FC02020101305001,보리,기본조사,관찰포,2026,1,멸강나방_유충(밀도),경상남도,0.0
202600209FC02020101305001,보리,기본조사,관찰포,2026,1,보리굴파리(피해잎율),경상남도,0.0
202600209FC02020101305001,보리,기본조사,관찰포,2026,1,진딧물류(피해잎율),경상남도,0.0
202600209VC04120101322001,양파,기본조사,관찰포,2026,1,잎마름병(피해주율),대구광역시,13.75
202600209VC04120101322001,양파,기본조사,관찰포,2026,1,흑색썩음균핵병(피해주율),대구광역시,0.0
202600209VC04120101322001,양파,기본조사,관찰포,2026,1,노균병(피해주율),대구광역시,0.0
202600209VC04120101322001,양파,기본조사,관찰포,2026,1,녹병(피해주율),대구광역시,0.0
202600209VC04120101322001,양파,기본조사,관찰포,2026,1,고자리파리(피해주율),대구광역시,0.0
202600209VC04120101322001,양파,기본조사,관찰포,2026,1,검은무늬병(피해주율),대구광역시,0.0
202600209VC04120101322001,양파,기본조사,관찰포,2026,1,잎마름병(피해주율),전북특별자치도,0.0
202600209VC04120101322001,양파,기본조사,관찰포,2026,1,흑색썩음균핵병(피해주율),전북특별자치도,0.0
202600209VC04120101322001,양파,기본조사,관찰포,2026,1,노균병(피해주율),전북특별자치도,0.0
202600209VC04120101322001,양파,기본조사,관찰포,2026,1,녹병(피해주율),전북특별자치도,0.0
202600209VC04120101322001,양파,기본조사,관찰포,2026,1,고자리파리(피해주율),전북특별자치도,0.0
202600209VC04120101322001,양파,기본조사,관찰포,2026,1,검은무늬병(피해주율),전북특별자치도,0.0
202600209VC04120101322001,양파,기본조사,관찰포,2026,1,잎마름병(피해주율),전남광주통합특별시,0.0
202600209VC04120101322001,양파,기본조사,관찰포,2026,1,흑색썩음균핵병(피해주율),전남광주통합특별시,0.0
202600209VC04120101322001,양파,기본조사,관찰포,2026,1,노균병(피해주율),전남광주통합특별시,0.0
202600209VC04120101322001,양파,기본조사,관찰포,2026,1,녹병(피해주율),전남광주통합특별시,0.0
202600209VC04120101322001,양파,기본조사,관찰포,2026,1,고자리파리(피해주율),전남광주통합특별시,0.0
202600209VC04120101322001,양파,기본조사,관찰포,2026,1,검은무늬병(피해주율),전남광주통합특별시,0.0
202600209VC04120101322001,양파,기본조사,관찰포,2026,1,잎마름병(피해주율),경상북도,0.0
202600209VC04120101322001,양파,기본조사,관찰포,2026,1,흑색썩음균핵병(피해주율),경상북도,0.0
202600209VC04120101322001,양파,기본조사,관찰포,2026,1,노균병(피해주율),경상북도,0.0
202600209VC04120101322001,양파,기본조사,관찰포,2026,1,녹병(피해주율),경상북도,0.0
202600209VC04120101322001,양파,기본조사,관찰포,2026,1,고자리파리(피해주율),경상북도,0.0
202600209VC04120101322001,양파,기본조사,관찰포,2026,1,검은무늬병(피해주율),경상북도,0.0
202600209VC04120101322001,양파,기본조사,관찰포,2026,1,잎마름병(피해주율),경상남도,0.0
202600209VC04120101322001,양파,기본조사,관찰포,2026,1,흑색썩음균핵병(피해주율),경상남도,0.0
202600209VC04120101322001,양파,기본조사,관찰포,2026,1,노균병(피해주율),경상남도,0.0
202600209VC04120101322001,양파,기본조사,관찰포,2026,1,녹병(피해주율),경상남도,0.0
202600209VC04120101322001,양파,기본조사,관찰포,2026,1,고자리파리(피해주율),경상남도,0.0
202600209VC04120101322001,양파,기본조사,관찰포,2026,1,검은무늬병(피해주율),경상남도,0.0
202600209VC04120901348001,마늘,한지형마늘,관찰포,2026,1,한지형마늘 - 잎마름병(피해주율),대구광역시,0.0
202600209VC04120901348001,마늘,한지형마늘,관찰포,2026,1,한지형마늘 - 잎마름병(피해주율),대구광역시,0.0
202600209VC04120901348001,마늘,한지형마늘,관찰포,2026,1,한지형마늘 - 흑색썩음균핵병(피해주율),대구광역시,0.0
202600209VC04120901348001,마늘,한지형마늘,관찰포,2026,1,한지형마늘 - 흑색썩음균핵병(피해주율),대구광역시,0.0
202600209VC04120901348001,마늘,한지형마늘,관찰포,2026,1,한지형마늘 - 녹병(피해주율),대구광역시,0.0
202600209VC04120901348001,마늘,한지형마늘,관찰포,2026,1,한지형마늘 - 녹병(피해주율),대구광역시,0.0
202600209VC04120901348001,마늘,한지형마늘,관찰포,2026,1,한지형마늘 - 무름병(피해주율),대구광역시,0.0
202600209VC04120901348001,마늘,한지형마늘,관찰포,2026,1,한지형마늘 - 무름병(피해주율),대구광역시,0.0
202600209VC04120901348001,마늘,한지형마늘,관찰포,2026,1,한지형마늘 - 잎집썩음병(피해주율),대구광역시,0.0
202600209VC04120901348001,마늘,한지형마늘,관찰포,2026,1,한지형마늘 - 잎집썩음병(피해주율),대구광역시,0.0
202600209VC04120901348001,마늘,한지형마늘,관찰포,2026,1,한지형마늘 - 고자리파리(피해주율),대구광역시,0.0
202600209VC04120901348001,마늘,한지형마늘,관찰포,2026,1,한지형마늘 - 고자리파리(피해주율),대구광역시,0.0
202600209VC04120901348001,마늘,한지형마늘,관찰포,2026,1,한지형마늘 - 뿌리응애(피해주율),대구광역시,0.0
202600209VC04120901348001,마늘,한지형마늘,관찰포,2026,1,한지형마늘 - 뿌리응애(피해주율),대구광역시,0.0
202600209VC04120901348001,마늘,한지형마늘,관찰포,2026,1,한지형마늘 - 바이러스(피해주율),대구광역시,0.0
202600209VC04120901348001,마늘,한지형마늘,관찰포,2026,1,한지형마늘 - 바이러스(피해주율),대구광역시,0.0
202600209VC04120901348001,마늘,한지형마늘,관찰포,2026,1,한지형마늘 - 잎마름병(피해주율),강원특별자치도,0.0
202600209VC04120901348001,마늘,한지형마늘,관찰포,2026,1,한지형마늘 - 잎마름병(피해주율),강원특별자치도,0.0
202600209VC04120901348001,마늘,한지형마늘,관찰포,2026,1,한지형마늘 - 흑색썩음균핵병(피해주율),강원특별자치도,0.0
202600209VC04120901348001,마늘,한지형마늘,관찰포,2026,1,한지형마늘 - 흑색썩음균핵병(피해주율),강원특별자치도,0.0
202600209VC04120901348001,마늘,한지형마늘,관찰포,2026,1,한지형마늘 - 녹병(피해주율),강원특별자치도,0.0
202600209VC04120901348001,마늘,한지형마늘,관찰포,2026,1,한지형마늘 - 녹병(피해주율),강원특별자치도,0.0
202600209VC04120901348001,마늘,한지형마늘,관찰포,2026,1,한지형마늘 - 무름병(피해주율),강원특별자치도,0.0
202600209VC04120901348001,마늘,한지형마늘,관찰포,2026,1,한지형마늘 - 무름병(피해주율),강원특별자치도,0.0
202600209VC04120901348001,마늘,한지형마늘,관찰포,2026,1,한지형마늘 - 잎집썩음병(피해주율),강원특별자치도,0.0
202600209VC04120901348001,마늘,한지형마늘,관찰포,2026,1,한지형마늘 - 잎집썩음병(피해주율),강원특별자치도,0.0
202600209VC04120901348001,마늘,한지형마늘,관찰포,2026,1,한지형마늘 - 고자리파리(피해주율),강원특별자치도,0.0
202600209VC04120901348001,마늘,한지형마늘,관찰포,2026,1,한지형마늘 - 고자리파리(피해주율),강원특별자치도,0.0
202600209VC04120901348001,마늘,한지형마늘,관찰포,2026,1,한지형마늘 - 뿌리응애(피해주율),강원특별자치도,0.0
202600209VC04120901348001,마늘,한지형마늘,관찰포,2026,1,한지형마늘 - 뿌리응애(피해주율),강원특별자치도,0.0
202600209VC04120901348001,마늘,한지형마늘,관찰포,2026,1,한지형마늘 - 바이러스(피해주율),강원특별자치도,0.0
202600209VC04120901348001,마늘,한지형마늘,관찰포,2026,1,한지형마늘 - 바이러스(피해주율),강원특별자치도,0.0
202600209VC04120901348001,마늘,한지형마늘,관찰포,2026,1,한지형마늘 - 잎마름병(피해주율),충청북도,0.0
202600209VC04120901348001,마늘,한지형마늘,관찰포,2026,1,한지형마늘 - 잎마름병(피해주율),충청북도,0.0
202600209VC04120901348001,마늘,한지형마늘,관찰포,2026,1,한지형마늘 - 흑색썩음균핵병(피해주율),충청북도,0.0
202600209VC04120901348001,마늘,한지형마늘,관찰포,2026,1,한지형마늘 - 흑색썩음균핵병(피해주율),충청북도,0.0
202600209VC04120901348001,마늘,한지형마늘,관찰포,2026,1,한지형마늘 - 녹병(피해주율),충청북도,0.0
202600209VC04120901348001,마늘,한지형마늘,관찰포,2026,1,한지형마늘 - 녹병(피해주율),충청북도,0.0
202600209VC04120901348001,마늘,한지형마늘,관찰포,2026,1,한지형마늘 - 무름병(피해주율),충청북도,0.0
202600209VC04120901348001,마늘,한지형마늘,관찰포,2026,1,한지형마늘 - 무름병(피해주율),충청북도,0.0
202600209VC04120901348001,마늘,한지형마늘,관찰포,2026,1,한지형마늘 - 잎집썩음병(피해주율),충청북도,0.0
202600209VC04120901348001,마늘,한지형마늘,관찰포,2026,1,한지형마늘 - 잎집썩음병(피해주율),충청북도,0.0
202600209VC04120901348001,마늘,한지형마늘,관찰포,2026,1,한지형마늘 - 고자리파리(피해주율),충청북도,0.0
202600209VC04120901348001,마늘,한지형마늘,관찰포,2026,1,한지형마늘 - 고자리파리(피해주율),충청북도,0.0
202600209VC04120901348001,마늘,한지형마늘,관찰포,2026,1,한지형마늘 - 뿌리응애(피해주율),충청북도,0.0
202600209VC04120901348001,마늘,한지형마늘,관찰포,2026,1,한지형마늘 - 뿌리응애(피해주율),충청북도,0.0
202600209VC04120901348001,마늘,한지형마늘,관찰포,2026,1,한지형마늘 - 바이러스(피해주율),충청북도,0.0
202600209VC04120901348001,마늘,한지형마늘,관찰포,2026,1,한지형마늘 - 바이러스(피해주율),충청북도,0.0
202600209VC04120901348001,마늘,한지형마늘,관찰포,2026,1,한지형마늘 - 잎마름병(피해주율),충청남도,0.0
202600209VC04120901348001,마늘,한지형마늘,관찰포,2026,1,한지형마늘 - 잎마름병(피해주율),충청남도,0.0
202600209VC04120901348001,마늘,한지형마늘,관찰포,2026,1,한지형마늘 - 흑색썩음균핵병(피해주율),충청남도,0.0
202600209VC04120901348001,마늘,한지형마늘,관찰포,2026,1,한지형마늘 - 흑색썩음균핵병(피해주율),충청남도,0.0
202600209VC04120901348001,마늘,한지형마늘,관찰포,2026,1,한지형마늘 - 녹병(피해주율),충청남도,0.0
202600209VC04120901348001,마늘,한지형마늘,관찰포,2026,1,한지형마늘 - 녹병(피해주율),충청남도,0.0
202600209VC04120901348001,마늘,한지형마늘,관찰포,2026,1,한지형마늘 - 무름병(피해주율),충청남도,0.0
202600209VC04120901348001,마늘,한지형마늘,관찰포,2026,1,한지형마늘 - 무름병(피해주율),충청남도,0.0
202600209VC04120901348001,마늘,한지형마늘,관찰포,2026,1,한지형마늘 - 잎집썩음병(피해주율),충청남도,0.0
202600209VC04120901348001,마늘,한지형마늘,관찰포,2026,1,한지형마늘 - 잎집썩음병(피해주율),충청남도,0.0
202600209VC04120901348001,마늘,한지형마늘,관찰포,2026,1,한지형마늘 - 고자리파리(피해주율),충청남도,0.0
202600209VC04120901348001,마늘,한지형마늘,관찰포,2026,1,한지형마늘 - 고자리파리(피해주율),충청남도,0.0
202600209VC04120901348001,마늘,한지형마늘,관찰포,2026,1,한지형마늘 - 뿌리응애(피해주율),충청남도,0.0
202600209VC04120901348001,마늘,한지형마늘,관찰포,2026,1,한지형마늘 - 뿌리응애(피해주율),충청남도,0.0
202600209VC04120901348001,마늘,한지형마늘,관찰포,2026,1,한지형마늘 - 바이러스(피해주율),충청남도,0.0
202600209VC04120901348001,마늘,한지형마늘,관찰포,2026,1,한지형마늘 - 바이러스(피해주율),충청남도,0.0
202600209VC04120901348001,마늘,한지형마늘,관찰포,2026,1,한지형마늘 - 잎마름병(피해주율),경상북도,0.0
202600209VC04120901348001,마늘,한지형마늘,관찰포,2026,1,한지형마늘 - 잎마름병(피해주율),경상북도,0.0
202600209VC04120901348001,마늘,한지형마늘,관찰포,2026,1,한지형마늘 - 흑색썩음균핵병(피해주율),경상북도,0.0
202600209VC04120901348001,마늘,한지형마늘,관찰포,2026,1,한지형마늘 - 흑색썩음균핵병(피해주율),경상북도,0.0
202600209VC04120901348001,마늘,한지형마늘,관찰포,2026,1,한지형마늘 - 녹병(피해주율),경상북도,0.0
202600209VC04120901348001,마늘,한지형마늘,관찰포,2026,1,한지형마늘 - 녹병(피해주율),경상북도,0.0
202600209VC04120901348001,마늘,한지형마늘,관찰포,2026,1,한지형마늘 - 무름병(피해주율),경상북도,0.0
202600209VC04120901348001,마늘,한지형마늘,관찰포,2026,1,한지형마늘 - 무름병(피해주율),경상북도,0.0
202600209VC04120901348001,마늘,한지형마늘,관찰포,2026,1,한지형마늘 - 잎집썩음병(피해주율),경상북도,0.0
202600209VC04120901348001,마늘,한지형마늘,관찰포,2026,1,한지형마늘 - 잎집썩음병(피해주율),경상북도,0.0
202600209VC04120901348001,마늘,한지형마늘,관찰포,2026,1,한지형마늘 - 고자리파리(피해주율),경상북도,0.0
202600209VC04120901348001,마늘,한지형마늘,관찰포,2026,1,한지형마늘 - 고자리파리(피해주율),경상북도,0.0
202600209VC04120901348001,마늘,한지형마늘,관찰포,2026,1,한지형마늘 - 뿌리응애(피해주율),경상북도,0.0
202600209VC04120901348001,마늘,한지형마늘,관찰포,2026,1,한지형마늘 - 뿌리응애(피해주율),경상북도,0.0
202600209VC04120901348001,마늘,한지형마늘,관찰포,2026,1,한지형마늘 - 바이러스(피해주율),경상북도,0.0
202600209VC04120901348001,마늘,한지형마늘,관찰포,2026,1,한지형마늘 - 바이러스(피해주율),경상북도,0.0
202600209VC04120901349001,마늘,난지형마늘,관찰포,2026,1,난지형마늘 - 잎마름병(피해주율),대구광역시,35.0
202600209VC04120901349001,마늘,난지형마늘,관찰포,2026,1,난지형마늘 - 잎마름병(피해주율),대구광역시,35.0
202600209VC04120901349001,마늘,난지형마늘,관찰포,2026,1,난지형마늘 - 흑색썩음균핵병(피해주율),대구광역시,0.0
202600209VC04120901349001,마늘,난지형마늘,관찰포,2026,1,난지형마늘 - 흑색썩음균핵병(피해주율),대구광역시,0.0
202600209VC04120901349001,마늘,난지형마늘,관찰포,2026,1,난지형마늘 - 녹병(피해주율),대구광역시,0.0
202600209VC04120901349001,마늘,난지형마늘,관찰포,2026,1,난지형마늘 - 녹병(피해주율),대구광역시,0.0
202600209VC04120901349001,마늘,난지형마늘,관찰포,2026,1,난지형마늘 - 무름병(피해주율),대구광역시,0.0
202600209VC04120901349001,마늘,난지형마늘,관찰포,2026,1,난지형마늘 - 무름병(피해주율),대구광역시,0.0
202600209VC04120901349001,마늘,난지형마늘,관찰포,2026,1,난지형마늘 - 잎집썩음병(피해주율),대구광역시,0.0
202600209VC04120901349001,마늘,난지형마늘,관찰포,2026,1,난지형마늘 - 잎집썩음병(피해주율),대구광역시,0.0
202600209VC04120901349001,마늘,난지형마늘,관찰포,2026,1,난지형마늘 - 고자리파리(피해주율),대구광역시,0.0
202600209VC04120901349001,마늘,난지형마늘,관찰포,2026,1,난지형마늘 - 고자리파리(피해주율),대구광역시,0.0
202600209VC04120901349001,마늘,난지형마늘,관찰포,2026,1,난지형마늘 - 뿌리응애(피해주율),대구광역시,0.0
202600209VC04120901349001,마늘,난지형마늘,관찰포,2026,1,난지형마늘 - 뿌리응애(피해주율),대구광역시,0.0
202600209VC04120901349001,마늘,난지형마늘,관찰포,2026,1,난지형마늘 - 바이러스(피해주율),대구광역시,0.0
202600209VC04120901349001,마늘,난지형마늘,관찰포,2026,1,난지형마늘 - 바이러스(피해주율),대구광역시,0.0
202600209VC04120901349001,마늘,난지형마늘,관찰포,2026,1,난지형마늘 - 잎마름병(피해주율),충청남도,0.0
202600209VC04120901349001,마늘,난지형마늘,관찰포,2026,1,난지형마늘 - 잎마름병(피해주율),충청남도,0.0
202600209VC04120901349001,마늘,난지형마늘,관찰포,2026,1,난지형마늘 - 흑색썩음균핵병(피해주율),충청남도,0.0
202600209VC04120901349001,마늘,난지형마늘,관찰포,2026,1,난지형마늘 - 흑색썩음균핵병(피해주율),충청남도,0.0
202600209VC04120901349001,마늘,난지형마늘,관찰포,2026,1,난지형마늘 - 녹병(피해주율),충청남도,0.0
202600209VC04120901349001,마늘,난지형마늘,관찰포,2026,1,난지형마늘 - 녹병(피해주율),충청남도,0.0
202600209VC04120901349001,마늘,난지형마늘,관찰포,2026,1,난지형마늘 - 무름병(피해주율),충청남도,0.0
202600209VC04120901349001,마늘,난지형마늘,관찰포,2026,1,난지형마늘 - 무름병(피해주율),충청남도,0.0
202600209VC04120901349001,마늘,난지형마늘,관찰포,2026,1,난지형마늘 - 잎집썩음병(피해주율),충청남도,0.0
202600209VC04120901349001,마늘,난지형마늘,관찰포,2026,1,난지형마늘 - 잎집썩음병(피해주율),충청남도,0.0
202600209VC04120901349001,마늘,난지형마늘,관찰포,2026,1,난지형마늘 - 고자리파리(피해주율),충청남도,0.0
202600209VC04120901349001,마늘,난지형마늘,관찰포,2026,1,난지형마늘 - 고자리파리(피해주율),충청남도,0.0
202600209VC04120901349001,마늘,난지형마늘,관찰포,2026,1,난지형마늘 - 뿌리응애(피해주율),충청남도,0.0
202600209VC04120901349001,마늘,난지형마늘,관찰포,2026,1,난지형마늘 - 뿌리응애(피해주율),충청남도,0.0
202600209VC04120901349001,마늘,난지형마늘,관찰포,2026,1,난지형마늘 - 바이러스(피해주율),충청남도,0.0
202600209VC04120901349001,마늘,난지형마늘,관찰포,2026,1,난지형마늘 - 바이러스(피해주율),충청남도,0.0
202600209VC04120901349001,마늘,난지형마늘,관찰포,2026,1,난지형마늘 - 잎마름병(피해주율),전북특별자치도,0.0
202600209VC04120901349001,마늘,난지형마늘,관찰포,2026,1,난지형마늘 - 잎마름병(피해주율),전북특별자치도,0.0
202600209VC04120901349001,마늘,난지형마늘,관찰포,2026,1,난지형마늘 - 흑색썩음균핵병(피해주율),전북특별자치도,0.0
202600209VC04120901349001,마늘,난지형마늘,관찰포,2026,1,난지형마늘 - 흑색썩음균핵병(피해주율),전북특별자치도,0.0
202600209VC04120901349001,마늘,난지형마늘,관찰포,2026,1,난지형마늘 - 녹병(피해주율),전북특별자치도,0.0
202600209VC04120901349001,마늘,난지형마늘,관찰포,2026,1,난지형마늘 - 녹병(피해주율),전북특별자치도,0.0
202600209VC04120901349001,마늘,난지형마늘,관찰포,2026,1,난지형마늘 - 무름병(피해주율),전북특별자치도,0.0
202600209VC04120901349001,마늘,난지형마늘,관찰포,2026,1,난지형마늘 - 무름병(피해주율),전북특별자치도,0.0
202600209VC04120901349001,마늘,난지형마늘,관찰포,2026,1,난지형마늘 - 잎집썩음병(피해주율),전북특별자치도,0.0
202600209VC04120901349001,마늘,난지형마늘,관찰포,2026,1,난지형마늘 - 잎집썩음병(피해주율),전북특별자치도,0.0
202600209VC04120901349001,마늘,난지형마늘,관찰포,2026,1,난지형마늘 - 고자리파리(피해주율),전북특별자치도,0.0
202600209VC04120901349001,마늘,난지형마늘,관찰포,2026,1,난지형마늘 - 고자리파리(피해주율),전북특별자치도,0.0
202600209VC04120901349001,마늘,난지형마늘,관찰포,2026,1,난지형마늘 - 뿌리응애(피해주율),전북특별자치도,0.0
202600209VC04120901349001,마늘,난지형마늘,관찰포,2026,1,난지형마늘 - 뿌리응애(피해주율),전북특별자치도,0.0
202600209VC04120901349001,마늘,난지형마늘,관찰포,2026,1,난지형마늘 - 바이러스(피해주율),전북특별자치도,0.0
202600209VC04120901349001,마늘,난지형마늘,관찰포,2026,1,난지형마늘 - 바이러스(피해주율),전북특별자치도,0.0
202600209VC04120901349001,마늘,난지형마늘,관찰포,2026,1,난지형마늘 - 잎마름병(피해주율),전남광주통합특별시,0.0
202600209VC04120901349001,마늘,난지형마늘,관찰포,2026,1,난지형마늘 - 잎마름병(피해주율),전남광주통합특별시,0.0
202600209VC04120901349001,마늘,난지형마늘,관찰포,2026,1,난지형마늘 - 흑색썩음균핵병(피해주율),전남광주통합특별시,0.0
202600209VC04120901349001,마늘,난지형마늘,관찰포,2026,1,난지형마늘 - 흑색썩음균핵병(피해주율),전남광주통합특별시,0.0
202600209VC04120901349001,마늘,난지형마늘,관찰포,2026,1,난지형마늘 - 녹병(피해주율),전남광주통합특별시,0.0
202600209VC04120901349001,마늘,난지형마늘,관찰포,2026,1,난지형마늘 - 녹병(피해주율),전남광주통합특별시,0.0
202600209VC04120901349001,마늘,난지형마늘,관찰포,2026,1,난지형마늘 - 무름병(피해주율),전남광주통합특별시,0.0
202600209VC04120901349001,마늘,난지형마늘,관찰포,2026,1,난지형마늘 - 무름병(피해주율),전남광주통합특별시,0.0
202600209VC04120901349001,마늘,난지형마늘,관찰포,2026,1,난지형마늘 - 잎집썩음병(피해주율),전남광주통합특별시,0.0
202600209VC04120901349001,마늘,난지형마늘,관찰포,2026,1,난지형마늘 - 잎집썩음병(피해주율),전남광주통합특별시,0.0
202600209VC04120901349001,마늘,난지형마늘,관찰포,2026,1,난지형마늘 - 고자리파리(피해주율),전남광주통합특별시,0.0
202600209VC04120901349001,마늘,난지형마늘,관찰포,2026,1,난지형마늘 - 고자리파리(피해주율),전남광주통합특별시,0.0
202600209VC04120901349001,마늘,난지형마늘,관찰포,2026,1,난지형마늘 - 뿌리응애(피해주율),전남광주통합특별시,0.0
202600209VC04120901349001,마늘,난지형마늘,관찰포,2026,1,난지형마늘 - 뿌리응애(피해주율),전남광주통합특별시,0.0
202600209VC04120901349001,마늘,난지형마늘,관찰포,2026,1,난지형마늘 - 바이러스(피해주율),전남광주통합특별시,0.0
202600209VC04120901349001,마늘,난지형마늘,관찰포,2026,1,난지형마늘 - 바이러스(피해주율),전남광주통합특별시,0.0
202600209VC04120901349001,마늘,난지형마늘,관찰포,2026,1,난지형마늘 - 잎마름병(피해주율),경상북도,0.0
202600209VC04120901349001,마늘,난지형마늘,관찰포,2026,1,난지형마늘 - 잎마름병(피해주율),경상북도,0.0
202600209VC04120901349001,마늘,난지형마늘,관찰포,2026,1,난지형마늘 - 흑색썩음균핵병(피해주율),경상북도,0.0
202600209VC04120901349001,마늘,난지형마늘,관찰포,2026,1,난지형마늘 - 흑색썩음균핵병(피해주율),경상북도,0.0
202600209VC04120901349001,마늘,난지형마늘,관찰포,2026,1,난지형마늘 - 녹병(피해주율),경상북도,0.0
202600209VC04120901349001,마늘,난지형마늘,관찰포,2026,1,난지형마늘 - 녹병(피해주율),경상북도,0.0
202600209VC04120901349001,마늘,난지형마늘,관찰포,2026,1,난지형마늘 - 무름병(피해주율),경상북도,0.0
202600209VC04120901349001,마늘,난지형마늘,관찰포,2026,1,난지형마늘 - 무름병(피해주율),경상북도,0.0
202600209VC04120901349001,마늘,난지형마늘,관찰포,2026,1,난지형마늘 - 잎집썩음병(피해주율),경상북도,0.0
202600209VC04120901349001,마늘,난지형마늘,관찰포,2026,1,난지형마늘 - 잎집썩음병(피해주율),경상북도,0.0
202600209VC04120901349001,마늘,난지형마늘,관찰포,2026,1,난지형마늘 - 고자리파리(피해주율),경상북도,2.5
202600209VC04120901349001,마늘,난지형마늘,관찰포,2026,1,난지형마늘 - 고자리파리(피해주율),경상북도,2.5
202600209VC04120901349001,마늘,난지형마늘,관찰포,2026,1,난지형마늘 - 뿌리응애(피해주율),경상북도,0.0
202600209VC04120901349001,마늘,난지형마늘,관찰포,2026,1,난지형마늘 - 뿌리응애(피해주율),경상북도,0.0
202600209VC04120901349001,마늘,난지형마늘,관찰포,2026,1,난지형마늘 - 바이러스(피해주율),경상북도,0.0
202600209VC04120901349001,마늘,난지형마늘,관찰포,2026,1,난지형마늘 - 바이러스(피해주율),경상북도,0.0
202600209VC04120901349001,마늘,난지형마늘,관찰포,2026,1,난지형마늘 - 잎마름병(피해주율),경상남도,0.0
202600209VC04120901349001,마늘,난지형마늘,관찰포,2026,1,난지형마늘 - 잎마름병(피해주율),경상남도,0.0
202600209VC04120901349001,마늘,난지형마늘,관찰포,2026,1,난지형마늘 - 흑색썩음균핵병(피해주율),경상남도,0.0
202600209VC04120901349001,마늘,난지형마늘,관찰포,2026,1,난지형마늘 - 흑색썩음균핵병(피해주율),경상남도,0.0
202600209VC04120901349001,마늘,난지형마늘,관찰포,2026,1,난지형마늘 - 녹병(피해주율),경상남도,0.0
202600209VC04120901349001,마늘,난지형마늘,관찰포,2026,1,난지형마늘 - 녹병(피해주율),경상남도,0.0
202600209VC04120901349001,마늘,난지형마늘,관찰포,2026,1,난지형마늘 - 무름병(피해주율),경상남도,0.0
202600209VC04120901349001,마늘,난지형마늘,관찰포,2026,1,난지형마늘 - 무름병(피해주율),경상남도,0.0
202600209VC04120901349001,마늘,난지형마늘,관찰포,2026,1,난지형마늘 - 잎집썩음병(피해주율),경상남도,0.0
202600209VC04120901349001,마늘,난지형마늘,관찰포,2026,1,난지형마늘 - 잎집썩음병(피해주율),경상남도,0.0
202600209VC04120901349001,마늘,난지형마늘,관찰포,2026,1,난지형마늘 - 고자리파리(피해주율),경상남도,0.0
202600209VC04120901349001,마늘,난지형마늘,관찰포,2026,1,난지형마늘 - 고자리파리(피해주율),경상남도,0.0
202600209VC04120901349001,마늘,난지형마늘,관찰포,2026,1,난지형마늘 - 뿌리응애(피해주율),경상남도,0.0
202600209VC04120901349001,마늘,난지형마늘,관찰포,2026,1,난지형마늘 - 뿌리응애(피해주율),경상남도,0.0
202600209VC04120901349001,마늘,난지형마늘,관찰포,2026,1,난지형마늘 - 바이러스(피해주율),경상남도,0.0
202600209VC04120901349001,마늘,난지형마늘,관찰포,2026,1,난지형마늘 - 바이러스(피해주율),경상남도,0.0
