관측망ID,시도명,시군구명,원본지역명,작물명,조사연도,위도,경도,위치성격,농가표시가능,표시주의,원천행ID,원본파일
NCPMS-38.0923115-128.6325572-논벼,강원도,양양군,양양읍,논벼,,38.0923115,128.6325572,NCPMS 공식 조사지점·예찰망 위치,아니오,농가명·소유자 위치가 아니라 공식 조사망의 대표 관측 위치입니다.,2,data/processed/ncpms_survey_sites_normalized.csv
NCPMS-37.3086013-127.9105912-논벼,강원도,원주시,흥업면,논벼,,37.3086013,127.9105912,NCPMS 공식 조사지점·예찰망 위치,아니오,농가명·소유자 위치가 아니라 공식 조사망의 대표 관측 위치입니다.,3,data/processed/ncpms_survey_sites_normalized.csv
NCPMS-38.0870491-128.1964624-논벼,강원도,인제군,인제읍,논벼,,38.0870491,128.1964624,NCPMS 공식 조사지점·예찰망 위치,아니오,농가명·소유자 위치가 아니라 공식 조사망의 대표 관측 위치입니다.,4,data/processed/ncpms_survey_sites_normalized.csv
NCPMS-37.4354987-128.6570739-논벼,강원도,정선군,북평면,논벼,,37.4354987,128.6570739,NCPMS 공식 조사지점·예찰망 위치,아니오,농가명·소유자 위치가 아니라 공식 조사망의 대표 관측 위치입니다.,5,data/processed/ncpms_survey_sites_normalized.csv
NCPMS-38.2039145-127.2507622-논벼,강원도,철원군,동송읍,논벼,,38.2039145,127.2507622,NCPMS 공식 조사지점·예찰망 위치,아니오,농가명·소유자 위치가 아니라 공식 조사망의 대표 관측 위치입니다.,6,data/processed/ncpms_survey_sites_normalized.csv
NCPMS-37.9339785-127.7532252-논벼,강원도,춘천시,신북읍,논벼,,37.9339785,127.7532252,NCPMS 공식 조사지점·예찰망 위치,아니오,농가명·소유자 위치가 아니라 공식 조사망의 대표 관측 위치입니다.,7,data/processed/ncpms_survey_sites_normalized.csv
NCPMS-37.4716826-128.4459748-논벼,강원도,평창군,대화면,논벼,,37.4716826,128.4459748,NCPMS 공식 조사지점·예찰망 위치,아니오,농가명·소유자 위치가 아니라 공식 조사망의 대표 관측 위치입니다.,8,data/processed/ncpms_survey_sites_normalized.csv
NCPMS-37.3370320-128.5076533-논벼,강원도,평창군,미탄면,논벼,,37.337032,128.5076533,NCPMS 공식 조사지점·예찰망 위치,아니오,농가명·소유자 위치가 아니라 공식 조사망의 대표 관측 위치입니다.,9,data/processed/ncpms_survey_sites_normalized.csv
NCPMS-37.3816456-128.3881472-논벼,강원도,평창군,평창읍,논벼,,37.3816456,128.3881472,NCPMS 공식 조사지점·예찰망 위치,아니오,농가명·소유자 위치가 아니라 공식 조사망의 대표 관측 위치입니다.,10,data/processed/ncpms_survey_sites_normalized.csv
NCPMS-37.7058161-127.8594927-논벼,강원도,홍천군,북방면,논벼,,37.7058161,127.8594927,NCPMS 공식 조사지점·예찰망 위치,아니오,농가명·소유자 위치가 아니라 공식 조사망의 대표 관측 위치입니다.,11,data/processed/ncpms_survey_sites_normalized.csv
NCPMS-38.1110427-127.6915044-논벼,강원도,화천군,화천읍,논벼,,38.1110427,127.6915044,NCPMS 공식 조사지점·예찰망 위치,아니오,농가명·소유자 위치가 아니라 공식 조사망의 대표 관측 위치입니다.,12,data/processed/ncpms_survey_sites_normalized.csv
NCPMS-37.5275090-127.9611557-논벼,강원도,횡성군,공근면,논벼,,37.527509,127.9611557,NCPMS 공식 조사지점·예찰망 위치,아니오,농가명·소유자 위치가 아니라 공식 조사망의 대표 관측 위치입니다.,13,data/processed/ncpms_survey_sites_normalized.csv
NCPMS-37.8508518-127.5044798-논벼,경기도,가평군,가평읍,논벼,,37.8508518,127.5044798,NCPMS 공식 조사지점·예찰망 위치,아니오,농가명·소유자 위치가 아니라 공식 조사망의 대표 관측 위치입니다.,14,data/processed/ncpms_survey_sites_normalized.csv
NCPMS-37.6722329-126.6965848-논벼,경기도,고양시,,논벼,,37.6722329,126.6965848,NCPMS 공식 조사지점·예찰망 위치,아니오,농가명·소유자 위치가 아니라 공식 조사망의 대표 관측 위치입니다.,15,data/processed/ncpms_survey_sites_normalized.csv
NCPMS-37.3913793-126.7920709-논벼,경기도,시흥시,장현동,논벼,,37.3913793,126.7920709,NCPMS 공식 조사지점·예찰망 위치,아니오,농가명·소유자 위치가 아니라 공식 조사망의 대표 관측 위치입니다.,16,data/processed/ncpms_survey_sites_normalized.csv
NCPMS-37.0149847-127.3034008-논벼,경기도,안성시,보개면,논벼,,37.0149847,127.3034008,NCPMS 공식 조사지점·예찰망 위치,아니오,농가명·소유자 위치가 아니라 공식 조사망의 대표 관측 위치입니다.,17,data/processed/ncpms_survey_sites_normalized.csv
NCPMS-37.8420916-126.9961482-논벼,경기도,양주시,은현면,논벼,,37.8420916,126.9961482,NCPMS 공식 조사지점·예찰망 위치,아니오,농가명·소유자 위치가 아니라 공식 조사망의 대표 관측 위치입니다.,18,data/processed/ncpms_survey_sites_normalized.csv
NCPMS-37.2346510-127.6424618-논벼,경기도,여주시,하거동,논벼,,37.234651,127.6424618,NCPMS 공식 조사지점·예찰망 위치,아니오,농가명·소유자 위치가 아니라 공식 조사망의 대표 관측 위치입니다.,19,data/processed/ncpms_survey_sites_normalized.csv
NCPMS-38.0576606-127.0713725-논벼,경기도,연천군,전곡읍,논벼,,38.0576606,127.0713725,NCPMS 공식 조사지점·예찰망 위치,아니오,농가명·소유자 위치가 아니라 공식 조사망의 대표 관측 위치입니다.,20,data/processed/ncpms_survey_sites_normalized.csv
NCPMS-37.1799103-127.3305408-논벼,경기도,용인시,,논벼,,37.1799103,127.3305408,NCPMS 공식 조사지점·예찰망 위치,아니오,농가명·소유자 위치가 아니라 공식 조사망의 대표 관측 위치입니다.,21,data/processed/ncpms_survey_sites_normalized.csv
NCPMS-37.2588616-127.4441739-논벼,경기도,이천시,율현동,논벼,,37.2588616,127.4441739,NCPMS 공식 조사지점·예찰망 위치,아니오,농가명·소유자 위치가 아니라 공식 조사망의 대표 관측 위치입니다.,22,data/processed/ncpms_survey_sites_normalized.csv
NCPMS-37.0138918-126.9851214-논벼,경기도,평택시,오성면,논벼,,37.0138918,126.9851214,NCPMS 공식 조사지점·예찰망 위치,아니오,농가명·소유자 위치가 아니라 공식 조사망의 대표 관측 위치입니다.,23,data/processed/ncpms_survey_sites_normalized.csv
NCPMS-38.0996747-127.2764709-논벼,경기도,포천시,영북면,논벼,,38.0996747,127.2764709,NCPMS 공식 조사지점·예찰망 위치,아니오,농가명·소유자 위치가 아니라 공식 조사망의 대표 관측 위치입니다.,24,data/processed/ncpms_survey_sites_normalized.csv
NCPMS-37.1537514-126.9057621-논벼,경기도,화성시,팔탄면,논벼,,37.1537514,126.9057621,NCPMS 공식 조사지점·예찰망 위치,아니오,농가명·소유자 위치가 아니라 공식 조사망의 대표 관측 위치입니다.,25,data/processed/ncpms_survey_sites_normalized.csv
NCPMS-37.2209288-127.0433849-논벼,경기도,화성시,,논벼,,37.2209288,127.0433849,NCPMS 공식 조사지점·예찰망 위치,아니오,농가명·소유자 위치가 아니라 공식 조사망의 대표 관측 위치입니다.,26,data/processed/ncpms_survey_sites_normalized.csv
NCPMS-35.6767257-127.9225294-논벼,경상남도,거창군,거창읍,논벼,,35.6767257,127.9225294,NCPMS 공식 조사지점·예찰망 위치,아니오,농가명·소유자 위치가 아니라 공식 조사망의 대표 관측 위치입니다.,27,data/processed/ncpms_survey_sites_normalized.csv
NCPMS-34.9903222-128.3309312-논벼,경상남도,고성군,고성읍,논벼,,34.9903222,128.3309312,NCPMS 공식 조사지점·예찰망 위치,아니오,농가명·소유자 위치가 아니라 공식 조사망의 대표 관측 위치입니다.,28,data/processed/ncpms_survey_sites_normalized.csv
NCPMS-35.2128981-128.8731603-논벼,경상남도,김해시,전하동,논벼,,35.2128981,128.8731603,NCPMS 공식 조사지점·예찰망 위치,아니오,농가명·소유자 위치가 아니라 공식 조사망의 대표 관측 위치입니다.,29,data/processed/ncpms_survey_sites_normalized.csv
NCPMS-34.8237445-127.8842626-논벼,경상남도,남해군,남해읍,논벼,,34.8237445,127.8842626,NCPMS 공식 조사지점·예찰망 위치,아니오,농가명·소유자 위치가 아니라 공식 조사망의 대표 관측 위치입니다.,30,data/processed/ncpms_survey_sites_normalized.csv
NCPMS-35.4476661-128.7577190-논벼,경상남도,밀양시,상남면,논벼,,35.4476661,128.757719,NCPMS 공식 조사지점·예찰망 위치,아니오,농가명·소유자 위치가 아니라 공식 조사망의 대표 관측 위치입니다.,31,data/processed/ncpms_survey_sites_normalized.csv
NCPMS-35.0596500-128.0747021-논벼,경상남도,사천시,사남면,논벼,,35.05965,128.0747021,NCPMS 공식 조사지점·예찰망 위치,아니오,농가명·소유자 위치가 아니라 공식 조사망의 대표 관측 위치입니다.,32,data/processed/ncpms_survey_sites_normalized.csv
NCPMS-35.3323663-128.2019302-논벼,경상남도,의령군,칠곡면,논벼,,35.3323663,128.2019302,NCPMS 공식 조사지점·예찰망 위치,아니오,농가명·소유자 위치가 아니라 공식 조사망의 대표 관측 위치입니다.,33,data/processed/ncpms_survey_sites_normalized.csv
NCPMS-35.1141927-128.1818311-논벼,경상남도,진주시,금곡면,논벼,,35.1141927,128.1818311,NCPMS 공식 조사지점·예찰망 위치,아니오,농가명·소유자 위치가 아니라 공식 조사망의 대표 관측 위치입니다.,34,data/processed/ncpms_survey_sites_normalized.csv
NCPMS-35.5518061-128.4766159-논벼,경상남도,창녕군,대지면,논벼,,35.5518061,128.4766159,NCPMS 공식 조사지점·예찰망 위치,아니오,농가명·소유자 위치가 아니라 공식 조사망의 대표 관측 위치입니다.,35,data/processed/ncpms_survey_sites_normalized.csv
NCPMS-35.3425946-128.7072814-논벼,경상남도,창원시,,논벼,,35.3425946,128.7072814,NCPMS 공식 조사지점·예찰망 위치,아니오,농가명·소유자 위치가 아니라 공식 조사망의 대표 관측 위치입니다.,36,data/processed/ncpms_survey_sites_normalized.csv
NCPMS-35.0793232-127.7711214-논벼,경상남도,하동군,적량면,논벼,,35.0793232,127.7711214,NCPMS 공식 조사지점·예찰망 위치,아니오,농가명·소유자 위치가 아니라 공식 조사망의 대표 관측 위치입니다.,37,data/processed/ncpms_survey_sites_normalized.csv
NCPMS-35.5541168-128.1084728-논벼,경상남도,합천군,용주면,논벼,,35.5541168,128.1084728,NCPMS 공식 조사지점·예찰망 위치,아니오,농가명·소유자 위치가 아니라 공식 조사망의 대표 관측 위치입니다.,38,data/processed/ncpms_survey_sites_normalized.csv
NCPMS-35.8185721-128.8110950-논벼,경상북도,경산시,자인면,논벼,,35.8185721,128.811095,NCPMS 공식 조사지점·예찰망 위치,아니오,농가명·소유자 위치가 아니라 공식 조사망의 대표 관측 위치입니다.,39,data/processed/ncpms_survey_sites_normalized.csv
NCPMS-35.8796047-129.1861263-논벼,경상북도,경주시,현곡면,논벼,,35.8796047,129.1861263,NCPMS 공식 조사지점·예찰망 위치,아니오,농가명·소유자 위치가 아니라 공식 조사망의 대표 관측 위치입니다.,40,data/processed/ncpms_survey_sites_normalized.csv
NCPMS-35.6982584-128.2828420-논벼,경상북도,고령군,,논벼,,35.6982584,128.282842,NCPMS 공식 조사지점·예찰망 위치,아니오,농가명·소유자 위치가 아니라 공식 조사망의 대표 관측 위치입니다.,41,data/processed/ncpms_survey_sites_normalized.csv
NCPMS-36.2314783-128.2881018-논벼,경상북도,구미시,선산읍,논벼,,36.2314783,128.2881018,NCPMS 공식 조사지점·예찰망 위치,아니오,농가명·소유자 위치가 아니라 공식 조사망의 대표 관측 위치입니다.,42,data/processed/ncpms_survey_sites_normalized.csv
NCPMS-36.1005025-128.1224374-논벼,경상북도,김천시,양천동,논벼,,36.1005025,128.1224374,NCPMS 공식 조사지점·예찰망 위치,아니오,농가명·소유자 위치가 아니라 공식 조사망의 대표 관측 위치입니다.,43,data/processed/ncpms_survey_sites_normalized.csv
NCPMS-36.6141447-128.2074907-논벼,경상북도,문경시,흥덕동,논벼,,36.6141447,128.2074907,NCPMS 공식 조사지점·예찰망 위치,아니오,농가명·소유자 위치가 아니라 공식 조사망의 대표 관측 위치입니다.,44,data/processed/ncpms_survey_sites_normalized.csv
NCPMS-36.9122906-128.7941059-논벼,경상북도,봉화군,봉성면,논벼,,36.9122906,128.7941059,NCPMS 공식 조사지점·예찰망 위치,아니오,농가명·소유자 위치가 아니라 공식 조사망의 대표 관측 위치입니다.,45,data/processed/ncpms_survey_sites_normalized.csv
NCPMS-36.4416924-128.1706512-논벼,경상북도,상주시,죽전동,논벼,,36.4416924,128.1706512,NCPMS 공식 조사지점·예찰망 위치,아니오,농가명·소유자 위치가 아니라 공식 조사망의 대표 관측 위치입니다.,46,data/processed/ncpms_survey_sites_normalized.csv
NCPMS-35.8680062-128.1826028-논벼,경상북도,성주군,수륜면,논벼,,35.8680062,128.1826028,NCPMS 공식 조사지점·예찰망 위치,아니오,농가명·소유자 위치가 아니라 공식 조사망의 대표 관측 위치입니다.,47,data/processed/ncpms_survey_sites_normalized.csv
NCPMS-36.5806573-128.5622511-논벼,경상북도,안동시,풍산읍,논벼,,36.5806573,128.5622511,NCPMS 공식 조사지점·예찰망 위치,아니오,농가명·소유자 위치가 아니라 공식 조사망의 대표 관측 위치입니다.,48,data/processed/ncpms_survey_sites_normalized.csv
NCPMS-36.3818484-129.3841574-논벼,경상북도,영덕군,강구면,논벼,,36.3818484,129.3841574,NCPMS 공식 조사지점·예찰망 위치,아니오,농가명·소유자 위치가 아니라 공식 조사망의 대표 관측 위치입니다.,49,data/processed/ncpms_survey_sites_normalized.csv
NCPMS-36.6637160-129.1385723-논벼,경상북도,영양군,영양읍,논벼,,36.663716,129.1385723,NCPMS 공식 조사지점·예찰망 위치,아니오,농가명·소유자 위치가 아니라 공식 조사망의 대표 관측 위치입니다.,50,data/processed/ncpms_survey_sites_normalized.csv
NCPMS-36.8399245-128.5670988-논벼,경상북도,영주시,안정면,논벼,,36.8399245,128.5670988,NCPMS 공식 조사지점·예찰망 위치,아니오,농가명·소유자 위치가 아니라 공식 조사망의 대표 관측 위치입니다.,51,data/processed/ncpms_survey_sites_normalized.csv
NCPMS-35.9500412-128.9311480-논벼,경상북도,영천시,금노동,논벼,,35.9500412,128.931148,NCPMS 공식 조사지점·예찰망 위치,아니오,농가명·소유자 위치가 아니라 공식 조사망의 대표 관측 위치입니다.,52,data/processed/ncpms_survey_sites_normalized.csv
NCPMS-36.6794323-128.4606975-논벼,경상북도,예천군,예천읍,논벼,,36.6794323,128.4606975,NCPMS 공식 조사지점·예찰망 위치,아니오,농가명·소유자 위치가 아니라 공식 조사망의 대표 관측 위치입니다.,53,data/processed/ncpms_survey_sites_normalized.csv
NCPMS-36.9164030-129.3791640-논벼,경상북도,울진군,,논벼,,36.916403,129.379164,NCPMS 공식 조사지점·예찰망 위치,아니오,농가명·소유자 위치가 아니라 공식 조사망의 대표 관측 위치입니다.,54,data/processed/ncpms_survey_sites_normalized.csv
NCPMS-36.3214745-128.6496649-논벼,경상북도,의성군,봉양면,논벼,,36.3214745,128.6496649,NCPMS 공식 조사지점·예찰망 위치,아니오,농가명·소유자 위치가 아니라 공식 조사망의 대표 관측 위치입니다.,55,data/processed/ncpms_survey_sites_normalized.csv
NCPMS-35.6645315-128.6856890-논벼,경상북도,청도군,화양읍,논벼,,35.6645315,128.685689,NCPMS 공식 조사지점·예찰망 위치,아니오,농가명·소유자 위치가 아니라 공식 조사망의 대표 관측 위치입니다.,56,data/processed/ncpms_survey_sites_normalized.csv
NCPMS-36.3930382-129.0949865-논벼,경상북도,청송군,청송읍,논벼,,36.3930382,129.0949865,NCPMS 공식 조사지점·예찰망 위치,아니오,농가명·소유자 위치가 아니라 공식 조사망의 대표 관측 위치입니다.,57,data/processed/ncpms_survey_sites_normalized.csv
NCPMS-36.0397802-128.3822918-논벼,경상북도,칠곡군,약목면,논벼,,36.0397802,128.3822918,NCPMS 공식 조사지점·예찰망 위치,아니오,농가명·소유자 위치가 아니라 공식 조사망의 대표 관측 위치입니다.,58,data/processed/ncpms_survey_sites_normalized.csv
NCPMS-36.1309672-129.3588752-논벼,경상북도,포항시,,논벼,,36.1309672,129.3588752,NCPMS 공식 조사지점·예찰망 위치,아니오,농가명·소유자 위치가 아니라 공식 조사망의 대표 관측 위치입니다.,59,data/processed/ncpms_survey_sites_normalized.csv
NCPMS-35.1205805-126.7558521-논벼,광주광역시,광산구,연산동,논벼,,35.1205805,126.7558521,NCPMS 공식 조사지점·예찰망 위치,아니오,농가명·소유자 위치가 아니라 공식 조사망의 대표 관측 위치입니다.,60,data/processed/ncpms_survey_sites_normalized.csv
NCPMS-36.2040355-128.5670302-논벼,대구광역시,군위군,군위읍,논벼,,36.2040355,128.5670302,NCPMS 공식 조사지점·예찰망 위치,아니오,농가명·소유자 위치가 아니라 공식 조사망의 대표 관측 위치입니다.,61,data/processed/ncpms_survey_sites_normalized.csv
NCPMS-36.5634139-127.2983837-논벼,세종특별자치시,세종시,연서면,논벼,,36.5634139,127.2983837,NCPMS 공식 조사지점·예찰망 위치,아니오,농가명·소유자 위치가 아니라 공식 조사망의 대표 관측 위치입니다.,62,data/processed/ncpms_survey_sites_normalized.csv
NCPMS-35.5239152-129.2660742-논벼,울산광역시,울주군,,논벼,,35.5239152,129.2660742,NCPMS 공식 조사지점·예찰망 위치,아니오,농가명·소유자 위치가 아니라 공식 조사망의 대표 관측 위치입니다.,63,data/processed/ncpms_survey_sites_normalized.csv
NCPMS-37.7022245-126.4718294-논벼,인천광역시,강화군,선원면,논벼,,37.7022245,126.4718294,NCPMS 공식 조사지점·예찰망 위치,아니오,농가명·소유자 위치가 아니라 공식 조사망의 대표 관측 위치입니다.,64,data/processed/ncpms_survey_sites_normalized.csv
NCPMS-37.9472463-124.6793969-논벼,인천광역시,옹진군,백령면,논벼,,37.9472463,124.6793969,NCPMS 공식 조사지점·예찰망 위치,아니오,농가명·소유자 위치가 아니라 공식 조사망의 대표 관측 위치입니다.,65,data/processed/ncpms_survey_sites_normalized.csv
NCPMS-34.6438337-126.7909780-논벼,전라남도,강진군,군동면,논벼,,34.6438337,126.790978,NCPMS 공식 조사지점·예찰망 위치,아니오,농가명·소유자 위치가 아니라 공식 조사망의 대표 관측 위치입니다.,66,data/processed/ncpms_survey_sites_normalized.csv
NCPMS-35.2736914-127.3034437-논벼,전라남도,곡성군,오곡면,논벼,,35.2736914,127.3034437,NCPMS 공식 조사지점·예찰망 위치,아니오,농가명·소유자 위치가 아니라 공식 조사망의 대표 관측 위치입니다.,67,data/processed/ncpms_survey_sites_normalized.csv
NCPMS-34.9901332-127.5783185-논벼,전라남도,광양시,봉강면,논벼,,34.9901332,127.5783185,NCPMS 공식 조사지점·예찰망 위치,아니오,농가명·소유자 위치가 아니라 공식 조사망의 대표 관측 위치입니다.,68,data/processed/ncpms_survey_sites_normalized.csv
NCPMS-35.2393818-127.4422307-논벼,전라남도,구례군,용방면,논벼,,35.2393818,127.4422307,NCPMS 공식 조사지점·예찰망 위치,아니오,농가명·소유자 위치가 아니라 공식 조사망의 대표 관측 위치입니다.,69,data/processed/ncpms_survey_sites_normalized.csv
NCPMS-34.9659488-126.6713801-논벼,전라남도,나주시,왕곡면,논벼,,34.9659488,126.6713801,NCPMS 공식 조사지점·예찰망 위치,아니오,농가명·소유자 위치가 아니라 공식 조사망의 대표 관측 위치입니다.,70,data/processed/ncpms_survey_sites_normalized.csv
NCPMS-35.3100055-126.9734122-논벼,전라남도,담양군,담양읍,논벼,,35.3100055,126.9734122,NCPMS 공식 조사지점·예찰망 위치,아니오,농가명·소유자 위치가 아니라 공식 조사망의 대표 관측 위치입니다.,71,data/processed/ncpms_survey_sites_normalized.csv
NCPMS-34.9961913-126.4818734-논벼,전라남도,무안군,무안읍,논벼,,34.9961913,126.4818734,NCPMS 공식 조사지점·예찰망 위치,아니오,농가명·소유자 위치가 아니라 공식 조사망의 대표 관측 위치입니다.,72,data/processed/ncpms_survey_sites_normalized.csv
NCPMS-34.7653346-127.0947895-논벼,전라남도,보성군,보성읍,논벼,,34.7653346,127.0947895,NCPMS 공식 조사지점·예찰망 위치,아니오,농가명·소유자 위치가 아니라 공식 조사망의 대표 관측 위치입니다.,73,data/processed/ncpms_survey_sites_normalized.csv
NCPMS-35.0578090-127.2821034-논벼,전라남도,순천시,주암면,논벼,,35.057809,127.2821034,NCPMS 공식 조사지점·예찰망 위치,아니오,농가명·소유자 위치가 아니라 공식 조사망의 대표 관측 위치입니다.,74,data/processed/ncpms_survey_sites_normalized.csv
NCPMS-34.8459484-126.3575552-논벼,전라남도,신안군,압해읍,논벼,,34.8459484,126.3575552,NCPMS 공식 조사지점·예찰망 위치,아니오,농가명·소유자 위치가 아니라 공식 조사망의 대표 관측 위치입니다.,75,data/processed/ncpms_survey_sites_normalized.csv
NCPMS-34.8313650-127.6133750-논벼,전라남도,여수시,소라면,논벼,,34.831365,127.613375,NCPMS 공식 조사지점·예찰망 위치,아니오,농가명·소유자 위치가 아니라 공식 조사망의 대표 관측 위치입니다.,76,data/processed/ncpms_survey_sites_normalized.csv
NCPMS-34.3045153-126.7243077-논벼,전라남도,완도군,완도읍,논벼,,34.3045153,126.7243077,NCPMS 공식 조사지점·예찰망 위치,아니오,농가명·소유자 위치가 아니라 공식 조사망의 대표 관측 위치입니다.,77,data/processed/ncpms_survey_sites_normalized.csv
NCPMS-35.3182236-126.7956235-논벼,전라남도,장성군,장성읍,논벼,,35.3182236,126.7956235,NCPMS 공식 조사지점·예찰망 위치,아니오,농가명·소유자 위치가 아니라 공식 조사망의 대표 관측 위치입니다.,78,data/processed/ncpms_survey_sites_normalized.csv
NCPMS-34.6702861-126.9103221-논벼,전라남도,장흥군,장흥읍,논벼,,34.6702861,126.9103221,NCPMS 공식 조사지점·예찰망 위치,아니오,농가명·소유자 위치가 아니라 공식 조사망의 대표 관측 위치입니다.,79,data/processed/ncpms_survey_sites_normalized.csv
NCPMS-34.5057673-126.2826946-논벼,전라남도,진도군,군내면,논벼,,34.5057673,126.2826946,NCPMS 공식 조사지점·예찰망 위치,아니오,농가명·소유자 위치가 아니라 공식 조사망의 대표 관측 위치입니다.,80,data/processed/ncpms_survey_sites_normalized.csv
NCPMS-34.5285558-126.5599801-논벼,전라남도,해남군,삼산면,논벼,,34.5285558,126.5599801,NCPMS 공식 조사지점·예찰망 위치,아니오,농가명·소유자 위치가 아니라 공식 조사망의 대표 관측 위치입니다.,81,data/processed/ncpms_survey_sites_normalized.csv
NCPMS-35.0228631-126.9496642-논벼,전라남도,화순군,능주면,논벼,,35.0228631,126.9496642,NCPMS 공식 조사지점·예찰망 위치,아니오,농가명·소유자 위치가 아니라 공식 조사망의 대표 관측 위치입니다.,82,data/processed/ncpms_survey_sites_normalized.csv
NCPMS-35.4847331-126.7012949-논벼,전라북도,고창군,신림면,논벼,,35.4847331,126.7012949,NCPMS 공식 조사지점·예찰망 위치,아니오,농가명·소유자 위치가 아니라 공식 조사망의 대표 관측 위치입니다.,83,data/processed/ncpms_survey_sites_normalized.csv
NCPMS-35.9818518-127.6437262-논벼,전라북도,무주군,무주읍,논벼,,35.9818518,127.6437262,NCPMS 공식 조사지점·예찰망 위치,아니오,농가명·소유자 위치가 아니라 공식 조사망의 대표 관측 위치입니다.,84,data/processed/ncpms_survey_sites_normalized.csv
NCPMS-35.7426021-126.6810770-논벼,전라북도,부안군,계화면,논벼,,35.7426021,126.681077,NCPMS 공식 조사지점·예찰망 위치,아니오,농가명·소유자 위치가 아니라 공식 조사망의 대표 관측 위치입니다.,85,data/processed/ncpms_survey_sites_normalized.csv
NCPMS-35.3855083-127.1439934-논벼,전라북도,순창군,순창읍,논벼,,35.3855083,127.1439934,NCPMS 공식 조사지점·예찰망 위치,아니오,농가명·소유자 위치가 아니라 공식 조사망의 대표 관측 위치입니다.,86,data/processed/ncpms_survey_sites_normalized.csv
NCPMS-35.9203560-127.0996665-논벼,전라북도,완주군,삼례읍,논벼,,35.920356,127.0996665,NCPMS 공식 조사지점·예찰망 위치,아니오,농가명·소유자 위치가 아니라 공식 조사망의 대표 관측 위치입니다.,87,data/processed/ncpms_survey_sites_normalized.csv
NCPMS-36.0849116-126.9529411-논벼,전라북도,익산시,함열읍,논벼,,36.0849116,126.9529411,NCPMS 공식 조사지점·예찰망 위치,아니오,농가명·소유자 위치가 아니라 공식 조사망의 대표 관측 위치입니다.,88,data/processed/ncpms_survey_sites_normalized.csv
NCPMS-35.6554215-127.2654194-논벼,전라북도,임실군,신평면,논벼,,35.6554215,127.2654194,NCPMS 공식 조사지점·예찰망 위치,아니오,농가명·소유자 위치가 아니라 공식 조사망의 대표 관측 위치입니다.,89,data/processed/ncpms_survey_sites_normalized.csv
NCPMS-35.6375544-127.5121711-논벼,전라북도,장수군,장수읍,논벼,,35.6375544,127.5121711,NCPMS 공식 조사지점·예찰망 위치,아니오,농가명·소유자 위치가 아니라 공식 조사망의 대표 관측 위치입니다.,90,data/processed/ncpms_survey_sites_normalized.csv
NCPMS-35.5884210-126.8792065-논벼,전라북도,정읍시,북면,논벼,,35.588421,126.8792065,NCPMS 공식 조사지점·예찰망 위치,아니오,농가명·소유자 위치가 아니라 공식 조사망의 대표 관측 위치입니다.,91,data/processed/ncpms_survey_sites_normalized.csv
NCPMS-35.7602952-127.4351659-논벼,전라북도,진안군,진안읍,논벼,,35.7602952,127.4351659,NCPMS 공식 조사지점·예찰망 위치,아니오,농가명·소유자 위치가 아니라 공식 조사망의 대표 관측 위치입니다.,92,data/processed/ncpms_survey_sites_normalized.csv
NCPMS-33.3551455-126.2468311-논벼,제주도,제주시,한림읍,논벼,,33.3551455,126.2468311,NCPMS 공식 조사지점·예찰망 위치,아니오,농가명·소유자 위치가 아니라 공식 조사망의 대표 관측 위치입니다.,93,data/processed/ncpms_survey_sites_normalized.csv
NCPMS-36.4877884-127.0962797-논벼,충청남도,공주시,우성면,논벼,,36.4877884,127.0962797,NCPMS 공식 조사지점·예찰망 위치,아니오,농가명·소유자 위치가 아니라 공식 조사망의 대표 관측 위치입니다.,94,data/processed/ncpms_survey_sites_normalized.csv
NCPMS-36.1334284-127.4979449-논벼,충청남도,금산군,군북면,논벼,,36.1334284,127.4979449,NCPMS 공식 조사지점·예찰망 위치,아니오,농가명·소유자 위치가 아니라 공식 조사망의 대표 관측 위치입니다.,95,data/processed/ncpms_survey_sites_normalized.csv
NCPMS-36.3871598-126.5698269-논벼,충청남도,보령시,주교면,논벼,,36.3871598,126.5698269,NCPMS 공식 조사지점·예찰망 위치,아니오,농가명·소유자 위치가 아니라 공식 조사망의 대표 관측 위치입니다.,96,data/processed/ncpms_survey_sites_normalized.csv
NCPMS-36.7730789-126.4816865-논벼,충청남도,서산시,수석동,논벼,,36.7730789,126.4816865,NCPMS 공식 조사지점·예찰망 위치,아니오,농가명·소유자 위치가 아니라 공식 조사망의 대표 관측 위치입니다.,97,data/processed/ncpms_survey_sites_normalized.csv
NCPMS-36.0623936-126.7043983-논벼,충청남도,서천군,마서면,논벼,,36.0623936,126.7043983,NCPMS 공식 조사지점·예찰망 위치,아니오,농가명·소유자 위치가 아니라 공식 조사망의 대표 관측 위치입니다.,98,data/processed/ncpms_survey_sites_normalized.csv
NCPMS-36.8157319-126.9761903-논벼,충청남도,아산시,염치읍,논벼,,36.8157319,126.9761903,NCPMS 공식 조사지점·예찰망 위치,아니오,농가명·소유자 위치가 아니라 공식 조사망의 대표 관측 위치입니다.,99,data/processed/ncpms_survey_sites_normalized.csv
NCPMS-36.6738719-126.7972021-논벼,충청남도,예산군,오가면,논벼,,36.6738719,126.7972021,NCPMS 공식 조사지점·예찰망 위치,아니오,농가명·소유자 위치가 아니라 공식 조사망의 대표 관측 위치입니다.,101,data/processed/ncpms_survey_sites_normalized.csv
NCPMS-36.7547686-126.3443565-논벼,충청남도,태안군,태안읍,논벼,,36.7547686,126.3443565,NCPMS 공식 조사지점·예찰망 위치,아니오,농가명·소유자 위치가 아니라 공식 조사망의 대표 관측 위치입니다.,102,data/processed/ncpms_survey_sites_normalized.csv
NCPMS-36.8134935-127.7772046-논벼,충청북도,괴산군,괴산읍,논벼,,36.8134935,127.7772046,NCPMS 공식 조사지점·예찰망 위치,아니오,농가명·소유자 위치가 아니라 공식 조사망의 대표 관측 위치입니다.,103,data/processed/ncpms_survey_sites_normalized.csv
NCPMS-36.1450645-127.7558429-논벼,충청북도,영동군,양강면,논벼,,36.1450645,127.7558429,NCPMS 공식 조사지점·예찰망 위치,아니오,농가명·소유자 위치가 아니라 공식 조사망의 대표 관측 위치입니다.,104,data/processed/ncpms_survey_sites_normalized.csv
NCPMS-36.3257916-127.7694264-논벼,충청북도,옥천군,청산면,논벼,,36.3257916,127.7694264,NCPMS 공식 조사지점·예찰망 위치,아니오,농가명·소유자 위치가 아니라 공식 조사망의 대표 관측 위치입니다.,105,data/processed/ncpms_survey_sites_normalized.csv
NCPMS-36.9135757-127.7617083-논벼,충청북도,음성군,소이면,논벼,,36.9135757,127.7617083,NCPMS 공식 조사지점·예찰망 위치,아니오,농가명·소유자 위치가 아니라 공식 조사망의 대표 관측 위치입니다.,106,data/processed/ncpms_survey_sites_normalized.csv
NCPMS-37.1608668-128.1754627-논벼,충청북도,제천시,봉양읍,논벼,,37.1608668,128.1754627,NCPMS 공식 조사지점·예찰망 위치,아니오,농가명·소유자 위치가 아니라 공식 조사망의 대표 관측 위치입니다.,107,data/processed/ncpms_survey_sites_normalized.csv
NCPMS-36.8633562-127.4619137-논벼,충청북도,진천군,진천읍,논벼,,36.8633562,127.4619137,NCPMS 공식 조사지점·예찰망 위치,아니오,농가명·소유자 위치가 아니라 공식 조사망의 대표 관측 위치입니다.,108,data/processed/ncpms_survey_sites_normalized.csv
NCPMS-36.5892670-127.5019504-논벼,충청북도,청주시,,논벼,,36.589267,127.5019504,NCPMS 공식 조사지점·예찰망 위치,아니오,농가명·소유자 위치가 아니라 공식 조사망의 대표 관측 위치입니다.,109,data/processed/ncpms_survey_sites_normalized.csv
NCPMS-37.8521013-128.8440776-논벼,강원도,강릉시,연곡면,논벼,,37.8521013,128.8440776,NCPMS 공식 조사지점·예찰망 위치,아니오,농가명·소유자 위치가 아니라 공식 조사망의 대표 관측 위치입니다.,110,data/processed/ncpms_survey_sites_normalized.csv
NCPMS-38.3817161-128.4500343-논벼,강원도,고성군,간성읍,논벼,,38.3817161,128.4500343,NCPMS 공식 조사지점·예찰망 위치,아니오,농가명·소유자 위치가 아니라 공식 조사망의 대표 관측 위치입니다.,111,data/processed/ncpms_survey_sites_normalized.csv
NCPMS-37.1437637-129.2866801-논벼,강원도,삼척시,원덕읍,논벼,,37.1437637,129.2866801,NCPMS 공식 조사지점·예찰망 위치,아니오,농가명·소유자 위치가 아니라 공식 조사망의 대표 관측 위치입니다.,112,data/processed/ncpms_survey_sites_normalized.csv
NCPMS-38.0930535-127.9868616-논벼,강원도,양구군,양구읍,논벼,,38.0930535,127.9868616,NCPMS 공식 조사지점·예찰망 위치,아니오,농가명·소유자 위치가 아니라 공식 조사망의 대표 관측 위치입니다.,113,data/processed/ncpms_survey_sites_normalized.csv
NCPMS-37.4352649-128.6551957-논벼,강원도,정선군,북평면,논벼,,37.4352649,128.6551957,NCPMS 공식 조사지점·예찰망 위치,아니오,농가명·소유자 위치가 아니라 공식 조사망의 대표 관측 위치입니다.,117,data/processed/ncpms_survey_sites_normalized.csv
NCPMS-37.5275086-127.9611557-논벼,강원도,횡성군,공근면,논벼,,37.5275086,127.9611557,NCPMS 공식 조사지점·예찰망 위치,아니오,농가명·소유자 위치가 아니라 공식 조사망의 대표 관측 위치입니다.,122,data/processed/ncpms_survey_sites_normalized.csv
NCPMS-37.6721902-126.6966842-논벼,경기도,고양시,,논벼,,37.6721902,126.6966842,NCPMS 공식 조사지점·예찰망 위치,아니오,농가명·소유자 위치가 아니라 공식 조사망의 대표 관측 위치입니다.,124,data/processed/ncpms_survey_sites_normalized.csv
NCPMS-37.6219488-126.5719836-논벼,경기도,김포시,대곶면,논벼,,37.6219488,126.5719836,NCPMS 공식 조사지점·예찰망 위치,아니오,농가명·소유자 위치가 아니라 공식 조사망의 대표 관측 위치입니다.,125,data/processed/ncpms_survey_sites_normalized.csv
NCPMS-37.5729796-127.2307374-논벼,경기도,남양주시,와부읍,논벼,,37.5729796,127.2307374,NCPMS 공식 조사지점·예찰망 위치,아니오,농가명·소유자 위치가 아니라 공식 조사망의 대표 관측 위치입니다.,126,data/processed/ncpms_survey_sites_normalized.csv
NCPMS-37.4887628-127.5111842-논벼,경기도,양평군,양평읍,논벼,,37.4887628,127.5111842,NCPMS 공식 조사지점·예찰망 위치,아니오,농가명·소유자 위치가 아니라 공식 조사망의 대표 관측 위치입니다.,130,data/processed/ncpms_survey_sites_normalized.csv
NCPMS-37.9350197-126.8624964-논벼,경기도,파주시,파평면,논벼,,37.9350197,126.8624964,NCPMS 공식 조사지점·예찰망 위치,아니오,농가명·소유자 위치가 아니라 공식 조사망의 대표 관측 위치입니다.,135,data/processed/ncpms_survey_sites_normalized.csv
NCPMS-37.0161222-126.9826808-논벼,경기도,평택시,오성면,논벼,,37.0161222,126.9826808,NCPMS 공식 조사지점·예찰망 위치,아니오,농가명·소유자 위치가 아니라 공식 조사망의 대표 관측 위치입니다.,137,data/processed/ncpms_survey_sites_normalized.csv
NCPMS-37.2220000-127.0406121-논벼,경기도,화성시,,논벼,,37.222,127.0406121,NCPMS 공식 조사지점·예찰망 위치,아니오,농가명·소유자 위치가 아니라 공식 조사망의 대표 관측 위치입니다.,140,data/processed/ncpms_survey_sites_normalized.csv
NCPMS-34.8560542-128.5954638-논벼,경상남도,거제시,거제면,논벼,,34.8560542,128.5954638,NCPMS 공식 조사지점·예찰망 위치,아니오,농가명·소유자 위치가 아니라 공식 조사망의 대표 관측 위치입니다.,141,data/processed/ncpms_survey_sites_normalized.csv
NCPMS-34.8250592-127.8873234-논벼,경상남도,남해군,남해읍,논벼,,34.8250592,127.8873234,NCPMS 공식 조사지점·예찰망 위치,아니오,농가명·소유자 위치가 아니라 공식 조사망의 대표 관측 위치입니다.,145,data/processed/ncpms_survey_sites_normalized.csv
NCPMS-35.4476664-128.7575532-논벼,경상남도,밀양시,상남면,논벼,,35.4476664,128.7575532,NCPMS 공식 조사지점·예찰망 위치,아니오,농가명·소유자 위치가 아니라 공식 조사망의 대표 관측 위치입니다.,146,data/processed/ncpms_survey_sites_normalized.csv
NCPMS-35.0596500-128.0747018-논벼,경상남도,사천시,사남면,논벼,,35.05965,128.0747018,NCPMS 공식 조사지점·예찰망 위치,아니오,농가명·소유자 위치가 아니라 공식 조사망의 대표 관측 위치입니다.,147,data/processed/ncpms_survey_sites_normalized.csv
NCPMS-35.3404891-128.9613830-논벼,경상남도,양산시,원동면,논벼,,35.3404891,128.961383,NCPMS 공식 조사지점·예찰망 위치,아니오,농가명·소유자 위치가 아니라 공식 조사망의 대표 관측 위치입니다.,148,data/processed/ncpms_survey_sites_normalized.csv
NCPMS-35.5518054-128.4766163-논벼,경상남도,창녕군,대지면,논벼,,35.5518054,128.4766163,NCPMS 공식 조사지점·예찰망 위치,아니오,농가명·소유자 위치가 아니라 공식 조사망의 대표 관측 위치입니다.,151,data/processed/ncpms_survey_sites_normalized.csv
NCPMS-35.0785783-127.7711425-논벼,경상남도,하동군,적량면,논벼,,35.0785783,127.7711425,NCPMS 공식 조사지점·예찰망 위치,아니오,농가명·소유자 위치가 아니라 공식 조사망의 대표 관측 위치입니다.,153,data/processed/ncpms_survey_sites_normalized.csv
NCPMS-35.2972533-128.3991422-논벼,경상남도,함안군,가야읍,논벼,,35.2972533,128.3991422,NCPMS 공식 조사지점·예찰망 위치,아니오,농가명·소유자 위치가 아니라 공식 조사망의 대표 관측 위치입니다.,154,data/processed/ncpms_survey_sites_normalized.csv
NCPMS-35.5255188-127.7789680-논벼,경상남도,함양군,함양읍,논벼,,35.5255188,127.778968,NCPMS 공식 조사지점·예찰망 위치,아니오,농가명·소유자 위치가 아니라 공식 조사망의 대표 관측 위치입니다.,155,data/processed/ncpms_survey_sites_normalized.csv
NCPMS-35.8796042-129.1861269-논벼,경상북도,경주시,현곡면,논벼,,35.8796042,129.1861269,NCPMS 공식 조사지점·예찰망 위치,아니오,농가명·소유자 위치가 아니라 공식 조사망의 대표 관측 위치입니다.,158,data/processed/ncpms_survey_sites_normalized.csv
NCPMS-36.2313296-128.2883560-논벼,경상북도,구미시,선산읍,논벼,,36.2313296,128.288356,NCPMS 공식 조사지점·예찰망 위치,아니오,농가명·소유자 위치가 아니라 공식 조사망의 대표 관측 위치입니다.,160,data/processed/ncpms_survey_sites_normalized.csv
NCPMS-35.9500274-128.9311440-논벼,경상북도,영천시,금노동,논벼,,35.9500274,128.931144,NCPMS 공식 조사지점·예찰망 위치,아니오,농가명·소유자 위치가 아니라 공식 조사망의 대표 관측 위치입니다.,169,data/processed/ncpms_survey_sites_normalized.csv
NCPMS-35.6663567-128.6897890-논벼,경상북도,청도군,화양읍,논벼,,35.6663567,128.689789,NCPMS 공식 조사지점·예찰망 위치,아니오,농가명·소유자 위치가 아니라 공식 조사망의 대표 관측 위치입니다.,173,data/processed/ncpms_survey_sites_normalized.csv
NCPMS-35.2093158-128.9617468-논벼,부산광역시,강서구,대저1동,논벼,,35.2093158,128.9617468,NCPMS 공식 조사지점·예찰망 위치,아니오,농가명·소유자 위치가 아니라 공식 조사망의 대표 관측 위치입니다.,178,data/processed/ncpms_survey_sites_normalized.csv
NCPMS-35.5233088-129.2653368-논벼,울산광역시,울주군,,논벼,,35.5233088,129.2653368,NCPMS 공식 조사지점·예찰망 위치,아니오,농가명·소유자 위치가 아니라 공식 조사망의 대표 관측 위치입니다.,180,data/processed/ncpms_survey_sites_normalized.csv
NCPMS-37.7022248-126.4718287-논벼,인천광역시,강화군,선원면,논벼,,37.7022248,126.4718287,NCPMS 공식 조사지점·예찰망 위치,아니오,농가명·소유자 위치가 아니라 공식 조사망의 대표 관측 위치입니다.,181,data/processed/ncpms_survey_sites_normalized.csv
NCPMS-34.6440706-126.7911214-논벼,전라남도,강진군,군동면,논벼,,34.6440706,126.7911214,NCPMS 공식 조사지점·예찰망 위치,아니오,농가명·소유자 위치가 아니라 공식 조사망의 대표 관측 위치입니다.,183,data/processed/ncpms_survey_sites_normalized.csv
NCPMS-34.5660475-127.2568001-논벼,전라남도,고흥군,풍양면,논벼,,34.5660475,127.2568001,NCPMS 공식 조사지점·예찰망 위치,아니오,농가명·소유자 위치가 아니라 공식 조사망의 대표 관측 위치입니다.,184,data/processed/ncpms_survey_sites_normalized.csv
NCPMS-34.8459477-126.3575551-논벼,전라남도,신안군,압해읍,논벼,,34.8459477,126.3575551,NCPMS 공식 조사지점·예찰망 위치,아니오,농가명·소유자 위치가 아니라 공식 조사망의 대표 관측 위치입니다.,193,data/processed/ncpms_survey_sites_normalized.csv
NCPMS-35.2902203-126.4479809-논벼,전라남도,영광군,백수읍,논벼,,35.2902203,126.4479809,NCPMS 공식 조사지점·예찰망 위치,아니오,농가명·소유자 위치가 아니라 공식 조사망의 대표 관측 위치입니다.,195,data/processed/ncpms_survey_sites_normalized.csv
NCPMS-34.8237870-126.6721560-논벼,전라남도,영암군,덕진면,논벼,,34.823787,126.672156,NCPMS 공식 조사지점·예찰망 위치,아니오,농가명·소유자 위치가 아니라 공식 조사망의 대표 관측 위치입니다.,196,data/processed/ncpms_survey_sites_normalized.csv
NCPMS-35.0770958-126.5086129-논벼,전라남도,함평군,함평읍,논벼,,35.0770958,126.5086129,NCPMS 공식 조사지점·예찰망 위치,아니오,농가명·소유자 위치가 아니라 공식 조사망의 대표 관측 위치입니다.,201,data/processed/ncpms_survey_sites_normalized.csv
NCPMS-35.9614930-126.7803526-논벼,전라북도,군산시,개정면,논벼,,35.961493,126.7803526,NCPMS 공식 조사지점·예찰망 위치,아니오,농가명·소유자 위치가 아니라 공식 조사망의 대표 관측 위치입니다.,205,data/processed/ncpms_survey_sites_normalized.csv
NCPMS-35.7466978-126.8509900-논벼,전라북도,김제시,부량면,논벼,,35.7466978,126.85099,NCPMS 공식 조사지점·예찰망 위치,아니오,농가명·소유자 위치가 아니라 공식 조사망의 대표 관측 위치입니다.,206,data/processed/ncpms_survey_sites_normalized.csv
NCPMS-35.4259398-127.4379484-논벼,전라북도,남원시,이백면,논벼,,35.4259398,127.4379484,NCPMS 공식 조사지점·예찰망 위치,아니오,농가명·소유자 위치가 아니라 공식 조사망의 대표 관측 위치입니다.,207,data/processed/ncpms_survey_sites_normalized.csv
NCPMS-35.3855083-127.1439937-논벼,전라북도,순창군,순창읍,논벼,,35.3855083,127.1439937,NCPMS 공식 조사지점·예찰망 위치,아니오,농가명·소유자 위치가 아니라 공식 조사망의 대표 관측 위치입니다.,210,data/processed/ncpms_survey_sites_normalized.csv
NCPMS-35.6375549-127.5121711-논벼,전라북도,장수군,장수읍,논벼,,35.6375549,127.5121711,NCPMS 공식 조사지점·예찰망 위치,아니오,농가명·소유자 위치가 아니라 공식 조사망의 대표 관측 위치입니다.,214,data/processed/ncpms_survey_sites_normalized.csv
NCPMS-36.2277784-127.0856509-논벼,충청남도,논산시,광석면,논벼,,36.2277784,127.0856509,NCPMS 공식 조사지점·예찰망 위치,아니오,농가명·소유자 위치가 아니라 공식 조사망의 대표 관측 위치입니다.,220,data/processed/ncpms_survey_sites_normalized.csv
NCPMS-36.2699120-126.8613332-논벼,충청남도,부여군,규암면,논벼,,36.269912,126.8613332,NCPMS 공식 조사지점·예찰망 위치,아니오,농가명·소유자 위치가 아니라 공식 조사망의 대표 관측 위치입니다.,222,data/processed/ncpms_survey_sites_normalized.csv
NCPMS-36.8143898-126.9774032-논벼,충청남도,아산시,염치읍,논벼,,36.8143898,126.9774032,NCPMS 공식 조사지점·예찰망 위치,아니오,농가명·소유자 위치가 아니라 공식 조사망의 대표 관측 위치입니다.,225,data/processed/ncpms_survey_sites_normalized.csv
NCPMS-36.9611559-127.1323624-논벼,충청남도,천안시,,논벼,,36.9611559,127.1323624,NCPMS 공식 조사지점·예찰망 위치,아니오,농가명·소유자 위치가 아니라 공식 조사망의 대표 관측 위치입니다.,228,data/processed/ncpms_survey_sites_normalized.csv
NCPMS-36.4268610-126.7947086-논벼,충청남도,청양군,청양읍,논벼,,36.426861,126.7947086,NCPMS 공식 조사지점·예찰망 위치,아니오,농가명·소유자 위치가 아니라 공식 조사망의 대표 관측 위치입니다.,229,data/processed/ncpms_survey_sites_normalized.csv
NCPMS-36.6031470-126.5797182-논벼,충청남도,홍성군,갈산면,논벼,,36.603147,126.5797182,NCPMS 공식 조사지점·예찰망 위치,아니오,농가명·소유자 위치가 아니라 공식 조사망의 대표 관측 위치입니다.,231,data/processed/ncpms_survey_sites_normalized.csv
NCPMS-36.6031622-126.5794968-논벼,충청남도,홍성군,갈산면,논벼,,36.6031622,126.5794968,NCPMS 공식 조사지점·예찰망 위치,아니오,농가명·소유자 위치가 아니라 공식 조사망의 대표 관측 위치입니다.,232,data/processed/ncpms_survey_sites_normalized.csv
NCPMS-36.5024566-127.7179822-논벼,충청북도,보은군,보은읍,논벼,,36.5024566,127.7179822,NCPMS 공식 조사지점·예찰망 위치,아니오,농가명·소유자 위치가 아니라 공식 조사망의 대표 관측 위치입니다.,234,data/processed/ncpms_survey_sites_normalized.csv
NCPMS-36.5895874-127.5025838-논벼,충청북도,청주시,,논벼,,36.5895874,127.5025838,NCPMS 공식 조사지점·예찰망 위치,아니오,농가명·소유자 위치가 아니라 공식 조사망의 대표 관측 위치입니다.,240,data/processed/ncpms_survey_sites_normalized.csv
NCPMS-36.9502675-127.8972132-논벼,충청북도,충주시,달천동,논벼,,36.9502675,127.8972132,NCPMS 공식 조사지점·예찰망 위치,아니오,농가명·소유자 위치가 아니라 공식 조사망의 대표 관측 위치입니다.,241,data/processed/ncpms_survey_sites_normalized.csv
NCPMS-38.0861270-127.9949327-논벼,강원도,양구군,,논벼,,38.086127,127.9949327,NCPMS 공식 조사지점·예찰망 위치,아니오,농가명·소유자 위치가 아니라 공식 조사망의 대표 관측 위치입니다.,242,data/processed/ncpms_survey_sites_normalized.csv
NCPMS-37.9512289-127.7637475-논벼,강원도,춘천시,신북읍,논벼,,37.9512289,127.7637475,NCPMS 공식 조사지점·예찰망 위치,아니오,농가명·소유자 위치가 아니라 공식 조사망의 대표 관측 위치입니다.,248,data/processed/ncpms_survey_sites_normalized.csv
NCPMS-37.4887618-127.5111827-논벼,경기도,양평군,양평읍,논벼,,37.4887618,127.5111827,NCPMS 공식 조사지점·예찰망 위치,아니오,농가명·소유자 위치가 아니라 공식 조사망의 대표 관측 위치입니다.,257,data/processed/ncpms_survey_sites_normalized.csv
NCPMS-38.0999490-127.2764787-논벼,경기도,포천시,영북면,논벼,,38.099949,127.2764787,NCPMS 공식 조사지점·예찰망 위치,아니오,농가명·소유자 위치가 아니라 공식 조사망의 대표 관측 위치입니다.,263,data/processed/ncpms_survey_sites_normalized.csv
NCPMS-36.6637164-129.1385721-논벼,경상북도,영양군,영양읍,논벼,,36.6637164,129.1385721,NCPMS 공식 조사지점·예찰망 위치,아니오,농가명·소유자 위치가 아니라 공식 조사망의 대표 관측 위치입니다.,290,data/processed/ncpms_survey_sites_normalized.csv
NCPMS-35.6375549-127.5121709-논벼,전라북도,장수군,장수읍,논벼,,35.6375549,127.5121709,NCPMS 공식 조사지점·예찰망 위치,아니오,농가명·소유자 위치가 아니라 공식 조사망의 대표 관측 위치입니다.,332,data/processed/ncpms_survey_sites_normalized.csv
NCPMS-35.2128975-128.8731604-논벼,경상남도,김해시,전하동,논벼,,35.2128975,128.8731604,NCPMS 공식 조사지점·예찰망 위치,아니오,농가명·소유자 위치가 아니라 공식 조사망의 대표 관측 위치입니다.,383,data/processed/ncpms_survey_sites_normalized.csv
NCPMS-35.4062854-127.9001571-논벼,경상남도,산청군,산청읍,논벼,,35.4062854,127.9001571,NCPMS 공식 조사지점·예찰망 위치,아니오,농가명·소유자 위치가 아니라 공식 조사망의 대표 관측 위치입니다.,388,data/processed/ncpms_survey_sites_normalized.csv
NCPMS-35.9377907-126.9928478-논벼,전라북도,익산시,신흥동,논벼,,35.9377907,126.9928478,NCPMS 공식 조사지점·예찰망 위치,아니오,농가명·소유자 위치가 아니라 공식 조사망의 대표 관측 위치입니다.,455,data/processed/ncpms_survey_sites_normalized.csv
NCPMS-36.7268632-127.4629915-논벼,충청북도,청주시,,논벼,,36.7268632,127.4629915,NCPMS 공식 조사지점·예찰망 위치,아니오,농가명·소유자 위치가 아니라 공식 조사망의 대표 관측 위치입니다.,482,data/processed/ncpms_survey_sites_normalized.csv
NCPMS-36.5487845-127.5079486-논벼,충청북도,청주시,,논벼,,36.5487845,127.5079486,NCPMS 공식 조사지점·예찰망 위치,아니오,농가명·소유자 위치가 아니라 공식 조사망의 대표 관측 위치입니다.,483,data/processed/ncpms_survey_sites_normalized.csv
NCPMS-37.2953161-127.9152514-논벼,강원도,원주시,흥업면,논벼,,37.2953161,127.9152514,NCPMS 공식 조사지점·예찰망 위치,아니오,농가명·소유자 위치가 아니라 공식 조사망의 대표 관측 위치입니다.,487,data/processed/ncpms_survey_sites_normalized.csv
NCPMS-37.1805876-127.2994283-논벼,경기도,용인시,,논벼,,37.1805876,127.2994283,NCPMS 공식 조사지점·예찰망 위치,아니오,농가명·소유자 위치가 아니라 공식 조사망의 대표 관측 위치입니다.,503,data/processed/ncpms_survey_sites_normalized.csv
NCPMS-37.2027741-127.4403802-논벼,경기도,이천시,호법면,논벼,,37.2027741,127.4403802,NCPMS 공식 조사지점·예찰망 위치,아니오,농가명·소유자 위치가 아니라 공식 조사망의 대표 관측 위치입니다.,504,data/processed/ncpms_survey_sites_normalized.csv
NCPMS-34.8161090-128.6125486-논벼,경상남도,거제시,동부면,논벼,,34.816109,128.6125486,NCPMS 공식 조사지점·예찰망 위치,아니오,농가명·소유자 위치가 아니라 공식 조사망의 대표 관측 위치입니다.,509,data/processed/ncpms_survey_sites_normalized.csv
NCPMS-35.0596506-128.0747018-논벼,경상남도,사천시,사남면,논벼,,35.0596506,128.0747018,NCPMS 공식 조사지점·예찰망 위치,아니오,농가명·소유자 위치가 아니라 공식 조사망의 대표 관측 위치입니다.,515,data/processed/ncpms_survey_sites_normalized.csv
NCPMS-35.6983508-128.2828570-논벼,경상북도,고령군,,논벼,,35.6983508,128.282857,NCPMS 공식 조사지점·예찰망 위치,아니오,농가명·소유자 위치가 아니라 공식 조사망의 대표 관측 위치입니다.,525,data/processed/ncpms_survey_sites_normalized.csv
NCPMS-35.0250035-126.8204219-논벼,전라남도,나주시,산포면,논벼,,35.0250035,126.8204219,NCPMS 공식 조사지점·예찰망 위치,아니오,농가명·소유자 위치가 아니라 공식 조사망의 대표 관측 위치입니다.,554,data/processed/ncpms_survey_sites_normalized.csv
NCPMS-37.6104727-127.1824410-논벼,경기도,남양주시,일패동,논벼,,37.6104727,127.182441,NCPMS 공식 조사지점·예찰망 위치,아니오,농가명·소유자 위치가 아니라 공식 조사망의 대표 관측 위치입니다.,611,data/processed/ncpms_survey_sites_normalized.csv
NCPMS-37.2739020-126.9884003-논벼,경기도,수원시,,논벼,,37.273902,126.9884003,NCPMS 공식 조사지점·예찰망 위치,아니오,농가명·소유자 위치가 아니라 공식 조사망의 대표 관측 위치입니다.,612,data/processed/ncpms_survey_sites_normalized.csv
NCPMS-37.8382966-126.9901365-논벼,경기도,양주시,광적면,논벼,,37.8382966,126.9901365,NCPMS 공식 조사지점·예찰망 위치,아니오,농가명·소유자 위치가 아니라 공식 조사망의 대표 관측 위치입니다.,615,data/processed/ncpms_survey_sites_normalized.csv
NCPMS-34.8587650-128.5813384-논벼,경상남도,거제시,거제면,논벼,,34.858765,128.5813384,NCPMS 공식 조사지점·예찰망 위치,아니오,농가명·소유자 위치가 아니라 공식 조사망의 대표 관측 위치입니다.,626,data/processed/ncpms_survey_sites_normalized.csv
NCPMS-36.2699125-126.8613333-논벼,충청남도,부여군,규암면,논벼,,36.2699125,126.8613333,NCPMS 공식 조사지점·예찰망 위치,아니오,농가명·소유자 위치가 아니라 공식 조사망의 대표 관측 위치입니다.,712,data/processed/ncpms_survey_sites_normalized.csv
NCPMS-34.8361875-128.6004596-논벼,경상남도,거제시,거제면,논벼,,34.8361875,128.6004596,NCPMS 공식 조사지점·예찰망 위치,아니오,농가명·소유자 위치가 아니라 공식 조사망의 대표 관측 위치입니다.,758,data/processed/ncpms_survey_sites_normalized.csv
NCPMS-34.8867728-128.4916979-논벼,경상남도,거제시,사등면,논벼,,34.8867728,128.4916979,NCPMS 공식 조사지점·예찰망 위치,아니오,농가명·소유자 위치가 아니라 공식 조사망의 대표 관측 위치입니다.,760,data/processed/ncpms_survey_sites_normalized.csv
NCPMS-35.3404895-128.9613817-논벼,경상남도,양산시,원동면,논벼,,35.3404895,128.9613817,NCPMS 공식 조사지점·예찰망 위치,아니오,농가명·소유자 위치가 아니라 공식 조사망의 대표 관측 위치입니다.,767,data/processed/ncpms_survey_sites_normalized.csv
NCPMS-35.0225284-126.8316515-논벼,전라남도,나주시,산포면,논벼,,35.0225284,126.8316515,NCPMS 공식 조사지점·예찰망 위치,아니오,농가명·소유자 위치가 아니라 공식 조사망의 대표 관측 위치입니다.,808,data/processed/ncpms_survey_sites_normalized.csv
NCPMS-36.4932690-127.0967392-논벼,충청남도,공주시,우성면,논벼,,36.493269,127.0967392,NCPMS 공식 조사지점·예찰망 위치,아니오,농가명·소유자 위치가 아니라 공식 조사망의 대표 관측 위치입니다.,828,data/processed/ncpms_survey_sites_normalized.csv
NCPMS-36.0834930-126.7358535-논벼,충청남도,서천군,서천읍,논벼,,36.083493,126.7358535,NCPMS 공식 조사지점·예찰망 위치,아니오,농가명·소유자 위치가 아니라 공식 조사망의 대표 관측 위치입니다.,833,data/processed/ncpms_survey_sites_normalized.csv
NCPMS-34.8588065-128.5814804-논벼,경상남도,거제시,거제면,논벼,,34.8588065,128.5814804,NCPMS 공식 조사지점·예찰망 위치,아니오,농가명·소유자 위치가 아니라 공식 조사망의 대표 관측 위치입니다.,873,data/processed/ncpms_survey_sites_normalized.csv
NCPMS-35.5136806-127.7911885-논벼,경상남도,함양군,유림면,논벼,,35.5136806,127.7911885,NCPMS 공식 조사지점·예찰망 위치,아니오,농가명·소유자 위치가 아니라 공식 조사망의 대표 관측 위치입니다.,889,data/processed/ncpms_survey_sites_normalized.csv
NCPMS-36.4269801-126.7947049-논벼,충청남도,청양군,청양읍,논벼,,36.4269801,126.7947049,NCPMS 공식 조사지점·예찰망 위치,아니오,농가명·소유자 위치가 아니라 공식 조사망의 대표 관측 위치입니다.,967,data/processed/ncpms_survey_sites_normalized.csv
NCPMS-37.0394957-128.3095125-논벼,충청북도,단양군,매포읍,논벼,,37.0394957,128.3095125,NCPMS 공식 조사지점·예찰망 위치,아니오,농가명·소유자 위치가 아니라 공식 조사망의 대표 관측 위치입니다.,972,data/processed/ncpms_survey_sites_normalized.csv
NCPMS-37.8521068-128.8440776-논벼,강원도,강릉시,연곡면,논벼,,37.8521068,128.8440776,NCPMS 공식 조사지점·예찰망 위치,아니오,농가명·소유자 위치가 아니라 공식 조사망의 대표 관측 위치입니다.,981,data/processed/ncpms_survey_sites_normalized.csv
NCPMS-38.3783333-128.4666667-논벼,강원도,고성군,간성읍,논벼,,38.3783333,128.4666667,NCPMS 공식 조사지점·예찰망 위치,아니오,농가명·소유자 위치가 아니라 공식 조사망의 대표 관측 위치입니다.,982,data/processed/ncpms_survey_sites_normalized.csv
NCPMS-37.1412476-129.2872332-논벼,강원도,삼척시,원덕읍,논벼,,37.1412476,129.2872332,NCPMS 공식 조사지점·예찰망 위치,아니오,농가명·소유자 위치가 아니라 공식 조사망의 대표 관측 위치입니다.,983,data/processed/ncpms_survey_sites_normalized.csv
NCPMS-38.1967487-128.5762862-논벼,강원도,속초시,교동,논벼,,38.1967487,128.5762862,NCPMS 공식 조사지점·예찰망 위치,아니오,농가명·소유자 위치가 아니라 공식 조사망의 대표 관측 위치입니다.,984,data/processed/ncpms_survey_sites_normalized.csv
NCPMS-38.0860445-127.9947538-논벼,강원도,양구군,남면,논벼,,38.0860445,127.9947538,NCPMS 공식 조사지점·예찰망 위치,아니오,농가명·소유자 위치가 아니라 공식 조사망의 대표 관측 위치입니다.,985,data/processed/ncpms_survey_sites_normalized.csv
NCPMS-37.2953720-127.9152469-논벼,강원도,원주시,흥업면,논벼,,37.295372,127.9152469,NCPMS 공식 조사지점·예찰망 위치,아니오,농가명·소유자 위치가 아니라 공식 조사망의 대표 관측 위치입니다.,987,data/processed/ncpms_survey_sites_normalized.csv
NCPMS-38.0870944-128.1965005-논벼,강원도,인제군,인제읍,논벼,,38.0870944,128.1965005,NCPMS 공식 조사지점·예찰망 위치,아니오,농가명·소유자 위치가 아니라 공식 조사망의 대표 관측 위치입니다.,988,data/processed/ncpms_survey_sites_normalized.csv
NCPMS-37.4352703-128.6551997-논벼,강원도,정선군,북평면,논벼,,37.4352703,128.6551997,NCPMS 공식 조사지점·예찰망 위치,아니오,농가명·소유자 위치가 아니라 공식 조사망의 대표 관측 위치입니다.,989,data/processed/ncpms_survey_sites_normalized.csv
NCPMS-38.2016667-127.2500000-논벼,강원도,철원군,동송읍,논벼,,38.2016667,127.25,NCPMS 공식 조사지점·예찰망 위치,아니오,농가명·소유자 위치가 아니라 공식 조사망의 대표 관측 위치입니다.,991,data/processed/ncpms_survey_sites_normalized.csv
NCPMS-37.9339875-127.7532237-논벼,강원도,춘천시,신북읍,논벼,,37.9339875,127.7532237,NCPMS 공식 조사지점·예찰망 위치,아니오,농가명·소유자 위치가 아니라 공식 조사망의 대표 관측 위치입니다.,992,data/processed/ncpms_survey_sites_normalized.csv
NCPMS-37.9044807-127.7336931-논벼,강원도,춘천시,신사우동,논벼,,37.9044807,127.7336931,NCPMS 공식 조사지점·예찰망 위치,아니오,농가명·소유자 위치가 아니라 공식 조사망의 대표 관측 위치입니다.,993,data/processed/ncpms_survey_sites_normalized.csv
NCPMS-37.7058333-127.8588889-논벼,강원도,홍천군,북방면,논벼,,37.7058333,127.8588889,NCPMS 공식 조사지점·예찰망 위치,아니오,농가명·소유자 위치가 아니라 공식 조사망의 대표 관측 위치입니다.,994,data/processed/ncpms_survey_sites_normalized.csv
NCPMS-38.1072222-127.6966667-논벼,강원도,화천군,화천읍,논벼,,38.1072222,127.6966667,NCPMS 공식 조사지점·예찰망 위치,아니오,농가명·소유자 위치가 아니라 공식 조사망의 대표 관측 위치입니다.,995,data/processed/ncpms_survey_sites_normalized.csv
NCPMS-37.5273816-127.9614772-논벼,강원도,횡성군,공근면,논벼,,37.5273816,127.9614772,NCPMS 공식 조사지점·예찰망 위치,아니오,농가명·소유자 위치가 아니라 공식 조사망의 대표 관측 위치입니다.,996,data/processed/ncpms_survey_sites_normalized.csv
NCPMS-37.8508045-127.5045314-논벼,경기도,가평군,가평읍,논벼,,37.8508045,127.5045314,NCPMS 공식 조사지점·예찰망 위치,아니오,농가명·소유자 위치가 아니라 공식 조사망의 대표 관측 위치입니다.,997,data/processed/ncpms_survey_sites_normalized.csv
NCPMS-37.6721745-126.6967745-논벼,경기도,고양시,송산동,논벼,,37.6721745,126.6967745,NCPMS 공식 조사지점·예찰망 위치,아니오,농가명·소유자 위치가 아니라 공식 조사망의 대표 관측 위치입니다.,998,data/processed/ncpms_survey_sites_normalized.csv
NCPMS-37.6219514-126.5719817-논벼,경기도,김포시,대곶면,논벼,,37.6219514,126.5719817,NCPMS 공식 조사지점·예찰망 위치,아니오,농가명·소유자 위치가 아니라 공식 조사망의 대표 관측 위치입니다.,999,data/processed/ncpms_survey_sites_normalized.csv
NCPMS-37.6104172-127.1826058-논벼,경기도,남양주시,양정동,논벼,,37.6104172,127.1826058,NCPMS 공식 조사지점·예찰망 위치,아니오,농가명·소유자 위치가 아니라 공식 조사망의 대표 관측 위치입니다.,1000,data/processed/ncpms_survey_sites_normalized.csv
NCPMS-37.2501486-126.9631223-논벼,경기도,수원시,,논벼,,37.2501486,126.9631223,NCPMS 공식 조사지점·예찰망 위치,아니오,농가명·소유자 위치가 아니라 공식 조사망의 대표 관측 위치입니다.,1001,data/processed/ncpms_survey_sites_normalized.csv
NCPMS-37.4075602-126.8004498-논벼,경기도,시흥시,하중동,논벼,,37.4075602,126.8004498,NCPMS 공식 조사지점·예찰망 위치,아니오,농가명·소유자 위치가 아니라 공식 조사망의 대표 관측 위치입니다.,1002,data/processed/ncpms_survey_sites_normalized.csv
NCPMS-37.0148415-127.3031784-논벼,경기도,안성시,보개면,논벼,,37.0148415,127.3031784,NCPMS 공식 조사지점·예찰망 위치,아니오,농가명·소유자 위치가 아니라 공식 조사망의 대표 관측 위치입니다.,1003,data/processed/ncpms_survey_sites_normalized.csv
NCPMS-37.8382971-126.9901386-논벼,경기도,양주시,광적면,논벼,,37.8382971,126.9901386,NCPMS 공식 조사지점·예찰망 위치,아니오,농가명·소유자 위치가 아니라 공식 조사망의 대표 관측 위치입니다.,1004,data/processed/ncpms_survey_sites_normalized.csv
NCPMS-37.4886960-127.5108399-논벼,경기도,양평군,양평읍,논벼,,37.488696,127.5108399,NCPMS 공식 조사지점·예찰망 위치,아니오,농가명·소유자 위치가 아니라 공식 조사망의 대표 관측 위치입니다.,1005,data/processed/ncpms_survey_sites_normalized.csv
NCPMS-37.2344966-127.6425291-논벼,경기도,여주시,오학동,논벼,,37.2344966,127.6425291,NCPMS 공식 조사지점·예찰망 위치,아니오,농가명·소유자 위치가 아니라 공식 조사망의 대표 관측 위치입니다.,1006,data/processed/ncpms_survey_sites_normalized.csv
NCPMS-38.0576713-127.0713631-논벼,경기도,연천군,전곡읍,논벼,,38.0576713,127.0713631,NCPMS 공식 조사지점·예찰망 위치,아니오,농가명·소유자 위치가 아니라 공식 조사망의 대표 관측 위치입니다.,1007,data/processed/ncpms_survey_sites_normalized.csv
NCPMS-37.1805735-127.2994263-논벼,경기도,용인시,원삼면,논벼,,37.1805735,127.2994263,NCPMS 공식 조사지점·예찰망 위치,아니오,농가명·소유자 위치가 아니라 공식 조사망의 대표 관측 위치입니다.,1008,data/processed/ncpms_survey_sites_normalized.csv
NCPMS-37.2027729-127.4403851-논벼,경기도,이천시,호법면,논벼,,37.2027729,127.4403851,NCPMS 공식 조사지점·예찰망 위치,아니오,농가명·소유자 위치가 아니라 공식 조사망의 대표 관측 위치입니다.,1009,data/processed/ncpms_survey_sites_normalized.csv
NCPMS-37.9350188-126.8624967-논벼,경기도,파주시,파평면,논벼,,37.9350188,126.8624967,NCPMS 공식 조사지점·예찰망 위치,아니오,농가명·소유자 위치가 아니라 공식 조사망의 대표 관측 위치입니다.,1010,data/processed/ncpms_survey_sites_normalized.csv
NCPMS-37.0136855-126.9805109-논벼,경기도,평택시,오성면,논벼,,37.0136855,126.9805109,NCPMS 공식 조사지점·예찰망 위치,아니오,농가명·소유자 위치가 아니라 공식 조사망의 대표 관측 위치입니다.,1011,data/processed/ncpms_survey_sites_normalized.csv
NCPMS-37.9269833-127.2229313-논벼,경기도,포천시,신북면,논벼,,37.9269833,127.2229313,NCPMS 공식 조사지점·예찰망 위치,아니오,농가명·소유자 위치가 아니라 공식 조사망의 대표 관측 위치입니다.,1012,data/processed/ncpms_survey_sites_normalized.csv
NCPMS-37.2238885-127.0402209-논벼,경기도,화성시,진안동,논벼,,37.2238885,127.0402209,NCPMS 공식 조사지점·예찰망 위치,아니오,농가명·소유자 위치가 아니라 공식 조사망의 대표 관측 위치입니다.,1013,data/processed/ncpms_survey_sites_normalized.csv
NCPMS-37.1538309-126.9057506-논벼,경기도,화성시,팔탄면,논벼,,37.1538309,126.9057506,NCPMS 공식 조사지점·예찰망 위치,아니오,농가명·소유자 위치가 아니라 공식 조사망의 대표 관측 위치입니다.,1014,data/processed/ncpms_survey_sites_normalized.csv
NCPMS-34.8587654-128.5813382-논벼,경상남도,거제시,거제면,논벼,,34.8587654,128.5813382,NCPMS 공식 조사지점·예찰망 위치,아니오,농가명·소유자 위치가 아니라 공식 조사망의 대표 관측 위치입니다.,1015,data/processed/ncpms_survey_sites_normalized.csv
NCPMS-35.6767267-127.9225294-논벼,경상남도,거창군,거창읍,논벼,,35.6767267,127.9225294,NCPMS 공식 조사지점·예찰망 위치,아니오,농가명·소유자 위치가 아니라 공식 조사망의 대표 관측 위치입니다.,1016,data/processed/ncpms_survey_sites_normalized.csv
NCPMS-34.9904459-128.3309644-논벼,경상남도,고성군,고성읍,논벼,,34.9904459,128.3309644,NCPMS 공식 조사지점·예찰망 위치,아니오,농가명·소유자 위치가 아니라 공식 조사망의 대표 관측 위치입니다.,1017,data/processed/ncpms_survey_sites_normalized.csv
NCPMS-35.2140738-128.8706697-논벼,경상남도,김해시,칠산서부동,논벼,,35.2140738,128.8706697,NCPMS 공식 조사지점·예찰망 위치,아니오,농가명·소유자 위치가 아니라 공식 조사망의 대표 관측 위치입니다.,1018,data/processed/ncpms_survey_sites_normalized.csv
NCPMS-34.8250590-127.8873236-논벼,경상남도,남해군,남해읍,논벼,,34.825059,127.8873236,NCPMS 공식 조사지점·예찰망 위치,아니오,농가명·소유자 위치가 아니라 공식 조사망의 대표 관측 위치입니다.,1019,data/processed/ncpms_survey_sites_normalized.csv
NCPMS-35.0375789-128.0672665-논벼,경상남도,사천시,용현면,논벼,,35.0375789,128.0672665,NCPMS 공식 조사지점·예찰망 위치,아니오,농가명·소유자 위치가 아니라 공식 조사망의 대표 관측 위치입니다.,1021,data/processed/ncpms_survey_sites_normalized.csv
NCPMS-35.3991857-127.9198283-논벼,경상남도,산청군,산청읍,논벼,,35.3991857,127.9198283,NCPMS 공식 조사지점·예찰망 위치,아니오,농가명·소유자 위치가 아니라 공식 조사망의 대표 관측 위치입니다.,1022,data/processed/ncpms_survey_sites_normalized.csv
NCPMS-35.3323669-128.2019311-논벼,경상남도,의령군,칠곡면,논벼,,35.3323669,128.2019311,NCPMS 공식 조사지점·예찰망 위치,아니오,농가명·소유자 위치가 아니라 공식 조사망의 대표 관측 위치입니다.,1024,data/processed/ncpms_survey_sites_normalized.csv
NCPMS-35.1141926-128.1818299-논벼,경상남도,진주시,금곡면,논벼,,35.1141926,128.1818299,NCPMS 공식 조사지점·예찰망 위치,아니오,농가명·소유자 위치가 아니라 공식 조사망의 대표 관측 위치입니다.,1025,data/processed/ncpms_survey_sites_normalized.csv
NCPMS-35.5511238-128.4778016-논벼,경상남도,창녕군,대지면,논벼,,35.5511238,128.4778016,NCPMS 공식 조사지점·예찰망 위치,아니오,농가명·소유자 위치가 아니라 공식 조사망의 대표 관측 위치입니다.,1026,data/processed/ncpms_survey_sites_normalized.csv
NCPMS-35.3425955-128.7072828-논벼,경상남도,창원시,대산면,논벼,,35.3425955,128.7072828,NCPMS 공식 조사지점·예찰망 위치,아니오,농가명·소유자 위치가 아니라 공식 조사망의 대표 관측 위치입니다.,1027,data/processed/ncpms_survey_sites_normalized.csv
NCPMS-35.0796385-127.7710127-논벼,경상남도,하동군,적량면,논벼,,35.0796385,127.7710127,NCPMS 공식 조사지점·예찰망 위치,아니오,농가명·소유자 위치가 아니라 공식 조사망의 대표 관측 위치입니다.,1028,data/processed/ncpms_survey_sites_normalized.csv
NCPMS-35.2936324-128.3988713-논벼,경상남도,함안군,가야읍,논벼,,35.2936324,128.3988713,NCPMS 공식 조사지점·예찰망 위치,아니오,농가명·소유자 위치가 아니라 공식 조사망의 대표 관측 위치입니다.,1029,data/processed/ncpms_survey_sites_normalized.csv
NCPMS-35.5255198-127.7789668-논벼,경상남도,함양군,함양읍,논벼,,35.5255198,127.7789668,NCPMS 공식 조사지점·예찰망 위치,아니오,농가명·소유자 위치가 아니라 공식 조사망의 대표 관측 위치입니다.,1030,data/processed/ncpms_survey_sites_normalized.csv
NCPMS-35.5521029-128.1124206-논벼,경상남도,합천군,용주면,논벼,,35.5521029,128.1124206,NCPMS 공식 조사지점·예찰망 위치,아니오,농가명·소유자 위치가 아니라 공식 조사망의 대표 관측 위치입니다.,1031,data/processed/ncpms_survey_sites_normalized.csv
NCPMS-35.8185705-128.8110898-논벼,경상북도,경산시,자인면,논벼,,35.8185705,128.8110898,NCPMS 공식 조사지점·예찰망 위치,아니오,농가명·소유자 위치가 아니라 공식 조사망의 대표 관측 위치입니다.,1032,data/processed/ncpms_survey_sites_normalized.csv
NCPMS-35.8796039-129.1861289-논벼,경상북도,경주시,현곡면,논벼,,35.8796039,129.1861289,NCPMS 공식 조사지점·예찰망 위치,아니오,농가명·소유자 위치가 아니라 공식 조사망의 대표 관측 위치입니다.,1033,data/processed/ncpms_survey_sites_normalized.csv
NCPMS-35.6983503-128.2828570-논벼,경상북도,고령군,,논벼,,35.6983503,128.282857,NCPMS 공식 조사지점·예찰망 위치,아니오,농가명·소유자 위치가 아니라 공식 조사망의 대표 관측 위치입니다.,1034,data/processed/ncpms_survey_sites_normalized.csv
NCPMS-36.2316526-128.2883113-논벼,경상북도,구미시,선산읍,논벼,,36.2316526,128.2883113,NCPMS 공식 조사지점·예찰망 위치,아니오,농가명·소유자 위치가 아니라 공식 조사망의 대표 관측 위치입니다.,1035,data/processed/ncpms_survey_sites_normalized.csv
NCPMS-36.0802421-128.1003974-논벼,경상북도,김천시,양금동,논벼,,36.0802421,128.1003974,NCPMS 공식 조사지점·예찰망 위치,아니오,농가명·소유자 위치가 아니라 공식 조사망의 대표 관측 위치입니다.,1036,data/processed/ncpms_survey_sites_normalized.csv
NCPMS-36.6142775-128.2075537-논벼,경상북도,문경시,점촌3동,논벼,,36.6142775,128.2075537,NCPMS 공식 조사지점·예찰망 위치,아니오,농가명·소유자 위치가 아니라 공식 조사망의 대표 관측 위치입니다.,1037,data/processed/ncpms_survey_sites_normalized.csv
NCPMS-36.9123686-128.7941334-논벼,경상북도,봉화군,봉성면,논벼,,36.9123686,128.7941334,NCPMS 공식 조사지점·예찰망 위치,아니오,농가명·소유자 위치가 아니라 공식 조사망의 대표 관측 위치입니다.,1038,data/processed/ncpms_survey_sites_normalized.csv
NCPMS-36.4416961-128.1706526-논벼,경상북도,상주시,죽전동,논벼,,36.4416961,128.1706526,NCPMS 공식 조사지점·예찰망 위치,아니오,농가명·소유자 위치가 아니라 공식 조사망의 대표 관측 위치입니다.,1039,data/processed/ncpms_survey_sites_normalized.csv
NCPMS-35.8680279-128.1825895-논벼,경상북도,성주군,수륜면,논벼,,35.8680279,128.1825895,NCPMS 공식 조사지점·예찰망 위치,아니오,농가명·소유자 위치가 아니라 공식 조사망의 대표 관측 위치입니다.,1040,data/processed/ncpms_survey_sites_normalized.csv
NCPMS-36.5806572-128.5622514-논벼,경상북도,안동시,풍산읍,논벼,,36.5806572,128.5622514,NCPMS 공식 조사지점·예찰망 위치,아니오,농가명·소유자 위치가 아니라 공식 조사망의 대표 관측 위치입니다.,1042,data/processed/ncpms_survey_sites_normalized.csv
NCPMS-36.3818481-129.3841575-논벼,경상북도,영덕군,강구면,논벼,,36.3818481,129.3841575,NCPMS 공식 조사지점·예찰망 위치,아니오,농가명·소유자 위치가 아니라 공식 조사망의 대표 관측 위치입니다.,1043,data/processed/ncpms_survey_sites_normalized.csv
NCPMS-36.6637391-129.1385532-논벼,경상북도,영양군,영양읍,논벼,,36.6637391,129.1385532,NCPMS 공식 조사지점·예찰망 위치,아니오,농가명·소유자 위치가 아니라 공식 조사망의 대표 관측 위치입니다.,1044,data/processed/ncpms_survey_sites_normalized.csv
NCPMS-36.8399194-128.5670967-논벼,경상북도,영주시,안정면,논벼,,36.8399194,128.5670967,NCPMS 공식 조사지점·예찰망 위치,아니오,농가명·소유자 위치가 아니라 공식 조사망의 대표 관측 위치입니다.,1045,data/processed/ncpms_survey_sites_normalized.csv
NCPMS-35.9905633-128.9258696-논벼,경상북도,영천시,중앙동,논벼,,35.9905633,128.9258696,NCPMS 공식 조사지점·예찰망 위치,아니오,농가명·소유자 위치가 아니라 공식 조사망의 대표 관측 위치입니다.,1046,data/processed/ncpms_survey_sites_normalized.csv
NCPMS-36.6776848-128.4616766-논벼,경상북도,예천군,예천읍,논벼,,36.6776848,128.4616766,NCPMS 공식 조사지점·예찰망 위치,아니오,농가명·소유자 위치가 아니라 공식 조사망의 대표 관측 위치입니다.,1047,data/processed/ncpms_survey_sites_normalized.csv
NCPMS-37.4602040-130.8736070-논벼,경상북도,울릉군,울릉읍,논벼,,37.460204,130.873607,NCPMS 공식 조사지점·예찰망 위치,아니오,농가명·소유자 위치가 아니라 공식 조사망의 대표 관측 위치입니다.,1048,data/processed/ncpms_survey_sites_normalized.csv
NCPMS-36.9164028-129.3791683-논벼,경상북도,울진군,원남면,논벼,,36.9164028,129.3791683,NCPMS 공식 조사지점·예찰망 위치,아니오,농가명·소유자 위치가 아니라 공식 조사망의 대표 관측 위치입니다.,1049,data/processed/ncpms_survey_sites_normalized.csv
NCPMS-35.6663539-128.6897894-논벼,경상북도,청도군,화양읍,논벼,,35.6663539,128.6897894,NCPMS 공식 조사지점·예찰망 위치,아니오,농가명·소유자 위치가 아니라 공식 조사망의 대표 관측 위치입니다.,1051,data/processed/ncpms_survey_sites_normalized.csv
NCPMS-36.3930302-129.0949814-논벼,경상북도,청송군,청송읍,논벼,,36.3930302,129.0949814,NCPMS 공식 조사지점·예찰망 위치,아니오,농가명·소유자 위치가 아니라 공식 조사망의 대표 관측 위치입니다.,1052,data/processed/ncpms_survey_sites_normalized.csv
NCPMS-35.9677429-128.5530956-논벼,경상북도,칠곡군,동명면,논벼,,35.9677429,128.5530956,NCPMS 공식 조사지점·예찰망 위치,아니오,농가명·소유자 위치가 아니라 공식 조사망의 대표 관측 위치입니다.,1053,data/processed/ncpms_survey_sites_normalized.csv
NCPMS-36.0411398-128.3834423-논벼,경상북도,칠곡군,약목면,논벼,,36.0411398,128.3834423,NCPMS 공식 조사지점·예찰망 위치,아니오,농가명·소유자 위치가 아니라 공식 조사망의 대표 관측 위치입니다.,1054,data/processed/ncpms_survey_sites_normalized.csv
NCPMS-36.1309671-129.3588760-논벼,경상북도,포항시,흥해읍,논벼,,36.1309671,129.358876,NCPMS 공식 조사지점·예찰망 위치,아니오,농가명·소유자 위치가 아니라 공식 조사망의 대표 관측 위치입니다.,1055,data/processed/ncpms_survey_sites_normalized.csv
NCPMS-35.1205808-126.7558509-논벼,광주광역시,광산구,연산동,논벼,,35.1205808,126.7558509,NCPMS 공식 조사지점·예찰망 위치,아니오,농가명·소유자 위치가 아니라 공식 조사망의 대표 관측 위치입니다.,1056,data/processed/ncpms_survey_sites_normalized.csv
NCPMS-36.2036056-128.5667964-논벼,대구광역시,군위군,군위읍,논벼,,36.2036056,128.5667964,NCPMS 공식 조사지점·예찰망 위치,아니오,농가명·소유자 위치가 아니라 공식 조사망의 대표 관측 위치입니다.,1057,data/processed/ncpms_survey_sites_normalized.csv
NCPMS-35.8798502-128.6603871-논벼,대구광역시,동구,방촌동,논벼,,35.8798502,128.6603871,NCPMS 공식 조사지점·예찰망 위치,아니오,농가명·소유자 위치가 아니라 공식 조사망의 대표 관측 위치입니다.,1058,data/processed/ncpms_survey_sites_normalized.csv
NCPMS-36.2833404-127.2552667-논벼,대전광역시,유성구,송정동,논벼,,36.2833404,127.2552667,NCPMS 공식 조사지점·예찰망 위치,아니오,농가명·소유자 위치가 아니라 공식 조사망의 대표 관측 위치입니다.,1059,data/processed/ncpms_survey_sites_normalized.csv
NCPMS-35.2092581-128.9617471-논벼,부산광역시,강서구,대저1동,논벼,,35.2092581,128.9617471,NCPMS 공식 조사지점·예찰망 위치,아니오,농가명·소유자 위치가 아니라 공식 조사망의 대표 관측 위치입니다.,1060,data/processed/ncpms_survey_sites_normalized.csv
NCPMS-37.4656969-127.0897447-논벼,서울특별시,서초구,내곡동,논벼,,37.4656969,127.0897447,NCPMS 공식 조사지점·예찰망 위치,아니오,농가명·소유자 위치가 아니라 공식 조사망의 대표 관측 위치입니다.,1061,data/processed/ncpms_survey_sites_normalized.csv
NCPMS-36.5724399-127.2827719-논벼,세종특별자치시,세종시,연서면,논벼,,36.5724399,127.2827719,NCPMS 공식 조사지점·예찰망 위치,아니오,농가명·소유자 위치가 아니라 공식 조사망의 대표 관측 위치입니다.,1062,data/processed/ncpms_survey_sites_normalized.csv
NCPMS-35.5238679-129.2660268-논벼,울산광역시,울주군,청량읍,논벼,,35.5238679,129.2660268,NCPMS 공식 조사지점·예찰망 위치,아니오,농가명·소유자 위치가 아니라 공식 조사망의 대표 관측 위치입니다.,1063,data/processed/ncpms_survey_sites_normalized.csv
NCPMS-37.7022260-126.4718308-논벼,인천광역시,강화군,선원면,논벼,,37.702226,126.4718308,NCPMS 공식 조사지점·예찰망 위치,아니오,농가명·소유자 위치가 아니라 공식 조사망의 대표 관측 위치입니다.,1065,data/processed/ncpms_survey_sites_normalized.csv
NCPMS-37.4690955-126.7008570-논벼,인천광역시,부평구,십정2동,논벼,,37.4690955,126.700857,NCPMS 공식 조사지점·예찰망 위치,아니오,농가명·소유자 위치가 아니라 공식 조사망의 대표 관측 위치입니다.,1066,data/processed/ncpms_survey_sites_normalized.csv
NCPMS-37.9472503-124.6793989-논벼,인천광역시,옹진군,백령면,논벼,,37.9472503,124.6793989,NCPMS 공식 조사지점·예찰망 위치,아니오,농가명·소유자 위치가 아니라 공식 조사망의 대표 관측 위치입니다.,1067,data/processed/ncpms_survey_sites_normalized.csv
NCPMS-37.4598937-126.6319288-논벼,인천광역시,중구,신흥동,논벼,,37.4598937,126.6319288,NCPMS 공식 조사지점·예찰망 위치,아니오,농가명·소유자 위치가 아니라 공식 조사망의 대표 관측 위치입니다.,1068,data/processed/ncpms_survey_sites_normalized.csv
NCPMS-34.6442435-126.7914085-논벼,전라남도,강진군,군동면,논벼,,34.6442435,126.7914085,NCPMS 공식 조사지점·예찰망 위치,아니오,농가명·소유자 위치가 아니라 공식 조사망의 대표 관측 위치입니다.,1069,data/processed/ncpms_survey_sites_normalized.csv
NCPMS-34.5669461-127.2580328-논벼,전라남도,고흥군,풍양면,논벼,,34.5669461,127.2580328,NCPMS 공식 조사지점·예찰망 위치,아니오,농가명·소유자 위치가 아니라 공식 조사망의 대표 관측 위치입니다.,1070,data/processed/ncpms_survey_sites_normalized.csv
NCPMS-35.2736935-127.3034421-논벼,전라남도,곡성군,오곡면,논벼,,35.2736935,127.3034421,NCPMS 공식 조사지점·예찰망 위치,아니오,농가명·소유자 위치가 아니라 공식 조사망의 대표 관측 위치입니다.,1071,data/processed/ncpms_survey_sites_normalized.csv
NCPMS-34.9901075-127.5786745-논벼,전라남도,광양시,봉강면,논벼,,34.9901075,127.5786745,NCPMS 공식 조사지점·예찰망 위치,아니오,농가명·소유자 위치가 아니라 공식 조사망의 대표 관측 위치입니다.,1072,data/processed/ncpms_survey_sites_normalized.csv
NCPMS-35.2393773-127.4422340-논벼,전라남도,구례군,용방면,논벼,,35.2393773,127.442234,NCPMS 공식 조사지점·예찰망 위치,아니오,농가명·소유자 위치가 아니라 공식 조사망의 대표 관측 위치입니다.,1073,data/processed/ncpms_survey_sites_normalized.csv
NCPMS-34.9659037-126.6714539-논벼,전라남도,나주시,왕곡면,논벼,,34.9659037,126.6714539,NCPMS 공식 조사지점·예찰망 위치,아니오,농가명·소유자 위치가 아니라 공식 조사망의 대표 관측 위치입니다.,1074,data/processed/ncpms_survey_sites_normalized.csv
NCPMS-35.3112309-126.9731594-논벼,전라남도,담양군,담양읍,논벼,,35.3112309,126.9731594,NCPMS 공식 조사지점·예찰망 위치,아니오,농가명·소유자 위치가 아니라 공식 조사망의 대표 관측 위치입니다.,1075,data/processed/ncpms_survey_sites_normalized.csv
NCPMS-34.8118242-126.3923360-논벼,전라남도,목포시,용당1동,논벼,,34.8118242,126.392336,NCPMS 공식 조사지점·예찰망 위치,아니오,농가명·소유자 위치가 아니라 공식 조사망의 대표 관측 위치입니다.,1076,data/processed/ncpms_survey_sites_normalized.csv
NCPMS-34.9963450-126.4820044-논벼,전라남도,무안군,무안읍,논벼,,34.996345,126.4820044,NCPMS 공식 조사지점·예찰망 위치,아니오,농가명·소유자 위치가 아니라 공식 조사망의 대표 관측 위치입니다.,1077,data/processed/ncpms_survey_sites_normalized.csv
NCPMS-34.7653380-127.0947906-논벼,전라남도,보성군,보성읍,논벼,,34.765338,127.0947906,NCPMS 공식 조사지점·예찰망 위치,아니오,농가명·소유자 위치가 아니라 공식 조사망의 대표 관측 위치입니다.,1078,data/processed/ncpms_survey_sites_normalized.csv
NCPMS-34.9638922-127.4989935-논벼,전라남도,순천시,주암면,논벼,,34.9638922,127.4989935,NCPMS 공식 조사지점·예찰망 위치,아니오,농가명·소유자 위치가 아니라 공식 조사망의 대표 관측 위치입니다.,1079,data/processed/ncpms_survey_sites_normalized.csv
NCPMS-34.8459502-126.3575540-논벼,전라남도,신안군,압해면,논벼,,34.8459502,126.357554,NCPMS 공식 조사지점·예찰망 위치,아니오,농가명·소유자 위치가 아니라 공식 조사망의 대표 관측 위치입니다.,1080,data/processed/ncpms_survey_sites_normalized.csv
NCPMS-34.8312510-127.6134125-논벼,전라남도,여수시,소라면,논벼,,34.831251,127.6134125,NCPMS 공식 조사지점·예찰망 위치,아니오,농가명·소유자 위치가 아니라 공식 조사망의 대표 관측 위치입니다.,1081,data/processed/ncpms_survey_sites_normalized.csv
NCPMS-35.2902217-126.4479799-논벼,전라남도,영광군,백수읍,논벼,,35.2902217,126.4479799,NCPMS 공식 조사지점·예찰망 위치,아니오,농가명·소유자 위치가 아니라 공식 조사망의 대표 관측 위치입니다.,1082,data/processed/ncpms_survey_sites_normalized.csv
NCPMS-34.8240917-126.6721718-논벼,전라남도,영암군,덕진면,논벼,,34.8240917,126.6721718,NCPMS 공식 조사지점·예찰망 위치,아니오,농가명·소유자 위치가 아니라 공식 조사망의 대표 관측 위치입니다.,1083,data/processed/ncpms_survey_sites_normalized.csv
NCPMS-34.3045145-126.7243093-논벼,전라남도,완도군,완도읍,논벼,,34.3045145,126.7243093,NCPMS 공식 조사지점·예찰망 위치,아니오,농가명·소유자 위치가 아니라 공식 조사망의 대표 관측 위치입니다.,1084,data/processed/ncpms_survey_sites_normalized.csv
NCPMS-35.3182409-126.7956391-논벼,전라남도,장성군,장성읍,논벼,,35.3182409,126.7956391,NCPMS 공식 조사지점·예찰망 위치,아니오,농가명·소유자 위치가 아니라 공식 조사망의 대표 관측 위치입니다.,1085,data/processed/ncpms_survey_sites_normalized.csv
NCPMS-34.6702868-126.9103239-논벼,전라남도,장흥군,장흥읍,논벼,,34.6702868,126.9103239,NCPMS 공식 조사지점·예찰망 위치,아니오,농가명·소유자 위치가 아니라 공식 조사망의 대표 관측 위치입니다.,1086,data/processed/ncpms_survey_sites_normalized.csv
NCPMS-34.5057676-126.2826957-논벼,전라남도,진도군,군내면,논벼,,34.5057676,126.2826957,NCPMS 공식 조사지점·예찰망 위치,아니오,농가명·소유자 위치가 아니라 공식 조사망의 대표 관측 위치입니다.,1087,data/processed/ncpms_survey_sites_normalized.csv
NCPMS-35.0770948-126.5086129-논벼,전라남도,함평군,함평읍,논벼,,35.0770948,126.5086129,NCPMS 공식 조사지점·예찰망 위치,아니오,농가명·소유자 위치가 아니라 공식 조사망의 대표 관측 위치입니다.,1088,data/processed/ncpms_survey_sites_normalized.csv
NCPMS-34.5285563-126.5599834-논벼,전라남도,해남군,삼산면,논벼,,34.5285563,126.5599834,NCPMS 공식 조사지점·예찰망 위치,아니오,농가명·소유자 위치가 아니라 공식 조사망의 대표 관측 위치입니다.,1089,data/processed/ncpms_survey_sites_normalized.csv
NCPMS-35.0469857-126.9849303-논벼,전라남도,화순군,능주면,논벼,,35.0469857,126.9849303,NCPMS 공식 조사지점·예찰망 위치,아니오,농가명·소유자 위치가 아니라 공식 조사망의 대표 관측 위치입니다.,1090,data/processed/ncpms_survey_sites_normalized.csv
NCPMS-35.4847455-126.7013004-논벼,전라북도,고창군,신림면,논벼,,35.4847455,126.7013004,NCPMS 공식 조사지점·예찰망 위치,아니오,농가명·소유자 위치가 아니라 공식 조사망의 대표 관측 위치입니다.,1091,data/processed/ncpms_survey_sites_normalized.csv
NCPMS-35.9618361-126.7803833-논벼,전라북도,군산시,개정면,논벼,,35.9618361,126.7803833,NCPMS 공식 조사지점·예찰망 위치,아니오,농가명·소유자 위치가 아니라 공식 조사망의 대표 관측 위치입니다.,1092,data/processed/ncpms_survey_sites_normalized.csv
NCPMS-35.7466861-126.8510000-논벼,전라북도,김제시,부량면,논벼,,35.7466861,126.851,NCPMS 공식 조사지점·예찰망 위치,아니오,농가명·소유자 위치가 아니라 공식 조사망의 대표 관측 위치입니다.,1093,data/processed/ncpms_survey_sites_normalized.csv
NCPMS-35.4259972-127.4381972-논벼,전라북도,남원시,이백면,논벼,,35.4259972,127.4381972,NCPMS 공식 조사지점·예찰망 위치,아니오,농가명·소유자 위치가 아니라 공식 조사망의 대표 관측 위치입니다.,1094,data/processed/ncpms_survey_sites_normalized.csv
NCPMS-36.0059079-127.6777122-논벼,전라북도,무주군,무주읍,논벼,,36.0059079,127.6777122,NCPMS 공식 조사지점·예찰망 위치,아니오,농가명·소유자 위치가 아니라 공식 조사망의 대표 관측 위치입니다.,1095,data/processed/ncpms_survey_sites_normalized.csv
NCPMS-35.7425722-126.6811000-논벼,전라북도,부안군,계화면,논벼,,35.7425722,126.6811,NCPMS 공식 조사지점·예찰망 위치,아니오,농가명·소유자 위치가 아니라 공식 조사망의 대표 관측 위치입니다.,1096,data/processed/ncpms_survey_sites_normalized.csv
NCPMS-35.3856596-127.1439846-논벼,전라북도,순창군,순창읍,논벼,,35.3856596,127.1439846,NCPMS 공식 조사지점·예찰망 위치,아니오,농가명·소유자 위치가 아니라 공식 조사망의 대표 관측 위치입니다.,1097,data/processed/ncpms_survey_sites_normalized.csv
NCPMS-35.8204856-127.1086869-논벼,전라북도,완주군,삼례읍,논벼,,35.8204856,127.1086869,NCPMS 공식 조사지점·예찰망 위치,아니오,농가명·소유자 위치가 아니라 공식 조사망의 대표 관측 위치입니다.,1098,data/processed/ncpms_survey_sites_normalized.csv
NCPMS-35.9377639-126.9928639-논벼,전라북도,익산시,팔봉동,논벼,,35.9377639,126.9928639,NCPMS 공식 조사지점·예찰망 위치,아니오,농가명·소유자 위치가 아니라 공식 조사망의 대표 관측 위치입니다.,1099,data/processed/ncpms_survey_sites_normalized.csv
NCPMS-36.0849117-126.9529411-논벼,전라북도,익산시,함열읍,논벼,,36.0849117,126.9529411,NCPMS 공식 조사지점·예찰망 위치,아니오,농가명·소유자 위치가 아니라 공식 조사망의 대표 관측 위치입니다.,1100,data/processed/ncpms_survey_sites_normalized.csv
NCPMS-35.6554210-127.2654195-논벼,전라북도,임실군,신평면,논벼,,35.655421,127.2654195,NCPMS 공식 조사지점·예찰망 위치,아니오,농가명·소유자 위치가 아니라 공식 조사망의 대표 관측 위치입니다.,1101,data/processed/ncpms_survey_sites_normalized.csv
NCPMS-35.6375389-127.5121944-논벼,전라북도,장수군,장수읍,논벼,,35.6375389,127.5121944,NCPMS 공식 조사지점·예찰망 위치,아니오,농가명·소유자 위치가 아니라 공식 조사망의 대표 관측 위치입니다.,1102,data/processed/ncpms_survey_sites_normalized.csv
NCPMS-35.5883389-126.8778333-논벼,전라북도,정읍시,북면,논벼,,35.5883389,126.8778333,NCPMS 공식 조사지점·예찰망 위치,아니오,농가명·소유자 위치가 아니라 공식 조사망의 대표 관측 위치입니다.,1103,data/processed/ncpms_survey_sites_normalized.csv
NCPMS-35.7633314-127.4351528-논벼,전라북도,진안군,진안읍,논벼,,35.7633314,127.4351528,NCPMS 공식 조사지점·예찰망 위치,아니오,농가명·소유자 위치가 아니라 공식 조사망의 대표 관측 위치입니다.,1105,data/processed/ncpms_survey_sites_normalized.csv
NCPMS-33.2883429-126.6086887-논벼,제주도,서귀포시,남원읍,논벼,,33.2883429,126.6086887,NCPMS 공식 조사지점·예찰망 위치,아니오,농가명·소유자 위치가 아니라 공식 조사망의 대표 관측 위치입니다.,1106,data/processed/ncpms_survey_sites_normalized.csv
NCPMS-33.2874603-126.6078553-논벼,제주도,서귀포시,남원읍,논벼,,33.2874603,126.6078553,NCPMS 공식 조사지점·예찰망 위치,아니오,농가명·소유자 위치가 아니라 공식 조사망의 대표 관측 위치입니다.,1107,data/processed/ncpms_survey_sites_normalized.csv
NCPMS-33.2613065-126.4888796-논벼,제주도,서귀포시,대천동,논벼,,33.2613065,126.4888796,NCPMS 공식 조사지점·예찰망 위치,아니오,농가명·소유자 위치가 아니라 공식 조사망의 대표 관측 위치입니다.,1108,data/processed/ncpms_survey_sites_normalized.csv
NCPMS-33.3551694-126.2467827-논벼,제주도,제주시,한림읍,논벼,,33.3551694,126.2467827,NCPMS 공식 조사지점·예찰망 위치,아니오,농가명·소유자 위치가 아니라 공식 조사망의 대표 관측 위치입니다.,1109,data/processed/ncpms_survey_sites_normalized.csv
NCPMS-36.4941956-127.0975962-논벼,충청남도,공주시,우성면,논벼,,36.4941956,127.0975962,NCPMS 공식 조사지점·예찰망 위치,아니오,농가명·소유자 위치가 아니라 공식 조사망의 대표 관측 위치입니다.,1110,data/processed/ncpms_survey_sites_normalized.csv
NCPMS-36.1334214-127.4979587-논벼,충청남도,금산군,군북면,논벼,,36.1334214,127.4979587,NCPMS 공식 조사지점·예찰망 위치,아니오,농가명·소유자 위치가 아니라 공식 조사망의 대표 관측 위치입니다.,1111,data/processed/ncpms_survey_sites_normalized.csv
NCPMS-36.6590973-126.6719250-논벼,충청남도,논산시,광석면,논벼,,36.6590973,126.671925,NCPMS 공식 조사지점·예찰망 위치,아니오,농가명·소유자 위치가 아니라 공식 조사망의 대표 관측 위치입니다.,1112,data/processed/ncpms_survey_sites_normalized.csv
NCPMS-36.9192761-126.6072654-논벼,충청남도,당진시,고대면,논벼,,36.9192761,126.6072654,NCPMS 공식 조사지점·예찰망 위치,아니오,농가명·소유자 위치가 아니라 공식 조사망의 대표 관측 위치입니다.,1113,data/processed/ncpms_survey_sites_normalized.csv
NCPMS-36.3871602-126.5698269-논벼,충청남도,보령시,주교면,논벼,,36.3871602,126.5698269,NCPMS 공식 조사지점·예찰망 위치,아니오,농가명·소유자 위치가 아니라 공식 조사망의 대표 관측 위치입니다.,1114,data/processed/ncpms_survey_sites_normalized.csv
NCPMS-36.2699298-126.8613237-논벼,충청남도,부여군,규암면,논벼,,36.2699298,126.8613237,NCPMS 공식 조사지점·예찰망 위치,아니오,농가명·소유자 위치가 아니라 공식 조사망의 대표 관측 위치입니다.,1115,data/processed/ncpms_survey_sites_normalized.csv
NCPMS-36.7730762-126.4816848-논벼,충청남도,서산시,수석동,논벼,,36.7730762,126.4816848,NCPMS 공식 조사지점·예찰망 위치,아니오,농가명·소유자 위치가 아니라 공식 조사망의 대표 관측 위치입니다.,1116,data/processed/ncpms_survey_sites_normalized.csv
NCPMS-36.0623996-126.7048774-논벼,충청남도,서천군,마서면,논벼,,36.0623996,126.7048774,NCPMS 공식 조사지점·예찰망 위치,아니오,농가명·소유자 위치가 아니라 공식 조사망의 대표 관측 위치입니다.,1118,data/processed/ncpms_survey_sites_normalized.csv
NCPMS-36.8144239-126.9774035-논벼,충청남도,아산시,염치읍,논벼,,36.8144239,126.9774035,NCPMS 공식 조사지점·예찰망 위치,아니오,농가명·소유자 위치가 아니라 공식 조사망의 대표 관측 위치입니다.,1119,data/processed/ncpms_survey_sites_normalized.csv
NCPMS-36.7380435-126.8187651-논벼,충청남도,예산군,신암면,논벼,,36.7380435,126.8187651,NCPMS 공식 조사지점·예찰망 위치,아니오,농가명·소유자 위치가 아니라 공식 조사망의 대표 관측 위치입니다.,1120,data/processed/ncpms_survey_sites_normalized.csv
NCPMS-36.6738755-126.7972013-논벼,충청남도,예산군,오가면,논벼,,36.6738755,126.7972013,NCPMS 공식 조사지점·예찰망 위치,아니오,농가명·소유자 위치가 아니라 공식 조사망의 대표 관측 위치입니다.,1121,data/processed/ncpms_survey_sites_normalized.csv
NCPMS-36.9612212-127.1324906-논벼,충청남도,천안시,성환읍,논벼,,36.9612212,127.1324906,NCPMS 공식 조사지점·예찰망 위치,아니오,농가명·소유자 위치가 아니라 공식 조사망의 대표 관측 위치입니다.,1122,data/processed/ncpms_survey_sites_normalized.csv
NCPMS-36.9622597-127.1255598-논벼,충청남도,천안시,성환읍,논벼,,36.9622597,127.1255598,NCPMS 공식 조사지점·예찰망 위치,아니오,농가명·소유자 위치가 아니라 공식 조사망의 대표 관측 위치입니다.,1123,data/processed/ncpms_survey_sites_normalized.csv
NCPMS-36.4268754-126.7947217-논벼,충청남도,청양군,청양읍,논벼,,36.4268754,126.7947217,NCPMS 공식 조사지점·예찰망 위치,아니오,농가명·소유자 위치가 아니라 공식 조사망의 대표 관측 위치입니다.,1124,data/processed/ncpms_survey_sites_normalized.csv
NCPMS-36.7547679-126.3443551-논벼,충청남도,태안군,태안읍,논벼,,36.7547679,126.3443551,NCPMS 공식 조사지점·예찰망 위치,아니오,농가명·소유자 위치가 아니라 공식 조사망의 대표 관측 위치입니다.,1125,data/processed/ncpms_survey_sites_normalized.csv
NCPMS-36.6031633-126.5794991-논벼,충청남도,홍성군,갈산면,논벼,,36.6031633,126.5794991,NCPMS 공식 조사지점·예찰망 위치,아니오,농가명·소유자 위치가 아니라 공식 조사망의 대표 관측 위치입니다.,1126,data/processed/ncpms_survey_sites_normalized.csv
NCPMS-36.8135199-127.7772054-논벼,충청북도,괴산군,괴산읍,논벼,,36.8135199,127.7772054,NCPMS 공식 조사지점·예찰망 위치,아니오,농가명·소유자 위치가 아니라 공식 조사망의 대표 관측 위치입니다.,1127,data/processed/ncpms_survey_sites_normalized.csv
NCPMS-36.5024600-127.7179841-논벼,충청북도,보은군,보은읍,논벼,,36.50246,127.7179841,NCPMS 공식 조사지점·예찰망 위치,아니오,농가명·소유자 위치가 아니라 공식 조사망의 대표 관측 위치입니다.,1128,data/processed/ncpms_survey_sites_normalized.csv
NCPMS-36.1450664-127.7558439-논벼,충청북도,영동군,양강면,논벼,,36.1450664,127.7558439,NCPMS 공식 조사지점·예찰망 위치,아니오,농가명·소유자 위치가 아니라 공식 조사망의 대표 관측 위치입니다.,1129,data/processed/ncpms_survey_sites_normalized.csv
NCPMS-36.3257939-127.7694269-논벼,충청북도,옥천군,청산면,논벼,,36.3257939,127.7694269,NCPMS 공식 조사지점·예찰망 위치,아니오,농가명·소유자 위치가 아니라 공식 조사망의 대표 관측 위치입니다.,1130,data/processed/ncpms_survey_sites_normalized.csv
NCPMS-36.9135693-127.7617053-논벼,충청북도,음성군,소이면,논벼,,36.9135693,127.7617053,NCPMS 공식 조사지점·예찰망 위치,아니오,농가명·소유자 위치가 아니라 공식 조사망의 대표 관측 위치입니다.,1131,data/processed/ncpms_survey_sites_normalized.csv
NCPMS-37.1607909-128.1754496-논벼,충청북도,제천시,봉양읍,논벼,,37.1607909,128.1754496,NCPMS 공식 조사지점·예찰망 위치,아니오,농가명·소유자 위치가 아니라 공식 조사망의 대표 관측 위치입니다.,1132,data/processed/ncpms_survey_sites_normalized.csv
NCPMS-36.8633816-127.4619056-논벼,충청북도,진천군,진천읍,논벼,,36.8633816,127.4619056,NCPMS 공식 조사지점·예찰망 위치,아니오,농가명·소유자 위치가 아니라 공식 조사망의 대표 관측 위치입니다.,1133,data/processed/ncpms_survey_sites_normalized.csv
NCPMS-36.5487777-127.5079491-논벼,충청북도,청주시,,논벼,,36.5487777,127.5079491,NCPMS 공식 조사지점·예찰망 위치,아니오,농가명·소유자 위치가 아니라 공식 조사망의 대표 관측 위치입니다.,1134,data/processed/ncpms_survey_sites_normalized.csv
NCPMS-36.9502677-127.8972132-논벼,충청북도,충주시,달천동,논벼,,36.9502677,127.8972132,NCPMS 공식 조사지점·예찰망 위치,아니오,농가명·소유자 위치가 아니라 공식 조사망의 대표 관측 위치입니다.,1135,data/processed/ncpms_survey_sites_normalized.csv
NCPMS-38.3804309-128.4646450-논벼,강원도,고성군,간성읍,논벼,,38.3804309,128.464645,NCPMS 공식 조사지점·예찰망 위치,아니오,농가명·소유자 위치가 아니라 공식 조사망의 대표 관측 위치입니다.,1137,data/processed/ncpms_survey_sites_normalized.csv
NCPMS-37.1412437-129.2872466-논벼,강원도,삼척시,원덕읍,논벼,,37.1412437,129.2872466,NCPMS 공식 조사지점·예찰망 위치,아니오,농가명·소유자 위치가 아니라 공식 조사망의 대표 관측 위치입니다.,1138,data/processed/ncpms_survey_sites_normalized.csv
NCPMS-38.0870481-128.1964591-논벼,강원도,인제군,인제읍,논벼,,38.0870481,128.1964591,NCPMS 공식 조사지점·예찰망 위치,아니오,농가명·소유자 위치가 아니라 공식 조사망의 대표 관측 위치입니다.,1142,data/processed/ncpms_survey_sites_normalized.csv
NCPMS-37.9044957-127.7336023-논벼,강원도,춘천시,신사우동,논벼,,37.9044957,127.7336023,NCPMS 공식 조사지점·예찰망 위치,아니오,농가명·소유자 위치가 아니라 공식 조사망의 대표 관측 위치입니다.,1146,data/processed/ncpms_survey_sites_normalized.csv
NCPMS-37.5277778-127.9613889-논벼,강원도,횡성군,공근면,논벼,,37.5277778,127.9613889,NCPMS 공식 조사지점·예찰망 위치,아니오,농가명·소유자 위치가 아니라 공식 조사망의 대표 관측 위치입니다.,1149,data/processed/ncpms_survey_sites_normalized.csv
NCPMS-37.6721887-126.6966882-논벼,경기도,고양시,구산동,논벼,,37.6721887,126.6966882,NCPMS 공식 조사지점·예찰망 위치,아니오,농가명·소유자 위치가 아니라 공식 조사망의 대표 관측 위치입니다.,1151,data/processed/ncpms_survey_sites_normalized.csv
NCPMS-37.6104751-127.1824429-논벼,경기도,남양주시,일패동,논벼,,37.6104751,127.1824429,NCPMS 공식 조사지점·예찰망 위치,아니오,농가명·소유자 위치가 아니라 공식 조사망의 대표 관측 위치입니다.,1153,data/processed/ncpms_survey_sites_normalized.csv
NCPMS-37.3913772-126.7920713-논벼,경기도,시흥시,장현동,논벼,,37.3913772,126.7920713,NCPMS 공식 조사지점·예찰망 위치,아니오,농가명·소유자 위치가 아니라 공식 조사망의 대표 관측 위치입니다.,1155,data/processed/ncpms_survey_sites_normalized.csv
NCPMS-37.2344605-127.6425468-논벼,경기도,여주시,하거동,논벼,,37.2344605,127.6425468,NCPMS 공식 조사지점·예찰망 위치,아니오,농가명·소유자 위치가 아니라 공식 조사망의 대표 관측 위치입니다.,1159,data/processed/ncpms_survey_sites_normalized.csv
NCPMS-37.1805981-127.2994252-논벼,경기도,용인시,원삼면,논벼,,37.1805981,127.2994252,NCPMS 공식 조사지점·예찰망 위치,아니오,농가명·소유자 위치가 아니라 공식 조사망의 대표 관측 위치입니다.,1161,data/processed/ncpms_survey_sites_normalized.csv
NCPMS-37.2027743-127.4403853-논벼,경기도,이천시,호법면,논벼,,37.2027743,127.4403853,NCPMS 공식 조사지점·예찰망 위치,아니오,농가명·소유자 위치가 아니라 공식 조사망의 대표 관측 위치입니다.,1162,data/processed/ncpms_survey_sites_normalized.csv
NCPMS-38.0997560-127.2766652-논벼,경기도,포천시,영북면,논벼,,38.099756,127.2766652,NCPMS 공식 조사지점·예찰망 위치,아니오,농가명·소유자 위치가 아니라 공식 조사망의 대표 관측 위치입니다.,1165,data/processed/ncpms_survey_sites_normalized.csv
NCPMS-34.8527048-128.5843574-논벼,경상남도,거제시,거제면,논벼,,34.8527048,128.5843574,NCPMS 공식 조사지점·예찰망 위치,아니오,농가명·소유자 위치가 아니라 공식 조사망의 대표 관측 위치입니다.,1168,data/processed/ncpms_survey_sites_normalized.csv
NCPMS-35.6765717-127.9224176-논벼,경상남도,거창군,거창읍,논벼,,35.6765717,127.9224176,NCPMS 공식 조사지점·예찰망 위치,아니오,농가명·소유자 위치가 아니라 공식 조사망의 대표 관측 위치입니다.,1169,data/processed/ncpms_survey_sites_normalized.csv
NCPMS-34.9901101-128.3309166-논벼,경상남도,고성군,고성읍,논벼,,34.9901101,128.3309166,NCPMS 공식 조사지점·예찰망 위치,아니오,농가명·소유자 위치가 아니라 공식 조사망의 대표 관측 위치입니다.,1170,data/processed/ncpms_survey_sites_normalized.csv
NCPMS-35.2128646-128.8732610-논벼,경상남도,김해시,칠산서부동,논벼,,35.2128646,128.873261,NCPMS 공식 조사지점·예찰망 위치,아니오,농가명·소유자 위치가 아니라 공식 조사망의 대표 관측 위치입니다.,1171,data/processed/ncpms_survey_sites_normalized.csv
NCPMS-34.8242570-127.8859585-논벼,경상남도,남해군,남해읍,논벼,,34.824257,127.8859585,NCPMS 공식 조사지점·예찰망 위치,아니오,농가명·소유자 위치가 아니라 공식 조사망의 대표 관측 위치입니다.,1172,data/processed/ncpms_survey_sites_normalized.csv
NCPMS-35.4062756-127.9001601-논벼,경상남도,산청군,산청읍,논벼,,35.4062756,127.9001601,NCPMS 공식 조사지점·예찰망 위치,아니오,농가명·소유자 위치가 아니라 공식 조사망의 대표 관측 위치입니다.,1175,data/processed/ncpms_survey_sites_normalized.csv
NCPMS-35.3404883-128.9613851-논벼,경상남도,양산시,원동면,논벼,,35.3404883,128.9613851,NCPMS 공식 조사지점·예찰망 위치,아니오,농가명·소유자 위치가 아니라 공식 조사망의 대표 관측 위치입니다.,1176,data/processed/ncpms_survey_sites_normalized.csv
NCPMS-35.3323678-128.2019306-논벼,경상남도,의령군,칠곡면,논벼,,35.3323678,128.2019306,NCPMS 공식 조사지점·예찰망 위치,아니오,농가명·소유자 위치가 아니라 공식 조사망의 대표 관측 위치입니다.,1177,data/processed/ncpms_survey_sites_normalized.csv
NCPMS-35.5515037-128.4781919-논벼,경상남도,창녕군,대지면,논벼,,35.5515037,128.4781919,NCPMS 공식 조사지점·예찰망 위치,아니오,농가명·소유자 위치가 아니라 공식 조사망의 대표 관측 위치입니다.,1179,data/processed/ncpms_survey_sites_normalized.csv
NCPMS-35.0795291-127.7711124-논벼,경상남도,하동군,적량면,논벼,,35.0795291,127.7711124,NCPMS 공식 조사지점·예찰망 위치,아니오,농가명·소유자 위치가 아니라 공식 조사망의 대표 관측 위치입니다.,1181,data/processed/ncpms_survey_sites_normalized.csv
NCPMS-35.5254337-127.7788589-논벼,경상남도,함양군,함양읍,논벼,,35.5254337,127.7788589,NCPMS 공식 조사지점·예찰망 위치,아니오,농가명·소유자 위치가 아니라 공식 조사망의 대표 관측 위치입니다.,1183,data/processed/ncpms_survey_sites_normalized.csv
NCPMS-35.6984840-128.2828813-논벼,경상북도,고령군,,논벼,,35.698484,128.2828813,NCPMS 공식 조사지점·예찰망 위치,아니오,농가명·소유자 위치가 아니라 공식 조사망의 대표 관측 위치입니다.,1187,data/processed/ncpms_survey_sites_normalized.csv
NCPMS-36.1004992-128.1224368-논벼,경상북도,김천시,양천동,논벼,,36.1004992,128.1224368,NCPMS 공식 조사지점·예찰망 위치,아니오,농가명·소유자 위치가 아니라 공식 조사망의 대표 관측 위치입니다.,1189,data/processed/ncpms_survey_sites_normalized.csv
NCPMS-36.4529210-128.1672653-논벼,경상북도,상주시,북문동,논벼,,36.452921,128.1672653,NCPMS 공식 조사지점·예찰망 위치,아니오,농가명·소유자 위치가 아니라 공식 조사망의 대표 관측 위치입니다.,1192,data/processed/ncpms_survey_sites_normalized.csv
NCPMS-36.6637390-129.1385533-논벼,경상북도,영양군,영양읍,논벼,,36.663739,129.1385533,NCPMS 공식 조사지점·예찰망 위치,아니오,농가명·소유자 위치가 아니라 공식 조사망의 대표 관측 위치입니다.,1196,data/processed/ncpms_survey_sites_normalized.csv
NCPMS-36.8400720-128.5671501-논벼,경상북도,영주시,안정면,논벼,,36.840072,128.5671501,NCPMS 공식 조사지점·예찰망 위치,아니오,농가명·소유자 위치가 아니라 공식 조사망의 대표 관측 위치입니다.,1197,data/processed/ncpms_survey_sites_normalized.csv
NCPMS-35.9503617-128.9311922-논벼,경상북도,영천시,남부동,논벼,,35.9503617,128.9311922,NCPMS 공식 조사지점·예찰망 위치,아니오,농가명·소유자 위치가 아니라 공식 조사망의 대표 관측 위치입니다.,1198,data/processed/ncpms_survey_sites_normalized.csv
NCPMS-35.6649264-128.6877409-논벼,경상북도,청도군,화양읍,논벼,,35.6649264,128.6877409,NCPMS 공식 조사지점·예찰망 위치,아니오,농가명·소유자 위치가 아니라 공식 조사망의 대표 관측 위치입니다.,1202,data/processed/ncpms_survey_sites_normalized.csv
NCPMS-36.3930005-129.0950199-논벼,경상북도,청송군,청송읍,논벼,,36.3930005,129.0950199,NCPMS 공식 조사지점·예찰망 위치,아니오,농가명·소유자 위치가 아니라 공식 조사망의 대표 관측 위치입니다.,1203,data/processed/ncpms_survey_sites_normalized.csv
NCPMS-36.0388650-128.3828455-논벼,경상북도,칠곡군,약목면,논벼,,36.038865,128.3828455,NCPMS 공식 조사지점·예찰망 위치,아니오,농가명·소유자 위치가 아니라 공식 조사망의 대표 관측 위치입니다.,1205,data/processed/ncpms_survey_sites_normalized.csv
NCPMS-36.1310397-129.3587229-논벼,경상북도,포항시,흥해읍,논벼,,36.1310397,129.3587229,NCPMS 공식 조사지점·예찰망 위치,아니오,농가명·소유자 위치가 아니라 공식 조사망의 대표 관측 위치입니다.,1206,data/processed/ncpms_survey_sites_normalized.csv
NCPMS-36.5633250-127.2983526-논벼,세종특별자치시,세종시,연서면,논벼,,36.563325,127.2983526,NCPMS 공식 조사지점·예찰망 위치,아니오,농가명·소유자 위치가 아니라 공식 조사망의 대표 관측 위치입니다.,1210,data/processed/ncpms_survey_sites_normalized.csv
NCPMS-37.9470684-124.6768806-논벼,인천광역시,옹진군,백령면,논벼,,37.9470684,124.6768806,NCPMS 공식 조사지점·예찰망 위치,아니오,농가명·소유자 위치가 아니라 공식 조사망의 대표 관측 위치입니다.,1213,data/processed/ncpms_survey_sites_normalized.csv
NCPMS-34.6440447-126.7911254-논벼,전라남도,강진군,군동면,논벼,,34.6440447,126.7911254,NCPMS 공식 조사지점·예찰망 위치,아니오,농가명·소유자 위치가 아니라 공식 조사망의 대표 관측 위치입니다.,1214,data/processed/ncpms_survey_sites_normalized.csv
NCPMS-34.9899390-127.5784761-논벼,전라남도,광양시,봉강면,논벼,,34.989939,127.5784761,NCPMS 공식 조사지점·예찰망 위치,아니오,농가명·소유자 위치가 아니라 공식 조사망의 대표 관측 위치입니다.,1217,data/processed/ncpms_survey_sites_normalized.csv
NCPMS-34.9961914-126.4818722-논벼,전라남도,무안군,무안읍,논벼,,34.9961914,126.4818722,NCPMS 공식 조사지점·예찰망 위치,아니오,농가명·소유자 위치가 아니라 공식 조사망의 대표 관측 위치입니다.,1222,data/processed/ncpms_survey_sites_normalized.csv
NCPMS-34.7652123-127.0948572-논벼,전라남도,보성군,보성읍,논벼,,34.7652123,127.0948572,NCPMS 공식 조사지점·예찰망 위치,아니오,농가명·소유자 위치가 아니라 공식 조사망의 대표 관측 위치입니다.,1223,data/processed/ncpms_survey_sites_normalized.csv
NCPMS-35.0577957-127.2821229-논벼,전라남도,순천시,주암면,논벼,,35.0577957,127.2821229,NCPMS 공식 조사지점·예찰망 위치,아니오,농가명·소유자 위치가 아니라 공식 조사망의 대표 관측 위치입니다.,1224,data/processed/ncpms_survey_sites_normalized.csv
NCPMS-34.8349153-126.3567767-논벼,전라남도,신안군,압해읍,논벼,,34.8349153,126.3567767,NCPMS 공식 조사지점·예찰망 위치,아니오,농가명·소유자 위치가 아니라 공식 조사망의 대표 관측 위치입니다.,1225,data/processed/ncpms_survey_sites_normalized.csv
NCPMS-34.8238044-126.6721552-논벼,전라남도,영암군,덕진면,논벼,,34.8238044,126.6721552,NCPMS 공식 조사지점·예찰망 위치,아니오,농가명·소유자 위치가 아니라 공식 조사망의 대표 관측 위치입니다.,1228,data/processed/ncpms_survey_sites_normalized.csv
NCPMS-34.6702853-126.9103225-논벼,전라남도,장흥군,장흥읍,논벼,,34.6702853,126.9103225,NCPMS 공식 조사지점·예찰망 위치,아니오,농가명·소유자 위치가 아니라 공식 조사망의 대표 관측 위치입니다.,1231,data/processed/ncpms_survey_sites_normalized.csv
NCPMS-34.5127237-126.2920709-논벼,전라남도,진도군,군내면,논벼,,34.5127237,126.2920709,NCPMS 공식 조사지점·예찰망 위치,아니오,농가명·소유자 위치가 아니라 공식 조사망의 대표 관측 위치입니다.,1232,data/processed/ncpms_survey_sites_normalized.csv
NCPMS-35.0230462-126.9497713-논벼,전라남도,화순군,능주면,논벼,,35.0230462,126.9497713,NCPMS 공식 조사지점·예찰망 위치,아니오,농가명·소유자 위치가 아니라 공식 조사망의 대표 관측 위치입니다.,1235,data/processed/ncpms_survey_sites_normalized.csv
NCPMS-35.4847005-126.7013005-논벼,전라북도,고창군,신림면,논벼,,35.4847005,126.7013005,NCPMS 공식 조사지점·예찰망 위치,아니오,농가명·소유자 위치가 아니라 공식 조사망의 대표 관측 위치입니다.,1236,data/processed/ncpms_survey_sites_normalized.csv
NCPMS-35.4257416-127.4382671-논벼,전라북도,남원시,이백면,논벼,,35.4257416,127.4382671,NCPMS 공식 조사지점·예찰망 위치,아니오,농가명·소유자 위치가 아니라 공식 조사망의 대표 관측 위치입니다.,1239,data/processed/ncpms_survey_sites_normalized.csv
NCPMS-36.0059222-127.6777222-논벼,전라북도,무주군,무주읍,논벼,,36.0059222,127.6777222,NCPMS 공식 조사지점·예찰망 위치,아니오,농가명·소유자 위치가 아니라 공식 조사망의 대표 관측 위치입니다.,1240,data/processed/ncpms_survey_sites_normalized.csv
NCPMS-35.7428187-126.6810327-논벼,전라북도,부안군,계화면,논벼,,35.7428187,126.6810327,NCPMS 공식 조사지점·예찰망 위치,아니오,농가명·소유자 위치가 아니라 공식 조사망의 대표 관측 위치입니다.,1241,data/processed/ncpms_survey_sites_normalized.csv
NCPMS-35.8204850-127.1086850-논벼,전라북도,순창군,순창읍,논벼,,35.820485,127.108685,NCPMS 공식 조사지점·예찰망 위치,아니오,농가명·소유자 위치가 아니라 공식 조사망의 대표 관측 위치입니다.,1242,data/processed/ncpms_survey_sites_normalized.csv
NCPMS-35.8204850-127.1086850-논벼,전라북도,완주군,삼례읍,논벼,,35.820485,127.108685,NCPMS 공식 조사지점·예찰망 위치,아니오,농가명·소유자 위치가 아니라 공식 조사망의 대표 관측 위치입니다.,1243,data/processed/ncpms_survey_sites_normalized.csv
NCPMS-36.0848733-126.9530039-논벼,전라북도,익산시,함열읍,논벼,,36.0848733,126.9530039,NCPMS 공식 조사지점·예찰망 위치,아니오,농가명·소유자 위치가 아니라 공식 조사망의 대표 관측 위치입니다.,1245,data/processed/ncpms_survey_sites_normalized.csv
NCPMS-35.6375609-127.5121688-논벼,전라북도,장수군,장수읍,논벼,,35.6375609,127.5121688,NCPMS 공식 조사지점·예찰망 위치,아니오,농가명·소유자 위치가 아니라 공식 조사망의 대표 관측 위치입니다.,1247,data/processed/ncpms_survey_sites_normalized.csv
NCPMS-35.5883614-126.8791955-논벼,전라북도,정읍시,북면,논벼,,35.5883614,126.8791955,NCPMS 공식 조사지점·예찰망 위치,아니오,농가명·소유자 위치가 아니라 공식 조사망의 대표 관측 위치입니다.,1248,data/processed/ncpms_survey_sites_normalized.csv
NCPMS-35.7634476-127.4350611-논벼,전라북도,진안군,진안읍,논벼,,35.7634476,127.4350611,NCPMS 공식 조사지점·예찰망 위치,아니오,농가명·소유자 위치가 아니라 공식 조사망의 대표 관측 위치입니다.,1249,data/processed/ncpms_survey_sites_normalized.csv
NCPMS-33.3750132-126.2358186-논벼,제주도,제주시,한림읍,논벼,,33.3750132,126.2358186,NCPMS 공식 조사지점·예찰망 위치,아니오,농가명·소유자 위치가 아니라 공식 조사망의 대표 관측 위치입니다.,1250,data/processed/ncpms_survey_sites_normalized.csv
NCPMS-36.4933053-127.0966955-논벼,충청남도,공주시,우성면,논벼,,36.4933053,127.0966955,NCPMS 공식 조사지점·예찰망 위치,아니오,농가명·소유자 위치가 아니라 공식 조사망의 대표 관측 위치입니다.,1251,data/processed/ncpms_survey_sites_normalized.csv
NCPMS-36.2279293-127.0856063-논벼,충청남도,논산시,광석면,논벼,,36.2279293,127.0856063,NCPMS 공식 조사지점·예찰망 위치,아니오,농가명·소유자 위치가 아니라 공식 조사망의 대표 관측 위치입니다.,1253,data/processed/ncpms_survey_sites_normalized.csv
NCPMS-36.2699299-126.8613237-논벼,충청남도,부여군,규암면,논벼,,36.2699299,126.8613237,NCPMS 공식 조사지점·예찰망 위치,아니오,농가명·소유자 위치가 아니라 공식 조사망의 대표 관측 위치입니다.,1256,data/processed/ncpms_survey_sites_normalized.csv
NCPMS-36.8157182-126.9780995-논벼,충청남도,아산시,염치읍,논벼,,36.8157182,126.9780995,NCPMS 공식 조사지점·예찰망 위치,아니오,농가명·소유자 위치가 아니라 공식 조사망의 대표 관측 위치입니다.,1259,data/processed/ncpms_survey_sites_normalized.csv
NCPMS-36.5740556-127.2803150-논벼,충청남도,연기군,서면,논벼,,36.5740556,127.280315,NCPMS 공식 조사지점·예찰망 위치,아니오,농가명·소유자 위치가 아니라 공식 조사망의 대표 관측 위치입니다.,1260,data/processed/ncpms_survey_sites_normalized.csv
NCPMS-36.9611565-127.1323647-논벼,충청남도,천안시,성환읍,논벼,,36.9611565,127.1323647,NCPMS 공식 조사지점·예찰망 위치,아니오,농가명·소유자 위치가 아니라 공식 조사망의 대표 관측 위치입니다.,1262,data/processed/ncpms_survey_sites_normalized.csv
NCPMS-36.7464860-127.1187234-논벼,충청남도,천안시,,논벼,,36.746486,127.1187234,NCPMS 공식 조사지점·예찰망 위치,아니오,농가명·소유자 위치가 아니라 공식 조사망의 대표 관측 위치입니다.,1263,data/processed/ncpms_survey_sites_normalized.csv
NCPMS-37.0393466-128.3095382-논벼,충청북도,단양군,매포읍,논벼,,37.0393466,128.3095382,NCPMS 공식 조사지점·예찰망 위치,아니오,농가명·소유자 위치가 아니라 공식 조사망의 대표 관측 위치입니다.,1268,data/processed/ncpms_survey_sites_normalized.csv
NCPMS-36.3258426-127.7694037-논벼,충청북도,옥천군,청산면,논벼,,36.3258426,127.7694037,NCPMS 공식 조사지점·예찰망 위치,아니오,농가명·소유자 위치가 아니라 공식 조사망의 대표 관측 위치입니다.,1271,data/processed/ncpms_survey_sites_normalized.csv
NCPMS-37.1607910-128.1754496-논벼,충청북도,제천시,봉양읍,논벼,,37.160791,128.1754496,NCPMS 공식 조사지점·예찰망 위치,아니오,농가명·소유자 위치가 아니라 공식 조사망의 대표 관측 위치입니다.,1273,data/processed/ncpms_survey_sites_normalized.csv
NCPMS-36.9501999-127.8971794-논벼,충청북도,충주시,달천동,논벼,,36.9501999,127.8971794,NCPMS 공식 조사지점·예찰망 위치,아니오,농가명·소유자 위치가 아니라 공식 조사망의 대표 관측 위치입니다.,1276,data/processed/ncpms_survey_sites_normalized.csv
NCPMS-38.0923112-128.6325575-논벼,강원도,양양군,양양읍,논벼,,38.0923112,128.6325575,NCPMS 공식 조사지점·예찰망 위치,아니오,농가명·소유자 위치가 아니라 공식 조사망의 대표 관측 위치입니다.,1282,data/processed/ncpms_survey_sites_normalized.csv
NCPMS-37.0131903-126.9809141-논벼,경기도,평택시,오성면,논벼,,37.0131903,126.9809141,NCPMS 공식 조사지점·예찰망 위치,아니오,농가명·소유자 위치가 아니라 공식 조사망의 대표 관측 위치입니다.,1306,data/processed/ncpms_survey_sites_normalized.csv
NCPMS-35.5621101-128.1598927-논벼,경상남도,합천군,합천읍,논벼,,35.5621101,128.1598927,NCPMS 공식 조사지점·예찰망 위치,아니오,농가명·소유자 위치가 아니라 공식 조사망의 대표 관측 위치입니다.,1326,data/processed/ncpms_survey_sites_normalized.csv
NCPMS-36.3820156-129.3841290-논벼,경상북도,영덕군,강구면,논벼,,36.3820156,129.384129,NCPMS 공식 조사지점·예찰망 위치,아니오,농가명·소유자 위치가 아니라 공식 조사망의 대표 관측 위치입니다.,1339,data/processed/ncpms_survey_sites_normalized.csv
NCPMS-36.3818470-129.3841584-논벼,경상북도,영덕군,강구면,논벼,,36.381847,129.3841584,NCPMS 공식 조사지점·예찰망 위치,아니오,농가명·소유자 위치가 아니라 공식 조사망의 대표 관측 위치입니다.,1340,data/processed/ncpms_survey_sites_normalized.csv
NCPMS-38.8888889-128.6477778-논벼,강원도,양양군,양양읍,논벼,,38.8888889,128.6477778,NCPMS 공식 조사지점·예찰망 위치,아니오,농가명·소유자 위치가 아니라 공식 조사망의 대표 관측 위치입니다.,1438,data/processed/ncpms_survey_sites_normalized.csv
NCPMS-37.0061214-127.0556537-논벼,경기도,평택시,고덕면,논벼,,37.0061214,127.0556537,NCPMS 공식 조사지점·예찰망 위치,아니오,농가명·소유자 위치가 아니라 공식 조사망의 대표 관측 위치입니다.,1461,data/processed/ncpms_survey_sites_normalized.csv
NCPMS-35.3994435-127.9014089-논벼,경상남도,산청군,산청읍,논벼,,35.3994435,127.9014089,NCPMS 공식 조사지점·예찰망 위치,아니오,농가명·소유자 위치가 아니라 공식 조사망의 대표 관측 위치입니다.,1472,data/processed/ncpms_survey_sites_normalized.csv
NCPMS-35.5542153-128.1085437-논벼,경상남도,합천군,용주면,논벼,,35.5542153,128.1085437,NCPMS 공식 조사지점·예찰망 위치,아니오,농가명·소유자 위치가 아니라 공식 조사망의 대표 관측 위치입니다.,1481,data/processed/ncpms_survey_sites_normalized.csv
NCPMS-35.6663562-128.6897891-논벼,경상북도,청도군,화양읍,논벼,,35.6663562,128.6897891,NCPMS 공식 조사지점·예찰망 위치,아니오,농가명·소유자 위치가 아니라 공식 조사망의 대표 관측 위치입니다.,1500,data/processed/ncpms_survey_sites_normalized.csv
NCPMS-35.0250026-126.8204219-논벼,전라남도,나주시,산포면,논벼,,35.0250026,126.8204219,NCPMS 공식 조사지점·예찰망 위치,아니오,농가명·소유자 위치가 아니라 공식 조사망의 대표 관측 위치입니다.,1516,data/processed/ncpms_survey_sites_normalized.csv
NCPMS-37.3086042-127.9105919-논벼,강원도,원주시,흥업면,논벼,,37.3086042,127.9105919,NCPMS 공식 조사지점·예찰망 위치,아니오,농가명·소유자 위치가 아니라 공식 조사망의 대표 관측 위치입니다.,1579,data/processed/ncpms_survey_sites_normalized.csv
NCPMS-37.8459037-127.5006028-논벼,경기도,가평군,가평읍,논벼,,37.8459037,127.5006028,NCPMS 공식 조사지점·예찰망 위치,아니오,농가명·소유자 위치가 아니라 공식 조사망의 대표 관측 위치입니다.,1588,data/processed/ncpms_survey_sites_normalized.csv
NCPMS-37.3913483-126.7920398-논벼,경기도,시흥시,연성동,논벼,,37.3913483,126.7920398,NCPMS 공식 조사지점·예찰망 위치,아니오,농가명·소유자 위치가 아니라 공식 조사망의 대표 관측 위치입니다.,1592,data/processed/ncpms_survey_sites_normalized.csv
NCPMS-35.4448371-128.7569342-논벼,경상남도,밀양시,상남면,논벼,,35.4448371,128.7569342,NCPMS 공식 조사지점·예찰망 위치,아니오,농가명·소유자 위치가 아니라 공식 조사망의 대표 관측 위치입니다.,1612,data/processed/ncpms_survey_sites_normalized.csv
NCPMS-35.3221689-128.2566137-논벼,경상남도,의령군,의령읍,논벼,,35.3221689,128.2566137,NCPMS 공식 조사지점·예찰망 위치,아니오,농가명·소유자 위치가 아니라 공식 조사망의 대표 관측 위치입니다.,1616,data/processed/ncpms_survey_sites_normalized.csv
NCPMS-35.0786934-127.7680373-논벼,경상남도,하동군,적량면,논벼,,35.0786934,127.7680373,NCPMS 공식 조사지점·예찰망 위치,아니오,농가명·소유자 위치가 아니라 공식 조사망의 대표 관측 위치입니다.,1621,data/processed/ncpms_survey_sites_normalized.csv
NCPMS-35.2092581-128.9617472-논벼,부산광역시,강서구,대저1동,논벼,,35.2092581,128.9617472,NCPMS 공식 조사지점·예찰망 위치,아니오,농가명·소유자 위치가 아니라 공식 조사망의 대표 관측 위치입니다.,1654,data/processed/ncpms_survey_sites_normalized.csv
NCPMS-35.3182420-126.7956372-논벼,전라남도,장성군,장성읍,논벼,,35.318242,126.7956372,NCPMS 공식 조사지점·예찰망 위치,아니오,농가명·소유자 위치가 아니라 공식 조사망의 대표 관측 위치입니다.,1679,data/processed/ncpms_survey_sites_normalized.csv
NCPMS-35.0542466-126.5414865-논벼,전라남도,함평군,학교면,논벼,,35.0542466,126.5414865,NCPMS 공식 조사지점·예찰망 위치,아니오,농가명·소유자 위치가 아니라 공식 조사망의 대표 관측 위치입니다.,1683,data/processed/ncpms_survey_sites_normalized.csv
NCPMS-35.3856518-127.1438137-논벼,전라북도,순창군,순창읍,논벼,,35.3856518,127.1438137,NCPMS 공식 조사지점·예찰망 위치,아니오,농가명·소유자 위치가 아니라 공식 조사망의 대표 관측 위치입니다.,1692,data/processed/ncpms_survey_sites_normalized.csv
NCPMS-35.6598486-127.2616114-논벼,전라북도,임실군,신평면,논벼,,35.6598486,127.2616114,NCPMS 공식 조사지점·예찰망 위치,아니오,농가명·소유자 위치가 아니라 공식 조사망의 대표 관측 위치입니다.,1696,data/processed/ncpms_survey_sites_normalized.csv
NCPMS-36.8596427-127.4608382-논벼,충청북도,진천군,진천읍,논벼,,36.8596427,127.4608382,NCPMS 공식 조사지점·예찰망 위치,아니오,농가명·소유자 위치가 아니라 공식 조사망의 대표 관측 위치입니다.,1730,data/processed/ncpms_survey_sites_normalized.csv
NCPMS-37.3086039-127.9105888-논벼,강원도,원주시,흥업면,논벼,,37.3086039,127.9105888,NCPMS 공식 조사지점·예찰망 위치,아니오,농가명·소유자 위치가 아니라 공식 조사망의 대표 관측 위치입니다.,1738,data/processed/ncpms_survey_sites_normalized.csv
NCPMS-35.4448351-128.7569349-논벼,경상남도,밀양시,상남면,논벼,,35.4448351,128.7569349,NCPMS 공식 조사지점·예찰망 위치,아니오,농가명·소유자 위치가 아니라 공식 조사망의 대표 관측 위치입니다.,1769,data/processed/ncpms_survey_sites_normalized.csv
NCPMS-35.0774424-127.7801012-논벼,경상남도,하동군,적량면,논벼,,35.0774424,127.7801012,NCPMS 공식 조사지점·예찰망 위치,아니오,농가명·소유자 위치가 아니라 공식 조사망의 대표 관측 위치입니다.,1777,data/processed/ncpms_survey_sites_normalized.csv
NCPMS-35.5543219-128.1086167-논벼,경상남도,합천군,용주면,논벼,,35.5543219,128.1086167,NCPMS 공식 조사지점·예찰망 위치,아니오,농가명·소유자 위치가 아니라 공식 조사망의 대표 관측 위치입니다.,1780,data/processed/ncpms_survey_sites_normalized.csv
NCPMS-35.6982819-128.2827639-논벼,경상북도,고령군,고령읍,논벼,,35.6982819,128.2827639,NCPMS 공식 조사지점·예찰망 위치,아니오,농가명·소유자 위치가 아니라 공식 조사망의 대표 관측 위치입니다.,1783,data/processed/ncpms_survey_sites_normalized.csv
NCPMS-36.1007926-128.1224490-논벼,경상북도,김천시,양금동,논벼,,36.1007926,128.122449,NCPMS 공식 조사지점·예찰망 위치,아니오,농가명·소유자 위치가 아니라 공식 조사망의 대표 관측 위치입니다.,1785,data/processed/ncpms_survey_sites_normalized.csv
NCPMS-34.3045340-126.7239401-논벼,전라남도,완도군,완도읍,논벼,,34.304534,126.7239401,NCPMS 공식 조사지점·예찰망 위치,아니오,농가명·소유자 위치가 아니라 공식 조사망의 대표 관측 위치입니다.,1825,data/processed/ncpms_survey_sites_normalized.csv
NCPMS-35.0542490-126.5414897-논벼,전라남도,함평군,학교면,논벼,,35.054249,126.5414897,NCPMS 공식 조사지점·예찰망 위치,아니오,농가명·소유자 위치가 아니라 공식 조사망의 대표 관측 위치입니다.,1830,data/processed/ncpms_survey_sites_normalized.csv
NCPMS-36.4932916-127.0967200-논벼,충청남도,공주시,우성면,논벼,,36.4932916,127.09672,NCPMS 공식 조사지점·예찰망 위치,아니오,농가명·소유자 위치가 아니라 공식 조사망의 대표 관측 위치입니다.,1848,data/processed/ncpms_survey_sites_normalized.csv
NCPMS-37.5394673-129.0962011-논벼,강원도,동해시,부곡동,논벼,,37.5394673,129.0962011,NCPMS 공식 조사지점·예찰망 위치,아니오,농가명·소유자 위치가 아니라 공식 조사망의 대표 관측 위치입니다.,1876,data/processed/ncpms_survey_sites_normalized.csv
NCPMS-37.2365798-128.4257585-논벼,강원도,영월군,북면,논벼,,37.2365798,128.4257585,NCPMS 공식 조사지점·예찰망 위치,아니오,농가명·소유자 위치가 아니라 공식 조사망의 대표 관측 위치입니다.,1881,data/processed/ncpms_survey_sites_normalized.csv
NCPMS-37.2369524-128.4259961-논벼,강원도,영월군,북면,논벼,,37.2369524,128.4259961,NCPMS 공식 조사지점·예찰망 위치,아니오,농가명·소유자 위치가 아니라 공식 조사망의 대표 관측 위치입니다.,1882,data/processed/ncpms_survey_sites_normalized.csv
NCPMS-37.4352778-128.6569444-논벼,강원도,정선군,북평면,논벼,,37.4352778,128.6569444,NCPMS 공식 조사지점·예찰망 위치,아니오,농가명·소유자 위치가 아니라 공식 조사망의 대표 관측 위치입니다.,1885,data/processed/ncpms_survey_sites_normalized.csv
NCPMS-37.4317509-127.2344431-논벼,경기도,광주시,송정동,논벼,,37.4317509,127.2344431,NCPMS 공식 조사지점·예찰망 위치,아니오,농가명·소유자 위치가 아니라 공식 조사망의 대표 관측 위치입니다.,1895,data/processed/ncpms_survey_sites_normalized.csv
NCPMS-38.3783333-128.4666667-논벼,경상남도,고성군,간성읍,논벼,,38.3783333,128.4666667,NCPMS 공식 조사지점·예찰망 위치,아니오,농가명·소유자 위치가 아니라 공식 조사망의 대표 관측 위치입니다.,1914,data/processed/ncpms_survey_sites_normalized.csv
NCPMS-34.8127481-127.9192848-논벼,경상남도,남해군,이동면,논벼,,34.8127481,127.9192848,NCPMS 공식 조사지점·예찰망 위치,아니오,농가명·소유자 위치가 아니라 공식 조사망의 대표 관측 위치입니다.,1918,data/processed/ncpms_survey_sites_normalized.csv
NCPMS-35.1211057-128.4667052-논벼,경상남도,창원시 마산,진북면,논벼,,35.1211057,128.4667052,NCPMS 공식 조사지점·예찰망 위치,아니오,농가명·소유자 위치가 아니라 공식 조사망의 대표 관측 위치입니다.,1927,data/processed/ncpms_survey_sites_normalized.csv
NCPMS-35.1331986-128.7101847-논벼,경상남도,창원시 진해,웅천동,논벼,,35.1331986,128.7101847,NCPMS 공식 조사지점·예찰망 위치,아니오,농가명·소유자 위치가 아니라 공식 조사망의 대표 관측 위치입니다.,1928,data/processed/ncpms_survey_sites_normalized.csv
NCPMS-34.8751548-128.4124260-논벼,경상남도,통영시,광도면,논벼,,34.8751548,128.412426,NCPMS 공식 조사지점·예찰망 위치,아니오,농가명·소유자 위치가 아니라 공식 조사망의 대표 관측 위치입니다.,1929,data/processed/ncpms_survey_sites_normalized.csv
NCPMS-35.5195353-127.7316903-논벼,경상남도,함양군,함양읍,논벼,,35.5195353,127.7316903,NCPMS 공식 조사지점·예찰망 위치,아니오,농가명·소유자 위치가 아니라 공식 조사망의 대표 관측 위치입니다.,1933,data/processed/ncpms_survey_sites_normalized.csv
NCPMS-35.8032053-128.8358111-논벼,경상북도,경산시,자인면,논벼,,35.8032053,128.8358111,NCPMS 공식 조사지점·예찰망 위치,아니오,농가명·소유자 위치가 아니라 공식 조사망의 대표 관측 위치입니다.,1935,data/processed/ncpms_survey_sites_normalized.csv
NCPMS-36.4529716-128.1672571-논벼,경상북도,상주시,북문동,논벼,,36.4529716,128.1672571,NCPMS 공식 조사지점·예찰망 위치,아니오,농가명·소유자 위치가 아니라 공식 조사망의 대표 관측 위치입니다.,1943,data/processed/ncpms_survey_sites_normalized.csv
NCPMS-36.4420706-128.1706895-논벼,경상북도,상주시,북문동,논벼,,36.4420706,128.1706895,NCPMS 공식 조사지점·예찰망 위치,아니오,농가명·소유자 위치가 아니라 공식 조사망의 대표 관측 위치입니다.,1944,data/processed/ncpms_survey_sites_normalized.csv
NCPMS-36.5377259-128.8020287-논벼,경상북도,안동시,용상동,논벼,,36.5377259,128.8020287,NCPMS 공식 조사지점·예찰망 위치,아니오,농가명·소유자 위치가 아니라 공식 조사망의 대표 관측 위치입니다.,1948,data/processed/ncpms_survey_sites_normalized.csv
NCPMS-36.6558868-129.1105052-논벼,경상북도,영양군,영양읍,논벼,,36.6558868,129.1105052,NCPMS 공식 조사지점·예찰망 위치,아니오,농가명·소유자 위치가 아니라 공식 조사망의 대표 관측 위치입니다.,1951,data/processed/ncpms_survey_sites_normalized.csv
NCPMS-35.1981700-127.4626879-논벼,전라남도,구례군,구례읍,논벼,,35.19817,127.4626879,NCPMS 공식 조사지점·예찰망 위치,아니오,농가명·소유자 위치가 아니라 공식 조사망의 대표 관측 위치입니다.,1980,data/processed/ncpms_survey_sites_normalized.csv
NCPMS-34.9963268-126.4819563-논벼,전라남도,무안군,무안읍,논벼,,34.9963268,126.4819563,NCPMS 공식 조사지점·예찰망 위치,아니오,농가명·소유자 위치가 아니라 공식 조사망의 대표 관측 위치입니다.,1986,data/processed/ncpms_survey_sites_normalized.csv
NCPMS-35.0529049-126.5394351-논벼,전라남도,함평군,학교면,논벼,,35.0529049,126.5394351,NCPMS 공식 조사지점·예찰망 위치,아니오,농가명·소유자 위치가 아니라 공식 조사망의 대표 관측 위치입니다.,2000,data/processed/ncpms_survey_sites_normalized.csv
NCPMS-35.3856361-127.1440083-논벼,전라북도,순창군,순창읍,논벼,,35.3856361,127.1440083,NCPMS 공식 조사지점·예찰망 위치,아니오,농가명·소유자 위치가 아니라 공식 조사망의 대표 관측 위치입니다.,2009,data/processed/ncpms_survey_sites_normalized.csv
NCPMS-36.0848806-126.9525667-논벼,전라북도,익산시,함열읍,논벼,,36.0848806,126.9525667,NCPMS 공식 조사지점·예찰망 위치,아니오,농가명·소유자 위치가 아니라 공식 조사망의 대표 관측 위치입니다.,2012,data/processed/ncpms_survey_sites_normalized.csv
NCPMS-35.8505814-127.0603055-논벼,전라북도,전주시,동산동,논벼,,35.8505814,127.0603055,NCPMS 공식 조사지점·예찰망 위치,아니오,농가명·소유자 위치가 아니라 공식 조사망의 대표 관측 위치입니다.,2015,data/processed/ncpms_survey_sites_normalized.csv
NCPMS-36.5732429-127.2825271-논벼,충청남도,연기군,서면,논벼,,36.5732429,127.2825271,NCPMS 공식 조사지점·예찰망 위치,아니오,농가명·소유자 위치가 아니라 공식 조사망의 대표 관측 위치입니다.,2034,data/processed/ncpms_survey_sites_normalized.csv
NCPMS-36.7855488-127.5840127-논벼,충청북도,증평군,증평읍,논벼,,36.7855488,127.5840127,NCPMS 공식 조사지점·예찰망 위치,아니오,농가명·소유자 위치가 아니라 공식 조사망의 대표 관측 위치입니다.,2049,data/processed/ncpms_survey_sites_normalized.csv
NCPMS-36.5872590-127.5036316-논벼,충청북도,청주시,남일면,논벼,,36.587259,127.5036316,NCPMS 공식 조사지점·예찰망 위치,아니오,농가명·소유자 위치가 아니라 공식 조사망의 대표 관측 위치입니다.,2051,data/processed/ncpms_survey_sites_normalized.csv
NCPMS-36.7264771-127.4630126-논벼,충청북도,청주시,오창읍,논벼,,36.7264771,127.4630126,NCPMS 공식 조사지점·예찰망 위치,아니오,농가명·소유자 위치가 아니라 공식 조사망의 대표 관측 위치입니다.,2052,data/processed/ncpms_survey_sites_normalized.csv
NCPMS-38.0860099-127.9933454-논벼,강원도,양구군,남면,논벼,,38.0860099,127.9933454,NCPMS 공식 조사지점·예찰망 위치,아니오,농가명·소유자 위치가 아니라 공식 조사망의 대표 관측 위치입니다.,2058,data/processed/ncpms_survey_sites_normalized.csv
NCPMS-35.8034013-128.8360242-논벼,경상북도,경산시,자인면,논벼,,35.8034013,128.8360242,NCPMS 공식 조사지점·예찰망 위치,아니오,농가명·소유자 위치가 아니라 공식 조사망의 대표 관측 위치입니다.,2105,data/processed/ncpms_survey_sites_normalized.csv
NCPMS-36.5376534-128.8020583-논벼,경상북도,안동시,용상동,논벼,,36.5376534,128.8020583,NCPMS 공식 조사지점·예찰망 위치,아니오,농가명·소유자 위치가 아니라 공식 조사망의 대표 관측 위치입니다.,2114,data/processed/ncpms_survey_sites_normalized.csv
NCPMS-36.3854134-129.0935775-논벼,경상북도,청송군,청송읍,논벼,,36.3854134,129.0935775,NCPMS 공식 조사지점·예찰망 위치,아니오,농가명·소유자 위치가 아니라 공식 조사망의 대표 관측 위치입니다.,2124,data/processed/ncpms_survey_sites_normalized.csv
NCPMS-35.2092590-128.9617478-논벼,부산광역시,강서구,대저1동,논벼,,35.209259,128.9617478,NCPMS 공식 조사지점·예찰망 위치,아니오,농가명·소유자 위치가 아니라 공식 조사망의 대표 관측 위치입니다.,2131,data/processed/ncpms_survey_sites_normalized.csv
NCPMS-35.1980107-127.4628451-논벼,전라남도,구례군,구례읍,논벼,,35.1980107,127.4628451,NCPMS 공식 조사지점·예찰망 위치,아니오,농가명·소유자 위치가 아니라 공식 조사망의 대표 관측 위치입니다.,2140,data/processed/ncpms_survey_sites_normalized.csv
NCPMS-38.0894444-127.9919444-논벼,강원도,양구군,양구읍,논벼,,38.0894444,127.9919444,NCPMS 공식 조사지점·예찰망 위치,아니오,농가명·소유자 위치가 아니라 공식 조사망의 대표 관측 위치입니다.,2206,data/processed/ncpms_survey_sites_normalized.csv
NCPMS-37.1747490-128.9879249-논벼,강원도,태백시,삼수동,논벼,,37.174749,128.9879249,NCPMS 공식 조사지점·예찰망 위치,아니오,농가명·소유자 위치가 아니라 공식 조사망의 대표 관측 위치입니다.,2218,data/processed/ncpms_survey_sites_normalized.csv
NCPMS-37.9354850-126.8651639-논벼,경기도,파주시,파평면,논벼,,37.935485,126.8651639,NCPMS 공식 조사지점·예찰망 위치,아니오,농가명·소유자 위치가 아니라 공식 조사망의 대표 관측 위치입니다.,2235,data/processed/ncpms_survey_sites_normalized.csv
NCPMS-36.9137901-128.8047406-논벼,경상북도,봉화군,봉성면,논벼,,36.9137901,128.8047406,NCPMS 공식 조사지점·예찰망 위치,아니오,농가명·소유자 위치가 아니라 공식 조사망의 대표 관측 위치입니다.,2270,data/processed/ncpms_survey_sites_normalized.csv
NCPMS-36.3787320-128.4390134-논벼,경상북도,의성군,안계면,논벼,,36.378732,128.4390134,NCPMS 공식 조사지점·예찰망 위치,아니오,농가명·소유자 위치가 아니라 공식 조사망의 대표 관측 위치입니다.,2284,data/processed/ncpms_survey_sites_normalized.csv
NCPMS-35.7838311-128.4459988-논벼,대구광역시,달성군,옥포면,논벼,,35.7838311,128.4459988,NCPMS 공식 조사지점·예찰망 위치,아니오,농가명·소유자 위치가 아니라 공식 조사망의 대표 관측 위치입니다.,2293,data/processed/ncpms_survey_sites_normalized.csv
NCPMS-35.2524705-129.1950692-논벼,부산광역시,기장군,기장읍,논벼,,35.2524705,129.1950692,NCPMS 공식 조사지점·예찰망 위치,아니오,농가명·소유자 위치가 아니라 공식 조사망의 대표 관측 위치입니다.,2297,data/processed/ncpms_survey_sites_normalized.csv
NCPMS-35.3109045-126.9741328-논벼,전라남도,담양군,담양읍,논벼,,35.3109045,126.9741328,NCPMS 공식 조사지점·예찰망 위치,아니오,농가명·소유자 위치가 아니라 공식 조사망의 대표 관측 위치입니다.,2312,data/processed/ncpms_survey_sites_normalized.csv
NCPMS-35.3100066-126.9734118-논벼,전라남도,담양군,담양읍,논벼,,35.3100066,126.9734118,NCPMS 공식 조사지점·예찰망 위치,아니오,농가명·소유자 위치가 아니라 공식 조사망의 대표 관측 위치입니다.,2314,data/processed/ncpms_survey_sites_normalized.csv
NCPMS-36.8194686-127.6489102-논벼,충청북도,괴산군,사리면,논벼,,36.8194686,127.6489102,NCPMS 공식 조사지점·예찰망 위치,아니오,농가명·소유자 위치가 아니라 공식 조사망의 대표 관측 위치입니다.,2372,data/processed/ncpms_survey_sites_normalized.csv
NCPMS-38.0897612-127.9919756-논벼,강원도,양구군,양구읍,논벼,,38.0897612,127.9919756,NCPMS 공식 조사지점·예찰망 위치,아니오,농가명·소유자 위치가 아니라 공식 조사망의 대표 관측 위치입니다.,2389,data/processed/ncpms_survey_sites_normalized.csv
NCPMS-38.0880556-128.2000000-논벼,강원도,인제군,인제읍,논벼,,38.0880556,128.2,NCPMS 공식 조사지점·예찰망 위치,아니오,농가명·소유자 위치가 아니라 공식 조사망의 대표 관측 위치입니다.,2392,data/processed/ncpms_survey_sites_normalized.csv
NCPMS-35.5509847-128.4778577-논벼,경상남도,창녕군,대지면,논벼,,35.5509847,128.4778577,NCPMS 공식 조사지점·예찰망 위치,아니오,농가명·소유자 위치가 아니라 공식 조사망의 대표 관측 위치입니다.,2431,data/processed/ncpms_survey_sites_normalized.csv
NCPMS-37.4561451-126.7052892-논벼,인천광역시,강화군,선원면,논벼,,37.4561451,126.7052892,NCPMS 공식 조사지점·예찰망 위치,아니오,농가명·소유자 위치가 아니라 공식 조사망의 대표 관측 위치입니다.,2467,data/processed/ncpms_survey_sites_normalized.csv
NCPMS-37.7014249-126.4721349-논벼,인천광역시,강화군,선원면,논벼,,37.7014249,126.4721349,NCPMS 공식 조사지점·예찰망 위치,아니오,농가명·소유자 위치가 아니라 공식 조사망의 대표 관측 위치입니다.,2468,data/processed/ncpms_survey_sites_normalized.csv
NCPMS-34.7869588-127.6569930-논벼,전라남도,여수시,주삼동,논벼,,34.7869588,127.656993,NCPMS 공식 조사지점·예찰망 위치,아니오,농가명·소유자 위치가 아니라 공식 조사망의 대표 관측 위치입니다.,2482,data/processed/ncpms_survey_sites_normalized.csv
NCPMS-36.8194642-127.6489128-논벼,충청북도,괴산군,사리면,논벼,,36.8194642,127.6489128,NCPMS 공식 조사지점·예찰망 위치,아니오,농가명·소유자 위치가 아니라 공식 조사망의 대표 관측 위치입니다.,2524,data/processed/ncpms_survey_sites_normalized.csv
NCPMS-36.8573310-127.4654288-논벼,충청북도,진천군,진천읍,논벼,,36.857331,127.4654288,NCPMS 공식 조사지점·예찰망 위치,아니오,농가명·소유자 위치가 아니라 공식 조사망의 대표 관측 위치입니다.,2531,data/processed/ncpms_survey_sites_normalized.csv
NCPMS-37.7651304-126.7961229-논벼,경기도,파주시,금촌1동,논벼,,37.7651304,126.7961229,NCPMS 공식 조사지점·예찰망 위치,아니오,농가명·소유자 위치가 아니라 공식 조사망의 대표 관측 위치입니다.,2558,data/processed/ncpms_survey_sites_normalized.csv
NCPMS-35.6982608-128.2827150-논벼,경상북도,고령군,고령읍,논벼,,35.6982608,128.282715,NCPMS 공식 조사지점·예찰망 위치,아니오,농가명·소유자 위치가 아니라 공식 조사망의 대표 관측 위치입니다.,2576,data/processed/ncpms_survey_sites_normalized.csv
NCPMS-36.1348425-129.3577750-논벼,경상북도,포항시,흥해읍,논벼,,36.1348425,129.357775,NCPMS 공식 조사지점·예찰망 위치,아니오,농가명·소유자 위치가 아니라 공식 조사망의 대표 관측 위치입니다.,2597,data/processed/ncpms_survey_sites_normalized.csv
NCPMS-37.7014100-126.4719783-논벼,인천광역시,강화군,선원면,논벼,,37.70141,126.4719783,NCPMS 공식 조사지점·예찰망 위치,아니오,농가명·소유자 위치가 아니라 공식 조사망의 대표 관측 위치입니다.,2604,data/processed/ncpms_survey_sites_normalized.csv
NCPMS-34.9475867-126.7358803-논벼,전라남도,나주시,세지면,논벼,,34.9475867,126.7358803,NCPMS 공식 조사지점·예찰망 위치,아니오,농가명·소유자 위치가 아니라 공식 조사망의 대표 관측 위치입니다.,2612,data/processed/ncpms_survey_sites_normalized.csv
NCPMS-34.9753168-126.7070664-논벼,전라남도,나주시,왕곡면,논벼,,34.9753168,126.7070664,NCPMS 공식 조사지점·예찰망 위치,아니오,농가명·소유자 위치가 아니라 공식 조사망의 대표 관측 위치입니다.,2613,data/processed/ncpms_survey_sites_normalized.csv
NCPMS-36.0045996-127.6681561-논벼,전라북도,무주군,무주읍,논벼,,36.0045996,127.6681561,NCPMS 공식 조사지점·예찰망 위치,아니오,농가명·소유자 위치가 아니라 공식 조사망의 대표 관측 위치입니다.,2632,data/processed/ncpms_survey_sites_normalized.csv
NCPMS-36.0776645-126.7432281-논벼,충청남도,서천군,기산면,논벼,,36.0776645,126.7432281,NCPMS 공식 조사지점·예찰망 위치,아니오,농가명·소유자 위치가 아니라 공식 조사망의 대표 관측 위치입니다.,2647,data/processed/ncpms_survey_sites_normalized.csv
NCPMS-36.1179031-126.6889506-논벼,충청남도,서천군,종천면,논벼,,36.1179031,126.6889506,NCPMS 공식 조사지점·예찰망 위치,아니오,농가명·소유자 위치가 아니라 공식 조사망의 대표 관측 위치입니다.,2650,data/processed/ncpms_survey_sites_normalized.csv
NCPMS-36.5875221-127.5036512-논벼,충청북도,청주시,지북동,논벼,,36.5875221,127.5036512,NCPMS 공식 조사지점·예찰망 위치,아니오,농가명·소유자 위치가 아니라 공식 조사망의 대표 관측 위치입니다.,2662,data/processed/ncpms_survey_sites_normalized.csv
NCPMS-37.7652849-126.7957119-논벼,경기도,파주시,월롱면,논벼,,37.7652849,126.7957119,NCPMS 공식 조사지점·예찰망 위치,아니오,농가명·소유자 위치가 아니라 공식 조사망의 대표 관측 위치입니다.,2687,data/processed/ncpms_survey_sites_normalized.csv
NCPMS-34.9752618-126.7071130-논벼,전라남도,나주시,왕곡면,논벼,,34.9752618,126.707113,NCPMS 공식 조사지점·예찰망 위치,아니오,농가명·소유자 위치가 아니라 공식 조사망의 대표 관측 위치입니다.,2740,data/processed/ncpms_survey_sites_normalized.csv
NCPMS-35.6553972-127.2654389-논벼,전라북도,임실군,신평면,논벼,,35.6553972,127.2654389,NCPMS 공식 조사지점·예찰망 위치,아니오,농가명·소유자 위치가 아니라 공식 조사망의 대표 관측 위치입니다.,2767,data/processed/ncpms_survey_sites_normalized.csv
NCPMS-35.9166434-128.2524427-논벼,경상북도,성주군,성주읍,논벼,,35.9166434,128.2524427,NCPMS 공식 조사지점·예찰망 위치,아니오,농가명·소유자 위치가 아니라 공식 조사망의 대표 관측 위치입니다.,2839,data/processed/ncpms_survey_sites_normalized.csv
NCPMS-35.1600253-126.8510439-논벼,광주광역시,광산구,송정2동,논벼,,35.1600253,126.8510439,NCPMS 공식 조사지점·예찰망 위치,아니오,농가명·소유자 위치가 아니라 공식 조사망의 대표 관측 위치입니다.,2856,data/processed/ncpms_survey_sites_normalized.csv
NCPMS-36.3080208-127.3063785-논벼,대전광역시,유성구,진잠동,논벼,,36.3080208,127.3063785,NCPMS 공식 조사지점·예찰망 위치,아니오,농가명·소유자 위치가 아니라 공식 조사망의 대표 관측 위치입니다.,2858,data/processed/ncpms_survey_sites_normalized.csv
NCPMS-34.9933125-127.5788338-논벼,전라남도,광양시,봉강면,논벼,,34.9933125,127.5788338,NCPMS 공식 조사지점·예찰망 위치,아니오,농가명·소유자 위치가 아니라 공식 조사망의 대표 관측 위치입니다.,2864,data/processed/ncpms_survey_sites_normalized.csv
NCPMS-35.4850056-126.7015198-논벼,전라북도,고창군,신림면,논벼,,35.4850056,126.7015198,NCPMS 공식 조사지점·예찰망 위치,아니오,농가명·소유자 위치가 아니라 공식 조사망의 대표 관측 위치입니다.,2884,data/processed/ncpms_survey_sites_normalized.csv
NCPMS-35.4850233-126.7013655-논벼,전라북도,고창군,신림면,논벼,,35.4850233,126.7013655,NCPMS 공식 조사지점·예찰망 위치,아니오,농가명·소유자 위치가 아니라 공식 조사망의 대표 관측 위치입니다.,2885,data/processed/ncpms_survey_sites_normalized.csv
NCPMS-36.8135146-127.7823971-논벼,충청북도,괴산군,괴산읍,논벼,,36.8135146,127.7823971,NCPMS 공식 조사지점·예찰망 위치,아니오,농가명·소유자 위치가 아니라 공식 조사망의 대표 관측 위치입니다.,2911,data/processed/ncpms_survey_sites_normalized.csv
NCPMS-36.5872590-127.5036316-논벼,충청북도,청원구,,논벼,,36.587259,127.5036316,NCPMS 공식 조사지점·예찰망 위치,아니오,농가명·소유자 위치가 아니라 공식 조사망의 대표 관측 위치입니다.,2919,data/processed/ncpms_survey_sites_normalized.csv
NCPMS-36.7264771-127.4630126-논벼,충청북도,청원구,,논벼,,36.7264771,127.4630126,NCPMS 공식 조사지점·예찰망 위치,아니오,농가명·소유자 위치가 아니라 공식 조사망의 대표 관측 위치입니다.,2920,data/processed/ncpms_survey_sites_normalized.csv
NCPMS-35.6765689-127.9224171-논벼,경상남도,거창군,거창읍,논벼,,35.6765689,127.9224171,NCPMS 공식 조사지점·예찰망 위치,아니오,농가명·소유자 위치가 아니라 공식 조사망의 대표 관측 위치입니다.,2952,data/processed/ncpms_survey_sites_normalized.csv
NCPMS-35.5541862-128.1092862-논벼,경상남도,합천군,용주면,논벼,,35.5541862,128.1092862,NCPMS 공식 조사지점·예찰망 위치,아니오,농가명·소유자 위치가 아니라 공식 조사망의 대표 관측 위치입니다.,2965,data/processed/ncpms_survey_sites_normalized.csv
NCPMS-35.9166433-128.2524427-논벼,경상북도,성주군,성주읍,논벼,,35.9166433,128.2524427,NCPMS 공식 조사지점·예찰망 위치,아니오,농가명·소유자 위치가 아니라 공식 조사망의 대표 관측 위치입니다.,2973,data/processed/ncpms_survey_sites_normalized.csv
NCPMS-36.0388644-128.3829010-논벼,경상북도,칠곡군,약목면,논벼,,36.0388644,128.382901,NCPMS 공식 조사지점·예찰망 위치,아니오,농가명·소유자 위치가 아니라 공식 조사망의 대표 관측 위치입니다.,2984,data/processed/ncpms_survey_sites_normalized.csv
NCPMS-35.1353901-126.7873633-논벼,광주광역시,광산구,송정2동,논벼,,35.1353901,126.7873633,NCPMS 공식 조사지점·예찰망 위치,아니오,농가명·소유자 위치가 아니라 공식 조사망의 대표 관측 위치입니다.,2986,data/processed/ncpms_survey_sites_normalized.csv
NCPMS-36.2834445-127.2554763-논벼,대전광역시,유성구,진잠동,논벼,,36.2834445,127.2554763,NCPMS 공식 조사지점·예찰망 위치,아니오,농가명·소유자 위치가 아니라 공식 조사망의 대표 관측 위치입니다.,2988,data/processed/ncpms_survey_sites_normalized.csv
NCPMS-34.6440853-126.7916576-논벼,전라남도,강진군,군동면,논벼,,34.6440853,126.7916576,NCPMS 공식 조사지점·예찰망 위치,아니오,농가명·소유자 위치가 아니라 공식 조사망의 대표 관측 위치입니다.,2993,data/processed/ncpms_survey_sites_normalized.csv
NCPMS-35.1980038-127.4627616-논벼,전라남도,구례군,구례읍,논벼,,35.1980038,127.4627616,NCPMS 공식 조사지점·예찰망 위치,아니오,농가명·소유자 위치가 아니라 공식 조사망의 대표 관측 위치입니다.,2997,data/processed/ncpms_survey_sites_normalized.csv
NCPMS-34.9754311-126.7070774-논벼,전라남도,나주시,왕곡면,논벼,,34.9754311,126.7070774,NCPMS 공식 조사지점·예찰망 위치,아니오,농가명·소유자 위치가 아니라 공식 조사망의 대표 관측 위치입니다.,2999,data/processed/ncpms_survey_sites_normalized.csv
NCPMS-35.3112506-126.9739876-논벼,전라남도,담양군,담양읍,논벼,,35.3112506,126.9739876,NCPMS 공식 조사지점·예찰망 위치,아니오,농가명·소유자 위치가 아니라 공식 조사망의 대표 관측 위치입니다.,3000,data/processed/ncpms_survey_sites_normalized.csv
NCPMS-35.0577958-127.2821244-논벼,전라남도,순천시,주암면,논벼,,35.0577958,127.2821244,NCPMS 공식 조사지점·예찰망 위치,아니오,농가명·소유자 위치가 아니라 공식 조사망의 대표 관측 위치입니다.,3003,data/processed/ncpms_survey_sites_normalized.csv
NCPMS-35.4850957-126.7014842-논벼,전라북도,고창군,신림면,논벼,,35.4850957,126.7014842,NCPMS 공식 조사지점·예찰망 위치,아니오,농가명·소유자 위치가 아니라 공식 조사망의 대표 관측 위치입니다.,3016,data/processed/ncpms_survey_sites_normalized.csv
NCPMS-35.7421526-127.4298992-논벼,전라북도,진안군,진안읍,논벼,,35.7421526,127.4298992,NCPMS 공식 조사지점·예찰망 위치,아니오,농가명·소유자 위치가 아니라 공식 조사망의 대표 관측 위치입니다.,3029,data/processed/ncpms_survey_sites_normalized.csv
NCPMS-36.8573326-127.4654263-논벼,충청북도,진천군,진천읍,논벼,,36.8573326,127.4654263,NCPMS 공식 조사지점·예찰망 위치,아니오,농가명·소유자 위치가 아니라 공식 조사망의 대표 관측 위치입니다.,3052,data/processed/ncpms_survey_sites_normalized.csv
NCPMS-36.5899675-127.5059313-논벼,충청북도,청원구,,논벼,,36.5899675,127.5059313,NCPMS 공식 조사지점·예찰망 위치,아니오,농가명·소유자 위치가 아니라 공식 조사망의 대표 관측 위치입니다.,3054,data/processed/ncpms_survey_sites_normalized.csv
NCPMS-37.8563817-128.8484721-논벼,강원도,강릉시,연곡면,논벼,,37.8563817,128.8484721,NCPMS 공식 조사지점·예찰망 위치,아니오,농가명·소유자 위치가 아니라 공식 조사망의 대표 관측 위치입니다.,3056,data/processed/ncpms_survey_sites_normalized.csv
NCPMS-35.6983510-128.2828593-논벼,경상북도,고령군,고령읍,논벼,,35.698351,128.2828593,NCPMS 공식 조사지점·예찰망 위치,아니오,농가명·소유자 위치가 아니라 공식 조사망의 대표 관측 위치입니다.,3094,data/processed/ncpms_survey_sites_normalized.csv
NCPMS-35.6663181-128.6897640-논벼,경상북도,청도군,화양읍,논벼,,35.6663181,128.689764,NCPMS 공식 조사지점·예찰망 위치,아니오,농가명·소유자 위치가 아니라 공식 조사망의 대표 관측 위치입니다.,3108,data/processed/ncpms_survey_sites_normalized.csv
NCPMS-36.0387617-128.3828179-논벼,경상북도,칠곡군,약목면,논벼,,36.0387617,128.3828179,NCPMS 공식 조사지점·예찰망 위치,아니오,농가명·소유자 위치가 아니라 공식 조사망의 대표 관측 위치입니다.,3112,data/processed/ncpms_survey_sites_normalized.csv
NCPMS-34.5668803-127.2567250-논벼,전라남도,고흥군,풍양면,논벼,,34.5668803,127.256725,NCPMS 공식 조사지점·예찰망 위치,아니오,농가명·소유자 위치가 아니라 공식 조사망의 대표 관측 위치입니다.,3120,data/processed/ncpms_survey_sites_normalized.csv
NCPMS-35.1960056-127.4595859-논벼,전라남도,구례군,구례읍,논벼,,35.1960056,127.4595859,NCPMS 공식 조사지점·예찰망 위치,아니오,농가명·소유자 위치가 아니라 공식 조사망의 대표 관측 위치입니다.,3123,data/processed/ncpms_survey_sites_normalized.csv
NCPMS-35.0575276-127.2826920-논벼,전라남도,순천시,주암면,논벼,,35.0575276,127.282692,NCPMS 공식 조사지점·예찰망 위치,아니오,농가명·소유자 위치가 아니라 공식 조사망의 대표 관측 위치입니다.,3129,data/processed/ncpms_survey_sites_normalized.csv
NCPMS-35.7483250-127.4253750-논벼,전라북도,진안군,진안읍,논벼,,35.748325,127.425375,NCPMS 공식 조사지점·예찰망 위치,아니오,농가명·소유자 위치가 아니라 공식 조사망의 대표 관측 위치입니다.,3154,data/processed/ncpms_survey_sites_normalized.csv
NCPMS-36.5725237-127.2834083-논벼,충청남도,연기군,서면,논벼,,36.5725237,127.2834083,NCPMS 공식 조사지점·예찰망 위치,아니오,농가명·소유자 위치가 아니라 공식 조사망의 대표 관측 위치입니다.,3164,data/processed/ncpms_survey_sites_normalized.csv
NCPMS-36.8140658-127.7785834-논벼,충청북도,괴산군,괴산읍,논벼,,36.8140658,127.7785834,NCPMS 공식 조사지점·예찰망 위치,아니오,농가명·소유자 위치가 아니라 공식 조사망의 대표 관측 위치입니다.,3168,data/processed/ncpms_survey_sites_normalized.csv
NCPMS-36.6169671-127.5663485-논벼,충청북도,청원구,,논벼,,36.6169671,127.5663485,NCPMS 공식 조사지점·예찰망 위치,아니오,농가명·소유자 위치가 아니라 공식 조사망의 대표 관측 위치입니다.,3176,data/processed/ncpms_survey_sites_normalized.csv
NCPMS-36.7226933-127.4649331-논벼,충청북도,청원구,,논벼,,36.7226933,127.4649331,NCPMS 공식 조사지점·예찰망 위치,아니오,농가명·소유자 위치가 아니라 공식 조사망의 대표 관측 위치입니다.,3178,data/processed/ncpms_survey_sites_normalized.csv
NCPMS-35.4468982-128.7564900-논벼,경상남도,밀양시,상남면,논벼,,35.4468982,128.75649,NCPMS 공식 조사지점·예찰망 위치,아니오,농가명·소유자 위치가 아니라 공식 조사망의 대표 관측 위치입니다.,3214,data/processed/ncpms_survey_sites_normalized.csv
NCPMS-35.1802682-128.1081275-논벼,경상남도,진주시,상대1동,논벼,,35.1802682,128.1081275,NCPMS 공식 조사지점·예찰망 위치,아니오,농가명·소유자 위치가 아니라 공식 조사망의 대표 관측 위치입니다.,3218,data/processed/ncpms_survey_sites_normalized.csv
NCPMS-35.6981833-128.2828773-논벼,경상북도,고령군,고령읍,논벼,,35.6981833,128.2828773,NCPMS 공식 조사지점·예찰망 위치,아니오,농가명·소유자 위치가 아니라 공식 조사망의 대표 관측 위치입니다.,3225,data/processed/ncpms_survey_sites_normalized.csv
NCPMS-35.6664706-128.6896993-논벼,경상북도,청도군,화양읍,논벼,,35.6664706,128.6896993,NCPMS 공식 조사지점·예찰망 위치,아니오,농가명·소유자 위치가 아니라 공식 조사망의 대표 관측 위치입니다.,3239,data/processed/ncpms_survey_sites_normalized.csv
NCPMS-36.1310154-129.3588555-논벼,경상북도,포항시,흥해읍,논벼,,36.1310154,129.3588555,NCPMS 공식 조사지점·예찰망 위치,아니오,농가명·소유자 위치가 아니라 공식 조사망의 대표 관측 위치입니다.,3241,data/processed/ncpms_survey_sites_normalized.csv
NCPMS-34.9901097-127.5783162-논벼,전라남도,광양시,봉강면,논벼,,34.9901097,127.5783162,NCPMS 공식 조사지점·예찰망 위치,아니오,농가명·소유자 위치가 아니라 공식 조사망의 대표 관측 위치입니다.,3252,data/processed/ncpms_survey_sites_normalized.csv
NCPMS-35.1980122-127.4628474-논벼,전라남도,구례군,구례읍,논벼,,35.1980122,127.4628474,NCPMS 공식 조사지점·예찰망 위치,아니오,농가명·소유자 위치가 아니라 공식 조사망의 대표 관측 위치입니다.,3253,data/processed/ncpms_survey_sites_normalized.csv
NCPMS-35.2676826-126.9582591-논벼,전라남도,담양군,담양읍,논벼,,35.2676826,126.9582591,NCPMS 공식 조사지점·예찰망 위치,아니오,농가명·소유자 위치가 아니라 공식 조사망의 대표 관측 위치입니다.,3256,data/processed/ncpms_survey_sites_normalized.csv
NCPMS-35.4848072-126.7014853-논벼,전라북도,고창군,신림면,논벼,,35.4848072,126.7014853,NCPMS 공식 조사지점·예찰망 위치,아니오,농가명·소유자 위치가 아니라 공식 조사망의 대표 관측 위치입니다.,3271,data/processed/ncpms_survey_sites_normalized.csv
NCPMS-35.9202722-127.0996583-논벼,전라북도,완주군,삼례읍,논벼,,35.9202722,127.0996583,NCPMS 공식 조사지점·예찰망 위치,아니오,농가명·소유자 위치가 아니라 공식 조사망의 대표 관측 위치입니다.,3278,data/processed/ncpms_survey_sites_normalized.csv
NCPMS-35.7483062-127.4252813-논벼,전라북도,진안군,진안읍,논벼,,35.7483062,127.4252813,NCPMS 공식 조사지점·예찰망 위치,아니오,농가명·소유자 위치가 아니라 공식 조사망의 대표 관측 위치입니다.,3284,data/processed/ncpms_survey_sites_normalized.csv
NCPMS-36.8141289-127.7783106-논벼,충청북도,괴산군,괴산읍,논벼,,36.8141289,127.7783106,NCPMS 공식 조사지점·예찰망 위치,아니오,농가명·소유자 위치가 아니라 공식 조사망의 대표 관측 위치입니다.,3298,data/processed/ncpms_survey_sites_normalized.csv
NCPMS-37.8527778-128.8505556-논벼,강원도,강릉시,연곡면,논벼,,37.8527778,128.8505556,NCPMS 공식 조사지점·예찰망 위치,아니오,농가명·소유자 위치가 아니라 공식 조사망의 대표 관측 위치입니다.,3309,data/processed/ncpms_survey_sites_normalized.csv
NCPMS-37.3844444-129.2166667-논벼,강원도,삼척시,근덕면,논벼,,37.3844444,129.2166667,NCPMS 공식 조사지점·예찰망 위치,아니오,농가명·소유자 위치가 아니라 공식 조사망의 대표 관측 위치입니다.,3311,data/processed/ncpms_survey_sites_normalized.csv
NCPMS-37.6865020-126.6274787-논벼,경기도,김포시,통진읍,논벼,,37.686502,126.6274787,NCPMS 공식 조사지점·예찰망 위치,아니오,농가명·소유자 위치가 아니라 공식 조사망의 대표 관측 위치입니다.,3324,data/processed/ncpms_survey_sites_normalized.csv
NCPMS-37.1918702-127.2974750-논벼,경기도,용인시,원삼면,논벼,,37.1918702,127.297475,NCPMS 공식 조사지점·예찰망 위치,아니오,농가명·소유자 위치가 아니라 공식 조사망의 대표 관측 위치입니다.,3332,data/processed/ncpms_survey_sites_normalized.csv
NCPMS-35.6780153-127.9227872-논벼,경상남도,거창군,거창읍,논벼,,35.6780153,127.9227872,NCPMS 공식 조사지점·예찰망 위치,아니오,농가명·소유자 위치가 아니라 공식 조사망의 대표 관측 위치입니다.,3341,data/processed/ncpms_survey_sites_normalized.csv
NCPMS-35.3400000-128.0700000-논벼,경상남도,창원시,대산면,논벼,,35.34,128.07,NCPMS 공식 조사지점·예찰망 위치,아니오,농가명·소유자 위치가 아니라 공식 조사망의 대표 관측 위치입니다.,3348,data/processed/ncpms_survey_sites_normalized.csv
NCPMS-36.4318573-127.3868953-논벼,대전광역시,유성구,구즉동,논벼,,36.4318573,127.3868953,NCPMS 공식 조사지점·예찰망 위치,아니오,농가명·소유자 위치가 아니라 공식 조사망의 대표 관측 위치입니다.,3373,data/processed/ncpms_survey_sites_normalized.csv
NCPMS-35.4846972-126.7013139-논벼,전라북도,고창군,신림면,논벼,,35.4846972,126.7013139,NCPMS 공식 조사지점·예찰망 위치,아니오,농가명·소유자 위치가 아니라 공식 조사망의 대표 관측 위치입니다.,3400,data/processed/ncpms_survey_sites_normalized.csv
NCPMS-36.8141034-127.7786964-논벼,충청북도,괴산군,괴산읍,논벼,,36.8141034,127.7786964,NCPMS 공식 조사지점·예찰망 위치,아니오,농가명·소유자 위치가 아니라 공식 조사망의 대표 관측 위치입니다.,3428,data/processed/ncpms_survey_sites_normalized.csv
NCPMS-37.8554444-128.8486191-논벼,강원도,강릉시,연곡면,논벼,,37.8554444,128.8486191,NCPMS 공식 조사지점·예찰망 위치,아니오,농가명·소유자 위치가 아니라 공식 조사망의 대표 관측 위치입니다.,3438,data/processed/ncpms_survey_sites_normalized.csv
NCPMS-37.3844790-129.2303514-논벼,강원도,삼척시,근덕면,논벼,,37.384479,129.2303514,NCPMS 공식 조사지점·예찰망 위치,아니오,농가명·소유자 위치가 아니라 공식 조사망의 대표 관측 위치입니다.,3441,data/processed/ncpms_survey_sites_normalized.csv
NCPMS-37.6227143-126.5707041-논벼,경기도,김포시,대곶면,논벼,,37.6227143,126.5707041,NCPMS 공식 조사지점·예찰망 위치,아니오,농가명·소유자 위치가 아니라 공식 조사망의 대표 관측 위치입니다.,3455,data/processed/ncpms_survey_sites_normalized.csv
NCPMS-35.3924152-127.9026295-논벼,경상남도,산청군,산청읍,논벼,,35.3924152,127.9026295,NCPMS 공식 조사지점·예찰망 위치,아니오,농가명·소유자 위치가 아니라 공식 조사망의 대표 관측 위치입니다.,3477,data/processed/ncpms_survey_sites_normalized.csv
NCPMS-35.2379900-128.6923532-논벼,경상남도,창원시,봉림동,논벼,,35.23799,128.6923532,NCPMS 공식 조사지점·예찰망 위치,아니오,농가명·소유자 위치가 아니라 공식 조사망의 대표 관측 위치입니다.,3482,data/processed/ncpms_survey_sites_normalized.csv
NCPMS-35.5504717-128.1113692-논벼,경상남도,합천군,합천읍,논벼,,35.5504717,128.1113692,NCPMS 공식 조사지점·예찰망 위치,아니오,농가명·소유자 위치가 아니라 공식 조사망의 대표 관측 위치입니다.,3486,data/processed/ncpms_survey_sites_normalized.csv
NCPMS-36.2835923-127.2554679-논벼,대전광역시,유성구,진잠동,논벼,,36.2835923,127.2554679,NCPMS 공식 조사지점·예찰망 위치,아니오,농가명·소유자 위치가 아니라 공식 조사망의 대표 관측 위치입니다.,3507,data/processed/ncpms_survey_sites_normalized.csv
NCPMS-36.5876298-127.5037547-논벼,충청북도,청원구,,논벼,,36.5876298,127.5037547,NCPMS 공식 조사지점·예찰망 위치,아니오,농가명·소유자 위치가 아니라 공식 조사망의 대표 관측 위치입니다.,3568,data/processed/ncpms_survey_sites_normalized.csv
NCPMS-37.3049829-127.5098493-논벼,경기도,이천시,부발읍,논벼,,37.3049829,127.5098493,NCPMS 공식 조사지점·예찰망 위치,아니오,농가명·소유자 위치가 아니라 공식 조사망의 대표 관측 위치입니다.,3597,data/processed/ncpms_survey_sites_normalized.csv
NCPMS-34.8820621-128.6185321-논벼,경상남도,거제시,고현동,논벼,,34.8820621,128.6185321,NCPMS 공식 조사지점·예찰망 위치,아니오,농가명·소유자 위치가 아니라 공식 조사망의 대표 관측 위치입니다.,3604,data/processed/ncpms_survey_sites_normalized.csv
NCPMS-34.6702493-126.9103531-논벼,전라남도,장흥군,장흥읍,논벼,,34.6702493,126.9103531,NCPMS 공식 조사지점·예찰망 위치,아니오,농가명·소유자 위치가 아니라 공식 조사망의 대표 관측 위치입니다.,3665,data/processed/ncpms_survey_sites_normalized.csv
NCPMS-36.8247223-127.7691870-논벼,충청북도,괴산군,소수면,논벼,,36.8247223,127.769187,NCPMS 공식 조사지점·예찰망 위치,아니오,농가명·소유자 위치가 아니라 공식 조사망의 대표 관측 위치입니다.,3701,data/processed/ncpms_survey_sites_normalized.csv
NCPMS-36.5873884-127.5037219-논벼,충청북도,청원구,,논벼,,36.5873884,127.5037219,NCPMS 공식 조사지점·예찰망 위치,아니오,농가명·소유자 위치가 아니라 공식 조사망의 대표 관측 위치입니다.,3710,data/processed/ncpms_survey_sites_normalized.csv
NCPMS-37.8553451-128.8486234-논벼,강원도,강릉시,연곡면,논벼,,37.8553451,128.8486234,NCPMS 공식 조사지점·예찰망 위치,아니오,농가명·소유자 위치가 아니라 공식 조사망의 대표 관측 위치입니다.,3712,data/processed/ncpms_survey_sites_normalized.csv
NCPMS-37.2366702-128.4257376-논벼,강원도,영월군,북면,논벼,,37.2366702,128.4257376,NCPMS 공식 조사지점·예찰망 위치,아니오,농가명·소유자 위치가 아니라 공식 조사망의 대표 관측 위치입니다.,3717,data/processed/ncpms_survey_sites_normalized.csv
NCPMS-34.8250588-127.8872438-논벼,경상남도,남해군,남해읍,논벼,,34.8250588,127.8872438,NCPMS 공식 조사지점·예찰망 위치,아니오,농가명·소유자 위치가 아니라 공식 조사망의 대표 관측 위치입니다.,3749,data/processed/ncpms_survey_sites_normalized.csv
NCPMS-36.0434471-128.9823616-논벼,경상북도,영천시,임고면,논벼,,36.0434471,128.9823616,NCPMS 공식 조사지점·예찰망 위치,아니오,농가명·소유자 위치가 아니라 공식 조사망의 대표 관측 위치입니다.,3776,data/processed/ncpms_survey_sites_normalized.csv
NCPMS-34.6443304-126.7916526-논벼,전라남도,강진군,군동면,논벼,,34.6443304,126.7916526,NCPMS 공식 조사지점·예찰망 위치,아니오,농가명·소유자 위치가 아니라 공식 조사망의 대표 관측 위치입니다.,3792,data/processed/ncpms_survey_sites_normalized.csv
NCPMS-35.3112540-126.9730199-논벼,전라남도,담양군,담양읍,논벼,,35.311254,126.9730199,NCPMS 공식 조사지점·예찰망 위치,아니오,농가명·소유자 위치가 아니라 공식 조사망의 대표 관측 위치입니다.,3799,data/processed/ncpms_survey_sites_normalized.csv
NCPMS-34.6701664-126.9104754-논벼,전라남도,장흥군,장흥읍,논벼,,34.6701664,126.9104754,NCPMS 공식 조사지점·예찰망 위치,아니오,농가명·소유자 위치가 아니라 공식 조사망의 대표 관측 위치입니다.,3809,data/processed/ncpms_survey_sites_normalized.csv
NCPMS-36.9612283-127.1326703-논벼,충청남도,천안시,성환읍,논벼,,36.9612283,127.1326703,NCPMS 공식 조사지점·예찰망 위치,아니오,농가명·소유자 위치가 아니라 공식 조사망의 대표 관측 위치입니다.,3842,data/processed/ncpms_survey_sites_normalized.csv
NCPMS-36.5413209-127.5059100-논벼,충청북도,청원구,,논벼,,36.5413209,127.50591,NCPMS 공식 조사지점·예찰망 위치,아니오,농가명·소유자 위치가 아니라 공식 조사망의 대표 관측 위치입니다.,3855,data/processed/ncpms_survey_sites_normalized.csv
NCPMS-38.0888889-128.6477778-논벼,강원도,양양군,손양면,논벼,,38.0888889,128.6477778,NCPMS 공식 조사지점·예찰망 위치,아니오,농가명·소유자 위치가 아니라 공식 조사망의 대표 관측 위치입니다.,3862,data/processed/ncpms_survey_sites_normalized.csv
NCPMS-37.1980556-128.4072222-논벼,강원도,영월군,남면,논벼,,37.1980556,128.4072222,NCPMS 공식 조사지점·예찰망 위치,아니오,농가명·소유자 위치가 아니라 공식 조사망의 대표 관측 위치입니다.,3863,data/processed/ncpms_survey_sites_normalized.csv
NCPMS-37.8467994-127.4992818-논벼,경기도,가평군,가평읍,논벼,,37.8467994,127.4992818,NCPMS 공식 조사지점·예찰망 위치,아니오,농가명·소유자 위치가 아니라 공식 조사망의 대표 관측 위치입니다.,3873,data/processed/ncpms_survey_sites_normalized.csv
NCPMS-37.1684666-126.9977520-논벼,경기도,화성시,정남면,논벼,,37.1684666,126.997752,NCPMS 공식 조사지점·예찰망 위치,아니오,농가명·소유자 위치가 아니라 공식 조사망의 대표 관측 위치입니다.,3888,data/processed/ncpms_survey_sites_normalized.csv
NCPMS-35.2401297-128.6465824-논벼,경상남도,창원시,명곡동,논벼,,35.2401297,128.6465824,NCPMS 공식 조사지점·예찰망 위치,아니오,농가명·소유자 위치가 아니라 공식 조사망의 대표 관측 위치입니다.,3900,data/processed/ncpms_survey_sites_normalized.csv
NCPMS-36.4529632-128.1673775-논벼,경상북도,상주시,북문동,논벼,,36.4529632,128.1673775,NCPMS 공식 조사지점·예찰망 위치,아니오,농가명·소유자 위치가 아니라 공식 조사망의 대표 관측 위치입니다.,3913,data/processed/ncpms_survey_sites_normalized.csv
NCPMS-36.5488089-128.7840299-논벼,경상북도,안동시,용상동,논벼,,36.5488089,128.7840299,NCPMS 공식 조사지점·예찰망 위치,아니오,농가명·소유자 위치가 아니라 공식 조사망의 대표 관측 위치입니다.,3915,data/processed/ncpms_survey_sites_normalized.csv
NCPMS-35.2131006-128.9865773-논벼,부산광역시,강서구,대저1동,논벼,,35.2131006,128.9865773,NCPMS 공식 조사지점·예찰망 위치,아니오,농가명·소유자 위치가 아니라 공식 조사망의 대표 관측 위치입니다.,3931,data/processed/ncpms_survey_sites_normalized.csv
NCPMS-37.7056941-126.4497760-논벼,인천광역시,강화군,불은면,논벼,,37.7056941,126.449776,NCPMS 공식 조사지점·예찰망 위치,아니오,농가명·소유자 위치가 아니라 공식 조사망의 대표 관측 위치입니다.,3933,data/processed/ncpms_survey_sites_normalized.csv
NCPMS-34.6403371-126.7504247-논벼,전라남도,강진군,강진읍,논벼,,34.6403371,126.7504247,NCPMS 공식 조사지점·예찰망 위치,아니오,농가명·소유자 위치가 아니라 공식 조사망의 대표 관측 위치입니다.,3936,data/processed/ncpms_survey_sites_normalized.csv
NCPMS-34.9519548-127.5981049-논벼,전라남도,광양시,광양읍,논벼,,34.9519548,127.5981049,NCPMS 공식 조사지점·예찰망 위치,아니오,농가명·소유자 위치가 아니라 공식 조사망의 대표 관측 위치입니다.,3939,data/processed/ncpms_survey_sites_normalized.csv
NCPMS-34.9768564-128.3161079-논벼,경상남도,고성군,고성읍,논벼,,34.9768564,128.3161079,NCPMS 공식 조사지점·예찰망 위치,아니오,농가명·소유자 위치가 아니라 공식 조사망의 대표 관측 위치입니다.,4032,data/processed/ncpms_survey_sites_normalized.csv
NCPMS-35.4155786-127.8734037-논벼,경상남도,산청군,산청읍,논벼,,35.4155786,127.8734037,NCPMS 공식 조사지점·예찰망 위치,아니오,농가명·소유자 위치가 아니라 공식 조사망의 대표 관측 위치입니다.,4036,data/processed/ncpms_survey_sites_normalized.csv
NCPMS-35.3244418-129.0339866-논벼,경상남도,양산시,동면,논벼,,35.3244418,129.0339866,NCPMS 공식 조사지점·예찰망 위치,아니오,농가명·소유자 위치가 아니라 공식 조사망의 대표 관측 위치입니다.,4037,data/processed/ncpms_survey_sites_normalized.csv
NCPMS-36.6171796-127.4218986-논벼,충청북도,청주시,강서2동,논벼,,36.6171796,127.4218986,NCPMS 공식 조사지점·예찰망 위치,아니오,농가명·소유자 위치가 아니라 공식 조사망의 대표 관측 위치입니다.,4135,data/processed/ncpms_survey_sites_normalized.csv
NCPMS-37.2501209-126.9633361-논벼,경기도,수원시,평동,논벼,,37.2501209,126.9633361,NCPMS 공식 조사지점·예찰망 위치,아니오,농가명·소유자 위치가 아니라 공식 조사망의 대표 관측 위치입니다.,4296,data/processed/ncpms_survey_sites_normalized.csv
NCPMS-37.3779732-128.3957703-논벼,강원도,평창군,평창읍,논벼,,37.3779732,128.3957703,NCPMS 공식 조사지점·예찰망 위치,아니오,농가명·소유자 위치가 아니라 공식 조사망의 대표 관측 위치입니다.,4426,data/processed/ncpms_survey_sites_normalized.csv
NCPMS-37.5054093-126.8165495-논벼,경기도,부천시,춘의동,논벼,,37.5054093,126.8165495,NCPMS 공식 조사지점·예찰망 위치,아니오,농가명·소유자 위치가 아니라 공식 조사망의 대표 관측 위치입니다.,4726,data/processed/ncpms_survey_sites_normalized.csv
NCPMS-37.7288283-127.0772912-논벼,경기도,의정부시,송산1동,논벼,,37.7288283,127.0772912,NCPMS 공식 조사지점·예찰망 위치,아니오,농가명·소유자 위치가 아니라 공식 조사망의 대표 관측 위치입니다.,5735,data/processed/ncpms_survey_sites_normalized.csv
NCPMS-35.2098709-128.1017249-논벼,경상남도,진주시,초장동,논벼,,35.2098709,128.1017249,NCPMS 공식 조사지점·예찰망 위치,아니오,농가명·소유자 위치가 아니라 공식 조사망의 대표 관측 위치입니다.,6489,data/processed/ncpms_survey_sites_normalized.csv
NCPMS-37.3520925-126.9820679-논벼,경기도,의왕시,오전동,논벼,,37.3520925,126.9820679,NCPMS 공식 조사지점·예찰망 위치,아니오,농가명·소유자 위치가 아니라 공식 조사망의 대표 관측 위치입니다.,6761,data/processed/ncpms_survey_sites_normalized.csv
NCPMS-37.3904316-126.9258219-논벼,경기도,안양시,안양6동,논벼,,37.3904316,126.9258219,NCPMS 공식 조사지점·예찰망 위치,아니오,농가명·소유자 위치가 아니라 공식 조사망의 대표 관측 위치입니다.,7340,data/processed/ncpms_survey_sites_normalized.csv
NCPMS-35.9615425-126.7815319-논벼,전라북도,군산시,개정면,논벼,,35.9615425,126.7815319,NCPMS 공식 조사지점·예찰망 위치,아니오,농가명·소유자 위치가 아니라 공식 조사망의 대표 관측 위치입니다.,7405,data/processed/ncpms_survey_sites_normalized.csv
NCPMS-36.0404134-126.9583422-논벼,전라북도,익산시,함열읍,논벼,,36.0404134,126.9583422,NCPMS 공식 조사지점·예찰망 위치,아니오,농가명·소유자 위치가 아니라 공식 조사망의 대표 관측 위치입니다.,7411,data/processed/ncpms_survey_sites_normalized.csv
NCPMS-33.4580502-126.4039687-논벼,제주도,제주시,애월읍,논벼,,33.4580502,126.4039687,NCPMS 공식 조사지점·예찰망 위치,아니오,농가명·소유자 위치가 아니라 공식 조사망의 대표 관측 위치입니다.,7418,data/processed/ncpms_survey_sites_normalized.csv
NCPMS-36.9502674-127.8972131-논벼,충청북도,충주시,달천동,논벼,,36.9502674,127.8972131,NCPMS 공식 조사지점·예찰망 위치,아니오,농가명·소유자 위치가 아니라 공식 조사망의 대표 관측 위치입니다.,7439,data/processed/ncpms_survey_sites_normalized.csv
